
MetaMDBG 1.2

Checking dependencies: minimap2


minimap2 -v 0 -x map-hifi /var/folders/zg/vq0dnx517c54hg87dyqjky740000gn/T/.tmpwTqywI/tmp//testDependencies.fasta /var/folders/zg/vq0dnx517c54hg87dyqjky740000gn/T/.tmpwTqywI/tmp//testDependencies.fasta -o /var/folders/zg/vq0dnx517c54hg87dyqjky740000gn/T/.tmpwTqywI/tmp//testDependencies_minimap.paf
ok

Output dir:              /var/folders/zg/vq0dnx517c54hg87dyqjky740000gn/T/.tmpwTqywI
Minimizer length:        15
Min k-min-mer abundance: 0
Density correction:      0.025
Density assembly:        0.005
Min read quality:        0
Min read overlap length: 1000
Min read identity:       0.96
Contig Derep threshold:  0.99
Homopolymer compression: 0
Read correction:         1

Converting reads to minimizers


metaMDBG readSelection /var/folders/zg/vq0dnx517c54hg87dyqjky740000gn/T/.tmpwTqywI/tmp/ /var/folders/zg/vq0dnx517c54hg87dyqjky740000gn/T/.tmpwTqywI/tmp//read_data_init.txt /var/folders/zg/vq0dnx517c54hg87dyqjky740000gn/T/.tmpwTqywI/tmp//input.txt --threads 10 --min-read-quality 0.000000 --output-quality

Input filename: /var/folders/zg/vq0dnx517c54hg87dyqjky740000gn/T/.tmpwTqywI/tmp//input.txt
Input dir: /var/folders/zg/vq0dnx517c54hg87dyqjky740000gn/T/.tmpwTqywI/tmp/
Min read quality: 0
Minimizer length: 15
Kminmer length: 4
Density: 0.025

Collecting repetitive minimizers
	Parsing file: /Users/mschul/Downloads/sample01/sample01_autocycler/porechop_output_sample01/subsampled_reads/sample_03.fastq
0
	Parsing file done (nb reads: 21807)
Nb minimizers: 540026
Top 1000 repetitive minimizers:
	0	200674404500338137	1911
	1	310612582662316624	477
	2	426031741198032911	435
	3	354479218752146524	434
	4	74000708096080470	368
	5	87884089835739256	342
	6	395558716000721925	250
	7	410300431011852796	248
	8	152705897178961409	247
	9	196951025728867981	243
	10	318268085688400246	234
	11	387227473312555990	214
	12	127877448689285016	213
	13	435803489765938598	211
	14	114461725769836351	202
	15	310751134635568052	192
	16	282275202642698773	191
	17	133998798284183014	190
	18	112962020442871828	187
	19	279400172010196800	185
	20	398204361735465697	179
	21	369698405588983607	178
	22	315265612063503758	175
	23	426620577227494787	173
	24	441902959033122815	171
	25	293516479341577910	169
	26	45896773932858947	161
	27	281072739451220702	161
	28	357440285828398089	159
	29	325776848230015949	159
	30	420561066568898587	159
	31	361615466139777158	149
	32	383543299323446076	143
	33	340110913682603883	138
	34	65944181381572977	138
	35	131439312686540049	137
	36	453294361571171643	134
	37	396696532500440802	133
	38	214979285376949073	133
	39	217897200632192335	131
	40	34835452940001790	130
	41	133708916275415960	130
	42	398601327802380149	129
	43	385532568686233924	129
	44	273117598384322512	129
	45	80183922105000988	128
	46	405379553203928134	128
	47	69435486880335744	128
	48	299905741098321910	128
	49	341701689132342283	127
	50	248059518041192602	127
	51	152513107099144852	127
	52	306666018432152893	126
	53	357642166806978275	126
	54	233121599613752694	125
	55	267213868965479711	125
	56	98286427698639366	125
	57	55716994440170599	125
	58	375601248265750645	124
	59	410062805304158162	124
	60	12279558359527838	123
	61	21731143382916265	123
	62	236264863273510281	123
	63	405764776136872430	123
	64	222164293691491721	123
	65	217057051226629409	122
	66	128874328660930194	122
	67	397003486693255033	122
	68	150329900323031783	122
	69	224022117044508950	122
	70	291974452738375900	121
	71	192239992716104949	121
	72	298065912735038518	121
	73	20124587320076688	121
	74	342367914372836986	121
	75	344024674616915149	121
	76	256290910735244063	120
	77	36513903463332660	120
	78	164017661098396008	120
	79	69682030338688093	120
	80	92796875980510814	120
	81	141182889601616680	120
	82	176604906822910719	120
	83	282205210455383777	119
	84	42133430222292553	119
	85	205480063841777418	119
	86	425364139618248944	119
	87	19552209429379111	118
	88	125493818675407751	118
	89	44590095572070086	118
	90	162568044135584032	118
	91	49737837528364673	118
	92	31545202382085738	118
	93	357250250540104659	117
	94	218184423453881158	117
	95	123245910707095796	117
	96	46816281002483159	117
	97	313102550795482714	117
	98	114434025021941872	117
	99	287045057842463404	117
	100	350900544604955136	116
	101	430753051374466336	116
	102	137391343367680304	116
	103	40616590488031621	116
	104	46428400787565966	115
	105	72859826575500842	115
	106	420744285175038776	115
	107	130497339876132809	115
	108	452625236226624803	115
	109	77258489765497509	115
	110	435762226593379824	115
	111	178644189966385041	115
	112	11873889087120186	114
	113	217680495630290163	114
	114	341001787727505508	114
	115	460969438893206957	114
	116	134132988282802138	114
	117	455971234545888468	114
	118	160755657838419760	114
	119	214224004585518048	113
	120	202921590687581244	113
	121	77811109223042182	113
	122	4714613186586445	113
	123	416774708378871597	112
	124	84519929401587117	112
	125	229347190953059196	112
	126	4972020450435489	112
	127	164570105817297369	112
	128	890273448321923	112
	129	142506171542649562	112
	130	153757755929081407	111
	131	88546078224180244	111
	132	104954633294958228	110
	133	50069670844255044	110
	134	33853218589511473	110
	135	250245281068146094	110
	136	124217359824216578	110
	137	358091723219760373	110
	138	313246128935320180	109
	139	186188230251703194	109
	140	233751431890120531	109
	141	111981518732368731	109
	142	285058609001402041	108
	143	353028554895084710	108
	144	42592701069560723	108
	145	130465363027925847	108
	146	178252241701976497	107
	147	431487881080885088	107
	148	118145103121283100	106
	149	324724323902370781	106
	150	59441605166308888	106
	151	275586537149220974	106
	152	106034982088928649	106
	153	75237636478493090	106
	154	460319469718453506	106
	155	134608694266105726	105
	156	110761457300990891	105
	157	162939254738724015	105
	158	427143059020080411	105
	159	235789604920884622	105
	160	439438956021049104	105
	161	424754113556283945	105
	162	152828191065923843	105
	163	234574451443043363	104
	164	454993755651693503	104
	165	327916118189660399	104
	166	358940086612628104	104
	167	273166266705276825	103
	168	295774967863571912	103
	169	51256394710054181	103
	170	113381835907073295	103
	171	235708948700918501	102
	172	389986847163024964	102
	173	312745663493724818	102
	174	55798008923345693	102
	175	76877580238138530	102
	176	153062961750797157	102
	177	46966940251087820	102
	178	257627709627314237	102
	179	355494706067025742	101
	180	68708469523629470	101
	181	29500971208220911	101
	182	306167559037224054	101
	183	163338058817575180	101
	184	201178475845746433	101
	185	166699904536179821	100
	186	8122056135655461	100
	187	274628767227166449	100
	188	115233992068818866	100
	189	179195125713399691	100
	190	385570752001798111	100
	191	60038872804809966	100
	192	61627522301309833	100
	193	178607490311984881	100
	194	244601058115186434	99
	195	85191844491722850	99
	196	221039981199384384	99
	197	250871832060195753	99
	198	321147090039357640	99
	199	31140375570472411	99
	200	424295339914875130	99
	201	292455777223336434	99
	202	402303335764161400	99
	203	40239984567802174	98
	204	227671470154638905	98
	205	177169619148398556	98
	206	175451000290185132	98
	207	277056007052114302	98
	208	34965232927779810	98
	209	247918452936592517	98
	210	70798067229854640	98
	211	93747244403160738	98
	212	241404998866900140	98
	213	124232029249694048	97
	214	304102698310246554	97
	215	389570320306776895	97
	216	340279911448234766	97
	217	29384481722684086	97
	218	141536731844062462	97
	219	338697752397887524	97
	220	440722796543788285	97
	221	414960779607946887	97
	222	106014325791734460	97
	223	114661195152297259	97
	224	138934486303376705	96
	225	151691870524838898	96
	226	311756024918120600	96
	227	264950944892484048	96
	228	172789373523789756	96
	229	124571931945717185	96
	230	77895026324068004	96
	231	142891124921090404	96
	232	5617387602250724	96
	233	459232053129156003	95
	234	152451599971987934	95
	235	26327593847086679	95
	236	361151752366132438	95
	237	51457851144932481	95
	238	214684871952433360	95
	239	109732281600680776	95
	240	353927096488927265	95
	241	14569409485779743	95
	242	233339880306615218	94
	243	379050230883743479	94
	244	223642033837181430	94
	245	100054561508110014	94
	246	421178298959252982	94
	247	156909682911115748	94
	248	403037080567846819	94
	249	64961980017600105	93
	250	425980434910841318	93
	251	441643218909193041	93
	252	123706884365997007	93
	253	460096428297509584	93
	254	26293237550202408	93
	255	412938736027044785	93
	256	406171560244508777	93
	257	185615554162746368	93
	258	53871386863386052	93
	259	305001179390979341	93
	260	106329325711807622	93
	261	211889946010250368	93
	262	247175546812248343	93
	263	131149922937123420	93
	264	262056389262680481	92
	265	126498383177127760	92
	266	249546767866555152	92
	267	154827342056073647	92
	268	231135600725834848	92
	269	44930389891701463	92
	270	212683255022986566	92
	271	69843888033762980	92
	272	60365888067235775	92
	273	129985302753174001	92
	274	130809013089890318	91
	275	331964096913311074	91
	276	130241299188608903	91
	277	308572816244422646	91
	278	213690002568385139	91
	279	231152918563676757	91
	280	170597571787297304	91
	281	384704716248772282	90
	282	45020425522439020	90
	283	161666080716302046	90
	284	49466503563964570	90
	285	81442668226512451	90
	286	116941277764099904	90
	287	301679212453844857	90
	288	230561284744270585	90
	289	28478538325191128	90
	290	52680295128415416	90
	291	456976975496142765	90
	292	179614863990184059	90
	293	302490763071447279	90
	294	18414963791631321	90
	295	240973278969117163	90
	296	217545653479412713	90
	297	230696098766817461	90
	298	336693433797603233	89
	299	457137399168309702	89
	300	346592064040334055	89
	301	82469085145625865	89
	302	170263386762184852	89
	303	61053675111928421	89
	304	446445058252600914	89
	305	18202131328010757	89
	306	454369590296879338	88
	307	435842519610386387	88
	308	349999201480314963	88
	309	202202134389032357	88
	310	456745335781739849	88
	311	249024331972076133	88
	312	188236891838520170	88
	313	304056513235066787	88
	314	259566120059904731	88
	315	251525308695306545	88
	316	348291228684844628	88
	317	413909468928193262	88
	318	54009437912215335	88
	319	60311316786660022	88
	320	186524265044383031	88
	321	419026833294889821	88
	322	44579433053368787	88
	323	287693865942559628	87
	324	99702296722601289	87
	325	417776530478100782	87
	326	200254189378317900	87
	327	115827689524991307	87
	328	110563361062305376	87
	329	170993880697912340	87
	330	134224196153971145	87
	331	262320508414400938	87
	332	188627933107407244	87
	333	115957158102151111	87
	334	167218586228605892	87
	335	438961596004658625	87
	336	255081797184012750	87
	337	11451445895269517	86
	338	244910331648336013	86
	339	193718579349164168	86
	340	423735373211788573	86
	341	310370553304353766	86
	342	456508560691691918	86
	343	224448472024721110	86
	344	6731544611882399	86
	345	70207692718516488	86
	346	128548907626467098	86
	347	292701653462655412	86
	348	343793115563089525	86
	349	886637187448394	86
	350	48346667246273992	86
	351	12074442027269857	86
	352	25499048784246510	86
	353	268824318965690544	86
	354	362036203373167720	86
	355	74643321652172183	86
	356	356211774114720448	86
	357	32957515564069587	86
	358	179479188718646134	86
	359	397135500490726110	86
	360	430894916777683364	85
	361	419981521992215960	85
	362	99728969869986710	85
	363	422459483140642116	85
	364	372785386894214750	85
	365	57228701269771657	85
	366	93905004234919704	85
	367	439758035769265423	85
	368	374463042489682364	85
	369	414578265847796452	85
	370	144839598781471190	85
	371	195674214821309894	85
	372	3037364230126582	85
	373	158311066371804269	85
	374	67741422536793923	85
	375	138894478976347779	85
	376	99104365033577136	85
	377	223682141112750664	85
	378	264765882770550513	84
	379	139017196550488854	84
	380	37580574762627911	84
	381	253640256147835026	84
	382	449502977008901698	84
	383	436539969191361573	84
	384	12403993831686630	84
	385	99940696532893429	84
	386	29070259983256023	84
	387	278371356771617817	84
	388	445422272030627261	84
	389	147694135477871960	84
	390	24758772396390096	84
	391	47362813973429616	84
	392	280646173865834978	84
	393	89281061941604445	84
	394	274387040306646157	84
	395	428931516879857108	84
	396	305964885731362423	84
	397	233886795081560326	84
	398	266579664656002237	84
	399	447242228485615993	84
	400	140402920993094701	83
	401	179746360735420847	83
	402	137652181249418058	83
	403	238983968744785083	83
	404	55784089933569092	83
	405	135231025194226401	83
	406	23469861884985651	83
	407	6549622972423649	83
	408	150462155160175407	83
	409	33303577241595953	83
	410	194307564037551675	83
	411	137944526879196094	83
	412	223538317662624857	83
	413	270163649072262930	83
	414	9108790709293027	83
	415	436589891742282203	83
	416	75295478242967065	83
	417	170381479939755701	83
	418	228846224627715437	83
	419	101439824815021447	83
	420	244128788438319322	83
	421	117422926872678088	83
	422	390730415164431811	82
	423	383707085592010403	82
	424	445973359968516697	82
	425	313075838360049303	82
	426	143121154124093781	82
	427	453957322297855235	82
	428	343365011049394306	82
	429	284122312888269377	82
	430	372954661944461844	82
	431	408708701169276359	82
	432	79399476397027051	82
	433	316621113549093104	82
	434	327453163981065757	82
	435	77127177224282260	82
	436	445100025322275844	82
	437	449807979673852969	82
	438	240607269244040683	82
	439	273869559726817425	82
	440	125515068559147844	82
	441	94711006838317463	82
	442	138608529798140164	82
	443	257738247190841151	82
	444	244761086063674539	82
	445	54081081273054449	82
	446	384982882105912162	82
	447	41112850960641168	82
	448	269528882266061669	82
	449	358305428714271694	82
	450	175221488439012568	81
	451	237660792790352621	81
	452	449771280451758104	81
	453	35848666970908476	81
	454	67014287135954880	81
	455	417081375783449659	81
	456	451714157964837525	81
	457	404562533012984807	81
	458	236060722281008278	81
	459	357856475354347361	81
	460	259849187098467000	81
	461	338227767221919621	81
	462	105611556338640381	81
	463	302807516821124863	81
	464	226001725308358984	81
	465	454679623836746128	81
	466	448029949411156814	81
	467	343099134023471132	81
	468	185964242211716858	81
	469	379929425069713422	81
	470	369027261046799223	81
	471	415081055235185754	80
	472	455291882890667346	80
	473	28217851464714046	80
	474	179866703268777492	80
	475	91406341392072337	80
	476	394695489734840162	80
	477	2120801969964380	80
	478	416528855242434835	80
	479	105115342634971584	80
	480	443732126151497099	80
	481	428931487900584157	80
	482	66277690480921041	80
	483	230881907643768537	80
	484	14918842007805447	80
	485	279630248992046730	80
	486	202635440671500684	80
	487	64834446388223203	80
	488	224830502864536307	80
	489	134433414254413509	80
	490	385949217265557270	79
	491	124843807007400220	79
	492	401132494599104992	79
	493	350188836293943620	79
	494	163471166268966558	79
	495	93390669993825618	79
	496	391094159647170502	79
	497	164743551538243332	79
	498	65085815567524708	79
	499	178899256190423122	79
	500	446903994444824688	79
	501	157262946279094007	79
	502	49463053745264537	79
	503	296254331358006772	79
	504	343934964989314353	79
	505	194497975660661939	79
	506	293456889500424430	79
	507	297630529501008744	79
	508	458898114915028755	79
	509	48575019053701061	79
	510	44466519072673004	79
	511	371220937173764332	79
	512	236135453907052097	79
	513	223501304828492316	79
	514	192517854061094760	79
	515	412772759201049574	79
	516	294217235759845750	79
	517	246857601513894315	79
	518	169794359647167159	79
	519	15340370123138449	79
	520	391557824446427062	79
	521	49694181878235	79
	522	278302176159980811	78
	523	266350580741930119	78
	524	332529406829017576	78
	525	198735035878797549	78
	526	216942261220806251	78
	527	371549024032345049	78
	528	79159604603220162	78
	529	117622726358707632	78
	530	10738571983385880	78
	531	325815711390140258	78
	532	366152204733178613	78
	533	74077657762990213	78
	534	322302462443231660	78
	535	367416148424156516	78
	536	288500185029839639	78
	537	364997138899306417	78
	538	407955393751065496	78
	539	64809350342880296	78
	540	283319360560914211	78
	541	110510341461542148	78
	542	226170484204399690	78
	543	48533226671321731	78
	544	57891051714569800	78
	545	92547359575120029	78
	546	261255515141939178	78
	547	33167306408173436	77
	548	450348184265136371	77
	549	336934560702326068	77
	550	67044782741263154	77
	551	111074673818815228	77
	552	120812897508043825	77
	553	90231814597326962	77
	554	322936121514812851	77
	555	420996923098706631	77
	556	197138925831992530	77
	557	410045000953096312	77
	558	332826333573715037	77
	559	202045936392339297	77
	560	168169526804495707	77
	561	346860260766701916	77
	562	322804320367080843	77
	563	122779307600508499	77
	564	239153707411469147	77
	565	361390319821835073	77
	566	190188115114113613	77
	567	391498973503800003	77
	568	114814727410035402	77
	569	91861988398388627	77
	570	236542598078655547	77
	571	153204638818663407	77
	572	348917404093385869	77
	573	46658501991234024	77
	574	440625032310691795	76
	575	209698281722206490	76
	576	388994845044750688	76
	577	377508759388505011	76
	578	189276863943155093	76
	579	430731421911446459	76
	580	386785946067301024	76
	581	111100348114810397	76
	582	217933140417643069	76
	583	297189450367079996	76
	584	247964566716643821	76
	585	106887025069533183	76
	586	400894269863849960	76
	587	287519985511569648	76
	588	19844885434991797	76
	589	94270060485998793	76
	590	309818838422040408	76
	591	402649225453936457	76
	592	273451612826856903	76
	593	374976180827951773	76
	594	17499464979924852	76
	595	218867166672631523	76
	596	230179731495970649	76
	597	453817238067492996	76
	598	298681798311435381	76
	599	62143315606768622	76
	600	76052528225162789	76
	601	211224874722455786	76
	602	437413750574236440	76
	603	52673026795430675	76
	604	168033142270160536	76
	605	108390703495998880	76
	606	372400836083372936	76
	607	393265438573591120	76
	608	219447409986295340	76
	609	94894349973190020	76
	610	452488209844899919	76
	611	402053124375830181	76
	612	419324547444030549	75
	613	389478513108047771	75
	614	159645244628047980	75
	615	343318782109571803	75
	616	187791159681902870	75
	617	13122538490458175	75
	618	188869307381661312	75
	619	400206941981143197	75
	620	357444012019153514	75
	621	431845662798701871	75
	622	367776313231467384	75
	623	450168024644767765	75
	624	388037071842409463	75
	625	3887218496500935	75
	626	393666078634671321	75
	627	108432868752147315	75
	628	411845911707623789	75
	629	415182544649088153	75
	630	201694267058636625	75
	631	164012136887451361	75
	632	243266470869268713	75
	633	299895377187905465	75
	634	20361440220587986	75
	635	265932950063492792	75
	636	116830005809230552	75
	637	368336254023706619	75
	638	192715646993234898	75
	639	245199100599791837	75
	640	369277600778628351	75
	641	165452066087718996	75
	642	359373924258421423	75
	643	42889502356844095	75
	644	26687662250938063	75
	645	210266599616922397	75
	646	325002698529791877	74
	647	345801248764464172	74
	648	185927161079951852	74
	649	337019373117719904	74
	650	190070376652430810	74
	651	341025331617525980	74
	652	236185776781051769	74
	653	184558963048022249	74
	654	342055379597965862	74
	655	100125186658747078	74
	656	437743064576927110	74
	657	301792385799350509	74
	658	394303263627186310	74
	659	295906961024371167	74
	660	437184045906398380	74
	661	307040374306378756	74
	662	47776914162565999	74
	663	309704873911870071	74
	664	253409495853364064	74
	665	119836996589264309	74
	666	10396423013005892	74
	667	265643835092476351	74
	668	453962344942947089	74
	669	15553011516881591	74
	670	234371018136748944	74
	671	119900525174015724	74
	672	251142358565880764	74
	673	179178904203844337	74
	674	315347197024006864	74
	675	366569174654067420	74
	676	282462673963314715	74
	677	374056610503347502	74
	678	293367402461985612	74
	679	41827125664588418	74
	680	249181212313659231	74
	681	266495177120821315	74
	682	199519666445006721	74
	683	179003811434506540	73
	684	318379704776811318	73
	685	254266388837869253	73
	686	309748489855070658	73
	687	138143687191854834	73
	688	160172912134386833	73
	689	99433723896272363	73
	690	195488705547641430	73
	691	108062428162801266	73
	692	59934674769717530	73
	693	146219076100788857	73
	694	460566124620286817	73
	695	235126011424820452	73
	696	399601023796640481	73
	697	398333320838938400	73
	698	126973633054557564	73
	699	162349110047437094	73
	700	114641169952002419	73
	701	200920512264436960	73
	702	138493650397028965	73
	703	392016643531277834	73
	704	195069923549489770	73
	705	156226008194014480	73
	706	454252580419369732	73
	707	47006878183551996	73
	708	65233525267540842	72
	709	99521685486445196	72
	710	100169186500013604	72
	711	447741308749859813	72
	712	426530683335879498	72
	713	201102883473902148	72
	714	331211662019124712	72
	715	30797657200890119	72
	716	281115070050671869	72
	717	308373581088816274	72
	718	148231033764024171	72
	719	367070560895126982	72
	720	6349115067642332	72
	721	303397223534829786	72
	722	335333422434749865	72
	723	209697356450738786	72
	724	121496294289383360	72
	725	261218135808080649	72
	726	96076784712675752	72
	727	143966271065414439	72
	728	431190478741523728	72
	729	122702316963480464	72
	730	89029780572870925	72
	731	356221466863345429	72
	732	401049871788765720	72
	733	389497919654116156	72
	734	18748754812879411	72
	735	53393682157276593	72
	736	118550076183596759	72
	737	76833411278756863	72
	738	371844529209982769	72
	739	112018418752192166	72
	740	103812472767746233	72
	741	459610180977643587	72
	742	83339536314929624	72
	743	49267354072291873	72
	744	359033207164140561	72
	745	206826871996787347	72
	746	239217093522793563	72
	747	451675415982990510	72
	748	167458902849405961	72
	749	157679156346278870	72
	750	307931546755322606	72
	751	238648336266589813	72
	752	260888429447430036	72
	753	51499737859334175	72
	754	141076976544551883	72
	755	35042106221378264	72
	756	296961969312279861	71
	757	429021190385408268	71
	758	418842943977325024	71
	759	213843715147458591	71
	760	188762606429895531	71
	761	321108412440219671	71
	762	34175691408280672	71
	763	77164139998955026	71
	764	112206426719150246	71
	765	202468165445832778	71
	766	325807729666788688	71
	767	99018340289815408	71
	768	289995028580369629	71
	769	320400050224220988	71
	770	290122970396878521	71
	771	391030947812660485	71
	772	204235235342732315	71
	773	159347245011472205	71
	774	197624746058552695	71
	775	33665789788200216	71
	776	790577322572371	71
	777	219023773729312307	71
	778	429227791483249364	71
	779	341443287757751490	71
	780	242807043759425528	71
	781	54938679413843081	71
	782	324062074088952572	71
	783	10831350197591561	71
	784	3173032095586111	71
	785	207829979987291941	71
	786	283910610423915054	71
	787	449512902559749460	71
	788	247505338810197509	71
	789	29645482569133115	71
	790	139092744638503615	71
	791	148685404295163832	71
	792	134930929646265254	71
	793	320506232123073392	71
	794	415825688893982589	71
	795	181419441471951260	71
	796	61714077711906895	71
	797	417972012952319196	71
	798	458320099980006346	70
	799	114092678511834467	70
	800	96230687947785094	70
	801	134783629850277937	70
	802	99625296086994694	70
	803	198282708364230256	70
	804	379590604628249341	70
	805	129496362448205164	70
	806	337954111775212256	70
	807	253168804215101871	70
	808	4654210374774073	70
	809	98524846585091121	70
	810	301009248474851717	70
	811	84544554669835150	70
	812	292543854838447580	70
	813	112464289715325310	70
	814	105369039347044958	70
	815	449498540378001622	70
	816	266162768442016455	70
	817	16372977921617787	70
	818	195468365949140700	70
	819	252490359507905206	70
	820	244401580505672091	70
	821	178958376290674574	70
	822	400197635443363321	70
	823	340732072715108669	70
	824	273912892297741815	70
	825	266522629601030118	70
	826	209115937472847821	70
	827	354081821066699109	70
	828	185323323492195439	70
	829	46301082675323391	70
	830	12879929220902502	70
	831	302452326042961219	70
	832	450562823932981334	70
	833	89343142006402205	70
	834	7185596184040276	70
	835	108900800070561965	70
	836	449345099103211002	70
	837	319529194044439056	70
	838	205318625304812437	70
	839	296614728577541352	70
	840	342827186340740262	70
	841	255923124635093175	70
	842	426185702237116024	70
	843	165504029477452730	69
	844	222788619316669811	69
	845	117132834206538423	69
	846	160164492660779239	69
	847	32573041578843869	69
	848	168447189614601487	69
	849	126408354044085362	69
	850	133250702077803579	69
	851	320625475334136041	69
	852	57831036776210539	69
	853	371080460353731721	69
	854	389207110100689960	69
	855	386894937125051081	69
	856	376982613098184522	69
	857	111570849248179690	69
	858	80801934717569107	69
	859	373385117937181739	69
	860	239561139029292249	69
	861	304188614656835358	69
	862	187980849288906810	69
	863	188139128612213614	69
	864	369677527868073093	69
	865	190941037567450955	69
	866	398439455846069365	69
	867	119228033378026781	69
	868	453416773462192234	69
	869	37681358471558301	69
	870	342057015019765659	69
	871	50221909861280501	69
	872	94291980092656420	69
	873	398048014629027644	69
	874	163119723185587455	69
	875	3650832070238928	69
	876	63971358221720887	69
	877	79425068232011122	69
	878	350121936046417077	69
	879	417189859890431025	69
	880	51324136983128235	69
	881	387272558548552436	69
	882	77564437753193815	69
	883	13325829770597478	69
	884	328195271052491178	69
	885	452379500670594839	69
	886	378138754905311851	69
	887	461076797228835878	69
	888	16687695735762948	69
	889	7500587287668864	69
	890	79373461357454782	69
	891	44398951229824566	69
	892	260479130640215217	69
	893	31715176153773318	69
	894	101448909263652810	69
	895	420623939820232775	69
	896	380276647341594465	69
	897	250296908041097776	69
	898	14898476685800094	69
	899	219854501970238285	68
	900	206990820530980959	68
	901	34011430433186637	68
	902	335871971748022348	68
	903	122651541594855766	68
	904	460563906263047279	68
	905	37952769389486109	68
	906	329247474726729923	68
	907	61812302942012847	68
	908	123549489091485007	68
	909	451529132259786716	68
	910	174168491738794647	68
	911	67918237452751396	68
	912	128207203280073311	68
	913	401084898087444060	68
	914	444814551489822689	68
	915	289362320511374363	68
	916	444768071299206621	68
	917	249889572748061895	68
	918	460002902191836330	68
	919	220443919950223720	68
	920	1446282012981839	68
	921	7750027014174591	68
	922	291629708587306509	68
	923	30937751403750314	68
	924	372735789363750215	68
	925	298708502646039059	68
	926	59236392915980431	68
	927	83824754915449411	68
	928	437002015718611642	68
	929	370068585486640485	68
	930	388798155907667696	68
	931	176708650407959338	68
	932	289651924402820164	68
	933	424372417274553532	68
	934	308291832061859674	68
	935	431916587878154893	68
	936	237381320595662746	68
	937	250914378709888948	68
	938	370686992801727136	68
	939	253998609262922815	68
	940	296768984891335154	68
	941	158389114650105682	68
	942	351871736726861198	68
	943	215399273457438396	68
	944	189070672510625606	68
	945	276088568974278599	68
	946	309344295400173274	68
	947	268297482768385065	68
	948	190437990886335264	68
	949	138984618310594410	68
	950	420082148798110615	68
	951	402296518365079666	68
	952	224288191678007360	68
	953	307313998932027507	68
	954	355321586440133372	68
	955	311134675516881636	68
	956	68865865240753691	68
	957	249387014064616144	68
	958	47577032870307297	68
	959	49895122494778140	68
	960	220280828979547200	68
	961	437061336602874086	67
	962	427828591842093402	67
	963	234473994960548169	67
	964	204514983820541747	67
	965	362219329378025055	67
	966	294532754769553272	67
	967	96260830931606681	67
	968	378186451984632526	67
	969	171219701091584122	67
	970	239731719534057125	67
	971	99173044016095860	67
	972	460630729979595920	67
	973	52761558511172147	67
	974	106462565149514018	67
	975	45971297713120499	67
	976	319690121972542706	67
	977	332723911692371118	67
	978	189893471057499802	67
	979	261307512496164130	67
	980	1906978114346155	67
	981	63765202538549328	67
	982	75103342376179149	67
	983	58393870785451459	67
	984	31919239716273539	67
	985	437871669767186440	67
	986	400923016215951005	67
	987	370877884155469085	67
	988	152143710752409882	67
	989	121041309090429145	67
	990	421979288315870689	67
	991	13780164579371089	67
	992	178321334012039088	67
	993	111335232372138905	67
	994	386861675327918501	67
	995	296138716065829506	67
	996	417753255407515834	67
	997	139881542048473963	67
	998	251177678794747716	67
	999	38598213240071898	67
Selected repetitive minimizers:
	0	200674404500338137	1911
	1	310612582662316624	477
	2	426031741198032911	435
	3	354479218752146524	434
	4	74000708096080470	368
	5	87884089835739256	342
	6	395558716000721925	250
	7	410300431011852796	248
	8	152705897178961409	247
	9	196951025728867981	243
	10	318268085688400246	234
	11	387227473312555990	214
	12	127877448689285016	213
	13	435803489765938598	211
	14	114461725769836351	202
	15	310751134635568052	192
	16	282275202642698773	191
	17	133998798284183014	190
	18	112962020442871828	187
	19	279400172010196800	185
	20	398204361735465697	179
	21	369698405588983607	178
	22	315265612063503758	175
	23	426620577227494787	173
	24	441902959033122815	171
	25	293516479341577910	169
	26	45896773932858947	161
	27	281072739451220702	161
	28	357440285828398089	159
	29	325776848230015949	159
	30	420561066568898587	159
	31	361615466139777158	149
	32	383543299323446076	143
	33	340110913682603883	138
	34	65944181381572977	138
	35	131439312686540049	137
	36	453294361571171643	134
	37	396696532500440802	133
	38	214979285376949073	133
	39	217897200632192335	131
	40	34835452940001790	130
	41	133708916275415960	130
	42	398601327802380149	129
	43	385532568686233924	129
	44	273117598384322512	129
	45	80183922105000988	128
	46	405379553203928134	128
	47	69435486880335744	128
	48	299905741098321910	128
	49	341701689132342283	127
	50	248059518041192602	127
	51	152513107099144852	127
	52	306666018432152893	126
	53	357642166806978275	126
Nb minimizers to ignore: 54 54
	Parsing file: /Users/mschul/Downloads/sample01/sample01_autocycler/porechop_output_sample01/subsampled_reads/sample_03.fastq
0
	Parsing file done (nb reads: 21807)
Nb low quality reads: 0
Nb low complexity reads: 5

Total read bps:  114509642
N50 read length: 20909
Start k:         4
End k:           209

Correcting reads


metaMDBG readCorrection /var/folders/zg/vq0dnx517c54hg87dyqjky740000gn/T/.tmpwTqywI/tmp/ --min-identity 0.960000 --min-overlap-length 1000 --threads 10

Input filename: 
Input dir: /var/folders/zg/vq0dnx517c54hg87dyqjky740000gn/T/.tmpwTqywI/tmp/
Minimizer length: 15
Kminmer length: 4
Assembly Density: 0.005
Correction Density: 0.025
Min overlap length: 1000
Min identity: 0.96


Indexing genomic minimizers
	Indexing genomic minimizers: 0%

Indexing reads
	Indexing reads: 0%

Loading minimizer reads
	Loading minimizer reads: 0%

Perform low density alignments
	Aligning reads (low density): 0%
	Aligning reads (low density): 45%
	Aligning reads (low density): 91%
	Alignment checksum: 20000 825934425739773

Loading low density alignments

Partitioning reads
	Add partition: 21807 21807
	Nb partitions: 1

Processing partition: 0 / 1
	Loading minimizer reads (high density)
	Correcting reads
	Correction checksum: 16525461595930466717

Processing partition: 1 / 1
	Alignment check sum: 911160976820038
	Correction check sum: 16525461595930466717
Multi-k pass: 4/209


metaMDBG graph /var/folders/zg/vq0dnx517c54hg87dyqjky740000gn/T/.tmpwTqywI/tmp/ --threads 10 --min-abundance 0 --firstpass  --corrected-read 

Contig filename: 
Output dir: /var/folders/zg/vq0dnx517c54hg87dyqjky740000gn/T/.tmpwTqywI/tmp/
Minimizer length: 15
Kminmer length: 4
Density: 0.005
Min abundance: 0

Collecting kminmers
Filling bloom filter
Solid kminmers: 0
Building mdbg
Indexed: 17033
Indexed: 31839
Duration: 0
Nb solid kminmers: 48872
Nb small contigs written: 0
Dump kminmer abundances
	Duration: 0
Indexing edges
Edge index size: 48984
Edge index elements: 88348
	Duration: 0
Compute unitig nodes
	Duration: 0
Index unitig edges
	Duration: 0
Compute unitig edges
	Duration: 0
Dump unitig abundances
	Duration: 0
Nb edges:   0


metaMDBG contig  /var/folders/zg/vq0dnx517c54hg87dyqjky740000gn/T/.tmpwTqywI/tmp/ --threads 10

Input dir: /var/folders/zg/vq0dnx517c54hg87dyqjky740000gn/T/.tmpwTqywI/tmp/
Minimizer length: 15
Kminmer length: 4
Density: 0.005

Loading unitig graph
Load unitigs
Nb unitigs: 12100
Nb minimizers: 85172
Add unitig abundances
Sorting abundances
Add unitig edges
Nb unitig edges: 28232
Sorting unitig edges
Done loading unitig graph
Simplifying
Max abundance: 118
Nb unitigs: 12100
Superbubble
Nb superbubble removed: 386 0 (0s)
Tip
Nb Tip removed: 3636 (0s)
Superbubble
Nb superbubble removed: 756 0 (0s)
Tip
Nb Tip removed: 0 (0s)
Nb errors removed: 6111 (0s)
Superbubble
Nb superbubble removed: 194 0 (0s)
Tip
Nb Tip removed: 22 (0s)
Superbubble
Nb superbubble removed: 6 0 (0s)
Tip
Nb Tip removed: 0 (0s)
Nb errors removed: 30 (0s)
Superbubble
Nb superbubble removed: 0 0 (0s)
Tip
Nb Tip removed: 0 (0s)
Nb errors removed: 240 (0s)
Superbubble
Nb superbubble removed: 6 0 (0s)
Tip
Nb Tip removed: 0 (0s)
Nb errors removed: 3 (0s)
Superbubble
Nb superbubble removed: 0 0 (0s)
Tip
Nb Tip removed: 0 (0s)
Nb errors removed: 10 (0s)
Superbubble
Nb superbubble removed: 0 0 (0s)
Tip
Nb Tip removed: 0 (0s)
Nb errors removed: 2 (0s)
Superbubble
Nb superbubble removed: 0 0 (0s)
Tip
Nb Tip removed: 0 (0s)
Nb errors removed: 1 (0s)
Superbubble
Nb superbubble removed: 0 0 (0s)
Tip
Nb Tip removed: 0 (0s)
Nb errors removed: 1 (0s)
Superbubble
Nb superbubble removed: 0 0 (0s)
Tip
Nb Tip removed: 0 (0s)
Nb errors removed: 1 (0s)
Superbubble
Nb superbubble removed: 0 0 (0s)
Tip
Nb Tip removed: 0 (0s)
Nb errors removed: 1 (0s)
Superbubble
Nb superbubble removed: 0 0 (0s)
Tip
Nb Tip removed: 0 (0s)
Nb errors removed: 1 (0s)
Superbubble
Nb superbubble removed: 4 0 (0s)
Tip
Nb Tip removed: 0 (0s)
Nb errors removed: 5 (0s)
Superbubble
Nb superbubble removed: 0 0 (0s)
Tip
Nb Tip removed: 3 (0s)
Superbubble
Nb superbubble removed: 0 0 (0s)
Tip
Nb Tip removed: 0 (0s)
Nb errors removed: 2 (0s)
Superbubble
Nb superbubble removed: 0 0 (0s)
Tip
Nb Tip removed: 3 (0s)
Superbubble
Nb superbubble removed: 0 0 (0s)
Tip
Nb Tip removed: 0 (0s)
Nb errors removed: 3 (0s)
Superbubble
Nb superbubble removed: 0 0 (0s)
Tip
Nb Tip removed: 0 (0s)
Nb errors removed: 2 (0s)
Superbubble
Nb superbubble removed: 0 0 (0s)
Tip
Nb Tip removed: 3 (0s)
Superbubble
Nb superbubble removed: 0 0 (0s)
Tip
Nb Tip removed: 0 (0s)
Nb errors removed: 2 (0s)
Superbubble
Nb superbubble removed: 0 0 (0s)
Tip
Nb Tip removed: 0 (0s)
Nb errors removed: 4 (0s)
Superbubble
Nb superbubble removed: 0 0 (0s)
Tip
Nb Tip removed: 0 (0s)
Nb errors removed: 2 (0s)
Superbubble
Nb superbubble removed: 0 0 (0s)
Tip
Nb Tip removed: 0 (0s)
Nb errors removed: 2 (0s)
Superbubble
Nb superbubble removed: 0 0 (0s)
Tip
Nb Tip removed: 0 (0s)
Checksum: 0
Checksum abundnace: 0
Generating contigs
80.1796
49.7852
45.2593
41.1448
37.4044
34.004
30.9127
28.1025
25.5477
23.2252
21.1138
9.84974
5.05447
4.17725
3.13843
2.59374
2.14359
1.61051
1.1
0


metaMDBG toMinspace  /var/folders/zg/vq0dnx517c54hg87dyqjky740000gn/T/.tmpwTqywI/tmp/ /var/folders/zg/vq0dnx517c54hg87dyqjky740000gn/T/.tmpwTqywI/tmp//contigs.nodepath /var/folders/zg/vq0dnx517c54hg87dyqjky740000gn/T/.tmpwTqywI/tmp//unitig_data.txt --threads 10

Input dir: /var/folders/zg/vq0dnx517c54hg87dyqjky740000gn/T/.tmpwTqywI/tmp/
Minimizer length: 15
Kminmer length: 4
Density: 0.005

Loading unitig sequences

Creating mContigs

Contig filename: /var/folders/zg/vq0dnx517c54hg87dyqjky740000gn/T/.tmpwTqywI/tmp//unitig_data.txt
pass done: 4
Multi-k pass: 5/209


metaMDBG graph /var/folders/zg/vq0dnx517c54hg87dyqjky740000gn/T/.tmpwTqywI/tmp/ --threads 10 --corrected-read 

Contig filename: 
Output dir: /var/folders/zg/vq0dnx517c54hg87dyqjky740000gn/T/.tmpwTqywI/tmp/
Minimizer length: 15
Kminmer length: 5
Density: 0.005
Min abundance: 0

Loading refined abundances
	Duration: 0
Collecting kminmers
Building mdbg
Duration: 0
Nb solid kminmers: 24975
Nb small contigs written: 0
Dump kminmer abundances
	Duration: 0
Indexing edges
Edge index size: 24389
Edge index elements: 44825
	Duration: 0
Compute unitig nodes
	Duration: 0
Index unitig edges
	Duration: 0
Compute unitig edges
	Duration: 0
Dump unitig abundances
	Duration: 0
Nb edges:   0


metaMDBG contig  /var/folders/zg/vq0dnx517c54hg87dyqjky740000gn/T/.tmpwTqywI/tmp/ --threads 10

Input dir: /var/folders/zg/vq0dnx517c54hg87dyqjky740000gn/T/.tmpwTqywI/tmp/
Minimizer length: 15
Kminmer length: 5
Density: 0.005

Loading unitig graph
Load unitigs
Nb unitigs: 2656
Nb minimizers: 35599
Add unitig abundances
Sorting abundances
Add unitig edges
Nb unitig edges: 6750
Sorting unitig edges
Done loading unitig graph
Simplifying
Max abundance: 109
Nb unitigs: 2656
Superbubble
Nb superbubble removed: 558 0 (0s)
Tip
Nb Tip removed: 398 (0s)
Superbubble
Nb superbubble removed: 148 0 (0s)
Tip
Nb Tip removed: 0 (0s)
Nb errors removed: 626 (0s)
Superbubble
Nb superbubble removed: 24 0 (0s)
Tip
Nb Tip removed: 2 (0s)
Superbubble
Nb superbubble removed: 2 0 (0s)
Tip
Nb Tip removed: 0 (0s)
Nb errors removed: 4 (0s)
Superbubble
Nb superbubble removed: 0 0 (0s)
Tip
Nb Tip removed: 0 (0s)
Nb errors removed: 18 (0s)
Superbubble
Nb superbubble removed: 0 0 (0s)
Tip
Nb Tip removed: 0 (0s)
Nb errors removed: 2 (0s)
Superbubble
Nb superbubble removed: 0 0 (0s)
Tip
Nb Tip removed: 0 (0s)
Nb errors removed: 1 (0s)
Superbubble
Nb superbubble removed: 0 0 (0s)
Tip
Nb Tip removed: 0 (0s)
Nb errors removed: 1 (0s)
Superbubble
Nb superbubble removed: 0 0 (0s)
Tip
Nb Tip removed: 0 (0s)
Nb errors removed: 1 (0s)
Superbubble
Nb superbubble removed: 0 0 (0s)
Tip
Nb Tip removed: 0 (0s)
Nb errors removed: 1 (0s)
Superbubble
Nb superbubble removed: 0 0 (0s)
Tip
Nb Tip removed: 4 (0s)
Superbubble
Nb superbubble removed: 0 0 (0s)
Tip
Nb Tip removed: 0 (0s)
Nb errors removed: 2 (0s)
Superbubble
Nb superbubble removed: 0 0 (0s)
Tip
Nb Tip removed: 0 (0s)
Nb errors removed: 7 (0s)
Superbubble
Nb superbubble removed: 2 0 (0s)
Tip
Nb Tip removed: 1 (0s)
Superbubble
Nb superbubble removed: 0 0 (0s)
Tip
Nb Tip removed: 0 (0s)
Nb errors removed: 2 (0s)
Superbubble
Nb superbubble removed: 0 0 (0s)
Tip
Nb Tip removed: 0 (0s)
Nb errors removed: 1 (0s)
Superbubble
Nb superbubble removed: 0 0 (0s)
Tip
Nb Tip removed: 0 (0s)
Nb errors removed: 1 (0s)
Superbubble
Nb superbubble removed: 0 0 (0s)
Tip
Nb Tip removed: 3 (0s)
Superbubble
Nb superbubble removed: 0 0 (0s)
Tip
Nb Tip removed: 0 (0s)
Nb errors removed: 1 (0s)
Superbubble
Nb superbubble removed: 0 0 (0s)
Tip
Nb Tip removed: 0 (0s)
Nb errors removed: 2 (0s)
Superbubble
Nb superbubble removed: 0 0 (0s)
Tip
Nb Tip removed: 0 (0s)
Nb errors removed: 1 (0s)
Superbubble
Nb superbubble removed: 0 0 (0s)
Tip
Nb Tip removed: 0 (0s)
Nb errors removed: 1 (0s)
Superbubble
Nb superbubble removed: 0 0 (0s)
Tip
Nb Tip removed: 0 (0s)
Checksum: 0
Checksum abundnace: 0
Generating contigs
88.1976
80.1796
45.2593
41.1448
37.4044
34.004
30.9127
28.1025
25.5477
23.2252
21.1138
9.84974
5.05447
4.17725
3.13843
2.59374
2.14359
0


metaMDBG toMinspace  /var/folders/zg/vq0dnx517c54hg87dyqjky740000gn/T/.tmpwTqywI/tmp/ /var/folders/zg/vq0dnx517c54hg87dyqjky740000gn/T/.tmpwTqywI/tmp//contigs.nodepath /var/folders/zg/vq0dnx517c54hg87dyqjky740000gn/T/.tmpwTqywI/tmp//unitig_data.txt --threads 10

Input dir: /var/folders/zg/vq0dnx517c54hg87dyqjky740000gn/T/.tmpwTqywI/tmp/
Minimizer length: 15
Kminmer length: 5
Density: 0.005

Loading unitig sequences

Creating mContigs

Contig filename: /var/folders/zg/vq0dnx517c54hg87dyqjky740000gn/T/.tmpwTqywI/tmp//unitig_data.txt
pass done: 5
Multi-k pass: 6/209


metaMDBG graph /var/folders/zg/vq0dnx517c54hg87dyqjky740000gn/T/.tmpwTqywI/tmp/ --threads 10 --corrected-read 

Contig filename: 
Output dir: /var/folders/zg/vq0dnx517c54hg87dyqjky740000gn/T/.tmpwTqywI/tmp/
Minimizer length: 15
Kminmer length: 6
Density: 0.005
Min abundance: 0

Loading refined abundances
	Duration: 0
Collecting kminmers
Building mdbg
Duration: 0
Nb solid kminmers: 25325
Nb small contigs written: 0
Dump kminmer abundances
	Duration: 0
Indexing edges
Edge index size: 24929
Edge index elements: 45306
	Duration: 0
Compute unitig nodes
	Duration: 0
Index unitig edges
	Duration: 0
Compute unitig edges
	Duration: 0
Dump unitig abundances
	Duration: 0
Nb edges:   0


metaMDBG contig  /var/folders/zg/vq0dnx517c54hg87dyqjky740000gn/T/.tmpwTqywI/tmp/ --threads 10

Input dir: /var/folders/zg/vq0dnx517c54hg87dyqjky740000gn/T/.tmpwTqywI/tmp/
Minimizer length: 15
Kminmer length: 6
Density: 0.005

Loading unitig graph
Load unitigs
Nb unitigs: 2415
Nb minimizers: 37400
Add unitig abundances
Sorting abundances
Add unitig edges
Nb unitig edges: 5716
Sorting unitig edges
Done loading unitig graph
Simplifying
Max abundance: 109
Nb unitigs: 2415
Superbubble
Nb superbubble removed: 534 0 (0s)
Tip
Nb Tip removed: 401 (0s)
Superbubble
Nb superbubble removed: 130 0 (0s)
Tip
Nb Tip removed: 0 (0s)
Nb errors removed: 557 (0s)
Superbubble
Nb superbubble removed: 12 0 (0s)
Tip
Nb Tip removed: 1 (0s)
Superbubble
Nb superbubble removed: 0 0 (0s)
Tip
Nb Tip removed: 0 (0s)
Nb errors removed: 24 (0s)
Superbubble
Nb superbubble removed: 0 0 (0s)
Tip
Nb Tip removed: 0 (0s)
Nb errors removed: 1 (0s)
Superbubble
Nb superbubble removed: 0 0 (0s)
Tip
Nb Tip removed: 0 (0s)
Nb errors removed: 1 (0s)
Superbubble
Nb superbubble removed: 0 0 (0s)
Tip
Nb Tip removed: 0 (0s)
Nb errors removed: 1 (0s)
Superbubble
Nb superbubble removed: 0 0 (0s)
Tip
Nb Tip removed: 0 (0s)
Nb errors removed: 1 (0s)
Superbubble
Nb superbubble removed: 2 0 (0s)
Tip
Nb Tip removed: 0 (0s)
Nb errors removed: 1 (0s)
Superbubble
Nb superbubble removed: 0 0 (0s)
Tip
Nb Tip removed: 0 (0s)
Nb errors removed: 6 (0s)
Superbubble
Nb superbubble removed: 0 0 (0s)
Tip
Nb Tip removed: 1 (0s)
Superbubble
Nb superbubble removed: 0 0 (0s)
Tip
Nb Tip removed: 0 (0s)
Nb errors removed: 2 (0s)
Superbubble
Nb superbubble removed: 0 0 (0s)
Tip
Nb Tip removed: 2 (0s)
Superbubble
Nb superbubble removed: 0 0 (0s)
Tip
Nb Tip removed: 0 (0s)
Nb errors removed: 2 (0s)
Superbubble
Nb superbubble removed: 0 0 (0s)
Tip
Nb Tip removed: 0 (0s)
Nb errors removed: 1 (0s)
Superbubble
Nb superbubble removed: 0 0 (0s)
Tip
Nb Tip removed: 2 (0s)
Superbubble
Nb superbubble removed: 0 0 (0s)
Tip
Nb Tip removed: 0 (0s)
Nb errors removed: 1 (0s)
Superbubble
Nb superbubble removed: 0 0 (0s)
Tip
Nb Tip removed: 0 (0s)
Nb errors removed: 3 (0s)
Superbubble
Nb superbubble removed: 0 0 (0s)
Tip
Nb Tip removed: 0 (0s)
Nb errors removed: 1 (0s)
Superbubble
Nb superbubble removed: 0 0 (0s)
Tip
Nb Tip removed: 0 (0s)
Checksum: 0
Checksum abundnace: 0
Generating contigs
80.1796
45.2593
41.1448
37.4044
34.004
30.9127
28.1025
25.5477
21.1138
9.84974
5.05447
4.17725
3.13843
2.14359
0


metaMDBG toMinspace  /var/folders/zg/vq0dnx517c54hg87dyqjky740000gn/T/.tmpwTqywI/tmp/ /var/folders/zg/vq0dnx517c54hg87dyqjky740000gn/T/.tmpwTqywI/tmp//contigs.nodepath /var/folders/zg/vq0dnx517c54hg87dyqjky740000gn/T/.tmpwTqywI/tmp//unitig_data.txt --threads 10

Input dir: /var/folders/zg/vq0dnx517c54hg87dyqjky740000gn/T/.tmpwTqywI/tmp/
Minimizer length: 15
Kminmer length: 6
Density: 0.005

Loading unitig sequences

Creating mContigs

Contig filename: /var/folders/zg/vq0dnx517c54hg87dyqjky740000gn/T/.tmpwTqywI/tmp//unitig_data.txt
pass done: 6
Multi-k pass: 7/209


metaMDBG graph /var/folders/zg/vq0dnx517c54hg87dyqjky740000gn/T/.tmpwTqywI/tmp/ --threads 10 --corrected-read 

Contig filename: 
Output dir: /var/folders/zg/vq0dnx517c54hg87dyqjky740000gn/T/.tmpwTqywI/tmp/
Minimizer length: 15
Kminmer length: 7
Density: 0.005
Min abundance: 0

Loading refined abundances
	Duration: 0
Collecting kminmers
Building mdbg
Duration: 0
Nb solid kminmers: 25640
Nb small contigs written: 0
Dump kminmer abundances
	Duration: 0
Indexing edges
Edge index size: 25287
Edge index elements: 45603
	Duration: 0
Compute unitig nodes
	Duration: 0
Index unitig edges
	Duration: 0
Compute unitig edges
	Duration: 0
Dump unitig abundances
	Duration: 0
Nb edges:   0


metaMDBG contig  /var/folders/zg/vq0dnx517c54hg87dyqjky740000gn/T/.tmpwTqywI/tmp/ --threads 10

Input dir: /var/folders/zg/vq0dnx517c54hg87dyqjky740000gn/T/.tmpwTqywI/tmp/
Minimizer length: 15
Kminmer length: 7
Density: 0.005

Loading unitig graph
Load unitigs
Nb unitigs: 2270
Nb minimizers: 39260
Add unitig abundances
Sorting abundances
Add unitig edges
Nb unitig edges: 5380
Sorting unitig edges
Done loading unitig graph
Simplifying
Max abundance: 109
Nb unitigs: 2270
Superbubble
Nb superbubble removed: 494 0 (0s)
Tip
Nb Tip removed: 372 (0s)
Superbubble
Nb superbubble removed: 130 0 (0s)
Tip
Nb Tip removed: 0 (0s)
Nb errors removed: 541 (0s)
Superbubble
Nb superbubble removed: 10 0 (0s)
Tip
Nb Tip removed: 1 (0s)
Superbubble
Nb superbubble removed: 0 0 (0s)
Tip
Nb Tip removed: 0 (0s)
Nb errors removed: 1 (0s)
Superbubble
Nb superbubble removed: 0 0 (0s)
Tip
Nb Tip removed: 0 (0s)
Nb errors removed: 24 (0s)
Superbubble
Nb superbubble removed: 0 0 (0s)
Tip
Nb Tip removed: 0 (0s)
Nb errors removed: 1 (0s)
Superbubble
Nb superbubble removed: 0 0 (0s)
Tip
Nb Tip removed: 0 (0s)
Nb errors removed: 1 (0s)
Superbubble
Nb superbubble removed: 0 0 (0s)
Tip
Nb Tip removed: 0 (0s)
Nb errors removed: 1 (0s)
Superbubble
Nb superbubble removed: 0 0 (0s)
Tip
Nb Tip removed: 0 (0s)
Nb errors removed: 1 (0s)
Superbubble
Nb superbubble removed: 0 0 (0s)
Tip
Nb Tip removed: 1 (0s)
Superbubble
Nb superbubble removed: 0 0 (0s)
Tip
Nb Tip removed: 0 (0s)
Nb errors removed: 6 (0s)
Superbubble
Nb superbubble removed: 0 0 (0s)
Tip
Nb Tip removed: 0 (0s)
Nb errors removed: 1 (0s)
Superbubble
Nb superbubble removed: 0 0 (0s)
Tip
Nb Tip removed: 0 (0s)
Nb errors removed: 1 (0s)
Superbubble
Nb superbubble removed: 0 0 (0s)
Tip
Nb Tip removed: 0 (0s)
Nb errors removed: 1 (0s)
Superbubble
Nb superbubble removed: 0 0 (0s)
Tip
Nb Tip removed: 0 (0s)
Nb errors removed: 1 (0s)
Superbubble
Nb superbubble removed: 0 0 (0s)
Tip
Nb Tip removed: 0 (0s)
Checksum: 0
Checksum abundnace: 0
Generating contigs
45.2593
41.1448
34.004
30.9127
28.1025
21.1138
9.84974
5.05447
4.17725
3.13843
2.59374
2.14359
0


metaMDBG toMinspace  /var/folders/zg/vq0dnx517c54hg87dyqjky740000gn/T/.tmpwTqywI/tmp/ /var/folders/zg/vq0dnx517c54hg87dyqjky740000gn/T/.tmpwTqywI/tmp//contigs.nodepath /var/folders/zg/vq0dnx517c54hg87dyqjky740000gn/T/.tmpwTqywI/tmp//unitig_data.txt --threads 10

Input dir: /var/folders/zg/vq0dnx517c54hg87dyqjky740000gn/T/.tmpwTqywI/tmp/
Minimizer length: 15
Kminmer length: 7
Density: 0.005

Loading unitig sequences

Creating mContigs

Contig filename: /var/folders/zg/vq0dnx517c54hg87dyqjky740000gn/T/.tmpwTqywI/tmp//unitig_data.txt
pass done: 7
Multi-k pass: 8/209


metaMDBG graph /var/folders/zg/vq0dnx517c54hg87dyqjky740000gn/T/.tmpwTqywI/tmp/ --threads 10 --corrected-read 

Contig filename: 
Output dir: /var/folders/zg/vq0dnx517c54hg87dyqjky740000gn/T/.tmpwTqywI/tmp/
Minimizer length: 15
Kminmer length: 8
Density: 0.005
Min abundance: 0

Loading refined abundances
	Duration: 0
Collecting kminmers
Building mdbg
Duration: 0
Nb solid kminmers: 25903
Nb small contigs written: 0
Dump kminmer abundances
	Duration: 0
Indexing edges
Edge index size: 25607
Edge index elements: 45870
	Duration: 0
Compute unitig nodes
	Duration: 0
Index unitig edges
	Duration: 0
Compute unitig edges
	Duration: 0
Dump unitig abundances
	Duration: 0
Nb edges:   0


metaMDBG contig  /var/folders/zg/vq0dnx517c54hg87dyqjky740000gn/T/.tmpwTqywI/tmp/ --threads 10

Input dir: /var/folders/zg/vq0dnx517c54hg87dyqjky740000gn/T/.tmpwTqywI/tmp/
Minimizer length: 15
Kminmer length: 8
Density: 0.005

Loading unitig graph
Load unitigs
Nb unitigs: 2177
Nb minimizers: 41142
Add unitig abundances
Sorting abundances
Add unitig edges
Nb unitig edges: 4996
Sorting unitig edges
Done loading unitig graph
Simplifying
Max abundance: 109
Nb unitigs: 2177
Superbubble
Nb superbubble removed: 476 0 (0s)
Tip
Nb Tip removed: 358 (0s)
Superbubble
Nb superbubble removed: 118 0 (0s)
Tip
Nb Tip removed: 0 (0s)
Nb errors removed: 522 (0s)
Superbubble
Nb superbubble removed: 12 0 (0s)
Tip
Nb Tip removed: 1 (0s)
Superbubble
Nb superbubble removed: 0 0 (0s)
Tip
Nb Tip removed: 0 (0s)
Nb errors removed: 26 (0s)
Superbubble
Nb superbubble removed: 0 0 (0s)
Tip
Nb Tip removed: 0 (0s)
Nb errors removed: 1 (0s)
Superbubble
Nb superbubble removed: 0 0 (0s)
Tip
Nb Tip removed: 0 (0s)
Nb errors removed: 1 (0s)
Superbubble
Nb superbubble removed: 0 0 (0s)
Tip
Nb Tip removed: 0 (0s)
Nb errors removed: 1 (0s)
Superbubble
Nb superbubble removed: 0 0 (0s)
Tip
Nb Tip removed: 0 (0s)
Nb errors removed: 1 (0s)
Superbubble
Nb superbubble removed: 0 0 (0s)
Tip
Nb Tip removed: 0 (0s)
Nb errors removed: 1 (0s)
Superbubble
Nb superbubble removed: 2 0 (0s)
Tip
Nb Tip removed: 0 (0s)
Nb errors removed: 1 (0s)
Superbubble
Nb superbubble removed: 0 0 (0s)
Tip
Nb Tip removed: 1 (0s)
Superbubble
Nb superbubble removed: 0 0 (0s)
Tip
Nb Tip removed: 0 (0s)
Nb errors removed: 6 (0s)
Superbubble
Nb superbubble removed: 0 0 (0s)
Tip
Nb Tip removed: 0 (0s)
Nb errors removed: 1 (0s)
Superbubble
Nb superbubble removed: 0 0 (0s)
Tip
Nb Tip removed: 0 (0s)
Nb errors removed: 1 (0s)
Superbubble
Nb superbubble removed: 0 0 (0s)
Tip
Nb Tip removed: 0 (0s)
Nb errors removed: 1 (0s)
Superbubble
Nb superbubble removed: 0 0 (0s)
Tip
Nb Tip removed: 0 (0s)
Nb errors removed: 1 (0s)
Superbubble
Nb superbubble removed: 0 0 (0s)
Tip
Nb Tip removed: 0 (0s)
Checksum: 0
Checksum abundnace: 0
Generating contigs
45.2593
41.1448
34.004
30.9127
28.1025
21.1138
10.8347
9.84974
7.40025
5.05447
4.17725
3.13843
2.14359
0


metaMDBG toMinspace  /var/folders/zg/vq0dnx517c54hg87dyqjky740000gn/T/.tmpwTqywI/tmp/ /var/folders/zg/vq0dnx517c54hg87dyqjky740000gn/T/.tmpwTqywI/tmp//contigs.nodepath /var/folders/zg/vq0dnx517c54hg87dyqjky740000gn/T/.tmpwTqywI/tmp//unitig_data.txt --threads 10

Input dir: /var/folders/zg/vq0dnx517c54hg87dyqjky740000gn/T/.tmpwTqywI/tmp/
Minimizer length: 15
Kminmer length: 8
Density: 0.005

Loading unitig sequences

Creating mContigs

Contig filename: /var/folders/zg/vq0dnx517c54hg87dyqjky740000gn/T/.tmpwTqywI/tmp//unitig_data.txt
pass done: 8
Multi-k pass: 9/209


metaMDBG graph /var/folders/zg/vq0dnx517c54hg87dyqjky740000gn/T/.tmpwTqywI/tmp/ --threads 10 --corrected-read 

Contig filename: 
Output dir: /var/folders/zg/vq0dnx517c54hg87dyqjky740000gn/T/.tmpwTqywI/tmp/
Minimizer length: 15
Kminmer length: 9
Density: 0.005
Min abundance: 0

Loading refined abundances
	Duration: 0
Collecting kminmers
Building mdbg
Duration: 0
Nb solid kminmers: 26156
Nb small contigs written: 0
Dump kminmer abundances
	Duration: 0
Indexing edges
Edge index size: 25881
Edge index elements: 46582
	Duration: 0
Compute unitig nodes
	Duration: 0
Index unitig edges
	Duration: 0
Compute unitig edges
	Duration: 0
Dump unitig abundances
	Duration: 0
Nb edges:   0


metaMDBG contig  /var/folders/zg/vq0dnx517c54hg87dyqjky740000gn/T/.tmpwTqywI/tmp/ --threads 10

Input dir: /var/folders/zg/vq0dnx517c54hg87dyqjky740000gn/T/.tmpwTqywI/tmp/
Minimizer length: 15
Kminmer length: 9
Density: 0.005

Loading unitig graph
Load unitigs
Nb unitigs: 2111
Nb minimizers: 43044
Add unitig abundances
Sorting abundances
Add unitig edges
Nb unitig edges: 4830
Sorting unitig edges
Done loading unitig graph
Simplifying
Max abundance: 109
Nb unitigs: 2111
Superbubble
Nb superbubble removed: 452 0 (0s)
Tip
Nb Tip removed: 330 (0s)
Superbubble
Nb superbubble removed: 118 0 (0s)
Tip
Nb Tip removed: 0 (0s)
Nb errors removed: 506 (0s)
Superbubble
Nb superbubble removed: 12 0 (0s)
Tip
Nb Tip removed: 1 (0s)
Superbubble
Nb superbubble removed: 0 0 (0s)
Tip
Nb Tip removed: 0 (0s)
Nb errors removed: 28 (0s)
Superbubble
Nb superbubble removed: 0 0 (0s)
Tip
Nb Tip removed: 0 (0s)
Nb errors removed: 1 (0s)
Superbubble
Nb superbubble removed: 0 0 (0s)
Tip
Nb Tip removed: 0 (0s)
Nb errors removed: 1 (0s)
Superbubble
Nb superbubble removed: 0 0 (0s)
Tip
Nb Tip removed: 0 (0s)
Nb errors removed: 1 (0s)
Superbubble
Nb superbubble removed: 0 0 (0s)
Tip
Nb Tip removed: 0 (0s)
Nb errors removed: 1 (0s)
Superbubble
Nb superbubble removed: 0 0 (0s)
Tip
Nb Tip removed: 0 (0s)
Nb errors removed: 1 (0s)
Superbubble
Nb superbubble removed: 2 0 (0s)
Tip
Nb Tip removed: 0 (0s)
Nb errors removed: 1 (0s)
Superbubble
Nb superbubble removed: 0 0 (0s)
Tip
Nb Tip removed: 1 (0s)
Superbubble
Nb superbubble removed: 0 0 (0s)
Tip
Nb Tip removed: 0 (0s)
Nb errors removed: 6 (0s)
Superbubble
Nb superbubble removed: 0 0 (0s)
Tip
Nb Tip removed: 0 (0s)
Nb errors removed: 1 (0s)
Superbubble
Nb superbubble removed: 0 0 (0s)
Tip
Nb Tip removed: 0 (0s)
Nb errors removed: 1 (0s)
Superbubble
Nb superbubble removed: 0 0 (0s)
Tip
Nb Tip removed: 0 (0s)
Nb errors removed: 1 (0s)
Superbubble
Nb superbubble removed: 0 0 (0s)
Tip
Nb Tip removed: 0 (0s)
Nb errors removed: 1 (0s)
Superbubble
Nb superbubble removed: 0 0 (0s)
Tip
Nb Tip removed: 0 (0s)
Checksum: 0
Checksum abundnace: 0
Generating contigs
45.2593
41.1448
34.004
30.9127
28.1025
21.1138
10.8347
9.84974
7.40025
5.05447
4.17725
3.13843
2.14359
0


metaMDBG toMinspace  /var/folders/zg/vq0dnx517c54hg87dyqjky740000gn/T/.tmpwTqywI/tmp/ /var/folders/zg/vq0dnx517c54hg87dyqjky740000gn/T/.tmpwTqywI/tmp//contigs.nodepath /var/folders/zg/vq0dnx517c54hg87dyqjky740000gn/T/.tmpwTqywI/tmp//unitig_data.txt --threads 10

Input dir: /var/folders/zg/vq0dnx517c54hg87dyqjky740000gn/T/.tmpwTqywI/tmp/
Minimizer length: 15
Kminmer length: 9
Density: 0.005

Loading unitig sequences

Creating mContigs

Contig filename: /var/folders/zg/vq0dnx517c54hg87dyqjky740000gn/T/.tmpwTqywI/tmp//unitig_data.txt
pass done: 9
Multi-k pass: 10/209


metaMDBG graph /var/folders/zg/vq0dnx517c54hg87dyqjky740000gn/T/.tmpwTqywI/tmp/ --threads 10 --corrected-read 

Contig filename: 
Output dir: /var/folders/zg/vq0dnx517c54hg87dyqjky740000gn/T/.tmpwTqywI/tmp/
Minimizer length: 15
Kminmer length: 10
Density: 0.005
Min abundance: 0

Loading refined abundances
	Duration: 0
Collecting kminmers
Building mdbg
Duration: 0
Nb solid kminmers: 26396
Nb small contigs written: 0
Dump kminmer abundances
	Duration: 0
Indexing edges
Edge index size: 26126
Edge index elements: 46743
	Duration: 0
Compute unitig nodes
	Duration: 0
Index unitig edges
	Duration: 0
Compute unitig edges
	Duration: 0
Dump unitig abundances
	Duration: 0
Nb edges:   0


metaMDBG contig  /var/folders/zg/vq0dnx517c54hg87dyqjky740000gn/T/.tmpwTqywI/tmp/ --threads 10

Input dir: /var/folders/zg/vq0dnx517c54hg87dyqjky740000gn/T/.tmpwTqywI/tmp/
Minimizer length: 15
Kminmer length: 10
Density: 0.005

Loading unitig graph
Load unitigs
Nb unitigs: 2044
Nb minimizers: 44792
Add unitig abundances
Sorting abundances
Add unitig edges
Nb unitig edges: 4680
Sorting unitig edges
Done loading unitig graph
Simplifying
Max abundance: 109
Nb unitigs: 2044
Superbubble
Nb superbubble removed: 422 0 (0s)
Tip
Nb Tip removed: 310 (0s)
Superbubble
Nb superbubble removed: 134 0 (0s)
Tip
Nb Tip removed: 0 (0s)
Nb errors removed: 474 (0s)
Superbubble
Nb superbubble removed: 10 0 (0s)
Tip
Nb Tip removed: 3 (0s)
Superbubble
Nb superbubble removed: 0 0 (0s)
Tip
Nb Tip removed: 0 (0s)
Nb errors removed: 29 (0s)
Superbubble
Nb superbubble removed: 0 0 (0s)
Tip
Nb Tip removed: 0 (0s)
Nb errors removed: 1 (0s)
Superbubble
Nb superbubble removed: 0 0 (0s)
Tip
Nb Tip removed: 0 (0s)
Nb errors removed: 1 (0s)
Superbubble
Nb superbubble removed: 0 0 (0s)
Tip
Nb Tip removed: 0 (0s)
Nb errors removed: 1 (0s)
Superbubble
Nb superbubble removed: 0 0 (0s)
Tip
Nb Tip removed: 0 (0s)
Nb errors removed: 1 (0s)
Superbubble
Nb superbubble removed: 0 0 (0s)
Tip
Nb Tip removed: 0 (0s)
Nb errors removed: 1 (0s)
Superbubble
Nb superbubble removed: 2 0 (0s)
Tip
Nb Tip removed: 0 (0s)
Nb errors removed: 1 (0s)
Superbubble
Nb superbubble removed: 0 0 (0s)
Tip
Nb Tip removed: 0 (0s)
Nb errors removed: 4 (0s)
Superbubble
Nb superbubble removed: 0 0 (0s)
Tip
Nb Tip removed: 0 (0s)
Nb errors removed: 1 (0s)
Superbubble
Nb superbubble removed: 0 0 (0s)
Tip
Nb Tip removed: 0 (0s)
Nb errors removed: 1 (0s)
Superbubble
Nb superbubble removed: 0 0 (0s)
Tip
Nb Tip removed: 0 (0s)
Nb errors removed: 1 (0s)
Superbubble
Nb superbubble removed: 0 0 (0s)
Tip
Nb Tip removed: 0 (0s)
Nb errors removed: 1 (0s)
Superbubble
Nb superbubble removed: 0 0 (0s)
Tip
Nb Tip removed: 0 (0s)
Checksum: 0
Checksum abundnace: 0
Generating contigs
45.2593
41.1448
34.004
30.9127
28.1025
21.1138
10.8347
9.84974
7.40025
5.05447
4.17725
3.13843
2.14359
0


metaMDBG toMinspace  /var/folders/zg/vq0dnx517c54hg87dyqjky740000gn/T/.tmpwTqywI/tmp/ /var/folders/zg/vq0dnx517c54hg87dyqjky740000gn/T/.tmpwTqywI/tmp//contigs.nodepath /var/folders/zg/vq0dnx517c54hg87dyqjky740000gn/T/.tmpwTqywI/tmp//unitig_data.txt --threads 10

Input dir: /var/folders/zg/vq0dnx517c54hg87dyqjky740000gn/T/.tmpwTqywI/tmp/
Minimizer length: 15
Kminmer length: 10
Density: 0.005

Loading unitig sequences

Creating mContigs

Contig filename: /var/folders/zg/vq0dnx517c54hg87dyqjky740000gn/T/.tmpwTqywI/tmp//unitig_data.txt
pass done: 10
Multi-k pass: 11/209


metaMDBG graph /var/folders/zg/vq0dnx517c54hg87dyqjky740000gn/T/.tmpwTqywI/tmp/ --threads 10 --corrected-read 

Contig filename: 
Output dir: /var/folders/zg/vq0dnx517c54hg87dyqjky740000gn/T/.tmpwTqywI/tmp/
Minimizer length: 15
Kminmer length: 11
Density: 0.005
Min abundance: 0

Loading refined abundances
	Duration: 0
Collecting kminmers
Building mdbg
Duration: 0
Nb solid kminmers: 26637
Nb small contigs written: 0
Dump kminmer abundances
	Duration: 0
Indexing edges
Edge index size: 26373
Edge index elements: 47288
	Duration: 0
Compute unitig nodes
	Duration: 0
Index unitig edges
	Duration: 0
Compute unitig edges
	Duration: 0
Dump unitig abundances
	Duration: 0
Nb edges:   0


metaMDBG contig  /var/folders/zg/vq0dnx517c54hg87dyqjky740000gn/T/.tmpwTqywI/tmp/ --threads 10 --gen-graph 

Input dir: /var/folders/zg/vq0dnx517c54hg87dyqjky740000gn/T/.tmpwTqywI/tmp/
Minimizer length: 15
Kminmer length: 11
Density: 0.005

Loading unitig graph
Load unitigs
Nb unitigs: 1993
Nb minimizers: 46567
Add unitig abundances
Sorting abundances
Add unitig edges
Nb unitig edges: 4582
Sorting unitig edges
Done loading unitig graph
Simplifying
Max abundance: 109
Nb unitigs: 1993
Superbubble
Nb superbubble removed: 392 0 (0s)
Tip
Nb Tip removed: 300 (0s)
Superbubble
Nb superbubble removed: 138 0 (0s)
Tip
Nb Tip removed: 0 (0s)
Saving unitig graph: /var/folders/zg/vq0dnx517c54hg87dyqjky740000gn/T/.tmpwTqywI/tmp//assembly_graph.gfa
Nb errors removed: 460 (0s)
Superbubble
Nb superbubble removed: 10 0 (0s)
Tip
Nb Tip removed: 3 (0s)
Superbubble
Nb superbubble removed: 0 0 (0s)
Tip
Nb Tip removed: 0 (0s)
Nb errors removed: 1 (0s)
Superbubble
Nb superbubble removed: 0 0 (0s)
Tip
Nb Tip removed: 0 (0s)
Nb errors removed: 31 (0s)
Superbubble
Nb superbubble removed: 0 0 (0s)
Tip
Nb Tip removed: 0 (0s)
Nb errors removed: 2 (0s)
Superbubble
Nb superbubble removed: 0 0 (0s)
Tip
Nb Tip removed: 0 (0s)
Nb errors removed: 1 (0s)
Superbubble
Nb superbubble removed: 0 0 (0s)
Tip
Nb Tip removed: 0 (0s)
Nb errors removed: 3 (0s)
Superbubble
Nb superbubble removed: 0 0 (0s)
Tip
Nb Tip removed: 0 (0s)
Nb errors removed: 1 (0s)
Superbubble
Nb superbubble removed: 0 0 (0s)
Tip
Nb Tip removed: 0 (0s)
Nb errors removed: 3 (0s)
Superbubble
Nb superbubble removed: 2 0 (0s)
Tip
Nb Tip removed: 0 (0s)
Nb errors removed: 1 (0s)
Superbubble
Nb superbubble removed: 0 0 (0s)
Tip
Nb Tip removed: 0 (0s)
Nb errors removed: 3 (0s)
Superbubble
Nb superbubble removed: 0 0 (0s)
Tip
Nb Tip removed: 0 (0s)
Nb errors removed: 1 (0s)
Superbubble
Nb superbubble removed: 0 0 (0s)
Tip
Nb Tip removed: 0 (0s)
Nb errors removed: 1 (0s)
Superbubble
Nb superbubble removed: 0 0 (0s)
Tip
Nb Tip removed: 0 (0s)
Nb errors removed: 1 (0s)
Superbubble
Nb superbubble removed: 0 0 (0s)
Tip
Nb Tip removed: 0 (0s)
Nb errors removed: 1 (0s)
Superbubble
Nb superbubble removed: 0 0 (0s)
Tip
Nb Tip removed: 0 (0s)
Checksum: 0
Checksum abundnace: 0
Generating contigs
45.2593
41.1448
34.004
30.9127
28.1025
21.1138
10.8347
9.84974
7.40025
5.05447
4.17725
3.13843
2.59374
2.14359
0


metaMDBG toMinspace  /var/folders/zg/vq0dnx517c54hg87dyqjky740000gn/T/.tmpwTqywI/tmp/ /var/folders/zg/vq0dnx517c54hg87dyqjky740000gn/T/.tmpwTqywI/tmp//contigs.nodepath /var/folders/zg/vq0dnx517c54hg87dyqjky740000gn/T/.tmpwTqywI/tmp//unitig_data.txt --threads 10

Input dir: /var/folders/zg/vq0dnx517c54hg87dyqjky740000gn/T/.tmpwTqywI/tmp/
Minimizer length: 15
Kminmer length: 11
Density: 0.005

Loading unitig sequences

Creating mContigs

Contig filename: /var/folders/zg/vq0dnx517c54hg87dyqjky740000gn/T/.tmpwTqywI/tmp//unitig_data.txt


metaMDBG toMinspace  /var/folders/zg/vq0dnx517c54hg87dyqjky740000gn/T/.tmpwTqywI/tmp/ /var/folders/zg/vq0dnx517c54hg87dyqjky740000gn/T/.tmpwTqywI/tmp//assembly_graph.gfa.unitigs.nodepath /var/folders/zg/vq0dnx517c54hg87dyqjky740000gn/T/.tmpwTqywI/tmp//assembly_graph.gfa.unitigs --threads 10

Input dir: /var/folders/zg/vq0dnx517c54hg87dyqjky740000gn/T/.tmpwTqywI/tmp/
Minimizer length: 15
Kminmer length: 11
Density: 0.005

Loading unitig sequences

Creating mContigs

Contig filename: /var/folders/zg/vq0dnx517c54hg87dyqjky740000gn/T/.tmpwTqywI/tmp//assembly_graph.gfa.unitigs
pass done: 11
Multi-k pass: 12/209


metaMDBG graph /var/folders/zg/vq0dnx517c54hg87dyqjky740000gn/T/.tmpwTqywI/tmp/ --threads 10 --corrected-read 

Contig filename: 
Output dir: /var/folders/zg/vq0dnx517c54hg87dyqjky740000gn/T/.tmpwTqywI/tmp/
Minimizer length: 15
Kminmer length: 12
Density: 0.005
Min abundance: 0

Loading refined abundances
	Duration: 0
Collecting kminmers
Building mdbg
Duration: 0
Nb solid kminmers: 26860
Nb small contigs written: 0
Dump kminmer abundances
	Duration: 0
Indexing edges
Edge index size: 26620
Edge index elements: 47467
	Duration: 0
Compute unitig nodes
	Duration: 0
Index unitig edges
	Duration: 0
Compute unitig edges
	Duration: 0
Dump unitig abundances
	Duration: 0
Nb edges:   0


metaMDBG contig  /var/folders/zg/vq0dnx517c54hg87dyqjky740000gn/T/.tmpwTqywI/tmp/ --threads 10

Input dir: /var/folders/zg/vq0dnx517c54hg87dyqjky740000gn/T/.tmpwTqywI/tmp/
Minimizer length: 15
Kminmer length: 12
Density: 0.005

Loading unitig graph
Load unitigs
Nb unitigs: 1948
Nb minimizers: 48288
Add unitig abundances
Sorting abundances
Add unitig edges
Nb unitig edges: 4432
Sorting unitig edges
Done loading unitig graph
Simplifying
Max abundance: 109
Nb unitigs: 1948
Superbubble
Nb superbubble removed: 374 0 (0s)
Tip
Nb Tip removed: 302 (0s)
Superbubble
Nb superbubble removed: 126 0 (0s)
Tip
Nb Tip removed: 0 (0s)
Nb errors removed: 452 (0s)
Superbubble
Nb superbubble removed: 8 0 (0s)
Tip
Nb Tip removed: 0 (0s)
Nb errors removed: 1 (0s)
Superbubble
Nb superbubble removed: 0 0 (0s)
Tip
Nb Tip removed: 0 (0s)
Nb errors removed: 36 (0s)
Superbubble
Nb superbubble removed: 0 0 (0s)
Tip
Nb Tip removed: 0 (0s)
Nb errors removed: 3 (0s)
Superbubble
Nb superbubble removed: 0 0 (0s)
Tip
Nb Tip removed: 0 (0s)
Nb errors removed: 2 (0s)
Superbubble
Nb superbubble removed: 0 0 (0s)
Tip
Nb Tip removed: 0 (0s)
Nb errors removed: 3 (0s)
Superbubble
Nb superbubble removed: 0 0 (0s)
Tip
Nb Tip removed: 0 (0s)
Nb errors removed: 1 (0s)
Superbubble
Nb superbubble removed: 0 0 (0s)
Tip
Nb Tip removed: 0 (0s)
Nb errors removed: 3 (0s)
Superbubble
Nb superbubble removed: 0 0 (0s)
Tip
Nb Tip removed: 0 (0s)
Nb errors removed: 1 (0s)
Superbubble
Nb superbubble removed: 0 0 (0s)
Tip
Nb Tip removed: 0 (0s)
Nb errors removed: 3 (0s)
Superbubble
Nb superbubble removed: 0 0 (0s)
Tip
Nb Tip removed: 0 (0s)
Nb errors removed: 1 (0s)
Superbubble
Nb superbubble removed: 0 0 (0s)
Tip
Nb Tip removed: 2 (0s)
Superbubble
Nb superbubble removed: 0 0 (0s)
Tip
Nb Tip removed: 0 (0s)
Nb errors removed: 1 (0s)
Superbubble
Nb superbubble removed: 0 0 (0s)
Tip
Nb Tip removed: 0 (0s)
Nb errors removed: 1 (0s)
Superbubble
Nb superbubble removed: 0 0 (0s)
Tip
Nb Tip removed: 0 (0s)
Nb errors removed: 1 (0s)
Superbubble
Nb superbubble removed: 0 0 (0s)
Tip
Nb Tip removed: 0 (0s)
Nb errors removed: 1 (0s)
Superbubble
Nb superbubble removed: 0 0 (0s)
Tip
Nb Tip removed: 0 (0s)
Nb errors removed: 1 (0s)
Superbubble
Nb superbubble removed: 0 0 (0s)
Tip
Nb Tip removed: 0 (0s)
Checksum: 0
Checksum abundnace: 0
Generating contigs
117.391
54.7637
45.2593
41.1448
34.004
30.9127
28.1025
21.1138
10.8347
9.84974
7.40025
5.05447
4.17725
3.13843
2.59374
2.14359
0


metaMDBG toMinspace  /var/folders/zg/vq0dnx517c54hg87dyqjky740000gn/T/.tmpwTqywI/tmp/ /var/folders/zg/vq0dnx517c54hg87dyqjky740000gn/T/.tmpwTqywI/tmp//contigs.nodepath /var/folders/zg/vq0dnx517c54hg87dyqjky740000gn/T/.tmpwTqywI/tmp//unitig_data.txt --threads 10

Input dir: /var/folders/zg/vq0dnx517c54hg87dyqjky740000gn/T/.tmpwTqywI/tmp/
Minimizer length: 15
Kminmer length: 12
Density: 0.005

Loading unitig sequences

Creating mContigs

Contig filename: /var/folders/zg/vq0dnx517c54hg87dyqjky740000gn/T/.tmpwTqywI/tmp//unitig_data.txt
pass done: 12
Multi-k pass: 13/209


metaMDBG graph /var/folders/zg/vq0dnx517c54hg87dyqjky740000gn/T/.tmpwTqywI/tmp/ --threads 10 --corrected-read 

Contig filename: 
Output dir: /var/folders/zg/vq0dnx517c54hg87dyqjky740000gn/T/.tmpwTqywI/tmp/
Minimizer length: 15
Kminmer length: 13
Density: 0.005
Min abundance: 0

Loading refined abundances
	Duration: 0
Collecting kminmers
Building mdbg
Duration: 0
Nb solid kminmers: 27064
Nb small contigs written: 0
Dump kminmer abundances
	Duration: 0
Indexing edges
Edge index size: 26835
Edge index elements: 47810
	Duration: 0
Compute unitig nodes
	Duration: 0
Index unitig edges
	Duration: 0
Compute unitig edges
	Duration: 0
Dump unitig abundances
	Duration: 0
Nb edges:   0


metaMDBG contig  /var/folders/zg/vq0dnx517c54hg87dyqjky740000gn/T/.tmpwTqywI/tmp/ --threads 10

Input dir: /var/folders/zg/vq0dnx517c54hg87dyqjky740000gn/T/.tmpwTqywI/tmp/
Minimizer length: 15
Kminmer length: 13
Density: 0.005

Loading unitig graph
Load unitigs
Nb unitigs: 1892
Nb minimizers: 49768
Add unitig abundances
Sorting abundances
Add unitig edges
Nb unitig edges: 4288
Sorting unitig edges
Done loading unitig graph
Simplifying
Max abundance: 109
Nb unitigs: 1892
Superbubble
Nb superbubble removed: 356 0 (0s)
Tip
Nb Tip removed: 286 (0s)
Superbubble
Nb superbubble removed: 130 0 (0s)
Tip
Nb Tip removed: 0 (0s)
Nb errors removed: 439 (0s)
Superbubble
Nb superbubble removed: 8 0 (0s)
Tip
Nb Tip removed: 0 (0s)
Nb errors removed: 1 (0s)
Superbubble
Nb superbubble removed: 0 0 (0s)
Tip
Nb Tip removed: 0 (0s)
Nb errors removed: 35 (0s)
Superbubble
Nb superbubble removed: 0 0 (0s)
Tip
Nb Tip removed: 0 (0s)
Nb errors removed: 2 (0s)
Superbubble
Nb superbubble removed: 0 0 (0s)
Tip
Nb Tip removed: 0 (0s)
Nb errors removed: 2 (0s)
Superbubble
Nb superbubble removed: 0 0 (0s)
Tip
Nb Tip removed: 0 (0s)
Nb errors removed: 5 (0s)
Superbubble
Nb superbubble removed: 0 0 (0s)
Tip
Nb Tip removed: 0 (0s)
Nb errors removed: 1 (0s)
Superbubble
Nb superbubble removed: 0 0 (0s)
Tip
Nb Tip removed: 0 (0s)
Nb errors removed: 2 (0s)
Superbubble
Nb superbubble removed: 0 0 (0s)
Tip
Nb Tip removed: 0 (0s)
Nb errors removed: 1 (0s)
Superbubble
Nb superbubble removed: 0 0 (0s)
Tip
Nb Tip removed: 0 (0s)
Nb errors removed: 3 (0s)
Superbubble
Nb superbubble removed: 0 0 (0s)
Tip
Nb Tip removed: 0 (0s)
Nb errors removed: 1 (0s)
Superbubble
Nb superbubble removed: 0 0 (0s)
Tip
Nb Tip removed: 2 (0s)
Superbubble
Nb superbubble removed: 0 0 (0s)
Tip
Nb Tip removed: 0 (0s)
Nb errors removed: 1 (0s)
Superbubble
Nb superbubble removed: 0 0 (0s)
Tip
Nb Tip removed: 0 (0s)
Nb errors removed: 1 (0s)
Superbubble
Nb superbubble removed: 0 0 (0s)
Tip
Nb Tip removed: 0 (0s)
Nb errors removed: 1 (0s)
Superbubble
Nb superbubble removed: 0 0 (0s)
Tip
Nb Tip removed: 0 (0s)
Nb errors removed: 1 (0s)
Superbubble
Nb superbubble removed: 0 0 (0s)
Tip
Nb Tip removed: 0 (0s)
Nb errors removed: 1 (0s)
Superbubble
Nb superbubble removed: 0 0 (0s)
Tip
Nb Tip removed: 0 (0s)
Checksum: 0
Checksum abundnace: 0
Generating contigs
117.391
66.2641
45.2593
41.1448
34.004
30.9127
28.1025
21.1138
10.8347
9.84974
7.40025
5.05447
4.17725
3.13843
2.59374
2.14359
0


metaMDBG toMinspace  /var/folders/zg/vq0dnx517c54hg87dyqjky740000gn/T/.tmpwTqywI/tmp/ /var/folders/zg/vq0dnx517c54hg87dyqjky740000gn/T/.tmpwTqywI/tmp//contigs.nodepath /var/folders/zg/vq0dnx517c54hg87dyqjky740000gn/T/.tmpwTqywI/tmp//unitig_data.txt --threads 10

Input dir: /var/folders/zg/vq0dnx517c54hg87dyqjky740000gn/T/.tmpwTqywI/tmp/
Minimizer length: 15
Kminmer length: 13
Density: 0.005

Loading unitig sequences

Creating mContigs

Contig filename: /var/folders/zg/vq0dnx517c54hg87dyqjky740000gn/T/.tmpwTqywI/tmp//unitig_data.txt
pass done: 13
Multi-k pass: 14/209


metaMDBG graph /var/folders/zg/vq0dnx517c54hg87dyqjky740000gn/T/.tmpwTqywI/tmp/ --threads 10 --corrected-read 

Contig filename: 
Output dir: /var/folders/zg/vq0dnx517c54hg87dyqjky740000gn/T/.tmpwTqywI/tmp/
Minimizer length: 15
Kminmer length: 14
Density: 0.005
Min abundance: 0

Loading refined abundances
	Duration: 0
Collecting kminmers
Building mdbg
Duration: 0
Nb solid kminmers: 27260
Nb small contigs written: 0
Dump kminmer abundances
	Duration: 0
Indexing edges
Edge index size: 27038
Edge index elements: 48176
	Duration: 0
Compute unitig nodes
	Duration: 0
Index unitig edges
	Duration: 0
Compute unitig edges
	Duration: 0
Dump unitig abundances
	Duration: 0
Nb edges:   0


metaMDBG contig  /var/folders/zg/vq0dnx517c54hg87dyqjky740000gn/T/.tmpwTqywI/tmp/ --threads 10

Input dir: /var/folders/zg/vq0dnx517c54hg87dyqjky740000gn/T/.tmpwTqywI/tmp/
Minimizer length: 15
Kminmer length: 14
Density: 0.005

Loading unitig graph
Load unitigs
Nb unitigs: 1843
Nb minimizers: 51219
Add unitig abundances
Sorting abundances
Add unitig edges
Nb unitig edges: 4172
Sorting unitig edges
Done loading unitig graph
Simplifying
Max abundance: 109
Nb unitigs: 1843
Superbubble
Nb superbubble removed: 336 0 (0s)
Tip
Nb Tip removed: 274 (0s)
Superbubble
Nb superbubble removed: 142 0 (0s)
Tip
Nb Tip removed: 0 (0s)
Nb errors removed: 423 (0s)
Superbubble
Nb superbubble removed: 12 0 (0s)
Tip
Nb Tip removed: 0 (0s)
Nb errors removed: 31 (0s)
Superbubble
Nb superbubble removed: 0 0 (0s)
Tip
Nb Tip removed: 0 (0s)
Nb errors removed: 4 (0s)
Superbubble
Nb superbubble removed: 0 0 (0s)
Tip
Nb Tip removed: 0 (0s)
Nb errors removed: 2 (0s)
Superbubble
Nb superbubble removed: 0 0 (0s)
Tip
Nb Tip removed: 0 (0s)
Nb errors removed: 5 (0s)
Superbubble
Nb superbubble removed: 0 0 (0s)
Tip
Nb Tip removed: 0 (0s)
Nb errors removed: 1 (0s)
Superbubble
Nb superbubble removed: 0 0 (0s)
Tip
Nb Tip removed: 0 (0s)
Nb errors removed: 2 (0s)
Superbubble
Nb superbubble removed: 0 0 (0s)
Tip
Nb Tip removed: 0 (0s)
Nb errors removed: 1 (0s)
Superbubble
Nb superbubble removed: 0 0 (0s)
Tip
Nb Tip removed: 0 (0s)
Nb errors removed: 3 (0s)
Superbubble
Nb superbubble removed: 0 0 (0s)
Tip
Nb Tip removed: 0 (0s)
Nb errors removed: 1 (0s)
Superbubble
Nb superbubble removed: 0 0 (0s)
Tip
Nb Tip removed: 2 (0s)
Superbubble
Nb superbubble removed: 0 0 (0s)
Tip
Nb Tip removed: 0 (0s)
Nb errors removed: 1 (0s)
Superbubble
Nb superbubble removed: 0 0 (0s)
Tip
Nb Tip removed: 0 (0s)
Nb errors removed: 1 (0s)
Superbubble
Nb superbubble removed: 0 0 (0s)
Tip
Nb Tip removed: 0 (0s)
Nb errors removed: 1 (0s)
Superbubble
Nb superbubble removed: 0 0 (0s)
Tip
Nb Tip removed: 0 (0s)
Nb errors removed: 1 (0s)
Superbubble
Nb superbubble removed: 0 0 (0s)
Tip
Nb Tip removed: 0 (0s)
Nb errors removed: 1 (0s)
Superbubble
Nb superbubble removed: 0 0 (0s)
Tip
Nb Tip removed: 0 (0s)
Checksum: 0
Checksum abundnace: 0
Generating contigs
117.391
66.2641
45.2593
41.1448
34.004
30.9127
28.1025
21.1138
10.8347
9.84974
7.40025
5.05447
4.17725
3.13843
2.14359
0


metaMDBG toMinspace  /var/folders/zg/vq0dnx517c54hg87dyqjky740000gn/T/.tmpwTqywI/tmp/ /var/folders/zg/vq0dnx517c54hg87dyqjky740000gn/T/.tmpwTqywI/tmp//contigs.nodepath /var/folders/zg/vq0dnx517c54hg87dyqjky740000gn/T/.tmpwTqywI/tmp//unitig_data.txt --threads 10

Input dir: /var/folders/zg/vq0dnx517c54hg87dyqjky740000gn/T/.tmpwTqywI/tmp/
Minimizer length: 15
Kminmer length: 14
Density: 0.005

Loading unitig sequences

Creating mContigs

Contig filename: /var/folders/zg/vq0dnx517c54hg87dyqjky740000gn/T/.tmpwTqywI/tmp//unitig_data.txt
pass done: 14
Multi-k pass: 15/209


metaMDBG graph /var/folders/zg/vq0dnx517c54hg87dyqjky740000gn/T/.tmpwTqywI/tmp/ --threads 10 --corrected-read 

Contig filename: 
Output dir: /var/folders/zg/vq0dnx517c54hg87dyqjky740000gn/T/.tmpwTqywI/tmp/
Minimizer length: 15
Kminmer length: 15
Density: 0.005
Min abundance: 0

Loading refined abundances
	Duration: 0
Collecting kminmers
Building mdbg
Duration: 0
Nb solid kminmers: 27460
Nb small contigs written: 0
Dump kminmer abundances
	Duration: 0
Indexing edges
Edge index size: 27245
Edge index elements: 48436
	Duration: 0
Compute unitig nodes
	Duration: 0
Index unitig edges
	Duration: 0
Compute unitig edges
	Duration: 0
Dump unitig abundances
	Duration: 0
Nb edges:   0


metaMDBG contig  /var/folders/zg/vq0dnx517c54hg87dyqjky740000gn/T/.tmpwTqywI/tmp/ --threads 10

Input dir: /var/folders/zg/vq0dnx517c54hg87dyqjky740000gn/T/.tmpwTqywI/tmp/
Minimizer length: 15
Kminmer length: 15
Density: 0.005

Loading unitig graph
Load unitigs
Nb unitigs: 1801
Nb minimizers: 52674
Add unitig abundances
Sorting abundances
Add unitig edges
Nb unitig edges: 4080
Sorting unitig edges
Done loading unitig graph
Simplifying
Max abundance: 109
Nb unitigs: 1801
Superbubble
Nb superbubble removed: 308 0 (0s)
Tip
Nb Tip removed: 272 (0s)
Superbubble
Nb superbubble removed: 144 0 (0s)
Tip
Nb Tip removed: 0 (0s)
Nb errors removed: 418 (0s)
Superbubble
Nb superbubble removed: 12 0 (0s)
Tip
Nb Tip removed: 0 (0s)
Nb errors removed: 34 (0s)
Superbubble
Nb superbubble removed: 0 0 (0s)
Tip
Nb Tip removed: 0 (0s)
Nb errors removed: 6 (0s)
Superbubble
Nb superbubble removed: 0 0 (0s)
Tip
Nb Tip removed: 0 (0s)
Nb errors removed: 2 (0s)
Superbubble
Nb superbubble removed: 0 0 (0s)
Tip
Nb Tip removed: 0 (0s)
Nb errors removed: 5 (0s)
Superbubble
Nb superbubble removed: 0 0 (0s)
Tip
Nb Tip removed: 0 (0s)
Nb errors removed: 2 (0s)
Superbubble
Nb superbubble removed: 0 0 (0s)
Tip
Nb Tip removed: 0 (0s)
Nb errors removed: 2 (0s)
Superbubble
Nb superbubble removed: 0 0 (0s)
Tip
Nb Tip removed: 0 (0s)
Nb errors removed: 1 (0s)
Superbubble
Nb superbubble removed: 0 0 (0s)
Tip
Nb Tip removed: 0 (0s)
Nb errors removed: 3 (0s)
Superbubble
Nb superbubble removed: 0 0 (0s)
Tip
Nb Tip removed: 0 (0s)
Nb errors removed: 1 (0s)
Superbubble
Nb superbubble removed: 0 0 (0s)
Tip
Nb Tip removed: 2 (0s)
Superbubble
Nb superbubble removed: 0 0 (0s)
Tip
Nb Tip removed: 0 (0s)
Nb errors removed: 1 (0s)
Superbubble
Nb superbubble removed: 0 0 (0s)
Tip
Nb Tip removed: 0 (0s)
Nb errors removed: 1 (0s)
Superbubble
Nb superbubble removed: 0 0 (0s)
Tip
Nb Tip removed: 0 (0s)
Nb errors removed: 1 (0s)
Superbubble
Nb superbubble removed: 0 0 (0s)
Tip
Nb Tip removed: 0 (0s)
Nb errors removed: 1 (0s)
Superbubble
Nb superbubble removed: 0 0 (0s)
Tip
Nb Tip removed: 0 (0s)
Nb errors removed: 1 (0s)
Superbubble
Nb superbubble removed: 0 0 (0s)
Tip
Nb Tip removed: 0 (0s)
Checksum: 0
Checksum abundnace: 0
Generating contigs
117.391
66.2641
45.2593
41.1448
34.004
30.9127
28.1025
21.1138
10.8347
9.84974
7.40025
5.05447
4.17725
3.13843
2.14359
0


metaMDBG toMinspace  /var/folders/zg/vq0dnx517c54hg87dyqjky740000gn/T/.tmpwTqywI/tmp/ /var/folders/zg/vq0dnx517c54hg87dyqjky740000gn/T/.tmpwTqywI/tmp//contigs.nodepath /var/folders/zg/vq0dnx517c54hg87dyqjky740000gn/T/.tmpwTqywI/tmp//unitig_data.txt --threads 10

Input dir: /var/folders/zg/vq0dnx517c54hg87dyqjky740000gn/T/.tmpwTqywI/tmp/
Minimizer length: 15
Kminmer length: 15
Density: 0.005

Loading unitig sequences

Creating mContigs

Contig filename: /var/folders/zg/vq0dnx517c54hg87dyqjky740000gn/T/.tmpwTqywI/tmp//unitig_data.txt
pass done: 15
Multi-k pass: 16/209


metaMDBG graph /var/folders/zg/vq0dnx517c54hg87dyqjky740000gn/T/.tmpwTqywI/tmp/ --threads 10 --corrected-read 

Contig filename: 
Output dir: /var/folders/zg/vq0dnx517c54hg87dyqjky740000gn/T/.tmpwTqywI/tmp/
Minimizer length: 15
Kminmer length: 16
Density: 0.005
Min abundance: 0

Loading refined abundances
	Duration: 0
Collecting kminmers
Building mdbg
Duration: 0
Nb solid kminmers: 27656
Nb small contigs written: 0
Dump kminmer abundances
	Duration: 0
Indexing edges
Edge index size: 27444
Edge index elements: 48751
	Duration: 0
Compute unitig nodes
	Duration: 0
Index unitig edges
	Duration: 0
Compute unitig edges
	Duration: 0
Dump unitig abundances
	Duration: 0
Nb edges:   0


metaMDBG contig  /var/folders/zg/vq0dnx517c54hg87dyqjky740000gn/T/.tmpwTqywI/tmp/ --threads 10

Input dir: /var/folders/zg/vq0dnx517c54hg87dyqjky740000gn/T/.tmpwTqywI/tmp/
Minimizer length: 15
Kminmer length: 16
Density: 0.005

Loading unitig graph
Load unitigs
Nb unitigs: 1794
Nb minimizers: 54566
Add unitig abundances
Sorting abundances
Add unitig edges
Nb unitig edges: 4044
Sorting unitig edges
Done loading unitig graph
Simplifying
Max abundance: 109
Nb unitigs: 1794
Superbubble
Nb superbubble removed: 296 0 (0s)
Tip
Nb Tip removed: 271 (0s)
Superbubble
Nb superbubble removed: 142 0 (0s)
Tip
Nb Tip removed: 0 (0s)
Nb errors removed: 406 (0s)
Superbubble
Nb superbubble removed: 8 0 (0s)
Tip
Nb Tip removed: 0 (0s)
Nb errors removed: 37 (0s)
Superbubble
Nb superbubble removed: 0 0 (0s)
Tip
Nb Tip removed: 0 (0s)
Nb errors removed: 5 (0s)
Superbubble
Nb superbubble removed: 0 0 (0s)
Tip
Nb Tip removed: 0 (0s)
Nb errors removed: 2 (0s)
Superbubble
Nb superbubble removed: 0 0 (0s)
Tip
Nb Tip removed: 0 (0s)
Nb errors removed: 2 (0s)
Superbubble
Nb superbubble removed: 0 0 (0s)
Tip
Nb Tip removed: 0 (0s)
Nb errors removed: 5 (0s)
Superbubble
Nb superbubble removed: 0 0 (0s)
Tip
Nb Tip removed: 0 (0s)
Nb errors removed: 3 (0s)
Superbubble
Nb superbubble removed: 0 0 (0s)
Tip
Nb Tip removed: 1 (0s)
Superbubble
Nb superbubble removed: 0 0 (0s)
Tip
Nb Tip removed: 0 (0s)
Nb errors removed: 2 (0s)
Superbubble
Nb superbubble removed: 0 0 (0s)
Tip
Nb Tip removed: 0 (0s)
Nb errors removed: 1 (0s)
Superbubble
Nb superbubble removed: 0 0 (0s)
Tip
Nb Tip removed: 0 (0s)
Nb errors removed: 3 (0s)
Superbubble
Nb superbubble removed: 0 0 (0s)
Tip
Nb Tip removed: 0 (0s)
Nb errors removed: 1 (0s)
Superbubble
Nb superbubble removed: 0 0 (0s)
Tip
Nb Tip removed: 2 (0s)
Superbubble
Nb superbubble removed: 0 0 (0s)
Tip
Nb Tip removed: 0 (0s)
Nb errors removed: 1 (0s)
Superbubble
Nb superbubble removed: 0 0 (0s)
Tip
Nb Tip removed: 0 (0s)
Nb errors removed: 4 (0s)
Superbubble
Nb superbubble removed: 0 0 (0s)
Tip
Nb Tip removed: 0 (0s)
Nb errors removed: 1 (0s)
Superbubble
Nb superbubble removed: 0 0 (0s)
Tip
Nb Tip removed: 0 (0s)
Nb errors removed: 1 (0s)
Superbubble
Nb superbubble removed: 0 0 (0s)
Tip
Nb Tip removed: 0 (0s)
Nb errors removed: 1 (0s)
Superbubble
Nb superbubble removed: 0 0 (0s)
Tip
Nb Tip removed: 0 (0s)
Checksum: 0
Checksum abundnace: 0
Generating contigs
117.391
66.2641
45.2593
41.1448
34.004
30.9127
28.1025
21.1138
10.8347
9.84974
7.40025
6.11591
5.05447
4.17725
3.13843
2.14359
0


metaMDBG toMinspace  /var/folders/zg/vq0dnx517c54hg87dyqjky740000gn/T/.tmpwTqywI/tmp/ /var/folders/zg/vq0dnx517c54hg87dyqjky740000gn/T/.tmpwTqywI/tmp//contigs.nodepath /var/folders/zg/vq0dnx517c54hg87dyqjky740000gn/T/.tmpwTqywI/tmp//unitig_data.txt --threads 10

Input dir: /var/folders/zg/vq0dnx517c54hg87dyqjky740000gn/T/.tmpwTqywI/tmp/
Minimizer length: 15
Kminmer length: 16
Density: 0.005

Loading unitig sequences

Creating mContigs

Contig filename: /var/folders/zg/vq0dnx517c54hg87dyqjky740000gn/T/.tmpwTqywI/tmp//unitig_data.txt
pass done: 16
Multi-k pass: 17/209


metaMDBG graph /var/folders/zg/vq0dnx517c54hg87dyqjky740000gn/T/.tmpwTqywI/tmp/ --threads 10 --corrected-read 

Contig filename: 
Output dir: /var/folders/zg/vq0dnx517c54hg87dyqjky740000gn/T/.tmpwTqywI/tmp/
Minimizer length: 15
Kminmer length: 17
Density: 0.005
Min abundance: 0

Loading refined abundances
	Duration: 0
Collecting kminmers
Building mdbg
Duration: 0
Nb solid kminmers: 27854
Nb small contigs written: 0
Dump kminmer abundances
	Duration: 0
Indexing edges
Edge index size: 27639
Edge index elements: 49233
	Duration: 0
Compute unitig nodes
	Duration: 0
Index unitig edges
	Duration: 0
Compute unitig edges
	Duration: 0
Dump unitig abundances
	Duration: 0
Nb edges:   0


metaMDBG contig  /var/folders/zg/vq0dnx517c54hg87dyqjky740000gn/T/.tmpwTqywI/tmp/ --threads 10

Input dir: /var/folders/zg/vq0dnx517c54hg87dyqjky740000gn/T/.tmpwTqywI/tmp/
Minimizer length: 15
Kminmer length: 17
Density: 0.005

Loading unitig graph
Load unitigs
Nb unitigs: 1771
Nb minimizers: 56190
Add unitig abundances
Sorting abundances
Add unitig edges
Nb unitig edges: 3990
Sorting unitig edges
Done loading unitig graph
Simplifying
Max abundance: 109
Nb unitigs: 1771
Superbubble
Nb superbubble removed: 284 0 (0s)
Tip
Nb Tip removed: 276 (0s)
Superbubble
Nb superbubble removed: 144 0 (0s)
Tip
Nb Tip removed: 0 (0s)
Nb errors removed: 394 (0s)
Superbubble
Nb superbubble removed: 8 0 (0s)
Tip
Nb Tip removed: 0 (0s)
Nb errors removed: 39 (0s)
Superbubble
Nb superbubble removed: 0 0 (0s)
Tip
Nb Tip removed: 0 (0s)
Nb errors removed: 7 (0s)
Superbubble
Nb superbubble removed: 0 0 (0s)
Tip
Nb Tip removed: 0 (0s)
Nb errors removed: 2 (0s)
Superbubble
Nb superbubble removed: 0 0 (0s)
Tip
Nb Tip removed: 0 (0s)
Nb errors removed: 2 (0s)
Superbubble
Nb superbubble removed: 0 0 (0s)
Tip
Nb Tip removed: 0 (0s)
Nb errors removed: 5 (0s)
Superbubble
Nb superbubble removed: 0 0 (0s)
Tip
Nb Tip removed: 0 (0s)
Nb errors removed: 1 (0s)
Superbubble
Nb superbubble removed: 0 0 (0s)
Tip
Nb Tip removed: 0 (0s)
Nb errors removed: 3 (0s)
Superbubble
Nb superbubble removed: 0 0 (0s)
Tip
Nb Tip removed: 1 (0s)
Superbubble
Nb superbubble removed: 0 0 (0s)
Tip
Nb Tip removed: 0 (0s)
Nb errors removed: 2 (0s)
Superbubble
Nb superbubble removed: 0 0 (0s)
Tip
Nb Tip removed: 0 (0s)
Nb errors removed: 1 (0s)
Superbubble
Nb superbubble removed: 0 0 (0s)
Tip
Nb Tip removed: 0 (0s)
Nb errors removed: 3 (0s)
Superbubble
Nb superbubble removed: 0 0 (0s)
Tip
Nb Tip removed: 0 (0s)
Nb errors removed: 1 (0s)
Superbubble
Nb superbubble removed: 0 0 (0s)
Tip
Nb Tip removed: 1 (0s)
Superbubble
Nb superbubble removed: 0 0 (0s)
Tip
Nb Tip removed: 0 (0s)
Nb errors removed: 1 (0s)
Superbubble
Nb superbubble removed: 0 0 (0s)
Tip
Nb Tip removed: 0 (0s)
Nb errors removed: 4 (0s)
Superbubble
Nb superbubble removed: 0 0 (0s)
Tip
Nb Tip removed: 0 (0s)
Nb errors removed: 1 (0s)
Superbubble
Nb superbubble removed: 0 0 (0s)
Tip
Nb Tip removed: 0 (0s)
Nb errors removed: 1 (0s)
Superbubble
Nb superbubble removed: 0 0 (0s)
Tip
Nb Tip removed: 0 (0s)
Checksum: 0
Checksum abundnace: 0
Generating contigs
117.391
45.2593
41.1448
34.004
30.9127
28.1025
21.1138
10.8347
9.84974
8.14028
7.40025
6.11591
5.05447
4.17725
3.13843
2.14359
0


metaMDBG toMinspace  /var/folders/zg/vq0dnx517c54hg87dyqjky740000gn/T/.tmpwTqywI/tmp/ /var/folders/zg/vq0dnx517c54hg87dyqjky740000gn/T/.tmpwTqywI/tmp//contigs.nodepath /var/folders/zg/vq0dnx517c54hg87dyqjky740000gn/T/.tmpwTqywI/tmp//unitig_data.txt --threads 10

Input dir: /var/folders/zg/vq0dnx517c54hg87dyqjky740000gn/T/.tmpwTqywI/tmp/
Minimizer length: 15
Kminmer length: 17
Density: 0.005

Loading unitig sequences

Creating mContigs

Contig filename: /var/folders/zg/vq0dnx517c54hg87dyqjky740000gn/T/.tmpwTqywI/tmp//unitig_data.txt
pass done: 17
Multi-k pass: 18/209


metaMDBG graph /var/folders/zg/vq0dnx517c54hg87dyqjky740000gn/T/.tmpwTqywI/tmp/ --threads 10 --corrected-read 

Contig filename: 
Output dir: /var/folders/zg/vq0dnx517c54hg87dyqjky740000gn/T/.tmpwTqywI/tmp/
Minimizer length: 15
Kminmer length: 18
Density: 0.005
Min abundance: 0

Loading refined abundances
	Duration: 0
Collecting kminmers
Building mdbg
Duration: 0
Nb solid kminmers: 28042
Nb small contigs written: 0
Dump kminmer abundances
	Duration: 0
Indexing edges
Edge index size: 27834
Edge index elements: 49347
	Duration: 0
Compute unitig nodes
	Duration: 0
Index unitig edges
	Duration: 0
Compute unitig edges
	Duration: 0
Dump unitig abundances
	Duration: 0
Nb edges:   0


metaMDBG contig  /var/folders/zg/vq0dnx517c54hg87dyqjky740000gn/T/.tmpwTqywI/tmp/ --threads 10

Input dir: /var/folders/zg/vq0dnx517c54hg87dyqjky740000gn/T/.tmpwTqywI/tmp/
Minimizer length: 15
Kminmer length: 18
Density: 0.005

Loading unitig graph
Load unitigs
Nb unitigs: 1725
Nb minimizers: 57367
Add unitig abundances
Sorting abundances
Add unitig edges
Nb unitig edges: 3908
Sorting unitig edges
Done loading unitig graph
Simplifying
Max abundance: 109
Nb unitigs: 1725
Superbubble
Nb superbubble removed: 276 0 (0s)
Tip
Nb Tip removed: 268 (0s)
Superbubble
Nb superbubble removed: 138 0 (0s)
Tip
Nb Tip removed: 0 (0s)
Nb errors removed: 383 (0s)
Superbubble
Nb superbubble removed: 8 0 (0s)
Tip
Nb Tip removed: 0 (0s)
Nb errors removed: 41 (0s)
Superbubble
Nb superbubble removed: 0 0 (0s)
Tip
Nb Tip removed: 0 (0s)
Nb errors removed: 6 (0s)
Superbubble
Nb superbubble removed: 0 0 (0s)
Tip
Nb Tip removed: 0 (0s)
Nb errors removed: 2 (0s)
Superbubble
Nb superbubble removed: 0 0 (0s)
Tip
Nb Tip removed: 0 (0s)
Nb errors removed: 2 (0s)
Superbubble
Nb superbubble removed: 0 0 (0s)
Tip
Nb Tip removed: 0 (0s)
Nb errors removed: 5 (0s)
Superbubble
Nb superbubble removed: 0 0 (0s)
Tip
Nb Tip removed: 0 (0s)
Nb errors removed: 1 (0s)
Superbubble
Nb superbubble removed: 0 0 (0s)
Tip
Nb Tip removed: 0 (0s)
Nb errors removed: 3 (0s)
Superbubble
Nb superbubble removed: 0 0 (0s)
Tip
Nb Tip removed: 1 (0s)
Superbubble
Nb superbubble removed: 0 0 (0s)
Tip
Nb Tip removed: 0 (0s)
Nb errors removed: 2 (0s)
Superbubble
Nb superbubble removed: 0 0 (0s)
Tip
Nb Tip removed: 0 (0s)
Nb errors removed: 1 (0s)
Superbubble
Nb superbubble removed: 0 0 (0s)
Tip
Nb Tip removed: 0 (0s)
Nb errors removed: 3 (0s)
Superbubble
Nb superbubble removed: 0 0 (0s)
Tip
Nb Tip removed: 0 (0s)
Nb errors removed: 1 (0s)
Superbubble
Nb superbubble removed: 0 0 (0s)
Tip
Nb Tip removed: 1 (0s)
Superbubble
Nb superbubble removed: 0 0 (0s)
Tip
Nb Tip removed: 0 (0s)
Nb errors removed: 1 (0s)
Superbubble
Nb superbubble removed: 0 0 (0s)
Tip
Nb Tip removed: 0 (0s)
Nb errors removed: 4 (0s)
Superbubble
Nb superbubble removed: 0 0 (0s)
Tip
Nb Tip removed: 0 (0s)
Nb errors removed: 1 (0s)
Superbubble
Nb superbubble removed: 0 0 (0s)
Tip
Nb Tip removed: 0 (0s)
Nb errors removed: 1 (0s)
Superbubble
Nb superbubble removed: 0 0 (0s)
Tip
Nb Tip removed: 0 (0s)
Checksum: 0
Checksum abundnace: 0
Generating contigs
117.391
45.2593
41.1448
34.004
30.9127
28.1025
21.1138
10.8347
9.84974
8.14028
7.40025
6.11591
5.05447
4.17725
3.13843
2.14359
0


metaMDBG toMinspace  /var/folders/zg/vq0dnx517c54hg87dyqjky740000gn/T/.tmpwTqywI/tmp/ /var/folders/zg/vq0dnx517c54hg87dyqjky740000gn/T/.tmpwTqywI/tmp//contigs.nodepath /var/folders/zg/vq0dnx517c54hg87dyqjky740000gn/T/.tmpwTqywI/tmp//unitig_data.txt --threads 10

Input dir: /var/folders/zg/vq0dnx517c54hg87dyqjky740000gn/T/.tmpwTqywI/tmp/
Minimizer length: 15
Kminmer length: 18
Density: 0.005

Loading unitig sequences

Creating mContigs

Contig filename: /var/folders/zg/vq0dnx517c54hg87dyqjky740000gn/T/.tmpwTqywI/tmp//unitig_data.txt
pass done: 18
Multi-k pass: 19/209


metaMDBG graph /var/folders/zg/vq0dnx517c54hg87dyqjky740000gn/T/.tmpwTqywI/tmp/ --threads 10 --corrected-read 

Contig filename: 
Output dir: /var/folders/zg/vq0dnx517c54hg87dyqjky740000gn/T/.tmpwTqywI/tmp/
Minimizer length: 15
Kminmer length: 19
Density: 0.005
Min abundance: 0

Loading refined abundances
	Duration: 0
Collecting kminmers
Building mdbg
Duration: 0
Nb solid kminmers: 28226
Nb small contigs written: 0
Dump kminmer abundances
	Duration: 0
Indexing edges
Edge index size: 28018
Edge index elements: 49585
	Duration: 0
Compute unitig nodes
	Duration: 0
Index unitig edges
	Duration: 0
Compute unitig edges
	Duration: 0
Dump unitig abundances
	Duration: 0
Nb edges:   0


metaMDBG contig  /var/folders/zg/vq0dnx517c54hg87dyqjky740000gn/T/.tmpwTqywI/tmp/ --threads 10

Input dir: /var/folders/zg/vq0dnx517c54hg87dyqjky740000gn/T/.tmpwTqywI/tmp/
Minimizer length: 15
Kminmer length: 19
Density: 0.005

Loading unitig graph
Load unitigs
Nb unitigs: 1701
Nb minimizers: 58844
Add unitig abundances
Sorting abundances
Add unitig edges
Nb unitig edges: 3854
Sorting unitig edges
Done loading unitig graph
Simplifying
Max abundance: 109
Nb unitigs: 1701
Superbubble
Nb superbubble removed: 256 0 (0s)
Tip
Nb Tip removed: 270 (0s)
Superbubble
Nb superbubble removed: 134 0 (0s)
Tip
Nb Tip removed: 0 (0s)
Nb errors removed: 374 (0s)
Superbubble
Nb superbubble removed: 8 0 (0s)
Tip
Nb Tip removed: 0 (0s)
Nb errors removed: 44 (0s)
Superbubble
Nb superbubble removed: 0 0 (0s)
Tip
Nb Tip removed: 0 (0s)
Nb errors removed: 6 (0s)
Superbubble
Nb superbubble removed: 0 0 (0s)
Tip
Nb Tip removed: 0 (0s)
Nb errors removed: 2 (0s)
Superbubble
Nb superbubble removed: 0 0 (0s)
Tip
Nb Tip removed: 0 (0s)
Nb errors removed: 2 (0s)
Superbubble
Nb superbubble removed: 0 0 (0s)
Tip
Nb Tip removed: 0 (0s)
Nb errors removed: 8 (0s)
Superbubble
Nb superbubble removed: 0 0 (0s)
Tip
Nb Tip removed: 0 (0s)
Nb errors removed: 1 (0s)
Superbubble
Nb superbubble removed: 0 0 (0s)
Tip
Nb Tip removed: 0 (0s)
Nb errors removed: 3 (0s)
Superbubble
Nb superbubble removed: 0 0 (0s)
Tip
Nb Tip removed: 1 (0s)
Superbubble
Nb superbubble removed: 0 0 (0s)
Tip
Nb Tip removed: 0 (0s)
Nb errors removed: 2 (0s)
Superbubble
Nb superbubble removed: 0 0 (0s)
Tip
Nb Tip removed: 0 (0s)
Nb errors removed: 1 (0s)
Superbubble
Nb superbubble removed: 0 0 (0s)
Tip
Nb Tip removed: 0 (0s)
Nb errors removed: 1 (0s)
Superbubble
Nb superbubble removed: 0 0 (0s)
Tip
Nb Tip removed: 0 (0s)
Nb errors removed: 3 (0s)
Superbubble
Nb superbubble removed: 0 0 (0s)
Tip
Nb Tip removed: 0 (0s)
Nb errors removed: 1 (0s)
Superbubble
Nb superbubble removed: 0 0 (0s)
Tip
Nb Tip removed: 0 (0s)
Nb errors removed: 1 (0s)
Superbubble
Nb superbubble removed: 0 0 (0s)
Tip
Nb Tip removed: 0 (0s)
Nb errors removed: 4 (0s)
Superbubble
Nb superbubble removed: 0 0 (0s)
Tip
Nb Tip removed: 0 (0s)
Nb errors removed: 1 (0s)
Superbubble
Nb superbubble removed: 0 0 (0s)
Tip
Nb Tip removed: 0 (0s)
Checksum: 0
Checksum abundnace: 0
Generating contigs
45.2593
41.1448
34.004
30.9127
28.1025
21.1138
14.421
10.8347
9.84974
8.14028
7.40025
6.11591
5.05447
4.17725
3.13843
2.14359
0


metaMDBG toMinspace  /var/folders/zg/vq0dnx517c54hg87dyqjky740000gn/T/.tmpwTqywI/tmp/ /var/folders/zg/vq0dnx517c54hg87dyqjky740000gn/T/.tmpwTqywI/tmp//contigs.nodepath /var/folders/zg/vq0dnx517c54hg87dyqjky740000gn/T/.tmpwTqywI/tmp//unitig_data.txt --threads 10

Input dir: /var/folders/zg/vq0dnx517c54hg87dyqjky740000gn/T/.tmpwTqywI/tmp/
Minimizer length: 15
Kminmer length: 19
Density: 0.005

Loading unitig sequences

Creating mContigs

Contig filename: /var/folders/zg/vq0dnx517c54hg87dyqjky740000gn/T/.tmpwTqywI/tmp//unitig_data.txt
pass done: 19
Multi-k pass: 20/209


metaMDBG graph /var/folders/zg/vq0dnx517c54hg87dyqjky740000gn/T/.tmpwTqywI/tmp/ --threads 10 --corrected-read 

Contig filename: 
Output dir: /var/folders/zg/vq0dnx517c54hg87dyqjky740000gn/T/.tmpwTqywI/tmp/
Minimizer length: 15
Kminmer length: 20
Density: 0.005
Min abundance: 0

Loading refined abundances
	Duration: 0
Collecting kminmers
Building mdbg
Duration: 0
Nb solid kminmers: 28421
Nb small contigs written: 0
Dump kminmer abundances
	Duration: 0
Indexing edges
Edge index size: 28212
Edge index elements: 49872
	Duration: 0
Compute unitig nodes
	Duration: 0
Index unitig edges
	Duration: 0
Compute unitig edges
	Duration: 0
Dump unitig abundances
	Duration: 0
Nb edges:   0


metaMDBG contig  /var/folders/zg/vq0dnx517c54hg87dyqjky740000gn/T/.tmpwTqywI/tmp/ --threads 10

Input dir: /var/folders/zg/vq0dnx517c54hg87dyqjky740000gn/T/.tmpwTqywI/tmp/
Minimizer length: 15
Kminmer length: 20
Density: 0.005

Loading unitig graph
Load unitigs
Nb unitigs: 1686
Nb minimizers: 60455
Add unitig abundances
Sorting abundances
Add unitig edges
Nb unitig edges: 3810
Sorting unitig edges
Done loading unitig graph
Simplifying
Max abundance: 109
Nb unitigs: 1686
Superbubble
Nb superbubble removed: 250 0 (0s)
Tip
Nb Tip removed: 263 (0s)
Superbubble
Nb superbubble removed: 136 0 (0s)
Tip
Nb Tip removed: 0 (0s)
Nb errors removed: 365 (0s)
Superbubble
Nb superbubble removed: 8 0 (0s)
Tip
Nb Tip removed: 0 (0s)
Nb errors removed: 44 (0s)
Superbubble
Nb superbubble removed: 0 0 (0s)
Tip
Nb Tip removed: 0 (0s)
Nb errors removed: 6 (0s)
Superbubble
Nb superbubble removed: 0 0 (0s)
Tip
Nb Tip removed: 0 (0s)
Nb errors removed: 2 (0s)
Superbubble
Nb superbubble removed: 0 0 (0s)
Tip
Nb Tip removed: 0 (0s)
Nb errors removed: 2 (0s)
Superbubble
Nb superbubble removed: 0 0 (0s)
Tip
Nb Tip removed: 0 (0s)
Nb errors removed: 8 (0s)
Superbubble
Nb superbubble removed: 0 0 (0s)
Tip
Nb Tip removed: 0 (0s)
Nb errors removed: 1 (0s)
Superbubble
Nb superbubble removed: 0 0 (0s)
Tip
Nb Tip removed: 0 (0s)
Nb errors removed: 3 (0s)
Superbubble
Nb superbubble removed: 0 0 (0s)
Tip
Nb Tip removed: 1 (0s)
Superbubble
Nb superbubble removed: 0 0 (0s)
Tip
Nb Tip removed: 0 (0s)
Nb errors removed: 2 (0s)
Superbubble
Nb superbubble removed: 0 0 (0s)
Tip
Nb Tip removed: 0 (0s)
Nb errors removed: 1 (0s)
Superbubble
Nb superbubble removed: 0 0 (0s)
Tip
Nb Tip removed: 0 (0s)
Nb errors removed: 1 (0s)
Superbubble
Nb superbubble removed: 0 0 (0s)
Tip
Nb Tip removed: 0 (0s)
Nb errors removed: 2 (0s)
Superbubble
Nb superbubble removed: 0 0 (0s)
Tip
Nb Tip removed: 0 (0s)
Nb errors removed: 1 (0s)
Superbubble
Nb superbubble removed: 0 0 (0s)
Tip
Nb Tip removed: 0 (0s)
Nb errors removed: 1 (0s)
Superbubble
Nb superbubble removed: 0 0 (0s)
Tip
Nb Tip removed: 0 (0s)
Nb errors removed: 4 (0s)
Superbubble
Nb superbubble removed: 0 0 (0s)
Tip
Nb Tip removed: 0 (0s)
Nb errors removed: 1 (0s)
Superbubble
Nb superbubble removed: 0 0 (0s)
Tip
Nb Tip removed: 0 (0s)
Checksum: 0
Checksum abundnace: 0
Generating contigs
45.2593
41.1448
34.004
30.9127
28.1025
21.1138
14.421
10.8347
9.84974
8.14028
7.40025
6.11591
5.05447
4.17725
3.13843
2.14359
0


metaMDBG toMinspace  /var/folders/zg/vq0dnx517c54hg87dyqjky740000gn/T/.tmpwTqywI/tmp/ /var/folders/zg/vq0dnx517c54hg87dyqjky740000gn/T/.tmpwTqywI/tmp//contigs.nodepath /var/folders/zg/vq0dnx517c54hg87dyqjky740000gn/T/.tmpwTqywI/tmp//unitig_data.txt --threads 10

Input dir: /var/folders/zg/vq0dnx517c54hg87dyqjky740000gn/T/.tmpwTqywI/tmp/
Minimizer length: 15
Kminmer length: 20
Density: 0.005

Loading unitig sequences

Creating mContigs

Contig filename: /var/folders/zg/vq0dnx517c54hg87dyqjky740000gn/T/.tmpwTqywI/tmp//unitig_data.txt
pass done: 20
Multi-k pass: 21/209


metaMDBG graph /var/folders/zg/vq0dnx517c54hg87dyqjky740000gn/T/.tmpwTqywI/tmp/ --threads 10 --corrected-read 

Contig filename: 
Output dir: /var/folders/zg/vq0dnx517c54hg87dyqjky740000gn/T/.tmpwTqywI/tmp/
Minimizer length: 15
Kminmer length: 21
Density: 0.005
Min abundance: 0

Loading refined abundances
	Duration: 0
Collecting kminmers
Building mdbg
Duration: 0
Nb solid kminmers: 28615
Nb small contigs written: 0
Dump kminmer abundances
	Duration: 0
Indexing edges
Edge index size: 28403
Edge index elements: 50226
	Duration: 0
Compute unitig nodes
	Duration: 0
Index unitig edges
	Duration: 0
Compute unitig edges
	Duration: 0
Dump unitig abundances
	Duration: 0
Nb edges:   0


metaMDBG contig  /var/folders/zg/vq0dnx517c54hg87dyqjky740000gn/T/.tmpwTqywI/tmp/ --threads 10 --gen-graph 

Input dir: /var/folders/zg/vq0dnx517c54hg87dyqjky740000gn/T/.tmpwTqywI/tmp/
Minimizer length: 15
Kminmer length: 21
Density: 0.005

Loading unitig graph
Load unitigs
Nb unitigs: 1654
Nb minimizers: 61695
Add unitig abundances
Sorting abundances
Add unitig edges
Nb unitig edges: 3770
Sorting unitig edges
Done loading unitig graph
Simplifying
Max abundance: 109
Nb unitigs: 1654
Superbubble
Nb superbubble removed: 232 0 (0s)
Tip
Nb Tip removed: 261 (0s)
Superbubble
Nb superbubble removed: 132 0 (0s)
Tip
Nb Tip removed: 0 (0s)
Saving unitig graph: /var/folders/zg/vq0dnx517c54hg87dyqjky740000gn/T/.tmpwTqywI/tmp//assembly_graph.gfa
Nb errors removed: 353 (0s)
Superbubble
Nb superbubble removed: 4 0 (0s)
Tip
Nb Tip removed: 0 (0s)
Nb errors removed: 45 (0s)
Superbubble
Nb superbubble removed: 0 0 (0s)
Tip
Nb Tip removed: 0 (0s)
Nb errors removed: 6 (0s)
Superbubble
Nb superbubble removed: 0 0 (0s)
Tip
Nb Tip removed: 0 (0s)
Nb errors removed: 3 (0s)
Superbubble
Nb superbubble removed: 6 0 (0s)
Tip
Nb Tip removed: 0 (0s)
Nb errors removed: 3 (0s)
Superbubble
Nb superbubble removed: 0 0 (0s)
Tip
Nb Tip removed: 0 (0s)
Nb errors removed: 7 (0s)
Superbubble
Nb superbubble removed: 2 0 (0s)
Tip
Nb Tip removed: 0 (0s)
Nb errors removed: 1 (0s)
Superbubble
Nb superbubble removed: 0 0 (0s)
Tip
Nb Tip removed: 0 (0s)
Nb errors removed: 3 (0s)
Superbubble
Nb superbubble removed: 0 0 (0s)
Tip
Nb Tip removed: 1 (0s)
Superbubble
Nb superbubble removed: 0 0 (0s)
Tip
Nb Tip removed: 0 (0s)
Nb errors removed: 2 (0s)
Superbubble
Nb superbubble removed: 0 0 (0s)
Tip
Nb Tip removed: 0 (0s)
Nb errors removed: 1 (0s)
Superbubble
Nb superbubble removed: 0 0 (0s)
Tip
Nb Tip removed: 0 (0s)
Nb errors removed: 1 (0s)
Superbubble
Nb superbubble removed: 0 0 (0s)
Tip
Nb Tip removed: 0 (0s)
Nb errors removed: 2 (0s)
Superbubble
Nb superbubble removed: 0 0 (0s)
Tip
Nb Tip removed: 0 (0s)
Nb errors removed: 1 (0s)
Superbubble
Nb superbubble removed: 0 0 (0s)
Tip
Nb Tip removed: 0 (0s)
Nb errors removed: 1 (0s)
Superbubble
Nb superbubble removed: 0 0 (0s)
Tip
Nb Tip removed: 0 (0s)
Nb errors removed: 4 (0s)
Superbubble
Nb superbubble removed: 0 0 (0s)
Tip
Nb Tip removed: 0 (0s)
Nb errors removed: 1 (0s)
Superbubble
Nb superbubble removed: 0 0 (0s)
Tip
Nb Tip removed: 0 (0s)
Checksum: 0
Checksum abundnace: 0
Generating contigs
45.2593
41.1448
34.004
30.9127
28.1025
21.1138
14.421
10.8347
9.84974
8.14028
7.40025
6.11591
5.05447
4.17725
3.13843
2.14359
0


metaMDBG toMinspace  /var/folders/zg/vq0dnx517c54hg87dyqjky740000gn/T/.tmpwTqywI/tmp/ /var/folders/zg/vq0dnx517c54hg87dyqjky740000gn/T/.tmpwTqywI/tmp//contigs.nodepath /var/folders/zg/vq0dnx517c54hg87dyqjky740000gn/T/.tmpwTqywI/tmp//unitig_data.txt --threads 10

Input dir: /var/folders/zg/vq0dnx517c54hg87dyqjky740000gn/T/.tmpwTqywI/tmp/
Minimizer length: 15
Kminmer length: 21
Density: 0.005

Loading unitig sequences

Creating mContigs

Contig filename: /var/folders/zg/vq0dnx517c54hg87dyqjky740000gn/T/.tmpwTqywI/tmp//unitig_data.txt


metaMDBG toMinspace  /var/folders/zg/vq0dnx517c54hg87dyqjky740000gn/T/.tmpwTqywI/tmp/ /var/folders/zg/vq0dnx517c54hg87dyqjky740000gn/T/.tmpwTqywI/tmp//assembly_graph.gfa.unitigs.nodepath /var/folders/zg/vq0dnx517c54hg87dyqjky740000gn/T/.tmpwTqywI/tmp//assembly_graph.gfa.unitigs --threads 10

Input dir: /var/folders/zg/vq0dnx517c54hg87dyqjky740000gn/T/.tmpwTqywI/tmp/
Minimizer length: 15
Kminmer length: 21
Density: 0.005

Loading unitig sequences

Creating mContigs

Contig filename: /var/folders/zg/vq0dnx517c54hg87dyqjky740000gn/T/.tmpwTqywI/tmp//assembly_graph.gfa.unitigs
pass done: 21
Multi-k pass: 22/209


metaMDBG graph /var/folders/zg/vq0dnx517c54hg87dyqjky740000gn/T/.tmpwTqywI/tmp/ --threads 10 --corrected-read 

Contig filename: 
Output dir: /var/folders/zg/vq0dnx517c54hg87dyqjky740000gn/T/.tmpwTqywI/tmp/
Minimizer length: 15
Kminmer length: 22
Density: 0.005
Min abundance: 0

Loading refined abundances
	Duration: 0
Collecting kminmers
Building mdbg
Duration: 0
Nb solid kminmers: 28822
Nb small contigs written: 0
Dump kminmer abundances
	Duration: 0
Indexing edges
Edge index size: 28603
Edge index elements: 50615
	Duration: 0
Compute unitig nodes
	Duration: 0
Index unitig edges
	Duration: 0
Compute unitig edges
	Duration: 0
Dump unitig abundances
	Duration: 0
Nb edges:   0


metaMDBG contig  /var/folders/zg/vq0dnx517c54hg87dyqjky740000gn/T/.tmpwTqywI/tmp/ --threads 10

Input dir: /var/folders/zg/vq0dnx517c54hg87dyqjky740000gn/T/.tmpwTqywI/tmp/
Minimizer length: 15
Kminmer length: 22
Density: 0.005

Loading unitig graph
Load unitigs
Nb unitigs: 1633
Nb minimizers: 63115
Add unitig abundances
Sorting abundances
Add unitig edges
Nb unitig edges: 3738
Sorting unitig edges
Done loading unitig graph
Simplifying
Max abundance: 109
Nb unitigs: 1633
Superbubble
Nb superbubble removed: 224 0 (0s)
Tip
Nb Tip removed: 254 (0s)
Superbubble
Nb superbubble removed: 128 0 (0s)
Tip
Nb Tip removed: 0 (0s)
Nb errors removed: 341 (0s)
Superbubble
Nb superbubble removed: 4 0 (0s)
Tip
Nb Tip removed: 0 (0s)
Nb errors removed: 43 (0s)
Superbubble
Nb superbubble removed: 0 0 (0s)
Tip
Nb Tip removed: 0 (0s)
Nb errors removed: 6 (0s)
Superbubble
Nb superbubble removed: 0 0 (0s)
Tip
Nb Tip removed: 0 (0s)
Nb errors removed: 5 (0s)
Superbubble
Nb superbubble removed: 6 0 (0s)
Tip
Nb Tip removed: 0 (0s)
Nb errors removed: 3 (0s)
Superbubble
Nb superbubble removed: 0 0 (0s)
Tip
Nb Tip removed: 0 (0s)
Nb errors removed: 5 (0s)
Superbubble
Nb superbubble removed: 2 0 (0s)
Tip
Nb Tip removed: 0 (0s)
Nb errors removed: 1 (0s)
Superbubble
Nb superbubble removed: 0 0 (0s)
Tip
Nb Tip removed: 0 (0s)
Nb errors removed: 3 (0s)
Superbubble
Nb superbubble removed: 0 0 (0s)
Tip
Nb Tip removed: 1 (0s)
Superbubble
Nb superbubble removed: 0 0 (0s)
Tip
Nb Tip removed: 0 (0s)
Nb errors removed: 2 (0s)
Superbubble
Nb superbubble removed: 0 0 (0s)
Tip
Nb Tip removed: 0 (0s)
Nb errors removed: 1 (0s)
Superbubble
Nb superbubble removed: 0 0 (0s)
Tip
Nb Tip removed: 0 (0s)
Nb errors removed: 1 (0s)
Superbubble
Nb superbubble removed: 0 0 (0s)
Tip
Nb Tip removed: 0 (0s)
Nb errors removed: 2 (0s)
Superbubble
Nb superbubble removed: 0 0 (0s)
Tip
Nb Tip removed: 0 (0s)
Nb errors removed: 1 (0s)
Superbubble
Nb superbubble removed: 0 0 (0s)
Tip
Nb Tip removed: 0 (0s)
Nb errors removed: 1 (0s)
Superbubble
Nb superbubble removed: 0 0 (0s)
Tip
Nb Tip removed: 0 (0s)
Nb errors removed: 4 (0s)
Superbubble
Nb superbubble removed: 0 0 (0s)
Tip
Nb Tip removed: 0 (0s)
Nb errors removed: 1 (0s)
Superbubble
Nb superbubble removed: 0 0 (0s)
Tip
Nb Tip removed: 0 (0s)
Checksum: 0
Checksum abundnace: 0
Generating contigs
45.2593
41.1448
34.004
30.9127
28.1025
21.1138
14.421
10.8347
9.84974
8.14028
7.40025
6.11591
5.05447
4.17725
3.13843
2.14359
0


metaMDBG toMinspace  /var/folders/zg/vq0dnx517c54hg87dyqjky740000gn/T/.tmpwTqywI/tmp/ /var/folders/zg/vq0dnx517c54hg87dyqjky740000gn/T/.tmpwTqywI/tmp//contigs.nodepath /var/folders/zg/vq0dnx517c54hg87dyqjky740000gn/T/.tmpwTqywI/tmp//unitig_data.txt --threads 10

Input dir: /var/folders/zg/vq0dnx517c54hg87dyqjky740000gn/T/.tmpwTqywI/tmp/
Minimizer length: 15
Kminmer length: 22
Density: 0.005

Loading unitig sequences

Creating mContigs

Contig filename: /var/folders/zg/vq0dnx517c54hg87dyqjky740000gn/T/.tmpwTqywI/tmp//unitig_data.txt
pass done: 22
Multi-k pass: 23/209


metaMDBG graph /var/folders/zg/vq0dnx517c54hg87dyqjky740000gn/T/.tmpwTqywI/tmp/ --threads 10 --corrected-read 

Contig filename: 
Output dir: /var/folders/zg/vq0dnx517c54hg87dyqjky740000gn/T/.tmpwTqywI/tmp/
Minimizer length: 15
Kminmer length: 23
Density: 0.005
Min abundance: 0

Loading refined abundances
	Duration: 0
Collecting kminmers
Building mdbg
Duration: 0
Nb solid kminmers: 29028
Nb small contigs written: 0
Dump kminmer abundances
	Duration: 0
Indexing edges
Edge index size: 28816
Edge index elements: 50958
	Duration: 0
Compute unitig nodes
	Duration: 0
Index unitig edges
	Duration: 0
Compute unitig edges
	Duration: 0
Dump unitig abundances
	Duration: 0
Nb edges:   0


metaMDBG contig  /var/folders/zg/vq0dnx517c54hg87dyqjky740000gn/T/.tmpwTqywI/tmp/ --threads 10

Input dir: /var/folders/zg/vq0dnx517c54hg87dyqjky740000gn/T/.tmpwTqywI/tmp/
Minimizer length: 15
Kminmer length: 23
Density: 0.005

Loading unitig graph
Load unitigs
Nb unitigs: 1632
Nb minimizers: 64932
Add unitig abundances
Sorting abundances
Add unitig edges
Nb unitig edges: 3710
Sorting unitig edges
Done loading unitig graph
Simplifying
Max abundance: 109
Nb unitigs: 1632
Superbubble
Nb superbubble removed: 218 0 (0s)
Tip
Nb Tip removed: 255 (0s)
Superbubble
Nb superbubble removed: 124 0 (0s)
Tip
Nb Tip removed: 0 (0s)
Nb errors removed: 342 (0s)
Superbubble
Nb superbubble removed: 4 0 (0s)
Tip
Nb Tip removed: 0 (0s)
Nb errors removed: 46 (0s)
Superbubble
Nb superbubble removed: 0 0 (0s)
Tip
Nb Tip removed: 0 (0s)
Nb errors removed: 6 (0s)
Superbubble
Nb superbubble removed: 0 0 (0s)
Tip
Nb Tip removed: 0 (0s)
Nb errors removed: 5 (0s)
Superbubble
Nb superbubble removed: 6 0 (0s)
Tip
Nb Tip removed: 0 (0s)
Nb errors removed: 3 (0s)
Superbubble
Nb superbubble removed: 0 0 (0s)
Tip
Nb Tip removed: 0 (0s)
Nb errors removed: 5 (0s)
Superbubble
Nb superbubble removed: 2 0 (0s)
Tip
Nb Tip removed: 0 (0s)
Nb errors removed: 1 (0s)
Superbubble
Nb superbubble removed: 0 0 (0s)
Tip
Nb Tip removed: 0 (0s)
Nb errors removed: 3 (0s)
Superbubble
Nb superbubble removed: 0 0 (0s)
Tip
Nb Tip removed: 1 (0s)
Superbubble
Nb superbubble removed: 0 0 (0s)
Tip
Nb Tip removed: 0 (0s)
Nb errors removed: 2 (0s)
Superbubble
Nb superbubble removed: 0 0 (0s)
Tip
Nb Tip removed: 0 (0s)
Nb errors removed: 1 (0s)
Superbubble
Nb superbubble removed: 0 0 (0s)
Tip
Nb Tip removed: 0 (0s)
Nb errors removed: 1 (0s)
Superbubble
Nb superbubble removed: 0 0 (0s)
Tip
Nb Tip removed: 0 (0s)
Nb errors removed: 2 (0s)
Superbubble
Nb superbubble removed: 0 0 (0s)
Tip
Nb Tip removed: 0 (0s)
Nb errors removed: 1 (0s)
Superbubble
Nb superbubble removed: 0 0 (0s)
Tip
Nb Tip removed: 0 (0s)
Nb errors removed: 1 (0s)
Superbubble
Nb superbubble removed: 0 0 (0s)
Tip
Nb Tip removed: 0 (0s)
Nb errors removed: 2 (0s)
Superbubble
Nb superbubble removed: 0 0 (0s)
Tip
Nb Tip removed: 0 (0s)
Nb errors removed: 1 (0s)
Superbubble
Nb superbubble removed: 0 0 (0s)
Tip
Nb Tip removed: 0 (0s)
Checksum: 0
Checksum abundnace: 0
Generating contigs
45.2593
41.1448
34.004
30.9127
28.1025
21.1138
14.421
10.8347
9.84974
8.14028
7.40025
6.11591
5.05447
4.17725
3.13843
2.14359
0


metaMDBG toMinspace  /var/folders/zg/vq0dnx517c54hg87dyqjky740000gn/T/.tmpwTqywI/tmp/ /var/folders/zg/vq0dnx517c54hg87dyqjky740000gn/T/.tmpwTqywI/tmp//contigs.nodepath /var/folders/zg/vq0dnx517c54hg87dyqjky740000gn/T/.tmpwTqywI/tmp//unitig_data.txt --threads 10

Input dir: /var/folders/zg/vq0dnx517c54hg87dyqjky740000gn/T/.tmpwTqywI/tmp/
Minimizer length: 15
Kminmer length: 23
Density: 0.005

Loading unitig sequences

Creating mContigs

Contig filename: /var/folders/zg/vq0dnx517c54hg87dyqjky740000gn/T/.tmpwTqywI/tmp//unitig_data.txt
pass done: 23
Multi-k pass: 24/209


metaMDBG graph /var/folders/zg/vq0dnx517c54hg87dyqjky740000gn/T/.tmpwTqywI/tmp/ --threads 10 --corrected-read 

Contig filename: 
Output dir: /var/folders/zg/vq0dnx517c54hg87dyqjky740000gn/T/.tmpwTqywI/tmp/
Minimizer length: 15
Kminmer length: 24
Density: 0.005
Min abundance: 0

Loading refined abundances
	Duration: 0
Collecting kminmers
Building mdbg
Duration: 0
Nb solid kminmers: 29229
Nb small contigs written: 0
Dump kminmer abundances
	Duration: 0
Indexing edges
Edge index size: 29018
Edge index elements: 51464
	Duration: 0
Compute unitig nodes
	Duration: 0
Index unitig edges
	Duration: 0
Compute unitig edges
	Duration: 0
Dump unitig abundances
	Duration: 0
Nb edges:   0


metaMDBG contig  /var/folders/zg/vq0dnx517c54hg87dyqjky740000gn/T/.tmpwTqywI/tmp/ --threads 10

Input dir: /var/folders/zg/vq0dnx517c54hg87dyqjky740000gn/T/.tmpwTqywI/tmp/
Minimizer length: 15
Kminmer length: 24
Density: 0.005

Loading unitig graph
Load unitigs
Nb unitigs: 1610
Nb minimizers: 66259
Add unitig abundances
Sorting abundances
Add unitig edges
Nb unitig edges: 3666
Sorting unitig edges
Done loading unitig graph
Simplifying
Max abundance: 109
Nb unitigs: 1610
Superbubble
Nb superbubble removed: 214 0 (0s)
Tip
Nb Tip removed: 250 (0s)
Superbubble
Nb superbubble removed: 124 0 (0s)
Tip
Nb Tip removed: 0 (0s)
Nb errors removed: 333 (0s)
Superbubble
Nb superbubble removed: 4 0 (0s)
Tip
Nb Tip removed: 0 (0s)
Nb errors removed: 47 (0s)
Superbubble
Nb superbubble removed: 0 0 (0s)
Tip
Nb Tip removed: 1 (0s)
Superbubble
Nb superbubble removed: 2 0 (0s)
Tip
Nb Tip removed: 0 (0s)
Nb errors removed: 8 (0s)
Superbubble
Nb superbubble removed: 0 0 (0s)
Tip
Nb Tip removed: 0 (0s)
Nb errors removed: 5 (0s)
Superbubble
Nb superbubble removed: 4 0 (0s)
Tip
Nb Tip removed: 0 (0s)
Nb errors removed: 2 (0s)
Superbubble
Nb superbubble removed: 0 0 (0s)
Tip
Nb Tip removed: 0 (0s)
Nb errors removed: 5 (0s)
Superbubble
Nb superbubble removed: 2 0 (0s)
Tip
Nb Tip removed: 0 (0s)
Nb errors removed: 1 (0s)
Superbubble
Nb superbubble removed: 0 0 (0s)
Tip
Nb Tip removed: 0 (0s)
Nb errors removed: 3 (0s)
Superbubble
Nb superbubble removed: 0 0 (0s)
Tip
Nb Tip removed: 1 (0s)
Superbubble
Nb superbubble removed: 0 0 (0s)
Tip
Nb Tip removed: 0 (0s)
Nb errors removed: 2 (0s)
Superbubble
Nb superbubble removed: 0 0 (0s)
Tip
Nb Tip removed: 0 (0s)
Nb errors removed: 1 (0s)
Superbubble
Nb superbubble removed: 0 0 (0s)
Tip
Nb Tip removed: 0 (0s)
Nb errors removed: 1 (0s)
Superbubble
Nb superbubble removed: 0 0 (0s)
Tip
Nb Tip removed: 0 (0s)
Nb errors removed: 2 (0s)
Superbubble
Nb superbubble removed: 0 0 (0s)
Tip
Nb Tip removed: 0 (0s)
Nb errors removed: 1 (0s)
Superbubble
Nb superbubble removed: 0 0 (0s)
Tip
Nb Tip removed: 0 (0s)
Nb errors removed: 1 (0s)
Superbubble
Nb superbubble removed: 0 0 (0s)
Tip
Nb Tip removed: 0 (0s)
Nb errors removed: 2 (0s)
Superbubble
Nb superbubble removed: 0 0 (0s)
Tip
Nb Tip removed: 0 (0s)
Nb errors removed: 1 (0s)
Superbubble
Nb superbubble removed: 0 0 (0s)
Tip
Nb Tip removed: 0 (0s)
Checksum: 0
Checksum abundnace: 0
Generating contigs
45.2593
41.1448
34.004
30.9127
28.1025
21.1138
14.421
10.8347
9.84974
8.14028
7.40025
6.11591
5.05447
4.17725
3.13843
2.14359
0


metaMDBG toMinspace  /var/folders/zg/vq0dnx517c54hg87dyqjky740000gn/T/.tmpwTqywI/tmp/ /var/folders/zg/vq0dnx517c54hg87dyqjky740000gn/T/.tmpwTqywI/tmp//contigs.nodepath /var/folders/zg/vq0dnx517c54hg87dyqjky740000gn/T/.tmpwTqywI/tmp//unitig_data.txt --threads 10

Input dir: /var/folders/zg/vq0dnx517c54hg87dyqjky740000gn/T/.tmpwTqywI/tmp/
Minimizer length: 15
Kminmer length: 24
Density: 0.005

Loading unitig sequences

Creating mContigs

Contig filename: /var/folders/zg/vq0dnx517c54hg87dyqjky740000gn/T/.tmpwTqywI/tmp//unitig_data.txt
pass done: 24
Multi-k pass: 25/209


metaMDBG graph /var/folders/zg/vq0dnx517c54hg87dyqjky740000gn/T/.tmpwTqywI/tmp/ --threads 10 --corrected-read 

Contig filename: 
Output dir: /var/folders/zg/vq0dnx517c54hg87dyqjky740000gn/T/.tmpwTqywI/tmp/
Minimizer length: 15
Kminmer length: 25
Density: 0.005
Min abundance: 0

Loading refined abundances
	Duration: 0
Collecting kminmers
Building mdbg
Duration: 0
Nb solid kminmers: 29425
Nb small contigs written: 0
Dump kminmer abundances
	Duration: 0
Indexing edges
Edge index size: 29216
Edge index elements: 51807
	Duration: 0
Compute unitig nodes
	Duration: 0
Index unitig edges
	Duration: 0
Compute unitig edges
	Duration: 0
Dump unitig abundances
	Duration: 0
Nb edges:   0


metaMDBG contig  /var/folders/zg/vq0dnx517c54hg87dyqjky740000gn/T/.tmpwTqywI/tmp/ --threads 10

Input dir: /var/folders/zg/vq0dnx517c54hg87dyqjky740000gn/T/.tmpwTqywI/tmp/
Minimizer length: 15
Kminmer length: 25
Density: 0.005

Loading unitig graph
Load unitigs
Nb unitigs: 1592
Nb minimizers: 67633
Add unitig abundances
Sorting abundances
Add unitig edges
Nb unitig edges: 3610
Sorting unitig edges
Done loading unitig graph
Simplifying
Max abundance: 109
Nb unitigs: 1592
Superbubble
Nb superbubble removed: 206 0 (0s)
Tip
Nb Tip removed: 252 (0s)
Superbubble
Nb superbubble removed: 126 0 (0s)
Tip
Nb Tip removed: 0 (0s)
Nb errors removed: 323 (0s)
Superbubble
Nb superbubble removed: 4 0 (0s)
Tip
Nb Tip removed: 0 (0s)
Nb errors removed: 48 (0s)
Superbubble
Nb superbubble removed: 0 0 (0s)
Tip
Nb Tip removed: 1 (0s)
Superbubble
Nb superbubble removed: 2 0 (0s)
Tip
Nb Tip removed: 0 (0s)
Nb errors removed: 10 (0s)
Superbubble
Nb superbubble removed: 0 0 (0s)
Tip
Nb Tip removed: 0 (0s)
Nb errors removed: 6 (0s)
Superbubble
Nb superbubble removed: 4 0 (0s)
Tip
Nb Tip removed: 0 (0s)
Nb errors removed: 4 (0s)
Superbubble
Nb superbubble removed: 0 0 (0s)
Tip
Nb Tip removed: 0 (0s)
Nb errors removed: 4 (0s)
Superbubble
Nb superbubble removed: 2 0 (0s)
Tip
Nb Tip removed: 0 (0s)
Nb errors removed: 1 (0s)
Superbubble
Nb superbubble removed: 0 0 (0s)
Tip
Nb Tip removed: 0 (0s)
Nb errors removed: 3 (0s)
Superbubble
Nb superbubble removed: 0 0 (0s)
Tip
Nb Tip removed: 1 (0s)
Superbubble
Nb superbubble removed: 0 0 (0s)
Tip
Nb Tip removed: 0 (0s)
Nb errors removed: 2 (0s)
Superbubble
Nb superbubble removed: 0 0 (0s)
Tip
Nb Tip removed: 0 (0s)
Nb errors removed: 1 (0s)
Superbubble
Nb superbubble removed: 0 0 (0s)
Tip
Nb Tip removed: 0 (0s)
Nb errors removed: 1 (0s)
Superbubble
Nb superbubble removed: 0 0 (0s)
Tip
Nb Tip removed: 0 (0s)
Nb errors removed: 2 (0s)
Superbubble
Nb superbubble removed: 0 0 (0s)
Tip
Nb Tip removed: 0 (0s)
Nb errors removed: 1 (0s)
Superbubble
Nb superbubble removed: 0 0 (0s)
Tip
Nb Tip removed: 0 (0s)
Nb errors removed: 1 (0s)
Superbubble
Nb superbubble removed: 0 0 (0s)
Tip
Nb Tip removed: 0 (0s)
Nb errors removed: 2 (0s)
Superbubble
Nb superbubble removed: 0 0 (0s)
Tip
Nb Tip removed: 0 (0s)
Nb errors removed: 1 (0s)
Superbubble
Nb superbubble removed: 0 0 (0s)
Tip
Nb Tip removed: 0 (0s)
Checksum: 0
Checksum abundnace: 0
Generating contigs
45.2593
41.1448
34.004
30.9127
28.1025
21.1138
14.421
10.8347
9.84974
8.14028
7.40025
6.11591
5.05447
4.17725
3.13843
2.14359
0


metaMDBG toMinspace  /var/folders/zg/vq0dnx517c54hg87dyqjky740000gn/T/.tmpwTqywI/tmp/ /var/folders/zg/vq0dnx517c54hg87dyqjky740000gn/T/.tmpwTqywI/tmp//contigs.nodepath /var/folders/zg/vq0dnx517c54hg87dyqjky740000gn/T/.tmpwTqywI/tmp//unitig_data.txt --threads 10

Input dir: /var/folders/zg/vq0dnx517c54hg87dyqjky740000gn/T/.tmpwTqywI/tmp/
Minimizer length: 15
Kminmer length: 25
Density: 0.005

Loading unitig sequences

Creating mContigs

Contig filename: /var/folders/zg/vq0dnx517c54hg87dyqjky740000gn/T/.tmpwTqywI/tmp//unitig_data.txt
pass done: 25
Multi-k pass: 26/209


metaMDBG graph /var/folders/zg/vq0dnx517c54hg87dyqjky740000gn/T/.tmpwTqywI/tmp/ --threads 10 --corrected-read 

Contig filename: 
Output dir: /var/folders/zg/vq0dnx517c54hg87dyqjky740000gn/T/.tmpwTqywI/tmp/
Minimizer length: 15
Kminmer length: 26
Density: 0.005
Min abundance: 0

Loading refined abundances
	Duration: 0
Collecting kminmers
Building mdbg
Duration: 0
Nb solid kminmers: 29626
Nb small contigs written: 0
Dump kminmer abundances
	Duration: 0
Indexing edges
Edge index size: 29419
Edge index elements: 51914
	Duration: 0
Compute unitig nodes
	Duration: 0
Index unitig edges
	Duration: 0
Compute unitig edges
	Duration: 0
Dump unitig abundances
	Duration: 0
Nb edges:   0


metaMDBG contig  /var/folders/zg/vq0dnx517c54hg87dyqjky740000gn/T/.tmpwTqywI/tmp/ --threads 10

Input dir: /var/folders/zg/vq0dnx517c54hg87dyqjky740000gn/T/.tmpwTqywI/tmp/
Minimizer length: 15
Kminmer length: 26
Density: 0.005

Loading unitig graph
Load unitigs
Nb unitigs: 1574
Nb minimizers: 68976
Add unitig abundances
Sorting abundances
Add unitig edges
Nb unitig edges: 3590
Sorting unitig edges
Done loading unitig graph
Simplifying
Max abundance: 109
Nb unitigs: 1574
Superbubble
Nb superbubble removed: 196 0 (0s)
Tip
Nb Tip removed: 261 (0s)
Superbubble
Nb superbubble removed: 134 0 (0s)
Tip
Nb Tip removed: 0 (0s)
Nb errors removed: 325 (0s)
Superbubble
Nb superbubble removed: 4 0 (0s)
Tip
Nb Tip removed: 0 (0s)
Nb errors removed: 49 (0s)
Superbubble
Nb superbubble removed: 0 0 (0s)
Tip
Nb Tip removed: 1 (0s)
Superbubble
Nb superbubble removed: 2 0 (0s)
Tip
Nb Tip removed: 0 (0s)
Nb errors removed: 10 (0s)
Superbubble
Nb superbubble removed: 0 0 (0s)
Tip
Nb Tip removed: 0 (0s)
Nb errors removed: 8 (0s)
Superbubble
Nb superbubble removed: 4 0 (0s)
Tip
Nb Tip removed: 0 (0s)
Nb errors removed: 4 (0s)
Superbubble
Nb superbubble removed: 0 0 (0s)
Tip
Nb Tip removed: 0 (0s)
Nb errors removed: 4 (0s)
Superbubble
Nb superbubble removed: 2 0 (0s)
Tip
Nb Tip removed: 0 (0s)
Nb errors removed: 1 (0s)
Superbubble
Nb superbubble removed: 0 0 (0s)
Tip
Nb Tip removed: 0 (0s)
Nb errors removed: 3 (0s)
Superbubble
Nb superbubble removed: 0 0 (0s)
Tip
Nb Tip removed: 1 (0s)
Superbubble
Nb superbubble removed: 0 0 (0s)
Tip
Nb Tip removed: 0 (0s)
Nb errors removed: 2 (0s)
Superbubble
Nb superbubble removed: 0 0 (0s)
Tip
Nb Tip removed: 0 (0s)
Nb errors removed: 1 (0s)
Superbubble
Nb superbubble removed: 0 0 (0s)
Tip
Nb Tip removed: 0 (0s)
Nb errors removed: 1 (0s)
Superbubble
Nb superbubble removed: 0 0 (0s)
Tip
Nb Tip removed: 0 (0s)
Nb errors removed: 2 (0s)
Superbubble
Nb superbubble removed: 0 0 (0s)
Tip
Nb Tip removed: 0 (0s)
Nb errors removed: 1 (0s)
Superbubble
Nb superbubble removed: 0 0 (0s)
Tip
Nb Tip removed: 0 (0s)
Nb errors removed: 1 (0s)
Superbubble
Nb superbubble removed: 0 0 (0s)
Tip
Nb Tip removed: 0 (0s)
Nb errors removed: 2 (0s)
Superbubble
Nb superbubble removed: 0 0 (0s)
Tip
Nb Tip removed: 0 (0s)
Nb errors removed: 1 (0s)
Superbubble
Nb superbubble removed: 0 0 (0s)
Tip
Nb Tip removed: 0 (0s)
Checksum: 0
Checksum abundnace: 0
Generating contigs
45.2593
41.1448
34.004
30.9127
28.1025
21.1138
14.421
10.8347
9.84974
8.14028
7.40025
6.11591
5.05447
4.17725
3.13843
2.14359
0


metaMDBG toMinspace  /var/folders/zg/vq0dnx517c54hg87dyqjky740000gn/T/.tmpwTqywI/tmp/ /var/folders/zg/vq0dnx517c54hg87dyqjky740000gn/T/.tmpwTqywI/tmp//contigs.nodepath /var/folders/zg/vq0dnx517c54hg87dyqjky740000gn/T/.tmpwTqywI/tmp//unitig_data.txt --threads 10

Input dir: /var/folders/zg/vq0dnx517c54hg87dyqjky740000gn/T/.tmpwTqywI/tmp/
Minimizer length: 15
Kminmer length: 26
Density: 0.005

Loading unitig sequences

Creating mContigs

Contig filename: /var/folders/zg/vq0dnx517c54hg87dyqjky740000gn/T/.tmpwTqywI/tmp//unitig_data.txt
pass done: 26
Multi-k pass: 27/209


metaMDBG graph /var/folders/zg/vq0dnx517c54hg87dyqjky740000gn/T/.tmpwTqywI/tmp/ --threads 10 --corrected-read 

Contig filename: 
Output dir: /var/folders/zg/vq0dnx517c54hg87dyqjky740000gn/T/.tmpwTqywI/tmp/
Minimizer length: 15
Kminmer length: 27
Density: 0.005
Min abundance: 0

Loading refined abundances
	Duration: 0
Collecting kminmers
Building mdbg
Duration: 0
Nb solid kminmers: 29821
Nb small contigs written: 0
Dump kminmer abundances
	Duration: 0
Indexing edges
Edge index size: 29614
Edge index elements: 52414
	Duration: 0
Compute unitig nodes
	Duration: 0
Index unitig edges
	Duration: 0
Compute unitig edges
	Duration: 0
Dump unitig abundances
	Duration: 0
Nb edges:   0


metaMDBG contig  /var/folders/zg/vq0dnx517c54hg87dyqjky740000gn/T/.tmpwTqywI/tmp/ --threads 10

Input dir: /var/folders/zg/vq0dnx517c54hg87dyqjky740000gn/T/.tmpwTqywI/tmp/
Minimizer length: 15
Kminmer length: 27
Density: 0.005

Loading unitig graph
Load unitigs
Nb unitigs: 1565
Nb minimizers: 70511
Add unitig abundances
Sorting abundances
Add unitig edges
Nb unitig edges: 3566
Sorting unitig edges
Done loading unitig graph
Simplifying
Max abundance: 109
Nb unitigs: 1565
Superbubble
Nb superbubble removed: 186 0 (0s)
Tip
Nb Tip removed: 264 (0s)
Superbubble
Nb superbubble removed: 138 0 (0s)
Tip
Nb Tip removed: 0 (0s)
Nb errors removed: 321 (0s)
Superbubble
Nb superbubble removed: 4 0 (0s)
Tip
Nb Tip removed: 0 (0s)
Nb errors removed: 50 (0s)
Superbubble
Nb superbubble removed: 0 0 (0s)
Tip
Nb Tip removed: 1 (0s)
Superbubble
Nb superbubble removed: 2 0 (0s)
Tip
Nb Tip removed: 0 (0s)
Nb errors removed: 9 (0s)
Superbubble
Nb superbubble removed: 0 0 (0s)
Tip
Nb Tip removed: 0 (0s)
Nb errors removed: 8 (0s)
Superbubble
Nb superbubble removed: 4 0 (0s)
Tip
Nb Tip removed: 0 (0s)
Nb errors removed: 4 (0s)
Superbubble
Nb superbubble removed: 0 0 (0s)
Tip
Nb Tip removed: 0 (0s)
Nb errors removed: 6 (0s)
Superbubble
Nb superbubble removed: 2 0 (0s)
Tip
Nb Tip removed: 0 (0s)
Nb errors removed: 1 (0s)
Superbubble
Nb superbubble removed: 0 0 (0s)
Tip
Nb Tip removed: 0 (0s)
Nb errors removed: 3 (0s)
Superbubble
Nb superbubble removed: 0 0 (0s)
Tip
Nb Tip removed: 1 (0s)
Superbubble
Nb superbubble removed: 0 0 (0s)
Tip
Nb Tip removed: 0 (0s)
Nb errors removed: 2 (0s)
Superbubble
Nb superbubble removed: 0 0 (0s)
Tip
Nb Tip removed: 0 (0s)
Nb errors removed: 1 (0s)
Superbubble
Nb superbubble removed: 0 0 (0s)
Tip
Nb Tip removed: 0 (0s)
Nb errors removed: 1 (0s)
Superbubble
Nb superbubble removed: 0 0 (0s)
Tip
Nb Tip removed: 0 (0s)
Nb errors removed: 2 (0s)
Superbubble
Nb superbubble removed: 0 0 (0s)
Tip
Nb Tip removed: 0 (0s)
Nb errors removed: 1 (0s)
Superbubble
Nb superbubble removed: 0 0 (0s)
Tip
Nb Tip removed: 0 (0s)
Nb errors removed: 1 (0s)
Superbubble
Nb superbubble removed: 0 0 (0s)
Tip
Nb Tip removed: 0 (0s)
Nb errors removed: 2 (0s)
Superbubble
Nb superbubble removed: 0 0 (0s)
Tip
Nb Tip removed: 0 (0s)
Nb errors removed: 1 (0s)
Superbubble
Nb superbubble removed: 0 0 (0s)
Tip
Nb Tip removed: 0 (0s)
Checksum: 0
Checksum abundnace: 0
Generating contigs
45.2593
41.1448
34.004
30.9127
28.1025
21.1138
14.421
10.8347
9.84974
8.14028
7.40025
6.11591
5.05447
4.17725
3.13843
2.14359
0


metaMDBG toMinspace  /var/folders/zg/vq0dnx517c54hg87dyqjky740000gn/T/.tmpwTqywI/tmp/ /var/folders/zg/vq0dnx517c54hg87dyqjky740000gn/T/.tmpwTqywI/tmp//contigs.nodepath /var/folders/zg/vq0dnx517c54hg87dyqjky740000gn/T/.tmpwTqywI/tmp//unitig_data.txt --threads 10

Input dir: /var/folders/zg/vq0dnx517c54hg87dyqjky740000gn/T/.tmpwTqywI/tmp/
Minimizer length: 15
Kminmer length: 27
Density: 0.005

Loading unitig sequences

Creating mContigs

Contig filename: /var/folders/zg/vq0dnx517c54hg87dyqjky740000gn/T/.tmpwTqywI/tmp//unitig_data.txt
pass done: 27
Multi-k pass: 28/209


metaMDBG graph /var/folders/zg/vq0dnx517c54hg87dyqjky740000gn/T/.tmpwTqywI/tmp/ --threads 10 --corrected-read 

Contig filename: 
Output dir: /var/folders/zg/vq0dnx517c54hg87dyqjky740000gn/T/.tmpwTqywI/tmp/
Minimizer length: 15
Kminmer length: 28
Density: 0.005
Min abundance: 0

Loading refined abundances
	Duration: 0
Collecting kminmers
Building mdbg
Duration: 0
Nb solid kminmers: 30020
Nb small contigs written: 0
Dump kminmer abundances
	Duration: 0
Indexing edges
Edge index size: 29818
Edge index elements: 52913
	Duration: 0
Compute unitig nodes
	Duration: 0
Index unitig edges
	Duration: 0
Compute unitig edges
	Duration: 0
Dump unitig abundances
	Duration: 0
Nb edges:   0


metaMDBG contig  /var/folders/zg/vq0dnx517c54hg87dyqjky740000gn/T/.tmpwTqywI/tmp/ --threads 10

Input dir: /var/folders/zg/vq0dnx517c54hg87dyqjky740000gn/T/.tmpwTqywI/tmp/
Minimizer length: 15
Kminmer length: 28
Density: 0.005

Loading unitig graph
Load unitigs
Nb unitigs: 1549
Nb minimizers: 71843
Add unitig abundances
Sorting abundances
Add unitig edges
Nb unitig edges: 3548
Sorting unitig edges
Done loading unitig graph
Simplifying
Max abundance: 109
Nb unitigs: 1549
Superbubble
Nb superbubble removed: 170 0 (0s)
Tip
Nb Tip removed: 262 (0s)
Superbubble
Nb superbubble removed: 140 0 (0s)
Tip
Nb Tip removed: 0 (0s)
Nb errors removed: 317 (0s)
Superbubble
Nb superbubble removed: 4 0 (0s)
Tip
Nb Tip removed: 0 (0s)
Nb errors removed: 51 (0s)
Superbubble
Nb superbubble removed: 0 0 (0s)
Tip
Nb Tip removed: 1 (0s)
Superbubble
Nb superbubble removed: 2 0 (0s)
Tip
Nb Tip removed: 0 (0s)
Nb errors removed: 10 (0s)
Superbubble
Nb superbubble removed: 0 0 (0s)
Tip
Nb Tip removed: 0 (0s)
Nb errors removed: 9 (0s)
Superbubble
Nb superbubble removed: 4 0 (0s)
Tip
Nb Tip removed: 0 (0s)
Nb errors removed: 4 (0s)
Superbubble
Nb superbubble removed: 0 0 (0s)
Tip
Nb Tip removed: 0 (0s)
Nb errors removed: 8 (0s)
Superbubble
Nb superbubble removed: 2 0 (0s)
Tip
Nb Tip removed: 0 (0s)
Nb errors removed: 1 (0s)
Superbubble
Nb superbubble removed: 0 0 (0s)
Tip
Nb Tip removed: 0 (0s)
Nb errors removed: 3 (0s)
Superbubble
Nb superbubble removed: 0 0 (0s)
Tip
Nb Tip removed: 1 (0s)
Superbubble
Nb superbubble removed: 0 0 (0s)
Tip
Nb Tip removed: 0 (0s)
Nb errors removed: 2 (0s)
Superbubble
Nb superbubble removed: 0 0 (0s)
Tip
Nb Tip removed: 0 (0s)
Nb errors removed: 1 (0s)
Superbubble
Nb superbubble removed: 0 0 (0s)
Tip
Nb Tip removed: 0 (0s)
Nb errors removed: 1 (0s)
Superbubble
Nb superbubble removed: 0 0 (0s)
Tip
Nb Tip removed: 0 (0s)
Nb errors removed: 2 (0s)
Superbubble
Nb superbubble removed: 0 0 (0s)
Tip
Nb Tip removed: 0 (0s)
Nb errors removed: 1 (0s)
Superbubble
Nb superbubble removed: 0 0 (0s)
Tip
Nb Tip removed: 0 (0s)
Nb errors removed: 1 (0s)
Superbubble
Nb superbubble removed: 0 0 (0s)
Tip
Nb Tip removed: 0 (0s)
Nb errors removed: 2 (0s)
Superbubble
Nb superbubble removed: 0 0 (0s)
Tip
Nb Tip removed: 0 (0s)
Nb errors removed: 1 (0s)
Superbubble
Nb superbubble removed: 0 0 (0s)
Tip
Nb Tip removed: 0 (0s)
Checksum: 0
Checksum abundnace: 0
Generating contigs
45.2593
41.1448
34.004
30.9127
28.1025
21.1138
14.421
10.8347
9.84974
8.14028
7.40025
6.11591
5.05447
4.17725
3.13843
2.14359
0


metaMDBG toMinspace  /var/folders/zg/vq0dnx517c54hg87dyqjky740000gn/T/.tmpwTqywI/tmp/ /var/folders/zg/vq0dnx517c54hg87dyqjky740000gn/T/.tmpwTqywI/tmp//contigs.nodepath /var/folders/zg/vq0dnx517c54hg87dyqjky740000gn/T/.tmpwTqywI/tmp//unitig_data.txt --threads 10

Input dir: /var/folders/zg/vq0dnx517c54hg87dyqjky740000gn/T/.tmpwTqywI/tmp/
Minimizer length: 15
Kminmer length: 28
Density: 0.005

Loading unitig sequences

Creating mContigs

Contig filename: /var/folders/zg/vq0dnx517c54hg87dyqjky740000gn/T/.tmpwTqywI/tmp//unitig_data.txt
pass done: 28
Multi-k pass: 29/209


metaMDBG graph /var/folders/zg/vq0dnx517c54hg87dyqjky740000gn/T/.tmpwTqywI/tmp/ --threads 10 --corrected-read 

Contig filename: 
Output dir: /var/folders/zg/vq0dnx517c54hg87dyqjky740000gn/T/.tmpwTqywI/tmp/
Minimizer length: 15
Kminmer length: 29
Density: 0.005
Min abundance: 0

Loading refined abundances
	Duration: 0
Collecting kminmers
Building mdbg
Duration: 0
Nb solid kminmers: 30207
Nb small contigs written: 0
Dump kminmer abundances
	Duration: 0
Indexing edges
Edge index size: 30014
Edge index elements: 53205
	Duration: 0
Compute unitig nodes
	Duration: 0
Index unitig edges
	Duration: 0
Compute unitig edges
	Duration: 0
Dump unitig abundances
	Duration: 0
Nb edges:   0


metaMDBG contig  /var/folders/zg/vq0dnx517c54hg87dyqjky740000gn/T/.tmpwTqywI/tmp/ --threads 10

Input dir: /var/folders/zg/vq0dnx517c54hg87dyqjky740000gn/T/.tmpwTqywI/tmp/
Minimizer length: 15
Kminmer length: 29
Density: 0.005

Loading unitig graph
Load unitigs
Nb unitigs: 1542
Nb minimizers: 73383
Add unitig abundances
Sorting abundances
Add unitig edges
Nb unitig edges: 3488
Sorting unitig edges
Done loading unitig graph
Simplifying
Max abundance: 109
Nb unitigs: 1542
Superbubble
Nb superbubble removed: 162 0 (0s)
Tip
Nb Tip removed: 256 (0s)
Superbubble
Nb superbubble removed: 140 0 (0s)
Tip
Nb Tip removed: 0 (0s)
Nb errors removed: 312 (0s)
Superbubble
Nb superbubble removed: 4 0 (0s)
Tip
Nb Tip removed: 0 (0s)
Nb errors removed: 55 (0s)
Superbubble
Nb superbubble removed: 0 0 (0s)
Tip
Nb Tip removed: 1 (0s)
Superbubble
Nb superbubble removed: 2 0 (0s)
Tip
Nb Tip removed: 0 (0s)
Nb errors removed: 9 (0s)
Superbubble
Nb superbubble removed: 0 0 (0s)
Tip
Nb Tip removed: 0 (0s)
Nb errors removed: 11 (0s)
Superbubble
Nb superbubble removed: 4 0 (0s)
Tip
Nb Tip removed: 0 (0s)
Nb errors removed: 4 (0s)
Superbubble
Nb superbubble removed: 0 0 (0s)
Tip
Nb Tip removed: 0 (0s)
Nb errors removed: 8 (0s)
Superbubble
Nb superbubble removed: 2 0 (0s)
Tip
Nb Tip removed: 0 (0s)
Nb errors removed: 1 (0s)
Superbubble
Nb superbubble removed: 0 0 (0s)
Tip
Nb Tip removed: 0 (0s)
Nb errors removed: 3 (0s)
Superbubble
Nb superbubble removed: 0 0 (0s)
Tip
Nb Tip removed: 1 (0s)
Superbubble
Nb superbubble removed: 0 0 (0s)
Tip
Nb Tip removed: 0 (0s)
Nb errors removed: 2 (0s)
Superbubble
Nb superbubble removed: 0 0 (0s)
Tip
Nb Tip removed: 0 (0s)
Nb errors removed: 1 (0s)
Superbubble
Nb superbubble removed: 0 0 (0s)
Tip
Nb Tip removed: 0 (0s)
Nb errors removed: 1 (0s)
Superbubble
Nb superbubble removed: 0 0 (0s)
Tip
Nb Tip removed: 0 (0s)
Nb errors removed: 2 (0s)
Superbubble
Nb superbubble removed: 0 0 (0s)
Tip
Nb Tip removed: 0 (0s)
Nb errors removed: 1 (0s)
Superbubble
Nb superbubble removed: 0 0 (0s)
Tip
Nb Tip removed: 0 (0s)
Nb errors removed: 1 (0s)
Superbubble
Nb superbubble removed: 0 0 (0s)
Tip
Nb Tip removed: 0 (0s)
Nb errors removed: 2 (0s)
Superbubble
Nb superbubble removed: 0 0 (0s)
Tip
Nb Tip removed: 0 (0s)
Nb errors removed: 1 (0s)
Superbubble
Nb superbubble removed: 0 0 (0s)
Tip
Nb Tip removed: 0 (0s)
Checksum: 0
Checksum abundnace: 0
Generating contigs
45.2593
41.1448
34.004
30.9127
28.1025
21.1138
14.421
10.8347
9.84974
8.14028
7.40025
6.11591
5.05447
4.17725
3.13843
2.14359
0


metaMDBG toMinspace  /var/folders/zg/vq0dnx517c54hg87dyqjky740000gn/T/.tmpwTqywI/tmp/ /var/folders/zg/vq0dnx517c54hg87dyqjky740000gn/T/.tmpwTqywI/tmp//contigs.nodepath /var/folders/zg/vq0dnx517c54hg87dyqjky740000gn/T/.tmpwTqywI/tmp//unitig_data.txt --threads 10

Input dir: /var/folders/zg/vq0dnx517c54hg87dyqjky740000gn/T/.tmpwTqywI/tmp/
Minimizer length: 15
Kminmer length: 29
Density: 0.005

Loading unitig sequences

Creating mContigs

Contig filename: /var/folders/zg/vq0dnx517c54hg87dyqjky740000gn/T/.tmpwTqywI/tmp//unitig_data.txt
pass done: 29
Multi-k pass: 30/209


metaMDBG graph /var/folders/zg/vq0dnx517c54hg87dyqjky740000gn/T/.tmpwTqywI/tmp/ --threads 10 --corrected-read 

Contig filename: 
Output dir: /var/folders/zg/vq0dnx517c54hg87dyqjky740000gn/T/.tmpwTqywI/tmp/
Minimizer length: 15
Kminmer length: 30
Density: 0.005
Min abundance: 0

Loading refined abundances
	Duration: 0
Collecting kminmers
Building mdbg
Duration: 0
Nb solid kminmers: 30389
Nb small contigs written: 0
Dump kminmer abundances
	Duration: 0
Indexing edges
Edge index size: 30195
Edge index elements: 53724
	Duration: 0
Compute unitig nodes
	Duration: 0
Index unitig edges
	Duration: 0
Compute unitig edges
	Duration: 0
Dump unitig abundances
	Duration: 0
Nb edges:   0


metaMDBG contig  /var/folders/zg/vq0dnx517c54hg87dyqjky740000gn/T/.tmpwTqywI/tmp/ --threads 10

Input dir: /var/folders/zg/vq0dnx517c54hg87dyqjky740000gn/T/.tmpwTqywI/tmp/
Minimizer length: 15
Kminmer length: 30
Density: 0.005

Loading unitig graph
Load unitigs
Nb unitigs: 1524
Nb minimizers: 74585
Add unitig abundances
Sorting abundances
Add unitig edges
Nb unitig edges: 3452
Sorting unitig edges
Done loading unitig graph
Simplifying
Max abundance: 109
Nb unitigs: 1524
Superbubble
Nb superbubble removed: 162 0 (0s)
Tip
Nb Tip removed: 257 (0s)
Superbubble
Nb superbubble removed: 134 0 (0s)
Tip
Nb Tip removed: 0 (0s)
Nb errors removed: 306 (0s)
Superbubble
Nb superbubble removed: 4 0 (0s)
Tip
Nb Tip removed: 0 (0s)
Nb errors removed: 55 (0s)
Superbubble
Nb superbubble removed: 0 0 (0s)
Tip
Nb Tip removed: 2 (0s)
Superbubble
Nb superbubble removed: 2 0 (0s)
Tip
Nb Tip removed: 0 (0s)
Nb errors removed: 10 (0s)
Superbubble
Nb superbubble removed: 0 0 (0s)
Tip
Nb Tip removed: 0 (0s)
Nb errors removed: 9 (0s)
Superbubble
Nb superbubble removed: 4 0 (0s)
Tip
Nb Tip removed: 0 (0s)
Nb errors removed: 4 (0s)
Superbubble
Nb superbubble removed: 0 0 (0s)
Tip
Nb Tip removed: 0 (0s)
Nb errors removed: 9 (0s)
Superbubble
Nb superbubble removed: 2 0 (0s)
Tip
Nb Tip removed: 0 (0s)
Nb errors removed: 1 (0s)
Superbubble
Nb superbubble removed: 0 0 (0s)
Tip
Nb Tip removed: 0 (0s)
Nb errors removed: 3 (0s)
Superbubble
Nb superbubble removed: 0 0 (0s)
Tip
Nb Tip removed: 1 (0s)
Superbubble
Nb superbubble removed: 0 0 (0s)
Tip
Nb Tip removed: 0 (0s)
Nb errors removed: 2 (0s)
Superbubble
Nb superbubble removed: 0 0 (0s)
Tip
Nb Tip removed: 0 (0s)
Nb errors removed: 1 (0s)
Superbubble
Nb superbubble removed: 0 0 (0s)
Tip
Nb Tip removed: 0 (0s)
Nb errors removed: 1 (0s)
Superbubble
Nb superbubble removed: 0 0 (0s)
Tip
Nb Tip removed: 0 (0s)
Nb errors removed: 2 (0s)
Superbubble
Nb superbubble removed: 0 0 (0s)
Tip
Nb Tip removed: 0 (0s)
Nb errors removed: 1 (0s)
Superbubble
Nb superbubble removed: 0 0 (0s)
Tip
Nb Tip removed: 0 (0s)
Nb errors removed: 1 (0s)
Superbubble
Nb superbubble removed: 0 0 (0s)
Tip
Nb Tip removed: 0 (0s)
Nb errors removed: 2 (0s)
Superbubble
Nb superbubble removed: 0 0 (0s)
Tip
Nb Tip removed: 0 (0s)
Nb errors removed: 1 (0s)
Superbubble
Nb superbubble removed: 0 0 (0s)
Tip
Nb Tip removed: 0 (0s)
Checksum: 0
Checksum abundnace: 0
Generating contigs
45.2593
41.1448
34.004
30.9127
28.1025
21.1138
14.421
10.8347
9.84974
8.14028
7.40025
6.11591
5.05447
4.17725
3.13843
2.14359
0


metaMDBG toMinspace  /var/folders/zg/vq0dnx517c54hg87dyqjky740000gn/T/.tmpwTqywI/tmp/ /var/folders/zg/vq0dnx517c54hg87dyqjky740000gn/T/.tmpwTqywI/tmp//contigs.nodepath /var/folders/zg/vq0dnx517c54hg87dyqjky740000gn/T/.tmpwTqywI/tmp//unitig_data.txt --threads 10

Input dir: /var/folders/zg/vq0dnx517c54hg87dyqjky740000gn/T/.tmpwTqywI/tmp/
Minimizer length: 15
Kminmer length: 30
Density: 0.005

Loading unitig sequences

Creating mContigs

Contig filename: /var/folders/zg/vq0dnx517c54hg87dyqjky740000gn/T/.tmpwTqywI/tmp//unitig_data.txt
pass done: 30
Multi-k pass: 31/209


metaMDBG graph /var/folders/zg/vq0dnx517c54hg87dyqjky740000gn/T/.tmpwTqywI/tmp/ --threads 10 --corrected-read 

Contig filename: 
Output dir: /var/folders/zg/vq0dnx517c54hg87dyqjky740000gn/T/.tmpwTqywI/tmp/
Minimizer length: 15
Kminmer length: 31
Density: 0.005
Min abundance: 0

Loading refined abundances
	Duration: 0
Collecting kminmers
Building mdbg
Duration: 0
Nb solid kminmers: 30572
Nb small contigs written: 0
Dump kminmer abundances
	Duration: 0
Indexing edges
Edge index size: 30379
Edge index elements: 53900
	Duration: 0
Compute unitig nodes
	Duration: 0
Index unitig edges
	Duration: 0
Compute unitig edges
	Duration: 0
Dump unitig abundances
	Duration: 0
Nb edges:   0


metaMDBG contig  /var/folders/zg/vq0dnx517c54hg87dyqjky740000gn/T/.tmpwTqywI/tmp/ --threads 10 --gen-graph 

Input dir: /var/folders/zg/vq0dnx517c54hg87dyqjky740000gn/T/.tmpwTqywI/tmp/
Minimizer length: 15
Kminmer length: 31
Density: 0.005

Loading unitig graph
Load unitigs
Nb unitigs: 1512
Nb minimizers: 75932
Add unitig abundances
Sorting abundances
Add unitig edges
Nb unitig edges: 3424
Sorting unitig edges
Done loading unitig graph
Simplifying
Max abundance: 50
Nb unitigs: 1512
Superbubble
Nb superbubble removed: 162 0 (0s)
Tip
Nb Tip removed: 256 (0s)
Superbubble
Nb superbubble removed: 130 0 (0s)
Tip
Nb Tip removed: 0 (0s)
Saving unitig graph: /var/folders/zg/vq0dnx517c54hg87dyqjky740000gn/T/.tmpwTqywI/tmp//assembly_graph.gfa
Nb errors removed: 300 (0s)
Superbubble
Nb superbubble removed: 2 0 (0s)
Tip
Nb Tip removed: 0 (0s)
Nb errors removed: 57 (0s)
Superbubble
Nb superbubble removed: 0 0 (0s)
Tip
Nb Tip removed: 2 (0s)
Superbubble
Nb superbubble removed: 2 0 (0s)
Tip
Nb Tip removed: 0 (0s)
Nb errors removed: 9 (0s)
Superbubble
Nb superbubble removed: 0 0 (0s)
Tip
Nb Tip removed: 0 (0s)
Nb errors removed: 9 (0s)
Superbubble
Nb superbubble removed: 4 0 (0s)
Tip
Nb Tip removed: 0 (0s)
Nb errors removed: 4 (0s)
Superbubble
Nb superbubble removed: 0 0 (0s)
Tip
Nb Tip removed: 0 (0s)
Nb errors removed: 11 (0s)
Superbubble
Nb superbubble removed: 2 0 (0s)
Tip
Nb Tip removed: 0 (0s)
Nb errors removed: 1 (0s)
Superbubble
Nb superbubble removed: 0 0 (0s)
Tip
Nb Tip removed: 0 (0s)
Nb errors removed: 3 (0s)
Superbubble
Nb superbubble removed: 0 0 (0s)
Tip
Nb Tip removed: 1 (0s)
Superbubble
Nb superbubble removed: 0 0 (0s)
Tip
Nb Tip removed: 0 (0s)
Nb errors removed: 2 (0s)
Superbubble
Nb superbubble removed: 0 0 (0s)
Tip
Nb Tip removed: 0 (0s)
Nb errors removed: 1 (0s)
Superbubble
Nb superbubble removed: 0 0 (0s)
Tip
Nb Tip removed: 0 (0s)
Nb errors removed: 1 (0s)
Superbubble
Nb superbubble removed: 0 0 (0s)
Tip
Nb Tip removed: 0 (0s)
Nb errors removed: 2 (0s)
Superbubble
Nb superbubble removed: 0 0 (0s)
Tip
Nb Tip removed: 0 (0s)
Nb errors removed: 1 (0s)
Superbubble
Nb superbubble removed: 0 0 (0s)
Tip
Nb Tip removed: 0 (0s)
Nb errors removed: 1 (0s)
Superbubble
Nb superbubble removed: 0 0 (0s)
Tip
Nb Tip removed: 0 (0s)
Nb errors removed: 2 (0s)
Superbubble
Nb superbubble removed: 0 0 (0s)
Tip
Nb Tip removed: 0 (0s)
Nb errors removed: 1 (0s)
Superbubble
Nb superbubble removed: 0 0 (0s)
Tip
Nb Tip removed: 0 (0s)
Checksum: 0
Checksum abundnace: 0
Generating contigs
45.2593
41.1448
34.004
30.9127
28.1025
21.1138
14.421
10.8347
9.84974
8.14028
7.40025
6.11591
5.05447
4.17725
3.13843
2.14359
0


metaMDBG toMinspace  /var/folders/zg/vq0dnx517c54hg87dyqjky740000gn/T/.tmpwTqywI/tmp/ /var/folders/zg/vq0dnx517c54hg87dyqjky740000gn/T/.tmpwTqywI/tmp//contigs.nodepath /var/folders/zg/vq0dnx517c54hg87dyqjky740000gn/T/.tmpwTqywI/tmp//unitig_data.txt --threads 10

Input dir: /var/folders/zg/vq0dnx517c54hg87dyqjky740000gn/T/.tmpwTqywI/tmp/
Minimizer length: 15
Kminmer length: 31
Density: 0.005

Loading unitig sequences

Creating mContigs

Contig filename: /var/folders/zg/vq0dnx517c54hg87dyqjky740000gn/T/.tmpwTqywI/tmp//unitig_data.txt


metaMDBG toMinspace  /var/folders/zg/vq0dnx517c54hg87dyqjky740000gn/T/.tmpwTqywI/tmp/ /var/folders/zg/vq0dnx517c54hg87dyqjky740000gn/T/.tmpwTqywI/tmp//assembly_graph.gfa.unitigs.nodepath /var/folders/zg/vq0dnx517c54hg87dyqjky740000gn/T/.tmpwTqywI/tmp//assembly_graph.gfa.unitigs --threads 10

Input dir: /var/folders/zg/vq0dnx517c54hg87dyqjky740000gn/T/.tmpwTqywI/tmp/
Minimizer length: 15
Kminmer length: 31
Density: 0.005

Loading unitig sequences

Creating mContigs

Contig filename: /var/folders/zg/vq0dnx517c54hg87dyqjky740000gn/T/.tmpwTqywI/tmp//assembly_graph.gfa.unitigs
pass done: 31
Multi-k pass: 32/209


metaMDBG graph /var/folders/zg/vq0dnx517c54hg87dyqjky740000gn/T/.tmpwTqywI/tmp/ --threads 10 --corrected-read 

Contig filename: 
Output dir: /var/folders/zg/vq0dnx517c54hg87dyqjky740000gn/T/.tmpwTqywI/tmp/
Minimizer length: 15
Kminmer length: 32
Density: 0.005
Min abundance: 0

Loading refined abundances
	Duration: 0
Collecting kminmers
Building mdbg
Duration: 0
Nb solid kminmers: 30750
Nb small contigs written: 0
Dump kminmer abundances
	Duration: 0
Indexing edges
Edge index size: 30564
Edge index elements: 54314
	Duration: 0
Compute unitig nodes
	Duration: 0
Index unitig edges
	Duration: 0
Compute unitig edges
	Duration: 0
Dump unitig abundances
	Duration: 0
Nb edges:   0


metaMDBG contig  /var/folders/zg/vq0dnx517c54hg87dyqjky740000gn/T/.tmpwTqywI/tmp/ --threads 10

Input dir: /var/folders/zg/vq0dnx517c54hg87dyqjky740000gn/T/.tmpwTqywI/tmp/
Minimizer length: 15
Kminmer length: 32
Density: 0.005

Loading unitig graph
Load unitigs
Nb unitigs: 1484
Nb minimizers: 76754
Add unitig abundances
Sorting abundances
Add unitig edges
Nb unitig edges: 3354
Sorting unitig edges
Done loading unitig graph
Simplifying
Max abundance: 43
Nb unitigs: 1484
Superbubble
Nb superbubble removed: 154 0 (0s)
Tip
Nb Tip removed: 255 (0s)
Superbubble
Nb superbubble removed: 126 0 (0s)
Tip
Nb Tip removed: 0 (0s)
Nb errors removed: 298 (0s)
Superbubble
Nb superbubble removed: 2 0 (0s)
Tip
Nb Tip removed: 0 (0s)
Nb errors removed: 56 (0s)
Superbubble
Nb superbubble removed: 0 0 (0s)
Tip
Nb Tip removed: 2 (0s)
Superbubble
Nb superbubble removed: 2 0 (0s)
Tip
Nb Tip removed: 0 (0s)
Nb errors removed: 9 (0s)
Superbubble
Nb superbubble removed: 0 0 (0s)
Tip
Nb Tip removed: 0 (0s)
Nb errors removed: 9 (0s)
Superbubble
Nb superbubble removed: 4 0 (0s)
Tip
Nb Tip removed: 0 (0s)
Nb errors removed: 4 (0s)
Superbubble
Nb superbubble removed: 0 0 (0s)
Tip
Nb Tip removed: 0 (0s)
Nb errors removed: 11 (0s)
Superbubble
Nb superbubble removed: 2 0 (0s)
Tip
Nb Tip removed: 0 (0s)
Nb errors removed: 1 (0s)
Superbubble
Nb superbubble removed: 0 0 (0s)
Tip
Nb Tip removed: 0 (0s)
Nb errors removed: 3 (0s)
Superbubble
Nb superbubble removed: 0 0 (0s)
Tip
Nb Tip removed: 1 (0s)
Superbubble
Nb superbubble removed: 0 0 (0s)
Tip
Nb Tip removed: 0 (0s)
Nb errors removed: 2 (0s)
Superbubble
Nb superbubble removed: 0 0 (0s)
Tip
Nb Tip removed: 0 (0s)
Nb errors removed: 1 (0s)
Superbubble
Nb superbubble removed: 0 0 (0s)
Tip
Nb Tip removed: 0 (0s)
Nb errors removed: 1 (0s)
Superbubble
Nb superbubble removed: 0 0 (0s)
Tip
Nb Tip removed: 0 (0s)
Nb errors removed: 1 (0s)
Superbubble
Nb superbubble removed: 0 0 (0s)
Tip
Nb Tip removed: 0 (0s)
Nb errors removed: 1 (0s)
Superbubble
Nb superbubble removed: 0 0 (0s)
Tip
Nb Tip removed: 0 (0s)
Nb errors removed: 2 (0s)
Superbubble
Nb superbubble removed: 0 0 (0s)
Tip
Nb Tip removed: 0 (0s)
Nb errors removed: 1 (0s)
Superbubble
Nb superbubble removed: 0 0 (0s)
Tip
Nb Tip removed: 0 (0s)
Checksum: 0
Checksum abundnace: 0
Generating contigs
45.2593
41.1448
30.9127
28.1025
21.1138
14.421
10.8347
9.84974
8.14028
7.40025
6.11591
5.05447
4.17725
3.13843
2.14359
0


metaMDBG toMinspace  /var/folders/zg/vq0dnx517c54hg87dyqjky740000gn/T/.tmpwTqywI/tmp/ /var/folders/zg/vq0dnx517c54hg87dyqjky740000gn/T/.tmpwTqywI/tmp//contigs.nodepath /var/folders/zg/vq0dnx517c54hg87dyqjky740000gn/T/.tmpwTqywI/tmp//unitig_data.txt --threads 10

Input dir: /var/folders/zg/vq0dnx517c54hg87dyqjky740000gn/T/.tmpwTqywI/tmp/
Minimizer length: 15
Kminmer length: 32
Density: 0.005

Loading unitig sequences

Creating mContigs

Contig filename: /var/folders/zg/vq0dnx517c54hg87dyqjky740000gn/T/.tmpwTqywI/tmp//unitig_data.txt
pass done: 32
Multi-k pass: 33/209


metaMDBG graph /var/folders/zg/vq0dnx517c54hg87dyqjky740000gn/T/.tmpwTqywI/tmp/ --threads 10 --corrected-read 

Contig filename: 
Output dir: /var/folders/zg/vq0dnx517c54hg87dyqjky740000gn/T/.tmpwTqywI/tmp/
Minimizer length: 15
Kminmer length: 33
Density: 0.005
Min abundance: 0

Loading refined abundances
	Duration: 0
Collecting kminmers
Building mdbg
Duration: 0
Nb solid kminmers: 30920
Nb small contigs written: 0
Dump kminmer abundances
	Duration: 0
Indexing edges
Edge index size: 30728
Edge index elements: 54906
	Duration: 0
Compute unitig nodes
	Duration: 0
Index unitig edges
	Duration: 0
Compute unitig edges
	Duration: 0
Dump unitig abundances
	Duration: 0
Nb edges:   0


metaMDBG contig  /var/folders/zg/vq0dnx517c54hg87dyqjky740000gn/T/.tmpwTqywI/tmp/ --threads 10

Input dir: /var/folders/zg/vq0dnx517c54hg87dyqjky740000gn/T/.tmpwTqywI/tmp/
Minimizer length: 15
Kminmer length: 33
Density: 0.005

Loading unitig graph
Load unitigs
Nb unitigs: 1457
Nb minimizers: 77544
Add unitig abundances
Sorting abundances
Add unitig edges
Nb unitig edges: 3322
Sorting unitig edges
Done loading unitig graph
Simplifying
Max abundance: 43
Nb unitigs: 1457
Superbubble
Nb superbubble removed: 144 0 (0s)
Tip
Nb Tip removed: 248 (0s)
Superbubble
Nb superbubble removed: 130 0 (0s)
Tip
Nb Tip removed: 0 (0s)
Nb errors removed: 286 (0s)
Superbubble
Nb superbubble removed: 2 0 (0s)
Tip
Nb Tip removed: 0 (0s)
Nb errors removed: 52 (0s)
Superbubble
Nb superbubble removed: 0 0 (0s)
Tip
Nb Tip removed: 1 (0s)
Superbubble
Nb superbubble removed: 0 0 (0s)
Tip
Nb Tip removed: 0 (0s)
Nb errors removed: 8 (0s)
Superbubble
Nb superbubble removed: 0 0 (0s)
Tip
Nb Tip removed: 0 (0s)
Nb errors removed: 8 (0s)
Superbubble
Nb superbubble removed: 4 0 (0s)
Tip
Nb Tip removed: 0 (0s)
Nb errors removed: 4 (0s)
Superbubble
Nb superbubble removed: 0 0 (0s)
Tip
Nb Tip removed: 0 (0s)
Nb errors removed: 10 (0s)
Superbubble
Nb superbubble removed: 0 0 (0s)
Tip
Nb Tip removed: 0 (0s)
Nb errors removed: 1 (0s)
Superbubble
Nb superbubble removed: 0 0 (0s)
Tip
Nb Tip removed: 0 (0s)
Nb errors removed: 1 (0s)
Superbubble
Nb superbubble removed: 0 0 (0s)
Tip
Nb Tip removed: 0 (0s)
Nb errors removed: 1 (0s)
Superbubble
Nb superbubble removed: 0 0 (0s)
Tip
Nb Tip removed: 0 (0s)
Nb errors removed: 1 (0s)
Superbubble
Nb superbubble removed: 0 0 (0s)
Tip
Nb Tip removed: 0 (0s)
Nb errors removed: 1 (0s)
Superbubble
Nb superbubble removed: 0 0 (0s)
Tip
Nb Tip removed: 0 (0s)
Nb errors removed: 1 (0s)
Superbubble
Nb superbubble removed: 0 0 (0s)
Tip
Nb Tip removed: 0 (0s)
Nb errors removed: 1 (0s)
Superbubble
Nb superbubble removed: 0 0 (0s)
Tip
Nb Tip removed: 0 (0s)
Nb errors removed: 2 (0s)
Superbubble
Nb superbubble removed: 0 0 (0s)
Tip
Nb Tip removed: 0 (0s)
Nb errors removed: 1 (0s)
Superbubble
Nb superbubble removed: 0 0 (0s)
Tip
Nb Tip removed: 0 (0s)
Checksum: 0
Checksum abundnace: 0
Generating contigs
45.2593
41.1448
28.1025
21.1138
14.421
11.9182
10.8347
9.84974
8.14028
7.40025
6.11591
5.05447
4.17725
3.13843
2.14359
0


metaMDBG toMinspace  /var/folders/zg/vq0dnx517c54hg87dyqjky740000gn/T/.tmpwTqywI/tmp/ /var/folders/zg/vq0dnx517c54hg87dyqjky740000gn/T/.tmpwTqywI/tmp//contigs.nodepath /var/folders/zg/vq0dnx517c54hg87dyqjky740000gn/T/.tmpwTqywI/tmp//unitig_data.txt --threads 10

Input dir: /var/folders/zg/vq0dnx517c54hg87dyqjky740000gn/T/.tmpwTqywI/tmp/
Minimizer length: 15
Kminmer length: 33
Density: 0.005

Loading unitig sequences

Creating mContigs

Contig filename: /var/folders/zg/vq0dnx517c54hg87dyqjky740000gn/T/.tmpwTqywI/tmp//unitig_data.txt
pass done: 33
Multi-k pass: 34/209


metaMDBG graph /var/folders/zg/vq0dnx517c54hg87dyqjky740000gn/T/.tmpwTqywI/tmp/ --threads 10 --corrected-read 

Contig filename: 
Output dir: /var/folders/zg/vq0dnx517c54hg87dyqjky740000gn/T/.tmpwTqywI/tmp/
Minimizer length: 15
Kminmer length: 34
Density: 0.005
Min abundance: 0

Loading refined abundances
	Duration: 0
Collecting kminmers
Building mdbg
Duration: 0
Nb solid kminmers: 31100
Nb small contigs written: 0
Dump kminmer abundances
	Duration: 0
Indexing edges
Edge index size: 30916
Edge index elements: 54970
	Duration: 0
Compute unitig nodes
	Duration: 0
Index unitig edges
	Duration: 0
Compute unitig edges
	Duration: 0
Dump unitig abundances
	Duration: 0
Nb edges:   0


metaMDBG contig  /var/folders/zg/vq0dnx517c54hg87dyqjky740000gn/T/.tmpwTqywI/tmp/ --threads 10

Input dir: /var/folders/zg/vq0dnx517c54hg87dyqjky740000gn/T/.tmpwTqywI/tmp/
Minimizer length: 15
Kminmer length: 34
Density: 0.005

Loading unitig graph
Load unitigs
Nb unitigs: 1441
Nb minimizers: 78653
Add unitig abundances
Sorting abundances
Add unitig edges
Nb unitig edges: 3278
Sorting unitig edges
Done loading unitig graph
Simplifying
Max abundance: 43
Nb unitigs: 1441
Superbubble
Nb superbubble removed: 130 0 (0s)
Tip
Nb Tip removed: 253 (0s)
Superbubble
Nb superbubble removed: 128 0 (0s)
Tip
Nb Tip removed: 0 (0s)
Nb errors removed: 286 (0s)
Superbubble
Nb superbubble removed: 4 0 (0s)
Tip
Nb Tip removed: 0 (0s)
Nb errors removed: 52 (0s)
Superbubble
Nb superbubble removed: 0 0 (0s)
Tip
Nb Tip removed: 1 (0s)
Superbubble
Nb superbubble removed: 0 0 (0s)
Tip
Nb Tip removed: 0 (0s)
Nb errors removed: 8 (0s)
Superbubble
Nb superbubble removed: 0 0 (0s)
Tip
Nb Tip removed: 0 (0s)
Nb errors removed: 10 (0s)
Superbubble
Nb superbubble removed: 4 0 (0s)
Tip
Nb Tip removed: 0 (0s)
Nb errors removed: 6 (0s)
Superbubble
Nb superbubble removed: 0 0 (0s)
Tip
Nb Tip removed: 0 (0s)
Nb errors removed: 11 (0s)
Superbubble
Nb superbubble removed: 0 0 (0s)
Tip
Nb Tip removed: 0 (0s)
Nb errors removed: 1 (0s)
Superbubble
Nb superbubble removed: 0 0 (0s)
Tip
Nb Tip removed: 0 (0s)
Nb errors removed: 1 (0s)
Superbubble
Nb superbubble removed: 0 0 (0s)
Tip
Nb Tip removed: 0 (0s)
Nb errors removed: 1 (0s)
Superbubble
Nb superbubble removed: 0 0 (0s)
Tip
Nb Tip removed: 0 (0s)
Nb errors removed: 1 (0s)
Superbubble
Nb superbubble removed: 0 0 (0s)
Tip
Nb Tip removed: 0 (0s)
Nb errors removed: 1 (0s)
Superbubble
Nb superbubble removed: 0 0 (0s)
Tip
Nb Tip removed: 0 (0s)
Nb errors removed: 1 (0s)
Superbubble
Nb superbubble removed: 0 0 (0s)
Tip
Nb Tip removed: 0 (0s)
Nb errors removed: 1 (0s)
Superbubble
Nb superbubble removed: 0 0 (0s)
Tip
Nb Tip removed: 0 (0s)
Nb errors removed: 1 (0s)
Superbubble
Nb superbubble removed: 0 0 (0s)
Tip
Nb Tip removed: 0 (0s)
Nb errors removed: 2 (0s)
Superbubble
Nb superbubble removed: 0 0 (0s)
Tip
Nb Tip removed: 0 (0s)
Nb errors removed: 1 (0s)
Superbubble
Nb superbubble removed: 0 0 (0s)
Tip
Nb Tip removed: 0 (0s)
Checksum: 0
Checksum abundnace: 0
Generating contigs
45.2593
41.1448
28.1025
21.1138
19.1944
14.421
11.9182
10.8347
9.84974
8.14028
7.40025
6.11591
5.05447
4.17725
3.13843
2.14359
0


metaMDBG toMinspace  /var/folders/zg/vq0dnx517c54hg87dyqjky740000gn/T/.tmpwTqywI/tmp/ /var/folders/zg/vq0dnx517c54hg87dyqjky740000gn/T/.tmpwTqywI/tmp//contigs.nodepath /var/folders/zg/vq0dnx517c54hg87dyqjky740000gn/T/.tmpwTqywI/tmp//unitig_data.txt --threads 10

Input dir: /var/folders/zg/vq0dnx517c54hg87dyqjky740000gn/T/.tmpwTqywI/tmp/
Minimizer length: 15
Kminmer length: 34
Density: 0.005

Loading unitig sequences

Creating mContigs

Contig filename: /var/folders/zg/vq0dnx517c54hg87dyqjky740000gn/T/.tmpwTqywI/tmp//unitig_data.txt
pass done: 34
Multi-k pass: 35/209


metaMDBG graph /var/folders/zg/vq0dnx517c54hg87dyqjky740000gn/T/.tmpwTqywI/tmp/ --threads 10 --corrected-read 

Contig filename: 
Output dir: /var/folders/zg/vq0dnx517c54hg87dyqjky740000gn/T/.tmpwTqywI/tmp/
Minimizer length: 15
Kminmer length: 35
Density: 0.005
Min abundance: 0

Loading refined abundances
	Duration: 0
Collecting kminmers
Building mdbg
Duration: 0
Nb solid kminmers: 31273
Nb small contigs written: 0
Dump kminmer abundances
	Duration: 0
Indexing edges
Edge index size: 31096
Edge index elements: 55375
	Duration: 0
Compute unitig nodes
	Duration: 0
Index unitig edges
	Duration: 0
Compute unitig edges
	Duration: 0
Dump unitig abundances
	Duration: 0
Nb edges:   0


metaMDBG contig  /var/folders/zg/vq0dnx517c54hg87dyqjky740000gn/T/.tmpwTqywI/tmp/ --threads 10

Input dir: /var/folders/zg/vq0dnx517c54hg87dyqjky740000gn/T/.tmpwTqywI/tmp/
Minimizer length: 15
Kminmer length: 35
Density: 0.005

Loading unitig graph
Load unitigs
Nb unitigs: 1426
Nb minimizers: 79757
Add unitig abundances
Sorting abundances
Add unitig edges
Nb unitig edges: 3220
Sorting unitig edges
Done loading unitig graph
Simplifying
Max abundance: 43
Nb unitigs: 1426
Superbubble
Nb superbubble removed: 124 0 (0s)
Tip
Nb Tip removed: 250 (0s)
Superbubble
Nb superbubble removed: 130 0 (0s)
Tip
Nb Tip removed: 0 (0s)
Nb errors removed: 286 (0s)
Superbubble
Nb superbubble removed: 4 0 (0s)
Tip
Nb Tip removed: 1 (0s)
Superbubble
Nb superbubble removed: 0 0 (0s)
Tip
Nb Tip removed: 0 (0s)
Nb errors removed: 52 (0s)
Superbubble
Nb superbubble removed: 0 0 (0s)
Tip
Nb Tip removed: 0 (0s)
Nb errors removed: 9 (0s)
Superbubble
Nb superbubble removed: 0 0 (0s)
Tip
Nb Tip removed: 0 (0s)
Nb errors removed: 10 (0s)
Superbubble
Nb superbubble removed: 4 0 (0s)
Tip
Nb Tip removed: 0 (0s)
Nb errors removed: 5 (0s)
Superbubble
Nb superbubble removed: 0 0 (0s)
Tip
Nb Tip removed: 0 (0s)
Nb errors removed: 11 (0s)
Superbubble
Nb superbubble removed: 0 0 (0s)
Tip
Nb Tip removed: 0 (0s)
Nb errors removed: 1 (0s)
Superbubble
Nb superbubble removed: 0 0 (0s)
Tip
Nb Tip removed: 0 (0s)
Nb errors removed: 1 (0s)
Superbubble
Nb superbubble removed: 0 0 (0s)
Tip
Nb Tip removed: 0 (0s)
Nb errors removed: 1 (0s)
Superbubble
Nb superbubble removed: 0 0 (0s)
Tip
Nb Tip removed: 0 (0s)
Nb errors removed: 1 (0s)
Superbubble
Nb superbubble removed: 0 0 (0s)
Tip
Nb Tip removed: 0 (0s)
Nb errors removed: 1 (0s)
Superbubble
Nb superbubble removed: 0 0 (0s)
Tip
Nb Tip removed: 0 (0s)
Nb errors removed: 1 (0s)
Superbubble
Nb superbubble removed: 0 0 (0s)
Tip
Nb Tip removed: 0 (0s)
Nb errors removed: 1 (0s)
Superbubble
Nb superbubble removed: 0 0 (0s)
Tip
Nb Tip removed: 0 (0s)
Nb errors removed: 1 (0s)
Superbubble
Nb superbubble removed: 0 0 (0s)
Tip
Nb Tip removed: 0 (0s)
Nb errors removed: 2 (0s)
Superbubble
Nb superbubble removed: 0 0 (0s)
Tip
Nb Tip removed: 0 (0s)
Nb errors removed: 1 (0s)
Superbubble
Nb superbubble removed: 0 0 (0s)
Tip
Nb Tip removed: 0 (0s)
Checksum: 0
Checksum abundnace: 0
Generating contigs
45.2593
41.1448
28.1025
21.1138
19.1944
14.421
11.9182
10.8347
9.84974
8.14028
7.40025
6.11591
5.05447
4.17725
3.13843
2.14359
0


metaMDBG toMinspace  /var/folders/zg/vq0dnx517c54hg87dyqjky740000gn/T/.tmpwTqywI/tmp/ /var/folders/zg/vq0dnx517c54hg87dyqjky740000gn/T/.tmpwTqywI/tmp//contigs.nodepath /var/folders/zg/vq0dnx517c54hg87dyqjky740000gn/T/.tmpwTqywI/tmp//unitig_data.txt --threads 10

Input dir: /var/folders/zg/vq0dnx517c54hg87dyqjky740000gn/T/.tmpwTqywI/tmp/
Minimizer length: 15
Kminmer length: 35
Density: 0.005

Loading unitig sequences

Creating mContigs

Contig filename: /var/folders/zg/vq0dnx517c54hg87dyqjky740000gn/T/.tmpwTqywI/tmp//unitig_data.txt
pass done: 35
Multi-k pass: 36/209


metaMDBG graph /var/folders/zg/vq0dnx517c54hg87dyqjky740000gn/T/.tmpwTqywI/tmp/ --threads 10 --corrected-read 

Contig filename: 
Output dir: /var/folders/zg/vq0dnx517c54hg87dyqjky740000gn/T/.tmpwTqywI/tmp/
Minimizer length: 15
Kminmer length: 36
Density: 0.005
Min abundance: 0

Loading refined abundances
	Duration: 0
Collecting kminmers
Building mdbg
Duration: 0
Nb solid kminmers: 31439
Nb small contigs written: 0
Dump kminmer abundances
	Duration: 0
Indexing edges
Edge index size: 31268
Edge index elements: 55765
	Duration: 0
Compute unitig nodes
	Duration: 0
Index unitig edges
	Duration: 0
Compute unitig edges
	Duration: 0
Dump unitig abundances
	Duration: 0
Nb edges:   0


metaMDBG contig  /var/folders/zg/vq0dnx517c54hg87dyqjky740000gn/T/.tmpwTqywI/tmp/ --threads 10

Input dir: /var/folders/zg/vq0dnx517c54hg87dyqjky740000gn/T/.tmpwTqywI/tmp/
Minimizer length: 15
Kminmer length: 36
Density: 0.005

Loading unitig graph
Load unitigs
Nb unitigs: 1417
Nb minimizers: 81034
Add unitig abundances
Sorting abundances
Add unitig edges
Nb unitig edges: 3184
Sorting unitig edges
Done loading unitig graph
Simplifying
Max abundance: 43
Nb unitigs: 1417
Superbubble
Nb superbubble removed: 118 0 (0s)
Tip
Nb Tip removed: 245 (0s)
Superbubble
Nb superbubble removed: 130 0 (0s)
Tip
Nb Tip removed: 0 (0s)
Nb errors removed: 281 (0s)
Superbubble
Nb superbubble removed: 4 0 (0s)
Tip
Nb Tip removed: 1 (0s)
Superbubble
Nb superbubble removed: 0 0 (0s)
Tip
Nb Tip removed: 0 (0s)
Nb errors removed: 51 (0s)
Superbubble
Nb superbubble removed: 0 0 (0s)
Tip
Nb Tip removed: 0 (0s)
Nb errors removed: 9 (0s)
Superbubble
Nb superbubble removed: 0 0 (0s)
Tip
Nb Tip removed: 0 (0s)
Nb errors removed: 10 (0s)
Superbubble
Nb superbubble removed: 4 0 (0s)
Tip
Nb Tip removed: 0 (0s)
Nb errors removed: 6 (0s)
Superbubble
Nb superbubble removed: 0 0 (0s)
Tip
Nb Tip removed: 0 (0s)
Nb errors removed: 11 (0s)
Superbubble
Nb superbubble removed: 0 0 (0s)
Tip
Nb Tip removed: 0 (0s)
Nb errors removed: 1 (0s)
Superbubble
Nb superbubble removed: 0 0 (0s)
Tip
Nb Tip removed: 0 (0s)
Nb errors removed: 1 (0s)
Superbubble
Nb superbubble removed: 0 0 (0s)
Tip
Nb Tip removed: 0 (0s)
Nb errors removed: 1 (0s)
Superbubble
Nb superbubble removed: 0 0 (0s)
Tip
Nb Tip removed: 0 (0s)
Nb errors removed: 1 (0s)
Superbubble
Nb superbubble removed: 0 0 (0s)
Tip
Nb Tip removed: 0 (0s)
Nb errors removed: 1 (0s)
Superbubble
Nb superbubble removed: 0 0 (0s)
Tip
Nb Tip removed: 0 (0s)
Nb errors removed: 1 (0s)
Superbubble
Nb superbubble removed: 0 0 (0s)
Tip
Nb Tip removed: 0 (0s)
Nb errors removed: 1 (0s)
Superbubble
Nb superbubble removed: 0 0 (0s)
Tip
Nb Tip removed: 0 (0s)
Nb errors removed: 1 (0s)
Superbubble
Nb superbubble removed: 0 0 (0s)
Tip
Nb Tip removed: 0 (0s)
Nb errors removed: 2 (0s)
Superbubble
Nb superbubble removed: 0 0 (0s)
Tip
Nb Tip removed: 0 (0s)
Nb errors removed: 1 (0s)
Superbubble
Nb superbubble removed: 0 0 (0s)
Tip
Nb Tip removed: 0 (0s)
Checksum: 0
Checksum abundnace: 0
Generating contigs
45.2593
41.1448
28.1025
21.1138
19.1944
14.421
11.9182
10.8347
9.84974
8.14028
7.40025
6.11591
5.05447
4.17725
3.13843
2.14359
0


metaMDBG toMinspace  /var/folders/zg/vq0dnx517c54hg87dyqjky740000gn/T/.tmpwTqywI/tmp/ /var/folders/zg/vq0dnx517c54hg87dyqjky740000gn/T/.tmpwTqywI/tmp//contigs.nodepath /var/folders/zg/vq0dnx517c54hg87dyqjky740000gn/T/.tmpwTqywI/tmp//unitig_data.txt --threads 10

Input dir: /var/folders/zg/vq0dnx517c54hg87dyqjky740000gn/T/.tmpwTqywI/tmp/
Minimizer length: 15
Kminmer length: 36
Density: 0.005

Loading unitig sequences

Creating mContigs

Contig filename: /var/folders/zg/vq0dnx517c54hg87dyqjky740000gn/T/.tmpwTqywI/tmp//unitig_data.txt
pass done: 36
Multi-k pass: 37/209


metaMDBG graph /var/folders/zg/vq0dnx517c54hg87dyqjky740000gn/T/.tmpwTqywI/tmp/ --threads 10 --corrected-read 

Contig filename: 
Output dir: /var/folders/zg/vq0dnx517c54hg87dyqjky740000gn/T/.tmpwTqywI/tmp/
Minimizer length: 15
Kminmer length: 37
Density: 0.005
Min abundance: 0

Loading refined abundances
	Duration: 0
Collecting kminmers
Building mdbg
Duration: 0
Nb solid kminmers: 31603
Nb small contigs written: 0
Dump kminmer abundances
	Duration: 0
Indexing edges
Edge index size: 31428
Edge index elements: 55852
	Duration: 0
Compute unitig nodes
	Duration: 0
Index unitig edges
	Duration: 0
Compute unitig edges
	Duration: 0
Dump unitig abundances
	Duration: 0
Nb edges:   0


metaMDBG contig  /var/folders/zg/vq0dnx517c54hg87dyqjky740000gn/T/.tmpwTqywI/tmp/ --threads 10

Input dir: /var/folders/zg/vq0dnx517c54hg87dyqjky740000gn/T/.tmpwTqywI/tmp/
Minimizer length: 15
Kminmer length: 37
Density: 0.005

Loading unitig graph
Load unitigs
Nb unitigs: 1402
Nb minimizers: 82075
Add unitig abundances
Sorting abundances
Add unitig edges
Nb unitig edges: 3166
Sorting unitig edges
Done loading unitig graph
Simplifying
Max abundance: 43
Nb unitigs: 1402
Superbubble
Nb superbubble removed: 114 0 (0s)
Tip
Nb Tip removed: 250 (0s)
Superbubble
Nb superbubble removed: 128 0 (0s)
Tip
Nb Tip removed: 0 (0s)
Nb errors removed: 278 (0s)
Superbubble
Nb superbubble removed: 4 0 (0s)
Tip
Nb Tip removed: 1 (0s)
Superbubble
Nb superbubble removed: 0 0 (0s)
Tip
Nb Tip removed: 0 (0s)
Nb errors removed: 48 (0s)
Superbubble
Nb superbubble removed: 0 0 (0s)
Tip
Nb Tip removed: 0 (0s)
Nb errors removed: 10 (0s)
Superbubble
Nb superbubble removed: 0 0 (0s)
Tip
Nb Tip removed: 0 (0s)
Nb errors removed: 10 (0s)
Superbubble
Nb superbubble removed: 4 0 (0s)
Tip
Nb Tip removed: 0 (0s)
Nb errors removed: 8 (0s)
Superbubble
Nb superbubble removed: 0 0 (0s)
Tip
Nb Tip removed: 0 (0s)
Nb errors removed: 11 (0s)
Superbubble
Nb superbubble removed: 0 0 (0s)
Tip
Nb Tip removed: 0 (0s)
Nb errors removed: 1 (0s)
Superbubble
Nb superbubble removed: 0 0 (0s)
Tip
Nb Tip removed: 0 (0s)
Nb errors removed: 1 (0s)
Superbubble
Nb superbubble removed: 0 0 (0s)
Tip
Nb Tip removed: 0 (0s)
Nb errors removed: 1 (0s)
Superbubble
Nb superbubble removed: 0 0 (0s)
Tip
Nb Tip removed: 0 (0s)
Nb errors removed: 1 (0s)
Superbubble
Nb superbubble removed: 0 0 (0s)
Tip
Nb Tip removed: 0 (0s)
Nb errors removed: 1 (0s)
Superbubble
Nb superbubble removed: 0 0 (0s)
Tip
Nb Tip removed: 0 (0s)
Nb errors removed: 1 (0s)
Superbubble
Nb superbubble removed: 0 0 (0s)
Tip
Nb Tip removed: 0 (0s)
Nb errors removed: 1 (0s)
Superbubble
Nb superbubble removed: 0 0 (0s)
Tip
Nb Tip removed: 0 (0s)
Nb errors removed: 1 (0s)
Superbubble
Nb superbubble removed: 0 0 (0s)
Tip
Nb Tip removed: 0 (0s)
Nb errors removed: 2 (0s)
Superbubble
Nb superbubble removed: 0 0 (0s)
Tip
Nb Tip removed: 0 (0s)
Nb errors removed: 1 (0s)
Superbubble
Nb superbubble removed: 0 0 (0s)
Tip
Nb Tip removed: 0 (0s)
Checksum: 0
Checksum abundnace: 0
Generating contigs
45.2593
41.1448
28.1025
21.1138
19.1944
14.421
11.9182
10.8347
9.84974
8.14028
7.40025
6.11591
5.05447
4.17725
3.13843
2.14359
0


metaMDBG toMinspace  /var/folders/zg/vq0dnx517c54hg87dyqjky740000gn/T/.tmpwTqywI/tmp/ /var/folders/zg/vq0dnx517c54hg87dyqjky740000gn/T/.tmpwTqywI/tmp//contigs.nodepath /var/folders/zg/vq0dnx517c54hg87dyqjky740000gn/T/.tmpwTqywI/tmp//unitig_data.txt --threads 10

Input dir: /var/folders/zg/vq0dnx517c54hg87dyqjky740000gn/T/.tmpwTqywI/tmp/
Minimizer length: 15
Kminmer length: 37
Density: 0.005

Loading unitig sequences

Creating mContigs

Contig filename: /var/folders/zg/vq0dnx517c54hg87dyqjky740000gn/T/.tmpwTqywI/tmp//unitig_data.txt
pass done: 37
Multi-k pass: 38/209


metaMDBG graph /var/folders/zg/vq0dnx517c54hg87dyqjky740000gn/T/.tmpwTqywI/tmp/ --threads 10 --corrected-read 

Contig filename: 
Output dir: /var/folders/zg/vq0dnx517c54hg87dyqjky740000gn/T/.tmpwTqywI/tmp/
Minimizer length: 15
Kminmer length: 38
Density: 0.005
Min abundance: 0

Loading refined abundances
	Duration: 0
Collecting kminmers
Building mdbg
Duration: 0
Nb solid kminmers: 31767
Nb small contigs written: 0
Dump kminmer abundances
	Duration: 0
Indexing edges
Edge index size: 31598
Edge index elements: 56227
	Duration: 0
Compute unitig nodes
	Duration: 0
Index unitig edges
	Duration: 0
Compute unitig edges
	Duration: 0
Dump unitig abundances
	Duration: 0
Nb edges:   0


metaMDBG contig  /var/folders/zg/vq0dnx517c54hg87dyqjky740000gn/T/.tmpwTqywI/tmp/ --threads 10

Input dir: /var/folders/zg/vq0dnx517c54hg87dyqjky740000gn/T/.tmpwTqywI/tmp/
Minimizer length: 15
Kminmer length: 38
Density: 0.005

Loading unitig graph
Load unitigs
Nb unitigs: 1388
Nb minimizers: 83123
Add unitig abundances
Sorting abundances
Add unitig edges
Nb unitig edges: 3132
Sorting unitig edges
Done loading unitig graph
Simplifying
Max abundance: 43
Nb unitigs: 1388
Superbubble
Nb superbubble removed: 110 0 (0s)
Tip
Nb Tip removed: 257 (0s)
Superbubble
Nb superbubble removed: 130 0 (0s)
Tip
Nb Tip removed: 0 (0s)
Nb errors removed: 280 (0s)
Superbubble
Nb superbubble removed: 4 0 (0s)
Tip
Nb Tip removed: 1 (0s)
Superbubble
Nb superbubble removed: 0 0 (0s)
Tip
Nb Tip removed: 0 (0s)
Nb errors removed: 51 (0s)
Superbubble
Nb superbubble removed: 0 0 (0s)
Tip
Nb Tip removed: 0 (0s)
Nb errors removed: 11 (0s)
Superbubble
Nb superbubble removed: 0 0 (0s)
Tip
Nb Tip removed: 0 (0s)
Nb errors removed: 1 (0s)
Superbubble
Nb superbubble removed: 0 0 (0s)
Tip
Nb Tip removed: 0 (0s)
Nb errors removed: 10 (0s)
Superbubble
Nb superbubble removed: 0 0 (0s)
Tip
Nb Tip removed: 0 (0s)
Nb errors removed: 5 (0s)
Superbubble
Nb superbubble removed: 0 0 (0s)
Tip
Nb Tip removed: 0 (0s)
Nb errors removed: 11 (0s)
Superbubble
Nb superbubble removed: 0 0 (0s)
Tip
Nb Tip removed: 0 (0s)
Nb errors removed: 2 (0s)
Superbubble
Nb superbubble removed: 0 0 (0s)
Tip
Nb Tip removed: 0 (0s)
Nb errors removed: 2 (0s)
Superbubble
Nb superbubble removed: 0 0 (0s)
Tip
Nb Tip removed: 0 (0s)
Nb errors removed: 1 (0s)
Superbubble
Nb superbubble removed: 0 0 (0s)
Tip
Nb Tip removed: 0 (0s)
Nb errors removed: 3 (0s)
Superbubble
Nb superbubble removed: 0 0 (0s)
Tip
Nb Tip removed: 0 (0s)
Nb errors removed: 1 (0s)
Superbubble
Nb superbubble removed: 0 0 (0s)
Tip
Nb Tip removed: 0 (0s)
Nb errors removed: 1 (0s)
Superbubble
Nb superbubble removed: 0 0 (0s)
Tip
Nb Tip removed: 0 (0s)
Nb errors removed: 1 (0s)
Superbubble
Nb superbubble removed: 0 0 (0s)
Tip
Nb Tip removed: 0 (0s)
Nb errors removed: 1 (0s)
Superbubble
Nb superbubble removed: 0 0 (0s)
Tip
Nb Tip removed: 0 (0s)
Nb errors removed: 2 (0s)
Superbubble
Nb superbubble removed: 0 0 (0s)
Tip
Nb Tip removed: 0 (0s)
Nb errors removed: 1 (0s)
Superbubble
Nb superbubble removed: 0 0 (0s)
Tip
Nb Tip removed: 0 (0s)
Checksum: 0
Checksum abundnace: 0
Generating contigs
45.2593
41.1448
28.1025
21.1138
19.1944
14.421
11.9182
10.8347
9.84974
8.14028
7.40025
6.11591
5.05447
4.59497
4.17725
3.13843
2.14359
0


metaMDBG toMinspace  /var/folders/zg/vq0dnx517c54hg87dyqjky740000gn/T/.tmpwTqywI/tmp/ /var/folders/zg/vq0dnx517c54hg87dyqjky740000gn/T/.tmpwTqywI/tmp//contigs.nodepath /var/folders/zg/vq0dnx517c54hg87dyqjky740000gn/T/.tmpwTqywI/tmp//unitig_data.txt --threads 10

Input dir: /var/folders/zg/vq0dnx517c54hg87dyqjky740000gn/T/.tmpwTqywI/tmp/
Minimizer length: 15
Kminmer length: 38
Density: 0.005

Loading unitig sequences

Creating mContigs

Contig filename: /var/folders/zg/vq0dnx517c54hg87dyqjky740000gn/T/.tmpwTqywI/tmp//unitig_data.txt
pass done: 38
Multi-k pass: 39/209


metaMDBG graph /var/folders/zg/vq0dnx517c54hg87dyqjky740000gn/T/.tmpwTqywI/tmp/ --threads 10 --corrected-read 

Contig filename: 
Output dir: /var/folders/zg/vq0dnx517c54hg87dyqjky740000gn/T/.tmpwTqywI/tmp/
Minimizer length: 15
Kminmer length: 39
Density: 0.005
Min abundance: 0

Loading refined abundances
	Duration: 0
Collecting kminmers
Building mdbg
Duration: 0
Nb solid kminmers: 31922
Nb small contigs written: 0
Dump kminmer abundances
	Duration: 0
Indexing edges
Edge index size: 31763
Edge index elements: 56375
	Duration: 0
Compute unitig nodes
	Duration: 0
Index unitig edges
	Duration: 0
Compute unitig edges
	Duration: 0
Dump unitig abundances
	Duration: 0
Nb edges:   0


metaMDBG contig  /var/folders/zg/vq0dnx517c54hg87dyqjky740000gn/T/.tmpwTqywI/tmp/ --threads 10

Input dir: /var/folders/zg/vq0dnx517c54hg87dyqjky740000gn/T/.tmpwTqywI/tmp/
Minimizer length: 15
Kminmer length: 39
Density: 0.005

Loading unitig graph
Load unitigs
Nb unitigs: 1366
Nb minimizers: 83830
Add unitig abundances
Sorting abundances
Add unitig edges
Nb unitig edges: 3072
Sorting unitig edges
Done loading unitig graph
Simplifying
Max abundance: 43
Nb unitigs: 1366
Superbubble
Nb superbubble removed: 108 0 (0s)
Tip
Nb Tip removed: 262 (0s)
Superbubble
Nb superbubble removed: 124 0 (0s)
Tip
Nb Tip removed: 0 (0s)
Nb errors removed: 282 (0s)
Superbubble
Nb superbubble removed: 4 0 (0s)
Tip
Nb Tip removed: 1 (0s)
Superbubble
Nb superbubble removed: 0 0 (0s)
Tip
Nb Tip removed: 0 (0s)
Nb errors removed: 51 (0s)
Superbubble
Nb superbubble removed: 0 0 (0s)
Tip
Nb Tip removed: 0 (0s)
Nb errors removed: 11 (0s)
Superbubble
Nb superbubble removed: 0 0 (0s)
Tip
Nb Tip removed: 0 (0s)
Nb errors removed: 11 (0s)
Superbubble
Nb superbubble removed: 0 0 (0s)
Tip
Nb Tip removed: 0 (0s)
Nb errors removed: 6 (0s)
Superbubble
Nb superbubble removed: 0 0 (0s)
Tip
Nb Tip removed: 0 (0s)
Nb errors removed: 11 (0s)
Superbubble
Nb superbubble removed: 0 0 (0s)
Tip
Nb Tip removed: 0 (0s)
Nb errors removed: 3 (0s)
Superbubble
Nb superbubble removed: 0 0 (0s)
Tip
Nb Tip removed: 1 (0s)
Superbubble
Nb superbubble removed: 0 0 (0s)
Tip
Nb Tip removed: 0 (0s)
Nb errors removed: 5 (0s)
Superbubble
Nb superbubble removed: 0 0 (0s)
Tip
Nb Tip removed: 0 (0s)
Nb errors removed: 1 (0s)
Superbubble
Nb superbubble removed: 0 0 (0s)
Tip
Nb Tip removed: 0 (0s)
Nb errors removed: 3 (0s)
Superbubble
Nb superbubble removed: 0 0 (0s)
Tip
Nb Tip removed: 0 (0s)
Nb errors removed: 1 (0s)
Superbubble
Nb superbubble removed: 0 0 (0s)
Tip
Nb Tip removed: 0 (0s)
Nb errors removed: 1 (0s)
Superbubble
Nb superbubble removed: 0 0 (0s)
Tip
Nb Tip removed: 0 (0s)
Nb errors removed: 1 (0s)
Superbubble
Nb superbubble removed: 0 0 (0s)
Tip
Nb Tip removed: 0 (0s)
Nb errors removed: 1 (0s)
Superbubble
Nb superbubble removed: 0 0 (0s)
Tip
Nb Tip removed: 0 (0s)
Nb errors removed: 2 (0s)
Superbubble
Nb superbubble removed: 0 0 (0s)
Tip
Nb Tip removed: 0 (0s)
Nb errors removed: 1 (0s)
Superbubble
Nb superbubble removed: 0 0 (0s)
Tip
Nb Tip removed: 0 (0s)
Checksum: 0
Checksum abundnace: 0
Generating contigs
45.2593
41.1448
28.1025
21.1138
19.1944
14.421
11.9182
10.8347
9.84974
8.14028
7.40025
6.11591
5.05447
4.17725
3.13843
2.14359
0


metaMDBG toMinspace  /var/folders/zg/vq0dnx517c54hg87dyqjky740000gn/T/.tmpwTqywI/tmp/ /var/folders/zg/vq0dnx517c54hg87dyqjky740000gn/T/.tmpwTqywI/tmp//contigs.nodepath /var/folders/zg/vq0dnx517c54hg87dyqjky740000gn/T/.tmpwTqywI/tmp//unitig_data.txt --threads 10

Input dir: /var/folders/zg/vq0dnx517c54hg87dyqjky740000gn/T/.tmpwTqywI/tmp/
Minimizer length: 15
Kminmer length: 39
Density: 0.005

Loading unitig sequences

Creating mContigs

Contig filename: /var/folders/zg/vq0dnx517c54hg87dyqjky740000gn/T/.tmpwTqywI/tmp//unitig_data.txt
pass done: 39
Multi-k pass: 40/209


metaMDBG graph /var/folders/zg/vq0dnx517c54hg87dyqjky740000gn/T/.tmpwTqywI/tmp/ --threads 10 --corrected-read 

Contig filename: 
Output dir: /var/folders/zg/vq0dnx517c54hg87dyqjky740000gn/T/.tmpwTqywI/tmp/
Minimizer length: 15
Kminmer length: 40
Density: 0.005
Min abundance: 0

Loading refined abundances
	Duration: 0
Collecting kminmers
Building mdbg
Duration: 0
Nb solid kminmers: 32066
Nb small contigs written: 0
Dump kminmer abundances
	Duration: 0
Indexing edges
Edge index size: 31913
Edge index elements: 56536
	Duration: 0
Compute unitig nodes
	Duration: 0
Index unitig edges
	Duration: 0
Compute unitig edges
	Duration: 0
Dump unitig abundances
	Duration: 0
Nb edges:   0


metaMDBG contig  /var/folders/zg/vq0dnx517c54hg87dyqjky740000gn/T/.tmpwTqywI/tmp/ --threads 10

Input dir: /var/folders/zg/vq0dnx517c54hg87dyqjky740000gn/T/.tmpwTqywI/tmp/
Minimizer length: 15
Kminmer length: 40
Density: 0.005

Loading unitig graph
Load unitigs
Nb unitigs: 1347
Nb minimizers: 84599
Add unitig abundances
Sorting abundances
Add unitig edges
Nb unitig edges: 3012
Sorting unitig edges
Done loading unitig graph
Simplifying
Max abundance: 43
Nb unitigs: 1347
Superbubble
Nb superbubble removed: 106 0 (0s)
Tip
Nb Tip removed: 271 (0s)
Superbubble
Nb superbubble removed: 126 0 (0s)
Tip
Nb Tip removed: 0 (0s)
Nb errors removed: 279 (0s)
Superbubble
Nb superbubble removed: 4 0 (0s)
Tip
Nb Tip removed: 1 (0s)
Superbubble
Nb superbubble removed: 0 0 (0s)
Tip
Nb Tip removed: 0 (0s)
Nb errors removed: 53 (0s)
Superbubble
Nb superbubble removed: 0 0 (0s)
Tip
Nb Tip removed: 0 (0s)
Nb errors removed: 12 (0s)
Superbubble
Nb superbubble removed: 0 0 (0s)
Tip
Nb Tip removed: 0 (0s)
Nb errors removed: 15 (0s)
Superbubble
Nb superbubble removed: 0 0 (0s)
Tip
Nb Tip removed: 0 (0s)
Nb errors removed: 7 (0s)
Superbubble
Nb superbubble removed: 0 0 (0s)
Tip
Nb Tip removed: 0 (0s)
Nb errors removed: 11 (0s)
Superbubble
Nb superbubble removed: 0 0 (0s)
Tip
Nb Tip removed: 0 (0s)
Nb errors removed: 3 (0s)
Superbubble
Nb superbubble removed: 0 0 (0s)
Tip
Nb Tip removed: 1 (0s)
Superbubble
Nb superbubble removed: 0 0 (0s)
Tip
Nb Tip removed: 0 (0s)
Nb errors removed: 5 (0s)
Superbubble
Nb superbubble removed: 0 0 (0s)
Tip
Nb Tip removed: 0 (0s)
Nb errors removed: 1 (0s)
Superbubble
Nb superbubble removed: 0 0 (0s)
Tip
Nb Tip removed: 0 (0s)
Nb errors removed: 4 (0s)
Superbubble
Nb superbubble removed: 2 0 (0s)
Tip
Nb Tip removed: 0 (0s)
Nb errors removed: 1 (0s)
Superbubble
Nb superbubble removed: 0 0 (0s)
Tip
Nb Tip removed: 0 (0s)
Nb errors removed: 1 (0s)
Superbubble
Nb superbubble removed: 0 0 (0s)
Tip
Nb Tip removed: 0 (0s)
Nb errors removed: 1 (0s)
Superbubble
Nb superbubble removed: 0 0 (0s)
Tip
Nb Tip removed: 0 (0s)
Nb errors removed: 1 (0s)
Superbubble
Nb superbubble removed: 0 0 (0s)
Tip
Nb Tip removed: 0 (0s)
Nb errors removed: 2 (0s)
Superbubble
Nb superbubble removed: 0 0 (0s)
Tip
Nb Tip removed: 0 (0s)
Nb errors removed: 1 (0s)
Superbubble
Nb superbubble removed: 0 0 (0s)
Tip
Nb Tip removed: 0 (0s)
Checksum: 0
Checksum abundnace: 0
Generating contigs
45.2593
41.1448
28.1025
21.1138
19.1944
14.421
11.9182
10.8347
9.84974
8.14028
7.40025
6.11591
5.05447
4.17725
3.13843
2.14359
0


metaMDBG toMinspace  /var/folders/zg/vq0dnx517c54hg87dyqjky740000gn/T/.tmpwTqywI/tmp/ /var/folders/zg/vq0dnx517c54hg87dyqjky740000gn/T/.tmpwTqywI/tmp//contigs.nodepath /var/folders/zg/vq0dnx517c54hg87dyqjky740000gn/T/.tmpwTqywI/tmp//unitig_data.txt --threads 10

Input dir: /var/folders/zg/vq0dnx517c54hg87dyqjky740000gn/T/.tmpwTqywI/tmp/
Minimizer length: 15
Kminmer length: 40
Density: 0.005

Loading unitig sequences

Creating mContigs

Contig filename: /var/folders/zg/vq0dnx517c54hg87dyqjky740000gn/T/.tmpwTqywI/tmp//unitig_data.txt
pass done: 40
Multi-k pass: 41/209


metaMDBG graph /var/folders/zg/vq0dnx517c54hg87dyqjky740000gn/T/.tmpwTqywI/tmp/ --threads 10 --corrected-read 

Contig filename: 
Output dir: /var/folders/zg/vq0dnx517c54hg87dyqjky740000gn/T/.tmpwTqywI/tmp/
Minimizer length: 15
Kminmer length: 41
Density: 0.005
Min abundance: 0

Loading refined abundances
	Duration: 0
Collecting kminmers
Building mdbg
Duration: 0
Nb solid kminmers: 32208
Nb small contigs written: 0
Dump kminmer abundances
	Duration: 0
Indexing edges
Edge index size: 32061
Edge index elements: 57037
	Duration: 0
Compute unitig nodes
	Duration: 0
Index unitig edges
	Duration: 0
Compute unitig edges
	Duration: 0
Dump unitig abundances
	Duration: 0
Nb edges:   0


metaMDBG contig  /var/folders/zg/vq0dnx517c54hg87dyqjky740000gn/T/.tmpwTqywI/tmp/ --threads 10 --gen-graph 

Input dir: /var/folders/zg/vq0dnx517c54hg87dyqjky740000gn/T/.tmpwTqywI/tmp/
Minimizer length: 15
Kminmer length: 41
Density: 0.005

Loading unitig graph
Load unitigs
Nb unitigs: 1331
Nb minimizers: 85448
Add unitig abundances
Sorting abundances
Add unitig edges
Nb unitig edges: 2970
Sorting unitig edges
Done loading unitig graph
Simplifying
Max abundance: 43
Nb unitigs: 1331
Superbubble
Nb superbubble removed: 104 0 (0s)
Tip
Nb Tip removed: 270 (0s)
Superbubble
Nb superbubble removed: 124 0 (0s)
Tip
Nb Tip removed: 0 (0s)
Saving unitig graph: /var/folders/zg/vq0dnx517c54hg87dyqjky740000gn/T/.tmpwTqywI/tmp//assembly_graph.gfa
Nb errors removed: 278 (0s)
Superbubble
Nb superbubble removed: 4 0 (0s)
Tip
Nb Tip removed: 1 (0s)
Superbubble
Nb superbubble removed: 0 0 (0s)
Tip
Nb Tip removed: 0 (0s)
Nb errors removed: 51 (0s)
Superbubble
Nb superbubble removed: 0 0 (0s)
Tip
Nb Tip removed: 0 (0s)
Nb errors removed: 13 (0s)
Superbubble
Nb superbubble removed: 0 0 (0s)
Tip
Nb Tip removed: 0 (0s)
Nb errors removed: 14 (0s)
Superbubble
Nb superbubble removed: 0 0 (0s)
Tip
Nb Tip removed: 0 (0s)
Nb errors removed: 7 (0s)
Superbubble
Nb superbubble removed: 0 0 (0s)
Tip
Nb Tip removed: 0 (0s)
Nb errors removed: 11 (0s)
Superbubble
Nb superbubble removed: 0 0 (0s)
Tip
Nb Tip removed: 0 (0s)
Nb errors removed: 3 (0s)
Superbubble
Nb superbubble removed: 0 0 (0s)
Tip
Nb Tip removed: 1 (0s)
Superbubble
Nb superbubble removed: 0 0 (0s)
Tip
Nb Tip removed: 0 (0s)
Nb errors removed: 5 (0s)
Superbubble
Nb superbubble removed: 0 0 (0s)
Tip
Nb Tip removed: 0 (0s)
Nb errors removed: 1 (0s)
Superbubble
Nb superbubble removed: 0 0 (0s)
Tip
Nb Tip removed: 0 (0s)
Nb errors removed: 5 (0s)
Superbubble
Nb superbubble removed: 2 0 (0s)
Tip
Nb Tip removed: 1 (0s)
Superbubble
Nb superbubble removed: 0 0 (0s)
Tip
Nb Tip removed: 0 (0s)
Nb errors removed: 1 (0s)
Superbubble
Nb superbubble removed: 0 0 (0s)
Tip
Nb Tip removed: 0 (0s)
Nb errors removed: 1 (0s)
Superbubble
Nb superbubble removed: 0 0 (0s)
Tip
Nb Tip removed: 0 (0s)
Nb errors removed: 1 (0s)
Superbubble
Nb superbubble removed: 0 0 (0s)
Tip
Nb Tip removed: 0 (0s)
Nb errors removed: 1 (0s)
Superbubble
Nb superbubble removed: 0 0 (0s)
Tip
Nb Tip removed: 0 (0s)
Nb errors removed: 1 (0s)
Superbubble
Nb superbubble removed: 0 0 (0s)
Tip
Nb Tip removed: 0 (0s)
Nb errors removed: 1 (0s)
Superbubble
Nb superbubble removed: 0 0 (0s)
Tip
Nb Tip removed: 0 (0s)
Nb errors removed: 2 (0s)
Superbubble
Nb superbubble removed: 0 0 (0s)
Tip
Nb Tip removed: 0 (0s)
Checksum: 0
Checksum abundnace: 0
Generating contigs
45.2593
41.1448
28.1025
21.1138
19.1944
14.421
13.11
11.9182
10.8347
9.84974
8.14028
7.40025
6.11591
5.05447
4.17725
3.13843
2.14359
0


metaMDBG toMinspace  /var/folders/zg/vq0dnx517c54hg87dyqjky740000gn/T/.tmpwTqywI/tmp/ /var/folders/zg/vq0dnx517c54hg87dyqjky740000gn/T/.tmpwTqywI/tmp//contigs.nodepath /var/folders/zg/vq0dnx517c54hg87dyqjky740000gn/T/.tmpwTqywI/tmp//unitig_data.txt --threads 10

Input dir: /var/folders/zg/vq0dnx517c54hg87dyqjky740000gn/T/.tmpwTqywI/tmp/
Minimizer length: 15
Kminmer length: 41
Density: 0.005

Loading unitig sequences

Creating mContigs

Contig filename: /var/folders/zg/vq0dnx517c54hg87dyqjky740000gn/T/.tmpwTqywI/tmp//unitig_data.txt


metaMDBG toMinspace  /var/folders/zg/vq0dnx517c54hg87dyqjky740000gn/T/.tmpwTqywI/tmp/ /var/folders/zg/vq0dnx517c54hg87dyqjky740000gn/T/.tmpwTqywI/tmp//assembly_graph.gfa.unitigs.nodepath /var/folders/zg/vq0dnx517c54hg87dyqjky740000gn/T/.tmpwTqywI/tmp//assembly_graph.gfa.unitigs --threads 10

Input dir: /var/folders/zg/vq0dnx517c54hg87dyqjky740000gn/T/.tmpwTqywI/tmp/
Minimizer length: 15
Kminmer length: 41
Density: 0.005

Loading unitig sequences

Creating mContigs

Contig filename: /var/folders/zg/vq0dnx517c54hg87dyqjky740000gn/T/.tmpwTqywI/tmp//assembly_graph.gfa.unitigs
pass done: 41
Multi-k pass: 42/209


metaMDBG graph /var/folders/zg/vq0dnx517c54hg87dyqjky740000gn/T/.tmpwTqywI/tmp/ --threads 10 --corrected-read 

Contig filename: 
Output dir: /var/folders/zg/vq0dnx517c54hg87dyqjky740000gn/T/.tmpwTqywI/tmp/
Minimizer length: 15
Kminmer length: 42
Density: 0.005
Min abundance: 0

Loading refined abundances
	Duration: 0
Collecting kminmers
Building mdbg
Duration: 0
Nb solid kminmers: 32345
Nb small contigs written: 0
Dump kminmer abundances
	Duration: 0
Indexing edges
Edge index size: 32204
Edge index elements: 57282
	Duration: 0
Compute unitig nodes
	Duration: 0
Index unitig edges
	Duration: 0
Compute unitig edges
	Duration: 0
Dump unitig abundances
	Duration: 0
Nb edges:   0


metaMDBG contig  /var/folders/zg/vq0dnx517c54hg87dyqjky740000gn/T/.tmpwTqywI/tmp/ --threads 10

Input dir: /var/folders/zg/vq0dnx517c54hg87dyqjky740000gn/T/.tmpwTqywI/tmp/
Minimizer length: 15
Kminmer length: 42
Density: 0.005

Loading unitig graph
Load unitigs
Nb unitigs: 1313
Nb minimizers: 86178
Add unitig abundances
Sorting abundances
Add unitig edges
Nb unitig edges: 2930
Sorting unitig edges
Done loading unitig graph
Simplifying
Max abundance: 43
Nb unitigs: 1313
Superbubble
Nb superbubble removed: 98 0 (0s)
Tip
Nb Tip removed: 274 (0s)
Superbubble
Nb superbubble removed: 124 0 (0s)
Tip
Nb Tip removed: 0 (0s)
Nb errors removed: 276 (0s)
Superbubble
Nb superbubble removed: 4 0 (0s)
Tip
Nb Tip removed: 1 (0s)
Superbubble
Nb superbubble removed: 0 0 (0s)
Tip
Nb Tip removed: 0 (0s)
Nb errors removed: 53 (0s)
Superbubble
Nb superbubble removed: 0 0 (0s)
Tip
Nb Tip removed: 0 (0s)
Nb errors removed: 16 (0s)
Superbubble
Nb superbubble removed: 0 0 (0s)
Tip
Nb Tip removed: 0 (0s)
Nb errors removed: 14 (0s)
Superbubble
Nb superbubble removed: 0 0 (0s)
Tip
Nb Tip removed: 0 (0s)
Nb errors removed: 10 (0s)
Superbubble
Nb superbubble removed: 0 0 (0s)
Tip
Nb Tip removed: 0 (0s)
Nb errors removed: 11 (0s)
Superbubble
Nb superbubble removed: 0 0 (0s)
Tip
Nb Tip removed: 0 (0s)
Nb errors removed: 3 (0s)
Superbubble
Nb superbubble removed: 0 0 (0s)
Tip
Nb Tip removed: 1 (0s)
Superbubble
Nb superbubble removed: 0 0 (0s)
Tip
Nb Tip removed: 0 (0s)
Nb errors removed: 5 (0s)
Superbubble
Nb superbubble removed: 0 0 (0s)
Tip
Nb Tip removed: 0 (0s)
Nb errors removed: 1 (0s)
Superbubble
Nb superbubble removed: 0 0 (0s)
Tip
Nb Tip removed: 0 (0s)
Nb errors removed: 5 (0s)
Superbubble
Nb superbubble removed: 2 0 (0s)
Tip
Nb Tip removed: 1 (0s)
Superbubble
Nb superbubble removed: 0 0 (0s)
Tip
Nb Tip removed: 0 (0s)
Nb errors removed: 1 (0s)
Superbubble
Nb superbubble removed: 0 0 (0s)
Tip
Nb Tip removed: 0 (0s)
Nb errors removed: 1 (0s)
Superbubble
Nb superbubble removed: 0 0 (0s)
Tip
Nb Tip removed: 0 (0s)
Nb errors removed: 1 (0s)
Superbubble
Nb superbubble removed: 0 0 (0s)
Tip
Nb Tip removed: 0 (0s)
Nb errors removed: 1 (0s)
Superbubble
Nb superbubble removed: 0 0 (0s)
Tip
Nb Tip removed: 0 (0s)
Nb errors removed: 1 (0s)
Superbubble
Nb superbubble removed: 0 0 (0s)
Tip
Nb Tip removed: 0 (0s)
Nb errors removed: 1 (0s)
Superbubble
Nb superbubble removed: 0 0 (0s)
Tip
Nb Tip removed: 0 (0s)
Nb errors removed: 2 (0s)
Superbubble
Nb superbubble removed: 0 0 (0s)
Tip
Nb Tip removed: 0 (0s)
Checksum: 0
Checksum abundnace: 0
Generating contigs
45.2593
41.1448
28.1025
21.1138
19.1944
14.421
13.11
11.9182
10.8347
9.84974
8.14028
7.40025
6.11591
5.05447
4.17725
3.13843
2.14359
0


metaMDBG toMinspace  /var/folders/zg/vq0dnx517c54hg87dyqjky740000gn/T/.tmpwTqywI/tmp/ /var/folders/zg/vq0dnx517c54hg87dyqjky740000gn/T/.tmpwTqywI/tmp//contigs.nodepath /var/folders/zg/vq0dnx517c54hg87dyqjky740000gn/T/.tmpwTqywI/tmp//unitig_data.txt --threads 10

Input dir: /var/folders/zg/vq0dnx517c54hg87dyqjky740000gn/T/.tmpwTqywI/tmp/
Minimizer length: 15
Kminmer length: 42
Density: 0.005

Loading unitig sequences

Creating mContigs

Contig filename: /var/folders/zg/vq0dnx517c54hg87dyqjky740000gn/T/.tmpwTqywI/tmp//unitig_data.txt
pass done: 42
Multi-k pass: 43/209


metaMDBG graph /var/folders/zg/vq0dnx517c54hg87dyqjky740000gn/T/.tmpwTqywI/tmp/ --threads 10 --corrected-read 

Contig filename: 
Output dir: /var/folders/zg/vq0dnx517c54hg87dyqjky740000gn/T/.tmpwTqywI/tmp/
Minimizer length: 15
Kminmer length: 43
Density: 0.005
Min abundance: 0

Loading refined abundances
	Duration: 0
Collecting kminmers
Building mdbg
Duration: 0
Nb solid kminmers: 32479
Nb small contigs written: 0
Dump kminmer abundances
	Duration: 0
Indexing edges
Edge index size: 32343
Edge index elements: 57735
	Duration: 0
Compute unitig nodes
	Duration: 0
Index unitig edges
	Duration: 0
Compute unitig edges
	Duration: 0
Dump unitig abundances
	Duration: 0
Nb edges:   0


metaMDBG contig  /var/folders/zg/vq0dnx517c54hg87dyqjky740000gn/T/.tmpwTqywI/tmp/ --threads 10

Input dir: /var/folders/zg/vq0dnx517c54hg87dyqjky740000gn/T/.tmpwTqywI/tmp/
Minimizer length: 15
Kminmer length: 43
Density: 0.005

Loading unitig graph
Load unitigs
Nb unitigs: 1313
Nb minimizers: 87625
Add unitig abundances
Sorting abundances
Add unitig edges
Nb unitig edges: 2914
Sorting unitig edges
Done loading unitig graph
Simplifying
Max abundance: 43
Nb unitigs: 1313
Superbubble
Nb superbubble removed: 90 0 (0s)
Tip
Nb Tip removed: 272 (0s)
Superbubble
Nb superbubble removed: 128 0 (0s)
Tip
Nb Tip removed: 0 (0s)
Nb errors removed: 273 (0s)
Superbubble
Nb superbubble removed: 4 0 (0s)
Tip
Nb Tip removed: 1 (0s)
Superbubble
Nb superbubble removed: 0 0 (0s)
Tip
Nb Tip removed: 0 (0s)
Nb errors removed: 57 (0s)
Superbubble
Nb superbubble removed: 0 0 (0s)
Tip
Nb Tip removed: 0 (0s)
Nb errors removed: 16 (0s)
Superbubble
Nb superbubble removed: 0 0 (0s)
Tip
Nb Tip removed: 0 (0s)
Nb errors removed: 14 (0s)
Superbubble
Nb superbubble removed: 0 0 (0s)
Tip
Nb Tip removed: 0 (0s)
Nb errors removed: 10 (0s)
Superbubble
Nb superbubble removed: 0 0 (0s)
Tip
Nb Tip removed: 0 (0s)
Nb errors removed: 11 (0s)
Superbubble
Nb superbubble removed: 0 0 (0s)
Tip
Nb Tip removed: 0 (0s)
Nb errors removed: 3 (0s)
Superbubble
Nb superbubble removed: 0 0 (0s)
Tip
Nb Tip removed: 1 (0s)
Superbubble
Nb superbubble removed: 0 0 (0s)
Tip
Nb Tip removed: 0 (0s)
Nb errors removed: 5 (0s)
Superbubble
Nb superbubble removed: 0 0 (0s)
Tip
Nb Tip removed: 0 (0s)
Nb errors removed: 1 (0s)
Superbubble
Nb superbubble removed: 0 0 (0s)
Tip
Nb Tip removed: 0 (0s)
Nb errors removed: 5 (0s)
Superbubble
Nb superbubble removed: 2 0 (0s)
Tip
Nb Tip removed: 1 (0s)
Superbubble
Nb superbubble removed: 0 0 (0s)
Tip
Nb Tip removed: 0 (0s)
Nb errors removed: 1 (0s)
Superbubble
Nb superbubble removed: 0 0 (0s)
Tip
Nb Tip removed: 0 (0s)
Nb errors removed: 1 (0s)
Superbubble
Nb superbubble removed: 0 0 (0s)
Tip
Nb Tip removed: 0 (0s)
Nb errors removed: 1 (0s)
Superbubble
Nb superbubble removed: 0 0 (0s)
Tip
Nb Tip removed: 0 (0s)
Nb errors removed: 1 (0s)
Superbubble
Nb superbubble removed: 0 0 (0s)
Tip
Nb Tip removed: 0 (0s)
Nb errors removed: 1 (0s)
Superbubble
Nb superbubble removed: 0 0 (0s)
Tip
Nb Tip removed: 0 (0s)
Nb errors removed: 1 (0s)
Superbubble
Nb superbubble removed: 0 0 (0s)
Tip
Nb Tip removed: 0 (0s)
Nb errors removed: 2 (0s)
Superbubble
Nb superbubble removed: 0 0 (0s)
Tip
Nb Tip removed: 0 (0s)
Checksum: 0
Checksum abundnace: 0
Generating contigs
45.2593
41.1448
28.1025
21.1138
19.1944
14.421
13.11
11.9182
10.8347
9.84974
8.14028
7.40025
6.11591
5.05447
4.17725
3.13843
2.14359
0


metaMDBG toMinspace  /var/folders/zg/vq0dnx517c54hg87dyqjky740000gn/T/.tmpwTqywI/tmp/ /var/folders/zg/vq0dnx517c54hg87dyqjky740000gn/T/.tmpwTqywI/tmp//contigs.nodepath /var/folders/zg/vq0dnx517c54hg87dyqjky740000gn/T/.tmpwTqywI/tmp//unitig_data.txt --threads 10

Input dir: /var/folders/zg/vq0dnx517c54hg87dyqjky740000gn/T/.tmpwTqywI/tmp/
Minimizer length: 15
Kminmer length: 43
Density: 0.005

Loading unitig sequences

Creating mContigs

Contig filename: /var/folders/zg/vq0dnx517c54hg87dyqjky740000gn/T/.tmpwTqywI/tmp//unitig_data.txt
pass done: 43
Multi-k pass: 44/209


metaMDBG graph /var/folders/zg/vq0dnx517c54hg87dyqjky740000gn/T/.tmpwTqywI/tmp/ --threads 10 --corrected-read 

Contig filename: 
Output dir: /var/folders/zg/vq0dnx517c54hg87dyqjky740000gn/T/.tmpwTqywI/tmp/
Minimizer length: 15
Kminmer length: 44
Density: 0.005
Min abundance: 0

Loading refined abundances
	Duration: 0
Collecting kminmers
Building mdbg
Duration: 0
Nb solid kminmers: 32602
Nb small contigs written: 0
Dump kminmer abundances
	Duration: 0
Indexing edges
Edge index size: 32472
Edge index elements: 57629
	Duration: 0
Compute unitig nodes
	Duration: 0
Index unitig edges
	Duration: 0
Compute unitig edges
	Duration: 0
Dump unitig abundances
	Duration: 0
Nb edges:   0


metaMDBG contig  /var/folders/zg/vq0dnx517c54hg87dyqjky740000gn/T/.tmpwTqywI/tmp/ --threads 10

Input dir: /var/folders/zg/vq0dnx517c54hg87dyqjky740000gn/T/.tmpwTqywI/tmp/
Minimizer length: 15
Kminmer length: 44
Density: 0.005

Loading unitig graph
Load unitigs
Nb unitigs: 1294
Nb minimizers: 88244
Add unitig abundances
Sorting abundances
Add unitig edges
Nb unitig edges: 2862
Sorting unitig edges
Done loading unitig graph
Simplifying
Max abundance: 43
Nb unitigs: 1294
Superbubble
Nb superbubble removed: 86 0 (0s)
Tip
Nb Tip removed: 273 (0s)
Superbubble
Nb superbubble removed: 130 0 (0s)
Tip
Nb Tip removed: 0 (0s)
Nb errors removed: 269 (0s)
Superbubble
Nb superbubble removed: 4 0 (0s)
Tip
Nb Tip removed: 1 (0s)
Superbubble
Nb superbubble removed: 0 0 (0s)
Tip
Nb Tip removed: 0 (0s)
Nb errors removed: 56 (0s)
Superbubble
Nb superbubble removed: 0 0 (0s)
Tip
Nb Tip removed: 0 (0s)
Nb errors removed: 18 (0s)
Superbubble
Nb superbubble removed: 0 0 (0s)
Tip
Nb Tip removed: 0 (0s)
Nb errors removed: 14 (0s)
Superbubble
Nb superbubble removed: 0 0 (0s)
Tip
Nb Tip removed: 0 (0s)
Nb errors removed: 10 (0s)
Superbubble
Nb superbubble removed: 0 0 (0s)
Tip
Nb Tip removed: 0 (0s)
Nb errors removed: 13 (0s)
Superbubble
Nb superbubble removed: 0 0 (0s)
Tip
Nb Tip removed: 0 (0s)
Nb errors removed: 5 (0s)
Superbubble
Nb superbubble removed: 0 0 (0s)
Tip
Nb Tip removed: 1 (0s)
Superbubble
Nb superbubble removed: 0 0 (0s)
Tip
Nb Tip removed: 0 (0s)
Nb errors removed: 5 (0s)
Superbubble
Nb superbubble removed: 0 0 (0s)
Tip
Nb Tip removed: 0 (0s)
Nb errors removed: 1 (0s)
Superbubble
Nb superbubble removed: 0 0 (0s)
Tip
Nb Tip removed: 0 (0s)
Nb errors removed: 4 (0s)
Superbubble
Nb superbubble removed: 2 0 (0s)
Tip
Nb Tip removed: 1 (0s)
Superbubble
Nb superbubble removed: 0 0 (0s)
Tip
Nb Tip removed: 0 (0s)
Nb errors removed: 1 (0s)
Superbubble
Nb superbubble removed: 0 0 (0s)
Tip
Nb Tip removed: 0 (0s)
Nb errors removed: 1 (0s)
Superbubble
Nb superbubble removed: 0 0 (0s)
Tip
Nb Tip removed: 0 (0s)
Nb errors removed: 1 (0s)
Superbubble
Nb superbubble removed: 0 0 (0s)
Tip
Nb Tip removed: 0 (0s)
Nb errors removed: 1 (0s)
Superbubble
Nb superbubble removed: 0 0 (0s)
Tip
Nb Tip removed: 0 (0s)
Nb errors removed: 1 (0s)
Superbubble
Nb superbubble removed: 0 0 (0s)
Tip
Nb Tip removed: 0 (0s)
Nb errors removed: 1 (0s)
Superbubble
Nb superbubble removed: 0 0 (0s)
Tip
Nb Tip removed: 0 (0s)
Nb errors removed: 2 (0s)
Superbubble
Nb superbubble removed: 0 0 (0s)
Tip
Nb Tip removed: 0 (0s)
Checksum: 0
Checksum abundnace: 0
Generating contigs
45.2593
41.1448
28.1025
21.1138
19.1944
14.421
13.11
11.9182
10.8347
9.84974
8.14028
7.40025
6.11591
5.05447
4.17725
3.13843
2.14359
0


metaMDBG toMinspace  /var/folders/zg/vq0dnx517c54hg87dyqjky740000gn/T/.tmpwTqywI/tmp/ /var/folders/zg/vq0dnx517c54hg87dyqjky740000gn/T/.tmpwTqywI/tmp//contigs.nodepath /var/folders/zg/vq0dnx517c54hg87dyqjky740000gn/T/.tmpwTqywI/tmp//unitig_data.txt --threads 10

Input dir: /var/folders/zg/vq0dnx517c54hg87dyqjky740000gn/T/.tmpwTqywI/tmp/
Minimizer length: 15
Kminmer length: 44
Density: 0.005

Loading unitig sequences

Creating mContigs

Contig filename: /var/folders/zg/vq0dnx517c54hg87dyqjky740000gn/T/.tmpwTqywI/tmp//unitig_data.txt
pass done: 44
Multi-k pass: 45/209


metaMDBG graph /var/folders/zg/vq0dnx517c54hg87dyqjky740000gn/T/.tmpwTqywI/tmp/ --threads 10 --corrected-read 

Contig filename: 
Output dir: /var/folders/zg/vq0dnx517c54hg87dyqjky740000gn/T/.tmpwTqywI/tmp/
Minimizer length: 15
Kminmer length: 45
Density: 0.005
Min abundance: 0

Loading refined abundances
	Duration: 0
Collecting kminmers
Building mdbg
Duration: 0
Nb solid kminmers: 32723
Nb small contigs written: 0
Dump kminmer abundances
	Duration: 0
Indexing edges
Edge index size: 32598
Edge index elements: 58052
	Duration: 0
Compute unitig nodes
	Duration: 0
Index unitig edges
	Duration: 0
Compute unitig edges
	Duration: 0
Dump unitig abundances
	Duration: 0
Nb edges:   0


metaMDBG contig  /var/folders/zg/vq0dnx517c54hg87dyqjky740000gn/T/.tmpwTqywI/tmp/ --threads 10

Input dir: /var/folders/zg/vq0dnx517c54hg87dyqjky740000gn/T/.tmpwTqywI/tmp/
Minimizer length: 15
Kminmer length: 45
Density: 0.005

Loading unitig graph
Load unitigs
Nb unitigs: 1282
Nb minimizers: 89131
Add unitig abundances
Sorting abundances
Add unitig edges
Nb unitig edges: 2828
Sorting unitig edges
Done loading unitig graph
Simplifying
Max abundance: 43
Nb unitigs: 1282
Superbubble
Nb superbubble removed: 90 0 (0s)
Tip
Nb Tip removed: 274 (0s)
Superbubble
Nb superbubble removed: 128 0 (0s)
Tip
Nb Tip removed: 0 (0s)
Nb errors removed: 266 (0s)
Superbubble
Nb superbubble removed: 4 0 (0s)
Tip
Nb Tip removed: 1 (0s)
Superbubble
Nb superbubble removed: 0 0 (0s)
Tip
Nb Tip removed: 0 (0s)
Nb errors removed: 55 (0s)
Superbubble
Nb superbubble removed: 0 0 (0s)
Tip
Nb Tip removed: 0 (0s)
Nb errors removed: 18 (0s)
Superbubble
Nb superbubble removed: 0 0 (0s)
Tip
Nb Tip removed: 0 (0s)
Nb errors removed: 17 (0s)
Superbubble
Nb superbubble removed: 0 0 (0s)
Tip
Nb Tip removed: 0 (0s)
Nb errors removed: 10 (0s)
Superbubble
Nb superbubble removed: 0 0 (0s)
Tip
Nb Tip removed: 0 (0s)
Nb errors removed: 14 (0s)
Superbubble
Nb superbubble removed: 0 0 (0s)
Tip
Nb Tip removed: 0 (0s)
Nb errors removed: 5 (0s)
Superbubble
Nb superbubble removed: 0 0 (0s)
Tip
Nb Tip removed: 1 (0s)
Superbubble
Nb superbubble removed: 0 0 (0s)
Tip
Nb Tip removed: 0 (0s)
Nb errors removed: 5 (0s)
Superbubble
Nb superbubble removed: 0 0 (0s)
Tip
Nb Tip removed: 0 (0s)
Nb errors removed: 1 (0s)
Superbubble
Nb superbubble removed: 0 0 (0s)
Tip
Nb Tip removed: 0 (0s)
Nb errors removed: 2 (0s)
Superbubble
Nb superbubble removed: 0 0 (0s)
Tip
Nb Tip removed: 0 (0s)
Nb errors removed: 1 (0s)
Superbubble
Nb superbubble removed: 0 0 (0s)
Tip
Nb Tip removed: 0 (0s)
Nb errors removed: 1 (0s)
Superbubble
Nb superbubble removed: 0 0 (0s)
Tip
Nb Tip removed: 0 (0s)
Nb errors removed: 1 (0s)
Superbubble
Nb superbubble removed: 0 0 (0s)
Tip
Nb Tip removed: 0 (0s)
Nb errors removed: 1 (0s)
Superbubble
Nb superbubble removed: 0 0 (0s)
Tip
Nb Tip removed: 0 (0s)
Nb errors removed: 1 (0s)
Superbubble
Nb superbubble removed: 0 0 (0s)
Tip
Nb Tip removed: 0 (0s)
Nb errors removed: 2 (0s)
Superbubble
Nb superbubble removed: 0 0 (0s)
Tip
Nb Tip removed: 0 (0s)
Checksum: 0
Checksum abundnace: 0
Generating contigs
45.2593
41.1448
28.1025
21.1138
19.1944
13.11
11.9182
10.8347
9.84974
8.14028
7.40025
6.11591
5.05447
4.17725
3.13843
2.14359
0


metaMDBG toMinspace  /var/folders/zg/vq0dnx517c54hg87dyqjky740000gn/T/.tmpwTqywI/tmp/ /var/folders/zg/vq0dnx517c54hg87dyqjky740000gn/T/.tmpwTqywI/tmp//contigs.nodepath /var/folders/zg/vq0dnx517c54hg87dyqjky740000gn/T/.tmpwTqywI/tmp//unitig_data.txt --threads 10

Input dir: /var/folders/zg/vq0dnx517c54hg87dyqjky740000gn/T/.tmpwTqywI/tmp/
Minimizer length: 15
Kminmer length: 45
Density: 0.005

Loading unitig sequences

Creating mContigs

Contig filename: /var/folders/zg/vq0dnx517c54hg87dyqjky740000gn/T/.tmpwTqywI/tmp//unitig_data.txt
pass done: 45
Multi-k pass: 46/209


metaMDBG graph /var/folders/zg/vq0dnx517c54hg87dyqjky740000gn/T/.tmpwTqywI/tmp/ --threads 10 --corrected-read 

Contig filename: 
Output dir: /var/folders/zg/vq0dnx517c54hg87dyqjky740000gn/T/.tmpwTqywI/tmp/
Minimizer length: 15
Kminmer length: 46
Density: 0.005
Min abundance: 0

Loading refined abundances
	Duration: 0
Collecting kminmers
Building mdbg
Duration: 0
Nb solid kminmers: 32838
Nb small contigs written: 0
Dump kminmer abundances
	Duration: 0
Indexing edges
Edge index size: 32716
Edge index elements: 58378
	Duration: 0
Compute unitig nodes
	Duration: 0
Index unitig edges
	Duration: 0
Compute unitig edges
	Duration: 0
Dump unitig abundances
	Duration: 0
Nb edges:   0


metaMDBG contig  /var/folders/zg/vq0dnx517c54hg87dyqjky740000gn/T/.tmpwTqywI/tmp/ --threads 10

Input dir: /var/folders/zg/vq0dnx517c54hg87dyqjky740000gn/T/.tmpwTqywI/tmp/
Minimizer length: 15
Kminmer length: 46
Density: 0.005

Loading unitig graph
Load unitigs
Nb unitigs: 1266
Nb minimizers: 89808
Add unitig abundances
Sorting abundances
Add unitig edges
Nb unitig edges: 2792
Sorting unitig edges
Done loading unitig graph
Simplifying
Max abundance: 43
Nb unitigs: 1266
Superbubble
Nb superbubble removed: 84 0 (0s)
Tip
Nb Tip removed: 277 (0s)
Superbubble
Nb superbubble removed: 132 0 (0s)
Tip
Nb Tip removed: 0 (0s)
Nb errors removed: 262 (0s)
Superbubble
Nb superbubble removed: 8 0 (0s)
Tip
Nb Tip removed: 1 (0s)
Superbubble
Nb superbubble removed: 0 0 (0s)
Tip
Nb Tip removed: 0 (0s)
Nb errors removed: 54 (0s)
Superbubble
Nb superbubble removed: 0 0 (0s)
Tip
Nb Tip removed: 0 (0s)
Nb errors removed: 20 (0s)
Superbubble
Nb superbubble removed: 0 0 (0s)
Tip
Nb Tip removed: 0 (0s)
Nb errors removed: 16 (0s)
Superbubble
Nb superbubble removed: 0 0 (0s)
Tip
Nb Tip removed: 0 (0s)
Nb errors removed: 9 (0s)
Superbubble
Nb superbubble removed: 0 0 (0s)
Tip
Nb Tip removed: 0 (0s)
Nb errors removed: 16 (0s)
Superbubble
Nb superbubble removed: 0 0 (0s)
Tip
Nb Tip removed: 0 (0s)
Nb errors removed: 3 (0s)
Superbubble
Nb superbubble removed: 0 0 (0s)
Tip
Nb Tip removed: 0 (0s)
Nb errors removed: 4 (0s)
Superbubble
Nb superbubble removed: 0 0 (0s)
Tip
Nb Tip removed: 0 (0s)
Nb errors removed: 1 (0s)
Superbubble
Nb superbubble removed: 0 0 (0s)
Tip
Nb Tip removed: 0 (0s)
Nb errors removed: 2 (0s)
Superbubble
Nb superbubble removed: 0 0 (0s)
Tip
Nb Tip removed: 0 (0s)
Nb errors removed: 1 (0s)
Superbubble
Nb superbubble removed: 0 0 (0s)
Tip
Nb Tip removed: 0 (0s)
Nb errors removed: 1 (0s)
Superbubble
Nb superbubble removed: 0 0 (0s)
Tip
Nb Tip removed: 0 (0s)
Nb errors removed: 1 (0s)
Superbubble
Nb superbubble removed: 0 0 (0s)
Tip
Nb Tip removed: 0 (0s)
Nb errors removed: 1 (0s)
Superbubble
Nb superbubble removed: 0 0 (0s)
Tip
Nb Tip removed: 0 (0s)
Nb errors removed: 1 (0s)
Superbubble
Nb superbubble removed: 0 0 (0s)
Tip
Nb Tip removed: 0 (0s)
Nb errors removed: 2 (0s)
Superbubble
Nb superbubble removed: 0 0 (0s)
Tip
Nb Tip removed: 0 (0s)
Checksum: 0
Checksum abundnace: 0
Generating contigs
45.2593
41.1448
28.1025
21.1138
19.1944
13.11
11.9182
10.8347
9.84974
8.14028
7.40025
6.11591
5.05447
4.17725
3.13843
2.14359
0


metaMDBG toMinspace  /var/folders/zg/vq0dnx517c54hg87dyqjky740000gn/T/.tmpwTqywI/tmp/ /var/folders/zg/vq0dnx517c54hg87dyqjky740000gn/T/.tmpwTqywI/tmp//contigs.nodepath /var/folders/zg/vq0dnx517c54hg87dyqjky740000gn/T/.tmpwTqywI/tmp//unitig_data.txt --threads 10

Input dir: /var/folders/zg/vq0dnx517c54hg87dyqjky740000gn/T/.tmpwTqywI/tmp/
Minimizer length: 15
Kminmer length: 46
Density: 0.005

Loading unitig sequences

Creating mContigs

Contig filename: /var/folders/zg/vq0dnx517c54hg87dyqjky740000gn/T/.tmpwTqywI/tmp//unitig_data.txt
pass done: 46
Multi-k pass: 47/209


metaMDBG graph /var/folders/zg/vq0dnx517c54hg87dyqjky740000gn/T/.tmpwTqywI/tmp/ --threads 10 --corrected-read 

Contig filename: 
Output dir: /var/folders/zg/vq0dnx517c54hg87dyqjky740000gn/T/.tmpwTqywI/tmp/
Minimizer length: 15
Kminmer length: 47
Density: 0.005
Min abundance: 0

Loading refined abundances
	Duration: 0
Collecting kminmers
Building mdbg
Duration: 0
Nb solid kminmers: 32949
Nb small contigs written: 0
Dump kminmer abundances
	Duration: 0
Indexing edges
Edge index size: 32834
Edge index elements: 58323
	Duration: 0
Compute unitig nodes
	Duration: 0
Index unitig edges
	Duration: 0
Compute unitig edges
	Duration: 0
Dump unitig abundances
	Duration: 0
Nb edges:   0


metaMDBG contig  /var/folders/zg/vq0dnx517c54hg87dyqjky740000gn/T/.tmpwTqywI/tmp/ --threads 10

Input dir: /var/folders/zg/vq0dnx517c54hg87dyqjky740000gn/T/.tmpwTqywI/tmp/
Minimizer length: 15
Kminmer length: 47
Density: 0.005

Loading unitig graph
Load unitigs
Nb unitigs: 1255
Nb minimizers: 90679
Add unitig abundances
Sorting abundances
Add unitig edges
Nb unitig edges: 2752
Sorting unitig edges
Done loading unitig graph
Simplifying
Max abundance: 43
Nb unitigs: 1255
Superbubble
Nb superbubble removed: 82 0 (0s)
Tip
Nb Tip removed: 279 (0s)
Superbubble
Nb superbubble removed: 130 0 (0s)
Tip
Nb Tip removed: 0 (0s)
Nb errors removed: 261 (0s)
Superbubble
Nb superbubble removed: 8 0 (0s)
Tip
Nb Tip removed: 1 (0s)
Superbubble
Nb superbubble removed: 0 0 (0s)
Tip
Nb Tip removed: 0 (0s)
Nb errors removed: 52 (0s)
Superbubble
Nb superbubble removed: 0 0 (0s)
Tip
Nb Tip removed: 0 (0s)
Nb errors removed: 22 (0s)
Superbubble
Nb superbubble removed: 0 0 (0s)
Tip
Nb Tip removed: 0 (0s)
Nb errors removed: 16 (0s)
Superbubble
Nb superbubble removed: 0 0 (0s)
Tip
Nb Tip removed: 0 (0s)
Nb errors removed: 12 (0s)
Superbubble
Nb superbubble removed: 0 0 (0s)
Tip
Nb Tip removed: 0 (0s)
Nb errors removed: 16 (0s)
Superbubble
Nb superbubble removed: 0 0 (0s)
Tip
Nb Tip removed: 0 (0s)
Nb errors removed: 3 (0s)
Superbubble
Nb superbubble removed: 0 0 (0s)
Tip
Nb Tip removed: 0 (0s)
Nb errors removed: 4 (0s)
Superbubble
Nb superbubble removed: 0 0 (0s)
Tip
Nb Tip removed: 0 (0s)
Nb errors removed: 1 (0s)
Superbubble
Nb superbubble removed: 0 0 (0s)
Tip
Nb Tip removed: 0 (0s)
Nb errors removed: 3 (0s)
Superbubble
Nb superbubble removed: 0 0 (0s)
Tip
Nb Tip removed: 0 (0s)
Nb errors removed: 1 (0s)
Superbubble
Nb superbubble removed: 0 0 (0s)
Tip
Nb Tip removed: 0 (0s)
Nb errors removed: 1 (0s)
Superbubble
Nb superbubble removed: 0 0 (0s)
Tip
Nb Tip removed: 0 (0s)
Nb errors removed: 1 (0s)
Superbubble
Nb superbubble removed: 0 0 (0s)
Tip
Nb Tip removed: 0 (0s)
Nb errors removed: 1 (0s)
Superbubble
Nb superbubble removed: 0 0 (0s)
Tip
Nb Tip removed: 0 (0s)
Nb errors removed: 1 (0s)
Superbubble
Nb superbubble removed: 0 0 (0s)
Tip
Nb Tip removed: 0 (0s)
Nb errors removed: 2 (0s)
Superbubble
Nb superbubble removed: 0 0 (0s)
Tip
Nb Tip removed: 0 (0s)
Checksum: 0
Checksum abundnace: 0
Generating contigs
45.2593
41.1448
28.1025
21.1138
19.1944
13.11
11.9182
10.8347
9.84974
8.14028
7.40025
6.11591
5.05447
4.17725
3.13843
2.14359
0


metaMDBG toMinspace  /var/folders/zg/vq0dnx517c54hg87dyqjky740000gn/T/.tmpwTqywI/tmp/ /var/folders/zg/vq0dnx517c54hg87dyqjky740000gn/T/.tmpwTqywI/tmp//contigs.nodepath /var/folders/zg/vq0dnx517c54hg87dyqjky740000gn/T/.tmpwTqywI/tmp//unitig_data.txt --threads 10

Input dir: /var/folders/zg/vq0dnx517c54hg87dyqjky740000gn/T/.tmpwTqywI/tmp/
Minimizer length: 15
Kminmer length: 47
Density: 0.005

Loading unitig sequences

Creating mContigs

Contig filename: /var/folders/zg/vq0dnx517c54hg87dyqjky740000gn/T/.tmpwTqywI/tmp//unitig_data.txt
pass done: 47
Multi-k pass: 48/209


metaMDBG graph /var/folders/zg/vq0dnx517c54hg87dyqjky740000gn/T/.tmpwTqywI/tmp/ --threads 10 --corrected-read 

Contig filename: 
Output dir: /var/folders/zg/vq0dnx517c54hg87dyqjky740000gn/T/.tmpwTqywI/tmp/
Minimizer length: 15
Kminmer length: 48
Density: 0.005
Min abundance: 0

Loading refined abundances
	Duration: 0
Collecting kminmers
Building mdbg
Duration: 0
Nb solid kminmers: 33059
Nb small contigs written: 0
Dump kminmer abundances
	Duration: 0
Indexing edges
Edge index size: 32944
Edge index elements: 58845
	Duration: 0
Compute unitig nodes
	Duration: 0
Index unitig edges
	Duration: 0
Compute unitig edges
	Duration: 0
Dump unitig abundances
	Duration: 0
Nb edges:   0


metaMDBG contig  /var/folders/zg/vq0dnx517c54hg87dyqjky740000gn/T/.tmpwTqywI/tmp/ --threads 10

Input dir: /var/folders/zg/vq0dnx517c54hg87dyqjky740000gn/T/.tmpwTqywI/tmp/
Minimizer length: 15
Kminmer length: 48
Density: 0.005

Loading unitig graph
Load unitigs
Nb unitigs: 1249
Nb minimizers: 91762
Add unitig abundances
Sorting abundances
Add unitig edges
Nb unitig edges: 2738
Sorting unitig edges
Done loading unitig graph
Simplifying
Max abundance: 43
Nb unitigs: 1249
Superbubble
Nb superbubble removed: 78 0 (0s)
Tip
Nb Tip removed: 282 (0s)
Superbubble
Nb superbubble removed: 130 0 (0s)
Tip
Nb Tip removed: 0 (0s)
Nb errors removed: 262 (0s)
Superbubble
Nb superbubble removed: 8 0 (0s)
Tip
Nb Tip removed: 1 (0s)
Superbubble
Nb superbubble removed: 0 0 (0s)
Tip
Nb Tip removed: 0 (0s)
Nb errors removed: 51 (0s)
Superbubble
Nb superbubble removed: 0 0 (0s)
Tip
Nb Tip removed: 0 (0s)
Nb errors removed: 22 (0s)
Superbubble
Nb superbubble removed: 0 0 (0s)
Tip
Nb Tip removed: 0 (0s)
Nb errors removed: 18 (0s)
Superbubble
Nb superbubble removed: 0 0 (0s)
Tip
Nb Tip removed: 0 (0s)
Nb errors removed: 12 (0s)
Superbubble
Nb superbubble removed: 0 0 (0s)
Tip
Nb Tip removed: 0 (0s)
Nb errors removed: 15 (0s)
Superbubble
Nb superbubble removed: 0 0 (0s)
Tip
Nb Tip removed: 0 (0s)
Nb errors removed: 3 (0s)
Superbubble
Nb superbubble removed: 0 0 (0s)
Tip
Nb Tip removed: 0 (0s)
Nb errors removed: 4 (0s)
Superbubble
Nb superbubble removed: 0 0 (0s)
Tip
Nb Tip removed: 0 (0s)
Nb errors removed: 1 (0s)
Superbubble
Nb superbubble removed: 0 0 (0s)
Tip
Nb Tip removed: 0 (0s)
Nb errors removed: 3 (0s)
Superbubble
Nb superbubble removed: 0 0 (0s)
Tip
Nb Tip removed: 0 (0s)
Nb errors removed: 1 (0s)
Superbubble
Nb superbubble removed: 0 0 (0s)
Tip
Nb Tip removed: 0 (0s)
Nb errors removed: 1 (0s)
Superbubble
Nb superbubble removed: 0 0 (0s)
Tip
Nb Tip removed: 0 (0s)
Nb errors removed: 1 (0s)
Superbubble
Nb superbubble removed: 0 0 (0s)
Tip
Nb Tip removed: 0 (0s)
Nb errors removed: 1 (0s)
Superbubble
Nb superbubble removed: 0 0 (0s)
Tip
Nb Tip removed: 0 (0s)
Nb errors removed: 2 (0s)
Superbubble
Nb superbubble removed: 0 0 (0s)
Tip
Nb Tip removed: 0 (0s)
Checksum: 0
Checksum abundnace: 0
Generating contigs
45.2593
28.1025
21.1138
19.1944
13.11
11.9182
10.8347
9.84974
8.14028
7.40025
6.11591
5.05447
4.17725
3.13843
2.14359
0


metaMDBG toMinspace  /var/folders/zg/vq0dnx517c54hg87dyqjky740000gn/T/.tmpwTqywI/tmp/ /var/folders/zg/vq0dnx517c54hg87dyqjky740000gn/T/.tmpwTqywI/tmp//contigs.nodepath /var/folders/zg/vq0dnx517c54hg87dyqjky740000gn/T/.tmpwTqywI/tmp//unitig_data.txt --threads 10

Input dir: /var/folders/zg/vq0dnx517c54hg87dyqjky740000gn/T/.tmpwTqywI/tmp/
Minimizer length: 15
Kminmer length: 48
Density: 0.005

Loading unitig sequences

Creating mContigs

Contig filename: /var/folders/zg/vq0dnx517c54hg87dyqjky740000gn/T/.tmpwTqywI/tmp//unitig_data.txt
pass done: 48
Multi-k pass: 49/209


metaMDBG graph /var/folders/zg/vq0dnx517c54hg87dyqjky740000gn/T/.tmpwTqywI/tmp/ --threads 10 --corrected-read 

Contig filename: 
Output dir: /var/folders/zg/vq0dnx517c54hg87dyqjky740000gn/T/.tmpwTqywI/tmp/
Minimizer length: 15
Kminmer length: 49
Density: 0.005
Min abundance: 0

Loading refined abundances
	Duration: 0
Collecting kminmers
Building mdbg
Duration: 0
Nb solid kminmers: 33164
Nb small contigs written: 0
Dump kminmer abundances
	Duration: 0
Indexing edges
Edge index size: 33050
Edge index elements: 59230
	Duration: 0
Compute unitig nodes
	Duration: 0
Index unitig edges
	Duration: 0
Compute unitig edges
	Duration: 0
Dump unitig abundances
	Duration: 0
Nb edges:   0


metaMDBG contig  /var/folders/zg/vq0dnx517c54hg87dyqjky740000gn/T/.tmpwTqywI/tmp/ --threads 10

Input dir: /var/folders/zg/vq0dnx517c54hg87dyqjky740000gn/T/.tmpwTqywI/tmp/
Minimizer length: 15
Kminmer length: 49
Density: 0.005

Loading unitig graph
Load unitigs
Nb unitigs: 1225
Nb minimizers: 91964
Add unitig abundances
Sorting abundances
Add unitig edges
Nb unitig edges: 2690
Sorting unitig edges
Done loading unitig graph
Simplifying
Max abundance: 43
Nb unitigs: 1225
Superbubble
Nb superbubble removed: 74 0 (0s)
Tip
Nb Tip removed: 277 (0s)
Superbubble
Nb superbubble removed: 132 0 (0s)
Tip
Nb Tip removed: 0 (0s)
Nb errors removed: 248 (0s)
Superbubble
Nb superbubble removed: 4 0 (0s)
Tip
Nb Tip removed: 1 (0s)
Superbubble
Nb superbubble removed: 0 0 (0s)
Tip
Nb Tip removed: 0 (0s)
Nb errors removed: 53 (0s)
Superbubble
Nb superbubble removed: 0 0 (0s)
Tip
Nb Tip removed: 2 (0s)
Superbubble
Nb superbubble removed: 0 0 (0s)
Tip
Nb Tip removed: 0 (0s)
Nb errors removed: 22 (0s)
Superbubble
Nb superbubble removed: 0 0 (0s)
Tip
Nb Tip removed: 0 (0s)
Nb errors removed: 19 (0s)
Superbubble
Nb superbubble removed: 0 0 (0s)
Tip
Nb Tip removed: 0 (0s)
Nb errors removed: 12 (0s)
Superbubble
Nb superbubble removed: 0 0 (0s)
Tip
Nb Tip removed: 0 (0s)
Nb errors removed: 14 (0s)
Superbubble
Nb superbubble removed: 0 0 (0s)
Tip
Nb Tip removed: 0 (0s)
Nb errors removed: 3 (0s)
Superbubble
Nb superbubble removed: 0 0 (0s)
Tip
Nb Tip removed: 0 (0s)
Nb errors removed: 5 (0s)
Superbubble
Nb superbubble removed: 0 0 (0s)
Tip
Nb Tip removed: 0 (0s)
Nb errors removed: 1 (0s)
Superbubble
Nb superbubble removed: 0 0 (0s)
Tip
Nb Tip removed: 0 (0s)
Nb errors removed: 3 (0s)
Superbubble
Nb superbubble removed: 0 0 (0s)
Tip
Nb Tip removed: 0 (0s)
Nb errors removed: 1 (0s)
Superbubble
Nb superbubble removed: 0 0 (0s)
Tip
Nb Tip removed: 0 (0s)
Nb errors removed: 1 (0s)
Superbubble
Nb superbubble removed: 0 0 (0s)
Tip
Nb Tip removed: 0 (0s)
Nb errors removed: 3 (0s)
Superbubble
Nb superbubble removed: 0 0 (0s)
Tip
Nb Tip removed: 0 (0s)
Nb errors removed: 1 (0s)
Superbubble
Nb superbubble removed: 0 0 (0s)
Tip
Nb Tip removed: 0 (0s)
Nb errors removed: 2 (0s)
Superbubble
Nb superbubble removed: 0 0 (0s)
Tip
Nb Tip removed: 0 (0s)
Checksum: 0
Checksum abundnace: 0
Generating contigs
45.2593
28.1025
21.1138
19.1944
13.11
11.9182
10.8347
9.84974
8.14028
7.40025
6.11591
5.05447
4.17725
3.13843
2.14359
0


metaMDBG toMinspace  /var/folders/zg/vq0dnx517c54hg87dyqjky740000gn/T/.tmpwTqywI/tmp/ /var/folders/zg/vq0dnx517c54hg87dyqjky740000gn/T/.tmpwTqywI/tmp//contigs.nodepath /var/folders/zg/vq0dnx517c54hg87dyqjky740000gn/T/.tmpwTqywI/tmp//unitig_data.txt --threads 10

Input dir: /var/folders/zg/vq0dnx517c54hg87dyqjky740000gn/T/.tmpwTqywI/tmp/
Minimizer length: 15
Kminmer length: 49
Density: 0.005

Loading unitig sequences

Creating mContigs

Contig filename: /var/folders/zg/vq0dnx517c54hg87dyqjky740000gn/T/.tmpwTqywI/tmp//unitig_data.txt
pass done: 49
Multi-k pass: 50/209


metaMDBG graph /var/folders/zg/vq0dnx517c54hg87dyqjky740000gn/T/.tmpwTqywI/tmp/ --threads 10 --corrected-read 

Contig filename: 
Output dir: /var/folders/zg/vq0dnx517c54hg87dyqjky740000gn/T/.tmpwTqywI/tmp/
Minimizer length: 15
Kminmer length: 50
Density: 0.005
Min abundance: 0

Loading refined abundances
	Duration: 0
Collecting kminmers
Building mdbg
Duration: 0
Nb solid kminmers: 33275
Nb small contigs written: 0
Dump kminmer abundances
	Duration: 0
Indexing edges
Edge index size: 33155
Edge index elements: 59550
	Duration: 0
Compute unitig nodes
	Duration: 0
Index unitig edges
	Duration: 0
Compute unitig edges
	Duration: 0
Dump unitig abundances
	Duration: 0
Nb edges:   0


metaMDBG contig  /var/folders/zg/vq0dnx517c54hg87dyqjky740000gn/T/.tmpwTqywI/tmp/ --threads 10

Input dir: /var/folders/zg/vq0dnx517c54hg87dyqjky740000gn/T/.tmpwTqywI/tmp/
Minimizer length: 15
Kminmer length: 50
Density: 0.005

Loading unitig graph
Load unitigs
Nb unitigs: 1223
Nb minimizers: 93202
Add unitig abundances
Sorting abundances
Add unitig edges
Nb unitig edges: 2688
Sorting unitig edges
Done loading unitig graph
Simplifying
Max abundance: 43
Nb unitigs: 1223
Superbubble
Nb superbubble removed: 76 0 (0s)
Tip
Nb Tip removed: 275 (0s)
Superbubble
Nb superbubble removed: 132 0 (0s)
Tip
Nb Tip removed: 0 (0s)
Nb errors removed: 241 (0s)
Superbubble
Nb superbubble removed: 4 0 (0s)
Tip
Nb Tip removed: 1 (0s)
Superbubble
Nb superbubble removed: 0 0 (0s)
Tip
Nb Tip removed: 0 (0s)
Nb errors removed: 54 (0s)
Superbubble
Nb superbubble removed: 0 0 (0s)
Tip
Nb Tip removed: 2 (0s)
Superbubble
Nb superbubble removed: 0 0 (0s)
Tip
Nb Tip removed: 0 (0s)
Nb errors removed: 22 (0s)
Superbubble
Nb superbubble removed: 0 0 (0s)
Tip
Nb Tip removed: 0 (0s)
Nb errors removed: 19 (0s)
Superbubble
Nb superbubble removed: 0 0 (0s)
Tip
Nb Tip removed: 0 (0s)
Nb errors removed: 12 (0s)
Superbubble
Nb superbubble removed: 0 0 (0s)
Tip
Nb Tip removed: 0 (0s)
Nb errors removed: 14 (0s)
Superbubble
Nb superbubble removed: 0 0 (0s)
Tip
Nb Tip removed: 0 (0s)
Nb errors removed: 3 (0s)
Superbubble
Nb superbubble removed: 0 0 (0s)
Tip
Nb Tip removed: 0 (0s)
Nb errors removed: 5 (0s)
Superbubble
Nb superbubble removed: 0 0 (0s)
Tip
Nb Tip removed: 0 (0s)
Nb errors removed: 1 (0s)
Superbubble
Nb superbubble removed: 0 0 (0s)
Tip
Nb Tip removed: 0 (0s)
Nb errors removed: 3 (0s)
Superbubble
Nb superbubble removed: 0 0 (0s)
Tip
Nb Tip removed: 0 (0s)
Nb errors removed: 1 (0s)
Superbubble
Nb superbubble removed: 0 0 (0s)
Tip
Nb Tip removed: 0 (0s)
Nb errors removed: 1 (0s)
Superbubble
Nb superbubble removed: 0 0 (0s)
Tip
Nb Tip removed: 0 (0s)
Nb errors removed: 2 (0s)
Superbubble
Nb superbubble removed: 0 0 (0s)
Tip
Nb Tip removed: 0 (0s)
Nb errors removed: 1 (0s)
Superbubble
Nb superbubble removed: 0 0 (0s)
Tip
Nb Tip removed: 0 (0s)
Nb errors removed: 2 (0s)
Superbubble
Nb superbubble removed: 0 0 (0s)
Tip
Nb Tip removed: 0 (0s)
Checksum: 0
Checksum abundnace: 0
Generating contigs
45.2593
28.1025
21.1138
19.1944
13.11
11.9182
10.8347
9.84974
8.14028
7.40025
6.11591
5.05447
4.17725
3.13843
2.14359
0


metaMDBG toMinspace  /var/folders/zg/vq0dnx517c54hg87dyqjky740000gn/T/.tmpwTqywI/tmp/ /var/folders/zg/vq0dnx517c54hg87dyqjky740000gn/T/.tmpwTqywI/tmp//contigs.nodepath /var/folders/zg/vq0dnx517c54hg87dyqjky740000gn/T/.tmpwTqywI/tmp//unitig_data.txt --threads 10

Input dir: /var/folders/zg/vq0dnx517c54hg87dyqjky740000gn/T/.tmpwTqywI/tmp/
Minimizer length: 15
Kminmer length: 50
Density: 0.005

Loading unitig sequences

Creating mContigs

Contig filename: /var/folders/zg/vq0dnx517c54hg87dyqjky740000gn/T/.tmpwTqywI/tmp//unitig_data.txt
pass done: 50
Multi-k pass: 51/209


metaMDBG graph /var/folders/zg/vq0dnx517c54hg87dyqjky740000gn/T/.tmpwTqywI/tmp/ --threads 10 --corrected-read 

Contig filename: 
Output dir: /var/folders/zg/vq0dnx517c54hg87dyqjky740000gn/T/.tmpwTqywI/tmp/
Minimizer length: 15
Kminmer length: 51
Density: 0.005
Min abundance: 0

Loading refined abundances
	Duration: 0
Collecting kminmers
Building mdbg
Duration: 0
Nb solid kminmers: 33386
Nb small contigs written: 0
Dump kminmer abundances
	Duration: 0
Indexing edges
Edge index size: 33266
Edge index elements: 59553
	Duration: 0
Compute unitig nodes
	Duration: 0
Index unitig edges
	Duration: 0
Compute unitig edges
	Duration: 0
Dump unitig abundances
	Duration: 0
Nb edges:   0


metaMDBG contig  /var/folders/zg/vq0dnx517c54hg87dyqjky740000gn/T/.tmpwTqywI/tmp/ --threads 10 --gen-graph 

Input dir: /var/folders/zg/vq0dnx517c54hg87dyqjky740000gn/T/.tmpwTqywI/tmp/
Minimizer length: 15
Kminmer length: 51
Density: 0.005

Loading unitig graph
Load unitigs
Nb unitigs: 1203
Nb minimizers: 93536
Add unitig abundances
Sorting abundances
Add unitig edges
Nb unitig edges: 2652
Sorting unitig edges
Done loading unitig graph
Simplifying
Max abundance: 43
Nb unitigs: 1203
Superbubble
Nb superbubble removed: 68 0 (0s)
Tip
Nb Tip removed: 274 (0s)
Superbubble
Nb superbubble removed: 134 0 (0s)
Tip
Nb Tip removed: 0 (0s)
Saving unitig graph: /var/folders/zg/vq0dnx517c54hg87dyqjky740000gn/T/.tmpwTqywI/tmp//assembly_graph.gfa
Nb errors removed: 235 (0s)
Superbubble
Nb superbubble removed: 4 0 (0s)
Tip
Nb Tip removed: 1 (0s)
Superbubble
Nb superbubble removed: 0 0 (0s)
Tip
Nb Tip removed: 0 (0s)
Nb errors removed: 53 (0s)
Superbubble
Nb superbubble removed: 0 0 (0s)
Tip
Nb Tip removed: 2 (0s)
Superbubble
Nb superbubble removed: 0 0 (0s)
Tip
Nb Tip removed: 0 (0s)
Nb errors removed: 21 (0s)
Superbubble
Nb superbubble removed: 0 0 (0s)
Tip
Nb Tip removed: 0 (0s)
Nb errors removed: 21 (0s)
Superbubble
Nb superbubble removed: 0 0 (0s)
Tip
Nb Tip removed: 0 (0s)
Nb errors removed: 12 (0s)
Superbubble
Nb superbubble removed: 0 0 (0s)
Tip
Nb Tip removed: 0 (0s)
Nb errors removed: 14 (0s)
Superbubble
Nb superbubble removed: 0 0 (0s)
Tip
Nb Tip removed: 0 (0s)
Nb errors removed: 3 (0s)
Superbubble
Nb superbubble removed: 0 0 (0s)
Tip
Nb Tip removed: 0 (0s)
Nb errors removed: 5 (0s)
Superbubble
Nb superbubble removed: 0 0 (0s)
Tip
Nb Tip removed: 0 (0s)
Nb errors removed: 1 (0s)
Superbubble
Nb superbubble removed: 0 0 (0s)
Tip
Nb Tip removed: 0 (0s)
Nb errors removed: 3 (0s)
Superbubble
Nb superbubble removed: 0 0 (0s)
Tip
Nb Tip removed: 0 (0s)
Nb errors removed: 1 (0s)
Superbubble
Nb superbubble removed: 0 0 (0s)
Tip
Nb Tip removed: 0 (0s)
Nb errors removed: 1 (0s)
Superbubble
Nb superbubble removed: 0 0 (0s)
Tip
Nb Tip removed: 0 (0s)
Nb errors removed: 2 (0s)
Superbubble
Nb superbubble removed: 0 0 (0s)
Tip
Nb Tip removed: 0 (0s)
Nb errors removed: 1 (0s)
Superbubble
Nb superbubble removed: 0 0 (0s)
Tip
Nb Tip removed: 0 (0s)
Nb errors removed: 2 (0s)
Superbubble
Nb superbubble removed: 0 0 (0s)
Tip
Nb Tip removed: 0 (0s)
Checksum: 0
Checksum abundnace: 0
Generating contigs
45.2593
28.1025
21.1138
19.1944
13.11
11.9182
10.8347
9.84974
8.14028
7.40025
6.11591
5.05447
4.17725
3.13843
2.14359
0


metaMDBG toMinspace  /var/folders/zg/vq0dnx517c54hg87dyqjky740000gn/T/.tmpwTqywI/tmp/ /var/folders/zg/vq0dnx517c54hg87dyqjky740000gn/T/.tmpwTqywI/tmp//contigs.nodepath /var/folders/zg/vq0dnx517c54hg87dyqjky740000gn/T/.tmpwTqywI/tmp//unitig_data.txt --threads 10

Input dir: /var/folders/zg/vq0dnx517c54hg87dyqjky740000gn/T/.tmpwTqywI/tmp/
Minimizer length: 15
Kminmer length: 51
Density: 0.005

Loading unitig sequences

Creating mContigs

Contig filename: /var/folders/zg/vq0dnx517c54hg87dyqjky740000gn/T/.tmpwTqywI/tmp//unitig_data.txt


metaMDBG toMinspace  /var/folders/zg/vq0dnx517c54hg87dyqjky740000gn/T/.tmpwTqywI/tmp/ /var/folders/zg/vq0dnx517c54hg87dyqjky740000gn/T/.tmpwTqywI/tmp//assembly_graph.gfa.unitigs.nodepath /var/folders/zg/vq0dnx517c54hg87dyqjky740000gn/T/.tmpwTqywI/tmp//assembly_graph.gfa.unitigs --threads 10

Input dir: /var/folders/zg/vq0dnx517c54hg87dyqjky740000gn/T/.tmpwTqywI/tmp/
Minimizer length: 15
Kminmer length: 51
Density: 0.005

Loading unitig sequences

Creating mContigs

Contig filename: /var/folders/zg/vq0dnx517c54hg87dyqjky740000gn/T/.tmpwTqywI/tmp//assembly_graph.gfa.unitigs
pass done: 51
Multi-k pass: 52/209


metaMDBG graph /var/folders/zg/vq0dnx517c54hg87dyqjky740000gn/T/.tmpwTqywI/tmp/ --threads 10 --corrected-read 

Contig filename: 
Output dir: /var/folders/zg/vq0dnx517c54hg87dyqjky740000gn/T/.tmpwTqywI/tmp/
Minimizer length: 15
Kminmer length: 52
Density: 0.005
Min abundance: 0

Loading refined abundances
	Duration: 0
Collecting kminmers
Building mdbg
Duration: 0
Nb solid kminmers: 33494
Nb small contigs written: 0
Dump kminmer abundances
	Duration: 0
Indexing edges
Edge index size: 33380
Edge index elements: 59839
	Duration: 0
Compute unitig nodes
	Duration: 0
Index unitig edges
	Duration: 0
Compute unitig edges
	Duration: 0
Dump unitig abundances
	Duration: 0
Nb edges:   0


metaMDBG contig  /var/folders/zg/vq0dnx517c54hg87dyqjky740000gn/T/.tmpwTqywI/tmp/ --threads 10

Input dir: /var/folders/zg/vq0dnx517c54hg87dyqjky740000gn/T/.tmpwTqywI/tmp/
Minimizer length: 15
Kminmer length: 52
Density: 0.005

Loading unitig graph
Load unitigs
Nb unitigs: 1184
Nb minimizers: 93878
Add unitig abundances
Sorting abundances
Add unitig edges
Nb unitig edges: 2608
Sorting unitig edges
Done loading unitig graph
Simplifying
Max abundance: 43
Nb unitigs: 1184
Superbubble
Nb superbubble removed: 64 0 (0s)
Tip
Nb Tip removed: 271 (0s)
Superbubble
Nb superbubble removed: 136 0 (0s)
Tip
Nb Tip removed: 0 (0s)
Nb errors removed: 231 (0s)
Superbubble
Nb superbubble removed: 4 0 (0s)
Tip
Nb Tip removed: 1 (0s)
Superbubble
Nb superbubble removed: 0 0 (0s)
Tip
Nb Tip removed: 0 (0s)
Nb errors removed: 51 (0s)
Superbubble
Nb superbubble removed: 0 0 (0s)
Tip
Nb Tip removed: 2 (0s)
Superbubble
Nb superbubble removed: 0 0 (0s)
Tip
Nb Tip removed: 0 (0s)
Nb errors removed: 23 (0s)
Superbubble
Nb superbubble removed: 0 0 (0s)
Tip
Nb Tip removed: 0 (0s)
Nb errors removed: 21 (0s)
Superbubble
Nb superbubble removed: 0 0 (0s)
Tip
Nb Tip removed: 0 (0s)
Nb errors removed: 12 (0s)
Superbubble
Nb superbubble removed: 0 0 (0s)
Tip
Nb Tip removed: 0 (0s)
Nb errors removed: 15 (0s)
Superbubble
Nb superbubble removed: 0 0 (0s)
Tip
Nb Tip removed: 0 (0s)
Nb errors removed: 3 (0s)
Superbubble
Nb superbubble removed: 0 0 (0s)
Tip
Nb Tip removed: 0 (0s)
Nb errors removed: 5 (0s)
Superbubble
Nb superbubble removed: 0 0 (0s)
Tip
Nb Tip removed: 0 (0s)
Nb errors removed: 1 (0s)
Superbubble
Nb superbubble removed: 0 0 (0s)
Tip
Nb Tip removed: 0 (0s)
Nb errors removed: 3 (0s)
Superbubble
Nb superbubble removed: 0 0 (0s)
Tip
Nb Tip removed: 0 (0s)
Nb errors removed: 1 (0s)
Superbubble
Nb superbubble removed: 0 0 (0s)
Tip
Nb Tip removed: 0 (0s)
Nb errors removed: 1 (0s)
Superbubble
Nb superbubble removed: 0 0 (0s)
Tip
Nb Tip removed: 0 (0s)
Nb errors removed: 2 (0s)
Superbubble
Nb superbubble removed: 0 0 (0s)
Tip
Nb Tip removed: 0 (0s)
Nb errors removed: 1 (0s)
Superbubble
Nb superbubble removed: 0 0 (0s)
Tip
Nb Tip removed: 0 (0s)
Nb errors removed: 2 (0s)
Superbubble
Nb superbubble removed: 0 0 (0s)
Tip
Nb Tip removed: 0 (0s)
Checksum: 0
Checksum abundnace: 0
Generating contigs
45.2593
28.1025
21.1138
19.1944
13.11
11.9182
10.8347
9.84974
8.14028
7.40025
6.11591
5.05447
4.17725
3.13843
2.14359
0


metaMDBG toMinspace  /var/folders/zg/vq0dnx517c54hg87dyqjky740000gn/T/.tmpwTqywI/tmp/ /var/folders/zg/vq0dnx517c54hg87dyqjky740000gn/T/.tmpwTqywI/tmp//contigs.nodepath /var/folders/zg/vq0dnx517c54hg87dyqjky740000gn/T/.tmpwTqywI/tmp//unitig_data.txt --threads 10

Input dir: /var/folders/zg/vq0dnx517c54hg87dyqjky740000gn/T/.tmpwTqywI/tmp/
Minimizer length: 15
Kminmer length: 52
Density: 0.005

Loading unitig sequences

Creating mContigs

Contig filename: /var/folders/zg/vq0dnx517c54hg87dyqjky740000gn/T/.tmpwTqywI/tmp//unitig_data.txt
pass done: 52
Multi-k pass: 53/209


metaMDBG graph /var/folders/zg/vq0dnx517c54hg87dyqjky740000gn/T/.tmpwTqywI/tmp/ --threads 10 --corrected-read 

Contig filename: 
Output dir: /var/folders/zg/vq0dnx517c54hg87dyqjky740000gn/T/.tmpwTqywI/tmp/
Minimizer length: 15
Kminmer length: 53
Density: 0.005
Min abundance: 0

Loading refined abundances
	Duration: 0
Collecting kminmers
Building mdbg
Duration: 0
Nb solid kminmers: 33602
Nb small contigs written: 0
Dump kminmer abundances
	Duration: 0
Indexing edges
Edge index size: 33488
Edge index elements: 60002
	Duration: 0
Compute unitig nodes
	Duration: 0
Index unitig edges
	Duration: 0
Compute unitig edges
	Duration: 0
Dump unitig abundances
	Duration: 0
Nb edges:   0


metaMDBG contig  /var/folders/zg/vq0dnx517c54hg87dyqjky740000gn/T/.tmpwTqywI/tmp/ --threads 10

Input dir: /var/folders/zg/vq0dnx517c54hg87dyqjky740000gn/T/.tmpwTqywI/tmp/
Minimizer length: 15
Kminmer length: 53
Density: 0.005

Loading unitig graph
Load unitigs
Nb unitigs: 1177
Nb minimizers: 94806
Add unitig abundances
Sorting abundances
Add unitig edges
Nb unitig edges: 2594
Sorting unitig edges
Done loading unitig graph
Simplifying
Max abundance: 43
Nb unitigs: 1177
Superbubble
Nb superbubble removed: 56 0 (0s)
Tip
Nb Tip removed: 271 (0s)
Superbubble
Nb superbubble removed: 138 0 (0s)
Tip
Nb Tip removed: 0 (0s)
Nb errors removed: 229 (0s)
Superbubble
Nb superbubble removed: 4 0 (0s)
Tip
Nb Tip removed: 1 (0s)
Superbubble
Nb superbubble removed: 0 0 (0s)
Tip
Nb Tip removed: 0 (0s)
Nb errors removed: 1 (0s)
Superbubble
Nb superbubble removed: 0 0 (0s)
Tip
Nb Tip removed: 0 (0s)
Nb errors removed: 53 (0s)
Superbubble
Nb superbubble removed: 0 0 (0s)
Tip
Nb Tip removed: 2 (0s)
Superbubble
Nb superbubble removed: 0 0 (0s)
Tip
Nb Tip removed: 0 (0s)
Nb errors removed: 23 (0s)
Superbubble
Nb superbubble removed: 0 0 (0s)
Tip
Nb Tip removed: 0 (0s)
Nb errors removed: 19 (0s)
Superbubble
Nb superbubble removed: 0 0 (0s)
Tip
Nb Tip removed: 0 (0s)
Nb errors removed: 12 (0s)
Superbubble
Nb superbubble removed: 0 0 (0s)
Tip
Nb Tip removed: 0 (0s)
Nb errors removed: 14 (0s)
Superbubble
Nb superbubble removed: 0 0 (0s)
Tip
Nb Tip removed: 0 (0s)
Nb errors removed: 3 (0s)
Superbubble
Nb superbubble removed: 0 0 (0s)
Tip
Nb Tip removed: 0 (0s)
Nb errors removed: 4 (0s)
Superbubble
Nb superbubble removed: 0 0 (0s)
Tip
Nb Tip removed: 0 (0s)
Nb errors removed: 1 (0s)
Superbubble
Nb superbubble removed: 0 0 (0s)
Tip
Nb Tip removed: 0 (0s)
Nb errors removed: 3 (0s)
Superbubble
Nb superbubble removed: 0 0 (0s)
Tip
Nb Tip removed: 0 (0s)
Nb errors removed: 1 (0s)
Superbubble
Nb superbubble removed: 0 0 (0s)
Tip
Nb Tip removed: 0 (0s)
Nb errors removed: 1 (0s)
Superbubble
Nb superbubble removed: 0 0 (0s)
Tip
Nb Tip removed: 0 (0s)
Nb errors removed: 2 (0s)
Superbubble
Nb superbubble removed: 0 0 (0s)
Tip
Nb Tip removed: 0 (0s)
Nb errors removed: 1 (0s)
Superbubble
Nb superbubble removed: 0 0 (0s)
Tip
Nb Tip removed: 0 (0s)
Nb errors removed: 2 (0s)
Superbubble
Nb superbubble removed: 0 0 (0s)
Tip
Nb Tip removed: 0 (0s)
Checksum: 0
Checksum abundnace: 0
Generating contigs
45.2593
28.1025
21.1138
19.1944
13.11
11.9182
10.8347
9.84974
8.14028
7.40025
6.11591
5.05447
4.17725
3.13843
2.59374
2.14359
0


metaMDBG toMinspace  /var/folders/zg/vq0dnx517c54hg87dyqjky740000gn/T/.tmpwTqywI/tmp/ /var/folders/zg/vq0dnx517c54hg87dyqjky740000gn/T/.tmpwTqywI/tmp//contigs.nodepath /var/folders/zg/vq0dnx517c54hg87dyqjky740000gn/T/.tmpwTqywI/tmp//unitig_data.txt --threads 10

Input dir: /var/folders/zg/vq0dnx517c54hg87dyqjky740000gn/T/.tmpwTqywI/tmp/
Minimizer length: 15
Kminmer length: 53
Density: 0.005

Loading unitig sequences

Creating mContigs

Contig filename: /var/folders/zg/vq0dnx517c54hg87dyqjky740000gn/T/.tmpwTqywI/tmp//unitig_data.txt
pass done: 53
Multi-k pass: 54/209


metaMDBG graph /var/folders/zg/vq0dnx517c54hg87dyqjky740000gn/T/.tmpwTqywI/tmp/ --threads 10 --corrected-read 

Contig filename: 
Output dir: /var/folders/zg/vq0dnx517c54hg87dyqjky740000gn/T/.tmpwTqywI/tmp/
Minimizer length: 15
Kminmer length: 54
Density: 0.005
Min abundance: 0

Loading refined abundances
	Duration: 0
Collecting kminmers
Building mdbg
Duration: 0
Nb solid kminmers: 33712
Nb small contigs written: 0
Dump kminmer abundances
	Duration: 0
Indexing edges
Edge index size: 33600
Edge index elements: 60066
	Duration: 0
Compute unitig nodes
	Duration: 0
Index unitig edges
	Duration: 0
Compute unitig edges
	Duration: 0
Dump unitig abundances
	Duration: 0
Nb edges:   0


metaMDBG contig  /var/folders/zg/vq0dnx517c54hg87dyqjky740000gn/T/.tmpwTqywI/tmp/ --threads 10

Input dir: /var/folders/zg/vq0dnx517c54hg87dyqjky740000gn/T/.tmpwTqywI/tmp/
Minimizer length: 15
Kminmer length: 54
Density: 0.005

Loading unitig graph
Load unitigs
Nb unitigs: 1169
Nb minimizers: 95669
Add unitig abundances
Sorting abundances
Add unitig edges
Nb unitig edges: 2576
Sorting unitig edges
Done loading unitig graph
Simplifying
Max abundance: 43
Nb unitigs: 1169
Superbubble
Nb superbubble removed: 50 0 (0s)
Tip
Nb Tip removed: 275 (0s)
Superbubble
Nb superbubble removed: 136 0 (0s)
Tip
Nb Tip removed: 0 (0s)
Nb errors removed: 228 (0s)
Superbubble
Nb superbubble removed: 4 0 (0s)
Tip
Nb Tip removed: 1 (0s)
Superbubble
Nb superbubble removed: 0 0 (0s)
Tip
Nb Tip removed: 0 (0s)
Nb errors removed: 54 (0s)
Superbubble
Nb superbubble removed: 0 0 (0s)
Tip
Nb Tip removed: 2 (0s)
Superbubble
Nb superbubble removed: 0 0 (0s)
Tip
Nb Tip removed: 0 (0s)
Nb errors removed: 24 (0s)
Superbubble
Nb superbubble removed: 0 0 (0s)
Tip
Nb Tip removed: 0 (0s)
Nb errors removed: 21 (0s)
Superbubble
Nb superbubble removed: 0 0 (0s)
Tip
Nb Tip removed: 0 (0s)
Nb errors removed: 12 (0s)
Superbubble
Nb superbubble removed: 0 0 (0s)
Tip
Nb Tip removed: 0 (0s)
Nb errors removed: 14 (0s)
Superbubble
Nb superbubble removed: 0 0 (0s)
Tip
Nb Tip removed: 0 (0s)
Nb errors removed: 3 (0s)
Superbubble
Nb superbubble removed: 0 0 (0s)
Tip
Nb Tip removed: 0 (0s)
Nb errors removed: 4 (0s)
Superbubble
Nb superbubble removed: 0 0 (0s)
Tip
Nb Tip removed: 0 (0s)
Nb errors removed: 1 (0s)
Superbubble
Nb superbubble removed: 0 0 (0s)
Tip
Nb Tip removed: 0 (0s)
Nb errors removed: 3 (0s)
Superbubble
Nb superbubble removed: 0 0 (0s)
Tip
Nb Tip removed: 0 (0s)
Nb errors removed: 1 (0s)
Superbubble
Nb superbubble removed: 0 0 (0s)
Tip
Nb Tip removed: 0 (0s)
Nb errors removed: 1 (0s)
Superbubble
Nb superbubble removed: 0 0 (0s)
Tip
Nb Tip removed: 0 (0s)
Nb errors removed: 2 (0s)
Superbubble
Nb superbubble removed: 0 0 (0s)
Tip
Nb Tip removed: 0 (0s)
Nb errors removed: 1 (0s)
Superbubble
Nb superbubble removed: 0 0 (0s)
Tip
Nb Tip removed: 0 (0s)
Nb errors removed: 2 (0s)
Superbubble
Nb superbubble removed: 0 0 (0s)
Tip
Nb Tip removed: 0 (0s)
Checksum: 0
Checksum abundnace: 0
Generating contigs
45.2593
28.1025
21.1138
19.1944
13.11
11.9182
10.8347
9.84974
8.14028
7.40025
6.11591
5.05447
4.17725
3.13843
2.14359
0


metaMDBG toMinspace  /var/folders/zg/vq0dnx517c54hg87dyqjky740000gn/T/.tmpwTqywI/tmp/ /var/folders/zg/vq0dnx517c54hg87dyqjky740000gn/T/.tmpwTqywI/tmp//contigs.nodepath /var/folders/zg/vq0dnx517c54hg87dyqjky740000gn/T/.tmpwTqywI/tmp//unitig_data.txt --threads 10

Input dir: /var/folders/zg/vq0dnx517c54hg87dyqjky740000gn/T/.tmpwTqywI/tmp/
Minimizer length: 15
Kminmer length: 54
Density: 0.005

Loading unitig sequences

Creating mContigs

Contig filename: /var/folders/zg/vq0dnx517c54hg87dyqjky740000gn/T/.tmpwTqywI/tmp//unitig_data.txt
pass done: 54
Multi-k pass: 55/209


metaMDBG graph /var/folders/zg/vq0dnx517c54hg87dyqjky740000gn/T/.tmpwTqywI/tmp/ --threads 10 --corrected-read 

Contig filename: 
Output dir: /var/folders/zg/vq0dnx517c54hg87dyqjky740000gn/T/.tmpwTqywI/tmp/
Minimizer length: 15
Kminmer length: 55
Density: 0.005
Min abundance: 0

Loading refined abundances
	Duration: 0
Collecting kminmers
Building mdbg
Duration: 0
Nb solid kminmers: 33820
Nb small contigs written: 0
Dump kminmer abundances
	Duration: 0
Indexing edges
Edge index size: 33711
Edge index elements: 60064
	Duration: 0
Compute unitig nodes
	Duration: 0
Index unitig edges
	Duration: 0
Compute unitig edges
	Duration: 0
Dump unitig abundances
	Duration: 0
Nb edges:   0


metaMDBG contig  /var/folders/zg/vq0dnx517c54hg87dyqjky740000gn/T/.tmpwTqywI/tmp/ --threads 10

Input dir: /var/folders/zg/vq0dnx517c54hg87dyqjky740000gn/T/.tmpwTqywI/tmp/
Minimizer length: 15
Kminmer length: 55
Density: 0.005

Loading unitig graph
Load unitigs
Nb unitigs: 1166
Nb minimizers: 96784
Add unitig abundances
Sorting abundances
Add unitig edges
Nb unitig edges: 2564
Sorting unitig edges
Done loading unitig graph
Simplifying
Max abundance: 43
Nb unitigs: 1166
Superbubble
Nb superbubble removed: 48 0 (0s)
Tip
Nb Tip removed: 274 (0s)
Superbubble
Nb superbubble removed: 133 0 (0s)
Tip
Nb Tip removed: 0 (0s)
Nb errors removed: 228 (0s)
Superbubble
Nb superbubble removed: 4 0 (0s)
Tip
Nb Tip removed: 1 (0s)
Superbubble
Nb superbubble removed: 0 0 (0s)
Tip
Nb Tip removed: 0 (0s)
Nb errors removed: 55 (0s)
Superbubble
Nb superbubble removed: 0 0 (0s)
Tip
Nb Tip removed: 2 (0s)
Superbubble
Nb superbubble removed: 0 0 (0s)
Tip
Nb Tip removed: 0 (0s)
Nb errors removed: 26 (0s)
Superbubble
Nb superbubble removed: 0 0 (0s)
Tip
Nb Tip removed: 0 (0s)
Nb errors removed: 21 (0s)
Superbubble
Nb superbubble removed: 0 0 (0s)
Tip
Nb Tip removed: 0 (0s)
Nb errors removed: 12 (0s)
Superbubble
Nb superbubble removed: 0 0 (0s)
Tip
Nb Tip removed: 0 (0s)
Nb errors removed: 14 (0s)
Superbubble
Nb superbubble removed: 0 0 (0s)
Tip
Nb Tip removed: 0 (0s)
Nb errors removed: 3 (0s)
Superbubble
Nb superbubble removed: 0 0 (0s)
Tip
Nb Tip removed: 0 (0s)
Nb errors removed: 4 (0s)
Superbubble
Nb superbubble removed: 0 0 (0s)
Tip
Nb Tip removed: 0 (0s)
Nb errors removed: 1 (0s)
Superbubble
Nb superbubble removed: 0 0 (0s)
Tip
Nb Tip removed: 0 (0s)
Nb errors removed: 3 (0s)
Superbubble
Nb superbubble removed: 0 0 (0s)
Tip
Nb Tip removed: 0 (0s)
Nb errors removed: 1 (0s)
Superbubble
Nb superbubble removed: 0 0 (0s)
Tip
Nb Tip removed: 0 (0s)
Nb errors removed: 1 (0s)
Superbubble
Nb superbubble removed: 0 0 (0s)
Tip
Nb Tip removed: 0 (0s)
Nb errors removed: 2 (0s)
Superbubble
Nb superbubble removed: 0 0 (0s)
Tip
Nb Tip removed: 0 (0s)
Nb errors removed: 1 (0s)
Superbubble
Nb superbubble removed: 0 0 (0s)
Tip
Nb Tip removed: 0 (0s)
Nb errors removed: 2 (0s)
Superbubble
Nb superbubble removed: 0 0 (0s)
Tip
Nb Tip removed: 0 (0s)
Checksum: 0
Checksum abundnace: 0
Generating contigs
45.2593
28.1025
21.1138
19.1944
13.11
11.9182
10.8347
9.84974
8.14028
7.40025
6.11591
5.05447
4.17725
3.13843
2.14359
0


metaMDBG toMinspace  /var/folders/zg/vq0dnx517c54hg87dyqjky740000gn/T/.tmpwTqywI/tmp/ /var/folders/zg/vq0dnx517c54hg87dyqjky740000gn/T/.tmpwTqywI/tmp//contigs.nodepath /var/folders/zg/vq0dnx517c54hg87dyqjky740000gn/T/.tmpwTqywI/tmp//unitig_data.txt --threads 10

Input dir: /var/folders/zg/vq0dnx517c54hg87dyqjky740000gn/T/.tmpwTqywI/tmp/
Minimizer length: 15
Kminmer length: 55
Density: 0.005

Loading unitig sequences

Creating mContigs

Contig filename: /var/folders/zg/vq0dnx517c54hg87dyqjky740000gn/T/.tmpwTqywI/tmp//unitig_data.txt
pass done: 55
Multi-k pass: 56/209


metaMDBG graph /var/folders/zg/vq0dnx517c54hg87dyqjky740000gn/T/.tmpwTqywI/tmp/ --threads 10 --corrected-read 

Contig filename: 
Output dir: /var/folders/zg/vq0dnx517c54hg87dyqjky740000gn/T/.tmpwTqywI/tmp/
Minimizer length: 15
Kminmer length: 56
Density: 0.005
Min abundance: 0

Loading refined abundances
	Duration: 0
Collecting kminmers
Building mdbg
Duration: 0
Nb solid kminmers: 33922
Nb small contigs written: 0
Dump kminmer abundances
	Duration: 0
Indexing edges
Edge index size: 33819
Edge index elements: 60446
	Duration: 0
Compute unitig nodes
	Duration: 0
Index unitig edges
	Duration: 0
Compute unitig edges
	Duration: 0
Dump unitig abundances
	Duration: 0
Nb edges:   0


metaMDBG contig  /var/folders/zg/vq0dnx517c54hg87dyqjky740000gn/T/.tmpwTqywI/tmp/ --threads 10

Input dir: /var/folders/zg/vq0dnx517c54hg87dyqjky740000gn/T/.tmpwTqywI/tmp/
Minimizer length: 15
Kminmer length: 56
Density: 0.005

Loading unitig graph
Load unitigs
Nb unitigs: 1165
Nb minimizers: 97997
Add unitig abundances
Sorting abundances
Add unitig edges
Nb unitig edges: 2540
Sorting unitig edges
Done loading unitig graph
Simplifying
Max abundance: 43
Nb unitigs: 1165
Superbubble
Nb superbubble removed: 48 0 (0s)
Tip
Nb Tip removed: 280 (0s)
Superbubble
Nb superbubble removed: 130 0 (0s)
Tip
Nb Tip removed: 0 (0s)
Nb errors removed: 234 (0s)
Superbubble
Nb superbubble removed: 8 0 (0s)
Tip
Nb Tip removed: 4 (0s)
Superbubble
Nb superbubble removed: 2 0 (0s)
Tip
Nb Tip removed: 0 (0s)
Nb errors removed: 57 (0s)
Superbubble
Nb superbubble removed: 0 0 (0s)
Tip
Nb Tip removed: 2 (0s)
Superbubble
Nb superbubble removed: 0 0 (0s)
Tip
Nb Tip removed: 0 (0s)
Nb errors removed: 26 (0s)
Superbubble
Nb superbubble removed: 0 0 (0s)
Tip
Nb Tip removed: 0 (0s)
Nb errors removed: 23 (0s)
Superbubble
Nb superbubble removed: 0 0 (0s)
Tip
Nb Tip removed: 0 (0s)
Nb errors removed: 15 (0s)
Superbubble
Nb superbubble removed: 0 0 (0s)
Tip
Nb Tip removed: 0 (0s)
Nb errors removed: 15 (0s)
Superbubble
Nb superbubble removed: 0 0 (0s)
Tip
Nb Tip removed: 0 (0s)
Nb errors removed: 3 (0s)
Superbubble
Nb superbubble removed: 0 0 (0s)
Tip
Nb Tip removed: 0 (0s)
Nb errors removed: 4 (0s)
Superbubble
Nb superbubble removed: 0 0 (0s)
Tip
Nb Tip removed: 0 (0s)
Nb errors removed: 1 (0s)
Superbubble
Nb superbubble removed: 0 0 (0s)
Tip
Nb Tip removed: 0 (0s)
Nb errors removed: 3 (0s)
Superbubble
Nb superbubble removed: 0 0 (0s)
Tip
Nb Tip removed: 0 (0s)
Nb errors removed: 1 (0s)
Superbubble
Nb superbubble removed: 0 0 (0s)
Tip
Nb Tip removed: 0 (0s)
Nb errors removed: 1 (0s)
Superbubble
Nb superbubble removed: 0 0 (0s)
Tip
Nb Tip removed: 0 (0s)
Nb errors removed: 2 (0s)
Superbubble
Nb superbubble removed: 0 0 (0s)
Tip
Nb Tip removed: 0 (0s)
Nb errors removed: 1 (0s)
Superbubble
Nb superbubble removed: 0 0 (0s)
Tip
Nb Tip removed: 0 (0s)
Nb errors removed: 2 (0s)
Superbubble
Nb superbubble removed: 0 0 (0s)
Tip
Nb Tip removed: 0 (0s)
Checksum: 0
Checksum abundnace: 0
Generating contigs
45.2593
28.1025
21.1138
19.1944
13.11
11.9182
10.8347
9.84974
8.14028
7.40025
6.11591
5.05447
4.17725
3.13843
2.14359
0


metaMDBG toMinspace  /var/folders/zg/vq0dnx517c54hg87dyqjky740000gn/T/.tmpwTqywI/tmp/ /var/folders/zg/vq0dnx517c54hg87dyqjky740000gn/T/.tmpwTqywI/tmp//contigs.nodepath /var/folders/zg/vq0dnx517c54hg87dyqjky740000gn/T/.tmpwTqywI/tmp//unitig_data.txt --threads 10

Input dir: /var/folders/zg/vq0dnx517c54hg87dyqjky740000gn/T/.tmpwTqywI/tmp/
Minimizer length: 15
Kminmer length: 56
Density: 0.005

Loading unitig sequences

Creating mContigs

Contig filename: /var/folders/zg/vq0dnx517c54hg87dyqjky740000gn/T/.tmpwTqywI/tmp//unitig_data.txt
pass done: 56
Multi-k pass: 57/209


metaMDBG graph /var/folders/zg/vq0dnx517c54hg87dyqjky740000gn/T/.tmpwTqywI/tmp/ --threads 10 --corrected-read 

Contig filename: 
Output dir: /var/folders/zg/vq0dnx517c54hg87dyqjky740000gn/T/.tmpwTqywI/tmp/
Minimizer length: 15
Kminmer length: 57
Density: 0.005
Min abundance: 0

Loading refined abundances
	Duration: 0
Collecting kminmers
Building mdbg
Duration: 0
Nb solid kminmers: 34019
Nb small contigs written: 0
Dump kminmer abundances
	Duration: 0
Indexing edges
Edge index size: 33917
Edge index elements: 60710
	Duration: 0
Compute unitig nodes
	Duration: 0
Index unitig edges
	Duration: 0
Compute unitig edges
	Duration: 0
Dump unitig abundances
	Duration: 0
Nb edges:   0


metaMDBG contig  /var/folders/zg/vq0dnx517c54hg87dyqjky740000gn/T/.tmpwTqywI/tmp/ --threads 10

Input dir: /var/folders/zg/vq0dnx517c54hg87dyqjky740000gn/T/.tmpwTqywI/tmp/
Minimizer length: 15
Kminmer length: 57
Density: 0.005

Loading unitig graph
Load unitigs
Nb unitigs: 1153
Nb minimizers: 98587
Add unitig abundances
Sorting abundances
Add unitig edges
Nb unitig edges: 2526
Sorting unitig edges
Done loading unitig graph
Simplifying
Max abundance: 43
Nb unitigs: 1153
Superbubble
Nb superbubble removed: 46 0 (0s)
Tip
Nb Tip removed: 282 (0s)
Superbubble
Nb superbubble removed: 124 0 (0s)
Tip
Nb Tip removed: 0 (0s)
Nb errors removed: 231 (0s)
Superbubble
Nb superbubble removed: 7 0 (0s)
Tip
Nb Tip removed: 3 (0s)
Superbubble
Nb superbubble removed: 2 0 (0s)
Tip
Nb Tip removed: 0 (0s)
Nb errors removed: 57 (0s)
Superbubble
Nb superbubble removed: 0 0 (0s)
Tip
Nb Tip removed: 2 (0s)
Superbubble
Nb superbubble removed: 0 0 (0s)
Tip
Nb Tip removed: 0 (0s)
Nb errors removed: 28 (0s)
Superbubble
Nb superbubble removed: 0 0 (0s)
Tip
Nb Tip removed: 0 (0s)
Nb errors removed: 23 (0s)
Superbubble
Nb superbubble removed: 0 0 (0s)
Tip
Nb Tip removed: 0 (0s)
Nb errors removed: 13 (0s)
Superbubble
Nb superbubble removed: 0 0 (0s)
Tip
Nb Tip removed: 0 (0s)
Nb errors removed: 14 (0s)
Superbubble
Nb superbubble removed: 0 0 (0s)
Tip
Nb Tip removed: 0 (0s)
Nb errors removed: 3 (0s)
Superbubble
Nb superbubble removed: 0 0 (0s)
Tip
Nb Tip removed: 0 (0s)
Nb errors removed: 4 (0s)
Superbubble
Nb superbubble removed: 0 0 (0s)
Tip
Nb Tip removed: 0 (0s)
Nb errors removed: 1 (0s)
Superbubble
Nb superbubble removed: 0 0 (0s)
Tip
Nb Tip removed: 0 (0s)
Nb errors removed: 3 (0s)
Superbubble
Nb superbubble removed: 0 0 (0s)
Tip
Nb Tip removed: 0 (0s)
Nb errors removed: 4 (0s)
Superbubble
Nb superbubble removed: 0 0 (0s)
Tip
Nb Tip removed: 0 (0s)
Nb errors removed: 1 (0s)
Superbubble
Nb superbubble removed: 0 0 (0s)
Tip
Nb Tip removed: 0 (0s)
Nb errors removed: 2 (0s)
Superbubble
Nb superbubble removed: 0 0 (0s)
Tip
Nb Tip removed: 0 (0s)
Nb errors removed: 1 (0s)
Superbubble
Nb superbubble removed: 0 0 (0s)
Tip
Nb Tip removed: 0 (0s)
Nb errors removed: 2 (0s)
Superbubble
Nb superbubble removed: 0 0 (0s)
Tip
Nb Tip removed: 0 (0s)
Checksum: 0
Checksum abundnace: 0
Generating contigs
45.2593
28.1025
21.1138
19.1944
13.11
11.9182
10.8347
9.84974
8.14028
7.40025
6.11591
5.05447
4.17725
3.13843
2.14359
0


metaMDBG toMinspace  /var/folders/zg/vq0dnx517c54hg87dyqjky740000gn/T/.tmpwTqywI/tmp/ /var/folders/zg/vq0dnx517c54hg87dyqjky740000gn/T/.tmpwTqywI/tmp//contigs.nodepath /var/folders/zg/vq0dnx517c54hg87dyqjky740000gn/T/.tmpwTqywI/tmp//unitig_data.txt --threads 10

Input dir: /var/folders/zg/vq0dnx517c54hg87dyqjky740000gn/T/.tmpwTqywI/tmp/
Minimizer length: 15
Kminmer length: 57
Density: 0.005

Loading unitig sequences

Creating mContigs

Contig filename: /var/folders/zg/vq0dnx517c54hg87dyqjky740000gn/T/.tmpwTqywI/tmp//unitig_data.txt
pass done: 57
Multi-k pass: 58/209


metaMDBG graph /var/folders/zg/vq0dnx517c54hg87dyqjky740000gn/T/.tmpwTqywI/tmp/ --threads 10 --corrected-read 

Contig filename: 
Output dir: /var/folders/zg/vq0dnx517c54hg87dyqjky740000gn/T/.tmpwTqywI/tmp/
Minimizer length: 15
Kminmer length: 58
Density: 0.005
Min abundance: 0

Loading refined abundances
	Duration: 0
Collecting kminmers
Building mdbg
Duration: 0
Nb solid kminmers: 34112
Nb small contigs written: 0
Dump kminmer abundances
	Duration: 0
Indexing edges
Edge index size: 34014
Edge index elements: 60989
	Duration: 0
Compute unitig nodes
	Duration: 0
Index unitig edges
	Duration: 0
Compute unitig edges
	Duration: 0
Dump unitig abundances
	Duration: 0
Nb edges:   0


metaMDBG contig  /var/folders/zg/vq0dnx517c54hg87dyqjky740000gn/T/.tmpwTqywI/tmp/ --threads 10

Input dir: /var/folders/zg/vq0dnx517c54hg87dyqjky740000gn/T/.tmpwTqywI/tmp/
Minimizer length: 15
Kminmer length: 58
Density: 0.005

Loading unitig graph
Load unitigs
Nb unitigs: 1144
Nb minimizers: 99320
Add unitig abundances
Sorting abundances
Add unitig edges
Nb unitig edges: 2490
Sorting unitig edges
Done loading unitig graph
Simplifying
Max abundance: 43
Nb unitigs: 1144
Superbubble
Nb superbubble removed: 46 0 (0s)
Tip
Nb Tip removed: 278 (0s)
Superbubble
Nb superbubble removed: 122 0 (0s)
Tip
Nb Tip removed: 0 (0s)
Nb errors removed: 225 (0s)
Superbubble
Nb superbubble removed: 8 0 (0s)
Tip
Nb Tip removed: 1 (0s)
Superbubble
Nb superbubble removed: 0 0 (0s)
Tip
Nb Tip removed: 0 (0s)
Nb errors removed: 57 (0s)
Superbubble
Nb superbubble removed: 0 0 (0s)
Tip
Nb Tip removed: 2 (0s)
Superbubble
Nb superbubble removed: 0 0 (0s)
Tip
Nb Tip removed: 0 (0s)
Nb errors removed: 29 (0s)
Superbubble
Nb superbubble removed: 0 0 (0s)
Tip
Nb Tip removed: 0 (0s)
Nb errors removed: 23 (0s)
Superbubble
Nb superbubble removed: 2 0 (0s)
Tip
Nb Tip removed: 0 (0s)
Nb errors removed: 14 (0s)
Superbubble
Nb superbubble removed: 0 0 (0s)
Tip
Nb Tip removed: 0 (0s)
Nb errors removed: 17 (0s)
Superbubble
Nb superbubble removed: 4 0 (0s)
Tip
Nb Tip removed: 0 (0s)
Nb errors removed: 5 (0s)
Superbubble
Nb superbubble removed: 0 0 (0s)
Tip
Nb Tip removed: 0 (0s)
Nb errors removed: 4 (0s)
Superbubble
Nb superbubble removed: 0 0 (0s)
Tip
Nb Tip removed: 0 (0s)
Nb errors removed: 1 (0s)
Superbubble
Nb superbubble removed: 0 0 (0s)
Tip
Nb Tip removed: 0 (0s)
Nb errors removed: 2 (0s)
Superbubble
Nb superbubble removed: 0 0 (0s)
Tip
Nb Tip removed: 0 (0s)
Nb errors removed: 4 (0s)
Superbubble
Nb superbubble removed: 0 0 (0s)
Tip
Nb Tip removed: 0 (0s)
Nb errors removed: 2 (0s)
Superbubble
Nb superbubble removed: 0 0 (0s)
Tip
Nb Tip removed: 0 (0s)
Nb errors removed: 1 (0s)
Superbubble
Nb superbubble removed: 0 0 (0s)
Tip
Nb Tip removed: 0 (0s)
Nb errors removed: 2 (0s)
Superbubble
Nb superbubble removed: 0 0 (0s)
Tip
Nb Tip removed: 0 (0s)
Checksum: 0
Checksum abundnace: 0
Generating contigs
45.2593
28.1025
21.1138
13.11
11.9182
10.8347
9.84974
8.14028
7.40025
6.11591
5.05447
4.17725
3.13843
2.14359
0


metaMDBG toMinspace  /var/folders/zg/vq0dnx517c54hg87dyqjky740000gn/T/.tmpwTqywI/tmp/ /var/folders/zg/vq0dnx517c54hg87dyqjky740000gn/T/.tmpwTqywI/tmp//contigs.nodepath /var/folders/zg/vq0dnx517c54hg87dyqjky740000gn/T/.tmpwTqywI/tmp//unitig_data.txt --threads 10

Input dir: /var/folders/zg/vq0dnx517c54hg87dyqjky740000gn/T/.tmpwTqywI/tmp/
Minimizer length: 15
Kminmer length: 58
Density: 0.005

Loading unitig sequences

Creating mContigs

Contig filename: /var/folders/zg/vq0dnx517c54hg87dyqjky740000gn/T/.tmpwTqywI/tmp//unitig_data.txt
pass done: 58
Multi-k pass: 59/209


metaMDBG graph /var/folders/zg/vq0dnx517c54hg87dyqjky740000gn/T/.tmpwTqywI/tmp/ --threads 10 --corrected-read 

Contig filename: 
Output dir: /var/folders/zg/vq0dnx517c54hg87dyqjky740000gn/T/.tmpwTqywI/tmp/
Minimizer length: 15
Kminmer length: 59
Density: 0.005
Min abundance: 0

Loading refined abundances
	Duration: 0
Collecting kminmers
Building mdbg
Duration: 0
Nb solid kminmers: 34200
Nb small contigs written: 0
Dump kminmer abundances
	Duration: 0
Indexing edges
Edge index size: 34109
Edge index elements: 61185
	Duration: 0
Compute unitig nodes
	Duration: 0
Index unitig edges
	Duration: 0
Compute unitig edges
	Duration: 0
Dump unitig abundances
	Duration: 0
Nb edges:   0


metaMDBG contig  /var/folders/zg/vq0dnx517c54hg87dyqjky740000gn/T/.tmpwTqywI/tmp/ --threads 10

Input dir: /var/folders/zg/vq0dnx517c54hg87dyqjky740000gn/T/.tmpwTqywI/tmp/
Minimizer length: 15
Kminmer length: 59
Density: 0.005

Loading unitig graph
Load unitigs
Nb unitigs: 1131
Nb minimizers: 99798
Add unitig abundances
Sorting abundances
Add unitig edges
Nb unitig edges: 2456
Sorting unitig edges
Done loading unitig graph
Simplifying
Max abundance: 43
Nb unitigs: 1131
Superbubble
Nb superbubble removed: 42 0 (0s)
Tip
Nb Tip removed: 275 (0s)
Superbubble
Nb superbubble removed: 118 0 (0s)
Tip
Nb Tip removed: 0 (0s)
Nb errors removed: 221 (0s)
Superbubble
Nb superbubble removed: 8 0 (0s)
Tip
Nb Tip removed: 1 (0s)
Superbubble
Nb superbubble removed: 0 0 (0s)
Tip
Nb Tip removed: 0 (0s)
Nb errors removed: 56 (0s)
Superbubble
Nb superbubble removed: 0 0 (0s)
Tip
Nb Tip removed: 2 (0s)
Superbubble
Nb superbubble removed: 0 0 (0s)
Tip
Nb Tip removed: 0 (0s)
Nb errors removed: 30 (0s)
Superbubble
Nb superbubble removed: 0 0 (0s)
Tip
Nb Tip removed: 0 (0s)
Nb errors removed: 23 (0s)
Superbubble
Nb superbubble removed: 2 0 (0s)
Tip
Nb Tip removed: 0 (0s)
Nb errors removed: 14 (0s)
Superbubble
Nb superbubble removed: 0 0 (0s)
Tip
Nb Tip removed: 0 (0s)
Nb errors removed: 17 (0s)
Superbubble
Nb superbubble removed: 4 0 (0s)
Tip
Nb Tip removed: 0 (0s)
Nb errors removed: 5 (0s)
Superbubble
Nb superbubble removed: 0 0 (0s)
Tip
Nb Tip removed: 0 (0s)
Nb errors removed: 4 (0s)
Superbubble
Nb superbubble removed: 0 0 (0s)
Tip
Nb Tip removed: 0 (0s)
Nb errors removed: 4 (0s)
Superbubble
Nb superbubble removed: 0 0 (0s)
Tip
Nb Tip removed: 0 (0s)
Nb errors removed: 2 (0s)
Superbubble
Nb superbubble removed: 0 0 (0s)
Tip
Nb Tip removed: 0 (0s)
Nb errors removed: 4 (0s)
Superbubble
Nb superbubble removed: 0 0 (0s)
Tip
Nb Tip removed: 0 (0s)
Nb errors removed: 2 (0s)
Superbubble
Nb superbubble removed: 0 0 (0s)
Tip
Nb Tip removed: 0 (0s)
Nb errors removed: 1 (0s)
Superbubble
Nb superbubble removed: 0 0 (0s)
Tip
Nb Tip removed: 0 (0s)
Nb errors removed: 2 (0s)
Superbubble
Nb superbubble removed: 0 0 (0s)
Tip
Nb Tip removed: 0 (0s)
Checksum: 0
Checksum abundnace: 0
Generating contigs
45.2593
28.1025
21.1138
13.11
11.9182
10.8347
9.84974
8.14028
7.40025
6.11591
5.05447
4.17725
3.13843
2.14359
0


metaMDBG toMinspace  /var/folders/zg/vq0dnx517c54hg87dyqjky740000gn/T/.tmpwTqywI/tmp/ /var/folders/zg/vq0dnx517c54hg87dyqjky740000gn/T/.tmpwTqywI/tmp//contigs.nodepath /var/folders/zg/vq0dnx517c54hg87dyqjky740000gn/T/.tmpwTqywI/tmp//unitig_data.txt --threads 10

Input dir: /var/folders/zg/vq0dnx517c54hg87dyqjky740000gn/T/.tmpwTqywI/tmp/
Minimizer length: 15
Kminmer length: 59
Density: 0.005

Loading unitig sequences

Creating mContigs

Contig filename: /var/folders/zg/vq0dnx517c54hg87dyqjky740000gn/T/.tmpwTqywI/tmp//unitig_data.txt
pass done: 59
Multi-k pass: 60/209


metaMDBG graph /var/folders/zg/vq0dnx517c54hg87dyqjky740000gn/T/.tmpwTqywI/tmp/ --threads 10 --corrected-read 

Contig filename: 
Output dir: /var/folders/zg/vq0dnx517c54hg87dyqjky740000gn/T/.tmpwTqywI/tmp/
Minimizer length: 15
Kminmer length: 60
Density: 0.005
Min abundance: 0

Loading refined abundances
	Duration: 0
Collecting kminmers
Building mdbg
Duration: 0
Nb solid kminmers: 34284
Nb small contigs written: 0
Dump kminmer abundances
	Duration: 0
Indexing edges
Edge index size: 34197
Edge index elements: 61201
	Duration: 0
Compute unitig nodes
	Duration: 0
Index unitig edges
	Duration: 0
Compute unitig edges
	Duration: 0
Dump unitig abundances
	Duration: 0
Nb edges:   0


metaMDBG contig  /var/folders/zg/vq0dnx517c54hg87dyqjky740000gn/T/.tmpwTqywI/tmp/ --threads 10

Input dir: /var/folders/zg/vq0dnx517c54hg87dyqjky740000gn/T/.tmpwTqywI/tmp/
Minimizer length: 15
Kminmer length: 60
Density: 0.005

Loading unitig graph
Load unitigs
Nb unitigs: 1123
Nb minimizers: 100541
Add unitig abundances
Sorting abundances
Add unitig edges
Nb unitig edges: 2426
Sorting unitig edges
Done loading unitig graph
Simplifying
Max abundance: 43
Nb unitigs: 1123
Superbubble
Nb superbubble removed: 42 0 (0s)
Tip
Nb Tip removed: 280 (0s)
Superbubble
Nb superbubble removed: 116 0 (0s)
Tip
Nb Tip removed: 0 (0s)
Nb errors removed: 217 (0s)
Superbubble
Nb superbubble removed: 8 0 (0s)
Tip
Nb Tip removed: 1 (0s)
Superbubble
Nb superbubble removed: 0 0 (0s)
Tip
Nb Tip removed: 0 (0s)
Nb errors removed: 61 (0s)
Superbubble
Nb superbubble removed: 0 0 (0s)
Tip
Nb Tip removed: 2 (0s)
Superbubble
Nb superbubble removed: 0 0 (0s)
Tip
Nb Tip removed: 0 (0s)
Nb errors removed: 30 (0s)
Superbubble
Nb superbubble removed: 0 0 (0s)
Tip
Nb Tip removed: 0 (0s)
Nb errors removed: 23 (0s)
Superbubble
Nb superbubble removed: 2 0 (0s)
Tip
Nb Tip removed: 0 (0s)
Nb errors removed: 14 (0s)
Superbubble
Nb superbubble removed: 0 0 (0s)
Tip
Nb Tip removed: 0 (0s)
Nb errors removed: 16 (0s)
Superbubble
Nb superbubble removed: 4 0 (0s)
Tip
Nb Tip removed: 0 (0s)
Nb errors removed: 6 (0s)
Superbubble
Nb superbubble removed: 0 0 (0s)
Tip
Nb Tip removed: 0 (0s)
Nb errors removed: 4 (0s)
Superbubble
Nb superbubble removed: 0 0 (0s)
Tip
Nb Tip removed: 0 (0s)
Nb errors removed: 4 (0s)
Superbubble
Nb superbubble removed: 0 0 (0s)
Tip
Nb Tip removed: 0 (0s)
Nb errors removed: 2 (0s)
Superbubble
Nb superbubble removed: 0 0 (0s)
Tip
Nb Tip removed: 0 (0s)
Nb errors removed: 4 (0s)
Superbubble
Nb superbubble removed: 0 0 (0s)
Tip
Nb Tip removed: 0 (0s)
Nb errors removed: 2 (0s)
Superbubble
Nb superbubble removed: 0 0 (0s)
Tip
Nb Tip removed: 0 (0s)
Nb errors removed: 1 (0s)
Superbubble
Nb superbubble removed: 0 0 (0s)
Tip
Nb Tip removed: 0 (0s)
Nb errors removed: 2 (0s)
Superbubble
Nb superbubble removed: 0 0 (0s)
Tip
Nb Tip removed: 0 (0s)
Checksum: 0
Checksum abundnace: 0
Generating contigs
45.2593
28.1025
21.1138
13.11
11.9182
10.8347
9.84974
8.14028
7.40025
6.11591
5.05447
4.17725
3.13843
2.14359
0


metaMDBG toMinspace  /var/folders/zg/vq0dnx517c54hg87dyqjky740000gn/T/.tmpwTqywI/tmp/ /var/folders/zg/vq0dnx517c54hg87dyqjky740000gn/T/.tmpwTqywI/tmp//contigs.nodepath /var/folders/zg/vq0dnx517c54hg87dyqjky740000gn/T/.tmpwTqywI/tmp//unitig_data.txt --threads 10

Input dir: /var/folders/zg/vq0dnx517c54hg87dyqjky740000gn/T/.tmpwTqywI/tmp/
Minimizer length: 15
Kminmer length: 60
Density: 0.005

Loading unitig sequences

Creating mContigs

Contig filename: /var/folders/zg/vq0dnx517c54hg87dyqjky740000gn/T/.tmpwTqywI/tmp//unitig_data.txt
pass done: 60
Multi-k pass: 61/209


metaMDBG graph /var/folders/zg/vq0dnx517c54hg87dyqjky740000gn/T/.tmpwTqywI/tmp/ --threads 10 --corrected-read 

Contig filename: 
Output dir: /var/folders/zg/vq0dnx517c54hg87dyqjky740000gn/T/.tmpwTqywI/tmp/
Minimizer length: 15
Kminmer length: 61
Density: 0.005
Min abundance: 0

Loading refined abundances
	Duration: 0
Collecting kminmers
Building mdbg
Duration: 0
Nb solid kminmers: 34365
Nb small contigs written: 0
Dump kminmer abundances
	Duration: 0
Indexing edges
Edge index size: 34282
Edge index elements: 61438
	Duration: 0
Compute unitig nodes
	Duration: 0
Index unitig edges
	Duration: 0
Compute unitig edges
	Duration: 0
Dump unitig abundances
	Duration: 0
Nb edges:   0


metaMDBG contig  /var/folders/zg/vq0dnx517c54hg87dyqjky740000gn/T/.tmpwTqywI/tmp/ --threads 10 --gen-graph 

Input dir: /var/folders/zg/vq0dnx517c54hg87dyqjky740000gn/T/.tmpwTqywI/tmp/
Minimizer length: 15
Kminmer length: 61
Density: 0.005

Loading unitig graph
Load unitigs
Nb unitigs: 1114
Nb minimizers: 101205
Add unitig abundances
Sorting abundances
Add unitig edges
Nb unitig edges: 2398
Sorting unitig edges
Done loading unitig graph
Simplifying
Max abundance: 43
Nb unitigs: 1114
Superbubble
Nb superbubble removed: 42 0 (0s)
Tip
Nb Tip removed: 281 (0s)
Superbubble
Nb superbubble removed: 118 0 (0s)
Tip
Nb Tip removed: 0 (0s)
Saving unitig graph: /var/folders/zg/vq0dnx517c54hg87dyqjky740000gn/T/.tmpwTqywI/tmp//assembly_graph.gfa
Nb errors removed: 216 (0s)
Superbubble
Nb superbubble removed: 8 0 (0s)
Tip
Nb Tip removed: 1 (0s)
Superbubble
Nb superbubble removed: 0 0 (0s)
Tip
Nb Tip removed: 0 (0s)
Nb errors removed: 62 (0s)
Superbubble
Nb superbubble removed: 0 0 (0s)
Tip
Nb Tip removed: 2 (0s)
Superbubble
Nb superbubble removed: 0 0 (0s)
Tip
Nb Tip removed: 0 (0s)
Nb errors removed: 32 (0s)
Superbubble
Nb superbubble removed: 0 0 (0s)
Tip
Nb Tip removed: 0 (0s)
Nb errors removed: 23 (0s)
Superbubble
Nb superbubble removed: 2 0 (0s)
Tip
Nb Tip removed: 0 (0s)
Nb errors removed: 13 (0s)
Superbubble
Nb superbubble removed: 0 0 (0s)
Tip
Nb Tip removed: 0 (0s)
Nb errors removed: 17 (0s)
Superbubble
Nb superbubble removed: 4 0 (0s)
Tip
Nb Tip removed: 0 (0s)
Nb errors removed: 6 (0s)
Superbubble
Nb superbubble removed: 0 0 (0s)
Tip
Nb Tip removed: 0 (0s)
Nb errors removed: 4 (0s)
Superbubble
Nb superbubble removed: 0 0 (0s)
Tip
Nb Tip removed: 0 (0s)
Nb errors removed: 4 (0s)
Superbubble
Nb superbubble removed: 0 0 (0s)
Tip
Nb Tip removed: 0 (0s)
Nb errors removed: 2 (0s)
Superbubble
Nb superbubble removed: 0 0 (0s)
Tip
Nb Tip removed: 0 (0s)
Nb errors removed: 4 (0s)
Superbubble
Nb superbubble removed: 0 0 (0s)
Tip
Nb Tip removed: 0 (0s)
Nb errors removed: 2 (0s)
Superbubble
Nb superbubble removed: 0 0 (0s)
Tip
Nb Tip removed: 0 (0s)
Nb errors removed: 1 (0s)
Superbubble
Nb superbubble removed: 0 0 (0s)
Tip
Nb Tip removed: 0 (0s)
Nb errors removed: 2 (0s)
Superbubble
Nb superbubble removed: 0 0 (0s)
Tip
Nb Tip removed: 0 (0s)
Checksum: 0
Checksum abundnace: 0
Generating contigs
45.2593
28.1025
21.1138
13.11
11.9182
10.8347
9.84974
8.14028
7.40025
6.11591
5.05447
4.17725
3.13843
2.14359
0


metaMDBG toMinspace  /var/folders/zg/vq0dnx517c54hg87dyqjky740000gn/T/.tmpwTqywI/tmp/ /var/folders/zg/vq0dnx517c54hg87dyqjky740000gn/T/.tmpwTqywI/tmp//contigs.nodepath /var/folders/zg/vq0dnx517c54hg87dyqjky740000gn/T/.tmpwTqywI/tmp//unitig_data.txt --threads 10

Input dir: /var/folders/zg/vq0dnx517c54hg87dyqjky740000gn/T/.tmpwTqywI/tmp/
Minimizer length: 15
Kminmer length: 61
Density: 0.005

Loading unitig sequences

Creating mContigs

Contig filename: /var/folders/zg/vq0dnx517c54hg87dyqjky740000gn/T/.tmpwTqywI/tmp//unitig_data.txt


metaMDBG toMinspace  /var/folders/zg/vq0dnx517c54hg87dyqjky740000gn/T/.tmpwTqywI/tmp/ /var/folders/zg/vq0dnx517c54hg87dyqjky740000gn/T/.tmpwTqywI/tmp//assembly_graph.gfa.unitigs.nodepath /var/folders/zg/vq0dnx517c54hg87dyqjky740000gn/T/.tmpwTqywI/tmp//assembly_graph.gfa.unitigs --threads 10

Input dir: /var/folders/zg/vq0dnx517c54hg87dyqjky740000gn/T/.tmpwTqywI/tmp/
Minimizer length: 15
Kminmer length: 61
Density: 0.005

Loading unitig sequences

Creating mContigs

Contig filename: /var/folders/zg/vq0dnx517c54hg87dyqjky740000gn/T/.tmpwTqywI/tmp//assembly_graph.gfa.unitigs
pass done: 61
Multi-k pass: 62/209


metaMDBG graph /var/folders/zg/vq0dnx517c54hg87dyqjky740000gn/T/.tmpwTqywI/tmp/ --threads 10 --corrected-read 

Contig filename: 
Output dir: /var/folders/zg/vq0dnx517c54hg87dyqjky740000gn/T/.tmpwTqywI/tmp/
Minimizer length: 15
Kminmer length: 62
Density: 0.005
Min abundance: 0

Loading refined abundances
	Duration: 0
Collecting kminmers
Building mdbg
Duration: 0
Nb solid kminmers: 34443
Nb small contigs written: 0
Dump kminmer abundances
	Duration: 0
Indexing edges
Edge index size: 34364
Edge index elements: 61482
	Duration: 0
Compute unitig nodes
	Duration: 0
Index unitig edges
	Duration: 0
Compute unitig edges
	Duration: 0
Dump unitig abundances
	Duration: 0
Nb edges:   0


metaMDBG contig  /var/folders/zg/vq0dnx517c54hg87dyqjky740000gn/T/.tmpwTqywI/tmp/ --threads 10

Input dir: /var/folders/zg/vq0dnx517c54hg87dyqjky740000gn/T/.tmpwTqywI/tmp/
Minimizer length: 15
Kminmer length: 62
Density: 0.005

Loading unitig graph
Load unitigs
Nb unitigs: 1105
Nb minimizers: 101848
Add unitig abundances
Sorting abundances
Add unitig edges
Nb unitig edges: 2390
Sorting unitig edges
Done loading unitig graph
Simplifying
Max abundance: 43
Nb unitigs: 1105
Superbubble
Nb superbubble removed: 38 0 (0s)
Tip
Nb Tip removed: 281 (0s)
Superbubble
Nb superbubble removed: 112 0 (0s)
Tip
Nb Tip removed: 0 (0s)
Nb errors removed: 217 (0s)
Superbubble
Nb superbubble removed: 12 0 (0s)
Tip
Nb Tip removed: 1 (0s)
Superbubble
Nb superbubble removed: 0 0 (0s)
Tip
Nb Tip removed: 0 (0s)
Nb errors removed: 63 (0s)
Superbubble
Nb superbubble removed: 0 0 (0s)
Tip
Nb Tip removed: 2 (0s)
Superbubble
Nb superbubble removed: 0 0 (0s)
Tip
Nb Tip removed: 0 (0s)
Nb errors removed: 32 (0s)
Superbubble
Nb superbubble removed: 0 0 (0s)
Tip
Nb Tip removed: 0 (0s)
Nb errors removed: 23 (0s)
Superbubble
Nb superbubble removed: 2 0 (0s)
Tip
Nb Tip removed: 0 (0s)
Nb errors removed: 14 (0s)
Superbubble
Nb superbubble removed: 0 0 (0s)
Tip
Nb Tip removed: 0 (0s)
Nb errors removed: 17 (0s)
Superbubble
Nb superbubble removed: 4 0 (0s)
Tip
Nb Tip removed: 0 (0s)
Nb errors removed: 6 (0s)
Superbubble
Nb superbubble removed: 0 0 (0s)
Tip
Nb Tip removed: 0 (0s)
Nb errors removed: 5 (0s)
Superbubble
Nb superbubble removed: 0 0 (0s)
Tip
Nb Tip removed: 0 (0s)
Nb errors removed: 4 (0s)
Superbubble
Nb superbubble removed: 0 0 (0s)
Tip
Nb Tip removed: 0 (0s)
Nb errors removed: 2 (0s)
Superbubble
Nb superbubble removed: 0 0 (0s)
Tip
Nb Tip removed: 0 (0s)
Nb errors removed: 5 (0s)
Superbubble
Nb superbubble removed: 0 0 (0s)
Tip
Nb Tip removed: 0 (0s)
Nb errors removed: 2 (0s)
Superbubble
Nb superbubble removed: 0 0 (0s)
Tip
Nb Tip removed: 0 (0s)
Nb errors removed: 1 (0s)
Superbubble
Nb superbubble removed: 0 0 (0s)
Tip
Nb Tip removed: 0 (0s)
Nb errors removed: 2 (0s)
Superbubble
Nb superbubble removed: 0 0 (0s)
Tip
Nb Tip removed: 0 (0s)
Checksum: 0
Checksum abundnace: 0
Generating contigs
45.2593
28.1025
21.1138
13.11
11.9182
10.8347
9.84974
8.14028
7.40025
6.11591
5.05447
4.17725
3.13843
2.14359
0


metaMDBG toMinspace  /var/folders/zg/vq0dnx517c54hg87dyqjky740000gn/T/.tmpwTqywI/tmp/ /var/folders/zg/vq0dnx517c54hg87dyqjky740000gn/T/.tmpwTqywI/tmp//contigs.nodepath /var/folders/zg/vq0dnx517c54hg87dyqjky740000gn/T/.tmpwTqywI/tmp//unitig_data.txt --threads 10

Input dir: /var/folders/zg/vq0dnx517c54hg87dyqjky740000gn/T/.tmpwTqywI/tmp/
Minimizer length: 15
Kminmer length: 62
Density: 0.005

Loading unitig sequences

Creating mContigs

Contig filename: /var/folders/zg/vq0dnx517c54hg87dyqjky740000gn/T/.tmpwTqywI/tmp//unitig_data.txt
pass done: 62
Multi-k pass: 63/209


metaMDBG graph /var/folders/zg/vq0dnx517c54hg87dyqjky740000gn/T/.tmpwTqywI/tmp/ --threads 10 --corrected-read 

Contig filename: 
Output dir: /var/folders/zg/vq0dnx517c54hg87dyqjky740000gn/T/.tmpwTqywI/tmp/
Minimizer length: 15
Kminmer length: 63
Density: 0.005
Min abundance: 0

Loading refined abundances
	Duration: 0
Collecting kminmers
Building mdbg
Duration: 0
Nb solid kminmers: 34518
Nb small contigs written: 0
Dump kminmer abundances
	Duration: 0
Indexing edges
Edge index size: 34437
Edge index elements: 61638
	Duration: 0
Compute unitig nodes
	Duration: 0
Index unitig edges
	Duration: 0
Compute unitig edges
	Duration: 0
Dump unitig abundances
	Duration: 0
Nb edges:   0


metaMDBG contig  /var/folders/zg/vq0dnx517c54hg87dyqjky740000gn/T/.tmpwTqywI/tmp/ --threads 10

Input dir: /var/folders/zg/vq0dnx517c54hg87dyqjky740000gn/T/.tmpwTqywI/tmp/
Minimizer length: 15
Kminmer length: 63
Density: 0.005

Loading unitig graph
Load unitigs
Nb unitigs: 1105
Nb minimizers: 103028
Add unitig abundances
Sorting abundances
Add unitig edges
Nb unitig edges: 2382
Sorting unitig edges
Done loading unitig graph
Simplifying
Max abundance: 43
Nb unitigs: 1105
Superbubble
Nb superbubble removed: 36 0 (0s)
Tip
Nb Tip removed: 284 (0s)
Superbubble
Nb superbubble removed: 108 0 (0s)
Tip
Nb Tip removed: 0 (0s)
Nb errors removed: 213 (0s)
Superbubble
Nb superbubble removed: 14 0 (0s)
Tip
Nb Tip removed: 1 (0s)
Superbubble
Nb superbubble removed: 0 0 (0s)
Tip
Nb Tip removed: 0 (0s)
Nb errors removed: 63 (0s)
Superbubble
Nb superbubble removed: 0 0 (0s)
Tip
Nb Tip removed: 2 (0s)
Superbubble
Nb superbubble removed: 0 0 (0s)
Tip
Nb Tip removed: 0 (0s)
Nb errors removed: 33 (0s)
Superbubble
Nb superbubble removed: 0 0 (0s)
Tip
Nb Tip removed: 0 (0s)
Nb errors removed: 23 (0s)
Superbubble
Nb superbubble removed: 2 0 (0s)
Tip
Nb Tip removed: 0 (0s)
Nb errors removed: 14 (0s)
Superbubble
Nb superbubble removed: 0 0 (0s)
Tip
Nb Tip removed: 0 (0s)
Nb errors removed: 19 (0s)
Superbubble
Nb superbubble removed: 4 0 (0s)
Tip
Nb Tip removed: 0 (0s)
Nb errors removed: 7 (0s)
Superbubble
Nb superbubble removed: 0 0 (0s)
Tip
Nb Tip removed: 0 (0s)
Nb errors removed: 4 (0s)
Superbubble
Nb superbubble removed: 0 0 (0s)
Tip
Nb Tip removed: 0 (0s)
Nb errors removed: 5 (0s)
Superbubble
Nb superbubble removed: 0 0 (0s)
Tip
Nb Tip removed: 0 (0s)
Nb errors removed: 2 (0s)
Superbubble
Nb superbubble removed: 0 0 (0s)
Tip
Nb Tip removed: 0 (0s)
Nb errors removed: 4 (0s)
Superbubble
Nb superbubble removed: 0 0 (0s)
Tip
Nb Tip removed: 0 (0s)
Nb errors removed: 2 (0s)
Superbubble
Nb superbubble removed: 0 0 (0s)
Tip
Nb Tip removed: 0 (0s)
Nb errors removed: 1 (0s)
Superbubble
Nb superbubble removed: 0 0 (0s)
Tip
Nb Tip removed: 0 (0s)
Nb errors removed: 2 (0s)
Superbubble
Nb superbubble removed: 0 0 (0s)
Tip
Nb Tip removed: 0 (0s)
Checksum: 0
Checksum abundnace: 0
Generating contigs
45.2593
28.1025
21.1138
13.11
11.9182
10.8347
9.84974
8.14028
7.40025
6.11591
5.05447
4.17725
3.13843
2.14359
0


metaMDBG toMinspace  /var/folders/zg/vq0dnx517c54hg87dyqjky740000gn/T/.tmpwTqywI/tmp/ /var/folders/zg/vq0dnx517c54hg87dyqjky740000gn/T/.tmpwTqywI/tmp//contigs.nodepath /var/folders/zg/vq0dnx517c54hg87dyqjky740000gn/T/.tmpwTqywI/tmp//unitig_data.txt --threads 10

Input dir: /var/folders/zg/vq0dnx517c54hg87dyqjky740000gn/T/.tmpwTqywI/tmp/
Minimizer length: 15
Kminmer length: 63
Density: 0.005

Loading unitig sequences

Creating mContigs

Contig filename: /var/folders/zg/vq0dnx517c54hg87dyqjky740000gn/T/.tmpwTqywI/tmp//unitig_data.txt
pass done: 63
Multi-k pass: 64/209


metaMDBG graph /var/folders/zg/vq0dnx517c54hg87dyqjky740000gn/T/.tmpwTqywI/tmp/ --threads 10 --corrected-read 

Contig filename: 
Output dir: /var/folders/zg/vq0dnx517c54hg87dyqjky740000gn/T/.tmpwTqywI/tmp/
Minimizer length: 15
Kminmer length: 64
Density: 0.005
Min abundance: 0

Loading refined abundances
	Duration: 0
Collecting kminmers
Building mdbg
Duration: 0
Nb solid kminmers: 34593
Nb small contigs written: 0
Dump kminmer abundances
	Duration: 0
Indexing edges
Edge index size: 34517
Edge index elements: 61817
	Duration: 0
Compute unitig nodes
	Duration: 0
Index unitig edges
	Duration: 0
Compute unitig edges
	Duration: 0
Dump unitig abundances
	Duration: 0
Nb edges:   0


metaMDBG contig  /var/folders/zg/vq0dnx517c54hg87dyqjky740000gn/T/.tmpwTqywI/tmp/ --threads 10

Input dir: /var/folders/zg/vq0dnx517c54hg87dyqjky740000gn/T/.tmpwTqywI/tmp/
Minimizer length: 15
Kminmer length: 64
Density: 0.005

Loading unitig graph
Load unitigs
Nb unitigs: 1099
Nb minimizers: 103830
Add unitig abundances
Sorting abundances
Add unitig edges
Nb unitig edges: 2358
Sorting unitig edges
Done loading unitig graph
Simplifying
Max abundance: 43
Nb unitigs: 1099
Superbubble
Nb superbubble removed: 38 0 (0s)
Tip
Nb Tip removed: 286 (0s)
Superbubble
Nb superbubble removed: 104 0 (0s)
Tip
Nb Tip removed: 0 (0s)
Nb errors removed: 211 (0s)
Superbubble
Nb superbubble removed: 14 0 (0s)
Tip
Nb Tip removed: 1 (0s)
Superbubble
Nb superbubble removed: 0 0 (0s)
Tip
Nb Tip removed: 0 (0s)
Nb errors removed: 64 (0s)
Superbubble
Nb superbubble removed: 0 0 (0s)
Tip
Nb Tip removed: 2 (0s)
Superbubble
Nb superbubble removed: 0 0 (0s)
Tip
Nb Tip removed: 0 (0s)
Nb errors removed: 33 (0s)
Superbubble
Nb superbubble removed: 0 0 (0s)
Tip
Nb Tip removed: 0 (0s)
Nb errors removed: 26 (0s)
Superbubble
Nb superbubble removed: 2 0 (0s)
Tip
Nb Tip removed: 0 (0s)
Nb errors removed: 14 (0s)
Superbubble
Nb superbubble removed: 0 0 (0s)
Tip
Nb Tip removed: 0 (0s)
Nb errors removed: 19 (0s)
Superbubble
Nb superbubble removed: 4 0 (0s)
Tip
Nb Tip removed: 0 (0s)
Nb errors removed: 7 (0s)
Superbubble
Nb superbubble removed: 0 0 (0s)
Tip
Nb Tip removed: 0 (0s)
Nb errors removed: 5 (0s)
Superbubble
Nb superbubble removed: 0 0 (0s)
Tip
Nb Tip removed: 0 (0s)
Nb errors removed: 5 (0s)
Superbubble
Nb superbubble removed: 0 0 (0s)
Tip
Nb Tip removed: 0 (0s)
Nb errors removed: 2 (0s)
Superbubble
Nb superbubble removed: 0 0 (0s)
Tip
Nb Tip removed: 0 (0s)
Nb errors removed: 4 (0s)
Superbubble
Nb superbubble removed: 0 0 (0s)
Tip
Nb Tip removed: 0 (0s)
Nb errors removed: 2 (0s)
Superbubble
Nb superbubble removed: 0 0 (0s)
Tip
Nb Tip removed: 0 (0s)
Nb errors removed: 1 (0s)
Superbubble
Nb superbubble removed: 0 0 (0s)
Tip
Nb Tip removed: 0 (0s)
Nb errors removed: 2 (0s)
Superbubble
Nb superbubble removed: 0 0 (0s)
Tip
Nb Tip removed: 0 (0s)
Checksum: 0
Checksum abundnace: 0
Generating contigs
45.2593
28.1025
21.1138
13.11
11.9182
10.8347
9.84974
8.14028
7.40025
6.11591
5.05447
4.17725
3.13843
2.14359
0


metaMDBG toMinspace  /var/folders/zg/vq0dnx517c54hg87dyqjky740000gn/T/.tmpwTqywI/tmp/ /var/folders/zg/vq0dnx517c54hg87dyqjky740000gn/T/.tmpwTqywI/tmp//contigs.nodepath /var/folders/zg/vq0dnx517c54hg87dyqjky740000gn/T/.tmpwTqywI/tmp//unitig_data.txt --threads 10

Input dir: /var/folders/zg/vq0dnx517c54hg87dyqjky740000gn/T/.tmpwTqywI/tmp/
Minimizer length: 15
Kminmer length: 64
Density: 0.005

Loading unitig sequences

Creating mContigs

Contig filename: /var/folders/zg/vq0dnx517c54hg87dyqjky740000gn/T/.tmpwTqywI/tmp//unitig_data.txt
pass done: 64
Multi-k pass: 65/209


metaMDBG graph /var/folders/zg/vq0dnx517c54hg87dyqjky740000gn/T/.tmpwTqywI/tmp/ --threads 10 --corrected-read 

Contig filename: 
Output dir: /var/folders/zg/vq0dnx517c54hg87dyqjky740000gn/T/.tmpwTqywI/tmp/
Minimizer length: 15
Kminmer length: 65
Density: 0.005
Min abundance: 0

Loading refined abundances
	Duration: 0
Collecting kminmers
Building mdbg
Duration: 0
Nb solid kminmers: 34664
Nb small contigs written: 0
Dump kminmer abundances
	Duration: 0
Indexing edges
Edge index size: 34589
Edge index elements: 61999
	Duration: 0
Compute unitig nodes
	Duration: 0
Index unitig edges
	Duration: 0
Compute unitig edges
	Duration: 0
Dump unitig abundances
	Duration: 0
Nb edges:   0


metaMDBG contig  /var/folders/zg/vq0dnx517c54hg87dyqjky740000gn/T/.tmpwTqywI/tmp/ --threads 10

Input dir: /var/folders/zg/vq0dnx517c54hg87dyqjky740000gn/T/.tmpwTqywI/tmp/
Minimizer length: 15
Kminmer length: 65
Density: 0.005

Loading unitig graph
Load unitigs
Nb unitigs: 1092
Nb minimizers: 104552
Add unitig abundances
Sorting abundances
Add unitig edges
Nb unitig edges: 2338
Sorting unitig edges
Done loading unitig graph
Simplifying
Max abundance: 43
Nb unitigs: 1092
Superbubble
Nb superbubble removed: 38 0 (0s)
Tip
Nb Tip removed: 283 (0s)
Superbubble
Nb superbubble removed: 96 0 (0s)
Tip
Nb Tip removed: 0 (0s)
Nb errors removed: 210 (0s)
Superbubble
Nb superbubble removed: 18 0 (0s)
Tip
Nb Tip removed: 1 (0s)
Superbubble
Nb superbubble removed: 0 0 (0s)
Tip
Nb Tip removed: 0 (0s)
Nb errors removed: 64 (0s)
Superbubble
Nb superbubble removed: 0 0 (0s)
Tip
Nb Tip removed: 2 (0s)
Superbubble
Nb superbubble removed: 0 0 (0s)
Tip
Nb Tip removed: 0 (0s)
Nb errors removed: 33 (0s)
Superbubble
Nb superbubble removed: 0 0 (0s)
Tip
Nb Tip removed: 0 (0s)
Nb errors removed: 26 (0s)
Superbubble
Nb superbubble removed: 2 0 (0s)
Tip
Nb Tip removed: 0 (0s)
Nb errors removed: 14 (0s)
Superbubble
Nb superbubble removed: 0 0 (0s)
Tip
Nb Tip removed: 0 (0s)
Nb errors removed: 19 (0s)
Superbubble
Nb superbubble removed: 4 0 (0s)
Tip
Nb Tip removed: 0 (0s)
Nb errors removed: 7 (0s)
Superbubble
Nb superbubble removed: 0 0 (0s)
Tip
Nb Tip removed: 0 (0s)
Nb errors removed: 5 (0s)
Superbubble
Nb superbubble removed: 0 0 (0s)
Tip
Nb Tip removed: 0 (0s)
Nb errors removed: 5 (0s)
Superbubble
Nb superbubble removed: 0 0 (0s)
Tip
Nb Tip removed: 0 (0s)
Nb errors removed: 2 (0s)
Superbubble
Nb superbubble removed: 0 0 (0s)
Tip
Nb Tip removed: 0 (0s)
Nb errors removed: 4 (0s)
Superbubble
Nb superbubble removed: 0 0 (0s)
Tip
Nb Tip removed: 0 (0s)
Nb errors removed: 2 (0s)
Superbubble
Nb superbubble removed: 0 0 (0s)
Tip
Nb Tip removed: 0 (0s)
Nb errors removed: 1 (0s)
Superbubble
Nb superbubble removed: 0 0 (0s)
Tip
Nb Tip removed: 0 (0s)
Nb errors removed: 2 (0s)
Superbubble
Nb superbubble removed: 0 0 (0s)
Tip
Nb Tip removed: 0 (0s)
Checksum: 0
Checksum abundnace: 0
Generating contigs
45.2593
28.1025
21.1138
13.11
11.9182
10.8347
9.84974
8.14028
7.40025
6.11591
5.05447
4.17725
3.13843
2.14359
0


metaMDBG toMinspace  /var/folders/zg/vq0dnx517c54hg87dyqjky740000gn/T/.tmpwTqywI/tmp/ /var/folders/zg/vq0dnx517c54hg87dyqjky740000gn/T/.tmpwTqywI/tmp//contigs.nodepath /var/folders/zg/vq0dnx517c54hg87dyqjky740000gn/T/.tmpwTqywI/tmp//unitig_data.txt --threads 10

Input dir: /var/folders/zg/vq0dnx517c54hg87dyqjky740000gn/T/.tmpwTqywI/tmp/
Minimizer length: 15
Kminmer length: 65
Density: 0.005

Loading unitig sequences

Creating mContigs

Contig filename: /var/folders/zg/vq0dnx517c54hg87dyqjky740000gn/T/.tmpwTqywI/tmp//unitig_data.txt
pass done: 65
Multi-k pass: 66/209


metaMDBG graph /var/folders/zg/vq0dnx517c54hg87dyqjky740000gn/T/.tmpwTqywI/tmp/ --threads 10 --corrected-read 

Contig filename: 
Output dir: /var/folders/zg/vq0dnx517c54hg87dyqjky740000gn/T/.tmpwTqywI/tmp/
Minimizer length: 15
Kminmer length: 66
Density: 0.005
Min abundance: 0

Loading refined abundances
	Duration: 0
Collecting kminmers
Building mdbg
Duration: 0
Nb solid kminmers: 34732
Nb small contigs written: 0
Dump kminmer abundances
	Duration: 0
Indexing edges
Edge index size: 34661
Edge index elements: 62025
	Duration: 0
Compute unitig nodes
	Duration: 0
Index unitig edges
	Duration: 0
Compute unitig edges
	Duration: 0
Dump unitig abundances
	Duration: 0
Nb edges:   0


metaMDBG contig  /var/folders/zg/vq0dnx517c54hg87dyqjky740000gn/T/.tmpwTqywI/tmp/ --threads 10

Input dir: /var/folders/zg/vq0dnx517c54hg87dyqjky740000gn/T/.tmpwTqywI/tmp/
Minimizer length: 15
Kminmer length: 66
Density: 0.005

Loading unitig graph
Load unitigs
Nb unitigs: 1087
Nb minimizers: 105387
Add unitig abundances
Sorting abundances
Add unitig edges
Nb unitig edges: 2320
Sorting unitig edges
Done loading unitig graph
Simplifying
Max abundance: 43
Nb unitigs: 1087
Superbubble
Nb superbubble removed: 34 0 (0s)
Tip
Nb Tip removed: 288 (0s)
Superbubble
Nb superbubble removed: 100 0 (0s)
Tip
Nb Tip removed: 0 (0s)
Nb errors removed: 206 (0s)
Superbubble
Nb superbubble removed: 18 0 (0s)
Tip
Nb Tip removed: 1 (0s)
Superbubble
Nb superbubble removed: 0 0 (0s)
Tip
Nb Tip removed: 0 (0s)
Nb errors removed: 64 (0s)
Superbubble
Nb superbubble removed: 0 0 (0s)
Tip
Nb Tip removed: 2 (0s)
Superbubble
Nb superbubble removed: 0 0 (0s)
Tip
Nb Tip removed: 0 (0s)
Nb errors removed: 33 (0s)
Superbubble
Nb superbubble removed: 0 0 (0s)
Tip
Nb Tip removed: 0 (0s)
Nb errors removed: 26 (0s)
Superbubble
Nb superbubble removed: 0 0 (0s)
Tip
Nb Tip removed: 0 (0s)
Nb errors removed: 13 (0s)
Superbubble
Nb superbubble removed: 0 0 (0s)
Tip
Nb Tip removed: 0 (0s)
Nb errors removed: 20 (0s)
Superbubble
Nb superbubble removed: 0 0 (0s)
Tip
Nb Tip removed: 0 (0s)
Nb errors removed: 6 (0s)
Superbubble
Nb superbubble removed: 0 0 (0s)
Tip
Nb Tip removed: 0 (0s)
Nb errors removed: 6 (0s)
Superbubble
Nb superbubble removed: 0 0 (0s)
Tip
Nb Tip removed: 0 (0s)
Nb errors removed: 6 (0s)
Superbubble
Nb superbubble removed: 0 0 (0s)
Tip
Nb Tip removed: 0 (0s)
Nb errors removed: 3 (0s)
Superbubble
Nb superbubble removed: 0 0 (0s)
Tip
Nb Tip removed: 0 (0s)
Nb errors removed: 4 (0s)
Superbubble
Nb superbubble removed: 0 0 (0s)
Tip
Nb Tip removed: 0 (0s)
Nb errors removed: 1 (0s)
Superbubble
Nb superbubble removed: 0 0 (0s)
Tip
Nb Tip removed: 0 (0s)
Nb errors removed: 2 (0s)
Superbubble
Nb superbubble removed: 0 0 (0s)
Tip
Nb Tip removed: 0 (0s)
Nb errors removed: 1 (0s)
Superbubble
Nb superbubble removed: 0 0 (0s)
Tip
Nb Tip removed: 0 (0s)
Nb errors removed: 2 (0s)
Superbubble
Nb superbubble removed: 0 0 (0s)
Tip
Nb Tip removed: 0 (0s)
Checksum: 0
Checksum abundnace: 0
Generating contigs
45.2593
28.1025
21.1138
17.4494
13.11
11.9182
10.8347
9.84974
8.14028
7.40025
6.11591
5.05447
4.17725
3.13843
2.14359
0


metaMDBG toMinspace  /var/folders/zg/vq0dnx517c54hg87dyqjky740000gn/T/.tmpwTqywI/tmp/ /var/folders/zg/vq0dnx517c54hg87dyqjky740000gn/T/.tmpwTqywI/tmp//contigs.nodepath /var/folders/zg/vq0dnx517c54hg87dyqjky740000gn/T/.tmpwTqywI/tmp//unitig_data.txt --threads 10

Input dir: /var/folders/zg/vq0dnx517c54hg87dyqjky740000gn/T/.tmpwTqywI/tmp/
Minimizer length: 15
Kminmer length: 66
Density: 0.005

Loading unitig sequences

Creating mContigs

Contig filename: /var/folders/zg/vq0dnx517c54hg87dyqjky740000gn/T/.tmpwTqywI/tmp//unitig_data.txt
pass done: 66
Multi-k pass: 67/209


metaMDBG graph /var/folders/zg/vq0dnx517c54hg87dyqjky740000gn/T/.tmpwTqywI/tmp/ --threads 10 --corrected-read 

Contig filename: 
Output dir: /var/folders/zg/vq0dnx517c54hg87dyqjky740000gn/T/.tmpwTqywI/tmp/
Minimizer length: 15
Kminmer length: 67
Density: 0.005
Min abundance: 0

Loading refined abundances
	Duration: 0
Collecting kminmers
Building mdbg
Duration: 0
Nb solid kminmers: 34796
Nb small contigs written: 0
Dump kminmer abundances
	Duration: 0
Indexing edges
Edge index size: 34727
Edge index elements: 62251
	Duration: 0
Compute unitig nodes
	Duration: 0
Index unitig edges
	Duration: 0
Compute unitig edges
	Duration: 0
Dump unitig abundances
	Duration: 0
Nb edges:   0


metaMDBG contig  /var/folders/zg/vq0dnx517c54hg87dyqjky740000gn/T/.tmpwTqywI/tmp/ --threads 10

Input dir: /var/folders/zg/vq0dnx517c54hg87dyqjky740000gn/T/.tmpwTqywI/tmp/
Minimizer length: 15
Kminmer length: 67
Density: 0.005

Loading unitig graph
Load unitigs
Nb unitigs: 1074
Nb minimizers: 105680
Add unitig abundances
Sorting abundances
Add unitig edges
Nb unitig edges: 2294
Sorting unitig edges
Done loading unitig graph
Simplifying
Max abundance: 43
Nb unitigs: 1074
Superbubble
Nb superbubble removed: 34 0 (0s)
Tip
Nb Tip removed: 287 (0s)
Superbubble
Nb superbubble removed: 98 0 (0s)
Tip
Nb Tip removed: 0 (0s)
Nb errors removed: 203 (0s)
Superbubble
Nb superbubble removed: 18 0 (0s)
Tip
Nb Tip removed: 4 (0s)
Superbubble
Nb superbubble removed: 0 0 (0s)
Tip
Nb Tip removed: 0 (0s)
Nb errors removed: 65 (0s)
Superbubble
Nb superbubble removed: 0 0 (0s)
Tip
Nb Tip removed: 2 (0s)
Superbubble
Nb superbubble removed: 0 0 (0s)
Tip
Nb Tip removed: 0 (0s)
Nb errors removed: 34 (0s)
Superbubble
Nb superbubble removed: 0 0 (0s)
Tip
Nb Tip removed: 0 (0s)
Nb errors removed: 28 (0s)
Superbubble
Nb superbubble removed: 0 0 (0s)
Tip
Nb Tip removed: 0 (0s)
Nb errors removed: 13 (0s)
Superbubble
Nb superbubble removed: 0 0 (0s)
Tip
Nb Tip removed: 0 (0s)
Nb errors removed: 20 (0s)
Superbubble
Nb superbubble removed: 0 0 (0s)
Tip
Nb Tip removed: 0 (0s)
Nb errors removed: 6 (0s)
Superbubble
Nb superbubble removed: 0 0 (0s)
Tip
Nb Tip removed: 0 (0s)
Nb errors removed: 6 (0s)
Superbubble
Nb superbubble removed: 0 0 (0s)
Tip
Nb Tip removed: 0 (0s)
Nb errors removed: 6 (0s)
Superbubble
Nb superbubble removed: 0 0 (0s)
Tip
Nb Tip removed: 0 (0s)
Nb errors removed: 3 (0s)
Superbubble
Nb superbubble removed: 0 0 (0s)
Tip
Nb Tip removed: 0 (0s)
Nb errors removed: 4 (0s)
Superbubble
Nb superbubble removed: 0 0 (0s)
Tip
Nb Tip removed: 0 (0s)
Nb errors removed: 1 (0s)
Superbubble
Nb superbubble removed: 0 0 (0s)
Tip
Nb Tip removed: 0 (0s)
Nb errors removed: 2 (0s)
Superbubble
Nb superbubble removed: 0 0 (0s)
Tip
Nb Tip removed: 0 (0s)
Nb errors removed: 1 (0s)
Superbubble
Nb superbubble removed: 0 0 (0s)
Tip
Nb Tip removed: 0 (0s)
Nb errors removed: 2 (0s)
Superbubble
Nb superbubble removed: 0 0 (0s)
Tip
Nb Tip removed: 0 (0s)
Checksum: 0
Checksum abundnace: 0
Generating contigs
45.2593
28.1025
21.1138
17.4494
13.11
11.9182
10.8347
9.84974
8.14028
7.40025
6.11591
5.05447
4.17725
3.13843
2.14359
0


metaMDBG toMinspace  /var/folders/zg/vq0dnx517c54hg87dyqjky740000gn/T/.tmpwTqywI/tmp/ /var/folders/zg/vq0dnx517c54hg87dyqjky740000gn/T/.tmpwTqywI/tmp//contigs.nodepath /var/folders/zg/vq0dnx517c54hg87dyqjky740000gn/T/.tmpwTqywI/tmp//unitig_data.txt --threads 10

Input dir: /var/folders/zg/vq0dnx517c54hg87dyqjky740000gn/T/.tmpwTqywI/tmp/
Minimizer length: 15
Kminmer length: 67
Density: 0.005

Loading unitig sequences

Creating mContigs

Contig filename: /var/folders/zg/vq0dnx517c54hg87dyqjky740000gn/T/.tmpwTqywI/tmp//unitig_data.txt
pass done: 67
Multi-k pass: 68/209


metaMDBG graph /var/folders/zg/vq0dnx517c54hg87dyqjky740000gn/T/.tmpwTqywI/tmp/ --threads 10 --corrected-read 

Contig filename: 
Output dir: /var/folders/zg/vq0dnx517c54hg87dyqjky740000gn/T/.tmpwTqywI/tmp/
Minimizer length: 15
Kminmer length: 68
Density: 0.005
Min abundance: 0

Loading refined abundances
	Duration: 0
Collecting kminmers
Building mdbg
Duration: 0
Nb solid kminmers: 34857
Nb small contigs written: 0
Dump kminmer abundances
	Duration: 0
Indexing edges
Edge index size: 34793
Edge index elements: 62362
	Duration: 0
Compute unitig nodes
	Duration: 0
Index unitig edges
	Duration: 0
Compute unitig edges
	Duration: 0
Dump unitig abundances
	Duration: 0
Nb edges:   0


metaMDBG contig  /var/folders/zg/vq0dnx517c54hg87dyqjky740000gn/T/.tmpwTqywI/tmp/ --threads 10

Input dir: /var/folders/zg/vq0dnx517c54hg87dyqjky740000gn/T/.tmpwTqywI/tmp/
Minimizer length: 15
Kminmer length: 68
Density: 0.005

Loading unitig graph
Load unitigs
Nb unitigs: 1065
Nb minimizers: 106212
Add unitig abundances
Sorting abundances
Add unitig edges
Nb unitig edges: 2264
Sorting unitig edges
Done loading unitig graph
Simplifying
Max abundance: 43
Nb unitigs: 1065
Superbubble
Nb superbubble removed: 34 0 (0s)
Tip
Nb Tip removed: 283 (0s)
Superbubble
Nb superbubble removed: 96 0 (0s)
Tip
Nb Tip removed: 0 (0s)
Nb errors removed: 202 (0s)
Superbubble
Nb superbubble removed: 18 0 (0s)
Tip
Nb Tip removed: 4 (0s)
Superbubble
Nb superbubble removed: 0 0 (0s)
Tip
Nb Tip removed: 0 (0s)
Nb errors removed: 65 (0s)
Superbubble
Nb superbubble removed: 0 0 (0s)
Tip
Nb Tip removed: 2 (0s)
Superbubble
Nb superbubble removed: 0 0 (0s)
Tip
Nb Tip removed: 0 (0s)
Nb errors removed: 34 (0s)
Superbubble
Nb superbubble removed: 0 0 (0s)
Tip
Nb Tip removed: 0 (0s)
Nb errors removed: 30 (0s)
Superbubble
Nb superbubble removed: 0 0 (0s)
Tip
Nb Tip removed: 0 (0s)
Nb errors removed: 13 (0s)
Superbubble
Nb superbubble removed: 0 0 (0s)
Tip
Nb Tip removed: 0 (0s)
Nb errors removed: 20 (0s)
Superbubble
Nb superbubble removed: 0 0 (0s)
Tip
Nb Tip removed: 0 (0s)
Nb errors removed: 6 (0s)
Superbubble
Nb superbubble removed: 0 0 (0s)
Tip
Nb Tip removed: 0 (0s)
Nb errors removed: 6 (0s)
Superbubble
Nb superbubble removed: 0 0 (0s)
Tip
Nb Tip removed: 0 (0s)
Nb errors removed: 6 (0s)
Superbubble
Nb superbubble removed: 0 0 (0s)
Tip
Nb Tip removed: 0 (0s)
Nb errors removed: 3 (0s)
Superbubble
Nb superbubble removed: 0 0 (0s)
Tip
Nb Tip removed: 0 (0s)
Nb errors removed: 5 (0s)
Superbubble
Nb superbubble removed: 0 0 (0s)
Tip
Nb Tip removed: 0 (0s)
Nb errors removed: 1 (0s)
Superbubble
Nb superbubble removed: 0 0 (0s)
Tip
Nb Tip removed: 0 (0s)
Nb errors removed: 2 (0s)
Superbubble
Nb superbubble removed: 0 0 (0s)
Tip
Nb Tip removed: 0 (0s)
Nb errors removed: 1 (0s)
Superbubble
Nb superbubble removed: 0 0 (0s)
Tip
Nb Tip removed: 0 (0s)
Nb errors removed: 2 (0s)
Superbubble
Nb superbubble removed: 0 0 (0s)
Tip
Nb Tip removed: 0 (0s)
Checksum: 0
Checksum abundnace: 0
Generating contigs
45.2593
28.1025
21.1138
17.4494
13.11
11.9182
10.8347
9.84974
8.14028
7.40025
6.11591
5.05447
4.17725
3.13843
2.14359
0


metaMDBG toMinspace  /var/folders/zg/vq0dnx517c54hg87dyqjky740000gn/T/.tmpwTqywI/tmp/ /var/folders/zg/vq0dnx517c54hg87dyqjky740000gn/T/.tmpwTqywI/tmp//contigs.nodepath /var/folders/zg/vq0dnx517c54hg87dyqjky740000gn/T/.tmpwTqywI/tmp//unitig_data.txt --threads 10

Input dir: /var/folders/zg/vq0dnx517c54hg87dyqjky740000gn/T/.tmpwTqywI/tmp/
Minimizer length: 15
Kminmer length: 68
Density: 0.005

Loading unitig sequences

Creating mContigs

Contig filename: /var/folders/zg/vq0dnx517c54hg87dyqjky740000gn/T/.tmpwTqywI/tmp//unitig_data.txt
pass done: 68
Multi-k pass: 69/209


metaMDBG graph /var/folders/zg/vq0dnx517c54hg87dyqjky740000gn/T/.tmpwTqywI/tmp/ --threads 10 --corrected-read 

Contig filename: 
Output dir: /var/folders/zg/vq0dnx517c54hg87dyqjky740000gn/T/.tmpwTqywI/tmp/
Minimizer length: 15
Kminmer length: 69
Density: 0.005
Min abundance: 0

Loading refined abundances
	Duration: 0
Collecting kminmers
Building mdbg
Duration: 0
Nb solid kminmers: 34912
Nb small contigs written: 0
Dump kminmer abundances
	Duration: 0
Indexing edges
Edge index size: 34853
Edge index elements: 62429
	Duration: 0
Compute unitig nodes
	Duration: 0
Index unitig edges
	Duration: 0
Compute unitig edges
	Duration: 0
Dump unitig abundances
	Duration: 0
Nb edges:   0


metaMDBG contig  /var/folders/zg/vq0dnx517c54hg87dyqjky740000gn/T/.tmpwTqywI/tmp/ --threads 10

Input dir: /var/folders/zg/vq0dnx517c54hg87dyqjky740000gn/T/.tmpwTqywI/tmp/
Minimizer length: 15
Kminmer length: 69
Density: 0.005

Loading unitig graph
Load unitigs
Nb unitigs: 1053
Nb minimizers: 106516
Add unitig abundances
Sorting abundances
Add unitig edges
Nb unitig edges: 2228
Sorting unitig edges
Done loading unitig graph
Simplifying
Max abundance: 43
Nb unitigs: 1053
Superbubble
Nb superbubble removed: 36 0 (0s)
Tip
Nb Tip removed: 288 (0s)
Superbubble
Nb superbubble removed: 92 0 (0s)
Tip
Nb Tip removed: 0 (0s)
Nb errors removed: 200 (0s)
Superbubble
Nb superbubble removed: 16 0 (0s)
Tip
Nb Tip removed: 3 (0s)
Superbubble
Nb superbubble removed: 0 0 (0s)
Tip
Nb Tip removed: 0 (0s)
Nb errors removed: 63 (0s)
Superbubble
Nb superbubble removed: 0 0 (0s)
Tip
Nb Tip removed: 2 (0s)
Superbubble
Nb superbubble removed: 0 0 (0s)
Tip
Nb Tip removed: 0 (0s)
Nb errors removed: 34 (0s)
Superbubble
Nb superbubble removed: 0 0 (0s)
Tip
Nb Tip removed: 0 (0s)
Nb errors removed: 29 (0s)
Superbubble
Nb superbubble removed: 0 0 (0s)
Tip
Nb Tip removed: 0 (0s)
Nb errors removed: 13 (0s)
Superbubble
Nb superbubble removed: 0 0 (0s)
Tip
Nb Tip removed: 0 (0s)
Nb errors removed: 21 (0s)
Superbubble
Nb superbubble removed: 0 0 (0s)
Tip
Nb Tip removed: 0 (0s)
Nb errors removed: 6 (0s)
Superbubble
Nb superbubble removed: 0 0 (0s)
Tip
Nb Tip removed: 0 (0s)
Nb errors removed: 8 (0s)
Superbubble
Nb superbubble removed: 0 0 (0s)
Tip
Nb Tip removed: 0 (0s)
Nb errors removed: 6 (0s)
Superbubble
Nb superbubble removed: 0 0 (0s)
Tip
Nb Tip removed: 0 (0s)
Nb errors removed: 3 (0s)
Superbubble
Nb superbubble removed: 0 0 (0s)
Tip
Nb Tip removed: 0 (0s)
Nb errors removed: 5 (0s)
Superbubble
Nb superbubble removed: 0 0 (0s)
Tip
Nb Tip removed: 0 (0s)
Nb errors removed: 1 (0s)
Superbubble
Nb superbubble removed: 0 0 (0s)
Tip
Nb Tip removed: 0 (0s)
Nb errors removed: 1 (0s)
Superbubble
Nb superbubble removed: 0 0 (0s)
Tip
Nb Tip removed: 0 (0s)
Nb errors removed: 2 (0s)
Superbubble
Nb superbubble removed: 0 0 (0s)
Tip
Nb Tip removed: 0 (0s)
Nb errors removed: 1 (0s)
Superbubble
Nb superbubble removed: 0 0 (0s)
Tip
Nb Tip removed: 0 (0s)
Nb errors removed: 2 (0s)
Superbubble
Nb superbubble removed: 0 0 (0s)
Tip
Nb Tip removed: 0 (0s)
Checksum: 0
Checksum abundnace: 0
Generating contigs
45.2593
28.1025
21.1138
17.4494
14.421
13.11
11.9182
10.8347
9.84974
8.14028
7.40025
6.11591
5.05447
4.17725
3.13843
2.14359
0


metaMDBG toMinspace  /var/folders/zg/vq0dnx517c54hg87dyqjky740000gn/T/.tmpwTqywI/tmp/ /var/folders/zg/vq0dnx517c54hg87dyqjky740000gn/T/.tmpwTqywI/tmp//contigs.nodepath /var/folders/zg/vq0dnx517c54hg87dyqjky740000gn/T/.tmpwTqywI/tmp//unitig_data.txt --threads 10

Input dir: /var/folders/zg/vq0dnx517c54hg87dyqjky740000gn/T/.tmpwTqywI/tmp/
Minimizer length: 15
Kminmer length: 69
Density: 0.005

Loading unitig sequences

Creating mContigs

Contig filename: /var/folders/zg/vq0dnx517c54hg87dyqjky740000gn/T/.tmpwTqywI/tmp//unitig_data.txt
pass done: 69
Multi-k pass: 70/209


metaMDBG graph /var/folders/zg/vq0dnx517c54hg87dyqjky740000gn/T/.tmpwTqywI/tmp/ --threads 10 --corrected-read 

Contig filename: 
Output dir: /var/folders/zg/vq0dnx517c54hg87dyqjky740000gn/T/.tmpwTqywI/tmp/
Minimizer length: 15
Kminmer length: 70
Density: 0.005
Min abundance: 0

Loading refined abundances
	Duration: 0
Collecting kminmers
Building mdbg
Duration: 0
Nb solid kminmers: 34964
Nb small contigs written: 0
Dump kminmer abundances
	Duration: 0
Indexing edges
Edge index size: 34908
Edge index elements: 62674
	Duration: 0
Compute unitig nodes
	Duration: 0
Index unitig edges
	Duration: 0
Compute unitig edges
	Duration: 0
Dump unitig abundances
	Duration: 0
Nb edges:   0


metaMDBG contig  /var/folders/zg/vq0dnx517c54hg87dyqjky740000gn/T/.tmpwTqywI/tmp/ --threads 10

Input dir: /var/folders/zg/vq0dnx517c54hg87dyqjky740000gn/T/.tmpwTqywI/tmp/
Minimizer length: 15
Kminmer length: 70
Density: 0.005

Loading unitig graph
Load unitigs
Nb unitigs: 1044
Nb minimizers: 107000
Add unitig abundances
Sorting abundances
Add unitig edges
Nb unitig edges: 2204
Sorting unitig edges
Done loading unitig graph
Simplifying
Max abundance: 43
Nb unitigs: 1044
Superbubble
Nb superbubble removed: 38 0 (0s)
Tip
Nb Tip removed: 283 (0s)
Superbubble
Nb superbubble removed: 90 0 (0s)
Tip
Nb Tip removed: 0 (0s)
Nb errors removed: 195 (0s)
Superbubble
Nb superbubble removed: 14 0 (0s)
Tip
Nb Tip removed: 3 (0s)
Superbubble
Nb superbubble removed: 0 0 (0s)
Tip
Nb Tip removed: 0 (0s)
Nb errors removed: 69 (0s)
Superbubble
Nb superbubble removed: 2 0 (0s)
Tip
Nb Tip removed: 3 (0s)
Superbubble
Nb superbubble removed: 0 0 (0s)
Tip
Nb Tip removed: 0 (0s)
Nb errors removed: 34 (0s)
Superbubble
Nb superbubble removed: 0 0 (0s)
Tip
Nb Tip removed: 0 (0s)
Nb errors removed: 30 (0s)
Superbubble
Nb superbubble removed: 0 0 (0s)
Tip
Nb Tip removed: 0 (0s)
Nb errors removed: 13 (0s)
Superbubble
Nb superbubble removed: 0 0 (0s)
Tip
Nb Tip removed: 0 (0s)
Nb errors removed: 21 (0s)
Superbubble
Nb superbubble removed: 0 0 (0s)
Tip
Nb Tip removed: 0 (0s)
Nb errors removed: 6 (0s)
Superbubble
Nb superbubble removed: 0 0 (0s)
Tip
Nb Tip removed: 0 (0s)
Nb errors removed: 8 (0s)
Superbubble
Nb superbubble removed: 0 0 (0s)
Tip
Nb Tip removed: 0 (0s)
Nb errors removed: 6 (0s)
Superbubble
Nb superbubble removed: 0 0 (0s)
Tip
Nb Tip removed: 0 (0s)
Nb errors removed: 3 (0s)
Superbubble
Nb superbubble removed: 0 0 (0s)
Tip
Nb Tip removed: 0 (0s)
Nb errors removed: 5 (0s)
Superbubble
Nb superbubble removed: 0 0 (0s)
Tip
Nb Tip removed: 0 (0s)
Nb errors removed: 1 (0s)
Superbubble
Nb superbubble removed: 0 0 (0s)
Tip
Nb Tip removed: 0 (0s)
Nb errors removed: 1 (0s)
Superbubble
Nb superbubble removed: 0 0 (0s)
Tip
Nb Tip removed: 0 (0s)
Nb errors removed: 2 (0s)
Superbubble
Nb superbubble removed: 0 0 (0s)
Tip
Nb Tip removed: 0 (0s)
Nb errors removed: 1 (0s)
Superbubble
Nb superbubble removed: 0 0 (0s)
Tip
Nb Tip removed: 0 (0s)
Nb errors removed: 2 (0s)
Superbubble
Nb superbubble removed: 0 0 (0s)
Tip
Nb Tip removed: 0 (0s)
Checksum: 0
Checksum abundnace: 0
Generating contigs
45.2593
28.1025
21.1138
17.4494
14.421
13.11
11.9182
10.8347
9.84974
8.14028
7.40025
6.11591
5.05447
4.17725
3.13843
2.14359
0


metaMDBG toMinspace  /var/folders/zg/vq0dnx517c54hg87dyqjky740000gn/T/.tmpwTqywI/tmp/ /var/folders/zg/vq0dnx517c54hg87dyqjky740000gn/T/.tmpwTqywI/tmp//contigs.nodepath /var/folders/zg/vq0dnx517c54hg87dyqjky740000gn/T/.tmpwTqywI/tmp//unitig_data.txt --threads 10

Input dir: /var/folders/zg/vq0dnx517c54hg87dyqjky740000gn/T/.tmpwTqywI/tmp/
Minimizer length: 15
Kminmer length: 70
Density: 0.005

Loading unitig sequences

Creating mContigs

Contig filename: /var/folders/zg/vq0dnx517c54hg87dyqjky740000gn/T/.tmpwTqywI/tmp//unitig_data.txt
pass done: 70
Multi-k pass: 71/209


metaMDBG graph /var/folders/zg/vq0dnx517c54hg87dyqjky740000gn/T/.tmpwTqywI/tmp/ --threads 10 --corrected-read 

Contig filename: 
Output dir: /var/folders/zg/vq0dnx517c54hg87dyqjky740000gn/T/.tmpwTqywI/tmp/
Minimizer length: 15
Kminmer length: 71
Density: 0.005
Min abundance: 0

Loading refined abundances
	Duration: 0
Collecting kminmers
Building mdbg
Duration: 0
Nb solid kminmers: 35013
Nb small contigs written: 0
Dump kminmer abundances
	Duration: 0
Indexing edges
Edge index size: 34963
Edge index elements: 62776
	Duration: 0
Compute unitig nodes
	Duration: 0
Index unitig edges
	Duration: 0
Compute unitig edges
	Duration: 0
Dump unitig abundances
	Duration: 0
Nb edges:   0


metaMDBG contig  /var/folders/zg/vq0dnx517c54hg87dyqjky740000gn/T/.tmpwTqywI/tmp/ --threads 10 --gen-graph 

Input dir: /var/folders/zg/vq0dnx517c54hg87dyqjky740000gn/T/.tmpwTqywI/tmp/
Minimizer length: 15
Kminmer length: 71
Density: 0.005

Loading unitig graph
Load unitigs
Nb unitigs: 1031
Nb minimizers: 107183
Add unitig abundances
Sorting abundances
Add unitig edges
Nb unitig edges: 2170
Sorting unitig edges
Done loading unitig graph
Simplifying
Max abundance: 43
Nb unitigs: 1031
Superbubble
Nb superbubble removed: 38 0 (0s)
Tip
Nb Tip removed: 280 (0s)
Superbubble
Nb superbubble removed: 88 0 (0s)
Tip
Nb Tip removed: 0 (0s)
Saving unitig graph: /var/folders/zg/vq0dnx517c54hg87dyqjky740000gn/T/.tmpwTqywI/tmp//assembly_graph.gfa
Nb errors removed: 193 (0s)
Superbubble
Nb superbubble removed: 14 0 (0s)
Tip
Nb Tip removed: 3 (0s)
Superbubble
Nb superbubble removed: 0 0 (0s)
Tip
Nb Tip removed: 0 (0s)
Nb errors removed: 62 (0s)
Superbubble
Nb superbubble removed: 0 0 (0s)
Tip
Nb Tip removed: 2 (0s)
Superbubble
Nb superbubble removed: 0 0 (0s)
Tip
Nb Tip removed: 0 (0s)
Nb errors removed: 34 (0s)
Superbubble
Nb superbubble removed: 0 0 (0s)
Tip
Nb Tip removed: 0 (0s)
Nb errors removed: 30 (0s)
Superbubble
Nb superbubble removed: 0 0 (0s)
Tip
Nb Tip removed: 0 (0s)
Nb errors removed: 13 (0s)
Superbubble
Nb superbubble removed: 0 0 (0s)
Tip
Nb Tip removed: 0 (0s)
Nb errors removed: 22 (0s)
Superbubble
Nb superbubble removed: 0 0 (0s)
Tip
Nb Tip removed: 0 (0s)
Nb errors removed: 6 (0s)
Superbubble
Nb superbubble removed: 0 0 (0s)
Tip
Nb Tip removed: 0 (0s)
Nb errors removed: 9 (0s)
Superbubble
Nb superbubble removed: 0 0 (0s)
Tip
Nb Tip removed: 0 (0s)
Nb errors removed: 6 (0s)
Superbubble
Nb superbubble removed: 0 0 (0s)
Tip
Nb Tip removed: 0 (0s)
Nb errors removed: 3 (0s)
Superbubble
Nb superbubble removed: 0 0 (0s)
Tip
Nb Tip removed: 0 (0s)
Nb errors removed: 5 (0s)
Superbubble
Nb superbubble removed: 0 0 (0s)
Tip
Nb Tip removed: 0 (0s)
Nb errors removed: 1 (0s)
Superbubble
Nb superbubble removed: 0 0 (0s)
Tip
Nb Tip removed: 0 (0s)
Nb errors removed: 1 (0s)
Superbubble
Nb superbubble removed: 0 0 (0s)
Tip
Nb Tip removed: 0 (0s)
Nb errors removed: 2 (0s)
Superbubble
Nb superbubble removed: 0 0 (0s)
Tip
Nb Tip removed: 0 (0s)
Nb errors removed: 1 (0s)
Superbubble
Nb superbubble removed: 0 0 (0s)
Tip
Nb Tip removed: 0 (0s)
Nb errors removed: 2 (0s)
Superbubble
Nb superbubble removed: 0 0 (0s)
Tip
Nb Tip removed: 0 (0s)
Checksum: 0
Checksum abundnace: 0
Generating contigs
45.2593
28.1025
21.1138
17.4494
14.421
13.11
11.9182
10.8347
9.84974
8.14028
7.40025
6.11591
5.05447
4.17725
3.13843
2.14359
0


metaMDBG toMinspace  /var/folders/zg/vq0dnx517c54hg87dyqjky740000gn/T/.tmpwTqywI/tmp/ /var/folders/zg/vq0dnx517c54hg87dyqjky740000gn/T/.tmpwTqywI/tmp//contigs.nodepath /var/folders/zg/vq0dnx517c54hg87dyqjky740000gn/T/.tmpwTqywI/tmp//unitig_data.txt --threads 10

Input dir: /var/folders/zg/vq0dnx517c54hg87dyqjky740000gn/T/.tmpwTqywI/tmp/
Minimizer length: 15
Kminmer length: 71
Density: 0.005

Loading unitig sequences

Creating mContigs

Contig filename: /var/folders/zg/vq0dnx517c54hg87dyqjky740000gn/T/.tmpwTqywI/tmp//unitig_data.txt


metaMDBG toMinspace  /var/folders/zg/vq0dnx517c54hg87dyqjky740000gn/T/.tmpwTqywI/tmp/ /var/folders/zg/vq0dnx517c54hg87dyqjky740000gn/T/.tmpwTqywI/tmp//assembly_graph.gfa.unitigs.nodepath /var/folders/zg/vq0dnx517c54hg87dyqjky740000gn/T/.tmpwTqywI/tmp//assembly_graph.gfa.unitigs --threads 10

Input dir: /var/folders/zg/vq0dnx517c54hg87dyqjky740000gn/T/.tmpwTqywI/tmp/
Minimizer length: 15
Kminmer length: 71
Density: 0.005

Loading unitig sequences

Creating mContigs

Contig filename: /var/folders/zg/vq0dnx517c54hg87dyqjky740000gn/T/.tmpwTqywI/tmp//assembly_graph.gfa.unitigs
pass done: 71
Multi-k pass: 72/209


metaMDBG graph /var/folders/zg/vq0dnx517c54hg87dyqjky740000gn/T/.tmpwTqywI/tmp/ --threads 10 --corrected-read 

Contig filename: 
Output dir: /var/folders/zg/vq0dnx517c54hg87dyqjky740000gn/T/.tmpwTqywI/tmp/
Minimizer length: 15
Kminmer length: 72
Density: 0.005
Min abundance: 0

Loading refined abundances
	Duration: 0
Collecting kminmers
Building mdbg
Duration: 0
Nb solid kminmers: 35056
Nb small contigs written: 0
Dump kminmer abundances
	Duration: 0
Indexing edges
Edge index size: 35010
Edge index elements: 62946
	Duration: 0
Compute unitig nodes
	Duration: 0
Index unitig edges
	Duration: 0
Compute unitig edges
	Duration: 0
Dump unitig abundances
	Duration: 0
Nb edges:   0


metaMDBG contig  /var/folders/zg/vq0dnx517c54hg87dyqjky740000gn/T/.tmpwTqywI/tmp/ --threads 10

Input dir: /var/folders/zg/vq0dnx517c54hg87dyqjky740000gn/T/.tmpwTqywI/tmp/
Minimizer length: 15
Kminmer length: 72
Density: 0.005

Loading unitig graph
Load unitigs
Nb unitigs: 1025
Nb minimizers: 107831
Add unitig abundances
Sorting abundances
Add unitig edges
Nb unitig edges: 2148
Sorting unitig edges
Done loading unitig graph
Simplifying
Max abundance: 43
Nb unitigs: 1025
Superbubble
Nb superbubble removed: 38 0 (0s)
Tip
Nb Tip removed: 280 (0s)
Superbubble
Nb superbubble removed: 86 0 (0s)
Tip
Nb Tip removed: 0 (0s)
Nb errors removed: 189 (0s)
Superbubble
Nb superbubble removed: 14 0 (0s)
Tip
Nb Tip removed: 3 (0s)
Superbubble
Nb superbubble removed: 0 0 (0s)
Tip
Nb Tip removed: 0 (0s)
Nb errors removed: 64 (0s)
Superbubble
Nb superbubble removed: 0 0 (0s)
Tip
Nb Tip removed: 2 (0s)
Superbubble
Nb superbubble removed: 0 0 (0s)
Tip
Nb Tip removed: 0 (0s)
Nb errors removed: 34 (0s)
Superbubble
Nb superbubble removed: 0 0 (0s)
Tip
Nb Tip removed: 0 (0s)
Nb errors removed: 29 (0s)
Superbubble
Nb superbubble removed: 0 0 (0s)
Tip
Nb Tip removed: 0 (0s)
Nb errors removed: 13 (0s)
Superbubble
Nb superbubble removed: 0 0 (0s)
Tip
Nb Tip removed: 0 (0s)
Nb errors removed: 24 (0s)
Superbubble
Nb superbubble removed: 0 0 (0s)
Tip
Nb Tip removed: 0 (0s)
Nb errors removed: 6 (0s)
Superbubble
Nb superbubble removed: 0 0 (0s)
Tip
Nb Tip removed: 0 (0s)
Nb errors removed: 12 (0s)
Superbubble
Nb superbubble removed: 0 0 (0s)
Tip
Nb Tip removed: 0 (0s)
Nb errors removed: 6 (0s)
Superbubble
Nb superbubble removed: 0 0 (0s)
Tip
Nb Tip removed: 0 (0s)
Nb errors removed: 3 (0s)
Superbubble
Nb superbubble removed: 0 0 (0s)
Tip
Nb Tip removed: 0 (0s)
Nb errors removed: 4 (0s)
Superbubble
Nb superbubble removed: 0 0 (0s)
Tip
Nb Tip removed: 0 (0s)
Nb errors removed: 1 (0s)
Superbubble
Nb superbubble removed: 0 0 (0s)
Tip
Nb Tip removed: 0 (0s)
Nb errors removed: 1 (0s)
Superbubble
Nb superbubble removed: 0 0 (0s)
Tip
Nb Tip removed: 0 (0s)
Nb errors removed: 2 (0s)
Superbubble
Nb superbubble removed: 0 0 (0s)
Tip
Nb Tip removed: 0 (0s)
Nb errors removed: 1 (0s)
Superbubble
Nb superbubble removed: 0 0 (0s)
Tip
Nb Tip removed: 0 (0s)
Nb errors removed: 2 (0s)
Superbubble
Nb superbubble removed: 0 0 (0s)
Tip
Nb Tip removed: 0 (0s)
Checksum: 0
Checksum abundnace: 0
Generating contigs
45.2593
28.1025
21.1138
17.4494
14.421
13.11
11.9182
10.8347
9.84974
8.14028
7.40025
6.11591
5.05447
4.17725
3.13843
2.14359
0


metaMDBG toMinspace  /var/folders/zg/vq0dnx517c54hg87dyqjky740000gn/T/.tmpwTqywI/tmp/ /var/folders/zg/vq0dnx517c54hg87dyqjky740000gn/T/.tmpwTqywI/tmp//contigs.nodepath /var/folders/zg/vq0dnx517c54hg87dyqjky740000gn/T/.tmpwTqywI/tmp//unitig_data.txt --threads 10

Input dir: /var/folders/zg/vq0dnx517c54hg87dyqjky740000gn/T/.tmpwTqywI/tmp/
Minimizer length: 15
Kminmer length: 72
Density: 0.005

Loading unitig sequences

Creating mContigs

Contig filename: /var/folders/zg/vq0dnx517c54hg87dyqjky740000gn/T/.tmpwTqywI/tmp//unitig_data.txt
pass done: 72
Multi-k pass: 73/209


metaMDBG graph /var/folders/zg/vq0dnx517c54hg87dyqjky740000gn/T/.tmpwTqywI/tmp/ --threads 10 --corrected-read 

Contig filename: 
Output dir: /var/folders/zg/vq0dnx517c54hg87dyqjky740000gn/T/.tmpwTqywI/tmp/
Minimizer length: 15
Kminmer length: 73
Density: 0.005
Min abundance: 0

Loading refined abundances
	Duration: 0
Collecting kminmers
Building mdbg
Duration: 0
Nb solid kminmers: 35097
Nb small contigs written: 0
Dump kminmer abundances
	Duration: 0
Indexing edges
Edge index size: 35052
Edge index elements: 62983
	Duration: 0
Compute unitig nodes
	Duration: 0
Index unitig edges
	Duration: 0
Compute unitig edges
	Duration: 0
Dump unitig abundances
	Duration: 0
Nb edges:   0


metaMDBG contig  /var/folders/zg/vq0dnx517c54hg87dyqjky740000gn/T/.tmpwTqywI/tmp/ --threads 10

Input dir: /var/folders/zg/vq0dnx517c54hg87dyqjky740000gn/T/.tmpwTqywI/tmp/
Minimizer length: 15
Kminmer length: 73
Density: 0.005

Loading unitig graph
Load unitigs
Nb unitigs: 1016
Nb minimizers: 108249
Add unitig abundances
Sorting abundances
Add unitig edges
Nb unitig edges: 2124
Sorting unitig edges
Done loading unitig graph
Simplifying
Max abundance: 43
Nb unitigs: 1016
Superbubble
Nb superbubble removed: 38 0 (0s)
Tip
Nb Tip removed: 280 (0s)
Superbubble
Nb superbubble removed: 84 0 (0s)
Tip
Nb Tip removed: 0 (0s)
Nb errors removed: 186 (0s)
Superbubble
Nb superbubble removed: 14 0 (0s)
Tip
Nb Tip removed: 3 (0s)
Superbubble
Nb superbubble removed: 0 0 (0s)
Tip
Nb Tip removed: 0 (0s)
Nb errors removed: 64 (0s)
Superbubble
Nb superbubble removed: 0 0 (0s)
Tip
Nb Tip removed: 2 (0s)
Superbubble
Nb superbubble removed: 0 0 (0s)
Tip
Nb Tip removed: 0 (0s)
Nb errors removed: 34 (0s)
Superbubble
Nb superbubble removed: 0 0 (0s)
Tip
Nb Tip removed: 0 (0s)
Nb errors removed: 30 (0s)
Superbubble
Nb superbubble removed: 0 0 (0s)
Tip
Nb Tip removed: 0 (0s)
Nb errors removed: 14 (0s)
Superbubble
Nb superbubble removed: 0 0 (0s)
Tip
Nb Tip removed: 0 (0s)
Nb errors removed: 23 (0s)
Superbubble
Nb superbubble removed: 0 0 (0s)
Tip
Nb Tip removed: 0 (0s)
Nb errors removed: 6 (0s)
Superbubble
Nb superbubble removed: 0 0 (0s)
Tip
Nb Tip removed: 0 (0s)
Nb errors removed: 12 (0s)
Superbubble
Nb superbubble removed: 0 0 (0s)
Tip
Nb Tip removed: 0 (0s)
Nb errors removed: 6 (0s)
Superbubble
Nb superbubble removed: 0 0 (0s)
Tip
Nb Tip removed: 0 (0s)
Nb errors removed: 3 (0s)
Superbubble
Nb superbubble removed: 0 0 (0s)
Tip
Nb Tip removed: 0 (0s)
Nb errors removed: 5 (0s)
Superbubble
Nb superbubble removed: 0 0 (0s)
Tip
Nb Tip removed: 0 (0s)
Nb errors removed: 1 (0s)
Superbubble
Nb superbubble removed: 0 0 (0s)
Tip
Nb Tip removed: 0 (0s)
Nb errors removed: 1 (0s)
Superbubble
Nb superbubble removed: 0 0 (0s)
Tip
Nb Tip removed: 0 (0s)
Nb errors removed: 2 (0s)
Superbubble
Nb superbubble removed: 0 0 (0s)
Tip
Nb Tip removed: 0 (0s)
Nb errors removed: 1 (0s)
Superbubble
Nb superbubble removed: 0 0 (0s)
Tip
Nb Tip removed: 0 (0s)
Nb errors removed: 2 (0s)
Superbubble
Nb superbubble removed: 0 0 (0s)
Tip
Nb Tip removed: 0 (0s)
Checksum: 0
Checksum abundnace: 0
Generating contigs
45.2593
28.1025
21.1138
17.4494
14.421
13.11
11.9182
10.8347
9.84974
8.14028
7.40025
6.11591
5.05447
4.17725
3.13843
2.14359
0


metaMDBG toMinspace  /var/folders/zg/vq0dnx517c54hg87dyqjky740000gn/T/.tmpwTqywI/tmp/ /var/folders/zg/vq0dnx517c54hg87dyqjky740000gn/T/.tmpwTqywI/tmp//contigs.nodepath /var/folders/zg/vq0dnx517c54hg87dyqjky740000gn/T/.tmpwTqywI/tmp//unitig_data.txt --threads 10

Input dir: /var/folders/zg/vq0dnx517c54hg87dyqjky740000gn/T/.tmpwTqywI/tmp/
Minimizer length: 15
Kminmer length: 73
Density: 0.005

Loading unitig sequences

Creating mContigs

Contig filename: /var/folders/zg/vq0dnx517c54hg87dyqjky740000gn/T/.tmpwTqywI/tmp//unitig_data.txt
pass done: 73
Multi-k pass: 74/209


metaMDBG graph /var/folders/zg/vq0dnx517c54hg87dyqjky740000gn/T/.tmpwTqywI/tmp/ --threads 10 --corrected-read 

Contig filename: 
Output dir: /var/folders/zg/vq0dnx517c54hg87dyqjky740000gn/T/.tmpwTqywI/tmp/
Minimizer length: 15
Kminmer length: 74
Density: 0.005
Min abundance: 0

Loading refined abundances
	Duration: 0
Collecting kminmers
Building mdbg
Duration: 0
Nb solid kminmers: 35136
Nb small contigs written: 0
Dump kminmer abundances
	Duration: 0
Indexing edges
Edge index size: 35092
Edge index elements: 63062
	Duration: 0
Compute unitig nodes
	Duration: 0
Index unitig edges
	Duration: 0
Compute unitig edges
	Duration: 0
Dump unitig abundances
	Duration: 0
Nb edges:   0


metaMDBG contig  /var/folders/zg/vq0dnx517c54hg87dyqjky740000gn/T/.tmpwTqywI/tmp/ --threads 10

Input dir: /var/folders/zg/vq0dnx517c54hg87dyqjky740000gn/T/.tmpwTqywI/tmp/
Minimizer length: 15
Kminmer length: 74
Density: 0.005

Loading unitig graph
Load unitigs
Nb unitigs: 1002
Nb minimizers: 108282
Add unitig abundances
Sorting abundances
Add unitig edges
Nb unitig edges: 2106
Sorting unitig edges
Done loading unitig graph
Simplifying
Max abundance: 43
Nb unitigs: 1002
Superbubble
Nb superbubble removed: 36 0 (0s)
Tip
Nb Tip removed: 277 (0s)
Superbubble
Nb superbubble removed: 84 0 (0s)
Tip
Nb Tip removed: 0 (0s)
Nb errors removed: 184 (0s)
Superbubble
Nb superbubble removed: 12 0 (0s)
Tip
Nb Tip removed: 3 (0s)
Superbubble
Nb superbubble removed: 0 0 (0s)
Tip
Nb Tip removed: 0 (0s)
Nb errors removed: 63 (0s)
Superbubble
Nb superbubble removed: 0 0 (0s)
Tip
Nb Tip removed: 2 (0s)
Superbubble
Nb superbubble removed: 0 0 (0s)
Tip
Nb Tip removed: 0 (0s)
Nb errors removed: 35 (0s)
Superbubble
Nb superbubble removed: 0 0 (0s)
Tip
Nb Tip removed: 0 (0s)
Nb errors removed: 29 (0s)
Superbubble
Nb superbubble removed: 2 0 (0s)
Tip
Nb Tip removed: 0 (0s)
Nb errors removed: 14 (0s)
Superbubble
Nb superbubble removed: 0 0 (0s)
Tip
Nb Tip removed: 0 (0s)
Nb errors removed: 23 (0s)
Superbubble
Nb superbubble removed: 0 0 (0s)
Tip
Nb Tip removed: 0 (0s)
Nb errors removed: 9 (0s)
Superbubble
Nb superbubble removed: 4 0 (0s)
Tip
Nb Tip removed: 0 (0s)
Nb errors removed: 12 (0s)
Superbubble
Nb superbubble removed: 0 0 (0s)
Tip
Nb Tip removed: 0 (0s)
Nb errors removed: 6 (0s)
Superbubble
Nb superbubble removed: 0 0 (0s)
Tip
Nb Tip removed: 0 (0s)
Nb errors removed: 2 (0s)
Superbubble
Nb superbubble removed: 0 0 (0s)
Tip
Nb Tip removed: 0 (0s)
Nb errors removed: 5 (0s)
Superbubble
Nb superbubble removed: 0 0 (0s)
Tip
Nb Tip removed: 0 (0s)
Nb errors removed: 1 (0s)
Superbubble
Nb superbubble removed: 0 0 (0s)
Tip
Nb Tip removed: 0 (0s)
Nb errors removed: 1 (0s)
Superbubble
Nb superbubble removed: 0 0 (0s)
Tip
Nb Tip removed: 0 (0s)
Nb errors removed: 2 (0s)
Superbubble
Nb superbubble removed: 0 0 (0s)
Tip
Nb Tip removed: 0 (0s)
Nb errors removed: 1 (0s)
Superbubble
Nb superbubble removed: 0 0 (0s)
Tip
Nb Tip removed: 0 (0s)
Nb errors removed: 2 (0s)
Superbubble
Nb superbubble removed: 0 0 (0s)
Tip
Nb Tip removed: 0 (0s)
Checksum: 0
Checksum abundnace: 0
Generating contigs
45.2593
28.1025
21.1138
17.4494
14.421
13.11
11.9182
10.8347
9.84974
8.14028
7.40025
6.11591
5.05447
4.17725
3.13843
2.14359
0


metaMDBG toMinspace  /var/folders/zg/vq0dnx517c54hg87dyqjky740000gn/T/.tmpwTqywI/tmp/ /var/folders/zg/vq0dnx517c54hg87dyqjky740000gn/T/.tmpwTqywI/tmp//contigs.nodepath /var/folders/zg/vq0dnx517c54hg87dyqjky740000gn/T/.tmpwTqywI/tmp//unitig_data.txt --threads 10

Input dir: /var/folders/zg/vq0dnx517c54hg87dyqjky740000gn/T/.tmpwTqywI/tmp/
Minimizer length: 15
Kminmer length: 74
Density: 0.005

Loading unitig sequences

Creating mContigs

Contig filename: /var/folders/zg/vq0dnx517c54hg87dyqjky740000gn/T/.tmpwTqywI/tmp//unitig_data.txt
pass done: 74
Multi-k pass: 75/209


metaMDBG graph /var/folders/zg/vq0dnx517c54hg87dyqjky740000gn/T/.tmpwTqywI/tmp/ --threads 10 --corrected-read 

Contig filename: 
Output dir: /var/folders/zg/vq0dnx517c54hg87dyqjky740000gn/T/.tmpwTqywI/tmp/
Minimizer length: 15
Kminmer length: 75
Density: 0.005
Min abundance: 0

Loading refined abundances
	Duration: 0
Collecting kminmers
Building mdbg
Duration: 0
Nb solid kminmers: 35179
Nb small contigs written: 0
Dump kminmer abundances
	Duration: 0
Indexing edges
Edge index size: 35133
Edge index elements: 63041
	Duration: 0
Compute unitig nodes
	Duration: 0
Index unitig edges
	Duration: 0
Compute unitig edges
	Duration: 0
Dump unitig abundances
	Duration: 0
Nb edges:   0


metaMDBG contig  /var/folders/zg/vq0dnx517c54hg87dyqjky740000gn/T/.tmpwTqywI/tmp/ --threads 10

Input dir: /var/folders/zg/vq0dnx517c54hg87dyqjky740000gn/T/.tmpwTqywI/tmp/
Minimizer length: 15
Kminmer length: 75
Density: 0.005

Loading unitig graph
Load unitigs
Nb unitigs: 1006
Nb minimizers: 109623
Add unitig abundances
Sorting abundances
Add unitig edges
Nb unitig edges: 2108
Sorting unitig edges
Done loading unitig graph
Simplifying
Max abundance: 43
Nb unitigs: 1006
Superbubble
Nb superbubble removed: 36 0 (0s)
Tip
Nb Tip removed: 280 (0s)
Superbubble
Nb superbubble removed: 80 0 (0s)
Tip
Nb Tip removed: 0 (0s)
Nb errors removed: 184 (0s)
Superbubble
Nb superbubble removed: 12 0 (0s)
Tip
Nb Tip removed: 3 (0s)
Superbubble
Nb superbubble removed: 0 0 (0s)
Tip
Nb Tip removed: 0 (0s)
Nb errors removed: 63 (0s)
Superbubble
Nb superbubble removed: 0 0 (0s)
Tip
Nb Tip removed: 2 (0s)
Superbubble
Nb superbubble removed: 0 0 (0s)
Tip
Nb Tip removed: 0 (0s)
Nb errors removed: 36 (0s)
Superbubble
Nb superbubble removed: 0 0 (0s)
Tip
Nb Tip removed: 0 (0s)
Nb errors removed: 29 (0s)
Superbubble
Nb superbubble removed: 2 0 (0s)
Tip
Nb Tip removed: 0 (0s)
Nb errors removed: 14 (0s)
Superbubble
Nb superbubble removed: 0 0 (0s)
Tip
Nb Tip removed: 0 (0s)
Nb errors removed: 23 (0s)
Superbubble
Nb superbubble removed: 0 0 (0s)
Tip
Nb Tip removed: 0 (0s)
Nb errors removed: 9 (0s)
Superbubble
Nb superbubble removed: 4 0 (0s)
Tip
Nb Tip removed: 0 (0s)
Nb errors removed: 12 (0s)
Superbubble
Nb superbubble removed: 0 0 (0s)
Tip
Nb Tip removed: 0 (0s)
Nb errors removed: 6 (0s)
Superbubble
Nb superbubble removed: 0 0 (0s)
Tip
Nb Tip removed: 0 (0s)
Nb errors removed: 2 (0s)
Superbubble
Nb superbubble removed: 0 0 (0s)
Tip
Nb Tip removed: 0 (0s)
Nb errors removed: 5 (0s)
Superbubble
Nb superbubble removed: 0 0 (0s)
Tip
Nb Tip removed: 0 (0s)
Nb errors removed: 1 (0s)
Superbubble
Nb superbubble removed: 0 0 (0s)
Tip
Nb Tip removed: 0 (0s)
Nb errors removed: 1 (0s)
Superbubble
Nb superbubble removed: 0 0 (0s)
Tip
Nb Tip removed: 0 (0s)
Nb errors removed: 2 (0s)
Superbubble
Nb superbubble removed: 0 0 (0s)
Tip
Nb Tip removed: 0 (0s)
Nb errors removed: 1 (0s)
Superbubble
Nb superbubble removed: 0 0 (0s)
Tip
Nb Tip removed: 0 (0s)
Nb errors removed: 2 (0s)
Superbubble
Nb superbubble removed: 0 0 (0s)
Tip
Nb Tip removed: 0 (0s)
Checksum: 0
Checksum abundnace: 0
Generating contigs
45.2593
28.1025
21.1138
17.4494
14.421
13.11
11.9182
10.8347
9.84974
8.14028
7.40025
6.11591
5.05447
4.17725
3.13843
2.14359
0


metaMDBG toMinspace  /var/folders/zg/vq0dnx517c54hg87dyqjky740000gn/T/.tmpwTqywI/tmp/ /var/folders/zg/vq0dnx517c54hg87dyqjky740000gn/T/.tmpwTqywI/tmp//contigs.nodepath /var/folders/zg/vq0dnx517c54hg87dyqjky740000gn/T/.tmpwTqywI/tmp//unitig_data.txt --threads 10

Input dir: /var/folders/zg/vq0dnx517c54hg87dyqjky740000gn/T/.tmpwTqywI/tmp/
Minimizer length: 15
Kminmer length: 75
Density: 0.005

Loading unitig sequences

Creating mContigs

Contig filename: /var/folders/zg/vq0dnx517c54hg87dyqjky740000gn/T/.tmpwTqywI/tmp//unitig_data.txt
pass done: 75
Multi-k pass: 76/209


metaMDBG graph /var/folders/zg/vq0dnx517c54hg87dyqjky740000gn/T/.tmpwTqywI/tmp/ --threads 10 --corrected-read 

Contig filename: 
Output dir: /var/folders/zg/vq0dnx517c54hg87dyqjky740000gn/T/.tmpwTqywI/tmp/
Minimizer length: 15
Kminmer length: 76
Density: 0.005
Min abundance: 0

Loading refined abundances
	Duration: 0
Collecting kminmers
Building mdbg
Duration: 0
Nb solid kminmers: 35219
Nb small contigs written: 0
Dump kminmer abundances
	Duration: 0
Indexing edges
Edge index size: 35177
Edge index elements: 63271
	Duration: 0
Compute unitig nodes
	Duration: 0
Index unitig edges
	Duration: 0
Compute unitig edges
	Duration: 0
Dump unitig abundances
	Duration: 0
Nb edges:   0


metaMDBG contig  /var/folders/zg/vq0dnx517c54hg87dyqjky740000gn/T/.tmpwTqywI/tmp/ --threads 10

Input dir: /var/folders/zg/vq0dnx517c54hg87dyqjky740000gn/T/.tmpwTqywI/tmp/
Minimizer length: 15
Kminmer length: 76
Density: 0.005

Loading unitig graph
Load unitigs
Nb unitigs: 999
Nb minimizers: 110144
Add unitig abundances
Sorting abundances
Add unitig edges
Nb unitig edges: 2084
Sorting unitig edges
Done loading unitig graph
Simplifying
Max abundance: 43
Nb unitigs: 999
Superbubble
Nb superbubble removed: 38 0 (0s)
Tip
Nb Tip removed: 280 (0s)
Superbubble
Nb superbubble removed: 76 0 (0s)
Tip
Nb Tip removed: 0 (0s)
Nb errors removed: 183 (0s)
Superbubble
Nb superbubble removed: 12 0 (0s)
Tip
Nb Tip removed: 3 (0s)
Superbubble
Nb superbubble removed: 0 0 (0s)
Tip
Nb Tip removed: 0 (0s)
Nb errors removed: 65 (0s)
Superbubble
Nb superbubble removed: 0 0 (0s)
Tip
Nb Tip removed: 2 (0s)
Superbubble
Nb superbubble removed: 0 0 (0s)
Tip
Nb Tip removed: 0 (0s)
Nb errors removed: 36 (0s)
Superbubble
Nb superbubble removed: 0 0 (0s)
Tip
Nb Tip removed: 0 (0s)
Nb errors removed: 28 (0s)
Superbubble
Nb superbubble removed: 2 0 (0s)
Tip
Nb Tip removed: 0 (0s)
Nb errors removed: 14 (0s)
Superbubble
Nb superbubble removed: 0 0 (0s)
Tip
Nb Tip removed: 0 (0s)
Nb errors removed: 23 (0s)
Superbubble
Nb superbubble removed: 0 0 (0s)
Tip
Nb Tip removed: 0 (0s)
Nb errors removed: 9 (0s)
Superbubble
Nb superbubble removed: 4 0 (0s)
Tip
Nb Tip removed: 0 (0s)
Nb errors removed: 13 (0s)
Superbubble
Nb superbubble removed: 0 0 (0s)
Tip
Nb Tip removed: 0 (0s)
Nb errors removed: 6 (0s)
Superbubble
Nb superbubble removed: 0 0 (0s)
Tip
Nb Tip removed: 0 (0s)
Nb errors removed: 2 (0s)
Superbubble
Nb superbubble removed: 0 0 (0s)
Tip
Nb Tip removed: 0 (0s)
Nb errors removed: 5 (0s)
Superbubble
Nb superbubble removed: 0 0 (0s)
Tip
Nb Tip removed: 0 (0s)
Nb errors removed: 1 (0s)
Superbubble
Nb superbubble removed: 0 0 (0s)
Tip
Nb Tip removed: 0 (0s)
Nb errors removed: 1 (0s)
Superbubble
Nb superbubble removed: 0 0 (0s)
Tip
Nb Tip removed: 0 (0s)
Nb errors removed: 2 (0s)
Superbubble
Nb superbubble removed: 0 0 (0s)
Tip
Nb Tip removed: 0 (0s)
Nb errors removed: 1 (0s)
Superbubble
Nb superbubble removed: 0 0 (0s)
Tip
Nb Tip removed: 0 (0s)
Nb errors removed: 2 (0s)
Superbubble
Nb superbubble removed: 0 0 (0s)
Tip
Nb Tip removed: 0 (0s)
Checksum: 0
Checksum abundnace: 0
Generating contigs
45.2593
28.1025
21.1138
17.4494
14.421
13.11
11.9182
10.8347
9.84974
8.14028
7.40025
6.11591
5.05447
4.17725
3.13843
2.14359
0


metaMDBG toMinspace  /var/folders/zg/vq0dnx517c54hg87dyqjky740000gn/T/.tmpwTqywI/tmp/ /var/folders/zg/vq0dnx517c54hg87dyqjky740000gn/T/.tmpwTqywI/tmp//contigs.nodepath /var/folders/zg/vq0dnx517c54hg87dyqjky740000gn/T/.tmpwTqywI/tmp//unitig_data.txt --threads 10

Input dir: /var/folders/zg/vq0dnx517c54hg87dyqjky740000gn/T/.tmpwTqywI/tmp/
Minimizer length: 15
Kminmer length: 76
Density: 0.005

Loading unitig sequences

Creating mContigs

Contig filename: /var/folders/zg/vq0dnx517c54hg87dyqjky740000gn/T/.tmpwTqywI/tmp//unitig_data.txt
pass done: 76
Multi-k pass: 77/209


metaMDBG graph /var/folders/zg/vq0dnx517c54hg87dyqjky740000gn/T/.tmpwTqywI/tmp/ --threads 10 --corrected-read 

Contig filename: 
Output dir: /var/folders/zg/vq0dnx517c54hg87dyqjky740000gn/T/.tmpwTqywI/tmp/
Minimizer length: 15
Kminmer length: 77
Density: 0.005
Min abundance: 0

Loading refined abundances
	Duration: 0
Collecting kminmers
Building mdbg
Duration: 0
Nb solid kminmers: 35255
Nb small contigs written: 0
Dump kminmer abundances
	Duration: 0
Indexing edges
Edge index size: 35218
Edge index elements: 63633
	Duration: 0
Compute unitig nodes
	Duration: 0
Index unitig edges
	Duration: 0
Compute unitig edges
	Duration: 0
Dump unitig abundances
	Duration: 0
Nb edges:   0


metaMDBG contig  /var/folders/zg/vq0dnx517c54hg87dyqjky740000gn/T/.tmpwTqywI/tmp/ --threads 10

Input dir: /var/folders/zg/vq0dnx517c54hg87dyqjky740000gn/T/.tmpwTqywI/tmp/
Minimizer length: 15
Kminmer length: 77
Density: 0.005

Loading unitig graph
Load unitigs
Nb unitigs: 989
Nb minimizers: 110419
Add unitig abundances
Sorting abundances
Add unitig edges
Nb unitig edges: 2056
Sorting unitig edges
Done loading unitig graph
Simplifying
Max abundance: 43
Nb unitigs: 989
Superbubble
Nb superbubble removed: 36 0 (0s)
Tip
Nb Tip removed: 283 (0s)
Superbubble
Nb superbubble removed: 78 0 (0s)
Tip
Nb Tip removed: 0 (0s)
Nb errors removed: 181 (0s)
Superbubble
Nb superbubble removed: 12 0 (0s)
Tip
Nb Tip removed: 0 (0s)
Nb errors removed: 68 (0s)
Superbubble
Nb superbubble removed: 0 0 (0s)
Tip
Nb Tip removed: 2 (0s)
Superbubble
Nb superbubble removed: 0 0 (0s)
Tip
Nb Tip removed: 0 (0s)
Nb errors removed: 36 (0s)
Superbubble
Nb superbubble removed: 0 0 (0s)
Tip
Nb Tip removed: 0 (0s)
Nb errors removed: 28 (0s)
Superbubble
Nb superbubble removed: 2 0 (0s)
Tip
Nb Tip removed: 0 (0s)
Nb errors removed: 14 (0s)
Superbubble
Nb superbubble removed: 0 0 (0s)
Tip
Nb Tip removed: 0 (0s)
Nb errors removed: 23 (0s)
Superbubble
Nb superbubble removed: 0 0 (0s)
Tip
Nb Tip removed: 0 (0s)
Nb errors removed: 9 (0s)
Superbubble
Nb superbubble removed: 4 0 (0s)
Tip
Nb Tip removed: 0 (0s)
Nb errors removed: 13 (0s)
Superbubble
Nb superbubble removed: 0 0 (0s)
Tip
Nb Tip removed: 0 (0s)
Nb errors removed: 6 (0s)
Superbubble
Nb superbubble removed: 0 0 (0s)
Tip
Nb Tip removed: 0 (0s)
Nb errors removed: 2 (0s)
Superbubble
Nb superbubble removed: 0 0 (0s)
Tip
Nb Tip removed: 0 (0s)
Nb errors removed: 5 (0s)
Superbubble
Nb superbubble removed: 0 0 (0s)
Tip
Nb Tip removed: 0 (0s)
Nb errors removed: 1 (0s)
Superbubble
Nb superbubble removed: 0 0 (0s)
Tip
Nb Tip removed: 0 (0s)
Nb errors removed: 1 (0s)
Superbubble
Nb superbubble removed: 0 0 (0s)
Tip
Nb Tip removed: 0 (0s)
Nb errors removed: 2 (0s)
Superbubble
Nb superbubble removed: 0 0 (0s)
Tip
Nb Tip removed: 0 (0s)
Nb errors removed: 1 (0s)
Superbubble
Nb superbubble removed: 0 0 (0s)
Tip
Nb Tip removed: 0 (0s)
Nb errors removed: 2 (0s)
Superbubble
Nb superbubble removed: 0 0 (0s)
Tip
Nb Tip removed: 0 (0s)
Checksum: 0
Checksum abundnace: 0
Generating contigs
45.2593
28.1025
21.1138
17.4494
14.421
13.11
11.9182
10.8347
9.84974
8.14028
7.40025
6.11591
5.05447
4.17725
3.13843
2.14359
0


metaMDBG toMinspace  /var/folders/zg/vq0dnx517c54hg87dyqjky740000gn/T/.tmpwTqywI/tmp/ /var/folders/zg/vq0dnx517c54hg87dyqjky740000gn/T/.tmpwTqywI/tmp//contigs.nodepath /var/folders/zg/vq0dnx517c54hg87dyqjky740000gn/T/.tmpwTqywI/tmp//unitig_data.txt --threads 10

Input dir: /var/folders/zg/vq0dnx517c54hg87dyqjky740000gn/T/.tmpwTqywI/tmp/
Minimizer length: 15
Kminmer length: 77
Density: 0.005

Loading unitig sequences

Creating mContigs

Contig filename: /var/folders/zg/vq0dnx517c54hg87dyqjky740000gn/T/.tmpwTqywI/tmp//unitig_data.txt
pass done: 77
Multi-k pass: 78/209


metaMDBG graph /var/folders/zg/vq0dnx517c54hg87dyqjky740000gn/T/.tmpwTqywI/tmp/ --threads 10 --corrected-read 

Contig filename: 
Output dir: /var/folders/zg/vq0dnx517c54hg87dyqjky740000gn/T/.tmpwTqywI/tmp/
Minimizer length: 15
Kminmer length: 78
Density: 0.005
Min abundance: 0

Loading refined abundances
	Duration: 0
Collecting kminmers
Building mdbg
Duration: 0
Nb solid kminmers: 35282
Nb small contigs written: 0
Dump kminmer abundances
	Duration: 0
Indexing edges
Edge index size: 35253
Edge index elements: 63457
	Duration: 0
Compute unitig nodes
	Duration: 0
Index unitig edges
	Duration: 0
Compute unitig edges
	Duration: 0
Dump unitig abundances
	Duration: 0
Nb edges:   0


metaMDBG contig  /var/folders/zg/vq0dnx517c54hg87dyqjky740000gn/T/.tmpwTqywI/tmp/ --threads 10

Input dir: /var/folders/zg/vq0dnx517c54hg87dyqjky740000gn/T/.tmpwTqywI/tmp/
Minimizer length: 15
Kminmer length: 78
Density: 0.005

Loading unitig graph
Load unitigs
Nb unitigs: 976
Nb minimizers: 110434
Add unitig abundances
Sorting abundances
Add unitig edges
Nb unitig edges: 2016
Sorting unitig edges
Done loading unitig graph
Simplifying
Max abundance: 43
Nb unitigs: 976
Superbubble
Nb superbubble removed: 30 0 (0s)
Tip
Nb Tip removed: 285 (0s)
Superbubble
Nb superbubble removed: 82 0 (0s)
Tip
Nb Tip removed: 0 (0s)
Nb errors removed: 181 (0s)
Superbubble
Nb superbubble removed: 16 0 (0s)
Tip
Nb Tip removed: 0 (0s)
Nb errors removed: 69 (0s)
Superbubble
Nb superbubble removed: 0 0 (0s)
Tip
Nb Tip removed: 0 (0s)
Nb errors removed: 40 (0s)
Superbubble
Nb superbubble removed: 0 0 (0s)
Tip
Nb Tip removed: 0 (0s)
Nb errors removed: 26 (0s)
Superbubble
Nb superbubble removed: 2 0 (0s)
Tip
Nb Tip removed: 0 (0s)
Nb errors removed: 13 (0s)
Superbubble
Nb superbubble removed: 0 0 (0s)
Tip
Nb Tip removed: 0 (0s)
Nb errors removed: 23 (0s)
Superbubble
Nb superbubble removed: 0 0 (0s)
Tip
Nb Tip removed: 0 (0s)
Nb errors removed: 10 (0s)
Superbubble
Nb superbubble removed: 4 0 (0s)
Tip
Nb Tip removed: 0 (0s)
Nb errors removed: 11 (0s)
Superbubble
Nb superbubble removed: 0 0 (0s)
Tip
Nb Tip removed: 0 (0s)
Nb errors removed: 6 (0s)
Superbubble
Nb superbubble removed: 0 0 (0s)
Tip
Nb Tip removed: 0 (0s)
Nb errors removed: 2 (0s)
Superbubble
Nb superbubble removed: 0 0 (0s)
Tip
Nb Tip removed: 0 (0s)
Nb errors removed: 5 (0s)
Superbubble
Nb superbubble removed: 0 0 (0s)
Tip
Nb Tip removed: 0 (0s)
Nb errors removed: 1 (0s)
Superbubble
Nb superbubble removed: 0 0 (0s)
Tip
Nb Tip removed: 0 (0s)
Nb errors removed: 1 (0s)
Superbubble
Nb superbubble removed: 0 0 (0s)
Tip
Nb Tip removed: 0 (0s)
Nb errors removed: 2 (0s)
Superbubble
Nb superbubble removed: 0 0 (0s)
Tip
Nb Tip removed: 0 (0s)
Nb errors removed: 1 (0s)
Superbubble
Nb superbubble removed: 0 0 (0s)
Tip
Nb Tip removed: 0 (0s)
Nb errors removed: 2 (0s)
Superbubble
Nb superbubble removed: 0 0 (0s)
Tip
Nb Tip removed: 0 (0s)
Checksum: 0
Checksum abundnace: 0
Generating contigs
45.2593
28.1025
21.1138
17.4494
14.421
13.11
11.9182
10.8347
9.84974
8.14028
7.40025
6.11591
5.05447
4.17725
3.13843
2.14359
0


metaMDBG toMinspace  /var/folders/zg/vq0dnx517c54hg87dyqjky740000gn/T/.tmpwTqywI/tmp/ /var/folders/zg/vq0dnx517c54hg87dyqjky740000gn/T/.tmpwTqywI/tmp//contigs.nodepath /var/folders/zg/vq0dnx517c54hg87dyqjky740000gn/T/.tmpwTqywI/tmp//unitig_data.txt --threads 10

Input dir: /var/folders/zg/vq0dnx517c54hg87dyqjky740000gn/T/.tmpwTqywI/tmp/
Minimizer length: 15
Kminmer length: 78
Density: 0.005

Loading unitig sequences

Creating mContigs

Contig filename: /var/folders/zg/vq0dnx517c54hg87dyqjky740000gn/T/.tmpwTqywI/tmp//unitig_data.txt
pass done: 78
Multi-k pass: 79/209


metaMDBG graph /var/folders/zg/vq0dnx517c54hg87dyqjky740000gn/T/.tmpwTqywI/tmp/ --threads 10 --corrected-read 

Contig filename: 
Output dir: /var/folders/zg/vq0dnx517c54hg87dyqjky740000gn/T/.tmpwTqywI/tmp/
Minimizer length: 15
Kminmer length: 79
Density: 0.005
Min abundance: 0

Loading refined abundances
	Duration: 0
Collecting kminmers
Building mdbg
Duration: 0
Nb solid kminmers: 35307
Nb small contigs written: 0
Dump kminmer abundances
	Duration: 0
Indexing edges
Edge index size: 35275
Edge index elements: 63588
	Duration: 0
Compute unitig nodes
	Duration: 0
Index unitig edges
	Duration: 0
Compute unitig edges
	Duration: 0
Dump unitig abundances
	Duration: 0
Nb edges:   0


metaMDBG contig  /var/folders/zg/vq0dnx517c54hg87dyqjky740000gn/T/.tmpwTqywI/tmp/ --threads 10

Input dir: /var/folders/zg/vq0dnx517c54hg87dyqjky740000gn/T/.tmpwTqywI/tmp/
Minimizer length: 15
Kminmer length: 79
Density: 0.005

Loading unitig graph
Load unitigs
Nb unitigs: 966
Nb minimizers: 110655
Add unitig abundances
Sorting abundances
Add unitig edges
Nb unitig edges: 2000
Sorting unitig edges
Done loading unitig graph
Simplifying
Max abundance: 43
Nb unitigs: 966
Superbubble
Nb superbubble removed: 30 0 (0s)
Tip
Nb Tip removed: 283 (0s)
Superbubble
Nb superbubble removed: 80 0 (0s)
Tip
Nb Tip removed: 0 (0s)
Nb errors removed: 176 (0s)
Superbubble
Nb superbubble removed: 12 0 (0s)
Tip
Nb Tip removed: 0 (0s)
Nb errors removed: 69 (0s)
Superbubble
Nb superbubble removed: 2 0 (0s)
Tip
Nb Tip removed: 2 (0s)
Superbubble
Nb superbubble removed: 0 0 (0s)
Tip
Nb Tip removed: 0 (0s)
Nb errors removed: 39 (0s)
Superbubble
Nb superbubble removed: 0 0 (0s)
Tip
Nb Tip removed: 0 (0s)
Nb errors removed: 27 (0s)
Superbubble
Nb superbubble removed: 2 0 (0s)
Tip
Nb Tip removed: 0 (0s)
Nb errors removed: 13 (0s)
Superbubble
Nb superbubble removed: 0 0 (0s)
Tip
Nb Tip removed: 0 (0s)
Nb errors removed: 23 (0s)
Superbubble
Nb superbubble removed: 0 0 (0s)
Tip
Nb Tip removed: 0 (0s)
Nb errors removed: 10 (0s)
Superbubble
Nb superbubble removed: 4 0 (0s)
Tip
Nb Tip removed: 0 (0s)
Nb errors removed: 12 (0s)
Superbubble
Nb superbubble removed: 0 0 (0s)
Tip
Nb Tip removed: 0 (0s)
Nb errors removed: 6 (0s)
Superbubble
Nb superbubble removed: 0 0 (0s)
Tip
Nb Tip removed: 0 (0s)
Nb errors removed: 2 (0s)
Superbubble
Nb superbubble removed: 0 0 (0s)
Tip
Nb Tip removed: 0 (0s)
Nb errors removed: 5 (0s)
Superbubble
Nb superbubble removed: 0 0 (0s)
Tip
Nb Tip removed: 0 (0s)
Nb errors removed: 1 (0s)
Superbubble
Nb superbubble removed: 0 0 (0s)
Tip
Nb Tip removed: 0 (0s)
Nb errors removed: 1 (0s)
Superbubble
Nb superbubble removed: 0 0 (0s)
Tip
Nb Tip removed: 0 (0s)
Nb errors removed: 2 (0s)
Superbubble
Nb superbubble removed: 0 0 (0s)
Tip
Nb Tip removed: 0 (0s)
Nb errors removed: 1 (0s)
Superbubble
Nb superbubble removed: 0 0 (0s)
Tip
Nb Tip removed: 0 (0s)
Nb errors removed: 2 (0s)
Superbubble
Nb superbubble removed: 0 0 (0s)
Tip
Nb Tip removed: 0 (0s)
Checksum: 0
Checksum abundnace: 0
Generating contigs
45.2593
28.1025
21.1138
17.4494
14.421
13.11
11.9182
10.8347
9.84974
8.14028
7.40025
6.11591
5.05447
4.17725
3.13843
2.14359
0


metaMDBG toMinspace  /var/folders/zg/vq0dnx517c54hg87dyqjky740000gn/T/.tmpwTqywI/tmp/ /var/folders/zg/vq0dnx517c54hg87dyqjky740000gn/T/.tmpwTqywI/tmp//contigs.nodepath /var/folders/zg/vq0dnx517c54hg87dyqjky740000gn/T/.tmpwTqywI/tmp//unitig_data.txt --threads 10

Input dir: /var/folders/zg/vq0dnx517c54hg87dyqjky740000gn/T/.tmpwTqywI/tmp/
Minimizer length: 15
Kminmer length: 79
Density: 0.005

Loading unitig sequences

Creating mContigs

Contig filename: /var/folders/zg/vq0dnx517c54hg87dyqjky740000gn/T/.tmpwTqywI/tmp//unitig_data.txt
pass done: 79
Multi-k pass: 80/209


metaMDBG graph /var/folders/zg/vq0dnx517c54hg87dyqjky740000gn/T/.tmpwTqywI/tmp/ --threads 10 --corrected-read 

Contig filename: 
Output dir: /var/folders/zg/vq0dnx517c54hg87dyqjky740000gn/T/.tmpwTqywI/tmp/
Minimizer length: 15
Kminmer length: 80
Density: 0.005
Min abundance: 0

Loading refined abundances
	Duration: 0
Collecting kminmers
Building mdbg
Duration: 0
Nb solid kminmers: 35332
Nb small contigs written: 0
Dump kminmer abundances
	Duration: 0
Indexing edges
Edge index size: 35305
Edge index elements: 63740
	Duration: 0
Compute unitig nodes
	Duration: 0
Index unitig edges
	Duration: 0
Compute unitig edges
	Duration: 0
Dump unitig abundances
	Duration: 0
Nb edges:   0


metaMDBG contig  /var/folders/zg/vq0dnx517c54hg87dyqjky740000gn/T/.tmpwTqywI/tmp/ --threads 10

Input dir: /var/folders/zg/vq0dnx517c54hg87dyqjky740000gn/T/.tmpwTqywI/tmp/
Minimizer length: 15
Kminmer length: 80
Density: 0.005

Loading unitig graph
Load unitigs
Nb unitigs: 955
Nb minimizers: 110777
Add unitig abundances
Sorting abundances
Add unitig edges
Nb unitig edges: 1968
Sorting unitig edges
Done loading unitig graph
Simplifying
Max abundance: 43
Nb unitigs: 955
Superbubble
Nb superbubble removed: 28 0 (0s)
Tip
Nb Tip removed: 287 (0s)
Superbubble
Nb superbubble removed: 84 0 (0s)
Tip
Nb Tip removed: 0 (0s)
Nb errors removed: 174 (0s)
Superbubble
Nb superbubble removed: 12 0 (0s)
Tip
Nb Tip removed: 0 (0s)
Nb errors removed: 67 (0s)
Superbubble
Nb superbubble removed: 0 0 (0s)
Tip
Nb Tip removed: 0 (0s)
Nb errors removed: 40 (0s)
Superbubble
Nb superbubble removed: 0 0 (0s)
Tip
Nb Tip removed: 0 (0s)
Nb errors removed: 29 (0s)
Superbubble
Nb superbubble removed: 0 0 (0s)
Tip
Nb Tip removed: 1 (0s)
Superbubble
Nb superbubble removed: 0 0 (0s)
Tip
Nb Tip removed: 0 (0s)
Nb errors removed: 13 (0s)
Superbubble
Nb superbubble removed: 0 0 (0s)
Tip
Nb Tip removed: 0 (0s)
Nb errors removed: 24 (0s)
Superbubble
Nb superbubble removed: 0 0 (0s)
Tip
Nb Tip removed: 0 (0s)
Nb errors removed: 10 (0s)
Superbubble
Nb superbubble removed: 0 0 (0s)
Tip
Nb Tip removed: 0 (0s)
Nb errors removed: 12 (0s)
Superbubble
Nb superbubble removed: 0 0 (0s)
Tip
Nb Tip removed: 0 (0s)
Nb errors removed: 6 (0s)
Superbubble
Nb superbubble removed: 0 0 (0s)
Tip
Nb Tip removed: 0 (0s)
Nb errors removed: 5 (0s)
Superbubble
Nb superbubble removed: 4 0 (0s)
Tip
Nb Tip removed: 0 (0s)
Nb errors removed: 5 (0s)
Superbubble
Nb superbubble removed: 0 0 (0s)
Tip
Nb Tip removed: 0 (0s)
Nb errors removed: 1 (0s)
Superbubble
Nb superbubble removed: 0 0 (0s)
Tip
Nb Tip removed: 0 (0s)
Nb errors removed: 1 (0s)
Superbubble
Nb superbubble removed: 0 0 (0s)
Tip
Nb Tip removed: 0 (0s)
Nb errors removed: 2 (0s)
Superbubble
Nb superbubble removed: 0 0 (0s)
Tip
Nb Tip removed: 0 (0s)
Nb errors removed: 1 (0s)
Superbubble
Nb superbubble removed: 0 0 (0s)
Tip
Nb Tip removed: 0 (0s)
Nb errors removed: 2 (0s)
Superbubble
Nb superbubble removed: 0 0 (0s)
Tip
Nb Tip removed: 0 (0s)
Checksum: 0
Checksum abundnace: 0
Generating contigs
45.2593
28.1025
21.1138
17.4494
14.421
13.11
11.9182
10.8347
9.84974
8.14028
7.40025
6.11591
5.05447
4.17725
3.13843
2.14359
0


metaMDBG toMinspace  /var/folders/zg/vq0dnx517c54hg87dyqjky740000gn/T/.tmpwTqywI/tmp/ /var/folders/zg/vq0dnx517c54hg87dyqjky740000gn/T/.tmpwTqywI/tmp//contigs.nodepath /var/folders/zg/vq0dnx517c54hg87dyqjky740000gn/T/.tmpwTqywI/tmp//unitig_data.txt --threads 10

Input dir: /var/folders/zg/vq0dnx517c54hg87dyqjky740000gn/T/.tmpwTqywI/tmp/
Minimizer length: 15
Kminmer length: 80
Density: 0.005

Loading unitig sequences

Creating mContigs

Contig filename: /var/folders/zg/vq0dnx517c54hg87dyqjky740000gn/T/.tmpwTqywI/tmp//unitig_data.txt
pass done: 80
Multi-k pass: 81/209


metaMDBG graph /var/folders/zg/vq0dnx517c54hg87dyqjky740000gn/T/.tmpwTqywI/tmp/ --threads 10 --corrected-read 

Contig filename: 
Output dir: /var/folders/zg/vq0dnx517c54hg87dyqjky740000gn/T/.tmpwTqywI/tmp/
Minimizer length: 15
Kminmer length: 81
Density: 0.005
Min abundance: 0

Loading refined abundances
	Duration: 0
Collecting kminmers
Building mdbg
Duration: 0
Nb solid kminmers: 35340
Nb small contigs written: 0
Dump kminmer abundances
	Duration: 0
Indexing edges
Edge index size: 35325
Edge index elements: 63669
	Duration: 0
Compute unitig nodes
	Duration: 0
Index unitig edges
	Duration: 0
Compute unitig edges
	Duration: 0
Dump unitig abundances
	Duration: 0
Nb edges:   0


metaMDBG contig  /var/folders/zg/vq0dnx517c54hg87dyqjky740000gn/T/.tmpwTqywI/tmp/ --threads 10 --gen-graph 

Input dir: /var/folders/zg/vq0dnx517c54hg87dyqjky740000gn/T/.tmpwTqywI/tmp/
Minimizer length: 15
Kminmer length: 81
Density: 0.005

Loading unitig graph
Load unitigs
Nb unitigs: 945
Nb minimizers: 110940
Add unitig abundances
Sorting abundances
Add unitig edges
Nb unitig edges: 1926
Sorting unitig edges
Done loading unitig graph
Simplifying
Max abundance: 43
Nb unitigs: 945
Superbubble
Nb superbubble removed: 28 0 (0s)
Tip
Nb Tip removed: 288 (0s)
Superbubble
Nb superbubble removed: 78 0 (0s)
Tip
Nb Tip removed: 0 (0s)
Saving unitig graph: /var/folders/zg/vq0dnx517c54hg87dyqjky740000gn/T/.tmpwTqywI/tmp//assembly_graph.gfa
Nb errors removed: 174 (0s)
Superbubble
Nb superbubble removed: 12 0 (0s)
Tip
Nb Tip removed: 0 (0s)
Nb errors removed: 70 (0s)
Superbubble
Nb superbubble removed: 0 0 (0s)
Tip
Nb Tip removed: 0 (0s)
Nb errors removed: 40 (0s)
Superbubble
Nb superbubble removed: 0 0 (0s)
Tip
Nb Tip removed: 0 (0s)
Nb errors removed: 28 (0s)
Superbubble
Nb superbubble removed: 0 0 (0s)
Tip
Nb Tip removed: 1 (0s)
Superbubble
Nb superbubble removed: 0 0 (0s)
Tip
Nb Tip removed: 0 (0s)
Nb errors removed: 15 (0s)
Superbubble
Nb superbubble removed: 0 0 (0s)
Tip
Nb Tip removed: 0 (0s)
Nb errors removed: 26 (0s)
Superbubble
Nb superbubble removed: 0 0 (0s)
Tip
Nb Tip removed: 0 (0s)
Nb errors removed: 10 (0s)
Superbubble
Nb superbubble removed: 0 0 (0s)
Tip
Nb Tip removed: 0 (0s)
Nb errors removed: 14 (0s)
Superbubble
Nb superbubble removed: 0 0 (0s)
Tip
Nb Tip removed: 0 (0s)
Nb errors removed: 6 (0s)
Superbubble
Nb superbubble removed: 0 0 (0s)
Tip
Nb Tip removed: 0 (0s)
Nb errors removed: 7 (0s)
Superbubble
Nb superbubble removed: 4 0 (0s)
Tip
Nb Tip removed: 0 (0s)
Nb errors removed: 7 (0s)
Superbubble
Nb superbubble removed: 0 0 (0s)
Tip
Nb Tip removed: 0 (0s)
Nb errors removed: 1 (0s)
Superbubble
Nb superbubble removed: 0 0 (0s)
Tip
Nb Tip removed: 0 (0s)
Nb errors removed: 1 (0s)
Superbubble
Nb superbubble removed: 0 0 (0s)
Tip
Nb Tip removed: 0 (0s)
Nb errors removed: 2 (0s)
Superbubble
Nb superbubble removed: 0 0 (0s)
Tip
Nb Tip removed: 0 (0s)
Nb errors removed: 1 (0s)
Superbubble
Nb superbubble removed: 0 0 (0s)
Tip
Nb Tip removed: 0 (0s)
Nb errors removed: 2 (0s)
Superbubble
Nb superbubble removed: 0 0 (0s)
Tip
Nb Tip removed: 0 (0s)
Checksum: 0
Checksum abundnace: 0
Generating contigs
45.2593
28.1025
21.1138
17.4494
14.421
13.11
11.9182
10.8347
9.84974
8.14028
7.40025
6.11591
5.05447
4.17725
3.13843
2.14359
0


metaMDBG toMinspace  /var/folders/zg/vq0dnx517c54hg87dyqjky740000gn/T/.tmpwTqywI/tmp/ /var/folders/zg/vq0dnx517c54hg87dyqjky740000gn/T/.tmpwTqywI/tmp//contigs.nodepath /var/folders/zg/vq0dnx517c54hg87dyqjky740000gn/T/.tmpwTqywI/tmp//unitig_data.txt --threads 10

Input dir: /var/folders/zg/vq0dnx517c54hg87dyqjky740000gn/T/.tmpwTqywI/tmp/
Minimizer length: 15
Kminmer length: 81
Density: 0.005

Loading unitig sequences

Creating mContigs

Contig filename: /var/folders/zg/vq0dnx517c54hg87dyqjky740000gn/T/.tmpwTqywI/tmp//unitig_data.txt


metaMDBG toMinspace  /var/folders/zg/vq0dnx517c54hg87dyqjky740000gn/T/.tmpwTqywI/tmp/ /var/folders/zg/vq0dnx517c54hg87dyqjky740000gn/T/.tmpwTqywI/tmp//assembly_graph.gfa.unitigs.nodepath /var/folders/zg/vq0dnx517c54hg87dyqjky740000gn/T/.tmpwTqywI/tmp//assembly_graph.gfa.unitigs --threads 10

Input dir: /var/folders/zg/vq0dnx517c54hg87dyqjky740000gn/T/.tmpwTqywI/tmp/
Minimizer length: 15
Kminmer length: 81
Density: 0.005

Loading unitig sequences

Creating mContigs

Contig filename: /var/folders/zg/vq0dnx517c54hg87dyqjky740000gn/T/.tmpwTqywI/tmp//assembly_graph.gfa.unitigs
pass done: 81
Multi-k pass: 82/209


metaMDBG graph /var/folders/zg/vq0dnx517c54hg87dyqjky740000gn/T/.tmpwTqywI/tmp/ --threads 10 --corrected-read 

Contig filename: 
Output dir: /var/folders/zg/vq0dnx517c54hg87dyqjky740000gn/T/.tmpwTqywI/tmp/
Minimizer length: 15
Kminmer length: 82
Density: 0.005
Min abundance: 0

Loading refined abundances
	Duration: 0
Collecting kminmers
Building mdbg
Duration: 0
Nb solid kminmers: 35349
Nb small contigs written: 0
Dump kminmer abundances
	Duration: 0
Indexing edges
Edge index size: 35336
Edge index elements: 63940
	Duration: 0
Compute unitig nodes
	Duration: 0
Index unitig edges
	Duration: 0
Compute unitig edges
	Duration: 0
Dump unitig abundances
	Duration: 0
Nb edges:   0


metaMDBG contig  /var/folders/zg/vq0dnx517c54hg87dyqjky740000gn/T/.tmpwTqywI/tmp/ --threads 10

Input dir: /var/folders/zg/vq0dnx517c54hg87dyqjky740000gn/T/.tmpwTqywI/tmp/
Minimizer length: 15
Kminmer length: 82
Density: 0.005

Loading unitig graph
Load unitigs
Nb unitigs: 935
Nb minimizers: 111084
Add unitig abundances
Sorting abundances
Add unitig edges
Nb unitig edges: 1898
Sorting unitig edges
Done loading unitig graph
Simplifying
Max abundance: 43
Nb unitigs: 935
Superbubble
Nb superbubble removed: 28 0 (0s)
Tip
Nb Tip removed: 289 (0s)
Superbubble
Nb superbubble removed: 78 0 (0s)
Tip
Nb Tip removed: 0 (0s)
Nb errors removed: 172 (0s)
Superbubble
Nb superbubble removed: 8 0 (0s)
Tip
Nb Tip removed: 0 (0s)
Nb errors removed: 70 (0s)
Superbubble
Nb superbubble removed: 0 0 (0s)
Tip
Nb Tip removed: 0 (0s)
Nb errors removed: 39 (0s)
Superbubble
Nb superbubble removed: 0 0 (0s)
Tip
Nb Tip removed: 0 (0s)
Nb errors removed: 27 (0s)
Superbubble
Nb superbubble removed: 0 0 (0s)
Tip
Nb Tip removed: 1 (0s)
Superbubble
Nb superbubble removed: 0 0 (0s)
Tip
Nb Tip removed: 0 (0s)
Nb errors removed: 15 (0s)
Superbubble
Nb superbubble removed: 0 0 (0s)
Tip
Nb Tip removed: 0 (0s)
Nb errors removed: 26 (0s)
Superbubble
Nb superbubble removed: 0 0 (0s)
Tip
Nb Tip removed: 0 (0s)
Nb errors removed: 9 (0s)
Superbubble
Nb superbubble removed: 0 0 (0s)
Tip
Nb Tip removed: 0 (0s)
Nb errors removed: 14 (0s)
Superbubble
Nb superbubble removed: 0 0 (0s)
Tip
Nb Tip removed: 0 (0s)
Nb errors removed: 6 (0s)
Superbubble
Nb superbubble removed: 0 0 (0s)
Tip
Nb Tip removed: 0 (0s)
Nb errors removed: 10 (0s)
Superbubble
Nb superbubble removed: 4 0 (0s)
Tip
Nb Tip removed: 0 (0s)
Nb errors removed: 7 (0s)
Superbubble
Nb superbubble removed: 0 0 (0s)
Tip
Nb Tip removed: 0 (0s)
Nb errors removed: 1 (0s)
Superbubble
Nb superbubble removed: 0 0 (0s)
Tip
Nb Tip removed: 0 (0s)
Nb errors removed: 1 (0s)
Superbubble
Nb superbubble removed: 0 0 (0s)
Tip
Nb Tip removed: 0 (0s)
Nb errors removed: 2 (0s)
Superbubble
Nb superbubble removed: 0 0 (0s)
Tip
Nb Tip removed: 0 (0s)
Nb errors removed: 1 (0s)
Superbubble
Nb superbubble removed: 0 0 (0s)
Tip
Nb Tip removed: 0 (0s)
Nb errors removed: 2 (0s)
Superbubble
Nb superbubble removed: 0 0 (0s)
Tip
Nb Tip removed: 0 (0s)
Checksum: 0
Checksum abundnace: 0
Generating contigs
45.2593
28.1025
21.1138
17.4494
14.421
13.11
11.9182
10.8347
9.84974
8.14028
7.40025
6.11591
5.05447
4.17725
3.13843
2.14359
0


metaMDBG toMinspace  /var/folders/zg/vq0dnx517c54hg87dyqjky740000gn/T/.tmpwTqywI/tmp/ /var/folders/zg/vq0dnx517c54hg87dyqjky740000gn/T/.tmpwTqywI/tmp//contigs.nodepath /var/folders/zg/vq0dnx517c54hg87dyqjky740000gn/T/.tmpwTqywI/tmp//unitig_data.txt --threads 10

Input dir: /var/folders/zg/vq0dnx517c54hg87dyqjky740000gn/T/.tmpwTqywI/tmp/
Minimizer length: 15
Kminmer length: 82
Density: 0.005

Loading unitig sequences

Creating mContigs

Contig filename: /var/folders/zg/vq0dnx517c54hg87dyqjky740000gn/T/.tmpwTqywI/tmp//unitig_data.txt
pass done: 82
Multi-k pass: 83/209


metaMDBG graph /var/folders/zg/vq0dnx517c54hg87dyqjky740000gn/T/.tmpwTqywI/tmp/ --threads 10 --corrected-read 

Contig filename: 
Output dir: /var/folders/zg/vq0dnx517c54hg87dyqjky740000gn/T/.tmpwTqywI/tmp/
Minimizer length: 15
Kminmer length: 83
Density: 0.005
Min abundance: 0

Loading refined abundances
	Duration: 0
Collecting kminmers
Building mdbg
Duration: 0
Nb solid kminmers: 35354
Nb small contigs written: 0
Dump kminmer abundances
	Duration: 0
Indexing edges
Edge index size: 35342
Edge index elements: 64056
	Duration: 0
Compute unitig nodes
	Duration: 0
Index unitig edges
	Duration: 0
Compute unitig edges
	Duration: 0
Dump unitig abundances
	Duration: 0
Nb edges:   0


metaMDBG contig  /var/folders/zg/vq0dnx517c54hg87dyqjky740000gn/T/.tmpwTqywI/tmp/ --threads 10

Input dir: /var/folders/zg/vq0dnx517c54hg87dyqjky740000gn/T/.tmpwTqywI/tmp/
Minimizer length: 15
Kminmer length: 83
Density: 0.005

Loading unitig graph
Load unitigs
Nb unitigs: 917
Nb minimizers: 110548
Add unitig abundances
Sorting abundances
Add unitig edges
Nb unitig edges: 1870
Sorting unitig edges
Done loading unitig graph
Simplifying
Max abundance: 43
Nb unitigs: 917
Superbubble
Nb superbubble removed: 32 0 (0s)
Tip
Nb Tip removed: 287 (0s)
Superbubble
Nb superbubble removed: 74 0 (0s)
Tip
Nb Tip removed: 0 (0s)
Nb errors removed: 165 (0s)
Superbubble
Nb superbubble removed: 6 0 (0s)
Tip
Nb Tip removed: 0 (0s)
Nb errors removed: 69 (0s)
Superbubble
Nb superbubble removed: 0 0 (0s)
Tip
Nb Tip removed: 0 (0s)
Nb errors removed: 39 (0s)
Superbubble
Nb superbubble removed: 0 0 (0s)
Tip
Nb Tip removed: 0 (0s)
Nb errors removed: 27 (0s)
Superbubble
Nb superbubble removed: 0 0 (0s)
Tip
Nb Tip removed: 1 (0s)
Superbubble
Nb superbubble removed: 0 0 (0s)
Tip
Nb Tip removed: 0 (0s)
Nb errors removed: 15 (0s)
Superbubble
Nb superbubble removed: 0 0 (0s)
Tip
Nb Tip removed: 0 (0s)
Nb errors removed: 26 (0s)
Superbubble
Nb superbubble removed: 0 0 (0s)
Tip
Nb Tip removed: 0 (0s)
Nb errors removed: 9 (0s)
Superbubble
Nb superbubble removed: 0 0 (0s)
Tip
Nb Tip removed: 0 (0s)
Nb errors removed: 14 (0s)
Superbubble
Nb superbubble removed: 0 0 (0s)
Tip
Nb Tip removed: 0 (0s)
Nb errors removed: 6 (0s)
Superbubble
Nb superbubble removed: 0 0 (0s)
Tip
Nb Tip removed: 0 (0s)
Nb errors removed: 12 (0s)
Superbubble
Nb superbubble removed: 4 0 (0s)
Tip
Nb Tip removed: 0 (0s)
Nb errors removed: 6 (0s)
Superbubble
Nb superbubble removed: 0 0 (0s)
Tip
Nb Tip removed: 0 (0s)
Nb errors removed: 1 (0s)
Superbubble
Nb superbubble removed: 0 0 (0s)
Tip
Nb Tip removed: 0 (0s)
Nb errors removed: 1 (0s)
Superbubble
Nb superbubble removed: 0 0 (0s)
Tip
Nb Tip removed: 0 (0s)
Nb errors removed: 2 (0s)
Superbubble
Nb superbubble removed: 0 0 (0s)
Tip
Nb Tip removed: 0 (0s)
Nb errors removed: 1 (0s)
Superbubble
Nb superbubble removed: 0 0 (0s)
Tip
Nb Tip removed: 0 (0s)
Nb errors removed: 2 (0s)
Superbubble
Nb superbubble removed: 0 0 (0s)
Tip
Nb Tip removed: 0 (0s)
Checksum: 0
Checksum abundnace: 0
Generating contigs
45.2593
28.1025
21.1138
17.4494
14.421
13.11
11.9182
10.8347
9.84974
8.14028
7.40025
6.11591
5.05447
4.17725
3.13843
2.14359
0


metaMDBG toMinspace  /var/folders/zg/vq0dnx517c54hg87dyqjky740000gn/T/.tmpwTqywI/tmp/ /var/folders/zg/vq0dnx517c54hg87dyqjky740000gn/T/.tmpwTqywI/tmp//contigs.nodepath /var/folders/zg/vq0dnx517c54hg87dyqjky740000gn/T/.tmpwTqywI/tmp//unitig_data.txt --threads 10

Input dir: /var/folders/zg/vq0dnx517c54hg87dyqjky740000gn/T/.tmpwTqywI/tmp/
Minimizer length: 15
Kminmer length: 83
Density: 0.005

Loading unitig sequences

Creating mContigs

Contig filename: /var/folders/zg/vq0dnx517c54hg87dyqjky740000gn/T/.tmpwTqywI/tmp//unitig_data.txt
pass done: 83
Multi-k pass: 84/209


metaMDBG graph /var/folders/zg/vq0dnx517c54hg87dyqjky740000gn/T/.tmpwTqywI/tmp/ --threads 10 --corrected-read 

Contig filename: 
Output dir: /var/folders/zg/vq0dnx517c54hg87dyqjky740000gn/T/.tmpwTqywI/tmp/
Minimizer length: 15
Kminmer length: 84
Density: 0.005
Min abundance: 0

Loading refined abundances
	Duration: 0
Collecting kminmers
Building mdbg
Duration: 0
Nb solid kminmers: 35364
Nb small contigs written: 0
Dump kminmer abundances
	Duration: 0
Indexing edges
Edge index size: 35353
Edge index elements: 63896
	Duration: 0
Compute unitig nodes
	Duration: 0
Index unitig edges
	Duration: 0
Compute unitig edges
	Duration: 0
Dump unitig abundances
	Duration: 0
Nb edges:   0


metaMDBG contig  /var/folders/zg/vq0dnx517c54hg87dyqjky740000gn/T/.tmpwTqywI/tmp/ --threads 10

Input dir: /var/folders/zg/vq0dnx517c54hg87dyqjky740000gn/T/.tmpwTqywI/tmp/
Minimizer length: 15
Kminmer length: 84
Density: 0.005

Loading unitig graph
Load unitigs
Nb unitigs: 914
Nb minimizers: 111226
Add unitig abundances
Sorting abundances
Add unitig edges
Nb unitig edges: 1856
Sorting unitig edges
Done loading unitig graph
Simplifying
Max abundance: 43
Nb unitigs: 914
Superbubble
Nb superbubble removed: 28 0 (0s)
Tip
Nb Tip removed: 286 (0s)
Superbubble
Nb superbubble removed: 74 0 (0s)
Tip
Nb Tip removed: 0 (0s)
Nb errors removed: 165 (0s)
Superbubble
Nb superbubble removed: 8 0 (0s)
Tip
Nb Tip removed: 0 (0s)
Nb errors removed: 69 (0s)
Superbubble
Nb superbubble removed: 0 0 (0s)
Tip
Nb Tip removed: 0 (0s)
Nb errors removed: 39 (0s)
Superbubble
Nb superbubble removed: 0 0 (0s)
Tip
Nb Tip removed: 0 (0s)
Nb errors removed: 27 (0s)
Superbubble
Nb superbubble removed: 0 0 (0s)
Tip
Nb Tip removed: 1 (0s)
Superbubble
Nb superbubble removed: 0 0 (0s)
Tip
Nb Tip removed: 0 (0s)
Nb errors removed: 16 (0s)
Superbubble
Nb superbubble removed: 0 0 (0s)
Tip
Nb Tip removed: 0 (0s)
Nb errors removed: 26 (0s)
Superbubble
Nb superbubble removed: 0 0 (0s)
Tip
Nb Tip removed: 0 (0s)
Nb errors removed: 9 (0s)
Superbubble
Nb superbubble removed: 0 0 (0s)
Tip
Nb Tip removed: 0 (0s)
Nb errors removed: 14 (0s)
Superbubble
Nb superbubble removed: 0 0 (0s)
Tip
Nb Tip removed: 0 (0s)
Nb errors removed: 6 (0s)
Superbubble
Nb superbubble removed: 0 0 (0s)
Tip
Nb Tip removed: 0 (0s)
Nb errors removed: 12 (0s)
Superbubble
Nb superbubble removed: 4 0 (0s)
Tip
Nb Tip removed: 0 (0s)
Nb errors removed: 6 (0s)
Superbubble
Nb superbubble removed: 0 0 (0s)
Tip
Nb Tip removed: 0 (0s)
Nb errors removed: 1 (0s)
Superbubble
Nb superbubble removed: 0 0 (0s)
Tip
Nb Tip removed: 0 (0s)
Nb errors removed: 1 (0s)
Superbubble
Nb superbubble removed: 0 0 (0s)
Tip
Nb Tip removed: 0 (0s)
Nb errors removed: 2 (0s)
Superbubble
Nb superbubble removed: 0 0 (0s)
Tip
Nb Tip removed: 0 (0s)
Nb errors removed: 1 (0s)
Superbubble
Nb superbubble removed: 0 0 (0s)
Tip
Nb Tip removed: 0 (0s)
Nb errors removed: 2 (0s)
Superbubble
Nb superbubble removed: 0 0 (0s)
Tip
Nb Tip removed: 0 (0s)
Checksum: 0
Checksum abundnace: 0
Generating contigs
45.2593
28.1025
21.1138
17.4494
14.421
13.11
11.9182
10.8347
9.84974
8.14028
7.40025
6.11591
5.05447
4.17725
3.13843
2.14359
0


metaMDBG toMinspace  /var/folders/zg/vq0dnx517c54hg87dyqjky740000gn/T/.tmpwTqywI/tmp/ /var/folders/zg/vq0dnx517c54hg87dyqjky740000gn/T/.tmpwTqywI/tmp//contigs.nodepath /var/folders/zg/vq0dnx517c54hg87dyqjky740000gn/T/.tmpwTqywI/tmp//unitig_data.txt --threads 10

Input dir: /var/folders/zg/vq0dnx517c54hg87dyqjky740000gn/T/.tmpwTqywI/tmp/
Minimizer length: 15
Kminmer length: 84
Density: 0.005

Loading unitig sequences

Creating mContigs

Contig filename: /var/folders/zg/vq0dnx517c54hg87dyqjky740000gn/T/.tmpwTqywI/tmp//unitig_data.txt
pass done: 84
Multi-k pass: 85/209


metaMDBG graph /var/folders/zg/vq0dnx517c54hg87dyqjky740000gn/T/.tmpwTqywI/tmp/ --threads 10 --corrected-read 

Contig filename: 
Output dir: /var/folders/zg/vq0dnx517c54hg87dyqjky740000gn/T/.tmpwTqywI/tmp/
Minimizer length: 15
Kminmer length: 85
Density: 0.005
Min abundance: 0

Loading refined abundances
	Duration: 0
Collecting kminmers
Building mdbg
Duration: 0
Nb solid kminmers: 35373
Nb small contigs written: 0
Dump kminmer abundances
	Duration: 0
Indexing edges
Edge index size: 35360
Edge index elements: 64057
	Duration: 0
Compute unitig nodes
	Duration: 0
Index unitig edges
	Duration: 0
Compute unitig edges
	Duration: 0
Dump unitig abundances
	Duration: 0
Nb edges:   0


metaMDBG contig  /var/folders/zg/vq0dnx517c54hg87dyqjky740000gn/T/.tmpwTqywI/tmp/ --threads 10

Input dir: /var/folders/zg/vq0dnx517c54hg87dyqjky740000gn/T/.tmpwTqywI/tmp/
Minimizer length: 15
Kminmer length: 85
Density: 0.005

Loading unitig graph
Load unitigs
Nb unitigs: 908
Nb minimizers: 111645
Add unitig abundances
Sorting abundances
Add unitig edges
Nb unitig edges: 1852
Sorting unitig edges
Done loading unitig graph
Simplifying
Max abundance: 43
Nb unitigs: 908
Superbubble
Nb superbubble removed: 26 0 (0s)
Tip
Nb Tip removed: 287 (0s)
Superbubble
Nb superbubble removed: 74 0 (0s)
Tip
Nb Tip removed: 0 (0s)
Nb errors removed: 164 (0s)
Superbubble
Nb superbubble removed: 8 0 (0s)
Tip
Nb Tip removed: 0 (0s)
Nb errors removed: 68 (0s)
Superbubble
Nb superbubble removed: 2 0 (0s)
Tip
Nb Tip removed: 0 (0s)
Nb errors removed: 38 (0s)
Superbubble
Nb superbubble removed: 0 0 (0s)
Tip
Nb Tip removed: 0 (0s)
Nb errors removed: 27 (0s)
Superbubble
Nb superbubble removed: 0 0 (0s)
Tip
Nb Tip removed: 1 (0s)
Superbubble
Nb superbubble removed: 0 0 (0s)
Tip
Nb Tip removed: 0 (0s)
Nb errors removed: 16 (0s)
Superbubble
Nb superbubble removed: 0 0 (0s)
Tip
Nb Tip removed: 0 (0s)
Nb errors removed: 26 (0s)
Superbubble
Nb superbubble removed: 0 0 (0s)
Tip
Nb Tip removed: 0 (0s)
Nb errors removed: 9 (0s)
Superbubble
Nb superbubble removed: 0 0 (0s)
Tip
Nb Tip removed: 0 (0s)
Nb errors removed: 15 (0s)
Superbubble
Nb superbubble removed: 0 0 (0s)
Tip
Nb Tip removed: 0 (0s)
Nb errors removed: 6 (0s)
Superbubble
Nb superbubble removed: 0 0 (0s)
Tip
Nb Tip removed: 0 (0s)
Nb errors removed: 15 (0s)
Superbubble
Nb superbubble removed: 4 0 (0s)
Tip
Nb Tip removed: 0 (0s)
Nb errors removed: 6 (0s)
Superbubble
Nb superbubble removed: 0 0 (0s)
Tip
Nb Tip removed: 0 (0s)
Nb errors removed: 1 (0s)
Superbubble
Nb superbubble removed: 0 0 (0s)
Tip
Nb Tip removed: 0 (0s)
Nb errors removed: 1 (0s)
Superbubble
Nb superbubble removed: 0 0 (0s)
Tip
Nb Tip removed: 0 (0s)
Nb errors removed: 2 (0s)
Superbubble
Nb superbubble removed: 0 0 (0s)
Tip
Nb Tip removed: 0 (0s)
Nb errors removed: 1 (0s)
Superbubble
Nb superbubble removed: 0 0 (0s)
Tip
Nb Tip removed: 0 (0s)
Nb errors removed: 2 (0s)
Superbubble
Nb superbubble removed: 0 0 (0s)
Tip
Nb Tip removed: 0 (0s)
Checksum: 0
Checksum abundnace: 0
Generating contigs
45.2593
28.1025
21.1138
17.4494
14.421
13.11
11.9182
10.8347
9.84974
8.14028
7.40025
6.11591
5.05447
4.17725
3.13843
2.14359
0


metaMDBG toMinspace  /var/folders/zg/vq0dnx517c54hg87dyqjky740000gn/T/.tmpwTqywI/tmp/ /var/folders/zg/vq0dnx517c54hg87dyqjky740000gn/T/.tmpwTqywI/tmp//contigs.nodepath /var/folders/zg/vq0dnx517c54hg87dyqjky740000gn/T/.tmpwTqywI/tmp//unitig_data.txt --threads 10

Input dir: /var/folders/zg/vq0dnx517c54hg87dyqjky740000gn/T/.tmpwTqywI/tmp/
Minimizer length: 15
Kminmer length: 85
Density: 0.005

Loading unitig sequences

Creating mContigs

Contig filename: /var/folders/zg/vq0dnx517c54hg87dyqjky740000gn/T/.tmpwTqywI/tmp//unitig_data.txt
pass done: 85
Multi-k pass: 86/209


metaMDBG graph /var/folders/zg/vq0dnx517c54hg87dyqjky740000gn/T/.tmpwTqywI/tmp/ --threads 10 --corrected-read 

Contig filename: 
Output dir: /var/folders/zg/vq0dnx517c54hg87dyqjky740000gn/T/.tmpwTqywI/tmp/
Minimizer length: 15
Kminmer length: 86
Density: 0.005
Min abundance: 0

Loading refined abundances
	Duration: 0
Collecting kminmers
Building mdbg
Duration: 0
Nb solid kminmers: 35381
Nb small contigs written: 0
Dump kminmer abundances
	Duration: 0
Indexing edges
Edge index size: 35370
Edge index elements: 63983
	Duration: 0
Compute unitig nodes
	Duration: 0
Index unitig edges
	Duration: 0
Compute unitig edges
	Duration: 0
Dump unitig abundances
	Duration: 0
Nb edges:   0


metaMDBG contig  /var/folders/zg/vq0dnx517c54hg87dyqjky740000gn/T/.tmpwTqywI/tmp/ --threads 10

Input dir: /var/folders/zg/vq0dnx517c54hg87dyqjky740000gn/T/.tmpwTqywI/tmp/
Minimizer length: 15
Kminmer length: 86
Density: 0.005

Loading unitig graph
Load unitigs
Nb unitigs: 899
Nb minimizers: 111796
Add unitig abundances
Sorting abundances
Add unitig edges
Nb unitig edges: 1828
Sorting unitig edges
Done loading unitig graph
Simplifying
Max abundance: 43
Nb unitigs: 899
Superbubble
Nb superbubble removed: 26 0 (0s)
Tip
Nb Tip removed: 279 (0s)
Superbubble
Nb superbubble removed: 74 0 (0s)
Tip
Nb Tip removed: 0 (0s)
Nb errors removed: 161 (0s)
Superbubble
Nb superbubble removed: 8 0 (0s)
Tip
Nb Tip removed: 0 (0s)
Nb errors removed: 69 (0s)
Superbubble
Nb superbubble removed: 2 0 (0s)
Tip
Nb Tip removed: 0 (0s)
Nb errors removed: 37 (0s)
Superbubble
Nb superbubble removed: 0 0 (0s)
Tip
Nb Tip removed: 0 (0s)
Nb errors removed: 27 (0s)
Superbubble
Nb superbubble removed: 0 0 (0s)
Tip
Nb Tip removed: 1 (0s)
Superbubble
Nb superbubble removed: 0 0 (0s)
Tip
Nb Tip removed: 0 (0s)
Nb errors removed: 16 (0s)
Superbubble
Nb superbubble removed: 0 0 (0s)
Tip
Nb Tip removed: 0 (0s)
Nb errors removed: 25 (0s)
Superbubble
Nb superbubble removed: 0 0 (0s)
Tip
Nb Tip removed: 0 (0s)
Nb errors removed: 9 (0s)
Superbubble
Nb superbubble removed: 0 0 (0s)
Tip
Nb Tip removed: 0 (0s)
Nb errors removed: 15 (0s)
Superbubble
Nb superbubble removed: 0 0 (0s)
Tip
Nb Tip removed: 0 (0s)
Nb errors removed: 6 (0s)
Superbubble
Nb superbubble removed: 0 0 (0s)
Tip
Nb Tip removed: 0 (0s)
Nb errors removed: 15 (0s)
Superbubble
Nb superbubble removed: 4 0 (0s)
Tip
Nb Tip removed: 0 (0s)
Nb errors removed: 6 (0s)
Superbubble
Nb superbubble removed: 0 0 (0s)
Tip
Nb Tip removed: 0 (0s)
Nb errors removed: 1 (0s)
Superbubble
Nb superbubble removed: 0 0 (0s)
Tip
Nb Tip removed: 0 (0s)
Nb errors removed: 1 (0s)
Superbubble
Nb superbubble removed: 0 0 (0s)
Tip
Nb Tip removed: 0 (0s)
Nb errors removed: 2 (0s)
Superbubble
Nb superbubble removed: 0 0 (0s)
Tip
Nb Tip removed: 0 (0s)
Nb errors removed: 1 (0s)
Superbubble
Nb superbubble removed: 0 0 (0s)
Tip
Nb Tip removed: 0 (0s)
Nb errors removed: 2 (0s)
Superbubble
Nb superbubble removed: 0 0 (0s)
Tip
Nb Tip removed: 0 (0s)
Checksum: 0
Checksum abundnace: 0
Generating contigs
45.2593
28.1025
21.1138
17.4494
14.421
13.11
11.9182
10.8347
9.84974
8.14028
7.40025
6.11591
5.05447
4.17725
3.13843
2.14359
0


metaMDBG toMinspace  /var/folders/zg/vq0dnx517c54hg87dyqjky740000gn/T/.tmpwTqywI/tmp/ /var/folders/zg/vq0dnx517c54hg87dyqjky740000gn/T/.tmpwTqywI/tmp//contigs.nodepath /var/folders/zg/vq0dnx517c54hg87dyqjky740000gn/T/.tmpwTqywI/tmp//unitig_data.txt --threads 10

Input dir: /var/folders/zg/vq0dnx517c54hg87dyqjky740000gn/T/.tmpwTqywI/tmp/
Minimizer length: 15
Kminmer length: 86
Density: 0.005

Loading unitig sequences

Creating mContigs

Contig filename: /var/folders/zg/vq0dnx517c54hg87dyqjky740000gn/T/.tmpwTqywI/tmp//unitig_data.txt
pass done: 86
Multi-k pass: 87/209


metaMDBG graph /var/folders/zg/vq0dnx517c54hg87dyqjky740000gn/T/.tmpwTqywI/tmp/ --threads 10 --corrected-read 

Contig filename: 
Output dir: /var/folders/zg/vq0dnx517c54hg87dyqjky740000gn/T/.tmpwTqywI/tmp/
Minimizer length: 15
Kminmer length: 87
Density: 0.005
Min abundance: 0

Loading refined abundances
	Duration: 0
Collecting kminmers
Building mdbg
Duration: 0
Nb solid kminmers: 35385
Nb small contigs written: 0
Dump kminmer abundances
	Duration: 0
Indexing edges
Edge index size: 35374
Edge index elements: 63832
	Duration: 0
Compute unitig nodes
	Duration: 0
Index unitig edges
	Duration: 0
Compute unitig edges
	Duration: 0
Dump unitig abundances
	Duration: 0
Nb edges:   0


metaMDBG contig  /var/folders/zg/vq0dnx517c54hg87dyqjky740000gn/T/.tmpwTqywI/tmp/ --threads 10

Input dir: /var/folders/zg/vq0dnx517c54hg87dyqjky740000gn/T/.tmpwTqywI/tmp/
Minimizer length: 15
Kminmer length: 87
Density: 0.005

Loading unitig graph
Load unitigs
Nb unitigs: 880
Nb minimizers: 111065
Add unitig abundances
Sorting abundances
Add unitig edges
Nb unitig edges: 1788
Sorting unitig edges
Done loading unitig graph
Simplifying
Max abundance: 43
Nb unitigs: 880
Superbubble
Nb superbubble removed: 26 0 (0s)
Tip
Nb Tip removed: 275 (0s)
Superbubble
Nb superbubble removed: 78 0 (0s)
Tip
Nb Tip removed: 0 (0s)
Nb errors removed: 154 (0s)
Superbubble
Nb superbubble removed: 4 0 (0s)
Tip
Nb Tip removed: 0 (0s)
Nb errors removed: 66 (0s)
Superbubble
Nb superbubble removed: 2 0 (0s)
Tip
Nb Tip removed: 0 (0s)
Nb errors removed: 36 (0s)
Superbubble
Nb superbubble removed: 0 0 (0s)
Tip
Nb Tip removed: 0 (0s)
Nb errors removed: 27 (0s)
Superbubble
Nb superbubble removed: 0 0 (0s)
Tip
Nb Tip removed: 1 (0s)
Superbubble
Nb superbubble removed: 0 0 (0s)
Tip
Nb Tip removed: 0 (0s)
Nb errors removed: 16 (0s)
Superbubble
Nb superbubble removed: 0 0 (0s)
Tip
Nb Tip removed: 0 (0s)
Nb errors removed: 24 (0s)
Superbubble
Nb superbubble removed: 0 0 (0s)
Tip
Nb Tip removed: 0 (0s)
Nb errors removed: 9 (0s)
Superbubble
Nb superbubble removed: 0 0 (0s)
Tip
Nb Tip removed: 0 (0s)
Nb errors removed: 15 (0s)
Superbubble
Nb superbubble removed: 0 0 (0s)
Tip
Nb Tip removed: 0 (0s)
Nb errors removed: 6 (0s)
Superbubble
Nb superbubble removed: 0 0 (0s)
Tip
Nb Tip removed: 0 (0s)
Nb errors removed: 15 (0s)
Superbubble
Nb superbubble removed: 4 0 (0s)
Tip
Nb Tip removed: 0 (0s)
Nb errors removed: 6 (0s)
Superbubble
Nb superbubble removed: 0 0 (0s)
Tip
Nb Tip removed: 0 (0s)
Nb errors removed: 1 (0s)
Superbubble
Nb superbubble removed: 0 0 (0s)
Tip
Nb Tip removed: 0 (0s)
Nb errors removed: 1 (0s)
Superbubble
Nb superbubble removed: 0 0 (0s)
Tip
Nb Tip removed: 0 (0s)
Nb errors removed: 2 (0s)
Superbubble
Nb superbubble removed: 0 0 (0s)
Tip
Nb Tip removed: 0 (0s)
Nb errors removed: 1 (0s)
Superbubble
Nb superbubble removed: 0 0 (0s)
Tip
Nb Tip removed: 0 (0s)
Nb errors removed: 2 (0s)
Superbubble
Nb superbubble removed: 0 0 (0s)
Tip
Nb Tip removed: 0 (0s)
Checksum: 0
Checksum abundnace: 0
Generating contigs
45.2593
28.1025
21.1138
17.4494
14.421
13.11
11.9182
10.8347
9.84974
8.14028
7.40025
6.11591
5.05447
4.17725
3.13843
2.14359
0


metaMDBG toMinspace  /var/folders/zg/vq0dnx517c54hg87dyqjky740000gn/T/.tmpwTqywI/tmp/ /var/folders/zg/vq0dnx517c54hg87dyqjky740000gn/T/.tmpwTqywI/tmp//contigs.nodepath /var/folders/zg/vq0dnx517c54hg87dyqjky740000gn/T/.tmpwTqywI/tmp//unitig_data.txt --threads 10

Input dir: /var/folders/zg/vq0dnx517c54hg87dyqjky740000gn/T/.tmpwTqywI/tmp/
Minimizer length: 15
Kminmer length: 87
Density: 0.005

Loading unitig sequences

Creating mContigs

Contig filename: /var/folders/zg/vq0dnx517c54hg87dyqjky740000gn/T/.tmpwTqywI/tmp//unitig_data.txt
pass done: 87
Multi-k pass: 88/209


metaMDBG graph /var/folders/zg/vq0dnx517c54hg87dyqjky740000gn/T/.tmpwTqywI/tmp/ --threads 10 --corrected-read 

Contig filename: 
Output dir: /var/folders/zg/vq0dnx517c54hg87dyqjky740000gn/T/.tmpwTqywI/tmp/
Minimizer length: 15
Kminmer length: 88
Density: 0.005
Min abundance: 0

Loading refined abundances
	Duration: 0
Collecting kminmers
Building mdbg
Duration: 0
Nb solid kminmers: 35383
Nb small contigs written: 0
Dump kminmer abundances
	Duration: 0
Indexing edges
Edge index size: 35378
Edge index elements: 63862
	Duration: 0
Compute unitig nodes
	Duration: 0
Index unitig edges
	Duration: 0
Compute unitig edges
	Duration: 0
Dump unitig abundances
	Duration: 0
Nb edges:   0


metaMDBG contig  /var/folders/zg/vq0dnx517c54hg87dyqjky740000gn/T/.tmpwTqywI/tmp/ --threads 10

Input dir: /var/folders/zg/vq0dnx517c54hg87dyqjky740000gn/T/.tmpwTqywI/tmp/
Minimizer length: 15
Kminmer length: 88
Density: 0.005

Loading unitig graph
Load unitigs
Nb unitigs: 872
Nb minimizers: 111247
Add unitig abundances
Sorting abundances
Add unitig edges
Nb unitig edges: 1756
Sorting unitig edges
Done loading unitig graph
Simplifying
Max abundance: 43
Nb unitigs: 872
Superbubble
Nb superbubble removed: 26 0 (0s)
Tip
Nb Tip removed: 273 (0s)
Superbubble
Nb superbubble removed: 76 0 (0s)
Tip
Nb Tip removed: 0 (0s)
Nb errors removed: 153 (0s)
Superbubble
Nb superbubble removed: 4 0 (0s)
Tip
Nb Tip removed: 0 (0s)
Nb errors removed: 66 (0s)
Superbubble
Nb superbubble removed: 2 0 (0s)
Tip
Nb Tip removed: 0 (0s)
Nb errors removed: 38 (0s)
Superbubble
Nb superbubble removed: 0 0 (0s)
Tip
Nb Tip removed: 0 (0s)
Nb errors removed: 27 (0s)
Superbubble
Nb superbubble removed: 0 0 (0s)
Tip
Nb Tip removed: 1 (0s)
Superbubble
Nb superbubble removed: 0 0 (0s)
Tip
Nb Tip removed: 0 (0s)
Nb errors removed: 15 (0s)
Superbubble
Nb superbubble removed: 0 0 (0s)
Tip
Nb Tip removed: 0 (0s)
Nb errors removed: 24 (0s)
Superbubble
Nb superbubble removed: 0 0 (0s)
Tip
Nb Tip removed: 0 (0s)
Nb errors removed: 8 (0s)
Superbubble
Nb superbubble removed: 0 0 (0s)
Tip
Nb Tip removed: 0 (0s)
Nb errors removed: 14 (0s)
Superbubble
Nb superbubble removed: 0 0 (0s)
Tip
Nb Tip removed: 0 (0s)
Nb errors removed: 7 (0s)
Superbubble
Nb superbubble removed: 0 0 (0s)
Tip
Nb Tip removed: 0 (0s)
Nb errors removed: 15 (0s)
Superbubble
Nb superbubble removed: 4 0 (0s)
Tip
Nb Tip removed: 0 (0s)
Nb errors removed: 6 (0s)
Superbubble
Nb superbubble removed: 0 0 (0s)
Tip
Nb Tip removed: 0 (0s)
Nb errors removed: 1 (0s)
Superbubble
Nb superbubble removed: 0 0 (0s)
Tip
Nb Tip removed: 0 (0s)
Nb errors removed: 1 (0s)
Superbubble
Nb superbubble removed: 0 0 (0s)
Tip
Nb Tip removed: 0 (0s)
Nb errors removed: 2 (0s)
Superbubble
Nb superbubble removed: 0 0 (0s)
Tip
Nb Tip removed: 0 (0s)
Nb errors removed: 1 (0s)
Superbubble
Nb superbubble removed: 0 0 (0s)
Tip
Nb Tip removed: 0 (0s)
Nb errors removed: 2 (0s)
Superbubble
Nb superbubble removed: 0 0 (0s)
Tip
Nb Tip removed: 0 (0s)
Checksum: 0
Checksum abundnace: 0
Generating contigs
45.2593
28.1025
21.1138
17.4494
14.421
13.11
11.9182
10.8347
9.84974
8.14028
7.40025
6.11591
5.05447
4.17725
3.13843
2.14359
0


metaMDBG toMinspace  /var/folders/zg/vq0dnx517c54hg87dyqjky740000gn/T/.tmpwTqywI/tmp/ /var/folders/zg/vq0dnx517c54hg87dyqjky740000gn/T/.tmpwTqywI/tmp//contigs.nodepath /var/folders/zg/vq0dnx517c54hg87dyqjky740000gn/T/.tmpwTqywI/tmp//unitig_data.txt --threads 10

Input dir: /var/folders/zg/vq0dnx517c54hg87dyqjky740000gn/T/.tmpwTqywI/tmp/
Minimizer length: 15
Kminmer length: 88
Density: 0.005

Loading unitig sequences

Creating mContigs

Contig filename: /var/folders/zg/vq0dnx517c54hg87dyqjky740000gn/T/.tmpwTqywI/tmp//unitig_data.txt
pass done: 88
Multi-k pass: 89/209


metaMDBG graph /var/folders/zg/vq0dnx517c54hg87dyqjky740000gn/T/.tmpwTqywI/tmp/ --threads 10 --corrected-read 

Contig filename: 
Output dir: /var/folders/zg/vq0dnx517c54hg87dyqjky740000gn/T/.tmpwTqywI/tmp/
Minimizer length: 15
Kminmer length: 89
Density: 0.005
Min abundance: 0

Loading refined abundances
	Duration: 0
Collecting kminmers
Building mdbg
Duration: 0
Nb solid kminmers: 35384
Nb small contigs written: 0
Dump kminmer abundances
	Duration: 0
Indexing edges
Edge index size: 35379
Edge index elements: 63927
	Duration: 0
Compute unitig nodes
	Duration: 0
Index unitig edges
	Duration: 0
Compute unitig edges
	Duration: 0
Dump unitig abundances
	Duration: 0
Nb edges:   0


metaMDBG contig  /var/folders/zg/vq0dnx517c54hg87dyqjky740000gn/T/.tmpwTqywI/tmp/ --threads 10

Input dir: /var/folders/zg/vq0dnx517c54hg87dyqjky740000gn/T/.tmpwTqywI/tmp/
Minimizer length: 15
Kminmer length: 89
Density: 0.005

Loading unitig graph
Load unitigs
Nb unitigs: 865
Nb minimizers: 111504
Add unitig abundances
Sorting abundances
Add unitig edges
Nb unitig edges: 1742
Sorting unitig edges
Done loading unitig graph
Simplifying
Max abundance: 43
Nb unitigs: 865
Superbubble
Nb superbubble removed: 26 0 (0s)
Tip
Nb Tip removed: 273 (0s)
Superbubble
Nb superbubble removed: 72 0 (0s)
Tip
Nb Tip removed: 0 (0s)
Nb errors removed: 150 (0s)
Superbubble
Nb superbubble removed: 4 0 (0s)
Tip
Nb Tip removed: 0 (0s)
Nb errors removed: 66 (0s)
Superbubble
Nb superbubble removed: 2 0 (0s)
Tip
Nb Tip removed: 0 (0s)
Nb errors removed: 38 (0s)
Superbubble
Nb superbubble removed: 0 0 (0s)
Tip
Nb Tip removed: 0 (0s)
Nb errors removed: 27 (0s)
Superbubble
Nb superbubble removed: 0 0 (0s)
Tip
Nb Tip removed: 1 (0s)
Superbubble
Nb superbubble removed: 0 0 (0s)
Tip
Nb Tip removed: 0 (0s)
Nb errors removed: 15 (0s)
Superbubble
Nb superbubble removed: 0 0 (0s)
Tip
Nb Tip removed: 0 (0s)
Nb errors removed: 25 (0s)
Superbubble
Nb superbubble removed: 0 0 (0s)
Tip
Nb Tip removed: 0 (0s)
Nb errors removed: 8 (0s)
Superbubble
Nb superbubble removed: 0 0 (0s)
Tip
Nb Tip removed: 0 (0s)
Nb errors removed: 14 (0s)
Superbubble
Nb superbubble removed: 0 0 (0s)
Tip
Nb Tip removed: 0 (0s)
Nb errors removed: 7 (0s)
Superbubble
Nb superbubble removed: 0 0 (0s)
Tip
Nb Tip removed: 0 (0s)
Nb errors removed: 15 (0s)
Superbubble
Nb superbubble removed: 4 0 (0s)
Tip
Nb Tip removed: 0 (0s)
Nb errors removed: 6 (0s)
Superbubble
Nb superbubble removed: 0 0 (0s)
Tip
Nb Tip removed: 0 (0s)
Nb errors removed: 1 (0s)
Superbubble
Nb superbubble removed: 0 0 (0s)
Tip
Nb Tip removed: 0 (0s)
Nb errors removed: 1 (0s)
Superbubble
Nb superbubble removed: 0 0 (0s)
Tip
Nb Tip removed: 0 (0s)
Nb errors removed: 2 (0s)
Superbubble
Nb superbubble removed: 0 0 (0s)
Tip
Nb Tip removed: 0 (0s)
Nb errors removed: 1 (0s)
Superbubble
Nb superbubble removed: 0 0 (0s)
Tip
Nb Tip removed: 0 (0s)
Nb errors removed: 2 (0s)
Superbubble
Nb superbubble removed: 0 0 (0s)
Tip
Nb Tip removed: 0 (0s)
Checksum: 0
Checksum abundnace: 0
Generating contigs
45.2593
28.1025
21.1138
17.4494
14.421
13.11
11.9182
10.8347
9.84974
8.14028
7.40025
6.11591
5.05447
4.17725
3.13843
2.14359
0


metaMDBG toMinspace  /var/folders/zg/vq0dnx517c54hg87dyqjky740000gn/T/.tmpwTqywI/tmp/ /var/folders/zg/vq0dnx517c54hg87dyqjky740000gn/T/.tmpwTqywI/tmp//contigs.nodepath /var/folders/zg/vq0dnx517c54hg87dyqjky740000gn/T/.tmpwTqywI/tmp//unitig_data.txt --threads 10

Input dir: /var/folders/zg/vq0dnx517c54hg87dyqjky740000gn/T/.tmpwTqywI/tmp/
Minimizer length: 15
Kminmer length: 89
Density: 0.005

Loading unitig sequences

Creating mContigs

Contig filename: /var/folders/zg/vq0dnx517c54hg87dyqjky740000gn/T/.tmpwTqywI/tmp//unitig_data.txt
pass done: 89
Multi-k pass: 90/209


metaMDBG graph /var/folders/zg/vq0dnx517c54hg87dyqjky740000gn/T/.tmpwTqywI/tmp/ --threads 10 --corrected-read 

Contig filename: 
Output dir: /var/folders/zg/vq0dnx517c54hg87dyqjky740000gn/T/.tmpwTqywI/tmp/
Minimizer length: 15
Kminmer length: 90
Density: 0.005
Min abundance: 0

Loading refined abundances
	Duration: 0
Collecting kminmers
Building mdbg
Duration: 0
Nb solid kminmers: 35386
Nb small contigs written: 0
Dump kminmer abundances
	Duration: 0
Indexing edges
Edge index size: 35382
Edge index elements: 64210
	Duration: 0
Compute unitig nodes
	Duration: 0
Index unitig edges
	Duration: 0
Compute unitig edges
	Duration: 0
Dump unitig abundances
	Duration: 0
Nb edges:   0


metaMDBG contig  /var/folders/zg/vq0dnx517c54hg87dyqjky740000gn/T/.tmpwTqywI/tmp/ --threads 10

Input dir: /var/folders/zg/vq0dnx517c54hg87dyqjky740000gn/T/.tmpwTqywI/tmp/
Minimizer length: 15
Kminmer length: 90
Density: 0.005

Loading unitig graph
Load unitigs
Nb unitigs: 860
Nb minimizers: 111926
Add unitig abundances
Sorting abundances
Add unitig edges
Nb unitig edges: 1730
Sorting unitig edges
Done loading unitig graph
Simplifying
Max abundance: 43
Nb unitigs: 860
Superbubble
Nb superbubble removed: 26 0 (0s)
Tip
Nb Tip removed: 272 (0s)
Superbubble
Nb superbubble removed: 70 0 (0s)
Tip
Nb Tip removed: 0 (0s)
Nb errors removed: 148 (0s)
Superbubble
Nb superbubble removed: 4 0 (0s)
Tip
Nb Tip removed: 0 (0s)
Nb errors removed: 67 (0s)
Superbubble
Nb superbubble removed: 4 0 (0s)
Tip
Nb Tip removed: 0 (0s)
Nb errors removed: 38 (0s)
Superbubble
Nb superbubble removed: 0 0 (0s)
Tip
Nb Tip removed: 0 (0s)
Nb errors removed: 27 (0s)
Superbubble
Nb superbubble removed: 0 0 (0s)
Tip
Nb Tip removed: 1 (0s)
Superbubble
Nb superbubble removed: 0 0 (0s)
Tip
Nb Tip removed: 0 (0s)
Nb errors removed: 15 (0s)
Superbubble
Nb superbubble removed: 0 0 (0s)
Tip
Nb Tip removed: 0 (0s)
Nb errors removed: 25 (0s)
Superbubble
Nb superbubble removed: 0 0 (0s)
Tip
Nb Tip removed: 0 (0s)
Nb errors removed: 8 (0s)
Superbubble
Nb superbubble removed: 0 0 (0s)
Tip
Nb Tip removed: 0 (0s)
Nb errors removed: 14 (0s)
Superbubble
Nb superbubble removed: 0 0 (0s)
Tip
Nb Tip removed: 0 (0s)
Nb errors removed: 7 (0s)
Superbubble
Nb superbubble removed: 0 0 (0s)
Tip
Nb Tip removed: 0 (0s)
Nb errors removed: 15 (0s)
Superbubble
Nb superbubble removed: 4 0 (0s)
Tip
Nb Tip removed: 0 (0s)
Nb errors removed: 6 (0s)
Superbubble
Nb superbubble removed: 0 0 (0s)
Tip
Nb Tip removed: 0 (0s)
Nb errors removed: 1 (0s)
Superbubble
Nb superbubble removed: 0 0 (0s)
Tip
Nb Tip removed: 0 (0s)
Nb errors removed: 1 (0s)
Superbubble
Nb superbubble removed: 0 0 (0s)
Tip
Nb Tip removed: 0 (0s)
Nb errors removed: 2 (0s)
Superbubble
Nb superbubble removed: 0 0 (0s)
Tip
Nb Tip removed: 0 (0s)
Nb errors removed: 2 (0s)
Superbubble
Nb superbubble removed: 0 0 (0s)
Tip
Nb Tip removed: 0 (0s)
Nb errors removed: 2 (0s)
Superbubble
Nb superbubble removed: 0 0 (0s)
Tip
Nb Tip removed: 0 (0s)
Checksum: 0
Checksum abundnace: 0
Generating contigs
45.2593
28.1025
21.1138
17.4494
14.421
13.11
11.9182
10.8347
9.84974
8.14028
7.40025
6.11591
5.05447
4.17725
3.13843
2.14359
0


metaMDBG toMinspace  /var/folders/zg/vq0dnx517c54hg87dyqjky740000gn/T/.tmpwTqywI/tmp/ /var/folders/zg/vq0dnx517c54hg87dyqjky740000gn/T/.tmpwTqywI/tmp//contigs.nodepath /var/folders/zg/vq0dnx517c54hg87dyqjky740000gn/T/.tmpwTqywI/tmp//unitig_data.txt --threads 10

Input dir: /var/folders/zg/vq0dnx517c54hg87dyqjky740000gn/T/.tmpwTqywI/tmp/
Minimizer length: 15
Kminmer length: 90
Density: 0.005

Loading unitig sequences

Creating mContigs

Contig filename: /var/folders/zg/vq0dnx517c54hg87dyqjky740000gn/T/.tmpwTqywI/tmp//unitig_data.txt
pass done: 90
Multi-k pass: 91/209


metaMDBG graph /var/folders/zg/vq0dnx517c54hg87dyqjky740000gn/T/.tmpwTqywI/tmp/ --threads 10 --corrected-read 

Contig filename: 
Output dir: /var/folders/zg/vq0dnx517c54hg87dyqjky740000gn/T/.tmpwTqywI/tmp/
Minimizer length: 15
Kminmer length: 91
Density: 0.005
Min abundance: 0

Loading refined abundances
	Duration: 0
Collecting kminmers
Building mdbg
Duration: 0
Nb solid kminmers: 35385
Nb small contigs written: 0
Dump kminmer abundances
	Duration: 0
Indexing edges
Edge index size: 35383
Edge index elements: 64034
	Duration: 0
Compute unitig nodes
	Duration: 0
Index unitig edges
	Duration: 0
Compute unitig edges
	Duration: 0
Dump unitig abundances
	Duration: 0
Nb edges:   0


metaMDBG contig  /var/folders/zg/vq0dnx517c54hg87dyqjky740000gn/T/.tmpwTqywI/tmp/ --threads 10 --gen-graph 

Input dir: /var/folders/zg/vq0dnx517c54hg87dyqjky740000gn/T/.tmpwTqywI/tmp/
Minimizer length: 15
Kminmer length: 91
Density: 0.005

Loading unitig graph
Load unitigs
Nb unitigs: 852
Nb minimizers: 112065
Add unitig abundances
Sorting abundances
Add unitig edges
Nb unitig edges: 1710
Sorting unitig edges
Done loading unitig graph
Simplifying
Max abundance: 43
Nb unitigs: 852
Superbubble
Nb superbubble removed: 26 0 (0s)
Tip
Nb Tip removed: 273 (0s)
Superbubble
Nb superbubble removed: 70 0 (0s)
Tip
Nb Tip removed: 0 (0s)
Saving unitig graph: /var/folders/zg/vq0dnx517c54hg87dyqjky740000gn/T/.tmpwTqywI/tmp//assembly_graph.gfa
Nb errors removed: 147 (0s)
Superbubble
Nb superbubble removed: 4 0 (0s)
Tip
Nb Tip removed: 0 (0s)
Nb errors removed: 67 (0s)
Superbubble
Nb superbubble removed: 4 0 (0s)
Tip
Nb Tip removed: 0 (0s)
Nb errors removed: 37 (0s)
Superbubble
Nb superbubble removed: 0 0 (0s)
Tip
Nb Tip removed: 0 (0s)
Nb errors removed: 27 (0s)
Superbubble
Nb superbubble removed: 0 0 (0s)
Tip
Nb Tip removed: 0 (0s)
Nb errors removed: 15 (0s)
Superbubble
Nb superbubble removed: 0 0 (0s)
Tip
Nb Tip removed: 0 (0s)
Nb errors removed: 25 (0s)
Superbubble
Nb superbubble removed: 0 0 (0s)
Tip
Nb Tip removed: 0 (0s)
Nb errors removed: 8 (0s)
Superbubble
Nb superbubble removed: 0 0 (0s)
Tip
Nb Tip removed: 0 (0s)
Nb errors removed: 14 (0s)
Superbubble
Nb superbubble removed: 0 0 (0s)
Tip
Nb Tip removed: 0 (0s)
Nb errors removed: 7 (0s)
Superbubble
Nb superbubble removed: 0 0 (0s)
Tip
Nb Tip removed: 0 (0s)
Nb errors removed: 14 (0s)
Superbubble
Nb superbubble removed: 4 0 (0s)
Tip
Nb Tip removed: 0 (0s)
Nb errors removed: 5 (0s)
Superbubble
Nb superbubble removed: 0 0 (0s)
Tip
Nb Tip removed: 0 (0s)
Nb errors removed: 1 (0s)
Superbubble
Nb superbubble removed: 0 0 (0s)
Tip
Nb Tip removed: 0 (0s)
Nb errors removed: 1 (0s)
Superbubble
Nb superbubble removed: 0 0 (0s)
Tip
Nb Tip removed: 0 (0s)
Nb errors removed: 2 (0s)
Superbubble
Nb superbubble removed: 0 0 (0s)
Tip
Nb Tip removed: 0 (0s)
Nb errors removed: 2 (0s)
Superbubble
Nb superbubble removed: 0 0 (0s)
Tip
Nb Tip removed: 0 (0s)
Nb errors removed: 2 (0s)
Superbubble
Nb superbubble removed: 0 0 (0s)
Tip
Nb Tip removed: 0 (0s)
Checksum: 0
Checksum abundnace: 0
Generating contigs
45.2593
28.1025
21.1138
17.4494
14.421
13.11
11.9182
10.8347
9.84974
8.14028
7.40025
6.11591
5.05447
4.17725
3.13843
2.14359
0


metaMDBG toMinspace  /var/folders/zg/vq0dnx517c54hg87dyqjky740000gn/T/.tmpwTqywI/tmp/ /var/folders/zg/vq0dnx517c54hg87dyqjky740000gn/T/.tmpwTqywI/tmp//contigs.nodepath /var/folders/zg/vq0dnx517c54hg87dyqjky740000gn/T/.tmpwTqywI/tmp//unitig_data.txt --threads 10

Input dir: /var/folders/zg/vq0dnx517c54hg87dyqjky740000gn/T/.tmpwTqywI/tmp/
Minimizer length: 15
Kminmer length: 91
Density: 0.005

Loading unitig sequences

Creating mContigs

Contig filename: /var/folders/zg/vq0dnx517c54hg87dyqjky740000gn/T/.tmpwTqywI/tmp//unitig_data.txt


metaMDBG toMinspace  /var/folders/zg/vq0dnx517c54hg87dyqjky740000gn/T/.tmpwTqywI/tmp/ /var/folders/zg/vq0dnx517c54hg87dyqjky740000gn/T/.tmpwTqywI/tmp//assembly_graph.gfa.unitigs.nodepath /var/folders/zg/vq0dnx517c54hg87dyqjky740000gn/T/.tmpwTqywI/tmp//assembly_graph.gfa.unitigs --threads 10

Input dir: /var/folders/zg/vq0dnx517c54hg87dyqjky740000gn/T/.tmpwTqywI/tmp/
Minimizer length: 15
Kminmer length: 91
Density: 0.005

Loading unitig sequences

Creating mContigs

Contig filename: /var/folders/zg/vq0dnx517c54hg87dyqjky740000gn/T/.tmpwTqywI/tmp//assembly_graph.gfa.unitigs
pass done: 91
Multi-k pass: 92/209


metaMDBG graph /var/folders/zg/vq0dnx517c54hg87dyqjky740000gn/T/.tmpwTqywI/tmp/ --threads 10 --corrected-read 

Contig filename: 
Output dir: /var/folders/zg/vq0dnx517c54hg87dyqjky740000gn/T/.tmpwTqywI/tmp/
Minimizer length: 15
Kminmer length: 92
Density: 0.005
Min abundance: 0

Loading refined abundances
	Duration: 0
Collecting kminmers
Building mdbg
Duration: 0
Nb solid kminmers: 35383
Nb small contigs written: 0
Dump kminmer abundances
	Duration: 0
Indexing edges
Edge index size: 35383
Edge index elements: 64085
	Duration: 0
Compute unitig nodes
	Duration: 0
Index unitig edges
	Duration: 0
Compute unitig edges
	Duration: 0
Dump unitig abundances
	Duration: 0
Nb edges:   0


metaMDBG contig  /var/folders/zg/vq0dnx517c54hg87dyqjky740000gn/T/.tmpwTqywI/tmp/ --threads 10

Input dir: /var/folders/zg/vq0dnx517c54hg87dyqjky740000gn/T/.tmpwTqywI/tmp/
Minimizer length: 15
Kminmer length: 92
Density: 0.005

Loading unitig graph
Load unitigs
Nb unitigs: 842
Nb minimizers: 112005
Add unitig abundances
Sorting abundances
Add unitig edges
Nb unitig edges: 1694
Sorting unitig edges
Done loading unitig graph
Simplifying
Max abundance: 43
Nb unitigs: 842
Superbubble
Nb superbubble removed: 24 0 (0s)
Tip
Nb Tip removed: 272 (0s)
Superbubble
Nb superbubble removed: 66 0 (0s)
Tip
Nb Tip removed: 0 (0s)
Nb errors removed: 146 (0s)
Superbubble
Nb superbubble removed: 2 0 (0s)
Tip
Nb Tip removed: 0 (0s)
Nb errors removed: 67 (0s)
Superbubble
Nb superbubble removed: 4 0 (0s)
Tip
Nb Tip removed: 0 (0s)
Nb errors removed: 38 (0s)
Superbubble
Nb superbubble removed: 0 0 (0s)
Tip
Nb Tip removed: 0 (0s)
Nb errors removed: 27 (0s)
Superbubble
Nb superbubble removed: 0 0 (0s)
Tip
Nb Tip removed: 0 (0s)
Nb errors removed: 17 (0s)
Superbubble
Nb superbubble removed: 0 0 (0s)
Tip
Nb Tip removed: 0 (0s)
Nb errors removed: 24 (0s)
Superbubble
Nb superbubble removed: 0 0 (0s)
Tip
Nb Tip removed: 0 (0s)
Nb errors removed: 8 (0s)
Superbubble
Nb superbubble removed: 0 0 (0s)
Tip
Nb Tip removed: 0 (0s)
Nb errors removed: 17 (0s)
Superbubble
Nb superbubble removed: 2 0 (0s)
Tip
Nb Tip removed: 0 (0s)
Nb errors removed: 7 (0s)
Superbubble
Nb superbubble removed: 0 0 (0s)
Tip
Nb Tip removed: 0 (0s)
Nb errors removed: 14 (0s)
Superbubble
Nb superbubble removed: 4 0 (0s)
Tip
Nb Tip removed: 0 (0s)
Nb errors removed: 5 (0s)
Superbubble
Nb superbubble removed: 0 0 (0s)
Tip
Nb Tip removed: 0 (0s)
Nb errors removed: 1 (0s)
Superbubble
Nb superbubble removed: 0 0 (0s)
Tip
Nb Tip removed: 0 (0s)
Nb errors removed: 1 (0s)
Superbubble
Nb superbubble removed: 0 0 (0s)
Tip
Nb Tip removed: 0 (0s)
Nb errors removed: 2 (0s)
Superbubble
Nb superbubble removed: 0 0 (0s)
Tip
Nb Tip removed: 0 (0s)
Nb errors removed: 2 (0s)
Superbubble
Nb superbubble removed: 0 0 (0s)
Tip
Nb Tip removed: 0 (0s)
Nb errors removed: 2 (0s)
Superbubble
Nb superbubble removed: 0 0 (0s)
Tip
Nb Tip removed: 0 (0s)
Checksum: 0
Checksum abundnace: 0
Generating contigs
45.2593
28.1025
21.1138
17.4494
14.421
13.11
11.9182
10.8347
9.84974
8.14028
7.40025
6.11591
5.05447
4.17725
3.13843
2.14359
0


metaMDBG toMinspace  /var/folders/zg/vq0dnx517c54hg87dyqjky740000gn/T/.tmpwTqywI/tmp/ /var/folders/zg/vq0dnx517c54hg87dyqjky740000gn/T/.tmpwTqywI/tmp//contigs.nodepath /var/folders/zg/vq0dnx517c54hg87dyqjky740000gn/T/.tmpwTqywI/tmp//unitig_data.txt --threads 10

Input dir: /var/folders/zg/vq0dnx517c54hg87dyqjky740000gn/T/.tmpwTqywI/tmp/
Minimizer length: 15
Kminmer length: 92
Density: 0.005

Loading unitig sequences

Creating mContigs

Contig filename: /var/folders/zg/vq0dnx517c54hg87dyqjky740000gn/T/.tmpwTqywI/tmp//unitig_data.txt
pass done: 92
Multi-k pass: 93/209


metaMDBG graph /var/folders/zg/vq0dnx517c54hg87dyqjky740000gn/T/.tmpwTqywI/tmp/ --threads 10 --corrected-read 

Contig filename: 
Output dir: /var/folders/zg/vq0dnx517c54hg87dyqjky740000gn/T/.tmpwTqywI/tmp/
Minimizer length: 15
Kminmer length: 93
Density: 0.005
Min abundance: 0

Loading refined abundances
	Duration: 0
Collecting kminmers
Building mdbg
Duration: 0
Nb solid kminmers: 35376
Nb small contigs written: 0
Dump kminmer abundances
	Duration: 0
Indexing edges
Edge index size: 35379
Edge index elements: 64251
	Duration: 0
Compute unitig nodes
	Duration: 0
Index unitig edges
	Duration: 0
Compute unitig edges
	Duration: 0
Dump unitig abundances
	Duration: 0
Nb edges:   0


metaMDBG contig  /var/folders/zg/vq0dnx517c54hg87dyqjky740000gn/T/.tmpwTqywI/tmp/ --threads 10

Input dir: /var/folders/zg/vq0dnx517c54hg87dyqjky740000gn/T/.tmpwTqywI/tmp/
Minimizer length: 15
Kminmer length: 93
Density: 0.005

Loading unitig graph
Load unitigs
Nb unitigs: 826
Nb minimizers: 111368
Add unitig abundances
Sorting abundances
Add unitig edges
Nb unitig edges: 1660
Sorting unitig edges
Done loading unitig graph
Simplifying
Max abundance: 43
Nb unitigs: 826
Superbubble
Nb superbubble removed: 24 0 (0s)
Tip
Nb Tip removed: 269 (0s)
Superbubble
Nb superbubble removed: 58 0 (0s)
Tip
Nb Tip removed: 0 (0s)
Nb errors removed: 145 (0s)
Superbubble
Nb superbubble removed: 4 0 (0s)
Tip
Nb Tip removed: 0 (0s)
Nb errors removed: 64 (0s)
Superbubble
Nb superbubble removed: 4 0 (0s)
Tip
Nb Tip removed: 0 (0s)
Nb errors removed: 38 (0s)
Superbubble
Nb superbubble removed: 0 0 (0s)
Tip
Nb Tip removed: 0 (0s)
Nb errors removed: 26 (0s)
Superbubble
Nb superbubble removed: 0 0 (0s)
Tip
Nb Tip removed: 0 (0s)
Nb errors removed: 17 (0s)
Superbubble
Nb superbubble removed: 0 0 (0s)
Tip
Nb Tip removed: 0 (0s)
Nb errors removed: 24 (0s)
Superbubble
Nb superbubble removed: 0 0 (0s)
Tip
Nb Tip removed: 0 (0s)
Nb errors removed: 9 (0s)
Superbubble
Nb superbubble removed: 0 0 (0s)
Tip
Nb Tip removed: 0 (0s)
Nb errors removed: 18 (0s)
Superbubble
Nb superbubble removed: 4 0 (0s)
Tip
Nb Tip removed: 0 (0s)
Nb errors removed: 7 (0s)
Superbubble
Nb superbubble removed: 0 0 (0s)
Tip
Nb Tip removed: 0 (0s)
Nb errors removed: 14 (0s)
Superbubble
Nb superbubble removed: 4 0 (0s)
Tip
Nb Tip removed: 0 (0s)
Nb errors removed: 3 (0s)
Superbubble
Nb superbubble removed: 0 0 (0s)
Tip
Nb Tip removed: 0 (0s)
Nb errors removed: 1 (0s)
Superbubble
Nb superbubble removed: 0 0 (0s)
Tip
Nb Tip removed: 0 (0s)
Nb errors removed: 1 (0s)
Superbubble
Nb superbubble removed: 0 0 (0s)
Tip
Nb Tip removed: 0 (0s)
Nb errors removed: 1 (0s)
Superbubble
Nb superbubble removed: 0 0 (0s)
Tip
Nb Tip removed: 0 (0s)
Nb errors removed: 3 (0s)
Superbubble
Nb superbubble removed: 0 0 (0s)
Tip
Nb Tip removed: 0 (0s)
Nb errors removed: 2 (0s)
Superbubble
Nb superbubble removed: 0 0 (0s)
Tip
Nb Tip removed: 0 (0s)
Nb errors removed: 2 (0s)
Superbubble
Nb superbubble removed: 0 0 (0s)
Tip
Nb Tip removed: 0 (0s)
Checksum: 0
Checksum abundnace: 0
Generating contigs
45.2593
28.1025
21.1138
17.4494
15.8631
14.421
13.11
11.9182
10.8347
9.84974
8.14028
7.40025
6.11591
5.05447
4.17725
3.13843
2.14359
0


metaMDBG toMinspace  /var/folders/zg/vq0dnx517c54hg87dyqjky740000gn/T/.tmpwTqywI/tmp/ /var/folders/zg/vq0dnx517c54hg87dyqjky740000gn/T/.tmpwTqywI/tmp//contigs.nodepath /var/folders/zg/vq0dnx517c54hg87dyqjky740000gn/T/.tmpwTqywI/tmp//unitig_data.txt --threads 10

Input dir: /var/folders/zg/vq0dnx517c54hg87dyqjky740000gn/T/.tmpwTqywI/tmp/
Minimizer length: 15
Kminmer length: 93
Density: 0.005

Loading unitig sequences

Creating mContigs

Contig filename: /var/folders/zg/vq0dnx517c54hg87dyqjky740000gn/T/.tmpwTqywI/tmp//unitig_data.txt
pass done: 93
Multi-k pass: 94/209


metaMDBG graph /var/folders/zg/vq0dnx517c54hg87dyqjky740000gn/T/.tmpwTqywI/tmp/ --threads 10 --corrected-read 

Contig filename: 
Output dir: /var/folders/zg/vq0dnx517c54hg87dyqjky740000gn/T/.tmpwTqywI/tmp/
Minimizer length: 15
Kminmer length: 94
Density: 0.005
Min abundance: 0

Loading refined abundances
	Duration: 0
Collecting kminmers
Building mdbg
Duration: 0
Nb solid kminmers: 35372
Nb small contigs written: 0
Dump kminmer abundances
	Duration: 0
Indexing edges
Edge index size: 35371
Edge index elements: 64445
	Duration: 0
Compute unitig nodes
	Duration: 0
Index unitig edges
	Duration: 0
Compute unitig edges
	Duration: 0
Dump unitig abundances
	Duration: 0
Nb edges:   0


metaMDBG contig  /var/folders/zg/vq0dnx517c54hg87dyqjky740000gn/T/.tmpwTqywI/tmp/ --threads 10

Input dir: /var/folders/zg/vq0dnx517c54hg87dyqjky740000gn/T/.tmpwTqywI/tmp/
Minimizer length: 15
Kminmer length: 94
Density: 0.005

Loading unitig graph
Load unitigs
Nb unitigs: 826
Nb minimizers: 112190
Add unitig abundances
Sorting abundances
Add unitig edges
Nb unitig edges: 1656
Sorting unitig edges
Done loading unitig graph
Simplifying
Max abundance: 43
Nb unitigs: 826
Superbubble
Nb superbubble removed: 22 0 (0s)
Tip
Nb Tip removed: 267 (0s)
Superbubble
Nb superbubble removed: 60 0 (0s)
Tip
Nb Tip removed: 0 (0s)
Nb errors removed: 141 (0s)
Superbubble
Nb superbubble removed: 4 0 (0s)
Tip
Nb Tip removed: 0 (0s)
Nb errors removed: 64 (0s)
Superbubble
Nb superbubble removed: 4 0 (0s)
Tip
Nb Tip removed: 0 (0s)
Nb errors removed: 38 (0s)
Superbubble
Nb superbubble removed: 0 0 (0s)
Tip
Nb Tip removed: 0 (0s)
Nb errors removed: 26 (0s)
Superbubble
Nb superbubble removed: 0 0 (0s)
Tip
Nb Tip removed: 0 (0s)
Nb errors removed: 17 (0s)
Superbubble
Nb superbubble removed: 0 0 (0s)
Tip
Nb Tip removed: 0 (0s)
Nb errors removed: 24 (0s)
Superbubble
Nb superbubble removed: 0 0 (0s)
Tip
Nb Tip removed: 0 (0s)
Nb errors removed: 9 (0s)
Superbubble
Nb superbubble removed: 0 0 (0s)
Tip
Nb Tip removed: 0 (0s)
Nb errors removed: 19 (0s)
Superbubble
Nb superbubble removed: 4 0 (0s)
Tip
Nb Tip removed: 0 (0s)
Nb errors removed: 7 (0s)
Superbubble
Nb superbubble removed: 0 0 (0s)
Tip
Nb Tip removed: 0 (0s)
Nb errors removed: 15 (0s)
Superbubble
Nb superbubble removed: 4 0 (0s)
Tip
Nb Tip removed: 0 (0s)
Nb errors removed: 3 (0s)
Superbubble
Nb superbubble removed: 0 0 (0s)
Tip
Nb Tip removed: 0 (0s)
Nb errors removed: 1 (0s)
Superbubble
Nb superbubble removed: 0 0 (0s)
Tip
Nb Tip removed: 0 (0s)
Nb errors removed: 1 (0s)
Superbubble
Nb superbubble removed: 0 0 (0s)
Tip
Nb Tip removed: 0 (0s)
Nb errors removed: 1 (0s)
Superbubble
Nb superbubble removed: 0 0 (0s)
Tip
Nb Tip removed: 0 (0s)
Nb errors removed: 3 (0s)
Superbubble
Nb superbubble removed: 0 0 (0s)
Tip
Nb Tip removed: 0 (0s)
Nb errors removed: 2 (0s)
Superbubble
Nb superbubble removed: 0 0 (0s)
Tip
Nb Tip removed: 0 (0s)
Nb errors removed: 2 (0s)
Superbubble
Nb superbubble removed: 0 0 (0s)
Tip
Nb Tip removed: 0 (0s)
Checksum: 0
Checksum abundnace: 0
Generating contigs
45.2593
28.1025
21.1138
17.4494
15.8631
14.421
13.11
11.9182
10.8347
9.84974
8.14028
7.40025
6.11591
5.05447
4.17725
3.13843
2.14359
0


metaMDBG toMinspace  /var/folders/zg/vq0dnx517c54hg87dyqjky740000gn/T/.tmpwTqywI/tmp/ /var/folders/zg/vq0dnx517c54hg87dyqjky740000gn/T/.tmpwTqywI/tmp//contigs.nodepath /var/folders/zg/vq0dnx517c54hg87dyqjky740000gn/T/.tmpwTqywI/tmp//unitig_data.txt --threads 10

Input dir: /var/folders/zg/vq0dnx517c54hg87dyqjky740000gn/T/.tmpwTqywI/tmp/
Minimizer length: 15
Kminmer length: 94
Density: 0.005

Loading unitig sequences

Creating mContigs

Contig filename: /var/folders/zg/vq0dnx517c54hg87dyqjky740000gn/T/.tmpwTqywI/tmp//unitig_data.txt
pass done: 94
Multi-k pass: 95/209


metaMDBG graph /var/folders/zg/vq0dnx517c54hg87dyqjky740000gn/T/.tmpwTqywI/tmp/ --threads 10 --corrected-read 

Contig filename: 
Output dir: /var/folders/zg/vq0dnx517c54hg87dyqjky740000gn/T/.tmpwTqywI/tmp/
Minimizer length: 15
Kminmer length: 95
Density: 0.005
Min abundance: 0

Loading refined abundances
	Duration: 0
Collecting kminmers
Building mdbg
Duration: 0
Nb solid kminmers: 35369
Nb small contigs written: 0
Dump kminmer abundances
	Duration: 0
Indexing edges
Edge index size: 35371
Edge index elements: 64010
	Duration: 0
Compute unitig nodes
	Duration: 0
Index unitig edges
	Duration: 0
Compute unitig edges
	Duration: 0
Dump unitig abundances
	Duration: 0
Nb edges:   0


metaMDBG contig  /var/folders/zg/vq0dnx517c54hg87dyqjky740000gn/T/.tmpwTqywI/tmp/ --threads 10

Input dir: /var/folders/zg/vq0dnx517c54hg87dyqjky740000gn/T/.tmpwTqywI/tmp/
Minimizer length: 15
Kminmer length: 95
Density: 0.005

Loading unitig graph
Load unitigs
Nb unitigs: 820
Nb minimizers: 112449
Add unitig abundances
Sorting abundances
Add unitig edges
Nb unitig edges: 1640
Sorting unitig edges
Done loading unitig graph
Simplifying
Max abundance: 43
Nb unitigs: 820
Superbubble
Nb superbubble removed: 20 0 (0s)
Tip
Nb Tip removed: 269 (0s)
Superbubble
Nb superbubble removed: 58 0 (0s)
Tip
Nb Tip removed: 0 (0s)
Nb errors removed: 139 (0s)
Superbubble
Nb superbubble removed: 4 0 (0s)
Tip
Nb Tip removed: 0 (0s)
Nb errors removed: 64 (0s)
Superbubble
Nb superbubble removed: 4 0 (0s)
Tip
Nb Tip removed: 0 (0s)
Nb errors removed: 38 (0s)
Superbubble
Nb superbubble removed: 0 0 (0s)
Tip
Nb Tip removed: 0 (0s)
Nb errors removed: 26 (0s)
Superbubble
Nb superbubble removed: 0 0 (0s)
Tip
Nb Tip removed: 0 (0s)
Nb errors removed: 17 (0s)
Superbubble
Nb superbubble removed: 0 0 (0s)
Tip
Nb Tip removed: 0 (0s)
Nb errors removed: 24 (0s)
Superbubble
Nb superbubble removed: 0 0 (0s)
Tip
Nb Tip removed: 0 (0s)
Nb errors removed: 9 (0s)
Superbubble
Nb superbubble removed: 0 0 (0s)
Tip
Nb Tip removed: 0 (0s)
Nb errors removed: 20 (0s)
Superbubble
Nb superbubble removed: 4 0 (0s)
Tip
Nb Tip removed: 0 (0s)
Nb errors removed: 8 (0s)
Superbubble
Nb superbubble removed: 0 0 (0s)
Tip
Nb Tip removed: 0 (0s)
Nb errors removed: 17 (0s)
Superbubble
Nb superbubble removed: 4 0 (0s)
Tip
Nb Tip removed: 0 (0s)
Nb errors removed: 3 (0s)
Superbubble
Nb superbubble removed: 0 0 (0s)
Tip
Nb Tip removed: 0 (0s)
Nb errors removed: 1 (0s)
Superbubble
Nb superbubble removed: 0 0 (0s)
Tip
Nb Tip removed: 0 (0s)
Nb errors removed: 1 (0s)
Superbubble
Nb superbubble removed: 0 0 (0s)
Tip
Nb Tip removed: 0 (0s)
Nb errors removed: 1 (0s)
Superbubble
Nb superbubble removed: 0 0 (0s)
Tip
Nb Tip removed: 0 (0s)
Nb errors removed: 3 (0s)
Superbubble
Nb superbubble removed: 0 0 (0s)
Tip
Nb Tip removed: 0 (0s)
Nb errors removed: 2 (0s)
Superbubble
Nb superbubble removed: 0 0 (0s)
Tip
Nb Tip removed: 0 (0s)
Nb errors removed: 2 (0s)
Superbubble
Nb superbubble removed: 0 0 (0s)
Tip
Nb Tip removed: 0 (0s)
Checksum: 0
Checksum abundnace: 0
Generating contigs
45.2593
28.1025
21.1138
17.4494
15.8631
14.421
13.11
11.9182
10.8347
9.84974
8.14028
7.40025
6.11591
5.05447
4.17725
3.13843
2.14359
0


metaMDBG toMinspace  /var/folders/zg/vq0dnx517c54hg87dyqjky740000gn/T/.tmpwTqywI/tmp/ /var/folders/zg/vq0dnx517c54hg87dyqjky740000gn/T/.tmpwTqywI/tmp//contigs.nodepath /var/folders/zg/vq0dnx517c54hg87dyqjky740000gn/T/.tmpwTqywI/tmp//unitig_data.txt --threads 10

Input dir: /var/folders/zg/vq0dnx517c54hg87dyqjky740000gn/T/.tmpwTqywI/tmp/
Minimizer length: 15
Kminmer length: 95
Density: 0.005

Loading unitig sequences

Creating mContigs

Contig filename: /var/folders/zg/vq0dnx517c54hg87dyqjky740000gn/T/.tmpwTqywI/tmp//unitig_data.txt
pass done: 95
Multi-k pass: 96/209


metaMDBG graph /var/folders/zg/vq0dnx517c54hg87dyqjky740000gn/T/.tmpwTqywI/tmp/ --threads 10 --corrected-read 

Contig filename: 
Output dir: /var/folders/zg/vq0dnx517c54hg87dyqjky740000gn/T/.tmpwTqywI/tmp/
Minimizer length: 15
Kminmer length: 96
Density: 0.005
Min abundance: 0

Loading refined abundances
	Duration: 0
Collecting kminmers
Building mdbg
Duration: 0
Nb solid kminmers: 35363
Nb small contigs written: 0
Dump kminmer abundances
	Duration: 0
Indexing edges
Edge index size: 35366
Edge index elements: 64531
	Duration: 0
Compute unitig nodes
	Duration: 0
Index unitig edges
	Duration: 0
Compute unitig edges
	Duration: 0
Dump unitig abundances
	Duration: 0
Nb edges:   0


metaMDBG contig  /var/folders/zg/vq0dnx517c54hg87dyqjky740000gn/T/.tmpwTqywI/tmp/ --threads 10

Input dir: /var/folders/zg/vq0dnx517c54hg87dyqjky740000gn/T/.tmpwTqywI/tmp/
Minimizer length: 15
Kminmer length: 96
Density: 0.005

Loading unitig graph
Load unitigs
Nb unitigs: 813
Nb minimizers: 112598
Add unitig abundances
Sorting abundances
Add unitig edges
Nb unitig edges: 1626
Sorting unitig edges
Done loading unitig graph
Simplifying
Max abundance: 43
Nb unitigs: 813
Superbubble
Nb superbubble removed: 18 0 (0s)
Tip
Nb Tip removed: 268 (0s)
Superbubble
Nb superbubble removed: 57 0 (0s)
Tip
Nb Tip removed: 0 (0s)
Nb errors removed: 137 (0s)
Superbubble
Nb superbubble removed: 6 0 (0s)
Tip
Nb Tip removed: 0 (0s)
Nb errors removed: 64 (0s)
Superbubble
Nb superbubble removed: 4 0 (0s)
Tip
Nb Tip removed: 0 (0s)
Nb errors removed: 38 (0s)
Superbubble
Nb superbubble removed: 0 0 (0s)
Tip
Nb Tip removed: 0 (0s)
Nb errors removed: 26 (0s)
Superbubble
Nb superbubble removed: 0 0 (0s)
Tip
Nb Tip removed: 0 (0s)
Nb errors removed: 17 (0s)
Superbubble
Nb superbubble removed: 0 0 (0s)
Tip
Nb Tip removed: 0 (0s)
Nb errors removed: 24 (0s)
Superbubble
Nb superbubble removed: 0 0 (0s)
Tip
Nb Tip removed: 0 (0s)
Nb errors removed: 9 (0s)
Superbubble
Nb superbubble removed: 0 0 (0s)
Tip
Nb Tip removed: 0 (0s)
Nb errors removed: 18 (0s)
Superbubble
Nb superbubble removed: 4 0 (0s)
Tip
Nb Tip removed: 0 (0s)
Nb errors removed: 8 (0s)
Superbubble
Nb superbubble removed: 0 0 (0s)
Tip
Nb Tip removed: 0 (0s)
Nb errors removed: 17 (0s)
Superbubble
Nb superbubble removed: 0 0 (0s)
Tip
Nb Tip removed: 0 (0s)
Nb errors removed: 4 (0s)
Superbubble
Nb superbubble removed: 0 0 (0s)
Tip
Nb Tip removed: 0 (0s)
Nb errors removed: 2 (0s)
Superbubble
Nb superbubble removed: 0 0 (0s)
Tip
Nb Tip removed: 0 (0s)
Nb errors removed: 1 (0s)
Superbubble
Nb superbubble removed: 0 0 (0s)
Tip
Nb Tip removed: 0 (0s)
Nb errors removed: 1 (0s)
Superbubble
Nb superbubble removed: 0 0 (0s)
Tip
Nb Tip removed: 0 (0s)
Nb errors removed: 3 (0s)
Superbubble
Nb superbubble removed: 0 0 (0s)
Tip
Nb Tip removed: 0 (0s)
Nb errors removed: 2 (0s)
Superbubble
Nb superbubble removed: 0 0 (0s)
Tip
Nb Tip removed: 0 (0s)
Nb errors removed: 2 (0s)
Superbubble
Nb superbubble removed: 0 0 (0s)
Tip
Nb Tip removed: 0 (0s)
Checksum: 0
Checksum abundnace: 0
Generating contigs
45.2593
28.1025
21.1138
17.4494
15.8631
14.421
13.11
11.9182
10.8347
9.84974
8.14028
7.40025
6.11591
5.05447
4.17725
3.13843
2.14359
0


metaMDBG toMinspace  /var/folders/zg/vq0dnx517c54hg87dyqjky740000gn/T/.tmpwTqywI/tmp/ /var/folders/zg/vq0dnx517c54hg87dyqjky740000gn/T/.tmpwTqywI/tmp//contigs.nodepath /var/folders/zg/vq0dnx517c54hg87dyqjky740000gn/T/.tmpwTqywI/tmp//unitig_data.txt --threads 10

Input dir: /var/folders/zg/vq0dnx517c54hg87dyqjky740000gn/T/.tmpwTqywI/tmp/
Minimizer length: 15
Kminmer length: 96
Density: 0.005

Loading unitig sequences

Creating mContigs

Contig filename: /var/folders/zg/vq0dnx517c54hg87dyqjky740000gn/T/.tmpwTqywI/tmp//unitig_data.txt
pass done: 96
Multi-k pass: 97/209


metaMDBG graph /var/folders/zg/vq0dnx517c54hg87dyqjky740000gn/T/.tmpwTqywI/tmp/ --threads 10 --corrected-read 

Contig filename: 
Output dir: /var/folders/zg/vq0dnx517c54hg87dyqjky740000gn/T/.tmpwTqywI/tmp/
Minimizer length: 15
Kminmer length: 97
Density: 0.005
Min abundance: 0

Loading refined abundances
	Duration: 0
Collecting kminmers
Building mdbg
Duration: 0
Nb solid kminmers: 35352
Nb small contigs written: 0
Dump kminmer abundances
	Duration: 0
Indexing edges
Edge index size: 35361
Edge index elements: 64456
	Duration: 0
Compute unitig nodes
	Duration: 0
Index unitig edges
	Duration: 0
Compute unitig edges
	Duration: 0
Dump unitig abundances
	Duration: 0
Nb edges:   0


metaMDBG contig  /var/folders/zg/vq0dnx517c54hg87dyqjky740000gn/T/.tmpwTqywI/tmp/ --threads 10

Input dir: /var/folders/zg/vq0dnx517c54hg87dyqjky740000gn/T/.tmpwTqywI/tmp/
Minimizer length: 15
Kminmer length: 97
Density: 0.005

Loading unitig graph
Load unitigs
Nb unitigs: 801
Nb minimizers: 112248
Add unitig abundances
Sorting abundances
Add unitig edges
Nb unitig edges: 1596
Sorting unitig edges
Done loading unitig graph
Simplifying
Max abundance: 43
Nb unitigs: 801
Superbubble
Nb superbubble removed: 18 0 (0s)
Tip
Nb Tip removed: 272 (0s)
Superbubble
Nb superbubble removed: 52 0 (0s)
Tip
Nb Tip removed: 0 (0s)
Nb errors removed: 137 (0s)
Superbubble
Nb superbubble removed: 4 0 (0s)
Tip
Nb Tip removed: 0 (0s)
Nb errors removed: 65 (0s)
Superbubble
Nb superbubble removed: 2 0 (0s)
Tip
Nb Tip removed: 0 (0s)
Nb errors removed: 37 (0s)
Superbubble
Nb superbubble removed: 0 0 (0s)
Tip
Nb Tip removed: 0 (0s)
Nb errors removed: 26 (0s)
Superbubble
Nb superbubble removed: 2 0 (0s)
Tip
Nb Tip removed: 0 (0s)
Nb errors removed: 17 (0s)
Superbubble
Nb superbubble removed: 0 0 (0s)
Tip
Nb Tip removed: 0 (0s)
Nb errors removed: 25 (0s)
Superbubble
Nb superbubble removed: 0 0 (0s)
Tip
Nb Tip removed: 0 (0s)
Nb errors removed: 8 (0s)
Superbubble
Nb superbubble removed: 0 0 (0s)
Tip
Nb Tip removed: 0 (0s)
Nb errors removed: 18 (0s)
Superbubble
Nb superbubble removed: 4 0 (0s)
Tip
Nb Tip removed: 0 (0s)
Nb errors removed: 7 (0s)
Superbubble
Nb superbubble removed: 0 0 (0s)
Tip
Nb Tip removed: 0 (0s)
Nb errors removed: 22 (0s)
Superbubble
Nb superbubble removed: 0 0 (0s)
Tip
Nb Tip removed: 0 (0s)
Nb errors removed: 6 (0s)
Superbubble
Nb superbubble removed: 0 0 (0s)
Tip
Nb Tip removed: 0 (0s)
Nb errors removed: 2 (0s)
Superbubble
Nb superbubble removed: 0 0 (0s)
Tip
Nb Tip removed: 0 (0s)
Nb errors removed: 1 (0s)
Superbubble
Nb superbubble removed: 0 0 (0s)
Tip
Nb Tip removed: 0 (0s)
Nb errors removed: 1 (0s)
Superbubble
Nb superbubble removed: 0 0 (0s)
Tip
Nb Tip removed: 0 (0s)
Nb errors removed: 3 (0s)
Superbubble
Nb superbubble removed: 0 0 (0s)
Tip
Nb Tip removed: 0 (0s)
Nb errors removed: 2 (0s)
Superbubble
Nb superbubble removed: 0 0 (0s)
Tip
Nb Tip removed: 0 (0s)
Nb errors removed: 2 (0s)
Superbubble
Nb superbubble removed: 0 0 (0s)
Tip
Nb Tip removed: 0 (0s)
Checksum: 0
Checksum abundnace: 0
Generating contigs
45.2593
28.1025
21.1138
17.4494
15.8631
14.421
13.11
11.9182
10.8347
9.84974
8.14028
7.40025
6.11591
5.05447
4.17725
3.13843
2.14359
0


metaMDBG toMinspace  /var/folders/zg/vq0dnx517c54hg87dyqjky740000gn/T/.tmpwTqywI/tmp/ /var/folders/zg/vq0dnx517c54hg87dyqjky740000gn/T/.tmpwTqywI/tmp//contigs.nodepath /var/folders/zg/vq0dnx517c54hg87dyqjky740000gn/T/.tmpwTqywI/tmp//unitig_data.txt --threads 10

Input dir: /var/folders/zg/vq0dnx517c54hg87dyqjky740000gn/T/.tmpwTqywI/tmp/
Minimizer length: 15
Kminmer length: 97
Density: 0.005

Loading unitig sequences

Creating mContigs

Contig filename: /var/folders/zg/vq0dnx517c54hg87dyqjky740000gn/T/.tmpwTqywI/tmp//unitig_data.txt
pass done: 97
Multi-k pass: 98/209


metaMDBG graph /var/folders/zg/vq0dnx517c54hg87dyqjky740000gn/T/.tmpwTqywI/tmp/ --threads 10 --corrected-read 

Contig filename: 
Output dir: /var/folders/zg/vq0dnx517c54hg87dyqjky740000gn/T/.tmpwTqywI/tmp/
Minimizer length: 15
Kminmer length: 98
Density: 0.005
Min abundance: 0

Loading refined abundances
	Duration: 0
Collecting kminmers
Building mdbg
Duration: 0
Nb solid kminmers: 35335
Nb small contigs written: 0
Dump kminmer abundances
	Duration: 0
Indexing edges
Edge index size: 35352
Edge index elements: 64649
	Duration: 0
Compute unitig nodes
	Duration: 0
Index unitig edges
	Duration: 0
Compute unitig edges
	Duration: 0
Dump unitig abundances
	Duration: 0
Nb edges:   0


metaMDBG contig  /var/folders/zg/vq0dnx517c54hg87dyqjky740000gn/T/.tmpwTqywI/tmp/ --threads 10

Input dir: /var/folders/zg/vq0dnx517c54hg87dyqjky740000gn/T/.tmpwTqywI/tmp/
Minimizer length: 15
Kminmer length: 98
Density: 0.005

Loading unitig graph
Load unitigs
Nb unitigs: 795
Nb minimizers: 112450
Add unitig abundances
Sorting abundances
Add unitig edges
Nb unitig edges: 1560
Sorting unitig edges
Done loading unitig graph
Simplifying
Max abundance: 43
Nb unitigs: 795
Superbubble
Nb superbubble removed: 22 0 (0s)
Tip
Nb Tip removed: 267 (0s)
Superbubble
Nb superbubble removed: 44 0 (0s)
Tip
Nb Tip removed: 0 (0s)
Nb errors removed: 136 (0s)
Superbubble
Nb superbubble removed: 4 0 (0s)
Tip
Nb Tip removed: 0 (0s)
Nb errors removed: 66 (0s)
Superbubble
Nb superbubble removed: 2 0 (0s)
Tip
Nb Tip removed: 0 (0s)
Nb errors removed: 37 (0s)
Superbubble
Nb superbubble removed: 0 0 (0s)
Tip
Nb Tip removed: 0 (0s)
Nb errors removed: 25 (0s)
Superbubble
Nb superbubble removed: 2 0 (0s)
Tip
Nb Tip removed: 0 (0s)
Nb errors removed: 17 (0s)
Superbubble
Nb superbubble removed: 0 0 (0s)
Tip
Nb Tip removed: 0 (0s)
Nb errors removed: 28 (0s)
Superbubble
Nb superbubble removed: 0 0 (0s)
Tip
Nb Tip removed: 0 (0s)
Nb errors removed: 8 (0s)
Superbubble
Nb superbubble removed: 0 0 (0s)
Tip
Nb Tip removed: 0 (0s)
Nb errors removed: 18 (0s)
Superbubble
Nb superbubble removed: 4 0 (0s)
Tip
Nb Tip removed: 0 (0s)
Nb errors removed: 7 (0s)
Superbubble
Nb superbubble removed: 0 0 (0s)
Tip
Nb Tip removed: 0 (0s)
Nb errors removed: 22 (0s)
Superbubble
Nb superbubble removed: 0 0 (0s)
Tip
Nb Tip removed: 0 (0s)
Nb errors removed: 6 (0s)
Superbubble
Nb superbubble removed: 0 0 (0s)
Tip
Nb Tip removed: 0 (0s)
Nb errors removed: 2 (0s)
Superbubble
Nb superbubble removed: 0 0 (0s)
Tip
Nb Tip removed: 0 (0s)
Nb errors removed: 1 (0s)
Superbubble
Nb superbubble removed: 0 0 (0s)
Tip
Nb Tip removed: 0 (0s)
Nb errors removed: 1 (0s)
Superbubble
Nb superbubble removed: 0 0 (0s)
Tip
Nb Tip removed: 0 (0s)
Nb errors removed: 3 (0s)
Superbubble
Nb superbubble removed: 0 0 (0s)
Tip
Nb Tip removed: 0 (0s)
Nb errors removed: 2 (0s)
Superbubble
Nb superbubble removed: 0 0 (0s)
Tip
Nb Tip removed: 0 (0s)
Nb errors removed: 2 (0s)
Superbubble
Nb superbubble removed: 0 0 (0s)
Tip
Nb Tip removed: 0 (0s)
Checksum: 0
Checksum abundnace: 0
Generating contigs
45.2593
28.1025
21.1138
17.4494
15.8631
14.421
13.11
11.9182
10.8347
9.84974
8.14028
7.40025
6.11591
5.05447
4.17725
3.13843
2.14359
0


metaMDBG toMinspace  /var/folders/zg/vq0dnx517c54hg87dyqjky740000gn/T/.tmpwTqywI/tmp/ /var/folders/zg/vq0dnx517c54hg87dyqjky740000gn/T/.tmpwTqywI/tmp//contigs.nodepath /var/folders/zg/vq0dnx517c54hg87dyqjky740000gn/T/.tmpwTqywI/tmp//unitig_data.txt --threads 10

Input dir: /var/folders/zg/vq0dnx517c54hg87dyqjky740000gn/T/.tmpwTqywI/tmp/
Minimizer length: 15
Kminmer length: 98
Density: 0.005

Loading unitig sequences

Creating mContigs

Contig filename: /var/folders/zg/vq0dnx517c54hg87dyqjky740000gn/T/.tmpwTqywI/tmp//unitig_data.txt
pass done: 98
Multi-k pass: 99/209


metaMDBG graph /var/folders/zg/vq0dnx517c54hg87dyqjky740000gn/T/.tmpwTqywI/tmp/ --threads 10 --corrected-read 

Contig filename: 
Output dir: /var/folders/zg/vq0dnx517c54hg87dyqjky740000gn/T/.tmpwTqywI/tmp/
Minimizer length: 15
Kminmer length: 99
Density: 0.005
Min abundance: 0

Loading refined abundances
	Duration: 0
Collecting kminmers
Building mdbg
Duration: 0
Nb solid kminmers: 35310
Nb small contigs written: 0
Dump kminmer abundances
	Duration: 0
Indexing edges
Edge index size: 35334
Edge index elements: 64683
	Duration: 0
Compute unitig nodes
	Duration: 0
Index unitig edges
	Duration: 0
Compute unitig edges
	Duration: 0
Dump unitig abundances
	Duration: 0
Nb edges:   0


metaMDBG contig  /var/folders/zg/vq0dnx517c54hg87dyqjky740000gn/T/.tmpwTqywI/tmp/ --threads 10

Input dir: /var/folders/zg/vq0dnx517c54hg87dyqjky740000gn/T/.tmpwTqywI/tmp/
Minimizer length: 15
Kminmer length: 99
Density: 0.005

Loading unitig graph
Load unitigs
Nb unitigs: 784
Nb minimizers: 112142
Add unitig abundances
Sorting abundances
Add unitig edges
Nb unitig edges: 1524
Sorting unitig edges
Done loading unitig graph
Simplifying
Max abundance: 43
Nb unitigs: 784
Superbubble
Nb superbubble removed: 22 0 (0s)
Tip
Nb Tip removed: 259 (0s)
Superbubble
Nb superbubble removed: 44 0 (0s)
Tip
Nb Tip removed: 0 (0s)
Nb errors removed: 133 (0s)
Superbubble
Nb superbubble removed: 4 0 (0s)
Tip
Nb Tip removed: 0 (0s)
Nb errors removed: 66 (0s)
Superbubble
Nb superbubble removed: 2 0 (0s)
Tip
Nb Tip removed: 0 (0s)
Nb errors removed: 38 (0s)
Superbubble
Nb superbubble removed: 0 0 (0s)
Tip
Nb Tip removed: 0 (0s)
Nb errors removed: 25 (0s)
Superbubble
Nb superbubble removed: 2 0 (0s)
Tip
Nb Tip removed: 0 (0s)
Nb errors removed: 17 (0s)
Superbubble
Nb superbubble removed: 0 0 (0s)
Tip
Nb Tip removed: 0 (0s)
Nb errors removed: 28 (0s)
Superbubble
Nb superbubble removed: 0 0 (0s)
Tip
Nb Tip removed: 0 (0s)
Nb errors removed: 8 (0s)
Superbubble
Nb superbubble removed: 0 0 (0s)
Tip
Nb Tip removed: 0 (0s)
Nb errors removed: 17 (0s)
Superbubble
Nb superbubble removed: 4 0 (0s)
Tip
Nb Tip removed: 0 (0s)
Nb errors removed: 7 (0s)
Superbubble
Nb superbubble removed: 0 0 (0s)
Tip
Nb Tip removed: 0 (0s)
Nb errors removed: 21 (0s)
Superbubble
Nb superbubble removed: 0 0 (0s)
Tip
Nb Tip removed: 0 (0s)
Nb errors removed: 6 (0s)
Superbubble
Nb superbubble removed: 0 0 (0s)
Tip
Nb Tip removed: 0 (0s)
Nb errors removed: 2 (0s)
Superbubble
Nb superbubble removed: 0 0 (0s)
Tip
Nb Tip removed: 0 (0s)
Nb errors removed: 1 (0s)
Superbubble
Nb superbubble removed: 0 0 (0s)
Tip
Nb Tip removed: 0 (0s)
Nb errors removed: 1 (0s)
Superbubble
Nb superbubble removed: 0 0 (0s)
Tip
Nb Tip removed: 0 (0s)
Nb errors removed: 3 (0s)
Superbubble
Nb superbubble removed: 0 0 (0s)
Tip
Nb Tip removed: 0 (0s)
Nb errors removed: 2 (0s)
Superbubble
Nb superbubble removed: 0 0 (0s)
Tip
Nb Tip removed: 0 (0s)
Nb errors removed: 2 (0s)
Superbubble
Nb superbubble removed: 0 0 (0s)
Tip
Nb Tip removed: 0 (0s)
Checksum: 0
Checksum abundnace: 0
Generating contigs
45.2593
28.1025
21.1138
17.4494
15.8631
14.421
13.11
11.9182
10.8347
9.84974
8.14028
7.40025
6.11591
5.05447
4.17725
3.13843
2.14359
0


metaMDBG toMinspace  /var/folders/zg/vq0dnx517c54hg87dyqjky740000gn/T/.tmpwTqywI/tmp/ /var/folders/zg/vq0dnx517c54hg87dyqjky740000gn/T/.tmpwTqywI/tmp//contigs.nodepath /var/folders/zg/vq0dnx517c54hg87dyqjky740000gn/T/.tmpwTqywI/tmp//unitig_data.txt --threads 10

Input dir: /var/folders/zg/vq0dnx517c54hg87dyqjky740000gn/T/.tmpwTqywI/tmp/
Minimizer length: 15
Kminmer length: 99
Density: 0.005

Loading unitig sequences

Creating mContigs

Contig filename: /var/folders/zg/vq0dnx517c54hg87dyqjky740000gn/T/.tmpwTqywI/tmp//unitig_data.txt
pass done: 99
Multi-k pass: 100/209


metaMDBG graph /var/folders/zg/vq0dnx517c54hg87dyqjky740000gn/T/.tmpwTqywI/tmp/ --threads 10 --corrected-read 

Contig filename: 
Output dir: /var/folders/zg/vq0dnx517c54hg87dyqjky740000gn/T/.tmpwTqywI/tmp/
Minimizer length: 15
Kminmer length: 100
Density: 0.005
Min abundance: 0

Loading refined abundances
	Duration: 0
Collecting kminmers
Building mdbg
Duration: 0
Nb solid kminmers: 35279
Nb small contigs written: 0
Dump kminmer abundances
	Duration: 0
Indexing edges
Edge index size: 35308
Edge index elements: 64686
	Duration: 0
Compute unitig nodes
	Duration: 0
Index unitig edges
	Duration: 0
Compute unitig edges
	Duration: 0
Dump unitig abundances
	Duration: 0
Nb edges:   0


metaMDBG contig  /var/folders/zg/vq0dnx517c54hg87dyqjky740000gn/T/.tmpwTqywI/tmp/ --threads 10

Input dir: /var/folders/zg/vq0dnx517c54hg87dyqjky740000gn/T/.tmpwTqywI/tmp/
Minimizer length: 15
Kminmer length: 100
Density: 0.005

Loading unitig graph
Load unitigs
Nb unitigs: 777
Nb minimizers: 112202
Add unitig abundances
Sorting abundances
Add unitig edges
Nb unitig edges: 1500
Sorting unitig edges
Done loading unitig graph
Simplifying
Max abundance: 43
Nb unitigs: 777
Superbubble
Nb superbubble removed: 22 0 (0s)
Tip
Nb Tip removed: 261 (0s)
Superbubble
Nb superbubble removed: 43 0 (0s)
Tip
Nb Tip removed: 0 (0s)
Nb errors removed: 132 (0s)
Superbubble
Nb superbubble removed: 4 0 (0s)
Tip
Nb Tip removed: 0 (0s)
Nb errors removed: 66 (0s)
Superbubble
Nb superbubble removed: 2 0 (0s)
Tip
Nb Tip removed: 0 (0s)
Nb errors removed: 37 (0s)
Superbubble
Nb superbubble removed: 0 0 (0s)
Tip
Nb Tip removed: 0 (0s)
Nb errors removed: 25 (0s)
Superbubble
Nb superbubble removed: 2 0 (0s)
Tip
Nb Tip removed: 0 (0s)
Nb errors removed: 17 (0s)
Superbubble
Nb superbubble removed: 0 0 (0s)
Tip
Nb Tip removed: 0 (0s)
Nb errors removed: 30 (0s)
Superbubble
Nb superbubble removed: 0 0 (0s)
Tip
Nb Tip removed: 0 (0s)
Nb errors removed: 8 (0s)
Superbubble
Nb superbubble removed: 0 0 (0s)
Tip
Nb Tip removed: 0 (0s)
Nb errors removed: 16 (0s)
Superbubble
Nb superbubble removed: 2 0 (0s)
Tip
Nb Tip removed: 1 (0s)
Superbubble
Nb superbubble removed: 0 0 (0s)
Tip
Nb Tip removed: 0 (0s)
Nb errors removed: 7 (0s)
Superbubble
Nb superbubble removed: 0 0 (0s)
Tip
Nb Tip removed: 0 (0s)
Nb errors removed: 20 (0s)
Superbubble
Nb superbubble removed: 0 0 (0s)
Tip
Nb Tip removed: 0 (0s)
Nb errors removed: 8 (0s)
Superbubble
Nb superbubble removed: 0 0 (0s)
Tip
Nb Tip removed: 0 (0s)
Nb errors removed: 2 (0s)
Superbubble
Nb superbubble removed: 0 0 (0s)
Tip
Nb Tip removed: 0 (0s)
Nb errors removed: 1 (0s)
Superbubble
Nb superbubble removed: 0 0 (0s)
Tip
Nb Tip removed: 0 (0s)
Nb errors removed: 1 (0s)
Superbubble
Nb superbubble removed: 0 0 (0s)
Tip
Nb Tip removed: 0 (0s)
Nb errors removed: 3 (0s)
Superbubble
Nb superbubble removed: 0 0 (0s)
Tip
Nb Tip removed: 0 (0s)
Nb errors removed: 2 (0s)
Superbubble
Nb superbubble removed: 0 0 (0s)
Tip
Nb Tip removed: 0 (0s)
Nb errors removed: 2 (0s)
Superbubble
Nb superbubble removed: 0 0 (0s)
Tip
Nb Tip removed: 0 (0s)
Checksum: 0
Checksum abundnace: 0
Generating contigs
45.2593
28.1025
21.1138
17.4494
15.8631
14.421
13.11
11.9182
10.8347
9.84974
8.14028
7.40025
6.11591
5.05447
4.17725
3.13843
2.14359
0


metaMDBG toMinspace  /var/folders/zg/vq0dnx517c54hg87dyqjky740000gn/T/.tmpwTqywI/tmp/ /var/folders/zg/vq0dnx517c54hg87dyqjky740000gn/T/.tmpwTqywI/tmp//contigs.nodepath /var/folders/zg/vq0dnx517c54hg87dyqjky740000gn/T/.tmpwTqywI/tmp//unitig_data.txt --threads 10

Input dir: /var/folders/zg/vq0dnx517c54hg87dyqjky740000gn/T/.tmpwTqywI/tmp/
Minimizer length: 15
Kminmer length: 100
Density: 0.005

Loading unitig sequences

Creating mContigs

Contig filename: /var/folders/zg/vq0dnx517c54hg87dyqjky740000gn/T/.tmpwTqywI/tmp//unitig_data.txt
pass done: 100
Multi-k pass: 101/209


metaMDBG graph /var/folders/zg/vq0dnx517c54hg87dyqjky740000gn/T/.tmpwTqywI/tmp/ --threads 10 --corrected-read 

Contig filename: 
Output dir: /var/folders/zg/vq0dnx517c54hg87dyqjky740000gn/T/.tmpwTqywI/tmp/
Minimizer length: 15
Kminmer length: 101
Density: 0.005
Min abundance: 0

Loading refined abundances
	Duration: 0
Collecting kminmers
Building mdbg
Duration: 0
Nb solid kminmers: 35241
Nb small contigs written: 0
Dump kminmer abundances
	Duration: 0
Indexing edges
Edge index size: 35277
Edge index elements: 64703
	Duration: 0
Compute unitig nodes
	Duration: 0
Index unitig edges
	Duration: 0
Compute unitig edges
	Duration: 0
Dump unitig abundances
	Duration: 0
Nb edges:   0


metaMDBG contig  /var/folders/zg/vq0dnx517c54hg87dyqjky740000gn/T/.tmpwTqywI/tmp/ --threads 10 --gen-graph 

Input dir: /var/folders/zg/vq0dnx517c54hg87dyqjky740000gn/T/.tmpwTqywI/tmp/
Minimizer length: 15
Kminmer length: 101
Density: 0.005

Loading unitig graph
Load unitigs
Nb unitigs: 768
Nb minimizers: 112041
Add unitig abundances
Sorting abundances
Add unitig edges
Nb unitig edges: 1468
Sorting unitig edges
Done loading unitig graph
Simplifying
Max abundance: 43
Nb unitigs: 768
Superbubble
Nb superbubble removed: 24 0 (0s)
Tip
Nb Tip removed: 256 (0s)
Superbubble
Nb superbubble removed: 38 0 (0s)
Tip
Nb Tip removed: 0 (0s)
Saving unitig graph: /var/folders/zg/vq0dnx517c54hg87dyqjky740000gn/T/.tmpwTqywI/tmp//assembly_graph.gfa
Nb errors removed: 131 (0s)
Superbubble
Nb superbubble removed: 4 0 (0s)
Tip
Nb Tip removed: 0 (0s)
Nb errors removed: 68 (0s)
Superbubble
Nb superbubble removed: 2 0 (0s)
Tip
Nb Tip removed: 0 (0s)
Nb errors removed: 38 (0s)
Superbubble
Nb superbubble removed: 2 0 (0s)
Tip
Nb Tip removed: 0 (0s)
Nb errors removed: 24 (0s)
Superbubble
Nb superbubble removed: 2 0 (0s)
Tip
Nb Tip removed: 0 (0s)
Nb errors removed: 17 (0s)
Superbubble
Nb superbubble removed: 0 0 (0s)
Tip
Nb Tip removed: 0 (0s)
Nb errors removed: 31 (0s)
Superbubble
Nb superbubble removed: 2 0 (0s)
Tip
Nb Tip removed: 0 (0s)
Nb errors removed: 8 (0s)
Superbubble
Nb superbubble removed: 0 0 (0s)
Tip
Nb Tip removed: 0 (0s)
Nb errors removed: 16 (0s)
Superbubble
Nb superbubble removed: 2 0 (0s)
Tip
Nb Tip removed: 1 (0s)
Superbubble
Nb superbubble removed: 0 0 (0s)
Tip
Nb Tip removed: 0 (0s)
Nb errors removed: 7 (0s)
Superbubble
Nb superbubble removed: 0 0 (0s)
Tip
Nb Tip removed: 0 (0s)
Nb errors removed: 20 (0s)
Superbubble
Nb superbubble removed: 0 0 (0s)
Tip
Nb Tip removed: 0 (0s)
Nb errors removed: 8 (0s)
Superbubble
Nb superbubble removed: 0 0 (0s)
Tip
Nb Tip removed: 0 (0s)
Nb errors removed: 2 (0s)
Superbubble
Nb superbubble removed: 0 0 (0s)
Tip
Nb Tip removed: 0 (0s)
Nb errors removed: 1 (0s)
Superbubble
Nb superbubble removed: 0 0 (0s)
Tip
Nb Tip removed: 0 (0s)
Nb errors removed: 1 (0s)
Superbubble
Nb superbubble removed: 0 0 (0s)
Tip
Nb Tip removed: 0 (0s)
Nb errors removed: 3 (0s)
Superbubble
Nb superbubble removed: 0 0 (0s)
Tip
Nb Tip removed: 0 (0s)
Nb errors removed: 2 (0s)
Superbubble
Nb superbubble removed: 0 0 (0s)
Tip
Nb Tip removed: 0 (0s)
Nb errors removed: 2 (0s)
Superbubble
Nb superbubble removed: 0 0 (0s)
Tip
Nb Tip removed: 0 (0s)
Checksum: 0
Checksum abundnace: 0
Generating contigs
45.2593
28.1025
21.1138
17.4494
15.8631
14.421
13.11
11.9182
10.8347
9.84974
8.14028
7.40025
6.11591
5.05447
4.17725
3.13843
2.14359
0


metaMDBG toMinspace  /var/folders/zg/vq0dnx517c54hg87dyqjky740000gn/T/.tmpwTqywI/tmp/ /var/folders/zg/vq0dnx517c54hg87dyqjky740000gn/T/.tmpwTqywI/tmp//contigs.nodepath /var/folders/zg/vq0dnx517c54hg87dyqjky740000gn/T/.tmpwTqywI/tmp//unitig_data.txt --threads 10

Input dir: /var/folders/zg/vq0dnx517c54hg87dyqjky740000gn/T/.tmpwTqywI/tmp/
Minimizer length: 15
Kminmer length: 101
Density: 0.005

Loading unitig sequences

Creating mContigs

Contig filename: /var/folders/zg/vq0dnx517c54hg87dyqjky740000gn/T/.tmpwTqywI/tmp//unitig_data.txt


metaMDBG toMinspace  /var/folders/zg/vq0dnx517c54hg87dyqjky740000gn/T/.tmpwTqywI/tmp/ /var/folders/zg/vq0dnx517c54hg87dyqjky740000gn/T/.tmpwTqywI/tmp//assembly_graph.gfa.unitigs.nodepath /var/folders/zg/vq0dnx517c54hg87dyqjky740000gn/T/.tmpwTqywI/tmp//assembly_graph.gfa.unitigs --threads 10

Input dir: /var/folders/zg/vq0dnx517c54hg87dyqjky740000gn/T/.tmpwTqywI/tmp/
Minimizer length: 15
Kminmer length: 101
Density: 0.005

Loading unitig sequences

Creating mContigs

Contig filename: /var/folders/zg/vq0dnx517c54hg87dyqjky740000gn/T/.tmpwTqywI/tmp//assembly_graph.gfa.unitigs
pass done: 101
Multi-k pass: 102/209


metaMDBG graph /var/folders/zg/vq0dnx517c54hg87dyqjky740000gn/T/.tmpwTqywI/tmp/ --threads 10 --corrected-read 

Contig filename: 
Output dir: /var/folders/zg/vq0dnx517c54hg87dyqjky740000gn/T/.tmpwTqywI/tmp/
Minimizer length: 15
Kminmer length: 102
Density: 0.005
Min abundance: 0

Loading refined abundances
	Duration: 0
Collecting kminmers
Building mdbg
Duration: 0
Nb solid kminmers: 35200
Nb small contigs written: 0
Dump kminmer abundances
	Duration: 0
Indexing edges
Edge index size: 35239
Edge index elements: 64965
	Duration: 0
Compute unitig nodes
	Duration: 0
Index unitig edges
	Duration: 0
Compute unitig edges
	Duration: 0
Dump unitig abundances
	Duration: 0
Nb edges:   0


metaMDBG contig  /var/folders/zg/vq0dnx517c54hg87dyqjky740000gn/T/.tmpwTqywI/tmp/ --threads 10

Input dir: /var/folders/zg/vq0dnx517c54hg87dyqjky740000gn/T/.tmpwTqywI/tmp/
Minimizer length: 15
Kminmer length: 102
Density: 0.005

Loading unitig graph
Load unitigs
Nb unitigs: 760
Nb minimizers: 111960
Add unitig abundances
Sorting abundances
Add unitig edges
Nb unitig edges: 1448
Sorting unitig edges
Done loading unitig graph
Simplifying
Max abundance: 43
Nb unitigs: 760
Superbubble
Nb superbubble removed: 24 0 (0s)
Tip
Nb Tip removed: 253 (0s)
Superbubble
Nb superbubble removed: 38 0 (0s)
Tip
Nb Tip removed: 0 (0s)
Nb errors removed: 130 (0s)
Superbubble
Nb superbubble removed: 4 0 (0s)
Tip
Nb Tip removed: 0 (0s)
Nb errors removed: 68 (0s)
Superbubble
Nb superbubble removed: 2 0 (0s)
Tip
Nb Tip removed: 0 (0s)
Nb errors removed: 38 (0s)
Superbubble
Nb superbubble removed: 2 0 (0s)
Tip
Nb Tip removed: 0 (0s)
Nb errors removed: 24 (0s)
Superbubble
Nb superbubble removed: 2 0 (0s)
Tip
Nb Tip removed: 0 (0s)
Nb errors removed: 17 (0s)
Superbubble
Nb superbubble removed: 0 0 (0s)
Tip
Nb Tip removed: 0 (0s)
Nb errors removed: 31 (0s)
Superbubble
Nb superbubble removed: 2 0 (0s)
Tip
Nb Tip removed: 0 (0s)
Nb errors removed: 8 (0s)
Superbubble
Nb superbubble removed: 0 0 (0s)
Tip
Nb Tip removed: 0 (0s)
Nb errors removed: 16 (0s)
Superbubble
Nb superbubble removed: 2 0 (0s)
Tip
Nb Tip removed: 1 (0s)
Superbubble
Nb superbubble removed: 0 0 (0s)
Tip
Nb Tip removed: 0 (0s)
Nb errors removed: 7 (0s)
Superbubble
Nb superbubble removed: 0 0 (0s)
Tip
Nb Tip removed: 0 (0s)
Nb errors removed: 21 (0s)
Superbubble
Nb superbubble removed: 0 0 (0s)
Tip
Nb Tip removed: 0 (0s)
Nb errors removed: 8 (0s)
Superbubble
Nb superbubble removed: 0 0 (0s)
Tip
Nb Tip removed: 0 (0s)
Nb errors removed: 2 (0s)
Superbubble
Nb superbubble removed: 0 0 (0s)
Tip
Nb Tip removed: 0 (0s)
Nb errors removed: 1 (0s)
Superbubble
Nb superbubble removed: 0 0 (0s)
Tip
Nb Tip removed: 0 (0s)
Nb errors removed: 1 (0s)
Superbubble
Nb superbubble removed: 0 0 (0s)
Tip
Nb Tip removed: 0 (0s)
Nb errors removed: 3 (0s)
Superbubble
Nb superbubble removed: 0 0 (0s)
Tip
Nb Tip removed: 0 (0s)
Nb errors removed: 2 (0s)
Superbubble
Nb superbubble removed: 0 0 (0s)
Tip
Nb Tip removed: 0 (0s)
Nb errors removed: 2 (0s)
Superbubble
Nb superbubble removed: 0 0 (0s)
Tip
Nb Tip removed: 0 (0s)
Checksum: 0
Checksum abundnace: 0
Generating contigs
45.2593
28.1025
21.1138
17.4494
15.8631
14.421
13.11
11.9182
10.8347
9.84974
8.14028
7.40025
6.11591
5.05447
4.17725
3.13843
2.14359
0


metaMDBG toMinspace  /var/folders/zg/vq0dnx517c54hg87dyqjky740000gn/T/.tmpwTqywI/tmp/ /var/folders/zg/vq0dnx517c54hg87dyqjky740000gn/T/.tmpwTqywI/tmp//contigs.nodepath /var/folders/zg/vq0dnx517c54hg87dyqjky740000gn/T/.tmpwTqywI/tmp//unitig_data.txt --threads 10

Input dir: /var/folders/zg/vq0dnx517c54hg87dyqjky740000gn/T/.tmpwTqywI/tmp/
Minimizer length: 15
Kminmer length: 102
Density: 0.005

Loading unitig sequences

Creating mContigs

Contig filename: /var/folders/zg/vq0dnx517c54hg87dyqjky740000gn/T/.tmpwTqywI/tmp//unitig_data.txt
pass done: 102
Multi-k pass: 103/209


metaMDBG graph /var/folders/zg/vq0dnx517c54hg87dyqjky740000gn/T/.tmpwTqywI/tmp/ --threads 10 --corrected-read 

Contig filename: 
Output dir: /var/folders/zg/vq0dnx517c54hg87dyqjky740000gn/T/.tmpwTqywI/tmp/
Minimizer length: 15
Kminmer length: 103
Density: 0.005
Min abundance: 0

Loading refined abundances
	Duration: 0
Collecting kminmers
Building mdbg
Duration: 0
Nb solid kminmers: 35156
Nb small contigs written: 0
Dump kminmer abundances
	Duration: 0
Indexing edges
Edge index size: 35199
Edge index elements: 64938
	Duration: 0
Compute unitig nodes
	Duration: 0
Index unitig edges
	Duration: 0
Compute unitig edges
	Duration: 0
Dump unitig abundances
	Duration: 0
Nb edges:   0


metaMDBG contig  /var/folders/zg/vq0dnx517c54hg87dyqjky740000gn/T/.tmpwTqywI/tmp/ --threads 10

Input dir: /var/folders/zg/vq0dnx517c54hg87dyqjky740000gn/T/.tmpwTqywI/tmp/
Minimizer length: 15
Kminmer length: 103
Density: 0.005

Loading unitig graph
Load unitigs
Nb unitigs: 760
Nb minimizers: 112676
Add unitig abundances
Sorting abundances
Add unitig edges
Nb unitig edges: 1436
Sorting unitig edges
Done loading unitig graph
Simplifying
Max abundance: 43
Nb unitigs: 760
Superbubble
Nb superbubble removed: 22 0 (0s)
Tip
Nb Tip removed: 252 (0s)
Superbubble
Nb superbubble removed: 38 0 (0s)
Tip
Nb Tip removed: 0 (0s)
Nb errors removed: 129 (0s)
Superbubble
Nb superbubble removed: 4 0 (0s)
Tip
Nb Tip removed: 0 (0s)
Nb errors removed: 68 (0s)
Superbubble
Nb superbubble removed: 2 0 (0s)
Tip
Nb Tip removed: 0 (0s)
Nb errors removed: 38 (0s)
Superbubble
Nb superbubble removed: 2 0 (0s)
Tip
Nb Tip removed: 0 (0s)
Nb errors removed: 24 (0s)
Superbubble
Nb superbubble removed: 2 0 (0s)
Tip
Nb Tip removed: 0 (0s)
Nb errors removed: 19 (0s)
Superbubble
Nb superbubble removed: 0 0 (0s)
Tip
Nb Tip removed: 0 (0s)
Nb errors removed: 30 (0s)
Superbubble
Nb superbubble removed: 2 0 (0s)
Tip
Nb Tip removed: 0 (0s)
Nb errors removed: 8 (0s)
Superbubble
Nb superbubble removed: 0 0 (0s)
Tip
Nb Tip removed: 0 (0s)
Nb errors removed: 16 (0s)
Superbubble
Nb superbubble removed: 2 0 (0s)
Tip
Nb Tip removed: 1 (0s)
Superbubble
Nb superbubble removed: 0 0 (0s)
Tip
Nb Tip removed: 0 (0s)
Nb errors removed: 6 (0s)
Superbubble
Nb superbubble removed: 0 0 (0s)
Tip
Nb Tip removed: 0 (0s)
Nb errors removed: 21 (0s)
Superbubble
Nb superbubble removed: 0 0 (0s)
Tip
Nb Tip removed: 0 (0s)
Nb errors removed: 10 (0s)
Superbubble
Nb superbubble removed: 0 0 (0s)
Tip
Nb Tip removed: 0 (0s)
Nb errors removed: 2 (0s)
Superbubble
Nb superbubble removed: 0 0 (0s)
Tip
Nb Tip removed: 0 (0s)
Nb errors removed: 1 (0s)
Superbubble
Nb superbubble removed: 0 0 (0s)
Tip
Nb Tip removed: 0 (0s)
Nb errors removed: 1 (0s)
Superbubble
Nb superbubble removed: 0 0 (0s)
Tip
Nb Tip removed: 0 (0s)
Nb errors removed: 3 (0s)
Superbubble
Nb superbubble removed: 0 0 (0s)
Tip
Nb Tip removed: 0 (0s)
Nb errors removed: 2 (0s)
Superbubble
Nb superbubble removed: 0 0 (0s)
Tip
Nb Tip removed: 0 (0s)
Nb errors removed: 2 (0s)
Superbubble
Nb superbubble removed: 0 0 (0s)
Tip
Nb Tip removed: 0 (0s)
Checksum: 0
Checksum abundnace: 0
Generating contigs
45.2593
28.1025
21.1138
17.4494
15.8631
14.421
13.11
11.9182
10.8347
9.84974
8.14028
7.40025
6.11591
5.05447
4.17725
3.13843
2.14359
0


metaMDBG toMinspace  /var/folders/zg/vq0dnx517c54hg87dyqjky740000gn/T/.tmpwTqywI/tmp/ /var/folders/zg/vq0dnx517c54hg87dyqjky740000gn/T/.tmpwTqywI/tmp//contigs.nodepath /var/folders/zg/vq0dnx517c54hg87dyqjky740000gn/T/.tmpwTqywI/tmp//unitig_data.txt --threads 10

Input dir: /var/folders/zg/vq0dnx517c54hg87dyqjky740000gn/T/.tmpwTqywI/tmp/
Minimizer length: 15
Kminmer length: 103
Density: 0.005

Loading unitig sequences

Creating mContigs

Contig filename: /var/folders/zg/vq0dnx517c54hg87dyqjky740000gn/T/.tmpwTqywI/tmp//unitig_data.txt
pass done: 103
Multi-k pass: 104/209


metaMDBG graph /var/folders/zg/vq0dnx517c54hg87dyqjky740000gn/T/.tmpwTqywI/tmp/ --threads 10 --corrected-read 

Contig filename: 
Output dir: /var/folders/zg/vq0dnx517c54hg87dyqjky740000gn/T/.tmpwTqywI/tmp/
Minimizer length: 15
Kminmer length: 104
Density: 0.005
Min abundance: 0

Loading refined abundances
	Duration: 0
Collecting kminmers
Building mdbg
Duration: 0
Nb solid kminmers: 35112
Nb small contigs written: 0
Dump kminmer abundances
	Duration: 0
Indexing edges
Edge index size: 35152
Edge index elements: 64759
	Duration: 0
Compute unitig nodes
	Duration: 0
Index unitig edges
	Duration: 0
Compute unitig edges
	Duration: 0
Dump unitig abundances
	Duration: 0
Nb edges:   0


metaMDBG contig  /var/folders/zg/vq0dnx517c54hg87dyqjky740000gn/T/.tmpwTqywI/tmp/ --threads 10

Input dir: /var/folders/zg/vq0dnx517c54hg87dyqjky740000gn/T/.tmpwTqywI/tmp/
Minimizer length: 15
Kminmer length: 104
Density: 0.005

Loading unitig graph
Load unitigs
Nb unitigs: 752
Nb minimizers: 112568
Add unitig abundances
Sorting abundances
Add unitig edges
Nb unitig edges: 1428
Sorting unitig edges
Done loading unitig graph
Simplifying
Max abundance: 43
Nb unitigs: 752
Superbubble
Nb superbubble removed: 20 0 (0s)
Tip
Nb Tip removed: 252 (0s)
Superbubble
Nb superbubble removed: 40 0 (0s)
Tip
Nb Tip removed: 0 (0s)
Nb errors removed: 128 (0s)
Superbubble
Nb superbubble removed: 4 0 (0s)
Tip
Nb Tip removed: 0 (0s)
Nb errors removed: 68 (0s)
Superbubble
Nb superbubble removed: 2 0 (0s)
Tip
Nb Tip removed: 0 (0s)
Nb errors removed: 38 (0s)
Superbubble
Nb superbubble removed: 2 0 (0s)
Tip
Nb Tip removed: 0 (0s)
Nb errors removed: 24 (0s)
Superbubble
Nb superbubble removed: 2 0 (0s)
Tip
Nb Tip removed: 0 (0s)
Nb errors removed: 18 (0s)
Superbubble
Nb superbubble removed: 0 0 (0s)
Tip
Nb Tip removed: 0 (0s)
Nb errors removed: 29 (0s)
Superbubble
Nb superbubble removed: 2 0 (0s)
Tip
Nb Tip removed: 0 (0s)
Nb errors removed: 8 (0s)
Superbubble
Nb superbubble removed: 0 0 (0s)
Tip
Nb Tip removed: 0 (0s)
Nb errors removed: 14 (0s)
Superbubble
Nb superbubble removed: 2 0 (0s)
Tip
Nb Tip removed: 0 (0s)
Nb errors removed: 6 (0s)
Superbubble
Nb superbubble removed: 0 0 (0s)
Tip
Nb Tip removed: 0 (0s)
Nb errors removed: 20 (0s)
Superbubble
Nb superbubble removed: 0 0 (0s)
Tip
Nb Tip removed: 0 (0s)
Nb errors removed: 10 (0s)
Superbubble
Nb superbubble removed: 0 0 (0s)
Tip
Nb Tip removed: 0 (0s)
Nb errors removed: 2 (0s)
Superbubble
Nb superbubble removed: 0 0 (0s)
Tip
Nb Tip removed: 0 (0s)
Nb errors removed: 1 (0s)
Superbubble
Nb superbubble removed: 0 0 (0s)
Tip
Nb Tip removed: 0 (0s)
Nb errors removed: 1 (0s)
Superbubble
Nb superbubble removed: 0 0 (0s)
Tip
Nb Tip removed: 0 (0s)
Nb errors removed: 3 (0s)
Superbubble
Nb superbubble removed: 0 0 (0s)
Tip
Nb Tip removed: 0 (0s)
Nb errors removed: 2 (0s)
Superbubble
Nb superbubble removed: 0 0 (0s)
Tip
Nb Tip removed: 0 (0s)
Nb errors removed: 2 (0s)
Superbubble
Nb superbubble removed: 0 0 (0s)
Tip
Nb Tip removed: 0 (0s)
Checksum: 0
Checksum abundnace: 0
Generating contigs
45.2593
28.1025
21.1138
17.4494
15.8631
14.421
13.11
11.9182
10.8347
9.84974
8.14028
7.40025
6.11591
5.05447
4.17725
3.13843
2.14359
0


metaMDBG toMinspace  /var/folders/zg/vq0dnx517c54hg87dyqjky740000gn/T/.tmpwTqywI/tmp/ /var/folders/zg/vq0dnx517c54hg87dyqjky740000gn/T/.tmpwTqywI/tmp//contigs.nodepath /var/folders/zg/vq0dnx517c54hg87dyqjky740000gn/T/.tmpwTqywI/tmp//unitig_data.txt --threads 10

Input dir: /var/folders/zg/vq0dnx517c54hg87dyqjky740000gn/T/.tmpwTqywI/tmp/
Minimizer length: 15
Kminmer length: 104
Density: 0.005

Loading unitig sequences

Creating mContigs

Contig filename: /var/folders/zg/vq0dnx517c54hg87dyqjky740000gn/T/.tmpwTqywI/tmp//unitig_data.txt
pass done: 104
Multi-k pass: 105/209


metaMDBG graph /var/folders/zg/vq0dnx517c54hg87dyqjky740000gn/T/.tmpwTqywI/tmp/ --threads 10 --corrected-read 

Contig filename: 
Output dir: /var/folders/zg/vq0dnx517c54hg87dyqjky740000gn/T/.tmpwTqywI/tmp/
Minimizer length: 15
Kminmer length: 105
Density: 0.005
Min abundance: 0

Loading refined abundances
	Duration: 0
Collecting kminmers
Building mdbg
Duration: 0
Nb solid kminmers: 35065
Nb small contigs written: 0
Dump kminmer abundances
	Duration: 0
Indexing edges
Edge index size: 35108
Edge index elements: 64849
	Duration: 0
Compute unitig nodes
	Duration: 0
Index unitig edges
	Duration: 0
Compute unitig edges
	Duration: 0
Dump unitig abundances
	Duration: 0
Nb edges:   0


metaMDBG contig  /var/folders/zg/vq0dnx517c54hg87dyqjky740000gn/T/.tmpwTqywI/tmp/ --threads 10

Input dir: /var/folders/zg/vq0dnx517c54hg87dyqjky740000gn/T/.tmpwTqywI/tmp/
Minimizer length: 15
Kminmer length: 105
Density: 0.005

Loading unitig graph
Load unitigs
Nb unitigs: 742
Nb minimizers: 112233
Add unitig abundances
Sorting abundances
Add unitig edges
Nb unitig edges: 1404
Sorting unitig edges
Done loading unitig graph
Simplifying
Max abundance: 43
Nb unitigs: 742
Superbubble
Nb superbubble removed: 16 0 (0s)
Tip
Nb Tip removed: 256 (0s)
Superbubble
Nb superbubble removed: 32 0 (0s)
Tip
Nb Tip removed: 0 (0s)
Nb errors removed: 128 (0s)
Superbubble
Nb superbubble removed: 4 0 (0s)
Tip
Nb Tip removed: 0 (0s)
Nb errors removed: 67 (0s)
Superbubble
Nb superbubble removed: 2 0 (0s)
Tip
Nb Tip removed: 0 (0s)
Nb errors removed: 38 (0s)
Superbubble
Nb superbubble removed: 2 0 (0s)
Tip
Nb Tip removed: 0 (0s)
Nb errors removed: 24 (0s)
Superbubble
Nb superbubble removed: 2 0 (0s)
Tip
Nb Tip removed: 0 (0s)
Nb errors removed: 18 (0s)
Superbubble
Nb superbubble removed: 0 0 (0s)
Tip
Nb Tip removed: 0 (0s)
Nb errors removed: 28 (0s)
Superbubble
Nb superbubble removed: 2 0 (0s)
Tip
Nb Tip removed: 0 (0s)
Nb errors removed: 8 (0s)
Superbubble
Nb superbubble removed: 0 0 (0s)
Tip
Nb Tip removed: 0 (0s)
Nb errors removed: 14 (0s)
Superbubble
Nb superbubble removed: 2 0 (0s)
Tip
Nb Tip removed: 0 (0s)
Nb errors removed: 8 (0s)
Superbubble
Nb superbubble removed: 0 0 (0s)
Tip
Nb Tip removed: 0 (0s)
Nb errors removed: 21 (0s)
Superbubble
Nb superbubble removed: 0 0 (0s)
Tip
Nb Tip removed: 0 (0s)
Nb errors removed: 12 (0s)
Superbubble
Nb superbubble removed: 0 0 (0s)
Tip
Nb Tip removed: 0 (0s)
Nb errors removed: 2 (0s)
Superbubble
Nb superbubble removed: 0 0 (0s)
Tip
Nb Tip removed: 0 (0s)
Nb errors removed: 1 (0s)
Superbubble
Nb superbubble removed: 0 0 (0s)
Tip
Nb Tip removed: 0 (0s)
Nb errors removed: 1 (0s)
Superbubble
Nb superbubble removed: 0 0 (0s)
Tip
Nb Tip removed: 0 (0s)
Nb errors removed: 3 (0s)
Superbubble
Nb superbubble removed: 0 0 (0s)
Tip
Nb Tip removed: 0 (0s)
Nb errors removed: 2 (0s)
Superbubble
Nb superbubble removed: 0 0 (0s)
Tip
Nb Tip removed: 0 (0s)
Nb errors removed: 2 (0s)
Superbubble
Nb superbubble removed: 0 0 (0s)
Tip
Nb Tip removed: 0 (0s)
Checksum: 0
Checksum abundnace: 0
Generating contigs
45.2593
28.1025
21.1138
17.4494
15.8631
14.421
13.11
11.9182
10.8347
9.84974
8.14028
7.40025
6.11591
5.05447
4.17725
3.13843
2.14359
0


metaMDBG toMinspace  /var/folders/zg/vq0dnx517c54hg87dyqjky740000gn/T/.tmpwTqywI/tmp/ /var/folders/zg/vq0dnx517c54hg87dyqjky740000gn/T/.tmpwTqywI/tmp//contigs.nodepath /var/folders/zg/vq0dnx517c54hg87dyqjky740000gn/T/.tmpwTqywI/tmp//unitig_data.txt --threads 10

Input dir: /var/folders/zg/vq0dnx517c54hg87dyqjky740000gn/T/.tmpwTqywI/tmp/
Minimizer length: 15
Kminmer length: 105
Density: 0.005

Loading unitig sequences

Creating mContigs

Contig filename: /var/folders/zg/vq0dnx517c54hg87dyqjky740000gn/T/.tmpwTqywI/tmp//unitig_data.txt
pass done: 105
Multi-k pass: 106/209


metaMDBG graph /var/folders/zg/vq0dnx517c54hg87dyqjky740000gn/T/.tmpwTqywI/tmp/ --threads 10 --corrected-read 

Contig filename: 
Output dir: /var/folders/zg/vq0dnx517c54hg87dyqjky740000gn/T/.tmpwTqywI/tmp/
Minimizer length: 15
Kminmer length: 106
Density: 0.005
Min abundance: 0

Loading refined abundances
	Duration: 0
Collecting kminmers
Building mdbg
Duration: 0
Nb solid kminmers: 35014
Nb small contigs written: 0
Dump kminmer abundances
	Duration: 0
Indexing edges
Edge index size: 35061
Edge index elements: 64523
	Duration: 0
Compute unitig nodes
	Duration: 0
Index unitig edges
	Duration: 0
Compute unitig edges
	Duration: 0
Dump unitig abundances
	Duration: 0
Nb edges:   0


metaMDBG contig  /var/folders/zg/vq0dnx517c54hg87dyqjky740000gn/T/.tmpwTqywI/tmp/ --threads 10

Input dir: /var/folders/zg/vq0dnx517c54hg87dyqjky740000gn/T/.tmpwTqywI/tmp/
Minimizer length: 15
Kminmer length: 106
Density: 0.005

Loading unitig graph
Load unitigs
Nb unitigs: 729
Nb minimizers: 111559
Add unitig abundances
Sorting abundances
Add unitig edges
Nb unitig edges: 1366
Sorting unitig edges
Done loading unitig graph
Simplifying
Max abundance: 43
Nb unitigs: 729
Superbubble
Nb superbubble removed: 14 0 (0s)
Tip
Nb Tip removed: 252 (0s)
Superbubble
Nb superbubble removed: 30 0 (0s)
Tip
Nb Tip removed: 0 (0s)
Nb errors removed: 126 (0s)
Superbubble
Nb superbubble removed: 2 0 (0s)
Tip
Nb Tip removed: 0 (0s)
Nb errors removed: 67 (0s)
Superbubble
Nb superbubble removed: 2 0 (0s)
Tip
Nb Tip removed: 0 (0s)
Nb errors removed: 38 (0s)
Superbubble
Nb superbubble removed: 2 0 (0s)
Tip
Nb Tip removed: 0 (0s)
Nb errors removed: 23 (0s)
Superbubble
Nb superbubble removed: 2 0 (0s)
Tip
Nb Tip removed: 0 (0s)
Nb errors removed: 19 (0s)
Superbubble
Nb superbubble removed: 0 0 (0s)
Tip
Nb Tip removed: 0 (0s)
Nb errors removed: 26 (0s)
Superbubble
Nb superbubble removed: 2 0 (0s)
Tip
Nb Tip removed: 0 (0s)
Nb errors removed: 8 (0s)
Superbubble
Nb superbubble removed: 0 0 (0s)
Tip
Nb Tip removed: 0 (0s)
Nb errors removed: 14 (0s)
Superbubble
Nb superbubble removed: 2 0 (0s)
Tip
Nb Tip removed: 0 (0s)
Nb errors removed: 8 (0s)
Superbubble
Nb superbubble removed: 0 0 (0s)
Tip
Nb Tip removed: 0 (0s)
Nb errors removed: 21 (0s)
Superbubble
Nb superbubble removed: 0 0 (0s)
Tip
Nb Tip removed: 0 (0s)
Nb errors removed: 13 (0s)
Superbubble
Nb superbubble removed: 0 0 (0s)
Tip
Nb Tip removed: 0 (0s)
Nb errors removed: 2 (0s)
Superbubble
Nb superbubble removed: 0 0 (0s)
Tip
Nb Tip removed: 0 (0s)
Nb errors removed: 1 (0s)
Superbubble
Nb superbubble removed: 0 0 (0s)
Tip
Nb Tip removed: 0 (0s)
Nb errors removed: 1 (0s)
Superbubble
Nb superbubble removed: 0 0 (0s)
Tip
Nb Tip removed: 0 (0s)
Nb errors removed: 3 (0s)
Superbubble
Nb superbubble removed: 0 0 (0s)
Tip
Nb Tip removed: 0 (0s)
Nb errors removed: 2 (0s)
Superbubble
Nb superbubble removed: 0 0 (0s)
Tip
Nb Tip removed: 0 (0s)
Nb errors removed: 2 (0s)
Superbubble
Nb superbubble removed: 0 0 (0s)
Tip
Nb Tip removed: 0 (0s)
Checksum: 0
Checksum abundnace: 0
Generating contigs
45.2593
28.1025
21.1138
17.4494
15.8631
14.421
13.11
11.9182
10.8347
9.84974
8.14028
7.40025
6.11591
5.05447
4.17725
3.13843
2.14359
0


metaMDBG toMinspace  /var/folders/zg/vq0dnx517c54hg87dyqjky740000gn/T/.tmpwTqywI/tmp/ /var/folders/zg/vq0dnx517c54hg87dyqjky740000gn/T/.tmpwTqywI/tmp//contigs.nodepath /var/folders/zg/vq0dnx517c54hg87dyqjky740000gn/T/.tmpwTqywI/tmp//unitig_data.txt --threads 10

Input dir: /var/folders/zg/vq0dnx517c54hg87dyqjky740000gn/T/.tmpwTqywI/tmp/
Minimizer length: 15
Kminmer length: 106
Density: 0.005

Loading unitig sequences

Creating mContigs

Contig filename: /var/folders/zg/vq0dnx517c54hg87dyqjky740000gn/T/.tmpwTqywI/tmp//unitig_data.txt
pass done: 106
Multi-k pass: 107/209


metaMDBG graph /var/folders/zg/vq0dnx517c54hg87dyqjky740000gn/T/.tmpwTqywI/tmp/ --threads 10 --corrected-read 

Contig filename: 
Output dir: /var/folders/zg/vq0dnx517c54hg87dyqjky740000gn/T/.tmpwTqywI/tmp/
Minimizer length: 15
Kminmer length: 107
Density: 0.005
Min abundance: 0

Loading refined abundances
	Duration: 0
Collecting kminmers
Building mdbg
Duration: 0
Nb solid kminmers: 34958
Nb small contigs written: 0
Dump kminmer abundances
	Duration: 0
Indexing edges
Edge index size: 35012
Edge index elements: 64455
	Duration: 0
Compute unitig nodes
	Duration: 0
Index unitig edges
	Duration: 0
Compute unitig edges
	Duration: 0
Dump unitig abundances
	Duration: 0
Nb edges:   0


metaMDBG contig  /var/folders/zg/vq0dnx517c54hg87dyqjky740000gn/T/.tmpwTqywI/tmp/ --threads 10

Input dir: /var/folders/zg/vq0dnx517c54hg87dyqjky740000gn/T/.tmpwTqywI/tmp/
Minimizer length: 15
Kminmer length: 107
Density: 0.005

Loading unitig graph
Load unitigs
Nb unitigs: 717
Nb minimizers: 110960
Add unitig abundances
Sorting abundances
Add unitig edges
Nb unitig edges: 1330
Sorting unitig edges
Done loading unitig graph
Simplifying
Max abundance: 43
Nb unitigs: 717
Superbubble
Nb superbubble removed: 12 0 (0s)
Tip
Nb Tip removed: 245 (0s)
Superbubble
Nb superbubble removed: 30 0 (0s)
Tip
Nb Tip removed: 0 (0s)
Nb errors removed: 125 (0s)
Superbubble
Nb superbubble removed: 2 0 (0s)
Tip
Nb Tip removed: 0 (0s)
Nb errors removed: 68 (0s)
Superbubble
Nb superbubble removed: 2 0 (0s)
Tip
Nb Tip removed: 0 (0s)
Nb errors removed: 37 (0s)
Superbubble
Nb superbubble removed: 2 0 (0s)
Tip
Nb Tip removed: 0 (0s)
Nb errors removed: 24 (0s)
Superbubble
Nb superbubble removed: 2 0 (0s)
Tip
Nb Tip removed: 0 (0s)
Nb errors removed: 19 (0s)
Superbubble
Nb superbubble removed: 0 0 (0s)
Tip
Nb Tip removed: 0 (0s)
Nb errors removed: 26 (0s)
Superbubble
Nb superbubble removed: 2 0 (0s)
Tip
Nb Tip removed: 0 (0s)
Nb errors removed: 8 (0s)
Superbubble
Nb superbubble removed: 0 0 (0s)
Tip
Nb Tip removed: 0 (0s)
Nb errors removed: 14 (0s)
Superbubble
Nb superbubble removed: 2 0 (0s)
Tip
Nb Tip removed: 0 (0s)
Nb errors removed: 8 (0s)
Superbubble
Nb superbubble removed: 0 0 (0s)
Tip
Nb Tip removed: 0 (0s)
Nb errors removed: 21 (0s)
Superbubble
Nb superbubble removed: 0 0 (0s)
Tip
Nb Tip removed: 0 (0s)
Nb errors removed: 11 (0s)
Superbubble
Nb superbubble removed: 0 0 (0s)
Tip
Nb Tip removed: 0 (0s)
Nb errors removed: 2 (0s)
Superbubble
Nb superbubble removed: 0 0 (0s)
Tip
Nb Tip removed: 0 (0s)
Nb errors removed: 1 (0s)
Superbubble
Nb superbubble removed: 0 0 (0s)
Tip
Nb Tip removed: 0 (0s)
Nb errors removed: 1 (0s)
Superbubble
Nb superbubble removed: 0 0 (0s)
Tip
Nb Tip removed: 0 (0s)
Nb errors removed: 3 (0s)
Superbubble
Nb superbubble removed: 0 0 (0s)
Tip
Nb Tip removed: 0 (0s)
Nb errors removed: 2 (0s)
Superbubble
Nb superbubble removed: 0 0 (0s)
Tip
Nb Tip removed: 0 (0s)
Nb errors removed: 2 (0s)
Superbubble
Nb superbubble removed: 0 0 (0s)
Tip
Nb Tip removed: 0 (0s)
Checksum: 0
Checksum abundnace: 0
Generating contigs
45.2593
28.1025
21.1138
17.4494
15.8631
14.421
13.11
11.9182
10.8347
9.84974
8.14028
7.40025
6.11591
5.05447
4.17725
3.13843
2.14359
0


metaMDBG toMinspace  /var/folders/zg/vq0dnx517c54hg87dyqjky740000gn/T/.tmpwTqywI/tmp/ /var/folders/zg/vq0dnx517c54hg87dyqjky740000gn/T/.tmpwTqywI/tmp//contigs.nodepath /var/folders/zg/vq0dnx517c54hg87dyqjky740000gn/T/.tmpwTqywI/tmp//unitig_data.txt --threads 10

Input dir: /var/folders/zg/vq0dnx517c54hg87dyqjky740000gn/T/.tmpwTqywI/tmp/
Minimizer length: 15
Kminmer length: 107
Density: 0.005

Loading unitig sequences

Creating mContigs

Contig filename: /var/folders/zg/vq0dnx517c54hg87dyqjky740000gn/T/.tmpwTqywI/tmp//unitig_data.txt
pass done: 107
Multi-k pass: 108/209


metaMDBG graph /var/folders/zg/vq0dnx517c54hg87dyqjky740000gn/T/.tmpwTqywI/tmp/ --threads 10 --corrected-read 

Contig filename: 
Output dir: /var/folders/zg/vq0dnx517c54hg87dyqjky740000gn/T/.tmpwTqywI/tmp/
Minimizer length: 15
Kminmer length: 108
Density: 0.005
Min abundance: 0

Loading refined abundances
	Duration: 0
Collecting kminmers
Building mdbg
Duration: 0
Nb solid kminmers: 34899
Nb small contigs written: 0
Dump kminmer abundances
	Duration: 0
Indexing edges
Edge index size: 34956
Edge index elements: 64367
	Duration: 0
Compute unitig nodes
	Duration: 0
Index unitig edges
	Duration: 0
Compute unitig edges
	Duration: 0
Dump unitig abundances
	Duration: 0
Nb edges:   0


metaMDBG contig  /var/folders/zg/vq0dnx517c54hg87dyqjky740000gn/T/.tmpwTqywI/tmp/ --threads 10

Input dir: /var/folders/zg/vq0dnx517c54hg87dyqjky740000gn/T/.tmpwTqywI/tmp/
Minimizer length: 15
Kminmer length: 108
Density: 0.005

Loading unitig graph
Load unitigs
Nb unitigs: 705
Nb minimizers: 110334
Add unitig abundances
Sorting abundances
Add unitig edges
Nb unitig edges: 1302
Sorting unitig edges
Done loading unitig graph
Simplifying
Max abundance: 43
Nb unitigs: 705
Superbubble
Nb superbubble removed: 10 0 (0s)
Tip
Nb Tip removed: 238 (0s)
Superbubble
Nb superbubble removed: 30 0 (0s)
Tip
Nb Tip removed: 0 (0s)
Nb errors removed: 123 (0s)
Superbubble
Nb superbubble removed: 2 0 (0s)
Tip
Nb Tip removed: 0 (0s)
Nb errors removed: 65 (0s)
Superbubble
Nb superbubble removed: 4 0 (0s)
Tip
Nb Tip removed: 0 (0s)
Nb errors removed: 37 (0s)
Superbubble
Nb superbubble removed: 2 0 (0s)
Tip
Nb Tip removed: 0 (0s)
Nb errors removed: 24 (0s)
Superbubble
Nb superbubble removed: 2 0 (0s)
Tip
Nb Tip removed: 0 (0s)
Nb errors removed: 19 (0s)
Superbubble
Nb superbubble removed: 0 0 (0s)
Tip
Nb Tip removed: 0 (0s)
Nb errors removed: 26 (0s)
Superbubble
Nb superbubble removed: 2 0 (0s)
Tip
Nb Tip removed: 0 (0s)
Nb errors removed: 8 (0s)
Superbubble
Nb superbubble removed: 0 0 (0s)
Tip
Nb Tip removed: 0 (0s)
Nb errors removed: 14 (0s)
Superbubble
Nb superbubble removed: 2 0 (0s)
Tip
Nb Tip removed: 0 (0s)
Nb errors removed: 8 (0s)
Superbubble
Nb superbubble removed: 0 0 (0s)
Tip
Nb Tip removed: 0 (0s)
Nb errors removed: 21 (0s)
Superbubble
Nb superbubble removed: 0 0 (0s)
Tip
Nb Tip removed: 0 (0s)
Nb errors removed: 11 (0s)
Superbubble
Nb superbubble removed: 0 0 (0s)
Tip
Nb Tip removed: 0 (0s)
Nb errors removed: 2 (0s)
Superbubble
Nb superbubble removed: 0 0 (0s)
Tip
Nb Tip removed: 0 (0s)
Nb errors removed: 1 (0s)
Superbubble
Nb superbubble removed: 0 0 (0s)
Tip
Nb Tip removed: 0 (0s)
Nb errors removed: 1 (0s)
Superbubble
Nb superbubble removed: 0 0 (0s)
Tip
Nb Tip removed: 0 (0s)
Nb errors removed: 3 (0s)
Superbubble
Nb superbubble removed: 0 0 (0s)
Tip
Nb Tip removed: 0 (0s)
Nb errors removed: 2 (0s)
Superbubble
Nb superbubble removed: 0 0 (0s)
Tip
Nb Tip removed: 0 (0s)
Nb errors removed: 2 (0s)
Superbubble
Nb superbubble removed: 0 0 (0s)
Tip
Nb Tip removed: 0 (0s)
Checksum: 0
Checksum abundnace: 0
Generating contigs
45.2593
28.1025
21.1138
17.4494
15.8631
14.421
13.11
11.9182
10.8347
9.84974
8.14028
7.40025
6.11591
5.05447
4.17725
3.13843
2.14359
0


metaMDBG toMinspace  /var/folders/zg/vq0dnx517c54hg87dyqjky740000gn/T/.tmpwTqywI/tmp/ /var/folders/zg/vq0dnx517c54hg87dyqjky740000gn/T/.tmpwTqywI/tmp//contigs.nodepath /var/folders/zg/vq0dnx517c54hg87dyqjky740000gn/T/.tmpwTqywI/tmp//unitig_data.txt --threads 10

Input dir: /var/folders/zg/vq0dnx517c54hg87dyqjky740000gn/T/.tmpwTqywI/tmp/
Minimizer length: 15
Kminmer length: 108
Density: 0.005

Loading unitig sequences

Creating mContigs

Contig filename: /var/folders/zg/vq0dnx517c54hg87dyqjky740000gn/T/.tmpwTqywI/tmp//unitig_data.txt
pass done: 108
Multi-k pass: 109/209


metaMDBG graph /var/folders/zg/vq0dnx517c54hg87dyqjky740000gn/T/.tmpwTqywI/tmp/ --threads 10 --corrected-read 

Contig filename: 
Output dir: /var/folders/zg/vq0dnx517c54hg87dyqjky740000gn/T/.tmpwTqywI/tmp/
Minimizer length: 15
Kminmer length: 109
Density: 0.005
Min abundance: 0

Loading refined abundances
	Duration: 0
Collecting kminmers
Building mdbg
Duration: 0
Nb solid kminmers: 34836
Nb small contigs written: 0
Dump kminmer abundances
	Duration: 0
Indexing edges
Edge index size: 34897
Edge index elements: 64130
	Duration: 0
Compute unitig nodes
	Duration: 0
Index unitig edges
	Duration: 0
Compute unitig edges
	Duration: 0
Dump unitig abundances
	Duration: 0
Nb edges:   0


metaMDBG contig  /var/folders/zg/vq0dnx517c54hg87dyqjky740000gn/T/.tmpwTqywI/tmp/ --threads 10

Input dir: /var/folders/zg/vq0dnx517c54hg87dyqjky740000gn/T/.tmpwTqywI/tmp/
Minimizer length: 15
Kminmer length: 109
Density: 0.005

Loading unitig graph
Load unitigs
Nb unitigs: 697
Nb minimizers: 110112
Add unitig abundances
Sorting abundances
Add unitig edges
Nb unitig edges: 1274
Sorting unitig edges
Done loading unitig graph
Simplifying
Max abundance: 43
Nb unitigs: 697
Superbubble
Nb superbubble removed: 10 0 (0s)
Tip
Nb Tip removed: 234 (0s)
Superbubble
Nb superbubble removed: 28 0 (0s)
Tip
Nb Tip removed: 0 (0s)
Nb errors removed: 123 (0s)
Superbubble
Nb superbubble removed: 4 0 (0s)
Tip
Nb Tip removed: 0 (0s)
Nb errors removed: 63 (0s)
Superbubble
Nb superbubble removed: 4 0 (0s)
Tip
Nb Tip removed: 0 (0s)
Nb errors removed: 36 (0s)
Superbubble
Nb superbubble removed: 0 0 (0s)
Tip
Nb Tip removed: 0 (0s)
Nb errors removed: 24 (0s)
Superbubble
Nb superbubble removed: 2 0 (0s)
Tip
Nb Tip removed: 0 (0s)
Nb errors removed: 18 (0s)
Superbubble
Nb superbubble removed: 0 0 (0s)
Tip
Nb Tip removed: 0 (0s)
Nb errors removed: 26 (0s)
Superbubble
Nb superbubble removed: 2 0 (0s)
Tip
Nb Tip removed: 0 (0s)
Nb errors removed: 8 (0s)
Superbubble
Nb superbubble removed: 0 0 (0s)
Tip
Nb Tip removed: 0 (0s)
Nb errors removed: 14 (0s)
Superbubble
Nb superbubble removed: 2 0 (0s)
Tip
Nb Tip removed: 0 (0s)
Nb errors removed: 9 (0s)
Superbubble
Nb superbubble removed: 0 0 (0s)
Tip
Nb Tip removed: 0 (0s)
Nb errors removed: 19 (0s)
Superbubble
Nb superbubble removed: 0 0 (0s)
Tip
Nb Tip removed: 0 (0s)
Nb errors removed: 11 (0s)
Superbubble
Nb superbubble removed: 0 0 (0s)
Tip
Nb Tip removed: 0 (0s)
Nb errors removed: 2 (0s)
Superbubble
Nb superbubble removed: 0 0 (0s)
Tip
Nb Tip removed: 0 (0s)
Nb errors removed: 1 (0s)
Superbubble
Nb superbubble removed: 0 0 (0s)
Tip
Nb Tip removed: 0 (0s)
Nb errors removed: 1 (0s)
Superbubble
Nb superbubble removed: 0 0 (0s)
Tip
Nb Tip removed: 0 (0s)
Nb errors removed: 3 (0s)
Superbubble
Nb superbubble removed: 0 0 (0s)
Tip
Nb Tip removed: 0 (0s)
Nb errors removed: 2 (0s)
Superbubble
Nb superbubble removed: 0 0 (0s)
Tip
Nb Tip removed: 0 (0s)
Nb errors removed: 2 (0s)
Superbubble
Nb superbubble removed: 0 0 (0s)
Tip
Nb Tip removed: 0 (0s)
Checksum: 0
Checksum abundnace: 0
Generating contigs
45.2593
28.1025
21.1138
17.4494
15.8631
14.421
13.11
11.9182
10.8347
9.84974
8.14028
7.40025
6.11591
5.05447
4.17725
3.13843
2.14359
0


metaMDBG toMinspace  /var/folders/zg/vq0dnx517c54hg87dyqjky740000gn/T/.tmpwTqywI/tmp/ /var/folders/zg/vq0dnx517c54hg87dyqjky740000gn/T/.tmpwTqywI/tmp//contigs.nodepath /var/folders/zg/vq0dnx517c54hg87dyqjky740000gn/T/.tmpwTqywI/tmp//unitig_data.txt --threads 10

Input dir: /var/folders/zg/vq0dnx517c54hg87dyqjky740000gn/T/.tmpwTqywI/tmp/
Minimizer length: 15
Kminmer length: 109
Density: 0.005

Loading unitig sequences

Creating mContigs

Contig filename: /var/folders/zg/vq0dnx517c54hg87dyqjky740000gn/T/.tmpwTqywI/tmp//unitig_data.txt
pass done: 109
Multi-k pass: 110/209


metaMDBG graph /var/folders/zg/vq0dnx517c54hg87dyqjky740000gn/T/.tmpwTqywI/tmp/ --threads 10 --corrected-read 

Contig filename: 
Output dir: /var/folders/zg/vq0dnx517c54hg87dyqjky740000gn/T/.tmpwTqywI/tmp/
Minimizer length: 15
Kminmer length: 110
Density: 0.005
Min abundance: 0

Loading refined abundances
	Duration: 0
Collecting kminmers
Building mdbg
Duration: 0
Nb solid kminmers: 34770
Nb small contigs written: 0
Dump kminmer abundances
	Duration: 0
Indexing edges
Edge index size: 34830
Edge index elements: 63958
	Duration: 0
Compute unitig nodes
	Duration: 0
Index unitig edges
	Duration: 0
Compute unitig edges
	Duration: 0
Dump unitig abundances
	Duration: 0
Nb edges:   0


metaMDBG contig  /var/folders/zg/vq0dnx517c54hg87dyqjky740000gn/T/.tmpwTqywI/tmp/ --threads 10

Input dir: /var/folders/zg/vq0dnx517c54hg87dyqjky740000gn/T/.tmpwTqywI/tmp/
Minimizer length: 15
Kminmer length: 110
Density: 0.005

Loading unitig graph
Load unitigs
Nb unitigs: 686
Nb minimizers: 109544
Add unitig abundances
Sorting abundances
Add unitig edges
Nb unitig edges: 1254
Sorting unitig edges
Done loading unitig graph
Simplifying
Max abundance: 43
Nb unitigs: 686
Superbubble
Nb superbubble removed: 10 0 (0s)
Tip
Nb Tip removed: 233 (0s)
Superbubble
Nb superbubble removed: 26 0 (0s)
Tip
Nb Tip removed: 0 (0s)
Nb errors removed: 119 (0s)
Superbubble
Nb superbubble removed: 4 0 (0s)
Tip
Nb Tip removed: 0 (0s)
Nb errors removed: 63 (0s)
Superbubble
Nb superbubble removed: 4 0 (0s)
Tip
Nb Tip removed: 0 (0s)
Nb errors removed: 36 (0s)
Superbubble
Nb superbubble removed: 0 0 (0s)
Tip
Nb Tip removed: 0 (0s)
Nb errors removed: 23 (0s)
Superbubble
Nb superbubble removed: 2 0 (0s)
Tip
Nb Tip removed: 0 (0s)
Nb errors removed: 18 (0s)
Superbubble
Nb superbubble removed: 0 0 (0s)
Tip
Nb Tip removed: 0 (0s)
Nb errors removed: 26 (0s)
Superbubble
Nb superbubble removed: 2 0 (0s)
Tip
Nb Tip removed: 0 (0s)
Nb errors removed: 10 (0s)
Superbubble
Nb superbubble removed: 0 0 (0s)
Tip
Nb Tip removed: 0 (0s)
Nb errors removed: 14 (0s)
Superbubble
Nb superbubble removed: 2 0 (0s)
Tip
Nb Tip removed: 0 (0s)
Nb errors removed: 9 (0s)
Superbubble
Nb superbubble removed: 0 0 (0s)
Tip
Nb Tip removed: 0 (0s)
Nb errors removed: 19 (0s)
Superbubble
Nb superbubble removed: 0 0 (0s)
Tip
Nb Tip removed: 0 (0s)
Nb errors removed: 11 (0s)
Superbubble
Nb superbubble removed: 0 0 (0s)
Tip
Nb Tip removed: 0 (0s)
Nb errors removed: 2 (0s)
Superbubble
Nb superbubble removed: 0 0 (0s)
Tip
Nb Tip removed: 0 (0s)
Nb errors removed: 1 (0s)
Superbubble
Nb superbubble removed: 0 0 (0s)
Tip
Nb Tip removed: 0 (0s)
Nb errors removed: 1 (0s)
Superbubble
Nb superbubble removed: 0 0 (0s)
Tip
Nb Tip removed: 0 (0s)
Nb errors removed: 3 (0s)
Superbubble
Nb superbubble removed: 0 0 (0s)
Tip
Nb Tip removed: 0 (0s)
Nb errors removed: 2 (0s)
Superbubble
Nb superbubble removed: 0 0 (0s)
Tip
Nb Tip removed: 0 (0s)
Nb errors removed: 2 (0s)
Superbubble
Nb superbubble removed: 0 0 (0s)
Tip
Nb Tip removed: 0 (0s)
Checksum: 0
Checksum abundnace: 0
Generating contigs
45.2593
28.1025
21.1138
17.4494
15.8631
14.421
13.11
11.9182
10.8347
9.84974
8.14028
7.40025
6.11591
5.05447
4.17725
3.13843
2.14359
0


metaMDBG toMinspace  /var/folders/zg/vq0dnx517c54hg87dyqjky740000gn/T/.tmpwTqywI/tmp/ /var/folders/zg/vq0dnx517c54hg87dyqjky740000gn/T/.tmpwTqywI/tmp//contigs.nodepath /var/folders/zg/vq0dnx517c54hg87dyqjky740000gn/T/.tmpwTqywI/tmp//unitig_data.txt --threads 10

Input dir: /var/folders/zg/vq0dnx517c54hg87dyqjky740000gn/T/.tmpwTqywI/tmp/
Minimizer length: 15
Kminmer length: 110
Density: 0.005

Loading unitig sequences

Creating mContigs

Contig filename: /var/folders/zg/vq0dnx517c54hg87dyqjky740000gn/T/.tmpwTqywI/tmp//unitig_data.txt
pass done: 110
Multi-k pass: 111/209


metaMDBG graph /var/folders/zg/vq0dnx517c54hg87dyqjky740000gn/T/.tmpwTqywI/tmp/ --threads 10 --corrected-read 

Contig filename: 
Output dir: /var/folders/zg/vq0dnx517c54hg87dyqjky740000gn/T/.tmpwTqywI/tmp/
Minimizer length: 15
Kminmer length: 111
Density: 0.005
Min abundance: 0

Loading refined abundances
	Duration: 0
Collecting kminmers
Building mdbg
Duration: 0
Nb solid kminmers: 34703
Nb small contigs written: 0
Dump kminmer abundances
	Duration: 0
Indexing edges
Edge index size: 34767
Edge index elements: 63851
	Duration: 0
Compute unitig nodes
	Duration: 0
Index unitig edges
	Duration: 0
Compute unitig edges
	Duration: 0
Dump unitig abundances
	Duration: 0
Nb edges:   0


metaMDBG contig  /var/folders/zg/vq0dnx517c54hg87dyqjky740000gn/T/.tmpwTqywI/tmp/ --threads 10 --gen-graph 

Input dir: /var/folders/zg/vq0dnx517c54hg87dyqjky740000gn/T/.tmpwTqywI/tmp/
Minimizer length: 15
Kminmer length: 111
Density: 0.005

Loading unitig graph
Load unitigs
Nb unitigs: 675
Nb minimizers: 108953
Add unitig abundances
Sorting abundances
Add unitig edges
Nb unitig edges: 1222
Sorting unitig edges
Done loading unitig graph
Simplifying
Max abundance: 43
Nb unitigs: 675
Superbubble
Nb superbubble removed: 12 0 (0s)
Tip
Nb Tip removed: 232 (0s)
Superbubble
Nb superbubble removed: 26 0 (0s)
Tip
Nb Tip removed: 0 (0s)
Saving unitig graph: /var/folders/zg/vq0dnx517c54hg87dyqjky740000gn/T/.tmpwTqywI/tmp//assembly_graph.gfa
Nb errors removed: 118 (0s)
Superbubble
Nb superbubble removed: 2 0 (0s)
Tip
Nb Tip removed: 0 (0s)
Nb errors removed: 61 (0s)
Superbubble
Nb superbubble removed: 2 0 (0s)
Tip
Nb Tip removed: 0 (0s)
Nb errors removed: 36 (0s)
Superbubble
Nb superbubble removed: 0 0 (0s)
Tip
Nb Tip removed: 0 (0s)
Nb errors removed: 23 (0s)
Superbubble
Nb superbubble removed: 0 0 (0s)
Tip
Nb Tip removed: 0 (0s)
Nb errors removed: 18 (0s)
Superbubble
Nb superbubble removed: 0 0 (0s)
Tip
Nb Tip removed: 0 (0s)
Nb errors removed: 26 (0s)
Superbubble
Nb superbubble removed: 2 0 (0s)
Tip
Nb Tip removed: 0 (0s)
Nb errors removed: 10 (0s)
Superbubble
Nb superbubble removed: 0 0 (0s)
Tip
Nb Tip removed: 0 (0s)
Nb errors removed: 14 (0s)
Superbubble
Nb superbubble removed: 2 0 (0s)
Tip
Nb Tip removed: 0 (0s)
Nb errors removed: 12 (0s)
Superbubble
Nb superbubble removed: 0 0 (0s)
Tip
Nb Tip removed: 0 (0s)
Nb errors removed: 19 (0s)
Superbubble
Nb superbubble removed: 0 0 (0s)
Tip
Nb Tip removed: 0 (0s)
Nb errors removed: 10 (0s)
Superbubble
Nb superbubble removed: 0 0 (0s)
Tip
Nb Tip removed: 0 (0s)
Nb errors removed: 3 (0s)
Superbubble
Nb superbubble removed: 0 0 (0s)
Tip
Nb Tip removed: 0 (0s)
Nb errors removed: 1 (0s)
Superbubble
Nb superbubble removed: 0 0 (0s)
Tip
Nb Tip removed: 0 (0s)
Nb errors removed: 1 (0s)
Superbubble
Nb superbubble removed: 0 0 (0s)
Tip
Nb Tip removed: 0 (0s)
Nb errors removed: 3 (0s)
Superbubble
Nb superbubble removed: 0 0 (0s)
Tip
Nb Tip removed: 0 (0s)
Nb errors removed: 2 (0s)
Superbubble
Nb superbubble removed: 0 0 (0s)
Tip
Nb Tip removed: 0 (0s)
Nb errors removed: 2 (0s)
Superbubble
Nb superbubble removed: 0 0 (0s)
Tip
Nb Tip removed: 0 (0s)
Checksum: 0
Checksum abundnace: 0
Generating contigs
45.2593
28.1025
21.1138
17.4494
15.8631
14.421
13.11
11.9182
10.8347
9.84974
8.14028
7.40025
6.11591
5.05447
4.17725
3.13843
2.14359
0


metaMDBG toMinspace  /var/folders/zg/vq0dnx517c54hg87dyqjky740000gn/T/.tmpwTqywI/tmp/ /var/folders/zg/vq0dnx517c54hg87dyqjky740000gn/T/.tmpwTqywI/tmp//contigs.nodepath /var/folders/zg/vq0dnx517c54hg87dyqjky740000gn/T/.tmpwTqywI/tmp//unitig_data.txt --threads 10

Input dir: /var/folders/zg/vq0dnx517c54hg87dyqjky740000gn/T/.tmpwTqywI/tmp/
Minimizer length: 15
Kminmer length: 111
Density: 0.005

Loading unitig sequences

Creating mContigs

Contig filename: /var/folders/zg/vq0dnx517c54hg87dyqjky740000gn/T/.tmpwTqywI/tmp//unitig_data.txt


metaMDBG toMinspace  /var/folders/zg/vq0dnx517c54hg87dyqjky740000gn/T/.tmpwTqywI/tmp/ /var/folders/zg/vq0dnx517c54hg87dyqjky740000gn/T/.tmpwTqywI/tmp//assembly_graph.gfa.unitigs.nodepath /var/folders/zg/vq0dnx517c54hg87dyqjky740000gn/T/.tmpwTqywI/tmp//assembly_graph.gfa.unitigs --threads 10

Input dir: /var/folders/zg/vq0dnx517c54hg87dyqjky740000gn/T/.tmpwTqywI/tmp/
Minimizer length: 15
Kminmer length: 111
Density: 0.005

Loading unitig sequences

Creating mContigs

Contig filename: /var/folders/zg/vq0dnx517c54hg87dyqjky740000gn/T/.tmpwTqywI/tmp//assembly_graph.gfa.unitigs
pass done: 111
Multi-k pass: 112/209


metaMDBG graph /var/folders/zg/vq0dnx517c54hg87dyqjky740000gn/T/.tmpwTqywI/tmp/ --threads 10 --corrected-read 

Contig filename: 
Output dir: /var/folders/zg/vq0dnx517c54hg87dyqjky740000gn/T/.tmpwTqywI/tmp/
Minimizer length: 15
Kminmer length: 112
Density: 0.005
Min abundance: 0

Loading refined abundances
	Duration: 0
Collecting kminmers
Building mdbg
Duration: 0
Nb solid kminmers: 34634
Nb small contigs written: 0
Dump kminmer abundances
	Duration: 0
Indexing edges
Edge index size: 34702
Edge index elements: 63811
	Duration: 0
Compute unitig nodes
	Duration: 0
Index unitig edges
	Duration: 0
Compute unitig edges
	Duration: 0
Dump unitig abundances
	Duration: 0
Nb edges:   0


metaMDBG contig  /var/folders/zg/vq0dnx517c54hg87dyqjky740000gn/T/.tmpwTqywI/tmp/ --threads 10

Input dir: /var/folders/zg/vq0dnx517c54hg87dyqjky740000gn/T/.tmpwTqywI/tmp/
Minimizer length: 15
Kminmer length: 112
Density: 0.005

Loading unitig graph
Load unitigs
Nb unitigs: 668
Nb minimizers: 108782
Add unitig abundances
Sorting abundances
Add unitig edges
Nb unitig edges: 1202
Sorting unitig edges
Done loading unitig graph
Simplifying
Max abundance: 43
Nb unitigs: 668
Superbubble
Nb superbubble removed: 10 0 (0s)
Tip
Nb Tip removed: 227 (0s)
Superbubble
Nb superbubble removed: 26 0 (0s)
Tip
Nb Tip removed: 0 (0s)
Nb errors removed: 118 (0s)
Superbubble
Nb superbubble removed: 2 0 (0s)
Tip
Nb Tip removed: 0 (0s)
Nb errors removed: 61 (0s)
Superbubble
Nb superbubble removed: 2 0 (0s)
Tip
Nb Tip removed: 0 (0s)
Nb errors removed: 36 (0s)
Superbubble
Nb superbubble removed: 0 0 (0s)
Tip
Nb Tip removed: 0 (0s)
Nb errors removed: 23 (0s)
Superbubble
Nb superbubble removed: 0 0 (0s)
Tip
Nb Tip removed: 0 (0s)
Nb errors removed: 17 (0s)
Superbubble
Nb superbubble removed: 0 0 (0s)
Tip
Nb Tip removed: 0 (0s)
Nb errors removed: 26 (0s)
Superbubble
Nb superbubble removed: 2 0 (0s)
Tip
Nb Tip removed: 0 (0s)
Nb errors removed: 10 (0s)
Superbubble
Nb superbubble removed: 0 0 (0s)
Tip
Nb Tip removed: 0 (0s)
Nb errors removed: 14 (0s)
Superbubble
Nb superbubble removed: 2 0 (0s)
Tip
Nb Tip removed: 0 (0s)
Nb errors removed: 12 (0s)
Superbubble
Nb superbubble removed: 0 0 (0s)
Tip
Nb Tip removed: 0 (0s)
Nb errors removed: 19 (0s)
Superbubble
Nb superbubble removed: 0 0 (0s)
Tip
Nb Tip removed: 0 (0s)
Nb errors removed: 10 (0s)
Superbubble
Nb superbubble removed: 0 0 (0s)
Tip
Nb Tip removed: 0 (0s)
Nb errors removed: 3 (0s)
Superbubble
Nb superbubble removed: 0 0 (0s)
Tip
Nb Tip removed: 0 (0s)
Nb errors removed: 1 (0s)
Superbubble
Nb superbubble removed: 0 0 (0s)
Tip
Nb Tip removed: 0 (0s)
Nb errors removed: 1 (0s)
Superbubble
Nb superbubble removed: 0 0 (0s)
Tip
Nb Tip removed: 0 (0s)
Nb errors removed: 3 (0s)
Superbubble
Nb superbubble removed: 0 0 (0s)
Tip
Nb Tip removed: 0 (0s)
Nb errors removed: 2 (0s)
Superbubble
Nb superbubble removed: 0 0 (0s)
Tip
Nb Tip removed: 0 (0s)
Nb errors removed: 2 (0s)
Superbubble
Nb superbubble removed: 0 0 (0s)
Tip
Nb Tip removed: 0 (0s)
Checksum: 0
Checksum abundnace: 0
Generating contigs
45.2593
28.1025
21.1138
17.4494
15.8631
14.421
13.11
11.9182
10.8347
9.84974
8.14028
7.40025
6.11591
5.05447
4.17725
3.13843
2.14359
0


metaMDBG toMinspace  /var/folders/zg/vq0dnx517c54hg87dyqjky740000gn/T/.tmpwTqywI/tmp/ /var/folders/zg/vq0dnx517c54hg87dyqjky740000gn/T/.tmpwTqywI/tmp//contigs.nodepath /var/folders/zg/vq0dnx517c54hg87dyqjky740000gn/T/.tmpwTqywI/tmp//unitig_data.txt --threads 10

Input dir: /var/folders/zg/vq0dnx517c54hg87dyqjky740000gn/T/.tmpwTqywI/tmp/
Minimizer length: 15
Kminmer length: 112
Density: 0.005

Loading unitig sequences

Creating mContigs

Contig filename: /var/folders/zg/vq0dnx517c54hg87dyqjky740000gn/T/.tmpwTqywI/tmp//unitig_data.txt
pass done: 112
Multi-k pass: 113/209


metaMDBG graph /var/folders/zg/vq0dnx517c54hg87dyqjky740000gn/T/.tmpwTqywI/tmp/ --threads 10 --corrected-read 

Contig filename: 
Output dir: /var/folders/zg/vq0dnx517c54hg87dyqjky740000gn/T/.tmpwTqywI/tmp/
Minimizer length: 15
Kminmer length: 113
Density: 0.005
Min abundance: 0

Loading refined abundances
	Duration: 0
Collecting kminmers
Building mdbg
Duration: 0
Nb solid kminmers: 34565
Nb small contigs written: 0
Dump kminmer abundances
	Duration: 0
Indexing edges
Edge index size: 34632
Edge index elements: 63708
	Duration: 0
Compute unitig nodes
	Duration: 0
Index unitig edges
	Duration: 0
Compute unitig edges
	Duration: 0
Dump unitig abundances
	Duration: 0
Nb edges:   0


metaMDBG contig  /var/folders/zg/vq0dnx517c54hg87dyqjky740000gn/T/.tmpwTqywI/tmp/ --threads 10

Input dir: /var/folders/zg/vq0dnx517c54hg87dyqjky740000gn/T/.tmpwTqywI/tmp/
Minimizer length: 15
Kminmer length: 113
Density: 0.005

Loading unitig graph
Load unitigs
Nb unitigs: 668
Nb minimizers: 109381
Add unitig abundances
Sorting abundances
Add unitig edges
Nb unitig edges: 1202
Sorting unitig edges
Done loading unitig graph
Simplifying
Max abundance: 43
Nb unitigs: 668
Superbubble
Nb superbubble removed: 8 0 (0s)
Tip
Nb Tip removed: 228 (0s)
Superbubble
Nb superbubble removed: 26 0 (0s)
Tip
Nb Tip removed: 0 (0s)
Nb errors removed: 117 (0s)
Superbubble
Nb superbubble removed: 2 0 (0s)
Tip
Nb Tip removed: 0 (0s)
Nb errors removed: 61 (0s)
Superbubble
Nb superbubble removed: 2 0 (0s)
Tip
Nb Tip removed: 0 (0s)
Nb errors removed: 35 (0s)
Superbubble
Nb superbubble removed: 0 0 (0s)
Tip
Nb Tip removed: 0 (0s)
Nb errors removed: 23 (0s)
Superbubble
Nb superbubble removed: 0 0 (0s)
Tip
Nb Tip removed: 0 (0s)
Nb errors removed: 17 (0s)
Superbubble
Nb superbubble removed: 0 0 (0s)
Tip
Nb Tip removed: 0 (0s)
Nb errors removed: 26 (0s)
Superbubble
Nb superbubble removed: 2 0 (0s)
Tip
Nb Tip removed: 0 (0s)
Nb errors removed: 10 (0s)
Superbubble
Nb superbubble removed: 0 0 (0s)
Tip
Nb Tip removed: 0 (0s)
Nb errors removed: 14 (0s)
Superbubble
Nb superbubble removed: 2 0 (0s)
Tip
Nb Tip removed: 0 (0s)
Nb errors removed: 12 (0s)
Superbubble
Nb superbubble removed: 0 0 (0s)
Tip
Nb Tip removed: 0 (0s)
Nb errors removed: 19 (0s)
Superbubble
Nb superbubble removed: 0 0 (0s)
Tip
Nb Tip removed: 0 (0s)
Nb errors removed: 10 (0s)
Superbubble
Nb superbubble removed: 0 0 (0s)
Tip
Nb Tip removed: 0 (0s)
Nb errors removed: 5 (0s)
Superbubble
Nb superbubble removed: 0 0 (0s)
Tip
Nb Tip removed: 0 (0s)
Nb errors removed: 1 (0s)
Superbubble
Nb superbubble removed: 0 0 (0s)
Tip
Nb Tip removed: 0 (0s)
Nb errors removed: 1 (0s)
Superbubble
Nb superbubble removed: 0 0 (0s)
Tip
Nb Tip removed: 0 (0s)
Nb errors removed: 3 (0s)
Superbubble
Nb superbubble removed: 0 0 (0s)
Tip
Nb Tip removed: 0 (0s)
Nb errors removed: 2 (0s)
Superbubble
Nb superbubble removed: 0 0 (0s)
Tip
Nb Tip removed: 0 (0s)
Nb errors removed: 2 (0s)
Superbubble
Nb superbubble removed: 0 0 (0s)
Tip
Nb Tip removed: 0 (0s)
Checksum: 0
Checksum abundnace: 0
Generating contigs
45.2593
28.1025
21.1138
17.4494
15.8631
14.421
13.11
11.9182
10.8347
9.84974
8.14028
7.40025
6.11591
5.05447
4.17725
3.13843
2.14359
0


metaMDBG toMinspace  /var/folders/zg/vq0dnx517c54hg87dyqjky740000gn/T/.tmpwTqywI/tmp/ /var/folders/zg/vq0dnx517c54hg87dyqjky740000gn/T/.tmpwTqywI/tmp//contigs.nodepath /var/folders/zg/vq0dnx517c54hg87dyqjky740000gn/T/.tmpwTqywI/tmp//unitig_data.txt --threads 10

Input dir: /var/folders/zg/vq0dnx517c54hg87dyqjky740000gn/T/.tmpwTqywI/tmp/
Minimizer length: 15
Kminmer length: 113
Density: 0.005

Loading unitig sequences

Creating mContigs

Contig filename: /var/folders/zg/vq0dnx517c54hg87dyqjky740000gn/T/.tmpwTqywI/tmp//unitig_data.txt
pass done: 113
Multi-k pass: 114/209


metaMDBG graph /var/folders/zg/vq0dnx517c54hg87dyqjky740000gn/T/.tmpwTqywI/tmp/ --threads 10 --corrected-read 

Contig filename: 
Output dir: /var/folders/zg/vq0dnx517c54hg87dyqjky740000gn/T/.tmpwTqywI/tmp/
Minimizer length: 15
Kminmer length: 114
Density: 0.005
Min abundance: 0

Loading refined abundances
	Duration: 0
Collecting kminmers
Building mdbg
Duration: 0
Nb solid kminmers: 34495
Nb small contigs written: 0
Dump kminmer abundances
	Duration: 0
Indexing edges
Edge index size: 34561
Edge index elements: 63525
	Duration: 0
Compute unitig nodes
	Duration: 0
Index unitig edges
	Duration: 0
Compute unitig edges
	Duration: 0
Dump unitig abundances
	Duration: 0
Nb edges:   0


metaMDBG contig  /var/folders/zg/vq0dnx517c54hg87dyqjky740000gn/T/.tmpwTqywI/tmp/ --threads 10

Input dir: /var/folders/zg/vq0dnx517c54hg87dyqjky740000gn/T/.tmpwTqywI/tmp/
Minimizer length: 15
Kminmer length: 114
Density: 0.005

Loading unitig graph
Load unitigs
Nb unitigs: 660
Nb minimizers: 109075
Add unitig abundances
Sorting abundances
Add unitig edges
Nb unitig edges: 1190
Sorting unitig edges
Done loading unitig graph
Simplifying
Max abundance: 43
Nb unitigs: 660
Superbubble
Nb superbubble removed: 8 0 (0s)
Tip
Nb Tip removed: 227 (0s)
Superbubble
Nb superbubble removed: 24 0 (0s)
Tip
Nb Tip removed: 0 (0s)
Nb errors removed: 114 (0s)
Superbubble
Nb superbubble removed: 2 0 (0s)
Tip
Nb Tip removed: 0 (0s)
Nb errors removed: 60 (0s)
Superbubble
Nb superbubble removed: 2 0 (0s)
Tip
Nb Tip removed: 0 (0s)
Nb errors removed: 37 (0s)
Superbubble
Nb superbubble removed: 0 0 (0s)
Tip
Nb Tip removed: 0 (0s)
Nb errors removed: 23 (0s)
Superbubble
Nb superbubble removed: 0 0 (0s)
Tip
Nb Tip removed: 0 (0s)
Nb errors removed: 17 (0s)
Superbubble
Nb superbubble removed: 0 0 (0s)
Tip
Nb Tip removed: 0 (0s)
Nb errors removed: 26 (0s)
Superbubble
Nb superbubble removed: 2 0 (0s)
Tip
Nb Tip removed: 0 (0s)
Nb errors removed: 9 (0s)
Superbubble
Nb superbubble removed: 0 0 (0s)
Tip
Nb Tip removed: 0 (0s)
Nb errors removed: 14 (0s)
Superbubble
Nb superbubble removed: 2 0 (0s)
Tip
Nb Tip removed: 0 (0s)
Nb errors removed: 12 (0s)
Superbubble
Nb superbubble removed: 0 0 (0s)
Tip
Nb Tip removed: 0 (0s)
Nb errors removed: 19 (0s)
Superbubble
Nb superbubble removed: 0 0 (0s)
Tip
Nb Tip removed: 0 (0s)
Nb errors removed: 10 (0s)
Superbubble
Nb superbubble removed: 0 0 (0s)
Tip
Nb Tip removed: 0 (0s)
Nb errors removed: 5 (0s)
Superbubble
Nb superbubble removed: 0 0 (0s)
Tip
Nb Tip removed: 0 (0s)
Nb errors removed: 1 (0s)
Superbubble
Nb superbubble removed: 0 0 (0s)
Tip
Nb Tip removed: 0 (0s)
Nb errors removed: 1 (0s)
Superbubble
Nb superbubble removed: 0 0 (0s)
Tip
Nb Tip removed: 0 (0s)
Nb errors removed: 3 (0s)
Superbubble
Nb superbubble removed: 0 0 (0s)
Tip
Nb Tip removed: 0 (0s)
Nb errors removed: 2 (0s)
Superbubble
Nb superbubble removed: 0 0 (0s)
Tip
Nb Tip removed: 0 (0s)
Nb errors removed: 2 (0s)
Superbubble
Nb superbubble removed: 0 0 (0s)
Tip
Nb Tip removed: 0 (0s)
Checksum: 0
Checksum abundnace: 0
Generating contigs
45.2593
28.1025
21.1138
17.4494
15.8631
14.421
13.11
11.9182
10.8347
9.84974
8.14028
7.40025
6.11591
5.05447
4.17725
3.13843
2.14359
0


metaMDBG toMinspace  /var/folders/zg/vq0dnx517c54hg87dyqjky740000gn/T/.tmpwTqywI/tmp/ /var/folders/zg/vq0dnx517c54hg87dyqjky740000gn/T/.tmpwTqywI/tmp//contigs.nodepath /var/folders/zg/vq0dnx517c54hg87dyqjky740000gn/T/.tmpwTqywI/tmp//unitig_data.txt --threads 10

Input dir: /var/folders/zg/vq0dnx517c54hg87dyqjky740000gn/T/.tmpwTqywI/tmp/
Minimizer length: 15
Kminmer length: 114
Density: 0.005

Loading unitig sequences

Creating mContigs

Contig filename: /var/folders/zg/vq0dnx517c54hg87dyqjky740000gn/T/.tmpwTqywI/tmp//unitig_data.txt
pass done: 114
Multi-k pass: 115/209


metaMDBG graph /var/folders/zg/vq0dnx517c54hg87dyqjky740000gn/T/.tmpwTqywI/tmp/ --threads 10 --corrected-read 

Contig filename: 
Output dir: /var/folders/zg/vq0dnx517c54hg87dyqjky740000gn/T/.tmpwTqywI/tmp/
Minimizer length: 15
Kminmer length: 115
Density: 0.005
Min abundance: 0

Loading refined abundances
	Duration: 0
Collecting kminmers
Building mdbg
Duration: 0
Nb solid kminmers: 34421
Nb small contigs written: 0
Dump kminmer abundances
	Duration: 0
Indexing edges
Edge index size: 34494
Edge index elements: 63256
	Duration: 0
Compute unitig nodes
	Duration: 0
Index unitig edges
	Duration: 0
Compute unitig edges
	Duration: 0
Dump unitig abundances
	Duration: 0
Nb edges:   0


metaMDBG contig  /var/folders/zg/vq0dnx517c54hg87dyqjky740000gn/T/.tmpwTqywI/tmp/ --threads 10

Input dir: /var/folders/zg/vq0dnx517c54hg87dyqjky740000gn/T/.tmpwTqywI/tmp/
Minimizer length: 15
Kminmer length: 115
Density: 0.005

Loading unitig graph
Load unitigs
Nb unitigs: 651
Nb minimizers: 108635
Add unitig abundances
Sorting abundances
Add unitig edges
Nb unitig edges: 1158
Sorting unitig edges
Done loading unitig graph
Simplifying
Max abundance: 43
Nb unitigs: 651
Superbubble
Nb superbubble removed: 6 0 (0s)
Tip
Nb Tip removed: 226 (0s)
Superbubble
Nb superbubble removed: 26 0 (0s)
Tip
Nb Tip removed: 0 (0s)
Nb errors removed: 113 (0s)
Superbubble
Nb superbubble removed: 2 0 (0s)
Tip
Nb Tip removed: 0 (0s)
Nb errors removed: 61 (0s)
Superbubble
Nb superbubble removed: 0 0 (0s)
Tip
Nb Tip removed: 0 (0s)
Nb errors removed: 38 (0s)
Superbubble
Nb superbubble removed: 0 0 (0s)
Tip
Nb Tip removed: 0 (0s)
Nb errors removed: 23 (0s)
Superbubble
Nb superbubble removed: 0 0 (0s)
Tip
Nb Tip removed: 0 (0s)
Nb errors removed: 17 (0s)
Superbubble
Nb superbubble removed: 0 0 (0s)
Tip
Nb Tip removed: 0 (0s)
Nb errors removed: 26 (0s)
Superbubble
Nb superbubble removed: 0 0 (0s)
Tip
Nb Tip removed: 0 (0s)
Nb errors removed: 9 (0s)
Superbubble
Nb superbubble removed: 0 0 (0s)
Tip
Nb Tip removed: 0 (0s)
Nb errors removed: 14 (0s)
Superbubble
Nb superbubble removed: 2 0 (0s)
Tip
Nb Tip removed: 0 (0s)
Nb errors removed: 12 (0s)
Superbubble
Nb superbubble removed: 0 0 (0s)
Tip
Nb Tip removed: 0 (0s)
Nb errors removed: 19 (0s)
Superbubble
Nb superbubble removed: 0 0 (0s)
Tip
Nb Tip removed: 0 (0s)
Nb errors removed: 10 (0s)
Superbubble
Nb superbubble removed: 0 0 (0s)
Tip
Nb Tip removed: 0 (0s)
Nb errors removed: 6 (0s)
Superbubble
Nb superbubble removed: 0 0 (0s)
Tip
Nb Tip removed: 0 (0s)
Nb errors removed: 1 (0s)
Superbubble
Nb superbubble removed: 0 0 (0s)
Tip
Nb Tip removed: 0 (0s)
Nb errors removed: 1 (0s)
Superbubble
Nb superbubble removed: 0 0 (0s)
Tip
Nb Tip removed: 0 (0s)
Nb errors removed: 3 (0s)
Superbubble
Nb superbubble removed: 0 0 (0s)
Tip
Nb Tip removed: 0 (0s)
Nb errors removed: 2 (0s)
Superbubble
Nb superbubble removed: 0 0 (0s)
Tip
Nb Tip removed: 0 (0s)
Nb errors removed: 2 (0s)
Superbubble
Nb superbubble removed: 0 0 (0s)
Tip
Nb Tip removed: 0 (0s)
Checksum: 0
Checksum abundnace: 0
Generating contigs
45.2593
28.1025
21.1138
17.4494
15.8631
14.421
13.11
11.9182
10.8347
9.84974
8.14028
7.40025
6.11591
5.05447
4.17725
3.13843
2.14359
0


metaMDBG toMinspace  /var/folders/zg/vq0dnx517c54hg87dyqjky740000gn/T/.tmpwTqywI/tmp/ /var/folders/zg/vq0dnx517c54hg87dyqjky740000gn/T/.tmpwTqywI/tmp//contigs.nodepath /var/folders/zg/vq0dnx517c54hg87dyqjky740000gn/T/.tmpwTqywI/tmp//unitig_data.txt --threads 10

Input dir: /var/folders/zg/vq0dnx517c54hg87dyqjky740000gn/T/.tmpwTqywI/tmp/
Minimizer length: 15
Kminmer length: 115
Density: 0.005

Loading unitig sequences

Creating mContigs

Contig filename: /var/folders/zg/vq0dnx517c54hg87dyqjky740000gn/T/.tmpwTqywI/tmp//unitig_data.txt
pass done: 115
Multi-k pass: 116/209


metaMDBG graph /var/folders/zg/vq0dnx517c54hg87dyqjky740000gn/T/.tmpwTqywI/tmp/ --threads 10 --corrected-read 

Contig filename: 
Output dir: /var/folders/zg/vq0dnx517c54hg87dyqjky740000gn/T/.tmpwTqywI/tmp/
Minimizer length: 15
Kminmer length: 116
Density: 0.005
Min abundance: 0

Loading refined abundances
	Duration: 0
Collecting kminmers
Building mdbg
Duration: 0
Nb solid kminmers: 34341
Nb small contigs written: 0
Dump kminmer abundances
	Duration: 0
Indexing edges
Edge index size: 34414
Edge index elements: 63171
	Duration: 0
Compute unitig nodes
	Duration: 0
Index unitig edges
	Duration: 0
Compute unitig edges
	Duration: 0
Dump unitig abundances
	Duration: 0
Nb edges:   0


metaMDBG contig  /var/folders/zg/vq0dnx517c54hg87dyqjky740000gn/T/.tmpwTqywI/tmp/ --threads 10

Input dir: /var/folders/zg/vq0dnx517c54hg87dyqjky740000gn/T/.tmpwTqywI/tmp/
Minimizer length: 15
Kminmer length: 116
Density: 0.005

Loading unitig graph
Load unitigs
Nb unitigs: 635
Nb minimizers: 107366
Add unitig abundances
Sorting abundances
Add unitig edges
Nb unitig edges: 1126
Sorting unitig edges
Done loading unitig graph
Simplifying
Max abundance: 43
Nb unitigs: 635
Superbubble
Nb superbubble removed: 6 0 (0s)
Tip
Nb Tip removed: 219 (0s)
Superbubble
Nb superbubble removed: 26 0 (0s)
Tip
Nb Tip removed: 0 (0s)
Nb errors removed: 108 (0s)
Superbubble
Nb superbubble removed: 2 0 (0s)
Tip
Nb Tip removed: 0 (0s)
Nb errors removed: 61 (0s)
Superbubble
Nb superbubble removed: 0 0 (0s)
Tip
Nb Tip removed: 0 (0s)
Nb errors removed: 37 (0s)
Superbubble
Nb superbubble removed: 0 0 (0s)
Tip
Nb Tip removed: 0 (0s)
Nb errors removed: 23 (0s)
Superbubble
Nb superbubble removed: 0 0 (0s)
Tip
Nb Tip removed: 0 (0s)
Nb errors removed: 17 (0s)
Superbubble
Nb superbubble removed: 0 0 (0s)
Tip
Nb Tip removed: 0 (0s)
Nb errors removed: 25 (0s)
Superbubble
Nb superbubble removed: 0 0 (0s)
Tip
Nb Tip removed: 0 (0s)
Nb errors removed: 8 (0s)
Superbubble
Nb superbubble removed: 0 0 (0s)
Tip
Nb Tip removed: 0 (0s)
Nb errors removed: 14 (0s)
Superbubble
Nb superbubble removed: 2 0 (0s)
Tip
Nb Tip removed: 0 (0s)
Nb errors removed: 12 (0s)
Superbubble
Nb superbubble removed: 0 0 (0s)
Tip
Nb Tip removed: 0 (0s)
Nb errors removed: 19 (0s)
Superbubble
Nb superbubble removed: 0 0 (0s)
Tip
Nb Tip removed: 0 (0s)
Nb errors removed: 10 (0s)
Superbubble
Nb superbubble removed: 0 0 (0s)
Tip
Nb Tip removed: 0 (0s)
Nb errors removed: 6 (0s)
Superbubble
Nb superbubble removed: 0 0 (0s)
Tip
Nb Tip removed: 0 (0s)
Nb errors removed: 1 (0s)
Superbubble
Nb superbubble removed: 0 0 (0s)
Tip
Nb Tip removed: 0 (0s)
Nb errors removed: 1 (0s)
Superbubble
Nb superbubble removed: 0 0 (0s)
Tip
Nb Tip removed: 0 (0s)
Nb errors removed: 3 (0s)
Superbubble
Nb superbubble removed: 0 0 (0s)
Tip
Nb Tip removed: 0 (0s)
Nb errors removed: 2 (0s)
Superbubble
Nb superbubble removed: 0 0 (0s)
Tip
Nb Tip removed: 0 (0s)
Nb errors removed: 2 (0s)
Superbubble
Nb superbubble removed: 0 0 (0s)
Tip
Nb Tip removed: 0 (0s)
Checksum: 0
Checksum abundnace: 0
Generating contigs
45.2593
28.1025
21.1138
17.4494
15.8631
14.421
13.11
11.9182
10.8347
9.84974
8.14028
7.40025
6.11591
5.05447
4.17725
3.13843
2.14359
0


metaMDBG toMinspace  /var/folders/zg/vq0dnx517c54hg87dyqjky740000gn/T/.tmpwTqywI/tmp/ /var/folders/zg/vq0dnx517c54hg87dyqjky740000gn/T/.tmpwTqywI/tmp//contigs.nodepath /var/folders/zg/vq0dnx517c54hg87dyqjky740000gn/T/.tmpwTqywI/tmp//unitig_data.txt --threads 10

Input dir: /var/folders/zg/vq0dnx517c54hg87dyqjky740000gn/T/.tmpwTqywI/tmp/
Minimizer length: 15
Kminmer length: 116
Density: 0.005

Loading unitig sequences

Creating mContigs

Contig filename: /var/folders/zg/vq0dnx517c54hg87dyqjky740000gn/T/.tmpwTqywI/tmp//unitig_data.txt
pass done: 116
Multi-k pass: 117/209


metaMDBG graph /var/folders/zg/vq0dnx517c54hg87dyqjky740000gn/T/.tmpwTqywI/tmp/ --threads 10 --corrected-read 

Contig filename: 
Output dir: /var/folders/zg/vq0dnx517c54hg87dyqjky740000gn/T/.tmpwTqywI/tmp/
Minimizer length: 15
Kminmer length: 117
Density: 0.005
Min abundance: 0

Loading refined abundances
	Duration: 0
Collecting kminmers
Building mdbg
Duration: 0
Nb solid kminmers: 34266
Nb small contigs written: 0
Dump kminmer abundances
	Duration: 0
Indexing edges
Edge index size: 34339
Edge index elements: 63266
	Duration: 0
Compute unitig nodes
	Duration: 0
Index unitig edges
	Duration: 0
Compute unitig edges
	Duration: 0
Dump unitig abundances
	Duration: 0
Nb edges:   0


metaMDBG contig  /var/folders/zg/vq0dnx517c54hg87dyqjky740000gn/T/.tmpwTqywI/tmp/ --threads 10

Input dir: /var/folders/zg/vq0dnx517c54hg87dyqjky740000gn/T/.tmpwTqywI/tmp/
Minimizer length: 15
Kminmer length: 117
Density: 0.005

Loading unitig graph
Load unitigs
Nb unitigs: 631
Nb minimizers: 107462
Add unitig abundances
Sorting abundances
Add unitig edges
Nb unitig edges: 1118
Sorting unitig edges
Done loading unitig graph
Simplifying
Max abundance: 43
Nb unitigs: 631
Superbubble
Nb superbubble removed: 6 0 (0s)
Tip
Nb Tip removed: 219 (0s)
Superbubble
Nb superbubble removed: 24 0 (0s)
Tip
Nb Tip removed: 0 (0s)
Nb errors removed: 107 (0s)
Superbubble
Nb superbubble removed: 2 0 (0s)
Tip
Nb Tip removed: 0 (0s)
Nb errors removed: 61 (0s)
Superbubble
Nb superbubble removed: 0 0 (0s)
Tip
Nb Tip removed: 0 (0s)
Nb errors removed: 37 (0s)
Superbubble
Nb superbubble removed: 0 0 (0s)
Tip
Nb Tip removed: 0 (0s)
Nb errors removed: 24 (0s)
Superbubble
Nb superbubble removed: 0 0 (0s)
Tip
Nb Tip removed: 0 (0s)
Nb errors removed: 17 (0s)
Superbubble
Nb superbubble removed: 0 0 (0s)
Tip
Nb Tip removed: 0 (0s)
Nb errors removed: 25 (0s)
Superbubble
Nb superbubble removed: 0 0 (0s)
Tip
Nb Tip removed: 0 (0s)
Nb errors removed: 7 (0s)
Superbubble
Nb superbubble removed: 0 0 (0s)
Tip
Nb Tip removed: 0 (0s)
Nb errors removed: 15 (0s)
Superbubble
Nb superbubble removed: 2 0 (0s)
Tip
Nb Tip removed: 0 (0s)
Nb errors removed: 12 (0s)
Superbubble
Nb superbubble removed: 0 0 (0s)
Tip
Nb Tip removed: 0 (0s)
Nb errors removed: 19 (0s)
Superbubble
Nb superbubble removed: 0 0 (0s)
Tip
Nb Tip removed: 0 (0s)
Nb errors removed: 10 (0s)
Superbubble
Nb superbubble removed: 0 0 (0s)
Tip
Nb Tip removed: 0 (0s)
Nb errors removed: 6 (0s)
Superbubble
Nb superbubble removed: 0 0 (0s)
Tip
Nb Tip removed: 0 (0s)
Nb errors removed: 1 (0s)
Superbubble
Nb superbubble removed: 0 0 (0s)
Tip
Nb Tip removed: 0 (0s)
Nb errors removed: 1 (0s)
Superbubble
Nb superbubble removed: 0 0 (0s)
Tip
Nb Tip removed: 0 (0s)
Nb errors removed: 3 (0s)
Superbubble
Nb superbubble removed: 0 0 (0s)
Tip
Nb Tip removed: 0 (0s)
Nb errors removed: 2 (0s)
Superbubble
Nb superbubble removed: 0 0 (0s)
Tip
Nb Tip removed: 0 (0s)
Nb errors removed: 2 (0s)
Superbubble
Nb superbubble removed: 0 0 (0s)
Tip
Nb Tip removed: 0 (0s)
Checksum: 0
Checksum abundnace: 0
Generating contigs
45.2593
28.1025
21.1138
17.4494
15.8631
14.421
13.11
11.9182
10.8347
9.84974
8.14028
7.40025
6.11591
5.05447
4.17725
3.13843
2.14359
0


metaMDBG toMinspace  /var/folders/zg/vq0dnx517c54hg87dyqjky740000gn/T/.tmpwTqywI/tmp/ /var/folders/zg/vq0dnx517c54hg87dyqjky740000gn/T/.tmpwTqywI/tmp//contigs.nodepath /var/folders/zg/vq0dnx517c54hg87dyqjky740000gn/T/.tmpwTqywI/tmp//unitig_data.txt --threads 10

Input dir: /var/folders/zg/vq0dnx517c54hg87dyqjky740000gn/T/.tmpwTqywI/tmp/
Minimizer length: 15
Kminmer length: 117
Density: 0.005

Loading unitig sequences

Creating mContigs

Contig filename: /var/folders/zg/vq0dnx517c54hg87dyqjky740000gn/T/.tmpwTqywI/tmp//unitig_data.txt
pass done: 117
Multi-k pass: 118/209


metaMDBG graph /var/folders/zg/vq0dnx517c54hg87dyqjky740000gn/T/.tmpwTqywI/tmp/ --threads 10 --corrected-read 

Contig filename: 
Output dir: /var/folders/zg/vq0dnx517c54hg87dyqjky740000gn/T/.tmpwTqywI/tmp/
Minimizer length: 15
Kminmer length: 118
Density: 0.005
Min abundance: 0

Loading refined abundances
	Duration: 0
Collecting kminmers
Building mdbg
Duration: 0
Nb solid kminmers: 34191
Nb small contigs written: 0
Dump kminmer abundances
	Duration: 0
Indexing edges
Edge index size: 34264
Edge index elements: 63023
	Duration: 0
Compute unitig nodes
	Duration: 0
Index unitig edges
	Duration: 0
Compute unitig edges
	Duration: 0
Dump unitig abundances
	Duration: 0
Nb edges:   0


metaMDBG contig  /var/folders/zg/vq0dnx517c54hg87dyqjky740000gn/T/.tmpwTqywI/tmp/ --threads 10

Input dir: /var/folders/zg/vq0dnx517c54hg87dyqjky740000gn/T/.tmpwTqywI/tmp/
Minimizer length: 15
Kminmer length: 118
Density: 0.005

Loading unitig graph
Load unitigs
Nb unitigs: 626
Nb minimizers: 107433
Add unitig abundances
Sorting abundances
Add unitig edges
Nb unitig edges: 1110
Sorting unitig edges
Done loading unitig graph
Simplifying
Max abundance: 43
Nb unitigs: 626
Superbubble
Nb superbubble removed: 6 0 (0s)
Tip
Nb Tip removed: 217 (0s)
Superbubble
Nb superbubble removed: 24 0 (0s)
Tip
Nb Tip removed: 0 (0s)
Nb errors removed: 107 (0s)
Superbubble
Nb superbubble removed: 2 0 (0s)
Tip
Nb Tip removed: 0 (0s)
Nb errors removed: 60 (0s)
Superbubble
Nb superbubble removed: 0 0 (0s)
Tip
Nb Tip removed: 0 (0s)
Nb errors removed: 36 (0s)
Superbubble
Nb superbubble removed: 0 0 (0s)
Tip
Nb Tip removed: 0 (0s)
Nb errors removed: 24 (0s)
Superbubble
Nb superbubble removed: 0 0 (0s)
Tip
Nb Tip removed: 0 (0s)
Nb errors removed: 17 (0s)
Superbubble
Nb superbubble removed: 0 0 (0s)
Tip
Nb Tip removed: 0 (0s)
Nb errors removed: 24 (0s)
Superbubble
Nb superbubble removed: 0 0 (0s)
Tip
Nb Tip removed: 0 (0s)
Nb errors removed: 7 (0s)
Superbubble
Nb superbubble removed: 0 0 (0s)
Tip
Nb Tip removed: 0 (0s)
Nb errors removed: 15 (0s)
Superbubble
Nb superbubble removed: 2 0 (0s)
Tip
Nb Tip removed: 0 (0s)
Nb errors removed: 12 (0s)
Superbubble
Nb superbubble removed: 0 0 (0s)
Tip
Nb Tip removed: 0 (0s)
Nb errors removed: 19 (0s)
Superbubble
Nb superbubble removed: 0 0 (0s)
Tip
Nb Tip removed: 0 (0s)
Nb errors removed: 10 (0s)
Superbubble
Nb superbubble removed: 0 0 (0s)
Tip
Nb Tip removed: 0 (0s)
Nb errors removed: 6 (0s)
Superbubble
Nb superbubble removed: 0 0 (0s)
Tip
Nb Tip removed: 0 (0s)
Nb errors removed: 1 (0s)
Superbubble
Nb superbubble removed: 0 0 (0s)
Tip
Nb Tip removed: 0 (0s)
Nb errors removed: 1 (0s)
Superbubble
Nb superbubble removed: 0 0 (0s)
Tip
Nb Tip removed: 0 (0s)
Nb errors removed: 3 (0s)
Superbubble
Nb superbubble removed: 0 0 (0s)
Tip
Nb Tip removed: 0 (0s)
Nb errors removed: 2 (0s)
Superbubble
Nb superbubble removed: 0 0 (0s)
Tip
Nb Tip removed: 0 (0s)
Nb errors removed: 2 (0s)
Superbubble
Nb superbubble removed: 0 0 (0s)
Tip
Nb Tip removed: 0 (0s)
Checksum: 0
Checksum abundnace: 0
Generating contigs
45.2593
28.1025
21.1138
17.4494
15.8631
14.421
13.11
11.9182
10.8347
9.84974
8.14028
7.40025
6.11591
5.05447
4.17725
3.13843
2.14359
0


metaMDBG toMinspace  /var/folders/zg/vq0dnx517c54hg87dyqjky740000gn/T/.tmpwTqywI/tmp/ /var/folders/zg/vq0dnx517c54hg87dyqjky740000gn/T/.tmpwTqywI/tmp//contigs.nodepath /var/folders/zg/vq0dnx517c54hg87dyqjky740000gn/T/.tmpwTqywI/tmp//unitig_data.txt --threads 10

Input dir: /var/folders/zg/vq0dnx517c54hg87dyqjky740000gn/T/.tmpwTqywI/tmp/
Minimizer length: 15
Kminmer length: 118
Density: 0.005

Loading unitig sequences

Creating mContigs

Contig filename: /var/folders/zg/vq0dnx517c54hg87dyqjky740000gn/T/.tmpwTqywI/tmp//unitig_data.txt
pass done: 118
Multi-k pass: 119/209


metaMDBG graph /var/folders/zg/vq0dnx517c54hg87dyqjky740000gn/T/.tmpwTqywI/tmp/ --threads 10 --corrected-read 

Contig filename: 
Output dir: /var/folders/zg/vq0dnx517c54hg87dyqjky740000gn/T/.tmpwTqywI/tmp/
Minimizer length: 15
Kminmer length: 119
Density: 0.005
Min abundance: 0

Loading refined abundances
	Duration: 0
Collecting kminmers
Building mdbg
Duration: 0
Nb solid kminmers: 34116
Nb small contigs written: 0
Dump kminmer abundances
	Duration: 0
Indexing edges
Edge index size: 34189
Edge index elements: 62750
	Duration: 0
Compute unitig nodes
	Duration: 0
Index unitig edges
	Duration: 0
Compute unitig edges
	Duration: 0
Dump unitig abundances
	Duration: 0
Nb edges:   0


metaMDBG contig  /var/folders/zg/vq0dnx517c54hg87dyqjky740000gn/T/.tmpwTqywI/tmp/ --threads 10

Input dir: /var/folders/zg/vq0dnx517c54hg87dyqjky740000gn/T/.tmpwTqywI/tmp/
Minimizer length: 15
Kminmer length: 119
Density: 0.005

Loading unitig graph
Load unitigs
Nb unitigs: 623
Nb minimizers: 107630
Add unitig abundances
Sorting abundances
Add unitig edges
Nb unitig edges: 1102
Sorting unitig edges
Done loading unitig graph
Simplifying
Max abundance: 43
Nb unitigs: 623
Superbubble
Nb superbubble removed: 6 0 (0s)
Tip
Nb Tip removed: 217 (0s)
Superbubble
Nb superbubble removed: 24 0 (0s)
Tip
Nb Tip removed: 0 (0s)
Nb errors removed: 106 (0s)
Superbubble
Nb superbubble removed: 2 0 (0s)
Tip
Nb Tip removed: 0 (0s)
Nb errors removed: 60 (0s)
Superbubble
Nb superbubble removed: 0 0 (0s)
Tip
Nb Tip removed: 0 (0s)
Nb errors removed: 36 (0s)
Superbubble
Nb superbubble removed: 0 0 (0s)
Tip
Nb Tip removed: 0 (0s)
Nb errors removed: 23 (0s)
Superbubble
Nb superbubble removed: 0 0 (0s)
Tip
Nb Tip removed: 0 (0s)
Nb errors removed: 17 (0s)
Superbubble
Nb superbubble removed: 0 0 (0s)
Tip
Nb Tip removed: 0 (0s)
Nb errors removed: 24 (0s)
Superbubble
Nb superbubble removed: 0 0 (0s)
Tip
Nb Tip removed: 0 (0s)
Nb errors removed: 7 (0s)
Superbubble
Nb superbubble removed: 0 0 (0s)
Tip
Nb Tip removed: 0 (0s)
Nb errors removed: 15 (0s)
Superbubble
Nb superbubble removed: 2 0 (0s)
Tip
Nb Tip removed: 0 (0s)
Nb errors removed: 12 (0s)
Superbubble
Nb superbubble removed: 0 0 (0s)
Tip
Nb Tip removed: 0 (0s)
Nb errors removed: 19 (0s)
Superbubble
Nb superbubble removed: 0 0 (0s)
Tip
Nb Tip removed: 0 (0s)
Nb errors removed: 10 (0s)
Superbubble
Nb superbubble removed: 0 0 (0s)
Tip
Nb Tip removed: 0 (0s)
Nb errors removed: 6 (0s)
Superbubble
Nb superbubble removed: 0 0 (0s)
Tip
Nb Tip removed: 0 (0s)
Nb errors removed: 1 (0s)
Superbubble
Nb superbubble removed: 0 0 (0s)
Tip
Nb Tip removed: 0 (0s)
Nb errors removed: 1 (0s)
Superbubble
Nb superbubble removed: 0 0 (0s)
Tip
Nb Tip removed: 0 (0s)
Nb errors removed: 3 (0s)
Superbubble
Nb superbubble removed: 0 0 (0s)
Tip
Nb Tip removed: 0 (0s)
Nb errors removed: 2 (0s)
Superbubble
Nb superbubble removed: 0 0 (0s)
Tip
Nb Tip removed: 0 (0s)
Nb errors removed: 2 (0s)
Superbubble
Nb superbubble removed: 0 0 (0s)
Tip
Nb Tip removed: 0 (0s)
Checksum: 0
Checksum abundnace: 0
Generating contigs
45.2593
28.1025
21.1138
17.4494
15.8631
14.421
13.11
11.9182
10.8347
9.84974
8.14028
7.40025
6.11591
5.05447
4.17725
3.13843
2.14359
0


metaMDBG toMinspace  /var/folders/zg/vq0dnx517c54hg87dyqjky740000gn/T/.tmpwTqywI/tmp/ /var/folders/zg/vq0dnx517c54hg87dyqjky740000gn/T/.tmpwTqywI/tmp//contigs.nodepath /var/folders/zg/vq0dnx517c54hg87dyqjky740000gn/T/.tmpwTqywI/tmp//unitig_data.txt --threads 10

Input dir: /var/folders/zg/vq0dnx517c54hg87dyqjky740000gn/T/.tmpwTqywI/tmp/
Minimizer length: 15
Kminmer length: 119
Density: 0.005

Loading unitig sequences

Creating mContigs

Contig filename: /var/folders/zg/vq0dnx517c54hg87dyqjky740000gn/T/.tmpwTqywI/tmp//unitig_data.txt
pass done: 119
Multi-k pass: 120/209


metaMDBG graph /var/folders/zg/vq0dnx517c54hg87dyqjky740000gn/T/.tmpwTqywI/tmp/ --threads 10 --corrected-read 

Contig filename: 
Output dir: /var/folders/zg/vq0dnx517c54hg87dyqjky740000gn/T/.tmpwTqywI/tmp/
Minimizer length: 15
Kminmer length: 120
Density: 0.005
Min abundance: 0

Loading refined abundances
	Duration: 0
Collecting kminmers
Building mdbg
Duration: 0
Nb solid kminmers: 33989
Nb small contigs written: 0
Dump kminmer abundances
	Duration: 0
Indexing edges
Edge index size: 34066
Edge index elements: 62611
	Duration: 0
Compute unitig nodes
	Duration: 0
Index unitig edges
	Duration: 0
Compute unitig edges
	Duration: 0
Dump unitig abundances
	Duration: 0
Nb edges:   0


metaMDBG contig  /var/folders/zg/vq0dnx517c54hg87dyqjky740000gn/T/.tmpwTqywI/tmp/ --threads 10

Input dir: /var/folders/zg/vq0dnx517c54hg87dyqjky740000gn/T/.tmpwTqywI/tmp/
Minimizer length: 15
Kminmer length: 120
Density: 0.005

Loading unitig graph
Load unitigs
Nb unitigs: 619
Nb minimizers: 107650
Add unitig abundances
Sorting abundances
Add unitig edges
Nb unitig edges: 1086
Sorting unitig edges
Done loading unitig graph
Simplifying
Max abundance: 43
Nb unitigs: 619
Superbubble
Nb superbubble removed: 6 0 (0s)
Tip
Nb Tip removed: 217 (0s)
Superbubble
Nb superbubble removed: 20 0 (0s)
Tip
Nb Tip removed: 0 (0s)
Nb errors removed: 106 (0s)
Superbubble
Nb superbubble removed: 2 0 (0s)
Tip
Nb Tip removed: 0 (0s)
Nb errors removed: 59 (0s)
Superbubble
Nb superbubble removed: 0 0 (0s)
Tip
Nb Tip removed: 0 (0s)
Nb errors removed: 36 (0s)
Superbubble
Nb superbubble removed: 0 0 (0s)
Tip
Nb Tip removed: 0 (0s)
Nb errors removed: 23 (0s)
Superbubble
Nb superbubble removed: 0 0 (0s)
Tip
Nb Tip removed: 0 (0s)
Nb errors removed: 17 (0s)
Superbubble
Nb superbubble removed: 0 0 (0s)
Tip
Nb Tip removed: 0 (0s)
Nb errors removed: 24 (0s)
Superbubble
Nb superbubble removed: 0 0 (0s)
Tip
Nb Tip removed: 0 (0s)
Nb errors removed: 7 (0s)
Superbubble
Nb superbubble removed: 0 0 (0s)
Tip
Nb Tip removed: 0 (0s)
Nb errors removed: 16 (0s)
Superbubble
Nb superbubble removed: 2 0 (0s)
Tip
Nb Tip removed: 0 (0s)
Nb errors removed: 12 (0s)
Superbubble
Nb superbubble removed: 0 0 (0s)
Tip
Nb Tip removed: 0 (0s)
Nb errors removed: 19 (0s)
Superbubble
Nb superbubble removed: 0 0 (0s)
Tip
Nb Tip removed: 0 (0s)
Nb errors removed: 10 (0s)
Superbubble
Nb superbubble removed: 0 0 (0s)
Tip
Nb Tip removed: 0 (0s)
Nb errors removed: 8 (0s)
Superbubble
Nb superbubble removed: 0 0 (0s)
Tip
Nb Tip removed: 0 (0s)
Nb errors removed: 1 (0s)
Superbubble
Nb superbubble removed: 0 0 (0s)
Tip
Nb Tip removed: 0 (0s)
Nb errors removed: 1 (0s)
Superbubble
Nb superbubble removed: 0 0 (0s)
Tip
Nb Tip removed: 0 (0s)
Nb errors removed: 3 (0s)
Superbubble
Nb superbubble removed: 0 0 (0s)
Tip
Nb Tip removed: 0 (0s)
Nb errors removed: 2 (0s)
Superbubble
Nb superbubble removed: 0 0 (0s)
Tip
Nb Tip removed: 0 (0s)
Nb errors removed: 2 (0s)
Superbubble
Nb superbubble removed: 0 0 (0s)
Tip
Nb Tip removed: 0 (0s)
Checksum: 0
Checksum abundnace: 0
Generating contigs
45.2593
28.1025
21.1138
17.4494
15.8631
14.421
13.11
11.9182
10.8347
9.84974
8.14028
7.40025
6.11591
5.05447
4.17725
3.13843
2.14359
0


metaMDBG toMinspace  /var/folders/zg/vq0dnx517c54hg87dyqjky740000gn/T/.tmpwTqywI/tmp/ /var/folders/zg/vq0dnx517c54hg87dyqjky740000gn/T/.tmpwTqywI/tmp//contigs.nodepath /var/folders/zg/vq0dnx517c54hg87dyqjky740000gn/T/.tmpwTqywI/tmp//unitig_data.txt --threads 10

Input dir: /var/folders/zg/vq0dnx517c54hg87dyqjky740000gn/T/.tmpwTqywI/tmp/
Minimizer length: 15
Kminmer length: 120
Density: 0.005

Loading unitig sequences

Creating mContigs

Contig filename: /var/folders/zg/vq0dnx517c54hg87dyqjky740000gn/T/.tmpwTqywI/tmp//unitig_data.txt
pass done: 120
Multi-k pass: 121/209


metaMDBG graph /var/folders/zg/vq0dnx517c54hg87dyqjky740000gn/T/.tmpwTqywI/tmp/ --threads 10 --corrected-read 

Contig filename: 
Output dir: /var/folders/zg/vq0dnx517c54hg87dyqjky740000gn/T/.tmpwTqywI/tmp/
Minimizer length: 15
Kminmer length: 121
Density: 0.005
Min abundance: 0

Loading refined abundances
	Duration: 0
Collecting kminmers
Building mdbg
Duration: 0
Nb solid kminmers: 33906
Nb small contigs written: 0
Dump kminmer abundances
	Duration: 0
Indexing edges
Edge index size: 33988
Edge index elements: 62611
	Duration: 0
Compute unitig nodes
	Duration: 0
Index unitig edges
	Duration: 0
Compute unitig edges
	Duration: 0
Dump unitig abundances
	Duration: 0
Nb edges:   0


metaMDBG contig  /var/folders/zg/vq0dnx517c54hg87dyqjky740000gn/T/.tmpwTqywI/tmp/ --threads 10 --gen-graph 

Input dir: /var/folders/zg/vq0dnx517c54hg87dyqjky740000gn/T/.tmpwTqywI/tmp/
Minimizer length: 15
Kminmer length: 121
Density: 0.005

Loading unitig graph
Load unitigs
Nb unitigs: 609
Nb minimizers: 106986
Add unitig abundances
Sorting abundances
Add unitig edges
Nb unitig edges: 1062
Sorting unitig edges
Done loading unitig graph
Simplifying
Max abundance: 43
Nb unitigs: 609
Superbubble
Nb superbubble removed: 4 0 (0s)
Tip
Nb Tip removed: 217 (0s)
Superbubble
Nb superbubble removed: 20 0 (0s)
Tip
Nb Tip removed: 0 (0s)
Saving unitig graph: /var/folders/zg/vq0dnx517c54hg87dyqjky740000gn/T/.tmpwTqywI/tmp//assembly_graph.gfa
Nb errors removed: 105 (0s)
Superbubble
Nb superbubble removed: 0 0 (0s)
Tip
Nb Tip removed: 0 (0s)
Nb errors removed: 59 (0s)
Superbubble
Nb superbubble removed: 0 0 (0s)
Tip
Nb Tip removed: 0 (0s)
Nb errors removed: 37 (0s)
Superbubble
Nb superbubble removed: 0 0 (0s)
Tip
Nb Tip removed: 0 (0s)
Nb errors removed: 23 (0s)
Superbubble
Nb superbubble removed: 0 0 (0s)
Tip
Nb Tip removed: 0 (0s)
Nb errors removed: 17 (0s)
Superbubble
Nb superbubble removed: 0 0 (0s)
Tip
Nb Tip removed: 0 (0s)
Nb errors removed: 24 (0s)
Superbubble
Nb superbubble removed: 0 0 (0s)
Tip
Nb Tip removed: 0 (0s)
Nb errors removed: 7 (0s)
Superbubble
Nb superbubble removed: 0 0 (0s)
Tip
Nb Tip removed: 0 (0s)
Nb errors removed: 16 (0s)
Superbubble
Nb superbubble removed: 2 0 (0s)
Tip
Nb Tip removed: 0 (0s)
Nb errors removed: 13 (0s)
Superbubble
Nb superbubble removed: 0 0 (0s)
Tip
Nb Tip removed: 0 (0s)
Nb errors removed: 19 (0s)
Superbubble
Nb superbubble removed: 0 0 (0s)
Tip
Nb Tip removed: 0 (0s)
Nb errors removed: 10 (0s)
Superbubble
Nb superbubble removed: 0 0 (0s)
Tip
Nb Tip removed: 0 (0s)
Nb errors removed: 8 (0s)
Superbubble
Nb superbubble removed: 0 0 (0s)
Tip
Nb Tip removed: 0 (0s)
Nb errors removed: 1 (0s)
Superbubble
Nb superbubble removed: 0 0 (0s)
Tip
Nb Tip removed: 0 (0s)
Nb errors removed: 1 (0s)
Superbubble
Nb superbubble removed: 0 0 (0s)
Tip
Nb Tip removed: 0 (0s)
Nb errors removed: 3 (0s)
Superbubble
Nb superbubble removed: 0 0 (0s)
Tip
Nb Tip removed: 0 (0s)
Nb errors removed: 2 (0s)
Superbubble
Nb superbubble removed: 0 0 (0s)
Tip
Nb Tip removed: 0 (0s)
Nb errors removed: 2 (0s)
Superbubble
Nb superbubble removed: 0 0 (0s)
Tip
Nb Tip removed: 0 (0s)
Checksum: 0
Checksum abundnace: 0
Generating contigs
45.2593
28.1025
21.1138
17.4494
15.8631
14.421
13.11
11.9182
10.8347
9.84974
8.14028
7.40025
6.11591
5.05447
4.17725
3.13843
2.14359
0


metaMDBG toMinspace  /var/folders/zg/vq0dnx517c54hg87dyqjky740000gn/T/.tmpwTqywI/tmp/ /var/folders/zg/vq0dnx517c54hg87dyqjky740000gn/T/.tmpwTqywI/tmp//contigs.nodepath /var/folders/zg/vq0dnx517c54hg87dyqjky740000gn/T/.tmpwTqywI/tmp//unitig_data.txt --threads 10

Input dir: /var/folders/zg/vq0dnx517c54hg87dyqjky740000gn/T/.tmpwTqywI/tmp/
Minimizer length: 15
Kminmer length: 121
Density: 0.005

Loading unitig sequences

Creating mContigs

Contig filename: /var/folders/zg/vq0dnx517c54hg87dyqjky740000gn/T/.tmpwTqywI/tmp//unitig_data.txt


metaMDBG toMinspace  /var/folders/zg/vq0dnx517c54hg87dyqjky740000gn/T/.tmpwTqywI/tmp/ /var/folders/zg/vq0dnx517c54hg87dyqjky740000gn/T/.tmpwTqywI/tmp//assembly_graph.gfa.unitigs.nodepath /var/folders/zg/vq0dnx517c54hg87dyqjky740000gn/T/.tmpwTqywI/tmp//assembly_graph.gfa.unitigs --threads 10

Input dir: /var/folders/zg/vq0dnx517c54hg87dyqjky740000gn/T/.tmpwTqywI/tmp/
Minimizer length: 15
Kminmer length: 121
Density: 0.005

Loading unitig sequences

Creating mContigs

Contig filename: /var/folders/zg/vq0dnx517c54hg87dyqjky740000gn/T/.tmpwTqywI/tmp//assembly_graph.gfa.unitigs
pass done: 121
Multi-k pass: 122/209


metaMDBG graph /var/folders/zg/vq0dnx517c54hg87dyqjky740000gn/T/.tmpwTqywI/tmp/ --threads 10 --corrected-read 

Contig filename: 
Output dir: /var/folders/zg/vq0dnx517c54hg87dyqjky740000gn/T/.tmpwTqywI/tmp/
Minimizer length: 15
Kminmer length: 122
Density: 0.005
Min abundance: 0

Loading refined abundances
	Duration: 0
Collecting kminmers
Building mdbg
Duration: 0
Nb solid kminmers: 33794
Nb small contigs written: 0
Dump kminmer abundances
	Duration: 0
Indexing edges
Edge index size: 33879
Edge index elements: 62418
	Duration: 0
Compute unitig nodes
	Duration: 0
Index unitig edges
	Duration: 0
Compute unitig edges
	Duration: 0
Dump unitig abundances
	Duration: 0
Nb edges:   0


metaMDBG contig  /var/folders/zg/vq0dnx517c54hg87dyqjky740000gn/T/.tmpwTqywI/tmp/ --threads 10

Input dir: /var/folders/zg/vq0dnx517c54hg87dyqjky740000gn/T/.tmpwTqywI/tmp/
Minimizer length: 15
Kminmer length: 122
Density: 0.005

Loading unitig graph
Load unitigs
Nb unitigs: 605
Nb minimizers: 106999
Add unitig abundances
Sorting abundances
Add unitig edges
Nb unitig edges: 1042
Sorting unitig edges
Done loading unitig graph
Simplifying
Max abundance: 43
Nb unitigs: 605
Superbubble
Nb superbubble removed: 4 0 (0s)
Tip
Nb Tip removed: 217 (0s)
Superbubble
Nb superbubble removed: 18 0 (0s)
Tip
Nb Tip removed: 0 (0s)
Nb errors removed: 103 (0s)
Superbubble
Nb superbubble removed: 0 0 (0s)
Tip
Nb Tip removed: 0 (0s)
Nb errors removed: 59 (0s)
Superbubble
Nb superbubble removed: 0 0 (0s)
Tip
Nb Tip removed: 0 (0s)
Nb errors removed: 37 (0s)
Superbubble
Nb superbubble removed: 0 0 (0s)
Tip
Nb Tip removed: 0 (0s)
Nb errors removed: 23 (0s)
Superbubble
Nb superbubble removed: 0 0 (0s)
Tip
Nb Tip removed: 0 (0s)
Nb errors removed: 17 (0s)
Superbubble
Nb superbubble removed: 0 0 (0s)
Tip
Nb Tip removed: 0 (0s)
Nb errors removed: 24 (0s)
Superbubble
Nb superbubble removed: 0 0 (0s)
Tip
Nb Tip removed: 0 (0s)
Nb errors removed: 9 (0s)
Superbubble
Nb superbubble removed: 0 0 (0s)
Tip
Nb Tip removed: 0 (0s)
Nb errors removed: 17 (0s)
Superbubble
Nb superbubble removed: 2 0 (0s)
Tip
Nb Tip removed: 0 (0s)
Nb errors removed: 11 (0s)
Superbubble
Nb superbubble removed: 0 0 (0s)
Tip
Nb Tip removed: 0 (0s)
Nb errors removed: 20 (0s)
Superbubble
Nb superbubble removed: 0 0 (0s)
Tip
Nb Tip removed: 0 (0s)
Nb errors removed: 10 (0s)
Superbubble
Nb superbubble removed: 0 0 (0s)
Tip
Nb Tip removed: 0 (0s)
Nb errors removed: 8 (0s)
Superbubble
Nb superbubble removed: 0 0 (0s)
Tip
Nb Tip removed: 0 (0s)
Nb errors removed: 1 (0s)
Superbubble
Nb superbubble removed: 0 0 (0s)
Tip
Nb Tip removed: 0 (0s)
Nb errors removed: 1 (0s)
Superbubble
Nb superbubble removed: 0 0 (0s)
Tip
Nb Tip removed: 0 (0s)
Nb errors removed: 3 (0s)
Superbubble
Nb superbubble removed: 0 0 (0s)
Tip
Nb Tip removed: 0 (0s)
Nb errors removed: 2 (0s)
Superbubble
Nb superbubble removed: 0 0 (0s)
Tip
Nb Tip removed: 0 (0s)
Nb errors removed: 2 (0s)
Superbubble
Nb superbubble removed: 0 0 (0s)
Tip
Nb Tip removed: 0 (0s)
Checksum: 0
Checksum abundnace: 0
Generating contigs
45.2593
28.1025
21.1138
17.4494
15.8631
14.421
13.11
11.9182
10.8347
9.84974
8.14028
7.40025
6.11591
5.05447
4.17725
3.13843
2.14359
0


metaMDBG toMinspace  /var/folders/zg/vq0dnx517c54hg87dyqjky740000gn/T/.tmpwTqywI/tmp/ /var/folders/zg/vq0dnx517c54hg87dyqjky740000gn/T/.tmpwTqywI/tmp//contigs.nodepath /var/folders/zg/vq0dnx517c54hg87dyqjky740000gn/T/.tmpwTqywI/tmp//unitig_data.txt --threads 10

Input dir: /var/folders/zg/vq0dnx517c54hg87dyqjky740000gn/T/.tmpwTqywI/tmp/
Minimizer length: 15
Kminmer length: 122
Density: 0.005

Loading unitig sequences

Creating mContigs

Contig filename: /var/folders/zg/vq0dnx517c54hg87dyqjky740000gn/T/.tmpwTqywI/tmp//unitig_data.txt
pass done: 122
Multi-k pass: 123/209


metaMDBG graph /var/folders/zg/vq0dnx517c54hg87dyqjky740000gn/T/.tmpwTqywI/tmp/ --threads 10 --corrected-read 

Contig filename: 
Output dir: /var/folders/zg/vq0dnx517c54hg87dyqjky740000gn/T/.tmpwTqywI/tmp/
Minimizer length: 15
Kminmer length: 123
Density: 0.005
Min abundance: 0

Loading refined abundances
	Duration: 0
Collecting kminmers
Building mdbg
Duration: 0
Nb solid kminmers: 33702
Nb small contigs written: 0
Dump kminmer abundances
	Duration: 0
Indexing edges
Edge index size: 33794
Edge index elements: 62387
	Duration: 0
Compute unitig nodes
	Duration: 0
Index unitig edges
	Duration: 0
Compute unitig edges
	Duration: 0
Dump unitig abundances
	Duration: 0
Nb edges:   0


metaMDBG contig  /var/folders/zg/vq0dnx517c54hg87dyqjky740000gn/T/.tmpwTqywI/tmp/ --threads 10

Input dir: /var/folders/zg/vq0dnx517c54hg87dyqjky740000gn/T/.tmpwTqywI/tmp/
Minimizer length: 15
Kminmer length: 123
Density: 0.005

Loading unitig graph
Load unitigs
Nb unitigs: 595
Nb minimizers: 106292
Add unitig abundances
Sorting abundances
Add unitig edges
Nb unitig edges: 1010
Sorting unitig edges
Done loading unitig graph
Simplifying
Max abundance: 43
Nb unitigs: 595
Superbubble
Nb superbubble removed: 4 0 (0s)
Tip
Nb Tip removed: 209 (0s)
Superbubble
Nb superbubble removed: 16 0 (0s)
Tip
Nb Tip removed: 0 (0s)
Nb errors removed: 103 (0s)
Superbubble
Nb superbubble removed: 0 0 (0s)
Tip
Nb Tip removed: 0 (0s)
Nb errors removed: 58 (0s)
Superbubble
Nb superbubble removed: 0 0 (0s)
Tip
Nb Tip removed: 0 (0s)
Nb errors removed: 37 (0s)
Superbubble
Nb superbubble removed: 0 0 (0s)
Tip
Nb Tip removed: 0 (0s)
Nb errors removed: 21 (0s)
Superbubble
Nb superbubble removed: 0 0 (0s)
Tip
Nb Tip removed: 0 (0s)
Nb errors removed: 17 (0s)
Superbubble
Nb superbubble removed: 0 0 (0s)
Tip
Nb Tip removed: 0 (0s)
Nb errors removed: 24 (0s)
Superbubble
Nb superbubble removed: 0 0 (0s)
Tip
Nb Tip removed: 0 (0s)
Nb errors removed: 9 (0s)
Superbubble
Nb superbubble removed: 0 0 (0s)
Tip
Nb Tip removed: 0 (0s)
Nb errors removed: 18 (0s)
Superbubble
Nb superbubble removed: 2 0 (0s)
Tip
Nb Tip removed: 0 (0s)
Nb errors removed: 11 (0s)
Superbubble
Nb superbubble removed: 0 0 (0s)
Tip
Nb Tip removed: 0 (0s)
Nb errors removed: 20 (0s)
Superbubble
Nb superbubble removed: 0 0 (0s)
Tip
Nb Tip removed: 0 (0s)
Nb errors removed: 10 (0s)
Superbubble
Nb superbubble removed: 0 0 (0s)
Tip
Nb Tip removed: 0 (0s)
Nb errors removed: 8 (0s)
Superbubble
Nb superbubble removed: 0 0 (0s)
Tip
Nb Tip removed: 0 (0s)
Nb errors removed: 1 (0s)
Superbubble
Nb superbubble removed: 0 0 (0s)
Tip
Nb Tip removed: 0 (0s)
Nb errors removed: 1 (0s)
Superbubble
Nb superbubble removed: 0 0 (0s)
Tip
Nb Tip removed: 0 (0s)
Nb errors removed: 3 (0s)
Superbubble
Nb superbubble removed: 0 0 (0s)
Tip
Nb Tip removed: 0 (0s)
Nb errors removed: 2 (0s)
Superbubble
Nb superbubble removed: 0 0 (0s)
Tip
Nb Tip removed: 0 (0s)
Nb errors removed: 2 (0s)
Superbubble
Nb superbubble removed: 0 0 (0s)
Tip
Nb Tip removed: 0 (0s)
Checksum: 0
Checksum abundnace: 0
Generating contigs
45.2593
28.1025
21.1138
17.4494
15.8631
14.421
13.11
11.9182
10.8347
9.84974
8.14028
7.40025
6.11591
5.05447
4.17725
3.13843
2.14359
0


metaMDBG toMinspace  /var/folders/zg/vq0dnx517c54hg87dyqjky740000gn/T/.tmpwTqywI/tmp/ /var/folders/zg/vq0dnx517c54hg87dyqjky740000gn/T/.tmpwTqywI/tmp//contigs.nodepath /var/folders/zg/vq0dnx517c54hg87dyqjky740000gn/T/.tmpwTqywI/tmp//unitig_data.txt --threads 10

Input dir: /var/folders/zg/vq0dnx517c54hg87dyqjky740000gn/T/.tmpwTqywI/tmp/
Minimizer length: 15
Kminmer length: 123
Density: 0.005

Loading unitig sequences

Creating mContigs

Contig filename: /var/folders/zg/vq0dnx517c54hg87dyqjky740000gn/T/.tmpwTqywI/tmp//unitig_data.txt
pass done: 123
Multi-k pass: 124/209


metaMDBG graph /var/folders/zg/vq0dnx517c54hg87dyqjky740000gn/T/.tmpwTqywI/tmp/ --threads 10 --corrected-read 

Contig filename: 
Output dir: /var/folders/zg/vq0dnx517c54hg87dyqjky740000gn/T/.tmpwTqywI/tmp/
Minimizer length: 15
Kminmer length: 124
Density: 0.005
Min abundance: 0

Loading refined abundances
	Duration: 0
Collecting kminmers
Building mdbg
Duration: 0
Nb solid kminmers: 33606
Nb small contigs written: 0
Dump kminmer abundances
	Duration: 0
Indexing edges
Edge index size: 33698
Edge index elements: 62042
	Duration: 0
Compute unitig nodes
	Duration: 0
Index unitig edges
	Duration: 0
Compute unitig edges
	Duration: 0
Dump unitig abundances
	Duration: 0
Nb edges:   0


metaMDBG contig  /var/folders/zg/vq0dnx517c54hg87dyqjky740000gn/T/.tmpwTqywI/tmp/ --threads 10

Input dir: /var/folders/zg/vq0dnx517c54hg87dyqjky740000gn/T/.tmpwTqywI/tmp/
Minimizer length: 15
Kminmer length: 124
Density: 0.005

Loading unitig graph
Load unitigs
Nb unitigs: 587
Nb minimizers: 105807
Add unitig abundances
Sorting abundances
Add unitig edges
Nb unitig edges: 990
Sorting unitig edges
Done loading unitig graph
Simplifying
Max abundance: 43
Nb unitigs: 587
Superbubble
Nb superbubble removed: 6 0 (0s)
Tip
Nb Tip removed: 203 (0s)
Superbubble
Nb superbubble removed: 14 0 (0s)
Tip
Nb Tip removed: 0 (0s)
Nb errors removed: 101 (0s)
Superbubble
Nb superbubble removed: 0 0 (0s)
Tip
Nb Tip removed: 0 (0s)
Nb errors removed: 57 (0s)
Superbubble
Nb superbubble removed: 0 0 (0s)
Tip
Nb Tip removed: 0 (0s)
Nb errors removed: 36 (0s)
Superbubble
Nb superbubble removed: 0 0 (0s)
Tip
Nb Tip removed: 0 (0s)
Nb errors removed: 21 (0s)
Superbubble
Nb superbubble removed: 0 0 (0s)
Tip
Nb Tip removed: 0 (0s)
Nb errors removed: 17 (0s)
Superbubble
Nb superbubble removed: 0 0 (0s)
Tip
Nb Tip removed: 0 (0s)
Nb errors removed: 23 (0s)
Superbubble
Nb superbubble removed: 0 0 (0s)
Tip
Nb Tip removed: 0 (0s)
Nb errors removed: 9 (0s)
Superbubble
Nb superbubble removed: 0 0 (0s)
Tip
Nb Tip removed: 0 (0s)
Nb errors removed: 18 (0s)
Superbubble
Nb superbubble removed: 2 0 (0s)
Tip
Nb Tip removed: 0 (0s)
Nb errors removed: 12 (0s)
Superbubble
Nb superbubble removed: 0 0 (0s)
Tip
Nb Tip removed: 0 (0s)
Nb errors removed: 20 (0s)
Superbubble
Nb superbubble removed: 0 0 (0s)
Tip
Nb Tip removed: 0 (0s)
Nb errors removed: 10 (0s)
Superbubble
Nb superbubble removed: 0 0 (0s)
Tip
Nb Tip removed: 0 (0s)
Nb errors removed: 8 (0s)
Superbubble
Nb superbubble removed: 0 0 (0s)
Tip
Nb Tip removed: 0 (0s)
Nb errors removed: 1 (0s)
Superbubble
Nb superbubble removed: 0 0 (0s)
Tip
Nb Tip removed: 0 (0s)
Nb errors removed: 1 (0s)
Superbubble
Nb superbubble removed: 0 0 (0s)
Tip
Nb Tip removed: 0 (0s)
Nb errors removed: 3 (0s)
Superbubble
Nb superbubble removed: 0 0 (0s)
Tip
Nb Tip removed: 0 (0s)
Nb errors removed: 2 (0s)
Superbubble
Nb superbubble removed: 0 0 (0s)
Tip
Nb Tip removed: 0 (0s)
Nb errors removed: 2 (0s)
Superbubble
Nb superbubble removed: 0 0 (0s)
Tip
Nb Tip removed: 0 (0s)
Checksum: 0
Checksum abundnace: 0
Generating contigs
45.2593
28.1025
21.1138
17.4494
15.8631
14.421
13.11
11.9182
10.8347
9.84974
8.14028
7.40025
6.11591
5.05447
4.17725
3.13843
2.14359
0


metaMDBG toMinspace  /var/folders/zg/vq0dnx517c54hg87dyqjky740000gn/T/.tmpwTqywI/tmp/ /var/folders/zg/vq0dnx517c54hg87dyqjky740000gn/T/.tmpwTqywI/tmp//contigs.nodepath /var/folders/zg/vq0dnx517c54hg87dyqjky740000gn/T/.tmpwTqywI/tmp//unitig_data.txt --threads 10

Input dir: /var/folders/zg/vq0dnx517c54hg87dyqjky740000gn/T/.tmpwTqywI/tmp/
Minimizer length: 15
Kminmer length: 124
Density: 0.005

Loading unitig sequences

Creating mContigs

Contig filename: /var/folders/zg/vq0dnx517c54hg87dyqjky740000gn/T/.tmpwTqywI/tmp//unitig_data.txt
pass done: 124
Multi-k pass: 125/209


metaMDBG graph /var/folders/zg/vq0dnx517c54hg87dyqjky740000gn/T/.tmpwTqywI/tmp/ --threads 10 --corrected-read 

Contig filename: 
Output dir: /var/folders/zg/vq0dnx517c54hg87dyqjky740000gn/T/.tmpwTqywI/tmp/
Minimizer length: 15
Kminmer length: 125
Density: 0.005
Min abundance: 0

Loading refined abundances
	Duration: 0
Collecting kminmers
Building mdbg
Duration: 0
Nb solid kminmers: 33513
Nb small contigs written: 0
Dump kminmer abundances
	Duration: 0
Indexing edges
Edge index size: 33605
Edge index elements: 61956
	Duration: 0
Compute unitig nodes
	Duration: 0
Index unitig edges
	Duration: 0
Compute unitig edges
	Duration: 0
Dump unitig abundances
	Duration: 0
Nb edges:   0


metaMDBG contig  /var/folders/zg/vq0dnx517c54hg87dyqjky740000gn/T/.tmpwTqywI/tmp/ --threads 10

Input dir: /var/folders/zg/vq0dnx517c54hg87dyqjky740000gn/T/.tmpwTqywI/tmp/
Minimizer length: 15
Kminmer length: 125
Density: 0.005

Loading unitig graph
Load unitigs
Nb unitigs: 585
Nb minimizers: 106053
Add unitig abundances
Sorting abundances
Add unitig edges
Nb unitig edges: 986
Sorting unitig edges
Done loading unitig graph
Simplifying
Max abundance: 43
Nb unitigs: 585
Superbubble
Nb superbubble removed: 6 0 (0s)
Tip
Nb Tip removed: 202 (0s)
Superbubble
Nb superbubble removed: 14 0 (0s)
Tip
Nb Tip removed: 0 (0s)
Nb errors removed: 100 (0s)
Superbubble
Nb superbubble removed: 0 0 (0s)
Tip
Nb Tip removed: 0 (0s)
Nb errors removed: 57 (0s)
Superbubble
Nb superbubble removed: 0 0 (0s)
Tip
Nb Tip removed: 0 (0s)
Nb errors removed: 36 (0s)
Superbubble
Nb superbubble removed: 0 0 (0s)
Tip
Nb Tip removed: 0 (0s)
Nb errors removed: 21 (0s)
Superbubble
Nb superbubble removed: 0 0 (0s)
Tip
Nb Tip removed: 0 (0s)
Nb errors removed: 17 (0s)
Superbubble
Nb superbubble removed: 0 0 (0s)
Tip
Nb Tip removed: 0 (0s)
Nb errors removed: 23 (0s)
Superbubble
Nb superbubble removed: 0 0 (0s)
Tip
Nb Tip removed: 0 (0s)
Nb errors removed: 9 (0s)
Superbubble
Nb superbubble removed: 0 0 (0s)
Tip
Nb Tip removed: 0 (0s)
Nb errors removed: 18 (0s)
Superbubble
Nb superbubble removed: 2 0 (0s)
Tip
Nb Tip removed: 0 (0s)
Nb errors removed: 12 (0s)
Superbubble
Nb superbubble removed: 0 0 (0s)
Tip
Nb Tip removed: 0 (0s)
Nb errors removed: 19 (0s)
Superbubble
Nb superbubble removed: 0 0 (0s)
Tip
Nb Tip removed: 0 (0s)
Nb errors removed: 10 (0s)
Superbubble
Nb superbubble removed: 0 0 (0s)
Tip
Nb Tip removed: 0 (0s)
Nb errors removed: 8 (0s)
Superbubble
Nb superbubble removed: 0 0 (0s)
Tip
Nb Tip removed: 0 (0s)
Nb errors removed: 1 (0s)
Superbubble
Nb superbubble removed: 0 0 (0s)
Tip
Nb Tip removed: 0 (0s)
Nb errors removed: 1 (0s)
Superbubble
Nb superbubble removed: 0 0 (0s)
Tip
Nb Tip removed: 0 (0s)
Nb errors removed: 3 (0s)
Superbubble
Nb superbubble removed: 0 0 (0s)
Tip
Nb Tip removed: 0 (0s)
Nb errors removed: 2 (0s)
Superbubble
Nb superbubble removed: 0 0 (0s)
Tip
Nb Tip removed: 0 (0s)
Nb errors removed: 2 (0s)
Superbubble
Nb superbubble removed: 0 0 (0s)
Tip
Nb Tip removed: 0 (0s)
Checksum: 0
Checksum abundnace: 0
Generating contigs
45.2593
28.1025
21.1138
17.4494
15.8631
14.421
13.11
11.9182
10.8347
9.84974
8.14028
7.40025
6.11591
5.05447
4.17725
3.13843
2.14359
0


metaMDBG toMinspace  /var/folders/zg/vq0dnx517c54hg87dyqjky740000gn/T/.tmpwTqywI/tmp/ /var/folders/zg/vq0dnx517c54hg87dyqjky740000gn/T/.tmpwTqywI/tmp//contigs.nodepath /var/folders/zg/vq0dnx517c54hg87dyqjky740000gn/T/.tmpwTqywI/tmp//unitig_data.txt --threads 10

Input dir: /var/folders/zg/vq0dnx517c54hg87dyqjky740000gn/T/.tmpwTqywI/tmp/
Minimizer length: 15
Kminmer length: 125
Density: 0.005

Loading unitig sequences

Creating mContigs

Contig filename: /var/folders/zg/vq0dnx517c54hg87dyqjky740000gn/T/.tmpwTqywI/tmp//unitig_data.txt
pass done: 125
Multi-k pass: 126/209


metaMDBG graph /var/folders/zg/vq0dnx517c54hg87dyqjky740000gn/T/.tmpwTqywI/tmp/ --threads 10 --corrected-read 

Contig filename: 
Output dir: /var/folders/zg/vq0dnx517c54hg87dyqjky740000gn/T/.tmpwTqywI/tmp/
Minimizer length: 15
Kminmer length: 126
Density: 0.005
Min abundance: 0

Loading refined abundances
	Duration: 0
Collecting kminmers
Building mdbg
Duration: 0
Nb solid kminmers: 33418
Nb small contigs written: 0
Dump kminmer abundances
	Duration: 0
Indexing edges
Edge index size: 33512
Edge index elements: 61880
	Duration: 0
Compute unitig nodes
	Duration: 0
Index unitig edges
	Duration: 0
Compute unitig edges
	Duration: 0
Dump unitig abundances
	Duration: 0
Nb edges:   0


metaMDBG contig  /var/folders/zg/vq0dnx517c54hg87dyqjky740000gn/T/.tmpwTqywI/tmp/ --threads 10

Input dir: /var/folders/zg/vq0dnx517c54hg87dyqjky740000gn/T/.tmpwTqywI/tmp/
Minimizer length: 15
Kminmer length: 126
Density: 0.005

Loading unitig graph
Load unitigs
Nb unitigs: 580
Nb minimizers: 105918
Add unitig abundances
Sorting abundances
Add unitig edges
Nb unitig edges: 974
Sorting unitig edges
Done loading unitig graph
Simplifying
Max abundance: 43
Nb unitigs: 580
Superbubble
Nb superbubble removed: 4 0 (0s)
Tip
Nb Tip removed: 198 (0s)
Superbubble
Nb superbubble removed: 12 0 (0s)
Tip
Nb Tip removed: 0 (0s)
Nb errors removed: 99 (0s)
Superbubble
Nb superbubble removed: 0 0 (0s)
Tip
Nb Tip removed: 0 (0s)
Nb errors removed: 57 (0s)
Superbubble
Nb superbubble removed: 0 0 (0s)
Tip
Nb Tip removed: 0 (0s)
Nb errors removed: 36 (0s)
Superbubble
Nb superbubble removed: 0 0 (0s)
Tip
Nb Tip removed: 0 (0s)
Nb errors removed: 21 (0s)
Superbubble
Nb superbubble removed: 0 0 (0s)
Tip
Nb Tip removed: 0 (0s)
Nb errors removed: 17 (0s)
Superbubble
Nb superbubble removed: 0 0 (0s)
Tip
Nb Tip removed: 0 (0s)
Nb errors removed: 24 (0s)
Superbubble
Nb superbubble removed: 2 0 (0s)
Tip
Nb Tip removed: 0 (0s)
Nb errors removed: 9 (0s)
Superbubble
Nb superbubble removed: 0 0 (0s)
Tip
Nb Tip removed: 0 (0s)
Nb errors removed: 17 (0s)
Superbubble
Nb superbubble removed: 2 0 (0s)
Tip
Nb Tip removed: 0 (0s)
Nb errors removed: 12 (0s)
Superbubble
Nb superbubble removed: 0 0 (0s)
Tip
Nb Tip removed: 0 (0s)
Nb errors removed: 19 (0s)
Superbubble
Nb superbubble removed: 0 0 (0s)
Tip
Nb Tip removed: 0 (0s)
Nb errors removed: 10 (0s)
Superbubble
Nb superbubble removed: 0 0 (0s)
Tip
Nb Tip removed: 0 (0s)
Nb errors removed: 7 (0s)
Superbubble
Nb superbubble removed: 0 0 (0s)
Tip
Nb Tip removed: 0 (0s)
Nb errors removed: 1 (0s)
Superbubble
Nb superbubble removed: 0 0 (0s)
Tip
Nb Tip removed: 0 (0s)
Nb errors removed: 1 (0s)
Superbubble
Nb superbubble removed: 0 0 (0s)
Tip
Nb Tip removed: 0 (0s)
Nb errors removed: 3 (0s)
Superbubble
Nb superbubble removed: 0 0 (0s)
Tip
Nb Tip removed: 0 (0s)
Nb errors removed: 2 (0s)
Superbubble
Nb superbubble removed: 0 0 (0s)
Tip
Nb Tip removed: 0 (0s)
Nb errors removed: 2 (0s)
Superbubble
Nb superbubble removed: 0 0 (0s)
Tip
Nb Tip removed: 0 (0s)
Checksum: 0
Checksum abundnace: 0
Generating contigs
45.2593
28.1025
21.1138
17.4494
15.8631
14.421
13.11
11.9182
10.8347
9.84974
8.14028
7.40025
6.11591
5.05447
4.17725
3.13843
2.14359
0


metaMDBG toMinspace  /var/folders/zg/vq0dnx517c54hg87dyqjky740000gn/T/.tmpwTqywI/tmp/ /var/folders/zg/vq0dnx517c54hg87dyqjky740000gn/T/.tmpwTqywI/tmp//contigs.nodepath /var/folders/zg/vq0dnx517c54hg87dyqjky740000gn/T/.tmpwTqywI/tmp//unitig_data.txt --threads 10

Input dir: /var/folders/zg/vq0dnx517c54hg87dyqjky740000gn/T/.tmpwTqywI/tmp/
Minimizer length: 15
Kminmer length: 126
Density: 0.005

Loading unitig sequences

Creating mContigs

Contig filename: /var/folders/zg/vq0dnx517c54hg87dyqjky740000gn/T/.tmpwTqywI/tmp//unitig_data.txt
pass done: 126
Multi-k pass: 127/209


metaMDBG graph /var/folders/zg/vq0dnx517c54hg87dyqjky740000gn/T/.tmpwTqywI/tmp/ --threads 10 --corrected-read 

Contig filename: 
Output dir: /var/folders/zg/vq0dnx517c54hg87dyqjky740000gn/T/.tmpwTqywI/tmp/
Minimizer length: 15
Kminmer length: 127
Density: 0.005
Min abundance: 0

Loading refined abundances
	Duration: 0
Collecting kminmers
Building mdbg
Duration: 0
Nb solid kminmers: 33324
Nb small contigs written: 0
Dump kminmer abundances
	Duration: 0
Indexing edges
Edge index size: 33413
Edge index elements: 61373
	Duration: 0
Compute unitig nodes
	Duration: 0
Index unitig edges
	Duration: 0
Compute unitig edges
	Duration: 0
Dump unitig abundances
	Duration: 0
Nb edges:   0


metaMDBG contig  /var/folders/zg/vq0dnx517c54hg87dyqjky740000gn/T/.tmpwTqywI/tmp/ --threads 10

Input dir: /var/folders/zg/vq0dnx517c54hg87dyqjky740000gn/T/.tmpwTqywI/tmp/
Minimizer length: 15
Kminmer length: 127
Density: 0.005

Loading unitig graph
Load unitigs
Nb unitigs: 574
Nb minimizers: 105648
Add unitig abundances
Sorting abundances
Add unitig edges
Nb unitig edges: 974
Sorting unitig edges
Done loading unitig graph
Simplifying
Max abundance: 43
Nb unitigs: 574
Superbubble
Nb superbubble removed: 0 0 (0s)
Tip
Nb Tip removed: 197 (0s)
Superbubble
Nb superbubble removed: 0 0 (0s)
Tip
Nb Tip removed: 0 (0s)
Nb errors removed: 98 (0s)
Superbubble
Nb superbubble removed: 0 0 (0s)
Tip
Nb Tip removed: 0 (0s)
Nb errors removed: 55 (0s)
Superbubble
Nb superbubble removed: 0 0 (0s)
Tip
Nb Tip removed: 0 (0s)
Nb errors removed: 37 (0s)
Superbubble
Nb superbubble removed: 0 0 (0s)
Tip
Nb Tip removed: 0 (0s)
Nb errors removed: 20 (0s)
Superbubble
Nb superbubble removed: 0 0 (0s)
Tip
Nb Tip removed: 0 (0s)
Nb errors removed: 18 (0s)
Superbubble
Nb superbubble removed: 0 0 (0s)
Tip
Nb Tip removed: 0 (0s)
Nb errors removed: 24 (0s)
Superbubble
Nb superbubble removed: 0 0 (0s)
Tip
Nb Tip removed: 0 (0s)
Nb errors removed: 9 (0s)
Superbubble
Nb superbubble removed: 0 0 (0s)
Tip
Nb Tip removed: 0 (0s)
Nb errors removed: 18 (0s)
Superbubble
Nb superbubble removed: 0 0 (0s)
Tip
Nb Tip removed: 0 (0s)
Nb errors removed: 13 (0s)
Superbubble
Nb superbubble removed: 0 0 (0s)
Tip
Nb Tip removed: 0 (0s)
Nb errors removed: 19 (0s)
Superbubble
Nb superbubble removed: 0 0 (0s)
Tip
Nb Tip removed: 0 (0s)
Nb errors removed: 12 (0s)
Superbubble
Nb superbubble removed: 0 0 (0s)
Tip
Nb Tip removed: 0 (0s)
Nb errors removed: 7 (0s)
Superbubble
Nb superbubble removed: 0 0 (0s)
Tip
Nb Tip removed: 0 (0s)
Nb errors removed: 1 (0s)
Superbubble
Nb superbubble removed: 0 0 (0s)
Tip
Nb Tip removed: 0 (0s)
Nb errors removed: 1 (0s)
Superbubble
Nb superbubble removed: 0 0 (0s)
Tip
Nb Tip removed: 0 (0s)
Nb errors removed: 1 (0s)
Superbubble
Nb superbubble removed: 0 0 (0s)
Tip
Nb Tip removed: 0 (0s)
Nb errors removed: 3 (0s)
Superbubble
Nb superbubble removed: 0 0 (0s)
Tip
Nb Tip removed: 0 (0s)
Nb errors removed: 7 (0s)
Superbubble
Nb superbubble removed: 0 0 (0s)
Tip
Nb Tip removed: 0 (0s)
Nb errors removed: 2 (0s)
Superbubble
Nb superbubble removed: 0 0 (0s)
Tip
Nb Tip removed: 0 (0s)
Checksum: 0
Checksum abundnace: 0
Generating contigs
45.2593
28.1025
21.1138
19.1944
17.4494
15.8631
14.421
13.11
11.9182
10.8347
9.84974
8.14028
7.40025
6.11591
5.05447
4.17725
3.13843
2.14359
0


metaMDBG toMinspace  /var/folders/zg/vq0dnx517c54hg87dyqjky740000gn/T/.tmpwTqywI/tmp/ /var/folders/zg/vq0dnx517c54hg87dyqjky740000gn/T/.tmpwTqywI/tmp//contigs.nodepath /var/folders/zg/vq0dnx517c54hg87dyqjky740000gn/T/.tmpwTqywI/tmp//unitig_data.txt --threads 10

Input dir: /var/folders/zg/vq0dnx517c54hg87dyqjky740000gn/T/.tmpwTqywI/tmp/
Minimizer length: 15
Kminmer length: 127
Density: 0.005

Loading unitig sequences

Creating mContigs

Contig filename: /var/folders/zg/vq0dnx517c54hg87dyqjky740000gn/T/.tmpwTqywI/tmp//unitig_data.txt
pass done: 127
Multi-k pass: 128/209


metaMDBG graph /var/folders/zg/vq0dnx517c54hg87dyqjky740000gn/T/.tmpwTqywI/tmp/ --threads 10 --corrected-read 

Contig filename: 
Output dir: /var/folders/zg/vq0dnx517c54hg87dyqjky740000gn/T/.tmpwTqywI/tmp/
Minimizer length: 15
Kminmer length: 128
Density: 0.005
Min abundance: 0

Loading refined abundances
	Duration: 0
Collecting kminmers
Building mdbg
Duration: 0
Nb solid kminmers: 33233
Nb small contigs written: 0
Dump kminmer abundances
	Duration: 0
Indexing edges
Edge index size: 33324
Edge index elements: 61180
	Duration: 0
Compute unitig nodes
	Duration: 0
Index unitig edges
	Duration: 0
Compute unitig edges
	Duration: 0
Dump unitig abundances
	Duration: 0
Nb edges:   0


metaMDBG contig  /var/folders/zg/vq0dnx517c54hg87dyqjky740000gn/T/.tmpwTqywI/tmp/ --threads 10

Input dir: /var/folders/zg/vq0dnx517c54hg87dyqjky740000gn/T/.tmpwTqywI/tmp/
Minimizer length: 15
Kminmer length: 128
Density: 0.005

Loading unitig graph
Load unitigs
Nb unitigs: 571
Nb minimizers: 105750
Add unitig abundances
Sorting abundances
Add unitig edges
Nb unitig edges: 966
Sorting unitig edges
Done loading unitig graph
Simplifying
Max abundance: 43
Nb unitigs: 571
Superbubble
Nb superbubble removed: 0 0 (0s)
Tip
Nb Tip removed: 198 (0s)
Superbubble
Nb superbubble removed: 0 0 (0s)
Tip
Nb Tip removed: 0 (0s)
Nb errors removed: 98 (0s)
Superbubble
Nb superbubble removed: 0 0 (0s)
Tip
Nb Tip removed: 0 (0s)
Nb errors removed: 55 (0s)
Superbubble
Nb superbubble removed: 0 0 (0s)
Tip
Nb Tip removed: 0 (0s)
Nb errors removed: 37 (0s)
Superbubble
Nb superbubble removed: 0 0 (0s)
Tip
Nb Tip removed: 0 (0s)
Nb errors removed: 20 (0s)
Superbubble
Nb superbubble removed: 0 0 (0s)
Tip
Nb Tip removed: 0 (0s)
Nb errors removed: 18 (0s)
Superbubble
Nb superbubble removed: 0 0 (0s)
Tip
Nb Tip removed: 0 (0s)
Nb errors removed: 25 (0s)
Superbubble
Nb superbubble removed: 0 0 (0s)
Tip
Nb Tip removed: 0 (0s)
Nb errors removed: 9 (0s)
Superbubble
Nb superbubble removed: 0 0 (0s)
Tip
Nb Tip removed: 0 (0s)
Nb errors removed: 19 (0s)
Superbubble
Nb superbubble removed: 0 0 (0s)
Tip
Nb Tip removed: 0 (0s)
Nb errors removed: 13 (0s)
Superbubble
Nb superbubble removed: 0 0 (0s)
Tip
Nb Tip removed: 0 (0s)
Nb errors removed: 19 (0s)
Superbubble
Nb superbubble removed: 0 0 (0s)
Tip
Nb Tip removed: 0 (0s)
Nb errors removed: 12 (0s)
Superbubble
Nb superbubble removed: 0 0 (0s)
Tip
Nb Tip removed: 0 (0s)
Nb errors removed: 7 (0s)
Superbubble
Nb superbubble removed: 0 0 (0s)
Tip
Nb Tip removed: 0 (0s)
Nb errors removed: 1 (0s)
Superbubble
Nb superbubble removed: 0 0 (0s)
Tip
Nb Tip removed: 0 (0s)
Nb errors removed: 1 (0s)
Superbubble
Nb superbubble removed: 0 0 (0s)
Tip
Nb Tip removed: 0 (0s)
Nb errors removed: 1 (0s)
Superbubble
Nb superbubble removed: 0 0 (0s)
Tip
Nb Tip removed: 0 (0s)
Nb errors removed: 3 (0s)
Superbubble
Nb superbubble removed: 0 0 (0s)
Tip
Nb Tip removed: 0 (0s)
Nb errors removed: 6 (0s)
Superbubble
Nb superbubble removed: 0 0 (0s)
Tip
Nb Tip removed: 0 (0s)
Nb errors removed: 2 (0s)
Superbubble
Nb superbubble removed: 0 0 (0s)
Tip
Nb Tip removed: 0 (0s)
Checksum: 0
Checksum abundnace: 0
Generating contigs
45.2593
28.1025
21.1138
19.1944
17.4494
15.8631
14.421
13.11
11.9182
10.8347
9.84974
8.14028
7.40025
6.11591
5.05447
4.17725
3.13843
2.14359
0


metaMDBG toMinspace  /var/folders/zg/vq0dnx517c54hg87dyqjky740000gn/T/.tmpwTqywI/tmp/ /var/folders/zg/vq0dnx517c54hg87dyqjky740000gn/T/.tmpwTqywI/tmp//contigs.nodepath /var/folders/zg/vq0dnx517c54hg87dyqjky740000gn/T/.tmpwTqywI/tmp//unitig_data.txt --threads 10

Input dir: /var/folders/zg/vq0dnx517c54hg87dyqjky740000gn/T/.tmpwTqywI/tmp/
Minimizer length: 15
Kminmer length: 128
Density: 0.005

Loading unitig sequences

Creating mContigs

Contig filename: /var/folders/zg/vq0dnx517c54hg87dyqjky740000gn/T/.tmpwTqywI/tmp//unitig_data.txt
pass done: 128
Multi-k pass: 129/209


metaMDBG graph /var/folders/zg/vq0dnx517c54hg87dyqjky740000gn/T/.tmpwTqywI/tmp/ --threads 10 --corrected-read 

Contig filename: 
Output dir: /var/folders/zg/vq0dnx517c54hg87dyqjky740000gn/T/.tmpwTqywI/tmp/
Minimizer length: 15
Kminmer length: 129
Density: 0.005
Min abundance: 0

Loading refined abundances
	Duration: 0
Collecting kminmers
Building mdbg
Duration: 0
Nb solid kminmers: 33137
Nb small contigs written: 0
Dump kminmer abundances
	Duration: 0
Indexing edges
Edge index size: 33231
Edge index elements: 60919
	Duration: 0
Compute unitig nodes
	Duration: 0
Index unitig edges
	Duration: 0
Compute unitig edges
	Duration: 0
Dump unitig abundances
	Duration: 0
Nb edges:   0


metaMDBG contig  /var/folders/zg/vq0dnx517c54hg87dyqjky740000gn/T/.tmpwTqywI/tmp/ --threads 10

Input dir: /var/folders/zg/vq0dnx517c54hg87dyqjky740000gn/T/.tmpwTqywI/tmp/
Minimizer length: 15
Kminmer length: 129
Density: 0.005

Loading unitig graph
Load unitigs
Nb unitigs: 563
Nb minimizers: 105201
Add unitig abundances
Sorting abundances
Add unitig edges
Nb unitig edges: 940
Sorting unitig edges
Done loading unitig graph
Simplifying
Max abundance: 43
Nb unitigs: 563
Superbubble
Nb superbubble removed: 0 0 (0s)
Tip
Nb Tip removed: 190 (0s)
Superbubble
Nb superbubble removed: 0 0 (0s)
Tip
Nb Tip removed: 0 (0s)
Nb errors removed: 95 (0s)
Superbubble
Nb superbubble removed: 0 0 (0s)
Tip
Nb Tip removed: 0 (0s)
Nb errors removed: 55 (0s)
Superbubble
Nb superbubble removed: 0 0 (0s)
Tip
Nb Tip removed: 0 (0s)
Nb errors removed: 38 (0s)
Superbubble
Nb superbubble removed: 0 0 (0s)
Tip
Nb Tip removed: 0 (0s)
Nb errors removed: 20 (0s)
Superbubble
Nb superbubble removed: 0 0 (0s)
Tip
Nb Tip removed: 0 (0s)
Nb errors removed: 18 (0s)
Superbubble
Nb superbubble removed: 0 0 (0s)
Tip
Nb Tip removed: 0 (0s)
Nb errors removed: 25 (0s)
Superbubble
Nb superbubble removed: 0 0 (0s)
Tip
Nb Tip removed: 0 (0s)
Nb errors removed: 9 (0s)
Superbubble
Nb superbubble removed: 0 0 (0s)
Tip
Nb Tip removed: 0 (0s)
Nb errors removed: 19 (0s)
Superbubble
Nb superbubble removed: 0 0 (0s)
Tip
Nb Tip removed: 0 (0s)
Nb errors removed: 13 (0s)
Superbubble
Nb superbubble removed: 0 0 (0s)
Tip
Nb Tip removed: 0 (0s)
Nb errors removed: 19 (0s)
Superbubble
Nb superbubble removed: 0 0 (0s)
Tip
Nb Tip removed: 0 (0s)
Nb errors removed: 12 (0s)
Superbubble
Nb superbubble removed: 0 0 (0s)
Tip
Nb Tip removed: 0 (0s)
Nb errors removed: 6 (0s)
Superbubble
Nb superbubble removed: 0 0 (0s)
Tip
Nb Tip removed: 0 (0s)
Nb errors removed: 1 (0s)
Superbubble
Nb superbubble removed: 0 0 (0s)
Tip
Nb Tip removed: 0 (0s)
Nb errors removed: 1 (0s)
Superbubble
Nb superbubble removed: 0 0 (0s)
Tip
Nb Tip removed: 0 (0s)
Nb errors removed: 1 (0s)
Superbubble
Nb superbubble removed: 0 0 (0s)
Tip
Nb Tip removed: 0 (0s)
Nb errors removed: 3 (0s)
Superbubble
Nb superbubble removed: 0 0 (0s)
Tip
Nb Tip removed: 0 (0s)
Nb errors removed: 6 (0s)
Superbubble
Nb superbubble removed: 0 0 (0s)
Tip
Nb Tip removed: 0 (0s)
Nb errors removed: 2 (0s)
Superbubble
Nb superbubble removed: 0 0 (0s)
Tip
Nb Tip removed: 0 (0s)
Checksum: 0
Checksum abundnace: 0
Generating contigs
45.2593
28.1025
21.1138
19.1944
17.4494
15.8631
14.421
13.11
11.9182
10.8347
9.84974
8.14028
7.40025
6.11591
5.05447
4.17725
3.13843
2.14359
0


metaMDBG toMinspace  /var/folders/zg/vq0dnx517c54hg87dyqjky740000gn/T/.tmpwTqywI/tmp/ /var/folders/zg/vq0dnx517c54hg87dyqjky740000gn/T/.tmpwTqywI/tmp//contigs.nodepath /var/folders/zg/vq0dnx517c54hg87dyqjky740000gn/T/.tmpwTqywI/tmp//unitig_data.txt --threads 10

Input dir: /var/folders/zg/vq0dnx517c54hg87dyqjky740000gn/T/.tmpwTqywI/tmp/
Minimizer length: 15
Kminmer length: 129
Density: 0.005

Loading unitig sequences

Creating mContigs

Contig filename: /var/folders/zg/vq0dnx517c54hg87dyqjky740000gn/T/.tmpwTqywI/tmp//unitig_data.txt
pass done: 129
Multi-k pass: 130/209


metaMDBG graph /var/folders/zg/vq0dnx517c54hg87dyqjky740000gn/T/.tmpwTqywI/tmp/ --threads 10 --corrected-read 

Contig filename: 
Output dir: /var/folders/zg/vq0dnx517c54hg87dyqjky740000gn/T/.tmpwTqywI/tmp/
Minimizer length: 15
Kminmer length: 130
Density: 0.005
Min abundance: 0

Loading refined abundances
	Duration: 0
Collecting kminmers
Building mdbg
Duration: 0
Nb solid kminmers: 33038
Nb small contigs written: 0
Dump kminmer abundances
	Duration: 0
Indexing edges
Edge index size: 33137
Edge index elements: 60874
	Duration: 0
Compute unitig nodes
	Duration: 0
Index unitig edges
	Duration: 0
Compute unitig edges
	Duration: 0
Dump unitig abundances
	Duration: 0
Nb edges:   0


metaMDBG contig  /var/folders/zg/vq0dnx517c54hg87dyqjky740000gn/T/.tmpwTqywI/tmp/ --threads 10

Input dir: /var/folders/zg/vq0dnx517c54hg87dyqjky740000gn/T/.tmpwTqywI/tmp/
Minimizer length: 15
Kminmer length: 130
Density: 0.005

Loading unitig graph
Load unitigs
Nb unitigs: 557
Nb minimizers: 104891
Add unitig abundances
Sorting abundances
Add unitig edges
Nb unitig edges: 916
Sorting unitig edges
Done loading unitig graph
Simplifying
Max abundance: 43
Nb unitigs: 557
Superbubble
Nb superbubble removed: 0 0 (0s)
Tip
Nb Tip removed: 182 (0s)
Superbubble
Nb superbubble removed: 0 0 (0s)
Tip
Nb Tip removed: 0 (0s)
Nb errors removed: 94 (0s)
Superbubble
Nb superbubble removed: 0 0 (0s)
Tip
Nb Tip removed: 0 (0s)
Nb errors removed: 55 (0s)
Superbubble
Nb superbubble removed: 0 0 (0s)
Tip
Nb Tip removed: 0 (0s)
Nb errors removed: 37 (0s)
Superbubble
Nb superbubble removed: 0 0 (0s)
Tip
Nb Tip removed: 0 (0s)
Nb errors removed: 20 (0s)
Superbubble
Nb superbubble removed: 0 0 (0s)
Tip
Nb Tip removed: 0 (0s)
Nb errors removed: 18 (0s)
Superbubble
Nb superbubble removed: 0 0 (0s)
Tip
Nb Tip removed: 0 (0s)
Nb errors removed: 25 (0s)
Superbubble
Nb superbubble removed: 0 0 (0s)
Tip
Nb Tip removed: 0 (0s)
Nb errors removed: 9 (0s)
Superbubble
Nb superbubble removed: 0 0 (0s)
Tip
Nb Tip removed: 0 (0s)
Nb errors removed: 19 (0s)
Superbubble
Nb superbubble removed: 0 0 (0s)
Tip
Nb Tip removed: 0 (0s)
Nb errors removed: 13 (0s)
Superbubble
Nb superbubble removed: 0 0 (0s)
Tip
Nb Tip removed: 0 (0s)
Nb errors removed: 19 (0s)
Superbubble
Nb superbubble removed: 0 0 (0s)
Tip
Nb Tip removed: 0 (0s)
Nb errors removed: 12 (0s)
Superbubble
Nb superbubble removed: 0 0 (0s)
Tip
Nb Tip removed: 0 (0s)
Nb errors removed: 6 (0s)
Superbubble
Nb superbubble removed: 0 0 (0s)
Tip
Nb Tip removed: 0 (0s)
Nb errors removed: 1 (0s)
Superbubble
Nb superbubble removed: 0 0 (0s)
Tip
Nb Tip removed: 0 (0s)
Nb errors removed: 1 (0s)
Superbubble
Nb superbubble removed: 0 0 (0s)
Tip
Nb Tip removed: 0 (0s)
Nb errors removed: 1 (0s)
Superbubble
Nb superbubble removed: 0 0 (0s)
Tip
Nb Tip removed: 0 (0s)
Nb errors removed: 3 (0s)
Superbubble
Nb superbubble removed: 0 0 (0s)
Tip
Nb Tip removed: 0 (0s)
Nb errors removed: 6 (0s)
Superbubble
Nb superbubble removed: 0 0 (0s)
Tip
Nb Tip removed: 0 (0s)
Nb errors removed: 2 (0s)
Superbubble
Nb superbubble removed: 0 0 (0s)
Tip
Nb Tip removed: 0 (0s)
Checksum: 0
Checksum abundnace: 0
Generating contigs
45.2593
28.1025
21.1138
19.1944
17.4494
15.8631
14.421
13.11
11.9182
10.8347
9.84974
8.14028
7.40025
6.11591
5.05447
4.17725
3.13843
2.14359
0


metaMDBG toMinspace  /var/folders/zg/vq0dnx517c54hg87dyqjky740000gn/T/.tmpwTqywI/tmp/ /var/folders/zg/vq0dnx517c54hg87dyqjky740000gn/T/.tmpwTqywI/tmp//contigs.nodepath /var/folders/zg/vq0dnx517c54hg87dyqjky740000gn/T/.tmpwTqywI/tmp//unitig_data.txt --threads 10

Input dir: /var/folders/zg/vq0dnx517c54hg87dyqjky740000gn/T/.tmpwTqywI/tmp/
Minimizer length: 15
Kminmer length: 130
Density: 0.005

Loading unitig sequences

Creating mContigs

Contig filename: /var/folders/zg/vq0dnx517c54hg87dyqjky740000gn/T/.tmpwTqywI/tmp//unitig_data.txt
pass done: 130
Multi-k pass: 131/209


metaMDBG graph /var/folders/zg/vq0dnx517c54hg87dyqjky740000gn/T/.tmpwTqywI/tmp/ --threads 10 --corrected-read 

Contig filename: 
Output dir: /var/folders/zg/vq0dnx517c54hg87dyqjky740000gn/T/.tmpwTqywI/tmp/
Minimizer length: 15
Kminmer length: 131
Density: 0.005
Min abundance: 0

Loading refined abundances
	Duration: 0
Collecting kminmers
Building mdbg
Duration: 0
Nb solid kminmers: 32937
Nb small contigs written: 0
Dump kminmer abundances
	Duration: 0
Indexing edges
Edge index size: 33032
Edge index elements: 60710
	Duration: 0
Compute unitig nodes
	Duration: 0
Index unitig edges
	Duration: 0
Compute unitig edges
	Duration: 0
Dump unitig abundances
	Duration: 0
Nb edges:   0


metaMDBG contig  /var/folders/zg/vq0dnx517c54hg87dyqjky740000gn/T/.tmpwTqywI/tmp/ --threads 10 --gen-graph 

Input dir: /var/folders/zg/vq0dnx517c54hg87dyqjky740000gn/T/.tmpwTqywI/tmp/
Minimizer length: 15
Kminmer length: 131
Density: 0.005

Loading unitig graph
Load unitigs
Nb unitigs: 549
Nb minimizers: 104307
Add unitig abundances
Sorting abundances
Add unitig edges
Nb unitig edges: 908
Sorting unitig edges
Done loading unitig graph
Simplifying
Max abundance: 43
Nb unitigs: 549
Superbubble
Nb superbubble removed: 0 0 (0s)
Tip
Nb Tip removed: 181 (0s)
Superbubble
Nb superbubble removed: 0 0 (0s)
Tip
Nb Tip removed: 0 (0s)
Saving unitig graph: /var/folders/zg/vq0dnx517c54hg87dyqjky740000gn/T/.tmpwTqywI/tmp//assembly_graph.gfa
Nb errors removed: 91 (0s)
Superbubble
Nb superbubble removed: 0 0 (0s)
Tip
Nb Tip removed: 0 (0s)
Nb errors removed: 54 (0s)
Superbubble
Nb superbubble removed: 0 0 (0s)
Tip
Nb Tip removed: 0 (0s)
Nb errors removed: 37 (0s)
Superbubble
Nb superbubble removed: 0 0 (0s)
Tip
Nb Tip removed: 0 (0s)
Nb errors removed: 20 (0s)
Superbubble
Nb superbubble removed: 0 0 (0s)
Tip
Nb Tip removed: 0 (0s)
Nb errors removed: 18 (0s)
Superbubble
Nb superbubble removed: 0 0 (0s)
Tip
Nb Tip removed: 0 (0s)
Nb errors removed: 25 (0s)
Superbubble
Nb superbubble removed: 0 0 (0s)
Tip
Nb Tip removed: 0 (0s)
Nb errors removed: 9 (0s)
Superbubble
Nb superbubble removed: 0 0 (0s)
Tip
Nb Tip removed: 0 (0s)
Nb errors removed: 18 (0s)
Superbubble
Nb superbubble removed: 0 0 (0s)
Tip
Nb Tip removed: 0 (0s)
Nb errors removed: 13 (0s)
Superbubble
Nb superbubble removed: 0 0 (0s)
Tip
Nb Tip removed: 0 (0s)
Nb errors removed: 19 (0s)
Superbubble
Nb superbubble removed: 0 0 (0s)
Tip
Nb Tip removed: 0 (0s)
Nb errors removed: 12 (0s)
Superbubble
Nb superbubble removed: 0 0 (0s)
Tip
Nb Tip removed: 0 (0s)
Nb errors removed: 6 (0s)
Superbubble
Nb superbubble removed: 0 0 (0s)
Tip
Nb Tip removed: 0 (0s)
Nb errors removed: 1 (0s)
Superbubble
Nb superbubble removed: 0 0 (0s)
Tip
Nb Tip removed: 0 (0s)
Nb errors removed: 1 (0s)
Superbubble
Nb superbubble removed: 0 0 (0s)
Tip
Nb Tip removed: 0 (0s)
Nb errors removed: 1 (0s)
Superbubble
Nb superbubble removed: 0 0 (0s)
Tip
Nb Tip removed: 0 (0s)
Nb errors removed: 3 (0s)
Superbubble
Nb superbubble removed: 0 0 (0s)
Tip
Nb Tip removed: 0 (0s)
Nb errors removed: 6 (0s)
Superbubble
Nb superbubble removed: 0 0 (0s)
Tip
Nb Tip removed: 0 (0s)
Nb errors removed: 1 (0s)
Superbubble
Nb superbubble removed: 0 0 (0s)
Tip
Nb Tip removed: 0 (0s)
Checksum: 0
Checksum abundnace: 0
Generating contigs
45.2593
28.1025
21.1138
19.1944
17.4494
15.8631
14.421
13.11
11.9182
10.8347
9.84974
8.14028
7.40025
6.11591
5.05447
4.17725
3.13843
2.14359
0


metaMDBG toMinspace  /var/folders/zg/vq0dnx517c54hg87dyqjky740000gn/T/.tmpwTqywI/tmp/ /var/folders/zg/vq0dnx517c54hg87dyqjky740000gn/T/.tmpwTqywI/tmp//contigs.nodepath /var/folders/zg/vq0dnx517c54hg87dyqjky740000gn/T/.tmpwTqywI/tmp//unitig_data.txt --threads 10

Input dir: /var/folders/zg/vq0dnx517c54hg87dyqjky740000gn/T/.tmpwTqywI/tmp/
Minimizer length: 15
Kminmer length: 131
Density: 0.005

Loading unitig sequences

Creating mContigs

Contig filename: /var/folders/zg/vq0dnx517c54hg87dyqjky740000gn/T/.tmpwTqywI/tmp//unitig_data.txt


metaMDBG toMinspace  /var/folders/zg/vq0dnx517c54hg87dyqjky740000gn/T/.tmpwTqywI/tmp/ /var/folders/zg/vq0dnx517c54hg87dyqjky740000gn/T/.tmpwTqywI/tmp//assembly_graph.gfa.unitigs.nodepath /var/folders/zg/vq0dnx517c54hg87dyqjky740000gn/T/.tmpwTqywI/tmp//assembly_graph.gfa.unitigs --threads 10

Input dir: /var/folders/zg/vq0dnx517c54hg87dyqjky740000gn/T/.tmpwTqywI/tmp/
Minimizer length: 15
Kminmer length: 131
Density: 0.005

Loading unitig sequences

Creating mContigs

Contig filename: /var/folders/zg/vq0dnx517c54hg87dyqjky740000gn/T/.tmpwTqywI/tmp//assembly_graph.gfa.unitigs
pass done: 131
Multi-k pass: 132/209


metaMDBG graph /var/folders/zg/vq0dnx517c54hg87dyqjky740000gn/T/.tmpwTqywI/tmp/ --threads 10 --corrected-read 

Contig filename: 
Output dir: /var/folders/zg/vq0dnx517c54hg87dyqjky740000gn/T/.tmpwTqywI/tmp/
Minimizer length: 15
Kminmer length: 132
Density: 0.005
Min abundance: 0

Loading refined abundances
	Duration: 0
Collecting kminmers
Building mdbg
Duration: 0
Nb solid kminmers: 32837
Nb small contigs written: 0
Dump kminmer abundances
	Duration: 0
Indexing edges
Edge index size: 32933
Edge index elements: 60491
	Duration: 0
Compute unitig nodes
	Duration: 0
Index unitig edges
	Duration: 0
Compute unitig edges
	Duration: 0
Dump unitig abundances
	Duration: 0
Nb edges:   0


metaMDBG contig  /var/folders/zg/vq0dnx517c54hg87dyqjky740000gn/T/.tmpwTqywI/tmp/ --threads 10

Input dir: /var/folders/zg/vq0dnx517c54hg87dyqjky740000gn/T/.tmpwTqywI/tmp/
Minimizer length: 15
Kminmer length: 132
Density: 0.005

Loading unitig graph
Load unitigs
Nb unitigs: 539
Nb minimizers: 103446
Add unitig abundances
Sorting abundances
Add unitig edges
Nb unitig edges: 884
Sorting unitig edges
Done loading unitig graph
Simplifying
Max abundance: 43
Nb unitigs: 539
Superbubble
Nb superbubble removed: 0 0 (0s)
Tip
Nb Tip removed: 177 (0s)
Superbubble
Nb superbubble removed: 0 0 (0s)
Tip
Nb Tip removed: 0 (0s)
Nb errors removed: 89 (0s)
Superbubble
Nb superbubble removed: 0 0 (0s)
Tip
Nb Tip removed: 0 (0s)
Nb errors removed: 54 (0s)
Superbubble
Nb superbubble removed: 0 0 (0s)
Tip
Nb Tip removed: 0 (0s)
Nb errors removed: 36 (0s)
Superbubble
Nb superbubble removed: 0 0 (0s)
Tip
Nb Tip removed: 0 (0s)
Nb errors removed: 20 (0s)
Superbubble
Nb superbubble removed: 0 0 (0s)
Tip
Nb Tip removed: 0 (0s)
Nb errors removed: 18 (0s)
Superbubble
Nb superbubble removed: 0 0 (0s)
Tip
Nb Tip removed: 0 (0s)
Nb errors removed: 25 (0s)
Superbubble
Nb superbubble removed: 0 0 (0s)
Tip
Nb Tip removed: 0 (0s)
Nb errors removed: 9 (0s)
Superbubble
Nb superbubble removed: 0 0 (0s)
Tip
Nb Tip removed: 0 (0s)
Nb errors removed: 18 (0s)
Superbubble
Nb superbubble removed: 0 0 (0s)
Tip
Nb Tip removed: 0 (0s)
Nb errors removed: 12 (0s)
Superbubble
Nb superbubble removed: 0 0 (0s)
Tip
Nb Tip removed: 0 (0s)
Nb errors removed: 19 (0s)
Superbubble
Nb superbubble removed: 0 0 (0s)
Tip
Nb Tip removed: 0 (0s)
Nb errors removed: 12 (0s)
Superbubble
Nb superbubble removed: 0 0 (0s)
Tip
Nb Tip removed: 0 (0s)
Nb errors removed: 6 (0s)
Superbubble
Nb superbubble removed: 0 0 (0s)
Tip
Nb Tip removed: 0 (0s)
Nb errors removed: 1 (0s)
Superbubble
Nb superbubble removed: 0 0 (0s)
Tip
Nb Tip removed: 0 (0s)
Nb errors removed: 1 (0s)
Superbubble
Nb superbubble removed: 0 0 (0s)
Tip
Nb Tip removed: 0 (0s)
Nb errors removed: 1 (0s)
Superbubble
Nb superbubble removed: 0 0 (0s)
Tip
Nb Tip removed: 0 (0s)
Nb errors removed: 3 (0s)
Superbubble
Nb superbubble removed: 0 0 (0s)
Tip
Nb Tip removed: 0 (0s)
Nb errors removed: 6 (0s)
Superbubble
Nb superbubble removed: 0 0 (0s)
Tip
Nb Tip removed: 0 (0s)
Nb errors removed: 1 (0s)
Superbubble
Nb superbubble removed: 0 0 (0s)
Tip
Nb Tip removed: 0 (0s)
Checksum: 0
Checksum abundnace: 0
Generating contigs
45.2593
28.1025
21.1138
19.1944
17.4494
15.8631
14.421
13.11
11.9182
10.8347
9.84974
8.14028
7.40025
6.11591
5.05447
4.17725
3.13843
2.14359
0


metaMDBG toMinspace  /var/folders/zg/vq0dnx517c54hg87dyqjky740000gn/T/.tmpwTqywI/tmp/ /var/folders/zg/vq0dnx517c54hg87dyqjky740000gn/T/.tmpwTqywI/tmp//contigs.nodepath /var/folders/zg/vq0dnx517c54hg87dyqjky740000gn/T/.tmpwTqywI/tmp//unitig_data.txt --threads 10

Input dir: /var/folders/zg/vq0dnx517c54hg87dyqjky740000gn/T/.tmpwTqywI/tmp/
Minimizer length: 15
Kminmer length: 132
Density: 0.005

Loading unitig sequences

Creating mContigs

Contig filename: /var/folders/zg/vq0dnx517c54hg87dyqjky740000gn/T/.tmpwTqywI/tmp//unitig_data.txt
pass done: 132
Multi-k pass: 133/209


metaMDBG graph /var/folders/zg/vq0dnx517c54hg87dyqjky740000gn/T/.tmpwTqywI/tmp/ --threads 10 --corrected-read 

Contig filename: 
Output dir: /var/folders/zg/vq0dnx517c54hg87dyqjky740000gn/T/.tmpwTqywI/tmp/
Minimizer length: 15
Kminmer length: 133
Density: 0.005
Min abundance: 0

Loading refined abundances
	Duration: 0
Collecting kminmers
Building mdbg
Duration: 0
Nb solid kminmers: 32735
Nb small contigs written: 0
Dump kminmer abundances
	Duration: 0
Indexing edges
Edge index size: 32831
Edge index elements: 60555
	Duration: 0
Compute unitig nodes
	Duration: 0
Index unitig edges
	Duration: 0
Compute unitig edges
	Duration: 0
Dump unitig abundances
	Duration: 0
Nb edges:   0


metaMDBG contig  /var/folders/zg/vq0dnx517c54hg87dyqjky740000gn/T/.tmpwTqywI/tmp/ --threads 10

Input dir: /var/folders/zg/vq0dnx517c54hg87dyqjky740000gn/T/.tmpwTqywI/tmp/
Minimizer length: 15
Kminmer length: 133
Density: 0.005

Loading unitig graph
Load unitigs
Nb unitigs: 528
Nb minimizers: 102431
Add unitig abundances
Sorting abundances
Add unitig edges
Nb unitig edges: 864
Sorting unitig edges
Done loading unitig graph
Simplifying
Max abundance: 43
Nb unitigs: 528
Superbubble
Nb superbubble removed: 0 0 (0s)
Tip
Nb Tip removed: 172 (0s)
Superbubble
Nb superbubble removed: 0 0 (0s)
Tip
Nb Tip removed: 0 (0s)
Nb errors removed: 88 (0s)
Superbubble
Nb superbubble removed: 0 0 (0s)
Tip
Nb Tip removed: 0 (0s)
Nb errors removed: 53 (0s)
Superbubble
Nb superbubble removed: 0 0 (0s)
Tip
Nb Tip removed: 0 (0s)
Nb errors removed: 35 (0s)
Superbubble
Nb superbubble removed: 0 0 (0s)
Tip
Nb Tip removed: 0 (0s)
Nb errors removed: 20 (0s)
Superbubble
Nb superbubble removed: 0 0 (0s)
Tip
Nb Tip removed: 0 (0s)
Nb errors removed: 18 (0s)
Superbubble
Nb superbubble removed: 0 0 (0s)
Tip
Nb Tip removed: 0 (0s)
Nb errors removed: 25 (0s)
Superbubble
Nb superbubble removed: 0 0 (0s)
Tip
Nb Tip removed: 0 (0s)
Nb errors removed: 9 (0s)
Superbubble
Nb superbubble removed: 0 0 (0s)
Tip
Nb Tip removed: 0 (0s)
Nb errors removed: 17 (0s)
Superbubble
Nb superbubble removed: 0 0 (0s)
Tip
Nb Tip removed: 0 (0s)
Nb errors removed: 12 (0s)
Superbubble
Nb superbubble removed: 0 0 (0s)
Tip
Nb Tip removed: 0 (0s)
Nb errors removed: 19 (0s)
Superbubble
Nb superbubble removed: 0 0 (0s)
Tip
Nb Tip removed: 0 (0s)
Nb errors removed: 12 (0s)
Superbubble
Nb superbubble removed: 0 0 (0s)
Tip
Nb Tip removed: 0 (0s)
Nb errors removed: 5 (0s)
Superbubble
Nb superbubble removed: 0 0 (0s)
Tip
Nb Tip removed: 0 (0s)
Nb errors removed: 1 (0s)
Superbubble
Nb superbubble removed: 0 0 (0s)
Tip
Nb Tip removed: 0 (0s)
Nb errors removed: 1 (0s)
Superbubble
Nb superbubble removed: 0 0 (0s)
Tip
Nb Tip removed: 0 (0s)
Nb errors removed: 1 (0s)
Superbubble
Nb superbubble removed: 0 0 (0s)
Tip
Nb Tip removed: 0 (0s)
Nb errors removed: 3 (0s)
Superbubble
Nb superbubble removed: 0 0 (0s)
Tip
Nb Tip removed: 0 (0s)
Nb errors removed: 6 (0s)
Superbubble
Nb superbubble removed: 0 0 (0s)
Tip
Nb Tip removed: 0 (0s)
Nb errors removed: 1 (0s)
Superbubble
Nb superbubble removed: 0 0 (0s)
Tip
Nb Tip removed: 0 (0s)
Checksum: 0
Checksum abundnace: 0
Generating contigs
45.2593
28.1025
21.1138
19.1944
17.4494
15.8631
14.421
13.11
11.9182
10.8347
9.84974
8.14028
7.40025
6.11591
5.05447
4.17725
3.13843
2.14359
0


metaMDBG toMinspace  /var/folders/zg/vq0dnx517c54hg87dyqjky740000gn/T/.tmpwTqywI/tmp/ /var/folders/zg/vq0dnx517c54hg87dyqjky740000gn/T/.tmpwTqywI/tmp//contigs.nodepath /var/folders/zg/vq0dnx517c54hg87dyqjky740000gn/T/.tmpwTqywI/tmp//unitig_data.txt --threads 10

Input dir: /var/folders/zg/vq0dnx517c54hg87dyqjky740000gn/T/.tmpwTqywI/tmp/
Minimizer length: 15
Kminmer length: 133
Density: 0.005

Loading unitig sequences

Creating mContigs

Contig filename: /var/folders/zg/vq0dnx517c54hg87dyqjky740000gn/T/.tmpwTqywI/tmp//unitig_data.txt
pass done: 133
Multi-k pass: 134/209


metaMDBG graph /var/folders/zg/vq0dnx517c54hg87dyqjky740000gn/T/.tmpwTqywI/tmp/ --threads 10 --corrected-read 

Contig filename: 
Output dir: /var/folders/zg/vq0dnx517c54hg87dyqjky740000gn/T/.tmpwTqywI/tmp/
Minimizer length: 15
Kminmer length: 134
Density: 0.005
Min abundance: 0

Loading refined abundances
	Duration: 0
Collecting kminmers
Building mdbg
Duration: 0
Nb solid kminmers: 32634
Nb small contigs written: 0
Dump kminmer abundances
	Duration: 0
Indexing edges
Edge index size: 32732
Edge index elements: 60301
	Duration: 0
Compute unitig nodes
	Duration: 0
Index unitig edges
	Duration: 0
Compute unitig edges
	Duration: 0
Dump unitig abundances
	Duration: 0
Nb edges:   0


metaMDBG contig  /var/folders/zg/vq0dnx517c54hg87dyqjky740000gn/T/.tmpwTqywI/tmp/ --threads 10

Input dir: /var/folders/zg/vq0dnx517c54hg87dyqjky740000gn/T/.tmpwTqywI/tmp/
Minimizer length: 15
Kminmer length: 134
Density: 0.005

Loading unitig graph
Load unitigs
Nb unitigs: 521
Nb minimizers: 101927
Add unitig abundances
Sorting abundances
Add unitig edges
Nb unitig edges: 846
Sorting unitig edges
Done loading unitig graph
Simplifying
Max abundance: 43
Nb unitigs: 521
Superbubble
Nb superbubble removed: 0 0 (0s)
Tip
Nb Tip removed: 167 (0s)
Superbubble
Nb superbubble removed: 0 0 (0s)
Tip
Nb Tip removed: 0 (0s)
Nb errors removed: 85 (0s)
Superbubble
Nb superbubble removed: 0 0 (0s)
Tip
Nb Tip removed: 0 (0s)
Nb errors removed: 53 (0s)
Superbubble
Nb superbubble removed: 0 0 (0s)
Tip
Nb Tip removed: 0 (0s)
Nb errors removed: 35 (0s)
Superbubble
Nb superbubble removed: 0 0 (0s)
Tip
Nb Tip removed: 0 (0s)
Nb errors removed: 20 (0s)
Superbubble
Nb superbubble removed: 0 0 (0s)
Tip
Nb Tip removed: 0 (0s)
Nb errors removed: 18 (0s)
Superbubble
Nb superbubble removed: 0 0 (0s)
Tip
Nb Tip removed: 0 (0s)
Nb errors removed: 23 (0s)
Superbubble
Nb superbubble removed: 0 0 (0s)
Tip
Nb Tip removed: 0 (0s)
Nb errors removed: 9 (0s)
Superbubble
Nb superbubble removed: 0 0 (0s)
Tip
Nb Tip removed: 0 (0s)
Nb errors removed: 17 (0s)
Superbubble
Nb superbubble removed: 0 0 (0s)
Tip
Nb Tip removed: 0 (0s)
Nb errors removed: 12 (0s)
Superbubble
Nb superbubble removed: 0 0 (0s)
Tip
Nb Tip removed: 0 (0s)
Nb errors removed: 19 (0s)
Superbubble
Nb superbubble removed: 0 0 (0s)
Tip
Nb Tip removed: 0 (0s)
Nb errors removed: 12 (0s)
Superbubble
Nb superbubble removed: 0 0 (0s)
Tip
Nb Tip removed: 0 (0s)
Nb errors removed: 5 (0s)
Superbubble
Nb superbubble removed: 0 0 (0s)
Tip
Nb Tip removed: 0 (0s)
Nb errors removed: 1 (0s)
Superbubble
Nb superbubble removed: 0 0 (0s)
Tip
Nb Tip removed: 0 (0s)
Nb errors removed: 1 (0s)
Superbubble
Nb superbubble removed: 0 0 (0s)
Tip
Nb Tip removed: 0 (0s)
Nb errors removed: 1 (0s)
Superbubble
Nb superbubble removed: 0 0 (0s)
Tip
Nb Tip removed: 0 (0s)
Nb errors removed: 3 (0s)
Superbubble
Nb superbubble removed: 0 0 (0s)
Tip
Nb Tip removed: 0 (0s)
Nb errors removed: 6 (0s)
Superbubble
Nb superbubble removed: 0 0 (0s)
Tip
Nb Tip removed: 0 (0s)
Nb errors removed: 1 (0s)
Superbubble
Nb superbubble removed: 0 0 (0s)
Tip
Nb Tip removed: 0 (0s)
Checksum: 0
Checksum abundnace: 0
Generating contigs
45.2593
28.1025
21.1138
19.1944
17.4494
15.8631
14.421
13.11
11.9182
10.8347
9.84974
8.14028
7.40025
6.11591
5.05447
4.17725
3.13843
2.14359
0


metaMDBG toMinspace  /var/folders/zg/vq0dnx517c54hg87dyqjky740000gn/T/.tmpwTqywI/tmp/ /var/folders/zg/vq0dnx517c54hg87dyqjky740000gn/T/.tmpwTqywI/tmp//contigs.nodepath /var/folders/zg/vq0dnx517c54hg87dyqjky740000gn/T/.tmpwTqywI/tmp//unitig_data.txt --threads 10

Input dir: /var/folders/zg/vq0dnx517c54hg87dyqjky740000gn/T/.tmpwTqywI/tmp/
Minimizer length: 15
Kminmer length: 134
Density: 0.005

Loading unitig sequences

Creating mContigs

Contig filename: /var/folders/zg/vq0dnx517c54hg87dyqjky740000gn/T/.tmpwTqywI/tmp//unitig_data.txt
pass done: 134
Multi-k pass: 135/209


metaMDBG graph /var/folders/zg/vq0dnx517c54hg87dyqjky740000gn/T/.tmpwTqywI/tmp/ --threads 10 --corrected-read 

Contig filename: 
Output dir: /var/folders/zg/vq0dnx517c54hg87dyqjky740000gn/T/.tmpwTqywI/tmp/
Minimizer length: 15
Kminmer length: 135
Density: 0.005
Min abundance: 0

Loading refined abundances
	Duration: 0
Collecting kminmers
Building mdbg
Duration: 0
Nb solid kminmers: 32536
Nb small contigs written: 0
Dump kminmer abundances
	Duration: 0
Indexing edges
Edge index size: 32633
Edge index elements: 60257
	Duration: 0
Compute unitig nodes
	Duration: 0
Index unitig edges
	Duration: 0
Compute unitig edges
	Duration: 0
Dump unitig abundances
	Duration: 0
Nb edges:   0


metaMDBG contig  /var/folders/zg/vq0dnx517c54hg87dyqjky740000gn/T/.tmpwTqywI/tmp/ --threads 10

Input dir: /var/folders/zg/vq0dnx517c54hg87dyqjky740000gn/T/.tmpwTqywI/tmp/
Minimizer length: 15
Kminmer length: 135
Density: 0.005

Loading unitig graph
Load unitigs
Nb unitigs: 519
Nb minimizers: 102082
Add unitig abundances
Sorting abundances
Add unitig edges
Nb unitig edges: 846
Sorting unitig edges
Done loading unitig graph
Simplifying
Max abundance: 43
Nb unitigs: 519
Superbubble
Nb superbubble removed: 0 0 (0s)
Tip
Nb Tip removed: 167 (0s)
Superbubble
Nb superbubble removed: 0 0 (0s)
Tip
Nb Tip removed: 0 (0s)
Nb errors removed: 85 (0s)
Superbubble
Nb superbubble removed: 0 0 (0s)
Tip
Nb Tip removed: 0 (0s)
Nb errors removed: 53 (0s)
Superbubble
Nb superbubble removed: 0 0 (0s)
Tip
Nb Tip removed: 0 (0s)
Nb errors removed: 35 (0s)
Superbubble
Nb superbubble removed: 0 0 (0s)
Tip
Nb Tip removed: 0 (0s)
Nb errors removed: 20 (0s)
Superbubble
Nb superbubble removed: 0 0 (0s)
Tip
Nb Tip removed: 0 (0s)
Nb errors removed: 18 (0s)
Superbubble
Nb superbubble removed: 0 0 (0s)
Tip
Nb Tip removed: 0 (0s)
Nb errors removed: 23 (0s)
Superbubble
Nb superbubble removed: 0 0 (0s)
Tip
Nb Tip removed: 0 (0s)
Nb errors removed: 9 (0s)
Superbubble
Nb superbubble removed: 0 0 (0s)
Tip
Nb Tip removed: 0 (0s)
Nb errors removed: 17 (0s)
Superbubble
Nb superbubble removed: 0 0 (0s)
Tip
Nb Tip removed: 0 (0s)
Nb errors removed: 12 (0s)
Superbubble
Nb superbubble removed: 0 0 (0s)
Tip
Nb Tip removed: 0 (0s)
Nb errors removed: 19 (0s)
Superbubble
Nb superbubble removed: 0 0 (0s)
Tip
Nb Tip removed: 0 (0s)
Nb errors removed: 12 (0s)
Superbubble
Nb superbubble removed: 0 0 (0s)
Tip
Nb Tip removed: 0 (0s)
Nb errors removed: 5 (0s)
Superbubble
Nb superbubble removed: 0 0 (0s)
Tip
Nb Tip removed: 0 (0s)
Nb errors removed: 1 (0s)
Superbubble
Nb superbubble removed: 0 0 (0s)
Tip
Nb Tip removed: 0 (0s)
Nb errors removed: 1 (0s)
Superbubble
Nb superbubble removed: 0 0 (0s)
Tip
Nb Tip removed: 0 (0s)
Nb errors removed: 1 (0s)
Superbubble
Nb superbubble removed: 0 0 (0s)
Tip
Nb Tip removed: 0 (0s)
Nb errors removed: 3 (0s)
Superbubble
Nb superbubble removed: 0 0 (0s)
Tip
Nb Tip removed: 0 (0s)
Nb errors removed: 6 (0s)
Superbubble
Nb superbubble removed: 0 0 (0s)
Tip
Nb Tip removed: 0 (0s)
Nb errors removed: 1 (0s)
Superbubble
Nb superbubble removed: 0 0 (0s)
Tip
Nb Tip removed: 0 (0s)
Checksum: 0
Checksum abundnace: 0
Generating contigs
45.2593
28.1025
21.1138
19.1944
17.4494
15.8631
14.421
13.11
11.9182
10.8347
9.84974
8.14028
7.40025
6.11591
5.05447
4.17725
3.13843
2.14359
0


metaMDBG toMinspace  /var/folders/zg/vq0dnx517c54hg87dyqjky740000gn/T/.tmpwTqywI/tmp/ /var/folders/zg/vq0dnx517c54hg87dyqjky740000gn/T/.tmpwTqywI/tmp//contigs.nodepath /var/folders/zg/vq0dnx517c54hg87dyqjky740000gn/T/.tmpwTqywI/tmp//unitig_data.txt --threads 10

Input dir: /var/folders/zg/vq0dnx517c54hg87dyqjky740000gn/T/.tmpwTqywI/tmp/
Minimizer length: 15
Kminmer length: 135
Density: 0.005

Loading unitig sequences

Creating mContigs

Contig filename: /var/folders/zg/vq0dnx517c54hg87dyqjky740000gn/T/.tmpwTqywI/tmp//unitig_data.txt
pass done: 135
Multi-k pass: 136/209


metaMDBG graph /var/folders/zg/vq0dnx517c54hg87dyqjky740000gn/T/.tmpwTqywI/tmp/ --threads 10 --corrected-read 

Contig filename: 
Output dir: /var/folders/zg/vq0dnx517c54hg87dyqjky740000gn/T/.tmpwTqywI/tmp/
Minimizer length: 15
Kminmer length: 136
Density: 0.005
Min abundance: 0

Loading refined abundances
	Duration: 0
Collecting kminmers
Building mdbg
Duration: 0
Nb solid kminmers: 32435
Nb small contigs written: 0
Dump kminmer abundances
	Duration: 0
Indexing edges
Edge index size: 32532
Edge index elements: 60208
	Duration: 0
Compute unitig nodes
	Duration: 0
Index unitig edges
	Duration: 0
Compute unitig edges
	Duration: 0
Dump unitig abundances
	Duration: 0
Nb edges:   0


metaMDBG contig  /var/folders/zg/vq0dnx517c54hg87dyqjky740000gn/T/.tmpwTqywI/tmp/ --threads 10

Input dir: /var/folders/zg/vq0dnx517c54hg87dyqjky740000gn/T/.tmpwTqywI/tmp/
Minimizer length: 15
Kminmer length: 136
Density: 0.005

Loading unitig graph
Load unitigs
Nb unitigs: 511
Nb minimizers: 101420
Add unitig abundances
Sorting abundances
Add unitig edges
Nb unitig edges: 828
Sorting unitig edges
Done loading unitig graph
Simplifying
Max abundance: 43
Nb unitigs: 511
Superbubble
Nb superbubble removed: 0 0 (0s)
Tip
Nb Tip removed: 162 (0s)
Superbubble
Nb superbubble removed: 0 0 (0s)
Tip
Nb Tip removed: 0 (0s)
Nb errors removed: 83 (0s)
Superbubble
Nb superbubble removed: 0 0 (0s)
Tip
Nb Tip removed: 0 (0s)
Nb errors removed: 51 (0s)
Superbubble
Nb superbubble removed: 0 0 (0s)
Tip
Nb Tip removed: 0 (0s)
Nb errors removed: 35 (0s)
Superbubble
Nb superbubble removed: 0 0 (0s)
Tip
Nb Tip removed: 0 (0s)
Nb errors removed: 20 (0s)
Superbubble
Nb superbubble removed: 0 0 (0s)
Tip
Nb Tip removed: 0 (0s)
Nb errors removed: 18 (0s)
Superbubble
Nb superbubble removed: 0 0 (0s)
Tip
Nb Tip removed: 0 (0s)
Nb errors removed: 23 (0s)
Superbubble
Nb superbubble removed: 0 0 (0s)
Tip
Nb Tip removed: 0 (0s)
Nb errors removed: 8 (0s)
Superbubble
Nb superbubble removed: 0 0 (0s)
Tip
Nb Tip removed: 0 (0s)
Nb errors removed: 17 (0s)
Superbubble
Nb superbubble removed: 0 0 (0s)
Tip
Nb Tip removed: 0 (0s)
Nb errors removed: 12 (0s)
Superbubble
Nb superbubble removed: 0 0 (0s)
Tip
Nb Tip removed: 0 (0s)
Nb errors removed: 19 (0s)
Superbubble
Nb superbubble removed: 0 0 (0s)
Tip
Nb Tip removed: 0 (0s)
Nb errors removed: 12 (0s)
Superbubble
Nb superbubble removed: 0 0 (0s)
Tip
Nb Tip removed: 0 (0s)
Nb errors removed: 5 (0s)
Superbubble
Nb superbubble removed: 0 0 (0s)
Tip
Nb Tip removed: 0 (0s)
Nb errors removed: 1 (0s)
Superbubble
Nb superbubble removed: 0 0 (0s)
Tip
Nb Tip removed: 0 (0s)
Nb errors removed: 1 (0s)
Superbubble
Nb superbubble removed: 0 0 (0s)
Tip
Nb Tip removed: 0 (0s)
Nb errors removed: 3 (0s)
Superbubble
Nb superbubble removed: 0 0 (0s)
Tip
Nb Tip removed: 0 (0s)
Nb errors removed: 8 (0s)
Superbubble
Nb superbubble removed: 0 0 (0s)
Tip
Nb Tip removed: 0 (0s)
Nb errors removed: 1 (0s)
Superbubble
Nb superbubble removed: 0 0 (0s)
Tip
Nb Tip removed: 0 (0s)
Checksum: 0
Checksum abundnace: 0
Generating contigs
45.2593
28.1025
21.1138
17.4494
15.8631
14.421
13.11
11.9182
10.8347
9.84974
8.14028
7.40025
6.11591
5.05447
4.17725
3.13843
2.14359
0


metaMDBG toMinspace  /var/folders/zg/vq0dnx517c54hg87dyqjky740000gn/T/.tmpwTqywI/tmp/ /var/folders/zg/vq0dnx517c54hg87dyqjky740000gn/T/.tmpwTqywI/tmp//contigs.nodepath /var/folders/zg/vq0dnx517c54hg87dyqjky740000gn/T/.tmpwTqywI/tmp//unitig_data.txt --threads 10

Input dir: /var/folders/zg/vq0dnx517c54hg87dyqjky740000gn/T/.tmpwTqywI/tmp/
Minimizer length: 15
Kminmer length: 136
Density: 0.005

Loading unitig sequences

Creating mContigs

Contig filename: /var/folders/zg/vq0dnx517c54hg87dyqjky740000gn/T/.tmpwTqywI/tmp//unitig_data.txt
pass done: 136
Multi-k pass: 137/209


metaMDBG graph /var/folders/zg/vq0dnx517c54hg87dyqjky740000gn/T/.tmpwTqywI/tmp/ --threads 10 --corrected-read 

Contig filename: 
Output dir: /var/folders/zg/vq0dnx517c54hg87dyqjky740000gn/T/.tmpwTqywI/tmp/
Minimizer length: 15
Kminmer length: 137
Density: 0.005
Min abundance: 0

Loading refined abundances
	Duration: 0
Collecting kminmers
Building mdbg
Duration: 0
Nb solid kminmers: 32336
Nb small contigs written: 0
Dump kminmer abundances
	Duration: 0
Indexing edges
Edge index size: 32433
Edge index elements: 59846
	Duration: 0
Compute unitig nodes
	Duration: 0
Index unitig edges
	Duration: 0
Compute unitig edges
	Duration: 0
Dump unitig abundances
	Duration: 0
Nb edges:   0


metaMDBG contig  /var/folders/zg/vq0dnx517c54hg87dyqjky740000gn/T/.tmpwTqywI/tmp/ --threads 10

Input dir: /var/folders/zg/vq0dnx517c54hg87dyqjky740000gn/T/.tmpwTqywI/tmp/
Minimizer length: 15
Kminmer length: 137
Density: 0.005

Loading unitig graph
Load unitigs
Nb unitigs: 507
Nb minimizers: 101288
Add unitig abundances
Sorting abundances
Add unitig edges
Nb unitig edges: 820
Sorting unitig edges
Done loading unitig graph
Simplifying
Max abundance: 43
Nb unitigs: 507
Superbubble
Nb superbubble removed: 0 0 (0s)
Tip
Nb Tip removed: 160 (0s)
Superbubble
Nb superbubble removed: 0 0 (0s)
Tip
Nb Tip removed: 0 (0s)
Nb errors removed: 83 (0s)
Superbubble
Nb superbubble removed: 0 0 (0s)
Tip
Nb Tip removed: 0 (0s)
Nb errors removed: 50 (0s)
Superbubble
Nb superbubble removed: 0 0 (0s)
Tip
Nb Tip removed: 0 (0s)
Nb errors removed: 34 (0s)
Superbubble
Nb superbubble removed: 0 0 (0s)
Tip
Nb Tip removed: 0 (0s)
Nb errors removed: 20 (0s)
Superbubble
Nb superbubble removed: 0 0 (0s)
Tip
Nb Tip removed: 0 (0s)
Nb errors removed: 18 (0s)
Superbubble
Nb superbubble removed: 0 0 (0s)
Tip
Nb Tip removed: 0 (0s)
Nb errors removed: 23 (0s)
Superbubble
Nb superbubble removed: 0 0 (0s)
Tip
Nb Tip removed: 0 (0s)
Nb errors removed: 8 (0s)
Superbubble
Nb superbubble removed: 0 0 (0s)
Tip
Nb Tip removed: 0 (0s)
Nb errors removed: 17 (0s)
Superbubble
Nb superbubble removed: 0 0 (0s)
Tip
Nb Tip removed: 0 (0s)
Nb errors removed: 12 (0s)
Superbubble
Nb superbubble removed: 0 0 (0s)
Tip
Nb Tip removed: 0 (0s)
Nb errors removed: 19 (0s)
Superbubble
Nb superbubble removed: 0 0 (0s)
Tip
Nb Tip removed: 0 (0s)
Nb errors removed: 12 (0s)
Superbubble
Nb superbubble removed: 0 0 (0s)
Tip
Nb Tip removed: 0 (0s)
Nb errors removed: 5 (0s)
Superbubble
Nb superbubble removed: 0 0 (0s)
Tip
Nb Tip removed: 0 (0s)
Nb errors removed: 1 (0s)
Superbubble
Nb superbubble removed: 0 0 (0s)
Tip
Nb Tip removed: 0 (0s)
Nb errors removed: 1 (0s)
Superbubble
Nb superbubble removed: 0 0 (0s)
Tip
Nb Tip removed: 0 (0s)
Nb errors removed: 3 (0s)
Superbubble
Nb superbubble removed: 0 0 (0s)
Tip
Nb Tip removed: 0 (0s)
Nb errors removed: 8 (0s)
Superbubble
Nb superbubble removed: 0 0 (0s)
Tip
Nb Tip removed: 0 (0s)
Nb errors removed: 1 (0s)
Superbubble
Nb superbubble removed: 0 0 (0s)
Tip
Nb Tip removed: 0 (0s)
Checksum: 0
Checksum abundnace: 0
Generating contigs
45.2593
28.1025
21.1138
17.4494
15.8631
14.421
13.11
11.9182
10.8347
9.84974
8.14028
7.40025
6.11591
5.05447
4.17725
3.13843
2.14359
0


metaMDBG toMinspace  /var/folders/zg/vq0dnx517c54hg87dyqjky740000gn/T/.tmpwTqywI/tmp/ /var/folders/zg/vq0dnx517c54hg87dyqjky740000gn/T/.tmpwTqywI/tmp//contigs.nodepath /var/folders/zg/vq0dnx517c54hg87dyqjky740000gn/T/.tmpwTqywI/tmp//unitig_data.txt --threads 10

Input dir: /var/folders/zg/vq0dnx517c54hg87dyqjky740000gn/T/.tmpwTqywI/tmp/
Minimizer length: 15
Kminmer length: 137
Density: 0.005

Loading unitig sequences

Creating mContigs

Contig filename: /var/folders/zg/vq0dnx517c54hg87dyqjky740000gn/T/.tmpwTqywI/tmp//unitig_data.txt
pass done: 137
Multi-k pass: 138/209


metaMDBG graph /var/folders/zg/vq0dnx517c54hg87dyqjky740000gn/T/.tmpwTqywI/tmp/ --threads 10 --corrected-read 

Contig filename: 
Output dir: /var/folders/zg/vq0dnx517c54hg87dyqjky740000gn/T/.tmpwTqywI/tmp/
Minimizer length: 15
Kminmer length: 138
Density: 0.005
Min abundance: 0

Loading refined abundances
	Duration: 0
Collecting kminmers
Building mdbg
Duration: 0
Nb solid kminmers: 32233
Nb small contigs written: 0
Dump kminmer abundances
	Duration: 0
Indexing edges
Edge index size: 32335
Edge index elements: 59741
	Duration: 0
Compute unitig nodes
	Duration: 0
Index unitig edges
	Duration: 0
Compute unitig edges
	Duration: 0
Dump unitig abundances
	Duration: 0
Nb edges:   0


metaMDBG contig  /var/folders/zg/vq0dnx517c54hg87dyqjky740000gn/T/.tmpwTqywI/tmp/ --threads 10

Input dir: /var/folders/zg/vq0dnx517c54hg87dyqjky740000gn/T/.tmpwTqywI/tmp/
Minimizer length: 15
Kminmer length: 138
Density: 0.005

Loading unitig graph
Load unitigs
Nb unitigs: 499
Nb minimizers: 100596
Add unitig abundances
Sorting abundances
Add unitig edges
Nb unitig edges: 798
Sorting unitig edges
Done loading unitig graph
Simplifying
Max abundance: 43
Nb unitigs: 499
Superbubble
Nb superbubble removed: 0 0 (0s)
Tip
Nb Tip removed: 154 (0s)
Superbubble
Nb superbubble removed: 0 0 (0s)
Tip
Nb Tip removed: 0 (0s)
Nb errors removed: 83 (0s)
Superbubble
Nb superbubble removed: 0 0 (0s)
Tip
Nb Tip removed: 0 (0s)
Nb errors removed: 50 (0s)
Superbubble
Nb superbubble removed: 0 0 (0s)
Tip
Nb Tip removed: 0 (0s)
Nb errors removed: 34 (0s)
Superbubble
Nb superbubble removed: 0 0 (0s)
Tip
Nb Tip removed: 0 (0s)
Nb errors removed: 19 (0s)
Superbubble
Nb superbubble removed: 0 0 (0s)
Tip
Nb Tip removed: 0 (0s)
Nb errors removed: 18 (0s)
Superbubble
Nb superbubble removed: 0 0 (0s)
Tip
Nb Tip removed: 0 (0s)
Nb errors removed: 23 (0s)
Superbubble
Nb superbubble removed: 0 0 (0s)
Tip
Nb Tip removed: 0 (0s)
Nb errors removed: 8 (0s)
Superbubble
Nb superbubble removed: 0 0 (0s)
Tip
Nb Tip removed: 0 (0s)
Nb errors removed: 17 (0s)
Superbubble
Nb superbubble removed: 0 0 (0s)
Tip
Nb Tip removed: 0 (0s)
Nb errors removed: 12 (0s)
Superbubble
Nb superbubble removed: 0 0 (0s)
Tip
Nb Tip removed: 0 (0s)
Nb errors removed: 19 (0s)
Superbubble
Nb superbubble removed: 0 0 (0s)
Tip
Nb Tip removed: 0 (0s)
Nb errors removed: 12 (0s)
Superbubble
Nb superbubble removed: 0 0 (0s)
Tip
Nb Tip removed: 0 (0s)
Nb errors removed: 5 (0s)
Superbubble
Nb superbubble removed: 0 0 (0s)
Tip
Nb Tip removed: 0 (0s)
Nb errors removed: 1 (0s)
Superbubble
Nb superbubble removed: 0 0 (0s)
Tip
Nb Tip removed: 0 (0s)
Nb errors removed: 1 (0s)
Superbubble
Nb superbubble removed: 0 0 (0s)
Tip
Nb Tip removed: 0 (0s)
Nb errors removed: 3 (0s)
Superbubble
Nb superbubble removed: 0 0 (0s)
Tip
Nb Tip removed: 0 (0s)
Nb errors removed: 8 (0s)
Superbubble
Nb superbubble removed: 0 0 (0s)
Tip
Nb Tip removed: 0 (0s)
Nb errors removed: 1 (0s)
Superbubble
Nb superbubble removed: 0 0 (0s)
Tip
Nb Tip removed: 0 (0s)
Checksum: 0
Checksum abundnace: 0
Generating contigs
45.2593
28.1025
21.1138
17.4494
15.8631
14.421
13.11
11.9182
10.8347
9.84974
8.14028
7.40025
6.11591
5.05447
4.17725
3.13843
2.14359
0


metaMDBG toMinspace  /var/folders/zg/vq0dnx517c54hg87dyqjky740000gn/T/.tmpwTqywI/tmp/ /var/folders/zg/vq0dnx517c54hg87dyqjky740000gn/T/.tmpwTqywI/tmp//contigs.nodepath /var/folders/zg/vq0dnx517c54hg87dyqjky740000gn/T/.tmpwTqywI/tmp//unitig_data.txt --threads 10

Input dir: /var/folders/zg/vq0dnx517c54hg87dyqjky740000gn/T/.tmpwTqywI/tmp/
Minimizer length: 15
Kminmer length: 138
Density: 0.005

Loading unitig sequences

Creating mContigs

Contig filename: /var/folders/zg/vq0dnx517c54hg87dyqjky740000gn/T/.tmpwTqywI/tmp//unitig_data.txt
pass done: 138
Multi-k pass: 139/209


metaMDBG graph /var/folders/zg/vq0dnx517c54hg87dyqjky740000gn/T/.tmpwTqywI/tmp/ --threads 10 --corrected-read 

Contig filename: 
Output dir: /var/folders/zg/vq0dnx517c54hg87dyqjky740000gn/T/.tmpwTqywI/tmp/
Minimizer length: 15
Kminmer length: 139
Density: 0.005
Min abundance: 0

Loading refined abundances
	Duration: 0
Collecting kminmers
Building mdbg
Duration: 0
Nb solid kminmers: 32125
Nb small contigs written: 0
Dump kminmer abundances
	Duration: 0
Indexing edges
Edge index size: 32229
Edge index elements: 59460
	Duration: 0
Compute unitig nodes
	Duration: 0
Index unitig edges
	Duration: 0
Compute unitig edges
	Duration: 0
Dump unitig abundances
	Duration: 0
Nb edges:   0


metaMDBG contig  /var/folders/zg/vq0dnx517c54hg87dyqjky740000gn/T/.tmpwTqywI/tmp/ --threads 10

Input dir: /var/folders/zg/vq0dnx517c54hg87dyqjky740000gn/T/.tmpwTqywI/tmp/
Minimizer length: 15
Kminmer length: 139
Density: 0.005

Loading unitig graph
Load unitigs
Nb unitigs: 490
Nb minimizers: 99745
Add unitig abundances
Sorting abundances
Add unitig edges
Nb unitig edges: 772
Sorting unitig edges
Done loading unitig graph
Simplifying
Max abundance: 43
Nb unitigs: 490
Superbubble
Nb superbubble removed: 0 0 (0s)
Tip
Nb Tip removed: 148 (0s)
Superbubble
Nb superbubble removed: 0 0 (0s)
Tip
Nb Tip removed: 0 (0s)
Nb errors removed: 84 (0s)
Superbubble
Nb superbubble removed: 0 0 (0s)
Tip
Nb Tip removed: 0 (0s)
Nb errors removed: 49 (0s)
Superbubble
Nb superbubble removed: 0 0 (0s)
Tip
Nb Tip removed: 0 (0s)
Nb errors removed: 32 (0s)
Superbubble
Nb superbubble removed: 0 0 (0s)
Tip
Nb Tip removed: 0 (0s)
Nb errors removed: 19 (0s)
Superbubble
Nb superbubble removed: 0 0 (0s)
Tip
Nb Tip removed: 0 (0s)
Nb errors removed: 17 (0s)
Superbubble
Nb superbubble removed: 0 0 (0s)
Tip
Nb Tip removed: 0 (0s)
Nb errors removed: 22 (0s)
Superbubble
Nb superbubble removed: 0 0 (0s)
Tip
Nb Tip removed: 0 (0s)
Nb errors removed: 8 (0s)
Superbubble
Nb superbubble removed: 0 0 (0s)
Tip
Nb Tip removed: 0 (0s)
Nb errors removed: 17 (0s)
Superbubble
Nb superbubble removed: 0 0 (0s)
Tip
Nb Tip removed: 0 (0s)
Nb errors removed: 12 (0s)
Superbubble
Nb superbubble removed: 0 0 (0s)
Tip
Nb Tip removed: 0 (0s)
Nb errors removed: 19 (0s)
Superbubble
Nb superbubble removed: 0 0 (0s)
Tip
Nb Tip removed: 0 (0s)
Nb errors removed: 12 (0s)
Superbubble
Nb superbubble removed: 0 0 (0s)
Tip
Nb Tip removed: 0 (0s)
Nb errors removed: 5 (0s)
Superbubble
Nb superbubble removed: 0 0 (0s)
Tip
Nb Tip removed: 0 (0s)
Nb errors removed: 1 (0s)
Superbubble
Nb superbubble removed: 0 0 (0s)
Tip
Nb Tip removed: 0 (0s)
Nb errors removed: 1 (0s)
Superbubble
Nb superbubble removed: 0 0 (0s)
Tip
Nb Tip removed: 0 (0s)
Nb errors removed: 3 (0s)
Superbubble
Nb superbubble removed: 0 0 (0s)
Tip
Nb Tip removed: 0 (0s)
Nb errors removed: 8 (0s)
Superbubble
Nb superbubble removed: 0 0 (0s)
Tip
Nb Tip removed: 0 (0s)
Nb errors removed: 1 (0s)
Superbubble
Nb superbubble removed: 0 0 (0s)
Tip
Nb Tip removed: 0 (0s)
Checksum: 0
Checksum abundnace: 0
Generating contigs
45.2593
28.1025
21.1138
17.4494
15.8631
14.421
13.11
11.9182
10.8347
9.84974
8.14028
7.40025
6.11591
5.05447
4.17725
3.13843
2.14359
0


metaMDBG toMinspace  /var/folders/zg/vq0dnx517c54hg87dyqjky740000gn/T/.tmpwTqywI/tmp/ /var/folders/zg/vq0dnx517c54hg87dyqjky740000gn/T/.tmpwTqywI/tmp//contigs.nodepath /var/folders/zg/vq0dnx517c54hg87dyqjky740000gn/T/.tmpwTqywI/tmp//unitig_data.txt --threads 10

Input dir: /var/folders/zg/vq0dnx517c54hg87dyqjky740000gn/T/.tmpwTqywI/tmp/
Minimizer length: 15
Kminmer length: 139
Density: 0.005

Loading unitig sequences

Creating mContigs

Contig filename: /var/folders/zg/vq0dnx517c54hg87dyqjky740000gn/T/.tmpwTqywI/tmp//unitig_data.txt
pass done: 139
Multi-k pass: 140/209


metaMDBG graph /var/folders/zg/vq0dnx517c54hg87dyqjky740000gn/T/.tmpwTqywI/tmp/ --threads 10 --corrected-read 

Contig filename: 
Output dir: /var/folders/zg/vq0dnx517c54hg87dyqjky740000gn/T/.tmpwTqywI/tmp/
Minimizer length: 15
Kminmer length: 140
Density: 0.005
Min abundance: 0

Loading refined abundances
	Duration: 0
Collecting kminmers
Building mdbg
Duration: 0
Nb solid kminmers: 32014
Nb small contigs written: 0
Dump kminmer abundances
	Duration: 0
Indexing edges
Edge index size: 32123
Edge index elements: 59397
	Duration: 0
Compute unitig nodes
	Duration: 0
Index unitig edges
	Duration: 0
Compute unitig edges
	Duration: 0
Dump unitig abundances
	Duration: 0
Nb edges:   0


metaMDBG contig  /var/folders/zg/vq0dnx517c54hg87dyqjky740000gn/T/.tmpwTqywI/tmp/ --threads 10

Input dir: /var/folders/zg/vq0dnx517c54hg87dyqjky740000gn/T/.tmpwTqywI/tmp/
Minimizer length: 15
Kminmer length: 140
Density: 0.005

Loading unitig graph
Load unitigs
Nb unitigs: 481
Nb minimizers: 98873
Add unitig abundances
Sorting abundances
Add unitig edges
Nb unitig edges: 744
Sorting unitig edges
Done loading unitig graph
Simplifying
Max abundance: 43
Nb unitigs: 481
Superbubble
Nb superbubble removed: 0 0 (0s)
Tip
Nb Tip removed: 146 (0s)
Superbubble
Nb superbubble removed: 0 0 (0s)
Tip
Nb Tip removed: 0 (0s)
Nb errors removed: 83 (0s)
Superbubble
Nb superbubble removed: 0 0 (0s)
Tip
Nb Tip removed: 0 (0s)
Nb errors removed: 49 (0s)
Superbubble
Nb superbubble removed: 0 0 (0s)
Tip
Nb Tip removed: 0 (0s)
Nb errors removed: 32 (0s)
Superbubble
Nb superbubble removed: 0 0 (0s)
Tip
Nb Tip removed: 0 (0s)
Nb errors removed: 18 (0s)
Superbubble
Nb superbubble removed: 0 0 (0s)
Tip
Nb Tip removed: 0 (0s)
Nb errors removed: 17 (0s)
Superbubble
Nb superbubble removed: 0 0 (0s)
Tip
Nb Tip removed: 0 (0s)
Nb errors removed: 22 (0s)
Superbubble
Nb superbubble removed: 0 0 (0s)
Tip
Nb Tip removed: 0 (0s)
Nb errors removed: 8 (0s)
Superbubble
Nb superbubble removed: 0 0 (0s)
Tip
Nb Tip removed: 0 (0s)
Nb errors removed: 17 (0s)
Superbubble
Nb superbubble removed: 0 0 (0s)
Tip
Nb Tip removed: 0 (0s)
Nb errors removed: 12 (0s)
Superbubble
Nb superbubble removed: 0 0 (0s)
Tip
Nb Tip removed: 0 (0s)
Nb errors removed: 19 (0s)
Superbubble
Nb superbubble removed: 0 0 (0s)
Tip
Nb Tip removed: 0 (0s)
Nb errors removed: 12 (0s)
Superbubble
Nb superbubble removed: 0 0 (0s)
Tip
Nb Tip removed: 0 (0s)
Nb errors removed: 5 (0s)
Superbubble
Nb superbubble removed: 0 0 (0s)
Tip
Nb Tip removed: 0 (0s)
Nb errors removed: 1 (0s)
Superbubble
Nb superbubble removed: 0 0 (0s)
Tip
Nb Tip removed: 0 (0s)
Nb errors removed: 1 (0s)
Superbubble
Nb superbubble removed: 0 0 (0s)
Tip
Nb Tip removed: 0 (0s)
Nb errors removed: 3 (0s)
Superbubble
Nb superbubble removed: 0 0 (0s)
Tip
Nb Tip removed: 0 (0s)
Nb errors removed: 8 (0s)
Superbubble
Nb superbubble removed: 0 0 (0s)
Tip
Nb Tip removed: 0 (0s)
Nb errors removed: 1 (0s)
Superbubble
Nb superbubble removed: 0 0 (0s)
Tip
Nb Tip removed: 0 (0s)
Checksum: 0
Checksum abundnace: 0
Generating contigs
45.2593
28.1025
21.1138
17.4494
15.8631
14.421
13.11
11.9182
10.8347
9.84974
8.14028
7.40025
6.11591
5.05447
4.17725
3.13843
2.14359
0


metaMDBG toMinspace  /var/folders/zg/vq0dnx517c54hg87dyqjky740000gn/T/.tmpwTqywI/tmp/ /var/folders/zg/vq0dnx517c54hg87dyqjky740000gn/T/.tmpwTqywI/tmp//contigs.nodepath /var/folders/zg/vq0dnx517c54hg87dyqjky740000gn/T/.tmpwTqywI/tmp//unitig_data.txt --threads 10

Input dir: /var/folders/zg/vq0dnx517c54hg87dyqjky740000gn/T/.tmpwTqywI/tmp/
Minimizer length: 15
Kminmer length: 140
Density: 0.005

Loading unitig sequences

Creating mContigs

Contig filename: /var/folders/zg/vq0dnx517c54hg87dyqjky740000gn/T/.tmpwTqywI/tmp//unitig_data.txt
pass done: 140
Multi-k pass: 141/209


metaMDBG graph /var/folders/zg/vq0dnx517c54hg87dyqjky740000gn/T/.tmpwTqywI/tmp/ --threads 10 --corrected-read 

Contig filename: 
Output dir: /var/folders/zg/vq0dnx517c54hg87dyqjky740000gn/T/.tmpwTqywI/tmp/
Minimizer length: 15
Kminmer length: 141
Density: 0.005
Min abundance: 0

Loading refined abundances
	Duration: 0
Collecting kminmers
Building mdbg
Duration: 0
Nb solid kminmers: 31901
Nb small contigs written: 0
Dump kminmer abundances
	Duration: 0
Indexing edges
Edge index size: 32010
Edge index elements: 59361
	Duration: 0
Compute unitig nodes
	Duration: 0
Index unitig edges
	Duration: 0
Compute unitig edges
	Duration: 0
Dump unitig abundances
	Duration: 0
Nb edges:   0


metaMDBG contig  /var/folders/zg/vq0dnx517c54hg87dyqjky740000gn/T/.tmpwTqywI/tmp/ --threads 10 --gen-graph 

Input dir: /var/folders/zg/vq0dnx517c54hg87dyqjky740000gn/T/.tmpwTqywI/tmp/
Minimizer length: 15
Kminmer length: 141
Density: 0.005

Loading unitig graph
Load unitigs
Nb unitigs: 473
Nb minimizers: 98121
Add unitig abundances
Sorting abundances
Add unitig edges
Nb unitig edges: 728
Sorting unitig edges
Done loading unitig graph
Simplifying
Max abundance: 43
Nb unitigs: 473
Superbubble
Nb superbubble removed: 0 0 (0s)
Tip
Nb Tip removed: 142 (0s)
Superbubble
Nb superbubble removed: 0 0 (0s)
Tip
Nb Tip removed: 0 (0s)
Saving unitig graph: /var/folders/zg/vq0dnx517c54hg87dyqjky740000gn/T/.tmpwTqywI/tmp//assembly_graph.gfa
Nb errors removed: 83 (0s)
Superbubble
Nb superbubble removed: 0 0 (0s)
Tip
Nb Tip removed: 0 (0s)
Nb errors removed: 49 (0s)
Superbubble
Nb superbubble removed: 0 0 (0s)
Tip
Nb Tip removed: 0 (0s)
Nb errors removed: 32 (0s)
Superbubble
Nb superbubble removed: 0 0 (0s)
Tip
Nb Tip removed: 0 (0s)
Nb errors removed: 18 (0s)
Superbubble
Nb superbubble removed: 0 0 (0s)
Tip
Nb Tip removed: 0 (0s)
Nb errors removed: 17 (0s)
Superbubble
Nb superbubble removed: 0 0 (0s)
Tip
Nb Tip removed: 0 (0s)
Nb errors removed: 20 (0s)
Superbubble
Nb superbubble removed: 0 0 (0s)
Tip
Nb Tip removed: 0 (0s)
Nb errors removed: 8 (0s)
Superbubble
Nb superbubble removed: 0 0 (0s)
Tip
Nb Tip removed: 0 (0s)
Nb errors removed: 16 (0s)
Superbubble
Nb superbubble removed: 0 0 (0s)
Tip
Nb Tip removed: 0 (0s)
Nb errors removed: 12 (0s)
Superbubble
Nb superbubble removed: 0 0 (0s)
Tip
Nb Tip removed: 0 (0s)
Nb errors removed: 19 (0s)
Superbubble
Nb superbubble removed: 0 0 (0s)
Tip
Nb Tip removed: 0 (0s)
Nb errors removed: 11 (0s)
Superbubble
Nb superbubble removed: 0 0 (0s)
Tip
Nb Tip removed: 0 (0s)
Nb errors removed: 5 (0s)
Superbubble
Nb superbubble removed: 0 0 (0s)
Tip
Nb Tip removed: 0 (0s)
Nb errors removed: 1 (0s)
Superbubble
Nb superbubble removed: 0 0 (0s)
Tip
Nb Tip removed: 0 (0s)
Nb errors removed: 1 (0s)
Superbubble
Nb superbubble removed: 0 0 (0s)
Tip
Nb Tip removed: 0 (0s)
Nb errors removed: 3 (0s)
Superbubble
Nb superbubble removed: 0 0 (0s)
Tip
Nb Tip removed: 0 (0s)
Nb errors removed: 7 (0s)
Superbubble
Nb superbubble removed: 0 0 (0s)
Tip
Nb Tip removed: 0 (0s)
Nb errors removed: 1 (0s)
Superbubble
Nb superbubble removed: 0 0 (0s)
Tip
Nb Tip removed: 0 (0s)
Checksum: 0
Checksum abundnace: 0
Generating contigs
45.2593
28.1025
21.1138
17.4494
15.8631
14.421
13.11
11.9182
10.8347
9.84974
8.14028
7.40025
6.11591
5.05447
4.17725
3.13843
2.14359
0


metaMDBG toMinspace  /var/folders/zg/vq0dnx517c54hg87dyqjky740000gn/T/.tmpwTqywI/tmp/ /var/folders/zg/vq0dnx517c54hg87dyqjky740000gn/T/.tmpwTqywI/tmp//contigs.nodepath /var/folders/zg/vq0dnx517c54hg87dyqjky740000gn/T/.tmpwTqywI/tmp//unitig_data.txt --threads 10

Input dir: /var/folders/zg/vq0dnx517c54hg87dyqjky740000gn/T/.tmpwTqywI/tmp/
Minimizer length: 15
Kminmer length: 141
Density: 0.005

Loading unitig sequences

Creating mContigs

Contig filename: /var/folders/zg/vq0dnx517c54hg87dyqjky740000gn/T/.tmpwTqywI/tmp//unitig_data.txt


metaMDBG toMinspace  /var/folders/zg/vq0dnx517c54hg87dyqjky740000gn/T/.tmpwTqywI/tmp/ /var/folders/zg/vq0dnx517c54hg87dyqjky740000gn/T/.tmpwTqywI/tmp//assembly_graph.gfa.unitigs.nodepath /var/folders/zg/vq0dnx517c54hg87dyqjky740000gn/T/.tmpwTqywI/tmp//assembly_graph.gfa.unitigs --threads 10

Input dir: /var/folders/zg/vq0dnx517c54hg87dyqjky740000gn/T/.tmpwTqywI/tmp/
Minimizer length: 15
Kminmer length: 141
Density: 0.005

Loading unitig sequences

Creating mContigs

Contig filename: /var/folders/zg/vq0dnx517c54hg87dyqjky740000gn/T/.tmpwTqywI/tmp//assembly_graph.gfa.unitigs
pass done: 141
Multi-k pass: 142/209


metaMDBG graph /var/folders/zg/vq0dnx517c54hg87dyqjky740000gn/T/.tmpwTqywI/tmp/ --threads 10 --corrected-read 

Contig filename: 
Output dir: /var/folders/zg/vq0dnx517c54hg87dyqjky740000gn/T/.tmpwTqywI/tmp/
Minimizer length: 15
Kminmer length: 142
Density: 0.005
Min abundance: 0

Loading refined abundances
	Duration: 0
Collecting kminmers
Building mdbg
Duration: 0
Nb solid kminmers: 31789
Nb small contigs written: 0
Dump kminmer abundances
	Duration: 0
Indexing edges
Edge index size: 31899
Edge index elements: 59015
	Duration: 0
Compute unitig nodes
	Duration: 0
Index unitig edges
	Duration: 0
Compute unitig edges
	Duration: 0
Dump unitig abundances
	Duration: 0
Nb edges:   0


metaMDBG contig  /var/folders/zg/vq0dnx517c54hg87dyqjky740000gn/T/.tmpwTqywI/tmp/ --threads 10

Input dir: /var/folders/zg/vq0dnx517c54hg87dyqjky740000gn/T/.tmpwTqywI/tmp/
Minimizer length: 15
Kminmer length: 142
Density: 0.005

Loading unitig graph
Load unitigs
Nb unitigs: 467
Nb minimizers: 97636
Add unitig abundances
Sorting abundances
Add unitig edges
Nb unitig edges: 718
Sorting unitig edges
Done loading unitig graph
Simplifying
Max abundance: 43
Nb unitigs: 467
Superbubble
Nb superbubble removed: 0 0 (0s)
Tip
Nb Tip removed: 139 (0s)
Superbubble
Nb superbubble removed: 0 0 (0s)
Tip
Nb Tip removed: 0 (0s)
Nb errors removed: 81 (0s)
Superbubble
Nb superbubble removed: 0 0 (0s)
Tip
Nb Tip removed: 0 (0s)
Nb errors removed: 49 (0s)
Superbubble
Nb superbubble removed: 0 0 (0s)
Tip
Nb Tip removed: 0 (0s)
Nb errors removed: 32 (0s)
Superbubble
Nb superbubble removed: 0 0 (0s)
Tip
Nb Tip removed: 0 (0s)
Nb errors removed: 18 (0s)
Superbubble
Nb superbubble removed: 0 0 (0s)
Tip
Nb Tip removed: 0 (0s)
Nb errors removed: 16 (0s)
Superbubble
Nb superbubble removed: 0 0 (0s)
Tip
Nb Tip removed: 0 (0s)
Nb errors removed: 20 (0s)
Superbubble
Nb superbubble removed: 0 0 (0s)
Tip
Nb Tip removed: 0 (0s)
Nb errors removed: 8 (0s)
Superbubble
Nb superbubble removed: 0 0 (0s)
Tip
Nb Tip removed: 0 (0s)
Nb errors removed: 16 (0s)
Superbubble
Nb superbubble removed: 0 0 (0s)
Tip
Nb Tip removed: 0 (0s)
Nb errors removed: 12 (0s)
Superbubble
Nb superbubble removed: 0 0 (0s)
Tip
Nb Tip removed: 0 (0s)
Nb errors removed: 19 (0s)
Superbubble
Nb superbubble removed: 0 0 (0s)
Tip
Nb Tip removed: 0 (0s)
Nb errors removed: 11 (0s)
Superbubble
Nb superbubble removed: 0 0 (0s)
Tip
Nb Tip removed: 0 (0s)
Nb errors removed: 5 (0s)
Superbubble
Nb superbubble removed: 0 0 (0s)
Tip
Nb Tip removed: 0 (0s)
Nb errors removed: 1 (0s)
Superbubble
Nb superbubble removed: 0 0 (0s)
Tip
Nb Tip removed: 0 (0s)
Nb errors removed: 1 (0s)
Superbubble
Nb superbubble removed: 0 0 (0s)
Tip
Nb Tip removed: 0 (0s)
Nb errors removed: 3 (0s)
Superbubble
Nb superbubble removed: 0 0 (0s)
Tip
Nb Tip removed: 0 (0s)
Nb errors removed: 7 (0s)
Superbubble
Nb superbubble removed: 0 0 (0s)
Tip
Nb Tip removed: 0 (0s)
Nb errors removed: 1 (0s)
Superbubble
Nb superbubble removed: 0 0 (0s)
Tip
Nb Tip removed: 0 (0s)
Checksum: 0
Checksum abundnace: 0
Generating contigs
45.2593
28.1025
21.1138
17.4494
15.8631
14.421
13.11
11.9182
10.8347
9.84974
8.14028
7.40025
6.11591
5.05447
4.17725
3.13843
2.14359
0


metaMDBG toMinspace  /var/folders/zg/vq0dnx517c54hg87dyqjky740000gn/T/.tmpwTqywI/tmp/ /var/folders/zg/vq0dnx517c54hg87dyqjky740000gn/T/.tmpwTqywI/tmp//contigs.nodepath /var/folders/zg/vq0dnx517c54hg87dyqjky740000gn/T/.tmpwTqywI/tmp//unitig_data.txt --threads 10

Input dir: /var/folders/zg/vq0dnx517c54hg87dyqjky740000gn/T/.tmpwTqywI/tmp/
Minimizer length: 15
Kminmer length: 142
Density: 0.005

Loading unitig sequences

Creating mContigs

Contig filename: /var/folders/zg/vq0dnx517c54hg87dyqjky740000gn/T/.tmpwTqywI/tmp//unitig_data.txt
pass done: 142
Multi-k pass: 143/209


metaMDBG graph /var/folders/zg/vq0dnx517c54hg87dyqjky740000gn/T/.tmpwTqywI/tmp/ --threads 10 --corrected-read 

Contig filename: 
Output dir: /var/folders/zg/vq0dnx517c54hg87dyqjky740000gn/T/.tmpwTqywI/tmp/
Minimizer length: 15
Kminmer length: 143
Density: 0.005
Min abundance: 0

Loading refined abundances
	Duration: 0
Collecting kminmers
Building mdbg
Duration: 0
Nb solid kminmers: 31677
Nb small contigs written: 0
Dump kminmer abundances
	Duration: 0
Indexing edges
Edge index size: 31789
Edge index elements: 58891
	Duration: 0
Compute unitig nodes
	Duration: 0
Index unitig edges
	Duration: 0
Compute unitig edges
	Duration: 0
Dump unitig abundances
	Duration: 0
Nb edges:   0


metaMDBG contig  /var/folders/zg/vq0dnx517c54hg87dyqjky740000gn/T/.tmpwTqywI/tmp/ --threads 10

Input dir: /var/folders/zg/vq0dnx517c54hg87dyqjky740000gn/T/.tmpwTqywI/tmp/
Minimizer length: 15
Kminmer length: 143
Density: 0.005

Loading unitig graph
Load unitigs
Nb unitigs: 465
Nb minimizers: 97707
Add unitig abundances
Sorting abundances
Add unitig edges
Nb unitig edges: 706
Sorting unitig edges
Done loading unitig graph
Simplifying
Max abundance: 43
Nb unitigs: 465
Superbubble
Nb superbubble removed: 0 0 (0s)
Tip
Nb Tip removed: 136 (0s)
Superbubble
Nb superbubble removed: 0 0 (0s)
Tip
Nb Tip removed: 0 (0s)
Nb errors removed: 81 (0s)
Superbubble
Nb superbubble removed: 0 0 (0s)
Tip
Nb Tip removed: 0 (0s)
Nb errors removed: 49 (0s)
Superbubble
Nb superbubble removed: 0 0 (0s)
Tip
Nb Tip removed: 0 (0s)
Nb errors removed: 31 (0s)
Superbubble
Nb superbubble removed: 0 0 (0s)
Tip
Nb Tip removed: 0 (0s)
Nb errors removed: 18 (0s)
Superbubble
Nb superbubble removed: 0 0 (0s)
Tip
Nb Tip removed: 0 (0s)
Nb errors removed: 16 (0s)
Superbubble
Nb superbubble removed: 0 0 (0s)
Tip
Nb Tip removed: 0 (0s)
Nb errors removed: 20 (0s)
Superbubble
Nb superbubble removed: 0 0 (0s)
Tip
Nb Tip removed: 0 (0s)
Nb errors removed: 9 (0s)
Superbubble
Nb superbubble removed: 0 0 (0s)
Tip
Nb Tip removed: 0 (0s)
Nb errors removed: 16 (0s)
Superbubble
Nb superbubble removed: 0 0 (0s)
Tip
Nb Tip removed: 0 (0s)
Nb errors removed: 12 (0s)
Superbubble
Nb superbubble removed: 0 0 (0s)
Tip
Nb Tip removed: 0 (0s)
Nb errors removed: 19 (0s)
Superbubble
Nb superbubble removed: 0 0 (0s)
Tip
Nb Tip removed: 0 (0s)
Nb errors removed: 11 (0s)
Superbubble
Nb superbubble removed: 0 0 (0s)
Tip
Nb Tip removed: 0 (0s)
Nb errors removed: 5 (0s)
Superbubble
Nb superbubble removed: 0 0 (0s)
Tip
Nb Tip removed: 0 (0s)
Nb errors removed: 1 (0s)
Superbubble
Nb superbubble removed: 0 0 (0s)
Tip
Nb Tip removed: 0 (0s)
Nb errors removed: 1 (0s)
Superbubble
Nb superbubble removed: 0 0 (0s)
Tip
Nb Tip removed: 0 (0s)
Nb errors removed: 3 (0s)
Superbubble
Nb superbubble removed: 0 0 (0s)
Tip
Nb Tip removed: 0 (0s)
Nb errors removed: 7 (0s)
Superbubble
Nb superbubble removed: 0 0 (0s)
Tip
Nb Tip removed: 0 (0s)
Nb errors removed: 1 (0s)
Superbubble
Nb superbubble removed: 0 0 (0s)
Tip
Nb Tip removed: 0 (0s)
Checksum: 0
Checksum abundnace: 0
Generating contigs
45.2593
28.1025
21.1138
17.4494
15.8631
14.421
13.11
11.9182
10.8347
9.84974
8.14028
7.40025
6.11591
5.05447
4.17725
3.13843
2.14359
0


metaMDBG toMinspace  /var/folders/zg/vq0dnx517c54hg87dyqjky740000gn/T/.tmpwTqywI/tmp/ /var/folders/zg/vq0dnx517c54hg87dyqjky740000gn/T/.tmpwTqywI/tmp//contigs.nodepath /var/folders/zg/vq0dnx517c54hg87dyqjky740000gn/T/.tmpwTqywI/tmp//unitig_data.txt --threads 10

Input dir: /var/folders/zg/vq0dnx517c54hg87dyqjky740000gn/T/.tmpwTqywI/tmp/
Minimizer length: 15
Kminmer length: 143
Density: 0.005

Loading unitig sequences

Creating mContigs

Contig filename: /var/folders/zg/vq0dnx517c54hg87dyqjky740000gn/T/.tmpwTqywI/tmp//unitig_data.txt
pass done: 143
Multi-k pass: 144/209


metaMDBG graph /var/folders/zg/vq0dnx517c54hg87dyqjky740000gn/T/.tmpwTqywI/tmp/ --threads 10 --corrected-read 

Contig filename: 
Output dir: /var/folders/zg/vq0dnx517c54hg87dyqjky740000gn/T/.tmpwTqywI/tmp/
Minimizer length: 15
Kminmer length: 144
Density: 0.005
Min abundance: 0

Loading refined abundances
	Duration: 0
Collecting kminmers
Building mdbg
Duration: 0
Nb solid kminmers: 31563
Nb small contigs written: 0
Dump kminmer abundances
	Duration: 0
Indexing edges
Edge index size: 31675
Edge index elements: 58991
	Duration: 0
Compute unitig nodes
	Duration: 0
Index unitig edges
	Duration: 0
Compute unitig edges
	Duration: 0
Dump unitig abundances
	Duration: 0
Nb edges:   0


metaMDBG contig  /var/folders/zg/vq0dnx517c54hg87dyqjky740000gn/T/.tmpwTqywI/tmp/ --threads 10

Input dir: /var/folders/zg/vq0dnx517c54hg87dyqjky740000gn/T/.tmpwTqywI/tmp/
Minimizer length: 15
Kminmer length: 144
Density: 0.005

Loading unitig graph
Load unitigs
Nb unitigs: 461
Nb minimizers: 97486
Add unitig abundances
Sorting abundances
Add unitig edges
Nb unitig edges: 698
Sorting unitig edges
Done loading unitig graph
Simplifying
Max abundance: 43
Nb unitigs: 461
Superbubble
Nb superbubble removed: 0 0 (0s)
Tip
Nb Tip removed: 132 (0s)
Superbubble
Nb superbubble removed: 0 0 (0s)
Tip
Nb Tip removed: 0 (0s)
Nb errors removed: 79 (0s)
Superbubble
Nb superbubble removed: 0 0 (0s)
Tip
Nb Tip removed: 0 (0s)
Nb errors removed: 49 (0s)
Superbubble
Nb superbubble removed: 0 0 (0s)
Tip
Nb Tip removed: 0 (0s)
Nb errors removed: 31 (0s)
Superbubble
Nb superbubble removed: 0 0 (0s)
Tip
Nb Tip removed: 0 (0s)
Nb errors removed: 18 (0s)
Superbubble
Nb superbubble removed: 0 0 (0s)
Tip
Nb Tip removed: 0 (0s)
Nb errors removed: 16 (0s)
Superbubble
Nb superbubble removed: 0 0 (0s)
Tip
Nb Tip removed: 0 (0s)
Nb errors removed: 20 (0s)
Superbubble
Nb superbubble removed: 0 0 (0s)
Tip
Nb Tip removed: 0 (0s)
Nb errors removed: 9 (0s)
Superbubble
Nb superbubble removed: 0 0 (0s)
Tip
Nb Tip removed: 0 (0s)
Nb errors removed: 16 (0s)
Superbubble
Nb superbubble removed: 0 0 (0s)
Tip
Nb Tip removed: 0 (0s)
Nb errors removed: 12 (0s)
Superbubble
Nb superbubble removed: 0 0 (0s)
Tip
Nb Tip removed: 0 (0s)
Nb errors removed: 19 (0s)
Superbubble
Nb superbubble removed: 0 0 (0s)
Tip
Nb Tip removed: 0 (0s)
Nb errors removed: 11 (0s)
Superbubble
Nb superbubble removed: 0 0 (0s)
Tip
Nb Tip removed: 0 (0s)
Nb errors removed: 5 (0s)
Superbubble
Nb superbubble removed: 0 0 (0s)
Tip
Nb Tip removed: 0 (0s)
Nb errors removed: 1 (0s)
Superbubble
Nb superbubble removed: 0 0 (0s)
Tip
Nb Tip removed: 0 (0s)
Nb errors removed: 1 (0s)
Superbubble
Nb superbubble removed: 0 0 (0s)
Tip
Nb Tip removed: 0 (0s)
Nb errors removed: 3 (0s)
Superbubble
Nb superbubble removed: 0 0 (0s)
Tip
Nb Tip removed: 0 (0s)
Nb errors removed: 7 (0s)
Superbubble
Nb superbubble removed: 0 0 (0s)
Tip
Nb Tip removed: 0 (0s)
Nb errors removed: 1 (0s)
Superbubble
Nb superbubble removed: 0 0 (0s)
Tip
Nb Tip removed: 0 (0s)
Checksum: 0
Checksum abundnace: 0
Generating contigs
45.2593
28.1025
21.1138
17.4494
15.8631
14.421
13.11
11.9182
10.8347
9.84974
8.14028
7.40025
6.11591
5.05447
4.17725
3.13843
2.14359
0


metaMDBG toMinspace  /var/folders/zg/vq0dnx517c54hg87dyqjky740000gn/T/.tmpwTqywI/tmp/ /var/folders/zg/vq0dnx517c54hg87dyqjky740000gn/T/.tmpwTqywI/tmp//contigs.nodepath /var/folders/zg/vq0dnx517c54hg87dyqjky740000gn/T/.tmpwTqywI/tmp//unitig_data.txt --threads 10

Input dir: /var/folders/zg/vq0dnx517c54hg87dyqjky740000gn/T/.tmpwTqywI/tmp/
Minimizer length: 15
Kminmer length: 144
Density: 0.005

Loading unitig sequences

Creating mContigs

Contig filename: /var/folders/zg/vq0dnx517c54hg87dyqjky740000gn/T/.tmpwTqywI/tmp//unitig_data.txt
pass done: 144
Multi-k pass: 145/209


metaMDBG graph /var/folders/zg/vq0dnx517c54hg87dyqjky740000gn/T/.tmpwTqywI/tmp/ --threads 10 --corrected-read 

Contig filename: 
Output dir: /var/folders/zg/vq0dnx517c54hg87dyqjky740000gn/T/.tmpwTqywI/tmp/
Minimizer length: 15
Kminmer length: 145
Density: 0.005
Min abundance: 0

Loading refined abundances
	Duration: 0
Collecting kminmers
Building mdbg
Duration: 0
Nb solid kminmers: 31450
Nb small contigs written: 0
Dump kminmer abundances
	Duration: 0
Indexing edges
Edge index size: 31563
Edge index elements: 58959
	Duration: 0
Compute unitig nodes
	Duration: 0
Index unitig edges
	Duration: 0
Compute unitig edges
	Duration: 0
Dump unitig abundances
	Duration: 0
Nb edges:   0


metaMDBG contig  /var/folders/zg/vq0dnx517c54hg87dyqjky740000gn/T/.tmpwTqywI/tmp/ --threads 10

Input dir: /var/folders/zg/vq0dnx517c54hg87dyqjky740000gn/T/.tmpwTqywI/tmp/
Minimizer length: 15
Kminmer length: 145
Density: 0.005

Loading unitig graph
Load unitigs
Nb unitigs: 459
Nb minimizers: 97546
Add unitig abundances
Sorting abundances
Add unitig edges
Nb unitig edges: 694
Sorting unitig edges
Done loading unitig graph
Simplifying
Max abundance: 43
Nb unitigs: 459
Superbubble
Nb superbubble removed: 0 0 (0s)
Tip
Nb Tip removed: 132 (0s)
Superbubble
Nb superbubble removed: 0 0 (0s)
Tip
Nb Tip removed: 0 (0s)
Nb errors removed: 79 (0s)
Superbubble
Nb superbubble removed: 0 0 (0s)
Tip
Nb Tip removed: 0 (0s)
Nb errors removed: 50 (0s)
Superbubble
Nb superbubble removed: 0 0 (0s)
Tip
Nb Tip removed: 0 (0s)
Nb errors removed: 31 (0s)
Superbubble
Nb superbubble removed: 0 0 (0s)
Tip
Nb Tip removed: 0 (0s)
Nb errors removed: 18 (0s)
Superbubble
Nb superbubble removed: 0 0 (0s)
Tip
Nb Tip removed: 0 (0s)
Nb errors removed: 16 (0s)
Superbubble
Nb superbubble removed: 0 0 (0s)
Tip
Nb Tip removed: 0 (0s)
Nb errors removed: 20 (0s)
Superbubble
Nb superbubble removed: 0 0 (0s)
Tip
Nb Tip removed: 0 (0s)
Nb errors removed: 9 (0s)
Superbubble
Nb superbubble removed: 0 0 (0s)
Tip
Nb Tip removed: 0 (0s)
Nb errors removed: 16 (0s)
Superbubble
Nb superbubble removed: 0 0 (0s)
Tip
Nb Tip removed: 0 (0s)
Nb errors removed: 12 (0s)
Superbubble
Nb superbubble removed: 0 0 (0s)
Tip
Nb Tip removed: 0 (0s)
Nb errors removed: 19 (0s)
Superbubble
Nb superbubble removed: 0 0 (0s)
Tip
Nb Tip removed: 0 (0s)
Nb errors removed: 11 (0s)
Superbubble
Nb superbubble removed: 0 0 (0s)
Tip
Nb Tip removed: 0 (0s)
Nb errors removed: 5 (0s)
Superbubble
Nb superbubble removed: 0 0 (0s)
Tip
Nb Tip removed: 0 (0s)
Nb errors removed: 1 (0s)
Superbubble
Nb superbubble removed: 0 0 (0s)
Tip
Nb Tip removed: 0 (0s)
Nb errors removed: 1 (0s)
Superbubble
Nb superbubble removed: 0 0 (0s)
Tip
Nb Tip removed: 0 (0s)
Nb errors removed: 3 (0s)
Superbubble
Nb superbubble removed: 0 0 (0s)
Tip
Nb Tip removed: 0 (0s)
Nb errors removed: 7 (0s)
Superbubble
Nb superbubble removed: 0 0 (0s)
Tip
Nb Tip removed: 0 (0s)
Nb errors removed: 1 (0s)
Superbubble
Nb superbubble removed: 0 0 (0s)
Tip
Nb Tip removed: 0 (0s)
Checksum: 0
Checksum abundnace: 0
Generating contigs
45.2593
28.1025
21.1138
17.4494
15.8631
14.421
13.11
11.9182
10.8347
9.84974
8.14028
7.40025
6.11591
5.05447
4.17725
3.13843
2.14359
0


metaMDBG toMinspace  /var/folders/zg/vq0dnx517c54hg87dyqjky740000gn/T/.tmpwTqywI/tmp/ /var/folders/zg/vq0dnx517c54hg87dyqjky740000gn/T/.tmpwTqywI/tmp//contigs.nodepath /var/folders/zg/vq0dnx517c54hg87dyqjky740000gn/T/.tmpwTqywI/tmp//unitig_data.txt --threads 10

Input dir: /var/folders/zg/vq0dnx517c54hg87dyqjky740000gn/T/.tmpwTqywI/tmp/
Minimizer length: 15
Kminmer length: 145
Density: 0.005

Loading unitig sequences

Creating mContigs

Contig filename: /var/folders/zg/vq0dnx517c54hg87dyqjky740000gn/T/.tmpwTqywI/tmp//unitig_data.txt
pass done: 145
Multi-k pass: 146/209


metaMDBG graph /var/folders/zg/vq0dnx517c54hg87dyqjky740000gn/T/.tmpwTqywI/tmp/ --threads 10 --corrected-read 

Contig filename: 
Output dir: /var/folders/zg/vq0dnx517c54hg87dyqjky740000gn/T/.tmpwTqywI/tmp/
Minimizer length: 15
Kminmer length: 146
Density: 0.005
Min abundance: 0

Loading refined abundances
	Duration: 0
Collecting kminmers
Building mdbg
Duration: 0
Nb solid kminmers: 31336
Nb small contigs written: 0
Dump kminmer abundances
	Duration: 0
Indexing edges
Edge index size: 31446
Edge index elements: 58765
	Duration: 0
Compute unitig nodes
	Duration: 0
Index unitig edges
	Duration: 0
Compute unitig edges
	Duration: 0
Dump unitig abundances
	Duration: 0
Nb edges:   0


metaMDBG contig  /var/folders/zg/vq0dnx517c54hg87dyqjky740000gn/T/.tmpwTqywI/tmp/ --threads 10

Input dir: /var/folders/zg/vq0dnx517c54hg87dyqjky740000gn/T/.tmpwTqywI/tmp/
Minimizer length: 15
Kminmer length: 146
Density: 0.005

Loading unitig graph
Load unitigs
Nb unitigs: 455
Nb minimizers: 97311
Add unitig abundances
Sorting abundances
Add unitig edges
Nb unitig edges: 690
Sorting unitig edges
Done loading unitig graph
Simplifying
Max abundance: 43
Nb unitigs: 455
Superbubble
Nb superbubble removed: 0 0 (0s)
Tip
Nb Tip removed: 129 (0s)
Superbubble
Nb superbubble removed: 0 0 (0s)
Tip
Nb Tip removed: 0 (0s)
Nb errors removed: 79 (0s)
Superbubble
Nb superbubble removed: 0 0 (0s)
Tip
Nb Tip removed: 0 (0s)
Nb errors removed: 48 (0s)
Superbubble
Nb superbubble removed: 0 0 (0s)
Tip
Nb Tip removed: 0 (0s)
Nb errors removed: 30 (0s)
Superbubble
Nb superbubble removed: 0 0 (0s)
Tip
Nb Tip removed: 0 (0s)
Nb errors removed: 18 (0s)
Superbubble
Nb superbubble removed: 0 0 (0s)
Tip
Nb Tip removed: 0 (0s)
Nb errors removed: 16 (0s)
Superbubble
Nb superbubble removed: 0 0 (0s)
Tip
Nb Tip removed: 0 (0s)
Nb errors removed: 20 (0s)
Superbubble
Nb superbubble removed: 0 0 (0s)
Tip
Nb Tip removed: 0 (0s)
Nb errors removed: 9 (0s)
Superbubble
Nb superbubble removed: 0 0 (0s)
Tip
Nb Tip removed: 0 (0s)
Nb errors removed: 16 (0s)
Superbubble
Nb superbubble removed: 0 0 (0s)
Tip
Nb Tip removed: 0 (0s)
Nb errors removed: 12 (0s)
Superbubble
Nb superbubble removed: 0 0 (0s)
Tip
Nb Tip removed: 0 (0s)
Nb errors removed: 18 (0s)
Superbubble
Nb superbubble removed: 0 0 (0s)
Tip
Nb Tip removed: 0 (0s)
Nb errors removed: 11 (0s)
Superbubble
Nb superbubble removed: 0 0 (0s)
Tip
Nb Tip removed: 0 (0s)
Nb errors removed: 5 (0s)
Superbubble
Nb superbubble removed: 0 0 (0s)
Tip
Nb Tip removed: 0 (0s)
Nb errors removed: 1 (0s)
Superbubble
Nb superbubble removed: 0 0 (0s)
Tip
Nb Tip removed: 0 (0s)
Nb errors removed: 1 (0s)
Superbubble
Nb superbubble removed: 0 0 (0s)
Tip
Nb Tip removed: 0 (0s)
Nb errors removed: 3 (0s)
Superbubble
Nb superbubble removed: 0 0 (0s)
Tip
Nb Tip removed: 0 (0s)
Nb errors removed: 7 (0s)
Superbubble
Nb superbubble removed: 0 0 (0s)
Tip
Nb Tip removed: 0 (0s)
Nb errors removed: 1 (0s)
Superbubble
Nb superbubble removed: 0 0 (0s)
Tip
Nb Tip removed: 0 (0s)
Checksum: 0
Checksum abundnace: 0
Generating contigs
45.2593
28.1025
21.1138
17.4494
15.8631
14.421
13.11
11.9182
10.8347
9.84974
8.14028
7.40025
6.11591
5.05447
4.17725
3.13843
2.14359
0


metaMDBG toMinspace  /var/folders/zg/vq0dnx517c54hg87dyqjky740000gn/T/.tmpwTqywI/tmp/ /var/folders/zg/vq0dnx517c54hg87dyqjky740000gn/T/.tmpwTqywI/tmp//contigs.nodepath /var/folders/zg/vq0dnx517c54hg87dyqjky740000gn/T/.tmpwTqywI/tmp//unitig_data.txt --threads 10

Input dir: /var/folders/zg/vq0dnx517c54hg87dyqjky740000gn/T/.tmpwTqywI/tmp/
Minimizer length: 15
Kminmer length: 146
Density: 0.005

Loading unitig sequences

Creating mContigs

Contig filename: /var/folders/zg/vq0dnx517c54hg87dyqjky740000gn/T/.tmpwTqywI/tmp//unitig_data.txt
pass done: 146
Multi-k pass: 147/209


metaMDBG graph /var/folders/zg/vq0dnx517c54hg87dyqjky740000gn/T/.tmpwTqywI/tmp/ --threads 10 --corrected-read 

Contig filename: 
Output dir: /var/folders/zg/vq0dnx517c54hg87dyqjky740000gn/T/.tmpwTqywI/tmp/
Minimizer length: 15
Kminmer length: 147
Density: 0.005
Min abundance: 0

Loading refined abundances
	Duration: 0
Collecting kminmers
Building mdbg
Duration: 0
Nb solid kminmers: 31225
Nb small contigs written: 0
Dump kminmer abundances
	Duration: 0
Indexing edges
Edge index size: 31335
Edge index elements: 58567
	Duration: 0
Compute unitig nodes
	Duration: 0
Index unitig edges
	Duration: 0
Compute unitig edges
	Duration: 0
Dump unitig abundances
	Duration: 0
Nb edges:   0


metaMDBG contig  /var/folders/zg/vq0dnx517c54hg87dyqjky740000gn/T/.tmpwTqywI/tmp/ --threads 10

Input dir: /var/folders/zg/vq0dnx517c54hg87dyqjky740000gn/T/.tmpwTqywI/tmp/
Minimizer length: 15
Kminmer length: 147
Density: 0.005

Loading unitig graph
Load unitigs
Nb unitigs: 452
Nb minimizers: 97217
Add unitig abundances
Sorting abundances
Add unitig edges
Nb unitig edges: 686
Sorting unitig edges
Done loading unitig graph
Simplifying
Max abundance: 43
Nb unitigs: 452
Superbubble
Nb superbubble removed: 0 0 (0s)
Tip
Nb Tip removed: 129 (0s)
Superbubble
Nb superbubble removed: 0 0 (0s)
Tip
Nb Tip removed: 0 (0s)
Nb errors removed: 79 (0s)
Superbubble
Nb superbubble removed: 0 0 (0s)
Tip
Nb Tip removed: 0 (0s)
Nb errors removed: 47 (0s)
Superbubble
Nb superbubble removed: 0 0 (0s)
Tip
Nb Tip removed: 0 (0s)
Nb errors removed: 30 (0s)
Superbubble
Nb superbubble removed: 0 0 (0s)
Tip
Nb Tip removed: 0 (0s)
Nb errors removed: 18 (0s)
Superbubble
Nb superbubble removed: 0 0 (0s)
Tip
Nb Tip removed: 0 (0s)
Nb errors removed: 16 (0s)
Superbubble
Nb superbubble removed: 0 0 (0s)
Tip
Nb Tip removed: 0 (0s)
Nb errors removed: 20 (0s)
Superbubble
Nb superbubble removed: 0 0 (0s)
Tip
Nb Tip removed: 0 (0s)
Nb errors removed: 9 (0s)
Superbubble
Nb superbubble removed: 0 0 (0s)
Tip
Nb Tip removed: 0 (0s)
Nb errors removed: 16 (0s)
Superbubble
Nb superbubble removed: 0 0 (0s)
Tip
Nb Tip removed: 0 (0s)
Nb errors removed: 12 (0s)
Superbubble
Nb superbubble removed: 0 0 (0s)
Tip
Nb Tip removed: 0 (0s)
Nb errors removed: 18 (0s)
Superbubble
Nb superbubble removed: 0 0 (0s)
Tip
Nb Tip removed: 0 (0s)
Nb errors removed: 11 (0s)
Superbubble
Nb superbubble removed: 0 0 (0s)
Tip
Nb Tip removed: 0 (0s)
Nb errors removed: 5 (0s)
Superbubble
Nb superbubble removed: 0 0 (0s)
Tip
Nb Tip removed: 0 (0s)
Nb errors removed: 1 (0s)
Superbubble
Nb superbubble removed: 0 0 (0s)
Tip
Nb Tip removed: 0 (0s)
Nb errors removed: 1 (0s)
Superbubble
Nb superbubble removed: 0 0 (0s)
Tip
Nb Tip removed: 0 (0s)
Nb errors removed: 3 (0s)
Superbubble
Nb superbubble removed: 0 0 (0s)
Tip
Nb Tip removed: 0 (0s)
Nb errors removed: 7 (0s)
Superbubble
Nb superbubble removed: 0 0 (0s)
Tip
Nb Tip removed: 0 (0s)
Nb errors removed: 1 (0s)
Superbubble
Nb superbubble removed: 0 0 (0s)
Tip
Nb Tip removed: 0 (0s)
Checksum: 0
Checksum abundnace: 0
Generating contigs
45.2593
28.1025
21.1138
17.4494
15.8631
14.421
13.11
11.9182
10.8347
9.84974
8.14028
7.40025
6.11591
5.05447
4.17725
3.13843
2.14359
0


metaMDBG toMinspace  /var/folders/zg/vq0dnx517c54hg87dyqjky740000gn/T/.tmpwTqywI/tmp/ /var/folders/zg/vq0dnx517c54hg87dyqjky740000gn/T/.tmpwTqywI/tmp//contigs.nodepath /var/folders/zg/vq0dnx517c54hg87dyqjky740000gn/T/.tmpwTqywI/tmp//unitig_data.txt --threads 10

Input dir: /var/folders/zg/vq0dnx517c54hg87dyqjky740000gn/T/.tmpwTqywI/tmp/
Minimizer length: 15
Kminmer length: 147
Density: 0.005

Loading unitig sequences

Creating mContigs

Contig filename: /var/folders/zg/vq0dnx517c54hg87dyqjky740000gn/T/.tmpwTqywI/tmp//unitig_data.txt
pass done: 147
Multi-k pass: 148/209


metaMDBG graph /var/folders/zg/vq0dnx517c54hg87dyqjky740000gn/T/.tmpwTqywI/tmp/ --threads 10 --corrected-read 

Contig filename: 
Output dir: /var/folders/zg/vq0dnx517c54hg87dyqjky740000gn/T/.tmpwTqywI/tmp/
Minimizer length: 15
Kminmer length: 148
Density: 0.005
Min abundance: 0

Loading refined abundances
	Duration: 0
Collecting kminmers
Building mdbg
Duration: 0
Nb solid kminmers: 31112
Nb small contigs written: 0
Dump kminmer abundances
	Duration: 0
Indexing edges
Edge index size: 31224
Edge index elements: 58727
	Duration: 0
Compute unitig nodes
	Duration: 0
Index unitig edges
	Duration: 0
Compute unitig edges
	Duration: 0
Dump unitig abundances
	Duration: 0
Nb edges:   0


metaMDBG contig  /var/folders/zg/vq0dnx517c54hg87dyqjky740000gn/T/.tmpwTqywI/tmp/ --threads 10

Input dir: /var/folders/zg/vq0dnx517c54hg87dyqjky740000gn/T/.tmpwTqywI/tmp/
Minimizer length: 15
Kminmer length: 148
Density: 0.005

Loading unitig graph
Load unitigs
Nb unitigs: 446
Nb minimizers: 96674
Add unitig abundances
Sorting abundances
Add unitig edges
Nb unitig edges: 672
Sorting unitig edges
Done loading unitig graph
Simplifying
Max abundance: 43
Nb unitigs: 446
Superbubble
Nb superbubble removed: 0 0 (0s)
Tip
Nb Tip removed: 126 (0s)
Superbubble
Nb superbubble removed: 0 0 (0s)
Tip
Nb Tip removed: 0 (0s)
Nb errors removed: 79 (0s)
Superbubble
Nb superbubble removed: 0 0 (0s)
Tip
Nb Tip removed: 0 (0s)
Nb errors removed: 46 (0s)
Superbubble
Nb superbubble removed: 0 0 (0s)
Tip
Nb Tip removed: 0 (0s)
Nb errors removed: 29 (0s)
Superbubble
Nb superbubble removed: 0 0 (0s)
Tip
Nb Tip removed: 0 (0s)
Nb errors removed: 18 (0s)
Superbubble
Nb superbubble removed: 0 0 (0s)
Tip
Nb Tip removed: 0 (0s)
Nb errors removed: 16 (0s)
Superbubble
Nb superbubble removed: 0 0 (0s)
Tip
Nb Tip removed: 0 (0s)
Nb errors removed: 21 (0s)
Superbubble
Nb superbubble removed: 0 0 (0s)
Tip
Nb Tip removed: 0 (0s)
Nb errors removed: 9 (0s)
Superbubble
Nb superbubble removed: 0 0 (0s)
Tip
Nb Tip removed: 0 (0s)
Nb errors removed: 17 (0s)
Superbubble
Nb superbubble removed: 0 0 (0s)
Tip
Nb Tip removed: 0 (0s)
Nb errors removed: 12 (0s)
Superbubble
Nb superbubble removed: 0 0 (0s)
Tip
Nb Tip removed: 0 (0s)
Nb errors removed: 18 (0s)
Superbubble
Nb superbubble removed: 0 0 (0s)
Tip
Nb Tip removed: 0 (0s)
Nb errors removed: 11 (0s)
Superbubble
Nb superbubble removed: 0 0 (0s)
Tip
Nb Tip removed: 0 (0s)
Nb errors removed: 5 (0s)
Superbubble
Nb superbubble removed: 0 0 (0s)
Tip
Nb Tip removed: 0 (0s)
Nb errors removed: 1 (0s)
Superbubble
Nb superbubble removed: 0 0 (0s)
Tip
Nb Tip removed: 0 (0s)
Nb errors removed: 1 (0s)
Superbubble
Nb superbubble removed: 0 0 (0s)
Tip
Nb Tip removed: 0 (0s)
Nb errors removed: 3 (0s)
Superbubble
Nb superbubble removed: 0 0 (0s)
Tip
Nb Tip removed: 0 (0s)
Nb errors removed: 6 (0s)
Superbubble
Nb superbubble removed: 0 0 (0s)
Tip
Nb Tip removed: 0 (0s)
Nb errors removed: 1 (0s)
Superbubble
Nb superbubble removed: 0 0 (0s)
Tip
Nb Tip removed: 0 (0s)
Checksum: 0
Checksum abundnace: 0
Generating contigs
45.2593
28.1025
21.1138
17.4494
15.8631
14.421
13.11
11.9182
10.8347
9.84974
8.14028
7.40025
6.11591
5.05447
4.17725
3.13843
2.14359
0


metaMDBG toMinspace  /var/folders/zg/vq0dnx517c54hg87dyqjky740000gn/T/.tmpwTqywI/tmp/ /var/folders/zg/vq0dnx517c54hg87dyqjky740000gn/T/.tmpwTqywI/tmp//contigs.nodepath /var/folders/zg/vq0dnx517c54hg87dyqjky740000gn/T/.tmpwTqywI/tmp//unitig_data.txt --threads 10

Input dir: /var/folders/zg/vq0dnx517c54hg87dyqjky740000gn/T/.tmpwTqywI/tmp/
Minimizer length: 15
Kminmer length: 148
Density: 0.005

Loading unitig sequences

Creating mContigs

Contig filename: /var/folders/zg/vq0dnx517c54hg87dyqjky740000gn/T/.tmpwTqywI/tmp//unitig_data.txt
pass done: 148
Multi-k pass: 149/209


metaMDBG graph /var/folders/zg/vq0dnx517c54hg87dyqjky740000gn/T/.tmpwTqywI/tmp/ --threads 10 --corrected-read 

Contig filename: 
Output dir: /var/folders/zg/vq0dnx517c54hg87dyqjky740000gn/T/.tmpwTqywI/tmp/
Minimizer length: 15
Kminmer length: 149
Density: 0.005
Min abundance: 0

Loading refined abundances
	Duration: 0
Collecting kminmers
Building mdbg
Duration: 0
Nb solid kminmers: 30997
Nb small contigs written: 0
Dump kminmer abundances
	Duration: 0
Indexing edges
Edge index size: 31109
Edge index elements: 58575
	Duration: 0
Compute unitig nodes
	Duration: 0
Index unitig edges
	Duration: 0
Compute unitig edges
	Duration: 0
Dump unitig abundances
	Duration: 0
Nb edges:   0


metaMDBG contig  /var/folders/zg/vq0dnx517c54hg87dyqjky740000gn/T/.tmpwTqywI/tmp/ --threads 10

Input dir: /var/folders/zg/vq0dnx517c54hg87dyqjky740000gn/T/.tmpwTqywI/tmp/
Minimizer length: 15
Kminmer length: 149
Density: 0.005

Loading unitig graph
Load unitigs
Nb unitigs: 441
Nb minimizers: 96265
Add unitig abundances
Sorting abundances
Add unitig edges
Nb unitig edges: 658
Sorting unitig edges
Done loading unitig graph
Simplifying
Max abundance: 43
Nb unitigs: 441
Superbubble
Nb superbubble removed: 0 0 (0s)
Tip
Nb Tip removed: 124 (0s)
Superbubble
Nb superbubble removed: 0 0 (0s)
Tip
Nb Tip removed: 0 (0s)
Nb errors removed: 78 (0s)
Superbubble
Nb superbubble removed: 0 0 (0s)
Tip
Nb Tip removed: 0 (0s)
Nb errors removed: 45 (0s)
Superbubble
Nb superbubble removed: 0 0 (0s)
Tip
Nb Tip removed: 0 (0s)
Nb errors removed: 29 (0s)
Superbubble
Nb superbubble removed: 0 0 (0s)
Tip
Nb Tip removed: 0 (0s)
Nb errors removed: 18 (0s)
Superbubble
Nb superbubble removed: 0 0 (0s)
Tip
Nb Tip removed: 0 (0s)
Nb errors removed: 16 (0s)
Superbubble
Nb superbubble removed: 0 0 (0s)
Tip
Nb Tip removed: 0 (0s)
Nb errors removed: 20 (0s)
Superbubble
Nb superbubble removed: 0 0 (0s)
Tip
Nb Tip removed: 0 (0s)
Nb errors removed: 9 (0s)
Superbubble
Nb superbubble removed: 0 0 (0s)
Tip
Nb Tip removed: 0 (0s)
Nb errors removed: 16 (0s)
Superbubble
Nb superbubble removed: 0 0 (0s)
Tip
Nb Tip removed: 0 (0s)
Nb errors removed: 11 (0s)
Superbubble
Nb superbubble removed: 0 0 (0s)
Tip
Nb Tip removed: 0 (0s)
Nb errors removed: 18 (0s)
Superbubble
Nb superbubble removed: 0 0 (0s)
Tip
Nb Tip removed: 0 (0s)
Nb errors removed: 11 (0s)
Superbubble
Nb superbubble removed: 0 0 (0s)
Tip
Nb Tip removed: 0 (0s)
Nb errors removed: 5 (0s)
Superbubble
Nb superbubble removed: 0 0 (0s)
Tip
Nb Tip removed: 0 (0s)
Nb errors removed: 1 (0s)
Superbubble
Nb superbubble removed: 0 0 (0s)
Tip
Nb Tip removed: 0 (0s)
Nb errors removed: 1 (0s)
Superbubble
Nb superbubble removed: 0 0 (0s)
Tip
Nb Tip removed: 0 (0s)
Nb errors removed: 3 (0s)
Superbubble
Nb superbubble removed: 0 0 (0s)
Tip
Nb Tip removed: 0 (0s)
Nb errors removed: 6 (0s)
Superbubble
Nb superbubble removed: 0 0 (0s)
Tip
Nb Tip removed: 0 (0s)
Nb errors removed: 1 (0s)
Superbubble
Nb superbubble removed: 0 0 (0s)
Tip
Nb Tip removed: 0 (0s)
Checksum: 0
Checksum abundnace: 0
Generating contigs
45.2593
28.1025
21.1138
17.4494
15.8631
14.421
13.11
11.9182
10.8347
9.84974
8.14028
7.40025
6.11591
5.05447
4.17725
3.13843
2.14359
0


metaMDBG toMinspace  /var/folders/zg/vq0dnx517c54hg87dyqjky740000gn/T/.tmpwTqywI/tmp/ /var/folders/zg/vq0dnx517c54hg87dyqjky740000gn/T/.tmpwTqywI/tmp//contigs.nodepath /var/folders/zg/vq0dnx517c54hg87dyqjky740000gn/T/.tmpwTqywI/tmp//unitig_data.txt --threads 10

Input dir: /var/folders/zg/vq0dnx517c54hg87dyqjky740000gn/T/.tmpwTqywI/tmp/
Minimizer length: 15
Kminmer length: 149
Density: 0.005

Loading unitig sequences

Creating mContigs

Contig filename: /var/folders/zg/vq0dnx517c54hg87dyqjky740000gn/T/.tmpwTqywI/tmp//unitig_data.txt
pass done: 149
Multi-k pass: 150/209


metaMDBG graph /var/folders/zg/vq0dnx517c54hg87dyqjky740000gn/T/.tmpwTqywI/tmp/ --threads 10 --corrected-read 

Contig filename: 
Output dir: /var/folders/zg/vq0dnx517c54hg87dyqjky740000gn/T/.tmpwTqywI/tmp/
Minimizer length: 15
Kminmer length: 150
Density: 0.005
Min abundance: 0

Loading refined abundances
	Duration: 0
Collecting kminmers
Building mdbg
Duration: 0
Nb solid kminmers: 30883
Nb small contigs written: 0
Dump kminmer abundances
	Duration: 0
Indexing edges
Edge index size: 30995
Edge index elements: 58266
	Duration: 0
Compute unitig nodes
	Duration: 0
Index unitig edges
	Duration: 0
Compute unitig edges
	Duration: 0
Dump unitig abundances
	Duration: 0
Nb edges:   0


metaMDBG contig  /var/folders/zg/vq0dnx517c54hg87dyqjky740000gn/T/.tmpwTqywI/tmp/ --threads 10

Input dir: /var/folders/zg/vq0dnx517c54hg87dyqjky740000gn/T/.tmpwTqywI/tmp/
Minimizer length: 15
Kminmer length: 150
Density: 0.005

Loading unitig graph
Load unitigs
Nb unitigs: 437
Nb minimizers: 95996
Add unitig abundances
Sorting abundances
Add unitig edges
Nb unitig edges: 650
Sorting unitig edges
Done loading unitig graph
Simplifying
Max abundance: 43
Nb unitigs: 437
Superbubble
Nb superbubble removed: 0 0 (0s)
Tip
Nb Tip removed: 118 (0s)
Superbubble
Nb superbubble removed: 0 0 (0s)
Tip
Nb Tip removed: 0 (0s)
Nb errors removed: 78 (0s)
Superbubble
Nb superbubble removed: 0 0 (0s)
Tip
Nb Tip removed: 0 (0s)
Nb errors removed: 43 (0s)
Superbubble
Nb superbubble removed: 0 0 (0s)
Tip
Nb Tip removed: 0 (0s)
Nb errors removed: 29 (0s)
Superbubble
Nb superbubble removed: 0 0 (0s)
Tip
Nb Tip removed: 0 (0s)
Nb errors removed: 18 (0s)
Superbubble
Nb superbubble removed: 0 0 (0s)
Tip
Nb Tip removed: 0 (0s)
Nb errors removed: 15 (0s)
Superbubble
Nb superbubble removed: 0 0 (0s)
Tip
Nb Tip removed: 0 (0s)
Nb errors removed: 20 (0s)
Superbubble
Nb superbubble removed: 0 0 (0s)
Tip
Nb Tip removed: 0 (0s)
Nb errors removed: 9 (0s)
Superbubble
Nb superbubble removed: 0 0 (0s)
Tip
Nb Tip removed: 0 (0s)
Nb errors removed: 16 (0s)
Superbubble
Nb superbubble removed: 0 0 (0s)
Tip
Nb Tip removed: 0 (0s)
Nb errors removed: 11 (0s)
Superbubble
Nb superbubble removed: 0 0 (0s)
Tip
Nb Tip removed: 0 (0s)
Nb errors removed: 18 (0s)
Superbubble
Nb superbubble removed: 0 0 (0s)
Tip
Nb Tip removed: 0 (0s)
Nb errors removed: 11 (0s)
Superbubble
Nb superbubble removed: 0 0 (0s)
Tip
Nb Tip removed: 0 (0s)
Nb errors removed: 5 (0s)
Superbubble
Nb superbubble removed: 0 0 (0s)
Tip
Nb Tip removed: 0 (0s)
Nb errors removed: 1 (0s)
Superbubble
Nb superbubble removed: 0 0 (0s)
Tip
Nb Tip removed: 0 (0s)
Nb errors removed: 1 (0s)
Superbubble
Nb superbubble removed: 0 0 (0s)
Tip
Nb Tip removed: 0 (0s)
Nb errors removed: 3 (0s)
Superbubble
Nb superbubble removed: 0 0 (0s)
Tip
Nb Tip removed: 0 (0s)
Nb errors removed: 6 (0s)
Superbubble
Nb superbubble removed: 0 0 (0s)
Tip
Nb Tip removed: 0 (0s)
Nb errors removed: 1 (0s)
Superbubble
Nb superbubble removed: 0 0 (0s)
Tip
Nb Tip removed: 0 (0s)
Checksum: 0
Checksum abundnace: 0
Generating contigs
45.2593
28.1025
21.1138
17.4494
15.8631
14.421
13.11
11.9182
10.8347
9.84974
8.14028
7.40025
6.11591
5.05447
4.17725
3.13843
2.14359
0


metaMDBG toMinspace  /var/folders/zg/vq0dnx517c54hg87dyqjky740000gn/T/.tmpwTqywI/tmp/ /var/folders/zg/vq0dnx517c54hg87dyqjky740000gn/T/.tmpwTqywI/tmp//contigs.nodepath /var/folders/zg/vq0dnx517c54hg87dyqjky740000gn/T/.tmpwTqywI/tmp//unitig_data.txt --threads 10

Input dir: /var/folders/zg/vq0dnx517c54hg87dyqjky740000gn/T/.tmpwTqywI/tmp/
Minimizer length: 15
Kminmer length: 150
Density: 0.005

Loading unitig sequences

Creating mContigs

Contig filename: /var/folders/zg/vq0dnx517c54hg87dyqjky740000gn/T/.tmpwTqywI/tmp//unitig_data.txt
pass done: 150
Multi-k pass: 151/209


metaMDBG graph /var/folders/zg/vq0dnx517c54hg87dyqjky740000gn/T/.tmpwTqywI/tmp/ --threads 10 --corrected-read 

Contig filename: 
Output dir: /var/folders/zg/vq0dnx517c54hg87dyqjky740000gn/T/.tmpwTqywI/tmp/
Minimizer length: 15
Kminmer length: 151
Density: 0.005
Min abundance: 0

Loading refined abundances
	Duration: 0
Collecting kminmers
Building mdbg
Duration: 0
Nb solid kminmers: 30769
Nb small contigs written: 0
Dump kminmer abundances
	Duration: 0
Indexing edges
Edge index size: 30878
Edge index elements: 58303
	Duration: 0
Compute unitig nodes
	Duration: 0
Index unitig edges
	Duration: 0
Compute unitig edges
	Duration: 0
Dump unitig abundances
	Duration: 0
Nb edges:   0


metaMDBG contig  /var/folders/zg/vq0dnx517c54hg87dyqjky740000gn/T/.tmpwTqywI/tmp/ --threads 10 --gen-graph 

Input dir: /var/folders/zg/vq0dnx517c54hg87dyqjky740000gn/T/.tmpwTqywI/tmp/
Minimizer length: 15
Kminmer length: 151
Density: 0.005

Loading unitig graph
Load unitigs
Nb unitigs: 429
Nb minimizers: 95119
Add unitig abundances
Sorting abundances
Add unitig edges
Nb unitig edges: 642
Sorting unitig edges
Done loading unitig graph
Simplifying
Max abundance: 43
Nb unitigs: 429
Superbubble
Nb superbubble removed: 0 0 (0s)
Tip
Nb Tip removed: 117 (0s)
Superbubble
Nb superbubble removed: 0 0 (0s)
Tip
Nb Tip removed: 0 (0s)
Saving unitig graph: /var/folders/zg/vq0dnx517c54hg87dyqjky740000gn/T/.tmpwTqywI/tmp//assembly_graph.gfa
Nb errors removed: 76 (0s)
Superbubble
Nb superbubble removed: 0 0 (0s)
Tip
Nb Tip removed: 0 (0s)
Nb errors removed: 40 (0s)
Superbubble
Nb superbubble removed: 0 0 (0s)
Tip
Nb Tip removed: 0 (0s)
Nb errors removed: 29 (0s)
Superbubble
Nb superbubble removed: 0 0 (0s)
Tip
Nb Tip removed: 0 (0s)
Nb errors removed: 18 (0s)
Superbubble
Nb superbubble removed: 0 0 (0s)
Tip
Nb Tip removed: 0 (0s)
Nb errors removed: 15 (0s)
Superbubble
Nb superbubble removed: 0 0 (0s)
Tip
Nb Tip removed: 0 (0s)
Nb errors removed: 20 (0s)
Superbubble
Nb superbubble removed: 0 0 (0s)
Tip
Nb Tip removed: 0 (0s)
Nb errors removed: 10 (0s)
Superbubble
Nb superbubble removed: 0 0 (0s)
Tip
Nb Tip removed: 0 (0s)
Nb errors removed: 16 (0s)
Superbubble
Nb superbubble removed: 0 0 (0s)
Tip
Nb Tip removed: 0 (0s)
Nb errors removed: 11 (0s)
Superbubble
Nb superbubble removed: 0 0 (0s)
Tip
Nb Tip removed: 0 (0s)
Nb errors removed: 18 (0s)
Superbubble
Nb superbubble removed: 0 0 (0s)
Tip
Nb Tip removed: 0 (0s)
Nb errors removed: 10 (0s)
Superbubble
Nb superbubble removed: 0 0 (0s)
Tip
Nb Tip removed: 0 (0s)
Nb errors removed: 5 (0s)
Superbubble
Nb superbubble removed: 0 0 (0s)
Tip
Nb Tip removed: 0 (0s)
Nb errors removed: 1 (0s)
Superbubble
Nb superbubble removed: 0 0 (0s)
Tip
Nb Tip removed: 0 (0s)
Nb errors removed: 1 (0s)
Superbubble
Nb superbubble removed: 0 0 (0s)
Tip
Nb Tip removed: 0 (0s)
Nb errors removed: 3 (0s)
Superbubble
Nb superbubble removed: 0 0 (0s)
Tip
Nb Tip removed: 0 (0s)
Nb errors removed: 6 (0s)
Superbubble
Nb superbubble removed: 0 0 (0s)
Tip
Nb Tip removed: 0 (0s)
Nb errors removed: 1 (0s)
Superbubble
Nb superbubble removed: 0 0 (0s)
Tip
Nb Tip removed: 0 (0s)
Checksum: 0
Checksum abundnace: 0
Generating contigs
45.2593
28.1025
21.1138
17.4494
15.8631
14.421
13.11
11.9182
10.8347
9.84974
8.14028
7.40025
6.11591
5.05447
4.17725
3.13843
2.14359
0


metaMDBG toMinspace  /var/folders/zg/vq0dnx517c54hg87dyqjky740000gn/T/.tmpwTqywI/tmp/ /var/folders/zg/vq0dnx517c54hg87dyqjky740000gn/T/.tmpwTqywI/tmp//contigs.nodepath /var/folders/zg/vq0dnx517c54hg87dyqjky740000gn/T/.tmpwTqywI/tmp//unitig_data.txt --threads 10

Input dir: /var/folders/zg/vq0dnx517c54hg87dyqjky740000gn/T/.tmpwTqywI/tmp/
Minimizer length: 15
Kminmer length: 151
Density: 0.005

Loading unitig sequences

Creating mContigs

Contig filename: /var/folders/zg/vq0dnx517c54hg87dyqjky740000gn/T/.tmpwTqywI/tmp//unitig_data.txt


metaMDBG toMinspace  /var/folders/zg/vq0dnx517c54hg87dyqjky740000gn/T/.tmpwTqywI/tmp/ /var/folders/zg/vq0dnx517c54hg87dyqjky740000gn/T/.tmpwTqywI/tmp//assembly_graph.gfa.unitigs.nodepath /var/folders/zg/vq0dnx517c54hg87dyqjky740000gn/T/.tmpwTqywI/tmp//assembly_graph.gfa.unitigs --threads 10

Input dir: /var/folders/zg/vq0dnx517c54hg87dyqjky740000gn/T/.tmpwTqywI/tmp/
Minimizer length: 15
Kminmer length: 151
Density: 0.005

Loading unitig sequences

Creating mContigs

Contig filename: /var/folders/zg/vq0dnx517c54hg87dyqjky740000gn/T/.tmpwTqywI/tmp//assembly_graph.gfa.unitigs
pass done: 151
Multi-k pass: 152/209


metaMDBG graph /var/folders/zg/vq0dnx517c54hg87dyqjky740000gn/T/.tmpwTqywI/tmp/ --threads 10 --corrected-read 

Contig filename: 
Output dir: /var/folders/zg/vq0dnx517c54hg87dyqjky740000gn/T/.tmpwTqywI/tmp/
Minimizer length: 15
Kminmer length: 152
Density: 0.005
Min abundance: 0

Loading refined abundances
	Duration: 0
Collecting kminmers
Building mdbg
Duration: 0
Nb solid kminmers: 30659
Nb small contigs written: 0
Dump kminmer abundances
	Duration: 0
Indexing edges
Edge index size: 30765
Edge index elements: 58032
	Duration: 0
Compute unitig nodes
	Duration: 0
Index unitig edges
	Duration: 0
Compute unitig edges
	Duration: 0
Dump unitig abundances
	Duration: 0
Nb edges:   0


metaMDBG contig  /var/folders/zg/vq0dnx517c54hg87dyqjky740000gn/T/.tmpwTqywI/tmp/ --threads 10

Input dir: /var/folders/zg/vq0dnx517c54hg87dyqjky740000gn/T/.tmpwTqywI/tmp/
Minimizer length: 15
Kminmer length: 152
Density: 0.005

Loading unitig graph
Load unitigs
Nb unitigs: 425
Nb minimizers: 94834
Add unitig abundances
Sorting abundances
Add unitig edges
Nb unitig edges: 638
Sorting unitig edges
Done loading unitig graph
Simplifying
Max abundance: 43
Nb unitigs: 425
Superbubble
Nb superbubble removed: 0 0 (0s)
Tip
Nb Tip removed: 117 (0s)
Superbubble
Nb superbubble removed: 0 0 (0s)
Tip
Nb Tip removed: 0 (0s)
Nb errors removed: 76 (0s)
Superbubble
Nb superbubble removed: 0 0 (0s)
Tip
Nb Tip removed: 0 (0s)
Nb errors removed: 40 (0s)
Superbubble
Nb superbubble removed: 0 0 (0s)
Tip
Nb Tip removed: 0 (0s)
Nb errors removed: 27 (0s)
Superbubble
Nb superbubble removed: 0 0 (0s)
Tip
Nb Tip removed: 0 (0s)
Nb errors removed: 18 (0s)
Superbubble
Nb superbubble removed: 0 0 (0s)
Tip
Nb Tip removed: 0 (0s)
Nb errors removed: 15 (0s)
Superbubble
Nb superbubble removed: 0 0 (0s)
Tip
Nb Tip removed: 0 (0s)
Nb errors removed: 20 (0s)
Superbubble
Nb superbubble removed: 0 0 (0s)
Tip
Nb Tip removed: 0 (0s)
Nb errors removed: 10 (0s)
Superbubble
Nb superbubble removed: 0 0 (0s)
Tip
Nb Tip removed: 0 (0s)
Nb errors removed: 15 (0s)
Superbubble
Nb superbubble removed: 0 0 (0s)
Tip
Nb Tip removed: 0 (0s)
Nb errors removed: 11 (0s)
Superbubble
Nb superbubble removed: 0 0 (0s)
Tip
Nb Tip removed: 0 (0s)
Nb errors removed: 17 (0s)
Superbubble
Nb superbubble removed: 0 0 (0s)
Tip
Nb Tip removed: 0 (0s)
Nb errors removed: 10 (0s)
Superbubble
Nb superbubble removed: 0 0 (0s)
Tip
Nb Tip removed: 0 (0s)
Nb errors removed: 6 (0s)
Superbubble
Nb superbubble removed: 0 0 (0s)
Tip
Nb Tip removed: 0 (0s)
Nb errors removed: 1 (0s)
Superbubble
Nb superbubble removed: 0 0 (0s)
Tip
Nb Tip removed: 0 (0s)
Nb errors removed: 1 (0s)
Superbubble
Nb superbubble removed: 0 0 (0s)
Tip
Nb Tip removed: 0 (0s)
Nb errors removed: 3 (0s)
Superbubble
Nb superbubble removed: 0 0 (0s)
Tip
Nb Tip removed: 0 (0s)
Nb errors removed: 6 (0s)
Superbubble
Nb superbubble removed: 0 0 (0s)
Tip
Nb Tip removed: 0 (0s)
Nb errors removed: 1 (0s)
Superbubble
Nb superbubble removed: 0 0 (0s)
Tip
Nb Tip removed: 0 (0s)
Checksum: 0
Checksum abundnace: 0
Generating contigs
45.2593
28.1025
21.1138
17.4494
15.8631
14.421
13.11
11.9182
10.8347
9.84974
8.14028
7.40025
6.11591
5.05447
4.17725
3.13843
2.14359
0


metaMDBG toMinspace  /var/folders/zg/vq0dnx517c54hg87dyqjky740000gn/T/.tmpwTqywI/tmp/ /var/folders/zg/vq0dnx517c54hg87dyqjky740000gn/T/.tmpwTqywI/tmp//contigs.nodepath /var/folders/zg/vq0dnx517c54hg87dyqjky740000gn/T/.tmpwTqywI/tmp//unitig_data.txt --threads 10

Input dir: /var/folders/zg/vq0dnx517c54hg87dyqjky740000gn/T/.tmpwTqywI/tmp/
Minimizer length: 15
Kminmer length: 152
Density: 0.005

Loading unitig sequences

Creating mContigs

Contig filename: /var/folders/zg/vq0dnx517c54hg87dyqjky740000gn/T/.tmpwTqywI/tmp//unitig_data.txt
pass done: 152
Multi-k pass: 153/209


metaMDBG graph /var/folders/zg/vq0dnx517c54hg87dyqjky740000gn/T/.tmpwTqywI/tmp/ --threads 10 --corrected-read 

Contig filename: 
Output dir: /var/folders/zg/vq0dnx517c54hg87dyqjky740000gn/T/.tmpwTqywI/tmp/
Minimizer length: 15
Kminmer length: 153
Density: 0.005
Min abundance: 0

Loading refined abundances
	Duration: 0
Collecting kminmers
Building mdbg
Duration: 0
Nb solid kminmers: 30545
Nb small contigs written: 0
Dump kminmer abundances
	Duration: 0
Indexing edges
Edge index size: 30657
Edge index elements: 57995
	Duration: 0
Compute unitig nodes
	Duration: 0
Index unitig edges
	Duration: 0
Compute unitig edges
	Duration: 0
Dump unitig abundances
	Duration: 0
Nb edges:   0


metaMDBG contig  /var/folders/zg/vq0dnx517c54hg87dyqjky740000gn/T/.tmpwTqywI/tmp/ --threads 10

Input dir: /var/folders/zg/vq0dnx517c54hg87dyqjky740000gn/T/.tmpwTqywI/tmp/
Minimizer length: 15
Kminmer length: 153
Density: 0.005

Loading unitig graph
Load unitigs
Nb unitigs: 415
Nb minimizers: 93625
Add unitig abundances
Sorting abundances
Add unitig edges
Nb unitig edges: 606
Sorting unitig edges
Done loading unitig graph
Simplifying
Max abundance: 43
Nb unitigs: 415
Superbubble
Nb superbubble removed: 0 0 (0s)
Tip
Nb Tip removed: 113 (0s)
Superbubble
Nb superbubble removed: 0 0 (0s)
Tip
Nb Tip removed: 0 (0s)
Nb errors removed: 75 (0s)
Superbubble
Nb superbubble removed: 0 0 (0s)
Tip
Nb Tip removed: 0 (0s)
Nb errors removed: 41 (0s)
Superbubble
Nb superbubble removed: 0 0 (0s)
Tip
Nb Tip removed: 0 (0s)
Nb errors removed: 27 (0s)
Superbubble
Nb superbubble removed: 0 0 (0s)
Tip
Nb Tip removed: 0 (0s)
Nb errors removed: 18 (0s)
Superbubble
Nb superbubble removed: 0 0 (0s)
Tip
Nb Tip removed: 0 (0s)
Nb errors removed: 15 (0s)
Superbubble
Nb superbubble removed: 0 0 (0s)
Tip
Nb Tip removed: 0 (0s)
Nb errors removed: 20 (0s)
Superbubble
Nb superbubble removed: 0 0 (0s)
Tip
Nb Tip removed: 0 (0s)
Nb errors removed: 9 (0s)
Superbubble
Nb superbubble removed: 0 0 (0s)
Tip
Nb Tip removed: 0 (0s)
Nb errors removed: 14 (0s)
Superbubble
Nb superbubble removed: 0 0 (0s)
Tip
Nb Tip removed: 0 (0s)
Nb errors removed: 11 (0s)
Superbubble
Nb superbubble removed: 0 0 (0s)
Tip
Nb Tip removed: 0 (0s)
Nb errors removed: 16 (0s)
Superbubble
Nb superbubble removed: 0 0 (0s)
Tip
Nb Tip removed: 0 (0s)
Nb errors removed: 10 (0s)
Superbubble
Nb superbubble removed: 0 0 (0s)
Tip
Nb Tip removed: 0 (0s)
Nb errors removed: 5 (0s)
Superbubble
Nb superbubble removed: 0 0 (0s)
Tip
Nb Tip removed: 0 (0s)
Nb errors removed: 1 (0s)
Superbubble
Nb superbubble removed: 0 0 (0s)
Tip
Nb Tip removed: 0 (0s)
Nb errors removed: 1 (0s)
Superbubble
Nb superbubble removed: 0 0 (0s)
Tip
Nb Tip removed: 0 (0s)
Nb errors removed: 3 (0s)
Superbubble
Nb superbubble removed: 0 0 (0s)
Tip
Nb Tip removed: 0 (0s)
Nb errors removed: 5 (0s)
Superbubble
Nb superbubble removed: 0 0 (0s)
Tip
Nb Tip removed: 0 (0s)
Nb errors removed: 1 (0s)
Superbubble
Nb superbubble removed: 0 0 (0s)
Tip
Nb Tip removed: 0 (0s)
Checksum: 0
Checksum abundnace: 0
Generating contigs
45.2593
28.1025
21.1138
17.4494
15.8631
14.421
13.11
11.9182
10.8347
9.84974
8.14028
7.40025
6.11591
5.05447
4.17725
3.13843
2.14359
0


metaMDBG toMinspace  /var/folders/zg/vq0dnx517c54hg87dyqjky740000gn/T/.tmpwTqywI/tmp/ /var/folders/zg/vq0dnx517c54hg87dyqjky740000gn/T/.tmpwTqywI/tmp//contigs.nodepath /var/folders/zg/vq0dnx517c54hg87dyqjky740000gn/T/.tmpwTqywI/tmp//unitig_data.txt --threads 10

Input dir: /var/folders/zg/vq0dnx517c54hg87dyqjky740000gn/T/.tmpwTqywI/tmp/
Minimizer length: 15
Kminmer length: 153
Density: 0.005

Loading unitig sequences

Creating mContigs

Contig filename: /var/folders/zg/vq0dnx517c54hg87dyqjky740000gn/T/.tmpwTqywI/tmp//unitig_data.txt
pass done: 153
Multi-k pass: 154/209


metaMDBG graph /var/folders/zg/vq0dnx517c54hg87dyqjky740000gn/T/.tmpwTqywI/tmp/ --threads 10 --corrected-read 

Contig filename: 
Output dir: /var/folders/zg/vq0dnx517c54hg87dyqjky740000gn/T/.tmpwTqywI/tmp/
Minimizer length: 15
Kminmer length: 154
Density: 0.005
Min abundance: 0

Loading refined abundances
	Duration: 0
Collecting kminmers
Building mdbg
Duration: 0
Nb solid kminmers: 30428
Nb small contigs written: 0
Dump kminmer abundances
	Duration: 0
Indexing edges
Edge index size: 30545
Edge index elements: 57952
	Duration: 0
Compute unitig nodes
	Duration: 0
Index unitig edges
	Duration: 0
Compute unitig edges
	Duration: 0
Dump unitig abundances
	Duration: 0
Nb edges:   0


metaMDBG contig  /var/folders/zg/vq0dnx517c54hg87dyqjky740000gn/T/.tmpwTqywI/tmp/ --threads 10

Input dir: /var/folders/zg/vq0dnx517c54hg87dyqjky740000gn/T/.tmpwTqywI/tmp/
Minimizer length: 15
Kminmer length: 154
Density: 0.005

Loading unitig graph
Load unitigs
Nb unitigs: 407
Nb minimizers: 92699
Add unitig abundances
Sorting abundances
Add unitig edges
Nb unitig edges: 588
Sorting unitig edges
Done loading unitig graph
Simplifying
Max abundance: 43
Nb unitigs: 407
Superbubble
Nb superbubble removed: 0 0 (0s)
Tip
Nb Tip removed: 110 (0s)
Superbubble
Nb superbubble removed: 0 0 (0s)
Tip
Nb Tip removed: 0 (0s)
Nb errors removed: 75 (0s)
Superbubble
Nb superbubble removed: 0 0 (0s)
Tip
Nb Tip removed: 0 (0s)
Nb errors removed: 42 (0s)
Superbubble
Nb superbubble removed: 0 0 (0s)
Tip
Nb Tip removed: 0 (0s)
Nb errors removed: 27 (0s)
Superbubble
Nb superbubble removed: 0 0 (0s)
Tip
Nb Tip removed: 0 (0s)
Nb errors removed: 18 (0s)
Superbubble
Nb superbubble removed: 0 0 (0s)
Tip
Nb Tip removed: 0 (0s)
Nb errors removed: 15 (0s)
Superbubble
Nb superbubble removed: 0 0 (0s)
Tip
Nb Tip removed: 0 (0s)
Nb errors removed: 20 (0s)
Superbubble
Nb superbubble removed: 0 0 (0s)
Tip
Nb Tip removed: 0 (0s)
Nb errors removed: 9 (0s)
Superbubble
Nb superbubble removed: 0 0 (0s)
Tip
Nb Tip removed: 0 (0s)
Nb errors removed: 13 (0s)
Superbubble
Nb superbubble removed: 0 0 (0s)
Tip
Nb Tip removed: 0 (0s)
Nb errors removed: 11 (0s)
Superbubble
Nb superbubble removed: 0 0 (0s)
Tip
Nb Tip removed: 0 (0s)
Nb errors removed: 16 (0s)
Superbubble
Nb superbubble removed: 0 0 (0s)
Tip
Nb Tip removed: 0 (0s)
Nb errors removed: 10 (0s)
Superbubble
Nb superbubble removed: 0 0 (0s)
Tip
Nb Tip removed: 0 (0s)
Nb errors removed: 5 (0s)
Superbubble
Nb superbubble removed: 0 0 (0s)
Tip
Nb Tip removed: 0 (0s)
Nb errors removed: 1 (0s)
Superbubble
Nb superbubble removed: 0 0 (0s)
Tip
Nb Tip removed: 0 (0s)
Nb errors removed: 1 (0s)
Superbubble
Nb superbubble removed: 0 0 (0s)
Tip
Nb Tip removed: 0 (0s)
Nb errors removed: 3 (0s)
Superbubble
Nb superbubble removed: 0 0 (0s)
Tip
Nb Tip removed: 0 (0s)
Nb errors removed: 5 (0s)
Superbubble
Nb superbubble removed: 0 0 (0s)
Tip
Nb Tip removed: 0 (0s)
Nb errors removed: 1 (0s)
Superbubble
Nb superbubble removed: 0 0 (0s)
Tip
Nb Tip removed: 0 (0s)
Checksum: 0
Checksum abundnace: 0
Generating contigs
45.2593
28.1025
21.1138
17.4494
15.8631
14.421
13.11
11.9182
10.8347
9.84974
8.14028
7.40025
6.11591
5.05447
4.17725
3.13843
2.14359
0


metaMDBG toMinspace  /var/folders/zg/vq0dnx517c54hg87dyqjky740000gn/T/.tmpwTqywI/tmp/ /var/folders/zg/vq0dnx517c54hg87dyqjky740000gn/T/.tmpwTqywI/tmp//contigs.nodepath /var/folders/zg/vq0dnx517c54hg87dyqjky740000gn/T/.tmpwTqywI/tmp//unitig_data.txt --threads 10

Input dir: /var/folders/zg/vq0dnx517c54hg87dyqjky740000gn/T/.tmpwTqywI/tmp/
Minimizer length: 15
Kminmer length: 154
Density: 0.005

Loading unitig sequences

Creating mContigs

Contig filename: /var/folders/zg/vq0dnx517c54hg87dyqjky740000gn/T/.tmpwTqywI/tmp//unitig_data.txt
pass done: 154
Multi-k pass: 155/209


metaMDBG graph /var/folders/zg/vq0dnx517c54hg87dyqjky740000gn/T/.tmpwTqywI/tmp/ --threads 10 --corrected-read 

Contig filename: 
Output dir: /var/folders/zg/vq0dnx517c54hg87dyqjky740000gn/T/.tmpwTqywI/tmp/
Minimizer length: 15
Kminmer length: 155
Density: 0.005
Min abundance: 0

Loading refined abundances
	Duration: 0
Collecting kminmers
Building mdbg
Duration: 0
Nb solid kminmers: 30306
Nb small contigs written: 0
Dump kminmer abundances
	Duration: 0
Indexing edges
Edge index size: 30427
Edge index elements: 57582
	Duration: 0
Compute unitig nodes
	Duration: 0
Index unitig edges
	Duration: 0
Compute unitig edges
	Duration: 0
Dump unitig abundances
	Duration: 0
Nb edges:   0


metaMDBG contig  /var/folders/zg/vq0dnx517c54hg87dyqjky740000gn/T/.tmpwTqywI/tmp/ --threads 10

Input dir: /var/folders/zg/vq0dnx517c54hg87dyqjky740000gn/T/.tmpwTqywI/tmp/
Minimizer length: 15
Kminmer length: 155
Density: 0.005

Loading unitig graph
Load unitigs
Nb unitigs: 403
Nb minimizers: 92368
Add unitig abundances
Sorting abundances
Add unitig edges
Nb unitig edges: 564
Sorting unitig edges
Done loading unitig graph
Simplifying
Max abundance: 43
Nb unitigs: 403
Superbubble
Nb superbubble removed: 0 0 (0s)
Tip
Nb Tip removed: 106 (0s)
Superbubble
Nb superbubble removed: 0 0 (0s)
Tip
Nb Tip removed: 0 (0s)
Nb errors removed: 75 (0s)
Superbubble
Nb superbubble removed: 0 0 (0s)
Tip
Nb Tip removed: 0 (0s)
Nb errors removed: 41 (0s)
Superbubble
Nb superbubble removed: 0 0 (0s)
Tip
Nb Tip removed: 0 (0s)
Nb errors removed: 27 (0s)
Superbubble
Nb superbubble removed: 0 0 (0s)
Tip
Nb Tip removed: 0 (0s)
Nb errors removed: 18 (0s)
Superbubble
Nb superbubble removed: 0 0 (0s)
Tip
Nb Tip removed: 0 (0s)
Nb errors removed: 15 (0s)
Superbubble
Nb superbubble removed: 0 0 (0s)
Tip
Nb Tip removed: 0 (0s)
Nb errors removed: 19 (0s)
Superbubble
Nb superbubble removed: 0 0 (0s)
Tip
Nb Tip removed: 0 (0s)
Nb errors removed: 9 (0s)
Superbubble
Nb superbubble removed: 0 0 (0s)
Tip
Nb Tip removed: 0 (0s)
Nb errors removed: 13 (0s)
Superbubble
Nb superbubble removed: 0 0 (0s)
Tip
Nb Tip removed: 0 (0s)
Nb errors removed: 12 (0s)
Superbubble
Nb superbubble removed: 0 0 (0s)
Tip
Nb Tip removed: 0 (0s)
Nb errors removed: 16 (0s)
Superbubble
Nb superbubble removed: 0 0 (0s)
Tip
Nb Tip removed: 0 (0s)
Nb errors removed: 10 (0s)
Superbubble
Nb superbubble removed: 0 0 (0s)
Tip
Nb Tip removed: 0 (0s)
Nb errors removed: 5 (0s)
Superbubble
Nb superbubble removed: 0 0 (0s)
Tip
Nb Tip removed: 0 (0s)
Nb errors removed: 1 (0s)
Superbubble
Nb superbubble removed: 0 0 (0s)
Tip
Nb Tip removed: 0 (0s)
Nb errors removed: 1 (0s)
Superbubble
Nb superbubble removed: 0 0 (0s)
Tip
Nb Tip removed: 0 (0s)
Nb errors removed: 3 (0s)
Superbubble
Nb superbubble removed: 0 0 (0s)
Tip
Nb Tip removed: 0 (0s)
Nb errors removed: 5 (0s)
Superbubble
Nb superbubble removed: 0 0 (0s)
Tip
Nb Tip removed: 0 (0s)
Nb errors removed: 1 (0s)
Superbubble
Nb superbubble removed: 0 0 (0s)
Tip
Nb Tip removed: 0 (0s)
Checksum: 0
Checksum abundnace: 0
Generating contigs
45.2593
28.1025
21.1138
17.4494
15.8631
14.421
13.11
11.9182
10.8347
9.84974
8.14028
7.40025
6.11591
5.05447
4.17725
3.13843
2.14359
0


metaMDBG toMinspace  /var/folders/zg/vq0dnx517c54hg87dyqjky740000gn/T/.tmpwTqywI/tmp/ /var/folders/zg/vq0dnx517c54hg87dyqjky740000gn/T/.tmpwTqywI/tmp//contigs.nodepath /var/folders/zg/vq0dnx517c54hg87dyqjky740000gn/T/.tmpwTqywI/tmp//unitig_data.txt --threads 10

Input dir: /var/folders/zg/vq0dnx517c54hg87dyqjky740000gn/T/.tmpwTqywI/tmp/
Minimizer length: 15
Kminmer length: 155
Density: 0.005

Loading unitig sequences

Creating mContigs

Contig filename: /var/folders/zg/vq0dnx517c54hg87dyqjky740000gn/T/.tmpwTqywI/tmp//unitig_data.txt
pass done: 155
Multi-k pass: 156/209


metaMDBG graph /var/folders/zg/vq0dnx517c54hg87dyqjky740000gn/T/.tmpwTqywI/tmp/ --threads 10 --corrected-read 

Contig filename: 
Output dir: /var/folders/zg/vq0dnx517c54hg87dyqjky740000gn/T/.tmpwTqywI/tmp/
Minimizer length: 15
Kminmer length: 156
Density: 0.005
Min abundance: 0

Loading refined abundances
	Duration: 0
Collecting kminmers
Building mdbg
Duration: 0
Nb solid kminmers: 30183
Nb small contigs written: 0
Dump kminmer abundances
	Duration: 0
Indexing edges
Edge index size: 30304
Edge index elements: 57179
	Duration: 0
Compute unitig nodes
	Duration: 0
Index unitig edges
	Duration: 0
Compute unitig edges
	Duration: 0
Dump unitig abundances
	Duration: 0
Nb edges:   0


metaMDBG contig  /var/folders/zg/vq0dnx517c54hg87dyqjky740000gn/T/.tmpwTqywI/tmp/ --threads 10

Input dir: /var/folders/zg/vq0dnx517c54hg87dyqjky740000gn/T/.tmpwTqywI/tmp/
Minimizer length: 15
Kminmer length: 156
Density: 0.005

Loading unitig graph
Load unitigs
Nb unitigs: 398
Nb minimizers: 91873
Add unitig abundances
Sorting abundances
Add unitig edges
Nb unitig edges: 556
Sorting unitig edges
Done loading unitig graph
Simplifying
Max abundance: 43
Nb unitigs: 398
Superbubble
Nb superbubble removed: 0 0 (0s)
Tip
Nb Tip removed: 103 (0s)
Superbubble
Nb superbubble removed: 0 0 (0s)
Tip
Nb Tip removed: 0 (0s)
Nb errors removed: 74 (0s)
Superbubble
Nb superbubble removed: 0 0 (0s)
Tip
Nb Tip removed: 0 (0s)
Nb errors removed: 41 (0s)
Superbubble
Nb superbubble removed: 0 0 (0s)
Tip
Nb Tip removed: 0 (0s)
Nb errors removed: 27 (0s)
Superbubble
Nb superbubble removed: 0 0 (0s)
Tip
Nb Tip removed: 0 (0s)
Nb errors removed: 18 (0s)
Superbubble
Nb superbubble removed: 0 0 (0s)
Tip
Nb Tip removed: 0 (0s)
Nb errors removed: 15 (0s)
Superbubble
Nb superbubble removed: 0 0 (0s)
Tip
Nb Tip removed: 0 (0s)
Nb errors removed: 20 (0s)
Superbubble
Nb superbubble removed: 0 0 (0s)
Tip
Nb Tip removed: 0 (0s)
Nb errors removed: 9 (0s)
Superbubble
Nb superbubble removed: 0 0 (0s)
Tip
Nb Tip removed: 0 (0s)
Nb errors removed: 13 (0s)
Superbubble
Nb superbubble removed: 0 0 (0s)
Tip
Nb Tip removed: 0 (0s)
Nb errors removed: 11 (0s)
Superbubble
Nb superbubble removed: 0 0 (0s)
Tip
Nb Tip removed: 0 (0s)
Nb errors removed: 16 (0s)
Superbubble
Nb superbubble removed: 0 0 (0s)
Tip
Nb Tip removed: 0 (0s)
Nb errors removed: 9 (0s)
Superbubble
Nb superbubble removed: 0 0 (0s)
Tip
Nb Tip removed: 0 (0s)
Nb errors removed: 5 (0s)
Superbubble
Nb superbubble removed: 0 0 (0s)
Tip
Nb Tip removed: 0 (0s)
Nb errors removed: 1 (0s)
Superbubble
Nb superbubble removed: 0 0 (0s)
Tip
Nb Tip removed: 0 (0s)
Nb errors removed: 1 (0s)
Superbubble
Nb superbubble removed: 0 0 (0s)
Tip
Nb Tip removed: 0 (0s)
Nb errors removed: 3 (0s)
Superbubble
Nb superbubble removed: 0 0 (0s)
Tip
Nb Tip removed: 0 (0s)
Nb errors removed: 5 (0s)
Superbubble
Nb superbubble removed: 0 0 (0s)
Tip
Nb Tip removed: 0 (0s)
Nb errors removed: 1 (0s)
Superbubble
Nb superbubble removed: 0 0 (0s)
Tip
Nb Tip removed: 0 (0s)
Checksum: 0
Checksum abundnace: 0
Generating contigs
45.2593
28.1025
21.1138
17.4494
15.8631
14.421
13.11
11.9182
10.8347
9.84974
8.14028
7.40025
6.11591
5.05447
4.17725
3.13843
2.14359
0


metaMDBG toMinspace  /var/folders/zg/vq0dnx517c54hg87dyqjky740000gn/T/.tmpwTqywI/tmp/ /var/folders/zg/vq0dnx517c54hg87dyqjky740000gn/T/.tmpwTqywI/tmp//contigs.nodepath /var/folders/zg/vq0dnx517c54hg87dyqjky740000gn/T/.tmpwTqywI/tmp//unitig_data.txt --threads 10

Input dir: /var/folders/zg/vq0dnx517c54hg87dyqjky740000gn/T/.tmpwTqywI/tmp/
Minimizer length: 15
Kminmer length: 156
Density: 0.005

Loading unitig sequences

Creating mContigs

Contig filename: /var/folders/zg/vq0dnx517c54hg87dyqjky740000gn/T/.tmpwTqywI/tmp//unitig_data.txt
pass done: 156
Multi-k pass: 157/209


metaMDBG graph /var/folders/zg/vq0dnx517c54hg87dyqjky740000gn/T/.tmpwTqywI/tmp/ --threads 10 --corrected-read 

Contig filename: 
Output dir: /var/folders/zg/vq0dnx517c54hg87dyqjky740000gn/T/.tmpwTqywI/tmp/
Minimizer length: 15
Kminmer length: 157
Density: 0.005
Min abundance: 0

Loading refined abundances
	Duration: 0
Collecting kminmers
Building mdbg
Duration: 0
Nb solid kminmers: 30060
Nb small contigs written: 0
Dump kminmer abundances
	Duration: 0
Indexing edges
Edge index size: 30182
Edge index elements: 57025
	Duration: 0
Compute unitig nodes
	Duration: 0
Index unitig edges
	Duration: 0
Compute unitig edges
	Duration: 0
Dump unitig abundances
	Duration: 0
Nb edges:   0


metaMDBG contig  /var/folders/zg/vq0dnx517c54hg87dyqjky740000gn/T/.tmpwTqywI/tmp/ --threads 10

Input dir: /var/folders/zg/vq0dnx517c54hg87dyqjky740000gn/T/.tmpwTqywI/tmp/
Minimizer length: 15
Kminmer length: 157
Density: 0.005

Loading unitig graph
Load unitigs
Nb unitigs: 393
Nb minimizers: 91368
Add unitig abundances
Sorting abundances
Add unitig edges
Nb unitig edges: 548
Sorting unitig edges
Done loading unitig graph
Simplifying
Max abundance: 43
Nb unitigs: 393
Superbubble
Nb superbubble removed: 0 0 (0s)
Tip
Nb Tip removed: 101 (0s)
Superbubble
Nb superbubble removed: 0 0 (0s)
Tip
Nb Tip removed: 0 (0s)
Nb errors removed: 73 (0s)
Superbubble
Nb superbubble removed: 0 0 (0s)
Tip
Nb Tip removed: 0 (0s)
Nb errors removed: 40 (0s)
Superbubble
Nb superbubble removed: 0 0 (0s)
Tip
Nb Tip removed: 0 (0s)
Nb errors removed: 27 (0s)
Superbubble
Nb superbubble removed: 0 0 (0s)
Tip
Nb Tip removed: 0 (0s)
Nb errors removed: 18 (0s)
Superbubble
Nb superbubble removed: 0 0 (0s)
Tip
Nb Tip removed: 0 (0s)
Nb errors removed: 15 (0s)
Superbubble
Nb superbubble removed: 0 0 (0s)
Tip
Nb Tip removed: 0 (0s)
Nb errors removed: 20 (0s)
Superbubble
Nb superbubble removed: 0 0 (0s)
Tip
Nb Tip removed: 0 (0s)
Nb errors removed: 9 (0s)
Superbubble
Nb superbubble removed: 0 0 (0s)
Tip
Nb Tip removed: 0 (0s)
Nb errors removed: 12 (0s)
Superbubble
Nb superbubble removed: 0 0 (0s)
Tip
Nb Tip removed: 0 (0s)
Nb errors removed: 11 (0s)
Superbubble
Nb superbubble removed: 0 0 (0s)
Tip
Nb Tip removed: 0 (0s)
Nb errors removed: 16 (0s)
Superbubble
Nb superbubble removed: 0 0 (0s)
Tip
Nb Tip removed: 0 (0s)
Nb errors removed: 9 (0s)
Superbubble
Nb superbubble removed: 0 0 (0s)
Tip
Nb Tip removed: 0 (0s)
Nb errors removed: 5 (0s)
Superbubble
Nb superbubble removed: 0 0 (0s)
Tip
Nb Tip removed: 0 (0s)
Nb errors removed: 1 (0s)
Superbubble
Nb superbubble removed: 0 0 (0s)
Tip
Nb Tip removed: 0 (0s)
Nb errors removed: 1 (0s)
Superbubble
Nb superbubble removed: 0 0 (0s)
Tip
Nb Tip removed: 0 (0s)
Nb errors removed: 3 (0s)
Superbubble
Nb superbubble removed: 0 0 (0s)
Tip
Nb Tip removed: 0 (0s)
Nb errors removed: 5 (0s)
Superbubble
Nb superbubble removed: 0 0 (0s)
Tip
Nb Tip removed: 0 (0s)
Nb errors removed: 1 (0s)
Superbubble
Nb superbubble removed: 0 0 (0s)
Tip
Nb Tip removed: 0 (0s)
Checksum: 0
Checksum abundnace: 0
Generating contigs
45.2593
28.1025
21.1138
17.4494
15.8631
14.421
13.11
11.9182
10.8347
9.84974
8.14028
7.40025
6.11591
5.05447
4.17725
3.13843
2.14359
0


metaMDBG toMinspace  /var/folders/zg/vq0dnx517c54hg87dyqjky740000gn/T/.tmpwTqywI/tmp/ /var/folders/zg/vq0dnx517c54hg87dyqjky740000gn/T/.tmpwTqywI/tmp//contigs.nodepath /var/folders/zg/vq0dnx517c54hg87dyqjky740000gn/T/.tmpwTqywI/tmp//unitig_data.txt --threads 10

Input dir: /var/folders/zg/vq0dnx517c54hg87dyqjky740000gn/T/.tmpwTqywI/tmp/
Minimizer length: 15
Kminmer length: 157
Density: 0.005

Loading unitig sequences

Creating mContigs

Contig filename: /var/folders/zg/vq0dnx517c54hg87dyqjky740000gn/T/.tmpwTqywI/tmp//unitig_data.txt
pass done: 157
Multi-k pass: 158/209


metaMDBG graph /var/folders/zg/vq0dnx517c54hg87dyqjky740000gn/T/.tmpwTqywI/tmp/ --threads 10 --corrected-read 

Contig filename: 
Output dir: /var/folders/zg/vq0dnx517c54hg87dyqjky740000gn/T/.tmpwTqywI/tmp/
Minimizer length: 15
Kminmer length: 158
Density: 0.005
Min abundance: 0

Loading refined abundances
	Duration: 0
Collecting kminmers
Building mdbg
Duration: 0
Nb solid kminmers: 29936
Nb small contigs written: 0
Dump kminmer abundances
	Duration: 0
Indexing edges
Edge index size: 30059
Edge index elements: 56773
	Duration: 0
Compute unitig nodes
	Duration: 0
Index unitig edges
	Duration: 0
Compute unitig edges
	Duration: 0
Dump unitig abundances
	Duration: 0
Nb edges:   0


metaMDBG contig  /var/folders/zg/vq0dnx517c54hg87dyqjky740000gn/T/.tmpwTqywI/tmp/ --threads 10

Input dir: /var/folders/zg/vq0dnx517c54hg87dyqjky740000gn/T/.tmpwTqywI/tmp/
Minimizer length: 15
Kminmer length: 158
Density: 0.005

Loading unitig graph
Load unitigs
Nb unitigs: 393
Nb minimizers: 91637
Add unitig abundances
Sorting abundances
Add unitig edges
Nb unitig edges: 540
Sorting unitig edges
Done loading unitig graph
Simplifying
Max abundance: 43
Nb unitigs: 393
Superbubble
Nb superbubble removed: 0 0 (0s)
Tip
Nb Tip removed: 99 (0s)
Superbubble
Nb superbubble removed: 0 0 (0s)
Tip
Nb Tip removed: 0 (0s)
Nb errors removed: 72 (0s)
Superbubble
Nb superbubble removed: 0 0 (0s)
Tip
Nb Tip removed: 0 (0s)
Nb errors removed: 40 (0s)
Superbubble
Nb superbubble removed: 0 0 (0s)
Tip
Nb Tip removed: 0 (0s)
Nb errors removed: 27 (0s)
Superbubble
Nb superbubble removed: 0 0 (0s)
Tip
Nb Tip removed: 0 (0s)
Nb errors removed: 18 (0s)
Superbubble
Nb superbubble removed: 0 0 (0s)
Tip
Nb Tip removed: 0 (0s)
Nb errors removed: 15 (0s)
Superbubble
Nb superbubble removed: 0 0 (0s)
Tip
Nb Tip removed: 0 (0s)
Nb errors removed: 20 (0s)
Superbubble
Nb superbubble removed: 0 0 (0s)
Tip
Nb Tip removed: 0 (0s)
Nb errors removed: 9 (0s)
Superbubble
Nb superbubble removed: 0 0 (0s)
Tip
Nb Tip removed: 0 (0s)
Nb errors removed: 12 (0s)
Superbubble
Nb superbubble removed: 0 0 (0s)
Tip
Nb Tip removed: 0 (0s)
Nb errors removed: 11 (0s)
Superbubble
Nb superbubble removed: 0 0 (0s)
Tip
Nb Tip removed: 0 (0s)
Nb errors removed: 16 (0s)
Superbubble
Nb superbubble removed: 0 0 (0s)
Tip
Nb Tip removed: 0 (0s)
Nb errors removed: 9 (0s)
Superbubble
Nb superbubble removed: 0 0 (0s)
Tip
Nb Tip removed: 0 (0s)
Nb errors removed: 5 (0s)
Superbubble
Nb superbubble removed: 0 0 (0s)
Tip
Nb Tip removed: 0 (0s)
Nb errors removed: 1 (0s)
Superbubble
Nb superbubble removed: 0 0 (0s)
Tip
Nb Tip removed: 0 (0s)
Nb errors removed: 1 (0s)
Superbubble
Nb superbubble removed: 0 0 (0s)
Tip
Nb Tip removed: 0 (0s)
Nb errors removed: 3 (0s)
Superbubble
Nb superbubble removed: 0 0 (0s)
Tip
Nb Tip removed: 0 (0s)
Nb errors removed: 5 (0s)
Superbubble
Nb superbubble removed: 0 0 (0s)
Tip
Nb Tip removed: 0 (0s)
Nb errors removed: 1 (0s)
Superbubble
Nb superbubble removed: 0 0 (0s)
Tip
Nb Tip removed: 0 (0s)
Checksum: 0
Checksum abundnace: 0
Generating contigs
45.2593
28.1025
21.1138
17.4494
15.8631
14.421
13.11
11.9182
10.8347
9.84974
8.14028
7.40025
6.11591
5.05447
4.17725
3.13843
2.14359
0


metaMDBG toMinspace  /var/folders/zg/vq0dnx517c54hg87dyqjky740000gn/T/.tmpwTqywI/tmp/ /var/folders/zg/vq0dnx517c54hg87dyqjky740000gn/T/.tmpwTqywI/tmp//contigs.nodepath /var/folders/zg/vq0dnx517c54hg87dyqjky740000gn/T/.tmpwTqywI/tmp//unitig_data.txt --threads 10

Input dir: /var/folders/zg/vq0dnx517c54hg87dyqjky740000gn/T/.tmpwTqywI/tmp/
Minimizer length: 15
Kminmer length: 158
Density: 0.005

Loading unitig sequences

Creating mContigs

Contig filename: /var/folders/zg/vq0dnx517c54hg87dyqjky740000gn/T/.tmpwTqywI/tmp//unitig_data.txt
pass done: 158
Multi-k pass: 159/209


metaMDBG graph /var/folders/zg/vq0dnx517c54hg87dyqjky740000gn/T/.tmpwTqywI/tmp/ --threads 10 --corrected-read 

Contig filename: 
Output dir: /var/folders/zg/vq0dnx517c54hg87dyqjky740000gn/T/.tmpwTqywI/tmp/
Minimizer length: 15
Kminmer length: 159
Density: 0.005
Min abundance: 0

Loading refined abundances
	Duration: 0
Collecting kminmers
Building mdbg
Duration: 0
Nb solid kminmers: 29809
Nb small contigs written: 0
Dump kminmer abundances
	Duration: 0
Indexing edges
Edge index size: 29932
Edge index elements: 56422
	Duration: 0
Compute unitig nodes
	Duration: 0
Index unitig edges
	Duration: 0
Compute unitig edges
	Duration: 0
Dump unitig abundances
	Duration: 0
Nb edges:   0


metaMDBG contig  /var/folders/zg/vq0dnx517c54hg87dyqjky740000gn/T/.tmpwTqywI/tmp/ --threads 10

Input dir: /var/folders/zg/vq0dnx517c54hg87dyqjky740000gn/T/.tmpwTqywI/tmp/
Minimizer length: 15
Kminmer length: 159
Density: 0.005

Loading unitig graph
Load unitigs
Nb unitigs: 385
Nb minimizers: 90639
Add unitig abundances
Sorting abundances
Add unitig edges
Nb unitig edges: 524
Sorting unitig edges
Done loading unitig graph
Simplifying
Max abundance: 43
Nb unitigs: 385
Superbubble
Nb superbubble removed: 0 0 (0s)
Tip
Nb Tip removed: 96 (0s)
Superbubble
Nb superbubble removed: 0 0 (0s)
Tip
Nb Tip removed: 0 (0s)
Nb errors removed: 71 (0s)
Superbubble
Nb superbubble removed: 0 0 (0s)
Tip
Nb Tip removed: 0 (0s)
Nb errors removed: 40 (0s)
Superbubble
Nb superbubble removed: 0 0 (0s)
Tip
Nb Tip removed: 0 (0s)
Nb errors removed: 26 (0s)
Superbubble
Nb superbubble removed: 0 0 (0s)
Tip
Nb Tip removed: 0 (0s)
Nb errors removed: 17 (0s)
Superbubble
Nb superbubble removed: 0 0 (0s)
Tip
Nb Tip removed: 0 (0s)
Nb errors removed: 15 (0s)
Superbubble
Nb superbubble removed: 0 0 (0s)
Tip
Nb Tip removed: 0 (0s)
Nb errors removed: 20 (0s)
Superbubble
Nb superbubble removed: 0 0 (0s)
Tip
Nb Tip removed: 0 (0s)
Nb errors removed: 9 (0s)
Superbubble
Nb superbubble removed: 0 0 (0s)
Tip
Nb Tip removed: 0 (0s)
Nb errors removed: 12 (0s)
Superbubble
Nb superbubble removed: 0 0 (0s)
Tip
Nb Tip removed: 0 (0s)
Nb errors removed: 11 (0s)
Superbubble
Nb superbubble removed: 0 0 (0s)
Tip
Nb Tip removed: 0 (0s)
Nb errors removed: 15 (0s)
Superbubble
Nb superbubble removed: 0 0 (0s)
Tip
Nb Tip removed: 0 (0s)
Nb errors removed: 9 (0s)
Superbubble
Nb superbubble removed: 0 0 (0s)
Tip
Nb Tip removed: 0 (0s)
Nb errors removed: 5 (0s)
Superbubble
Nb superbubble removed: 0 0 (0s)
Tip
Nb Tip removed: 0 (0s)
Nb errors removed: 1 (0s)
Superbubble
Nb superbubble removed: 0 0 (0s)
Tip
Nb Tip removed: 0 (0s)
Nb errors removed: 1 (0s)
Superbubble
Nb superbubble removed: 0 0 (0s)
Tip
Nb Tip removed: 0 (0s)
Nb errors removed: 3 (0s)
Superbubble
Nb superbubble removed: 0 0 (0s)
Tip
Nb Tip removed: 0 (0s)
Nb errors removed: 5 (0s)
Superbubble
Nb superbubble removed: 0 0 (0s)
Tip
Nb Tip removed: 0 (0s)
Nb errors removed: 1 (0s)
Superbubble
Nb superbubble removed: 0 0 (0s)
Tip
Nb Tip removed: 0 (0s)
Checksum: 0
Checksum abundnace: 0
Generating contigs
45.2593
28.1025
21.1138
17.4494
15.8631
14.421
13.11
11.9182
10.8347
9.84974
8.14028
7.40025
6.11591
5.05447
4.17725
3.13843
2.14359
0


metaMDBG toMinspace  /var/folders/zg/vq0dnx517c54hg87dyqjky740000gn/T/.tmpwTqywI/tmp/ /var/folders/zg/vq0dnx517c54hg87dyqjky740000gn/T/.tmpwTqywI/tmp//contigs.nodepath /var/folders/zg/vq0dnx517c54hg87dyqjky740000gn/T/.tmpwTqywI/tmp//unitig_data.txt --threads 10

Input dir: /var/folders/zg/vq0dnx517c54hg87dyqjky740000gn/T/.tmpwTqywI/tmp/
Minimizer length: 15
Kminmer length: 159
Density: 0.005

Loading unitig sequences

Creating mContigs

Contig filename: /var/folders/zg/vq0dnx517c54hg87dyqjky740000gn/T/.tmpwTqywI/tmp//unitig_data.txt
pass done: 159
Multi-k pass: 160/209


metaMDBG graph /var/folders/zg/vq0dnx517c54hg87dyqjky740000gn/T/.tmpwTqywI/tmp/ --threads 10 --corrected-read 

Contig filename: 
Output dir: /var/folders/zg/vq0dnx517c54hg87dyqjky740000gn/T/.tmpwTqywI/tmp/
Minimizer length: 15
Kminmer length: 160
Density: 0.005
Min abundance: 0

Loading refined abundances
	Duration: 0
Collecting kminmers
Building mdbg
Duration: 0
Nb solid kminmers: 29682
Nb small contigs written: 0
Dump kminmer abundances
	Duration: 0
Indexing edges
Edge index size: 29807
Edge index elements: 56225
	Duration: 0
Compute unitig nodes
	Duration: 0
Index unitig edges
	Duration: 0
Compute unitig edges
	Duration: 0
Dump unitig abundances
	Duration: 0
Nb edges:   0


metaMDBG contig  /var/folders/zg/vq0dnx517c54hg87dyqjky740000gn/T/.tmpwTqywI/tmp/ --threads 10

Input dir: /var/folders/zg/vq0dnx517c54hg87dyqjky740000gn/T/.tmpwTqywI/tmp/
Minimizer length: 15
Kminmer length: 160
Density: 0.005

Loading unitig graph
Load unitigs
Nb unitigs: 378
Nb minimizers: 89784
Add unitig abundances
Sorting abundances
Add unitig edges
Nb unitig edges: 508
Sorting unitig edges
Done loading unitig graph
Simplifying
Max abundance: 43
Nb unitigs: 378
Superbubble
Nb superbubble removed: 0 0 (0s)
Tip
Nb Tip removed: 91 (0s)
Superbubble
Nb superbubble removed: 0 0 (0s)
Tip
Nb Tip removed: 0 (0s)
Nb errors removed: 71 (0s)
Superbubble
Nb superbubble removed: 0 0 (0s)
Tip
Nb Tip removed: 0 (0s)
Nb errors removed: 39 (0s)
Superbubble
Nb superbubble removed: 0 0 (0s)
Tip
Nb Tip removed: 0 (0s)
Nb errors removed: 25 (0s)
Superbubble
Nb superbubble removed: 0 0 (0s)
Tip
Nb Tip removed: 0 (0s)
Nb errors removed: 17 (0s)
Superbubble
Nb superbubble removed: 0 0 (0s)
Tip
Nb Tip removed: 0 (0s)
Nb errors removed: 15 (0s)
Superbubble
Nb superbubble removed: 0 0 (0s)
Tip
Nb Tip removed: 0 (0s)
Nb errors removed: 20 (0s)
Superbubble
Nb superbubble removed: 0 0 (0s)
Tip
Nb Tip removed: 0 (0s)
Nb errors removed: 9 (0s)
Superbubble
Nb superbubble removed: 0 0 (0s)
Tip
Nb Tip removed: 0 (0s)
Nb errors removed: 12 (0s)
Superbubble
Nb superbubble removed: 0 0 (0s)
Tip
Nb Tip removed: 0 (0s)
Nb errors removed: 11 (0s)
Superbubble
Nb superbubble removed: 0 0 (0s)
Tip
Nb Tip removed: 0 (0s)
Nb errors removed: 15 (0s)
Superbubble
Nb superbubble removed: 0 0 (0s)
Tip
Nb Tip removed: 0 (0s)
Nb errors removed: 9 (0s)
Superbubble
Nb superbubble removed: 0 0 (0s)
Tip
Nb Tip removed: 0 (0s)
Nb errors removed: 5 (0s)
Superbubble
Nb superbubble removed: 0 0 (0s)
Tip
Nb Tip removed: 0 (0s)
Nb errors removed: 1 (0s)
Superbubble
Nb superbubble removed: 0 0 (0s)
Tip
Nb Tip removed: 0 (0s)
Nb errors removed: 1 (0s)
Superbubble
Nb superbubble removed: 0 0 (0s)
Tip
Nb Tip removed: 0 (0s)
Nb errors removed: 3 (0s)
Superbubble
Nb superbubble removed: 0 0 (0s)
Tip
Nb Tip removed: 0 (0s)
Nb errors removed: 5 (0s)
Superbubble
Nb superbubble removed: 0 0 (0s)
Tip
Nb Tip removed: 0 (0s)
Nb errors removed: 1 (0s)
Superbubble
Nb superbubble removed: 0 0 (0s)
Tip
Nb Tip removed: 0 (0s)
Checksum: 0
Checksum abundnace: 0
Generating contigs
45.2593
28.1025
21.1138
17.4494
15.8631
14.421
13.11
11.9182
10.8347
9.84974
8.14028
7.40025
6.11591
5.05447
4.17725
3.13843
2.14359
0


metaMDBG toMinspace  /var/folders/zg/vq0dnx517c54hg87dyqjky740000gn/T/.tmpwTqywI/tmp/ /var/folders/zg/vq0dnx517c54hg87dyqjky740000gn/T/.tmpwTqywI/tmp//contigs.nodepath /var/folders/zg/vq0dnx517c54hg87dyqjky740000gn/T/.tmpwTqywI/tmp//unitig_data.txt --threads 10

Input dir: /var/folders/zg/vq0dnx517c54hg87dyqjky740000gn/T/.tmpwTqywI/tmp/
Minimizer length: 15
Kminmer length: 160
Density: 0.005

Loading unitig sequences

Creating mContigs

Contig filename: /var/folders/zg/vq0dnx517c54hg87dyqjky740000gn/T/.tmpwTqywI/tmp//unitig_data.txt
pass done: 160
Multi-k pass: 161/209


metaMDBG graph /var/folders/zg/vq0dnx517c54hg87dyqjky740000gn/T/.tmpwTqywI/tmp/ --threads 10 --corrected-read 

Contig filename: 
Output dir: /var/folders/zg/vq0dnx517c54hg87dyqjky740000gn/T/.tmpwTqywI/tmp/
Minimizer length: 15
Kminmer length: 161
Density: 0.005
Min abundance: 0

Loading refined abundances
	Duration: 0
Collecting kminmers
Building mdbg
Duration: 0
Nb solid kminmers: 29552
Nb small contigs written: 0
Dump kminmer abundances
	Duration: 0
Indexing edges
Edge index size: 29680
Edge index elements: 55907
	Duration: 0
Compute unitig nodes
	Duration: 0
Index unitig edges
	Duration: 0
Compute unitig edges
	Duration: 0
Dump unitig abundances
	Duration: 0
Nb edges:   0


metaMDBG contig  /var/folders/zg/vq0dnx517c54hg87dyqjky740000gn/T/.tmpwTqywI/tmp/ --threads 10 --gen-graph 

Input dir: /var/folders/zg/vq0dnx517c54hg87dyqjky740000gn/T/.tmpwTqywI/tmp/
Minimizer length: 15
Kminmer length: 161
Density: 0.005

Loading unitig graph
Load unitigs
Nb unitigs: 370
Nb minimizers: 88752
Add unitig abundances
Sorting abundances
Add unitig edges
Nb unitig edges: 484
Sorting unitig edges
Done loading unitig graph
Simplifying
Max abundance: 43
Nb unitigs: 370
Superbubble
Nb superbubble removed: 0 0 (0s)
Tip
Nb Tip removed: 85 (0s)
Superbubble
Nb superbubble removed: 0 0 (0s)
Tip
Nb Tip removed: 0 (0s)
Saving unitig graph: /var/folders/zg/vq0dnx517c54hg87dyqjky740000gn/T/.tmpwTqywI/tmp//assembly_graph.gfa
Nb errors removed: 69 (0s)
Superbubble
Nb superbubble removed: 0 0 (0s)
Tip
Nb Tip removed: 0 (0s)
Nb errors removed: 38 (0s)
Superbubble
Nb superbubble removed: 0 0 (0s)
Tip
Nb Tip removed: 0 (0s)
Nb errors removed: 25 (0s)
Superbubble
Nb superbubble removed: 0 0 (0s)
Tip
Nb Tip removed: 0 (0s)
Nb errors removed: 17 (0s)
Superbubble
Nb superbubble removed: 0 0 (0s)
Tip
Nb Tip removed: 0 (0s)
Nb errors removed: 15 (0s)
Superbubble
Nb superbubble removed: 0 0 (0s)
Tip
Nb Tip removed: 0 (0s)
Nb errors removed: 20 (0s)
Superbubble
Nb superbubble removed: 0 0 (0s)
Tip
Nb Tip removed: 0 (0s)
Nb errors removed: 8 (0s)
Superbubble
Nb superbubble removed: 0 0 (0s)
Tip
Nb Tip removed: 0 (0s)
Nb errors removed: 12 (0s)
Superbubble
Nb superbubble removed: 0 0 (0s)
Tip
Nb Tip removed: 0 (0s)
Nb errors removed: 11 (0s)
Superbubble
Nb superbubble removed: 0 0 (0s)
Tip
Nb Tip removed: 0 (0s)
Nb errors removed: 15 (0s)
Superbubble
Nb superbubble removed: 0 0 (0s)
Tip
Nb Tip removed: 0 (0s)
Nb errors removed: 9 (0s)
Superbubble
Nb superbubble removed: 0 0 (0s)
Tip
Nb Tip removed: 0 (0s)
Nb errors removed: 5 (0s)
Superbubble
Nb superbubble removed: 0 0 (0s)
Tip
Nb Tip removed: 0 (0s)
Nb errors removed: 1 (0s)
Superbubble
Nb superbubble removed: 0 0 (0s)
Tip
Nb Tip removed: 0 (0s)
Nb errors removed: 1 (0s)
Superbubble
Nb superbubble removed: 0 0 (0s)
Tip
Nb Tip removed: 0 (0s)
Nb errors removed: 3 (0s)
Superbubble
Nb superbubble removed: 0 0 (0s)
Tip
Nb Tip removed: 0 (0s)
Nb errors removed: 5 (0s)
Superbubble
Nb superbubble removed: 0 0 (0s)
Tip
Nb Tip removed: 0 (0s)
Nb errors removed: 1 (0s)
Superbubble
Nb superbubble removed: 0 0 (0s)
Tip
Nb Tip removed: 0 (0s)
Checksum: 0
Checksum abundnace: 0
Generating contigs
45.2593
28.1025
21.1138
17.4494
15.8631
14.421
13.11
11.9182
10.8347
9.84974
8.14028
7.40025
6.11591
5.05447
4.17725
3.13843
2.14359
0


metaMDBG toMinspace  /var/folders/zg/vq0dnx517c54hg87dyqjky740000gn/T/.tmpwTqywI/tmp/ /var/folders/zg/vq0dnx517c54hg87dyqjky740000gn/T/.tmpwTqywI/tmp//contigs.nodepath /var/folders/zg/vq0dnx517c54hg87dyqjky740000gn/T/.tmpwTqywI/tmp//unitig_data.txt --threads 10

Input dir: /var/folders/zg/vq0dnx517c54hg87dyqjky740000gn/T/.tmpwTqywI/tmp/
Minimizer length: 15
Kminmer length: 161
Density: 0.005

Loading unitig sequences

Creating mContigs

Contig filename: /var/folders/zg/vq0dnx517c54hg87dyqjky740000gn/T/.tmpwTqywI/tmp//unitig_data.txt


metaMDBG toMinspace  /var/folders/zg/vq0dnx517c54hg87dyqjky740000gn/T/.tmpwTqywI/tmp/ /var/folders/zg/vq0dnx517c54hg87dyqjky740000gn/T/.tmpwTqywI/tmp//assembly_graph.gfa.unitigs.nodepath /var/folders/zg/vq0dnx517c54hg87dyqjky740000gn/T/.tmpwTqywI/tmp//assembly_graph.gfa.unitigs --threads 10

Input dir: /var/folders/zg/vq0dnx517c54hg87dyqjky740000gn/T/.tmpwTqywI/tmp/
Minimizer length: 15
Kminmer length: 161
Density: 0.005

Loading unitig sequences

Creating mContigs

Contig filename: /var/folders/zg/vq0dnx517c54hg87dyqjky740000gn/T/.tmpwTqywI/tmp//assembly_graph.gfa.unitigs
pass done: 161
Multi-k pass: 162/209


metaMDBG graph /var/folders/zg/vq0dnx517c54hg87dyqjky740000gn/T/.tmpwTqywI/tmp/ --threads 10 --corrected-read 

Contig filename: 
Output dir: /var/folders/zg/vq0dnx517c54hg87dyqjky740000gn/T/.tmpwTqywI/tmp/
Minimizer length: 15
Kminmer length: 162
Density: 0.005
Min abundance: 0

Loading refined abundances
	Duration: 0
Collecting kminmers
Building mdbg
Duration: 0
Nb solid kminmers: 29423
Nb small contigs written: 0
Dump kminmer abundances
	Duration: 0
Indexing edges
Edge index size: 29552
Edge index elements: 55517
	Duration: 0
Compute unitig nodes
	Duration: 0
Index unitig edges
	Duration: 0
Compute unitig edges
	Duration: 0
Dump unitig abundances
	Duration: 0
Nb edges:   0


metaMDBG contig  /var/folders/zg/vq0dnx517c54hg87dyqjky740000gn/T/.tmpwTqywI/tmp/ --threads 10

Input dir: /var/folders/zg/vq0dnx517c54hg87dyqjky740000gn/T/.tmpwTqywI/tmp/
Minimizer length: 15
Kminmer length: 162
Density: 0.005

Loading unitig graph
Load unitigs
Nb unitigs: 369
Nb minimizers: 88832
Add unitig abundances
Sorting abundances
Add unitig edges
Nb unitig edges: 480
Sorting unitig edges
Done loading unitig graph
Simplifying
Max abundance: 43
Nb unitigs: 369
Superbubble
Nb superbubble removed: 0 0 (0s)
Tip
Nb Tip removed: 82 (0s)
Superbubble
Nb superbubble removed: 0 0 (0s)
Tip
Nb Tip removed: 0 (0s)
Nb errors removed: 69 (0s)
Superbubble
Nb superbubble removed: 0 0 (0s)
Tip
Nb Tip removed: 0 (0s)
Nb errors removed: 38 (0s)
Superbubble
Nb superbubble removed: 0 0 (0s)
Tip
Nb Tip removed: 0 (0s)
Nb errors removed: 25 (0s)
Superbubble
Nb superbubble removed: 0 0 (0s)
Tip
Nb Tip removed: 0 (0s)
Nb errors removed: 17 (0s)
Superbubble
Nb superbubble removed: 0 0 (0s)
Tip
Nb Tip removed: 0 (0s)
Nb errors removed: 15 (0s)
Superbubble
Nb superbubble removed: 0 0 (0s)
Tip
Nb Tip removed: 0 (0s)
Nb errors removed: 20 (0s)
Superbubble
Nb superbubble removed: 0 0 (0s)
Tip
Nb Tip removed: 0 (0s)
Nb errors removed: 8 (0s)
Superbubble
Nb superbubble removed: 0 0 (0s)
Tip
Nb Tip removed: 0 (0s)
Nb errors removed: 12 (0s)
Superbubble
Nb superbubble removed: 0 0 (0s)
Tip
Nb Tip removed: 0 (0s)
Nb errors removed: 11 (0s)
Superbubble
Nb superbubble removed: 0 0 (0s)
Tip
Nb Tip removed: 0 (0s)
Nb errors removed: 15 (0s)
Superbubble
Nb superbubble removed: 0 0 (0s)
Tip
Nb Tip removed: 0 (0s)
Nb errors removed: 9 (0s)
Superbubble
Nb superbubble removed: 0 0 (0s)
Tip
Nb Tip removed: 0 (0s)
Nb errors removed: 5 (0s)
Superbubble
Nb superbubble removed: 0 0 (0s)
Tip
Nb Tip removed: 0 (0s)
Nb errors removed: 1 (0s)
Superbubble
Nb superbubble removed: 0 0 (0s)
Tip
Nb Tip removed: 0 (0s)
Nb errors removed: 1 (0s)
Superbubble
Nb superbubble removed: 0 0 (0s)
Tip
Nb Tip removed: 0 (0s)
Nb errors removed: 3 (0s)
Superbubble
Nb superbubble removed: 0 0 (0s)
Tip
Nb Tip removed: 0 (0s)
Nb errors removed: 5 (0s)
Superbubble
Nb superbubble removed: 0 0 (0s)
Tip
Nb Tip removed: 0 (0s)
Nb errors removed: 1 (0s)
Superbubble
Nb superbubble removed: 0 0 (0s)
Tip
Nb Tip removed: 0 (0s)
Checksum: 0
Checksum abundnace: 0
Generating contigs
45.2593
28.1025
21.1138
17.4494
15.8631
14.421
13.11
11.9182
10.8347
9.84974
8.14028
7.40025
6.11591
5.05447
4.17725
3.13843
2.14359
0


metaMDBG toMinspace  /var/folders/zg/vq0dnx517c54hg87dyqjky740000gn/T/.tmpwTqywI/tmp/ /var/folders/zg/vq0dnx517c54hg87dyqjky740000gn/T/.tmpwTqywI/tmp//contigs.nodepath /var/folders/zg/vq0dnx517c54hg87dyqjky740000gn/T/.tmpwTqywI/tmp//unitig_data.txt --threads 10

Input dir: /var/folders/zg/vq0dnx517c54hg87dyqjky740000gn/T/.tmpwTqywI/tmp/
Minimizer length: 15
Kminmer length: 162
Density: 0.005

Loading unitig sequences

Creating mContigs

Contig filename: /var/folders/zg/vq0dnx517c54hg87dyqjky740000gn/T/.tmpwTqywI/tmp//unitig_data.txt
pass done: 162
Multi-k pass: 163/209


metaMDBG graph /var/folders/zg/vq0dnx517c54hg87dyqjky740000gn/T/.tmpwTqywI/tmp/ --threads 10 --corrected-read 

Contig filename: 
Output dir: /var/folders/zg/vq0dnx517c54hg87dyqjky740000gn/T/.tmpwTqywI/tmp/
Minimizer length: 15
Kminmer length: 163
Density: 0.005
Min abundance: 0

Loading refined abundances
	Duration: 0
Collecting kminmers
Building mdbg
Duration: 0
Nb solid kminmers: 29294
Nb small contigs written: 0
Dump kminmer abundances
	Duration: 0
Indexing edges
Edge index size: 29422
Edge index elements: 55408
	Duration: 0
Compute unitig nodes
	Duration: 0
Index unitig edges
	Duration: 0
Compute unitig edges
	Duration: 0
Dump unitig abundances
	Duration: 0
Nb edges:   0


metaMDBG contig  /var/folders/zg/vq0dnx517c54hg87dyqjky740000gn/T/.tmpwTqywI/tmp/ --threads 10

Input dir: /var/folders/zg/vq0dnx517c54hg87dyqjky740000gn/T/.tmpwTqywI/tmp/
Minimizer length: 15
Kminmer length: 163
Density: 0.005

Loading unitig graph
Load unitigs
Nb unitigs: 368
Nb minimizers: 88910
Add unitig abundances
Sorting abundances
Add unitig edges
Nb unitig edges: 480
Sorting unitig edges
Done loading unitig graph
Simplifying
Max abundance: 43
Nb unitigs: 368
Superbubble
Nb superbubble removed: 0 0 (0s)
Tip
Nb Tip removed: 82 (0s)
Superbubble
Nb superbubble removed: 0 0 (0s)
Tip
Nb Tip removed: 0 (0s)
Nb errors removed: 68 (0s)
Superbubble
Nb superbubble removed: 0 0 (0s)
Tip
Nb Tip removed: 0 (0s)
Nb errors removed: 38 (0s)
Superbubble
Nb superbubble removed: 0 0 (0s)
Tip
Nb Tip removed: 0 (0s)
Nb errors removed: 25 (0s)
Superbubble
Nb superbubble removed: 0 0 (0s)
Tip
Nb Tip removed: 0 (0s)
Nb errors removed: 17 (0s)
Superbubble
Nb superbubble removed: 0 0 (0s)
Tip
Nb Tip removed: 0 (0s)
Nb errors removed: 15 (0s)
Superbubble
Nb superbubble removed: 0 0 (0s)
Tip
Nb Tip removed: 0 (0s)
Nb errors removed: 20 (0s)
Superbubble
Nb superbubble removed: 0 0 (0s)
Tip
Nb Tip removed: 0 (0s)
Nb errors removed: 8 (0s)
Superbubble
Nb superbubble removed: 0 0 (0s)
Tip
Nb Tip removed: 0 (0s)
Nb errors removed: 12 (0s)
Superbubble
Nb superbubble removed: 0 0 (0s)
Tip
Nb Tip removed: 0 (0s)
Nb errors removed: 11 (0s)
Superbubble
Nb superbubble removed: 0 0 (0s)
Tip
Nb Tip removed: 0 (0s)
Nb errors removed: 15 (0s)
Superbubble
Nb superbubble removed: 0 0 (0s)
Tip
Nb Tip removed: 0 (0s)
Nb errors removed: 9 (0s)
Superbubble
Nb superbubble removed: 0 0 (0s)
Tip
Nb Tip removed: 0 (0s)
Nb errors removed: 5 (0s)
Superbubble
Nb superbubble removed: 0 0 (0s)
Tip
Nb Tip removed: 0 (0s)
Nb errors removed: 1 (0s)
Superbubble
Nb superbubble removed: 0 0 (0s)
Tip
Nb Tip removed: 0 (0s)
Nb errors removed: 1 (0s)
Superbubble
Nb superbubble removed: 0 0 (0s)
Tip
Nb Tip removed: 0 (0s)
Nb errors removed: 3 (0s)
Superbubble
Nb superbubble removed: 0 0 (0s)
Tip
Nb Tip removed: 0 (0s)
Nb errors removed: 5 (0s)
Superbubble
Nb superbubble removed: 0 0 (0s)
Tip
Nb Tip removed: 0 (0s)
Nb errors removed: 1 (0s)
Superbubble
Nb superbubble removed: 0 0 (0s)
Tip
Nb Tip removed: 0 (0s)
Checksum: 0
Checksum abundnace: 0
Generating contigs
45.2593
28.1025
21.1138
17.4494
15.8631
14.421
13.11
11.9182
10.8347
9.84974
8.14028
7.40025
6.11591
5.05447
4.17725
3.13843
2.14359
0


metaMDBG toMinspace  /var/folders/zg/vq0dnx517c54hg87dyqjky740000gn/T/.tmpwTqywI/tmp/ /var/folders/zg/vq0dnx517c54hg87dyqjky740000gn/T/.tmpwTqywI/tmp//contigs.nodepath /var/folders/zg/vq0dnx517c54hg87dyqjky740000gn/T/.tmpwTqywI/tmp//unitig_data.txt --threads 10

Input dir: /var/folders/zg/vq0dnx517c54hg87dyqjky740000gn/T/.tmpwTqywI/tmp/
Minimizer length: 15
Kminmer length: 163
Density: 0.005

Loading unitig sequences

Creating mContigs

Contig filename: /var/folders/zg/vq0dnx517c54hg87dyqjky740000gn/T/.tmpwTqywI/tmp//unitig_data.txt
pass done: 163
Multi-k pass: 164/209


metaMDBG graph /var/folders/zg/vq0dnx517c54hg87dyqjky740000gn/T/.tmpwTqywI/tmp/ --threads 10 --corrected-read 

Contig filename: 
Output dir: /var/folders/zg/vq0dnx517c54hg87dyqjky740000gn/T/.tmpwTqywI/tmp/
Minimizer length: 15
Kminmer length: 164
Density: 0.005
Min abundance: 0

Loading refined abundances
	Duration: 0
Collecting kminmers
Building mdbg
Duration: 0
Nb solid kminmers: 29165
Nb small contigs written: 0
Dump kminmer abundances
	Duration: 0
Indexing edges
Edge index size: 29290
Edge index elements: 54961
	Duration: 0
Compute unitig nodes
	Duration: 0
Index unitig edges
	Duration: 0
Compute unitig edges
	Duration: 0
Dump unitig abundances
	Duration: 0
Nb edges:   0


metaMDBG contig  /var/folders/zg/vq0dnx517c54hg87dyqjky740000gn/T/.tmpwTqywI/tmp/ --threads 10

Input dir: /var/folders/zg/vq0dnx517c54hg87dyqjky740000gn/T/.tmpwTqywI/tmp/
Minimizer length: 15
Kminmer length: 164
Density: 0.005

Loading unitig graph
Load unitigs
Nb unitigs: 362
Nb minimizers: 88171
Add unitig abundances
Sorting abundances
Add unitig edges
Nb unitig edges: 476
Sorting unitig edges
Done loading unitig graph
Simplifying
Max abundance: 43
Nb unitigs: 362
Superbubble
Nb superbubble removed: 0 0 (0s)
Tip
Nb Tip removed: 81 (0s)
Superbubble
Nb superbubble removed: 0 0 (0s)
Tip
Nb Tip removed: 0 (0s)
Nb errors removed: 67 (0s)
Superbubble
Nb superbubble removed: 0 0 (0s)
Tip
Nb Tip removed: 0 (0s)
Nb errors removed: 37 (0s)
Superbubble
Nb superbubble removed: 0 0 (0s)
Tip
Nb Tip removed: 0 (0s)
Nb errors removed: 25 (0s)
Superbubble
Nb superbubble removed: 0 0 (0s)
Tip
Nb Tip removed: 0 (0s)
Nb errors removed: 17 (0s)
Superbubble
Nb superbubble removed: 0 0 (0s)
Tip
Nb Tip removed: 0 (0s)
Nb errors removed: 15 (0s)
Superbubble
Nb superbubble removed: 0 0 (0s)
Tip
Nb Tip removed: 0 (0s)
Nb errors removed: 20 (0s)
Superbubble
Nb superbubble removed: 0 0 (0s)
Tip
Nb Tip removed: 0 (0s)
Nb errors removed: 8 (0s)
Superbubble
Nb superbubble removed: 0 0 (0s)
Tip
Nb Tip removed: 0 (0s)
Nb errors removed: 12 (0s)
Superbubble
Nb superbubble removed: 0 0 (0s)
Tip
Nb Tip removed: 0 (0s)
Nb errors removed: 11 (0s)
Superbubble
Nb superbubble removed: 0 0 (0s)
Tip
Nb Tip removed: 0 (0s)
Nb errors removed: 14 (0s)
Superbubble
Nb superbubble removed: 0 0 (0s)
Tip
Nb Tip removed: 0 (0s)
Nb errors removed: 8 (0s)
Superbubble
Nb superbubble removed: 0 0 (0s)
Tip
Nb Tip removed: 0 (0s)
Nb errors removed: 5 (0s)
Superbubble
Nb superbubble removed: 0 0 (0s)
Tip
Nb Tip removed: 0 (0s)
Nb errors removed: 1 (0s)
Superbubble
Nb superbubble removed: 0 0 (0s)
Tip
Nb Tip removed: 0 (0s)
Nb errors removed: 1 (0s)
Superbubble
Nb superbubble removed: 0 0 (0s)
Tip
Nb Tip removed: 0 (0s)
Nb errors removed: 3 (0s)
Superbubble
Nb superbubble removed: 0 0 (0s)
Tip
Nb Tip removed: 0 (0s)
Nb errors removed: 5 (0s)
Superbubble
Nb superbubble removed: 0 0 (0s)
Tip
Nb Tip removed: 0 (0s)
Nb errors removed: 1 (0s)
Superbubble
Nb superbubble removed: 0 0 (0s)
Tip
Nb Tip removed: 0 (0s)
Checksum: 0
Checksum abundnace: 0
Generating contigs
45.2593
28.1025
21.1138
17.4494
15.8631
14.421
13.11
11.9182
10.8347
9.84974
8.14028
7.40025
6.11591
5.05447
4.17725
3.13843
2.14359
0


metaMDBG toMinspace  /var/folders/zg/vq0dnx517c54hg87dyqjky740000gn/T/.tmpwTqywI/tmp/ /var/folders/zg/vq0dnx517c54hg87dyqjky740000gn/T/.tmpwTqywI/tmp//contigs.nodepath /var/folders/zg/vq0dnx517c54hg87dyqjky740000gn/T/.tmpwTqywI/tmp//unitig_data.txt --threads 10

Input dir: /var/folders/zg/vq0dnx517c54hg87dyqjky740000gn/T/.tmpwTqywI/tmp/
Minimizer length: 15
Kminmer length: 164
Density: 0.005

Loading unitig sequences

Creating mContigs

Contig filename: /var/folders/zg/vq0dnx517c54hg87dyqjky740000gn/T/.tmpwTqywI/tmp//unitig_data.txt
pass done: 164
Multi-k pass: 165/209


metaMDBG graph /var/folders/zg/vq0dnx517c54hg87dyqjky740000gn/T/.tmpwTqywI/tmp/ --threads 10 --corrected-read 

Contig filename: 
Output dir: /var/folders/zg/vq0dnx517c54hg87dyqjky740000gn/T/.tmpwTqywI/tmp/
Minimizer length: 15
Kminmer length: 165
Density: 0.005
Min abundance: 0

Loading refined abundances
	Duration: 0
Collecting kminmers
Building mdbg
Duration: 0
Nb solid kminmers: 29033
Nb small contigs written: 0
Dump kminmer abundances
	Duration: 0
Indexing edges
Edge index size: 29164
Edge index elements: 54665
	Duration: 0
Compute unitig nodes
	Duration: 0
Index unitig edges
	Duration: 0
Compute unitig edges
	Duration: 0
Dump unitig abundances
	Duration: 0
Nb edges:   0


metaMDBG contig  /var/folders/zg/vq0dnx517c54hg87dyqjky740000gn/T/.tmpwTqywI/tmp/ --threads 10

Input dir: /var/folders/zg/vq0dnx517c54hg87dyqjky740000gn/T/.tmpwTqywI/tmp/
Minimizer length: 15
Kminmer length: 165
Density: 0.005

Loading unitig graph
Load unitigs
Nb unitigs: 353
Nb minimizers: 86925
Add unitig abundances
Sorting abundances
Add unitig edges
Nb unitig edges: 444
Sorting unitig edges
Done loading unitig graph
Simplifying
Max abundance: 43
Nb unitigs: 353
Superbubble
Nb superbubble removed: 0 0 (0s)
Tip
Nb Tip removed: 76 (0s)
Superbubble
Nb superbubble removed: 0 0 (0s)
Tip
Nb Tip removed: 0 (0s)
Nb errors removed: 66 (0s)
Superbubble
Nb superbubble removed: 0 0 (0s)
Tip
Nb Tip removed: 0 (0s)
Nb errors removed: 37 (0s)
Superbubble
Nb superbubble removed: 0 0 (0s)
Tip
Nb Tip removed: 0 (0s)
Nb errors removed: 25 (0s)
Superbubble
Nb superbubble removed: 0 0 (0s)
Tip
Nb Tip removed: 0 (0s)
Nb errors removed: 16 (0s)
Superbubble
Nb superbubble removed: 0 0 (0s)
Tip
Nb Tip removed: 0 (0s)
Nb errors removed: 15 (0s)
Superbubble
Nb superbubble removed: 0 0 (0s)
Tip
Nb Tip removed: 0 (0s)
Nb errors removed: 20 (0s)
Superbubble
Nb superbubble removed: 0 0 (0s)
Tip
Nb Tip removed: 0 (0s)
Nb errors removed: 8 (0s)
Superbubble
Nb superbubble removed: 0 0 (0s)
Tip
Nb Tip removed: 0 (0s)
Nb errors removed: 12 (0s)
Superbubble
Nb superbubble removed: 0 0 (0s)
Tip
Nb Tip removed: 0 (0s)
Nb errors removed: 11 (0s)
Superbubble
Nb superbubble removed: 0 0 (0s)
Tip
Nb Tip removed: 0 (0s)
Nb errors removed: 14 (0s)
Superbubble
Nb superbubble removed: 0 0 (0s)
Tip
Nb Tip removed: 0 (0s)
Nb errors removed: 8 (0s)
Superbubble
Nb superbubble removed: 0 0 (0s)
Tip
Nb Tip removed: 0 (0s)
Nb errors removed: 5 (0s)
Superbubble
Nb superbubble removed: 0 0 (0s)
Tip
Nb Tip removed: 0 (0s)
Nb errors removed: 1 (0s)
Superbubble
Nb superbubble removed: 0 0 (0s)
Tip
Nb Tip removed: 0 (0s)
Nb errors removed: 1 (0s)
Superbubble
Nb superbubble removed: 0 0 (0s)
Tip
Nb Tip removed: 0 (0s)
Nb errors removed: 3 (0s)
Superbubble
Nb superbubble removed: 0 0 (0s)
Tip
Nb Tip removed: 0 (0s)
Nb errors removed: 5 (0s)
Superbubble
Nb superbubble removed: 0 0 (0s)
Tip
Nb Tip removed: 0 (0s)
Nb errors removed: 1 (0s)
Superbubble
Nb superbubble removed: 0 0 (0s)
Tip
Nb Tip removed: 0 (0s)
Checksum: 0
Checksum abundnace: 0
Generating contigs
45.2593
28.1025
21.1138
17.4494
15.8631
14.421
13.11
11.9182
10.8347
9.84974
8.14028
7.40025
6.11591
5.05447
4.17725
3.13843
2.14359
0


metaMDBG toMinspace  /var/folders/zg/vq0dnx517c54hg87dyqjky740000gn/T/.tmpwTqywI/tmp/ /var/folders/zg/vq0dnx517c54hg87dyqjky740000gn/T/.tmpwTqywI/tmp//contigs.nodepath /var/folders/zg/vq0dnx517c54hg87dyqjky740000gn/T/.tmpwTqywI/tmp//unitig_data.txt --threads 10

Input dir: /var/folders/zg/vq0dnx517c54hg87dyqjky740000gn/T/.tmpwTqywI/tmp/
Minimizer length: 15
Kminmer length: 165
Density: 0.005

Loading unitig sequences

Creating mContigs

Contig filename: /var/folders/zg/vq0dnx517c54hg87dyqjky740000gn/T/.tmpwTqywI/tmp//unitig_data.txt
pass done: 165
Multi-k pass: 166/209


metaMDBG graph /var/folders/zg/vq0dnx517c54hg87dyqjky740000gn/T/.tmpwTqywI/tmp/ --threads 10 --corrected-read 

Contig filename: 
Output dir: /var/folders/zg/vq0dnx517c54hg87dyqjky740000gn/T/.tmpwTqywI/tmp/
Minimizer length: 15
Kminmer length: 166
Density: 0.005
Min abundance: 0

Loading refined abundances
	Duration: 0
Collecting kminmers
Building mdbg
Duration: 0
Nb solid kminmers: 28901
Nb small contigs written: 0
Dump kminmer abundances
	Duration: 0
Indexing edges
Edge index size: 29033
Edge index elements: 54417
	Duration: 0
Compute unitig nodes
	Duration: 0
Index unitig edges
	Duration: 0
Compute unitig edges
	Duration: 0
Dump unitig abundances
	Duration: 0
Nb edges:   0


metaMDBG contig  /var/folders/zg/vq0dnx517c54hg87dyqjky740000gn/T/.tmpwTqywI/tmp/ --threads 10

Input dir: /var/folders/zg/vq0dnx517c54hg87dyqjky740000gn/T/.tmpwTqywI/tmp/
Minimizer length: 15
Kminmer length: 166
Density: 0.005

Loading unitig graph
Load unitigs
Nb unitigs: 352
Nb minimizers: 86981
Add unitig abundances
Sorting abundances
Add unitig edges
Nb unitig edges: 440
Sorting unitig edges
Done loading unitig graph
Simplifying
Max abundance: 43
Nb unitigs: 352
Superbubble
Nb superbubble removed: 0 0 (0s)
Tip
Nb Tip removed: 75 (0s)
Superbubble
Nb superbubble removed: 0 0 (0s)
Tip
Nb Tip removed: 0 (0s)
Nb errors removed: 66 (0s)
Superbubble
Nb superbubble removed: 0 0 (0s)
Tip
Nb Tip removed: 0 (0s)
Nb errors removed: 37 (0s)
Superbubble
Nb superbubble removed: 0 0 (0s)
Tip
Nb Tip removed: 0 (0s)
Nb errors removed: 25 (0s)
Superbubble
Nb superbubble removed: 0 0 (0s)
Tip
Nb Tip removed: 0 (0s)
Nb errors removed: 16 (0s)
Superbubble
Nb superbubble removed: 0 0 (0s)
Tip
Nb Tip removed: 0 (0s)
Nb errors removed: 15 (0s)
Superbubble
Nb superbubble removed: 0 0 (0s)
Tip
Nb Tip removed: 0 (0s)
Nb errors removed: 20 (0s)
Superbubble
Nb superbubble removed: 0 0 (0s)
Tip
Nb Tip removed: 0 (0s)
Nb errors removed: 8 (0s)
Superbubble
Nb superbubble removed: 0 0 (0s)
Tip
Nb Tip removed: 0 (0s)
Nb errors removed: 12 (0s)
Superbubble
Nb superbubble removed: 0 0 (0s)
Tip
Nb Tip removed: 0 (0s)
Nb errors removed: 11 (0s)
Superbubble
Nb superbubble removed: 0 0 (0s)
Tip
Nb Tip removed: 0 (0s)
Nb errors removed: 14 (0s)
Superbubble
Nb superbubble removed: 0 0 (0s)
Tip
Nb Tip removed: 0 (0s)
Nb errors removed: 8 (0s)
Superbubble
Nb superbubble removed: 0 0 (0s)
Tip
Nb Tip removed: 0 (0s)
Nb errors removed: 5 (0s)
Superbubble
Nb superbubble removed: 0 0 (0s)
Tip
Nb Tip removed: 0 (0s)
Nb errors removed: 1 (0s)
Superbubble
Nb superbubble removed: 0 0 (0s)
Tip
Nb Tip removed: 0 (0s)
Nb errors removed: 1 (0s)
Superbubble
Nb superbubble removed: 0 0 (0s)
Tip
Nb Tip removed: 0 (0s)
Nb errors removed: 3 (0s)
Superbubble
Nb superbubble removed: 0 0 (0s)
Tip
Nb Tip removed: 0 (0s)
Nb errors removed: 5 (0s)
Superbubble
Nb superbubble removed: 0 0 (0s)
Tip
Nb Tip removed: 0 (0s)
Nb errors removed: 1 (0s)
Superbubble
Nb superbubble removed: 0 0 (0s)
Tip
Nb Tip removed: 0 (0s)
Checksum: 0
Checksum abundnace: 0
Generating contigs
45.2593
28.1025
21.1138
17.4494
15.8631
14.421
13.11
11.9182
10.8347
9.84974
8.14028
7.40025
6.11591
5.05447
4.17725
3.13843
2.14359
0


metaMDBG toMinspace  /var/folders/zg/vq0dnx517c54hg87dyqjky740000gn/T/.tmpwTqywI/tmp/ /var/folders/zg/vq0dnx517c54hg87dyqjky740000gn/T/.tmpwTqywI/tmp//contigs.nodepath /var/folders/zg/vq0dnx517c54hg87dyqjky740000gn/T/.tmpwTqywI/tmp//unitig_data.txt --threads 10

Input dir: /var/folders/zg/vq0dnx517c54hg87dyqjky740000gn/T/.tmpwTqywI/tmp/
Minimizer length: 15
Kminmer length: 166
Density: 0.005

Loading unitig sequences

Creating mContigs

Contig filename: /var/folders/zg/vq0dnx517c54hg87dyqjky740000gn/T/.tmpwTqywI/tmp//unitig_data.txt
pass done: 166
Multi-k pass: 167/209


metaMDBG graph /var/folders/zg/vq0dnx517c54hg87dyqjky740000gn/T/.tmpwTqywI/tmp/ --threads 10 --corrected-read 

Contig filename: 
Output dir: /var/folders/zg/vq0dnx517c54hg87dyqjky740000gn/T/.tmpwTqywI/tmp/
Minimizer length: 15
Kminmer length: 167
Density: 0.005
Min abundance: 0

Loading refined abundances
	Duration: 0
Collecting kminmers
Building mdbg
Duration: 0
Nb solid kminmers: 28767
Nb small contigs written: 0
Dump kminmer abundances
	Duration: 0
Indexing edges
Edge index size: 28897
Edge index elements: 54079
	Duration: 0
Compute unitig nodes
	Duration: 0
Index unitig edges
	Duration: 0
Compute unitig edges
	Duration: 0
Dump unitig abundances
	Duration: 0
Nb edges:   0


metaMDBG contig  /var/folders/zg/vq0dnx517c54hg87dyqjky740000gn/T/.tmpwTqywI/tmp/ --threads 10

Input dir: /var/folders/zg/vq0dnx517c54hg87dyqjky740000gn/T/.tmpwTqywI/tmp/
Minimizer length: 15
Kminmer length: 167
Density: 0.005

Loading unitig graph
Load unitigs
Nb unitigs: 346
Nb minimizers: 86203
Add unitig abundances
Sorting abundances
Add unitig edges
Nb unitig edges: 432
Sorting unitig edges
Done loading unitig graph
Simplifying
Max abundance: 43
Nb unitigs: 346
Superbubble
Nb superbubble removed: 0 0 (0s)
Tip
Nb Tip removed: 75 (0s)
Superbubble
Nb superbubble removed: 0 0 (0s)
Tip
Nb Tip removed: 0 (0s)
Nb errors removed: 66 (0s)
Superbubble
Nb superbubble removed: 0 0 (0s)
Tip
Nb Tip removed: 0 (0s)
Nb errors removed: 35 (0s)
Superbubble
Nb superbubble removed: 0 0 (0s)
Tip
Nb Tip removed: 0 (0s)
Nb errors removed: 25 (0s)
Superbubble
Nb superbubble removed: 0 0 (0s)
Tip
Nb Tip removed: 0 (0s)
Nb errors removed: 16 (0s)
Superbubble
Nb superbubble removed: 0 0 (0s)
Tip
Nb Tip removed: 0 (0s)
Nb errors removed: 14 (0s)
Superbubble
Nb superbubble removed: 0 0 (0s)
Tip
Nb Tip removed: 0 (0s)
Nb errors removed: 20 (0s)
Superbubble
Nb superbubble removed: 0 0 (0s)
Tip
Nb Tip removed: 0 (0s)
Nb errors removed: 8 (0s)
Superbubble
Nb superbubble removed: 0 0 (0s)
Tip
Nb Tip removed: 0 (0s)
Nb errors removed: 12 (0s)
Superbubble
Nb superbubble removed: 0 0 (0s)
Tip
Nb Tip removed: 0 (0s)
Nb errors removed: 11 (0s)
Superbubble
Nb superbubble removed: 0 0 (0s)
Tip
Nb Tip removed: 0 (0s)
Nb errors removed: 14 (0s)
Superbubble
Nb superbubble removed: 0 0 (0s)
Tip
Nb Tip removed: 0 (0s)
Nb errors removed: 8 (0s)
Superbubble
Nb superbubble removed: 0 0 (0s)
Tip
Nb Tip removed: 0 (0s)
Nb errors removed: 5 (0s)
Superbubble
Nb superbubble removed: 0 0 (0s)
Tip
Nb Tip removed: 0 (0s)
Nb errors removed: 1 (0s)
Superbubble
Nb superbubble removed: 0 0 (0s)
Tip
Nb Tip removed: 0 (0s)
Nb errors removed: 3 (0s)
Superbubble
Nb superbubble removed: 0 0 (0s)
Tip
Nb Tip removed: 0 (0s)
Nb errors removed: 5 (0s)
Superbubble
Nb superbubble removed: 0 0 (0s)
Tip
Nb Tip removed: 0 (0s)
Nb errors removed: 1 (0s)
Superbubble
Nb superbubble removed: 0 0 (0s)
Tip
Nb Tip removed: 0 (0s)
Checksum: 0
Checksum abundnace: 0
Generating contigs
45.2593
28.1025
21.1138
15.8631
14.421
13.11
11.9182
10.8347
9.84974
8.14028
7.40025
6.11591
5.05447
4.17725
3.13843
2.14359
0


metaMDBG toMinspace  /var/folders/zg/vq0dnx517c54hg87dyqjky740000gn/T/.tmpwTqywI/tmp/ /var/folders/zg/vq0dnx517c54hg87dyqjky740000gn/T/.tmpwTqywI/tmp//contigs.nodepath /var/folders/zg/vq0dnx517c54hg87dyqjky740000gn/T/.tmpwTqywI/tmp//unitig_data.txt --threads 10

Input dir: /var/folders/zg/vq0dnx517c54hg87dyqjky740000gn/T/.tmpwTqywI/tmp/
Minimizer length: 15
Kminmer length: 167
Density: 0.005

Loading unitig sequences

Creating mContigs

Contig filename: /var/folders/zg/vq0dnx517c54hg87dyqjky740000gn/T/.tmpwTqywI/tmp//unitig_data.txt
pass done: 167
Multi-k pass: 168/209


metaMDBG graph /var/folders/zg/vq0dnx517c54hg87dyqjky740000gn/T/.tmpwTqywI/tmp/ --threads 10 --corrected-read 

Contig filename: 
Output dir: /var/folders/zg/vq0dnx517c54hg87dyqjky740000gn/T/.tmpwTqywI/tmp/
Minimizer length: 15
Kminmer length: 168
Density: 0.005
Min abundance: 0

Loading refined abundances
	Duration: 0
Collecting kminmers
Building mdbg
Duration: 0
Nb solid kminmers: 28637
Nb small contigs written: 0
Dump kminmer abundances
	Duration: 0
Indexing edges
Edge index size: 28762
Edge index elements: 53927
	Duration: 0
Compute unitig nodes
	Duration: 0
Index unitig edges
	Duration: 0
Compute unitig edges
	Duration: 0
Dump unitig abundances
	Duration: 0
Nb edges:   0


metaMDBG contig  /var/folders/zg/vq0dnx517c54hg87dyqjky740000gn/T/.tmpwTqywI/tmp/ --threads 10

Input dir: /var/folders/zg/vq0dnx517c54hg87dyqjky740000gn/T/.tmpwTqywI/tmp/
Minimizer length: 15
Kminmer length: 168
Density: 0.005

Loading unitig graph
Load unitigs
Nb unitigs: 340
Nb minimizers: 85417
Add unitig abundances
Sorting abundances
Add unitig edges
Nb unitig edges: 432
Sorting unitig edges
Done loading unitig graph
Simplifying
Max abundance: 43
Nb unitigs: 340
Superbubble
Nb superbubble removed: 0 0 (0s)
Tip
Nb Tip removed: 75 (0s)
Superbubble
Nb superbubble removed: 0 0 (0s)
Tip
Nb Tip removed: 0 (0s)
Nb errors removed: 66 (0s)
Superbubble
Nb superbubble removed: 0 0 (0s)
Tip
Nb Tip removed: 0 (0s)
Nb errors removed: 34 (0s)
Superbubble
Nb superbubble removed: 0 0 (0s)
Tip
Nb Tip removed: 0 (0s)
Nb errors removed: 22 (0s)
Superbubble
Nb superbubble removed: 0 0 (0s)
Tip
Nb Tip removed: 0 (0s)
Nb errors removed: 16 (0s)
Superbubble
Nb superbubble removed: 0 0 (0s)
Tip
Nb Tip removed: 0 (0s)
Nb errors removed: 13 (0s)
Superbubble
Nb superbubble removed: 0 0 (0s)
Tip
Nb Tip removed: 0 (0s)
Nb errors removed: 20 (0s)
Superbubble
Nb superbubble removed: 0 0 (0s)
Tip
Nb Tip removed: 0 (0s)
Nb errors removed: 8 (0s)
Superbubble
Nb superbubble removed: 0 0 (0s)
Tip
Nb Tip removed: 0 (0s)
Nb errors removed: 12 (0s)
Superbubble
Nb superbubble removed: 0 0 (0s)
Tip
Nb Tip removed: 0 (0s)
Nb errors removed: 11 (0s)
Superbubble
Nb superbubble removed: 0 0 (0s)
Tip
Nb Tip removed: 0 (0s)
Nb errors removed: 14 (0s)
Superbubble
Nb superbubble removed: 0 0 (0s)
Tip
Nb Tip removed: 0 (0s)
Nb errors removed: 8 (0s)
Superbubble
Nb superbubble removed: 0 0 (0s)
Tip
Nb Tip removed: 0 (0s)
Nb errors removed: 5 (0s)
Superbubble
Nb superbubble removed: 0 0 (0s)
Tip
Nb Tip removed: 0 (0s)
Nb errors removed: 1 (0s)
Superbubble
Nb superbubble removed: 0 0 (0s)
Tip
Nb Tip removed: 0 (0s)
Nb errors removed: 3 (0s)
Superbubble
Nb superbubble removed: 0 0 (0s)
Tip
Nb Tip removed: 0 (0s)
Nb errors removed: 5 (0s)
Superbubble
Nb superbubble removed: 0 0 (0s)
Tip
Nb Tip removed: 0 (0s)
Nb errors removed: 1 (0s)
Superbubble
Nb superbubble removed: 0 0 (0s)
Tip
Nb Tip removed: 0 (0s)
Checksum: 0
Checksum abundnace: 0
Generating contigs
45.2593
28.1025
21.1138
15.8631
14.421
13.11
11.9182
10.8347
9.84974
8.14028
7.40025
6.11591
5.05447
4.17725
3.13843
2.14359
0


metaMDBG toMinspace  /var/folders/zg/vq0dnx517c54hg87dyqjky740000gn/T/.tmpwTqywI/tmp/ /var/folders/zg/vq0dnx517c54hg87dyqjky740000gn/T/.tmpwTqywI/tmp//contigs.nodepath /var/folders/zg/vq0dnx517c54hg87dyqjky740000gn/T/.tmpwTqywI/tmp//unitig_data.txt --threads 10

Input dir: /var/folders/zg/vq0dnx517c54hg87dyqjky740000gn/T/.tmpwTqywI/tmp/
Minimizer length: 15
Kminmer length: 168
Density: 0.005

Loading unitig sequences

Creating mContigs

Contig filename: /var/folders/zg/vq0dnx517c54hg87dyqjky740000gn/T/.tmpwTqywI/tmp//unitig_data.txt
pass done: 168
Multi-k pass: 169/209


metaMDBG graph /var/folders/zg/vq0dnx517c54hg87dyqjky740000gn/T/.tmpwTqywI/tmp/ --threads 10 --corrected-read 

Contig filename: 
Output dir: /var/folders/zg/vq0dnx517c54hg87dyqjky740000gn/T/.tmpwTqywI/tmp/
Minimizer length: 15
Kminmer length: 169
Density: 0.005
Min abundance: 0

Loading refined abundances
	Duration: 0
Collecting kminmers
Building mdbg
Duration: 0
Nb solid kminmers: 28510
Nb small contigs written: 0
Dump kminmer abundances
	Duration: 0
Indexing edges
Edge index size: 28637
Edge index elements: 53407
	Duration: 0
Compute unitig nodes
	Duration: 0
Index unitig edges
	Duration: 0
Compute unitig edges
	Duration: 0
Dump unitig abundances
	Duration: 0
Nb edges:   0


metaMDBG contig  /var/folders/zg/vq0dnx517c54hg87dyqjky740000gn/T/.tmpwTqywI/tmp/ --threads 10

Input dir: /var/folders/zg/vq0dnx517c54hg87dyqjky740000gn/T/.tmpwTqywI/tmp/
Minimizer length: 15
Kminmer length: 169
Density: 0.005

Loading unitig graph
Load unitigs
Nb unitigs: 337
Nb minimizers: 85126
Add unitig abundances
Sorting abundances
Add unitig edges
Nb unitig edges: 420
Sorting unitig edges
Done loading unitig graph
Simplifying
Max abundance: 43
Nb unitigs: 337
Superbubble
Nb superbubble removed: 0 0 (0s)
Tip
Nb Tip removed: 73 (0s)
Superbubble
Nb superbubble removed: 0 0 (0s)
Tip
Nb Tip removed: 0 (0s)
Nb errors removed: 66 (0s)
Superbubble
Nb superbubble removed: 0 0 (0s)
Tip
Nb Tip removed: 0 (0s)
Nb errors removed: 34 (0s)
Superbubble
Nb superbubble removed: 0 0 (0s)
Tip
Nb Tip removed: 0 (0s)
Nb errors removed: 22 (0s)
Superbubble
Nb superbubble removed: 0 0 (0s)
Tip
Nb Tip removed: 0 (0s)
Nb errors removed: 16 (0s)
Superbubble
Nb superbubble removed: 0 0 (0s)
Tip
Nb Tip removed: 0 (0s)
Nb errors removed: 12 (0s)
Superbubble
Nb superbubble removed: 0 0 (0s)
Tip
Nb Tip removed: 0 (0s)
Nb errors removed: 20 (0s)
Superbubble
Nb superbubble removed: 0 0 (0s)
Tip
Nb Tip removed: 0 (0s)
Nb errors removed: 8 (0s)
Superbubble
Nb superbubble removed: 0 0 (0s)
Tip
Nb Tip removed: 0 (0s)
Nb errors removed: 12 (0s)
Superbubble
Nb superbubble removed: 0 0 (0s)
Tip
Nb Tip removed: 0 (0s)
Nb errors removed: 11 (0s)
Superbubble
Nb superbubble removed: 0 0 (0s)
Tip
Nb Tip removed: 0 (0s)
Nb errors removed: 14 (0s)
Superbubble
Nb superbubble removed: 0 0 (0s)
Tip
Nb Tip removed: 0 (0s)
Nb errors removed: 8 (0s)
Superbubble
Nb superbubble removed: 0 0 (0s)
Tip
Nb Tip removed: 0 (0s)
Nb errors removed: 5 (0s)
Superbubble
Nb superbubble removed: 0 0 (0s)
Tip
Nb Tip removed: 0 (0s)
Nb errors removed: 1 (0s)
Superbubble
Nb superbubble removed: 0 0 (0s)
Tip
Nb Tip removed: 0 (0s)
Nb errors removed: 3 (0s)
Superbubble
Nb superbubble removed: 0 0 (0s)
Tip
Nb Tip removed: 0 (0s)
Nb errors removed: 5 (0s)
Superbubble
Nb superbubble removed: 0 0 (0s)
Tip
Nb Tip removed: 0 (0s)
Nb errors removed: 1 (0s)
Superbubble
Nb superbubble removed: 0 0 (0s)
Tip
Nb Tip removed: 0 (0s)
Checksum: 0
Checksum abundnace: 0
Generating contigs
45.2593
28.1025
21.1138
15.8631
14.421
13.11
11.9182
10.8347
9.84974
8.14028
7.40025
6.11591
5.05447
4.17725
3.13843
2.14359
0


metaMDBG toMinspace  /var/folders/zg/vq0dnx517c54hg87dyqjky740000gn/T/.tmpwTqywI/tmp/ /var/folders/zg/vq0dnx517c54hg87dyqjky740000gn/T/.tmpwTqywI/tmp//contigs.nodepath /var/folders/zg/vq0dnx517c54hg87dyqjky740000gn/T/.tmpwTqywI/tmp//unitig_data.txt --threads 10

Input dir: /var/folders/zg/vq0dnx517c54hg87dyqjky740000gn/T/.tmpwTqywI/tmp/
Minimizer length: 15
Kminmer length: 169
Density: 0.005

Loading unitig sequences

Creating mContigs

Contig filename: /var/folders/zg/vq0dnx517c54hg87dyqjky740000gn/T/.tmpwTqywI/tmp//unitig_data.txt
pass done: 169
Multi-k pass: 170/209


metaMDBG graph /var/folders/zg/vq0dnx517c54hg87dyqjky740000gn/T/.tmpwTqywI/tmp/ --threads 10 --corrected-read 

Contig filename: 
Output dir: /var/folders/zg/vq0dnx517c54hg87dyqjky740000gn/T/.tmpwTqywI/tmp/
Minimizer length: 15
Kminmer length: 170
Density: 0.005
Min abundance: 0

Loading refined abundances
	Duration: 0
Collecting kminmers
Building mdbg
Duration: 0
Nb solid kminmers: 28381
Nb small contigs written: 0
Dump kminmer abundances
	Duration: 0
Indexing edges
Edge index size: 28507
Edge index elements: 53246
	Duration: 0
Compute unitig nodes
	Duration: 0
Index unitig edges
	Duration: 0
Compute unitig edges
	Duration: 0
Dump unitig abundances
	Duration: 0
Nb edges:   0


metaMDBG contig  /var/folders/zg/vq0dnx517c54hg87dyqjky740000gn/T/.tmpwTqywI/tmp/ --threads 10

Input dir: /var/folders/zg/vq0dnx517c54hg87dyqjky740000gn/T/.tmpwTqywI/tmp/
Minimizer length: 15
Kminmer length: 170
Density: 0.005

Loading unitig graph
Load unitigs
Nb unitigs: 331
Nb minimizers: 84320
Add unitig abundances
Sorting abundances
Add unitig edges
Nb unitig edges: 412
Sorting unitig edges
Done loading unitig graph
Simplifying
Max abundance: 43
Nb unitigs: 331
Superbubble
Nb superbubble removed: 0 0 (0s)
Tip
Nb Tip removed: 72 (0s)
Superbubble
Nb superbubble removed: 0 0 (0s)
Tip
Nb Tip removed: 0 (0s)
Nb errors removed: 64 (0s)
Superbubble
Nb superbubble removed: 0 0 (0s)
Tip
Nb Tip removed: 0 (0s)
Nb errors removed: 34 (0s)
Superbubble
Nb superbubble removed: 0 0 (0s)
Tip
Nb Tip removed: 0 (0s)
Nb errors removed: 22 (0s)
Superbubble
Nb superbubble removed: 0 0 (0s)
Tip
Nb Tip removed: 0 (0s)
Nb errors removed: 16 (0s)
Superbubble
Nb superbubble removed: 0 0 (0s)
Tip
Nb Tip removed: 0 (0s)
Nb errors removed: 12 (0s)
Superbubble
Nb superbubble removed: 0 0 (0s)
Tip
Nb Tip removed: 0 (0s)
Nb errors removed: 20 (0s)
Superbubble
Nb superbubble removed: 0 0 (0s)
Tip
Nb Tip removed: 0 (0s)
Nb errors removed: 8 (0s)
Superbubble
Nb superbubble removed: 0 0 (0s)
Tip
Nb Tip removed: 0 (0s)
Nb errors removed: 11 (0s)
Superbubble
Nb superbubble removed: 0 0 (0s)
Tip
Nb Tip removed: 0 (0s)
Nb errors removed: 11 (0s)
Superbubble
Nb superbubble removed: 0 0 (0s)
Tip
Nb Tip removed: 0 (0s)
Nb errors removed: 14 (0s)
Superbubble
Nb superbubble removed: 0 0 (0s)
Tip
Nb Tip removed: 0 (0s)
Nb errors removed: 8 (0s)
Superbubble
Nb superbubble removed: 0 0 (0s)
Tip
Nb Tip removed: 0 (0s)
Nb errors removed: 5 (0s)
Superbubble
Nb superbubble removed: 0 0 (0s)
Tip
Nb Tip removed: 0 (0s)
Nb errors removed: 1 (0s)
Superbubble
Nb superbubble removed: 0 0 (0s)
Tip
Nb Tip removed: 0 (0s)
Nb errors removed: 3 (0s)
Superbubble
Nb superbubble removed: 0 0 (0s)
Tip
Nb Tip removed: 0 (0s)
Nb errors removed: 5 (0s)
Superbubble
Nb superbubble removed: 0 0 (0s)
Tip
Nb Tip removed: 0 (0s)
Nb errors removed: 1 (0s)
Superbubble
Nb superbubble removed: 0 0 (0s)
Tip
Nb Tip removed: 0 (0s)
Checksum: 0
Checksum abundnace: 0
Generating contigs
45.2593
28.1025
21.1138
15.8631
14.421
13.11
11.9182
10.8347
9.84974
8.14028
7.40025
6.11591
5.05447
4.17725
3.13843
2.14359
0


metaMDBG toMinspace  /var/folders/zg/vq0dnx517c54hg87dyqjky740000gn/T/.tmpwTqywI/tmp/ /var/folders/zg/vq0dnx517c54hg87dyqjky740000gn/T/.tmpwTqywI/tmp//contigs.nodepath /var/folders/zg/vq0dnx517c54hg87dyqjky740000gn/T/.tmpwTqywI/tmp//unitig_data.txt --threads 10

Input dir: /var/folders/zg/vq0dnx517c54hg87dyqjky740000gn/T/.tmpwTqywI/tmp/
Minimizer length: 15
Kminmer length: 170
Density: 0.005

Loading unitig sequences

Creating mContigs

Contig filename: /var/folders/zg/vq0dnx517c54hg87dyqjky740000gn/T/.tmpwTqywI/tmp//unitig_data.txt
pass done: 170
Multi-k pass: 171/209


metaMDBG graph /var/folders/zg/vq0dnx517c54hg87dyqjky740000gn/T/.tmpwTqywI/tmp/ --threads 10 --corrected-read 

Contig filename: 
Output dir: /var/folders/zg/vq0dnx517c54hg87dyqjky740000gn/T/.tmpwTqywI/tmp/
Minimizer length: 15
Kminmer length: 171
Density: 0.005
Min abundance: 0

Loading refined abundances
	Duration: 0
Collecting kminmers
Building mdbg
Duration: 0
Nb solid kminmers: 28251
Nb small contigs written: 0
Dump kminmer abundances
	Duration: 0
Indexing edges
Edge index size: 28377
Edge index elements: 52996
	Duration: 0
Compute unitig nodes
	Duration: 0
Index unitig edges
	Duration: 0
Compute unitig edges
	Duration: 0
Dump unitig abundances
	Duration: 0
Nb edges:   0


metaMDBG contig  /var/folders/zg/vq0dnx517c54hg87dyqjky740000gn/T/.tmpwTqywI/tmp/ --threads 10 --gen-graph 

Input dir: /var/folders/zg/vq0dnx517c54hg87dyqjky740000gn/T/.tmpwTqywI/tmp/
Minimizer length: 15
Kminmer length: 171
Density: 0.005

Loading unitig graph
Load unitigs
Nb unitigs: 323
Nb minimizers: 83161
Add unitig abundances
Sorting abundances
Add unitig edges
Nb unitig edges: 396
Sorting unitig edges
Done loading unitig graph
Simplifying
Max abundance: 43
Nb unitigs: 323
Superbubble
Nb superbubble removed: 0 0 (0s)
Tip
Nb Tip removed: 70 (0s)
Superbubble
Nb superbubble removed: 0 0 (0s)
Tip
Nb Tip removed: 0 (0s)
Saving unitig graph: /var/folders/zg/vq0dnx517c54hg87dyqjky740000gn/T/.tmpwTqywI/tmp//assembly_graph.gfa
Nb errors removed: 63 (0s)
Superbubble
Nb superbubble removed: 0 0 (0s)
Tip
Nb Tip removed: 0 (0s)
Nb errors removed: 33 (0s)
Superbubble
Nb superbubble removed: 0 0 (0s)
Tip
Nb Tip removed: 0 (0s)
Nb errors removed: 21 (0s)
Superbubble
Nb superbubble removed: 0 0 (0s)
Tip
Nb Tip removed: 0 (0s)
Nb errors removed: 16 (0s)
Superbubble
Nb superbubble removed: 0 0 (0s)
Tip
Nb Tip removed: 0 (0s)
Nb errors removed: 12 (0s)
Superbubble
Nb superbubble removed: 0 0 (0s)
Tip
Nb Tip removed: 0 (0s)
Nb errors removed: 20 (0s)
Superbubble
Nb superbubble removed: 0 0 (0s)
Tip
Nb Tip removed: 0 (0s)
Nb errors removed: 8 (0s)
Superbubble
Nb superbubble removed: 0 0 (0s)
Tip
Nb Tip removed: 0 (0s)
Nb errors removed: 11 (0s)
Superbubble
Nb superbubble removed: 0 0 (0s)
Tip
Nb Tip removed: 0 (0s)
Nb errors removed: 10 (0s)
Superbubble
Nb superbubble removed: 0 0 (0s)
Tip
Nb Tip removed: 0 (0s)
Nb errors removed: 14 (0s)
Superbubble
Nb superbubble removed: 0 0 (0s)
Tip
Nb Tip removed: 0 (0s)
Nb errors removed: 8 (0s)
Superbubble
Nb superbubble removed: 0 0 (0s)
Tip
Nb Tip removed: 0 (0s)
Nb errors removed: 5 (0s)
Superbubble
Nb superbubble removed: 0 0 (0s)
Tip
Nb Tip removed: 0 (0s)
Nb errors removed: 1 (0s)
Superbubble
Nb superbubble removed: 0 0 (0s)
Tip
Nb Tip removed: 0 (0s)
Nb errors removed: 2 (0s)
Superbubble
Nb superbubble removed: 0 0 (0s)
Tip
Nb Tip removed: 0 (0s)
Nb errors removed: 5 (0s)
Superbubble
Nb superbubble removed: 0 0 (0s)
Tip
Nb Tip removed: 0 (0s)
Nb errors removed: 1 (0s)
Superbubble
Nb superbubble removed: 0 0 (0s)
Tip
Nb Tip removed: 0 (0s)
Checksum: 0
Checksum abundnace: 0
Generating contigs
45.2593
28.1025
21.1138
15.8631
14.421
13.11
11.9182
10.8347
9.84974
8.14028
7.40025
6.11591
5.05447
4.17725
3.13843
2.14359
0


metaMDBG toMinspace  /var/folders/zg/vq0dnx517c54hg87dyqjky740000gn/T/.tmpwTqywI/tmp/ /var/folders/zg/vq0dnx517c54hg87dyqjky740000gn/T/.tmpwTqywI/tmp//contigs.nodepath /var/folders/zg/vq0dnx517c54hg87dyqjky740000gn/T/.tmpwTqywI/tmp//unitig_data.txt --threads 10

Input dir: /var/folders/zg/vq0dnx517c54hg87dyqjky740000gn/T/.tmpwTqywI/tmp/
Minimizer length: 15
Kminmer length: 171
Density: 0.005

Loading unitig sequences

Creating mContigs

Contig filename: /var/folders/zg/vq0dnx517c54hg87dyqjky740000gn/T/.tmpwTqywI/tmp//unitig_data.txt


metaMDBG toMinspace  /var/folders/zg/vq0dnx517c54hg87dyqjky740000gn/T/.tmpwTqywI/tmp/ /var/folders/zg/vq0dnx517c54hg87dyqjky740000gn/T/.tmpwTqywI/tmp//assembly_graph.gfa.unitigs.nodepath /var/folders/zg/vq0dnx517c54hg87dyqjky740000gn/T/.tmpwTqywI/tmp//assembly_graph.gfa.unitigs --threads 10

Input dir: /var/folders/zg/vq0dnx517c54hg87dyqjky740000gn/T/.tmpwTqywI/tmp/
Minimizer length: 15
Kminmer length: 171
Density: 0.005

Loading unitig sequences

Creating mContigs

Contig filename: /var/folders/zg/vq0dnx517c54hg87dyqjky740000gn/T/.tmpwTqywI/tmp//assembly_graph.gfa.unitigs
pass done: 171
Multi-k pass: 172/209


metaMDBG graph /var/folders/zg/vq0dnx517c54hg87dyqjky740000gn/T/.tmpwTqywI/tmp/ --threads 10 --corrected-read 

Contig filename: 
Output dir: /var/folders/zg/vq0dnx517c54hg87dyqjky740000gn/T/.tmpwTqywI/tmp/
Minimizer length: 15
Kminmer length: 172
Density: 0.005
Min abundance: 0

Loading refined abundances
	Duration: 0
Collecting kminmers
Building mdbg
Duration: 0
Nb solid kminmers: 28121
Nb small contigs written: 0
Dump kminmer abundances
	Duration: 0
Indexing edges
Edge index size: 28250
Edge index elements: 52798
	Duration: 0
Compute unitig nodes
	Duration: 0
Index unitig edges
	Duration: 0
Compute unitig edges
	Duration: 0
Dump unitig abundances
	Duration: 0
Nb edges:   0


metaMDBG contig  /var/folders/zg/vq0dnx517c54hg87dyqjky740000gn/T/.tmpwTqywI/tmp/ --threads 10

Input dir: /var/folders/zg/vq0dnx517c54hg87dyqjky740000gn/T/.tmpwTqywI/tmp/
Minimizer length: 15
Kminmer length: 172
Density: 0.005

Loading unitig graph
Load unitigs
Nb unitigs: 317
Nb minimizers: 82328
Add unitig abundances
Sorting abundances
Add unitig edges
Nb unitig edges: 376
Sorting unitig edges
Done loading unitig graph
Simplifying
Max abundance: 43
Nb unitigs: 317
Superbubble
Nb superbubble removed: 0 0 (0s)
Tip
Nb Tip removed: 68 (0s)
Superbubble
Nb superbubble removed: 0 0 (0s)
Tip
Nb Tip removed: 0 (0s)
Nb errors removed: 63 (0s)
Superbubble
Nb superbubble removed: 0 0 (0s)
Tip
Nb Tip removed: 0 (0s)
Nb errors removed: 33 (0s)
Superbubble
Nb superbubble removed: 0 0 (0s)
Tip
Nb Tip removed: 0 (0s)
Nb errors removed: 21 (0s)
Superbubble
Nb superbubble removed: 0 0 (0s)
Tip
Nb Tip removed: 0 (0s)
Nb errors removed: 15 (0s)
Superbubble
Nb superbubble removed: 0 0 (0s)
Tip
Nb Tip removed: 0 (0s)
Nb errors removed: 12 (0s)
Superbubble
Nb superbubble removed: 0 0 (0s)
Tip
Nb Tip removed: 0 (0s)
Nb errors removed: 20 (0s)
Superbubble
Nb superbubble removed: 0 0 (0s)
Tip
Nb Tip removed: 0 (0s)
Nb errors removed: 8 (0s)
Superbubble
Nb superbubble removed: 0 0 (0s)
Tip
Nb Tip removed: 0 (0s)
Nb errors removed: 11 (0s)
Superbubble
Nb superbubble removed: 0 0 (0s)
Tip
Nb Tip removed: 0 (0s)
Nb errors removed: 10 (0s)
Superbubble
Nb superbubble removed: 0 0 (0s)
Tip
Nb Tip removed: 0 (0s)
Nb errors removed: 13 (0s)
Superbubble
Nb superbubble removed: 0 0 (0s)
Tip
Nb Tip removed: 0 (0s)
Nb errors removed: 8 (0s)
Superbubble
Nb superbubble removed: 0 0 (0s)
Tip
Nb Tip removed: 0 (0s)
Nb errors removed: 5 (0s)
Superbubble
Nb superbubble removed: 0 0 (0s)
Tip
Nb Tip removed: 0 (0s)
Nb errors removed: 1 (0s)
Superbubble
Nb superbubble removed: 0 0 (0s)
Tip
Nb Tip removed: 0 (0s)
Nb errors removed: 2 (0s)
Superbubble
Nb superbubble removed: 0 0 (0s)
Tip
Nb Tip removed: 0 (0s)
Nb errors removed: 4 (0s)
Superbubble
Nb superbubble removed: 0 0 (0s)
Tip
Nb Tip removed: 0 (0s)
Nb errors removed: 1 (0s)
Superbubble
Nb superbubble removed: 0 0 (0s)
Tip
Nb Tip removed: 0 (0s)
Checksum: 0
Checksum abundnace: 0
Generating contigs
45.2593
28.1025
21.1138
15.8631
14.421
13.11
11.9182
10.8347
9.84974
8.14028
7.40025
6.11591
5.05447
4.17725
3.13843
2.14359
0


metaMDBG toMinspace  /var/folders/zg/vq0dnx517c54hg87dyqjky740000gn/T/.tmpwTqywI/tmp/ /var/folders/zg/vq0dnx517c54hg87dyqjky740000gn/T/.tmpwTqywI/tmp//contigs.nodepath /var/folders/zg/vq0dnx517c54hg87dyqjky740000gn/T/.tmpwTqywI/tmp//unitig_data.txt --threads 10

Input dir: /var/folders/zg/vq0dnx517c54hg87dyqjky740000gn/T/.tmpwTqywI/tmp/
Minimizer length: 15
Kminmer length: 172
Density: 0.005

Loading unitig sequences

Creating mContigs

Contig filename: /var/folders/zg/vq0dnx517c54hg87dyqjky740000gn/T/.tmpwTqywI/tmp//unitig_data.txt
pass done: 172
Multi-k pass: 173/209


metaMDBG graph /var/folders/zg/vq0dnx517c54hg87dyqjky740000gn/T/.tmpwTqywI/tmp/ --threads 10 --corrected-read 

Contig filename: 
Output dir: /var/folders/zg/vq0dnx517c54hg87dyqjky740000gn/T/.tmpwTqywI/tmp/
Minimizer length: 15
Kminmer length: 173
Density: 0.005
Min abundance: 0

Loading refined abundances
	Duration: 0
Collecting kminmers
Building mdbg
Duration: 0
Nb solid kminmers: 27990
Nb small contigs written: 0
Dump kminmer abundances
	Duration: 0
Indexing edges
Edge index size: 28119
Edge index elements: 52574
	Duration: 0
Compute unitig nodes
	Duration: 0
Index unitig edges
	Duration: 0
Compute unitig edges
	Duration: 0
Dump unitig abundances
	Duration: 0
Nb edges:   0


metaMDBG contig  /var/folders/zg/vq0dnx517c54hg87dyqjky740000gn/T/.tmpwTqywI/tmp/ --threads 10

Input dir: /var/folders/zg/vq0dnx517c54hg87dyqjky740000gn/T/.tmpwTqywI/tmp/
Minimizer length: 15
Kminmer length: 173
Density: 0.005

Loading unitig graph
Load unitigs
Nb unitigs: 313
Nb minimizers: 81826
Add unitig abundances
Sorting abundances
Add unitig edges
Nb unitig edges: 368
Sorting unitig edges
Done loading unitig graph
Simplifying
Max abundance: 43
Nb unitigs: 313
Superbubble
Nb superbubble removed: 0 0 (0s)
Tip
Nb Tip removed: 67 (0s)
Superbubble
Nb superbubble removed: 0 0 (0s)
Tip
Nb Tip removed: 0 (0s)
Nb errors removed: 61 (0s)
Superbubble
Nb superbubble removed: 0 0 (0s)
Tip
Nb Tip removed: 0 (0s)
Nb errors removed: 33 (0s)
Superbubble
Nb superbubble removed: 0 0 (0s)
Tip
Nb Tip removed: 0 (0s)
Nb errors removed: 20 (0s)
Superbubble
Nb superbubble removed: 0 0 (0s)
Tip
Nb Tip removed: 0 (0s)
Nb errors removed: 15 (0s)
Superbubble
Nb superbubble removed: 0 0 (0s)
Tip
Nb Tip removed: 0 (0s)
Nb errors removed: 12 (0s)
Superbubble
Nb superbubble removed: 0 0 (0s)
Tip
Nb Tip removed: 0 (0s)
Nb errors removed: 20 (0s)
Superbubble
Nb superbubble removed: 0 0 (0s)
Tip
Nb Tip removed: 0 (0s)
Nb errors removed: 9 (0s)
Superbubble
Nb superbubble removed: 0 0 (0s)
Tip
Nb Tip removed: 0 (0s)
Nb errors removed: 11 (0s)
Superbubble
Nb superbubble removed: 0 0 (0s)
Tip
Nb Tip removed: 0 (0s)
Nb errors removed: 10 (0s)
Superbubble
Nb superbubble removed: 0 0 (0s)
Tip
Nb Tip removed: 0 (0s)
Nb errors removed: 13 (0s)
Superbubble
Nb superbubble removed: 0 0 (0s)
Tip
Nb Tip removed: 0 (0s)
Nb errors removed: 8 (0s)
Superbubble
Nb superbubble removed: 0 0 (0s)
Tip
Nb Tip removed: 0 (0s)
Nb errors removed: 5 (0s)
Superbubble
Nb superbubble removed: 0 0 (0s)
Tip
Nb Tip removed: 0 (0s)
Nb errors removed: 1 (0s)
Superbubble
Nb superbubble removed: 0 0 (0s)
Tip
Nb Tip removed: 0 (0s)
Nb errors removed: 2 (0s)
Superbubble
Nb superbubble removed: 0 0 (0s)
Tip
Nb Tip removed: 0 (0s)
Nb errors removed: 4 (0s)
Superbubble
Nb superbubble removed: 0 0 (0s)
Tip
Nb Tip removed: 0 (0s)
Nb errors removed: 1 (0s)
Superbubble
Nb superbubble removed: 0 0 (0s)
Tip
Nb Tip removed: 0 (0s)
Checksum: 0
Checksum abundnace: 0
Generating contigs
45.2593
28.1025
21.1138
15.8631
14.421
13.11
11.9182
10.8347
9.84974
8.14028
7.40025
6.11591
5.05447
4.17725
3.13843
2.14359
0


metaMDBG toMinspace  /var/folders/zg/vq0dnx517c54hg87dyqjky740000gn/T/.tmpwTqywI/tmp/ /var/folders/zg/vq0dnx517c54hg87dyqjky740000gn/T/.tmpwTqywI/tmp//contigs.nodepath /var/folders/zg/vq0dnx517c54hg87dyqjky740000gn/T/.tmpwTqywI/tmp//unitig_data.txt --threads 10

Input dir: /var/folders/zg/vq0dnx517c54hg87dyqjky740000gn/T/.tmpwTqywI/tmp/
Minimizer length: 15
Kminmer length: 173
Density: 0.005

Loading unitig sequences

Creating mContigs

Contig filename: /var/folders/zg/vq0dnx517c54hg87dyqjky740000gn/T/.tmpwTqywI/tmp//unitig_data.txt
pass done: 173
Multi-k pass: 174/209


metaMDBG graph /var/folders/zg/vq0dnx517c54hg87dyqjky740000gn/T/.tmpwTqywI/tmp/ --threads 10 --corrected-read 

Contig filename: 
Output dir: /var/folders/zg/vq0dnx517c54hg87dyqjky740000gn/T/.tmpwTqywI/tmp/
Minimizer length: 15
Kminmer length: 174
Density: 0.005
Min abundance: 0

Loading refined abundances
	Duration: 0
Collecting kminmers
Building mdbg
Duration: 0
Nb solid kminmers: 27859
Nb small contigs written: 0
Dump kminmer abundances
	Duration: 0
Indexing edges
Edge index size: 27988
Edge index elements: 52408
	Duration: 0
Compute unitig nodes
	Duration: 0
Index unitig edges
	Duration: 0
Compute unitig edges
	Duration: 0
Dump unitig abundances
	Duration: 0
Nb edges:   0


metaMDBG contig  /var/folders/zg/vq0dnx517c54hg87dyqjky740000gn/T/.tmpwTqywI/tmp/ --threads 10

Input dir: /var/folders/zg/vq0dnx517c54hg87dyqjky740000gn/T/.tmpwTqywI/tmp/
Minimizer length: 15
Kminmer length: 174
Density: 0.005

Loading unitig graph
Load unitigs
Nb unitigs: 310
Nb minimizers: 81489
Add unitig abundances
Sorting abundances
Add unitig edges
Nb unitig edges: 362
Sorting unitig edges
Done loading unitig graph
Simplifying
Max abundance: 43
Nb unitigs: 310
Superbubble
Nb superbubble removed: 0 0 (0s)
Tip
Nb Tip removed: 66 (0s)
Superbubble
Nb superbubble removed: 0 0 (0s)
Tip
Nb Tip removed: 0 (0s)
Nb errors removed: 61 (0s)
Superbubble
Nb superbubble removed: 0 0 (0s)
Tip
Nb Tip removed: 0 (0s)
Nb errors removed: 33 (0s)
Superbubble
Nb superbubble removed: 0 0 (0s)
Tip
Nb Tip removed: 0 (0s)
Nb errors removed: 20 (0s)
Superbubble
Nb superbubble removed: 0 0 (0s)
Tip
Nb Tip removed: 0 (0s)
Nb errors removed: 15 (0s)
Superbubble
Nb superbubble removed: 0 0 (0s)
Tip
Nb Tip removed: 0 (0s)
Nb errors removed: 12 (0s)
Superbubble
Nb superbubble removed: 0 0 (0s)
Tip
Nb Tip removed: 0 (0s)
Nb errors removed: 20 (0s)
Superbubble
Nb superbubble removed: 0 0 (0s)
Tip
Nb Tip removed: 0 (0s)
Nb errors removed: 9 (0s)
Superbubble
Nb superbubble removed: 0 0 (0s)
Tip
Nb Tip removed: 0 (0s)
Nb errors removed: 11 (0s)
Superbubble
Nb superbubble removed: 0 0 (0s)
Tip
Nb Tip removed: 0 (0s)
Nb errors removed: 10 (0s)
Superbubble
Nb superbubble removed: 0 0 (0s)
Tip
Nb Tip removed: 0 (0s)
Nb errors removed: 12 (0s)
Superbubble
Nb superbubble removed: 0 0 (0s)
Tip
Nb Tip removed: 0 (0s)
Nb errors removed: 8 (0s)
Superbubble
Nb superbubble removed: 0 0 (0s)
Tip
Nb Tip removed: 0 (0s)
Nb errors removed: 5 (0s)
Superbubble
Nb superbubble removed: 0 0 (0s)
Tip
Nb Tip removed: 0 (0s)
Nb errors removed: 1 (0s)
Superbubble
Nb superbubble removed: 0 0 (0s)
Tip
Nb Tip removed: 0 (0s)
Nb errors removed: 2 (0s)
Superbubble
Nb superbubble removed: 0 0 (0s)
Tip
Nb Tip removed: 0 (0s)
Nb errors removed: 4 (0s)
Superbubble
Nb superbubble removed: 0 0 (0s)
Tip
Nb Tip removed: 0 (0s)
Nb errors removed: 1 (0s)
Superbubble
Nb superbubble removed: 0 0 (0s)
Tip
Nb Tip removed: 0 (0s)
Checksum: 0
Checksum abundnace: 0
Generating contigs
45.2593
28.1025
21.1138
15.8631
14.421
13.11
11.9182
10.8347
9.84974
8.14028
7.40025
6.11591
5.05447
4.17725
3.13843
2.14359
0


metaMDBG toMinspace  /var/folders/zg/vq0dnx517c54hg87dyqjky740000gn/T/.tmpwTqywI/tmp/ /var/folders/zg/vq0dnx517c54hg87dyqjky740000gn/T/.tmpwTqywI/tmp//contigs.nodepath /var/folders/zg/vq0dnx517c54hg87dyqjky740000gn/T/.tmpwTqywI/tmp//unitig_data.txt --threads 10

Input dir: /var/folders/zg/vq0dnx517c54hg87dyqjky740000gn/T/.tmpwTqywI/tmp/
Minimizer length: 15
Kminmer length: 174
Density: 0.005

Loading unitig sequences

Creating mContigs

Contig filename: /var/folders/zg/vq0dnx517c54hg87dyqjky740000gn/T/.tmpwTqywI/tmp//unitig_data.txt
pass done: 174
Multi-k pass: 175/209


metaMDBG graph /var/folders/zg/vq0dnx517c54hg87dyqjky740000gn/T/.tmpwTqywI/tmp/ --threads 10 --corrected-read 

Contig filename: 
Output dir: /var/folders/zg/vq0dnx517c54hg87dyqjky740000gn/T/.tmpwTqywI/tmp/
Minimizer length: 15
Kminmer length: 175
Density: 0.005
Min abundance: 0

Loading refined abundances
	Duration: 0
Collecting kminmers
Building mdbg
Duration: 0
Nb solid kminmers: 27726
Nb small contigs written: 0
Dump kminmer abundances
	Duration: 0
Indexing edges
Edge index size: 27858
Edge index elements: 52134
	Duration: 0
Compute unitig nodes
	Duration: 0
Index unitig edges
	Duration: 0
Compute unitig edges
	Duration: 0
Dump unitig abundances
	Duration: 0
Nb edges:   0


metaMDBG contig  /var/folders/zg/vq0dnx517c54hg87dyqjky740000gn/T/.tmpwTqywI/tmp/ --threads 10

Input dir: /var/folders/zg/vq0dnx517c54hg87dyqjky740000gn/T/.tmpwTqywI/tmp/
Minimizer length: 15
Kminmer length: 175
Density: 0.005

Loading unitig graph
Load unitigs
Nb unitigs: 305
Nb minimizers: 80796
Add unitig abundances
Sorting abundances
Add unitig edges
Nb unitig edges: 346
Sorting unitig edges
Done loading unitig graph
Simplifying
Max abundance: 43
Nb unitigs: 305
Superbubble
Nb superbubble removed: 0 0 (0s)
Tip
Nb Tip removed: 61 (0s)
Superbubble
Nb superbubble removed: 0 0 (0s)
Tip
Nb Tip removed: 0 (0s)
Nb errors removed: 60 (0s)
Superbubble
Nb superbubble removed: 0 0 (0s)
Tip
Nb Tip removed: 0 (0s)
Nb errors removed: 33 (0s)
Superbubble
Nb superbubble removed: 0 0 (0s)
Tip
Nb Tip removed: 0 (0s)
Nb errors removed: 19 (0s)
Superbubble
Nb superbubble removed: 0 0 (0s)
Tip
Nb Tip removed: 0 (0s)
Nb errors removed: 15 (0s)
Superbubble
Nb superbubble removed: 0 0 (0s)
Tip
Nb Tip removed: 0 (0s)
Nb errors removed: 12 (0s)
Superbubble
Nb superbubble removed: 0 0 (0s)
Tip
Nb Tip removed: 0 (0s)
Nb errors removed: 20 (0s)
Superbubble
Nb superbubble removed: 0 0 (0s)
Tip
Nb Tip removed: 0 (0s)
Nb errors removed: 9 (0s)
Superbubble
Nb superbubble removed: 0 0 (0s)
Tip
Nb Tip removed: 0 (0s)
Nb errors removed: 11 (0s)
Superbubble
Nb superbubble removed: 0 0 (0s)
Tip
Nb Tip removed: 0 (0s)
Nb errors removed: 10 (0s)
Superbubble
Nb superbubble removed: 0 0 (0s)
Tip
Nb Tip removed: 0 (0s)
Nb errors removed: 12 (0s)
Superbubble
Nb superbubble removed: 0 0 (0s)
Tip
Nb Tip removed: 0 (0s)
Nb errors removed: 8 (0s)
Superbubble
Nb superbubble removed: 0 0 (0s)
Tip
Nb Tip removed: 0 (0s)
Nb errors removed: 5 (0s)
Superbubble
Nb superbubble removed: 0 0 (0s)
Tip
Nb Tip removed: 0 (0s)
Nb errors removed: 1 (0s)
Superbubble
Nb superbubble removed: 0 0 (0s)
Tip
Nb Tip removed: 0 (0s)
Nb errors removed: 2 (0s)
Superbubble
Nb superbubble removed: 0 0 (0s)
Tip
Nb Tip removed: 0 (0s)
Nb errors removed: 4 (0s)
Superbubble
Nb superbubble removed: 0 0 (0s)
Tip
Nb Tip removed: 0 (0s)
Nb errors removed: 1 (0s)
Superbubble
Nb superbubble removed: 0 0 (0s)
Tip
Nb Tip removed: 0 (0s)
Checksum: 0
Checksum abundnace: 0
Generating contigs
45.2593
28.1025
21.1138
15.8631
14.421
13.11
11.9182
10.8347
9.84974
8.14028
7.40025
6.11591
5.05447
4.17725
3.13843
2.14359
0


metaMDBG toMinspace  /var/folders/zg/vq0dnx517c54hg87dyqjky740000gn/T/.tmpwTqywI/tmp/ /var/folders/zg/vq0dnx517c54hg87dyqjky740000gn/T/.tmpwTqywI/tmp//contigs.nodepath /var/folders/zg/vq0dnx517c54hg87dyqjky740000gn/T/.tmpwTqywI/tmp//unitig_data.txt --threads 10

Input dir: /var/folders/zg/vq0dnx517c54hg87dyqjky740000gn/T/.tmpwTqywI/tmp/
Minimizer length: 15
Kminmer length: 175
Density: 0.005

Loading unitig sequences

Creating mContigs

Contig filename: /var/folders/zg/vq0dnx517c54hg87dyqjky740000gn/T/.tmpwTqywI/tmp//unitig_data.txt
pass done: 175
Multi-k pass: 176/209


metaMDBG graph /var/folders/zg/vq0dnx517c54hg87dyqjky740000gn/T/.tmpwTqywI/tmp/ --threads 10 --corrected-read 

Contig filename: 
Output dir: /var/folders/zg/vq0dnx517c54hg87dyqjky740000gn/T/.tmpwTqywI/tmp/
Minimizer length: 15
Kminmer length: 176
Density: 0.005
Min abundance: 0

Loading refined abundances
	Duration: 0
Collecting kminmers
Building mdbg
Duration: 0
Nb solid kminmers: 27594
Nb small contigs written: 0
Dump kminmer abundances
	Duration: 0
Indexing edges
Edge index size: 27723
Edge index elements: 51785
	Duration: 0
Compute unitig nodes
	Duration: 0
Index unitig edges
	Duration: 0
Compute unitig edges
	Duration: 0
Dump unitig abundances
	Duration: 0
Nb edges:   0


metaMDBG contig  /var/folders/zg/vq0dnx517c54hg87dyqjky740000gn/T/.tmpwTqywI/tmp/ --threads 10

Input dir: /var/folders/zg/vq0dnx517c54hg87dyqjky740000gn/T/.tmpwTqywI/tmp/
Minimizer length: 15
Kminmer length: 176
Density: 0.005

Loading unitig graph
Load unitigs
Nb unitigs: 302
Nb minimizers: 80444
Add unitig abundances
Sorting abundances
Add unitig edges
Nb unitig edges: 346
Sorting unitig edges
Done loading unitig graph
Simplifying
Max abundance: 43
Nb unitigs: 302
Superbubble
Nb superbubble removed: 0 0 (0s)
Tip
Nb Tip removed: 61 (0s)
Superbubble
Nb superbubble removed: 0 0 (0s)
Tip
Nb Tip removed: 0 (0s)
Nb errors removed: 57 (0s)
Superbubble
Nb superbubble removed: 0 0 (0s)
Tip
Nb Tip removed: 0 (0s)
Nb errors removed: 33 (0s)
Superbubble
Nb superbubble removed: 0 0 (0s)
Tip
Nb Tip removed: 0 (0s)
Nb errors removed: 19 (0s)
Superbubble
Nb superbubble removed: 0 0 (0s)
Tip
Nb Tip removed: 0 (0s)
Nb errors removed: 15 (0s)
Superbubble
Nb superbubble removed: 0 0 (0s)
Tip
Nb Tip removed: 0 (0s)
Nb errors removed: 12 (0s)
Superbubble
Nb superbubble removed: 0 0 (0s)
Tip
Nb Tip removed: 0 (0s)
Nb errors removed: 20 (0s)
Superbubble
Nb superbubble removed: 0 0 (0s)
Tip
Nb Tip removed: 0 (0s)
Nb errors removed: 9 (0s)
Superbubble
Nb superbubble removed: 0 0 (0s)
Tip
Nb Tip removed: 0 (0s)
Nb errors removed: 11 (0s)
Superbubble
Nb superbubble removed: 0 0 (0s)
Tip
Nb Tip removed: 0 (0s)
Nb errors removed: 10 (0s)
Superbubble
Nb superbubble removed: 0 0 (0s)
Tip
Nb Tip removed: 0 (0s)
Nb errors removed: 12 (0s)
Superbubble
Nb superbubble removed: 0 0 (0s)
Tip
Nb Tip removed: 0 (0s)
Nb errors removed: 8 (0s)
Superbubble
Nb superbubble removed: 0 0 (0s)
Tip
Nb Tip removed: 0 (0s)
Nb errors removed: 5 (0s)
Superbubble
Nb superbubble removed: 0 0 (0s)
Tip
Nb Tip removed: 0 (0s)
Nb errors removed: 1 (0s)
Superbubble
Nb superbubble removed: 0 0 (0s)
Tip
Nb Tip removed: 0 (0s)
Nb errors removed: 2 (0s)
Superbubble
Nb superbubble removed: 0 0 (0s)
Tip
Nb Tip removed: 0 (0s)
Nb errors removed: 4 (0s)
Superbubble
Nb superbubble removed: 0 0 (0s)
Tip
Nb Tip removed: 0 (0s)
Nb errors removed: 1 (0s)
Superbubble
Nb superbubble removed: 0 0 (0s)
Tip
Nb Tip removed: 0 (0s)
Checksum: 0
Checksum abundnace: 0
Generating contigs
45.2593
28.1025
21.1138
15.8631
14.421
13.11
11.9182
10.8347
9.84974
8.14028
7.40025
6.11591
5.05447
4.17725
3.13843
2.14359
0


metaMDBG toMinspace  /var/folders/zg/vq0dnx517c54hg87dyqjky740000gn/T/.tmpwTqywI/tmp/ /var/folders/zg/vq0dnx517c54hg87dyqjky740000gn/T/.tmpwTqywI/tmp//contigs.nodepath /var/folders/zg/vq0dnx517c54hg87dyqjky740000gn/T/.tmpwTqywI/tmp//unitig_data.txt --threads 10

Input dir: /var/folders/zg/vq0dnx517c54hg87dyqjky740000gn/T/.tmpwTqywI/tmp/
Minimizer length: 15
Kminmer length: 176
Density: 0.005

Loading unitig sequences

Creating mContigs

Contig filename: /var/folders/zg/vq0dnx517c54hg87dyqjky740000gn/T/.tmpwTqywI/tmp//unitig_data.txt
pass done: 176
Multi-k pass: 177/209


metaMDBG graph /var/folders/zg/vq0dnx517c54hg87dyqjky740000gn/T/.tmpwTqywI/tmp/ --threads 10 --corrected-read 

Contig filename: 
Output dir: /var/folders/zg/vq0dnx517c54hg87dyqjky740000gn/T/.tmpwTqywI/tmp/
Minimizer length: 15
Kminmer length: 177
Density: 0.005
Min abundance: 0

Loading refined abundances
	Duration: 0
Collecting kminmers
Building mdbg
Duration: 0
Nb solid kminmers: 27465
Nb small contigs written: 0
Dump kminmer abundances
	Duration: 0
Indexing edges
Edge index size: 27592
Edge index elements: 51674
	Duration: 0
Compute unitig nodes
	Duration: 0
Index unitig edges
	Duration: 0
Compute unitig edges
	Duration: 0
Dump unitig abundances
	Duration: 0
Nb edges:   0


metaMDBG contig  /var/folders/zg/vq0dnx517c54hg87dyqjky740000gn/T/.tmpwTqywI/tmp/ --threads 10

Input dir: /var/folders/zg/vq0dnx517c54hg87dyqjky740000gn/T/.tmpwTqywI/tmp/
Minimizer length: 15
Kminmer length: 177
Density: 0.005

Loading unitig graph
Load unitigs
Nb unitigs: 299
Nb minimizers: 80089
Add unitig abundances
Sorting abundances
Add unitig edges
Nb unitig edges: 346
Sorting unitig edges
Done loading unitig graph
Simplifying
Max abundance: 43
Nb unitigs: 299
Superbubble
Nb superbubble removed: 0 0 (0s)
Tip
Nb Tip removed: 61 (0s)
Superbubble
Nb superbubble removed: 0 0 (0s)
Tip
Nb Tip removed: 0 (0s)
Nb errors removed: 56 (0s)
Superbubble
Nb superbubble removed: 0 0 (0s)
Tip
Nb Tip removed: 0 (0s)
Nb errors removed: 31 (0s)
Superbubble
Nb superbubble removed: 0 0 (0s)
Tip
Nb Tip removed: 0 (0s)
Nb errors removed: 19 (0s)
Superbubble
Nb superbubble removed: 0 0 (0s)
Tip
Nb Tip removed: 0 (0s)
Nb errors removed: 15 (0s)
Superbubble
Nb superbubble removed: 0 0 (0s)
Tip
Nb Tip removed: 0 (0s)
Nb errors removed: 12 (0s)
Superbubble
Nb superbubble removed: 0 0 (0s)
Tip
Nb Tip removed: 0 (0s)
Nb errors removed: 21 (0s)
Superbubble
Nb superbubble removed: 0 0 (0s)
Tip
Nb Tip removed: 0 (0s)
Nb errors removed: 10 (0s)
Superbubble
Nb superbubble removed: 0 0 (0s)
Tip
Nb Tip removed: 0 (0s)
Nb errors removed: 11 (0s)
Superbubble
Nb superbubble removed: 0 0 (0s)
Tip
Nb Tip removed: 0 (0s)
Nb errors removed: 10 (0s)
Superbubble
Nb superbubble removed: 0 0 (0s)
Tip
Nb Tip removed: 0 (0s)
Nb errors removed: 12 (0s)
Superbubble
Nb superbubble removed: 0 0 (0s)
Tip
Nb Tip removed: 0 (0s)
Nb errors removed: 8 (0s)
Superbubble
Nb superbubble removed: 0 0 (0s)
Tip
Nb Tip removed: 0 (0s)
Nb errors removed: 5 (0s)
Superbubble
Nb superbubble removed: 0 0 (0s)
Tip
Nb Tip removed: 0 (0s)
Nb errors removed: 1 (0s)
Superbubble
Nb superbubble removed: 0 0 (0s)
Tip
Nb Tip removed: 0 (0s)
Nb errors removed: 2 (0s)
Superbubble
Nb superbubble removed: 0 0 (0s)
Tip
Nb Tip removed: 0 (0s)
Nb errors removed: 4 (0s)
Superbubble
Nb superbubble removed: 0 0 (0s)
Tip
Nb Tip removed: 0 (0s)
Nb errors removed: 1 (0s)
Superbubble
Nb superbubble removed: 0 0 (0s)
Tip
Nb Tip removed: 0 (0s)
Checksum: 0
Checksum abundnace: 0
Generating contigs
45.2593
28.1025
21.1138
15.8631
14.421
13.11
11.9182
10.8347
9.84974
8.14028
7.40025
6.11591
5.05447
4.17725
3.13843
2.14359
0


metaMDBG toMinspace  /var/folders/zg/vq0dnx517c54hg87dyqjky740000gn/T/.tmpwTqywI/tmp/ /var/folders/zg/vq0dnx517c54hg87dyqjky740000gn/T/.tmpwTqywI/tmp//contigs.nodepath /var/folders/zg/vq0dnx517c54hg87dyqjky740000gn/T/.tmpwTqywI/tmp//unitig_data.txt --threads 10

Input dir: /var/folders/zg/vq0dnx517c54hg87dyqjky740000gn/T/.tmpwTqywI/tmp/
Minimizer length: 15
Kminmer length: 177
Density: 0.005

Loading unitig sequences

Creating mContigs

Contig filename: /var/folders/zg/vq0dnx517c54hg87dyqjky740000gn/T/.tmpwTqywI/tmp//unitig_data.txt
pass done: 177
Multi-k pass: 178/209


metaMDBG graph /var/folders/zg/vq0dnx517c54hg87dyqjky740000gn/T/.tmpwTqywI/tmp/ --threads 10 --corrected-read 

Contig filename: 
Output dir: /var/folders/zg/vq0dnx517c54hg87dyqjky740000gn/T/.tmpwTqywI/tmp/
Minimizer length: 15
Kminmer length: 178
Density: 0.005
Min abundance: 0

Loading refined abundances
	Duration: 0
Collecting kminmers
Building mdbg
Duration: 0
Nb solid kminmers: 27332
Nb small contigs written: 0
Dump kminmer abundances
	Duration: 0
Indexing edges
Edge index size: 27462
Edge index elements: 51500
	Duration: 0
Compute unitig nodes
	Duration: 0
Index unitig edges
	Duration: 0
Compute unitig edges
	Duration: 0
Dump unitig abundances
	Duration: 0
Nb edges:   0


metaMDBG contig  /var/folders/zg/vq0dnx517c54hg87dyqjky740000gn/T/.tmpwTqywI/tmp/ --threads 10

Input dir: /var/folders/zg/vq0dnx517c54hg87dyqjky740000gn/T/.tmpwTqywI/tmp/
Minimizer length: 15
Kminmer length: 178
Density: 0.005

Loading unitig graph
Load unitigs
Nb unitigs: 291
Nb minimizers: 78839
Add unitig abundances
Sorting abundances
Add unitig edges
Nb unitig edges: 322
Sorting unitig edges
Done loading unitig graph
Simplifying
Max abundance: 43
Nb unitigs: 291
Superbubble
Nb superbubble removed: 0 0 (0s)
Tip
Nb Tip removed: 57 (0s)
Superbubble
Nb superbubble removed: 0 0 (0s)
Tip
Nb Tip removed: 0 (0s)
Nb errors removed: 56 (0s)
Superbubble
Nb superbubble removed: 0 0 (0s)
Tip
Nb Tip removed: 0 (0s)
Nb errors removed: 32 (0s)
Superbubble
Nb superbubble removed: 0 0 (0s)
Tip
Nb Tip removed: 0 (0s)
Nb errors removed: 19 (0s)
Superbubble
Nb superbubble removed: 0 0 (0s)
Tip
Nb Tip removed: 0 (0s)
Nb errors removed: 15 (0s)
Superbubble
Nb superbubble removed: 0 0 (0s)
Tip
Nb Tip removed: 0 (0s)
Nb errors removed: 11 (0s)
Superbubble
Nb superbubble removed: 0 0 (0s)
Tip
Nb Tip removed: 0 (0s)
Nb errors removed: 20 (0s)
Superbubble
Nb superbubble removed: 0 0 (0s)
Tip
Nb Tip removed: 0 (0s)
Nb errors removed: 10 (0s)
Superbubble
Nb superbubble removed: 0 0 (0s)
Tip
Nb Tip removed: 0 (0s)
Nb errors removed: 11 (0s)
Superbubble
Nb superbubble removed: 0 0 (0s)
Tip
Nb Tip removed: 0 (0s)
Nb errors removed: 8 (0s)
Superbubble
Nb superbubble removed: 0 0 (0s)
Tip
Nb Tip removed: 0 (0s)
Nb errors removed: 13 (0s)
Superbubble
Nb superbubble removed: 0 0 (0s)
Tip
Nb Tip removed: 0 (0s)
Nb errors removed: 8 (0s)
Superbubble
Nb superbubble removed: 0 0 (0s)
Tip
Nb Tip removed: 0 (0s)
Nb errors removed: 5 (0s)
Superbubble
Nb superbubble removed: 0 0 (0s)
Tip
Nb Tip removed: 0 (0s)
Nb errors removed: 1 (0s)
Superbubble
Nb superbubble removed: 0 0 (0s)
Tip
Nb Tip removed: 0 (0s)
Nb errors removed: 2 (0s)
Superbubble
Nb superbubble removed: 0 0 (0s)
Tip
Nb Tip removed: 0 (0s)
Nb errors removed: 4 (0s)
Superbubble
Nb superbubble removed: 0 0 (0s)
Tip
Nb Tip removed: 0 (0s)
Nb errors removed: 1 (0s)
Superbubble
Nb superbubble removed: 0 0 (0s)
Tip
Nb Tip removed: 0 (0s)
Checksum: 0
Checksum abundnace: 0
Generating contigs
45.2593
28.1025
21.1138
15.8631
14.421
13.11
11.9182
10.8347
9.84974
8.14028
7.40025
6.11591
5.05447
4.17725
3.13843
2.14359
0


metaMDBG toMinspace  /var/folders/zg/vq0dnx517c54hg87dyqjky740000gn/T/.tmpwTqywI/tmp/ /var/folders/zg/vq0dnx517c54hg87dyqjky740000gn/T/.tmpwTqywI/tmp//contigs.nodepath /var/folders/zg/vq0dnx517c54hg87dyqjky740000gn/T/.tmpwTqywI/tmp//unitig_data.txt --threads 10

Input dir: /var/folders/zg/vq0dnx517c54hg87dyqjky740000gn/T/.tmpwTqywI/tmp/
Minimizer length: 15
Kminmer length: 178
Density: 0.005

Loading unitig sequences

Creating mContigs

Contig filename: /var/folders/zg/vq0dnx517c54hg87dyqjky740000gn/T/.tmpwTqywI/tmp//unitig_data.txt
pass done: 178
Multi-k pass: 179/209


metaMDBG graph /var/folders/zg/vq0dnx517c54hg87dyqjky740000gn/T/.tmpwTqywI/tmp/ --threads 10 --corrected-read 

Contig filename: 
Output dir: /var/folders/zg/vq0dnx517c54hg87dyqjky740000gn/T/.tmpwTqywI/tmp/
Minimizer length: 15
Kminmer length: 179
Density: 0.005
Min abundance: 0

Loading refined abundances
	Duration: 0
Collecting kminmers
Building mdbg
Duration: 0
Nb solid kminmers: 27198
Nb small contigs written: 0
Dump kminmer abundances
	Duration: 0
Indexing edges
Edge index size: 27331
Edge index elements: 51224
	Duration: 0
Compute unitig nodes
	Duration: 0
Index unitig edges
	Duration: 0
Compute unitig edges
	Duration: 0
Dump unitig abundances
	Duration: 0
Nb edges:   0


metaMDBG contig  /var/folders/zg/vq0dnx517c54hg87dyqjky740000gn/T/.tmpwTqywI/tmp/ --threads 10

Input dir: /var/folders/zg/vq0dnx517c54hg87dyqjky740000gn/T/.tmpwTqywI/tmp/
Minimizer length: 15
Kminmer length: 179
Density: 0.005

Loading unitig graph
Load unitigs
Nb unitigs: 286
Nb minimizers: 78106
Add unitig abundances
Sorting abundances
Add unitig edges
Nb unitig edges: 306
Sorting unitig edges
Done loading unitig graph
Simplifying
Max abundance: 43
Nb unitigs: 286
Superbubble
Nb superbubble removed: 0 0 (0s)
Tip
Nb Tip removed: 53 (0s)
Superbubble
Nb superbubble removed: 0 0 (0s)
Tip
Nb Tip removed: 0 (0s)
Nb errors removed: 56 (0s)
Superbubble
Nb superbubble removed: 0 0 (0s)
Tip
Nb Tip removed: 0 (0s)
Nb errors removed: 31 (0s)
Superbubble
Nb superbubble removed: 0 0 (0s)
Tip
Nb Tip removed: 0 (0s)
Nb errors removed: 19 (0s)
Superbubble
Nb superbubble removed: 0 0 (0s)
Tip
Nb Tip removed: 0 (0s)
Nb errors removed: 14 (0s)
Superbubble
Nb superbubble removed: 0 0 (0s)
Tip
Nb Tip removed: 0 (0s)
Nb errors removed: 11 (0s)
Superbubble
Nb superbubble removed: 0 0 (0s)
Tip
Nb Tip removed: 0 (0s)
Nb errors removed: 20 (0s)
Superbubble
Nb superbubble removed: 0 0 (0s)
Tip
Nb Tip removed: 0 (0s)
Nb errors removed: 10 (0s)
Superbubble
Nb superbubble removed: 0 0 (0s)
Tip
Nb Tip removed: 0 (0s)
Nb errors removed: 12 (0s)
Superbubble
Nb superbubble removed: 0 0 (0s)
Tip
Nb Tip removed: 0 (0s)
Nb errors removed: 8 (0s)
Superbubble
Nb superbubble removed: 0 0 (0s)
Tip
Nb Tip removed: 0 (0s)
Nb errors removed: 12 (0s)
Superbubble
Nb superbubble removed: 0 0 (0s)
Tip
Nb Tip removed: 0 (0s)
Nb errors removed: 8 (0s)
Superbubble
Nb superbubble removed: 0 0 (0s)
Tip
Nb Tip removed: 0 (0s)
Nb errors removed: 5 (0s)
Superbubble
Nb superbubble removed: 0 0 (0s)
Tip
Nb Tip removed: 0 (0s)
Nb errors removed: 1 (0s)
Superbubble
Nb superbubble removed: 0 0 (0s)
Tip
Nb Tip removed: 0 (0s)
Nb errors removed: 2 (0s)
Superbubble
Nb superbubble removed: 0 0 (0s)
Tip
Nb Tip removed: 0 (0s)
Nb errors removed: 4 (0s)
Superbubble
Nb superbubble removed: 0 0 (0s)
Tip
Nb Tip removed: 0 (0s)
Nb errors removed: 1 (0s)
Superbubble
Nb superbubble removed: 0 0 (0s)
Tip
Nb Tip removed: 0 (0s)
Checksum: 0
Checksum abundnace: 0
Generating contigs
45.2593
28.1025
21.1138
15.8631
14.421
13.11
11.9182
10.8347
9.84974
8.14028
7.40025
6.11591
5.05447
4.17725
3.13843
2.14359
0


metaMDBG toMinspace  /var/folders/zg/vq0dnx517c54hg87dyqjky740000gn/T/.tmpwTqywI/tmp/ /var/folders/zg/vq0dnx517c54hg87dyqjky740000gn/T/.tmpwTqywI/tmp//contigs.nodepath /var/folders/zg/vq0dnx517c54hg87dyqjky740000gn/T/.tmpwTqywI/tmp//unitig_data.txt --threads 10

Input dir: /var/folders/zg/vq0dnx517c54hg87dyqjky740000gn/T/.tmpwTqywI/tmp/
Minimizer length: 15
Kminmer length: 179
Density: 0.005

Loading unitig sequences

Creating mContigs

Contig filename: /var/folders/zg/vq0dnx517c54hg87dyqjky740000gn/T/.tmpwTqywI/tmp//unitig_data.txt
pass done: 179
Multi-k pass: 180/209


metaMDBG graph /var/folders/zg/vq0dnx517c54hg87dyqjky740000gn/T/.tmpwTqywI/tmp/ --threads 10 --corrected-read 

Contig filename: 
Output dir: /var/folders/zg/vq0dnx517c54hg87dyqjky740000gn/T/.tmpwTqywI/tmp/
Minimizer length: 15
Kminmer length: 180
Density: 0.005
Min abundance: 0

Loading refined abundances
	Duration: 0
Collecting kminmers
Building mdbg
Duration: 0
Nb solid kminmers: 27061
Nb small contigs written: 0
Dump kminmer abundances
	Duration: 0
Indexing edges
Edge index size: 27195
Edge index elements: 51123
	Duration: 0
Compute unitig nodes
	Duration: 0
Index unitig edges
	Duration: 0
Compute unitig edges
	Duration: 0
Dump unitig abundances
	Duration: 0
Nb edges:   0


metaMDBG contig  /var/folders/zg/vq0dnx517c54hg87dyqjky740000gn/T/.tmpwTqywI/tmp/ --threads 10

Input dir: /var/folders/zg/vq0dnx517c54hg87dyqjky740000gn/T/.tmpwTqywI/tmp/
Minimizer length: 15
Kminmer length: 180
Density: 0.005

Loading unitig graph
Load unitigs
Nb unitigs: 279
Nb minimizers: 77002
Add unitig abundances
Sorting abundances
Add unitig edges
Nb unitig edges: 290
Sorting unitig edges
Done loading unitig graph
Simplifying
Max abundance: 43
Nb unitigs: 279
Superbubble
Nb superbubble removed: 0 0 (0s)
Tip
Nb Tip removed: 51 (0s)
Superbubble
Nb superbubble removed: 0 0 (0s)
Tip
Nb Tip removed: 0 (0s)
Nb errors removed: 54 (0s)
Superbubble
Nb superbubble removed: 0 0 (0s)
Tip
Nb Tip removed: 0 (0s)
Nb errors removed: 31 (0s)
Superbubble
Nb superbubble removed: 0 0 (0s)
Tip
Nb Tip removed: 0 (0s)
Nb errors removed: 19 (0s)
Superbubble
Nb superbubble removed: 0 0 (0s)
Tip
Nb Tip removed: 0 (0s)
Nb errors removed: 13 (0s)
Superbubble
Nb superbubble removed: 0 0 (0s)
Tip
Nb Tip removed: 0 (0s)
Nb errors removed: 11 (0s)
Superbubble
Nb superbubble removed: 0 0 (0s)
Tip
Nb Tip removed: 0 (0s)
Nb errors removed: 20 (0s)
Superbubble
Nb superbubble removed: 0 0 (0s)
Tip
Nb Tip removed: 0 (0s)
Nb errors removed: 10 (0s)
Superbubble
Nb superbubble removed: 0 0 (0s)
Tip
Nb Tip removed: 0 (0s)
Nb errors removed: 11 (0s)
Superbubble
Nb superbubble removed: 0 0 (0s)
Tip
Nb Tip removed: 0 (0s)
Nb errors removed: 8 (0s)
Superbubble
Nb superbubble removed: 0 0 (0s)
Tip
Nb Tip removed: 0 (0s)
Nb errors removed: 12 (0s)
Superbubble
Nb superbubble removed: 0 0 (0s)
Tip
Nb Tip removed: 0 (0s)
Nb errors removed: 8 (0s)
Superbubble
Nb superbubble removed: 0 0 (0s)
Tip
Nb Tip removed: 0 (0s)
Nb errors removed: 5 (0s)
Superbubble
Nb superbubble removed: 0 0 (0s)
Tip
Nb Tip removed: 0 (0s)
Nb errors removed: 1 (0s)
Superbubble
Nb superbubble removed: 0 0 (0s)
Tip
Nb Tip removed: 0 (0s)
Nb errors removed: 2 (0s)
Superbubble
Nb superbubble removed: 0 0 (0s)
Tip
Nb Tip removed: 0 (0s)
Nb errors removed: 4 (0s)
Superbubble
Nb superbubble removed: 0 0 (0s)
Tip
Nb Tip removed: 0 (0s)
Nb errors removed: 1 (0s)
Superbubble
Nb superbubble removed: 0 0 (0s)
Tip
Nb Tip removed: 0 (0s)
Checksum: 0
Checksum abundnace: 0
Generating contigs
45.2593
28.1025
21.1138
15.8631
14.421
13.11
11.9182
10.8347
9.84974
8.14028
7.40025
6.11591
5.05447
4.17725
3.13843
2.14359
0


metaMDBG toMinspace  /var/folders/zg/vq0dnx517c54hg87dyqjky740000gn/T/.tmpwTqywI/tmp/ /var/folders/zg/vq0dnx517c54hg87dyqjky740000gn/T/.tmpwTqywI/tmp//contigs.nodepath /var/folders/zg/vq0dnx517c54hg87dyqjky740000gn/T/.tmpwTqywI/tmp//unitig_data.txt --threads 10

Input dir: /var/folders/zg/vq0dnx517c54hg87dyqjky740000gn/T/.tmpwTqywI/tmp/
Minimizer length: 15
Kminmer length: 180
Density: 0.005

Loading unitig sequences

Creating mContigs

Contig filename: /var/folders/zg/vq0dnx517c54hg87dyqjky740000gn/T/.tmpwTqywI/tmp//unitig_data.txt
pass done: 180
Multi-k pass: 181/209


metaMDBG graph /var/folders/zg/vq0dnx517c54hg87dyqjky740000gn/T/.tmpwTqywI/tmp/ --threads 10 --corrected-read 

Contig filename: 
Output dir: /var/folders/zg/vq0dnx517c54hg87dyqjky740000gn/T/.tmpwTqywI/tmp/
Minimizer length: 15
Kminmer length: 181
Density: 0.005
Min abundance: 0

Loading refined abundances
	Duration: 0
Collecting kminmers
Building mdbg
Duration: 0
Nb solid kminmers: 26926
Nb small contigs written: 0
Dump kminmer abundances
	Duration: 0
Indexing edges
Edge index size: 27059
Edge index elements: 50951
	Duration: 0
Compute unitig nodes
	Duration: 0
Index unitig edges
	Duration: 0
Compute unitig edges
	Duration: 0
Dump unitig abundances
	Duration: 0
Nb edges:   0


metaMDBG contig  /var/folders/zg/vq0dnx517c54hg87dyqjky740000gn/T/.tmpwTqywI/tmp/ --threads 10 --gen-graph 

Input dir: /var/folders/zg/vq0dnx517c54hg87dyqjky740000gn/T/.tmpwTqywI/tmp/
Minimizer length: 15
Kminmer length: 181
Density: 0.005

Loading unitig graph
Load unitigs
Nb unitigs: 275
Nb minimizers: 76426
Add unitig abundances
Sorting abundances
Add unitig edges
Nb unitig edges: 286
Sorting unitig edges
Done loading unitig graph
Simplifying
Max abundance: 43
Nb unitigs: 275
Superbubble
Nb superbubble removed: 0 0 (0s)
Tip
Nb Tip removed: 49 (0s)
Superbubble
Nb superbubble removed: 0 0 (0s)
Tip
Nb Tip removed: 0 (0s)
Saving unitig graph: /var/folders/zg/vq0dnx517c54hg87dyqjky740000gn/T/.tmpwTqywI/tmp//assembly_graph.gfa
Nb errors removed: 54 (0s)
Superbubble
Nb superbubble removed: 0 0 (0s)
Tip
Nb Tip removed: 0 (0s)
Nb errors removed: 31 (0s)
Superbubble
Nb superbubble removed: 0 0 (0s)
Tip
Nb Tip removed: 0 (0s)
Nb errors removed: 18 (0s)
Superbubble
Nb superbubble removed: 0 0 (0s)
Tip
Nb Tip removed: 0 (0s)
Nb errors removed: 13 (0s)
Superbubble
Nb superbubble removed: 0 0 (0s)
Tip
Nb Tip removed: 0 (0s)
Nb errors removed: 11 (0s)
Superbubble
Nb superbubble removed: 0 0 (0s)
Tip
Nb Tip removed: 0 (0s)
Nb errors removed: 20 (0s)
Superbubble
Nb superbubble removed: 0 0 (0s)
Tip
Nb Tip removed: 0 (0s)
Nb errors removed: 11 (0s)
Superbubble
Nb superbubble removed: 0 0 (0s)
Tip
Nb Tip removed: 0 (0s)
Nb errors removed: 11 (0s)
Superbubble
Nb superbubble removed: 0 0 (0s)
Tip
Nb Tip removed: 0 (0s)
Nb errors removed: 8 (0s)
Superbubble
Nb superbubble removed: 0 0 (0s)
Tip
Nb Tip removed: 0 (0s)
Nb errors removed: 11 (0s)
Superbubble
Nb superbubble removed: 0 0 (0s)
Tip
Nb Tip removed: 0 (0s)
Nb errors removed: 8 (0s)
Superbubble
Nb superbubble removed: 0 0 (0s)
Tip
Nb Tip removed: 0 (0s)
Nb errors removed: 5 (0s)
Superbubble
Nb superbubble removed: 0 0 (0s)
Tip
Nb Tip removed: 0 (0s)
Nb errors removed: 1 (0s)
Superbubble
Nb superbubble removed: 0 0 (0s)
Tip
Nb Tip removed: 0 (0s)
Nb errors removed: 2 (0s)
Superbubble
Nb superbubble removed: 0 0 (0s)
Tip
Nb Tip removed: 0 (0s)
Nb errors removed: 4 (0s)
Superbubble
Nb superbubble removed: 0 0 (0s)
Tip
Nb Tip removed: 0 (0s)
Nb errors removed: 1 (0s)
Superbubble
Nb superbubble removed: 0 0 (0s)
Tip
Nb Tip removed: 0 (0s)
Checksum: 0
Checksum abundnace: 0
Generating contigs
45.2593
28.1025
21.1138
15.8631
14.421
13.11
11.9182
10.8347
9.84974
8.14028
7.40025
6.11591
5.05447
4.17725
3.13843
2.14359
0


metaMDBG toMinspace  /var/folders/zg/vq0dnx517c54hg87dyqjky740000gn/T/.tmpwTqywI/tmp/ /var/folders/zg/vq0dnx517c54hg87dyqjky740000gn/T/.tmpwTqywI/tmp//contigs.nodepath /var/folders/zg/vq0dnx517c54hg87dyqjky740000gn/T/.tmpwTqywI/tmp//unitig_data.txt --threads 10

Input dir: /var/folders/zg/vq0dnx517c54hg87dyqjky740000gn/T/.tmpwTqywI/tmp/
Minimizer length: 15
Kminmer length: 181
Density: 0.005

Loading unitig sequences

Creating mContigs

Contig filename: /var/folders/zg/vq0dnx517c54hg87dyqjky740000gn/T/.tmpwTqywI/tmp//unitig_data.txt


metaMDBG toMinspace  /var/folders/zg/vq0dnx517c54hg87dyqjky740000gn/T/.tmpwTqywI/tmp/ /var/folders/zg/vq0dnx517c54hg87dyqjky740000gn/T/.tmpwTqywI/tmp//assembly_graph.gfa.unitigs.nodepath /var/folders/zg/vq0dnx517c54hg87dyqjky740000gn/T/.tmpwTqywI/tmp//assembly_graph.gfa.unitigs --threads 10

Input dir: /var/folders/zg/vq0dnx517c54hg87dyqjky740000gn/T/.tmpwTqywI/tmp/
Minimizer length: 15
Kminmer length: 181
Density: 0.005

Loading unitig sequences

Creating mContigs

Contig filename: /var/folders/zg/vq0dnx517c54hg87dyqjky740000gn/T/.tmpwTqywI/tmp//assembly_graph.gfa.unitigs
pass done: 181
Multi-k pass: 182/209


metaMDBG graph /var/folders/zg/vq0dnx517c54hg87dyqjky740000gn/T/.tmpwTqywI/tmp/ --threads 10 --corrected-read 

Contig filename: 
Output dir: /var/folders/zg/vq0dnx517c54hg87dyqjky740000gn/T/.tmpwTqywI/tmp/
Minimizer length: 15
Kminmer length: 182
Density: 0.005
Min abundance: 0

Loading refined abundances
	Duration: 0
Collecting kminmers
Building mdbg
Duration: 0
Nb solid kminmers: 26792
Nb small contigs written: 0
Dump kminmer abundances
	Duration: 0
Indexing edges
Edge index size: 26925
Edge index elements: 50791
	Duration: 0
Compute unitig nodes
	Duration: 0
Index unitig edges
	Duration: 0
Compute unitig edges
	Duration: 0
Dump unitig abundances
	Duration: 0
Nb edges:   0


metaMDBG contig  /var/folders/zg/vq0dnx517c54hg87dyqjky740000gn/T/.tmpwTqywI/tmp/ --threads 10

Input dir: /var/folders/zg/vq0dnx517c54hg87dyqjky740000gn/T/.tmpwTqywI/tmp/
Minimizer length: 15
Kminmer length: 182
Density: 0.005

Loading unitig graph
Load unitigs
Nb unitigs: 271
Nb minimizers: 75843
Add unitig abundances
Sorting abundances
Add unitig edges
Nb unitig edges: 278
Sorting unitig edges
Done loading unitig graph
Simplifying
Max abundance: 43
Nb unitigs: 271
Superbubble
Nb superbubble removed: 0 0 (0s)
Tip
Nb Tip removed: 47 (0s)
Superbubble
Nb superbubble removed: 0 0 (0s)
Tip
Nb Tip removed: 0 (0s)
Nb errors removed: 54 (0s)
Superbubble
Nb superbubble removed: 0 0 (0s)
Tip
Nb Tip removed: 0 (0s)
Nb errors removed: 30 (0s)
Superbubble
Nb superbubble removed: 0 0 (0s)
Tip
Nb Tip removed: 0 (0s)
Nb errors removed: 18 (0s)
Superbubble
Nb superbubble removed: 0 0 (0s)
Tip
Nb Tip removed: 0 (0s)
Nb errors removed: 12 (0s)
Superbubble
Nb superbubble removed: 0 0 (0s)
Tip
Nb Tip removed: 0 (0s)
Nb errors removed: 11 (0s)
Superbubble
Nb superbubble removed: 0 0 (0s)
Tip
Nb Tip removed: 0 (0s)
Nb errors removed: 20 (0s)
Superbubble
Nb superbubble removed: 0 0 (0s)
Tip
Nb Tip removed: 0 (0s)
Nb errors removed: 11 (0s)
Superbubble
Nb superbubble removed: 0 0 (0s)
Tip
Nb Tip removed: 0 (0s)
Nb errors removed: 11 (0s)
Superbubble
Nb superbubble removed: 0 0 (0s)
Tip
Nb Tip removed: 0 (0s)
Nb errors removed: 8 (0s)
Superbubble
Nb superbubble removed: 0 0 (0s)
Tip
Nb Tip removed: 0 (0s)
Nb errors removed: 11 (0s)
Superbubble
Nb superbubble removed: 0 0 (0s)
Tip
Nb Tip removed: 0 (0s)
Nb errors removed: 8 (0s)
Superbubble
Nb superbubble removed: 0 0 (0s)
Tip
Nb Tip removed: 0 (0s)
Nb errors removed: 5 (0s)
Superbubble
Nb superbubble removed: 0 0 (0s)
Tip
Nb Tip removed: 0 (0s)
Nb errors removed: 1 (0s)
Superbubble
Nb superbubble removed: 0 0 (0s)
Tip
Nb Tip removed: 0 (0s)
Nb errors removed: 2 (0s)
Superbubble
Nb superbubble removed: 0 0 (0s)
Tip
Nb Tip removed: 0 (0s)
Nb errors removed: 4 (0s)
Superbubble
Nb superbubble removed: 0 0 (0s)
Tip
Nb Tip removed: 0 (0s)
Nb errors removed: 1 (0s)
Superbubble
Nb superbubble removed: 0 0 (0s)
Tip
Nb Tip removed: 0 (0s)
Checksum: 0
Checksum abundnace: 0
Generating contigs
45.2593
28.1025
21.1138
15.8631
14.421
13.11
11.9182
10.8347
9.84974
8.14028
7.40025
6.11591
5.05447
4.17725
3.13843
2.14359
0


metaMDBG toMinspace  /var/folders/zg/vq0dnx517c54hg87dyqjky740000gn/T/.tmpwTqywI/tmp/ /var/folders/zg/vq0dnx517c54hg87dyqjky740000gn/T/.tmpwTqywI/tmp//contigs.nodepath /var/folders/zg/vq0dnx517c54hg87dyqjky740000gn/T/.tmpwTqywI/tmp//unitig_data.txt --threads 10

Input dir: /var/folders/zg/vq0dnx517c54hg87dyqjky740000gn/T/.tmpwTqywI/tmp/
Minimizer length: 15
Kminmer length: 182
Density: 0.005

Loading unitig sequences

Creating mContigs

Contig filename: /var/folders/zg/vq0dnx517c54hg87dyqjky740000gn/T/.tmpwTqywI/tmp//unitig_data.txt
pass done: 182
Multi-k pass: 183/209


metaMDBG graph /var/folders/zg/vq0dnx517c54hg87dyqjky740000gn/T/.tmpwTqywI/tmp/ --threads 10 --corrected-read 

Contig filename: 
Output dir: /var/folders/zg/vq0dnx517c54hg87dyqjky740000gn/T/.tmpwTqywI/tmp/
Minimizer length: 15
Kminmer length: 183
Density: 0.005
Min abundance: 0

Loading refined abundances
	Duration: 0
Collecting kminmers
Building mdbg
Duration: 0
Nb solid kminmers: 26656
Nb small contigs written: 0
Dump kminmer abundances
	Duration: 0
Indexing edges
Edge index size: 26788
Edge index elements: 50621
	Duration: 0
Compute unitig nodes
	Duration: 0
Index unitig edges
	Duration: 0
Compute unitig edges
	Duration: 0
Dump unitig abundances
	Duration: 0
Nb edges:   0


metaMDBG contig  /var/folders/zg/vq0dnx517c54hg87dyqjky740000gn/T/.tmpwTqywI/tmp/ --threads 10

Input dir: /var/folders/zg/vq0dnx517c54hg87dyqjky740000gn/T/.tmpwTqywI/tmp/
Minimizer length: 15
Kminmer length: 183
Density: 0.005

Loading unitig graph
Load unitigs
Nb unitigs: 263
Nb minimizers: 74522
Add unitig abundances
Sorting abundances
Add unitig edges
Nb unitig edges: 262
Sorting unitig edges
Done loading unitig graph
Simplifying
Max abundance: 43
Nb unitigs: 263
Superbubble
Nb superbubble removed: 0 0 (0s)
Tip
Nb Tip removed: 43 (0s)
Superbubble
Nb superbubble removed: 0 0 (0s)
Tip
Nb Tip removed: 0 (0s)
Nb errors removed: 53 (0s)
Superbubble
Nb superbubble removed: 0 0 (0s)
Tip
Nb Tip removed: 0 (0s)
Nb errors removed: 29 (0s)
Superbubble
Nb superbubble removed: 0 0 (0s)
Tip
Nb Tip removed: 0 (0s)
Nb errors removed: 18 (0s)
Superbubble
Nb superbubble removed: 0 0 (0s)
Tip
Nb Tip removed: 0 (0s)
Nb errors removed: 12 (0s)
Superbubble
Nb superbubble removed: 0 0 (0s)
Tip
Nb Tip removed: 0 (0s)
Nb errors removed: 9 (0s)
Superbubble
Nb superbubble removed: 0 0 (0s)
Tip
Nb Tip removed: 0 (0s)
Nb errors removed: 19 (0s)
Superbubble
Nb superbubble removed: 0 0 (0s)
Tip
Nb Tip removed: 0 (0s)
Nb errors removed: 12 (0s)
Superbubble
Nb superbubble removed: 0 0 (0s)
Tip
Nb Tip removed: 0 (0s)
Nb errors removed: 11 (0s)
Superbubble
Nb superbubble removed: 0 0 (0s)
Tip
Nb Tip removed: 0 (0s)
Nb errors removed: 8 (0s)
Superbubble
Nb superbubble removed: 0 0 (0s)
Tip
Nb Tip removed: 0 (0s)
Nb errors removed: 11 (0s)
Superbubble
Nb superbubble removed: 0 0 (0s)
Tip
Nb Tip removed: 0 (0s)
Nb errors removed: 7 (0s)
Superbubble
Nb superbubble removed: 0 0 (0s)
Tip
Nb Tip removed: 0 (0s)
Nb errors removed: 5 (0s)
Superbubble
Nb superbubble removed: 0 0 (0s)
Tip
Nb Tip removed: 0 (0s)
Nb errors removed: 1 (0s)
Superbubble
Nb superbubble removed: 0 0 (0s)
Tip
Nb Tip removed: 0 (0s)
Nb errors removed: 2 (0s)
Superbubble
Nb superbubble removed: 0 0 (0s)
Tip
Nb Tip removed: 0 (0s)
Nb errors removed: 4 (0s)
Superbubble
Nb superbubble removed: 0 0 (0s)
Tip
Nb Tip removed: 0 (0s)
Nb errors removed: 1 (0s)
Superbubble
Nb superbubble removed: 0 0 (0s)
Tip
Nb Tip removed: 0 (0s)
Checksum: 0
Checksum abundnace: 0
Generating contigs
45.2593
28.1025
21.1138
15.8631
14.421
13.11
11.9182
10.8347
9.84974
8.14028
7.40025
6.11591
5.05447
4.17725
3.13843
2.14359
0


metaMDBG toMinspace  /var/folders/zg/vq0dnx517c54hg87dyqjky740000gn/T/.tmpwTqywI/tmp/ /var/folders/zg/vq0dnx517c54hg87dyqjky740000gn/T/.tmpwTqywI/tmp//contigs.nodepath /var/folders/zg/vq0dnx517c54hg87dyqjky740000gn/T/.tmpwTqywI/tmp//unitig_data.txt --threads 10

Input dir: /var/folders/zg/vq0dnx517c54hg87dyqjky740000gn/T/.tmpwTqywI/tmp/
Minimizer length: 15
Kminmer length: 183
Density: 0.005

Loading unitig sequences

Creating mContigs

Contig filename: /var/folders/zg/vq0dnx517c54hg87dyqjky740000gn/T/.tmpwTqywI/tmp//unitig_data.txt
pass done: 183
Multi-k pass: 184/209


metaMDBG graph /var/folders/zg/vq0dnx517c54hg87dyqjky740000gn/T/.tmpwTqywI/tmp/ --threads 10 --corrected-read 

Contig filename: 
Output dir: /var/folders/zg/vq0dnx517c54hg87dyqjky740000gn/T/.tmpwTqywI/tmp/
Minimizer length: 15
Kminmer length: 184
Density: 0.005
Min abundance: 0

Loading refined abundances
	Duration: 0
Collecting kminmers
Building mdbg
Duration: 0
Nb solid kminmers: 26522
Nb small contigs written: 0
Dump kminmer abundances
	Duration: 0
Indexing edges
Edge index size: 26654
Edge index elements: 50255
	Duration: 0
Compute unitig nodes
	Duration: 0
Index unitig edges
	Duration: 0
Compute unitig edges
	Duration: 0
Dump unitig abundances
	Duration: 0
Nb edges:   0


metaMDBG contig  /var/folders/zg/vq0dnx517c54hg87dyqjky740000gn/T/.tmpwTqywI/tmp/ --threads 10

Input dir: /var/folders/zg/vq0dnx517c54hg87dyqjky740000gn/T/.tmpwTqywI/tmp/
Minimizer length: 15
Kminmer length: 184
Density: 0.005

Loading unitig graph
Load unitigs
Nb unitigs: 259
Nb minimizers: 73919
Add unitig abundances
Sorting abundances
Add unitig edges
Nb unitig edges: 254
Sorting unitig edges
Done loading unitig graph
Simplifying
Max abundance: 43
Nb unitigs: 259
Superbubble
Nb superbubble removed: 0 0 (0s)
Tip
Nb Tip removed: 41 (0s)
Superbubble
Nb superbubble removed: 0 0 (0s)
Tip
Nb Tip removed: 0 (0s)
Nb errors removed: 52 (0s)
Superbubble
Nb superbubble removed: 0 0 (0s)
Tip
Nb Tip removed: 0 (0s)
Nb errors removed: 28 (0s)
Superbubble
Nb superbubble removed: 0 0 (0s)
Tip
Nb Tip removed: 0 (0s)
Nb errors removed: 18 (0s)
Superbubble
Nb superbubble removed: 0 0 (0s)
Tip
Nb Tip removed: 0 (0s)
Nb errors removed: 12 (0s)
Superbubble
Nb superbubble removed: 0 0 (0s)
Tip
Nb Tip removed: 0 (0s)
Nb errors removed: 9 (0s)
Superbubble
Nb superbubble removed: 0 0 (0s)
Tip
Nb Tip removed: 0 (0s)
Nb errors removed: 19 (0s)
Superbubble
Nb superbubble removed: 0 0 (0s)
Tip
Nb Tip removed: 0 (0s)
Nb errors removed: 11 (0s)
Superbubble
Nb superbubble removed: 0 0 (0s)
Tip
Nb Tip removed: 0 (0s)
Nb errors removed: 11 (0s)
Superbubble
Nb superbubble removed: 0 0 (0s)
Tip
Nb Tip removed: 0 (0s)
Nb errors removed: 8 (0s)
Superbubble
Nb superbubble removed: 0 0 (0s)
Tip
Nb Tip removed: 0 (0s)
Nb errors removed: 11 (0s)
Superbubble
Nb superbubble removed: 0 0 (0s)
Tip
Nb Tip removed: 0 (0s)
Nb errors removed: 7 (0s)
Superbubble
Nb superbubble removed: 0 0 (0s)
Tip
Nb Tip removed: 0 (0s)
Nb errors removed: 5 (0s)
Superbubble
Nb superbubble removed: 0 0 (0s)
Tip
Nb Tip removed: 0 (0s)
Nb errors removed: 1 (0s)
Superbubble
Nb superbubble removed: 0 0 (0s)
Tip
Nb Tip removed: 0 (0s)
Nb errors removed: 2 (0s)
Superbubble
Nb superbubble removed: 0 0 (0s)
Tip
Nb Tip removed: 0 (0s)
Nb errors removed: 4 (0s)
Superbubble
Nb superbubble removed: 0 0 (0s)
Tip
Nb Tip removed: 0 (0s)
Nb errors removed: 1 (0s)
Superbubble
Nb superbubble removed: 0 0 (0s)
Tip
Nb Tip removed: 0 (0s)
Checksum: 0
Checksum abundnace: 0
Generating contigs
45.2593
28.1025
21.1138
15.8631
14.421
13.11
11.9182
10.8347
9.84974
8.14028
7.40025
6.11591
5.05447
4.17725
3.13843
2.14359
0


metaMDBG toMinspace  /var/folders/zg/vq0dnx517c54hg87dyqjky740000gn/T/.tmpwTqywI/tmp/ /var/folders/zg/vq0dnx517c54hg87dyqjky740000gn/T/.tmpwTqywI/tmp//contigs.nodepath /var/folders/zg/vq0dnx517c54hg87dyqjky740000gn/T/.tmpwTqywI/tmp//unitig_data.txt --threads 10

Input dir: /var/folders/zg/vq0dnx517c54hg87dyqjky740000gn/T/.tmpwTqywI/tmp/
Minimizer length: 15
Kminmer length: 184
Density: 0.005

Loading unitig sequences

Creating mContigs

Contig filename: /var/folders/zg/vq0dnx517c54hg87dyqjky740000gn/T/.tmpwTqywI/tmp//unitig_data.txt
pass done: 184
Multi-k pass: 185/209


metaMDBG graph /var/folders/zg/vq0dnx517c54hg87dyqjky740000gn/T/.tmpwTqywI/tmp/ --threads 10 --corrected-read 

Contig filename: 
Output dir: /var/folders/zg/vq0dnx517c54hg87dyqjky740000gn/T/.tmpwTqywI/tmp/
Minimizer length: 15
Kminmer length: 185
Density: 0.005
Min abundance: 0

Loading refined abundances
	Duration: 0
Collecting kminmers
Building mdbg
Duration: 0
Nb solid kminmers: 26388
Nb small contigs written: 0
Dump kminmer abundances
	Duration: 0
Indexing edges
Edge index size: 26521
Edge index elements: 50038
	Duration: 0
Compute unitig nodes
	Duration: 0
Index unitig edges
	Duration: 0
Compute unitig edges
	Duration: 0
Dump unitig abundances
	Duration: 0
Nb edges:   0


metaMDBG contig  /var/folders/zg/vq0dnx517c54hg87dyqjky740000gn/T/.tmpwTqywI/tmp/ --threads 10

Input dir: /var/folders/zg/vq0dnx517c54hg87dyqjky740000gn/T/.tmpwTqywI/tmp/
Minimizer length: 15
Kminmer length: 185
Density: 0.005

Loading unitig graph
Load unitigs
Nb unitigs: 256
Nb minimizers: 73492
Add unitig abundances
Sorting abundances
Add unitig edges
Nb unitig edges: 246
Sorting unitig edges
Done loading unitig graph
Simplifying
Max abundance: 43
Nb unitigs: 256
Superbubble
Nb superbubble removed: 0 0 (0s)
Tip
Nb Tip removed: 40 (0s)
Superbubble
Nb superbubble removed: 0 0 (0s)
Tip
Nb Tip removed: 0 (0s)
Nb errors removed: 52 (0s)
Superbubble
Nb superbubble removed: 0 0 (0s)
Tip
Nb Tip removed: 0 (0s)
Nb errors removed: 27 (0s)
Superbubble
Nb superbubble removed: 0 0 (0s)
Tip
Nb Tip removed: 0 (0s)
Nb errors removed: 18 (0s)
Superbubble
Nb superbubble removed: 0 0 (0s)
Tip
Nb Tip removed: 0 (0s)
Nb errors removed: 12 (0s)
Superbubble
Nb superbubble removed: 0 0 (0s)
Tip
Nb Tip removed: 0 (0s)
Nb errors removed: 9 (0s)
Superbubble
Nb superbubble removed: 0 0 (0s)
Tip
Nb Tip removed: 0 (0s)
Nb errors removed: 19 (0s)
Superbubble
Nb superbubble removed: 0 0 (0s)
Tip
Nb Tip removed: 0 (0s)
Nb errors removed: 11 (0s)
Superbubble
Nb superbubble removed: 0 0 (0s)
Tip
Nb Tip removed: 0 (0s)
Nb errors removed: 11 (0s)
Superbubble
Nb superbubble removed: 0 0 (0s)
Tip
Nb Tip removed: 0 (0s)
Nb errors removed: 8 (0s)
Superbubble
Nb superbubble removed: 0 0 (0s)
Tip
Nb Tip removed: 0 (0s)
Nb errors removed: 11 (0s)
Superbubble
Nb superbubble removed: 0 0 (0s)
Tip
Nb Tip removed: 0 (0s)
Nb errors removed: 7 (0s)
Superbubble
Nb superbubble removed: 0 0 (0s)
Tip
Nb Tip removed: 0 (0s)
Nb errors removed: 5 (0s)
Superbubble
Nb superbubble removed: 0 0 (0s)
Tip
Nb Tip removed: 0 (0s)
Nb errors removed: 1 (0s)
Superbubble
Nb superbubble removed: 0 0 (0s)
Tip
Nb Tip removed: 0 (0s)
Nb errors removed: 2 (0s)
Superbubble
Nb superbubble removed: 0 0 (0s)
Tip
Nb Tip removed: 0 (0s)
Nb errors removed: 4 (0s)
Superbubble
Nb superbubble removed: 0 0 (0s)
Tip
Nb Tip removed: 0 (0s)
Nb errors removed: 1 (0s)
Superbubble
Nb superbubble removed: 0 0 (0s)
Tip
Nb Tip removed: 0 (0s)
Checksum: 0
Checksum abundnace: 0
Generating contigs
45.2593
28.1025
21.1138
15.8631
14.421
13.11
11.9182
10.8347
9.84974
8.14028
7.40025
6.11591
5.05447
4.17725
3.13843
2.14359
0


metaMDBG toMinspace  /var/folders/zg/vq0dnx517c54hg87dyqjky740000gn/T/.tmpwTqywI/tmp/ /var/folders/zg/vq0dnx517c54hg87dyqjky740000gn/T/.tmpwTqywI/tmp//contigs.nodepath /var/folders/zg/vq0dnx517c54hg87dyqjky740000gn/T/.tmpwTqywI/tmp//unitig_data.txt --threads 10

Input dir: /var/folders/zg/vq0dnx517c54hg87dyqjky740000gn/T/.tmpwTqywI/tmp/
Minimizer length: 15
Kminmer length: 185
Density: 0.005

Loading unitig sequences

Creating mContigs

Contig filename: /var/folders/zg/vq0dnx517c54hg87dyqjky740000gn/T/.tmpwTqywI/tmp//unitig_data.txt
pass done: 185
Multi-k pass: 186/209


metaMDBG graph /var/folders/zg/vq0dnx517c54hg87dyqjky740000gn/T/.tmpwTqywI/tmp/ --threads 10 --corrected-read 

Contig filename: 
Output dir: /var/folders/zg/vq0dnx517c54hg87dyqjky740000gn/T/.tmpwTqywI/tmp/
Minimizer length: 15
Kminmer length: 186
Density: 0.005
Min abundance: 0

Loading refined abundances
	Duration: 0
Collecting kminmers
Building mdbg
Duration: 0
Nb solid kminmers: 26255
Nb small contigs written: 0
Dump kminmer abundances
	Duration: 0
Indexing edges
Edge index size: 26386
Edge index elements: 49780
	Duration: 0
Compute unitig nodes
	Duration: 0
Index unitig edges
	Duration: 0
Compute unitig edges
	Duration: 0
Dump unitig abundances
	Duration: 0
Nb edges:   0


metaMDBG contig  /var/folders/zg/vq0dnx517c54hg87dyqjky740000gn/T/.tmpwTqywI/tmp/ --threads 10

Input dir: /var/folders/zg/vq0dnx517c54hg87dyqjky740000gn/T/.tmpwTqywI/tmp/
Minimizer length: 15
Kminmer length: 186
Density: 0.005

Loading unitig graph
Load unitigs
Nb unitigs: 254
Nb minimizers: 73245
Add unitig abundances
Sorting abundances
Add unitig edges
Nb unitig edges: 246
Sorting unitig edges
Done loading unitig graph
Simplifying
Max abundance: 43
Nb unitigs: 254
Superbubble
Nb superbubble removed: 0 0 (0s)
Tip
Nb Tip removed: 40 (0s)
Superbubble
Nb superbubble removed: 0 0 (0s)
Tip
Nb Tip removed: 0 (0s)
Nb errors removed: 52 (0s)
Superbubble
Nb superbubble removed: 0 0 (0s)
Tip
Nb Tip removed: 0 (0s)
Nb errors removed: 26 (0s)
Superbubble
Nb superbubble removed: 0 0 (0s)
Tip
Nb Tip removed: 0 (0s)
Nb errors removed: 18 (0s)
Superbubble
Nb superbubble removed: 0 0 (0s)
Tip
Nb Tip removed: 0 (0s)
Nb errors removed: 12 (0s)
Superbubble
Nb superbubble removed: 0 0 (0s)
Tip
Nb Tip removed: 0 (0s)
Nb errors removed: 9 (0s)
Superbubble
Nb superbubble removed: 0 0 (0s)
Tip
Nb Tip removed: 0 (0s)
Nb errors removed: 19 (0s)
Superbubble
Nb superbubble removed: 0 0 (0s)
Tip
Nb Tip removed: 0 (0s)
Nb errors removed: 11 (0s)
Superbubble
Nb superbubble removed: 0 0 (0s)
Tip
Nb Tip removed: 0 (0s)
Nb errors removed: 11 (0s)
Superbubble
Nb superbubble removed: 0 0 (0s)
Tip
Nb Tip removed: 0 (0s)
Nb errors removed: 8 (0s)
Superbubble
Nb superbubble removed: 0 0 (0s)
Tip
Nb Tip removed: 0 (0s)
Nb errors removed: 11 (0s)
Superbubble
Nb superbubble removed: 0 0 (0s)
Tip
Nb Tip removed: 0 (0s)
Nb errors removed: 7 (0s)
Superbubble
Nb superbubble removed: 0 0 (0s)
Tip
Nb Tip removed: 0 (0s)
Nb errors removed: 5 (0s)
Superbubble
Nb superbubble removed: 0 0 (0s)
Tip
Nb Tip removed: 0 (0s)
Nb errors removed: 1 (0s)
Superbubble
Nb superbubble removed: 0 0 (0s)
Tip
Nb Tip removed: 0 (0s)
Nb errors removed: 2 (0s)
Superbubble
Nb superbubble removed: 0 0 (0s)
Tip
Nb Tip removed: 0 (0s)
Nb errors removed: 4 (0s)
Superbubble
Nb superbubble removed: 0 0 (0s)
Tip
Nb Tip removed: 0 (0s)
Nb errors removed: 1 (0s)
Superbubble
Nb superbubble removed: 0 0 (0s)
Tip
Nb Tip removed: 0 (0s)
Checksum: 0
Checksum abundnace: 0
Generating contigs
45.2593
28.1025
21.1138
15.8631
14.421
13.11
11.9182
10.8347
9.84974
8.14028
7.40025
6.11591
5.05447
4.17725
3.13843
2.14359
0


metaMDBG toMinspace  /var/folders/zg/vq0dnx517c54hg87dyqjky740000gn/T/.tmpwTqywI/tmp/ /var/folders/zg/vq0dnx517c54hg87dyqjky740000gn/T/.tmpwTqywI/tmp//contigs.nodepath /var/folders/zg/vq0dnx517c54hg87dyqjky740000gn/T/.tmpwTqywI/tmp//unitig_data.txt --threads 10

Input dir: /var/folders/zg/vq0dnx517c54hg87dyqjky740000gn/T/.tmpwTqywI/tmp/
Minimizer length: 15
Kminmer length: 186
Density: 0.005

Loading unitig sequences

Creating mContigs

Contig filename: /var/folders/zg/vq0dnx517c54hg87dyqjky740000gn/T/.tmpwTqywI/tmp//unitig_data.txt
pass done: 186
Multi-k pass: 187/209


metaMDBG graph /var/folders/zg/vq0dnx517c54hg87dyqjky740000gn/T/.tmpwTqywI/tmp/ --threads 10 --corrected-read 

Contig filename: 
Output dir: /var/folders/zg/vq0dnx517c54hg87dyqjky740000gn/T/.tmpwTqywI/tmp/
Minimizer length: 15
Kminmer length: 187
Density: 0.005
Min abundance: 0

Loading refined abundances
	Duration: 0
Collecting kminmers
Building mdbg
Duration: 0
Nb solid kminmers: 26122
Nb small contigs written: 0
Dump kminmer abundances
	Duration: 0
Indexing edges
Edge index size: 26249
Edge index elements: 49778
	Duration: 0
Compute unitig nodes
	Duration: 0
Index unitig edges
	Duration: 0
Compute unitig edges
	Duration: 0
Dump unitig abundances
	Duration: 0
Nb edges:   0


metaMDBG contig  /var/folders/zg/vq0dnx517c54hg87dyqjky740000gn/T/.tmpwTqywI/tmp/ --threads 10

Input dir: /var/folders/zg/vq0dnx517c54hg87dyqjky740000gn/T/.tmpwTqywI/tmp/
Minimizer length: 15
Kminmer length: 187
Density: 0.005

Loading unitig graph
Load unitigs
Nb unitigs: 246
Nb minimizers: 71878
Add unitig abundances
Sorting abundances
Add unitig edges
Nb unitig edges: 238
Sorting unitig edges
Done loading unitig graph
Simplifying
Max abundance: 43
Nb unitigs: 246
Superbubble
Nb superbubble removed: 0 0 (0s)
Tip
Nb Tip removed: 38 (0s)
Superbubble
Nb superbubble removed: 0 0 (0s)
Tip
Nb Tip removed: 0 (0s)
Nb errors removed: 50 (0s)
Superbubble
Nb superbubble removed: 0 0 (0s)
Tip
Nb Tip removed: 0 (0s)
Nb errors removed: 25 (0s)
Superbubble
Nb superbubble removed: 0 0 (0s)
Tip
Nb Tip removed: 0 (0s)
Nb errors removed: 18 (0s)
Superbubble
Nb superbubble removed: 0 0 (0s)
Tip
Nb Tip removed: 0 (0s)
Nb errors removed: 12 (0s)
Superbubble
Nb superbubble removed: 0 0 (0s)
Tip
Nb Tip removed: 0 (0s)
Nb errors removed: 8 (0s)
Superbubble
Nb superbubble removed: 0 0 (0s)
Tip
Nb Tip removed: 0 (0s)
Nb errors removed: 18 (0s)
Superbubble
Nb superbubble removed: 0 0 (0s)
Tip
Nb Tip removed: 0 (0s)
Nb errors removed: 10 (0s)
Superbubble
Nb superbubble removed: 0 0 (0s)
Tip
Nb Tip removed: 0 (0s)
Nb errors removed: 10 (0s)
Superbubble
Nb superbubble removed: 0 0 (0s)
Tip
Nb Tip removed: 0 (0s)
Nb errors removed: 8 (0s)
Superbubble
Nb superbubble removed: 0 0 (0s)
Tip
Nb Tip removed: 0 (0s)
Nb errors removed: 11 (0s)
Superbubble
Nb superbubble removed: 0 0 (0s)
Tip
Nb Tip removed: 0 (0s)
Nb errors removed: 7 (0s)
Superbubble
Nb superbubble removed: 0 0 (0s)
Tip
Nb Tip removed: 0 (0s)
Nb errors removed: 5 (0s)
Superbubble
Nb superbubble removed: 0 0 (0s)
Tip
Nb Tip removed: 0 (0s)
Nb errors removed: 1 (0s)
Superbubble
Nb superbubble removed: 0 0 (0s)
Tip
Nb Tip removed: 0 (0s)
Nb errors removed: 2 (0s)
Superbubble
Nb superbubble removed: 0 0 (0s)
Tip
Nb Tip removed: 0 (0s)
Nb errors removed: 4 (0s)
Superbubble
Nb superbubble removed: 0 0 (0s)
Tip
Nb Tip removed: 0 (0s)
Nb errors removed: 1 (0s)
Superbubble
Nb superbubble removed: 0 0 (0s)
Tip
Nb Tip removed: 0 (0s)
Checksum: 0
Checksum abundnace: 0
Generating contigs
45.2593
28.1025
21.1138
15.8631
14.421
13.11
11.9182
10.8347
9.84974
8.14028
7.40025
6.11591
5.05447
4.17725
3.13843
2.14359
0


metaMDBG toMinspace  /var/folders/zg/vq0dnx517c54hg87dyqjky740000gn/T/.tmpwTqywI/tmp/ /var/folders/zg/vq0dnx517c54hg87dyqjky740000gn/T/.tmpwTqywI/tmp//contigs.nodepath /var/folders/zg/vq0dnx517c54hg87dyqjky740000gn/T/.tmpwTqywI/tmp//unitig_data.txt --threads 10

Input dir: /var/folders/zg/vq0dnx517c54hg87dyqjky740000gn/T/.tmpwTqywI/tmp/
Minimizer length: 15
Kminmer length: 187
Density: 0.005

Loading unitig sequences

Creating mContigs

Contig filename: /var/folders/zg/vq0dnx517c54hg87dyqjky740000gn/T/.tmpwTqywI/tmp//unitig_data.txt
pass done: 187
Multi-k pass: 188/209


metaMDBG graph /var/folders/zg/vq0dnx517c54hg87dyqjky740000gn/T/.tmpwTqywI/tmp/ --threads 10 --corrected-read 

Contig filename: 
Output dir: /var/folders/zg/vq0dnx517c54hg87dyqjky740000gn/T/.tmpwTqywI/tmp/
Minimizer length: 15
Kminmer length: 188
Density: 0.005
Min abundance: 0

Loading refined abundances
	Duration: 0
Collecting kminmers
Building mdbg
Duration: 0
Nb solid kminmers: 25994
Nb small contigs written: 0
Dump kminmer abundances
	Duration: 0
Indexing edges
Edge index size: 26121
Edge index elements: 49543
	Duration: 0
Compute unitig nodes
	Duration: 0
Index unitig edges
	Duration: 0
Compute unitig edges
	Duration: 0
Dump unitig abundances
	Duration: 0
Nb edges:   0


metaMDBG contig  /var/folders/zg/vq0dnx517c54hg87dyqjky740000gn/T/.tmpwTqywI/tmp/ --threads 10

Input dir: /var/folders/zg/vq0dnx517c54hg87dyqjky740000gn/T/.tmpwTqywI/tmp/
Minimizer length: 15
Kminmer length: 188
Density: 0.005

Loading unitig graph
Load unitigs
Nb unitigs: 244
Nb minimizers: 71622
Add unitig abundances
Sorting abundances
Add unitig edges
Nb unitig edges: 234
Sorting unitig edges
Done loading unitig graph
Simplifying
Max abundance: 43
Nb unitigs: 244
Superbubble
Nb superbubble removed: 0 0 (0s)
Tip
Nb Tip removed: 38 (0s)
Superbubble
Nb superbubble removed: 0 0 (0s)
Tip
Nb Tip removed: 0 (0s)
Nb errors removed: 50 (0s)
Superbubble
Nb superbubble removed: 0 0 (0s)
Tip
Nb Tip removed: 0 (0s)
Nb errors removed: 24 (0s)
Superbubble
Nb superbubble removed: 0 0 (0s)
Tip
Nb Tip removed: 0 (0s)
Nb errors removed: 18 (0s)
Superbubble
Nb superbubble removed: 0 0 (0s)
Tip
Nb Tip removed: 0 (0s)
Nb errors removed: 12 (0s)
Superbubble
Nb superbubble removed: 0 0 (0s)
Tip
Nb Tip removed: 0 (0s)
Nb errors removed: 8 (0s)
Superbubble
Nb superbubble removed: 0 0 (0s)
Tip
Nb Tip removed: 0 (0s)
Nb errors removed: 18 (0s)
Superbubble
Nb superbubble removed: 0 0 (0s)
Tip
Nb Tip removed: 0 (0s)
Nb errors removed: 10 (0s)
Superbubble
Nb superbubble removed: 0 0 (0s)
Tip
Nb Tip removed: 0 (0s)
Nb errors removed: 10 (0s)
Superbubble
Nb superbubble removed: 0 0 (0s)
Tip
Nb Tip removed: 0 (0s)
Nb errors removed: 8 (0s)
Superbubble
Nb superbubble removed: 0 0 (0s)
Tip
Nb Tip removed: 0 (0s)
Nb errors removed: 11 (0s)
Superbubble
Nb superbubble removed: 0 0 (0s)
Tip
Nb Tip removed: 0 (0s)
Nb errors removed: 7 (0s)
Superbubble
Nb superbubble removed: 0 0 (0s)
Tip
Nb Tip removed: 0 (0s)
Nb errors removed: 5 (0s)
Superbubble
Nb superbubble removed: 0 0 (0s)
Tip
Nb Tip removed: 0 (0s)
Nb errors removed: 1 (0s)
Superbubble
Nb superbubble removed: 0 0 (0s)
Tip
Nb Tip removed: 0 (0s)
Nb errors removed: 2 (0s)
Superbubble
Nb superbubble removed: 0 0 (0s)
Tip
Nb Tip removed: 0 (0s)
Nb errors removed: 4 (0s)
Superbubble
Nb superbubble removed: 0 0 (0s)
Tip
Nb Tip removed: 0 (0s)
Nb errors removed: 1 (0s)
Superbubble
Nb superbubble removed: 0 0 (0s)
Tip
Nb Tip removed: 0 (0s)
Checksum: 0
Checksum abundnace: 0
Generating contigs
45.2593
28.1025
21.1138
15.8631
14.421
13.11
11.9182
10.8347
9.84974
8.14028
7.40025
6.11591
5.05447
4.17725
3.13843
2.14359
0


metaMDBG toMinspace  /var/folders/zg/vq0dnx517c54hg87dyqjky740000gn/T/.tmpwTqywI/tmp/ /var/folders/zg/vq0dnx517c54hg87dyqjky740000gn/T/.tmpwTqywI/tmp//contigs.nodepath /var/folders/zg/vq0dnx517c54hg87dyqjky740000gn/T/.tmpwTqywI/tmp//unitig_data.txt --threads 10

Input dir: /var/folders/zg/vq0dnx517c54hg87dyqjky740000gn/T/.tmpwTqywI/tmp/
Minimizer length: 15
Kminmer length: 188
Density: 0.005

Loading unitig sequences

Creating mContigs

Contig filename: /var/folders/zg/vq0dnx517c54hg87dyqjky740000gn/T/.tmpwTqywI/tmp//unitig_data.txt
pass done: 188
Multi-k pass: 189/209


metaMDBG graph /var/folders/zg/vq0dnx517c54hg87dyqjky740000gn/T/.tmpwTqywI/tmp/ --threads 10 --corrected-read 

Contig filename: 
Output dir: /var/folders/zg/vq0dnx517c54hg87dyqjky740000gn/T/.tmpwTqywI/tmp/
Minimizer length: 15
Kminmer length: 189
Density: 0.005
Min abundance: 0

Loading refined abundances
	Duration: 0
Collecting kminmers
Building mdbg
Duration: 0
Nb solid kminmers: 25865
Nb small contigs written: 0
Dump kminmer abundances
	Duration: 0
Indexing edges
Edge index size: 25992
Edge index elements: 49478
	Duration: 0
Compute unitig nodes
	Duration: 0
Index unitig edges
	Duration: 0
Compute unitig edges
	Duration: 0
Dump unitig abundances
	Duration: 0
Nb edges:   0


metaMDBG contig  /var/folders/zg/vq0dnx517c54hg87dyqjky740000gn/T/.tmpwTqywI/tmp/ --threads 10

Input dir: /var/folders/zg/vq0dnx517c54hg87dyqjky740000gn/T/.tmpwTqywI/tmp/
Minimizer length: 15
Kminmer length: 189
Density: 0.005

Loading unitig graph
Load unitigs
Nb unitigs: 240
Nb minimizers: 70985
Add unitig abundances
Sorting abundances
Add unitig edges
Nb unitig edges: 226
Sorting unitig edges
Done loading unitig graph
Simplifying
Max abundance: 43
Nb unitigs: 240
Superbubble
Nb superbubble removed: 0 0 (0s)
Tip
Nb Tip removed: 33 (0s)
Superbubble
Nb superbubble removed: 0 0 (0s)
Tip
Nb Tip removed: 0 (0s)
Nb errors removed: 49 (0s)
Superbubble
Nb superbubble removed: 0 0 (0s)
Tip
Nb Tip removed: 0 (0s)
Nb errors removed: 24 (0s)
Superbubble
Nb superbubble removed: 0 0 (0s)
Tip
Nb Tip removed: 0 (0s)
Nb errors removed: 18 (0s)
Superbubble
Nb superbubble removed: 0 0 (0s)
Tip
Nb Tip removed: 0 (0s)
Nb errors removed: 11 (0s)
Superbubble
Nb superbubble removed: 0 0 (0s)
Tip
Nb Tip removed: 0 (0s)
Nb errors removed: 8 (0s)
Superbubble
Nb superbubble removed: 0 0 (0s)
Tip
Nb Tip removed: 0 (0s)
Nb errors removed: 18 (0s)
Superbubble
Nb superbubble removed: 0 0 (0s)
Tip
Nb Tip removed: 0 (0s)
Nb errors removed: 11 (0s)
Superbubble
Nb superbubble removed: 0 0 (0s)
Tip
Nb Tip removed: 0 (0s)
Nb errors removed: 10 (0s)
Superbubble
Nb superbubble removed: 0 0 (0s)
Tip
Nb Tip removed: 0 (0s)
Nb errors removed: 8 (0s)
Superbubble
Nb superbubble removed: 0 0 (0s)
Tip
Nb Tip removed: 0 (0s)
Nb errors removed: 11 (0s)
Superbubble
Nb superbubble removed: 0 0 (0s)
Tip
Nb Tip removed: 0 (0s)
Nb errors removed: 7 (0s)
Superbubble
Nb superbubble removed: 0 0 (0s)
Tip
Nb Tip removed: 0 (0s)
Nb errors removed: 5 (0s)
Superbubble
Nb superbubble removed: 0 0 (0s)
Tip
Nb Tip removed: 0 (0s)
Nb errors removed: 1 (0s)
Superbubble
Nb superbubble removed: 0 0 (0s)
Tip
Nb Tip removed: 0 (0s)
Nb errors removed: 2 (0s)
Superbubble
Nb superbubble removed: 0 0 (0s)
Tip
Nb Tip removed: 0 (0s)
Nb errors removed: 4 (0s)
Superbubble
Nb superbubble removed: 0 0 (0s)
Tip
Nb Tip removed: 0 (0s)
Nb errors removed: 1 (0s)
Superbubble
Nb superbubble removed: 0 0 (0s)
Tip
Nb Tip removed: 0 (0s)
Checksum: 0
Checksum abundnace: 0
Generating contigs
45.2593
28.1025
21.1138
15.8631
14.421
13.11
11.9182
10.8347
9.84974
8.14028
7.40025
6.11591
5.05447
4.17725
3.13843
2.14359
0


metaMDBG toMinspace  /var/folders/zg/vq0dnx517c54hg87dyqjky740000gn/T/.tmpwTqywI/tmp/ /var/folders/zg/vq0dnx517c54hg87dyqjky740000gn/T/.tmpwTqywI/tmp//contigs.nodepath /var/folders/zg/vq0dnx517c54hg87dyqjky740000gn/T/.tmpwTqywI/tmp//unitig_data.txt --threads 10

Input dir: /var/folders/zg/vq0dnx517c54hg87dyqjky740000gn/T/.tmpwTqywI/tmp/
Minimizer length: 15
Kminmer length: 189
Density: 0.005

Loading unitig sequences

Creating mContigs

Contig filename: /var/folders/zg/vq0dnx517c54hg87dyqjky740000gn/T/.tmpwTqywI/tmp//unitig_data.txt
pass done: 189
Multi-k pass: 190/209


metaMDBG graph /var/folders/zg/vq0dnx517c54hg87dyqjky740000gn/T/.tmpwTqywI/tmp/ --threads 10 --corrected-read 

Contig filename: 
Output dir: /var/folders/zg/vq0dnx517c54hg87dyqjky740000gn/T/.tmpwTqywI/tmp/
Minimizer length: 15
Kminmer length: 190
Density: 0.005
Min abundance: 0

Loading refined abundances
	Duration: 0
Collecting kminmers
Building mdbg
Duration: 0
Nb solid kminmers: 25737
Nb small contigs written: 0
Dump kminmer abundances
	Duration: 0
Indexing edges
Edge index size: 25860
Edge index elements: 49162
	Duration: 0
Compute unitig nodes
	Duration: 0
Index unitig edges
	Duration: 0
Compute unitig edges
	Duration: 0
Dump unitig abundances
	Duration: 0
Nb edges:   0


metaMDBG contig  /var/folders/zg/vq0dnx517c54hg87dyqjky740000gn/T/.tmpwTqywI/tmp/ --threads 10

Input dir: /var/folders/zg/vq0dnx517c54hg87dyqjky740000gn/T/.tmpwTqywI/tmp/
Minimizer length: 15
Kminmer length: 190
Density: 0.005

Loading unitig graph
Load unitigs
Nb unitigs: 234
Nb minimizers: 69963
Add unitig abundances
Sorting abundances
Add unitig edges
Nb unitig edges: 222
Sorting unitig edges
Done loading unitig graph
Simplifying
Max abundance: 43
Nb unitigs: 234
Superbubble
Nb superbubble removed: 0 0 (0s)
Tip
Nb Tip removed: 33 (0s)
Superbubble
Nb superbubble removed: 0 0 (0s)
Tip
Nb Tip removed: 0 (0s)
Nb errors removed: 48 (0s)
Superbubble
Nb superbubble removed: 0 0 (0s)
Tip
Nb Tip removed: 0 (0s)
Nb errors removed: 23 (0s)
Superbubble
Nb superbubble removed: 0 0 (0s)
Tip
Nb Tip removed: 0 (0s)
Nb errors removed: 18 (0s)
Superbubble
Nb superbubble removed: 0 0 (0s)
Tip
Nb Tip removed: 0 (0s)
Nb errors removed: 11 (0s)
Superbubble
Nb superbubble removed: 0 0 (0s)
Tip
Nb Tip removed: 0 (0s)
Nb errors removed: 8 (0s)
Superbubble
Nb superbubble removed: 0 0 (0s)
Tip
Nb Tip removed: 0 (0s)
Nb errors removed: 17 (0s)
Superbubble
Nb superbubble removed: 0 0 (0s)
Tip
Nb Tip removed: 0 (0s)
Nb errors removed: 11 (0s)
Superbubble
Nb superbubble removed: 0 0 (0s)
Tip
Nb Tip removed: 0 (0s)
Nb errors removed: 8 (0s)
Superbubble
Nb superbubble removed: 0 0 (0s)
Tip
Nb Tip removed: 0 (0s)
Nb errors removed: 8 (0s)
Superbubble
Nb superbubble removed: 0 0 (0s)
Tip
Nb Tip removed: 0 (0s)
Nb errors removed: 11 (0s)
Superbubble
Nb superbubble removed: 0 0 (0s)
Tip
Nb Tip removed: 0 (0s)
Nb errors removed: 7 (0s)
Superbubble
Nb superbubble removed: 0 0 (0s)
Tip
Nb Tip removed: 0 (0s)
Nb errors removed: 6 (0s)
Superbubble
Nb superbubble removed: 0 0 (0s)
Tip
Nb Tip removed: 0 (0s)
Nb errors removed: 1 (0s)
Superbubble
Nb superbubble removed: 0 0 (0s)
Tip
Nb Tip removed: 0 (0s)
Nb errors removed: 1 (0s)
Superbubble
Nb superbubble removed: 0 0 (0s)
Tip
Nb Tip removed: 0 (0s)
Nb errors removed: 5 (0s)
Superbubble
Nb superbubble removed: 0 0 (0s)
Tip
Nb Tip removed: 0 (0s)
Nb errors removed: 1 (0s)
Superbubble
Nb superbubble removed: 0 0 (0s)
Tip
Nb Tip removed: 0 (0s)
Checksum: 0
Checksum abundnace: 0
Generating contigs
45.2593
28.1025
21.1138
15.8631
14.421
13.11
11.9182
10.8347
9.84974
8.14028
7.40025
6.11591
5.05447
4.17725
3.13843
2.14359
0


metaMDBG toMinspace  /var/folders/zg/vq0dnx517c54hg87dyqjky740000gn/T/.tmpwTqywI/tmp/ /var/folders/zg/vq0dnx517c54hg87dyqjky740000gn/T/.tmpwTqywI/tmp//contigs.nodepath /var/folders/zg/vq0dnx517c54hg87dyqjky740000gn/T/.tmpwTqywI/tmp//unitig_data.txt --threads 10

Input dir: /var/folders/zg/vq0dnx517c54hg87dyqjky740000gn/T/.tmpwTqywI/tmp/
Minimizer length: 15
Kminmer length: 190
Density: 0.005

Loading unitig sequences

Creating mContigs

Contig filename: /var/folders/zg/vq0dnx517c54hg87dyqjky740000gn/T/.tmpwTqywI/tmp//unitig_data.txt
pass done: 190
Multi-k pass: 191/209


metaMDBG graph /var/folders/zg/vq0dnx517c54hg87dyqjky740000gn/T/.tmpwTqywI/tmp/ --threads 10 --corrected-read 

Contig filename: 
Output dir: /var/folders/zg/vq0dnx517c54hg87dyqjky740000gn/T/.tmpwTqywI/tmp/
Minimizer length: 15
Kminmer length: 191
Density: 0.005
Min abundance: 0

Loading refined abundances
	Duration: 0
Collecting kminmers
Building mdbg
Duration: 0
Nb solid kminmers: 25613
Nb small contigs written: 0
Dump kminmer abundances
	Duration: 0
Indexing edges
Edge index size: 25733
Edge index elements: 49015
	Duration: 0
Compute unitig nodes
	Duration: 0
Index unitig edges
	Duration: 0
Compute unitig edges
	Duration: 0
Dump unitig abundances
	Duration: 0
Nb edges:   0


metaMDBG contig  /var/folders/zg/vq0dnx517c54hg87dyqjky740000gn/T/.tmpwTqywI/tmp/ --threads 10 --gen-graph 

Input dir: /var/folders/zg/vq0dnx517c54hg87dyqjky740000gn/T/.tmpwTqywI/tmp/
Minimizer length: 15
Kminmer length: 191
Density: 0.005

Loading unitig graph
Load unitigs
Nb unitigs: 229
Nb minimizers: 69123
Add unitig abundances
Sorting abundances
Add unitig edges
Nb unitig edges: 218
Sorting unitig edges
Done loading unitig graph
Simplifying
Max abundance: 43
Nb unitigs: 229
Superbubble
Nb superbubble removed: 0 0 (0s)
Tip
Nb Tip removed: 32 (0s)
Superbubble
Nb superbubble removed: 0 0 (0s)
Tip
Nb Tip removed: 0 (0s)
Saving unitig graph: /var/folders/zg/vq0dnx517c54hg87dyqjky740000gn/T/.tmpwTqywI/tmp//assembly_graph.gfa
Nb errors removed: 48 (0s)
Superbubble
Nb superbubble removed: 0 0 (0s)
Tip
Nb Tip removed: 0 (0s)
Nb errors removed: 21 (0s)
Superbubble
Nb superbubble removed: 0 0 (0s)
Tip
Nb Tip removed: 0 (0s)
Nb errors removed: 17 (0s)
Superbubble
Nb superbubble removed: 0 0 (0s)
Tip
Nb Tip removed: 0 (0s)
Nb errors removed: 10 (0s)
Superbubble
Nb superbubble removed: 0 0 (0s)
Tip
Nb Tip removed: 0 (0s)
Nb errors removed: 8 (0s)
Superbubble
Nb superbubble removed: 0 0 (0s)
Tip
Nb Tip removed: 0 (0s)
Nb errors removed: 17 (0s)
Superbubble
Nb superbubble removed: 0 0 (0s)
Tip
Nb Tip removed: 0 (0s)
Nb errors removed: 11 (0s)
Superbubble
Nb superbubble removed: 0 0 (0s)
Tip
Nb Tip removed: 0 (0s)
Nb errors removed: 8 (0s)
Superbubble
Nb superbubble removed: 0 0 (0s)
Tip
Nb Tip removed: 0 (0s)
Nb errors removed: 8 (0s)
Superbubble
Nb superbubble removed: 0 0 (0s)
Tip
Nb Tip removed: 0 (0s)
Nb errors removed: 11 (0s)
Superbubble
Nb superbubble removed: 0 0 (0s)
Tip
Nb Tip removed: 0 (0s)
Nb errors removed: 7 (0s)
Superbubble
Nb superbubble removed: 0 0 (0s)
Tip
Nb Tip removed: 0 (0s)
Nb errors removed: 5 (0s)
Superbubble
Nb superbubble removed: 0 0 (0s)
Tip
Nb Tip removed: 0 (0s)
Nb errors removed: 1 (0s)
Superbubble
Nb superbubble removed: 0 0 (0s)
Tip
Nb Tip removed: 0 (0s)
Nb errors removed: 1 (0s)
Superbubble
Nb superbubble removed: 0 0 (0s)
Tip
Nb Tip removed: 0 (0s)
Nb errors removed: 5 (0s)
Superbubble
Nb superbubble removed: 0 0 (0s)
Tip
Nb Tip removed: 0 (0s)
Nb errors removed: 1 (0s)
Superbubble
Nb superbubble removed: 0 0 (0s)
Tip
Nb Tip removed: 0 (0s)
Checksum: 0
Checksum abundnace: 0
Generating contigs
45.2593
28.1025
21.1138
15.8631
14.421
13.11
11.9182
10.8347
9.84974
8.14028
7.40025
6.11591
5.05447
4.17725
3.13843
2.14359
0


metaMDBG toMinspace  /var/folders/zg/vq0dnx517c54hg87dyqjky740000gn/T/.tmpwTqywI/tmp/ /var/folders/zg/vq0dnx517c54hg87dyqjky740000gn/T/.tmpwTqywI/tmp//contigs.nodepath /var/folders/zg/vq0dnx517c54hg87dyqjky740000gn/T/.tmpwTqywI/tmp//unitig_data.txt --threads 10

Input dir: /var/folders/zg/vq0dnx517c54hg87dyqjky740000gn/T/.tmpwTqywI/tmp/
Minimizer length: 15
Kminmer length: 191
Density: 0.005

Loading unitig sequences

Creating mContigs

Contig filename: /var/folders/zg/vq0dnx517c54hg87dyqjky740000gn/T/.tmpwTqywI/tmp//unitig_data.txt


metaMDBG toMinspace  /var/folders/zg/vq0dnx517c54hg87dyqjky740000gn/T/.tmpwTqywI/tmp/ /var/folders/zg/vq0dnx517c54hg87dyqjky740000gn/T/.tmpwTqywI/tmp//assembly_graph.gfa.unitigs.nodepath /var/folders/zg/vq0dnx517c54hg87dyqjky740000gn/T/.tmpwTqywI/tmp//assembly_graph.gfa.unitigs --threads 10

Input dir: /var/folders/zg/vq0dnx517c54hg87dyqjky740000gn/T/.tmpwTqywI/tmp/
Minimizer length: 15
Kminmer length: 191
Density: 0.005

Loading unitig sequences

Creating mContigs

Contig filename: /var/folders/zg/vq0dnx517c54hg87dyqjky740000gn/T/.tmpwTqywI/tmp//assembly_graph.gfa.unitigs
pass done: 191
Multi-k pass: 192/209


metaMDBG graph /var/folders/zg/vq0dnx517c54hg87dyqjky740000gn/T/.tmpwTqywI/tmp/ --threads 10 --corrected-read 

Contig filename: 
Output dir: /var/folders/zg/vq0dnx517c54hg87dyqjky740000gn/T/.tmpwTqywI/tmp/
Minimizer length: 15
Kminmer length: 192
Density: 0.005
Min abundance: 0

Loading refined abundances
	Duration: 0
Collecting kminmers
Building mdbg
Duration: 0
Nb solid kminmers: 25493
Nb small contigs written: 0
Dump kminmer abundances
	Duration: 0
Indexing edges
Edge index size: 25611
Edge index elements: 48766
	Duration: 0
Compute unitig nodes
	Duration: 0
Index unitig edges
	Duration: 0
Compute unitig edges
	Duration: 0
Dump unitig abundances
	Duration: 0
Nb edges:   0


metaMDBG contig  /var/folders/zg/vq0dnx517c54hg87dyqjky740000gn/T/.tmpwTqywI/tmp/ --threads 10

Input dir: /var/folders/zg/vq0dnx517c54hg87dyqjky740000gn/T/.tmpwTqywI/tmp/
Minimizer length: 15
Kminmer length: 192
Density: 0.005

Loading unitig graph
Load unitigs
Nb unitigs: 227
Nb minimizers: 68850
Add unitig abundances
Sorting abundances
Add unitig edges
Nb unitig edges: 218
Sorting unitig edges
Done loading unitig graph
Simplifying
Max abundance: 43
Nb unitigs: 227
Superbubble
Nb superbubble removed: 0 0 (0s)
Tip
Nb Tip removed: 31 (0s)
Superbubble
Nb superbubble removed: 0 0 (0s)
Tip
Nb Tip removed: 0 (0s)
Nb errors removed: 48 (0s)
Superbubble
Nb superbubble removed: 0 0 (0s)
Tip
Nb Tip removed: 0 (0s)
Nb errors removed: 20 (0s)
Superbubble
Nb superbubble removed: 0 0 (0s)
Tip
Nb Tip removed: 0 (0s)
Nb errors removed: 17 (0s)
Superbubble
Nb superbubble removed: 0 0 (0s)
Tip
Nb Tip removed: 0 (0s)
Nb errors removed: 9 (0s)
Superbubble
Nb superbubble removed: 0 0 (0s)
Tip
Nb Tip removed: 0 (0s)
Nb errors removed: 8 (0s)
Superbubble
Nb superbubble removed: 0 0 (0s)
Tip
Nb Tip removed: 0 (0s)
Nb errors removed: 17 (0s)
Superbubble
Nb superbubble removed: 0 0 (0s)
Tip
Nb Tip removed: 0 (0s)
Nb errors removed: 11 (0s)
Superbubble
Nb superbubble removed: 0 0 (0s)
Tip
Nb Tip removed: 0 (0s)
Nb errors removed: 8 (0s)
Superbubble
Nb superbubble removed: 0 0 (0s)
Tip
Nb Tip removed: 0 (0s)
Nb errors removed: 8 (0s)
Superbubble
Nb superbubble removed: 0 0 (0s)
Tip
Nb Tip removed: 0 (0s)
Nb errors removed: 11 (0s)
Superbubble
Nb superbubble removed: 0 0 (0s)
Tip
Nb Tip removed: 0 (0s)
Nb errors removed: 7 (0s)
Superbubble
Nb superbubble removed: 0 0 (0s)
Tip
Nb Tip removed: 0 (0s)
Nb errors removed: 5 (0s)
Superbubble
Nb superbubble removed: 0 0 (0s)
Tip
Nb Tip removed: 0 (0s)
Nb errors removed: 1 (0s)
Superbubble
Nb superbubble removed: 0 0 (0s)
Tip
Nb Tip removed: 0 (0s)
Nb errors removed: 1 (0s)
Superbubble
Nb superbubble removed: 0 0 (0s)
Tip
Nb Tip removed: 0 (0s)
Nb errors removed: 5 (0s)
Superbubble
Nb superbubble removed: 0 0 (0s)
Tip
Nb Tip removed: 0 (0s)
Nb errors removed: 1 (0s)
Superbubble
Nb superbubble removed: 0 0 (0s)
Tip
Nb Tip removed: 0 (0s)
Checksum: 0
Checksum abundnace: 0
Generating contigs
45.2593
28.1025
21.1138
15.8631
14.421
13.11
11.9182
10.8347
9.84974
8.14028
7.40025
6.11591
5.05447
4.17725
3.13843
2.14359
0


metaMDBG toMinspace  /var/folders/zg/vq0dnx517c54hg87dyqjky740000gn/T/.tmpwTqywI/tmp/ /var/folders/zg/vq0dnx517c54hg87dyqjky740000gn/T/.tmpwTqywI/tmp//contigs.nodepath /var/folders/zg/vq0dnx517c54hg87dyqjky740000gn/T/.tmpwTqywI/tmp//unitig_data.txt --threads 10

Input dir: /var/folders/zg/vq0dnx517c54hg87dyqjky740000gn/T/.tmpwTqywI/tmp/
Minimizer length: 15
Kminmer length: 192
Density: 0.005

Loading unitig sequences

Creating mContigs

Contig filename: /var/folders/zg/vq0dnx517c54hg87dyqjky740000gn/T/.tmpwTqywI/tmp//unitig_data.txt
pass done: 192
Multi-k pass: 193/209


metaMDBG graph /var/folders/zg/vq0dnx517c54hg87dyqjky740000gn/T/.tmpwTqywI/tmp/ --threads 10 --corrected-read 

Contig filename: 
Output dir: /var/folders/zg/vq0dnx517c54hg87dyqjky740000gn/T/.tmpwTqywI/tmp/
Minimizer length: 15
Kminmer length: 193
Density: 0.005
Min abundance: 0

Loading refined abundances
	Duration: 0
Collecting kminmers
Building mdbg
Duration: 0
Nb solid kminmers: 25375
Nb small contigs written: 0
Dump kminmer abundances
	Duration: 0
Indexing edges
Edge index size: 25492
Edge index elements: 48638
	Duration: 0
Compute unitig nodes
	Duration: 0
Index unitig edges
	Duration: 0
Compute unitig edges
	Duration: 0
Dump unitig abundances
	Duration: 0
Nb edges:   0


metaMDBG contig  /var/folders/zg/vq0dnx517c54hg87dyqjky740000gn/T/.tmpwTqywI/tmp/ --threads 10

Input dir: /var/folders/zg/vq0dnx517c54hg87dyqjky740000gn/T/.tmpwTqywI/tmp/
Minimizer length: 15
Kminmer length: 193
Density: 0.005

Loading unitig graph
Load unitigs
Nb unitigs: 226
Nb minimizers: 68767
Add unitig abundances
Sorting abundances
Add unitig edges
Nb unitig edges: 218
Sorting unitig edges
Done loading unitig graph
Simplifying
Max abundance: 43
Nb unitigs: 226
Superbubble
Nb superbubble removed: 0 0 (0s)
Tip
Nb Tip removed: 30 (0s)
Superbubble
Nb superbubble removed: 0 0 (0s)
Tip
Nb Tip removed: 0 (0s)
Nb errors removed: 48 (0s)
Superbubble
Nb superbubble removed: 0 0 (0s)
Tip
Nb Tip removed: 0 (0s)
Nb errors removed: 20 (0s)
Superbubble
Nb superbubble removed: 0 0 (0s)
Tip
Nb Tip removed: 0 (0s)
Nb errors removed: 17 (0s)
Superbubble
Nb superbubble removed: 0 0 (0s)
Tip
Nb Tip removed: 0 (0s)
Nb errors removed: 9 (0s)
Superbubble
Nb superbubble removed: 0 0 (0s)
Tip
Nb Tip removed: 0 (0s)
Nb errors removed: 8 (0s)
Superbubble
Nb superbubble removed: 0 0 (0s)
Tip
Nb Tip removed: 0 (0s)
Nb errors removed: 16 (0s)
Superbubble
Nb superbubble removed: 0 0 (0s)
Tip
Nb Tip removed: 0 (0s)
Nb errors removed: 11 (0s)
Superbubble
Nb superbubble removed: 0 0 (0s)
Tip
Nb Tip removed: 0 (0s)
Nb errors removed: 8 (0s)
Superbubble
Nb superbubble removed: 0 0 (0s)
Tip
Nb Tip removed: 0 (0s)
Nb errors removed: 8 (0s)
Superbubble
Nb superbubble removed: 0 0 (0s)
Tip
Nb Tip removed: 0 (0s)
Nb errors removed: 11 (0s)
Superbubble
Nb superbubble removed: 0 0 (0s)
Tip
Nb Tip removed: 0 (0s)
Nb errors removed: 7 (0s)
Superbubble
Nb superbubble removed: 0 0 (0s)
Tip
Nb Tip removed: 0 (0s)
Nb errors removed: 5 (0s)
Superbubble
Nb superbubble removed: 0 0 (0s)
Tip
Nb Tip removed: 0 (0s)
Nb errors removed: 1 (0s)
Superbubble
Nb superbubble removed: 0 0 (0s)
Tip
Nb Tip removed: 0 (0s)
Nb errors removed: 1 (0s)
Superbubble
Nb superbubble removed: 0 0 (0s)
Tip
Nb Tip removed: 0 (0s)
Nb errors removed: 5 (0s)
Superbubble
Nb superbubble removed: 0 0 (0s)
Tip
Nb Tip removed: 0 (0s)
Nb errors removed: 1 (0s)
Superbubble
Nb superbubble removed: 0 0 (0s)
Tip
Nb Tip removed: 0 (0s)
Checksum: 0
Checksum abundnace: 0
Generating contigs
45.2593
28.1025
21.1138
15.8631
14.421
13.11
11.9182
10.8347
9.84974
8.14028
7.40025
6.11591
5.05447
4.17725
3.13843
2.14359
0


metaMDBG toMinspace  /var/folders/zg/vq0dnx517c54hg87dyqjky740000gn/T/.tmpwTqywI/tmp/ /var/folders/zg/vq0dnx517c54hg87dyqjky740000gn/T/.tmpwTqywI/tmp//contigs.nodepath /var/folders/zg/vq0dnx517c54hg87dyqjky740000gn/T/.tmpwTqywI/tmp//unitig_data.txt --threads 10

Input dir: /var/folders/zg/vq0dnx517c54hg87dyqjky740000gn/T/.tmpwTqywI/tmp/
Minimizer length: 15
Kminmer length: 193
Density: 0.005

Loading unitig sequences

Creating mContigs

Contig filename: /var/folders/zg/vq0dnx517c54hg87dyqjky740000gn/T/.tmpwTqywI/tmp//unitig_data.txt
pass done: 193
Multi-k pass: 194/209


metaMDBG graph /var/folders/zg/vq0dnx517c54hg87dyqjky740000gn/T/.tmpwTqywI/tmp/ --threads 10 --corrected-read 

Contig filename: 
Output dir: /var/folders/zg/vq0dnx517c54hg87dyqjky740000gn/T/.tmpwTqywI/tmp/
Minimizer length: 15
Kminmer length: 194
Density: 0.005
Min abundance: 0

Loading refined abundances
	Duration: 0
Collecting kminmers
Building mdbg
Duration: 0
Nb solid kminmers: 25258
Nb small contigs written: 0
Dump kminmer abundances
	Duration: 0
Indexing edges
Edge index size: 25373
Edge index elements: 48346
	Duration: 0
Compute unitig nodes
	Duration: 0
Index unitig edges
	Duration: 0
Compute unitig edges
	Duration: 0
Dump unitig abundances
	Duration: 0
Nb edges:   0


metaMDBG contig  /var/folders/zg/vq0dnx517c54hg87dyqjky740000gn/T/.tmpwTqywI/tmp/ --threads 10

Input dir: /var/folders/zg/vq0dnx517c54hg87dyqjky740000gn/T/.tmpwTqywI/tmp/
Minimizer length: 15
Kminmer length: 194
Density: 0.005

Loading unitig graph
Load unitigs
Nb unitigs: 224
Nb minimizers: 68490
Add unitig abundances
Sorting abundances
Add unitig edges
Nb unitig edges: 218
Sorting unitig edges
Done loading unitig graph
Simplifying
Max abundance: 43
Nb unitigs: 224
Superbubble
Nb superbubble removed: 0 0 (0s)
Tip
Nb Tip removed: 30 (0s)
Superbubble
Nb superbubble removed: 0 0 (0s)
Tip
Nb Tip removed: 0 (0s)
Nb errors removed: 46 (0s)
Superbubble
Nb superbubble removed: 0 0 (0s)
Tip
Nb Tip removed: 0 (0s)
Nb errors removed: 20 (0s)
Superbubble
Nb superbubble removed: 0 0 (0s)
Tip
Nb Tip removed: 0 (0s)
Nb errors removed: 17 (0s)
Superbubble
Nb superbubble removed: 0 0 (0s)
Tip
Nb Tip removed: 0 (0s)
Nb errors removed: 9 (0s)
Superbubble
Nb superbubble removed: 0 0 (0s)
Tip
Nb Tip removed: 0 (0s)
Nb errors removed: 8 (0s)
Superbubble
Nb superbubble removed: 0 0 (0s)
Tip
Nb Tip removed: 0 (0s)
Nb errors removed: 16 (0s)
Superbubble
Nb superbubble removed: 0 0 (0s)
Tip
Nb Tip removed: 0 (0s)
Nb errors removed: 11 (0s)
Superbubble
Nb superbubble removed: 0 0 (0s)
Tip
Nb Tip removed: 0 (0s)
Nb errors removed: 8 (0s)
Superbubble
Nb superbubble removed: 0 0 (0s)
Tip
Nb Tip removed: 0 (0s)
Nb errors removed: 8 (0s)
Superbubble
Nb superbubble removed: 0 0 (0s)
Tip
Nb Tip removed: 0 (0s)
Nb errors removed: 11 (0s)
Superbubble
Nb superbubble removed: 0 0 (0s)
Tip
Nb Tip removed: 0 (0s)
Nb errors removed: 7 (0s)
Superbubble
Nb superbubble removed: 0 0 (0s)
Tip
Nb Tip removed: 0 (0s)
Nb errors removed: 5 (0s)
Superbubble
Nb superbubble removed: 0 0 (0s)
Tip
Nb Tip removed: 0 (0s)
Nb errors removed: 1 (0s)
Superbubble
Nb superbubble removed: 0 0 (0s)
Tip
Nb Tip removed: 0 (0s)
Nb errors removed: 1 (0s)
Superbubble
Nb superbubble removed: 0 0 (0s)
Tip
Nb Tip removed: 0 (0s)
Nb errors removed: 5 (0s)
Superbubble
Nb superbubble removed: 0 0 (0s)
Tip
Nb Tip removed: 0 (0s)
Nb errors removed: 1 (0s)
Superbubble
Nb superbubble removed: 0 0 (0s)
Tip
Nb Tip removed: 0 (0s)
Checksum: 0
Checksum abundnace: 0
Generating contigs
45.2593
28.1025
21.1138
15.8631
14.421
13.11
11.9182
10.8347
9.84974
8.14028
7.40025
6.11591
5.05447
4.17725
3.13843
2.14359
0


metaMDBG toMinspace  /var/folders/zg/vq0dnx517c54hg87dyqjky740000gn/T/.tmpwTqywI/tmp/ /var/folders/zg/vq0dnx517c54hg87dyqjky740000gn/T/.tmpwTqywI/tmp//contigs.nodepath /var/folders/zg/vq0dnx517c54hg87dyqjky740000gn/T/.tmpwTqywI/tmp//unitig_data.txt --threads 10

Input dir: /var/folders/zg/vq0dnx517c54hg87dyqjky740000gn/T/.tmpwTqywI/tmp/
Minimizer length: 15
Kminmer length: 194
Density: 0.005

Loading unitig sequences

Creating mContigs

Contig filename: /var/folders/zg/vq0dnx517c54hg87dyqjky740000gn/T/.tmpwTqywI/tmp//unitig_data.txt
pass done: 194
Multi-k pass: 195/209


metaMDBG graph /var/folders/zg/vq0dnx517c54hg87dyqjky740000gn/T/.tmpwTqywI/tmp/ --threads 10 --corrected-read 

Contig filename: 
Output dir: /var/folders/zg/vq0dnx517c54hg87dyqjky740000gn/T/.tmpwTqywI/tmp/
Minimizer length: 15
Kminmer length: 195
Density: 0.005
Min abundance: 0

Loading refined abundances
	Duration: 0
Collecting kminmers
Building mdbg
Duration: 0
Nb solid kminmers: 25142
Nb small contigs written: 0
Dump kminmer abundances
	Duration: 0
Indexing edges
Edge index size: 25257
Edge index elements: 48257
	Duration: 0
Compute unitig nodes
	Duration: 0
Index unitig edges
	Duration: 0
Compute unitig edges
	Duration: 0
Dump unitig abundances
	Duration: 0
Nb edges:   0


metaMDBG contig  /var/folders/zg/vq0dnx517c54hg87dyqjky740000gn/T/.tmpwTqywI/tmp/ --threads 10

Input dir: /var/folders/zg/vq0dnx517c54hg87dyqjky740000gn/T/.tmpwTqywI/tmp/
Minimizer length: 15
Kminmer length: 195
Density: 0.005

Loading unitig graph
Load unitigs
Nb unitigs: 222
Nb minimizers: 68210
Add unitig abundances
Sorting abundances
Add unitig edges
Nb unitig edges: 214
Sorting unitig edges
Done loading unitig graph
Simplifying
Max abundance: 43
Nb unitigs: 222
Superbubble
Nb superbubble removed: 0 0 (0s)
Tip
Nb Tip removed: 30 (0s)
Superbubble
Nb superbubble removed: 0 0 (0s)
Tip
Nb Tip removed: 0 (0s)
Nb errors removed: 45 (0s)
Superbubble
Nb superbubble removed: 0 0 (0s)
Tip
Nb Tip removed: 0 (0s)
Nb errors removed: 20 (0s)
Superbubble
Nb superbubble removed: 0 0 (0s)
Tip
Nb Tip removed: 0 (0s)
Nb errors removed: 17 (0s)
Superbubble
Nb superbubble removed: 0 0 (0s)
Tip
Nb Tip removed: 0 (0s)
Nb errors removed: 9 (0s)
Superbubble
Nb superbubble removed: 0 0 (0s)
Tip
Nb Tip removed: 0 (0s)
Nb errors removed: 8 (0s)
Superbubble
Nb superbubble removed: 0 0 (0s)
Tip
Nb Tip removed: 0 (0s)
Nb errors removed: 16 (0s)
Superbubble
Nb superbubble removed: 0 0 (0s)
Tip
Nb Tip removed: 0 (0s)
Nb errors removed: 11 (0s)
Superbubble
Nb superbubble removed: 0 0 (0s)
Tip
Nb Tip removed: 0 (0s)
Nb errors removed: 8 (0s)
Superbubble
Nb superbubble removed: 0 0 (0s)
Tip
Nb Tip removed: 0 (0s)
Nb errors removed: 8 (0s)
Superbubble
Nb superbubble removed: 0 0 (0s)
Tip
Nb Tip removed: 0 (0s)
Nb errors removed: 11 (0s)
Superbubble
Nb superbubble removed: 0 0 (0s)
Tip
Nb Tip removed: 0 (0s)
Nb errors removed: 7 (0s)
Superbubble
Nb superbubble removed: 0 0 (0s)
Tip
Nb Tip removed: 0 (0s)
Nb errors removed: 5 (0s)
Superbubble
Nb superbubble removed: 0 0 (0s)
Tip
Nb Tip removed: 0 (0s)
Nb errors removed: 1 (0s)
Superbubble
Nb superbubble removed: 0 0 (0s)
Tip
Nb Tip removed: 0 (0s)
Nb errors removed: 1 (0s)
Superbubble
Nb superbubble removed: 0 0 (0s)
Tip
Nb Tip removed: 0 (0s)
Nb errors removed: 5 (0s)
Superbubble
Nb superbubble removed: 0 0 (0s)
Tip
Nb Tip removed: 0 (0s)
Nb errors removed: 1 (0s)
Superbubble
Nb superbubble removed: 0 0 (0s)
Tip
Nb Tip removed: 0 (0s)
Checksum: 0
Checksum abundnace: 0
Generating contigs
45.2593
28.1025
21.1138
15.8631
14.421
13.11
11.9182
10.8347
9.84974
8.14028
7.40025
6.11591
5.05447
4.17725
3.13843
2.14359
0


metaMDBG toMinspace  /var/folders/zg/vq0dnx517c54hg87dyqjky740000gn/T/.tmpwTqywI/tmp/ /var/folders/zg/vq0dnx517c54hg87dyqjky740000gn/T/.tmpwTqywI/tmp//contigs.nodepath /var/folders/zg/vq0dnx517c54hg87dyqjky740000gn/T/.tmpwTqywI/tmp//unitig_data.txt --threads 10

Input dir: /var/folders/zg/vq0dnx517c54hg87dyqjky740000gn/T/.tmpwTqywI/tmp/
Minimizer length: 15
Kminmer length: 195
Density: 0.005

Loading unitig sequences

Creating mContigs

Contig filename: /var/folders/zg/vq0dnx517c54hg87dyqjky740000gn/T/.tmpwTqywI/tmp//unitig_data.txt
pass done: 195
Multi-k pass: 196/209


metaMDBG graph /var/folders/zg/vq0dnx517c54hg87dyqjky740000gn/T/.tmpwTqywI/tmp/ --threads 10 --corrected-read 

Contig filename: 
Output dir: /var/folders/zg/vq0dnx517c54hg87dyqjky740000gn/T/.tmpwTqywI/tmp/
Minimizer length: 15
Kminmer length: 196
Density: 0.005
Min abundance: 0

Loading refined abundances
	Duration: 0
Collecting kminmers
Building mdbg
Duration: 0
Nb solid kminmers: 25026
Nb small contigs written: 0
Dump kminmer abundances
	Duration: 0
Indexing edges
Edge index size: 25139
Edge index elements: 47872
	Duration: 0
Compute unitig nodes
	Duration: 0
Index unitig edges
	Duration: 0
Compute unitig edges
	Duration: 0
Dump unitig abundances
	Duration: 0
Nb edges:   0


metaMDBG contig  /var/folders/zg/vq0dnx517c54hg87dyqjky740000gn/T/.tmpwTqywI/tmp/ --threads 10

Input dir: /var/folders/zg/vq0dnx517c54hg87dyqjky740000gn/T/.tmpwTqywI/tmp/
Minimizer length: 15
Kminmer length: 196
Density: 0.005

Loading unitig graph
Load unitigs
Nb unitigs: 218
Nb minimizers: 67536
Add unitig abundances
Sorting abundances
Add unitig edges
Nb unitig edges: 210
Sorting unitig edges
Done loading unitig graph
Simplifying
Max abundance: 43
Nb unitigs: 218
Superbubble
Nb superbubble removed: 0 0 (0s)
Tip
Nb Tip removed: 30 (0s)
Superbubble
Nb superbubble removed: 0 0 (0s)
Tip
Nb Tip removed: 0 (0s)
Nb errors removed: 43 (0s)
Superbubble
Nb superbubble removed: 0 0 (0s)
Tip
Nb Tip removed: 0 (0s)
Nb errors removed: 20 (0s)
Superbubble
Nb superbubble removed: 0 0 (0s)
Tip
Nb Tip removed: 0 (0s)
Nb errors removed: 17 (0s)
Superbubble
Nb superbubble removed: 0 0 (0s)
Tip
Nb Tip removed: 0 (0s)
Nb errors removed: 9 (0s)
Superbubble
Nb superbubble removed: 0 0 (0s)
Tip
Nb Tip removed: 0 (0s)
Nb errors removed: 8 (0s)
Superbubble
Nb superbubble removed: 0 0 (0s)
Tip
Nb Tip removed: 0 (0s)
Nb errors removed: 16 (0s)
Superbubble
Nb superbubble removed: 0 0 (0s)
Tip
Nb Tip removed: 0 (0s)
Nb errors removed: 11 (0s)
Superbubble
Nb superbubble removed: 0 0 (0s)
Tip
Nb Tip removed: 0 (0s)
Nb errors removed: 8 (0s)
Superbubble
Nb superbubble removed: 0 0 (0s)
Tip
Nb Tip removed: 0 (0s)
Nb errors removed: 8 (0s)
Superbubble
Nb superbubble removed: 0 0 (0s)
Tip
Nb Tip removed: 0 (0s)
Nb errors removed: 11 (0s)
Superbubble
Nb superbubble removed: 0 0 (0s)
Tip
Nb Tip removed: 0 (0s)
Nb errors removed: 7 (0s)
Superbubble
Nb superbubble removed: 0 0 (0s)
Tip
Nb Tip removed: 0 (0s)
Nb errors removed: 4 (0s)
Superbubble
Nb superbubble removed: 0 0 (0s)
Tip
Nb Tip removed: 0 (0s)
Nb errors removed: 1 (0s)
Superbubble
Nb superbubble removed: 0 0 (0s)
Tip
Nb Tip removed: 0 (0s)
Nb errors removed: 1 (0s)
Superbubble
Nb superbubble removed: 0 0 (0s)
Tip
Nb Tip removed: 0 (0s)
Nb errors removed: 5 (0s)
Superbubble
Nb superbubble removed: 0 0 (0s)
Tip
Nb Tip removed: 0 (0s)
Nb errors removed: 1 (0s)
Superbubble
Nb superbubble removed: 0 0 (0s)
Tip
Nb Tip removed: 0 (0s)
Checksum: 0
Checksum abundnace: 0
Generating contigs
45.2593
28.1025
21.1138
15.8631
14.421
13.11
11.9182
10.8347
9.84974
8.14028
7.40025
6.11591
5.05447
4.17725
3.13843
2.14359
0


metaMDBG toMinspace  /var/folders/zg/vq0dnx517c54hg87dyqjky740000gn/T/.tmpwTqywI/tmp/ /var/folders/zg/vq0dnx517c54hg87dyqjky740000gn/T/.tmpwTqywI/tmp//contigs.nodepath /var/folders/zg/vq0dnx517c54hg87dyqjky740000gn/T/.tmpwTqywI/tmp//unitig_data.txt --threads 10

Input dir: /var/folders/zg/vq0dnx517c54hg87dyqjky740000gn/T/.tmpwTqywI/tmp/
Minimizer length: 15
Kminmer length: 196
Density: 0.005

Loading unitig sequences

Creating mContigs

Contig filename: /var/folders/zg/vq0dnx517c54hg87dyqjky740000gn/T/.tmpwTqywI/tmp//unitig_data.txt
pass done: 196
Multi-k pass: 197/209


metaMDBG graph /var/folders/zg/vq0dnx517c54hg87dyqjky740000gn/T/.tmpwTqywI/tmp/ --threads 10 --corrected-read 

Contig filename: 
Output dir: /var/folders/zg/vq0dnx517c54hg87dyqjky740000gn/T/.tmpwTqywI/tmp/
Minimizer length: 15
Kminmer length: 197
Density: 0.005
Min abundance: 0

Loading refined abundances
	Duration: 0
Collecting kminmers
Building mdbg
Duration: 0
Nb solid kminmers: 24913
Nb small contigs written: 0
Dump kminmer abundances
	Duration: 0
Indexing edges
Edge index size: 25023
Edge index elements: 47855
	Duration: 0
Compute unitig nodes
	Duration: 0
Index unitig edges
	Duration: 0
Compute unitig edges
	Duration: 0
Dump unitig abundances
	Duration: 0
Nb edges:   0


metaMDBG contig  /var/folders/zg/vq0dnx517c54hg87dyqjky740000gn/T/.tmpwTqywI/tmp/ --threads 10

Input dir: /var/folders/zg/vq0dnx517c54hg87dyqjky740000gn/T/.tmpwTqywI/tmp/
Minimizer length: 15
Kminmer length: 197
Density: 0.005

Loading unitig graph
Load unitigs
Nb unitigs: 215
Nb minimizers: 67053
Add unitig abundances
Sorting abundances
Add unitig edges
Nb unitig edges: 210
Sorting unitig edges
Done loading unitig graph
Simplifying
Max abundance: 43
Nb unitigs: 215
Superbubble
Nb superbubble removed: 0 0 (0s)
Tip
Nb Tip removed: 30 (0s)
Superbubble
Nb superbubble removed: 0 0 (0s)
Tip
Nb Tip removed: 0 (0s)
Nb errors removed: 43 (0s)
Superbubble
Nb superbubble removed: 0 0 (0s)
Tip
Nb Tip removed: 0 (0s)
Nb errors removed: 19 (0s)
Superbubble
Nb superbubble removed: 0 0 (0s)
Tip
Nb Tip removed: 0 (0s)
Nb errors removed: 17 (0s)
Superbubble
Nb superbubble removed: 0 0 (0s)
Tip
Nb Tip removed: 0 (0s)
Nb errors removed: 9 (0s)
Superbubble
Nb superbubble removed: 0 0 (0s)
Tip
Nb Tip removed: 0 (0s)
Nb errors removed: 8 (0s)
Superbubble
Nb superbubble removed: 0 0 (0s)
Tip
Nb Tip removed: 0 (0s)
Nb errors removed: 14 (0s)
Superbubble
Nb superbubble removed: 0 0 (0s)
Tip
Nb Tip removed: 0 (0s)
Nb errors removed: 11 (0s)
Superbubble
Nb superbubble removed: 0 0 (0s)
Tip
Nb Tip removed: 0 (0s)
Nb errors removed: 8 (0s)
Superbubble
Nb superbubble removed: 0 0 (0s)
Tip
Nb Tip removed: 0 (0s)
Nb errors removed: 8 (0s)
Superbubble
Nb superbubble removed: 0 0 (0s)
Tip
Nb Tip removed: 0 (0s)
Nb errors removed: 11 (0s)
Superbubble
Nb superbubble removed: 0 0 (0s)
Tip
Nb Tip removed: 0 (0s)
Nb errors removed: 7 (0s)
Superbubble
Nb superbubble removed: 0 0 (0s)
Tip
Nb Tip removed: 0 (0s)
Nb errors removed: 4 (0s)
Superbubble
Nb superbubble removed: 0 0 (0s)
Tip
Nb Tip removed: 0 (0s)
Nb errors removed: 1 (0s)
Superbubble
Nb superbubble removed: 0 0 (0s)
Tip
Nb Tip removed: 0 (0s)
Nb errors removed: 1 (0s)
Superbubble
Nb superbubble removed: 0 0 (0s)
Tip
Nb Tip removed: 0 (0s)
Nb errors removed: 5 (0s)
Superbubble
Nb superbubble removed: 0 0 (0s)
Tip
Nb Tip removed: 0 (0s)
Nb errors removed: 1 (0s)
Superbubble
Nb superbubble removed: 0 0 (0s)
Tip
Nb Tip removed: 0 (0s)
Checksum: 0
Checksum abundnace: 0
Generating contigs
45.2593
28.1025
21.1138
15.8631
14.421
13.11
11.9182
10.8347
9.84974
8.14028
7.40025
6.11591
5.05447
4.17725
3.13843
2.14359
0


metaMDBG toMinspace  /var/folders/zg/vq0dnx517c54hg87dyqjky740000gn/T/.tmpwTqywI/tmp/ /var/folders/zg/vq0dnx517c54hg87dyqjky740000gn/T/.tmpwTqywI/tmp//contigs.nodepath /var/folders/zg/vq0dnx517c54hg87dyqjky740000gn/T/.tmpwTqywI/tmp//unitig_data.txt --threads 10

Input dir: /var/folders/zg/vq0dnx517c54hg87dyqjky740000gn/T/.tmpwTqywI/tmp/
Minimizer length: 15
Kminmer length: 197
Density: 0.005

Loading unitig sequences

Creating mContigs

Contig filename: /var/folders/zg/vq0dnx517c54hg87dyqjky740000gn/T/.tmpwTqywI/tmp//unitig_data.txt
pass done: 197
Multi-k pass: 198/209


metaMDBG graph /var/folders/zg/vq0dnx517c54hg87dyqjky740000gn/T/.tmpwTqywI/tmp/ --threads 10 --corrected-read 

Contig filename: 
Output dir: /var/folders/zg/vq0dnx517c54hg87dyqjky740000gn/T/.tmpwTqywI/tmp/
Minimizer length: 15
Kminmer length: 198
Density: 0.005
Min abundance: 0

Loading refined abundances
	Duration: 0
Collecting kminmers
Building mdbg
Duration: 0
Nb solid kminmers: 24803
Nb small contigs written: 0
Dump kminmer abundances
	Duration: 0
Indexing edges
Edge index size: 24912
Edge index elements: 47580
	Duration: 0
Compute unitig nodes
	Duration: 0
Index unitig edges
	Duration: 0
Compute unitig edges
	Duration: 0
Dump unitig abundances
	Duration: 0
Nb edges:   0


metaMDBG contig  /var/folders/zg/vq0dnx517c54hg87dyqjky740000gn/T/.tmpwTqywI/tmp/ --threads 10

Input dir: /var/folders/zg/vq0dnx517c54hg87dyqjky740000gn/T/.tmpwTqywI/tmp/
Minimizer length: 15
Kminmer length: 198
Density: 0.005

Loading unitig graph
Load unitigs
Nb unitigs: 213
Nb minimizers: 66764
Add unitig abundances
Sorting abundances
Add unitig edges
Nb unitig edges: 210
Sorting unitig edges
Done loading unitig graph
Simplifying
Max abundance: 43
Nb unitigs: 213
Superbubble
Nb superbubble removed: 0 0 (0s)
Tip
Nb Tip removed: 30 (0s)
Superbubble
Nb superbubble removed: 0 0 (0s)
Tip
Nb Tip removed: 0 (0s)
Nb errors removed: 42 (0s)
Superbubble
Nb superbubble removed: 0 0 (0s)
Tip
Nb Tip removed: 0 (0s)
Nb errors removed: 19 (0s)
Superbubble
Nb superbubble removed: 0 0 (0s)
Tip
Nb Tip removed: 0 (0s)
Nb errors removed: 17 (0s)
Superbubble
Nb superbubble removed: 0 0 (0s)
Tip
Nb Tip removed: 0 (0s)
Nb errors removed: 9 (0s)
Superbubble
Nb superbubble removed: 0 0 (0s)
Tip
Nb Tip removed: 0 (0s)
Nb errors removed: 8 (0s)
Superbubble
Nb superbubble removed: 0 0 (0s)
Tip
Nb Tip removed: 0 (0s)
Nb errors removed: 14 (0s)
Superbubble
Nb superbubble removed: 0 0 (0s)
Tip
Nb Tip removed: 0 (0s)
Nb errors removed: 11 (0s)
Superbubble
Nb superbubble removed: 0 0 (0s)
Tip
Nb Tip removed: 0 (0s)
Nb errors removed: 8 (0s)
Superbubble
Nb superbubble removed: 0 0 (0s)
Tip
Nb Tip removed: 0 (0s)
Nb errors removed: 8 (0s)
Superbubble
Nb superbubble removed: 0 0 (0s)
Tip
Nb Tip removed: 0 (0s)
Nb errors removed: 11 (0s)
Superbubble
Nb superbubble removed: 0 0 (0s)
Tip
Nb Tip removed: 0 (0s)
Nb errors removed: 7 (0s)
Superbubble
Nb superbubble removed: 0 0 (0s)
Tip
Nb Tip removed: 0 (0s)
Nb errors removed: 4 (0s)
Superbubble
Nb superbubble removed: 0 0 (0s)
Tip
Nb Tip removed: 0 (0s)
Nb errors removed: 1 (0s)
Superbubble
Nb superbubble removed: 0 0 (0s)
Tip
Nb Tip removed: 0 (0s)
Nb errors removed: 1 (0s)
Superbubble
Nb superbubble removed: 0 0 (0s)
Tip
Nb Tip removed: 0 (0s)
Nb errors removed: 5 (0s)
Superbubble
Nb superbubble removed: 0 0 (0s)
Tip
Nb Tip removed: 0 (0s)
Nb errors removed: 1 (0s)
Superbubble
Nb superbubble removed: 0 0 (0s)
Tip
Nb Tip removed: 0 (0s)
Checksum: 0
Checksum abundnace: 0
Generating contigs
45.2593
28.1025
21.1138
15.8631
14.421
13.11
11.9182
10.8347
9.84974
8.14028
7.40025
6.11591
5.05447
4.17725
3.13843
2.14359
0


metaMDBG toMinspace  /var/folders/zg/vq0dnx517c54hg87dyqjky740000gn/T/.tmpwTqywI/tmp/ /var/folders/zg/vq0dnx517c54hg87dyqjky740000gn/T/.tmpwTqywI/tmp//contigs.nodepath /var/folders/zg/vq0dnx517c54hg87dyqjky740000gn/T/.tmpwTqywI/tmp//unitig_data.txt --threads 10

Input dir: /var/folders/zg/vq0dnx517c54hg87dyqjky740000gn/T/.tmpwTqywI/tmp/
Minimizer length: 15
Kminmer length: 198
Density: 0.005

Loading unitig sequences

Creating mContigs

Contig filename: /var/folders/zg/vq0dnx517c54hg87dyqjky740000gn/T/.tmpwTqywI/tmp//unitig_data.txt
pass done: 198
Multi-k pass: 199/209


metaMDBG graph /var/folders/zg/vq0dnx517c54hg87dyqjky740000gn/T/.tmpwTqywI/tmp/ --threads 10 --corrected-read 

Contig filename: 
Output dir: /var/folders/zg/vq0dnx517c54hg87dyqjky740000gn/T/.tmpwTqywI/tmp/
Minimizer length: 15
Kminmer length: 199
Density: 0.005
Min abundance: 0

Loading refined abundances
	Duration: 0
Collecting kminmers
Building mdbg
Duration: 0
Nb solid kminmers: 24692
Nb small contigs written: 0
Dump kminmer abundances
	Duration: 0
Indexing edges
Edge index size: 24799
Edge index elements: 47503
	Duration: 0
Compute unitig nodes
	Duration: 0
Index unitig edges
	Duration: 0
Compute unitig edges
	Duration: 0
Dump unitig abundances
	Duration: 0
Nb edges:   0


metaMDBG contig  /var/folders/zg/vq0dnx517c54hg87dyqjky740000gn/T/.tmpwTqywI/tmp/ --threads 10

Input dir: /var/folders/zg/vq0dnx517c54hg87dyqjky740000gn/T/.tmpwTqywI/tmp/
Minimizer length: 15
Kminmer length: 199
Density: 0.005

Loading unitig graph
Load unitigs
Nb unitigs: 208
Nb minimizers: 65876
Add unitig abundances
Sorting abundances
Add unitig edges
Nb unitig edges: 202
Sorting unitig edges
Done loading unitig graph
Simplifying
Max abundance: 43
Nb unitigs: 208
Superbubble
Nb superbubble removed: 0 0 (0s)
Tip
Nb Tip removed: 29 (0s)
Superbubble
Nb superbubble removed: 0 0 (0s)
Tip
Nb Tip removed: 0 (0s)
Nb errors removed: 41 (0s)
Superbubble
Nb superbubble removed: 0 0 (0s)
Tip
Nb Tip removed: 0 (0s)
Nb errors removed: 19 (0s)
Superbubble
Nb superbubble removed: 0 0 (0s)
Tip
Nb Tip removed: 0 (0s)
Nb errors removed: 16 (0s)
Superbubble
Nb superbubble removed: 0 0 (0s)
Tip
Nb Tip removed: 0 (0s)
Nb errors removed: 9 (0s)
Superbubble
Nb superbubble removed: 0 0 (0s)
Tip
Nb Tip removed: 0 (0s)
Nb errors removed: 8 (0s)
Superbubble
Nb superbubble removed: 0 0 (0s)
Tip
Nb Tip removed: 0 (0s)
Nb errors removed: 13 (0s)
Superbubble
Nb superbubble removed: 0 0 (0s)
Tip
Nb Tip removed: 0 (0s)
Nb errors removed: 11 (0s)
Superbubble
Nb superbubble removed: 0 0 (0s)
Tip
Nb Tip removed: 0 (0s)
Nb errors removed: 8 (0s)
Superbubble
Nb superbubble removed: 0 0 (0s)
Tip
Nb Tip removed: 0 (0s)
Nb errors removed: 8 (0s)
Superbubble
Nb superbubble removed: 0 0 (0s)
Tip
Nb Tip removed: 0 (0s)
Nb errors removed: 10 (0s)
Superbubble
Nb superbubble removed: 0 0 (0s)
Tip
Nb Tip removed: 0 (0s)
Nb errors removed: 7 (0s)
Superbubble
Nb superbubble removed: 0 0 (0s)
Tip
Nb Tip removed: 0 (0s)
Nb errors removed: 4 (0s)
Superbubble
Nb superbubble removed: 0 0 (0s)
Tip
Nb Tip removed: 0 (0s)
Nb errors removed: 1 (0s)
Superbubble
Nb superbubble removed: 0 0 (0s)
Tip
Nb Tip removed: 0 (0s)
Nb errors removed: 1 (0s)
Superbubble
Nb superbubble removed: 0 0 (0s)
Tip
Nb Tip removed: 0 (0s)
Nb errors removed: 5 (0s)
Superbubble
Nb superbubble removed: 0 0 (0s)
Tip
Nb Tip removed: 0 (0s)
Nb errors removed: 1 (0s)
Superbubble
Nb superbubble removed: 0 0 (0s)
Tip
Nb Tip removed: 0 (0s)
Checksum: 0
Checksum abundnace: 0
Generating contigs
45.2593
28.1025
21.1138
15.8631
14.421
13.11
11.9182
10.8347
9.84974
8.14028
7.40025
6.11591
5.05447
4.17725
3.13843
2.14359
0


metaMDBG toMinspace  /var/folders/zg/vq0dnx517c54hg87dyqjky740000gn/T/.tmpwTqywI/tmp/ /var/folders/zg/vq0dnx517c54hg87dyqjky740000gn/T/.tmpwTqywI/tmp//contigs.nodepath /var/folders/zg/vq0dnx517c54hg87dyqjky740000gn/T/.tmpwTqywI/tmp//unitig_data.txt --threads 10

Input dir: /var/folders/zg/vq0dnx517c54hg87dyqjky740000gn/T/.tmpwTqywI/tmp/
Minimizer length: 15
Kminmer length: 199
Density: 0.005

Loading unitig sequences

Creating mContigs

Contig filename: /var/folders/zg/vq0dnx517c54hg87dyqjky740000gn/T/.tmpwTqywI/tmp//unitig_data.txt
pass done: 199
Multi-k pass: 200/209


metaMDBG graph /var/folders/zg/vq0dnx517c54hg87dyqjky740000gn/T/.tmpwTqywI/tmp/ --threads 10 --corrected-read 

Contig filename: 
Output dir: /var/folders/zg/vq0dnx517c54hg87dyqjky740000gn/T/.tmpwTqywI/tmp/
Minimizer length: 15
Kminmer length: 200
Density: 0.005
Min abundance: 0

Loading refined abundances
	Duration: 0
Collecting kminmers
Building mdbg
Duration: 0
Nb solid kminmers: 24585
Nb small contigs written: 0
Dump kminmer abundances
	Duration: 0
Indexing edges
Edge index size: 24690
Edge index elements: 47323
	Duration: 0
Compute unitig nodes
	Duration: 0
Index unitig edges
	Duration: 0
Compute unitig edges
	Duration: 0
Dump unitig abundances
	Duration: 0
Nb edges:   0


metaMDBG contig  /var/folders/zg/vq0dnx517c54hg87dyqjky740000gn/T/.tmpwTqywI/tmp/ --threads 10

Input dir: /var/folders/zg/vq0dnx517c54hg87dyqjky740000gn/T/.tmpwTqywI/tmp/
Minimizer length: 15
Kminmer length: 200
Density: 0.005

Loading unitig graph
Load unitigs
Nb unitigs: 206
Nb minimizers: 65579
Add unitig abundances
Sorting abundances
Add unitig edges
Nb unitig edges: 202
Sorting unitig edges
Done loading unitig graph
Simplifying
Max abundance: 43
Nb unitigs: 206
Superbubble
Nb superbubble removed: 0 0 (0s)
Tip
Nb Tip removed: 29 (0s)
Superbubble
Nb superbubble removed: 0 0 (0s)
Tip
Nb Tip removed: 0 (0s)
Nb errors removed: 40 (0s)
Superbubble
Nb superbubble removed: 0 0 (0s)
Tip
Nb Tip removed: 0 (0s)
Nb errors removed: 19 (0s)
Superbubble
Nb superbubble removed: 0 0 (0s)
Tip
Nb Tip removed: 0 (0s)
Nb errors removed: 16 (0s)
Superbubble
Nb superbubble removed: 0 0 (0s)
Tip
Nb Tip removed: 0 (0s)
Nb errors removed: 9 (0s)
Superbubble
Nb superbubble removed: 0 0 (0s)
Tip
Nb Tip removed: 0 (0s)
Nb errors removed: 8 (0s)
Superbubble
Nb superbubble removed: 0 0 (0s)
Tip
Nb Tip removed: 0 (0s)
Nb errors removed: 13 (0s)
Superbubble
Nb superbubble removed: 0 0 (0s)
Tip
Nb Tip removed: 0 (0s)
Nb errors removed: 11 (0s)
Superbubble
Nb superbubble removed: 0 0 (0s)
Tip
Nb Tip removed: 0 (0s)
Nb errors removed: 8 (0s)
Superbubble
Nb superbubble removed: 0 0 (0s)
Tip
Nb Tip removed: 0 (0s)
Nb errors removed: 8 (0s)
Superbubble
Nb superbubble removed: 0 0 (0s)
Tip
Nb Tip removed: 0 (0s)
Nb errors removed: 10 (0s)
Superbubble
Nb superbubble removed: 0 0 (0s)
Tip
Nb Tip removed: 0 (0s)
Nb errors removed: 6 (0s)
Superbubble
Nb superbubble removed: 0 0 (0s)
Tip
Nb Tip removed: 0 (0s)
Nb errors removed: 4 (0s)
Superbubble
Nb superbubble removed: 0 0 (0s)
Tip
Nb Tip removed: 0 (0s)
Nb errors removed: 1 (0s)
Superbubble
Nb superbubble removed: 0 0 (0s)
Tip
Nb Tip removed: 0 (0s)
Nb errors removed: 1 (0s)
Superbubble
Nb superbubble removed: 0 0 (0s)
Tip
Nb Tip removed: 0 (0s)
Nb errors removed: 5 (0s)
Superbubble
Nb superbubble removed: 0 0 (0s)
Tip
Nb Tip removed: 0 (0s)
Nb errors removed: 1 (0s)
Superbubble
Nb superbubble removed: 0 0 (0s)
Tip
Nb Tip removed: 0 (0s)
Checksum: 0
Checksum abundnace: 0
Generating contigs
45.2593
28.1025
21.1138
15.8631
14.421
13.11
11.9182
10.8347
9.84974
8.14028
7.40025
6.11591
5.05447
4.17725
3.13843
2.14359
0


metaMDBG toMinspace  /var/folders/zg/vq0dnx517c54hg87dyqjky740000gn/T/.tmpwTqywI/tmp/ /var/folders/zg/vq0dnx517c54hg87dyqjky740000gn/T/.tmpwTqywI/tmp//contigs.nodepath /var/folders/zg/vq0dnx517c54hg87dyqjky740000gn/T/.tmpwTqywI/tmp//unitig_data.txt --threads 10

Input dir: /var/folders/zg/vq0dnx517c54hg87dyqjky740000gn/T/.tmpwTqywI/tmp/
Minimizer length: 15
Kminmer length: 200
Density: 0.005

Loading unitig sequences

Creating mContigs

Contig filename: /var/folders/zg/vq0dnx517c54hg87dyqjky740000gn/T/.tmpwTqywI/tmp//unitig_data.txt
pass done: 200
Multi-k pass: 201/209


metaMDBG graph /var/folders/zg/vq0dnx517c54hg87dyqjky740000gn/T/.tmpwTqywI/tmp/ --threads 10 --corrected-read 

Contig filename: 
Output dir: /var/folders/zg/vq0dnx517c54hg87dyqjky740000gn/T/.tmpwTqywI/tmp/
Minimizer length: 15
Kminmer length: 201
Density: 0.005
Min abundance: 0

Loading refined abundances
	Duration: 0
Collecting kminmers
Building mdbg
Duration: 0
Nb solid kminmers: 24478
Nb small contigs written: 0
Dump kminmer abundances
	Duration: 0
Indexing edges
Edge index size: 24584
Edge index elements: 47177
	Duration: 0
Compute unitig nodes
	Duration: 0
Index unitig edges
	Duration: 0
Compute unitig edges
	Duration: 0
Dump unitig abundances
	Duration: 0
Nb edges:   0


metaMDBG contig  /var/folders/zg/vq0dnx517c54hg87dyqjky740000gn/T/.tmpwTqywI/tmp/ --threads 10 --gen-graph 

Input dir: /var/folders/zg/vq0dnx517c54hg87dyqjky740000gn/T/.tmpwTqywI/tmp/
Minimizer length: 15
Kminmer length: 201
Density: 0.005

Loading unitig graph
Load unitigs
Nb unitigs: 203
Nb minimizers: 65078
Add unitig abundances
Sorting abundances
Add unitig edges
Nb unitig edges: 194
Sorting unitig edges
Done loading unitig graph
Simplifying
Max abundance: 43
Nb unitigs: 203
Superbubble
Nb superbubble removed: 0 0 (0s)
Tip
Nb Tip removed: 27 (0s)
Superbubble
Nb superbubble removed: 0 0 (0s)
Tip
Nb Tip removed: 0 (0s)
Saving unitig graph: /var/folders/zg/vq0dnx517c54hg87dyqjky740000gn/T/.tmpwTqywI/tmp//assembly_graph.gfa
Nb errors removed: 40 (0s)
Superbubble
Nb superbubble removed: 0 0 (0s)
Tip
Nb Tip removed: 0 (0s)
Nb errors removed: 18 (0s)
Superbubble
Nb superbubble removed: 0 0 (0s)
Tip
Nb Tip removed: 0 (0s)
Nb errors removed: 16 (0s)
Superbubble
Nb superbubble removed: 0 0 (0s)
Tip
Nb Tip removed: 0 (0s)
Nb errors removed: 9 (0s)
Superbubble
Nb superbubble removed: 0 0 (0s)
Tip
Nb Tip removed: 0 (0s)
Nb errors removed: 8 (0s)
Superbubble
Nb superbubble removed: 0 0 (0s)
Tip
Nb Tip removed: 0 (0s)
Nb errors removed: 13 (0s)
Superbubble
Nb superbubble removed: 0 0 (0s)
Tip
Nb Tip removed: 0 (0s)
Nb errors removed: 11 (0s)
Superbubble
Nb superbubble removed: 0 0 (0s)
Tip
Nb Tip removed: 0 (0s)
Nb errors removed: 8 (0s)
Superbubble
Nb superbubble removed: 0 0 (0s)
Tip
Nb Tip removed: 0 (0s)
Nb errors removed: 8 (0s)
Superbubble
Nb superbubble removed: 0 0 (0s)
Tip
Nb Tip removed: 0 (0s)
Nb errors removed: 10 (0s)
Superbubble
Nb superbubble removed: 0 0 (0s)
Tip
Nb Tip removed: 0 (0s)
Nb errors removed: 6 (0s)
Superbubble
Nb superbubble removed: 0 0 (0s)
Tip
Nb Tip removed: 0 (0s)
Nb errors removed: 4 (0s)
Superbubble
Nb superbubble removed: 0 0 (0s)
Tip
Nb Tip removed: 0 (0s)
Nb errors removed: 1 (0s)
Superbubble
Nb superbubble removed: 0 0 (0s)
Tip
Nb Tip removed: 0 (0s)
Nb errors removed: 1 (0s)
Superbubble
Nb superbubble removed: 0 0 (0s)
Tip
Nb Tip removed: 0 (0s)
Nb errors removed: 6 (0s)
Superbubble
Nb superbubble removed: 0 0 (0s)
Tip
Nb Tip removed: 0 (0s)
Nb errors removed: 1 (0s)
Superbubble
Nb superbubble removed: 0 0 (0s)
Tip
Nb Tip removed: 0 (0s)
Checksum: 0
Checksum abundnace: 0
Generating contigs
45.2593
28.1025
21.1138
15.8631
14.421
13.11
11.9182
10.8347
9.84974
8.14028
7.40025
6.11591
5.05447
4.17725
3.13843
2.14359
0


metaMDBG toMinspace  /var/folders/zg/vq0dnx517c54hg87dyqjky740000gn/T/.tmpwTqywI/tmp/ /var/folders/zg/vq0dnx517c54hg87dyqjky740000gn/T/.tmpwTqywI/tmp//contigs.nodepath /var/folders/zg/vq0dnx517c54hg87dyqjky740000gn/T/.tmpwTqywI/tmp//unitig_data.txt --threads 10

Input dir: /var/folders/zg/vq0dnx517c54hg87dyqjky740000gn/T/.tmpwTqywI/tmp/
Minimizer length: 15
Kminmer length: 201
Density: 0.005

Loading unitig sequences

Creating mContigs

Contig filename: /var/folders/zg/vq0dnx517c54hg87dyqjky740000gn/T/.tmpwTqywI/tmp//unitig_data.txt


metaMDBG toMinspace  /var/folders/zg/vq0dnx517c54hg87dyqjky740000gn/T/.tmpwTqywI/tmp/ /var/folders/zg/vq0dnx517c54hg87dyqjky740000gn/T/.tmpwTqywI/tmp//assembly_graph.gfa.unitigs.nodepath /var/folders/zg/vq0dnx517c54hg87dyqjky740000gn/T/.tmpwTqywI/tmp//assembly_graph.gfa.unitigs --threads 10

Input dir: /var/folders/zg/vq0dnx517c54hg87dyqjky740000gn/T/.tmpwTqywI/tmp/
Minimizer length: 15
Kminmer length: 201
Density: 0.005

Loading unitig sequences

Creating mContigs

Contig filename: /var/folders/zg/vq0dnx517c54hg87dyqjky740000gn/T/.tmpwTqywI/tmp//assembly_graph.gfa.unitigs
pass done: 201
Multi-k pass: 202/209


metaMDBG graph /var/folders/zg/vq0dnx517c54hg87dyqjky740000gn/T/.tmpwTqywI/tmp/ --threads 10 --corrected-read 

Contig filename: 
Output dir: /var/folders/zg/vq0dnx517c54hg87dyqjky740000gn/T/.tmpwTqywI/tmp/
Minimizer length: 15
Kminmer length: 202
Density: 0.005
Min abundance: 0

Loading refined abundances
	Duration: 0
Collecting kminmers
Building mdbg
Duration: 0
Nb solid kminmers: 24371
Nb small contigs written: 0
Dump kminmer abundances
	Duration: 0
Indexing edges
Edge index size: 24477
Edge index elements: 47143
	Duration: 0
Compute unitig nodes
	Duration: 0
Index unitig edges
	Duration: 0
Compute unitig edges
	Duration: 0
Dump unitig abundances
	Duration: 0
Nb edges:   0


metaMDBG contig  /var/folders/zg/vq0dnx517c54hg87dyqjky740000gn/T/.tmpwTqywI/tmp/ --threads 10

Input dir: /var/folders/zg/vq0dnx517c54hg87dyqjky740000gn/T/.tmpwTqywI/tmp/
Minimizer length: 15
Kminmer length: 202
Density: 0.005

Loading unitig graph
Load unitigs
Nb unitigs: 201
Nb minimizers: 64772
Add unitig abundances
Sorting abundances
Add unitig edges
Nb unitig edges: 190
Sorting unitig edges
Done loading unitig graph
Simplifying
Max abundance: 43
Nb unitigs: 201
Superbubble
Nb superbubble removed: 0 0 (0s)
Tip
Nb Tip removed: 26 (0s)
Superbubble
Nb superbubble removed: 0 0 (0s)
Tip
Nb Tip removed: 0 (0s)
Nb errors removed: 40 (0s)
Superbubble
Nb superbubble removed: 0 0 (0s)
Tip
Nb Tip removed: 0 (0s)
Nb errors removed: 18 (0s)
Superbubble
Nb superbubble removed: 0 0 (0s)
Tip
Nb Tip removed: 0 (0s)
Nb errors removed: 16 (0s)
Superbubble
Nb superbubble removed: 0 0 (0s)
Tip
Nb Tip removed: 0 (0s)
Nb errors removed: 9 (0s)
Superbubble
Nb superbubble removed: 0 0 (0s)
Tip
Nb Tip removed: 0 (0s)
Nb errors removed: 8 (0s)
Superbubble
Nb superbubble removed: 0 0 (0s)
Tip
Nb Tip removed: 0 (0s)
Nb errors removed: 13 (0s)
Superbubble
Nb superbubble removed: 0 0 (0s)
Tip
Nb Tip removed: 0 (0s)
Nb errors removed: 10 (0s)
Superbubble
Nb superbubble removed: 0 0 (0s)
Tip
Nb Tip removed: 0 (0s)
Nb errors removed: 8 (0s)
Superbubble
Nb superbubble removed: 0 0 (0s)
Tip
Nb Tip removed: 0 (0s)
Nb errors removed: 8 (0s)
Superbubble
Nb superbubble removed: 0 0 (0s)
Tip
Nb Tip removed: 0 (0s)
Nb errors removed: 10 (0s)
Superbubble
Nb superbubble removed: 0 0 (0s)
Tip
Nb Tip removed: 0 (0s)
Nb errors removed: 6 (0s)
Superbubble
Nb superbubble removed: 0 0 (0s)
Tip
Nb Tip removed: 0 (0s)
Nb errors removed: 4 (0s)
Superbubble
Nb superbubble removed: 0 0 (0s)
Tip
Nb Tip removed: 0 (0s)
Nb errors removed: 1 (0s)
Superbubble
Nb superbubble removed: 0 0 (0s)
Tip
Nb Tip removed: 0 (0s)
Nb errors removed: 1 (0s)
Superbubble
Nb superbubble removed: 0 0 (0s)
Tip
Nb Tip removed: 0 (0s)
Nb errors removed: 5 (0s)
Superbubble
Nb superbubble removed: 0 0 (0s)
Tip
Nb Tip removed: 0 (0s)
Nb errors removed: 1 (0s)
Superbubble
Nb superbubble removed: 0 0 (0s)
Tip
Nb Tip removed: 0 (0s)
Checksum: 0
Checksum abundnace: 0
Generating contigs
45.2593
28.1025
21.1138
15.8631
14.421
13.11
11.9182
10.8347
9.84974
8.14028
7.40025
6.11591
5.05447
4.17725
3.13843
2.14359
0


metaMDBG toMinspace  /var/folders/zg/vq0dnx517c54hg87dyqjky740000gn/T/.tmpwTqywI/tmp/ /var/folders/zg/vq0dnx517c54hg87dyqjky740000gn/T/.tmpwTqywI/tmp//contigs.nodepath /var/folders/zg/vq0dnx517c54hg87dyqjky740000gn/T/.tmpwTqywI/tmp//unitig_data.txt --threads 10

Input dir: /var/folders/zg/vq0dnx517c54hg87dyqjky740000gn/T/.tmpwTqywI/tmp/
Minimizer length: 15
Kminmer length: 202
Density: 0.005

Loading unitig sequences

Creating mContigs

Contig filename: /var/folders/zg/vq0dnx517c54hg87dyqjky740000gn/T/.tmpwTqywI/tmp//unitig_data.txt
pass done: 202
Multi-k pass: 203/209


metaMDBG graph /var/folders/zg/vq0dnx517c54hg87dyqjky740000gn/T/.tmpwTqywI/tmp/ --threads 10 --corrected-read 

Contig filename: 
Output dir: /var/folders/zg/vq0dnx517c54hg87dyqjky740000gn/T/.tmpwTqywI/tmp/
Minimizer length: 15
Kminmer length: 203
Density: 0.005
Min abundance: 0

Loading refined abundances
	Duration: 0
Collecting kminmers
Building mdbg
Duration: 0
Nb solid kminmers: 24264
Nb small contigs written: 0
Dump kminmer abundances
	Duration: 0
Indexing edges
Edge index size: 24370
Edge index elements: 46865
	Duration: 0
Compute unitig nodes
	Duration: 0
Index unitig edges
	Duration: 0
Compute unitig edges
	Duration: 0
Dump unitig abundances
	Duration: 0
Nb edges:   0


metaMDBG contig  /var/folders/zg/vq0dnx517c54hg87dyqjky740000gn/T/.tmpwTqywI/tmp/ --threads 10

Input dir: /var/folders/zg/vq0dnx517c54hg87dyqjky740000gn/T/.tmpwTqywI/tmp/
Minimizer length: 15
Kminmer length: 203
Density: 0.005

Loading unitig graph
Load unitigs
Nb unitigs: 199
Nb minimizers: 64462
Add unitig abundances
Sorting abundances
Add unitig edges
Nb unitig edges: 186
Sorting unitig edges
Done loading unitig graph
Simplifying
Max abundance: 43
Nb unitigs: 199
Superbubble
Nb superbubble removed: 0 0 (0s)
Tip
Nb Tip removed: 25 (0s)
Superbubble
Nb superbubble removed: 0 0 (0s)
Tip
Nb Tip removed: 0 (0s)
Nb errors removed: 40 (0s)
Superbubble
Nb superbubble removed: 0 0 (0s)
Tip
Nb Tip removed: 0 (0s)
Nb errors removed: 18 (0s)
Superbubble
Nb superbubble removed: 0 0 (0s)
Tip
Nb Tip removed: 0 (0s)
Nb errors removed: 16 (0s)
Superbubble
Nb superbubble removed: 0 0 (0s)
Tip
Nb Tip removed: 0 (0s)
Nb errors removed: 9 (0s)
Superbubble
Nb superbubble removed: 0 0 (0s)
Tip
Nb Tip removed: 0 (0s)
Nb errors removed: 8 (0s)
Superbubble
Nb superbubble removed: 0 0 (0s)
Tip
Nb Tip removed: 0 (0s)
Nb errors removed: 13 (0s)
Superbubble
Nb superbubble removed: 0 0 (0s)
Tip
Nb Tip removed: 0 (0s)
Nb errors removed: 9 (0s)
Superbubble
Nb superbubble removed: 0 0 (0s)
Tip
Nb Tip removed: 0 (0s)
Nb errors removed: 7 (0s)
Superbubble
Nb superbubble removed: 0 0 (0s)
Tip
Nb Tip removed: 0 (0s)
Nb errors removed: 8 (0s)
Superbubble
Nb superbubble removed: 0 0 (0s)
Tip
Nb Tip removed: 0 (0s)
Nb errors removed: 10 (0s)
Superbubble
Nb superbubble removed: 0 0 (0s)
Tip
Nb Tip removed: 0 (0s)
Nb errors removed: 6 (0s)
Superbubble
Nb superbubble removed: 0 0 (0s)
Tip
Nb Tip removed: 0 (0s)
Nb errors removed: 4 (0s)
Superbubble
Nb superbubble removed: 0 0 (0s)
Tip
Nb Tip removed: 0 (0s)
Nb errors removed: 1 (0s)
Superbubble
Nb superbubble removed: 0 0 (0s)
Tip
Nb Tip removed: 0 (0s)
Nb errors removed: 1 (0s)
Superbubble
Nb superbubble removed: 0 0 (0s)
Tip
Nb Tip removed: 0 (0s)
Nb errors removed: 5 (0s)
Superbubble
Nb superbubble removed: 0 0 (0s)
Tip
Nb Tip removed: 0 (0s)
Nb errors removed: 1 (0s)
Superbubble
Nb superbubble removed: 0 0 (0s)
Tip
Nb Tip removed: 0 (0s)
Checksum: 0
Checksum abundnace: 0
Generating contigs
45.2593
28.1025
21.1138
15.8631
14.421
13.11
11.9182
10.8347
9.84974
8.14028
7.40025
6.11591
5.05447
4.17725
3.13843
2.14359
0


metaMDBG toMinspace  /var/folders/zg/vq0dnx517c54hg87dyqjky740000gn/T/.tmpwTqywI/tmp/ /var/folders/zg/vq0dnx517c54hg87dyqjky740000gn/T/.tmpwTqywI/tmp//contigs.nodepath /var/folders/zg/vq0dnx517c54hg87dyqjky740000gn/T/.tmpwTqywI/tmp//unitig_data.txt --threads 10

Input dir: /var/folders/zg/vq0dnx517c54hg87dyqjky740000gn/T/.tmpwTqywI/tmp/
Minimizer length: 15
Kminmer length: 203
Density: 0.005

Loading unitig sequences

Creating mContigs

Contig filename: /var/folders/zg/vq0dnx517c54hg87dyqjky740000gn/T/.tmpwTqywI/tmp//unitig_data.txt
pass done: 203
Multi-k pass: 204/209


metaMDBG graph /var/folders/zg/vq0dnx517c54hg87dyqjky740000gn/T/.tmpwTqywI/tmp/ --threads 10 --corrected-read 

Contig filename: 
Output dir: /var/folders/zg/vq0dnx517c54hg87dyqjky740000gn/T/.tmpwTqywI/tmp/
Minimizer length: 15
Kminmer length: 204
Density: 0.005
Min abundance: 0

Loading refined abundances
	Duration: 0
Collecting kminmers
Building mdbg
Duration: 0
Nb solid kminmers: 24158
Nb small contigs written: 0
Dump kminmer abundances
	Duration: 0
Indexing edges
Edge index size: 24264
Edge index elements: 46585
	Duration: 0
Compute unitig nodes
	Duration: 0
Index unitig edges
	Duration: 0
Compute unitig edges
	Duration: 0
Dump unitig abundances
	Duration: 0
Nb edges:   0


metaMDBG contig  /var/folders/zg/vq0dnx517c54hg87dyqjky740000gn/T/.tmpwTqywI/tmp/ --threads 10

Input dir: /var/folders/zg/vq0dnx517c54hg87dyqjky740000gn/T/.tmpwTqywI/tmp/
Minimizer length: 15
Kminmer length: 204
Density: 0.005

Loading unitig graph
Load unitigs
Nb unitigs: 199
Nb minimizers: 64555
Add unitig abundances
Sorting abundances
Add unitig edges
Nb unitig edges: 186
Sorting unitig edges
Done loading unitig graph
Simplifying
Max abundance: 43
Nb unitigs: 199
Superbubble
Nb superbubble removed: 0 0 (0s)
Tip
Nb Tip removed: 24 (0s)
Superbubble
Nb superbubble removed: 0 0 (0s)
Tip
Nb Tip removed: 0 (0s)
Nb errors removed: 40 (0s)
Superbubble
Nb superbubble removed: 0 0 (0s)
Tip
Nb Tip removed: 0 (0s)
Nb errors removed: 18 (0s)
Superbubble
Nb superbubble removed: 0 0 (0s)
Tip
Nb Tip removed: 0 (0s)
Nb errors removed: 16 (0s)
Superbubble
Nb superbubble removed: 0 0 (0s)
Tip
Nb Tip removed: 0 (0s)
Nb errors removed: 9 (0s)
Superbubble
Nb superbubble removed: 0 0 (0s)
Tip
Nb Tip removed: 0 (0s)
Nb errors removed: 8 (0s)
Superbubble
Nb superbubble removed: 0 0 (0s)
Tip
Nb Tip removed: 0 (0s)
Nb errors removed: 13 (0s)
Superbubble
Nb superbubble removed: 0 0 (0s)
Tip
Nb Tip removed: 0 (0s)
Nb errors removed: 9 (0s)
Superbubble
Nb superbubble removed: 0 0 (0s)
Tip
Nb Tip removed: 0 (0s)
Nb errors removed: 7 (0s)
Superbubble
Nb superbubble removed: 0 0 (0s)
Tip
Nb Tip removed: 0 (0s)
Nb errors removed: 8 (0s)
Superbubble
Nb superbubble removed: 0 0 (0s)
Tip
Nb Tip removed: 0 (0s)
Nb errors removed: 10 (0s)
Superbubble
Nb superbubble removed: 0 0 (0s)
Tip
Nb Tip removed: 0 (0s)
Nb errors removed: 6 (0s)
Superbubble
Nb superbubble removed: 0 0 (0s)
Tip
Nb Tip removed: 0 (0s)
Nb errors removed: 4 (0s)
Superbubble
Nb superbubble removed: 0 0 (0s)
Tip
Nb Tip removed: 0 (0s)
Nb errors removed: 1 (0s)
Superbubble
Nb superbubble removed: 0 0 (0s)
Tip
Nb Tip removed: 0 (0s)
Nb errors removed: 1 (0s)
Superbubble
Nb superbubble removed: 0 0 (0s)
Tip
Nb Tip removed: 0 (0s)
Nb errors removed: 5 (0s)
Superbubble
Nb superbubble removed: 0 0 (0s)
Tip
Nb Tip removed: 0 (0s)
Nb errors removed: 1 (0s)
Superbubble
Nb superbubble removed: 0 0 (0s)
Tip
Nb Tip removed: 0 (0s)
Checksum: 0
Checksum abundnace: 0
Generating contigs
45.2593
28.1025
21.1138
15.8631
14.421
13.11
11.9182
10.8347
9.84974
8.14028
7.40025
6.11591
5.05447
4.17725
3.13843
2.14359
0


metaMDBG toMinspace  /var/folders/zg/vq0dnx517c54hg87dyqjky740000gn/T/.tmpwTqywI/tmp/ /var/folders/zg/vq0dnx517c54hg87dyqjky740000gn/T/.tmpwTqywI/tmp//contigs.nodepath /var/folders/zg/vq0dnx517c54hg87dyqjky740000gn/T/.tmpwTqywI/tmp//unitig_data.txt --threads 10

Input dir: /var/folders/zg/vq0dnx517c54hg87dyqjky740000gn/T/.tmpwTqywI/tmp/
Minimizer length: 15
Kminmer length: 204
Density: 0.005

Loading unitig sequences

Creating mContigs

Contig filename: /var/folders/zg/vq0dnx517c54hg87dyqjky740000gn/T/.tmpwTqywI/tmp//unitig_data.txt
pass done: 204
Multi-k pass: 205/209


metaMDBG graph /var/folders/zg/vq0dnx517c54hg87dyqjky740000gn/T/.tmpwTqywI/tmp/ --threads 10 --corrected-read 

Contig filename: 
Output dir: /var/folders/zg/vq0dnx517c54hg87dyqjky740000gn/T/.tmpwTqywI/tmp/
Minimizer length: 15
Kminmer length: 205
Density: 0.005
Min abundance: 0

Loading refined abundances
	Duration: 0
Collecting kminmers
Building mdbg
Duration: 0
Nb solid kminmers: 24051
Nb small contigs written: 0
Dump kminmer abundances
	Duration: 0
Indexing edges
Edge index size: 24157
Edge index elements: 46458
	Duration: 0
Compute unitig nodes
	Duration: 0
Index unitig edges
	Duration: 0
Compute unitig edges
	Duration: 0
Dump unitig abundances
	Duration: 0
Nb edges:   0


metaMDBG contig  /var/folders/zg/vq0dnx517c54hg87dyqjky740000gn/T/.tmpwTqywI/tmp/ --threads 10

Input dir: /var/folders/zg/vq0dnx517c54hg87dyqjky740000gn/T/.tmpwTqywI/tmp/
Minimizer length: 15
Kminmer length: 205
Density: 0.005

Loading unitig graph
Load unitigs
Nb unitigs: 197
Nb minimizers: 64239
Add unitig abundances
Sorting abundances
Add unitig edges
Nb unitig edges: 182
Sorting unitig edges
Done loading unitig graph
Simplifying
Max abundance: 43
Nb unitigs: 197
Superbubble
Nb superbubble removed: 0 0 (0s)
Tip
Nb Tip removed: 23 (0s)
Superbubble
Nb superbubble removed: 0 0 (0s)
Tip
Nb Tip removed: 0 (0s)
Nb errors removed: 40 (0s)
Superbubble
Nb superbubble removed: 0 0 (0s)
Tip
Nb Tip removed: 0 (0s)
Nb errors removed: 18 (0s)
Superbubble
Nb superbubble removed: 0 0 (0s)
Tip
Nb Tip removed: 0 (0s)
Nb errors removed: 16 (0s)
Superbubble
Nb superbubble removed: 0 0 (0s)
Tip
Nb Tip removed: 0 (0s)
Nb errors removed: 9 (0s)
Superbubble
Nb superbubble removed: 0 0 (0s)
Tip
Nb Tip removed: 0 (0s)
Nb errors removed: 8 (0s)
Superbubble
Nb superbubble removed: 0 0 (0s)
Tip
Nb Tip removed: 0 (0s)
Nb errors removed: 13 (0s)
Superbubble
Nb superbubble removed: 0 0 (0s)
Tip
Nb Tip removed: 0 (0s)
Nb errors removed: 9 (0s)
Superbubble
Nb superbubble removed: 0 0 (0s)
Tip
Nb Tip removed: 0 (0s)
Nb errors removed: 7 (0s)
Superbubble
Nb superbubble removed: 0 0 (0s)
Tip
Nb Tip removed: 0 (0s)
Nb errors removed: 8 (0s)
Superbubble
Nb superbubble removed: 0 0 (0s)
Tip
Nb Tip removed: 0 (0s)
Nb errors removed: 10 (0s)
Superbubble
Nb superbubble removed: 0 0 (0s)
Tip
Nb Tip removed: 0 (0s)
Nb errors removed: 5 (0s)
Superbubble
Nb superbubble removed: 0 0 (0s)
Tip
Nb Tip removed: 0 (0s)
Nb errors removed: 4 (0s)
Superbubble
Nb superbubble removed: 0 0 (0s)
Tip
Nb Tip removed: 0 (0s)
Nb errors removed: 1 (0s)
Superbubble
Nb superbubble removed: 0 0 (0s)
Tip
Nb Tip removed: 0 (0s)
Nb errors removed: 1 (0s)
Superbubble
Nb superbubble removed: 0 0 (0s)
Tip
Nb Tip removed: 0 (0s)
Nb errors removed: 5 (0s)
Superbubble
Nb superbubble removed: 0 0 (0s)
Tip
Nb Tip removed: 0 (0s)
Nb errors removed: 1 (0s)
Superbubble
Nb superbubble removed: 0 0 (0s)
Tip
Nb Tip removed: 0 (0s)
Checksum: 0
Checksum abundnace: 0
Generating contigs
45.2593
28.1025
21.1138
15.8631
14.421
13.11
11.9182
10.8347
9.84974
8.14028
7.40025
6.11591
5.05447
4.17725
3.13843
2.14359
0


metaMDBG toMinspace  /var/folders/zg/vq0dnx517c54hg87dyqjky740000gn/T/.tmpwTqywI/tmp/ /var/folders/zg/vq0dnx517c54hg87dyqjky740000gn/T/.tmpwTqywI/tmp//contigs.nodepath /var/folders/zg/vq0dnx517c54hg87dyqjky740000gn/T/.tmpwTqywI/tmp//unitig_data.txt --threads 10

Input dir: /var/folders/zg/vq0dnx517c54hg87dyqjky740000gn/T/.tmpwTqywI/tmp/
Minimizer length: 15
Kminmer length: 205
Density: 0.005

Loading unitig sequences

Creating mContigs

Contig filename: /var/folders/zg/vq0dnx517c54hg87dyqjky740000gn/T/.tmpwTqywI/tmp//unitig_data.txt
pass done: 205
Multi-k pass: 206/209


metaMDBG graph /var/folders/zg/vq0dnx517c54hg87dyqjky740000gn/T/.tmpwTqywI/tmp/ --threads 10 --corrected-read 

Contig filename: 
Output dir: /var/folders/zg/vq0dnx517c54hg87dyqjky740000gn/T/.tmpwTqywI/tmp/
Minimizer length: 15
Kminmer length: 206
Density: 0.005
Min abundance: 0

Loading refined abundances
	Duration: 0
Collecting kminmers
Building mdbg
Duration: 0
Nb solid kminmers: 23945
Nb small contigs written: 0
Dump kminmer abundances
	Duration: 0
Indexing edges
Edge index size: 24051
Edge index elements: 46168
	Duration: 0
Compute unitig nodes
	Duration: 0
Index unitig edges
	Duration: 0
Compute unitig edges
	Duration: 0
Dump unitig abundances
	Duration: 0
Nb edges:   0


metaMDBG contig  /var/folders/zg/vq0dnx517c54hg87dyqjky740000gn/T/.tmpwTqywI/tmp/ --threads 10

Input dir: /var/folders/zg/vq0dnx517c54hg87dyqjky740000gn/T/.tmpwTqywI/tmp/
Minimizer length: 15
Kminmer length: 206
Density: 0.005

Loading unitig graph
Load unitigs
Nb unitigs: 197
Nb minimizers: 64330
Add unitig abundances
Sorting abundances
Add unitig edges
Nb unitig edges: 182
Sorting unitig edges
Done loading unitig graph
Simplifying
Max abundance: 43
Nb unitigs: 197
Superbubble
Nb superbubble removed: 0 0 (0s)
Tip
Nb Tip removed: 21 (0s)
Superbubble
Nb superbubble removed: 0 0 (0s)
Tip
Nb Tip removed: 0 (0s)
Nb errors removed: 40 (0s)
Superbubble
Nb superbubble removed: 0 0 (0s)
Tip
Nb Tip removed: 0 (0s)
Nb errors removed: 18 (0s)
Superbubble
Nb superbubble removed: 0 0 (0s)
Tip
Nb Tip removed: 0 (0s)
Nb errors removed: 16 (0s)
Superbubble
Nb superbubble removed: 0 0 (0s)
Tip
Nb Tip removed: 0 (0s)
Nb errors removed: 9 (0s)
Superbubble
Nb superbubble removed: 0 0 (0s)
Tip
Nb Tip removed: 0 (0s)
Nb errors removed: 8 (0s)
Superbubble
Nb superbubble removed: 0 0 (0s)
Tip
Nb Tip removed: 0 (0s)
Nb errors removed: 13 (0s)
Superbubble
Nb superbubble removed: 0 0 (0s)
Tip
Nb Tip removed: 0 (0s)
Nb errors removed: 9 (0s)
Superbubble
Nb superbubble removed: 0 0 (0s)
Tip
Nb Tip removed: 0 (0s)
Nb errors removed: 7 (0s)
Superbubble
Nb superbubble removed: 0 0 (0s)
Tip
Nb Tip removed: 0 (0s)
Nb errors removed: 8 (0s)
Superbubble
Nb superbubble removed: 0 0 (0s)
Tip
Nb Tip removed: 0 (0s)
Nb errors removed: 10 (0s)
Superbubble
Nb superbubble removed: 0 0 (0s)
Tip
Nb Tip removed: 0 (0s)
Nb errors removed: 5 (0s)
Superbubble
Nb superbubble removed: 0 0 (0s)
Tip
Nb Tip removed: 0 (0s)
Nb errors removed: 4 (0s)
Superbubble
Nb superbubble removed: 0 0 (0s)
Tip
Nb Tip removed: 0 (0s)
Nb errors removed: 1 (0s)
Superbubble
Nb superbubble removed: 0 0 (0s)
Tip
Nb Tip removed: 0 (0s)
Nb errors removed: 1 (0s)
Superbubble
Nb superbubble removed: 0 0 (0s)
Tip
Nb Tip removed: 0 (0s)
Nb errors removed: 5 (0s)
Superbubble
Nb superbubble removed: 0 0 (0s)
Tip
Nb Tip removed: 0 (0s)
Nb errors removed: 1 (0s)
Superbubble
Nb superbubble removed: 0 0 (0s)
Tip
Nb Tip removed: 0 (0s)
Checksum: 0
Checksum abundnace: 0
Generating contigs
45.2593
28.1025
21.1138
15.8631
14.421
13.11
11.9182
10.8347
9.84974
8.14028
7.40025
6.11591
5.05447
4.17725
3.13843
2.14359
0


metaMDBG toMinspace  /var/folders/zg/vq0dnx517c54hg87dyqjky740000gn/T/.tmpwTqywI/tmp/ /var/folders/zg/vq0dnx517c54hg87dyqjky740000gn/T/.tmpwTqywI/tmp//contigs.nodepath /var/folders/zg/vq0dnx517c54hg87dyqjky740000gn/T/.tmpwTqywI/tmp//unitig_data.txt --threads 10

Input dir: /var/folders/zg/vq0dnx517c54hg87dyqjky740000gn/T/.tmpwTqywI/tmp/
Minimizer length: 15
Kminmer length: 206
Density: 0.005

Loading unitig sequences

Creating mContigs

Contig filename: /var/folders/zg/vq0dnx517c54hg87dyqjky740000gn/T/.tmpwTqywI/tmp//unitig_data.txt
pass done: 206
Multi-k pass: 207/209


metaMDBG graph /var/folders/zg/vq0dnx517c54hg87dyqjky740000gn/T/.tmpwTqywI/tmp/ --threads 10 --corrected-read 

Contig filename: 
Output dir: /var/folders/zg/vq0dnx517c54hg87dyqjky740000gn/T/.tmpwTqywI/tmp/
Minimizer length: 15
Kminmer length: 207
Density: 0.005
Min abundance: 0

Loading refined abundances
	Duration: 0
Collecting kminmers
Building mdbg
Duration: 0
Nb solid kminmers: 23836
Nb small contigs written: 0
Dump kminmer abundances
	Duration: 0
Indexing edges
Edge index size: 23944
Edge index elements: 46181
	Duration: 0
Compute unitig nodes
	Duration: 0
Index unitig edges
	Duration: 0
Compute unitig edges
	Duration: 0
Dump unitig abundances
	Duration: 0
Nb edges:   0


metaMDBG contig  /var/folders/zg/vq0dnx517c54hg87dyqjky740000gn/T/.tmpwTqywI/tmp/ --threads 10

Input dir: /var/folders/zg/vq0dnx517c54hg87dyqjky740000gn/T/.tmpwTqywI/tmp/
Minimizer length: 15
Kminmer length: 207
Density: 0.005

Loading unitig graph
Load unitigs
Nb unitigs: 192
Nb minimizers: 63388
Add unitig abundances
Sorting abundances
Add unitig edges
Nb unitig edges: 170
Sorting unitig edges
Done loading unitig graph
Simplifying
Max abundance: 43
Nb unitigs: 192
Superbubble
Nb superbubble removed: 0 0 (0s)
Tip
Nb Tip removed: 21 (0s)
Superbubble
Nb superbubble removed: 0 0 (0s)
Tip
Nb Tip removed: 0 (0s)
Nb errors removed: 40 (0s)
Superbubble
Nb superbubble removed: 0 0 (0s)
Tip
Nb Tip removed: 0 (0s)
Nb errors removed: 17 (0s)
Superbubble
Nb superbubble removed: 0 0 (0s)
Tip
Nb Tip removed: 0 (0s)
Nb errors removed: 16 (0s)
Superbubble
Nb superbubble removed: 0 0 (0s)
Tip
Nb Tip removed: 0 (0s)
Nb errors removed: 9 (0s)
Superbubble
Nb superbubble removed: 0 0 (0s)
Tip
Nb Tip removed: 0 (0s)
Nb errors removed: 8 (0s)
Superbubble
Nb superbubble removed: 0 0 (0s)
Tip
Nb Tip removed: 0 (0s)
Nb errors removed: 13 (0s)
Superbubble
Nb superbubble removed: 0 0 (0s)
Tip
Nb Tip removed: 0 (0s)
Nb errors removed: 9 (0s)
Superbubble
Nb superbubble removed: 0 0 (0s)
Tip
Nb Tip removed: 0 (0s)
Nb errors removed: 7 (0s)
Superbubble
Nb superbubble removed: 0 0 (0s)
Tip
Nb Tip removed: 0 (0s)
Nb errors removed: 8 (0s)
Superbubble
Nb superbubble removed: 0 0 (0s)
Tip
Nb Tip removed: 0 (0s)
Nb errors removed: 10 (0s)
Superbubble
Nb superbubble removed: 0 0 (0s)
Tip
Nb Tip removed: 0 (0s)
Nb errors removed: 5 (0s)
Superbubble
Nb superbubble removed: 0 0 (0s)
Tip
Nb Tip removed: 0 (0s)
Nb errors removed: 3 (0s)
Superbubble
Nb superbubble removed: 0 0 (0s)
Tip
Nb Tip removed: 0 (0s)
Nb errors removed: 1 (0s)
Superbubble
Nb superbubble removed: 0 0 (0s)
Tip
Nb Tip removed: 0 (0s)
Nb errors removed: 1 (0s)
Superbubble
Nb superbubble removed: 0 0 (0s)
Tip
Nb Tip removed: 0 (0s)
Nb errors removed: 6 (0s)
Superbubble
Nb superbubble removed: 0 0 (0s)
Tip
Nb Tip removed: 0 (0s)
Nb errors removed: 1 (0s)
Superbubble
Nb superbubble removed: 0 0 (0s)
Tip
Nb Tip removed: 0 (0s)
Checksum: 0
Checksum abundnace: 0
Generating contigs
45.2593
28.1025
21.1138
15.8631
14.421
13.11
11.9182
10.8347
9.84974
8.14028
7.40025
6.11591
5.05447
4.17725
3.13843
2.14359
0


metaMDBG toMinspace  /var/folders/zg/vq0dnx517c54hg87dyqjky740000gn/T/.tmpwTqywI/tmp/ /var/folders/zg/vq0dnx517c54hg87dyqjky740000gn/T/.tmpwTqywI/tmp//contigs.nodepath /var/folders/zg/vq0dnx517c54hg87dyqjky740000gn/T/.tmpwTqywI/tmp//unitig_data.txt --threads 10

Input dir: /var/folders/zg/vq0dnx517c54hg87dyqjky740000gn/T/.tmpwTqywI/tmp/
Minimizer length: 15
Kminmer length: 207
Density: 0.005

Loading unitig sequences

Creating mContigs

Contig filename: /var/folders/zg/vq0dnx517c54hg87dyqjky740000gn/T/.tmpwTqywI/tmp//unitig_data.txt
pass done: 207
Multi-k pass: 208/209


metaMDBG graph /var/folders/zg/vq0dnx517c54hg87dyqjky740000gn/T/.tmpwTqywI/tmp/ --threads 10 --corrected-read 

Contig filename: 
Output dir: /var/folders/zg/vq0dnx517c54hg87dyqjky740000gn/T/.tmpwTqywI/tmp/
Minimizer length: 15
Kminmer length: 208
Density: 0.005
Min abundance: 0

Loading refined abundances
	Duration: 0
Collecting kminmers
Building mdbg
Duration: 0
Nb solid kminmers: 23726
Nb small contigs written: 0
Dump kminmer abundances
	Duration: 0
Indexing edges
Edge index size: 23834
Edge index elements: 45875
	Duration: 0
Compute unitig nodes
	Duration: 0
Index unitig edges
	Duration: 0
Compute unitig edges
	Duration: 0
Dump unitig abundances
	Duration: 0
Nb edges:   0


metaMDBG contig  /var/folders/zg/vq0dnx517c54hg87dyqjky740000gn/T/.tmpwTqywI/tmp/ --threads 10

Input dir: /var/folders/zg/vq0dnx517c54hg87dyqjky740000gn/T/.tmpwTqywI/tmp/
Minimizer length: 15
Kminmer length: 208
Density: 0.005

Loading unitig graph
Load unitigs
Nb unitigs: 187
Nb minimizers: 62435
Add unitig abundances
Sorting abundances
Add unitig edges
Nb unitig edges: 158
Sorting unitig edges
Done loading unitig graph
Simplifying
Max abundance: 43
Nb unitigs: 187
Superbubble
Nb superbubble removed: 0 0 (0s)
Tip
Nb Tip removed: 19 (0s)
Superbubble
Nb superbubble removed: 0 0 (0s)
Tip
Nb Tip removed: 0 (0s)
Nb errors removed: 39 (0s)
Superbubble
Nb superbubble removed: 0 0 (0s)
Tip
Nb Tip removed: 0 (0s)
Nb errors removed: 17 (0s)
Superbubble
Nb superbubble removed: 0 0 (0s)
Tip
Nb Tip removed: 0 (0s)
Nb errors removed: 15 (0s)
Superbubble
Nb superbubble removed: 0 0 (0s)
Tip
Nb Tip removed: 0 (0s)
Nb errors removed: 9 (0s)
Superbubble
Nb superbubble removed: 0 0 (0s)
Tip
Nb Tip removed: 0 (0s)
Nb errors removed: 8 (0s)
Superbubble
Nb superbubble removed: 0 0 (0s)
Tip
Nb Tip removed: 0 (0s)
Nb errors removed: 13 (0s)
Superbubble
Nb superbubble removed: 0 0 (0s)
Tip
Nb Tip removed: 0 (0s)
Nb errors removed: 9 (0s)
Superbubble
Nb superbubble removed: 0 0 (0s)
Tip
Nb Tip removed: 0 (0s)
Nb errors removed: 6 (0s)
Superbubble
Nb superbubble removed: 0 0 (0s)
Tip
Nb Tip removed: 0 (0s)
Nb errors removed: 8 (0s)
Superbubble
Nb superbubble removed: 0 0 (0s)
Tip
Nb Tip removed: 0 (0s)
Nb errors removed: 10 (0s)
Superbubble
Nb superbubble removed: 0 0 (0s)
Tip
Nb Tip removed: 0 (0s)
Nb errors removed: 5 (0s)
Superbubble
Nb superbubble removed: 0 0 (0s)
Tip
Nb Tip removed: 0 (0s)
Nb errors removed: 3 (0s)
Superbubble
Nb superbubble removed: 0 0 (0s)
Tip
Nb Tip removed: 0 (0s)
Nb errors removed: 1 (0s)
Superbubble
Nb superbubble removed: 0 0 (0s)
Tip
Nb Tip removed: 0 (0s)
Nb errors removed: 1 (0s)
Superbubble
Nb superbubble removed: 0 0 (0s)
Tip
Nb Tip removed: 0 (0s)
Nb errors removed: 6 (0s)
Superbubble
Nb superbubble removed: 0 0 (0s)
Tip
Nb Tip removed: 0 (0s)
Nb errors removed: 1 (0s)
Superbubble
Nb superbubble removed: 0 0 (0s)
Tip
Nb Tip removed: 0 (0s)
Checksum: 0
Checksum abundnace: 0
Generating contigs
45.2593
28.1025
21.1138
15.8631
14.421
13.11
11.9182
10.8347
9.84974
8.14028
7.40025
6.11591
5.05447
4.17725
3.13843
2.14359
0


metaMDBG toMinspace  /var/folders/zg/vq0dnx517c54hg87dyqjky740000gn/T/.tmpwTqywI/tmp/ /var/folders/zg/vq0dnx517c54hg87dyqjky740000gn/T/.tmpwTqywI/tmp//contigs.nodepath /var/folders/zg/vq0dnx517c54hg87dyqjky740000gn/T/.tmpwTqywI/tmp//unitig_data.txt --threads 10

Input dir: /var/folders/zg/vq0dnx517c54hg87dyqjky740000gn/T/.tmpwTqywI/tmp/
Minimizer length: 15
Kminmer length: 208
Density: 0.005

Loading unitig sequences

Creating mContigs

Contig filename: /var/folders/zg/vq0dnx517c54hg87dyqjky740000gn/T/.tmpwTqywI/tmp//unitig_data.txt
pass done: 208
Multi-k pass: 209/209


metaMDBG graph /var/folders/zg/vq0dnx517c54hg87dyqjky740000gn/T/.tmpwTqywI/tmp/ --threads 10 --corrected-read 

Contig filename: 
Output dir: /var/folders/zg/vq0dnx517c54hg87dyqjky740000gn/T/.tmpwTqywI/tmp/
Minimizer length: 15
Kminmer length: 209
Density: 0.005
Min abundance: 0

Loading refined abundances
	Duration: 0
Collecting kminmers
Building mdbg
Duration: 0
Nb solid kminmers: 23618
Nb small contigs written: 0
Dump kminmer abundances
	Duration: 0
Indexing edges
Edge index size: 23726
Edge index elements: 45602
	Duration: 0
Compute unitig nodes
	Duration: 0
Index unitig edges
	Duration: 0
Compute unitig edges
	Duration: 0
Dump unitig abundances
	Duration: 0
Nb edges:   0


metaMDBG contig  /var/folders/zg/vq0dnx517c54hg87dyqjky740000gn/T/.tmpwTqywI/tmp/ --threads 10

Input dir: /var/folders/zg/vq0dnx517c54hg87dyqjky740000gn/T/.tmpwTqywI/tmp/
Minimizer length: 15
Kminmer length: 209
Density: 0.005

Loading unitig graph
Load unitigs
Nb unitigs: 187
Nb minimizers: 62514
Add unitig abundances
Sorting abundances
Add unitig edges
Nb unitig edges: 158
Sorting unitig edges
Done loading unitig graph
Simplifying
Max abundance: 43
Nb unitigs: 187
Superbubble
Nb superbubble removed: 0 0 (0s)
Tip
Nb Tip removed: 19 (0s)
Superbubble
Nb superbubble removed: 0 0 (0s)
Tip
Nb Tip removed: 0 (0s)
Nb errors removed: 39 (0s)
Superbubble
Nb superbubble removed: 0 0 (0s)
Tip
Nb Tip removed: 0 (0s)
Nb errors removed: 17 (0s)
Superbubble
Nb superbubble removed: 0 0 (0s)
Tip
Nb Tip removed: 0 (0s)
Nb errors removed: 15 (0s)
Superbubble
Nb superbubble removed: 0 0 (0s)
Tip
Nb Tip removed: 0 (0s)
Nb errors removed: 9 (0s)
Superbubble
Nb superbubble removed: 0 0 (0s)
Tip
Nb Tip removed: 0 (0s)
Nb errors removed: 8 (0s)
Superbubble
Nb superbubble removed: 0 0 (0s)
Tip
Nb Tip removed: 0 (0s)
Nb errors removed: 13 (0s)
Superbubble
Nb superbubble removed: 0 0 (0s)
Tip
Nb Tip removed: 0 (0s)
Nb errors removed: 9 (0s)
Superbubble
Nb superbubble removed: 0 0 (0s)
Tip
Nb Tip removed: 0 (0s)
Nb errors removed: 6 (0s)
Superbubble
Nb superbubble removed: 0 0 (0s)
Tip
Nb Tip removed: 0 (0s)
Nb errors removed: 8 (0s)
Superbubble
Nb superbubble removed: 0 0 (0s)
Tip
Nb Tip removed: 0 (0s)
Nb errors removed: 10 (0s)
Superbubble
Nb superbubble removed: 0 0 (0s)
Tip
Nb Tip removed: 0 (0s)
Nb errors removed: 5 (0s)
Superbubble
Nb superbubble removed: 0 0 (0s)
Tip
Nb Tip removed: 0 (0s)
Nb errors removed: 3 (0s)
Superbubble
Nb superbubble removed: 0 0 (0s)
Tip
Nb Tip removed: 0 (0s)
Nb errors removed: 1 (0s)
Superbubble
Nb superbubble removed: 0 0 (0s)
Tip
Nb Tip removed: 0 (0s)
Nb errors removed: 1 (0s)
Superbubble
Nb superbubble removed: 0 0 (0s)
Tip
Nb Tip removed: 0 (0s)
Nb errors removed: 6 (0s)
Superbubble
Nb superbubble removed: 0 0 (0s)
Tip
Nb Tip removed: 0 (0s)
Nb errors removed: 1 (0s)
Superbubble
Nb superbubble removed: 0 0 (0s)
Tip
Nb Tip removed: 0 (0s)
Checksum: 0
Checksum abundnace: 0
Generating contigs
45.2593
28.1025
21.1138
15.8631
14.421
13.11
11.9182
10.8347
9.84974
8.14028
7.40025
6.11591
5.05447
4.17725
3.13843
2.14359
0


metaMDBG toMinspace  /var/folders/zg/vq0dnx517c54hg87dyqjky740000gn/T/.tmpwTqywI/tmp/ /var/folders/zg/vq0dnx517c54hg87dyqjky740000gn/T/.tmpwTqywI/tmp//contigs.nodepath /var/folders/zg/vq0dnx517c54hg87dyqjky740000gn/T/.tmpwTqywI/tmp//contig_data_init.txt --threads 10

Input dir: /var/folders/zg/vq0dnx517c54hg87dyqjky740000gn/T/.tmpwTqywI/tmp/
Minimizer length: 15
Kminmer length: 209
Density: 0.005

Loading unitig sequences

Creating mContigs

Contig filename: /var/folders/zg/vq0dnx517c54hg87dyqjky740000gn/T/.tmpwTqywI/tmp//contig_data_init.txt
Removing overlaps and duplication
Append small contigs


metaMDBG toBasespaceFast  /var/folders/zg/vq0dnx517c54hg87dyqjky740000gn/T/.tmpwTqywI/tmp/ /var/folders/zg/vq0dnx517c54hg87dyqjky740000gn/T/.tmpwTqywI/tmp//contig_data_init_small.txt --threads 10 --has-quality

Input dir: /var/folders/zg/vq0dnx517c54hg87dyqjky740000gn/T/.tmpwTqywI/tmp/
Minimizer length: 15
Kminmer length: 4
Density: 0.005

Indexing kminmers
Indexing contigs
detecting overlaps
Nb contigs: 347
OverlapRemover checksum: 9263685900115291077
detecting overlaps
Nb contigs: 242
OverlapRemover checksum: 14576479117412790282
detecting overlaps
Nb contigs: 231
OverlapRemover checksum: 1851329537092129884
detecting overlaps
Nb contigs: 231
OverlapRemover checksum: 13163570266538771570
detecting overlaps
Removing self overlaps: 231
Nb contigs: 231
Indexing initial unitigs
Indexing kminmer abundance
Indexing reads
Indexing reads 1
Indexing reads 2
Break unbridged repeats
Constructing base-space contigs


metaMDBG toBasespace_ont  /var/folders/zg/vq0dnx517c54hg87dyqjky740000gn/T/.tmpwTqywI/tmp/ /var/folders/zg/vq0dnx517c54hg87dyqjky740000gn/T/.tmpwTqywI/tmp//contig_data_init_small.txt.norepeats  /var/folders/zg/vq0dnx517c54hg87dyqjky740000gn/T/.tmpwTqywI/tmp//contigs_uncorrected.fasta.gz /var/folders/zg/vq0dnx517c54hg87dyqjky740000gn/T/.tmpwTqywI/tmp//input.txt --threads 10

Input dir: /var/folders/zg/vq0dnx517c54hg87dyqjky740000gn/T/.tmpwTqywI/tmp/
Minimizer length: 15
Kminmer length: 2
Density: 0.005

Indexing contigs
0
Loading contigs
0
Aligning reads
0
10000
20000
Parsing contigs
Extracting kminmer models
	Parsing file: /Users/mschul/Downloads/sample01/sample01_autocycler/porechop_output_sample01/subsampled_reads/sample_03.fastq
Correcting kminmer 0
	Parsing file done (nb reads: 21807)
Creating basespace contigs: /var/folders/zg/vq0dnx517c54hg87dyqjky740000gn/T/.tmpwTqywI/tmp//contig_data_init_small.txt.norepeats
Nb contigs: 240
Nb bps: 4685857
Checksum: 0
Polishing contigs


metaMDBG polish --polish-target /var/folders/zg/vq0dnx517c54hg87dyqjky740000gn/T/.tmpwTqywI/tmp//contigs_uncorrected.fasta.gz --out-dir /var/folders/zg/vq0dnx517c54hg87dyqjky740000gn/T/.tmpwTqywI/tmp/  --threads 10 -n 100 --metaMDBG --max-memory 0 --in-ont  /Users/mschul/Downloads/sample01/sample01_autocycler/porechop_output_sample01/subsampled_reads/sample_03.fastq 

Contigs: /var/folders/zg/vq0dnx517c54hg87dyqjky740000gn/T/.tmpwTqywI/tmp//contigs_uncorrected.fasta.gz
Reads: /var/folders/zg/vq0dnx517c54hg87dyqjky740000gn/T/.tmpwTqywI/tmp//_polish_readPartitions//input.txt
Use quality: 1
Max window variants: 100

Map reads to all contigs
	minimap2 -v 0 -m 500 -I 1G -t 10 -x map-ont /var/folders/zg/vq0dnx517c54hg87dyqjky740000gn/T/.tmpwTqywI/tmp//contigs_uncorrected.fasta.gz  /Users/mschul/Downloads/sample01/sample01_autocycler/porechop_output_sample01/subsampled_reads/sample_03.fastq 
	gzip
	/var/folders/zg/vq0dnx517c54hg87dyqjky740000gn/T/.tmpwTqywI/tmp//_polish_readPartitions//polish_mapping.paf.gz
	Done  (1s)

Partitionning reads on the disk
	Parsing file: /var/folders/zg/vq0dnx517c54hg87dyqjky740000gn/T/.tmpwTqywI/tmp//contigs_uncorrected.fasta.gz
	Parsing file: /Users/mschul/Downloads/sample01/sample01_autocycler/porechop_output_sample01/subsampled_reads/sample_03.fastq
	Loading alignments
	Computing contig coverages
	Parsing file: /var/folders/zg/vq0dnx517c54hg87dyqjky740000gn/T/.tmpwTqywI/tmp//contigs_uncorrected.fasta.gz
	Parsing file: /var/folders/zg/vq0dnx517c54hg87dyqjky740000gn/T/.tmpwTqywI/tmp//contigs_uncorrected.fasta.gz
	Nb partitions: 10
	Parsing file: /Users/mschul/Downloads/sample01/sample01_autocycler/porechop_output_sample01/subsampled_reads/sample_03.fastq
	0
	10000
	20000
	Parsing file done (nb reads: 21807)
	Parsing file: /var/folders/zg/vq0dnx517c54hg87dyqjky740000gn/T/.tmpwTqywI/tmp//contigs_uncorrected.fasta.gz
	0
	Parsing file done (nb reads: 240)
	Done  (8s)

Curating contigs

Polishing contigs (pass 1)

	Polishing partition: 0/10
	Map reads to curated contigs
	minimap2 -v 0 -m 500 -t 10 -x map-ont /var/folders/zg/vq0dnx517c54hg87dyqjky740000gn/T/.tmpwTqywI/tmp//_polish_readPartitions//0_contigs.gz /var/folders/zg/vq0dnx517c54hg87dyqjky740000gn/T/.tmpwTqywI/tmp//_polish_readPartitions//0_reads.gz
	gzip
	/var/folders/zg/vq0dnx517c54hg87dyqjky740000gn/T/.tmpwTqywI/tmp//_polish_readPartitions//align.paf.gz
	Done  (0s)
	Parsing file: /var/folders/zg/vq0dnx517c54hg87dyqjky740000gn/T/.tmpwTqywI/tmp//_polish_readPartitions//0_contigs.gz
	Parsing file: /var/folders/zg/vq0dnx517c54hg87dyqjky740000gn/T/.tmpwTqywI/tmp//_polish_readPartitions//0_contigs.gz
	Loading alignments
	Computing contig coverages
	Parsing file: /var/folders/zg/vq0dnx517c54hg87dyqjky740000gn/T/.tmpwTqywI/tmp//_polish_readPartitions//0_contigs.gz
	Collecting window sequences
	Parsing file: /var/folders/zg/vq0dnx517c54hg87dyqjky740000gn/T/.tmpwTqywI/tmp//_polish_readPartitions//0_reads.gz
	Parsing file done (nb reads: 3088)
	Perform correction
	Partition 0 done  (5s)

	Polishing partition: 1/10
	Map reads to curated contigs
	minimap2 -v 0 -m 500 -t 10 -x map-ont /var/folders/zg/vq0dnx517c54hg87dyqjky740000gn/T/.tmpwTqywI/tmp//_polish_readPartitions//1_contigs.gz /var/folders/zg/vq0dnx517c54hg87dyqjky740000gn/T/.tmpwTqywI/tmp//_polish_readPartitions//1_reads.gz
	gzip
	/var/folders/zg/vq0dnx517c54hg87dyqjky740000gn/T/.tmpwTqywI/tmp//_polish_readPartitions//align.paf.gz
	Done  (0s)
	Parsing file: /var/folders/zg/vq0dnx517c54hg87dyqjky740000gn/T/.tmpwTqywI/tmp//_polish_readPartitions//1_contigs.gz
	Parsing file: /var/folders/zg/vq0dnx517c54hg87dyqjky740000gn/T/.tmpwTqywI/tmp//_polish_readPartitions//1_contigs.gz
	Loading alignments
	Computing contig coverages
	Parsing file: /var/folders/zg/vq0dnx517c54hg87dyqjky740000gn/T/.tmpwTqywI/tmp//_polish_readPartitions//1_contigs.gz
	Collecting window sequences
	Parsing file: /var/folders/zg/vq0dnx517c54hg87dyqjky740000gn/T/.tmpwTqywI/tmp//_polish_readPartitions//1_reads.gz
	Parsing file done (nb reads: 4603)
	Perform correction
	Partition 1 done  (7s)

	Polishing partition: 2/10
	Map reads to curated contigs
	minimap2 -v 0 -m 500 -t 10 -x map-ont /var/folders/zg/vq0dnx517c54hg87dyqjky740000gn/T/.tmpwTqywI/tmp//_polish_readPartitions//2_contigs.gz /var/folders/zg/vq0dnx517c54hg87dyqjky740000gn/T/.tmpwTqywI/tmp//_polish_readPartitions//2_reads.gz
	gzip
	/var/folders/zg/vq0dnx517c54hg87dyqjky740000gn/T/.tmpwTqywI/tmp//_polish_readPartitions//align.paf.gz
	Done  (0s)
	Parsing file: /var/folders/zg/vq0dnx517c54hg87dyqjky740000gn/T/.tmpwTqywI/tmp//_polish_readPartitions//2_contigs.gz
	Parsing file: /var/folders/zg/vq0dnx517c54hg87dyqjky740000gn/T/.tmpwTqywI/tmp//_polish_readPartitions//2_contigs.gz
	Loading alignments
	Computing contig coverages
	Parsing file: /var/folders/zg/vq0dnx517c54hg87dyqjky740000gn/T/.tmpwTqywI/tmp//_polish_readPartitions//2_contigs.gz
	Collecting window sequences
	Parsing file: /var/folders/zg/vq0dnx517c54hg87dyqjky740000gn/T/.tmpwTqywI/tmp//_polish_readPartitions//2_reads.gz
	Parsing file done (nb reads: 102)
	Perform correction
	Partition 2 done  (0s)

	Polishing partition: 3/10
	Map reads to curated contigs
	minimap2 -v 0 -m 500 -t 10 -x map-ont /var/folders/zg/vq0dnx517c54hg87dyqjky740000gn/T/.tmpwTqywI/tmp//_polish_readPartitions//3_contigs.gz /var/folders/zg/vq0dnx517c54hg87dyqjky740000gn/T/.tmpwTqywI/tmp//_polish_readPartitions//3_reads.gz
	gzip
	/var/folders/zg/vq0dnx517c54hg87dyqjky740000gn/T/.tmpwTqywI/tmp//_polish_readPartitions//align.paf.gz
	Done  (0s)
	Parsing file: /var/folders/zg/vq0dnx517c54hg87dyqjky740000gn/T/.tmpwTqywI/tmp//_polish_readPartitions//3_contigs.gz
	Parsing file: /var/folders/zg/vq0dnx517c54hg87dyqjky740000gn/T/.tmpwTqywI/tmp//_polish_readPartitions//3_contigs.gz
	Loading alignments
	Computing contig coverages
	Parsing file: /var/folders/zg/vq0dnx517c54hg87dyqjky740000gn/T/.tmpwTqywI/tmp//_polish_readPartitions//3_contigs.gz
	Collecting window sequences
	Parsing file: /var/folders/zg/vq0dnx517c54hg87dyqjky740000gn/T/.tmpwTqywI/tmp//_polish_readPartitions//3_reads.gz
	Parsing file done (nb reads: 3425)
	Perform correction
	Partition 3 done  (5s)

	Polishing partition: 4/10
	Map reads to curated contigs
	minimap2 -v 0 -m 500 -t 10 -x map-ont /var/folders/zg/vq0dnx517c54hg87dyqjky740000gn/T/.tmpwTqywI/tmp//_polish_readPartitions//4_contigs.gz /var/folders/zg/vq0dnx517c54hg87dyqjky740000gn/T/.tmpwTqywI/tmp//_polish_readPartitions//4_reads.gz
	gzip
	/var/folders/zg/vq0dnx517c54hg87dyqjky740000gn/T/.tmpwTqywI/tmp//_polish_readPartitions//align.paf.gz
	Done  (0s)
	Parsing file: /var/folders/zg/vq0dnx517c54hg87dyqjky740000gn/T/.tmpwTqywI/tmp//_polish_readPartitions//4_contigs.gz
	Parsing file: /var/folders/zg/vq0dnx517c54hg87dyqjky740000gn/T/.tmpwTqywI/tmp//_polish_readPartitions//4_contigs.gz
	Loading alignments
	Computing contig coverages
	Parsing file: /var/folders/zg/vq0dnx517c54hg87dyqjky740000gn/T/.tmpwTqywI/tmp//_polish_readPartitions//4_contigs.gz
	Collecting window sequences
	Parsing file: /var/folders/zg/vq0dnx517c54hg87dyqjky740000gn/T/.tmpwTqywI/tmp//_polish_readPartitions//4_reads.gz
	Parsing file done (nb reads: 3146)
	Perform correction
	Partition 4 done  (5s)

	Polishing partition: 5/10
	Map reads to curated contigs
	minimap2 -v 0 -m 500 -t 10 -x map-ont /var/folders/zg/vq0dnx517c54hg87dyqjky740000gn/T/.tmpwTqywI/tmp//_polish_readPartitions//5_contigs.gz /var/folders/zg/vq0dnx517c54hg87dyqjky740000gn/T/.tmpwTqywI/tmp//_polish_readPartitions//5_reads.gz
	gzip
	/var/folders/zg/vq0dnx517c54hg87dyqjky740000gn/T/.tmpwTqywI/tmp//_polish_readPartitions//align.paf.gz
	Done  (0s)
	Parsing file: /var/folders/zg/vq0dnx517c54hg87dyqjky740000gn/T/.tmpwTqywI/tmp//_polish_readPartitions//5_contigs.gz
	Parsing file: /var/folders/zg/vq0dnx517c54hg87dyqjky740000gn/T/.tmpwTqywI/tmp//_polish_readPartitions//5_contigs.gz
	Loading alignments
	Computing contig coverages
	Parsing file: /var/folders/zg/vq0dnx517c54hg87dyqjky740000gn/T/.tmpwTqywI/tmp//_polish_readPartitions//5_contigs.gz
	Collecting window sequences
	Parsing file: /var/folders/zg/vq0dnx517c54hg87dyqjky740000gn/T/.tmpwTqywI/tmp//_polish_readPartitions//5_reads.gz
	Parsing file done (nb reads: 43)
	Perform correction
	Partition 5 done  (0s)

	Polishing partition: 6/10
	Map reads to curated contigs
	minimap2 -v 0 -m 500 -t 10 -x map-ont /var/folders/zg/vq0dnx517c54hg87dyqjky740000gn/T/.tmpwTqywI/tmp//_polish_readPartitions//6_contigs.gz /var/folders/zg/vq0dnx517c54hg87dyqjky740000gn/T/.tmpwTqywI/tmp//_polish_readPartitions//6_reads.gz
	gzip
	/var/folders/zg/vq0dnx517c54hg87dyqjky740000gn/T/.tmpwTqywI/tmp//_polish_readPartitions//align.paf.gz
	Done  (0s)
	Parsing file: /var/folders/zg/vq0dnx517c54hg87dyqjky740000gn/T/.tmpwTqywI/tmp//_polish_readPartitions//6_contigs.gz
	Parsing file: /var/folders/zg/vq0dnx517c54hg87dyqjky740000gn/T/.tmpwTqywI/tmp//_polish_readPartitions//6_contigs.gz
	Loading alignments
	Computing contig coverages
	Parsing file: /var/folders/zg/vq0dnx517c54hg87dyqjky740000gn/T/.tmpwTqywI/tmp//_polish_readPartitions//6_contigs.gz
	Collecting window sequences
	Parsing file: /var/folders/zg/vq0dnx517c54hg87dyqjky740000gn/T/.tmpwTqywI/tmp//_polish_readPartitions//6_reads.gz
	Parsing file done (nb reads: 59)
	Perform correction
	Partition 6 done  (0s)

	Polishing partition: 7/10
	Map reads to curated contigs
	minimap2 -v 0 -m 500 -t 10 -x map-ont /var/folders/zg/vq0dnx517c54hg87dyqjky740000gn/T/.tmpwTqywI/tmp//_polish_readPartitions//7_contigs.gz /var/folders/zg/vq0dnx517c54hg87dyqjky740000gn/T/.tmpwTqywI/tmp//_polish_readPartitions//7_reads.gz
	gzip
	/var/folders/zg/vq0dnx517c54hg87dyqjky740000gn/T/.tmpwTqywI/tmp//_polish_readPartitions//align.paf.gz
	Done  (0s)
	Parsing file: /var/folders/zg/vq0dnx517c54hg87dyqjky740000gn/T/.tmpwTqywI/tmp//_polish_readPartitions//7_contigs.gz
	Parsing file: /var/folders/zg/vq0dnx517c54hg87dyqjky740000gn/T/.tmpwTqywI/tmp//_polish_readPartitions//7_contigs.gz
	Loading alignments
	Computing contig coverages
	Parsing file: /var/folders/zg/vq0dnx517c54hg87dyqjky740000gn/T/.tmpwTqywI/tmp//_polish_readPartitions//7_contigs.gz
	Collecting window sequences
	Parsing file: /var/folders/zg/vq0dnx517c54hg87dyqjky740000gn/T/.tmpwTqywI/tmp//_polish_readPartitions//7_reads.gz
	Parsing file done (nb reads: 362)
	Perform correction
	Partition 7 done  (0s)

	Polishing partition: 8/10
	Map reads to curated contigs
	minimap2 -v 0 -m 500 -t 10 -x map-ont /var/folders/zg/vq0dnx517c54hg87dyqjky740000gn/T/.tmpwTqywI/tmp//_polish_readPartitions//8_contigs.gz /var/folders/zg/vq0dnx517c54hg87dyqjky740000gn/T/.tmpwTqywI/tmp//_polish_readPartitions//8_reads.gz
	gzip
	/var/folders/zg/vq0dnx517c54hg87dyqjky740000gn/T/.tmpwTqywI/tmp//_polish_readPartitions//align.paf.gz
	Done  (0s)
	Parsing file: /var/folders/zg/vq0dnx517c54hg87dyqjky740000gn/T/.tmpwTqywI/tmp//_polish_readPartitions//8_contigs.gz
	Parsing file: /var/folders/zg/vq0dnx517c54hg87dyqjky740000gn/T/.tmpwTqywI/tmp//_polish_readPartitions//8_contigs.gz
	Loading alignments
	Computing contig coverages
	Parsing file: /var/folders/zg/vq0dnx517c54hg87dyqjky740000gn/T/.tmpwTqywI/tmp//_polish_readPartitions//8_contigs.gz
	Collecting window sequences
	Parsing file: /var/folders/zg/vq0dnx517c54hg87dyqjky740000gn/T/.tmpwTqywI/tmp//_polish_readPartitions//8_reads.gz
	Parsing file done (nb reads: 910)
	Perform correction
	Partition 8 done  (1s)

	Polishing partition: 9/10
	Map reads to curated contigs
	minimap2 -v 0 -m 500 -t 10 -x map-ont /var/folders/zg/vq0dnx517c54hg87dyqjky740000gn/T/.tmpwTqywI/tmp//_polish_readPartitions//9_contigs.gz /var/folders/zg/vq0dnx517c54hg87dyqjky740000gn/T/.tmpwTqywI/tmp//_polish_readPartitions//9_reads.gz
	gzip
	/var/folders/zg/vq0dnx517c54hg87dyqjky740000gn/T/.tmpwTqywI/tmp//_polish_readPartitions//align.paf.gz
	Done  (0s)
	Parsing file: /var/folders/zg/vq0dnx517c54hg87dyqjky740000gn/T/.tmpwTqywI/tmp//_polish_readPartitions//9_contigs.gz
	Parsing file: /var/folders/zg/vq0dnx517c54hg87dyqjky740000gn/T/.tmpwTqywI/tmp//_polish_readPartitions//9_contigs.gz
	Loading alignments
	Computing contig coverages
	Parsing file: /var/folders/zg/vq0dnx517c54hg87dyqjky740000gn/T/.tmpwTqywI/tmp//_polish_readPartitions//9_contigs.gz
	Collecting window sequences
	Parsing file: /var/folders/zg/vq0dnx517c54hg87dyqjky740000gn/T/.tmpwTqywI/tmp//_polish_readPartitions//9_reads.gz
	Parsing file done (nb reads: 63)
	Perform correction
	Partition 9 done  (0s)

Polishing contigs (pass 2)

	Polishing partition: 0/10
	Map reads to curated contigs
	minimap2 -v 0 -m 500 -t 10 -x map-ont /var/folders/zg/vq0dnx517c54hg87dyqjky740000gn/T/.tmpwTqywI/tmp//_polish_readPartitions//0_contigsPolished.gz /var/folders/zg/vq0dnx517c54hg87dyqjky740000gn/T/.tmpwTqywI/tmp//_polish_readPartitions//0_reads.gz
	gzip
	/var/folders/zg/vq0dnx517c54hg87dyqjky740000gn/T/.tmpwTqywI/tmp//_polish_readPartitions//align.paf.gz
	Done  (0s)
	Parsing file: /var/folders/zg/vq0dnx517c54hg87dyqjky740000gn/T/.tmpwTqywI/tmp//_polish_readPartitions//0_contigsPolished.gz
	Parsing file: /var/folders/zg/vq0dnx517c54hg87dyqjky740000gn/T/.tmpwTqywI/tmp//_polish_readPartitions//0_contigsPolished.gz
	Loading alignments
	Computing contig coverages
	Parsing file: /var/folders/zg/vq0dnx517c54hg87dyqjky740000gn/T/.tmpwTqywI/tmp//_polish_readPartitions//0_contigsPolished.gz
	Collecting window sequences
	Parsing file: /var/folders/zg/vq0dnx517c54hg87dyqjky740000gn/T/.tmpwTqywI/tmp//_polish_readPartitions//0_reads.gz
	Parsing file done (nb reads: 3088)
	Perform correction
	Partition 0 done  (4s)

	Polishing partition: 1/10
	Map reads to curated contigs
	minimap2 -v 0 -m 500 -t 10 -x map-ont /var/folders/zg/vq0dnx517c54hg87dyqjky740000gn/T/.tmpwTqywI/tmp//_polish_readPartitions//1_contigsPolished.gz /var/folders/zg/vq0dnx517c54hg87dyqjky740000gn/T/.tmpwTqywI/tmp//_polish_readPartitions//1_reads.gz
	gzip
	/var/folders/zg/vq0dnx517c54hg87dyqjky740000gn/T/.tmpwTqywI/tmp//_polish_readPartitions//align.paf.gz
	Done  (0s)
	Parsing file: /var/folders/zg/vq0dnx517c54hg87dyqjky740000gn/T/.tmpwTqywI/tmp//_polish_readPartitions//1_contigsPolished.gz
	Parsing file: /var/folders/zg/vq0dnx517c54hg87dyqjky740000gn/T/.tmpwTqywI/tmp//_polish_readPartitions//1_contigsPolished.gz
	Loading alignments
	Computing contig coverages
	Parsing file: /var/folders/zg/vq0dnx517c54hg87dyqjky740000gn/T/.tmpwTqywI/tmp//_polish_readPartitions//1_contigsPolished.gz
	Collecting window sequences
	Parsing file: /var/folders/zg/vq0dnx517c54hg87dyqjky740000gn/T/.tmpwTqywI/tmp//_polish_readPartitions//1_reads.gz
	Parsing file done (nb reads: 4603)
	Perform correction
	Partition 1 done  (6s)

	Polishing partition: 2/10
	Map reads to curated contigs
	minimap2 -v 0 -m 500 -t 10 -x map-ont /var/folders/zg/vq0dnx517c54hg87dyqjky740000gn/T/.tmpwTqywI/tmp//_polish_readPartitions//2_contigsPolished.gz /var/folders/zg/vq0dnx517c54hg87dyqjky740000gn/T/.tmpwTqywI/tmp//_polish_readPartitions//2_reads.gz
	gzip
	/var/folders/zg/vq0dnx517c54hg87dyqjky740000gn/T/.tmpwTqywI/tmp//_polish_readPartitions//align.paf.gz
	Done  (0s)
	Parsing file: /var/folders/zg/vq0dnx517c54hg87dyqjky740000gn/T/.tmpwTqywI/tmp//_polish_readPartitions//2_contigsPolished.gz
	Parsing file: /var/folders/zg/vq0dnx517c54hg87dyqjky740000gn/T/.tmpwTqywI/tmp//_polish_readPartitions//2_contigsPolished.gz
	Loading alignments
	Computing contig coverages
	Parsing file: /var/folders/zg/vq0dnx517c54hg87dyqjky740000gn/T/.tmpwTqywI/tmp//_polish_readPartitions//2_contigsPolished.gz
	Collecting window sequences
	Parsing file: /var/folders/zg/vq0dnx517c54hg87dyqjky740000gn/T/.tmpwTqywI/tmp//_polish_readPartitions//2_reads.gz
	Parsing file done (nb reads: 102)
	Perform correction
	Partition 2 done  (0s)

	Polishing partition: 3/10
	Map reads to curated contigs
	minimap2 -v 0 -m 500 -t 10 -x map-ont /var/folders/zg/vq0dnx517c54hg87dyqjky740000gn/T/.tmpwTqywI/tmp//_polish_readPartitions//3_contigsPolished.gz /var/folders/zg/vq0dnx517c54hg87dyqjky740000gn/T/.tmpwTqywI/tmp//_polish_readPartitions//3_reads.gz
	gzip
	/var/folders/zg/vq0dnx517c54hg87dyqjky740000gn/T/.tmpwTqywI/tmp//_polish_readPartitions//align.paf.gz
	Done  (0s)
	Parsing file: /var/folders/zg/vq0dnx517c54hg87dyqjky740000gn/T/.tmpwTqywI/tmp//_polish_readPartitions//3_contigsPolished.gz
	Parsing file: /var/folders/zg/vq0dnx517c54hg87dyqjky740000gn/T/.tmpwTqywI/tmp//_polish_readPartitions//3_contigsPolished.gz
	Loading alignments
	Computing contig coverages
	Parsing file: /var/folders/zg/vq0dnx517c54hg87dyqjky740000gn/T/.tmpwTqywI/tmp//_polish_readPartitions//3_contigsPolished.gz
	Collecting window sequences
	Parsing file: /var/folders/zg/vq0dnx517c54hg87dyqjky740000gn/T/.tmpwTqywI/tmp//_polish_readPartitions//3_reads.gz
	Parsing file done (nb reads: 3425)
	Perform correction
	Partition 3 done  (5s)

	Polishing partition: 4/10
	Map reads to curated contigs
	minimap2 -v 0 -m 500 -t 10 -x map-ont /var/folders/zg/vq0dnx517c54hg87dyqjky740000gn/T/.tmpwTqywI/tmp//_polish_readPartitions//4_contigsPolished.gz /var/folders/zg/vq0dnx517c54hg87dyqjky740000gn/T/.tmpwTqywI/tmp//_polish_readPartitions//4_reads.gz
	gzip
	/var/folders/zg/vq0dnx517c54hg87dyqjky740000gn/T/.tmpwTqywI/tmp//_polish_readPartitions//align.paf.gz
	Done  (0s)
	Parsing file: /var/folders/zg/vq0dnx517c54hg87dyqjky740000gn/T/.tmpwTqywI/tmp//_polish_readPartitions//4_contigsPolished.gz
	Parsing file: /var/folders/zg/vq0dnx517c54hg87dyqjky740000gn/T/.tmpwTqywI/tmp//_polish_readPartitions//4_contigsPolished.gz
	Loading alignments
	Computing contig coverages
	Parsing file: /var/folders/zg/vq0dnx517c54hg87dyqjky740000gn/T/.tmpwTqywI/tmp//_polish_readPartitions//4_contigsPolished.gz
	Collecting window sequences
	Parsing file: /var/folders/zg/vq0dnx517c54hg87dyqjky740000gn/T/.tmpwTqywI/tmp//_polish_readPartitions//4_reads.gz
	Parsing file done (nb reads: 3146)
	Perform correction
	Partition 4 done  (5s)

	Polishing partition: 5/10
	Map reads to curated contigs
	minimap2 -v 0 -m 500 -t 10 -x map-ont /var/folders/zg/vq0dnx517c54hg87dyqjky740000gn/T/.tmpwTqywI/tmp//_polish_readPartitions//5_contigsPolished.gz /var/folders/zg/vq0dnx517c54hg87dyqjky740000gn/T/.tmpwTqywI/tmp//_polish_readPartitions//5_reads.gz
	gzip
	/var/folders/zg/vq0dnx517c54hg87dyqjky740000gn/T/.tmpwTqywI/tmp//_polish_readPartitions//align.paf.gz
	Done  (0s)
	Parsing file: /var/folders/zg/vq0dnx517c54hg87dyqjky740000gn/T/.tmpwTqywI/tmp//_polish_readPartitions//5_contigsPolished.gz
	Parsing file: /var/folders/zg/vq0dnx517c54hg87dyqjky740000gn/T/.tmpwTqywI/tmp//_polish_readPartitions//5_contigsPolished.gz
	Loading alignments
	Computing contig coverages
	Parsing file: /var/folders/zg/vq0dnx517c54hg87dyqjky740000gn/T/.tmpwTqywI/tmp//_polish_readPartitions//5_contigsPolished.gz
	Collecting window sequences
	Parsing file: /var/folders/zg/vq0dnx517c54hg87dyqjky740000gn/T/.tmpwTqywI/tmp//_polish_readPartitions//5_reads.gz
	Parsing file done (nb reads: 43)
	Perform correction
	Partition 5 done  (0s)

	Polishing partition: 6/10
	Map reads to curated contigs
	minimap2 -v 0 -m 500 -t 10 -x map-ont /var/folders/zg/vq0dnx517c54hg87dyqjky740000gn/T/.tmpwTqywI/tmp//_polish_readPartitions//6_contigsPolished.gz /var/folders/zg/vq0dnx517c54hg87dyqjky740000gn/T/.tmpwTqywI/tmp//_polish_readPartitions//6_reads.gz
	gzip
	/var/folders/zg/vq0dnx517c54hg87dyqjky740000gn/T/.tmpwTqywI/tmp//_polish_readPartitions//align.paf.gz
	Done  (0s)
	Parsing file: /var/folders/zg/vq0dnx517c54hg87dyqjky740000gn/T/.tmpwTqywI/tmp//_polish_readPartitions//6_contigsPolished.gz
	Parsing file: /var/folders/zg/vq0dnx517c54hg87dyqjky740000gn/T/.tmpwTqywI/tmp//_polish_readPartitions//6_contigsPolished.gz
	Loading alignments
	Computing contig coverages
	Parsing file: /var/folders/zg/vq0dnx517c54hg87dyqjky740000gn/T/.tmpwTqywI/tmp//_polish_readPartitions//6_contigsPolished.gz
	Collecting window sequences
	Parsing file: /var/folders/zg/vq0dnx517c54hg87dyqjky740000gn/T/.tmpwTqywI/tmp//_polish_readPartitions//6_reads.gz
	Parsing file done (nb reads: 59)
	Perform correction
	Partition 6 done  (0s)

	Polishing partition: 7/10
	Map reads to curated contigs
	minimap2 -v 0 -m 500 -t 10 -x map-ont /var/folders/zg/vq0dnx517c54hg87dyqjky740000gn/T/.tmpwTqywI/tmp//_polish_readPartitions//7_contigsPolished.gz /var/folders/zg/vq0dnx517c54hg87dyqjky740000gn/T/.tmpwTqywI/tmp//_polish_readPartitions//7_reads.gz
	gzip
	/var/folders/zg/vq0dnx517c54hg87dyqjky740000gn/T/.tmpwTqywI/tmp//_polish_readPartitions//align.paf.gz
	Done  (0s)
	Parsing file: /var/folders/zg/vq0dnx517c54hg87dyqjky740000gn/T/.tmpwTqywI/tmp//_polish_readPartitions//7_contigsPolished.gz
	Parsing file: /var/folders/zg/vq0dnx517c54hg87dyqjky740000gn/T/.tmpwTqywI/tmp//_polish_readPartitions//7_contigsPolished.gz
	Loading alignments
	Computing contig coverages
	Parsing file: /var/folders/zg/vq0dnx517c54hg87dyqjky740000gn/T/.tmpwTqywI/tmp//_polish_readPartitions//7_contigsPolished.gz
	Collecting window sequences
	Parsing file: /var/folders/zg/vq0dnx517c54hg87dyqjky740000gn/T/.tmpwTqywI/tmp//_polish_readPartitions//7_reads.gz
	Parsing file done (nb reads: 362)
	Perform correction
	Partition 7 done  (0s)

	Polishing partition: 8/10
	Map reads to curated contigs
	minimap2 -v 0 -m 500 -t 10 -x map-ont /var/folders/zg/vq0dnx517c54hg87dyqjky740000gn/T/.tmpwTqywI/tmp//_polish_readPartitions//8_contigsPolished.gz /var/folders/zg/vq0dnx517c54hg87dyqjky740000gn/T/.tmpwTqywI/tmp//_polish_readPartitions//8_reads.gz
	gzip
	/var/folders/zg/vq0dnx517c54hg87dyqjky740000gn/T/.tmpwTqywI/tmp//_polish_readPartitions//align.paf.gz
	Done  (0s)
	Parsing file: /var/folders/zg/vq0dnx517c54hg87dyqjky740000gn/T/.tmpwTqywI/tmp//_polish_readPartitions//8_contigsPolished.gz
	Parsing file: /var/folders/zg/vq0dnx517c54hg87dyqjky740000gn/T/.tmpwTqywI/tmp//_polish_readPartitions//8_contigsPolished.gz
	Loading alignments
	Computing contig coverages
	Parsing file: /var/folders/zg/vq0dnx517c54hg87dyqjky740000gn/T/.tmpwTqywI/tmp//_polish_readPartitions//8_contigsPolished.gz
	Collecting window sequences
	Parsing file: /var/folders/zg/vq0dnx517c54hg87dyqjky740000gn/T/.tmpwTqywI/tmp//_polish_readPartitions//8_reads.gz
	Parsing file done (nb reads: 910)
	Perform correction
	Partition 8 done  (1s)

	Polishing partition: 9/10
	Map reads to curated contigs
	minimap2 -v 0 -m 500 -t 10 -x map-ont /var/folders/zg/vq0dnx517c54hg87dyqjky740000gn/T/.tmpwTqywI/tmp//_polish_readPartitions//9_contigsPolished.gz /var/folders/zg/vq0dnx517c54hg87dyqjky740000gn/T/.tmpwTqywI/tmp//_polish_readPartitions//9_reads.gz
	gzip
	/var/folders/zg/vq0dnx517c54hg87dyqjky740000gn/T/.tmpwTqywI/tmp//_polish_readPartitions//align.paf.gz
	Done  (0s)
	Parsing file: /var/folders/zg/vq0dnx517c54hg87dyqjky740000gn/T/.tmpwTqywI/tmp//_polish_readPartitions//9_contigsPolished.gz
	Parsing file: /var/folders/zg/vq0dnx517c54hg87dyqjky740000gn/T/.tmpwTqywI/tmp//_polish_readPartitions//9_contigsPolished.gz
	Loading alignments
	Computing contig coverages
	Parsing file: /var/folders/zg/vq0dnx517c54hg87dyqjky740000gn/T/.tmpwTqywI/tmp//_polish_readPartitions//9_contigsPolished.gz
	Collecting window sequences
	Parsing file: /var/folders/zg/vq0dnx517c54hg87dyqjky740000gn/T/.tmpwTqywI/tmp//_polish_readPartitions//9_reads.gz
	Parsing file done (nb reads: 63)
	Perform correction
	Partition 9 done  (0s)

Dereplicating contigs
	Aligning contigs vs contigs
	minimap2 -v 0 -c -m 500 -x asm20 -I 1G -t 10 -DP --dual=no --no-long-join -r100 -z200 -g2k /var/folders/zg/vq0dnx517c54hg87dyqjky740000gn/T/.tmpwTqywI/tmp//_polish_readPartitions//contigs_polished.fasta.gz /var/folders/zg/vq0dnx517c54hg87dyqjky740000gn/T/.tmpwTqywI/tmp//_polish_readPartitions//contigs_polished.fasta.gz
	gzip
	/var/folders/zg/vq0dnx517c54hg87dyqjky740000gn/T/.tmpwTqywI/tmp//_polish_readPartitions//align_contigsVsContigs.paf.gz
	Done  (0s)
	Loading contig overlaps
	Loading alignments
	Dereplicating contigs
	Parsing file: /var/folders/zg/vq0dnx517c54hg87dyqjky740000gn/T/.tmpwTqywI/tmp//_polish_readPartitions//contigs_polished.fasta.gz
	Done  (0s)

Dereplicating contigs
	Aligning contigs vs contigs
	minimap2 -v 0 -c -m 500 -x asm20 -I 1G -t 10 -DP --dual=no --no-long-join -r100 -z200 -g2k /var/folders/zg/vq0dnx517c54hg87dyqjky740000gn/T/.tmpwTqywI/tmp//_polish_readPartitions//contigs_derep.fasta.gz /var/folders/zg/vq0dnx517c54hg87dyqjky740000gn/T/.tmpwTqywI/tmp//_polish_readPartitions//contigs_derep.fasta.gz
	gzip
	/var/folders/zg/vq0dnx517c54hg87dyqjky740000gn/T/.tmpwTqywI/tmp//_polish_readPartitions//align_contigsVsContigs.paf.gz
	Done  (0s)
	Loading contig overlaps
	Loading alignments
	Dereplicating contigs
	Parsing file: /var/folders/zg/vq0dnx517c54hg87dyqjky740000gn/T/.tmpwTqywI/tmp//_polish_readPartitions//contigs_derep.fasta.gz
	Done  (0s)

Trimming contigs

Moving final contigs to destination

Polished contigs: /var/folders/zg/vq0dnx517c54hg87dyqjky740000gn/T/.tmpwTqywI/tmp//contigs.fasta.gz
done
Moving final contigs to destination
pass done: 209
pass done
	Parsing file: /var/folders/zg/vq0dnx517c54hg87dyqjky740000gn/T/.tmpwTqywI/contigs.fasta.gz
	Parsing file done (nb reads: 12)

	Run time:                   2min 34sec
	Peak memory:                0 GB
	Assembly length:            3272721
	Contigs N50:                889416
	Nb contigs:                 12
	Nb Contigs (>1Mb):          0
	Nb circular contigs (>1Mb): 0

Contig filename: /var/folders/zg/vq0dnx517c54hg87dyqjky740000gn/T/.tmpwTqywI/contigs.fasta.gz
Done!
