
MetaMDBG 1.2

Checking dependencies: minimap2


minimap2 -v 0 -x map-hifi /var/folders/zg/vq0dnx517c54hg87dyqjky740000gn/T/.tmpMtxbLg/tmp//testDependencies.fasta /var/folders/zg/vq0dnx517c54hg87dyqjky740000gn/T/.tmpMtxbLg/tmp//testDependencies.fasta -o /var/folders/zg/vq0dnx517c54hg87dyqjky740000gn/T/.tmpMtxbLg/tmp//testDependencies_minimap.paf
ok

Output dir:              /var/folders/zg/vq0dnx517c54hg87dyqjky740000gn/T/.tmpMtxbLg
Minimizer length:        15
Min k-min-mer abundance: 0
Density correction:      0.025
Density assembly:        0.005
Min read quality:        0
Min read overlap length: 1000
Min read identity:       0.96
Contig Derep threshold:  0.99
Homopolymer compression: 0
Read correction:         1

Converting reads to minimizers


metaMDBG readSelection /var/folders/zg/vq0dnx517c54hg87dyqjky740000gn/T/.tmpMtxbLg/tmp/ /var/folders/zg/vq0dnx517c54hg87dyqjky740000gn/T/.tmpMtxbLg/tmp//read_data_init.txt /var/folders/zg/vq0dnx517c54hg87dyqjky740000gn/T/.tmpMtxbLg/tmp//input.txt --threads 10 --min-read-quality 0.000000 --output-quality

Input filename: /var/folders/zg/vq0dnx517c54hg87dyqjky740000gn/T/.tmpMtxbLg/tmp//input.txt
Input dir: /var/folders/zg/vq0dnx517c54hg87dyqjky740000gn/T/.tmpMtxbLg/tmp/
Min read quality: 0
Minimizer length: 15
Kminmer length: 4
Density: 0.025

Collecting repetitive minimizers
	Parsing file: /Users/mschul/Downloads/sample01/sample01_autocycler/porechop_output_sample01/subsampled_reads/sample_02.fastq
0
	Parsing file done (nb reads: 21807)
Nb minimizers: 543457
Top 1000 repetitive minimizers:
	0	200674404500338137	2253
	1	310612582662316624	479
	2	426031741198032911	427
	3	354479218752146524	425
	4	74000708096080470	348
	5	87884089835739256	338
	6	152705897178961409	261
	7	410300431011852796	256
	8	318268085688400246	246
	9	196951025728867981	240
	10	395558716000721925	231
	11	387227473312555990	230
	12	127877448689285016	221
	13	310751134635568052	196
	14	435803489765938598	194
	15	114461725769836351	193
	16	369698405588983607	188
	17	133998798284183014	181
	18	282275202642698773	181
	19	279400172010196800	179
	20	112962020442871828	178
	21	398204361735465697	173
	22	281072739451220702	168
	23	315265612063503758	167
	24	426620577227494787	164
	25	293516479341577910	161
	26	325776848230015949	161
	27	420561066568898587	161
	28	441902959033122815	157
	29	357440285828398089	156
	30	45896773932858947	154
	31	361615466139777158	153
	32	383543299323446076	140
	33	65944181381572977	137
	34	398601327802380149	135
	35	357642166806978275	132
	36	306666018432152893	132
	37	340110913682603883	132
	38	405379553203928134	131
	39	248059518041192602	131
	40	69435486880335744	130
	41	214979285376949073	130
	42	131439312686540049	129
	43	299905741098321910	129
	44	405764776136872430	128
	45	453294361571171643	127
	46	217897200632192335	126
	47	385532568686233924	126
	48	267213868965479711	126
	49	396696532500440802	125
	50	98286427698639366	125
	51	162568044135584032	124
	52	42133430222292553	124
	53	80183922105000988	124
	54	92796875980510814	124
	55	46816281002483159	123
	56	133708916275415960	123
	57	256290910735244063	123
	58	36513903463332660	123
	59	176604906822910719	123
	60	44590095572070086	122
	61	233121599613752694	122
	62	31545202382085738	122
	63	410062805304158162	122
	64	19552209429379111	121
	65	12279558359527838	121
	66	224022117044508950	121
	67	452625236226624803	121
	68	375601248265750645	121
	69	344024674616915149	121
	70	137391343367680304	120
	71	128874328660930194	120
	72	217057051226629409	119
	73	20124587320076688	119
	74	192239992716104949	119
	75	236264863273510281	119
	76	341701689132342283	119
	77	152513107099144852	119
	78	273117598384322512	119
	79	46428400787565966	119
	80	357250250540104659	119
	81	21731143382916265	119
	82	291974452738375900	118
	83	350900544604955136	118
	84	141182889601616680	118
	85	397003486693255033	118
	86	49737837528364673	118
	87	55716994440170599	118
	88	298065912735038518	118
	89	77258489765497509	117
	90	342367914372836986	117
	91	69682030338688093	117
	92	420744285175038776	116
	93	282205210455383777	116
	94	4714613186586445	116
	95	222164293691491721	116
	96	130465363027925847	115
	97	150329900323031783	115
	98	178644189966385041	115
	99	186188230251703194	115
	100	425364139618248944	115
	101	114434025021941872	115
	102	435762226593379824	115
	103	142506171542649562	115
	104	40616590488031621	114
	105	341001787727505508	114
	106	205480063841777418	114
	107	123245910707095796	114
	108	4972020450435489	114
	109	11873889087120186	114
	110	84519929401587117	114
	111	202921590687581244	113
	112	175451000290185132	113
	113	214224004585518048	113
	114	153062961750797157	113
	115	34835452940001790	113
	116	88546078224180244	113
	117	218184423453881158	113
	118	164017661098396008	113
	119	229347190953059196	113
	120	125493818675407751	113
	121	134132988282802138	112
	122	313102550795482714	112
	123	162939254738724015	112
	124	430753051374466336	112
	125	416774708378871597	112
	126	111981518732368731	112
	127	110761457300990891	111
	128	324724323902370781	111
	129	285058609001402041	111
	130	353028554895084710	111
	131	217680495630290163	110
	132	77811109223042182	110
	133	890273448321923	110
	134	160755657838419760	110
	135	455971234545888468	110
	136	460969438893206957	109
	137	424754113556283945	109
	138	153757755929081407	109
	139	313246128935320180	109
	140	50069670844255044	108
	141	46966940251087820	108
	142	427143059020080411	108
	143	406171560244508777	107
	144	59441605166308888	107
	145	327916118189660399	107
	146	295774967863571912	106
	147	233751431890120531	106
	148	152828191065923843	106
	149	163338058817575180	105
	150	257627709627314237	105
	151	124217359824216578	105
	152	164570105817297369	105
	153	234574451443043363	105
	154	76877580238138530	105
	155	358091723219760373	105
	156	104954633294958228	105
	157	178252241701976497	105
	158	312745663493724818	105
	159	8122056135655461	105
	160	460319469718453506	105
	161	134608694266105726	104
	162	113381835907073295	104
	163	321147090039357640	104
	164	42592701069560723	104
	165	431487881080885088	104
	166	29500971208220911	104
	167	166699904536179821	104
	168	250245281068146094	104
	169	55798008923345693	104
	170	454993755651693503	104
	171	106034982088928649	103
	172	118145103121283100	103
	173	439438956021049104	103
	174	179195125713399691	103
	175	109732281600680776	102
	176	68708469523629470	102
	177	255081797184012750	102
	178	60038872804809966	102
	179	40239984567802174	102
	180	264950944892484048	102
	181	124232029249694048	101
	182	223642033837181430	101
	183	130497339876132809	101
	184	124571931945717185	101
	185	287045057842463404	101
	186	178607490311984881	101
	187	151691870524838898	100
	188	51457851144932481	100
	189	201178475845746433	100
	190	106014325791734460	100
	191	402303335764161400	99
	192	304102698310246554	99
	193	72859826575500842	99
	194	424295339914875130	99
	195	142891124921090404	99
	196	177169619148398556	99
	197	61627522301309833	99
	198	34965232927779810	99
	199	75237636478493090	99
	200	358940086612628104	99
	201	412938736027044785	99
	202	64961980017600105	99
	203	51256394710054181	98
	204	233339880306615218	98
	205	421178298959252982	98
	206	425980434910841318	98
	207	355494706067025742	98
	208	221039981199384384	98
	209	274628767227166449	98
	210	241404998866900140	98
	211	85191844491722850	98
	212	33853218589511473	98
	213	273166266705276825	98
	214	385570752001798111	97
	215	82469085145625865	97
	216	311756024918120600	97
	217	93747244403160738	97
	218	138934486303376705	97
	219	100054561508110014	97
	220	70798067229854640	96
	221	52680295128415416	96
	222	31140375570472411	96
	223	340279911448234766	96
	224	77895026324068004	96
	225	460096428297509584	96
	226	235789604920884622	96
	227	247175546812248343	96
	228	250871832060195753	96
	229	131149922937123420	96
	230	292455777223336434	96
	231	389986847163024964	96
	232	353927096488927265	96
	233	244601058115186434	96
	234	179614863990184059	96
	235	130809013089890318	95
	236	338697752397887524	95
	237	440722796543788285	95
	238	384704716248772282	95
	239	235708948700918501	95
	240	247918452936592517	95
	241	60365888067235775	95
	242	99702296722601289	95
	243	129985302753174001	95
	244	459232053129156003	95
	245	188627933107407244	94
	246	403037080567846819	94
	247	141536731844062462	94
	248	441643218909193041	94
	249	29384481722684086	94
	250	331964096913311074	94
	251	227671470154638905	94
	252	152451599971987934	94
	253	230696098766817461	94
	254	414960779607946887	94
	255	161666080716302046	94
	256	230561284744270585	93
	257	14569409485779743	93
	258	306167559037224054	93
	259	114661195152297259	93
	260	304056513235066787	93
	261	185615554162746368	93
	262	448029949411156814	93
	263	106329325711807622	93
	264	277056007052114302	93
	265	305001179390979341	93
	266	389570320306776895	92
	267	12403993831686630	92
	268	134224196153971145	92
	269	249546767866555152	92
	270	45020425522439020	92
	271	348291228684844628	91
	272	110563361062305376	91
	273	413909468928193262	91
	274	170993880697912340	91
	275	115233992068818866	91
	276	170597571787297304	91
	277	349999201480314963	91
	278	274387040306646157	91
	279	26327593847086679	91
	280	61053675111928421	91
	281	231135600725834848	91
	282	305964885731362423	91
	283	57228701269771657	91
	284	126498383177127760	90
	285	202202134389032357	90
	286	214684871952433360	90
	287	308572816244422646	90
	288	28478538325191128	90
	289	302807516821124863	90
	290	456976975496142765	90
	291	419026833294889821	90
	292	193718579349164168	90
	293	99940696532893429	89
	294	428931516879857108	89
	295	454369590296879338	89
	296	130241299188608903	89
	297	336693433797603233	89
	298	135231025194226401	89
	299	361151752366132438	89
	300	268824318965690544	89
	301	156909682911115748	89
	302	69843888033762980	89
	303	262056389262680481	88
	304	26293237550202408	88
	305	213690002568385139	88
	306	194307564037551675	88
	307	44930389891701463	88
	308	390730415164431811	88
	309	123706884365997007	88
	310	374463042489682364	88
	311	172789373523789756	88
	312	115957158102151111	88
	313	6549622972423649	88
	314	362036203373167720	88
	315	397135500490726110	87
	316	167218586228605892	87
	317	237660792790352621	87
	318	32957515564069587	87
	319	53871386863386052	87
	320	115827689524991307	87
	321	379050230883743479	87
	322	48575019053701061	87
	323	292701653462655412	86
	324	287693865942559628	86
	325	273451612826856903	86
	326	186524265044383031	86
	327	60311316786660022	86
	328	105115342634971584	86
	329	233886795081560326	86
	330	445422272030627261	86
	331	301679212453844857	86
	332	105611556338640381	86
	333	886637187448394	86
	334	372954661944461844	86
	335	217545653479412713	86
	336	456745335781739849	86
	337	453957322297855235	86
	338	446445058252600914	86
	339	275586537149220974	86
	340	5617387602250724	86
	341	447242228485615993	86
	342	419981521992215960	85
	343	6731544611882399	85
	344	394695489734840162	85
	345	417776530478100782	85
	346	147694135477871960	85
	347	343099134023471132	85
	348	240973278969117163	85
	349	154827342056073647	85
	350	224448472024721110	85
	351	18414963791631321	85
	352	211889946010250368	85
	353	310370553304353766	85
	354	420996923098706631	85
	355	259566120059904731	84
	356	99728969869986710	84
	357	70207692718516488	84
	358	457137399168309702	84
	359	223501304828492316	84
	360	54938679413843081	84
	361	212683255022986566	84
	362	244761086063674539	84
	363	179479188718646134	84
	364	244128788438319322	84
	365	356211774114720448	84
	366	150462155160175407	84
	367	12074442027269857	84
	368	391557824446427062	84
	369	231152918563676757	84
	370	200254189378317900	84
	371	253640256147835026	84
	372	101439824815021447	84
	373	223538317662624857	84
	374	217933140417643069	83
	375	423735373211788573	83
	376	3037364230126582	83
	377	90231814597326962	83
	378	26687662250938063	83
	379	54009437912215335	83
	380	67741422536793923	83
	381	81442668226512451	83
	382	428931487900584157	83
	383	439758035769265423	83
	384	445973359968516697	83
	385	75295478242967065	83
	386	257738247190841151	83
	387	99104365033577136	83
	388	228846224627715437	83
	389	138894478976347779	83
	390	346592064040334055	83
	391	169794359647167159	82
	392	307040374306378756	82
	393	262320508414400938	82
	394	278371356771617817	82
	395	422459483140642116	82
	396	93905004234919704	82
	397	238983968744785083	82
	398	249024331972076133	82
	399	226001725308358984	82
	400	259849187098467000	82
	401	251525308695306545	82
	402	269528882266061669	82
	403	125515068559147844	82
	404	224830502864536307	82
	405	436539969191361573	82
	406	261255515141939178	82
	407	29070259983256023	81
	408	54081081273054449	81
	409	24758772396390096	81
	410	443732126151497099	81
	411	49463053745264537	81
	412	74643321652172183	81
	413	430894916777683364	81
	414	400894269863849960	81
	415	18202131328010757	81
	416	386785946067301024	81
	417	322936121514812851	81
	418	230881907643768537	81
	419	165452066087718996	81
	420	188236891838520170	81
	421	140402920993094701	81
	422	11451445895269517	81
	423	79399476397027051	81
	424	119900525174015724	81
	425	49466503563964570	81
	426	438961596004658625	81
	427	116941277764099904	81
	428	37580574762627911	81
	429	55784089933569092	81
	430	435842519610386387	81
	431	170263386762184852	81
	432	414578265847796452	81
	433	47577032870307297	81
	434	316621113549093104	81
	435	280646173865834978	80
	436	449771280451758104	80
	437	111074673818815228	80
	438	33167306408173436	80
	439	400206941981143197	80
	440	156226008194014480	80
	441	343793115563089525	80
	442	358305428714271694	80
	443	454679623836746128	80
	444	79159604603220162	80
	445	383707085592010403	80
	446	357856475354347361	80
	447	139017196550488854	80
	448	98524846585091121	80
	449	137652181249418058	80
	450	128548907626467098	80
	451	293456889500424430	80
	452	2120801969964380	80
	453	408708701169276359	80
	454	264765882770550513	80
	455	179746360735420847	80
	456	25499048784246510	80
	457	188869307381661312	80
	458	391094159647170502	80
	459	67014287135954880	80
	460	47362813973429616	80
	461	14918842007805447	79
	462	77127177224282260	79
	463	76833411278756863	79
	464	385949217265557270	79
	465	195674214821309894	79
	466	223682141112750664	79
	467	284122312888269377	79
	468	407955393751065496	79
	469	332529406829017576	79
	470	89281061941604445	79
	471	379929425069713422	79
	472	89029780572870925	79
	473	389497919654116156	79
	474	216942261220806251	79
	475	192715646993234898	79
	476	294217235759845750	79
	477	404562533012984807	79
	478	236060722281008278	79
	479	96076784712675752	79
	480	245199100599791837	79
	481	144839598781471190	79
	482	244910331648336013	79
	483	308373581088816274	79
	484	57891051714569800	79
	485	44579433053368787	79
	486	49694181878235	79
	487	59934674769717530	79
	488	117422926872678088	79
	489	122779307600508499	79
	490	416528855242434835	79
	491	91861988398388627	78
	492	415182544649088153	78
	493	361390319821835073	78
	494	417081375783449659	78
	495	384982882105912162	78
	496	94270060485998793	78
	497	273869559726817425	78
	498	369277600778628351	78
	499	34175691408280672	78
	500	371080460353731721	78
	501	266579664656002237	78
	502	143121154124093781	78
	503	15340370123138449	78
	504	367416148424156516	78
	505	391498973503800003	78
	506	236135453907052097	78
	507	279630248992046730	78
	508	449502977008901698	78
	509	372785386894214750	78
	510	9108790709293027	78
	511	322302462443231660	78
	512	219447409986295340	78
	513	436589891742282203	78
	514	343934964989314353	78
	515	239153707411469147	78
	516	93390669993825618	78
	517	240607269244040683	78
	518	261218135808080649	78
	519	458898114915028755	78
	520	33303577241595953	78
	521	129496362448205164	78
	522	192517854061094760	78
	523	452488209844899919	77
	524	168169526804495707	77
	525	117622726358707632	77
	526	246857601513894315	77
	527	23469861884985651	77
	528	369027261046799223	77
	529	126973633054557564	77
	530	222788619316669811	77
	531	388037071842409463	77
	532	266350580741930119	77
	533	20361440220587986	77
	534	302490763071447279	77
	535	219023773729312307	77
	536	190188115114113613	77
	537	253998609262922815	77
	538	153204638818663407	77
	539	92547359575120029	77
	540	449807979673852969	77
	541	19844885434991797	77
	542	67044782741263154	77
	543	368336254023706619	77
	544	444814551489822689	77
	545	94894349973190020	77
	546	325815711390140258	77
	547	189276863943155093	77
	548	301792385799350509	77
	549	64809350342880296	77
	550	190124116866500929	77
	551	48346667246273992	77
	552	158311066371804269	77
	553	367474008749037189	76
	554	170381479939755701	76
	555	31715176153773318	76
	556	226170484204399690	76
	557	137944526879196094	76
	558	163471166268966558	76
	559	116830005809230552	76
	560	178899256190423122	76
	561	318379704776811318	76
	562	346860260766701916	76
	563	372735789363750215	76
	564	3173032095586111	76
	565	51702711599881389	76
	566	362671798468513243	76
	567	44466519072673004	76
	568	337954111775212256	76
	569	372164861239922904	76
	570	359373924258421423	76
	571	94711006838317463	76
	572	3887218496500935	76
	573	201694267058636625	76
	574	41112850960641168	76
	575	53796879679751293	76
	576	430797854152960401	76
	577	42889502356844095	76
	578	412772759201049574	76
	579	168033142270160536	76
	580	357444012019153514	76
	581	283319360560914211	76
	582	389478513108047771	76
	583	195488705547641430	76
	584	209698281722206490	76
	585	278302176159980811	76
	586	211224874722455786	76
	587	157262946279094007	76
	588	265643835092476351	76
	589	197138925831992530	76
	590	453416773462192234	76
	591	134433414254413509	75
	592	456508560691691918	75
	593	446903994444824688	75
	594	459610180977643587	75
	595	199519666445006721	75
	596	366569174654067420	75
	597	175221488439012568	75
	598	1446282012981839	75
	599	239217093522793563	75
	600	335333422434749865	75
	601	236542598078655547	75
	602	303397223534829786	75
	603	94291980092656420	75
	604	33665789788200216	75
	605	401132494599104992	75
	606	3650832070238928	75
	607	111100348114810397	75
	608	402649225453936457	75
	609	15553011516881591	75
	610	64834446388223203	75
	611	213843715147458591	75
	612	293367402461985612	75
	613	364997138899306417	75
	614	92901666546544452	75
	615	449512902559749460	75
	616	119228033378026781	75
	617	143966271065414439	75
	618	341443287757751490	75
	619	431845662798701871	75
	620	74077657762990213	75
	621	445100025322275844	75
	622	455291882890667346	75
	623	431190478741523728	75
	624	270163649072262930	75
	625	53461003545124202	75
	626	253168804215101871	75
	627	190070376652430810	75
	628	206826871996787347	75
	629	393265438573591120	75
	630	338227767221919621	75
	631	327453163981065757	75
	632	451714157964837525	75
	633	200920512264436960	75
	634	461076797228835878	74
	635	424084901912578294	74
	636	341025331617525980	74
	637	289651924402820164	74
	638	62143315606768622	74
	639	141076976544551883	74
	640	7500587287668864	74
	641	399601023796640481	74
	642	290122970396878521	74
	643	381669776844312724	74
	644	309704873911870071	74
	645	35848666970908476	74
	646	450562823932981334	74
	647	195468365949140700	74
	648	218867166672631523	74
	649	402053124375830181	74
	650	185927161079951852	74
	651	342055379597965862	74
	652	47006878183551996	74
	653	34011430433186637	74
	654	167458902849405961	74
	655	313075838360049303	74
	656	393666078634671321	74
	657	160172912134386833	74
	658	108062428162801266	74
	659	230179731495970649	74
	660	253409495853364064	74
	661	260888429447430036	74
	662	188762606429895531	74
	663	185964242211716858	74
	664	124843807007400220	74
	665	335871971748022348	74
	666	195069923549489770	74
	667	371844529209982769	74
	668	288500185029839639	74
	669	296254331358006772	74
	670	437743064576927110	74
	671	299895377187905465	74
	672	309818838422040408	74
	673	328195271052491178	74
	674	100169186500013604	74
	675	242807043759425528	74
	676	453817238067492996	74
	677	10396423013005892	73
	678	202635440671500684	73
	679	369677527868073093	73
	680	345801248764464172	73
	681	319529194044439056	73
	682	247964566716643821	73
	683	449498540378001622	73
	684	219854501970238285	73
	685	437184045906398380	73
	686	451319820582095209	73
	687	398439455846069365	73
	688	108390703495998880	73
	689	120812897508043825	73
	690	292543854838447580	73
	691	6349115067642332	73
	692	298681798311435381	73
	693	321108412440219671	73
	694	258494302131980611	73
	695	298708502646039059	73
	696	454252580419369732	73
	697	35042106221378264	73
	698	47776914162565999	73
	699	452379500670594839	73
	700	410045000953096312	73
	701	37952769389486109	73
	702	350188836293943620	73
	703	238253703232372323	73
	704	285496547513998126	73
	705	371220937173764332	73
	706	417972012952319196	73
	707	260479130640215217	73
	708	100509767585762733	73
	709	59236392915980431	73
	710	41827125664588418	73
	711	99018340289815408	73
	712	343365011049394306	73
	713	91406341392072337	73
	714	159645244628047980	73
	715	179178904203844337	73
	716	122702316963480464	73
	717	322804320367080843	73
	718	402296518365079666	73
	719	238648336266589813	73
	720	281115070050671869	73
	721	110510341461542148	73
	722	377508759388505011	73
	723	371549024032345049	73
	724	106887025069533183	73
	725	164012136887451361	73
	726	450348184265136371	73
	727	168447189614601487	73
	728	209115937472847821	73
	729	440625032310691795	73
	730	4667987402364478	72
	731	138143687191854834	72
	732	336822976935688315	72
	733	111010865263826211	72
	734	447741308749859813	72
	735	75103342376179149	72
	736	374976180827951773	72
	737	99625296086994694	72
	738	157679156346278870	72
	739	190437990886335264	72
	740	394303263627186310	72
	741	114814727410035402	72
	742	430470859168607630	72
	743	16687695735762948	72
	744	449345099103211002	72
	745	332826333573715037	72
	746	407431874390776685	72
	747	790577322572371	72
	748	10738571983385880	72
	749	202468165445832778	72
	750	30797657200890119	72
	751	61714077711906895	72
	752	220280828979547200	72
	753	138984618310594410	72
	754	17499464979924852	72
	755	297630529501008744	72
	756	336934560702326068	72
	757	179003811434506540	72
	758	10831350197591561	72
	759	379590604628249341	72
	760	138493650397028965	72
	761	207829979987291941	72
	762	221927850593729851	72
	763	158534315641483822	72
	764	251142358565880764	72
	765	52673026795430675	72
	766	28217851464714046	72
	767	254266388837869253	72
	768	185323323492195439	72
	769	345155589790871825	72
	770	138608529798140164	72
	771	81727380165077736	72
	772	77164139998955026	72
	773	309748489855070658	72
	774	197148838989018626	72
	775	418842943977325024	72
	776	342057015019765659	72
	777	325002698529791877	72
	778	386894937125051081	72
	779	430731421911446459	72
	780	460381189990537735	72
	781	83339536314929624	72
	782	84544554669835150	72
	783	389207110100689960	71
	784	366152204733178613	71
	785	198282708364230256	71
	786	126413516179947806	71
	787	387272558548552436	71
	788	111335232372138905	71
	789	179866703268777492	71
	790	454935911971250548	71
	791	12879929220902502	71
	792	234473994960548169	71
	793	426530683335879498	71
	794	343318782109571803	71
	795	119836996589264309	71
	796	370101236414693846	71
	797	451529132259786716	71
	798	206990820530980959	71
	799	297189450367079996	71
	800	380276647341594465	71
	801	67918237452751396	71
	802	26870372768864915	71
	803	146219076100788857	71
	804	214959514099417947	71
	805	32573041578843869	71
	806	378138754905311851	71
	807	307313998932027507	71
	808	44398951229824566	71
	809	295906961024371167	71
	810	332723911692371118	71
	811	308027620447287673	71
	812	458320099980006346	71
	813	351871736726861198	71
	814	429227791483249364	71
	815	438648023708037471	71
	816	437002015718611642	71
	817	301009248474851717	71
	818	14898476685800094	71
	819	415081055235185754	71
	820	133819603424623274	71
	821	359033207164140561	71
	822	68228197790352696	71
	823	282462673963314715	71
	824	243266470869268713	71
	825	370877884155469085	71
	826	437413750574236440	70
	827	296807449542056528	70
	828	46658501991234024	70
	829	77564437753193815	70
	830	453962344942947089	70
	831	451675415982990510	70
	832	337019373117719904	70
	833	112018418752192166	70
	834	158539422548399156	70
	835	33126345510768141	70
	836	342827186340740262	70
	837	103812472767746233	70
	838	296138716065829506	70
	839	374056610503347502	70
	840	350121936046417077	70
	841	424372417274553532	70
	842	164743551538243332	70
	843	18184313157950882	70
	844	431916587878154893	70
	845	320400050224220988	70
	846	240408572865327442	70
	847	204235235342732315	70
	848	71488518354940974	70
	849	46301082675323391	70
	850	10177839401595523	70
	851	224288191678007360	70
	852	315347197024006864	70
	853	111570849248179690	70
	854	201102883473902148	70
	855	65085815567524708	70
	856	209697356450738786	70
	857	163119723185587455	70
	858	30937751403750314	70
	859	66277690480921041	70
	860	134783629850277937	70
	861	244401580505672091	70
	862	296768984891335154	70
	863	123549489091485007	70
	864	320153260677973704	70
	865	79425068232011122	70
	866	296702047394101403	70
	867	320506232123073392	70
	868	370068585486640485	70
	869	419324547444030549	70
	870	302452326042961219	70
	871	170635480041765498	70
	872	376982613098184522	70
	873	199124523766876970	70
	874	48533226671321731	69
	875	433668613481951138	69
	876	9629883472800858	69
	877	329247474726729923	69
	878	236185776781051769	69
	879	117132834206538423	69
	880	460563906263047279	69
	881	205318625304812437	69
	882	458293924204140477	69
	883	55336751170505379	69
	884	347165239782834040	69
	885	179355528234001079	69
	886	148231033764024171	69
	887	129764553035422445	69
	888	398333320838938400	69
	889	162349110047437094	69
	890	121496294289383360	69
	891	76052528225162789	69
	892	386861675327918501	69
	893	372400836083372936	69
	894	118550076183596759	69
	895	318667064773814639	69
	896	194497975660661939	69
	897	265932950063492792	69
	898	311563484053575697	69
	899	16372977921617787	69
	900	247505338810197509	69
	901	296614728577541352	69
	902	144244229117749066	69
	903	99433723896272363	69
	904	80801934717569107	69
	905	381745491929901110	69
	906	388994845044750688	69
	907	325807729666788688	69
	908	41709861109903142	69
	909	19665451540905232	69
	910	450168024644767765	69
	911	356221466863345429	69
	912	353508796478144204	69
	913	98653384565752479	69
	914	391030947812660485	69
	915	187980849288906810	69
	916	356943288157107592	69
	917	181419441471951260	69
	918	249816150230998176	69
	919	158389114650105682	69
	920	400197635443363321	69
	921	207291744271500983	69
	922	311369745611749063	69
	923	220443919950223720	68
	924	341609279969733135	68
	925	187791159681902870	68
	926	353051034522010879	68
	927	349179299366157489	68
	928	296961969312279861	68
	929	165504029477452730	68
	930	283910610423915054	68
	931	455731230126243992	68
	932	250914378709888948	68
	933	348843504857262855	68
	934	401049871788765720	68
	935	266522629601030118	68
	936	51499737859334175	68
	937	234371018136748944	68
	938	210266599616922397	68
	939	29162644264086725	68
	940	229768734120424683	68
	941	459509489235753681	68
	942	339128242455925780	68
	943	250296908041097776	68
	944	352485257952811932	68
	945	13122538490458175	68
	946	87779725342938065	68
	947	370686992801727136	68
	948	75436058264681952	68
	949	75159134896796965	68
	950	49267354072291873	68
	951	152655349936797978	68
	952	103754033169035114	68
	953	453839221568904960	68
	954	460002902191836330	68
	955	415825688893982589	68
	956	309344295400173274	68
	957	197624746058552695	68
	958	40397893587198233	68
	959	235126011424820452	68
	960	49895122494778140	68
	961	238135313671331572	68
	962	55764387940157701	68
	963	249387014064616144	68
	964	324062074088952572	68
	965	381849205445614010	68
	966	178958376290674574	68
	967	348917404093385869	67
	968	121041309090429145	67
	969	311134675516881636	67
	970	417753255407515834	67
	971	15116690612857222	67
	972	63765202538549328	67
	973	4654210374774073	67
	974	171219701091584122	67
	975	58393870785451459	67
	976	294532754769553272	67
	977	196253098305869407	67
	978	291429189603484895	67
	979	193113152785607032	67
	980	7185596184040276	67
	981	203560675488169237	67
	982	191691663785422852	67
	983	41318716784854702	67
	984	215399273457438396	67
	985	351966541829288372	67
	986	57831036776210539	67
	987	275982172961058260	67
	988	235804623481285213	67
	989	112206426719150246	67
	990	400306878746025397	67
	991	274750006278651324	67
	992	353620904634442339	67
	993	420082148798110615	67
	994	134930929646265254	67
	995	287519985511569648	67
	996	189893471057499802	67
	997	371912161614105796	67
	998	29013563275164893	67
	999	154343809609290742	67
Selected repetitive minimizers:
	0	200674404500338137	2253
	1	310612582662316624	479
	2	426031741198032911	427
	3	354479218752146524	425
	4	74000708096080470	348
	5	87884089835739256	338
	6	152705897178961409	261
	7	410300431011852796	256
	8	318268085688400246	246
	9	196951025728867981	240
	10	395558716000721925	231
	11	387227473312555990	230
	12	127877448689285016	221
	13	310751134635568052	196
	14	435803489765938598	194
	15	114461725769836351	193
	16	369698405588983607	188
	17	133998798284183014	181
	18	282275202642698773	181
	19	279400172010196800	179
	20	112962020442871828	178
	21	398204361735465697	173
	22	281072739451220702	168
	23	315265612063503758	167
	24	426620577227494787	164
	25	293516479341577910	161
	26	325776848230015949	161
	27	420561066568898587	161
	28	441902959033122815	157
	29	357440285828398089	156
	30	45896773932858947	154
	31	361615466139777158	153
	32	383543299323446076	140
	33	65944181381572977	137
	34	398601327802380149	135
	35	357642166806978275	132
	36	306666018432152893	132
	37	340110913682603883	132
	38	405379553203928134	131
	39	248059518041192602	131
	40	69435486880335744	130
	41	214979285376949073	130
	42	131439312686540049	129
	43	299905741098321910	129
	44	405764776136872430	128
	45	453294361571171643	127
	46	217897200632192335	126
	47	385532568686233924	126
	48	267213868965479711	126
	49	396696532500440802	125
	50	98286427698639366	125
	51	162568044135584032	124
	52	42133430222292553	124
	53	80183922105000988	124
Nb minimizers to ignore: 54 54
	Parsing file: /Users/mschul/Downloads/sample01/sample01_autocycler/porechop_output_sample01/subsampled_reads/sample_02.fastq
0
	Parsing file done (nb reads: 21807)
Nb low quality reads: 0
Nb low complexity reads: 7

Total read bps:  114206934
N50 read length: 20495
Start k:         4
End k:           204

Correcting reads


metaMDBG readCorrection /var/folders/zg/vq0dnx517c54hg87dyqjky740000gn/T/.tmpMtxbLg/tmp/ --min-identity 0.960000 --min-overlap-length 1000 --threads 10

Input filename: 
Input dir: /var/folders/zg/vq0dnx517c54hg87dyqjky740000gn/T/.tmpMtxbLg/tmp/
Minimizer length: 15
Kminmer length: 4
Assembly Density: 0.005
Correction Density: 0.025
Min overlap length: 1000
Min identity: 0.96


Indexing genomic minimizers
	Indexing genomic minimizers: 0%

Indexing reads
	Indexing reads: 0%

Loading minimizer reads
	Loading minimizer reads: 0%

Perform low density alignments
	Aligning reads (low density): 0%
	Aligning reads (low density): 45%
	Aligning reads (low density): 91%
	Alignment checksum: 20000 827743859009905

Loading low density alignments

Partitioning reads
	Add partition: 21807 21807
	Nb partitions: 1

Processing partition: 0 / 1
	Loading minimizer reads (high density)
	Correcting reads
	Correction checksum: 17632992488147547622

Processing partition: 1 / 1
	Alignment check sum: 911254585671432
	Correction check sum: 17632992488147547622
Multi-k pass: 4/204


metaMDBG graph /var/folders/zg/vq0dnx517c54hg87dyqjky740000gn/T/.tmpMtxbLg/tmp/ --threads 10 --min-abundance 0 --firstpass  --corrected-read 

Contig filename: 
Output dir: /var/folders/zg/vq0dnx517c54hg87dyqjky740000gn/T/.tmpMtxbLg/tmp/
Minimizer length: 15
Kminmer length: 4
Density: 0.005
Min abundance: 0

Collecting kminmers
Filling bloom filter
Solid kminmers: 0
Building mdbg
Indexed: 16937
Indexed: 32778
Duration: 0
Nb solid kminmers: 49715
Nb small contigs written: 0
Dump kminmer abundances
	Duration: 0
Indexing edges
Edge index size: 49839
Edge index elements: 89367
	Duration: 0
Compute unitig nodes
	Duration: 0
Index unitig edges
	Duration: 0
Compute unitig edges
	Duration: 0
Dump unitig abundances
	Duration: 0
Nb edges:   0


metaMDBG contig  /var/folders/zg/vq0dnx517c54hg87dyqjky740000gn/T/.tmpMtxbLg/tmp/ --threads 10

Input dir: /var/folders/zg/vq0dnx517c54hg87dyqjky740000gn/T/.tmpMtxbLg/tmp/
Minimizer length: 15
Kminmer length: 4
Density: 0.005

Loading unitig graph
Load unitigs
Nb unitigs: 12084
Nb minimizers: 85967
Add unitig abundances
Sorting abundances
Add unitig edges
Nb unitig edges: 28074
Sorting unitig edges
Done loading unitig graph
Simplifying
Max abundance: 116
Nb unitigs: 12084
Superbubble
Nb superbubble removed: 382 0 (0s)
Tip
Nb Tip removed: 3579 (0s)
Superbubble
Nb superbubble removed: 754 0 (0s)
Tip
Nb Tip removed: 0 (0s)
Nb errors removed: 6080 (0s)
Superbubble
Nb superbubble removed: 186 0 (0s)
Tip
Nb Tip removed: 26 (0s)
Superbubble
Nb superbubble removed: 10 0 (0s)
Tip
Nb Tip removed: 0 (0s)
Nb errors removed: 27 (0s)
Superbubble
Nb superbubble removed: 0 0 (0s)
Tip
Nb Tip removed: 0 (0s)
Nb errors removed: 245 (0s)
Superbubble
Nb superbubble removed: 0 0 (0s)
Tip
Nb Tip removed: 0 (0s)
Nb errors removed: 1 (0s)
Superbubble
Nb superbubble removed: 0 0 (0s)
Tip
Nb Tip removed: 0 (0s)
Nb errors removed: 13 (0s)
Superbubble
Nb superbubble removed: 2 0 (0s)
Tip
Nb Tip removed: 0 (0s)
Nb errors removed: 2 (0s)
Superbubble
Nb superbubble removed: 0 0 (0s)
Tip
Nb Tip removed: 0 (0s)
Nb errors removed: 2 (0s)
Superbubble
Nb superbubble removed: 0 0 (0s)
Tip
Nb Tip removed: 0 (0s)
Nb errors removed: 1 (0s)
Superbubble
Nb superbubble removed: 0 0 (0s)
Tip
Nb Tip removed: 0 (0s)
Nb errors removed: 3 (0s)
Superbubble
Nb superbubble removed: 0 0 (0s)
Tip
Nb Tip removed: 0 (0s)
Nb errors removed: 1 (0s)
Superbubble
Nb superbubble removed: 0 0 (0s)
Tip
Nb Tip removed: 0 (0s)
Nb errors removed: 1 (0s)
Superbubble
Nb superbubble removed: 4 0 (0s)
Tip
Nb Tip removed: 0 (0s)
Nb errors removed: 5 (0s)
Superbubble
Nb superbubble removed: 2 0 (0s)
Tip
Nb Tip removed: 0 (0s)
Nb errors removed: 2 (0s)
Superbubble
Nb superbubble removed: 0 0 (0s)
Tip
Nb Tip removed: 0 (0s)
Nb errors removed: 4 (0s)
Superbubble
Nb superbubble removed: 0 0 (0s)
Tip
Nb Tip removed: 0 (0s)
Nb errors removed: 1 (0s)
Superbubble
Nb superbubble removed: 0 0 (0s)
Tip
Nb Tip removed: 3 (0s)
Superbubble
Nb superbubble removed: 0 0 (0s)
Tip
Nb Tip removed: 0 (0s)
Nb errors removed: 3 (0s)
Superbubble
Nb superbubble removed: 0 0 (0s)
Tip
Nb Tip removed: 0 (0s)
Nb errors removed: 2 (0s)
Superbubble
Nb superbubble removed: 0 0 (0s)
Tip
Nb Tip removed: 0 (0s)
Checksum: 0
Checksum abundnace: 0
Generating contigs
49.7852
41.1448
37.4044
34.004
30.9127
28.1025
25.5477
23.2252
21.1138
7.40025
5.05447
4.17725
3.13843
2.59374
2.14359
1.61051
1.1
0


metaMDBG toMinspace  /var/folders/zg/vq0dnx517c54hg87dyqjky740000gn/T/.tmpMtxbLg/tmp/ /var/folders/zg/vq0dnx517c54hg87dyqjky740000gn/T/.tmpMtxbLg/tmp//contigs.nodepath /var/folders/zg/vq0dnx517c54hg87dyqjky740000gn/T/.tmpMtxbLg/tmp//unitig_data.txt --threads 10

Input dir: /var/folders/zg/vq0dnx517c54hg87dyqjky740000gn/T/.tmpMtxbLg/tmp/
Minimizer length: 15
Kminmer length: 4
Density: 0.005

Loading unitig sequences

Creating mContigs

Contig filename: /var/folders/zg/vq0dnx517c54hg87dyqjky740000gn/T/.tmpMtxbLg/tmp//unitig_data.txt
pass done: 4
Multi-k pass: 5/204


metaMDBG graph /var/folders/zg/vq0dnx517c54hg87dyqjky740000gn/T/.tmpMtxbLg/tmp/ --threads 10 --corrected-read 

Contig filename: 
Output dir: /var/folders/zg/vq0dnx517c54hg87dyqjky740000gn/T/.tmpMtxbLg/tmp/
Minimizer length: 15
Kminmer length: 5
Density: 0.005
Min abundance: 0

Loading refined abundances
	Duration: 0
Collecting kminmers
Building mdbg
Duration: 0
Nb solid kminmers: 25106
Nb small contigs written: 0
Dump kminmer abundances
	Duration: 0
Indexing edges
Edge index size: 24580
Edge index elements: 45115
	Duration: 0
Compute unitig nodes
	Duration: 0
Index unitig edges
	Duration: 0
Compute unitig edges
	Duration: 0
Dump unitig abundances
	Duration: 0
Nb edges:   0


metaMDBG contig  /var/folders/zg/vq0dnx517c54hg87dyqjky740000gn/T/.tmpMtxbLg/tmp/ --threads 10

Input dir: /var/folders/zg/vq0dnx517c54hg87dyqjky740000gn/T/.tmpMtxbLg/tmp/
Minimizer length: 15
Kminmer length: 5
Density: 0.005

Loading unitig graph
Load unitigs
Nb unitigs: 2622
Nb minimizers: 35594
Add unitig abundances
Sorting abundances
Add unitig edges
Nb unitig edges: 6542
Sorting unitig edges
Done loading unitig graph
Simplifying
Max abundance: 112
Nb unitigs: 2622
Superbubble
Nb superbubble removed: 550 0 (0s)
Tip
Nb Tip removed: 428 (0s)
Superbubble
Nb superbubble removed: 146 0 (0s)
Tip
Nb Tip removed: 0 (0s)
Nb errors removed: 658 (0s)
Superbubble
Nb superbubble removed: 28 0 (0s)
Tip
Nb Tip removed: 4 (0s)
Superbubble
Nb superbubble removed: 2 0 (0s)
Tip
Nb Tip removed: 0 (0s)
Nb errors removed: 2 (0s)
Superbubble
Nb superbubble removed: 0 0 (0s)
Tip
Nb Tip removed: 0 (0s)
Nb errors removed: 18 (0s)
Superbubble
Nb superbubble removed: 0 0 (0s)
Tip
Nb Tip removed: 0 (0s)
Nb errors removed: 4 (0s)
Superbubble
Nb superbubble removed: 0 0 (0s)
Tip
Nb Tip removed: 0 (0s)
Nb errors removed: 2 (0s)
Superbubble
Nb superbubble removed: 0 0 (0s)
Tip
Nb Tip removed: 0 (0s)
Nb errors removed: 1 (0s)
Superbubble
Nb superbubble removed: 0 0 (0s)
Tip
Nb Tip removed: 0 (0s)
Nb errors removed: 1 (0s)
Superbubble
Nb superbubble removed: 0 0 (0s)
Tip
Nb Tip removed: 0 (0s)
Nb errors removed: 1 (0s)
Superbubble
Nb superbubble removed: 0 0 (0s)
Tip
Nb Tip removed: 0 (0s)
Nb errors removed: 5 (0s)
Superbubble
Nb superbubble removed: 0 0 (0s)
Tip
Nb Tip removed: 0 (0s)
Nb errors removed: 1 (0s)
Superbubble
Nb superbubble removed: 0 0 (0s)
Tip
Nb Tip removed: 0 (0s)
Nb errors removed: 3 (0s)
Superbubble
Nb superbubble removed: 0 0 (0s)
Tip
Nb Tip removed: 0 (0s)
Nb errors removed: 1 (0s)
Superbubble
Nb superbubble removed: 0 0 (0s)
Tip
Nb Tip removed: 3 (0s)
Superbubble
Nb superbubble removed: 0 0 (0s)
Tip
Nb Tip removed: 0 (0s)
Nb errors removed: 1 (0s)
Superbubble
Nb superbubble removed: 0 0 (0s)
Tip
Nb Tip removed: 0 (0s)
Nb errors removed: 2 (0s)
Superbubble
Nb superbubble removed: 0 0 (0s)
Tip
Nb Tip removed: 0 (0s)
Nb errors removed: 1 (0s)
Superbubble
Nb superbubble removed: 0 0 (0s)
Tip
Nb Tip removed: 0 (0s)
Checksum: 0
Checksum abundnace: 0
Generating contigs
88.1976
45.2593
41.1448
37.4044
34.004
30.9127
28.1025
25.5477
23.2252
7.40025
5.05447
4.17725
3.13843
2.59374
2.14359
0


metaMDBG toMinspace  /var/folders/zg/vq0dnx517c54hg87dyqjky740000gn/T/.tmpMtxbLg/tmp/ /var/folders/zg/vq0dnx517c54hg87dyqjky740000gn/T/.tmpMtxbLg/tmp//contigs.nodepath /var/folders/zg/vq0dnx517c54hg87dyqjky740000gn/T/.tmpMtxbLg/tmp//unitig_data.txt --threads 10

Input dir: /var/folders/zg/vq0dnx517c54hg87dyqjky740000gn/T/.tmpMtxbLg/tmp/
Minimizer length: 15
Kminmer length: 5
Density: 0.005

Loading unitig sequences

Creating mContigs

Contig filename: /var/folders/zg/vq0dnx517c54hg87dyqjky740000gn/T/.tmpMtxbLg/tmp//unitig_data.txt
pass done: 5
Multi-k pass: 6/204


metaMDBG graph /var/folders/zg/vq0dnx517c54hg87dyqjky740000gn/T/.tmpMtxbLg/tmp/ --threads 10 --corrected-read 

Contig filename: 
Output dir: /var/folders/zg/vq0dnx517c54hg87dyqjky740000gn/T/.tmpMtxbLg/tmp/
Minimizer length: 15
Kminmer length: 6
Density: 0.005
Min abundance: 0

Loading refined abundances
	Duration: 0
Collecting kminmers
Building mdbg
Duration: 0
Nb solid kminmers: 25403
Nb small contigs written: 0
Dump kminmer abundances
	Duration: 0
Indexing edges
Edge index size: 25061
Edge index elements: 45243
	Duration: 0
Compute unitig nodes
	Duration: 0
Index unitig edges
	Duration: 0
Compute unitig edges
	Duration: 0
Dump unitig abundances
	Duration: 0
Nb edges:   0


metaMDBG contig  /var/folders/zg/vq0dnx517c54hg87dyqjky740000gn/T/.tmpMtxbLg/tmp/ --threads 10

Input dir: /var/folders/zg/vq0dnx517c54hg87dyqjky740000gn/T/.tmpMtxbLg/tmp/
Minimizer length: 15
Kminmer length: 6
Density: 0.005

Loading unitig graph
Load unitigs
Nb unitigs: 2367
Nb minimizers: 37238
Add unitig abundances
Sorting abundances
Add unitig edges
Nb unitig edges: 5528
Sorting unitig edges
Done loading unitig graph
Simplifying
Max abundance: 112
Nb unitigs: 2367
Superbubble
Nb superbubble removed: 526 0 (0s)
Tip
Nb Tip removed: 433 (0s)
Superbubble
Nb superbubble removed: 130 0 (0s)
Tip
Nb Tip removed: 0 (0s)
Nb errors removed: 589 (0s)
Superbubble
Nb superbubble removed: 8 0 (0s)
Tip
Nb Tip removed: 3 (0s)
Superbubble
Nb superbubble removed: 0 0 (0s)
Tip
Nb Tip removed: 0 (0s)
Nb errors removed: 22 (0s)
Superbubble
Nb superbubble removed: 0 0 (0s)
Tip
Nb Tip removed: 0 (0s)
Nb errors removed: 2 (0s)
Superbubble
Nb superbubble removed: 0 0 (0s)
Tip
Nb Tip removed: 0 (0s)
Nb errors removed: 2 (0s)
Superbubble
Nb superbubble removed: 0 0 (0s)
Tip
Nb Tip removed: 0 (0s)
Nb errors removed: 1 (0s)
Superbubble
Nb superbubble removed: 0 0 (0s)
Tip
Nb Tip removed: 0 (0s)
Nb errors removed: 1 (0s)
Superbubble
Nb superbubble removed: 0 0 (0s)
Tip
Nb Tip removed: 0 (0s)
Nb errors removed: 1 (0s)
Superbubble
Nb superbubble removed: 0 0 (0s)
Tip
Nb Tip removed: 0 (0s)
Nb errors removed: 5 (0s)
Superbubble
Nb superbubble removed: 0 0 (0s)
Tip
Nb Tip removed: 0 (0s)
Nb errors removed: 1 (0s)
Superbubble
Nb superbubble removed: 0 0 (0s)
Tip
Nb Tip removed: 0 (0s)
Nb errors removed: 3 (0s)
Superbubble
Nb superbubble removed: 0 0 (0s)
Tip
Nb Tip removed: 0 (0s)
Nb errors removed: 1 (0s)
Superbubble
Nb superbubble removed: 0 0 (0s)
Tip
Nb Tip removed: 2 (0s)
Superbubble
Nb superbubble removed: 0 0 (0s)
Tip
Nb Tip removed: 0 (0s)
Nb errors removed: 1 (0s)
Superbubble
Nb superbubble removed: 0 0 (0s)
Tip
Nb Tip removed: 0 (0s)
Nb errors removed: 2 (0s)
Superbubble
Nb superbubble removed: 0 0 (0s)
Tip
Nb Tip removed: 0 (0s)
Checksum: 0
Checksum abundnace: 0
Generating contigs
45.2593
41.1448
37.4044
34.004
30.9127
28.1025
25.5477
23.2252
7.40025
5.05447
4.17725
3.13843
2.14359
0


metaMDBG toMinspace  /var/folders/zg/vq0dnx517c54hg87dyqjky740000gn/T/.tmpMtxbLg/tmp/ /var/folders/zg/vq0dnx517c54hg87dyqjky740000gn/T/.tmpMtxbLg/tmp//contigs.nodepath /var/folders/zg/vq0dnx517c54hg87dyqjky740000gn/T/.tmpMtxbLg/tmp//unitig_data.txt --threads 10

Input dir: /var/folders/zg/vq0dnx517c54hg87dyqjky740000gn/T/.tmpMtxbLg/tmp/
Minimizer length: 15
Kminmer length: 6
Density: 0.005

Loading unitig sequences

Creating mContigs

Contig filename: /var/folders/zg/vq0dnx517c54hg87dyqjky740000gn/T/.tmpMtxbLg/tmp//unitig_data.txt
pass done: 6
Multi-k pass: 7/204


metaMDBG graph /var/folders/zg/vq0dnx517c54hg87dyqjky740000gn/T/.tmpMtxbLg/tmp/ --threads 10 --corrected-read 

Contig filename: 
Output dir: /var/folders/zg/vq0dnx517c54hg87dyqjky740000gn/T/.tmpMtxbLg/tmp/
Minimizer length: 15
Kminmer length: 7
Density: 0.005
Min abundance: 0

Loading refined abundances
	Duration: 0
Collecting kminmers
Building mdbg
Duration: 0
Nb solid kminmers: 25667
Nb small contigs written: 0
Dump kminmer abundances
	Duration: 0
Indexing edges
Edge index size: 25367
Edge index elements: 45430
	Duration: 0
Compute unitig nodes
	Duration: 0
Index unitig edges
	Duration: 0
Compute unitig edges
	Duration: 0
Dump unitig abundances
	Duration: 0
Nb edges:   0


metaMDBG contig  /var/folders/zg/vq0dnx517c54hg87dyqjky740000gn/T/.tmpMtxbLg/tmp/ --threads 10

Input dir: /var/folders/zg/vq0dnx517c54hg87dyqjky740000gn/T/.tmpMtxbLg/tmp/
Minimizer length: 15
Kminmer length: 7
Density: 0.005

Loading unitig graph
Load unitigs
Nb unitigs: 2254
Nb minimizers: 39191
Add unitig abundances
Sorting abundances
Add unitig edges
Nb unitig edges: 5200
Sorting unitig edges
Done loading unitig graph
Simplifying
Max abundance: 112
Nb unitigs: 2254
Superbubble
Nb superbubble removed: 502 0 (0s)
Tip
Nb Tip removed: 401 (0s)
Superbubble
Nb superbubble removed: 120 0 (0s)
Tip
Nb Tip removed: 0 (0s)
Nb errors removed: 577 (0s)
Superbubble
Nb superbubble removed: 6 0 (0s)
Tip
Nb Tip removed: 0 (0s)
Nb errors removed: 18 (0s)
Superbubble
Nb superbubble removed: 2 0 (0s)
Tip
Nb Tip removed: 0 (0s)
Nb errors removed: 2 (0s)
Superbubble
Nb superbubble removed: 0 0 (0s)
Tip
Nb Tip removed: 0 (0s)
Nb errors removed: 3 (0s)
Superbubble
Nb superbubble removed: 0 0 (0s)
Tip
Nb Tip removed: 0 (0s)
Nb errors removed: 1 (0s)
Superbubble
Nb superbubble removed: 0 0 (0s)
Tip
Nb Tip removed: 0 (0s)
Nb errors removed: 1 (0s)
Superbubble
Nb superbubble removed: 0 0 (0s)
Tip
Nb Tip removed: 0 (0s)
Nb errors removed: 3 (0s)
Superbubble
Nb superbubble removed: 0 0 (0s)
Tip
Nb Tip removed: 0 (0s)
Nb errors removed: 3 (0s)
Superbubble
Nb superbubble removed: 0 0 (0s)
Tip
Nb Tip removed: 1 (0s)
Superbubble
Nb superbubble removed: 0 0 (0s)
Tip
Nb Tip removed: 0 (0s)
Nb errors removed: 1 (0s)
Superbubble
Nb superbubble removed: 0 0 (0s)
Tip
Nb Tip removed: 0 (0s)
Nb errors removed: 2 (0s)
Superbubble
Nb superbubble removed: 0 0 (0s)
Tip
Nb Tip removed: 0 (0s)
Nb errors removed: 2 (0s)
Superbubble
Nb superbubble removed: 0 0 (0s)
Tip
Nb Tip removed: 0 (0s)
Nb errors removed: 2 (0s)
Superbubble
Nb superbubble removed: 0 0 (0s)
Tip
Nb Tip removed: 0 (0s)
Checksum: 0
Checksum abundnace: 0
Generating contigs
72.8905
45.2593
34.004
30.9127
28.1025
25.5477
23.2252
7.40025
5.05447
4.17725
3.13843
2.14359
0


metaMDBG toMinspace  /var/folders/zg/vq0dnx517c54hg87dyqjky740000gn/T/.tmpMtxbLg/tmp/ /var/folders/zg/vq0dnx517c54hg87dyqjky740000gn/T/.tmpMtxbLg/tmp//contigs.nodepath /var/folders/zg/vq0dnx517c54hg87dyqjky740000gn/T/.tmpMtxbLg/tmp//unitig_data.txt --threads 10

Input dir: /var/folders/zg/vq0dnx517c54hg87dyqjky740000gn/T/.tmpMtxbLg/tmp/
Minimizer length: 15
Kminmer length: 7
Density: 0.005

Loading unitig sequences

Creating mContigs

Contig filename: /var/folders/zg/vq0dnx517c54hg87dyqjky740000gn/T/.tmpMtxbLg/tmp//unitig_data.txt
pass done: 7
Multi-k pass: 8/204


metaMDBG graph /var/folders/zg/vq0dnx517c54hg87dyqjky740000gn/T/.tmpMtxbLg/tmp/ --threads 10 --corrected-read 

Contig filename: 
Output dir: /var/folders/zg/vq0dnx517c54hg87dyqjky740000gn/T/.tmpMtxbLg/tmp/
Minimizer length: 15
Kminmer length: 8
Density: 0.005
Min abundance: 0

Loading refined abundances
	Duration: 0
Collecting kminmers
Building mdbg
Duration: 0
Nb solid kminmers: 25881
Nb small contigs written: 0
Dump kminmer abundances
	Duration: 0
Indexing edges
Edge index size: 25636
Edge index elements: 46019
	Duration: 0
Compute unitig nodes
	Duration: 0
Index unitig edges
	Duration: 0
Compute unitig edges
	Duration: 0
Dump unitig abundances
	Duration: 0
Nb edges:   0


metaMDBG contig  /var/folders/zg/vq0dnx517c54hg87dyqjky740000gn/T/.tmpMtxbLg/tmp/ --threads 10

Input dir: /var/folders/zg/vq0dnx517c54hg87dyqjky740000gn/T/.tmpMtxbLg/tmp/
Minimizer length: 15
Kminmer length: 8
Density: 0.005

Loading unitig graph
Load unitigs
Nb unitigs: 2146
Nb minimizers: 40903
Add unitig abundances
Sorting abundances
Add unitig edges
Nb unitig edges: 4854
Sorting unitig edges
Done loading unitig graph
Simplifying
Max abundance: 112
Nb unitigs: 2146
Superbubble
Nb superbubble removed: 478 0 (0s)
Tip
Nb Tip removed: 375 (0s)
Superbubble
Nb superbubble removed: 116 0 (0s)
Tip
Nb Tip removed: 0 (0s)
Nb errors removed: 552 (0s)
Superbubble
Nb superbubble removed: 4 0 (0s)
Tip
Nb Tip removed: 0 (0s)
Nb errors removed: 19 (0s)
Superbubble
Nb superbubble removed: 2 0 (0s)
Tip
Nb Tip removed: 0 (0s)
Nb errors removed: 3 (0s)
Superbubble
Nb superbubble removed: 0 0 (0s)
Tip
Nb Tip removed: 0 (0s)
Nb errors removed: 3 (0s)
Superbubble
Nb superbubble removed: 0 0 (0s)
Tip
Nb Tip removed: 0 (0s)
Nb errors removed: 1 (0s)
Superbubble
Nb superbubble removed: 0 0 (0s)
Tip
Nb Tip removed: 0 (0s)
Nb errors removed: 1 (0s)
Superbubble
Nb superbubble removed: 0 0 (0s)
Tip
Nb Tip removed: 0 (0s)
Nb errors removed: 1 (0s)
Superbubble
Nb superbubble removed: 2 0 (0s)
Tip
Nb Tip removed: 0 (0s)
Nb errors removed: 1 (0s)
Superbubble
Nb superbubble removed: 0 0 (0s)
Tip
Nb Tip removed: 0 (0s)
Nb errors removed: 3 (0s)
Superbubble
Nb superbubble removed: 0 0 (0s)
Tip
Nb Tip removed: 0 (0s)
Nb errors removed: 3 (0s)
Superbubble
Nb superbubble removed: 0 0 (0s)
Tip
Nb Tip removed: 1 (0s)
Superbubble
Nb superbubble removed: 0 0 (0s)
Tip
Nb Tip removed: 0 (0s)
Nb errors removed: 1 (0s)
Superbubble
Nb superbubble removed: 0 0 (0s)
Tip
Nb Tip removed: 0 (0s)
Nb errors removed: 2 (0s)
Superbubble
Nb superbubble removed: 0 0 (0s)
Tip
Nb Tip removed: 0 (0s)
Nb errors removed: 2 (0s)
Superbubble
Nb superbubble removed: 0 0 (0s)
Tip
Nb Tip removed: 0 (0s)
Nb errors removed: 2 (0s)
Superbubble
Nb superbubble removed: 0 0 (0s)
Tip
Nb Tip removed: 0 (0s)
Checksum: 0
Checksum abundnace: 0
Generating contigs
72.8905
45.2593
34.004
30.9127
28.1025
25.5477
23.2252
10.8347
7.40025
6.11591
5.05447
4.17725
3.13843
2.14359
0


metaMDBG toMinspace  /var/folders/zg/vq0dnx517c54hg87dyqjky740000gn/T/.tmpMtxbLg/tmp/ /var/folders/zg/vq0dnx517c54hg87dyqjky740000gn/T/.tmpMtxbLg/tmp//contigs.nodepath /var/folders/zg/vq0dnx517c54hg87dyqjky740000gn/T/.tmpMtxbLg/tmp//unitig_data.txt --threads 10

Input dir: /var/folders/zg/vq0dnx517c54hg87dyqjky740000gn/T/.tmpMtxbLg/tmp/
Minimizer length: 15
Kminmer length: 8
Density: 0.005

Loading unitig sequences

Creating mContigs

Contig filename: /var/folders/zg/vq0dnx517c54hg87dyqjky740000gn/T/.tmpMtxbLg/tmp//unitig_data.txt
pass done: 8
Multi-k pass: 9/204


metaMDBG graph /var/folders/zg/vq0dnx517c54hg87dyqjky740000gn/T/.tmpMtxbLg/tmp/ --threads 10 --corrected-read 

Contig filename: 
Output dir: /var/folders/zg/vq0dnx517c54hg87dyqjky740000gn/T/.tmpMtxbLg/tmp/
Minimizer length: 15
Kminmer length: 9
Density: 0.005
Min abundance: 0

Loading refined abundances
	Duration: 0
Collecting kminmers
Building mdbg
Duration: 0
Nb solid kminmers: 26073
Nb small contigs written: 0
Dump kminmer abundances
	Duration: 0
Indexing edges
Edge index size: 25847
Edge index elements: 46222
	Duration: 0
Compute unitig nodes
	Duration: 0
Index unitig edges
	Duration: 0
Compute unitig edges
	Duration: 0
Dump unitig abundances
	Duration: 0
Nb edges:   0


metaMDBG contig  /var/folders/zg/vq0dnx517c54hg87dyqjky740000gn/T/.tmpMtxbLg/tmp/ --threads 10

Input dir: /var/folders/zg/vq0dnx517c54hg87dyqjky740000gn/T/.tmpMtxbLg/tmp/
Minimizer length: 15
Kminmer length: 9
Density: 0.005

Loading unitig graph
Load unitigs
Nb unitigs: 2060
Nb minimizers: 42553
Add unitig abundances
Sorting abundances
Add unitig edges
Nb unitig edges: 4640
Sorting unitig edges
Done loading unitig graph
Simplifying
Max abundance: 112
Nb unitigs: 2060
Superbubble
Nb superbubble removed: 442 0 (0s)
Tip
Nb Tip removed: 363 (0s)
Superbubble
Nb superbubble removed: 116 0 (0s)
Tip
Nb Tip removed: 0 (0s)
Nb errors removed: 539 (0s)
Superbubble
Nb superbubble removed: 0 0 (0s)
Tip
Nb Tip removed: 0 (0s)
Nb errors removed: 18 (0s)
Superbubble
Nb superbubble removed: 2 0 (0s)
Tip
Nb Tip removed: 0 (0s)
Nb errors removed: 3 (0s)
Superbubble
Nb superbubble removed: 0 0 (0s)
Tip
Nb Tip removed: 0 (0s)
Nb errors removed: 2 (0s)
Superbubble
Nb superbubble removed: 0 0 (0s)
Tip
Nb Tip removed: 0 (0s)
Nb errors removed: 1 (0s)
Superbubble
Nb superbubble removed: 0 0 (0s)
Tip
Nb Tip removed: 0 (0s)
Nb errors removed: 2 (0s)
Superbubble
Nb superbubble removed: 0 0 (0s)
Tip
Nb Tip removed: 0 (0s)
Nb errors removed: 1 (0s)
Superbubble
Nb superbubble removed: 2 0 (0s)
Tip
Nb Tip removed: 0 (0s)
Nb errors removed: 1 (0s)
Superbubble
Nb superbubble removed: 0 0 (0s)
Tip
Nb Tip removed: 0 (0s)
Nb errors removed: 3 (0s)
Superbubble
Nb superbubble removed: 0 0 (0s)
Tip
Nb Tip removed: 0 (0s)
Nb errors removed: 3 (0s)
Superbubble
Nb superbubble removed: 0 0 (0s)
Tip
Nb Tip removed: 0 (0s)
Nb errors removed: 1 (0s)
Superbubble
Nb superbubble removed: 0 0 (0s)
Tip
Nb Tip removed: 0 (0s)
Nb errors removed: 2 (0s)
Superbubble
Nb superbubble removed: 0 0 (0s)
Tip
Nb Tip removed: 0 (0s)
Nb errors removed: 2 (0s)
Superbubble
Nb superbubble removed: 0 0 (0s)
Tip
Nb Tip removed: 0 (0s)
Nb errors removed: 1 (0s)
Superbubble
Nb superbubble removed: 0 0 (0s)
Tip
Nb Tip removed: 0 (0s)
Checksum: 0
Checksum abundnace: 0
Generating contigs
72.8905
45.2593
34.004
30.9127
28.1025
25.5477
23.2252
10.8347
7.40025
6.11591
5.05447
4.17725
3.13843
2.14359
0


metaMDBG toMinspace  /var/folders/zg/vq0dnx517c54hg87dyqjky740000gn/T/.tmpMtxbLg/tmp/ /var/folders/zg/vq0dnx517c54hg87dyqjky740000gn/T/.tmpMtxbLg/tmp//contigs.nodepath /var/folders/zg/vq0dnx517c54hg87dyqjky740000gn/T/.tmpMtxbLg/tmp//unitig_data.txt --threads 10

Input dir: /var/folders/zg/vq0dnx517c54hg87dyqjky740000gn/T/.tmpMtxbLg/tmp/
Minimizer length: 15
Kminmer length: 9
Density: 0.005

Loading unitig sequences

Creating mContigs

Contig filename: /var/folders/zg/vq0dnx517c54hg87dyqjky740000gn/T/.tmpMtxbLg/tmp//unitig_data.txt
pass done: 9
Multi-k pass: 10/204


metaMDBG graph /var/folders/zg/vq0dnx517c54hg87dyqjky740000gn/T/.tmpMtxbLg/tmp/ --threads 10 --corrected-read 

Contig filename: 
Output dir: /var/folders/zg/vq0dnx517c54hg87dyqjky740000gn/T/.tmpMtxbLg/tmp/
Minimizer length: 15
Kminmer length: 10
Density: 0.005
Min abundance: 0

Loading refined abundances
	Duration: 0
Collecting kminmers
Building mdbg
Duration: 0
Nb solid kminmers: 26258
Nb small contigs written: 0
Dump kminmer abundances
	Duration: 0
Indexing edges
Edge index size: 26040
Edge index elements: 46844
	Duration: 0
Compute unitig nodes
	Duration: 0
Index unitig edges
	Duration: 0
Compute unitig edges
	Duration: 0
Dump unitig abundances
	Duration: 0
Nb edges:   0


metaMDBG contig  /var/folders/zg/vq0dnx517c54hg87dyqjky740000gn/T/.tmpMtxbLg/tmp/ --threads 10

Input dir: /var/folders/zg/vq0dnx517c54hg87dyqjky740000gn/T/.tmpMtxbLg/tmp/
Minimizer length: 15
Kminmer length: 10
Density: 0.005

Loading unitig graph
Load unitigs
Nb unitigs: 1995
Nb minimizers: 44213
Add unitig abundances
Sorting abundances
Add unitig edges
Nb unitig edges: 4468
Sorting unitig edges
Done loading unitig graph
Simplifying
Max abundance: 112
Nb unitigs: 1995
Superbubble
Nb superbubble removed: 426 0 (0s)
Tip
Nb Tip removed: 340 (0s)
Superbubble
Nb superbubble removed: 110 0 (0s)
Tip
Nb Tip removed: 0 (0s)
Nb errors removed: 506 (0s)
Superbubble
Nb superbubble removed: 0 0 (0s)
Tip
Nb Tip removed: 0 (0s)
Nb errors removed: 21 (0s)
Superbubble
Nb superbubble removed: 2 0 (0s)
Tip
Nb Tip removed: 0 (0s)
Nb errors removed: 4 (0s)
Superbubble
Nb superbubble removed: 0 0 (0s)
Tip
Nb Tip removed: 0 (0s)
Nb errors removed: 2 (0s)
Superbubble
Nb superbubble removed: 0 0 (0s)
Tip
Nb Tip removed: 0 (0s)
Nb errors removed: 1 (0s)
Superbubble
Nb superbubble removed: 0 0 (0s)
Tip
Nb Tip removed: 0 (0s)
Nb errors removed: 2 (0s)
Superbubble
Nb superbubble removed: 0 0 (0s)
Tip
Nb Tip removed: 0 (0s)
Nb errors removed: 1 (0s)
Superbubble
Nb superbubble removed: 2 0 (0s)
Tip
Nb Tip removed: 0 (0s)
Nb errors removed: 1 (0s)
Superbubble
Nb superbubble removed: 0 0 (0s)
Tip
Nb Tip removed: 0 (0s)
Nb errors removed: 5 (0s)
Superbubble
Nb superbubble removed: 0 0 (0s)
Tip
Nb Tip removed: 0 (0s)
Nb errors removed: 1 (0s)
Superbubble
Nb superbubble removed: 0 0 (0s)
Tip
Nb Tip removed: 0 (0s)
Nb errors removed: 1 (0s)
Superbubble
Nb superbubble removed: 0 0 (0s)
Tip
Nb Tip removed: 0 (0s)
Nb errors removed: 2 (0s)
Superbubble
Nb superbubble removed: 0 0 (0s)
Tip
Nb Tip removed: 0 (0s)
Nb errors removed: 2 (0s)
Superbubble
Nb superbubble removed: 0 0 (0s)
Tip
Nb Tip removed: 0 (0s)
Nb errors removed: 1 (0s)
Superbubble
Nb superbubble removed: 0 0 (0s)
Tip
Nb Tip removed: 0 (0s)
Nb errors removed: 1 (0s)
Superbubble
Nb superbubble removed: 0 0 (0s)
Tip
Nb Tip removed: 0 (0s)
Checksum: 0
Checksum abundnace: 0
Generating contigs
117.391
72.8905
45.2593
34.004
30.9127
28.1025
25.5477
23.2252
10.8347
7.40025
6.11591
5.05447
4.17725
3.13843
2.14359
0


metaMDBG toMinspace  /var/folders/zg/vq0dnx517c54hg87dyqjky740000gn/T/.tmpMtxbLg/tmp/ /var/folders/zg/vq0dnx517c54hg87dyqjky740000gn/T/.tmpMtxbLg/tmp//contigs.nodepath /var/folders/zg/vq0dnx517c54hg87dyqjky740000gn/T/.tmpMtxbLg/tmp//unitig_data.txt --threads 10

Input dir: /var/folders/zg/vq0dnx517c54hg87dyqjky740000gn/T/.tmpMtxbLg/tmp/
Minimizer length: 15
Kminmer length: 10
Density: 0.005

Loading unitig sequences

Creating mContigs

Contig filename: /var/folders/zg/vq0dnx517c54hg87dyqjky740000gn/T/.tmpMtxbLg/tmp//unitig_data.txt
pass done: 10
Multi-k pass: 11/204


metaMDBG graph /var/folders/zg/vq0dnx517c54hg87dyqjky740000gn/T/.tmpMtxbLg/tmp/ --threads 10 --corrected-read 

Contig filename: 
Output dir: /var/folders/zg/vq0dnx517c54hg87dyqjky740000gn/T/.tmpMtxbLg/tmp/
Minimizer length: 15
Kminmer length: 11
Density: 0.005
Min abundance: 0

Loading refined abundances
	Duration: 0
Collecting kminmers
Building mdbg
Duration: 0
Nb solid kminmers: 26445
Nb small contigs written: 0
Dump kminmer abundances
	Duration: 0
Indexing edges
Edge index size: 26236
Edge index elements: 46895
	Duration: 0
Compute unitig nodes
	Duration: 0
Index unitig edges
	Duration: 0
Compute unitig edges
	Duration: 0
Dump unitig abundances
	Duration: 0
Nb edges:   0


metaMDBG contig  /var/folders/zg/vq0dnx517c54hg87dyqjky740000gn/T/.tmpMtxbLg/tmp/ --threads 10 --gen-graph 

Input dir: /var/folders/zg/vq0dnx517c54hg87dyqjky740000gn/T/.tmpMtxbLg/tmp/
Minimizer length: 15
Kminmer length: 11
Density: 0.005

Loading unitig graph
Load unitigs
Nb unitigs: 1934
Nb minimizers: 45785
Add unitig abundances
Sorting abundances
Add unitig edges
Nb unitig edges: 4336
Sorting unitig edges
Done loading unitig graph
Simplifying
Max abundance: 112
Nb unitigs: 1934
Superbubble
Nb superbubble removed: 398 0 (0s)
Tip
Nb Tip removed: 330 (0s)
Superbubble
Nb superbubble removed: 120 0 (0s)
Tip
Nb Tip removed: 0 (0s)
Saving unitig graph: /var/folders/zg/vq0dnx517c54hg87dyqjky740000gn/T/.tmpMtxbLg/tmp//assembly_graph.gfa
Nb errors removed: 489 (0s)
Superbubble
Nb superbubble removed: 0 0 (0s)
Tip
Nb Tip removed: 0 (0s)
Nb errors removed: 25 (0s)
Superbubble
Nb superbubble removed: 2 0 (0s)
Tip
Nb Tip removed: 0 (0s)
Nb errors removed: 5 (0s)
Superbubble
Nb superbubble removed: 0 0 (0s)
Tip
Nb Tip removed: 0 (0s)
Nb errors removed: 1 (0s)
Superbubble
Nb superbubble removed: 0 0 (0s)
Tip
Nb Tip removed: 0 (0s)
Nb errors removed: 2 (0s)
Superbubble
Nb superbubble removed: 0 0 (0s)
Tip
Nb Tip removed: 0 (0s)
Nb errors removed: 1 (0s)
Superbubble
Nb superbubble removed: 0 0 (0s)
Tip
Nb Tip removed: 0 (0s)
Nb errors removed: 2 (0s)
Superbubble
Nb superbubble removed: 0 0 (0s)
Tip
Nb Tip removed: 0 (0s)
Nb errors removed: 1 (0s)
Superbubble
Nb superbubble removed: 2 0 (0s)
Tip
Nb Tip removed: 0 (0s)
Nb errors removed: 1 (0s)
Superbubble
Nb superbubble removed: 0 0 (0s)
Tip
Nb Tip removed: 0 (0s)
Nb errors removed: 5 (0s)
Superbubble
Nb superbubble removed: 0 0 (0s)
Tip
Nb Tip removed: 0 (0s)
Nb errors removed: 1 (0s)
Superbubble
Nb superbubble removed: 0 0 (0s)
Tip
Nb Tip removed: 0 (0s)
Nb errors removed: 1 (0s)
Superbubble
Nb superbubble removed: 0 0 (0s)
Tip
Nb Tip removed: 0 (0s)
Nb errors removed: 2 (0s)
Superbubble
Nb superbubble removed: 0 0 (0s)
Tip
Nb Tip removed: 0 (0s)
Nb errors removed: 2 (0s)
Superbubble
Nb superbubble removed: 0 0 (0s)
Tip
Nb Tip removed: 0 (0s)
Nb errors removed: 1 (0s)
Superbubble
Nb superbubble removed: 0 0 (0s)
Tip
Nb Tip removed: 0 (0s)
Nb errors removed: 1 (0s)
Superbubble
Nb superbubble removed: 0 0 (0s)
Tip
Nb Tip removed: 0 (0s)
Checksum: 0
Checksum abundnace: 0
Generating contigs
117.391
72.8905
45.2593
34.004
30.9127
28.1025
25.5477
23.2252
10.8347
7.40025
6.11591
5.05447
4.59497
4.17725
3.13843
2.14359
0


metaMDBG toMinspace  /var/folders/zg/vq0dnx517c54hg87dyqjky740000gn/T/.tmpMtxbLg/tmp/ /var/folders/zg/vq0dnx517c54hg87dyqjky740000gn/T/.tmpMtxbLg/tmp//contigs.nodepath /var/folders/zg/vq0dnx517c54hg87dyqjky740000gn/T/.tmpMtxbLg/tmp//unitig_data.txt --threads 10

Input dir: /var/folders/zg/vq0dnx517c54hg87dyqjky740000gn/T/.tmpMtxbLg/tmp/
Minimizer length: 15
Kminmer length: 11
Density: 0.005

Loading unitig sequences

Creating mContigs

Contig filename: /var/folders/zg/vq0dnx517c54hg87dyqjky740000gn/T/.tmpMtxbLg/tmp//unitig_data.txt


metaMDBG toMinspace  /var/folders/zg/vq0dnx517c54hg87dyqjky740000gn/T/.tmpMtxbLg/tmp/ /var/folders/zg/vq0dnx517c54hg87dyqjky740000gn/T/.tmpMtxbLg/tmp//assembly_graph.gfa.unitigs.nodepath /var/folders/zg/vq0dnx517c54hg87dyqjky740000gn/T/.tmpMtxbLg/tmp//assembly_graph.gfa.unitigs --threads 10

Input dir: /var/folders/zg/vq0dnx517c54hg87dyqjky740000gn/T/.tmpMtxbLg/tmp/
Minimizer length: 15
Kminmer length: 11
Density: 0.005

Loading unitig sequences

Creating mContigs

Contig filename: /var/folders/zg/vq0dnx517c54hg87dyqjky740000gn/T/.tmpMtxbLg/tmp//assembly_graph.gfa.unitigs
pass done: 11
Multi-k pass: 12/204


metaMDBG graph /var/folders/zg/vq0dnx517c54hg87dyqjky740000gn/T/.tmpMtxbLg/tmp/ --threads 10 --corrected-read 

Contig filename: 
Output dir: /var/folders/zg/vq0dnx517c54hg87dyqjky740000gn/T/.tmpMtxbLg/tmp/
Minimizer length: 15
Kminmer length: 12
Density: 0.005
Min abundance: 0

Loading refined abundances
	Duration: 0
Collecting kminmers
Building mdbg
Duration: 0
Nb solid kminmers: 26620
Nb small contigs written: 0
Dump kminmer abundances
	Duration: 0
Indexing edges
Edge index size: 26430
Edge index elements: 47146
	Duration: 0
Compute unitig nodes
	Duration: 0
Index unitig edges
	Duration: 0
Compute unitig edges
	Duration: 0
Dump unitig abundances
	Duration: 0
Nb edges:   0


metaMDBG contig  /var/folders/zg/vq0dnx517c54hg87dyqjky740000gn/T/.tmpMtxbLg/tmp/ --threads 10

Input dir: /var/folders/zg/vq0dnx517c54hg87dyqjky740000gn/T/.tmpMtxbLg/tmp/
Minimizer length: 15
Kminmer length: 12
Density: 0.005

Loading unitig graph
Load unitigs
Nb unitigs: 1902
Nb minimizers: 47542
Add unitig abundances
Sorting abundances
Add unitig edges
Nb unitig edges: 4226
Sorting unitig edges
Done loading unitig graph
Simplifying
Max abundance: 112
Nb unitigs: 1902
Superbubble
Nb superbubble removed: 378 0 (0s)
Tip
Nb Tip removed: 323 (0s)
Superbubble
Nb superbubble removed: 116 0 (0s)
Tip
Nb Tip removed: 0 (0s)
Nb errors removed: 494 (0s)
Superbubble
Nb superbubble removed: 0 0 (0s)
Tip
Nb Tip removed: 1 (0s)
Superbubble
Nb superbubble removed: 2 0 (0s)
Tip
Nb Tip removed: 0 (0s)
Nb errors removed: 27 (0s)
Superbubble
Nb superbubble removed: 2 0 (0s)
Tip
Nb Tip removed: 0 (0s)
Nb errors removed: 5 (0s)
Superbubble
Nb superbubble removed: 0 0 (0s)
Tip
Nb Tip removed: 0 (0s)
Nb errors removed: 3 (0s)
Superbubble
Nb superbubble removed: 0 0 (0s)
Tip
Nb Tip removed: 0 (0s)
Nb errors removed: 1 (0s)
Superbubble
Nb superbubble removed: 0 0 (0s)
Tip
Nb Tip removed: 0 (0s)
Nb errors removed: 1 (0s)
Superbubble
Nb superbubble removed: 0 0 (0s)
Tip
Nb Tip removed: 0 (0s)
Nb errors removed: 1 (0s)
Superbubble
Nb superbubble removed: 0 0 (0s)
Tip
Nb Tip removed: 0 (0s)
Nb errors removed: 1 (0s)
Superbubble
Nb superbubble removed: 0 0 (0s)
Tip
Nb Tip removed: 0 (0s)
Nb errors removed: 4 (0s)
Superbubble
Nb superbubble removed: 0 0 (0s)
Tip
Nb Tip removed: 0 (0s)
Nb errors removed: 1 (0s)
Superbubble
Nb superbubble removed: 0 0 (0s)
Tip
Nb Tip removed: 0 (0s)
Nb errors removed: 1 (0s)
Superbubble
Nb superbubble removed: 0 0 (0s)
Tip
Nb Tip removed: 0 (0s)
Nb errors removed: 2 (0s)
Superbubble
Nb superbubble removed: 0 0 (0s)
Tip
Nb Tip removed: 1 (0s)
Superbubble
Nb superbubble removed: 0 0 (0s)
Tip
Nb Tip removed: 0 (0s)
Nb errors removed: 2 (0s)
Superbubble
Nb superbubble removed: 0 0 (0s)
Tip
Nb Tip removed: 0 (0s)
Nb errors removed: 1 (0s)
Superbubble
Nb superbubble removed: 0 0 (0s)
Tip
Nb Tip removed: 0 (0s)
Nb errors removed: 1 (0s)
Superbubble
Nb superbubble removed: 0 0 (0s)
Tip
Nb Tip removed: 0 (0s)
Nb errors removed: 2 (0s)
Superbubble
Nb superbubble removed: 0 0 (0s)
Tip
Nb Tip removed: 0 (0s)
Checksum: 0
Checksum abundnace: 0
Generating contigs
117.391
72.8905
54.7637
45.2593
34.004
30.9127
28.1025
25.5477
23.2252
10.8347
7.40025
6.11591
5.05447
4.17725
3.13843
2.14359
0


metaMDBG toMinspace  /var/folders/zg/vq0dnx517c54hg87dyqjky740000gn/T/.tmpMtxbLg/tmp/ /var/folders/zg/vq0dnx517c54hg87dyqjky740000gn/T/.tmpMtxbLg/tmp//contigs.nodepath /var/folders/zg/vq0dnx517c54hg87dyqjky740000gn/T/.tmpMtxbLg/tmp//unitig_data.txt --threads 10

Input dir: /var/folders/zg/vq0dnx517c54hg87dyqjky740000gn/T/.tmpMtxbLg/tmp/
Minimizer length: 15
Kminmer length: 12
Density: 0.005

Loading unitig sequences

Creating mContigs

Contig filename: /var/folders/zg/vq0dnx517c54hg87dyqjky740000gn/T/.tmpMtxbLg/tmp//unitig_data.txt
pass done: 12
Multi-k pass: 13/204


metaMDBG graph /var/folders/zg/vq0dnx517c54hg87dyqjky740000gn/T/.tmpMtxbLg/tmp/ --threads 10 --corrected-read 

Contig filename: 
Output dir: /var/folders/zg/vq0dnx517c54hg87dyqjky740000gn/T/.tmpMtxbLg/tmp/
Minimizer length: 15
Kminmer length: 13
Density: 0.005
Min abundance: 0

Loading refined abundances
	Duration: 0
Collecting kminmers
Building mdbg
Duration: 0
Nb solid kminmers: 26785
Nb small contigs written: 0
Dump kminmer abundances
	Duration: 0
Indexing edges
Edge index size: 26594
Edge index elements: 47454
	Duration: 0
Compute unitig nodes
	Duration: 0
Index unitig edges
	Duration: 0
Compute unitig edges
	Duration: 0
Dump unitig abundances
	Duration: 0
Nb edges:   0


metaMDBG contig  /var/folders/zg/vq0dnx517c54hg87dyqjky740000gn/T/.tmpMtxbLg/tmp/ --threads 10

Input dir: /var/folders/zg/vq0dnx517c54hg87dyqjky740000gn/T/.tmpMtxbLg/tmp/
Minimizer length: 15
Kminmer length: 13
Density: 0.005

Loading unitig graph
Load unitigs
Nb unitigs: 1854
Nb minimizers: 49033
Add unitig abundances
Sorting abundances
Add unitig edges
Nb unitig edges: 4136
Sorting unitig edges
Done loading unitig graph
Simplifying
Max abundance: 112
Nb unitigs: 1854
Superbubble
Nb superbubble removed: 364 0 (0s)
Tip
Nb Tip removed: 311 (0s)
Superbubble
Nb superbubble removed: 114 0 (0s)
Tip
Nb Tip removed: 0 (0s)
Nb errors removed: 468 (0s)
Superbubble
Nb superbubble removed: 0 0 (0s)
Tip
Nb Tip removed: 0 (0s)
Nb errors removed: 1 (0s)
Superbubble
Nb superbubble removed: 0 0 (0s)
Tip
Nb Tip removed: 0 (0s)
Nb errors removed: 26 (0s)
Superbubble
Nb superbubble removed: 0 0 (0s)
Tip
Nb Tip removed: 0 (0s)
Nb errors removed: 4 (0s)
Superbubble
Nb superbubble removed: 0 0 (0s)
Tip
Nb Tip removed: 0 (0s)
Nb errors removed: 6 (0s)
Superbubble
Nb superbubble removed: 0 0 (0s)
Tip
Nb Tip removed: 0 (0s)
Nb errors removed: 1 (0s)
Superbubble
Nb superbubble removed: 0 0 (0s)
Tip
Nb Tip removed: 0 (0s)
Nb errors removed: 1 (0s)
Superbubble
Nb superbubble removed: 0 0 (0s)
Tip
Nb Tip removed: 0 (0s)
Nb errors removed: 1 (0s)
Superbubble
Nb superbubble removed: 0 0 (0s)
Tip
Nb Tip removed: 0 (0s)
Nb errors removed: 1 (0s)
Superbubble
Nb superbubble removed: 0 0 (0s)
Tip
Nb Tip removed: 0 (0s)
Nb errors removed: 4 (0s)
Superbubble
Nb superbubble removed: 0 0 (0s)
Tip
Nb Tip removed: 0 (0s)
Nb errors removed: 1 (0s)
Superbubble
Nb superbubble removed: 0 0 (0s)
Tip
Nb Tip removed: 0 (0s)
Nb errors removed: 1 (0s)
Superbubble
Nb superbubble removed: 0 0 (0s)
Tip
Nb Tip removed: 0 (0s)
Nb errors removed: 2 (0s)
Superbubble
Nb superbubble removed: 0 0 (0s)
Tip
Nb Tip removed: 1 (0s)
Superbubble
Nb superbubble removed: 0 0 (0s)
Tip
Nb Tip removed: 0 (0s)
Nb errors removed: 2 (0s)
Superbubble
Nb superbubble removed: 0 0 (0s)
Tip
Nb Tip removed: 0 (0s)
Nb errors removed: 1 (0s)
Superbubble
Nb superbubble removed: 0 0 (0s)
Tip
Nb Tip removed: 0 (0s)
Nb errors removed: 1 (0s)
Superbubble
Nb superbubble removed: 0 0 (0s)
Tip
Nb Tip removed: 0 (0s)
Nb errors removed: 2 (0s)
Superbubble
Nb superbubble removed: 0 0 (0s)
Tip
Nb Tip removed: 0 (0s)
Checksum: 0
Checksum abundnace: 0
Generating contigs
117.391
72.8905
54.7637
45.2593
34.004
30.9127
28.1025
25.5477
23.2252
10.8347
7.40025
6.11591
5.05447
4.17725
3.13843
2.59374
2.14359
0


metaMDBG toMinspace  /var/folders/zg/vq0dnx517c54hg87dyqjky740000gn/T/.tmpMtxbLg/tmp/ /var/folders/zg/vq0dnx517c54hg87dyqjky740000gn/T/.tmpMtxbLg/tmp//contigs.nodepath /var/folders/zg/vq0dnx517c54hg87dyqjky740000gn/T/.tmpMtxbLg/tmp//unitig_data.txt --threads 10

Input dir: /var/folders/zg/vq0dnx517c54hg87dyqjky740000gn/T/.tmpMtxbLg/tmp/
Minimizer length: 15
Kminmer length: 13
Density: 0.005

Loading unitig sequences

Creating mContigs

Contig filename: /var/folders/zg/vq0dnx517c54hg87dyqjky740000gn/T/.tmpMtxbLg/tmp//unitig_data.txt
pass done: 13
Multi-k pass: 14/204


metaMDBG graph /var/folders/zg/vq0dnx517c54hg87dyqjky740000gn/T/.tmpMtxbLg/tmp/ --threads 10 --corrected-read 

Contig filename: 
Output dir: /var/folders/zg/vq0dnx517c54hg87dyqjky740000gn/T/.tmpMtxbLg/tmp/
Minimizer length: 15
Kminmer length: 14
Density: 0.005
Min abundance: 0

Loading refined abundances
	Duration: 0
Collecting kminmers
Building mdbg
Duration: 10
Nb solid kminmers: 26949
Nb small contigs written: 0
Dump kminmer abundances
	Duration: 0
Indexing edges
Edge index size: 26762
Edge index elements: 47908
	Duration: 0
Compute unitig nodes
	Duration: 0
Index unitig edges
	Duration: 0
Compute unitig edges
	Duration: 0
Dump unitig abundances
	Duration: 0
Nb edges:   0


metaMDBG contig  /var/folders/zg/vq0dnx517c54hg87dyqjky740000gn/T/.tmpMtxbLg/tmp/ --threads 10

Input dir: /var/folders/zg/vq0dnx517c54hg87dyqjky740000gn/T/.tmpMtxbLg/tmp/
Minimizer length: 15
Kminmer length: 14
Density: 0.005

Loading unitig graph
Load unitigs
Nb unitigs: 1817
Nb minimizers: 50570
Add unitig abundances
Sorting abundances
Add unitig edges
Nb unitig edges: 4034
Sorting unitig edges
Done loading unitig graph
Simplifying
Max abundance: 112
Nb unitigs: 1817
Superbubble
Nb superbubble removed: 352 0 (0s)
Tip
Nb Tip removed: 300 (0s)
Superbubble
Nb superbubble removed: 112 0 (0s)
Tip
Nb Tip removed: 0 (0s)
Nb errors removed: 451 (0s)
Superbubble
Nb superbubble removed: 0 0 (0s)
Tip
Nb Tip removed: 0 (0s)
Nb errors removed: 27 (0s)
Superbubble
Nb superbubble removed: 0 0 (0s)
Tip
Nb Tip removed: 0 (0s)
Nb errors removed: 4 (0s)
Superbubble
Nb superbubble removed: 0 0 (0s)
Tip
Nb Tip removed: 0 (0s)
Nb errors removed: 6 (0s)
Superbubble
Nb superbubble removed: 0 0 (0s)
Tip
Nb Tip removed: 0 (0s)
Nb errors removed: 1 (0s)
Superbubble
Nb superbubble removed: 0 0 (0s)
Tip
Nb Tip removed: 0 (0s)
Nb errors removed: 1 (0s)
Superbubble
Nb superbubble removed: 0 0 (0s)
Tip
Nb Tip removed: 0 (0s)
Nb errors removed: 1 (0s)
Superbubble
Nb superbubble removed: 0 0 (0s)
Tip
Nb Tip removed: 0 (0s)
Nb errors removed: 1 (0s)
Superbubble
Nb superbubble removed: 0 0 (0s)
Tip
Nb Tip removed: 0 (0s)
Nb errors removed: 4 (0s)
Superbubble
Nb superbubble removed: 0 0 (0s)
Tip
Nb Tip removed: 0 (0s)
Nb errors removed: 1 (0s)
Superbubble
Nb superbubble removed: 0 0 (0s)
Tip
Nb Tip removed: 0 (0s)
Nb errors removed: 1 (0s)
Superbubble
Nb superbubble removed: 0 0 (0s)
Tip
Nb Tip removed: 0 (0s)
Nb errors removed: 2 (0s)
Superbubble
Nb superbubble removed: 0 0 (0s)
Tip
Nb Tip removed: 1 (0s)
Superbubble
Nb superbubble removed: 0 0 (0s)
Tip
Nb Tip removed: 0 (0s)
Nb errors removed: 2 (0s)
Superbubble
Nb superbubble removed: 0 0 (0s)
Tip
Nb Tip removed: 0 (0s)
Nb errors removed: 1 (0s)
Superbubble
Nb superbubble removed: 0 0 (0s)
Tip
Nb Tip removed: 0 (0s)
Nb errors removed: 1 (0s)
Superbubble
Nb superbubble removed: 0 0 (0s)
Tip
Nb Tip removed: 0 (0s)
Nb errors removed: 2 (0s)
Superbubble
Nb superbubble removed: 0 0 (0s)
Tip
Nb Tip removed: 0 (0s)
Checksum: 0
Checksum abundnace: 0
Generating contigs
117.391
72.8905
54.7637
45.2593
34.004
30.9127
28.1025
25.5477
23.2252
10.8347
7.40025
6.11591
5.05447
4.17725
3.13843
2.14359
0


metaMDBG toMinspace  /var/folders/zg/vq0dnx517c54hg87dyqjky740000gn/T/.tmpMtxbLg/tmp/ /var/folders/zg/vq0dnx517c54hg87dyqjky740000gn/T/.tmpMtxbLg/tmp//contigs.nodepath /var/folders/zg/vq0dnx517c54hg87dyqjky740000gn/T/.tmpMtxbLg/tmp//unitig_data.txt --threads 10

Input dir: /var/folders/zg/vq0dnx517c54hg87dyqjky740000gn/T/.tmpMtxbLg/tmp/
Minimizer length: 15
Kminmer length: 14
Density: 0.005

Loading unitig sequences

Creating mContigs

Contig filename: /var/folders/zg/vq0dnx517c54hg87dyqjky740000gn/T/.tmpMtxbLg/tmp//unitig_data.txt
pass done: 14
Multi-k pass: 15/204


metaMDBG graph /var/folders/zg/vq0dnx517c54hg87dyqjky740000gn/T/.tmpMtxbLg/tmp/ --threads 10 --corrected-read 

Contig filename: 
Output dir: /var/folders/zg/vq0dnx517c54hg87dyqjky740000gn/T/.tmpMtxbLg/tmp/
Minimizer length: 15
Kminmer length: 15
Density: 0.005
Min abundance: 0

Loading refined abundances
	Duration: 0
Collecting kminmers
Building mdbg
Duration: 0
Nb solid kminmers: 27107
Nb small contigs written: 0
Dump kminmer abundances
	Duration: 0
Indexing edges
Edge index size: 26930
Edge index elements: 48135
	Duration: 0
Compute unitig nodes
	Duration: 0
Index unitig edges
	Duration: 0
Compute unitig edges
	Duration: 0
Dump unitig abundances
	Duration: 0
Nb edges:   0


metaMDBG contig  /var/folders/zg/vq0dnx517c54hg87dyqjky740000gn/T/.tmpMtxbLg/tmp/ --threads 10

Input dir: /var/folders/zg/vq0dnx517c54hg87dyqjky740000gn/T/.tmpMtxbLg/tmp/
Minimizer length: 15
Kminmer length: 15
Density: 0.005

Loading unitig graph
Load unitigs
Nb unitigs: 1763
Nb minimizers: 51789
Add unitig abundances
Sorting abundances
Add unitig edges
Nb unitig edges: 3932
Sorting unitig edges
Done loading unitig graph
Simplifying
Max abundance: 112
Nb unitigs: 1763
Superbubble
Nb superbubble removed: 332 0 (0s)
Tip
Nb Tip removed: 286 (0s)
Superbubble
Nb superbubble removed: 116 0 (0s)
Tip
Nb Tip removed: 0 (0s)
Nb errors removed: 439 (0s)
Superbubble
Nb superbubble removed: 0 0 (0s)
Tip
Nb Tip removed: 0 (0s)
Nb errors removed: 27 (0s)
Superbubble
Nb superbubble removed: 0 0 (0s)
Tip
Nb Tip removed: 0 (0s)
Nb errors removed: 4 (0s)
Superbubble
Nb superbubble removed: 0 0 (0s)
Tip
Nb Tip removed: 0 (0s)
Nb errors removed: 5 (0s)
Superbubble
Nb superbubble removed: 0 0 (0s)
Tip
Nb Tip removed: 0 (0s)
Nb errors removed: 1 (0s)
Superbubble
Nb superbubble removed: 0 0 (0s)
Tip
Nb Tip removed: 0 (0s)
Nb errors removed: 1 (0s)
Superbubble
Nb superbubble removed: 0 0 (0s)
Tip
Nb Tip removed: 0 (0s)
Nb errors removed: 1 (0s)
Superbubble
Nb superbubble removed: 0 0 (0s)
Tip
Nb Tip removed: 0 (0s)
Nb errors removed: 1 (0s)
Superbubble
Nb superbubble removed: 0 0 (0s)
Tip
Nb Tip removed: 0 (0s)
Nb errors removed: 4 (0s)
Superbubble
Nb superbubble removed: 0 0 (0s)
Tip
Nb Tip removed: 0 (0s)
Nb errors removed: 1 (0s)
Superbubble
Nb superbubble removed: 0 0 (0s)
Tip
Nb Tip removed: 0 (0s)
Nb errors removed: 1 (0s)
Superbubble
Nb superbubble removed: 0 0 (0s)
Tip
Nb Tip removed: 0 (0s)
Nb errors removed: 2 (0s)
Superbubble
Nb superbubble removed: 0 0 (0s)
Tip
Nb Tip removed: 1 (0s)
Superbubble
Nb superbubble removed: 0 0 (0s)
Tip
Nb Tip removed: 0 (0s)
Nb errors removed: 2 (0s)
Superbubble
Nb superbubble removed: 0 0 (0s)
Tip
Nb Tip removed: 0 (0s)
Nb errors removed: 1 (0s)
Superbubble
Nb superbubble removed: 0 0 (0s)
Tip
Nb Tip removed: 0 (0s)
Nb errors removed: 2 (0s)
Superbubble
Nb superbubble removed: 0 0 (0s)
Tip
Nb Tip removed: 0 (0s)
Checksum: 0
Checksum abundnace: 0
Generating contigs
117.391
54.7637
45.2593
34.004
30.9127
28.1025
25.5477
23.2252
10.8347
7.40025
6.11591
5.05447
4.17725
3.13843
2.14359
0


metaMDBG toMinspace  /var/folders/zg/vq0dnx517c54hg87dyqjky740000gn/T/.tmpMtxbLg/tmp/ /var/folders/zg/vq0dnx517c54hg87dyqjky740000gn/T/.tmpMtxbLg/tmp//contigs.nodepath /var/folders/zg/vq0dnx517c54hg87dyqjky740000gn/T/.tmpMtxbLg/tmp//unitig_data.txt --threads 10

Input dir: /var/folders/zg/vq0dnx517c54hg87dyqjky740000gn/T/.tmpMtxbLg/tmp/
Minimizer length: 15
Kminmer length: 15
Density: 0.005

Loading unitig sequences

Creating mContigs

Contig filename: /var/folders/zg/vq0dnx517c54hg87dyqjky740000gn/T/.tmpMtxbLg/tmp//unitig_data.txt
pass done: 15
Multi-k pass: 16/204


metaMDBG graph /var/folders/zg/vq0dnx517c54hg87dyqjky740000gn/T/.tmpMtxbLg/tmp/ --threads 10 --corrected-read 

Contig filename: 
Output dir: /var/folders/zg/vq0dnx517c54hg87dyqjky740000gn/T/.tmpMtxbLg/tmp/
Minimizer length: 15
Kminmer length: 16
Density: 0.005
Min abundance: 0

Loading refined abundances
	Duration: 0
Collecting kminmers
Building mdbg
Duration: 0
Nb solid kminmers: 27263
Nb small contigs written: 0
Dump kminmer abundances
	Duration: 0
Indexing edges
Edge index size: 27086
Edge index elements: 48139
	Duration: 0
Compute unitig nodes
	Duration: 0
Index unitig edges
	Duration: 0
Compute unitig edges
	Duration: 0
Dump unitig abundances
	Duration: 0
Nb edges:   0


metaMDBG contig  /var/folders/zg/vq0dnx517c54hg87dyqjky740000gn/T/.tmpMtxbLg/tmp/ --threads 10

Input dir: /var/folders/zg/vq0dnx517c54hg87dyqjky740000gn/T/.tmpMtxbLg/tmp/
Minimizer length: 15
Kminmer length: 16
Density: 0.005

Loading unitig graph
Load unitigs
Nb unitigs: 1725
Nb minimizers: 53138
Add unitig abundances
Sorting abundances
Add unitig edges
Nb unitig edges: 3840
Sorting unitig edges
Done loading unitig graph
Simplifying
Max abundance: 112
Nb unitigs: 1725
Superbubble
Nb superbubble removed: 314 0 (0s)
Tip
Nb Tip removed: 271 (0s)
Superbubble
Nb superbubble removed: 120 0 (0s)
Tip
Nb Tip removed: 0 (0s)
Nb errors removed: 418 (0s)
Superbubble
Nb superbubble removed: 0 0 (0s)
Tip
Nb Tip removed: 0 (0s)
Nb errors removed: 25 (0s)
Superbubble
Nb superbubble removed: 0 0 (0s)
Tip
Nb Tip removed: 0 (0s)
Nb errors removed: 4 (0s)
Superbubble
Nb superbubble removed: 0 0 (0s)
Tip
Nb Tip removed: 0 (0s)
Nb errors removed: 5 (0s)
Superbubble
Nb superbubble removed: 0 0 (0s)
Tip
Nb Tip removed: 0 (0s)
Nb errors removed: 1 (0s)
Superbubble
Nb superbubble removed: 0 0 (0s)
Tip
Nb Tip removed: 0 (0s)
Nb errors removed: 1 (0s)
Superbubble
Nb superbubble removed: 0 0 (0s)
Tip
Nb Tip removed: 0 (0s)
Nb errors removed: 1 (0s)
Superbubble
Nb superbubble removed: 0 0 (0s)
Tip
Nb Tip removed: 0 (0s)
Nb errors removed: 1 (0s)
Superbubble
Nb superbubble removed: 0 0 (0s)
Tip
Nb Tip removed: 0 (0s)
Nb errors removed: 4 (0s)
Superbubble
Nb superbubble removed: 0 0 (0s)
Tip
Nb Tip removed: 0 (0s)
Nb errors removed: 1 (0s)
Superbubble
Nb superbubble removed: 0 0 (0s)
Tip
Nb Tip removed: 0 (0s)
Nb errors removed: 1 (0s)
Superbubble
Nb superbubble removed: 0 0 (0s)
Tip
Nb Tip removed: 0 (0s)
Nb errors removed: 4 (0s)
Superbubble
Nb superbubble removed: 0 0 (0s)
Tip
Nb Tip removed: 0 (0s)
Nb errors removed: 2 (0s)
Superbubble
Nb superbubble removed: 0 0 (0s)
Tip
Nb Tip removed: 0 (0s)
Nb errors removed: 1 (0s)
Superbubble
Nb superbubble removed: 0 0 (0s)
Tip
Nb Tip removed: 0 (0s)
Nb errors removed: 1 (0s)
Superbubble
Nb superbubble removed: 0 0 (0s)
Tip
Nb Tip removed: 0 (0s)
Checksum: 0
Checksum abundnace: 0
Generating contigs
117.391
54.7637
45.2593
34.004
30.9127
28.1025
25.5477
23.2252
10.8347
7.40025
6.11591
5.05447
4.17725
3.13843
2.14359
0


metaMDBG toMinspace  /var/folders/zg/vq0dnx517c54hg87dyqjky740000gn/T/.tmpMtxbLg/tmp/ /var/folders/zg/vq0dnx517c54hg87dyqjky740000gn/T/.tmpMtxbLg/tmp//contigs.nodepath /var/folders/zg/vq0dnx517c54hg87dyqjky740000gn/T/.tmpMtxbLg/tmp//unitig_data.txt --threads 10

Input dir: /var/folders/zg/vq0dnx517c54hg87dyqjky740000gn/T/.tmpMtxbLg/tmp/
Minimizer length: 15
Kminmer length: 16
Density: 0.005

Loading unitig sequences

Creating mContigs

Contig filename: /var/folders/zg/vq0dnx517c54hg87dyqjky740000gn/T/.tmpMtxbLg/tmp//unitig_data.txt
pass done: 16
Multi-k pass: 17/204


metaMDBG graph /var/folders/zg/vq0dnx517c54hg87dyqjky740000gn/T/.tmpMtxbLg/tmp/ --threads 10 --corrected-read 

Contig filename: 
Output dir: /var/folders/zg/vq0dnx517c54hg87dyqjky740000gn/T/.tmpMtxbLg/tmp/
Minimizer length: 15
Kminmer length: 17
Density: 0.005
Min abundance: 0

Loading refined abundances
	Duration: 0
Collecting kminmers
Building mdbg
Duration: 0
Nb solid kminmers: 27427
Nb small contigs written: 0
Dump kminmer abundances
	Duration: 0
Indexing edges
Edge index size: 27249
Edge index elements: 48475
	Duration: 0
Compute unitig nodes
	Duration: 0
Index unitig edges
	Duration: 0
Compute unitig edges
	Duration: 0
Dump unitig abundances
	Duration: 0
Nb edges:   0


metaMDBG contig  /var/folders/zg/vq0dnx517c54hg87dyqjky740000gn/T/.tmpMtxbLg/tmp/ --threads 10

Input dir: /var/folders/zg/vq0dnx517c54hg87dyqjky740000gn/T/.tmpMtxbLg/tmp/
Minimizer length: 15
Kminmer length: 17
Density: 0.005

Loading unitig graph
Load unitigs
Nb unitigs: 1694
Nb minimizers: 54531
Add unitig abundances
Sorting abundances
Add unitig edges
Nb unitig edges: 3778
Sorting unitig edges
Done loading unitig graph
Simplifying
Max abundance: 112
Nb unitigs: 1694
Superbubble
Nb superbubble removed: 296 0 (0s)
Tip
Nb Tip removed: 269 (0s)
Superbubble
Nb superbubble removed: 118 0 (0s)
Tip
Nb Tip removed: 0 (0s)
Nb errors removed: 406 (0s)
Superbubble
Nb superbubble removed: 2 0 (0s)
Tip
Nb Tip removed: 0 (0s)
Nb errors removed: 27 (0s)
Superbubble
Nb superbubble removed: 0 0 (0s)
Tip
Nb Tip removed: 0 (0s)
Nb errors removed: 4 (0s)
Superbubble
Nb superbubble removed: 0 0 (0s)
Tip
Nb Tip removed: 0 (0s)
Nb errors removed: 5 (0s)
Superbubble
Nb superbubble removed: 0 0 (0s)
Tip
Nb Tip removed: 0 (0s)
Nb errors removed: 1 (0s)
Superbubble
Nb superbubble removed: 0 0 (0s)
Tip
Nb Tip removed: 0 (0s)
Nb errors removed: 1 (0s)
Superbubble
Nb superbubble removed: 0 0 (0s)
Tip
Nb Tip removed: 0 (0s)
Nb errors removed: 1 (0s)
Superbubble
Nb superbubble removed: 0 0 (0s)
Tip
Nb Tip removed: 0 (0s)
Nb errors removed: 1 (0s)
Superbubble
Nb superbubble removed: 0 0 (0s)
Tip
Nb Tip removed: 0 (0s)
Nb errors removed: 3 (0s)
Superbubble
Nb superbubble removed: 0 0 (0s)
Tip
Nb Tip removed: 0 (0s)
Nb errors removed: 1 (0s)
Superbubble
Nb superbubble removed: 0 0 (0s)
Tip
Nb Tip removed: 0 (0s)
Nb errors removed: 1 (0s)
Superbubble
Nb superbubble removed: 0 0 (0s)
Tip
Nb Tip removed: 0 (0s)
Nb errors removed: 4 (0s)
Superbubble
Nb superbubble removed: 0 0 (0s)
Tip
Nb Tip removed: 0 (0s)
Nb errors removed: 2 (0s)
Superbubble
Nb superbubble removed: 0 0 (0s)
Tip
Nb Tip removed: 0 (0s)
Nb errors removed: 1 (0s)
Superbubble
Nb superbubble removed: 0 0 (0s)
Tip
Nb Tip removed: 0 (0s)
Checksum: 0
Checksum abundnace: 0
Generating contigs
117.391
45.2593
34.004
30.9127
28.1025
25.5477
23.2252
10.8347
7.40025
6.11591
5.05447
4.17725
3.13843
2.14359
0


metaMDBG toMinspace  /var/folders/zg/vq0dnx517c54hg87dyqjky740000gn/T/.tmpMtxbLg/tmp/ /var/folders/zg/vq0dnx517c54hg87dyqjky740000gn/T/.tmpMtxbLg/tmp//contigs.nodepath /var/folders/zg/vq0dnx517c54hg87dyqjky740000gn/T/.tmpMtxbLg/tmp//unitig_data.txt --threads 10

Input dir: /var/folders/zg/vq0dnx517c54hg87dyqjky740000gn/T/.tmpMtxbLg/tmp/
Minimizer length: 15
Kminmer length: 17
Density: 0.005

Loading unitig sequences

Creating mContigs

Contig filename: /var/folders/zg/vq0dnx517c54hg87dyqjky740000gn/T/.tmpMtxbLg/tmp//unitig_data.txt
pass done: 17
Multi-k pass: 18/204


metaMDBG graph /var/folders/zg/vq0dnx517c54hg87dyqjky740000gn/T/.tmpMtxbLg/tmp/ --threads 10 --corrected-read 

Contig filename: 
Output dir: /var/folders/zg/vq0dnx517c54hg87dyqjky740000gn/T/.tmpMtxbLg/tmp/
Minimizer length: 15
Kminmer length: 18
Density: 0.005
Min abundance: 0

Loading refined abundances
	Duration: 0
Collecting kminmers
Building mdbg
Duration: 0
Nb solid kminmers: 27589
Nb small contigs written: 0
Dump kminmer abundances
	Duration: 0
Indexing edges
Edge index size: 27417
Edge index elements: 48759
	Duration: 0
Compute unitig nodes
	Duration: 0
Index unitig edges
	Duration: 0
Compute unitig edges
	Duration: 0
Dump unitig abundances
	Duration: 0
Nb edges:   0


metaMDBG contig  /var/folders/zg/vq0dnx517c54hg87dyqjky740000gn/T/.tmpMtxbLg/tmp/ --threads 10

Input dir: /var/folders/zg/vq0dnx517c54hg87dyqjky740000gn/T/.tmpMtxbLg/tmp/
Minimizer length: 15
Kminmer length: 18
Density: 0.005

Loading unitig graph
Load unitigs
Nb unitigs: 1673
Nb minimizers: 56030
Add unitig abundances
Sorting abundances
Add unitig edges
Nb unitig edges: 3716
Sorting unitig edges
Done loading unitig graph
Simplifying
Max abundance: 112
Nb unitigs: 1673
Superbubble
Nb superbubble removed: 288 0 (0s)
Tip
Nb Tip removed: 262 (0s)
Superbubble
Nb superbubble removed: 116 0 (0s)
Tip
Nb Tip removed: 0 (0s)
Nb errors removed: 399 (0s)
Superbubble
Nb superbubble removed: 2 0 (0s)
Tip
Nb Tip removed: 0 (0s)
Nb errors removed: 28 (0s)
Superbubble
Nb superbubble removed: 0 0 (0s)
Tip
Nb Tip removed: 0 (0s)
Nb errors removed: 4 (0s)
Superbubble
Nb superbubble removed: 0 0 (0s)
Tip
Nb Tip removed: 0 (0s)
Nb errors removed: 5 (0s)
Superbubble
Nb superbubble removed: 0 0 (0s)
Tip
Nb Tip removed: 0 (0s)
Nb errors removed: 1 (0s)
Superbubble
Nb superbubble removed: 0 0 (0s)
Tip
Nb Tip removed: 0 (0s)
Nb errors removed: 1 (0s)
Superbubble
Nb superbubble removed: 0 0 (0s)
Tip
Nb Tip removed: 0 (0s)
Nb errors removed: 1 (0s)
Superbubble
Nb superbubble removed: 0 0 (0s)
Tip
Nb Tip removed: 0 (0s)
Nb errors removed: 1 (0s)
Superbubble
Nb superbubble removed: 0 0 (0s)
Tip
Nb Tip removed: 0 (0s)
Nb errors removed: 3 (0s)
Superbubble
Nb superbubble removed: 0 0 (0s)
Tip
Nb Tip removed: 0 (0s)
Nb errors removed: 1 (0s)
Superbubble
Nb superbubble removed: 0 0 (0s)
Tip
Nb Tip removed: 1 (0s)
Superbubble
Nb superbubble removed: 0 0 (0s)
Tip
Nb Tip removed: 0 (0s)
Nb errors removed: 1 (0s)
Superbubble
Nb superbubble removed: 0 0 (0s)
Tip
Nb Tip removed: 0 (0s)
Nb errors removed: 4 (0s)
Superbubble
Nb superbubble removed: 0 0 (0s)
Tip
Nb Tip removed: 0 (0s)
Nb errors removed: 2 (0s)
Superbubble
Nb superbubble removed: 0 0 (0s)
Tip
Nb Tip removed: 0 (0s)
Nb errors removed: 1 (0s)
Superbubble
Nb superbubble removed: 0 0 (0s)
Tip
Nb Tip removed: 0 (0s)
Checksum: 0
Checksum abundnace: 0
Generating contigs
54.7637
45.2593
34.004
30.9127
28.1025
25.5477
23.2252
10.8347
7.40025
6.11591
5.05447
4.17725
3.13843
2.14359
0


metaMDBG toMinspace  /var/folders/zg/vq0dnx517c54hg87dyqjky740000gn/T/.tmpMtxbLg/tmp/ /var/folders/zg/vq0dnx517c54hg87dyqjky740000gn/T/.tmpMtxbLg/tmp//contigs.nodepath /var/folders/zg/vq0dnx517c54hg87dyqjky740000gn/T/.tmpMtxbLg/tmp//unitig_data.txt --threads 10

Input dir: /var/folders/zg/vq0dnx517c54hg87dyqjky740000gn/T/.tmpMtxbLg/tmp/
Minimizer length: 15
Kminmer length: 18
Density: 0.005

Loading unitig sequences

Creating mContigs

Contig filename: /var/folders/zg/vq0dnx517c54hg87dyqjky740000gn/T/.tmpMtxbLg/tmp//unitig_data.txt
pass done: 18
Multi-k pass: 19/204


metaMDBG graph /var/folders/zg/vq0dnx517c54hg87dyqjky740000gn/T/.tmpMtxbLg/tmp/ --threads 10 --corrected-read 

Contig filename: 
Output dir: /var/folders/zg/vq0dnx517c54hg87dyqjky740000gn/T/.tmpMtxbLg/tmp/
Minimizer length: 15
Kminmer length: 19
Density: 0.005
Min abundance: 0

Loading refined abundances
	Duration: 0
Collecting kminmers
Building mdbg
Duration: 0
Nb solid kminmers: 27741
Nb small contigs written: 0
Dump kminmer abundances
	Duration: 0
Indexing edges
Edge index size: 27572
Edge index elements: 48894
	Duration: 0
Compute unitig nodes
	Duration: 0
Index unitig edges
	Duration: 0
Compute unitig edges
	Duration: 0
Dump unitig abundances
	Duration: 0
Nb edges:   0


metaMDBG contig  /var/folders/zg/vq0dnx517c54hg87dyqjky740000gn/T/.tmpMtxbLg/tmp/ --threads 10

Input dir: /var/folders/zg/vq0dnx517c54hg87dyqjky740000gn/T/.tmpMtxbLg/tmp/
Minimizer length: 15
Kminmer length: 19
Density: 0.005

Loading unitig graph
Load unitigs
Nb unitigs: 1640
Nb minimizers: 57261
Add unitig abundances
Sorting abundances
Add unitig edges
Nb unitig edges: 3640
Sorting unitig edges
Done loading unitig graph
Simplifying
Max abundance: 112
Nb unitigs: 1640
Superbubble
Nb superbubble removed: 284 0 (0s)
Tip
Nb Tip removed: 254 (0s)
Superbubble
Nb superbubble removed: 102 0 (0s)
Tip
Nb Tip removed: 0 (0s)
Nb errors removed: 385 (0s)
Superbubble
Nb superbubble removed: 2 0 (0s)
Tip
Nb Tip removed: 0 (0s)
Nb errors removed: 30 (0s)
Superbubble
Nb superbubble removed: 0 0 (0s)
Tip
Nb Tip removed: 0 (0s)
Nb errors removed: 4 (0s)
Superbubble
Nb superbubble removed: 0 0 (0s)
Tip
Nb Tip removed: 0 (0s)
Nb errors removed: 4 (0s)
Superbubble
Nb superbubble removed: 0 0 (0s)
Tip
Nb Tip removed: 0 (0s)
Nb errors removed: 1 (0s)
Superbubble
Nb superbubble removed: 0 0 (0s)
Tip
Nb Tip removed: 0 (0s)
Nb errors removed: 1 (0s)
Superbubble
Nb superbubble removed: 0 0 (0s)
Tip
Nb Tip removed: 0 (0s)
Nb errors removed: 1 (0s)
Superbubble
Nb superbubble removed: 0 0 (0s)
Tip
Nb Tip removed: 0 (0s)
Nb errors removed: 1 (0s)
Superbubble
Nb superbubble removed: 0 0 (0s)
Tip
Nb Tip removed: 0 (0s)
Nb errors removed: 3 (0s)
Superbubble
Nb superbubble removed: 0 0 (0s)
Tip
Nb Tip removed: 0 (0s)
Nb errors removed: 1 (0s)
Superbubble
Nb superbubble removed: 0 0 (0s)
Tip
Nb Tip removed: 1 (0s)
Superbubble
Nb superbubble removed: 0 0 (0s)
Tip
Nb Tip removed: 0 (0s)
Nb errors removed: 1 (0s)
Superbubble
Nb superbubble removed: 0 0 (0s)
Tip
Nb Tip removed: 0 (0s)
Nb errors removed: 4 (0s)
Superbubble
Nb superbubble removed: 0 0 (0s)
Tip
Nb Tip removed: 0 (0s)
Nb errors removed: 2 (0s)
Superbubble
Nb superbubble removed: 0 0 (0s)
Tip
Nb Tip removed: 0 (0s)
Nb errors removed: 1 (0s)
Superbubble
Nb superbubble removed: 0 0 (0s)
Tip
Nb Tip removed: 0 (0s)
Checksum: 0
Checksum abundnace: 0
Generating contigs
54.7637
45.2593
34.004
30.9127
28.1025
25.5477
23.2252
10.8347
7.40025
6.11591
5.05447
4.17725
3.13843
2.14359
0


metaMDBG toMinspace  /var/folders/zg/vq0dnx517c54hg87dyqjky740000gn/T/.tmpMtxbLg/tmp/ /var/folders/zg/vq0dnx517c54hg87dyqjky740000gn/T/.tmpMtxbLg/tmp//contigs.nodepath /var/folders/zg/vq0dnx517c54hg87dyqjky740000gn/T/.tmpMtxbLg/tmp//unitig_data.txt --threads 10

Input dir: /var/folders/zg/vq0dnx517c54hg87dyqjky740000gn/T/.tmpMtxbLg/tmp/
Minimizer length: 15
Kminmer length: 19
Density: 0.005

Loading unitig sequences

Creating mContigs

Contig filename: /var/folders/zg/vq0dnx517c54hg87dyqjky740000gn/T/.tmpMtxbLg/tmp//unitig_data.txt
pass done: 19
Multi-k pass: 20/204


metaMDBG graph /var/folders/zg/vq0dnx517c54hg87dyqjky740000gn/T/.tmpMtxbLg/tmp/ --threads 10 --corrected-read 

Contig filename: 
Output dir: /var/folders/zg/vq0dnx517c54hg87dyqjky740000gn/T/.tmpMtxbLg/tmp/
Minimizer length: 15
Kminmer length: 20
Density: 0.005
Min abundance: 0

Loading refined abundances
	Duration: 0
Collecting kminmers
Building mdbg
Duration: 0
Nb solid kminmers: 27895
Nb small contigs written: 0
Dump kminmer abundances
	Duration: 0
Indexing edges
Edge index size: 27727
Edge index elements: 49190
	Duration: 0
Compute unitig nodes
	Duration: 0
Index unitig edges
	Duration: 0
Compute unitig edges
	Duration: 0
Dump unitig abundances
	Duration: 0
Nb edges:   0


metaMDBG contig  /var/folders/zg/vq0dnx517c54hg87dyqjky740000gn/T/.tmpMtxbLg/tmp/ --threads 10

Input dir: /var/folders/zg/vq0dnx517c54hg87dyqjky740000gn/T/.tmpMtxbLg/tmp/
Minimizer length: 15
Kminmer length: 20
Density: 0.005

Loading unitig graph
Load unitigs
Nb unitigs: 1616
Nb minimizers: 58599
Add unitig abundances
Sorting abundances
Add unitig edges
Nb unitig edges: 3594
Sorting unitig edges
Done loading unitig graph
Simplifying
Max abundance: 112
Nb unitigs: 1616
Superbubble
Nb superbubble removed: 268 0 (0s)
Tip
Nb Tip removed: 254 (0s)
Superbubble
Nb superbubble removed: 108 0 (0s)
Tip
Nb Tip removed: 0 (0s)
Nb errors removed: 380 (0s)
Superbubble
Nb superbubble removed: 2 0 (0s)
Tip
Nb Tip removed: 0 (0s)
Nb errors removed: 33 (0s)
Superbubble
Nb superbubble removed: 0 0 (0s)
Tip
Nb Tip removed: 0 (0s)
Nb errors removed: 4 (0s)
Superbubble
Nb superbubble removed: 0 0 (0s)
Tip
Nb Tip removed: 0 (0s)
Nb errors removed: 4 (0s)
Superbubble
Nb superbubble removed: 0 0 (0s)
Tip
Nb Tip removed: 0 (0s)
Nb errors removed: 1 (0s)
Superbubble
Nb superbubble removed: 0 0 (0s)
Tip
Nb Tip removed: 0 (0s)
Nb errors removed: 1 (0s)
Superbubble
Nb superbubble removed: 0 0 (0s)
Tip
Nb Tip removed: 0 (0s)
Nb errors removed: 1 (0s)
Superbubble
Nb superbubble removed: 0 0 (0s)
Tip
Nb Tip removed: 0 (0s)
Nb errors removed: 3 (0s)
Superbubble
Nb superbubble removed: 0 0 (0s)
Tip
Nb Tip removed: 0 (0s)
Nb errors removed: 1 (0s)
Superbubble
Nb superbubble removed: 0 0 (0s)
Tip
Nb Tip removed: 1 (0s)
Superbubble
Nb superbubble removed: 0 0 (0s)
Tip
Nb Tip removed: 0 (0s)
Nb errors removed: 1 (0s)
Superbubble
Nb superbubble removed: 0 0 (0s)
Tip
Nb Tip removed: 0 (0s)
Nb errors removed: 4 (0s)
Superbubble
Nb superbubble removed: 0 0 (0s)
Tip
Nb Tip removed: 0 (0s)
Nb errors removed: 2 (0s)
Superbubble
Nb superbubble removed: 0 0 (0s)
Tip
Nb Tip removed: 0 (0s)
Nb errors removed: 1 (0s)
Superbubble
Nb superbubble removed: 0 0 (0s)
Tip
Nb Tip removed: 0 (0s)
Checksum: 0
Checksum abundnace: 0
Generating contigs
54.7637
45.2593
34.004
30.9127
28.1025
25.5477
23.2252
10.8347
6.11591
5.05447
4.17725
3.13843
2.14359
0


metaMDBG toMinspace  /var/folders/zg/vq0dnx517c54hg87dyqjky740000gn/T/.tmpMtxbLg/tmp/ /var/folders/zg/vq0dnx517c54hg87dyqjky740000gn/T/.tmpMtxbLg/tmp//contigs.nodepath /var/folders/zg/vq0dnx517c54hg87dyqjky740000gn/T/.tmpMtxbLg/tmp//unitig_data.txt --threads 10

Input dir: /var/folders/zg/vq0dnx517c54hg87dyqjky740000gn/T/.tmpMtxbLg/tmp/
Minimizer length: 15
Kminmer length: 20
Density: 0.005

Loading unitig sequences

Creating mContigs

Contig filename: /var/folders/zg/vq0dnx517c54hg87dyqjky740000gn/T/.tmpMtxbLg/tmp//unitig_data.txt
pass done: 20
Multi-k pass: 21/204


metaMDBG graph /var/folders/zg/vq0dnx517c54hg87dyqjky740000gn/T/.tmpMtxbLg/tmp/ --threads 10 --corrected-read 

Contig filename: 
Output dir: /var/folders/zg/vq0dnx517c54hg87dyqjky740000gn/T/.tmpMtxbLg/tmp/
Minimizer length: 15
Kminmer length: 21
Density: 0.005
Min abundance: 0

Loading refined abundances
	Duration: 0
Collecting kminmers
Building mdbg
Duration: 0
Nb solid kminmers: 28050
Nb small contigs written: 0
Dump kminmer abundances
	Duration: 0
Indexing edges
Edge index size: 27886
Edge index elements: 49779
	Duration: 0
Compute unitig nodes
	Duration: 0
Index unitig edges
	Duration: 0
Compute unitig edges
	Duration: 0
Dump unitig abundances
	Duration: 0
Nb edges:   0


metaMDBG contig  /var/folders/zg/vq0dnx517c54hg87dyqjky740000gn/T/.tmpMtxbLg/tmp/ --threads 10 --gen-graph 

Input dir: /var/folders/zg/vq0dnx517c54hg87dyqjky740000gn/T/.tmpMtxbLg/tmp/
Minimizer length: 15
Kminmer length: 21
Density: 0.005

Loading unitig graph
Load unitigs
Nb unitigs: 1597
Nb minimizers: 59990
Add unitig abundances
Sorting abundances
Add unitig edges
Nb unitig edges: 3548
Sorting unitig edges
Done loading unitig graph
Simplifying
Max abundance: 112
Nb unitigs: 1597
Superbubble
Nb superbubble removed: 254 0 (0s)
Tip
Nb Tip removed: 253 (0s)
Superbubble
Nb superbubble removed: 116 0 (0s)
Tip
Nb Tip removed: 0 (0s)
Saving unitig graph: /var/folders/zg/vq0dnx517c54hg87dyqjky740000gn/T/.tmpMtxbLg/tmp//assembly_graph.gfa
Nb errors removed: 375 (0s)
Superbubble
Nb superbubble removed: 2 0 (0s)
Tip
Nb Tip removed: 0 (0s)
Nb errors removed: 34 (0s)
Superbubble
Nb superbubble removed: 0 0 (0s)
Tip
Nb Tip removed: 0 (0s)
Nb errors removed: 1 (0s)
Superbubble
Nb superbubble removed: 0 0 (0s)
Tip
Nb Tip removed: 0 (0s)
Nb errors removed: 4 (0s)
Superbubble
Nb superbubble removed: 0 0 (0s)
Tip
Nb Tip removed: 0 (0s)
Nb errors removed: 5 (0s)
Superbubble
Nb superbubble removed: 0 0 (0s)
Tip
Nb Tip removed: 0 (0s)
Nb errors removed: 2 (0s)
Superbubble
Nb superbubble removed: 0 0 (0s)
Tip
Nb Tip removed: 0 (0s)
Nb errors removed: 1 (0s)
Superbubble
Nb superbubble removed: 0 0 (0s)
Tip
Nb Tip removed: 0 (0s)
Nb errors removed: 1 (0s)
Superbubble
Nb superbubble removed: 0 0 (0s)
Tip
Nb Tip removed: 0 (0s)
Nb errors removed: 3 (0s)
Superbubble
Nb superbubble removed: 0 0 (0s)
Tip
Nb Tip removed: 0 (0s)
Nb errors removed: 1 (0s)
Superbubble
Nb superbubble removed: 0 0 (0s)
Tip
Nb Tip removed: 1 (0s)
Superbubble
Nb superbubble removed: 0 0 (0s)
Tip
Nb Tip removed: 0 (0s)
Nb errors removed: 1 (0s)
Superbubble
Nb superbubble removed: 0 0 (0s)
Tip
Nb Tip removed: 0 (0s)
Nb errors removed: 4 (0s)
Superbubble
Nb superbubble removed: 0 0 (0s)
Tip
Nb Tip removed: 0 (0s)
Nb errors removed: 2 (0s)
Superbubble
Nb superbubble removed: 0 0 (0s)
Tip
Nb Tip removed: 0 (0s)
Nb errors removed: 1 (0s)
Superbubble
Nb superbubble removed: 0 0 (0s)
Tip
Nb Tip removed: 0 (0s)
Checksum: 0
Checksum abundnace: 0
Generating contigs
54.7637
45.2593
34.004
30.9127
28.1025
25.5477
23.2252
10.8347
6.11591
5.05447
4.17725
3.7975
3.13843
2.14359
0


metaMDBG toMinspace  /var/folders/zg/vq0dnx517c54hg87dyqjky740000gn/T/.tmpMtxbLg/tmp/ /var/folders/zg/vq0dnx517c54hg87dyqjky740000gn/T/.tmpMtxbLg/tmp//contigs.nodepath /var/folders/zg/vq0dnx517c54hg87dyqjky740000gn/T/.tmpMtxbLg/tmp//unitig_data.txt --threads 10

Input dir: /var/folders/zg/vq0dnx517c54hg87dyqjky740000gn/T/.tmpMtxbLg/tmp/
Minimizer length: 15
Kminmer length: 21
Density: 0.005

Loading unitig sequences

Creating mContigs

Contig filename: /var/folders/zg/vq0dnx517c54hg87dyqjky740000gn/T/.tmpMtxbLg/tmp//unitig_data.txt


metaMDBG toMinspace  /var/folders/zg/vq0dnx517c54hg87dyqjky740000gn/T/.tmpMtxbLg/tmp/ /var/folders/zg/vq0dnx517c54hg87dyqjky740000gn/T/.tmpMtxbLg/tmp//assembly_graph.gfa.unitigs.nodepath /var/folders/zg/vq0dnx517c54hg87dyqjky740000gn/T/.tmpMtxbLg/tmp//assembly_graph.gfa.unitigs --threads 10

Input dir: /var/folders/zg/vq0dnx517c54hg87dyqjky740000gn/T/.tmpMtxbLg/tmp/
Minimizer length: 15
Kminmer length: 21
Density: 0.005

Loading unitig sequences

Creating mContigs

Contig filename: /var/folders/zg/vq0dnx517c54hg87dyqjky740000gn/T/.tmpMtxbLg/tmp//assembly_graph.gfa.unitigs
pass done: 21
Multi-k pass: 22/204


metaMDBG graph /var/folders/zg/vq0dnx517c54hg87dyqjky740000gn/T/.tmpMtxbLg/tmp/ --threads 10 --corrected-read 

Contig filename: 
Output dir: /var/folders/zg/vq0dnx517c54hg87dyqjky740000gn/T/.tmpMtxbLg/tmp/
Minimizer length: 15
Kminmer length: 22
Density: 0.005
Min abundance: 0

Loading refined abundances
	Duration: 0
Collecting kminmers
Building mdbg
Duration: 0
Nb solid kminmers: 28195
Nb small contigs written: 0
Dump kminmer abundances
	Duration: 0
Indexing edges
Edge index size: 28035
Edge index elements: 49757
	Duration: 0
Compute unitig nodes
	Duration: 0
Index unitig edges
	Duration: 0
Compute unitig edges
	Duration: 0
Dump unitig abundances
	Duration: 0
Nb edges:   0


metaMDBG contig  /var/folders/zg/vq0dnx517c54hg87dyqjky740000gn/T/.tmpMtxbLg/tmp/ --threads 10

Input dir: /var/folders/zg/vq0dnx517c54hg87dyqjky740000gn/T/.tmpMtxbLg/tmp/
Minimizer length: 15
Kminmer length: 22
Density: 0.005

Loading unitig graph
Load unitigs
Nb unitigs: 1561
Nb minimizers: 60976
Add unitig abundances
Sorting abundances
Add unitig edges
Nb unitig edges: 3464
Sorting unitig edges
Done loading unitig graph
Simplifying
Max abundance: 112
Nb unitigs: 1561
Superbubble
Nb superbubble removed: 246 0 (0s)
Tip
Nb Tip removed: 242 (0s)
Superbubble
Nb superbubble removed: 114 0 (0s)
Tip
Nb Tip removed: 0 (0s)
Nb errors removed: 362 (0s)
Superbubble
Nb superbubble removed: 2 0 (0s)
Tip
Nb Tip removed: 0 (0s)
Nb errors removed: 33 (0s)
Superbubble
Nb superbubble removed: 0 0 (0s)
Tip
Nb Tip removed: 0 (0s)
Nb errors removed: 5 (0s)
Superbubble
Nb superbubble removed: 0 0 (0s)
Tip
Nb Tip removed: 0 (0s)
Nb errors removed: 5 (0s)
Superbubble
Nb superbubble removed: 0 0 (0s)
Tip
Nb Tip removed: 0 (0s)
Nb errors removed: 2 (0s)
Superbubble
Nb superbubble removed: 0 0 (0s)
Tip
Nb Tip removed: 0 (0s)
Nb errors removed: 1 (0s)
Superbubble
Nb superbubble removed: 0 0 (0s)
Tip
Nb Tip removed: 0 (0s)
Nb errors removed: 1 (0s)
Superbubble
Nb superbubble removed: 0 0 (0s)
Tip
Nb Tip removed: 0 (0s)
Nb errors removed: 3 (0s)
Superbubble
Nb superbubble removed: 0 0 (0s)
Tip
Nb Tip removed: 0 (0s)
Nb errors removed: 1 (0s)
Superbubble
Nb superbubble removed: 0 0 (0s)
Tip
Nb Tip removed: 1 (0s)
Superbubble
Nb superbubble removed: 0 0 (0s)
Tip
Nb Tip removed: 0 (0s)
Nb errors removed: 1 (0s)
Superbubble
Nb superbubble removed: 0 0 (0s)
Tip
Nb Tip removed: 0 (0s)
Nb errors removed: 3 (0s)
Superbubble
Nb superbubble removed: 0 0 (0s)
Tip
Nb Tip removed: 0 (0s)
Nb errors removed: 2 (0s)
Superbubble
Nb superbubble removed: 0 0 (0s)
Tip
Nb Tip removed: 0 (0s)
Nb errors removed: 1 (0s)
Superbubble
Nb superbubble removed: 0 0 (0s)
Tip
Nb Tip removed: 0 (0s)
Checksum: 0
Checksum abundnace: 0
Generating contigs
54.7637
45.2593
34.004
30.9127
28.1025
25.5477
23.2252
10.8347
6.11591
5.05447
4.17725
3.13843
2.14359
0


metaMDBG toMinspace  /var/folders/zg/vq0dnx517c54hg87dyqjky740000gn/T/.tmpMtxbLg/tmp/ /var/folders/zg/vq0dnx517c54hg87dyqjky740000gn/T/.tmpMtxbLg/tmp//contigs.nodepath /var/folders/zg/vq0dnx517c54hg87dyqjky740000gn/T/.tmpMtxbLg/tmp//unitig_data.txt --threads 10

Input dir: /var/folders/zg/vq0dnx517c54hg87dyqjky740000gn/T/.tmpMtxbLg/tmp/
Minimizer length: 15
Kminmer length: 22
Density: 0.005

Loading unitig sequences

Creating mContigs

Contig filename: /var/folders/zg/vq0dnx517c54hg87dyqjky740000gn/T/.tmpMtxbLg/tmp//unitig_data.txt
pass done: 22
Multi-k pass: 23/204


metaMDBG graph /var/folders/zg/vq0dnx517c54hg87dyqjky740000gn/T/.tmpMtxbLg/tmp/ --threads 10 --corrected-read 

Contig filename: 
Output dir: /var/folders/zg/vq0dnx517c54hg87dyqjky740000gn/T/.tmpMtxbLg/tmp/
Minimizer length: 15
Kminmer length: 23
Density: 0.005
Min abundance: 0

Loading refined abundances
	Duration: 0
Collecting kminmers
Building mdbg
Duration: 0
Nb solid kminmers: 28344
Nb small contigs written: 0
Dump kminmer abundances
	Duration: 0
Indexing edges
Edge index size: 28183
Edge index elements: 49954
	Duration: 0
Compute unitig nodes
	Duration: 0
Index unitig edges
	Duration: 0
Compute unitig edges
	Duration: 0
Dump unitig abundances
	Duration: 0
Nb edges:   0


metaMDBG contig  /var/folders/zg/vq0dnx517c54hg87dyqjky740000gn/T/.tmpMtxbLg/tmp/ --threads 10

Input dir: /var/folders/zg/vq0dnx517c54hg87dyqjky740000gn/T/.tmpMtxbLg/tmp/
Minimizer length: 15
Kminmer length: 23
Density: 0.005

Loading unitig graph
Load unitigs
Nb unitigs: 1546
Nb minimizers: 62356
Add unitig abundances
Sorting abundances
Add unitig edges
Nb unitig edges: 3434
Sorting unitig edges
Done loading unitig graph
Simplifying
Max abundance: 112
Nb unitigs: 1546
Superbubble
Nb superbubble removed: 244 0 (0s)
Tip
Nb Tip removed: 246 (0s)
Superbubble
Nb superbubble removed: 110 0 (0s)
Tip
Nb Tip removed: 0 (0s)
Nb errors removed: 354 (0s)
Superbubble
Nb superbubble removed: 0 0 (0s)
Tip
Nb Tip removed: 0 (0s)
Nb errors removed: 35 (0s)
Superbubble
Nb superbubble removed: 0 0 (0s)
Tip
Nb Tip removed: 0 (0s)
Nb errors removed: 7 (0s)
Superbubble
Nb superbubble removed: 0 0 (0s)
Tip
Nb Tip removed: 0 (0s)
Nb errors removed: 5 (0s)
Superbubble
Nb superbubble removed: 0 0 (0s)
Tip
Nb Tip removed: 0 (0s)
Nb errors removed: 2 (0s)
Superbubble
Nb superbubble removed: 0 0 (0s)
Tip
Nb Tip removed: 0 (0s)
Nb errors removed: 1 (0s)
Superbubble
Nb superbubble removed: 0 0 (0s)
Tip
Nb Tip removed: 0 (0s)
Nb errors removed: 1 (0s)
Superbubble
Nb superbubble removed: 0 0 (0s)
Tip
Nb Tip removed: 0 (0s)
Nb errors removed: 3 (0s)
Superbubble
Nb superbubble removed: 0 0 (0s)
Tip
Nb Tip removed: 0 (0s)
Nb errors removed: 1 (0s)
Superbubble
Nb superbubble removed: 0 0 (0s)
Tip
Nb Tip removed: 1 (0s)
Superbubble
Nb superbubble removed: 0 0 (0s)
Tip
Nb Tip removed: 0 (0s)
Nb errors removed: 1 (0s)
Superbubble
Nb superbubble removed: 0 0 (0s)
Tip
Nb Tip removed: 0 (0s)
Nb errors removed: 3 (0s)
Superbubble
Nb superbubble removed: 0 0 (0s)
Tip
Nb Tip removed: 0 (0s)
Nb errors removed: 2 (0s)
Superbubble
Nb superbubble removed: 0 0 (0s)
Tip
Nb Tip removed: 0 (0s)
Nb errors removed: 1 (0s)
Superbubble
Nb superbubble removed: 0 0 (0s)
Tip
Nb Tip removed: 0 (0s)
Checksum: 0
Checksum abundnace: 0
Generating contigs
54.7637
45.2593
34.004
30.9127
28.1025
25.5477
23.2252
10.8347
6.11591
5.05447
4.17725
3.13843
2.14359
0


metaMDBG toMinspace  /var/folders/zg/vq0dnx517c54hg87dyqjky740000gn/T/.tmpMtxbLg/tmp/ /var/folders/zg/vq0dnx517c54hg87dyqjky740000gn/T/.tmpMtxbLg/tmp//contigs.nodepath /var/folders/zg/vq0dnx517c54hg87dyqjky740000gn/T/.tmpMtxbLg/tmp//unitig_data.txt --threads 10

Input dir: /var/folders/zg/vq0dnx517c54hg87dyqjky740000gn/T/.tmpMtxbLg/tmp/
Minimizer length: 15
Kminmer length: 23
Density: 0.005

Loading unitig sequences

Creating mContigs

Contig filename: /var/folders/zg/vq0dnx517c54hg87dyqjky740000gn/T/.tmpMtxbLg/tmp//unitig_data.txt
pass done: 23
Multi-k pass: 24/204


metaMDBG graph /var/folders/zg/vq0dnx517c54hg87dyqjky740000gn/T/.tmpMtxbLg/tmp/ --threads 10 --corrected-read 

Contig filename: 
Output dir: /var/folders/zg/vq0dnx517c54hg87dyqjky740000gn/T/.tmpMtxbLg/tmp/
Minimizer length: 15
Kminmer length: 24
Density: 0.005
Min abundance: 0

Loading refined abundances
	Duration: 0
Collecting kminmers
Building mdbg
Duration: 0
Nb solid kminmers: 28496
Nb small contigs written: 0
Dump kminmer abundances
	Duration: 0
Indexing edges
Edge index size: 28334
Edge index elements: 50136
	Duration: 0
Compute unitig nodes
	Duration: 0
Index unitig edges
	Duration: 0
Compute unitig edges
	Duration: 0
Dump unitig abundances
	Duration: 0
Nb edges:   0


metaMDBG contig  /var/folders/zg/vq0dnx517c54hg87dyqjky740000gn/T/.tmpMtxbLg/tmp/ --threads 10

Input dir: /var/folders/zg/vq0dnx517c54hg87dyqjky740000gn/T/.tmpMtxbLg/tmp/
Minimizer length: 15
Kminmer length: 24
Density: 0.005

Loading unitig graph
Load unitigs
Nb unitigs: 1533
Nb minimizers: 63755
Add unitig abundances
Sorting abundances
Add unitig edges
Nb unitig edges: 3402
Sorting unitig edges
Done loading unitig graph
Simplifying
Max abundance: 112
Nb unitigs: 1533
Superbubble
Nb superbubble removed: 238 0 (0s)
Tip
Nb Tip removed: 244 (0s)
Superbubble
Nb superbubble removed: 110 0 (0s)
Tip
Nb Tip removed: 0 (0s)
Nb errors removed: 345 (0s)
Superbubble
Nb superbubble removed: 0 0 (0s)
Tip
Nb Tip removed: 0 (0s)
Nb errors removed: 37 (0s)
Superbubble
Nb superbubble removed: 0 0 (0s)
Tip
Nb Tip removed: 0 (0s)
Nb errors removed: 7 (0s)
Superbubble
Nb superbubble removed: 0 0 (0s)
Tip
Nb Tip removed: 0 (0s)
Nb errors removed: 5 (0s)
Superbubble
Nb superbubble removed: 0 0 (0s)
Tip
Nb Tip removed: 0 (0s)
Nb errors removed: 2 (0s)
Superbubble
Nb superbubble removed: 0 0 (0s)
Tip
Nb Tip removed: 0 (0s)
Nb errors removed: 1 (0s)
Superbubble
Nb superbubble removed: 0 0 (0s)
Tip
Nb Tip removed: 0 (0s)
Nb errors removed: 1 (0s)
Superbubble
Nb superbubble removed: 0 0 (0s)
Tip
Nb Tip removed: 0 (0s)
Nb errors removed: 3 (0s)
Superbubble
Nb superbubble removed: 0 0 (0s)
Tip
Nb Tip removed: 0 (0s)
Nb errors removed: 1 (0s)
Superbubble
Nb superbubble removed: 0 0 (0s)
Tip
Nb Tip removed: 1 (0s)
Superbubble
Nb superbubble removed: 0 0 (0s)
Tip
Nb Tip removed: 0 (0s)
Nb errors removed: 1 (0s)
Superbubble
Nb superbubble removed: 0 0 (0s)
Tip
Nb Tip removed: 0 (0s)
Nb errors removed: 3 (0s)
Superbubble
Nb superbubble removed: 0 0 (0s)
Tip
Nb Tip removed: 0 (0s)
Nb errors removed: 2 (0s)
Superbubble
Nb superbubble removed: 0 0 (0s)
Tip
Nb Tip removed: 0 (0s)
Nb errors removed: 1 (0s)
Superbubble
Nb superbubble removed: 0 0 (0s)
Tip
Nb Tip removed: 0 (0s)
Checksum: 0
Checksum abundnace: 0
Generating contigs
54.7637
45.2593
34.004
30.9127
28.1025
25.5477
23.2252
10.8347
6.11591
5.05447
4.17725
3.13843
2.14359
0


metaMDBG toMinspace  /var/folders/zg/vq0dnx517c54hg87dyqjky740000gn/T/.tmpMtxbLg/tmp/ /var/folders/zg/vq0dnx517c54hg87dyqjky740000gn/T/.tmpMtxbLg/tmp//contigs.nodepath /var/folders/zg/vq0dnx517c54hg87dyqjky740000gn/T/.tmpMtxbLg/tmp//unitig_data.txt --threads 10

Input dir: /var/folders/zg/vq0dnx517c54hg87dyqjky740000gn/T/.tmpMtxbLg/tmp/
Minimizer length: 15
Kminmer length: 24
Density: 0.005

Loading unitig sequences

Creating mContigs

Contig filename: /var/folders/zg/vq0dnx517c54hg87dyqjky740000gn/T/.tmpMtxbLg/tmp//unitig_data.txt
pass done: 24
Multi-k pass: 25/204


metaMDBG graph /var/folders/zg/vq0dnx517c54hg87dyqjky740000gn/T/.tmpMtxbLg/tmp/ --threads 10 --corrected-read 

Contig filename: 
Output dir: /var/folders/zg/vq0dnx517c54hg87dyqjky740000gn/T/.tmpMtxbLg/tmp/
Minimizer length: 15
Kminmer length: 25
Density: 0.005
Min abundance: 0

Loading refined abundances
	Duration: 0
Collecting kminmers
Building mdbg
Duration: 0
Nb solid kminmers: 28648
Nb small contigs written: 0
Dump kminmer abundances
	Duration: 0
Indexing edges
Edge index size: 28482
Edge index elements: 50753
	Duration: 0
Compute unitig nodes
	Duration: 0
Index unitig edges
	Duration: 0
Compute unitig edges
	Duration: 0
Dump unitig abundances
	Duration: 0
Nb edges:   0


metaMDBG contig  /var/folders/zg/vq0dnx517c54hg87dyqjky740000gn/T/.tmpMtxbLg/tmp/ --threads 10

Input dir: /var/folders/zg/vq0dnx517c54hg87dyqjky740000gn/T/.tmpMtxbLg/tmp/
Minimizer length: 15
Kminmer length: 25
Density: 0.005

Loading unitig graph
Load unitigs
Nb unitigs: 1503
Nb minimizers: 64720
Add unitig abundances
Sorting abundances
Add unitig edges
Nb unitig edges: 3366
Sorting unitig edges
Done loading unitig graph
Simplifying
Max abundance: 112
Nb unitigs: 1503
Superbubble
Nb superbubble removed: 224 0 (0s)
Tip
Nb Tip removed: 246 (0s)
Superbubble
Nb superbubble removed: 110 0 (0s)
Tip
Nb Tip removed: 0 (0s)
Nb errors removed: 337 (0s)
Superbubble
Nb superbubble removed: 0 0 (0s)
Tip
Nb Tip removed: 0 (0s)
Nb errors removed: 37 (0s)
Superbubble
Nb superbubble removed: 0 0 (0s)
Tip
Nb Tip removed: 0 (0s)
Nb errors removed: 6 (0s)
Superbubble
Nb superbubble removed: 0 0 (0s)
Tip
Nb Tip removed: 0 (0s)
Nb errors removed: 5 (0s)
Superbubble
Nb superbubble removed: 0 0 (0s)
Tip
Nb Tip removed: 0 (0s)
Nb errors removed: 2 (0s)
Superbubble
Nb superbubble removed: 0 0 (0s)
Tip
Nb Tip removed: 0 (0s)
Nb errors removed: 1 (0s)
Superbubble
Nb superbubble removed: 0 0 (0s)
Tip
Nb Tip removed: 0 (0s)
Nb errors removed: 1 (0s)
Superbubble
Nb superbubble removed: 0 0 (0s)
Tip
Nb Tip removed: 0 (0s)
Nb errors removed: 3 (0s)
Superbubble
Nb superbubble removed: 0 0 (0s)
Tip
Nb Tip removed: 0 (0s)
Nb errors removed: 1 (0s)
Superbubble
Nb superbubble removed: 0 0 (0s)
Tip
Nb Tip removed: 1 (0s)
Superbubble
Nb superbubble removed: 0 0 (0s)
Tip
Nb Tip removed: 0 (0s)
Nb errors removed: 1 (0s)
Superbubble
Nb superbubble removed: 0 0 (0s)
Tip
Nb Tip removed: 0 (0s)
Nb errors removed: 3 (0s)
Superbubble
Nb superbubble removed: 0 0 (0s)
Tip
Nb Tip removed: 0 (0s)
Nb errors removed: 2 (0s)
Superbubble
Nb superbubble removed: 0 0 (0s)
Tip
Nb Tip removed: 0 (0s)
Nb errors removed: 1 (0s)
Superbubble
Nb superbubble removed: 0 0 (0s)
Tip
Nb Tip removed: 0 (0s)
Checksum: 0
Checksum abundnace: 0
Generating contigs
54.7637
45.2593
34.004
30.9127
28.1025
25.5477
23.2252
10.8347
6.11591
5.05447
4.17725
3.13843
2.14359
0


metaMDBG toMinspace  /var/folders/zg/vq0dnx517c54hg87dyqjky740000gn/T/.tmpMtxbLg/tmp/ /var/folders/zg/vq0dnx517c54hg87dyqjky740000gn/T/.tmpMtxbLg/tmp//contigs.nodepath /var/folders/zg/vq0dnx517c54hg87dyqjky740000gn/T/.tmpMtxbLg/tmp//unitig_data.txt --threads 10

Input dir: /var/folders/zg/vq0dnx517c54hg87dyqjky740000gn/T/.tmpMtxbLg/tmp/
Minimizer length: 15
Kminmer length: 25
Density: 0.005

Loading unitig sequences

Creating mContigs

Contig filename: /var/folders/zg/vq0dnx517c54hg87dyqjky740000gn/T/.tmpMtxbLg/tmp//unitig_data.txt
pass done: 25
Multi-k pass: 26/204


metaMDBG graph /var/folders/zg/vq0dnx517c54hg87dyqjky740000gn/T/.tmpMtxbLg/tmp/ --threads 10 --corrected-read 

Contig filename: 
Output dir: /var/folders/zg/vq0dnx517c54hg87dyqjky740000gn/T/.tmpMtxbLg/tmp/
Minimizer length: 15
Kminmer length: 26
Density: 0.005
Min abundance: 0

Loading refined abundances
	Duration: 0
Collecting kminmers
Building mdbg
Duration: 0
Nb solid kminmers: 28805
Nb small contigs written: 0
Dump kminmer abundances
	Duration: 0
Indexing edges
Edge index size: 28638
Edge index elements: 50920
	Duration: 0
Compute unitig nodes
	Duration: 0
Index unitig edges
	Duration: 0
Compute unitig edges
	Duration: 0
Dump unitig abundances
	Duration: 0
Nb edges:   0


metaMDBG contig  /var/folders/zg/vq0dnx517c54hg87dyqjky740000gn/T/.tmpMtxbLg/tmp/ --threads 10

Input dir: /var/folders/zg/vq0dnx517c54hg87dyqjky740000gn/T/.tmpMtxbLg/tmp/
Minimizer length: 15
Kminmer length: 26
Density: 0.005

Loading unitig graph
Load unitigs
Nb unitigs: 1484
Nb minimizers: 65905
Add unitig abundances
Sorting abundances
Add unitig edges
Nb unitig edges: 3332
Sorting unitig edges
Done loading unitig graph
Simplifying
Max abundance: 112
Nb unitigs: 1484
Superbubble
Nb superbubble removed: 208 0 (0s)
Tip
Nb Tip removed: 243 (0s)
Superbubble
Nb superbubble removed: 108 0 (0s)
Tip
Nb Tip removed: 0 (0s)
Nb errors removed: 330 (0s)
Superbubble
Nb superbubble removed: 0 0 (0s)
Tip
Nb Tip removed: 0 (0s)
Nb errors removed: 36 (0s)
Superbubble
Nb superbubble removed: 0 0 (0s)
Tip
Nb Tip removed: 0 (0s)
Nb errors removed: 7 (0s)
Superbubble
Nb superbubble removed: 0 0 (0s)
Tip
Nb Tip removed: 0 (0s)
Nb errors removed: 5 (0s)
Superbubble
Nb superbubble removed: 0 0 (0s)
Tip
Nb Tip removed: 0 (0s)
Nb errors removed: 2 (0s)
Superbubble
Nb superbubble removed: 0 0 (0s)
Tip
Nb Tip removed: 0 (0s)
Nb errors removed: 1 (0s)
Superbubble
Nb superbubble removed: 0 0 (0s)
Tip
Nb Tip removed: 0 (0s)
Nb errors removed: 1 (0s)
Superbubble
Nb superbubble removed: 0 0 (0s)
Tip
Nb Tip removed: 0 (0s)
Nb errors removed: 3 (0s)
Superbubble
Nb superbubble removed: 0 0 (0s)
Tip
Nb Tip removed: 0 (0s)
Nb errors removed: 1 (0s)
Superbubble
Nb superbubble removed: 0 0 (0s)
Tip
Nb Tip removed: 1 (0s)
Superbubble
Nb superbubble removed: 0 0 (0s)
Tip
Nb Tip removed: 0 (0s)
Nb errors removed: 1 (0s)
Superbubble
Nb superbubble removed: 0 0 (0s)
Tip
Nb Tip removed: 0 (0s)
Nb errors removed: 3 (0s)
Superbubble
Nb superbubble removed: 0 0 (0s)
Tip
Nb Tip removed: 0 (0s)
Nb errors removed: 2 (0s)
Superbubble
Nb superbubble removed: 0 0 (0s)
Tip
Nb Tip removed: 0 (0s)
Nb errors removed: 1 (0s)
Superbubble
Nb superbubble removed: 0 0 (0s)
Tip
Nb Tip removed: 0 (0s)
Checksum: 0
Checksum abundnace: 0
Generating contigs
54.7637
45.2593
34.004
30.9127
28.1025
25.5477
23.2252
10.8347
6.11591
5.05447
4.17725
3.13843
2.14359
0


metaMDBG toMinspace  /var/folders/zg/vq0dnx517c54hg87dyqjky740000gn/T/.tmpMtxbLg/tmp/ /var/folders/zg/vq0dnx517c54hg87dyqjky740000gn/T/.tmpMtxbLg/tmp//contigs.nodepath /var/folders/zg/vq0dnx517c54hg87dyqjky740000gn/T/.tmpMtxbLg/tmp//unitig_data.txt --threads 10

Input dir: /var/folders/zg/vq0dnx517c54hg87dyqjky740000gn/T/.tmpMtxbLg/tmp/
Minimizer length: 15
Kminmer length: 26
Density: 0.005

Loading unitig sequences

Creating mContigs

Contig filename: /var/folders/zg/vq0dnx517c54hg87dyqjky740000gn/T/.tmpMtxbLg/tmp//unitig_data.txt
pass done: 26
Multi-k pass: 27/204


metaMDBG graph /var/folders/zg/vq0dnx517c54hg87dyqjky740000gn/T/.tmpMtxbLg/tmp/ --threads 10 --corrected-read 

Contig filename: 
Output dir: /var/folders/zg/vq0dnx517c54hg87dyqjky740000gn/T/.tmpMtxbLg/tmp/
Minimizer length: 15
Kminmer length: 27
Density: 0.005
Min abundance: 0

Loading refined abundances
	Duration: 0
Collecting kminmers
Building mdbg
Duration: 0
Nb solid kminmers: 28965
Nb small contigs written: 0
Dump kminmer abundances
	Duration: 0
Indexing edges
Edge index size: 28794
Edge index elements: 50962
	Duration: 0
Compute unitig nodes
	Duration: 0
Index unitig edges
	Duration: 0
Compute unitig edges
	Duration: 0
Dump unitig abundances
	Duration: 0
Nb edges:   0


metaMDBG contig  /var/folders/zg/vq0dnx517c54hg87dyqjky740000gn/T/.tmpMtxbLg/tmp/ --threads 10

Input dir: /var/folders/zg/vq0dnx517c54hg87dyqjky740000gn/T/.tmpMtxbLg/tmp/
Minimizer length: 15
Kminmer length: 27
Density: 0.005

Loading unitig graph
Load unitigs
Nb unitigs: 1479
Nb minimizers: 67419
Add unitig abundances
Sorting abundances
Add unitig edges
Nb unitig edges: 3312
Sorting unitig edges
Done loading unitig graph
Simplifying
Max abundance: 112
Nb unitigs: 1479
Superbubble
Nb superbubble removed: 202 0 (0s)
Tip
Nb Tip removed: 238 (0s)
Superbubble
Nb superbubble removed: 112 0 (0s)
Tip
Nb Tip removed: 0 (0s)
Nb errors removed: 320 (0s)
Superbubble
Nb superbubble removed: 0 0 (0s)
Tip
Nb Tip removed: 0 (0s)
Nb errors removed: 36 (0s)
Superbubble
Nb superbubble removed: 0 0 (0s)
Tip
Nb Tip removed: 0 (0s)
Nb errors removed: 8 (0s)
Superbubble
Nb superbubble removed: 0 0 (0s)
Tip
Nb Tip removed: 0 (0s)
Nb errors removed: 5 (0s)
Superbubble
Nb superbubble removed: 0 0 (0s)
Tip
Nb Tip removed: 0 (0s)
Nb errors removed: 2 (0s)
Superbubble
Nb superbubble removed: 0 0 (0s)
Tip
Nb Tip removed: 0 (0s)
Nb errors removed: 1 (0s)
Superbubble
Nb superbubble removed: 0 0 (0s)
Tip
Nb Tip removed: 0 (0s)
Nb errors removed: 1 (0s)
Superbubble
Nb superbubble removed: 0 0 (0s)
Tip
Nb Tip removed: 0 (0s)
Nb errors removed: 3 (0s)
Superbubble
Nb superbubble removed: 0 0 (0s)
Tip
Nb Tip removed: 0 (0s)
Nb errors removed: 1 (0s)
Superbubble
Nb superbubble removed: 0 0 (0s)
Tip
Nb Tip removed: 1 (0s)
Superbubble
Nb superbubble removed: 0 0 (0s)
Tip
Nb Tip removed: 0 (0s)
Nb errors removed: 1 (0s)
Superbubble
Nb superbubble removed: 0 0 (0s)
Tip
Nb Tip removed: 0 (0s)
Nb errors removed: 3 (0s)
Superbubble
Nb superbubble removed: 0 0 (0s)
Tip
Nb Tip removed: 0 (0s)
Nb errors removed: 2 (0s)
Superbubble
Nb superbubble removed: 0 0 (0s)
Tip
Nb Tip removed: 0 (0s)
Nb errors removed: 1 (0s)
Superbubble
Nb superbubble removed: 0 0 (0s)
Tip
Nb Tip removed: 0 (0s)
Checksum: 0
Checksum abundnace: 0
Generating contigs
54.7637
45.2593
34.004
30.9127
28.1025
25.5477
23.2252
10.8347
6.11591
5.05447
4.17725
3.13843
2.14359
0


metaMDBG toMinspace  /var/folders/zg/vq0dnx517c54hg87dyqjky740000gn/T/.tmpMtxbLg/tmp/ /var/folders/zg/vq0dnx517c54hg87dyqjky740000gn/T/.tmpMtxbLg/tmp//contigs.nodepath /var/folders/zg/vq0dnx517c54hg87dyqjky740000gn/T/.tmpMtxbLg/tmp//unitig_data.txt --threads 10

Input dir: /var/folders/zg/vq0dnx517c54hg87dyqjky740000gn/T/.tmpMtxbLg/tmp/
Minimizer length: 15
Kminmer length: 27
Density: 0.005

Loading unitig sequences

Creating mContigs

Contig filename: /var/folders/zg/vq0dnx517c54hg87dyqjky740000gn/T/.tmpMtxbLg/tmp//unitig_data.txt
pass done: 27
Multi-k pass: 28/204


metaMDBG graph /var/folders/zg/vq0dnx517c54hg87dyqjky740000gn/T/.tmpMtxbLg/tmp/ --threads 10 --corrected-read 

Contig filename: 
Output dir: /var/folders/zg/vq0dnx517c54hg87dyqjky740000gn/T/.tmpMtxbLg/tmp/
Minimizer length: 15
Kminmer length: 28
Density: 0.005
Min abundance: 0

Loading refined abundances
	Duration: 0
Collecting kminmers
Building mdbg
Duration: 0
Nb solid kminmers: 29126
Nb small contigs written: 0
Dump kminmer abundances
	Duration: 0
Indexing edges
Edge index size: 28957
Edge index elements: 51359
	Duration: 0
Compute unitig nodes
	Duration: 0
Index unitig edges
	Duration: 0
Compute unitig edges
	Duration: 0
Dump unitig abundances
	Duration: 0
Nb edges:   0


metaMDBG contig  /var/folders/zg/vq0dnx517c54hg87dyqjky740000gn/T/.tmpMtxbLg/tmp/ --threads 10

Input dir: /var/folders/zg/vq0dnx517c54hg87dyqjky740000gn/T/.tmpMtxbLg/tmp/
Minimizer length: 15
Kminmer length: 28
Density: 0.005

Loading unitig graph
Load unitigs
Nb unitigs: 1466
Nb minimizers: 68708
Add unitig abundances
Sorting abundances
Add unitig edges
Nb unitig edges: 3292
Sorting unitig edges
Done loading unitig graph
Simplifying
Max abundance: 112
Nb unitigs: 1466
Superbubble
Nb superbubble removed: 196 0 (0s)
Tip
Nb Tip removed: 236 (0s)
Superbubble
Nb superbubble removed: 102 0 (0s)
Tip
Nb Tip removed: 0 (0s)
Nb errors removed: 314 (0s)
Superbubble
Nb superbubble removed: 0 0 (0s)
Tip
Nb Tip removed: 0 (0s)
Nb errors removed: 37 (0s)
Superbubble
Nb superbubble removed: 0 0 (0s)
Tip
Nb Tip removed: 0 (0s)
Nb errors removed: 9 (0s)
Superbubble
Nb superbubble removed: 0 0 (0s)
Tip
Nb Tip removed: 0 (0s)
Nb errors removed: 7 (0s)
Superbubble
Nb superbubble removed: 0 0 (0s)
Tip
Nb Tip removed: 0 (0s)
Nb errors removed: 2 (0s)
Superbubble
Nb superbubble removed: 0 0 (0s)
Tip
Nb Tip removed: 0 (0s)
Nb errors removed: 1 (0s)
Superbubble
Nb superbubble removed: 0 0 (0s)
Tip
Nb Tip removed: 0 (0s)
Nb errors removed: 2 (0s)
Superbubble
Nb superbubble removed: 0 0 (0s)
Tip
Nb Tip removed: 0 (0s)
Nb errors removed: 1 (0s)
Superbubble
Nb superbubble removed: 0 0 (0s)
Tip
Nb Tip removed: 0 (0s)
Nb errors removed: 3 (0s)
Superbubble
Nb superbubble removed: 0 0 (0s)
Tip
Nb Tip removed: 0 (0s)
Nb errors removed: 1 (0s)
Superbubble
Nb superbubble removed: 0 0 (0s)
Tip
Nb Tip removed: 1 (0s)
Superbubble
Nb superbubble removed: 0 0 (0s)
Tip
Nb Tip removed: 0 (0s)
Nb errors removed: 1 (0s)
Superbubble
Nb superbubble removed: 0 0 (0s)
Tip
Nb Tip removed: 0 (0s)
Nb errors removed: 3 (0s)
Superbubble
Nb superbubble removed: 0 0 (0s)
Tip
Nb Tip removed: 0 (0s)
Nb errors removed: 2 (0s)
Superbubble
Nb superbubble removed: 0 0 (0s)
Tip
Nb Tip removed: 0 (0s)
Nb errors removed: 1 (0s)
Superbubble
Nb superbubble removed: 0 0 (0s)
Tip
Nb Tip removed: 0 (0s)
Checksum: 0
Checksum abundnace: 0
Generating contigs
54.7637
45.2593
34.004
30.9127
28.1025
25.5477
23.2252
10.8347
7.40025
6.11591
5.05447
4.17725
3.13843
2.14359
0


metaMDBG toMinspace  /var/folders/zg/vq0dnx517c54hg87dyqjky740000gn/T/.tmpMtxbLg/tmp/ /var/folders/zg/vq0dnx517c54hg87dyqjky740000gn/T/.tmpMtxbLg/tmp//contigs.nodepath /var/folders/zg/vq0dnx517c54hg87dyqjky740000gn/T/.tmpMtxbLg/tmp//unitig_data.txt --threads 10

Input dir: /var/folders/zg/vq0dnx517c54hg87dyqjky740000gn/T/.tmpMtxbLg/tmp/
Minimizer length: 15
Kminmer length: 28
Density: 0.005

Loading unitig sequences

Creating mContigs

Contig filename: /var/folders/zg/vq0dnx517c54hg87dyqjky740000gn/T/.tmpMtxbLg/tmp//unitig_data.txt
pass done: 28
Multi-k pass: 29/204


metaMDBG graph /var/folders/zg/vq0dnx517c54hg87dyqjky740000gn/T/.tmpMtxbLg/tmp/ --threads 10 --corrected-read 

Contig filename: 
Output dir: /var/folders/zg/vq0dnx517c54hg87dyqjky740000gn/T/.tmpMtxbLg/tmp/
Minimizer length: 15
Kminmer length: 29
Density: 0.005
Min abundance: 0

Loading refined abundances
	Duration: 0
Collecting kminmers
Building mdbg
Duration: 0
Nb solid kminmers: 29284
Nb small contigs written: 0
Dump kminmer abundances
	Duration: 0
Indexing edges
Edge index size: 29111
Edge index elements: 51771
	Duration: 0
Compute unitig nodes
	Duration: 0
Index unitig edges
	Duration: 0
Compute unitig edges
	Duration: 0
Dump unitig abundances
	Duration: 0
Nb edges:   0


metaMDBG contig  /var/folders/zg/vq0dnx517c54hg87dyqjky740000gn/T/.tmpMtxbLg/tmp/ --threads 10

Input dir: /var/folders/zg/vq0dnx517c54hg87dyqjky740000gn/T/.tmpMtxbLg/tmp/
Minimizer length: 15
Kminmer length: 29
Density: 0.005

Loading unitig graph
Load unitigs
Nb unitigs: 1447
Nb minimizers: 69800
Add unitig abundances
Sorting abundances
Add unitig edges
Nb unitig edges: 3262
Sorting unitig edges
Done loading unitig graph
Simplifying
Max abundance: 112
Nb unitigs: 1447
Superbubble
Nb superbubble removed: 186 0 (0s)
Tip
Nb Tip removed: 244 (0s)
Superbubble
Nb superbubble removed: 108 0 (0s)
Tip
Nb Tip removed: 0 (0s)
Nb errors removed: 302 (0s)
Superbubble
Nb superbubble removed: 0 0 (0s)
Tip
Nb Tip removed: 0 (0s)
Nb errors removed: 40 (0s)
Superbubble
Nb superbubble removed: 0 0 (0s)
Tip
Nb Tip removed: 0 (0s)
Nb errors removed: 15 (0s)
Superbubble
Nb superbubble removed: 0 0 (0s)
Tip
Nb Tip removed: 0 (0s)
Nb errors removed: 7 (0s)
Superbubble
Nb superbubble removed: 0 0 (0s)
Tip
Nb Tip removed: 0 (0s)
Nb errors removed: 3 (0s)
Superbubble
Nb superbubble removed: 0 0 (0s)
Tip
Nb Tip removed: 0 (0s)
Nb errors removed: 1 (0s)
Superbubble
Nb superbubble removed: 0 0 (0s)
Tip
Nb Tip removed: 0 (0s)
Nb errors removed: 2 (0s)
Superbubble
Nb superbubble removed: 0 0 (0s)
Tip
Nb Tip removed: 0 (0s)
Nb errors removed: 1 (0s)
Superbubble
Nb superbubble removed: 0 0 (0s)
Tip
Nb Tip removed: 0 (0s)
Nb errors removed: 3 (0s)
Superbubble
Nb superbubble removed: 0 0 (0s)
Tip
Nb Tip removed: 0 (0s)
Nb errors removed: 1 (0s)
Superbubble
Nb superbubble removed: 0 0 (0s)
Tip
Nb Tip removed: 1 (0s)
Superbubble
Nb superbubble removed: 0 0 (0s)
Tip
Nb Tip removed: 0 (0s)
Nb errors removed: 1 (0s)
Superbubble
Nb superbubble removed: 0 0 (0s)
Tip
Nb Tip removed: 0 (0s)
Nb errors removed: 3 (0s)
Superbubble
Nb superbubble removed: 0 0 (0s)
Tip
Nb Tip removed: 0 (0s)
Nb errors removed: 2 (0s)
Superbubble
Nb superbubble removed: 0 0 (0s)
Tip
Nb Tip removed: 0 (0s)
Nb errors removed: 1 (0s)
Superbubble
Nb superbubble removed: 0 0 (0s)
Tip
Nb Tip removed: 0 (0s)
Checksum: 0
Checksum abundnace: 0
Generating contigs
54.7637
45.2593
34.004
30.9127
28.1025
25.5477
23.2252
10.8347
7.40025
6.11591
5.05447
4.17725
3.13843
2.14359
0


metaMDBG toMinspace  /var/folders/zg/vq0dnx517c54hg87dyqjky740000gn/T/.tmpMtxbLg/tmp/ /var/folders/zg/vq0dnx517c54hg87dyqjky740000gn/T/.tmpMtxbLg/tmp//contigs.nodepath /var/folders/zg/vq0dnx517c54hg87dyqjky740000gn/T/.tmpMtxbLg/tmp//unitig_data.txt --threads 10

Input dir: /var/folders/zg/vq0dnx517c54hg87dyqjky740000gn/T/.tmpMtxbLg/tmp/
Minimizer length: 15
Kminmer length: 29
Density: 0.005

Loading unitig sequences

Creating mContigs

Contig filename: /var/folders/zg/vq0dnx517c54hg87dyqjky740000gn/T/.tmpMtxbLg/tmp//unitig_data.txt
pass done: 29
Multi-k pass: 30/204


metaMDBG graph /var/folders/zg/vq0dnx517c54hg87dyqjky740000gn/T/.tmpMtxbLg/tmp/ --threads 10 --corrected-read 

Contig filename: 
Output dir: /var/folders/zg/vq0dnx517c54hg87dyqjky740000gn/T/.tmpMtxbLg/tmp/
Minimizer length: 15
Kminmer length: 30
Density: 0.005
Min abundance: 0

Loading refined abundances
	Duration: 0
Collecting kminmers
Building mdbg
Duration: 0
Nb solid kminmers: 29445
Nb small contigs written: 0
Dump kminmer abundances
	Duration: 0
Indexing edges
Edge index size: 29273
Edge index elements: 52004
	Duration: 0
Compute unitig nodes
	Duration: 0
Index unitig edges
	Duration: 0
Compute unitig edges
	Duration: 0
Dump unitig abundances
	Duration: 0
Nb edges:   0


metaMDBG contig  /var/folders/zg/vq0dnx517c54hg87dyqjky740000gn/T/.tmpMtxbLg/tmp/ --threads 10

Input dir: /var/folders/zg/vq0dnx517c54hg87dyqjky740000gn/T/.tmpMtxbLg/tmp/
Minimizer length: 15
Kminmer length: 30
Density: 0.005

Loading unitig graph
Load unitigs
Nb unitigs: 1429
Nb minimizers: 70886
Add unitig abundances
Sorting abundances
Add unitig edges
Nb unitig edges: 3230
Sorting unitig edges
Done loading unitig graph
Simplifying
Max abundance: 53
Nb unitigs: 1429
Superbubble
Nb superbubble removed: 176 0 (0s)
Tip
Nb Tip removed: 246 (0s)
Superbubble
Nb superbubble removed: 112 0 (0s)
Tip
Nb Tip removed: 0 (0s)
Nb errors removed: 297 (0s)
Superbubble
Nb superbubble removed: 0 0 (0s)
Tip
Nb Tip removed: 0 (0s)
Nb errors removed: 40 (0s)
Superbubble
Nb superbubble removed: 0 0 (0s)
Tip
Nb Tip removed: 0 (0s)
Nb errors removed: 15 (0s)
Superbubble
Nb superbubble removed: 0 0 (0s)
Tip
Nb Tip removed: 0 (0s)
Nb errors removed: 8 (0s)
Superbubble
Nb superbubble removed: 0 0 (0s)
Tip
Nb Tip removed: 0 (0s)
Nb errors removed: 3 (0s)
Superbubble
Nb superbubble removed: 0 0 (0s)
Tip
Nb Tip removed: 0 (0s)
Nb errors removed: 2 (0s)
Superbubble
Nb superbubble removed: 0 0 (0s)
Tip
Nb Tip removed: 0 (0s)
Nb errors removed: 2 (0s)
Superbubble
Nb superbubble removed: 0 0 (0s)
Tip
Nb Tip removed: 0 (0s)
Nb errors removed: 1 (0s)
Superbubble
Nb superbubble removed: 0 0 (0s)
Tip
Nb Tip removed: 0 (0s)
Nb errors removed: 3 (0s)
Superbubble
Nb superbubble removed: 0 0 (0s)
Tip
Nb Tip removed: 0 (0s)
Nb errors removed: 1 (0s)
Superbubble
Nb superbubble removed: 0 0 (0s)
Tip
Nb Tip removed: 1 (0s)
Superbubble
Nb superbubble removed: 0 0 (0s)
Tip
Nb Tip removed: 0 (0s)
Nb errors removed: 1 (0s)
Superbubble
Nb superbubble removed: 0 0 (0s)
Tip
Nb Tip removed: 0 (0s)
Nb errors removed: 3 (0s)
Superbubble
Nb superbubble removed: 0 0 (0s)
Tip
Nb Tip removed: 0 (0s)
Nb errors removed: 2 (0s)
Superbubble
Nb superbubble removed: 0 0 (0s)
Tip
Nb Tip removed: 0 (0s)
Nb errors removed: 1 (0s)
Superbubble
Nb superbubble removed: 0 0 (0s)
Tip
Nb Tip removed: 0 (0s)
Checksum: 0
Checksum abundnace: 0
Generating contigs
54.7637
45.2593
34.004
30.9127
28.1025
25.5477
23.2252
10.8347
7.40025
6.11591
5.05447
4.17725
3.13843
2.14359
0


metaMDBG toMinspace  /var/folders/zg/vq0dnx517c54hg87dyqjky740000gn/T/.tmpMtxbLg/tmp/ /var/folders/zg/vq0dnx517c54hg87dyqjky740000gn/T/.tmpMtxbLg/tmp//contigs.nodepath /var/folders/zg/vq0dnx517c54hg87dyqjky740000gn/T/.tmpMtxbLg/tmp//unitig_data.txt --threads 10

Input dir: /var/folders/zg/vq0dnx517c54hg87dyqjky740000gn/T/.tmpMtxbLg/tmp/
Minimizer length: 15
Kminmer length: 30
Density: 0.005

Loading unitig sequences

Creating mContigs

Contig filename: /var/folders/zg/vq0dnx517c54hg87dyqjky740000gn/T/.tmpMtxbLg/tmp//unitig_data.txt
pass done: 30
Multi-k pass: 31/204


metaMDBG graph /var/folders/zg/vq0dnx517c54hg87dyqjky740000gn/T/.tmpMtxbLg/tmp/ --threads 10 --corrected-read 

Contig filename: 
Output dir: /var/folders/zg/vq0dnx517c54hg87dyqjky740000gn/T/.tmpMtxbLg/tmp/
Minimizer length: 15
Kminmer length: 31
Density: 0.005
Min abundance: 0

Loading refined abundances
	Duration: 0
Collecting kminmers
Building mdbg
Duration: 0
Nb solid kminmers: 29605
Nb small contigs written: 0
Dump kminmer abundances
	Duration: 0
Indexing edges
Edge index size: 29437
Edge index elements: 51898
	Duration: 0
Compute unitig nodes
	Duration: 0
Index unitig edges
	Duration: 0
Compute unitig edges
	Duration: 0
Dump unitig abundances
	Duration: 0
Nb edges:   0


metaMDBG contig  /var/folders/zg/vq0dnx517c54hg87dyqjky740000gn/T/.tmpMtxbLg/tmp/ --threads 10 --gen-graph 

Input dir: /var/folders/zg/vq0dnx517c54hg87dyqjky740000gn/T/.tmpMtxbLg/tmp/
Minimizer length: 15
Kminmer length: 31
Density: 0.005

Loading unitig graph
Load unitigs
Nb unitigs: 1418
Nb minimizers: 72145
Add unitig abundances
Sorting abundances
Add unitig edges
Nb unitig edges: 3196
Sorting unitig edges
Done loading unitig graph
Simplifying
Max abundance: 42
Nb unitigs: 1418
Superbubble
Nb superbubble removed: 164 0 (0s)
Tip
Nb Tip removed: 254 (0s)
Superbubble
Nb superbubble removed: 114 0 (0s)
Tip
Nb Tip removed: 0 (0s)
Saving unitig graph: /var/folders/zg/vq0dnx517c54hg87dyqjky740000gn/T/.tmpMtxbLg/tmp//assembly_graph.gfa
Nb errors removed: 301 (0s)
Superbubble
Nb superbubble removed: 0 0 (0s)
Tip
Nb Tip removed: 0 (0s)
Nb errors removed: 41 (0s)
Superbubble
Nb superbubble removed: 0 0 (0s)
Tip
Nb Tip removed: 0 (0s)
Nb errors removed: 17 (0s)
Superbubble
Nb superbubble removed: 0 0 (0s)
Tip
Nb Tip removed: 0 (0s)
Nb errors removed: 7 (0s)
Superbubble
Nb superbubble removed: 0 0 (0s)
Tip
Nb Tip removed: 0 (0s)
Nb errors removed: 3 (0s)
Superbubble
Nb superbubble removed: 0 0 (0s)
Tip
Nb Tip removed: 0 (0s)
Nb errors removed: 2 (0s)
Superbubble
Nb superbubble removed: 0 0 (0s)
Tip
Nb Tip removed: 0 (0s)
Nb errors removed: 2 (0s)
Superbubble
Nb superbubble removed: 0 0 (0s)
Tip
Nb Tip removed: 0 (0s)
Nb errors removed: 1 (0s)
Superbubble
Nb superbubble removed: 0 0 (0s)
Tip
Nb Tip removed: 0 (0s)
Nb errors removed: 3 (0s)
Superbubble
Nb superbubble removed: 0 0 (0s)
Tip
Nb Tip removed: 0 (0s)
Nb errors removed: 1 (0s)
Superbubble
Nb superbubble removed: 0 0 (0s)
Tip
Nb Tip removed: 0 (0s)
Nb errors removed: 2 (0s)
Superbubble
Nb superbubble removed: 0 0 (0s)
Tip
Nb Tip removed: 0 (0s)
Nb errors removed: 2 (0s)
Superbubble
Nb superbubble removed: 0 0 (0s)
Tip
Nb Tip removed: 0 (0s)
Nb errors removed: 2 (0s)
Superbubble
Nb superbubble removed: 0 0 (0s)
Tip
Nb Tip removed: 0 (0s)
Checksum: 0
Checksum abundnace: 0
Generating contigs
45.2593
34.004
30.9127
28.1025
25.5477
23.2252
10.8347
7.40025
6.11591
5.05447
4.17725
3.13843
2.14359
0


metaMDBG toMinspace  /var/folders/zg/vq0dnx517c54hg87dyqjky740000gn/T/.tmpMtxbLg/tmp/ /var/folders/zg/vq0dnx517c54hg87dyqjky740000gn/T/.tmpMtxbLg/tmp//contigs.nodepath /var/folders/zg/vq0dnx517c54hg87dyqjky740000gn/T/.tmpMtxbLg/tmp//unitig_data.txt --threads 10

Input dir: /var/folders/zg/vq0dnx517c54hg87dyqjky740000gn/T/.tmpMtxbLg/tmp/
Minimizer length: 15
Kminmer length: 31
Density: 0.005

Loading unitig sequences

Creating mContigs

Contig filename: /var/folders/zg/vq0dnx517c54hg87dyqjky740000gn/T/.tmpMtxbLg/tmp//unitig_data.txt


metaMDBG toMinspace  /var/folders/zg/vq0dnx517c54hg87dyqjky740000gn/T/.tmpMtxbLg/tmp/ /var/folders/zg/vq0dnx517c54hg87dyqjky740000gn/T/.tmpMtxbLg/tmp//assembly_graph.gfa.unitigs.nodepath /var/folders/zg/vq0dnx517c54hg87dyqjky740000gn/T/.tmpMtxbLg/tmp//assembly_graph.gfa.unitigs --threads 10

Input dir: /var/folders/zg/vq0dnx517c54hg87dyqjky740000gn/T/.tmpMtxbLg/tmp/
Minimizer length: 15
Kminmer length: 31
Density: 0.005

Loading unitig sequences

Creating mContigs

Contig filename: /var/folders/zg/vq0dnx517c54hg87dyqjky740000gn/T/.tmpMtxbLg/tmp//assembly_graph.gfa.unitigs
pass done: 31
Multi-k pass: 32/204


metaMDBG graph /var/folders/zg/vq0dnx517c54hg87dyqjky740000gn/T/.tmpMtxbLg/tmp/ --threads 10 --corrected-read 

Contig filename: 
Output dir: /var/folders/zg/vq0dnx517c54hg87dyqjky740000gn/T/.tmpMtxbLg/tmp/
Minimizer length: 15
Kminmer length: 32
Density: 0.005
Min abundance: 0

Loading refined abundances
	Duration: 0
Collecting kminmers
Building mdbg
Duration: 0
Nb solid kminmers: 29756
Nb small contigs written: 0
Dump kminmer abundances
	Duration: 0
Indexing edges
Edge index size: 29599
Edge index elements: 52509
	Duration: 0
Compute unitig nodes
	Duration: 0
Index unitig edges
	Duration: 0
Compute unitig edges
	Duration: 0
Dump unitig abundances
	Duration: 0
Nb edges:   0


metaMDBG contig  /var/folders/zg/vq0dnx517c54hg87dyqjky740000gn/T/.tmpMtxbLg/tmp/ --threads 10

Input dir: /var/folders/zg/vq0dnx517c54hg87dyqjky740000gn/T/.tmpMtxbLg/tmp/
Minimizer length: 15
Kminmer length: 32
Density: 0.005

Loading unitig graph
Load unitigs
Nb unitigs: 1395
Nb minimizers: 73001
Add unitig abundances
Sorting abundances
Add unitig edges
Nb unitig edges: 3134
Sorting unitig edges
Done loading unitig graph
Simplifying
Max abundance: 42
Nb unitigs: 1395
Superbubble
Nb superbubble removed: 154 0 (0s)
Tip
Nb Tip removed: 259 (0s)
Superbubble
Nb superbubble removed: 112 0 (0s)
Tip
Nb Tip removed: 0 (0s)
Nb errors removed: 298 (0s)
Superbubble
Nb superbubble removed: 0 0 (0s)
Tip
Nb Tip removed: 0 (0s)
Nb errors removed: 42 (0s)
Superbubble
Nb superbubble removed: 0 0 (0s)
Tip
Nb Tip removed: 0 (0s)
Nb errors removed: 17 (0s)
Superbubble
Nb superbubble removed: 0 0 (0s)
Tip
Nb Tip removed: 0 (0s)
Nb errors removed: 11 (0s)
Superbubble
Nb superbubble removed: 0 0 (0s)
Tip
Nb Tip removed: 0 (0s)
Nb errors removed: 2 (0s)
Superbubble
Nb superbubble removed: 0 0 (0s)
Tip
Nb Tip removed: 0 (0s)
Nb errors removed: 3 (0s)
Superbubble
Nb superbubble removed: 0 0 (0s)
Tip
Nb Tip removed: 0 (0s)
Nb errors removed: 1 (0s)
Superbubble
Nb superbubble removed: 0 0 (0s)
Tip
Nb Tip removed: 0 (0s)
Nb errors removed: 1 (0s)
Superbubble
Nb superbubble removed: 0 0 (0s)
Tip
Nb Tip removed: 0 (0s)
Nb errors removed: 3 (0s)
Superbubble
Nb superbubble removed: 0 0 (0s)
Tip
Nb Tip removed: 0 (0s)
Nb errors removed: 3 (0s)
Superbubble
Nb superbubble removed: 0 0 (0s)
Tip
Nb Tip removed: 0 (0s)
Nb errors removed: 2 (0s)
Superbubble
Nb superbubble removed: 0 0 (0s)
Tip
Nb Tip removed: 0 (0s)
Nb errors removed: 2 (0s)
Superbubble
Nb superbubble removed: 0 0 (0s)
Tip
Nb Tip removed: 0 (0s)
Checksum: 0
Checksum abundnace: 0
Generating contigs
45.2593
34.004
28.1025
25.5477
23.2252
10.8347
7.40025
6.11591
5.05447
4.17725
3.13843
2.14359
0


metaMDBG toMinspace  /var/folders/zg/vq0dnx517c54hg87dyqjky740000gn/T/.tmpMtxbLg/tmp/ /var/folders/zg/vq0dnx517c54hg87dyqjky740000gn/T/.tmpMtxbLg/tmp//contigs.nodepath /var/folders/zg/vq0dnx517c54hg87dyqjky740000gn/T/.tmpMtxbLg/tmp//unitig_data.txt --threads 10

Input dir: /var/folders/zg/vq0dnx517c54hg87dyqjky740000gn/T/.tmpMtxbLg/tmp/
Minimizer length: 15
Kminmer length: 32
Density: 0.005

Loading unitig sequences

Creating mContigs

Contig filename: /var/folders/zg/vq0dnx517c54hg87dyqjky740000gn/T/.tmpMtxbLg/tmp//unitig_data.txt
pass done: 32
Multi-k pass: 33/204


metaMDBG graph /var/folders/zg/vq0dnx517c54hg87dyqjky740000gn/T/.tmpMtxbLg/tmp/ --threads 10 --corrected-read 

Contig filename: 
Output dir: /var/folders/zg/vq0dnx517c54hg87dyqjky740000gn/T/.tmpMtxbLg/tmp/
Minimizer length: 15
Kminmer length: 33
Density: 0.005
Min abundance: 0

Loading refined abundances
	Duration: 0
Collecting kminmers
Building mdbg
Duration: 0
Nb solid kminmers: 29905
Nb small contigs written: 0
Dump kminmer abundances
	Duration: 0
Indexing edges
Edge index size: 29751
Edge index elements: 53112
	Duration: 0
Compute unitig nodes
	Duration: 0
Index unitig edges
	Duration: 0
Compute unitig edges
	Duration: 0
Dump unitig abundances
	Duration: 0
Nb edges:   0


metaMDBG contig  /var/folders/zg/vq0dnx517c54hg87dyqjky740000gn/T/.tmpMtxbLg/tmp/ --threads 10

Input dir: /var/folders/zg/vq0dnx517c54hg87dyqjky740000gn/T/.tmpMtxbLg/tmp/
Minimizer length: 15
Kminmer length: 33
Density: 0.005

Loading unitig graph
Load unitigs
Nb unitigs: 1392
Nb minimizers: 74449
Add unitig abundances
Sorting abundances
Add unitig edges
Nb unitig edges: 3112
Sorting unitig edges
Done loading unitig graph
Simplifying
Max abundance: 42
Nb unitigs: 1392
Superbubble
Nb superbubble removed: 150 0 (0s)
Tip
Nb Tip removed: 258 (0s)
Superbubble
Nb superbubble removed: 110 0 (0s)
Tip
Nb Tip removed: 0 (0s)
Nb errors removed: 295 (0s)
Superbubble
Nb superbubble removed: 0 0 (0s)
Tip
Nb Tip removed: 0 (0s)
Nb errors removed: 43 (0s)
Superbubble
Nb superbubble removed: 0 0 (0s)
Tip
Nb Tip removed: 0 (0s)
Nb errors removed: 18 (0s)
Superbubble
Nb superbubble removed: 0 0 (0s)
Tip
Nb Tip removed: 0 (0s)
Nb errors removed: 11 (0s)
Superbubble
Nb superbubble removed: 0 0 (0s)
Tip
Nb Tip removed: 0 (0s)
Nb errors removed: 2 (0s)
Superbubble
Nb superbubble removed: 0 0 (0s)
Tip
Nb Tip removed: 0 (0s)
Nb errors removed: 3 (0s)
Superbubble
Nb superbubble removed: 0 0 (0s)
Tip
Nb Tip removed: 0 (0s)
Nb errors removed: 1 (0s)
Superbubble
Nb superbubble removed: 0 0 (0s)
Tip
Nb Tip removed: 0 (0s)
Nb errors removed: 1 (0s)
Superbubble
Nb superbubble removed: 0 0 (0s)
Tip
Nb Tip removed: 0 (0s)
Nb errors removed: 3 (0s)
Superbubble
Nb superbubble removed: 0 0 (0s)
Tip
Nb Tip removed: 0 (0s)
Nb errors removed: 4 (0s)
Superbubble
Nb superbubble removed: 0 0 (0s)
Tip
Nb Tip removed: 0 (0s)
Nb errors removed: 1 (0s)
Superbubble
Nb superbubble removed: 0 0 (0s)
Tip
Nb Tip removed: 0 (0s)
Nb errors removed: 2 (0s)
Superbubble
Nb superbubble removed: 0 0 (0s)
Tip
Nb Tip removed: 0 (0s)
Checksum: 0
Checksum abundnace: 0
Generating contigs
45.2593
34.004
28.1025
25.5477
23.2252
10.8347
7.40025
6.11591
5.05447
4.17725
3.13843
2.14359
0


metaMDBG toMinspace  /var/folders/zg/vq0dnx517c54hg87dyqjky740000gn/T/.tmpMtxbLg/tmp/ /var/folders/zg/vq0dnx517c54hg87dyqjky740000gn/T/.tmpMtxbLg/tmp//contigs.nodepath /var/folders/zg/vq0dnx517c54hg87dyqjky740000gn/T/.tmpMtxbLg/tmp//unitig_data.txt --threads 10

Input dir: /var/folders/zg/vq0dnx517c54hg87dyqjky740000gn/T/.tmpMtxbLg/tmp/
Minimizer length: 15
Kminmer length: 33
Density: 0.005

Loading unitig sequences

Creating mContigs

Contig filename: /var/folders/zg/vq0dnx517c54hg87dyqjky740000gn/T/.tmpMtxbLg/tmp//unitig_data.txt
pass done: 33
Multi-k pass: 34/204


metaMDBG graph /var/folders/zg/vq0dnx517c54hg87dyqjky740000gn/T/.tmpMtxbLg/tmp/ --threads 10 --corrected-read 

Contig filename: 
Output dir: /var/folders/zg/vq0dnx517c54hg87dyqjky740000gn/T/.tmpMtxbLg/tmp/
Minimizer length: 15
Kminmer length: 34
Density: 0.005
Min abundance: 0

Loading refined abundances
	Duration: 0
Collecting kminmers
Building mdbg
Duration: 0
Nb solid kminmers: 30028
Nb small contigs written: 0
Dump kminmer abundances
	Duration: 0
Indexing edges
Edge index size: 29886
Edge index elements: 53231
	Duration: 0
Compute unitig nodes
	Duration: 0
Index unitig edges
	Duration: 0
Compute unitig edges
	Duration: 0
Dump unitig abundances
	Duration: 0
Nb edges:   0


metaMDBG contig  /var/folders/zg/vq0dnx517c54hg87dyqjky740000gn/T/.tmpMtxbLg/tmp/ --threads 10

Input dir: /var/folders/zg/vq0dnx517c54hg87dyqjky740000gn/T/.tmpMtxbLg/tmp/
Minimizer length: 15
Kminmer length: 34
Density: 0.005

Loading unitig graph
Load unitigs
Nb unitigs: 1364
Nb minimizers: 75040
Add unitig abundances
Sorting abundances
Add unitig edges
Nb unitig edges: 3036
Sorting unitig edges
Done loading unitig graph
Simplifying
Max abundance: 42
Nb unitigs: 1364
Superbubble
Nb superbubble removed: 140 0 (0s)
Tip
Nb Tip removed: 255 (0s)
Superbubble
Nb superbubble removed: 102 0 (0s)
Tip
Nb Tip removed: 0 (0s)
Nb errors removed: 290 (0s)
Superbubble
Nb superbubble removed: 0 0 (0s)
Tip
Nb Tip removed: 0 (0s)
Nb errors removed: 45 (0s)
Superbubble
Nb superbubble removed: 0 0 (0s)
Tip
Nb Tip removed: 0 (0s)
Nb errors removed: 20 (0s)
Superbubble
Nb superbubble removed: 0 0 (0s)
Tip
Nb Tip removed: 0 (0s)
Nb errors removed: 13 (0s)
Superbubble
Nb superbubble removed: 0 0 (0s)
Tip
Nb Tip removed: 0 (0s)
Nb errors removed: 2 (0s)
Superbubble
Nb superbubble removed: 0 0 (0s)
Tip
Nb Tip removed: 0 (0s)
Nb errors removed: 3 (0s)
Superbubble
Nb superbubble removed: 0 0 (0s)
Tip
Nb Tip removed: 0 (0s)
Nb errors removed: 1 (0s)
Superbubble
Nb superbubble removed: 0 0 (0s)
Tip
Nb Tip removed: 0 (0s)
Nb errors removed: 1 (0s)
Superbubble
Nb superbubble removed: 0 0 (0s)
Tip
Nb Tip removed: 0 (0s)
Nb errors removed: 1 (0s)
Superbubble
Nb superbubble removed: 0 0 (0s)
Tip
Nb Tip removed: 0 (0s)
Nb errors removed: 3 (0s)
Superbubble
Nb superbubble removed: 0 0 (0s)
Tip
Nb Tip removed: 0 (0s)
Nb errors removed: 5 (0s)
Superbubble
Nb superbubble removed: 0 0 (0s)
Tip
Nb Tip removed: 0 (0s)
Nb errors removed: 1 (0s)
Superbubble
Nb superbubble removed: 0 0 (0s)
Tip
Nb Tip removed: 0 (0s)
Nb errors removed: 2 (0s)
Superbubble
Nb superbubble removed: 0 0 (0s)
Tip
Nb Tip removed: 0 (0s)
Checksum: 0
Checksum abundnace: 0
Generating contigs
45.2593
34.004
28.1025
25.5477
23.2252
21.1138
10.8347
7.40025
6.11591
5.05447
4.17725
3.13843
2.14359
0


metaMDBG toMinspace  /var/folders/zg/vq0dnx517c54hg87dyqjky740000gn/T/.tmpMtxbLg/tmp/ /var/folders/zg/vq0dnx517c54hg87dyqjky740000gn/T/.tmpMtxbLg/tmp//contigs.nodepath /var/folders/zg/vq0dnx517c54hg87dyqjky740000gn/T/.tmpMtxbLg/tmp//unitig_data.txt --threads 10

Input dir: /var/folders/zg/vq0dnx517c54hg87dyqjky740000gn/T/.tmpMtxbLg/tmp/
Minimizer length: 15
Kminmer length: 34
Density: 0.005

Loading unitig sequences

Creating mContigs

Contig filename: /var/folders/zg/vq0dnx517c54hg87dyqjky740000gn/T/.tmpMtxbLg/tmp//unitig_data.txt
pass done: 34
Multi-k pass: 35/204


metaMDBG graph /var/folders/zg/vq0dnx517c54hg87dyqjky740000gn/T/.tmpMtxbLg/tmp/ --threads 10 --corrected-read 

Contig filename: 
Output dir: /var/folders/zg/vq0dnx517c54hg87dyqjky740000gn/T/.tmpMtxbLg/tmp/
Minimizer length: 15
Kminmer length: 35
Density: 0.005
Min abundance: 0

Loading refined abundances
	Duration: 0
Collecting kminmers
Building mdbg
Duration: 0
Nb solid kminmers: 30157
Nb small contigs written: 0
Dump kminmer abundances
	Duration: 0
Indexing edges
Edge index size: 30019
Edge index elements: 53481
	Duration: 0
Compute unitig nodes
	Duration: 0
Index unitig edges
	Duration: 0
Compute unitig edges
	Duration: 0
Dump unitig abundances
	Duration: 0
Nb edges:   0


metaMDBG contig  /var/folders/zg/vq0dnx517c54hg87dyqjky740000gn/T/.tmpMtxbLg/tmp/ --threads 10

Input dir: /var/folders/zg/vq0dnx517c54hg87dyqjky740000gn/T/.tmpMtxbLg/tmp/
Minimizer length: 15
Kminmer length: 35
Density: 0.005

Loading unitig graph
Load unitigs
Nb unitigs: 1348
Nb minimizers: 75989
Add unitig abundances
Sorting abundances
Add unitig edges
Nb unitig edges: 2996
Sorting unitig edges
Done loading unitig graph
Simplifying
Max abundance: 42
Nb unitigs: 1348
Superbubble
Nb superbubble removed: 126 0 (0s)
Tip
Nb Tip removed: 257 (0s)
Superbubble
Nb superbubble removed: 104 0 (0s)
Tip
Nb Tip removed: 0 (0s)
Nb errors removed: 282 (0s)
Superbubble
Nb superbubble removed: 0 0 (0s)
Tip
Nb Tip removed: 0 (0s)
Nb errors removed: 46 (0s)
Superbubble
Nb superbubble removed: 0 0 (0s)
Tip
Nb Tip removed: 0 (0s)
Nb errors removed: 22 (0s)
Superbubble
Nb superbubble removed: 0 0 (0s)
Tip
Nb Tip removed: 0 (0s)
Nb errors removed: 14 (0s)
Superbubble
Nb superbubble removed: 0 0 (0s)
Tip
Nb Tip removed: 0 (0s)
Nb errors removed: 3 (0s)
Superbubble
Nb superbubble removed: 0 0 (0s)
Tip
Nb Tip removed: 0 (0s)
Nb errors removed: 3 (0s)
Superbubble
Nb superbubble removed: 0 0 (0s)
Tip
Nb Tip removed: 0 (0s)
Nb errors removed: 1 (0s)
Superbubble
Nb superbubble removed: 0 0 (0s)
Tip
Nb Tip removed: 0 (0s)
Nb errors removed: 2 (0s)
Superbubble
Nb superbubble removed: 0 0 (0s)
Tip
Nb Tip removed: 1 (0s)
Superbubble
Nb superbubble removed: 0 0 (0s)
Tip
Nb Tip removed: 0 (0s)
Nb errors removed: 1 (0s)
Superbubble
Nb superbubble removed: 0 0 (0s)
Tip
Nb Tip removed: 0 (0s)
Nb errors removed: 2 (0s)
Superbubble
Nb superbubble removed: 0 0 (0s)
Tip
Nb Tip removed: 0 (0s)
Nb errors removed: 5 (0s)
Superbubble
Nb superbubble removed: 0 0 (0s)
Tip
Nb Tip removed: 0 (0s)
Nb errors removed: 1 (0s)
Superbubble
Nb superbubble removed: 0 0 (0s)
Tip
Nb Tip removed: 0 (0s)
Nb errors removed: 2 (0s)
Superbubble
Nb superbubble removed: 0 0 (0s)
Tip
Nb Tip removed: 0 (0s)
Checksum: 0
Checksum abundnace: 0
Generating contigs
45.2593
34.004
28.1025
25.5477
23.2252
21.1138
10.8347
7.40025
6.11591
5.05447
4.17725
3.13843
2.14359
0


metaMDBG toMinspace  /var/folders/zg/vq0dnx517c54hg87dyqjky740000gn/T/.tmpMtxbLg/tmp/ /var/folders/zg/vq0dnx517c54hg87dyqjky740000gn/T/.tmpMtxbLg/tmp//contigs.nodepath /var/folders/zg/vq0dnx517c54hg87dyqjky740000gn/T/.tmpMtxbLg/tmp//unitig_data.txt --threads 10

Input dir: /var/folders/zg/vq0dnx517c54hg87dyqjky740000gn/T/.tmpMtxbLg/tmp/
Minimizer length: 15
Kminmer length: 35
Density: 0.005

Loading unitig sequences

Creating mContigs

Contig filename: /var/folders/zg/vq0dnx517c54hg87dyqjky740000gn/T/.tmpMtxbLg/tmp//unitig_data.txt
pass done: 35
Multi-k pass: 36/204


metaMDBG graph /var/folders/zg/vq0dnx517c54hg87dyqjky740000gn/T/.tmpMtxbLg/tmp/ --threads 10 --corrected-read 

Contig filename: 
Output dir: /var/folders/zg/vq0dnx517c54hg87dyqjky740000gn/T/.tmpMtxbLg/tmp/
Minimizer length: 15
Kminmer length: 36
Density: 0.005
Min abundance: 0

Loading refined abundances
	Duration: 0
Collecting kminmers
Building mdbg
Duration: 0
Nb solid kminmers: 30269
Nb small contigs written: 0
Dump kminmer abundances
	Duration: 0
Indexing edges
Edge index size: 30132
Edge index elements: 53472
	Duration: 0
Compute unitig nodes
	Duration: 0
Index unitig edges
	Duration: 0
Compute unitig edges
	Duration: 0
Dump unitig abundances
	Duration: 0
Nb edges:   0


metaMDBG contig  /var/folders/zg/vq0dnx517c54hg87dyqjky740000gn/T/.tmpMtxbLg/tmp/ --threads 10

Input dir: /var/folders/zg/vq0dnx517c54hg87dyqjky740000gn/T/.tmpMtxbLg/tmp/
Minimizer length: 15
Kminmer length: 36
Density: 0.005

Loading unitig graph
Load unitigs
Nb unitigs: 1330
Nb minimizers: 76819
Add unitig abundances
Sorting abundances
Add unitig edges
Nb unitig edges: 2946
Sorting unitig edges
Done loading unitig graph
Simplifying
Max abundance: 42
Nb unitigs: 1330
Superbubble
Nb superbubble removed: 118 0 (0s)
Tip
Nb Tip removed: 265 (0s)
Superbubble
Nb superbubble removed: 110 0 (0s)
Tip
Nb Tip removed: 0 (0s)
Nb errors removed: 273 (0s)
Superbubble
Nb superbubble removed: 0 0 (0s)
Tip
Nb Tip removed: 0 (0s)
Nb errors removed: 44 (0s)
Superbubble
Nb superbubble removed: 0 0 (0s)
Tip
Nb Tip removed: 0 (0s)
Nb errors removed: 23 (0s)
Superbubble
Nb superbubble removed: 0 0 (0s)
Tip
Nb Tip removed: 0 (0s)
Nb errors removed: 15 (0s)
Superbubble
Nb superbubble removed: 0 0 (0s)
Tip
Nb Tip removed: 0 (0s)
Nb errors removed: 4 (0s)
Superbubble
Nb superbubble removed: 0 0 (0s)
Tip
Nb Tip removed: 0 (0s)
Nb errors removed: 5 (0s)
Superbubble
Nb superbubble removed: 0 0 (0s)
Tip
Nb Tip removed: 0 (0s)
Nb errors removed: 1 (0s)
Superbubble
Nb superbubble removed: 0 0 (0s)
Tip
Nb Tip removed: 0 (0s)
Nb errors removed: 1 (0s)
Superbubble
Nb superbubble removed: 0 0 (0s)
Tip
Nb Tip removed: 0 (0s)
Nb errors removed: 1 (0s)
Superbubble
Nb superbubble removed: 0 0 (0s)
Tip
Nb Tip removed: 0 (0s)
Nb errors removed: 1 (0s)
Superbubble
Nb superbubble removed: 0 0 (0s)
Tip
Nb Tip removed: 0 (0s)
Nb errors removed: 2 (0s)
Superbubble
Nb superbubble removed: 0 0 (0s)
Tip
Nb Tip removed: 1 (0s)
Superbubble
Nb superbubble removed: 0 0 (0s)
Tip
Nb Tip removed: 0 (0s)
Nb errors removed: 1 (0s)
Superbubble
Nb superbubble removed: 0 0 (0s)
Tip
Nb Tip removed: 0 (0s)
Nb errors removed: 1 (0s)
Superbubble
Nb superbubble removed: 0 0 (0s)
Tip
Nb Tip removed: 0 (0s)
Nb errors removed: 5 (0s)
Superbubble
Nb superbubble removed: 0 0 (0s)
Tip
Nb Tip removed: 0 (0s)
Nb errors removed: 3 (0s)
Superbubble
Nb superbubble removed: 0 0 (0s)
Tip
Nb Tip removed: 0 (0s)
Nb errors removed: 2 (0s)
Superbubble
Nb superbubble removed: 0 0 (0s)
Tip
Nb Tip removed: 0 (0s)
Checksum: 0
Checksum abundnace: 0
Generating contigs
45.2593
34.004
28.1025
25.5477
23.2252
21.1138
19.1944
11.9182
10.8347
9.84974
7.40025
6.11591
5.05447
4.17725
3.13843
2.14359
0


metaMDBG toMinspace  /var/folders/zg/vq0dnx517c54hg87dyqjky740000gn/T/.tmpMtxbLg/tmp/ /var/folders/zg/vq0dnx517c54hg87dyqjky740000gn/T/.tmpMtxbLg/tmp//contigs.nodepath /var/folders/zg/vq0dnx517c54hg87dyqjky740000gn/T/.tmpMtxbLg/tmp//unitig_data.txt --threads 10

Input dir: /var/folders/zg/vq0dnx517c54hg87dyqjky740000gn/T/.tmpMtxbLg/tmp/
Minimizer length: 15
Kminmer length: 36
Density: 0.005

Loading unitig sequences

Creating mContigs

Contig filename: /var/folders/zg/vq0dnx517c54hg87dyqjky740000gn/T/.tmpMtxbLg/tmp//unitig_data.txt
pass done: 36
Multi-k pass: 37/204


metaMDBG graph /var/folders/zg/vq0dnx517c54hg87dyqjky740000gn/T/.tmpMtxbLg/tmp/ --threads 10 --corrected-read 

Contig filename: 
Output dir: /var/folders/zg/vq0dnx517c54hg87dyqjky740000gn/T/.tmpMtxbLg/tmp/
Minimizer length: 15
Kminmer length: 37
Density: 0.005
Min abundance: 0

Loading refined abundances
	Duration: 0
Collecting kminmers
Building mdbg
Duration: 0
Nb solid kminmers: 30396
Nb small contigs written: 0
Dump kminmer abundances
	Duration: 0
Indexing edges
Edge index size: 30261
Edge index elements: 53732
	Duration: 0
Compute unitig nodes
	Duration: 0
Index unitig edges
	Duration: 0
Compute unitig edges
	Duration: 0
Dump unitig abundances
	Duration: 0
Nb edges:   0


metaMDBG contig  /var/folders/zg/vq0dnx517c54hg87dyqjky740000gn/T/.tmpMtxbLg/tmp/ --threads 10

Input dir: /var/folders/zg/vq0dnx517c54hg87dyqjky740000gn/T/.tmpMtxbLg/tmp/
Minimizer length: 15
Kminmer length: 37
Density: 0.005

Loading unitig graph
Load unitigs
Nb unitigs: 1316
Nb minimizers: 77772
Add unitig abundances
Sorting abundances
Add unitig edges
Nb unitig edges: 2918
Sorting unitig edges
Done loading unitig graph
Simplifying
Max abundance: 42
Nb unitigs: 1316
Superbubble
Nb superbubble removed: 112 0 (0s)
Tip
Nb Tip removed: 268 (0s)
Superbubble
Nb superbubble removed: 114 0 (0s)
Tip
Nb Tip removed: 0 (0s)
Nb errors removed: 267 (0s)
Superbubble
Nb superbubble removed: 0 0 (0s)
Tip
Nb Tip removed: 0 (0s)
Nb errors removed: 48 (0s)
Superbubble
Nb superbubble removed: 0 0 (0s)
Tip
Nb Tip removed: 0 (0s)
Nb errors removed: 23 (0s)
Superbubble
Nb superbubble removed: 0 0 (0s)
Tip
Nb Tip removed: 0 (0s)
Nb errors removed: 17 (0s)
Superbubble
Nb superbubble removed: 0 0 (0s)
Tip
Nb Tip removed: 0 (0s)
Nb errors removed: 5 (0s)
Superbubble
Nb superbubble removed: 0 0 (0s)
Tip
Nb Tip removed: 0 (0s)
Nb errors removed: 5 (0s)
Superbubble
Nb superbubble removed: 0 0 (0s)
Tip
Nb Tip removed: 0 (0s)
Nb errors removed: 1 (0s)
Superbubble
Nb superbubble removed: 0 0 (0s)
Tip
Nb Tip removed: 0 (0s)
Nb errors removed: 1 (0s)
Superbubble
Nb superbubble removed: 0 0 (0s)
Tip
Nb Tip removed: 0 (0s)
Nb errors removed: 1 (0s)
Superbubble
Nb superbubble removed: 0 0 (0s)
Tip
Nb Tip removed: 0 (0s)
Nb errors removed: 1 (0s)
Superbubble
Nb superbubble removed: 0 0 (0s)
Tip
Nb Tip removed: 0 (0s)
Nb errors removed: 2 (0s)
Superbubble
Nb superbubble removed: 0 0 (0s)
Tip
Nb Tip removed: 1 (0s)
Superbubble
Nb superbubble removed: 0 0 (0s)
Tip
Nb Tip removed: 0 (0s)
Nb errors removed: 1 (0s)
Superbubble
Nb superbubble removed: 0 0 (0s)
Tip
Nb Tip removed: 0 (0s)
Nb errors removed: 1 (0s)
Superbubble
Nb superbubble removed: 0 0 (0s)
Tip
Nb Tip removed: 0 (0s)
Nb errors removed: 5 (0s)
Superbubble
Nb superbubble removed: 0 0 (0s)
Tip
Nb Tip removed: 0 (0s)
Nb errors removed: 2 (0s)
Superbubble
Nb superbubble removed: 0 0 (0s)
Tip
Nb Tip removed: 0 (0s)
Nb errors removed: 2 (0s)
Superbubble
Nb superbubble removed: 0 0 (0s)
Tip
Nb Tip removed: 0 (0s)
Checksum: 0
Checksum abundnace: 0
Generating contigs
45.2593
34.004
28.1025
25.5477
23.2252
21.1138
19.1944
11.9182
10.8347
9.84974
7.40025
6.11591
5.05447
4.17725
3.13843
2.14359
0


metaMDBG toMinspace  /var/folders/zg/vq0dnx517c54hg87dyqjky740000gn/T/.tmpMtxbLg/tmp/ /var/folders/zg/vq0dnx517c54hg87dyqjky740000gn/T/.tmpMtxbLg/tmp//contigs.nodepath /var/folders/zg/vq0dnx517c54hg87dyqjky740000gn/T/.tmpMtxbLg/tmp//unitig_data.txt --threads 10

Input dir: /var/folders/zg/vq0dnx517c54hg87dyqjky740000gn/T/.tmpMtxbLg/tmp/
Minimizer length: 15
Kminmer length: 37
Density: 0.005

Loading unitig sequences

Creating mContigs

Contig filename: /var/folders/zg/vq0dnx517c54hg87dyqjky740000gn/T/.tmpMtxbLg/tmp//unitig_data.txt
pass done: 37
Multi-k pass: 38/204


metaMDBG graph /var/folders/zg/vq0dnx517c54hg87dyqjky740000gn/T/.tmpMtxbLg/tmp/ --threads 10 --corrected-read 

Contig filename: 
Output dir: /var/folders/zg/vq0dnx517c54hg87dyqjky740000gn/T/.tmpMtxbLg/tmp/
Minimizer length: 15
Kminmer length: 38
Density: 0.005
Min abundance: 0

Loading refined abundances
	Duration: 0
Collecting kminmers
Building mdbg
Duration: 0
Nb solid kminmers: 30524
Nb small contigs written: 0
Dump kminmer abundances
	Duration: 0
Indexing edges
Edge index size: 30391
Edge index elements: 54179
	Duration: 0
Compute unitig nodes
	Duration: 0
Index unitig edges
	Duration: 0
Compute unitig edges
	Duration: 0
Dump unitig abundances
	Duration: 0
Nb edges:   0


metaMDBG contig  /var/folders/zg/vq0dnx517c54hg87dyqjky740000gn/T/.tmpMtxbLg/tmp/ --threads 10

Input dir: /var/folders/zg/vq0dnx517c54hg87dyqjky740000gn/T/.tmpMtxbLg/tmp/
Minimizer length: 15
Kminmer length: 38
Density: 0.005

Loading unitig graph
Load unitigs
Nb unitigs: 1306
Nb minimizers: 78846
Add unitig abundances
Sorting abundances
Add unitig edges
Nb unitig edges: 2892
Sorting unitig edges
Done loading unitig graph
Simplifying
Max abundance: 42
Nb unitigs: 1306
Superbubble
Nb superbubble removed: 114 0 (0s)
Tip
Nb Tip removed: 265 (0s)
Superbubble
Nb superbubble removed: 110 0 (0s)
Tip
Nb Tip removed: 0 (0s)
Nb errors removed: 264 (0s)
Superbubble
Nb superbubble removed: 0 0 (0s)
Tip
Nb Tip removed: 0 (0s)
Nb errors removed: 48 (0s)
Superbubble
Nb superbubble removed: 0 0 (0s)
Tip
Nb Tip removed: 0 (0s)
Nb errors removed: 24 (0s)
Superbubble
Nb superbubble removed: 0 0 (0s)
Tip
Nb Tip removed: 0 (0s)
Nb errors removed: 17 (0s)
Superbubble
Nb superbubble removed: 0 0 (0s)
Tip
Nb Tip removed: 0 (0s)
Nb errors removed: 4 (0s)
Superbubble
Nb superbubble removed: 0 0 (0s)
Tip
Nb Tip removed: 0 (0s)
Nb errors removed: 5 (0s)
Superbubble
Nb superbubble removed: 0 0 (0s)
Tip
Nb Tip removed: 0 (0s)
Nb errors removed: 1 (0s)
Superbubble
Nb superbubble removed: 0 0 (0s)
Tip
Nb Tip removed: 0 (0s)
Nb errors removed: 1 (0s)
Superbubble
Nb superbubble removed: 0 0 (0s)
Tip
Nb Tip removed: 0 (0s)
Nb errors removed: 1 (0s)
Superbubble
Nb superbubble removed: 0 0 (0s)
Tip
Nb Tip removed: 0 (0s)
Nb errors removed: 1 (0s)
Superbubble
Nb superbubble removed: 0 0 (0s)
Tip
Nb Tip removed: 0 (0s)
Nb errors removed: 2 (0s)
Superbubble
Nb superbubble removed: 0 0 (0s)
Tip
Nb Tip removed: 1 (0s)
Superbubble
Nb superbubble removed: 0 0 (0s)
Tip
Nb Tip removed: 0 (0s)
Nb errors removed: 1 (0s)
Superbubble
Nb superbubble removed: 0 0 (0s)
Tip
Nb Tip removed: 0 (0s)
Nb errors removed: 1 (0s)
Superbubble
Nb superbubble removed: 0 0 (0s)
Tip
Nb Tip removed: 0 (0s)
Nb errors removed: 6 (0s)
Superbubble
Nb superbubble removed: 0 0 (0s)
Tip
Nb Tip removed: 0 (0s)
Nb errors removed: 2 (0s)
Superbubble
Nb superbubble removed: 0 0 (0s)
Tip
Nb Tip removed: 0 (0s)
Nb errors removed: 2 (0s)
Superbubble
Nb superbubble removed: 0 0 (0s)
Tip
Nb Tip removed: 0 (0s)
Checksum: 0
Checksum abundnace: 0
Generating contigs
45.2593
34.004
28.1025
25.5477
23.2252
21.1138
19.1944
11.9182
10.8347
9.84974
7.40025
6.11591
5.05447
4.17725
3.13843
2.14359
0


metaMDBG toMinspace  /var/folders/zg/vq0dnx517c54hg87dyqjky740000gn/T/.tmpMtxbLg/tmp/ /var/folders/zg/vq0dnx517c54hg87dyqjky740000gn/T/.tmpMtxbLg/tmp//contigs.nodepath /var/folders/zg/vq0dnx517c54hg87dyqjky740000gn/T/.tmpMtxbLg/tmp//unitig_data.txt --threads 10

Input dir: /var/folders/zg/vq0dnx517c54hg87dyqjky740000gn/T/.tmpMtxbLg/tmp/
Minimizer length: 15
Kminmer length: 38
Density: 0.005

Loading unitig sequences

Creating mContigs

Contig filename: /var/folders/zg/vq0dnx517c54hg87dyqjky740000gn/T/.tmpMtxbLg/tmp//unitig_data.txt
pass done: 38
Multi-k pass: 39/204


metaMDBG graph /var/folders/zg/vq0dnx517c54hg87dyqjky740000gn/T/.tmpMtxbLg/tmp/ --threads 10 --corrected-read 

Contig filename: 
Output dir: /var/folders/zg/vq0dnx517c54hg87dyqjky740000gn/T/.tmpMtxbLg/tmp/
Minimizer length: 15
Kminmer length: 39
Density: 0.005
Min abundance: 0

Loading refined abundances
	Duration: 0
Collecting kminmers
Building mdbg
Duration: 0
Nb solid kminmers: 30645
Nb small contigs written: 0
Dump kminmer abundances
	Duration: 0
Indexing edges
Edge index size: 30519
Edge index elements: 54115
	Duration: 0
Compute unitig nodes
	Duration: 0
Index unitig edges
	Duration: 0
Compute unitig edges
	Duration: 0
Dump unitig abundances
	Duration: 0
Nb edges:   0


metaMDBG contig  /var/folders/zg/vq0dnx517c54hg87dyqjky740000gn/T/.tmpMtxbLg/tmp/ --threads 10

Input dir: /var/folders/zg/vq0dnx517c54hg87dyqjky740000gn/T/.tmpMtxbLg/tmp/
Minimizer length: 15
Kminmer length: 39
Density: 0.005

Loading unitig graph
Load unitigs
Nb unitigs: 1285
Nb minimizers: 79475
Add unitig abundances
Sorting abundances
Add unitig edges
Nb unitig edges: 2844
Sorting unitig edges
Done loading unitig graph
Simplifying
Max abundance: 42
Nb unitigs: 1285
Superbubble
Nb superbubble removed: 106 0 (0s)
Tip
Nb Tip removed: 265 (0s)
Superbubble
Nb superbubble removed: 112 0 (0s)
Tip
Nb Tip removed: 0 (0s)
Nb errors removed: 263 (0s)
Superbubble
Nb superbubble removed: 0 0 (0s)
Tip
Nb Tip removed: 0 (0s)
Nb errors removed: 50 (0s)
Superbubble
Nb superbubble removed: 0 0 (0s)
Tip
Nb Tip removed: 0 (0s)
Nb errors removed: 25 (0s)
Superbubble
Nb superbubble removed: 0 0 (0s)
Tip
Nb Tip removed: 0 (0s)
Nb errors removed: 17 (0s)
Superbubble
Nb superbubble removed: 0 0 (0s)
Tip
Nb Tip removed: 0 (0s)
Nb errors removed: 4 (0s)
Superbubble
Nb superbubble removed: 0 0 (0s)
Tip
Nb Tip removed: 0 (0s)
Nb errors removed: 5 (0s)
Superbubble
Nb superbubble removed: 0 0 (0s)
Tip
Nb Tip removed: 0 (0s)
Nb errors removed: 1 (0s)
Superbubble
Nb superbubble removed: 0 0 (0s)
Tip
Nb Tip removed: 0 (0s)
Nb errors removed: 1 (0s)
Superbubble
Nb superbubble removed: 0 0 (0s)
Tip
Nb Tip removed: 0 (0s)
Nb errors removed: 1 (0s)
Superbubble
Nb superbubble removed: 0 0 (0s)
Tip
Nb Tip removed: 0 (0s)
Nb errors removed: 1 (0s)
Superbubble
Nb superbubble removed: 0 0 (0s)
Tip
Nb Tip removed: 0 (0s)
Nb errors removed: 2 (0s)
Superbubble
Nb superbubble removed: 0 0 (0s)
Tip
Nb Tip removed: 1 (0s)
Superbubble
Nb superbubble removed: 0 0 (0s)
Tip
Nb Tip removed: 0 (0s)
Nb errors removed: 1 (0s)
Superbubble
Nb superbubble removed: 0 0 (0s)
Tip
Nb Tip removed: 0 (0s)
Nb errors removed: 1 (0s)
Superbubble
Nb superbubble removed: 0 0 (0s)
Tip
Nb Tip removed: 0 (0s)
Nb errors removed: 6 (0s)
Superbubble
Nb superbubble removed: 0 0 (0s)
Tip
Nb Tip removed: 0 (0s)
Nb errors removed: 2 (0s)
Superbubble
Nb superbubble removed: 0 0 (0s)
Tip
Nb Tip removed: 0 (0s)
Nb errors removed: 2 (0s)
Superbubble
Nb superbubble removed: 0 0 (0s)
Tip
Nb Tip removed: 0 (0s)
Checksum: 0
Checksum abundnace: 0
Generating contigs
45.2593
34.004
28.1025
25.5477
23.2252
21.1138
19.1944
11.9182
10.8347
9.84974
7.40025
6.11591
5.05447
4.17725
3.13843
2.14359
0


metaMDBG toMinspace  /var/folders/zg/vq0dnx517c54hg87dyqjky740000gn/T/.tmpMtxbLg/tmp/ /var/folders/zg/vq0dnx517c54hg87dyqjky740000gn/T/.tmpMtxbLg/tmp//contigs.nodepath /var/folders/zg/vq0dnx517c54hg87dyqjky740000gn/T/.tmpMtxbLg/tmp//unitig_data.txt --threads 10

Input dir: /var/folders/zg/vq0dnx517c54hg87dyqjky740000gn/T/.tmpMtxbLg/tmp/
Minimizer length: 15
Kminmer length: 39
Density: 0.005

Loading unitig sequences

Creating mContigs

Contig filename: /var/folders/zg/vq0dnx517c54hg87dyqjky740000gn/T/.tmpMtxbLg/tmp//unitig_data.txt
pass done: 39
Multi-k pass: 40/204


metaMDBG graph /var/folders/zg/vq0dnx517c54hg87dyqjky740000gn/T/.tmpMtxbLg/tmp/ --threads 10 --corrected-read 

Contig filename: 
Output dir: /var/folders/zg/vq0dnx517c54hg87dyqjky740000gn/T/.tmpMtxbLg/tmp/
Minimizer length: 15
Kminmer length: 40
Density: 0.005
Min abundance: 0

Loading refined abundances
	Duration: 0
Collecting kminmers
Building mdbg
Duration: 0
Nb solid kminmers: 30766
Nb small contigs written: 0
Dump kminmer abundances
	Duration: 0
Indexing edges
Edge index size: 30638
Edge index elements: 54460
	Duration: 0
Compute unitig nodes
	Duration: 0
Index unitig edges
	Duration: 0
Compute unitig edges
	Duration: 0
Dump unitig abundances
	Duration: 0
Nb edges:   0


metaMDBG contig  /var/folders/zg/vq0dnx517c54hg87dyqjky740000gn/T/.tmpMtxbLg/tmp/ --threads 10

Input dir: /var/folders/zg/vq0dnx517c54hg87dyqjky740000gn/T/.tmpMtxbLg/tmp/
Minimizer length: 15
Kminmer length: 40
Density: 0.005

Loading unitig graph
Load unitigs
Nb unitigs: 1284
Nb minimizers: 80842
Add unitig abundances
Sorting abundances
Add unitig edges
Nb unitig edges: 2834
Sorting unitig edges
Done loading unitig graph
Simplifying
Max abundance: 42
Nb unitigs: 1284
Superbubble
Nb superbubble removed: 100 0 (0s)
Tip
Nb Tip removed: 271 (0s)
Superbubble
Nb superbubble removed: 114 0 (0s)
Tip
Nb Tip removed: 0 (0s)
Nb errors removed: 260 (0s)
Superbubble
Nb superbubble removed: 0 0 (0s)
Tip
Nb Tip removed: 0 (0s)
Nb errors removed: 52 (0s)
Superbubble
Nb superbubble removed: 0 0 (0s)
Tip
Nb Tip removed: 0 (0s)
Nb errors removed: 26 (0s)
Superbubble
Nb superbubble removed: 0 0 (0s)
Tip
Nb Tip removed: 0 (0s)
Nb errors removed: 17 (0s)
Superbubble
Nb superbubble removed: 0 0 (0s)
Tip
Nb Tip removed: 0 (0s)
Nb errors removed: 4 (0s)
Superbubble
Nb superbubble removed: 0 0 (0s)
Tip
Nb Tip removed: 0 (0s)
Nb errors removed: 5 (0s)
Superbubble
Nb superbubble removed: 0 0 (0s)
Tip
Nb Tip removed: 0 (0s)
Nb errors removed: 1 (0s)
Superbubble
Nb superbubble removed: 0 0 (0s)
Tip
Nb Tip removed: 0 (0s)
Nb errors removed: 1 (0s)
Superbubble
Nb superbubble removed: 0 0 (0s)
Tip
Nb Tip removed: 0 (0s)
Nb errors removed: 1 (0s)
Superbubble
Nb superbubble removed: 0 0 (0s)
Tip
Nb Tip removed: 0 (0s)
Nb errors removed: 1 (0s)
Superbubble
Nb superbubble removed: 0 0 (0s)
Tip
Nb Tip removed: 0 (0s)
Nb errors removed: 2 (0s)
Superbubble
Nb superbubble removed: 0 0 (0s)
Tip
Nb Tip removed: 1 (0s)
Superbubble
Nb superbubble removed: 0 0 (0s)
Tip
Nb Tip removed: 0 (0s)
Nb errors removed: 1 (0s)
Superbubble
Nb superbubble removed: 0 0 (0s)
Tip
Nb Tip removed: 0 (0s)
Nb errors removed: 1 (0s)
Superbubble
Nb superbubble removed: 0 0 (0s)
Tip
Nb Tip removed: 0 (0s)
Nb errors removed: 6 (0s)
Superbubble
Nb superbubble removed: 0 0 (0s)
Tip
Nb Tip removed: 0 (0s)
Nb errors removed: 2 (0s)
Superbubble
Nb superbubble removed: 0 0 (0s)
Tip
Nb Tip removed: 0 (0s)
Nb errors removed: 2 (0s)
Superbubble
Nb superbubble removed: 0 0 (0s)
Tip
Nb Tip removed: 0 (0s)
Checksum: 0
Checksum abundnace: 0
Generating contigs
45.2593
34.004
28.1025
25.5477
23.2252
21.1138
19.1944
11.9182
10.8347
9.84974
7.40025
6.11591
5.05447
4.17725
3.13843
2.14359
0


metaMDBG toMinspace  /var/folders/zg/vq0dnx517c54hg87dyqjky740000gn/T/.tmpMtxbLg/tmp/ /var/folders/zg/vq0dnx517c54hg87dyqjky740000gn/T/.tmpMtxbLg/tmp//contigs.nodepath /var/folders/zg/vq0dnx517c54hg87dyqjky740000gn/T/.tmpMtxbLg/tmp//unitig_data.txt --threads 10

Input dir: /var/folders/zg/vq0dnx517c54hg87dyqjky740000gn/T/.tmpMtxbLg/tmp/
Minimizer length: 15
Kminmer length: 40
Density: 0.005

Loading unitig sequences

Creating mContigs

Contig filename: /var/folders/zg/vq0dnx517c54hg87dyqjky740000gn/T/.tmpMtxbLg/tmp//unitig_data.txt
pass done: 40
Multi-k pass: 41/204


metaMDBG graph /var/folders/zg/vq0dnx517c54hg87dyqjky740000gn/T/.tmpMtxbLg/tmp/ --threads 10 --corrected-read 

Contig filename: 
Output dir: /var/folders/zg/vq0dnx517c54hg87dyqjky740000gn/T/.tmpMtxbLg/tmp/
Minimizer length: 15
Kminmer length: 41
Density: 0.005
Min abundance: 0

Loading refined abundances
	Duration: 0
Collecting kminmers
Building mdbg
Duration: 0
Nb solid kminmers: 30886
Nb small contigs written: 0
Dump kminmer abundances
	Duration: 0
Indexing edges
Edge index size: 30759
Edge index elements: 54685
	Duration: 0
Compute unitig nodes
	Duration: 0
Index unitig edges
	Duration: 0
Compute unitig edges
	Duration: 0
Dump unitig abundances
	Duration: 0
Nb edges:   0


metaMDBG contig  /var/folders/zg/vq0dnx517c54hg87dyqjky740000gn/T/.tmpMtxbLg/tmp/ --threads 10 --gen-graph 

Input dir: /var/folders/zg/vq0dnx517c54hg87dyqjky740000gn/T/.tmpMtxbLg/tmp/
Minimizer length: 15
Kminmer length: 41
Density: 0.005

Loading unitig graph
Load unitigs
Nb unitigs: 1264
Nb minimizers: 81446
Add unitig abundances
Sorting abundances
Add unitig edges
Nb unitig edges: 2798
Sorting unitig edges
Done loading unitig graph
Simplifying
Max abundance: 42
Nb unitigs: 1264
Superbubble
Nb superbubble removed: 100 0 (0s)
Tip
Nb Tip removed: 266 (0s)
Superbubble
Nb superbubble removed: 110 0 (0s)
Tip
Nb Tip removed: 0 (0s)
Saving unitig graph: /var/folders/zg/vq0dnx517c54hg87dyqjky740000gn/T/.tmpMtxbLg/tmp//assembly_graph.gfa
Nb errors removed: 253 (0s)
Superbubble
Nb superbubble removed: 0 0 (0s)
Tip
Nb Tip removed: 0 (0s)
Nb errors removed: 49 (0s)
Superbubble
Nb superbubble removed: 0 0 (0s)
Tip
Nb Tip removed: 0 (0s)
Nb errors removed: 27 (0s)
Superbubble
Nb superbubble removed: 0 0 (0s)
Tip
Nb Tip removed: 0 (0s)
Nb errors removed: 17 (0s)
Superbubble
Nb superbubble removed: 0 0 (0s)
Tip
Nb Tip removed: 0 (0s)
Nb errors removed: 4 (0s)
Superbubble
Nb superbubble removed: 0 0 (0s)
Tip
Nb Tip removed: 0 (0s)
Nb errors removed: 5 (0s)
Superbubble
Nb superbubble removed: 0 0 (0s)
Tip
Nb Tip removed: 0 (0s)
Nb errors removed: 1 (0s)
Superbubble
Nb superbubble removed: 0 0 (0s)
Tip
Nb Tip removed: 0 (0s)
Nb errors removed: 1 (0s)
Superbubble
Nb superbubble removed: 0 0 (0s)
Tip
Nb Tip removed: 0 (0s)
Nb errors removed: 1 (0s)
Superbubble
Nb superbubble removed: 0 0 (0s)
Tip
Nb Tip removed: 0 (0s)
Nb errors removed: 1 (0s)
Superbubble
Nb superbubble removed: 0 0 (0s)
Tip
Nb Tip removed: 0 (0s)
Nb errors removed: 2 (0s)
Superbubble
Nb superbubble removed: 0 0 (0s)
Tip
Nb Tip removed: 0 (0s)
Nb errors removed: 2 (0s)
Superbubble
Nb superbubble removed: 0 0 (0s)
Tip
Nb Tip removed: 1 (0s)
Superbubble
Nb superbubble removed: 0 0 (0s)
Tip
Nb Tip removed: 0 (0s)
Nb errors removed: 1 (0s)
Superbubble
Nb superbubble removed: 0 0 (0s)
Tip
Nb Tip removed: 0 (0s)
Nb errors removed: 1 (0s)
Superbubble
Nb superbubble removed: 0 0 (0s)
Tip
Nb Tip removed: 0 (0s)
Nb errors removed: 6 (0s)
Superbubble
Nb superbubble removed: 0 0 (0s)
Tip
Nb Tip removed: 0 (0s)
Nb errors removed: 2 (0s)
Superbubble
Nb superbubble removed: 0 0 (0s)
Tip
Nb Tip removed: 0 (0s)
Nb errors removed: 2 (0s)
Superbubble
Nb superbubble removed: 0 0 (0s)
Tip
Nb Tip removed: 0 (0s)
Checksum: 0
Checksum abundnace: 0
Generating contigs
45.2593
34.004
28.1025
25.5477
23.2252
21.1138
19.1944
11.9182
10.8347
9.84974
8.14028
7.40025
6.11591
5.05447
4.17725
3.13843
2.14359
0


metaMDBG toMinspace  /var/folders/zg/vq0dnx517c54hg87dyqjky740000gn/T/.tmpMtxbLg/tmp/ /var/folders/zg/vq0dnx517c54hg87dyqjky740000gn/T/.tmpMtxbLg/tmp//contigs.nodepath /var/folders/zg/vq0dnx517c54hg87dyqjky740000gn/T/.tmpMtxbLg/tmp//unitig_data.txt --threads 10

Input dir: /var/folders/zg/vq0dnx517c54hg87dyqjky740000gn/T/.tmpMtxbLg/tmp/
Minimizer length: 15
Kminmer length: 41
Density: 0.005

Loading unitig sequences

Creating mContigs

Contig filename: /var/folders/zg/vq0dnx517c54hg87dyqjky740000gn/T/.tmpMtxbLg/tmp//unitig_data.txt


metaMDBG toMinspace  /var/folders/zg/vq0dnx517c54hg87dyqjky740000gn/T/.tmpMtxbLg/tmp/ /var/folders/zg/vq0dnx517c54hg87dyqjky740000gn/T/.tmpMtxbLg/tmp//assembly_graph.gfa.unitigs.nodepath /var/folders/zg/vq0dnx517c54hg87dyqjky740000gn/T/.tmpMtxbLg/tmp//assembly_graph.gfa.unitigs --threads 10

Input dir: /var/folders/zg/vq0dnx517c54hg87dyqjky740000gn/T/.tmpMtxbLg/tmp/
Minimizer length: 15
Kminmer length: 41
Density: 0.005

Loading unitig sequences

Creating mContigs

Contig filename: /var/folders/zg/vq0dnx517c54hg87dyqjky740000gn/T/.tmpMtxbLg/tmp//assembly_graph.gfa.unitigs
pass done: 41
Multi-k pass: 42/204


metaMDBG graph /var/folders/zg/vq0dnx517c54hg87dyqjky740000gn/T/.tmpMtxbLg/tmp/ --threads 10 --corrected-read 

Contig filename: 
Output dir: /var/folders/zg/vq0dnx517c54hg87dyqjky740000gn/T/.tmpMtxbLg/tmp/
Minimizer length: 15
Kminmer length: 42
Density: 0.005
Min abundance: 0

Loading refined abundances
	Duration: 0
Collecting kminmers
Building mdbg
Duration: 0
Nb solid kminmers: 30998
Nb small contigs written: 0
Dump kminmer abundances
	Duration: 0
Indexing edges
Edge index size: 30880
Edge index elements: 54713
	Duration: 0
Compute unitig nodes
	Duration: 0
Index unitig edges
	Duration: 0
Compute unitig edges
	Duration: 0
Dump unitig abundances
	Duration: 0
Nb edges:   0


metaMDBG contig  /var/folders/zg/vq0dnx517c54hg87dyqjky740000gn/T/.tmpMtxbLg/tmp/ --threads 10

Input dir: /var/folders/zg/vq0dnx517c54hg87dyqjky740000gn/T/.tmpMtxbLg/tmp/
Minimizer length: 15
Kminmer length: 42
Density: 0.005

Loading unitig graph
Load unitigs
Nb unitigs: 1244
Nb minimizers: 82002
Add unitig abundances
Sorting abundances
Add unitig edges
Nb unitig edges: 2744
Sorting unitig edges
Done loading unitig graph
Simplifying
Max abundance: 42
Nb unitigs: 1244
Superbubble
Nb superbubble removed: 88 0 (0s)
Tip
Nb Tip removed: 266 (0s)
Superbubble
Nb superbubble removed: 114 0 (0s)
Tip
Nb Tip removed: 0 (0s)
Nb errors removed: 255 (0s)
Superbubble
Nb superbubble removed: 0 0 (0s)
Tip
Nb Tip removed: 0 (0s)
Nb errors removed: 54 (0s)
Superbubble
Nb superbubble removed: 0 0 (0s)
Tip
Nb Tip removed: 0 (0s)
Nb errors removed: 29 (0s)
Superbubble
Nb superbubble removed: 0 0 (0s)
Tip
Nb Tip removed: 0 (0s)
Nb errors removed: 16 (0s)
Superbubble
Nb superbubble removed: 0 0 (0s)
Tip
Nb Tip removed: 0 (0s)
Nb errors removed: 5 (0s)
Superbubble
Nb superbubble removed: 0 0 (0s)
Tip
Nb Tip removed: 0 (0s)
Nb errors removed: 6 (0s)
Superbubble
Nb superbubble removed: 0 0 (0s)
Tip
Nb Tip removed: 0 (0s)
Nb errors removed: 2 (0s)
Superbubble
Nb superbubble removed: 0 0 (0s)
Tip
Nb Tip removed: 0 (0s)
Nb errors removed: 1 (0s)
Superbubble
Nb superbubble removed: 0 0 (0s)
Tip
Nb Tip removed: 0 (0s)
Nb errors removed: 2 (0s)
Superbubble
Nb superbubble removed: 0 0 (0s)
Tip
Nb Tip removed: 0 (0s)
Nb errors removed: 1 (0s)
Superbubble
Nb superbubble removed: 0 0 (0s)
Tip
Nb Tip removed: 0 (0s)
Nb errors removed: 2 (0s)
Superbubble
Nb superbubble removed: 0 0 (0s)
Tip
Nb Tip removed: 0 (0s)
Nb errors removed: 2 (0s)
Superbubble
Nb superbubble removed: 0 0 (0s)
Tip
Nb Tip removed: 1 (0s)
Superbubble
Nb superbubble removed: 0 0 (0s)
Tip
Nb Tip removed: 0 (0s)
Nb errors removed: 1 (0s)
Superbubble
Nb superbubble removed: 0 0 (0s)
Tip
Nb Tip removed: 0 (0s)
Nb errors removed: 1 (0s)
Superbubble
Nb superbubble removed: 0 0 (0s)
Tip
Nb Tip removed: 0 (0s)
Nb errors removed: 8 (0s)
Superbubble
Nb superbubble removed: 0 0 (0s)
Tip
Nb Tip removed: 0 (0s)
Nb errors removed: 2 (0s)
Superbubble
Nb superbubble removed: 0 0 (0s)
Tip
Nb Tip removed: 0 (0s)
Nb errors removed: 2 (0s)
Superbubble
Nb superbubble removed: 0 0 (0s)
Tip
Nb Tip removed: 0 (0s)
Checksum: 0
Checksum abundnace: 0
Generating contigs
45.2593
34.004
28.1025
25.5477
23.2252
21.1138
19.1944
11.9182
10.8347
9.84974
8.14028
7.40025
6.11591
5.05447
4.17725
3.13843
2.14359
0


metaMDBG toMinspace  /var/folders/zg/vq0dnx517c54hg87dyqjky740000gn/T/.tmpMtxbLg/tmp/ /var/folders/zg/vq0dnx517c54hg87dyqjky740000gn/T/.tmpMtxbLg/tmp//contigs.nodepath /var/folders/zg/vq0dnx517c54hg87dyqjky740000gn/T/.tmpMtxbLg/tmp//unitig_data.txt --threads 10

Input dir: /var/folders/zg/vq0dnx517c54hg87dyqjky740000gn/T/.tmpMtxbLg/tmp/
Minimizer length: 15
Kminmer length: 42
Density: 0.005

Loading unitig sequences

Creating mContigs

Contig filename: /var/folders/zg/vq0dnx517c54hg87dyqjky740000gn/T/.tmpMtxbLg/tmp//unitig_data.txt
pass done: 42
Multi-k pass: 43/204


metaMDBG graph /var/folders/zg/vq0dnx517c54hg87dyqjky740000gn/T/.tmpMtxbLg/tmp/ --threads 10 --corrected-read 

Contig filename: 
Output dir: /var/folders/zg/vq0dnx517c54hg87dyqjky740000gn/T/.tmpMtxbLg/tmp/
Minimizer length: 15
Kminmer length: 43
Density: 0.005
Min abundance: 0

Loading refined abundances
	Duration: 0
Collecting kminmers
Building mdbg
Duration: 0
Nb solid kminmers: 31106
Nb small contigs written: 0
Dump kminmer abundances
	Duration: 0
Indexing edges
Edge index size: 30994
Edge index elements: 55096
	Duration: 0
Compute unitig nodes
	Duration: 0
Index unitig edges
	Duration: 0
Compute unitig edges
	Duration: 0
Dump unitig abundances
	Duration: 0
Nb edges:   0


metaMDBG contig  /var/folders/zg/vq0dnx517c54hg87dyqjky740000gn/T/.tmpMtxbLg/tmp/ --threads 10

Input dir: /var/folders/zg/vq0dnx517c54hg87dyqjky740000gn/T/.tmpMtxbLg/tmp/
Minimizer length: 15
Kminmer length: 43
Density: 0.005

Loading unitig graph
Load unitigs
Nb unitigs: 1236
Nb minimizers: 83018
Add unitig abundances
Sorting abundances
Add unitig edges
Nb unitig edges: 2704
Sorting unitig edges
Done loading unitig graph
Simplifying
Max abundance: 42
Nb unitigs: 1236
Superbubble
Nb superbubble removed: 82 0 (0s)
Tip
Nb Tip removed: 262 (0s)
Superbubble
Nb superbubble removed: 114 0 (0s)
Tip
Nb Tip removed: 0 (0s)
Nb errors removed: 254 (0s)
Superbubble
Nb superbubble removed: 0 0 (0s)
Tip
Nb Tip removed: 0 (0s)
Nb errors removed: 52 (0s)
Superbubble
Nb superbubble removed: 0 0 (0s)
Tip
Nb Tip removed: 0 (0s)
Nb errors removed: 29 (0s)
Superbubble
Nb superbubble removed: 0 0 (0s)
Tip
Nb Tip removed: 0 (0s)
Nb errors removed: 16 (0s)
Superbubble
Nb superbubble removed: 0 0 (0s)
Tip
Nb Tip removed: 0 (0s)
Nb errors removed: 5 (0s)
Superbubble
Nb superbubble removed: 0 0 (0s)
Tip
Nb Tip removed: 0 (0s)
Nb errors removed: 6 (0s)
Superbubble
Nb superbubble removed: 0 0 (0s)
Tip
Nb Tip removed: 0 (0s)
Nb errors removed: 2 (0s)
Superbubble
Nb superbubble removed: 0 0 (0s)
Tip
Nb Tip removed: 0 (0s)
Nb errors removed: 1 (0s)
Superbubble
Nb superbubble removed: 0 0 (0s)
Tip
Nb Tip removed: 0 (0s)
Nb errors removed: 2 (0s)
Superbubble
Nb superbubble removed: 0 0 (0s)
Tip
Nb Tip removed: 0 (0s)
Nb errors removed: 1 (0s)
Superbubble
Nb superbubble removed: 0 0 (0s)
Tip
Nb Tip removed: 0 (0s)
Nb errors removed: 2 (0s)
Superbubble
Nb superbubble removed: 0 0 (0s)
Tip
Nb Tip removed: 0 (0s)
Nb errors removed: 2 (0s)
Superbubble
Nb superbubble removed: 0 0 (0s)
Tip
Nb Tip removed: 1 (0s)
Superbubble
Nb superbubble removed: 0 0 (0s)
Tip
Nb Tip removed: 0 (0s)
Nb errors removed: 1 (0s)
Superbubble
Nb superbubble removed: 0 0 (0s)
Tip
Nb Tip removed: 0 (0s)
Nb errors removed: 1 (0s)
Superbubble
Nb superbubble removed: 0 0 (0s)
Tip
Nb Tip removed: 0 (0s)
Nb errors removed: 9 (0s)
Superbubble
Nb superbubble removed: 0 0 (0s)
Tip
Nb Tip removed: 0 (0s)
Nb errors removed: 2 (0s)
Superbubble
Nb superbubble removed: 0 0 (0s)
Tip
Nb Tip removed: 0 (0s)
Nb errors removed: 2 (0s)
Superbubble
Nb superbubble removed: 0 0 (0s)
Tip
Nb Tip removed: 0 (0s)
Checksum: 0
Checksum abundnace: 0
Generating contigs
45.2593
34.004
28.1025
25.5477
23.2252
21.1138
19.1944
11.9182
10.8347
9.84974
8.14028
7.40025
6.11591
5.05447
4.17725
3.13843
2.14359
0


metaMDBG toMinspace  /var/folders/zg/vq0dnx517c54hg87dyqjky740000gn/T/.tmpMtxbLg/tmp/ /var/folders/zg/vq0dnx517c54hg87dyqjky740000gn/T/.tmpMtxbLg/tmp//contigs.nodepath /var/folders/zg/vq0dnx517c54hg87dyqjky740000gn/T/.tmpMtxbLg/tmp//unitig_data.txt --threads 10

Input dir: /var/folders/zg/vq0dnx517c54hg87dyqjky740000gn/T/.tmpMtxbLg/tmp/
Minimizer length: 15
Kminmer length: 43
Density: 0.005

Loading unitig sequences

Creating mContigs

Contig filename: /var/folders/zg/vq0dnx517c54hg87dyqjky740000gn/T/.tmpMtxbLg/tmp//unitig_data.txt
pass done: 43
Multi-k pass: 44/204


metaMDBG graph /var/folders/zg/vq0dnx517c54hg87dyqjky740000gn/T/.tmpMtxbLg/tmp/ --threads 10 --corrected-read 

Contig filename: 
Output dir: /var/folders/zg/vq0dnx517c54hg87dyqjky740000gn/T/.tmpMtxbLg/tmp/
Minimizer length: 15
Kminmer length: 44
Density: 0.005
Min abundance: 0

Loading refined abundances
	Duration: 0
Collecting kminmers
Building mdbg
Duration: 0
Nb solid kminmers: 31210
Nb small contigs written: 0
Dump kminmer abundances
	Duration: 0
Indexing edges
Edge index size: 31101
Edge index elements: 55087
	Duration: 0
Compute unitig nodes
	Duration: 0
Index unitig edges
	Duration: 0
Compute unitig edges
	Duration: 0
Dump unitig abundances
	Duration: 0
Nb edges:   0


metaMDBG contig  /var/folders/zg/vq0dnx517c54hg87dyqjky740000gn/T/.tmpMtxbLg/tmp/ --threads 10

Input dir: /var/folders/zg/vq0dnx517c54hg87dyqjky740000gn/T/.tmpMtxbLg/tmp/
Minimizer length: 15
Kminmer length: 44
Density: 0.005

Loading unitig graph
Load unitigs
Nb unitigs: 1222
Nb minimizers: 83756
Add unitig abundances
Sorting abundances
Add unitig edges
Nb unitig edges: 2678
Sorting unitig edges
Done loading unitig graph
Simplifying
Max abundance: 42
Nb unitigs: 1222
Superbubble
Nb superbubble removed: 76 0 (0s)
Tip
Nb Tip removed: 261 (0s)
Superbubble
Nb superbubble removed: 120 0 (0s)
Tip
Nb Tip removed: 0 (0s)
Nb errors removed: 247 (0s)
Superbubble
Nb superbubble removed: 0 0 (0s)
Tip
Nb Tip removed: 0 (0s)
Nb errors removed: 55 (0s)
Superbubble
Nb superbubble removed: 0 0 (0s)
Tip
Nb Tip removed: 0 (0s)
Nb errors removed: 29 (0s)
Superbubble
Nb superbubble removed: 0 0 (0s)
Tip
Nb Tip removed: 0 (0s)
Nb errors removed: 16 (0s)
Superbubble
Nb superbubble removed: 0 0 (0s)
Tip
Nb Tip removed: 0 (0s)
Nb errors removed: 5 (0s)
Superbubble
Nb superbubble removed: 0 0 (0s)
Tip
Nb Tip removed: 0 (0s)
Nb errors removed: 6 (0s)
Superbubble
Nb superbubble removed: 0 0 (0s)
Tip
Nb Tip removed: 0 (0s)
Nb errors removed: 2 (0s)
Superbubble
Nb superbubble removed: 0 0 (0s)
Tip
Nb Tip removed: 0 (0s)
Nb errors removed: 1 (0s)
Superbubble
Nb superbubble removed: 0 0 (0s)
Tip
Nb Tip removed: 0 (0s)
Nb errors removed: 2 (0s)
Superbubble
Nb superbubble removed: 0 0 (0s)
Tip
Nb Tip removed: 0 (0s)
Nb errors removed: 1 (0s)
Superbubble
Nb superbubble removed: 0 0 (0s)
Tip
Nb Tip removed: 0 (0s)
Nb errors removed: 2 (0s)
Superbubble
Nb superbubble removed: 0 0 (0s)
Tip
Nb Tip removed: 0 (0s)
Nb errors removed: 1 (0s)
Superbubble
Nb superbubble removed: 0 0 (0s)
Tip
Nb Tip removed: 0 (0s)
Nb errors removed: 1 (0s)
Superbubble
Nb superbubble removed: 0 0 (0s)
Tip
Nb Tip removed: 0 (0s)
Nb errors removed: 9 (0s)
Superbubble
Nb superbubble removed: 0 0 (0s)
Tip
Nb Tip removed: 0 (0s)
Nb errors removed: 2 (0s)
Superbubble
Nb superbubble removed: 0 0 (0s)
Tip
Nb Tip removed: 0 (0s)
Nb errors removed: 2 (0s)
Superbubble
Nb superbubble removed: 0 0 (0s)
Tip
Nb Tip removed: 0 (0s)
Checksum: 0
Checksum abundnace: 0
Generating contigs
45.2593
34.004
28.1025
25.5477
23.2252
19.1944
11.9182
10.8347
9.84974
8.14028
7.40025
6.11591
5.05447
4.17725
3.13843
2.14359
0


metaMDBG toMinspace  /var/folders/zg/vq0dnx517c54hg87dyqjky740000gn/T/.tmpMtxbLg/tmp/ /var/folders/zg/vq0dnx517c54hg87dyqjky740000gn/T/.tmpMtxbLg/tmp//contigs.nodepath /var/folders/zg/vq0dnx517c54hg87dyqjky740000gn/T/.tmpMtxbLg/tmp//unitig_data.txt --threads 10

Input dir: /var/folders/zg/vq0dnx517c54hg87dyqjky740000gn/T/.tmpMtxbLg/tmp/
Minimizer length: 15
Kminmer length: 44
Density: 0.005

Loading unitig sequences

Creating mContigs

Contig filename: /var/folders/zg/vq0dnx517c54hg87dyqjky740000gn/T/.tmpMtxbLg/tmp//unitig_data.txt
pass done: 44
Multi-k pass: 45/204


metaMDBG graph /var/folders/zg/vq0dnx517c54hg87dyqjky740000gn/T/.tmpMtxbLg/tmp/ --threads 10 --corrected-read 

Contig filename: 
Output dir: /var/folders/zg/vq0dnx517c54hg87dyqjky740000gn/T/.tmpMtxbLg/tmp/
Minimizer length: 15
Kminmer length: 45
Density: 0.005
Min abundance: 0

Loading refined abundances
	Duration: 0
Collecting kminmers
Building mdbg
Duration: 0
Nb solid kminmers: 31314
Nb small contigs written: 0
Dump kminmer abundances
	Duration: 0
Indexing edges
Edge index size: 31204
Edge index elements: 55504
	Duration: 0
Compute unitig nodes
	Duration: 0
Index unitig edges
	Duration: 0
Compute unitig edges
	Duration: 0
Dump unitig abundances
	Duration: 0
Nb edges:   0


metaMDBG contig  /var/folders/zg/vq0dnx517c54hg87dyqjky740000gn/T/.tmpMtxbLg/tmp/ --threads 10

Input dir: /var/folders/zg/vq0dnx517c54hg87dyqjky740000gn/T/.tmpMtxbLg/tmp/
Minimizer length: 15
Kminmer length: 45
Density: 0.005

Loading unitig graph
Load unitigs
Nb unitigs: 1218
Nb minimizers: 84906
Add unitig abundances
Sorting abundances
Add unitig edges
Nb unitig edges: 2662
Sorting unitig edges
Done loading unitig graph
Simplifying
Max abundance: 42
Nb unitigs: 1218
Superbubble
Nb superbubble removed: 74 0 (0s)
Tip
Nb Tip removed: 261 (0s)
Superbubble
Nb superbubble removed: 122 0 (0s)
Tip
Nb Tip removed: 0 (0s)
Nb errors removed: 241 (0s)
Superbubble
Nb superbubble removed: 0 0 (0s)
Tip
Nb Tip removed: 0 (0s)
Nb errors removed: 55 (0s)
Superbubble
Nb superbubble removed: 0 0 (0s)
Tip
Nb Tip removed: 0 (0s)
Nb errors removed: 29 (0s)
Superbubble
Nb superbubble removed: 0 0 (0s)
Tip
Nb Tip removed: 0 (0s)
Nb errors removed: 18 (0s)
Superbubble
Nb superbubble removed: 0 0 (0s)
Tip
Nb Tip removed: 0 (0s)
Nb errors removed: 7 (0s)
Superbubble
Nb superbubble removed: 0 0 (0s)
Tip
Nb Tip removed: 0 (0s)
Nb errors removed: 6 (0s)
Superbubble
Nb superbubble removed: 0 0 (0s)
Tip
Nb Tip removed: 0 (0s)
Nb errors removed: 2 (0s)
Superbubble
Nb superbubble removed: 0 0 (0s)
Tip
Nb Tip removed: 0 (0s)
Nb errors removed: 1 (0s)
Superbubble
Nb superbubble removed: 0 0 (0s)
Tip
Nb Tip removed: 0 (0s)
Nb errors removed: 2 (0s)
Superbubble
Nb superbubble removed: 0 0 (0s)
Tip
Nb Tip removed: 0 (0s)
Nb errors removed: 1 (0s)
Superbubble
Nb superbubble removed: 0 0 (0s)
Tip
Nb Tip removed: 0 (0s)
Nb errors removed: 2 (0s)
Superbubble
Nb superbubble removed: 0 0 (0s)
Tip
Nb Tip removed: 0 (0s)
Nb errors removed: 1 (0s)
Superbubble
Nb superbubble removed: 0 0 (0s)
Tip
Nb Tip removed: 0 (0s)
Nb errors removed: 1 (0s)
Superbubble
Nb superbubble removed: 0 0 (0s)
Tip
Nb Tip removed: 0 (0s)
Nb errors removed: 9 (0s)
Superbubble
Nb superbubble removed: 0 0 (0s)
Tip
Nb Tip removed: 0 (0s)
Nb errors removed: 2 (0s)
Superbubble
Nb superbubble removed: 0 0 (0s)
Tip
Nb Tip removed: 0 (0s)
Nb errors removed: 2 (0s)
Superbubble
Nb superbubble removed: 0 0 (0s)
Tip
Nb Tip removed: 0 (0s)
Checksum: 0
Checksum abundnace: 0
Generating contigs
45.2593
34.004
28.1025
25.5477
23.2252
19.1944
11.9182
10.8347
9.84974
8.14028
7.40025
6.11591
5.05447
4.17725
3.13843
2.14359
0


metaMDBG toMinspace  /var/folders/zg/vq0dnx517c54hg87dyqjky740000gn/T/.tmpMtxbLg/tmp/ /var/folders/zg/vq0dnx517c54hg87dyqjky740000gn/T/.tmpMtxbLg/tmp//contigs.nodepath /var/folders/zg/vq0dnx517c54hg87dyqjky740000gn/T/.tmpMtxbLg/tmp//unitig_data.txt --threads 10

Input dir: /var/folders/zg/vq0dnx517c54hg87dyqjky740000gn/T/.tmpMtxbLg/tmp/
Minimizer length: 15
Kminmer length: 45
Density: 0.005

Loading unitig sequences

Creating mContigs

Contig filename: /var/folders/zg/vq0dnx517c54hg87dyqjky740000gn/T/.tmpMtxbLg/tmp//unitig_data.txt
pass done: 45
Multi-k pass: 46/204


metaMDBG graph /var/folders/zg/vq0dnx517c54hg87dyqjky740000gn/T/.tmpMtxbLg/tmp/ --threads 10 --corrected-read 

Contig filename: 
Output dir: /var/folders/zg/vq0dnx517c54hg87dyqjky740000gn/T/.tmpMtxbLg/tmp/
Minimizer length: 15
Kminmer length: 46
Density: 0.005
Min abundance: 0

Loading refined abundances
	Duration: 0
Collecting kminmers
Building mdbg
Duration: 0
Nb solid kminmers: 31414
Nb small contigs written: 0
Dump kminmer abundances
	Duration: 0
Indexing edges
Edge index size: 31307
Edge index elements: 55615
	Duration: 0
Compute unitig nodes
	Duration: 0
Index unitig edges
	Duration: 0
Compute unitig edges
	Duration: 0
Dump unitig abundances
	Duration: 0
Nb edges:   0


metaMDBG contig  /var/folders/zg/vq0dnx517c54hg87dyqjky740000gn/T/.tmpMtxbLg/tmp/ --threads 10

Input dir: /var/folders/zg/vq0dnx517c54hg87dyqjky740000gn/T/.tmpMtxbLg/tmp/
Minimizer length: 15
Kminmer length: 46
Density: 0.005

Loading unitig graph
Load unitigs
Nb unitigs: 1206
Nb minimizers: 85684
Add unitig abundances
Sorting abundances
Add unitig edges
Nb unitig edges: 2628
Sorting unitig edges
Done loading unitig graph
Simplifying
Max abundance: 42
Nb unitigs: 1206
Superbubble
Nb superbubble removed: 76 0 (0s)
Tip
Nb Tip removed: 261 (0s)
Superbubble
Nb superbubble removed: 118 0 (0s)
Tip
Nb Tip removed: 0 (0s)
Nb errors removed: 241 (0s)
Superbubble
Nb superbubble removed: 0 0 (0s)
Tip
Nb Tip removed: 0 (0s)
Nb errors removed: 54 (0s)
Superbubble
Nb superbubble removed: 0 0 (0s)
Tip
Nb Tip removed: 0 (0s)
Nb errors removed: 29 (0s)
Superbubble
Nb superbubble removed: 0 0 (0s)
Tip
Nb Tip removed: 0 (0s)
Nb errors removed: 18 (0s)
Superbubble
Nb superbubble removed: 0 0 (0s)
Tip
Nb Tip removed: 0 (0s)
Nb errors removed: 8 (0s)
Superbubble
Nb superbubble removed: 0 0 (0s)
Tip
Nb Tip removed: 0 (0s)
Nb errors removed: 6 (0s)
Superbubble
Nb superbubble removed: 0 0 (0s)
Tip
Nb Tip removed: 0 (0s)
Nb errors removed: 2 (0s)
Superbubble
Nb superbubble removed: 0 0 (0s)
Tip
Nb Tip removed: 0 (0s)
Nb errors removed: 1 (0s)
Superbubble
Nb superbubble removed: 0 0 (0s)
Tip
Nb Tip removed: 0 (0s)
Nb errors removed: 1 (0s)
Superbubble
Nb superbubble removed: 0 0 (0s)
Tip
Nb Tip removed: 0 (0s)
Nb errors removed: 1 (0s)
Superbubble
Nb superbubble removed: 0 0 (0s)
Tip
Nb Tip removed: 0 (0s)
Nb errors removed: 1 (0s)
Superbubble
Nb superbubble removed: 0 0 (0s)
Tip
Nb Tip removed: 0 (0s)
Nb errors removed: 1 (0s)
Superbubble
Nb superbubble removed: 0 0 (0s)
Tip
Nb Tip removed: 0 (0s)
Nb errors removed: 1 (0s)
Superbubble
Nb superbubble removed: 0 0 (0s)
Tip
Nb Tip removed: 0 (0s)
Nb errors removed: 9 (0s)
Superbubble
Nb superbubble removed: 0 0 (0s)
Tip
Nb Tip removed: 0 (0s)
Nb errors removed: 2 (0s)
Superbubble
Nb superbubble removed: 0 0 (0s)
Tip
Nb Tip removed: 0 (0s)
Nb errors removed: 2 (0s)
Superbubble
Nb superbubble removed: 0 0 (0s)
Tip
Nb Tip removed: 0 (0s)
Checksum: 0
Checksum abundnace: 0
Generating contigs
45.2593
34.004
28.1025
25.5477
23.2252
19.1944
11.9182
10.8347
9.84974
8.14028
7.40025
6.11591
5.05447
4.17725
3.13843
2.14359
0


metaMDBG toMinspace  /var/folders/zg/vq0dnx517c54hg87dyqjky740000gn/T/.tmpMtxbLg/tmp/ /var/folders/zg/vq0dnx517c54hg87dyqjky740000gn/T/.tmpMtxbLg/tmp//contigs.nodepath /var/folders/zg/vq0dnx517c54hg87dyqjky740000gn/T/.tmpMtxbLg/tmp//unitig_data.txt --threads 10

Input dir: /var/folders/zg/vq0dnx517c54hg87dyqjky740000gn/T/.tmpMtxbLg/tmp/
Minimizer length: 15
Kminmer length: 46
Density: 0.005

Loading unitig sequences

Creating mContigs

Contig filename: /var/folders/zg/vq0dnx517c54hg87dyqjky740000gn/T/.tmpMtxbLg/tmp//unitig_data.txt
pass done: 46
Multi-k pass: 47/204


metaMDBG graph /var/folders/zg/vq0dnx517c54hg87dyqjky740000gn/T/.tmpMtxbLg/tmp/ --threads 10 --corrected-read 

Contig filename: 
Output dir: /var/folders/zg/vq0dnx517c54hg87dyqjky740000gn/T/.tmpMtxbLg/tmp/
Minimizer length: 15
Kminmer length: 47
Density: 0.005
Min abundance: 0

Loading refined abundances
	Duration: 0
Collecting kminmers
Building mdbg
Duration: 0
Nb solid kminmers: 31509
Nb small contigs written: 0
Dump kminmer abundances
	Duration: 0
Indexing edges
Edge index size: 31409
Edge index elements: 55963
	Duration: 0
Compute unitig nodes
	Duration: 0
Index unitig edges
	Duration: 0
Compute unitig edges
	Duration: 0
Dump unitig abundances
	Duration: 0
Nb edges:   0


metaMDBG contig  /var/folders/zg/vq0dnx517c54hg87dyqjky740000gn/T/.tmpMtxbLg/tmp/ --threads 10

Input dir: /var/folders/zg/vq0dnx517c54hg87dyqjky740000gn/T/.tmpMtxbLg/tmp/
Minimizer length: 15
Kminmer length: 47
Density: 0.005

Loading unitig graph
Load unitigs
Nb unitigs: 1191
Nb minimizers: 86295
Add unitig abundances
Sorting abundances
Add unitig edges
Nb unitig edges: 2592
Sorting unitig edges
Done loading unitig graph
Simplifying
Max abundance: 42
Nb unitigs: 1191
Superbubble
Nb superbubble removed: 78 0 (0s)
Tip
Nb Tip removed: 261 (0s)
Superbubble
Nb superbubble removed: 112 0 (0s)
Tip
Nb Tip removed: 0 (0s)
Nb errors removed: 239 (0s)
Superbubble
Nb superbubble removed: 0 0 (0s)
Tip
Nb Tip removed: 0 (0s)
Nb errors removed: 56 (0s)
Superbubble
Nb superbubble removed: 0 0 (0s)
Tip
Nb Tip removed: 0 (0s)
Nb errors removed: 29 (0s)
Superbubble
Nb superbubble removed: 0 0 (0s)
Tip
Nb Tip removed: 0 (0s)
Nb errors removed: 18 (0s)
Superbubble
Nb superbubble removed: 0 0 (0s)
Tip
Nb Tip removed: 0 (0s)
Nb errors removed: 9 (0s)
Superbubble
Nb superbubble removed: 0 0 (0s)
Tip
Nb Tip removed: 0 (0s)
Nb errors removed: 6 (0s)
Superbubble
Nb superbubble removed: 0 0 (0s)
Tip
Nb Tip removed: 0 (0s)
Nb errors removed: 4 (0s)
Superbubble
Nb superbubble removed: 0 0 (0s)
Tip
Nb Tip removed: 0 (0s)
Nb errors removed: 1 (0s)
Superbubble
Nb superbubble removed: 0 0 (0s)
Tip
Nb Tip removed: 0 (0s)
Nb errors removed: 1 (0s)
Superbubble
Nb superbubble removed: 0 0 (0s)
Tip
Nb Tip removed: 0 (0s)
Nb errors removed: 1 (0s)
Superbubble
Nb superbubble removed: 0 0 (0s)
Tip
Nb Tip removed: 0 (0s)
Nb errors removed: 1 (0s)
Superbubble
Nb superbubble removed: 0 0 (0s)
Tip
Nb Tip removed: 0 (0s)
Nb errors removed: 1 (0s)
Superbubble
Nb superbubble removed: 0 0 (0s)
Tip
Nb Tip removed: 0 (0s)
Nb errors removed: 1 (0s)
Superbubble
Nb superbubble removed: 0 0 (0s)
Tip
Nb Tip removed: 0 (0s)
Nb errors removed: 9 (0s)
Superbubble
Nb superbubble removed: 0 0 (0s)
Tip
Nb Tip removed: 0 (0s)
Nb errors removed: 2 (0s)
Superbubble
Nb superbubble removed: 0 0 (0s)
Tip
Nb Tip removed: 0 (0s)
Nb errors removed: 1 (0s)
Superbubble
Nb superbubble removed: 0 0 (0s)
Tip
Nb Tip removed: 0 (0s)
Checksum: 0
Checksum abundnace: 0
Generating contigs
45.2593
34.004
28.1025
25.5477
23.2252
19.1944
11.9182
10.8347
9.84974
8.14028
7.40025
6.11591
5.05447
4.17725
3.13843
2.14359
0


metaMDBG toMinspace  /var/folders/zg/vq0dnx517c54hg87dyqjky740000gn/T/.tmpMtxbLg/tmp/ /var/folders/zg/vq0dnx517c54hg87dyqjky740000gn/T/.tmpMtxbLg/tmp//contigs.nodepath /var/folders/zg/vq0dnx517c54hg87dyqjky740000gn/T/.tmpMtxbLg/tmp//unitig_data.txt --threads 10

Input dir: /var/folders/zg/vq0dnx517c54hg87dyqjky740000gn/T/.tmpMtxbLg/tmp/
Minimizer length: 15
Kminmer length: 47
Density: 0.005

Loading unitig sequences

Creating mContigs

Contig filename: /var/folders/zg/vq0dnx517c54hg87dyqjky740000gn/T/.tmpMtxbLg/tmp//unitig_data.txt
pass done: 47
Multi-k pass: 48/204


metaMDBG graph /var/folders/zg/vq0dnx517c54hg87dyqjky740000gn/T/.tmpMtxbLg/tmp/ --threads 10 --corrected-read 

Contig filename: 
Output dir: /var/folders/zg/vq0dnx517c54hg87dyqjky740000gn/T/.tmpMtxbLg/tmp/
Minimizer length: 15
Kminmer length: 48
Density: 0.005
Min abundance: 0

Loading refined abundances
	Duration: 0
Collecting kminmers
Building mdbg
Duration: 0
Nb solid kminmers: 31603
Nb small contigs written: 0
Dump kminmer abundances
	Duration: 0
Indexing edges
Edge index size: 31505
Edge index elements: 56293
	Duration: 0
Compute unitig nodes
	Duration: 0
Index unitig edges
	Duration: 0
Compute unitig edges
	Duration: 0
Dump unitig abundances
	Duration: 0
Nb edges:   0


metaMDBG contig  /var/folders/zg/vq0dnx517c54hg87dyqjky740000gn/T/.tmpMtxbLg/tmp/ --threads 10

Input dir: /var/folders/zg/vq0dnx517c54hg87dyqjky740000gn/T/.tmpMtxbLg/tmp/
Minimizer length: 15
Kminmer length: 48
Density: 0.005

Loading unitig graph
Load unitigs
Nb unitigs: 1182
Nb minimizers: 87157
Add unitig abundances
Sorting abundances
Add unitig edges
Nb unitig edges: 2564
Sorting unitig edges
Done loading unitig graph
Simplifying
Max abundance: 42
Nb unitigs: 1182
Superbubble
Nb superbubble removed: 76 0 (0s)
Tip
Nb Tip removed: 256 (0s)
Superbubble
Nb superbubble removed: 114 0 (0s)
Tip
Nb Tip removed: 0 (0s)
Nb errors removed: 235 (0s)
Superbubble
Nb superbubble removed: 0 0 (0s)
Tip
Nb Tip removed: 0 (0s)
Nb errors removed: 55 (0s)
Superbubble
Nb superbubble removed: 0 0 (0s)
Tip
Nb Tip removed: 0 (0s)
Nb errors removed: 29 (0s)
Superbubble
Nb superbubble removed: 0 0 (0s)
Tip
Nb Tip removed: 0 (0s)
Nb errors removed: 18 (0s)
Superbubble
Nb superbubble removed: 0 0 (0s)
Tip
Nb Tip removed: 0 (0s)
Nb errors removed: 9 (0s)
Superbubble
Nb superbubble removed: 0 0 (0s)
Tip
Nb Tip removed: 0 (0s)
Nb errors removed: 6 (0s)
Superbubble
Nb superbubble removed: 0 0 (0s)
Tip
Nb Tip removed: 0 (0s)
Nb errors removed: 5 (0s)
Superbubble
Nb superbubble removed: 0 0 (0s)
Tip
Nb Tip removed: 0 (0s)
Nb errors removed: 1 (0s)
Superbubble
Nb superbubble removed: 0 0 (0s)
Tip
Nb Tip removed: 0 (0s)
Nb errors removed: 1 (0s)
Superbubble
Nb superbubble removed: 0 0 (0s)
Tip
Nb Tip removed: 0 (0s)
Nb errors removed: 1 (0s)
Superbubble
Nb superbubble removed: 0 0 (0s)
Tip
Nb Tip removed: 0 (0s)
Nb errors removed: 1 (0s)
Superbubble
Nb superbubble removed: 0 0 (0s)
Tip
Nb Tip removed: 0 (0s)
Nb errors removed: 1 (0s)
Superbubble
Nb superbubble removed: 0 0 (0s)
Tip
Nb Tip removed: 0 (0s)
Nb errors removed: 1 (0s)
Superbubble
Nb superbubble removed: 0 0 (0s)
Tip
Nb Tip removed: 0 (0s)
Nb errors removed: 8 (0s)
Superbubble
Nb superbubble removed: 0 0 (0s)
Tip
Nb Tip removed: 0 (0s)
Nb errors removed: 2 (0s)
Superbubble
Nb superbubble removed: 0 0 (0s)
Tip
Nb Tip removed: 0 (0s)
Nb errors removed: 1 (0s)
Superbubble
Nb superbubble removed: 0 0 (0s)
Tip
Nb Tip removed: 0 (0s)
Checksum: 0
Checksum abundnace: 0
Generating contigs
45.2593
34.004
28.1025
25.5477
23.2252
19.1944
11.9182
10.8347
9.84974
8.14028
7.40025
6.11591
5.05447
4.17725
3.13843
2.14359
0


metaMDBG toMinspace  /var/folders/zg/vq0dnx517c54hg87dyqjky740000gn/T/.tmpMtxbLg/tmp/ /var/folders/zg/vq0dnx517c54hg87dyqjky740000gn/T/.tmpMtxbLg/tmp//contigs.nodepath /var/folders/zg/vq0dnx517c54hg87dyqjky740000gn/T/.tmpMtxbLg/tmp//unitig_data.txt --threads 10

Input dir: /var/folders/zg/vq0dnx517c54hg87dyqjky740000gn/T/.tmpMtxbLg/tmp/
Minimizer length: 15
Kminmer length: 48
Density: 0.005

Loading unitig sequences

Creating mContigs

Contig filename: /var/folders/zg/vq0dnx517c54hg87dyqjky740000gn/T/.tmpMtxbLg/tmp//unitig_data.txt
pass done: 48
Multi-k pass: 49/204


metaMDBG graph /var/folders/zg/vq0dnx517c54hg87dyqjky740000gn/T/.tmpMtxbLg/tmp/ --threads 10 --corrected-read 

Contig filename: 
Output dir: /var/folders/zg/vq0dnx517c54hg87dyqjky740000gn/T/.tmpMtxbLg/tmp/
Minimizer length: 15
Kminmer length: 49
Density: 0.005
Min abundance: 0

Loading refined abundances
	Duration: 0
Collecting kminmers
Building mdbg
Duration: 0
Nb solid kminmers: 31697
Nb small contigs written: 0
Dump kminmer abundances
	Duration: 0
Indexing edges
Edge index size: 31599
Edge index elements: 56520
	Duration: 0
Compute unitig nodes
	Duration: 0
Index unitig edges
	Duration: 0
Compute unitig edges
	Duration: 0
Dump unitig abundances
	Duration: 0
Nb edges:   0


metaMDBG contig  /var/folders/zg/vq0dnx517c54hg87dyqjky740000gn/T/.tmpMtxbLg/tmp/ --threads 10

Input dir: /var/folders/zg/vq0dnx517c54hg87dyqjky740000gn/T/.tmpMtxbLg/tmp/
Minimizer length: 15
Kminmer length: 49
Density: 0.005

Loading unitig graph
Load unitigs
Nb unitigs: 1174
Nb minimizers: 88049
Add unitig abundances
Sorting abundances
Add unitig edges
Nb unitig edges: 2548
Sorting unitig edges
Done loading unitig graph
Simplifying
Max abundance: 42
Nb unitigs: 1174
Superbubble
Nb superbubble removed: 76 0 (0s)
Tip
Nb Tip removed: 254 (0s)
Superbubble
Nb superbubble removed: 114 0 (0s)
Tip
Nb Tip removed: 0 (0s)
Nb errors removed: 232 (0s)
Superbubble
Nb superbubble removed: 0 0 (0s)
Tip
Nb Tip removed: 0 (0s)
Nb errors removed: 55 (0s)
Superbubble
Nb superbubble removed: 0 0 (0s)
Tip
Nb Tip removed: 0 (0s)
Nb errors removed: 29 (0s)
Superbubble
Nb superbubble removed: 0 0 (0s)
Tip
Nb Tip removed: 0 (0s)
Nb errors removed: 18 (0s)
Superbubble
Nb superbubble removed: 0 0 (0s)
Tip
Nb Tip removed: 0 (0s)
Nb errors removed: 8 (0s)
Superbubble
Nb superbubble removed: 0 0 (0s)
Tip
Nb Tip removed: 0 (0s)
Nb errors removed: 6 (0s)
Superbubble
Nb superbubble removed: 0 0 (0s)
Tip
Nb Tip removed: 0 (0s)
Nb errors removed: 5 (0s)
Superbubble
Nb superbubble removed: 0 0 (0s)
Tip
Nb Tip removed: 0 (0s)
Nb errors removed: 1 (0s)
Superbubble
Nb superbubble removed: 0 0 (0s)
Tip
Nb Tip removed: 0 (0s)
Nb errors removed: 1 (0s)
Superbubble
Nb superbubble removed: 0 0 (0s)
Tip
Nb Tip removed: 0 (0s)
Nb errors removed: 1 (0s)
Superbubble
Nb superbubble removed: 0 0 (0s)
Tip
Nb Tip removed: 0 (0s)
Nb errors removed: 1 (0s)
Superbubble
Nb superbubble removed: 0 0 (0s)
Tip
Nb Tip removed: 0 (0s)
Nb errors removed: 1 (0s)
Superbubble
Nb superbubble removed: 0 0 (0s)
Tip
Nb Tip removed: 0 (0s)
Nb errors removed: 1 (0s)
Superbubble
Nb superbubble removed: 0 0 (0s)
Tip
Nb Tip removed: 0 (0s)
Nb errors removed: 8 (0s)
Superbubble
Nb superbubble removed: 0 0 (0s)
Tip
Nb Tip removed: 0 (0s)
Nb errors removed: 2 (0s)
Superbubble
Nb superbubble removed: 0 0 (0s)
Tip
Nb Tip removed: 0 (0s)
Nb errors removed: 1 (0s)
Superbubble
Nb superbubble removed: 0 0 (0s)
Tip
Nb Tip removed: 0 (0s)
Checksum: 0
Checksum abundnace: 0
Generating contigs
45.2593
34.004
28.1025
25.5477
23.2252
19.1944
11.9182
10.8347
9.84974
8.14028
7.40025
6.11591
5.05447
4.17725
3.13843
2.14359
0


metaMDBG toMinspace  /var/folders/zg/vq0dnx517c54hg87dyqjky740000gn/T/.tmpMtxbLg/tmp/ /var/folders/zg/vq0dnx517c54hg87dyqjky740000gn/T/.tmpMtxbLg/tmp//contigs.nodepath /var/folders/zg/vq0dnx517c54hg87dyqjky740000gn/T/.tmpMtxbLg/tmp//unitig_data.txt --threads 10

Input dir: /var/folders/zg/vq0dnx517c54hg87dyqjky740000gn/T/.tmpMtxbLg/tmp/
Minimizer length: 15
Kminmer length: 49
Density: 0.005

Loading unitig sequences

Creating mContigs

Contig filename: /var/folders/zg/vq0dnx517c54hg87dyqjky740000gn/T/.tmpMtxbLg/tmp//unitig_data.txt
pass done: 49
Multi-k pass: 50/204


metaMDBG graph /var/folders/zg/vq0dnx517c54hg87dyqjky740000gn/T/.tmpMtxbLg/tmp/ --threads 10 --corrected-read 

Contig filename: 
Output dir: /var/folders/zg/vq0dnx517c54hg87dyqjky740000gn/T/.tmpMtxbLg/tmp/
Minimizer length: 15
Kminmer length: 50
Density: 0.005
Min abundance: 0

Loading refined abundances
	Duration: 0
Collecting kminmers
Building mdbg
Duration: 0
Nb solid kminmers: 31786
Nb small contigs written: 0
Dump kminmer abundances
	Duration: 0
Indexing edges
Edge index size: 31690
Edge index elements: 56617
	Duration: 0
Compute unitig nodes
	Duration: 0
Index unitig edges
	Duration: 0
Compute unitig edges
	Duration: 0
Dump unitig abundances
	Duration: 0
Nb edges:   0


metaMDBG contig  /var/folders/zg/vq0dnx517c54hg87dyqjky740000gn/T/.tmpMtxbLg/tmp/ --threads 10

Input dir: /var/folders/zg/vq0dnx517c54hg87dyqjky740000gn/T/.tmpMtxbLg/tmp/
Minimizer length: 15
Kminmer length: 50
Density: 0.005

Loading unitig graph
Load unitigs
Nb unitigs: 1156
Nb minimizers: 88430
Add unitig abundances
Sorting abundances
Add unitig edges
Nb unitig edges: 2512
Sorting unitig edges
Done loading unitig graph
Simplifying
Max abundance: 42
Nb unitigs: 1156
Superbubble
Nb superbubble removed: 72 0 (0s)
Tip
Nb Tip removed: 257 (0s)
Superbubble
Nb superbubble removed: 114 0 (0s)
Tip
Nb Tip removed: 0 (0s)
Nb errors removed: 227 (0s)
Superbubble
Nb superbubble removed: 0 0 (0s)
Tip
Nb Tip removed: 0 (0s)
Nb errors removed: 55 (0s)
Superbubble
Nb superbubble removed: 0 0 (0s)
Tip
Nb Tip removed: 0 (0s)
Nb errors removed: 28 (0s)
Superbubble
Nb superbubble removed: 0 0 (0s)
Tip
Nb Tip removed: 0 (0s)
Nb errors removed: 18 (0s)
Superbubble
Nb superbubble removed: 0 0 (0s)
Tip
Nb Tip removed: 0 (0s)
Nb errors removed: 9 (0s)
Superbubble
Nb superbubble removed: 0 0 (0s)
Tip
Nb Tip removed: 0 (0s)
Nb errors removed: 8 (0s)
Superbubble
Nb superbubble removed: 0 0 (0s)
Tip
Nb Tip removed: 0 (0s)
Nb errors removed: 5 (0s)
Superbubble
Nb superbubble removed: 0 0 (0s)
Tip
Nb Tip removed: 0 (0s)
Nb errors removed: 1 (0s)
Superbubble
Nb superbubble removed: 0 0 (0s)
Tip
Nb Tip removed: 0 (0s)
Nb errors removed: 1 (0s)
Superbubble
Nb superbubble removed: 0 0 (0s)
Tip
Nb Tip removed: 0 (0s)
Nb errors removed: 1 (0s)
Superbubble
Nb superbubble removed: 0 0 (0s)
Tip
Nb Tip removed: 0 (0s)
Nb errors removed: 1 (0s)
Superbubble
Nb superbubble removed: 0 0 (0s)
Tip
Nb Tip removed: 0 (0s)
Nb errors removed: 1 (0s)
Superbubble
Nb superbubble removed: 0 0 (0s)
Tip
Nb Tip removed: 0 (0s)
Nb errors removed: 1 (0s)
Superbubble
Nb superbubble removed: 0 0 (0s)
Tip
Nb Tip removed: 0 (0s)
Nb errors removed: 8 (0s)
Superbubble
Nb superbubble removed: 0 0 (0s)
Tip
Nb Tip removed: 0 (0s)
Nb errors removed: 2 (0s)
Superbubble
Nb superbubble removed: 0 0 (0s)
Tip
Nb Tip removed: 0 (0s)
Nb errors removed: 1 (0s)
Superbubble
Nb superbubble removed: 0 0 (0s)
Tip
Nb Tip removed: 0 (0s)
Checksum: 0
Checksum abundnace: 0
Generating contigs
45.2593
34.004
28.1025
25.5477
23.2252
19.1944
11.9182
10.8347
9.84974
8.14028
7.40025
6.11591
5.05447
4.17725
3.13843
2.14359
0


metaMDBG toMinspace  /var/folders/zg/vq0dnx517c54hg87dyqjky740000gn/T/.tmpMtxbLg/tmp/ /var/folders/zg/vq0dnx517c54hg87dyqjky740000gn/T/.tmpMtxbLg/tmp//contigs.nodepath /var/folders/zg/vq0dnx517c54hg87dyqjky740000gn/T/.tmpMtxbLg/tmp//unitig_data.txt --threads 10

Input dir: /var/folders/zg/vq0dnx517c54hg87dyqjky740000gn/T/.tmpMtxbLg/tmp/
Minimizer length: 15
Kminmer length: 50
Density: 0.005

Loading unitig sequences

Creating mContigs

Contig filename: /var/folders/zg/vq0dnx517c54hg87dyqjky740000gn/T/.tmpMtxbLg/tmp//unitig_data.txt
pass done: 50
Multi-k pass: 51/204


metaMDBG graph /var/folders/zg/vq0dnx517c54hg87dyqjky740000gn/T/.tmpMtxbLg/tmp/ --threads 10 --corrected-read 

Contig filename: 
Output dir: /var/folders/zg/vq0dnx517c54hg87dyqjky740000gn/T/.tmpMtxbLg/tmp/
Minimizer length: 15
Kminmer length: 51
Density: 0.005
Min abundance: 0

Loading refined abundances
	Duration: 0
Collecting kminmers
Building mdbg
Duration: 0
Nb solid kminmers: 31874
Nb small contigs written: 0
Dump kminmer abundances
	Duration: 0
Indexing edges
Edge index size: 31782
Edge index elements: 56810
	Duration: 0
Compute unitig nodes
	Duration: 0
Index unitig edges
	Duration: 0
Compute unitig edges
	Duration: 0
Dump unitig abundances
	Duration: 0
Nb edges:   0


metaMDBG contig  /var/folders/zg/vq0dnx517c54hg87dyqjky740000gn/T/.tmpMtxbLg/tmp/ --threads 10 --gen-graph 

Input dir: /var/folders/zg/vq0dnx517c54hg87dyqjky740000gn/T/.tmpMtxbLg/tmp/
Minimizer length: 15
Kminmer length: 51
Density: 0.005

Loading unitig graph
Load unitigs
Nb unitigs: 1145
Nb minimizers: 89124
Add unitig abundances
Sorting abundances
Add unitig edges
Nb unitig edges: 2484
Sorting unitig edges
Done loading unitig graph
Simplifying
Max abundance: 42
Nb unitigs: 1145
Superbubble
Nb superbubble removed: 70 0 (0s)
Tip
Nb Tip removed: 254 (0s)
Superbubble
Nb superbubble removed: 112 0 (0s)
Tip
Nb Tip removed: 0 (0s)
Saving unitig graph: /var/folders/zg/vq0dnx517c54hg87dyqjky740000gn/T/.tmpMtxbLg/tmp//assembly_graph.gfa
Nb errors removed: 224 (0s)
Superbubble
Nb superbubble removed: 0 0 (0s)
Tip
Nb Tip removed: 0 (0s)
Nb errors removed: 55 (0s)
Superbubble
Nb superbubble removed: 0 0 (0s)
Tip
Nb Tip removed: 0 (0s)
Nb errors removed: 28 (0s)
Superbubble
Nb superbubble removed: 0 0 (0s)
Tip
Nb Tip removed: 0 (0s)
Nb errors removed: 19 (0s)
Superbubble
Nb superbubble removed: 0 0 (0s)
Tip
Nb Tip removed: 0 (0s)
Nb errors removed: 9 (0s)
Superbubble
Nb superbubble removed: 0 0 (0s)
Tip
Nb Tip removed: 0 (0s)
Nb errors removed: 9 (0s)
Superbubble
Nb superbubble removed: 0 0 (0s)
Tip
Nb Tip removed: 0 (0s)
Nb errors removed: 5 (0s)
Superbubble
Nb superbubble removed: 0 0 (0s)
Tip
Nb Tip removed: 0 (0s)
Nb errors removed: 1 (0s)
Superbubble
Nb superbubble removed: 0 0 (0s)
Tip
Nb Tip removed: 0 (0s)
Nb errors removed: 1 (0s)
Superbubble
Nb superbubble removed: 0 0 (0s)
Tip
Nb Tip removed: 0 (0s)
Nb errors removed: 1 (0s)
Superbubble
Nb superbubble removed: 0 0 (0s)
Tip
Nb Tip removed: 0 (0s)
Nb errors removed: 1 (0s)
Superbubble
Nb superbubble removed: 0 0 (0s)
Tip
Nb Tip removed: 0 (0s)
Nb errors removed: 1 (0s)
Superbubble
Nb superbubble removed: 0 0 (0s)
Tip
Nb Tip removed: 0 (0s)
Nb errors removed: 8 (0s)
Superbubble
Nb superbubble removed: 0 0 (0s)
Tip
Nb Tip removed: 0 (0s)
Nb errors removed: 2 (0s)
Superbubble
Nb superbubble removed: 0 0 (0s)
Tip
Nb Tip removed: 0 (0s)
Nb errors removed: 1 (0s)
Superbubble
Nb superbubble removed: 0 0 (0s)
Tip
Nb Tip removed: 0 (0s)
Checksum: 0
Checksum abundnace: 0
Generating contigs
45.2593
34.004
28.1025
25.5477
23.2252
11.9182
10.8347
9.84974
8.14028
7.40025
6.11591
5.05447
4.17725
3.13843
2.14359
0


metaMDBG toMinspace  /var/folders/zg/vq0dnx517c54hg87dyqjky740000gn/T/.tmpMtxbLg/tmp/ /var/folders/zg/vq0dnx517c54hg87dyqjky740000gn/T/.tmpMtxbLg/tmp//contigs.nodepath /var/folders/zg/vq0dnx517c54hg87dyqjky740000gn/T/.tmpMtxbLg/tmp//unitig_data.txt --threads 10

Input dir: /var/folders/zg/vq0dnx517c54hg87dyqjky740000gn/T/.tmpMtxbLg/tmp/
Minimizer length: 15
Kminmer length: 51
Density: 0.005

Loading unitig sequences

Creating mContigs

Contig filename: /var/folders/zg/vq0dnx517c54hg87dyqjky740000gn/T/.tmpMtxbLg/tmp//unitig_data.txt


metaMDBG toMinspace  /var/folders/zg/vq0dnx517c54hg87dyqjky740000gn/T/.tmpMtxbLg/tmp/ /var/folders/zg/vq0dnx517c54hg87dyqjky740000gn/T/.tmpMtxbLg/tmp//assembly_graph.gfa.unitigs.nodepath /var/folders/zg/vq0dnx517c54hg87dyqjky740000gn/T/.tmpMtxbLg/tmp//assembly_graph.gfa.unitigs --threads 10

Input dir: /var/folders/zg/vq0dnx517c54hg87dyqjky740000gn/T/.tmpMtxbLg/tmp/
Minimizer length: 15
Kminmer length: 51
Density: 0.005

Loading unitig sequences

Creating mContigs

Contig filename: /var/folders/zg/vq0dnx517c54hg87dyqjky740000gn/T/.tmpMtxbLg/tmp//assembly_graph.gfa.unitigs
pass done: 51
Multi-k pass: 52/204


metaMDBG graph /var/folders/zg/vq0dnx517c54hg87dyqjky740000gn/T/.tmpMtxbLg/tmp/ --threads 10 --corrected-read 

Contig filename: 
Output dir: /var/folders/zg/vq0dnx517c54hg87dyqjky740000gn/T/.tmpMtxbLg/tmp/
Minimizer length: 15
Kminmer length: 52
Density: 0.005
Min abundance: 0

Loading refined abundances
	Duration: 0
Collecting kminmers
Building mdbg
Duration: 0
Nb solid kminmers: 31957
Nb small contigs written: 0
Dump kminmer abundances
	Duration: 0
Indexing edges
Edge index size: 31871
Edge index elements: 56907
	Duration: 0
Compute unitig nodes
	Duration: 0
Index unitig edges
	Duration: 0
Compute unitig edges
	Duration: 0
Dump unitig abundances
	Duration: 0
Nb edges:   0


metaMDBG contig  /var/folders/zg/vq0dnx517c54hg87dyqjky740000gn/T/.tmpMtxbLg/tmp/ --threads 10

Input dir: /var/folders/zg/vq0dnx517c54hg87dyqjky740000gn/T/.tmpMtxbLg/tmp/
Minimizer length: 15
Kminmer length: 52
Density: 0.005

Loading unitig graph
Load unitigs
Nb unitigs: 1132
Nb minimizers: 89689
Add unitig abundances
Sorting abundances
Add unitig edges
Nb unitig edges: 2452
Sorting unitig edges
Done loading unitig graph
Simplifying
Max abundance: 42
Nb unitigs: 1132
Superbubble
Nb superbubble removed: 66 0 (0s)
Tip
Nb Tip removed: 254 (0s)
Superbubble
Nb superbubble removed: 112 0 (0s)
Tip
Nb Tip removed: 0 (0s)
Nb errors removed: 224 (0s)
Superbubble
Nb superbubble removed: 0 0 (0s)
Tip
Nb Tip removed: 0 (0s)
Nb errors removed: 55 (0s)
Superbubble
Nb superbubble removed: 0 0 (0s)
Tip
Nb Tip removed: 0 (0s)
Nb errors removed: 28 (0s)
Superbubble
Nb superbubble removed: 0 0 (0s)
Tip
Nb Tip removed: 0 (0s)
Nb errors removed: 22 (0s)
Superbubble
Nb superbubble removed: 0 0 (0s)
Tip
Nb Tip removed: 0 (0s)
Nb errors removed: 8 (0s)
Superbubble
Nb superbubble removed: 0 0 (0s)
Tip
Nb Tip removed: 0 (0s)
Nb errors removed: 9 (0s)
Superbubble
Nb superbubble removed: 0 0 (0s)
Tip
Nb Tip removed: 0 (0s)
Nb errors removed: 5 (0s)
Superbubble
Nb superbubble removed: 0 0 (0s)
Tip
Nb Tip removed: 0 (0s)
Nb errors removed: 1 (0s)
Superbubble
Nb superbubble removed: 0 0 (0s)
Tip
Nb Tip removed: 0 (0s)
Nb errors removed: 1 (0s)
Superbubble
Nb superbubble removed: 0 0 (0s)
Tip
Nb Tip removed: 0 (0s)
Nb errors removed: 1 (0s)
Superbubble
Nb superbubble removed: 0 0 (0s)
Tip
Nb Tip removed: 0 (0s)
Nb errors removed: 1 (0s)
Superbubble
Nb superbubble removed: 0 0 (0s)
Tip
Nb Tip removed: 0 (0s)
Nb errors removed: 1 (0s)
Superbubble
Nb superbubble removed: 0 0 (0s)
Tip
Nb Tip removed: 0 (0s)
Nb errors removed: 8 (0s)
Superbubble
Nb superbubble removed: 0 0 (0s)
Tip
Nb Tip removed: 0 (0s)
Nb errors removed: 2 (0s)
Superbubble
Nb superbubble removed: 0 0 (0s)
Tip
Nb Tip removed: 0 (0s)
Nb errors removed: 1 (0s)
Superbubble
Nb superbubble removed: 0 0 (0s)
Tip
Nb Tip removed: 0 (0s)
Checksum: 0
Checksum abundnace: 0
Generating contigs
45.2593
34.004
28.1025
25.5477
23.2252
11.9182
10.8347
9.84974
8.14028
7.40025
6.11591
5.05447
4.17725
3.13843
2.14359
0


metaMDBG toMinspace  /var/folders/zg/vq0dnx517c54hg87dyqjky740000gn/T/.tmpMtxbLg/tmp/ /var/folders/zg/vq0dnx517c54hg87dyqjky740000gn/T/.tmpMtxbLg/tmp//contigs.nodepath /var/folders/zg/vq0dnx517c54hg87dyqjky740000gn/T/.tmpMtxbLg/tmp//unitig_data.txt --threads 10

Input dir: /var/folders/zg/vq0dnx517c54hg87dyqjky740000gn/T/.tmpMtxbLg/tmp/
Minimizer length: 15
Kminmer length: 52
Density: 0.005

Loading unitig sequences

Creating mContigs

Contig filename: /var/folders/zg/vq0dnx517c54hg87dyqjky740000gn/T/.tmpMtxbLg/tmp//unitig_data.txt
pass done: 52
Multi-k pass: 53/204


metaMDBG graph /var/folders/zg/vq0dnx517c54hg87dyqjky740000gn/T/.tmpMtxbLg/tmp/ --threads 10 --corrected-read 

Contig filename: 
Output dir: /var/folders/zg/vq0dnx517c54hg87dyqjky740000gn/T/.tmpMtxbLg/tmp/
Minimizer length: 15
Kminmer length: 53
Density: 0.005
Min abundance: 0

Loading refined abundances
	Duration: 0
Collecting kminmers
Building mdbg
Duration: 0
Nb solid kminmers: 32034
Nb small contigs written: 0
Dump kminmer abundances
	Duration: 0
Indexing edges
Edge index size: 31954
Edge index elements: 57284
	Duration: 0
Compute unitig nodes
	Duration: 0
Index unitig edges
	Duration: 0
Compute unitig edges
	Duration: 0
Dump unitig abundances
	Duration: 0
Nb edges:   0


metaMDBG contig  /var/folders/zg/vq0dnx517c54hg87dyqjky740000gn/T/.tmpMtxbLg/tmp/ --threads 10

Input dir: /var/folders/zg/vq0dnx517c54hg87dyqjky740000gn/T/.tmpMtxbLg/tmp/
Minimizer length: 15
Kminmer length: 53
Density: 0.005

Loading unitig graph
Load unitigs
Nb unitigs: 1121
Nb minimizers: 90326
Add unitig abundances
Sorting abundances
Add unitig edges
Nb unitig edges: 2418
Sorting unitig edges
Done loading unitig graph
Simplifying
Max abundance: 42
Nb unitigs: 1121
Superbubble
Nb superbubble removed: 64 0 (0s)
Tip
Nb Tip removed: 255 (0s)
Superbubble
Nb superbubble removed: 108 0 (0s)
Tip
Nb Tip removed: 0 (0s)
Nb errors removed: 223 (0s)
Superbubble
Nb superbubble removed: 0 0 (0s)
Tip
Nb Tip removed: 0 (0s)
Nb errors removed: 55 (0s)
Superbubble
Nb superbubble removed: 0 0 (0s)
Tip
Nb Tip removed: 0 (0s)
Nb errors removed: 28 (0s)
Superbubble
Nb superbubble removed: 0 0 (0s)
Tip
Nb Tip removed: 0 (0s)
Nb errors removed: 22 (0s)
Superbubble
Nb superbubble removed: 0 0 (0s)
Tip
Nb Tip removed: 0 (0s)
Nb errors removed: 9 (0s)
Superbubble
Nb superbubble removed: 0 0 (0s)
Tip
Nb Tip removed: 0 (0s)
Nb errors removed: 9 (0s)
Superbubble
Nb superbubble removed: 0 0 (0s)
Tip
Nb Tip removed: 0 (0s)
Nb errors removed: 5 (0s)
Superbubble
Nb superbubble removed: 0 0 (0s)
Tip
Nb Tip removed: 0 (0s)
Nb errors removed: 1 (0s)
Superbubble
Nb superbubble removed: 0 0 (0s)
Tip
Nb Tip removed: 0 (0s)
Nb errors removed: 1 (0s)
Superbubble
Nb superbubble removed: 0 0 (0s)
Tip
Nb Tip removed: 0 (0s)
Nb errors removed: 1 (0s)
Superbubble
Nb superbubble removed: 0 0 (0s)
Tip
Nb Tip removed: 0 (0s)
Nb errors removed: 1 (0s)
Superbubble
Nb superbubble removed: 0 0 (0s)
Tip
Nb Tip removed: 0 (0s)
Nb errors removed: 1 (0s)
Superbubble
Nb superbubble removed: 0 0 (0s)
Tip
Nb Tip removed: 0 (0s)
Nb errors removed: 1 (0s)
Superbubble
Nb superbubble removed: 0 0 (0s)
Tip
Nb Tip removed: 0 (0s)
Nb errors removed: 8 (0s)
Superbubble
Nb superbubble removed: 0 0 (0s)
Tip
Nb Tip removed: 0 (0s)
Nb errors removed: 2 (0s)
Superbubble
Nb superbubble removed: 0 0 (0s)
Tip
Nb Tip removed: 0 (0s)
Nb errors removed: 1 (0s)
Superbubble
Nb superbubble removed: 0 0 (0s)
Tip
Nb Tip removed: 0 (0s)
Checksum: 0
Checksum abundnace: 0
Generating contigs
45.2593
34.004
28.1025
25.5477
23.2252
13.11
11.9182
10.8347
9.84974
8.14028
7.40025
6.11591
5.05447
4.17725
3.13843
2.14359
0


metaMDBG toMinspace  /var/folders/zg/vq0dnx517c54hg87dyqjky740000gn/T/.tmpMtxbLg/tmp/ /var/folders/zg/vq0dnx517c54hg87dyqjky740000gn/T/.tmpMtxbLg/tmp//contigs.nodepath /var/folders/zg/vq0dnx517c54hg87dyqjky740000gn/T/.tmpMtxbLg/tmp//unitig_data.txt --threads 10

Input dir: /var/folders/zg/vq0dnx517c54hg87dyqjky740000gn/T/.tmpMtxbLg/tmp/
Minimizer length: 15
Kminmer length: 53
Density: 0.005

Loading unitig sequences

Creating mContigs

Contig filename: /var/folders/zg/vq0dnx517c54hg87dyqjky740000gn/T/.tmpMtxbLg/tmp//unitig_data.txt
pass done: 53
Multi-k pass: 54/204


metaMDBG graph /var/folders/zg/vq0dnx517c54hg87dyqjky740000gn/T/.tmpMtxbLg/tmp/ --threads 10 --corrected-read 

Contig filename: 
Output dir: /var/folders/zg/vq0dnx517c54hg87dyqjky740000gn/T/.tmpMtxbLg/tmp/
Minimizer length: 15
Kminmer length: 54
Density: 0.005
Min abundance: 0

Loading refined abundances
	Duration: 0
Collecting kminmers
Building mdbg
Duration: 0
Nb solid kminmers: 32106
Nb small contigs written: 0
Dump kminmer abundances
	Duration: 0
Indexing edges
Edge index size: 32029
Edge index elements: 57534
	Duration: 0
Compute unitig nodes
	Duration: 0
Index unitig edges
	Duration: 0
Compute unitig edges
	Duration: 0
Dump unitig abundances
	Duration: 0
Nb edges:   0


metaMDBG contig  /var/folders/zg/vq0dnx517c54hg87dyqjky740000gn/T/.tmpMtxbLg/tmp/ --threads 10

Input dir: /var/folders/zg/vq0dnx517c54hg87dyqjky740000gn/T/.tmpMtxbLg/tmp/
Minimizer length: 15
Kminmer length: 54
Density: 0.005

Loading unitig graph
Load unitigs
Nb unitigs: 1114
Nb minimizers: 91148
Add unitig abundances
Sorting abundances
Add unitig edges
Nb unitig edges: 2394
Sorting unitig edges
Done loading unitig graph
Simplifying
Max abundance: 42
Nb unitigs: 1114
Superbubble
Nb superbubble removed: 64 0 (0s)
Tip
Nb Tip removed: 257 (0s)
Superbubble
Nb superbubble removed: 104 0 (0s)
Tip
Nb Tip removed: 0 (0s)
Nb errors removed: 222 (0s)
Superbubble
Nb superbubble removed: 0 0 (0s)
Tip
Nb Tip removed: 0 (0s)
Nb errors removed: 58 (0s)
Superbubble
Nb superbubble removed: 0 0 (0s)
Tip
Nb Tip removed: 0 (0s)
Nb errors removed: 28 (0s)
Superbubble
Nb superbubble removed: 0 0 (0s)
Tip
Nb Tip removed: 0 (0s)
Nb errors removed: 22 (0s)
Superbubble
Nb superbubble removed: 0 0 (0s)
Tip
Nb Tip removed: 0 (0s)
Nb errors removed: 9 (0s)
Superbubble
Nb superbubble removed: 0 0 (0s)
Tip
Nb Tip removed: 0 (0s)
Nb errors removed: 9 (0s)
Superbubble
Nb superbubble removed: 0 0 (0s)
Tip
Nb Tip removed: 0 (0s)
Nb errors removed: 5 (0s)
Superbubble
Nb superbubble removed: 0 0 (0s)
Tip
Nb Tip removed: 0 (0s)
Nb errors removed: 1 (0s)
Superbubble
Nb superbubble removed: 0 0 (0s)
Tip
Nb Tip removed: 0 (0s)
Nb errors removed: 1 (0s)
Superbubble
Nb superbubble removed: 0 0 (0s)
Tip
Nb Tip removed: 0 (0s)
Nb errors removed: 1 (0s)
Superbubble
Nb superbubble removed: 0 0 (0s)
Tip
Nb Tip removed: 0 (0s)
Nb errors removed: 1 (0s)
Superbubble
Nb superbubble removed: 0 0 (0s)
Tip
Nb Tip removed: 0 (0s)
Nb errors removed: 1 (0s)
Superbubble
Nb superbubble removed: 0 0 (0s)
Tip
Nb Tip removed: 0 (0s)
Nb errors removed: 1 (0s)
Superbubble
Nb superbubble removed: 0 0 (0s)
Tip
Nb Tip removed: 0 (0s)
Nb errors removed: 8 (0s)
Superbubble
Nb superbubble removed: 0 0 (0s)
Tip
Nb Tip removed: 0 (0s)
Nb errors removed: 2 (0s)
Superbubble
Nb superbubble removed: 0 0 (0s)
Tip
Nb Tip removed: 0 (0s)
Nb errors removed: 1 (0s)
Superbubble
Nb superbubble removed: 0 0 (0s)
Tip
Nb Tip removed: 0 (0s)
Checksum: 0
Checksum abundnace: 0
Generating contigs
45.2593
34.004
28.1025
25.5477
23.2252
13.11
11.9182
10.8347
9.84974
8.14028
7.40025
6.11591
5.05447
4.17725
3.13843
2.14359
0


metaMDBG toMinspace  /var/folders/zg/vq0dnx517c54hg87dyqjky740000gn/T/.tmpMtxbLg/tmp/ /var/folders/zg/vq0dnx517c54hg87dyqjky740000gn/T/.tmpMtxbLg/tmp//contigs.nodepath /var/folders/zg/vq0dnx517c54hg87dyqjky740000gn/T/.tmpMtxbLg/tmp//unitig_data.txt --threads 10

Input dir: /var/folders/zg/vq0dnx517c54hg87dyqjky740000gn/T/.tmpMtxbLg/tmp/
Minimizer length: 15
Kminmer length: 54
Density: 0.005

Loading unitig sequences

Creating mContigs

Contig filename: /var/folders/zg/vq0dnx517c54hg87dyqjky740000gn/T/.tmpMtxbLg/tmp//unitig_data.txt
pass done: 54
Multi-k pass: 55/204


metaMDBG graph /var/folders/zg/vq0dnx517c54hg87dyqjky740000gn/T/.tmpMtxbLg/tmp/ --threads 10 --corrected-read 

Contig filename: 
Output dir: /var/folders/zg/vq0dnx517c54hg87dyqjky740000gn/T/.tmpMtxbLg/tmp/
Minimizer length: 15
Kminmer length: 55
Density: 0.005
Min abundance: 0

Loading refined abundances
	Duration: 0
Collecting kminmers
Building mdbg
Duration: 0
Nb solid kminmers: 32176
Nb small contigs written: 0
Dump kminmer abundances
	Duration: 0
Indexing edges
Edge index size: 32099
Edge index elements: 57097
	Duration: 0
Compute unitig nodes
	Duration: 0
Index unitig edges
	Duration: 0
Compute unitig edges
	Duration: 0
Dump unitig abundances
	Duration: 0
Nb edges:   0


metaMDBG contig  /var/folders/zg/vq0dnx517c54hg87dyqjky740000gn/T/.tmpMtxbLg/tmp/ --threads 10

Input dir: /var/folders/zg/vq0dnx517c54hg87dyqjky740000gn/T/.tmpMtxbLg/tmp/
Minimizer length: 15
Kminmer length: 55
Density: 0.005

Loading unitig graph
Load unitigs
Nb unitigs: 1103
Nb minimizers: 91738
Add unitig abundances
Sorting abundances
Add unitig edges
Nb unitig edges: 2370
Sorting unitig edges
Done loading unitig graph
Simplifying
Max abundance: 42
Nb unitigs: 1103
Superbubble
Nb superbubble removed: 58 0 (0s)
Tip
Nb Tip removed: 257 (0s)
Superbubble
Nb superbubble removed: 102 0 (0s)
Tip
Nb Tip removed: 0 (0s)
Nb errors removed: 218 (0s)
Superbubble
Nb superbubble removed: 4 0 (0s)
Tip
Nb Tip removed: 0 (0s)
Nb errors removed: 58 (0s)
Superbubble
Nb superbubble removed: 0 0 (0s)
Tip
Nb Tip removed: 0 (0s)
Nb errors removed: 31 (0s)
Superbubble
Nb superbubble removed: 0 0 (0s)
Tip
Nb Tip removed: 0 (0s)
Nb errors removed: 23 (0s)
Superbubble
Nb superbubble removed: 0 0 (0s)
Tip
Nb Tip removed: 0 (0s)
Nb errors removed: 9 (0s)
Superbubble
Nb superbubble removed: 0 0 (0s)
Tip
Nb Tip removed: 0 (0s)
Nb errors removed: 10 (0s)
Superbubble
Nb superbubble removed: 0 0 (0s)
Tip
Nb Tip removed: 0 (0s)
Nb errors removed: 5 (0s)
Superbubble
Nb superbubble removed: 0 0 (0s)
Tip
Nb Tip removed: 0 (0s)
Nb errors removed: 1 (0s)
Superbubble
Nb superbubble removed: 0 0 (0s)
Tip
Nb Tip removed: 0 (0s)
Nb errors removed: 1 (0s)
Superbubble
Nb superbubble removed: 0 0 (0s)
Tip
Nb Tip removed: 0 (0s)
Nb errors removed: 1 (0s)
Superbubble
Nb superbubble removed: 0 0 (0s)
Tip
Nb Tip removed: 0 (0s)
Nb errors removed: 1 (0s)
Superbubble
Nb superbubble removed: 0 0 (0s)
Tip
Nb Tip removed: 0 (0s)
Nb errors removed: 1 (0s)
Superbubble
Nb superbubble removed: 0 0 (0s)
Tip
Nb Tip removed: 0 (0s)
Nb errors removed: 1 (0s)
Superbubble
Nb superbubble removed: 0 0 (0s)
Tip
Nb Tip removed: 0 (0s)
Nb errors removed: 7 (0s)
Superbubble
Nb superbubble removed: 0 0 (0s)
Tip
Nb Tip removed: 0 (0s)
Nb errors removed: 2 (0s)
Superbubble
Nb superbubble removed: 0 0 (0s)
Tip
Nb Tip removed: 0 (0s)
Nb errors removed: 1 (0s)
Superbubble
Nb superbubble removed: 0 0 (0s)
Tip
Nb Tip removed: 0 (0s)
Checksum: 0
Checksum abundnace: 0
Generating contigs
45.2593
34.004
28.1025
25.5477
23.2252
13.11
11.9182
10.8347
9.84974
8.14028
7.40025
6.11591
5.05447
4.17725
3.13843
2.14359
0


metaMDBG toMinspace  /var/folders/zg/vq0dnx517c54hg87dyqjky740000gn/T/.tmpMtxbLg/tmp/ /var/folders/zg/vq0dnx517c54hg87dyqjky740000gn/T/.tmpMtxbLg/tmp//contigs.nodepath /var/folders/zg/vq0dnx517c54hg87dyqjky740000gn/T/.tmpMtxbLg/tmp//unitig_data.txt --threads 10

Input dir: /var/folders/zg/vq0dnx517c54hg87dyqjky740000gn/T/.tmpMtxbLg/tmp/
Minimizer length: 15
Kminmer length: 55
Density: 0.005

Loading unitig sequences

Creating mContigs

Contig filename: /var/folders/zg/vq0dnx517c54hg87dyqjky740000gn/T/.tmpMtxbLg/tmp//unitig_data.txt
pass done: 55
Multi-k pass: 56/204


metaMDBG graph /var/folders/zg/vq0dnx517c54hg87dyqjky740000gn/T/.tmpMtxbLg/tmp/ --threads 10 --corrected-read 

Contig filename: 
Output dir: /var/folders/zg/vq0dnx517c54hg87dyqjky740000gn/T/.tmpMtxbLg/tmp/
Minimizer length: 15
Kminmer length: 56
Density: 0.005
Min abundance: 0

Loading refined abundances
	Duration: 0
Collecting kminmers
Building mdbg
Duration: 0
Nb solid kminmers: 32247
Nb small contigs written: 0
Dump kminmer abundances
	Duration: 0
Indexing edges
Edge index size: 32175
Edge index elements: 57718
	Duration: 0
Compute unitig nodes
	Duration: 0
Index unitig edges
	Duration: 0
Compute unitig edges
	Duration: 0
Dump unitig abundances
	Duration: 0
Nb edges:   0


metaMDBG contig  /var/folders/zg/vq0dnx517c54hg87dyqjky740000gn/T/.tmpMtxbLg/tmp/ --threads 10

Input dir: /var/folders/zg/vq0dnx517c54hg87dyqjky740000gn/T/.tmpMtxbLg/tmp/
Minimizer length: 15
Kminmer length: 56
Density: 0.005

Loading unitig graph
Load unitigs
Nb unitigs: 1099
Nb minimizers: 92692
Add unitig abundances
Sorting abundances
Add unitig edges
Nb unitig edges: 2346
Sorting unitig edges
Done loading unitig graph
Simplifying
Max abundance: 42
Nb unitigs: 1099
Superbubble
Nb superbubble removed: 58 0 (0s)
Tip
Nb Tip removed: 259 (0s)
Superbubble
Nb superbubble removed: 102 0 (0s)
Tip
Nb Tip removed: 0 (0s)
Nb errors removed: 219 (0s)
Superbubble
Nb superbubble removed: 4 0 (0s)
Tip
Nb Tip removed: 0 (0s)
Nb errors removed: 60 (0s)
Superbubble
Nb superbubble removed: 0 0 (0s)
Tip
Nb Tip removed: 0 (0s)
Nb errors removed: 32 (0s)
Superbubble
Nb superbubble removed: 0 0 (0s)
Tip
Nb Tip removed: 0 (0s)
Nb errors removed: 22 (0s)
Superbubble
Nb superbubble removed: 0 0 (0s)
Tip
Nb Tip removed: 0 (0s)
Nb errors removed: 9 (0s)
Superbubble
Nb superbubble removed: 0 0 (0s)
Tip
Nb Tip removed: 0 (0s)
Nb errors removed: 10 (0s)
Superbubble
Nb superbubble removed: 0 0 (0s)
Tip
Nb Tip removed: 0 (0s)
Nb errors removed: 5 (0s)
Superbubble
Nb superbubble removed: 0 0 (0s)
Tip
Nb Tip removed: 0 (0s)
Nb errors removed: 1 (0s)
Superbubble
Nb superbubble removed: 0 0 (0s)
Tip
Nb Tip removed: 0 (0s)
Nb errors removed: 1 (0s)
Superbubble
Nb superbubble removed: 0 0 (0s)
Tip
Nb Tip removed: 0 (0s)
Nb errors removed: 1 (0s)
Superbubble
Nb superbubble removed: 0 0 (0s)
Tip
Nb Tip removed: 0 (0s)
Nb errors removed: 1 (0s)
Superbubble
Nb superbubble removed: 0 0 (0s)
Tip
Nb Tip removed: 0 (0s)
Nb errors removed: 1 (0s)
Superbubble
Nb superbubble removed: 0 0 (0s)
Tip
Nb Tip removed: 0 (0s)
Nb errors removed: 1 (0s)
Superbubble
Nb superbubble removed: 0 0 (0s)
Tip
Nb Tip removed: 0 (0s)
Nb errors removed: 7 (0s)
Superbubble
Nb superbubble removed: 0 0 (0s)
Tip
Nb Tip removed: 0 (0s)
Nb errors removed: 2 (0s)
Superbubble
Nb superbubble removed: 0 0 (0s)
Tip
Nb Tip removed: 0 (0s)
Nb errors removed: 1 (0s)
Superbubble
Nb superbubble removed: 0 0 (0s)
Tip
Nb Tip removed: 0 (0s)
Checksum: 0
Checksum abundnace: 0
Generating contigs
45.2593
34.004
28.1025
25.5477
23.2252
13.11
11.9182
10.8347
9.84974
8.14028
7.40025
6.11591
5.05447
4.17725
3.13843
2.14359
0


metaMDBG toMinspace  /var/folders/zg/vq0dnx517c54hg87dyqjky740000gn/T/.tmpMtxbLg/tmp/ /var/folders/zg/vq0dnx517c54hg87dyqjky740000gn/T/.tmpMtxbLg/tmp//contigs.nodepath /var/folders/zg/vq0dnx517c54hg87dyqjky740000gn/T/.tmpMtxbLg/tmp//unitig_data.txt --threads 10

Input dir: /var/folders/zg/vq0dnx517c54hg87dyqjky740000gn/T/.tmpMtxbLg/tmp/
Minimizer length: 15
Kminmer length: 56
Density: 0.005

Loading unitig sequences

Creating mContigs

Contig filename: /var/folders/zg/vq0dnx517c54hg87dyqjky740000gn/T/.tmpMtxbLg/tmp//unitig_data.txt
pass done: 56
Multi-k pass: 57/204


metaMDBG graph /var/folders/zg/vq0dnx517c54hg87dyqjky740000gn/T/.tmpMtxbLg/tmp/ --threads 10 --corrected-read 

Contig filename: 
Output dir: /var/folders/zg/vq0dnx517c54hg87dyqjky740000gn/T/.tmpMtxbLg/tmp/
Minimizer length: 15
Kminmer length: 57
Density: 0.005
Min abundance: 0

Loading refined abundances
	Duration: 0
Collecting kminmers
Building mdbg
Duration: 0
Nb solid kminmers: 32309
Nb small contigs written: 0
Dump kminmer abundances
	Duration: 0
Indexing edges
Edge index size: 32241
Edge index elements: 57768
	Duration: 0
Compute unitig nodes
	Duration: 0
Index unitig edges
	Duration: 0
Compute unitig edges
	Duration: 0
Dump unitig abundances
	Duration: 0
Nb edges:   0


metaMDBG contig  /var/folders/zg/vq0dnx517c54hg87dyqjky740000gn/T/.tmpMtxbLg/tmp/ --threads 10

Input dir: /var/folders/zg/vq0dnx517c54hg87dyqjky740000gn/T/.tmpMtxbLg/tmp/
Minimizer length: 15
Kminmer length: 57
Density: 0.005

Loading unitig graph
Load unitigs
Nb unitigs: 1088
Nb minimizers: 93237
Add unitig abundances
Sorting abundances
Add unitig edges
Nb unitig edges: 2322
Sorting unitig edges
Done loading unitig graph
Simplifying
Max abundance: 42
Nb unitigs: 1088
Superbubble
Nb superbubble removed: 56 0 (0s)
Tip
Nb Tip removed: 269 (0s)
Superbubble
Nb superbubble removed: 100 0 (0s)
Tip
Nb Tip removed: 0 (0s)
Nb errors removed: 217 (0s)
Superbubble
Nb superbubble removed: 4 0 (0s)
Tip
Nb Tip removed: 0 (0s)
Nb errors removed: 58 (0s)
Superbubble
Nb superbubble removed: 0 0 (0s)
Tip
Nb Tip removed: 0 (0s)
Nb errors removed: 30 (0s)
Superbubble
Nb superbubble removed: 0 0 (0s)
Tip
Nb Tip removed: 0 (0s)
Nb errors removed: 22 (0s)
Superbubble
Nb superbubble removed: 0 0 (0s)
Tip
Nb Tip removed: 0 (0s)
Nb errors removed: 12 (0s)
Superbubble
Nb superbubble removed: 0 0 (0s)
Tip
Nb Tip removed: 0 (0s)
Nb errors removed: 11 (0s)
Superbubble
Nb superbubble removed: 0 0 (0s)
Tip
Nb Tip removed: 0 (0s)
Nb errors removed: 4 (0s)
Superbubble
Nb superbubble removed: 0 0 (0s)
Tip
Nb Tip removed: 0 (0s)
Nb errors removed: 1 (0s)
Superbubble
Nb superbubble removed: 0 0 (0s)
Tip
Nb Tip removed: 0 (0s)
Nb errors removed: 1 (0s)
Superbubble
Nb superbubble removed: 0 0 (0s)
Tip
Nb Tip removed: 0 (0s)
Nb errors removed: 1 (0s)
Superbubble
Nb superbubble removed: 0 0 (0s)
Tip
Nb Tip removed: 0 (0s)
Nb errors removed: 1 (0s)
Superbubble
Nb superbubble removed: 0 0 (0s)
Tip
Nb Tip removed: 0 (0s)
Nb errors removed: 1 (0s)
Superbubble
Nb superbubble removed: 0 0 (0s)
Tip
Nb Tip removed: 0 (0s)
Nb errors removed: 1 (0s)
Superbubble
Nb superbubble removed: 0 0 (0s)
Tip
Nb Tip removed: 0 (0s)
Nb errors removed: 7 (0s)
Superbubble
Nb superbubble removed: 0 0 (0s)
Tip
Nb Tip removed: 0 (0s)
Nb errors removed: 2 (0s)
Superbubble
Nb superbubble removed: 0 0 (0s)
Tip
Nb Tip removed: 0 (0s)
Nb errors removed: 1 (0s)
Superbubble
Nb superbubble removed: 0 0 (0s)
Tip
Nb Tip removed: 0 (0s)
Checksum: 0
Checksum abundnace: 0
Generating contigs
45.2593
34.004
28.1025
25.5477
23.2252
13.11
11.9182
10.8347
9.84974
8.14028
7.40025
6.11591
5.05447
4.17725
3.13843
2.14359
0


metaMDBG toMinspace  /var/folders/zg/vq0dnx517c54hg87dyqjky740000gn/T/.tmpMtxbLg/tmp/ /var/folders/zg/vq0dnx517c54hg87dyqjky740000gn/T/.tmpMtxbLg/tmp//contigs.nodepath /var/folders/zg/vq0dnx517c54hg87dyqjky740000gn/T/.tmpMtxbLg/tmp//unitig_data.txt --threads 10

Input dir: /var/folders/zg/vq0dnx517c54hg87dyqjky740000gn/T/.tmpMtxbLg/tmp/
Minimizer length: 15
Kminmer length: 57
Density: 0.005

Loading unitig sequences

Creating mContigs

Contig filename: /var/folders/zg/vq0dnx517c54hg87dyqjky740000gn/T/.tmpMtxbLg/tmp//unitig_data.txt
pass done: 57
Multi-k pass: 58/204


metaMDBG graph /var/folders/zg/vq0dnx517c54hg87dyqjky740000gn/T/.tmpMtxbLg/tmp/ --threads 10 --corrected-read 

Contig filename: 
Output dir: /var/folders/zg/vq0dnx517c54hg87dyqjky740000gn/T/.tmpMtxbLg/tmp/
Minimizer length: 15
Kminmer length: 58
Density: 0.005
Min abundance: 0

Loading refined abundances
	Duration: 0
Collecting kminmers
Building mdbg
Duration: 0
Nb solid kminmers: 32371
Nb small contigs written: 0
Dump kminmer abundances
	Duration: 0
Indexing edges
Edge index size: 32304
Edge index elements: 57906
	Duration: 0
Compute unitig nodes
	Duration: 0
Index unitig edges
	Duration: 0
Compute unitig edges
	Duration: 0
Dump unitig abundances
	Duration: 0
Nb edges:   0


metaMDBG contig  /var/folders/zg/vq0dnx517c54hg87dyqjky740000gn/T/.tmpMtxbLg/tmp/ --threads 10

Input dir: /var/folders/zg/vq0dnx517c54hg87dyqjky740000gn/T/.tmpMtxbLg/tmp/
Minimizer length: 15
Kminmer length: 58
Density: 0.005

Loading unitig graph
Load unitigs
Nb unitigs: 1084
Nb minimizers: 94159
Add unitig abundances
Sorting abundances
Add unitig edges
Nb unitig edges: 2304
Sorting unitig edges
Done loading unitig graph
Simplifying
Max abundance: 42
Nb unitigs: 1084
Superbubble
Nb superbubble removed: 60 0 (0s)
Tip
Nb Tip removed: 274 (0s)
Superbubble
Nb superbubble removed: 96 0 (0s)
Tip
Nb Tip removed: 0 (0s)
Nb errors removed: 214 (0s)
Superbubble
Nb superbubble removed: 4 0 (0s)
Tip
Nb Tip removed: 0 (0s)
Nb errors removed: 60 (0s)
Superbubble
Nb superbubble removed: 0 0 (0s)
Tip
Nb Tip removed: 0 (0s)
Nb errors removed: 30 (0s)
Superbubble
Nb superbubble removed: 0 0 (0s)
Tip
Nb Tip removed: 0 (0s)
Nb errors removed: 22 (0s)
Superbubble
Nb superbubble removed: 0 0 (0s)
Tip
Nb Tip removed: 0 (0s)
Nb errors removed: 13 (0s)
Superbubble
Nb superbubble removed: 0 0 (0s)
Tip
Nb Tip removed: 0 (0s)
Nb errors removed: 11 (0s)
Superbubble
Nb superbubble removed: 0 0 (0s)
Tip
Nb Tip removed: 0 (0s)
Nb errors removed: 5 (0s)
Superbubble
Nb superbubble removed: 0 0 (0s)
Tip
Nb Tip removed: 0 (0s)
Nb errors removed: 1 (0s)
Superbubble
Nb superbubble removed: 0 0 (0s)
Tip
Nb Tip removed: 0 (0s)
Nb errors removed: 1 (0s)
Superbubble
Nb superbubble removed: 0 0 (0s)
Tip
Nb Tip removed: 0 (0s)
Nb errors removed: 1 (0s)
Superbubble
Nb superbubble removed: 0 0 (0s)
Tip
Nb Tip removed: 0 (0s)
Nb errors removed: 2 (0s)
Superbubble
Nb superbubble removed: 0 0 (0s)
Tip
Nb Tip removed: 0 (0s)
Nb errors removed: 1 (0s)
Superbubble
Nb superbubble removed: 0 0 (0s)
Tip
Nb Tip removed: 0 (0s)
Nb errors removed: 1 (0s)
Superbubble
Nb superbubble removed: 0 0 (0s)
Tip
Nb Tip removed: 0 (0s)
Nb errors removed: 7 (0s)
Superbubble
Nb superbubble removed: 0 0 (0s)
Tip
Nb Tip removed: 0 (0s)
Nb errors removed: 1 (0s)
Superbubble
Nb superbubble removed: 0 0 (0s)
Tip
Nb Tip removed: 0 (0s)
Nb errors removed: 1 (0s)
Superbubble
Nb superbubble removed: 0 0 (0s)
Tip
Nb Tip removed: 0 (0s)
Checksum: 0
Checksum abundnace: 0
Generating contigs
45.2593
34.004
28.1025
25.5477
23.2252
13.11
11.9182
10.8347
9.84974
8.14028
7.40025
6.11591
5.05447
4.17725
3.13843
2.14359
0


metaMDBG toMinspace  /var/folders/zg/vq0dnx517c54hg87dyqjky740000gn/T/.tmpMtxbLg/tmp/ /var/folders/zg/vq0dnx517c54hg87dyqjky740000gn/T/.tmpMtxbLg/tmp//contigs.nodepath /var/folders/zg/vq0dnx517c54hg87dyqjky740000gn/T/.tmpMtxbLg/tmp//unitig_data.txt --threads 10

Input dir: /var/folders/zg/vq0dnx517c54hg87dyqjky740000gn/T/.tmpMtxbLg/tmp/
Minimizer length: 15
Kminmer length: 58
Density: 0.005

Loading unitig sequences

Creating mContigs

Contig filename: /var/folders/zg/vq0dnx517c54hg87dyqjky740000gn/T/.tmpMtxbLg/tmp//unitig_data.txt
pass done: 58
Multi-k pass: 59/204


metaMDBG graph /var/folders/zg/vq0dnx517c54hg87dyqjky740000gn/T/.tmpMtxbLg/tmp/ --threads 10 --corrected-read 

Contig filename: 
Output dir: /var/folders/zg/vq0dnx517c54hg87dyqjky740000gn/T/.tmpMtxbLg/tmp/
Minimizer length: 15
Kminmer length: 59
Density: 0.005
Min abundance: 0

Loading refined abundances
	Duration: 0
Collecting kminmers
Building mdbg
Duration: 0
Nb solid kminmers: 32427
Nb small contigs written: 0
Dump kminmer abundances
	Duration: 0
Indexing edges
Edge index size: 32366
Edge index elements: 58066
	Duration: 0
Compute unitig nodes
	Duration: 0
Index unitig edges
	Duration: 0
Compute unitig edges
	Duration: 0
Dump unitig abundances
	Duration: 0
Nb edges:   0


metaMDBG contig  /var/folders/zg/vq0dnx517c54hg87dyqjky740000gn/T/.tmpMtxbLg/tmp/ --threads 10

Input dir: /var/folders/zg/vq0dnx517c54hg87dyqjky740000gn/T/.tmpMtxbLg/tmp/
Minimizer length: 15
Kminmer length: 59
Density: 0.005

Loading unitig graph
Load unitigs
Nb unitigs: 1065
Nb minimizers: 94197
Add unitig abundances
Sorting abundances
Add unitig edges
Nb unitig edges: 2256
Sorting unitig edges
Done loading unitig graph
Simplifying
Max abundance: 42
Nb unitigs: 1065
Superbubble
Nb superbubble removed: 58 0 (0s)
Tip
Nb Tip removed: 272 (0s)
Superbubble
Nb superbubble removed: 93 0 (0s)
Tip
Nb Tip removed: 0 (0s)
Nb errors removed: 209 (0s)
Superbubble
Nb superbubble removed: 4 0 (0s)
Tip
Nb Tip removed: 0 (0s)
Nb errors removed: 61 (0s)
Superbubble
Nb superbubble removed: 0 0 (0s)
Tip
Nb Tip removed: 0 (0s)
Nb errors removed: 31 (0s)
Superbubble
Nb superbubble removed: 0 0 (0s)
Tip
Nb Tip removed: 0 (0s)
Nb errors removed: 22 (0s)
Superbubble
Nb superbubble removed: 0 0 (0s)
Tip
Nb Tip removed: 0 (0s)
Nb errors removed: 13 (0s)
Superbubble
Nb superbubble removed: 0 0 (0s)
Tip
Nb Tip removed: 0 (0s)
Nb errors removed: 12 (0s)
Superbubble
Nb superbubble removed: 0 0 (0s)
Tip
Nb Tip removed: 0 (0s)
Nb errors removed: 5 (0s)
Superbubble
Nb superbubble removed: 0 0 (0s)
Tip
Nb Tip removed: 0 (0s)
Nb errors removed: 1 (0s)
Superbubble
Nb superbubble removed: 0 0 (0s)
Tip
Nb Tip removed: 0 (0s)
Nb errors removed: 1 (0s)
Superbubble
Nb superbubble removed: 0 0 (0s)
Tip
Nb Tip removed: 0 (0s)
Nb errors removed: 1 (0s)
Superbubble
Nb superbubble removed: 0 0 (0s)
Tip
Nb Tip removed: 0 (0s)
Nb errors removed: 2 (0s)
Superbubble
Nb superbubble removed: 0 0 (0s)
Tip
Nb Tip removed: 0 (0s)
Nb errors removed: 1 (0s)
Superbubble
Nb superbubble removed: 0 0 (0s)
Tip
Nb Tip removed: 0 (0s)
Nb errors removed: 1 (0s)
Superbubble
Nb superbubble removed: 0 0 (0s)
Tip
Nb Tip removed: 0 (0s)
Nb errors removed: 7 (0s)
Superbubble
Nb superbubble removed: 0 0 (0s)
Tip
Nb Tip removed: 0 (0s)
Nb errors removed: 1 (0s)
Superbubble
Nb superbubble removed: 0 0 (0s)
Tip
Nb Tip removed: 0 (0s)
Nb errors removed: 1 (0s)
Superbubble
Nb superbubble removed: 0 0 (0s)
Tip
Nb Tip removed: 0 (0s)
Checksum: 0
Checksum abundnace: 0
Generating contigs
45.2593
34.004
28.1025
25.5477
23.2252
13.11
11.9182
10.8347
9.84974
8.14028
7.40025
6.11591
5.05447
4.17725
3.13843
2.14359
0


metaMDBG toMinspace  /var/folders/zg/vq0dnx517c54hg87dyqjky740000gn/T/.tmpMtxbLg/tmp/ /var/folders/zg/vq0dnx517c54hg87dyqjky740000gn/T/.tmpMtxbLg/tmp//contigs.nodepath /var/folders/zg/vq0dnx517c54hg87dyqjky740000gn/T/.tmpMtxbLg/tmp//unitig_data.txt --threads 10

Input dir: /var/folders/zg/vq0dnx517c54hg87dyqjky740000gn/T/.tmpMtxbLg/tmp/
Minimizer length: 15
Kminmer length: 59
Density: 0.005

Loading unitig sequences

Creating mContigs

Contig filename: /var/folders/zg/vq0dnx517c54hg87dyqjky740000gn/T/.tmpMtxbLg/tmp//unitig_data.txt
pass done: 59
Multi-k pass: 60/204


metaMDBG graph /var/folders/zg/vq0dnx517c54hg87dyqjky740000gn/T/.tmpMtxbLg/tmp/ --threads 10 --corrected-read 

Contig filename: 
Output dir: /var/folders/zg/vq0dnx517c54hg87dyqjky740000gn/T/.tmpMtxbLg/tmp/
Minimizer length: 15
Kminmer length: 60
Density: 0.005
Min abundance: 0

Loading refined abundances
	Duration: 0
Collecting kminmers
Building mdbg
Duration: 0
Nb solid kminmers: 32480
Nb small contigs written: 0
Dump kminmer abundances
	Duration: 0
Indexing edges
Edge index size: 32424
Edge index elements: 57975
	Duration: 0
Compute unitig nodes
	Duration: 0
Index unitig edges
	Duration: 0
Compute unitig edges
	Duration: 0
Dump unitig abundances
	Duration: 0
Nb edges:   0


metaMDBG contig  /var/folders/zg/vq0dnx517c54hg87dyqjky740000gn/T/.tmpMtxbLg/tmp/ --threads 10

Input dir: /var/folders/zg/vq0dnx517c54hg87dyqjky740000gn/T/.tmpMtxbLg/tmp/
Minimizer length: 15
Kminmer length: 60
Density: 0.005

Loading unitig graph
Load unitigs
Nb unitigs: 1055
Nb minimizers: 94725
Add unitig abundances
Sorting abundances
Add unitig edges
Nb unitig edges: 2224
Sorting unitig edges
Done loading unitig graph
Simplifying
Max abundance: 42
Nb unitigs: 1055
Superbubble
Nb superbubble removed: 52 0 (0s)
Tip
Nb Tip removed: 278 (0s)
Superbubble
Nb superbubble removed: 96 0 (0s)
Tip
Nb Tip removed: 0 (0s)
Nb errors removed: 210 (0s)
Superbubble
Nb superbubble removed: 0 0 (0s)
Tip
Nb Tip removed: 0 (0s)
Nb errors removed: 63 (0s)
Superbubble
Nb superbubble removed: 0 0 (0s)
Tip
Nb Tip removed: 0 (0s)
Nb errors removed: 32 (0s)
Superbubble
Nb superbubble removed: 0 0 (0s)
Tip
Nb Tip removed: 0 (0s)
Nb errors removed: 23 (0s)
Superbubble
Nb superbubble removed: 0 0 (0s)
Tip
Nb Tip removed: 0 (0s)
Nb errors removed: 13 (0s)
Superbubble
Nb superbubble removed: 0 0 (0s)
Tip
Nb Tip removed: 0 (0s)
Nb errors removed: 13 (0s)
Superbubble
Nb superbubble removed: 0 0 (0s)
Tip
Nb Tip removed: 0 (0s)
Nb errors removed: 8 (0s)
Superbubble
Nb superbubble removed: 0 0 (0s)
Tip
Nb Tip removed: 0 (0s)
Nb errors removed: 3 (0s)
Superbubble
Nb superbubble removed: 0 0 (0s)
Tip
Nb Tip removed: 0 (0s)
Nb errors removed: 1 (0s)
Superbubble
Nb superbubble removed: 0 0 (0s)
Tip
Nb Tip removed: 0 (0s)
Nb errors removed: 1 (0s)
Superbubble
Nb superbubble removed: 0 0 (0s)
Tip
Nb Tip removed: 0 (0s)
Nb errors removed: 2 (0s)
Superbubble
Nb superbubble removed: 0 0 (0s)
Tip
Nb Tip removed: 0 (0s)
Nb errors removed: 1 (0s)
Superbubble
Nb superbubble removed: 0 0 (0s)
Tip
Nb Tip removed: 0 (0s)
Nb errors removed: 1 (0s)
Superbubble
Nb superbubble removed: 0 0 (0s)
Tip
Nb Tip removed: 0 (0s)
Nb errors removed: 7 (0s)
Superbubble
Nb superbubble removed: 0 0 (0s)
Tip
Nb Tip removed: 0 (0s)
Nb errors removed: 1 (0s)
Superbubble
Nb superbubble removed: 0 0 (0s)
Tip
Nb Tip removed: 0 (0s)
Nb errors removed: 1 (0s)
Superbubble
Nb superbubble removed: 0 0 (0s)
Tip
Nb Tip removed: 0 (0s)
Checksum: 0
Checksum abundnace: 0
Generating contigs
45.2593
34.004
28.1025
25.5477
23.2252
13.11
11.9182
10.8347
9.84974
8.14028
7.40025
6.11591
5.05447
4.17725
3.13843
2.14359
0


metaMDBG toMinspace  /var/folders/zg/vq0dnx517c54hg87dyqjky740000gn/T/.tmpMtxbLg/tmp/ /var/folders/zg/vq0dnx517c54hg87dyqjky740000gn/T/.tmpMtxbLg/tmp//contigs.nodepath /var/folders/zg/vq0dnx517c54hg87dyqjky740000gn/T/.tmpMtxbLg/tmp//unitig_data.txt --threads 10

Input dir: /var/folders/zg/vq0dnx517c54hg87dyqjky740000gn/T/.tmpMtxbLg/tmp/
Minimizer length: 15
Kminmer length: 60
Density: 0.005

Loading unitig sequences

Creating mContigs

Contig filename: /var/folders/zg/vq0dnx517c54hg87dyqjky740000gn/T/.tmpMtxbLg/tmp//unitig_data.txt
pass done: 60
Multi-k pass: 61/204


metaMDBG graph /var/folders/zg/vq0dnx517c54hg87dyqjky740000gn/T/.tmpMtxbLg/tmp/ --threads 10 --corrected-read 

Contig filename: 
Output dir: /var/folders/zg/vq0dnx517c54hg87dyqjky740000gn/T/.tmpMtxbLg/tmp/
Minimizer length: 15
Kminmer length: 61
Density: 0.005
Min abundance: 0

Loading refined abundances
	Duration: 0
Collecting kminmers
Building mdbg
Duration: 0
Nb solid kminmers: 32530
Nb small contigs written: 0
Dump kminmer abundances
	Duration: 0
Indexing edges
Edge index size: 32477
Edge index elements: 58169
	Duration: 0
Compute unitig nodes
	Duration: 0
Index unitig edges
	Duration: 0
Compute unitig edges
	Duration: 0
Dump unitig abundances
	Duration: 0
Nb edges:   0


metaMDBG contig  /var/folders/zg/vq0dnx517c54hg87dyqjky740000gn/T/.tmpMtxbLg/tmp/ --threads 10 --gen-graph 

Input dir: /var/folders/zg/vq0dnx517c54hg87dyqjky740000gn/T/.tmpMtxbLg/tmp/
Minimizer length: 15
Kminmer length: 61
Density: 0.005

Loading unitig graph
Load unitigs
Nb unitigs: 1048
Nb minimizers: 95410
Add unitig abundances
Sorting abundances
Add unitig edges
Nb unitig edges: 2204
Sorting unitig edges
Done loading unitig graph
Simplifying
Max abundance: 42
Nb unitigs: 1048
Superbubble
Nb superbubble removed: 52 0 (0s)
Tip
Nb Tip removed: 279 (0s)
Superbubble
Nb superbubble removed: 94 0 (0s)
Tip
Nb Tip removed: 0 (0s)
Saving unitig graph: /var/folders/zg/vq0dnx517c54hg87dyqjky740000gn/T/.tmpMtxbLg/tmp//assembly_graph.gfa
Nb errors removed: 208 (0s)
Superbubble
Nb superbubble removed: 0 0 (0s)
Tip
Nb Tip removed: 0 (0s)
Nb errors removed: 64 (0s)
Superbubble
Nb superbubble removed: 0 0 (0s)
Tip
Nb Tip removed: 0 (0s)
Nb errors removed: 32 (0s)
Superbubble
Nb superbubble removed: 0 0 (0s)
Tip
Nb Tip removed: 0 (0s)
Nb errors removed: 23 (0s)
Superbubble
Nb superbubble removed: 0 0 (0s)
Tip
Nb Tip removed: 0 (0s)
Nb errors removed: 13 (0s)
Superbubble
Nb superbubble removed: 0 0 (0s)
Tip
Nb Tip removed: 0 (0s)
Nb errors removed: 12 (0s)
Superbubble
Nb superbubble removed: 0 0 (0s)
Tip
Nb Tip removed: 0 (0s)
Nb errors removed: 8 (0s)
Superbubble
Nb superbubble removed: 0 0 (0s)
Tip
Nb Tip removed: 0 (0s)
Nb errors removed: 3 (0s)
Superbubble
Nb superbubble removed: 0 0 (0s)
Tip
Nb Tip removed: 0 (0s)
Nb errors removed: 2 (0s)
Superbubble
Nb superbubble removed: 0 0 (0s)
Tip
Nb Tip removed: 0 (0s)
Nb errors removed: 1 (0s)
Superbubble
Nb superbubble removed: 0 0 (0s)
Tip
Nb Tip removed: 0 (0s)
Nb errors removed: 2 (0s)
Superbubble
Nb superbubble removed: 0 0 (0s)
Tip
Nb Tip removed: 0 (0s)
Nb errors removed: 1 (0s)
Superbubble
Nb superbubble removed: 0 0 (0s)
Tip
Nb Tip removed: 0 (0s)
Nb errors removed: 1 (0s)
Superbubble
Nb superbubble removed: 0 0 (0s)
Tip
Nb Tip removed: 0 (0s)
Nb errors removed: 7 (0s)
Superbubble
Nb superbubble removed: 0 0 (0s)
Tip
Nb Tip removed: 0 (0s)
Nb errors removed: 1 (0s)
Superbubble
Nb superbubble removed: 0 0 (0s)
Tip
Nb Tip removed: 0 (0s)
Nb errors removed: 1 (0s)
Superbubble
Nb superbubble removed: 0 0 (0s)
Tip
Nb Tip removed: 0 (0s)
Checksum: 0
Checksum abundnace: 0
Generating contigs
45.2593
34.004
28.1025
25.5477
23.2252
13.11
11.9182
10.8347
9.84974
8.14028
7.40025
6.11591
5.05447
4.17725
3.13843
2.14359
0


metaMDBG toMinspace  /var/folders/zg/vq0dnx517c54hg87dyqjky740000gn/T/.tmpMtxbLg/tmp/ /var/folders/zg/vq0dnx517c54hg87dyqjky740000gn/T/.tmpMtxbLg/tmp//contigs.nodepath /var/folders/zg/vq0dnx517c54hg87dyqjky740000gn/T/.tmpMtxbLg/tmp//unitig_data.txt --threads 10

Input dir: /var/folders/zg/vq0dnx517c54hg87dyqjky740000gn/T/.tmpMtxbLg/tmp/
Minimizer length: 15
Kminmer length: 61
Density: 0.005

Loading unitig sequences

Creating mContigs

Contig filename: /var/folders/zg/vq0dnx517c54hg87dyqjky740000gn/T/.tmpMtxbLg/tmp//unitig_data.txt


metaMDBG toMinspace  /var/folders/zg/vq0dnx517c54hg87dyqjky740000gn/T/.tmpMtxbLg/tmp/ /var/folders/zg/vq0dnx517c54hg87dyqjky740000gn/T/.tmpMtxbLg/tmp//assembly_graph.gfa.unitigs.nodepath /var/folders/zg/vq0dnx517c54hg87dyqjky740000gn/T/.tmpMtxbLg/tmp//assembly_graph.gfa.unitigs --threads 10

Input dir: /var/folders/zg/vq0dnx517c54hg87dyqjky740000gn/T/.tmpMtxbLg/tmp/
Minimizer length: 15
Kminmer length: 61
Density: 0.005

Loading unitig sequences

Creating mContigs

Contig filename: /var/folders/zg/vq0dnx517c54hg87dyqjky740000gn/T/.tmpMtxbLg/tmp//assembly_graph.gfa.unitigs
pass done: 61
Multi-k pass: 62/204


metaMDBG graph /var/folders/zg/vq0dnx517c54hg87dyqjky740000gn/T/.tmpMtxbLg/tmp/ --threads 10 --corrected-read 

Contig filename: 
Output dir: /var/folders/zg/vq0dnx517c54hg87dyqjky740000gn/T/.tmpMtxbLg/tmp/
Minimizer length: 15
Kminmer length: 62
Density: 0.005
Min abundance: 0

Loading refined abundances
	Duration: 0
Collecting kminmers
Building mdbg
Duration: 0
Nb solid kminmers: 32573
Nb small contigs written: 0
Dump kminmer abundances
	Duration: 0
Indexing edges
Edge index size: 32524
Edge index elements: 58247
	Duration: 0
Compute unitig nodes
	Duration: 0
Index unitig edges
	Duration: 0
Compute unitig edges
	Duration: 0
Dump unitig abundances
	Duration: 0
Nb edges:   0


metaMDBG contig  /var/folders/zg/vq0dnx517c54hg87dyqjky740000gn/T/.tmpMtxbLg/tmp/ --threads 10

Input dir: /var/folders/zg/vq0dnx517c54hg87dyqjky740000gn/T/.tmpMtxbLg/tmp/
Minimizer length: 15
Kminmer length: 62
Density: 0.005

Loading unitig graph
Load unitigs
Nb unitigs: 1027
Nb minimizers: 95220
Add unitig abundances
Sorting abundances
Add unitig edges
Nb unitig edges: 2168
Sorting unitig edges
Done loading unitig graph
Simplifying
Max abundance: 42
Nb unitigs: 1027
Superbubble
Nb superbubble removed: 48 0 (0s)
Tip
Nb Tip removed: 276 (0s)
Superbubble
Nb superbubble removed: 94 0 (0s)
Tip
Nb Tip removed: 0 (0s)
Nb errors removed: 205 (0s)
Superbubble
Nb superbubble removed: 0 0 (0s)
Tip
Nb Tip removed: 0 (0s)
Nb errors removed: 63 (0s)
Superbubble
Nb superbubble removed: 0 0 (0s)
Tip
Nb Tip removed: 0 (0s)
Nb errors removed: 31 (0s)
Superbubble
Nb superbubble removed: 0 0 (0s)
Tip
Nb Tip removed: 0 (0s)
Nb errors removed: 27 (0s)
Superbubble
Nb superbubble removed: 0 0 (0s)
Tip
Nb Tip removed: 0 (0s)
Nb errors removed: 13 (0s)
Superbubble
Nb superbubble removed: 0 0 (0s)
Tip
Nb Tip removed: 0 (0s)
Nb errors removed: 16 (0s)
Superbubble
Nb superbubble removed: 0 0 (0s)
Tip
Nb Tip removed: 0 (0s)
Nb errors removed: 7 (0s)
Superbubble
Nb superbubble removed: 0 0 (0s)
Tip
Nb Tip removed: 0 (0s)
Nb errors removed: 4 (0s)
Superbubble
Nb superbubble removed: 0 0 (0s)
Tip
Nb Tip removed: 0 (0s)
Nb errors removed: 1 (0s)
Superbubble
Nb superbubble removed: 0 0 (0s)
Tip
Nb Tip removed: 0 (0s)
Nb errors removed: 1 (0s)
Superbubble
Nb superbubble removed: 0 0 (0s)
Tip
Nb Tip removed: 0 (0s)
Nb errors removed: 3 (0s)
Superbubble
Nb superbubble removed: 0 0 (0s)
Tip
Nb Tip removed: 0 (0s)
Nb errors removed: 1 (0s)
Superbubble
Nb superbubble removed: 0 0 (0s)
Tip
Nb Tip removed: 0 (0s)
Nb errors removed: 1 (0s)
Superbubble
Nb superbubble removed: 0 0 (0s)
Tip
Nb Tip removed: 0 (0s)
Nb errors removed: 9 (0s)
Superbubble
Nb superbubble removed: 0 0 (0s)
Tip
Nb Tip removed: 0 (0s)
Nb errors removed: 1 (0s)
Superbubble
Nb superbubble removed: 0 0 (0s)
Tip
Nb Tip removed: 0 (0s)
Nb errors removed: 1 (0s)
Superbubble
Nb superbubble removed: 0 0 (0s)
Tip
Nb Tip removed: 0 (0s)
Checksum: 0
Checksum abundnace: 0
Generating contigs
45.2593
34.004
28.1025
25.5477
23.2252
13.11
11.9182
10.8347
9.84974
8.14028
7.40025
6.11591
5.05447
4.17725
3.13843
2.14359
0


metaMDBG toMinspace  /var/folders/zg/vq0dnx517c54hg87dyqjky740000gn/T/.tmpMtxbLg/tmp/ /var/folders/zg/vq0dnx517c54hg87dyqjky740000gn/T/.tmpMtxbLg/tmp//contigs.nodepath /var/folders/zg/vq0dnx517c54hg87dyqjky740000gn/T/.tmpMtxbLg/tmp//unitig_data.txt --threads 10

Input dir: /var/folders/zg/vq0dnx517c54hg87dyqjky740000gn/T/.tmpMtxbLg/tmp/
Minimizer length: 15
Kminmer length: 62
Density: 0.005

Loading unitig sequences

Creating mContigs

Contig filename: /var/folders/zg/vq0dnx517c54hg87dyqjky740000gn/T/.tmpMtxbLg/tmp//unitig_data.txt
pass done: 62
Multi-k pass: 63/204


metaMDBG graph /var/folders/zg/vq0dnx517c54hg87dyqjky740000gn/T/.tmpMtxbLg/tmp/ --threads 10 --corrected-read 

Contig filename: 
Output dir: /var/folders/zg/vq0dnx517c54hg87dyqjky740000gn/T/.tmpMtxbLg/tmp/
Minimizer length: 15
Kminmer length: 63
Density: 0.005
Min abundance: 0

Loading refined abundances
	Duration: 0
Collecting kminmers
Building mdbg
Duration: 0
Nb solid kminmers: 32618
Nb small contigs written: 0
Dump kminmer abundances
	Duration: 0
Indexing edges
Edge index size: 32569
Edge index elements: 58371
	Duration: 0
Compute unitig nodes
	Duration: 0
Index unitig edges
	Duration: 0
Compute unitig edges
	Duration: 0
Dump unitig abundances
	Duration: 0
Nb edges:   0


metaMDBG contig  /var/folders/zg/vq0dnx517c54hg87dyqjky740000gn/T/.tmpMtxbLg/tmp/ --threads 10

Input dir: /var/folders/zg/vq0dnx517c54hg87dyqjky740000gn/T/.tmpMtxbLg/tmp/
Minimizer length: 15
Kminmer length: 63
Density: 0.005

Loading unitig graph
Load unitigs
Nb unitigs: 1024
Nb minimizers: 96106
Add unitig abundances
Sorting abundances
Add unitig edges
Nb unitig edges: 2160
Sorting unitig edges
Done loading unitig graph
Simplifying
Max abundance: 42
Nb unitigs: 1024
Superbubble
Nb superbubble removed: 46 0 (0s)
Tip
Nb Tip removed: 279 (0s)
Superbubble
Nb superbubble removed: 94 0 (0s)
Tip
Nb Tip removed: 0 (0s)
Nb errors removed: 205 (0s)
Superbubble
Nb superbubble removed: 4 0 (0s)
Tip
Nb Tip removed: 0 (0s)
Nb errors removed: 65 (0s)
Superbubble
Nb superbubble removed: 0 0 (0s)
Tip
Nb Tip removed: 0 (0s)
Nb errors removed: 30 (0s)
Superbubble
Nb superbubble removed: 0 0 (0s)
Tip
Nb Tip removed: 0 (0s)
Nb errors removed: 27 (0s)
Superbubble
Nb superbubble removed: 0 0 (0s)
Tip
Nb Tip removed: 0 (0s)
Nb errors removed: 14 (0s)
Superbubble
Nb superbubble removed: 0 0 (0s)
Tip
Nb Tip removed: 0 (0s)
Nb errors removed: 17 (0s)
Superbubble
Nb superbubble removed: 0 0 (0s)
Tip
Nb Tip removed: 0 (0s)
Nb errors removed: 7 (0s)
Superbubble
Nb superbubble removed: 0 0 (0s)
Tip
Nb Tip removed: 0 (0s)
Nb errors removed: 4 (0s)
Superbubble
Nb superbubble removed: 0 0 (0s)
Tip
Nb Tip removed: 0 (0s)
Nb errors removed: 1 (0s)
Superbubble
Nb superbubble removed: 0 0 (0s)
Tip
Nb Tip removed: 0 (0s)
Nb errors removed: 1 (0s)
Superbubble
Nb superbubble removed: 0 0 (0s)
Tip
Nb Tip removed: 0 (0s)
Nb errors removed: 3 (0s)
Superbubble
Nb superbubble removed: 0 0 (0s)
Tip
Nb Tip removed: 0 (0s)
Nb errors removed: 1 (0s)
Superbubble
Nb superbubble removed: 0 0 (0s)
Tip
Nb Tip removed: 0 (0s)
Nb errors removed: 1 (0s)
Superbubble
Nb superbubble removed: 0 0 (0s)
Tip
Nb Tip removed: 0 (0s)
Nb errors removed: 9 (0s)
Superbubble
Nb superbubble removed: 0 0 (0s)
Tip
Nb Tip removed: 0 (0s)
Nb errors removed: 1 (0s)
Superbubble
Nb superbubble removed: 0 0 (0s)
Tip
Nb Tip removed: 0 (0s)
Nb errors removed: 1 (0s)
Superbubble
Nb superbubble removed: 0 0 (0s)
Tip
Nb Tip removed: 0 (0s)
Checksum: 0
Checksum abundnace: 0
Generating contigs
45.2593
34.004
28.1025
25.5477
23.2252
13.11
11.9182
10.8347
9.84974
8.14028
7.40025
6.11591
5.05447
4.17725
3.13843
2.14359
0


metaMDBG toMinspace  /var/folders/zg/vq0dnx517c54hg87dyqjky740000gn/T/.tmpMtxbLg/tmp/ /var/folders/zg/vq0dnx517c54hg87dyqjky740000gn/T/.tmpMtxbLg/tmp//contigs.nodepath /var/folders/zg/vq0dnx517c54hg87dyqjky740000gn/T/.tmpMtxbLg/tmp//unitig_data.txt --threads 10

Input dir: /var/folders/zg/vq0dnx517c54hg87dyqjky740000gn/T/.tmpMtxbLg/tmp/
Minimizer length: 15
Kminmer length: 63
Density: 0.005

Loading unitig sequences

Creating mContigs

Contig filename: /var/folders/zg/vq0dnx517c54hg87dyqjky740000gn/T/.tmpMtxbLg/tmp//unitig_data.txt
pass done: 63
Multi-k pass: 64/204


metaMDBG graph /var/folders/zg/vq0dnx517c54hg87dyqjky740000gn/T/.tmpMtxbLg/tmp/ --threads 10 --corrected-read 

Contig filename: 
Output dir: /var/folders/zg/vq0dnx517c54hg87dyqjky740000gn/T/.tmpMtxbLg/tmp/
Minimizer length: 15
Kminmer length: 64
Density: 0.005
Min abundance: 0

Loading refined abundances
	Duration: 0
Collecting kminmers
Building mdbg
Duration: 0
Nb solid kminmers: 32658
Nb small contigs written: 0
Dump kminmer abundances
	Duration: 0
Indexing edges
Edge index size: 32616
Edge index elements: 58458
	Duration: 0
Compute unitig nodes
	Duration: 0
Index unitig edges
	Duration: 0
Compute unitig edges
	Duration: 0
Dump unitig abundances
	Duration: 0
Nb edges:   0


metaMDBG contig  /var/folders/zg/vq0dnx517c54hg87dyqjky740000gn/T/.tmpMtxbLg/tmp/ --threads 10

Input dir: /var/folders/zg/vq0dnx517c54hg87dyqjky740000gn/T/.tmpMtxbLg/tmp/
Minimizer length: 15
Kminmer length: 64
Density: 0.005

Loading unitig graph
Load unitigs
Nb unitigs: 1010
Nb minimizers: 96288
Add unitig abundances
Sorting abundances
Add unitig edges
Nb unitig edges: 2110
Sorting unitig edges
Done loading unitig graph
Simplifying
Max abundance: 42
Nb unitigs: 1010
Superbubble
Nb superbubble removed: 46 0 (0s)
Tip
Nb Tip removed: 275 (0s)
Superbubble
Nb superbubble removed: 92 0 (0s)
Tip
Nb Tip removed: 0 (0s)
Nb errors removed: 203 (0s)
Superbubble
Nb superbubble removed: 4 0 (0s)
Tip
Nb Tip removed: 0 (0s)
Nb errors removed: 66 (0s)
Superbubble
Nb superbubble removed: 0 0 (0s)
Tip
Nb Tip removed: 0 (0s)
Nb errors removed: 31 (0s)
Superbubble
Nb superbubble removed: 0 0 (0s)
Tip
Nb Tip removed: 0 (0s)
Nb errors removed: 27 (0s)
Superbubble
Nb superbubble removed: 0 0 (0s)
Tip
Nb Tip removed: 0 (0s)
Nb errors removed: 13 (0s)
Superbubble
Nb superbubble removed: 0 0 (0s)
Tip
Nb Tip removed: 0 (0s)
Nb errors removed: 17 (0s)
Superbubble
Nb superbubble removed: 0 0 (0s)
Tip
Nb Tip removed: 0 (0s)
Nb errors removed: 7 (0s)
Superbubble
Nb superbubble removed: 0 0 (0s)
Tip
Nb Tip removed: 0 (0s)
Nb errors removed: 4 (0s)
Superbubble
Nb superbubble removed: 0 0 (0s)
Tip
Nb Tip removed: 0 (0s)
Nb errors removed: 1 (0s)
Superbubble
Nb superbubble removed: 0 0 (0s)
Tip
Nb Tip removed: 0 (0s)
Nb errors removed: 1 (0s)
Superbubble
Nb superbubble removed: 0 0 (0s)
Tip
Nb Tip removed: 0 (0s)
Nb errors removed: 3 (0s)
Superbubble
Nb superbubble removed: 0 0 (0s)
Tip
Nb Tip removed: 0 (0s)
Nb errors removed: 1 (0s)
Superbubble
Nb superbubble removed: 0 0 (0s)
Tip
Nb Tip removed: 0 (0s)
Nb errors removed: 1 (0s)
Superbubble
Nb superbubble removed: 0 0 (0s)
Tip
Nb Tip removed: 0 (0s)
Nb errors removed: 9 (0s)
Superbubble
Nb superbubble removed: 0 0 (0s)
Tip
Nb Tip removed: 0 (0s)
Nb errors removed: 1 (0s)
Superbubble
Nb superbubble removed: 0 0 (0s)
Tip
Nb Tip removed: 0 (0s)
Nb errors removed: 1 (0s)
Superbubble
Nb superbubble removed: 0 0 (0s)
Tip
Nb Tip removed: 0 (0s)
Checksum: 0
Checksum abundnace: 0
Generating contigs
45.2593
34.004
28.1025
25.5477
23.2252
13.11
11.9182
10.8347
9.84974
8.14028
7.40025
6.11591
5.05447
4.17725
3.13843
2.14359
0


metaMDBG toMinspace  /var/folders/zg/vq0dnx517c54hg87dyqjky740000gn/T/.tmpMtxbLg/tmp/ /var/folders/zg/vq0dnx517c54hg87dyqjky740000gn/T/.tmpMtxbLg/tmp//contigs.nodepath /var/folders/zg/vq0dnx517c54hg87dyqjky740000gn/T/.tmpMtxbLg/tmp//unitig_data.txt --threads 10

Input dir: /var/folders/zg/vq0dnx517c54hg87dyqjky740000gn/T/.tmpMtxbLg/tmp/
Minimizer length: 15
Kminmer length: 64
Density: 0.005

Loading unitig sequences

Creating mContigs

Contig filename: /var/folders/zg/vq0dnx517c54hg87dyqjky740000gn/T/.tmpMtxbLg/tmp//unitig_data.txt
pass done: 64
Multi-k pass: 65/204


metaMDBG graph /var/folders/zg/vq0dnx517c54hg87dyqjky740000gn/T/.tmpMtxbLg/tmp/ --threads 10 --corrected-read 

Contig filename: 
Output dir: /var/folders/zg/vq0dnx517c54hg87dyqjky740000gn/T/.tmpMtxbLg/tmp/
Minimizer length: 15
Kminmer length: 65
Density: 0.005
Min abundance: 0

Loading refined abundances
	Duration: 0
Collecting kminmers
Building mdbg
Duration: 0
Nb solid kminmers: 32693
Nb small contigs written: 0
Dump kminmer abundances
	Duration: 0
Indexing edges
Edge index size: 32652
Edge index elements: 58496
	Duration: 0
Compute unitig nodes
	Duration: 0
Index unitig edges
	Duration: 0
Compute unitig edges
	Duration: 0
Dump unitig abundances
	Duration: 0
Nb edges:   0


metaMDBG contig  /var/folders/zg/vq0dnx517c54hg87dyqjky740000gn/T/.tmpMtxbLg/tmp/ --threads 10

Input dir: /var/folders/zg/vq0dnx517c54hg87dyqjky740000gn/T/.tmpMtxbLg/tmp/
Minimizer length: 15
Kminmer length: 65
Density: 0.005

Loading unitig graph
Load unitigs
Nb unitigs: 997
Nb minimizers: 96501
Add unitig abundances
Sorting abundances
Add unitig edges
Nb unitig edges: 2082
Sorting unitig edges
Done loading unitig graph
Simplifying
Max abundance: 42
Nb unitigs: 997
Superbubble
Nb superbubble removed: 46 0 (0s)
Tip
Nb Tip removed: 272 (0s)
Superbubble
Nb superbubble removed: 89 0 (0s)
Tip
Nb Tip removed: 0 (0s)
Nb errors removed: 202 (0s)
Superbubble
Nb superbubble removed: 4 0 (0s)
Tip
Nb Tip removed: 0 (0s)
Nb errors removed: 63 (0s)
Superbubble
Nb superbubble removed: 0 0 (0s)
Tip
Nb Tip removed: 0 (0s)
Nb errors removed: 31 (0s)
Superbubble
Nb superbubble removed: 0 0 (0s)
Tip
Nb Tip removed: 0 (0s)
Nb errors removed: 26 (0s)
Superbubble
Nb superbubble removed: 0 0 (0s)
Tip
Nb Tip removed: 0 (0s)
Nb errors removed: 13 (0s)
Superbubble
Nb superbubble removed: 0 0 (0s)
Tip
Nb Tip removed: 0 (0s)
Nb errors removed: 19 (0s)
Superbubble
Nb superbubble removed: 0 0 (0s)
Tip
Nb Tip removed: 0 (0s)
Nb errors removed: 7 (0s)
Superbubble
Nb superbubble removed: 0 0 (0s)
Tip
Nb Tip removed: 0 (0s)
Nb errors removed: 4 (0s)
Superbubble
Nb superbubble removed: 0 0 (0s)
Tip
Nb Tip removed: 0 (0s)
Nb errors removed: 1 (0s)
Superbubble
Nb superbubble removed: 0 0 (0s)
Tip
Nb Tip removed: 0 (0s)
Nb errors removed: 1 (0s)
Superbubble
Nb superbubble removed: 0 0 (0s)
Tip
Nb Tip removed: 0 (0s)
Nb errors removed: 3 (0s)
Superbubble
Nb superbubble removed: 0 0 (0s)
Tip
Nb Tip removed: 0 (0s)
Nb errors removed: 1 (0s)
Superbubble
Nb superbubble removed: 0 0 (0s)
Tip
Nb Tip removed: 0 (0s)
Nb errors removed: 1 (0s)
Superbubble
Nb superbubble removed: 0 0 (0s)
Tip
Nb Tip removed: 0 (0s)
Nb errors removed: 7 (0s)
Superbubble
Nb superbubble removed: 0 0 (0s)
Tip
Nb Tip removed: 0 (0s)
Nb errors removed: 1 (0s)
Superbubble
Nb superbubble removed: 0 0 (0s)
Tip
Nb Tip removed: 0 (0s)
Nb errors removed: 1 (0s)
Superbubble
Nb superbubble removed: 0 0 (0s)
Tip
Nb Tip removed: 0 (0s)
Checksum: 0
Checksum abundnace: 0
Generating contigs
45.2593
34.004
28.1025
25.5477
23.2252
13.11
11.9182
10.8347
9.84974
8.14028
7.40025
6.11591
5.05447
4.17725
3.13843
2.14359
0


metaMDBG toMinspace  /var/folders/zg/vq0dnx517c54hg87dyqjky740000gn/T/.tmpMtxbLg/tmp/ /var/folders/zg/vq0dnx517c54hg87dyqjky740000gn/T/.tmpMtxbLg/tmp//contigs.nodepath /var/folders/zg/vq0dnx517c54hg87dyqjky740000gn/T/.tmpMtxbLg/tmp//unitig_data.txt --threads 10

Input dir: /var/folders/zg/vq0dnx517c54hg87dyqjky740000gn/T/.tmpMtxbLg/tmp/
Minimizer length: 15
Kminmer length: 65
Density: 0.005

Loading unitig sequences

Creating mContigs

Contig filename: /var/folders/zg/vq0dnx517c54hg87dyqjky740000gn/T/.tmpMtxbLg/tmp//unitig_data.txt
pass done: 65
Multi-k pass: 66/204


metaMDBG graph /var/folders/zg/vq0dnx517c54hg87dyqjky740000gn/T/.tmpMtxbLg/tmp/ --threads 10 --corrected-read 

Contig filename: 
Output dir: /var/folders/zg/vq0dnx517c54hg87dyqjky740000gn/T/.tmpMtxbLg/tmp/
Minimizer length: 15
Kminmer length: 66
Density: 0.005
Min abundance: 0

Loading refined abundances
	Duration: 0
Collecting kminmers
Building mdbg
Duration: 0
Nb solid kminmers: 32727
Nb small contigs written: 0
Dump kminmer abundances
	Duration: 0
Indexing edges
Edge index size: 32691
Edge index elements: 58604
	Duration: 0
Compute unitig nodes
	Duration: 0
Index unitig edges
	Duration: 0
Compute unitig edges
	Duration: 0
Dump unitig abundances
	Duration: 0
Nb edges:   0


metaMDBG contig  /var/folders/zg/vq0dnx517c54hg87dyqjky740000gn/T/.tmpMtxbLg/tmp/ --threads 10

Input dir: /var/folders/zg/vq0dnx517c54hg87dyqjky740000gn/T/.tmpMtxbLg/tmp/
Minimizer length: 15
Kminmer length: 66
Density: 0.005

Loading unitig graph
Load unitigs
Nb unitigs: 985
Nb minimizers: 96752
Add unitig abundances
Sorting abundances
Add unitig edges
Nb unitig edges: 2046
Sorting unitig edges
Done loading unitig graph
Simplifying
Max abundance: 42
Nb unitigs: 985
Superbubble
Nb superbubble removed: 46 0 (0s)
Tip
Nb Tip removed: 271 (0s)
Superbubble
Nb superbubble removed: 85 0 (0s)
Tip
Nb Tip removed: 0 (0s)
Nb errors removed: 201 (0s)
Superbubble
Nb superbubble removed: 4 0 (0s)
Tip
Nb Tip removed: 0 (0s)
Nb errors removed: 65 (0s)
Superbubble
Nb superbubble removed: 4 0 (0s)
Tip
Nb Tip removed: 0 (0s)
Nb errors removed: 31 (0s)
Superbubble
Nb superbubble removed: 0 0 (0s)
Tip
Nb Tip removed: 0 (0s)
Nb errors removed: 25 (0s)
Superbubble
Nb superbubble removed: 0 0 (0s)
Tip
Nb Tip removed: 0 (0s)
Nb errors removed: 15 (0s)
Superbubble
Nb superbubble removed: 0 0 (0s)
Tip
Nb Tip removed: 0 (0s)
Nb errors removed: 15 (0s)
Superbubble
Nb superbubble removed: 0 0 (0s)
Tip
Nb Tip removed: 0 (0s)
Nb errors removed: 7 (0s)
Superbubble
Nb superbubble removed: 0 0 (0s)
Tip
Nb Tip removed: 0 (0s)
Nb errors removed: 4 (0s)
Superbubble
Nb superbubble removed: 0 0 (0s)
Tip
Nb Tip removed: 0 (0s)
Nb errors removed: 1 (0s)
Superbubble
Nb superbubble removed: 0 0 (0s)
Tip
Nb Tip removed: 0 (0s)
Nb errors removed: 1 (0s)
Superbubble
Nb superbubble removed: 0 0 (0s)
Tip
Nb Tip removed: 0 (0s)
Nb errors removed: 2 (0s)
Superbubble
Nb superbubble removed: 0 0 (0s)
Tip
Nb Tip removed: 0 (0s)
Nb errors removed: 1 (0s)
Superbubble
Nb superbubble removed: 0 0 (0s)
Tip
Nb Tip removed: 0 (0s)
Nb errors removed: 1 (0s)
Superbubble
Nb superbubble removed: 0 0 (0s)
Tip
Nb Tip removed: 0 (0s)
Nb errors removed: 4 (0s)
Superbubble
Nb superbubble removed: 0 0 (0s)
Tip
Nb Tip removed: 0 (0s)
Nb errors removed: 1 (0s)
Superbubble
Nb superbubble removed: 0 0 (0s)
Tip
Nb Tip removed: 0 (0s)
Nb errors removed: 1 (0s)
Superbubble
Nb superbubble removed: 0 0 (0s)
Tip
Nb Tip removed: 0 (0s)
Checksum: 0
Checksum abundnace: 0
Generating contigs
45.2593
34.004
28.1025
25.5477
23.2252
13.11
11.9182
10.8347
9.84974
8.14028
7.40025
6.11591
5.05447
4.17725
3.13843
2.14359
0


metaMDBG toMinspace  /var/folders/zg/vq0dnx517c54hg87dyqjky740000gn/T/.tmpMtxbLg/tmp/ /var/folders/zg/vq0dnx517c54hg87dyqjky740000gn/T/.tmpMtxbLg/tmp//contigs.nodepath /var/folders/zg/vq0dnx517c54hg87dyqjky740000gn/T/.tmpMtxbLg/tmp//unitig_data.txt --threads 10

Input dir: /var/folders/zg/vq0dnx517c54hg87dyqjky740000gn/T/.tmpMtxbLg/tmp/
Minimizer length: 15
Kminmer length: 66
Density: 0.005

Loading unitig sequences

Creating mContigs

Contig filename: /var/folders/zg/vq0dnx517c54hg87dyqjky740000gn/T/.tmpMtxbLg/tmp//unitig_data.txt
pass done: 66
Multi-k pass: 67/204


metaMDBG graph /var/folders/zg/vq0dnx517c54hg87dyqjky740000gn/T/.tmpMtxbLg/tmp/ --threads 10 --corrected-read 

Contig filename: 
Output dir: /var/folders/zg/vq0dnx517c54hg87dyqjky740000gn/T/.tmpMtxbLg/tmp/
Minimizer length: 15
Kminmer length: 67
Density: 0.005
Min abundance: 0

Loading refined abundances
	Duration: 0
Collecting kminmers
Building mdbg
Duration: 0
Nb solid kminmers: 32755
Nb small contigs written: 0
Dump kminmer abundances
	Duration: 0
Indexing edges
Edge index size: 32723
Edge index elements: 58560
	Duration: 0
Compute unitig nodes
	Duration: 0
Index unitig edges
	Duration: 0
Compute unitig edges
	Duration: 0
Dump unitig abundances
	Duration: 0
Nb edges:   0


metaMDBG contig  /var/folders/zg/vq0dnx517c54hg87dyqjky740000gn/T/.tmpMtxbLg/tmp/ --threads 10

Input dir: /var/folders/zg/vq0dnx517c54hg87dyqjky740000gn/T/.tmpMtxbLg/tmp/
Minimizer length: 15
Kminmer length: 67
Density: 0.005

Loading unitig graph
Load unitigs
Nb unitigs: 975
Nb minimizers: 97105
Add unitig abundances
Sorting abundances
Add unitig edges
Nb unitig edges: 2020
Sorting unitig edges
Done loading unitig graph
Simplifying
Max abundance: 42
Nb unitigs: 975
Superbubble
Nb superbubble removed: 44 0 (0s)
Tip
Nb Tip removed: 272 (0s)
Superbubble
Nb superbubble removed: 86 0 (0s)
Tip
Nb Tip removed: 0 (0s)
Nb errors removed: 198 (0s)
Superbubble
Nb superbubble removed: 8 0 (0s)
Tip
Nb Tip removed: 0 (0s)
Nb errors removed: 67 (0s)
Superbubble
Nb superbubble removed: 4 0 (0s)
Tip
Nb Tip removed: 0 (0s)
Nb errors removed: 31 (0s)
Superbubble
Nb superbubble removed: 0 0 (0s)
Tip
Nb Tip removed: 0 (0s)
Nb errors removed: 25 (0s)
Superbubble
Nb superbubble removed: 0 0 (0s)
Tip
Nb Tip removed: 0 (0s)
Nb errors removed: 15 (0s)
Superbubble
Nb superbubble removed: 0 0 (0s)
Tip
Nb Tip removed: 0 (0s)
Nb errors removed: 15 (0s)
Superbubble
Nb superbubble removed: 0 0 (0s)
Tip
Nb Tip removed: 0 (0s)
Nb errors removed: 7 (0s)
Superbubble
Nb superbubble removed: 0 0 (0s)
Tip
Nb Tip removed: 0 (0s)
Nb errors removed: 5 (0s)
Superbubble
Nb superbubble removed: 0 0 (0s)
Tip
Nb Tip removed: 0 (0s)
Nb errors removed: 1 (0s)
Superbubble
Nb superbubble removed: 0 0 (0s)
Tip
Nb Tip removed: 0 (0s)
Nb errors removed: 1 (0s)
Superbubble
Nb superbubble removed: 0 0 (0s)
Tip
Nb Tip removed: 0 (0s)
Nb errors removed: 2 (0s)
Superbubble
Nb superbubble removed: 0 0 (0s)
Tip
Nb Tip removed: 0 (0s)
Nb errors removed: 1 (0s)
Superbubble
Nb superbubble removed: 0 0 (0s)
Tip
Nb Tip removed: 0 (0s)
Nb errors removed: 1 (0s)
Superbubble
Nb superbubble removed: 0 0 (0s)
Tip
Nb Tip removed: 0 (0s)
Nb errors removed: 5 (0s)
Superbubble
Nb superbubble removed: 0 0 (0s)
Tip
Nb Tip removed: 0 (0s)
Nb errors removed: 1 (0s)
Superbubble
Nb superbubble removed: 0 0 (0s)
Tip
Nb Tip removed: 0 (0s)
Nb errors removed: 1 (0s)
Superbubble
Nb superbubble removed: 0 0 (0s)
Tip
Nb Tip removed: 0 (0s)
Checksum: 0
Checksum abundnace: 0
Generating contigs
45.2593
34.004
28.1025
25.5477
23.2252
13.11
11.9182
10.8347
9.84974
8.14028
7.40025
6.11591
5.05447
4.17725
3.13843
2.14359
0


metaMDBG toMinspace  /var/folders/zg/vq0dnx517c54hg87dyqjky740000gn/T/.tmpMtxbLg/tmp/ /var/folders/zg/vq0dnx517c54hg87dyqjky740000gn/T/.tmpMtxbLg/tmp//contigs.nodepath /var/folders/zg/vq0dnx517c54hg87dyqjky740000gn/T/.tmpMtxbLg/tmp//unitig_data.txt --threads 10

Input dir: /var/folders/zg/vq0dnx517c54hg87dyqjky740000gn/T/.tmpMtxbLg/tmp/
Minimizer length: 15
Kminmer length: 67
Density: 0.005

Loading unitig sequences

Creating mContigs

Contig filename: /var/folders/zg/vq0dnx517c54hg87dyqjky740000gn/T/.tmpMtxbLg/tmp//unitig_data.txt
pass done: 67
Multi-k pass: 68/204


metaMDBG graph /var/folders/zg/vq0dnx517c54hg87dyqjky740000gn/T/.tmpMtxbLg/tmp/ --threads 10 --corrected-read 

Contig filename: 
Output dir: /var/folders/zg/vq0dnx517c54hg87dyqjky740000gn/T/.tmpMtxbLg/tmp/
Minimizer length: 15
Kminmer length: 68
Density: 0.005
Min abundance: 0

Loading refined abundances
	Duration: 0
Collecting kminmers
Building mdbg
Duration: 0
Nb solid kminmers: 32781
Nb small contigs written: 0
Dump kminmer abundances
	Duration: 0
Indexing edges
Edge index size: 32751
Edge index elements: 58624
	Duration: 0
Compute unitig nodes
	Duration: 0
Index unitig edges
	Duration: 0
Compute unitig edges
	Duration: 0
Dump unitig abundances
	Duration: 0
Nb edges:   0


metaMDBG contig  /var/folders/zg/vq0dnx517c54hg87dyqjky740000gn/T/.tmpMtxbLg/tmp/ --threads 10

Input dir: /var/folders/zg/vq0dnx517c54hg87dyqjky740000gn/T/.tmpMtxbLg/tmp/
Minimizer length: 15
Kminmer length: 68
Density: 0.005

Loading unitig graph
Load unitigs
Nb unitigs: 966
Nb minimizers: 97503
Add unitig abundances
Sorting abundances
Add unitig edges
Nb unitig edges: 1996
Sorting unitig edges
Done loading unitig graph
Simplifying
Max abundance: 42
Nb unitigs: 966
Superbubble
Nb superbubble removed: 42 0 (0s)
Tip
Nb Tip removed: 270 (0s)
Superbubble
Nb superbubble removed: 84 0 (0s)
Tip
Nb Tip removed: 0 (0s)
Nb errors removed: 194 (0s)
Superbubble
Nb superbubble removed: 8 0 (0s)
Tip
Nb Tip removed: 0 (0s)
Nb errors removed: 67 (0s)
Superbubble
Nb superbubble removed: 4 0 (0s)
Tip
Nb Tip removed: 0 (0s)
Nb errors removed: 32 (0s)
Superbubble
Nb superbubble removed: 0 0 (0s)
Tip
Nb Tip removed: 0 (0s)
Nb errors removed: 25 (0s)
Superbubble
Nb superbubble removed: 0 0 (0s)
Tip
Nb Tip removed: 0 (0s)
Nb errors removed: 15 (0s)
Superbubble
Nb superbubble removed: 0 0 (0s)
Tip
Nb Tip removed: 0 (0s)
Nb errors removed: 15 (0s)
Superbubble
Nb superbubble removed: 0 0 (0s)
Tip
Nb Tip removed: 0 (0s)
Nb errors removed: 7 (0s)
Superbubble
Nb superbubble removed: 0 0 (0s)
Tip
Nb Tip removed: 0 (0s)
Nb errors removed: 6 (0s)
Superbubble
Nb superbubble removed: 0 0 (0s)
Tip
Nb Tip removed: 0 (0s)
Nb errors removed: 1 (0s)
Superbubble
Nb superbubble removed: 0 0 (0s)
Tip
Nb Tip removed: 0 (0s)
Nb errors removed: 1 (0s)
Superbubble
Nb superbubble removed: 0 0 (0s)
Tip
Nb Tip removed: 0 (0s)
Nb errors removed: 2 (0s)
Superbubble
Nb superbubble removed: 0 0 (0s)
Tip
Nb Tip removed: 0 (0s)
Nb errors removed: 1 (0s)
Superbubble
Nb superbubble removed: 0 0 (0s)
Tip
Nb Tip removed: 0 (0s)
Nb errors removed: 1 (0s)
Superbubble
Nb superbubble removed: 0 0 (0s)
Tip
Nb Tip removed: 0 (0s)
Nb errors removed: 5 (0s)
Superbubble
Nb superbubble removed: 0 0 (0s)
Tip
Nb Tip removed: 0 (0s)
Nb errors removed: 1 (0s)
Superbubble
Nb superbubble removed: 0 0 (0s)
Tip
Nb Tip removed: 0 (0s)
Nb errors removed: 1 (0s)
Superbubble
Nb superbubble removed: 0 0 (0s)
Tip
Nb Tip removed: 0 (0s)
Checksum: 0
Checksum abundnace: 0
Generating contigs
45.2593
34.004
28.1025
25.5477
23.2252
13.11
11.9182
10.8347
9.84974
8.14028
7.40025
6.11591
5.05447
4.17725
3.13843
2.14359
0


metaMDBG toMinspace  /var/folders/zg/vq0dnx517c54hg87dyqjky740000gn/T/.tmpMtxbLg/tmp/ /var/folders/zg/vq0dnx517c54hg87dyqjky740000gn/T/.tmpMtxbLg/tmp//contigs.nodepath /var/folders/zg/vq0dnx517c54hg87dyqjky740000gn/T/.tmpMtxbLg/tmp//unitig_data.txt --threads 10

Input dir: /var/folders/zg/vq0dnx517c54hg87dyqjky740000gn/T/.tmpMtxbLg/tmp/
Minimizer length: 15
Kminmer length: 68
Density: 0.005

Loading unitig sequences

Creating mContigs

Contig filename: /var/folders/zg/vq0dnx517c54hg87dyqjky740000gn/T/.tmpMtxbLg/tmp//unitig_data.txt
pass done: 68
Multi-k pass: 69/204


metaMDBG graph /var/folders/zg/vq0dnx517c54hg87dyqjky740000gn/T/.tmpMtxbLg/tmp/ --threads 10 --corrected-read 

Contig filename: 
Output dir: /var/folders/zg/vq0dnx517c54hg87dyqjky740000gn/T/.tmpMtxbLg/tmp/
Minimizer length: 15
Kminmer length: 69
Density: 0.005
Min abundance: 0

Loading refined abundances
	Duration: 0
Collecting kminmers
Building mdbg
Duration: 0
Nb solid kminmers: 32808
Nb small contigs written: 0
Dump kminmer abundances
	Duration: 0
Indexing edges
Edge index size: 32780
Edge index elements: 58547
	Duration: 0
Compute unitig nodes
	Duration: 0
Index unitig edges
	Duration: 0
Compute unitig edges
	Duration: 0
Dump unitig abundances
	Duration: 0
Nb edges:   0


metaMDBG contig  /var/folders/zg/vq0dnx517c54hg87dyqjky740000gn/T/.tmpMtxbLg/tmp/ --threads 10

Input dir: /var/folders/zg/vq0dnx517c54hg87dyqjky740000gn/T/.tmpMtxbLg/tmp/
Minimizer length: 15
Kminmer length: 69
Density: 0.005

Loading unitig graph
Load unitigs
Nb unitigs: 964
Nb minimizers: 98360
Add unitig abundances
Sorting abundances
Add unitig edges
Nb unitig edges: 1990
Sorting unitig edges
Done loading unitig graph
Simplifying
Max abundance: 42
Nb unitigs: 964
Superbubble
Nb superbubble removed: 42 0 (0s)
Tip
Nb Tip removed: 270 (0s)
Superbubble
Nb superbubble removed: 80 0 (0s)
Tip
Nb Tip removed: 0 (0s)
Nb errors removed: 193 (0s)
Superbubble
Nb superbubble removed: 8 0 (0s)
Tip
Nb Tip removed: 0 (0s)
Nb errors removed: 70 (0s)
Superbubble
Nb superbubble removed: 4 0 (0s)
Tip
Nb Tip removed: 0 (0s)
Nb errors removed: 32 (0s)
Superbubble
Nb superbubble removed: 0 0 (0s)
Tip
Nb Tip removed: 0 (0s)
Nb errors removed: 25 (0s)
Superbubble
Nb superbubble removed: 0 0 (0s)
Tip
Nb Tip removed: 0 (0s)
Nb errors removed: 15 (0s)
Superbubble
Nb superbubble removed: 0 0 (0s)
Tip
Nb Tip removed: 0 (0s)
Nb errors removed: 15 (0s)
Superbubble
Nb superbubble removed: 0 0 (0s)
Tip
Nb Tip removed: 0 (0s)
Nb errors removed: 7 (0s)
Superbubble
Nb superbubble removed: 0 0 (0s)
Tip
Nb Tip removed: 0 (0s)
Nb errors removed: 6 (0s)
Superbubble
Nb superbubble removed: 0 0 (0s)
Tip
Nb Tip removed: 0 (0s)
Nb errors removed: 1 (0s)
Superbubble
Nb superbubble removed: 0 0 (0s)
Tip
Nb Tip removed: 0 (0s)
Nb errors removed: 1 (0s)
Superbubble
Nb superbubble removed: 0 0 (0s)
Tip
Nb Tip removed: 0 (0s)
Nb errors removed: 2 (0s)
Superbubble
Nb superbubble removed: 0 0 (0s)
Tip
Nb Tip removed: 0 (0s)
Nb errors removed: 1 (0s)
Superbubble
Nb superbubble removed: 0 0 (0s)
Tip
Nb Tip removed: 0 (0s)
Nb errors removed: 1 (0s)
Superbubble
Nb superbubble removed: 0 0 (0s)
Tip
Nb Tip removed: 0 (0s)
Nb errors removed: 5 (0s)
Superbubble
Nb superbubble removed: 0 0 (0s)
Tip
Nb Tip removed: 0 (0s)
Nb errors removed: 1 (0s)
Superbubble
Nb superbubble removed: 0 0 (0s)
Tip
Nb Tip removed: 0 (0s)
Nb errors removed: 1 (0s)
Superbubble
Nb superbubble removed: 0 0 (0s)
Tip
Nb Tip removed: 0 (0s)
Checksum: 0
Checksum abundnace: 0
Generating contigs
45.2593
34.004
28.1025
25.5477
23.2252
13.11
11.9182
10.8347
9.84974
8.14028
7.40025
6.11591
5.05447
4.17725
3.13843
2.14359
0


metaMDBG toMinspace  /var/folders/zg/vq0dnx517c54hg87dyqjky740000gn/T/.tmpMtxbLg/tmp/ /var/folders/zg/vq0dnx517c54hg87dyqjky740000gn/T/.tmpMtxbLg/tmp//contigs.nodepath /var/folders/zg/vq0dnx517c54hg87dyqjky740000gn/T/.tmpMtxbLg/tmp//unitig_data.txt --threads 10

Input dir: /var/folders/zg/vq0dnx517c54hg87dyqjky740000gn/T/.tmpMtxbLg/tmp/
Minimizer length: 15
Kminmer length: 69
Density: 0.005

Loading unitig sequences

Creating mContigs

Contig filename: /var/folders/zg/vq0dnx517c54hg87dyqjky740000gn/T/.tmpMtxbLg/tmp//unitig_data.txt
pass done: 69
Multi-k pass: 70/204


metaMDBG graph /var/folders/zg/vq0dnx517c54hg87dyqjky740000gn/T/.tmpMtxbLg/tmp/ --threads 10 --corrected-read 

Contig filename: 
Output dir: /var/folders/zg/vq0dnx517c54hg87dyqjky740000gn/T/.tmpMtxbLg/tmp/
Minimizer length: 15
Kminmer length: 70
Density: 0.005
Min abundance: 0

Loading refined abundances
	Duration: 0
Collecting kminmers
Building mdbg
Duration: 0
Nb solid kminmers: 32827
Nb small contigs written: 0
Dump kminmer abundances
	Duration: 0
Indexing edges
Edge index size: 32801
Edge index elements: 58741
	Duration: 0
Compute unitig nodes
	Duration: 0
Index unitig edges
	Duration: 0
Compute unitig edges
	Duration: 0
Dump unitig abundances
	Duration: 0
Nb edges:   0


metaMDBG contig  /var/folders/zg/vq0dnx517c54hg87dyqjky740000gn/T/.tmpMtxbLg/tmp/ --threads 10

Input dir: /var/folders/zg/vq0dnx517c54hg87dyqjky740000gn/T/.tmpMtxbLg/tmp/
Minimizer length: 15
Kminmer length: 70
Density: 0.005

Loading unitig graph
Load unitigs
Nb unitigs: 946
Nb minimizers: 98101
Add unitig abundances
Sorting abundances
Add unitig edges
Nb unitig edges: 1952
Sorting unitig edges
Done loading unitig graph
Simplifying
Max abundance: 42
Nb unitigs: 946
Superbubble
Nb superbubble removed: 40 0 (0s)
Tip
Nb Tip removed: 271 (0s)
Superbubble
Nb superbubble removed: 84 0 (0s)
Tip
Nb Tip removed: 0 (0s)
Nb errors removed: 189 (0s)
Superbubble
Nb superbubble removed: 8 0 (0s)
Tip
Nb Tip removed: 0 (0s)
Nb errors removed: 69 (0s)
Superbubble
Nb superbubble removed: 4 0 (0s)
Tip
Nb Tip removed: 0 (0s)
Nb errors removed: 34 (0s)
Superbubble
Nb superbubble removed: 0 0 (0s)
Tip
Nb Tip removed: 0 (0s)
Nb errors removed: 25 (0s)
Superbubble
Nb superbubble removed: 0 0 (0s)
Tip
Nb Tip removed: 0 (0s)
Nb errors removed: 15 (0s)
Superbubble
Nb superbubble removed: 0 0 (0s)
Tip
Nb Tip removed: 0 (0s)
Nb errors removed: 15 (0s)
Superbubble
Nb superbubble removed: 0 0 (0s)
Tip
Nb Tip removed: 0 (0s)
Nb errors removed: 7 (0s)
Superbubble
Nb superbubble removed: 0 0 (0s)
Tip
Nb Tip removed: 0 (0s)
Nb errors removed: 6 (0s)
Superbubble
Nb superbubble removed: 0 0 (0s)
Tip
Nb Tip removed: 0 (0s)
Nb errors removed: 2 (0s)
Superbubble
Nb superbubble removed: 0 0 (0s)
Tip
Nb Tip removed: 0 (0s)
Nb errors removed: 1 (0s)
Superbubble
Nb superbubble removed: 0 0 (0s)
Tip
Nb Tip removed: 0 (0s)
Nb errors removed: 2 (0s)
Superbubble
Nb superbubble removed: 0 0 (0s)
Tip
Nb Tip removed: 0 (0s)
Nb errors removed: 1 (0s)
Superbubble
Nb superbubble removed: 0 0 (0s)
Tip
Nb Tip removed: 0 (0s)
Nb errors removed: 1 (0s)
Superbubble
Nb superbubble removed: 0 0 (0s)
Tip
Nb Tip removed: 0 (0s)
Nb errors removed: 5 (0s)
Superbubble
Nb superbubble removed: 0 0 (0s)
Tip
Nb Tip removed: 0 (0s)
Nb errors removed: 1 (0s)
Superbubble
Nb superbubble removed: 0 0 (0s)
Tip
Nb Tip removed: 0 (0s)
Nb errors removed: 1 (0s)
Superbubble
Nb superbubble removed: 0 0 (0s)
Tip
Nb Tip removed: 0 (0s)
Checksum: 0
Checksum abundnace: 0
Generating contigs
45.2593
34.004
28.1025
25.5477
23.2252
13.11
11.9182
10.8347
9.84974
8.14028
7.40025
6.11591
5.05447
4.17725
3.13843
2.14359
0


metaMDBG toMinspace  /var/folders/zg/vq0dnx517c54hg87dyqjky740000gn/T/.tmpMtxbLg/tmp/ /var/folders/zg/vq0dnx517c54hg87dyqjky740000gn/T/.tmpMtxbLg/tmp//contigs.nodepath /var/folders/zg/vq0dnx517c54hg87dyqjky740000gn/T/.tmpMtxbLg/tmp//unitig_data.txt --threads 10

Input dir: /var/folders/zg/vq0dnx517c54hg87dyqjky740000gn/T/.tmpMtxbLg/tmp/
Minimizer length: 15
Kminmer length: 70
Density: 0.005

Loading unitig sequences

Creating mContigs

Contig filename: /var/folders/zg/vq0dnx517c54hg87dyqjky740000gn/T/.tmpMtxbLg/tmp//unitig_data.txt
pass done: 70
Multi-k pass: 71/204


metaMDBG graph /var/folders/zg/vq0dnx517c54hg87dyqjky740000gn/T/.tmpMtxbLg/tmp/ --threads 10 --corrected-read 

Contig filename: 
Output dir: /var/folders/zg/vq0dnx517c54hg87dyqjky740000gn/T/.tmpMtxbLg/tmp/
Minimizer length: 15
Kminmer length: 71
Density: 0.005
Min abundance: 0

Loading refined abundances
	Duration: 0
Collecting kminmers
Building mdbg
Duration: 0
Nb solid kminmers: 32846
Nb small contigs written: 0
Dump kminmer abundances
	Duration: 0
Indexing edges
Edge index size: 32823
Edge index elements: 59019
	Duration: 0
Compute unitig nodes
	Duration: 0
Index unitig edges
	Duration: 0
Compute unitig edges
	Duration: 0
Dump unitig abundances
	Duration: 0
Nb edges:   0


metaMDBG contig  /var/folders/zg/vq0dnx517c54hg87dyqjky740000gn/T/.tmpMtxbLg/tmp/ --threads 10 --gen-graph 

Input dir: /var/folders/zg/vq0dnx517c54hg87dyqjky740000gn/T/.tmpMtxbLg/tmp/
Minimizer length: 15
Kminmer length: 71
Density: 0.005

Loading unitig graph
Load unitigs
Nb unitigs: 940
Nb minimizers: 98646
Add unitig abundances
Sorting abundances
Add unitig edges
Nb unitig edges: 1928
Sorting unitig edges
Done loading unitig graph
Simplifying
Max abundance: 42
Nb unitigs: 940
Superbubble
Nb superbubble removed: 40 0 (0s)
Tip
Nb Tip removed: 271 (0s)
Superbubble
Nb superbubble removed: 84 0 (0s)
Tip
Nb Tip removed: 0 (0s)
Saving unitig graph: /var/folders/zg/vq0dnx517c54hg87dyqjky740000gn/T/.tmpMtxbLg/tmp//assembly_graph.gfa
Nb errors removed: 185 (0s)
Superbubble
Nb superbubble removed: 8 0 (0s)
Tip
Nb Tip removed: 0 (0s)
Nb errors removed: 69 (0s)
Superbubble
Nb superbubble removed: 4 0 (0s)
Tip
Nb Tip removed: 0 (0s)
Nb errors removed: 34 (0s)
Superbubble
Nb superbubble removed: 0 0 (0s)
Tip
Nb Tip removed: 0 (0s)
Nb errors removed: 25 (0s)
Superbubble
Nb superbubble removed: 0 0 (0s)
Tip
Nb Tip removed: 0 (0s)
Nb errors removed: 15 (0s)
Superbubble
Nb superbubble removed: 0 0 (0s)
Tip
Nb Tip removed: 0 (0s)
Nb errors removed: 15 (0s)
Superbubble
Nb superbubble removed: 0 0 (0s)
Tip
Nb Tip removed: 0 (0s)
Nb errors removed: 8 (0s)
Superbubble
Nb superbubble removed: 0 0 (0s)
Tip
Nb Tip removed: 0 (0s)
Nb errors removed: 7 (0s)
Superbubble
Nb superbubble removed: 0 0 (0s)
Tip
Nb Tip removed: 0 (0s)
Nb errors removed: 2 (0s)
Superbubble
Nb superbubble removed: 0 0 (0s)
Tip
Nb Tip removed: 0 (0s)
Nb errors removed: 1 (0s)
Superbubble
Nb superbubble removed: 0 0 (0s)
Tip
Nb Tip removed: 0 (0s)
Nb errors removed: 4 (0s)
Superbubble
Nb superbubble removed: 0 0 (0s)
Tip
Nb Tip removed: 0 (0s)
Nb errors removed: 1 (0s)
Superbubble
Nb superbubble removed: 0 0 (0s)
Tip
Nb Tip removed: 0 (0s)
Nb errors removed: 1 (0s)
Superbubble
Nb superbubble removed: 0 0 (0s)
Tip
Nb Tip removed: 0 (0s)
Nb errors removed: 5 (0s)
Superbubble
Nb superbubble removed: 0 0 (0s)
Tip
Nb Tip removed: 0 (0s)
Nb errors removed: 1 (0s)
Superbubble
Nb superbubble removed: 0 0 (0s)
Tip
Nb Tip removed: 0 (0s)
Nb errors removed: 1 (0s)
Superbubble
Nb superbubble removed: 0 0 (0s)
Tip
Nb Tip removed: 0 (0s)
Checksum: 0
Checksum abundnace: 0
Generating contigs
45.2593
34.004
28.1025
25.5477
23.2252
13.11
11.9182
10.8347
9.84974
8.14028
7.40025
6.11591
5.05447
4.17725
3.13843
2.14359
0


metaMDBG toMinspace  /var/folders/zg/vq0dnx517c54hg87dyqjky740000gn/T/.tmpMtxbLg/tmp/ /var/folders/zg/vq0dnx517c54hg87dyqjky740000gn/T/.tmpMtxbLg/tmp//contigs.nodepath /var/folders/zg/vq0dnx517c54hg87dyqjky740000gn/T/.tmpMtxbLg/tmp//unitig_data.txt --threads 10

Input dir: /var/folders/zg/vq0dnx517c54hg87dyqjky740000gn/T/.tmpMtxbLg/tmp/
Minimizer length: 15
Kminmer length: 71
Density: 0.005

Loading unitig sequences

Creating mContigs

Contig filename: /var/folders/zg/vq0dnx517c54hg87dyqjky740000gn/T/.tmpMtxbLg/tmp//unitig_data.txt


metaMDBG toMinspace  /var/folders/zg/vq0dnx517c54hg87dyqjky740000gn/T/.tmpMtxbLg/tmp/ /var/folders/zg/vq0dnx517c54hg87dyqjky740000gn/T/.tmpMtxbLg/tmp//assembly_graph.gfa.unitigs.nodepath /var/folders/zg/vq0dnx517c54hg87dyqjky740000gn/T/.tmpMtxbLg/tmp//assembly_graph.gfa.unitigs --threads 10

Input dir: /var/folders/zg/vq0dnx517c54hg87dyqjky740000gn/T/.tmpMtxbLg/tmp/
Minimizer length: 15
Kminmer length: 71
Density: 0.005

Loading unitig sequences

Creating mContigs

Contig filename: /var/folders/zg/vq0dnx517c54hg87dyqjky740000gn/T/.tmpMtxbLg/tmp//assembly_graph.gfa.unitigs
pass done: 71
Multi-k pass: 72/204


metaMDBG graph /var/folders/zg/vq0dnx517c54hg87dyqjky740000gn/T/.tmpMtxbLg/tmp/ --threads 10 --corrected-read 

Contig filename: 
Output dir: /var/folders/zg/vq0dnx517c54hg87dyqjky740000gn/T/.tmpMtxbLg/tmp/
Minimizer length: 15
Kminmer length: 72
Density: 0.005
Min abundance: 0

Loading refined abundances
	Duration: 0
Collecting kminmers
Building mdbg
Duration: 0
Nb solid kminmers: 32867
Nb small contigs written: 0
Dump kminmer abundances
	Duration: 0
Indexing edges
Edge index size: 32842
Edge index elements: 58818
	Duration: 0
Compute unitig nodes
	Duration: 0
Index unitig edges
	Duration: 0
Compute unitig edges
	Duration: 0
Dump unitig abundances
	Duration: 0
Nb edges:   0


metaMDBG contig  /var/folders/zg/vq0dnx517c54hg87dyqjky740000gn/T/.tmpMtxbLg/tmp/ --threads 10

Input dir: /var/folders/zg/vq0dnx517c54hg87dyqjky740000gn/T/.tmpMtxbLg/tmp/
Minimizer length: 15
Kminmer length: 72
Density: 0.005

Loading unitig graph
Load unitigs
Nb unitigs: 931
Nb minimizers: 98968
Add unitig abundances
Sorting abundances
Add unitig edges
Nb unitig edges: 1920
Sorting unitig edges
Done loading unitig graph
Simplifying
Max abundance: 42
Nb unitigs: 931
Superbubble
Nb superbubble removed: 36 0 (0s)
Tip
Nb Tip removed: 273 (0s)
Superbubble
Nb superbubble removed: 86 0 (0s)
Tip
Nb Tip removed: 0 (0s)
Nb errors removed: 184 (0s)
Superbubble
Nb superbubble removed: 4 0 (0s)
Tip
Nb Tip removed: 0 (0s)
Nb errors removed: 70 (0s)
Superbubble
Nb superbubble removed: 4 0 (0s)
Tip
Nb Tip removed: 0 (0s)
Nb errors removed: 34 (0s)
Superbubble
Nb superbubble removed: 0 0 (0s)
Tip
Nb Tip removed: 0 (0s)
Nb errors removed: 26 (0s)
Superbubble
Nb superbubble removed: 0 0 (0s)
Tip
Nb Tip removed: 0 (0s)
Nb errors removed: 14 (0s)
Superbubble
Nb superbubble removed: 0 0 (0s)
Tip
Nb Tip removed: 0 (0s)
Nb errors removed: 15 (0s)
Superbubble
Nb superbubble removed: 0 0 (0s)
Tip
Nb Tip removed: 0 (0s)
Nb errors removed: 8 (0s)
Superbubble
Nb superbubble removed: 0 0 (0s)
Tip
Nb Tip removed: 0 (0s)
Nb errors removed: 7 (0s)
Superbubble
Nb superbubble removed: 0 0 (0s)
Tip
Nb Tip removed: 0 (0s)
Nb errors removed: 2 (0s)
Superbubble
Nb superbubble removed: 0 0 (0s)
Tip
Nb Tip removed: 0 (0s)
Nb errors removed: 1 (0s)
Superbubble
Nb superbubble removed: 0 0 (0s)
Tip
Nb Tip removed: 0 (0s)
Nb errors removed: 4 (0s)
Superbubble
Nb superbubble removed: 0 0 (0s)
Tip
Nb Tip removed: 0 (0s)
Nb errors removed: 1 (0s)
Superbubble
Nb superbubble removed: 0 0 (0s)
Tip
Nb Tip removed: 0 (0s)
Nb errors removed: 1 (0s)
Superbubble
Nb superbubble removed: 0 0 (0s)
Tip
Nb Tip removed: 0 (0s)
Nb errors removed: 5 (0s)
Superbubble
Nb superbubble removed: 0 0 (0s)
Tip
Nb Tip removed: 0 (0s)
Nb errors removed: 1 (0s)
Superbubble
Nb superbubble removed: 0 0 (0s)
Tip
Nb Tip removed: 0 (0s)
Nb errors removed: 1 (0s)
Superbubble
Nb superbubble removed: 0 0 (0s)
Tip
Nb Tip removed: 0 (0s)
Checksum: 0
Checksum abundnace: 0
Generating contigs
45.2593
34.004
28.1025
25.5477
23.2252
13.11
11.9182
10.8347
9.84974
8.14028
7.40025
6.11591
5.05447
4.17725
3.13843
2.14359
0


metaMDBG toMinspace  /var/folders/zg/vq0dnx517c54hg87dyqjky740000gn/T/.tmpMtxbLg/tmp/ /var/folders/zg/vq0dnx517c54hg87dyqjky740000gn/T/.tmpMtxbLg/tmp//contigs.nodepath /var/folders/zg/vq0dnx517c54hg87dyqjky740000gn/T/.tmpMtxbLg/tmp//unitig_data.txt --threads 10

Input dir: /var/folders/zg/vq0dnx517c54hg87dyqjky740000gn/T/.tmpMtxbLg/tmp/
Minimizer length: 15
Kminmer length: 72
Density: 0.005

Loading unitig sequences

Creating mContigs

Contig filename: /var/folders/zg/vq0dnx517c54hg87dyqjky740000gn/T/.tmpMtxbLg/tmp//unitig_data.txt
pass done: 72
Multi-k pass: 73/204


metaMDBG graph /var/folders/zg/vq0dnx517c54hg87dyqjky740000gn/T/.tmpMtxbLg/tmp/ --threads 10 --corrected-read 

Contig filename: 
Output dir: /var/folders/zg/vq0dnx517c54hg87dyqjky740000gn/T/.tmpMtxbLg/tmp/
Minimizer length: 15
Kminmer length: 73
Density: 0.005
Min abundance: 0

Loading refined abundances
	Duration: 0
Collecting kminmers
Building mdbg
Duration: 0
Nb solid kminmers: 32888
Nb small contigs written: 0
Dump kminmer abundances
	Duration: 0
Indexing edges
Edge index size: 32865
Edge index elements: 59065
	Duration: 0
Compute unitig nodes
	Duration: 0
Index unitig edges
	Duration: 0
Compute unitig edges
	Duration: 0
Dump unitig abundances
	Duration: 0
Nb edges:   0


metaMDBG contig  /var/folders/zg/vq0dnx517c54hg87dyqjky740000gn/T/.tmpMtxbLg/tmp/ --threads 10

Input dir: /var/folders/zg/vq0dnx517c54hg87dyqjky740000gn/T/.tmpMtxbLg/tmp/
Minimizer length: 15
Kminmer length: 73
Density: 0.005

Loading unitig graph
Load unitigs
Nb unitigs: 926
Nb minimizers: 99560
Add unitig abundances
Sorting abundances
Add unitig edges
Nb unitig edges: 1904
Sorting unitig edges
Done loading unitig graph
Simplifying
Max abundance: 42
Nb unitigs: 926
Superbubble
Nb superbubble removed: 32 0 (0s)
Tip
Nb Tip removed: 273 (0s)
Superbubble
Nb superbubble removed: 88 0 (0s)
Tip
Nb Tip removed: 0 (0s)
Nb errors removed: 185 (0s)
Superbubble
Nb superbubble removed: 4 0 (0s)
Tip
Nb Tip removed: 0 (0s)
Nb errors removed: 68 (0s)
Superbubble
Nb superbubble removed: 4 0 (0s)
Tip
Nb Tip removed: 0 (0s)
Nb errors removed: 34 (0s)
Superbubble
Nb superbubble removed: 0 0 (0s)
Tip
Nb Tip removed: 0 (0s)
Nb errors removed: 27 (0s)
Superbubble
Nb superbubble removed: 0 0 (0s)
Tip
Nb Tip removed: 0 (0s)
Nb errors removed: 14 (0s)
Superbubble
Nb superbubble removed: 0 0 (0s)
Tip
Nb Tip removed: 0 (0s)
Nb errors removed: 15 (0s)
Superbubble
Nb superbubble removed: 0 0 (0s)
Tip
Nb Tip removed: 0 (0s)
Nb errors removed: 7 (0s)
Superbubble
Nb superbubble removed: 0 0 (0s)
Tip
Nb Tip removed: 0 (0s)
Nb errors removed: 7 (0s)
Superbubble
Nb superbubble removed: 0 0 (0s)
Tip
Nb Tip removed: 0 (0s)
Nb errors removed: 2 (0s)
Superbubble
Nb superbubble removed: 0 0 (0s)
Tip
Nb Tip removed: 0 (0s)
Nb errors removed: 1 (0s)
Superbubble
Nb superbubble removed: 0 0 (0s)
Tip
Nb Tip removed: 0 (0s)
Nb errors removed: 4 (0s)
Superbubble
Nb superbubble removed: 0 0 (0s)
Tip
Nb Tip removed: 0 (0s)
Nb errors removed: 1 (0s)
Superbubble
Nb superbubble removed: 0 0 (0s)
Tip
Nb Tip removed: 0 (0s)
Nb errors removed: 1 (0s)
Superbubble
Nb superbubble removed: 0 0 (0s)
Tip
Nb Tip removed: 0 (0s)
Nb errors removed: 5 (0s)
Superbubble
Nb superbubble removed: 0 0 (0s)
Tip
Nb Tip removed: 0 (0s)
Nb errors removed: 1 (0s)
Superbubble
Nb superbubble removed: 0 0 (0s)
Tip
Nb Tip removed: 0 (0s)
Nb errors removed: 1 (0s)
Superbubble
Nb superbubble removed: 0 0 (0s)
Tip
Nb Tip removed: 0 (0s)
Checksum: 0
Checksum abundnace: 0
Generating contigs
45.2593
34.004
28.1025
25.5477
23.2252
13.11
11.9182
10.8347
9.84974
8.14028
7.40025
6.11591
5.05447
4.17725
3.13843
2.14359
0


metaMDBG toMinspace  /var/folders/zg/vq0dnx517c54hg87dyqjky740000gn/T/.tmpMtxbLg/tmp/ /var/folders/zg/vq0dnx517c54hg87dyqjky740000gn/T/.tmpMtxbLg/tmp//contigs.nodepath /var/folders/zg/vq0dnx517c54hg87dyqjky740000gn/T/.tmpMtxbLg/tmp//unitig_data.txt --threads 10

Input dir: /var/folders/zg/vq0dnx517c54hg87dyqjky740000gn/T/.tmpMtxbLg/tmp/
Minimizer length: 15
Kminmer length: 73
Density: 0.005

Loading unitig sequences

Creating mContigs

Contig filename: /var/folders/zg/vq0dnx517c54hg87dyqjky740000gn/T/.tmpMtxbLg/tmp//unitig_data.txt
pass done: 73
Multi-k pass: 74/204


metaMDBG graph /var/folders/zg/vq0dnx517c54hg87dyqjky740000gn/T/.tmpMtxbLg/tmp/ --threads 10 --corrected-read 

Contig filename: 
Output dir: /var/folders/zg/vq0dnx517c54hg87dyqjky740000gn/T/.tmpMtxbLg/tmp/
Minimizer length: 15
Kminmer length: 74
Density: 0.005
Min abundance: 0

Loading refined abundances
	Duration: 0
Collecting kminmers
Building mdbg
Duration: 0
Nb solid kminmers: 32901
Nb small contigs written: 0
Dump kminmer abundances
	Duration: 0
Indexing edges
Edge index size: 32884
Edge index elements: 59185
	Duration: 0
Compute unitig nodes
	Duration: 0
Index unitig edges
	Duration: 0
Compute unitig edges
	Duration: 0
Dump unitig abundances
	Duration: 0
Nb edges:   0


metaMDBG contig  /var/folders/zg/vq0dnx517c54hg87dyqjky740000gn/T/.tmpMtxbLg/tmp/ --threads 10

Input dir: /var/folders/zg/vq0dnx517c54hg87dyqjky740000gn/T/.tmpMtxbLg/tmp/
Minimizer length: 15
Kminmer length: 74
Density: 0.005

Loading unitig graph
Load unitigs
Nb unitigs: 911
Nb minimizers: 99404
Add unitig abundances
Sorting abundances
Add unitig edges
Nb unitig edges: 1866
Sorting unitig edges
Done loading unitig graph
Simplifying
Max abundance: 42
Nb unitigs: 911
Superbubble
Nb superbubble removed: 30 0 (0s)
Tip
Nb Tip removed: 277 (0s)
Superbubble
Nb superbubble removed: 78 0 (0s)
Tip
Nb Tip removed: 0 (0s)
Nb errors removed: 184 (0s)
Superbubble
Nb superbubble removed: 4 0 (0s)
Tip
Nb Tip removed: 0 (0s)
Nb errors removed: 68 (0s)
Superbubble
Nb superbubble removed: 4 0 (0s)
Tip
Nb Tip removed: 0 (0s)
Nb errors removed: 35 (0s)
Superbubble
Nb superbubble removed: 0 0 (0s)
Tip
Nb Tip removed: 0 (0s)
Nb errors removed: 25 (0s)
Superbubble
Nb superbubble removed: 0 0 (0s)
Tip
Nb Tip removed: 0 (0s)
Nb errors removed: 16 (0s)
Superbubble
Nb superbubble removed: 0 0 (0s)
Tip
Nb Tip removed: 0 (0s)
Nb errors removed: 15 (0s)
Superbubble
Nb superbubble removed: 0 0 (0s)
Tip
Nb Tip removed: 0 (0s)
Nb errors removed: 8 (0s)
Superbubble
Nb superbubble removed: 0 0 (0s)
Tip
Nb Tip removed: 0 (0s)
Nb errors removed: 7 (0s)
Superbubble
Nb superbubble removed: 0 0 (0s)
Tip
Nb Tip removed: 0 (0s)
Nb errors removed: 2 (0s)
Superbubble
Nb superbubble removed: 0 0 (0s)
Tip
Nb Tip removed: 0 (0s)
Nb errors removed: 1 (0s)
Superbubble
Nb superbubble removed: 0 0 (0s)
Tip
Nb Tip removed: 0 (0s)
Nb errors removed: 4 (0s)
Superbubble
Nb superbubble removed: 0 0 (0s)
Tip
Nb Tip removed: 0 (0s)
Nb errors removed: 1 (0s)
Superbubble
Nb superbubble removed: 0 0 (0s)
Tip
Nb Tip removed: 0 (0s)
Nb errors removed: 1 (0s)
Superbubble
Nb superbubble removed: 0 0 (0s)
Tip
Nb Tip removed: 0 (0s)
Nb errors removed: 5 (0s)
Superbubble
Nb superbubble removed: 0 0 (0s)
Tip
Nb Tip removed: 0 (0s)
Nb errors removed: 1 (0s)
Superbubble
Nb superbubble removed: 0 0 (0s)
Tip
Nb Tip removed: 0 (0s)
Nb errors removed: 1 (0s)
Superbubble
Nb superbubble removed: 0 0 (0s)
Tip
Nb Tip removed: 0 (0s)
Checksum: 0
Checksum abundnace: 0
Generating contigs
45.2593
34.004
28.1025
25.5477
23.2252
13.11
11.9182
10.8347
9.84974
8.14028
7.40025
6.11591
5.05447
4.17725
3.13843
2.14359
0


metaMDBG toMinspace  /var/folders/zg/vq0dnx517c54hg87dyqjky740000gn/T/.tmpMtxbLg/tmp/ /var/folders/zg/vq0dnx517c54hg87dyqjky740000gn/T/.tmpMtxbLg/tmp//contigs.nodepath /var/folders/zg/vq0dnx517c54hg87dyqjky740000gn/T/.tmpMtxbLg/tmp//unitig_data.txt --threads 10

Input dir: /var/folders/zg/vq0dnx517c54hg87dyqjky740000gn/T/.tmpMtxbLg/tmp/
Minimizer length: 15
Kminmer length: 74
Density: 0.005

Loading unitig sequences

Creating mContigs

Contig filename: /var/folders/zg/vq0dnx517c54hg87dyqjky740000gn/T/.tmpMtxbLg/tmp//unitig_data.txt
pass done: 74
Multi-k pass: 75/204


metaMDBG graph /var/folders/zg/vq0dnx517c54hg87dyqjky740000gn/T/.tmpMtxbLg/tmp/ --threads 10 --corrected-read 

Contig filename: 
Output dir: /var/folders/zg/vq0dnx517c54hg87dyqjky740000gn/T/.tmpMtxbLg/tmp/
Minimizer length: 15
Kminmer length: 75
Density: 0.005
Min abundance: 0

Loading refined abundances
	Duration: 0
Collecting kminmers
Building mdbg
Duration: 0
Nb solid kminmers: 32910
Nb small contigs written: 0
Dump kminmer abundances
	Duration: 0
Indexing edges
Edge index size: 32895
Edge index elements: 59112
	Duration: 0
Compute unitig nodes
	Duration: 0
Index unitig edges
	Duration: 0
Compute unitig edges
	Duration: 0
Dump unitig abundances
	Duration: 0
Nb edges:   0


metaMDBG contig  /var/folders/zg/vq0dnx517c54hg87dyqjky740000gn/T/.tmpMtxbLg/tmp/ --threads 10

Input dir: /var/folders/zg/vq0dnx517c54hg87dyqjky740000gn/T/.tmpMtxbLg/tmp/
Minimizer length: 15
Kminmer length: 75
Density: 0.005

Loading unitig graph
Load unitigs
Nb unitigs: 901
Nb minimizers: 99584
Add unitig abundances
Sorting abundances
Add unitig edges
Nb unitig edges: 1840
Sorting unitig edges
Done loading unitig graph
Simplifying
Max abundance: 42
Nb unitigs: 901
Superbubble
Nb superbubble removed: 30 0 (0s)
Tip
Nb Tip removed: 276 (0s)
Superbubble
Nb superbubble removed: 76 0 (0s)
Tip
Nb Tip removed: 0 (0s)
Nb errors removed: 182 (0s)
Superbubble
Nb superbubble removed: 4 0 (0s)
Tip
Nb Tip removed: 0 (0s)
Nb errors removed: 66 (0s)
Superbubble
Nb superbubble removed: 4 0 (0s)
Tip
Nb Tip removed: 0 (0s)
Nb errors removed: 36 (0s)
Superbubble
Nb superbubble removed: 0 0 (0s)
Tip
Nb Tip removed: 0 (0s)
Nb errors removed: 24 (0s)
Superbubble
Nb superbubble removed: 4 0 (0s)
Tip
Nb Tip removed: 0 (0s)
Nb errors removed: 18 (0s)
Superbubble
Nb superbubble removed: 0 0 (0s)
Tip
Nb Tip removed: 0 (0s)
Nb errors removed: 15 (0s)
Superbubble
Nb superbubble removed: 0 0 (0s)
Tip
Nb Tip removed: 0 (0s)
Nb errors removed: 8 (0s)
Superbubble
Nb superbubble removed: 0 0 (0s)
Tip
Nb Tip removed: 0 (0s)
Nb errors removed: 7 (0s)
Superbubble
Nb superbubble removed: 0 0 (0s)
Tip
Nb Tip removed: 0 (0s)
Nb errors removed: 2 (0s)
Superbubble
Nb superbubble removed: 0 0 (0s)
Tip
Nb Tip removed: 0 (0s)
Nb errors removed: 4 (0s)
Superbubble
Nb superbubble removed: 0 0 (0s)
Tip
Nb Tip removed: 0 (0s)
Nb errors removed: 1 (0s)
Superbubble
Nb superbubble removed: 0 0 (0s)
Tip
Nb Tip removed: 0 (0s)
Nb errors removed: 1 (0s)
Superbubble
Nb superbubble removed: 0 0 (0s)
Tip
Nb Tip removed: 0 (0s)
Nb errors removed: 5 (0s)
Superbubble
Nb superbubble removed: 0 0 (0s)
Tip
Nb Tip removed: 0 (0s)
Nb errors removed: 1 (0s)
Superbubble
Nb superbubble removed: 0 0 (0s)
Tip
Nb Tip removed: 0 (0s)
Nb errors removed: 1 (0s)
Superbubble
Nb superbubble removed: 0 0 (0s)
Tip
Nb Tip removed: 0 (0s)
Checksum: 0
Checksum abundnace: 0
Generating contigs
45.2593
34.004
28.1025
25.5477
23.2252
13.11
10.8347
9.84974
8.14028
7.40025
6.11591
5.05447
4.17725
3.13843
2.14359
0


metaMDBG toMinspace  /var/folders/zg/vq0dnx517c54hg87dyqjky740000gn/T/.tmpMtxbLg/tmp/ /var/folders/zg/vq0dnx517c54hg87dyqjky740000gn/T/.tmpMtxbLg/tmp//contigs.nodepath /var/folders/zg/vq0dnx517c54hg87dyqjky740000gn/T/.tmpMtxbLg/tmp//unitig_data.txt --threads 10

Input dir: /var/folders/zg/vq0dnx517c54hg87dyqjky740000gn/T/.tmpMtxbLg/tmp/
Minimizer length: 15
Kminmer length: 75
Density: 0.005

Loading unitig sequences

Creating mContigs

Contig filename: /var/folders/zg/vq0dnx517c54hg87dyqjky740000gn/T/.tmpMtxbLg/tmp//unitig_data.txt
pass done: 75
Multi-k pass: 76/204


metaMDBG graph /var/folders/zg/vq0dnx517c54hg87dyqjky740000gn/T/.tmpMtxbLg/tmp/ --threads 10 --corrected-read 

Contig filename: 
Output dir: /var/folders/zg/vq0dnx517c54hg87dyqjky740000gn/T/.tmpMtxbLg/tmp/
Minimizer length: 15
Kminmer length: 76
Density: 0.005
Min abundance: 0

Loading refined abundances
	Duration: 0
Collecting kminmers
Building mdbg
Duration: 0
Nb solid kminmers: 32921
Nb small contigs written: 0
Dump kminmer abundances
	Duration: 0
Indexing edges
Edge index size: 32904
Edge index elements: 59252
	Duration: 0
Compute unitig nodes
	Duration: 0
Index unitig edges
	Duration: 0
Compute unitig edges
	Duration: 0
Dump unitig abundances
	Duration: 0
Nb edges:   0


metaMDBG contig  /var/folders/zg/vq0dnx517c54hg87dyqjky740000gn/T/.tmpMtxbLg/tmp/ --threads 10

Input dir: /var/folders/zg/vq0dnx517c54hg87dyqjky740000gn/T/.tmpMtxbLg/tmp/
Minimizer length: 15
Kminmer length: 76
Density: 0.005

Loading unitig graph
Load unitigs
Nb unitigs: 895
Nb minimizers: 100046
Add unitig abundances
Sorting abundances
Add unitig edges
Nb unitig edges: 1824
Sorting unitig edges
Done loading unitig graph
Simplifying
Max abundance: 42
Nb unitigs: 895
Superbubble
Nb superbubble removed: 30 0 (0s)
Tip
Nb Tip removed: 276 (0s)
Superbubble
Nb superbubble removed: 74 0 (0s)
Tip
Nb Tip removed: 0 (0s)
Nb errors removed: 178 (0s)
Superbubble
Nb superbubble removed: 4 0 (0s)
Tip
Nb Tip removed: 0 (0s)
Nb errors removed: 65 (0s)
Superbubble
Nb superbubble removed: 4 0 (0s)
Tip
Nb Tip removed: 0 (0s)
Nb errors removed: 35 (0s)
Superbubble
Nb superbubble removed: 0 0 (0s)
Tip
Nb Tip removed: 0 (0s)
Nb errors removed: 25 (0s)
Superbubble
Nb superbubble removed: 4 0 (0s)
Tip
Nb Tip removed: 0 (0s)
Nb errors removed: 18 (0s)
Superbubble
Nb superbubble removed: 0 0 (0s)
Tip
Nb Tip removed: 0 (0s)
Nb errors removed: 15 (0s)
Superbubble
Nb superbubble removed: 0 0 (0s)
Tip
Nb Tip removed: 0 (0s)
Nb errors removed: 8 (0s)
Superbubble
Nb superbubble removed: 0 0 (0s)
Tip
Nb Tip removed: 0 (0s)
Nb errors removed: 6 (0s)
Superbubble
Nb superbubble removed: 0 0 (0s)
Tip
Nb Tip removed: 0 (0s)
Nb errors removed: 4 (0s)
Superbubble
Nb superbubble removed: 0 0 (0s)
Tip
Nb Tip removed: 0 (0s)
Nb errors removed: 4 (0s)
Superbubble
Nb superbubble removed: 0 0 (0s)
Tip
Nb Tip removed: 0 (0s)
Nb errors removed: 1 (0s)
Superbubble
Nb superbubble removed: 0 0 (0s)
Tip
Nb Tip removed: 0 (0s)
Nb errors removed: 1 (0s)
Superbubble
Nb superbubble removed: 0 0 (0s)
Tip
Nb Tip removed: 0 (0s)
Nb errors removed: 5 (0s)
Superbubble
Nb superbubble removed: 0 0 (0s)
Tip
Nb Tip removed: 0 (0s)
Nb errors removed: 1 (0s)
Superbubble
Nb superbubble removed: 0 0 (0s)
Tip
Nb Tip removed: 0 (0s)
Checksum: 0
Checksum abundnace: 0
Generating contigs
45.2593
28.1025
25.5477
23.2252
13.11
10.8347
9.84974
8.14028
7.40025
6.11591
5.05447
4.17725
3.13843
2.14359
0


metaMDBG toMinspace  /var/folders/zg/vq0dnx517c54hg87dyqjky740000gn/T/.tmpMtxbLg/tmp/ /var/folders/zg/vq0dnx517c54hg87dyqjky740000gn/T/.tmpMtxbLg/tmp//contigs.nodepath /var/folders/zg/vq0dnx517c54hg87dyqjky740000gn/T/.tmpMtxbLg/tmp//unitig_data.txt --threads 10

Input dir: /var/folders/zg/vq0dnx517c54hg87dyqjky740000gn/T/.tmpMtxbLg/tmp/
Minimizer length: 15
Kminmer length: 76
Density: 0.005

Loading unitig sequences

Creating mContigs

Contig filename: /var/folders/zg/vq0dnx517c54hg87dyqjky740000gn/T/.tmpMtxbLg/tmp//unitig_data.txt
pass done: 76
Multi-k pass: 77/204


metaMDBG graph /var/folders/zg/vq0dnx517c54hg87dyqjky740000gn/T/.tmpMtxbLg/tmp/ --threads 10 --corrected-read 

Contig filename: 
Output dir: /var/folders/zg/vq0dnx517c54hg87dyqjky740000gn/T/.tmpMtxbLg/tmp/
Minimizer length: 15
Kminmer length: 77
Density: 0.005
Min abundance: 0

Loading refined abundances
	Duration: 0
Collecting kminmers
Building mdbg
Duration: 0
Nb solid kminmers: 32936
Nb small contigs written: 0
Dump kminmer abundances
	Duration: 0
Indexing edges
Edge index size: 32917
Edge index elements: 59384
	Duration: 0
Compute unitig nodes
	Duration: 0
Index unitig edges
	Duration: 0
Compute unitig edges
	Duration: 0
Dump unitig abundances
	Duration: 0
Nb edges:   0


metaMDBG contig  /var/folders/zg/vq0dnx517c54hg87dyqjky740000gn/T/.tmpMtxbLg/tmp/ --threads 10

Input dir: /var/folders/zg/vq0dnx517c54hg87dyqjky740000gn/T/.tmpMtxbLg/tmp/
Minimizer length: 15
Kminmer length: 77
Density: 0.005

Loading unitig graph
Load unitigs
Nb unitigs: 888
Nb minimizers: 100424
Add unitig abundances
Sorting abundances
Add unitig edges
Nb unitig edges: 1816
Sorting unitig edges
Done loading unitig graph
Simplifying
Max abundance: 42
Nb unitigs: 888
Superbubble
Nb superbubble removed: 30 0 (0s)
Tip
Nb Tip removed: 274 (0s)
Superbubble
Nb superbubble removed: 74 0 (0s)
Tip
Nb Tip removed: 0 (0s)
Nb errors removed: 175 (0s)
Superbubble
Nb superbubble removed: 4 0 (0s)
Tip
Nb Tip removed: 0 (0s)
Nb errors removed: 65 (0s)
Superbubble
Nb superbubble removed: 4 0 (0s)
Tip
Nb Tip removed: 0 (0s)
Nb errors removed: 34 (0s)
Superbubble
Nb superbubble removed: 0 0 (0s)
Tip
Nb Tip removed: 0 (0s)
Nb errors removed: 25 (0s)
Superbubble
Nb superbubble removed: 4 0 (0s)
Tip
Nb Tip removed: 0 (0s)
Nb errors removed: 18 (0s)
Superbubble
Nb superbubble removed: 0 0 (0s)
Tip
Nb Tip removed: 0 (0s)
Nb errors removed: 15 (0s)
Superbubble
Nb superbubble removed: 0 0 (0s)
Tip
Nb Tip removed: 0 (0s)
Nb errors removed: 8 (0s)
Superbubble
Nb superbubble removed: 0 0 (0s)
Tip
Nb Tip removed: 0 (0s)
Nb errors removed: 6 (0s)
Superbubble
Nb superbubble removed: 0 0 (0s)
Tip
Nb Tip removed: 0 (0s)
Nb errors removed: 4 (0s)
Superbubble
Nb superbubble removed: 0 0 (0s)
Tip
Nb Tip removed: 0 (0s)
Nb errors removed: 4 (0s)
Superbubble
Nb superbubble removed: 0 0 (0s)
Tip
Nb Tip removed: 0 (0s)
Nb errors removed: 1 (0s)
Superbubble
Nb superbubble removed: 0 0 (0s)
Tip
Nb Tip removed: 0 (0s)
Nb errors removed: 1 (0s)
Superbubble
Nb superbubble removed: 0 0 (0s)
Tip
Nb Tip removed: 0 (0s)
Nb errors removed: 5 (0s)
Superbubble
Nb superbubble removed: 0 0 (0s)
Tip
Nb Tip removed: 0 (0s)
Nb errors removed: 1 (0s)
Superbubble
Nb superbubble removed: 0 0 (0s)
Tip
Nb Tip removed: 0 (0s)
Checksum: 0
Checksum abundnace: 0
Generating contigs
45.2593
28.1025
25.5477
23.2252
13.11
10.8347
9.84974
8.14028
7.40025
6.11591
5.05447
4.17725
3.13843
2.14359
0


metaMDBG toMinspace  /var/folders/zg/vq0dnx517c54hg87dyqjky740000gn/T/.tmpMtxbLg/tmp/ /var/folders/zg/vq0dnx517c54hg87dyqjky740000gn/T/.tmpMtxbLg/tmp//contigs.nodepath /var/folders/zg/vq0dnx517c54hg87dyqjky740000gn/T/.tmpMtxbLg/tmp//unitig_data.txt --threads 10

Input dir: /var/folders/zg/vq0dnx517c54hg87dyqjky740000gn/T/.tmpMtxbLg/tmp/
Minimizer length: 15
Kminmer length: 77
Density: 0.005

Loading unitig sequences

Creating mContigs

Contig filename: /var/folders/zg/vq0dnx517c54hg87dyqjky740000gn/T/.tmpMtxbLg/tmp//unitig_data.txt
pass done: 77
Multi-k pass: 78/204


metaMDBG graph /var/folders/zg/vq0dnx517c54hg87dyqjky740000gn/T/.tmpMtxbLg/tmp/ --threads 10 --corrected-read 

Contig filename: 
Output dir: /var/folders/zg/vq0dnx517c54hg87dyqjky740000gn/T/.tmpMtxbLg/tmp/
Minimizer length: 15
Kminmer length: 78
Density: 0.005
Min abundance: 0

Loading refined abundances
	Duration: 0
Collecting kminmers
Building mdbg
Duration: 0
Nb solid kminmers: 32950
Nb small contigs written: 0
Dump kminmer abundances
	Duration: 0
Indexing edges
Edge index size: 32934
Edge index elements: 59196
	Duration: 0
Compute unitig nodes
	Duration: 0
Index unitig edges
	Duration: 0
Compute unitig edges
	Duration: 0
Dump unitig abundances
	Duration: 0
Nb edges:   0


metaMDBG contig  /var/folders/zg/vq0dnx517c54hg87dyqjky740000gn/T/.tmpMtxbLg/tmp/ --threads 10

Input dir: /var/folders/zg/vq0dnx517c54hg87dyqjky740000gn/T/.tmpMtxbLg/tmp/
Minimizer length: 15
Kminmer length: 78
Density: 0.005

Loading unitig graph
Load unitigs
Nb unitigs: 876
Nb minimizers: 100402
Add unitig abundances
Sorting abundances
Add unitig edges
Nb unitig edges: 1792
Sorting unitig edges
Done loading unitig graph
Simplifying
Max abundance: 42
Nb unitigs: 876
Superbubble
Nb superbubble removed: 30 0 (0s)
Tip
Nb Tip removed: 274 (0s)
Superbubble
Nb superbubble removed: 74 0 (0s)
Tip
Nb Tip removed: 0 (0s)
Nb errors removed: 174 (0s)
Superbubble
Nb superbubble removed: 3 0 (0s)
Tip
Nb Tip removed: 0 (0s)
Nb errors removed: 65 (0s)
Superbubble
Nb superbubble removed: 4 0 (0s)
Tip
Nb Tip removed: 0 (0s)
Nb errors removed: 34 (0s)
Superbubble
Nb superbubble removed: 0 0 (0s)
Tip
Nb Tip removed: 0 (0s)
Nb errors removed: 25 (0s)
Superbubble
Nb superbubble removed: 4 0 (0s)
Tip
Nb Tip removed: 0 (0s)
Nb errors removed: 18 (0s)
Superbubble
Nb superbubble removed: 0 0 (0s)
Tip
Nb Tip removed: 0 (0s)
Nb errors removed: 16 (0s)
Superbubble
Nb superbubble removed: 0 0 (0s)
Tip
Nb Tip removed: 0 (0s)
Nb errors removed: 8 (0s)
Superbubble
Nb superbubble removed: 0 0 (0s)
Tip
Nb Tip removed: 0 (0s)
Nb errors removed: 6 (0s)
Superbubble
Nb superbubble removed: 0 0 (0s)
Tip
Nb Tip removed: 0 (0s)
Nb errors removed: 4 (0s)
Superbubble
Nb superbubble removed: 0 0 (0s)
Tip
Nb Tip removed: 0 (0s)
Nb errors removed: 4 (0s)
Superbubble
Nb superbubble removed: 0 0 (0s)
Tip
Nb Tip removed: 0 (0s)
Nb errors removed: 1 (0s)
Superbubble
Nb superbubble removed: 0 0 (0s)
Tip
Nb Tip removed: 0 (0s)
Nb errors removed: 1 (0s)
Superbubble
Nb superbubble removed: 0 0 (0s)
Tip
Nb Tip removed: 0 (0s)
Nb errors removed: 5 (0s)
Superbubble
Nb superbubble removed: 0 0 (0s)
Tip
Nb Tip removed: 0 (0s)
Nb errors removed: 1 (0s)
Superbubble
Nb superbubble removed: 0 0 (0s)
Tip
Nb Tip removed: 0 (0s)
Checksum: 0
Checksum abundnace: 0
Generating contigs
45.2593
28.1025
25.5477
23.2252
13.11
10.8347
9.84974
8.14028
7.40025
6.11591
5.05447
4.17725
3.13843
2.14359
0


metaMDBG toMinspace  /var/folders/zg/vq0dnx517c54hg87dyqjky740000gn/T/.tmpMtxbLg/tmp/ /var/folders/zg/vq0dnx517c54hg87dyqjky740000gn/T/.tmpMtxbLg/tmp//contigs.nodepath /var/folders/zg/vq0dnx517c54hg87dyqjky740000gn/T/.tmpMtxbLg/tmp//unitig_data.txt --threads 10

Input dir: /var/folders/zg/vq0dnx517c54hg87dyqjky740000gn/T/.tmpMtxbLg/tmp/
Minimizer length: 15
Kminmer length: 78
Density: 0.005

Loading unitig sequences

Creating mContigs

Contig filename: /var/folders/zg/vq0dnx517c54hg87dyqjky740000gn/T/.tmpMtxbLg/tmp//unitig_data.txt
pass done: 78
Multi-k pass: 79/204


metaMDBG graph /var/folders/zg/vq0dnx517c54hg87dyqjky740000gn/T/.tmpMtxbLg/tmp/ --threads 10 --corrected-read 

Contig filename: 
Output dir: /var/folders/zg/vq0dnx517c54hg87dyqjky740000gn/T/.tmpMtxbLg/tmp/
Minimizer length: 15
Kminmer length: 79
Density: 0.005
Min abundance: 0

Loading refined abundances
	Duration: 0
Collecting kminmers
Building mdbg
Duration: 0
Nb solid kminmers: 32962
Nb small contigs written: 0
Dump kminmer abundances
	Duration: 0
Indexing edges
Edge index size: 32946
Edge index elements: 59392
	Duration: 0
Compute unitig nodes
	Duration: 0
Index unitig edges
	Duration: 0
Compute unitig edges
	Duration: 0
Dump unitig abundances
	Duration: 0
Nb edges:   0


metaMDBG contig  /var/folders/zg/vq0dnx517c54hg87dyqjky740000gn/T/.tmpMtxbLg/tmp/ --threads 10

Input dir: /var/folders/zg/vq0dnx517c54hg87dyqjky740000gn/T/.tmpMtxbLg/tmp/
Minimizer length: 15
Kminmer length: 79
Density: 0.005

Loading unitig graph
Load unitigs
Nb unitigs: 873
Nb minimizers: 101056
Add unitig abundances
Sorting abundances
Add unitig edges
Nb unitig edges: 1782
Sorting unitig edges
Done loading unitig graph
Simplifying
Max abundance: 42
Nb unitigs: 873
Superbubble
Nb superbubble removed: 30 0 (0s)
Tip
Nb Tip removed: 273 (0s)
Superbubble
Nb superbubble removed: 72 0 (0s)
Tip
Nb Tip removed: 0 (0s)
Nb errors removed: 171 (0s)
Superbubble
Nb superbubble removed: 2 0 (0s)
Tip
Nb Tip removed: 0 (0s)
Nb errors removed: 64 (0s)
Superbubble
Nb superbubble removed: 4 0 (0s)
Tip
Nb Tip removed: 0 (0s)
Nb errors removed: 36 (0s)
Superbubble
Nb superbubble removed: 2 0 (0s)
Tip
Nb Tip removed: 0 (0s)
Nb errors removed: 25 (0s)
Superbubble
Nb superbubble removed: 2 0 (0s)
Tip
Nb Tip removed: 0 (0s)
Nb errors removed: 20 (0s)
Superbubble
Nb superbubble removed: 0 0 (0s)
Tip
Nb Tip removed: 0 (0s)
Nb errors removed: 16 (0s)
Superbubble
Nb superbubble removed: 0 0 (0s)
Tip
Nb Tip removed: 0 (0s)
Nb errors removed: 9 (0s)
Superbubble
Nb superbubble removed: 0 0 (0s)
Tip
Nb Tip removed: 0 (0s)
Nb errors removed: 6 (0s)
Superbubble
Nb superbubble removed: 0 0 (0s)
Tip
Nb Tip removed: 0 (0s)
Nb errors removed: 4 (0s)
Superbubble
Nb superbubble removed: 0 0 (0s)
Tip
Nb Tip removed: 0 (0s)
Nb errors removed: 1 (0s)
Superbubble
Nb superbubble removed: 0 0 (0s)
Tip
Nb Tip removed: 0 (0s)
Nb errors removed: 5 (0s)
Superbubble
Nb superbubble removed: 0 0 (0s)
Tip
Nb Tip removed: 0 (0s)
Nb errors removed: 1 (0s)
Superbubble
Nb superbubble removed: 0 0 (0s)
Tip
Nb Tip removed: 0 (0s)
Nb errors removed: 1 (0s)
Superbubble
Nb superbubble removed: 0 0 (0s)
Tip
Nb Tip removed: 0 (0s)
Nb errors removed: 5 (0s)
Superbubble
Nb superbubble removed: 0 0 (0s)
Tip
Nb Tip removed: 0 (0s)
Nb errors removed: 1 (0s)
Superbubble
Nb superbubble removed: 0 0 (0s)
Tip
Nb Tip removed: 0 (0s)
Checksum: 0
Checksum abundnace: 0
Generating contigs
45.2593
28.1025
25.5477
23.2252
13.11
11.9182
10.8347
9.84974
8.14028
7.40025
6.11591
5.05447
4.17725
3.13843
2.14359
0


metaMDBG toMinspace  /var/folders/zg/vq0dnx517c54hg87dyqjky740000gn/T/.tmpMtxbLg/tmp/ /var/folders/zg/vq0dnx517c54hg87dyqjky740000gn/T/.tmpMtxbLg/tmp//contigs.nodepath /var/folders/zg/vq0dnx517c54hg87dyqjky740000gn/T/.tmpMtxbLg/tmp//unitig_data.txt --threads 10

Input dir: /var/folders/zg/vq0dnx517c54hg87dyqjky740000gn/T/.tmpMtxbLg/tmp/
Minimizer length: 15
Kminmer length: 79
Density: 0.005

Loading unitig sequences

Creating mContigs

Contig filename: /var/folders/zg/vq0dnx517c54hg87dyqjky740000gn/T/.tmpMtxbLg/tmp//unitig_data.txt
pass done: 79
Multi-k pass: 80/204


metaMDBG graph /var/folders/zg/vq0dnx517c54hg87dyqjky740000gn/T/.tmpMtxbLg/tmp/ --threads 10 --corrected-read 

Contig filename: 
Output dir: /var/folders/zg/vq0dnx517c54hg87dyqjky740000gn/T/.tmpMtxbLg/tmp/
Minimizer length: 15
Kminmer length: 80
Density: 0.005
Min abundance: 0

Loading refined abundances
	Duration: 0
Collecting kminmers
Building mdbg
Duration: 0
Nb solid kminmers: 32969
Nb small contigs written: 0
Dump kminmer abundances
	Duration: 0
Indexing edges
Edge index size: 32958
Edge index elements: 59459
	Duration: 0
Compute unitig nodes
	Duration: 0
Index unitig edges
	Duration: 0
Compute unitig edges
	Duration: 0
Dump unitig abundances
	Duration: 0
Nb edges:   0


metaMDBG contig  /var/folders/zg/vq0dnx517c54hg87dyqjky740000gn/T/.tmpMtxbLg/tmp/ --threads 10

Input dir: /var/folders/zg/vq0dnx517c54hg87dyqjky740000gn/T/.tmpMtxbLg/tmp/
Minimizer length: 15
Kminmer length: 80
Density: 0.005

Loading unitig graph
Load unitigs
Nb unitigs: 859
Nb minimizers: 100830
Add unitig abundances
Sorting abundances
Add unitig edges
Nb unitig edges: 1742
Sorting unitig edges
Done loading unitig graph
Simplifying
Max abundance: 42
Nb unitigs: 859
Superbubble
Nb superbubble removed: 30 0 (0s)
Tip
Nb Tip removed: 271 (0s)
Superbubble
Nb superbubble removed: 72 0 (0s)
Tip
Nb Tip removed: 0 (0s)
Nb errors removed: 170 (0s)
Superbubble
Nb superbubble removed: 2 0 (0s)
Tip
Nb Tip removed: 0 (0s)
Nb errors removed: 61 (0s)
Superbubble
Nb superbubble removed: 4 0 (0s)
Tip
Nb Tip removed: 0 (0s)
Nb errors removed: 37 (0s)
Superbubble
Nb superbubble removed: 2 0 (0s)
Tip
Nb Tip removed: 0 (0s)
Nb errors removed: 24 (0s)
Superbubble
Nb superbubble removed: 0 0 (0s)
Tip
Nb Tip removed: 0 (0s)
Nb errors removed: 20 (0s)
Superbubble
Nb superbubble removed: 0 0 (0s)
Tip
Nb Tip removed: 0 (0s)
Nb errors removed: 17 (0s)
Superbubble
Nb superbubble removed: 0 0 (0s)
Tip
Nb Tip removed: 0 (0s)
Nb errors removed: 9 (0s)
Superbubble
Nb superbubble removed: 0 0 (0s)
Tip
Nb Tip removed: 0 (0s)
Nb errors removed: 6 (0s)
Superbubble
Nb superbubble removed: 0 0 (0s)
Tip
Nb Tip removed: 0 (0s)
Nb errors removed: 4 (0s)
Superbubble
Nb superbubble removed: 0 0 (0s)
Tip
Nb Tip removed: 0 (0s)
Nb errors removed: 1 (0s)
Superbubble
Nb superbubble removed: 0 0 (0s)
Tip
Nb Tip removed: 0 (0s)
Nb errors removed: 5 (0s)
Superbubble
Nb superbubble removed: 0 0 (0s)
Tip
Nb Tip removed: 0 (0s)
Nb errors removed: 1 (0s)
Superbubble
Nb superbubble removed: 0 0 (0s)
Tip
Nb Tip removed: 0 (0s)
Nb errors removed: 1 (0s)
Superbubble
Nb superbubble removed: 0 0 (0s)
Tip
Nb Tip removed: 0 (0s)
Nb errors removed: 5 (0s)
Superbubble
Nb superbubble removed: 0 0 (0s)
Tip
Nb Tip removed: 0 (0s)
Nb errors removed: 1 (0s)
Superbubble
Nb superbubble removed: 0 0 (0s)
Tip
Nb Tip removed: 0 (0s)
Checksum: 0
Checksum abundnace: 0
Generating contigs
45.2593
28.1025
25.5477
23.2252
13.11
11.9182
10.8347
9.84974
8.14028
7.40025
6.11591
5.05447
4.17725
3.13843
2.14359
0


metaMDBG toMinspace  /var/folders/zg/vq0dnx517c54hg87dyqjky740000gn/T/.tmpMtxbLg/tmp/ /var/folders/zg/vq0dnx517c54hg87dyqjky740000gn/T/.tmpMtxbLg/tmp//contigs.nodepath /var/folders/zg/vq0dnx517c54hg87dyqjky740000gn/T/.tmpMtxbLg/tmp//unitig_data.txt --threads 10

Input dir: /var/folders/zg/vq0dnx517c54hg87dyqjky740000gn/T/.tmpMtxbLg/tmp/
Minimizer length: 15
Kminmer length: 80
Density: 0.005

Loading unitig sequences

Creating mContigs

Contig filename: /var/folders/zg/vq0dnx517c54hg87dyqjky740000gn/T/.tmpMtxbLg/tmp//unitig_data.txt
pass done: 80
Multi-k pass: 81/204


metaMDBG graph /var/folders/zg/vq0dnx517c54hg87dyqjky740000gn/T/.tmpMtxbLg/tmp/ --threads 10 --corrected-read 

Contig filename: 
Output dir: /var/folders/zg/vq0dnx517c54hg87dyqjky740000gn/T/.tmpMtxbLg/tmp/
Minimizer length: 15
Kminmer length: 81
Density: 0.005
Min abundance: 0

Loading refined abundances
	Duration: 0
Collecting kminmers
Building mdbg
Duration: 0
Nb solid kminmers: 32971
Nb small contigs written: 0
Dump kminmer abundances
	Duration: 0
Indexing edges
Edge index size: 32967
Edge index elements: 59561
	Duration: 0
Compute unitig nodes
	Duration: 0
Index unitig edges
	Duration: 0
Compute unitig edges
	Duration: 0
Dump unitig abundances
	Duration: 0
Nb edges:   0


metaMDBG contig  /var/folders/zg/vq0dnx517c54hg87dyqjky740000gn/T/.tmpMtxbLg/tmp/ --threads 10 --gen-graph 

Input dir: /var/folders/zg/vq0dnx517c54hg87dyqjky740000gn/T/.tmpMtxbLg/tmp/
Minimizer length: 15
Kminmer length: 81
Density: 0.005

Loading unitig graph
Load unitigs
Nb unitigs: 850
Nb minimizers: 100971
Add unitig abundances
Sorting abundances
Add unitig edges
Nb unitig edges: 1712
Sorting unitig edges
Done loading unitig graph
Simplifying
Max abundance: 42
Nb unitigs: 850
Superbubble
Nb superbubble removed: 28 0 (0s)
Tip
Nb Tip removed: 267 (0s)
Superbubble
Nb superbubble removed: 75 0 (0s)
Tip
Nb Tip removed: 0 (0s)
Saving unitig graph: /var/folders/zg/vq0dnx517c54hg87dyqjky740000gn/T/.tmpMtxbLg/tmp//assembly_graph.gfa
Nb errors removed: 168 (0s)
Superbubble
Nb superbubble removed: 0 0 (0s)
Tip
Nb Tip removed: 0 (0s)
Nb errors removed: 61 (0s)
Superbubble
Nb superbubble removed: 4 0 (0s)
Tip
Nb Tip removed: 0 (0s)
Nb errors removed: 37 (0s)
Superbubble
Nb superbubble removed: 2 0 (0s)
Tip
Nb Tip removed: 0 (0s)
Nb errors removed: 24 (0s)
Superbubble
Nb superbubble removed: 0 0 (0s)
Tip
Nb Tip removed: 0 (0s)
Nb errors removed: 20 (0s)
Superbubble
Nb superbubble removed: 0 0 (0s)
Tip
Nb Tip removed: 0 (0s)
Nb errors removed: 17 (0s)
Superbubble
Nb superbubble removed: 0 0 (0s)
Tip
Nb Tip removed: 0 (0s)
Nb errors removed: 9 (0s)
Superbubble
Nb superbubble removed: 0 0 (0s)
Tip
Nb Tip removed: 0 (0s)
Nb errors removed: 6 (0s)
Superbubble
Nb superbubble removed: 0 0 (0s)
Tip
Nb Tip removed: 0 (0s)
Nb errors removed: 4 (0s)
Superbubble
Nb superbubble removed: 0 0 (0s)
Tip
Nb Tip removed: 0 (0s)
Nb errors removed: 1 (0s)
Superbubble
Nb superbubble removed: 0 0 (0s)
Tip
Nb Tip removed: 0 (0s)
Nb errors removed: 5 (0s)
Superbubble
Nb superbubble removed: 0 0 (0s)
Tip
Nb Tip removed: 0 (0s)
Nb errors removed: 1 (0s)
Superbubble
Nb superbubble removed: 0 0 (0s)
Tip
Nb Tip removed: 0 (0s)
Nb errors removed: 1 (0s)
Superbubble
Nb superbubble removed: 0 0 (0s)
Tip
Nb Tip removed: 0 (0s)
Nb errors removed: 5 (0s)
Superbubble
Nb superbubble removed: 0 0 (0s)
Tip
Nb Tip removed: 0 (0s)
Nb errors removed: 1 (0s)
Superbubble
Nb superbubble removed: 0 0 (0s)
Tip
Nb Tip removed: 0 (0s)
Checksum: 0
Checksum abundnace: 0
Generating contigs
45.2593
28.1025
25.5477
23.2252
13.11
11.9182
10.8347
9.84974
8.14028
7.40025
6.11591
5.05447
4.17725
3.13843
2.14359
0


metaMDBG toMinspace  /var/folders/zg/vq0dnx517c54hg87dyqjky740000gn/T/.tmpMtxbLg/tmp/ /var/folders/zg/vq0dnx517c54hg87dyqjky740000gn/T/.tmpMtxbLg/tmp//contigs.nodepath /var/folders/zg/vq0dnx517c54hg87dyqjky740000gn/T/.tmpMtxbLg/tmp//unitig_data.txt --threads 10

Input dir: /var/folders/zg/vq0dnx517c54hg87dyqjky740000gn/T/.tmpMtxbLg/tmp/
Minimizer length: 15
Kminmer length: 81
Density: 0.005

Loading unitig sequences

Creating mContigs

Contig filename: /var/folders/zg/vq0dnx517c54hg87dyqjky740000gn/T/.tmpMtxbLg/tmp//unitig_data.txt


metaMDBG toMinspace  /var/folders/zg/vq0dnx517c54hg87dyqjky740000gn/T/.tmpMtxbLg/tmp/ /var/folders/zg/vq0dnx517c54hg87dyqjky740000gn/T/.tmpMtxbLg/tmp//assembly_graph.gfa.unitigs.nodepath /var/folders/zg/vq0dnx517c54hg87dyqjky740000gn/T/.tmpMtxbLg/tmp//assembly_graph.gfa.unitigs --threads 10

Input dir: /var/folders/zg/vq0dnx517c54hg87dyqjky740000gn/T/.tmpMtxbLg/tmp/
Minimizer length: 15
Kminmer length: 81
Density: 0.005

Loading unitig sequences

Creating mContigs

Contig filename: /var/folders/zg/vq0dnx517c54hg87dyqjky740000gn/T/.tmpMtxbLg/tmp//assembly_graph.gfa.unitigs
pass done: 81
Multi-k pass: 82/204


metaMDBG graph /var/folders/zg/vq0dnx517c54hg87dyqjky740000gn/T/.tmpMtxbLg/tmp/ --threads 10 --corrected-read 

Contig filename: 
Output dir: /var/folders/zg/vq0dnx517c54hg87dyqjky740000gn/T/.tmpMtxbLg/tmp/
Minimizer length: 15
Kminmer length: 82
Density: 0.005
Min abundance: 0

Loading refined abundances
	Duration: 0
Collecting kminmers
Building mdbg
Duration: 0
Nb solid kminmers: 32965
Nb small contigs written: 0
Dump kminmer abundances
	Duration: 0
Indexing edges
Edge index size: 32970
Edge index elements: 59565
	Duration: 0
Compute unitig nodes
	Duration: 0
Index unitig edges
	Duration: 0
Compute unitig edges
	Duration: 0
Dump unitig abundances
	Duration: 0
Nb edges:   0


metaMDBG contig  /var/folders/zg/vq0dnx517c54hg87dyqjky740000gn/T/.tmpMtxbLg/tmp/ --threads 10

Input dir: /var/folders/zg/vq0dnx517c54hg87dyqjky740000gn/T/.tmpMtxbLg/tmp/
Minimizer length: 15
Kminmer length: 82
Density: 0.005

Loading unitig graph
Load unitigs
Nb unitigs: 839
Nb minimizers: 100924
Add unitig abundances
Sorting abundances
Add unitig edges
Nb unitig edges: 1674
Sorting unitig edges
Done loading unitig graph
Simplifying
Max abundance: 42
Nb unitigs: 839
Superbubble
Nb superbubble removed: 26 0 (0s)
Tip
Nb Tip removed: 261 (0s)
Superbubble
Nb superbubble removed: 76 0 (0s)
Tip
Nb Tip removed: 0 (0s)
Nb errors removed: 169 (0s)
Superbubble
Nb superbubble removed: 0 0 (0s)
Tip
Nb Tip removed: 0 (0s)
Nb errors removed: 62 (0s)
Superbubble
Nb superbubble removed: 4 0 (0s)
Tip
Nb Tip removed: 0 (0s)
Nb errors removed: 37 (0s)
Superbubble
Nb superbubble removed: 2 0 (0s)
Tip
Nb Tip removed: 0 (0s)
Nb errors removed: 24 (0s)
Superbubble
Nb superbubble removed: 0 0 (0s)
Tip
Nb Tip removed: 0 (0s)
Nb errors removed: 22 (0s)
Superbubble
Nb superbubble removed: 4 0 (0s)
Tip
Nb Tip removed: 0 (0s)
Nb errors removed: 17 (0s)
Superbubble
Nb superbubble removed: 0 0 (0s)
Tip
Nb Tip removed: 0 (0s)
Nb errors removed: 9 (0s)
Superbubble
Nb superbubble removed: 0 0 (0s)
Tip
Nb Tip removed: 0 (0s)
Nb errors removed: 6 (0s)
Superbubble
Nb superbubble removed: 0 0 (0s)
Tip
Nb Tip removed: 0 (0s)
Nb errors removed: 4 (0s)
Superbubble
Nb superbubble removed: 0 0 (0s)
Tip
Nb Tip removed: 0 (0s)
Nb errors removed: 5 (0s)
Superbubble
Nb superbubble removed: 0 0 (0s)
Tip
Nb Tip removed: 0 (0s)
Nb errors removed: 1 (0s)
Superbubble
Nb superbubble removed: 0 0 (0s)
Tip
Nb Tip removed: 0 (0s)
Nb errors removed: 1 (0s)
Superbubble
Nb superbubble removed: 0 0 (0s)
Tip
Nb Tip removed: 0 (0s)
Nb errors removed: 6 (0s)
Superbubble
Nb superbubble removed: 0 0 (0s)
Tip
Nb Tip removed: 0 (0s)
Nb errors removed: 1 (0s)
Superbubble
Nb superbubble removed: 0 0 (0s)
Tip
Nb Tip removed: 0 (0s)
Checksum: 0
Checksum abundnace: 0
Generating contigs
45.2593
28.1025
25.5477
23.2252
13.11
10.8347
9.84974
8.14028
7.40025
6.11591
5.05447
4.17725
3.13843
2.14359
0


metaMDBG toMinspace  /var/folders/zg/vq0dnx517c54hg87dyqjky740000gn/T/.tmpMtxbLg/tmp/ /var/folders/zg/vq0dnx517c54hg87dyqjky740000gn/T/.tmpMtxbLg/tmp//contigs.nodepath /var/folders/zg/vq0dnx517c54hg87dyqjky740000gn/T/.tmpMtxbLg/tmp//unitig_data.txt --threads 10

Input dir: /var/folders/zg/vq0dnx517c54hg87dyqjky740000gn/T/.tmpMtxbLg/tmp/
Minimizer length: 15
Kminmer length: 82
Density: 0.005

Loading unitig sequences

Creating mContigs

Contig filename: /var/folders/zg/vq0dnx517c54hg87dyqjky740000gn/T/.tmpMtxbLg/tmp//unitig_data.txt
pass done: 82
Multi-k pass: 83/204


metaMDBG graph /var/folders/zg/vq0dnx517c54hg87dyqjky740000gn/T/.tmpMtxbLg/tmp/ --threads 10 --corrected-read 

Contig filename: 
Output dir: /var/folders/zg/vq0dnx517c54hg87dyqjky740000gn/T/.tmpMtxbLg/tmp/
Minimizer length: 15
Kminmer length: 83
Density: 0.005
Min abundance: 0

Loading refined abundances
	Duration: 0
Collecting kminmers
Building mdbg
Duration: 0
Nb solid kminmers: 32956
Nb small contigs written: 0
Dump kminmer abundances
	Duration: 0
Indexing edges
Edge index size: 32961
Edge index elements: 59421
	Duration: 0
Compute unitig nodes
	Duration: 0
Index unitig edges
	Duration: 0
Compute unitig edges
	Duration: 0
Dump unitig abundances
	Duration: 0
Nb edges:   0


metaMDBG contig  /var/folders/zg/vq0dnx517c54hg87dyqjky740000gn/T/.tmpMtxbLg/tmp/ --threads 10

Input dir: /var/folders/zg/vq0dnx517c54hg87dyqjky740000gn/T/.tmpMtxbLg/tmp/
Minimizer length: 15
Kminmer length: 83
Density: 0.005

Loading unitig graph
Load unitigs
Nb unitigs: 831
Nb minimizers: 101098
Add unitig abundances
Sorting abundances
Add unitig edges
Nb unitig edges: 1656
Sorting unitig edges
Done loading unitig graph
Simplifying
Max abundance: 42
Nb unitigs: 831
Superbubble
Nb superbubble removed: 24 0 (0s)
Tip
Nb Tip removed: 256 (0s)
Superbubble
Nb superbubble removed: 78 0 (0s)
Tip
Nb Tip removed: 0 (0s)
Nb errors removed: 164 (0s)
Superbubble
Nb superbubble removed: 0 0 (0s)
Tip
Nb Tip removed: 0 (0s)
Nb errors removed: 62 (0s)
Superbubble
Nb superbubble removed: 4 0 (0s)
Tip
Nb Tip removed: 0 (0s)
Nb errors removed: 37 (0s)
Superbubble
Nb superbubble removed: 2 0 (0s)
Tip
Nb Tip removed: 0 (0s)
Nb errors removed: 24 (0s)
Superbubble
Nb superbubble removed: 0 0 (0s)
Tip
Nb Tip removed: 0 (0s)
Nb errors removed: 22 (0s)
Superbubble
Nb superbubble removed: 4 0 (0s)
Tip
Nb Tip removed: 0 (0s)
Nb errors removed: 17 (0s)
Superbubble
Nb superbubble removed: 0 0 (0s)
Tip
Nb Tip removed: 0 (0s)
Nb errors removed: 9 (0s)
Superbubble
Nb superbubble removed: 0 0 (0s)
Tip
Nb Tip removed: 0 (0s)
Nb errors removed: 6 (0s)
Superbubble
Nb superbubble removed: 0 0 (0s)
Tip
Nb Tip removed: 0 (0s)
Nb errors removed: 4 (0s)
Superbubble
Nb superbubble removed: 0 0 (0s)
Tip
Nb Tip removed: 0 (0s)
Nb errors removed: 5 (0s)
Superbubble
Nb superbubble removed: 0 0 (0s)
Tip
Nb Tip removed: 0 (0s)
Nb errors removed: 1 (0s)
Superbubble
Nb superbubble removed: 0 0 (0s)
Tip
Nb Tip removed: 0 (0s)
Nb errors removed: 1 (0s)
Superbubble
Nb superbubble removed: 0 0 (0s)
Tip
Nb Tip removed: 0 (0s)
Nb errors removed: 6 (0s)
Superbubble
Nb superbubble removed: 0 0 (0s)
Tip
Nb Tip removed: 0 (0s)
Nb errors removed: 1 (0s)
Superbubble
Nb superbubble removed: 0 0 (0s)
Tip
Nb Tip removed: 0 (0s)
Checksum: 0
Checksum abundnace: 0
Generating contigs
45.2593
28.1025
25.5477
23.2252
13.11
10.8347
9.84974
8.14028
7.40025
6.11591
5.05447
4.17725
3.13843
2.14359
0


metaMDBG toMinspace  /var/folders/zg/vq0dnx517c54hg87dyqjky740000gn/T/.tmpMtxbLg/tmp/ /var/folders/zg/vq0dnx517c54hg87dyqjky740000gn/T/.tmpMtxbLg/tmp//contigs.nodepath /var/folders/zg/vq0dnx517c54hg87dyqjky740000gn/T/.tmpMtxbLg/tmp//unitig_data.txt --threads 10

Input dir: /var/folders/zg/vq0dnx517c54hg87dyqjky740000gn/T/.tmpMtxbLg/tmp/
Minimizer length: 15
Kminmer length: 83
Density: 0.005

Loading unitig sequences

Creating mContigs

Contig filename: /var/folders/zg/vq0dnx517c54hg87dyqjky740000gn/T/.tmpMtxbLg/tmp//unitig_data.txt
pass done: 83
Multi-k pass: 84/204


metaMDBG graph /var/folders/zg/vq0dnx517c54hg87dyqjky740000gn/T/.tmpMtxbLg/tmp/ --threads 10 --corrected-read 

Contig filename: 
Output dir: /var/folders/zg/vq0dnx517c54hg87dyqjky740000gn/T/.tmpMtxbLg/tmp/
Minimizer length: 15
Kminmer length: 84
Density: 0.005
Min abundance: 0

Loading refined abundances
	Duration: 0
Collecting kminmers
Building mdbg
Duration: 0
Nb solid kminmers: 32944
Nb small contigs written: 0
Dump kminmer abundances
	Duration: 0
Indexing edges
Edge index size: 32952
Edge index elements: 59515
	Duration: 0
Compute unitig nodes
	Duration: 0
Index unitig edges
	Duration: 0
Compute unitig edges
	Duration: 0
Dump unitig abundances
	Duration: 0
Nb edges:   0


metaMDBG contig  /var/folders/zg/vq0dnx517c54hg87dyqjky740000gn/T/.tmpMtxbLg/tmp/ --threads 10

Input dir: /var/folders/zg/vq0dnx517c54hg87dyqjky740000gn/T/.tmpMtxbLg/tmp/
Minimizer length: 15
Kminmer length: 84
Density: 0.005

Loading unitig graph
Load unitigs
Nb unitigs: 818
Nb minimizers: 100838
Add unitig abundances
Sorting abundances
Add unitig edges
Nb unitig edges: 1624
Sorting unitig edges
Done loading unitig graph
Simplifying
Max abundance: 42
Nb unitigs: 818
Superbubble
Nb superbubble removed: 24 0 (0s)
Tip
Nb Tip removed: 252 (0s)
Superbubble
Nb superbubble removed: 76 0 (0s)
Tip
Nb Tip removed: 0 (0s)
Nb errors removed: 160 (0s)
Superbubble
Nb superbubble removed: 0 0 (0s)
Tip
Nb Tip removed: 0 (0s)
Nb errors removed: 61 (0s)
Superbubble
Nb superbubble removed: 4 0 (0s)
Tip
Nb Tip removed: 0 (0s)
Nb errors removed: 36 (0s)
Superbubble
Nb superbubble removed: 2 0 (0s)
Tip
Nb Tip removed: 0 (0s)
Nb errors removed: 24 (0s)
Superbubble
Nb superbubble removed: 0 0 (0s)
Tip
Nb Tip removed: 0 (0s)
Nb errors removed: 23 (0s)
Superbubble
Nb superbubble removed: 0 0 (0s)
Tip
Nb Tip removed: 0 (0s)
Nb errors removed: 17 (0s)
Superbubble
Nb superbubble removed: 0 0 (0s)
Tip
Nb Tip removed: 0 (0s)
Nb errors removed: 9 (0s)
Superbubble
Nb superbubble removed: 0 0 (0s)
Tip
Nb Tip removed: 0 (0s)
Nb errors removed: 6 (0s)
Superbubble
Nb superbubble removed: 0 0 (0s)
Tip
Nb Tip removed: 0 (0s)
Nb errors removed: 4 (0s)
Superbubble
Nb superbubble removed: 0 0 (0s)
Tip
Nb Tip removed: 0 (0s)
Nb errors removed: 2 (0s)
Superbubble
Nb superbubble removed: 0 0 (0s)
Tip
Nb Tip removed: 0 (0s)
Nb errors removed: 5 (0s)
Superbubble
Nb superbubble removed: 0 0 (0s)
Tip
Nb Tip removed: 0 (0s)
Nb errors removed: 1 (0s)
Superbubble
Nb superbubble removed: 0 0 (0s)
Tip
Nb Tip removed: 0 (0s)
Nb errors removed: 1 (0s)
Superbubble
Nb superbubble removed: 0 0 (0s)
Tip
Nb Tip removed: 0 (0s)
Nb errors removed: 6 (0s)
Superbubble
Nb superbubble removed: 0 0 (0s)
Tip
Nb Tip removed: 0 (0s)
Nb errors removed: 1 (0s)
Superbubble
Nb superbubble removed: 0 0 (0s)
Tip
Nb Tip removed: 0 (0s)
Checksum: 0
Checksum abundnace: 0
Generating contigs
45.2593
28.1025
25.5477
23.2252
13.11
11.9182
10.8347
9.84974
8.14028
7.40025
6.11591
5.05447
4.17725
3.13843
2.14359
0


metaMDBG toMinspace  /var/folders/zg/vq0dnx517c54hg87dyqjky740000gn/T/.tmpMtxbLg/tmp/ /var/folders/zg/vq0dnx517c54hg87dyqjky740000gn/T/.tmpMtxbLg/tmp//contigs.nodepath /var/folders/zg/vq0dnx517c54hg87dyqjky740000gn/T/.tmpMtxbLg/tmp//unitig_data.txt --threads 10

Input dir: /var/folders/zg/vq0dnx517c54hg87dyqjky740000gn/T/.tmpMtxbLg/tmp/
Minimizer length: 15
Kminmer length: 84
Density: 0.005

Loading unitig sequences

Creating mContigs

Contig filename: /var/folders/zg/vq0dnx517c54hg87dyqjky740000gn/T/.tmpMtxbLg/tmp//unitig_data.txt
pass done: 84
Multi-k pass: 85/204


metaMDBG graph /var/folders/zg/vq0dnx517c54hg87dyqjky740000gn/T/.tmpMtxbLg/tmp/ --threads 10 --corrected-read 

Contig filename: 
Output dir: /var/folders/zg/vq0dnx517c54hg87dyqjky740000gn/T/.tmpMtxbLg/tmp/
Minimizer length: 15
Kminmer length: 85
Density: 0.005
Min abundance: 0

Loading refined abundances
	Duration: 0
Collecting kminmers
Building mdbg
Duration: 0
Nb solid kminmers: 32932
Nb small contigs written: 0
Dump kminmer abundances
	Duration: 0
Indexing edges
Edge index size: 32937
Edge index elements: 59742
	Duration: 0
Compute unitig nodes
	Duration: 0
Index unitig edges
	Duration: 0
Compute unitig edges
	Duration: 0
Dump unitig abundances
	Duration: 0
Nb edges:   0


metaMDBG contig  /var/folders/zg/vq0dnx517c54hg87dyqjky740000gn/T/.tmpMtxbLg/tmp/ --threads 10

Input dir: /var/folders/zg/vq0dnx517c54hg87dyqjky740000gn/T/.tmpMtxbLg/tmp/
Minimizer length: 15
Kminmer length: 85
Density: 0.005

Loading unitig graph
Load unitigs
Nb unitigs: 809
Nb minimizers: 100888
Add unitig abundances
Sorting abundances
Add unitig edges
Nb unitig edges: 1612
Sorting unitig edges
Done loading unitig graph
Simplifying
Max abundance: 42
Nb unitigs: 809
Superbubble
Nb superbubble removed: 24 0 (0s)
Tip
Nb Tip removed: 255 (0s)
Superbubble
Nb superbubble removed: 72 0 (0s)
Tip
Nb Tip removed: 0 (0s)
Nb errors removed: 156 (0s)
Superbubble
Nb superbubble removed: 0 0 (0s)
Tip
Nb Tip removed: 0 (0s)
Nb errors removed: 59 (0s)
Superbubble
Nb superbubble removed: 4 0 (0s)
Tip
Nb Tip removed: 0 (0s)
Nb errors removed: 36 (0s)
Superbubble
Nb superbubble removed: 2 0 (0s)
Tip
Nb Tip removed: 0 (0s)
Nb errors removed: 26 (0s)
Superbubble
Nb superbubble removed: 0 0 (0s)
Tip
Nb Tip removed: 0 (0s)
Nb errors removed: 22 (0s)
Superbubble
Nb superbubble removed: 2 0 (0s)
Tip
Nb Tip removed: 0 (0s)
Nb errors removed: 17 (0s)
Superbubble
Nb superbubble removed: 0 0 (0s)
Tip
Nb Tip removed: 0 (0s)
Nb errors removed: 9 (0s)
Superbubble
Nb superbubble removed: 0 0 (0s)
Tip
Nb Tip removed: 0 (0s)
Nb errors removed: 6 (0s)
Superbubble
Nb superbubble removed: 0 0 (0s)
Tip
Nb Tip removed: 0 (0s)
Nb errors removed: 5 (0s)
Superbubble
Nb superbubble removed: 4 0 (0s)
Tip
Nb Tip removed: 0 (0s)
Nb errors removed: 1 (0s)
Superbubble
Nb superbubble removed: 0 0 (0s)
Tip
Nb Tip removed: 0 (0s)
Nb errors removed: 5 (0s)
Superbubble
Nb superbubble removed: 0 0 (0s)
Tip
Nb Tip removed: 0 (0s)
Nb errors removed: 1 (0s)
Superbubble
Nb superbubble removed: 0 0 (0s)
Tip
Nb Tip removed: 0 (0s)
Nb errors removed: 1 (0s)
Superbubble
Nb superbubble removed: 0 0 (0s)
Tip
Nb Tip removed: 0 (0s)
Nb errors removed: 5 (0s)
Superbubble
Nb superbubble removed: 0 0 (0s)
Tip
Nb Tip removed: 0 (0s)
Nb errors removed: 1 (0s)
Superbubble
Nb superbubble removed: 0 0 (0s)
Tip
Nb Tip removed: 0 (0s)
Checksum: 0
Checksum abundnace: 0
Generating contigs
45.2593
28.1025
25.5477
23.2252
13.11
11.9182
10.8347
9.84974
8.14028
7.40025
6.11591
5.05447
4.17725
3.13843
2.14359
0


metaMDBG toMinspace  /var/folders/zg/vq0dnx517c54hg87dyqjky740000gn/T/.tmpMtxbLg/tmp/ /var/folders/zg/vq0dnx517c54hg87dyqjky740000gn/T/.tmpMtxbLg/tmp//contigs.nodepath /var/folders/zg/vq0dnx517c54hg87dyqjky740000gn/T/.tmpMtxbLg/tmp//unitig_data.txt --threads 10

Input dir: /var/folders/zg/vq0dnx517c54hg87dyqjky740000gn/T/.tmpMtxbLg/tmp/
Minimizer length: 15
Kminmer length: 85
Density: 0.005

Loading unitig sequences

Creating mContigs

Contig filename: /var/folders/zg/vq0dnx517c54hg87dyqjky740000gn/T/.tmpMtxbLg/tmp//unitig_data.txt
pass done: 85
Multi-k pass: 86/204


metaMDBG graph /var/folders/zg/vq0dnx517c54hg87dyqjky740000gn/T/.tmpMtxbLg/tmp/ --threads 10 --corrected-read 

Contig filename: 
Output dir: /var/folders/zg/vq0dnx517c54hg87dyqjky740000gn/T/.tmpMtxbLg/tmp/
Minimizer length: 15
Kminmer length: 86
Density: 0.005
Min abundance: 0

Loading refined abundances
	Duration: 0
Collecting kminmers
Building mdbg
Duration: 0
Nb solid kminmers: 32923
Nb small contigs written: 0
Dump kminmer abundances
	Duration: 0
Indexing edges
Edge index size: 32929
Edge index elements: 59701
	Duration: 0
Compute unitig nodes
	Duration: 0
Index unitig edges
	Duration: 0
Compute unitig edges
	Duration: 0
Dump unitig abundances
	Duration: 0
Nb edges:   0


metaMDBG contig  /var/folders/zg/vq0dnx517c54hg87dyqjky740000gn/T/.tmpMtxbLg/tmp/ --threads 10

Input dir: /var/folders/zg/vq0dnx517c54hg87dyqjky740000gn/T/.tmpMtxbLg/tmp/
Minimizer length: 15
Kminmer length: 86
Density: 0.005

Loading unitig graph
Load unitigs
Nb unitigs: 801
Nb minimizers: 101008
Add unitig abundances
Sorting abundances
Add unitig edges
Nb unitig edges: 1596
Sorting unitig edges
Done loading unitig graph
Simplifying
Max abundance: 42
Nb unitigs: 801
Superbubble
Nb superbubble removed: 24 0 (0s)
Tip
Nb Tip removed: 251 (0s)
Superbubble
Nb superbubble removed: 72 0 (0s)
Tip
Nb Tip removed: 0 (0s)
Nb errors removed: 153 (0s)
Superbubble
Nb superbubble removed: 0 0 (0s)
Tip
Nb Tip removed: 0 (0s)
Nb errors removed: 59 (0s)
Superbubble
Nb superbubble removed: 2 0 (0s)
Tip
Nb Tip removed: 0 (0s)
Nb errors removed: 37 (0s)
Superbubble
Nb superbubble removed: 4 0 (0s)
Tip
Nb Tip removed: 0 (0s)
Nb errors removed: 26 (0s)
Superbubble
Nb superbubble removed: 0 0 (0s)
Tip
Nb Tip removed: 0 (0s)
Nb errors removed: 22 (0s)
Superbubble
Nb superbubble removed: 2 0 (0s)
Tip
Nb Tip removed: 0 (0s)
Nb errors removed: 16 (0s)
Superbubble
Nb superbubble removed: 0 0 (0s)
Tip
Nb Tip removed: 0 (0s)
Nb errors removed: 9 (0s)
Superbubble
Nb superbubble removed: 0 0 (0s)
Tip
Nb Tip removed: 0 (0s)
Nb errors removed: 6 (0s)
Superbubble
Nb superbubble removed: 0 0 (0s)
Tip
Nb Tip removed: 0 (0s)
Nb errors removed: 5 (0s)
Superbubble
Nb superbubble removed: 4 0 (0s)
Tip
Nb Tip removed: 0 (0s)
Nb errors removed: 1 (0s)
Superbubble
Nb superbubble removed: 0 0 (0s)
Tip
Nb Tip removed: 0 (0s)
Nb errors removed: 5 (0s)
Superbubble
Nb superbubble removed: 0 0 (0s)
Tip
Nb Tip removed: 0 (0s)
Nb errors removed: 1 (0s)
Superbubble
Nb superbubble removed: 0 0 (0s)
Tip
Nb Tip removed: 0 (0s)
Nb errors removed: 1 (0s)
Superbubble
Nb superbubble removed: 0 0 (0s)
Tip
Nb Tip removed: 0 (0s)
Nb errors removed: 5 (0s)
Superbubble
Nb superbubble removed: 0 0 (0s)
Tip
Nb Tip removed: 0 (0s)
Nb errors removed: 1 (0s)
Superbubble
Nb superbubble removed: 0 0 (0s)
Tip
Nb Tip removed: 0 (0s)
Checksum: 0
Checksum abundnace: 0
Generating contigs
45.2593
28.1025
25.5477
23.2252
13.11
11.9182
10.8347
9.84974
8.14028
7.40025
6.11591
5.05447
4.17725
3.13843
2.14359
0


metaMDBG toMinspace  /var/folders/zg/vq0dnx517c54hg87dyqjky740000gn/T/.tmpMtxbLg/tmp/ /var/folders/zg/vq0dnx517c54hg87dyqjky740000gn/T/.tmpMtxbLg/tmp//contigs.nodepath /var/folders/zg/vq0dnx517c54hg87dyqjky740000gn/T/.tmpMtxbLg/tmp//unitig_data.txt --threads 10

Input dir: /var/folders/zg/vq0dnx517c54hg87dyqjky740000gn/T/.tmpMtxbLg/tmp/
Minimizer length: 15
Kminmer length: 86
Density: 0.005

Loading unitig sequences

Creating mContigs

Contig filename: /var/folders/zg/vq0dnx517c54hg87dyqjky740000gn/T/.tmpMtxbLg/tmp//unitig_data.txt
pass done: 86
Multi-k pass: 87/204


metaMDBG graph /var/folders/zg/vq0dnx517c54hg87dyqjky740000gn/T/.tmpMtxbLg/tmp/ --threads 10 --corrected-read 

Contig filename: 
Output dir: /var/folders/zg/vq0dnx517c54hg87dyqjky740000gn/T/.tmpMtxbLg/tmp/
Minimizer length: 15
Kminmer length: 87
Density: 0.005
Min abundance: 0

Loading refined abundances
	Duration: 0
Collecting kminmers
Building mdbg
Duration: 0
Nb solid kminmers: 32914
Nb small contigs written: 0
Dump kminmer abundances
	Duration: 0
Indexing edges
Edge index size: 32920
Edge index elements: 59369
	Duration: 0
Compute unitig nodes
	Duration: 0
Index unitig edges
	Duration: 0
Compute unitig edges
	Duration: 0
Dump unitig abundances
	Duration: 0
Nb edges:   0


metaMDBG contig  /var/folders/zg/vq0dnx517c54hg87dyqjky740000gn/T/.tmpMtxbLg/tmp/ --threads 10

Input dir: /var/folders/zg/vq0dnx517c54hg87dyqjky740000gn/T/.tmpMtxbLg/tmp/
Minimizer length: 15
Kminmer length: 87
Density: 0.005

Loading unitig graph
Load unitigs
Nb unitigs: 795
Nb minimizers: 101284
Add unitig abundances
Sorting abundances
Add unitig edges
Nb unitig edges: 1586
Sorting unitig edges
Done loading unitig graph
Simplifying
Max abundance: 42
Nb unitigs: 795
Superbubble
Nb superbubble removed: 24 0 (0s)
Tip
Nb Tip removed: 252 (0s)
Superbubble
Nb superbubble removed: 72 0 (0s)
Tip
Nb Tip removed: 0 (0s)
Nb errors removed: 150 (0s)
Superbubble
Nb superbubble removed: 0 0 (0s)
Tip
Nb Tip removed: 0 (0s)
Nb errors removed: 60 (0s)
Superbubble
Nb superbubble removed: 0 0 (0s)
Tip
Nb Tip removed: 1 (0s)
Superbubble
Nb superbubble removed: 2 0 (0s)
Tip
Nb Tip removed: 0 (0s)
Nb errors removed: 37 (0s)
Superbubble
Nb superbubble removed: 4 0 (0s)
Tip
Nb Tip removed: 0 (0s)
Nb errors removed: 27 (0s)
Superbubble
Nb superbubble removed: 0 0 (0s)
Tip
Nb Tip removed: 0 (0s)
Nb errors removed: 23 (0s)
Superbubble
Nb superbubble removed: 2 0 (0s)
Tip
Nb Tip removed: 0 (0s)
Nb errors removed: 16 (0s)
Superbubble
Nb superbubble removed: 0 0 (0s)
Tip
Nb Tip removed: 0 (0s)
Nb errors removed: 9 (0s)
Superbubble
Nb superbubble removed: 0 0 (0s)
Tip
Nb Tip removed: 0 (0s)
Nb errors removed: 7 (0s)
Superbubble
Nb superbubble removed: 0 0 (0s)
Tip
Nb Tip removed: 0 (0s)
Nb errors removed: 4 (0s)
Superbubble
Nb superbubble removed: 0 0 (0s)
Tip
Nb Tip removed: 0 (0s)
Nb errors removed: 1 (0s)
Superbubble
Nb superbubble removed: 0 0 (0s)
Tip
Nb Tip removed: 0 (0s)
Nb errors removed: 5 (0s)
Superbubble
Nb superbubble removed: 0 0 (0s)
Tip
Nb Tip removed: 0 (0s)
Nb errors removed: 1 (0s)
Superbubble
Nb superbubble removed: 0 0 (0s)
Tip
Nb Tip removed: 0 (0s)
Nb errors removed: 1 (0s)
Superbubble
Nb superbubble removed: 0 0 (0s)
Tip
Nb Tip removed: 0 (0s)
Nb errors removed: 1 (0s)
Superbubble
Nb superbubble removed: 0 0 (0s)
Tip
Nb Tip removed: 0 (0s)
Nb errors removed: 7 (0s)
Superbubble
Nb superbubble removed: 0 0 (0s)
Tip
Nb Tip removed: 0 (0s)
Nb errors removed: 1 (0s)
Superbubble
Nb superbubble removed: 0 0 (0s)
Tip
Nb Tip removed: 0 (0s)
Checksum: 0
Checksum abundnace: 0
Generating contigs
45.2593
28.1025
25.5477
23.2252
15.8631
13.11
11.9182
10.8347
9.84974
8.14028
7.40025
6.11591
5.05447
4.17725
3.13843
2.14359
0


metaMDBG toMinspace  /var/folders/zg/vq0dnx517c54hg87dyqjky740000gn/T/.tmpMtxbLg/tmp/ /var/folders/zg/vq0dnx517c54hg87dyqjky740000gn/T/.tmpMtxbLg/tmp//contigs.nodepath /var/folders/zg/vq0dnx517c54hg87dyqjky740000gn/T/.tmpMtxbLg/tmp//unitig_data.txt --threads 10

Input dir: /var/folders/zg/vq0dnx517c54hg87dyqjky740000gn/T/.tmpMtxbLg/tmp/
Minimizer length: 15
Kminmer length: 87
Density: 0.005

Loading unitig sequences

Creating mContigs

Contig filename: /var/folders/zg/vq0dnx517c54hg87dyqjky740000gn/T/.tmpMtxbLg/tmp//unitig_data.txt
pass done: 87
Multi-k pass: 88/204


metaMDBG graph /var/folders/zg/vq0dnx517c54hg87dyqjky740000gn/T/.tmpMtxbLg/tmp/ --threads 10 --corrected-read 

Contig filename: 
Output dir: /var/folders/zg/vq0dnx517c54hg87dyqjky740000gn/T/.tmpMtxbLg/tmp/
Minimizer length: 15
Kminmer length: 88
Density: 0.005
Min abundance: 0

Loading refined abundances
	Duration: 0
Collecting kminmers
Building mdbg
Duration: 0
Nb solid kminmers: 32901
Nb small contigs written: 0
Dump kminmer abundances
	Duration: 0
Indexing edges
Edge index size: 32911
Edge index elements: 59664
	Duration: 0
Compute unitig nodes
	Duration: 0
Index unitig edges
	Duration: 0
Compute unitig edges
	Duration: 0
Dump unitig abundances
	Duration: 0
Nb edges:   0


metaMDBG contig  /var/folders/zg/vq0dnx517c54hg87dyqjky740000gn/T/.tmpMtxbLg/tmp/ --threads 10

Input dir: /var/folders/zg/vq0dnx517c54hg87dyqjky740000gn/T/.tmpMtxbLg/tmp/
Minimizer length: 15
Kminmer length: 88
Density: 0.005

Loading unitig graph
Load unitigs
Nb unitigs: 787
Nb minimizers: 101370
Add unitig abundances
Sorting abundances
Add unitig edges
Nb unitig edges: 1556
Sorting unitig edges
Done loading unitig graph
Simplifying
Max abundance: 42
Nb unitigs: 787
Superbubble
Nb superbubble removed: 26 0 (0s)
Tip
Nb Tip removed: 253 (0s)
Superbubble
Nb superbubble removed: 66 0 (0s)
Tip
Nb Tip removed: 0 (0s)
Nb errors removed: 148 (0s)
Superbubble
Nb superbubble removed: 0 0 (0s)
Tip
Nb Tip removed: 0 (0s)
Nb errors removed: 61 (0s)
Superbubble
Nb superbubble removed: 0 0 (0s)
Tip
Nb Tip removed: 1 (0s)
Superbubble
Nb superbubble removed: 2 0 (0s)
Tip
Nb Tip removed: 0 (0s)
Nb errors removed: 37 (0s)
Superbubble
Nb superbubble removed: 4 0 (0s)
Tip
Nb Tip removed: 0 (0s)
Nb errors removed: 27 (0s)
Superbubble
Nb superbubble removed: 0 0 (0s)
Tip
Nb Tip removed: 0 (0s)
Nb errors removed: 23 (0s)
Superbubble
Nb superbubble removed: 2 0 (0s)
Tip
Nb Tip removed: 0 (0s)
Nb errors removed: 15 (0s)
Superbubble
Nb superbubble removed: 0 0 (0s)
Tip
Nb Tip removed: 0 (0s)
Nb errors removed: 10 (0s)
Superbubble
Nb superbubble removed: 0 0 (0s)
Tip
Nb Tip removed: 0 (0s)
Nb errors removed: 9 (0s)
Superbubble
Nb superbubble removed: 0 0 (0s)
Tip
Nb Tip removed: 1 (0s)
Superbubble
Nb superbubble removed: 0 0 (0s)
Tip
Nb Tip removed: 0 (0s)
Nb errors removed: 4 (0s)
Superbubble
Nb superbubble removed: 0 0 (0s)
Tip
Nb Tip removed: 0 (0s)
Nb errors removed: 2 (0s)
Superbubble
Nb superbubble removed: 0 0 (0s)
Tip
Nb Tip removed: 0 (0s)
Nb errors removed: 5 (0s)
Superbubble
Nb superbubble removed: 0 0 (0s)
Tip
Nb Tip removed: 0 (0s)
Nb errors removed: 1 (0s)
Superbubble
Nb superbubble removed: 0 0 (0s)
Tip
Nb Tip removed: 0 (0s)
Nb errors removed: 1 (0s)
Superbubble
Nb superbubble removed: 0 0 (0s)
Tip
Nb Tip removed: 0 (0s)
Nb errors removed: 1 (0s)
Superbubble
Nb superbubble removed: 0 0 (0s)
Tip
Nb Tip removed: 0 (0s)
Nb errors removed: 7 (0s)
Superbubble
Nb superbubble removed: 0 0 (0s)
Tip
Nb Tip removed: 0 (0s)
Nb errors removed: 1 (0s)
Superbubble
Nb superbubble removed: 0 0 (0s)
Tip
Nb Tip removed: 0 (0s)
Checksum: 0
Checksum abundnace: 0
Generating contigs
45.2593
28.1025
25.5477
23.2252
15.8631
13.11
11.9182
10.8347
9.84974
8.14028
7.40025
6.11591
5.05447
4.17725
3.13843
2.14359
0


metaMDBG toMinspace  /var/folders/zg/vq0dnx517c54hg87dyqjky740000gn/T/.tmpMtxbLg/tmp/ /var/folders/zg/vq0dnx517c54hg87dyqjky740000gn/T/.tmpMtxbLg/tmp//contigs.nodepath /var/folders/zg/vq0dnx517c54hg87dyqjky740000gn/T/.tmpMtxbLg/tmp//unitig_data.txt --threads 10

Input dir: /var/folders/zg/vq0dnx517c54hg87dyqjky740000gn/T/.tmpMtxbLg/tmp/
Minimizer length: 15
Kminmer length: 88
Density: 0.005

Loading unitig sequences

Creating mContigs

Contig filename: /var/folders/zg/vq0dnx517c54hg87dyqjky740000gn/T/.tmpMtxbLg/tmp//unitig_data.txt
pass done: 88
Multi-k pass: 89/204


metaMDBG graph /var/folders/zg/vq0dnx517c54hg87dyqjky740000gn/T/.tmpMtxbLg/tmp/ --threads 10 --corrected-read 

Contig filename: 
Output dir: /var/folders/zg/vq0dnx517c54hg87dyqjky740000gn/T/.tmpMtxbLg/tmp/
Minimizer length: 15
Kminmer length: 89
Density: 0.005
Min abundance: 0

Loading refined abundances
	Duration: 0
Collecting kminmers
Building mdbg
Duration: 0
Nb solid kminmers: 32847
Nb small contigs written: 0
Dump kminmer abundances
	Duration: 0
Indexing edges
Edge index size: 32859
Edge index elements: 59486
	Duration: 0
Compute unitig nodes
	Duration: 0
Index unitig edges
	Duration: 0
Compute unitig edges
	Duration: 0
Dump unitig abundances
	Duration: 0
Nb edges:   0


metaMDBG contig  /var/folders/zg/vq0dnx517c54hg87dyqjky740000gn/T/.tmpMtxbLg/tmp/ --threads 10

Input dir: /var/folders/zg/vq0dnx517c54hg87dyqjky740000gn/T/.tmpMtxbLg/tmp/
Minimizer length: 15
Kminmer length: 89
Density: 0.005

Loading unitig graph
Load unitigs
Nb unitigs: 784
Nb minimizers: 101839
Add unitig abundances
Sorting abundances
Add unitig edges
Nb unitig edges: 1544
Sorting unitig edges
Done loading unitig graph
Simplifying
Max abundance: 42
Nb unitigs: 784
Superbubble
Nb superbubble removed: 26 0 (0s)
Tip
Nb Tip removed: 254 (0s)
Superbubble
Nb superbubble removed: 66 0 (0s)
Tip
Nb Tip removed: 0 (0s)
Nb errors removed: 146 (0s)
Superbubble
Nb superbubble removed: 0 0 (0s)
Tip
Nb Tip removed: 0 (0s)
Nb errors removed: 60 (0s)
Superbubble
Nb superbubble removed: 0 0 (0s)
Tip
Nb Tip removed: 1 (0s)
Superbubble
Nb superbubble removed: 2 0 (0s)
Tip
Nb Tip removed: 0 (0s)
Nb errors removed: 37 (0s)
Superbubble
Nb superbubble removed: 4 0 (0s)
Tip
Nb Tip removed: 0 (0s)
Nb errors removed: 27 (0s)
Superbubble
Nb superbubble removed: 0 0 (0s)
Tip
Nb Tip removed: 0 (0s)
Nb errors removed: 23 (0s)
Superbubble
Nb superbubble removed: 2 0 (0s)
Tip
Nb Tip removed: 0 (0s)
Nb errors removed: 17 (0s)
Superbubble
Nb superbubble removed: 0 0 (0s)
Tip
Nb Tip removed: 0 (0s)
Nb errors removed: 10 (0s)
Superbubble
Nb superbubble removed: 0 0 (0s)
Tip
Nb Tip removed: 0 (0s)
Nb errors removed: 9 (0s)
Superbubble
Nb superbubble removed: 0 0 (0s)
Tip
Nb Tip removed: 1 (0s)
Superbubble
Nb superbubble removed: 0 0 (0s)
Tip
Nb Tip removed: 0 (0s)
Nb errors removed: 4 (0s)
Superbubble
Nb superbubble removed: 0 0 (0s)
Tip
Nb Tip removed: 0 (0s)
Nb errors removed: 2 (0s)
Superbubble
Nb superbubble removed: 0 0 (0s)
Tip
Nb Tip removed: 0 (0s)
Nb errors removed: 5 (0s)
Superbubble
Nb superbubble removed: 0 0 (0s)
Tip
Nb Tip removed: 0 (0s)
Nb errors removed: 1 (0s)
Superbubble
Nb superbubble removed: 0 0 (0s)
Tip
Nb Tip removed: 0 (0s)
Nb errors removed: 1 (0s)
Superbubble
Nb superbubble removed: 0 0 (0s)
Tip
Nb Tip removed: 0 (0s)
Nb errors removed: 1 (0s)
Superbubble
Nb superbubble removed: 0 0 (0s)
Tip
Nb Tip removed: 0 (0s)
Nb errors removed: 7 (0s)
Superbubble
Nb superbubble removed: 0 0 (0s)
Tip
Nb Tip removed: 0 (0s)
Nb errors removed: 1 (0s)
Superbubble
Nb superbubble removed: 0 0 (0s)
Tip
Nb Tip removed: 0 (0s)
Checksum: 0
Checksum abundnace: 0
Generating contigs
45.2593
28.1025
25.5477
23.2252
15.8631
13.11
11.9182
10.8347
9.84974
8.14028
7.40025
6.11591
5.05447
4.17725
3.13843
2.14359
0


metaMDBG toMinspace  /var/folders/zg/vq0dnx517c54hg87dyqjky740000gn/T/.tmpMtxbLg/tmp/ /var/folders/zg/vq0dnx517c54hg87dyqjky740000gn/T/.tmpMtxbLg/tmp//contigs.nodepath /var/folders/zg/vq0dnx517c54hg87dyqjky740000gn/T/.tmpMtxbLg/tmp//unitig_data.txt --threads 10

Input dir: /var/folders/zg/vq0dnx517c54hg87dyqjky740000gn/T/.tmpMtxbLg/tmp/
Minimizer length: 15
Kminmer length: 89
Density: 0.005

Loading unitig sequences

Creating mContigs

Contig filename: /var/folders/zg/vq0dnx517c54hg87dyqjky740000gn/T/.tmpMtxbLg/tmp//unitig_data.txt
pass done: 89
Multi-k pass: 90/204


metaMDBG graph /var/folders/zg/vq0dnx517c54hg87dyqjky740000gn/T/.tmpMtxbLg/tmp/ --threads 10 --corrected-read 

Contig filename: 
Output dir: /var/folders/zg/vq0dnx517c54hg87dyqjky740000gn/T/.tmpMtxbLg/tmp/
Minimizer length: 15
Kminmer length: 90
Density: 0.005
Min abundance: 0

Loading refined abundances
	Duration: 0
Collecting kminmers
Building mdbg
Duration: 0
Nb solid kminmers: 32833
Nb small contigs written: 0
Dump kminmer abundances
	Duration: 0
Indexing edges
Edge index size: 32846
Edge index elements: 59437
	Duration: 0
Compute unitig nodes
	Duration: 0
Index unitig edges
	Duration: 0
Compute unitig edges
	Duration: 0
Dump unitig abundances
	Duration: 0
Nb edges:   0


metaMDBG contig  /var/folders/zg/vq0dnx517c54hg87dyqjky740000gn/T/.tmpMtxbLg/tmp/ --threads 10

Input dir: /var/folders/zg/vq0dnx517c54hg87dyqjky740000gn/T/.tmpMtxbLg/tmp/
Minimizer length: 15
Kminmer length: 90
Density: 0.005

Loading unitig graph
Load unitigs
Nb unitigs: 779
Nb minimizers: 102164
Add unitig abundances
Sorting abundances
Add unitig edges
Nb unitig edges: 1536
Sorting unitig edges
Done loading unitig graph
Simplifying
Max abundance: 42
Nb unitigs: 779
Superbubble
Nb superbubble removed: 26 0 (0s)
Tip
Nb Tip removed: 254 (0s)
Superbubble
Nb superbubble removed: 64 0 (0s)
Tip
Nb Tip removed: 0 (0s)
Nb errors removed: 145 (0s)
Superbubble
Nb superbubble removed: 0 0 (0s)
Tip
Nb Tip removed: 0 (0s)
Nb errors removed: 60 (0s)
Superbubble
Nb superbubble removed: 0 0 (0s)
Tip
Nb Tip removed: 1 (0s)
Superbubble
Nb superbubble removed: 2 0 (0s)
Tip
Nb Tip removed: 0 (0s)
Nb errors removed: 37 (0s)
Superbubble
Nb superbubble removed: 4 0 (0s)
Tip
Nb Tip removed: 0 (0s)
Nb errors removed: 27 (0s)
Superbubble
Nb superbubble removed: 0 0 (0s)
Tip
Nb Tip removed: 0 (0s)
Nb errors removed: 23 (0s)
Superbubble
Nb superbubble removed: 2 0 (0s)
Tip
Nb Tip removed: 0 (0s)
Nb errors removed: 18 (0s)
Superbubble
Nb superbubble removed: 0 0 (0s)
Tip
Nb Tip removed: 0 (0s)
Nb errors removed: 10 (0s)
Superbubble
Nb superbubble removed: 0 0 (0s)
Tip
Nb Tip removed: 0 (0s)
Nb errors removed: 9 (0s)
Superbubble
Nb superbubble removed: 0 0 (0s)
Tip
Nb Tip removed: 1 (0s)
Superbubble
Nb superbubble removed: 0 0 (0s)
Tip
Nb Tip removed: 0 (0s)
Nb errors removed: 4 (0s)
Superbubble
Nb superbubble removed: 0 0 (0s)
Tip
Nb Tip removed: 0 (0s)
Nb errors removed: 2 (0s)
Superbubble
Nb superbubble removed: 0 0 (0s)
Tip
Nb Tip removed: 0 (0s)
Nb errors removed: 5 (0s)
Superbubble
Nb superbubble removed: 0 0 (0s)
Tip
Nb Tip removed: 0 (0s)
Nb errors removed: 1 (0s)
Superbubble
Nb superbubble removed: 0 0 (0s)
Tip
Nb Tip removed: 0 (0s)
Nb errors removed: 1 (0s)
Superbubble
Nb superbubble removed: 0 0 (0s)
Tip
Nb Tip removed: 0 (0s)
Nb errors removed: 1 (0s)
Superbubble
Nb superbubble removed: 0 0 (0s)
Tip
Nb Tip removed: 0 (0s)
Nb errors removed: 7 (0s)
Superbubble
Nb superbubble removed: 0 0 (0s)
Tip
Nb Tip removed: 0 (0s)
Nb errors removed: 1 (0s)
Superbubble
Nb superbubble removed: 0 0 (0s)
Tip
Nb Tip removed: 0 (0s)
Checksum: 0
Checksum abundnace: 0
Generating contigs
45.2593
28.1025
25.5477
23.2252
15.8631
13.11
11.9182
10.8347
9.84974
8.14028
7.40025
6.11591
5.05447
4.17725
3.13843
2.14359
0


metaMDBG toMinspace  /var/folders/zg/vq0dnx517c54hg87dyqjky740000gn/T/.tmpMtxbLg/tmp/ /var/folders/zg/vq0dnx517c54hg87dyqjky740000gn/T/.tmpMtxbLg/tmp//contigs.nodepath /var/folders/zg/vq0dnx517c54hg87dyqjky740000gn/T/.tmpMtxbLg/tmp//unitig_data.txt --threads 10

Input dir: /var/folders/zg/vq0dnx517c54hg87dyqjky740000gn/T/.tmpMtxbLg/tmp/
Minimizer length: 15
Kminmer length: 90
Density: 0.005

Loading unitig sequences

Creating mContigs

Contig filename: /var/folders/zg/vq0dnx517c54hg87dyqjky740000gn/T/.tmpMtxbLg/tmp//unitig_data.txt
pass done: 90
Multi-k pass: 91/204


metaMDBG graph /var/folders/zg/vq0dnx517c54hg87dyqjky740000gn/T/.tmpMtxbLg/tmp/ --threads 10 --corrected-read 

Contig filename: 
Output dir: /var/folders/zg/vq0dnx517c54hg87dyqjky740000gn/T/.tmpMtxbLg/tmp/
Minimizer length: 15
Kminmer length: 91
Density: 0.005
Min abundance: 0

Loading refined abundances
	Duration: 0
Collecting kminmers
Building mdbg
Duration: 0
Nb solid kminmers: 32817
Nb small contigs written: 0
Dump kminmer abundances
	Duration: 0
Indexing edges
Edge index size: 32831
Edge index elements: 59492
	Duration: 0
Compute unitig nodes
	Duration: 0
Index unitig edges
	Duration: 0
Compute unitig edges
	Duration: 0
Dump unitig abundances
	Duration: 0
Nb edges:   0


metaMDBG contig  /var/folders/zg/vq0dnx517c54hg87dyqjky740000gn/T/.tmpMtxbLg/tmp/ --threads 10 --gen-graph 

Input dir: /var/folders/zg/vq0dnx517c54hg87dyqjky740000gn/T/.tmpMtxbLg/tmp/
Minimizer length: 15
Kminmer length: 91
Density: 0.005

Loading unitig graph
Load unitigs
Nb unitigs: 774
Nb minimizers: 102477
Add unitig abundances
Sorting abundances
Add unitig edges
Nb unitig edges: 1526
Sorting unitig edges
Done loading unitig graph
Simplifying
Max abundance: 42
Nb unitigs: 774
Superbubble
Nb superbubble removed: 28 0 (0s)
Tip
Nb Tip removed: 251 (0s)
Superbubble
Nb superbubble removed: 62 0 (0s)
Tip
Nb Tip removed: 0 (0s)
Saving unitig graph: /var/folders/zg/vq0dnx517c54hg87dyqjky740000gn/T/.tmpMtxbLg/tmp//assembly_graph.gfa
Nb errors removed: 145 (0s)
Superbubble
Nb superbubble removed: 0 0 (0s)
Tip
Nb Tip removed: 0 (0s)
Nb errors removed: 60 (0s)
Superbubble
Nb superbubble removed: 0 0 (0s)
Tip
Nb Tip removed: 1 (0s)
Superbubble
Nb superbubble removed: 2 0 (0s)
Tip
Nb Tip removed: 0 (0s)
Nb errors removed: 37 (0s)
Superbubble
Nb superbubble removed: 4 0 (0s)
Tip
Nb Tip removed: 0 (0s)
Nb errors removed: 26 (0s)
Superbubble
Nb superbubble removed: 0 0 (0s)
Tip
Nb Tip removed: 0 (0s)
Nb errors removed: 23 (0s)
Superbubble
Nb superbubble removed: 2 0 (0s)
Tip
Nb Tip removed: 0 (0s)
Nb errors removed: 18 (0s)
Superbubble
Nb superbubble removed: 0 0 (0s)
Tip
Nb Tip removed: 0 (0s)
Nb errors removed: 10 (0s)
Superbubble
Nb superbubble removed: 0 0 (0s)
Tip
Nb Tip removed: 0 (0s)
Nb errors removed: 8 (0s)
Superbubble
Nb superbubble removed: 0 0 (0s)
Tip
Nb Tip removed: 1 (0s)
Superbubble
Nb superbubble removed: 0 0 (0s)
Tip
Nb Tip removed: 0 (0s)
Nb errors removed: 4 (0s)
Superbubble
Nb superbubble removed: 0 0 (0s)
Tip
Nb Tip removed: 0 (0s)
Nb errors removed: 2 (0s)
Superbubble
Nb superbubble removed: 0 0 (0s)
Tip
Nb Tip removed: 0 (0s)
Nb errors removed: 5 (0s)
Superbubble
Nb superbubble removed: 0 0 (0s)
Tip
Nb Tip removed: 0 (0s)
Nb errors removed: 1 (0s)
Superbubble
Nb superbubble removed: 0 0 (0s)
Tip
Nb Tip removed: 0 (0s)
Nb errors removed: 1 (0s)
Superbubble
Nb superbubble removed: 0 0 (0s)
Tip
Nb Tip removed: 0 (0s)
Nb errors removed: 1 (0s)
Superbubble
Nb superbubble removed: 0 0 (0s)
Tip
Nb Tip removed: 0 (0s)
Nb errors removed: 7 (0s)
Superbubble
Nb superbubble removed: 0 0 (0s)
Tip
Nb Tip removed: 0 (0s)
Nb errors removed: 1 (0s)
Superbubble
Nb superbubble removed: 0 0 (0s)
Tip
Nb Tip removed: 0 (0s)
Checksum: 0
Checksum abundnace: 0
Generating contigs
45.2593
28.1025
25.5477
23.2252
15.8631
13.11
11.9182
10.8347
9.84974
8.14028
7.40025
6.11591
5.05447
4.17725
3.13843
2.14359
0


metaMDBG toMinspace  /var/folders/zg/vq0dnx517c54hg87dyqjky740000gn/T/.tmpMtxbLg/tmp/ /var/folders/zg/vq0dnx517c54hg87dyqjky740000gn/T/.tmpMtxbLg/tmp//contigs.nodepath /var/folders/zg/vq0dnx517c54hg87dyqjky740000gn/T/.tmpMtxbLg/tmp//unitig_data.txt --threads 10

Input dir: /var/folders/zg/vq0dnx517c54hg87dyqjky740000gn/T/.tmpMtxbLg/tmp/
Minimizer length: 15
Kminmer length: 91
Density: 0.005

Loading unitig sequences

Creating mContigs

Contig filename: /var/folders/zg/vq0dnx517c54hg87dyqjky740000gn/T/.tmpMtxbLg/tmp//unitig_data.txt


metaMDBG toMinspace  /var/folders/zg/vq0dnx517c54hg87dyqjky740000gn/T/.tmpMtxbLg/tmp/ /var/folders/zg/vq0dnx517c54hg87dyqjky740000gn/T/.tmpMtxbLg/tmp//assembly_graph.gfa.unitigs.nodepath /var/folders/zg/vq0dnx517c54hg87dyqjky740000gn/T/.tmpMtxbLg/tmp//assembly_graph.gfa.unitigs --threads 10

Input dir: /var/folders/zg/vq0dnx517c54hg87dyqjky740000gn/T/.tmpMtxbLg/tmp/
Minimizer length: 15
Kminmer length: 91
Density: 0.005

Loading unitig sequences

Creating mContigs

Contig filename: /var/folders/zg/vq0dnx517c54hg87dyqjky740000gn/T/.tmpMtxbLg/tmp//assembly_graph.gfa.unitigs
pass done: 91
Multi-k pass: 92/204


metaMDBG graph /var/folders/zg/vq0dnx517c54hg87dyqjky740000gn/T/.tmpMtxbLg/tmp/ --threads 10 --corrected-read 

Contig filename: 
Output dir: /var/folders/zg/vq0dnx517c54hg87dyqjky740000gn/T/.tmpMtxbLg/tmp/
Minimizer length: 15
Kminmer length: 92
Density: 0.005
Min abundance: 0

Loading refined abundances
	Duration: 0
Collecting kminmers
Building mdbg
Duration: 0
Nb solid kminmers: 32800
Nb small contigs written: 0
Dump kminmer abundances
	Duration: 0
Indexing edges
Edge index size: 32813
Edge index elements: 59719
	Duration: 0
Compute unitig nodes
	Duration: 0
Index unitig edges
	Duration: 0
Compute unitig edges
	Duration: 0
Dump unitig abundances
	Duration: 0
Nb edges:   0


metaMDBG contig  /var/folders/zg/vq0dnx517c54hg87dyqjky740000gn/T/.tmpMtxbLg/tmp/ --threads 10

Input dir: /var/folders/zg/vq0dnx517c54hg87dyqjky740000gn/T/.tmpMtxbLg/tmp/
Minimizer length: 15
Kminmer length: 92
Density: 0.005

Loading unitig graph
Load unitigs
Nb unitigs: 766
Nb minimizers: 102506
Add unitig abundances
Sorting abundances
Add unitig edges
Nb unitig edges: 1514
Sorting unitig edges
Done loading unitig graph
Simplifying
Max abundance: 42
Nb unitigs: 766
Superbubble
Nb superbubble removed: 28 0 (0s)
Tip
Nb Tip removed: 248 (0s)
Superbubble
Nb superbubble removed: 58 0 (0s)
Tip
Nb Tip removed: 0 (0s)
Nb errors removed: 144 (0s)
Superbubble
Nb superbubble removed: 0 0 (0s)
Tip
Nb Tip removed: 0 (0s)
Nb errors removed: 59 (0s)
Superbubble
Nb superbubble removed: 0 0 (0s)
Tip
Nb Tip removed: 1 (0s)
Superbubble
Nb superbubble removed: 2 0 (0s)
Tip
Nb Tip removed: 0 (0s)
Nb errors removed: 37 (0s)
Superbubble
Nb superbubble removed: 4 0 (0s)
Tip
Nb Tip removed: 0 (0s)
Nb errors removed: 25 (0s)
Superbubble
Nb superbubble removed: 0 0 (0s)
Tip
Nb Tip removed: 0 (0s)
Nb errors removed: 24 (0s)
Superbubble
Nb superbubble removed: 4 0 (0s)
Tip
Nb Tip removed: 0 (0s)
Nb errors removed: 17 (0s)
Superbubble
Nb superbubble removed: 0 0 (0s)
Tip
Nb Tip removed: 0 (0s)
Nb errors removed: 10 (0s)
Superbubble
Nb superbubble removed: 0 0 (0s)
Tip
Nb Tip removed: 0 (0s)
Nb errors removed: 8 (0s)
Superbubble
Nb superbubble removed: 0 0 (0s)
Tip
Nb Tip removed: 1 (0s)
Superbubble
Nb superbubble removed: 0 0 (0s)
Tip
Nb Tip removed: 0 (0s)
Nb errors removed: 4 (0s)
Superbubble
Nb superbubble removed: 0 0 (0s)
Tip
Nb Tip removed: 0 (0s)
Nb errors removed: 2 (0s)
Superbubble
Nb superbubble removed: 0 0 (0s)
Tip
Nb Tip removed: 0 (0s)
Nb errors removed: 5 (0s)
Superbubble
Nb superbubble removed: 0 0 (0s)
Tip
Nb Tip removed: 0 (0s)
Nb errors removed: 1 (0s)
Superbubble
Nb superbubble removed: 0 0 (0s)
Tip
Nb Tip removed: 0 (0s)
Nb errors removed: 1 (0s)
Superbubble
Nb superbubble removed: 0 0 (0s)
Tip
Nb Tip removed: 0 (0s)
Nb errors removed: 1 (0s)
Superbubble
Nb superbubble removed: 0 0 (0s)
Tip
Nb Tip removed: 0 (0s)
Nb errors removed: 7 (0s)
Superbubble
Nb superbubble removed: 0 0 (0s)
Tip
Nb Tip removed: 0 (0s)
Nb errors removed: 1 (0s)
Superbubble
Nb superbubble removed: 0 0 (0s)
Tip
Nb Tip removed: 0 (0s)
Checksum: 0
Checksum abundnace: 0
Generating contigs
45.2593
28.1025
25.5477
23.2252
15.8631
13.11
11.9182
10.8347
9.84974
8.14028
7.40025
6.11591
5.05447
4.17725
3.13843
2.14359
0


metaMDBG toMinspace  /var/folders/zg/vq0dnx517c54hg87dyqjky740000gn/T/.tmpMtxbLg/tmp/ /var/folders/zg/vq0dnx517c54hg87dyqjky740000gn/T/.tmpMtxbLg/tmp//contigs.nodepath /var/folders/zg/vq0dnx517c54hg87dyqjky740000gn/T/.tmpMtxbLg/tmp//unitig_data.txt --threads 10

Input dir: /var/folders/zg/vq0dnx517c54hg87dyqjky740000gn/T/.tmpMtxbLg/tmp/
Minimizer length: 15
Kminmer length: 92
Density: 0.005

Loading unitig sequences

Creating mContigs

Contig filename: /var/folders/zg/vq0dnx517c54hg87dyqjky740000gn/T/.tmpMtxbLg/tmp//unitig_data.txt
pass done: 92
Multi-k pass: 93/204


metaMDBG graph /var/folders/zg/vq0dnx517c54hg87dyqjky740000gn/T/.tmpMtxbLg/tmp/ --threads 10 --corrected-read 

Contig filename: 
Output dir: /var/folders/zg/vq0dnx517c54hg87dyqjky740000gn/T/.tmpMtxbLg/tmp/
Minimizer length: 15
Kminmer length: 93
Density: 0.005
Min abundance: 0

Loading refined abundances
	Duration: 0
Collecting kminmers
Building mdbg
Duration: 0
Nb solid kminmers: 32782
Nb small contigs written: 0
Dump kminmer abundances
	Duration: 0
Indexing edges
Edge index size: 32799
Edge index elements: 59532
	Duration: 0
Compute unitig nodes
	Duration: 0
Index unitig edges
	Duration: 0
Compute unitig edges
	Duration: 0
Dump unitig abundances
	Duration: 0
Nb edges:   0


metaMDBG contig  /var/folders/zg/vq0dnx517c54hg87dyqjky740000gn/T/.tmpMtxbLg/tmp/ --threads 10

Input dir: /var/folders/zg/vq0dnx517c54hg87dyqjky740000gn/T/.tmpMtxbLg/tmp/
Minimizer length: 15
Kminmer length: 93
Density: 0.005

Loading unitig graph
Load unitigs
Nb unitigs: 758
Nb minimizers: 102518
Add unitig abundances
Sorting abundances
Add unitig edges
Nb unitig edges: 1490
Sorting unitig edges
Done loading unitig graph
Simplifying
Max abundance: 42
Nb unitigs: 758
Superbubble
Nb superbubble removed: 22 0 (0s)
Tip
Nb Tip removed: 245 (0s)
Superbubble
Nb superbubble removed: 58 0 (0s)
Tip
Nb Tip removed: 0 (0s)
Nb errors removed: 144 (0s)
Superbubble
Nb superbubble removed: 0 0 (0s)
Tip
Nb Tip removed: 0 (0s)
Nb errors removed: 57 (0s)
Superbubble
Nb superbubble removed: 2 0 (0s)
Tip
Nb Tip removed: 0 (0s)
Nb errors removed: 37 (0s)
Superbubble
Nb superbubble removed: 4 0 (0s)
Tip
Nb Tip removed: 0 (0s)
Nb errors removed: 25 (0s)
Superbubble
Nb superbubble removed: 0 0 (0s)
Tip
Nb Tip removed: 0 (0s)
Nb errors removed: 24 (0s)
Superbubble
Nb superbubble removed: 8 0 (0s)
Tip
Nb Tip removed: 0 (0s)
Nb errors removed: 17 (0s)
Superbubble
Nb superbubble removed: 0 0 (0s)
Tip
Nb Tip removed: 0 (0s)
Nb errors removed: 10 (0s)
Superbubble
Nb superbubble removed: 0 0 (0s)
Tip
Nb Tip removed: 0 (0s)
Nb errors removed: 8 (0s)
Superbubble
Nb superbubble removed: 0 0 (0s)
Tip
Nb Tip removed: 1 (0s)
Superbubble
Nb superbubble removed: 0 0 (0s)
Tip
Nb Tip removed: 0 (0s)
Nb errors removed: 5 (0s)
Superbubble
Nb superbubble removed: 0 0 (0s)
Tip
Nb Tip removed: 0 (0s)
Nb errors removed: 2 (0s)
Superbubble
Nb superbubble removed: 0 0 (0s)
Tip
Nb Tip removed: 0 (0s)
Nb errors removed: 5 (0s)
Superbubble
Nb superbubble removed: 0 0 (0s)
Tip
Nb Tip removed: 0 (0s)
Nb errors removed: 1 (0s)
Superbubble
Nb superbubble removed: 0 0 (0s)
Tip
Nb Tip removed: 0 (0s)
Nb errors removed: 1 (0s)
Superbubble
Nb superbubble removed: 0 0 (0s)
Tip
Nb Tip removed: 0 (0s)
Nb errors removed: 1 (0s)
Superbubble
Nb superbubble removed: 0 0 (0s)
Tip
Nb Tip removed: 0 (0s)
Nb errors removed: 7 (0s)
Superbubble
Nb superbubble removed: 0 0 (0s)
Tip
Nb Tip removed: 0 (0s)
Nb errors removed: 1 (0s)
Superbubble
Nb superbubble removed: 0 0 (0s)
Tip
Nb Tip removed: 0 (0s)
Checksum: 0
Checksum abundnace: 0
Generating contigs
45.2593
28.1025
25.5477
23.2252
15.8631
13.11
11.9182
10.8347
9.84974
8.14028
7.40025
6.11591
5.05447
4.17725
3.13843
2.14359
0


metaMDBG toMinspace  /var/folders/zg/vq0dnx517c54hg87dyqjky740000gn/T/.tmpMtxbLg/tmp/ /var/folders/zg/vq0dnx517c54hg87dyqjky740000gn/T/.tmpMtxbLg/tmp//contigs.nodepath /var/folders/zg/vq0dnx517c54hg87dyqjky740000gn/T/.tmpMtxbLg/tmp//unitig_data.txt --threads 10

Input dir: /var/folders/zg/vq0dnx517c54hg87dyqjky740000gn/T/.tmpMtxbLg/tmp/
Minimizer length: 15
Kminmer length: 93
Density: 0.005

Loading unitig sequences

Creating mContigs

Contig filename: /var/folders/zg/vq0dnx517c54hg87dyqjky740000gn/T/.tmpMtxbLg/tmp//unitig_data.txt
pass done: 93
Multi-k pass: 94/204


metaMDBG graph /var/folders/zg/vq0dnx517c54hg87dyqjky740000gn/T/.tmpMtxbLg/tmp/ --threads 10 --corrected-read 

Contig filename: 
Output dir: /var/folders/zg/vq0dnx517c54hg87dyqjky740000gn/T/.tmpMtxbLg/tmp/
Minimizer length: 15
Kminmer length: 94
Density: 0.005
Min abundance: 0

Loading refined abundances
	Duration: 0
Collecting kminmers
Building mdbg
Duration: 0
Nb solid kminmers: 32760
Nb small contigs written: 0
Dump kminmer abundances
	Duration: 0
Indexing edges
Edge index size: 32780
Edge index elements: 59726
	Duration: 0
Compute unitig nodes
	Duration: 0
Index unitig edges
	Duration: 0
Compute unitig edges
	Duration: 0
Dump unitig abundances
	Duration: 0
Nb edges:   0


metaMDBG contig  /var/folders/zg/vq0dnx517c54hg87dyqjky740000gn/T/.tmpMtxbLg/tmp/ --threads 10

Input dir: /var/folders/zg/vq0dnx517c54hg87dyqjky740000gn/T/.tmpMtxbLg/tmp/
Minimizer length: 15
Kminmer length: 94
Density: 0.005

Loading unitig graph
Load unitigs
Nb unitigs: 754
Nb minimizers: 102882
Add unitig abundances
Sorting abundances
Add unitig edges
Nb unitig edges: 1470
Sorting unitig edges
Done loading unitig graph
Simplifying
Max abundance: 42
Nb unitigs: 754
Superbubble
Nb superbubble removed: 22 0 (0s)
Tip
Nb Tip removed: 240 (0s)
Superbubble
Nb superbubble removed: 56 0 (0s)
Tip
Nb Tip removed: 0 (0s)
Nb errors removed: 143 (0s)
Superbubble
Nb superbubble removed: 0 0 (0s)
Tip
Nb Tip removed: 0 (0s)
Nb errors removed: 55 (0s)
Superbubble
Nb superbubble removed: 2 0 (0s)
Tip
Nb Tip removed: 0 (0s)
Nb errors removed: 37 (0s)
Superbubble
Nb superbubble removed: 4 0 (0s)
Tip
Nb Tip removed: 0 (0s)
Nb errors removed: 24 (0s)
Superbubble
Nb superbubble removed: 0 0 (0s)
Tip
Nb Tip removed: 0 (0s)
Nb errors removed: 26 (0s)
Superbubble
Nb superbubble removed: 8 0 (0s)
Tip
Nb Tip removed: 0 (0s)
Nb errors removed: 17 (0s)
Superbubble
Nb superbubble removed: 0 0 (0s)
Tip
Nb Tip removed: 0 (0s)
Nb errors removed: 10 (0s)
Superbubble
Nb superbubble removed: 0 0 (0s)
Tip
Nb Tip removed: 0 (0s)
Nb errors removed: 8 (0s)
Superbubble
Nb superbubble removed: 0 0 (0s)
Tip
Nb Tip removed: 1 (0s)
Superbubble
Nb superbubble removed: 0 0 (0s)
Tip
Nb Tip removed: 0 (0s)
Nb errors removed: 5 (0s)
Superbubble
Nb superbubble removed: 0 0 (0s)
Tip
Nb Tip removed: 0 (0s)
Nb errors removed: 2 (0s)
Superbubble
Nb superbubble removed: 0 0 (0s)
Tip
Nb Tip removed: 0 (0s)
Nb errors removed: 7 (0s)
Superbubble
Nb superbubble removed: 0 0 (0s)
Tip
Nb Tip removed: 0 (0s)
Nb errors removed: 1 (0s)
Superbubble
Nb superbubble removed: 0 0 (0s)
Tip
Nb Tip removed: 0 (0s)
Nb errors removed: 1 (0s)
Superbubble
Nb superbubble removed: 0 0 (0s)
Tip
Nb Tip removed: 0 (0s)
Nb errors removed: 1 (0s)
Superbubble
Nb superbubble removed: 0 0 (0s)
Tip
Nb Tip removed: 0 (0s)
Nb errors removed: 7 (0s)
Superbubble
Nb superbubble removed: 0 0 (0s)
Tip
Nb Tip removed: 0 (0s)
Nb errors removed: 1 (0s)
Superbubble
Nb superbubble removed: 0 0 (0s)
Tip
Nb Tip removed: 0 (0s)
Checksum: 0
Checksum abundnace: 0
Generating contigs
45.2593
28.1025
25.5477
23.2252
15.8631
13.11
11.9182
10.8347
9.84974
8.14028
7.40025
6.11591
5.05447
4.17725
3.13843
2.14359
0


metaMDBG toMinspace  /var/folders/zg/vq0dnx517c54hg87dyqjky740000gn/T/.tmpMtxbLg/tmp/ /var/folders/zg/vq0dnx517c54hg87dyqjky740000gn/T/.tmpMtxbLg/tmp//contigs.nodepath /var/folders/zg/vq0dnx517c54hg87dyqjky740000gn/T/.tmpMtxbLg/tmp//unitig_data.txt --threads 10

Input dir: /var/folders/zg/vq0dnx517c54hg87dyqjky740000gn/T/.tmpMtxbLg/tmp/
Minimizer length: 15
Kminmer length: 94
Density: 0.005

Loading unitig sequences

Creating mContigs

Contig filename: /var/folders/zg/vq0dnx517c54hg87dyqjky740000gn/T/.tmpMtxbLg/tmp//unitig_data.txt
pass done: 94
Multi-k pass: 95/204


metaMDBG graph /var/folders/zg/vq0dnx517c54hg87dyqjky740000gn/T/.tmpMtxbLg/tmp/ --threads 10 --corrected-read 

Contig filename: 
Output dir: /var/folders/zg/vq0dnx517c54hg87dyqjky740000gn/T/.tmpMtxbLg/tmp/
Minimizer length: 15
Kminmer length: 95
Density: 0.005
Min abundance: 0

Loading refined abundances
	Duration: 0
Collecting kminmers
Building mdbg
Duration: 0
Nb solid kminmers: 32736
Nb small contigs written: 0
Dump kminmer abundances
	Duration: 0
Indexing edges
Edge index size: 32760
Edge index elements: 59602
	Duration: 0
Compute unitig nodes
	Duration: 0
Index unitig edges
	Duration: 0
Compute unitig edges
	Duration: 0
Dump unitig abundances
	Duration: 0
Nb edges:   0


metaMDBG contig  /var/folders/zg/vq0dnx517c54hg87dyqjky740000gn/T/.tmpMtxbLg/tmp/ --threads 10

Input dir: /var/folders/zg/vq0dnx517c54hg87dyqjky740000gn/T/.tmpMtxbLg/tmp/
Minimizer length: 15
Kminmer length: 95
Density: 0.005

Loading unitig graph
Load unitigs
Nb unitigs: 749
Nb minimizers: 103142
Add unitig abundances
Sorting abundances
Add unitig edges
Nb unitig edges: 1454
Sorting unitig edges
Done loading unitig graph
Simplifying
Max abundance: 42
Nb unitigs: 749
Superbubble
Nb superbubble removed: 22 0 (0s)
Tip
Nb Tip removed: 236 (0s)
Superbubble
Nb superbubble removed: 56 0 (0s)
Tip
Nb Tip removed: 0 (0s)
Nb errors removed: 143 (0s)
Superbubble
Nb superbubble removed: 0 0 (0s)
Tip
Nb Tip removed: 0 (0s)
Nb errors removed: 55 (0s)
Superbubble
Nb superbubble removed: 2 0 (0s)
Tip
Nb Tip removed: 0 (0s)
Nb errors removed: 37 (0s)
Superbubble
Nb superbubble removed: 4 0 (0s)
Tip
Nb Tip removed: 0 (0s)
Nb errors removed: 24 (0s)
Superbubble
Nb superbubble removed: 0 0 (0s)
Tip
Nb Tip removed: 0 (0s)
Nb errors removed: 26 (0s)
Superbubble
Nb superbubble removed: 8 0 (0s)
Tip
Nb Tip removed: 0 (0s)
Nb errors removed: 17 (0s)
Superbubble
Nb superbubble removed: 0 0 (0s)
Tip
Nb Tip removed: 0 (0s)
Nb errors removed: 10 (0s)
Superbubble
Nb superbubble removed: 0 0 (0s)
Tip
Nb Tip removed: 0 (0s)
Nb errors removed: 8 (0s)
Superbubble
Nb superbubble removed: 0 0 (0s)
Tip
Nb Tip removed: 1 (0s)
Superbubble
Nb superbubble removed: 0 0 (0s)
Tip
Nb Tip removed: 0 (0s)
Nb errors removed: 5 (0s)
Superbubble
Nb superbubble removed: 0 0 (0s)
Tip
Nb Tip removed: 0 (0s)
Nb errors removed: 2 (0s)
Superbubble
Nb superbubble removed: 0 0 (0s)
Tip
Nb Tip removed: 0 (0s)
Nb errors removed: 7 (0s)
Superbubble
Nb superbubble removed: 0 0 (0s)
Tip
Nb Tip removed: 0 (0s)
Nb errors removed: 1 (0s)
Superbubble
Nb superbubble removed: 0 0 (0s)
Tip
Nb Tip removed: 0 (0s)
Nb errors removed: 1 (0s)
Superbubble
Nb superbubble removed: 0 0 (0s)
Tip
Nb Tip removed: 0 (0s)
Nb errors removed: 1 (0s)
Superbubble
Nb superbubble removed: 0 0 (0s)
Tip
Nb Tip removed: 0 (0s)
Nb errors removed: 7 (0s)
Superbubble
Nb superbubble removed: 0 0 (0s)
Tip
Nb Tip removed: 0 (0s)
Nb errors removed: 1 (0s)
Superbubble
Nb superbubble removed: 0 0 (0s)
Tip
Nb Tip removed: 0 (0s)
Checksum: 0
Checksum abundnace: 0
Generating contigs
45.2593
28.1025
25.5477
23.2252
15.8631
13.11
11.9182
10.8347
9.84974
8.14028
7.40025
6.11591
5.05447
4.17725
3.13843
2.14359
0


metaMDBG toMinspace  /var/folders/zg/vq0dnx517c54hg87dyqjky740000gn/T/.tmpMtxbLg/tmp/ /var/folders/zg/vq0dnx517c54hg87dyqjky740000gn/T/.tmpMtxbLg/tmp//contigs.nodepath /var/folders/zg/vq0dnx517c54hg87dyqjky740000gn/T/.tmpMtxbLg/tmp//unitig_data.txt --threads 10

Input dir: /var/folders/zg/vq0dnx517c54hg87dyqjky740000gn/T/.tmpMtxbLg/tmp/
Minimizer length: 15
Kminmer length: 95
Density: 0.005

Loading unitig sequences

Creating mContigs

Contig filename: /var/folders/zg/vq0dnx517c54hg87dyqjky740000gn/T/.tmpMtxbLg/tmp//unitig_data.txt
pass done: 95
Multi-k pass: 96/204


metaMDBG graph /var/folders/zg/vq0dnx517c54hg87dyqjky740000gn/T/.tmpMtxbLg/tmp/ --threads 10 --corrected-read 

Contig filename: 
Output dir: /var/folders/zg/vq0dnx517c54hg87dyqjky740000gn/T/.tmpMtxbLg/tmp/
Minimizer length: 15
Kminmer length: 96
Density: 0.005
Min abundance: 0

Loading refined abundances
	Duration: 0
Collecting kminmers
Building mdbg
Duration: 0
Nb solid kminmers: 32707
Nb small contigs written: 0
Dump kminmer abundances
	Duration: 0
Indexing edges
Edge index size: 32732
Edge index elements: 59497
	Duration: 0
Compute unitig nodes
	Duration: 0
Index unitig edges
	Duration: 0
Compute unitig edges
	Duration: 0
Dump unitig abundances
	Duration: 0
Nb edges:   0


metaMDBG contig  /var/folders/zg/vq0dnx517c54hg87dyqjky740000gn/T/.tmpMtxbLg/tmp/ --threads 10

Input dir: /var/folders/zg/vq0dnx517c54hg87dyqjky740000gn/T/.tmpMtxbLg/tmp/
Minimizer length: 15
Kminmer length: 96
Density: 0.005

Loading unitig graph
Load unitigs
Nb unitigs: 741
Nb minimizers: 103102
Add unitig abundances
Sorting abundances
Add unitig edges
Nb unitig edges: 1434
Sorting unitig edges
Done loading unitig graph
Simplifying
Max abundance: 42
Nb unitigs: 741
Superbubble
Nb superbubble removed: 26 0 (0s)
Tip
Nb Tip removed: 233 (0s)
Superbubble
Nb superbubble removed: 52 0 (0s)
Tip
Nb Tip removed: 0 (0s)
Nb errors removed: 140 (0s)
Superbubble
Nb superbubble removed: 0 0 (0s)
Tip
Nb Tip removed: 0 (0s)
Nb errors removed: 55 (0s)
Superbubble
Nb superbubble removed: 2 0 (0s)
Tip
Nb Tip removed: 0 (0s)
Nb errors removed: 38 (0s)
Superbubble
Nb superbubble removed: 5 0 (0s)
Tip
Nb Tip removed: 0 (0s)
Nb errors removed: 24 (0s)
Superbubble
Nb superbubble removed: 0 0 (0s)
Tip
Nb Tip removed: 0 (0s)
Nb errors removed: 26 (0s)
Superbubble
Nb superbubble removed: 6 0 (0s)
Tip
Nb Tip removed: 0 (0s)
Nb errors removed: 16 (0s)
Superbubble
Nb superbubble removed: 0 0 (0s)
Tip
Nb Tip removed: 0 (0s)
Nb errors removed: 10 (0s)
Superbubble
Nb superbubble removed: 0 0 (0s)
Tip
Nb Tip removed: 0 (0s)
Nb errors removed: 8 (0s)
Superbubble
Nb superbubble removed: 0 0 (0s)
Tip
Nb Tip removed: 1 (0s)
Superbubble
Nb superbubble removed: 0 0 (0s)
Tip
Nb Tip removed: 0 (0s)
Nb errors removed: 5 (0s)
Superbubble
Nb superbubble removed: 0 0 (0s)
Tip
Nb Tip removed: 0 (0s)
Nb errors removed: 2 (0s)
Superbubble
Nb superbubble removed: 0 0 (0s)
Tip
Nb Tip removed: 0 (0s)
Nb errors removed: 7 (0s)
Superbubble
Nb superbubble removed: 0 0 (0s)
Tip
Nb Tip removed: 0 (0s)
Nb errors removed: 1 (0s)
Superbubble
Nb superbubble removed: 0 0 (0s)
Tip
Nb Tip removed: 0 (0s)
Nb errors removed: 1 (0s)
Superbubble
Nb superbubble removed: 0 0 (0s)
Tip
Nb Tip removed: 0 (0s)
Nb errors removed: 1 (0s)
Superbubble
Nb superbubble removed: 0 0 (0s)
Tip
Nb Tip removed: 0 (0s)
Nb errors removed: 7 (0s)
Superbubble
Nb superbubble removed: 0 0 (0s)
Tip
Nb Tip removed: 0 (0s)
Nb errors removed: 1 (0s)
Superbubble
Nb superbubble removed: 0 0 (0s)
Tip
Nb Tip removed: 0 (0s)
Checksum: 0
Checksum abundnace: 0
Generating contigs
45.2593
28.1025
25.5477
23.2252
15.8631
13.11
11.9182
10.8347
9.84974
8.14028
7.40025
6.11591
5.05447
4.17725
3.13843
2.14359
0


metaMDBG toMinspace  /var/folders/zg/vq0dnx517c54hg87dyqjky740000gn/T/.tmpMtxbLg/tmp/ /var/folders/zg/vq0dnx517c54hg87dyqjky740000gn/T/.tmpMtxbLg/tmp//contigs.nodepath /var/folders/zg/vq0dnx517c54hg87dyqjky740000gn/T/.tmpMtxbLg/tmp//unitig_data.txt --threads 10

Input dir: /var/folders/zg/vq0dnx517c54hg87dyqjky740000gn/T/.tmpMtxbLg/tmp/
Minimizer length: 15
Kminmer length: 96
Density: 0.005

Loading unitig sequences

Creating mContigs

Contig filename: /var/folders/zg/vq0dnx517c54hg87dyqjky740000gn/T/.tmpMtxbLg/tmp//unitig_data.txt
pass done: 96
Multi-k pass: 97/204


metaMDBG graph /var/folders/zg/vq0dnx517c54hg87dyqjky740000gn/T/.tmpMtxbLg/tmp/ --threads 10 --corrected-read 

Contig filename: 
Output dir: /var/folders/zg/vq0dnx517c54hg87dyqjky740000gn/T/.tmpMtxbLg/tmp/
Minimizer length: 15
Kminmer length: 97
Density: 0.005
Min abundance: 0

Loading refined abundances
	Duration: 0
Collecting kminmers
Building mdbg
Duration: 0
Nb solid kminmers: 32679
Nb small contigs written: 0
Dump kminmer abundances
	Duration: 0
Indexing edges
Edge index size: 32701
Edge index elements: 59823
	Duration: 0
Compute unitig nodes
	Duration: 0
Index unitig edges
	Duration: 0
Compute unitig edges
	Duration: 0
Dump unitig abundances
	Duration: 0
Nb edges:   0


metaMDBG contig  /var/folders/zg/vq0dnx517c54hg87dyqjky740000gn/T/.tmpMtxbLg/tmp/ --threads 10

Input dir: /var/folders/zg/vq0dnx517c54hg87dyqjky740000gn/T/.tmpMtxbLg/tmp/
Minimizer length: 15
Kminmer length: 97
Density: 0.005

Loading unitig graph
Load unitigs
Nb unitigs: 730
Nb minimizers: 102759
Add unitig abundances
Sorting abundances
Add unitig edges
Nb unitig edges: 1418
Sorting unitig edges
Done loading unitig graph
Simplifying
Max abundance: 42
Nb unitigs: 730
Superbubble
Nb superbubble removed: 26 0 (0s)
Tip
Nb Tip removed: 229 (0s)
Superbubble
Nb superbubble removed: 52 0 (0s)
Tip
Nb Tip removed: 0 (0s)
Nb errors removed: 134 (0s)
Superbubble
Nb superbubble removed: 0 0 (0s)
Tip
Nb Tip removed: 0 (0s)
Nb errors removed: 54 (0s)
Superbubble
Nb superbubble removed: 2 0 (0s)
Tip
Nb Tip removed: 0 (0s)
Nb errors removed: 38 (0s)
Superbubble
Nb superbubble removed: 4 0 (0s)
Tip
Nb Tip removed: 0 (0s)
Nb errors removed: 25 (0s)
Superbubble
Nb superbubble removed: 0 0 (0s)
Tip
Nb Tip removed: 0 (0s)
Nb errors removed: 27 (0s)
Superbubble
Nb superbubble removed: 6 0 (0s)
Tip
Nb Tip removed: 0 (0s)
Nb errors removed: 16 (0s)
Superbubble
Nb superbubble removed: 0 0 (0s)
Tip
Nb Tip removed: 0 (0s)
Nb errors removed: 10 (0s)
Superbubble
Nb superbubble removed: 0 0 (0s)
Tip
Nb Tip removed: 0 (0s)
Nb errors removed: 8 (0s)
Superbubble
Nb superbubble removed: 0 0 (0s)
Tip
Nb Tip removed: 1 (0s)
Superbubble
Nb superbubble removed: 0 0 (0s)
Tip
Nb Tip removed: 0 (0s)
Nb errors removed: 5 (0s)
Superbubble
Nb superbubble removed: 0 0 (0s)
Tip
Nb Tip removed: 0 (0s)
Nb errors removed: 2 (0s)
Superbubble
Nb superbubble removed: 0 0 (0s)
Tip
Nb Tip removed: 0 (0s)
Nb errors removed: 7 (0s)
Superbubble
Nb superbubble removed: 0 0 (0s)
Tip
Nb Tip removed: 0 (0s)
Nb errors removed: 1 (0s)
Superbubble
Nb superbubble removed: 0 0 (0s)
Tip
Nb Tip removed: 0 (0s)
Nb errors removed: 1 (0s)
Superbubble
Nb superbubble removed: 0 0 (0s)
Tip
Nb Tip removed: 0 (0s)
Nb errors removed: 1 (0s)
Superbubble
Nb superbubble removed: 0 0 (0s)
Tip
Nb Tip removed: 0 (0s)
Nb errors removed: 7 (0s)
Superbubble
Nb superbubble removed: 0 0 (0s)
Tip
Nb Tip removed: 0 (0s)
Nb errors removed: 1 (0s)
Superbubble
Nb superbubble removed: 0 0 (0s)
Tip
Nb Tip removed: 0 (0s)
Checksum: 0
Checksum abundnace: 0
Generating contigs
45.2593
28.1025
25.5477
23.2252
15.8631
13.11
11.9182
10.8347
9.84974
8.14028
7.40025
6.11591
5.05447
4.17725
3.13843
2.14359
0


metaMDBG toMinspace  /var/folders/zg/vq0dnx517c54hg87dyqjky740000gn/T/.tmpMtxbLg/tmp/ /var/folders/zg/vq0dnx517c54hg87dyqjky740000gn/T/.tmpMtxbLg/tmp//contigs.nodepath /var/folders/zg/vq0dnx517c54hg87dyqjky740000gn/T/.tmpMtxbLg/tmp//unitig_data.txt --threads 10

Input dir: /var/folders/zg/vq0dnx517c54hg87dyqjky740000gn/T/.tmpMtxbLg/tmp/
Minimizer length: 15
Kminmer length: 97
Density: 0.005

Loading unitig sequences

Creating mContigs

Contig filename: /var/folders/zg/vq0dnx517c54hg87dyqjky740000gn/T/.tmpMtxbLg/tmp//unitig_data.txt
pass done: 97
Multi-k pass: 98/204


metaMDBG graph /var/folders/zg/vq0dnx517c54hg87dyqjky740000gn/T/.tmpMtxbLg/tmp/ --threads 10 --corrected-read 

Contig filename: 
Output dir: /var/folders/zg/vq0dnx517c54hg87dyqjky740000gn/T/.tmpMtxbLg/tmp/
Minimizer length: 15
Kminmer length: 98
Density: 0.005
Min abundance: 0

Loading refined abundances
	Duration: 0
Collecting kminmers
Building mdbg
Duration: 0
Nb solid kminmers: 32650
Nb small contigs written: 0
Dump kminmer abundances
	Duration: 0
Indexing edges
Edge index size: 32678
Edge index elements: 59687
	Duration: 0
Compute unitig nodes
	Duration: 0
Index unitig edges
	Duration: 0
Compute unitig edges
	Duration: 0
Dump unitig abundances
	Duration: 0
Nb edges:   0


metaMDBG contig  /var/folders/zg/vq0dnx517c54hg87dyqjky740000gn/T/.tmpMtxbLg/tmp/ --threads 10

Input dir: /var/folders/zg/vq0dnx517c54hg87dyqjky740000gn/T/.tmpMtxbLg/tmp/
Minimizer length: 15
Kminmer length: 98
Density: 0.005

Loading unitig graph
Load unitigs
Nb unitigs: 726
Nb minimizers: 103072
Add unitig abundances
Sorting abundances
Add unitig edges
Nb unitig edges: 1398
Sorting unitig edges
Done loading unitig graph
Simplifying
Max abundance: 42
Nb unitigs: 726
Superbubble
Nb superbubble removed: 24 0 (0s)
Tip
Nb Tip removed: 226 (0s)
Superbubble
Nb superbubble removed: 52 0 (0s)
Tip
Nb Tip removed: 0 (0s)
Nb errors removed: 133 (0s)
Superbubble
Nb superbubble removed: 0 0 (0s)
Tip
Nb Tip removed: 0 (0s)
Nb errors removed: 54 (0s)
Superbubble
Nb superbubble removed: 2 0 (0s)
Tip
Nb Tip removed: 0 (0s)
Nb errors removed: 38 (0s)
Superbubble
Nb superbubble removed: 4 0 (0s)
Tip
Nb Tip removed: 0 (0s)
Nb errors removed: 27 (0s)
Superbubble
Nb superbubble removed: 0 0 (0s)
Tip
Nb Tip removed: 0 (0s)
Nb errors removed: 27 (0s)
Superbubble
Nb superbubble removed: 6 0 (0s)
Tip
Nb Tip removed: 0 (0s)
Nb errors removed: 16 (0s)
Superbubble
Nb superbubble removed: 0 0 (0s)
Tip
Nb Tip removed: 0 (0s)
Nb errors removed: 10 (0s)
Superbubble
Nb superbubble removed: 0 0 (0s)
Tip
Nb Tip removed: 0 (0s)
Nb errors removed: 8 (0s)
Superbubble
Nb superbubble removed: 0 0 (0s)
Tip
Nb Tip removed: 1 (0s)
Superbubble
Nb superbubble removed: 0 0 (0s)
Tip
Nb Tip removed: 0 (0s)
Nb errors removed: 5 (0s)
Superbubble
Nb superbubble removed: 0 0 (0s)
Tip
Nb Tip removed: 0 (0s)
Nb errors removed: 2 (0s)
Superbubble
Nb superbubble removed: 0 0 (0s)
Tip
Nb Tip removed: 0 (0s)
Nb errors removed: 7 (0s)
Superbubble
Nb superbubble removed: 0 0 (0s)
Tip
Nb Tip removed: 0 (0s)
Nb errors removed: 1 (0s)
Superbubble
Nb superbubble removed: 0 0 (0s)
Tip
Nb Tip removed: 0 (0s)
Nb errors removed: 1 (0s)
Superbubble
Nb superbubble removed: 0 0 (0s)
Tip
Nb Tip removed: 0 (0s)
Nb errors removed: 1 (0s)
Superbubble
Nb superbubble removed: 0 0 (0s)
Tip
Nb Tip removed: 0 (0s)
Nb errors removed: 7 (0s)
Superbubble
Nb superbubble removed: 0 0 (0s)
Tip
Nb Tip removed: 0 (0s)
Nb errors removed: 1 (0s)
Superbubble
Nb superbubble removed: 0 0 (0s)
Tip
Nb Tip removed: 0 (0s)
Checksum: 0
Checksum abundnace: 0
Generating contigs
45.2593
28.1025
25.5477
23.2252
15.8631
13.11
11.9182
10.8347
9.84974
8.14028
7.40025
6.11591
5.05447
4.17725
3.13843
2.14359
0


metaMDBG toMinspace  /var/folders/zg/vq0dnx517c54hg87dyqjky740000gn/T/.tmpMtxbLg/tmp/ /var/folders/zg/vq0dnx517c54hg87dyqjky740000gn/T/.tmpMtxbLg/tmp//contigs.nodepath /var/folders/zg/vq0dnx517c54hg87dyqjky740000gn/T/.tmpMtxbLg/tmp//unitig_data.txt --threads 10

Input dir: /var/folders/zg/vq0dnx517c54hg87dyqjky740000gn/T/.tmpMtxbLg/tmp/
Minimizer length: 15
Kminmer length: 98
Density: 0.005

Loading unitig sequences

Creating mContigs

Contig filename: /var/folders/zg/vq0dnx517c54hg87dyqjky740000gn/T/.tmpMtxbLg/tmp//unitig_data.txt
pass done: 98
Multi-k pass: 99/204


metaMDBG graph /var/folders/zg/vq0dnx517c54hg87dyqjky740000gn/T/.tmpMtxbLg/tmp/ --threads 10 --corrected-read 

Contig filename: 
Output dir: /var/folders/zg/vq0dnx517c54hg87dyqjky740000gn/T/.tmpMtxbLg/tmp/
Minimizer length: 15
Kminmer length: 99
Density: 0.005
Min abundance: 0

Loading refined abundances
	Duration: 0
Collecting kminmers
Building mdbg
Duration: 0
Nb solid kminmers: 32616
Nb small contigs written: 0
Dump kminmer abundances
	Duration: 0
Indexing edges
Edge index size: 32646
Edge index elements: 60095
	Duration: 0
Compute unitig nodes
	Duration: 0
Index unitig edges
	Duration: 0
Compute unitig edges
	Duration: 0
Dump unitig abundances
	Duration: 0
Nb edges:   0


metaMDBG contig  /var/folders/zg/vq0dnx517c54hg87dyqjky740000gn/T/.tmpMtxbLg/tmp/ --threads 10

Input dir: /var/folders/zg/vq0dnx517c54hg87dyqjky740000gn/T/.tmpMtxbLg/tmp/
Minimizer length: 15
Kminmer length: 99
Density: 0.005

Loading unitig graph
Load unitigs
Nb unitigs: 712
Nb minimizers: 102392
Add unitig abundances
Sorting abundances
Add unitig edges
Nb unitig edges: 1372
Sorting unitig edges
Done loading unitig graph
Simplifying
Max abundance: 42
Nb unitigs: 712
Superbubble
Nb superbubble removed: 22 0 (0s)
Tip
Nb Tip removed: 225 (0s)
Superbubble
Nb superbubble removed: 48 0 (0s)
Tip
Nb Tip removed: 0 (0s)
Nb errors removed: 132 (0s)
Superbubble
Nb superbubble removed: 2 0 (0s)
Tip
Nb Tip removed: 0 (0s)
Nb errors removed: 54 (0s)
Superbubble
Nb superbubble removed: 2 0 (0s)
Tip
Nb Tip removed: 0 (0s)
Nb errors removed: 37 (0s)
Superbubble
Nb superbubble removed: 4 0 (0s)
Tip
Nb Tip removed: 0 (0s)
Nb errors removed: 27 (0s)
Superbubble
Nb superbubble removed: 0 0 (0s)
Tip
Nb Tip removed: 0 (0s)
Nb errors removed: 27 (0s)
Superbubble
Nb superbubble removed: 6 0 (0s)
Tip
Nb Tip removed: 0 (0s)
Nb errors removed: 16 (0s)
Superbubble
Nb superbubble removed: 0 0 (0s)
Tip
Nb Tip removed: 0 (0s)
Nb errors removed: 10 (0s)
Superbubble
Nb superbubble removed: 0 0 (0s)
Tip
Nb Tip removed: 0 (0s)
Nb errors removed: 8 (0s)
Superbubble
Nb superbubble removed: 0 0 (0s)
Tip
Nb Tip removed: 0 (0s)
Nb errors removed: 5 (0s)
Superbubble
Nb superbubble removed: 0 0 (0s)
Tip
Nb Tip removed: 0 (0s)
Nb errors removed: 2 (0s)
Superbubble
Nb superbubble removed: 0 0 (0s)
Tip
Nb Tip removed: 0 (0s)
Nb errors removed: 7 (0s)
Superbubble
Nb superbubble removed: 0 0 (0s)
Tip
Nb Tip removed: 0 (0s)
Nb errors removed: 1 (0s)
Superbubble
Nb superbubble removed: 0 0 (0s)
Tip
Nb Tip removed: 0 (0s)
Nb errors removed: 1 (0s)
Superbubble
Nb superbubble removed: 0 0 (0s)
Tip
Nb Tip removed: 0 (0s)
Nb errors removed: 1 (0s)
Superbubble
Nb superbubble removed: 0 0 (0s)
Tip
Nb Tip removed: 0 (0s)
Nb errors removed: 7 (0s)
Superbubble
Nb superbubble removed: 0 0 (0s)
Tip
Nb Tip removed: 0 (0s)
Nb errors removed: 1 (0s)
Superbubble
Nb superbubble removed: 0 0 (0s)
Tip
Nb Tip removed: 0 (0s)
Checksum: 0
Checksum abundnace: 0
Generating contigs
45.2593
28.1025
25.5477
23.2252
15.8631
13.11
11.9182
10.8347
9.84974
8.14028
7.40025
6.11591
5.05447
4.17725
3.13843
2.14359
0


metaMDBG toMinspace  /var/folders/zg/vq0dnx517c54hg87dyqjky740000gn/T/.tmpMtxbLg/tmp/ /var/folders/zg/vq0dnx517c54hg87dyqjky740000gn/T/.tmpMtxbLg/tmp//contigs.nodepath /var/folders/zg/vq0dnx517c54hg87dyqjky740000gn/T/.tmpMtxbLg/tmp//unitig_data.txt --threads 10

Input dir: /var/folders/zg/vq0dnx517c54hg87dyqjky740000gn/T/.tmpMtxbLg/tmp/
Minimizer length: 15
Kminmer length: 99
Density: 0.005

Loading unitig sequences

Creating mContigs

Contig filename: /var/folders/zg/vq0dnx517c54hg87dyqjky740000gn/T/.tmpMtxbLg/tmp//unitig_data.txt
pass done: 99
Multi-k pass: 100/204


metaMDBG graph /var/folders/zg/vq0dnx517c54hg87dyqjky740000gn/T/.tmpMtxbLg/tmp/ --threads 10 --corrected-read 

Contig filename: 
Output dir: /var/folders/zg/vq0dnx517c54hg87dyqjky740000gn/T/.tmpMtxbLg/tmp/
Minimizer length: 15
Kminmer length: 100
Density: 0.005
Min abundance: 0

Loading refined abundances
	Duration: 0
Collecting kminmers
Building mdbg
Duration: 0
Nb solid kminmers: 32578
Nb small contigs written: 0
Dump kminmer abundances
	Duration: 0
Indexing edges
Edge index size: 32614
Edge index elements: 59983
	Duration: 0
Compute unitig nodes
	Duration: 0
Index unitig edges
	Duration: 0
Compute unitig edges
	Duration: 0
Dump unitig abundances
	Duration: 0
Nb edges:   0


metaMDBG contig  /var/folders/zg/vq0dnx517c54hg87dyqjky740000gn/T/.tmpMtxbLg/tmp/ --threads 10

Input dir: /var/folders/zg/vq0dnx517c54hg87dyqjky740000gn/T/.tmpMtxbLg/tmp/
Minimizer length: 15
Kminmer length: 100
Density: 0.005

Loading unitig graph
Load unitigs
Nb unitigs: 702
Nb minimizers: 102076
Add unitig abundances
Sorting abundances
Add unitig edges
Nb unitig edges: 1336
Sorting unitig edges
Done loading unitig graph
Simplifying
Max abundance: 42
Nb unitigs: 702
Superbubble
Nb superbubble removed: 21 0 (0s)
Tip
Nb Tip removed: 222 (0s)
Superbubble
Nb superbubble removed: 44 0 (0s)
Tip
Nb Tip removed: 0 (0s)
Nb errors removed: 130 (0s)
Superbubble
Nb superbubble removed: 2 0 (0s)
Tip
Nb Tip removed: 0 (0s)
Nb errors removed: 53 (0s)
Superbubble
Nb superbubble removed: 2 0 (0s)
Tip
Nb Tip removed: 0 (0s)
Nb errors removed: 37 (0s)
Superbubble
Nb superbubble removed: 4 0 (0s)
Tip
Nb Tip removed: 0 (0s)
Nb errors removed: 27 (0s)
Superbubble
Nb superbubble removed: 0 0 (0s)
Tip
Nb Tip removed: 0 (0s)
Nb errors removed: 27 (0s)
Superbubble
Nb superbubble removed: 6 0 (0s)
Tip
Nb Tip removed: 0 (0s)
Nb errors removed: 16 (0s)
Superbubble
Nb superbubble removed: 0 0 (0s)
Tip
Nb Tip removed: 0 (0s)
Nb errors removed: 12 (0s)
Superbubble
Nb superbubble removed: 0 0 (0s)
Tip
Nb Tip removed: 0 (0s)
Nb errors removed: 8 (0s)
Superbubble
Nb superbubble removed: 0 0 (0s)
Tip
Nb Tip removed: 0 (0s)
Nb errors removed: 5 (0s)
Superbubble
Nb superbubble removed: 0 0 (0s)
Tip
Nb Tip removed: 0 (0s)
Nb errors removed: 2 (0s)
Superbubble
Nb superbubble removed: 0 0 (0s)
Tip
Nb Tip removed: 0 (0s)
Nb errors removed: 7 (0s)
Superbubble
Nb superbubble removed: 0 0 (0s)
Tip
Nb Tip removed: 0 (0s)
Nb errors removed: 1 (0s)
Superbubble
Nb superbubble removed: 0 0 (0s)
Tip
Nb Tip removed: 0 (0s)
Nb errors removed: 1 (0s)
Superbubble
Nb superbubble removed: 0 0 (0s)
Tip
Nb Tip removed: 0 (0s)
Nb errors removed: 1 (0s)
Superbubble
Nb superbubble removed: 0 0 (0s)
Tip
Nb Tip removed: 0 (0s)
Nb errors removed: 7 (0s)
Superbubble
Nb superbubble removed: 0 0 (0s)
Tip
Nb Tip removed: 0 (0s)
Nb errors removed: 1 (0s)
Superbubble
Nb superbubble removed: 0 0 (0s)
Tip
Nb Tip removed: 0 (0s)
Checksum: 0
Checksum abundnace: 0
Generating contigs
45.2593
28.1025
25.5477
23.2252
15.8631
13.11
11.9182
10.8347
9.84974
8.14028
7.40025
6.11591
5.05447
4.17725
3.13843
2.14359
0


metaMDBG toMinspace  /var/folders/zg/vq0dnx517c54hg87dyqjky740000gn/T/.tmpMtxbLg/tmp/ /var/folders/zg/vq0dnx517c54hg87dyqjky740000gn/T/.tmpMtxbLg/tmp//contigs.nodepath /var/folders/zg/vq0dnx517c54hg87dyqjky740000gn/T/.tmpMtxbLg/tmp//unitig_data.txt --threads 10

Input dir: /var/folders/zg/vq0dnx517c54hg87dyqjky740000gn/T/.tmpMtxbLg/tmp/
Minimizer length: 15
Kminmer length: 100
Density: 0.005

Loading unitig sequences

Creating mContigs

Contig filename: /var/folders/zg/vq0dnx517c54hg87dyqjky740000gn/T/.tmpMtxbLg/tmp//unitig_data.txt
pass done: 100
Multi-k pass: 101/204


metaMDBG graph /var/folders/zg/vq0dnx517c54hg87dyqjky740000gn/T/.tmpMtxbLg/tmp/ --threads 10 --corrected-read 

Contig filename: 
Output dir: /var/folders/zg/vq0dnx517c54hg87dyqjky740000gn/T/.tmpMtxbLg/tmp/
Minimizer length: 15
Kminmer length: 101
Density: 0.005
Min abundance: 0

Loading refined abundances
	Duration: 0
Collecting kminmers
Building mdbg
Duration: 0
Nb solid kminmers: 32538
Nb small contigs written: 0
Dump kminmer abundances
	Duration: 0
Indexing edges
Edge index size: 32574
Edge index elements: 60080
	Duration: 0
Compute unitig nodes
	Duration: 0
Index unitig edges
	Duration: 0
Compute unitig edges
	Duration: 0
Dump unitig abundances
	Duration: 0
Nb edges:   0


metaMDBG contig  /var/folders/zg/vq0dnx517c54hg87dyqjky740000gn/T/.tmpMtxbLg/tmp/ --threads 10 --gen-graph 

Input dir: /var/folders/zg/vq0dnx517c54hg87dyqjky740000gn/T/.tmpMtxbLg/tmp/
Minimizer length: 15
Kminmer length: 101
Density: 0.005

Loading unitig graph
Load unitigs
Nb unitigs: 690
Nb minimizers: 101538
Add unitig abundances
Sorting abundances
Add unitig edges
Nb unitig edges: 1312
Sorting unitig edges
Done loading unitig graph
Simplifying
Max abundance: 42
Nb unitigs: 690
Superbubble
Nb superbubble removed: 20 0 (0s)
Tip
Nb Tip removed: 222 (0s)
Superbubble
Nb superbubble removed: 40 0 (0s)
Tip
Nb Tip removed: 0 (0s)
Saving unitig graph: /var/folders/zg/vq0dnx517c54hg87dyqjky740000gn/T/.tmpMtxbLg/tmp//assembly_graph.gfa
Nb errors removed: 129 (0s)
Superbubble
Nb superbubble removed: 4 0 (0s)
Tip
Nb Tip removed: 0 (0s)
Nb errors removed: 54 (0s)
Superbubble
Nb superbubble removed: 2 0 (0s)
Tip
Nb Tip removed: 0 (0s)
Nb errors removed: 35 (0s)
Superbubble
Nb superbubble removed: 4 0 (0s)
Tip
Nb Tip removed: 0 (0s)
Nb errors removed: 26 (0s)
Superbubble
Nb superbubble removed: 0 0 (0s)
Tip
Nb Tip removed: 0 (0s)
Nb errors removed: 26 (0s)
Superbubble
Nb superbubble removed: 4 0 (0s)
Tip
Nb Tip removed: 3 (0s)
Superbubble
Nb superbubble removed: 0 0 (0s)
Tip
Nb Tip removed: 0 (0s)
Nb errors removed: 16 (0s)
Superbubble
Nb superbubble removed: 0 0 (0s)
Tip
Nb Tip removed: 0 (0s)
Nb errors removed: 12 (0s)
Superbubble
Nb superbubble removed: 0 0 (0s)
Tip
Nb Tip removed: 0 (0s)
Nb errors removed: 8 (0s)
Superbubble
Nb superbubble removed: 0 0 (0s)
Tip
Nb Tip removed: 0 (0s)
Nb errors removed: 5 (0s)
Superbubble
Nb superbubble removed: 0 0 (0s)
Tip
Nb Tip removed: 0 (0s)
Nb errors removed: 2 (0s)
Superbubble
Nb superbubble removed: 0 0 (0s)
Tip
Nb Tip removed: 0 (0s)
Nb errors removed: 9 (0s)
Superbubble
Nb superbubble removed: 0 0 (0s)
Tip
Nb Tip removed: 0 (0s)
Nb errors removed: 1 (0s)
Superbubble
Nb superbubble removed: 0 0 (0s)
Tip
Nb Tip removed: 0 (0s)
Nb errors removed: 4 (0s)
Superbubble
Nb superbubble removed: 0 0 (0s)
Tip
Nb Tip removed: 0 (0s)
Nb errors removed: 1 (0s)
Superbubble
Nb superbubble removed: 0 0 (0s)
Tip
Nb Tip removed: 0 (0s)
Nb errors removed: 8 (0s)
Superbubble
Nb superbubble removed: 0 0 (0s)
Tip
Nb Tip removed: 0 (0s)
Nb errors removed: 1 (0s)
Superbubble
Nb superbubble removed: 0 0 (0s)
Tip
Nb Tip removed: 0 (0s)
Checksum: 0
Checksum abundnace: 0
Generating contigs
45.2593
28.1025
25.5477
23.2252
15.8631
13.11
11.9182
10.8347
9.84974
8.14028
7.40025
6.11591
5.05447
4.17725
3.13843
2.14359
0


metaMDBG toMinspace  /var/folders/zg/vq0dnx517c54hg87dyqjky740000gn/T/.tmpMtxbLg/tmp/ /var/folders/zg/vq0dnx517c54hg87dyqjky740000gn/T/.tmpMtxbLg/tmp//contigs.nodepath /var/folders/zg/vq0dnx517c54hg87dyqjky740000gn/T/.tmpMtxbLg/tmp//unitig_data.txt --threads 10

Input dir: /var/folders/zg/vq0dnx517c54hg87dyqjky740000gn/T/.tmpMtxbLg/tmp/
Minimizer length: 15
Kminmer length: 101
Density: 0.005

Loading unitig sequences

Creating mContigs

Contig filename: /var/folders/zg/vq0dnx517c54hg87dyqjky740000gn/T/.tmpMtxbLg/tmp//unitig_data.txt


metaMDBG toMinspace  /var/folders/zg/vq0dnx517c54hg87dyqjky740000gn/T/.tmpMtxbLg/tmp/ /var/folders/zg/vq0dnx517c54hg87dyqjky740000gn/T/.tmpMtxbLg/tmp//assembly_graph.gfa.unitigs.nodepath /var/folders/zg/vq0dnx517c54hg87dyqjky740000gn/T/.tmpMtxbLg/tmp//assembly_graph.gfa.unitigs --threads 10

Input dir: /var/folders/zg/vq0dnx517c54hg87dyqjky740000gn/T/.tmpMtxbLg/tmp/
Minimizer length: 15
Kminmer length: 101
Density: 0.005

Loading unitig sequences

Creating mContigs

Contig filename: /var/folders/zg/vq0dnx517c54hg87dyqjky740000gn/T/.tmpMtxbLg/tmp//assembly_graph.gfa.unitigs
pass done: 101
Multi-k pass: 102/204


metaMDBG graph /var/folders/zg/vq0dnx517c54hg87dyqjky740000gn/T/.tmpMtxbLg/tmp/ --threads 10 --corrected-read 

Contig filename: 
Output dir: /var/folders/zg/vq0dnx517c54hg87dyqjky740000gn/T/.tmpMtxbLg/tmp/
Minimizer length: 15
Kminmer length: 102
Density: 0.005
Min abundance: 0

Loading refined abundances
	Duration: 0
Collecting kminmers
Building mdbg
Duration: 0
Nb solid kminmers: 32496
Nb small contigs written: 0
Dump kminmer abundances
	Duration: 0
Indexing edges
Edge index size: 32532
Edge index elements: 60111
	Duration: 0
Compute unitig nodes
	Duration: 0
Index unitig edges
	Duration: 0
Compute unitig edges
	Duration: 0
Dump unitig abundances
	Duration: 0
Nb edges:   0


metaMDBG contig  /var/folders/zg/vq0dnx517c54hg87dyqjky740000gn/T/.tmpMtxbLg/tmp/ --threads 10

Input dir: /var/folders/zg/vq0dnx517c54hg87dyqjky740000gn/T/.tmpMtxbLg/tmp/
Minimizer length: 15
Kminmer length: 102
Density: 0.005

Loading unitig graph
Load unitigs
Nb unitigs: 679
Nb minimizers: 101075
Add unitig abundances
Sorting abundances
Add unitig edges
Nb unitig edges: 1288
Sorting unitig edges
Done loading unitig graph
Simplifying
Max abundance: 42
Nb unitigs: 679
Superbubble
Nb superbubble removed: 22 0 (0s)
Tip
Nb Tip removed: 218 (0s)
Superbubble
Nb superbubble removed: 36 0 (0s)
Tip
Nb Tip removed: 0 (0s)
Nb errors removed: 126 (0s)
Superbubble
Nb superbubble removed: 4 0 (0s)
Tip
Nb Tip removed: 0 (0s)
Nb errors removed: 52 (0s)
Superbubble
Nb superbubble removed: 0 0 (0s)
Tip
Nb Tip removed: 0 (0s)
Nb errors removed: 35 (0s)
Superbubble
Nb superbubble removed: 4 0 (0s)
Tip
Nb Tip removed: 0 (0s)
Nb errors removed: 26 (0s)
Superbubble
Nb superbubble removed: 0 0 (0s)
Tip
Nb Tip removed: 0 (0s)
Nb errors removed: 26 (0s)
Superbubble
Nb superbubble removed: 4 0 (0s)
Tip
Nb Tip removed: 3 (0s)
Superbubble
Nb superbubble removed: 2 0 (0s)
Tip
Nb Tip removed: 0 (0s)
Nb errors removed: 16 (0s)
Superbubble
Nb superbubble removed: 0 0 (0s)
Tip
Nb Tip removed: 0 (0s)
Nb errors removed: 11 (0s)
Superbubble
Nb superbubble removed: 0 0 (0s)
Tip
Nb Tip removed: 0 (0s)
Nb errors removed: 8 (0s)
Superbubble
Nb superbubble removed: 0 0 (0s)
Tip
Nb Tip removed: 0 (0s)
Nb errors removed: 5 (0s)
Superbubble
Nb superbubble removed: 0 0 (0s)
Tip
Nb Tip removed: 0 (0s)
Nb errors removed: 3 (0s)
Superbubble
Nb superbubble removed: 0 0 (0s)
Tip
Nb Tip removed: 0 (0s)
Nb errors removed: 9 (0s)
Superbubble
Nb superbubble removed: 0 0 (0s)
Tip
Nb Tip removed: 0 (0s)
Nb errors removed: 1 (0s)
Superbubble
Nb superbubble removed: 0 0 (0s)
Tip
Nb Tip removed: 0 (0s)
Nb errors removed: 4 (0s)
Superbubble
Nb superbubble removed: 0 0 (0s)
Tip
Nb Tip removed: 0 (0s)
Nb errors removed: 1 (0s)
Superbubble
Nb superbubble removed: 0 0 (0s)
Tip
Nb Tip removed: 0 (0s)
Nb errors removed: 8 (0s)
Superbubble
Nb superbubble removed: 0 0 (0s)
Tip
Nb Tip removed: 0 (0s)
Nb errors removed: 1 (0s)
Superbubble
Nb superbubble removed: 0 0 (0s)
Tip
Nb Tip removed: 0 (0s)
Checksum: 0
Checksum abundnace: 0
Generating contigs
45.2593
28.1025
25.5477
23.2252
15.8631
13.11
11.9182
10.8347
9.84974
8.14028
7.40025
6.11591
5.05447
4.17725
3.13843
2.14359
0


metaMDBG toMinspace  /var/folders/zg/vq0dnx517c54hg87dyqjky740000gn/T/.tmpMtxbLg/tmp/ /var/folders/zg/vq0dnx517c54hg87dyqjky740000gn/T/.tmpMtxbLg/tmp//contigs.nodepath /var/folders/zg/vq0dnx517c54hg87dyqjky740000gn/T/.tmpMtxbLg/tmp//unitig_data.txt --threads 10

Input dir: /var/folders/zg/vq0dnx517c54hg87dyqjky740000gn/T/.tmpMtxbLg/tmp/
Minimizer length: 15
Kminmer length: 102
Density: 0.005

Loading unitig sequences

Creating mContigs

Contig filename: /var/folders/zg/vq0dnx517c54hg87dyqjky740000gn/T/.tmpMtxbLg/tmp//unitig_data.txt
pass done: 102
Multi-k pass: 103/204


metaMDBG graph /var/folders/zg/vq0dnx517c54hg87dyqjky740000gn/T/.tmpMtxbLg/tmp/ --threads 10 --corrected-read 

Contig filename: 
Output dir: /var/folders/zg/vq0dnx517c54hg87dyqjky740000gn/T/.tmpMtxbLg/tmp/
Minimizer length: 15
Kminmer length: 103
Density: 0.005
Min abundance: 0

Loading refined abundances
	Duration: 0
Collecting kminmers
Building mdbg
Duration: 0
Nb solid kminmers: 32453
Nb small contigs written: 0
Dump kminmer abundances
	Duration: 0
Indexing edges
Edge index size: 32493
Edge index elements: 59877
	Duration: 0
Compute unitig nodes
	Duration: 0
Index unitig edges
	Duration: 0
Compute unitig edges
	Duration: 0
Dump unitig abundances
	Duration: 0
Nb edges:   0


metaMDBG contig  /var/folders/zg/vq0dnx517c54hg87dyqjky740000gn/T/.tmpMtxbLg/tmp/ --threads 10

Input dir: /var/folders/zg/vq0dnx517c54hg87dyqjky740000gn/T/.tmpMtxbLg/tmp/
Minimizer length: 15
Kminmer length: 103
Density: 0.005

Loading unitig graph
Load unitigs
Nb unitigs: 670
Nb minimizers: 100793
Add unitig abundances
Sorting abundances
Add unitig edges
Nb unitig edges: 1264
Sorting unitig edges
Done loading unitig graph
Simplifying
Max abundance: 42
Nb unitigs: 670
Superbubble
Nb superbubble removed: 16 0 (0s)
Tip
Nb Tip removed: 218 (0s)
Superbubble
Nb superbubble removed: 34 0 (0s)
Tip
Nb Tip removed: 0 (0s)
Nb errors removed: 125 (0s)
Superbubble
Nb superbubble removed: 4 0 (0s)
Tip
Nb Tip removed: 0 (0s)
Nb errors removed: 51 (0s)
Superbubble
Nb superbubble removed: 0 0 (0s)
Tip
Nb Tip removed: 0 (0s)
Nb errors removed: 35 (0s)
Superbubble
Nb superbubble removed: 4 0 (0s)
Tip
Nb Tip removed: 0 (0s)
Nb errors removed: 26 (0s)
Superbubble
Nb superbubble removed: 0 0 (0s)
Tip
Nb Tip removed: 0 (0s)
Nb errors removed: 26 (0s)
Superbubble
Nb superbubble removed: 6 0 (0s)
Tip
Nb Tip removed: 3 (0s)
Superbubble
Nb superbubble removed: 2 0 (0s)
Tip
Nb Tip removed: 0 (0s)
Nb errors removed: 17 (0s)
Superbubble
Nb superbubble removed: 0 0 (0s)
Tip
Nb Tip removed: 0 (0s)
Nb errors removed: 11 (0s)
Superbubble
Nb superbubble removed: 0 0 (0s)
Tip
Nb Tip removed: 0 (0s)
Nb errors removed: 8 (0s)
Superbubble
Nb superbubble removed: 0 0 (0s)
Tip
Nb Tip removed: 0 (0s)
Nb errors removed: 5 (0s)
Superbubble
Nb superbubble removed: 0 0 (0s)
Tip
Nb Tip removed: 0 (0s)
Nb errors removed: 3 (0s)
Superbubble
Nb superbubble removed: 0 0 (0s)
Tip
Nb Tip removed: 0 (0s)
Nb errors removed: 9 (0s)
Superbubble
Nb superbubble removed: 0 0 (0s)
Tip
Nb Tip removed: 0 (0s)
Nb errors removed: 3 (0s)
Superbubble
Nb superbubble removed: 0 0 (0s)
Tip
Nb Tip removed: 0 (0s)
Nb errors removed: 4 (0s)
Superbubble
Nb superbubble removed: 0 0 (0s)
Tip
Nb Tip removed: 0 (0s)
Nb errors removed: 1 (0s)
Superbubble
Nb superbubble removed: 0 0 (0s)
Tip
Nb Tip removed: 0 (0s)
Nb errors removed: 8 (0s)
Superbubble
Nb superbubble removed: 0 0 (0s)
Tip
Nb Tip removed: 0 (0s)
Nb errors removed: 1 (0s)
Superbubble
Nb superbubble removed: 0 0 (0s)
Tip
Nb Tip removed: 0 (0s)
Checksum: 0
Checksum abundnace: 0
Generating contigs
45.2593
28.1025
25.5477
23.2252
15.8631
13.11
11.9182
10.8347
9.84974
8.14028
7.40025
6.11591
5.05447
4.17725
3.13843
2.14359
0


metaMDBG toMinspace  /var/folders/zg/vq0dnx517c54hg87dyqjky740000gn/T/.tmpMtxbLg/tmp/ /var/folders/zg/vq0dnx517c54hg87dyqjky740000gn/T/.tmpMtxbLg/tmp//contigs.nodepath /var/folders/zg/vq0dnx517c54hg87dyqjky740000gn/T/.tmpMtxbLg/tmp//unitig_data.txt --threads 10

Input dir: /var/folders/zg/vq0dnx517c54hg87dyqjky740000gn/T/.tmpMtxbLg/tmp/
Minimizer length: 15
Kminmer length: 103
Density: 0.005

Loading unitig sequences

Creating mContigs

Contig filename: /var/folders/zg/vq0dnx517c54hg87dyqjky740000gn/T/.tmpMtxbLg/tmp//unitig_data.txt
pass done: 103
Multi-k pass: 104/204


metaMDBG graph /var/folders/zg/vq0dnx517c54hg87dyqjky740000gn/T/.tmpMtxbLg/tmp/ --threads 10 --corrected-read 

Contig filename: 
Output dir: /var/folders/zg/vq0dnx517c54hg87dyqjky740000gn/T/.tmpMtxbLg/tmp/
Minimizer length: 15
Kminmer length: 104
Density: 0.005
Min abundance: 0

Loading refined abundances
	Duration: 0
Collecting kminmers
Building mdbg
Duration: 0
Nb solid kminmers: 32410
Nb small contigs written: 0
Dump kminmer abundances
	Duration: 0
Indexing edges
Edge index size: 32451
Edge index elements: 59936
	Duration: 0
Compute unitig nodes
	Duration: 0
Index unitig edges
	Duration: 0
Compute unitig edges
	Duration: 0
Dump unitig abundances
	Duration: 0
Nb edges:   0


metaMDBG contig  /var/folders/zg/vq0dnx517c54hg87dyqjky740000gn/T/.tmpMtxbLg/tmp/ --threads 10

Input dir: /var/folders/zg/vq0dnx517c54hg87dyqjky740000gn/T/.tmpMtxbLg/tmp/
Minimizer length: 15
Kminmer length: 104
Density: 0.005

Loading unitig graph
Load unitigs
Nb unitigs: 667
Nb minimizers: 101111
Add unitig abundances
Sorting abundances
Add unitig edges
Nb unitig edges: 1252
Sorting unitig edges
Done loading unitig graph
Simplifying
Max abundance: 42
Nb unitigs: 667
Superbubble
Nb superbubble removed: 16 0 (0s)
Tip
Nb Tip removed: 215 (0s)
Superbubble
Nb superbubble removed: 34 0 (0s)
Tip
Nb Tip removed: 0 (0s)
Nb errors removed: 125 (0s)
Superbubble
Nb superbubble removed: 4 0 (0s)
Tip
Nb Tip removed: 0 (0s)
Nb errors removed: 50 (0s)
Superbubble
Nb superbubble removed: 0 0 (0s)
Tip
Nb Tip removed: 0 (0s)
Nb errors removed: 35 (0s)
Superbubble
Nb superbubble removed: 4 0 (0s)
Tip
Nb Tip removed: 0 (0s)
Nb errors removed: 26 (0s)
Superbubble
Nb superbubble removed: 0 0 (0s)
Tip
Nb Tip removed: 0 (0s)
Nb errors removed: 26 (0s)
Superbubble
Nb superbubble removed: 6 0 (0s)
Tip
Nb Tip removed: 3 (0s)
Superbubble
Nb superbubble removed: 2 0 (0s)
Tip
Nb Tip removed: 0 (0s)
Nb errors removed: 17 (0s)
Superbubble
Nb superbubble removed: 0 0 (0s)
Tip
Nb Tip removed: 0 (0s)
Nb errors removed: 11 (0s)
Superbubble
Nb superbubble removed: 0 0 (0s)
Tip
Nb Tip removed: 0 (0s)
Nb errors removed: 8 (0s)
Superbubble
Nb superbubble removed: 0 0 (0s)
Tip
Nb Tip removed: 0 (0s)
Nb errors removed: 5 (0s)
Superbubble
Nb superbubble removed: 0 0 (0s)
Tip
Nb Tip removed: 0 (0s)
Nb errors removed: 3 (0s)
Superbubble
Nb superbubble removed: 0 0 (0s)
Tip
Nb Tip removed: 0 (0s)
Nb errors removed: 9 (0s)
Superbubble
Nb superbubble removed: 0 0 (0s)
Tip
Nb Tip removed: 0 (0s)
Nb errors removed: 3 (0s)
Superbubble
Nb superbubble removed: 0 0 (0s)
Tip
Nb Tip removed: 0 (0s)
Nb errors removed: 4 (0s)
Superbubble
Nb superbubble removed: 0 0 (0s)
Tip
Nb Tip removed: 0 (0s)
Nb errors removed: 1 (0s)
Superbubble
Nb superbubble removed: 0 0 (0s)
Tip
Nb Tip removed: 0 (0s)
Nb errors removed: 8 (0s)
Superbubble
Nb superbubble removed: 0 0 (0s)
Tip
Nb Tip removed: 0 (0s)
Nb errors removed: 1 (0s)
Superbubble
Nb superbubble removed: 0 0 (0s)
Tip
Nb Tip removed: 0 (0s)
Checksum: 0
Checksum abundnace: 0
Generating contigs
45.2593
28.1025
25.5477
23.2252
15.8631
13.11
11.9182
10.8347
9.84974
8.14028
7.40025
6.11591
5.05447
4.17725
3.13843
2.14359
0


metaMDBG toMinspace  /var/folders/zg/vq0dnx517c54hg87dyqjky740000gn/T/.tmpMtxbLg/tmp/ /var/folders/zg/vq0dnx517c54hg87dyqjky740000gn/T/.tmpMtxbLg/tmp//contigs.nodepath /var/folders/zg/vq0dnx517c54hg87dyqjky740000gn/T/.tmpMtxbLg/tmp//unitig_data.txt --threads 10

Input dir: /var/folders/zg/vq0dnx517c54hg87dyqjky740000gn/T/.tmpMtxbLg/tmp/
Minimizer length: 15
Kminmer length: 104
Density: 0.005

Loading unitig sequences

Creating mContigs

Contig filename: /var/folders/zg/vq0dnx517c54hg87dyqjky740000gn/T/.tmpMtxbLg/tmp//unitig_data.txt
pass done: 104
Multi-k pass: 105/204


metaMDBG graph /var/folders/zg/vq0dnx517c54hg87dyqjky740000gn/T/.tmpMtxbLg/tmp/ --threads 10 --corrected-read 

Contig filename: 
Output dir: /var/folders/zg/vq0dnx517c54hg87dyqjky740000gn/T/.tmpMtxbLg/tmp/
Minimizer length: 15
Kminmer length: 105
Density: 0.005
Min abundance: 0

Loading refined abundances
	Duration: 0
Collecting kminmers
Building mdbg
Duration: 0
Nb solid kminmers: 32365
Nb small contigs written: 0
Dump kminmer abundances
	Duration: 0
Indexing edges
Edge index size: 32408
Edge index elements: 59692
	Duration: 0
Compute unitig nodes
	Duration: 0
Index unitig edges
	Duration: 0
Compute unitig edges
	Duration: 0
Dump unitig abundances
	Duration: 0
Nb edges:   0


metaMDBG contig  /var/folders/zg/vq0dnx517c54hg87dyqjky740000gn/T/.tmpMtxbLg/tmp/ --threads 10

Input dir: /var/folders/zg/vq0dnx517c54hg87dyqjky740000gn/T/.tmpMtxbLg/tmp/
Minimizer length: 15
Kminmer length: 105
Density: 0.005

Loading unitig graph
Load unitigs
Nb unitigs: 661
Nb minimizers: 101109
Add unitig abundances
Sorting abundances
Add unitig edges
Nb unitig edges: 1238
Sorting unitig edges
Done loading unitig graph
Simplifying
Max abundance: 42
Nb unitigs: 661
Superbubble
Nb superbubble removed: 16 0 (0s)
Tip
Nb Tip removed: 211 (0s)
Superbubble
Nb superbubble removed: 34 0 (0s)
Tip
Nb Tip removed: 0 (0s)
Nb errors removed: 122 (0s)
Superbubble
Nb superbubble removed: 4 0 (0s)
Tip
Nb Tip removed: 0 (0s)
Nb errors removed: 50 (0s)
Superbubble
Nb superbubble removed: 0 0 (0s)
Tip
Nb Tip removed: 0 (0s)
Nb errors removed: 35 (0s)
Superbubble
Nb superbubble removed: 4 0 (0s)
Tip
Nb Tip removed: 0 (0s)
Nb errors removed: 26 (0s)
Superbubble
Nb superbubble removed: 0 0 (0s)
Tip
Nb Tip removed: 0 (0s)
Nb errors removed: 26 (0s)
Superbubble
Nb superbubble removed: 6 0 (0s)
Tip
Nb Tip removed: 3 (0s)
Superbubble
Nb superbubble removed: 2 0 (0s)
Tip
Nb Tip removed: 0 (0s)
Nb errors removed: 17 (0s)
Superbubble
Nb superbubble removed: 0 0 (0s)
Tip
Nb Tip removed: 0 (0s)
Nb errors removed: 11 (0s)
Superbubble
Nb superbubble removed: 0 0 (0s)
Tip
Nb Tip removed: 0 (0s)
Nb errors removed: 8 (0s)
Superbubble
Nb superbubble removed: 0 0 (0s)
Tip
Nb Tip removed: 0 (0s)
Nb errors removed: 5 (0s)
Superbubble
Nb superbubble removed: 0 0 (0s)
Tip
Nb Tip removed: 0 (0s)
Nb errors removed: 3 (0s)
Superbubble
Nb superbubble removed: 0 0 (0s)
Tip
Nb Tip removed: 0 (0s)
Nb errors removed: 9 (0s)
Superbubble
Nb superbubble removed: 0 0 (0s)
Tip
Nb Tip removed: 0 (0s)
Nb errors removed: 3 (0s)
Superbubble
Nb superbubble removed: 0 0 (0s)
Tip
Nb Tip removed: 0 (0s)
Nb errors removed: 4 (0s)
Superbubble
Nb superbubble removed: 0 0 (0s)
Tip
Nb Tip removed: 0 (0s)
Nb errors removed: 1 (0s)
Superbubble
Nb superbubble removed: 0 0 (0s)
Tip
Nb Tip removed: 0 (0s)
Nb errors removed: 8 (0s)
Superbubble
Nb superbubble removed: 0 0 (0s)
Tip
Nb Tip removed: 0 (0s)
Nb errors removed: 1 (0s)
Superbubble
Nb superbubble removed: 0 0 (0s)
Tip
Nb Tip removed: 0 (0s)
Checksum: 0
Checksum abundnace: 0
Generating contigs
45.2593
28.1025
25.5477
23.2252
15.8631
13.11
11.9182
10.8347
9.84974
8.14028
7.40025
6.11591
5.05447
4.17725
3.13843
2.14359
0


metaMDBG toMinspace  /var/folders/zg/vq0dnx517c54hg87dyqjky740000gn/T/.tmpMtxbLg/tmp/ /var/folders/zg/vq0dnx517c54hg87dyqjky740000gn/T/.tmpMtxbLg/tmp//contigs.nodepath /var/folders/zg/vq0dnx517c54hg87dyqjky740000gn/T/.tmpMtxbLg/tmp//unitig_data.txt --threads 10

Input dir: /var/folders/zg/vq0dnx517c54hg87dyqjky740000gn/T/.tmpMtxbLg/tmp/
Minimizer length: 15
Kminmer length: 105
Density: 0.005

Loading unitig sequences

Creating mContigs

Contig filename: /var/folders/zg/vq0dnx517c54hg87dyqjky740000gn/T/.tmpMtxbLg/tmp//unitig_data.txt
pass done: 105
Multi-k pass: 106/204


metaMDBG graph /var/folders/zg/vq0dnx517c54hg87dyqjky740000gn/T/.tmpMtxbLg/tmp/ --threads 10 --corrected-read 

Contig filename: 
Output dir: /var/folders/zg/vq0dnx517c54hg87dyqjky740000gn/T/.tmpMtxbLg/tmp/
Minimizer length: 15
Kminmer length: 106
Density: 0.005
Min abundance: 0

Loading refined abundances
	Duration: 0
Collecting kminmers
Building mdbg
Duration: 0
Nb solid kminmers: 32314
Nb small contigs written: 0
Dump kminmer abundances
	Duration: 0
Indexing edges
Edge index size: 32364
Edge index elements: 59635
	Duration: 0
Compute unitig nodes
	Duration: 0
Index unitig edges
	Duration: 0
Compute unitig edges
	Duration: 0
Dump unitig abundances
	Duration: 0
Nb edges:   0


metaMDBG contig  /var/folders/zg/vq0dnx517c54hg87dyqjky740000gn/T/.tmpMtxbLg/tmp/ --threads 10

Input dir: /var/folders/zg/vq0dnx517c54hg87dyqjky740000gn/T/.tmpMtxbLg/tmp/
Minimizer length: 15
Kminmer length: 106
Density: 0.005

Loading unitig graph
Load unitigs
Nb unitigs: 654
Nb minimizers: 100984
Add unitig abundances
Sorting abundances
Add unitig edges
Nb unitig edges: 1210
Sorting unitig edges
Done loading unitig graph
Simplifying
Max abundance: 42
Nb unitigs: 654
Superbubble
Nb superbubble removed: 18 0 (0s)
Tip
Nb Tip removed: 210 (0s)
Superbubble
Nb superbubble removed: 28 0 (0s)
Tip
Nb Tip removed: 0 (0s)
Nb errors removed: 122 (0s)
Superbubble
Nb superbubble removed: 4 0 (0s)
Tip
Nb Tip removed: 0 (0s)
Nb errors removed: 50 (0s)
Superbubble
Nb superbubble removed: 0 0 (0s)
Tip
Nb Tip removed: 0 (0s)
Nb errors removed: 35 (0s)
Superbubble
Nb superbubble removed: 4 0 (0s)
Tip
Nb Tip removed: 0 (0s)
Nb errors removed: 25 (0s)
Superbubble
Nb superbubble removed: 0 0 (0s)
Tip
Nb Tip removed: 0 (0s)
Nb errors removed: 26 (0s)
Superbubble
Nb superbubble removed: 6 0 (0s)
Tip
Nb Tip removed: 3 (0s)
Superbubble
Nb superbubble removed: 2 0 (0s)
Tip
Nb Tip removed: 0 (0s)
Nb errors removed: 16 (0s)
Superbubble
Nb superbubble removed: 0 0 (0s)
Tip
Nb Tip removed: 0 (0s)
Nb errors removed: 11 (0s)
Superbubble
Nb superbubble removed: 0 0 (0s)
Tip
Nb Tip removed: 0 (0s)
Nb errors removed: 9 (0s)
Superbubble
Nb superbubble removed: 0 0 (0s)
Tip
Nb Tip removed: 0 (0s)
Nb errors removed: 7 (0s)
Superbubble
Nb superbubble removed: 0 0 (0s)
Tip
Nb Tip removed: 0 (0s)
Nb errors removed: 3 (0s)
Superbubble
Nb superbubble removed: 0 0 (0s)
Tip
Nb Tip removed: 0 (0s)
Nb errors removed: 12 (0s)
Superbubble
Nb superbubble removed: 0 0 (0s)
Tip
Nb Tip removed: 0 (0s)
Nb errors removed: 3 (0s)
Superbubble
Nb superbubble removed: 0 0 (0s)
Tip
Nb Tip removed: 0 (0s)
Nb errors removed: 4 (0s)
Superbubble
Nb superbubble removed: 0 0 (0s)
Tip
Nb Tip removed: 0 (0s)
Nb errors removed: 1 (0s)
Superbubble
Nb superbubble removed: 0 0 (0s)
Tip
Nb Tip removed: 0 (0s)
Nb errors removed: 8 (0s)
Superbubble
Nb superbubble removed: 0 0 (0s)
Tip
Nb Tip removed: 0 (0s)
Nb errors removed: 1 (0s)
Superbubble
Nb superbubble removed: 0 0 (0s)
Tip
Nb Tip removed: 0 (0s)
Checksum: 0
Checksum abundnace: 0
Generating contigs
45.2593
28.1025
25.5477
23.2252
15.8631
13.11
11.9182
10.8347
9.84974
8.14028
7.40025
6.11591
5.05447
4.17725
3.13843
2.14359
0


metaMDBG toMinspace  /var/folders/zg/vq0dnx517c54hg87dyqjky740000gn/T/.tmpMtxbLg/tmp/ /var/folders/zg/vq0dnx517c54hg87dyqjky740000gn/T/.tmpMtxbLg/tmp//contigs.nodepath /var/folders/zg/vq0dnx517c54hg87dyqjky740000gn/T/.tmpMtxbLg/tmp//unitig_data.txt --threads 10

Input dir: /var/folders/zg/vq0dnx517c54hg87dyqjky740000gn/T/.tmpMtxbLg/tmp/
Minimizer length: 15
Kminmer length: 106
Density: 0.005

Loading unitig sequences

Creating mContigs

Contig filename: /var/folders/zg/vq0dnx517c54hg87dyqjky740000gn/T/.tmpMtxbLg/tmp//unitig_data.txt
pass done: 106
Multi-k pass: 107/204


metaMDBG graph /var/folders/zg/vq0dnx517c54hg87dyqjky740000gn/T/.tmpMtxbLg/tmp/ --threads 10 --corrected-read 

Contig filename: 
Output dir: /var/folders/zg/vq0dnx517c54hg87dyqjky740000gn/T/.tmpMtxbLg/tmp/
Minimizer length: 15
Kminmer length: 107
Density: 0.005
Min abundance: 0

Loading refined abundances
	Duration: 0
Collecting kminmers
Building mdbg
Duration: 0
Nb solid kminmers: 32263
Nb small contigs written: 0
Dump kminmer abundances
	Duration: 0
Indexing edges
Edge index size: 32311
Edge index elements: 59294
	Duration: 0
Compute unitig nodes
	Duration: 0
Index unitig edges
	Duration: 0
Compute unitig edges
	Duration: 0
Dump unitig abundances
	Duration: 0
Nb edges:   0


metaMDBG contig  /var/folders/zg/vq0dnx517c54hg87dyqjky740000gn/T/.tmpMtxbLg/tmp/ --threads 10

Input dir: /var/folders/zg/vq0dnx517c54hg87dyqjky740000gn/T/.tmpMtxbLg/tmp/
Minimizer length: 15
Kminmer length: 107
Density: 0.005

Loading unitig graph
Load unitigs
Nb unitigs: 649
Nb minimizers: 101057
Add unitig abundances
Sorting abundances
Add unitig edges
Nb unitig edges: 1206
Sorting unitig edges
Done loading unitig graph
Simplifying
Max abundance: 42
Nb unitigs: 649
Superbubble
Nb superbubble removed: 18 0 (0s)
Tip
Nb Tip removed: 209 (0s)
Superbubble
Nb superbubble removed: 26 0 (0s)
Tip
Nb Tip removed: 0 (0s)
Nb errors removed: 122 (0s)
Superbubble
Nb superbubble removed: 4 0 (0s)
Tip
Nb Tip removed: 0 (0s)
Nb errors removed: 50 (0s)
Superbubble
Nb superbubble removed: 0 0 (0s)
Tip
Nb Tip removed: 0 (0s)
Nb errors removed: 35 (0s)
Superbubble
Nb superbubble removed: 4 0 (0s)
Tip
Nb Tip removed: 0 (0s)
Nb errors removed: 24 (0s)
Superbubble
Nb superbubble removed: 0 0 (0s)
Tip
Nb Tip removed: 0 (0s)
Nb errors removed: 26 (0s)
Superbubble
Nb superbubble removed: 6 0 (0s)
Tip
Nb Tip removed: 3 (0s)
Superbubble
Nb superbubble removed: 2 0 (0s)
Tip
Nb Tip removed: 0 (0s)
Nb errors removed: 15 (0s)
Superbubble
Nb superbubble removed: 0 0 (0s)
Tip
Nb Tip removed: 0 (0s)
Nb errors removed: 11 (0s)
Superbubble
Nb superbubble removed: 0 0 (0s)
Tip
Nb Tip removed: 0 (0s)
Nb errors removed: 9 (0s)
Superbubble
Nb superbubble removed: 0 0 (0s)
Tip
Nb Tip removed: 0 (0s)
Nb errors removed: 7 (0s)
Superbubble
Nb superbubble removed: 0 0 (0s)
Tip
Nb Tip removed: 0 (0s)
Nb errors removed: 3 (0s)
Superbubble
Nb superbubble removed: 0 0 (0s)
Tip
Nb Tip removed: 0 (0s)
Nb errors removed: 12 (0s)
Superbubble
Nb superbubble removed: 0 0 (0s)
Tip
Nb Tip removed: 0 (0s)
Nb errors removed: 3 (0s)
Superbubble
Nb superbubble removed: 0 0 (0s)
Tip
Nb Tip removed: 0 (0s)
Nb errors removed: 4 (0s)
Superbubble
Nb superbubble removed: 0 0 (0s)
Tip
Nb Tip removed: 0 (0s)
Nb errors removed: 1 (0s)
Superbubble
Nb superbubble removed: 0 0 (0s)
Tip
Nb Tip removed: 0 (0s)
Nb errors removed: 8 (0s)
Superbubble
Nb superbubble removed: 0 0 (0s)
Tip
Nb Tip removed: 0 (0s)
Nb errors removed: 1 (0s)
Superbubble
Nb superbubble removed: 0 0 (0s)
Tip
Nb Tip removed: 0 (0s)
Checksum: 0
Checksum abundnace: 0
Generating contigs
45.2593
28.1025
25.5477
23.2252
15.8631
13.11
11.9182
10.8347
9.84974
8.14028
7.40025
6.11591
5.05447
4.17725
3.13843
2.14359
0


metaMDBG toMinspace  /var/folders/zg/vq0dnx517c54hg87dyqjky740000gn/T/.tmpMtxbLg/tmp/ /var/folders/zg/vq0dnx517c54hg87dyqjky740000gn/T/.tmpMtxbLg/tmp//contigs.nodepath /var/folders/zg/vq0dnx517c54hg87dyqjky740000gn/T/.tmpMtxbLg/tmp//unitig_data.txt --threads 10

Input dir: /var/folders/zg/vq0dnx517c54hg87dyqjky740000gn/T/.tmpMtxbLg/tmp/
Minimizer length: 15
Kminmer length: 107
Density: 0.005

Loading unitig sequences

Creating mContigs

Contig filename: /var/folders/zg/vq0dnx517c54hg87dyqjky740000gn/T/.tmpMtxbLg/tmp//unitig_data.txt
pass done: 107
Multi-k pass: 108/204


metaMDBG graph /var/folders/zg/vq0dnx517c54hg87dyqjky740000gn/T/.tmpMtxbLg/tmp/ --threads 10 --corrected-read 

Contig filename: 
Output dir: /var/folders/zg/vq0dnx517c54hg87dyqjky740000gn/T/.tmpMtxbLg/tmp/
Minimizer length: 15
Kminmer length: 108
Density: 0.005
Min abundance: 0

Loading refined abundances
	Duration: 0
Collecting kminmers
Building mdbg
Duration: 0
Nb solid kminmers: 32206
Nb small contigs written: 0
Dump kminmer abundances
	Duration: 0
Indexing edges
Edge index size: 32259
Edge index elements: 59510
	Duration: 0
Compute unitig nodes
	Duration: 0
Index unitig edges
	Duration: 0
Compute unitig edges
	Duration: 0
Dump unitig abundances
	Duration: 0
Nb edges:   0


metaMDBG contig  /var/folders/zg/vq0dnx517c54hg87dyqjky740000gn/T/.tmpMtxbLg/tmp/ --threads 10

Input dir: /var/folders/zg/vq0dnx517c54hg87dyqjky740000gn/T/.tmpMtxbLg/tmp/
Minimizer length: 15
Kminmer length: 108
Density: 0.005

Loading unitig graph
Load unitigs
Nb unitigs: 635
Nb minimizers: 100151
Add unitig abundances
Sorting abundances
Add unitig edges
Nb unitig edges: 1166
Sorting unitig edges
Done loading unitig graph
Simplifying
Max abundance: 42
Nb unitigs: 635
Superbubble
Nb superbubble removed: 20 0 (0s)
Tip
Nb Tip removed: 207 (0s)
Superbubble
Nb superbubble removed: 26 0 (0s)
Tip
Nb Tip removed: 0 (0s)
Nb errors removed: 119 (0s)
Superbubble
Nb superbubble removed: 2 0 (0s)
Tip
Nb Tip removed: 0 (0s)
Nb errors removed: 51 (0s)
Superbubble
Nb superbubble removed: 0 0 (0s)
Tip
Nb Tip removed: 0 (0s)
Nb errors removed: 33 (0s)
Superbubble
Nb superbubble removed: 4 0 (0s)
Tip
Nb Tip removed: 0 (0s)
Nb errors removed: 24 (0s)
Superbubble
Nb superbubble removed: 0 0 (0s)
Tip
Nb Tip removed: 0 (0s)
Nb errors removed: 26 (0s)
Superbubble
Nb superbubble removed: 4 0 (0s)
Tip
Nb Tip removed: 0 (0s)
Nb errors removed: 15 (0s)
Superbubble
Nb superbubble removed: 2 0 (0s)
Tip
Nb Tip removed: 0 (0s)
Nb errors removed: 11 (0s)
Superbubble
Nb superbubble removed: 0 0 (0s)
Tip
Nb Tip removed: 0 (0s)
Nb errors removed: 10 (0s)
Superbubble
Nb superbubble removed: 0 0 (0s)
Tip
Nb Tip removed: 0 (0s)
Nb errors removed: 7 (0s)
Superbubble
Nb superbubble removed: 0 0 (0s)
Tip
Nb Tip removed: 0 (0s)
Nb errors removed: 3 (0s)
Superbubble
Nb superbubble removed: 0 0 (0s)
Tip
Nb Tip removed: 0 (0s)
Nb errors removed: 11 (0s)
Superbubble
Nb superbubble removed: 0 0 (0s)
Tip
Nb Tip removed: 0 (0s)
Nb errors removed: 3 (0s)
Superbubble
Nb superbubble removed: 0 0 (0s)
Tip
Nb Tip removed: 0 (0s)
Nb errors removed: 4 (0s)
Superbubble
Nb superbubble removed: 0 0 (0s)
Tip
Nb Tip removed: 0 (0s)
Nb errors removed: 1 (0s)
Superbubble
Nb superbubble removed: 0 0 (0s)
Tip
Nb Tip removed: 0 (0s)
Nb errors removed: 8 (0s)
Superbubble
Nb superbubble removed: 0 0 (0s)
Tip
Nb Tip removed: 0 (0s)
Nb errors removed: 1 (0s)
Superbubble
Nb superbubble removed: 0 0 (0s)
Tip
Nb Tip removed: 0 (0s)
Checksum: 0
Checksum abundnace: 0
Generating contigs
45.2593
28.1025
25.5477
23.2252
15.8631
13.11
11.9182
10.8347
9.84974
8.14028
7.40025
6.11591
5.05447
4.17725
3.13843
2.14359
0


metaMDBG toMinspace  /var/folders/zg/vq0dnx517c54hg87dyqjky740000gn/T/.tmpMtxbLg/tmp/ /var/folders/zg/vq0dnx517c54hg87dyqjky740000gn/T/.tmpMtxbLg/tmp//contigs.nodepath /var/folders/zg/vq0dnx517c54hg87dyqjky740000gn/T/.tmpMtxbLg/tmp//unitig_data.txt --threads 10

Input dir: /var/folders/zg/vq0dnx517c54hg87dyqjky740000gn/T/.tmpMtxbLg/tmp/
Minimizer length: 15
Kminmer length: 108
Density: 0.005

Loading unitig sequences

Creating mContigs

Contig filename: /var/folders/zg/vq0dnx517c54hg87dyqjky740000gn/T/.tmpMtxbLg/tmp//unitig_data.txt
pass done: 108
Multi-k pass: 109/204


metaMDBG graph /var/folders/zg/vq0dnx517c54hg87dyqjky740000gn/T/.tmpMtxbLg/tmp/ --threads 10 --corrected-read 

Contig filename: 
Output dir: /var/folders/zg/vq0dnx517c54hg87dyqjky740000gn/T/.tmpMtxbLg/tmp/
Minimizer length: 15
Kminmer length: 109
Density: 0.005
Min abundance: 0

Loading refined abundances
	Duration: 0
Collecting kminmers
Building mdbg
Duration: 0
Nb solid kminmers: 32144
Nb small contigs written: 0
Dump kminmer abundances
	Duration: 0
Indexing edges
Edge index size: 32200
Edge index elements: 59372
	Duration: 0
Compute unitig nodes
	Duration: 0
Index unitig edges
	Duration: 0
Compute unitig edges
	Duration: 0
Dump unitig abundances
	Duration: 0
Nb edges:   0


metaMDBG contig  /var/folders/zg/vq0dnx517c54hg87dyqjky740000gn/T/.tmpMtxbLg/tmp/ --threads 10

Input dir: /var/folders/zg/vq0dnx517c54hg87dyqjky740000gn/T/.tmpMtxbLg/tmp/
Minimizer length: 15
Kminmer length: 109
Density: 0.005

Loading unitig graph
Load unitigs
Nb unitigs: 626
Nb minimizers: 99752
Add unitig abundances
Sorting abundances
Add unitig edges
Nb unitig edges: 1142
Sorting unitig edges
Done loading unitig graph
Simplifying
Max abundance: 42
Nb unitigs: 626
Superbubble
Nb superbubble removed: 18 0 (0s)
Tip
Nb Tip removed: 205 (0s)
Superbubble
Nb superbubble removed: 26 0 (0s)
Tip
Nb Tip removed: 0 (0s)
Nb errors removed: 119 (0s)
Superbubble
Nb superbubble removed: 2 0 (0s)
Tip
Nb Tip removed: 0 (0s)
Nb errors removed: 51 (0s)
Superbubble
Nb superbubble removed: 0 0 (0s)
Tip
Nb Tip removed: 0 (0s)
Nb errors removed: 33 (0s)
Superbubble
Nb superbubble removed: 4 0 (0s)
Tip
Nb Tip removed: 0 (0s)
Nb errors removed: 23 (0s)
Superbubble
Nb superbubble removed: 0 0 (0s)
Tip
Nb Tip removed: 0 (0s)
Nb errors removed: 25 (0s)
Superbubble
Nb superbubble removed: 4 0 (0s)
Tip
Nb Tip removed: 0 (0s)
Nb errors removed: 15 (0s)
Superbubble
Nb superbubble removed: 2 0 (0s)
Tip
Nb Tip removed: 0 (0s)
Nb errors removed: 11 (0s)
Superbubble
Nb superbubble removed: 0 0 (0s)
Tip
Nb Tip removed: 0 (0s)
Nb errors removed: 10 (0s)
Superbubble
Nb superbubble removed: 0 0 (0s)
Tip
Nb Tip removed: 0 (0s)
Nb errors removed: 7 (0s)
Superbubble
Nb superbubble removed: 0 0 (0s)
Tip
Nb Tip removed: 0 (0s)
Nb errors removed: 3 (0s)
Superbubble
Nb superbubble removed: 0 0 (0s)
Tip
Nb Tip removed: 0 (0s)
Nb errors removed: 12 (0s)
Superbubble
Nb superbubble removed: 0 0 (0s)
Tip
Nb Tip removed: 0 (0s)
Nb errors removed: 3 (0s)
Superbubble
Nb superbubble removed: 0 0 (0s)
Tip
Nb Tip removed: 0 (0s)
Nb errors removed: 4 (0s)
Superbubble
Nb superbubble removed: 0 0 (0s)
Tip
Nb Tip removed: 0 (0s)
Nb errors removed: 1 (0s)
Superbubble
Nb superbubble removed: 0 0 (0s)
Tip
Nb Tip removed: 0 (0s)
Nb errors removed: 7 (0s)
Superbubble
Nb superbubble removed: 0 0 (0s)
Tip
Nb Tip removed: 0 (0s)
Nb errors removed: 1 (0s)
Superbubble
Nb superbubble removed: 0 0 (0s)
Tip
Nb Tip removed: 0 (0s)
Checksum: 0
Checksum abundnace: 0
Generating contigs
45.2593
28.1025
25.5477
23.2252
15.8631
13.11
11.9182
10.8347
9.84974
8.14028
7.40025
6.11591
5.05447
4.17725
3.13843
2.14359
0


metaMDBG toMinspace  /var/folders/zg/vq0dnx517c54hg87dyqjky740000gn/T/.tmpMtxbLg/tmp/ /var/folders/zg/vq0dnx517c54hg87dyqjky740000gn/T/.tmpMtxbLg/tmp//contigs.nodepath /var/folders/zg/vq0dnx517c54hg87dyqjky740000gn/T/.tmpMtxbLg/tmp//unitig_data.txt --threads 10

Input dir: /var/folders/zg/vq0dnx517c54hg87dyqjky740000gn/T/.tmpMtxbLg/tmp/
Minimizer length: 15
Kminmer length: 109
Density: 0.005

Loading unitig sequences

Creating mContigs

Contig filename: /var/folders/zg/vq0dnx517c54hg87dyqjky740000gn/T/.tmpMtxbLg/tmp//unitig_data.txt
pass done: 109
Multi-k pass: 110/204


metaMDBG graph /var/folders/zg/vq0dnx517c54hg87dyqjky740000gn/T/.tmpMtxbLg/tmp/ --threads 10 --corrected-read 

Contig filename: 
Output dir: /var/folders/zg/vq0dnx517c54hg87dyqjky740000gn/T/.tmpMtxbLg/tmp/
Minimizer length: 15
Kminmer length: 110
Density: 0.005
Min abundance: 0

Loading refined abundances
	Duration: 0
Collecting kminmers
Building mdbg
Duration: 0
Nb solid kminmers: 32082
Nb small contigs written: 0
Dump kminmer abundances
	Duration: 0
Indexing edges
Edge index size: 32142
Edge index elements: 59167
	Duration: 0
Compute unitig nodes
	Duration: 0
Index unitig edges
	Duration: 0
Compute unitig edges
	Duration: 0
Dump unitig abundances
	Duration: 0
Nb edges:   0


metaMDBG contig  /var/folders/zg/vq0dnx517c54hg87dyqjky740000gn/T/.tmpMtxbLg/tmp/ --threads 10

Input dir: /var/folders/zg/vq0dnx517c54hg87dyqjky740000gn/T/.tmpMtxbLg/tmp/
Minimizer length: 15
Kminmer length: 110
Density: 0.005

Loading unitig graph
Load unitigs
Nb unitigs: 619
Nb minimizers: 99553
Add unitig abundances
Sorting abundances
Add unitig edges
Nb unitig edges: 1118
Sorting unitig edges
Done loading unitig graph
Simplifying
Max abundance: 42
Nb unitigs: 619
Superbubble
Nb superbubble removed: 18 0 (0s)
Tip
Nb Tip removed: 203 (0s)
Superbubble
Nb superbubble removed: 26 0 (0s)
Tip
Nb Tip removed: 0 (0s)
Nb errors removed: 118 (0s)
Superbubble
Nb superbubble removed: 2 0 (0s)
Tip
Nb Tip removed: 0 (0s)
Nb errors removed: 51 (0s)
Superbubble
Nb superbubble removed: 0 0 (0s)
Tip
Nb Tip removed: 0 (0s)
Nb errors removed: 34 (0s)
Superbubble
Nb superbubble removed: 2 0 (0s)
Tip
Nb Tip removed: 0 (0s)
Nb errors removed: 23 (0s)
Superbubble
Nb superbubble removed: 0 0 (0s)
Tip
Nb Tip removed: 0 (0s)
Nb errors removed: 24 (0s)
Superbubble
Nb superbubble removed: 4 0 (0s)
Tip
Nb Tip removed: 0 (0s)
Nb errors removed: 15 (0s)
Superbubble
Nb superbubble removed: 2 0 (0s)
Tip
Nb Tip removed: 0 (0s)
Nb errors removed: 11 (0s)
Superbubble
Nb superbubble removed: 0 0 (0s)
Tip
Nb Tip removed: 0 (0s)
Nb errors removed: 10 (0s)
Superbubble
Nb superbubble removed: 0 0 (0s)
Tip
Nb Tip removed: 0 (0s)
Nb errors removed: 8 (0s)
Superbubble
Nb superbubble removed: 0 0 (0s)
Tip
Nb Tip removed: 0 (0s)
Nb errors removed: 3 (0s)
Superbubble
Nb superbubble removed: 0 0 (0s)
Tip
Nb Tip removed: 0 (0s)
Nb errors removed: 12 (0s)
Superbubble
Nb superbubble removed: 0 0 (0s)
Tip
Nb Tip removed: 0 (0s)
Nb errors removed: 3 (0s)
Superbubble
Nb superbubble removed: 0 0 (0s)
Tip
Nb Tip removed: 0 (0s)
Nb errors removed: 4 (0s)
Superbubble
Nb superbubble removed: 0 0 (0s)
Tip
Nb Tip removed: 0 (0s)
Nb errors removed: 1 (0s)
Superbubble
Nb superbubble removed: 0 0 (0s)
Tip
Nb Tip removed: 0 (0s)
Nb errors removed: 7 (0s)
Superbubble
Nb superbubble removed: 0 0 (0s)
Tip
Nb Tip removed: 0 (0s)
Nb errors removed: 1 (0s)
Superbubble
Nb superbubble removed: 0 0 (0s)
Tip
Nb Tip removed: 0 (0s)
Checksum: 0
Checksum abundnace: 0
Generating contigs
45.2593
28.1025
25.5477
23.2252
15.8631
13.11
11.9182
10.8347
9.84974
8.14028
7.40025
6.11591
5.05447
4.17725
3.13843
2.14359
0


metaMDBG toMinspace  /var/folders/zg/vq0dnx517c54hg87dyqjky740000gn/T/.tmpMtxbLg/tmp/ /var/folders/zg/vq0dnx517c54hg87dyqjky740000gn/T/.tmpMtxbLg/tmp//contigs.nodepath /var/folders/zg/vq0dnx517c54hg87dyqjky740000gn/T/.tmpMtxbLg/tmp//unitig_data.txt --threads 10

Input dir: /var/folders/zg/vq0dnx517c54hg87dyqjky740000gn/T/.tmpMtxbLg/tmp/
Minimizer length: 15
Kminmer length: 110
Density: 0.005

Loading unitig sequences

Creating mContigs

Contig filename: /var/folders/zg/vq0dnx517c54hg87dyqjky740000gn/T/.tmpMtxbLg/tmp//unitig_data.txt
pass done: 110
Multi-k pass: 111/204


metaMDBG graph /var/folders/zg/vq0dnx517c54hg87dyqjky740000gn/T/.tmpMtxbLg/tmp/ --threads 10 --corrected-read 

Contig filename: 
Output dir: /var/folders/zg/vq0dnx517c54hg87dyqjky740000gn/T/.tmpMtxbLg/tmp/
Minimizer length: 15
Kminmer length: 111
Density: 0.005
Min abundance: 0

Loading refined abundances
	Duration: 0
Collecting kminmers
Building mdbg
Duration: 0
Nb solid kminmers: 32020
Nb small contigs written: 0
Dump kminmer abundances
	Duration: 0
Indexing edges
Edge index size: 32077
Edge index elements: 58849
	Duration: 0
Compute unitig nodes
	Duration: 0
Index unitig edges
	Duration: 0
Compute unitig edges
	Duration: 0
Dump unitig abundances
	Duration: 0
Nb edges:   0


metaMDBG contig  /var/folders/zg/vq0dnx517c54hg87dyqjky740000gn/T/.tmpMtxbLg/tmp/ --threads 10 --gen-graph 

Input dir: /var/folders/zg/vq0dnx517c54hg87dyqjky740000gn/T/.tmpMtxbLg/tmp/
Minimizer length: 15
Kminmer length: 111
Density: 0.005

Loading unitig graph
Load unitigs
Nb unitigs: 611
Nb minimizers: 99230
Add unitig abundances
Sorting abundances
Add unitig edges
Nb unitig edges: 1110
Sorting unitig edges
Done loading unitig graph
Simplifying
Max abundance: 42
Nb unitigs: 611
Superbubble
Nb superbubble removed: 18 0 (0s)
Tip
Nb Tip removed: 202 (0s)
Superbubble
Nb superbubble removed: 26 0 (0s)
Tip
Nb Tip removed: 0 (0s)
Saving unitig graph: /var/folders/zg/vq0dnx517c54hg87dyqjky740000gn/T/.tmpMtxbLg/tmp//assembly_graph.gfa
Nb errors removed: 114 (0s)
Superbubble
Nb superbubble removed: 0 0 (0s)
Tip
Nb Tip removed: 0 (0s)
Nb errors removed: 50 (0s)
Superbubble
Nb superbubble removed: 0 0 (0s)
Tip
Nb Tip removed: 0 (0s)
Nb errors removed: 33 (0s)
Superbubble
Nb superbubble removed: 2 0 (0s)
Tip
Nb Tip removed: 0 (0s)
Nb errors removed: 23 (0s)
Superbubble
Nb superbubble removed: 0 0 (0s)
Tip
Nb Tip removed: 0 (0s)
Nb errors removed: 24 (0s)
Superbubble
Nb superbubble removed: 4 0 (0s)
Tip
Nb Tip removed: 0 (0s)
Nb errors removed: 15 (0s)
Superbubble
Nb superbubble removed: 2 0 (0s)
Tip
Nb Tip removed: 0 (0s)
Nb errors removed: 12 (0s)
Superbubble
Nb superbubble removed: 0 0 (0s)
Tip
Nb Tip removed: 0 (0s)
Nb errors removed: 10 (0s)
Superbubble
Nb superbubble removed: 0 0 (0s)
Tip
Nb Tip removed: 0 (0s)
Nb errors removed: 8 (0s)
Superbubble
Nb superbubble removed: 0 0 (0s)
Tip
Nb Tip removed: 0 (0s)
Nb errors removed: 3 (0s)
Superbubble
Nb superbubble removed: 0 0 (0s)
Tip
Nb Tip removed: 0 (0s)
Nb errors removed: 13 (0s)
Superbubble
Nb superbubble removed: 0 0 (0s)
Tip
Nb Tip removed: 0 (0s)
Nb errors removed: 3 (0s)
Superbubble
Nb superbubble removed: 0 0 (0s)
Tip
Nb Tip removed: 0 (0s)
Nb errors removed: 4 (0s)
Superbubble
Nb superbubble removed: 0 0 (0s)
Tip
Nb Tip removed: 0 (0s)
Nb errors removed: 1 (0s)
Superbubble
Nb superbubble removed: 0 0 (0s)
Tip
Nb Tip removed: 0 (0s)
Nb errors removed: 7 (0s)
Superbubble
Nb superbubble removed: 0 0 (0s)
Tip
Nb Tip removed: 0 (0s)
Nb errors removed: 1 (0s)
Superbubble
Nb superbubble removed: 0 0 (0s)
Tip
Nb Tip removed: 0 (0s)
Checksum: 0
Checksum abundnace: 0
Generating contigs
45.2593
28.1025
25.5477
23.2252
15.8631
13.11
11.9182
10.8347
9.84974
8.14028
7.40025
6.11591
5.05447
4.17725
3.13843
2.14359
0


metaMDBG toMinspace  /var/folders/zg/vq0dnx517c54hg87dyqjky740000gn/T/.tmpMtxbLg/tmp/ /var/folders/zg/vq0dnx517c54hg87dyqjky740000gn/T/.tmpMtxbLg/tmp//contigs.nodepath /var/folders/zg/vq0dnx517c54hg87dyqjky740000gn/T/.tmpMtxbLg/tmp//unitig_data.txt --threads 10

Input dir: /var/folders/zg/vq0dnx517c54hg87dyqjky740000gn/T/.tmpMtxbLg/tmp/
Minimizer length: 15
Kminmer length: 111
Density: 0.005

Loading unitig sequences

Creating mContigs

Contig filename: /var/folders/zg/vq0dnx517c54hg87dyqjky740000gn/T/.tmpMtxbLg/tmp//unitig_data.txt


metaMDBG toMinspace  /var/folders/zg/vq0dnx517c54hg87dyqjky740000gn/T/.tmpMtxbLg/tmp/ /var/folders/zg/vq0dnx517c54hg87dyqjky740000gn/T/.tmpMtxbLg/tmp//assembly_graph.gfa.unitigs.nodepath /var/folders/zg/vq0dnx517c54hg87dyqjky740000gn/T/.tmpMtxbLg/tmp//assembly_graph.gfa.unitigs --threads 10

Input dir: /var/folders/zg/vq0dnx517c54hg87dyqjky740000gn/T/.tmpMtxbLg/tmp/
Minimizer length: 15
Kminmer length: 111
Density: 0.005

Loading unitig sequences

Creating mContigs

Contig filename: /var/folders/zg/vq0dnx517c54hg87dyqjky740000gn/T/.tmpMtxbLg/tmp//assembly_graph.gfa.unitigs
pass done: 111
Multi-k pass: 112/204


metaMDBG graph /var/folders/zg/vq0dnx517c54hg87dyqjky740000gn/T/.tmpMtxbLg/tmp/ --threads 10 --corrected-read 

Contig filename: 
Output dir: /var/folders/zg/vq0dnx517c54hg87dyqjky740000gn/T/.tmpMtxbLg/tmp/
Minimizer length: 15
Kminmer length: 112
Density: 0.005
Min abundance: 0

Loading refined abundances
	Duration: 0
Collecting kminmers
Building mdbg
Duration: 0
Nb solid kminmers: 31956
Nb small contigs written: 0
Dump kminmer abundances
	Duration: 0
Indexing edges
Edge index size: 32016
Edge index elements: 58707
	Duration: 0
Compute unitig nodes
	Duration: 0
Index unitig edges
	Duration: 0
Compute unitig edges
	Duration: 0
Dump unitig abundances
	Duration: 0
Nb edges:   0


metaMDBG contig  /var/folders/zg/vq0dnx517c54hg87dyqjky740000gn/T/.tmpMtxbLg/tmp/ --threads 10

Input dir: /var/folders/zg/vq0dnx517c54hg87dyqjky740000gn/T/.tmpMtxbLg/tmp/
Minimizer length: 15
Kminmer length: 112
Density: 0.005

Loading unitig graph
Load unitigs
Nb unitigs: 599
Nb minimizers: 98445
Add unitig abundances
Sorting abundances
Add unitig edges
Nb unitig edges: 1080
Sorting unitig edges
Done loading unitig graph
Simplifying
Max abundance: 42
Nb unitigs: 599
Superbubble
Nb superbubble removed: 18 0 (0s)
Tip
Nb Tip removed: 194 (0s)
Superbubble
Nb superbubble removed: 26 0 (0s)
Tip
Nb Tip removed: 0 (0s)
Nb errors removed: 112 (0s)
Superbubble
Nb superbubble removed: 0 0 (0s)
Tip
Nb Tip removed: 0 (0s)
Nb errors removed: 47 (0s)
Superbubble
Nb superbubble removed: 0 0 (0s)
Tip
Nb Tip removed: 0 (0s)
Nb errors removed: 32 (0s)
Superbubble
Nb superbubble removed: 2 0 (0s)
Tip
Nb Tip removed: 0 (0s)
Nb errors removed: 23 (0s)
Superbubble
Nb superbubble removed: 0 0 (0s)
Tip
Nb Tip removed: 0 (0s)
Nb errors removed: 24 (0s)
Superbubble
Nb superbubble removed: 2 0 (0s)
Tip
Nb Tip removed: 0 (0s)
Nb errors removed: 15 (0s)
Superbubble
Nb superbubble removed: 2 0 (0s)
Tip
Nb Tip removed: 0 (0s)
Nb errors removed: 12 (0s)
Superbubble
Nb superbubble removed: 0 0 (0s)
Tip
Nb Tip removed: 0 (0s)
Nb errors removed: 10 (0s)
Superbubble
Nb superbubble removed: 0 0 (0s)
Tip
Nb Tip removed: 0 (0s)
Nb errors removed: 8 (0s)
Superbubble
Nb superbubble removed: 2 0 (0s)
Tip
Nb Tip removed: 0 (0s)
Nb errors removed: 4 (0s)
Superbubble
Nb superbubble removed: 0 0 (0s)
Tip
Nb Tip removed: 0 (0s)
Nb errors removed: 11 (0s)
Superbubble
Nb superbubble removed: 0 0 (0s)
Tip
Nb Tip removed: 0 (0s)
Nb errors removed: 3 (0s)
Superbubble
Nb superbubble removed: 0 0 (0s)
Tip
Nb Tip removed: 0 (0s)
Nb errors removed: 4 (0s)
Superbubble
Nb superbubble removed: 0 0 (0s)
Tip
Nb Tip removed: 0 (0s)
Nb errors removed: 1 (0s)
Superbubble
Nb superbubble removed: 0 0 (0s)
Tip
Nb Tip removed: 0 (0s)
Nb errors removed: 7 (0s)
Superbubble
Nb superbubble removed: 0 0 (0s)
Tip
Nb Tip removed: 0 (0s)
Nb errors removed: 1 (0s)
Superbubble
Nb superbubble removed: 0 0 (0s)
Tip
Nb Tip removed: 0 (0s)
Checksum: 0
Checksum abundnace: 0
Generating contigs
45.2593
28.1025
25.5477
23.2252
15.8631
13.11
11.9182
10.8347
9.84974
8.14028
7.40025
6.11591
5.05447
4.17725
3.13843
2.14359
0


metaMDBG toMinspace  /var/folders/zg/vq0dnx517c54hg87dyqjky740000gn/T/.tmpMtxbLg/tmp/ /var/folders/zg/vq0dnx517c54hg87dyqjky740000gn/T/.tmpMtxbLg/tmp//contigs.nodepath /var/folders/zg/vq0dnx517c54hg87dyqjky740000gn/T/.tmpMtxbLg/tmp//unitig_data.txt --threads 10

Input dir: /var/folders/zg/vq0dnx517c54hg87dyqjky740000gn/T/.tmpMtxbLg/tmp/
Minimizer length: 15
Kminmer length: 112
Density: 0.005

Loading unitig sequences

Creating mContigs

Contig filename: /var/folders/zg/vq0dnx517c54hg87dyqjky740000gn/T/.tmpMtxbLg/tmp//unitig_data.txt
pass done: 112
Multi-k pass: 113/204


metaMDBG graph /var/folders/zg/vq0dnx517c54hg87dyqjky740000gn/T/.tmpMtxbLg/tmp/ --threads 10 --corrected-read 

Contig filename: 
Output dir: /var/folders/zg/vq0dnx517c54hg87dyqjky740000gn/T/.tmpMtxbLg/tmp/
Minimizer length: 15
Kminmer length: 113
Density: 0.005
Min abundance: 0

Loading refined abundances
	Duration: 0
Collecting kminmers
Building mdbg
Duration: 0
Nb solid kminmers: 31889
Nb small contigs written: 0
Dump kminmer abundances
	Duration: 0
Indexing edges
Edge index size: 31952
Edge index elements: 58668
	Duration: 0
Compute unitig nodes
	Duration: 0
Index unitig edges
	Duration: 0
Compute unitig edges
	Duration: 0
Dump unitig abundances
	Duration: 0
Nb edges:   0


metaMDBG contig  /var/folders/zg/vq0dnx517c54hg87dyqjky740000gn/T/.tmpMtxbLg/tmp/ --threads 10

Input dir: /var/folders/zg/vq0dnx517c54hg87dyqjky740000gn/T/.tmpMtxbLg/tmp/
Minimizer length: 15
Kminmer length: 113
Density: 0.005

Loading unitig graph
Load unitigs
Nb unitigs: 587
Nb minimizers: 97633
Add unitig abundances
Sorting abundances
Add unitig edges
Nb unitig edges: 1052
Sorting unitig edges
Done loading unitig graph
Simplifying
Max abundance: 42
Nb unitigs: 587
Superbubble
Nb superbubble removed: 16 0 (0s)
Tip
Nb Tip removed: 190 (0s)
Superbubble
Nb superbubble removed: 22 0 (0s)
Tip
Nb Tip removed: 0 (0s)
Nb errors removed: 109 (0s)
Superbubble
Nb superbubble removed: 0 0 (0s)
Tip
Nb Tip removed: 0 (0s)
Nb errors removed: 48 (0s)
Superbubble
Nb superbubble removed: 0 0 (0s)
Tip
Nb Tip removed: 0 (0s)
Nb errors removed: 31 (0s)
Superbubble
Nb superbubble removed: 2 0 (0s)
Tip
Nb Tip removed: 0 (0s)
Nb errors removed: 24 (0s)
Superbubble
Nb superbubble removed: 0 0 (0s)
Tip
Nb Tip removed: 0 (0s)
Nb errors removed: 24 (0s)
Superbubble
Nb superbubble removed: 2 0 (0s)
Tip
Nb Tip removed: 0 (0s)
Nb errors removed: 15 (0s)
Superbubble
Nb superbubble removed: 2 0 (0s)
Tip
Nb Tip removed: 0 (0s)
Nb errors removed: 12 (0s)
Superbubble
Nb superbubble removed: 0 0 (0s)
Tip
Nb Tip removed: 0 (0s)
Nb errors removed: 10 (0s)
Superbubble
Nb superbubble removed: 0 0 (0s)
Tip
Nb Tip removed: 0 (0s)
Nb errors removed: 8 (0s)
Superbubble
Nb superbubble removed: 2 0 (0s)
Tip
Nb Tip removed: 0 (0s)
Nb errors removed: 4 (0s)
Superbubble
Nb superbubble removed: 0 0 (0s)
Tip
Nb Tip removed: 0 (0s)
Nb errors removed: 12 (0s)
Superbubble
Nb superbubble removed: 0 0 (0s)
Tip
Nb Tip removed: 0 (0s)
Nb errors removed: 3 (0s)
Superbubble
Nb superbubble removed: 0 0 (0s)
Tip
Nb Tip removed: 0 (0s)
Nb errors removed: 1 (0s)
Superbubble
Nb superbubble removed: 0 0 (0s)
Tip
Nb Tip removed: 0 (0s)
Nb errors removed: 4 (0s)
Superbubble
Nb superbubble removed: 0 0 (0s)
Tip
Nb Tip removed: 0 (0s)
Nb errors removed: 1 (0s)
Superbubble
Nb superbubble removed: 0 0 (0s)
Tip
Nb Tip removed: 0 (0s)
Nb errors removed: 6 (0s)
Superbubble
Nb superbubble removed: 0 0 (0s)
Tip
Nb Tip removed: 0 (0s)
Nb errors removed: 1 (0s)
Superbubble
Nb superbubble removed: 0 0 (0s)
Tip
Nb Tip removed: 0 (0s)
Checksum: 0
Checksum abundnace: 0
Generating contigs
45.2593
28.1025
25.5477
23.2252
21.1138
15.8631
13.11
11.9182
10.8347
9.84974
8.14028
7.40025
6.11591
5.05447
4.17725
3.13843
2.14359
0


metaMDBG toMinspace  /var/folders/zg/vq0dnx517c54hg87dyqjky740000gn/T/.tmpMtxbLg/tmp/ /var/folders/zg/vq0dnx517c54hg87dyqjky740000gn/T/.tmpMtxbLg/tmp//contigs.nodepath /var/folders/zg/vq0dnx517c54hg87dyqjky740000gn/T/.tmpMtxbLg/tmp//unitig_data.txt --threads 10

Input dir: /var/folders/zg/vq0dnx517c54hg87dyqjky740000gn/T/.tmpMtxbLg/tmp/
Minimizer length: 15
Kminmer length: 113
Density: 0.005

Loading unitig sequences

Creating mContigs

Contig filename: /var/folders/zg/vq0dnx517c54hg87dyqjky740000gn/T/.tmpMtxbLg/tmp//unitig_data.txt
pass done: 113
Multi-k pass: 114/204


metaMDBG graph /var/folders/zg/vq0dnx517c54hg87dyqjky740000gn/T/.tmpMtxbLg/tmp/ --threads 10 --corrected-read 

Contig filename: 
Output dir: /var/folders/zg/vq0dnx517c54hg87dyqjky740000gn/T/.tmpMtxbLg/tmp/
Minimizer length: 15
Kminmer length: 114
Density: 0.005
Min abundance: 0

Loading refined abundances
	Duration: 0
Collecting kminmers
Building mdbg
Duration: 0
Nb solid kminmers: 31822
Nb small contigs written: 0
Dump kminmer abundances
	Duration: 0
Indexing edges
Edge index size: 31885
Edge index elements: 58675
	Duration: 0
Compute unitig nodes
	Duration: 0
Index unitig edges
	Duration: 0
Compute unitig edges
	Duration: 0
Dump unitig abundances
	Duration: 0
Nb edges:   0


metaMDBG contig  /var/folders/zg/vq0dnx517c54hg87dyqjky740000gn/T/.tmpMtxbLg/tmp/ --threads 10

Input dir: /var/folders/zg/vq0dnx517c54hg87dyqjky740000gn/T/.tmpMtxbLg/tmp/
Minimizer length: 15
Kminmer length: 114
Density: 0.005

Loading unitig graph
Load unitigs
Nb unitigs: 580
Nb minimizers: 97362
Add unitig abundances
Sorting abundances
Add unitig edges
Nb unitig edges: 1038
Sorting unitig edges
Done loading unitig graph
Simplifying
Max abundance: 42
Nb unitigs: 580
Superbubble
Nb superbubble removed: 14 0 (0s)
Tip
Nb Tip removed: 192 (0s)
Superbubble
Nb superbubble removed: 24 0 (0s)
Tip
Nb Tip removed: 0 (0s)
Nb errors removed: 106 (0s)
Superbubble
Nb superbubble removed: 0 0 (0s)
Tip
Nb Tip removed: 0 (0s)
Nb errors removed: 49 (0s)
Superbubble
Nb superbubble removed: 0 0 (0s)
Tip
Nb Tip removed: 0 (0s)
Nb errors removed: 31 (0s)
Superbubble
Nb superbubble removed: 2 0 (0s)
Tip
Nb Tip removed: 0 (0s)
Nb errors removed: 23 (0s)
Superbubble
Nb superbubble removed: 0 0 (0s)
Tip
Nb Tip removed: 0 (0s)
Nb errors removed: 23 (0s)
Superbubble
Nb superbubble removed: 2 0 (0s)
Tip
Nb Tip removed: 0 (0s)
Nb errors removed: 15 (0s)
Superbubble
Nb superbubble removed: 2 0 (0s)
Tip
Nb Tip removed: 0 (0s)
Nb errors removed: 12 (0s)
Superbubble
Nb superbubble removed: 0 0 (0s)
Tip
Nb Tip removed: 0 (0s)
Nb errors removed: 10 (0s)
Superbubble
Nb superbubble removed: 0 0 (0s)
Tip
Nb Tip removed: 0 (0s)
Nb errors removed: 8 (0s)
Superbubble
Nb superbubble removed: 2 0 (0s)
Tip
Nb Tip removed: 0 (0s)
Nb errors removed: 4 (0s)
Superbubble
Nb superbubble removed: 0 0 (0s)
Tip
Nb Tip removed: 0 (0s)
Nb errors removed: 13 (0s)
Superbubble
Nb superbubble removed: 0 0 (0s)
Tip
Nb Tip removed: 0 (0s)
Nb errors removed: 3 (0s)
Superbubble
Nb superbubble removed: 0 0 (0s)
Tip
Nb Tip removed: 0 (0s)
Nb errors removed: 1 (0s)
Superbubble
Nb superbubble removed: 0 0 (0s)
Tip
Nb Tip removed: 0 (0s)
Nb errors removed: 4 (0s)
Superbubble
Nb superbubble removed: 0 0 (0s)
Tip
Nb Tip removed: 0 (0s)
Nb errors removed: 1 (0s)
Superbubble
Nb superbubble removed: 0 0 (0s)
Tip
Nb Tip removed: 0 (0s)
Nb errors removed: 6 (0s)
Superbubble
Nb superbubble removed: 0 0 (0s)
Tip
Nb Tip removed: 0 (0s)
Nb errors removed: 1 (0s)
Superbubble
Nb superbubble removed: 0 0 (0s)
Tip
Nb Tip removed: 0 (0s)
Checksum: 0
Checksum abundnace: 0
Generating contigs
45.2593
28.1025
25.5477
23.2252
21.1138
15.8631
13.11
11.9182
10.8347
9.84974
8.14028
7.40025
6.11591
5.05447
4.17725
3.13843
2.14359
0


metaMDBG toMinspace  /var/folders/zg/vq0dnx517c54hg87dyqjky740000gn/T/.tmpMtxbLg/tmp/ /var/folders/zg/vq0dnx517c54hg87dyqjky740000gn/T/.tmpMtxbLg/tmp//contigs.nodepath /var/folders/zg/vq0dnx517c54hg87dyqjky740000gn/T/.tmpMtxbLg/tmp//unitig_data.txt --threads 10

Input dir: /var/folders/zg/vq0dnx517c54hg87dyqjky740000gn/T/.tmpMtxbLg/tmp/
Minimizer length: 15
Kminmer length: 114
Density: 0.005

Loading unitig sequences

Creating mContigs

Contig filename: /var/folders/zg/vq0dnx517c54hg87dyqjky740000gn/T/.tmpMtxbLg/tmp//unitig_data.txt
pass done: 114
Multi-k pass: 115/204


metaMDBG graph /var/folders/zg/vq0dnx517c54hg87dyqjky740000gn/T/.tmpMtxbLg/tmp/ --threads 10 --corrected-read 

Contig filename: 
Output dir: /var/folders/zg/vq0dnx517c54hg87dyqjky740000gn/T/.tmpMtxbLg/tmp/
Minimizer length: 15
Kminmer length: 115
Density: 0.005
Min abundance: 0

Loading refined abundances
	Duration: 0
Collecting kminmers
Building mdbg
Duration: 0
Nb solid kminmers: 31756
Nb small contigs written: 0
Dump kminmer abundances
	Duration: 0
Indexing edges
Edge index size: 31819
Edge index elements: 58491
	Duration: 0
Compute unitig nodes
	Duration: 0
Index unitig edges
	Duration: 0
Compute unitig edges
	Duration: 0
Dump unitig abundances
	Duration: 0
Nb edges:   0


metaMDBG contig  /var/folders/zg/vq0dnx517c54hg87dyqjky740000gn/T/.tmpMtxbLg/tmp/ --threads 10

Input dir: /var/folders/zg/vq0dnx517c54hg87dyqjky740000gn/T/.tmpMtxbLg/tmp/
Minimizer length: 15
Kminmer length: 115
Density: 0.005

Loading unitig graph
Load unitigs
Nb unitigs: 577
Nb minimizers: 97534
Add unitig abundances
Sorting abundances
Add unitig edges
Nb unitig edges: 1030
Sorting unitig edges
Done loading unitig graph
Simplifying
Max abundance: 42
Nb unitigs: 577
Superbubble
Nb superbubble removed: 12 0 (0s)
Tip
Nb Tip removed: 192 (0s)
Superbubble
Nb superbubble removed: 24 0 (0s)
Tip
Nb Tip removed: 0 (0s)
Nb errors removed: 106 (0s)
Superbubble
Nb superbubble removed: 0 0 (0s)
Tip
Nb Tip removed: 0 (0s)
Nb errors removed: 48 (0s)
Superbubble
Nb superbubble removed: 0 0 (0s)
Tip
Nb Tip removed: 0 (0s)
Nb errors removed: 31 (0s)
Superbubble
Nb superbubble removed: 2 0 (0s)
Tip
Nb Tip removed: 0 (0s)
Nb errors removed: 23 (0s)
Superbubble
Nb superbubble removed: 0 0 (0s)
Tip
Nb Tip removed: 0 (0s)
Nb errors removed: 23 (0s)
Superbubble
Nb superbubble removed: 2 0 (0s)
Tip
Nb Tip removed: 0 (0s)
Nb errors removed: 15 (0s)
Superbubble
Nb superbubble removed: 2 0 (0s)
Tip
Nb Tip removed: 0 (0s)
Nb errors removed: 12 (0s)
Superbubble
Nb superbubble removed: 0 0 (0s)
Tip
Nb Tip removed: 0 (0s)
Nb errors removed: 11 (0s)
Superbubble
Nb superbubble removed: 0 0 (0s)
Tip
Nb Tip removed: 0 (0s)
Nb errors removed: 8 (0s)
Superbubble
Nb superbubble removed: 2 0 (0s)
Tip
Nb Tip removed: 0 (0s)
Nb errors removed: 4 (0s)
Superbubble
Nb superbubble removed: 0 0 (0s)
Tip
Nb Tip removed: 0 (0s)
Nb errors removed: 13 (0s)
Superbubble
Nb superbubble removed: 0 0 (0s)
Tip
Nb Tip removed: 0 (0s)
Nb errors removed: 3 (0s)
Superbubble
Nb superbubble removed: 0 0 (0s)
Tip
Nb Tip removed: 0 (0s)
Nb errors removed: 1 (0s)
Superbubble
Nb superbubble removed: 0 0 (0s)
Tip
Nb Tip removed: 0 (0s)
Nb errors removed: 4 (0s)
Superbubble
Nb superbubble removed: 0 0 (0s)
Tip
Nb Tip removed: 0 (0s)
Nb errors removed: 1 (0s)
Superbubble
Nb superbubble removed: 0 0 (0s)
Tip
Nb Tip removed: 0 (0s)
Nb errors removed: 6 (0s)
Superbubble
Nb superbubble removed: 0 0 (0s)
Tip
Nb Tip removed: 0 (0s)
Nb errors removed: 1 (0s)
Superbubble
Nb superbubble removed: 0 0 (0s)
Tip
Nb Tip removed: 0 (0s)
Checksum: 0
Checksum abundnace: 0
Generating contigs
45.2593
28.1025
25.5477
23.2252
21.1138
15.8631
13.11
11.9182
10.8347
9.84974
8.14028
7.40025
6.11591
5.05447
4.17725
3.13843
2.14359
0


metaMDBG toMinspace  /var/folders/zg/vq0dnx517c54hg87dyqjky740000gn/T/.tmpMtxbLg/tmp/ /var/folders/zg/vq0dnx517c54hg87dyqjky740000gn/T/.tmpMtxbLg/tmp//contigs.nodepath /var/folders/zg/vq0dnx517c54hg87dyqjky740000gn/T/.tmpMtxbLg/tmp//unitig_data.txt --threads 10

Input dir: /var/folders/zg/vq0dnx517c54hg87dyqjky740000gn/T/.tmpMtxbLg/tmp/
Minimizer length: 15
Kminmer length: 115
Density: 0.005

Loading unitig sequences

Creating mContigs

Contig filename: /var/folders/zg/vq0dnx517c54hg87dyqjky740000gn/T/.tmpMtxbLg/tmp//unitig_data.txt
pass done: 115
Multi-k pass: 116/204


metaMDBG graph /var/folders/zg/vq0dnx517c54hg87dyqjky740000gn/T/.tmpMtxbLg/tmp/ --threads 10 --corrected-read 

Contig filename: 
Output dir: /var/folders/zg/vq0dnx517c54hg87dyqjky740000gn/T/.tmpMtxbLg/tmp/
Minimizer length: 15
Kminmer length: 116
Density: 0.005
Min abundance: 0

Loading refined abundances
	Duration: 0
Collecting kminmers
Building mdbg
Duration: 0
Nb solid kminmers: 31686
Nb small contigs written: 0
Dump kminmer abundances
	Duration: 0
Indexing edges
Edge index size: 31753
Edge index elements: 58354
	Duration: 0
Compute unitig nodes
	Duration: 0
Index unitig edges
	Duration: 0
Compute unitig edges
	Duration: 0
Dump unitig abundances
	Duration: 0
Nb edges:   0


metaMDBG contig  /var/folders/zg/vq0dnx517c54hg87dyqjky740000gn/T/.tmpMtxbLg/tmp/ --threads 10

Input dir: /var/folders/zg/vq0dnx517c54hg87dyqjky740000gn/T/.tmpMtxbLg/tmp/
Minimizer length: 15
Kminmer length: 116
Density: 0.005

Loading unitig graph
Load unitigs
Nb unitigs: 568
Nb minimizers: 97006
Add unitig abundances
Sorting abundances
Add unitig edges
Nb unitig edges: 1002
Sorting unitig edges
Done loading unitig graph
Simplifying
Max abundance: 42
Nb unitigs: 568
Superbubble
Nb superbubble removed: 12 0 (0s)
Tip
Nb Tip removed: 188 (0s)
Superbubble
Nb superbubble removed: 22 0 (0s)
Tip
Nb Tip removed: 0 (0s)
Nb errors removed: 105 (0s)
Superbubble
Nb superbubble removed: 0 0 (0s)
Tip
Nb Tip removed: 0 (0s)
Nb errors removed: 48 (0s)
Superbubble
Nb superbubble removed: 0 0 (0s)
Tip
Nb Tip removed: 0 (0s)
Nb errors removed: 30 (0s)
Superbubble
Nb superbubble removed: 2 0 (0s)
Tip
Nb Tip removed: 0 (0s)
Nb errors removed: 23 (0s)
Superbubble
Nb superbubble removed: 0 0 (0s)
Tip
Nb Tip removed: 0 (0s)
Nb errors removed: 23 (0s)
Superbubble
Nb superbubble removed: 2 0 (0s)
Tip
Nb Tip removed: 0 (0s)
Nb errors removed: 14 (0s)
Superbubble
Nb superbubble removed: 2 0 (0s)
Tip
Nb Tip removed: 0 (0s)
Nb errors removed: 14 (0s)
Superbubble
Nb superbubble removed: 0 0 (0s)
Tip
Nb Tip removed: 0 (0s)
Nb errors removed: 11 (0s)
Superbubble
Nb superbubble removed: 0 0 (0s)
Tip
Nb Tip removed: 0 (0s)
Nb errors removed: 8 (0s)
Superbubble
Nb superbubble removed: 2 0 (0s)
Tip
Nb Tip removed: 0 (0s)
Nb errors removed: 4 (0s)
Superbubble
Nb superbubble removed: 0 0 (0s)
Tip
Nb Tip removed: 0 (0s)
Nb errors removed: 13 (0s)
Superbubble
Nb superbubble removed: 0 0 (0s)
Tip
Nb Tip removed: 0 (0s)
Nb errors removed: 3 (0s)
Superbubble
Nb superbubble removed: 0 0 (0s)
Tip
Nb Tip removed: 0 (0s)
Nb errors removed: 1 (0s)
Superbubble
Nb superbubble removed: 0 0 (0s)
Tip
Nb Tip removed: 0 (0s)
Nb errors removed: 4 (0s)
Superbubble
Nb superbubble removed: 0 0 (0s)
Tip
Nb Tip removed: 0 (0s)
Nb errors removed: 1 (0s)
Superbubble
Nb superbubble removed: 0 0 (0s)
Tip
Nb Tip removed: 0 (0s)
Nb errors removed: 6 (0s)
Superbubble
Nb superbubble removed: 0 0 (0s)
Tip
Nb Tip removed: 0 (0s)
Nb errors removed: 1 (0s)
Superbubble
Nb superbubble removed: 0 0 (0s)
Tip
Nb Tip removed: 0 (0s)
Checksum: 0
Checksum abundnace: 0
Generating contigs
45.2593
28.1025
25.5477
23.2252
21.1138
15.8631
13.11
11.9182
10.8347
9.84974
8.14028
7.40025
6.11591
5.05447
4.17725
3.13843
2.14359
0


metaMDBG toMinspace  /var/folders/zg/vq0dnx517c54hg87dyqjky740000gn/T/.tmpMtxbLg/tmp/ /var/folders/zg/vq0dnx517c54hg87dyqjky740000gn/T/.tmpMtxbLg/tmp//contigs.nodepath /var/folders/zg/vq0dnx517c54hg87dyqjky740000gn/T/.tmpMtxbLg/tmp//unitig_data.txt --threads 10

Input dir: /var/folders/zg/vq0dnx517c54hg87dyqjky740000gn/T/.tmpMtxbLg/tmp/
Minimizer length: 15
Kminmer length: 116
Density: 0.005

Loading unitig sequences

Creating mContigs

Contig filename: /var/folders/zg/vq0dnx517c54hg87dyqjky740000gn/T/.tmpMtxbLg/tmp//unitig_data.txt
pass done: 116
Multi-k pass: 117/204


metaMDBG graph /var/folders/zg/vq0dnx517c54hg87dyqjky740000gn/T/.tmpMtxbLg/tmp/ --threads 10 --corrected-read 

Contig filename: 
Output dir: /var/folders/zg/vq0dnx517c54hg87dyqjky740000gn/T/.tmpMtxbLg/tmp/
Minimizer length: 15
Kminmer length: 117
Density: 0.005
Min abundance: 0

Loading refined abundances
	Duration: 0
Collecting kminmers
Building mdbg
Duration: 0
Nb solid kminmers: 31614
Nb small contigs written: 0
Dump kminmer abundances
	Duration: 0
Indexing edges
Edge index size: 31685
Edge index elements: 58341
	Duration: 0
Compute unitig nodes
	Duration: 0
Index unitig edges
	Duration: 0
Compute unitig edges
	Duration: 0
Dump unitig abundances
	Duration: 0
Nb edges:   0


metaMDBG contig  /var/folders/zg/vq0dnx517c54hg87dyqjky740000gn/T/.tmpMtxbLg/tmp/ --threads 10

Input dir: /var/folders/zg/vq0dnx517c54hg87dyqjky740000gn/T/.tmpMtxbLg/tmp/
Minimizer length: 15
Kminmer length: 117
Density: 0.005

Loading unitig graph
Load unitigs
Nb unitigs: 562
Nb minimizers: 96806
Add unitig abundances
Sorting abundances
Add unitig edges
Nb unitig edges: 984
Sorting unitig edges
Done loading unitig graph
Simplifying
Max abundance: 42
Nb unitigs: 562
Superbubble
Nb superbubble removed: 12 0 (0s)
Tip
Nb Tip removed: 184 (0s)
Superbubble
Nb superbubble removed: 22 0 (0s)
Tip
Nb Tip removed: 0 (0s)
Nb errors removed: 104 (0s)
Superbubble
Nb superbubble removed: 2 0 (0s)
Tip
Nb Tip removed: 0 (0s)
Nb errors removed: 48 (0s)
Superbubble
Nb superbubble removed: 0 0 (0s)
Tip
Nb Tip removed: 0 (0s)
Nb errors removed: 31 (0s)
Superbubble
Nb superbubble removed: 0 0 (0s)
Tip
Nb Tip removed: 0 (0s)
Nb errors removed: 23 (0s)
Superbubble
Nb superbubble removed: 0 0 (0s)
Tip
Nb Tip removed: 0 (0s)
Nb errors removed: 23 (0s)
Superbubble
Nb superbubble removed: 2 0 (0s)
Tip
Nb Tip removed: 0 (0s)
Nb errors removed: 14 (0s)
Superbubble
Nb superbubble removed: 2 0 (0s)
Tip
Nb Tip removed: 0 (0s)
Nb errors removed: 14 (0s)
Superbubble
Nb superbubble removed: 0 0 (0s)
Tip
Nb Tip removed: 0 (0s)
Nb errors removed: 11 (0s)
Superbubble
Nb superbubble removed: 0 0 (0s)
Tip
Nb Tip removed: 0 (0s)
Nb errors removed: 8 (0s)
Superbubble
Nb superbubble removed: 2 0 (0s)
Tip
Nb Tip removed: 0 (0s)
Nb errors removed: 4 (0s)
Superbubble
Nb superbubble removed: 0 0 (0s)
Tip
Nb Tip removed: 0 (0s)
Nb errors removed: 13 (0s)
Superbubble
Nb superbubble removed: 0 0 (0s)
Tip
Nb Tip removed: 0 (0s)
Nb errors removed: 3 (0s)
Superbubble
Nb superbubble removed: 0 0 (0s)
Tip
Nb Tip removed: 0 (0s)
Nb errors removed: 1 (0s)
Superbubble
Nb superbubble removed: 0 0 (0s)
Tip
Nb Tip removed: 0 (0s)
Nb errors removed: 4 (0s)
Superbubble
Nb superbubble removed: 0 0 (0s)
Tip
Nb Tip removed: 0 (0s)
Nb errors removed: 1 (0s)
Superbubble
Nb superbubble removed: 0 0 (0s)
Tip
Nb Tip removed: 0 (0s)
Nb errors removed: 6 (0s)
Superbubble
Nb superbubble removed: 0 0 (0s)
Tip
Nb Tip removed: 0 (0s)
Nb errors removed: 1 (0s)
Superbubble
Nb superbubble removed: 0 0 (0s)
Tip
Nb Tip removed: 0 (0s)
Checksum: 0
Checksum abundnace: 0
Generating contigs
45.2593
28.1025
25.5477
23.2252
21.1138
15.8631
13.11
11.9182
10.8347
9.84974
8.14028
7.40025
6.11591
5.05447
4.17725
3.13843
2.14359
0


metaMDBG toMinspace  /var/folders/zg/vq0dnx517c54hg87dyqjky740000gn/T/.tmpMtxbLg/tmp/ /var/folders/zg/vq0dnx517c54hg87dyqjky740000gn/T/.tmpMtxbLg/tmp//contigs.nodepath /var/folders/zg/vq0dnx517c54hg87dyqjky740000gn/T/.tmpMtxbLg/tmp//unitig_data.txt --threads 10

Input dir: /var/folders/zg/vq0dnx517c54hg87dyqjky740000gn/T/.tmpMtxbLg/tmp/
Minimizer length: 15
Kminmer length: 117
Density: 0.005

Loading unitig sequences

Creating mContigs

Contig filename: /var/folders/zg/vq0dnx517c54hg87dyqjky740000gn/T/.tmpMtxbLg/tmp//unitig_data.txt
pass done: 117
Multi-k pass: 118/204


metaMDBG graph /var/folders/zg/vq0dnx517c54hg87dyqjky740000gn/T/.tmpMtxbLg/tmp/ --threads 10 --corrected-read 

Contig filename: 
Output dir: /var/folders/zg/vq0dnx517c54hg87dyqjky740000gn/T/.tmpMtxbLg/tmp/
Minimizer length: 15
Kminmer length: 118
Density: 0.005
Min abundance: 0

Loading refined abundances
	Duration: 0
Collecting kminmers
Building mdbg
Duration: 0
Nb solid kminmers: 31540
Nb small contigs written: 0
Dump kminmer abundances
	Duration: 0
Indexing edges
Edge index size: 31613
Edge index elements: 58117
	Duration: 0
Compute unitig nodes
	Duration: 0
Index unitig edges
	Duration: 0
Compute unitig edges
	Duration: 0
Dump unitig abundances
	Duration: 0
Nb edges:   0


metaMDBG contig  /var/folders/zg/vq0dnx517c54hg87dyqjky740000gn/T/.tmpMtxbLg/tmp/ --threads 10

Input dir: /var/folders/zg/vq0dnx517c54hg87dyqjky740000gn/T/.tmpMtxbLg/tmp/
Minimizer length: 15
Kminmer length: 118
Density: 0.005

Loading unitig graph
Load unitigs
Nb unitigs: 559
Nb minimizers: 96943
Add unitig abundances
Sorting abundances
Add unitig edges
Nb unitig edges: 972
Sorting unitig edges
Done loading unitig graph
Simplifying
Max abundance: 42
Nb unitigs: 559
Superbubble
Nb superbubble removed: 12 0 (0s)
Tip
Nb Tip removed: 181 (0s)
Superbubble
Nb superbubble removed: 20 0 (0s)
Tip
Nb Tip removed: 0 (0s)
Nb errors removed: 104 (0s)
Superbubble
Nb superbubble removed: 2 0 (0s)
Tip
Nb Tip removed: 0 (0s)
Nb errors removed: 49 (0s)
Superbubble
Nb superbubble removed: 0 0 (0s)
Tip
Nb Tip removed: 0 (0s)
Nb errors removed: 30 (0s)
Superbubble
Nb superbubble removed: 0 0 (0s)
Tip
Nb Tip removed: 0 (0s)
Nb errors removed: 23 (0s)
Superbubble
Nb superbubble removed: 0 0 (0s)
Tip
Nb Tip removed: 0 (0s)
Nb errors removed: 24 (0s)
Superbubble
Nb superbubble removed: 2 0 (0s)
Tip
Nb Tip removed: 0 (0s)
Nb errors removed: 14 (0s)
Superbubble
Nb superbubble removed: 2 0 (0s)
Tip
Nb Tip removed: 0 (0s)
Nb errors removed: 14 (0s)
Superbubble
Nb superbubble removed: 0 0 (0s)
Tip
Nb Tip removed: 0 (0s)
Nb errors removed: 11 (0s)
Superbubble
Nb superbubble removed: 0 0 (0s)
Tip
Nb Tip removed: 0 (0s)
Nb errors removed: 8 (0s)
Superbubble
Nb superbubble removed: 2 0 (0s)
Tip
Nb Tip removed: 0 (0s)
Nb errors removed: 4 (0s)
Superbubble
Nb superbubble removed: 0 0 (0s)
Tip
Nb Tip removed: 0 (0s)
Nb errors removed: 12 (0s)
Superbubble
Nb superbubble removed: 0 0 (0s)
Tip
Nb Tip removed: 0 (0s)
Nb errors removed: 3 (0s)
Superbubble
Nb superbubble removed: 0 0 (0s)
Tip
Nb Tip removed: 0 (0s)
Nb errors removed: 1 (0s)
Superbubble
Nb superbubble removed: 0 0 (0s)
Tip
Nb Tip removed: 0 (0s)
Nb errors removed: 4 (0s)
Superbubble
Nb superbubble removed: 0 0 (0s)
Tip
Nb Tip removed: 0 (0s)
Nb errors removed: 1 (0s)
Superbubble
Nb superbubble removed: 0 0 (0s)
Tip
Nb Tip removed: 0 (0s)
Nb errors removed: 6 (0s)
Superbubble
Nb superbubble removed: 0 0 (0s)
Tip
Nb Tip removed: 0 (0s)
Nb errors removed: 1 (0s)
Superbubble
Nb superbubble removed: 0 0 (0s)
Tip
Nb Tip removed: 0 (0s)
Checksum: 0
Checksum abundnace: 0
Generating contigs
45.2593
28.1025
25.5477
23.2252
21.1138
15.8631
13.11
11.9182
10.8347
9.84974
8.14028
7.40025
6.11591
5.05447
4.17725
3.13843
2.14359
0


metaMDBG toMinspace  /var/folders/zg/vq0dnx517c54hg87dyqjky740000gn/T/.tmpMtxbLg/tmp/ /var/folders/zg/vq0dnx517c54hg87dyqjky740000gn/T/.tmpMtxbLg/tmp//contigs.nodepath /var/folders/zg/vq0dnx517c54hg87dyqjky740000gn/T/.tmpMtxbLg/tmp//unitig_data.txt --threads 10

Input dir: /var/folders/zg/vq0dnx517c54hg87dyqjky740000gn/T/.tmpMtxbLg/tmp/
Minimizer length: 15
Kminmer length: 118
Density: 0.005

Loading unitig sequences

Creating mContigs

Contig filename: /var/folders/zg/vq0dnx517c54hg87dyqjky740000gn/T/.tmpMtxbLg/tmp//unitig_data.txt
pass done: 118
Multi-k pass: 119/204


metaMDBG graph /var/folders/zg/vq0dnx517c54hg87dyqjky740000gn/T/.tmpMtxbLg/tmp/ --threads 10 --corrected-read 

Contig filename: 
Output dir: /var/folders/zg/vq0dnx517c54hg87dyqjky740000gn/T/.tmpMtxbLg/tmp/
Minimizer length: 15
Kminmer length: 119
Density: 0.005
Min abundance: 0

Loading refined abundances
	Duration: 0
Collecting kminmers
Building mdbg
Duration: 0
Nb solid kminmers: 31464
Nb small contigs written: 0
Dump kminmer abundances
	Duration: 0
Indexing edges
Edge index size: 31540
Edge index elements: 58043
	Duration: 0
Compute unitig nodes
	Duration: 0
Index unitig edges
	Duration: 0
Compute unitig edges
	Duration: 0
Dump unitig abundances
	Duration: 0
Nb edges:   0


metaMDBG contig  /var/folders/zg/vq0dnx517c54hg87dyqjky740000gn/T/.tmpMtxbLg/tmp/ --threads 10

Input dir: /var/folders/zg/vq0dnx517c54hg87dyqjky740000gn/T/.tmpMtxbLg/tmp/
Minimizer length: 15
Kminmer length: 119
Density: 0.005

Loading unitig graph
Load unitigs
Nb unitigs: 558
Nb minimizers: 97308
Add unitig abundances
Sorting abundances
Add unitig edges
Nb unitig edges: 964
Sorting unitig edges
Done loading unitig graph
Simplifying
Max abundance: 42
Nb unitigs: 558
Superbubble
Nb superbubble removed: 10 0 (0s)
Tip
Nb Tip removed: 181 (0s)
Superbubble
Nb superbubble removed: 20 0 (0s)
Tip
Nb Tip removed: 0 (0s)
Nb errors removed: 104 (0s)
Superbubble
Nb superbubble removed: 2 0 (0s)
Tip
Nb Tip removed: 0 (0s)
Nb errors removed: 48 (0s)
Superbubble
Nb superbubble removed: 0 0 (0s)
Tip
Nb Tip removed: 0 (0s)
Nb errors removed: 30 (0s)
Superbubble
Nb superbubble removed: 0 0 (0s)
Tip
Nb Tip removed: 0 (0s)
Nb errors removed: 23 (0s)
Superbubble
Nb superbubble removed: 0 0 (0s)
Tip
Nb Tip removed: 0 (0s)
Nb errors removed: 24 (0s)
Superbubble
Nb superbubble removed: 2 0 (0s)
Tip
Nb Tip removed: 0 (0s)
Nb errors removed: 14 (0s)
Superbubble
Nb superbubble removed: 2 0 (0s)
Tip
Nb Tip removed: 0 (0s)
Nb errors removed: 14 (0s)
Superbubble
Nb superbubble removed: 0 0 (0s)
Tip
Nb Tip removed: 0 (0s)
Nb errors removed: 11 (0s)
Superbubble
Nb superbubble removed: 0 0 (0s)
Tip
Nb Tip removed: 0 (0s)
Nb errors removed: 10 (0s)
Superbubble
Nb superbubble removed: 2 0 (0s)
Tip
Nb Tip removed: 0 (0s)
Nb errors removed: 4 (0s)
Superbubble
Nb superbubble removed: 0 0 (0s)
Tip
Nb Tip removed: 0 (0s)
Nb errors removed: 12 (0s)
Superbubble
Nb superbubble removed: 0 0 (0s)
Tip
Nb Tip removed: 0 (0s)
Nb errors removed: 3 (0s)
Superbubble
Nb superbubble removed: 0 0 (0s)
Tip
Nb Tip removed: 0 (0s)
Nb errors removed: 1 (0s)
Superbubble
Nb superbubble removed: 0 0 (0s)
Tip
Nb Tip removed: 0 (0s)
Nb errors removed: 4 (0s)
Superbubble
Nb superbubble removed: 0 0 (0s)
Tip
Nb Tip removed: 0 (0s)
Nb errors removed: 1 (0s)
Superbubble
Nb superbubble removed: 0 0 (0s)
Tip
Nb Tip removed: 0 (0s)
Nb errors removed: 6 (0s)
Superbubble
Nb superbubble removed: 0 0 (0s)
Tip
Nb Tip removed: 0 (0s)
Nb errors removed: 1 (0s)
Superbubble
Nb superbubble removed: 0 0 (0s)
Tip
Nb Tip removed: 0 (0s)
Checksum: 0
Checksum abundnace: 0
Generating contigs
45.2593
28.1025
25.5477
23.2252
21.1138
15.8631
13.11
11.9182
10.8347
9.84974
8.14028
7.40025
6.11591
5.05447
4.17725
3.13843
2.14359
0


metaMDBG toMinspace  /var/folders/zg/vq0dnx517c54hg87dyqjky740000gn/T/.tmpMtxbLg/tmp/ /var/folders/zg/vq0dnx517c54hg87dyqjky740000gn/T/.tmpMtxbLg/tmp//contigs.nodepath /var/folders/zg/vq0dnx517c54hg87dyqjky740000gn/T/.tmpMtxbLg/tmp//unitig_data.txt --threads 10

Input dir: /var/folders/zg/vq0dnx517c54hg87dyqjky740000gn/T/.tmpMtxbLg/tmp/
Minimizer length: 15
Kminmer length: 119
Density: 0.005

Loading unitig sequences

Creating mContigs

Contig filename: /var/folders/zg/vq0dnx517c54hg87dyqjky740000gn/T/.tmpMtxbLg/tmp//unitig_data.txt
pass done: 119
Multi-k pass: 120/204


metaMDBG graph /var/folders/zg/vq0dnx517c54hg87dyqjky740000gn/T/.tmpMtxbLg/tmp/ --threads 10 --corrected-read 

Contig filename: 
Output dir: /var/folders/zg/vq0dnx517c54hg87dyqjky740000gn/T/.tmpMtxbLg/tmp/
Minimizer length: 15
Kminmer length: 120
Density: 0.005
Min abundance: 0

Loading refined abundances
	Duration: 0
Collecting kminmers
Building mdbg
Duration: 0
Nb solid kminmers: 31385
Nb small contigs written: 0
Dump kminmer abundances
	Duration: 0
Indexing edges
Edge index size: 31463
Edge index elements: 57753
	Duration: 0
Compute unitig nodes
	Duration: 0
Index unitig edges
	Duration: 0
Compute unitig edges
	Duration: 0
Dump unitig abundances
	Duration: 0
Nb edges:   0


metaMDBG contig  /var/folders/zg/vq0dnx517c54hg87dyqjky740000gn/T/.tmpMtxbLg/tmp/ --threads 10

Input dir: /var/folders/zg/vq0dnx517c54hg87dyqjky740000gn/T/.tmpMtxbLg/tmp/
Minimizer length: 15
Kminmer length: 120
Density: 0.005

Loading unitig graph
Load unitigs
Nb unitigs: 554
Nb minimizers: 97311
Add unitig abundances
Sorting abundances
Add unitig edges
Nb unitig edges: 952
Sorting unitig edges
Done loading unitig graph
Simplifying
Max abundance: 42
Nb unitigs: 554
Superbubble
Nb superbubble removed: 8 0 (0s)
Tip
Nb Tip removed: 179 (0s)
Superbubble
Nb superbubble removed: 20 0 (0s)
Tip
Nb Tip removed: 0 (0s)
Nb errors removed: 103 (0s)
Superbubble
Nb superbubble removed: 2 0 (0s)
Tip
Nb Tip removed: 0 (0s)
Nb errors removed: 50 (0s)
Superbubble
Nb superbubble removed: 0 0 (0s)
Tip
Nb Tip removed: 0 (0s)
Nb errors removed: 30 (0s)
Superbubble
Nb superbubble removed: 0 0 (0s)
Tip
Nb Tip removed: 0 (0s)
Nb errors removed: 23 (0s)
Superbubble
Nb superbubble removed: 0 0 (0s)
Tip
Nb Tip removed: 0 (0s)
Nb errors removed: 24 (0s)
Superbubble
Nb superbubble removed: 2 0 (0s)
Tip
Nb Tip removed: 0 (0s)
Nb errors removed: 14 (0s)
Superbubble
Nb superbubble removed: 2 0 (0s)
Tip
Nb Tip removed: 0 (0s)
Nb errors removed: 13 (0s)
Superbubble
Nb superbubble removed: 0 0 (0s)
Tip
Nb Tip removed: 0 (0s)
Nb errors removed: 11 (0s)
Superbubble
Nb superbubble removed: 0 0 (0s)
Tip
Nb Tip removed: 0 (0s)
Nb errors removed: 10 (0s)
Superbubble
Nb superbubble removed: 2 0 (0s)
Tip
Nb Tip removed: 0 (0s)
Nb errors removed: 4 (0s)
Superbubble
Nb superbubble removed: 0 0 (0s)
Tip
Nb Tip removed: 0 (0s)
Nb errors removed: 12 (0s)
Superbubble
Nb superbubble removed: 0 0 (0s)
Tip
Nb Tip removed: 0 (0s)
Nb errors removed: 3 (0s)
Superbubble
Nb superbubble removed: 0 0 (0s)
Tip
Nb Tip removed: 0 (0s)
Nb errors removed: 1 (0s)
Superbubble
Nb superbubble removed: 0 0 (0s)
Tip
Nb Tip removed: 0 (0s)
Nb errors removed: 4 (0s)
Superbubble
Nb superbubble removed: 0 0 (0s)
Tip
Nb Tip removed: 0 (0s)
Nb errors removed: 1 (0s)
Superbubble
Nb superbubble removed: 0 0 (0s)
Tip
Nb Tip removed: 0 (0s)
Nb errors removed: 6 (0s)
Superbubble
Nb superbubble removed: 0 0 (0s)
Tip
Nb Tip removed: 0 (0s)
Nb errors removed: 1 (0s)
Superbubble
Nb superbubble removed: 0 0 (0s)
Tip
Nb Tip removed: 0 (0s)
Checksum: 0
Checksum abundnace: 0
Generating contigs
45.2593
28.1025
25.5477
23.2252
21.1138
15.8631
13.11
11.9182
10.8347
9.84974
8.14028
7.40025
6.11591
5.05447
4.17725
3.13843
2.14359
0


metaMDBG toMinspace  /var/folders/zg/vq0dnx517c54hg87dyqjky740000gn/T/.tmpMtxbLg/tmp/ /var/folders/zg/vq0dnx517c54hg87dyqjky740000gn/T/.tmpMtxbLg/tmp//contigs.nodepath /var/folders/zg/vq0dnx517c54hg87dyqjky740000gn/T/.tmpMtxbLg/tmp//unitig_data.txt --threads 10

Input dir: /var/folders/zg/vq0dnx517c54hg87dyqjky740000gn/T/.tmpMtxbLg/tmp/
Minimizer length: 15
Kminmer length: 120
Density: 0.005

Loading unitig sequences

Creating mContigs

Contig filename: /var/folders/zg/vq0dnx517c54hg87dyqjky740000gn/T/.tmpMtxbLg/tmp//unitig_data.txt
pass done: 120
Multi-k pass: 121/204


metaMDBG graph /var/folders/zg/vq0dnx517c54hg87dyqjky740000gn/T/.tmpMtxbLg/tmp/ --threads 10 --corrected-read 

Contig filename: 
Output dir: /var/folders/zg/vq0dnx517c54hg87dyqjky740000gn/T/.tmpMtxbLg/tmp/
Minimizer length: 15
Kminmer length: 121
Density: 0.005
Min abundance: 0

Loading refined abundances
	Duration: 0
Collecting kminmers
Building mdbg
Duration: 0
Nb solid kminmers: 31303
Nb small contigs written: 0
Dump kminmer abundances
	Duration: 0
Indexing edges
Edge index size: 31384
Edge index elements: 57865
	Duration: 0
Compute unitig nodes
	Duration: 0
Index unitig edges
	Duration: 0
Compute unitig edges
	Duration: 0
Dump unitig abundances
	Duration: 0
Nb edges:   0


metaMDBG contig  /var/folders/zg/vq0dnx517c54hg87dyqjky740000gn/T/.tmpMtxbLg/tmp/ --threads 10 --gen-graph 

Input dir: /var/folders/zg/vq0dnx517c54hg87dyqjky740000gn/T/.tmpMtxbLg/tmp/
Minimizer length: 15
Kminmer length: 121
Density: 0.005

Loading unitig graph
Load unitigs
Nb unitigs: 549
Nb minimizers: 97183
Add unitig abundances
Sorting abundances
Add unitig edges
Nb unitig edges: 940
Sorting unitig edges
Done loading unitig graph
Simplifying
Max abundance: 42
Nb unitigs: 549
Superbubble
Nb superbubble removed: 8 0 (0s)
Tip
Nb Tip removed: 177 (0s)
Superbubble
Nb superbubble removed: 18 0 (0s)
Tip
Nb Tip removed: 0 (0s)
Saving unitig graph: /var/folders/zg/vq0dnx517c54hg87dyqjky740000gn/T/.tmpMtxbLg/tmp//assembly_graph.gfa
Nb errors removed: 102 (0s)
Superbubble
Nb superbubble removed: 2 0 (0s)
Tip
Nb Tip removed: 0 (0s)
Nb errors removed: 50 (0s)
Superbubble
Nb superbubble removed: 0 0 (0s)
Tip
Nb Tip removed: 0 (0s)
Nb errors removed: 31 (0s)
Superbubble
Nb superbubble removed: 0 0 (0s)
Tip
Nb Tip removed: 0 (0s)
Nb errors removed: 23 (0s)
Superbubble
Nb superbubble removed: 0 0 (0s)
Tip
Nb Tip removed: 0 (0s)
Nb errors removed: 24 (0s)
Superbubble
Nb superbubble removed: 2 0 (0s)
Tip
Nb Tip removed: 0 (0s)
Nb errors removed: 14 (0s)
Superbubble
Nb superbubble removed: 2 0 (0s)
Tip
Nb Tip removed: 0 (0s)
Nb errors removed: 13 (0s)
Superbubble
Nb superbubble removed: 0 0 (0s)
Tip
Nb Tip removed: 0 (0s)
Nb errors removed: 11 (0s)
Superbubble
Nb superbubble removed: 0 0 (0s)
Tip
Nb Tip removed: 0 (0s)
Nb errors removed: 10 (0s)
Superbubble
Nb superbubble removed: 2 0 (0s)
Tip
Nb Tip removed: 0 (0s)
Nb errors removed: 4 (0s)
Superbubble
Nb superbubble removed: 0 0 (0s)
Tip
Nb Tip removed: 0 (0s)
Nb errors removed: 13 (0s)
Superbubble
Nb superbubble removed: 0 0 (0s)
Tip
Nb Tip removed: 0 (0s)
Nb errors removed: 3 (0s)
Superbubble
Nb superbubble removed: 0 0 (0s)
Tip
Nb Tip removed: 0 (0s)
Nb errors removed: 1 (0s)
Superbubble
Nb superbubble removed: 0 0 (0s)
Tip
Nb Tip removed: 0 (0s)
Nb errors removed: 4 (0s)
Superbubble
Nb superbubble removed: 0 0 (0s)
Tip
Nb Tip removed: 0 (0s)
Nb errors removed: 1 (0s)
Superbubble
Nb superbubble removed: 0 0 (0s)
Tip
Nb Tip removed: 0 (0s)
Nb errors removed: 6 (0s)
Superbubble
Nb superbubble removed: 0 0 (0s)
Tip
Nb Tip removed: 0 (0s)
Nb errors removed: 1 (0s)
Superbubble
Nb superbubble removed: 0 0 (0s)
Tip
Nb Tip removed: 0 (0s)
Checksum: 0
Checksum abundnace: 0
Generating contigs
45.2593
28.1025
25.5477
23.2252
21.1138
15.8631
13.11
11.9182
10.8347
9.84974
8.14028
7.40025
6.11591
5.05447
4.17725
3.13843
2.14359
0


metaMDBG toMinspace  /var/folders/zg/vq0dnx517c54hg87dyqjky740000gn/T/.tmpMtxbLg/tmp/ /var/folders/zg/vq0dnx517c54hg87dyqjky740000gn/T/.tmpMtxbLg/tmp//contigs.nodepath /var/folders/zg/vq0dnx517c54hg87dyqjky740000gn/T/.tmpMtxbLg/tmp//unitig_data.txt --threads 10

Input dir: /var/folders/zg/vq0dnx517c54hg87dyqjky740000gn/T/.tmpMtxbLg/tmp/
Minimizer length: 15
Kminmer length: 121
Density: 0.005

Loading unitig sequences

Creating mContigs

Contig filename: /var/folders/zg/vq0dnx517c54hg87dyqjky740000gn/T/.tmpMtxbLg/tmp//unitig_data.txt


metaMDBG toMinspace  /var/folders/zg/vq0dnx517c54hg87dyqjky740000gn/T/.tmpMtxbLg/tmp/ /var/folders/zg/vq0dnx517c54hg87dyqjky740000gn/T/.tmpMtxbLg/tmp//assembly_graph.gfa.unitigs.nodepath /var/folders/zg/vq0dnx517c54hg87dyqjky740000gn/T/.tmpMtxbLg/tmp//assembly_graph.gfa.unitigs --threads 10

Input dir: /var/folders/zg/vq0dnx517c54hg87dyqjky740000gn/T/.tmpMtxbLg/tmp/
Minimizer length: 15
Kminmer length: 121
Density: 0.005

Loading unitig sequences

Creating mContigs

Contig filename: /var/folders/zg/vq0dnx517c54hg87dyqjky740000gn/T/.tmpMtxbLg/tmp//assembly_graph.gfa.unitigs
pass done: 121
Multi-k pass: 122/204


metaMDBG graph /var/folders/zg/vq0dnx517c54hg87dyqjky740000gn/T/.tmpMtxbLg/tmp/ --threads 10 --corrected-read 

Contig filename: 
Output dir: /var/folders/zg/vq0dnx517c54hg87dyqjky740000gn/T/.tmpMtxbLg/tmp/
Minimizer length: 15
Kminmer length: 122
Density: 0.005
Min abundance: 0

Loading refined abundances
	Duration: 0
Collecting kminmers
Building mdbg
Duration: 0
Nb solid kminmers: 31217
Nb small contigs written: 0
Dump kminmer abundances
	Duration: 0
Indexing edges
Edge index size: 31299
Edge index elements: 57640
	Duration: 0
Compute unitig nodes
	Duration: 0
Index unitig edges
	Duration: 0
Compute unitig edges
	Duration: 0
Dump unitig abundances
	Duration: 0
Nb edges:   0


metaMDBG contig  /var/folders/zg/vq0dnx517c54hg87dyqjky740000gn/T/.tmpMtxbLg/tmp/ --threads 10

Input dir: /var/folders/zg/vq0dnx517c54hg87dyqjky740000gn/T/.tmpMtxbLg/tmp/
Minimizer length: 15
Kminmer length: 122
Density: 0.005

Loading unitig graph
Load unitigs
Nb unitigs: 539
Nb minimizers: 96436
Add unitig abundances
Sorting abundances
Add unitig edges
Nb unitig edges: 916
Sorting unitig edges
Done loading unitig graph
Simplifying
Max abundance: 42
Nb unitigs: 539
Superbubble
Nb superbubble removed: 8 0 (0s)
Tip
Nb Tip removed: 173 (0s)
Superbubble
Nb superbubble removed: 16 0 (0s)
Tip
Nb Tip removed: 0 (0s)
Nb errors removed: 99 (0s)
Superbubble
Nb superbubble removed: 2 0 (0s)
Tip
Nb Tip removed: 0 (0s)
Nb errors removed: 49 (0s)
Superbubble
Nb superbubble removed: 0 0 (0s)
Tip
Nb Tip removed: 0 (0s)
Nb errors removed: 30 (0s)
Superbubble
Nb superbubble removed: 0 0 (0s)
Tip
Nb Tip removed: 0 (0s)
Nb errors removed: 23 (0s)
Superbubble
Nb superbubble removed: 0 0 (0s)
Tip
Nb Tip removed: 0 (0s)
Nb errors removed: 24 (0s)
Superbubble
Nb superbubble removed: 2 0 (0s)
Tip
Nb Tip removed: 0 (0s)
Nb errors removed: 14 (0s)
Superbubble
Nb superbubble removed: 2 0 (0s)
Tip
Nb Tip removed: 0 (0s)
Nb errors removed: 13 (0s)
Superbubble
Nb superbubble removed: 0 0 (0s)
Tip
Nb Tip removed: 0 (0s)
Nb errors removed: 12 (0s)
Superbubble
Nb superbubble removed: 0 0 (0s)
Tip
Nb Tip removed: 0 (0s)
Nb errors removed: 10 (0s)
Superbubble
Nb superbubble removed: 2 0 (0s)
Tip
Nb Tip removed: 0 (0s)
Nb errors removed: 4 (0s)
Superbubble
Nb superbubble removed: 0 0 (0s)
Tip
Nb Tip removed: 0 (0s)
Nb errors removed: 13 (0s)
Superbubble
Nb superbubble removed: 0 0 (0s)
Tip
Nb Tip removed: 0 (0s)
Nb errors removed: 3 (0s)
Superbubble
Nb superbubble removed: 0 0 (0s)
Tip
Nb Tip removed: 0 (0s)
Nb errors removed: 1 (0s)
Superbubble
Nb superbubble removed: 0 0 (0s)
Tip
Nb Tip removed: 0 (0s)
Nb errors removed: 4 (0s)
Superbubble
Nb superbubble removed: 0 0 (0s)
Tip
Nb Tip removed: 0 (0s)
Nb errors removed: 1 (0s)
Superbubble
Nb superbubble removed: 0 0 (0s)
Tip
Nb Tip removed: 0 (0s)
Nb errors removed: 6 (0s)
Superbubble
Nb superbubble removed: 0 0 (0s)
Tip
Nb Tip removed: 0 (0s)
Nb errors removed: 1 (0s)
Superbubble
Nb superbubble removed: 0 0 (0s)
Tip
Nb Tip removed: 0 (0s)
Checksum: 0
Checksum abundnace: 0
Generating contigs
45.2593
28.1025
25.5477
23.2252
21.1138
15.8631
13.11
11.9182
10.8347
9.84974
8.14028
7.40025
6.11591
5.05447
4.17725
3.13843
2.14359
0


metaMDBG toMinspace  /var/folders/zg/vq0dnx517c54hg87dyqjky740000gn/T/.tmpMtxbLg/tmp/ /var/folders/zg/vq0dnx517c54hg87dyqjky740000gn/T/.tmpMtxbLg/tmp//contigs.nodepath /var/folders/zg/vq0dnx517c54hg87dyqjky740000gn/T/.tmpMtxbLg/tmp//unitig_data.txt --threads 10

Input dir: /var/folders/zg/vq0dnx517c54hg87dyqjky740000gn/T/.tmpMtxbLg/tmp/
Minimizer length: 15
Kminmer length: 122
Density: 0.005

Loading unitig sequences

Creating mContigs

Contig filename: /var/folders/zg/vq0dnx517c54hg87dyqjky740000gn/T/.tmpMtxbLg/tmp//unitig_data.txt
pass done: 122
Multi-k pass: 123/204


metaMDBG graph /var/folders/zg/vq0dnx517c54hg87dyqjky740000gn/T/.tmpMtxbLg/tmp/ --threads 10 --corrected-read 

Contig filename: 
Output dir: /var/folders/zg/vq0dnx517c54hg87dyqjky740000gn/T/.tmpMtxbLg/tmp/
Minimizer length: 15
Kminmer length: 123
Density: 0.005
Min abundance: 0

Loading refined abundances
	Duration: 0
Collecting kminmers
Building mdbg
Duration: 0
Nb solid kminmers: 31128
Nb small contigs written: 0
Dump kminmer abundances
	Duration: 0
Indexing edges
Edge index size: 31214
Edge index elements: 57599
	Duration: 0
Compute unitig nodes
	Duration: 0
Index unitig edges
	Duration: 0
Compute unitig edges
	Duration: 0
Dump unitig abundances
	Duration: 0
Nb edges:   0


metaMDBG contig  /var/folders/zg/vq0dnx517c54hg87dyqjky740000gn/T/.tmpMtxbLg/tmp/ --threads 10

Input dir: /var/folders/zg/vq0dnx517c54hg87dyqjky740000gn/T/.tmpMtxbLg/tmp/
Minimizer length: 15
Kminmer length: 123
Density: 0.005

Loading unitig graph
Load unitigs
Nb unitigs: 530
Nb minimizers: 95788
Add unitig abundances
Sorting abundances
Add unitig edges
Nb unitig edges: 888
Sorting unitig edges
Done loading unitig graph
Simplifying
Max abundance: 42
Nb unitigs: 530
Superbubble
Nb superbubble removed: 6 0 (0s)
Tip
Nb Tip removed: 170 (0s)
Superbubble
Nb superbubble removed: 14 0 (0s)
Tip
Nb Tip removed: 0 (0s)
Nb errors removed: 98 (0s)
Superbubble
Nb superbubble removed: 2 0 (0s)
Tip
Nb Tip removed: 0 (0s)
Nb errors removed: 47 (0s)
Superbubble
Nb superbubble removed: 0 0 (0s)
Tip
Nb Tip removed: 0 (0s)
Nb errors removed: 30 (0s)
Superbubble
Nb superbubble removed: 0 0 (0s)
Tip
Nb Tip removed: 0 (0s)
Nb errors removed: 23 (0s)
Superbubble
Nb superbubble removed: 0 0 (0s)
Tip
Nb Tip removed: 0 (0s)
Nb errors removed: 24 (0s)
Superbubble
Nb superbubble removed: 2 0 (0s)
Tip
Nb Tip removed: 0 (0s)
Nb errors removed: 14 (0s)
Superbubble
Nb superbubble removed: 2 0 (0s)
Tip
Nb Tip removed: 0 (0s)
Nb errors removed: 13 (0s)
Superbubble
Nb superbubble removed: 0 0 (0s)
Tip
Nb Tip removed: 0 (0s)
Nb errors removed: 13 (0s)
Superbubble
Nb superbubble removed: 0 0 (0s)
Tip
Nb Tip removed: 0 (0s)
Nb errors removed: 10 (0s)
Superbubble
Nb superbubble removed: 2 0 (0s)
Tip
Nb Tip removed: 0 (0s)
Nb errors removed: 4 (0s)
Superbubble
Nb superbubble removed: 0 0 (0s)
Tip
Nb Tip removed: 0 (0s)
Nb errors removed: 13 (0s)
Superbubble
Nb superbubble removed: 0 0 (0s)
Tip
Nb Tip removed: 0 (0s)
Nb errors removed: 3 (0s)
Superbubble
Nb superbubble removed: 0 0 (0s)
Tip
Nb Tip removed: 0 (0s)
Nb errors removed: 1 (0s)
Superbubble
Nb superbubble removed: 0 0 (0s)
Tip
Nb Tip removed: 0 (0s)
Nb errors removed: 4 (0s)
Superbubble
Nb superbubble removed: 0 0 (0s)
Tip
Nb Tip removed: 0 (0s)
Nb errors removed: 1 (0s)
Superbubble
Nb superbubble removed: 0 0 (0s)
Tip
Nb Tip removed: 0 (0s)
Nb errors removed: 6 (0s)
Superbubble
Nb superbubble removed: 0 0 (0s)
Tip
Nb Tip removed: 0 (0s)
Nb errors removed: 1 (0s)
Superbubble
Nb superbubble removed: 0 0 (0s)
Tip
Nb Tip removed: 0 (0s)
Checksum: 0
Checksum abundnace: 0
Generating contigs
45.2593
28.1025
25.5477
23.2252
21.1138
15.8631
13.11
11.9182
10.8347
9.84974
8.14028
7.40025
6.11591
5.05447
4.17725
3.13843
2.14359
0


metaMDBG toMinspace  /var/folders/zg/vq0dnx517c54hg87dyqjky740000gn/T/.tmpMtxbLg/tmp/ /var/folders/zg/vq0dnx517c54hg87dyqjky740000gn/T/.tmpMtxbLg/tmp//contigs.nodepath /var/folders/zg/vq0dnx517c54hg87dyqjky740000gn/T/.tmpMtxbLg/tmp//unitig_data.txt --threads 10

Input dir: /var/folders/zg/vq0dnx517c54hg87dyqjky740000gn/T/.tmpMtxbLg/tmp/
Minimizer length: 15
Kminmer length: 123
Density: 0.005

Loading unitig sequences

Creating mContigs

Contig filename: /var/folders/zg/vq0dnx517c54hg87dyqjky740000gn/T/.tmpMtxbLg/tmp//unitig_data.txt
pass done: 123
Multi-k pass: 124/204


metaMDBG graph /var/folders/zg/vq0dnx517c54hg87dyqjky740000gn/T/.tmpMtxbLg/tmp/ --threads 10 --corrected-read 

Contig filename: 
Output dir: /var/folders/zg/vq0dnx517c54hg87dyqjky740000gn/T/.tmpMtxbLg/tmp/
Minimizer length: 15
Kminmer length: 124
Density: 0.005
Min abundance: 0

Loading refined abundances
	Duration: 0
Collecting kminmers
Building mdbg
Duration: 0
Nb solid kminmers: 31040
Nb small contigs written: 0
Dump kminmer abundances
	Duration: 0
Indexing edges
Edge index size: 31125
Edge index elements: 57403
	Duration: 0
Compute unitig nodes
	Duration: 0
Index unitig edges
	Duration: 0
Compute unitig edges
	Duration: 0
Dump unitig abundances
	Duration: 0
Nb edges:   0


metaMDBG contig  /var/folders/zg/vq0dnx517c54hg87dyqjky740000gn/T/.tmpMtxbLg/tmp/ --threads 10

Input dir: /var/folders/zg/vq0dnx517c54hg87dyqjky740000gn/T/.tmpMtxbLg/tmp/
Minimizer length: 15
Kminmer length: 124
Density: 0.005

Loading unitig graph
Load unitigs
Nb unitigs: 523
Nb minimizers: 95369
Add unitig abundances
Sorting abundances
Add unitig edges
Nb unitig edges: 880
Sorting unitig edges
Done loading unitig graph
Simplifying
Max abundance: 42
Nb unitigs: 523
Superbubble
Nb superbubble removed: 4 0 (0s)
Tip
Nb Tip removed: 170 (0s)
Superbubble
Nb superbubble removed: 14 0 (0s)
Tip
Nb Tip removed: 0 (0s)
Nb errors removed: 96 (0s)
Superbubble
Nb superbubble removed: 2 0 (0s)
Tip
Nb Tip removed: 0 (0s)
Nb errors removed: 47 (0s)
Superbubble
Nb superbubble removed: 0 0 (0s)
Tip
Nb Tip removed: 0 (0s)
Nb errors removed: 30 (0s)
Superbubble
Nb superbubble removed: 0 0 (0s)
Tip
Nb Tip removed: 0 (0s)
Nb errors removed: 23 (0s)
Superbubble
Nb superbubble removed: 0 0 (0s)
Tip
Nb Tip removed: 0 (0s)
Nb errors removed: 24 (0s)
Superbubble
Nb superbubble removed: 2 0 (0s)
Tip
Nb Tip removed: 0 (0s)
Nb errors removed: 14 (0s)
Superbubble
Nb superbubble removed: 2 0 (0s)
Tip
Nb Tip removed: 0 (0s)
Nb errors removed: 13 (0s)
Superbubble
Nb superbubble removed: 0 0 (0s)
Tip
Nb Tip removed: 0 (0s)
Nb errors removed: 13 (0s)
Superbubble
Nb superbubble removed: 0 0 (0s)
Tip
Nb Tip removed: 0 (0s)
Nb errors removed: 10 (0s)
Superbubble
Nb superbubble removed: 2 0 (0s)
Tip
Nb Tip removed: 0 (0s)
Nb errors removed: 4 (0s)
Superbubble
Nb superbubble removed: 0 0 (0s)
Tip
Nb Tip removed: 0 (0s)
Nb errors removed: 13 (0s)
Superbubble
Nb superbubble removed: 0 0 (0s)
Tip
Nb Tip removed: 0 (0s)
Nb errors removed: 3 (0s)
Superbubble
Nb superbubble removed: 0 0 (0s)
Tip
Nb Tip removed: 0 (0s)
Nb errors removed: 1 (0s)
Superbubble
Nb superbubble removed: 0 0 (0s)
Tip
Nb Tip removed: 0 (0s)
Nb errors removed: 4 (0s)
Superbubble
Nb superbubble removed: 0 0 (0s)
Tip
Nb Tip removed: 0 (0s)
Nb errors removed: 1 (0s)
Superbubble
Nb superbubble removed: 0 0 (0s)
Tip
Nb Tip removed: 0 (0s)
Nb errors removed: 6 (0s)
Superbubble
Nb superbubble removed: 0 0 (0s)
Tip
Nb Tip removed: 0 (0s)
Nb errors removed: 1 (0s)
Superbubble
Nb superbubble removed: 0 0 (0s)
Tip
Nb Tip removed: 0 (0s)
Checksum: 0
Checksum abundnace: 0
Generating contigs
45.2593
28.1025
25.5477
23.2252
21.1138
15.8631
13.11
11.9182
10.8347
9.84974
8.14028
7.40025
6.11591
5.05447
4.17725
3.13843
2.14359
0


metaMDBG toMinspace  /var/folders/zg/vq0dnx517c54hg87dyqjky740000gn/T/.tmpMtxbLg/tmp/ /var/folders/zg/vq0dnx517c54hg87dyqjky740000gn/T/.tmpMtxbLg/tmp//contigs.nodepath /var/folders/zg/vq0dnx517c54hg87dyqjky740000gn/T/.tmpMtxbLg/tmp//unitig_data.txt --threads 10

Input dir: /var/folders/zg/vq0dnx517c54hg87dyqjky740000gn/T/.tmpMtxbLg/tmp/
Minimizer length: 15
Kminmer length: 124
Density: 0.005

Loading unitig sequences

Creating mContigs

Contig filename: /var/folders/zg/vq0dnx517c54hg87dyqjky740000gn/T/.tmpMtxbLg/tmp//unitig_data.txt
pass done: 124
Multi-k pass: 125/204


metaMDBG graph /var/folders/zg/vq0dnx517c54hg87dyqjky740000gn/T/.tmpMtxbLg/tmp/ --threads 10 --corrected-read 

Contig filename: 
Output dir: /var/folders/zg/vq0dnx517c54hg87dyqjky740000gn/T/.tmpMtxbLg/tmp/
Minimizer length: 15
Kminmer length: 125
Density: 0.005
Min abundance: 0

Loading refined abundances
	Duration: 0
Collecting kminmers
Building mdbg
Duration: 0
Nb solid kminmers: 30948
Nb small contigs written: 0
Dump kminmer abundances
	Duration: 0
Indexing edges
Edge index size: 31037
Edge index elements: 57356
	Duration: 0
Compute unitig nodes
	Duration: 0
Index unitig edges
	Duration: 0
Compute unitig edges
	Duration: 0
Dump unitig abundances
	Duration: 0
Nb edges:   0


metaMDBG contig  /var/folders/zg/vq0dnx517c54hg87dyqjky740000gn/T/.tmpMtxbLg/tmp/ --threads 10

Input dir: /var/folders/zg/vq0dnx517c54hg87dyqjky740000gn/T/.tmpMtxbLg/tmp/
Minimizer length: 15
Kminmer length: 125
Density: 0.005

Loading unitig graph
Load unitigs
Nb unitigs: 511
Nb minimizers: 94312
Add unitig abundances
Sorting abundances
Add unitig edges
Nb unitig edges: 848
Sorting unitig edges
Done loading unitig graph
Simplifying
Max abundance: 42
Nb unitigs: 511
Superbubble
Nb superbubble removed: 4 0 (0s)
Tip
Nb Tip removed: 164 (0s)
Superbubble
Nb superbubble removed: 14 0 (0s)
Tip
Nb Tip removed: 0 (0s)
Nb errors removed: 95 (0s)
Superbubble
Nb superbubble removed: 2 0 (0s)
Tip
Nb Tip removed: 0 (0s)
Nb errors removed: 43 (0s)
Superbubble
Nb superbubble removed: 0 0 (0s)
Tip
Nb Tip removed: 0 (0s)
Nb errors removed: 29 (0s)
Superbubble
Nb superbubble removed: 0 0 (0s)
Tip
Nb Tip removed: 0 (0s)
Nb errors removed: 23 (0s)
Superbubble
Nb superbubble removed: 0 0 (0s)
Tip
Nb Tip removed: 0 (0s)
Nb errors removed: 24 (0s)
Superbubble
Nb superbubble removed: 2 0 (0s)
Tip
Nb Tip removed: 0 (0s)
Nb errors removed: 14 (0s)
Superbubble
Nb superbubble removed: 2 0 (0s)
Tip
Nb Tip removed: 0 (0s)
Nb errors removed: 13 (0s)
Superbubble
Nb superbubble removed: 0 0 (0s)
Tip
Nb Tip removed: 0 (0s)
Nb errors removed: 13 (0s)
Superbubble
Nb superbubble removed: 0 0 (0s)
Tip
Nb Tip removed: 0 (0s)
Nb errors removed: 10 (0s)
Superbubble
Nb superbubble removed: 0 0 (0s)
Tip
Nb Tip removed: 0 (0s)
Nb errors removed: 4 (0s)
Superbubble
Nb superbubble removed: 0 0 (0s)
Tip
Nb Tip removed: 0 (0s)
Nb errors removed: 14 (0s)
Superbubble
Nb superbubble removed: 0 0 (0s)
Tip
Nb Tip removed: 0 (0s)
Nb errors removed: 3 (0s)
Superbubble
Nb superbubble removed: 0 0 (0s)
Tip
Nb Tip removed: 0 (0s)
Nb errors removed: 1 (0s)
Superbubble
Nb superbubble removed: 0 0 (0s)
Tip
Nb Tip removed: 0 (0s)
Nb errors removed: 4 (0s)
Superbubble
Nb superbubble removed: 0 0 (0s)
Tip
Nb Tip removed: 0 (0s)
Nb errors removed: 1 (0s)
Superbubble
Nb superbubble removed: 0 0 (0s)
Tip
Nb Tip removed: 0 (0s)
Nb errors removed: 6 (0s)
Superbubble
Nb superbubble removed: 0 0 (0s)
Tip
Nb Tip removed: 0 (0s)
Nb errors removed: 1 (0s)
Superbubble
Nb superbubble removed: 0 0 (0s)
Tip
Nb Tip removed: 0 (0s)
Checksum: 0
Checksum abundnace: 0
Generating contigs
45.2593
28.1025
25.5477
23.2252
21.1138
15.8631
13.11
11.9182
10.8347
9.84974
8.14028
7.40025
6.11591
5.05447
4.17725
3.13843
2.14359
0


metaMDBG toMinspace  /var/folders/zg/vq0dnx517c54hg87dyqjky740000gn/T/.tmpMtxbLg/tmp/ /var/folders/zg/vq0dnx517c54hg87dyqjky740000gn/T/.tmpMtxbLg/tmp//contigs.nodepath /var/folders/zg/vq0dnx517c54hg87dyqjky740000gn/T/.tmpMtxbLg/tmp//unitig_data.txt --threads 10

Input dir: /var/folders/zg/vq0dnx517c54hg87dyqjky740000gn/T/.tmpMtxbLg/tmp/
Minimizer length: 15
Kminmer length: 125
Density: 0.005

Loading unitig sequences

Creating mContigs

Contig filename: /var/folders/zg/vq0dnx517c54hg87dyqjky740000gn/T/.tmpMtxbLg/tmp//unitig_data.txt
pass done: 125
Multi-k pass: 126/204


metaMDBG graph /var/folders/zg/vq0dnx517c54hg87dyqjky740000gn/T/.tmpMtxbLg/tmp/ --threads 10 --corrected-read 

Contig filename: 
Output dir: /var/folders/zg/vq0dnx517c54hg87dyqjky740000gn/T/.tmpMtxbLg/tmp/
Minimizer length: 15
Kminmer length: 126
Density: 0.005
Min abundance: 0

Loading refined abundances
	Duration: 0
Collecting kminmers
Building mdbg
Duration: 0
Nb solid kminmers: 30857
Nb small contigs written: 0
Dump kminmer abundances
	Duration: 0
Indexing edges
Edge index size: 30946
Edge index elements: 57037
	Duration: 0
Compute unitig nodes
	Duration: 0
Index unitig edges
	Duration: 0
Compute unitig edges
	Duration: 0
Dump unitig abundances
	Duration: 0
Nb edges:   0


metaMDBG contig  /var/folders/zg/vq0dnx517c54hg87dyqjky740000gn/T/.tmpMtxbLg/tmp/ --threads 10

Input dir: /var/folders/zg/vq0dnx517c54hg87dyqjky740000gn/T/.tmpMtxbLg/tmp/
Minimizer length: 15
Kminmer length: 126
Density: 0.005

Loading unitig graph
Load unitigs
Nb unitigs: 508
Nb minimizers: 94357
Add unitig abundances
Sorting abundances
Add unitig edges
Nb unitig edges: 840
Sorting unitig edges
Done loading unitig graph
Simplifying
Max abundance: 42
Nb unitigs: 508
Superbubble
Nb superbubble removed: 4 0 (0s)
Tip
Nb Tip removed: 163 (0s)
Superbubble
Nb superbubble removed: 10 0 (0s)
Tip
Nb Tip removed: 0 (0s)
Nb errors removed: 93 (0s)
Superbubble
Nb superbubble removed: 2 0 (0s)
Tip
Nb Tip removed: 0 (0s)
Nb errors removed: 43 (0s)
Superbubble
Nb superbubble removed: 0 0 (0s)
Tip
Nb Tip removed: 0 (0s)
Nb errors removed: 29 (0s)
Superbubble
Nb superbubble removed: 0 0 (0s)
Tip
Nb Tip removed: 0 (0s)
Nb errors removed: 25 (0s)
Superbubble
Nb superbubble removed: 0 0 (0s)
Tip
Nb Tip removed: 0 (0s)
Nb errors removed: 24 (0s)
Superbubble
Nb superbubble removed: 2 0 (0s)
Tip
Nb Tip removed: 0 (0s)
Nb errors removed: 14 (0s)
Superbubble
Nb superbubble removed: 2 0 (0s)
Tip
Nb Tip removed: 0 (0s)
Nb errors removed: 13 (0s)
Superbubble
Nb superbubble removed: 0 0 (0s)
Tip
Nb Tip removed: 0 (0s)
Nb errors removed: 13 (0s)
Superbubble
Nb superbubble removed: 0 0 (0s)
Tip
Nb Tip removed: 0 (0s)
Nb errors removed: 10 (0s)
Superbubble
Nb superbubble removed: 0 0 (0s)
Tip
Nb Tip removed: 0 (0s)
Nb errors removed: 4 (0s)
Superbubble
Nb superbubble removed: 0 0 (0s)
Tip
Nb Tip removed: 0 (0s)
Nb errors removed: 14 (0s)
Superbubble
Nb superbubble removed: 0 0 (0s)
Tip
Nb Tip removed: 0 (0s)
Nb errors removed: 3 (0s)
Superbubble
Nb superbubble removed: 0 0 (0s)
Tip
Nb Tip removed: 0 (0s)
Nb errors removed: 1 (0s)
Superbubble
Nb superbubble removed: 0 0 (0s)
Tip
Nb Tip removed: 0 (0s)
Nb errors removed: 4 (0s)
Superbubble
Nb superbubble removed: 0 0 (0s)
Tip
Nb Tip removed: 0 (0s)
Nb errors removed: 1 (0s)
Superbubble
Nb superbubble removed: 0 0 (0s)
Tip
Nb Tip removed: 0 (0s)
Nb errors removed: 6 (0s)
Superbubble
Nb superbubble removed: 0 0 (0s)
Tip
Nb Tip removed: 0 (0s)
Nb errors removed: 1 (0s)
Superbubble
Nb superbubble removed: 0 0 (0s)
Tip
Nb Tip removed: 0 (0s)
Checksum: 0
Checksum abundnace: 0
Generating contigs
45.2593
28.1025
25.5477
23.2252
21.1138
15.8631
13.11
11.9182
10.8347
9.84974
8.14028
7.40025
6.11591
5.05447
4.17725
3.13843
2.14359
0


metaMDBG toMinspace  /var/folders/zg/vq0dnx517c54hg87dyqjky740000gn/T/.tmpMtxbLg/tmp/ /var/folders/zg/vq0dnx517c54hg87dyqjky740000gn/T/.tmpMtxbLg/tmp//contigs.nodepath /var/folders/zg/vq0dnx517c54hg87dyqjky740000gn/T/.tmpMtxbLg/tmp//unitig_data.txt --threads 10

Input dir: /var/folders/zg/vq0dnx517c54hg87dyqjky740000gn/T/.tmpMtxbLg/tmp/
Minimizer length: 15
Kminmer length: 126
Density: 0.005

Loading unitig sequences

Creating mContigs

Contig filename: /var/folders/zg/vq0dnx517c54hg87dyqjky740000gn/T/.tmpMtxbLg/tmp//unitig_data.txt
pass done: 126
Multi-k pass: 127/204


metaMDBG graph /var/folders/zg/vq0dnx517c54hg87dyqjky740000gn/T/.tmpMtxbLg/tmp/ --threads 10 --corrected-read 

Contig filename: 
Output dir: /var/folders/zg/vq0dnx517c54hg87dyqjky740000gn/T/.tmpMtxbLg/tmp/
Minimizer length: 15
Kminmer length: 127
Density: 0.005
Min abundance: 0

Loading refined abundances
	Duration: 0
Collecting kminmers
Building mdbg
Duration: 0
Nb solid kminmers: 30763
Nb small contigs written: 0
Dump kminmer abundances
	Duration: 0
Indexing edges
Edge index size: 30849
Edge index elements: 56868
	Duration: 0
Compute unitig nodes
	Duration: 0
Index unitig edges
	Duration: 0
Compute unitig edges
	Duration: 0
Dump unitig abundances
	Duration: 0
Nb edges:   0


metaMDBG contig  /var/folders/zg/vq0dnx517c54hg87dyqjky740000gn/T/.tmpMtxbLg/tmp/ --threads 10

Input dir: /var/folders/zg/vq0dnx517c54hg87dyqjky740000gn/T/.tmpMtxbLg/tmp/
Minimizer length: 15
Kminmer length: 127
Density: 0.005

Loading unitig graph
Load unitigs
Nb unitigs: 492
Nb minimizers: 92755
Add unitig abundances
Sorting abundances
Add unitig edges
Nb unitig edges: 816
Sorting unitig edges
Done loading unitig graph
Simplifying
Max abundance: 42
Nb unitigs: 492
Superbubble
Nb superbubble removed: 0 0 (0s)
Tip
Nb Tip removed: 159 (0s)
Superbubble
Nb superbubble removed: 0 0 (0s)
Tip
Nb Tip removed: 0 (0s)
Nb errors removed: 92 (0s)
Superbubble
Nb superbubble removed: 0 0 (0s)
Tip
Nb Tip removed: 0 (0s)
Nb errors removed: 43 (0s)
Superbubble
Nb superbubble removed: 0 0 (0s)
Tip
Nb Tip removed: 0 (0s)
Nb errors removed: 26 (0s)
Superbubble
Nb superbubble removed: 0 0 (0s)
Tip
Nb Tip removed: 0 (0s)
Nb errors removed: 23 (0s)
Superbubble
Nb superbubble removed: 0 0 (0s)
Tip
Nb Tip removed: 0 (0s)
Nb errors removed: 26 (0s)
Superbubble
Nb superbubble removed: 0 0 (0s)
Tip
Nb Tip removed: 0 (0s)
Nb errors removed: 17 (0s)
Superbubble
Nb superbubble removed: 0 0 (0s)
Tip
Nb Tip removed: 0 (0s)
Nb errors removed: 14 (0s)
Superbubble
Nb superbubble removed: 0 0 (0s)
Tip
Nb Tip removed: 0 (0s)
Nb errors removed: 13 (0s)
Superbubble
Nb superbubble removed: 0 0 (0s)
Tip
Nb Tip removed: 0 (0s)
Nb errors removed: 10 (0s)
Superbubble
Nb superbubble removed: 0 0 (0s)
Tip
Nb Tip removed: 0 (0s)
Nb errors removed: 4 (0s)
Superbubble
Nb superbubble removed: 0 0 (0s)
Tip
Nb Tip removed: 0 (0s)
Nb errors removed: 16 (0s)
Superbubble
Nb superbubble removed: 0 0 (0s)
Tip
Nb Tip removed: 0 (0s)
Nb errors removed: 3 (0s)
Superbubble
Nb superbubble removed: 0 0 (0s)
Tip
Nb Tip removed: 0 (0s)
Nb errors removed: 1 (0s)
Superbubble
Nb superbubble removed: 0 0 (0s)
Tip
Nb Tip removed: 0 (0s)
Nb errors removed: 2 (0s)
Superbubble
Nb superbubble removed: 0 0 (0s)
Tip
Nb Tip removed: 0 (0s)
Nb errors removed: 1 (0s)
Superbubble
Nb superbubble removed: 0 0 (0s)
Tip
Nb Tip removed: 0 (0s)
Nb errors removed: 8 (0s)
Superbubble
Nb superbubble removed: 0 0 (0s)
Tip
Nb Tip removed: 0 (0s)
Nb errors removed: 1 (0s)
Superbubble
Nb superbubble removed: 0 0 (0s)
Tip
Nb Tip removed: 0 (0s)
Checksum: 0
Checksum abundnace: 0
Generating contigs
45.2593
28.1025
25.5477
23.2252
21.1138
15.8631
13.11
11.9182
10.8347
9.84974
8.14028
7.40025
6.11591
5.05447
4.17725
3.13843
2.14359
0


metaMDBG toMinspace  /var/folders/zg/vq0dnx517c54hg87dyqjky740000gn/T/.tmpMtxbLg/tmp/ /var/folders/zg/vq0dnx517c54hg87dyqjky740000gn/T/.tmpMtxbLg/tmp//contigs.nodepath /var/folders/zg/vq0dnx517c54hg87dyqjky740000gn/T/.tmpMtxbLg/tmp//unitig_data.txt --threads 10

Input dir: /var/folders/zg/vq0dnx517c54hg87dyqjky740000gn/T/.tmpMtxbLg/tmp/
Minimizer length: 15
Kminmer length: 127
Density: 0.005

Loading unitig sequences

Creating mContigs

Contig filename: /var/folders/zg/vq0dnx517c54hg87dyqjky740000gn/T/.tmpMtxbLg/tmp//unitig_data.txt
pass done: 127
Multi-k pass: 128/204


metaMDBG graph /var/folders/zg/vq0dnx517c54hg87dyqjky740000gn/T/.tmpMtxbLg/tmp/ --threads 10 --corrected-read 

Contig filename: 
Output dir: /var/folders/zg/vq0dnx517c54hg87dyqjky740000gn/T/.tmpMtxbLg/tmp/
Minimizer length: 15
Kminmer length: 128
Density: 0.005
Min abundance: 0

Loading refined abundances
	Duration: 0
Collecting kminmers
Building mdbg
Duration: 0
Nb solid kminmers: 30673
Nb small contigs written: 0
Dump kminmer abundances
	Duration: 0
Indexing edges
Edge index size: 30758
Edge index elements: 56528
	Duration: 0
Compute unitig nodes
	Duration: 0
Index unitig edges
	Duration: 0
Compute unitig edges
	Duration: 0
Dump unitig abundances
	Duration: 0
Nb edges:   0


metaMDBG contig  /var/folders/zg/vq0dnx517c54hg87dyqjky740000gn/T/.tmpMtxbLg/tmp/ --threads 10

Input dir: /var/folders/zg/vq0dnx517c54hg87dyqjky740000gn/T/.tmpMtxbLg/tmp/
Minimizer length: 15
Kminmer length: 128
Density: 0.005

Loading unitig graph
Load unitigs
Nb unitigs: 483
Nb minimizers: 92014
Add unitig abundances
Sorting abundances
Add unitig edges
Nb unitig edges: 796
Sorting unitig edges
Done loading unitig graph
Simplifying
Max abundance: 42
Nb unitigs: 483
Superbubble
Nb superbubble removed: 0 0 (0s)
Tip
Nb Tip removed: 154 (0s)
Superbubble
Nb superbubble removed: 0 0 (0s)
Tip
Nb Tip removed: 0 (0s)
Nb errors removed: 88 (0s)
Superbubble
Nb superbubble removed: 0 0 (0s)
Tip
Nb Tip removed: 0 (0s)
Nb errors removed: 43 (0s)
Superbubble
Nb superbubble removed: 0 0 (0s)
Tip
Nb Tip removed: 0 (0s)
Nb errors removed: 26 (0s)
Superbubble
Nb superbubble removed: 0 0 (0s)
Tip
Nb Tip removed: 0 (0s)
Nb errors removed: 23 (0s)
Superbubble
Nb superbubble removed: 0 0 (0s)
Tip
Nb Tip removed: 0 (0s)
Nb errors removed: 26 (0s)
Superbubble
Nb superbubble removed: 0 0 (0s)
Tip
Nb Tip removed: 0 (0s)
Nb errors removed: 17 (0s)
Superbubble
Nb superbubble removed: 0 0 (0s)
Tip
Nb Tip removed: 0 (0s)
Nb errors removed: 12 (0s)
Superbubble
Nb superbubble removed: 0 0 (0s)
Tip
Nb Tip removed: 0 (0s)
Nb errors removed: 13 (0s)
Superbubble
Nb superbubble removed: 0 0 (0s)
Tip
Nb Tip removed: 0 (0s)
Nb errors removed: 10 (0s)
Superbubble
Nb superbubble removed: 0 0 (0s)
Tip
Nb Tip removed: 0 (0s)
Nb errors removed: 4 (0s)
Superbubble
Nb superbubble removed: 0 0 (0s)
Tip
Nb Tip removed: 0 (0s)
Nb errors removed: 16 (0s)
Superbubble
Nb superbubble removed: 0 0 (0s)
Tip
Nb Tip removed: 0 (0s)
Nb errors removed: 3 (0s)
Superbubble
Nb superbubble removed: 0 0 (0s)
Tip
Nb Tip removed: 0 (0s)
Nb errors removed: 1 (0s)
Superbubble
Nb superbubble removed: 0 0 (0s)
Tip
Nb Tip removed: 0 (0s)
Nb errors removed: 1 (0s)
Superbubble
Nb superbubble removed: 0 0 (0s)
Tip
Nb Tip removed: 0 (0s)
Nb errors removed: 1 (0s)
Superbubble
Nb superbubble removed: 0 0 (0s)
Tip
Nb Tip removed: 0 (0s)
Nb errors removed: 9 (0s)
Superbubble
Nb superbubble removed: 0 0 (0s)
Tip
Nb Tip removed: 0 (0s)
Nb errors removed: 1 (0s)
Superbubble
Nb superbubble removed: 0 0 (0s)
Tip
Nb Tip removed: 0 (0s)
Checksum: 0
Checksum abundnace: 0
Generating contigs
45.2593
28.1025
25.5477
23.2252
21.1138
15.8631
13.11
11.9182
10.8347
9.84974
8.14028
7.40025
6.11591
5.05447
4.17725
3.13843
2.14359
0


metaMDBG toMinspace  /var/folders/zg/vq0dnx517c54hg87dyqjky740000gn/T/.tmpMtxbLg/tmp/ /var/folders/zg/vq0dnx517c54hg87dyqjky740000gn/T/.tmpMtxbLg/tmp//contigs.nodepath /var/folders/zg/vq0dnx517c54hg87dyqjky740000gn/T/.tmpMtxbLg/tmp//unitig_data.txt --threads 10

Input dir: /var/folders/zg/vq0dnx517c54hg87dyqjky740000gn/T/.tmpMtxbLg/tmp/
Minimizer length: 15
Kminmer length: 128
Density: 0.005

Loading unitig sequences

Creating mContigs

Contig filename: /var/folders/zg/vq0dnx517c54hg87dyqjky740000gn/T/.tmpMtxbLg/tmp//unitig_data.txt
pass done: 128
Multi-k pass: 129/204


metaMDBG graph /var/folders/zg/vq0dnx517c54hg87dyqjky740000gn/T/.tmpMtxbLg/tmp/ --threads 10 --corrected-read 

Contig filename: 
Output dir: /var/folders/zg/vq0dnx517c54hg87dyqjky740000gn/T/.tmpMtxbLg/tmp/
Minimizer length: 15
Kminmer length: 129
Density: 0.005
Min abundance: 0

Loading refined abundances
	Duration: 0
Collecting kminmers
Building mdbg
Duration: 0
Nb solid kminmers: 30587
Nb small contigs written: 0
Dump kminmer abundances
	Duration: 0
Indexing edges
Edge index size: 30671
Edge index elements: 56699
	Duration: 0
Compute unitig nodes
	Duration: 0
Index unitig edges
	Duration: 0
Compute unitig edges
	Duration: 0
Dump unitig abundances
	Duration: 0
Nb edges:   0


metaMDBG contig  /var/folders/zg/vq0dnx517c54hg87dyqjky740000gn/T/.tmpMtxbLg/tmp/ --threads 10

Input dir: /var/folders/zg/vq0dnx517c54hg87dyqjky740000gn/T/.tmpMtxbLg/tmp/
Minimizer length: 15
Kminmer length: 129
Density: 0.005

Loading unitig graph
Load unitigs
Nb unitigs: 478
Nb minimizers: 91771
Add unitig abundances
Sorting abundances
Add unitig edges
Nb unitig edges: 792
Sorting unitig edges
Done loading unitig graph
Simplifying
Max abundance: 42
Nb unitigs: 478
Superbubble
Nb superbubble removed: 0 0 (0s)
Tip
Nb Tip removed: 153 (0s)
Superbubble
Nb superbubble removed: 0 0 (0s)
Tip
Nb Tip removed: 0 (0s)
Nb errors removed: 87 (0s)
Superbubble
Nb superbubble removed: 0 0 (0s)
Tip
Nb Tip removed: 0 (0s)
Nb errors removed: 43 (0s)
Superbubble
Nb superbubble removed: 0 0 (0s)
Tip
Nb Tip removed: 0 (0s)
Nb errors removed: 26 (0s)
Superbubble
Nb superbubble removed: 0 0 (0s)
Tip
Nb Tip removed: 0 (0s)
Nb errors removed: 23 (0s)
Superbubble
Nb superbubble removed: 0 0 (0s)
Tip
Nb Tip removed: 0 (0s)
Nb errors removed: 26 (0s)
Superbubble
Nb superbubble removed: 0 0 (0s)
Tip
Nb Tip removed: 0 (0s)
Nb errors removed: 17 (0s)
Superbubble
Nb superbubble removed: 0 0 (0s)
Tip
Nb Tip removed: 0 (0s)
Nb errors removed: 12 (0s)
Superbubble
Nb superbubble removed: 0 0 (0s)
Tip
Nb Tip removed: 0 (0s)
Nb errors removed: 12 (0s)
Superbubble
Nb superbubble removed: 0 0 (0s)
Tip
Nb Tip removed: 0 (0s)
Nb errors removed: 10 (0s)
Superbubble
Nb superbubble removed: 0 0 (0s)
Tip
Nb Tip removed: 0 (0s)
Nb errors removed: 4 (0s)
Superbubble
Nb superbubble removed: 0 0 (0s)
Tip
Nb Tip removed: 0 (0s)
Nb errors removed: 16 (0s)
Superbubble
Nb superbubble removed: 0 0 (0s)
Tip
Nb Tip removed: 0 (0s)
Nb errors removed: 3 (0s)
Superbubble
Nb superbubble removed: 0 0 (0s)
Tip
Nb Tip removed: 0 (0s)
Nb errors removed: 1 (0s)
Superbubble
Nb superbubble removed: 0 0 (0s)
Tip
Nb Tip removed: 0 (0s)
Nb errors removed: 1 (0s)
Superbubble
Nb superbubble removed: 0 0 (0s)
Tip
Nb Tip removed: 0 (0s)
Nb errors removed: 1 (0s)
Superbubble
Nb superbubble removed: 0 0 (0s)
Tip
Nb Tip removed: 0 (0s)
Nb errors removed: 9 (0s)
Superbubble
Nb superbubble removed: 0 0 (0s)
Tip
Nb Tip removed: 0 (0s)
Nb errors removed: 1 (0s)
Superbubble
Nb superbubble removed: 0 0 (0s)
Tip
Nb Tip removed: 0 (0s)
Checksum: 0
Checksum abundnace: 0
Generating contigs
45.2593
28.1025
25.5477
23.2252
21.1138
15.8631
13.11
11.9182
10.8347
9.84974
8.14028
7.40025
6.11591
5.05447
4.17725
3.13843
2.14359
0


metaMDBG toMinspace  /var/folders/zg/vq0dnx517c54hg87dyqjky740000gn/T/.tmpMtxbLg/tmp/ /var/folders/zg/vq0dnx517c54hg87dyqjky740000gn/T/.tmpMtxbLg/tmp//contigs.nodepath /var/folders/zg/vq0dnx517c54hg87dyqjky740000gn/T/.tmpMtxbLg/tmp//unitig_data.txt --threads 10

Input dir: /var/folders/zg/vq0dnx517c54hg87dyqjky740000gn/T/.tmpMtxbLg/tmp/
Minimizer length: 15
Kminmer length: 129
Density: 0.005

Loading unitig sequences

Creating mContigs

Contig filename: /var/folders/zg/vq0dnx517c54hg87dyqjky740000gn/T/.tmpMtxbLg/tmp//unitig_data.txt
pass done: 129
Multi-k pass: 130/204


metaMDBG graph /var/folders/zg/vq0dnx517c54hg87dyqjky740000gn/T/.tmpMtxbLg/tmp/ --threads 10 --corrected-read 

Contig filename: 
Output dir: /var/folders/zg/vq0dnx517c54hg87dyqjky740000gn/T/.tmpMtxbLg/tmp/
Minimizer length: 15
Kminmer length: 130
Density: 0.005
Min abundance: 0

Loading refined abundances
	Duration: 0
Collecting kminmers
Building mdbg
Duration: 0
Nb solid kminmers: 30501
Nb small contigs written: 0
Dump kminmer abundances
	Duration: 0
Indexing edges
Edge index size: 30585
Edge index elements: 56359
	Duration: 0
Compute unitig nodes
	Duration: 0
Index unitig edges
	Duration: 0
Compute unitig edges
	Duration: 0
Dump unitig abundances
	Duration: 0
Nb edges:   0


metaMDBG contig  /var/folders/zg/vq0dnx517c54hg87dyqjky740000gn/T/.tmpMtxbLg/tmp/ --threads 10

Input dir: /var/folders/zg/vq0dnx517c54hg87dyqjky740000gn/T/.tmpMtxbLg/tmp/
Minimizer length: 15
Kminmer length: 130
Density: 0.005

Loading unitig graph
Load unitigs
Nb unitigs: 474
Nb minimizers: 91647
Add unitig abundances
Sorting abundances
Add unitig edges
Nb unitig edges: 780
Sorting unitig edges
Done loading unitig graph
Simplifying
Max abundance: 42
Nb unitigs: 474
Superbubble
Nb superbubble removed: 0 0 (0s)
Tip
Nb Tip removed: 153 (0s)
Superbubble
Nb superbubble removed: 0 0 (0s)
Tip
Nb Tip removed: 0 (0s)
Nb errors removed: 86 (0s)
Superbubble
Nb superbubble removed: 0 0 (0s)
Tip
Nb Tip removed: 0 (0s)
Nb errors removed: 43 (0s)
Superbubble
Nb superbubble removed: 0 0 (0s)
Tip
Nb Tip removed: 0 (0s)
Nb errors removed: 26 (0s)
Superbubble
Nb superbubble removed: 0 0 (0s)
Tip
Nb Tip removed: 0 (0s)
Nb errors removed: 23 (0s)
Superbubble
Nb superbubble removed: 0 0 (0s)
Tip
Nb Tip removed: 0 (0s)
Nb errors removed: 26 (0s)
Superbubble
Nb superbubble removed: 0 0 (0s)
Tip
Nb Tip removed: 0 (0s)
Nb errors removed: 16 (0s)
Superbubble
Nb superbubble removed: 0 0 (0s)
Tip
Nb Tip removed: 0 (0s)
Nb errors removed: 12 (0s)
Superbubble
Nb superbubble removed: 0 0 (0s)
Tip
Nb Tip removed: 0 (0s)
Nb errors removed: 12 (0s)
Superbubble
Nb superbubble removed: 0 0 (0s)
Tip
Nb Tip removed: 0 (0s)
Nb errors removed: 10 (0s)
Superbubble
Nb superbubble removed: 0 0 (0s)
Tip
Nb Tip removed: 0 (0s)
Nb errors removed: 4 (0s)
Superbubble
Nb superbubble removed: 0 0 (0s)
Tip
Nb Tip removed: 0 (0s)
Nb errors removed: 16 (0s)
Superbubble
Nb superbubble removed: 0 0 (0s)
Tip
Nb Tip removed: 0 (0s)
Nb errors removed: 3 (0s)
Superbubble
Nb superbubble removed: 0 0 (0s)
Tip
Nb Tip removed: 0 (0s)
Nb errors removed: 1 (0s)
Superbubble
Nb superbubble removed: 0 0 (0s)
Tip
Nb Tip removed: 0 (0s)
Nb errors removed: 1 (0s)
Superbubble
Nb superbubble removed: 0 0 (0s)
Tip
Nb Tip removed: 0 (0s)
Nb errors removed: 9 (0s)
Superbubble
Nb superbubble removed: 0 0 (0s)
Tip
Nb Tip removed: 0 (0s)
Nb errors removed: 1 (0s)
Superbubble
Nb superbubble removed: 0 0 (0s)
Tip
Nb Tip removed: 0 (0s)
Checksum: 0
Checksum abundnace: 0
Generating contigs
45.2593
28.1025
23.2252
21.1138
15.8631
13.11
11.9182
10.8347
9.84974
8.14028
7.40025
6.11591
5.05447
4.17725
3.13843
2.14359
0


metaMDBG toMinspace  /var/folders/zg/vq0dnx517c54hg87dyqjky740000gn/T/.tmpMtxbLg/tmp/ /var/folders/zg/vq0dnx517c54hg87dyqjky740000gn/T/.tmpMtxbLg/tmp//contigs.nodepath /var/folders/zg/vq0dnx517c54hg87dyqjky740000gn/T/.tmpMtxbLg/tmp//unitig_data.txt --threads 10

Input dir: /var/folders/zg/vq0dnx517c54hg87dyqjky740000gn/T/.tmpMtxbLg/tmp/
Minimizer length: 15
Kminmer length: 130
Density: 0.005

Loading unitig sequences

Creating mContigs

Contig filename: /var/folders/zg/vq0dnx517c54hg87dyqjky740000gn/T/.tmpMtxbLg/tmp//unitig_data.txt
pass done: 130
Multi-k pass: 131/204


metaMDBG graph /var/folders/zg/vq0dnx517c54hg87dyqjky740000gn/T/.tmpMtxbLg/tmp/ --threads 10 --corrected-read 

Contig filename: 
Output dir: /var/folders/zg/vq0dnx517c54hg87dyqjky740000gn/T/.tmpMtxbLg/tmp/
Minimizer length: 15
Kminmer length: 131
Density: 0.005
Min abundance: 0

Loading refined abundances
	Duration: 0
Collecting kminmers
Building mdbg
Duration: 0
Nb solid kminmers: 30412
Nb small contigs written: 0
Dump kminmer abundances
	Duration: 0
Indexing edges
Edge index size: 30498
Edge index elements: 56428
	Duration: 0
Compute unitig nodes
	Duration: 0
Index unitig edges
	Duration: 0
Compute unitig edges
	Duration: 0
Dump unitig abundances
	Duration: 0
Nb edges:   0


metaMDBG contig  /var/folders/zg/vq0dnx517c54hg87dyqjky740000gn/T/.tmpMtxbLg/tmp/ --threads 10 --gen-graph 

Input dir: /var/folders/zg/vq0dnx517c54hg87dyqjky740000gn/T/.tmpMtxbLg/tmp/
Minimizer length: 15
Kminmer length: 131
Density: 0.005

Loading unitig graph
Load unitigs
Nb unitigs: 466
Nb minimizers: 90992
Add unitig abundances
Sorting abundances
Add unitig edges
Nb unitig edges: 760
Sorting unitig edges
Done loading unitig graph
Simplifying
Max abundance: 42
Nb unitigs: 466
Superbubble
Nb superbubble removed: 0 0 (0s)
Tip
Nb Tip removed: 147 (0s)
Superbubble
Nb superbubble removed: 0 0 (0s)
Tip
Nb Tip removed: 0 (0s)
Saving unitig graph: /var/folders/zg/vq0dnx517c54hg87dyqjky740000gn/T/.tmpMtxbLg/tmp//assembly_graph.gfa
Nb errors removed: 84 (0s)
Superbubble
Nb superbubble removed: 0 0 (0s)
Tip
Nb Tip removed: 0 (0s)
Nb errors removed: 43 (0s)
Superbubble
Nb superbubble removed: 0 0 (0s)
Tip
Nb Tip removed: 0 (0s)
Nb errors removed: 26 (0s)
Superbubble
Nb superbubble removed: 0 0 (0s)
Tip
Nb Tip removed: 0 (0s)
Nb errors removed: 23 (0s)
Superbubble
Nb superbubble removed: 0 0 (0s)
Tip
Nb Tip removed: 0 (0s)
Nb errors removed: 26 (0s)
Superbubble
Nb superbubble removed: 0 0 (0s)
Tip
Nb Tip removed: 0 (0s)
Nb errors removed: 16 (0s)
Superbubble
Nb superbubble removed: 0 0 (0s)
Tip
Nb Tip removed: 0 (0s)
Nb errors removed: 12 (0s)
Superbubble
Nb superbubble removed: 0 0 (0s)
Tip
Nb Tip removed: 0 (0s)
Nb errors removed: 12 (0s)
Superbubble
Nb superbubble removed: 0 0 (0s)
Tip
Nb Tip removed: 0 (0s)
Nb errors removed: 9 (0s)
Superbubble
Nb superbubble removed: 0 0 (0s)
Tip
Nb Tip removed: 0 (0s)
Nb errors removed: 4 (0s)
Superbubble
Nb superbubble removed: 0 0 (0s)
Tip
Nb Tip removed: 0 (0s)
Nb errors removed: 16 (0s)
Superbubble
Nb superbubble removed: 0 0 (0s)
Tip
Nb Tip removed: 0 (0s)
Nb errors removed: 3 (0s)
Superbubble
Nb superbubble removed: 0 0 (0s)
Tip
Nb Tip removed: 0 (0s)
Nb errors removed: 1 (0s)
Superbubble
Nb superbubble removed: 0 0 (0s)
Tip
Nb Tip removed: 0 (0s)
Nb errors removed: 1 (0s)
Superbubble
Nb superbubble removed: 0 0 (0s)
Tip
Nb Tip removed: 0 (0s)
Nb errors removed: 9 (0s)
Superbubble
Nb superbubble removed: 0 0 (0s)
Tip
Nb Tip removed: 0 (0s)
Nb errors removed: 1 (0s)
Superbubble
Nb superbubble removed: 0 0 (0s)
Tip
Nb Tip removed: 0 (0s)
Checksum: 0
Checksum abundnace: 0
Generating contigs
45.2593
28.1025
23.2252
21.1138
15.8631
13.11
11.9182
10.8347
9.84974
8.14028
7.40025
6.11591
5.05447
4.17725
3.13843
2.14359
0


metaMDBG toMinspace  /var/folders/zg/vq0dnx517c54hg87dyqjky740000gn/T/.tmpMtxbLg/tmp/ /var/folders/zg/vq0dnx517c54hg87dyqjky740000gn/T/.tmpMtxbLg/tmp//contigs.nodepath /var/folders/zg/vq0dnx517c54hg87dyqjky740000gn/T/.tmpMtxbLg/tmp//unitig_data.txt --threads 10

Input dir: /var/folders/zg/vq0dnx517c54hg87dyqjky740000gn/T/.tmpMtxbLg/tmp/
Minimizer length: 15
Kminmer length: 131
Density: 0.005

Loading unitig sequences

Creating mContigs

Contig filename: /var/folders/zg/vq0dnx517c54hg87dyqjky740000gn/T/.tmpMtxbLg/tmp//unitig_data.txt


metaMDBG toMinspace  /var/folders/zg/vq0dnx517c54hg87dyqjky740000gn/T/.tmpMtxbLg/tmp/ /var/folders/zg/vq0dnx517c54hg87dyqjky740000gn/T/.tmpMtxbLg/tmp//assembly_graph.gfa.unitigs.nodepath /var/folders/zg/vq0dnx517c54hg87dyqjky740000gn/T/.tmpMtxbLg/tmp//assembly_graph.gfa.unitigs --threads 10

Input dir: /var/folders/zg/vq0dnx517c54hg87dyqjky740000gn/T/.tmpMtxbLg/tmp/
Minimizer length: 15
Kminmer length: 131
Density: 0.005

Loading unitig sequences

Creating mContigs

Contig filename: /var/folders/zg/vq0dnx517c54hg87dyqjky740000gn/T/.tmpMtxbLg/tmp//assembly_graph.gfa.unitigs
pass done: 131
Multi-k pass: 132/204


metaMDBG graph /var/folders/zg/vq0dnx517c54hg87dyqjky740000gn/T/.tmpMtxbLg/tmp/ --threads 10 --corrected-read 

Contig filename: 
Output dir: /var/folders/zg/vq0dnx517c54hg87dyqjky740000gn/T/.tmpMtxbLg/tmp/
Minimizer length: 15
Kminmer length: 132
Density: 0.005
Min abundance: 0

Loading refined abundances
	Duration: 0
Collecting kminmers
Building mdbg
Duration: 0
Nb solid kminmers: 30322
Nb small contigs written: 0
Dump kminmer abundances
	Duration: 0
Indexing edges
Edge index size: 30407
Edge index elements: 56073
	Duration: 0
Compute unitig nodes
	Duration: 0
Index unitig edges
	Duration: 0
Compute unitig edges
	Duration: 0
Dump unitig abundances
	Duration: 0
Nb edges:   0


metaMDBG contig  /var/folders/zg/vq0dnx517c54hg87dyqjky740000gn/T/.tmpMtxbLg/tmp/ --threads 10

Input dir: /var/folders/zg/vq0dnx517c54hg87dyqjky740000gn/T/.tmpMtxbLg/tmp/
Minimizer length: 15
Kminmer length: 132
Density: 0.005

Loading unitig graph
Load unitigs
Nb unitigs: 457
Nb minimizers: 90189
Add unitig abundances
Sorting abundances
Add unitig edges
Nb unitig edges: 744
Sorting unitig edges
Done loading unitig graph
Simplifying
Max abundance: 42
Nb unitigs: 457
Superbubble
Nb superbubble removed: 0 0 (0s)
Tip
Nb Tip removed: 142 (0s)
Superbubble
Nb superbubble removed: 0 0 (0s)
Tip
Nb Tip removed: 0 (0s)
Nb errors removed: 80 (0s)
Superbubble
Nb superbubble removed: 0 0 (0s)
Tip
Nb Tip removed: 0 (0s)
Nb errors removed: 42 (0s)
Superbubble
Nb superbubble removed: 0 0 (0s)
Tip
Nb Tip removed: 0 (0s)
Nb errors removed: 26 (0s)
Superbubble
Nb superbubble removed: 0 0 (0s)
Tip
Nb Tip removed: 0 (0s)
Nb errors removed: 23 (0s)
Superbubble
Nb superbubble removed: 0 0 (0s)
Tip
Nb Tip removed: 0 (0s)
Nb errors removed: 26 (0s)
Superbubble
Nb superbubble removed: 0 0 (0s)
Tip
Nb Tip removed: 0 (0s)
Nb errors removed: 16 (0s)
Superbubble
Nb superbubble removed: 0 0 (0s)
Tip
Nb Tip removed: 0 (0s)
Nb errors removed: 12 (0s)
Superbubble
Nb superbubble removed: 0 0 (0s)
Tip
Nb Tip removed: 0 (0s)
Nb errors removed: 12 (0s)
Superbubble
Nb superbubble removed: 0 0 (0s)
Tip
Nb Tip removed: 0 (0s)
Nb errors removed: 9 (0s)
Superbubble
Nb superbubble removed: 0 0 (0s)
Tip
Nb Tip removed: 0 (0s)
Nb errors removed: 4 (0s)
Superbubble
Nb superbubble removed: 0 0 (0s)
Tip
Nb Tip removed: 0 (0s)
Nb errors removed: 17 (0s)
Superbubble
Nb superbubble removed: 0 0 (0s)
Tip
Nb Tip removed: 0 (0s)
Nb errors removed: 3 (0s)
Superbubble
Nb superbubble removed: 0 0 (0s)
Tip
Nb Tip removed: 0 (0s)
Nb errors removed: 1 (0s)
Superbubble
Nb superbubble removed: 0 0 (0s)
Tip
Nb Tip removed: 0 (0s)
Nb errors removed: 1 (0s)
Superbubble
Nb superbubble removed: 0 0 (0s)
Tip
Nb Tip removed: 0 (0s)
Nb errors removed: 9 (0s)
Superbubble
Nb superbubble removed: 0 0 (0s)
Tip
Nb Tip removed: 0 (0s)
Nb errors removed: 1 (0s)
Superbubble
Nb superbubble removed: 0 0 (0s)
Tip
Nb Tip removed: 0 (0s)
Checksum: 0
Checksum abundnace: 0
Generating contigs
45.2593
28.1025
23.2252
21.1138
15.8631
13.11
11.9182
10.8347
9.84974
8.14028
7.40025
6.11591
5.05447
4.17725
3.13843
2.14359
0


metaMDBG toMinspace  /var/folders/zg/vq0dnx517c54hg87dyqjky740000gn/T/.tmpMtxbLg/tmp/ /var/folders/zg/vq0dnx517c54hg87dyqjky740000gn/T/.tmpMtxbLg/tmp//contigs.nodepath /var/folders/zg/vq0dnx517c54hg87dyqjky740000gn/T/.tmpMtxbLg/tmp//unitig_data.txt --threads 10

Input dir: /var/folders/zg/vq0dnx517c54hg87dyqjky740000gn/T/.tmpMtxbLg/tmp/
Minimizer length: 15
Kminmer length: 132
Density: 0.005

Loading unitig sequences

Creating mContigs

Contig filename: /var/folders/zg/vq0dnx517c54hg87dyqjky740000gn/T/.tmpMtxbLg/tmp//unitig_data.txt
pass done: 132
Multi-k pass: 133/204


metaMDBG graph /var/folders/zg/vq0dnx517c54hg87dyqjky740000gn/T/.tmpMtxbLg/tmp/ --threads 10 --corrected-read 

Contig filename: 
Output dir: /var/folders/zg/vq0dnx517c54hg87dyqjky740000gn/T/.tmpMtxbLg/tmp/
Minimizer length: 15
Kminmer length: 133
Density: 0.005
Min abundance: 0

Loading refined abundances
	Duration: 0
Collecting kminmers
Building mdbg
Duration: 0
Nb solid kminmers: 30236
Nb small contigs written: 0
Dump kminmer abundances
	Duration: 0
Indexing edges
Edge index size: 30319
Edge index elements: 55883
	Duration: 0
Compute unitig nodes
	Duration: 0
Index unitig edges
	Duration: 0
Compute unitig edges
	Duration: 0
Dump unitig abundances
	Duration: 0
Nb edges:   0


metaMDBG contig  /var/folders/zg/vq0dnx517c54hg87dyqjky740000gn/T/.tmpMtxbLg/tmp/ --threads 10

Input dir: /var/folders/zg/vq0dnx517c54hg87dyqjky740000gn/T/.tmpMtxbLg/tmp/
Minimizer length: 15
Kminmer length: 133
Density: 0.005

Loading unitig graph
Load unitigs
Nb unitigs: 453
Nb minimizers: 90032
Add unitig abundances
Sorting abundances
Add unitig edges
Nb unitig edges: 740
Sorting unitig edges
Done loading unitig graph
Simplifying
Max abundance: 42
Nb unitigs: 453
Superbubble
Nb superbubble removed: 0 0 (0s)
Tip
Nb Tip removed: 140 (0s)
Superbubble
Nb superbubble removed: 0 0 (0s)
Tip
Nb Tip removed: 0 (0s)
Nb errors removed: 78 (0s)
Superbubble
Nb superbubble removed: 0 0 (0s)
Tip
Nb Tip removed: 0 (0s)
Nb errors removed: 42 (0s)
Superbubble
Nb superbubble removed: 0 0 (0s)
Tip
Nb Tip removed: 0 (0s)
Nb errors removed: 26 (0s)
Superbubble
Nb superbubble removed: 0 0 (0s)
Tip
Nb Tip removed: 0 (0s)
Nb errors removed: 22 (0s)
Superbubble
Nb superbubble removed: 0 0 (0s)
Tip
Nb Tip removed: 0 (0s)
Nb errors removed: 26 (0s)
Superbubble
Nb superbubble removed: 0 0 (0s)
Tip
Nb Tip removed: 0 (0s)
Nb errors removed: 16 (0s)
Superbubble
Nb superbubble removed: 0 0 (0s)
Tip
Nb Tip removed: 0 (0s)
Nb errors removed: 12 (0s)
Superbubble
Nb superbubble removed: 0 0 (0s)
Tip
Nb Tip removed: 0 (0s)
Nb errors removed: 12 (0s)
Superbubble
Nb superbubble removed: 0 0 (0s)
Tip
Nb Tip removed: 0 (0s)
Nb errors removed: 9 (0s)
Superbubble
Nb superbubble removed: 0 0 (0s)
Tip
Nb Tip removed: 0 (0s)
Nb errors removed: 4 (0s)
Superbubble
Nb superbubble removed: 0 0 (0s)
Tip
Nb Tip removed: 0 (0s)
Nb errors removed: 17 (0s)
Superbubble
Nb superbubble removed: 0 0 (0s)
Tip
Nb Tip removed: 0 (0s)
Nb errors removed: 3 (0s)
Superbubble
Nb superbubble removed: 0 0 (0s)
Tip
Nb Tip removed: 0 (0s)
Nb errors removed: 1 (0s)
Superbubble
Nb superbubble removed: 0 0 (0s)
Tip
Nb Tip removed: 0 (0s)
Nb errors removed: 1 (0s)
Superbubble
Nb superbubble removed: 0 0 (0s)
Tip
Nb Tip removed: 0 (0s)
Nb errors removed: 9 (0s)
Superbubble
Nb superbubble removed: 0 0 (0s)
Tip
Nb Tip removed: 0 (0s)
Nb errors removed: 1 (0s)
Superbubble
Nb superbubble removed: 0 0 (0s)
Tip
Nb Tip removed: 0 (0s)
Checksum: 0
Checksum abundnace: 0
Generating contigs
45.2593
28.1025
23.2252
21.1138
15.8631
13.11
11.9182
10.8347
9.84974
8.14028
7.40025
6.11591
5.05447
4.17725
3.13843
2.14359
0


metaMDBG toMinspace  /var/folders/zg/vq0dnx517c54hg87dyqjky740000gn/T/.tmpMtxbLg/tmp/ /var/folders/zg/vq0dnx517c54hg87dyqjky740000gn/T/.tmpMtxbLg/tmp//contigs.nodepath /var/folders/zg/vq0dnx517c54hg87dyqjky740000gn/T/.tmpMtxbLg/tmp//unitig_data.txt --threads 10

Input dir: /var/folders/zg/vq0dnx517c54hg87dyqjky740000gn/T/.tmpMtxbLg/tmp/
Minimizer length: 15
Kminmer length: 133
Density: 0.005

Loading unitig sequences

Creating mContigs

Contig filename: /var/folders/zg/vq0dnx517c54hg87dyqjky740000gn/T/.tmpMtxbLg/tmp//unitig_data.txt
pass done: 133
Multi-k pass: 134/204


metaMDBG graph /var/folders/zg/vq0dnx517c54hg87dyqjky740000gn/T/.tmpMtxbLg/tmp/ --threads 10 --corrected-read 

Contig filename: 
Output dir: /var/folders/zg/vq0dnx517c54hg87dyqjky740000gn/T/.tmpMtxbLg/tmp/
Minimizer length: 15
Kminmer length: 134
Density: 0.005
Min abundance: 0

Loading refined abundances
	Duration: 0
Collecting kminmers
Building mdbg
Duration: 0
Nb solid kminmers: 30145
Nb small contigs written: 0
Dump kminmer abundances
	Duration: 0
Indexing edges
Edge index size: 30236
Edge index elements: 55981
	Duration: 0
Compute unitig nodes
	Duration: 0
Index unitig edges
	Duration: 0
Compute unitig edges
	Duration: 0
Dump unitig abundances
	Duration: 0
Nb edges:   0


metaMDBG contig  /var/folders/zg/vq0dnx517c54hg87dyqjky740000gn/T/.tmpMtxbLg/tmp/ --threads 10

Input dir: /var/folders/zg/vq0dnx517c54hg87dyqjky740000gn/T/.tmpMtxbLg/tmp/
Minimizer length: 15
Kminmer length: 134
Density: 0.005

Loading unitig graph
Load unitigs
Nb unitigs: 446
Nb minimizers: 89463
Add unitig abundances
Sorting abundances
Add unitig edges
Nb unitig edges: 710
Sorting unitig edges
Done loading unitig graph
Simplifying
Max abundance: 42
Nb unitigs: 446
Superbubble
Nb superbubble removed: 0 0 (0s)
Tip
Nb Tip removed: 137 (0s)
Superbubble
Nb superbubble removed: 0 0 (0s)
Tip
Nb Tip removed: 0 (0s)
Nb errors removed: 78 (0s)
Superbubble
Nb superbubble removed: 0 0 (0s)
Tip
Nb Tip removed: 0 (0s)
Nb errors removed: 42 (0s)
Superbubble
Nb superbubble removed: 0 0 (0s)
Tip
Nb Tip removed: 0 (0s)
Nb errors removed: 25 (0s)
Superbubble
Nb superbubble removed: 0 0 (0s)
Tip
Nb Tip removed: 0 (0s)
Nb errors removed: 22 (0s)
Superbubble
Nb superbubble removed: 0 0 (0s)
Tip
Nb Tip removed: 0 (0s)
Nb errors removed: 27 (0s)
Superbubble
Nb superbubble removed: 0 0 (0s)
Tip
Nb Tip removed: 0 (0s)
Nb errors removed: 16 (0s)
Superbubble
Nb superbubble removed: 0 0 (0s)
Tip
Nb Tip removed: 0 (0s)
Nb errors removed: 12 (0s)
Superbubble
Nb superbubble removed: 0 0 (0s)
Tip
Nb Tip removed: 0 (0s)
Nb errors removed: 12 (0s)
Superbubble
Nb superbubble removed: 0 0 (0s)
Tip
Nb Tip removed: 0 (0s)
Nb errors removed: 9 (0s)
Superbubble
Nb superbubble removed: 0 0 (0s)
Tip
Nb Tip removed: 0 (0s)
Nb errors removed: 4 (0s)
Superbubble
Nb superbubble removed: 0 0 (0s)
Tip
Nb Tip removed: 0 (0s)
Nb errors removed: 17 (0s)
Superbubble
Nb superbubble removed: 0 0 (0s)
Tip
Nb Tip removed: 0 (0s)
Nb errors removed: 3 (0s)
Superbubble
Nb superbubble removed: 0 0 (0s)
Tip
Nb Tip removed: 0 (0s)
Nb errors removed: 1 (0s)
Superbubble
Nb superbubble removed: 0 0 (0s)
Tip
Nb Tip removed: 0 (0s)
Nb errors removed: 1 (0s)
Superbubble
Nb superbubble removed: 0 0 (0s)
Tip
Nb Tip removed: 0 (0s)
Nb errors removed: 7 (0s)
Superbubble
Nb superbubble removed: 0 0 (0s)
Tip
Nb Tip removed: 0 (0s)
Nb errors removed: 1 (0s)
Superbubble
Nb superbubble removed: 0 0 (0s)
Tip
Nb Tip removed: 0 (0s)
Checksum: 0
Checksum abundnace: 0
Generating contigs
45.2593
28.1025
23.2252
21.1138
15.8631
13.11
11.9182
10.8347
9.84974
8.14028
7.40025
6.11591
5.05447
4.17725
3.13843
2.14359
0


metaMDBG toMinspace  /var/folders/zg/vq0dnx517c54hg87dyqjky740000gn/T/.tmpMtxbLg/tmp/ /var/folders/zg/vq0dnx517c54hg87dyqjky740000gn/T/.tmpMtxbLg/tmp//contigs.nodepath /var/folders/zg/vq0dnx517c54hg87dyqjky740000gn/T/.tmpMtxbLg/tmp//unitig_data.txt --threads 10

Input dir: /var/folders/zg/vq0dnx517c54hg87dyqjky740000gn/T/.tmpMtxbLg/tmp/
Minimizer length: 15
Kminmer length: 134
Density: 0.005

Loading unitig sequences

Creating mContigs

Contig filename: /var/folders/zg/vq0dnx517c54hg87dyqjky740000gn/T/.tmpMtxbLg/tmp//unitig_data.txt
pass done: 134
Multi-k pass: 135/204


metaMDBG graph /var/folders/zg/vq0dnx517c54hg87dyqjky740000gn/T/.tmpMtxbLg/tmp/ --threads 10 --corrected-read 

Contig filename: 
Output dir: /var/folders/zg/vq0dnx517c54hg87dyqjky740000gn/T/.tmpMtxbLg/tmp/
Minimizer length: 15
Kminmer length: 135
Density: 0.005
Min abundance: 0

Loading refined abundances
	Duration: 0
Collecting kminmers
Building mdbg
Duration: 0
Nb solid kminmers: 30053
Nb small contigs written: 0
Dump kminmer abundances
	Duration: 0
Indexing edges
Edge index size: 30141
Edge index elements: 55635
	Duration: 0
Compute unitig nodes
	Duration: 0
Index unitig edges
	Duration: 0
Compute unitig edges
	Duration: 0
Dump unitig abundances
	Duration: 0
Nb edges:   0


metaMDBG contig  /var/folders/zg/vq0dnx517c54hg87dyqjky740000gn/T/.tmpMtxbLg/tmp/ --threads 10

Input dir: /var/folders/zg/vq0dnx517c54hg87dyqjky740000gn/T/.tmpMtxbLg/tmp/
Minimizer length: 15
Kminmer length: 135
Density: 0.005

Loading unitig graph
Load unitigs
Nb unitigs: 440
Nb minimizers: 89013
Add unitig abundances
Sorting abundances
Add unitig edges
Nb unitig edges: 706
Sorting unitig edges
Done loading unitig graph
Simplifying
Max abundance: 42
Nb unitigs: 440
Superbubble
Nb superbubble removed: 0 0 (0s)
Tip
Nb Tip removed: 136 (0s)
Superbubble
Nb superbubble removed: 0 0 (0s)
Tip
Nb Tip removed: 0 (0s)
Nb errors removed: 74 (0s)
Superbubble
Nb superbubble removed: 0 0 (0s)
Tip
Nb Tip removed: 0 (0s)
Nb errors removed: 42 (0s)
Superbubble
Nb superbubble removed: 0 0 (0s)
Tip
Nb Tip removed: 0 (0s)
Nb errors removed: 25 (0s)
Superbubble
Nb superbubble removed: 0 0 (0s)
Tip
Nb Tip removed: 0 (0s)
Nb errors removed: 21 (0s)
Superbubble
Nb superbubble removed: 0 0 (0s)
Tip
Nb Tip removed: 0 (0s)
Nb errors removed: 28 (0s)
Superbubble
Nb superbubble removed: 0 0 (0s)
Tip
Nb Tip removed: 0 (0s)
Nb errors removed: 16 (0s)
Superbubble
Nb superbubble removed: 0 0 (0s)
Tip
Nb Tip removed: 0 (0s)
Nb errors removed: 12 (0s)
Superbubble
Nb superbubble removed: 0 0 (0s)
Tip
Nb Tip removed: 0 (0s)
Nb errors removed: 12 (0s)
Superbubble
Nb superbubble removed: 0 0 (0s)
Tip
Nb Tip removed: 0 (0s)
Nb errors removed: 9 (0s)
Superbubble
Nb superbubble removed: 0 0 (0s)
Tip
Nb Tip removed: 0 (0s)
Nb errors removed: 4 (0s)
Superbubble
Nb superbubble removed: 0 0 (0s)
Tip
Nb Tip removed: 0 (0s)
Nb errors removed: 17 (0s)
Superbubble
Nb superbubble removed: 0 0 (0s)
Tip
Nb Tip removed: 0 (0s)
Nb errors removed: 3 (0s)
Superbubble
Nb superbubble removed: 0 0 (0s)
Tip
Nb Tip removed: 0 (0s)
Nb errors removed: 1 (0s)
Superbubble
Nb superbubble removed: 0 0 (0s)
Tip
Nb Tip removed: 0 (0s)
Nb errors removed: 1 (0s)
Superbubble
Nb superbubble removed: 0 0 (0s)
Tip
Nb Tip removed: 0 (0s)
Nb errors removed: 7 (0s)
Superbubble
Nb superbubble removed: 0 0 (0s)
Tip
Nb Tip removed: 0 (0s)
Nb errors removed: 1 (0s)
Superbubble
Nb superbubble removed: 0 0 (0s)
Tip
Nb Tip removed: 0 (0s)
Checksum: 0
Checksum abundnace: 0
Generating contigs
45.2593
28.1025
23.2252
21.1138
15.8631
13.11
11.9182
10.8347
9.84974
8.14028
7.40025
6.11591
5.05447
4.17725
3.13843
2.14359
0


metaMDBG toMinspace  /var/folders/zg/vq0dnx517c54hg87dyqjky740000gn/T/.tmpMtxbLg/tmp/ /var/folders/zg/vq0dnx517c54hg87dyqjky740000gn/T/.tmpMtxbLg/tmp//contigs.nodepath /var/folders/zg/vq0dnx517c54hg87dyqjky740000gn/T/.tmpMtxbLg/tmp//unitig_data.txt --threads 10

Input dir: /var/folders/zg/vq0dnx517c54hg87dyqjky740000gn/T/.tmpMtxbLg/tmp/
Minimizer length: 15
Kminmer length: 135
Density: 0.005

Loading unitig sequences

Creating mContigs

Contig filename: /var/folders/zg/vq0dnx517c54hg87dyqjky740000gn/T/.tmpMtxbLg/tmp//unitig_data.txt
pass done: 135
Multi-k pass: 136/204


metaMDBG graph /var/folders/zg/vq0dnx517c54hg87dyqjky740000gn/T/.tmpMtxbLg/tmp/ --threads 10 --corrected-read 

Contig filename: 
Output dir: /var/folders/zg/vq0dnx517c54hg87dyqjky740000gn/T/.tmpMtxbLg/tmp/
Minimizer length: 15
Kminmer length: 136
Density: 0.005
Min abundance: 0

Loading refined abundances
	Duration: 0
Collecting kminmers
Building mdbg
Duration: 0
Nb solid kminmers: 29962
Nb small contigs written: 0
Dump kminmer abundances
	Duration: 0
Indexing edges
Edge index size: 30050
Edge index elements: 55444
	Duration: 0
Compute unitig nodes
	Duration: 0
Index unitig edges
	Duration: 0
Compute unitig edges
	Duration: 0
Dump unitig abundances
	Duration: 0
Nb edges:   0


metaMDBG contig  /var/folders/zg/vq0dnx517c54hg87dyqjky740000gn/T/.tmpMtxbLg/tmp/ --threads 10

Input dir: /var/folders/zg/vq0dnx517c54hg87dyqjky740000gn/T/.tmpMtxbLg/tmp/
Minimizer length: 15
Kminmer length: 136
Density: 0.005

Loading unitig graph
Load unitigs
Nb unitigs: 433
Nb minimizers: 88417
Add unitig abundances
Sorting abundances
Add unitig edges
Nb unitig edges: 690
Sorting unitig edges
Done loading unitig graph
Simplifying
Max abundance: 42
Nb unitigs: 433
Superbubble
Nb superbubble removed: 0 0 (0s)
Tip
Nb Tip removed: 133 (0s)
Superbubble
Nb superbubble removed: 0 0 (0s)
Tip
Nb Tip removed: 0 (0s)
Nb errors removed: 72 (0s)
Superbubble
Nb superbubble removed: 0 0 (0s)
Tip
Nb Tip removed: 0 (0s)
Nb errors removed: 42 (0s)
Superbubble
Nb superbubble removed: 0 0 (0s)
Tip
Nb Tip removed: 0 (0s)
Nb errors removed: 25 (0s)
Superbubble
Nb superbubble removed: 0 0 (0s)
Tip
Nb Tip removed: 0 (0s)
Nb errors removed: 21 (0s)
Superbubble
Nb superbubble removed: 0 0 (0s)
Tip
Nb Tip removed: 0 (0s)
Nb errors removed: 27 (0s)
Superbubble
Nb superbubble removed: 0 0 (0s)
Tip
Nb Tip removed: 0 (0s)
Nb errors removed: 16 (0s)
Superbubble
Nb superbubble removed: 0 0 (0s)
Tip
Nb Tip removed: 0 (0s)
Nb errors removed: 12 (0s)
Superbubble
Nb superbubble removed: 0 0 (0s)
Tip
Nb Tip removed: 0 (0s)
Nb errors removed: 12 (0s)
Superbubble
Nb superbubble removed: 0 0 (0s)
Tip
Nb Tip removed: 0 (0s)
Nb errors removed: 8 (0s)
Superbubble
Nb superbubble removed: 0 0 (0s)
Tip
Nb Tip removed: 0 (0s)
Nb errors removed: 4 (0s)
Superbubble
Nb superbubble removed: 0 0 (0s)
Tip
Nb Tip removed: 0 (0s)
Nb errors removed: 17 (0s)
Superbubble
Nb superbubble removed: 0 0 (0s)
Tip
Nb Tip removed: 0 (0s)
Nb errors removed: 3 (0s)
Superbubble
Nb superbubble removed: 0 0 (0s)
Tip
Nb Tip removed: 0 (0s)
Nb errors removed: 1 (0s)
Superbubble
Nb superbubble removed: 0 0 (0s)
Tip
Nb Tip removed: 0 (0s)
Nb errors removed: 1 (0s)
Superbubble
Nb superbubble removed: 0 0 (0s)
Tip
Nb Tip removed: 0 (0s)
Nb errors removed: 7 (0s)
Superbubble
Nb superbubble removed: 0 0 (0s)
Tip
Nb Tip removed: 0 (0s)
Nb errors removed: 1 (0s)
Superbubble
Nb superbubble removed: 0 0 (0s)
Tip
Nb Tip removed: 0 (0s)
Checksum: 0
Checksum abundnace: 0
Generating contigs
45.2593
28.1025
23.2252
21.1138
15.8631
13.11
11.9182
10.8347
9.84974
8.14028
7.40025
6.11591
5.05447
4.17725
3.13843
2.14359
0


metaMDBG toMinspace  /var/folders/zg/vq0dnx517c54hg87dyqjky740000gn/T/.tmpMtxbLg/tmp/ /var/folders/zg/vq0dnx517c54hg87dyqjky740000gn/T/.tmpMtxbLg/tmp//contigs.nodepath /var/folders/zg/vq0dnx517c54hg87dyqjky740000gn/T/.tmpMtxbLg/tmp//unitig_data.txt --threads 10

Input dir: /var/folders/zg/vq0dnx517c54hg87dyqjky740000gn/T/.tmpMtxbLg/tmp/
Minimizer length: 15
Kminmer length: 136
Density: 0.005

Loading unitig sequences

Creating mContigs

Contig filename: /var/folders/zg/vq0dnx517c54hg87dyqjky740000gn/T/.tmpMtxbLg/tmp//unitig_data.txt
pass done: 136
Multi-k pass: 137/204


metaMDBG graph /var/folders/zg/vq0dnx517c54hg87dyqjky740000gn/T/.tmpMtxbLg/tmp/ --threads 10 --corrected-read 

Contig filename: 
Output dir: /var/folders/zg/vq0dnx517c54hg87dyqjky740000gn/T/.tmpMtxbLg/tmp/
Minimizer length: 15
Kminmer length: 137
Density: 0.005
Min abundance: 0

Loading refined abundances
	Duration: 0
Collecting kminmers
Building mdbg
Duration: 0
Nb solid kminmers: 29871
Nb small contigs written: 0
Dump kminmer abundances
	Duration: 0
Indexing edges
Edge index size: 29960
Edge index elements: 55425
	Duration: 0
Compute unitig nodes
	Duration: 0
Index unitig edges
	Duration: 0
Compute unitig edges
	Duration: 0
Dump unitig abundances
	Duration: 0
Nb edges:   0


metaMDBG contig  /var/folders/zg/vq0dnx517c54hg87dyqjky740000gn/T/.tmpMtxbLg/tmp/ --threads 10

Input dir: /var/folders/zg/vq0dnx517c54hg87dyqjky740000gn/T/.tmpMtxbLg/tmp/
Minimizer length: 15
Kminmer length: 137
Density: 0.005

Loading unitig graph
Load unitigs
Nb unitigs: 428
Nb minimizers: 88079
Add unitig abundances
Sorting abundances
Add unitig edges
Nb unitig edges: 678
Sorting unitig edges
Done loading unitig graph
Simplifying
Max abundance: 42
Nb unitigs: 428
Superbubble
Nb superbubble removed: 0 0 (0s)
Tip
Nb Tip removed: 131 (0s)
Superbubble
Nb superbubble removed: 0 0 (0s)
Tip
Nb Tip removed: 0 (0s)
Nb errors removed: 71 (0s)
Superbubble
Nb superbubble removed: 0 0 (0s)
Tip
Nb Tip removed: 0 (0s)
Nb errors removed: 42 (0s)
Superbubble
Nb superbubble removed: 0 0 (0s)
Tip
Nb Tip removed: 0 (0s)
Nb errors removed: 25 (0s)
Superbubble
Nb superbubble removed: 0 0 (0s)
Tip
Nb Tip removed: 0 (0s)
Nb errors removed: 21 (0s)
Superbubble
Nb superbubble removed: 0 0 (0s)
Tip
Nb Tip removed: 0 (0s)
Nb errors removed: 27 (0s)
Superbubble
Nb superbubble removed: 0 0 (0s)
Tip
Nb Tip removed: 0 (0s)
Nb errors removed: 16 (0s)
Superbubble
Nb superbubble removed: 0 0 (0s)
Tip
Nb Tip removed: 0 (0s)
Nb errors removed: 11 (0s)
Superbubble
Nb superbubble removed: 0 0 (0s)
Tip
Nb Tip removed: 0 (0s)
Nb errors removed: 12 (0s)
Superbubble
Nb superbubble removed: 0 0 (0s)
Tip
Nb Tip removed: 0 (0s)
Nb errors removed: 8 (0s)
Superbubble
Nb superbubble removed: 0 0 (0s)
Tip
Nb Tip removed: 0 (0s)
Nb errors removed: 4 (0s)
Superbubble
Nb superbubble removed: 0 0 (0s)
Tip
Nb Tip removed: 0 (0s)
Nb errors removed: 17 (0s)
Superbubble
Nb superbubble removed: 0 0 (0s)
Tip
Nb Tip removed: 0 (0s)
Nb errors removed: 3 (0s)
Superbubble
Nb superbubble removed: 0 0 (0s)
Tip
Nb Tip removed: 0 (0s)
Nb errors removed: 1 (0s)
Superbubble
Nb superbubble removed: 0 0 (0s)
Tip
Nb Tip removed: 0 (0s)
Nb errors removed: 1 (0s)
Superbubble
Nb superbubble removed: 0 0 (0s)
Tip
Nb Tip removed: 0 (0s)
Nb errors removed: 7 (0s)
Superbubble
Nb superbubble removed: 0 0 (0s)
Tip
Nb Tip removed: 0 (0s)
Nb errors removed: 1 (0s)
Superbubble
Nb superbubble removed: 0 0 (0s)
Tip
Nb Tip removed: 0 (0s)
Checksum: 0
Checksum abundnace: 0
Generating contigs
45.2593
28.1025
23.2252
21.1138
15.8631
13.11
11.9182
10.8347
9.84974
8.14028
7.40025
6.11591
5.05447
4.17725
3.13843
2.14359
0


metaMDBG toMinspace  /var/folders/zg/vq0dnx517c54hg87dyqjky740000gn/T/.tmpMtxbLg/tmp/ /var/folders/zg/vq0dnx517c54hg87dyqjky740000gn/T/.tmpMtxbLg/tmp//contigs.nodepath /var/folders/zg/vq0dnx517c54hg87dyqjky740000gn/T/.tmpMtxbLg/tmp//unitig_data.txt --threads 10

Input dir: /var/folders/zg/vq0dnx517c54hg87dyqjky740000gn/T/.tmpMtxbLg/tmp/
Minimizer length: 15
Kminmer length: 137
Density: 0.005

Loading unitig sequences

Creating mContigs

Contig filename: /var/folders/zg/vq0dnx517c54hg87dyqjky740000gn/T/.tmpMtxbLg/tmp//unitig_data.txt
pass done: 137
Multi-k pass: 138/204


metaMDBG graph /var/folders/zg/vq0dnx517c54hg87dyqjky740000gn/T/.tmpMtxbLg/tmp/ --threads 10 --corrected-read 

Contig filename: 
Output dir: /var/folders/zg/vq0dnx517c54hg87dyqjky740000gn/T/.tmpMtxbLg/tmp/
Minimizer length: 15
Kminmer length: 138
Density: 0.005
Min abundance: 0

Loading refined abundances
	Duration: 0
Collecting kminmers
Building mdbg
Duration: 0
Nb solid kminmers: 29778
Nb small contigs written: 0
Dump kminmer abundances
	Duration: 0
Indexing edges
Edge index size: 29869
Edge index elements: 55308
	Duration: 0
Compute unitig nodes
	Duration: 0
Index unitig edges
	Duration: 0
Compute unitig edges
	Duration: 0
Dump unitig abundances
	Duration: 0
Nb edges:   0


metaMDBG contig  /var/folders/zg/vq0dnx517c54hg87dyqjky740000gn/T/.tmpMtxbLg/tmp/ --threads 10

Input dir: /var/folders/zg/vq0dnx517c54hg87dyqjky740000gn/T/.tmpMtxbLg/tmp/
Minimizer length: 15
Kminmer length: 138
Density: 0.005

Loading unitig graph
Load unitigs
Nb unitigs: 420
Nb minimizers: 87318
Add unitig abundances
Sorting abundances
Add unitig edges
Nb unitig edges: 664
Sorting unitig edges
Done loading unitig graph
Simplifying
Max abundance: 42
Nb unitigs: 420
Superbubble
Nb superbubble removed: 0 0 (0s)
Tip
Nb Tip removed: 127 (0s)
Superbubble
Nb superbubble removed: 0 0 (0s)
Tip
Nb Tip removed: 0 (0s)
Nb errors removed: 71 (0s)
Superbubble
Nb superbubble removed: 0 0 (0s)
Tip
Nb Tip removed: 0 (0s)
Nb errors removed: 41 (0s)
Superbubble
Nb superbubble removed: 0 0 (0s)
Tip
Nb Tip removed: 0 (0s)
Nb errors removed: 25 (0s)
Superbubble
Nb superbubble removed: 0 0 (0s)
Tip
Nb Tip removed: 0 (0s)
Nb errors removed: 21 (0s)
Superbubble
Nb superbubble removed: 0 0 (0s)
Tip
Nb Tip removed: 0 (0s)
Nb errors removed: 26 (0s)
Superbubble
Nb superbubble removed: 0 0 (0s)
Tip
Nb Tip removed: 0 (0s)
Nb errors removed: 16 (0s)
Superbubble
Nb superbubble removed: 0 0 (0s)
Tip
Nb Tip removed: 0 (0s)
Nb errors removed: 11 (0s)
Superbubble
Nb superbubble removed: 0 0 (0s)
Tip
Nb Tip removed: 0 (0s)
Nb errors removed: 12 (0s)
Superbubble
Nb superbubble removed: 0 0 (0s)
Tip
Nb Tip removed: 0 (0s)
Nb errors removed: 8 (0s)
Superbubble
Nb superbubble removed: 0 0 (0s)
Tip
Nb Tip removed: 0 (0s)
Nb errors removed: 4 (0s)
Superbubble
Nb superbubble removed: 0 0 (0s)
Tip
Nb Tip removed: 0 (0s)
Nb errors removed: 16 (0s)
Superbubble
Nb superbubble removed: 0 0 (0s)
Tip
Nb Tip removed: 0 (0s)
Nb errors removed: 3 (0s)
Superbubble
Nb superbubble removed: 0 0 (0s)
Tip
Nb Tip removed: 0 (0s)
Nb errors removed: 1 (0s)
Superbubble
Nb superbubble removed: 0 0 (0s)
Tip
Nb Tip removed: 0 (0s)
Nb errors removed: 1 (0s)
Superbubble
Nb superbubble removed: 0 0 (0s)
Tip
Nb Tip removed: 0 (0s)
Nb errors removed: 7 (0s)
Superbubble
Nb superbubble removed: 0 0 (0s)
Tip
Nb Tip removed: 0 (0s)
Nb errors removed: 1 (0s)
Superbubble
Nb superbubble removed: 0 0 (0s)
Tip
Nb Tip removed: 0 (0s)
Checksum: 0
Checksum abundnace: 0
Generating contigs
45.2593
28.1025
23.2252
21.1138
15.8631
13.11
11.9182
10.8347
9.84974
8.14028
7.40025
6.11591
5.05447
4.17725
3.13843
2.14359
0


metaMDBG toMinspace  /var/folders/zg/vq0dnx517c54hg87dyqjky740000gn/T/.tmpMtxbLg/tmp/ /var/folders/zg/vq0dnx517c54hg87dyqjky740000gn/T/.tmpMtxbLg/tmp//contigs.nodepath /var/folders/zg/vq0dnx517c54hg87dyqjky740000gn/T/.tmpMtxbLg/tmp//unitig_data.txt --threads 10

Input dir: /var/folders/zg/vq0dnx517c54hg87dyqjky740000gn/T/.tmpMtxbLg/tmp/
Minimizer length: 15
Kminmer length: 138
Density: 0.005

Loading unitig sequences

Creating mContigs

Contig filename: /var/folders/zg/vq0dnx517c54hg87dyqjky740000gn/T/.tmpMtxbLg/tmp//unitig_data.txt
pass done: 138
Multi-k pass: 139/204


metaMDBG graph /var/folders/zg/vq0dnx517c54hg87dyqjky740000gn/T/.tmpMtxbLg/tmp/ --threads 10 --corrected-read 

Contig filename: 
Output dir: /var/folders/zg/vq0dnx517c54hg87dyqjky740000gn/T/.tmpMtxbLg/tmp/
Minimizer length: 15
Kminmer length: 139
Density: 0.005
Min abundance: 0

Loading refined abundances
	Duration: 0
Collecting kminmers
Building mdbg
Duration: 0
Nb solid kminmers: 29684
Nb small contigs written: 0
Dump kminmer abundances
	Duration: 0
Indexing edges
Edge index size: 29776
Edge index elements: 55177
	Duration: 0
Compute unitig nodes
	Duration: 0
Index unitig edges
	Duration: 0
Compute unitig edges
	Duration: 0
Dump unitig abundances
	Duration: 0
Nb edges:   0


metaMDBG contig  /var/folders/zg/vq0dnx517c54hg87dyqjky740000gn/T/.tmpMtxbLg/tmp/ --threads 10

Input dir: /var/folders/zg/vq0dnx517c54hg87dyqjky740000gn/T/.tmpMtxbLg/tmp/
Minimizer length: 15
Kminmer length: 139
Density: 0.005

Loading unitig graph
Load unitigs
Nb unitigs: 415
Nb minimizers: 86954
Add unitig abundances
Sorting abundances
Add unitig edges
Nb unitig edges: 648
Sorting unitig edges
Done loading unitig graph
Simplifying
Max abundance: 42
Nb unitigs: 415
Superbubble
Nb superbubble removed: 0 0 (0s)
Tip
Nb Tip removed: 124 (0s)
Superbubble
Nb superbubble removed: 0 0 (0s)
Tip
Nb Tip removed: 0 (0s)
Nb errors removed: 71 (0s)
Superbubble
Nb superbubble removed: 0 0 (0s)
Tip
Nb Tip removed: 0 (0s)
Nb errors removed: 40 (0s)
Superbubble
Nb superbubble removed: 0 0 (0s)
Tip
Nb Tip removed: 0 (0s)
Nb errors removed: 24 (0s)
Superbubble
Nb superbubble removed: 0 0 (0s)
Tip
Nb Tip removed: 0 (0s)
Nb errors removed: 21 (0s)
Superbubble
Nb superbubble removed: 0 0 (0s)
Tip
Nb Tip removed: 0 (0s)
Nb errors removed: 24 (0s)
Superbubble
Nb superbubble removed: 0 0 (0s)
Tip
Nb Tip removed: 0 (0s)
Nb errors removed: 16 (0s)
Superbubble
Nb superbubble removed: 0 0 (0s)
Tip
Nb Tip removed: 0 (0s)
Nb errors removed: 11 (0s)
Superbubble
Nb superbubble removed: 0 0 (0s)
Tip
Nb Tip removed: 0 (0s)
Nb errors removed: 12 (0s)
Superbubble
Nb superbubble removed: 0 0 (0s)
Tip
Nb Tip removed: 0 (0s)
Nb errors removed: 8 (0s)
Superbubble
Nb superbubble removed: 0 0 (0s)
Tip
Nb Tip removed: 0 (0s)
Nb errors removed: 4 (0s)
Superbubble
Nb superbubble removed: 0 0 (0s)
Tip
Nb Tip removed: 0 (0s)
Nb errors removed: 16 (0s)
Superbubble
Nb superbubble removed: 0 0 (0s)
Tip
Nb Tip removed: 0 (0s)
Nb errors removed: 3 (0s)
Superbubble
Nb superbubble removed: 0 0 (0s)
Tip
Nb Tip removed: 0 (0s)
Nb errors removed: 1 (0s)
Superbubble
Nb superbubble removed: 0 0 (0s)
Tip
Nb Tip removed: 0 (0s)
Nb errors removed: 1 (0s)
Superbubble
Nb superbubble removed: 0 0 (0s)
Tip
Nb Tip removed: 0 (0s)
Nb errors removed: 7 (0s)
Superbubble
Nb superbubble removed: 0 0 (0s)
Tip
Nb Tip removed: 0 (0s)
Nb errors removed: 1 (0s)
Superbubble
Nb superbubble removed: 0 0 (0s)
Tip
Nb Tip removed: 0 (0s)
Checksum: 0
Checksum abundnace: 0
Generating contigs
45.2593
28.1025
23.2252
21.1138
15.8631
13.11
11.9182
10.8347
9.84974
8.14028
7.40025
6.11591
5.05447
4.17725
3.13843
2.14359
0


metaMDBG toMinspace  /var/folders/zg/vq0dnx517c54hg87dyqjky740000gn/T/.tmpMtxbLg/tmp/ /var/folders/zg/vq0dnx517c54hg87dyqjky740000gn/T/.tmpMtxbLg/tmp//contigs.nodepath /var/folders/zg/vq0dnx517c54hg87dyqjky740000gn/T/.tmpMtxbLg/tmp//unitig_data.txt --threads 10

Input dir: /var/folders/zg/vq0dnx517c54hg87dyqjky740000gn/T/.tmpMtxbLg/tmp/
Minimizer length: 15
Kminmer length: 139
Density: 0.005

Loading unitig sequences

Creating mContigs

Contig filename: /var/folders/zg/vq0dnx517c54hg87dyqjky740000gn/T/.tmpMtxbLg/tmp//unitig_data.txt
pass done: 139
Multi-k pass: 140/204


metaMDBG graph /var/folders/zg/vq0dnx517c54hg87dyqjky740000gn/T/.tmpMtxbLg/tmp/ --threads 10 --corrected-read 

Contig filename: 
Output dir: /var/folders/zg/vq0dnx517c54hg87dyqjky740000gn/T/.tmpMtxbLg/tmp/
Minimizer length: 15
Kminmer length: 140
Density: 0.005
Min abundance: 0

Loading refined abundances
	Duration: 0
Collecting kminmers
Building mdbg
Duration: 0
Nb solid kminmers: 29588
Nb small contigs written: 0
Dump kminmer abundances
	Duration: 0
Indexing edges
Edge index size: 29684
Edge index elements: 55042
	Duration: 0
Compute unitig nodes
	Duration: 0
Index unitig edges
	Duration: 0
Compute unitig edges
	Duration: 0
Dump unitig abundances
	Duration: 0
Nb edges:   0


metaMDBG contig  /var/folders/zg/vq0dnx517c54hg87dyqjky740000gn/T/.tmpMtxbLg/tmp/ --threads 10

Input dir: /var/folders/zg/vq0dnx517c54hg87dyqjky740000gn/T/.tmpMtxbLg/tmp/
Minimizer length: 15
Kminmer length: 140
Density: 0.005

Loading unitig graph
Load unitigs
Nb unitigs: 410
Nb minimizers: 86578
Add unitig abundances
Sorting abundances
Add unitig edges
Nb unitig edges: 628
Sorting unitig edges
Done loading unitig graph
Simplifying
Max abundance: 42
Nb unitigs: 410
Superbubble
Nb superbubble removed: 0 0 (0s)
Tip
Nb Tip removed: 119 (0s)
Superbubble
Nb superbubble removed: 0 0 (0s)
Tip
Nb Tip removed: 0 (0s)
Nb errors removed: 71 (0s)
Superbubble
Nb superbubble removed: 0 0 (0s)
Tip
Nb Tip removed: 0 (0s)
Nb errors removed: 40 (0s)
Superbubble
Nb superbubble removed: 0 0 (0s)
Tip
Nb Tip removed: 0 (0s)
Nb errors removed: 24 (0s)
Superbubble
Nb superbubble removed: 0 0 (0s)
Tip
Nb Tip removed: 0 (0s)
Nb errors removed: 21 (0s)
Superbubble
Nb superbubble removed: 0 0 (0s)
Tip
Nb Tip removed: 0 (0s)
Nb errors removed: 23 (0s)
Superbubble
Nb superbubble removed: 0 0 (0s)
Tip
Nb Tip removed: 0 (0s)
Nb errors removed: 16 (0s)
Superbubble
Nb superbubble removed: 0 0 (0s)
Tip
Nb Tip removed: 0 (0s)
Nb errors removed: 11 (0s)
Superbubble
Nb superbubble removed: 0 0 (0s)
Tip
Nb Tip removed: 0 (0s)
Nb errors removed: 12 (0s)
Superbubble
Nb superbubble removed: 0 0 (0s)
Tip
Nb Tip removed: 0 (0s)
Nb errors removed: 8 (0s)
Superbubble
Nb superbubble removed: 0 0 (0s)
Tip
Nb Tip removed: 0 (0s)
Nb errors removed: 4 (0s)
Superbubble
Nb superbubble removed: 0 0 (0s)
Tip
Nb Tip removed: 0 (0s)
Nb errors removed: 16 (0s)
Superbubble
Nb superbubble removed: 0 0 (0s)
Tip
Nb Tip removed: 0 (0s)
Nb errors removed: 3 (0s)
Superbubble
Nb superbubble removed: 0 0 (0s)
Tip
Nb Tip removed: 0 (0s)
Nb errors removed: 1 (0s)
Superbubble
Nb superbubble removed: 0 0 (0s)
Tip
Nb Tip removed: 0 (0s)
Nb errors removed: 1 (0s)
Superbubble
Nb superbubble removed: 0 0 (0s)
Tip
Nb Tip removed: 0 (0s)
Nb errors removed: 7 (0s)
Superbubble
Nb superbubble removed: 0 0 (0s)
Tip
Nb Tip removed: 0 (0s)
Nb errors removed: 1 (0s)
Superbubble
Nb superbubble removed: 0 0 (0s)
Tip
Nb Tip removed: 0 (0s)
Checksum: 0
Checksum abundnace: 0
Generating contigs
45.2593
28.1025
23.2252
21.1138
15.8631
13.11
11.9182
10.8347
9.84974
8.14028
7.40025
6.11591
5.05447
4.17725
3.13843
2.14359
0


metaMDBG toMinspace  /var/folders/zg/vq0dnx517c54hg87dyqjky740000gn/T/.tmpMtxbLg/tmp/ /var/folders/zg/vq0dnx517c54hg87dyqjky740000gn/T/.tmpMtxbLg/tmp//contigs.nodepath /var/folders/zg/vq0dnx517c54hg87dyqjky740000gn/T/.tmpMtxbLg/tmp//unitig_data.txt --threads 10

Input dir: /var/folders/zg/vq0dnx517c54hg87dyqjky740000gn/T/.tmpMtxbLg/tmp/
Minimizer length: 15
Kminmer length: 140
Density: 0.005

Loading unitig sequences

Creating mContigs

Contig filename: /var/folders/zg/vq0dnx517c54hg87dyqjky740000gn/T/.tmpMtxbLg/tmp//unitig_data.txt
pass done: 140
Multi-k pass: 141/204


metaMDBG graph /var/folders/zg/vq0dnx517c54hg87dyqjky740000gn/T/.tmpMtxbLg/tmp/ --threads 10 --corrected-read 

Contig filename: 
Output dir: /var/folders/zg/vq0dnx517c54hg87dyqjky740000gn/T/.tmpMtxbLg/tmp/
Minimizer length: 15
Kminmer length: 141
Density: 0.005
Min abundance: 0

Loading refined abundances
	Duration: 0
Collecting kminmers
Building mdbg
Duration: 0
Nb solid kminmers: 29490
Nb small contigs written: 0
Dump kminmer abundances
	Duration: 0
Indexing edges
Edge index size: 29587
Edge index elements: 55056
	Duration: 0
Compute unitig nodes
	Duration: 0
Index unitig edges
	Duration: 0
Compute unitig edges
	Duration: 0
Dump unitig abundances
	Duration: 0
Nb edges:   0


metaMDBG contig  /var/folders/zg/vq0dnx517c54hg87dyqjky740000gn/T/.tmpMtxbLg/tmp/ --threads 10 --gen-graph 

Input dir: /var/folders/zg/vq0dnx517c54hg87dyqjky740000gn/T/.tmpMtxbLg/tmp/
Minimizer length: 15
Kminmer length: 141
Density: 0.005

Loading unitig graph
Load unitigs
Nb unitigs: 406
Nb minimizers: 86330
Add unitig abundances
Sorting abundances
Add unitig edges
Nb unitig edges: 616
Sorting unitig edges
Done loading unitig graph
Simplifying
Max abundance: 42
Nb unitigs: 406
Superbubble
Nb superbubble removed: 0 0 (0s)
Tip
Nb Tip removed: 116 (0s)
Superbubble
Nb superbubble removed: 0 0 (0s)
Tip
Nb Tip removed: 0 (0s)
Saving unitig graph: /var/folders/zg/vq0dnx517c54hg87dyqjky740000gn/T/.tmpMtxbLg/tmp//assembly_graph.gfa
Nb errors removed: 70 (0s)
Superbubble
Nb superbubble removed: 0 0 (0s)
Tip
Nb Tip removed: 0 (0s)
Nb errors removed: 40 (0s)
Superbubble
Nb superbubble removed: 0 0 (0s)
Tip
Nb Tip removed: 0 (0s)
Nb errors removed: 24 (0s)
Superbubble
Nb superbubble removed: 0 0 (0s)
Tip
Nb Tip removed: 0 (0s)
Nb errors removed: 21 (0s)
Superbubble
Nb superbubble removed: 0 0 (0s)
Tip
Nb Tip removed: 0 (0s)
Nb errors removed: 23 (0s)
Superbubble
Nb superbubble removed: 0 0 (0s)
Tip
Nb Tip removed: 0 (0s)
Nb errors removed: 16 (0s)
Superbubble
Nb superbubble removed: 0 0 (0s)
Tip
Nb Tip removed: 0 (0s)
Nb errors removed: 11 (0s)
Superbubble
Nb superbubble removed: 0 0 (0s)
Tip
Nb Tip removed: 0 (0s)
Nb errors removed: 12 (0s)
Superbubble
Nb superbubble removed: 0 0 (0s)
Tip
Nb Tip removed: 0 (0s)
Nb errors removed: 8 (0s)
Superbubble
Nb superbubble removed: 0 0 (0s)
Tip
Nb Tip removed: 0 (0s)
Nb errors removed: 4 (0s)
Superbubble
Nb superbubble removed: 0 0 (0s)
Tip
Nb Tip removed: 0 (0s)
Nb errors removed: 16 (0s)
Superbubble
Nb superbubble removed: 0 0 (0s)
Tip
Nb Tip removed: 0 (0s)
Nb errors removed: 3 (0s)
Superbubble
Nb superbubble removed: 0 0 (0s)
Tip
Nb Tip removed: 0 (0s)
Nb errors removed: 1 (0s)
Superbubble
Nb superbubble removed: 0 0 (0s)
Tip
Nb Tip removed: 0 (0s)
Nb errors removed: 1 (0s)
Superbubble
Nb superbubble removed: 0 0 (0s)
Tip
Nb Tip removed: 0 (0s)
Nb errors removed: 7 (0s)
Superbubble
Nb superbubble removed: 0 0 (0s)
Tip
Nb Tip removed: 0 (0s)
Nb errors removed: 1 (0s)
Superbubble
Nb superbubble removed: 0 0 (0s)
Tip
Nb Tip removed: 0 (0s)
Checksum: 0
Checksum abundnace: 0
Generating contigs
45.2593
28.1025
23.2252
21.1138
15.8631
13.11
11.9182
10.8347
9.84974
8.14028
7.40025
6.11591
5.05447
4.17725
3.13843
2.14359
0


metaMDBG toMinspace  /var/folders/zg/vq0dnx517c54hg87dyqjky740000gn/T/.tmpMtxbLg/tmp/ /var/folders/zg/vq0dnx517c54hg87dyqjky740000gn/T/.tmpMtxbLg/tmp//contigs.nodepath /var/folders/zg/vq0dnx517c54hg87dyqjky740000gn/T/.tmpMtxbLg/tmp//unitig_data.txt --threads 10

Input dir: /var/folders/zg/vq0dnx517c54hg87dyqjky740000gn/T/.tmpMtxbLg/tmp/
Minimizer length: 15
Kminmer length: 141
Density: 0.005

Loading unitig sequences

Creating mContigs

Contig filename: /var/folders/zg/vq0dnx517c54hg87dyqjky740000gn/T/.tmpMtxbLg/tmp//unitig_data.txt


metaMDBG toMinspace  /var/folders/zg/vq0dnx517c54hg87dyqjky740000gn/T/.tmpMtxbLg/tmp/ /var/folders/zg/vq0dnx517c54hg87dyqjky740000gn/T/.tmpMtxbLg/tmp//assembly_graph.gfa.unitigs.nodepath /var/folders/zg/vq0dnx517c54hg87dyqjky740000gn/T/.tmpMtxbLg/tmp//assembly_graph.gfa.unitigs --threads 10

Input dir: /var/folders/zg/vq0dnx517c54hg87dyqjky740000gn/T/.tmpMtxbLg/tmp/
Minimizer length: 15
Kminmer length: 141
Density: 0.005

Loading unitig sequences

Creating mContigs

Contig filename: /var/folders/zg/vq0dnx517c54hg87dyqjky740000gn/T/.tmpMtxbLg/tmp//assembly_graph.gfa.unitigs
pass done: 141
Multi-k pass: 142/204


metaMDBG graph /var/folders/zg/vq0dnx517c54hg87dyqjky740000gn/T/.tmpMtxbLg/tmp/ --threads 10 --corrected-read 

Contig filename: 
Output dir: /var/folders/zg/vq0dnx517c54hg87dyqjky740000gn/T/.tmpMtxbLg/tmp/
Minimizer length: 15
Kminmer length: 142
Density: 0.005
Min abundance: 0

Loading refined abundances
	Duration: 0
Collecting kminmers
Building mdbg
Duration: 0
Nb solid kminmers: 29387
Nb small contigs written: 0
Dump kminmer abundances
	Duration: 0
Indexing edges
Edge index size: 29488
Edge index elements: 54846
	Duration: 0
Compute unitig nodes
	Duration: 0
Index unitig edges
	Duration: 0
Compute unitig edges
	Duration: 0
Dump unitig abundances
	Duration: 0
Nb edges:   0


metaMDBG contig  /var/folders/zg/vq0dnx517c54hg87dyqjky740000gn/T/.tmpMtxbLg/tmp/ --threads 10

Input dir: /var/folders/zg/vq0dnx517c54hg87dyqjky740000gn/T/.tmpMtxbLg/tmp/
Minimizer length: 15
Kminmer length: 142
Density: 0.005

Loading unitig graph
Load unitigs
Nb unitigs: 399
Nb minimizers: 85646
Add unitig abundances
Sorting abundances
Add unitig edges
Nb unitig edges: 596
Sorting unitig edges
Done loading unitig graph
Simplifying
Max abundance: 42
Nb unitigs: 399
Superbubble
Nb superbubble removed: 0 0 (0s)
Tip
Nb Tip removed: 115 (0s)
Superbubble
Nb superbubble removed: 0 0 (0s)
Tip
Nb Tip removed: 0 (0s)
Nb errors removed: 69 (0s)
Superbubble
Nb superbubble removed: 0 0 (0s)
Tip
Nb Tip removed: 0 (0s)
Nb errors removed: 41 (0s)
Superbubble
Nb superbubble removed: 0 0 (0s)
Tip
Nb Tip removed: 0 (0s)
Nb errors removed: 24 (0s)
Superbubble
Nb superbubble removed: 0 0 (0s)
Tip
Nb Tip removed: 0 (0s)
Nb errors removed: 21 (0s)
Superbubble
Nb superbubble removed: 0 0 (0s)
Tip
Nb Tip removed: 0 (0s)
Nb errors removed: 23 (0s)
Superbubble
Nb superbubble removed: 0 0 (0s)
Tip
Nb Tip removed: 0 (0s)
Nb errors removed: 15 (0s)
Superbubble
Nb superbubble removed: 0 0 (0s)
Tip
Nb Tip removed: 0 (0s)
Nb errors removed: 11 (0s)
Superbubble
Nb superbubble removed: 0 0 (0s)
Tip
Nb Tip removed: 0 (0s)
Nb errors removed: 12 (0s)
Superbubble
Nb superbubble removed: 0 0 (0s)
Tip
Nb Tip removed: 0 (0s)
Nb errors removed: 8 (0s)
Superbubble
Nb superbubble removed: 0 0 (0s)
Tip
Nb Tip removed: 0 (0s)
Nb errors removed: 4 (0s)
Superbubble
Nb superbubble removed: 0 0 (0s)
Tip
Nb Tip removed: 0 (0s)
Nb errors removed: 16 (0s)
Superbubble
Nb superbubble removed: 0 0 (0s)
Tip
Nb Tip removed: 0 (0s)
Nb errors removed: 3 (0s)
Superbubble
Nb superbubble removed: 0 0 (0s)
Tip
Nb Tip removed: 0 (0s)
Nb errors removed: 1 (0s)
Superbubble
Nb superbubble removed: 0 0 (0s)
Tip
Nb Tip removed: 0 (0s)
Nb errors removed: 7 (0s)
Superbubble
Nb superbubble removed: 0 0 (0s)
Tip
Nb Tip removed: 0 (0s)
Nb errors removed: 2 (0s)
Superbubble
Nb superbubble removed: 0 0 (0s)
Tip
Nb Tip removed: 0 (0s)
Checksum: 0
Checksum abundnace: 0
Generating contigs
45.2593
28.1025
23.2252
15.8631
13.11
11.9182
10.8347
9.84974
8.14028
7.40025
6.11591
5.05447
4.17725
3.13843
2.14359
0


metaMDBG toMinspace  /var/folders/zg/vq0dnx517c54hg87dyqjky740000gn/T/.tmpMtxbLg/tmp/ /var/folders/zg/vq0dnx517c54hg87dyqjky740000gn/T/.tmpMtxbLg/tmp//contigs.nodepath /var/folders/zg/vq0dnx517c54hg87dyqjky740000gn/T/.tmpMtxbLg/tmp//unitig_data.txt --threads 10

Input dir: /var/folders/zg/vq0dnx517c54hg87dyqjky740000gn/T/.tmpMtxbLg/tmp/
Minimizer length: 15
Kminmer length: 142
Density: 0.005

Loading unitig sequences

Creating mContigs

Contig filename: /var/folders/zg/vq0dnx517c54hg87dyqjky740000gn/T/.tmpMtxbLg/tmp//unitig_data.txt
pass done: 142
Multi-k pass: 143/204


metaMDBG graph /var/folders/zg/vq0dnx517c54hg87dyqjky740000gn/T/.tmpMtxbLg/tmp/ --threads 10 --corrected-read 

Contig filename: 
Output dir: /var/folders/zg/vq0dnx517c54hg87dyqjky740000gn/T/.tmpMtxbLg/tmp/
Minimizer length: 15
Kminmer length: 143
Density: 0.005
Min abundance: 0

Loading refined abundances
	Duration: 0
Collecting kminmers
Building mdbg
Duration: 0
Nb solid kminmers: 29282
Nb small contigs written: 0
Dump kminmer abundances
	Duration: 0
Indexing edges
Edge index size: 29385
Edge index elements: 54739
	Duration: 0
Compute unitig nodes
	Duration: 0
Index unitig edges
	Duration: 0
Compute unitig edges
	Duration: 0
Dump unitig abundances
	Duration: 0
Nb edges:   0


metaMDBG contig  /var/folders/zg/vq0dnx517c54hg87dyqjky740000gn/T/.tmpMtxbLg/tmp/ --threads 10

Input dir: /var/folders/zg/vq0dnx517c54hg87dyqjky740000gn/T/.tmpMtxbLg/tmp/
Minimizer length: 15
Kminmer length: 143
Density: 0.005

Loading unitig graph
Load unitigs
Nb unitigs: 393
Nb minimizers: 85088
Add unitig abundances
Sorting abundances
Add unitig edges
Nb unitig edges: 580
Sorting unitig edges
Done loading unitig graph
Simplifying
Max abundance: 42
Nb unitigs: 393
Superbubble
Nb superbubble removed: 0 0 (0s)
Tip
Nb Tip removed: 112 (0s)
Superbubble
Nb superbubble removed: 0 0 (0s)
Tip
Nb Tip removed: 0 (0s)
Nb errors removed: 67 (0s)
Superbubble
Nb superbubble removed: 0 0 (0s)
Tip
Nb Tip removed: 0 (0s)
Nb errors removed: 40 (0s)
Superbubble
Nb superbubble removed: 0 0 (0s)
Tip
Nb Tip removed: 0 (0s)
Nb errors removed: 24 (0s)
Superbubble
Nb superbubble removed: 0 0 (0s)
Tip
Nb Tip removed: 0 (0s)
Nb errors removed: 21 (0s)
Superbubble
Nb superbubble removed: 0 0 (0s)
Tip
Nb Tip removed: 0 (0s)
Nb errors removed: 23 (0s)
Superbubble
Nb superbubble removed: 0 0 (0s)
Tip
Nb Tip removed: 0 (0s)
Nb errors removed: 15 (0s)
Superbubble
Nb superbubble removed: 0 0 (0s)
Tip
Nb Tip removed: 0 (0s)
Nb errors removed: 11 (0s)
Superbubble
Nb superbubble removed: 0 0 (0s)
Tip
Nb Tip removed: 0 (0s)
Nb errors removed: 12 (0s)
Superbubble
Nb superbubble removed: 0 0 (0s)
Tip
Nb Tip removed: 0 (0s)
Nb errors removed: 8 (0s)
Superbubble
Nb superbubble removed: 0 0 (0s)
Tip
Nb Tip removed: 0 (0s)
Nb errors removed: 4 (0s)
Superbubble
Nb superbubble removed: 0 0 (0s)
Tip
Nb Tip removed: 0 (0s)
Nb errors removed: 16 (0s)
Superbubble
Nb superbubble removed: 0 0 (0s)
Tip
Nb Tip removed: 0 (0s)
Nb errors removed: 3 (0s)
Superbubble
Nb superbubble removed: 0 0 (0s)
Tip
Nb Tip removed: 0 (0s)
Nb errors removed: 1 (0s)
Superbubble
Nb superbubble removed: 0 0 (0s)
Tip
Nb Tip removed: 0 (0s)
Nb errors removed: 7 (0s)
Superbubble
Nb superbubble removed: 0 0 (0s)
Tip
Nb Tip removed: 0 (0s)
Nb errors removed: 2 (0s)
Superbubble
Nb superbubble removed: 0 0 (0s)
Tip
Nb Tip removed: 0 (0s)
Checksum: 0
Checksum abundnace: 0
Generating contigs
45.2593
28.1025
23.2252
15.8631
13.11
11.9182
10.8347
9.84974
8.14028
7.40025
6.11591
5.05447
4.17725
3.13843
2.14359
0


metaMDBG toMinspace  /var/folders/zg/vq0dnx517c54hg87dyqjky740000gn/T/.tmpMtxbLg/tmp/ /var/folders/zg/vq0dnx517c54hg87dyqjky740000gn/T/.tmpMtxbLg/tmp//contigs.nodepath /var/folders/zg/vq0dnx517c54hg87dyqjky740000gn/T/.tmpMtxbLg/tmp//unitig_data.txt --threads 10

Input dir: /var/folders/zg/vq0dnx517c54hg87dyqjky740000gn/T/.tmpMtxbLg/tmp/
Minimizer length: 15
Kminmer length: 143
Density: 0.005

Loading unitig sequences

Creating mContigs

Contig filename: /var/folders/zg/vq0dnx517c54hg87dyqjky740000gn/T/.tmpMtxbLg/tmp//unitig_data.txt
pass done: 143
Multi-k pass: 144/204


metaMDBG graph /var/folders/zg/vq0dnx517c54hg87dyqjky740000gn/T/.tmpMtxbLg/tmp/ --threads 10 --corrected-read 

Contig filename: 
Output dir: /var/folders/zg/vq0dnx517c54hg87dyqjky740000gn/T/.tmpMtxbLg/tmp/
Minimizer length: 15
Kminmer length: 144
Density: 0.005
Min abundance: 0

Loading refined abundances
	Duration: 0
Collecting kminmers
Building mdbg
Duration: 0
Nb solid kminmers: 29179
Nb small contigs written: 0
Dump kminmer abundances
	Duration: 0
Indexing edges
Edge index size: 29279
Edge index elements: 54611
	Duration: 0
Compute unitig nodes
	Duration: 0
Index unitig edges
	Duration: 0
Compute unitig edges
	Duration: 0
Dump unitig abundances
	Duration: 0
Nb edges:   0


metaMDBG contig  /var/folders/zg/vq0dnx517c54hg87dyqjky740000gn/T/.tmpMtxbLg/tmp/ --threads 10

Input dir: /var/folders/zg/vq0dnx517c54hg87dyqjky740000gn/T/.tmpMtxbLg/tmp/
Minimizer length: 15
Kminmer length: 144
Density: 0.005

Loading unitig graph
Load unitigs
Nb unitigs: 387
Nb minimizers: 84520
Add unitig abundances
Sorting abundances
Add unitig edges
Nb unitig edges: 580
Sorting unitig edges
Done loading unitig graph
Simplifying
Max abundance: 42
Nb unitigs: 387
Superbubble
Nb superbubble removed: 0 0 (0s)
Tip
Nb Tip removed: 112 (0s)
Superbubble
Nb superbubble removed: 0 0 (0s)
Tip
Nb Tip removed: 0 (0s)
Nb errors removed: 65 (0s)
Superbubble
Nb superbubble removed: 0 0 (0s)
Tip
Nb Tip removed: 0 (0s)
Nb errors removed: 40 (0s)
Superbubble
Nb superbubble removed: 0 0 (0s)
Tip
Nb Tip removed: 0 (0s)
Nb errors removed: 23 (0s)
Superbubble
Nb superbubble removed: 0 0 (0s)
Tip
Nb Tip removed: 0 (0s)
Nb errors removed: 21 (0s)
Superbubble
Nb superbubble removed: 0 0 (0s)
Tip
Nb Tip removed: 0 (0s)
Nb errors removed: 23 (0s)
Superbubble
Nb superbubble removed: 0 0 (0s)
Tip
Nb Tip removed: 0 (0s)
Nb errors removed: 15 (0s)
Superbubble
Nb superbubble removed: 0 0 (0s)
Tip
Nb Tip removed: 0 (0s)
Nb errors removed: 11 (0s)
Superbubble
Nb superbubble removed: 0 0 (0s)
Tip
Nb Tip removed: 0 (0s)
Nb errors removed: 12 (0s)
Superbubble
Nb superbubble removed: 0 0 (0s)
Tip
Nb Tip removed: 0 (0s)
Nb errors removed: 8 (0s)
Superbubble
Nb superbubble removed: 0 0 (0s)
Tip
Nb Tip removed: 0 (0s)
Nb errors removed: 4 (0s)
Superbubble
Nb superbubble removed: 0 0 (0s)
Tip
Nb Tip removed: 0 (0s)
Nb errors removed: 16 (0s)
Superbubble
Nb superbubble removed: 0 0 (0s)
Tip
Nb Tip removed: 0 (0s)
Nb errors removed: 3 (0s)
Superbubble
Nb superbubble removed: 0 0 (0s)
Tip
Nb Tip removed: 0 (0s)
Nb errors removed: 1 (0s)
Superbubble
Nb superbubble removed: 0 0 (0s)
Tip
Nb Tip removed: 0 (0s)
Nb errors removed: 7 (0s)
Superbubble
Nb superbubble removed: 0 0 (0s)
Tip
Nb Tip removed: 0 (0s)
Nb errors removed: 2 (0s)
Superbubble
Nb superbubble removed: 0 0 (0s)
Tip
Nb Tip removed: 0 (0s)
Checksum: 0
Checksum abundnace: 0
Generating contigs
45.2593
28.1025
23.2252
15.8631
13.11
11.9182
10.8347
9.84974
8.14028
7.40025
6.11591
5.05447
4.17725
3.13843
2.14359
0


metaMDBG toMinspace  /var/folders/zg/vq0dnx517c54hg87dyqjky740000gn/T/.tmpMtxbLg/tmp/ /var/folders/zg/vq0dnx517c54hg87dyqjky740000gn/T/.tmpMtxbLg/tmp//contigs.nodepath /var/folders/zg/vq0dnx517c54hg87dyqjky740000gn/T/.tmpMtxbLg/tmp//unitig_data.txt --threads 10

Input dir: /var/folders/zg/vq0dnx517c54hg87dyqjky740000gn/T/.tmpMtxbLg/tmp/
Minimizer length: 15
Kminmer length: 144
Density: 0.005

Loading unitig sequences

Creating mContigs

Contig filename: /var/folders/zg/vq0dnx517c54hg87dyqjky740000gn/T/.tmpMtxbLg/tmp//unitig_data.txt
pass done: 144
Multi-k pass: 145/204


metaMDBG graph /var/folders/zg/vq0dnx517c54hg87dyqjky740000gn/T/.tmpMtxbLg/tmp/ --threads 10 --corrected-read 

Contig filename: 
Output dir: /var/folders/zg/vq0dnx517c54hg87dyqjky740000gn/T/.tmpMtxbLg/tmp/
Minimizer length: 15
Kminmer length: 145
Density: 0.005
Min abundance: 0

Loading refined abundances
	Duration: 0
Collecting kminmers
Building mdbg
Duration: 0
Nb solid kminmers: 29076
Nb small contigs written: 0
Dump kminmer abundances
	Duration: 0
Indexing edges
Edge index size: 29174
Edge index elements: 54563
	Duration: 0
Compute unitig nodes
	Duration: 0
Index unitig edges
	Duration: 0
Compute unitig edges
	Duration: 0
Dump unitig abundances
	Duration: 0
Nb edges:   0


metaMDBG contig  /var/folders/zg/vq0dnx517c54hg87dyqjky740000gn/T/.tmpMtxbLg/tmp/ --threads 10

Input dir: /var/folders/zg/vq0dnx517c54hg87dyqjky740000gn/T/.tmpMtxbLg/tmp/
Minimizer length: 15
Kminmer length: 145
Density: 0.005

Loading unitig graph
Load unitigs
Nb unitigs: 378
Nb minimizers: 83508
Add unitig abundances
Sorting abundances
Add unitig edges
Nb unitig edges: 560
Sorting unitig edges
Done loading unitig graph
Simplifying
Max abundance: 42
Nb unitigs: 378
Superbubble
Nb superbubble removed: 0 0 (0s)
Tip
Nb Tip removed: 109 (0s)
Superbubble
Nb superbubble removed: 0 0 (0s)
Tip
Nb Tip removed: 0 (0s)
Nb errors removed: 64 (0s)
Superbubble
Nb superbubble removed: 0 0 (0s)
Tip
Nb Tip removed: 0 (0s)
Nb errors removed: 37 (0s)
Superbubble
Nb superbubble removed: 0 0 (0s)
Tip
Nb Tip removed: 0 (0s)
Nb errors removed: 23 (0s)
Superbubble
Nb superbubble removed: 0 0 (0s)
Tip
Nb Tip removed: 0 (0s)
Nb errors removed: 20 (0s)
Superbubble
Nb superbubble removed: 0 0 (0s)
Tip
Nb Tip removed: 0 (0s)
Nb errors removed: 23 (0s)
Superbubble
Nb superbubble removed: 0 0 (0s)
Tip
Nb Tip removed: 0 (0s)
Nb errors removed: 14 (0s)
Superbubble
Nb superbubble removed: 0 0 (0s)
Tip
Nb Tip removed: 0 (0s)
Nb errors removed: 11 (0s)
Superbubble
Nb superbubble removed: 0 0 (0s)
Tip
Nb Tip removed: 0 (0s)
Nb errors removed: 12 (0s)
Superbubble
Nb superbubble removed: 0 0 (0s)
Tip
Nb Tip removed: 0 (0s)
Nb errors removed: 8 (0s)
Superbubble
Nb superbubble removed: 0 0 (0s)
Tip
Nb Tip removed: 0 (0s)
Nb errors removed: 4 (0s)
Superbubble
Nb superbubble removed: 0 0 (0s)
Tip
Nb Tip removed: 0 (0s)
Nb errors removed: 16 (0s)
Superbubble
Nb superbubble removed: 0 0 (0s)
Tip
Nb Tip removed: 0 (0s)
Nb errors removed: 3 (0s)
Superbubble
Nb superbubble removed: 0 0 (0s)
Tip
Nb Tip removed: 0 (0s)
Nb errors removed: 1 (0s)
Superbubble
Nb superbubble removed: 0 0 (0s)
Tip
Nb Tip removed: 0 (0s)
Nb errors removed: 6 (0s)
Superbubble
Nb superbubble removed: 0 0 (0s)
Tip
Nb Tip removed: 0 (0s)
Nb errors removed: 2 (0s)
Superbubble
Nb superbubble removed: 0 0 (0s)
Tip
Nb Tip removed: 0 (0s)
Checksum: 0
Checksum abundnace: 0
Generating contigs
45.2593
28.1025
23.2252
15.8631
13.11
11.9182
10.8347
9.84974
8.14028
7.40025
6.11591
5.05447
4.17725
3.13843
2.14359
0


metaMDBG toMinspace  /var/folders/zg/vq0dnx517c54hg87dyqjky740000gn/T/.tmpMtxbLg/tmp/ /var/folders/zg/vq0dnx517c54hg87dyqjky740000gn/T/.tmpMtxbLg/tmp//contigs.nodepath /var/folders/zg/vq0dnx517c54hg87dyqjky740000gn/T/.tmpMtxbLg/tmp//unitig_data.txt --threads 10

Input dir: /var/folders/zg/vq0dnx517c54hg87dyqjky740000gn/T/.tmpMtxbLg/tmp/
Minimizer length: 15
Kminmer length: 145
Density: 0.005

Loading unitig sequences

Creating mContigs

Contig filename: /var/folders/zg/vq0dnx517c54hg87dyqjky740000gn/T/.tmpMtxbLg/tmp//unitig_data.txt
pass done: 145
Multi-k pass: 146/204


metaMDBG graph /var/folders/zg/vq0dnx517c54hg87dyqjky740000gn/T/.tmpMtxbLg/tmp/ --threads 10 --corrected-read 

Contig filename: 
Output dir: /var/folders/zg/vq0dnx517c54hg87dyqjky740000gn/T/.tmpMtxbLg/tmp/
Minimizer length: 15
Kminmer length: 146
Density: 0.005
Min abundance: 0

Loading refined abundances
	Duration: 0
Collecting kminmers
Building mdbg
Duration: 0
Nb solid kminmers: 28975
Nb small contigs written: 0
Dump kminmer abundances
	Duration: 0
Indexing edges
Edge index size: 29076
Edge index elements: 54481
	Duration: 0
Compute unitig nodes
	Duration: 0
Index unitig edges
	Duration: 0
Compute unitig edges
	Duration: 0
Dump unitig abundances
	Duration: 0
Nb edges:   0


metaMDBG contig  /var/folders/zg/vq0dnx517c54hg87dyqjky740000gn/T/.tmpMtxbLg/tmp/ --threads 10

Input dir: /var/folders/zg/vq0dnx517c54hg87dyqjky740000gn/T/.tmpMtxbLg/tmp/
Minimizer length: 15
Kminmer length: 146
Density: 0.005

Loading unitig graph
Load unitigs
Nb unitigs: 375
Nb minimizers: 83350
Add unitig abundances
Sorting abundances
Add unitig edges
Nb unitig edges: 548
Sorting unitig edges
Done loading unitig graph
Simplifying
Max abundance: 42
Nb unitigs: 375
Superbubble
Nb superbubble removed: 0 0 (0s)
Tip
Nb Tip removed: 106 (0s)
Superbubble
Nb superbubble removed: 0 0 (0s)
Tip
Nb Tip removed: 0 (0s)
Nb errors removed: 64 (0s)
Superbubble
Nb superbubble removed: 0 0 (0s)
Tip
Nb Tip removed: 0 (0s)
Nb errors removed: 37 (0s)
Superbubble
Nb superbubble removed: 0 0 (0s)
Tip
Nb Tip removed: 0 (0s)
Nb errors removed: 23 (0s)
Superbubble
Nb superbubble removed: 0 0 (0s)
Tip
Nb Tip removed: 0 (0s)
Nb errors removed: 20 (0s)
Superbubble
Nb superbubble removed: 0 0 (0s)
Tip
Nb Tip removed: 0 (0s)
Nb errors removed: 23 (0s)
Superbubble
Nb superbubble removed: 0 0 (0s)
Tip
Nb Tip removed: 0 (0s)
Nb errors removed: 14 (0s)
Superbubble
Nb superbubble removed: 0 0 (0s)
Tip
Nb Tip removed: 0 (0s)
Nb errors removed: 11 (0s)
Superbubble
Nb superbubble removed: 0 0 (0s)
Tip
Nb Tip removed: 0 (0s)
Nb errors removed: 12 (0s)
Superbubble
Nb superbubble removed: 0 0 (0s)
Tip
Nb Tip removed: 0 (0s)
Nb errors removed: 8 (0s)
Superbubble
Nb superbubble removed: 0 0 (0s)
Tip
Nb Tip removed: 0 (0s)
Nb errors removed: 4 (0s)
Superbubble
Nb superbubble removed: 0 0 (0s)
Tip
Nb Tip removed: 0 (0s)
Nb errors removed: 16 (0s)
Superbubble
Nb superbubble removed: 0 0 (0s)
Tip
Nb Tip removed: 0 (0s)
Nb errors removed: 3 (0s)
Superbubble
Nb superbubble removed: 0 0 (0s)
Tip
Nb Tip removed: 0 (0s)
Nb errors removed: 1 (0s)
Superbubble
Nb superbubble removed: 0 0 (0s)
Tip
Nb Tip removed: 0 (0s)
Nb errors removed: 6 (0s)
Superbubble
Nb superbubble removed: 0 0 (0s)
Tip
Nb Tip removed: 0 (0s)
Nb errors removed: 2 (0s)
Superbubble
Nb superbubble removed: 0 0 (0s)
Tip
Nb Tip removed: 0 (0s)
Checksum: 0
Checksum abundnace: 0
Generating contigs
45.2593
28.1025
23.2252
15.8631
13.11
11.9182
10.8347
9.84974
8.14028
7.40025
6.11591
5.05447
4.17725
3.13843
2.14359
0


metaMDBG toMinspace  /var/folders/zg/vq0dnx517c54hg87dyqjky740000gn/T/.tmpMtxbLg/tmp/ /var/folders/zg/vq0dnx517c54hg87dyqjky740000gn/T/.tmpMtxbLg/tmp//contigs.nodepath /var/folders/zg/vq0dnx517c54hg87dyqjky740000gn/T/.tmpMtxbLg/tmp//unitig_data.txt --threads 10

Input dir: /var/folders/zg/vq0dnx517c54hg87dyqjky740000gn/T/.tmpMtxbLg/tmp/
Minimizer length: 15
Kminmer length: 146
Density: 0.005

Loading unitig sequences

Creating mContigs

Contig filename: /var/folders/zg/vq0dnx517c54hg87dyqjky740000gn/T/.tmpMtxbLg/tmp//unitig_data.txt
pass done: 146
Multi-k pass: 147/204


metaMDBG graph /var/folders/zg/vq0dnx517c54hg87dyqjky740000gn/T/.tmpMtxbLg/tmp/ --threads 10 --corrected-read 

Contig filename: 
Output dir: /var/folders/zg/vq0dnx517c54hg87dyqjky740000gn/T/.tmpMtxbLg/tmp/
Minimizer length: 15
Kminmer length: 147
Density: 0.005
Min abundance: 0

Loading refined abundances
	Duration: 0
Collecting kminmers
Building mdbg
Duration: 0
Nb solid kminmers: 28874
Nb small contigs written: 0
Dump kminmer abundances
	Duration: 0
Indexing edges
Edge index size: 28975
Edge index elements: 54338
	Duration: 0
Compute unitig nodes
	Duration: 0
Index unitig edges
	Duration: 0
Compute unitig edges
	Duration: 0
Dump unitig abundances
	Duration: 0
Nb edges:   0


metaMDBG contig  /var/folders/zg/vq0dnx517c54hg87dyqjky740000gn/T/.tmpMtxbLg/tmp/ --threads 10

Input dir: /var/folders/zg/vq0dnx517c54hg87dyqjky740000gn/T/.tmpMtxbLg/tmp/
Minimizer length: 15
Kminmer length: 147
Density: 0.005

Loading unitig graph
Load unitigs
Nb unitigs: 375
Nb minimizers: 83624
Add unitig abundances
Sorting abundances
Add unitig edges
Nb unitig edges: 548
Sorting unitig edges
Done loading unitig graph
Simplifying
Max abundance: 42
Nb unitigs: 375
Superbubble
Nb superbubble removed: 0 0 (0s)
Tip
Nb Tip removed: 106 (0s)
Superbubble
Nb superbubble removed: 0 0 (0s)
Tip
Nb Tip removed: 0 (0s)
Nb errors removed: 64 (0s)
Superbubble
Nb superbubble removed: 0 0 (0s)
Tip
Nb Tip removed: 0 (0s)
Nb errors removed: 37 (0s)
Superbubble
Nb superbubble removed: 0 0 (0s)
Tip
Nb Tip removed: 0 (0s)
Nb errors removed: 23 (0s)
Superbubble
Nb superbubble removed: 0 0 (0s)
Tip
Nb Tip removed: 0 (0s)
Nb errors removed: 20 (0s)
Superbubble
Nb superbubble removed: 0 0 (0s)
Tip
Nb Tip removed: 0 (0s)
Nb errors removed: 23 (0s)
Superbubble
Nb superbubble removed: 0 0 (0s)
Tip
Nb Tip removed: 0 (0s)
Nb errors removed: 14 (0s)
Superbubble
Nb superbubble removed: 0 0 (0s)
Tip
Nb Tip removed: 0 (0s)
Nb errors removed: 11 (0s)
Superbubble
Nb superbubble removed: 0 0 (0s)
Tip
Nb Tip removed: 0 (0s)
Nb errors removed: 12 (0s)
Superbubble
Nb superbubble removed: 0 0 (0s)
Tip
Nb Tip removed: 0 (0s)
Nb errors removed: 8 (0s)
Superbubble
Nb superbubble removed: 0 0 (0s)
Tip
Nb Tip removed: 0 (0s)
Nb errors removed: 4 (0s)
Superbubble
Nb superbubble removed: 0 0 (0s)
Tip
Nb Tip removed: 0 (0s)
Nb errors removed: 16 (0s)
Superbubble
Nb superbubble removed: 0 0 (0s)
Tip
Nb Tip removed: 0 (0s)
Nb errors removed: 3 (0s)
Superbubble
Nb superbubble removed: 0 0 (0s)
Tip
Nb Tip removed: 0 (0s)
Nb errors removed: 1 (0s)
Superbubble
Nb superbubble removed: 0 0 (0s)
Tip
Nb Tip removed: 0 (0s)
Nb errors removed: 6 (0s)
Superbubble
Nb superbubble removed: 0 0 (0s)
Tip
Nb Tip removed: 0 (0s)
Nb errors removed: 2 (0s)
Superbubble
Nb superbubble removed: 0 0 (0s)
Tip
Nb Tip removed: 0 (0s)
Checksum: 0
Checksum abundnace: 0
Generating contigs
45.2593
28.1025
23.2252
15.8631
13.11
11.9182
10.8347
9.84974
8.14028
7.40025
6.11591
5.05447
4.17725
3.13843
2.14359
0


metaMDBG toMinspace  /var/folders/zg/vq0dnx517c54hg87dyqjky740000gn/T/.tmpMtxbLg/tmp/ /var/folders/zg/vq0dnx517c54hg87dyqjky740000gn/T/.tmpMtxbLg/tmp//contigs.nodepath /var/folders/zg/vq0dnx517c54hg87dyqjky740000gn/T/.tmpMtxbLg/tmp//unitig_data.txt --threads 10

Input dir: /var/folders/zg/vq0dnx517c54hg87dyqjky740000gn/T/.tmpMtxbLg/tmp/
Minimizer length: 15
Kminmer length: 147
Density: 0.005

Loading unitig sequences

Creating mContigs

Contig filename: /var/folders/zg/vq0dnx517c54hg87dyqjky740000gn/T/.tmpMtxbLg/tmp//unitig_data.txt
pass done: 147
Multi-k pass: 148/204


metaMDBG graph /var/folders/zg/vq0dnx517c54hg87dyqjky740000gn/T/.tmpMtxbLg/tmp/ --threads 10 --corrected-read 

Contig filename: 
Output dir: /var/folders/zg/vq0dnx517c54hg87dyqjky740000gn/T/.tmpMtxbLg/tmp/
Minimizer length: 15
Kminmer length: 148
Density: 0.005
Min abundance: 0

Loading refined abundances
	Duration: 0
Collecting kminmers
Building mdbg
Duration: 0
Nb solid kminmers: 28771
Nb small contigs written: 0
Dump kminmer abundances
	Duration: 0
Indexing edges
Edge index size: 28873
Edge index elements: 54305
	Duration: 0
Compute unitig nodes
	Duration: 0
Index unitig edges
	Duration: 0
Compute unitig edges
	Duration: 0
Dump unitig abundances
	Duration: 0
Nb edges:   0


metaMDBG contig  /var/folders/zg/vq0dnx517c54hg87dyqjky740000gn/T/.tmpMtxbLg/tmp/ --threads 10

Input dir: /var/folders/zg/vq0dnx517c54hg87dyqjky740000gn/T/.tmpMtxbLg/tmp/
Minimizer length: 15
Kminmer length: 148
Density: 0.005

Loading unitig graph
Load unitigs
Nb unitigs: 372
Nb minimizers: 83455
Add unitig abundances
Sorting abundances
Add unitig edges
Nb unitig edges: 540
Sorting unitig edges
Done loading unitig graph
Simplifying
Max abundance: 42
Nb unitigs: 372
Superbubble
Nb superbubble removed: 0 0 (0s)
Tip
Nb Tip removed: 102 (0s)
Superbubble
Nb superbubble removed: 0 0 (0s)
Tip
Nb Tip removed: 0 (0s)
Nb errors removed: 64 (0s)
Superbubble
Nb superbubble removed: 0 0 (0s)
Tip
Nb Tip removed: 0 (0s)
Nb errors removed: 37 (0s)
Superbubble
Nb superbubble removed: 0 0 (0s)
Tip
Nb Tip removed: 0 (0s)
Nb errors removed: 23 (0s)
Superbubble
Nb superbubble removed: 0 0 (0s)
Tip
Nb Tip removed: 0 (0s)
Nb errors removed: 20 (0s)
Superbubble
Nb superbubble removed: 0 0 (0s)
Tip
Nb Tip removed: 0 (0s)
Nb errors removed: 22 (0s)
Superbubble
Nb superbubble removed: 0 0 (0s)
Tip
Nb Tip removed: 0 (0s)
Nb errors removed: 14 (0s)
Superbubble
Nb superbubble removed: 0 0 (0s)
Tip
Nb Tip removed: 0 (0s)
Nb errors removed: 11 (0s)
Superbubble
Nb superbubble removed: 0 0 (0s)
Tip
Nb Tip removed: 0 (0s)
Nb errors removed: 12 (0s)
Superbubble
Nb superbubble removed: 0 0 (0s)
Tip
Nb Tip removed: 0 (0s)
Nb errors removed: 9 (0s)
Superbubble
Nb superbubble removed: 0 0 (0s)
Tip
Nb Tip removed: 0 (0s)
Nb errors removed: 4 (0s)
Superbubble
Nb superbubble removed: 0 0 (0s)
Tip
Nb Tip removed: 0 (0s)
Nb errors removed: 15 (0s)
Superbubble
Nb superbubble removed: 0 0 (0s)
Tip
Nb Tip removed: 0 (0s)
Nb errors removed: 3 (0s)
Superbubble
Nb superbubble removed: 0 0 (0s)
Tip
Nb Tip removed: 0 (0s)
Nb errors removed: 1 (0s)
Superbubble
Nb superbubble removed: 0 0 (0s)
Tip
Nb Tip removed: 0 (0s)
Nb errors removed: 6 (0s)
Superbubble
Nb superbubble removed: 0 0 (0s)
Tip
Nb Tip removed: 0 (0s)
Nb errors removed: 2 (0s)
Superbubble
Nb superbubble removed: 0 0 (0s)
Tip
Nb Tip removed: 0 (0s)
Checksum: 0
Checksum abundnace: 0
Generating contigs
45.2593
28.1025
23.2252
15.8631
13.11
11.9182
10.8347
9.84974
8.14028
7.40025
6.11591
5.05447
4.17725
3.13843
2.14359
0


metaMDBG toMinspace  /var/folders/zg/vq0dnx517c54hg87dyqjky740000gn/T/.tmpMtxbLg/tmp/ /var/folders/zg/vq0dnx517c54hg87dyqjky740000gn/T/.tmpMtxbLg/tmp//contigs.nodepath /var/folders/zg/vq0dnx517c54hg87dyqjky740000gn/T/.tmpMtxbLg/tmp//unitig_data.txt --threads 10

Input dir: /var/folders/zg/vq0dnx517c54hg87dyqjky740000gn/T/.tmpMtxbLg/tmp/
Minimizer length: 15
Kminmer length: 148
Density: 0.005

Loading unitig sequences

Creating mContigs

Contig filename: /var/folders/zg/vq0dnx517c54hg87dyqjky740000gn/T/.tmpMtxbLg/tmp//unitig_data.txt
pass done: 148
Multi-k pass: 149/204


metaMDBG graph /var/folders/zg/vq0dnx517c54hg87dyqjky740000gn/T/.tmpMtxbLg/tmp/ --threads 10 --corrected-read 

Contig filename: 
Output dir: /var/folders/zg/vq0dnx517c54hg87dyqjky740000gn/T/.tmpMtxbLg/tmp/
Minimizer length: 15
Kminmer length: 149
Density: 0.005
Min abundance: 0

Loading refined abundances
	Duration: 0
Collecting kminmers
Building mdbg
Duration: 0
Nb solid kminmers: 28664
Nb small contigs written: 0
Dump kminmer abundances
	Duration: 0
Indexing edges
Edge index size: 28769
Edge index elements: 54187
	Duration: 0
Compute unitig nodes
	Duration: 0
Index unitig edges
	Duration: 0
Compute unitig edges
	Duration: 0
Dump unitig abundances
	Duration: 0
Nb edges:   0


metaMDBG contig  /var/folders/zg/vq0dnx517c54hg87dyqjky740000gn/T/.tmpMtxbLg/tmp/ --threads 10

Input dir: /var/folders/zg/vq0dnx517c54hg87dyqjky740000gn/T/.tmpMtxbLg/tmp/
Minimizer length: 15
Kminmer length: 149
Density: 0.005

Loading unitig graph
Load unitigs
Nb unitigs: 365
Nb minimizers: 82684
Add unitig abundances
Sorting abundances
Add unitig edges
Nb unitig edges: 520
Sorting unitig edges
Done loading unitig graph
Simplifying
Max abundance: 42
Nb unitigs: 365
Superbubble
Nb superbubble removed: 0 0 (0s)
Tip
Nb Tip removed: 99 (0s)
Superbubble
Nb superbubble removed: 0 0 (0s)
Tip
Nb Tip removed: 0 (0s)
Nb errors removed: 64 (0s)
Superbubble
Nb superbubble removed: 0 0 (0s)
Tip
Nb Tip removed: 0 (0s)
Nb errors removed: 36 (0s)
Superbubble
Nb superbubble removed: 0 0 (0s)
Tip
Nb Tip removed: 0 (0s)
Nb errors removed: 22 (0s)
Superbubble
Nb superbubble removed: 0 0 (0s)
Tip
Nb Tip removed: 0 (0s)
Nb errors removed: 20 (0s)
Superbubble
Nb superbubble removed: 0 0 (0s)
Tip
Nb Tip removed: 0 (0s)
Nb errors removed: 22 (0s)
Superbubble
Nb superbubble removed: 0 0 (0s)
Tip
Nb Tip removed: 0 (0s)
Nb errors removed: 14 (0s)
Superbubble
Nb superbubble removed: 0 0 (0s)
Tip
Nb Tip removed: 0 (0s)
Nb errors removed: 11 (0s)
Superbubble
Nb superbubble removed: 0 0 (0s)
Tip
Nb Tip removed: 0 (0s)
Nb errors removed: 12 (0s)
Superbubble
Nb superbubble removed: 0 0 (0s)
Tip
Nb Tip removed: 0 (0s)
Nb errors removed: 9 (0s)
Superbubble
Nb superbubble removed: 0 0 (0s)
Tip
Nb Tip removed: 0 (0s)
Nb errors removed: 4 (0s)
Superbubble
Nb superbubble removed: 0 0 (0s)
Tip
Nb Tip removed: 0 (0s)
Nb errors removed: 15 (0s)
Superbubble
Nb superbubble removed: 0 0 (0s)
Tip
Nb Tip removed: 0 (0s)
Nb errors removed: 3 (0s)
Superbubble
Nb superbubble removed: 0 0 (0s)
Tip
Nb Tip removed: 0 (0s)
Nb errors removed: 1 (0s)
Superbubble
Nb superbubble removed: 0 0 (0s)
Tip
Nb Tip removed: 0 (0s)
Nb errors removed: 6 (0s)
Superbubble
Nb superbubble removed: 0 0 (0s)
Tip
Nb Tip removed: 0 (0s)
Nb errors removed: 2 (0s)
Superbubble
Nb superbubble removed: 0 0 (0s)
Tip
Nb Tip removed: 0 (0s)
Checksum: 0
Checksum abundnace: 0
Generating contigs
45.2593
28.1025
23.2252
15.8631
13.11
11.9182
10.8347
9.84974
8.14028
7.40025
6.11591
5.05447
4.17725
3.13843
2.14359
0


metaMDBG toMinspace  /var/folders/zg/vq0dnx517c54hg87dyqjky740000gn/T/.tmpMtxbLg/tmp/ /var/folders/zg/vq0dnx517c54hg87dyqjky740000gn/T/.tmpMtxbLg/tmp//contigs.nodepath /var/folders/zg/vq0dnx517c54hg87dyqjky740000gn/T/.tmpMtxbLg/tmp//unitig_data.txt --threads 10

Input dir: /var/folders/zg/vq0dnx517c54hg87dyqjky740000gn/T/.tmpMtxbLg/tmp/
Minimizer length: 15
Kminmer length: 149
Density: 0.005

Loading unitig sequences

Creating mContigs

Contig filename: /var/folders/zg/vq0dnx517c54hg87dyqjky740000gn/T/.tmpMtxbLg/tmp//unitig_data.txt
pass done: 149
Multi-k pass: 150/204


metaMDBG graph /var/folders/zg/vq0dnx517c54hg87dyqjky740000gn/T/.tmpMtxbLg/tmp/ --threads 10 --corrected-read 

Contig filename: 
Output dir: /var/folders/zg/vq0dnx517c54hg87dyqjky740000gn/T/.tmpMtxbLg/tmp/
Minimizer length: 15
Kminmer length: 150
Density: 0.005
Min abundance: 0

Loading refined abundances
	Duration: 0
Collecting kminmers
Building mdbg
Duration: 0
Nb solid kminmers: 28557
Nb small contigs written: 0
Dump kminmer abundances
	Duration: 0
Indexing edges
Edge index size: 28660
Edge index elements: 53977
	Duration: 0
Compute unitig nodes
	Duration: 0
Index unitig edges
	Duration: 0
Compute unitig edges
	Duration: 0
Dump unitig abundances
	Duration: 0
Nb edges:   0


metaMDBG contig  /var/folders/zg/vq0dnx517c54hg87dyqjky740000gn/T/.tmpMtxbLg/tmp/ --threads 10

Input dir: /var/folders/zg/vq0dnx517c54hg87dyqjky740000gn/T/.tmpMtxbLg/tmp/
Minimizer length: 15
Kminmer length: 150
Density: 0.005

Loading unitig graph
Load unitigs
Nb unitigs: 359
Nb minimizers: 82048
Add unitig abundances
Sorting abundances
Add unitig edges
Nb unitig edges: 512
Sorting unitig edges
Done loading unitig graph
Simplifying
Max abundance: 42
Nb unitigs: 359
Superbubble
Nb superbubble removed: 0 0 (0s)
Tip
Nb Tip removed: 99 (0s)
Superbubble
Nb superbubble removed: 0 0 (0s)
Tip
Nb Tip removed: 0 (0s)
Nb errors removed: 64 (0s)
Superbubble
Nb superbubble removed: 0 0 (0s)
Tip
Nb Tip removed: 0 (0s)
Nb errors removed: 34 (0s)
Superbubble
Nb superbubble removed: 0 0 (0s)
Tip
Nb Tip removed: 0 (0s)
Nb errors removed: 21 (0s)
Superbubble
Nb superbubble removed: 0 0 (0s)
Tip
Nb Tip removed: 0 (0s)
Nb errors removed: 20 (0s)
Superbubble
Nb superbubble removed: 0 0 (0s)
Tip
Nb Tip removed: 0 (0s)
Nb errors removed: 22 (0s)
Superbubble
Nb superbubble removed: 0 0 (0s)
Tip
Nb Tip removed: 0 (0s)
Nb errors removed: 14 (0s)
Superbubble
Nb superbubble removed: 0 0 (0s)
Tip
Nb Tip removed: 0 (0s)
Nb errors removed: 11 (0s)
Superbubble
Nb superbubble removed: 0 0 (0s)
Tip
Nb Tip removed: 0 (0s)
Nb errors removed: 12 (0s)
Superbubble
Nb superbubble removed: 0 0 (0s)
Tip
Nb Tip removed: 0 (0s)
Nb errors removed: 9 (0s)
Superbubble
Nb superbubble removed: 0 0 (0s)
Tip
Nb Tip removed: 0 (0s)
Nb errors removed: 4 (0s)
Superbubble
Nb superbubble removed: 0 0 (0s)
Tip
Nb Tip removed: 0 (0s)
Nb errors removed: 15 (0s)
Superbubble
Nb superbubble removed: 0 0 (0s)
Tip
Nb Tip removed: 0 (0s)
Nb errors removed: 3 (0s)
Superbubble
Nb superbubble removed: 0 0 (0s)
Tip
Nb Tip removed: 0 (0s)
Nb errors removed: 1 (0s)
Superbubble
Nb superbubble removed: 0 0 (0s)
Tip
Nb Tip removed: 0 (0s)
Nb errors removed: 5 (0s)
Superbubble
Nb superbubble removed: 0 0 (0s)
Tip
Nb Tip removed: 0 (0s)
Nb errors removed: 2 (0s)
Superbubble
Nb superbubble removed: 0 0 (0s)
Tip
Nb Tip removed: 0 (0s)
Checksum: 0
Checksum abundnace: 0
Generating contigs
45.2593
28.1025
23.2252
15.8631
13.11
11.9182
10.8347
9.84974
8.14028
7.40025
6.11591
5.05447
4.17725
3.13843
2.14359
0


metaMDBG toMinspace  /var/folders/zg/vq0dnx517c54hg87dyqjky740000gn/T/.tmpMtxbLg/tmp/ /var/folders/zg/vq0dnx517c54hg87dyqjky740000gn/T/.tmpMtxbLg/tmp//contigs.nodepath /var/folders/zg/vq0dnx517c54hg87dyqjky740000gn/T/.tmpMtxbLg/tmp//unitig_data.txt --threads 10

Input dir: /var/folders/zg/vq0dnx517c54hg87dyqjky740000gn/T/.tmpMtxbLg/tmp/
Minimizer length: 15
Kminmer length: 150
Density: 0.005

Loading unitig sequences

Creating mContigs

Contig filename: /var/folders/zg/vq0dnx517c54hg87dyqjky740000gn/T/.tmpMtxbLg/tmp//unitig_data.txt
pass done: 150
Multi-k pass: 151/204


metaMDBG graph /var/folders/zg/vq0dnx517c54hg87dyqjky740000gn/T/.tmpMtxbLg/tmp/ --threads 10 --corrected-read 

Contig filename: 
Output dir: /var/folders/zg/vq0dnx517c54hg87dyqjky740000gn/T/.tmpMtxbLg/tmp/
Minimizer length: 15
Kminmer length: 151
Density: 0.005
Min abundance: 0

Loading refined abundances
	Duration: 0
Collecting kminmers
Building mdbg
Duration: 0
Nb solid kminmers: 28454
Nb small contigs written: 0
Dump kminmer abundances
	Duration: 0
Indexing edges
Edge index size: 28549
Edge index elements: 53987
	Duration: 0
Compute unitig nodes
	Duration: 0
Index unitig edges
	Duration: 0
Compute unitig edges
	Duration: 0
Dump unitig abundances
	Duration: 0
Nb edges:   0


metaMDBG contig  /var/folders/zg/vq0dnx517c54hg87dyqjky740000gn/T/.tmpMtxbLg/tmp/ --threads 10 --gen-graph 

Input dir: /var/folders/zg/vq0dnx517c54hg87dyqjky740000gn/T/.tmpMtxbLg/tmp/
Minimizer length: 15
Kminmer length: 151
Density: 0.005

Loading unitig graph
Load unitigs
Nb unitigs: 350
Nb minimizers: 80954
Add unitig abundances
Sorting abundances
Add unitig edges
Nb unitig edges: 512
Sorting unitig edges
Done loading unitig graph
Simplifying
Max abundance: 42
Nb unitigs: 350
Superbubble
Nb superbubble removed: 0 0 (0s)
Tip
Nb Tip removed: 99 (0s)
Superbubble
Nb superbubble removed: 0 0 (0s)
Tip
Nb Tip removed: 0 (0s)
Saving unitig graph: /var/folders/zg/vq0dnx517c54hg87dyqjky740000gn/T/.tmpMtxbLg/tmp//assembly_graph.gfa
Nb errors removed: 61 (0s)
Superbubble
Nb superbubble removed: 0 0 (0s)
Tip
Nb Tip removed: 0 (0s)
Nb errors removed: 34 (0s)
Superbubble
Nb superbubble removed: 0 0 (0s)
Tip
Nb Tip removed: 0 (0s)
Nb errors removed: 19 (0s)
Superbubble
Nb superbubble removed: 0 0 (0s)
Tip
Nb Tip removed: 0 (0s)
Nb errors removed: 20 (0s)
Superbubble
Nb superbubble removed: 0 0 (0s)
Tip
Nb Tip removed: 0 (0s)
Nb errors removed: 22 (0s)
Superbubble
Nb superbubble removed: 0 0 (0s)
Tip
Nb Tip removed: 0 (0s)
Nb errors removed: 14 (0s)
Superbubble
Nb superbubble removed: 0 0 (0s)
Tip
Nb Tip removed: 0 (0s)
Nb errors removed: 11 (0s)
Superbubble
Nb superbubble removed: 0 0 (0s)
Tip
Nb Tip removed: 0 (0s)
Nb errors removed: 12 (0s)
Superbubble
Nb superbubble removed: 0 0 (0s)
Tip
Nb Tip removed: 0 (0s)
Nb errors removed: 8 (0s)
Superbubble
Nb superbubble removed: 0 0 (0s)
Tip
Nb Tip removed: 0 (0s)
Nb errors removed: 4 (0s)
Superbubble
Nb superbubble removed: 0 0 (0s)
Tip
Nb Tip removed: 0 (0s)
Nb errors removed: 14 (0s)
Superbubble
Nb superbubble removed: 0 0 (0s)
Tip
Nb Tip removed: 0 (0s)
Nb errors removed: 3 (0s)
Superbubble
Nb superbubble removed: 0 0 (0s)
Tip
Nb Tip removed: 0 (0s)
Nb errors removed: 1 (0s)
Superbubble
Nb superbubble removed: 0 0 (0s)
Tip
Nb Tip removed: 0 (0s)
Nb errors removed: 4 (0s)
Superbubble
Nb superbubble removed: 0 0 (0s)
Tip
Nb Tip removed: 0 (0s)
Nb errors removed: 2 (0s)
Superbubble
Nb superbubble removed: 0 0 (0s)
Tip
Nb Tip removed: 0 (0s)
Checksum: 0
Checksum abundnace: 0
Generating contigs
45.2593
28.1025
23.2252
15.8631
13.11
11.9182
10.8347
9.84974
8.14028
7.40025
6.11591
5.05447
4.17725
3.13843
2.14359
0


metaMDBG toMinspace  /var/folders/zg/vq0dnx517c54hg87dyqjky740000gn/T/.tmpMtxbLg/tmp/ /var/folders/zg/vq0dnx517c54hg87dyqjky740000gn/T/.tmpMtxbLg/tmp//contigs.nodepath /var/folders/zg/vq0dnx517c54hg87dyqjky740000gn/T/.tmpMtxbLg/tmp//unitig_data.txt --threads 10

Input dir: /var/folders/zg/vq0dnx517c54hg87dyqjky740000gn/T/.tmpMtxbLg/tmp/
Minimizer length: 15
Kminmer length: 151
Density: 0.005

Loading unitig sequences

Creating mContigs

Contig filename: /var/folders/zg/vq0dnx517c54hg87dyqjky740000gn/T/.tmpMtxbLg/tmp//unitig_data.txt


metaMDBG toMinspace  /var/folders/zg/vq0dnx517c54hg87dyqjky740000gn/T/.tmpMtxbLg/tmp/ /var/folders/zg/vq0dnx517c54hg87dyqjky740000gn/T/.tmpMtxbLg/tmp//assembly_graph.gfa.unitigs.nodepath /var/folders/zg/vq0dnx517c54hg87dyqjky740000gn/T/.tmpMtxbLg/tmp//assembly_graph.gfa.unitigs --threads 10

Input dir: /var/folders/zg/vq0dnx517c54hg87dyqjky740000gn/T/.tmpMtxbLg/tmp/
Minimizer length: 15
Kminmer length: 151
Density: 0.005

Loading unitig sequences

Creating mContigs

Contig filename: /var/folders/zg/vq0dnx517c54hg87dyqjky740000gn/T/.tmpMtxbLg/tmp//assembly_graph.gfa.unitigs
pass done: 151
Multi-k pass: 152/204


metaMDBG graph /var/folders/zg/vq0dnx517c54hg87dyqjky740000gn/T/.tmpMtxbLg/tmp/ --threads 10 --corrected-read 

Contig filename: 
Output dir: /var/folders/zg/vq0dnx517c54hg87dyqjky740000gn/T/.tmpMtxbLg/tmp/
Minimizer length: 15
Kminmer length: 152
Density: 0.005
Min abundance: 0

Loading refined abundances
	Duration: 0
Collecting kminmers
Building mdbg
Duration: 0
Nb solid kminmers: 28359
Nb small contigs written: 0
Dump kminmer abundances
	Duration: 0
Indexing edges
Edge index size: 28454
Edge index elements: 53727
	Duration: 0
Compute unitig nodes
	Duration: 0
Index unitig edges
	Duration: 0
Compute unitig edges
	Duration: 0
Dump unitig abundances
	Duration: 0
Nb edges:   0


metaMDBG contig  /var/folders/zg/vq0dnx517c54hg87dyqjky740000gn/T/.tmpMtxbLg/tmp/ --threads 10

Input dir: /var/folders/zg/vq0dnx517c54hg87dyqjky740000gn/T/.tmpMtxbLg/tmp/
Minimizer length: 15
Kminmer length: 152
Density: 0.005

Loading unitig graph
Load unitigs
Nb unitigs: 351
Nb minimizers: 81360
Add unitig abundances
Sorting abundances
Add unitig edges
Nb unitig edges: 512
Sorting unitig edges
Done loading unitig graph
Simplifying
Max abundance: 42
Nb unitigs: 351
Superbubble
Nb superbubble removed: 0 0 (0s)
Tip
Nb Tip removed: 99 (0s)
Superbubble
Nb superbubble removed: 0 0 (0s)
Tip
Nb Tip removed: 0 (0s)
Nb errors removed: 61 (0s)
Superbubble
Nb superbubble removed: 0 0 (0s)
Tip
Nb Tip removed: 0 (0s)
Nb errors removed: 34 (0s)
Superbubble
Nb superbubble removed: 0 0 (0s)
Tip
Nb Tip removed: 0 (0s)
Nb errors removed: 19 (0s)
Superbubble
Nb superbubble removed: 0 0 (0s)
Tip
Nb Tip removed: 0 (0s)
Nb errors removed: 20 (0s)
Superbubble
Nb superbubble removed: 0 0 (0s)
Tip
Nb Tip removed: 0 (0s)
Nb errors removed: 22 (0s)
Superbubble
Nb superbubble removed: 0 0 (0s)
Tip
Nb Tip removed: 0 (0s)
Nb errors removed: 14 (0s)
Superbubble
Nb superbubble removed: 0 0 (0s)
Tip
Nb Tip removed: 0 (0s)
Nb errors removed: 11 (0s)
Superbubble
Nb superbubble removed: 0 0 (0s)
Tip
Nb Tip removed: 0 (0s)
Nb errors removed: 12 (0s)
Superbubble
Nb superbubble removed: 0 0 (0s)
Tip
Nb Tip removed: 0 (0s)
Nb errors removed: 8 (0s)
Superbubble
Nb superbubble removed: 0 0 (0s)
Tip
Nb Tip removed: 0 (0s)
Nb errors removed: 4 (0s)
Superbubble
Nb superbubble removed: 0 0 (0s)
Tip
Nb Tip removed: 0 (0s)
Nb errors removed: 15 (0s)
Superbubble
Nb superbubble removed: 0 0 (0s)
Tip
Nb Tip removed: 0 (0s)
Nb errors removed: 3 (0s)
Superbubble
Nb superbubble removed: 0 0 (0s)
Tip
Nb Tip removed: 0 (0s)
Nb errors removed: 1 (0s)
Superbubble
Nb superbubble removed: 0 0 (0s)
Tip
Nb Tip removed: 0 (0s)
Nb errors removed: 4 (0s)
Superbubble
Nb superbubble removed: 0 0 (0s)
Tip
Nb Tip removed: 0 (0s)
Nb errors removed: 2 (0s)
Superbubble
Nb superbubble removed: 0 0 (0s)
Tip
Nb Tip removed: 0 (0s)
Checksum: 0
Checksum abundnace: 0
Generating contigs
45.2593
28.1025
23.2252
15.8631
13.11
11.9182
10.8347
9.84974
8.14028
7.40025
6.11591
5.05447
4.17725
3.13843
2.14359
0


metaMDBG toMinspace  /var/folders/zg/vq0dnx517c54hg87dyqjky740000gn/T/.tmpMtxbLg/tmp/ /var/folders/zg/vq0dnx517c54hg87dyqjky740000gn/T/.tmpMtxbLg/tmp//contigs.nodepath /var/folders/zg/vq0dnx517c54hg87dyqjky740000gn/T/.tmpMtxbLg/tmp//unitig_data.txt --threads 10

Input dir: /var/folders/zg/vq0dnx517c54hg87dyqjky740000gn/T/.tmpMtxbLg/tmp/
Minimizer length: 15
Kminmer length: 152
Density: 0.005

Loading unitig sequences

Creating mContigs

Contig filename: /var/folders/zg/vq0dnx517c54hg87dyqjky740000gn/T/.tmpMtxbLg/tmp//unitig_data.txt
pass done: 152
Multi-k pass: 153/204


metaMDBG graph /var/folders/zg/vq0dnx517c54hg87dyqjky740000gn/T/.tmpMtxbLg/tmp/ --threads 10 --corrected-read 

Contig filename: 
Output dir: /var/folders/zg/vq0dnx517c54hg87dyqjky740000gn/T/.tmpMtxbLg/tmp/
Minimizer length: 15
Kminmer length: 153
Density: 0.005
Min abundance: 0

Loading refined abundances
	Duration: 0
Collecting kminmers
Building mdbg
Duration: 0
Nb solid kminmers: 28260
Nb small contigs written: 0
Dump kminmer abundances
	Duration: 0
Indexing edges
Edge index size: 28357
Edge index elements: 53805
	Duration: 0
Compute unitig nodes
	Duration: 0
Index unitig edges
	Duration: 0
Compute unitig edges
	Duration: 0
Dump unitig abundances
	Duration: 0
Nb edges:   0


metaMDBG contig  /var/folders/zg/vq0dnx517c54hg87dyqjky740000gn/T/.tmpMtxbLg/tmp/ --threads 10

Input dir: /var/folders/zg/vq0dnx517c54hg87dyqjky740000gn/T/.tmpMtxbLg/tmp/
Minimizer length: 15
Kminmer length: 153
Density: 0.005

Loading unitig graph
Load unitigs
Nb unitigs: 345
Nb minimizers: 80700
Add unitig abundances
Sorting abundances
Add unitig edges
Nb unitig edges: 496
Sorting unitig edges
Done loading unitig graph
Simplifying
Max abundance: 42
Nb unitigs: 345
Superbubble
Nb superbubble removed: 0 0 (0s)
Tip
Nb Tip removed: 97 (0s)
Superbubble
Nb superbubble removed: 0 0 (0s)
Tip
Nb Tip removed: 0 (0s)
Nb errors removed: 60 (0s)
Superbubble
Nb superbubble removed: 0 0 (0s)
Tip
Nb Tip removed: 0 (0s)
Nb errors removed: 34 (0s)
Superbubble
Nb superbubble removed: 0 0 (0s)
Tip
Nb Tip removed: 0 (0s)
Nb errors removed: 19 (0s)
Superbubble
Nb superbubble removed: 0 0 (0s)
Tip
Nb Tip removed: 0 (0s)
Nb errors removed: 19 (0s)
Superbubble
Nb superbubble removed: 0 0 (0s)
Tip
Nb Tip removed: 0 (0s)
Nb errors removed: 22 (0s)
Superbubble
Nb superbubble removed: 0 0 (0s)
Tip
Nb Tip removed: 0 (0s)
Nb errors removed: 14 (0s)
Superbubble
Nb superbubble removed: 0 0 (0s)
Tip
Nb Tip removed: 0 (0s)
Nb errors removed: 11 (0s)
Superbubble
Nb superbubble removed: 0 0 (0s)
Tip
Nb Tip removed: 0 (0s)
Nb errors removed: 13 (0s)
Superbubble
Nb superbubble removed: 0 0 (0s)
Tip
Nb Tip removed: 0 (0s)
Nb errors removed: 8 (0s)
Superbubble
Nb superbubble removed: 0 0 (0s)
Tip
Nb Tip removed: 0 (0s)
Nb errors removed: 4 (0s)
Superbubble
Nb superbubble removed: 0 0 (0s)
Tip
Nb Tip removed: 0 (0s)
Nb errors removed: 14 (0s)
Superbubble
Nb superbubble removed: 0 0 (0s)
Tip
Nb Tip removed: 0 (0s)
Nb errors removed: 3 (0s)
Superbubble
Nb superbubble removed: 0 0 (0s)
Tip
Nb Tip removed: 0 (0s)
Nb errors removed: 1 (0s)
Superbubble
Nb superbubble removed: 0 0 (0s)
Tip
Nb Tip removed: 0 (0s)
Nb errors removed: 4 (0s)
Superbubble
Nb superbubble removed: 0 0 (0s)
Tip
Nb Tip removed: 0 (0s)
Nb errors removed: 2 (0s)
Superbubble
Nb superbubble removed: 0 0 (0s)
Tip
Nb Tip removed: 0 (0s)
Checksum: 0
Checksum abundnace: 0
Generating contigs
45.2593
28.1025
23.2252
15.8631
13.11
11.9182
10.8347
9.84974
8.14028
7.40025
6.11591
5.05447
4.17725
3.13843
2.14359
0


metaMDBG toMinspace  /var/folders/zg/vq0dnx517c54hg87dyqjky740000gn/T/.tmpMtxbLg/tmp/ /var/folders/zg/vq0dnx517c54hg87dyqjky740000gn/T/.tmpMtxbLg/tmp//contigs.nodepath /var/folders/zg/vq0dnx517c54hg87dyqjky740000gn/T/.tmpMtxbLg/tmp//unitig_data.txt --threads 10

Input dir: /var/folders/zg/vq0dnx517c54hg87dyqjky740000gn/T/.tmpMtxbLg/tmp/
Minimizer length: 15
Kminmer length: 153
Density: 0.005

Loading unitig sequences

Creating mContigs

Contig filename: /var/folders/zg/vq0dnx517c54hg87dyqjky740000gn/T/.tmpMtxbLg/tmp//unitig_data.txt
pass done: 153
Multi-k pass: 154/204


metaMDBG graph /var/folders/zg/vq0dnx517c54hg87dyqjky740000gn/T/.tmpMtxbLg/tmp/ --threads 10 --corrected-read 

Contig filename: 
Output dir: /var/folders/zg/vq0dnx517c54hg87dyqjky740000gn/T/.tmpMtxbLg/tmp/
Minimizer length: 15
Kminmer length: 154
Density: 0.005
Min abundance: 0

Loading refined abundances
	Duration: 0
Collecting kminmers
Building mdbg
Duration: 0
Nb solid kminmers: 28160
Nb small contigs written: 0
Dump kminmer abundances
	Duration: 0
Indexing edges
Edge index size: 28260
Edge index elements: 53596
	Duration: 0
Compute unitig nodes
	Duration: 0
Index unitig edges
	Duration: 0
Compute unitig edges
	Duration: 0
Dump unitig abundances
	Duration: 0
Nb edges:   0


metaMDBG contig  /var/folders/zg/vq0dnx517c54hg87dyqjky740000gn/T/.tmpMtxbLg/tmp/ --threads 10

Input dir: /var/folders/zg/vq0dnx517c54hg87dyqjky740000gn/T/.tmpMtxbLg/tmp/
Minimizer length: 15
Kminmer length: 154
Density: 0.005

Loading unitig graph
Load unitigs
Nb unitigs: 342
Nb minimizers: 80486
Add unitig abundances
Sorting abundances
Add unitig edges
Nb unitig edges: 484
Sorting unitig edges
Done loading unitig graph
Simplifying
Max abundance: 42
Nb unitigs: 342
Superbubble
Nb superbubble removed: 0 0 (0s)
Tip
Nb Tip removed: 94 (0s)
Superbubble
Nb superbubble removed: 0 0 (0s)
Tip
Nb Tip removed: 0 (0s)
Nb errors removed: 60 (0s)
Superbubble
Nb superbubble removed: 0 0 (0s)
Tip
Nb Tip removed: 0 (0s)
Nb errors removed: 34 (0s)
Superbubble
Nb superbubble removed: 0 0 (0s)
Tip
Nb Tip removed: 0 (0s)
Nb errors removed: 19 (0s)
Superbubble
Nb superbubble removed: 0 0 (0s)
Tip
Nb Tip removed: 0 (0s)
Nb errors removed: 19 (0s)
Superbubble
Nb superbubble removed: 0 0 (0s)
Tip
Nb Tip removed: 0 (0s)
Nb errors removed: 22 (0s)
Superbubble
Nb superbubble removed: 0 0 (0s)
Tip
Nb Tip removed: 0 (0s)
Nb errors removed: 14 (0s)
Superbubble
Nb superbubble removed: 0 0 (0s)
Tip
Nb Tip removed: 0 (0s)
Nb errors removed: 11 (0s)
Superbubble
Nb superbubble removed: 0 0 (0s)
Tip
Nb Tip removed: 0 (0s)
Nb errors removed: 13 (0s)
Superbubble
Nb superbubble removed: 0 0 (0s)
Tip
Nb Tip removed: 0 (0s)
Nb errors removed: 8 (0s)
Superbubble
Nb superbubble removed: 0 0 (0s)
Tip
Nb Tip removed: 0 (0s)
Nb errors removed: 4 (0s)
Superbubble
Nb superbubble removed: 0 0 (0s)
Tip
Nb Tip removed: 0 (0s)
Nb errors removed: 14 (0s)
Superbubble
Nb superbubble removed: 0 0 (0s)
Tip
Nb Tip removed: 0 (0s)
Nb errors removed: 3 (0s)
Superbubble
Nb superbubble removed: 0 0 (0s)
Tip
Nb Tip removed: 0 (0s)
Nb errors removed: 1 (0s)
Superbubble
Nb superbubble removed: 0 0 (0s)
Tip
Nb Tip removed: 0 (0s)
Nb errors removed: 4 (0s)
Superbubble
Nb superbubble removed: 0 0 (0s)
Tip
Nb Tip removed: 0 (0s)
Nb errors removed: 2 (0s)
Superbubble
Nb superbubble removed: 0 0 (0s)
Tip
Nb Tip removed: 0 (0s)
Checksum: 0
Checksum abundnace: 0
Generating contigs
45.2593
28.1025
23.2252
15.8631
13.11
11.9182
10.8347
9.84974
8.14028
7.40025
6.11591
5.05447
4.17725
3.13843
2.14359
0


metaMDBG toMinspace  /var/folders/zg/vq0dnx517c54hg87dyqjky740000gn/T/.tmpMtxbLg/tmp/ /var/folders/zg/vq0dnx517c54hg87dyqjky740000gn/T/.tmpMtxbLg/tmp//contigs.nodepath /var/folders/zg/vq0dnx517c54hg87dyqjky740000gn/T/.tmpMtxbLg/tmp//unitig_data.txt --threads 10

Input dir: /var/folders/zg/vq0dnx517c54hg87dyqjky740000gn/T/.tmpMtxbLg/tmp/
Minimizer length: 15
Kminmer length: 154
Density: 0.005

Loading unitig sequences

Creating mContigs

Contig filename: /var/folders/zg/vq0dnx517c54hg87dyqjky740000gn/T/.tmpMtxbLg/tmp//unitig_data.txt
pass done: 154
Multi-k pass: 155/204


metaMDBG graph /var/folders/zg/vq0dnx517c54hg87dyqjky740000gn/T/.tmpMtxbLg/tmp/ --threads 10 --corrected-read 

Contig filename: 
Output dir: /var/folders/zg/vq0dnx517c54hg87dyqjky740000gn/T/.tmpMtxbLg/tmp/
Minimizer length: 15
Kminmer length: 155
Density: 0.005
Min abundance: 0

Loading refined abundances
	Duration: 0
Collecting kminmers
Building mdbg
Duration: 0
Nb solid kminmers: 28057
Nb small contigs written: 0
Dump kminmer abundances
	Duration: 0
Indexing edges
Edge index size: 28158
Edge index elements: 53334
	Duration: 0
Compute unitig nodes
	Duration: 0
Index unitig edges
	Duration: 0
Compute unitig edges
	Duration: 0
Dump unitig abundances
	Duration: 0
Nb edges:   0


metaMDBG contig  /var/folders/zg/vq0dnx517c54hg87dyqjky740000gn/T/.tmpMtxbLg/tmp/ --threads 10

Input dir: /var/folders/zg/vq0dnx517c54hg87dyqjky740000gn/T/.tmpMtxbLg/tmp/
Minimizer length: 15
Kminmer length: 155
Density: 0.005

Loading unitig graph
Load unitigs
Nb unitigs: 336
Nb minimizers: 79801
Add unitig abundances
Sorting abundances
Add unitig edges
Nb unitig edges: 472
Sorting unitig edges
Done loading unitig graph
Simplifying
Max abundance: 42
Nb unitigs: 336
Superbubble
Nb superbubble removed: 0 0 (0s)
Tip
Nb Tip removed: 90 (0s)
Superbubble
Nb superbubble removed: 0 0 (0s)
Tip
Nb Tip removed: 0 (0s)
Nb errors removed: 59 (0s)
Superbubble
Nb superbubble removed: 0 0 (0s)
Tip
Nb Tip removed: 0 (0s)
Nb errors removed: 34 (0s)
Superbubble
Nb superbubble removed: 0 0 (0s)
Tip
Nb Tip removed: 0 (0s)
Nb errors removed: 19 (0s)
Superbubble
Nb superbubble removed: 0 0 (0s)
Tip
Nb Tip removed: 0 (0s)
Nb errors removed: 19 (0s)
Superbubble
Nb superbubble removed: 0 0 (0s)
Tip
Nb Tip removed: 0 (0s)
Nb errors removed: 21 (0s)
Superbubble
Nb superbubble removed: 0 0 (0s)
Tip
Nb Tip removed: 0 (0s)
Nb errors removed: 14 (0s)
Superbubble
Nb superbubble removed: 0 0 (0s)
Tip
Nb Tip removed: 0 (0s)
Nb errors removed: 11 (0s)
Superbubble
Nb superbubble removed: 0 0 (0s)
Tip
Nb Tip removed: 0 (0s)
Nb errors removed: 12 (0s)
Superbubble
Nb superbubble removed: 0 0 (0s)
Tip
Nb Tip removed: 0 (0s)
Nb errors removed: 8 (0s)
Superbubble
Nb superbubble removed: 0 0 (0s)
Tip
Nb Tip removed: 0 (0s)
Nb errors removed: 4 (0s)
Superbubble
Nb superbubble removed: 0 0 (0s)
Tip
Nb Tip removed: 0 (0s)
Nb errors removed: 14 (0s)
Superbubble
Nb superbubble removed: 0 0 (0s)
Tip
Nb Tip removed: 0 (0s)
Nb errors removed: 3 (0s)
Superbubble
Nb superbubble removed: 0 0 (0s)
Tip
Nb Tip removed: 0 (0s)
Nb errors removed: 1 (0s)
Superbubble
Nb superbubble removed: 0 0 (0s)
Tip
Nb Tip removed: 0 (0s)
Nb errors removed: 5 (0s)
Superbubble
Nb superbubble removed: 0 0 (0s)
Tip
Nb Tip removed: 0 (0s)
Nb errors removed: 2 (0s)
Superbubble
Nb superbubble removed: 0 0 (0s)
Tip
Nb Tip removed: 0 (0s)
Checksum: 0
Checksum abundnace: 0
Generating contigs
45.2593
28.1025
23.2252
15.8631
13.11
11.9182
10.8347
9.84974
8.14028
7.40025
6.11591
5.05447
4.17725
3.13843
2.14359
0


metaMDBG toMinspace  /var/folders/zg/vq0dnx517c54hg87dyqjky740000gn/T/.tmpMtxbLg/tmp/ /var/folders/zg/vq0dnx517c54hg87dyqjky740000gn/T/.tmpMtxbLg/tmp//contigs.nodepath /var/folders/zg/vq0dnx517c54hg87dyqjky740000gn/T/.tmpMtxbLg/tmp//unitig_data.txt --threads 10

Input dir: /var/folders/zg/vq0dnx517c54hg87dyqjky740000gn/T/.tmpMtxbLg/tmp/
Minimizer length: 15
Kminmer length: 155
Density: 0.005

Loading unitig sequences

Creating mContigs

Contig filename: /var/folders/zg/vq0dnx517c54hg87dyqjky740000gn/T/.tmpMtxbLg/tmp//unitig_data.txt
pass done: 155
Multi-k pass: 156/204


metaMDBG graph /var/folders/zg/vq0dnx517c54hg87dyqjky740000gn/T/.tmpMtxbLg/tmp/ --threads 10 --corrected-read 

Contig filename: 
Output dir: /var/folders/zg/vq0dnx517c54hg87dyqjky740000gn/T/.tmpMtxbLg/tmp/
Minimizer length: 15
Kminmer length: 156
Density: 0.005
Min abundance: 0

Loading refined abundances
	Duration: 0
Collecting kminmers
Building mdbg
Duration: 0
Nb solid kminmers: 27950
Nb small contigs written: 0
Dump kminmer abundances
	Duration: 0
Indexing edges
Edge index size: 28056
Edge index elements: 53046
	Duration: 0
Compute unitig nodes
	Duration: 0
Index unitig edges
	Duration: 0
Compute unitig edges
	Duration: 0
Dump unitig abundances
	Duration: 0
Nb edges:   0


metaMDBG contig  /var/folders/zg/vq0dnx517c54hg87dyqjky740000gn/T/.tmpMtxbLg/tmp/ --threads 10

Input dir: /var/folders/zg/vq0dnx517c54hg87dyqjky740000gn/T/.tmpMtxbLg/tmp/
Minimizer length: 15
Kminmer length: 156
Density: 0.005

Loading unitig graph
Load unitigs
Nb unitigs: 328
Nb minimizers: 78790
Add unitig abundances
Sorting abundances
Add unitig edges
Nb unitig edges: 444
Sorting unitig edges
Done loading unitig graph
Simplifying
Max abundance: 42
Nb unitigs: 328
Superbubble
Nb superbubble removed: 0 0 (0s)
Tip
Nb Tip removed: 86 (0s)
Superbubble
Nb superbubble removed: 0 0 (0s)
Tip
Nb Tip removed: 0 (0s)
Nb errors removed: 59 (0s)
Superbubble
Nb superbubble removed: 0 0 (0s)
Tip
Nb Tip removed: 0 (0s)
Nb errors removed: 34 (0s)
Superbubble
Nb superbubble removed: 0 0 (0s)
Tip
Nb Tip removed: 0 (0s)
Nb errors removed: 19 (0s)
Superbubble
Nb superbubble removed: 0 0 (0s)
Tip
Nb Tip removed: 0 (0s)
Nb errors removed: 18 (0s)
Superbubble
Nb superbubble removed: 0 0 (0s)
Tip
Nb Tip removed: 0 (0s)
Nb errors removed: 21 (0s)
Superbubble
Nb superbubble removed: 0 0 (0s)
Tip
Nb Tip removed: 0 (0s)
Nb errors removed: 14 (0s)
Superbubble
Nb superbubble removed: 0 0 (0s)
Tip
Nb Tip removed: 0 (0s)
Nb errors removed: 10 (0s)
Superbubble
Nb superbubble removed: 0 0 (0s)
Tip
Nb Tip removed: 0 (0s)
Nb errors removed: 12 (0s)
Superbubble
Nb superbubble removed: 0 0 (0s)
Tip
Nb Tip removed: 0 (0s)
Nb errors removed: 8 (0s)
Superbubble
Nb superbubble removed: 0 0 (0s)
Tip
Nb Tip removed: 0 (0s)
Nb errors removed: 4 (0s)
Superbubble
Nb superbubble removed: 0 0 (0s)
Tip
Nb Tip removed: 0 (0s)
Nb errors removed: 14 (0s)
Superbubble
Nb superbubble removed: 0 0 (0s)
Tip
Nb Tip removed: 0 (0s)
Nb errors removed: 3 (0s)
Superbubble
Nb superbubble removed: 0 0 (0s)
Tip
Nb Tip removed: 0 (0s)
Nb errors removed: 1 (0s)
Superbubble
Nb superbubble removed: 0 0 (0s)
Tip
Nb Tip removed: 0 (0s)
Nb errors removed: 5 (0s)
Superbubble
Nb superbubble removed: 0 0 (0s)
Tip
Nb Tip removed: 0 (0s)
Nb errors removed: 2 (0s)
Superbubble
Nb superbubble removed: 0 0 (0s)
Tip
Nb Tip removed: 0 (0s)
Checksum: 0
Checksum abundnace: 0
Generating contigs
45.2593
28.1025
23.2252
15.8631
13.11
11.9182
10.8347
9.84974
8.14028
7.40025
6.11591
5.05447
4.17725
3.13843
2.14359
0


metaMDBG toMinspace  /var/folders/zg/vq0dnx517c54hg87dyqjky740000gn/T/.tmpMtxbLg/tmp/ /var/folders/zg/vq0dnx517c54hg87dyqjky740000gn/T/.tmpMtxbLg/tmp//contigs.nodepath /var/folders/zg/vq0dnx517c54hg87dyqjky740000gn/T/.tmpMtxbLg/tmp//unitig_data.txt --threads 10

Input dir: /var/folders/zg/vq0dnx517c54hg87dyqjky740000gn/T/.tmpMtxbLg/tmp/
Minimizer length: 15
Kminmer length: 156
Density: 0.005

Loading unitig sequences

Creating mContigs

Contig filename: /var/folders/zg/vq0dnx517c54hg87dyqjky740000gn/T/.tmpMtxbLg/tmp//unitig_data.txt
pass done: 156
Multi-k pass: 157/204


metaMDBG graph /var/folders/zg/vq0dnx517c54hg87dyqjky740000gn/T/.tmpMtxbLg/tmp/ --threads 10 --corrected-read 

Contig filename: 
Output dir: /var/folders/zg/vq0dnx517c54hg87dyqjky740000gn/T/.tmpMtxbLg/tmp/
Minimizer length: 15
Kminmer length: 157
Density: 0.005
Min abundance: 0

Loading refined abundances
	Duration: 0
Collecting kminmers
Building mdbg
Duration: 0
Nb solid kminmers: 27842
Nb small contigs written: 0
Dump kminmer abundances
	Duration: 0
Indexing edges
Edge index size: 27946
Edge index elements: 52779
	Duration: 0
Compute unitig nodes
	Duration: 0
Index unitig edges
	Duration: 0
Compute unitig edges
	Duration: 0
Dump unitig abundances
	Duration: 0
Nb edges:   0


metaMDBG contig  /var/folders/zg/vq0dnx517c54hg87dyqjky740000gn/T/.tmpMtxbLg/tmp/ --threads 10

Input dir: /var/folders/zg/vq0dnx517c54hg87dyqjky740000gn/T/.tmpMtxbLg/tmp/
Minimizer length: 15
Kminmer length: 157
Density: 0.005

Loading unitig graph
Load unitigs
Nb unitigs: 321
Nb minimizers: 77918
Add unitig abundances
Sorting abundances
Add unitig edges
Nb unitig edges: 436
Sorting unitig edges
Done loading unitig graph
Simplifying
Max abundance: 42
Nb unitigs: 321
Superbubble
Nb superbubble removed: 0 0 (0s)
Tip
Nb Tip removed: 84 (0s)
Superbubble
Nb superbubble removed: 0 0 (0s)
Tip
Nb Tip removed: 0 (0s)
Nb errors removed: 58 (0s)
Superbubble
Nb superbubble removed: 0 0 (0s)
Tip
Nb Tip removed: 0 (0s)
Nb errors removed: 32 (0s)
Superbubble
Nb superbubble removed: 0 0 (0s)
Tip
Nb Tip removed: 0 (0s)
Nb errors removed: 19 (0s)
Superbubble
Nb superbubble removed: 0 0 (0s)
Tip
Nb Tip removed: 0 (0s)
Nb errors removed: 18 (0s)
Superbubble
Nb superbubble removed: 0 0 (0s)
Tip
Nb Tip removed: 0 (0s)
Nb errors removed: 20 (0s)
Superbubble
Nb superbubble removed: 0 0 (0s)
Tip
Nb Tip removed: 0 (0s)
Nb errors removed: 14 (0s)
Superbubble
Nb superbubble removed: 0 0 (0s)
Tip
Nb Tip removed: 0 (0s)
Nb errors removed: 9 (0s)
Superbubble
Nb superbubble removed: 0 0 (0s)
Tip
Nb Tip removed: 0 (0s)
Nb errors removed: 12 (0s)
Superbubble
Nb superbubble removed: 0 0 (0s)
Tip
Nb Tip removed: 0 (0s)
Nb errors removed: 9 (0s)
Superbubble
Nb superbubble removed: 0 0 (0s)
Tip
Nb Tip removed: 0 (0s)
Nb errors removed: 4 (0s)
Superbubble
Nb superbubble removed: 0 0 (0s)
Tip
Nb Tip removed: 0 (0s)
Nb errors removed: 14 (0s)
Superbubble
Nb superbubble removed: 0 0 (0s)
Tip
Nb Tip removed: 0 (0s)
Nb errors removed: 3 (0s)
Superbubble
Nb superbubble removed: 0 0 (0s)
Tip
Nb Tip removed: 0 (0s)
Nb errors removed: 1 (0s)
Superbubble
Nb superbubble removed: 0 0 (0s)
Tip
Nb Tip removed: 0 (0s)
Nb errors removed: 5 (0s)
Superbubble
Nb superbubble removed: 0 0 (0s)
Tip
Nb Tip removed: 0 (0s)
Nb errors removed: 2 (0s)
Superbubble
Nb superbubble removed: 0 0 (0s)
Tip
Nb Tip removed: 0 (0s)
Checksum: 0
Checksum abundnace: 0
Generating contigs
45.2593
28.1025
23.2252
15.8631
13.11
11.9182
10.8347
9.84974
8.14028
7.40025
6.11591
5.05447
4.17725
3.13843
2.14359
0


metaMDBG toMinspace  /var/folders/zg/vq0dnx517c54hg87dyqjky740000gn/T/.tmpMtxbLg/tmp/ /var/folders/zg/vq0dnx517c54hg87dyqjky740000gn/T/.tmpMtxbLg/tmp//contigs.nodepath /var/folders/zg/vq0dnx517c54hg87dyqjky740000gn/T/.tmpMtxbLg/tmp//unitig_data.txt --threads 10

Input dir: /var/folders/zg/vq0dnx517c54hg87dyqjky740000gn/T/.tmpMtxbLg/tmp/
Minimizer length: 15
Kminmer length: 157
Density: 0.005

Loading unitig sequences

Creating mContigs

Contig filename: /var/folders/zg/vq0dnx517c54hg87dyqjky740000gn/T/.tmpMtxbLg/tmp//unitig_data.txt
pass done: 157
Multi-k pass: 158/204


metaMDBG graph /var/folders/zg/vq0dnx517c54hg87dyqjky740000gn/T/.tmpMtxbLg/tmp/ --threads 10 --corrected-read 

Contig filename: 
Output dir: /var/folders/zg/vq0dnx517c54hg87dyqjky740000gn/T/.tmpMtxbLg/tmp/
Minimizer length: 15
Kminmer length: 158
Density: 0.005
Min abundance: 0

Loading refined abundances
	Duration: 0
Collecting kminmers
Building mdbg
Duration: 0
Nb solid kminmers: 27735
Nb small contigs written: 0
Dump kminmer abundances
	Duration: 0
Indexing edges
Edge index size: 27838
Edge index elements: 52715
	Duration: 0
Compute unitig nodes
	Duration: 0
Index unitig edges
	Duration: 0
Compute unitig edges
	Duration: 0
Dump unitig abundances
	Duration: 0
Nb edges:   0


metaMDBG contig  /var/folders/zg/vq0dnx517c54hg87dyqjky740000gn/T/.tmpMtxbLg/tmp/ --threads 10

Input dir: /var/folders/zg/vq0dnx517c54hg87dyqjky740000gn/T/.tmpMtxbLg/tmp/
Minimizer length: 15
Kminmer length: 158
Density: 0.005

Loading unitig graph
Load unitigs
Nb unitigs: 315
Nb minimizers: 77190
Add unitig abundances
Sorting abundances
Add unitig edges
Nb unitig edges: 424
Sorting unitig edges
Done loading unitig graph
Simplifying
Max abundance: 42
Nb unitigs: 315
Superbubble
Nb superbubble removed: 0 0 (0s)
Tip
Nb Tip removed: 81 (0s)
Superbubble
Nb superbubble removed: 0 0 (0s)
Tip
Nb Tip removed: 0 (0s)
Nb errors removed: 57 (0s)
Superbubble
Nb superbubble removed: 0 0 (0s)
Tip
Nb Tip removed: 0 (0s)
Nb errors removed: 31 (0s)
Superbubble
Nb superbubble removed: 0 0 (0s)
Tip
Nb Tip removed: 0 (0s)
Nb errors removed: 19 (0s)
Superbubble
Nb superbubble removed: 0 0 (0s)
Tip
Nb Tip removed: 0 (0s)
Nb errors removed: 17 (0s)
Superbubble
Nb superbubble removed: 0 0 (0s)
Tip
Nb Tip removed: 0 (0s)
Nb errors removed: 20 (0s)
Superbubble
Nb superbubble removed: 0 0 (0s)
Tip
Nb Tip removed: 0 (0s)
Nb errors removed: 14 (0s)
Superbubble
Nb superbubble removed: 0 0 (0s)
Tip
Nb Tip removed: 0 (0s)
Nb errors removed: 9 (0s)
Superbubble
Nb superbubble removed: 0 0 (0s)
Tip
Nb Tip removed: 0 (0s)
Nb errors removed: 12 (0s)
Superbubble
Nb superbubble removed: 0 0 (0s)
Tip
Nb Tip removed: 0 (0s)
Nb errors removed: 8 (0s)
Superbubble
Nb superbubble removed: 0 0 (0s)
Tip
Nb Tip removed: 0 (0s)
Nb errors removed: 4 (0s)
Superbubble
Nb superbubble removed: 0 0 (0s)
Tip
Nb Tip removed: 0 (0s)
Nb errors removed: 14 (0s)
Superbubble
Nb superbubble removed: 0 0 (0s)
Tip
Nb Tip removed: 0 (0s)
Nb errors removed: 3 (0s)
Superbubble
Nb superbubble removed: 0 0 (0s)
Tip
Nb Tip removed: 0 (0s)
Nb errors removed: 1 (0s)
Superbubble
Nb superbubble removed: 0 0 (0s)
Tip
Nb Tip removed: 0 (0s)
Nb errors removed: 5 (0s)
Superbubble
Nb superbubble removed: 0 0 (0s)
Tip
Nb Tip removed: 0 (0s)
Nb errors removed: 2 (0s)
Superbubble
Nb superbubble removed: 0 0 (0s)
Tip
Nb Tip removed: 0 (0s)
Checksum: 0
Checksum abundnace: 0
Generating contigs
45.2593
28.1025
23.2252
15.8631
13.11
11.9182
10.8347
9.84974
8.14028
7.40025
6.11591
5.05447
4.17725
3.13843
2.14359
0


metaMDBG toMinspace  /var/folders/zg/vq0dnx517c54hg87dyqjky740000gn/T/.tmpMtxbLg/tmp/ /var/folders/zg/vq0dnx517c54hg87dyqjky740000gn/T/.tmpMtxbLg/tmp//contigs.nodepath /var/folders/zg/vq0dnx517c54hg87dyqjky740000gn/T/.tmpMtxbLg/tmp//unitig_data.txt --threads 10

Input dir: /var/folders/zg/vq0dnx517c54hg87dyqjky740000gn/T/.tmpMtxbLg/tmp/
Minimizer length: 15
Kminmer length: 158
Density: 0.005

Loading unitig sequences

Creating mContigs

Contig filename: /var/folders/zg/vq0dnx517c54hg87dyqjky740000gn/T/.tmpMtxbLg/tmp//unitig_data.txt
pass done: 158
Multi-k pass: 159/204


metaMDBG graph /var/folders/zg/vq0dnx517c54hg87dyqjky740000gn/T/.tmpMtxbLg/tmp/ --threads 10 --corrected-read 

Contig filename: 
Output dir: /var/folders/zg/vq0dnx517c54hg87dyqjky740000gn/T/.tmpMtxbLg/tmp/
Minimizer length: 15
Kminmer length: 159
Density: 0.005
Min abundance: 0

Loading refined abundances
	Duration: 0
Collecting kminmers
Building mdbg
Duration: 0
Nb solid kminmers: 27628
Nb small contigs written: 0
Dump kminmer abundances
	Duration: 0
Indexing edges
Edge index size: 27734
Edge index elements: 52416
	Duration: 0
Compute unitig nodes
	Duration: 0
Index unitig edges
	Duration: 0
Compute unitig edges
	Duration: 0
Dump unitig abundances
	Duration: 0
Nb edges:   0


metaMDBG contig  /var/folders/zg/vq0dnx517c54hg87dyqjky740000gn/T/.tmpMtxbLg/tmp/ --threads 10

Input dir: /var/folders/zg/vq0dnx517c54hg87dyqjky740000gn/T/.tmpMtxbLg/tmp/
Minimizer length: 15
Kminmer length: 159
Density: 0.005

Loading unitig graph
Load unitigs
Nb unitigs: 310
Nb minimizers: 76608
Add unitig abundances
Sorting abundances
Add unitig edges
Nb unitig edges: 408
Sorting unitig edges
Done loading unitig graph
Simplifying
Max abundance: 42
Nb unitigs: 310
Superbubble
Nb superbubble removed: 0 0 (0s)
Tip
Nb Tip removed: 78 (0s)
Superbubble
Nb superbubble removed: 0 0 (0s)
Tip
Nb Tip removed: 0 (0s)
Nb errors removed: 55 (0s)
Superbubble
Nb superbubble removed: 0 0 (0s)
Tip
Nb Tip removed: 0 (0s)
Nb errors removed: 31 (0s)
Superbubble
Nb superbubble removed: 0 0 (0s)
Tip
Nb Tip removed: 0 (0s)
Nb errors removed: 19 (0s)
Superbubble
Nb superbubble removed: 0 0 (0s)
Tip
Nb Tip removed: 0 (0s)
Nb errors removed: 17 (0s)
Superbubble
Nb superbubble removed: 0 0 (0s)
Tip
Nb Tip removed: 0 (0s)
Nb errors removed: 20 (0s)
Superbubble
Nb superbubble removed: 0 0 (0s)
Tip
Nb Tip removed: 0 (0s)
Nb errors removed: 14 (0s)
Superbubble
Nb superbubble removed: 0 0 (0s)
Tip
Nb Tip removed: 0 (0s)
Nb errors removed: 9 (0s)
Superbubble
Nb superbubble removed: 0 0 (0s)
Tip
Nb Tip removed: 0 (0s)
Nb errors removed: 12 (0s)
Superbubble
Nb superbubble removed: 0 0 (0s)
Tip
Nb Tip removed: 0 (0s)
Nb errors removed: 8 (0s)
Superbubble
Nb superbubble removed: 0 0 (0s)
Tip
Nb Tip removed: 0 (0s)
Nb errors removed: 4 (0s)
Superbubble
Nb superbubble removed: 0 0 (0s)
Tip
Nb Tip removed: 0 (0s)
Nb errors removed: 14 (0s)
Superbubble
Nb superbubble removed: 0 0 (0s)
Tip
Nb Tip removed: 0 (0s)
Nb errors removed: 3 (0s)
Superbubble
Nb superbubble removed: 0 0 (0s)
Tip
Nb Tip removed: 0 (0s)
Nb errors removed: 1 (0s)
Superbubble
Nb superbubble removed: 0 0 (0s)
Tip
Nb Tip removed: 0 (0s)
Nb errors removed: 5 (0s)
Superbubble
Nb superbubble removed: 0 0 (0s)
Tip
Nb Tip removed: 0 (0s)
Nb errors removed: 2 (0s)
Superbubble
Nb superbubble removed: 0 0 (0s)
Tip
Nb Tip removed: 0 (0s)
Checksum: 0
Checksum abundnace: 0
Generating contigs
45.2593
28.1025
23.2252
15.8631
13.11
11.9182
10.8347
9.84974
8.14028
7.40025
6.11591
5.05447
4.17725
3.13843
2.14359
0


metaMDBG toMinspace  /var/folders/zg/vq0dnx517c54hg87dyqjky740000gn/T/.tmpMtxbLg/tmp/ /var/folders/zg/vq0dnx517c54hg87dyqjky740000gn/T/.tmpMtxbLg/tmp//contigs.nodepath /var/folders/zg/vq0dnx517c54hg87dyqjky740000gn/T/.tmpMtxbLg/tmp//unitig_data.txt --threads 10

Input dir: /var/folders/zg/vq0dnx517c54hg87dyqjky740000gn/T/.tmpMtxbLg/tmp/
Minimizer length: 15
Kminmer length: 159
Density: 0.005

Loading unitig sequences

Creating mContigs

Contig filename: /var/folders/zg/vq0dnx517c54hg87dyqjky740000gn/T/.tmpMtxbLg/tmp//unitig_data.txt
pass done: 159
Multi-k pass: 160/204


metaMDBG graph /var/folders/zg/vq0dnx517c54hg87dyqjky740000gn/T/.tmpMtxbLg/tmp/ --threads 10 --corrected-read 

Contig filename: 
Output dir: /var/folders/zg/vq0dnx517c54hg87dyqjky740000gn/T/.tmpMtxbLg/tmp/
Minimizer length: 15
Kminmer length: 160
Density: 0.005
Min abundance: 0

Loading refined abundances
	Duration: 0
Collecting kminmers
Building mdbg
Duration: 0
Nb solid kminmers: 27518
Nb small contigs written: 0
Dump kminmer abundances
	Duration: 0
Indexing edges
Edge index size: 27626
Edge index elements: 52187
	Duration: 0
Compute unitig nodes
	Duration: 0
Index unitig edges
	Duration: 0
Compute unitig edges
	Duration: 0
Dump unitig abundances
	Duration: 0
Nb edges:   0


metaMDBG contig  /var/folders/zg/vq0dnx517c54hg87dyqjky740000gn/T/.tmpMtxbLg/tmp/ --threads 10

Input dir: /var/folders/zg/vq0dnx517c54hg87dyqjky740000gn/T/.tmpMtxbLg/tmp/
Minimizer length: 15
Kminmer length: 160
Density: 0.005

Loading unitig graph
Load unitigs
Nb unitigs: 304
Nb minimizers: 75854
Add unitig abundances
Sorting abundances
Add unitig edges
Nb unitig edges: 392
Sorting unitig edges
Done loading unitig graph
Simplifying
Max abundance: 42
Nb unitigs: 304
Superbubble
Nb superbubble removed: 0 0 (0s)
Tip
Nb Tip removed: 75 (0s)
Superbubble
Nb superbubble removed: 0 0 (0s)
Tip
Nb Tip removed: 0 (0s)
Nb errors removed: 53 (0s)
Superbubble
Nb superbubble removed: 0 0 (0s)
Tip
Nb Tip removed: 0 (0s)
Nb errors removed: 31 (0s)
Superbubble
Nb superbubble removed: 0 0 (0s)
Tip
Nb Tip removed: 0 (0s)
Nb errors removed: 19 (0s)
Superbubble
Nb superbubble removed: 0 0 (0s)
Tip
Nb Tip removed: 0 (0s)
Nb errors removed: 17 (0s)
Superbubble
Nb superbubble removed: 0 0 (0s)
Tip
Nb Tip removed: 0 (0s)
Nb errors removed: 20 (0s)
Superbubble
Nb superbubble removed: 0 0 (0s)
Tip
Nb Tip removed: 0 (0s)
Nb errors removed: 14 (0s)
Superbubble
Nb superbubble removed: 0 0 (0s)
Tip
Nb Tip removed: 0 (0s)
Nb errors removed: 9 (0s)
Superbubble
Nb superbubble removed: 0 0 (0s)
Tip
Nb Tip removed: 0 (0s)
Nb errors removed: 12 (0s)
Superbubble
Nb superbubble removed: 0 0 (0s)
Tip
Nb Tip removed: 0 (0s)
Nb errors removed: 8 (0s)
Superbubble
Nb superbubble removed: 0 0 (0s)
Tip
Nb Tip removed: 0 (0s)
Nb errors removed: 4 (0s)
Superbubble
Nb superbubble removed: 0 0 (0s)
Tip
Nb Tip removed: 0 (0s)
Nb errors removed: 14 (0s)
Superbubble
Nb superbubble removed: 0 0 (0s)
Tip
Nb Tip removed: 0 (0s)
Nb errors removed: 3 (0s)
Superbubble
Nb superbubble removed: 0 0 (0s)
Tip
Nb Tip removed: 0 (0s)
Nb errors removed: 1 (0s)
Superbubble
Nb superbubble removed: 0 0 (0s)
Tip
Nb Tip removed: 0 (0s)
Nb errors removed: 5 (0s)
Superbubble
Nb superbubble removed: 0 0 (0s)
Tip
Nb Tip removed: 0 (0s)
Nb errors removed: 1 (0s)
Superbubble
Nb superbubble removed: 0 0 (0s)
Tip
Nb Tip removed: 0 (0s)
Checksum: 0
Checksum abundnace: 0
Generating contigs
45.2593
28.1025
23.2252
15.8631
13.11
11.9182
10.8347
9.84974
8.14028
7.40025
6.11591
5.05447
4.17725
3.13843
2.14359
0


metaMDBG toMinspace  /var/folders/zg/vq0dnx517c54hg87dyqjky740000gn/T/.tmpMtxbLg/tmp/ /var/folders/zg/vq0dnx517c54hg87dyqjky740000gn/T/.tmpMtxbLg/tmp//contigs.nodepath /var/folders/zg/vq0dnx517c54hg87dyqjky740000gn/T/.tmpMtxbLg/tmp//unitig_data.txt --threads 10

Input dir: /var/folders/zg/vq0dnx517c54hg87dyqjky740000gn/T/.tmpMtxbLg/tmp/
Minimizer length: 15
Kminmer length: 160
Density: 0.005

Loading unitig sequences

Creating mContigs

Contig filename: /var/folders/zg/vq0dnx517c54hg87dyqjky740000gn/T/.tmpMtxbLg/tmp//unitig_data.txt
pass done: 160
Multi-k pass: 161/204


metaMDBG graph /var/folders/zg/vq0dnx517c54hg87dyqjky740000gn/T/.tmpMtxbLg/tmp/ --threads 10 --corrected-read 

Contig filename: 
Output dir: /var/folders/zg/vq0dnx517c54hg87dyqjky740000gn/T/.tmpMtxbLg/tmp/
Minimizer length: 15
Kminmer length: 161
Density: 0.005
Min abundance: 0

Loading refined abundances
	Duration: 0
Collecting kminmers
Building mdbg
Duration: 0
Nb solid kminmers: 27409
Nb small contigs written: 0
Dump kminmer abundances
	Duration: 0
Indexing edges
Edge index size: 27517
Edge index elements: 51903
	Duration: 0
Compute unitig nodes
	Duration: 0
Index unitig edges
	Duration: 0
Compute unitig edges
	Duration: 0
Dump unitig abundances
	Duration: 0
Nb edges:   0


metaMDBG contig  /var/folders/zg/vq0dnx517c54hg87dyqjky740000gn/T/.tmpMtxbLg/tmp/ --threads 10 --gen-graph 

Input dir: /var/folders/zg/vq0dnx517c54hg87dyqjky740000gn/T/.tmpMtxbLg/tmp/
Minimizer length: 15
Kminmer length: 161
Density: 0.005

Loading unitig graph
Load unitigs
Nb unitigs: 302
Nb minimizers: 75729
Add unitig abundances
Sorting abundances
Add unitig edges
Nb unitig edges: 388
Sorting unitig edges
Done loading unitig graph
Simplifying
Max abundance: 42
Nb unitigs: 302
Superbubble
Nb superbubble removed: 0 0 (0s)
Tip
Nb Tip removed: 74 (0s)
Superbubble
Nb superbubble removed: 0 0 (0s)
Tip
Nb Tip removed: 0 (0s)
Saving unitig graph: /var/folders/zg/vq0dnx517c54hg87dyqjky740000gn/T/.tmpMtxbLg/tmp//assembly_graph.gfa
Nb errors removed: 53 (0s)
Superbubble
Nb superbubble removed: 0 0 (0s)
Tip
Nb Tip removed: 0 (0s)
Nb errors removed: 31 (0s)
Superbubble
Nb superbubble removed: 0 0 (0s)
Tip
Nb Tip removed: 0 (0s)
Nb errors removed: 19 (0s)
Superbubble
Nb superbubble removed: 0 0 (0s)
Tip
Nb Tip removed: 0 (0s)
Nb errors removed: 16 (0s)
Superbubble
Nb superbubble removed: 0 0 (0s)
Tip
Nb Tip removed: 0 (0s)
Nb errors removed: 20 (0s)
Superbubble
Nb superbubble removed: 0 0 (0s)
Tip
Nb Tip removed: 0 (0s)
Nb errors removed: 14 (0s)
Superbubble
Nb superbubble removed: 0 0 (0s)
Tip
Nb Tip removed: 0 (0s)
Nb errors removed: 9 (0s)
Superbubble
Nb superbubble removed: 0 0 (0s)
Tip
Nb Tip removed: 0 (0s)
Nb errors removed: 12 (0s)
Superbubble
Nb superbubble removed: 0 0 (0s)
Tip
Nb Tip removed: 0 (0s)
Nb errors removed: 8 (0s)
Superbubble
Nb superbubble removed: 0 0 (0s)
Tip
Nb Tip removed: 0 (0s)
Nb errors removed: 4 (0s)
Superbubble
Nb superbubble removed: 0 0 (0s)
Tip
Nb Tip removed: 0 (0s)
Nb errors removed: 14 (0s)
Superbubble
Nb superbubble removed: 0 0 (0s)
Tip
Nb Tip removed: 0 (0s)
Nb errors removed: 3 (0s)
Superbubble
Nb superbubble removed: 0 0 (0s)
Tip
Nb Tip removed: 0 (0s)
Nb errors removed: 1 (0s)
Superbubble
Nb superbubble removed: 0 0 (0s)
Tip
Nb Tip removed: 0 (0s)
Nb errors removed: 5 (0s)
Superbubble
Nb superbubble removed: 0 0 (0s)
Tip
Nb Tip removed: 0 (0s)
Nb errors removed: 1 (0s)
Superbubble
Nb superbubble removed: 0 0 (0s)
Tip
Nb Tip removed: 0 (0s)
Checksum: 0
Checksum abundnace: 0
Generating contigs
45.2593
28.1025
23.2252
15.8631
13.11
11.9182
10.8347
9.84974
8.14028
7.40025
6.11591
5.05447
4.17725
3.13843
2.14359
0


metaMDBG toMinspace  /var/folders/zg/vq0dnx517c54hg87dyqjky740000gn/T/.tmpMtxbLg/tmp/ /var/folders/zg/vq0dnx517c54hg87dyqjky740000gn/T/.tmpMtxbLg/tmp//contigs.nodepath /var/folders/zg/vq0dnx517c54hg87dyqjky740000gn/T/.tmpMtxbLg/tmp//unitig_data.txt --threads 10

Input dir: /var/folders/zg/vq0dnx517c54hg87dyqjky740000gn/T/.tmpMtxbLg/tmp/
Minimizer length: 15
Kminmer length: 161
Density: 0.005

Loading unitig sequences

Creating mContigs

Contig filename: /var/folders/zg/vq0dnx517c54hg87dyqjky740000gn/T/.tmpMtxbLg/tmp//unitig_data.txt


metaMDBG toMinspace  /var/folders/zg/vq0dnx517c54hg87dyqjky740000gn/T/.tmpMtxbLg/tmp/ /var/folders/zg/vq0dnx517c54hg87dyqjky740000gn/T/.tmpMtxbLg/tmp//assembly_graph.gfa.unitigs.nodepath /var/folders/zg/vq0dnx517c54hg87dyqjky740000gn/T/.tmpMtxbLg/tmp//assembly_graph.gfa.unitigs --threads 10

Input dir: /var/folders/zg/vq0dnx517c54hg87dyqjky740000gn/T/.tmpMtxbLg/tmp/
Minimizer length: 15
Kminmer length: 161
Density: 0.005

Loading unitig sequences

Creating mContigs

Contig filename: /var/folders/zg/vq0dnx517c54hg87dyqjky740000gn/T/.tmpMtxbLg/tmp//assembly_graph.gfa.unitigs
pass done: 161
Multi-k pass: 162/204


metaMDBG graph /var/folders/zg/vq0dnx517c54hg87dyqjky740000gn/T/.tmpMtxbLg/tmp/ --threads 10 --corrected-read 

Contig filename: 
Output dir: /var/folders/zg/vq0dnx517c54hg87dyqjky740000gn/T/.tmpMtxbLg/tmp/
Minimizer length: 15
Kminmer length: 162
Density: 0.005
Min abundance: 0

Loading refined abundances
	Duration: 0
Collecting kminmers
Building mdbg
Duration: 0
Nb solid kminmers: 27299
Nb small contigs written: 0
Dump kminmer abundances
	Duration: 0
Indexing edges
Edge index size: 27408
Edge index elements: 51635
	Duration: 0
Compute unitig nodes
	Duration: 0
Index unitig edges
	Duration: 0
Compute unitig edges
	Duration: 0
Dump unitig abundances
	Duration: 0
Nb edges:   0


metaMDBG contig  /var/folders/zg/vq0dnx517c54hg87dyqjky740000gn/T/.tmpMtxbLg/tmp/ --threads 10

Input dir: /var/folders/zg/vq0dnx517c54hg87dyqjky740000gn/T/.tmpMtxbLg/tmp/
Minimizer length: 15
Kminmer length: 162
Density: 0.005

Loading unitig graph
Load unitigs
Nb unitigs: 299
Nb minimizers: 75438
Add unitig abundances
Sorting abundances
Add unitig edges
Nb unitig edges: 380
Sorting unitig edges
Done loading unitig graph
Simplifying
Max abundance: 42
Nb unitigs: 299
Superbubble
Nb superbubble removed: 0 0 (0s)
Tip
Nb Tip removed: 72 (0s)
Superbubble
Nb superbubble removed: 0 0 (0s)
Tip
Nb Tip removed: 0 (0s)
Nb errors removed: 52 (0s)
Superbubble
Nb superbubble removed: 0 0 (0s)
Tip
Nb Tip removed: 0 (0s)
Nb errors removed: 31 (0s)
Superbubble
Nb superbubble removed: 0 0 (0s)
Tip
Nb Tip removed: 0 (0s)
Nb errors removed: 19 (0s)
Superbubble
Nb superbubble removed: 0 0 (0s)
Tip
Nb Tip removed: 0 (0s)
Nb errors removed: 16 (0s)
Superbubble
Nb superbubble removed: 0 0 (0s)
Tip
Nb Tip removed: 0 (0s)
Nb errors removed: 19 (0s)
Superbubble
Nb superbubble removed: 0 0 (0s)
Tip
Nb Tip removed: 0 (0s)
Nb errors removed: 14 (0s)
Superbubble
Nb superbubble removed: 0 0 (0s)
Tip
Nb Tip removed: 0 (0s)
Nb errors removed: 9 (0s)
Superbubble
Nb superbubble removed: 0 0 (0s)
Tip
Nb Tip removed: 0 (0s)
Nb errors removed: 12 (0s)
Superbubble
Nb superbubble removed: 0 0 (0s)
Tip
Nb Tip removed: 0 (0s)
Nb errors removed: 8 (0s)
Superbubble
Nb superbubble removed: 0 0 (0s)
Tip
Nb Tip removed: 0 (0s)
Nb errors removed: 4 (0s)
Superbubble
Nb superbubble removed: 0 0 (0s)
Tip
Nb Tip removed: 0 (0s)
Nb errors removed: 14 (0s)
Superbubble
Nb superbubble removed: 0 0 (0s)
Tip
Nb Tip removed: 0 (0s)
Nb errors removed: 3 (0s)
Superbubble
Nb superbubble removed: 0 0 (0s)
Tip
Nb Tip removed: 0 (0s)
Nb errors removed: 1 (0s)
Superbubble
Nb superbubble removed: 0 0 (0s)
Tip
Nb Tip removed: 0 (0s)
Nb errors removed: 5 (0s)
Superbubble
Nb superbubble removed: 0 0 (0s)
Tip
Nb Tip removed: 0 (0s)
Nb errors removed: 1 (0s)
Superbubble
Nb superbubble removed: 0 0 (0s)
Tip
Nb Tip removed: 0 (0s)
Checksum: 0
Checksum abundnace: 0
Generating contigs
45.2593
28.1025
23.2252
15.8631
13.11
11.9182
10.8347
9.84974
8.14028
7.40025
6.11591
5.05447
4.17725
3.13843
2.14359
0


metaMDBG toMinspace  /var/folders/zg/vq0dnx517c54hg87dyqjky740000gn/T/.tmpMtxbLg/tmp/ /var/folders/zg/vq0dnx517c54hg87dyqjky740000gn/T/.tmpMtxbLg/tmp//contigs.nodepath /var/folders/zg/vq0dnx517c54hg87dyqjky740000gn/T/.tmpMtxbLg/tmp//unitig_data.txt --threads 10

Input dir: /var/folders/zg/vq0dnx517c54hg87dyqjky740000gn/T/.tmpMtxbLg/tmp/
Minimizer length: 15
Kminmer length: 162
Density: 0.005

Loading unitig sequences

Creating mContigs

Contig filename: /var/folders/zg/vq0dnx517c54hg87dyqjky740000gn/T/.tmpMtxbLg/tmp//unitig_data.txt
pass done: 162
Multi-k pass: 163/204


metaMDBG graph /var/folders/zg/vq0dnx517c54hg87dyqjky740000gn/T/.tmpMtxbLg/tmp/ --threads 10 --corrected-read 

Contig filename: 
Output dir: /var/folders/zg/vq0dnx517c54hg87dyqjky740000gn/T/.tmpMtxbLg/tmp/
Minimizer length: 15
Kminmer length: 163
Density: 0.005
Min abundance: 0

Loading refined abundances
	Duration: 0
Collecting kminmers
Building mdbg
Duration: 0
Nb solid kminmers: 27186
Nb small contigs written: 0
Dump kminmer abundances
	Duration: 0
Indexing edges
Edge index size: 27296
Edge index elements: 51363
	Duration: 0
Compute unitig nodes
	Duration: 0
Index unitig edges
	Duration: 0
Compute unitig edges
	Duration: 0
Dump unitig abundances
	Duration: 0
Nb edges:   0


metaMDBG contig  /var/folders/zg/vq0dnx517c54hg87dyqjky740000gn/T/.tmpMtxbLg/tmp/ --threads 10

Input dir: /var/folders/zg/vq0dnx517c54hg87dyqjky740000gn/T/.tmpMtxbLg/tmp/
Minimizer length: 15
Kminmer length: 163
Density: 0.005

Loading unitig graph
Load unitigs
Nb unitigs: 292
Nb minimizers: 74490
Add unitig abundances
Sorting abundances
Add unitig edges
Nb unitig edges: 364
Sorting unitig edges
Done loading unitig graph
Simplifying
Max abundance: 42
Nb unitigs: 292
Superbubble
Nb superbubble removed: 0 0 (0s)
Tip
Nb Tip removed: 70 (0s)
Superbubble
Nb superbubble removed: 0 0 (0s)
Tip
Nb Tip removed: 0 (0s)
Nb errors removed: 52 (0s)
Superbubble
Nb superbubble removed: 0 0 (0s)
Tip
Nb Tip removed: 0 (0s)
Nb errors removed: 31 (0s)
Superbubble
Nb superbubble removed: 0 0 (0s)
Tip
Nb Tip removed: 0 (0s)
Nb errors removed: 17 (0s)
Superbubble
Nb superbubble removed: 0 0 (0s)
Tip
Nb Tip removed: 0 (0s)
Nb errors removed: 15 (0s)
Superbubble
Nb superbubble removed: 0 0 (0s)
Tip
Nb Tip removed: 0 (0s)
Nb errors removed: 19 (0s)
Superbubble
Nb superbubble removed: 0 0 (0s)
Tip
Nb Tip removed: 0 (0s)
Nb errors removed: 14 (0s)
Superbubble
Nb superbubble removed: 0 0 (0s)
Tip
Nb Tip removed: 0 (0s)
Nb errors removed: 9 (0s)
Superbubble
Nb superbubble removed: 0 0 (0s)
Tip
Nb Tip removed: 0 (0s)
Nb errors removed: 12 (0s)
Superbubble
Nb superbubble removed: 0 0 (0s)
Tip
Nb Tip removed: 0 (0s)
Nb errors removed: 8 (0s)
Superbubble
Nb superbubble removed: 0 0 (0s)
Tip
Nb Tip removed: 0 (0s)
Nb errors removed: 4 (0s)
Superbubble
Nb superbubble removed: 0 0 (0s)
Tip
Nb Tip removed: 0 (0s)
Nb errors removed: 14 (0s)
Superbubble
Nb superbubble removed: 0 0 (0s)
Tip
Nb Tip removed: 0 (0s)
Nb errors removed: 3 (0s)
Superbubble
Nb superbubble removed: 0 0 (0s)
Tip
Nb Tip removed: 0 (0s)
Nb errors removed: 1 (0s)
Superbubble
Nb superbubble removed: 0 0 (0s)
Tip
Nb Tip removed: 0 (0s)
Nb errors removed: 4 (0s)
Superbubble
Nb superbubble removed: 0 0 (0s)
Tip
Nb Tip removed: 0 (0s)
Nb errors removed: 1 (0s)
Superbubble
Nb superbubble removed: 0 0 (0s)
Tip
Nb Tip removed: 0 (0s)
Checksum: 0
Checksum abundnace: 0
Generating contigs
45.2593
28.1025
23.2252
15.8631
13.11
11.9182
10.8347
9.84974
8.14028
7.40025
6.11591
5.05447
4.17725
3.13843
2.14359
0


metaMDBG toMinspace  /var/folders/zg/vq0dnx517c54hg87dyqjky740000gn/T/.tmpMtxbLg/tmp/ /var/folders/zg/vq0dnx517c54hg87dyqjky740000gn/T/.tmpMtxbLg/tmp//contigs.nodepath /var/folders/zg/vq0dnx517c54hg87dyqjky740000gn/T/.tmpMtxbLg/tmp//unitig_data.txt --threads 10

Input dir: /var/folders/zg/vq0dnx517c54hg87dyqjky740000gn/T/.tmpMtxbLg/tmp/
Minimizer length: 15
Kminmer length: 163
Density: 0.005

Loading unitig sequences

Creating mContigs

Contig filename: /var/folders/zg/vq0dnx517c54hg87dyqjky740000gn/T/.tmpMtxbLg/tmp//unitig_data.txt
pass done: 163
Multi-k pass: 164/204


metaMDBG graph /var/folders/zg/vq0dnx517c54hg87dyqjky740000gn/T/.tmpMtxbLg/tmp/ --threads 10 --corrected-read 

Contig filename: 
Output dir: /var/folders/zg/vq0dnx517c54hg87dyqjky740000gn/T/.tmpMtxbLg/tmp/
Minimizer length: 15
Kminmer length: 164
Density: 0.005
Min abundance: 0

Loading refined abundances
	Duration: 0
Collecting kminmers
Building mdbg
Duration: 0
Nb solid kminmers: 27072
Nb small contigs written: 0
Dump kminmer abundances
	Duration: 0
Indexing edges
Edge index size: 27185
Edge index elements: 51246
	Duration: 0
Compute unitig nodes
	Duration: 0
Index unitig edges
	Duration: 0
Compute unitig edges
	Duration: 0
Dump unitig abundances
	Duration: 0
Nb edges:   0


metaMDBG contig  /var/folders/zg/vq0dnx517c54hg87dyqjky740000gn/T/.tmpMtxbLg/tmp/ --threads 10

Input dir: /var/folders/zg/vq0dnx517c54hg87dyqjky740000gn/T/.tmpMtxbLg/tmp/
Minimizer length: 15
Kminmer length: 164
Density: 0.005

Loading unitig graph
Load unitigs
Nb unitigs: 288
Nb minimizers: 74016
Add unitig abundances
Sorting abundances
Add unitig edges
Nb unitig edges: 350
Sorting unitig edges
Done loading unitig graph
Simplifying
Max abundance: 42
Nb unitigs: 288
Superbubble
Nb superbubble removed: 0 0 (0s)
Tip
Nb Tip removed: 67 (0s)
Superbubble
Nb superbubble removed: 0 0 (0s)
Tip
Nb Tip removed: 0 (0s)
Nb errors removed: 53 (0s)
Superbubble
Nb superbubble removed: 0 0 (0s)
Tip
Nb Tip removed: 0 (0s)
Nb errors removed: 31 (0s)
Superbubble
Nb superbubble removed: 0 0 (0s)
Tip
Nb Tip removed: 0 (0s)
Nb errors removed: 17 (0s)
Superbubble
Nb superbubble removed: 0 0 (0s)
Tip
Nb Tip removed: 0 (0s)
Nb errors removed: 15 (0s)
Superbubble
Nb superbubble removed: 0 0 (0s)
Tip
Nb Tip removed: 0 (0s)
Nb errors removed: 19 (0s)
Superbubble
Nb superbubble removed: 0 0 (0s)
Tip
Nb Tip removed: 0 (0s)
Nb errors removed: 14 (0s)
Superbubble
Nb superbubble removed: 0 0 (0s)
Tip
Nb Tip removed: 0 (0s)
Nb errors removed: 9 (0s)
Superbubble
Nb superbubble removed: 0 0 (0s)
Tip
Nb Tip removed: 0 (0s)
Nb errors removed: 12 (0s)
Superbubble
Nb superbubble removed: 0 0 (0s)
Tip
Nb Tip removed: 0 (0s)
Nb errors removed: 8 (0s)
Superbubble
Nb superbubble removed: 0 0 (0s)
Tip
Nb Tip removed: 0 (0s)
Nb errors removed: 4 (0s)
Superbubble
Nb superbubble removed: 0 0 (0s)
Tip
Nb Tip removed: 0 (0s)
Nb errors removed: 13 (0s)
Superbubble
Nb superbubble removed: 0 0 (0s)
Tip
Nb Tip removed: 0 (0s)
Nb errors removed: 3 (0s)
Superbubble
Nb superbubble removed: 0 0 (0s)
Tip
Nb Tip removed: 0 (0s)
Nb errors removed: 1 (0s)
Superbubble
Nb superbubble removed: 0 0 (0s)
Tip
Nb Tip removed: 0 (0s)
Nb errors removed: 4 (0s)
Superbubble
Nb superbubble removed: 0 0 (0s)
Tip
Nb Tip removed: 0 (0s)
Nb errors removed: 1 (0s)
Superbubble
Nb superbubble removed: 0 0 (0s)
Tip
Nb Tip removed: 0 (0s)
Checksum: 0
Checksum abundnace: 0
Generating contigs
45.2593
28.1025
23.2252
15.8631
13.11
11.9182
10.8347
9.84974
8.14028
7.40025
6.11591
5.05447
4.17725
3.13843
2.14359
0


metaMDBG toMinspace  /var/folders/zg/vq0dnx517c54hg87dyqjky740000gn/T/.tmpMtxbLg/tmp/ /var/folders/zg/vq0dnx517c54hg87dyqjky740000gn/T/.tmpMtxbLg/tmp//contigs.nodepath /var/folders/zg/vq0dnx517c54hg87dyqjky740000gn/T/.tmpMtxbLg/tmp//unitig_data.txt --threads 10

Input dir: /var/folders/zg/vq0dnx517c54hg87dyqjky740000gn/T/.tmpMtxbLg/tmp/
Minimizer length: 15
Kminmer length: 164
Density: 0.005

Loading unitig sequences

Creating mContigs

Contig filename: /var/folders/zg/vq0dnx517c54hg87dyqjky740000gn/T/.tmpMtxbLg/tmp//unitig_data.txt
pass done: 164
Multi-k pass: 165/204


metaMDBG graph /var/folders/zg/vq0dnx517c54hg87dyqjky740000gn/T/.tmpMtxbLg/tmp/ --threads 10 --corrected-read 

Contig filename: 
Output dir: /var/folders/zg/vq0dnx517c54hg87dyqjky740000gn/T/.tmpMtxbLg/tmp/
Minimizer length: 15
Kminmer length: 165
Density: 0.005
Min abundance: 0

Loading refined abundances
	Duration: 0
Collecting kminmers
Building mdbg
Duration: 0
Nb solid kminmers: 26957
Nb small contigs written: 0
Dump kminmer abundances
	Duration: 0
Indexing edges
Edge index size: 27072
Edge index elements: 50871
	Duration: 0
Compute unitig nodes
	Duration: 0
Index unitig edges
	Duration: 0
Compute unitig edges
	Duration: 0
Dump unitig abundances
	Duration: 0
Nb edges:   0


metaMDBG contig  /var/folders/zg/vq0dnx517c54hg87dyqjky740000gn/T/.tmpMtxbLg/tmp/ --threads 10

Input dir: /var/folders/zg/vq0dnx517c54hg87dyqjky740000gn/T/.tmpMtxbLg/tmp/
Minimizer length: 15
Kminmer length: 165
Density: 0.005

Loading unitig graph
Load unitigs
Nb unitigs: 286
Nb minimizers: 73861
Add unitig abundances
Sorting abundances
Add unitig edges
Nb unitig edges: 342
Sorting unitig edges
Done loading unitig graph
Simplifying
Max abundance: 42
Nb unitigs: 286
Superbubble
Nb superbubble removed: 0 0 (0s)
Tip
Nb Tip removed: 65 (0s)
Superbubble
Nb superbubble removed: 0 0 (0s)
Tip
Nb Tip removed: 0 (0s)
Nb errors removed: 52 (0s)
Superbubble
Nb superbubble removed: 0 0 (0s)
Tip
Nb Tip removed: 0 (0s)
Nb errors removed: 31 (0s)
Superbubble
Nb superbubble removed: 0 0 (0s)
Tip
Nb Tip removed: 0 (0s)
Nb errors removed: 17 (0s)
Superbubble
Nb superbubble removed: 0 0 (0s)
Tip
Nb Tip removed: 0 (0s)
Nb errors removed: 15 (0s)
Superbubble
Nb superbubble removed: 0 0 (0s)
Tip
Nb Tip removed: 0 (0s)
Nb errors removed: 19 (0s)
Superbubble
Nb superbubble removed: 0 0 (0s)
Tip
Nb Tip removed: 0 (0s)
Nb errors removed: 14 (0s)
Superbubble
Nb superbubble removed: 0 0 (0s)
Tip
Nb Tip removed: 0 (0s)
Nb errors removed: 9 (0s)
Superbubble
Nb superbubble removed: 0 0 (0s)
Tip
Nb Tip removed: 0 (0s)
Nb errors removed: 12 (0s)
Superbubble
Nb superbubble removed: 0 0 (0s)
Tip
Nb Tip removed: 0 (0s)
Nb errors removed: 8 (0s)
Superbubble
Nb superbubble removed: 0 0 (0s)
Tip
Nb Tip removed: 0 (0s)
Nb errors removed: 4 (0s)
Superbubble
Nb superbubble removed: 0 0 (0s)
Tip
Nb Tip removed: 0 (0s)
Nb errors removed: 13 (0s)
Superbubble
Nb superbubble removed: 0 0 (0s)
Tip
Nb Tip removed: 0 (0s)
Nb errors removed: 3 (0s)
Superbubble
Nb superbubble removed: 0 0 (0s)
Tip
Nb Tip removed: 0 (0s)
Nb errors removed: 1 (0s)
Superbubble
Nb superbubble removed: 0 0 (0s)
Tip
Nb Tip removed: 0 (0s)
Nb errors removed: 4 (0s)
Superbubble
Nb superbubble removed: 0 0 (0s)
Tip
Nb Tip removed: 0 (0s)
Nb errors removed: 1 (0s)
Superbubble
Nb superbubble removed: 0 0 (0s)
Tip
Nb Tip removed: 0 (0s)
Checksum: 0
Checksum abundnace: 0
Generating contigs
45.2593
28.1025
23.2252
15.8631
13.11
11.9182
10.8347
9.84974
8.14028
7.40025
6.11591
5.05447
4.17725
3.13843
2.14359
0


metaMDBG toMinspace  /var/folders/zg/vq0dnx517c54hg87dyqjky740000gn/T/.tmpMtxbLg/tmp/ /var/folders/zg/vq0dnx517c54hg87dyqjky740000gn/T/.tmpMtxbLg/tmp//contigs.nodepath /var/folders/zg/vq0dnx517c54hg87dyqjky740000gn/T/.tmpMtxbLg/tmp//unitig_data.txt --threads 10

Input dir: /var/folders/zg/vq0dnx517c54hg87dyqjky740000gn/T/.tmpMtxbLg/tmp/
Minimizer length: 15
Kminmer length: 165
Density: 0.005

Loading unitig sequences

Creating mContigs

Contig filename: /var/folders/zg/vq0dnx517c54hg87dyqjky740000gn/T/.tmpMtxbLg/tmp//unitig_data.txt
pass done: 165
Multi-k pass: 166/204


metaMDBG graph /var/folders/zg/vq0dnx517c54hg87dyqjky740000gn/T/.tmpMtxbLg/tmp/ --threads 10 --corrected-read 

Contig filename: 
Output dir: /var/folders/zg/vq0dnx517c54hg87dyqjky740000gn/T/.tmpMtxbLg/tmp/
Minimizer length: 15
Kminmer length: 166
Density: 0.005
Min abundance: 0

Loading refined abundances
	Duration: 0
Collecting kminmers
Building mdbg
Duration: 0
Nb solid kminmers: 26841
Nb small contigs written: 0
Dump kminmer abundances
	Duration: 0
Indexing edges
Edge index size: 26956
Edge index elements: 50737
	Duration: 0
Compute unitig nodes
	Duration: 0
Index unitig edges
	Duration: 0
Compute unitig edges
	Duration: 0
Dump unitig abundances
	Duration: 0
Nb edges:   0


metaMDBG contig  /var/folders/zg/vq0dnx517c54hg87dyqjky740000gn/T/.tmpMtxbLg/tmp/ --threads 10

Input dir: /var/folders/zg/vq0dnx517c54hg87dyqjky740000gn/T/.tmpMtxbLg/tmp/
Minimizer length: 15
Kminmer length: 166
Density: 0.005

Loading unitig graph
Load unitigs
Nb unitigs: 285
Nb minimizers: 73866
Add unitig abundances
Sorting abundances
Add unitig edges
Nb unitig edges: 340
Sorting unitig edges
Done loading unitig graph
Simplifying
Max abundance: 42
Nb unitigs: 285
Superbubble
Nb superbubble removed: 0 0 (0s)
Tip
Nb Tip removed: 63 (0s)
Superbubble
Nb superbubble removed: 0 0 (0s)
Tip
Nb Tip removed: 0 (0s)
Nb errors removed: 51 (0s)
Superbubble
Nb superbubble removed: 0 0 (0s)
Tip
Nb Tip removed: 0 (0s)
Nb errors removed: 31 (0s)
Superbubble
Nb superbubble removed: 0 0 (0s)
Tip
Nb Tip removed: 0 (0s)
Nb errors removed: 17 (0s)
Superbubble
Nb superbubble removed: 0 0 (0s)
Tip
Nb Tip removed: 0 (0s)
Nb errors removed: 15 (0s)
Superbubble
Nb superbubble removed: 0 0 (0s)
Tip
Nb Tip removed: 0 (0s)
Nb errors removed: 19 (0s)
Superbubble
Nb superbubble removed: 0 0 (0s)
Tip
Nb Tip removed: 0 (0s)
Nb errors removed: 14 (0s)
Superbubble
Nb superbubble removed: 0 0 (0s)
Tip
Nb Tip removed: 0 (0s)
Nb errors removed: 9 (0s)
Superbubble
Nb superbubble removed: 0 0 (0s)
Tip
Nb Tip removed: 0 (0s)
Nb errors removed: 12 (0s)
Superbubble
Nb superbubble removed: 0 0 (0s)
Tip
Nb Tip removed: 0 (0s)
Nb errors removed: 8 (0s)
Superbubble
Nb superbubble removed: 0 0 (0s)
Tip
Nb Tip removed: 0 (0s)
Nb errors removed: 4 (0s)
Superbubble
Nb superbubble removed: 0 0 (0s)
Tip
Nb Tip removed: 0 (0s)
Nb errors removed: 13 (0s)
Superbubble
Nb superbubble removed: 0 0 (0s)
Tip
Nb Tip removed: 0 (0s)
Nb errors removed: 3 (0s)
Superbubble
Nb superbubble removed: 0 0 (0s)
Tip
Nb Tip removed: 0 (0s)
Nb errors removed: 1 (0s)
Superbubble
Nb superbubble removed: 0 0 (0s)
Tip
Nb Tip removed: 0 (0s)
Nb errors removed: 4 (0s)
Superbubble
Nb superbubble removed: 0 0 (0s)
Tip
Nb Tip removed: 0 (0s)
Nb errors removed: 1 (0s)
Superbubble
Nb superbubble removed: 0 0 (0s)
Tip
Nb Tip removed: 0 (0s)
Checksum: 0
Checksum abundnace: 0
Generating contigs
45.2593
28.1025
23.2252
15.8631
13.11
11.9182
10.8347
9.84974
8.14028
7.40025
6.11591
5.05447
4.17725
3.13843
2.14359
0


metaMDBG toMinspace  /var/folders/zg/vq0dnx517c54hg87dyqjky740000gn/T/.tmpMtxbLg/tmp/ /var/folders/zg/vq0dnx517c54hg87dyqjky740000gn/T/.tmpMtxbLg/tmp//contigs.nodepath /var/folders/zg/vq0dnx517c54hg87dyqjky740000gn/T/.tmpMtxbLg/tmp//unitig_data.txt --threads 10

Input dir: /var/folders/zg/vq0dnx517c54hg87dyqjky740000gn/T/.tmpMtxbLg/tmp/
Minimizer length: 15
Kminmer length: 166
Density: 0.005

Loading unitig sequences

Creating mContigs

Contig filename: /var/folders/zg/vq0dnx517c54hg87dyqjky740000gn/T/.tmpMtxbLg/tmp//unitig_data.txt
pass done: 166
Multi-k pass: 167/204


metaMDBG graph /var/folders/zg/vq0dnx517c54hg87dyqjky740000gn/T/.tmpMtxbLg/tmp/ --threads 10 --corrected-read 

Contig filename: 
Output dir: /var/folders/zg/vq0dnx517c54hg87dyqjky740000gn/T/.tmpMtxbLg/tmp/
Minimizer length: 15
Kminmer length: 167
Density: 0.005
Min abundance: 0

Loading refined abundances
	Duration: 0
Collecting kminmers
Building mdbg
Duration: 0
Nb solid kminmers: 26725
Nb small contigs written: 0
Dump kminmer abundances
	Duration: 0
Indexing edges
Edge index size: 26839
Edge index elements: 50409
	Duration: 0
Compute unitig nodes
	Duration: 0
Index unitig edges
	Duration: 0
Compute unitig edges
	Duration: 0
Dump unitig abundances
	Duration: 0
Nb edges:   0


metaMDBG contig  /var/folders/zg/vq0dnx517c54hg87dyqjky740000gn/T/.tmpMtxbLg/tmp/ --threads 10

Input dir: /var/folders/zg/vq0dnx517c54hg87dyqjky740000gn/T/.tmpMtxbLg/tmp/
Minimizer length: 15
Kminmer length: 167
Density: 0.005

Loading unitig graph
Load unitigs
Nb unitigs: 282
Nb minimizers: 73537
Add unitig abundances
Sorting abundances
Add unitig edges
Nb unitig edges: 336
Sorting unitig edges
Done loading unitig graph
Simplifying
Max abundance: 42
Nb unitigs: 282
Superbubble
Nb superbubble removed: 0 0 (0s)
Tip
Nb Tip removed: 62 (0s)
Superbubble
Nb superbubble removed: 0 0 (0s)
Tip
Nb Tip removed: 0 (0s)
Nb errors removed: 50 (0s)
Superbubble
Nb superbubble removed: 0 0 (0s)
Tip
Nb Tip removed: 0 (0s)
Nb errors removed: 31 (0s)
Superbubble
Nb superbubble removed: 0 0 (0s)
Tip
Nb Tip removed: 0 (0s)
Nb errors removed: 17 (0s)
Superbubble
Nb superbubble removed: 0 0 (0s)
Tip
Nb Tip removed: 0 (0s)
Nb errors removed: 14 (0s)
Superbubble
Nb superbubble removed: 0 0 (0s)
Tip
Nb Tip removed: 0 (0s)
Nb errors removed: 19 (0s)
Superbubble
Nb superbubble removed: 0 0 (0s)
Tip
Nb Tip removed: 0 (0s)
Nb errors removed: 14 (0s)
Superbubble
Nb superbubble removed: 0 0 (0s)
Tip
Nb Tip removed: 0 (0s)
Nb errors removed: 9 (0s)
Superbubble
Nb superbubble removed: 0 0 (0s)
Tip
Nb Tip removed: 0 (0s)
Nb errors removed: 12 (0s)
Superbubble
Nb superbubble removed: 0 0 (0s)
Tip
Nb Tip removed: 0 (0s)
Nb errors removed: 8 (0s)
Superbubble
Nb superbubble removed: 0 0 (0s)
Tip
Nb Tip removed: 0 (0s)
Nb errors removed: 4 (0s)
Superbubble
Nb superbubble removed: 0 0 (0s)
Tip
Nb Tip removed: 0 (0s)
Nb errors removed: 13 (0s)
Superbubble
Nb superbubble removed: 0 0 (0s)
Tip
Nb Tip removed: 0 (0s)
Nb errors removed: 3 (0s)
Superbubble
Nb superbubble removed: 0 0 (0s)
Tip
Nb Tip removed: 0 (0s)
Nb errors removed: 1 (0s)
Superbubble
Nb superbubble removed: 0 0 (0s)
Tip
Nb Tip removed: 0 (0s)
Nb errors removed: 4 (0s)
Superbubble
Nb superbubble removed: 0 0 (0s)
Tip
Nb Tip removed: 0 (0s)
Nb errors removed: 1 (0s)
Superbubble
Nb superbubble removed: 0 0 (0s)
Tip
Nb Tip removed: 0 (0s)
Checksum: 0
Checksum abundnace: 0
Generating contigs
45.2593
28.1025
23.2252
15.8631
13.11
11.9182
10.8347
9.84974
8.14028
7.40025
6.11591
5.05447
4.17725
3.13843
2.14359
0


metaMDBG toMinspace  /var/folders/zg/vq0dnx517c54hg87dyqjky740000gn/T/.tmpMtxbLg/tmp/ /var/folders/zg/vq0dnx517c54hg87dyqjky740000gn/T/.tmpMtxbLg/tmp//contigs.nodepath /var/folders/zg/vq0dnx517c54hg87dyqjky740000gn/T/.tmpMtxbLg/tmp//unitig_data.txt --threads 10

Input dir: /var/folders/zg/vq0dnx517c54hg87dyqjky740000gn/T/.tmpMtxbLg/tmp/
Minimizer length: 15
Kminmer length: 167
Density: 0.005

Loading unitig sequences

Creating mContigs

Contig filename: /var/folders/zg/vq0dnx517c54hg87dyqjky740000gn/T/.tmpMtxbLg/tmp//unitig_data.txt
pass done: 167
Multi-k pass: 168/204


metaMDBG graph /var/folders/zg/vq0dnx517c54hg87dyqjky740000gn/T/.tmpMtxbLg/tmp/ --threads 10 --corrected-read 

Contig filename: 
Output dir: /var/folders/zg/vq0dnx517c54hg87dyqjky740000gn/T/.tmpMtxbLg/tmp/
Minimizer length: 15
Kminmer length: 168
Density: 0.005
Min abundance: 0

Loading refined abundances
	Duration: 0
Collecting kminmers
Building mdbg
Duration: 0
Nb solid kminmers: 26610
Nb small contigs written: 0
Dump kminmer abundances
	Duration: 0
Indexing edges
Edge index size: 26724
Edge index elements: 50206
	Duration: 0
Compute unitig nodes
	Duration: 0
Index unitig edges
	Duration: 0
Compute unitig edges
	Duration: 0
Dump unitig abundances
	Duration: 0
Nb edges:   0


metaMDBG contig  /var/folders/zg/vq0dnx517c54hg87dyqjky740000gn/T/.tmpMtxbLg/tmp/ --threads 10

Input dir: /var/folders/zg/vq0dnx517c54hg87dyqjky740000gn/T/.tmpMtxbLg/tmp/
Minimizer length: 15
Kminmer length: 168
Density: 0.005

Loading unitig graph
Load unitigs
Nb unitigs: 280
Nb minimizers: 73370
Add unitig abundances
Sorting abundances
Add unitig edges
Nb unitig edges: 332
Sorting unitig edges
Done loading unitig graph
Simplifying
Max abundance: 42
Nb unitigs: 280
Superbubble
Nb superbubble removed: 0 0 (0s)
Tip
Nb Tip removed: 60 (0s)
Superbubble
Nb superbubble removed: 0 0 (0s)
Tip
Nb Tip removed: 0 (0s)
Nb errors removed: 49 (0s)
Superbubble
Nb superbubble removed: 0 0 (0s)
Tip
Nb Tip removed: 0 (0s)
Nb errors removed: 31 (0s)
Superbubble
Nb superbubble removed: 0 0 (0s)
Tip
Nb Tip removed: 0 (0s)
Nb errors removed: 17 (0s)
Superbubble
Nb superbubble removed: 0 0 (0s)
Tip
Nb Tip removed: 0 (0s)
Nb errors removed: 14 (0s)
Superbubble
Nb superbubble removed: 0 0 (0s)
Tip
Nb Tip removed: 0 (0s)
Nb errors removed: 19 (0s)
Superbubble
Nb superbubble removed: 0 0 (0s)
Tip
Nb Tip removed: 0 (0s)
Nb errors removed: 14 (0s)
Superbubble
Nb superbubble removed: 0 0 (0s)
Tip
Nb Tip removed: 0 (0s)
Nb errors removed: 9 (0s)
Superbubble
Nb superbubble removed: 0 0 (0s)
Tip
Nb Tip removed: 0 (0s)
Nb errors removed: 12 (0s)
Superbubble
Nb superbubble removed: 0 0 (0s)
Tip
Nb Tip removed: 0 (0s)
Nb errors removed: 8 (0s)
Superbubble
Nb superbubble removed: 0 0 (0s)
Tip
Nb Tip removed: 0 (0s)
Nb errors removed: 4 (0s)
Superbubble
Nb superbubble removed: 0 0 (0s)
Tip
Nb Tip removed: 0 (0s)
Nb errors removed: 13 (0s)
Superbubble
Nb superbubble removed: 0 0 (0s)
Tip
Nb Tip removed: 0 (0s)
Nb errors removed: 3 (0s)
Superbubble
Nb superbubble removed: 0 0 (0s)
Tip
Nb Tip removed: 0 (0s)
Nb errors removed: 1 (0s)
Superbubble
Nb superbubble removed: 0 0 (0s)
Tip
Nb Tip removed: 0 (0s)
Nb errors removed: 5 (0s)
Superbubble
Nb superbubble removed: 0 0 (0s)
Tip
Nb Tip removed: 0 (0s)
Nb errors removed: 1 (0s)
Superbubble
Nb superbubble removed: 0 0 (0s)
Tip
Nb Tip removed: 0 (0s)
Checksum: 0
Checksum abundnace: 0
Generating contigs
45.2593
28.1025
23.2252
15.8631
13.11
11.9182
10.8347
9.84974
8.14028
7.40025
6.11591
5.05447
4.17725
3.13843
2.14359
0


metaMDBG toMinspace  /var/folders/zg/vq0dnx517c54hg87dyqjky740000gn/T/.tmpMtxbLg/tmp/ /var/folders/zg/vq0dnx517c54hg87dyqjky740000gn/T/.tmpMtxbLg/tmp//contigs.nodepath /var/folders/zg/vq0dnx517c54hg87dyqjky740000gn/T/.tmpMtxbLg/tmp//unitig_data.txt --threads 10

Input dir: /var/folders/zg/vq0dnx517c54hg87dyqjky740000gn/T/.tmpMtxbLg/tmp/
Minimizer length: 15
Kminmer length: 168
Density: 0.005

Loading unitig sequences

Creating mContigs

Contig filename: /var/folders/zg/vq0dnx517c54hg87dyqjky740000gn/T/.tmpMtxbLg/tmp//unitig_data.txt
pass done: 168
Multi-k pass: 169/204


metaMDBG graph /var/folders/zg/vq0dnx517c54hg87dyqjky740000gn/T/.tmpMtxbLg/tmp/ --threads 10 --corrected-read 

Contig filename: 
Output dir: /var/folders/zg/vq0dnx517c54hg87dyqjky740000gn/T/.tmpMtxbLg/tmp/
Minimizer length: 15
Kminmer length: 169
Density: 0.005
Min abundance: 0

Loading refined abundances
	Duration: 0
Collecting kminmers
Building mdbg
Duration: 0
Nb solid kminmers: 26494
Nb small contigs written: 0
Dump kminmer abundances
	Duration: 0
Indexing edges
Edge index size: 26609
Edge index elements: 49802
	Duration: 0
Compute unitig nodes
	Duration: 0
Index unitig edges
	Duration: 0
Compute unitig edges
	Duration: 0
Dump unitig abundances
	Duration: 0
Nb edges:   0


metaMDBG contig  /var/folders/zg/vq0dnx517c54hg87dyqjky740000gn/T/.tmpMtxbLg/tmp/ --threads 10

Input dir: /var/folders/zg/vq0dnx517c54hg87dyqjky740000gn/T/.tmpMtxbLg/tmp/
Minimizer length: 15
Kminmer length: 169
Density: 0.005

Loading unitig graph
Load unitigs
Nb unitigs: 276
Nb minimizers: 72862
Add unitig abundances
Sorting abundances
Add unitig edges
Nb unitig edges: 324
Sorting unitig edges
Done loading unitig graph
Simplifying
Max abundance: 42
Nb unitigs: 276
Superbubble
Nb superbubble removed: 0 0 (0s)
Tip
Nb Tip removed: 59 (0s)
Superbubble
Nb superbubble removed: 0 0 (0s)
Tip
Nb Tip removed: 0 (0s)
Nb errors removed: 48 (0s)
Superbubble
Nb superbubble removed: 0 0 (0s)
Tip
Nb Tip removed: 0 (0s)
Nb errors removed: 31 (0s)
Superbubble
Nb superbubble removed: 0 0 (0s)
Tip
Nb Tip removed: 0 (0s)
Nb errors removed: 17 (0s)
Superbubble
Nb superbubble removed: 0 0 (0s)
Tip
Nb Tip removed: 0 (0s)
Nb errors removed: 14 (0s)
Superbubble
Nb superbubble removed: 0 0 (0s)
Tip
Nb Tip removed: 0 (0s)
Nb errors removed: 19 (0s)
Superbubble
Nb superbubble removed: 0 0 (0s)
Tip
Nb Tip removed: 0 (0s)
Nb errors removed: 14 (0s)
Superbubble
Nb superbubble removed: 0 0 (0s)
Tip
Nb Tip removed: 0 (0s)
Nb errors removed: 9 (0s)
Superbubble
Nb superbubble removed: 0 0 (0s)
Tip
Nb Tip removed: 0 (0s)
Nb errors removed: 12 (0s)
Superbubble
Nb superbubble removed: 0 0 (0s)
Tip
Nb Tip removed: 0 (0s)
Nb errors removed: 8 (0s)
Superbubble
Nb superbubble removed: 0 0 (0s)
Tip
Nb Tip removed: 0 (0s)
Nb errors removed: 4 (0s)
Superbubble
Nb superbubble removed: 0 0 (0s)
Tip
Nb Tip removed: 0 (0s)
Nb errors removed: 13 (0s)
Superbubble
Nb superbubble removed: 0 0 (0s)
Tip
Nb Tip removed: 0 (0s)
Nb errors removed: 3 (0s)
Superbubble
Nb superbubble removed: 0 0 (0s)
Tip
Nb Tip removed: 0 (0s)
Nb errors removed: 1 (0s)
Superbubble
Nb superbubble removed: 0 0 (0s)
Tip
Nb Tip removed: 0 (0s)
Nb errors removed: 5 (0s)
Superbubble
Nb superbubble removed: 0 0 (0s)
Tip
Nb Tip removed: 0 (0s)
Nb errors removed: 1 (0s)
Superbubble
Nb superbubble removed: 0 0 (0s)
Tip
Nb Tip removed: 0 (0s)
Checksum: 0
Checksum abundnace: 0
Generating contigs
45.2593
28.1025
23.2252
15.8631
13.11
11.9182
10.8347
9.84974
8.14028
7.40025
6.11591
5.05447
4.17725
3.13843
2.14359
0


metaMDBG toMinspace  /var/folders/zg/vq0dnx517c54hg87dyqjky740000gn/T/.tmpMtxbLg/tmp/ /var/folders/zg/vq0dnx517c54hg87dyqjky740000gn/T/.tmpMtxbLg/tmp//contigs.nodepath /var/folders/zg/vq0dnx517c54hg87dyqjky740000gn/T/.tmpMtxbLg/tmp//unitig_data.txt --threads 10

Input dir: /var/folders/zg/vq0dnx517c54hg87dyqjky740000gn/T/.tmpMtxbLg/tmp/
Minimizer length: 15
Kminmer length: 169
Density: 0.005

Loading unitig sequences

Creating mContigs

Contig filename: /var/folders/zg/vq0dnx517c54hg87dyqjky740000gn/T/.tmpMtxbLg/tmp//unitig_data.txt
pass done: 169
Multi-k pass: 170/204


metaMDBG graph /var/folders/zg/vq0dnx517c54hg87dyqjky740000gn/T/.tmpMtxbLg/tmp/ --threads 10 --corrected-read 

Contig filename: 
Output dir: /var/folders/zg/vq0dnx517c54hg87dyqjky740000gn/T/.tmpMtxbLg/tmp/
Minimizer length: 15
Kminmer length: 170
Density: 0.005
Min abundance: 0

Loading refined abundances
	Duration: 0
Collecting kminmers
Building mdbg
Duration: 0
Nb solid kminmers: 26378
Nb small contigs written: 0
Dump kminmer abundances
	Duration: 0
Indexing edges
Edge index size: 26493
Edge index elements: 49643
	Duration: 0
Compute unitig nodes
	Duration: 0
Index unitig edges
	Duration: 0
Compute unitig edges
	Duration: 0
Dump unitig abundances
	Duration: 0
Nb edges:   0


metaMDBG contig  /var/folders/zg/vq0dnx517c54hg87dyqjky740000gn/T/.tmpMtxbLg/tmp/ --threads 10

Input dir: /var/folders/zg/vq0dnx517c54hg87dyqjky740000gn/T/.tmpMtxbLg/tmp/
Minimizer length: 15
Kminmer length: 170
Density: 0.005

Loading unitig graph
Load unitigs
Nb unitigs: 275
Nb minimizers: 72853
Add unitig abundances
Sorting abundances
Add unitig edges
Nb unitig edges: 320
Sorting unitig edges
Done loading unitig graph
Simplifying
Max abundance: 42
Nb unitigs: 275
Superbubble
Nb superbubble removed: 0 0 (0s)
Tip
Nb Tip removed: 58 (0s)
Superbubble
Nb superbubble removed: 0 0 (0s)
Tip
Nb Tip removed: 0 (0s)
Nb errors removed: 48 (0s)
Superbubble
Nb superbubble removed: 0 0 (0s)
Tip
Nb Tip removed: 0 (0s)
Nb errors removed: 31 (0s)
Superbubble
Nb superbubble removed: 0 0 (0s)
Tip
Nb Tip removed: 0 (0s)
Nb errors removed: 17 (0s)
Superbubble
Nb superbubble removed: 0 0 (0s)
Tip
Nb Tip removed: 0 (0s)
Nb errors removed: 14 (0s)
Superbubble
Nb superbubble removed: 0 0 (0s)
Tip
Nb Tip removed: 0 (0s)
Nb errors removed: 19 (0s)
Superbubble
Nb superbubble removed: 0 0 (0s)
Tip
Nb Tip removed: 0 (0s)
Nb errors removed: 14 (0s)
Superbubble
Nb superbubble removed: 0 0 (0s)
Tip
Nb Tip removed: 0 (0s)
Nb errors removed: 9 (0s)
Superbubble
Nb superbubble removed: 0 0 (0s)
Tip
Nb Tip removed: 0 (0s)
Nb errors removed: 12 (0s)
Superbubble
Nb superbubble removed: 0 0 (0s)
Tip
Nb Tip removed: 0 (0s)
Nb errors removed: 7 (0s)
Superbubble
Nb superbubble removed: 0 0 (0s)
Tip
Nb Tip removed: 0 (0s)
Nb errors removed: 4 (0s)
Superbubble
Nb superbubble removed: 0 0 (0s)
Tip
Nb Tip removed: 0 (0s)
Nb errors removed: 13 (0s)
Superbubble
Nb superbubble removed: 0 0 (0s)
Tip
Nb Tip removed: 0 (0s)
Nb errors removed: 3 (0s)
Superbubble
Nb superbubble removed: 0 0 (0s)
Tip
Nb Tip removed: 0 (0s)
Nb errors removed: 1 (0s)
Superbubble
Nb superbubble removed: 0 0 (0s)
Tip
Nb Tip removed: 0 (0s)
Nb errors removed: 5 (0s)
Superbubble
Nb superbubble removed: 0 0 (0s)
Tip
Nb Tip removed: 0 (0s)
Nb errors removed: 1 (0s)
Superbubble
Nb superbubble removed: 0 0 (0s)
Tip
Nb Tip removed: 0 (0s)
Checksum: 0
Checksum abundnace: 0
Generating contigs
45.2593
28.1025
23.2252
15.8631
13.11
11.9182
10.8347
9.84974
8.14028
7.40025
6.11591
5.05447
4.17725
3.13843
2.14359
0


metaMDBG toMinspace  /var/folders/zg/vq0dnx517c54hg87dyqjky740000gn/T/.tmpMtxbLg/tmp/ /var/folders/zg/vq0dnx517c54hg87dyqjky740000gn/T/.tmpMtxbLg/tmp//contigs.nodepath /var/folders/zg/vq0dnx517c54hg87dyqjky740000gn/T/.tmpMtxbLg/tmp//unitig_data.txt --threads 10

Input dir: /var/folders/zg/vq0dnx517c54hg87dyqjky740000gn/T/.tmpMtxbLg/tmp/
Minimizer length: 15
Kminmer length: 170
Density: 0.005

Loading unitig sequences

Creating mContigs

Contig filename: /var/folders/zg/vq0dnx517c54hg87dyqjky740000gn/T/.tmpMtxbLg/tmp//unitig_data.txt
pass done: 170
Multi-k pass: 171/204


metaMDBG graph /var/folders/zg/vq0dnx517c54hg87dyqjky740000gn/T/.tmpMtxbLg/tmp/ --threads 10 --corrected-read 

Contig filename: 
Output dir: /var/folders/zg/vq0dnx517c54hg87dyqjky740000gn/T/.tmpMtxbLg/tmp/
Minimizer length: 15
Kminmer length: 171
Density: 0.005
Min abundance: 0

Loading refined abundances
	Duration: 0
Collecting kminmers
Building mdbg
Duration: 0
Nb solid kminmers: 26261
Nb small contigs written: 0
Dump kminmer abundances
	Duration: 0
Indexing edges
Edge index size: 26373
Edge index elements: 49335
	Duration: 0
Compute unitig nodes
	Duration: 0
Index unitig edges
	Duration: 0
Compute unitig edges
	Duration: 0
Dump unitig abundances
	Duration: 0
Nb edges:   0


metaMDBG contig  /var/folders/zg/vq0dnx517c54hg87dyqjky740000gn/T/.tmpMtxbLg/tmp/ --threads 10 --gen-graph 

Input dir: /var/folders/zg/vq0dnx517c54hg87dyqjky740000gn/T/.tmpMtxbLg/tmp/
Minimizer length: 15
Kminmer length: 171
Density: 0.005

Loading unitig graph
Load unitigs
Nb unitigs: 268
Nb minimizers: 71821
Add unitig abundances
Sorting abundances
Add unitig edges
Nb unitig edges: 312
Sorting unitig edges
Done loading unitig graph
Simplifying
Max abundance: 42
Nb unitigs: 268
Superbubble
Nb superbubble removed: 0 0 (0s)
Tip
Nb Tip removed: 57 (0s)
Superbubble
Nb superbubble removed: 0 0 (0s)
Tip
Nb Tip removed: 0 (0s)
Saving unitig graph: /var/folders/zg/vq0dnx517c54hg87dyqjky740000gn/T/.tmpMtxbLg/tmp//assembly_graph.gfa
Nb errors removed: 46 (0s)
Superbubble
Nb superbubble removed: 0 0 (0s)
Tip
Nb Tip removed: 0 (0s)
Nb errors removed: 29 (0s)
Superbubble
Nb superbubble removed: 0 0 (0s)
Tip
Nb Tip removed: 0 (0s)
Nb errors removed: 16 (0s)
Superbubble
Nb superbubble removed: 0 0 (0s)
Tip
Nb Tip removed: 0 (0s)
Nb errors removed: 14 (0s)
Superbubble
Nb superbubble removed: 0 0 (0s)
Tip
Nb Tip removed: 0 (0s)
Nb errors removed: 19 (0s)
Superbubble
Nb superbubble removed: 0 0 (0s)
Tip
Nb Tip removed: 0 (0s)
Nb errors removed: 14 (0s)
Superbubble
Nb superbubble removed: 0 0 (0s)
Tip
Nb Tip removed: 0 (0s)
Nb errors removed: 9 (0s)
Superbubble
Nb superbubble removed: 0 0 (0s)
Tip
Nb Tip removed: 0 (0s)
Nb errors removed: 12 (0s)
Superbubble
Nb superbubble removed: 0 0 (0s)
Tip
Nb Tip removed: 0 (0s)
Nb errors removed: 7 (0s)
Superbubble
Nb superbubble removed: 0 0 (0s)
Tip
Nb Tip removed: 0 (0s)
Nb errors removed: 4 (0s)
Superbubble
Nb superbubble removed: 0 0 (0s)
Tip
Nb Tip removed: 0 (0s)
Nb errors removed: 13 (0s)
Superbubble
Nb superbubble removed: 0 0 (0s)
Tip
Nb Tip removed: 0 (0s)
Nb errors removed: 3 (0s)
Superbubble
Nb superbubble removed: 0 0 (0s)
Tip
Nb Tip removed: 0 (0s)
Nb errors removed: 1 (0s)
Superbubble
Nb superbubble removed: 0 0 (0s)
Tip
Nb Tip removed: 0 (0s)
Nb errors removed: 5 (0s)
Superbubble
Nb superbubble removed: 0 0 (0s)
Tip
Nb Tip removed: 0 (0s)
Nb errors removed: 1 (0s)
Superbubble
Nb superbubble removed: 0 0 (0s)
Tip
Nb Tip removed: 0 (0s)
Checksum: 0
Checksum abundnace: 0
Generating contigs
45.2593
28.1025
23.2252
15.8631
13.11
11.9182
10.8347
9.84974
8.14028
7.40025
6.11591
5.05447
4.17725
3.13843
2.14359
0


metaMDBG toMinspace  /var/folders/zg/vq0dnx517c54hg87dyqjky740000gn/T/.tmpMtxbLg/tmp/ /var/folders/zg/vq0dnx517c54hg87dyqjky740000gn/T/.tmpMtxbLg/tmp//contigs.nodepath /var/folders/zg/vq0dnx517c54hg87dyqjky740000gn/T/.tmpMtxbLg/tmp//unitig_data.txt --threads 10

Input dir: /var/folders/zg/vq0dnx517c54hg87dyqjky740000gn/T/.tmpMtxbLg/tmp/
Minimizer length: 15
Kminmer length: 171
Density: 0.005

Loading unitig sequences

Creating mContigs

Contig filename: /var/folders/zg/vq0dnx517c54hg87dyqjky740000gn/T/.tmpMtxbLg/tmp//unitig_data.txt


metaMDBG toMinspace  /var/folders/zg/vq0dnx517c54hg87dyqjky740000gn/T/.tmpMtxbLg/tmp/ /var/folders/zg/vq0dnx517c54hg87dyqjky740000gn/T/.tmpMtxbLg/tmp//assembly_graph.gfa.unitigs.nodepath /var/folders/zg/vq0dnx517c54hg87dyqjky740000gn/T/.tmpMtxbLg/tmp//assembly_graph.gfa.unitigs --threads 10

Input dir: /var/folders/zg/vq0dnx517c54hg87dyqjky740000gn/T/.tmpMtxbLg/tmp/
Minimizer length: 15
Kminmer length: 171
Density: 0.005

Loading unitig sequences

Creating mContigs

Contig filename: /var/folders/zg/vq0dnx517c54hg87dyqjky740000gn/T/.tmpMtxbLg/tmp//assembly_graph.gfa.unitigs
pass done: 171
Multi-k pass: 172/204


metaMDBG graph /var/folders/zg/vq0dnx517c54hg87dyqjky740000gn/T/.tmpMtxbLg/tmp/ --threads 10 --corrected-read 

Contig filename: 
Output dir: /var/folders/zg/vq0dnx517c54hg87dyqjky740000gn/T/.tmpMtxbLg/tmp/
Minimizer length: 15
Kminmer length: 172
Density: 0.005
Min abundance: 0

Loading refined abundances
	Duration: 0
Collecting kminmers
Building mdbg
Duration: 0
Nb solid kminmers: 26149
Nb small contigs written: 0
Dump kminmer abundances
	Duration: 0
Indexing edges
Edge index size: 26258
Edge index elements: 49238
	Duration: 0
Compute unitig nodes
	Duration: 0
Index unitig edges
	Duration: 0
Compute unitig edges
	Duration: 0
Dump unitig abundances
	Duration: 0
Nb edges:   0


metaMDBG contig  /var/folders/zg/vq0dnx517c54hg87dyqjky740000gn/T/.tmpMtxbLg/tmp/ --threads 10

Input dir: /var/folders/zg/vq0dnx517c54hg87dyqjky740000gn/T/.tmpMtxbLg/tmp/
Minimizer length: 15
Kminmer length: 172
Density: 0.005

Loading unitig graph
Load unitigs
Nb unitigs: 265
Nb minimizers: 71464
Add unitig abundances
Sorting abundances
Add unitig edges
Nb unitig edges: 312
Sorting unitig edges
Done loading unitig graph
Simplifying
Max abundance: 42
Nb unitigs: 265
Superbubble
Nb superbubble removed: 0 0 (0s)
Tip
Nb Tip removed: 57 (0s)
Superbubble
Nb superbubble removed: 0 0 (0s)
Tip
Nb Tip removed: 0 (0s)
Nb errors removed: 45 (0s)
Superbubble
Nb superbubble removed: 0 0 (0s)
Tip
Nb Tip removed: 0 (0s)
Nb errors removed: 29 (0s)
Superbubble
Nb superbubble removed: 0 0 (0s)
Tip
Nb Tip removed: 0 (0s)
Nb errors removed: 15 (0s)
Superbubble
Nb superbubble removed: 0 0 (0s)
Tip
Nb Tip removed: 0 (0s)
Nb errors removed: 14 (0s)
Superbubble
Nb superbubble removed: 0 0 (0s)
Tip
Nb Tip removed: 0 (0s)
Nb errors removed: 19 (0s)
Superbubble
Nb superbubble removed: 0 0 (0s)
Tip
Nb Tip removed: 0 (0s)
Nb errors removed: 13 (0s)
Superbubble
Nb superbubble removed: 0 0 (0s)
Tip
Nb Tip removed: 0 (0s)
Nb errors removed: 9 (0s)
Superbubble
Nb superbubble removed: 0 0 (0s)
Tip
Nb Tip removed: 0 (0s)
Nb errors removed: 12 (0s)
Superbubble
Nb superbubble removed: 0 0 (0s)
Tip
Nb Tip removed: 0 (0s)
Nb errors removed: 7 (0s)
Superbubble
Nb superbubble removed: 0 0 (0s)
Tip
Nb Tip removed: 0 (0s)
Nb errors removed: 4 (0s)
Superbubble
Nb superbubble removed: 0 0 (0s)
Tip
Nb Tip removed: 0 (0s)
Nb errors removed: 13 (0s)
Superbubble
Nb superbubble removed: 0 0 (0s)
Tip
Nb Tip removed: 0 (0s)
Nb errors removed: 4 (0s)
Superbubble
Nb superbubble removed: 0 0 (0s)
Tip
Nb Tip removed: 0 (0s)
Nb errors removed: 1 (0s)
Superbubble
Nb superbubble removed: 0 0 (0s)
Tip
Nb Tip removed: 0 (0s)
Nb errors removed: 5 (0s)
Superbubble
Nb superbubble removed: 0 0 (0s)
Tip
Nb Tip removed: 0 (0s)
Nb errors removed: 1 (0s)
Superbubble
Nb superbubble removed: 0 0 (0s)
Tip
Nb Tip removed: 0 (0s)
Checksum: 0
Checksum abundnace: 0
Generating contigs
45.2593
28.1025
23.2252
15.8631
13.11
11.9182
10.8347
9.84974
8.14028
7.40025
6.11591
5.05447
4.17725
3.13843
2.14359
0


metaMDBG toMinspace  /var/folders/zg/vq0dnx517c54hg87dyqjky740000gn/T/.tmpMtxbLg/tmp/ /var/folders/zg/vq0dnx517c54hg87dyqjky740000gn/T/.tmpMtxbLg/tmp//contigs.nodepath /var/folders/zg/vq0dnx517c54hg87dyqjky740000gn/T/.tmpMtxbLg/tmp//unitig_data.txt --threads 10

Input dir: /var/folders/zg/vq0dnx517c54hg87dyqjky740000gn/T/.tmpMtxbLg/tmp/
Minimizer length: 15
Kminmer length: 172
Density: 0.005

Loading unitig sequences

Creating mContigs

Contig filename: /var/folders/zg/vq0dnx517c54hg87dyqjky740000gn/T/.tmpMtxbLg/tmp//unitig_data.txt
pass done: 172
Multi-k pass: 173/204


metaMDBG graph /var/folders/zg/vq0dnx517c54hg87dyqjky740000gn/T/.tmpMtxbLg/tmp/ --threads 10 --corrected-read 

Contig filename: 
Output dir: /var/folders/zg/vq0dnx517c54hg87dyqjky740000gn/T/.tmpMtxbLg/tmp/
Minimizer length: 15
Kminmer length: 173
Density: 0.005
Min abundance: 0

Loading refined abundances
	Duration: 0
Collecting kminmers
Building mdbg
Duration: 0
Nb solid kminmers: 26037
Nb small contigs written: 0
Dump kminmer abundances
	Duration: 0
Indexing edges
Edge index size: 26145
Edge index elements: 49027
	Duration: 0
Compute unitig nodes
	Duration: 0
Index unitig edges
	Duration: 0
Compute unitig edges
	Duration: 0
Dump unitig abundances
	Duration: 0
Nb edges:   0


metaMDBG contig  /var/folders/zg/vq0dnx517c54hg87dyqjky740000gn/T/.tmpMtxbLg/tmp/ --threads 10

Input dir: /var/folders/zg/vq0dnx517c54hg87dyqjky740000gn/T/.tmpMtxbLg/tmp/
Minimizer length: 15
Kminmer length: 173
Density: 0.005

Loading unitig graph
Load unitigs
Nb unitigs: 258
Nb minimizers: 70413
Add unitig abundances
Sorting abundances
Add unitig edges
Nb unitig edges: 300
Sorting unitig edges
Done loading unitig graph
Simplifying
Max abundance: 42
Nb unitigs: 258
Superbubble
Nb superbubble removed: 0 0 (0s)
Tip
Nb Tip removed: 53 (0s)
Superbubble
Nb superbubble removed: 0 0 (0s)
Tip
Nb Tip removed: 0 (0s)
Nb errors removed: 43 (0s)
Superbubble
Nb superbubble removed: 0 0 (0s)
Tip
Nb Tip removed: 0 (0s)
Nb errors removed: 29 (0s)
Superbubble
Nb superbubble removed: 0 0 (0s)
Tip
Nb Tip removed: 0 (0s)
Nb errors removed: 15 (0s)
Superbubble
Nb superbubble removed: 0 0 (0s)
Tip
Nb Tip removed: 0 (0s)
Nb errors removed: 14 (0s)
Superbubble
Nb superbubble removed: 0 0 (0s)
Tip
Nb Tip removed: 0 (0s)
Nb errors removed: 18 (0s)
Superbubble
Nb superbubble removed: 0 0 (0s)
Tip
Nb Tip removed: 0 (0s)
Nb errors removed: 12 (0s)
Superbubble
Nb superbubble removed: 0 0 (0s)
Tip
Nb Tip removed: 0 (0s)
Nb errors removed: 9 (0s)
Superbubble
Nb superbubble removed: 0 0 (0s)
Tip
Nb Tip removed: 0 (0s)
Nb errors removed: 11 (0s)
Superbubble
Nb superbubble removed: 0 0 (0s)
Tip
Nb Tip removed: 0 (0s)
Nb errors removed: 7 (0s)
Superbubble
Nb superbubble removed: 0 0 (0s)
Tip
Nb Tip removed: 0 (0s)
Nb errors removed: 4 (0s)
Superbubble
Nb superbubble removed: 0 0 (0s)
Tip
Nb Tip removed: 0 (0s)
Nb errors removed: 13 (0s)
Superbubble
Nb superbubble removed: 0 0 (0s)
Tip
Nb Tip removed: 0 (0s)
Nb errors removed: 3 (0s)
Superbubble
Nb superbubble removed: 0 0 (0s)
Tip
Nb Tip removed: 0 (0s)
Nb errors removed: 1 (0s)
Superbubble
Nb superbubble removed: 0 0 (0s)
Tip
Nb Tip removed: 0 (0s)
Nb errors removed: 5 (0s)
Superbubble
Nb superbubble removed: 0 0 (0s)
Tip
Nb Tip removed: 0 (0s)
Nb errors removed: 1 (0s)
Superbubble
Nb superbubble removed: 0 0 (0s)
Tip
Nb Tip removed: 0 (0s)
Checksum: 0
Checksum abundnace: 0
Generating contigs
45.2593
28.1025
23.2252
15.8631
13.11
11.9182
10.8347
9.84974
8.14028
7.40025
6.11591
5.05447
4.17725
3.13843
2.14359
0


metaMDBG toMinspace  /var/folders/zg/vq0dnx517c54hg87dyqjky740000gn/T/.tmpMtxbLg/tmp/ /var/folders/zg/vq0dnx517c54hg87dyqjky740000gn/T/.tmpMtxbLg/tmp//contigs.nodepath /var/folders/zg/vq0dnx517c54hg87dyqjky740000gn/T/.tmpMtxbLg/tmp//unitig_data.txt --threads 10

Input dir: /var/folders/zg/vq0dnx517c54hg87dyqjky740000gn/T/.tmpMtxbLg/tmp/
Minimizer length: 15
Kminmer length: 173
Density: 0.005

Loading unitig sequences

Creating mContigs

Contig filename: /var/folders/zg/vq0dnx517c54hg87dyqjky740000gn/T/.tmpMtxbLg/tmp//unitig_data.txt
pass done: 173
Multi-k pass: 174/204


metaMDBG graph /var/folders/zg/vq0dnx517c54hg87dyqjky740000gn/T/.tmpMtxbLg/tmp/ --threads 10 --corrected-read 

Contig filename: 
Output dir: /var/folders/zg/vq0dnx517c54hg87dyqjky740000gn/T/.tmpMtxbLg/tmp/
Minimizer length: 15
Kminmer length: 174
Density: 0.005
Min abundance: 0

Loading refined abundances
	Duration: 0
Collecting kminmers
Building mdbg
Duration: 0
Nb solid kminmers: 25927
Nb small contigs written: 0
Dump kminmer abundances
	Duration: 0
Indexing edges
Edge index size: 26036
Edge index elements: 48932
	Duration: 0
Compute unitig nodes
	Duration: 0
Index unitig edges
	Duration: 0
Compute unitig edges
	Duration: 0
Dump unitig abundances
	Duration: 0
Nb edges:   0


metaMDBG contig  /var/folders/zg/vq0dnx517c54hg87dyqjky740000gn/T/.tmpMtxbLg/tmp/ --threads 10

Input dir: /var/folders/zg/vq0dnx517c54hg87dyqjky740000gn/T/.tmpMtxbLg/tmp/
Minimizer length: 15
Kminmer length: 174
Density: 0.005

Loading unitig graph
Load unitigs
Nb unitigs: 255
Nb minimizers: 70042
Add unitig abundances
Sorting abundances
Add unitig edges
Nb unitig edges: 292
Sorting unitig edges
Done loading unitig graph
Simplifying
Max abundance: 42
Nb unitigs: 255
Superbubble
Nb superbubble removed: 0 0 (0s)
Tip
Nb Tip removed: 51 (0s)
Superbubble
Nb superbubble removed: 0 0 (0s)
Tip
Nb Tip removed: 0 (0s)
Nb errors removed: 42 (0s)
Superbubble
Nb superbubble removed: 0 0 (0s)
Tip
Nb Tip removed: 0 (0s)
Nb errors removed: 29 (0s)
Superbubble
Nb superbubble removed: 0 0 (0s)
Tip
Nb Tip removed: 0 (0s)
Nb errors removed: 15 (0s)
Superbubble
Nb superbubble removed: 0 0 (0s)
Tip
Nb Tip removed: 0 (0s)
Nb errors removed: 14 (0s)
Superbubble
Nb superbubble removed: 0 0 (0s)
Tip
Nb Tip removed: 0 (0s)
Nb errors removed: 18 (0s)
Superbubble
Nb superbubble removed: 0 0 (0s)
Tip
Nb Tip removed: 0 (0s)
Nb errors removed: 12 (0s)
Superbubble
Nb superbubble removed: 0 0 (0s)
Tip
Nb Tip removed: 0 (0s)
Nb errors removed: 9 (0s)
Superbubble
Nb superbubble removed: 0 0 (0s)
Tip
Nb Tip removed: 0 (0s)
Nb errors removed: 11 (0s)
Superbubble
Nb superbubble removed: 0 0 (0s)
Tip
Nb Tip removed: 0 (0s)
Nb errors removed: 7 (0s)
Superbubble
Nb superbubble removed: 0 0 (0s)
Tip
Nb Tip removed: 0 (0s)
Nb errors removed: 4 (0s)
Superbubble
Nb superbubble removed: 0 0 (0s)
Tip
Nb Tip removed: 0 (0s)
Nb errors removed: 13 (0s)
Superbubble
Nb superbubble removed: 0 0 (0s)
Tip
Nb Tip removed: 0 (0s)
Nb errors removed: 3 (0s)
Superbubble
Nb superbubble removed: 0 0 (0s)
Tip
Nb Tip removed: 0 (0s)
Nb errors removed: 1 (0s)
Superbubble
Nb superbubble removed: 0 0 (0s)
Tip
Nb Tip removed: 0 (0s)
Nb errors removed: 5 (0s)
Superbubble
Nb superbubble removed: 0 0 (0s)
Tip
Nb Tip removed: 0 (0s)
Nb errors removed: 1 (0s)
Superbubble
Nb superbubble removed: 0 0 (0s)
Tip
Nb Tip removed: 0 (0s)
Checksum: 0
Checksum abundnace: 0
Generating contigs
45.2593
28.1025
23.2252
15.8631
13.11
11.9182
10.8347
9.84974
8.14028
7.40025
6.11591
5.05447
4.17725
3.13843
2.14359
0


metaMDBG toMinspace  /var/folders/zg/vq0dnx517c54hg87dyqjky740000gn/T/.tmpMtxbLg/tmp/ /var/folders/zg/vq0dnx517c54hg87dyqjky740000gn/T/.tmpMtxbLg/tmp//contigs.nodepath /var/folders/zg/vq0dnx517c54hg87dyqjky740000gn/T/.tmpMtxbLg/tmp//unitig_data.txt --threads 10

Input dir: /var/folders/zg/vq0dnx517c54hg87dyqjky740000gn/T/.tmpMtxbLg/tmp/
Minimizer length: 15
Kminmer length: 174
Density: 0.005

Loading unitig sequences

Creating mContigs

Contig filename: /var/folders/zg/vq0dnx517c54hg87dyqjky740000gn/T/.tmpMtxbLg/tmp//unitig_data.txt
pass done: 174
Multi-k pass: 175/204


metaMDBG graph /var/folders/zg/vq0dnx517c54hg87dyqjky740000gn/T/.tmpMtxbLg/tmp/ --threads 10 --corrected-read 

Contig filename: 
Output dir: /var/folders/zg/vq0dnx517c54hg87dyqjky740000gn/T/.tmpMtxbLg/tmp/
Minimizer length: 15
Kminmer length: 175
Density: 0.005
Min abundance: 0

Loading refined abundances
	Duration: 0
Collecting kminmers
Building mdbg
Duration: 0
Nb solid kminmers: 25818
Nb small contigs written: 0
Dump kminmer abundances
	Duration: 0
Indexing edges
Edge index size: 25925
Edge index elements: 48563
	Duration: 0
Compute unitig nodes
	Duration: 0
Index unitig edges
	Duration: 0
Compute unitig edges
	Duration: 0
Dump unitig abundances
	Duration: 0
Nb edges:   0


metaMDBG contig  /var/folders/zg/vq0dnx517c54hg87dyqjky740000gn/T/.tmpMtxbLg/tmp/ --threads 10

Input dir: /var/folders/zg/vq0dnx517c54hg87dyqjky740000gn/T/.tmpMtxbLg/tmp/
Minimizer length: 15
Kminmer length: 175
Density: 0.005

Loading unitig graph
Load unitigs
Nb unitigs: 253
Nb minimizers: 69840
Add unitig abundances
Sorting abundances
Add unitig edges
Nb unitig edges: 292
Sorting unitig edges
Done loading unitig graph
Simplifying
Max abundance: 42
Nb unitigs: 253
Superbubble
Nb superbubble removed: 0 0 (0s)
Tip
Nb Tip removed: 51 (0s)
Superbubble
Nb superbubble removed: 0 0 (0s)
Tip
Nb Tip removed: 0 (0s)
Nb errors removed: 42 (0s)
Superbubble
Nb superbubble removed: 0 0 (0s)
Tip
Nb Tip removed: 0 (0s)
Nb errors removed: 27 (0s)
Superbubble
Nb superbubble removed: 0 0 (0s)
Tip
Nb Tip removed: 0 (0s)
Nb errors removed: 15 (0s)
Superbubble
Nb superbubble removed: 0 0 (0s)
Tip
Nb Tip removed: 0 (0s)
Nb errors removed: 14 (0s)
Superbubble
Nb superbubble removed: 0 0 (0s)
Tip
Nb Tip removed: 0 (0s)
Nb errors removed: 18 (0s)
Superbubble
Nb superbubble removed: 0 0 (0s)
Tip
Nb Tip removed: 0 (0s)
Nb errors removed: 12 (0s)
Superbubble
Nb superbubble removed: 0 0 (0s)
Tip
Nb Tip removed: 0 (0s)
Nb errors removed: 9 (0s)
Superbubble
Nb superbubble removed: 0 0 (0s)
Tip
Nb Tip removed: 0 (0s)
Nb errors removed: 11 (0s)
Superbubble
Nb superbubble removed: 0 0 (0s)
Tip
Nb Tip removed: 0 (0s)
Nb errors removed: 7 (0s)
Superbubble
Nb superbubble removed: 0 0 (0s)
Tip
Nb Tip removed: 0 (0s)
Nb errors removed: 4 (0s)
Superbubble
Nb superbubble removed: 0 0 (0s)
Tip
Nb Tip removed: 0 (0s)
Nb errors removed: 13 (0s)
Superbubble
Nb superbubble removed: 0 0 (0s)
Tip
Nb Tip removed: 0 (0s)
Nb errors removed: 3 (0s)
Superbubble
Nb superbubble removed: 0 0 (0s)
Tip
Nb Tip removed: 0 (0s)
Nb errors removed: 1 (0s)
Superbubble
Nb superbubble removed: 0 0 (0s)
Tip
Nb Tip removed: 0 (0s)
Nb errors removed: 5 (0s)
Superbubble
Nb superbubble removed: 0 0 (0s)
Tip
Nb Tip removed: 0 (0s)
Nb errors removed: 1 (0s)
Superbubble
Nb superbubble removed: 0 0 (0s)
Tip
Nb Tip removed: 0 (0s)
Checksum: 0
Checksum abundnace: 0
Generating contigs
45.2593
28.1025
23.2252
15.8631
13.11
11.9182
10.8347
9.84974
8.14028
7.40025
6.11591
5.05447
4.17725
3.13843
2.14359
0


metaMDBG toMinspace  /var/folders/zg/vq0dnx517c54hg87dyqjky740000gn/T/.tmpMtxbLg/tmp/ /var/folders/zg/vq0dnx517c54hg87dyqjky740000gn/T/.tmpMtxbLg/tmp//contigs.nodepath /var/folders/zg/vq0dnx517c54hg87dyqjky740000gn/T/.tmpMtxbLg/tmp//unitig_data.txt --threads 10

Input dir: /var/folders/zg/vq0dnx517c54hg87dyqjky740000gn/T/.tmpMtxbLg/tmp/
Minimizer length: 15
Kminmer length: 175
Density: 0.005

Loading unitig sequences

Creating mContigs

Contig filename: /var/folders/zg/vq0dnx517c54hg87dyqjky740000gn/T/.tmpMtxbLg/tmp//unitig_data.txt
pass done: 175
Multi-k pass: 176/204


metaMDBG graph /var/folders/zg/vq0dnx517c54hg87dyqjky740000gn/T/.tmpMtxbLg/tmp/ --threads 10 --corrected-read 

Contig filename: 
Output dir: /var/folders/zg/vq0dnx517c54hg87dyqjky740000gn/T/.tmpMtxbLg/tmp/
Minimizer length: 15
Kminmer length: 176
Density: 0.005
Min abundance: 0

Loading refined abundances
	Duration: 0
Collecting kminmers
Building mdbg
Duration: 0
Nb solid kminmers: 25709
Nb small contigs written: 0
Dump kminmer abundances
	Duration: 0
Indexing edges
Edge index size: 25817
Edge index elements: 48450
	Duration: 0
Compute unitig nodes
	Duration: 0
Index unitig edges
	Duration: 0
Compute unitig edges
	Duration: 0
Dump unitig abundances
	Duration: 0
Nb edges:   0


metaMDBG contig  /var/folders/zg/vq0dnx517c54hg87dyqjky740000gn/T/.tmpMtxbLg/tmp/ --threads 10

Input dir: /var/folders/zg/vq0dnx517c54hg87dyqjky740000gn/T/.tmpMtxbLg/tmp/
Minimizer length: 15
Kminmer length: 176
Density: 0.005

Loading unitig graph
Load unitigs
Nb unitigs: 250
Nb minimizers: 69459
Add unitig abundances
Sorting abundances
Add unitig edges
Nb unitig edges: 284
Sorting unitig edges
Done loading unitig graph
Simplifying
Max abundance: 42
Nb unitigs: 250
Superbubble
Nb superbubble removed: 0 0 (0s)
Tip
Nb Tip removed: 49 (0s)
Superbubble
Nb superbubble removed: 0 0 (0s)
Tip
Nb Tip removed: 0 (0s)
Nb errors removed: 42 (0s)
Superbubble
Nb superbubble removed: 0 0 (0s)
Tip
Nb Tip removed: 0 (0s)
Nb errors removed: 27 (0s)
Superbubble
Nb superbubble removed: 0 0 (0s)
Tip
Nb Tip removed: 0 (0s)
Nb errors removed: 15 (0s)
Superbubble
Nb superbubble removed: 0 0 (0s)
Tip
Nb Tip removed: 0 (0s)
Nb errors removed: 14 (0s)
Superbubble
Nb superbubble removed: 0 0 (0s)
Tip
Nb Tip removed: 0 (0s)
Nb errors removed: 18 (0s)
Superbubble
Nb superbubble removed: 0 0 (0s)
Tip
Nb Tip removed: 0 (0s)
Nb errors removed: 12 (0s)
Superbubble
Nb superbubble removed: 0 0 (0s)
Tip
Nb Tip removed: 0 (0s)
Nb errors removed: 9 (0s)
Superbubble
Nb superbubble removed: 0 0 (0s)
Tip
Nb Tip removed: 0 (0s)
Nb errors removed: 11 (0s)
Superbubble
Nb superbubble removed: 0 0 (0s)
Tip
Nb Tip removed: 0 (0s)
Nb errors removed: 6 (0s)
Superbubble
Nb superbubble removed: 0 0 (0s)
Tip
Nb Tip removed: 0 (0s)
Nb errors removed: 4 (0s)
Superbubble
Nb superbubble removed: 0 0 (0s)
Tip
Nb Tip removed: 0 (0s)
Nb errors removed: 13 (0s)
Superbubble
Nb superbubble removed: 0 0 (0s)
Tip
Nb Tip removed: 0 (0s)
Nb errors removed: 3 (0s)
Superbubble
Nb superbubble removed: 0 0 (0s)
Tip
Nb Tip removed: 0 (0s)
Nb errors removed: 1 (0s)
Superbubble
Nb superbubble removed: 0 0 (0s)
Tip
Nb Tip removed: 0 (0s)
Nb errors removed: 5 (0s)
Superbubble
Nb superbubble removed: 0 0 (0s)
Tip
Nb Tip removed: 0 (0s)
Nb errors removed: 1 (0s)
Superbubble
Nb superbubble removed: 0 0 (0s)
Tip
Nb Tip removed: 0 (0s)
Checksum: 0
Checksum abundnace: 0
Generating contigs
45.2593
28.1025
23.2252
15.8631
13.11
11.9182
10.8347
9.84974
8.14028
7.40025
6.11591
5.05447
4.17725
3.13843
2.14359
0


metaMDBG toMinspace  /var/folders/zg/vq0dnx517c54hg87dyqjky740000gn/T/.tmpMtxbLg/tmp/ /var/folders/zg/vq0dnx517c54hg87dyqjky740000gn/T/.tmpMtxbLg/tmp//contigs.nodepath /var/folders/zg/vq0dnx517c54hg87dyqjky740000gn/T/.tmpMtxbLg/tmp//unitig_data.txt --threads 10

Input dir: /var/folders/zg/vq0dnx517c54hg87dyqjky740000gn/T/.tmpMtxbLg/tmp/
Minimizer length: 15
Kminmer length: 176
Density: 0.005

Loading unitig sequences

Creating mContigs

Contig filename: /var/folders/zg/vq0dnx517c54hg87dyqjky740000gn/T/.tmpMtxbLg/tmp//unitig_data.txt
pass done: 176
Multi-k pass: 177/204


metaMDBG graph /var/folders/zg/vq0dnx517c54hg87dyqjky740000gn/T/.tmpMtxbLg/tmp/ --threads 10 --corrected-read 

Contig filename: 
Output dir: /var/folders/zg/vq0dnx517c54hg87dyqjky740000gn/T/.tmpMtxbLg/tmp/
Minimizer length: 15
Kminmer length: 177
Density: 0.005
Min abundance: 0

Loading refined abundances
	Duration: 0
Collecting kminmers
Building mdbg
Duration: 0
Nb solid kminmers: 25601
Nb small contigs written: 0
Dump kminmer abundances
	Duration: 0
Indexing edges
Edge index size: 25708
Edge index elements: 48405
	Duration: 0
Compute unitig nodes
	Duration: 0
Index unitig edges
	Duration: 0
Compute unitig edges
	Duration: 0
Dump unitig abundances
	Duration: 0
Nb edges:   0


metaMDBG contig  /var/folders/zg/vq0dnx517c54hg87dyqjky740000gn/T/.tmpMtxbLg/tmp/ --threads 10

Input dir: /var/folders/zg/vq0dnx517c54hg87dyqjky740000gn/T/.tmpMtxbLg/tmp/
Minimizer length: 15
Kminmer length: 177
Density: 0.005

Loading unitig graph
Load unitigs
Nb unitigs: 248
Nb minimizers: 69249
Add unitig abundances
Sorting abundances
Add unitig edges
Nb unitig edges: 284
Sorting unitig edges
Done loading unitig graph
Simplifying
Max abundance: 42
Nb unitigs: 248
Superbubble
Nb superbubble removed: 0 0 (0s)
Tip
Nb Tip removed: 48 (0s)
Superbubble
Nb superbubble removed: 0 0 (0s)
Tip
Nb Tip removed: 0 (0s)
Nb errors removed: 41 (0s)
Superbubble
Nb superbubble removed: 0 0 (0s)
Tip
Nb Tip removed: 0 (0s)
Nb errors removed: 27 (0s)
Superbubble
Nb superbubble removed: 0 0 (0s)
Tip
Nb Tip removed: 0 (0s)
Nb errors removed: 15 (0s)
Superbubble
Nb superbubble removed: 0 0 (0s)
Tip
Nb Tip removed: 0 (0s)
Nb errors removed: 14 (0s)
Superbubble
Nb superbubble removed: 0 0 (0s)
Tip
Nb Tip removed: 0 (0s)
Nb errors removed: 18 (0s)
Superbubble
Nb superbubble removed: 0 0 (0s)
Tip
Nb Tip removed: 0 (0s)
Nb errors removed: 12 (0s)
Superbubble
Nb superbubble removed: 0 0 (0s)
Tip
Nb Tip removed: 0 (0s)
Nb errors removed: 9 (0s)
Superbubble
Nb superbubble removed: 0 0 (0s)
Tip
Nb Tip removed: 0 (0s)
Nb errors removed: 11 (0s)
Superbubble
Nb superbubble removed: 0 0 (0s)
Tip
Nb Tip removed: 0 (0s)
Nb errors removed: 6 (0s)
Superbubble
Nb superbubble removed: 0 0 (0s)
Tip
Nb Tip removed: 0 (0s)
Nb errors removed: 4 (0s)
Superbubble
Nb superbubble removed: 0 0 (0s)
Tip
Nb Tip removed: 0 (0s)
Nb errors removed: 13 (0s)
Superbubble
Nb superbubble removed: 0 0 (0s)
Tip
Nb Tip removed: 0 (0s)
Nb errors removed: 3 (0s)
Superbubble
Nb superbubble removed: 0 0 (0s)
Tip
Nb Tip removed: 0 (0s)
Nb errors removed: 1 (0s)
Superbubble
Nb superbubble removed: 0 0 (0s)
Tip
Nb Tip removed: 0 (0s)
Nb errors removed: 5 (0s)
Superbubble
Nb superbubble removed: 0 0 (0s)
Tip
Nb Tip removed: 0 (0s)
Nb errors removed: 1 (0s)
Superbubble
Nb superbubble removed: 0 0 (0s)
Tip
Nb Tip removed: 0 (0s)
Checksum: 0
Checksum abundnace: 0
Generating contigs
45.2593
28.1025
23.2252
15.8631
13.11
11.9182
10.8347
9.84974
8.14028
7.40025
6.11591
5.05447
4.17725
3.13843
2.14359
0


metaMDBG toMinspace  /var/folders/zg/vq0dnx517c54hg87dyqjky740000gn/T/.tmpMtxbLg/tmp/ /var/folders/zg/vq0dnx517c54hg87dyqjky740000gn/T/.tmpMtxbLg/tmp//contigs.nodepath /var/folders/zg/vq0dnx517c54hg87dyqjky740000gn/T/.tmpMtxbLg/tmp//unitig_data.txt --threads 10

Input dir: /var/folders/zg/vq0dnx517c54hg87dyqjky740000gn/T/.tmpMtxbLg/tmp/
Minimizer length: 15
Kminmer length: 177
Density: 0.005

Loading unitig sequences

Creating mContigs

Contig filename: /var/folders/zg/vq0dnx517c54hg87dyqjky740000gn/T/.tmpMtxbLg/tmp//unitig_data.txt
pass done: 177
Multi-k pass: 178/204


metaMDBG graph /var/folders/zg/vq0dnx517c54hg87dyqjky740000gn/T/.tmpMtxbLg/tmp/ --threads 10 --corrected-read 

Contig filename: 
Output dir: /var/folders/zg/vq0dnx517c54hg87dyqjky740000gn/T/.tmpMtxbLg/tmp/
Minimizer length: 15
Kminmer length: 178
Density: 0.005
Min abundance: 0

Loading refined abundances
	Duration: 0
Collecting kminmers
Building mdbg
Duration: 0
Nb solid kminmers: 25492
Nb small contigs written: 0
Dump kminmer abundances
	Duration: 0
Indexing edges
Edge index size: 25598
Edge index elements: 48122
	Duration: 0
Compute unitig nodes
	Duration: 0
Index unitig edges
	Duration: 0
Compute unitig edges
	Duration: 0
Dump unitig abundances
	Duration: 0
Nb edges:   0


metaMDBG contig  /var/folders/zg/vq0dnx517c54hg87dyqjky740000gn/T/.tmpMtxbLg/tmp/ --threads 10

Input dir: /var/folders/zg/vq0dnx517c54hg87dyqjky740000gn/T/.tmpMtxbLg/tmp/
Minimizer length: 15
Kminmer length: 178
Density: 0.005

Loading unitig graph
Load unitigs
Nb unitigs: 242
Nb minimizers: 68326
Add unitig abundances
Sorting abundances
Add unitig edges
Nb unitig edges: 272
Sorting unitig edges
Done loading unitig graph
Simplifying
Max abundance: 42
Nb unitigs: 242
Superbubble
Nb superbubble removed: 0 0 (0s)
Tip
Nb Tip removed: 46 (0s)
Superbubble
Nb superbubble removed: 0 0 (0s)
Tip
Nb Tip removed: 0 (0s)
Nb errors removed: 39 (0s)
Superbubble
Nb superbubble removed: 0 0 (0s)
Tip
Nb Tip removed: 0 (0s)
Nb errors removed: 25 (0s)
Superbubble
Nb superbubble removed: 0 0 (0s)
Tip
Nb Tip removed: 0 (0s)
Nb errors removed: 15 (0s)
Superbubble
Nb superbubble removed: 0 0 (0s)
Tip
Nb Tip removed: 0 (0s)
Nb errors removed: 14 (0s)
Superbubble
Nb superbubble removed: 0 0 (0s)
Tip
Nb Tip removed: 0 (0s)
Nb errors removed: 18 (0s)
Superbubble
Nb superbubble removed: 0 0 (0s)
Tip
Nb Tip removed: 0 (0s)
Nb errors removed: 12 (0s)
Superbubble
Nb superbubble removed: 0 0 (0s)
Tip
Nb Tip removed: 0 (0s)
Nb errors removed: 9 (0s)
Superbubble
Nb superbubble removed: 0 0 (0s)
Tip
Nb Tip removed: 0 (0s)
Nb errors removed: 11 (0s)
Superbubble
Nb superbubble removed: 0 0 (0s)
Tip
Nb Tip removed: 0 (0s)
Nb errors removed: 6 (0s)
Superbubble
Nb superbubble removed: 0 0 (0s)
Tip
Nb Tip removed: 0 (0s)
Nb errors removed: 4 (0s)
Superbubble
Nb superbubble removed: 0 0 (0s)
Tip
Nb Tip removed: 0 (0s)
Nb errors removed: 13 (0s)
Superbubble
Nb superbubble removed: 0 0 (0s)
Tip
Nb Tip removed: 0 (0s)
Nb errors removed: 3 (0s)
Superbubble
Nb superbubble removed: 0 0 (0s)
Tip
Nb Tip removed: 0 (0s)
Nb errors removed: 1 (0s)
Superbubble
Nb superbubble removed: 0 0 (0s)
Tip
Nb Tip removed: 0 (0s)
Nb errors removed: 5 (0s)
Superbubble
Nb superbubble removed: 0 0 (0s)
Tip
Nb Tip removed: 0 (0s)
Nb errors removed: 1 (0s)
Superbubble
Nb superbubble removed: 0 0 (0s)
Tip
Nb Tip removed: 0 (0s)
Checksum: 0
Checksum abundnace: 0
Generating contigs
45.2593
28.1025
23.2252
15.8631
13.11
11.9182
10.8347
9.84974
8.14028
7.40025
6.11591
5.05447
4.17725
3.13843
2.14359
0


metaMDBG toMinspace  /var/folders/zg/vq0dnx517c54hg87dyqjky740000gn/T/.tmpMtxbLg/tmp/ /var/folders/zg/vq0dnx517c54hg87dyqjky740000gn/T/.tmpMtxbLg/tmp//contigs.nodepath /var/folders/zg/vq0dnx517c54hg87dyqjky740000gn/T/.tmpMtxbLg/tmp//unitig_data.txt --threads 10

Input dir: /var/folders/zg/vq0dnx517c54hg87dyqjky740000gn/T/.tmpMtxbLg/tmp/
Minimizer length: 15
Kminmer length: 178
Density: 0.005

Loading unitig sequences

Creating mContigs

Contig filename: /var/folders/zg/vq0dnx517c54hg87dyqjky740000gn/T/.tmpMtxbLg/tmp//unitig_data.txt
pass done: 178
Multi-k pass: 179/204


metaMDBG graph /var/folders/zg/vq0dnx517c54hg87dyqjky740000gn/T/.tmpMtxbLg/tmp/ --threads 10 --corrected-read 

Contig filename: 
Output dir: /var/folders/zg/vq0dnx517c54hg87dyqjky740000gn/T/.tmpMtxbLg/tmp/
Minimizer length: 15
Kminmer length: 179
Density: 0.005
Min abundance: 0

Loading refined abundances
	Duration: 0
Collecting kminmers
Building mdbg
Duration: 0
Nb solid kminmers: 25386
Nb small contigs written: 0
Dump kminmer abundances
	Duration: 0
Indexing edges
Edge index size: 25490
Edge index elements: 48001
	Duration: 0
Compute unitig nodes
	Duration: 0
Index unitig edges
	Duration: 0
Compute unitig edges
	Duration: 0
Dump unitig abundances
	Duration: 0
Nb edges:   0


metaMDBG contig  /var/folders/zg/vq0dnx517c54hg87dyqjky740000gn/T/.tmpMtxbLg/tmp/ --threads 10

Input dir: /var/folders/zg/vq0dnx517c54hg87dyqjky740000gn/T/.tmpMtxbLg/tmp/
Minimizer length: 15
Kminmer length: 179
Density: 0.005

Loading unitig graph
Load unitigs
Nb unitigs: 240
Nb minimizers: 68106
Add unitig abundances
Sorting abundances
Add unitig edges
Nb unitig edges: 272
Sorting unitig edges
Done loading unitig graph
Simplifying
Max abundance: 42
Nb unitigs: 240
Superbubble
Nb superbubble removed: 0 0 (0s)
Tip
Nb Tip removed: 45 (0s)
Superbubble
Nb superbubble removed: 0 0 (0s)
Tip
Nb Tip removed: 0 (0s)
Nb errors removed: 38 (0s)
Superbubble
Nb superbubble removed: 0 0 (0s)
Tip
Nb Tip removed: 0 (0s)
Nb errors removed: 25 (0s)
Superbubble
Nb superbubble removed: 0 0 (0s)
Tip
Nb Tip removed: 0 (0s)
Nb errors removed: 14 (0s)
Superbubble
Nb superbubble removed: 0 0 (0s)
Tip
Nb Tip removed: 0 (0s)
Nb errors removed: 14 (0s)
Superbubble
Nb superbubble removed: 0 0 (0s)
Tip
Nb Tip removed: 0 (0s)
Nb errors removed: 18 (0s)
Superbubble
Nb superbubble removed: 0 0 (0s)
Tip
Nb Tip removed: 0 (0s)
Nb errors removed: 12 (0s)
Superbubble
Nb superbubble removed: 0 0 (0s)
Tip
Nb Tip removed: 0 (0s)
Nb errors removed: 9 (0s)
Superbubble
Nb superbubble removed: 0 0 (0s)
Tip
Nb Tip removed: 0 (0s)
Nb errors removed: 11 (0s)
Superbubble
Nb superbubble removed: 0 0 (0s)
Tip
Nb Tip removed: 0 (0s)
Nb errors removed: 6 (0s)
Superbubble
Nb superbubble removed: 0 0 (0s)
Tip
Nb Tip removed: 0 (0s)
Nb errors removed: 4 (0s)
Superbubble
Nb superbubble removed: 0 0 (0s)
Tip
Nb Tip removed: 0 (0s)
Nb errors removed: 13 (0s)
Superbubble
Nb superbubble removed: 0 0 (0s)
Tip
Nb Tip removed: 0 (0s)
Nb errors removed: 3 (0s)
Superbubble
Nb superbubble removed: 0 0 (0s)
Tip
Nb Tip removed: 0 (0s)
Nb errors removed: 1 (0s)
Superbubble
Nb superbubble removed: 0 0 (0s)
Tip
Nb Tip removed: 0 (0s)
Nb errors removed: 5 (0s)
Superbubble
Nb superbubble removed: 0 0 (0s)
Tip
Nb Tip removed: 0 (0s)
Nb errors removed: 1 (0s)
Superbubble
Nb superbubble removed: 0 0 (0s)
Tip
Nb Tip removed: 0 (0s)
Checksum: 0
Checksum abundnace: 0
Generating contigs
45.2593
28.1025
23.2252
15.8631
13.11
11.9182
10.8347
9.84974
8.14028
7.40025
6.11591
5.05447
4.17725
3.13843
2.14359
0


metaMDBG toMinspace  /var/folders/zg/vq0dnx517c54hg87dyqjky740000gn/T/.tmpMtxbLg/tmp/ /var/folders/zg/vq0dnx517c54hg87dyqjky740000gn/T/.tmpMtxbLg/tmp//contigs.nodepath /var/folders/zg/vq0dnx517c54hg87dyqjky740000gn/T/.tmpMtxbLg/tmp//unitig_data.txt --threads 10

Input dir: /var/folders/zg/vq0dnx517c54hg87dyqjky740000gn/T/.tmpMtxbLg/tmp/
Minimizer length: 15
Kminmer length: 179
Density: 0.005

Loading unitig sequences

Creating mContigs

Contig filename: /var/folders/zg/vq0dnx517c54hg87dyqjky740000gn/T/.tmpMtxbLg/tmp//unitig_data.txt
pass done: 179
Multi-k pass: 180/204


metaMDBG graph /var/folders/zg/vq0dnx517c54hg87dyqjky740000gn/T/.tmpMtxbLg/tmp/ --threads 10 --corrected-read 

Contig filename: 
Output dir: /var/folders/zg/vq0dnx517c54hg87dyqjky740000gn/T/.tmpMtxbLg/tmp/
Minimizer length: 15
Kminmer length: 180
Density: 0.005
Min abundance: 0

Loading refined abundances
	Duration: 0
Collecting kminmers
Building mdbg
Duration: 0
Nb solid kminmers: 25280
Nb small contigs written: 0
Dump kminmer abundances
	Duration: 0
Indexing edges
Edge index size: 25383
Edge index elements: 47933
	Duration: 0
Compute unitig nodes
	Duration: 0
Index unitig edges
	Duration: 0
Compute unitig edges
	Duration: 0
Dump unitig abundances
	Duration: 0
Nb edges:   0


metaMDBG contig  /var/folders/zg/vq0dnx517c54hg87dyqjky740000gn/T/.tmpMtxbLg/tmp/ --threads 10

Input dir: /var/folders/zg/vq0dnx517c54hg87dyqjky740000gn/T/.tmpMtxbLg/tmp/
Minimizer length: 15
Kminmer length: 180
Density: 0.005

Loading unitig graph
Load unitigs
Nb unitigs: 233
Nb minimizers: 66987
Add unitig abundances
Sorting abundances
Add unitig edges
Nb unitig edges: 264
Sorting unitig edges
Done loading unitig graph
Simplifying
Max abundance: 42
Nb unitigs: 233
Superbubble
Nb superbubble removed: 0 0 (0s)
Tip
Nb Tip removed: 43 (0s)
Superbubble
Nb superbubble removed: 0 0 (0s)
Tip
Nb Tip removed: 0 (0s)
Nb errors removed: 37 (0s)
Superbubble
Nb superbubble removed: 0 0 (0s)
Tip
Nb Tip removed: 0 (0s)
Nb errors removed: 24 (0s)
Superbubble
Nb superbubble removed: 0 0 (0s)
Tip
Nb Tip removed: 0 (0s)
Nb errors removed: 13 (0s)
Superbubble
Nb superbubble removed: 0 0 (0s)
Tip
Nb Tip removed: 0 (0s)
Nb errors removed: 14 (0s)
Superbubble
Nb superbubble removed: 0 0 (0s)
Tip
Nb Tip removed: 0 (0s)
Nb errors removed: 18 (0s)
Superbubble
Nb superbubble removed: 0 0 (0s)
Tip
Nb Tip removed: 0 (0s)
Nb errors removed: 12 (0s)
Superbubble
Nb superbubble removed: 0 0 (0s)
Tip
Nb Tip removed: 0 (0s)
Nb errors removed: 9 (0s)
Superbubble
Nb superbubble removed: 0 0 (0s)
Tip
Nb Tip removed: 0 (0s)
Nb errors removed: 11 (0s)
Superbubble
Nb superbubble removed: 0 0 (0s)
Tip
Nb Tip removed: 0 (0s)
Nb errors removed: 6 (0s)
Superbubble
Nb superbubble removed: 0 0 (0s)
Tip
Nb Tip removed: 0 (0s)
Nb errors removed: 4 (0s)
Superbubble
Nb superbubble removed: 0 0 (0s)
Tip
Nb Tip removed: 0 (0s)
Nb errors removed: 13 (0s)
Superbubble
Nb superbubble removed: 0 0 (0s)
Tip
Nb Tip removed: 0 (0s)
Nb errors removed: 3 (0s)
Superbubble
Nb superbubble removed: 0 0 (0s)
Tip
Nb Tip removed: 0 (0s)
Nb errors removed: 1 (0s)
Superbubble
Nb superbubble removed: 0 0 (0s)
Tip
Nb Tip removed: 0 (0s)
Nb errors removed: 5 (0s)
Superbubble
Nb superbubble removed: 0 0 (0s)
Tip
Nb Tip removed: 0 (0s)
Nb errors removed: 1 (0s)
Superbubble
Nb superbubble removed: 0 0 (0s)
Tip
Nb Tip removed: 0 (0s)
Checksum: 0
Checksum abundnace: 0
Generating contigs
45.2593
28.1025
23.2252
15.8631
13.11
11.9182
10.8347
9.84974
8.14028
7.40025
6.11591
5.05447
4.17725
3.13843
2.14359
0


metaMDBG toMinspace  /var/folders/zg/vq0dnx517c54hg87dyqjky740000gn/T/.tmpMtxbLg/tmp/ /var/folders/zg/vq0dnx517c54hg87dyqjky740000gn/T/.tmpMtxbLg/tmp//contigs.nodepath /var/folders/zg/vq0dnx517c54hg87dyqjky740000gn/T/.tmpMtxbLg/tmp//unitig_data.txt --threads 10

Input dir: /var/folders/zg/vq0dnx517c54hg87dyqjky740000gn/T/.tmpMtxbLg/tmp/
Minimizer length: 15
Kminmer length: 180
Density: 0.005

Loading unitig sequences

Creating mContigs

Contig filename: /var/folders/zg/vq0dnx517c54hg87dyqjky740000gn/T/.tmpMtxbLg/tmp//unitig_data.txt
pass done: 180
Multi-k pass: 181/204


metaMDBG graph /var/folders/zg/vq0dnx517c54hg87dyqjky740000gn/T/.tmpMtxbLg/tmp/ --threads 10 --corrected-read 

Contig filename: 
Output dir: /var/folders/zg/vq0dnx517c54hg87dyqjky740000gn/T/.tmpMtxbLg/tmp/
Minimizer length: 15
Kminmer length: 181
Density: 0.005
Min abundance: 0

Loading refined abundances
	Duration: 0
Collecting kminmers
Building mdbg
Duration: 0
Nb solid kminmers: 25175
Nb small contigs written: 0
Dump kminmer abundances
	Duration: 0
Indexing edges
Edge index size: 25278
Edge index elements: 47708
	Duration: 0
Compute unitig nodes
	Duration: 0
Index unitig edges
	Duration: 0
Compute unitig edges
	Duration: 0
Dump unitig abundances
	Duration: 0
Nb edges:   0


metaMDBG contig  /var/folders/zg/vq0dnx517c54hg87dyqjky740000gn/T/.tmpMtxbLg/tmp/ --threads 10 --gen-graph 

Input dir: /var/folders/zg/vq0dnx517c54hg87dyqjky740000gn/T/.tmpMtxbLg/tmp/
Minimizer length: 15
Kminmer length: 181
Density: 0.005

Loading unitig graph
Load unitigs
Nb unitigs: 229
Nb minimizers: 66395
Add unitig abundances
Sorting abundances
Add unitig edges
Nb unitig edges: 252
Sorting unitig edges
Done loading unitig graph
Simplifying
Max abundance: 42
Nb unitigs: 229
Superbubble
Nb superbubble removed: 0 0 (0s)
Tip
Nb Tip removed: 42 (0s)
Superbubble
Nb superbubble removed: 0 0 (0s)
Tip
Nb Tip removed: 0 (0s)
Saving unitig graph: /var/folders/zg/vq0dnx517c54hg87dyqjky740000gn/T/.tmpMtxbLg/tmp//assembly_graph.gfa
Nb errors removed: 37 (0s)
Superbubble
Nb superbubble removed: 0 0 (0s)
Tip
Nb Tip removed: 0 (0s)
Nb errors removed: 23 (0s)
Superbubble
Nb superbubble removed: 0 0 (0s)
Tip
Nb Tip removed: 0 (0s)
Nb errors removed: 13 (0s)
Superbubble
Nb superbubble removed: 0 0 (0s)
Tip
Nb Tip removed: 0 (0s)
Nb errors removed: 13 (0s)
Superbubble
Nb superbubble removed: 0 0 (0s)
Tip
Nb Tip removed: 0 (0s)
Nb errors removed: 17 (0s)
Superbubble
Nb superbubble removed: 0 0 (0s)
Tip
Nb Tip removed: 0 (0s)
Nb errors removed: 12 (0s)
Superbubble
Nb superbubble removed: 0 0 (0s)
Tip
Nb Tip removed: 0 (0s)
Nb errors removed: 9 (0s)
Superbubble
Nb superbubble removed: 0 0 (0s)
Tip
Nb Tip removed: 0 (0s)
Nb errors removed: 11 (0s)
Superbubble
Nb superbubble removed: 0 0 (0s)
Tip
Nb Tip removed: 0 (0s)
Nb errors removed: 6 (0s)
Superbubble
Nb superbubble removed: 0 0 (0s)
Tip
Nb Tip removed: 0 (0s)
Nb errors removed: 4 (0s)
Superbubble
Nb superbubble removed: 0 0 (0s)
Tip
Nb Tip removed: 0 (0s)
Nb errors removed: 13 (0s)
Superbubble
Nb superbubble removed: 0 0 (0s)
Tip
Nb Tip removed: 0 (0s)
Nb errors removed: 4 (0s)
Superbubble
Nb superbubble removed: 0 0 (0s)
Tip
Nb Tip removed: 0 (0s)
Nb errors removed: 1 (0s)
Superbubble
Nb superbubble removed: 0 0 (0s)
Tip
Nb Tip removed: 0 (0s)
Nb errors removed: 5 (0s)
Superbubble
Nb superbubble removed: 0 0 (0s)
Tip
Nb Tip removed: 0 (0s)
Nb errors removed: 1 (0s)
Superbubble
Nb superbubble removed: 0 0 (0s)
Tip
Nb Tip removed: 0 (0s)
Checksum: 0
Checksum abundnace: 0
Generating contigs
45.2593
28.1025
23.2252
15.8631
13.11
11.9182
10.8347
9.84974
8.14028
7.40025
6.11591
5.05447
4.17725
3.13843
2.14359
0


metaMDBG toMinspace  /var/folders/zg/vq0dnx517c54hg87dyqjky740000gn/T/.tmpMtxbLg/tmp/ /var/folders/zg/vq0dnx517c54hg87dyqjky740000gn/T/.tmpMtxbLg/tmp//contigs.nodepath /var/folders/zg/vq0dnx517c54hg87dyqjky740000gn/T/.tmpMtxbLg/tmp//unitig_data.txt --threads 10

Input dir: /var/folders/zg/vq0dnx517c54hg87dyqjky740000gn/T/.tmpMtxbLg/tmp/
Minimizer length: 15
Kminmer length: 181
Density: 0.005

Loading unitig sequences

Creating mContigs

Contig filename: /var/folders/zg/vq0dnx517c54hg87dyqjky740000gn/T/.tmpMtxbLg/tmp//unitig_data.txt


metaMDBG toMinspace  /var/folders/zg/vq0dnx517c54hg87dyqjky740000gn/T/.tmpMtxbLg/tmp/ /var/folders/zg/vq0dnx517c54hg87dyqjky740000gn/T/.tmpMtxbLg/tmp//assembly_graph.gfa.unitigs.nodepath /var/folders/zg/vq0dnx517c54hg87dyqjky740000gn/T/.tmpMtxbLg/tmp//assembly_graph.gfa.unitigs --threads 10

Input dir: /var/folders/zg/vq0dnx517c54hg87dyqjky740000gn/T/.tmpMtxbLg/tmp/
Minimizer length: 15
Kminmer length: 181
Density: 0.005

Loading unitig sequences

Creating mContigs

Contig filename: /var/folders/zg/vq0dnx517c54hg87dyqjky740000gn/T/.tmpMtxbLg/tmp//assembly_graph.gfa.unitigs
pass done: 181
Multi-k pass: 182/204


metaMDBG graph /var/folders/zg/vq0dnx517c54hg87dyqjky740000gn/T/.tmpMtxbLg/tmp/ --threads 10 --corrected-read 

Contig filename: 
Output dir: /var/folders/zg/vq0dnx517c54hg87dyqjky740000gn/T/.tmpMtxbLg/tmp/
Minimizer length: 15
Kminmer length: 182
Density: 0.005
Min abundance: 0

Loading refined abundances
	Duration: 0
Collecting kminmers
Building mdbg
Duration: 0
Nb solid kminmers: 25070
Nb small contigs written: 0
Dump kminmer abundances
	Duration: 0
Indexing edges
Edge index size: 25171
Edge index elements: 47632
	Duration: 0
Compute unitig nodes
	Duration: 0
Index unitig edges
	Duration: 0
Compute unitig edges
	Duration: 0
Dump unitig abundances
	Duration: 0
Nb edges:   0


metaMDBG contig  /var/folders/zg/vq0dnx517c54hg87dyqjky740000gn/T/.tmpMtxbLg/tmp/ --threads 10

Input dir: /var/folders/zg/vq0dnx517c54hg87dyqjky740000gn/T/.tmpMtxbLg/tmp/
Minimizer length: 15
Kminmer length: 182
Density: 0.005

Loading unitig graph
Load unitigs
Nb unitigs: 223
Nb minimizers: 65433
Add unitig abundances
Sorting abundances
Add unitig edges
Nb unitig edges: 244
Sorting unitig edges
Done loading unitig graph
Simplifying
Max abundance: 42
Nb unitigs: 223
Superbubble
Nb superbubble removed: 0 0 (0s)
Tip
Nb Tip removed: 40 (0s)
Superbubble
Nb superbubble removed: 0 0 (0s)
Tip
Nb Tip removed: 0 (0s)
Nb errors removed: 36 (0s)
Superbubble
Nb superbubble removed: 0 0 (0s)
Tip
Nb Tip removed: 0 (0s)
Nb errors removed: 20 (0s)
Superbubble
Nb superbubble removed: 0 0 (0s)
Tip
Nb Tip removed: 0 (0s)
Nb errors removed: 13 (0s)
Superbubble
Nb superbubble removed: 0 0 (0s)
Tip
Nb Tip removed: 0 (0s)
Nb errors removed: 13 (0s)
Superbubble
Nb superbubble removed: 0 0 (0s)
Tip
Nb Tip removed: 0 (0s)
Nb errors removed: 17 (0s)
Superbubble
Nb superbubble removed: 0 0 (0s)
Tip
Nb Tip removed: 0 (0s)
Nb errors removed: 12 (0s)
Superbubble
Nb superbubble removed: 0 0 (0s)
Tip
Nb Tip removed: 0 (0s)
Nb errors removed: 9 (0s)
Superbubble
Nb superbubble removed: 0 0 (0s)
Tip
Nb Tip removed: 0 (0s)
Nb errors removed: 11 (0s)
Superbubble
Nb superbubble removed: 0 0 (0s)
Tip
Nb Tip removed: 0 (0s)
Nb errors removed: 6 (0s)
Superbubble
Nb superbubble removed: 0 0 (0s)
Tip
Nb Tip removed: 0 (0s)
Nb errors removed: 4 (0s)
Superbubble
Nb superbubble removed: 0 0 (0s)
Tip
Nb Tip removed: 0 (0s)
Nb errors removed: 13 (0s)
Superbubble
Nb superbubble removed: 0 0 (0s)
Tip
Nb Tip removed: 0 (0s)
Nb errors removed: 4 (0s)
Superbubble
Nb superbubble removed: 0 0 (0s)
Tip
Nb Tip removed: 0 (0s)
Nb errors removed: 1 (0s)
Superbubble
Nb superbubble removed: 0 0 (0s)
Tip
Nb Tip removed: 0 (0s)
Nb errors removed: 5 (0s)
Superbubble
Nb superbubble removed: 0 0 (0s)
Tip
Nb Tip removed: 0 (0s)
Nb errors removed: 1 (0s)
Superbubble
Nb superbubble removed: 0 0 (0s)
Tip
Nb Tip removed: 0 (0s)
Checksum: 0
Checksum abundnace: 0
Generating contigs
45.2593
28.1025
23.2252
15.8631
13.11
11.9182
10.8347
9.84974
8.14028
7.40025
6.11591
5.05447
4.17725
3.13843
2.14359
0


metaMDBG toMinspace  /var/folders/zg/vq0dnx517c54hg87dyqjky740000gn/T/.tmpMtxbLg/tmp/ /var/folders/zg/vq0dnx517c54hg87dyqjky740000gn/T/.tmpMtxbLg/tmp//contigs.nodepath /var/folders/zg/vq0dnx517c54hg87dyqjky740000gn/T/.tmpMtxbLg/tmp//unitig_data.txt --threads 10

Input dir: /var/folders/zg/vq0dnx517c54hg87dyqjky740000gn/T/.tmpMtxbLg/tmp/
Minimizer length: 15
Kminmer length: 182
Density: 0.005

Loading unitig sequences

Creating mContigs

Contig filename: /var/folders/zg/vq0dnx517c54hg87dyqjky740000gn/T/.tmpMtxbLg/tmp//unitig_data.txt
pass done: 182
Multi-k pass: 183/204


metaMDBG graph /var/folders/zg/vq0dnx517c54hg87dyqjky740000gn/T/.tmpMtxbLg/tmp/ --threads 10 --corrected-read 

Contig filename: 
Output dir: /var/folders/zg/vq0dnx517c54hg87dyqjky740000gn/T/.tmpMtxbLg/tmp/
Minimizer length: 15
Kminmer length: 183
Density: 0.005
Min abundance: 0

Loading refined abundances
	Duration: 0
Collecting kminmers
Building mdbg
Duration: 0
Nb solid kminmers: 24969
Nb small contigs written: 0
Dump kminmer abundances
	Duration: 0
Indexing edges
Edge index size: 25067
Edge index elements: 47366
	Duration: 0
Compute unitig nodes
	Duration: 0
Index unitig edges
	Duration: 0
Compute unitig edges
	Duration: 0
Dump unitig abundances
	Duration: 0
Nb edges:   0


metaMDBG contig  /var/folders/zg/vq0dnx517c54hg87dyqjky740000gn/T/.tmpMtxbLg/tmp/ --threads 10

Input dir: /var/folders/zg/vq0dnx517c54hg87dyqjky740000gn/T/.tmpMtxbLg/tmp/
Minimizer length: 15
Kminmer length: 183
Density: 0.005

Loading unitig graph
Load unitigs
Nb unitigs: 219
Nb minimizers: 64827
Add unitig abundances
Sorting abundances
Add unitig edges
Nb unitig edges: 244
Sorting unitig edges
Done loading unitig graph
Simplifying
Max abundance: 42
Nb unitigs: 219
Superbubble
Nb superbubble removed: 0 0 (0s)
Tip
Nb Tip removed: 40 (0s)
Superbubble
Nb superbubble removed: 0 0 (0s)
Tip
Nb Tip removed: 0 (0s)
Nb errors removed: 36 (0s)
Superbubble
Nb superbubble removed: 0 0 (0s)
Tip
Nb Tip removed: 0 (0s)
Nb errors removed: 18 (0s)
Superbubble
Nb superbubble removed: 0 0 (0s)
Tip
Nb Tip removed: 0 (0s)
Nb errors removed: 13 (0s)
Superbubble
Nb superbubble removed: 0 0 (0s)
Tip
Nb Tip removed: 0 (0s)
Nb errors removed: 12 (0s)
Superbubble
Nb superbubble removed: 0 0 (0s)
Tip
Nb Tip removed: 0 (0s)
Nb errors removed: 17 (0s)
Superbubble
Nb superbubble removed: 0 0 (0s)
Tip
Nb Tip removed: 0 (0s)
Nb errors removed: 12 (0s)
Superbubble
Nb superbubble removed: 0 0 (0s)
Tip
Nb Tip removed: 0 (0s)
Nb errors removed: 9 (0s)
Superbubble
Nb superbubble removed: 0 0 (0s)
Tip
Nb Tip removed: 0 (0s)
Nb errors removed: 11 (0s)
Superbubble
Nb superbubble removed: 0 0 (0s)
Tip
Nb Tip removed: 0 (0s)
Nb errors removed: 6 (0s)
Superbubble
Nb superbubble removed: 0 0 (0s)
Tip
Nb Tip removed: 0 (0s)
Nb errors removed: 4 (0s)
Superbubble
Nb superbubble removed: 0 0 (0s)
Tip
Nb Tip removed: 0 (0s)
Nb errors removed: 13 (0s)
Superbubble
Nb superbubble removed: 0 0 (0s)
Tip
Nb Tip removed: 0 (0s)
Nb errors removed: 4 (0s)
Superbubble
Nb superbubble removed: 0 0 (0s)
Tip
Nb Tip removed: 0 (0s)
Nb errors removed: 1 (0s)
Superbubble
Nb superbubble removed: 0 0 (0s)
Tip
Nb Tip removed: 0 (0s)
Nb errors removed: 5 (0s)
Superbubble
Nb superbubble removed: 0 0 (0s)
Tip
Nb Tip removed: 0 (0s)
Nb errors removed: 1 (0s)
Superbubble
Nb superbubble removed: 0 0 (0s)
Tip
Nb Tip removed: 0 (0s)
Checksum: 0
Checksum abundnace: 0
Generating contigs
45.2593
28.1025
23.2252
15.8631
13.11
11.9182
10.8347
9.84974
8.14028
7.40025
6.11591
5.05447
4.17725
3.13843
2.14359
0


metaMDBG toMinspace  /var/folders/zg/vq0dnx517c54hg87dyqjky740000gn/T/.tmpMtxbLg/tmp/ /var/folders/zg/vq0dnx517c54hg87dyqjky740000gn/T/.tmpMtxbLg/tmp//contigs.nodepath /var/folders/zg/vq0dnx517c54hg87dyqjky740000gn/T/.tmpMtxbLg/tmp//unitig_data.txt --threads 10

Input dir: /var/folders/zg/vq0dnx517c54hg87dyqjky740000gn/T/.tmpMtxbLg/tmp/
Minimizer length: 15
Kminmer length: 183
Density: 0.005

Loading unitig sequences

Creating mContigs

Contig filename: /var/folders/zg/vq0dnx517c54hg87dyqjky740000gn/T/.tmpMtxbLg/tmp//unitig_data.txt
pass done: 183
Multi-k pass: 184/204


metaMDBG graph /var/folders/zg/vq0dnx517c54hg87dyqjky740000gn/T/.tmpMtxbLg/tmp/ --threads 10 --corrected-read 

Contig filename: 
Output dir: /var/folders/zg/vq0dnx517c54hg87dyqjky740000gn/T/.tmpMtxbLg/tmp/
Minimizer length: 15
Kminmer length: 184
Density: 0.005
Min abundance: 0

Loading refined abundances
	Duration: 0
Collecting kminmers
Building mdbg
Duration: 0
Nb solid kminmers: 24868
Nb small contigs written: 0
Dump kminmer abundances
	Duration: 0
Indexing edges
Edge index size: 24968
Edge index elements: 47176
	Duration: 0
Compute unitig nodes
	Duration: 0
Index unitig edges
	Duration: 0
Compute unitig edges
	Duration: 0
Dump unitig abundances
	Duration: 0
Nb edges:   0


metaMDBG contig  /var/folders/zg/vq0dnx517c54hg87dyqjky740000gn/T/.tmpMtxbLg/tmp/ --threads 10

Input dir: /var/folders/zg/vq0dnx517c54hg87dyqjky740000gn/T/.tmpMtxbLg/tmp/
Minimizer length: 15
Kminmer length: 184
Density: 0.005

Loading unitig graph
Load unitigs
Nb unitigs: 216
Nb minimizers: 64396
Add unitig abundances
Sorting abundances
Add unitig edges
Nb unitig edges: 232
Sorting unitig edges
Done loading unitig graph
Simplifying
Max abundance: 42
Nb unitigs: 216
Superbubble
Nb superbubble removed: 0 0 (0s)
Tip
Nb Tip removed: 39 (0s)
Superbubble
Nb superbubble removed: 0 0 (0s)
Tip
Nb Tip removed: 0 (0s)
Nb errors removed: 36 (0s)
Superbubble
Nb superbubble removed: 0 0 (0s)
Tip
Nb Tip removed: 0 (0s)
Nb errors removed: 18 (0s)
Superbubble
Nb superbubble removed: 0 0 (0s)
Tip
Nb Tip removed: 0 (0s)
Nb errors removed: 13 (0s)
Superbubble
Nb superbubble removed: 0 0 (0s)
Tip
Nb Tip removed: 0 (0s)
Nb errors removed: 12 (0s)
Superbubble
Nb superbubble removed: 0 0 (0s)
Tip
Nb Tip removed: 0 (0s)
Nb errors removed: 17 (0s)
Superbubble
Nb superbubble removed: 0 0 (0s)
Tip
Nb Tip removed: 0 (0s)
Nb errors removed: 12 (0s)
Superbubble
Nb superbubble removed: 0 0 (0s)
Tip
Nb Tip removed: 0 (0s)
Nb errors removed: 9 (0s)
Superbubble
Nb superbubble removed: 0 0 (0s)
Tip
Nb Tip removed: 0 (0s)
Nb errors removed: 11 (0s)
Superbubble
Nb superbubble removed: 0 0 (0s)
Tip
Nb Tip removed: 0 (0s)
Nb errors removed: 6 (0s)
Superbubble
Nb superbubble removed: 0 0 (0s)
Tip
Nb Tip removed: 0 (0s)
Nb errors removed: 3 (0s)
Superbubble
Nb superbubble removed: 0 0 (0s)
Tip
Nb Tip removed: 0 (0s)
Nb errors removed: 13 (0s)
Superbubble
Nb superbubble removed: 0 0 (0s)
Tip
Nb Tip removed: 0 (0s)
Nb errors removed: 4 (0s)
Superbubble
Nb superbubble removed: 0 0 (0s)
Tip
Nb Tip removed: 0 (0s)
Nb errors removed: 1 (0s)
Superbubble
Nb superbubble removed: 0 0 (0s)
Tip
Nb Tip removed: 0 (0s)
Nb errors removed: 5 (0s)
Superbubble
Nb superbubble removed: 0 0 (0s)
Tip
Nb Tip removed: 0 (0s)
Nb errors removed: 1 (0s)
Superbubble
Nb superbubble removed: 0 0 (0s)
Tip
Nb Tip removed: 0 (0s)
Checksum: 0
Checksum abundnace: 0
Generating contigs
45.2593
28.1025
23.2252
15.8631
13.11
11.9182
10.8347
9.84974
8.14028
7.40025
6.11591
5.05447
4.17725
3.13843
2.14359
0


metaMDBG toMinspace  /var/folders/zg/vq0dnx517c54hg87dyqjky740000gn/T/.tmpMtxbLg/tmp/ /var/folders/zg/vq0dnx517c54hg87dyqjky740000gn/T/.tmpMtxbLg/tmp//contigs.nodepath /var/folders/zg/vq0dnx517c54hg87dyqjky740000gn/T/.tmpMtxbLg/tmp//unitig_data.txt --threads 10

Input dir: /var/folders/zg/vq0dnx517c54hg87dyqjky740000gn/T/.tmpMtxbLg/tmp/
Minimizer length: 15
Kminmer length: 184
Density: 0.005

Loading unitig sequences

Creating mContigs

Contig filename: /var/folders/zg/vq0dnx517c54hg87dyqjky740000gn/T/.tmpMtxbLg/tmp//unitig_data.txt
pass done: 184
Multi-k pass: 185/204


metaMDBG graph /var/folders/zg/vq0dnx517c54hg87dyqjky740000gn/T/.tmpMtxbLg/tmp/ --threads 10 --corrected-read 

Contig filename: 
Output dir: /var/folders/zg/vq0dnx517c54hg87dyqjky740000gn/T/.tmpMtxbLg/tmp/
Minimizer length: 15
Kminmer length: 185
Density: 0.005
Min abundance: 0

Loading refined abundances
	Duration: 0
Collecting kminmers
Building mdbg
Duration: 0
Nb solid kminmers: 24768
Nb small contigs written: 0
Dump kminmer abundances
	Duration: 0
Indexing edges
Edge index size: 24865
Edge index elements: 47084
	Duration: 0
Compute unitig nodes
	Duration: 0
Index unitig edges
	Duration: 0
Compute unitig edges
	Duration: 0
Dump unitig abundances
	Duration: 0
Nb edges:   0


metaMDBG contig  /var/folders/zg/vq0dnx517c54hg87dyqjky740000gn/T/.tmpMtxbLg/tmp/ --threads 10

Input dir: /var/folders/zg/vq0dnx517c54hg87dyqjky740000gn/T/.tmpMtxbLg/tmp/
Minimizer length: 15
Kminmer length: 185
Density: 0.005

Loading unitig graph
Load unitigs
Nb unitigs: 213
Nb minimizers: 63960
Add unitig abundances
Sorting abundances
Add unitig edges
Nb unitig edges: 232
Sorting unitig edges
Done loading unitig graph
Simplifying
Max abundance: 42
Nb unitigs: 213
Superbubble
Nb superbubble removed: 0 0 (0s)
Tip
Nb Tip removed: 39 (0s)
Superbubble
Nb superbubble removed: 0 0 (0s)
Tip
Nb Tip removed: 0 (0s)
Nb errors removed: 35 (0s)
Superbubble
Nb superbubble removed: 0 0 (0s)
Tip
Nb Tip removed: 0 (0s)
Nb errors removed: 17 (0s)
Superbubble
Nb superbubble removed: 0 0 (0s)
Tip
Nb Tip removed: 0 (0s)
Nb errors removed: 13 (0s)
Superbubble
Nb superbubble removed: 0 0 (0s)
Tip
Nb Tip removed: 0 (0s)
Nb errors removed: 12 (0s)
Superbubble
Nb superbubble removed: 0 0 (0s)
Tip
Nb Tip removed: 0 (0s)
Nb errors removed: 16 (0s)
Superbubble
Nb superbubble removed: 0 0 (0s)
Tip
Nb Tip removed: 0 (0s)
Nb errors removed: 12 (0s)
Superbubble
Nb superbubble removed: 0 0 (0s)
Tip
Nb Tip removed: 0 (0s)
Nb errors removed: 9 (0s)
Superbubble
Nb superbubble removed: 0 0 (0s)
Tip
Nb Tip removed: 0 (0s)
Nb errors removed: 11 (0s)
Superbubble
Nb superbubble removed: 0 0 (0s)
Tip
Nb Tip removed: 0 (0s)
Nb errors removed: 6 (0s)
Superbubble
Nb superbubble removed: 0 0 (0s)
Tip
Nb Tip removed: 0 (0s)
Nb errors removed: 3 (0s)
Superbubble
Nb superbubble removed: 0 0 (0s)
Tip
Nb Tip removed: 0 (0s)
Nb errors removed: 13 (0s)
Superbubble
Nb superbubble removed: 0 0 (0s)
Tip
Nb Tip removed: 0 (0s)
Nb errors removed: 4 (0s)
Superbubble
Nb superbubble removed: 0 0 (0s)
Tip
Nb Tip removed: 0 (0s)
Nb errors removed: 1 (0s)
Superbubble
Nb superbubble removed: 0 0 (0s)
Tip
Nb Tip removed: 0 (0s)
Nb errors removed: 5 (0s)
Superbubble
Nb superbubble removed: 0 0 (0s)
Tip
Nb Tip removed: 0 (0s)
Nb errors removed: 1 (0s)
Superbubble
Nb superbubble removed: 0 0 (0s)
Tip
Nb Tip removed: 0 (0s)
Checksum: 0
Checksum abundnace: 0
Generating contigs
45.2593
28.1025
23.2252
15.8631
13.11
11.9182
10.8347
9.84974
8.14028
7.40025
6.11591
5.05447
4.17725
3.13843
2.14359
0


metaMDBG toMinspace  /var/folders/zg/vq0dnx517c54hg87dyqjky740000gn/T/.tmpMtxbLg/tmp/ /var/folders/zg/vq0dnx517c54hg87dyqjky740000gn/T/.tmpMtxbLg/tmp//contigs.nodepath /var/folders/zg/vq0dnx517c54hg87dyqjky740000gn/T/.tmpMtxbLg/tmp//unitig_data.txt --threads 10

Input dir: /var/folders/zg/vq0dnx517c54hg87dyqjky740000gn/T/.tmpMtxbLg/tmp/
Minimizer length: 15
Kminmer length: 185
Density: 0.005

Loading unitig sequences

Creating mContigs

Contig filename: /var/folders/zg/vq0dnx517c54hg87dyqjky740000gn/T/.tmpMtxbLg/tmp//unitig_data.txt
pass done: 185
Multi-k pass: 186/204


metaMDBG graph /var/folders/zg/vq0dnx517c54hg87dyqjky740000gn/T/.tmpMtxbLg/tmp/ --threads 10 --corrected-read 

Contig filename: 
Output dir: /var/folders/zg/vq0dnx517c54hg87dyqjky740000gn/T/.tmpMtxbLg/tmp/
Minimizer length: 15
Kminmer length: 186
Density: 0.005
Min abundance: 0

Loading refined abundances
	Duration: 0
Collecting kminmers
Building mdbg
Duration: 0
Nb solid kminmers: 24670
Nb small contigs written: 0
Dump kminmer abundances
	Duration: 0
Indexing edges
Edge index size: 24766
Edge index elements: 46981
	Duration: 0
Compute unitig nodes
	Duration: 0
Index unitig edges
	Duration: 0
Compute unitig edges
	Duration: 0
Dump unitig abundances
	Duration: 0
Nb edges:   0


metaMDBG contig  /var/folders/zg/vq0dnx517c54hg87dyqjky740000gn/T/.tmpMtxbLg/tmp/ --threads 10

Input dir: /var/folders/zg/vq0dnx517c54hg87dyqjky740000gn/T/.tmpMtxbLg/tmp/
Minimizer length: 15
Kminmer length: 186
Density: 0.005

Loading unitig graph
Load unitigs
Nb unitigs: 210
Nb minimizers: 63520
Add unitig abundances
Sorting abundances
Add unitig edges
Nb unitig edges: 228
Sorting unitig edges
Done loading unitig graph
Simplifying
Max abundance: 42
Nb unitigs: 210
Superbubble
Nb superbubble removed: 0 0 (0s)
Tip
Nb Tip removed: 40 (0s)
Superbubble
Nb superbubble removed: 0 0 (0s)
Tip
Nb Tip removed: 0 (0s)
Nb errors removed: 35 (0s)
Superbubble
Nb superbubble removed: 0 0 (0s)
Tip
Nb Tip removed: 0 (0s)
Nb errors removed: 17 (0s)
Superbubble
Nb superbubble removed: 0 0 (0s)
Tip
Nb Tip removed: 0 (0s)
Nb errors removed: 13 (0s)
Superbubble
Nb superbubble removed: 0 0 (0s)
Tip
Nb Tip removed: 0 (0s)
Nb errors removed: 12 (0s)
Superbubble
Nb superbubble removed: 0 0 (0s)
Tip
Nb Tip removed: 0 (0s)
Nb errors removed: 15 (0s)
Superbubble
Nb superbubble removed: 0 0 (0s)
Tip
Nb Tip removed: 0 (0s)
Nb errors removed: 11 (0s)
Superbubble
Nb superbubble removed: 0 0 (0s)
Tip
Nb Tip removed: 0 (0s)
Nb errors removed: 9 (0s)
Superbubble
Nb superbubble removed: 0 0 (0s)
Tip
Nb Tip removed: 0 (0s)
Nb errors removed: 11 (0s)
Superbubble
Nb superbubble removed: 0 0 (0s)
Tip
Nb Tip removed: 0 (0s)
Nb errors removed: 6 (0s)
Superbubble
Nb superbubble removed: 0 0 (0s)
Tip
Nb Tip removed: 0 (0s)
Nb errors removed: 3 (0s)
Superbubble
Nb superbubble removed: 0 0 (0s)
Tip
Nb Tip removed: 0 (0s)
Nb errors removed: 13 (0s)
Superbubble
Nb superbubble removed: 0 0 (0s)
Tip
Nb Tip removed: 0 (0s)
Nb errors removed: 4 (0s)
Superbubble
Nb superbubble removed: 0 0 (0s)
Tip
Nb Tip removed: 0 (0s)
Nb errors removed: 1 (0s)
Superbubble
Nb superbubble removed: 0 0 (0s)
Tip
Nb Tip removed: 0 (0s)
Nb errors removed: 5 (0s)
Superbubble
Nb superbubble removed: 0 0 (0s)
Tip
Nb Tip removed: 0 (0s)
Nb errors removed: 1 (0s)
Superbubble
Nb superbubble removed: 0 0 (0s)
Tip
Nb Tip removed: 0 (0s)
Checksum: 0
Checksum abundnace: 0
Generating contigs
45.2593
28.1025
23.2252
15.8631
13.11
11.9182
10.8347
9.84974
8.14028
7.40025
6.11591
5.05447
4.17725
3.13843
2.14359
0


metaMDBG toMinspace  /var/folders/zg/vq0dnx517c54hg87dyqjky740000gn/T/.tmpMtxbLg/tmp/ /var/folders/zg/vq0dnx517c54hg87dyqjky740000gn/T/.tmpMtxbLg/tmp//contigs.nodepath /var/folders/zg/vq0dnx517c54hg87dyqjky740000gn/T/.tmpMtxbLg/tmp//unitig_data.txt --threads 10

Input dir: /var/folders/zg/vq0dnx517c54hg87dyqjky740000gn/T/.tmpMtxbLg/tmp/
Minimizer length: 15
Kminmer length: 186
Density: 0.005

Loading unitig sequences

Creating mContigs

Contig filename: /var/folders/zg/vq0dnx517c54hg87dyqjky740000gn/T/.tmpMtxbLg/tmp//unitig_data.txt
pass done: 186
Multi-k pass: 187/204


metaMDBG graph /var/folders/zg/vq0dnx517c54hg87dyqjky740000gn/T/.tmpMtxbLg/tmp/ --threads 10 --corrected-read 

Contig filename: 
Output dir: /var/folders/zg/vq0dnx517c54hg87dyqjky740000gn/T/.tmpMtxbLg/tmp/
Minimizer length: 15
Kminmer length: 187
Density: 0.005
Min abundance: 0

Loading refined abundances
	Duration: 0
Collecting kminmers
Building mdbg
Duration: 0
Nb solid kminmers: 24572
Nb small contigs written: 0
Dump kminmer abundances
	Duration: 0
Indexing edges
Edge index size: 24669
Edge index elements: 46867
	Duration: 0
Compute unitig nodes
	Duration: 0
Index unitig edges
	Duration: 0
Compute unitig edges
	Duration: 0
Dump unitig abundances
	Duration: 0
Nb edges:   0


metaMDBG contig  /var/folders/zg/vq0dnx517c54hg87dyqjky740000gn/T/.tmpMtxbLg/tmp/ --threads 10

Input dir: /var/folders/zg/vq0dnx517c54hg87dyqjky740000gn/T/.tmpMtxbLg/tmp/
Minimizer length: 15
Kminmer length: 187
Density: 0.005

Loading unitig graph
Load unitigs
Nb unitigs: 207
Nb minimizers: 63074
Add unitig abundances
Sorting abundances
Add unitig edges
Nb unitig edges: 220
Sorting unitig edges
Done loading unitig graph
Simplifying
Max abundance: 42
Nb unitigs: 207
Superbubble
Nb superbubble removed: 0 0 (0s)
Tip
Nb Tip removed: 38 (0s)
Superbubble
Nb superbubble removed: 0 0 (0s)
Tip
Nb Tip removed: 0 (0s)
Nb errors removed: 34 (0s)
Superbubble
Nb superbubble removed: 0 0 (0s)
Tip
Nb Tip removed: 0 (0s)
Nb errors removed: 17 (0s)
Superbubble
Nb superbubble removed: 0 0 (0s)
Tip
Nb Tip removed: 0 (0s)
Nb errors removed: 13 (0s)
Superbubble
Nb superbubble removed: 0 0 (0s)
Tip
Nb Tip removed: 0 (0s)
Nb errors removed: 12 (0s)
Superbubble
Nb superbubble removed: 0 0 (0s)
Tip
Nb Tip removed: 0 (0s)
Nb errors removed: 15 (0s)
Superbubble
Nb superbubble removed: 0 0 (0s)
Tip
Nb Tip removed: 0 (0s)
Nb errors removed: 11 (0s)
Superbubble
Nb superbubble removed: 0 0 (0s)
Tip
Nb Tip removed: 0 (0s)
Nb errors removed: 9 (0s)
Superbubble
Nb superbubble removed: 0 0 (0s)
Tip
Nb Tip removed: 0 (0s)
Nb errors removed: 11 (0s)
Superbubble
Nb superbubble removed: 0 0 (0s)
Tip
Nb Tip removed: 0 (0s)
Nb errors removed: 6 (0s)
Superbubble
Nb superbubble removed: 0 0 (0s)
Tip
Nb Tip removed: 0 (0s)
Nb errors removed: 3 (0s)
Superbubble
Nb superbubble removed: 0 0 (0s)
Tip
Nb Tip removed: 0 (0s)
Nb errors removed: 13 (0s)
Superbubble
Nb superbubble removed: 0 0 (0s)
Tip
Nb Tip removed: 0 (0s)
Nb errors removed: 4 (0s)
Superbubble
Nb superbubble removed: 0 0 (0s)
Tip
Nb Tip removed: 0 (0s)
Nb errors removed: 1 (0s)
Superbubble
Nb superbubble removed: 0 0 (0s)
Tip
Nb Tip removed: 0 (0s)
Nb errors removed: 4 (0s)
Superbubble
Nb superbubble removed: 0 0 (0s)
Tip
Nb Tip removed: 0 (0s)
Nb errors removed: 1 (0s)
Superbubble
Nb superbubble removed: 0 0 (0s)
Tip
Nb Tip removed: 0 (0s)
Checksum: 0
Checksum abundnace: 0
Generating contigs
45.2593
28.1025
23.2252
15.8631
13.11
11.9182
10.8347
9.84974
8.14028
7.40025
6.11591
5.05447
4.17725
3.13843
2.14359
0


metaMDBG toMinspace  /var/folders/zg/vq0dnx517c54hg87dyqjky740000gn/T/.tmpMtxbLg/tmp/ /var/folders/zg/vq0dnx517c54hg87dyqjky740000gn/T/.tmpMtxbLg/tmp//contigs.nodepath /var/folders/zg/vq0dnx517c54hg87dyqjky740000gn/T/.tmpMtxbLg/tmp//unitig_data.txt --threads 10

Input dir: /var/folders/zg/vq0dnx517c54hg87dyqjky740000gn/T/.tmpMtxbLg/tmp/
Minimizer length: 15
Kminmer length: 187
Density: 0.005

Loading unitig sequences

Creating mContigs

Contig filename: /var/folders/zg/vq0dnx517c54hg87dyqjky740000gn/T/.tmpMtxbLg/tmp//unitig_data.txt
pass done: 187
Multi-k pass: 188/204


metaMDBG graph /var/folders/zg/vq0dnx517c54hg87dyqjky740000gn/T/.tmpMtxbLg/tmp/ --threads 10 --corrected-read 

Contig filename: 
Output dir: /var/folders/zg/vq0dnx517c54hg87dyqjky740000gn/T/.tmpMtxbLg/tmp/
Minimizer length: 15
Kminmer length: 188
Density: 0.005
Min abundance: 0

Loading refined abundances
	Duration: 0
Collecting kminmers
Building mdbg
Duration: 0
Nb solid kminmers: 24475
Nb small contigs written: 0
Dump kminmer abundances
	Duration: 0
Indexing edges
Edge index size: 24570
Edge index elements: 46761
	Duration: 0
Compute unitig nodes
	Duration: 0
Index unitig edges
	Duration: 0
Compute unitig edges
	Duration: 0
Dump unitig abundances
	Duration: 0
Nb edges:   0


metaMDBG contig  /var/folders/zg/vq0dnx517c54hg87dyqjky740000gn/T/.tmpMtxbLg/tmp/ --threads 10

Input dir: /var/folders/zg/vq0dnx517c54hg87dyqjky740000gn/T/.tmpMtxbLg/tmp/
Minimizer length: 15
Kminmer length: 188
Density: 0.005

Loading unitig graph
Load unitigs
Nb unitigs: 205
Nb minimizers: 62810
Add unitig abundances
Sorting abundances
Add unitig edges
Nb unitig edges: 220
Sorting unitig edges
Done loading unitig graph
Simplifying
Max abundance: 42
Nb unitigs: 205
Superbubble
Nb superbubble removed: 0 0 (0s)
Tip
Nb Tip removed: 38 (0s)
Superbubble
Nb superbubble removed: 0 0 (0s)
Tip
Nb Tip removed: 0 (0s)
Nb errors removed: 34 (0s)
Superbubble
Nb superbubble removed: 0 0 (0s)
Tip
Nb Tip removed: 0 (0s)
Nb errors removed: 17 (0s)
Superbubble
Nb superbubble removed: 0 0 (0s)
Tip
Nb Tip removed: 0 (0s)
Nb errors removed: 12 (0s)
Superbubble
Nb superbubble removed: 0 0 (0s)
Tip
Nb Tip removed: 0 (0s)
Nb errors removed: 11 (0s)
Superbubble
Nb superbubble removed: 0 0 (0s)
Tip
Nb Tip removed: 0 (0s)
Nb errors removed: 15 (0s)
Superbubble
Nb superbubble removed: 0 0 (0s)
Tip
Nb Tip removed: 0 (0s)
Nb errors removed: 11 (0s)
Superbubble
Nb superbubble removed: 0 0 (0s)
Tip
Nb Tip removed: 0 (0s)
Nb errors removed: 9 (0s)
Superbubble
Nb superbubble removed: 0 0 (0s)
Tip
Nb Tip removed: 0 (0s)
Nb errors removed: 11 (0s)
Superbubble
Nb superbubble removed: 0 0 (0s)
Tip
Nb Tip removed: 0 (0s)
Nb errors removed: 6 (0s)
Superbubble
Nb superbubble removed: 0 0 (0s)
Tip
Nb Tip removed: 0 (0s)
Nb errors removed: 3 (0s)
Superbubble
Nb superbubble removed: 0 0 (0s)
Tip
Nb Tip removed: 0 (0s)
Nb errors removed: 13 (0s)
Superbubble
Nb superbubble removed: 0 0 (0s)
Tip
Nb Tip removed: 0 (0s)
Nb errors removed: 4 (0s)
Superbubble
Nb superbubble removed: 0 0 (0s)
Tip
Nb Tip removed: 0 (0s)
Nb errors removed: 1 (0s)
Superbubble
Nb superbubble removed: 0 0 (0s)
Tip
Nb Tip removed: 0 (0s)
Nb errors removed: 4 (0s)
Superbubble
Nb superbubble removed: 0 0 (0s)
Tip
Nb Tip removed: 0 (0s)
Nb errors removed: 1 (0s)
Superbubble
Nb superbubble removed: 0 0 (0s)
Tip
Nb Tip removed: 0 (0s)
Checksum: 0
Checksum abundnace: 0
Generating contigs
45.2593
28.1025
23.2252
15.8631
13.11
11.9182
10.8347
9.84974
8.14028
7.40025
6.11591
5.05447
4.17725
3.13843
2.14359
0


metaMDBG toMinspace  /var/folders/zg/vq0dnx517c54hg87dyqjky740000gn/T/.tmpMtxbLg/tmp/ /var/folders/zg/vq0dnx517c54hg87dyqjky740000gn/T/.tmpMtxbLg/tmp//contigs.nodepath /var/folders/zg/vq0dnx517c54hg87dyqjky740000gn/T/.tmpMtxbLg/tmp//unitig_data.txt --threads 10

Input dir: /var/folders/zg/vq0dnx517c54hg87dyqjky740000gn/T/.tmpMtxbLg/tmp/
Minimizer length: 15
Kminmer length: 188
Density: 0.005

Loading unitig sequences

Creating mContigs

Contig filename: /var/folders/zg/vq0dnx517c54hg87dyqjky740000gn/T/.tmpMtxbLg/tmp//unitig_data.txt
pass done: 188
Multi-k pass: 189/204


metaMDBG graph /var/folders/zg/vq0dnx517c54hg87dyqjky740000gn/T/.tmpMtxbLg/tmp/ --threads 10 --corrected-read 

Contig filename: 
Output dir: /var/folders/zg/vq0dnx517c54hg87dyqjky740000gn/T/.tmpMtxbLg/tmp/
Minimizer length: 15
Kminmer length: 189
Density: 0.005
Min abundance: 0

Loading refined abundances
	Duration: 0
Collecting kminmers
Building mdbg
Duration: 0
Nb solid kminmers: 24379
Nb small contigs written: 0
Dump kminmer abundances
	Duration: 0
Indexing edges
Edge index size: 24472
Edge index elements: 46654
	Duration: 0
Compute unitig nodes
	Duration: 0
Index unitig edges
	Duration: 0
Compute unitig edges
	Duration: 0
Dump unitig abundances
	Duration: 0
Nb edges:   0


metaMDBG contig  /var/folders/zg/vq0dnx517c54hg87dyqjky740000gn/T/.tmpMtxbLg/tmp/ --threads 10

Input dir: /var/folders/zg/vq0dnx517c54hg87dyqjky740000gn/T/.tmpMtxbLg/tmp/
Minimizer length: 15
Kminmer length: 189
Density: 0.005

Loading unitig graph
Load unitigs
Nb unitigs: 201
Nb minimizers: 62167
Add unitig abundances
Sorting abundances
Add unitig edges
Nb unitig edges: 216
Sorting unitig edges
Done loading unitig graph
Simplifying
Max abundance: 42
Nb unitigs: 201
Superbubble
Nb superbubble removed: 0 0 (0s)
Tip
Nb Tip removed: 37 (0s)
Superbubble
Nb superbubble removed: 0 0 (0s)
Tip
Nb Tip removed: 0 (0s)
Nb errors removed: 34 (0s)
Superbubble
Nb superbubble removed: 0 0 (0s)
Tip
Nb Tip removed: 0 (0s)
Nb errors removed: 17 (0s)
Superbubble
Nb superbubble removed: 0 0 (0s)
Tip
Nb Tip removed: 0 (0s)
Nb errors removed: 11 (0s)
Superbubble
Nb superbubble removed: 0 0 (0s)
Tip
Nb Tip removed: 0 (0s)
Nb errors removed: 11 (0s)
Superbubble
Nb superbubble removed: 0 0 (0s)
Tip
Nb Tip removed: 0 (0s)
Nb errors removed: 15 (0s)
Superbubble
Nb superbubble removed: 0 0 (0s)
Tip
Nb Tip removed: 0 (0s)
Nb errors removed: 11 (0s)
Superbubble
Nb superbubble removed: 0 0 (0s)
Tip
Nb Tip removed: 0 (0s)
Nb errors removed: 9 (0s)
Superbubble
Nb superbubble removed: 0 0 (0s)
Tip
Nb Tip removed: 0 (0s)
Nb errors removed: 10 (0s)
Superbubble
Nb superbubble removed: 0 0 (0s)
Tip
Nb Tip removed: 0 (0s)
Nb errors removed: 6 (0s)
Superbubble
Nb superbubble removed: 0 0 (0s)
Tip
Nb Tip removed: 0 (0s)
Nb errors removed: 3 (0s)
Superbubble
Nb superbubble removed: 0 0 (0s)
Tip
Nb Tip removed: 0 (0s)
Nb errors removed: 13 (0s)
Superbubble
Nb superbubble removed: 0 0 (0s)
Tip
Nb Tip removed: 0 (0s)
Nb errors removed: 4 (0s)
Superbubble
Nb superbubble removed: 0 0 (0s)
Tip
Nb Tip removed: 0 (0s)
Nb errors removed: 1 (0s)
Superbubble
Nb superbubble removed: 0 0 (0s)
Tip
Nb Tip removed: 0 (0s)
Nb errors removed: 4 (0s)
Superbubble
Nb superbubble removed: 0 0 (0s)
Tip
Nb Tip removed: 0 (0s)
Nb errors removed: 1 (0s)
Superbubble
Nb superbubble removed: 0 0 (0s)
Tip
Nb Tip removed: 0 (0s)
Checksum: 0
Checksum abundnace: 0
Generating contigs
45.2593
28.1025
23.2252
15.8631
13.11
11.9182
10.8347
9.84974
8.14028
7.40025
6.11591
5.05447
4.17725
3.13843
2.14359
0


metaMDBG toMinspace  /var/folders/zg/vq0dnx517c54hg87dyqjky740000gn/T/.tmpMtxbLg/tmp/ /var/folders/zg/vq0dnx517c54hg87dyqjky740000gn/T/.tmpMtxbLg/tmp//contigs.nodepath /var/folders/zg/vq0dnx517c54hg87dyqjky740000gn/T/.tmpMtxbLg/tmp//unitig_data.txt --threads 10

Input dir: /var/folders/zg/vq0dnx517c54hg87dyqjky740000gn/T/.tmpMtxbLg/tmp/
Minimizer length: 15
Kminmer length: 189
Density: 0.005

Loading unitig sequences

Creating mContigs

Contig filename: /var/folders/zg/vq0dnx517c54hg87dyqjky740000gn/T/.tmpMtxbLg/tmp//unitig_data.txt
pass done: 189
Multi-k pass: 190/204


metaMDBG graph /var/folders/zg/vq0dnx517c54hg87dyqjky740000gn/T/.tmpMtxbLg/tmp/ --threads 10 --corrected-read 

Contig filename: 
Output dir: /var/folders/zg/vq0dnx517c54hg87dyqjky740000gn/T/.tmpMtxbLg/tmp/
Minimizer length: 15
Kminmer length: 190
Density: 0.005
Min abundance: 0

Loading refined abundances
	Duration: 0
Collecting kminmers
Building mdbg
Duration: 0
Nb solid kminmers: 24285
Nb small contigs written: 0
Dump kminmer abundances
	Duration: 0
Indexing edges
Edge index size: 24378
Edge index elements: 46523
	Duration: 0
Compute unitig nodes
	Duration: 0
Index unitig edges
	Duration: 0
Compute unitig edges
	Duration: 0
Dump unitig abundances
	Duration: 0
Nb edges:   0


metaMDBG contig  /var/folders/zg/vq0dnx517c54hg87dyqjky740000gn/T/.tmpMtxbLg/tmp/ --threads 10

Input dir: /var/folders/zg/vq0dnx517c54hg87dyqjky740000gn/T/.tmpMtxbLg/tmp/
Minimizer length: 15
Kminmer length: 190
Density: 0.005

Loading unitig graph
Load unitigs
Nb unitigs: 199
Nb minimizers: 61896
Add unitig abundances
Sorting abundances
Add unitig edges
Nb unitig edges: 212
Sorting unitig edges
Done loading unitig graph
Simplifying
Max abundance: 42
Nb unitigs: 199
Superbubble
Nb superbubble removed: 0 0 (0s)
Tip
Nb Tip removed: 36 (0s)
Superbubble
Nb superbubble removed: 0 0 (0s)
Tip
Nb Tip removed: 0 (0s)
Nb errors removed: 34 (0s)
Superbubble
Nb superbubble removed: 0 0 (0s)
Tip
Nb Tip removed: 0 (0s)
Nb errors removed: 17 (0s)
Superbubble
Nb superbubble removed: 0 0 (0s)
Tip
Nb Tip removed: 0 (0s)
Nb errors removed: 11 (0s)
Superbubble
Nb superbubble removed: 0 0 (0s)
Tip
Nb Tip removed: 0 (0s)
Nb errors removed: 11 (0s)
Superbubble
Nb superbubble removed: 0 0 (0s)
Tip
Nb Tip removed: 0 (0s)
Nb errors removed: 14 (0s)
Superbubble
Nb superbubble removed: 0 0 (0s)
Tip
Nb Tip removed: 0 (0s)
Nb errors removed: 11 (0s)
Superbubble
Nb superbubble removed: 0 0 (0s)
Tip
Nb Tip removed: 0 (0s)
Nb errors removed: 9 (0s)
Superbubble
Nb superbubble removed: 0 0 (0s)
Tip
Nb Tip removed: 0 (0s)
Nb errors removed: 10 (0s)
Superbubble
Nb superbubble removed: 0 0 (0s)
Tip
Nb Tip removed: 0 (0s)
Nb errors removed: 5 (0s)
Superbubble
Nb superbubble removed: 0 0 (0s)
Tip
Nb Tip removed: 0 (0s)
Nb errors removed: 3 (0s)
Superbubble
Nb superbubble removed: 0 0 (0s)
Tip
Nb Tip removed: 0 (0s)
Nb errors removed: 13 (0s)
Superbubble
Nb superbubble removed: 0 0 (0s)
Tip
Nb Tip removed: 0 (0s)
Nb errors removed: 4 (0s)
Superbubble
Nb superbubble removed: 0 0 (0s)
Tip
Nb Tip removed: 0 (0s)
Nb errors removed: 1 (0s)
Superbubble
Nb superbubble removed: 0 0 (0s)
Tip
Nb Tip removed: 0 (0s)
Nb errors removed: 4 (0s)
Superbubble
Nb superbubble removed: 0 0 (0s)
Tip
Nb Tip removed: 0 (0s)
Nb errors removed: 1 (0s)
Superbubble
Nb superbubble removed: 0 0 (0s)
Tip
Nb Tip removed: 0 (0s)
Checksum: 0
Checksum abundnace: 0
Generating contigs
45.2593
28.1025
23.2252
15.8631
13.11
11.9182
10.8347
9.84974
8.14028
7.40025
6.11591
5.05447
4.17725
3.13843
2.14359
0


metaMDBG toMinspace  /var/folders/zg/vq0dnx517c54hg87dyqjky740000gn/T/.tmpMtxbLg/tmp/ /var/folders/zg/vq0dnx517c54hg87dyqjky740000gn/T/.tmpMtxbLg/tmp//contigs.nodepath /var/folders/zg/vq0dnx517c54hg87dyqjky740000gn/T/.tmpMtxbLg/tmp//unitig_data.txt --threads 10

Input dir: /var/folders/zg/vq0dnx517c54hg87dyqjky740000gn/T/.tmpMtxbLg/tmp/
Minimizer length: 15
Kminmer length: 190
Density: 0.005

Loading unitig sequences

Creating mContigs

Contig filename: /var/folders/zg/vq0dnx517c54hg87dyqjky740000gn/T/.tmpMtxbLg/tmp//unitig_data.txt
pass done: 190
Multi-k pass: 191/204


metaMDBG graph /var/folders/zg/vq0dnx517c54hg87dyqjky740000gn/T/.tmpMtxbLg/tmp/ --threads 10 --corrected-read 

Contig filename: 
Output dir: /var/folders/zg/vq0dnx517c54hg87dyqjky740000gn/T/.tmpMtxbLg/tmp/
Minimizer length: 15
Kminmer length: 191
Density: 0.005
Min abundance: 0

Loading refined abundances
	Duration: 0
Collecting kminmers
Building mdbg
Duration: 0
Nb solid kminmers: 24192
Nb small contigs written: 0
Dump kminmer abundances
	Duration: 0
Indexing edges
Edge index size: 24285
Edge index elements: 46371
	Duration: 0
Compute unitig nodes
	Duration: 0
Index unitig edges
	Duration: 0
Compute unitig edges
	Duration: 0
Dump unitig abundances
	Duration: 0
Nb edges:   0


metaMDBG contig  /var/folders/zg/vq0dnx517c54hg87dyqjky740000gn/T/.tmpMtxbLg/tmp/ --threads 10 --gen-graph 

Input dir: /var/folders/zg/vq0dnx517c54hg87dyqjky740000gn/T/.tmpMtxbLg/tmp/
Minimizer length: 15
Kminmer length: 191
Density: 0.005

Loading unitig graph
Load unitigs
Nb unitigs: 199
Nb minimizers: 62002
Add unitig abundances
Sorting abundances
Add unitig edges
Nb unitig edges: 212
Sorting unitig edges
Done loading unitig graph
Simplifying
Max abundance: 42
Nb unitigs: 199
Superbubble
Nb superbubble removed: 0 0 (0s)
Tip
Nb Tip removed: 36 (0s)
Superbubble
Nb superbubble removed: 0 0 (0s)
Tip
Nb Tip removed: 0 (0s)
Saving unitig graph: /var/folders/zg/vq0dnx517c54hg87dyqjky740000gn/T/.tmpMtxbLg/tmp//assembly_graph.gfa
Nb errors removed: 34 (0s)
Superbubble
Nb superbubble removed: 0 0 (0s)
Tip
Nb Tip removed: 0 (0s)
Nb errors removed: 17 (0s)
Superbubble
Nb superbubble removed: 0 0 (0s)
Tip
Nb Tip removed: 0 (0s)
Nb errors removed: 11 (0s)
Superbubble
Nb superbubble removed: 0 0 (0s)
Tip
Nb Tip removed: 0 (0s)
Nb errors removed: 11 (0s)
Superbubble
Nb superbubble removed: 0 0 (0s)
Tip
Nb Tip removed: 0 (0s)
Nb errors removed: 14 (0s)
Superbubble
Nb superbubble removed: 0 0 (0s)
Tip
Nb Tip removed: 0 (0s)
Nb errors removed: 11 (0s)
Superbubble
Nb superbubble removed: 0 0 (0s)
Tip
Nb Tip removed: 0 (0s)
Nb errors removed: 9 (0s)
Superbubble
Nb superbubble removed: 0 0 (0s)
Tip
Nb Tip removed: 0 (0s)
Nb errors removed: 10 (0s)
Superbubble
Nb superbubble removed: 0 0 (0s)
Tip
Nb Tip removed: 0 (0s)
Nb errors removed: 5 (0s)
Superbubble
Nb superbubble removed: 0 0 (0s)
Tip
Nb Tip removed: 0 (0s)
Nb errors removed: 3 (0s)
Superbubble
Nb superbubble removed: 0 0 (0s)
Tip
Nb Tip removed: 0 (0s)
Nb errors removed: 13 (0s)
Superbubble
Nb superbubble removed: 0 0 (0s)
Tip
Nb Tip removed: 0 (0s)
Nb errors removed: 4 (0s)
Superbubble
Nb superbubble removed: 0 0 (0s)
Tip
Nb Tip removed: 0 (0s)
Nb errors removed: 1 (0s)
Superbubble
Nb superbubble removed: 0 0 (0s)
Tip
Nb Tip removed: 0 (0s)
Nb errors removed: 4 (0s)
Superbubble
Nb superbubble removed: 0 0 (0s)
Tip
Nb Tip removed: 0 (0s)
Nb errors removed: 1 (0s)
Superbubble
Nb superbubble removed: 0 0 (0s)
Tip
Nb Tip removed: 0 (0s)
Checksum: 0
Checksum abundnace: 0
Generating contigs
45.2593
28.1025
23.2252
15.8631
13.11
11.9182
10.8347
9.84974
8.14028
7.40025
6.11591
5.05447
4.17725
3.13843
2.14359
0


metaMDBG toMinspace  /var/folders/zg/vq0dnx517c54hg87dyqjky740000gn/T/.tmpMtxbLg/tmp/ /var/folders/zg/vq0dnx517c54hg87dyqjky740000gn/T/.tmpMtxbLg/tmp//contigs.nodepath /var/folders/zg/vq0dnx517c54hg87dyqjky740000gn/T/.tmpMtxbLg/tmp//unitig_data.txt --threads 10

Input dir: /var/folders/zg/vq0dnx517c54hg87dyqjky740000gn/T/.tmpMtxbLg/tmp/
Minimizer length: 15
Kminmer length: 191
Density: 0.005

Loading unitig sequences

Creating mContigs

Contig filename: /var/folders/zg/vq0dnx517c54hg87dyqjky740000gn/T/.tmpMtxbLg/tmp//unitig_data.txt


metaMDBG toMinspace  /var/folders/zg/vq0dnx517c54hg87dyqjky740000gn/T/.tmpMtxbLg/tmp/ /var/folders/zg/vq0dnx517c54hg87dyqjky740000gn/T/.tmpMtxbLg/tmp//assembly_graph.gfa.unitigs.nodepath /var/folders/zg/vq0dnx517c54hg87dyqjky740000gn/T/.tmpMtxbLg/tmp//assembly_graph.gfa.unitigs --threads 10

Input dir: /var/folders/zg/vq0dnx517c54hg87dyqjky740000gn/T/.tmpMtxbLg/tmp/
Minimizer length: 15
Kminmer length: 191
Density: 0.005

Loading unitig sequences

Creating mContigs

Contig filename: /var/folders/zg/vq0dnx517c54hg87dyqjky740000gn/T/.tmpMtxbLg/tmp//assembly_graph.gfa.unitigs
pass done: 191
Multi-k pass: 192/204


metaMDBG graph /var/folders/zg/vq0dnx517c54hg87dyqjky740000gn/T/.tmpMtxbLg/tmp/ --threads 10 --corrected-read 

Contig filename: 
Output dir: /var/folders/zg/vq0dnx517c54hg87dyqjky740000gn/T/.tmpMtxbLg/tmp/
Minimizer length: 15
Kminmer length: 192
Density: 0.005
Min abundance: 0

Loading refined abundances
	Duration: 0
Collecting kminmers
Building mdbg
Duration: 0
Nb solid kminmers: 24099
Nb small contigs written: 0
Dump kminmer abundances
	Duration: 0
Indexing edges
Edge index size: 24189
Edge index elements: 46139
	Duration: 0
Compute unitig nodes
	Duration: 0
Index unitig edges
	Duration: 0
Compute unitig edges
	Duration: 0
Dump unitig abundances
	Duration: 0
Nb edges:   0


metaMDBG contig  /var/folders/zg/vq0dnx517c54hg87dyqjky740000gn/T/.tmpMtxbLg/tmp/ --threads 10

Input dir: /var/folders/zg/vq0dnx517c54hg87dyqjky740000gn/T/.tmpMtxbLg/tmp/
Minimizer length: 15
Kminmer length: 192
Density: 0.005

Loading unitig graph
Load unitigs
Nb unitigs: 196
Nb minimizers: 61535
Add unitig abundances
Sorting abundances
Add unitig edges
Nb unitig edges: 212
Sorting unitig edges
Done loading unitig graph
Simplifying
Max abundance: 42
Nb unitigs: 196
Superbubble
Nb superbubble removed: 0 0 (0s)
Tip
Nb Tip removed: 36 (0s)
Superbubble
Nb superbubble removed: 0 0 (0s)
Tip
Nb Tip removed: 0 (0s)
Nb errors removed: 33 (0s)
Superbubble
Nb superbubble removed: 0 0 (0s)
Tip
Nb Tip removed: 0 (0s)
Nb errors removed: 17 (0s)
Superbubble
Nb superbubble removed: 0 0 (0s)
Tip
Nb Tip removed: 0 (0s)
Nb errors removed: 11 (0s)
Superbubble
Nb superbubble removed: 0 0 (0s)
Tip
Nb Tip removed: 0 (0s)
Nb errors removed: 9 (0s)
Superbubble
Nb superbubble removed: 0 0 (0s)
Tip
Nb Tip removed: 0 (0s)
Nb errors removed: 14 (0s)
Superbubble
Nb superbubble removed: 0 0 (0s)
Tip
Nb Tip removed: 0 (0s)
Nb errors removed: 11 (0s)
Superbubble
Nb superbubble removed: 0 0 (0s)
Tip
Nb Tip removed: 0 (0s)
Nb errors removed: 9 (0s)
Superbubble
Nb superbubble removed: 0 0 (0s)
Tip
Nb Tip removed: 0 (0s)
Nb errors removed: 10 (0s)
Superbubble
Nb superbubble removed: 0 0 (0s)
Tip
Nb Tip removed: 0 (0s)
Nb errors removed: 5 (0s)
Superbubble
Nb superbubble removed: 0 0 (0s)
Tip
Nb Tip removed: 0 (0s)
Nb errors removed: 3 (0s)
Superbubble
Nb superbubble removed: 0 0 (0s)
Tip
Nb Tip removed: 0 (0s)
Nb errors removed: 13 (0s)
Superbubble
Nb superbubble removed: 0 0 (0s)
Tip
Nb Tip removed: 0 (0s)
Nb errors removed: 4 (0s)
Superbubble
Nb superbubble removed: 0 0 (0s)
Tip
Nb Tip removed: 0 (0s)
Nb errors removed: 1 (0s)
Superbubble
Nb superbubble removed: 0 0 (0s)
Tip
Nb Tip removed: 0 (0s)
Nb errors removed: 4 (0s)
Superbubble
Nb superbubble removed: 0 0 (0s)
Tip
Nb Tip removed: 0 (0s)
Nb errors removed: 1 (0s)
Superbubble
Nb superbubble removed: 0 0 (0s)
Tip
Nb Tip removed: 0 (0s)
Checksum: 0
Checksum abundnace: 0
Generating contigs
45.2593
28.1025
23.2252
15.8631
13.11
11.9182
10.8347
9.84974
8.14028
7.40025
6.11591
5.05447
4.17725
3.13843
2.14359
0


metaMDBG toMinspace  /var/folders/zg/vq0dnx517c54hg87dyqjky740000gn/T/.tmpMtxbLg/tmp/ /var/folders/zg/vq0dnx517c54hg87dyqjky740000gn/T/.tmpMtxbLg/tmp//contigs.nodepath /var/folders/zg/vq0dnx517c54hg87dyqjky740000gn/T/.tmpMtxbLg/tmp//unitig_data.txt --threads 10

Input dir: /var/folders/zg/vq0dnx517c54hg87dyqjky740000gn/T/.tmpMtxbLg/tmp/
Minimizer length: 15
Kminmer length: 192
Density: 0.005

Loading unitig sequences

Creating mContigs

Contig filename: /var/folders/zg/vq0dnx517c54hg87dyqjky740000gn/T/.tmpMtxbLg/tmp//unitig_data.txt
pass done: 192
Multi-k pass: 193/204


metaMDBG graph /var/folders/zg/vq0dnx517c54hg87dyqjky740000gn/T/.tmpMtxbLg/tmp/ --threads 10 --corrected-read 

Contig filename: 
Output dir: /var/folders/zg/vq0dnx517c54hg87dyqjky740000gn/T/.tmpMtxbLg/tmp/
Minimizer length: 15
Kminmer length: 193
Density: 0.005
Min abundance: 0

Loading refined abundances
	Duration: 0
Collecting kminmers
Building mdbg
Duration: 0
Nb solid kminmers: 24009
Nb small contigs written: 0
Dump kminmer abundances
	Duration: 0
Indexing edges
Edge index size: 24099
Edge index elements: 46097
	Duration: 0
Compute unitig nodes
	Duration: 0
Index unitig edges
	Duration: 0
Compute unitig edges
	Duration: 0
Dump unitig abundances
	Duration: 0
Nb edges:   0


metaMDBG contig  /var/folders/zg/vq0dnx517c54hg87dyqjky740000gn/T/.tmpMtxbLg/tmp/ --threads 10

Input dir: /var/folders/zg/vq0dnx517c54hg87dyqjky740000gn/T/.tmpMtxbLg/tmp/
Minimizer length: 15
Kminmer length: 193
Density: 0.005

Loading unitig graph
Load unitigs
Nb unitigs: 196
Nb minimizers: 61641
Add unitig abundances
Sorting abundances
Add unitig edges
Nb unitig edges: 212
Sorting unitig edges
Done loading unitig graph
Simplifying
Max abundance: 42
Nb unitigs: 196
Superbubble
Nb superbubble removed: 0 0 (0s)
Tip
Nb Tip removed: 36 (0s)
Superbubble
Nb superbubble removed: 0 0 (0s)
Tip
Nb Tip removed: 0 (0s)
Nb errors removed: 33 (0s)
Superbubble
Nb superbubble removed: 0 0 (0s)
Tip
Nb Tip removed: 0 (0s)
Nb errors removed: 17 (0s)
Superbubble
Nb superbubble removed: 0 0 (0s)
Tip
Nb Tip removed: 0 (0s)
Nb errors removed: 11 (0s)
Superbubble
Nb superbubble removed: 0 0 (0s)
Tip
Nb Tip removed: 0 (0s)
Nb errors removed: 9 (0s)
Superbubble
Nb superbubble removed: 0 0 (0s)
Tip
Nb Tip removed: 0 (0s)
Nb errors removed: 14 (0s)
Superbubble
Nb superbubble removed: 0 0 (0s)
Tip
Nb Tip removed: 0 (0s)
Nb errors removed: 11 (0s)
Superbubble
Nb superbubble removed: 0 0 (0s)
Tip
Nb Tip removed: 0 (0s)
Nb errors removed: 9 (0s)
Superbubble
Nb superbubble removed: 0 0 (0s)
Tip
Nb Tip removed: 0 (0s)
Nb errors removed: 10 (0s)
Superbubble
Nb superbubble removed: 0 0 (0s)
Tip
Nb Tip removed: 0 (0s)
Nb errors removed: 5 (0s)
Superbubble
Nb superbubble removed: 0 0 (0s)
Tip
Nb Tip removed: 0 (0s)
Nb errors removed: 3 (0s)
Superbubble
Nb superbubble removed: 0 0 (0s)
Tip
Nb Tip removed: 0 (0s)
Nb errors removed: 13 (0s)
Superbubble
Nb superbubble removed: 0 0 (0s)
Tip
Nb Tip removed: 0 (0s)
Nb errors removed: 4 (0s)
Superbubble
Nb superbubble removed: 0 0 (0s)
Tip
Nb Tip removed: 0 (0s)
Nb errors removed: 1 (0s)
Superbubble
Nb superbubble removed: 0 0 (0s)
Tip
Nb Tip removed: 0 (0s)
Nb errors removed: 4 (0s)
Superbubble
Nb superbubble removed: 0 0 (0s)
Tip
Nb Tip removed: 0 (0s)
Nb errors removed: 1 (0s)
Superbubble
Nb superbubble removed: 0 0 (0s)
Tip
Nb Tip removed: 0 (0s)
Checksum: 0
Checksum abundnace: 0
Generating contigs
45.2593
28.1025
23.2252
15.8631
13.11
11.9182
10.8347
9.84974
8.14028
7.40025
6.11591
5.05447
4.17725
3.13843
2.14359
0


metaMDBG toMinspace  /var/folders/zg/vq0dnx517c54hg87dyqjky740000gn/T/.tmpMtxbLg/tmp/ /var/folders/zg/vq0dnx517c54hg87dyqjky740000gn/T/.tmpMtxbLg/tmp//contigs.nodepath /var/folders/zg/vq0dnx517c54hg87dyqjky740000gn/T/.tmpMtxbLg/tmp//unitig_data.txt --threads 10

Input dir: /var/folders/zg/vq0dnx517c54hg87dyqjky740000gn/T/.tmpMtxbLg/tmp/
Minimizer length: 15
Kminmer length: 193
Density: 0.005

Loading unitig sequences

Creating mContigs

Contig filename: /var/folders/zg/vq0dnx517c54hg87dyqjky740000gn/T/.tmpMtxbLg/tmp//unitig_data.txt
pass done: 193
Multi-k pass: 194/204


metaMDBG graph /var/folders/zg/vq0dnx517c54hg87dyqjky740000gn/T/.tmpMtxbLg/tmp/ --threads 10 --corrected-read 

Contig filename: 
Output dir: /var/folders/zg/vq0dnx517c54hg87dyqjky740000gn/T/.tmpMtxbLg/tmp/
Minimizer length: 15
Kminmer length: 194
Density: 0.005
Min abundance: 0

Loading refined abundances
	Duration: 0
Collecting kminmers
Building mdbg
Duration: 0
Nb solid kminmers: 23918
Nb small contigs written: 0
Dump kminmer abundances
	Duration: 0
Indexing edges
Edge index size: 24009
Edge index elements: 45766
	Duration: 0
Compute unitig nodes
	Duration: 0
Index unitig edges
	Duration: 0
Compute unitig edges
	Duration: 0
Dump unitig abundances
	Duration: 0
Nb edges:   0


metaMDBG contig  /var/folders/zg/vq0dnx517c54hg87dyqjky740000gn/T/.tmpMtxbLg/tmp/ --threads 10

Input dir: /var/folders/zg/vq0dnx517c54hg87dyqjky740000gn/T/.tmpMtxbLg/tmp/
Minimizer length: 15
Kminmer length: 194
Density: 0.005

Loading unitig graph
Load unitigs
Nb unitigs: 195
Nb minimizers: 61553
Add unitig abundances
Sorting abundances
Add unitig edges
Nb unitig edges: 208
Sorting unitig edges
Done loading unitig graph
Simplifying
Max abundance: 42
Nb unitigs: 195
Superbubble
Nb superbubble removed: 0 0 (0s)
Tip
Nb Tip removed: 35 (0s)
Superbubble
Nb superbubble removed: 0 0 (0s)
Tip
Nb Tip removed: 0 (0s)
Nb errors removed: 33 (0s)
Superbubble
Nb superbubble removed: 0 0 (0s)
Tip
Nb Tip removed: 0 (0s)
Nb errors removed: 18 (0s)
Superbubble
Nb superbubble removed: 0 0 (0s)
Tip
Nb Tip removed: 0 (0s)
Nb errors removed: 11 (0s)
Superbubble
Nb superbubble removed: 0 0 (0s)
Tip
Nb Tip removed: 0 (0s)
Nb errors removed: 9 (0s)
Superbubble
Nb superbubble removed: 0 0 (0s)
Tip
Nb Tip removed: 0 (0s)
Nb errors removed: 14 (0s)
Superbubble
Nb superbubble removed: 0 0 (0s)
Tip
Nb Tip removed: 0 (0s)
Nb errors removed: 12 (0s)
Superbubble
Nb superbubble removed: 0 0 (0s)
Tip
Nb Tip removed: 0 (0s)
Nb errors removed: 9 (0s)
Superbubble
Nb superbubble removed: 0 0 (0s)
Tip
Nb Tip removed: 0 (0s)
Nb errors removed: 10 (0s)
Superbubble
Nb superbubble removed: 0 0 (0s)
Tip
Nb Tip removed: 0 (0s)
Nb errors removed: 5 (0s)
Superbubble
Nb superbubble removed: 0 0 (0s)
Tip
Nb Tip removed: 0 (0s)
Nb errors removed: 3 (0s)
Superbubble
Nb superbubble removed: 0 0 (0s)
Tip
Nb Tip removed: 0 (0s)
Nb errors removed: 13 (0s)
Superbubble
Nb superbubble removed: 0 0 (0s)
Tip
Nb Tip removed: 0 (0s)
Nb errors removed: 4 (0s)
Superbubble
Nb superbubble removed: 0 0 (0s)
Tip
Nb Tip removed: 0 (0s)
Nb errors removed: 1 (0s)
Superbubble
Nb superbubble removed: 0 0 (0s)
Tip
Nb Tip removed: 0 (0s)
Nb errors removed: 4 (0s)
Superbubble
Nb superbubble removed: 0 0 (0s)
Tip
Nb Tip removed: 0 (0s)
Nb errors removed: 1 (0s)
Superbubble
Nb superbubble removed: 0 0 (0s)
Tip
Nb Tip removed: 0 (0s)
Checksum: 0
Checksum abundnace: 0
Generating contigs
45.2593
28.1025
23.2252
15.8631
13.11
11.9182
10.8347
9.84974
8.14028
7.40025
6.11591
5.05447
4.17725
3.13843
2.14359
0


metaMDBG toMinspace  /var/folders/zg/vq0dnx517c54hg87dyqjky740000gn/T/.tmpMtxbLg/tmp/ /var/folders/zg/vq0dnx517c54hg87dyqjky740000gn/T/.tmpMtxbLg/tmp//contigs.nodepath /var/folders/zg/vq0dnx517c54hg87dyqjky740000gn/T/.tmpMtxbLg/tmp//unitig_data.txt --threads 10

Input dir: /var/folders/zg/vq0dnx517c54hg87dyqjky740000gn/T/.tmpMtxbLg/tmp/
Minimizer length: 15
Kminmer length: 194
Density: 0.005

Loading unitig sequences

Creating mContigs

Contig filename: /var/folders/zg/vq0dnx517c54hg87dyqjky740000gn/T/.tmpMtxbLg/tmp//unitig_data.txt
pass done: 194
Multi-k pass: 195/204


metaMDBG graph /var/folders/zg/vq0dnx517c54hg87dyqjky740000gn/T/.tmpMtxbLg/tmp/ --threads 10 --corrected-read 

Contig filename: 
Output dir: /var/folders/zg/vq0dnx517c54hg87dyqjky740000gn/T/.tmpMtxbLg/tmp/
Minimizer length: 15
Kminmer length: 195
Density: 0.005
Min abundance: 0

Loading refined abundances
	Duration: 0
Collecting kminmers
Building mdbg
Duration: 0
Nb solid kminmers: 23824
Nb small contigs written: 0
Dump kminmer abundances
	Duration: 0
Indexing edges
Edge index size: 23917
Edge index elements: 45688
	Duration: 0
Compute unitig nodes
	Duration: 0
Index unitig edges
	Duration: 0
Compute unitig edges
	Duration: 0
Dump unitig abundances
	Duration: 0
Nb edges:   0


metaMDBG contig  /var/folders/zg/vq0dnx517c54hg87dyqjky740000gn/T/.tmpMtxbLg/tmp/ --threads 10

Input dir: /var/folders/zg/vq0dnx517c54hg87dyqjky740000gn/T/.tmpMtxbLg/tmp/
Minimizer length: 15
Kminmer length: 195
Density: 0.005

Loading unitig graph
Load unitigs
Nb unitigs: 191
Nb minimizers: 60878
Add unitig abundances
Sorting abundances
Add unitig edges
Nb unitig edges: 196
Sorting unitig edges
Done loading unitig graph
Simplifying
Max abundance: 42
Nb unitigs: 191
Superbubble
Nb superbubble removed: 0 0 (0s)
Tip
Nb Tip removed: 31 (0s)
Superbubble
Nb superbubble removed: 0 0 (0s)
Tip
Nb Tip removed: 0 (0s)
Nb errors removed: 33 (0s)
Superbubble
Nb superbubble removed: 0 0 (0s)
Tip
Nb Tip removed: 0 (0s)
Nb errors removed: 17 (0s)
Superbubble
Nb superbubble removed: 0 0 (0s)
Tip
Nb Tip removed: 0 (0s)
Nb errors removed: 11 (0s)
Superbubble
Nb superbubble removed: 0 0 (0s)
Tip
Nb Tip removed: 0 (0s)
Nb errors removed: 9 (0s)
Superbubble
Nb superbubble removed: 0 0 (0s)
Tip
Nb Tip removed: 0 (0s)
Nb errors removed: 14 (0s)
Superbubble
Nb superbubble removed: 0 0 (0s)
Tip
Nb Tip removed: 0 (0s)
Nb errors removed: 10 (0s)
Superbubble
Nb superbubble removed: 0 0 (0s)
Tip
Nb Tip removed: 0 (0s)
Nb errors removed: 9 (0s)
Superbubble
Nb superbubble removed: 0 0 (0s)
Tip
Nb Tip removed: 0 (0s)
Nb errors removed: 10 (0s)
Superbubble
Nb superbubble removed: 0 0 (0s)
Tip
Nb Tip removed: 0 (0s)
Nb errors removed: 5 (0s)
Superbubble
Nb superbubble removed: 0 0 (0s)
Tip
Nb Tip removed: 0 (0s)
Nb errors removed: 3 (0s)
Superbubble
Nb superbubble removed: 0 0 (0s)
Tip
Nb Tip removed: 0 (0s)
Nb errors removed: 13 (0s)
Superbubble
Nb superbubble removed: 0 0 (0s)
Tip
Nb Tip removed: 0 (0s)
Nb errors removed: 4 (0s)
Superbubble
Nb superbubble removed: 0 0 (0s)
Tip
Nb Tip removed: 0 (0s)
Nb errors removed: 1 (0s)
Superbubble
Nb superbubble removed: 0 0 (0s)
Tip
Nb Tip removed: 0 (0s)
Nb errors removed: 4 (0s)
Superbubble
Nb superbubble removed: 0 0 (0s)
Tip
Nb Tip removed: 0 (0s)
Nb errors removed: 1 (0s)
Superbubble
Nb superbubble removed: 0 0 (0s)
Tip
Nb Tip removed: 0 (0s)
Checksum: 0
Checksum abundnace: 0
Generating contigs
45.2593
28.1025
23.2252
15.8631
13.11
11.9182
10.8347
9.84974
8.14028
7.40025
6.11591
5.05447
4.17725
3.13843
2.14359
0


metaMDBG toMinspace  /var/folders/zg/vq0dnx517c54hg87dyqjky740000gn/T/.tmpMtxbLg/tmp/ /var/folders/zg/vq0dnx517c54hg87dyqjky740000gn/T/.tmpMtxbLg/tmp//contigs.nodepath /var/folders/zg/vq0dnx517c54hg87dyqjky740000gn/T/.tmpMtxbLg/tmp//unitig_data.txt --threads 10

Input dir: /var/folders/zg/vq0dnx517c54hg87dyqjky740000gn/T/.tmpMtxbLg/tmp/
Minimizer length: 15
Kminmer length: 195
Density: 0.005

Loading unitig sequences

Creating mContigs

Contig filename: /var/folders/zg/vq0dnx517c54hg87dyqjky740000gn/T/.tmpMtxbLg/tmp//unitig_data.txt
pass done: 195
Multi-k pass: 196/204


metaMDBG graph /var/folders/zg/vq0dnx517c54hg87dyqjky740000gn/T/.tmpMtxbLg/tmp/ --threads 10 --corrected-read 

Contig filename: 
Output dir: /var/folders/zg/vq0dnx517c54hg87dyqjky740000gn/T/.tmpMtxbLg/tmp/
Minimizer length: 15
Kminmer length: 196
Density: 0.005
Min abundance: 0

Loading refined abundances
	Duration: 0
Collecting kminmers
Building mdbg
Duration: 0
Nb solid kminmers: 23731
Nb small contigs written: 0
Dump kminmer abundances
	Duration: 0
Indexing edges
Edge index size: 23822
Edge index elements: 45643
	Duration: 0
Compute unitig nodes
	Duration: 0
Index unitig edges
	Duration: 0
Compute unitig edges
	Duration: 0
Dump unitig abundances
	Duration: 0
Nb edges:   0


metaMDBG contig  /var/folders/zg/vq0dnx517c54hg87dyqjky740000gn/T/.tmpMtxbLg/tmp/ --threads 10

Input dir: /var/folders/zg/vq0dnx517c54hg87dyqjky740000gn/T/.tmpMtxbLg/tmp/
Minimizer length: 15
Kminmer length: 196
Density: 0.005

Loading unitig graph
Load unitigs
Nb unitigs: 189
Nb minimizers: 60586
Add unitig abundances
Sorting abundances
Add unitig edges
Nb unitig edges: 196
Sorting unitig edges
Done loading unitig graph
Simplifying
Max abundance: 42
Nb unitigs: 189
Superbubble
Nb superbubble removed: 0 0 (0s)
Tip
Nb Tip removed: 31 (0s)
Superbubble
Nb superbubble removed: 0 0 (0s)
Tip
Nb Tip removed: 0 (0s)
Nb errors removed: 32 (0s)
Superbubble
Nb superbubble removed: 0 0 (0s)
Tip
Nb Tip removed: 0 (0s)
Nb errors removed: 17 (0s)
Superbubble
Nb superbubble removed: 0 0 (0s)
Tip
Nb Tip removed: 0 (0s)
Nb errors removed: 11 (0s)
Superbubble
Nb superbubble removed: 0 0 (0s)
Tip
Nb Tip removed: 0 (0s)
Nb errors removed: 9 (0s)
Superbubble
Nb superbubble removed: 0 0 (0s)
Tip
Nb Tip removed: 0 (0s)
Nb errors removed: 14 (0s)
Superbubble
Nb superbubble removed: 0 0 (0s)
Tip
Nb Tip removed: 0 (0s)
Nb errors removed: 10 (0s)
Superbubble
Nb superbubble removed: 0 0 (0s)
Tip
Nb Tip removed: 0 (0s)
Nb errors removed: 9 (0s)
Superbubble
Nb superbubble removed: 0 0 (0s)
Tip
Nb Tip removed: 0 (0s)
Nb errors removed: 10 (0s)
Superbubble
Nb superbubble removed: 0 0 (0s)
Tip
Nb Tip removed: 0 (0s)
Nb errors removed: 5 (0s)
Superbubble
Nb superbubble removed: 0 0 (0s)
Tip
Nb Tip removed: 0 (0s)
Nb errors removed: 3 (0s)
Superbubble
Nb superbubble removed: 0 0 (0s)
Tip
Nb Tip removed: 0 (0s)
Nb errors removed: 12 (0s)
Superbubble
Nb superbubble removed: 0 0 (0s)
Tip
Nb Tip removed: 0 (0s)
Nb errors removed: 4 (0s)
Superbubble
Nb superbubble removed: 0 0 (0s)
Tip
Nb Tip removed: 0 (0s)
Nb errors removed: 1 (0s)
Superbubble
Nb superbubble removed: 0 0 (0s)
Tip
Nb Tip removed: 0 (0s)
Nb errors removed: 4 (0s)
Superbubble
Nb superbubble removed: 0 0 (0s)
Tip
Nb Tip removed: 0 (0s)
Nb errors removed: 1 (0s)
Superbubble
Nb superbubble removed: 0 0 (0s)
Tip
Nb Tip removed: 0 (0s)
Checksum: 0
Checksum abundnace: 0
Generating contigs
45.2593
28.1025
23.2252
15.8631
13.11
11.9182
10.8347
9.84974
8.14028
7.40025
6.11591
5.05447
4.17725
3.13843
2.14359
0


metaMDBG toMinspace  /var/folders/zg/vq0dnx517c54hg87dyqjky740000gn/T/.tmpMtxbLg/tmp/ /var/folders/zg/vq0dnx517c54hg87dyqjky740000gn/T/.tmpMtxbLg/tmp//contigs.nodepath /var/folders/zg/vq0dnx517c54hg87dyqjky740000gn/T/.tmpMtxbLg/tmp//unitig_data.txt --threads 10

Input dir: /var/folders/zg/vq0dnx517c54hg87dyqjky740000gn/T/.tmpMtxbLg/tmp/
Minimizer length: 15
Kminmer length: 196
Density: 0.005

Loading unitig sequences

Creating mContigs

Contig filename: /var/folders/zg/vq0dnx517c54hg87dyqjky740000gn/T/.tmpMtxbLg/tmp//unitig_data.txt
pass done: 196
Multi-k pass: 197/204


metaMDBG graph /var/folders/zg/vq0dnx517c54hg87dyqjky740000gn/T/.tmpMtxbLg/tmp/ --threads 10 --corrected-read 

Contig filename: 
Output dir: /var/folders/zg/vq0dnx517c54hg87dyqjky740000gn/T/.tmpMtxbLg/tmp/
Minimizer length: 15
Kminmer length: 197
Density: 0.005
Min abundance: 0

Loading refined abundances
	Duration: 0
Collecting kminmers
Building mdbg
Duration: 0
Nb solid kminmers: 23639
Nb small contigs written: 0
Dump kminmer abundances
	Duration: 0
Indexing edges
Edge index size: 23730
Edge index elements: 45367
	Duration: 0
Compute unitig nodes
	Duration: 0
Index unitig edges
	Duration: 0
Compute unitig edges
	Duration: 0
Dump unitig abundances
	Duration: 0
Nb edges:   0


metaMDBG contig  /var/folders/zg/vq0dnx517c54hg87dyqjky740000gn/T/.tmpMtxbLg/tmp/ --threads 10

Input dir: /var/folders/zg/vq0dnx517c54hg87dyqjky740000gn/T/.tmpMtxbLg/tmp/
Minimizer length: 15
Kminmer length: 197
Density: 0.005

Loading unitig graph
Load unitigs
Nb unitigs: 187
Nb minimizers: 60291
Add unitig abundances
Sorting abundances
Add unitig edges
Nb unitig edges: 192
Sorting unitig edges
Done loading unitig graph
Simplifying
Max abundance: 42
Nb unitigs: 187
Superbubble
Nb superbubble removed: 0 0 (0s)
Tip
Nb Tip removed: 30 (0s)
Superbubble
Nb superbubble removed: 0 0 (0s)
Tip
Nb Tip removed: 0 (0s)
Nb errors removed: 32 (0s)
Superbubble
Nb superbubble removed: 0 0 (0s)
Tip
Nb Tip removed: 0 (0s)
Nb errors removed: 16 (0s)
Superbubble
Nb superbubble removed: 0 0 (0s)
Tip
Nb Tip removed: 0 (0s)
Nb errors removed: 11 (0s)
Superbubble
Nb superbubble removed: 0 0 (0s)
Tip
Nb Tip removed: 0 (0s)
Nb errors removed: 9 (0s)
Superbubble
Nb superbubble removed: 0 0 (0s)
Tip
Nb Tip removed: 0 (0s)
Nb errors removed: 14 (0s)
Superbubble
Nb superbubble removed: 0 0 (0s)
Tip
Nb Tip removed: 0 (0s)
Nb errors removed: 10 (0s)
Superbubble
Nb superbubble removed: 0 0 (0s)
Tip
Nb Tip removed: 0 (0s)
Nb errors removed: 9 (0s)
Superbubble
Nb superbubble removed: 0 0 (0s)
Tip
Nb Tip removed: 0 (0s)
Nb errors removed: 10 (0s)
Superbubble
Nb superbubble removed: 0 0 (0s)
Tip
Nb Tip removed: 0 (0s)
Nb errors removed: 5 (0s)
Superbubble
Nb superbubble removed: 0 0 (0s)
Tip
Nb Tip removed: 0 (0s)
Nb errors removed: 3 (0s)
Superbubble
Nb superbubble removed: 0 0 (0s)
Tip
Nb Tip removed: 0 (0s)
Nb errors removed: 12 (0s)
Superbubble
Nb superbubble removed: 0 0 (0s)
Tip
Nb Tip removed: 0 (0s)
Nb errors removed: 4 (0s)
Superbubble
Nb superbubble removed: 0 0 (0s)
Tip
Nb Tip removed: 0 (0s)
Nb errors removed: 1 (0s)
Superbubble
Nb superbubble removed: 0 0 (0s)
Tip
Nb Tip removed: 0 (0s)
Nb errors removed: 4 (0s)
Superbubble
Nb superbubble removed: 0 0 (0s)
Tip
Nb Tip removed: 0 (0s)
Nb errors removed: 1 (0s)
Superbubble
Nb superbubble removed: 0 0 (0s)
Tip
Nb Tip removed: 0 (0s)
Checksum: 0
Checksum abundnace: 0
Generating contigs
45.2593
28.1025
23.2252
15.8631
13.11
11.9182
10.8347
9.84974
8.14028
7.40025
6.11591
5.05447
4.17725
3.13843
2.14359
0


metaMDBG toMinspace  /var/folders/zg/vq0dnx517c54hg87dyqjky740000gn/T/.tmpMtxbLg/tmp/ /var/folders/zg/vq0dnx517c54hg87dyqjky740000gn/T/.tmpMtxbLg/tmp//contigs.nodepath /var/folders/zg/vq0dnx517c54hg87dyqjky740000gn/T/.tmpMtxbLg/tmp//unitig_data.txt --threads 10

Input dir: /var/folders/zg/vq0dnx517c54hg87dyqjky740000gn/T/.tmpMtxbLg/tmp/
Minimizer length: 15
Kminmer length: 197
Density: 0.005

Loading unitig sequences

Creating mContigs

Contig filename: /var/folders/zg/vq0dnx517c54hg87dyqjky740000gn/T/.tmpMtxbLg/tmp//unitig_data.txt
pass done: 197
Multi-k pass: 198/204


metaMDBG graph /var/folders/zg/vq0dnx517c54hg87dyqjky740000gn/T/.tmpMtxbLg/tmp/ --threads 10 --corrected-read 

Contig filename: 
Output dir: /var/folders/zg/vq0dnx517c54hg87dyqjky740000gn/T/.tmpMtxbLg/tmp/
Minimizer length: 15
Kminmer length: 198
Density: 0.005
Min abundance: 0

Loading refined abundances
	Duration: 0
Collecting kminmers
Building mdbg
Duration: 0
Nb solid kminmers: 23548
Nb small contigs written: 0
Dump kminmer abundances
	Duration: 0
Indexing edges
Edge index size: 23639
Edge index elements: 45222
	Duration: 0
Compute unitig nodes
	Duration: 0
Index unitig edges
	Duration: 0
Compute unitig edges
	Duration: 0
Dump unitig abundances
	Duration: 0
Nb edges:   0


metaMDBG contig  /var/folders/zg/vq0dnx517c54hg87dyqjky740000gn/T/.tmpMtxbLg/tmp/ --threads 10

Input dir: /var/folders/zg/vq0dnx517c54hg87dyqjky740000gn/T/.tmpMtxbLg/tmp/
Minimizer length: 15
Kminmer length: 198
Density: 0.005

Loading unitig graph
Load unitigs
Nb unitigs: 187
Nb minimizers: 60387
Add unitig abundances
Sorting abundances
Add unitig edges
Nb unitig edges: 192
Sorting unitig edges
Done loading unitig graph
Simplifying
Max abundance: 42
Nb unitigs: 187
Superbubble
Nb superbubble removed: 0 0 (0s)
Tip
Nb Tip removed: 29 (0s)
Superbubble
Nb superbubble removed: 0 0 (0s)
Tip
Nb Tip removed: 0 (0s)
Nb errors removed: 32 (0s)
Superbubble
Nb superbubble removed: 0 0 (0s)
Tip
Nb Tip removed: 0 (0s)
Nb errors removed: 16 (0s)
Superbubble
Nb superbubble removed: 0 0 (0s)
Tip
Nb Tip removed: 0 (0s)
Nb errors removed: 11 (0s)
Superbubble
Nb superbubble removed: 0 0 (0s)
Tip
Nb Tip removed: 0 (0s)
Nb errors removed: 9 (0s)
Superbubble
Nb superbubble removed: 0 0 (0s)
Tip
Nb Tip removed: 0 (0s)
Nb errors removed: 14 (0s)
Superbubble
Nb superbubble removed: 0 0 (0s)
Tip
Nb Tip removed: 0 (0s)
Nb errors removed: 10 (0s)
Superbubble
Nb superbubble removed: 0 0 (0s)
Tip
Nb Tip removed: 0 (0s)
Nb errors removed: 9 (0s)
Superbubble
Nb superbubble removed: 0 0 (0s)
Tip
Nb Tip removed: 0 (0s)
Nb errors removed: 10 (0s)
Superbubble
Nb superbubble removed: 0 0 (0s)
Tip
Nb Tip removed: 0 (0s)
Nb errors removed: 5 (0s)
Superbubble
Nb superbubble removed: 0 0 (0s)
Tip
Nb Tip removed: 0 (0s)
Nb errors removed: 3 (0s)
Superbubble
Nb superbubble removed: 0 0 (0s)
Tip
Nb Tip removed: 0 (0s)
Nb errors removed: 12 (0s)
Superbubble
Nb superbubble removed: 0 0 (0s)
Tip
Nb Tip removed: 0 (0s)
Nb errors removed: 4 (0s)
Superbubble
Nb superbubble removed: 0 0 (0s)
Tip
Nb Tip removed: 0 (0s)
Nb errors removed: 1 (0s)
Superbubble
Nb superbubble removed: 0 0 (0s)
Tip
Nb Tip removed: 0 (0s)
Nb errors removed: 4 (0s)
Superbubble
Nb superbubble removed: 0 0 (0s)
Tip
Nb Tip removed: 0 (0s)
Nb errors removed: 1 (0s)
Superbubble
Nb superbubble removed: 0 0 (0s)
Tip
Nb Tip removed: 0 (0s)
Checksum: 0
Checksum abundnace: 0
Generating contigs
45.2593
28.1025
23.2252
15.8631
13.11
11.9182
10.8347
9.84974
8.14028
7.40025
6.11591
5.05447
4.17725
3.13843
2.14359
0


metaMDBG toMinspace  /var/folders/zg/vq0dnx517c54hg87dyqjky740000gn/T/.tmpMtxbLg/tmp/ /var/folders/zg/vq0dnx517c54hg87dyqjky740000gn/T/.tmpMtxbLg/tmp//contigs.nodepath /var/folders/zg/vq0dnx517c54hg87dyqjky740000gn/T/.tmpMtxbLg/tmp//unitig_data.txt --threads 10

Input dir: /var/folders/zg/vq0dnx517c54hg87dyqjky740000gn/T/.tmpMtxbLg/tmp/
Minimizer length: 15
Kminmer length: 198
Density: 0.005

Loading unitig sequences

Creating mContigs

Contig filename: /var/folders/zg/vq0dnx517c54hg87dyqjky740000gn/T/.tmpMtxbLg/tmp//unitig_data.txt
pass done: 198
Multi-k pass: 199/204


metaMDBG graph /var/folders/zg/vq0dnx517c54hg87dyqjky740000gn/T/.tmpMtxbLg/tmp/ --threads 10 --corrected-read 

Contig filename: 
Output dir: /var/folders/zg/vq0dnx517c54hg87dyqjky740000gn/T/.tmpMtxbLg/tmp/
Minimizer length: 15
Kminmer length: 199
Density: 0.005
Min abundance: 0

Loading refined abundances
	Duration: 0
Collecting kminmers
Building mdbg
Duration: 0
Nb solid kminmers: 23456
Nb small contigs written: 0
Dump kminmer abundances
	Duration: 0
Indexing edges
Edge index size: 23547
Edge index elements: 45058
	Duration: 0
Compute unitig nodes
	Duration: 0
Index unitig edges
	Duration: 0
Compute unitig edges
	Duration: 0
Dump unitig abundances
	Duration: 0
Nb edges:   0


metaMDBG contig  /var/folders/zg/vq0dnx517c54hg87dyqjky740000gn/T/.tmpMtxbLg/tmp/ --threads 10

Input dir: /var/folders/zg/vq0dnx517c54hg87dyqjky740000gn/T/.tmpMtxbLg/tmp/
Minimizer length: 15
Kminmer length: 199
Density: 0.005

Loading unitig graph
Load unitigs
Nb unitigs: 184
Nb minimizers: 59888
Add unitig abundances
Sorting abundances
Add unitig edges
Nb unitig edges: 188
Sorting unitig edges
Done loading unitig graph
Simplifying
Max abundance: 42
Nb unitigs: 184
Superbubble
Nb superbubble removed: 0 0 (0s)
Tip
Nb Tip removed: 28 (0s)
Superbubble
Nb superbubble removed: 0 0 (0s)
Tip
Nb Tip removed: 0 (0s)
Nb errors removed: 32 (0s)
Superbubble
Nb superbubble removed: 0 0 (0s)
Tip
Nb Tip removed: 0 (0s)
Nb errors removed: 16 (0s)
Superbubble
Nb superbubble removed: 0 0 (0s)
Tip
Nb Tip removed: 0 (0s)
Nb errors removed: 11 (0s)
Superbubble
Nb superbubble removed: 0 0 (0s)
Tip
Nb Tip removed: 0 (0s)
Nb errors removed: 8 (0s)
Superbubble
Nb superbubble removed: 0 0 (0s)
Tip
Nb Tip removed: 0 (0s)
Nb errors removed: 14 (0s)
Superbubble
Nb superbubble removed: 0 0 (0s)
Tip
Nb Tip removed: 0 (0s)
Nb errors removed: 10 (0s)
Superbubble
Nb superbubble removed: 0 0 (0s)
Tip
Nb Tip removed: 0 (0s)
Nb errors removed: 9 (0s)
Superbubble
Nb superbubble removed: 0 0 (0s)
Tip
Nb Tip removed: 0 (0s)
Nb errors removed: 10 (0s)
Superbubble
Nb superbubble removed: 0 0 (0s)
Tip
Nb Tip removed: 0 (0s)
Nb errors removed: 5 (0s)
Superbubble
Nb superbubble removed: 0 0 (0s)
Tip
Nb Tip removed: 0 (0s)
Nb errors removed: 3 (0s)
Superbubble
Nb superbubble removed: 0 0 (0s)
Tip
Nb Tip removed: 0 (0s)
Nb errors removed: 12 (0s)
Superbubble
Nb superbubble removed: 0 0 (0s)
Tip
Nb Tip removed: 0 (0s)
Nb errors removed: 4 (0s)
Superbubble
Nb superbubble removed: 0 0 (0s)
Tip
Nb Tip removed: 0 (0s)
Nb errors removed: 1 (0s)
Superbubble
Nb superbubble removed: 0 0 (0s)
Tip
Nb Tip removed: 0 (0s)
Nb errors removed: 4 (0s)
Superbubble
Nb superbubble removed: 0 0 (0s)
Tip
Nb Tip removed: 0 (0s)
Nb errors removed: 1 (0s)
Superbubble
Nb superbubble removed: 0 0 (0s)
Tip
Nb Tip removed: 0 (0s)
Checksum: 0
Checksum abundnace: 0
Generating contigs
45.2593
28.1025
23.2252
15.8631
13.11
11.9182
10.8347
9.84974
8.14028
7.40025
6.11591
5.05447
4.17725
3.13843
2.14359
0


metaMDBG toMinspace  /var/folders/zg/vq0dnx517c54hg87dyqjky740000gn/T/.tmpMtxbLg/tmp/ /var/folders/zg/vq0dnx517c54hg87dyqjky740000gn/T/.tmpMtxbLg/tmp//contigs.nodepath /var/folders/zg/vq0dnx517c54hg87dyqjky740000gn/T/.tmpMtxbLg/tmp//unitig_data.txt --threads 10

Input dir: /var/folders/zg/vq0dnx517c54hg87dyqjky740000gn/T/.tmpMtxbLg/tmp/
Minimizer length: 15
Kminmer length: 199
Density: 0.005

Loading unitig sequences

Creating mContigs

Contig filename: /var/folders/zg/vq0dnx517c54hg87dyqjky740000gn/T/.tmpMtxbLg/tmp//unitig_data.txt
pass done: 199
Multi-k pass: 200/204


metaMDBG graph /var/folders/zg/vq0dnx517c54hg87dyqjky740000gn/T/.tmpMtxbLg/tmp/ --threads 10 --corrected-read 

Contig filename: 
Output dir: /var/folders/zg/vq0dnx517c54hg87dyqjky740000gn/T/.tmpMtxbLg/tmp/
Minimizer length: 15
Kminmer length: 200
Density: 0.005
Min abundance: 0

Loading refined abundances
	Duration: 0
Collecting kminmers
Building mdbg
Duration: 0
Nb solid kminmers: 23365
Nb small contigs written: 0
Dump kminmer abundances
	Duration: 0
Indexing edges
Edge index size: 23456
Edge index elements: 44966
	Duration: 0
Compute unitig nodes
	Duration: 0
Index unitig edges
	Duration: 0
Compute unitig edges
	Duration: 0
Dump unitig abundances
	Duration: 0
Nb edges:   0


metaMDBG contig  /var/folders/zg/vq0dnx517c54hg87dyqjky740000gn/T/.tmpMtxbLg/tmp/ --threads 10

Input dir: /var/folders/zg/vq0dnx517c54hg87dyqjky740000gn/T/.tmpMtxbLg/tmp/
Minimizer length: 15
Kminmer length: 200
Density: 0.005

Loading unitig graph
Load unitigs
Nb unitigs: 185
Nb minimizers: 60180
Add unitig abundances
Sorting abundances
Add unitig edges
Nb unitig edges: 188
Sorting unitig edges
Done loading unitig graph
Simplifying
Max abundance: 42
Nb unitigs: 185
Superbubble
Nb superbubble removed: 0 0 (0s)
Tip
Nb Tip removed: 28 (0s)
Superbubble
Nb superbubble removed: 0 0 (0s)
Tip
Nb Tip removed: 0 (0s)
Nb errors removed: 32 (0s)
Superbubble
Nb superbubble removed: 0 0 (0s)
Tip
Nb Tip removed: 0 (0s)
Nb errors removed: 16 (0s)
Superbubble
Nb superbubble removed: 0 0 (0s)
Tip
Nb Tip removed: 0 (0s)
Nb errors removed: 11 (0s)
Superbubble
Nb superbubble removed: 0 0 (0s)
Tip
Nb Tip removed: 0 (0s)
Nb errors removed: 8 (0s)
Superbubble
Nb superbubble removed: 0 0 (0s)
Tip
Nb Tip removed: 0 (0s)
Nb errors removed: 14 (0s)
Superbubble
Nb superbubble removed: 0 0 (0s)
Tip
Nb Tip removed: 0 (0s)
Nb errors removed: 10 (0s)
Superbubble
Nb superbubble removed: 0 0 (0s)
Tip
Nb Tip removed: 0 (0s)
Nb errors removed: 9 (0s)
Superbubble
Nb superbubble removed: 0 0 (0s)
Tip
Nb Tip removed: 0 (0s)
Nb errors removed: 10 (0s)
Superbubble
Nb superbubble removed: 0 0 (0s)
Tip
Nb Tip removed: 0 (0s)
Nb errors removed: 5 (0s)
Superbubble
Nb superbubble removed: 0 0 (0s)
Tip
Nb Tip removed: 0 (0s)
Nb errors removed: 3 (0s)
Superbubble
Nb superbubble removed: 0 0 (0s)
Tip
Nb Tip removed: 0 (0s)
Nb errors removed: 12 (0s)
Superbubble
Nb superbubble removed: 0 0 (0s)
Tip
Nb Tip removed: 0 (0s)
Nb errors removed: 4 (0s)
Superbubble
Nb superbubble removed: 0 0 (0s)
Tip
Nb Tip removed: 0 (0s)
Nb errors removed: 1 (0s)
Superbubble
Nb superbubble removed: 0 0 (0s)
Tip
Nb Tip removed: 0 (0s)
Nb errors removed: 4 (0s)
Superbubble
Nb superbubble removed: 0 0 (0s)
Tip
Nb Tip removed: 0 (0s)
Nb errors removed: 1 (0s)
Superbubble
Nb superbubble removed: 0 0 (0s)
Tip
Nb Tip removed: 0 (0s)
Checksum: 0
Checksum abundnace: 0
Generating contigs
45.2593
28.1025
23.2252
15.8631
13.11
11.9182
10.8347
9.84974
8.14028
7.40025
6.11591
5.05447
4.17725
3.13843
2.14359
0


metaMDBG toMinspace  /var/folders/zg/vq0dnx517c54hg87dyqjky740000gn/T/.tmpMtxbLg/tmp/ /var/folders/zg/vq0dnx517c54hg87dyqjky740000gn/T/.tmpMtxbLg/tmp//contigs.nodepath /var/folders/zg/vq0dnx517c54hg87dyqjky740000gn/T/.tmpMtxbLg/tmp//unitig_data.txt --threads 10

Input dir: /var/folders/zg/vq0dnx517c54hg87dyqjky740000gn/T/.tmpMtxbLg/tmp/
Minimizer length: 15
Kminmer length: 200
Density: 0.005

Loading unitig sequences

Creating mContigs

Contig filename: /var/folders/zg/vq0dnx517c54hg87dyqjky740000gn/T/.tmpMtxbLg/tmp//unitig_data.txt
pass done: 200
Multi-k pass: 201/204


metaMDBG graph /var/folders/zg/vq0dnx517c54hg87dyqjky740000gn/T/.tmpMtxbLg/tmp/ --threads 10 --corrected-read 

Contig filename: 
Output dir: /var/folders/zg/vq0dnx517c54hg87dyqjky740000gn/T/.tmpMtxbLg/tmp/
Minimizer length: 15
Kminmer length: 201
Density: 0.005
Min abundance: 0

Loading refined abundances
	Duration: 0
Collecting kminmers
Building mdbg
Duration: 0
Nb solid kminmers: 23273
Nb small contigs written: 0
Dump kminmer abundances
	Duration: 0
Indexing edges
Edge index size: 23365
Edge index elements: 44883
	Duration: 0
Compute unitig nodes
	Duration: 0
Index unitig edges
	Duration: 0
Compute unitig edges
	Duration: 0
Dump unitig abundances
	Duration: 0
Nb edges:   0


metaMDBG contig  /var/folders/zg/vq0dnx517c54hg87dyqjky740000gn/T/.tmpMtxbLg/tmp/ --threads 10 --gen-graph 

Input dir: /var/folders/zg/vq0dnx517c54hg87dyqjky740000gn/T/.tmpMtxbLg/tmp/
Minimizer length: 15
Kminmer length: 201
Density: 0.005

Loading unitig graph
Load unitigs
Nb unitigs: 184
Nb minimizers: 60073
Add unitig abundances
Sorting abundances
Add unitig edges
Nb unitig edges: 184
Sorting unitig edges
Done loading unitig graph
Simplifying
Max abundance: 42
Nb unitigs: 184
Superbubble
Nb superbubble removed: 0 0 (0s)
Tip
Nb Tip removed: 27 (0s)
Superbubble
Nb superbubble removed: 0 0 (0s)
Tip
Nb Tip removed: 0 (0s)
Saving unitig graph: /var/folders/zg/vq0dnx517c54hg87dyqjky740000gn/T/.tmpMtxbLg/tmp//assembly_graph.gfa
Nb errors removed: 32 (0s)
Superbubble
Nb superbubble removed: 0 0 (0s)
Tip
Nb Tip removed: 0 (0s)
Nb errors removed: 16 (0s)
Superbubble
Nb superbubble removed: 0 0 (0s)
Tip
Nb Tip removed: 0 (0s)
Nb errors removed: 11 (0s)
Superbubble
Nb superbubble removed: 0 0 (0s)
Tip
Nb Tip removed: 0 (0s)
Nb errors removed: 8 (0s)
Superbubble
Nb superbubble removed: 0 0 (0s)
Tip
Nb Tip removed: 0 (0s)
Nb errors removed: 14 (0s)
Superbubble
Nb superbubble removed: 0 0 (0s)
Tip
Nb Tip removed: 0 (0s)
Nb errors removed: 10 (0s)
Superbubble
Nb superbubble removed: 0 0 (0s)
Tip
Nb Tip removed: 0 (0s)
Nb errors removed: 9 (0s)
Superbubble
Nb superbubble removed: 0 0 (0s)
Tip
Nb Tip removed: 0 (0s)
Nb errors removed: 10 (0s)
Superbubble
Nb superbubble removed: 0 0 (0s)
Tip
Nb Tip removed: 0 (0s)
Nb errors removed: 5 (0s)
Superbubble
Nb superbubble removed: 0 0 (0s)
Tip
Nb Tip removed: 0 (0s)
Nb errors removed: 3 (0s)
Superbubble
Nb superbubble removed: 0 0 (0s)
Tip
Nb Tip removed: 0 (0s)
Nb errors removed: 12 (0s)
Superbubble
Nb superbubble removed: 0 0 (0s)
Tip
Nb Tip removed: 0 (0s)
Nb errors removed: 4 (0s)
Superbubble
Nb superbubble removed: 0 0 (0s)
Tip
Nb Tip removed: 0 (0s)
Nb errors removed: 1 (0s)
Superbubble
Nb superbubble removed: 0 0 (0s)
Tip
Nb Tip removed: 0 (0s)
Nb errors removed: 4 (0s)
Superbubble
Nb superbubble removed: 0 0 (0s)
Tip
Nb Tip removed: 0 (0s)
Nb errors removed: 1 (0s)
Superbubble
Nb superbubble removed: 0 0 (0s)
Tip
Nb Tip removed: 0 (0s)
Checksum: 0
Checksum abundnace: 0
Generating contigs
45.2593
28.1025
23.2252
15.8631
13.11
11.9182
10.8347
9.84974
8.14028
7.40025
6.11591
5.05447
4.17725
3.13843
2.14359
0


metaMDBG toMinspace  /var/folders/zg/vq0dnx517c54hg87dyqjky740000gn/T/.tmpMtxbLg/tmp/ /var/folders/zg/vq0dnx517c54hg87dyqjky740000gn/T/.tmpMtxbLg/tmp//contigs.nodepath /var/folders/zg/vq0dnx517c54hg87dyqjky740000gn/T/.tmpMtxbLg/tmp//unitig_data.txt --threads 10

Input dir: /var/folders/zg/vq0dnx517c54hg87dyqjky740000gn/T/.tmpMtxbLg/tmp/
Minimizer length: 15
Kminmer length: 201
Density: 0.005

Loading unitig sequences

Creating mContigs

Contig filename: /var/folders/zg/vq0dnx517c54hg87dyqjky740000gn/T/.tmpMtxbLg/tmp//unitig_data.txt


metaMDBG toMinspace  /var/folders/zg/vq0dnx517c54hg87dyqjky740000gn/T/.tmpMtxbLg/tmp/ /var/folders/zg/vq0dnx517c54hg87dyqjky740000gn/T/.tmpMtxbLg/tmp//assembly_graph.gfa.unitigs.nodepath /var/folders/zg/vq0dnx517c54hg87dyqjky740000gn/T/.tmpMtxbLg/tmp//assembly_graph.gfa.unitigs --threads 10

Input dir: /var/folders/zg/vq0dnx517c54hg87dyqjky740000gn/T/.tmpMtxbLg/tmp/
Minimizer length: 15
Kminmer length: 201
Density: 0.005

Loading unitig sequences

Creating mContigs

Contig filename: /var/folders/zg/vq0dnx517c54hg87dyqjky740000gn/T/.tmpMtxbLg/tmp//assembly_graph.gfa.unitigs
pass done: 201
Multi-k pass: 202/204


metaMDBG graph /var/folders/zg/vq0dnx517c54hg87dyqjky740000gn/T/.tmpMtxbLg/tmp/ --threads 10 --corrected-read 

Contig filename: 
Output dir: /var/folders/zg/vq0dnx517c54hg87dyqjky740000gn/T/.tmpMtxbLg/tmp/
Minimizer length: 15
Kminmer length: 202
Density: 0.005
Min abundance: 0

Loading refined abundances
	Duration: 0
Collecting kminmers
Building mdbg
Duration: 0
Nb solid kminmers: 23181
Nb small contigs written: 0
Dump kminmer abundances
	Duration: 0
Indexing edges
Edge index size: 23273
Edge index elements: 44705
	Duration: 0
Compute unitig nodes
	Duration: 0
Index unitig edges
	Duration: 0
Compute unitig edges
	Duration: 0
Dump unitig abundances
	Duration: 0
Nb edges:   0


metaMDBG contig  /var/folders/zg/vq0dnx517c54hg87dyqjky740000gn/T/.tmpMtxbLg/tmp/ --threads 10

Input dir: /var/folders/zg/vq0dnx517c54hg87dyqjky740000gn/T/.tmpMtxbLg/tmp/
Minimizer length: 15
Kminmer length: 202
Density: 0.005

Loading unitig graph
Load unitigs
Nb unitigs: 184
Nb minimizers: 60165
Add unitig abundances
Sorting abundances
Add unitig edges
Nb unitig edges: 184
Sorting unitig edges
Done loading unitig graph
Simplifying
Max abundance: 42
Nb unitigs: 184
Superbubble
Nb superbubble removed: 0 0 (0s)
Tip
Nb Tip removed: 26 (0s)
Superbubble
Nb superbubble removed: 0 0 (0s)
Tip
Nb Tip removed: 0 (0s)
Nb errors removed: 32 (0s)
Superbubble
Nb superbubble removed: 0 0 (0s)
Tip
Nb Tip removed: 0 (0s)
Nb errors removed: 16 (0s)
Superbubble
Nb superbubble removed: 0 0 (0s)
Tip
Nb Tip removed: 0 (0s)
Nb errors removed: 11 (0s)
Superbubble
Nb superbubble removed: 0 0 (0s)
Tip
Nb Tip removed: 0 (0s)
Nb errors removed: 8 (0s)
Superbubble
Nb superbubble removed: 0 0 (0s)
Tip
Nb Tip removed: 0 (0s)
Nb errors removed: 14 (0s)
Superbubble
Nb superbubble removed: 0 0 (0s)
Tip
Nb Tip removed: 0 (0s)
Nb errors removed: 10 (0s)
Superbubble
Nb superbubble removed: 0 0 (0s)
Tip
Nb Tip removed: 0 (0s)
Nb errors removed: 9 (0s)
Superbubble
Nb superbubble removed: 0 0 (0s)
Tip
Nb Tip removed: 0 (0s)
Nb errors removed: 10 (0s)
Superbubble
Nb superbubble removed: 0 0 (0s)
Tip
Nb Tip removed: 0 (0s)
Nb errors removed: 5 (0s)
Superbubble
Nb superbubble removed: 0 0 (0s)
Tip
Nb Tip removed: 0 (0s)
Nb errors removed: 3 (0s)
Superbubble
Nb superbubble removed: 0 0 (0s)
Tip
Nb Tip removed: 0 (0s)
Nb errors removed: 12 (0s)
Superbubble
Nb superbubble removed: 0 0 (0s)
Tip
Nb Tip removed: 0 (0s)
Nb errors removed: 4 (0s)
Superbubble
Nb superbubble removed: 0 0 (0s)
Tip
Nb Tip removed: 0 (0s)
Nb errors removed: 1 (0s)
Superbubble
Nb superbubble removed: 0 0 (0s)
Tip
Nb Tip removed: 0 (0s)
Nb errors removed: 4 (0s)
Superbubble
Nb superbubble removed: 0 0 (0s)
Tip
Nb Tip removed: 0 (0s)
Nb errors removed: 1 (0s)
Superbubble
Nb superbubble removed: 0 0 (0s)
Tip
Nb Tip removed: 0 (0s)
Checksum: 0
Checksum abundnace: 0
Generating contigs
45.2593
28.1025
23.2252
15.8631
13.11
11.9182
10.8347
9.84974
8.14028
7.40025
6.11591
5.05447
4.17725
3.13843
2.14359
0


metaMDBG toMinspace  /var/folders/zg/vq0dnx517c54hg87dyqjky740000gn/T/.tmpMtxbLg/tmp/ /var/folders/zg/vq0dnx517c54hg87dyqjky740000gn/T/.tmpMtxbLg/tmp//contigs.nodepath /var/folders/zg/vq0dnx517c54hg87dyqjky740000gn/T/.tmpMtxbLg/tmp//unitig_data.txt --threads 10

Input dir: /var/folders/zg/vq0dnx517c54hg87dyqjky740000gn/T/.tmpMtxbLg/tmp/
Minimizer length: 15
Kminmer length: 202
Density: 0.005

Loading unitig sequences

Creating mContigs

Contig filename: /var/folders/zg/vq0dnx517c54hg87dyqjky740000gn/T/.tmpMtxbLg/tmp//unitig_data.txt
pass done: 202
Multi-k pass: 203/204


metaMDBG graph /var/folders/zg/vq0dnx517c54hg87dyqjky740000gn/T/.tmpMtxbLg/tmp/ --threads 10 --corrected-read 

Contig filename: 
Output dir: /var/folders/zg/vq0dnx517c54hg87dyqjky740000gn/T/.tmpMtxbLg/tmp/
Minimizer length: 15
Kminmer length: 203
Density: 0.005
Min abundance: 0

Loading refined abundances
	Duration: 0
Collecting kminmers
Building mdbg
Duration: 0
Nb solid kminmers: 23089
Nb small contigs written: 0
Dump kminmer abundances
	Duration: 0
Indexing edges
Edge index size: 23181
Edge index elements: 44612
	Duration: 0
Compute unitig nodes
	Duration: 0
Index unitig edges
	Duration: 0
Compute unitig edges
	Duration: 0
Dump unitig abundances
	Duration: 0
Nb edges:   0


metaMDBG contig  /var/folders/zg/vq0dnx517c54hg87dyqjky740000gn/T/.tmpMtxbLg/tmp/ --threads 10

Input dir: /var/folders/zg/vq0dnx517c54hg87dyqjky740000gn/T/.tmpMtxbLg/tmp/
Minimizer length: 15
Kminmer length: 203
Density: 0.005

Loading unitig graph
Load unitigs
Nb unitigs: 184
Nb minimizers: 60257
Add unitig abundances
Sorting abundances
Add unitig edges
Nb unitig edges: 184
Sorting unitig edges
Done loading unitig graph
Simplifying
Max abundance: 42
Nb unitigs: 184
Superbubble
Nb superbubble removed: 0 0 (0s)
Tip
Nb Tip removed: 25 (0s)
Superbubble
Nb superbubble removed: 0 0 (0s)
Tip
Nb Tip removed: 0 (0s)
Nb errors removed: 32 (0s)
Superbubble
Nb superbubble removed: 0 0 (0s)
Tip
Nb Tip removed: 0 (0s)
Nb errors removed: 16 (0s)
Superbubble
Nb superbubble removed: 0 0 (0s)
Tip
Nb Tip removed: 0 (0s)
Nb errors removed: 11 (0s)
Superbubble
Nb superbubble removed: 0 0 (0s)
Tip
Nb Tip removed: 0 (0s)
Nb errors removed: 8 (0s)
Superbubble
Nb superbubble removed: 0 0 (0s)
Tip
Nb Tip removed: 0 (0s)
Nb errors removed: 14 (0s)
Superbubble
Nb superbubble removed: 0 0 (0s)
Tip
Nb Tip removed: 0 (0s)
Nb errors removed: 10 (0s)
Superbubble
Nb superbubble removed: 0 0 (0s)
Tip
Nb Tip removed: 0 (0s)
Nb errors removed: 9 (0s)
Superbubble
Nb superbubble removed: 0 0 (0s)
Tip
Nb Tip removed: 0 (0s)
Nb errors removed: 10 (0s)
Superbubble
Nb superbubble removed: 0 0 (0s)
Tip
Nb Tip removed: 0 (0s)
Nb errors removed: 5 (0s)
Superbubble
Nb superbubble removed: 0 0 (0s)
Tip
Nb Tip removed: 0 (0s)
Nb errors removed: 3 (0s)
Superbubble
Nb superbubble removed: 0 0 (0s)
Tip
Nb Tip removed: 0 (0s)
Nb errors removed: 12 (0s)
Superbubble
Nb superbubble removed: 0 0 (0s)
Tip
Nb Tip removed: 0 (0s)
Nb errors removed: 4 (0s)
Superbubble
Nb superbubble removed: 0 0 (0s)
Tip
Nb Tip removed: 0 (0s)
Nb errors removed: 1 (0s)
Superbubble
Nb superbubble removed: 0 0 (0s)
Tip
Nb Tip removed: 0 (0s)
Nb errors removed: 4 (0s)
Superbubble
Nb superbubble removed: 0 0 (0s)
Tip
Nb Tip removed: 0 (0s)
Nb errors removed: 1 (0s)
Superbubble
Nb superbubble removed: 0 0 (0s)
Tip
Nb Tip removed: 0 (0s)
Checksum: 0
Checksum abundnace: 0
Generating contigs
45.2593
28.1025
23.2252
15.8631
13.11
11.9182
10.8347
9.84974
8.14028
7.40025
6.11591
5.05447
4.17725
3.13843
2.14359
0


metaMDBG toMinspace  /var/folders/zg/vq0dnx517c54hg87dyqjky740000gn/T/.tmpMtxbLg/tmp/ /var/folders/zg/vq0dnx517c54hg87dyqjky740000gn/T/.tmpMtxbLg/tmp//contigs.nodepath /var/folders/zg/vq0dnx517c54hg87dyqjky740000gn/T/.tmpMtxbLg/tmp//unitig_data.txt --threads 10

Input dir: /var/folders/zg/vq0dnx517c54hg87dyqjky740000gn/T/.tmpMtxbLg/tmp/
Minimizer length: 15
Kminmer length: 203
Density: 0.005

Loading unitig sequences

Creating mContigs

Contig filename: /var/folders/zg/vq0dnx517c54hg87dyqjky740000gn/T/.tmpMtxbLg/tmp//unitig_data.txt
pass done: 203
Multi-k pass: 204/204


metaMDBG graph /var/folders/zg/vq0dnx517c54hg87dyqjky740000gn/T/.tmpMtxbLg/tmp/ --threads 10 --corrected-read 

Contig filename: 
Output dir: /var/folders/zg/vq0dnx517c54hg87dyqjky740000gn/T/.tmpMtxbLg/tmp/
Minimizer length: 15
Kminmer length: 204
Density: 0.005
Min abundance: 0

Loading refined abundances
	Duration: 0
Collecting kminmers
Building mdbg
Duration: 0
Nb solid kminmers: 22996
Nb small contigs written: 0
Dump kminmer abundances
	Duration: 0
Indexing edges
Edge index size: 23089
Edge index elements: 44562
	Duration: 0
Compute unitig nodes
	Duration: 0
Index unitig edges
	Duration: 0
Compute unitig edges
	Duration: 0
Dump unitig abundances
	Duration: 0
Nb edges:   0


metaMDBG contig  /var/folders/zg/vq0dnx517c54hg87dyqjky740000gn/T/.tmpMtxbLg/tmp/ --threads 10

Input dir: /var/folders/zg/vq0dnx517c54hg87dyqjky740000gn/T/.tmpMtxbLg/tmp/
Minimizer length: 15
Kminmer length: 204
Density: 0.005

Loading unitig graph
Load unitigs
Nb unitigs: 183
Nb minimizers: 60145
Add unitig abundances
Sorting abundances
Add unitig edges
Nb unitig edges: 180
Sorting unitig edges
Done loading unitig graph
Simplifying
Max abundance: 42
Nb unitigs: 183
Superbubble
Nb superbubble removed: 0 0 (0s)
Tip
Nb Tip removed: 25 (0s)
Superbubble
Nb superbubble removed: 0 0 (0s)
Tip
Nb Tip removed: 0 (0s)
Nb errors removed: 32 (0s)
Superbubble
Nb superbubble removed: 0 0 (0s)
Tip
Nb Tip removed: 0 (0s)
Nb errors removed: 16 (0s)
Superbubble
Nb superbubble removed: 0 0 (0s)
Tip
Nb Tip removed: 0 (0s)
Nb errors removed: 11 (0s)
Superbubble
Nb superbubble removed: 0 0 (0s)
Tip
Nb Tip removed: 0 (0s)
Nb errors removed: 8 (0s)
Superbubble
Nb superbubble removed: 0 0 (0s)
Tip
Nb Tip removed: 0 (0s)
Nb errors removed: 14 (0s)
Superbubble
Nb superbubble removed: 0 0 (0s)
Tip
Nb Tip removed: 0 (0s)
Nb errors removed: 10 (0s)
Superbubble
Nb superbubble removed: 0 0 (0s)
Tip
Nb Tip removed: 0 (0s)
Nb errors removed: 9 (0s)
Superbubble
Nb superbubble removed: 0 0 (0s)
Tip
Nb Tip removed: 0 (0s)
Nb errors removed: 10 (0s)
Superbubble
Nb superbubble removed: 0 0 (0s)
Tip
Nb Tip removed: 0 (0s)
Nb errors removed: 5 (0s)
Superbubble
Nb superbubble removed: 0 0 (0s)
Tip
Nb Tip removed: 0 (0s)
Nb errors removed: 3 (0s)
Superbubble
Nb superbubble removed: 0 0 (0s)
Tip
Nb Tip removed: 0 (0s)
Nb errors removed: 12 (0s)
Superbubble
Nb superbubble removed: 0 0 (0s)
Tip
Nb Tip removed: 0 (0s)
Nb errors removed: 4 (0s)
Superbubble
Nb superbubble removed: 0 0 (0s)
Tip
Nb Tip removed: 0 (0s)
Nb errors removed: 1 (0s)
Superbubble
Nb superbubble removed: 0 0 (0s)
Tip
Nb Tip removed: 0 (0s)
Nb errors removed: 4 (0s)
Superbubble
Nb superbubble removed: 0 0 (0s)
Tip
Nb Tip removed: 0 (0s)
Nb errors removed: 1 (0s)
Superbubble
Nb superbubble removed: 0 0 (0s)
Tip
Nb Tip removed: 0 (0s)
Checksum: 0
Checksum abundnace: 0
Generating contigs
45.2593
28.1025
23.2252
15.8631
13.11
11.9182
10.8347
9.84974
8.14028
7.40025
6.11591
5.05447
4.17725
3.13843
2.14359
0


metaMDBG toMinspace  /var/folders/zg/vq0dnx517c54hg87dyqjky740000gn/T/.tmpMtxbLg/tmp/ /var/folders/zg/vq0dnx517c54hg87dyqjky740000gn/T/.tmpMtxbLg/tmp//contigs.nodepath /var/folders/zg/vq0dnx517c54hg87dyqjky740000gn/T/.tmpMtxbLg/tmp//contig_data_init.txt --threads 10

Input dir: /var/folders/zg/vq0dnx517c54hg87dyqjky740000gn/T/.tmpMtxbLg/tmp/
Minimizer length: 15
Kminmer length: 204
Density: 0.005

Loading unitig sequences

Creating mContigs

Contig filename: /var/folders/zg/vq0dnx517c54hg87dyqjky740000gn/T/.tmpMtxbLg/tmp//contig_data_init.txt
Removing overlaps and duplication
Append small contigs


metaMDBG toBasespaceFast  /var/folders/zg/vq0dnx517c54hg87dyqjky740000gn/T/.tmpMtxbLg/tmp/ /var/folders/zg/vq0dnx517c54hg87dyqjky740000gn/T/.tmpMtxbLg/tmp//contig_data_init_small.txt --threads 10 --has-quality

Input dir: /var/folders/zg/vq0dnx517c54hg87dyqjky740000gn/T/.tmpMtxbLg/tmp/
Minimizer length: 15
Kminmer length: 4
Density: 0.005

Indexing kminmers
Indexing contigs
detecting overlaps
Nb contigs: 325
OverlapRemover checksum: 14484512933490619187
detecting overlaps
Nb contigs: 249
OverlapRemover checksum: 11961802620435354880
detecting overlaps
Nb contigs: 242
OverlapRemover checksum: 14725659331348360702
detecting overlaps
Removing self overlaps: 242
Nb contigs: 242
Indexing initial unitigs
Indexing kminmer abundance
Indexing reads
Indexing reads 1
Indexing reads 2
Break unbridged repeats
Constructing base-space contigs


metaMDBG toBasespace_ont  /var/folders/zg/vq0dnx517c54hg87dyqjky740000gn/T/.tmpMtxbLg/tmp/ /var/folders/zg/vq0dnx517c54hg87dyqjky740000gn/T/.tmpMtxbLg/tmp//contig_data_init_small.txt.norepeats  /var/folders/zg/vq0dnx517c54hg87dyqjky740000gn/T/.tmpMtxbLg/tmp//contigs_uncorrected.fasta.gz /var/folders/zg/vq0dnx517c54hg87dyqjky740000gn/T/.tmpMtxbLg/tmp//input.txt --threads 10

Input dir: /var/folders/zg/vq0dnx517c54hg87dyqjky740000gn/T/.tmpMtxbLg/tmp/
Minimizer length: 15
Kminmer length: 2
Density: 0.005

Indexing contigs
0
Loading contigs
0
Aligning reads
0
10000
20000
Parsing contigs
Extracting kminmer models
	Parsing file: /Users/mschul/Downloads/sample01/sample01_autocycler/porechop_output_sample01/subsampled_reads/sample_02.fastq
Correcting kminmer 0
	Parsing file done (nb reads: 21807)
Creating basespace contigs: /var/folders/zg/vq0dnx517c54hg87dyqjky740000gn/T/.tmpMtxbLg/tmp//contig_data_init_small.txt.norepeats
Nb contigs: 249
Nb bps: 4604389
Checksum: 0
Polishing contigs


metaMDBG polish --polish-target /var/folders/zg/vq0dnx517c54hg87dyqjky740000gn/T/.tmpMtxbLg/tmp//contigs_uncorrected.fasta.gz --out-dir /var/folders/zg/vq0dnx517c54hg87dyqjky740000gn/T/.tmpMtxbLg/tmp/  --threads 10 -n 100 --metaMDBG --max-memory 0 --in-ont  /Users/mschul/Downloads/sample01/sample01_autocycler/porechop_output_sample01/subsampled_reads/sample_02.fastq 

Contigs: /var/folders/zg/vq0dnx517c54hg87dyqjky740000gn/T/.tmpMtxbLg/tmp//contigs_uncorrected.fasta.gz
Reads: /var/folders/zg/vq0dnx517c54hg87dyqjky740000gn/T/.tmpMtxbLg/tmp//_polish_readPartitions//input.txt
Use quality: 1
Max window variants: 100

Map reads to all contigs
	minimap2 -v 0 -m 500 -I 1G -t 10 -x map-ont /var/folders/zg/vq0dnx517c54hg87dyqjky740000gn/T/.tmpMtxbLg/tmp//contigs_uncorrected.fasta.gz  /Users/mschul/Downloads/sample01/sample01_autocycler/porechop_output_sample01/subsampled_reads/sample_02.fastq 
	gzip
	/var/folders/zg/vq0dnx517c54hg87dyqjky740000gn/T/.tmpMtxbLg/tmp//_polish_readPartitions//polish_mapping.paf.gz
	Done  (1s)

Partitionning reads on the disk
	Parsing file: /var/folders/zg/vq0dnx517c54hg87dyqjky740000gn/T/.tmpMtxbLg/tmp//contigs_uncorrected.fasta.gz
	Parsing file: /Users/mschul/Downloads/sample01/sample01_autocycler/porechop_output_sample01/subsampled_reads/sample_02.fastq
	Loading alignments
	Computing contig coverages
	Parsing file: /var/folders/zg/vq0dnx517c54hg87dyqjky740000gn/T/.tmpMtxbLg/tmp//contigs_uncorrected.fasta.gz
	Parsing file: /var/folders/zg/vq0dnx517c54hg87dyqjky740000gn/T/.tmpMtxbLg/tmp//contigs_uncorrected.fasta.gz
	Nb partitions: 10
	Parsing file: /Users/mschul/Downloads/sample01/sample01_autocycler/porechop_output_sample01/subsampled_reads/sample_02.fastq
	0
	10000
	20000
	Parsing file done (nb reads: 21807)
	Parsing file: /var/folders/zg/vq0dnx517c54hg87dyqjky740000gn/T/.tmpMtxbLg/tmp//contigs_uncorrected.fasta.gz
	0
	Parsing file done (nb reads: 249)
	Done  (12s)

Curating contigs

Polishing contigs (pass 1)

	Polishing partition: 0/10
	Map reads to curated contigs
	minimap2 -v 0 -m 500 -t 10 -x map-ont /var/folders/zg/vq0dnx517c54hg87dyqjky740000gn/T/.tmpMtxbLg/tmp//_polish_readPartitions//0_contigs.gz /var/folders/zg/vq0dnx517c54hg87dyqjky740000gn/T/.tmpMtxbLg/tmp//_polish_readPartitions//0_reads.gz
	gzip
	/var/folders/zg/vq0dnx517c54hg87dyqjky740000gn/T/.tmpMtxbLg/tmp//_polish_readPartitions//align.paf.gz
	Done  (0s)
	Parsing file: /var/folders/zg/vq0dnx517c54hg87dyqjky740000gn/T/.tmpMtxbLg/tmp//_polish_readPartitions//0_contigs.gz
	Parsing file: /var/folders/zg/vq0dnx517c54hg87dyqjky740000gn/T/.tmpMtxbLg/tmp//_polish_readPartitions//0_contigs.gz
	Loading alignments
	Computing contig coverages
	Parsing file: /var/folders/zg/vq0dnx517c54hg87dyqjky740000gn/T/.tmpMtxbLg/tmp//_polish_readPartitions//0_contigs.gz
	Collecting window sequences
	Parsing file: /var/folders/zg/vq0dnx517c54hg87dyqjky740000gn/T/.tmpMtxbLg/tmp//_polish_readPartitions//0_reads.gz
	Parsing file done (nb reads: 95)
	Perform correction
	Partition 0 done  (0s)

	Polishing partition: 1/10
	Map reads to curated contigs
	minimap2 -v 0 -m 500 -t 10 -x map-ont /var/folders/zg/vq0dnx517c54hg87dyqjky740000gn/T/.tmpMtxbLg/tmp//_polish_readPartitions//1_contigs.gz /var/folders/zg/vq0dnx517c54hg87dyqjky740000gn/T/.tmpMtxbLg/tmp//_polish_readPartitions//1_reads.gz
	gzip
	/var/folders/zg/vq0dnx517c54hg87dyqjky740000gn/T/.tmpMtxbLg/tmp//_polish_readPartitions//align.paf.gz
	Done  (0s)
	Parsing file: /var/folders/zg/vq0dnx517c54hg87dyqjky740000gn/T/.tmpMtxbLg/tmp//_polish_readPartitions//1_contigs.gz
	Parsing file: /var/folders/zg/vq0dnx517c54hg87dyqjky740000gn/T/.tmpMtxbLg/tmp//_polish_readPartitions//1_contigs.gz
	Loading alignments
	Computing contig coverages
	Parsing file: /var/folders/zg/vq0dnx517c54hg87dyqjky740000gn/T/.tmpMtxbLg/tmp//_polish_readPartitions//1_contigs.gz
	Collecting window sequences
	Parsing file: /var/folders/zg/vq0dnx517c54hg87dyqjky740000gn/T/.tmpMtxbLg/tmp//_polish_readPartitions//1_reads.gz
	Parsing file done (nb reads: 24)
	Perform correction
	Partition 1 done  (0s)

	Polishing partition: 2/10
	Map reads to curated contigs
	minimap2 -v 0 -m 500 -t 10 -x map-ont /var/folders/zg/vq0dnx517c54hg87dyqjky740000gn/T/.tmpMtxbLg/tmp//_polish_readPartitions//2_contigs.gz /var/folders/zg/vq0dnx517c54hg87dyqjky740000gn/T/.tmpMtxbLg/tmp//_polish_readPartitions//2_reads.gz
	gzip
	/var/folders/zg/vq0dnx517c54hg87dyqjky740000gn/T/.tmpMtxbLg/tmp//_polish_readPartitions//align.paf.gz
	Done  (0s)
	Parsing file: /var/folders/zg/vq0dnx517c54hg87dyqjky740000gn/T/.tmpMtxbLg/tmp//_polish_readPartitions//2_contigs.gz
	Parsing file: /var/folders/zg/vq0dnx517c54hg87dyqjky740000gn/T/.tmpMtxbLg/tmp//_polish_readPartitions//2_contigs.gz
	Loading alignments
	Computing contig coverages
	Parsing file: /var/folders/zg/vq0dnx517c54hg87dyqjky740000gn/T/.tmpMtxbLg/tmp//_polish_readPartitions//2_contigs.gz
	Collecting window sequences
	Parsing file: /var/folders/zg/vq0dnx517c54hg87dyqjky740000gn/T/.tmpMtxbLg/tmp//_polish_readPartitions//2_reads.gz
	Parsing file done (nb reads: 20)
	Perform correction
	Partition 2 done  (0s)

	Polishing partition: 3/10
	Map reads to curated contigs
	minimap2 -v 0 -m 500 -t 10 -x map-ont /var/folders/zg/vq0dnx517c54hg87dyqjky740000gn/T/.tmpMtxbLg/tmp//_polish_readPartitions//3_contigs.gz /var/folders/zg/vq0dnx517c54hg87dyqjky740000gn/T/.tmpMtxbLg/tmp//_polish_readPartitions//3_reads.gz
	gzip
	/var/folders/zg/vq0dnx517c54hg87dyqjky740000gn/T/.tmpMtxbLg/tmp//_polish_readPartitions//align.paf.gz
	Done  (0s)
	Parsing file: /var/folders/zg/vq0dnx517c54hg87dyqjky740000gn/T/.tmpMtxbLg/tmp//_polish_readPartitions//3_contigs.gz
	Parsing file: /var/folders/zg/vq0dnx517c54hg87dyqjky740000gn/T/.tmpMtxbLg/tmp//_polish_readPartitions//3_contigs.gz
	Loading alignments
	Computing contig coverages
	Parsing file: /var/folders/zg/vq0dnx517c54hg87dyqjky740000gn/T/.tmpMtxbLg/tmp//_polish_readPartitions//3_contigs.gz
	Collecting window sequences
	Parsing file: /var/folders/zg/vq0dnx517c54hg87dyqjky740000gn/T/.tmpMtxbLg/tmp//_polish_readPartitions//3_reads.gz
	Parsing file done (nb reads: 879)
	Perform correction
	Partition 3 done  (1s)

	Polishing partition: 4/10
	Map reads to curated contigs
	minimap2 -v 0 -m 500 -t 10 -x map-ont /var/folders/zg/vq0dnx517c54hg87dyqjky740000gn/T/.tmpMtxbLg/tmp//_polish_readPartitions//4_contigs.gz /var/folders/zg/vq0dnx517c54hg87dyqjky740000gn/T/.tmpMtxbLg/tmp//_polish_readPartitions//4_reads.gz
	gzip
	/var/folders/zg/vq0dnx517c54hg87dyqjky740000gn/T/.tmpMtxbLg/tmp//_polish_readPartitions//align.paf.gz
	Done  (0s)
	Parsing file: /var/folders/zg/vq0dnx517c54hg87dyqjky740000gn/T/.tmpMtxbLg/tmp//_polish_readPartitions//4_contigs.gz
	Parsing file: /var/folders/zg/vq0dnx517c54hg87dyqjky740000gn/T/.tmpMtxbLg/tmp//_polish_readPartitions//4_contigs.gz
	Loading alignments
	Computing contig coverages
	Parsing file: /var/folders/zg/vq0dnx517c54hg87dyqjky740000gn/T/.tmpMtxbLg/tmp//_polish_readPartitions//4_contigs.gz
	Collecting window sequences
	Parsing file: /var/folders/zg/vq0dnx517c54hg87dyqjky740000gn/T/.tmpMtxbLg/tmp//_polish_readPartitions//4_reads.gz
	Parsing file done (nb reads: 7726)
	Perform correction
	Partition 4 done  (13s)

	Polishing partition: 5/10
	Map reads to curated contigs
	minimap2 -v 0 -m 500 -t 10 -x map-ont /var/folders/zg/vq0dnx517c54hg87dyqjky740000gn/T/.tmpMtxbLg/tmp//_polish_readPartitions//5_contigs.gz /var/folders/zg/vq0dnx517c54hg87dyqjky740000gn/T/.tmpMtxbLg/tmp//_polish_readPartitions//5_reads.gz
	gzip
	/var/folders/zg/vq0dnx517c54hg87dyqjky740000gn/T/.tmpMtxbLg/tmp//_polish_readPartitions//align.paf.gz
	Done  (0s)
	Parsing file: /var/folders/zg/vq0dnx517c54hg87dyqjky740000gn/T/.tmpMtxbLg/tmp//_polish_readPartitions//5_contigs.gz
	Parsing file: /var/folders/zg/vq0dnx517c54hg87dyqjky740000gn/T/.tmpMtxbLg/tmp//_polish_readPartitions//5_contigs.gz
	Loading alignments
	Computing contig coverages
	Parsing file: /var/folders/zg/vq0dnx517c54hg87dyqjky740000gn/T/.tmpMtxbLg/tmp//_polish_readPartitions//5_contigs.gz
	Collecting window sequences
	Parsing file: /var/folders/zg/vq0dnx517c54hg87dyqjky740000gn/T/.tmpMtxbLg/tmp//_polish_readPartitions//5_reads.gz
	Parsing file done (nb reads: 87)
	Perform correction
	Partition 5 done  (0s)

	Polishing partition: 6/10
	Map reads to curated contigs
	minimap2 -v 0 -m 500 -t 10 -x map-ont /var/folders/zg/vq0dnx517c54hg87dyqjky740000gn/T/.tmpMtxbLg/tmp//_polish_readPartitions//6_contigs.gz /var/folders/zg/vq0dnx517c54hg87dyqjky740000gn/T/.tmpMtxbLg/tmp//_polish_readPartitions//6_reads.gz
	gzip
	/var/folders/zg/vq0dnx517c54hg87dyqjky740000gn/T/.tmpMtxbLg/tmp//_polish_readPartitions//align.paf.gz
	Done  (0s)
	Parsing file: /var/folders/zg/vq0dnx517c54hg87dyqjky740000gn/T/.tmpMtxbLg/tmp//_polish_readPartitions//6_contigs.gz
	Parsing file: /var/folders/zg/vq0dnx517c54hg87dyqjky740000gn/T/.tmpMtxbLg/tmp//_polish_readPartitions//6_contigs.gz
	Loading alignments
	Computing contig coverages
	Parsing file: /var/folders/zg/vq0dnx517c54hg87dyqjky740000gn/T/.tmpMtxbLg/tmp//_polish_readPartitions//6_contigs.gz
	Collecting window sequences
	Parsing file: /var/folders/zg/vq0dnx517c54hg87dyqjky740000gn/T/.tmpMtxbLg/tmp//_polish_readPartitions//6_reads.gz
	Parsing file done (nb reads: 25)
	Perform correction
	Partition 6 done  (0s)

	Polishing partition: 7/10
	Map reads to curated contigs
	minimap2 -v 0 -m 500 -t 10 -x map-ont /var/folders/zg/vq0dnx517c54hg87dyqjky740000gn/T/.tmpMtxbLg/tmp//_polish_readPartitions//7_contigs.gz /var/folders/zg/vq0dnx517c54hg87dyqjky740000gn/T/.tmpMtxbLg/tmp//_polish_readPartitions//7_reads.gz
	gzip
	/var/folders/zg/vq0dnx517c54hg87dyqjky740000gn/T/.tmpMtxbLg/tmp//_polish_readPartitions//align.paf.gz
	Done  (0s)
	Parsing file: /var/folders/zg/vq0dnx517c54hg87dyqjky740000gn/T/.tmpMtxbLg/tmp//_polish_readPartitions//7_contigs.gz
	Parsing file: /var/folders/zg/vq0dnx517c54hg87dyqjky740000gn/T/.tmpMtxbLg/tmp//_polish_readPartitions//7_contigs.gz
	Loading alignments
	Computing contig coverages
	Parsing file: /var/folders/zg/vq0dnx517c54hg87dyqjky740000gn/T/.tmpMtxbLg/tmp//_polish_readPartitions//7_contigs.gz
	Collecting window sequences
	Parsing file: /var/folders/zg/vq0dnx517c54hg87dyqjky740000gn/T/.tmpMtxbLg/tmp//_polish_readPartitions//7_reads.gz
	Parsing file done (nb reads: 6582)
	Perform correction
	Partition 7 done  (10s)

	Polishing partition: 8/10
	Map reads to curated contigs
	minimap2 -v 0 -m 500 -t 10 -x map-ont /var/folders/zg/vq0dnx517c54hg87dyqjky740000gn/T/.tmpMtxbLg/tmp//_polish_readPartitions//8_contigs.gz /var/folders/zg/vq0dnx517c54hg87dyqjky740000gn/T/.tmpMtxbLg/tmp//_polish_readPartitions//8_reads.gz
	gzip
	/var/folders/zg/vq0dnx517c54hg87dyqjky740000gn/T/.tmpMtxbLg/tmp//_polish_readPartitions//align.paf.gz
	Done  (0s)
	Parsing file: /var/folders/zg/vq0dnx517c54hg87dyqjky740000gn/T/.tmpMtxbLg/tmp//_polish_readPartitions//8_contigs.gz
	Parsing file: /var/folders/zg/vq0dnx517c54hg87dyqjky740000gn/T/.tmpMtxbLg/tmp//_polish_readPartitions//8_contigs.gz
	Loading alignments
	Computing contig coverages
	Parsing file: /var/folders/zg/vq0dnx517c54hg87dyqjky740000gn/T/.tmpMtxbLg/tmp//_polish_readPartitions//8_contigs.gz
	Collecting window sequences
	Parsing file: /var/folders/zg/vq0dnx517c54hg87dyqjky740000gn/T/.tmpMtxbLg/tmp//_polish_readPartitions//8_reads.gz
	Parsing file done (nb reads: 386)
	Perform correction
	Partition 8 done  (0s)

	Polishing partition: 9/10
	Map reads to curated contigs
	minimap2 -v 0 -m 500 -t 10 -x map-ont /var/folders/zg/vq0dnx517c54hg87dyqjky740000gn/T/.tmpMtxbLg/tmp//_polish_readPartitions//9_contigs.gz /var/folders/zg/vq0dnx517c54hg87dyqjky740000gn/T/.tmpMtxbLg/tmp//_polish_readPartitions//9_reads.gz
	gzip
	/var/folders/zg/vq0dnx517c54hg87dyqjky740000gn/T/.tmpMtxbLg/tmp//_polish_readPartitions//align.paf.gz
	Done  (0s)
	Parsing file: /var/folders/zg/vq0dnx517c54hg87dyqjky740000gn/T/.tmpMtxbLg/tmp//_polish_readPartitions//9_contigs.gz
	Parsing file: /var/folders/zg/vq0dnx517c54hg87dyqjky740000gn/T/.tmpMtxbLg/tmp//_polish_readPartitions//9_contigs.gz
	Loading alignments
	Computing contig coverages
	Parsing file: /var/folders/zg/vq0dnx517c54hg87dyqjky740000gn/T/.tmpMtxbLg/tmp//_polish_readPartitions//9_contigs.gz
	Collecting window sequences
	Parsing file: /var/folders/zg/vq0dnx517c54hg87dyqjky740000gn/T/.tmpMtxbLg/tmp//_polish_readPartitions//9_reads.gz
	Parsing file done (nb reads: 17)
	Perform correction
	Partition 9 done  (0s)

Polishing contigs (pass 2)

	Polishing partition: 0/10
	Map reads to curated contigs
	minimap2 -v 0 -m 500 -t 10 -x map-ont /var/folders/zg/vq0dnx517c54hg87dyqjky740000gn/T/.tmpMtxbLg/tmp//_polish_readPartitions//0_contigsPolished.gz /var/folders/zg/vq0dnx517c54hg87dyqjky740000gn/T/.tmpMtxbLg/tmp//_polish_readPartitions//0_reads.gz
	gzip
	/var/folders/zg/vq0dnx517c54hg87dyqjky740000gn/T/.tmpMtxbLg/tmp//_polish_readPartitions//align.paf.gz
	Done  (0s)
	Parsing file: /var/folders/zg/vq0dnx517c54hg87dyqjky740000gn/T/.tmpMtxbLg/tmp//_polish_readPartitions//0_contigsPolished.gz
	Parsing file: /var/folders/zg/vq0dnx517c54hg87dyqjky740000gn/T/.tmpMtxbLg/tmp//_polish_readPartitions//0_contigsPolished.gz
	Loading alignments
	Computing contig coverages
	Parsing file: /var/folders/zg/vq0dnx517c54hg87dyqjky740000gn/T/.tmpMtxbLg/tmp//_polish_readPartitions//0_contigsPolished.gz
	Collecting window sequences
	Parsing file: /var/folders/zg/vq0dnx517c54hg87dyqjky740000gn/T/.tmpMtxbLg/tmp//_polish_readPartitions//0_reads.gz
	Parsing file done (nb reads: 95)
	Perform correction
	Partition 0 done  (0s)

	Polishing partition: 1/10
	Map reads to curated contigs
	minimap2 -v 0 -m 500 -t 10 -x map-ont /var/folders/zg/vq0dnx517c54hg87dyqjky740000gn/T/.tmpMtxbLg/tmp//_polish_readPartitions//1_contigsPolished.gz /var/folders/zg/vq0dnx517c54hg87dyqjky740000gn/T/.tmpMtxbLg/tmp//_polish_readPartitions//1_reads.gz
	gzip
	/var/folders/zg/vq0dnx517c54hg87dyqjky740000gn/T/.tmpMtxbLg/tmp//_polish_readPartitions//align.paf.gz
	Done  (0s)
	Parsing file: /var/folders/zg/vq0dnx517c54hg87dyqjky740000gn/T/.tmpMtxbLg/tmp//_polish_readPartitions//1_contigsPolished.gz
	Parsing file: /var/folders/zg/vq0dnx517c54hg87dyqjky740000gn/T/.tmpMtxbLg/tmp//_polish_readPartitions//1_contigsPolished.gz
	Loading alignments
	Computing contig coverages
	Parsing file: /var/folders/zg/vq0dnx517c54hg87dyqjky740000gn/T/.tmpMtxbLg/tmp//_polish_readPartitions//1_contigsPolished.gz
	Collecting window sequences
	Parsing file: /var/folders/zg/vq0dnx517c54hg87dyqjky740000gn/T/.tmpMtxbLg/tmp//_polish_readPartitions//1_reads.gz
	Parsing file done (nb reads: 24)
	Perform correction
	Partition 1 done  (0s)

	Polishing partition: 2/10
	Map reads to curated contigs
	minimap2 -v 0 -m 500 -t 10 -x map-ont /var/folders/zg/vq0dnx517c54hg87dyqjky740000gn/T/.tmpMtxbLg/tmp//_polish_readPartitions//2_contigsPolished.gz /var/folders/zg/vq0dnx517c54hg87dyqjky740000gn/T/.tmpMtxbLg/tmp//_polish_readPartitions//2_reads.gz
	gzip
	/var/folders/zg/vq0dnx517c54hg87dyqjky740000gn/T/.tmpMtxbLg/tmp//_polish_readPartitions//align.paf.gz
	Done  (0s)
	Parsing file: /var/folders/zg/vq0dnx517c54hg87dyqjky740000gn/T/.tmpMtxbLg/tmp//_polish_readPartitions//2_contigsPolished.gz
	Parsing file: /var/folders/zg/vq0dnx517c54hg87dyqjky740000gn/T/.tmpMtxbLg/tmp//_polish_readPartitions//2_contigsPolished.gz
	Loading alignments
	Computing contig coverages
	Parsing file: /var/folders/zg/vq0dnx517c54hg87dyqjky740000gn/T/.tmpMtxbLg/tmp//_polish_readPartitions//2_contigsPolished.gz
	Collecting window sequences
	Parsing file: /var/folders/zg/vq0dnx517c54hg87dyqjky740000gn/T/.tmpMtxbLg/tmp//_polish_readPartitions//2_reads.gz
	Parsing file done (nb reads: 20)
	Perform correction
	Partition 2 done  (0s)

	Polishing partition: 3/10
	Map reads to curated contigs
	minimap2 -v 0 -m 500 -t 10 -x map-ont /var/folders/zg/vq0dnx517c54hg87dyqjky740000gn/T/.tmpMtxbLg/tmp//_polish_readPartitions//3_contigsPolished.gz /var/folders/zg/vq0dnx517c54hg87dyqjky740000gn/T/.tmpMtxbLg/tmp//_polish_readPartitions//3_reads.gz
	gzip
	/var/folders/zg/vq0dnx517c54hg87dyqjky740000gn/T/.tmpMtxbLg/tmp//_polish_readPartitions//align.paf.gz
	Done  (0s)
	Parsing file: /var/folders/zg/vq0dnx517c54hg87dyqjky740000gn/T/.tmpMtxbLg/tmp//_polish_readPartitions//3_contigsPolished.gz
	Parsing file: /var/folders/zg/vq0dnx517c54hg87dyqjky740000gn/T/.tmpMtxbLg/tmp//_polish_readPartitions//3_contigsPolished.gz
	Loading alignments
	Computing contig coverages
	Parsing file: /var/folders/zg/vq0dnx517c54hg87dyqjky740000gn/T/.tmpMtxbLg/tmp//_polish_readPartitions//3_contigsPolished.gz
	Collecting window sequences
	Parsing file: /var/folders/zg/vq0dnx517c54hg87dyqjky740000gn/T/.tmpMtxbLg/tmp//_polish_readPartitions//3_reads.gz
	Parsing file done (nb reads: 879)
	Perform correction
	Partition 3 done  (1s)

	Polishing partition: 4/10
	Map reads to curated contigs
	minimap2 -v 0 -m 500 -t 10 -x map-ont /var/folders/zg/vq0dnx517c54hg87dyqjky740000gn/T/.tmpMtxbLg/tmp//_polish_readPartitions//4_contigsPolished.gz /var/folders/zg/vq0dnx517c54hg87dyqjky740000gn/T/.tmpMtxbLg/tmp//_polish_readPartitions//4_reads.gz
	gzip
	/var/folders/zg/vq0dnx517c54hg87dyqjky740000gn/T/.tmpMtxbLg/tmp//_polish_readPartitions//align.paf.gz
	Done  (0s)
	Parsing file: /var/folders/zg/vq0dnx517c54hg87dyqjky740000gn/T/.tmpMtxbLg/tmp//_polish_readPartitions//4_contigsPolished.gz
	Parsing file: /var/folders/zg/vq0dnx517c54hg87dyqjky740000gn/T/.tmpMtxbLg/tmp//_polish_readPartitions//4_contigsPolished.gz
	Loading alignments
	Computing contig coverages
	Parsing file: /var/folders/zg/vq0dnx517c54hg87dyqjky740000gn/T/.tmpMtxbLg/tmp//_polish_readPartitions//4_contigsPolished.gz
	Collecting window sequences
	Parsing file: /var/folders/zg/vq0dnx517c54hg87dyqjky740000gn/T/.tmpMtxbLg/tmp//_polish_readPartitions//4_reads.gz
	Parsing file done (nb reads: 7726)
	Perform correction
	Partition 4 done  (13s)

	Polishing partition: 5/10
	Map reads to curated contigs
	minimap2 -v 0 -m 500 -t 10 -x map-ont /var/folders/zg/vq0dnx517c54hg87dyqjky740000gn/T/.tmpMtxbLg/tmp//_polish_readPartitions//5_contigsPolished.gz /var/folders/zg/vq0dnx517c54hg87dyqjky740000gn/T/.tmpMtxbLg/tmp//_polish_readPartitions//5_reads.gz
	gzip
	/var/folders/zg/vq0dnx517c54hg87dyqjky740000gn/T/.tmpMtxbLg/tmp//_polish_readPartitions//align.paf.gz
	Done  (0s)
	Parsing file: /var/folders/zg/vq0dnx517c54hg87dyqjky740000gn/T/.tmpMtxbLg/tmp//_polish_readPartitions//5_contigsPolished.gz
	Parsing file: /var/folders/zg/vq0dnx517c54hg87dyqjky740000gn/T/.tmpMtxbLg/tmp//_polish_readPartitions//5_contigsPolished.gz
	Loading alignments
	Computing contig coverages
	Parsing file: /var/folders/zg/vq0dnx517c54hg87dyqjky740000gn/T/.tmpMtxbLg/tmp//_polish_readPartitions//5_contigsPolished.gz
	Collecting window sequences
	Parsing file: /var/folders/zg/vq0dnx517c54hg87dyqjky740000gn/T/.tmpMtxbLg/tmp//_polish_readPartitions//5_reads.gz
	Parsing file done (nb reads: 87)
	Perform correction
	Partition 5 done  (0s)

	Polishing partition: 6/10
	Map reads to curated contigs
	minimap2 -v 0 -m 500 -t 10 -x map-ont /var/folders/zg/vq0dnx517c54hg87dyqjky740000gn/T/.tmpMtxbLg/tmp//_polish_readPartitions//6_contigsPolished.gz /var/folders/zg/vq0dnx517c54hg87dyqjky740000gn/T/.tmpMtxbLg/tmp//_polish_readPartitions//6_reads.gz
	gzip
	/var/folders/zg/vq0dnx517c54hg87dyqjky740000gn/T/.tmpMtxbLg/tmp//_polish_readPartitions//align.paf.gz
	Done  (0s)
	Parsing file: /var/folders/zg/vq0dnx517c54hg87dyqjky740000gn/T/.tmpMtxbLg/tmp//_polish_readPartitions//6_contigsPolished.gz
	Parsing file: /var/folders/zg/vq0dnx517c54hg87dyqjky740000gn/T/.tmpMtxbLg/tmp//_polish_readPartitions//6_contigsPolished.gz
	Loading alignments
	Computing contig coverages
	Parsing file: /var/folders/zg/vq0dnx517c54hg87dyqjky740000gn/T/.tmpMtxbLg/tmp//_polish_readPartitions//6_contigsPolished.gz
	Collecting window sequences
	Parsing file: /var/folders/zg/vq0dnx517c54hg87dyqjky740000gn/T/.tmpMtxbLg/tmp//_polish_readPartitions//6_reads.gz
	Parsing file done (nb reads: 25)
	Perform correction
	Partition 6 done  (0s)

	Polishing partition: 7/10
	Map reads to curated contigs
	minimap2 -v 0 -m 500 -t 10 -x map-ont /var/folders/zg/vq0dnx517c54hg87dyqjky740000gn/T/.tmpMtxbLg/tmp//_polish_readPartitions//7_contigsPolished.gz /var/folders/zg/vq0dnx517c54hg87dyqjky740000gn/T/.tmpMtxbLg/tmp//_polish_readPartitions//7_reads.gz
	gzip
	/var/folders/zg/vq0dnx517c54hg87dyqjky740000gn/T/.tmpMtxbLg/tmp//_polish_readPartitions//align.paf.gz
	Done  (0s)
	Parsing file: /var/folders/zg/vq0dnx517c54hg87dyqjky740000gn/T/.tmpMtxbLg/tmp//_polish_readPartitions//7_contigsPolished.gz
	Parsing file: /var/folders/zg/vq0dnx517c54hg87dyqjky740000gn/T/.tmpMtxbLg/tmp//_polish_readPartitions//7_contigsPolished.gz
	Loading alignments
	Computing contig coverages
	Parsing file: /var/folders/zg/vq0dnx517c54hg87dyqjky740000gn/T/.tmpMtxbLg/tmp//_polish_readPartitions//7_contigsPolished.gz
	Collecting window sequences
	Parsing file: /var/folders/zg/vq0dnx517c54hg87dyqjky740000gn/T/.tmpMtxbLg/tmp//_polish_readPartitions//7_reads.gz
	Parsing file done (nb reads: 6582)
	Perform correction
	Partition 7 done  (10s)

	Polishing partition: 8/10
	Map reads to curated contigs
	minimap2 -v 0 -m 500 -t 10 -x map-ont /var/folders/zg/vq0dnx517c54hg87dyqjky740000gn/T/.tmpMtxbLg/tmp//_polish_readPartitions//8_contigsPolished.gz /var/folders/zg/vq0dnx517c54hg87dyqjky740000gn/T/.tmpMtxbLg/tmp//_polish_readPartitions//8_reads.gz
	gzip
	/var/folders/zg/vq0dnx517c54hg87dyqjky740000gn/T/.tmpMtxbLg/tmp//_polish_readPartitions//align.paf.gz
	Done  (0s)
	Parsing file: /var/folders/zg/vq0dnx517c54hg87dyqjky740000gn/T/.tmpMtxbLg/tmp//_polish_readPartitions//8_contigsPolished.gz
	Parsing file: /var/folders/zg/vq0dnx517c54hg87dyqjky740000gn/T/.tmpMtxbLg/tmp//_polish_readPartitions//8_contigsPolished.gz
	Loading alignments
	Computing contig coverages
	Parsing file: /var/folders/zg/vq0dnx517c54hg87dyqjky740000gn/T/.tmpMtxbLg/tmp//_polish_readPartitions//8_contigsPolished.gz
	Collecting window sequences
	Parsing file: /var/folders/zg/vq0dnx517c54hg87dyqjky740000gn/T/.tmpMtxbLg/tmp//_polish_readPartitions//8_reads.gz
	Parsing file done (nb reads: 386)
	Perform correction
	Partition 8 done  (0s)

	Polishing partition: 9/10
	Map reads to curated contigs
	minimap2 -v 0 -m 500 -t 10 -x map-ont /var/folders/zg/vq0dnx517c54hg87dyqjky740000gn/T/.tmpMtxbLg/tmp//_polish_readPartitions//9_contigsPolished.gz /var/folders/zg/vq0dnx517c54hg87dyqjky740000gn/T/.tmpMtxbLg/tmp//_polish_readPartitions//9_reads.gz
	gzip
	/var/folders/zg/vq0dnx517c54hg87dyqjky740000gn/T/.tmpMtxbLg/tmp//_polish_readPartitions//align.paf.gz
	Done  (0s)
	Parsing file: /var/folders/zg/vq0dnx517c54hg87dyqjky740000gn/T/.tmpMtxbLg/tmp//_polish_readPartitions//9_contigsPolished.gz
	Parsing file: /var/folders/zg/vq0dnx517c54hg87dyqjky740000gn/T/.tmpMtxbLg/tmp//_polish_readPartitions//9_contigsPolished.gz
	Loading alignments
	Computing contig coverages
	Parsing file: /var/folders/zg/vq0dnx517c54hg87dyqjky740000gn/T/.tmpMtxbLg/tmp//_polish_readPartitions//9_contigsPolished.gz
	Collecting window sequences
	Parsing file: /var/folders/zg/vq0dnx517c54hg87dyqjky740000gn/T/.tmpMtxbLg/tmp//_polish_readPartitions//9_reads.gz
	Parsing file done (nb reads: 17)
	Perform correction
	Partition 9 done  (0s)

Dereplicating contigs
	Aligning contigs vs contigs
	minimap2 -v 0 -c -m 500 -x asm20 -I 1G -t 10 -DP --dual=no --no-long-join -r100 -z200 -g2k /var/folders/zg/vq0dnx517c54hg87dyqjky740000gn/T/.tmpMtxbLg/tmp//_polish_readPartitions//contigs_polished.fasta.gz /var/folders/zg/vq0dnx517c54hg87dyqjky740000gn/T/.tmpMtxbLg/tmp//_polish_readPartitions//contigs_polished.fasta.gz
	gzip
	/var/folders/zg/vq0dnx517c54hg87dyqjky740000gn/T/.tmpMtxbLg/tmp//_polish_readPartitions//align_contigsVsContigs.paf.gz
	Done  (0s)
	Loading contig overlaps
	Loading alignments
	Dereplicating contigs
	Parsing file: /var/folders/zg/vq0dnx517c54hg87dyqjky740000gn/T/.tmpMtxbLg/tmp//_polish_readPartitions//contigs_polished.fasta.gz
	Done  (0s)

Dereplicating contigs
	Aligning contigs vs contigs
	minimap2 -v 0 -c -m 500 -x asm20 -I 1G -t 10 -DP --dual=no --no-long-join -r100 -z200 -g2k /var/folders/zg/vq0dnx517c54hg87dyqjky740000gn/T/.tmpMtxbLg/tmp//_polish_readPartitions//contigs_derep.fasta.gz /var/folders/zg/vq0dnx517c54hg87dyqjky740000gn/T/.tmpMtxbLg/tmp//_polish_readPartitions//contigs_derep.fasta.gz
	gzip
	/var/folders/zg/vq0dnx517c54hg87dyqjky740000gn/T/.tmpMtxbLg/tmp//_polish_readPartitions//align_contigsVsContigs.paf.gz
	Done  (0s)
	Loading contig overlaps
	Loading alignments
	Dereplicating contigs
	Parsing file: /var/folders/zg/vq0dnx517c54hg87dyqjky740000gn/T/.tmpMtxbLg/tmp//_polish_readPartitions//contigs_derep.fasta.gz
	Done  (0s)

Trimming contigs

Moving final contigs to destination

Polished contigs: /var/folders/zg/vq0dnx517c54hg87dyqjky740000gn/T/.tmpMtxbLg/tmp//contigs.fasta.gz
done
Moving final contigs to destination
pass done: 204
pass done
	Parsing file: /var/folders/zg/vq0dnx517c54hg87dyqjky740000gn/T/.tmpMtxbLg/contigs.fasta.gz
	Parsing file done (nb reads: 11)

	Run time:                   2min 48sec
	Peak memory:                0 GB
	Assembly length:            3282587
	Contigs N50:                1585775
	Nb contigs:                 11
	Nb Contigs (>1Mb):          2
	Nb circular contigs (>1Mb): 0

Contig filename: /var/folders/zg/vq0dnx517c54hg87dyqjky740000gn/T/.tmpMtxbLg/contigs.fasta.gz
Done!
