
MetaMDBG 1.2

Checking dependencies: minimap2


minimap2 -v 0 -x map-hifi /var/folders/zg/vq0dnx517c54hg87dyqjky740000gn/T/.tmprWAL2M/tmp//testDependencies.fasta /var/folders/zg/vq0dnx517c54hg87dyqjky740000gn/T/.tmprWAL2M/tmp//testDependencies.fasta -o /var/folders/zg/vq0dnx517c54hg87dyqjky740000gn/T/.tmprWAL2M/tmp//testDependencies_minimap.paf
ok

Output dir:              /var/folders/zg/vq0dnx517c54hg87dyqjky740000gn/T/.tmprWAL2M
Minimizer length:        15
Min k-min-mer abundance: 0
Density correction:      0.025
Density assembly:        0.005
Min read quality:        0
Min read overlap length: 1000
Min read identity:       0.96
Contig Derep threshold:  0.99
Homopolymer compression: 0
Read correction:         1

Converting reads to minimizers


metaMDBG readSelection /var/folders/zg/vq0dnx517c54hg87dyqjky740000gn/T/.tmprWAL2M/tmp/ /var/folders/zg/vq0dnx517c54hg87dyqjky740000gn/T/.tmprWAL2M/tmp//read_data_init.txt /var/folders/zg/vq0dnx517c54hg87dyqjky740000gn/T/.tmprWAL2M/tmp//input.txt --threads 10 --min-read-quality 0.000000 --output-quality

Input filename: /var/folders/zg/vq0dnx517c54hg87dyqjky740000gn/T/.tmprWAL2M/tmp//input.txt
Input dir: /var/folders/zg/vq0dnx517c54hg87dyqjky740000gn/T/.tmprWAL2M/tmp/
Min read quality: 0
Minimizer length: 15
Kminmer length: 4
Density: 0.025

Collecting repetitive minimizers
	Parsing file: /Users/mschul/Downloads/sample01/sample01_autocycler/porechop_output_sample01/subsampled_reads/sample_04.fastq
0
	Parsing file done (nb reads: 21807)
Nb minimizers: 539461
Top 1000 repetitive minimizers:
	0	200674404500338137	2184
	1	310612582662316624	478
	2	426031741198032911	421
	3	354479218752146524	412
	4	74000708096080470	352
	5	87884089835739256	334
	6	395558716000721925	254
	7	152705897178961409	250
	8	410300431011852796	242
	9	318268085688400246	238
	10	196951025728867981	236
	11	127877448689285016	217
	12	387227473312555990	215
	13	310751134635568052	199
	14	282275202642698773	196
	15	435803489765938598	195
	16	112962020442871828	194
	17	114461725769836351	189
	18	133998798284183014	188
	19	398204361735465697	182
	20	315265612063503758	180
	21	369698405588983607	176
	22	281072739451220702	172
	23	279400172010196800	169
	24	426620577227494787	159
	25	441902959033122815	157
	26	293516479341577910	156
	27	325776848230015949	155
	28	420561066568898587	154
	29	45896773932858947	149
	30	361615466139777158	145
	31	357440285828398089	145
	32	34835452940001790	138
	33	340110913682603883	137
	34	299905741098321910	137
	35	214979285376949073	137
	36	383543299323446076	137
	37	357642166806978275	134
	38	453294361571171643	134
	39	69435486880335744	132
	40	65944181381572977	131
	41	398601327802380149	131
	42	405764776136872430	130
	43	176604906822910719	129
	44	131439312686540049	128
	45	306666018432152893	128
	46	405379553203928134	127
	47	248059518041192602	127
	48	123245910707095796	126
	49	236264863273510281	126
	50	98286427698639366	125
	51	80183922105000988	125
	52	130497339876132809	124
	53	192239992716104949	124
	54	357250250540104659	124
	55	385532568686233924	124
	56	273117598384322512	123
	57	150329900323031783	123
	58	396696532500440802	123
	59	313102550795482714	123
	60	133708916275415960	123
	61	162568044135584032	122
	62	233121599613752694	122
	63	344024674616915149	122
	64	287045057842463404	122
	65	72859826575500842	121
	66	92796875980510814	121
	67	217897200632192335	121
	68	224022117044508950	121
	69	341701689132342283	120
	70	69682030338688093	120
	71	125493818675407751	120
	72	152513107099144852	120
	73	350900544604955136	120
	74	12279558359527838	120
	75	455971234545888468	119
	76	55716994440170599	119
	77	44590095572070086	119
	78	77258489765497509	119
	79	291974452738375900	119
	80	137391343367680304	119
	81	452625236226624803	119
	82	267213868965479711	119
	83	36513903463332660	118
	84	20124587320076688	118
	85	358091723219760373	118
	86	49737837528364673	117
	87	42133430222292553	117
	88	375601248265750645	117
	89	153757755929081407	117
	90	410062805304158162	117
	91	142506171542649562	116
	92	298065912735038518	116
	93	282205210455383777	115
	94	46428400787565966	115
	95	141182889601616680	115
	96	214224004585518048	115
	97	175451000290185132	115
	98	342367914372836986	114
	99	164017661098396008	114
	100	4972020450435489	114
	101	31545202382085738	114
	102	162939254738724015	113
	103	84519929401587117	113
	104	110761457300990891	113
	105	205480063841777418	113
	106	217057051226629409	113
	107	46816281002483159	113
	108	19552209429379111	113
	109	128874328660930194	113
	110	341001787727505508	113
	111	425364139618248944	112
	112	130465363027925847	112
	113	163338058817575180	112
	114	21731143382916265	112
	115	134132988282802138	112
	116	217680495630290163	112
	117	353028554895084710	112
	118	202921590687581244	112
	119	114434025021941872	112
	120	397003486693255033	112
	121	420744285175038776	111
	122	430753051374466336	111
	123	256290910735244063	111
	124	11873889087120186	111
	125	111981518732368731	111
	126	222164293691491721	110
	127	890273448321923	110
	128	124217359824216578	110
	129	218184423453881158	110
	130	178644189966385041	110
	131	435762226593379824	110
	132	285058609001402041	109
	133	104954633294958228	109
	134	186188230251703194	109
	135	460319469718453506	109
	136	164570105817297369	109
	137	76877580238138530	108
	138	257627709627314237	108
	139	4714613186586445	108
	140	152828191065923843	108
	141	234574451443043363	108
	142	50069670844255044	108
	143	460969438893206957	108
	144	416774708378871597	108
	145	113381835907073295	107
	146	93747244403160738	107
	147	109732281600680776	107
	148	324724323902370781	107
	149	235708948700918501	106
	150	134608694266105726	106
	151	88546078224180244	106
	152	51457851144932481	106
	153	313246128935320180	105
	154	166699904536179821	105
	155	40616590488031621	105
	156	233751431890120531	105
	157	42592701069560723	105
	158	29500971208220911	105
	159	160755657838419760	104
	160	179614863990184059	104
	161	223642033837181430	104
	162	153062961750797157	104
	163	425980434910841318	104
	164	250245281068146094	104
	165	60038872804809966	104
	166	440722796543788285	104
	167	247175546812248343	104
	168	406171560244508777	103
	169	295774967863571912	103
	170	439438956021049104	103
	171	60365888067235775	103
	172	427143059020080411	103
	173	424754113556283945	103
	174	77811109223042182	102
	175	229347190953059196	101
	176	55798008923345693	101
	177	321147090039357640	101
	178	33853218589511473	101
	179	355494706067025742	101
	180	40239984567802174	101
	181	85191844491722850	101
	182	115233992068818866	101
	183	177169619148398556	101
	184	308572816244422646	100
	185	51256394710054181	100
	186	46966940251087820	100
	187	178252241701976497	100
	188	161666080716302046	100
	189	358940086612628104	100
	190	75237636478493090	100
	191	124232029249694048	100
	192	431487881080885088	100
	193	142891124921090404	100
	194	34965232927779810	100
	195	454993755651693503	100
	196	106034982088928649	100
	197	244601058115186434	99
	198	70798067229854640	99
	199	230561284744270585	99
	200	384704716248772282	99
	201	349999201480314963	99
	202	179195125713399691	99
	203	114661195152297259	99
	204	68708469523629470	99
	205	250871832060195753	99
	206	306167559037224054	99
	207	134224196153971145	99
	208	59441605166308888	98
	209	151691870524838898	98
	210	26293237550202408	98
	211	412938736027044785	98
	212	123706884365997007	98
	213	274387040306646157	98
	214	338697752397887524	98
	215	31140375570472411	98
	216	402303335764161400	97
	217	292455777223336434	97
	218	424295339914875130	97
	219	118145103121283100	97
	220	340279911448234766	97
	221	389986847163024964	97
	222	389570320306776895	97
	223	138934486303376705	97
	224	178607490311984881	97
	225	264950944892484048	97
	226	255081797184012750	97
	227	14569409485779743	97
	228	304102698310246554	97
	229	212683255022986566	97
	230	460096428297509584	96
	231	327916118189660399	96
	232	106014325791734460	96
	233	130241299188608903	96
	234	421178298959252982	96
	235	353927096488927265	96
	236	274628767227166449	96
	237	167218586228605892	96
	238	77895026324068004	96
	239	301679212453844857	96
	240	417776530478100782	96
	241	124571931945717185	96
	242	99702296722601289	96
	243	233339880306615218	96
	244	403037080567846819	96
	245	152451599971987934	95
	246	64961980017600105	95
	247	446445058252600914	95
	248	312745663493724818	95
	249	100054561508110014	95
	250	52680295128415416	95
	251	886637187448394	95
	252	82469085145625865	95
	253	385570752001798111	95
	254	156909682911115748	94
	255	45020425522439020	94
	256	448029949411156814	94
	257	456976975496142765	94
	258	441643218909193041	94
	259	32957515564069587	94
	260	44930389891701463	94
	261	275586537149220974	94
	262	231152918563676757	94
	263	8122056135655461	94
	264	28478538325191128	94
	265	170597571787297304	94
	266	131149922937123420	94
	267	456745335781739849	93
	268	81442668226512451	93
	269	336693433797603233	93
	270	273166266705276825	93
	271	414960779607946887	93
	272	12403993831686630	93
	273	185615554162746368	93
	274	262056389262680481	93
	275	235789604920884622	93
	276	172789373523789756	93
	277	305001179390979341	93
	278	231135600725834848	93
	279	130809013089890318	93
	280	253640256147835026	92
	281	304056513235066787	92
	282	69843888033762980	92
	283	278371356771617817	92
	284	311756024918120600	92
	285	138894478976347779	92
	286	201178475845746433	92
	287	60311316786660022	92
	288	331964096913311074	92
	289	241404998866900140	92
	290	170263386762184852	92
	291	67741422536793923	92
	292	106329325711807622	91
	293	18414963791631321	91
	294	12074442027269857	91
	295	154827342056073647	91
	296	305964885731362423	91
	297	419981521992215960	91
	298	287693865942559628	91
	299	233886795081560326	90
	300	5617387602250724	90
	301	141536731844062462	90
	302	459232053129156003	90
	303	358305428714271694	90
	304	115957158102151111	90
	305	457137399168309702	90
	306	221039981199384384	90
	307	361151752366132438	90
	308	25499048784246510	90
	309	29384481722684086	90
	310	129985302753174001	90
	311	383707085592010403	89
	312	422459483140642116	89
	313	374463042489682364	89
	314	137652181249418058	89
	315	404562533012984807	89
	316	259566120059904731	89
	317	211889946010250368	89
	318	202202134389032357	89
	319	247918452936592517	89
	320	6549622972423649	89
	321	372785386894214750	89
	322	227671470154638905	89
	323	188627933107407244	89
	324	356211774114720448	89
	325	423735373211788573	89
	326	33303577241595953	89
	327	179746360735420847	89
	328	228846224627715437	89
	329	379050230883743479	89
	330	369027261046799223	89
	331	11451445895269517	89
	332	419026833294889821	89
	333	277056007052114302	88
	334	140402920993094701	88
	335	110563361062305376	88
	336	99728969869986710	88
	337	54009437912215335	88
	338	310370553304353766	88
	339	37580574762627911	88
	340	292701653462655412	88
	341	115827689524991307	88
	342	244910331648336013	88
	343	343099134023471132	87
	344	195674214821309894	87
	345	372954661944461844	87
	346	99104365033577136	87
	347	214684871952433360	87
	348	268824318965690544	87
	349	316621113549093104	87
	350	283319360560914211	87
	351	226001725308358984	87
	352	53871386863386052	87
	353	224448472024721110	87
	354	126498383177127760	87
	355	139017196550488854	87
	356	169794359647167159	87
	357	26327593847086679	87
	358	158311066371804269	87
	359	447242228485615993	87
	360	61627522301309833	87
	361	213690002568385139	87
	362	170381479939755701	86
	363	75295478242967065	86
	364	240607269244040683	86
	365	294217235759845750	86
	366	143121154124093781	86
	367	458898114915028755	86
	368	163471166268966558	86
	369	249024331972076133	86
	370	144839598781471190	86
	371	186524265044383031	86
	372	338227767221919621	86
	373	362036203373167720	85
	374	443732126151497099	85
	375	384982882105912162	85
	376	445973359968516697	85
	377	257738247190841151	85
	378	150462155160175407	85
	379	74643321652172183	85
	380	273451612826856903	85
	381	54938679413843081	85
	382	240973278969117163	85
	383	230696098766817461	85
	384	313075838360049303	85
	385	33167306408173436	85
	386	178899256190423122	85
	387	44579433053368787	85
	388	266579664656002237	85
	389	48346667246273992	85
	390	280646173865834978	85
	391	302807516821124863	85
	392	216942261220806251	85
	393	390730415164431811	85
	394	49463053745264537	85
	395	117622726358707632	85
	396	48575019053701061	85
	397	49466503563964570	85
	398	10738571983385880	85
	399	249546767866555152	85
	400	19844885434991797	84
	401	348291228684844628	84
	402	416528855242434835	84
	403	454369590296879338	84
	404	410045000953096312	84
	405	302490763071447279	84
	406	61053675111928421	84
	407	24758772396390096	84
	408	244128788438319322	84
	409	332529406829017576	84
	410	322302462443231660	84
	411	397135500490726110	84
	412	217933140417643069	84
	413	168033142270160536	84
	414	165452066087718996	84
	415	236135453907052097	84
	416	238983968744785083	84
	417	394695489734840162	84
	418	170993880697912340	84
	419	105611556338640381	84
	420	428931516879857108	84
	421	79159604603220162	84
	422	430894916777683364	84
	423	251525308695306545	84
	424	70207692718516488	83
	425	188236891838520170	83
	426	194307564037551675	83
	427	94711006838317463	83
	428	407955393751065496	83
	429	237660792790352621	83
	430	278302176159980811	83
	431	185964242211716858	83
	432	90231814597326962	83
	433	366152204733178613	83
	434	243266470869268713	83
	435	451714157964837525	83
	436	436589891742282203	83
	437	346592064040334055	83
	438	223682141112750664	83
	439	26687662250938063	83
	440	47362813973429616	83
	441	3037364230126582	83
	442	259849187098467000	83
	443	357856475354347361	83
	444	77127177224282260	83
	445	266350580741930119	83
	446	262320508414400938	82
	447	2120801969964380	82
	448	439758035769265423	82
	449	9108790709293027	82
	450	120812897508043825	82
	451	114814727410035402	82
	452	223501304828492316	82
	453	119900525174015724	82
	454	391094159647170502	82
	455	325815711390140258	82
	456	49694181878235	82
	457	364997138899306417	82
	458	217545653479412713	82
	459	446903994444824688	82
	460	125515068559147844	82
	461	455291882890667346	82
	462	55784089933569092	82
	463	79399476397027051	82
	464	244761086063674539	82
	465	343934964989314353	82
	466	345801248764464172	82
	467	193718579349164168	82
	468	15553011516881591	82
	469	93905004234919704	82
	470	192517854061094760	82
	471	138608529798140164	82
	472	20361440220587986	82
	473	301792385799350509	81
	474	413909468928193262	81
	475	57891051714569800	81
	476	435842519610386387	81
	477	322936121514812851	81
	478	117422926872678088	81
	479	122779307600508499	81
	480	116941277764099904	81
	481	436539969191361573	81
	482	64809350342880296	81
	483	29070259983256023	81
	484	391498973503800003	81
	485	153204638818663407	81
	486	269528882266061669	81
	487	343793115563089525	81
	488	449502977008901698	81
	489	18202131328010757	81
	490	57228701269771657	81
	491	297630529501008744	81
	492	157262946279094007	81
	493	309818838422040408	81
	494	195468365949140700	81
	495	15340370123138449	81
	496	223538317662624857	81
	497	315347197024006864	81
	498	134433414254413509	81
	499	357444012019153514	81
	500	189276863943155093	81
	501	297189450367079996	81
	502	371549024032345049	80
	503	219023773729312307	80
	504	111100348114810397	80
	505	236185776781051769	80
	506	128548907626467098	80
	507	415182544649088153	80
	508	190124116866500929	80
	509	236542598078655547	80
	510	94894349973190020	80
	511	438961596004658625	80
	512	175221488439012568	80
	513	99940696532893429	80
	514	367416148424156516	80
	515	367474008749037189	80
	516	371220937173764332	80
	517	342055379597965862	80
	518	400197635443363321	80
	519	790577322572371	80
	520	3887218496500935	80
	521	450562823932981334	80
	522	420996923098706631	80
	523	66277690480921041	80
	524	343365011049394306	79
	525	309748489855070658	79
	526	41112850960641168	79
	527	23469861884985651	79
	528	309704873911870071	79
	529	41827125664588418	79
	530	219854501970238285	79
	531	400206941981143197	79
	532	454679623836746128	79
	533	359373924258421423	79
	534	253409495853364064	79
	535	218867166672631523	79
	536	391557824446427062	79
	537	199519666445006721	79
	538	77164139998955026	79
	539	156226008194014480	79
	540	200254189378317900	79
	541	34175691408280672	79
	542	399601023796640481	79
	543	164743551538243332	79
	544	100169186500013604	79
	545	402649225453936457	79
	546	247964566716643821	79
	547	308373581088816274	79
	548	388037071842409463	79
	549	292543854838447580	79
	550	190070376652430810	78
	551	299895377187905465	78
	552	320506232123073392	78
	553	431190478741523728	78
	554	253168804215101871	78
	555	440625032310691795	78
	556	147694135477871960	78
	557	198735035878797549	78
	558	456508560691691918	78
	559	367776313231467384	78
	560	158534315641483822	78
	561	179866703268777492	78
	562	327453163981065757	78
	563	51702711599881389	78
	564	44466519072673004	78
	565	293367402461985612	78
	566	449771280451758104	78
	567	168169526804495707	78
	568	372164861239922904	78
	569	221927850593729851	78
	570	64834446388223203	78
	571	236060722281008278	78
	572	135231025194226401	78
	573	394303263627186310	78
	574	195069923549489770	78
	575	303397223534829786	78
	576	202468165445832778	77
	577	288500185029839639	77
	578	141076976544551883	77
	579	426530683335879498	77
	580	296254331358006772	77
	581	29013563275164893	77
	582	450348184265136371	77
	583	53461003545124202	77
	584	417081375783449659	77
	585	99018340289815408	77
	586	417972012952319196	77
	587	398333320838938400	77
	588	401132494599104992	77
	589	453416773462192234	77
	590	35848666970908476	77
	591	224830502864536307	77
	592	164012136887451361	77
	593	414578265847796452	77
	594	159645244628047980	77
	595	67918237452751396	77
	596	293456889500424430	77
	597	437743064576927110	77
	598	265932950063492792	77
	599	321108412440219671	77
	600	46301082675323391	77
	601	137944526879196094	77
	602	287519985511569648	77
	603	449807979673852969	77
	604	374976180827951773	77
	605	185927161079951852	77
	606	408708701169276359	77
	607	101439824815021447	77
	608	245199100599791837	77
	609	112018418752192166	77
	610	234371018136748944	77
	611	417189859890431025	76
	612	392016643531277834	76
	613	209698281722206490	76
	614	401049871788765720	76
	615	42889502356844095	76
	616	260888429447430036	76
	617	111570849248179690	76
	618	343318782109571803	76
	619	445422272030627261	76
	620	54081081273054449	76
	621	325002698529791877	76
	622	261255515141939178	76
	623	201694267058636625	76
	624	111074673818815228	76
	625	187791159681902870	76
	626	210266599616922397	76
	627	458320099980006346	76
	628	429021190385408268	76
	629	91406341392072337	76
	630	214959514099417947	76
	631	447741308749859813	76
	632	230179731495970649	76
	633	213843715147458591	76
	634	354081821066699109	76
	635	190188115114113613	76
	636	59934674769717530	76
	637	444814551489822689	76
	638	160172912134386833	76
	639	453957322297855235	76
	640	230881907643768537	76
	641	379929425069713422	76
	642	138143687191854834	76
	643	368336254023706619	76
	644	26870372768864915	75
	645	148231033764024171	75
	646	17981403848215363	75
	647	346860260766701916	75
	648	379590604628249341	75
	649	47776914162565999	75
	650	219447409986295340	75
	651	121496294289383360	75
	652	188869307381661312	75
	653	366569174654067420	75
	654	188762606429895531	75
	655	92901666546544452	75
	656	105115342634971584	75
	657	429227791483249364	75
	658	386785946067301024	75
	659	195488705547641430	75
	660	108390703495998880	75
	661	76052528225162789	75
	662	98524846585091121	75
	663	270163649072262930	75
	664	89281061941604445	75
	665	431845662798701871	75
	666	420082148798110615	75
	667	67014287135954880	75
	668	126973633054557564	75
	669	14918842007805447	75
	670	322804320367080843	75
	671	298708502646039059	75
	672	222788619316669811	75
	673	250296908041097776	75
	674	281115070050671869	75
	675	380276647341594465	75
	676	412772759201049574	75
	677	452488209844899919	75
	678	449512902559749460	75
	679	361390319821835073	75
	680	197138925831992530	75
	681	185323323492195439	75
	682	296961969312279861	75
	683	129496362448205164	75
	684	121041309090429145	75
	685	264765882770550513	75
	686	428931487900584157	75
	687	75103342376179149	75
	688	284122312888269377	75
	689	450168024644767765	75
	690	96076784712675752	74
	691	430731421911446459	74
	692	226170484204399690	74
	693	133819603424623274	74
	694	10396423013005892	74
	695	103812472767746233	74
	696	68228197790352696	74
	697	30797657200890119	74
	698	1446282012981839	74
	699	94270060485998793	74
	700	178321334012039088	74
	701	40397893587198233	74
	702	119228033378026781	74
	703	318379704776811318	74
	704	453817238067492996	74
	705	99173044016095860	74
	706	110510341461542148	74
	707	417111708133439133	74
	708	332826333573715037	74
	709	52673026795430675	74
	710	372400836083372936	74
	711	48533226671321731	74
	712	6349115067642332	74
	713	32573041578843869	74
	714	163119723185587455	74
	715	449345099103211002	74
	716	265643835092476351	74
	717	371080460353731721	74
	718	13122538490458175	74
	719	290122970396878521	74
	720	235126011424820452	74
	721	10831350197591561	74
	722	194497975660661939	74
	723	419324547444030549	74
	724	418842943977325024	74
	725	341025331617525980	74
	726	89029780572870925	74
	727	389207110100689960	74
	728	29645482569133115	74
	729	302452326042961219	74
	730	393666078634671321	74
	731	238253703232372323	74
	732	157679156346278870	73
	733	335871971748022348	73
	734	320400050224220988	73
	735	362671798468513243	73
	736	389478513108047771	73
	737	437184045906398380	73
	738	137810696844017915	73
	739	99521685486445196	73
	740	356221466863345429	73
	741	351819909005659416	73
	742	426185702237116024	73
	743	239217093522793563	73
	744	242807043759425528	73
	745	437413750574236440	73
	746	309344295400173274	73
	747	274750006278651324	73
	748	459610180977643587	73
	749	134783629850277937	73
	750	386861675327918501	73
	751	431916587878154893	73
	752	451319820582095209	73
	753	184558963048022249	73
	754	279630248992046730	73
	755	33126345510768141	73
	756	37952769389486109	73
	757	202635440671500684	73
	758	377508759388505011	73
	759	67044782741263154	73
	760	6731544611882399	73
	761	16372977921617787	73
	762	9133496931728615	73
	763	199124523766876970	73
	764	100125186658747078	73
	765	35042106221378264	73
	766	138493650397028965	73
	767	335333422434749865	73
	768	415081055235185754	73
	769	37681358471558301	73
	770	216622374099063841	73
	771	77564437753193815	73
	772	378138754905311851	73
	773	4667987402364478	73
	774	46658501991234024	72
	775	421979288315870689	72
	776	389497919654116156	72
	777	169643225199533030	72
	778	289995028580369629	72
	779	53796879679751293	72
	780	211224874722455786	72
	781	116830005809230552	72
	782	112464289715325310	72
	783	17499464979924852	72
	784	249181212313659231	72
	785	224288191678007360	72
	786	291629708587306509	72
	787	62143315606768622	72
	788	44398951229824566	72
	789	152143710752409882	72
	790	348917404093385869	72
	791	336934560702326068	72
	792	386894937125051081	72
	793	438648023708037471	72
	794	273869559726817425	72
	795	282462673963314715	72
	796	7185596184040276	72
	797	59236392915980431	72
	798	290159210660358904	72
	799	307040374306378756	72
	800	453962344942947089	72
	801	91861988398388627	72
	802	188139128612213614	72
	803	385949217265557270	72
	804	100509767585762733	72
	805	301009248474851717	72
	806	187980849288906810	72
	807	369277600778628351	72
	808	294532754769553272	72
	809	260479130640215217	71
	810	192715646993234898	71
	811	402053124375830181	71
	812	190941037567450955	71
	813	373385117937181739	71
	814	372234341046761326	71
	815	252490359507905206	71
	816	68865865240753691	71
	817	93390669993825618	71
	818	123549489091485007	71
	819	120863115481079689	71
	820	92547359575120029	71
	821	112206426719150246	71
	822	371844529209982769	71
	823	258743094876983579	71
	824	337019373117719904	71
	825	83339536314929624	71
	826	63765202538549328	71
	827	298681798311435381	71
	828	204235235342732315	71
	829	114092678511834467	71
	830	400894269863849960	71
	831	31715176153773318	71
	832	239153707411469147	71
	833	81994146093952557	71
	834	376982613098184522	71
	835	74077657762990213	71
	836	12879929220902502	71
	837	202045936392339297	71
	838	324062074088952572	71
	839	295906961024371167	71
	840	311369745611749063	71
	841	289651924402820164	71
	842	65085815567524708	71
	843	312960616807476104	71
	844	111010865263826211	71
	845	234473994960548169	71
	846	99625296086994694	71
	847	407431874390776685	71
	848	160164492660779239	71
	849	445100025322275844	71
	850	76833411278756863	71
	851	79425068232011122	71
	852	169298163830900518	71
	853	371865996510897411	71
	854	158539422548399156	71
	855	124843807007400220	70
	856	205469025696029289	70
	857	204514983820541747	70
	858	134930929646265254	70
	859	273912892297741815	70
	860	108432868752147315	70
	861	34011430433186637	70
	862	117132834206538423	70
	863	296702047394101403	70
	864	319529194044439056	70
	865	84544554669835150	70
	866	96260830931606681	70
	867	430797854152960401	70
	868	193113152785607032	70
	869	350188836293943620	70
	870	457409731762723205	70
	871	3650832070238928	70
	872	83824754915449411	70
	873	325807729666788688	70
	874	108062428162801266	70
	875	137546028263450716	70
	876	258494302131980611	70
	877	202441346110934901	70
	878	255923124635093175	70
	879	430470859168607630	70
	880	54102762113475048	70
	881	106887025069533183	70
	882	179479188718646134	70
	883	253998609262922815	70
	884	367070560895126982	70
	885	144244229117749066	70
	886	266522629601030118	70
	887	337954111775212256	70
	888	201102883473902148	70
	889	385637378094719692	70
	890	159347245011472205	70
	891	205318625304812437	70
	892	99433723896272363	70
	893	168447189614601487	70
	894	331211662019124712	70
	895	197148838989018626	70
	896	329247474726729923	70
	897	47006878183551996	70
	898	328195271052491178	70
	899	454935911971250548	70
	900	370068585486640485	70
	901	247505338810197509	70
	902	283910610423915054	70
	903	402296518365079666	70
	904	146219076100788857	70
	905	49895122494778140	70
	906	369677527868073093	70
	907	220443919950223720	70
	908	206826871996787347	69
	909	460002902191836330	69
	910	241031938780008306	69
	911	152655349936797978	69
	912	214450423465358245	69
	913	191832492790409089	69
	914	350121936046417077	69
	915	189893471057499802	69
	916	122702316963480464	69
	917	148685404295163832	69
	918	415825688893982589	69
	919	29162644264086725	69
	920	65233525267540842	69
	921	165504029477452730	69
	922	58393870785451459	69
	923	41709861109903142	69
	924	456940203051783781	69
	925	141198951944162264	69
	926	348182545964000699	69
	927	121418427650335342	69
	928	460630729979595920	69
	929	207829979987291941	69
	930	219398231430199138	69
	931	61714077711906895	69
	932	342827186340740262	69
	933	143966271065414439	69
	934	101448909263652810	69
	935	150719999479959469	69
	936	241082938302986798	69
	937	249816150230998176	69
	938	374056610503347502	69
	939	33665789788200216	69
	940	205040765492074983	69
	941	135033070962362323	69
	942	437002015718611642	69
	943	28217851464714046	69
	944	249889572748061895	69
	945	320153260677973704	69
	946	296138716065829506	69
	947	176708650407959338	69
	948	261218135808080649	69
	949	181419441471951260	69
	950	51499737859334175	68
	951	31486448328435206	68
	952	122651541594855766	68
	953	419170329843761306	68
	954	332723911692371118	68
	955	246857601513894315	68
	956	73855508583443135	68
	957	239731719534057125	68
	958	388994845044750688	68
	959	296768984891335154	68
	960	355907151230746678	68
	961	209115937472847821	68
	962	298345567998420290	68
	963	427828591842093402	68
	964	114641169952002419	68
	965	362490990839420640	68
	966	328041281265194692	68
	967	460566124620286817	68
	968	197624746058552695	68
	969	401084898087444060	68
	970	138984618310594410	68
	971	353620904634442339	68
	972	55336751170505379	68
	973	56822388881448627	68
	974	357413537294260358	68
	975	417753255407515834	68
	976	364722660485691668	68
	977	210058442495171938	68
	978	421550910826033270	68
	979	389777236391119062	68
	980	308291832061859674	68
	981	255746571537278735	68
	982	296807449542056528	68
	983	9629883472800858	68
	984	56714438944259372	68
	985	200920512264436960	68
	986	311134675516881636	68
	987	30937751403750314	68
	988	431954655472674377	68
	989	119836996589264309	68
	990	138911838281695006	68
	991	459509489235753681	68
	992	393265438573591120	68
	993	71488518354940974	68
	994	304188614656835358	67
	995	214977479604343412	67
	996	295103597063139649	67
	997	233989348598696501	67
	998	398439455846069365	67
	999	251142358565880764	67
Selected repetitive minimizers:
	0	200674404500338137	2184
	1	310612582662316624	478
	2	426031741198032911	421
	3	354479218752146524	412
	4	74000708096080470	352
	5	87884089835739256	334
	6	395558716000721925	254
	7	152705897178961409	250
	8	410300431011852796	242
	9	318268085688400246	238
	10	196951025728867981	236
	11	127877448689285016	217
	12	387227473312555990	215
	13	310751134635568052	199
	14	282275202642698773	196
	15	435803489765938598	195
	16	112962020442871828	194
	17	114461725769836351	189
	18	133998798284183014	188
	19	398204361735465697	182
	20	315265612063503758	180
	21	369698405588983607	176
	22	281072739451220702	172
	23	279400172010196800	169
	24	426620577227494787	159
	25	441902959033122815	157
	26	293516479341577910	156
	27	325776848230015949	155
	28	420561066568898587	154
	29	45896773932858947	149
	30	361615466139777158	145
	31	357440285828398089	145
	32	34835452940001790	138
	33	340110913682603883	137
	34	299905741098321910	137
	35	214979285376949073	137
	36	383543299323446076	137
	37	357642166806978275	134
	38	453294361571171643	134
	39	69435486880335744	132
	40	65944181381572977	131
	41	398601327802380149	131
	42	405764776136872430	130
	43	176604906822910719	129
	44	131439312686540049	128
	45	306666018432152893	128
	46	405379553203928134	127
	47	248059518041192602	127
	48	123245910707095796	126
	49	236264863273510281	126
	50	98286427698639366	125
	51	80183922105000988	125
	52	130497339876132809	124
Nb minimizers to ignore: 53 53
	Parsing file: /Users/mschul/Downloads/sample01/sample01_autocycler/porechop_output_sample01/subsampled_reads/sample_04.fastq
0
	Parsing file done (nb reads: 21807)
Nb low quality reads: 0
Nb low complexity reads: 5

Total read bps:  114067688
N50 read length: 20561
Start k:         4
End k:           205

Correcting reads


metaMDBG readCorrection /var/folders/zg/vq0dnx517c54hg87dyqjky740000gn/T/.tmprWAL2M/tmp/ --min-identity 0.960000 --min-overlap-length 1000 --threads 10

Input filename: 
Input dir: /var/folders/zg/vq0dnx517c54hg87dyqjky740000gn/T/.tmprWAL2M/tmp/
Minimizer length: 15
Kminmer length: 4
Assembly Density: 0.005
Correction Density: 0.025
Min overlap length: 1000
Min identity: 0.96


Indexing genomic minimizers
	Indexing genomic minimizers: 0%

Indexing reads
	Indexing reads: 0%

Loading minimizer reads
	Loading minimizer reads: 0%

Perform low density alignments
	Aligning reads (low density): 0%
	Aligning reads (low density): 45%
	Alignment checksum: 10000 337575090817923
	Aligning reads (low density): 91%

Loading low density alignments

Partitioning reads
	Add partition: 21807 21807
	Nb partitions: 1

Processing partition: 0 / 1
	Loading minimizer reads (high density)
	Correcting reads
	Correction checksum: 11445654652472358994

Processing partition: 1 / 1
	Alignment check sum: 912964977615606
	Correction check sum: 11445654652472358994
Multi-k pass: 4/205


metaMDBG graph /var/folders/zg/vq0dnx517c54hg87dyqjky740000gn/T/.tmprWAL2M/tmp/ --threads 10 --min-abundance 0 --firstpass  --corrected-read 

Contig filename: 
Output dir: /var/folders/zg/vq0dnx517c54hg87dyqjky740000gn/T/.tmprWAL2M/tmp/
Minimizer length: 15
Kminmer length: 4
Density: 0.005
Min abundance: 0

Collecting kminmers
Filling bloom filter
Solid kminmers: 0
Building mdbg
Indexed: 16981
Indexed: 32884
Duration: 0
Nb solid kminmers: 49865
Nb small contigs written: 0
Dump kminmer abundances
	Duration: 0
Indexing edges
Edge index size: 49928
Edge index elements: 89281
	Duration: 0
Compute unitig nodes
	Duration: 0
Index unitig edges
	Duration: 0
Compute unitig edges
	Duration: 0
Dump unitig abundances
	Duration: 0
Nb edges:   0


metaMDBG contig  /var/folders/zg/vq0dnx517c54hg87dyqjky740000gn/T/.tmprWAL2M/tmp/ --threads 10

Input dir: /var/folders/zg/vq0dnx517c54hg87dyqjky740000gn/T/.tmprWAL2M/tmp/
Minimizer length: 15
Kminmer length: 4
Density: 0.005

Loading unitig graph
Load unitigs
Nb unitigs: 12161
Nb minimizers: 86348
Add unitig abundances
Sorting abundances
Add unitig edges
Nb unitig edges: 28432
Sorting unitig edges
Done loading unitig graph
Simplifying
Max abundance: 118
Nb unitigs: 12161
Superbubble
Nb superbubble removed: 388 0 (0s)
Tip
Nb Tip removed: 3592 (0s)
Superbubble
Nb superbubble removed: 806 0 (0s)
Tip
Nb Tip removed: 0 (0s)
Nb errors removed: 6060 (0s)
Superbubble
Nb superbubble removed: 192 0 (0s)
Tip
Nb Tip removed: 24 (0s)
Superbubble
Nb superbubble removed: 4 0 (0s)
Tip
Nb Tip removed: 0 (0s)
Nb errors removed: 32 (0s)
Superbubble
Nb superbubble removed: 0 0 (0s)
Tip
Nb Tip removed: 0 (0s)
Nb errors removed: 231 (0s)
Superbubble
Nb superbubble removed: 4 0 (0s)
Tip
Nb Tip removed: 0 (0s)
Nb errors removed: 4 (0s)
Superbubble
Nb superbubble removed: 0 0 (0s)
Tip
Nb Tip removed: 0 (0s)
Nb errors removed: 14 (0s)
Superbubble
Nb superbubble removed: 0 0 (0s)
Tip
Nb Tip removed: 0 (0s)
Nb errors removed: 3 (0s)
Superbubble
Nb superbubble removed: 0 0 (0s)
Tip
Nb Tip removed: 0 (0s)
Nb errors removed: 1 (0s)
Superbubble
Nb superbubble removed: 0 0 (0s)
Tip
Nb Tip removed: 0 (0s)
Nb errors removed: 1 (0s)
Superbubble
Nb superbubble removed: 0 0 (0s)
Tip
Nb Tip removed: 0 (0s)
Nb errors removed: 1 (0s)
Superbubble
Nb superbubble removed: 0 0 (0s)
Tip
Nb Tip removed: 0 (0s)
Nb errors removed: 3 (0s)
Superbubble
Nb superbubble removed: 2 0 (0s)
Tip
Nb Tip removed: 0 (0s)
Nb errors removed: 5 (0s)
Superbubble
Nb superbubble removed: 0 0 (0s)
Tip
Nb Tip removed: 3 (0s)
Superbubble
Nb superbubble removed: 0 0 (0s)
Tip
Nb Tip removed: 0 (0s)
Nb errors removed: 2 (0s)
Superbubble
Nb superbubble removed: 0 0 (0s)
Tip
Nb Tip removed: 1 (0s)
Superbubble
Nb superbubble removed: 0 0 (0s)
Tip
Nb Tip removed: 0 (0s)
Nb errors removed: 4 (0s)
Superbubble
Nb superbubble removed: 0 0 (0s)
Tip
Nb Tip removed: 3 (0s)
Superbubble
Nb superbubble removed: 0 0 (0s)
Tip
Nb Tip removed: 0 (0s)
Nb errors removed: 2 (0s)
Superbubble
Nb superbubble removed: 0 0 (0s)
Tip
Nb Tip removed: 0 (0s)
Nb errors removed: 2 (0s)
Superbubble
Nb superbubble removed: 0 0 (0s)
Tip
Nb Tip removed: 0 (0s)
Nb errors removed: 3 (0s)
Superbubble
Nb superbubble removed: 0 0 (0s)
Tip
Nb Tip removed: 0 (0s)
Nb errors removed: 2 (0s)
Superbubble
Nb superbubble removed: 0 0 (0s)
Tip
Nb Tip removed: 0 (0s)
Nb errors removed: 1 (0s)
Superbubble
Nb superbubble removed: 0 0 (0s)
Tip
Nb Tip removed: 0 (0s)
Checksum: 0
Checksum abundnace: 0
Generating contigs
80.1796
54.7637
45.2593
41.1448
37.4044
34.004
30.9127
28.1025
25.5477
23.2252
7.40025
6.11591
4.17725
3.13843
2.59374
2.14359
1.61051
1.1
0


metaMDBG toMinspace  /var/folders/zg/vq0dnx517c54hg87dyqjky740000gn/T/.tmprWAL2M/tmp/ /var/folders/zg/vq0dnx517c54hg87dyqjky740000gn/T/.tmprWAL2M/tmp//contigs.nodepath /var/folders/zg/vq0dnx517c54hg87dyqjky740000gn/T/.tmprWAL2M/tmp//unitig_data.txt --threads 10

Input dir: /var/folders/zg/vq0dnx517c54hg87dyqjky740000gn/T/.tmprWAL2M/tmp/
Minimizer length: 15
Kminmer length: 4
Density: 0.005

Loading unitig sequences

Creating mContigs

Contig filename: /var/folders/zg/vq0dnx517c54hg87dyqjky740000gn/T/.tmprWAL2M/tmp//unitig_data.txt
pass done: 4
Multi-k pass: 5/205


metaMDBG graph /var/folders/zg/vq0dnx517c54hg87dyqjky740000gn/T/.tmprWAL2M/tmp/ --threads 10 --corrected-read 

Contig filename: 
Output dir: /var/folders/zg/vq0dnx517c54hg87dyqjky740000gn/T/.tmprWAL2M/tmp/
Minimizer length: 15
Kminmer length: 5
Density: 0.005
Min abundance: 0

Loading refined abundances
	Duration: 0
Collecting kminmers
Building mdbg
Duration: 0
Nb solid kminmers: 25786
Nb small contigs written: 0
Dump kminmer abundances
	Duration: 0
Indexing edges
Edge index size: 25235
Edge index elements: 46136
	Duration: 0
Compute unitig nodes
	Duration: 0
Index unitig edges
	Duration: 0
Compute unitig edges
	Duration: 0
Dump unitig abundances
	Duration: 0
Nb edges:   0


metaMDBG contig  /var/folders/zg/vq0dnx517c54hg87dyqjky740000gn/T/.tmprWAL2M/tmp/ --threads 10

Input dir: /var/folders/zg/vq0dnx517c54hg87dyqjky740000gn/T/.tmprWAL2M/tmp/
Minimizer length: 15
Kminmer length: 5
Density: 0.005

Loading unitig graph
Load unitigs
Nb unitigs: 2659
Nb minimizers: 36422
Add unitig abundances
Sorting abundances
Add unitig edges
Nb unitig edges: 6724
Sorting unitig edges
Done loading unitig graph
Simplifying
Max abundance: 106
Nb unitigs: 2659
Superbubble
Nb superbubble removed: 554 0 (0s)
Tip
Nb Tip removed: 432 (0s)
Superbubble
Nb superbubble removed: 140 0 (0s)
Tip
Nb Tip removed: 0 (0s)
Nb errors removed: 664 (0s)
Superbubble
Nb superbubble removed: 36 0 (0s)
Tip
Nb Tip removed: 4 (0s)
Superbubble
Nb superbubble removed: 0 0 (0s)
Tip
Nb Tip removed: 0 (0s)
Nb errors removed: 2 (0s)
Superbubble
Nb superbubble removed: 0 0 (0s)
Tip
Nb Tip removed: 0 (0s)
Nb errors removed: 22 (0s)
Superbubble
Nb superbubble removed: 0 0 (0s)
Tip
Nb Tip removed: 0 (0s)
Nb errors removed: 3 (0s)
Superbubble
Nb superbubble removed: 0 0 (0s)
Tip
Nb Tip removed: 0 (0s)
Nb errors removed: 1 (0s)
Superbubble
Nb superbubble removed: 0 0 (0s)
Tip
Nb Tip removed: 0 (0s)
Nb errors removed: 1 (0s)
Superbubble
Nb superbubble removed: 0 0 (0s)
Tip
Nb Tip removed: 0 (0s)
Nb errors removed: 1 (0s)
Superbubble
Nb superbubble removed: 0 0 (0s)
Tip
Nb Tip removed: 0 (0s)
Nb errors removed: 3 (0s)
Superbubble
Nb superbubble removed: 0 0 (0s)
Tip
Nb Tip removed: 0 (0s)
Nb errors removed: 7 (0s)
Superbubble
Nb superbubble removed: 0 0 (0s)
Tip
Nb Tip removed: 1 (0s)
Superbubble
Nb superbubble removed: 0 0 (0s)
Tip
Nb Tip removed: 0 (0s)
Nb errors removed: 1 (0s)
Superbubble
Nb superbubble removed: 0 0 (0s)
Tip
Nb Tip removed: 0 (0s)
Nb errors removed: 3 (0s)
Superbubble
Nb superbubble removed: 0 0 (0s)
Tip
Nb Tip removed: 3 (0s)
Superbubble
Nb superbubble removed: 0 0 (0s)
Tip
Nb Tip removed: 0 (0s)
Nb errors removed: 1 (0s)
Superbubble
Nb superbubble removed: 0 0 (0s)
Tip
Nb Tip removed: 0 (0s)
Nb errors removed: 2 (0s)
Superbubble
Nb superbubble removed: 0 0 (0s)
Tip
Nb Tip removed: 0 (0s)
Nb errors removed: 1 (0s)
Superbubble
Nb superbubble removed: 0 0 (0s)
Tip
Nb Tip removed: 0 (0s)
Nb errors removed: 1 (0s)
Superbubble
Nb superbubble removed: 0 0 (0s)
Tip
Nb Tip removed: 0 (0s)
Nb errors removed: 1 (0s)
Superbubble
Nb superbubble removed: 0 0 (0s)
Tip
Nb Tip removed: 0 (0s)
Checksum: 0
Checksum abundnace: 0
Generating contigs
88.1976
80.1796
45.2593
41.1448
37.4044
34.004
30.9127
28.1025
25.5477
23.2252
7.40025
6.11591
4.17725
3.13843
2.59374
2.14359
0


metaMDBG toMinspace  /var/folders/zg/vq0dnx517c54hg87dyqjky740000gn/T/.tmprWAL2M/tmp/ /var/folders/zg/vq0dnx517c54hg87dyqjky740000gn/T/.tmprWAL2M/tmp//contigs.nodepath /var/folders/zg/vq0dnx517c54hg87dyqjky740000gn/T/.tmprWAL2M/tmp//unitig_data.txt --threads 10

Input dir: /var/folders/zg/vq0dnx517c54hg87dyqjky740000gn/T/.tmprWAL2M/tmp/
Minimizer length: 15
Kminmer length: 5
Density: 0.005

Loading unitig sequences

Creating mContigs

Contig filename: /var/folders/zg/vq0dnx517c54hg87dyqjky740000gn/T/.tmprWAL2M/tmp//unitig_data.txt
pass done: 5
Multi-k pass: 6/205


metaMDBG graph /var/folders/zg/vq0dnx517c54hg87dyqjky740000gn/T/.tmprWAL2M/tmp/ --threads 10 --corrected-read 

Contig filename: 
Output dir: /var/folders/zg/vq0dnx517c54hg87dyqjky740000gn/T/.tmprWAL2M/tmp/
Minimizer length: 15
Kminmer length: 6
Density: 0.005
Min abundance: 0

Loading refined abundances
	Duration: 0
Collecting kminmers
Building mdbg
Duration: 0
Nb solid kminmers: 26115
Nb small contigs written: 0
Dump kminmer abundances
	Duration: 0
Indexing edges
Edge index size: 25743
Edge index elements: 46573
	Duration: 0
Compute unitig nodes
	Duration: 0
Index unitig edges
	Duration: 0
Compute unitig edges
	Duration: 0
Dump unitig abundances
	Duration: 0
Nb edges:   0


metaMDBG contig  /var/folders/zg/vq0dnx517c54hg87dyqjky740000gn/T/.tmprWAL2M/tmp/ --threads 10

Input dir: /var/folders/zg/vq0dnx517c54hg87dyqjky740000gn/T/.tmprWAL2M/tmp/
Minimizer length: 15
Kminmer length: 6
Density: 0.005

Loading unitig graph
Load unitigs
Nb unitigs: 2425
Nb minimizers: 38240
Add unitig abundances
Sorting abundances
Add unitig edges
Nb unitig edges: 5700
Sorting unitig edges
Done loading unitig graph
Simplifying
Max abundance: 106
Nb unitigs: 2425
Superbubble
Nb superbubble removed: 518 0 (0s)
Tip
Nb Tip removed: 422 (0s)
Superbubble
Nb superbubble removed: 142 0 (0s)
Tip
Nb Tip removed: 0 (0s)
Nb errors removed: 584 (0s)
Superbubble
Nb superbubble removed: 14 0 (0s)
Tip
Nb Tip removed: 2 (0s)
Superbubble
Nb superbubble removed: 0 0 (0s)
Tip
Nb Tip removed: 0 (0s)
Nb errors removed: 27 (0s)
Superbubble
Nb superbubble removed: 0 0 (0s)
Tip
Nb Tip removed: 0 (0s)
Nb errors removed: 2 (0s)
Superbubble
Nb superbubble removed: 0 0 (0s)
Tip
Nb Tip removed: 0 (0s)
Nb errors removed: 1 (0s)
Superbubble
Nb superbubble removed: 0 0 (0s)
Tip
Nb Tip removed: 0 (0s)
Nb errors removed: 1 (0s)
Superbubble
Nb superbubble removed: 0 0 (0s)
Tip
Nb Tip removed: 0 (0s)
Nb errors removed: 1 (0s)
Superbubble
Nb superbubble removed: 0 0 (0s)
Tip
Nb Tip removed: 0 (0s)
Nb errors removed: 1 (0s)
Superbubble
Nb superbubble removed: 0 0 (0s)
Tip
Nb Tip removed: 0 (0s)
Nb errors removed: 1 (0s)
Superbubble
Nb superbubble removed: 0 0 (0s)
Tip
Nb Tip removed: 0 (0s)
Nb errors removed: 7 (0s)
Superbubble
Nb superbubble removed: 0 0 (0s)
Tip
Nb Tip removed: 1 (0s)
Superbubble
Nb superbubble removed: 0 0 (0s)
Tip
Nb Tip removed: 0 (0s)
Nb errors removed: 1 (0s)
Superbubble
Nb superbubble removed: 0 0 (0s)
Tip
Nb Tip removed: 0 (0s)
Nb errors removed: 4 (0s)
Superbubble
Nb superbubble removed: 0 0 (0s)
Tip
Nb Tip removed: 2 (0s)
Superbubble
Nb superbubble removed: 0 0 (0s)
Tip
Nb Tip removed: 0 (0s)
Nb errors removed: 2 (0s)
Superbubble
Nb superbubble removed: 0 0 (0s)
Tip
Nb Tip removed: 0 (0s)
Nb errors removed: 1 (0s)
Superbubble
Nb superbubble removed: 0 0 (0s)
Tip
Nb Tip removed: 0 (0s)
Nb errors removed: 1 (0s)
Superbubble
Nb superbubble removed: 0 0 (0s)
Tip
Nb Tip removed: 0 (0s)
Checksum: 0
Checksum abundnace: 0
Generating contigs
80.1796
45.2593
41.1448
34.004
30.9127
28.1025
25.5477
23.2252
13.11
7.40025
6.11591
4.17725
3.13843
2.14359
0


metaMDBG toMinspace  /var/folders/zg/vq0dnx517c54hg87dyqjky740000gn/T/.tmprWAL2M/tmp/ /var/folders/zg/vq0dnx517c54hg87dyqjky740000gn/T/.tmprWAL2M/tmp//contigs.nodepath /var/folders/zg/vq0dnx517c54hg87dyqjky740000gn/T/.tmprWAL2M/tmp//unitig_data.txt --threads 10

Input dir: /var/folders/zg/vq0dnx517c54hg87dyqjky740000gn/T/.tmprWAL2M/tmp/
Minimizer length: 15
Kminmer length: 6
Density: 0.005

Loading unitig sequences

Creating mContigs

Contig filename: /var/folders/zg/vq0dnx517c54hg87dyqjky740000gn/T/.tmprWAL2M/tmp//unitig_data.txt
pass done: 6
Multi-k pass: 7/205


metaMDBG graph /var/folders/zg/vq0dnx517c54hg87dyqjky740000gn/T/.tmprWAL2M/tmp/ --threads 10 --corrected-read 

Contig filename: 
Output dir: /var/folders/zg/vq0dnx517c54hg87dyqjky740000gn/T/.tmprWAL2M/tmp/
Minimizer length: 15
Kminmer length: 7
Density: 0.005
Min abundance: 0

Loading refined abundances
	Duration: 0
Collecting kminmers
Building mdbg
Duration: 0
Nb solid kminmers: 26400
Nb small contigs written: 0
Dump kminmer abundances
	Duration: 0
Indexing edges
Edge index size: 26073
Edge index elements: 46679
	Duration: 0
Compute unitig nodes
	Duration: 0
Index unitig edges
	Duration: 0
Compute unitig edges
	Duration: 0
Dump unitig abundances
	Duration: 0
Nb edges:   0


metaMDBG contig  /var/folders/zg/vq0dnx517c54hg87dyqjky740000gn/T/.tmprWAL2M/tmp/ --threads 10

Input dir: /var/folders/zg/vq0dnx517c54hg87dyqjky740000gn/T/.tmprWAL2M/tmp/
Minimizer length: 15
Kminmer length: 7
Density: 0.005

Loading unitig graph
Load unitigs
Nb unitigs: 2283
Nb minimizers: 40098
Add unitig abundances
Sorting abundances
Add unitig edges
Nb unitig edges: 5336
Sorting unitig edges
Done loading unitig graph
Simplifying
Max abundance: 106
Nb unitigs: 2283
Superbubble
Nb superbubble removed: 488 0 (0s)
Tip
Nb Tip removed: 394 (0s)
Superbubble
Nb superbubble removed: 134 0 (0s)
Tip
Nb Tip removed: 0 (0s)
Nb errors removed: 569 (0s)
Superbubble
Nb superbubble removed: 8 0 (0s)
Tip
Nb Tip removed: 0 (0s)
Nb errors removed: 1 (0s)
Superbubble
Nb superbubble removed: 0 0 (0s)
Tip
Nb Tip removed: 0 (0s)
Nb errors removed: 23 (0s)
Superbubble
Nb superbubble removed: 2 0 (0s)
Tip
Nb Tip removed: 0 (0s)
Nb errors removed: 6 (0s)
Superbubble
Nb superbubble removed: 0 0 (0s)
Tip
Nb Tip removed: 0 (0s)
Nb errors removed: 1 (0s)
Superbubble
Nb superbubble removed: 0 0 (0s)
Tip
Nb Tip removed: 0 (0s)
Nb errors removed: 1 (0s)
Superbubble
Nb superbubble removed: 0 0 (0s)
Tip
Nb Tip removed: 0 (0s)
Nb errors removed: 1 (0s)
Superbubble
Nb superbubble removed: 0 0 (0s)
Tip
Nb Tip removed: 0 (0s)
Nb errors removed: 1 (0s)
Superbubble
Nb superbubble removed: 0 0 (0s)
Tip
Nb Tip removed: 0 (0s)
Nb errors removed: 6 (0s)
Superbubble
Nb superbubble removed: 0 0 (0s)
Tip
Nb Tip removed: 0 (0s)
Nb errors removed: 1 (0s)
Superbubble
Nb superbubble removed: 0 0 (0s)
Tip
Nb Tip removed: 0 (0s)
Nb errors removed: 1 (0s)
Superbubble
Nb superbubble removed: 0 0 (0s)
Tip
Nb Tip removed: 0 (0s)
Nb errors removed: 2 (0s)
Superbubble
Nb superbubble removed: 0 0 (0s)
Tip
Nb Tip removed: 0 (0s)
Nb errors removed: 1 (0s)
Superbubble
Nb superbubble removed: 0 0 (0s)
Tip
Nb Tip removed: 0 (0s)
Checksum: 0
Checksum abundnace: 0
Generating contigs
80.1796
41.1448
34.004
30.9127
28.1025
23.2252
13.11
7.40025
6.11591
4.17725
3.13843
2.59374
2.14359
0


metaMDBG toMinspace  /var/folders/zg/vq0dnx517c54hg87dyqjky740000gn/T/.tmprWAL2M/tmp/ /var/folders/zg/vq0dnx517c54hg87dyqjky740000gn/T/.tmprWAL2M/tmp//contigs.nodepath /var/folders/zg/vq0dnx517c54hg87dyqjky740000gn/T/.tmprWAL2M/tmp//unitig_data.txt --threads 10

Input dir: /var/folders/zg/vq0dnx517c54hg87dyqjky740000gn/T/.tmprWAL2M/tmp/
Minimizer length: 15
Kminmer length: 7
Density: 0.005

Loading unitig sequences

Creating mContigs

Contig filename: /var/folders/zg/vq0dnx517c54hg87dyqjky740000gn/T/.tmprWAL2M/tmp//unitig_data.txt
pass done: 7
Multi-k pass: 8/205


metaMDBG graph /var/folders/zg/vq0dnx517c54hg87dyqjky740000gn/T/.tmprWAL2M/tmp/ --threads 10 --corrected-read 

Contig filename: 
Output dir: /var/folders/zg/vq0dnx517c54hg87dyqjky740000gn/T/.tmprWAL2M/tmp/
Minimizer length: 15
Kminmer length: 8
Density: 0.005
Min abundance: 0

Loading refined abundances
	Duration: 0
Collecting kminmers
Building mdbg
Duration: 0
Nb solid kminmers: 26625
Nb small contigs written: 0
Dump kminmer abundances
	Duration: 0
Indexing edges
Edge index size: 26366
Edge index elements: 47257
	Duration: 0
Compute unitig nodes
	Duration: 0
Index unitig edges
	Duration: 0
Compute unitig edges
	Duration: 0
Dump unitig abundances
	Duration: 0
Nb edges:   0


metaMDBG contig  /var/folders/zg/vq0dnx517c54hg87dyqjky740000gn/T/.tmprWAL2M/tmp/ --threads 10

Input dir: /var/folders/zg/vq0dnx517c54hg87dyqjky740000gn/T/.tmprWAL2M/tmp/
Minimizer length: 15
Kminmer length: 8
Density: 0.005

Loading unitig graph
Load unitigs
Nb unitigs: 2155
Nb minimizers: 41710
Add unitig abundances
Sorting abundances
Add unitig edges
Nb unitig edges: 4908
Sorting unitig edges
Done loading unitig graph
Simplifying
Max abundance: 106
Nb unitigs: 2155
Superbubble
Nb superbubble removed: 454 0 (0s)
Tip
Nb Tip removed: 370 (0s)
Superbubble
Nb superbubble removed: 128 0 (0s)
Tip
Nb Tip removed: 0 (0s)
Nb errors removed: 539 (0s)
Superbubble
Nb superbubble removed: 6 0 (0s)
Tip
Nb Tip removed: 0 (0s)
Nb errors removed: 28 (0s)
Superbubble
Nb superbubble removed: 0 0 (0s)
Tip
Nb Tip removed: 0 (0s)
Nb errors removed: 6 (0s)
Superbubble
Nb superbubble removed: 2 0 (0s)
Tip
Nb Tip removed: 0 (0s)
Nb errors removed: 1 (0s)
Superbubble
Nb superbubble removed: 0 0 (0s)
Tip
Nb Tip removed: 0 (0s)
Nb errors removed: 1 (0s)
Superbubble
Nb superbubble removed: 0 0 (0s)
Tip
Nb Tip removed: 0 (0s)
Nb errors removed: 1 (0s)
Superbubble
Nb superbubble removed: 0 0 (0s)
Tip
Nb Tip removed: 0 (0s)
Nb errors removed: 1 (0s)
Superbubble
Nb superbubble removed: 0 0 (0s)
Tip
Nb Tip removed: 0 (0s)
Nb errors removed: 1 (0s)
Superbubble
Nb superbubble removed: 0 0 (0s)
Tip
Nb Tip removed: 0 (0s)
Nb errors removed: 6 (0s)
Superbubble
Nb superbubble removed: 0 0 (0s)
Tip
Nb Tip removed: 0 (0s)
Nb errors removed: 1 (0s)
Superbubble
Nb superbubble removed: 0 0 (0s)
Tip
Nb Tip removed: 0 (0s)
Nb errors removed: 1 (0s)
Superbubble
Nb superbubble removed: 0 0 (0s)
Tip
Nb Tip removed: 0 (0s)
Nb errors removed: 2 (0s)
Superbubble
Nb superbubble removed: 0 0 (0s)
Tip
Nb Tip removed: 0 (0s)
Nb errors removed: 1 (0s)
Superbubble
Nb superbubble removed: 0 0 (0s)
Tip
Nb Tip removed: 0 (0s)
Checksum: 0
Checksum abundnace: 0
Generating contigs
80.1796
41.1448
34.004
30.9127
28.1025
23.2252
13.11
8.14028
7.40025
6.11591
4.17725
3.13843
2.14359
0


metaMDBG toMinspace  /var/folders/zg/vq0dnx517c54hg87dyqjky740000gn/T/.tmprWAL2M/tmp/ /var/folders/zg/vq0dnx517c54hg87dyqjky740000gn/T/.tmprWAL2M/tmp//contigs.nodepath /var/folders/zg/vq0dnx517c54hg87dyqjky740000gn/T/.tmprWAL2M/tmp//unitig_data.txt --threads 10

Input dir: /var/folders/zg/vq0dnx517c54hg87dyqjky740000gn/T/.tmprWAL2M/tmp/
Minimizer length: 15
Kminmer length: 8
Density: 0.005

Loading unitig sequences

Creating mContigs

Contig filename: /var/folders/zg/vq0dnx517c54hg87dyqjky740000gn/T/.tmprWAL2M/tmp//unitig_data.txt
pass done: 8
Multi-k pass: 9/205


metaMDBG graph /var/folders/zg/vq0dnx517c54hg87dyqjky740000gn/T/.tmprWAL2M/tmp/ --threads 10 --corrected-read 

Contig filename: 
Output dir: /var/folders/zg/vq0dnx517c54hg87dyqjky740000gn/T/.tmprWAL2M/tmp/
Minimizer length: 15
Kminmer length: 9
Density: 0.005
Min abundance: 0

Loading refined abundances
	Duration: 0
Collecting kminmers
Building mdbg
Duration: 0
Nb solid kminmers: 26825
Nb small contigs written: 0
Dump kminmer abundances
	Duration: 0
Indexing edges
Edge index size: 26593
Edge index elements: 47835
	Duration: 0
Compute unitig nodes
	Duration: 0
Index unitig edges
	Duration: 0
Compute unitig edges
	Duration: 0
Dump unitig abundances
	Duration: 0
Nb edges:   0


metaMDBG contig  /var/folders/zg/vq0dnx517c54hg87dyqjky740000gn/T/.tmprWAL2M/tmp/ --threads 10

Input dir: /var/folders/zg/vq0dnx517c54hg87dyqjky740000gn/T/.tmprWAL2M/tmp/
Minimizer length: 15
Kminmer length: 9
Density: 0.005

Loading unitig graph
Load unitigs
Nb unitigs: 2063
Nb minimizers: 43329
Add unitig abundances
Sorting abundances
Add unitig edges
Nb unitig edges: 4674
Sorting unitig edges
Done loading unitig graph
Simplifying
Max abundance: 106
Nb unitigs: 2063
Superbubble
Nb superbubble removed: 416 0 (0s)
Tip
Nb Tip removed: 339 (0s)
Superbubble
Nb superbubble removed: 124 0 (0s)
Tip
Nb Tip removed: 0 (0s)
Nb errors removed: 519 (0s)
Superbubble
Nb superbubble removed: 4 0 (0s)
Tip
Nb Tip removed: 0 (0s)
Nb errors removed: 29 (0s)
Superbubble
Nb superbubble removed: 0 0 (0s)
Tip
Nb Tip removed: 0 (0s)
Nb errors removed: 6 (0s)
Superbubble
Nb superbubble removed: 2 0 (0s)
Tip
Nb Tip removed: 0 (0s)
Nb errors removed: 1 (0s)
Superbubble
Nb superbubble removed: 0 0 (0s)
Tip
Nb Tip removed: 0 (0s)
Nb errors removed: 1 (0s)
Superbubble
Nb superbubble removed: 0 0 (0s)
Tip
Nb Tip removed: 0 (0s)
Nb errors removed: 1 (0s)
Superbubble
Nb superbubble removed: 0 0 (0s)
Tip
Nb Tip removed: 0 (0s)
Nb errors removed: 1 (0s)
Superbubble
Nb superbubble removed: 0 0 (0s)
Tip
Nb Tip removed: 0 (0s)
Nb errors removed: 5 (0s)
Superbubble
Nb superbubble removed: 0 0 (0s)
Tip
Nb Tip removed: 0 (0s)
Nb errors removed: 1 (0s)
Superbubble
Nb superbubble removed: 0 0 (0s)
Tip
Nb Tip removed: 0 (0s)
Nb errors removed: 1 (0s)
Superbubble
Nb superbubble removed: 0 0 (0s)
Tip
Nb Tip removed: 0 (0s)
Nb errors removed: 2 (0s)
Superbubble
Nb superbubble removed: 0 0 (0s)
Tip
Nb Tip removed: 0 (0s)
Nb errors removed: 1 (0s)
Superbubble
Nb superbubble removed: 0 0 (0s)
Tip
Nb Tip removed: 0 (0s)
Checksum: 0
Checksum abundnace: 0
Generating contigs
80.1796
41.1448
34.004
30.9127
28.1025
23.2252
13.11
7.40025
6.11591
4.17725
3.13843
2.14359
0


metaMDBG toMinspace  /var/folders/zg/vq0dnx517c54hg87dyqjky740000gn/T/.tmprWAL2M/tmp/ /var/folders/zg/vq0dnx517c54hg87dyqjky740000gn/T/.tmprWAL2M/tmp//contigs.nodepath /var/folders/zg/vq0dnx517c54hg87dyqjky740000gn/T/.tmprWAL2M/tmp//unitig_data.txt --threads 10

Input dir: /var/folders/zg/vq0dnx517c54hg87dyqjky740000gn/T/.tmprWAL2M/tmp/
Minimizer length: 15
Kminmer length: 9
Density: 0.005

Loading unitig sequences

Creating mContigs

Contig filename: /var/folders/zg/vq0dnx517c54hg87dyqjky740000gn/T/.tmprWAL2M/tmp//unitig_data.txt
pass done: 9
Multi-k pass: 10/205


metaMDBG graph /var/folders/zg/vq0dnx517c54hg87dyqjky740000gn/T/.tmprWAL2M/tmp/ --threads 10 --corrected-read 

Contig filename: 
Output dir: /var/folders/zg/vq0dnx517c54hg87dyqjky740000gn/T/.tmprWAL2M/tmp/
Minimizer length: 15
Kminmer length: 10
Density: 0.005
Min abundance: 0

Loading refined abundances
	Duration: 0
Collecting kminmers
Building mdbg
Duration: 0
Nb solid kminmers: 27017
Nb small contigs written: 0
Dump kminmer abundances
	Duration: 0
Indexing edges
Edge index size: 26790
Edge index elements: 47868
	Duration: 0
Compute unitig nodes
	Duration: 0
Index unitig edges
	Duration: 0
Compute unitig edges
	Duration: 0
Dump unitig abundances
	Duration: 0
Nb edges:   0


metaMDBG contig  /var/folders/zg/vq0dnx517c54hg87dyqjky740000gn/T/.tmprWAL2M/tmp/ --threads 10

Input dir: /var/folders/zg/vq0dnx517c54hg87dyqjky740000gn/T/.tmprWAL2M/tmp/
Minimizer length: 15
Kminmer length: 10
Density: 0.005

Loading unitig graph
Load unitigs
Nb unitigs: 2011
Nb minimizers: 45116
Add unitig abundances
Sorting abundances
Add unitig edges
Nb unitig edges: 4514
Sorting unitig edges
Done loading unitig graph
Simplifying
Max abundance: 106
Nb unitigs: 2011
Superbubble
Nb superbubble removed: 400 0 (0s)
Tip
Nb Tip removed: 324 (0s)
Superbubble
Nb superbubble removed: 128 0 (0s)
Tip
Nb Tip removed: 0 (0s)
Nb errors removed: 487 (0s)
Superbubble
Nb superbubble removed: 4 0 (0s)
Tip
Nb Tip removed: 0 (0s)
Nb errors removed: 28 (0s)
Superbubble
Nb superbubble removed: 0 0 (0s)
Tip
Nb Tip removed: 0 (0s)
Nb errors removed: 6 (0s)
Superbubble
Nb superbubble removed: 0 0 (0s)
Tip
Nb Tip removed: 0 (0s)
Nb errors removed: 1 (0s)
Superbubble
Nb superbubble removed: 2 0 (0s)
Tip
Nb Tip removed: 0 (0s)
Nb errors removed: 1 (0s)
Superbubble
Nb superbubble removed: 0 0 (0s)
Tip
Nb Tip removed: 0 (0s)
Nb errors removed: 1 (0s)
Superbubble
Nb superbubble removed: 0 0 (0s)
Tip
Nb Tip removed: 0 (0s)
Nb errors removed: 1 (0s)
Superbubble
Nb superbubble removed: 0 0 (0s)
Tip
Nb Tip removed: 0 (0s)
Nb errors removed: 1 (0s)
Superbubble
Nb superbubble removed: 0 0 (0s)
Tip
Nb Tip removed: 0 (0s)
Nb errors removed: 3 (0s)
Superbubble
Nb superbubble removed: 0 0 (0s)
Tip
Nb Tip removed: 0 (0s)
Nb errors removed: 1 (0s)
Superbubble
Nb superbubble removed: 0 0 (0s)
Tip
Nb Tip removed: 0 (0s)
Nb errors removed: 1 (0s)
Superbubble
Nb superbubble removed: 0 0 (0s)
Tip
Nb Tip removed: 0 (0s)
Nb errors removed: 2 (0s)
Superbubble
Nb superbubble removed: 0 0 (0s)
Tip
Nb Tip removed: 0 (0s)
Nb errors removed: 1 (0s)
Superbubble
Nb superbubble removed: 0 0 (0s)
Tip
Nb Tip removed: 0 (0s)
Checksum: 0
Checksum abundnace: 0
Generating contigs
80.1796
41.1448
34.004
30.9127
28.1025
23.2252
13.11
7.40025
6.11591
5.05447
4.17725
3.13843
2.14359
0


metaMDBG toMinspace  /var/folders/zg/vq0dnx517c54hg87dyqjky740000gn/T/.tmprWAL2M/tmp/ /var/folders/zg/vq0dnx517c54hg87dyqjky740000gn/T/.tmprWAL2M/tmp//contigs.nodepath /var/folders/zg/vq0dnx517c54hg87dyqjky740000gn/T/.tmprWAL2M/tmp//unitig_data.txt --threads 10

Input dir: /var/folders/zg/vq0dnx517c54hg87dyqjky740000gn/T/.tmprWAL2M/tmp/
Minimizer length: 15
Kminmer length: 10
Density: 0.005

Loading unitig sequences

Creating mContigs

Contig filename: /var/folders/zg/vq0dnx517c54hg87dyqjky740000gn/T/.tmprWAL2M/tmp//unitig_data.txt
pass done: 10
Multi-k pass: 11/205


metaMDBG graph /var/folders/zg/vq0dnx517c54hg87dyqjky740000gn/T/.tmprWAL2M/tmp/ --threads 10 --corrected-read 

Contig filename: 
Output dir: /var/folders/zg/vq0dnx517c54hg87dyqjky740000gn/T/.tmprWAL2M/tmp/
Minimizer length: 15
Kminmer length: 11
Density: 0.005
Min abundance: 0

Loading refined abundances
	Duration: 0
Collecting kminmers
Building mdbg
Duration: 0
Nb solid kminmers: 27218
Nb small contigs written: 0
Dump kminmer abundances
	Duration: 0
Indexing edges
Edge index size: 26999
Edge index elements: 48094
	Duration: 0
Compute unitig nodes
	Duration: 0
Index unitig edges
	Duration: 0
Compute unitig edges
	Duration: 0
Dump unitig abundances
	Duration: 0
Nb edges:   0


metaMDBG contig  /var/folders/zg/vq0dnx517c54hg87dyqjky740000gn/T/.tmprWAL2M/tmp/ --threads 10 --gen-graph 

Input dir: /var/folders/zg/vq0dnx517c54hg87dyqjky740000gn/T/.tmprWAL2M/tmp/
Minimizer length: 15
Kminmer length: 11
Density: 0.005

Loading unitig graph
Load unitigs
Nb unitigs: 1962
Nb minimizers: 46838
Add unitig abundances
Sorting abundances
Add unitig edges
Nb unitig edges: 4424
Sorting unitig edges
Done loading unitig graph
Simplifying
Max abundance: 106
Nb unitigs: 1962
Superbubble
Nb superbubble removed: 362 0 (0s)
Tip
Nb Tip removed: 325 (0s)
Superbubble
Nb superbubble removed: 130 0 (0s)
Tip
Nb Tip removed: 0 (0s)
Saving unitig graph: /var/folders/zg/vq0dnx517c54hg87dyqjky740000gn/T/.tmprWAL2M/tmp//assembly_graph.gfa
Nb errors removed: 480 (0s)
Superbubble
Nb superbubble removed: 4 0 (0s)
Tip
Nb Tip removed: 0 (0s)
Nb errors removed: 32 (0s)
Superbubble
Nb superbubble removed: 0 0 (0s)
Tip
Nb Tip removed: 0 (0s)
Nb errors removed: 9 (0s)
Superbubble
Nb superbubble removed: 0 0 (0s)
Tip
Nb Tip removed: 0 (0s)
Nb errors removed: 1 (0s)
Superbubble
Nb superbubble removed: 2 0 (0s)
Tip
Nb Tip removed: 0 (0s)
Nb errors removed: 1 (0s)
Superbubble
Nb superbubble removed: 0 0 (0s)
Tip
Nb Tip removed: 0 (0s)
Nb errors removed: 1 (0s)
Superbubble
Nb superbubble removed: 0 0 (0s)
Tip
Nb Tip removed: 0 (0s)
Nb errors removed: 1 (0s)
Superbubble
Nb superbubble removed: 0 0 (0s)
Tip
Nb Tip removed: 0 (0s)
Nb errors removed: 1 (0s)
Superbubble
Nb superbubble removed: 0 0 (0s)
Tip
Nb Tip removed: 0 (0s)
Nb errors removed: 3 (0s)
Superbubble
Nb superbubble removed: 0 0 (0s)
Tip
Nb Tip removed: 0 (0s)
Nb errors removed: 1 (0s)
Superbubble
Nb superbubble removed: 0 0 (0s)
Tip
Nb Tip removed: 0 (0s)
Nb errors removed: 1 (0s)
Superbubble
Nb superbubble removed: 0 0 (0s)
Tip
Nb Tip removed: 0 (0s)
Nb errors removed: 2 (0s)
Superbubble
Nb superbubble removed: 0 0 (0s)
Tip
Nb Tip removed: 0 (0s)
Nb errors removed: 1 (0s)
Superbubble
Nb superbubble removed: 0 0 (0s)
Tip
Nb Tip removed: 0 (0s)
Checksum: 0
Checksum abundnace: 0
Generating contigs
80.1796
41.1448
34.004
30.9127
28.1025
23.2252
13.11
7.40025
6.11591
5.05447
4.17725
3.13843
2.14359
0


metaMDBG toMinspace  /var/folders/zg/vq0dnx517c54hg87dyqjky740000gn/T/.tmprWAL2M/tmp/ /var/folders/zg/vq0dnx517c54hg87dyqjky740000gn/T/.tmprWAL2M/tmp//contigs.nodepath /var/folders/zg/vq0dnx517c54hg87dyqjky740000gn/T/.tmprWAL2M/tmp//unitig_data.txt --threads 10

Input dir: /var/folders/zg/vq0dnx517c54hg87dyqjky740000gn/T/.tmprWAL2M/tmp/
Minimizer length: 15
Kminmer length: 11
Density: 0.005

Loading unitig sequences

Creating mContigs

Contig filename: /var/folders/zg/vq0dnx517c54hg87dyqjky740000gn/T/.tmprWAL2M/tmp//unitig_data.txt


metaMDBG toMinspace  /var/folders/zg/vq0dnx517c54hg87dyqjky740000gn/T/.tmprWAL2M/tmp/ /var/folders/zg/vq0dnx517c54hg87dyqjky740000gn/T/.tmprWAL2M/tmp//assembly_graph.gfa.unitigs.nodepath /var/folders/zg/vq0dnx517c54hg87dyqjky740000gn/T/.tmprWAL2M/tmp//assembly_graph.gfa.unitigs --threads 10

Input dir: /var/folders/zg/vq0dnx517c54hg87dyqjky740000gn/T/.tmprWAL2M/tmp/
Minimizer length: 15
Kminmer length: 11
Density: 0.005

Loading unitig sequences

Creating mContigs

Contig filename: /var/folders/zg/vq0dnx517c54hg87dyqjky740000gn/T/.tmprWAL2M/tmp//assembly_graph.gfa.unitigs
pass done: 11
Multi-k pass: 12/205


metaMDBG graph /var/folders/zg/vq0dnx517c54hg87dyqjky740000gn/T/.tmprWAL2M/tmp/ --threads 10 --corrected-read 

Contig filename: 
Output dir: /var/folders/zg/vq0dnx517c54hg87dyqjky740000gn/T/.tmprWAL2M/tmp/
Minimizer length: 15
Kminmer length: 12
Density: 0.005
Min abundance: 0

Loading refined abundances
	Duration: 0
Collecting kminmers
Building mdbg
Duration: 0
Nb solid kminmers: 27410
Nb small contigs written: 0
Dump kminmer abundances
	Duration: 0
Indexing edges
Edge index size: 27200
Edge index elements: 48584
	Duration: 0
Compute unitig nodes
	Duration: 0
Index unitig edges
	Duration: 0
Compute unitig edges
	Duration: 0
Dump unitig abundances
	Duration: 0
Nb edges:   0


metaMDBG contig  /var/folders/zg/vq0dnx517c54hg87dyqjky740000gn/T/.tmprWAL2M/tmp/ --threads 10

Input dir: /var/folders/zg/vq0dnx517c54hg87dyqjky740000gn/T/.tmprWAL2M/tmp/
Minimizer length: 15
Kminmer length: 12
Density: 0.005

Loading unitig graph
Load unitigs
Nb unitigs: 1921
Nb minimizers: 48541
Add unitig abundances
Sorting abundances
Add unitig edges
Nb unitig edges: 4314
Sorting unitig edges
Done loading unitig graph
Simplifying
Max abundance: 106
Nb unitigs: 1921
Superbubble
Nb superbubble removed: 332 0 (0s)
Tip
Nb Tip removed: 312 (0s)
Superbubble
Nb superbubble removed: 134 0 (0s)
Tip
Nb Tip removed: 0 (0s)
Nb errors removed: 466 (0s)
Superbubble
Nb superbubble removed: 4 0 (0s)
Tip
Nb Tip removed: 0 (0s)
Nb errors removed: 33 (0s)
Superbubble
Nb superbubble removed: 0 0 (0s)
Tip
Nb Tip removed: 0 (0s)
Nb errors removed: 9 (0s)
Superbubble
Nb superbubble removed: 0 0 (0s)
Tip
Nb Tip removed: 0 (0s)
Nb errors removed: 1 (0s)
Superbubble
Nb superbubble removed: 0 0 (0s)
Tip
Nb Tip removed: 0 (0s)
Nb errors removed: 1 (0s)
Superbubble
Nb superbubble removed: 0 0 (0s)
Tip
Nb Tip removed: 0 (0s)
Nb errors removed: 1 (0s)
Superbubble
Nb superbubble removed: 0 0 (0s)
Tip
Nb Tip removed: 0 (0s)
Nb errors removed: 1 (0s)
Superbubble
Nb superbubble removed: 0 0 (0s)
Tip
Nb Tip removed: 0 (0s)
Nb errors removed: 1 (0s)
Superbubble
Nb superbubble removed: 0 0 (0s)
Tip
Nb Tip removed: 0 (0s)
Nb errors removed: 3 (0s)
Superbubble
Nb superbubble removed: 0 0 (0s)
Tip
Nb Tip removed: 0 (0s)
Nb errors removed: 1 (0s)
Superbubble
Nb superbubble removed: 0 0 (0s)
Tip
Nb Tip removed: 2 (0s)
Superbubble
Nb superbubble removed: 0 0 (0s)
Tip
Nb Tip removed: 0 (0s)
Nb errors removed: 1 (0s)
Superbubble
Nb superbubble removed: 0 0 (0s)
Tip
Nb Tip removed: 0 (0s)
Nb errors removed: 2 (0s)
Superbubble
Nb superbubble removed: 0 0 (0s)
Tip
Nb Tip removed: 0 (0s)
Nb errors removed: 1 (0s)
Superbubble
Nb superbubble removed: 0 0 (0s)
Tip
Nb Tip removed: 0 (0s)
Nb errors removed: 1 (0s)
Superbubble
Nb superbubble removed: 0 0 (0s)
Tip
Nb Tip removed: 0 (0s)
Nb errors removed: 1 (0s)
Superbubble
Nb superbubble removed: 0 0 (0s)
Tip
Nb Tip removed: 0 (0s)
Checksum: 0
Checksum abundnace: 0
Generating contigs
106.719
80.1796
49.7852
41.1448
34.004
30.9127
28.1025
23.2252
13.11
7.40025
6.11591
5.05447
4.17725
3.13843
2.14359
0


metaMDBG toMinspace  /var/folders/zg/vq0dnx517c54hg87dyqjky740000gn/T/.tmprWAL2M/tmp/ /var/folders/zg/vq0dnx517c54hg87dyqjky740000gn/T/.tmprWAL2M/tmp//contigs.nodepath /var/folders/zg/vq0dnx517c54hg87dyqjky740000gn/T/.tmprWAL2M/tmp//unitig_data.txt --threads 10

Input dir: /var/folders/zg/vq0dnx517c54hg87dyqjky740000gn/T/.tmprWAL2M/tmp/
Minimizer length: 15
Kminmer length: 12
Density: 0.005

Loading unitig sequences

Creating mContigs

Contig filename: /var/folders/zg/vq0dnx517c54hg87dyqjky740000gn/T/.tmprWAL2M/tmp//unitig_data.txt
pass done: 12
Multi-k pass: 13/205


metaMDBG graph /var/folders/zg/vq0dnx517c54hg87dyqjky740000gn/T/.tmprWAL2M/tmp/ --threads 10 --corrected-read 

Contig filename: 
Output dir: /var/folders/zg/vq0dnx517c54hg87dyqjky740000gn/T/.tmprWAL2M/tmp/
Minimizer length: 15
Kminmer length: 13
Density: 0.005
Min abundance: 0

Loading refined abundances
	Duration: 0
Collecting kminmers
Building mdbg
Duration: 0
Nb solid kminmers: 27586
Nb small contigs written: 0
Dump kminmer abundances
	Duration: 0
Indexing edges
Edge index size: 27386
Edge index elements: 49017
	Duration: 0
Compute unitig nodes
	Duration: 0
Index unitig edges
	Duration: 0
Compute unitig edges
	Duration: 0
Dump unitig abundances
	Duration: 0
Nb edges:   0


metaMDBG contig  /var/folders/zg/vq0dnx517c54hg87dyqjky740000gn/T/.tmprWAL2M/tmp/ --threads 10

Input dir: /var/folders/zg/vq0dnx517c54hg87dyqjky740000gn/T/.tmprWAL2M/tmp/
Minimizer length: 15
Kminmer length: 13
Density: 0.005

Loading unitig graph
Load unitigs
Nb unitigs: 1869
Nb minimizers: 50014
Add unitig abundances
Sorting abundances
Add unitig edges
Nb unitig edges: 4186
Sorting unitig edges
Done loading unitig graph
Simplifying
Max abundance: 106
Nb unitigs: 1869
Superbubble
Nb superbubble removed: 310 0 (0s)
Tip
Nb Tip removed: 305 (0s)
Superbubble
Nb superbubble removed: 140 0 (0s)
Tip
Nb Tip removed: 0 (0s)
Nb errors removed: 449 (0s)
Superbubble
Nb superbubble removed: 4 0 (0s)
Tip
Nb Tip removed: 0 (0s)
Nb errors removed: 37 (0s)
Superbubble
Nb superbubble removed: 0 0 (0s)
Tip
Nb Tip removed: 0 (0s)
Nb errors removed: 8 (0s)
Superbubble
Nb superbubble removed: 0 0 (0s)
Tip
Nb Tip removed: 0 (0s)
Nb errors removed: 1 (0s)
Superbubble
Nb superbubble removed: 0 0 (0s)
Tip
Nb Tip removed: 0 (0s)
Nb errors removed: 1 (0s)
Superbubble
Nb superbubble removed: 0 0 (0s)
Tip
Nb Tip removed: 0 (0s)
Nb errors removed: 1 (0s)
Superbubble
Nb superbubble removed: 0 0 (0s)
Tip
Nb Tip removed: 0 (0s)
Nb errors removed: 1 (0s)
Superbubble
Nb superbubble removed: 0 0 (0s)
Tip
Nb Tip removed: 0 (0s)
Nb errors removed: 1 (0s)
Superbubble
Nb superbubble removed: 0 0 (0s)
Tip
Nb Tip removed: 0 (0s)
Nb errors removed: 3 (0s)
Superbubble
Nb superbubble removed: 0 0 (0s)
Tip
Nb Tip removed: 0 (0s)
Nb errors removed: 1 (0s)
Superbubble
Nb superbubble removed: 0 0 (0s)
Tip
Nb Tip removed: 2 (0s)
Superbubble
Nb superbubble removed: 0 0 (0s)
Tip
Nb Tip removed: 0 (0s)
Nb errors removed: 1 (0s)
Superbubble
Nb superbubble removed: 0 0 (0s)
Tip
Nb Tip removed: 0 (0s)
Nb errors removed: 2 (0s)
Superbubble
Nb superbubble removed: 0 0 (0s)
Tip
Nb Tip removed: 0 (0s)
Nb errors removed: 1 (0s)
Superbubble
Nb superbubble removed: 0 0 (0s)
Tip
Nb Tip removed: 0 (0s)
Nb errors removed: 1 (0s)
Superbubble
Nb superbubble removed: 0 0 (0s)
Tip
Nb Tip removed: 0 (0s)
Nb errors removed: 1 (0s)
Superbubble
Nb superbubble removed: 0 0 (0s)
Tip
Nb Tip removed: 0 (0s)
Checksum: 0
Checksum abundnace: 0
Generating contigs
106.719
80.1796
66.2641
41.1448
34.004
30.9127
28.1025
23.2252
13.11
7.40025
6.11591
5.05447
4.17725
3.13843
2.14359
0


metaMDBG toMinspace  /var/folders/zg/vq0dnx517c54hg87dyqjky740000gn/T/.tmprWAL2M/tmp/ /var/folders/zg/vq0dnx517c54hg87dyqjky740000gn/T/.tmprWAL2M/tmp//contigs.nodepath /var/folders/zg/vq0dnx517c54hg87dyqjky740000gn/T/.tmprWAL2M/tmp//unitig_data.txt --threads 10

Input dir: /var/folders/zg/vq0dnx517c54hg87dyqjky740000gn/T/.tmprWAL2M/tmp/
Minimizer length: 15
Kminmer length: 13
Density: 0.005

Loading unitig sequences

Creating mContigs

Contig filename: /var/folders/zg/vq0dnx517c54hg87dyqjky740000gn/T/.tmprWAL2M/tmp//unitig_data.txt
pass done: 13
Multi-k pass: 14/205


metaMDBG graph /var/folders/zg/vq0dnx517c54hg87dyqjky740000gn/T/.tmprWAL2M/tmp/ --threads 10 --corrected-read 

Contig filename: 
Output dir: /var/folders/zg/vq0dnx517c54hg87dyqjky740000gn/T/.tmprWAL2M/tmp/
Minimizer length: 15
Kminmer length: 14
Density: 0.005
Min abundance: 0

Loading refined abundances
	Duration: 0
Collecting kminmers
Building mdbg
Duration: 0
Nb solid kminmers: 27769
Nb small contigs written: 0
Dump kminmer abundances
	Duration: 0
Indexing edges
Edge index size: 27562
Edge index elements: 49172
	Duration: 0
Compute unitig nodes
	Duration: 0
Index unitig edges
	Duration: 0
Compute unitig edges
	Duration: 0
Dump unitig abundances
	Duration: 0
Nb edges:   0


metaMDBG contig  /var/folders/zg/vq0dnx517c54hg87dyqjky740000gn/T/.tmprWAL2M/tmp/ --threads 10

Input dir: /var/folders/zg/vq0dnx517c54hg87dyqjky740000gn/T/.tmprWAL2M/tmp/
Minimizer length: 15
Kminmer length: 14
Density: 0.005

Loading unitig graph
Load unitigs
Nb unitigs: 1836
Nb minimizers: 51637
Add unitig abundances
Sorting abundances
Add unitig edges
Nb unitig edges: 4126
Sorting unitig edges
Done loading unitig graph
Simplifying
Max abundance: 106
Nb unitigs: 1836
Superbubble
Nb superbubble removed: 302 0 (0s)
Tip
Nb Tip removed: 291 (0s)
Superbubble
Nb superbubble removed: 138 0 (0s)
Tip
Nb Tip removed: 0 (0s)
Nb errors removed: 428 (0s)
Superbubble
Nb superbubble removed: 4 0 (0s)
Tip
Nb Tip removed: 0 (0s)
Nb errors removed: 33 (0s)
Superbubble
Nb superbubble removed: 0 0 (0s)
Tip
Nb Tip removed: 0 (0s)
Nb errors removed: 8 (0s)
Superbubble
Nb superbubble removed: 0 0 (0s)
Tip
Nb Tip removed: 0 (0s)
Nb errors removed: 1 (0s)
Superbubble
Nb superbubble removed: 0 0 (0s)
Tip
Nb Tip removed: 0 (0s)
Nb errors removed: 1 (0s)
Superbubble
Nb superbubble removed: 0 0 (0s)
Tip
Nb Tip removed: 0 (0s)
Nb errors removed: 1 (0s)
Superbubble
Nb superbubble removed: 0 0 (0s)
Tip
Nb Tip removed: 0 (0s)
Nb errors removed: 1 (0s)
Superbubble
Nb superbubble removed: 0 0 (0s)
Tip
Nb Tip removed: 0 (0s)
Nb errors removed: 1 (0s)
Superbubble
Nb superbubble removed: 0 0 (0s)
Tip
Nb Tip removed: 0 (0s)
Nb errors removed: 3 (0s)
Superbubble
Nb superbubble removed: 0 0 (0s)
Tip
Nb Tip removed: 0 (0s)
Nb errors removed: 1 (0s)
Superbubble
Nb superbubble removed: 0 0 (0s)
Tip
Nb Tip removed: 2 (0s)
Superbubble
Nb superbubble removed: 0 0 (0s)
Tip
Nb Tip removed: 0 (0s)
Nb errors removed: 1 (0s)
Superbubble
Nb superbubble removed: 0 0 (0s)
Tip
Nb Tip removed: 0 (0s)
Nb errors removed: 2 (0s)
Superbubble
Nb superbubble removed: 0 0 (0s)
Tip
Nb Tip removed: 0 (0s)
Nb errors removed: 1 (0s)
Superbubble
Nb superbubble removed: 0 0 (0s)
Tip
Nb Tip removed: 0 (0s)
Nb errors removed: 1 (0s)
Superbubble
Nb superbubble removed: 0 0 (0s)
Tip
Nb Tip removed: 0 (0s)
Nb errors removed: 1 (0s)
Superbubble
Nb superbubble removed: 0 0 (0s)
Tip
Nb Tip removed: 0 (0s)
Checksum: 0
Checksum abundnace: 0
Generating contigs
106.719
80.1796
66.2641
41.1448
34.004
30.9127
28.1025
23.2252
13.11
7.40025
6.11591
5.05447
4.17725
3.13843
2.14359
0


metaMDBG toMinspace  /var/folders/zg/vq0dnx517c54hg87dyqjky740000gn/T/.tmprWAL2M/tmp/ /var/folders/zg/vq0dnx517c54hg87dyqjky740000gn/T/.tmprWAL2M/tmp//contigs.nodepath /var/folders/zg/vq0dnx517c54hg87dyqjky740000gn/T/.tmprWAL2M/tmp//unitig_data.txt --threads 10

Input dir: /var/folders/zg/vq0dnx517c54hg87dyqjky740000gn/T/.tmprWAL2M/tmp/
Minimizer length: 15
Kminmer length: 14
Density: 0.005

Loading unitig sequences

Creating mContigs

Contig filename: /var/folders/zg/vq0dnx517c54hg87dyqjky740000gn/T/.tmprWAL2M/tmp//unitig_data.txt
pass done: 14
Multi-k pass: 15/205


metaMDBG graph /var/folders/zg/vq0dnx517c54hg87dyqjky740000gn/T/.tmprWAL2M/tmp/ --threads 10 --corrected-read 

Contig filename: 
Output dir: /var/folders/zg/vq0dnx517c54hg87dyqjky740000gn/T/.tmprWAL2M/tmp/
Minimizer length: 15
Kminmer length: 15
Density: 0.005
Min abundance: 0

Loading refined abundances
	Duration: 0
Collecting kminmers
Building mdbg
Duration: 0
Nb solid kminmers: 27955
Nb small contigs written: 0
Dump kminmer abundances
	Duration: 0
Indexing edges
Edge index size: 27756
Edge index elements: 49477
	Duration: 0
Compute unitig nodes
	Duration: 0
Index unitig edges
	Duration: 0
Compute unitig edges
	Duration: 0
Dump unitig abundances
	Duration: 0
Nb edges:   0


metaMDBG contig  /var/folders/zg/vq0dnx517c54hg87dyqjky740000gn/T/.tmprWAL2M/tmp/ --threads 10

Input dir: /var/folders/zg/vq0dnx517c54hg87dyqjky740000gn/T/.tmprWAL2M/tmp/
Minimizer length: 15
Kminmer length: 15
Density: 0.005

Loading unitig graph
Load unitigs
Nb unitigs: 1807
Nb minimizers: 53253
Add unitig abundances
Sorting abundances
Add unitig edges
Nb unitig edges: 4058
Sorting unitig edges
Done loading unitig graph
Simplifying
Max abundance: 106
Nb unitigs: 1807
Superbubble
Nb superbubble removed: 282 0 (0s)
Tip
Nb Tip removed: 289 (0s)
Superbubble
Nb superbubble removed: 142 0 (0s)
Tip
Nb Tip removed: 0 (0s)
Nb errors removed: 421 (0s)
Superbubble
Nb superbubble removed: 4 0 (0s)
Tip
Nb Tip removed: 0 (0s)
Nb errors removed: 2 (0s)
Superbubble
Nb superbubble removed: 0 0 (0s)
Tip
Nb Tip removed: 0 (0s)
Nb errors removed: 33 (0s)
Superbubble
Nb superbubble removed: 0 0 (0s)
Tip
Nb Tip removed: 0 (0s)
Nb errors removed: 10 (0s)
Superbubble
Nb superbubble removed: 0 0 (0s)
Tip
Nb Tip removed: 0 (0s)
Nb errors removed: 2 (0s)
Superbubble
Nb superbubble removed: 0 0 (0s)
Tip
Nb Tip removed: 0 (0s)
Nb errors removed: 1 (0s)
Superbubble
Nb superbubble removed: 0 0 (0s)
Tip
Nb Tip removed: 0 (0s)
Nb errors removed: 1 (0s)
Superbubble
Nb superbubble removed: 0 0 (0s)
Tip
Nb Tip removed: 0 (0s)
Nb errors removed: 1 (0s)
Superbubble
Nb superbubble removed: 0 0 (0s)
Tip
Nb Tip removed: 0 (0s)
Nb errors removed: 1 (0s)
Superbubble
Nb superbubble removed: 0 0 (0s)
Tip
Nb Tip removed: 0 (0s)
Nb errors removed: 3 (0s)
Superbubble
Nb superbubble removed: 0 0 (0s)
Tip
Nb Tip removed: 0 (0s)
Nb errors removed: 1 (0s)
Superbubble
Nb superbubble removed: 0 0 (0s)
Tip
Nb Tip removed: 2 (0s)
Superbubble
Nb superbubble removed: 0 0 (0s)
Tip
Nb Tip removed: 0 (0s)
Nb errors removed: 1 (0s)
Superbubble
Nb superbubble removed: 0 0 (0s)
Tip
Nb Tip removed: 0 (0s)
Nb errors removed: 2 (0s)
Superbubble
Nb superbubble removed: 0 0 (0s)
Tip
Nb Tip removed: 0 (0s)
Nb errors removed: 1 (0s)
Superbubble
Nb superbubble removed: 0 0 (0s)
Tip
Nb Tip removed: 0 (0s)
Nb errors removed: 1 (0s)
Superbubble
Nb superbubble removed: 0 0 (0s)
Tip
Nb Tip removed: 0 (0s)
Checksum: 0
Checksum abundnace: 0
Generating contigs
106.719
66.2641
41.1448
34.004
30.9127
28.1025
23.2252
13.11
7.40025
6.11591
5.05447
4.17725
3.13843
2.59374
2.14359
0


metaMDBG toMinspace  /var/folders/zg/vq0dnx517c54hg87dyqjky740000gn/T/.tmprWAL2M/tmp/ /var/folders/zg/vq0dnx517c54hg87dyqjky740000gn/T/.tmprWAL2M/tmp//contigs.nodepath /var/folders/zg/vq0dnx517c54hg87dyqjky740000gn/T/.tmprWAL2M/tmp//unitig_data.txt --threads 10

Input dir: /var/folders/zg/vq0dnx517c54hg87dyqjky740000gn/T/.tmprWAL2M/tmp/
Minimizer length: 15
Kminmer length: 15
Density: 0.005

Loading unitig sequences

Creating mContigs

Contig filename: /var/folders/zg/vq0dnx517c54hg87dyqjky740000gn/T/.tmprWAL2M/tmp//unitig_data.txt
pass done: 15
Multi-k pass: 16/205


metaMDBG graph /var/folders/zg/vq0dnx517c54hg87dyqjky740000gn/T/.tmprWAL2M/tmp/ --threads 10 --corrected-read 

Contig filename: 
Output dir: /var/folders/zg/vq0dnx517c54hg87dyqjky740000gn/T/.tmprWAL2M/tmp/
Minimizer length: 15
Kminmer length: 16
Density: 0.005
Min abundance: 0

Loading refined abundances
	Duration: 0
Collecting kminmers
Building mdbg
Duration: 0
Nb solid kminmers: 28141
Nb small contigs written: 0
Dump kminmer abundances
	Duration: 0
Indexing edges
Edge index size: 27938
Edge index elements: 49719
	Duration: 0
Compute unitig nodes
	Duration: 0
Index unitig edges
	Duration: 0
Compute unitig edges
	Duration: 0
Dump unitig abundances
	Duration: 0
Nb edges:   0


metaMDBG contig  /var/folders/zg/vq0dnx517c54hg87dyqjky740000gn/T/.tmprWAL2M/tmp/ --threads 10

Input dir: /var/folders/zg/vq0dnx517c54hg87dyqjky740000gn/T/.tmprWAL2M/tmp/
Minimizer length: 15
Kminmer length: 16
Density: 0.005

Loading unitig graph
Load unitigs
Nb unitigs: 1798
Nb minimizers: 55111
Add unitig abundances
Sorting abundances
Add unitig edges
Nb unitig edges: 4032
Sorting unitig edges
Done loading unitig graph
Simplifying
Max abundance: 106
Nb unitigs: 1798
Superbubble
Nb superbubble removed: 272 0 (0s)
Tip
Nb Tip removed: 286 (0s)
Superbubble
Nb superbubble removed: 136 0 (0s)
Tip
Nb Tip removed: 0 (0s)
Nb errors removed: 409 (0s)
Superbubble
Nb superbubble removed: 4 0 (0s)
Tip
Nb Tip removed: 0 (0s)
Nb errors removed: 35 (0s)
Superbubble
Nb superbubble removed: 0 0 (0s)
Tip
Nb Tip removed: 0 (0s)
Nb errors removed: 11 (0s)
Superbubble
Nb superbubble removed: 0 0 (0s)
Tip
Nb Tip removed: 0 (0s)
Nb errors removed: 2 (0s)
Superbubble
Nb superbubble removed: 0 0 (0s)
Tip
Nb Tip removed: 0 (0s)
Nb errors removed: 1 (0s)
Superbubble
Nb superbubble removed: 0 0 (0s)
Tip
Nb Tip removed: 0 (0s)
Nb errors removed: 3 (0s)
Superbubble
Nb superbubble removed: 0 0 (0s)
Tip
Nb Tip removed: 0 (0s)
Nb errors removed: 1 (0s)
Superbubble
Nb superbubble removed: 0 0 (0s)
Tip
Nb Tip removed: 0 (0s)
Nb errors removed: 1 (0s)
Superbubble
Nb superbubble removed: 0 0 (0s)
Tip
Nb Tip removed: 0 (0s)
Nb errors removed: 3 (0s)
Superbubble
Nb superbubble removed: 0 0 (0s)
Tip
Nb Tip removed: 0 (0s)
Nb errors removed: 1 (0s)
Superbubble
Nb superbubble removed: 0 0 (0s)
Tip
Nb Tip removed: 2 (0s)
Superbubble
Nb superbubble removed: 0 0 (0s)
Tip
Nb Tip removed: 0 (0s)
Nb errors removed: 1 (0s)
Superbubble
Nb superbubble removed: 0 0 (0s)
Tip
Nb Tip removed: 0 (0s)
Nb errors removed: 6 (0s)
Superbubble
Nb superbubble removed: 0 0 (0s)
Tip
Nb Tip removed: 0 (0s)
Nb errors removed: 1 (0s)
Superbubble
Nb superbubble removed: 0 0 (0s)
Tip
Nb Tip removed: 0 (0s)
Nb errors removed: 1 (0s)
Superbubble
Nb superbubble removed: 0 0 (0s)
Tip
Nb Tip removed: 0 (0s)
Checksum: 0
Checksum abundnace: 0
Generating contigs
106.719
66.2641
41.1448
34.004
30.9127
28.1025
23.2252
13.11
7.40025
6.11591
5.05447
4.17725
3.13843
2.14359
0


metaMDBG toMinspace  /var/folders/zg/vq0dnx517c54hg87dyqjky740000gn/T/.tmprWAL2M/tmp/ /var/folders/zg/vq0dnx517c54hg87dyqjky740000gn/T/.tmprWAL2M/tmp//contigs.nodepath /var/folders/zg/vq0dnx517c54hg87dyqjky740000gn/T/.tmprWAL2M/tmp//unitig_data.txt --threads 10

Input dir: /var/folders/zg/vq0dnx517c54hg87dyqjky740000gn/T/.tmprWAL2M/tmp/
Minimizer length: 15
Kminmer length: 16
Density: 0.005

Loading unitig sequences

Creating mContigs

Contig filename: /var/folders/zg/vq0dnx517c54hg87dyqjky740000gn/T/.tmprWAL2M/tmp//unitig_data.txt
pass done: 16
Multi-k pass: 17/205


metaMDBG graph /var/folders/zg/vq0dnx517c54hg87dyqjky740000gn/T/.tmprWAL2M/tmp/ --threads 10 --corrected-read 

Contig filename: 
Output dir: /var/folders/zg/vq0dnx517c54hg87dyqjky740000gn/T/.tmprWAL2M/tmp/
Minimizer length: 15
Kminmer length: 17
Density: 0.005
Min abundance: 0

Loading refined abundances
	Duration: 0
Collecting kminmers
Building mdbg
Duration: 0
Nb solid kminmers: 28327
Nb small contigs written: 0
Dump kminmer abundances
	Duration: 0
Indexing edges
Edge index size: 28126
Edge index elements: 50084
	Duration: 0
Compute unitig nodes
	Duration: 0
Index unitig edges
	Duration: 0
Compute unitig edges
	Duration: 0
Dump unitig abundances
	Duration: 0
Nb edges:   0


metaMDBG contig  /var/folders/zg/vq0dnx517c54hg87dyqjky740000gn/T/.tmprWAL2M/tmp/ --threads 10

Input dir: /var/folders/zg/vq0dnx517c54hg87dyqjky740000gn/T/.tmprWAL2M/tmp/
Minimizer length: 15
Kminmer length: 17
Density: 0.005

Loading unitig graph
Load unitigs
Nb unitigs: 1766
Nb minimizers: 56583
Add unitig abundances
Sorting abundances
Add unitig edges
Nb unitig edges: 3956
Sorting unitig edges
Done loading unitig graph
Simplifying
Max abundance: 106
Nb unitigs: 1766
Superbubble
Nb superbubble removed: 266 0 (0s)
Tip
Nb Tip removed: 277 (0s)
Superbubble
Nb superbubble removed: 132 0 (0s)
Tip
Nb Tip removed: 0 (0s)
Nb errors removed: 396 (0s)
Superbubble
Nb superbubble removed: 4 0 (0s)
Tip
Nb Tip removed: 0 (0s)
Nb errors removed: 34 (0s)
Superbubble
Nb superbubble removed: 0 0 (0s)
Tip
Nb Tip removed: 0 (0s)
Nb errors removed: 13 (0s)
Superbubble
Nb superbubble removed: 0 0 (0s)
Tip
Nb Tip removed: 0 (0s)
Nb errors removed: 1 (0s)
Superbubble
Nb superbubble removed: 0 0 (0s)
Tip
Nb Tip removed: 0 (0s)
Nb errors removed: 1 (0s)
Superbubble
Nb superbubble removed: 0 0 (0s)
Tip
Nb Tip removed: 0 (0s)
Nb errors removed: 3 (0s)
Superbubble
Nb superbubble removed: 0 0 (0s)
Tip
Nb Tip removed: 0 (0s)
Nb errors removed: 1 (0s)
Superbubble
Nb superbubble removed: 0 0 (0s)
Tip
Nb Tip removed: 0 (0s)
Nb errors removed: 1 (0s)
Superbubble
Nb superbubble removed: 0 0 (0s)
Tip
Nb Tip removed: 0 (0s)
Nb errors removed: 3 (0s)
Superbubble
Nb superbubble removed: 0 0 (0s)
Tip
Nb Tip removed: 0 (0s)
Nb errors removed: 1 (0s)
Superbubble
Nb superbubble removed: 0 0 (0s)
Tip
Nb Tip removed: 1 (0s)
Superbubble
Nb superbubble removed: 0 0 (0s)
Tip
Nb Tip removed: 0 (0s)
Nb errors removed: 1 (0s)
Superbubble
Nb superbubble removed: 0 0 (0s)
Tip
Nb Tip removed: 0 (0s)
Nb errors removed: 6 (0s)
Superbubble
Nb superbubble removed: 0 0 (0s)
Tip
Nb Tip removed: 0 (0s)
Nb errors removed: 1 (0s)
Superbubble
Nb superbubble removed: 0 0 (0s)
Tip
Nb Tip removed: 0 (0s)
Checksum: 0
Checksum abundnace: 0
Generating contigs
106.719
41.1448
34.004
30.9127
28.1025
23.2252
13.11
7.40025
6.11591
5.05447
4.17725
3.13843
2.14359
0


metaMDBG toMinspace  /var/folders/zg/vq0dnx517c54hg87dyqjky740000gn/T/.tmprWAL2M/tmp/ /var/folders/zg/vq0dnx517c54hg87dyqjky740000gn/T/.tmprWAL2M/tmp//contigs.nodepath /var/folders/zg/vq0dnx517c54hg87dyqjky740000gn/T/.tmprWAL2M/tmp//unitig_data.txt --threads 10

Input dir: /var/folders/zg/vq0dnx517c54hg87dyqjky740000gn/T/.tmprWAL2M/tmp/
Minimizer length: 15
Kminmer length: 17
Density: 0.005

Loading unitig sequences

Creating mContigs

Contig filename: /var/folders/zg/vq0dnx517c54hg87dyqjky740000gn/T/.tmprWAL2M/tmp//unitig_data.txt
pass done: 17
Multi-k pass: 18/205


metaMDBG graph /var/folders/zg/vq0dnx517c54hg87dyqjky740000gn/T/.tmprWAL2M/tmp/ --threads 10 --corrected-read 

Contig filename: 
Output dir: /var/folders/zg/vq0dnx517c54hg87dyqjky740000gn/T/.tmprWAL2M/tmp/
Minimizer length: 15
Kminmer length: 18
Density: 0.005
Min abundance: 0

Loading refined abundances
	Duration: 0
Collecting kminmers
Building mdbg
Duration: 0
Nb solid kminmers: 28509
Nb small contigs written: 0
Dump kminmer abundances
	Duration: 0
Indexing edges
Edge index size: 28311
Edge index elements: 50080
	Duration: 0
Compute unitig nodes
	Duration: 0
Index unitig edges
	Duration: 0
Compute unitig edges
	Duration: 0
Dump unitig abundances
	Duration: 0
Nb edges:   0


metaMDBG contig  /var/folders/zg/vq0dnx517c54hg87dyqjky740000gn/T/.tmprWAL2M/tmp/ --threads 10

Input dir: /var/folders/zg/vq0dnx517c54hg87dyqjky740000gn/T/.tmprWAL2M/tmp/
Minimizer length: 15
Kminmer length: 18
Density: 0.005

Loading unitig graph
Load unitigs
Nb unitigs: 1719
Nb minimizers: 57732
Add unitig abundances
Sorting abundances
Add unitig edges
Nb unitig edges: 3876
Sorting unitig edges
Done loading unitig graph
Simplifying
Max abundance: 106
Nb unitigs: 1719
Superbubble
Nb superbubble removed: 250 0 (0s)
Tip
Nb Tip removed: 270 (0s)
Superbubble
Nb superbubble removed: 126 0 (0s)
Tip
Nb Tip removed: 0 (0s)
Nb errors removed: 385 (0s)
Superbubble
Nb superbubble removed: 4 0 (0s)
Tip
Nb Tip removed: 0 (0s)
Nb errors removed: 34 (0s)
Superbubble
Nb superbubble removed: 0 0 (0s)
Tip
Nb Tip removed: 0 (0s)
Nb errors removed: 12 (0s)
Superbubble
Nb superbubble removed: 0 0 (0s)
Tip
Nb Tip removed: 0 (0s)
Nb errors removed: 2 (0s)
Superbubble
Nb superbubble removed: 0 0 (0s)
Tip
Nb Tip removed: 0 (0s)
Nb errors removed: 1 (0s)
Superbubble
Nb superbubble removed: 0 0 (0s)
Tip
Nb Tip removed: 0 (0s)
Nb errors removed: 3 (0s)
Superbubble
Nb superbubble removed: 0 0 (0s)
Tip
Nb Tip removed: 0 (0s)
Nb errors removed: 1 (0s)
Superbubble
Nb superbubble removed: 0 0 (0s)
Tip
Nb Tip removed: 0 (0s)
Nb errors removed: 1 (0s)
Superbubble
Nb superbubble removed: 0 0 (0s)
Tip
Nb Tip removed: 0 (0s)
Nb errors removed: 3 (0s)
Superbubble
Nb superbubble removed: 0 0 (0s)
Tip
Nb Tip removed: 0 (0s)
Nb errors removed: 1 (0s)
Superbubble
Nb superbubble removed: 0 0 (0s)
Tip
Nb Tip removed: 1 (0s)
Superbubble
Nb superbubble removed: 0 0 (0s)
Tip
Nb Tip removed: 0 (0s)
Nb errors removed: 1 (0s)
Superbubble
Nb superbubble removed: 0 0 (0s)
Tip
Nb Tip removed: 0 (0s)
Nb errors removed: 6 (0s)
Superbubble
Nb superbubble removed: 0 0 (0s)
Tip
Nb Tip removed: 0 (0s)
Nb errors removed: 1 (0s)
Superbubble
Nb superbubble removed: 0 0 (0s)
Tip
Nb Tip removed: 0 (0s)
Checksum: 0
Checksum abundnace: 0
Generating contigs
106.719
41.1448
34.004
30.9127
28.1025
23.2252
13.11
7.40025
6.11591
5.05447
4.17725
3.13843
2.14359
0


metaMDBG toMinspace  /var/folders/zg/vq0dnx517c54hg87dyqjky740000gn/T/.tmprWAL2M/tmp/ /var/folders/zg/vq0dnx517c54hg87dyqjky740000gn/T/.tmprWAL2M/tmp//contigs.nodepath /var/folders/zg/vq0dnx517c54hg87dyqjky740000gn/T/.tmprWAL2M/tmp//unitig_data.txt --threads 10

Input dir: /var/folders/zg/vq0dnx517c54hg87dyqjky740000gn/T/.tmprWAL2M/tmp/
Minimizer length: 15
Kminmer length: 18
Density: 0.005

Loading unitig sequences

Creating mContigs

Contig filename: /var/folders/zg/vq0dnx517c54hg87dyqjky740000gn/T/.tmprWAL2M/tmp//unitig_data.txt
pass done: 18
Multi-k pass: 19/205


metaMDBG graph /var/folders/zg/vq0dnx517c54hg87dyqjky740000gn/T/.tmprWAL2M/tmp/ --threads 10 --corrected-read 

Contig filename: 
Output dir: /var/folders/zg/vq0dnx517c54hg87dyqjky740000gn/T/.tmprWAL2M/tmp/
Minimizer length: 15
Kminmer length: 19
Density: 0.005
Min abundance: 0

Loading refined abundances
	Duration: 0
Collecting kminmers
Building mdbg
Duration: 0
Nb solid kminmers: 28677
Nb small contigs written: 0
Dump kminmer abundances
	Duration: 0
Indexing edges
Edge index size: 28488
Edge index elements: 50743
	Duration: 0
Compute unitig nodes
	Duration: 0
Index unitig edges
	Duration: 0
Compute unitig edges
	Duration: 0
Dump unitig abundances
	Duration: 0
Nb edges:   0


metaMDBG contig  /var/folders/zg/vq0dnx517c54hg87dyqjky740000gn/T/.tmprWAL2M/tmp/ --threads 10

Input dir: /var/folders/zg/vq0dnx517c54hg87dyqjky740000gn/T/.tmprWAL2M/tmp/
Minimizer length: 15
Kminmer length: 19
Density: 0.005

Loading unitig graph
Load unitigs
Nb unitigs: 1693
Nb minimizers: 59151
Add unitig abundances
Sorting abundances
Add unitig edges
Nb unitig edges: 3794
Sorting unitig edges
Done loading unitig graph
Simplifying
Max abundance: 106
Nb unitigs: 1693
Superbubble
Nb superbubble removed: 248 0 (0s)
Tip
Nb Tip removed: 272 (0s)
Superbubble
Nb superbubble removed: 118 0 (0s)
Tip
Nb Tip removed: 0 (0s)
Nb errors removed: 381 (0s)
Superbubble
Nb superbubble removed: 4 0 (0s)
Tip
Nb Tip removed: 0 (0s)
Nb errors removed: 34 (0s)
Superbubble
Nb superbubble removed: 0 0 (0s)
Tip
Nb Tip removed: 0 (0s)
Nb errors removed: 13 (0s)
Superbubble
Nb superbubble removed: 0 0 (0s)
Tip
Nb Tip removed: 0 (0s)
Nb errors removed: 2 (0s)
Superbubble
Nb superbubble removed: 0 0 (0s)
Tip
Nb Tip removed: 0 (0s)
Nb errors removed: 2 (0s)
Superbubble
Nb superbubble removed: 0 0 (0s)
Tip
Nb Tip removed: 0 (0s)
Nb errors removed: 3 (0s)
Superbubble
Nb superbubble removed: 0 0 (0s)
Tip
Nb Tip removed: 0 (0s)
Nb errors removed: 1 (0s)
Superbubble
Nb superbubble removed: 0 0 (0s)
Tip
Nb Tip removed: 0 (0s)
Nb errors removed: 1 (0s)
Superbubble
Nb superbubble removed: 0 0 (0s)
Tip
Nb Tip removed: 0 (0s)
Nb errors removed: 1 (0s)
Superbubble
Nb superbubble removed: 0 0 (0s)
Tip
Nb Tip removed: 0 (0s)
Nb errors removed: 3 (0s)
Superbubble
Nb superbubble removed: 0 0 (0s)
Tip
Nb Tip removed: 0 (0s)
Nb errors removed: 1 (0s)
Superbubble
Nb superbubble removed: 0 0 (0s)
Tip
Nb Tip removed: 0 (0s)
Nb errors removed: 1 (0s)
Superbubble
Nb superbubble removed: 0 0 (0s)
Tip
Nb Tip removed: 0 (0s)
Nb errors removed: 6 (0s)
Superbubble
Nb superbubble removed: 0 0 (0s)
Tip
Nb Tip removed: 0 (0s)
Checksum: 0
Checksum abundnace: 0
Generating contigs
41.1448
34.004
30.9127
28.1025
23.2252
13.11
8.14028
7.40025
6.11591
5.05447
4.17725
3.13843
2.14359
0


metaMDBG toMinspace  /var/folders/zg/vq0dnx517c54hg87dyqjky740000gn/T/.tmprWAL2M/tmp/ /var/folders/zg/vq0dnx517c54hg87dyqjky740000gn/T/.tmprWAL2M/tmp//contigs.nodepath /var/folders/zg/vq0dnx517c54hg87dyqjky740000gn/T/.tmprWAL2M/tmp//unitig_data.txt --threads 10

Input dir: /var/folders/zg/vq0dnx517c54hg87dyqjky740000gn/T/.tmprWAL2M/tmp/
Minimizer length: 15
Kminmer length: 19
Density: 0.005

Loading unitig sequences

Creating mContigs

Contig filename: /var/folders/zg/vq0dnx517c54hg87dyqjky740000gn/T/.tmprWAL2M/tmp//unitig_data.txt
pass done: 19
Multi-k pass: 20/205


metaMDBG graph /var/folders/zg/vq0dnx517c54hg87dyqjky740000gn/T/.tmprWAL2M/tmp/ --threads 10 --corrected-read 

Contig filename: 
Output dir: /var/folders/zg/vq0dnx517c54hg87dyqjky740000gn/T/.tmprWAL2M/tmp/
Minimizer length: 15
Kminmer length: 20
Density: 0.005
Min abundance: 0

Loading refined abundances
	Duration: 0
Collecting kminmers
Building mdbg
Duration: 0
Nb solid kminmers: 28850
Nb small contigs written: 0
Dump kminmer abundances
	Duration: 0
Indexing edges
Edge index size: 28668
Edge index elements: 50609
	Duration: 0
Compute unitig nodes
	Duration: 0
Index unitig edges
	Duration: 0
Compute unitig edges
	Duration: 0
Dump unitig abundances
	Duration: 0
Nb edges:   0


metaMDBG contig  /var/folders/zg/vq0dnx517c54hg87dyqjky740000gn/T/.tmprWAL2M/tmp/ --threads 10

Input dir: /var/folders/zg/vq0dnx517c54hg87dyqjky740000gn/T/.tmprWAL2M/tmp/
Minimizer length: 15
Kminmer length: 20
Density: 0.005

Loading unitig graph
Load unitigs
Nb unitigs: 1669
Nb minimizers: 60561
Add unitig abundances
Sorting abundances
Add unitig edges
Nb unitig edges: 3734
Sorting unitig edges
Done loading unitig graph
Simplifying
Max abundance: 106
Nb unitigs: 1669
Superbubble
Nb superbubble removed: 236 0 (0s)
Tip
Nb Tip removed: 274 (0s)
Superbubble
Nb superbubble removed: 122 0 (0s)
Tip
Nb Tip removed: 0 (0s)
Nb errors removed: 380 (0s)
Superbubble
Nb superbubble removed: 4 0 (0s)
Tip
Nb Tip removed: 0 (0s)
Nb errors removed: 35 (0s)
Superbubble
Nb superbubble removed: 0 0 (0s)
Tip
Nb Tip removed: 0 (0s)
Nb errors removed: 13 (0s)
Superbubble
Nb superbubble removed: 0 0 (0s)
Tip
Nb Tip removed: 0 (0s)
Nb errors removed: 2 (0s)
Superbubble
Nb superbubble removed: 0 0 (0s)
Tip
Nb Tip removed: 0 (0s)
Nb errors removed: 2 (0s)
Superbubble
Nb superbubble removed: 0 0 (0s)
Tip
Nb Tip removed: 0 (0s)
Nb errors removed: 3 (0s)
Superbubble
Nb superbubble removed: 0 0 (0s)
Tip
Nb Tip removed: 0 (0s)
Nb errors removed: 1 (0s)
Superbubble
Nb superbubble removed: 0 0 (0s)
Tip
Nb Tip removed: 0 (0s)
Nb errors removed: 1 (0s)
Superbubble
Nb superbubble removed: 0 0 (0s)
Tip
Nb Tip removed: 0 (0s)
Nb errors removed: 1 (0s)
Superbubble
Nb superbubble removed: 0 0 (0s)
Tip
Nb Tip removed: 0 (0s)
Nb errors removed: 3 (0s)
Superbubble
Nb superbubble removed: 0 0 (0s)
Tip
Nb Tip removed: 0 (0s)
Nb errors removed: 1 (0s)
Superbubble
Nb superbubble removed: 0 0 (0s)
Tip
Nb Tip removed: 0 (0s)
Nb errors removed: 1 (0s)
Superbubble
Nb superbubble removed: 0 0 (0s)
Tip
Nb Tip removed: 0 (0s)
Nb errors removed: 6 (0s)
Superbubble
Nb superbubble removed: 0 0 (0s)
Tip
Nb Tip removed: 0 (0s)
Checksum: 0
Checksum abundnace: 0
Generating contigs
41.1448
34.004
30.9127
28.1025
23.2252
13.11
8.14028
7.40025
6.11591
5.05447
4.17725
3.13843
2.14359
0


metaMDBG toMinspace  /var/folders/zg/vq0dnx517c54hg87dyqjky740000gn/T/.tmprWAL2M/tmp/ /var/folders/zg/vq0dnx517c54hg87dyqjky740000gn/T/.tmprWAL2M/tmp//contigs.nodepath /var/folders/zg/vq0dnx517c54hg87dyqjky740000gn/T/.tmprWAL2M/tmp//unitig_data.txt --threads 10

Input dir: /var/folders/zg/vq0dnx517c54hg87dyqjky740000gn/T/.tmprWAL2M/tmp/
Minimizer length: 15
Kminmer length: 20
Density: 0.005

Loading unitig sequences

Creating mContigs

Contig filename: /var/folders/zg/vq0dnx517c54hg87dyqjky740000gn/T/.tmprWAL2M/tmp//unitig_data.txt
pass done: 20
Multi-k pass: 21/205


metaMDBG graph /var/folders/zg/vq0dnx517c54hg87dyqjky740000gn/T/.tmprWAL2M/tmp/ --threads 10 --corrected-read 

Contig filename: 
Output dir: /var/folders/zg/vq0dnx517c54hg87dyqjky740000gn/T/.tmprWAL2M/tmp/
Minimizer length: 15
Kminmer length: 21
Density: 0.005
Min abundance: 0

Loading refined abundances
	Duration: 0
Collecting kminmers
Building mdbg
Duration: 0
Nb solid kminmers: 29022
Nb small contigs written: 0
Dump kminmer abundances
	Duration: 0
Indexing edges
Edge index size: 28840
Edge index elements: 51067
	Duration: 0
Compute unitig nodes
	Duration: 0
Index unitig edges
	Duration: 0
Compute unitig edges
	Duration: 0
Dump unitig abundances
	Duration: 0
Nb edges:   0


metaMDBG contig  /var/folders/zg/vq0dnx517c54hg87dyqjky740000gn/T/.tmprWAL2M/tmp/ --threads 10 --gen-graph 

Input dir: /var/folders/zg/vq0dnx517c54hg87dyqjky740000gn/T/.tmprWAL2M/tmp/
Minimizer length: 15
Kminmer length: 21
Density: 0.005

Loading unitig graph
Load unitigs
Nb unitigs: 1652
Nb minimizers: 62062
Add unitig abundances
Sorting abundances
Add unitig edges
Nb unitig edges: 3704
Sorting unitig edges
Done loading unitig graph
Simplifying
Max abundance: 106
Nb unitigs: 1652
Superbubble
Nb superbubble removed: 220 0 (0s)
Tip
Nb Tip removed: 277 (0s)
Superbubble
Nb superbubble removed: 124 0 (0s)
Tip
Nb Tip removed: 0 (0s)
Saving unitig graph: /var/folders/zg/vq0dnx517c54hg87dyqjky740000gn/T/.tmprWAL2M/tmp//assembly_graph.gfa
Nb errors removed: 371 (0s)
Superbubble
Nb superbubble removed: 4 0 (0s)
Tip
Nb Tip removed: 0 (0s)
Nb errors removed: 37 (0s)
Superbubble
Nb superbubble removed: 0 0 (0s)
Tip
Nb Tip removed: 0 (0s)
Nb errors removed: 18 (0s)
Superbubble
Nb superbubble removed: 0 0 (0s)
Tip
Nb Tip removed: 0 (0s)
Nb errors removed: 2 (0s)
Superbubble
Nb superbubble removed: 0 0 (0s)
Tip
Nb Tip removed: 0 (0s)
Nb errors removed: 2 (0s)
Superbubble
Nb superbubble removed: 0 0 (0s)
Tip
Nb Tip removed: 0 (0s)
Nb errors removed: 4 (0s)
Superbubble
Nb superbubble removed: 0 0 (0s)
Tip
Nb Tip removed: 0 (0s)
Nb errors removed: 1 (0s)
Superbubble
Nb superbubble removed: 0 0 (0s)
Tip
Nb Tip removed: 0 (0s)
Nb errors removed: 1 (0s)
Superbubble
Nb superbubble removed: 0 0 (0s)
Tip
Nb Tip removed: 0 (0s)
Nb errors removed: 1 (0s)
Superbubble
Nb superbubble removed: 0 0 (0s)
Tip
Nb Tip removed: 0 (0s)
Nb errors removed: 3 (0s)
Superbubble
Nb superbubble removed: 0 0 (0s)
Tip
Nb Tip removed: 0 (0s)
Nb errors removed: 1 (0s)
Superbubble
Nb superbubble removed: 0 0 (0s)
Tip
Nb Tip removed: 0 (0s)
Nb errors removed: 1 (0s)
Superbubble
Nb superbubble removed: 0 0 (0s)
Tip
Nb Tip removed: 0 (0s)
Nb errors removed: 6 (0s)
Superbubble
Nb superbubble removed: 0 0 (0s)
Tip
Nb Tip removed: 0 (0s)
Checksum: 0
Checksum abundnace: 0
Generating contigs
41.1448
34.004
30.9127
28.1025
23.2252
13.11
8.14028
7.40025
6.11591
5.05447
4.17725
3.13843
2.14359
0


metaMDBG toMinspace  /var/folders/zg/vq0dnx517c54hg87dyqjky740000gn/T/.tmprWAL2M/tmp/ /var/folders/zg/vq0dnx517c54hg87dyqjky740000gn/T/.tmprWAL2M/tmp//contigs.nodepath /var/folders/zg/vq0dnx517c54hg87dyqjky740000gn/T/.tmprWAL2M/tmp//unitig_data.txt --threads 10

Input dir: /var/folders/zg/vq0dnx517c54hg87dyqjky740000gn/T/.tmprWAL2M/tmp/
Minimizer length: 15
Kminmer length: 21
Density: 0.005

Loading unitig sequences

Creating mContigs

Contig filename: /var/folders/zg/vq0dnx517c54hg87dyqjky740000gn/T/.tmprWAL2M/tmp//unitig_data.txt


metaMDBG toMinspace  /var/folders/zg/vq0dnx517c54hg87dyqjky740000gn/T/.tmprWAL2M/tmp/ /var/folders/zg/vq0dnx517c54hg87dyqjky740000gn/T/.tmprWAL2M/tmp//assembly_graph.gfa.unitigs.nodepath /var/folders/zg/vq0dnx517c54hg87dyqjky740000gn/T/.tmprWAL2M/tmp//assembly_graph.gfa.unitigs --threads 10

Input dir: /var/folders/zg/vq0dnx517c54hg87dyqjky740000gn/T/.tmprWAL2M/tmp/
Minimizer length: 15
Kminmer length: 21
Density: 0.005

Loading unitig sequences

Creating mContigs

Contig filename: /var/folders/zg/vq0dnx517c54hg87dyqjky740000gn/T/.tmprWAL2M/tmp//assembly_graph.gfa.unitigs
pass done: 21
Multi-k pass: 22/205


metaMDBG graph /var/folders/zg/vq0dnx517c54hg87dyqjky740000gn/T/.tmprWAL2M/tmp/ --threads 10 --corrected-read 

Contig filename: 
Output dir: /var/folders/zg/vq0dnx517c54hg87dyqjky740000gn/T/.tmprWAL2M/tmp/
Minimizer length: 15
Kminmer length: 22
Density: 0.005
Min abundance: 0

Loading refined abundances
	Duration: 0
Collecting kminmers
Building mdbg
Duration: 0
Nb solid kminmers: 29187
Nb small contigs written: 0
Dump kminmer abundances
	Duration: 0
Indexing edges
Edge index size: 29011
Edge index elements: 51597
	Duration: 0
Compute unitig nodes
	Duration: 0
Index unitig edges
	Duration: 0
Compute unitig edges
	Duration: 0
Dump unitig abundances
	Duration: 0
Nb edges:   0


metaMDBG contig  /var/folders/zg/vq0dnx517c54hg87dyqjky740000gn/T/.tmprWAL2M/tmp/ --threads 10

Input dir: /var/folders/zg/vq0dnx517c54hg87dyqjky740000gn/T/.tmprWAL2M/tmp/
Minimizer length: 15
Kminmer length: 22
Density: 0.005

Loading unitig graph
Load unitigs
Nb unitigs: 1624
Nb minimizers: 63291
Add unitig abundances
Sorting abundances
Add unitig edges
Nb unitig edges: 3636
Sorting unitig edges
Done loading unitig graph
Simplifying
Max abundance: 106
Nb unitigs: 1624
Superbubble
Nb superbubble removed: 206 0 (0s)
Tip
Nb Tip removed: 281 (0s)
Superbubble
Nb superbubble removed: 132 0 (0s)
Tip
Nb Tip removed: 0 (0s)
Nb errors removed: 368 (0s)
Superbubble
Nb superbubble removed: 4 0 (0s)
Tip
Nb Tip removed: 0 (0s)
Nb errors removed: 36 (0s)
Superbubble
Nb superbubble removed: 0 0 (0s)
Tip
Nb Tip removed: 0 (0s)
Nb errors removed: 19 (0s)
Superbubble
Nb superbubble removed: 0 0 (0s)
Tip
Nb Tip removed: 0 (0s)
Nb errors removed: 3 (0s)
Superbubble
Nb superbubble removed: 0 0 (0s)
Tip
Nb Tip removed: 0 (0s)
Nb errors removed: 2 (0s)
Superbubble
Nb superbubble removed: 0 0 (0s)
Tip
Nb Tip removed: 0 (0s)
Nb errors removed: 4 (0s)
Superbubble
Nb superbubble removed: 0 0 (0s)
Tip
Nb Tip removed: 0 (0s)
Nb errors removed: 2 (0s)
Superbubble
Nb superbubble removed: 0 0 (0s)
Tip
Nb Tip removed: 0 (0s)
Nb errors removed: 1 (0s)
Superbubble
Nb superbubble removed: 0 0 (0s)
Tip
Nb Tip removed: 0 (0s)
Nb errors removed: 1 (0s)
Superbubble
Nb superbubble removed: 0 0 (0s)
Tip
Nb Tip removed: 0 (0s)
Nb errors removed: 3 (0s)
Superbubble
Nb superbubble removed: 0 0 (0s)
Tip
Nb Tip removed: 0 (0s)
Nb errors removed: 1 (0s)
Superbubble
Nb superbubble removed: 0 0 (0s)
Tip
Nb Tip removed: 0 (0s)
Nb errors removed: 1 (0s)
Superbubble
Nb superbubble removed: 0 0 (0s)
Tip
Nb Tip removed: 0 (0s)
Nb errors removed: 6 (0s)
Superbubble
Nb superbubble removed: 0 0 (0s)
Tip
Nb Tip removed: 0 (0s)
Checksum: 0
Checksum abundnace: 0
Generating contigs
41.1448
34.004
30.9127
28.1025
23.2252
13.11
8.14028
7.40025
6.11591
5.05447
4.17725
3.13843
2.14359
0


metaMDBG toMinspace  /var/folders/zg/vq0dnx517c54hg87dyqjky740000gn/T/.tmprWAL2M/tmp/ /var/folders/zg/vq0dnx517c54hg87dyqjky740000gn/T/.tmprWAL2M/tmp//contigs.nodepath /var/folders/zg/vq0dnx517c54hg87dyqjky740000gn/T/.tmprWAL2M/tmp//unitig_data.txt --threads 10

Input dir: /var/folders/zg/vq0dnx517c54hg87dyqjky740000gn/T/.tmprWAL2M/tmp/
Minimizer length: 15
Kminmer length: 22
Density: 0.005

Loading unitig sequences

Creating mContigs

Contig filename: /var/folders/zg/vq0dnx517c54hg87dyqjky740000gn/T/.tmprWAL2M/tmp//unitig_data.txt
pass done: 22
Multi-k pass: 23/205


metaMDBG graph /var/folders/zg/vq0dnx517c54hg87dyqjky740000gn/T/.tmprWAL2M/tmp/ --threads 10 --corrected-read 

Contig filename: 
Output dir: /var/folders/zg/vq0dnx517c54hg87dyqjky740000gn/T/.tmprWAL2M/tmp/
Minimizer length: 15
Kminmer length: 23
Density: 0.005
Min abundance: 0

Loading refined abundances
	Duration: 0
Collecting kminmers
Building mdbg
Duration: 0
Nb solid kminmers: 29353
Nb small contigs written: 0
Dump kminmer abundances
	Duration: 0
Indexing edges
Edge index size: 29175
Edge index elements: 51504
	Duration: 0
Compute unitig nodes
	Duration: 0
Index unitig edges
	Duration: 0
Compute unitig edges
	Duration: 0
Dump unitig abundances
	Duration: 0
Nb edges:   0


metaMDBG contig  /var/folders/zg/vq0dnx517c54hg87dyqjky740000gn/T/.tmprWAL2M/tmp/ --threads 10

Input dir: /var/folders/zg/vq0dnx517c54hg87dyqjky740000gn/T/.tmprWAL2M/tmp/
Minimizer length: 15
Kminmer length: 23
Density: 0.005

Loading unitig graph
Load unitigs
Nb unitigs: 1613
Nb minimizers: 64839
Add unitig abundances
Sorting abundances
Add unitig edges
Nb unitig edges: 3604
Sorting unitig edges
Done loading unitig graph
Simplifying
Max abundance: 106
Nb unitigs: 1613
Superbubble
Nb superbubble removed: 202 0 (0s)
Tip
Nb Tip removed: 281 (0s)
Superbubble
Nb superbubble removed: 130 0 (0s)
Tip
Nb Tip removed: 0 (0s)
Nb errors removed: 358 (0s)
Superbubble
Nb superbubble removed: 4 0 (0s)
Tip
Nb Tip removed: 0 (0s)
Nb errors removed: 38 (0s)
Superbubble
Nb superbubble removed: 0 0 (0s)
Tip
Nb Tip removed: 0 (0s)
Nb errors removed: 20 (0s)
Superbubble
Nb superbubble removed: 0 0 (0s)
Tip
Nb Tip removed: 0 (0s)
Nb errors removed: 5 (0s)
Superbubble
Nb superbubble removed: 0 0 (0s)
Tip
Nb Tip removed: 0 (0s)
Nb errors removed: 2 (0s)
Superbubble
Nb superbubble removed: 0 0 (0s)
Tip
Nb Tip removed: 0 (0s)
Nb errors removed: 4 (0s)
Superbubble
Nb superbubble removed: 0 0 (0s)
Tip
Nb Tip removed: 0 (0s)
Nb errors removed: 2 (0s)
Superbubble
Nb superbubble removed: 0 0 (0s)
Tip
Nb Tip removed: 0 (0s)
Nb errors removed: 1 (0s)
Superbubble
Nb superbubble removed: 0 0 (0s)
Tip
Nb Tip removed: 0 (0s)
Nb errors removed: 1 (0s)
Superbubble
Nb superbubble removed: 0 0 (0s)
Tip
Nb Tip removed: 0 (0s)
Nb errors removed: 3 (0s)
Superbubble
Nb superbubble removed: 0 0 (0s)
Tip
Nb Tip removed: 0 (0s)
Nb errors removed: 1 (0s)
Superbubble
Nb superbubble removed: 0 0 (0s)
Tip
Nb Tip removed: 0 (0s)
Nb errors removed: 1 (0s)
Superbubble
Nb superbubble removed: 0 0 (0s)
Tip
Nb Tip removed: 0 (0s)
Nb errors removed: 4 (0s)
Superbubble
Nb superbubble removed: 0 0 (0s)
Tip
Nb Tip removed: 0 (0s)
Checksum: 0
Checksum abundnace: 0
Generating contigs
41.1448
34.004
30.9127
28.1025
23.2252
13.11
8.14028
7.40025
6.11591
5.05447
4.17725
3.13843
2.14359
0


metaMDBG toMinspace  /var/folders/zg/vq0dnx517c54hg87dyqjky740000gn/T/.tmprWAL2M/tmp/ /var/folders/zg/vq0dnx517c54hg87dyqjky740000gn/T/.tmprWAL2M/tmp//contigs.nodepath /var/folders/zg/vq0dnx517c54hg87dyqjky740000gn/T/.tmprWAL2M/tmp//unitig_data.txt --threads 10

Input dir: /var/folders/zg/vq0dnx517c54hg87dyqjky740000gn/T/.tmprWAL2M/tmp/
Minimizer length: 15
Kminmer length: 23
Density: 0.005

Loading unitig sequences

Creating mContigs

Contig filename: /var/folders/zg/vq0dnx517c54hg87dyqjky740000gn/T/.tmprWAL2M/tmp//unitig_data.txt
pass done: 23
Multi-k pass: 24/205


metaMDBG graph /var/folders/zg/vq0dnx517c54hg87dyqjky740000gn/T/.tmprWAL2M/tmp/ --threads 10 --corrected-read 

Contig filename: 
Output dir: /var/folders/zg/vq0dnx517c54hg87dyqjky740000gn/T/.tmprWAL2M/tmp/
Minimizer length: 15
Kminmer length: 24
Density: 0.005
Min abundance: 0

Loading refined abundances
	Duration: 0
Collecting kminmers
Building mdbg
Duration: 0
Nb solid kminmers: 29517
Nb small contigs written: 0
Dump kminmer abundances
	Duration: 0
Indexing edges
Edge index size: 29342
Edge index elements: 51965
	Duration: 0
Compute unitig nodes
	Duration: 0
Index unitig edges
	Duration: 0
Compute unitig edges
	Duration: 0
Dump unitig abundances
	Duration: 0
Nb edges:   0


metaMDBG contig  /var/folders/zg/vq0dnx517c54hg87dyqjky740000gn/T/.tmprWAL2M/tmp/ --threads 10

Input dir: /var/folders/zg/vq0dnx517c54hg87dyqjky740000gn/T/.tmprWAL2M/tmp/
Minimizer length: 15
Kminmer length: 24
Density: 0.005

Loading unitig graph
Load unitigs
Nb unitigs: 1589
Nb minimizers: 66064
Add unitig abundances
Sorting abundances
Add unitig edges
Nb unitig edges: 3540
Sorting unitig edges
Done loading unitig graph
Simplifying
Max abundance: 106
Nb unitigs: 1589
Superbubble
Nb superbubble removed: 198 0 (0s)
Tip
Nb Tip removed: 275 (0s)
Superbubble
Nb superbubble removed: 132 0 (0s)
Tip
Nb Tip removed: 0 (0s)
Nb errors removed: 349 (0s)
Superbubble
Nb superbubble removed: 2 0 (0s)
Tip
Nb Tip removed: 0 (0s)
Nb errors removed: 36 (0s)
Superbubble
Nb superbubble removed: 0 0 (0s)
Tip
Nb Tip removed: 0 (0s)
Nb errors removed: 22 (0s)
Superbubble
Nb superbubble removed: 0 0 (0s)
Tip
Nb Tip removed: 0 (0s)
Nb errors removed: 4 (0s)
Superbubble
Nb superbubble removed: 0 0 (0s)
Tip
Nb Tip removed: 0 (0s)
Nb errors removed: 2 (0s)
Superbubble
Nb superbubble removed: 0 0 (0s)
Tip
Nb Tip removed: 0 (0s)
Nb errors removed: 3 (0s)
Superbubble
Nb superbubble removed: 0 0 (0s)
Tip
Nb Tip removed: 0 (0s)
Nb errors removed: 3 (0s)
Superbubble
Nb superbubble removed: 0 0 (0s)
Tip
Nb Tip removed: 0 (0s)
Nb errors removed: 1 (0s)
Superbubble
Nb superbubble removed: 0 0 (0s)
Tip
Nb Tip removed: 0 (0s)
Nb errors removed: 1 (0s)
Superbubble
Nb superbubble removed: 0 0 (0s)
Tip
Nb Tip removed: 0 (0s)
Nb errors removed: 3 (0s)
Superbubble
Nb superbubble removed: 0 0 (0s)
Tip
Nb Tip removed: 0 (0s)
Nb errors removed: 1 (0s)
Superbubble
Nb superbubble removed: 0 0 (0s)
Tip
Nb Tip removed: 0 (0s)
Nb errors removed: 1 (0s)
Superbubble
Nb superbubble removed: 0 0 (0s)
Tip
Nb Tip removed: 0 (0s)
Nb errors removed: 4 (0s)
Superbubble
Nb superbubble removed: 0 0 (0s)
Tip
Nb Tip removed: 0 (0s)
Checksum: 0
Checksum abundnace: 0
Generating contigs
41.1448
34.004
30.9127
28.1025
23.2252
13.11
8.14028
7.40025
6.11591
5.05447
4.17725
3.13843
2.14359
0


metaMDBG toMinspace  /var/folders/zg/vq0dnx517c54hg87dyqjky740000gn/T/.tmprWAL2M/tmp/ /var/folders/zg/vq0dnx517c54hg87dyqjky740000gn/T/.tmprWAL2M/tmp//contigs.nodepath /var/folders/zg/vq0dnx517c54hg87dyqjky740000gn/T/.tmprWAL2M/tmp//unitig_data.txt --threads 10

Input dir: /var/folders/zg/vq0dnx517c54hg87dyqjky740000gn/T/.tmprWAL2M/tmp/
Minimizer length: 15
Kminmer length: 24
Density: 0.005

Loading unitig sequences

Creating mContigs

Contig filename: /var/folders/zg/vq0dnx517c54hg87dyqjky740000gn/T/.tmprWAL2M/tmp//unitig_data.txt
pass done: 24
Multi-k pass: 25/205


metaMDBG graph /var/folders/zg/vq0dnx517c54hg87dyqjky740000gn/T/.tmprWAL2M/tmp/ --threads 10 --corrected-read 

Contig filename: 
Output dir: /var/folders/zg/vq0dnx517c54hg87dyqjky740000gn/T/.tmprWAL2M/tmp/
Minimizer length: 15
Kminmer length: 25
Density: 0.005
Min abundance: 0

Loading refined abundances
	Duration: 0
Collecting kminmers
Building mdbg
Duration: 0
Nb solid kminmers: 29684
Nb small contigs written: 0
Dump kminmer abundances
	Duration: 0
Indexing edges
Edge index size: 29508
Edge index elements: 52176
	Duration: 0
Compute unitig nodes
	Duration: 0
Index unitig edges
	Duration: 0
Compute unitig edges
	Duration: 0
Dump unitig abundances
	Duration: 0
Nb edges:   0


metaMDBG contig  /var/folders/zg/vq0dnx517c54hg87dyqjky740000gn/T/.tmprWAL2M/tmp/ --threads 10

Input dir: /var/folders/zg/vq0dnx517c54hg87dyqjky740000gn/T/.tmprWAL2M/tmp/
Minimizer length: 15
Kminmer length: 25
Density: 0.005

Loading unitig graph
Load unitigs
Nb unitigs: 1567
Nb minimizers: 67292
Add unitig abundances
Sorting abundances
Add unitig edges
Nb unitig edges: 3516
Sorting unitig edges
Done loading unitig graph
Simplifying
Max abundance: 106
Nb unitigs: 1567
Superbubble
Nb superbubble removed: 184 0 (0s)
Tip
Nb Tip removed: 278 (0s)
Superbubble
Nb superbubble removed: 138 0 (0s)
Tip
Nb Tip removed: 0 (0s)
Nb errors removed: 344 (0s)
Superbubble
Nb superbubble removed: 2 0 (0s)
Tip
Nb Tip removed: 0 (0s)
Nb errors removed: 37 (0s)
Superbubble
Nb superbubble removed: 0 0 (0s)
Tip
Nb Tip removed: 0 (0s)
Nb errors removed: 22 (0s)
Superbubble
Nb superbubble removed: 0 0 (0s)
Tip
Nb Tip removed: 0 (0s)
Nb errors removed: 5 (0s)
Superbubble
Nb superbubble removed: 0 0 (0s)
Tip
Nb Tip removed: 0 (0s)
Nb errors removed: 2 (0s)
Superbubble
Nb superbubble removed: 0 0 (0s)
Tip
Nb Tip removed: 0 (0s)
Nb errors removed: 3 (0s)
Superbubble
Nb superbubble removed: 0 0 (0s)
Tip
Nb Tip removed: 0 (0s)
Nb errors removed: 3 (0s)
Superbubble
Nb superbubble removed: 0 0 (0s)
Tip
Nb Tip removed: 0 (0s)
Nb errors removed: 1 (0s)
Superbubble
Nb superbubble removed: 0 0 (0s)
Tip
Nb Tip removed: 0 (0s)
Nb errors removed: 1 (0s)
Superbubble
Nb superbubble removed: 0 0 (0s)
Tip
Nb Tip removed: 0 (0s)
Nb errors removed: 3 (0s)
Superbubble
Nb superbubble removed: 0 0 (0s)
Tip
Nb Tip removed: 0 (0s)
Nb errors removed: 1 (0s)
Superbubble
Nb superbubble removed: 0 0 (0s)
Tip
Nb Tip removed: 0 (0s)
Nb errors removed: 1 (0s)
Superbubble
Nb superbubble removed: 0 0 (0s)
Tip
Nb Tip removed: 0 (0s)
Nb errors removed: 4 (0s)
Superbubble
Nb superbubble removed: 0 0 (0s)
Tip
Nb Tip removed: 0 (0s)
Checksum: 0
Checksum abundnace: 0
Generating contigs
41.1448
34.004
30.9127
28.1025
23.2252
13.11
8.14028
7.40025
6.11591
5.05447
4.17725
3.13843
2.14359
0


metaMDBG toMinspace  /var/folders/zg/vq0dnx517c54hg87dyqjky740000gn/T/.tmprWAL2M/tmp/ /var/folders/zg/vq0dnx517c54hg87dyqjky740000gn/T/.tmprWAL2M/tmp//contigs.nodepath /var/folders/zg/vq0dnx517c54hg87dyqjky740000gn/T/.tmprWAL2M/tmp//unitig_data.txt --threads 10

Input dir: /var/folders/zg/vq0dnx517c54hg87dyqjky740000gn/T/.tmprWAL2M/tmp/
Minimizer length: 15
Kminmer length: 25
Density: 0.005

Loading unitig sequences

Creating mContigs

Contig filename: /var/folders/zg/vq0dnx517c54hg87dyqjky740000gn/T/.tmprWAL2M/tmp//unitig_data.txt
pass done: 25
Multi-k pass: 26/205


metaMDBG graph /var/folders/zg/vq0dnx517c54hg87dyqjky740000gn/T/.tmprWAL2M/tmp/ --threads 10 --corrected-read 

Contig filename: 
Output dir: /var/folders/zg/vq0dnx517c54hg87dyqjky740000gn/T/.tmprWAL2M/tmp/
Minimizer length: 15
Kminmer length: 26
Density: 0.005
Min abundance: 0

Loading refined abundances
	Duration: 0
Collecting kminmers
Building mdbg
Duration: 0
Nb solid kminmers: 29839
Nb small contigs written: 0
Dump kminmer abundances
	Duration: 0
Indexing edges
Edge index size: 29676
Edge index elements: 52574
	Duration: 0
Compute unitig nodes
	Duration: 0
Index unitig edges
	Duration: 0
Compute unitig edges
	Duration: 0
Dump unitig abundances
	Duration: 0
Nb edges:   0


metaMDBG contig  /var/folders/zg/vq0dnx517c54hg87dyqjky740000gn/T/.tmprWAL2M/tmp/ --threads 10

Input dir: /var/folders/zg/vq0dnx517c54hg87dyqjky740000gn/T/.tmprWAL2M/tmp/
Minimizer length: 15
Kminmer length: 26
Density: 0.005

Loading unitig graph
Load unitigs
Nb unitigs: 1540
Nb minimizers: 68339
Add unitig abundances
Sorting abundances
Add unitig edges
Nb unitig edges: 3428
Sorting unitig edges
Done loading unitig graph
Simplifying
Max abundance: 106
Nb unitigs: 1540
Superbubble
Nb superbubble removed: 176 0 (0s)
Tip
Nb Tip removed: 268 (0s)
Superbubble
Nb superbubble removed: 132 0 (0s)
Tip
Nb Tip removed: 0 (0s)
Nb errors removed: 338 (0s)
Superbubble
Nb superbubble removed: 4 0 (0s)
Tip
Nb Tip removed: 0 (0s)
Nb errors removed: 1 (0s)
Superbubble
Nb superbubble removed: 0 0 (0s)
Tip
Nb Tip removed: 0 (0s)
Nb errors removed: 36 (0s)
Superbubble
Nb superbubble removed: 0 0 (0s)
Tip
Nb Tip removed: 0 (0s)
Nb errors removed: 22 (0s)
Superbubble
Nb superbubble removed: 0 0 (0s)
Tip
Nb Tip removed: 0 (0s)
Nb errors removed: 6 (0s)
Superbubble
Nb superbubble removed: 0 0 (0s)
Tip
Nb Tip removed: 0 (0s)
Nb errors removed: 3 (0s)
Superbubble
Nb superbubble removed: 0 0 (0s)
Tip
Nb Tip removed: 0 (0s)
Nb errors removed: 3 (0s)
Superbubble
Nb superbubble removed: 0 0 (0s)
Tip
Nb Tip removed: 0 (0s)
Nb errors removed: 3 (0s)
Superbubble
Nb superbubble removed: 0 0 (0s)
Tip
Nb Tip removed: 0 (0s)
Nb errors removed: 1 (0s)
Superbubble
Nb superbubble removed: 0 0 (0s)
Tip
Nb Tip removed: 0 (0s)
Nb errors removed: 1 (0s)
Superbubble
Nb superbubble removed: 0 0 (0s)
Tip
Nb Tip removed: 0 (0s)
Nb errors removed: 2 (0s)
Superbubble
Nb superbubble removed: 0 0 (0s)
Tip
Nb Tip removed: 0 (0s)
Nb errors removed: 1 (0s)
Superbubble
Nb superbubble removed: 0 0 (0s)
Tip
Nb Tip removed: 0 (0s)
Nb errors removed: 1 (0s)
Superbubble
Nb superbubble removed: 0 0 (0s)
Tip
Nb Tip removed: 0 (0s)
Nb errors removed: 4 (0s)
Superbubble
Nb superbubble removed: 0 0 (0s)
Tip
Nb Tip removed: 0 (0s)
Checksum: 0
Checksum abundnace: 0
Generating contigs
41.1448
34.004
30.9127
28.1025
23.2252
13.11
8.14028
7.40025
6.11591
5.05447
4.17725
3.13843
2.59374
2.14359
0


metaMDBG toMinspace  /var/folders/zg/vq0dnx517c54hg87dyqjky740000gn/T/.tmprWAL2M/tmp/ /var/folders/zg/vq0dnx517c54hg87dyqjky740000gn/T/.tmprWAL2M/tmp//contigs.nodepath /var/folders/zg/vq0dnx517c54hg87dyqjky740000gn/T/.tmprWAL2M/tmp//unitig_data.txt --threads 10

Input dir: /var/folders/zg/vq0dnx517c54hg87dyqjky740000gn/T/.tmprWAL2M/tmp/
Minimizer length: 15
Kminmer length: 26
Density: 0.005

Loading unitig sequences

Creating mContigs

Contig filename: /var/folders/zg/vq0dnx517c54hg87dyqjky740000gn/T/.tmprWAL2M/tmp//unitig_data.txt
pass done: 26
Multi-k pass: 27/205


metaMDBG graph /var/folders/zg/vq0dnx517c54hg87dyqjky740000gn/T/.tmprWAL2M/tmp/ --threads 10 --corrected-read 

Contig filename: 
Output dir: /var/folders/zg/vq0dnx517c54hg87dyqjky740000gn/T/.tmprWAL2M/tmp/
Minimizer length: 15
Kminmer length: 27
Density: 0.005
Min abundance: 0

Loading refined abundances
	Duration: 0
Collecting kminmers
Building mdbg
Duration: 0
Nb solid kminmers: 29988
Nb small contigs written: 0
Dump kminmer abundances
	Duration: 0
Indexing edges
Edge index size: 29829
Edge index elements: 52864
	Duration: 0
Compute unitig nodes
	Duration: 0
Index unitig edges
	Duration: 0
Compute unitig edges
	Duration: 0
Dump unitig abundances
	Duration: 0
Nb edges:   0


metaMDBG contig  /var/folders/zg/vq0dnx517c54hg87dyqjky740000gn/T/.tmprWAL2M/tmp/ --threads 10

Input dir: /var/folders/zg/vq0dnx517c54hg87dyqjky740000gn/T/.tmprWAL2M/tmp/
Minimizer length: 15
Kminmer length: 27
Density: 0.005

Loading unitig graph
Load unitigs
Nb unitigs: 1516
Nb minimizers: 69404
Add unitig abundances
Sorting abundances
Add unitig edges
Nb unitig edges: 3374
Sorting unitig edges
Done loading unitig graph
Simplifying
Max abundance: 106
Nb unitigs: 1516
Superbubble
Nb superbubble removed: 166 0 (0s)
Tip
Nb Tip removed: 264 (0s)
Superbubble
Nb superbubble removed: 134 0 (0s)
Tip
Nb Tip removed: 0 (0s)
Nb errors removed: 331 (0s)
Superbubble
Nb superbubble removed: 4 0 (0s)
Tip
Nb Tip removed: 0 (0s)
Nb errors removed: 39 (0s)
Superbubble
Nb superbubble removed: 0 0 (0s)
Tip
Nb Tip removed: 0 (0s)
Nb errors removed: 23 (0s)
Superbubble
Nb superbubble removed: 0 0 (0s)
Tip
Nb Tip removed: 0 (0s)
Nb errors removed: 5 (0s)
Superbubble
Nb superbubble removed: 0 0 (0s)
Tip
Nb Tip removed: 0 (0s)
Nb errors removed: 3 (0s)
Superbubble
Nb superbubble removed: 0 0 (0s)
Tip
Nb Tip removed: 0 (0s)
Nb errors removed: 3 (0s)
Superbubble
Nb superbubble removed: 0 0 (0s)
Tip
Nb Tip removed: 0 (0s)
Nb errors removed: 3 (0s)
Superbubble
Nb superbubble removed: 0 0 (0s)
Tip
Nb Tip removed: 0 (0s)
Nb errors removed: 1 (0s)
Superbubble
Nb superbubble removed: 0 0 (0s)
Tip
Nb Tip removed: 0 (0s)
Nb errors removed: 1 (0s)
Superbubble
Nb superbubble removed: 0 0 (0s)
Tip
Nb Tip removed: 0 (0s)
Nb errors removed: 2 (0s)
Superbubble
Nb superbubble removed: 0 0 (0s)
Tip
Nb Tip removed: 0 (0s)
Nb errors removed: 1 (0s)
Superbubble
Nb superbubble removed: 0 0 (0s)
Tip
Nb Tip removed: 0 (0s)
Nb errors removed: 1 (0s)
Superbubble
Nb superbubble removed: 0 0 (0s)
Tip
Nb Tip removed: 0 (0s)
Nb errors removed: 4 (0s)
Superbubble
Nb superbubble removed: 0 0 (0s)
Tip
Nb Tip removed: 0 (0s)
Checksum: 0
Checksum abundnace: 0
Generating contigs
41.1448
34.004
30.9127
28.1025
23.2252
13.11
8.14028
7.40025
6.11591
5.05447
4.17725
3.13843
2.14359
0


metaMDBG toMinspace  /var/folders/zg/vq0dnx517c54hg87dyqjky740000gn/T/.tmprWAL2M/tmp/ /var/folders/zg/vq0dnx517c54hg87dyqjky740000gn/T/.tmprWAL2M/tmp//contigs.nodepath /var/folders/zg/vq0dnx517c54hg87dyqjky740000gn/T/.tmprWAL2M/tmp//unitig_data.txt --threads 10

Input dir: /var/folders/zg/vq0dnx517c54hg87dyqjky740000gn/T/.tmprWAL2M/tmp/
Minimizer length: 15
Kminmer length: 27
Density: 0.005

Loading unitig sequences

Creating mContigs

Contig filename: /var/folders/zg/vq0dnx517c54hg87dyqjky740000gn/T/.tmprWAL2M/tmp//unitig_data.txt
pass done: 27
Multi-k pass: 28/205


metaMDBG graph /var/folders/zg/vq0dnx517c54hg87dyqjky740000gn/T/.tmprWAL2M/tmp/ --threads 10 --corrected-read 

Contig filename: 
Output dir: /var/folders/zg/vq0dnx517c54hg87dyqjky740000gn/T/.tmprWAL2M/tmp/
Minimizer length: 15
Kminmer length: 28
Density: 0.005
Min abundance: 0

Loading refined abundances
	Duration: 0
Collecting kminmers
Building mdbg
Duration: 0
Nb solid kminmers: 30139
Nb small contigs written: 0
Dump kminmer abundances
	Duration: 0
Indexing edges
Edge index size: 29975
Edge index elements: 53245
	Duration: 0
Compute unitig nodes
	Duration: 0
Index unitig edges
	Duration: 0
Compute unitig edges
	Duration: 0
Dump unitig abundances
	Duration: 0
Nb edges:   0


metaMDBG contig  /var/folders/zg/vq0dnx517c54hg87dyqjky740000gn/T/.tmprWAL2M/tmp/ --threads 10

Input dir: /var/folders/zg/vq0dnx517c54hg87dyqjky740000gn/T/.tmprWAL2M/tmp/
Minimizer length: 15
Kminmer length: 28
Density: 0.005

Loading unitig graph
Load unitigs
Nb unitigs: 1500
Nb minimizers: 70639
Add unitig abundances
Sorting abundances
Add unitig edges
Nb unitig edges: 3350
Sorting unitig edges
Done loading unitig graph
Simplifying
Max abundance: 106
Nb unitigs: 1500
Superbubble
Nb superbubble removed: 154 0 (0s)
Tip
Nb Tip removed: 266 (0s)
Superbubble
Nb superbubble removed: 138 0 (0s)
Tip
Nb Tip removed: 0 (0s)
Nb errors removed: 319 (0s)
Superbubble
Nb superbubble removed: 4 0 (0s)
Tip
Nb Tip removed: 0 (0s)
Nb errors removed: 39 (0s)
Superbubble
Nb superbubble removed: 0 0 (0s)
Tip
Nb Tip removed: 0 (0s)
Nb errors removed: 23 (0s)
Superbubble
Nb superbubble removed: 0 0 (0s)
Tip
Nb Tip removed: 0 (0s)
Nb errors removed: 7 (0s)
Superbubble
Nb superbubble removed: 0 0 (0s)
Tip
Nb Tip removed: 0 (0s)
Nb errors removed: 3 (0s)
Superbubble
Nb superbubble removed: 0 0 (0s)
Tip
Nb Tip removed: 0 (0s)
Nb errors removed: 3 (0s)
Superbubble
Nb superbubble removed: 0 0 (0s)
Tip
Nb Tip removed: 0 (0s)
Nb errors removed: 4 (0s)
Superbubble
Nb superbubble removed: 0 0 (0s)
Tip
Nb Tip removed: 0 (0s)
Nb errors removed: 1 (0s)
Superbubble
Nb superbubble removed: 0 0 (0s)
Tip
Nb Tip removed: 0 (0s)
Nb errors removed: 1 (0s)
Superbubble
Nb superbubble removed: 0 0 (0s)
Tip
Nb Tip removed: 0 (0s)
Nb errors removed: 1 (0s)
Superbubble
Nb superbubble removed: 0 0 (0s)
Tip
Nb Tip removed: 0 (0s)
Nb errors removed: 2 (0s)
Superbubble
Nb superbubble removed: 0 0 (0s)
Tip
Nb Tip removed: 0 (0s)
Nb errors removed: 1 (0s)
Superbubble
Nb superbubble removed: 0 0 (0s)
Tip
Nb Tip removed: 0 (0s)
Nb errors removed: 1 (0s)
Superbubble
Nb superbubble removed: 0 0 (0s)
Tip
Nb Tip removed: 0 (0s)
Nb errors removed: 4 (0s)
Superbubble
Nb superbubble removed: 0 0 (0s)
Tip
Nb Tip removed: 0 (0s)
Checksum: 0
Checksum abundnace: 0
Generating contigs
41.1448
34.004
30.9127
28.1025
23.2252
13.11
9.84974
8.14028
7.40025
6.11591
5.05447
4.17725
3.13843
2.14359
0


metaMDBG toMinspace  /var/folders/zg/vq0dnx517c54hg87dyqjky740000gn/T/.tmprWAL2M/tmp/ /var/folders/zg/vq0dnx517c54hg87dyqjky740000gn/T/.tmprWAL2M/tmp//contigs.nodepath /var/folders/zg/vq0dnx517c54hg87dyqjky740000gn/T/.tmprWAL2M/tmp//unitig_data.txt --threads 10

Input dir: /var/folders/zg/vq0dnx517c54hg87dyqjky740000gn/T/.tmprWAL2M/tmp/
Minimizer length: 15
Kminmer length: 28
Density: 0.005

Loading unitig sequences

Creating mContigs

Contig filename: /var/folders/zg/vq0dnx517c54hg87dyqjky740000gn/T/.tmprWAL2M/tmp//unitig_data.txt
pass done: 28
Multi-k pass: 29/205


metaMDBG graph /var/folders/zg/vq0dnx517c54hg87dyqjky740000gn/T/.tmprWAL2M/tmp/ --threads 10 --corrected-read 

Contig filename: 
Output dir: /var/folders/zg/vq0dnx517c54hg87dyqjky740000gn/T/.tmprWAL2M/tmp/
Minimizer length: 15
Kminmer length: 29
Density: 0.005
Min abundance: 0

Loading refined abundances
	Duration: 0
Collecting kminmers
Building mdbg
Duration: 0
Nb solid kminmers: 30291
Nb small contigs written: 0
Dump kminmer abundances
	Duration: 0
Indexing edges
Edge index size: 30132
Edge index elements: 53116
	Duration: 0
Compute unitig nodes
	Duration: 0
Index unitig edges
	Duration: 0
Compute unitig edges
	Duration: 0
Dump unitig abundances
	Duration: 0
Nb edges:   0


metaMDBG contig  /var/folders/zg/vq0dnx517c54hg87dyqjky740000gn/T/.tmprWAL2M/tmp/ --threads 10

Input dir: /var/folders/zg/vq0dnx517c54hg87dyqjky740000gn/T/.tmprWAL2M/tmp/
Minimizer length: 15
Kminmer length: 29
Density: 0.005

Loading unitig graph
Load unitigs
Nb unitigs: 1484
Nb minimizers: 71843
Add unitig abundances
Sorting abundances
Add unitig edges
Nb unitig edges: 3304
Sorting unitig edges
Done loading unitig graph
Simplifying
Max abundance: 106
Nb unitigs: 1484
Superbubble
Nb superbubble removed: 148 0 (0s)
Tip
Nb Tip removed: 270 (0s)
Superbubble
Nb superbubble removed: 140 0 (0s)
Tip
Nb Tip removed: 0 (0s)
Nb errors removed: 320 (0s)
Superbubble
Nb superbubble removed: 4 0 (0s)
Tip
Nb Tip removed: 0 (0s)
Nb errors removed: 38 (0s)
Superbubble
Nb superbubble removed: 0 0 (0s)
Tip
Nb Tip removed: 0 (0s)
Nb errors removed: 23 (0s)
Superbubble
Nb superbubble removed: 0 0 (0s)
Tip
Nb Tip removed: 0 (0s)
Nb errors removed: 7 (0s)
Superbubble
Nb superbubble removed: 0 0 (0s)
Tip
Nb Tip removed: 0 (0s)
Nb errors removed: 3 (0s)
Superbubble
Nb superbubble removed: 0 0 (0s)
Tip
Nb Tip removed: 0 (0s)
Nb errors removed: 3 (0s)
Superbubble
Nb superbubble removed: 0 0 (0s)
Tip
Nb Tip removed: 0 (0s)
Nb errors removed: 5 (0s)
Superbubble
Nb superbubble removed: 0 0 (0s)
Tip
Nb Tip removed: 0 (0s)
Nb errors removed: 1 (0s)
Superbubble
Nb superbubble removed: 0 0 (0s)
Tip
Nb Tip removed: 0 (0s)
Nb errors removed: 1 (0s)
Superbubble
Nb superbubble removed: 0 0 (0s)
Tip
Nb Tip removed: 0 (0s)
Nb errors removed: 1 (0s)
Superbubble
Nb superbubble removed: 0 0 (0s)
Tip
Nb Tip removed: 0 (0s)
Nb errors removed: 2 (0s)
Superbubble
Nb superbubble removed: 0 0 (0s)
Tip
Nb Tip removed: 0 (0s)
Nb errors removed: 1 (0s)
Superbubble
Nb superbubble removed: 0 0 (0s)
Tip
Nb Tip removed: 0 (0s)
Nb errors removed: 1 (0s)
Superbubble
Nb superbubble removed: 0 0 (0s)
Tip
Nb Tip removed: 0 (0s)
Nb errors removed: 4 (0s)
Superbubble
Nb superbubble removed: 0 0 (0s)
Tip
Nb Tip removed: 0 (0s)
Checksum: 0
Checksum abundnace: 0
Generating contigs
41.1448
34.004
30.9127
28.1025
23.2252
13.11
9.84974
8.14028
7.40025
6.11591
5.05447
4.17725
3.13843
2.14359
0


metaMDBG toMinspace  /var/folders/zg/vq0dnx517c54hg87dyqjky740000gn/T/.tmprWAL2M/tmp/ /var/folders/zg/vq0dnx517c54hg87dyqjky740000gn/T/.tmprWAL2M/tmp//contigs.nodepath /var/folders/zg/vq0dnx517c54hg87dyqjky740000gn/T/.tmprWAL2M/tmp//unitig_data.txt --threads 10

Input dir: /var/folders/zg/vq0dnx517c54hg87dyqjky740000gn/T/.tmprWAL2M/tmp/
Minimizer length: 15
Kminmer length: 29
Density: 0.005

Loading unitig sequences

Creating mContigs

Contig filename: /var/folders/zg/vq0dnx517c54hg87dyqjky740000gn/T/.tmprWAL2M/tmp//unitig_data.txt
pass done: 29
Multi-k pass: 30/205


metaMDBG graph /var/folders/zg/vq0dnx517c54hg87dyqjky740000gn/T/.tmprWAL2M/tmp/ --threads 10 --corrected-read 

Contig filename: 
Output dir: /var/folders/zg/vq0dnx517c54hg87dyqjky740000gn/T/.tmprWAL2M/tmp/
Minimizer length: 15
Kminmer length: 30
Density: 0.005
Min abundance: 0

Loading refined abundances
	Duration: 0
Collecting kminmers
Building mdbg
Duration: 0
Nb solid kminmers: 30440
Nb small contigs written: 0
Dump kminmer abundances
	Duration: 0
Indexing edges
Edge index size: 30288
Edge index elements: 53703
	Duration: 0
Compute unitig nodes
	Duration: 0
Index unitig edges
	Duration: 0
Compute unitig edges
	Duration: 0
Dump unitig abundances
	Duration: 0
Nb edges:   0


metaMDBG contig  /var/folders/zg/vq0dnx517c54hg87dyqjky740000gn/T/.tmprWAL2M/tmp/ --threads 10

Input dir: /var/folders/zg/vq0dnx517c54hg87dyqjky740000gn/T/.tmprWAL2M/tmp/
Minimizer length: 15
Kminmer length: 30
Density: 0.005

Loading unitig graph
Load unitigs
Nb unitigs: 1466
Nb minimizers: 72954
Add unitig abundances
Sorting abundances
Add unitig edges
Nb unitig edges: 3256
Sorting unitig edges
Done loading unitig graph
Simplifying
Max abundance: 106
Nb unitigs: 1466
Superbubble
Nb superbubble removed: 142 0 (0s)
Tip
Nb Tip removed: 274 (0s)
Superbubble
Nb superbubble removed: 144 0 (0s)
Tip
Nb Tip removed: 0 (0s)
Nb errors removed: 320 (0s)
Superbubble
Nb superbubble removed: 4 0 (0s)
Tip
Nb Tip removed: 0 (0s)
Nb errors removed: 38 (0s)
Superbubble
Nb superbubble removed: 0 0 (0s)
Tip
Nb Tip removed: 0 (0s)
Nb errors removed: 24 (0s)
Superbubble
Nb superbubble removed: 0 0 (0s)
Tip
Nb Tip removed: 0 (0s)
Nb errors removed: 7 (0s)
Superbubble
Nb superbubble removed: 0 0 (0s)
Tip
Nb Tip removed: 0 (0s)
Nb errors removed: 3 (0s)
Superbubble
Nb superbubble removed: 0 0 (0s)
Tip
Nb Tip removed: 0 (0s)
Nb errors removed: 4 (0s)
Superbubble
Nb superbubble removed: 0 0 (0s)
Tip
Nb Tip removed: 0 (0s)
Nb errors removed: 5 (0s)
Superbubble
Nb superbubble removed: 0 0 (0s)
Tip
Nb Tip removed: 0 (0s)
Nb errors removed: 2 (0s)
Superbubble
Nb superbubble removed: 0 0 (0s)
Tip
Nb Tip removed: 0 (0s)
Nb errors removed: 1 (0s)
Superbubble
Nb superbubble removed: 0 0 (0s)
Tip
Nb Tip removed: 0 (0s)
Nb errors removed: 1 (0s)
Superbubble
Nb superbubble removed: 0 0 (0s)
Tip
Nb Tip removed: 0 (0s)
Nb errors removed: 2 (0s)
Superbubble
Nb superbubble removed: 0 0 (0s)
Tip
Nb Tip removed: 0 (0s)
Nb errors removed: 1 (0s)
Superbubble
Nb superbubble removed: 0 0 (0s)
Tip
Nb Tip removed: 0 (0s)
Nb errors removed: 1 (0s)
Superbubble
Nb superbubble removed: 0 0 (0s)
Tip
Nb Tip removed: 0 (0s)
Nb errors removed: 4 (0s)
Superbubble
Nb superbubble removed: 0 0 (0s)
Tip
Nb Tip removed: 0 (0s)
Checksum: 0
Checksum abundnace: 0
Generating contigs
41.1448
34.004
30.9127
28.1025
23.2252
13.11
9.84974
8.14028
7.40025
6.11591
5.05447
4.17725
3.13843
2.14359
0


metaMDBG toMinspace  /var/folders/zg/vq0dnx517c54hg87dyqjky740000gn/T/.tmprWAL2M/tmp/ /var/folders/zg/vq0dnx517c54hg87dyqjky740000gn/T/.tmprWAL2M/tmp//contigs.nodepath /var/folders/zg/vq0dnx517c54hg87dyqjky740000gn/T/.tmprWAL2M/tmp//unitig_data.txt --threads 10

Input dir: /var/folders/zg/vq0dnx517c54hg87dyqjky740000gn/T/.tmprWAL2M/tmp/
Minimizer length: 15
Kminmer length: 30
Density: 0.005

Loading unitig sequences

Creating mContigs

Contig filename: /var/folders/zg/vq0dnx517c54hg87dyqjky740000gn/T/.tmprWAL2M/tmp//unitig_data.txt
pass done: 30
Multi-k pass: 31/205


metaMDBG graph /var/folders/zg/vq0dnx517c54hg87dyqjky740000gn/T/.tmprWAL2M/tmp/ --threads 10 --corrected-read 

Contig filename: 
Output dir: /var/folders/zg/vq0dnx517c54hg87dyqjky740000gn/T/.tmprWAL2M/tmp/
Minimizer length: 15
Kminmer length: 31
Density: 0.005
Min abundance: 0

Loading refined abundances
	Duration: 0
Collecting kminmers
Building mdbg
Duration: 0
Nb solid kminmers: 30584
Nb small contigs written: 0
Dump kminmer abundances
	Duration: 0
Indexing edges
Edge index size: 30434
Edge index elements: 54132
	Duration: 0
Compute unitig nodes
	Duration: 0
Index unitig edges
	Duration: 0
Compute unitig edges
	Duration: 0
Dump unitig abundances
	Duration: 0
Nb edges:   0


metaMDBG contig  /var/folders/zg/vq0dnx517c54hg87dyqjky740000gn/T/.tmprWAL2M/tmp/ --threads 10 --gen-graph 

Input dir: /var/folders/zg/vq0dnx517c54hg87dyqjky740000gn/T/.tmprWAL2M/tmp/
Minimizer length: 15
Kminmer length: 31
Density: 0.005

Loading unitig graph
Load unitigs
Nb unitigs: 1455
Nb minimizers: 74234
Add unitig abundances
Sorting abundances
Add unitig edges
Nb unitig edges: 3228
Sorting unitig edges
Done loading unitig graph
Simplifying
Max abundance: 48
Nb unitigs: 1455
Superbubble
Nb superbubble removed: 134 0 (0s)
Tip
Nb Tip removed: 265 (0s)
Superbubble
Nb superbubble removed: 146 0 (0s)
Tip
Nb Tip removed: 0 (0s)
Saving unitig graph: /var/folders/zg/vq0dnx517c54hg87dyqjky740000gn/T/.tmprWAL2M/tmp//assembly_graph.gfa
Nb errors removed: 314 (0s)
Superbubble
Nb superbubble removed: 4 0 (0s)
Tip
Nb Tip removed: 0 (0s)
Nb errors removed: 37 (0s)
Superbubble
Nb superbubble removed: 0 0 (0s)
Tip
Nb Tip removed: 0 (0s)
Nb errors removed: 24 (0s)
Superbubble
Nb superbubble removed: 0 0 (0s)
Tip
Nb Tip removed: 0 (0s)
Nb errors removed: 8 (0s)
Superbubble
Nb superbubble removed: 0 0 (0s)
Tip
Nb Tip removed: 0 (0s)
Nb errors removed: 3 (0s)
Superbubble
Nb superbubble removed: 0 0 (0s)
Tip
Nb Tip removed: 0 (0s)
Nb errors removed: 4 (0s)
Superbubble
Nb superbubble removed: 0 0 (0s)
Tip
Nb Tip removed: 0 (0s)
Nb errors removed: 5 (0s)
Superbubble
Nb superbubble removed: 0 0 (0s)
Tip
Nb Tip removed: 0 (0s)
Nb errors removed: 2 (0s)
Superbubble
Nb superbubble removed: 0 0 (0s)
Tip
Nb Tip removed: 0 (0s)
Nb errors removed: 1 (0s)
Superbubble
Nb superbubble removed: 0 0 (0s)
Tip
Nb Tip removed: 0 (0s)
Nb errors removed: 1 (0s)
Superbubble
Nb superbubble removed: 0 0 (0s)
Tip
Nb Tip removed: 0 (0s)
Nb errors removed: 2 (0s)
Superbubble
Nb superbubble removed: 0 0 (0s)
Tip
Nb Tip removed: 0 (0s)
Nb errors removed: 1 (0s)
Superbubble
Nb superbubble removed: 0 0 (0s)
Tip
Nb Tip removed: 0 (0s)
Nb errors removed: 1 (0s)
Superbubble
Nb superbubble removed: 0 0 (0s)
Tip
Nb Tip removed: 0 (0s)
Nb errors removed: 4 (0s)
Superbubble
Nb superbubble removed: 0 0 (0s)
Tip
Nb Tip removed: 0 (0s)
Checksum: 0
Checksum abundnace: 0
Generating contigs
41.1448
34.004
30.9127
28.1025
23.2252
13.11
9.84974
8.14028
7.40025
6.11591
5.05447
4.17725
3.13843
2.14359
0


metaMDBG toMinspace  /var/folders/zg/vq0dnx517c54hg87dyqjky740000gn/T/.tmprWAL2M/tmp/ /var/folders/zg/vq0dnx517c54hg87dyqjky740000gn/T/.tmprWAL2M/tmp//contigs.nodepath /var/folders/zg/vq0dnx517c54hg87dyqjky740000gn/T/.tmprWAL2M/tmp//unitig_data.txt --threads 10

Input dir: /var/folders/zg/vq0dnx517c54hg87dyqjky740000gn/T/.tmprWAL2M/tmp/
Minimizer length: 15
Kminmer length: 31
Density: 0.005

Loading unitig sequences

Creating mContigs

Contig filename: /var/folders/zg/vq0dnx517c54hg87dyqjky740000gn/T/.tmprWAL2M/tmp//unitig_data.txt


metaMDBG toMinspace  /var/folders/zg/vq0dnx517c54hg87dyqjky740000gn/T/.tmprWAL2M/tmp/ /var/folders/zg/vq0dnx517c54hg87dyqjky740000gn/T/.tmprWAL2M/tmp//assembly_graph.gfa.unitigs.nodepath /var/folders/zg/vq0dnx517c54hg87dyqjky740000gn/T/.tmprWAL2M/tmp//assembly_graph.gfa.unitigs --threads 10

Input dir: /var/folders/zg/vq0dnx517c54hg87dyqjky740000gn/T/.tmprWAL2M/tmp/
Minimizer length: 15
Kminmer length: 31
Density: 0.005

Loading unitig sequences

Creating mContigs

Contig filename: /var/folders/zg/vq0dnx517c54hg87dyqjky740000gn/T/.tmprWAL2M/tmp//assembly_graph.gfa.unitigs
pass done: 31
Multi-k pass: 32/205


metaMDBG graph /var/folders/zg/vq0dnx517c54hg87dyqjky740000gn/T/.tmprWAL2M/tmp/ --threads 10 --corrected-read 

Contig filename: 
Output dir: /var/folders/zg/vq0dnx517c54hg87dyqjky740000gn/T/.tmprWAL2M/tmp/
Minimizer length: 15
Kminmer length: 32
Density: 0.005
Min abundance: 0

Loading refined abundances
	Duration: 0
Collecting kminmers
Building mdbg
Duration: 0
Nb solid kminmers: 30727
Nb small contigs written: 0
Dump kminmer abundances
	Duration: 0
Indexing edges
Edge index size: 30577
Edge index elements: 54067
	Duration: 0
Compute unitig nodes
	Duration: 0
Index unitig edges
	Duration: 0
Compute unitig edges
	Duration: 0
Dump unitig abundances
	Duration: 0
Nb edges:   0


metaMDBG contig  /var/folders/zg/vq0dnx517c54hg87dyqjky740000gn/T/.tmprWAL2M/tmp/ --threads 10

Input dir: /var/folders/zg/vq0dnx517c54hg87dyqjky740000gn/T/.tmprWAL2M/tmp/
Minimizer length: 15
Kminmer length: 32
Density: 0.005

Loading unitig graph
Load unitigs
Nb unitigs: 1445
Nb minimizers: 75522
Add unitig abundances
Sorting abundances
Add unitig edges
Nb unitig edges: 3216
Sorting unitig edges
Done loading unitig graph
Simplifying
Max abundance: 41
Nb unitigs: 1445
Superbubble
Nb superbubble removed: 124 0 (0s)
Tip
Nb Tip removed: 263 (0s)
Superbubble
Nb superbubble removed: 144 0 (0s)
Tip
Nb Tip removed: 0 (0s)
Nb errors removed: 307 (0s)
Superbubble
Nb superbubble removed: 4 0 (0s)
Tip
Nb Tip removed: 0 (0s)
Nb errors removed: 41 (0s)
Superbubble
Nb superbubble removed: 0 0 (0s)
Tip
Nb Tip removed: 0 (0s)
Nb errors removed: 24 (0s)
Superbubble
Nb superbubble removed: 0 0 (0s)
Tip
Nb Tip removed: 0 (0s)
Nb errors removed: 8 (0s)
Superbubble
Nb superbubble removed: 0 0 (0s)
Tip
Nb Tip removed: 0 (0s)
Nb errors removed: 3 (0s)
Superbubble
Nb superbubble removed: 0 0 (0s)
Tip
Nb Tip removed: 0 (0s)
Nb errors removed: 4 (0s)
Superbubble
Nb superbubble removed: 0 0 (0s)
Tip
Nb Tip removed: 0 (0s)
Nb errors removed: 5 (0s)
Superbubble
Nb superbubble removed: 0 0 (0s)
Tip
Nb Tip removed: 0 (0s)
Nb errors removed: 2 (0s)
Superbubble
Nb superbubble removed: 0 0 (0s)
Tip
Nb Tip removed: 0 (0s)
Nb errors removed: 1 (0s)
Superbubble
Nb superbubble removed: 0 0 (0s)
Tip
Nb Tip removed: 0 (0s)
Nb errors removed: 1 (0s)
Superbubble
Nb superbubble removed: 0 0 (0s)
Tip
Nb Tip removed: 0 (0s)
Nb errors removed: 3 (0s)
Superbubble
Nb superbubble removed: 0 0 (0s)
Tip
Nb Tip removed: 0 (0s)
Nb errors removed: 1 (0s)
Superbubble
Nb superbubble removed: 0 0 (0s)
Tip
Nb Tip removed: 0 (0s)
Nb errors removed: 4 (0s)
Superbubble
Nb superbubble removed: 0 0 (0s)
Tip
Nb Tip removed: 0 (0s)
Checksum: 0
Checksum abundnace: 0
Generating contigs
41.1448
30.9127
28.1025
23.2252
13.11
9.84974
8.14028
7.40025
6.11591
5.05447
4.17725
3.13843
2.14359
0


metaMDBG toMinspace  /var/folders/zg/vq0dnx517c54hg87dyqjky740000gn/T/.tmprWAL2M/tmp/ /var/folders/zg/vq0dnx517c54hg87dyqjky740000gn/T/.tmprWAL2M/tmp//contigs.nodepath /var/folders/zg/vq0dnx517c54hg87dyqjky740000gn/T/.tmprWAL2M/tmp//unitig_data.txt --threads 10

Input dir: /var/folders/zg/vq0dnx517c54hg87dyqjky740000gn/T/.tmprWAL2M/tmp/
Minimizer length: 15
Kminmer length: 32
Density: 0.005

Loading unitig sequences

Creating mContigs

Contig filename: /var/folders/zg/vq0dnx517c54hg87dyqjky740000gn/T/.tmprWAL2M/tmp//unitig_data.txt
pass done: 32
Multi-k pass: 33/205


metaMDBG graph /var/folders/zg/vq0dnx517c54hg87dyqjky740000gn/T/.tmprWAL2M/tmp/ --threads 10 --corrected-read 

Contig filename: 
Output dir: /var/folders/zg/vq0dnx517c54hg87dyqjky740000gn/T/.tmprWAL2M/tmp/
Minimizer length: 15
Kminmer length: 33
Density: 0.005
Min abundance: 0

Loading refined abundances
	Duration: 0
Collecting kminmers
Building mdbg
Duration: 0
Nb solid kminmers: 30866
Nb small contigs written: 0
Dump kminmer abundances
	Duration: 0
Indexing edges
Edge index size: 30717
Edge index elements: 55052
	Duration: 0
Compute unitig nodes
	Duration: 0
Index unitig edges
	Duration: 0
Compute unitig edges
	Duration: 0
Dump unitig abundances
	Duration: 0
Nb edges:   0


metaMDBG contig  /var/folders/zg/vq0dnx517c54hg87dyqjky740000gn/T/.tmprWAL2M/tmp/ --threads 10

Input dir: /var/folders/zg/vq0dnx517c54hg87dyqjky740000gn/T/.tmprWAL2M/tmp/
Minimizer length: 15
Kminmer length: 33
Density: 0.005

Loading unitig graph
Load unitigs
Nb unitigs: 1433
Nb minimizers: 76722
Add unitig abundances
Sorting abundances
Add unitig edges
Nb unitig edges: 3174
Sorting unitig edges
Done loading unitig graph
Simplifying
Max abundance: 41
Nb unitigs: 1433
Superbubble
Nb superbubble removed: 126 0 (0s)
Tip
Nb Tip removed: 267 (0s)
Superbubble
Nb superbubble removed: 138 0 (0s)
Tip
Nb Tip removed: 0 (0s)
Nb errors removed: 302 (0s)
Superbubble
Nb superbubble removed: 2 0 (0s)
Tip
Nb Tip removed: 0 (0s)
Nb errors removed: 43 (0s)
Superbubble
Nb superbubble removed: 0 0 (0s)
Tip
Nb Tip removed: 0 (0s)
Nb errors removed: 24 (0s)
Superbubble
Nb superbubble removed: 0 0 (0s)
Tip
Nb Tip removed: 0 (0s)
Nb errors removed: 7 (0s)
Superbubble
Nb superbubble removed: 0 0 (0s)
Tip
Nb Tip removed: 0 (0s)
Nb errors removed: 3 (0s)
Superbubble
Nb superbubble removed: 0 0 (0s)
Tip
Nb Tip removed: 0 (0s)
Nb errors removed: 4 (0s)
Superbubble
Nb superbubble removed: 0 0 (0s)
Tip
Nb Tip removed: 0 (0s)
Nb errors removed: 5 (0s)
Superbubble
Nb superbubble removed: 0 0 (0s)
Tip
Nb Tip removed: 0 (0s)
Nb errors removed: 2 (0s)
Superbubble
Nb superbubble removed: 0 0 (0s)
Tip
Nb Tip removed: 0 (0s)
Nb errors removed: 1 (0s)
Superbubble
Nb superbubble removed: 0 0 (0s)
Tip
Nb Tip removed: 0 (0s)
Nb errors removed: 1 (0s)
Superbubble
Nb superbubble removed: 0 0 (0s)
Tip
Nb Tip removed: 0 (0s)
Nb errors removed: 2 (0s)
Superbubble
Nb superbubble removed: 0 0 (0s)
Tip
Nb Tip removed: 0 (0s)
Nb errors removed: 1 (0s)
Superbubble
Nb superbubble removed: 0 0 (0s)
Tip
Nb Tip removed: 0 (0s)
Nb errors removed: 4 (0s)
Superbubble
Nb superbubble removed: 0 0 (0s)
Tip
Nb Tip removed: 0 (0s)
Checksum: 0
Checksum abundnace: 0
Generating contigs
41.1448
34.004
28.1025
23.2252
13.11
9.84974
8.14028
7.40025
6.11591
5.05447
4.17725
3.13843
2.14359
0


metaMDBG toMinspace  /var/folders/zg/vq0dnx517c54hg87dyqjky740000gn/T/.tmprWAL2M/tmp/ /var/folders/zg/vq0dnx517c54hg87dyqjky740000gn/T/.tmprWAL2M/tmp//contigs.nodepath /var/folders/zg/vq0dnx517c54hg87dyqjky740000gn/T/.tmprWAL2M/tmp//unitig_data.txt --threads 10

Input dir: /var/folders/zg/vq0dnx517c54hg87dyqjky740000gn/T/.tmprWAL2M/tmp/
Minimizer length: 15
Kminmer length: 33
Density: 0.005

Loading unitig sequences

Creating mContigs

Contig filename: /var/folders/zg/vq0dnx517c54hg87dyqjky740000gn/T/.tmprWAL2M/tmp//unitig_data.txt
pass done: 33
Multi-k pass: 34/205


metaMDBG graph /var/folders/zg/vq0dnx517c54hg87dyqjky740000gn/T/.tmprWAL2M/tmp/ --threads 10 --corrected-read 

Contig filename: 
Output dir: /var/folders/zg/vq0dnx517c54hg87dyqjky740000gn/T/.tmprWAL2M/tmp/
Minimizer length: 15
Kminmer length: 34
Density: 0.005
Min abundance: 0

Loading refined abundances
	Duration: 0
Collecting kminmers
Building mdbg
Duration: 0
Nb solid kminmers: 31003
Nb small contigs written: 0
Dump kminmer abundances
	Duration: 0
Indexing edges
Edge index size: 30860
Edge index elements: 54956
	Duration: 0
Compute unitig nodes
	Duration: 0
Index unitig edges
	Duration: 0
Compute unitig edges
	Duration: 0
Dump unitig abundances
	Duration: 0
Nb edges:   0


metaMDBG contig  /var/folders/zg/vq0dnx517c54hg87dyqjky740000gn/T/.tmprWAL2M/tmp/ --threads 10

Input dir: /var/folders/zg/vq0dnx517c54hg87dyqjky740000gn/T/.tmprWAL2M/tmp/
Minimizer length: 15
Kminmer length: 34
Density: 0.005

Loading unitig graph
Load unitigs
Nb unitigs: 1414
Nb minimizers: 77665
Add unitig abundances
Sorting abundances
Add unitig edges
Nb unitig edges: 3132
Sorting unitig edges
Done loading unitig graph
Simplifying
Max abundance: 41
Nb unitigs: 1414
Superbubble
Nb superbubble removed: 116 0 (0s)
Tip
Nb Tip removed: 266 (0s)
Superbubble
Nb superbubble removed: 142 0 (0s)
Tip
Nb Tip removed: 0 (0s)
Nb errors removed: 298 (0s)
Superbubble
Nb superbubble removed: 2 0 (0s)
Tip
Nb Tip removed: 0 (0s)
Nb errors removed: 46 (0s)
Superbubble
Nb superbubble removed: 0 0 (0s)
Tip
Nb Tip removed: 0 (0s)
Nb errors removed: 24 (0s)
Superbubble
Nb superbubble removed: 0 0 (0s)
Tip
Nb Tip removed: 0 (0s)
Nb errors removed: 7 (0s)
Superbubble
Nb superbubble removed: 0 0 (0s)
Tip
Nb Tip removed: 0 (0s)
Nb errors removed: 2 (0s)
Superbubble
Nb superbubble removed: 0 0 (0s)
Tip
Nb Tip removed: 0 (0s)
Nb errors removed: 6 (0s)
Superbubble
Nb superbubble removed: 0 0 (0s)
Tip
Nb Tip removed: 0 (0s)
Nb errors removed: 7 (0s)
Superbubble
Nb superbubble removed: 0 0 (0s)
Tip
Nb Tip removed: 0 (0s)
Nb errors removed: 2 (0s)
Superbubble
Nb superbubble removed: 0 0 (0s)
Tip
Nb Tip removed: 0 (0s)
Nb errors removed: 1 (0s)
Superbubble
Nb superbubble removed: 0 0 (0s)
Tip
Nb Tip removed: 0 (0s)
Nb errors removed: 1 (0s)
Superbubble
Nb superbubble removed: 0 0 (0s)
Tip
Nb Tip removed: 0 (0s)
Nb errors removed: 2 (0s)
Superbubble
Nb superbubble removed: 0 0 (0s)
Tip
Nb Tip removed: 0 (0s)
Nb errors removed: 1 (0s)
Superbubble
Nb superbubble removed: 0 0 (0s)
Tip
Nb Tip removed: 0 (0s)
Nb errors removed: 4 (0s)
Superbubble
Nb superbubble removed: 0 0 (0s)
Tip
Nb Tip removed: 0 (0s)
Checksum: 0
Checksum abundnace: 0
Generating contigs
41.1448
34.004
28.1025
23.2252
13.11
9.84974
8.14028
7.40025
6.11591
5.05447
4.17725
3.13843
2.14359
0


metaMDBG toMinspace  /var/folders/zg/vq0dnx517c54hg87dyqjky740000gn/T/.tmprWAL2M/tmp/ /var/folders/zg/vq0dnx517c54hg87dyqjky740000gn/T/.tmprWAL2M/tmp//contigs.nodepath /var/folders/zg/vq0dnx517c54hg87dyqjky740000gn/T/.tmprWAL2M/tmp//unitig_data.txt --threads 10

Input dir: /var/folders/zg/vq0dnx517c54hg87dyqjky740000gn/T/.tmprWAL2M/tmp/
Minimizer length: 15
Kminmer length: 34
Density: 0.005

Loading unitig sequences

Creating mContigs

Contig filename: /var/folders/zg/vq0dnx517c54hg87dyqjky740000gn/T/.tmprWAL2M/tmp//unitig_data.txt
pass done: 34
Multi-k pass: 35/205


metaMDBG graph /var/folders/zg/vq0dnx517c54hg87dyqjky740000gn/T/.tmprWAL2M/tmp/ --threads 10 --corrected-read 

Contig filename: 
Output dir: /var/folders/zg/vq0dnx517c54hg87dyqjky740000gn/T/.tmprWAL2M/tmp/
Minimizer length: 15
Kminmer length: 35
Density: 0.005
Min abundance: 0

Loading refined abundances
	Duration: 0
Collecting kminmers
Building mdbg
Duration: 0
Nb solid kminmers: 31135
Nb small contigs written: 0
Dump kminmer abundances
	Duration: 0
Indexing edges
Edge index size: 30998
Edge index elements: 55198
	Duration: 0
Compute unitig nodes
	Duration: 0
Index unitig edges
	Duration: 0
Compute unitig edges
	Duration: 0
Dump unitig abundances
	Duration: 0
Nb edges:   0


metaMDBG contig  /var/folders/zg/vq0dnx517c54hg87dyqjky740000gn/T/.tmprWAL2M/tmp/ --threads 10

Input dir: /var/folders/zg/vq0dnx517c54hg87dyqjky740000gn/T/.tmprWAL2M/tmp/
Minimizer length: 15
Kminmer length: 35
Density: 0.005

Loading unitig graph
Load unitigs
Nb unitigs: 1398
Nb minimizers: 78667
Add unitig abundances
Sorting abundances
Add unitig edges
Nb unitig edges: 3088
Sorting unitig edges
Done loading unitig graph
Simplifying
Max abundance: 41
Nb unitigs: 1398
Superbubble
Nb superbubble removed: 112 0 (0s)
Tip
Nb Tip removed: 263 (0s)
Superbubble
Nb superbubble removed: 142 0 (0s)
Tip
Nb Tip removed: 0 (0s)
Nb errors removed: 298 (0s)
Superbubble
Nb superbubble removed: 2 0 (0s)
Tip
Nb Tip removed: 0 (0s)
Nb errors removed: 47 (0s)
Superbubble
Nb superbubble removed: 0 0 (0s)
Tip
Nb Tip removed: 0 (0s)
Nb errors removed: 23 (0s)
Superbubble
Nb superbubble removed: 0 0 (0s)
Tip
Nb Tip removed: 0 (0s)
Nb errors removed: 6 (0s)
Superbubble
Nb superbubble removed: 0 0 (0s)
Tip
Nb Tip removed: 0 (0s)
Nb errors removed: 2 (0s)
Superbubble
Nb superbubble removed: 0 0 (0s)
Tip
Nb Tip removed: 0 (0s)
Nb errors removed: 6 (0s)
Superbubble
Nb superbubble removed: 0 0 (0s)
Tip
Nb Tip removed: 0 (0s)
Nb errors removed: 6 (0s)
Superbubble
Nb superbubble removed: 0 0 (0s)
Tip
Nb Tip removed: 0 (0s)
Nb errors removed: 3 (0s)
Superbubble
Nb superbubble removed: 0 0 (0s)
Tip
Nb Tip removed: 0 (0s)
Nb errors removed: 1 (0s)
Superbubble
Nb superbubble removed: 0 0 (0s)
Tip
Nb Tip removed: 0 (0s)
Nb errors removed: 1 (0s)
Superbubble
Nb superbubble removed: 0 0 (0s)
Tip
Nb Tip removed: 0 (0s)
Nb errors removed: 2 (0s)
Superbubble
Nb superbubble removed: 0 0 (0s)
Tip
Nb Tip removed: 0 (0s)
Nb errors removed: 1 (0s)
Superbubble
Nb superbubble removed: 0 0 (0s)
Tip
Nb Tip removed: 0 (0s)
Nb errors removed: 4 (0s)
Superbubble
Nb superbubble removed: 0 0 (0s)
Tip
Nb Tip removed: 0 (0s)
Checksum: 0
Checksum abundnace: 0
Generating contigs
41.1448
34.004
28.1025
23.2252
13.11
9.84974
8.14028
7.40025
6.11591
5.05447
4.17725
3.13843
2.14359
0


metaMDBG toMinspace  /var/folders/zg/vq0dnx517c54hg87dyqjky740000gn/T/.tmprWAL2M/tmp/ /var/folders/zg/vq0dnx517c54hg87dyqjky740000gn/T/.tmprWAL2M/tmp//contigs.nodepath /var/folders/zg/vq0dnx517c54hg87dyqjky740000gn/T/.tmprWAL2M/tmp//unitig_data.txt --threads 10

Input dir: /var/folders/zg/vq0dnx517c54hg87dyqjky740000gn/T/.tmprWAL2M/tmp/
Minimizer length: 15
Kminmer length: 35
Density: 0.005

Loading unitig sequences

Creating mContigs

Contig filename: /var/folders/zg/vq0dnx517c54hg87dyqjky740000gn/T/.tmprWAL2M/tmp//unitig_data.txt
pass done: 35
Multi-k pass: 36/205


metaMDBG graph /var/folders/zg/vq0dnx517c54hg87dyqjky740000gn/T/.tmprWAL2M/tmp/ --threads 10 --corrected-read 

Contig filename: 
Output dir: /var/folders/zg/vq0dnx517c54hg87dyqjky740000gn/T/.tmprWAL2M/tmp/
Minimizer length: 15
Kminmer length: 36
Density: 0.005
Min abundance: 0

Loading refined abundances
	Duration: 0
Collecting kminmers
Building mdbg
Duration: 0
Nb solid kminmers: 31265
Nb small contigs written: 0
Dump kminmer abundances
	Duration: 0
Indexing edges
Edge index size: 31125
Edge index elements: 55288
	Duration: 0
Compute unitig nodes
	Duration: 0
Index unitig edges
	Duration: 0
Compute unitig edges
	Duration: 0
Dump unitig abundances
	Duration: 0
Nb edges:   0


metaMDBG contig  /var/folders/zg/vq0dnx517c54hg87dyqjky740000gn/T/.tmprWAL2M/tmp/ --threads 10

Input dir: /var/folders/zg/vq0dnx517c54hg87dyqjky740000gn/T/.tmprWAL2M/tmp/
Minimizer length: 15
Kminmer length: 36
Density: 0.005

Loading unitig graph
Load unitigs
Nb unitigs: 1389
Nb minimizers: 79880
Add unitig abundances
Sorting abundances
Add unitig edges
Nb unitig edges: 3070
Sorting unitig edges
Done loading unitig graph
Simplifying
Max abundance: 41
Nb unitigs: 1389
Superbubble
Nb superbubble removed: 106 0 (0s)
Tip
Nb Tip removed: 266 (0s)
Superbubble
Nb superbubble removed: 140 0 (0s)
Tip
Nb Tip removed: 0 (0s)
Nb errors removed: 293 (0s)
Superbubble
Nb superbubble removed: 2 0 (0s)
Tip
Nb Tip removed: 0 (0s)
Nb errors removed: 47 (0s)
Superbubble
Nb superbubble removed: 0 0 (0s)
Tip
Nb Tip removed: 0 (0s)
Nb errors removed: 25 (0s)
Superbubble
Nb superbubble removed: 0 0 (0s)
Tip
Nb Tip removed: 0 (0s)
Nb errors removed: 6 (0s)
Superbubble
Nb superbubble removed: 0 0 (0s)
Tip
Nb Tip removed: 0 (0s)
Nb errors removed: 2 (0s)
Superbubble
Nb superbubble removed: 0 0 (0s)
Tip
Nb Tip removed: 0 (0s)
Nb errors removed: 6 (0s)
Superbubble
Nb superbubble removed: 0 0 (0s)
Tip
Nb Tip removed: 0 (0s)
Nb errors removed: 6 (0s)
Superbubble
Nb superbubble removed: 0 0 (0s)
Tip
Nb Tip removed: 0 (0s)
Nb errors removed: 3 (0s)
Superbubble
Nb superbubble removed: 0 0 (0s)
Tip
Nb Tip removed: 0 (0s)
Nb errors removed: 1 (0s)
Superbubble
Nb superbubble removed: 0 0 (0s)
Tip
Nb Tip removed: 0 (0s)
Nb errors removed: 1 (0s)
Superbubble
Nb superbubble removed: 0 0 (0s)
Tip
Nb Tip removed: 0 (0s)
Nb errors removed: 2 (0s)
Superbubble
Nb superbubble removed: 0 0 (0s)
Tip
Nb Tip removed: 0 (0s)
Nb errors removed: 1 (0s)
Superbubble
Nb superbubble removed: 0 0 (0s)
Tip
Nb Tip removed: 0 (0s)
Nb errors removed: 4 (0s)
Superbubble
Nb superbubble removed: 0 0 (0s)
Tip
Nb Tip removed: 0 (0s)
Checksum: 0
Checksum abundnace: 0
Generating contigs
41.1448
34.004
28.1025
23.2252
13.11
9.84974
8.14028
7.40025
6.11591
5.05447
4.17725
3.13843
2.14359
0


metaMDBG toMinspace  /var/folders/zg/vq0dnx517c54hg87dyqjky740000gn/T/.tmprWAL2M/tmp/ /var/folders/zg/vq0dnx517c54hg87dyqjky740000gn/T/.tmprWAL2M/tmp//contigs.nodepath /var/folders/zg/vq0dnx517c54hg87dyqjky740000gn/T/.tmprWAL2M/tmp//unitig_data.txt --threads 10

Input dir: /var/folders/zg/vq0dnx517c54hg87dyqjky740000gn/T/.tmprWAL2M/tmp/
Minimizer length: 15
Kminmer length: 36
Density: 0.005

Loading unitig sequences

Creating mContigs

Contig filename: /var/folders/zg/vq0dnx517c54hg87dyqjky740000gn/T/.tmprWAL2M/tmp//unitig_data.txt
pass done: 36
Multi-k pass: 37/205


metaMDBG graph /var/folders/zg/vq0dnx517c54hg87dyqjky740000gn/T/.tmprWAL2M/tmp/ --threads 10 --corrected-read 

Contig filename: 
Output dir: /var/folders/zg/vq0dnx517c54hg87dyqjky740000gn/T/.tmprWAL2M/tmp/
Minimizer length: 15
Kminmer length: 37
Density: 0.005
Min abundance: 0

Loading refined abundances
	Duration: 0
Collecting kminmers
Building mdbg
Duration: 0
Nb solid kminmers: 31395
Nb small contigs written: 0
Dump kminmer abundances
	Duration: 0
Indexing edges
Edge index size: 31257
Edge index elements: 55434
	Duration: 0
Compute unitig nodes
	Duration: 0
Index unitig edges
	Duration: 0
Compute unitig edges
	Duration: 0
Dump unitig abundances
	Duration: 0
Nb edges:   0


metaMDBG contig  /var/folders/zg/vq0dnx517c54hg87dyqjky740000gn/T/.tmprWAL2M/tmp/ --threads 10

Input dir: /var/folders/zg/vq0dnx517c54hg87dyqjky740000gn/T/.tmprWAL2M/tmp/
Minimizer length: 15
Kminmer length: 37
Density: 0.005

Loading unitig graph
Load unitigs
Nb unitigs: 1377
Nb minimizers: 80967
Add unitig abundances
Sorting abundances
Add unitig edges
Nb unitig edges: 3036
Sorting unitig edges
Done loading unitig graph
Simplifying
Max abundance: 41
Nb unitigs: 1377
Superbubble
Nb superbubble removed: 106 0 (0s)
Tip
Nb Tip removed: 269 (0s)
Superbubble
Nb superbubble removed: 140 0 (0s)
Tip
Nb Tip removed: 0 (0s)
Nb errors removed: 288 (0s)
Superbubble
Nb superbubble removed: 2 0 (0s)
Tip
Nb Tip removed: 0 (0s)
Nb errors removed: 46 (0s)
Superbubble
Nb superbubble removed: 0 0 (0s)
Tip
Nb Tip removed: 0 (0s)
Nb errors removed: 26 (0s)
Superbubble
Nb superbubble removed: 0 0 (0s)
Tip
Nb Tip removed: 0 (0s)
Nb errors removed: 9 (0s)
Superbubble
Nb superbubble removed: 0 0 (0s)
Tip
Nb Tip removed: 0 (0s)
Nb errors removed: 2 (0s)
Superbubble
Nb superbubble removed: 0 0 (0s)
Tip
Nb Tip removed: 0 (0s)
Nb errors removed: 6 (0s)
Superbubble
Nb superbubble removed: 0 0 (0s)
Tip
Nb Tip removed: 0 (0s)
Nb errors removed: 5 (0s)
Superbubble
Nb superbubble removed: 0 0 (0s)
Tip
Nb Tip removed: 0 (0s)
Nb errors removed: 3 (0s)
Superbubble
Nb superbubble removed: 0 0 (0s)
Tip
Nb Tip removed: 0 (0s)
Nb errors removed: 1 (0s)
Superbubble
Nb superbubble removed: 0 0 (0s)
Tip
Nb Tip removed: 0 (0s)
Nb errors removed: 2 (0s)
Superbubble
Nb superbubble removed: 0 0 (0s)
Tip
Nb Tip removed: 0 (0s)
Nb errors removed: 3 (0s)
Superbubble
Nb superbubble removed: 0 0 (0s)
Tip
Nb Tip removed: 0 (0s)
Checksum: 0
Checksum abundnace: 0
Generating contigs
41.1448
28.1025
23.2252
9.84974
8.14028
7.40025
6.11591
5.05447
4.17725
3.13843
2.14359
0


metaMDBG toMinspace  /var/folders/zg/vq0dnx517c54hg87dyqjky740000gn/T/.tmprWAL2M/tmp/ /var/folders/zg/vq0dnx517c54hg87dyqjky740000gn/T/.tmprWAL2M/tmp//contigs.nodepath /var/folders/zg/vq0dnx517c54hg87dyqjky740000gn/T/.tmprWAL2M/tmp//unitig_data.txt --threads 10

Input dir: /var/folders/zg/vq0dnx517c54hg87dyqjky740000gn/T/.tmprWAL2M/tmp/
Minimizer length: 15
Kminmer length: 37
Density: 0.005

Loading unitig sequences

Creating mContigs

Contig filename: /var/folders/zg/vq0dnx517c54hg87dyqjky740000gn/T/.tmprWAL2M/tmp//unitig_data.txt
pass done: 37
Multi-k pass: 38/205


metaMDBG graph /var/folders/zg/vq0dnx517c54hg87dyqjky740000gn/T/.tmprWAL2M/tmp/ --threads 10 --corrected-read 

Contig filename: 
Output dir: /var/folders/zg/vq0dnx517c54hg87dyqjky740000gn/T/.tmprWAL2M/tmp/
Minimizer length: 15
Kminmer length: 38
Density: 0.005
Min abundance: 0

Loading refined abundances
	Duration: 0
Collecting kminmers
Building mdbg
Duration: 0
Nb solid kminmers: 31523
Nb small contigs written: 0
Dump kminmer abundances
	Duration: 0
Indexing edges
Edge index size: 31386
Edge index elements: 55752
	Duration: 0
Compute unitig nodes
	Duration: 0
Index unitig edges
	Duration: 0
Compute unitig edges
	Duration: 0
Dump unitig abundances
	Duration: 0
Nb edges:   0


metaMDBG contig  /var/folders/zg/vq0dnx517c54hg87dyqjky740000gn/T/.tmprWAL2M/tmp/ --threads 10

Input dir: /var/folders/zg/vq0dnx517c54hg87dyqjky740000gn/T/.tmprWAL2M/tmp/
Minimizer length: 15
Kminmer length: 38
Density: 0.005

Loading unitig graph
Load unitigs
Nb unitigs: 1360
Nb minimizers: 81843
Add unitig abundances
Sorting abundances
Add unitig edges
Nb unitig edges: 3004
Sorting unitig edges
Done loading unitig graph
Simplifying
Max abundance: 41
Nb unitigs: 1360
Superbubble
Nb superbubble removed: 100 0 (0s)
Tip
Nb Tip removed: 275 (0s)
Superbubble
Nb superbubble removed: 136 0 (0s)
Tip
Nb Tip removed: 0 (0s)
Nb errors removed: 282 (0s)
Superbubble
Nb superbubble removed: 2 0 (0s)
Tip
Nb Tip removed: 0 (0s)
Nb errors removed: 51 (0s)
Superbubble
Nb superbubble removed: 0 0 (0s)
Tip
Nb Tip removed: 0 (0s)
Nb errors removed: 26 (0s)
Superbubble
Nb superbubble removed: 0 0 (0s)
Tip
Nb Tip removed: 0 (0s)
Nb errors removed: 10 (0s)
Superbubble
Nb superbubble removed: 0 0 (0s)
Tip
Nb Tip removed: 0 (0s)
Nb errors removed: 2 (0s)
Superbubble
Nb superbubble removed: 0 0 (0s)
Tip
Nb Tip removed: 0 (0s)
Nb errors removed: 6 (0s)
Superbubble
Nb superbubble removed: 0 0 (0s)
Tip
Nb Tip removed: 0 (0s)
Nb errors removed: 6 (0s)
Superbubble
Nb superbubble removed: 0 0 (0s)
Tip
Nb Tip removed: 0 (0s)
Nb errors removed: 3 (0s)
Superbubble
Nb superbubble removed: 0 0 (0s)
Tip
Nb Tip removed: 0 (0s)
Nb errors removed: 1 (0s)
Superbubble
Nb superbubble removed: 0 0 (0s)
Tip
Nb Tip removed: 0 (0s)
Nb errors removed: 1 (0s)
Superbubble
Nb superbubble removed: 0 0 (0s)
Tip
Nb Tip removed: 0 (0s)
Nb errors removed: 2 (0s)
Superbubble
Nb superbubble removed: 0 0 (0s)
Tip
Nb Tip removed: 0 (0s)
Nb errors removed: 3 (0s)
Superbubble
Nb superbubble removed: 0 0 (0s)
Tip
Nb Tip removed: 0 (0s)
Checksum: 0
Checksum abundnace: 0
Generating contigs
41.1448
28.1025
23.2252
10.8347
9.84974
8.14028
7.40025
6.11591
5.05447
4.17725
3.13843
2.14359
0


metaMDBG toMinspace  /var/folders/zg/vq0dnx517c54hg87dyqjky740000gn/T/.tmprWAL2M/tmp/ /var/folders/zg/vq0dnx517c54hg87dyqjky740000gn/T/.tmprWAL2M/tmp//contigs.nodepath /var/folders/zg/vq0dnx517c54hg87dyqjky740000gn/T/.tmprWAL2M/tmp//unitig_data.txt --threads 10

Input dir: /var/folders/zg/vq0dnx517c54hg87dyqjky740000gn/T/.tmprWAL2M/tmp/
Minimizer length: 15
Kminmer length: 38
Density: 0.005

Loading unitig sequences

Creating mContigs

Contig filename: /var/folders/zg/vq0dnx517c54hg87dyqjky740000gn/T/.tmprWAL2M/tmp//unitig_data.txt
pass done: 38
Multi-k pass: 39/205


metaMDBG graph /var/folders/zg/vq0dnx517c54hg87dyqjky740000gn/T/.tmprWAL2M/tmp/ --threads 10 --corrected-read 

Contig filename: 
Output dir: /var/folders/zg/vq0dnx517c54hg87dyqjky740000gn/T/.tmprWAL2M/tmp/
Minimizer length: 15
Kminmer length: 39
Density: 0.005
Min abundance: 0

Loading refined abundances
	Duration: 0
Collecting kminmers
Building mdbg
Duration: 0
Nb solid kminmers: 31649
Nb small contigs written: 0
Dump kminmer abundances
	Duration: 0
Indexing edges
Edge index size: 31519
Edge index elements: 55947
	Duration: 0
Compute unitig nodes
	Duration: 0
Index unitig edges
	Duration: 0
Compute unitig edges
	Duration: 0
Dump unitig abundances
	Duration: 0
Nb edges:   0


metaMDBG contig  /var/folders/zg/vq0dnx517c54hg87dyqjky740000gn/T/.tmprWAL2M/tmp/ --threads 10

Input dir: /var/folders/zg/vq0dnx517c54hg87dyqjky740000gn/T/.tmprWAL2M/tmp/
Minimizer length: 15
Kminmer length: 39
Density: 0.005

Loading unitig graph
Load unitigs
Nb unitigs: 1344
Nb minimizers: 82721
Add unitig abundances
Sorting abundances
Add unitig edges
Nb unitig edges: 2962
Sorting unitig edges
Done loading unitig graph
Simplifying
Max abundance: 41
Nb unitigs: 1344
Superbubble
Nb superbubble removed: 94 0 (0s)
Tip
Nb Tip removed: 274 (0s)
Superbubble
Nb superbubble removed: 134 0 (0s)
Tip
Nb Tip removed: 0 (0s)
Nb errors removed: 279 (0s)
Superbubble
Nb superbubble removed: 2 0 (0s)
Tip
Nb Tip removed: 0 (0s)
Nb errors removed: 51 (0s)
Superbubble
Nb superbubble removed: 0 0 (0s)
Tip
Nb Tip removed: 0 (0s)
Nb errors removed: 27 (0s)
Superbubble
Nb superbubble removed: 0 0 (0s)
Tip
Nb Tip removed: 0 (0s)
Nb errors removed: 11 (0s)
Superbubble
Nb superbubble removed: 0 0 (0s)
Tip
Nb Tip removed: 0 (0s)
Nb errors removed: 2 (0s)
Superbubble
Nb superbubble removed: 0 0 (0s)
Tip
Nb Tip removed: 0 (0s)
Nb errors removed: 6 (0s)
Superbubble
Nb superbubble removed: 0 0 (0s)
Tip
Nb Tip removed: 0 (0s)
Nb errors removed: 6 (0s)
Superbubble
Nb superbubble removed: 0 0 (0s)
Tip
Nb Tip removed: 0 (0s)
Nb errors removed: 5 (0s)
Superbubble
Nb superbubble removed: 0 0 (0s)
Tip
Nb Tip removed: 0 (0s)
Nb errors removed: 3 (0s)
Superbubble
Nb superbubble removed: 0 0 (0s)
Tip
Nb Tip removed: 0 (0s)
Nb errors removed: 1 (0s)
Superbubble
Nb superbubble removed: 0 0 (0s)
Tip
Nb Tip removed: 0 (0s)
Nb errors removed: 2 (0s)
Superbubble
Nb superbubble removed: 0 0 (0s)
Tip
Nb Tip removed: 0 (0s)
Nb errors removed: 3 (0s)
Superbubble
Nb superbubble removed: 0 0 (0s)
Tip
Nb Tip removed: 0 (0s)
Checksum: 0
Checksum abundnace: 0
Generating contigs
41.1448
28.1025
23.2252
10.8347
9.84974
8.14028
7.40025
6.11591
5.05447
4.17725
3.13843
2.14359
0


metaMDBG toMinspace  /var/folders/zg/vq0dnx517c54hg87dyqjky740000gn/T/.tmprWAL2M/tmp/ /var/folders/zg/vq0dnx517c54hg87dyqjky740000gn/T/.tmprWAL2M/tmp//contigs.nodepath /var/folders/zg/vq0dnx517c54hg87dyqjky740000gn/T/.tmprWAL2M/tmp//unitig_data.txt --threads 10

Input dir: /var/folders/zg/vq0dnx517c54hg87dyqjky740000gn/T/.tmprWAL2M/tmp/
Minimizer length: 15
Kminmer length: 39
Density: 0.005

Loading unitig sequences

Creating mContigs

Contig filename: /var/folders/zg/vq0dnx517c54hg87dyqjky740000gn/T/.tmprWAL2M/tmp//unitig_data.txt
pass done: 39
Multi-k pass: 40/205


metaMDBG graph /var/folders/zg/vq0dnx517c54hg87dyqjky740000gn/T/.tmprWAL2M/tmp/ --threads 10 --corrected-read 

Contig filename: 
Output dir: /var/folders/zg/vq0dnx517c54hg87dyqjky740000gn/T/.tmprWAL2M/tmp/
Minimizer length: 15
Kminmer length: 40
Density: 0.005
Min abundance: 0

Loading refined abundances
	Duration: 0
Collecting kminmers
Building mdbg
Duration: 0
Nb solid kminmers: 31772
Nb small contigs written: 0
Dump kminmer abundances
	Duration: 0
Indexing edges
Edge index size: 31641
Edge index elements: 56218
	Duration: 0
Compute unitig nodes
	Duration: 0
Index unitig edges
	Duration: 0
Compute unitig edges
	Duration: 0
Dump unitig abundances
	Duration: 0
Nb edges:   0


metaMDBG contig  /var/folders/zg/vq0dnx517c54hg87dyqjky740000gn/T/.tmprWAL2M/tmp/ --threads 10

Input dir: /var/folders/zg/vq0dnx517c54hg87dyqjky740000gn/T/.tmprWAL2M/tmp/
Minimizer length: 15
Kminmer length: 40
Density: 0.005

Loading unitig graph
Load unitigs
Nb unitigs: 1334
Nb minimizers: 83798
Add unitig abundances
Sorting abundances
Add unitig edges
Nb unitig edges: 2942
Sorting unitig edges
Done loading unitig graph
Simplifying
Max abundance: 41
Nb unitigs: 1334
Superbubble
Nb superbubble removed: 92 0 (0s)
Tip
Nb Tip removed: 267 (0s)
Superbubble
Nb superbubble removed: 132 0 (0s)
Tip
Nb Tip removed: 0 (0s)
Nb errors removed: 270 (0s)
Superbubble
Nb superbubble removed: 2 0 (0s)
Tip
Nb Tip removed: 0 (0s)
Nb errors removed: 51 (0s)
Superbubble
Nb superbubble removed: 0 0 (0s)
Tip
Nb Tip removed: 0 (0s)
Nb errors removed: 29 (0s)
Superbubble
Nb superbubble removed: 0 0 (0s)
Tip
Nb Tip removed: 0 (0s)
Nb errors removed: 11 (0s)
Superbubble
Nb superbubble removed: 0 0 (0s)
Tip
Nb Tip removed: 0 (0s)
Nb errors removed: 2 (0s)
Superbubble
Nb superbubble removed: 0 0 (0s)
Tip
Nb Tip removed: 0 (0s)
Nb errors removed: 5 (0s)
Superbubble
Nb superbubble removed: 0 0 (0s)
Tip
Nb Tip removed: 0 (0s)
Nb errors removed: 6 (0s)
Superbubble
Nb superbubble removed: 0 0 (0s)
Tip
Nb Tip removed: 0 (0s)
Nb errors removed: 5 (0s)
Superbubble
Nb superbubble removed: 0 0 (0s)
Tip
Nb Tip removed: 0 (0s)
Nb errors removed: 3 (0s)
Superbubble
Nb superbubble removed: 0 0 (0s)
Tip
Nb Tip removed: 0 (0s)
Nb errors removed: 1 (0s)
Superbubble
Nb superbubble removed: 0 0 (0s)
Tip
Nb Tip removed: 0 (0s)
Nb errors removed: 2 (0s)
Superbubble
Nb superbubble removed: 0 0 (0s)
Tip
Nb Tip removed: 0 (0s)
Nb errors removed: 3 (0s)
Superbubble
Nb superbubble removed: 0 0 (0s)
Tip
Nb Tip removed: 0 (0s)
Checksum: 0
Checksum abundnace: 0
Generating contigs
41.1448
28.1025
23.2252
10.8347
9.84974
8.14028
7.40025
6.11591
5.05447
4.17725
3.13843
2.14359
0


metaMDBG toMinspace  /var/folders/zg/vq0dnx517c54hg87dyqjky740000gn/T/.tmprWAL2M/tmp/ /var/folders/zg/vq0dnx517c54hg87dyqjky740000gn/T/.tmprWAL2M/tmp//contigs.nodepath /var/folders/zg/vq0dnx517c54hg87dyqjky740000gn/T/.tmprWAL2M/tmp//unitig_data.txt --threads 10

Input dir: /var/folders/zg/vq0dnx517c54hg87dyqjky740000gn/T/.tmprWAL2M/tmp/
Minimizer length: 15
Kminmer length: 40
Density: 0.005

Loading unitig sequences

Creating mContigs

Contig filename: /var/folders/zg/vq0dnx517c54hg87dyqjky740000gn/T/.tmprWAL2M/tmp//unitig_data.txt
pass done: 40
Multi-k pass: 41/205


metaMDBG graph /var/folders/zg/vq0dnx517c54hg87dyqjky740000gn/T/.tmprWAL2M/tmp/ --threads 10 --corrected-read 

Contig filename: 
Output dir: /var/folders/zg/vq0dnx517c54hg87dyqjky740000gn/T/.tmprWAL2M/tmp/
Minimizer length: 15
Kminmer length: 41
Density: 0.005
Min abundance: 0

Loading refined abundances
	Duration: 0
Collecting kminmers
Building mdbg
Duration: 0
Nb solid kminmers: 31896
Nb small contigs written: 0
Dump kminmer abundances
	Duration: 0
Indexing edges
Edge index size: 31767
Edge index elements: 56348
	Duration: 0
Compute unitig nodes
	Duration: 0
Index unitig edges
	Duration: 0
Compute unitig edges
	Duration: 0
Dump unitig abundances
	Duration: 0
Nb edges:   0


metaMDBG contig  /var/folders/zg/vq0dnx517c54hg87dyqjky740000gn/T/.tmprWAL2M/tmp/ --threads 10 --gen-graph 

Input dir: /var/folders/zg/vq0dnx517c54hg87dyqjky740000gn/T/.tmprWAL2M/tmp/
Minimizer length: 15
Kminmer length: 41
Density: 0.005

Loading unitig graph
Load unitigs
Nb unitigs: 1324
Nb minimizers: 84856
Add unitig abundances
Sorting abundances
Add unitig edges
Nb unitig edges: 2918
Sorting unitig edges
Done loading unitig graph
Simplifying
Max abundance: 41
Nb unitigs: 1324
Superbubble
Nb superbubble removed: 90 0 (0s)
Tip
Nb Tip removed: 263 (0s)
Superbubble
Nb superbubble removed: 132 0 (0s)
Tip
Nb Tip removed: 0 (0s)
Saving unitig graph: /var/folders/zg/vq0dnx517c54hg87dyqjky740000gn/T/.tmprWAL2M/tmp//assembly_graph.gfa
Nb errors removed: 267 (0s)
Superbubble
Nb superbubble removed: 2 0 (0s)
Tip
Nb Tip removed: 0 (0s)
Nb errors removed: 51 (0s)
Superbubble
Nb superbubble removed: 0 0 (0s)
Tip
Nb Tip removed: 0 (0s)
Nb errors removed: 28 (0s)
Superbubble
Nb superbubble removed: 0 0 (0s)
Tip
Nb Tip removed: 0 (0s)
Nb errors removed: 11 (0s)
Superbubble
Nb superbubble removed: 0 0 (0s)
Tip
Nb Tip removed: 0 (0s)
Nb errors removed: 2 (0s)
Superbubble
Nb superbubble removed: 0 0 (0s)
Tip
Nb Tip removed: 0 (0s)
Nb errors removed: 6 (0s)
Superbubble
Nb superbubble removed: 0 0 (0s)
Tip
Nb Tip removed: 0 (0s)
Nb errors removed: 6 (0s)
Superbubble
Nb superbubble removed: 0 0 (0s)
Tip
Nb Tip removed: 0 (0s)
Nb errors removed: 5 (0s)
Superbubble
Nb superbubble removed: 0 0 (0s)
Tip
Nb Tip removed: 0 (0s)
Nb errors removed: 3 (0s)
Superbubble
Nb superbubble removed: 0 0 (0s)
Tip
Nb Tip removed: 0 (0s)
Nb errors removed: 1 (0s)
Superbubble
Nb superbubble removed: 0 0 (0s)
Tip
Nb Tip removed: 0 (0s)
Nb errors removed: 2 (0s)
Superbubble
Nb superbubble removed: 0 0 (0s)
Tip
Nb Tip removed: 0 (0s)
Nb errors removed: 3 (0s)
Superbubble
Nb superbubble removed: 0 0 (0s)
Tip
Nb Tip removed: 0 (0s)
Checksum: 0
Checksum abundnace: 0
Generating contigs
41.1448
28.1025
23.2252
10.8347
9.84974
8.14028
7.40025
6.11591
5.05447
4.17725
3.13843
2.14359
0


metaMDBG toMinspace  /var/folders/zg/vq0dnx517c54hg87dyqjky740000gn/T/.tmprWAL2M/tmp/ /var/folders/zg/vq0dnx517c54hg87dyqjky740000gn/T/.tmprWAL2M/tmp//contigs.nodepath /var/folders/zg/vq0dnx517c54hg87dyqjky740000gn/T/.tmprWAL2M/tmp//unitig_data.txt --threads 10

Input dir: /var/folders/zg/vq0dnx517c54hg87dyqjky740000gn/T/.tmprWAL2M/tmp/
Minimizer length: 15
Kminmer length: 41
Density: 0.005

Loading unitig sequences

Creating mContigs

Contig filename: /var/folders/zg/vq0dnx517c54hg87dyqjky740000gn/T/.tmprWAL2M/tmp//unitig_data.txt


metaMDBG toMinspace  /var/folders/zg/vq0dnx517c54hg87dyqjky740000gn/T/.tmprWAL2M/tmp/ /var/folders/zg/vq0dnx517c54hg87dyqjky740000gn/T/.tmprWAL2M/tmp//assembly_graph.gfa.unitigs.nodepath /var/folders/zg/vq0dnx517c54hg87dyqjky740000gn/T/.tmprWAL2M/tmp//assembly_graph.gfa.unitigs --threads 10

Input dir: /var/folders/zg/vq0dnx517c54hg87dyqjky740000gn/T/.tmprWAL2M/tmp/
Minimizer length: 15
Kminmer length: 41
Density: 0.005

Loading unitig sequences

Creating mContigs

Contig filename: /var/folders/zg/vq0dnx517c54hg87dyqjky740000gn/T/.tmprWAL2M/tmp//assembly_graph.gfa.unitigs
pass done: 41
Multi-k pass: 42/205


metaMDBG graph /var/folders/zg/vq0dnx517c54hg87dyqjky740000gn/T/.tmprWAL2M/tmp/ --threads 10 --corrected-read 

Contig filename: 
Output dir: /var/folders/zg/vq0dnx517c54hg87dyqjky740000gn/T/.tmprWAL2M/tmp/
Minimizer length: 15
Kminmer length: 42
Density: 0.005
Min abundance: 0

Loading refined abundances
	Duration: 0
Collecting kminmers
Building mdbg
Duration: 0
Nb solid kminmers: 32015
Nb small contigs written: 0
Dump kminmer abundances
	Duration: 0
Indexing edges
Edge index size: 31891
Edge index elements: 56419
	Duration: 0
Compute unitig nodes
	Duration: 0
Index unitig edges
	Duration: 0
Compute unitig edges
	Duration: 0
Dump unitig abundances
	Duration: 0
Nb edges:   0


metaMDBG contig  /var/folders/zg/vq0dnx517c54hg87dyqjky740000gn/T/.tmprWAL2M/tmp/ --threads 10

Input dir: /var/folders/zg/vq0dnx517c54hg87dyqjky740000gn/T/.tmprWAL2M/tmp/
Minimizer length: 15
Kminmer length: 42
Density: 0.005

Loading unitig graph
Load unitigs
Nb unitigs: 1307
Nb minimizers: 85602
Add unitig abundances
Sorting abundances
Add unitig edges
Nb unitig edges: 2874
Sorting unitig edges
Done loading unitig graph
Simplifying
Max abundance: 41
Nb unitigs: 1307
Superbubble
Nb superbubble removed: 84 0 (0s)
Tip
Nb Tip removed: 263 (0s)
Superbubble
Nb superbubble removed: 132 0 (0s)
Tip
Nb Tip removed: 0 (0s)
Nb errors removed: 268 (0s)
Superbubble
Nb superbubble removed: 2 0 (0s)
Tip
Nb Tip removed: 0 (0s)
Nb errors removed: 1 (0s)
Superbubble
Nb superbubble removed: 0 0 (0s)
Tip
Nb Tip removed: 0 (0s)
Nb errors removed: 49 (0s)
Superbubble
Nb superbubble removed: 0 0 (0s)
Tip
Nb Tip removed: 0 (0s)
Nb errors removed: 28 (0s)
Superbubble
Nb superbubble removed: 0 0 (0s)
Tip
Nb Tip removed: 0 (0s)
Nb errors removed: 10 (0s)
Superbubble
Nb superbubble removed: 0 0 (0s)
Tip
Nb Tip removed: 0 (0s)
Nb errors removed: 2 (0s)
Superbubble
Nb superbubble removed: 0 0 (0s)
Tip
Nb Tip removed: 0 (0s)
Nb errors removed: 6 (0s)
Superbubble
Nb superbubble removed: 0 0 (0s)
Tip
Nb Tip removed: 0 (0s)
Nb errors removed: 6 (0s)
Superbubble
Nb superbubble removed: 0 0 (0s)
Tip
Nb Tip removed: 0 (0s)
Nb errors removed: 5 (0s)
Superbubble
Nb superbubble removed: 0 0 (0s)
Tip
Nb Tip removed: 0 (0s)
Nb errors removed: 3 (0s)
Superbubble
Nb superbubble removed: 0 0 (0s)
Tip
Nb Tip removed: 0 (0s)
Nb errors removed: 1 (0s)
Superbubble
Nb superbubble removed: 0 0 (0s)
Tip
Nb Tip removed: 0 (0s)
Nb errors removed: 2 (0s)
Superbubble
Nb superbubble removed: 0 0 (0s)
Tip
Nb Tip removed: 0 (0s)
Nb errors removed: 3 (0s)
Superbubble
Nb superbubble removed: 0 0 (0s)
Tip
Nb Tip removed: 0 (0s)
Checksum: 0
Checksum abundnace: 0
Generating contigs
41.1448
28.1025
23.2252
10.8347
9.84974
8.14028
7.40025
6.11591
5.05447
4.17725
3.13843
2.59374
2.14359
0


metaMDBG toMinspace  /var/folders/zg/vq0dnx517c54hg87dyqjky740000gn/T/.tmprWAL2M/tmp/ /var/folders/zg/vq0dnx517c54hg87dyqjky740000gn/T/.tmprWAL2M/tmp//contigs.nodepath /var/folders/zg/vq0dnx517c54hg87dyqjky740000gn/T/.tmprWAL2M/tmp//unitig_data.txt --threads 10

Input dir: /var/folders/zg/vq0dnx517c54hg87dyqjky740000gn/T/.tmprWAL2M/tmp/
Minimizer length: 15
Kminmer length: 42
Density: 0.005

Loading unitig sequences

Creating mContigs

Contig filename: /var/folders/zg/vq0dnx517c54hg87dyqjky740000gn/T/.tmprWAL2M/tmp//unitig_data.txt
pass done: 42
Multi-k pass: 43/205


metaMDBG graph /var/folders/zg/vq0dnx517c54hg87dyqjky740000gn/T/.tmprWAL2M/tmp/ --threads 10 --corrected-read 

Contig filename: 
Output dir: /var/folders/zg/vq0dnx517c54hg87dyqjky740000gn/T/.tmprWAL2M/tmp/
Minimizer length: 15
Kminmer length: 43
Density: 0.005
Min abundance: 0

Loading refined abundances
	Duration: 0
Collecting kminmers
Building mdbg
Duration: 0
Nb solid kminmers: 32132
Nb small contigs written: 0
Dump kminmer abundances
	Duration: 0
Indexing edges
Edge index size: 32014
Edge index elements: 57221
	Duration: 0
Compute unitig nodes
	Duration: 0
Index unitig edges
	Duration: 0
Compute unitig edges
	Duration: 0
Dump unitig abundances
	Duration: 0
Nb edges:   0


metaMDBG contig  /var/folders/zg/vq0dnx517c54hg87dyqjky740000gn/T/.tmprWAL2M/tmp/ --threads 10

Input dir: /var/folders/zg/vq0dnx517c54hg87dyqjky740000gn/T/.tmprWAL2M/tmp/
Minimizer length: 15
Kminmer length: 43
Density: 0.005

Loading unitig graph
Load unitigs
Nb unitigs: 1291
Nb minimizers: 86354
Add unitig abundances
Sorting abundances
Add unitig edges
Nb unitig edges: 2848
Sorting unitig edges
Done loading unitig graph
Simplifying
Max abundance: 41
Nb unitigs: 1291
Superbubble
Nb superbubble removed: 72 0 (0s)
Tip
Nb Tip removed: 265 (0s)
Superbubble
Nb superbubble removed: 135 0 (0s)
Tip
Nb Tip removed: 0 (0s)
Nb errors removed: 269 (0s)
Superbubble
Nb superbubble removed: 2 0 (0s)
Tip
Nb Tip removed: 0 (0s)
Nb errors removed: 1 (0s)
Superbubble
Nb superbubble removed: 0 0 (0s)
Tip
Nb Tip removed: 0 (0s)
Nb errors removed: 50 (0s)
Superbubble
Nb superbubble removed: 0 0 (0s)
Tip
Nb Tip removed: 0 (0s)
Nb errors removed: 28 (0s)
Superbubble
Nb superbubble removed: 0 0 (0s)
Tip
Nb Tip removed: 0 (0s)
Nb errors removed: 10 (0s)
Superbubble
Nb superbubble removed: 0 0 (0s)
Tip
Nb Tip removed: 0 (0s)
Nb errors removed: 2 (0s)
Superbubble
Nb superbubble removed: 0 0 (0s)
Tip
Nb Tip removed: 0 (0s)
Nb errors removed: 6 (0s)
Superbubble
Nb superbubble removed: 0 0 (0s)
Tip
Nb Tip removed: 0 (0s)
Nb errors removed: 6 (0s)
Superbubble
Nb superbubble removed: 0 0 (0s)
Tip
Nb Tip removed: 0 (0s)
Nb errors removed: 6 (0s)
Superbubble
Nb superbubble removed: 0 0 (0s)
Tip
Nb Tip removed: 0 (0s)
Nb errors removed: 4 (0s)
Superbubble
Nb superbubble removed: 0 0 (0s)
Tip
Nb Tip removed: 0 (0s)
Nb errors removed: 1 (0s)
Superbubble
Nb superbubble removed: 0 0 (0s)
Tip
Nb Tip removed: 0 (0s)
Nb errors removed: 2 (0s)
Superbubble
Nb superbubble removed: 0 0 (0s)
Tip
Nb Tip removed: 0 (0s)
Nb errors removed: 3 (0s)
Superbubble
Nb superbubble removed: 0 0 (0s)
Tip
Nb Tip removed: 0 (0s)
Checksum: 0
Checksum abundnace: 0
Generating contigs
41.1448
28.1025
23.2252
10.8347
9.84974
8.14028
7.40025
6.11591
5.05447
4.17725
3.13843
2.59374
2.14359
0


metaMDBG toMinspace  /var/folders/zg/vq0dnx517c54hg87dyqjky740000gn/T/.tmprWAL2M/tmp/ /var/folders/zg/vq0dnx517c54hg87dyqjky740000gn/T/.tmprWAL2M/tmp//contigs.nodepath /var/folders/zg/vq0dnx517c54hg87dyqjky740000gn/T/.tmprWAL2M/tmp//unitig_data.txt --threads 10

Input dir: /var/folders/zg/vq0dnx517c54hg87dyqjky740000gn/T/.tmprWAL2M/tmp/
Minimizer length: 15
Kminmer length: 43
Density: 0.005

Loading unitig sequences

Creating mContigs

Contig filename: /var/folders/zg/vq0dnx517c54hg87dyqjky740000gn/T/.tmprWAL2M/tmp//unitig_data.txt
pass done: 43
Multi-k pass: 44/205


metaMDBG graph /var/folders/zg/vq0dnx517c54hg87dyqjky740000gn/T/.tmprWAL2M/tmp/ --threads 10 --corrected-read 

Contig filename: 
Output dir: /var/folders/zg/vq0dnx517c54hg87dyqjky740000gn/T/.tmprWAL2M/tmp/
Minimizer length: 15
Kminmer length: 44
Density: 0.005
Min abundance: 0

Loading refined abundances
	Duration: 0
Collecting kminmers
Building mdbg
Duration: 0
Nb solid kminmers: 32242
Nb small contigs written: 0
Dump kminmer abundances
	Duration: 0
Indexing edges
Edge index size: 32129
Edge index elements: 57117
	Duration: 0
Compute unitig nodes
	Duration: 0
Index unitig edges
	Duration: 0
Compute unitig edges
	Duration: 0
Dump unitig abundances
	Duration: 0
Nb edges:   0


metaMDBG contig  /var/folders/zg/vq0dnx517c54hg87dyqjky740000gn/T/.tmprWAL2M/tmp/ --threads 10

Input dir: /var/folders/zg/vq0dnx517c54hg87dyqjky740000gn/T/.tmprWAL2M/tmp/
Minimizer length: 15
Kminmer length: 44
Density: 0.005

Loading unitig graph
Load unitigs
Nb unitigs: 1290
Nb minimizers: 87712
Add unitig abundances
Sorting abundances
Add unitig edges
Nb unitig edges: 2812
Sorting unitig edges
Done loading unitig graph
Simplifying
Max abundance: 41
Nb unitigs: 1290
Superbubble
Nb superbubble removed: 72 0 (0s)
Tip
Nb Tip removed: 260 (0s)
Superbubble
Nb superbubble removed: 132 0 (0s)
Tip
Nb Tip removed: 0 (0s)
Nb errors removed: 271 (0s)
Superbubble
Nb superbubble removed: 8 0 (0s)
Tip
Nb Tip removed: 0 (0s)
Nb errors removed: 1 (0s)
Superbubble
Nb superbubble removed: 0 0 (0s)
Tip
Nb Tip removed: 0 (0s)
Nb errors removed: 50 (0s)
Superbubble
Nb superbubble removed: 0 0 (0s)
Tip
Nb Tip removed: 0 (0s)
Nb errors removed: 28 (0s)
Superbubble
Nb superbubble removed: 0 0 (0s)
Tip
Nb Tip removed: 0 (0s)
Nb errors removed: 8 (0s)
Superbubble
Nb superbubble removed: 0 0 (0s)
Tip
Nb Tip removed: 0 (0s)
Nb errors removed: 2 (0s)
Superbubble
Nb superbubble removed: 0 0 (0s)
Tip
Nb Tip removed: 0 (0s)
Nb errors removed: 6 (0s)
Superbubble
Nb superbubble removed: 0 0 (0s)
Tip
Nb Tip removed: 0 (0s)
Nb errors removed: 6 (0s)
Superbubble
Nb superbubble removed: 0 0 (0s)
Tip
Nb Tip removed: 0 (0s)
Nb errors removed: 6 (0s)
Superbubble
Nb superbubble removed: 0 0 (0s)
Tip
Nb Tip removed: 0 (0s)
Nb errors removed: 3 (0s)
Superbubble
Nb superbubble removed: 0 0 (0s)
Tip
Nb Tip removed: 0 (0s)
Nb errors removed: 1 (0s)
Superbubble
Nb superbubble removed: 0 0 (0s)
Tip
Nb Tip removed: 0 (0s)
Nb errors removed: 2 (0s)
Superbubble
Nb superbubble removed: 0 0 (0s)
Tip
Nb Tip removed: 0 (0s)
Nb errors removed: 3 (0s)
Superbubble
Nb superbubble removed: 0 0 (0s)
Tip
Nb Tip removed: 0 (0s)
Checksum: 0
Checksum abundnace: 0
Generating contigs
41.1448
28.1025
23.2252
10.8347
9.84974
8.14028
7.40025
6.11591
5.05447
4.17725
3.13843
2.59374
2.14359
0


metaMDBG toMinspace  /var/folders/zg/vq0dnx517c54hg87dyqjky740000gn/T/.tmprWAL2M/tmp/ /var/folders/zg/vq0dnx517c54hg87dyqjky740000gn/T/.tmprWAL2M/tmp//contigs.nodepath /var/folders/zg/vq0dnx517c54hg87dyqjky740000gn/T/.tmprWAL2M/tmp//unitig_data.txt --threads 10

Input dir: /var/folders/zg/vq0dnx517c54hg87dyqjky740000gn/T/.tmprWAL2M/tmp/
Minimizer length: 15
Kminmer length: 44
Density: 0.005

Loading unitig sequences

Creating mContigs

Contig filename: /var/folders/zg/vq0dnx517c54hg87dyqjky740000gn/T/.tmprWAL2M/tmp//unitig_data.txt
pass done: 44
Multi-k pass: 45/205


metaMDBG graph /var/folders/zg/vq0dnx517c54hg87dyqjky740000gn/T/.tmprWAL2M/tmp/ --threads 10 --corrected-read 

Contig filename: 
Output dir: /var/folders/zg/vq0dnx517c54hg87dyqjky740000gn/T/.tmprWAL2M/tmp/
Minimizer length: 15
Kminmer length: 45
Density: 0.005
Min abundance: 0

Loading refined abundances
	Duration: 0
Collecting kminmers
Building mdbg
Duration: 0
Nb solid kminmers: 32349
Nb small contigs written: 0
Dump kminmer abundances
	Duration: 0
Indexing edges
Edge index size: 32235
Edge index elements: 57525
	Duration: 0
Compute unitig nodes
	Duration: 0
Index unitig edges
	Duration: 0
Compute unitig edges
	Duration: 0
Dump unitig abundances
	Duration: 0
Nb edges:   0


metaMDBG contig  /var/folders/zg/vq0dnx517c54hg87dyqjky740000gn/T/.tmprWAL2M/tmp/ --threads 10

Input dir: /var/folders/zg/vq0dnx517c54hg87dyqjky740000gn/T/.tmprWAL2M/tmp/
Minimizer length: 15
Kminmer length: 45
Density: 0.005

Loading unitig graph
Load unitigs
Nb unitigs: 1282
Nb minimizers: 88757
Add unitig abundances
Sorting abundances
Add unitig edges
Nb unitig edges: 2796
Sorting unitig edges
Done loading unitig graph
Simplifying
Max abundance: 41
Nb unitigs: 1282
Superbubble
Nb superbubble removed: 72 0 (0s)
Tip
Nb Tip removed: 262 (0s)
Superbubble
Nb superbubble removed: 132 0 (0s)
Tip
Nb Tip removed: 0 (0s)
Nb errors removed: 267 (0s)
Superbubble
Nb superbubble removed: 8 0 (0s)
Tip
Nb Tip removed: 0 (0s)
Nb errors removed: 1 (0s)
Superbubble
Nb superbubble removed: 0 0 (0s)
Tip
Nb Tip removed: 0 (0s)
Nb errors removed: 50 (0s)
Superbubble
Nb superbubble removed: 0 0 (0s)
Tip
Nb Tip removed: 0 (0s)
Nb errors removed: 28 (0s)
Superbubble
Nb superbubble removed: 0 0 (0s)
Tip
Nb Tip removed: 0 (0s)
Nb errors removed: 8 (0s)
Superbubble
Nb superbubble removed: 0 0 (0s)
Tip
Nb Tip removed: 0 (0s)
Nb errors removed: 2 (0s)
Superbubble
Nb superbubble removed: 0 0 (0s)
Tip
Nb Tip removed: 0 (0s)
Nb errors removed: 8 (0s)
Superbubble
Nb superbubble removed: 0 0 (0s)
Tip
Nb Tip removed: 0 (0s)
Nb errors removed: 6 (0s)
Superbubble
Nb superbubble removed: 0 0 (0s)
Tip
Nb Tip removed: 0 (0s)
Nb errors removed: 6 (0s)
Superbubble
Nb superbubble removed: 0 0 (0s)
Tip
Nb Tip removed: 0 (0s)
Nb errors removed: 3 (0s)
Superbubble
Nb superbubble removed: 0 0 (0s)
Tip
Nb Tip removed: 0 (0s)
Nb errors removed: 1 (0s)
Superbubble
Nb superbubble removed: 0 0 (0s)
Tip
Nb Tip removed: 0 (0s)
Nb errors removed: 2 (0s)
Superbubble
Nb superbubble removed: 0 0 (0s)
Tip
Nb Tip removed: 0 (0s)
Nb errors removed: 3 (0s)
Superbubble
Nb superbubble removed: 0 0 (0s)
Tip
Nb Tip removed: 0 (0s)
Checksum: 0
Checksum abundnace: 0
Generating contigs
41.1448
28.1025
23.2252
10.8347
9.84974
8.14028
7.40025
6.11591
5.05447
4.17725
3.13843
2.59374
2.14359
0


metaMDBG toMinspace  /var/folders/zg/vq0dnx517c54hg87dyqjky740000gn/T/.tmprWAL2M/tmp/ /var/folders/zg/vq0dnx517c54hg87dyqjky740000gn/T/.tmprWAL2M/tmp//contigs.nodepath /var/folders/zg/vq0dnx517c54hg87dyqjky740000gn/T/.tmprWAL2M/tmp//unitig_data.txt --threads 10

Input dir: /var/folders/zg/vq0dnx517c54hg87dyqjky740000gn/T/.tmprWAL2M/tmp/
Minimizer length: 15
Kminmer length: 45
Density: 0.005

Loading unitig sequences

Creating mContigs

Contig filename: /var/folders/zg/vq0dnx517c54hg87dyqjky740000gn/T/.tmprWAL2M/tmp//unitig_data.txt
pass done: 45
Multi-k pass: 46/205


metaMDBG graph /var/folders/zg/vq0dnx517c54hg87dyqjky740000gn/T/.tmprWAL2M/tmp/ --threads 10 --corrected-read 

Contig filename: 
Output dir: /var/folders/zg/vq0dnx517c54hg87dyqjky740000gn/T/.tmprWAL2M/tmp/
Minimizer length: 15
Kminmer length: 46
Density: 0.005
Min abundance: 0

Loading refined abundances
	Duration: 0
Collecting kminmers
Building mdbg
Duration: 0
Nb solid kminmers: 32452
Nb small contigs written: 0
Dump kminmer abundances
	Duration: 0
Indexing edges
Edge index size: 32344
Edge index elements: 57554
	Duration: 0
Compute unitig nodes
	Duration: 0
Index unitig edges
	Duration: 0
Compute unitig edges
	Duration: 0
Dump unitig abundances
	Duration: 0
Nb edges:   0


metaMDBG contig  /var/folders/zg/vq0dnx517c54hg87dyqjky740000gn/T/.tmprWAL2M/tmp/ --threads 10

Input dir: /var/folders/zg/vq0dnx517c54hg87dyqjky740000gn/T/.tmprWAL2M/tmp/
Minimizer length: 15
Kminmer length: 46
Density: 0.005

Loading unitig graph
Load unitigs
Nb unitigs: 1263
Nb minimizers: 89287
Add unitig abundances
Sorting abundances
Add unitig edges
Nb unitig edges: 2760
Sorting unitig edges
Done loading unitig graph
Simplifying
Max abundance: 41
Nb unitigs: 1263
Superbubble
Nb superbubble removed: 66 0 (0s)
Tip
Nb Tip removed: 266 (0s)
Superbubble
Nb superbubble removed: 130 0 (0s)
Tip
Nb Tip removed: 0 (0s)
Nb errors removed: 266 (0s)
Superbubble
Nb superbubble removed: 8 0 (0s)
Tip
Nb Tip removed: 0 (0s)
Nb errors removed: 1 (0s)
Superbubble
Nb superbubble removed: 0 0 (0s)
Tip
Nb Tip removed: 0 (0s)
Nb errors removed: 51 (0s)
Superbubble
Nb superbubble removed: 0 0 (0s)
Tip
Nb Tip removed: 0 (0s)
Nb errors removed: 29 (0s)
Superbubble
Nb superbubble removed: 0 0 (0s)
Tip
Nb Tip removed: 0 (0s)
Nb errors removed: 8 (0s)
Superbubble
Nb superbubble removed: 0 0 (0s)
Tip
Nb Tip removed: 0 (0s)
Nb errors removed: 2 (0s)
Superbubble
Nb superbubble removed: 0 0 (0s)
Tip
Nb Tip removed: 0 (0s)
Nb errors removed: 8 (0s)
Superbubble
Nb superbubble removed: 0 0 (0s)
Tip
Nb Tip removed: 0 (0s)
Nb errors removed: 7 (0s)
Superbubble
Nb superbubble removed: 0 0 (0s)
Tip
Nb Tip removed: 0 (0s)
Nb errors removed: 6 (0s)
Superbubble
Nb superbubble removed: 0 0 (0s)
Tip
Nb Tip removed: 0 (0s)
Nb errors removed: 3 (0s)
Superbubble
Nb superbubble removed: 0 0 (0s)
Tip
Nb Tip removed: 0 (0s)
Nb errors removed: 1 (0s)
Superbubble
Nb superbubble removed: 0 0 (0s)
Tip
Nb Tip removed: 0 (0s)
Nb errors removed: 2 (0s)
Superbubble
Nb superbubble removed: 0 0 (0s)
Tip
Nb Tip removed: 0 (0s)
Nb errors removed: 3 (0s)
Superbubble
Nb superbubble removed: 0 0 (0s)
Tip
Nb Tip removed: 0 (0s)
Checksum: 0
Checksum abundnace: 0
Generating contigs
41.1448
28.1025
23.2252
10.8347
9.84974
8.14028
7.40025
6.11591
5.05447
4.17725
3.13843
2.59374
2.14359
0


metaMDBG toMinspace  /var/folders/zg/vq0dnx517c54hg87dyqjky740000gn/T/.tmprWAL2M/tmp/ /var/folders/zg/vq0dnx517c54hg87dyqjky740000gn/T/.tmprWAL2M/tmp//contigs.nodepath /var/folders/zg/vq0dnx517c54hg87dyqjky740000gn/T/.tmprWAL2M/tmp//unitig_data.txt --threads 10

Input dir: /var/folders/zg/vq0dnx517c54hg87dyqjky740000gn/T/.tmprWAL2M/tmp/
Minimizer length: 15
Kminmer length: 46
Density: 0.005

Loading unitig sequences

Creating mContigs

Contig filename: /var/folders/zg/vq0dnx517c54hg87dyqjky740000gn/T/.tmprWAL2M/tmp//unitig_data.txt
pass done: 46
Multi-k pass: 47/205


metaMDBG graph /var/folders/zg/vq0dnx517c54hg87dyqjky740000gn/T/.tmprWAL2M/tmp/ --threads 10 --corrected-read 

Contig filename: 
Output dir: /var/folders/zg/vq0dnx517c54hg87dyqjky740000gn/T/.tmprWAL2M/tmp/
Minimizer length: 15
Kminmer length: 47
Density: 0.005
Min abundance: 0

Loading refined abundances
	Duration: 0
Collecting kminmers
Building mdbg
Duration: 0
Nb solid kminmers: 32545
Nb small contigs written: 0
Dump kminmer abundances
	Duration: 0
Indexing edges
Edge index size: 32447
Edge index elements: 57703
	Duration: 0
Compute unitig nodes
	Duration: 0
Index unitig edges
	Duration: 0
Compute unitig edges
	Duration: 0
Dump unitig abundances
	Duration: 0
Nb edges:   0


metaMDBG contig  /var/folders/zg/vq0dnx517c54hg87dyqjky740000gn/T/.tmprWAL2M/tmp/ --threads 10

Input dir: /var/folders/zg/vq0dnx517c54hg87dyqjky740000gn/T/.tmprWAL2M/tmp/
Minimizer length: 15
Kminmer length: 47
Density: 0.005

Loading unitig graph
Load unitigs
Nb unitigs: 1250
Nb minimizers: 90045
Add unitig abundances
Sorting abundances
Add unitig edges
Nb unitig edges: 2706
Sorting unitig edges
Done loading unitig graph
Simplifying
Max abundance: 41
Nb unitigs: 1250
Superbubble
Nb superbubble removed: 64 0 (0s)
Tip
Nb Tip removed: 263 (0s)
Superbubble
Nb superbubble removed: 128 0 (0s)
Tip
Nb Tip removed: 0 (0s)
Nb errors removed: 265 (0s)
Superbubble
Nb superbubble removed: 8 0 (0s)
Tip
Nb Tip removed: 0 (0s)
Nb errors removed: 1 (0s)
Superbubble
Nb superbubble removed: 0 0 (0s)
Tip
Nb Tip removed: 0 (0s)
Nb errors removed: 52 (0s)
Superbubble
Nb superbubble removed: 0 0 (0s)
Tip
Nb Tip removed: 0 (0s)
Nb errors removed: 30 (0s)
Superbubble
Nb superbubble removed: 0 0 (0s)
Tip
Nb Tip removed: 0 (0s)
Nb errors removed: 9 (0s)
Superbubble
Nb superbubble removed: 0 0 (0s)
Tip
Nb Tip removed: 0 (0s)
Nb errors removed: 2 (0s)
Superbubble
Nb superbubble removed: 0 0 (0s)
Tip
Nb Tip removed: 0 (0s)
Nb errors removed: 8 (0s)
Superbubble
Nb superbubble removed: 0 0 (0s)
Tip
Nb Tip removed: 0 (0s)
Nb errors removed: 7 (0s)
Superbubble
Nb superbubble removed: 0 0 (0s)
Tip
Nb Tip removed: 0 (0s)
Nb errors removed: 5 (0s)
Superbubble
Nb superbubble removed: 0 0 (0s)
Tip
Nb Tip removed: 0 (0s)
Nb errors removed: 3 (0s)
Superbubble
Nb superbubble removed: 0 0 (0s)
Tip
Nb Tip removed: 0 (0s)
Nb errors removed: 1 (0s)
Superbubble
Nb superbubble removed: 0 0 (0s)
Tip
Nb Tip removed: 0 (0s)
Nb errors removed: 2 (0s)
Superbubble
Nb superbubble removed: 0 0 (0s)
Tip
Nb Tip removed: 0 (0s)
Nb errors removed: 3 (0s)
Superbubble
Nb superbubble removed: 0 0 (0s)
Tip
Nb Tip removed: 0 (0s)
Checksum: 0
Checksum abundnace: 0
Generating contigs
41.1448
28.1025
23.2252
10.8347
9.84974
8.14028
7.40025
6.11591
5.05447
4.17725
3.13843
2.59374
2.14359
0


metaMDBG toMinspace  /var/folders/zg/vq0dnx517c54hg87dyqjky740000gn/T/.tmprWAL2M/tmp/ /var/folders/zg/vq0dnx517c54hg87dyqjky740000gn/T/.tmprWAL2M/tmp//contigs.nodepath /var/folders/zg/vq0dnx517c54hg87dyqjky740000gn/T/.tmprWAL2M/tmp//unitig_data.txt --threads 10

Input dir: /var/folders/zg/vq0dnx517c54hg87dyqjky740000gn/T/.tmprWAL2M/tmp/
Minimizer length: 15
Kminmer length: 47
Density: 0.005

Loading unitig sequences

Creating mContigs

Contig filename: /var/folders/zg/vq0dnx517c54hg87dyqjky740000gn/T/.tmprWAL2M/tmp//unitig_data.txt
pass done: 47
Multi-k pass: 48/205


metaMDBG graph /var/folders/zg/vq0dnx517c54hg87dyqjky740000gn/T/.tmprWAL2M/tmp/ --threads 10 --corrected-read 

Contig filename: 
Output dir: /var/folders/zg/vq0dnx517c54hg87dyqjky740000gn/T/.tmprWAL2M/tmp/
Minimizer length: 15
Kminmer length: 48
Density: 0.005
Min abundance: 0

Loading refined abundances
	Duration: 0
Collecting kminmers
Building mdbg
Duration: 0
Nb solid kminmers: 32635
Nb small contigs written: 0
Dump kminmer abundances
	Duration: 0
Indexing edges
Edge index size: 32540
Edge index elements: 58005
	Duration: 0
Compute unitig nodes
	Duration: 0
Index unitig edges
	Duration: 0
Compute unitig edges
	Duration: 0
Dump unitig abundances
	Duration: 0
Nb edges:   0


metaMDBG contig  /var/folders/zg/vq0dnx517c54hg87dyqjky740000gn/T/.tmprWAL2M/tmp/ --threads 10

Input dir: /var/folders/zg/vq0dnx517c54hg87dyqjky740000gn/T/.tmprWAL2M/tmp/
Minimizer length: 15
Kminmer length: 48
Density: 0.005

Loading unitig graph
Load unitigs
Nb unitigs: 1241
Nb minimizers: 90962
Add unitig abundances
Sorting abundances
Add unitig edges
Nb unitig edges: 2682
Sorting unitig edges
Done loading unitig graph
Simplifying
Max abundance: 41
Nb unitigs: 1241
Superbubble
Nb superbubble removed: 60 0 (0s)
Tip
Nb Tip removed: 265 (0s)
Superbubble
Nb superbubble removed: 126 0 (0s)
Tip
Nb Tip removed: 0 (0s)
Nb errors removed: 267 (0s)
Superbubble
Nb superbubble removed: 8 0 (0s)
Tip
Nb Tip removed: 0 (0s)
Nb errors removed: 1 (0s)
Superbubble
Nb superbubble removed: 0 0 (0s)
Tip
Nb Tip removed: 0 (0s)
Nb errors removed: 51 (0s)
Superbubble
Nb superbubble removed: 0 0 (0s)
Tip
Nb Tip removed: 0 (0s)
Nb errors removed: 31 (0s)
Superbubble
Nb superbubble removed: 0 0 (0s)
Tip
Nb Tip removed: 0 (0s)
Nb errors removed: 10 (0s)
Superbubble
Nb superbubble removed: 0 0 (0s)
Tip
Nb Tip removed: 0 (0s)
Nb errors removed: 2 (0s)
Superbubble
Nb superbubble removed: 0 0 (0s)
Tip
Nb Tip removed: 0 (0s)
Nb errors removed: 8 (0s)
Superbubble
Nb superbubble removed: 0 0 (0s)
Tip
Nb Tip removed: 0 (0s)
Nb errors removed: 7 (0s)
Superbubble
Nb superbubble removed: 0 0 (0s)
Tip
Nb Tip removed: 0 (0s)
Nb errors removed: 5 (0s)
Superbubble
Nb superbubble removed: 0 0 (0s)
Tip
Nb Tip removed: 0 (0s)
Nb errors removed: 3 (0s)
Superbubble
Nb superbubble removed: 0 0 (0s)
Tip
Nb Tip removed: 0 (0s)
Nb errors removed: 1 (0s)
Superbubble
Nb superbubble removed: 0 0 (0s)
Tip
Nb Tip removed: 0 (0s)
Nb errors removed: 2 (0s)
Superbubble
Nb superbubble removed: 0 0 (0s)
Tip
Nb Tip removed: 0 (0s)
Nb errors removed: 2 (0s)
Superbubble
Nb superbubble removed: 0 0 (0s)
Tip
Nb Tip removed: 0 (0s)
Checksum: 0
Checksum abundnace: 0
Generating contigs
41.1448
28.1025
23.2252
10.8347
9.84974
8.14028
7.40025
6.11591
5.05447
4.17725
3.13843
2.59374
2.14359
0


metaMDBG toMinspace  /var/folders/zg/vq0dnx517c54hg87dyqjky740000gn/T/.tmprWAL2M/tmp/ /var/folders/zg/vq0dnx517c54hg87dyqjky740000gn/T/.tmprWAL2M/tmp//contigs.nodepath /var/folders/zg/vq0dnx517c54hg87dyqjky740000gn/T/.tmprWAL2M/tmp//unitig_data.txt --threads 10

Input dir: /var/folders/zg/vq0dnx517c54hg87dyqjky740000gn/T/.tmprWAL2M/tmp/
Minimizer length: 15
Kminmer length: 48
Density: 0.005

Loading unitig sequences

Creating mContigs

Contig filename: /var/folders/zg/vq0dnx517c54hg87dyqjky740000gn/T/.tmprWAL2M/tmp//unitig_data.txt
pass done: 48
Multi-k pass: 49/205


metaMDBG graph /var/folders/zg/vq0dnx517c54hg87dyqjky740000gn/T/.tmprWAL2M/tmp/ --threads 10 --corrected-read 

Contig filename: 
Output dir: /var/folders/zg/vq0dnx517c54hg87dyqjky740000gn/T/.tmprWAL2M/tmp/
Minimizer length: 15
Kminmer length: 49
Density: 0.005
Min abundance: 0

Loading refined abundances
	Duration: 0
Collecting kminmers
Building mdbg
Duration: 0
Nb solid kminmers: 32723
Nb small contigs written: 0
Dump kminmer abundances
	Duration: 0
Indexing edges
Edge index size: 32625
Edge index elements: 58342
	Duration: 0
Compute unitig nodes
	Duration: 0
Index unitig edges
	Duration: 0
Compute unitig edges
	Duration: 0
Dump unitig abundances
	Duration: 0
Nb edges:   0


metaMDBG contig  /var/folders/zg/vq0dnx517c54hg87dyqjky740000gn/T/.tmprWAL2M/tmp/ --threads 10

Input dir: /var/folders/zg/vq0dnx517c54hg87dyqjky740000gn/T/.tmprWAL2M/tmp/
Minimizer length: 15
Kminmer length: 49
Density: 0.005

Loading unitig graph
Load unitigs
Nb unitigs: 1228
Nb minimizers: 91667
Add unitig abundances
Sorting abundances
Add unitig edges
Nb unitig edges: 2658
Sorting unitig edges
Done loading unitig graph
Simplifying
Max abundance: 41
Nb unitigs: 1228
Superbubble
Nb superbubble removed: 56 0 (0s)
Tip
Nb Tip removed: 267 (0s)
Superbubble
Nb superbubble removed: 126 0 (0s)
Tip
Nb Tip removed: 0 (0s)
Nb errors removed: 260 (0s)
Superbubble
Nb superbubble removed: 8 0 (0s)
Tip
Nb Tip removed: 0 (0s)
Nb errors removed: 1 (0s)
Superbubble
Nb superbubble removed: 0 0 (0s)
Tip
Nb Tip removed: 0 (0s)
Nb errors removed: 51 (0s)
Superbubble
Nb superbubble removed: 0 0 (0s)
Tip
Nb Tip removed: 0 (0s)
Nb errors removed: 30 (0s)
Superbubble
Nb superbubble removed: 0 0 (0s)
Tip
Nb Tip removed: 0 (0s)
Nb errors removed: 11 (0s)
Superbubble
Nb superbubble removed: 0 0 (0s)
Tip
Nb Tip removed: 0 (0s)
Nb errors removed: 2 (0s)
Superbubble
Nb superbubble removed: 0 0 (0s)
Tip
Nb Tip removed: 0 (0s)
Nb errors removed: 8 (0s)
Superbubble
Nb superbubble removed: 0 0 (0s)
Tip
Nb Tip removed: 0 (0s)
Nb errors removed: 8 (0s)
Superbubble
Nb superbubble removed: 0 0 (0s)
Tip
Nb Tip removed: 0 (0s)
Nb errors removed: 5 (0s)
Superbubble
Nb superbubble removed: 0 0 (0s)
Tip
Nb Tip removed: 0 (0s)
Nb errors removed: 3 (0s)
Superbubble
Nb superbubble removed: 0 0 (0s)
Tip
Nb Tip removed: 0 (0s)
Nb errors removed: 1 (0s)
Superbubble
Nb superbubble removed: 0 0 (0s)
Tip
Nb Tip removed: 0 (0s)
Nb errors removed: 2 (0s)
Superbubble
Nb superbubble removed: 0 0 (0s)
Tip
Nb Tip removed: 0 (0s)
Nb errors removed: 2 (0s)
Superbubble
Nb superbubble removed: 0 0 (0s)
Tip
Nb Tip removed: 0 (0s)
Checksum: 0
Checksum abundnace: 0
Generating contigs
41.1448
28.1025
23.2252
10.8347
9.84974
8.14028
7.40025
6.11591
5.05447
4.17725
3.13843
2.59374
2.14359
0


metaMDBG toMinspace  /var/folders/zg/vq0dnx517c54hg87dyqjky740000gn/T/.tmprWAL2M/tmp/ /var/folders/zg/vq0dnx517c54hg87dyqjky740000gn/T/.tmprWAL2M/tmp//contigs.nodepath /var/folders/zg/vq0dnx517c54hg87dyqjky740000gn/T/.tmprWAL2M/tmp//unitig_data.txt --threads 10

Input dir: /var/folders/zg/vq0dnx517c54hg87dyqjky740000gn/T/.tmprWAL2M/tmp/
Minimizer length: 15
Kminmer length: 49
Density: 0.005

Loading unitig sequences

Creating mContigs

Contig filename: /var/folders/zg/vq0dnx517c54hg87dyqjky740000gn/T/.tmprWAL2M/tmp//unitig_data.txt
pass done: 49
Multi-k pass: 50/205


metaMDBG graph /var/folders/zg/vq0dnx517c54hg87dyqjky740000gn/T/.tmprWAL2M/tmp/ --threads 10 --corrected-read 

Contig filename: 
Output dir: /var/folders/zg/vq0dnx517c54hg87dyqjky740000gn/T/.tmprWAL2M/tmp/
Minimizer length: 15
Kminmer length: 50
Density: 0.005
Min abundance: 0

Loading refined abundances
	Duration: 0
Collecting kminmers
Building mdbg
Duration: 0
Nb solid kminmers: 32812
Nb small contigs written: 0
Dump kminmer abundances
	Duration: 0
Indexing edges
Edge index size: 32717
Edge index elements: 58444
	Duration: 0
Compute unitig nodes
	Duration: 0
Index unitig edges
	Duration: 0
Compute unitig edges
	Duration: 0
Dump unitig abundances
	Duration: 0
Nb edges:   0


metaMDBG contig  /var/folders/zg/vq0dnx517c54hg87dyqjky740000gn/T/.tmprWAL2M/tmp/ --threads 10

Input dir: /var/folders/zg/vq0dnx517c54hg87dyqjky740000gn/T/.tmprWAL2M/tmp/
Minimizer length: 15
Kminmer length: 50
Density: 0.005

Loading unitig graph
Load unitigs
Nb unitigs: 1213
Nb minimizers: 92249
Add unitig abundances
Sorting abundances
Add unitig edges
Nb unitig edges: 2622
Sorting unitig edges
Done loading unitig graph
Simplifying
Max abundance: 41
Nb unitigs: 1213
Superbubble
Nb superbubble removed: 56 0 (0s)
Tip
Nb Tip removed: 266 (0s)
Superbubble
Nb superbubble removed: 128 0 (0s)
Tip
Nb Tip removed: 0 (0s)
Nb errors removed: 255 (0s)
Superbubble
Nb superbubble removed: 8 0 (0s)
Tip
Nb Tip removed: 0 (0s)
Nb errors removed: 1 (0s)
Superbubble
Nb superbubble removed: 0 0 (0s)
Tip
Nb Tip removed: 0 (0s)
Nb errors removed: 51 (0s)
Superbubble
Nb superbubble removed: 0 0 (0s)
Tip
Nb Tip removed: 0 (0s)
Nb errors removed: 32 (0s)
Superbubble
Nb superbubble removed: 0 0 (0s)
Tip
Nb Tip removed: 0 (0s)
Nb errors removed: 12 (0s)
Superbubble
Nb superbubble removed: 0 0 (0s)
Tip
Nb Tip removed: 0 (0s)
Nb errors removed: 2 (0s)
Superbubble
Nb superbubble removed: 0 0 (0s)
Tip
Nb Tip removed: 0 (0s)
Nb errors removed: 8 (0s)
Superbubble
Nb superbubble removed: 0 0 (0s)
Tip
Nb Tip removed: 0 (0s)
Nb errors removed: 8 (0s)
Superbubble
Nb superbubble removed: 0 0 (0s)
Tip
Nb Tip removed: 0 (0s)
Nb errors removed: 5 (0s)
Superbubble
Nb superbubble removed: 0 0 (0s)
Tip
Nb Tip removed: 0 (0s)
Nb errors removed: 3 (0s)
Superbubble
Nb superbubble removed: 0 0 (0s)
Tip
Nb Tip removed: 0 (0s)
Nb errors removed: 1 (0s)
Superbubble
Nb superbubble removed: 0 0 (0s)
Tip
Nb Tip removed: 0 (0s)
Nb errors removed: 2 (0s)
Superbubble
Nb superbubble removed: 0 0 (0s)
Tip
Nb Tip removed: 0 (0s)
Nb errors removed: 2 (0s)
Superbubble
Nb superbubble removed: 0 0 (0s)
Tip
Nb Tip removed: 0 (0s)
Checksum: 0
Checksum abundnace: 0
Generating contigs
41.1448
28.1025
23.2252
10.8347
9.84974
8.14028
7.40025
6.11591
5.05447
4.17725
3.13843
2.59374
2.14359
0


metaMDBG toMinspace  /var/folders/zg/vq0dnx517c54hg87dyqjky740000gn/T/.tmprWAL2M/tmp/ /var/folders/zg/vq0dnx517c54hg87dyqjky740000gn/T/.tmprWAL2M/tmp//contigs.nodepath /var/folders/zg/vq0dnx517c54hg87dyqjky740000gn/T/.tmprWAL2M/tmp//unitig_data.txt --threads 10

Input dir: /var/folders/zg/vq0dnx517c54hg87dyqjky740000gn/T/.tmprWAL2M/tmp/
Minimizer length: 15
Kminmer length: 50
Density: 0.005

Loading unitig sequences

Creating mContigs

Contig filename: /var/folders/zg/vq0dnx517c54hg87dyqjky740000gn/T/.tmprWAL2M/tmp//unitig_data.txt
pass done: 50
Multi-k pass: 51/205


metaMDBG graph /var/folders/zg/vq0dnx517c54hg87dyqjky740000gn/T/.tmprWAL2M/tmp/ --threads 10 --corrected-read 

Contig filename: 
Output dir: /var/folders/zg/vq0dnx517c54hg87dyqjky740000gn/T/.tmprWAL2M/tmp/
Minimizer length: 15
Kminmer length: 51
Density: 0.005
Min abundance: 0

Loading refined abundances
	Duration: 0
Collecting kminmers
Building mdbg
Duration: 0
Nb solid kminmers: 32896
Nb small contigs written: 0
Dump kminmer abundances
	Duration: 0
Indexing edges
Edge index size: 32802
Edge index elements: 58617
	Duration: 0
Compute unitig nodes
	Duration: 0
Index unitig edges
	Duration: 0
Compute unitig edges
	Duration: 0
Dump unitig abundances
	Duration: 0
Nb edges:   0


metaMDBG contig  /var/folders/zg/vq0dnx517c54hg87dyqjky740000gn/T/.tmprWAL2M/tmp/ --threads 10 --gen-graph 

Input dir: /var/folders/zg/vq0dnx517c54hg87dyqjky740000gn/T/.tmprWAL2M/tmp/
Minimizer length: 15
Kminmer length: 51
Density: 0.005

Loading unitig graph
Load unitigs
Nb unitigs: 1195
Nb minimizers: 92646
Add unitig abundances
Sorting abundances
Add unitig edges
Nb unitig edges: 2588
Sorting unitig edges
Done loading unitig graph
Simplifying
Max abundance: 41
Nb unitigs: 1195
Superbubble
Nb superbubble removed: 50 0 (0s)
Tip
Nb Tip removed: 273 (0s)
Superbubble
Nb superbubble removed: 136 0 (0s)
Tip
Nb Tip removed: 0 (0s)
Saving unitig graph: /var/folders/zg/vq0dnx517c54hg87dyqjky740000gn/T/.tmprWAL2M/tmp//assembly_graph.gfa
Nb errors removed: 249 (0s)
Superbubble
Nb superbubble removed: 8 0 (0s)
Tip
Nb Tip removed: 0 (0s)
Nb errors removed: 1 (0s)
Superbubble
Nb superbubble removed: 0 0 (0s)
Tip
Nb Tip removed: 0 (0s)
Nb errors removed: 52 (0s)
Superbubble
Nb superbubble removed: 0 0 (0s)
Tip
Nb Tip removed: 0 (0s)
Nb errors removed: 35 (0s)
Superbubble
Nb superbubble removed: 0 0 (0s)
Tip
Nb Tip removed: 0 (0s)
Nb errors removed: 13 (0s)
Superbubble
Nb superbubble removed: 0 0 (0s)
Tip
Nb Tip removed: 0 (0s)
Nb errors removed: 4 (0s)
Superbubble
Nb superbubble removed: 0 0 (0s)
Tip
Nb Tip removed: 0 (0s)
Nb errors removed: 7 (0s)
Superbubble
Nb superbubble removed: 0 0 (0s)
Tip
Nb Tip removed: 0 (0s)
Nb errors removed: 8 (0s)
Superbubble
Nb superbubble removed: 0 0 (0s)
Tip
Nb Tip removed: 0 (0s)
Nb errors removed: 5 (0s)
Superbubble
Nb superbubble removed: 0 0 (0s)
Tip
Nb Tip removed: 0 (0s)
Nb errors removed: 3 (0s)
Superbubble
Nb superbubble removed: 0 0 (0s)
Tip
Nb Tip removed: 0 (0s)
Nb errors removed: 1 (0s)
Superbubble
Nb superbubble removed: 0 0 (0s)
Tip
Nb Tip removed: 0 (0s)
Nb errors removed: 2 (0s)
Superbubble
Nb superbubble removed: 0 0 (0s)
Tip
Nb Tip removed: 0 (0s)
Nb errors removed: 2 (0s)
Superbubble
Nb superbubble removed: 0 0 (0s)
Tip
Nb Tip removed: 0 (0s)
Checksum: 0
Checksum abundnace: 0
Generating contigs
41.1448
28.1025
23.2252
10.8347
9.84974
8.14028
7.40025
6.11591
5.05447
4.17725
3.13843
2.59374
2.14359
0


metaMDBG toMinspace  /var/folders/zg/vq0dnx517c54hg87dyqjky740000gn/T/.tmprWAL2M/tmp/ /var/folders/zg/vq0dnx517c54hg87dyqjky740000gn/T/.tmprWAL2M/tmp//contigs.nodepath /var/folders/zg/vq0dnx517c54hg87dyqjky740000gn/T/.tmprWAL2M/tmp//unitig_data.txt --threads 10

Input dir: /var/folders/zg/vq0dnx517c54hg87dyqjky740000gn/T/.tmprWAL2M/tmp/
Minimizer length: 15
Kminmer length: 51
Density: 0.005

Loading unitig sequences

Creating mContigs

Contig filename: /var/folders/zg/vq0dnx517c54hg87dyqjky740000gn/T/.tmprWAL2M/tmp//unitig_data.txt


metaMDBG toMinspace  /var/folders/zg/vq0dnx517c54hg87dyqjky740000gn/T/.tmprWAL2M/tmp/ /var/folders/zg/vq0dnx517c54hg87dyqjky740000gn/T/.tmprWAL2M/tmp//assembly_graph.gfa.unitigs.nodepath /var/folders/zg/vq0dnx517c54hg87dyqjky740000gn/T/.tmprWAL2M/tmp//assembly_graph.gfa.unitigs --threads 10

Input dir: /var/folders/zg/vq0dnx517c54hg87dyqjky740000gn/T/.tmprWAL2M/tmp/
Minimizer length: 15
Kminmer length: 51
Density: 0.005

Loading unitig sequences

Creating mContigs

Contig filename: /var/folders/zg/vq0dnx517c54hg87dyqjky740000gn/T/.tmprWAL2M/tmp//assembly_graph.gfa.unitigs
pass done: 51
Multi-k pass: 52/205


metaMDBG graph /var/folders/zg/vq0dnx517c54hg87dyqjky740000gn/T/.tmprWAL2M/tmp/ --threads 10 --corrected-read 

Contig filename: 
Output dir: /var/folders/zg/vq0dnx517c54hg87dyqjky740000gn/T/.tmprWAL2M/tmp/
Minimizer length: 15
Kminmer length: 52
Density: 0.005
Min abundance: 0

Loading refined abundances
	Duration: 0
Collecting kminmers
Building mdbg
Duration: 0
Nb solid kminmers: 32981
Nb small contigs written: 0
Dump kminmer abundances
	Duration: 0
Indexing edges
Edge index size: 32894
Edge index elements: 58986
	Duration: 0
Compute unitig nodes
	Duration: 0
Index unitig edges
	Duration: 0
Compute unitig edges
	Duration: 0
Dump unitig abundances
	Duration: 0
Nb edges:   0


metaMDBG contig  /var/folders/zg/vq0dnx517c54hg87dyqjky740000gn/T/.tmprWAL2M/tmp/ --threads 10

Input dir: /var/folders/zg/vq0dnx517c54hg87dyqjky740000gn/T/.tmprWAL2M/tmp/
Minimizer length: 15
Kminmer length: 52
Density: 0.005

Loading unitig graph
Load unitigs
Nb unitigs: 1180
Nb minimizers: 93161
Add unitig abundances
Sorting abundances
Add unitig edges
Nb unitig edges: 2550
Sorting unitig edges
Done loading unitig graph
Simplifying
Max abundance: 41
Nb unitigs: 1180
Superbubble
Nb superbubble removed: 50 0 (0s)
Tip
Nb Tip removed: 273 (0s)
Superbubble
Nb superbubble removed: 140 0 (0s)
Tip
Nb Tip removed: 0 (0s)
Nb errors removed: 244 (0s)
Superbubble
Nb superbubble removed: 0 0 (0s)
Tip
Nb Tip removed: 0 (0s)
Nb errors removed: 1 (0s)
Superbubble
Nb superbubble removed: 0 0 (0s)
Tip
Nb Tip removed: 0 (0s)
Nb errors removed: 52 (0s)
Superbubble
Nb superbubble removed: 0 0 (0s)
Tip
Nb Tip removed: 0 (0s)
Nb errors removed: 35 (0s)
Superbubble
Nb superbubble removed: 0 0 (0s)
Tip
Nb Tip removed: 0 (0s)
Nb errors removed: 13 (0s)
Superbubble
Nb superbubble removed: 0 0 (0s)
Tip
Nb Tip removed: 0 (0s)
Nb errors removed: 5 (0s)
Superbubble
Nb superbubble removed: 0 0 (0s)
Tip
Nb Tip removed: 0 (0s)
Nb errors removed: 7 (0s)
Superbubble
Nb superbubble removed: 0 0 (0s)
Tip
Nb Tip removed: 0 (0s)
Nb errors removed: 9 (0s)
Superbubble
Nb superbubble removed: 0 0 (0s)
Tip
Nb Tip removed: 0 (0s)
Nb errors removed: 5 (0s)
Superbubble
Nb superbubble removed: 0 0 (0s)
Tip
Nb Tip removed: 0 (0s)
Nb errors removed: 3 (0s)
Superbubble
Nb superbubble removed: 0 0 (0s)
Tip
Nb Tip removed: 0 (0s)
Nb errors removed: 1 (0s)
Superbubble
Nb superbubble removed: 0 0 (0s)
Tip
Nb Tip removed: 0 (0s)
Nb errors removed: 2 (0s)
Superbubble
Nb superbubble removed: 0 0 (0s)
Tip
Nb Tip removed: 0 (0s)
Nb errors removed: 2 (0s)
Superbubble
Nb superbubble removed: 0 0 (0s)
Tip
Nb Tip removed: 0 (0s)
Checksum: 0
Checksum abundnace: 0
Generating contigs
41.1448
28.1025
23.2252
10.8347
9.84974
8.14028
7.40025
6.11591
5.05447
4.17725
3.13843
2.59374
2.14359
0


metaMDBG toMinspace  /var/folders/zg/vq0dnx517c54hg87dyqjky740000gn/T/.tmprWAL2M/tmp/ /var/folders/zg/vq0dnx517c54hg87dyqjky740000gn/T/.tmprWAL2M/tmp//contigs.nodepath /var/folders/zg/vq0dnx517c54hg87dyqjky740000gn/T/.tmprWAL2M/tmp//unitig_data.txt --threads 10

Input dir: /var/folders/zg/vq0dnx517c54hg87dyqjky740000gn/T/.tmprWAL2M/tmp/
Minimizer length: 15
Kminmer length: 52
Density: 0.005

Loading unitig sequences

Creating mContigs

Contig filename: /var/folders/zg/vq0dnx517c54hg87dyqjky740000gn/T/.tmprWAL2M/tmp//unitig_data.txt
pass done: 52
Multi-k pass: 53/205


metaMDBG graph /var/folders/zg/vq0dnx517c54hg87dyqjky740000gn/T/.tmprWAL2M/tmp/ --threads 10 --corrected-read 

Contig filename: 
Output dir: /var/folders/zg/vq0dnx517c54hg87dyqjky740000gn/T/.tmprWAL2M/tmp/
Minimizer length: 15
Kminmer length: 53
Density: 0.005
Min abundance: 0

Loading refined abundances
	Duration: 0
Collecting kminmers
Building mdbg
Duration: 0
Nb solid kminmers: 33060
Nb small contigs written: 0
Dump kminmer abundances
	Duration: 0
Indexing edges
Edge index size: 32977
Edge index elements: 58923
	Duration: 0
Compute unitig nodes
	Duration: 0
Index unitig edges
	Duration: 0
Compute unitig edges
	Duration: 0
Dump unitig abundances
	Duration: 0
Nb edges:   0


metaMDBG contig  /var/folders/zg/vq0dnx517c54hg87dyqjky740000gn/T/.tmprWAL2M/tmp/ --threads 10

Input dir: /var/folders/zg/vq0dnx517c54hg87dyqjky740000gn/T/.tmprWAL2M/tmp/
Minimizer length: 15
Kminmer length: 53
Density: 0.005

Loading unitig graph
Load unitigs
Nb unitigs: 1170
Nb minimizers: 93900
Add unitig abundances
Sorting abundances
Add unitig edges
Nb unitig edges: 2522
Sorting unitig edges
Done loading unitig graph
Simplifying
Max abundance: 41
Nb unitigs: 1170
Superbubble
Nb superbubble removed: 48 0 (0s)
Tip
Nb Tip removed: 274 (0s)
Superbubble
Nb superbubble removed: 136 0 (0s)
Tip
Nb Tip removed: 0 (0s)
Nb errors removed: 243 (0s)
Superbubble
Nb superbubble removed: 0 0 (0s)
Tip
Nb Tip removed: 0 (0s)
Nb errors removed: 1 (0s)
Superbubble
Nb superbubble removed: 0 0 (0s)
Tip
Nb Tip removed: 0 (0s)
Nb errors removed: 55 (0s)
Superbubble
Nb superbubble removed: 0 0 (0s)
Tip
Nb Tip removed: 0 (0s)
Nb errors removed: 34 (0s)
Superbubble
Nb superbubble removed: 0 0 (0s)
Tip
Nb Tip removed: 0 (0s)
Nb errors removed: 13 (0s)
Superbubble
Nb superbubble removed: 0 0 (0s)
Tip
Nb Tip removed: 0 (0s)
Nb errors removed: 5 (0s)
Superbubble
Nb superbubble removed: 0 0 (0s)
Tip
Nb Tip removed: 0 (0s)
Nb errors removed: 7 (0s)
Superbubble
Nb superbubble removed: 0 0 (0s)
Tip
Nb Tip removed: 0 (0s)
Nb errors removed: 9 (0s)
Superbubble
Nb superbubble removed: 0 0 (0s)
Tip
Nb Tip removed: 0 (0s)
Nb errors removed: 5 (0s)
Superbubble
Nb superbubble removed: 0 0 (0s)
Tip
Nb Tip removed: 0 (0s)
Nb errors removed: 3 (0s)
Superbubble
Nb superbubble removed: 0 0 (0s)
Tip
Nb Tip removed: 0 (0s)
Nb errors removed: 1 (0s)
Superbubble
Nb superbubble removed: 0 0 (0s)
Tip
Nb Tip removed: 0 (0s)
Nb errors removed: 2 (0s)
Superbubble
Nb superbubble removed: 0 0 (0s)
Tip
Nb Tip removed: 0 (0s)
Nb errors removed: 2 (0s)
Superbubble
Nb superbubble removed: 0 0 (0s)
Tip
Nb Tip removed: 0 (0s)
Checksum: 0
Checksum abundnace: 0
Generating contigs
41.1448
28.1025
23.2252
10.8347
9.84974
8.14028
7.40025
6.11591
5.05447
4.17725
3.13843
2.59374
2.14359
0


metaMDBG toMinspace  /var/folders/zg/vq0dnx517c54hg87dyqjky740000gn/T/.tmprWAL2M/tmp/ /var/folders/zg/vq0dnx517c54hg87dyqjky740000gn/T/.tmprWAL2M/tmp//contigs.nodepath /var/folders/zg/vq0dnx517c54hg87dyqjky740000gn/T/.tmprWAL2M/tmp//unitig_data.txt --threads 10

Input dir: /var/folders/zg/vq0dnx517c54hg87dyqjky740000gn/T/.tmprWAL2M/tmp/
Minimizer length: 15
Kminmer length: 53
Density: 0.005

Loading unitig sequences

Creating mContigs

Contig filename: /var/folders/zg/vq0dnx517c54hg87dyqjky740000gn/T/.tmprWAL2M/tmp//unitig_data.txt
pass done: 53
Multi-k pass: 54/205


metaMDBG graph /var/folders/zg/vq0dnx517c54hg87dyqjky740000gn/T/.tmprWAL2M/tmp/ --threads 10 --corrected-read 

Contig filename: 
Output dir: /var/folders/zg/vq0dnx517c54hg87dyqjky740000gn/T/.tmprWAL2M/tmp/
Minimizer length: 15
Kminmer length: 54
Density: 0.005
Min abundance: 0

Loading refined abundances
	Duration: 0
Collecting kminmers
Building mdbg
Duration: 0
Nb solid kminmers: 33133
Nb small contigs written: 0
Dump kminmer abundances
	Duration: 0
Indexing edges
Edge index size: 33056
Edge index elements: 59090
	Duration: 0
Compute unitig nodes
	Duration: 0
Index unitig edges
	Duration: 0
Compute unitig edges
	Duration: 0
Dump unitig abundances
	Duration: 0
Nb edges:   0


metaMDBG contig  /var/folders/zg/vq0dnx517c54hg87dyqjky740000gn/T/.tmprWAL2M/tmp/ --threads 10

Input dir: /var/folders/zg/vq0dnx517c54hg87dyqjky740000gn/T/.tmprWAL2M/tmp/
Minimizer length: 15
Kminmer length: 54
Density: 0.005

Loading unitig graph
Load unitigs
Nb unitigs: 1159
Nb minimizers: 94560
Add unitig abundances
Sorting abundances
Add unitig edges
Nb unitig edges: 2484
Sorting unitig edges
Done loading unitig graph
Simplifying
Max abundance: 41
Nb unitigs: 1159
Superbubble
Nb superbubble removed: 48 0 (0s)
Tip
Nb Tip removed: 279 (0s)
Superbubble
Nb superbubble removed: 138 0 (0s)
Tip
Nb Tip removed: 0 (0s)
Nb errors removed: 242 (0s)
Superbubble
Nb superbubble removed: 0 0 (0s)
Tip
Nb Tip removed: 0 (0s)
Nb errors removed: 1 (0s)
Superbubble
Nb superbubble removed: 0 0 (0s)
Tip
Nb Tip removed: 0 (0s)
Nb errors removed: 59 (0s)
Superbubble
Nb superbubble removed: 0 0 (0s)
Tip
Nb Tip removed: 0 (0s)
Nb errors removed: 34 (0s)
Superbubble
Nb superbubble removed: 0 0 (0s)
Tip
Nb Tip removed: 0 (0s)
Nb errors removed: 14 (0s)
Superbubble
Nb superbubble removed: 0 0 (0s)
Tip
Nb Tip removed: 0 (0s)
Nb errors removed: 5 (0s)
Superbubble
Nb superbubble removed: 0 0 (0s)
Tip
Nb Tip removed: 0 (0s)
Nb errors removed: 6 (0s)
Superbubble
Nb superbubble removed: 0 0 (0s)
Tip
Nb Tip removed: 0 (0s)
Nb errors removed: 8 (0s)
Superbubble
Nb superbubble removed: 0 0 (0s)
Tip
Nb Tip removed: 0 (0s)
Nb errors removed: 6 (0s)
Superbubble
Nb superbubble removed: 0 0 (0s)
Tip
Nb Tip removed: 0 (0s)
Nb errors removed: 3 (0s)
Superbubble
Nb superbubble removed: 0 0 (0s)
Tip
Nb Tip removed: 0 (0s)
Nb errors removed: 1 (0s)
Superbubble
Nb superbubble removed: 0 0 (0s)
Tip
Nb Tip removed: 0 (0s)
Nb errors removed: 3 (0s)
Superbubble
Nb superbubble removed: 0 0 (0s)
Tip
Nb Tip removed: 0 (0s)
Nb errors removed: 2 (0s)
Superbubble
Nb superbubble removed: 0 0 (0s)
Tip
Nb Tip removed: 0 (0s)
Checksum: 0
Checksum abundnace: 0
Generating contigs
41.1448
28.1025
23.2252
10.8347
9.84974
8.14028
7.40025
6.11591
5.05447
4.17725
3.13843
2.59374
2.14359
0


metaMDBG toMinspace  /var/folders/zg/vq0dnx517c54hg87dyqjky740000gn/T/.tmprWAL2M/tmp/ /var/folders/zg/vq0dnx517c54hg87dyqjky740000gn/T/.tmprWAL2M/tmp//contigs.nodepath /var/folders/zg/vq0dnx517c54hg87dyqjky740000gn/T/.tmprWAL2M/tmp//unitig_data.txt --threads 10

Input dir: /var/folders/zg/vq0dnx517c54hg87dyqjky740000gn/T/.tmprWAL2M/tmp/
Minimizer length: 15
Kminmer length: 54
Density: 0.005

Loading unitig sequences

Creating mContigs

Contig filename: /var/folders/zg/vq0dnx517c54hg87dyqjky740000gn/T/.tmprWAL2M/tmp//unitig_data.txt
pass done: 54
Multi-k pass: 55/205


metaMDBG graph /var/folders/zg/vq0dnx517c54hg87dyqjky740000gn/T/.tmprWAL2M/tmp/ --threads 10 --corrected-read 

Contig filename: 
Output dir: /var/folders/zg/vq0dnx517c54hg87dyqjky740000gn/T/.tmprWAL2M/tmp/
Minimizer length: 15
Kminmer length: 55
Density: 0.005
Min abundance: 0

Loading refined abundances
	Duration: 0
Collecting kminmers
Building mdbg
Duration: 0
Nb solid kminmers: 33203
Nb small contigs written: 0
Dump kminmer abundances
	Duration: 0
Indexing edges
Edge index size: 33128
Edge index elements: 59197
	Duration: 0
Compute unitig nodes
	Duration: 0
Index unitig edges
	Duration: 0
Compute unitig edges
	Duration: 0
Dump unitig abundances
	Duration: 0
Nb edges:   0


metaMDBG contig  /var/folders/zg/vq0dnx517c54hg87dyqjky740000gn/T/.tmprWAL2M/tmp/ --threads 10

Input dir: /var/folders/zg/vq0dnx517c54hg87dyqjky740000gn/T/.tmprWAL2M/tmp/
Minimizer length: 15
Kminmer length: 55
Density: 0.005

Loading unitig graph
Load unitigs
Nb unitigs: 1150
Nb minimizers: 95303
Add unitig abundances
Sorting abundances
Add unitig edges
Nb unitig edges: 2476
Sorting unitig edges
Done loading unitig graph
Simplifying
Max abundance: 41
Nb unitigs: 1150
Superbubble
Nb superbubble removed: 48 0 (0s)
Tip
Nb Tip removed: 286 (0s)
Superbubble
Nb superbubble removed: 126 0 (0s)
Tip
Nb Tip removed: 0 (0s)
Nb errors removed: 240 (0s)
Superbubble
Nb superbubble removed: 4 0 (0s)
Tip
Nb Tip removed: 0 (0s)
Nb errors removed: 1 (0s)
Superbubble
Nb superbubble removed: 0 0 (0s)
Tip
Nb Tip removed: 0 (0s)
Nb errors removed: 60 (0s)
Superbubble
Nb superbubble removed: 0 0 (0s)
Tip
Nb Tip removed: 0 (0s)
Nb errors removed: 37 (0s)
Superbubble
Nb superbubble removed: 0 0 (0s)
Tip
Nb Tip removed: 0 (0s)
Nb errors removed: 16 (0s)
Superbubble
Nb superbubble removed: 0 0 (0s)
Tip
Nb Tip removed: 0 (0s)
Nb errors removed: 5 (0s)
Superbubble
Nb superbubble removed: 0 0 (0s)
Tip
Nb Tip removed: 0 (0s)
Nb errors removed: 6 (0s)
Superbubble
Nb superbubble removed: 0 0 (0s)
Tip
Nb Tip removed: 0 (0s)
Nb errors removed: 8 (0s)
Superbubble
Nb superbubble removed: 0 0 (0s)
Tip
Nb Tip removed: 0 (0s)
Nb errors removed: 6 (0s)
Superbubble
Nb superbubble removed: 0 0 (0s)
Tip
Nb Tip removed: 0 (0s)
Nb errors removed: 3 (0s)
Superbubble
Nb superbubble removed: 0 0 (0s)
Tip
Nb Tip removed: 0 (0s)
Nb errors removed: 2 (0s)
Superbubble
Nb superbubble removed: 0 0 (0s)
Tip
Nb Tip removed: 0 (0s)
Nb errors removed: 1 (0s)
Superbubble
Nb superbubble removed: 0 0 (0s)
Tip
Nb Tip removed: 0 (0s)
Nb errors removed: 3 (0s)
Superbubble
Nb superbubble removed: 0 0 (0s)
Tip
Nb Tip removed: 0 (0s)
Nb errors removed: 2 (0s)
Superbubble
Nb superbubble removed: 0 0 (0s)
Tip
Nb Tip removed: 0 (0s)
Checksum: 0
Checksum abundnace: 0
Generating contigs
41.1448
28.1025
23.2252
11.9182
10.8347
9.84974
8.14028
7.40025
6.11591
5.05447
4.17725
3.13843
2.59374
2.14359
0


metaMDBG toMinspace  /var/folders/zg/vq0dnx517c54hg87dyqjky740000gn/T/.tmprWAL2M/tmp/ /var/folders/zg/vq0dnx517c54hg87dyqjky740000gn/T/.tmprWAL2M/tmp//contigs.nodepath /var/folders/zg/vq0dnx517c54hg87dyqjky740000gn/T/.tmprWAL2M/tmp//unitig_data.txt --threads 10

Input dir: /var/folders/zg/vq0dnx517c54hg87dyqjky740000gn/T/.tmprWAL2M/tmp/
Minimizer length: 15
Kminmer length: 55
Density: 0.005

Loading unitig sequences

Creating mContigs

Contig filename: /var/folders/zg/vq0dnx517c54hg87dyqjky740000gn/T/.tmprWAL2M/tmp//unitig_data.txt
pass done: 55
Multi-k pass: 56/205


metaMDBG graph /var/folders/zg/vq0dnx517c54hg87dyqjky740000gn/T/.tmprWAL2M/tmp/ --threads 10 --corrected-read 

Contig filename: 
Output dir: /var/folders/zg/vq0dnx517c54hg87dyqjky740000gn/T/.tmprWAL2M/tmp/
Minimizer length: 15
Kminmer length: 56
Density: 0.005
Min abundance: 0

Loading refined abundances
	Duration: 0
Collecting kminmers
Building mdbg
Duration: 0
Nb solid kminmers: 33274
Nb small contigs written: 0
Dump kminmer abundances
	Duration: 0
Indexing edges
Edge index size: 33202
Edge index elements: 59360
	Duration: 0
Compute unitig nodes
	Duration: 0
Index unitig edges
	Duration: 0
Compute unitig edges
	Duration: 0
Dump unitig abundances
	Duration: 0
Nb edges:   0


metaMDBG contig  /var/folders/zg/vq0dnx517c54hg87dyqjky740000gn/T/.tmprWAL2M/tmp/ --threads 10

Input dir: /var/folders/zg/vq0dnx517c54hg87dyqjky740000gn/T/.tmprWAL2M/tmp/
Minimizer length: 15
Kminmer length: 56
Density: 0.005

Loading unitig graph
Load unitigs
Nb unitigs: 1151
Nb minimizers: 96579
Add unitig abundances
Sorting abundances
Add unitig edges
Nb unitig edges: 2460
Sorting unitig edges
Done loading unitig graph
Simplifying
Max abundance: 41
Nb unitigs: 1151
Superbubble
Nb superbubble removed: 44 0 (0s)
Tip
Nb Tip removed: 283 (0s)
Superbubble
Nb superbubble removed: 126 0 (0s)
Tip
Nb Tip removed: 0 (0s)
Nb errors removed: 238 (0s)
Superbubble
Nb superbubble removed: 3 0 (0s)
Tip
Nb Tip removed: 0 (0s)
Nb errors removed: 1 (0s)
Superbubble
Nb superbubble removed: 0 0 (0s)
Tip
Nb Tip removed: 0 (0s)
Nb errors removed: 60 (0s)
Superbubble
Nb superbubble removed: 0 0 (0s)
Tip
Nb Tip removed: 0 (0s)
Nb errors removed: 37 (0s)
Superbubble
Nb superbubble removed: 0 0 (0s)
Tip
Nb Tip removed: 0 (0s)
Nb errors removed: 16 (0s)
Superbubble
Nb superbubble removed: 0 0 (0s)
Tip
Nb Tip removed: 0 (0s)
Nb errors removed: 5 (0s)
Superbubble
Nb superbubble removed: 0 0 (0s)
Tip
Nb Tip removed: 0 (0s)
Nb errors removed: 7 (0s)
Superbubble
Nb superbubble removed: 0 0 (0s)
Tip
Nb Tip removed: 0 (0s)
Nb errors removed: 8 (0s)
Superbubble
Nb superbubble removed: 0 0 (0s)
Tip
Nb Tip removed: 0 (0s)
Nb errors removed: 6 (0s)
Superbubble
Nb superbubble removed: 0 0 (0s)
Tip
Nb Tip removed: 0 (0s)
Nb errors removed: 3 (0s)
Superbubble
Nb superbubble removed: 0 0 (0s)
Tip
Nb Tip removed: 0 (0s)
Nb errors removed: 2 (0s)
Superbubble
Nb superbubble removed: 0 0 (0s)
Tip
Nb Tip removed: 0 (0s)
Nb errors removed: 1 (0s)
Superbubble
Nb superbubble removed: 0 0 (0s)
Tip
Nb Tip removed: 0 (0s)
Nb errors removed: 3 (0s)
Superbubble
Nb superbubble removed: 0 0 (0s)
Tip
Nb Tip removed: 0 (0s)
Nb errors removed: 2 (0s)
Superbubble
Nb superbubble removed: 0 0 (0s)
Tip
Nb Tip removed: 0 (0s)
Checksum: 0
Checksum abundnace: 0
Generating contigs
41.1448
28.1025
23.2252
11.9182
10.8347
9.84974
8.14028
7.40025
6.11591
5.05447
4.17725
3.13843
2.59374
2.14359
0


metaMDBG toMinspace  /var/folders/zg/vq0dnx517c54hg87dyqjky740000gn/T/.tmprWAL2M/tmp/ /var/folders/zg/vq0dnx517c54hg87dyqjky740000gn/T/.tmprWAL2M/tmp//contigs.nodepath /var/folders/zg/vq0dnx517c54hg87dyqjky740000gn/T/.tmprWAL2M/tmp//unitig_data.txt --threads 10

Input dir: /var/folders/zg/vq0dnx517c54hg87dyqjky740000gn/T/.tmprWAL2M/tmp/
Minimizer length: 15
Kminmer length: 56
Density: 0.005

Loading unitig sequences

Creating mContigs

Contig filename: /var/folders/zg/vq0dnx517c54hg87dyqjky740000gn/T/.tmprWAL2M/tmp//unitig_data.txt
pass done: 56
Multi-k pass: 57/205


metaMDBG graph /var/folders/zg/vq0dnx517c54hg87dyqjky740000gn/T/.tmprWAL2M/tmp/ --threads 10 --corrected-read 

Contig filename: 
Output dir: /var/folders/zg/vq0dnx517c54hg87dyqjky740000gn/T/.tmprWAL2M/tmp/
Minimizer length: 15
Kminmer length: 57
Density: 0.005
Min abundance: 0

Loading refined abundances
	Duration: 0
Collecting kminmers
Building mdbg
Duration: 0
Nb solid kminmers: 33340
Nb small contigs written: 0
Dump kminmer abundances
	Duration: 0
Indexing edges
Edge index size: 33268
Edge index elements: 59606
	Duration: 0
Compute unitig nodes
	Duration: 0
Index unitig edges
	Duration: 0
Compute unitig edges
	Duration: 0
Dump unitig abundances
	Duration: 0
Nb edges:   0


metaMDBG contig  /var/folders/zg/vq0dnx517c54hg87dyqjky740000gn/T/.tmprWAL2M/tmp/ --threads 10

Input dir: /var/folders/zg/vq0dnx517c54hg87dyqjky740000gn/T/.tmprWAL2M/tmp/
Minimizer length: 15
Kminmer length: 57
Density: 0.005

Loading unitig graph
Load unitigs
Nb unitigs: 1146
Nb minimizers: 97516
Add unitig abundances
Sorting abundances
Add unitig edges
Nb unitig edges: 2444
Sorting unitig edges
Done loading unitig graph
Simplifying
Max abundance: 41
Nb unitigs: 1146
Superbubble
Nb superbubble removed: 44 0 (0s)
Tip
Nb Tip removed: 281 (0s)
Superbubble
Nb superbubble removed: 124 0 (0s)
Tip
Nb Tip removed: 0 (0s)
Nb errors removed: 234 (0s)
Superbubble
Nb superbubble removed: 3 0 (0s)
Tip
Nb Tip removed: 0 (0s)
Nb errors removed: 1 (0s)
Superbubble
Nb superbubble removed: 0 0 (0s)
Tip
Nb Tip removed: 0 (0s)
Nb errors removed: 59 (0s)
Superbubble
Nb superbubble removed: 0 0 (0s)
Tip
Nb Tip removed: 0 (0s)
Nb errors removed: 37 (0s)
Superbubble
Nb superbubble removed: 0 0 (0s)
Tip
Nb Tip removed: 0 (0s)
Nb errors removed: 18 (0s)
Superbubble
Nb superbubble removed: 0 0 (0s)
Tip
Nb Tip removed: 0 (0s)
Nb errors removed: 5 (0s)
Superbubble
Nb superbubble removed: 0 0 (0s)
Tip
Nb Tip removed: 0 (0s)
Nb errors removed: 7 (0s)
Superbubble
Nb superbubble removed: 0 0 (0s)
Tip
Nb Tip removed: 0 (0s)
Nb errors removed: 8 (0s)
Superbubble
Nb superbubble removed: 0 0 (0s)
Tip
Nb Tip removed: 0 (0s)
Nb errors removed: 6 (0s)
Superbubble
Nb superbubble removed: 0 0 (0s)
Tip
Nb Tip removed: 0 (0s)
Nb errors removed: 3 (0s)
Superbubble
Nb superbubble removed: 0 0 (0s)
Tip
Nb Tip removed: 0 (0s)
Nb errors removed: 2 (0s)
Superbubble
Nb superbubble removed: 0 0 (0s)
Tip
Nb Tip removed: 0 (0s)
Nb errors removed: 1 (0s)
Superbubble
Nb superbubble removed: 0 0 (0s)
Tip
Nb Tip removed: 0 (0s)
Nb errors removed: 3 (0s)
Superbubble
Nb superbubble removed: 0 0 (0s)
Tip
Nb Tip removed: 0 (0s)
Nb errors removed: 2 (0s)
Superbubble
Nb superbubble removed: 0 0 (0s)
Tip
Nb Tip removed: 0 (0s)
Checksum: 0
Checksum abundnace: 0
Generating contigs
41.1448
28.1025
23.2252
11.9182
10.8347
9.84974
8.14028
7.40025
6.11591
5.05447
4.17725
3.13843
2.59374
2.14359
0


metaMDBG toMinspace  /var/folders/zg/vq0dnx517c54hg87dyqjky740000gn/T/.tmprWAL2M/tmp/ /var/folders/zg/vq0dnx517c54hg87dyqjky740000gn/T/.tmprWAL2M/tmp//contigs.nodepath /var/folders/zg/vq0dnx517c54hg87dyqjky740000gn/T/.tmprWAL2M/tmp//unitig_data.txt --threads 10

Input dir: /var/folders/zg/vq0dnx517c54hg87dyqjky740000gn/T/.tmprWAL2M/tmp/
Minimizer length: 15
Kminmer length: 57
Density: 0.005

Loading unitig sequences

Creating mContigs

Contig filename: /var/folders/zg/vq0dnx517c54hg87dyqjky740000gn/T/.tmprWAL2M/tmp//unitig_data.txt
pass done: 57
Multi-k pass: 58/205


metaMDBG graph /var/folders/zg/vq0dnx517c54hg87dyqjky740000gn/T/.tmprWAL2M/tmp/ --threads 10 --corrected-read 

Contig filename: 
Output dir: /var/folders/zg/vq0dnx517c54hg87dyqjky740000gn/T/.tmprWAL2M/tmp/
Minimizer length: 15
Kminmer length: 58
Density: 0.005
Min abundance: 0

Loading refined abundances
	Duration: 0
Collecting kminmers
Building mdbg
Duration: 0
Nb solid kminmers: 33406
Nb small contigs written: 0
Dump kminmer abundances
	Duration: 0
Indexing edges
Edge index size: 33333
Edge index elements: 59650
	Duration: 0
Compute unitig nodes
	Duration: 0
Index unitig edges
	Duration: 0
Compute unitig edges
	Duration: 0
Dump unitig abundances
	Duration: 0
Nb edges:   0


metaMDBG contig  /var/folders/zg/vq0dnx517c54hg87dyqjky740000gn/T/.tmprWAL2M/tmp/ --threads 10

Input dir: /var/folders/zg/vq0dnx517c54hg87dyqjky740000gn/T/.tmprWAL2M/tmp/
Minimizer length: 15
Kminmer length: 58
Density: 0.005

Loading unitig graph
Load unitigs
Nb unitigs: 1136
Nb minimizers: 98158
Add unitig abundances
Sorting abundances
Add unitig edges
Nb unitig edges: 2420
Sorting unitig edges
Done loading unitig graph
Simplifying
Max abundance: 41
Nb unitigs: 1136
Superbubble
Nb superbubble removed: 48 0 (0s)
Tip
Nb Tip removed: 283 (0s)
Superbubble
Nb superbubble removed: 122 0 (0s)
Tip
Nb Tip removed: 0 (0s)
Nb errors removed: 228 (0s)
Superbubble
Nb superbubble removed: 3 0 (0s)
Tip
Nb Tip removed: 0 (0s)
Nb errors removed: 1 (0s)
Superbubble
Nb superbubble removed: 0 0 (0s)
Tip
Nb Tip removed: 0 (0s)
Nb errors removed: 61 (0s)
Superbubble
Nb superbubble removed: 0 0 (0s)
Tip
Nb Tip removed: 0 (0s)
Nb errors removed: 38 (0s)
Superbubble
Nb superbubble removed: 0 0 (0s)
Tip
Nb Tip removed: 0 (0s)
Nb errors removed: 18 (0s)
Superbubble
Nb superbubble removed: 0 0 (0s)
Tip
Nb Tip removed: 0 (0s)
Nb errors removed: 5 (0s)
Superbubble
Nb superbubble removed: 0 0 (0s)
Tip
Nb Tip removed: 0 (0s)
Nb errors removed: 7 (0s)
Superbubble
Nb superbubble removed: 0 0 (0s)
Tip
Nb Tip removed: 0 (0s)
Nb errors removed: 9 (0s)
Superbubble
Nb superbubble removed: 0 0 (0s)
Tip
Nb Tip removed: 0 (0s)
Nb errors removed: 6 (0s)
Superbubble
Nb superbubble removed: 0 0 (0s)
Tip
Nb Tip removed: 0 (0s)
Nb errors removed: 3 (0s)
Superbubble
Nb superbubble removed: 0 0 (0s)
Tip
Nb Tip removed: 0 (0s)
Nb errors removed: 2 (0s)
Superbubble
Nb superbubble removed: 0 0 (0s)
Tip
Nb Tip removed: 0 (0s)
Nb errors removed: 1 (0s)
Superbubble
Nb superbubble removed: 0 0 (0s)
Tip
Nb Tip removed: 0 (0s)
Nb errors removed: 1 (0s)
Superbubble
Nb superbubble removed: 0 0 (0s)
Tip
Nb Tip removed: 0 (0s)
Nb errors removed: 3 (0s)
Superbubble
Nb superbubble removed: 0 0 (0s)
Tip
Nb Tip removed: 0 (0s)
Nb errors removed: 1 (0s)
Superbubble
Nb superbubble removed: 0 0 (0s)
Tip
Nb Tip removed: 0 (0s)
Checksum: 0
Checksum abundnace: 0
Generating contigs
41.1448
28.1025
23.2252
13.11
11.9182
10.8347
9.84974
8.14028
7.40025
6.11591
5.05447
4.17725
3.13843
2.59374
2.14359
0


metaMDBG toMinspace  /var/folders/zg/vq0dnx517c54hg87dyqjky740000gn/T/.tmprWAL2M/tmp/ /var/folders/zg/vq0dnx517c54hg87dyqjky740000gn/T/.tmprWAL2M/tmp//contigs.nodepath /var/folders/zg/vq0dnx517c54hg87dyqjky740000gn/T/.tmprWAL2M/tmp//unitig_data.txt --threads 10

Input dir: /var/folders/zg/vq0dnx517c54hg87dyqjky740000gn/T/.tmprWAL2M/tmp/
Minimizer length: 15
Kminmer length: 58
Density: 0.005

Loading unitig sequences

Creating mContigs

Contig filename: /var/folders/zg/vq0dnx517c54hg87dyqjky740000gn/T/.tmprWAL2M/tmp//unitig_data.txt
pass done: 58
Multi-k pass: 59/205


metaMDBG graph /var/folders/zg/vq0dnx517c54hg87dyqjky740000gn/T/.tmprWAL2M/tmp/ --threads 10 --corrected-read 

Contig filename: 
Output dir: /var/folders/zg/vq0dnx517c54hg87dyqjky740000gn/T/.tmprWAL2M/tmp/
Minimizer length: 15
Kminmer length: 59
Density: 0.005
Min abundance: 0

Loading refined abundances
	Duration: 0
Collecting kminmers
Building mdbg
Duration: 0
Nb solid kminmers: 33470
Nb small contigs written: 0
Dump kminmer abundances
	Duration: 0
Indexing edges
Edge index size: 33401
Edge index elements: 59947
	Duration: 0
Compute unitig nodes
	Duration: 0
Index unitig edges
	Duration: 0
Compute unitig edges
	Duration: 0
Dump unitig abundances
	Duration: 0
Nb edges:   0


metaMDBG contig  /var/folders/zg/vq0dnx517c54hg87dyqjky740000gn/T/.tmprWAL2M/tmp/ --threads 10

Input dir: /var/folders/zg/vq0dnx517c54hg87dyqjky740000gn/T/.tmprWAL2M/tmp/
Minimizer length: 15
Kminmer length: 59
Density: 0.005

Loading unitig graph
Load unitigs
Nb unitigs: 1118
Nb minimizers: 98314
Add unitig abundances
Sorting abundances
Add unitig edges
Nb unitig edges: 2384
Sorting unitig edges
Done loading unitig graph
Simplifying
Max abundance: 41
Nb unitigs: 1118
Superbubble
Nb superbubble removed: 40 0 (0s)
Tip
Nb Tip removed: 282 (0s)
Superbubble
Nb superbubble removed: 122 0 (0s)
Tip
Nb Tip removed: 0 (0s)
Nb errors removed: 227 (0s)
Superbubble
Nb superbubble removed: 2 0 (0s)
Tip
Nb Tip removed: 0 (0s)
Nb errors removed: 1 (0s)
Superbubble
Nb superbubble removed: 0 0 (0s)
Tip
Nb Tip removed: 0 (0s)
Nb errors removed: 60 (0s)
Superbubble
Nb superbubble removed: 0 0 (0s)
Tip
Nb Tip removed: 0 (0s)
Nb errors removed: 41 (0s)
Superbubble
Nb superbubble removed: 0 0 (0s)
Tip
Nb Tip removed: 0 (0s)
Nb errors removed: 19 (0s)
Superbubble
Nb superbubble removed: 0 0 (0s)
Tip
Nb Tip removed: 0 (0s)
Nb errors removed: 5 (0s)
Superbubble
Nb superbubble removed: 0 0 (0s)
Tip
Nb Tip removed: 0 (0s)
Nb errors removed: 7 (0s)
Superbubble
Nb superbubble removed: 0 0 (0s)
Tip
Nb Tip removed: 0 (0s)
Nb errors removed: 9 (0s)
Superbubble
Nb superbubble removed: 0 0 (0s)
Tip
Nb Tip removed: 0 (0s)
Nb errors removed: 6 (0s)
Superbubble
Nb superbubble removed: 0 0 (0s)
Tip
Nb Tip removed: 0 (0s)
Nb errors removed: 4 (0s)
Superbubble
Nb superbubble removed: 0 0 (0s)
Tip
Nb Tip removed: 0 (0s)
Nb errors removed: 3 (0s)
Superbubble
Nb superbubble removed: 0 0 (0s)
Tip
Nb Tip removed: 0 (0s)
Nb errors removed: 1 (0s)
Superbubble
Nb superbubble removed: 0 0 (0s)
Tip
Nb Tip removed: 0 (0s)
Nb errors removed: 1 (0s)
Superbubble
Nb superbubble removed: 0 0 (0s)
Tip
Nb Tip removed: 0 (0s)
Nb errors removed: 3 (0s)
Superbubble
Nb superbubble removed: 0 0 (0s)
Tip
Nb Tip removed: 0 (0s)
Nb errors removed: 1 (0s)
Superbubble
Nb superbubble removed: 0 0 (0s)
Tip
Nb Tip removed: 0 (0s)
Checksum: 0
Checksum abundnace: 0
Generating contigs
41.1448
28.1025
23.2252
13.11
11.9182
10.8347
9.84974
8.14028
7.40025
6.11591
5.05447
4.17725
3.13843
2.59374
2.14359
0


metaMDBG toMinspace  /var/folders/zg/vq0dnx517c54hg87dyqjky740000gn/T/.tmprWAL2M/tmp/ /var/folders/zg/vq0dnx517c54hg87dyqjky740000gn/T/.tmprWAL2M/tmp//contigs.nodepath /var/folders/zg/vq0dnx517c54hg87dyqjky740000gn/T/.tmprWAL2M/tmp//unitig_data.txt --threads 10

Input dir: /var/folders/zg/vq0dnx517c54hg87dyqjky740000gn/T/.tmprWAL2M/tmp/
Minimizer length: 15
Kminmer length: 59
Density: 0.005

Loading unitig sequences

Creating mContigs

Contig filename: /var/folders/zg/vq0dnx517c54hg87dyqjky740000gn/T/.tmprWAL2M/tmp//unitig_data.txt
pass done: 59
Multi-k pass: 60/205


metaMDBG graph /var/folders/zg/vq0dnx517c54hg87dyqjky740000gn/T/.tmprWAL2M/tmp/ --threads 10 --corrected-read 

Contig filename: 
Output dir: /var/folders/zg/vq0dnx517c54hg87dyqjky740000gn/T/.tmprWAL2M/tmp/
Minimizer length: 15
Kminmer length: 60
Density: 0.005
Min abundance: 0

Loading refined abundances
	Duration: 0
Collecting kminmers
Building mdbg
Duration: 0
Nb solid kminmers: 33529
Nb small contigs written: 0
Dump kminmer abundances
	Duration: 0
Indexing edges
Edge index size: 33470
Edge index elements: 59767
	Duration: 0
Compute unitig nodes
	Duration: 0
Index unitig edges
	Duration: 0
Compute unitig edges
	Duration: 0
Dump unitig abundances
	Duration: 0
Nb edges:   0


metaMDBG contig  /var/folders/zg/vq0dnx517c54hg87dyqjky740000gn/T/.tmprWAL2M/tmp/ --threads 10

Input dir: /var/folders/zg/vq0dnx517c54hg87dyqjky740000gn/T/.tmprWAL2M/tmp/
Minimizer length: 15
Kminmer length: 60
Density: 0.005

Loading unitig graph
Load unitigs
Nb unitigs: 1108
Nb minimizers: 98901
Add unitig abundances
Sorting abundances
Add unitig edges
Nb unitig edges: 2344
Sorting unitig edges
Done loading unitig graph
Simplifying
Max abundance: 41
Nb unitigs: 1108
Superbubble
Nb superbubble removed: 46 0 (0s)
Tip
Nb Tip removed: 284 (0s)
Superbubble
Nb superbubble removed: 112 0 (0s)
Tip
Nb Tip removed: 0 (0s)
Nb errors removed: 228 (0s)
Superbubble
Nb superbubble removed: 6 0 (0s)
Tip
Nb Tip removed: 0 (0s)
Nb errors removed: 1 (0s)
Superbubble
Nb superbubble removed: 0 0 (0s)
Tip
Nb Tip removed: 0 (0s)
Nb errors removed: 62 (0s)
Superbubble
Nb superbubble removed: 0 0 (0s)
Tip
Nb Tip removed: 0 (0s)
Nb errors removed: 39 (0s)
Superbubble
Nb superbubble removed: 0 0 (0s)
Tip
Nb Tip removed: 0 (0s)
Nb errors removed: 20 (0s)
Superbubble
Nb superbubble removed: 0 0 (0s)
Tip
Nb Tip removed: 0 (0s)
Nb errors removed: 6 (0s)
Superbubble
Nb superbubble removed: 0 0 (0s)
Tip
Nb Tip removed: 0 (0s)
Nb errors removed: 7 (0s)
Superbubble
Nb superbubble removed: 0 0 (0s)
Tip
Nb Tip removed: 0 (0s)
Nb errors removed: 9 (0s)
Superbubble
Nb superbubble removed: 0 0 (0s)
Tip
Nb Tip removed: 0 (0s)
Nb errors removed: 6 (0s)
Superbubble
Nb superbubble removed: 0 0 (0s)
Tip
Nb Tip removed: 0 (0s)
Nb errors removed: 4 (0s)
Superbubble
Nb superbubble removed: 0 0 (0s)
Tip
Nb Tip removed: 0 (0s)
Nb errors removed: 2 (0s)
Superbubble
Nb superbubble removed: 0 0 (0s)
Tip
Nb Tip removed: 0 (0s)
Nb errors removed: 1 (0s)
Superbubble
Nb superbubble removed: 0 0 (0s)
Tip
Nb Tip removed: 0 (0s)
Nb errors removed: 1 (0s)
Superbubble
Nb superbubble removed: 0 0 (0s)
Tip
Nb Tip removed: 0 (0s)
Nb errors removed: 3 (0s)
Superbubble
Nb superbubble removed: 0 0 (0s)
Tip
Nb Tip removed: 0 (0s)
Nb errors removed: 1 (0s)
Superbubble
Nb superbubble removed: 0 0 (0s)
Tip
Nb Tip removed: 0 (0s)
Checksum: 0
Checksum abundnace: 0
Generating contigs
41.1448
28.1025
23.2252
13.11
11.9182
10.8347
9.84974
8.14028
7.40025
6.11591
5.05447
4.17725
3.13843
2.59374
2.14359
0


metaMDBG toMinspace  /var/folders/zg/vq0dnx517c54hg87dyqjky740000gn/T/.tmprWAL2M/tmp/ /var/folders/zg/vq0dnx517c54hg87dyqjky740000gn/T/.tmprWAL2M/tmp//contigs.nodepath /var/folders/zg/vq0dnx517c54hg87dyqjky740000gn/T/.tmprWAL2M/tmp//unitig_data.txt --threads 10

Input dir: /var/folders/zg/vq0dnx517c54hg87dyqjky740000gn/T/.tmprWAL2M/tmp/
Minimizer length: 15
Kminmer length: 60
Density: 0.005

Loading unitig sequences

Creating mContigs

Contig filename: /var/folders/zg/vq0dnx517c54hg87dyqjky740000gn/T/.tmprWAL2M/tmp//unitig_data.txt
pass done: 60
Multi-k pass: 61/205


metaMDBG graph /var/folders/zg/vq0dnx517c54hg87dyqjky740000gn/T/.tmprWAL2M/tmp/ --threads 10 --corrected-read 

Contig filename: 
Output dir: /var/folders/zg/vq0dnx517c54hg87dyqjky740000gn/T/.tmprWAL2M/tmp/
Minimizer length: 15
Kminmer length: 61
Density: 0.005
Min abundance: 0

Loading refined abundances
	Duration: 0
Collecting kminmers
Building mdbg
Duration: 0
Nb solid kminmers: 33581
Nb small contigs written: 0
Dump kminmer abundances
	Duration: 0
Indexing edges
Edge index size: 33526
Edge index elements: 60103
	Duration: 0
Compute unitig nodes
	Duration: 0
Index unitig edges
	Duration: 0
Compute unitig edges
	Duration: 0
Dump unitig abundances
	Duration: 0
Nb edges:   0


metaMDBG contig  /var/folders/zg/vq0dnx517c54hg87dyqjky740000gn/T/.tmprWAL2M/tmp/ --threads 10 --gen-graph 

Input dir: /var/folders/zg/vq0dnx517c54hg87dyqjky740000gn/T/.tmprWAL2M/tmp/
Minimizer length: 15
Kminmer length: 61
Density: 0.005

Loading unitig graph
Load unitigs
Nb unitigs: 1104
Nb minimizers: 99821
Add unitig abundances
Sorting abundances
Add unitig edges
Nb unitig edges: 2324
Sorting unitig edges
Done loading unitig graph
Simplifying
Max abundance: 41
Nb unitigs: 1104
Superbubble
Nb superbubble removed: 46 0 (0s)
Tip
Nb Tip removed: 287 (0s)
Superbubble
Nb superbubble removed: 112 0 (0s)
Tip
Nb Tip removed: 0 (0s)
Saving unitig graph: /var/folders/zg/vq0dnx517c54hg87dyqjky740000gn/T/.tmprWAL2M/tmp//assembly_graph.gfa
Nb errors removed: 227 (0s)
Superbubble
Nb superbubble removed: 6 0 (0s)
Tip
Nb Tip removed: 0 (0s)
Nb errors removed: 1 (0s)
Superbubble
Nb superbubble removed: 0 0 (0s)
Tip
Nb Tip removed: 0 (0s)
Nb errors removed: 63 (0s)
Superbubble
Nb superbubble removed: 0 0 (0s)
Tip
Nb Tip removed: 0 (0s)
Nb errors removed: 41 (0s)
Superbubble
Nb superbubble removed: 0 0 (0s)
Tip
Nb Tip removed: 0 (0s)
Nb errors removed: 20 (0s)
Superbubble
Nb superbubble removed: 0 0 (0s)
Tip
Nb Tip removed: 0 (0s)
Nb errors removed: 6 (0s)
Superbubble
Nb superbubble removed: 0 0 (0s)
Tip
Nb Tip removed: 0 (0s)
Nb errors removed: 7 (0s)
Superbubble
Nb superbubble removed: 0 0 (0s)
Tip
Nb Tip removed: 0 (0s)
Nb errors removed: 11 (0s)
Superbubble
Nb superbubble removed: 0 0 (0s)
Tip
Nb Tip removed: 0 (0s)
Nb errors removed: 6 (0s)
Superbubble
Nb superbubble removed: 0 0 (0s)
Tip
Nb Tip removed: 0 (0s)
Nb errors removed: 4 (0s)
Superbubble
Nb superbubble removed: 0 0 (0s)
Tip
Nb Tip removed: 0 (0s)
Nb errors removed: 2 (0s)
Superbubble
Nb superbubble removed: 0 0 (0s)
Tip
Nb Tip removed: 0 (0s)
Nb errors removed: 1 (0s)
Superbubble
Nb superbubble removed: 0 0 (0s)
Tip
Nb Tip removed: 0 (0s)
Nb errors removed: 1 (0s)
Superbubble
Nb superbubble removed: 0 0 (0s)
Tip
Nb Tip removed: 0 (0s)
Nb errors removed: 3 (0s)
Superbubble
Nb superbubble removed: 0 0 (0s)
Tip
Nb Tip removed: 0 (0s)
Nb errors removed: 1 (0s)
Superbubble
Nb superbubble removed: 0 0 (0s)
Tip
Nb Tip removed: 0 (0s)
Checksum: 0
Checksum abundnace: 0
Generating contigs
41.1448
28.1025
23.2252
13.11
11.9182
10.8347
9.84974
8.14028
7.40025
6.11591
5.05447
4.17725
3.13843
2.59374
2.14359
0


metaMDBG toMinspace  /var/folders/zg/vq0dnx517c54hg87dyqjky740000gn/T/.tmprWAL2M/tmp/ /var/folders/zg/vq0dnx517c54hg87dyqjky740000gn/T/.tmprWAL2M/tmp//contigs.nodepath /var/folders/zg/vq0dnx517c54hg87dyqjky740000gn/T/.tmprWAL2M/tmp//unitig_data.txt --threads 10

Input dir: /var/folders/zg/vq0dnx517c54hg87dyqjky740000gn/T/.tmprWAL2M/tmp/
Minimizer length: 15
Kminmer length: 61
Density: 0.005

Loading unitig sequences

Creating mContigs

Contig filename: /var/folders/zg/vq0dnx517c54hg87dyqjky740000gn/T/.tmprWAL2M/tmp//unitig_data.txt


metaMDBG toMinspace  /var/folders/zg/vq0dnx517c54hg87dyqjky740000gn/T/.tmprWAL2M/tmp/ /var/folders/zg/vq0dnx517c54hg87dyqjky740000gn/T/.tmprWAL2M/tmp//assembly_graph.gfa.unitigs.nodepath /var/folders/zg/vq0dnx517c54hg87dyqjky740000gn/T/.tmprWAL2M/tmp//assembly_graph.gfa.unitigs --threads 10

Input dir: /var/folders/zg/vq0dnx517c54hg87dyqjky740000gn/T/.tmprWAL2M/tmp/
Minimizer length: 15
Kminmer length: 61
Density: 0.005

Loading unitig sequences

Creating mContigs

Contig filename: /var/folders/zg/vq0dnx517c54hg87dyqjky740000gn/T/.tmprWAL2M/tmp//assembly_graph.gfa.unitigs
pass done: 61
Multi-k pass: 62/205


metaMDBG graph /var/folders/zg/vq0dnx517c54hg87dyqjky740000gn/T/.tmprWAL2M/tmp/ --threads 10 --corrected-read 

Contig filename: 
Output dir: /var/folders/zg/vq0dnx517c54hg87dyqjky740000gn/T/.tmprWAL2M/tmp/
Minimizer length: 15
Kminmer length: 62
Density: 0.005
Min abundance: 0

Loading refined abundances
	Duration: 0
Collecting kminmers
Building mdbg
Duration: 0
Nb solid kminmers: 33629
Nb small contigs written: 0
Dump kminmer abundances
	Duration: 0
Indexing edges
Edge index size: 33578
Edge index elements: 60012
	Duration: 0
Compute unitig nodes
	Duration: 0
Index unitig edges
	Duration: 0
Compute unitig edges
	Duration: 0
Dump unitig abundances
	Duration: 0
Nb edges:   0


metaMDBG contig  /var/folders/zg/vq0dnx517c54hg87dyqjky740000gn/T/.tmprWAL2M/tmp/ --threads 10

Input dir: /var/folders/zg/vq0dnx517c54hg87dyqjky740000gn/T/.tmprWAL2M/tmp/
Minimizer length: 15
Kminmer length: 62
Density: 0.005

Loading unitig graph
Load unitigs
Nb unitigs: 1094
Nb minimizers: 100363
Add unitig abundances
Sorting abundances
Add unitig edges
Nb unitig edges: 2300
Sorting unitig edges
Done loading unitig graph
Simplifying
Max abundance: 41
Nb unitigs: 1094
Superbubble
Nb superbubble removed: 46 0 (0s)
Tip
Nb Tip removed: 287 (0s)
Superbubble
Nb superbubble removed: 110 0 (0s)
Tip
Nb Tip removed: 0 (0s)
Nb errors removed: 227 (0s)
Superbubble
Nb superbubble removed: 6 0 (0s)
Tip
Nb Tip removed: 0 (0s)
Nb errors removed: 1 (0s)
Superbubble
Nb superbubble removed: 0 0 (0s)
Tip
Nb Tip removed: 0 (0s)
Nb errors removed: 62 (0s)
Superbubble
Nb superbubble removed: 0 0 (0s)
Tip
Nb Tip removed: 0 (0s)
Nb errors removed: 41 (0s)
Superbubble
Nb superbubble removed: 0 0 (0s)
Tip
Nb Tip removed: 0 (0s)
Nb errors removed: 21 (0s)
Superbubble
Nb superbubble removed: 0 0 (0s)
Tip
Nb Tip removed: 0 (0s)
Nb errors removed: 6 (0s)
Superbubble
Nb superbubble removed: 0 0 (0s)
Tip
Nb Tip removed: 0 (0s)
Nb errors removed: 8 (0s)
Superbubble
Nb superbubble removed: 0 0 (0s)
Tip
Nb Tip removed: 0 (0s)
Nb errors removed: 11 (0s)
Superbubble
Nb superbubble removed: 0 0 (0s)
Tip
Nb Tip removed: 0 (0s)
Nb errors removed: 6 (0s)
Superbubble
Nb superbubble removed: 0 0 (0s)
Tip
Nb Tip removed: 0 (0s)
Nb errors removed: 4 (0s)
Superbubble
Nb superbubble removed: 0 0 (0s)
Tip
Nb Tip removed: 0 (0s)
Nb errors removed: 2 (0s)
Superbubble
Nb superbubble removed: 0 0 (0s)
Tip
Nb Tip removed: 0 (0s)
Nb errors removed: 1 (0s)
Superbubble
Nb superbubble removed: 0 0 (0s)
Tip
Nb Tip removed: 0 (0s)
Nb errors removed: 1 (0s)
Superbubble
Nb superbubble removed: 0 0 (0s)
Tip
Nb Tip removed: 0 (0s)
Nb errors removed: 3 (0s)
Superbubble
Nb superbubble removed: 0 0 (0s)
Tip
Nb Tip removed: 0 (0s)
Nb errors removed: 1 (0s)
Superbubble
Nb superbubble removed: 0 0 (0s)
Tip
Nb Tip removed: 0 (0s)
Checksum: 0
Checksum abundnace: 0
Generating contigs
41.1448
28.1025
23.2252
13.11
11.9182
10.8347
9.84974
8.14028
7.40025
6.11591
5.05447
4.17725
3.13843
2.59374
2.14359
0


metaMDBG toMinspace  /var/folders/zg/vq0dnx517c54hg87dyqjky740000gn/T/.tmprWAL2M/tmp/ /var/folders/zg/vq0dnx517c54hg87dyqjky740000gn/T/.tmprWAL2M/tmp//contigs.nodepath /var/folders/zg/vq0dnx517c54hg87dyqjky740000gn/T/.tmprWAL2M/tmp//unitig_data.txt --threads 10

Input dir: /var/folders/zg/vq0dnx517c54hg87dyqjky740000gn/T/.tmprWAL2M/tmp/
Minimizer length: 15
Kminmer length: 62
Density: 0.005

Loading unitig sequences

Creating mContigs

Contig filename: /var/folders/zg/vq0dnx517c54hg87dyqjky740000gn/T/.tmprWAL2M/tmp//unitig_data.txt
pass done: 62
Multi-k pass: 63/205


metaMDBG graph /var/folders/zg/vq0dnx517c54hg87dyqjky740000gn/T/.tmprWAL2M/tmp/ --threads 10 --corrected-read 

Contig filename: 
Output dir: /var/folders/zg/vq0dnx517c54hg87dyqjky740000gn/T/.tmprWAL2M/tmp/
Minimizer length: 15
Kminmer length: 63
Density: 0.005
Min abundance: 0

Loading refined abundances
	Duration: 0
Collecting kminmers
Building mdbg
Duration: 0
Nb solid kminmers: 33669
Nb small contigs written: 0
Dump kminmer abundances
	Duration: 0
Indexing edges
Edge index size: 33625
Edge index elements: 60261
	Duration: 0
Compute unitig nodes
	Duration: 0
Index unitig edges
	Duration: 0
Compute unitig edges
	Duration: 0
Dump unitig abundances
	Duration: 0
Nb edges:   0


metaMDBG contig  /var/folders/zg/vq0dnx517c54hg87dyqjky740000gn/T/.tmprWAL2M/tmp/ --threads 10

Input dir: /var/folders/zg/vq0dnx517c54hg87dyqjky740000gn/T/.tmprWAL2M/tmp/
Minimizer length: 15
Kminmer length: 63
Density: 0.005

Loading unitig graph
Load unitigs
Nb unitigs: 1084
Nb minimizers: 100877
Add unitig abundances
Sorting abundances
Add unitig edges
Nb unitig edges: 2262
Sorting unitig edges
Done loading unitig graph
Simplifying
Max abundance: 41
Nb unitigs: 1084
Superbubble
Nb superbubble removed: 44 0 (0s)
Tip
Nb Tip removed: 291 (0s)
Superbubble
Nb superbubble removed: 106 0 (0s)
Tip
Nb Tip removed: 0 (0s)
Nb errors removed: 227 (0s)
Superbubble
Nb superbubble removed: 2 0 (0s)
Tip
Nb Tip removed: 0 (0s)
Nb errors removed: 1 (0s)
Superbubble
Nb superbubble removed: 0 0 (0s)
Tip
Nb Tip removed: 0 (0s)
Nb errors removed: 61 (0s)
Superbubble
Nb superbubble removed: 0 0 (0s)
Tip
Nb Tip removed: 0 (0s)
Nb errors removed: 43 (0s)
Superbubble
Nb superbubble removed: 0 0 (0s)
Tip
Nb Tip removed: 0 (0s)
Nb errors removed: 21 (0s)
Superbubble
Nb superbubble removed: 0 0 (0s)
Tip
Nb Tip removed: 0 (0s)
Nb errors removed: 7 (0s)
Superbubble
Nb superbubble removed: 0 0 (0s)
Tip
Nb Tip removed: 0 (0s)
Nb errors removed: 9 (0s)
Superbubble
Nb superbubble removed: 4 0 (0s)
Tip
Nb Tip removed: 0 (0s)
Nb errors removed: 12 (0s)
Superbubble
Nb superbubble removed: 0 0 (0s)
Tip
Nb Tip removed: 0 (0s)
Nb errors removed: 6 (0s)
Superbubble
Nb superbubble removed: 0 0 (0s)
Tip
Nb Tip removed: 0 (0s)
Nb errors removed: 5 (0s)
Superbubble
Nb superbubble removed: 0 0 (0s)
Tip
Nb Tip removed: 0 (0s)
Nb errors removed: 2 (0s)
Superbubble
Nb superbubble removed: 0 0 (0s)
Tip
Nb Tip removed: 0 (0s)
Nb errors removed: 1 (0s)
Superbubble
Nb superbubble removed: 0 0 (0s)
Tip
Nb Tip removed: 0 (0s)
Nb errors removed: 1 (0s)
Superbubble
Nb superbubble removed: 0 0 (0s)
Tip
Nb Tip removed: 0 (0s)
Nb errors removed: 3 (0s)
Superbubble
Nb superbubble removed: 0 0 (0s)
Tip
Nb Tip removed: 0 (0s)
Nb errors removed: 1 (0s)
Superbubble
Nb superbubble removed: 0 0 (0s)
Tip
Nb Tip removed: 0 (0s)
Checksum: 0
Checksum abundnace: 0
Generating contigs
41.1448
28.1025
23.2252
13.11
11.9182
10.8347
9.84974
8.14028
7.40025
6.11591
5.05447
4.17725
3.13843
2.59374
2.14359
0


metaMDBG toMinspace  /var/folders/zg/vq0dnx517c54hg87dyqjky740000gn/T/.tmprWAL2M/tmp/ /var/folders/zg/vq0dnx517c54hg87dyqjky740000gn/T/.tmprWAL2M/tmp//contigs.nodepath /var/folders/zg/vq0dnx517c54hg87dyqjky740000gn/T/.tmprWAL2M/tmp//unitig_data.txt --threads 10

Input dir: /var/folders/zg/vq0dnx517c54hg87dyqjky740000gn/T/.tmprWAL2M/tmp/
Minimizer length: 15
Kminmer length: 63
Density: 0.005

Loading unitig sequences

Creating mContigs

Contig filename: /var/folders/zg/vq0dnx517c54hg87dyqjky740000gn/T/.tmprWAL2M/tmp//unitig_data.txt
pass done: 63
Multi-k pass: 64/205


metaMDBG graph /var/folders/zg/vq0dnx517c54hg87dyqjky740000gn/T/.tmprWAL2M/tmp/ --threads 10 --corrected-read 

Contig filename: 
Output dir: /var/folders/zg/vq0dnx517c54hg87dyqjky740000gn/T/.tmprWAL2M/tmp/
Minimizer length: 15
Kminmer length: 64
Density: 0.005
Min abundance: 0

Loading refined abundances
	Duration: 0
Collecting kminmers
Building mdbg
Duration: 0
Nb solid kminmers: 33709
Nb small contigs written: 0
Dump kminmer abundances
	Duration: 0
Indexing edges
Edge index size: 33669
Edge index elements: 60052
	Duration: 0
Compute unitig nodes
	Duration: 0
Index unitig edges
	Duration: 0
Compute unitig edges
	Duration: 0
Dump unitig abundances
	Duration: 0
Nb edges:   0


metaMDBG contig  /var/folders/zg/vq0dnx517c54hg87dyqjky740000gn/T/.tmprWAL2M/tmp/ --threads 10

Input dir: /var/folders/zg/vq0dnx517c54hg87dyqjky740000gn/T/.tmprWAL2M/tmp/
Minimizer length: 15
Kminmer length: 64
Density: 0.005

Loading unitig graph
Load unitigs
Nb unitigs: 1079
Nb minimizers: 101686
Add unitig abundances
Sorting abundances
Add unitig edges
Nb unitig edges: 2252
Sorting unitig edges
Done loading unitig graph
Simplifying
Max abundance: 41
Nb unitigs: 1079
Superbubble
Nb superbubble removed: 44 0 (0s)
Tip
Nb Tip removed: 290 (0s)
Superbubble
Nb superbubble removed: 102 0 (0s)
Tip
Nb Tip removed: 0 (0s)
Nb errors removed: 227 (0s)
Superbubble
Nb superbubble removed: 2 0 (0s)
Tip
Nb Tip removed: 0 (0s)
Nb errors removed: 1 (0s)
Superbubble
Nb superbubble removed: 0 0 (0s)
Tip
Nb Tip removed: 0 (0s)
Nb errors removed: 61 (0s)
Superbubble
Nb superbubble removed: 0 0 (0s)
Tip
Nb Tip removed: 0 (0s)
Nb errors removed: 44 (0s)
Superbubble
Nb superbubble removed: 0 0 (0s)
Tip
Nb Tip removed: 0 (0s)
Nb errors removed: 21 (0s)
Superbubble
Nb superbubble removed: 0 0 (0s)
Tip
Nb Tip removed: 0 (0s)
Nb errors removed: 7 (0s)
Superbubble
Nb superbubble removed: 0 0 (0s)
Tip
Nb Tip removed: 0 (0s)
Nb errors removed: 11 (0s)
Superbubble
Nb superbubble removed: 4 0 (0s)
Tip
Nb Tip removed: 0 (0s)
Nb errors removed: 12 (0s)
Superbubble
Nb superbubble removed: 0 0 (0s)
Tip
Nb Tip removed: 0 (0s)
Nb errors removed: 6 (0s)
Superbubble
Nb superbubble removed: 0 0 (0s)
Tip
Nb Tip removed: 0 (0s)
Nb errors removed: 5 (0s)
Superbubble
Nb superbubble removed: 0 0 (0s)
Tip
Nb Tip removed: 0 (0s)
Nb errors removed: 3 (0s)
Superbubble
Nb superbubble removed: 0 0 (0s)
Tip
Nb Tip removed: 0 (0s)
Nb errors removed: 1 (0s)
Superbubble
Nb superbubble removed: 0 0 (0s)
Tip
Nb Tip removed: 0 (0s)
Nb errors removed: 1 (0s)
Superbubble
Nb superbubble removed: 0 0 (0s)
Tip
Nb Tip removed: 0 (0s)
Nb errors removed: 3 (0s)
Superbubble
Nb superbubble removed: 0 0 (0s)
Tip
Nb Tip removed: 0 (0s)
Nb errors removed: 1 (0s)
Superbubble
Nb superbubble removed: 0 0 (0s)
Tip
Nb Tip removed: 0 (0s)
Checksum: 0
Checksum abundnace: 0
Generating contigs
41.1448
28.1025
23.2252
13.11
11.9182
10.8347
9.84974
8.14028
7.40025
6.11591
5.05447
4.17725
3.13843
2.59374
2.14359
0


metaMDBG toMinspace  /var/folders/zg/vq0dnx517c54hg87dyqjky740000gn/T/.tmprWAL2M/tmp/ /var/folders/zg/vq0dnx517c54hg87dyqjky740000gn/T/.tmprWAL2M/tmp//contigs.nodepath /var/folders/zg/vq0dnx517c54hg87dyqjky740000gn/T/.tmprWAL2M/tmp//unitig_data.txt --threads 10

Input dir: /var/folders/zg/vq0dnx517c54hg87dyqjky740000gn/T/.tmprWAL2M/tmp/
Minimizer length: 15
Kminmer length: 64
Density: 0.005

Loading unitig sequences

Creating mContigs

Contig filename: /var/folders/zg/vq0dnx517c54hg87dyqjky740000gn/T/.tmprWAL2M/tmp//unitig_data.txt
pass done: 64
Multi-k pass: 65/205


metaMDBG graph /var/folders/zg/vq0dnx517c54hg87dyqjky740000gn/T/.tmprWAL2M/tmp/ --threads 10 --corrected-read 

Contig filename: 
Output dir: /var/folders/zg/vq0dnx517c54hg87dyqjky740000gn/T/.tmprWAL2M/tmp/
Minimizer length: 15
Kminmer length: 65
Density: 0.005
Min abundance: 0

Loading refined abundances
	Duration: 0
Collecting kminmers
Building mdbg
Duration: 0
Nb solid kminmers: 33741
Nb small contigs written: 0
Dump kminmer abundances
	Duration: 0
Indexing edges
Edge index size: 33704
Edge index elements: 60484
	Duration: 0
Compute unitig nodes
	Duration: 0
Index unitig edges
	Duration: 0
Compute unitig edges
	Duration: 0
Dump unitig abundances
	Duration: 0
Nb edges:   0


metaMDBG contig  /var/folders/zg/vq0dnx517c54hg87dyqjky740000gn/T/.tmprWAL2M/tmp/ --threads 10

Input dir: /var/folders/zg/vq0dnx517c54hg87dyqjky740000gn/T/.tmprWAL2M/tmp/
Minimizer length: 15
Kminmer length: 65
Density: 0.005

Loading unitig graph
Load unitigs
Nb unitigs: 1065
Nb minimizers: 101901
Add unitig abundances
Sorting abundances
Add unitig edges
Nb unitig edges: 2216
Sorting unitig edges
Done loading unitig graph
Simplifying
Max abundance: 41
Nb unitigs: 1065
Superbubble
Nb superbubble removed: 44 0 (0s)
Tip
Nb Tip removed: 283 (0s)
Superbubble
Nb superbubble removed: 97 0 (0s)
Tip
Nb Tip removed: 0 (0s)
Nb errors removed: 221 (0s)
Superbubble
Nb superbubble removed: 2 0 (0s)
Tip
Nb Tip removed: 0 (0s)
Nb errors removed: 1 (0s)
Superbubble
Nb superbubble removed: 0 0 (0s)
Tip
Nb Tip removed: 0 (0s)
Nb errors removed: 61 (0s)
Superbubble
Nb superbubble removed: 0 0 (0s)
Tip
Nb Tip removed: 0 (0s)
Nb errors removed: 43 (0s)
Superbubble
Nb superbubble removed: 0 0 (0s)
Tip
Nb Tip removed: 0 (0s)
Nb errors removed: 21 (0s)
Superbubble
Nb superbubble removed: 0 0 (0s)
Tip
Nb Tip removed: 0 (0s)
Nb errors removed: 7 (0s)
Superbubble
Nb superbubble removed: 0 0 (0s)
Tip
Nb Tip removed: 0 (0s)
Nb errors removed: 12 (0s)
Superbubble
Nb superbubble removed: 8 0 (0s)
Tip
Nb Tip removed: 0 (0s)
Nb errors removed: 12 (0s)
Superbubble
Nb superbubble removed: 0 0 (0s)
Tip
Nb Tip removed: 0 (0s)
Nb errors removed: 6 (0s)
Superbubble
Nb superbubble removed: 0 0 (0s)
Tip
Nb Tip removed: 0 (0s)
Nb errors removed: 5 (0s)
Superbubble
Nb superbubble removed: 0 0 (0s)
Tip
Nb Tip removed: 0 (0s)
Nb errors removed: 3 (0s)
Superbubble
Nb superbubble removed: 0 0 (0s)
Tip
Nb Tip removed: 0 (0s)
Nb errors removed: 1 (0s)
Superbubble
Nb superbubble removed: 0 0 (0s)
Tip
Nb Tip removed: 0 (0s)
Nb errors removed: 1 (0s)
Superbubble
Nb superbubble removed: 0 0 (0s)
Tip
Nb Tip removed: 0 (0s)
Nb errors removed: 3 (0s)
Superbubble
Nb superbubble removed: 0 0 (0s)
Tip
Nb Tip removed: 0 (0s)
Nb errors removed: 1 (0s)
Superbubble
Nb superbubble removed: 0 0 (0s)
Tip
Nb Tip removed: 0 (0s)
Checksum: 0
Checksum abundnace: 0
Generating contigs
41.1448
28.1025
23.2252
13.11
11.9182
10.8347
9.84974
8.14028
7.40025
6.11591
5.05447
4.17725
3.13843
2.59374
2.14359
0


metaMDBG toMinspace  /var/folders/zg/vq0dnx517c54hg87dyqjky740000gn/T/.tmprWAL2M/tmp/ /var/folders/zg/vq0dnx517c54hg87dyqjky740000gn/T/.tmprWAL2M/tmp//contigs.nodepath /var/folders/zg/vq0dnx517c54hg87dyqjky740000gn/T/.tmprWAL2M/tmp//unitig_data.txt --threads 10

Input dir: /var/folders/zg/vq0dnx517c54hg87dyqjky740000gn/T/.tmprWAL2M/tmp/
Minimizer length: 15
Kminmer length: 65
Density: 0.005

Loading unitig sequences

Creating mContigs

Contig filename: /var/folders/zg/vq0dnx517c54hg87dyqjky740000gn/T/.tmprWAL2M/tmp//unitig_data.txt
pass done: 65
Multi-k pass: 66/205


metaMDBG graph /var/folders/zg/vq0dnx517c54hg87dyqjky740000gn/T/.tmprWAL2M/tmp/ --threads 10 --corrected-read 

Contig filename: 
Output dir: /var/folders/zg/vq0dnx517c54hg87dyqjky740000gn/T/.tmprWAL2M/tmp/
Minimizer length: 15
Kminmer length: 66
Density: 0.005
Min abundance: 0

Loading refined abundances
	Duration: 0
Collecting kminmers
Building mdbg
Duration: 0
Nb solid kminmers: 33770
Nb small contigs written: 0
Dump kminmer abundances
	Duration: 0
Indexing edges
Edge index size: 33735
Edge index elements: 60628
	Duration: 0
Compute unitig nodes
	Duration: 0
Index unitig edges
	Duration: 0
Compute unitig edges
	Duration: 0
Dump unitig abundances
	Duration: 0
Nb edges:   0


metaMDBG contig  /var/folders/zg/vq0dnx517c54hg87dyqjky740000gn/T/.tmprWAL2M/tmp/ --threads 10

Input dir: /var/folders/zg/vq0dnx517c54hg87dyqjky740000gn/T/.tmprWAL2M/tmp/
Minimizer length: 15
Kminmer length: 66
Density: 0.005

Loading unitig graph
Load unitigs
Nb unitigs: 1050
Nb minimizers: 102020
Add unitig abundances
Sorting abundances
Add unitig edges
Nb unitig edges: 2180
Sorting unitig edges
Done loading unitig graph
Simplifying
Max abundance: 41
Nb unitigs: 1050
Superbubble
Nb superbubble removed: 42 0 (0s)
Tip
Nb Tip removed: 286 (0s)
Superbubble
Nb superbubble removed: 94 0 (0s)
Tip
Nb Tip removed: 0 (0s)
Nb errors removed: 217 (0s)
Superbubble
Nb superbubble removed: 2 0 (0s)
Tip
Nb Tip removed: 0 (0s)
Nb errors removed: 1 (0s)
Superbubble
Nb superbubble removed: 0 0 (0s)
Tip
Nb Tip removed: 0 (0s)
Nb errors removed: 61 (0s)
Superbubble
Nb superbubble removed: 0 0 (0s)
Tip
Nb Tip removed: 0 (0s)
Nb errors removed: 43 (0s)
Superbubble
Nb superbubble removed: 0 0 (0s)
Tip
Nb Tip removed: 0 (0s)
Nb errors removed: 24 (0s)
Superbubble
Nb superbubble removed: 0 0 (0s)
Tip
Nb Tip removed: 0 (0s)
Nb errors removed: 7 (0s)
Superbubble
Nb superbubble removed: 0 0 (0s)
Tip
Nb Tip removed: 0 (0s)
Nb errors removed: 13 (0s)
Superbubble
Nb superbubble removed: 8 0 (0s)
Tip
Nb Tip removed: 0 (0s)
Nb errors removed: 13 (0s)
Superbubble
Nb superbubble removed: 0 0 (0s)
Tip
Nb Tip removed: 0 (0s)
Nb errors removed: 6 (0s)
Superbubble
Nb superbubble removed: 0 0 (0s)
Tip
Nb Tip removed: 0 (0s)
Nb errors removed: 5 (0s)
Superbubble
Nb superbubble removed: 0 0 (0s)
Tip
Nb Tip removed: 0 (0s)
Nb errors removed: 4 (0s)
Superbubble
Nb superbubble removed: 0 0 (0s)
Tip
Nb Tip removed: 0 (0s)
Nb errors removed: 1 (0s)
Superbubble
Nb superbubble removed: 0 0 (0s)
Tip
Nb Tip removed: 0 (0s)
Nb errors removed: 1 (0s)
Superbubble
Nb superbubble removed: 0 0 (0s)
Tip
Nb Tip removed: 0 (0s)
Nb errors removed: 3 (0s)
Superbubble
Nb superbubble removed: 0 0 (0s)
Tip
Nb Tip removed: 0 (0s)
Nb errors removed: 1 (0s)
Superbubble
Nb superbubble removed: 0 0 (0s)
Tip
Nb Tip removed: 0 (0s)
Checksum: 0
Checksum abundnace: 0
Generating contigs
41.1448
28.1025
23.2252
13.11
11.9182
10.8347
9.84974
8.14028
7.40025
6.11591
5.05447
4.17725
3.13843
2.59374
2.14359
0


metaMDBG toMinspace  /var/folders/zg/vq0dnx517c54hg87dyqjky740000gn/T/.tmprWAL2M/tmp/ /var/folders/zg/vq0dnx517c54hg87dyqjky740000gn/T/.tmprWAL2M/tmp//contigs.nodepath /var/folders/zg/vq0dnx517c54hg87dyqjky740000gn/T/.tmprWAL2M/tmp//unitig_data.txt --threads 10

Input dir: /var/folders/zg/vq0dnx517c54hg87dyqjky740000gn/T/.tmprWAL2M/tmp/
Minimizer length: 15
Kminmer length: 66
Density: 0.005

Loading unitig sequences

Creating mContigs

Contig filename: /var/folders/zg/vq0dnx517c54hg87dyqjky740000gn/T/.tmprWAL2M/tmp//unitig_data.txt
pass done: 66
Multi-k pass: 67/205


metaMDBG graph /var/folders/zg/vq0dnx517c54hg87dyqjky740000gn/T/.tmprWAL2M/tmp/ --threads 10 --corrected-read 

Contig filename: 
Output dir: /var/folders/zg/vq0dnx517c54hg87dyqjky740000gn/T/.tmprWAL2M/tmp/
Minimizer length: 15
Kminmer length: 67
Density: 0.005
Min abundance: 0

Loading refined abundances
	Duration: 0
Collecting kminmers
Building mdbg
Duration: 0
Nb solid kminmers: 33801
Nb small contigs written: 0
Dump kminmer abundances
	Duration: 0
Indexing edges
Edge index size: 33763
Edge index elements: 60582
	Duration: 0
Compute unitig nodes
	Duration: 0
Index unitig edges
	Duration: 0
Compute unitig edges
	Duration: 0
Dump unitig abundances
	Duration: 0
Nb edges:   0


metaMDBG contig  /var/folders/zg/vq0dnx517c54hg87dyqjky740000gn/T/.tmprWAL2M/tmp/ --threads 10

Input dir: /var/folders/zg/vq0dnx517c54hg87dyqjky740000gn/T/.tmprWAL2M/tmp/
Minimizer length: 15
Kminmer length: 67
Density: 0.005

Loading unitig graph
Load unitigs
Nb unitigs: 1044
Nb minimizers: 102705
Add unitig abundances
Sorting abundances
Add unitig edges
Nb unitig edges: 2166
Sorting unitig edges
Done loading unitig graph
Simplifying
Max abundance: 41
Nb unitigs: 1044
Superbubble
Nb superbubble removed: 42 0 (0s)
Tip
Nb Tip removed: 284 (0s)
Superbubble
Nb superbubble removed: 94 0 (0s)
Tip
Nb Tip removed: 0 (0s)
Nb errors removed: 213 (0s)
Superbubble
Nb superbubble removed: 2 0 (0s)
Tip
Nb Tip removed: 0 (0s)
Nb errors removed: 1 (0s)
Superbubble
Nb superbubble removed: 0 0 (0s)
Tip
Nb Tip removed: 0 (0s)
Nb errors removed: 61 (0s)
Superbubble
Nb superbubble removed: 0 0 (0s)
Tip
Nb Tip removed: 0 (0s)
Nb errors removed: 43 (0s)
Superbubble
Nb superbubble removed: 0 0 (0s)
Tip
Nb Tip removed: 0 (0s)
Nb errors removed: 23 (0s)
Superbubble
Nb superbubble removed: 0 0 (0s)
Tip
Nb Tip removed: 0 (0s)
Nb errors removed: 7 (0s)
Superbubble
Nb superbubble removed: 0 0 (0s)
Tip
Nb Tip removed: 0 (0s)
Nb errors removed: 13 (0s)
Superbubble
Nb superbubble removed: 6 0 (0s)
Tip
Nb Tip removed: 0 (0s)
Nb errors removed: 13 (0s)
Superbubble
Nb superbubble removed: 0 0 (0s)
Tip
Nb Tip removed: 0 (0s)
Nb errors removed: 6 (0s)
Superbubble
Nb superbubble removed: 0 0 (0s)
Tip
Nb Tip removed: 0 (0s)
Nb errors removed: 5 (0s)
Superbubble
Nb superbubble removed: 0 0 (0s)
Tip
Nb Tip removed: 0 (0s)
Nb errors removed: 4 (0s)
Superbubble
Nb superbubble removed: 0 0 (0s)
Tip
Nb Tip removed: 0 (0s)
Nb errors removed: 1 (0s)
Superbubble
Nb superbubble removed: 0 0 (0s)
Tip
Nb Tip removed: 0 (0s)
Nb errors removed: 1 (0s)
Superbubble
Nb superbubble removed: 0 0 (0s)
Tip
Nb Tip removed: 0 (0s)
Nb errors removed: 3 (0s)
Superbubble
Nb superbubble removed: 0 0 (0s)
Tip
Nb Tip removed: 0 (0s)
Nb errors removed: 1 (0s)
Superbubble
Nb superbubble removed: 0 0 (0s)
Tip
Nb Tip removed: 0 (0s)
Checksum: 0
Checksum abundnace: 0
Generating contigs
41.1448
28.1025
23.2252
13.11
11.9182
10.8347
9.84974
8.14028
7.40025
6.11591
5.05447
4.17725
3.13843
2.59374
2.14359
0


metaMDBG toMinspace  /var/folders/zg/vq0dnx517c54hg87dyqjky740000gn/T/.tmprWAL2M/tmp/ /var/folders/zg/vq0dnx517c54hg87dyqjky740000gn/T/.tmprWAL2M/tmp//contigs.nodepath /var/folders/zg/vq0dnx517c54hg87dyqjky740000gn/T/.tmprWAL2M/tmp//unitig_data.txt --threads 10

Input dir: /var/folders/zg/vq0dnx517c54hg87dyqjky740000gn/T/.tmprWAL2M/tmp/
Minimizer length: 15
Kminmer length: 67
Density: 0.005

Loading unitig sequences

Creating mContigs

Contig filename: /var/folders/zg/vq0dnx517c54hg87dyqjky740000gn/T/.tmprWAL2M/tmp//unitig_data.txt
pass done: 67
Multi-k pass: 68/205


metaMDBG graph /var/folders/zg/vq0dnx517c54hg87dyqjky740000gn/T/.tmprWAL2M/tmp/ --threads 10 --corrected-read 

Contig filename: 
Output dir: /var/folders/zg/vq0dnx517c54hg87dyqjky740000gn/T/.tmprWAL2M/tmp/
Minimizer length: 15
Kminmer length: 68
Density: 0.005
Min abundance: 0

Loading refined abundances
	Duration: 0
Collecting kminmers
Building mdbg
Duration: 0
Nb solid kminmers: 33834
Nb small contigs written: 0
Dump kminmer abundances
	Duration: 0
Indexing edges
Edge index size: 33795
Edge index elements: 60808
	Duration: 0
Compute unitig nodes
	Duration: 0
Index unitig edges
	Duration: 0
Compute unitig edges
	Duration: 0
Dump unitig abundances
	Duration: 0
Nb edges:   0


metaMDBG contig  /var/folders/zg/vq0dnx517c54hg87dyqjky740000gn/T/.tmprWAL2M/tmp/ --threads 10

Input dir: /var/folders/zg/vq0dnx517c54hg87dyqjky740000gn/T/.tmprWAL2M/tmp/
Minimizer length: 15
Kminmer length: 68
Density: 0.005

Loading unitig graph
Load unitigs
Nb unitigs: 1032
Nb minimizers: 102978
Add unitig abundances
Sorting abundances
Add unitig edges
Nb unitig edges: 2152
Sorting unitig edges
Done loading unitig graph
Simplifying
Max abundance: 41
Nb unitigs: 1032
Superbubble
Nb superbubble removed: 40 0 (0s)
Tip
Nb Tip removed: 286 (0s)
Superbubble
Nb superbubble removed: 92 0 (0s)
Tip
Nb Tip removed: 0 (0s)
Nb errors removed: 208 (0s)
Superbubble
Nb superbubble removed: 2 0 (0s)
Tip
Nb Tip removed: 0 (0s)
Nb errors removed: 1 (0s)
Superbubble
Nb superbubble removed: 0 0 (0s)
Tip
Nb Tip removed: 0 (0s)
Nb errors removed: 63 (0s)
Superbubble
Nb superbubble removed: 0 0 (0s)
Tip
Nb Tip removed: 0 (0s)
Nb errors removed: 42 (0s)
Superbubble
Nb superbubble removed: 0 0 (0s)
Tip
Nb Tip removed: 0 (0s)
Nb errors removed: 25 (0s)
Superbubble
Nb superbubble removed: 0 0 (0s)
Tip
Nb Tip removed: 0 (0s)
Nb errors removed: 7 (0s)
Superbubble
Nb superbubble removed: 0 0 (0s)
Tip
Nb Tip removed: 0 (0s)
Nb errors removed: 13 (0s)
Superbubble
Nb superbubble removed: 6 0 (0s)
Tip
Nb Tip removed: 0 (0s)
Nb errors removed: 13 (0s)
Superbubble
Nb superbubble removed: 0 0 (0s)
Tip
Nb Tip removed: 0 (0s)
Nb errors removed: 6 (0s)
Superbubble
Nb superbubble removed: 0 0 (0s)
Tip
Nb Tip removed: 0 (0s)
Nb errors removed: 5 (0s)
Superbubble
Nb superbubble removed: 0 0 (0s)
Tip
Nb Tip removed: 0 (0s)
Nb errors removed: 4 (0s)
Superbubble
Nb superbubble removed: 0 0 (0s)
Tip
Nb Tip removed: 0 (0s)
Nb errors removed: 1 (0s)
Superbubble
Nb superbubble removed: 0 0 (0s)
Tip
Nb Tip removed: 0 (0s)
Nb errors removed: 1 (0s)
Superbubble
Nb superbubble removed: 0 0 (0s)
Tip
Nb Tip removed: 0 (0s)
Nb errors removed: 3 (0s)
Superbubble
Nb superbubble removed: 0 0 (0s)
Tip
Nb Tip removed: 0 (0s)
Nb errors removed: 1 (0s)
Superbubble
Nb superbubble removed: 0 0 (0s)
Tip
Nb Tip removed: 0 (0s)
Checksum: 0
Checksum abundnace: 0
Generating contigs
41.1448
28.1025
23.2252
13.11
11.9182
10.8347
9.84974
8.14028
7.40025
6.11591
5.05447
4.17725
3.13843
2.59374
2.14359
0


metaMDBG toMinspace  /var/folders/zg/vq0dnx517c54hg87dyqjky740000gn/T/.tmprWAL2M/tmp/ /var/folders/zg/vq0dnx517c54hg87dyqjky740000gn/T/.tmprWAL2M/tmp//contigs.nodepath /var/folders/zg/vq0dnx517c54hg87dyqjky740000gn/T/.tmprWAL2M/tmp//unitig_data.txt --threads 10

Input dir: /var/folders/zg/vq0dnx517c54hg87dyqjky740000gn/T/.tmprWAL2M/tmp/
Minimizer length: 15
Kminmer length: 68
Density: 0.005

Loading unitig sequences

Creating mContigs

Contig filename: /var/folders/zg/vq0dnx517c54hg87dyqjky740000gn/T/.tmprWAL2M/tmp//unitig_data.txt
pass done: 68
Multi-k pass: 69/205


metaMDBG graph /var/folders/zg/vq0dnx517c54hg87dyqjky740000gn/T/.tmprWAL2M/tmp/ --threads 10 --corrected-read 

Contig filename: 
Output dir: /var/folders/zg/vq0dnx517c54hg87dyqjky740000gn/T/.tmprWAL2M/tmp/
Minimizer length: 15
Kminmer length: 69
Density: 0.005
Min abundance: 0

Loading refined abundances
	Duration: 0
Collecting kminmers
Building mdbg
Duration: 0
Nb solid kminmers: 33860
Nb small contigs written: 0
Dump kminmer abundances
	Duration: 0
Indexing edges
Edge index size: 33830
Edge index elements: 60685
	Duration: 0
Compute unitig nodes
	Duration: 0
Index unitig edges
	Duration: 0
Compute unitig edges
	Duration: 0
Dump unitig abundances
	Duration: 0
Nb edges:   0


metaMDBG contig  /var/folders/zg/vq0dnx517c54hg87dyqjky740000gn/T/.tmprWAL2M/tmp/ --threads 10

Input dir: /var/folders/zg/vq0dnx517c54hg87dyqjky740000gn/T/.tmprWAL2M/tmp/
Minimizer length: 15
Kminmer length: 69
Density: 0.005

Loading unitig graph
Load unitigs
Nb unitigs: 1018
Nb minimizers: 103084
Add unitig abundances
Sorting abundances
Add unitig edges
Nb unitig edges: 2102
Sorting unitig edges
Done loading unitig graph
Simplifying
Max abundance: 41
Nb unitigs: 1018
Superbubble
Nb superbubble removed: 40 0 (0s)
Tip
Nb Tip removed: 292 (0s)
Superbubble
Nb superbubble removed: 92 0 (0s)
Tip
Nb Tip removed: 0 (0s)
Nb errors removed: 205 (0s)
Superbubble
Nb superbubble removed: 2 0 (0s)
Tip
Nb Tip removed: 0 (0s)
Nb errors removed: 1 (0s)
Superbubble
Nb superbubble removed: 0 0 (0s)
Tip
Nb Tip removed: 0 (0s)
Nb errors removed: 64 (0s)
Superbubble
Nb superbubble removed: 0 0 (0s)
Tip
Nb Tip removed: 0 (0s)
Nb errors removed: 42 (0s)
Superbubble
Nb superbubble removed: 0 0 (0s)
Tip
Nb Tip removed: 0 (0s)
Nb errors removed: 27 (0s)
Superbubble
Nb superbubble removed: 0 0 (0s)
Tip
Nb Tip removed: 0 (0s)
Nb errors removed: 7 (0s)
Superbubble
Nb superbubble removed: 0 0 (0s)
Tip
Nb Tip removed: 0 (0s)
Nb errors removed: 12 (0s)
Superbubble
Nb superbubble removed: 6 0 (0s)
Tip
Nb Tip removed: 0 (0s)
Nb errors removed: 15 (0s)
Superbubble
Nb superbubble removed: 0 0 (0s)
Tip
Nb Tip removed: 0 (0s)
Nb errors removed: 6 (0s)
Superbubble
Nb superbubble removed: 0 0 (0s)
Tip
Nb Tip removed: 0 (0s)
Nb errors removed: 5 (0s)
Superbubble
Nb superbubble removed: 0 0 (0s)
Tip
Nb Tip removed: 0 (0s)
Nb errors removed: 4 (0s)
Superbubble
Nb superbubble removed: 0 0 (0s)
Tip
Nb Tip removed: 0 (0s)
Nb errors removed: 4 (0s)
Superbubble
Nb superbubble removed: 0 0 (0s)
Tip
Nb Tip removed: 0 (0s)
Nb errors removed: 1 (0s)
Superbubble
Nb superbubble removed: 0 0 (0s)
Tip
Nb Tip removed: 0 (0s)
Nb errors removed: 1 (0s)
Superbubble
Nb superbubble removed: 0 0 (0s)
Tip
Nb Tip removed: 0 (0s)
Nb errors removed: 3 (0s)
Superbubble
Nb superbubble removed: 0 0 (0s)
Tip
Nb Tip removed: 0 (0s)
Nb errors removed: 1 (0s)
Superbubble
Nb superbubble removed: 0 0 (0s)
Tip
Nb Tip removed: 0 (0s)
Checksum: 0
Checksum abundnace: 0
Generating contigs
41.1448
28.1025
23.2252
14.421
13.11
11.9182
10.8347
9.84974
8.14028
7.40025
6.11591
5.05447
4.17725
3.13843
2.59374
2.14359
0


metaMDBG toMinspace  /var/folders/zg/vq0dnx517c54hg87dyqjky740000gn/T/.tmprWAL2M/tmp/ /var/folders/zg/vq0dnx517c54hg87dyqjky740000gn/T/.tmprWAL2M/tmp//contigs.nodepath /var/folders/zg/vq0dnx517c54hg87dyqjky740000gn/T/.tmprWAL2M/tmp//unitig_data.txt --threads 10

Input dir: /var/folders/zg/vq0dnx517c54hg87dyqjky740000gn/T/.tmprWAL2M/tmp/
Minimizer length: 15
Kminmer length: 69
Density: 0.005

Loading unitig sequences

Creating mContigs

Contig filename: /var/folders/zg/vq0dnx517c54hg87dyqjky740000gn/T/.tmprWAL2M/tmp//unitig_data.txt
pass done: 69
Multi-k pass: 70/205


metaMDBG graph /var/folders/zg/vq0dnx517c54hg87dyqjky740000gn/T/.tmprWAL2M/tmp/ --threads 10 --corrected-read 

Contig filename: 
Output dir: /var/folders/zg/vq0dnx517c54hg87dyqjky740000gn/T/.tmprWAL2M/tmp/
Minimizer length: 15
Kminmer length: 70
Density: 0.005
Min abundance: 0

Loading refined abundances
	Duration: 0
Collecting kminmers
Building mdbg
Duration: 0
Nb solid kminmers: 33881
Nb small contigs written: 0
Dump kminmer abundances
	Duration: 0
Indexing edges
Edge index size: 33855
Edge index elements: 60772
	Duration: 0
Compute unitig nodes
	Duration: 0
Index unitig edges
	Duration: 0
Compute unitig edges
	Duration: 0
Dump unitig abundances
	Duration: 0
Nb edges:   0


metaMDBG contig  /var/folders/zg/vq0dnx517c54hg87dyqjky740000gn/T/.tmprWAL2M/tmp/ --threads 10

Input dir: /var/folders/zg/vq0dnx517c54hg87dyqjky740000gn/T/.tmprWAL2M/tmp/
Minimizer length: 15
Kminmer length: 70
Density: 0.005

Loading unitig graph
Load unitigs
Nb unitigs: 1007
Nb minimizers: 103364
Add unitig abundances
Sorting abundances
Add unitig edges
Nb unitig edges: 2072
Sorting unitig edges
Done loading unitig graph
Simplifying
Max abundance: 41
Nb unitigs: 1007
Superbubble
Nb superbubble removed: 44 0 (0s)
Tip
Nb Tip removed: 292 (0s)
Superbubble
Nb superbubble removed: 90 0 (0s)
Tip
Nb Tip removed: 0 (0s)
Nb errors removed: 200 (0s)
Superbubble
Nb superbubble removed: 0 0 (0s)
Tip
Nb Tip removed: 0 (0s)
Nb errors removed: 1 (0s)
Superbubble
Nb superbubble removed: 0 0 (0s)
Tip
Nb Tip removed: 0 (0s)
Nb errors removed: 68 (0s)
Superbubble
Nb superbubble removed: 0 0 (0s)
Tip
Nb Tip removed: 0 (0s)
Nb errors removed: 42 (0s)
Superbubble
Nb superbubble removed: 2 0 (0s)
Tip
Nb Tip removed: 0 (0s)
Nb errors removed: 25 (0s)
Superbubble
Nb superbubble removed: 0 0 (0s)
Tip
Nb Tip removed: 0 (0s)
Nb errors removed: 7 (0s)
Superbubble
Nb superbubble removed: 0 0 (0s)
Tip
Nb Tip removed: 0 (0s)
Nb errors removed: 12 (0s)
Superbubble
Nb superbubble removed: 6 0 (0s)
Tip
Nb Tip removed: 0 (0s)
Nb errors removed: 16 (0s)
Superbubble
Nb superbubble removed: 0 0 (0s)
Tip
Nb Tip removed: 0 (0s)
Nb errors removed: 6 (0s)
Superbubble
Nb superbubble removed: 0 0 (0s)
Tip
Nb Tip removed: 0 (0s)
Nb errors removed: 6 (0s)
Superbubble
Nb superbubble removed: 0 0 (0s)
Tip
Nb Tip removed: 0 (0s)
Nb errors removed: 4 (0s)
Superbubble
Nb superbubble removed: 0 0 (0s)
Tip
Nb Tip removed: 0 (0s)
Nb errors removed: 4 (0s)
Superbubble
Nb superbubble removed: 0 0 (0s)
Tip
Nb Tip removed: 0 (0s)
Nb errors removed: 1 (0s)
Superbubble
Nb superbubble removed: 0 0 (0s)
Tip
Nb Tip removed: 0 (0s)
Nb errors removed: 1 (0s)
Superbubble
Nb superbubble removed: 0 0 (0s)
Tip
Nb Tip removed: 0 (0s)
Nb errors removed: 3 (0s)
Superbubble
Nb superbubble removed: 0 0 (0s)
Tip
Nb Tip removed: 0 (0s)
Nb errors removed: 1 (0s)
Superbubble
Nb superbubble removed: 0 0 (0s)
Tip
Nb Tip removed: 0 (0s)
Checksum: 0
Checksum abundnace: 0
Generating contigs
41.1448
28.1025
23.2252
14.421
13.11
11.9182
10.8347
9.84974
8.14028
7.40025
6.11591
5.05447
4.17725
3.13843
2.59374
2.14359
0


metaMDBG toMinspace  /var/folders/zg/vq0dnx517c54hg87dyqjky740000gn/T/.tmprWAL2M/tmp/ /var/folders/zg/vq0dnx517c54hg87dyqjky740000gn/T/.tmprWAL2M/tmp//contigs.nodepath /var/folders/zg/vq0dnx517c54hg87dyqjky740000gn/T/.tmprWAL2M/tmp//unitig_data.txt --threads 10

Input dir: /var/folders/zg/vq0dnx517c54hg87dyqjky740000gn/T/.tmprWAL2M/tmp/
Minimizer length: 15
Kminmer length: 70
Density: 0.005

Loading unitig sequences

Creating mContigs

Contig filename: /var/folders/zg/vq0dnx517c54hg87dyqjky740000gn/T/.tmprWAL2M/tmp//unitig_data.txt
pass done: 70
Multi-k pass: 71/205


metaMDBG graph /var/folders/zg/vq0dnx517c54hg87dyqjky740000gn/T/.tmprWAL2M/tmp/ --threads 10 --corrected-read 

Contig filename: 
Output dir: /var/folders/zg/vq0dnx517c54hg87dyqjky740000gn/T/.tmprWAL2M/tmp/
Minimizer length: 15
Kminmer length: 71
Density: 0.005
Min abundance: 0

Loading refined abundances
	Duration: 0
Collecting kminmers
Building mdbg
Duration: 0
Nb solid kminmers: 33886
Nb small contigs written: 0
Dump kminmer abundances
	Duration: 0
Indexing edges
Edge index size: 33860
Edge index elements: 60647
	Duration: 0
Compute unitig nodes
	Duration: 0
Index unitig edges
	Duration: 0
Compute unitig edges
	Duration: 0
Dump unitig abundances
	Duration: 0
Nb edges:   0


metaMDBG contig  /var/folders/zg/vq0dnx517c54hg87dyqjky740000gn/T/.tmprWAL2M/tmp/ --threads 10 --gen-graph 

Input dir: /var/folders/zg/vq0dnx517c54hg87dyqjky740000gn/T/.tmprWAL2M/tmp/
Minimizer length: 15
Kminmer length: 71
Density: 0.005

Loading unitig graph
Load unitigs
Nb unitigs: 1001
Nb minimizers: 103956
Add unitig abundances
Sorting abundances
Add unitig edges
Nb unitig edges: 2060
Sorting unitig edges
Done loading unitig graph
Simplifying
Max abundance: 41
Nb unitigs: 1001
Superbubble
Nb superbubble removed: 40 0 (0s)
Tip
Nb Tip removed: 293 (0s)
Superbubble
Nb superbubble removed: 86 0 (0s)
Tip
Nb Tip removed: 0 (0s)
Saving unitig graph: /var/folders/zg/vq0dnx517c54hg87dyqjky740000gn/T/.tmprWAL2M/tmp//assembly_graph.gfa
Nb errors removed: 198 (0s)
Superbubble
Nb superbubble removed: 0 0 (0s)
Tip
Nb Tip removed: 0 (0s)
Nb errors removed: 1 (0s)
Superbubble
Nb superbubble removed: 0 0 (0s)
Tip
Nb Tip removed: 0 (0s)
Nb errors removed: 69 (0s)
Superbubble
Nb superbubble removed: 2 0 (0s)
Tip
Nb Tip removed: 0 (0s)
Nb errors removed: 44 (0s)
Superbubble
Nb superbubble removed: 2 0 (0s)
Tip
Nb Tip removed: 0 (0s)
Nb errors removed: 25 (0s)
Superbubble
Nb superbubble removed: 0 0 (0s)
Tip
Nb Tip removed: 0 (0s)
Nb errors removed: 7 (0s)
Superbubble
Nb superbubble removed: 0 0 (0s)
Tip
Nb Tip removed: 0 (0s)
Nb errors removed: 12 (0s)
Superbubble
Nb superbubble removed: 6 0 (0s)
Tip
Nb Tip removed: 0 (0s)
Nb errors removed: 17 (0s)
Superbubble
Nb superbubble removed: 0 0 (0s)
Tip
Nb Tip removed: 0 (0s)
Nb errors removed: 6 (0s)
Superbubble
Nb superbubble removed: 0 0 (0s)
Tip
Nb Tip removed: 0 (0s)
Nb errors removed: 6 (0s)
Superbubble
Nb superbubble removed: 0 0 (0s)
Tip
Nb Tip removed: 0 (0s)
Nb errors removed: 4 (0s)
Superbubble
Nb superbubble removed: 0 0 (0s)
Tip
Nb Tip removed: 0 (0s)
Nb errors removed: 4 (0s)
Superbubble
Nb superbubble removed: 0 0 (0s)
Tip
Nb Tip removed: 0 (0s)
Nb errors removed: 1 (0s)
Superbubble
Nb superbubble removed: 0 0 (0s)
Tip
Nb Tip removed: 0 (0s)
Nb errors removed: 1 (0s)
Superbubble
Nb superbubble removed: 0 0 (0s)
Tip
Nb Tip removed: 0 (0s)
Nb errors removed: 3 (0s)
Superbubble
Nb superbubble removed: 0 0 (0s)
Tip
Nb Tip removed: 0 (0s)
Nb errors removed: 1 (0s)
Superbubble
Nb superbubble removed: 0 0 (0s)
Tip
Nb Tip removed: 0 (0s)
Checksum: 0
Checksum abundnace: 0
Generating contigs
41.1448
28.1025
23.2252
14.421
13.11
11.9182
10.8347
9.84974
8.14028
7.40025
6.11591
5.05447
4.17725
3.13843
2.59374
2.14359
0


metaMDBG toMinspace  /var/folders/zg/vq0dnx517c54hg87dyqjky740000gn/T/.tmprWAL2M/tmp/ /var/folders/zg/vq0dnx517c54hg87dyqjky740000gn/T/.tmprWAL2M/tmp//contigs.nodepath /var/folders/zg/vq0dnx517c54hg87dyqjky740000gn/T/.tmprWAL2M/tmp//unitig_data.txt --threads 10

Input dir: /var/folders/zg/vq0dnx517c54hg87dyqjky740000gn/T/.tmprWAL2M/tmp/
Minimizer length: 15
Kminmer length: 71
Density: 0.005

Loading unitig sequences

Creating mContigs

Contig filename: /var/folders/zg/vq0dnx517c54hg87dyqjky740000gn/T/.tmprWAL2M/tmp//unitig_data.txt


metaMDBG toMinspace  /var/folders/zg/vq0dnx517c54hg87dyqjky740000gn/T/.tmprWAL2M/tmp/ /var/folders/zg/vq0dnx517c54hg87dyqjky740000gn/T/.tmprWAL2M/tmp//assembly_graph.gfa.unitigs.nodepath /var/folders/zg/vq0dnx517c54hg87dyqjky740000gn/T/.tmprWAL2M/tmp//assembly_graph.gfa.unitigs --threads 10

Input dir: /var/folders/zg/vq0dnx517c54hg87dyqjky740000gn/T/.tmprWAL2M/tmp/
Minimizer length: 15
Kminmer length: 71
Density: 0.005

Loading unitig sequences

Creating mContigs

Contig filename: /var/folders/zg/vq0dnx517c54hg87dyqjky740000gn/T/.tmprWAL2M/tmp//assembly_graph.gfa.unitigs
pass done: 71
Multi-k pass: 72/205


metaMDBG graph /var/folders/zg/vq0dnx517c54hg87dyqjky740000gn/T/.tmprWAL2M/tmp/ --threads 10 --corrected-read 

Contig filename: 
Output dir: /var/folders/zg/vq0dnx517c54hg87dyqjky740000gn/T/.tmprWAL2M/tmp/
Minimizer length: 15
Kminmer length: 72
Density: 0.005
Min abundance: 0

Loading refined abundances
	Duration: 0
Collecting kminmers
Building mdbg
Duration: 0
Nb solid kminmers: 33907
Nb small contigs written: 0
Dump kminmer abundances
	Duration: 0
Indexing edges
Edge index size: 33882
Edge index elements: 60619
	Duration: 0
Compute unitig nodes
	Duration: 0
Index unitig edges
	Duration: 0
Compute unitig edges
	Duration: 0
Dump unitig abundances
	Duration: 0
Nb edges:   0


metaMDBG contig  /var/folders/zg/vq0dnx517c54hg87dyqjky740000gn/T/.tmprWAL2M/tmp/ --threads 10

Input dir: /var/folders/zg/vq0dnx517c54hg87dyqjky740000gn/T/.tmprWAL2M/tmp/
Minimizer length: 15
Kminmer length: 72
Density: 0.005

Loading unitig graph
Load unitigs
Nb unitigs: 992
Nb minimizers: 104339
Add unitig abundances
Sorting abundances
Add unitig edges
Nb unitig edges: 2040
Sorting unitig edges
Done loading unitig graph
Simplifying
Max abundance: 41
Nb unitigs: 992
Superbubble
Nb superbubble removed: 40 0 (0s)
Tip
Nb Tip removed: 294 (0s)
Superbubble
Nb superbubble removed: 80 0 (0s)
Tip
Nb Tip removed: 0 (0s)
Nb errors removed: 194 (0s)
Superbubble
Nb superbubble removed: 0 0 (0s)
Tip
Nb Tip removed: 0 (0s)
Nb errors removed: 1 (0s)
Superbubble
Nb superbubble removed: 0 0 (0s)
Tip
Nb Tip removed: 0 (0s)
Nb errors removed: 70 (0s)
Superbubble
Nb superbubble removed: 2 0 (0s)
Tip
Nb Tip removed: 0 (0s)
Nb errors removed: 44 (0s)
Superbubble
Nb superbubble removed: 2 0 (0s)
Tip
Nb Tip removed: 0 (0s)
Nb errors removed: 25 (0s)
Superbubble
Nb superbubble removed: 0 0 (0s)
Tip
Nb Tip removed: 0 (0s)
Nb errors removed: 7 (0s)
Superbubble
Nb superbubble removed: 0 0 (0s)
Tip
Nb Tip removed: 0 (0s)
Nb errors removed: 12 (0s)
Superbubble
Nb superbubble removed: 6 0 (0s)
Tip
Nb Tip removed: 0 (0s)
Nb errors removed: 18 (0s)
Superbubble
Nb superbubble removed: 0 0 (0s)
Tip
Nb Tip removed: 0 (0s)
Nb errors removed: 6 (0s)
Superbubble
Nb superbubble removed: 0 0 (0s)
Tip
Nb Tip removed: 0 (0s)
Nb errors removed: 6 (0s)
Superbubble
Nb superbubble removed: 0 0 (0s)
Tip
Nb Tip removed: 0 (0s)
Nb errors removed: 4 (0s)
Superbubble
Nb superbubble removed: 0 0 (0s)
Tip
Nb Tip removed: 0 (0s)
Nb errors removed: 5 (0s)
Superbubble
Nb superbubble removed: 0 0 (0s)
Tip
Nb Tip removed: 0 (0s)
Nb errors removed: 1 (0s)
Superbubble
Nb superbubble removed: 0 0 (0s)
Tip
Nb Tip removed: 0 (0s)
Nb errors removed: 1 (0s)
Superbubble
Nb superbubble removed: 0 0 (0s)
Tip
Nb Tip removed: 0 (0s)
Nb errors removed: 3 (0s)
Superbubble
Nb superbubble removed: 0 0 (0s)
Tip
Nb Tip removed: 0 (0s)
Nb errors removed: 1 (0s)
Superbubble
Nb superbubble removed: 0 0 (0s)
Tip
Nb Tip removed: 0 (0s)
Checksum: 0
Checksum abundnace: 0
Generating contigs
41.1448
28.1025
23.2252
14.421
13.11
11.9182
10.8347
9.84974
8.14028
7.40025
6.11591
5.05447
4.17725
3.13843
2.59374
2.14359
0


metaMDBG toMinspace  /var/folders/zg/vq0dnx517c54hg87dyqjky740000gn/T/.tmprWAL2M/tmp/ /var/folders/zg/vq0dnx517c54hg87dyqjky740000gn/T/.tmprWAL2M/tmp//contigs.nodepath /var/folders/zg/vq0dnx517c54hg87dyqjky740000gn/T/.tmprWAL2M/tmp//unitig_data.txt --threads 10

Input dir: /var/folders/zg/vq0dnx517c54hg87dyqjky740000gn/T/.tmprWAL2M/tmp/
Minimizer length: 15
Kminmer length: 72
Density: 0.005

Loading unitig sequences

Creating mContigs

Contig filename: /var/folders/zg/vq0dnx517c54hg87dyqjky740000gn/T/.tmprWAL2M/tmp//unitig_data.txt
pass done: 72
Multi-k pass: 73/205


metaMDBG graph /var/folders/zg/vq0dnx517c54hg87dyqjky740000gn/T/.tmprWAL2M/tmp/ --threads 10 --corrected-read 

Contig filename: 
Output dir: /var/folders/zg/vq0dnx517c54hg87dyqjky740000gn/T/.tmprWAL2M/tmp/
Minimizer length: 15
Kminmer length: 73
Density: 0.005
Min abundance: 0

Loading refined abundances
	Duration: 0
Collecting kminmers
Building mdbg
Duration: 0
Nb solid kminmers: 33931
Nb small contigs written: 0
Dump kminmer abundances
	Duration: 0
Indexing edges
Edge index size: 33904
Edge index elements: 61140
	Duration: 0
Compute unitig nodes
	Duration: 0
Index unitig edges
	Duration: 0
Compute unitig edges
	Duration: 0
Dump unitig abundances
	Duration: 0
Nb edges:   0


metaMDBG contig  /var/folders/zg/vq0dnx517c54hg87dyqjky740000gn/T/.tmprWAL2M/tmp/ --threads 10

Input dir: /var/folders/zg/vq0dnx517c54hg87dyqjky740000gn/T/.tmprWAL2M/tmp/
Minimizer length: 15
Kminmer length: 73
Density: 0.005

Loading unitig graph
Load unitigs
Nb unitigs: 988
Nb minimizers: 105067
Add unitig abundances
Sorting abundances
Add unitig edges
Nb unitig edges: 2036
Sorting unitig edges
Done loading unitig graph
Simplifying
Max abundance: 41
Nb unitigs: 988
Superbubble
Nb superbubble removed: 38 0 (0s)
Tip
Nb Tip removed: 293 (0s)
Superbubble
Nb superbubble removed: 78 0 (0s)
Tip
Nb Tip removed: 0 (0s)
Nb errors removed: 194 (0s)
Superbubble
Nb superbubble removed: 0 0 (0s)
Tip
Nb Tip removed: 0 (0s)
Nb errors removed: 1 (0s)
Superbubble
Nb superbubble removed: 0 0 (0s)
Tip
Nb Tip removed: 0 (0s)
Nb errors removed: 68 (0s)
Superbubble
Nb superbubble removed: 2 0 (0s)
Tip
Nb Tip removed: 0 (0s)
Nb errors removed: 44 (0s)
Superbubble
Nb superbubble removed: 2 0 (0s)
Tip
Nb Tip removed: 0 (0s)
Nb errors removed: 25 (0s)
Superbubble
Nb superbubble removed: 0 0 (0s)
Tip
Nb Tip removed: 0 (0s)
Nb errors removed: 7 (0s)
Superbubble
Nb superbubble removed: 0 0 (0s)
Tip
Nb Tip removed: 0 (0s)
Nb errors removed: 12 (0s)
Superbubble
Nb superbubble removed: 6 0 (0s)
Tip
Nb Tip removed: 0 (0s)
Nb errors removed: 18 (0s)
Superbubble
Nb superbubble removed: 0 0 (0s)
Tip
Nb Tip removed: 0 (0s)
Nb errors removed: 6 (0s)
Superbubble
Nb superbubble removed: 0 0 (0s)
Tip
Nb Tip removed: 0 (0s)
Nb errors removed: 6 (0s)
Superbubble
Nb superbubble removed: 0 0 (0s)
Tip
Nb Tip removed: 0 (0s)
Nb errors removed: 4 (0s)
Superbubble
Nb superbubble removed: 0 0 (0s)
Tip
Nb Tip removed: 0 (0s)
Nb errors removed: 5 (0s)
Superbubble
Nb superbubble removed: 0 0 (0s)
Tip
Nb Tip removed: 0 (0s)
Nb errors removed: 1 (0s)
Superbubble
Nb superbubble removed: 0 0 (0s)
Tip
Nb Tip removed: 0 (0s)
Nb errors removed: 1 (0s)
Superbubble
Nb superbubble removed: 0 0 (0s)
Tip
Nb Tip removed: 0 (0s)
Nb errors removed: 3 (0s)
Superbubble
Nb superbubble removed: 0 0 (0s)
Tip
Nb Tip removed: 0 (0s)
Nb errors removed: 1 (0s)
Superbubble
Nb superbubble removed: 0 0 (0s)
Tip
Nb Tip removed: 0 (0s)
Checksum: 0
Checksum abundnace: 0
Generating contigs
41.1448
28.1025
23.2252
14.421
13.11
11.9182
10.8347
9.84974
8.14028
7.40025
6.11591
5.05447
4.17725
3.13843
2.59374
2.14359
0


metaMDBG toMinspace  /var/folders/zg/vq0dnx517c54hg87dyqjky740000gn/T/.tmprWAL2M/tmp/ /var/folders/zg/vq0dnx517c54hg87dyqjky740000gn/T/.tmprWAL2M/tmp//contigs.nodepath /var/folders/zg/vq0dnx517c54hg87dyqjky740000gn/T/.tmprWAL2M/tmp//unitig_data.txt --threads 10

Input dir: /var/folders/zg/vq0dnx517c54hg87dyqjky740000gn/T/.tmprWAL2M/tmp/
Minimizer length: 15
Kminmer length: 73
Density: 0.005

Loading unitig sequences

Creating mContigs

Contig filename: /var/folders/zg/vq0dnx517c54hg87dyqjky740000gn/T/.tmprWAL2M/tmp//unitig_data.txt
pass done: 73
Multi-k pass: 74/205


metaMDBG graph /var/folders/zg/vq0dnx517c54hg87dyqjky740000gn/T/.tmprWAL2M/tmp/ --threads 10 --corrected-read 

Contig filename: 
Output dir: /var/folders/zg/vq0dnx517c54hg87dyqjky740000gn/T/.tmprWAL2M/tmp/
Minimizer length: 15
Kminmer length: 74
Density: 0.005
Min abundance: 0

Loading refined abundances
	Duration: 0
Collecting kminmers
Building mdbg
Duration: 0
Nb solid kminmers: 33950
Nb small contigs written: 0
Dump kminmer abundances
	Duration: 0
Indexing edges
Edge index size: 33926
Edge index elements: 61094
	Duration: 0
Compute unitig nodes
	Duration: 0
Index unitig edges
	Duration: 0
Compute unitig edges
	Duration: 0
Dump unitig abundances
	Duration: 0
Nb edges:   0


metaMDBG contig  /var/folders/zg/vq0dnx517c54hg87dyqjky740000gn/T/.tmprWAL2M/tmp/ --threads 10

Input dir: /var/folders/zg/vq0dnx517c54hg87dyqjky740000gn/T/.tmprWAL2M/tmp/
Minimizer length: 15
Kminmer length: 74
Density: 0.005

Loading unitig graph
Load unitigs
Nb unitigs: 971
Nb minimizers: 104833
Add unitig abundances
Sorting abundances
Add unitig edges
Nb unitig edges: 2002
Sorting unitig edges
Done loading unitig graph
Simplifying
Max abundance: 41
Nb unitigs: 971
Superbubble
Nb superbubble removed: 38 0 (0s)
Tip
Nb Tip removed: 292 (0s)
Superbubble
Nb superbubble removed: 76 0 (0s)
Tip
Nb Tip removed: 0 (0s)
Nb errors removed: 190 (0s)
Superbubble
Nb superbubble removed: 0 0 (0s)
Tip
Nb Tip removed: 0 (0s)
Nb errors removed: 1 (0s)
Superbubble
Nb superbubble removed: 0 0 (0s)
Tip
Nb Tip removed: 0 (0s)
Nb errors removed: 68 (0s)
Superbubble
Nb superbubble removed: 2 0 (0s)
Tip
Nb Tip removed: 0 (0s)
Nb errors removed: 44 (0s)
Superbubble
Nb superbubble removed: 2 0 (0s)
Tip
Nb Tip removed: 0 (0s)
Nb errors removed: 25 (0s)
Superbubble
Nb superbubble removed: 0 0 (0s)
Tip
Nb Tip removed: 0 (0s)
Nb errors removed: 7 (0s)
Superbubble
Nb superbubble removed: 0 0 (0s)
Tip
Nb Tip removed: 0 (0s)
Nb errors removed: 12 (0s)
Superbubble
Nb superbubble removed: 6 0 (0s)
Tip
Nb Tip removed: 0 (0s)
Nb errors removed: 19 (0s)
Superbubble
Nb superbubble removed: 0 0 (0s)
Tip
Nb Tip removed: 0 (0s)
Nb errors removed: 6 (0s)
Superbubble
Nb superbubble removed: 0 0 (0s)
Tip
Nb Tip removed: 0 (0s)
Nb errors removed: 6 (0s)
Superbubble
Nb superbubble removed: 0 0 (0s)
Tip
Nb Tip removed: 0 (0s)
Nb errors removed: 4 (0s)
Superbubble
Nb superbubble removed: 0 0 (0s)
Tip
Nb Tip removed: 0 (0s)
Nb errors removed: 5 (0s)
Superbubble
Nb superbubble removed: 0 0 (0s)
Tip
Nb Tip removed: 0 (0s)
Nb errors removed: 1 (0s)
Superbubble
Nb superbubble removed: 0 0 (0s)
Tip
Nb Tip removed: 0 (0s)
Nb errors removed: 1 (0s)
Superbubble
Nb superbubble removed: 0 0 (0s)
Tip
Nb Tip removed: 0 (0s)
Nb errors removed: 3 (0s)
Superbubble
Nb superbubble removed: 0 0 (0s)
Tip
Nb Tip removed: 0 (0s)
Nb errors removed: 1 (0s)
Superbubble
Nb superbubble removed: 0 0 (0s)
Tip
Nb Tip removed: 0 (0s)
Checksum: 0
Checksum abundnace: 0
Generating contigs
41.1448
28.1025
23.2252
14.421
13.11
11.9182
10.8347
9.84974
8.14028
7.40025
6.11591
5.05447
4.17725
3.13843
2.59374
2.14359
0


metaMDBG toMinspace  /var/folders/zg/vq0dnx517c54hg87dyqjky740000gn/T/.tmprWAL2M/tmp/ /var/folders/zg/vq0dnx517c54hg87dyqjky740000gn/T/.tmprWAL2M/tmp//contigs.nodepath /var/folders/zg/vq0dnx517c54hg87dyqjky740000gn/T/.tmprWAL2M/tmp//unitig_data.txt --threads 10

Input dir: /var/folders/zg/vq0dnx517c54hg87dyqjky740000gn/T/.tmprWAL2M/tmp/
Minimizer length: 15
Kminmer length: 74
Density: 0.005

Loading unitig sequences

Creating mContigs

Contig filename: /var/folders/zg/vq0dnx517c54hg87dyqjky740000gn/T/.tmprWAL2M/tmp//unitig_data.txt
pass done: 74
Multi-k pass: 75/205


metaMDBG graph /var/folders/zg/vq0dnx517c54hg87dyqjky740000gn/T/.tmprWAL2M/tmp/ --threads 10 --corrected-read 

Contig filename: 
Output dir: /var/folders/zg/vq0dnx517c54hg87dyqjky740000gn/T/.tmprWAL2M/tmp/
Minimizer length: 15
Kminmer length: 75
Density: 0.005
Min abundance: 0

Loading refined abundances
	Duration: 0
Collecting kminmers
Building mdbg
Duration: 0
Nb solid kminmers: 33968
Nb small contigs written: 0
Dump kminmer abundances
	Duration: 0
Indexing edges
Edge index size: 33947
Edge index elements: 61090
	Duration: 0
Compute unitig nodes
	Duration: 0
Index unitig edges
	Duration: 0
Compute unitig edges
	Duration: 0
Dump unitig abundances
	Duration: 0
Nb edges:   0


metaMDBG contig  /var/folders/zg/vq0dnx517c54hg87dyqjky740000gn/T/.tmprWAL2M/tmp/ --threads 10

Input dir: /var/folders/zg/vq0dnx517c54hg87dyqjky740000gn/T/.tmprWAL2M/tmp/
Minimizer length: 15
Kminmer length: 75
Density: 0.005

Loading unitig graph
Load unitigs
Nb unitigs: 968
Nb minimizers: 105600
Add unitig abundances
Sorting abundances
Add unitig edges
Nb unitig edges: 1982
Sorting unitig edges
Done loading unitig graph
Simplifying
Max abundance: 41
Nb unitigs: 968
Superbubble
Nb superbubble removed: 36 0 (0s)
Tip
Nb Tip removed: 289 (0s)
Superbubble
Nb superbubble removed: 80 0 (0s)
Tip
Nb Tip removed: 0 (0s)
Nb errors removed: 186 (0s)
Superbubble
Nb superbubble removed: 0 0 (0s)
Tip
Nb Tip removed: 0 (0s)
Nb errors removed: 1 (0s)
Superbubble
Nb superbubble removed: 0 0 (0s)
Tip
Nb Tip removed: 0 (0s)
Nb errors removed: 70 (0s)
Superbubble
Nb superbubble removed: 2 0 (0s)
Tip
Nb Tip removed: 0 (0s)
Nb errors removed: 45 (0s)
Superbubble
Nb superbubble removed: 2 0 (0s)
Tip
Nb Tip removed: 0 (0s)
Nb errors removed: 25 (0s)
Superbubble
Nb superbubble removed: 0 0 (0s)
Tip
Nb Tip removed: 0 (0s)
Nb errors removed: 7 (0s)
Superbubble
Nb superbubble removed: 0 0 (0s)
Tip
Nb Tip removed: 0 (0s)
Nb errors removed: 12 (0s)
Superbubble
Nb superbubble removed: 6 0 (0s)
Tip
Nb Tip removed: 0 (0s)
Nb errors removed: 19 (0s)
Superbubble
Nb superbubble removed: 0 0 (0s)
Tip
Nb Tip removed: 0 (0s)
Nb errors removed: 6 (0s)
Superbubble
Nb superbubble removed: 0 0 (0s)
Tip
Nb Tip removed: 0 (0s)
Nb errors removed: 6 (0s)
Superbubble
Nb superbubble removed: 0 0 (0s)
Tip
Nb Tip removed: 0 (0s)
Nb errors removed: 4 (0s)
Superbubble
Nb superbubble removed: 0 0 (0s)
Tip
Nb Tip removed: 0 (0s)
Nb errors removed: 5 (0s)
Superbubble
Nb superbubble removed: 0 0 (0s)
Tip
Nb Tip removed: 0 (0s)
Nb errors removed: 1 (0s)
Superbubble
Nb superbubble removed: 0 0 (0s)
Tip
Nb Tip removed: 0 (0s)
Nb errors removed: 1 (0s)
Superbubble
Nb superbubble removed: 0 0 (0s)
Tip
Nb Tip removed: 0 (0s)
Nb errors removed: 3 (0s)
Superbubble
Nb superbubble removed: 0 0 (0s)
Tip
Nb Tip removed: 0 (0s)
Nb errors removed: 1 (0s)
Superbubble
Nb superbubble removed: 0 0 (0s)
Tip
Nb Tip removed: 0 (0s)
Checksum: 0
Checksum abundnace: 0
Generating contigs
41.1448
28.1025
23.2252
14.421
13.11
11.9182
10.8347
9.84974
8.14028
7.40025
6.11591
5.05447
4.17725
3.13843
2.59374
2.14359
0


metaMDBG toMinspace  /var/folders/zg/vq0dnx517c54hg87dyqjky740000gn/T/.tmprWAL2M/tmp/ /var/folders/zg/vq0dnx517c54hg87dyqjky740000gn/T/.tmprWAL2M/tmp//contigs.nodepath /var/folders/zg/vq0dnx517c54hg87dyqjky740000gn/T/.tmprWAL2M/tmp//unitig_data.txt --threads 10

Input dir: /var/folders/zg/vq0dnx517c54hg87dyqjky740000gn/T/.tmprWAL2M/tmp/
Minimizer length: 15
Kminmer length: 75
Density: 0.005

Loading unitig sequences

Creating mContigs

Contig filename: /var/folders/zg/vq0dnx517c54hg87dyqjky740000gn/T/.tmprWAL2M/tmp//unitig_data.txt
pass done: 75
Multi-k pass: 76/205


metaMDBG graph /var/folders/zg/vq0dnx517c54hg87dyqjky740000gn/T/.tmprWAL2M/tmp/ --threads 10 --corrected-read 

Contig filename: 
Output dir: /var/folders/zg/vq0dnx517c54hg87dyqjky740000gn/T/.tmprWAL2M/tmp/
Minimizer length: 15
Kminmer length: 76
Density: 0.005
Min abundance: 0

Loading refined abundances
	Duration: 0
Collecting kminmers
Building mdbg
Duration: 0
Nb solid kminmers: 33987
Nb small contigs written: 0
Dump kminmer abundances
	Duration: 0
Indexing edges
Edge index size: 33962
Edge index elements: 61141
	Duration: 0
Compute unitig nodes
	Duration: 0
Index unitig edges
	Duration: 0
Compute unitig edges
	Duration: 0
Dump unitig abundances
	Duration: 0
Nb edges:   0


metaMDBG contig  /var/folders/zg/vq0dnx517c54hg87dyqjky740000gn/T/.tmprWAL2M/tmp/ --threads 10

Input dir: /var/folders/zg/vq0dnx517c54hg87dyqjky740000gn/T/.tmprWAL2M/tmp/
Minimizer length: 15
Kminmer length: 76
Density: 0.005

Loading unitig graph
Load unitigs
Nb unitigs: 959
Nb minimizers: 105912
Add unitig abundances
Sorting abundances
Add unitig edges
Nb unitig edges: 1974
Sorting unitig edges
Done loading unitig graph
Simplifying
Max abundance: 41
Nb unitigs: 959
Superbubble
Nb superbubble removed: 36 0 (0s)
Tip
Nb Tip removed: 287 (0s)
Superbubble
Nb superbubble removed: 80 0 (0s)
Tip
Nb Tip removed: 0 (0s)
Nb errors removed: 183 (0s)
Superbubble
Nb superbubble removed: 0 0 (0s)
Tip
Nb Tip removed: 0 (0s)
Nb errors removed: 1 (0s)
Superbubble
Nb superbubble removed: 0 0 (0s)
Tip
Nb Tip removed: 0 (0s)
Nb errors removed: 69 (0s)
Superbubble
Nb superbubble removed: 2 0 (0s)
Tip
Nb Tip removed: 0 (0s)
Nb errors removed: 44 (0s)
Superbubble
Nb superbubble removed: 2 0 (0s)
Tip
Nb Tip removed: 0 (0s)
Nb errors removed: 25 (0s)
Superbubble
Nb superbubble removed: 0 0 (0s)
Tip
Nb Tip removed: 0 (0s)
Nb errors removed: 6 (0s)
Superbubble
Nb superbubble removed: 0 0 (0s)
Tip
Nb Tip removed: 0 (0s)
Nb errors removed: 12 (0s)
Superbubble
Nb superbubble removed: 6 0 (0s)
Tip
Nb Tip removed: 0 (0s)
Nb errors removed: 19 (0s)
Superbubble
Nb superbubble removed: 0 0 (0s)
Tip
Nb Tip removed: 0 (0s)
Nb errors removed: 6 (0s)
Superbubble
Nb superbubble removed: 0 0 (0s)
Tip
Nb Tip removed: 0 (0s)
Nb errors removed: 6 (0s)
Superbubble
Nb superbubble removed: 0 0 (0s)
Tip
Nb Tip removed: 0 (0s)
Nb errors removed: 4 (0s)
Superbubble
Nb superbubble removed: 0 0 (0s)
Tip
Nb Tip removed: 0 (0s)
Nb errors removed: 5 (0s)
Superbubble
Nb superbubble removed: 0 0 (0s)
Tip
Nb Tip removed: 0 (0s)
Nb errors removed: 1 (0s)
Superbubble
Nb superbubble removed: 0 0 (0s)
Tip
Nb Tip removed: 0 (0s)
Nb errors removed: 1 (0s)
Superbubble
Nb superbubble removed: 0 0 (0s)
Tip
Nb Tip removed: 0 (0s)
Nb errors removed: 3 (0s)
Superbubble
Nb superbubble removed: 0 0 (0s)
Tip
Nb Tip removed: 0 (0s)
Nb errors removed: 1 (0s)
Superbubble
Nb superbubble removed: 0 0 (0s)
Tip
Nb Tip removed: 0 (0s)
Checksum: 0
Checksum abundnace: 0
Generating contigs
41.1448
28.1025
23.2252
14.421
13.11
11.9182
10.8347
9.84974
8.14028
7.40025
6.11591
5.05447
4.17725
3.13843
2.59374
2.14359
0


metaMDBG toMinspace  /var/folders/zg/vq0dnx517c54hg87dyqjky740000gn/T/.tmprWAL2M/tmp/ /var/folders/zg/vq0dnx517c54hg87dyqjky740000gn/T/.tmprWAL2M/tmp//contigs.nodepath /var/folders/zg/vq0dnx517c54hg87dyqjky740000gn/T/.tmprWAL2M/tmp//unitig_data.txt --threads 10

Input dir: /var/folders/zg/vq0dnx517c54hg87dyqjky740000gn/T/.tmprWAL2M/tmp/
Minimizer length: 15
Kminmer length: 76
Density: 0.005

Loading unitig sequences

Creating mContigs

Contig filename: /var/folders/zg/vq0dnx517c54hg87dyqjky740000gn/T/.tmprWAL2M/tmp//unitig_data.txt
pass done: 76
Multi-k pass: 77/205


metaMDBG graph /var/folders/zg/vq0dnx517c54hg87dyqjky740000gn/T/.tmprWAL2M/tmp/ --threads 10 --corrected-read 

Contig filename: 
Output dir: /var/folders/zg/vq0dnx517c54hg87dyqjky740000gn/T/.tmprWAL2M/tmp/
Minimizer length: 15
Kminmer length: 77
Density: 0.005
Min abundance: 0

Loading refined abundances
	Duration: 0
Collecting kminmers
Building mdbg
Duration: 0
Nb solid kminmers: 34006
Nb small contigs written: 0
Dump kminmer abundances
	Duration: 0
Indexing edges
Edge index size: 33985
Edge index elements: 61184
	Duration: 0
Compute unitig nodes
	Duration: 0
Index unitig edges
	Duration: 0
Compute unitig edges
	Duration: 0
Dump unitig abundances
	Duration: 0
Nb edges:   0


metaMDBG contig  /var/folders/zg/vq0dnx517c54hg87dyqjky740000gn/T/.tmprWAL2M/tmp/ --threads 10

Input dir: /var/folders/zg/vq0dnx517c54hg87dyqjky740000gn/T/.tmprWAL2M/tmp/
Minimizer length: 15
Kminmer length: 77
Density: 0.005

Loading unitig graph
Load unitigs
Nb unitigs: 954
Nb minimizers: 106510
Add unitig abundances
Sorting abundances
Add unitig edges
Nb unitig edges: 1950
Sorting unitig edges
Done loading unitig graph
Simplifying
Max abundance: 41
Nb unitigs: 954
Superbubble
Nb superbubble removed: 36 0 (0s)
Tip
Nb Tip removed: 281 (0s)
Superbubble
Nb superbubble removed: 80 0 (0s)
Tip
Nb Tip removed: 0 (0s)
Nb errors removed: 181 (0s)
Superbubble
Nb superbubble removed: 0 0 (0s)
Tip
Nb Tip removed: 0 (0s)
Nb errors removed: 2 (0s)
Superbubble
Nb superbubble removed: 0 0 (0s)
Tip
Nb Tip removed: 0 (0s)
Nb errors removed: 67 (0s)
Superbubble
Nb superbubble removed: 2 0 (0s)
Tip
Nb Tip removed: 0 (0s)
Nb errors removed: 44 (0s)
Superbubble
Nb superbubble removed: 2 0 (0s)
Tip
Nb Tip removed: 0 (0s)
Nb errors removed: 25 (0s)
Superbubble
Nb superbubble removed: 0 0 (0s)
Tip
Nb Tip removed: 0 (0s)
Nb errors removed: 6 (0s)
Superbubble
Nb superbubble removed: 0 0 (0s)
Tip
Nb Tip removed: 0 (0s)
Nb errors removed: 12 (0s)
Superbubble
Nb superbubble removed: 6 0 (0s)
Tip
Nb Tip removed: 0 (0s)
Nb errors removed: 19 (0s)
Superbubble
Nb superbubble removed: 0 0 (0s)
Tip
Nb Tip removed: 0 (0s)
Nb errors removed: 6 (0s)
Superbubble
Nb superbubble removed: 0 0 (0s)
Tip
Nb Tip removed: 0 (0s)
Nb errors removed: 6 (0s)
Superbubble
Nb superbubble removed: 0 0 (0s)
Tip
Nb Tip removed: 0 (0s)
Nb errors removed: 4 (0s)
Superbubble
Nb superbubble removed: 0 0 (0s)
Tip
Nb Tip removed: 0 (0s)
Nb errors removed: 5 (0s)
Superbubble
Nb superbubble removed: 0 0 (0s)
Tip
Nb Tip removed: 0 (0s)
Nb errors removed: 1 (0s)
Superbubble
Nb superbubble removed: 0 0 (0s)
Tip
Nb Tip removed: 0 (0s)
Nb errors removed: 1 (0s)
Superbubble
Nb superbubble removed: 0 0 (0s)
Tip
Nb Tip removed: 0 (0s)
Nb errors removed: 3 (0s)
Superbubble
Nb superbubble removed: 0 0 (0s)
Tip
Nb Tip removed: 0 (0s)
Nb errors removed: 1 (0s)
Superbubble
Nb superbubble removed: 0 0 (0s)
Tip
Nb Tip removed: 0 (0s)
Checksum: 0
Checksum abundnace: 0
Generating contigs
41.1448
28.1025
23.2252
14.421
13.11
11.9182
10.8347
9.84974
8.14028
7.40025
6.11591
5.05447
4.17725
3.13843
2.59374
2.14359
0


metaMDBG toMinspace  /var/folders/zg/vq0dnx517c54hg87dyqjky740000gn/T/.tmprWAL2M/tmp/ /var/folders/zg/vq0dnx517c54hg87dyqjky740000gn/T/.tmprWAL2M/tmp//contigs.nodepath /var/folders/zg/vq0dnx517c54hg87dyqjky740000gn/T/.tmprWAL2M/tmp//unitig_data.txt --threads 10

Input dir: /var/folders/zg/vq0dnx517c54hg87dyqjky740000gn/T/.tmprWAL2M/tmp/
Minimizer length: 15
Kminmer length: 77
Density: 0.005

Loading unitig sequences

Creating mContigs

Contig filename: /var/folders/zg/vq0dnx517c54hg87dyqjky740000gn/T/.tmprWAL2M/tmp//unitig_data.txt
pass done: 77
Multi-k pass: 78/205


metaMDBG graph /var/folders/zg/vq0dnx517c54hg87dyqjky740000gn/T/.tmprWAL2M/tmp/ --threads 10 --corrected-read 

Contig filename: 
Output dir: /var/folders/zg/vq0dnx517c54hg87dyqjky740000gn/T/.tmprWAL2M/tmp/
Minimizer length: 15
Kminmer length: 78
Density: 0.005
Min abundance: 0

Loading refined abundances
	Duration: 0
Collecting kminmers
Building mdbg
Duration: 0
Nb solid kminmers: 34024
Nb small contigs written: 0
Dump kminmer abundances
	Duration: 0
Indexing edges
Edge index size: 34004
Edge index elements: 61107
	Duration: 0
Compute unitig nodes
	Duration: 0
Index unitig edges
	Duration: 0
Compute unitig edges
	Duration: 0
Dump unitig abundances
	Duration: 0
Nb edges:   0


metaMDBG contig  /var/folders/zg/vq0dnx517c54hg87dyqjky740000gn/T/.tmprWAL2M/tmp/ --threads 10

Input dir: /var/folders/zg/vq0dnx517c54hg87dyqjky740000gn/T/.tmprWAL2M/tmp/
Minimizer length: 15
Kminmer length: 78
Density: 0.005

Loading unitig graph
Load unitigs
Nb unitigs: 947
Nb minimizers: 106943
Add unitig abundances
Sorting abundances
Add unitig edges
Nb unitig edges: 1938
Sorting unitig edges
Done loading unitig graph
Simplifying
Max abundance: 41
Nb unitigs: 947
Superbubble
Nb superbubble removed: 36 0 (0s)
Tip
Nb Tip removed: 280 (0s)
Superbubble
Nb superbubble removed: 82 0 (0s)
Tip
Nb Tip removed: 0 (0s)
Nb errors removed: 181 (0s)
Superbubble
Nb superbubble removed: 0 0 (0s)
Tip
Nb Tip removed: 0 (0s)
Nb errors removed: 1 (0s)
Superbubble
Nb superbubble removed: 0 0 (0s)
Tip
Nb Tip removed: 0 (0s)
Nb errors removed: 67 (0s)
Superbubble
Nb superbubble removed: 2 0 (0s)
Tip
Nb Tip removed: 0 (0s)
Nb errors removed: 44 (0s)
Superbubble
Nb superbubble removed: 2 0 (0s)
Tip
Nb Tip removed: 0 (0s)
Nb errors removed: 25 (0s)
Superbubble
Nb superbubble removed: 0 0 (0s)
Tip
Nb Tip removed: 0 (0s)
Nb errors removed: 6 (0s)
Superbubble
Nb superbubble removed: 0 0 (0s)
Tip
Nb Tip removed: 0 (0s)
Nb errors removed: 12 (0s)
Superbubble
Nb superbubble removed: 6 0 (0s)
Tip
Nb Tip removed: 0 (0s)
Nb errors removed: 19 (0s)
Superbubble
Nb superbubble removed: 0 0 (0s)
Tip
Nb Tip removed: 0 (0s)
Nb errors removed: 6 (0s)
Superbubble
Nb superbubble removed: 0 0 (0s)
Tip
Nb Tip removed: 0 (0s)
Nb errors removed: 6 (0s)
Superbubble
Nb superbubble removed: 0 0 (0s)
Tip
Nb Tip removed: 0 (0s)
Nb errors removed: 4 (0s)
Superbubble
Nb superbubble removed: 0 0 (0s)
Tip
Nb Tip removed: 0 (0s)
Nb errors removed: 5 (0s)
Superbubble
Nb superbubble removed: 0 0 (0s)
Tip
Nb Tip removed: 0 (0s)
Nb errors removed: 1 (0s)
Superbubble
Nb superbubble removed: 0 0 (0s)
Tip
Nb Tip removed: 0 (0s)
Nb errors removed: 1 (0s)
Superbubble
Nb superbubble removed: 0 0 (0s)
Tip
Nb Tip removed: 0 (0s)
Nb errors removed: 3 (0s)
Superbubble
Nb superbubble removed: 0 0 (0s)
Tip
Nb Tip removed: 0 (0s)
Nb errors removed: 1 (0s)
Superbubble
Nb superbubble removed: 0 0 (0s)
Tip
Nb Tip removed: 0 (0s)
Checksum: 0
Checksum abundnace: 0
Generating contigs
41.1448
28.1025
23.2252
14.421
13.11
11.9182
10.8347
9.84974
8.14028
7.40025
6.11591
5.05447
4.17725
3.13843
2.59374
2.14359
0


metaMDBG toMinspace  /var/folders/zg/vq0dnx517c54hg87dyqjky740000gn/T/.tmprWAL2M/tmp/ /var/folders/zg/vq0dnx517c54hg87dyqjky740000gn/T/.tmprWAL2M/tmp//contigs.nodepath /var/folders/zg/vq0dnx517c54hg87dyqjky740000gn/T/.tmprWAL2M/tmp//unitig_data.txt --threads 10

Input dir: /var/folders/zg/vq0dnx517c54hg87dyqjky740000gn/T/.tmprWAL2M/tmp/
Minimizer length: 15
Kminmer length: 78
Density: 0.005

Loading unitig sequences

Creating mContigs

Contig filename: /var/folders/zg/vq0dnx517c54hg87dyqjky740000gn/T/.tmprWAL2M/tmp//unitig_data.txt
pass done: 78
Multi-k pass: 79/205


metaMDBG graph /var/folders/zg/vq0dnx517c54hg87dyqjky740000gn/T/.tmprWAL2M/tmp/ --threads 10 --corrected-read 

Contig filename: 
Output dir: /var/folders/zg/vq0dnx517c54hg87dyqjky740000gn/T/.tmprWAL2M/tmp/
Minimizer length: 15
Kminmer length: 79
Density: 0.005
Min abundance: 0

Loading refined abundances
	Duration: 0
Collecting kminmers
Building mdbg
Duration: 0
Nb solid kminmers: 34036
Nb small contigs written: 0
Dump kminmer abundances
	Duration: 0
Indexing edges
Edge index size: 34019
Edge index elements: 61350
	Duration: 0
Compute unitig nodes
	Duration: 0
Index unitig edges
	Duration: 0
Compute unitig edges
	Duration: 0
Dump unitig abundances
	Duration: 0
Nb edges:   0


metaMDBG contig  /var/folders/zg/vq0dnx517c54hg87dyqjky740000gn/T/.tmprWAL2M/tmp/ --threads 10

Input dir: /var/folders/zg/vq0dnx517c54hg87dyqjky740000gn/T/.tmprWAL2M/tmp/
Minimizer length: 15
Kminmer length: 79
Density: 0.005

Loading unitig graph
Load unitigs
Nb unitigs: 937
Nb minimizers: 107122
Add unitig abundances
Sorting abundances
Add unitig edges
Nb unitig edges: 1910
Sorting unitig edges
Done loading unitig graph
Simplifying
Max abundance: 41
Nb unitigs: 937
Superbubble
Nb superbubble removed: 36 0 (0s)
Tip
Nb Tip removed: 283 (0s)
Superbubble
Nb superbubble removed: 83 0 (0s)
Tip
Nb Tip removed: 0 (0s)
Nb errors removed: 179 (0s)
Superbubble
Nb superbubble removed: 0 0 (0s)
Tip
Nb Tip removed: 0 (0s)
Nb errors removed: 1 (0s)
Superbubble
Nb superbubble removed: 0 0 (0s)
Tip
Nb Tip removed: 0 (0s)
Nb errors removed: 66 (0s)
Superbubble
Nb superbubble removed: 2 0 (0s)
Tip
Nb Tip removed: 0 (0s)
Nb errors removed: 44 (0s)
Superbubble
Nb superbubble removed: 2 0 (0s)
Tip
Nb Tip removed: 0 (0s)
Nb errors removed: 24 (0s)
Superbubble
Nb superbubble removed: 0 0 (0s)
Tip
Nb Tip removed: 0 (0s)
Nb errors removed: 6 (0s)
Superbubble
Nb superbubble removed: 0 0 (0s)
Tip
Nb Tip removed: 0 (0s)
Nb errors removed: 13 (0s)
Superbubble
Nb superbubble removed: 0 0 (0s)
Tip
Nb Tip removed: 0 (0s)
Nb errors removed: 19 (0s)
Superbubble
Nb superbubble removed: 0 0 (0s)
Tip
Nb Tip removed: 0 (0s)
Nb errors removed: 6 (0s)
Superbubble
Nb superbubble removed: 0 0 (0s)
Tip
Nb Tip removed: 0 (0s)
Nb errors removed: 6 (0s)
Superbubble
Nb superbubble removed: 0 0 (0s)
Tip
Nb Tip removed: 0 (0s)
Nb errors removed: 8 (0s)
Superbubble
Nb superbubble removed: 0 0 (0s)
Tip
Nb Tip removed: 0 (0s)
Nb errors removed: 5 (0s)
Superbubble
Nb superbubble removed: 0 0 (0s)
Tip
Nb Tip removed: 0 (0s)
Nb errors removed: 1 (0s)
Superbubble
Nb superbubble removed: 0 0 (0s)
Tip
Nb Tip removed: 0 (0s)
Nb errors removed: 1 (0s)
Superbubble
Nb superbubble removed: 0 0 (0s)
Tip
Nb Tip removed: 0 (0s)
Nb errors removed: 3 (0s)
Superbubble
Nb superbubble removed: 0 0 (0s)
Tip
Nb Tip removed: 0 (0s)
Nb errors removed: 1 (0s)
Superbubble
Nb superbubble removed: 0 0 (0s)
Tip
Nb Tip removed: 0 (0s)
Checksum: 0
Checksum abundnace: 0
Generating contigs
41.1448
28.1025
23.2252
14.421
13.11
11.9182
10.8347
9.84974
8.14028
7.40025
6.11591
5.05447
4.17725
3.13843
2.59374
2.14359
0


metaMDBG toMinspace  /var/folders/zg/vq0dnx517c54hg87dyqjky740000gn/T/.tmprWAL2M/tmp/ /var/folders/zg/vq0dnx517c54hg87dyqjky740000gn/T/.tmprWAL2M/tmp//contigs.nodepath /var/folders/zg/vq0dnx517c54hg87dyqjky740000gn/T/.tmprWAL2M/tmp//unitig_data.txt --threads 10

Input dir: /var/folders/zg/vq0dnx517c54hg87dyqjky740000gn/T/.tmprWAL2M/tmp/
Minimizer length: 15
Kminmer length: 79
Density: 0.005

Loading unitig sequences

Creating mContigs

Contig filename: /var/folders/zg/vq0dnx517c54hg87dyqjky740000gn/T/.tmprWAL2M/tmp//unitig_data.txt
pass done: 79
Multi-k pass: 80/205


metaMDBG graph /var/folders/zg/vq0dnx517c54hg87dyqjky740000gn/T/.tmprWAL2M/tmp/ --threads 10 --corrected-read 

Contig filename: 
Output dir: /var/folders/zg/vq0dnx517c54hg87dyqjky740000gn/T/.tmprWAL2M/tmp/
Minimizer length: 15
Kminmer length: 80
Density: 0.005
Min abundance: 0

Loading refined abundances
	Duration: 0
Collecting kminmers
Building mdbg
Duration: 0
Nb solid kminmers: 34036
Nb small contigs written: 0
Dump kminmer abundances
	Duration: 0
Indexing edges
Edge index size: 34021
Edge index elements: 61396
	Duration: 0
Compute unitig nodes
	Duration: 0
Index unitig edges
	Duration: 0
Compute unitig edges
	Duration: 0
Dump unitig abundances
	Duration: 0
Nb edges:   0


metaMDBG contig  /var/folders/zg/vq0dnx517c54hg87dyqjky740000gn/T/.tmprWAL2M/tmp/ --threads 10

Input dir: /var/folders/zg/vq0dnx517c54hg87dyqjky740000gn/T/.tmprWAL2M/tmp/
Minimizer length: 15
Kminmer length: 80
Density: 0.005

Loading unitig graph
Load unitigs
Nb unitigs: 923
Nb minimizers: 106953
Add unitig abundances
Sorting abundances
Add unitig edges
Nb unitig edges: 1878
Sorting unitig edges
Done loading unitig graph
Simplifying
Max abundance: 41
Nb unitigs: 923
Superbubble
Nb superbubble removed: 36 0 (0s)
Tip
Nb Tip removed: 283 (0s)
Superbubble
Nb superbubble removed: 80 0 (0s)
Tip
Nb Tip removed: 0 (0s)
Nb errors removed: 180 (0s)
Superbubble
Nb superbubble removed: 0 0 (0s)
Tip
Nb Tip removed: 0 (0s)
Nb errors removed: 1 (0s)
Superbubble
Nb superbubble removed: 0 0 (0s)
Tip
Nb Tip removed: 0 (0s)
Nb errors removed: 64 (0s)
Superbubble
Nb superbubble removed: 2 0 (0s)
Tip
Nb Tip removed: 0 (0s)
Nb errors removed: 44 (0s)
Superbubble
Nb superbubble removed: 4 0 (0s)
Tip
Nb Tip removed: 0 (0s)
Nb errors removed: 23 (0s)
Superbubble
Nb superbubble removed: 0 0 (0s)
Tip
Nb Tip removed: 0 (0s)
Nb errors removed: 6 (0s)
Superbubble
Nb superbubble removed: 0 0 (0s)
Tip
Nb Tip removed: 0 (0s)
Nb errors removed: 13 (0s)
Superbubble
Nb superbubble removed: 0 0 (0s)
Tip
Nb Tip removed: 0 (0s)
Nb errors removed: 20 (0s)
Superbubble
Nb superbubble removed: 0 0 (0s)
Tip
Nb Tip removed: 0 (0s)
Nb errors removed: 6 (0s)
Superbubble
Nb superbubble removed: 0 0 (0s)
Tip
Nb Tip removed: 0 (0s)
Nb errors removed: 6 (0s)
Superbubble
Nb superbubble removed: 0 0 (0s)
Tip
Nb Tip removed: 0 (0s)
Nb errors removed: 8 (0s)
Superbubble
Nb superbubble removed: 0 0 (0s)
Tip
Nb Tip removed: 0 (0s)
Nb errors removed: 5 (0s)
Superbubble
Nb superbubble removed: 0 0 (0s)
Tip
Nb Tip removed: 0 (0s)
Nb errors removed: 1 (0s)
Superbubble
Nb superbubble removed: 0 0 (0s)
Tip
Nb Tip removed: 0 (0s)
Nb errors removed: 1 (0s)
Superbubble
Nb superbubble removed: 0 0 (0s)
Tip
Nb Tip removed: 0 (0s)
Nb errors removed: 5 (0s)
Superbubble
Nb superbubble removed: 0 0 (0s)
Tip
Nb Tip removed: 0 (0s)
Nb errors removed: 1 (0s)
Superbubble
Nb superbubble removed: 0 0 (0s)
Tip
Nb Tip removed: 0 (0s)
Checksum: 0
Checksum abundnace: 0
Generating contigs
41.1448
28.1025
23.2252
14.421
13.11
11.9182
10.8347
9.84974
8.14028
7.40025
6.11591
5.05447
4.17725
3.13843
2.59374
2.14359
0


metaMDBG toMinspace  /var/folders/zg/vq0dnx517c54hg87dyqjky740000gn/T/.tmprWAL2M/tmp/ /var/folders/zg/vq0dnx517c54hg87dyqjky740000gn/T/.tmprWAL2M/tmp//contigs.nodepath /var/folders/zg/vq0dnx517c54hg87dyqjky740000gn/T/.tmprWAL2M/tmp//unitig_data.txt --threads 10

Input dir: /var/folders/zg/vq0dnx517c54hg87dyqjky740000gn/T/.tmprWAL2M/tmp/
Minimizer length: 15
Kminmer length: 80
Density: 0.005

Loading unitig sequences

Creating mContigs

Contig filename: /var/folders/zg/vq0dnx517c54hg87dyqjky740000gn/T/.tmprWAL2M/tmp//unitig_data.txt
pass done: 80
Multi-k pass: 81/205


metaMDBG graph /var/folders/zg/vq0dnx517c54hg87dyqjky740000gn/T/.tmprWAL2M/tmp/ --threads 10 --corrected-read 

Contig filename: 
Output dir: /var/folders/zg/vq0dnx517c54hg87dyqjky740000gn/T/.tmprWAL2M/tmp/
Minimizer length: 15
Kminmer length: 81
Density: 0.005
Min abundance: 0

Loading refined abundances
	Duration: 0
Collecting kminmers
Building mdbg
Duration: 0
Nb solid kminmers: 34041
Nb small contigs written: 0
Dump kminmer abundances
	Duration: 0
Indexing edges
Edge index size: 34033
Edge index elements: 61480
	Duration: 0
Compute unitig nodes
	Duration: 0
Index unitig edges
	Duration: 0
Compute unitig edges
	Duration: 0
Dump unitig abundances
	Duration: 0
Nb edges:   0


metaMDBG contig  /var/folders/zg/vq0dnx517c54hg87dyqjky740000gn/T/.tmprWAL2M/tmp/ --threads 10 --gen-graph 

Input dir: /var/folders/zg/vq0dnx517c54hg87dyqjky740000gn/T/.tmprWAL2M/tmp/
Minimizer length: 15
Kminmer length: 81
Density: 0.005

Loading unitig graph
Load unitigs
Nb unitigs: 915
Nb minimizers: 107241
Add unitig abundances
Sorting abundances
Add unitig edges
Nb unitig edges: 1846
Sorting unitig edges
Done loading unitig graph
Simplifying
Max abundance: 41
Nb unitigs: 915
Superbubble
Nb superbubble removed: 36 0 (0s)
Tip
Nb Tip removed: 279 (0s)
Superbubble
Nb superbubble removed: 78 0 (0s)
Tip
Nb Tip removed: 0 (0s)
Saving unitig graph: /var/folders/zg/vq0dnx517c54hg87dyqjky740000gn/T/.tmprWAL2M/tmp//assembly_graph.gfa
Nb errors removed: 178 (0s)
Superbubble
Nb superbubble removed: 0 0 (0s)
Tip
Nb Tip removed: 0 (0s)
Nb errors removed: 1 (0s)
Superbubble
Nb superbubble removed: 0 0 (0s)
Tip
Nb Tip removed: 0 (0s)
Nb errors removed: 61 (0s)
Superbubble
Nb superbubble removed: 4 0 (0s)
Tip
Nb Tip removed: 0 (0s)
Nb errors removed: 44 (0s)
Superbubble
Nb superbubble removed: 2 0 (0s)
Tip
Nb Tip removed: 0 (0s)
Nb errors removed: 23 (0s)
Superbubble
Nb superbubble removed: 0 0 (0s)
Tip
Nb Tip removed: 0 (0s)
Nb errors removed: 6 (0s)
Superbubble
Nb superbubble removed: 0 0 (0s)
Tip
Nb Tip removed: 0 (0s)
Nb errors removed: 15 (0s)
Superbubble
Nb superbubble removed: 0 0 (0s)
Tip
Nb Tip removed: 0 (0s)
Nb errors removed: 21 (0s)
Superbubble
Nb superbubble removed: 0 0 (0s)
Tip
Nb Tip removed: 0 (0s)
Nb errors removed: 6 (0s)
Superbubble
Nb superbubble removed: 0 0 (0s)
Tip
Nb Tip removed: 0 (0s)
Nb errors removed: 6 (0s)
Superbubble
Nb superbubble removed: 0 0 (0s)
Tip
Nb Tip removed: 0 (0s)
Nb errors removed: 8 (0s)
Superbubble
Nb superbubble removed: 0 0 (0s)
Tip
Nb Tip removed: 0 (0s)
Nb errors removed: 5 (0s)
Superbubble
Nb superbubble removed: 0 0 (0s)
Tip
Nb Tip removed: 0 (0s)
Nb errors removed: 1 (0s)
Superbubble
Nb superbubble removed: 0 0 (0s)
Tip
Nb Tip removed: 0 (0s)
Nb errors removed: 1 (0s)
Superbubble
Nb superbubble removed: 0 0 (0s)
Tip
Nb Tip removed: 0 (0s)
Nb errors removed: 5 (0s)
Superbubble
Nb superbubble removed: 0 0 (0s)
Tip
Nb Tip removed: 0 (0s)
Nb errors removed: 1 (0s)
Superbubble
Nb superbubble removed: 0 0 (0s)
Tip
Nb Tip removed: 0 (0s)
Checksum: 0
Checksum abundnace: 0
Generating contigs
41.1448
28.1025
23.2252
14.421
13.11
11.9182
10.8347
9.84974
8.14028
7.40025
6.11591
5.05447
4.17725
3.13843
2.59374
2.14359
0


metaMDBG toMinspace  /var/folders/zg/vq0dnx517c54hg87dyqjky740000gn/T/.tmprWAL2M/tmp/ /var/folders/zg/vq0dnx517c54hg87dyqjky740000gn/T/.tmprWAL2M/tmp//contigs.nodepath /var/folders/zg/vq0dnx517c54hg87dyqjky740000gn/T/.tmprWAL2M/tmp//unitig_data.txt --threads 10

Input dir: /var/folders/zg/vq0dnx517c54hg87dyqjky740000gn/T/.tmprWAL2M/tmp/
Minimizer length: 15
Kminmer length: 81
Density: 0.005

Loading unitig sequences

Creating mContigs

Contig filename: /var/folders/zg/vq0dnx517c54hg87dyqjky740000gn/T/.tmprWAL2M/tmp//unitig_data.txt


metaMDBG toMinspace  /var/folders/zg/vq0dnx517c54hg87dyqjky740000gn/T/.tmprWAL2M/tmp/ /var/folders/zg/vq0dnx517c54hg87dyqjky740000gn/T/.tmprWAL2M/tmp//assembly_graph.gfa.unitigs.nodepath /var/folders/zg/vq0dnx517c54hg87dyqjky740000gn/T/.tmprWAL2M/tmp//assembly_graph.gfa.unitigs --threads 10

Input dir: /var/folders/zg/vq0dnx517c54hg87dyqjky740000gn/T/.tmprWAL2M/tmp/
Minimizer length: 15
Kminmer length: 81
Density: 0.005

Loading unitig sequences

Creating mContigs

Contig filename: /var/folders/zg/vq0dnx517c54hg87dyqjky740000gn/T/.tmprWAL2M/tmp//assembly_graph.gfa.unitigs
pass done: 81
Multi-k pass: 82/205


metaMDBG graph /var/folders/zg/vq0dnx517c54hg87dyqjky740000gn/T/.tmprWAL2M/tmp/ --threads 10 --corrected-read 

Contig filename: 
Output dir: /var/folders/zg/vq0dnx517c54hg87dyqjky740000gn/T/.tmprWAL2M/tmp/
Minimizer length: 15
Kminmer length: 82
Density: 0.005
Min abundance: 0

Loading refined abundances
	Duration: 0
Collecting kminmers
Building mdbg
Duration: 0
Nb solid kminmers: 34045
Nb small contigs written: 0
Dump kminmer abundances
	Duration: 0
Indexing edges
Edge index size: 34034
Edge index elements: 61342
	Duration: 0
Compute unitig nodes
	Duration: 0
Index unitig edges
	Duration: 0
Compute unitig edges
	Duration: 0
Dump unitig abundances
	Duration: 0
Nb edges:   0


metaMDBG contig  /var/folders/zg/vq0dnx517c54hg87dyqjky740000gn/T/.tmprWAL2M/tmp/ --threads 10

Input dir: /var/folders/zg/vq0dnx517c54hg87dyqjky740000gn/T/.tmprWAL2M/tmp/
Minimizer length: 15
Kminmer length: 82
Density: 0.005

Loading unitig graph
Load unitigs
Nb unitigs: 905
Nb minimizers: 107350
Add unitig abundances
Sorting abundances
Add unitig edges
Nb unitig edges: 1836
Sorting unitig edges
Done loading unitig graph
Simplifying
Max abundance: 41
Nb unitigs: 905
Superbubble
Nb superbubble removed: 34 0 (0s)
Tip
Nb Tip removed: 282 (0s)
Superbubble
Nb superbubble removed: 76 0 (0s)
Tip
Nb Tip removed: 0 (0s)
Nb errors removed: 175 (0s)
Superbubble
Nb superbubble removed: 0 0 (0s)
Tip
Nb Tip removed: 0 (0s)
Nb errors removed: 1 (0s)
Superbubble
Nb superbubble removed: 0 0 (0s)
Tip
Nb Tip removed: 0 (0s)
Nb errors removed: 60 (0s)
Superbubble
Nb superbubble removed: 4 0 (0s)
Tip
Nb Tip removed: 0 (0s)
Nb errors removed: 42 (0s)
Superbubble
Nb superbubble removed: 2 0 (0s)
Tip
Nb Tip removed: 0 (0s)
Nb errors removed: 25 (0s)
Superbubble
Nb superbubble removed: 0 0 (0s)
Tip
Nb Tip removed: 0 (0s)
Nb errors removed: 6 (0s)
Superbubble
Nb superbubble removed: 0 0 (0s)
Tip
Nb Tip removed: 0 (0s)
Nb errors removed: 16 (0s)
Superbubble
Nb superbubble removed: 0 0 (0s)
Tip
Nb Tip removed: 0 (0s)
Nb errors removed: 21 (0s)
Superbubble
Nb superbubble removed: 0 0 (0s)
Tip
Nb Tip removed: 0 (0s)
Nb errors removed: 6 (0s)
Superbubble
Nb superbubble removed: 0 0 (0s)
Tip
Nb Tip removed: 0 (0s)
Nb errors removed: 6 (0s)
Superbubble
Nb superbubble removed: 0 0 (0s)
Tip
Nb Tip removed: 0 (0s)
Nb errors removed: 8 (0s)
Superbubble
Nb superbubble removed: 0 0 (0s)
Tip
Nb Tip removed: 0 (0s)
Nb errors removed: 5 (0s)
Superbubble
Nb superbubble removed: 0 0 (0s)
Tip
Nb Tip removed: 0 (0s)
Nb errors removed: 1 (0s)
Superbubble
Nb superbubble removed: 0 0 (0s)
Tip
Nb Tip removed: 0 (0s)
Nb errors removed: 1 (0s)
Superbubble
Nb superbubble removed: 0 0 (0s)
Tip
Nb Tip removed: 0 (0s)
Nb errors removed: 5 (0s)
Superbubble
Nb superbubble removed: 0 0 (0s)
Tip
Nb Tip removed: 0 (0s)
Nb errors removed: 1 (0s)
Superbubble
Nb superbubble removed: 0 0 (0s)
Tip
Nb Tip removed: 0 (0s)
Checksum: 0
Checksum abundnace: 0
Generating contigs
41.1448
28.1025
23.2252
14.421
13.11
11.9182
10.8347
9.84974
8.14028
7.40025
6.11591
5.05447
4.17725
3.13843
2.59374
2.14359
0


metaMDBG toMinspace  /var/folders/zg/vq0dnx517c54hg87dyqjky740000gn/T/.tmprWAL2M/tmp/ /var/folders/zg/vq0dnx517c54hg87dyqjky740000gn/T/.tmprWAL2M/tmp//contigs.nodepath /var/folders/zg/vq0dnx517c54hg87dyqjky740000gn/T/.tmprWAL2M/tmp//unitig_data.txt --threads 10

Input dir: /var/folders/zg/vq0dnx517c54hg87dyqjky740000gn/T/.tmprWAL2M/tmp/
Minimizer length: 15
Kminmer length: 82
Density: 0.005

Loading unitig sequences

Creating mContigs

Contig filename: /var/folders/zg/vq0dnx517c54hg87dyqjky740000gn/T/.tmprWAL2M/tmp//unitig_data.txt
pass done: 82
Multi-k pass: 83/205


metaMDBG graph /var/folders/zg/vq0dnx517c54hg87dyqjky740000gn/T/.tmprWAL2M/tmp/ --threads 10 --corrected-read 

Contig filename: 
Output dir: /var/folders/zg/vq0dnx517c54hg87dyqjky740000gn/T/.tmprWAL2M/tmp/
Minimizer length: 15
Kminmer length: 83
Density: 0.005
Min abundance: 0

Loading refined abundances
	Duration: 0
Collecting kminmers
Building mdbg
Duration: 0
Nb solid kminmers: 34054
Nb small contigs written: 0
Dump kminmer abundances
	Duration: 0
Indexing edges
Edge index size: 34039
Edge index elements: 61370
	Duration: 0
Compute unitig nodes
	Duration: 0
Index unitig edges
	Duration: 0
Compute unitig edges
	Duration: 0
Dump unitig abundances
	Duration: 0
Nb edges:   0


metaMDBG contig  /var/folders/zg/vq0dnx517c54hg87dyqjky740000gn/T/.tmprWAL2M/tmp/ --threads 10

Input dir: /var/folders/zg/vq0dnx517c54hg87dyqjky740000gn/T/.tmprWAL2M/tmp/
Minimizer length: 15
Kminmer length: 83
Density: 0.005

Loading unitig graph
Load unitigs
Nb unitigs: 894
Nb minimizers: 107362
Add unitig abundances
Sorting abundances
Add unitig edges
Nb unitig edges: 1824
Sorting unitig edges
Done loading unitig graph
Simplifying
Max abundance: 41
Nb unitigs: 894
Superbubble
Nb superbubble removed: 34 0 (0s)
Tip
Nb Tip removed: 279 (0s)
Superbubble
Nb superbubble removed: 76 0 (0s)
Tip
Nb Tip removed: 0 (0s)
Nb errors removed: 171 (0s)
Superbubble
Nb superbubble removed: 0 0 (0s)
Tip
Nb Tip removed: 0 (0s)
Nb errors removed: 2 (0s)
Superbubble
Nb superbubble removed: 0 0 (0s)
Tip
Nb Tip removed: 0 (0s)
Nb errors removed: 58 (0s)
Superbubble
Nb superbubble removed: 4 0 (0s)
Tip
Nb Tip removed: 0 (0s)
Nb errors removed: 41 (0s)
Superbubble
Nb superbubble removed: 2 0 (0s)
Tip
Nb Tip removed: 0 (0s)
Nb errors removed: 25 (0s)
Superbubble
Nb superbubble removed: 0 0 (0s)
Tip
Nb Tip removed: 0 (0s)
Nb errors removed: 6 (0s)
Superbubble
Nb superbubble removed: 0 0 (0s)
Tip
Nb Tip removed: 0 (0s)
Nb errors removed: 16 (0s)
Superbubble
Nb superbubble removed: 0 0 (0s)
Tip
Nb Tip removed: 0 (0s)
Nb errors removed: 21 (0s)
Superbubble
Nb superbubble removed: 0 0 (0s)
Tip
Nb Tip removed: 0 (0s)
Nb errors removed: 6 (0s)
Superbubble
Nb superbubble removed: 0 0 (0s)
Tip
Nb Tip removed: 0 (0s)
Nb errors removed: 6 (0s)
Superbubble
Nb superbubble removed: 0 0 (0s)
Tip
Nb Tip removed: 0 (0s)
Nb errors removed: 8 (0s)
Superbubble
Nb superbubble removed: 0 0 (0s)
Tip
Nb Tip removed: 0 (0s)
Nb errors removed: 5 (0s)
Superbubble
Nb superbubble removed: 0 0 (0s)
Tip
Nb Tip removed: 0 (0s)
Nb errors removed: 1 (0s)
Superbubble
Nb superbubble removed: 0 0 (0s)
Tip
Nb Tip removed: 0 (0s)
Nb errors removed: 1 (0s)
Superbubble
Nb superbubble removed: 0 0 (0s)
Tip
Nb Tip removed: 0 (0s)
Nb errors removed: 5 (0s)
Superbubble
Nb superbubble removed: 0 0 (0s)
Tip
Nb Tip removed: 0 (0s)
Nb errors removed: 1 (0s)
Superbubble
Nb superbubble removed: 0 0 (0s)
Tip
Nb Tip removed: 0 (0s)
Checksum: 0
Checksum abundnace: 0
Generating contigs
41.1448
28.1025
23.2252
14.421
13.11
11.9182
10.8347
9.84974
8.14028
7.40025
6.11591
5.05447
4.17725
3.13843
2.59374
2.14359
0


metaMDBG toMinspace  /var/folders/zg/vq0dnx517c54hg87dyqjky740000gn/T/.tmprWAL2M/tmp/ /var/folders/zg/vq0dnx517c54hg87dyqjky740000gn/T/.tmprWAL2M/tmp//contigs.nodepath /var/folders/zg/vq0dnx517c54hg87dyqjky740000gn/T/.tmprWAL2M/tmp//unitig_data.txt --threads 10

Input dir: /var/folders/zg/vq0dnx517c54hg87dyqjky740000gn/T/.tmprWAL2M/tmp/
Minimizer length: 15
Kminmer length: 83
Density: 0.005

Loading unitig sequences

Creating mContigs

Contig filename: /var/folders/zg/vq0dnx517c54hg87dyqjky740000gn/T/.tmprWAL2M/tmp//unitig_data.txt
pass done: 83
Multi-k pass: 84/205


metaMDBG graph /var/folders/zg/vq0dnx517c54hg87dyqjky740000gn/T/.tmprWAL2M/tmp/ --threads 10 --corrected-read 

Contig filename: 
Output dir: /var/folders/zg/vq0dnx517c54hg87dyqjky740000gn/T/.tmprWAL2M/tmp/
Minimizer length: 15
Kminmer length: 84
Density: 0.005
Min abundance: 0

Loading refined abundances
	Duration: 0
Collecting kminmers
Building mdbg
Duration: 0
Nb solid kminmers: 34065
Nb small contigs written: 0
Dump kminmer abundances
	Duration: 0
Indexing edges
Edge index size: 34053
Edge index elements: 61580
	Duration: 0
Compute unitig nodes
	Duration: 0
Index unitig edges
	Duration: 0
Compute unitig edges
	Duration: 0
Dump unitig abundances
	Duration: 0
Nb edges:   0


metaMDBG contig  /var/folders/zg/vq0dnx517c54hg87dyqjky740000gn/T/.tmprWAL2M/tmp/ --threads 10

Input dir: /var/folders/zg/vq0dnx517c54hg87dyqjky740000gn/T/.tmprWAL2M/tmp/
Minimizer length: 15
Kminmer length: 84
Density: 0.005

Loading unitig graph
Load unitigs
Nb unitigs: 887
Nb minimizers: 107686
Add unitig abundances
Sorting abundances
Add unitig edges
Nb unitig edges: 1810
Sorting unitig edges
Done loading unitig graph
Simplifying
Max abundance: 41
Nb unitigs: 887
Superbubble
Nb superbubble removed: 34 0 (0s)
Tip
Nb Tip removed: 279 (0s)
Superbubble
Nb superbubble removed: 73 0 (0s)
Tip
Nb Tip removed: 0 (0s)
Nb errors removed: 171 (0s)
Superbubble
Nb superbubble removed: 0 0 (0s)
Tip
Nb Tip removed: 0 (0s)
Nb errors removed: 1 (0s)
Superbubble
Nb superbubble removed: 0 0 (0s)
Tip
Nb Tip removed: 0 (0s)
Nb errors removed: 59 (0s)
Superbubble
Nb superbubble removed: 4 0 (0s)
Tip
Nb Tip removed: 0 (0s)
Nb errors removed: 41 (0s)
Superbubble
Nb superbubble removed: 2 0 (0s)
Tip
Nb Tip removed: 0 (0s)
Nb errors removed: 25 (0s)
Superbubble
Nb superbubble removed: 0 0 (0s)
Tip
Nb Tip removed: 0 (0s)
Nb errors removed: 6 (0s)
Superbubble
Nb superbubble removed: 0 0 (0s)
Tip
Nb Tip removed: 0 (0s)
Nb errors removed: 17 (0s)
Superbubble
Nb superbubble removed: 0 0 (0s)
Tip
Nb Tip removed: 0 (0s)
Nb errors removed: 21 (0s)
Superbubble
Nb superbubble removed: 0 0 (0s)
Tip
Nb Tip removed: 0 (0s)
Nb errors removed: 7 (0s)
Superbubble
Nb superbubble removed: 0 0 (0s)
Tip
Nb Tip removed: 0 (0s)
Nb errors removed: 5 (0s)
Superbubble
Nb superbubble removed: 0 0 (0s)
Tip
Nb Tip removed: 0 (0s)
Nb errors removed: 8 (0s)
Superbubble
Nb superbubble removed: 0 0 (0s)
Tip
Nb Tip removed: 0 (0s)
Nb errors removed: 5 (0s)
Superbubble
Nb superbubble removed: 0 0 (0s)
Tip
Nb Tip removed: 0 (0s)
Nb errors removed: 1 (0s)
Superbubble
Nb superbubble removed: 0 0 (0s)
Tip
Nb Tip removed: 0 (0s)
Nb errors removed: 1 (0s)
Superbubble
Nb superbubble removed: 0 0 (0s)
Tip
Nb Tip removed: 0 (0s)
Nb errors removed: 5 (0s)
Superbubble
Nb superbubble removed: 0 0 (0s)
Tip
Nb Tip removed: 0 (0s)
Nb errors removed: 1 (0s)
Superbubble
Nb superbubble removed: 0 0 (0s)
Tip
Nb Tip removed: 0 (0s)
Checksum: 0
Checksum abundnace: 0
Generating contigs
41.1448
28.1025
23.2252
14.421
13.11
11.9182
10.8347
9.84974
8.14028
7.40025
6.11591
5.05447
4.17725
3.13843
2.59374
2.14359
0


metaMDBG toMinspace  /var/folders/zg/vq0dnx517c54hg87dyqjky740000gn/T/.tmprWAL2M/tmp/ /var/folders/zg/vq0dnx517c54hg87dyqjky740000gn/T/.tmprWAL2M/tmp//contigs.nodepath /var/folders/zg/vq0dnx517c54hg87dyqjky740000gn/T/.tmprWAL2M/tmp//unitig_data.txt --threads 10

Input dir: /var/folders/zg/vq0dnx517c54hg87dyqjky740000gn/T/.tmprWAL2M/tmp/
Minimizer length: 15
Kminmer length: 84
Density: 0.005

Loading unitig sequences

Creating mContigs

Contig filename: /var/folders/zg/vq0dnx517c54hg87dyqjky740000gn/T/.tmprWAL2M/tmp//unitig_data.txt
pass done: 84
Multi-k pass: 85/205


metaMDBG graph /var/folders/zg/vq0dnx517c54hg87dyqjky740000gn/T/.tmprWAL2M/tmp/ --threads 10 --corrected-read 

Contig filename: 
Output dir: /var/folders/zg/vq0dnx517c54hg87dyqjky740000gn/T/.tmprWAL2M/tmp/
Minimizer length: 15
Kminmer length: 85
Density: 0.005
Min abundance: 0

Loading refined abundances
	Duration: 0
Collecting kminmers
Building mdbg
Duration: 0
Nb solid kminmers: 34068
Nb small contigs written: 0
Dump kminmer abundances
	Duration: 0
Indexing edges
Edge index size: 34062
Edge index elements: 61442
	Duration: 0
Compute unitig nodes
	Duration: 0
Index unitig edges
	Duration: 0
Compute unitig edges
	Duration: 0
Dump unitig abundances
	Duration: 0
Nb edges:   0


metaMDBG contig  /var/folders/zg/vq0dnx517c54hg87dyqjky740000gn/T/.tmprWAL2M/tmp/ --threads 10

Input dir: /var/folders/zg/vq0dnx517c54hg87dyqjky740000gn/T/.tmprWAL2M/tmp/
Minimizer length: 15
Kminmer length: 85
Density: 0.005

Loading unitig graph
Load unitigs
Nb unitigs: 879
Nb minimizers: 107904
Add unitig abundances
Sorting abundances
Add unitig edges
Nb unitig edges: 1774
Sorting unitig edges
Done loading unitig graph
Simplifying
Max abundance: 41
Nb unitigs: 879
Superbubble
Nb superbubble removed: 32 0 (0s)
Tip
Nb Tip removed: 282 (0s)
Superbubble
Nb superbubble removed: 64 0 (0s)
Tip
Nb Tip removed: 0 (0s)
Nb errors removed: 167 (0s)
Superbubble
Nb superbubble removed: 0 0 (0s)
Tip
Nb Tip removed: 0 (0s)
Nb errors removed: 1 (0s)
Superbubble
Nb superbubble removed: 0 0 (0s)
Tip
Nb Tip removed: 0 (0s)
Nb errors removed: 61 (0s)
Superbubble
Nb superbubble removed: 6 0 (0s)
Tip
Nb Tip removed: 0 (0s)
Nb errors removed: 43 (0s)
Superbubble
Nb superbubble removed: 4 0 (0s)
Tip
Nb Tip removed: 0 (0s)
Nb errors removed: 28 (0s)
Superbubble
Nb superbubble removed: 0 0 (0s)
Tip
Nb Tip removed: 0 (0s)
Nb errors removed: 6 (0s)
Superbubble
Nb superbubble removed: 0 0 (0s)
Tip
Nb Tip removed: 0 (0s)
Nb errors removed: 20 (0s)
Superbubble
Nb superbubble removed: 0 0 (0s)
Tip
Nb Tip removed: 0 (0s)
Nb errors removed: 20 (0s)
Superbubble
Nb superbubble removed: 0 0 (0s)
Tip
Nb Tip removed: 0 (0s)
Nb errors removed: 7 (0s)
Superbubble
Nb superbubble removed: 0 0 (0s)
Tip
Nb Tip removed: 0 (0s)
Nb errors removed: 5 (0s)
Superbubble
Nb superbubble removed: 0 0 (0s)
Tip
Nb Tip removed: 0 (0s)
Nb errors removed: 9 (0s)
Superbubble
Nb superbubble removed: 0 0 (0s)
Tip
Nb Tip removed: 0 (0s)
Nb errors removed: 7 (0s)
Superbubble
Nb superbubble removed: 0 0 (0s)
Tip
Nb Tip removed: 0 (0s)
Nb errors removed: 1 (0s)
Superbubble
Nb superbubble removed: 0 0 (0s)
Tip
Nb Tip removed: 0 (0s)
Nb errors removed: 1 (0s)
Superbubble
Nb superbubble removed: 0 0 (0s)
Tip
Nb Tip removed: 0 (0s)
Nb errors removed: 5 (0s)
Superbubble
Nb superbubble removed: 0 0 (0s)
Tip
Nb Tip removed: 0 (0s)
Nb errors removed: 1 (0s)
Superbubble
Nb superbubble removed: 0 0 (0s)
Tip
Nb Tip removed: 0 (0s)
Checksum: 0
Checksum abundnace: 0
Generating contigs
41.1448
28.1025
23.2252
14.421
13.11
11.9182
10.8347
9.84974
8.14028
7.40025
6.11591
5.05447
4.17725
3.13843
2.59374
2.14359
0


metaMDBG toMinspace  /var/folders/zg/vq0dnx517c54hg87dyqjky740000gn/T/.tmprWAL2M/tmp/ /var/folders/zg/vq0dnx517c54hg87dyqjky740000gn/T/.tmprWAL2M/tmp//contigs.nodepath /var/folders/zg/vq0dnx517c54hg87dyqjky740000gn/T/.tmprWAL2M/tmp//unitig_data.txt --threads 10

Input dir: /var/folders/zg/vq0dnx517c54hg87dyqjky740000gn/T/.tmprWAL2M/tmp/
Minimizer length: 15
Kminmer length: 85
Density: 0.005

Loading unitig sequences

Creating mContigs

Contig filename: /var/folders/zg/vq0dnx517c54hg87dyqjky740000gn/T/.tmprWAL2M/tmp//unitig_data.txt
pass done: 85
Multi-k pass: 86/205


metaMDBG graph /var/folders/zg/vq0dnx517c54hg87dyqjky740000gn/T/.tmprWAL2M/tmp/ --threads 10 --corrected-read 

Contig filename: 
Output dir: /var/folders/zg/vq0dnx517c54hg87dyqjky740000gn/T/.tmprWAL2M/tmp/
Minimizer length: 15
Kminmer length: 86
Density: 0.005
Min abundance: 0

Loading refined abundances
	Duration: 0
Collecting kminmers
Building mdbg
Duration: 0
Nb solid kminmers: 34068
Nb small contigs written: 0
Dump kminmer abundances
	Duration: 0
Indexing edges
Edge index size: 34063
Edge index elements: 61672
	Duration: 0
Compute unitig nodes
	Duration: 0
Index unitig edges
	Duration: 0
Compute unitig edges
	Duration: 0
Dump unitig abundances
	Duration: 0
Nb edges:   0


metaMDBG contig  /var/folders/zg/vq0dnx517c54hg87dyqjky740000gn/T/.tmprWAL2M/tmp/ --threads 10

Input dir: /var/folders/zg/vq0dnx517c54hg87dyqjky740000gn/T/.tmprWAL2M/tmp/
Minimizer length: 15
Kminmer length: 86
Density: 0.005

Loading unitig graph
Load unitigs
Nb unitigs: 865
Nb minimizers: 107593
Add unitig abundances
Sorting abundances
Add unitig edges
Nb unitig edges: 1746
Sorting unitig edges
Done loading unitig graph
Simplifying
Max abundance: 41
Nb unitigs: 865
Superbubble
Nb superbubble removed: 30 0 (0s)
Tip
Nb Tip removed: 281 (0s)
Superbubble
Nb superbubble removed: 64 0 (0s)
Tip
Nb Tip removed: 0 (0s)
Nb errors removed: 162 (0s)
Superbubble
Nb superbubble removed: 0 0 (0s)
Tip
Nb Tip removed: 0 (0s)
Nb errors removed: 1 (0s)
Superbubble
Nb superbubble removed: 0 0 (0s)
Tip
Nb Tip removed: 0 (0s)
Nb errors removed: 60 (0s)
Superbubble
Nb superbubble removed: 4 0 (0s)
Tip
Nb Tip removed: 0 (0s)
Nb errors removed: 44 (0s)
Superbubble
Nb superbubble removed: 4 0 (0s)
Tip
Nb Tip removed: 0 (0s)
Nb errors removed: 29 (0s)
Superbubble
Nb superbubble removed: 2 0 (0s)
Tip
Nb Tip removed: 0 (0s)
Nb errors removed: 7 (0s)
Superbubble
Nb superbubble removed: 0 0 (0s)
Tip
Nb Tip removed: 0 (0s)
Nb errors removed: 20 (0s)
Superbubble
Nb superbubble removed: 0 0 (0s)
Tip
Nb Tip removed: 0 (0s)
Nb errors removed: 20 (0s)
Superbubble
Nb superbubble removed: 0 0 (0s)
Tip
Nb Tip removed: 0 (0s)
Nb errors removed: 7 (0s)
Superbubble
Nb superbubble removed: 0 0 (0s)
Tip
Nb Tip removed: 0 (0s)
Nb errors removed: 5 (0s)
Superbubble
Nb superbubble removed: 0 0 (0s)
Tip
Nb Tip removed: 0 (0s)
Nb errors removed: 9 (0s)
Superbubble
Nb superbubble removed: 0 0 (0s)
Tip
Nb Tip removed: 0 (0s)
Nb errors removed: 7 (0s)
Superbubble
Nb superbubble removed: 0 0 (0s)
Tip
Nb Tip removed: 0 (0s)
Nb errors removed: 1 (0s)
Superbubble
Nb superbubble removed: 0 0 (0s)
Tip
Nb Tip removed: 0 (0s)
Nb errors removed: 1 (0s)
Superbubble
Nb superbubble removed: 0 0 (0s)
Tip
Nb Tip removed: 0 (0s)
Nb errors removed: 5 (0s)
Superbubble
Nb superbubble removed: 0 0 (0s)
Tip
Nb Tip removed: 0 (0s)
Nb errors removed: 1 (0s)
Superbubble
Nb superbubble removed: 0 0 (0s)
Tip
Nb Tip removed: 0 (0s)
Checksum: 0
Checksum abundnace: 0
Generating contigs
41.1448
28.1025
23.2252
14.421
13.11
11.9182
10.8347
9.84974
8.14028
7.40025
6.11591
5.05447
4.17725
3.13843
2.59374
2.14359
0


metaMDBG toMinspace  /var/folders/zg/vq0dnx517c54hg87dyqjky740000gn/T/.tmprWAL2M/tmp/ /var/folders/zg/vq0dnx517c54hg87dyqjky740000gn/T/.tmprWAL2M/tmp//contigs.nodepath /var/folders/zg/vq0dnx517c54hg87dyqjky740000gn/T/.tmprWAL2M/tmp//unitig_data.txt --threads 10

Input dir: /var/folders/zg/vq0dnx517c54hg87dyqjky740000gn/T/.tmprWAL2M/tmp/
Minimizer length: 15
Kminmer length: 86
Density: 0.005

Loading unitig sequences

Creating mContigs

Contig filename: /var/folders/zg/vq0dnx517c54hg87dyqjky740000gn/T/.tmprWAL2M/tmp//unitig_data.txt
pass done: 86
Multi-k pass: 87/205


metaMDBG graph /var/folders/zg/vq0dnx517c54hg87dyqjky740000gn/T/.tmprWAL2M/tmp/ --threads 10 --corrected-read 

Contig filename: 
Output dir: /var/folders/zg/vq0dnx517c54hg87dyqjky740000gn/T/.tmprWAL2M/tmp/
Minimizer length: 15
Kminmer length: 87
Density: 0.005
Min abundance: 0

Loading refined abundances
	Duration: 0
Collecting kminmers
Building mdbg
Duration: 0
Nb solid kminmers: 34069
Nb small contigs written: 0
Dump kminmer abundances
	Duration: 0
Indexing edges
Edge index size: 34066
Edge index elements: 61422
	Duration: 0
Compute unitig nodes
	Duration: 0
Index unitig edges
	Duration: 0
Compute unitig edges
	Duration: 0
Dump unitig abundances
	Duration: 0
Nb edges:   0


metaMDBG contig  /var/folders/zg/vq0dnx517c54hg87dyqjky740000gn/T/.tmprWAL2M/tmp/ --threads 10

Input dir: /var/folders/zg/vq0dnx517c54hg87dyqjky740000gn/T/.tmprWAL2M/tmp/
Minimizer length: 15
Kminmer length: 87
Density: 0.005

Loading unitig graph
Load unitigs
Nb unitigs: 858
Nb minimizers: 107857
Add unitig abundances
Sorting abundances
Add unitig edges
Nb unitig edges: 1726
Sorting unitig edges
Done loading unitig graph
Simplifying
Max abundance: 41
Nb unitigs: 858
Superbubble
Nb superbubble removed: 28 0 (0s)
Tip
Nb Tip removed: 280 (0s)
Superbubble
Nb superbubble removed: 66 0 (0s)
Tip
Nb Tip removed: 0 (0s)
Nb errors removed: 159 (0s)
Superbubble
Nb superbubble removed: 0 0 (0s)
Tip
Nb Tip removed: 0 (0s)
Nb errors removed: 1 (0s)
Superbubble
Nb superbubble removed: 0 0 (0s)
Tip
Nb Tip removed: 0 (0s)
Nb errors removed: 60 (0s)
Superbubble
Nb superbubble removed: 4 0 (0s)
Tip
Nb Tip removed: 0 (0s)
Nb errors removed: 43 (0s)
Superbubble
Nb superbubble removed: 4 0 (0s)
Tip
Nb Tip removed: 0 (0s)
Nb errors removed: 29 (0s)
Superbubble
Nb superbubble removed: 2 0 (0s)
Tip
Nb Tip removed: 0 (0s)
Nb errors removed: 7 (0s)
Superbubble
Nb superbubble removed: 0 0 (0s)
Tip
Nb Tip removed: 0 (0s)
Nb errors removed: 20 (0s)
Superbubble
Nb superbubble removed: 0 0 (0s)
Tip
Nb Tip removed: 0 (0s)
Nb errors removed: 20 (0s)
Superbubble
Nb superbubble removed: 0 0 (0s)
Tip
Nb Tip removed: 0 (0s)
Nb errors removed: 7 (0s)
Superbubble
Nb superbubble removed: 0 0 (0s)
Tip
Nb Tip removed: 0 (0s)
Nb errors removed: 5 (0s)
Superbubble
Nb superbubble removed: 0 0 (0s)
Tip
Nb Tip removed: 0 (0s)
Nb errors removed: 9 (0s)
Superbubble
Nb superbubble removed: 0 0 (0s)
Tip
Nb Tip removed: 0 (0s)
Nb errors removed: 7 (0s)
Superbubble
Nb superbubble removed: 0 0 (0s)
Tip
Nb Tip removed: 0 (0s)
Nb errors removed: 1 (0s)
Superbubble
Nb superbubble removed: 0 0 (0s)
Tip
Nb Tip removed: 0 (0s)
Nb errors removed: 1 (0s)
Superbubble
Nb superbubble removed: 0 0 (0s)
Tip
Nb Tip removed: 0 (0s)
Nb errors removed: 5 (0s)
Superbubble
Nb superbubble removed: 0 0 (0s)
Tip
Nb Tip removed: 0 (0s)
Nb errors removed: 1 (0s)
Superbubble
Nb superbubble removed: 0 0 (0s)
Tip
Nb Tip removed: 0 (0s)
Checksum: 0
Checksum abundnace: 0
Generating contigs
41.1448
28.1025
23.2252
14.421
13.11
11.9182
10.8347
9.84974
8.14028
7.40025
6.11591
5.05447
4.17725
3.13843
2.59374
2.14359
0


metaMDBG toMinspace  /var/folders/zg/vq0dnx517c54hg87dyqjky740000gn/T/.tmprWAL2M/tmp/ /var/folders/zg/vq0dnx517c54hg87dyqjky740000gn/T/.tmprWAL2M/tmp//contigs.nodepath /var/folders/zg/vq0dnx517c54hg87dyqjky740000gn/T/.tmprWAL2M/tmp//unitig_data.txt --threads 10

Input dir: /var/folders/zg/vq0dnx517c54hg87dyqjky740000gn/T/.tmprWAL2M/tmp/
Minimizer length: 15
Kminmer length: 87
Density: 0.005

Loading unitig sequences

Creating mContigs

Contig filename: /var/folders/zg/vq0dnx517c54hg87dyqjky740000gn/T/.tmprWAL2M/tmp//unitig_data.txt
pass done: 87
Multi-k pass: 88/205


metaMDBG graph /var/folders/zg/vq0dnx517c54hg87dyqjky740000gn/T/.tmprWAL2M/tmp/ --threads 10 --corrected-read 

Contig filename: 
Output dir: /var/folders/zg/vq0dnx517c54hg87dyqjky740000gn/T/.tmprWAL2M/tmp/
Minimizer length: 15
Kminmer length: 88
Density: 0.005
Min abundance: 0

Loading refined abundances
	Duration: 0
Collecting kminmers
Building mdbg
Duration: 0
Nb solid kminmers: 34068
Nb small contigs written: 0
Dump kminmer abundances
	Duration: 0
Indexing edges
Edge index size: 34066
Edge index elements: 61494
	Duration: 0
Compute unitig nodes
	Duration: 0
Index unitig edges
	Duration: 0
Compute unitig edges
	Duration: 0
Dump unitig abundances
	Duration: 0
Nb edges:   0


metaMDBG contig  /var/folders/zg/vq0dnx517c54hg87dyqjky740000gn/T/.tmprWAL2M/tmp/ --threads 10

Input dir: /var/folders/zg/vq0dnx517c54hg87dyqjky740000gn/T/.tmprWAL2M/tmp/
Minimizer length: 15
Kminmer length: 88
Density: 0.005

Loading unitig graph
Load unitigs
Nb unitigs: 849
Nb minimizers: 107931
Add unitig abundances
Sorting abundances
Add unitig edges
Nb unitig edges: 1714
Sorting unitig edges
Done loading unitig graph
Simplifying
Max abundance: 41
Nb unitigs: 849
Superbubble
Nb superbubble removed: 26 0 (0s)
Tip
Nb Tip removed: 281 (0s)
Superbubble
Nb superbubble removed: 66 0 (0s)
Tip
Nb Tip removed: 0 (0s)
Nb errors removed: 157 (0s)
Superbubble
Nb superbubble removed: 0 0 (0s)
Tip
Nb Tip removed: 0 (0s)
Nb errors removed: 1 (0s)
Superbubble
Nb superbubble removed: 0 0 (0s)
Tip
Nb Tip removed: 0 (0s)
Nb errors removed: 62 (0s)
Superbubble
Nb superbubble removed: 4 0 (0s)
Tip
Nb Tip removed: 0 (0s)
Nb errors removed: 43 (0s)
Superbubble
Nb superbubble removed: 4 0 (0s)
Tip
Nb Tip removed: 0 (0s)
Nb errors removed: 29 (0s)
Superbubble
Nb superbubble removed: 2 0 (0s)
Tip
Nb Tip removed: 0 (0s)
Nb errors removed: 7 (0s)
Superbubble
Nb superbubble removed: 0 0 (0s)
Tip
Nb Tip removed: 0 (0s)
Nb errors removed: 20 (0s)
Superbubble
Nb superbubble removed: 0 0 (0s)
Tip
Nb Tip removed: 0 (0s)
Nb errors removed: 21 (0s)
Superbubble
Nb superbubble removed: 0 0 (0s)
Tip
Nb Tip removed: 0 (0s)
Nb errors removed: 7 (0s)
Superbubble
Nb superbubble removed: 0 0 (0s)
Tip
Nb Tip removed: 0 (0s)
Nb errors removed: 5 (0s)
Superbubble
Nb superbubble removed: 0 0 (0s)
Tip
Nb Tip removed: 0 (0s)
Nb errors removed: 9 (0s)
Superbubble
Nb superbubble removed: 0 0 (0s)
Tip
Nb Tip removed: 0 (0s)
Nb errors removed: 7 (0s)
Superbubble
Nb superbubble removed: 0 0 (0s)
Tip
Nb Tip removed: 0 (0s)
Nb errors removed: 1 (0s)
Superbubble
Nb superbubble removed: 0 0 (0s)
Tip
Nb Tip removed: 0 (0s)
Nb errors removed: 1 (0s)
Superbubble
Nb superbubble removed: 0 0 (0s)
Tip
Nb Tip removed: 0 (0s)
Nb errors removed: 5 (0s)
Superbubble
Nb superbubble removed: 0 0 (0s)
Tip
Nb Tip removed: 0 (0s)
Nb errors removed: 1 (0s)
Superbubble
Nb superbubble removed: 0 0 (0s)
Tip
Nb Tip removed: 0 (0s)
Checksum: 0
Checksum abundnace: 0
Generating contigs
41.1448
28.1025
23.2252
14.421
13.11
11.9182
10.8347
9.84974
8.14028
7.40025
6.11591
5.05447
4.17725
3.13843
2.59374
2.14359
0


metaMDBG toMinspace  /var/folders/zg/vq0dnx517c54hg87dyqjky740000gn/T/.tmprWAL2M/tmp/ /var/folders/zg/vq0dnx517c54hg87dyqjky740000gn/T/.tmprWAL2M/tmp//contigs.nodepath /var/folders/zg/vq0dnx517c54hg87dyqjky740000gn/T/.tmprWAL2M/tmp//unitig_data.txt --threads 10

Input dir: /var/folders/zg/vq0dnx517c54hg87dyqjky740000gn/T/.tmprWAL2M/tmp/
Minimizer length: 15
Kminmer length: 88
Density: 0.005

Loading unitig sequences

Creating mContigs

Contig filename: /var/folders/zg/vq0dnx517c54hg87dyqjky740000gn/T/.tmprWAL2M/tmp//unitig_data.txt
pass done: 88
Multi-k pass: 89/205


metaMDBG graph /var/folders/zg/vq0dnx517c54hg87dyqjky740000gn/T/.tmprWAL2M/tmp/ --threads 10 --corrected-read 

Contig filename: 
Output dir: /var/folders/zg/vq0dnx517c54hg87dyqjky740000gn/T/.tmprWAL2M/tmp/
Minimizer length: 15
Kminmer length: 89
Density: 0.005
Min abundance: 0

Loading refined abundances
	Duration: 0
Collecting kminmers
Building mdbg
Duration: 0
Nb solid kminmers: 34069
Nb small contigs written: 0
Dump kminmer abundances
	Duration: 0
Indexing edges
Edge index size: 34067
Edge index elements: 61655
	Duration: 0
Compute unitig nodes
	Duration: 0
Index unitig edges
	Duration: 0
Compute unitig edges
	Duration: 0
Dump unitig abundances
	Duration: 0
Nb edges:   0


metaMDBG contig  /var/folders/zg/vq0dnx517c54hg87dyqjky740000gn/T/.tmprWAL2M/tmp/ --threads 10

Input dir: /var/folders/zg/vq0dnx517c54hg87dyqjky740000gn/T/.tmprWAL2M/tmp/
Minimizer length: 15
Kminmer length: 89
Density: 0.005

Loading unitig graph
Load unitigs
Nb unitigs: 852
Nb minimizers: 109045
Add unitig abundances
Sorting abundances
Add unitig edges
Nb unitig edges: 1710
Sorting unitig edges
Done loading unitig graph
Simplifying
Max abundance: 41
Nb unitigs: 852
Superbubble
Nb superbubble removed: 24 0 (0s)
Tip
Nb Tip removed: 282 (0s)
Superbubble
Nb superbubble removed: 70 0 (0s)
Tip
Nb Tip removed: 0 (0s)
Nb errors removed: 157 (0s)
Superbubble
Nb superbubble removed: 0 0 (0s)
Tip
Nb Tip removed: 0 (0s)
Nb errors removed: 1 (0s)
Superbubble
Nb superbubble removed: 0 0 (0s)
Tip
Nb Tip removed: 0 (0s)
Nb errors removed: 61 (0s)
Superbubble
Nb superbubble removed: 4 0 (0s)
Tip
Nb Tip removed: 0 (0s)
Nb errors removed: 44 (0s)
Superbubble
Nb superbubble removed: 2 0 (0s)
Tip
Nb Tip removed: 0 (0s)
Nb errors removed: 29 (0s)
Superbubble
Nb superbubble removed: 2 0 (0s)
Tip
Nb Tip removed: 0 (0s)
Nb errors removed: 7 (0s)
Superbubble
Nb superbubble removed: 0 0 (0s)
Tip
Nb Tip removed: 0 (0s)
Nb errors removed: 20 (0s)
Superbubble
Nb superbubble removed: 0 0 (0s)
Tip
Nb Tip removed: 0 (0s)
Nb errors removed: 21 (0s)
Superbubble
Nb superbubble removed: 0 0 (0s)
Tip
Nb Tip removed: 0 (0s)
Nb errors removed: 7 (0s)
Superbubble
Nb superbubble removed: 0 0 (0s)
Tip
Nb Tip removed: 0 (0s)
Nb errors removed: 5 (0s)
Superbubble
Nb superbubble removed: 0 0 (0s)
Tip
Nb Tip removed: 0 (0s)
Nb errors removed: 9 (0s)
Superbubble
Nb superbubble removed: 0 0 (0s)
Tip
Nb Tip removed: 0 (0s)
Nb errors removed: 7 (0s)
Superbubble
Nb superbubble removed: 0 0 (0s)
Tip
Nb Tip removed: 0 (0s)
Nb errors removed: 1 (0s)
Superbubble
Nb superbubble removed: 0 0 (0s)
Tip
Nb Tip removed: 0 (0s)
Nb errors removed: 1 (0s)
Superbubble
Nb superbubble removed: 0 0 (0s)
Tip
Nb Tip removed: 0 (0s)
Nb errors removed: 5 (0s)
Superbubble
Nb superbubble removed: 0 0 (0s)
Tip
Nb Tip removed: 0 (0s)
Nb errors removed: 1 (0s)
Superbubble
Nb superbubble removed: 0 0 (0s)
Tip
Nb Tip removed: 0 (0s)
Checksum: 0
Checksum abundnace: 0
Generating contigs
41.1448
28.1025
23.2252
14.421
13.11
11.9182
10.8347
9.84974
8.14028
7.40025
6.11591
5.05447
4.17725
3.13843
2.59374
2.14359
0


metaMDBG toMinspace  /var/folders/zg/vq0dnx517c54hg87dyqjky740000gn/T/.tmprWAL2M/tmp/ /var/folders/zg/vq0dnx517c54hg87dyqjky740000gn/T/.tmprWAL2M/tmp//contigs.nodepath /var/folders/zg/vq0dnx517c54hg87dyqjky740000gn/T/.tmprWAL2M/tmp//unitig_data.txt --threads 10

Input dir: /var/folders/zg/vq0dnx517c54hg87dyqjky740000gn/T/.tmprWAL2M/tmp/
Minimizer length: 15
Kminmer length: 89
Density: 0.005

Loading unitig sequences

Creating mContigs

Contig filename: /var/folders/zg/vq0dnx517c54hg87dyqjky740000gn/T/.tmprWAL2M/tmp//unitig_data.txt
pass done: 89
Multi-k pass: 90/205


metaMDBG graph /var/folders/zg/vq0dnx517c54hg87dyqjky740000gn/T/.tmprWAL2M/tmp/ --threads 10 --corrected-read 

Contig filename: 
Output dir: /var/folders/zg/vq0dnx517c54hg87dyqjky740000gn/T/.tmprWAL2M/tmp/
Minimizer length: 15
Kminmer length: 90
Density: 0.005
Min abundance: 0

Loading refined abundances
	Duration: 0
Collecting kminmers
Building mdbg
Duration: 0
Nb solid kminmers: 34061
Nb small contigs written: 0
Dump kminmer abundances
	Duration: 0
Indexing edges
Edge index size: 34059
Edge index elements: 61683
	Duration: 0
Compute unitig nodes
	Duration: 0
Index unitig edges
	Duration: 0
Compute unitig edges
	Duration: 0
Dump unitig abundances
	Duration: 0
Nb edges:   0


metaMDBG contig  /var/folders/zg/vq0dnx517c54hg87dyqjky740000gn/T/.tmprWAL2M/tmp/ --threads 10

Input dir: /var/folders/zg/vq0dnx517c54hg87dyqjky740000gn/T/.tmprWAL2M/tmp/
Minimizer length: 15
Kminmer length: 90
Density: 0.005

Loading unitig graph
Load unitigs
Nb unitigs: 850
Nb minimizers: 109711
Add unitig abundances
Sorting abundances
Add unitig edges
Nb unitig edges: 1710
Sorting unitig edges
Done loading unitig graph
Simplifying
Max abundance: 41
Nb unitigs: 850
Superbubble
Nb superbubble removed: 22 0 (0s)
Tip
Nb Tip removed: 284 (0s)
Superbubble
Nb superbubble removed: 61 0 (0s)
Tip
Nb Tip removed: 0 (0s)
Nb errors removed: 156 (0s)
Superbubble
Nb superbubble removed: 0 0 (0s)
Tip
Nb Tip removed: 0 (0s)
Nb errors removed: 1 (0s)
Superbubble
Nb superbubble removed: 0 0 (0s)
Tip
Nb Tip removed: 0 (0s)
Nb errors removed: 62 (0s)
Superbubble
Nb superbubble removed: 6 0 (0s)
Tip
Nb Tip removed: 0 (0s)
Nb errors removed: 43 (0s)
Superbubble
Nb superbubble removed: 2 0 (0s)
Tip
Nb Tip removed: 0 (0s)
Nb errors removed: 29 (0s)
Superbubble
Nb superbubble removed: 2 0 (0s)
Tip
Nb Tip removed: 0 (0s)
Nb errors removed: 7 (0s)
Superbubble
Nb superbubble removed: 0 0 (0s)
Tip
Nb Tip removed: 0 (0s)
Nb errors removed: 22 (0s)
Superbubble
Nb superbubble removed: 0 0 (0s)
Tip
Nb Tip removed: 0 (0s)
Nb errors removed: 21 (0s)
Superbubble
Nb superbubble removed: 0 0 (0s)
Tip
Nb Tip removed: 0 (0s)
Nb errors removed: 8 (0s)
Superbubble
Nb superbubble removed: 0 0 (0s)
Tip
Nb Tip removed: 0 (0s)
Nb errors removed: 5 (0s)
Superbubble
Nb superbubble removed: 0 0 (0s)
Tip
Nb Tip removed: 0 (0s)
Nb errors removed: 9 (0s)
Superbubble
Nb superbubble removed: 0 0 (0s)
Tip
Nb Tip removed: 0 (0s)
Nb errors removed: 10 (0s)
Superbubble
Nb superbubble removed: 0 0 (0s)
Tip
Nb Tip removed: 0 (0s)
Nb errors removed: 1 (0s)
Superbubble
Nb superbubble removed: 0 0 (0s)
Tip
Nb Tip removed: 0 (0s)
Nb errors removed: 1 (0s)
Superbubble
Nb superbubble removed: 0 0 (0s)
Tip
Nb Tip removed: 0 (0s)
Nb errors removed: 5 (0s)
Superbubble
Nb superbubble removed: 0 0 (0s)
Tip
Nb Tip removed: 0 (0s)
Nb errors removed: 1 (0s)
Superbubble
Nb superbubble removed: 0 0 (0s)
Tip
Nb Tip removed: 0 (0s)
Checksum: 0
Checksum abundnace: 0
Generating contigs
41.1448
28.1025
23.2252
14.421
13.11
11.9182
10.8347
9.84974
8.14028
7.40025
6.11591
5.05447
4.17725
3.13843
2.59374
2.14359
0


metaMDBG toMinspace  /var/folders/zg/vq0dnx517c54hg87dyqjky740000gn/T/.tmprWAL2M/tmp/ /var/folders/zg/vq0dnx517c54hg87dyqjky740000gn/T/.tmprWAL2M/tmp//contigs.nodepath /var/folders/zg/vq0dnx517c54hg87dyqjky740000gn/T/.tmprWAL2M/tmp//unitig_data.txt --threads 10

Input dir: /var/folders/zg/vq0dnx517c54hg87dyqjky740000gn/T/.tmprWAL2M/tmp/
Minimizer length: 15
Kminmer length: 90
Density: 0.005

Loading unitig sequences

Creating mContigs

Contig filename: /var/folders/zg/vq0dnx517c54hg87dyqjky740000gn/T/.tmprWAL2M/tmp//unitig_data.txt
pass done: 90
Multi-k pass: 91/205


metaMDBG graph /var/folders/zg/vq0dnx517c54hg87dyqjky740000gn/T/.tmprWAL2M/tmp/ --threads 10 --corrected-read 

Contig filename: 
Output dir: /var/folders/zg/vq0dnx517c54hg87dyqjky740000gn/T/.tmprWAL2M/tmp/
Minimizer length: 15
Kminmer length: 91
Density: 0.005
Min abundance: 0

Loading refined abundances
	Duration: 0
Collecting kminmers
Building mdbg
Duration: 0
Nb solid kminmers: 34056
Nb small contigs written: 0
Dump kminmer abundances
	Duration: 0
Indexing edges
Edge index size: 34058
Edge index elements: 61759
	Duration: 0
Compute unitig nodes
	Duration: 0
Index unitig edges
	Duration: 0
Compute unitig edges
	Duration: 0
Dump unitig abundances
	Duration: 0
Nb edges:   0


metaMDBG contig  /var/folders/zg/vq0dnx517c54hg87dyqjky740000gn/T/.tmprWAL2M/tmp/ --threads 10 --gen-graph 

Input dir: /var/folders/zg/vq0dnx517c54hg87dyqjky740000gn/T/.tmprWAL2M/tmp/
Minimizer length: 15
Kminmer length: 91
Density: 0.005

Loading unitig graph
Load unitigs
Nb unitigs: 841
Nb minimizers: 109746
Add unitig abundances
Sorting abundances
Add unitig edges
Nb unitig edges: 1682
Sorting unitig edges
Done loading unitig graph
Simplifying
Max abundance: 41
Nb unitigs: 841
Superbubble
Nb superbubble removed: 20 0 (0s)
Tip
Nb Tip removed: 283 (0s)
Superbubble
Nb superbubble removed: 60 0 (0s)
Tip
Nb Tip removed: 0 (0s)
Saving unitig graph: /var/folders/zg/vq0dnx517c54hg87dyqjky740000gn/T/.tmprWAL2M/tmp//assembly_graph.gfa
Nb errors removed: 154 (0s)
Superbubble
Nb superbubble removed: 0 0 (0s)
Tip
Nb Tip removed: 0 (0s)
Nb errors removed: 1 (0s)
Superbubble
Nb superbubble removed: 0 0 (0s)
Tip
Nb Tip removed: 0 (0s)
Nb errors removed: 63 (0s)
Superbubble
Nb superbubble removed: 4 0 (0s)
Tip
Nb Tip removed: 1 (0s)
Superbubble
Nb superbubble removed: 0 0 (0s)
Tip
Nb Tip removed: 0 (0s)
Nb errors removed: 43 (0s)
Superbubble
Nb superbubble removed: 2 0 (0s)
Tip
Nb Tip removed: 0 (0s)
Nb errors removed: 29 (0s)
Superbubble
Nb superbubble removed: 2 0 (0s)
Tip
Nb Tip removed: 0 (0s)
Nb errors removed: 10 (0s)
Superbubble
Nb superbubble removed: 2 0 (0s)
Tip
Nb Tip removed: 0 (0s)
Nb errors removed: 22 (0s)
Superbubble
Nb superbubble removed: 0 0 (0s)
Tip
Nb Tip removed: 0 (0s)
Nb errors removed: 21 (0s)
Superbubble
Nb superbubble removed: 0 0 (0s)
Tip
Nb Tip removed: 0 (0s)
Nb errors removed: 8 (0s)
Superbubble
Nb superbubble removed: 0 0 (0s)
Tip
Nb Tip removed: 0 (0s)
Nb errors removed: 5 (0s)
Superbubble
Nb superbubble removed: 0 0 (0s)
Tip
Nb Tip removed: 0 (0s)
Nb errors removed: 10 (0s)
Superbubble
Nb superbubble removed: 0 0 (0s)
Tip
Nb Tip removed: 0 (0s)
Nb errors removed: 9 (0s)
Superbubble
Nb superbubble removed: 0 0 (0s)
Tip
Nb Tip removed: 0 (0s)
Nb errors removed: 1 (0s)
Superbubble
Nb superbubble removed: 0 0 (0s)
Tip
Nb Tip removed: 0 (0s)
Nb errors removed: 1 (0s)
Superbubble
Nb superbubble removed: 0 0 (0s)
Tip
Nb Tip removed: 0 (0s)
Nb errors removed: 5 (0s)
Superbubble
Nb superbubble removed: 0 0 (0s)
Tip
Nb Tip removed: 0 (0s)
Nb errors removed: 1 (0s)
Superbubble
Nb superbubble removed: 0 0 (0s)
Tip
Nb Tip removed: 0 (0s)
Checksum: 0
Checksum abundnace: 0
Generating contigs
41.1448
28.1025
23.2252
14.421
13.11
11.9182
10.8347
9.84974
8.14028
7.40025
6.11591
5.05447
4.17725
3.13843
2.59374
2.14359
0


metaMDBG toMinspace  /var/folders/zg/vq0dnx517c54hg87dyqjky740000gn/T/.tmprWAL2M/tmp/ /var/folders/zg/vq0dnx517c54hg87dyqjky740000gn/T/.tmprWAL2M/tmp//contigs.nodepath /var/folders/zg/vq0dnx517c54hg87dyqjky740000gn/T/.tmprWAL2M/tmp//unitig_data.txt --threads 10

Input dir: /var/folders/zg/vq0dnx517c54hg87dyqjky740000gn/T/.tmprWAL2M/tmp/
Minimizer length: 15
Kminmer length: 91
Density: 0.005

Loading unitig sequences

Creating mContigs

Contig filename: /var/folders/zg/vq0dnx517c54hg87dyqjky740000gn/T/.tmprWAL2M/tmp//unitig_data.txt


metaMDBG toMinspace  /var/folders/zg/vq0dnx517c54hg87dyqjky740000gn/T/.tmprWAL2M/tmp/ /var/folders/zg/vq0dnx517c54hg87dyqjky740000gn/T/.tmprWAL2M/tmp//assembly_graph.gfa.unitigs.nodepath /var/folders/zg/vq0dnx517c54hg87dyqjky740000gn/T/.tmprWAL2M/tmp//assembly_graph.gfa.unitigs --threads 10

Input dir: /var/folders/zg/vq0dnx517c54hg87dyqjky740000gn/T/.tmprWAL2M/tmp/
Minimizer length: 15
Kminmer length: 91
Density: 0.005

Loading unitig sequences

Creating mContigs

Contig filename: /var/folders/zg/vq0dnx517c54hg87dyqjky740000gn/T/.tmprWAL2M/tmp//assembly_graph.gfa.unitigs
pass done: 91
Multi-k pass: 92/205


metaMDBG graph /var/folders/zg/vq0dnx517c54hg87dyqjky740000gn/T/.tmprWAL2M/tmp/ --threads 10 --corrected-read 

Contig filename: 
Output dir: /var/folders/zg/vq0dnx517c54hg87dyqjky740000gn/T/.tmprWAL2M/tmp/
Minimizer length: 15
Kminmer length: 92
Density: 0.005
Min abundance: 0

Loading refined abundances
	Duration: 0
Collecting kminmers
Building mdbg
Duration: 0
Nb solid kminmers: 34053
Nb small contigs written: 0
Dump kminmer abundances
	Duration: 0
Indexing edges
Edge index size: 34054
Edge index elements: 61741
	Duration: 0
Compute unitig nodes
	Duration: 0
Index unitig edges
	Duration: 0
Compute unitig edges
	Duration: 0
Dump unitig abundances
	Duration: 0
Nb edges:   0


metaMDBG contig  /var/folders/zg/vq0dnx517c54hg87dyqjky740000gn/T/.tmprWAL2M/tmp/ --threads 10

Input dir: /var/folders/zg/vq0dnx517c54hg87dyqjky740000gn/T/.tmprWAL2M/tmp/
Minimizer length: 15
Kminmer length: 92
Density: 0.005

Loading unitig graph
Load unitigs
Nb unitigs: 840
Nb minimizers: 110493
Add unitig abundances
Sorting abundances
Add unitig edges
Nb unitig edges: 1682
Sorting unitig edges
Done loading unitig graph
Simplifying
Max abundance: 41
Nb unitigs: 840
Superbubble
Nb superbubble removed: 20 0 (0s)
Tip
Nb Tip removed: 285 (0s)
Superbubble
Nb superbubble removed: 58 0 (0s)
Tip
Nb Tip removed: 0 (0s)
Nb errors removed: 154 (0s)
Superbubble
Nb superbubble removed: 0 0 (0s)
Tip
Nb Tip removed: 0 (0s)
Nb errors removed: 1 (0s)
Superbubble
Nb superbubble removed: 0 0 (0s)
Tip
Nb Tip removed: 0 (0s)
Nb errors removed: 63 (0s)
Superbubble
Nb superbubble removed: 4 0 (0s)
Tip
Nb Tip removed: 1 (0s)
Superbubble
Nb superbubble removed: 0 0 (0s)
Tip
Nb Tip removed: 0 (0s)
Nb errors removed: 43 (0s)
Superbubble
Nb superbubble removed: 2 0 (0s)
Tip
Nb Tip removed: 0 (0s)
Nb errors removed: 29 (0s)
Superbubble
Nb superbubble removed: 2 0 (0s)
Tip
Nb Tip removed: 0 (0s)
Nb errors removed: 9 (0s)
Superbubble
Nb superbubble removed: 2 0 (0s)
Tip
Nb Tip removed: 0 (0s)
Nb errors removed: 22 (0s)
Superbubble
Nb superbubble removed: 0 0 (0s)
Tip
Nb Tip removed: 0 (0s)
Nb errors removed: 21 (0s)
Superbubble
Nb superbubble removed: 0 0 (0s)
Tip
Nb Tip removed: 0 (0s)
Nb errors removed: 8 (0s)
Superbubble
Nb superbubble removed: 0 0 (0s)
Tip
Nb Tip removed: 0 (0s)
Nb errors removed: 6 (0s)
Superbubble
Nb superbubble removed: 0 0 (0s)
Tip
Nb Tip removed: 0 (0s)
Nb errors removed: 12 (0s)
Superbubble
Nb superbubble removed: 0 0 (0s)
Tip
Nb Tip removed: 0 (0s)
Nb errors removed: 9 (0s)
Superbubble
Nb superbubble removed: 0 0 (0s)
Tip
Nb Tip removed: 0 (0s)
Nb errors removed: 1 (0s)
Superbubble
Nb superbubble removed: 0 0 (0s)
Tip
Nb Tip removed: 0 (0s)
Nb errors removed: 1 (0s)
Superbubble
Nb superbubble removed: 0 0 (0s)
Tip
Nb Tip removed: 0 (0s)
Nb errors removed: 5 (0s)
Superbubble
Nb superbubble removed: 0 0 (0s)
Tip
Nb Tip removed: 0 (0s)
Nb errors removed: 1 (0s)
Superbubble
Nb superbubble removed: 0 0 (0s)
Tip
Nb Tip removed: 0 (0s)
Checksum: 0
Checksum abundnace: 0
Generating contigs
41.1448
28.1025
23.2252
14.421
13.11
11.9182
10.8347
9.84974
8.14028
7.40025
6.11591
5.05447
4.17725
3.13843
2.59374
2.14359
0


metaMDBG toMinspace  /var/folders/zg/vq0dnx517c54hg87dyqjky740000gn/T/.tmprWAL2M/tmp/ /var/folders/zg/vq0dnx517c54hg87dyqjky740000gn/T/.tmprWAL2M/tmp//contigs.nodepath /var/folders/zg/vq0dnx517c54hg87dyqjky740000gn/T/.tmprWAL2M/tmp//unitig_data.txt --threads 10

Input dir: /var/folders/zg/vq0dnx517c54hg87dyqjky740000gn/T/.tmprWAL2M/tmp/
Minimizer length: 15
Kminmer length: 92
Density: 0.005

Loading unitig sequences

Creating mContigs

Contig filename: /var/folders/zg/vq0dnx517c54hg87dyqjky740000gn/T/.tmprWAL2M/tmp//unitig_data.txt
pass done: 92
Multi-k pass: 93/205


metaMDBG graph /var/folders/zg/vq0dnx517c54hg87dyqjky740000gn/T/.tmprWAL2M/tmp/ --threads 10 --corrected-read 

Contig filename: 
Output dir: /var/folders/zg/vq0dnx517c54hg87dyqjky740000gn/T/.tmprWAL2M/tmp/
Minimizer length: 15
Kminmer length: 93
Density: 0.005
Min abundance: 0

Loading refined abundances
	Duration: 0
Collecting kminmers
Building mdbg
Duration: 0
Nb solid kminmers: 34050
Nb small contigs written: 0
Dump kminmer abundances
	Duration: 0
Indexing edges
Edge index size: 34049
Edge index elements: 61879
	Duration: 0
Compute unitig nodes
	Duration: 0
Index unitig edges
	Duration: 0
Compute unitig edges
	Duration: 0
Dump unitig abundances
	Duration: 0
Nb edges:   0


metaMDBG contig  /var/folders/zg/vq0dnx517c54hg87dyqjky740000gn/T/.tmprWAL2M/tmp/ --threads 10

Input dir: /var/folders/zg/vq0dnx517c54hg87dyqjky740000gn/T/.tmprWAL2M/tmp/
Minimizer length: 15
Kminmer length: 93
Density: 0.005

Loading unitig graph
Load unitigs
Nb unitigs: 833
Nb minimizers: 110686
Add unitig abundances
Sorting abundances
Add unitig edges
Nb unitig edges: 1674
Sorting unitig edges
Done loading unitig graph
Simplifying
Max abundance: 41
Nb unitigs: 833
Superbubble
Nb superbubble removed: 18 0 (0s)
Tip
Nb Tip removed: 285 (0s)
Superbubble
Nb superbubble removed: 56 0 (0s)
Tip
Nb Tip removed: 0 (0s)
Nb errors removed: 151 (0s)
Superbubble
Nb superbubble removed: 0 0 (0s)
Tip
Nb Tip removed: 0 (0s)
Nb errors removed: 1 (0s)
Superbubble
Nb superbubble removed: 0 0 (0s)
Tip
Nb Tip removed: 0 (0s)
Nb errors removed: 62 (0s)
Superbubble
Nb superbubble removed: 4 0 (0s)
Tip
Nb Tip removed: 1 (0s)
Superbubble
Nb superbubble removed: 0 0 (0s)
Tip
Nb Tip removed: 0 (0s)
Nb errors removed: 43 (0s)
Superbubble
Nb superbubble removed: 2 0 (0s)
Tip
Nb Tip removed: 0 (0s)
Nb errors removed: 30 (0s)
Superbubble
Nb superbubble removed: 4 0 (0s)
Tip
Nb Tip removed: 0 (0s)
Nb errors removed: 9 (0s)
Superbubble
Nb superbubble removed: 2 0 (0s)
Tip
Nb Tip removed: 0 (0s)
Nb errors removed: 23 (0s)
Superbubble
Nb superbubble removed: 0 0 (0s)
Tip
Nb Tip removed: 0 (0s)
Nb errors removed: 21 (0s)
Superbubble
Nb superbubble removed: 0 0 (0s)
Tip
Nb Tip removed: 0 (0s)
Nb errors removed: 8 (0s)
Superbubble
Nb superbubble removed: 0 0 (0s)
Tip
Nb Tip removed: 0 (0s)
Nb errors removed: 6 (0s)
Superbubble
Nb superbubble removed: 0 0 (0s)
Tip
Nb Tip removed: 0 (0s)
Nb errors removed: 12 (0s)
Superbubble
Nb superbubble removed: 0 0 (0s)
Tip
Nb Tip removed: 0 (0s)
Nb errors removed: 9 (0s)
Superbubble
Nb superbubble removed: 0 0 (0s)
Tip
Nb Tip removed: 0 (0s)
Nb errors removed: 1 (0s)
Superbubble
Nb superbubble removed: 0 0 (0s)
Tip
Nb Tip removed: 0 (0s)
Nb errors removed: 1 (0s)
Superbubble
Nb superbubble removed: 0 0 (0s)
Tip
Nb Tip removed: 0 (0s)
Nb errors removed: 5 (0s)
Superbubble
Nb superbubble removed: 0 0 (0s)
Tip
Nb Tip removed: 0 (0s)
Nb errors removed: 1 (0s)
Superbubble
Nb superbubble removed: 0 0 (0s)
Tip
Nb Tip removed: 0 (0s)
Checksum: 0
Checksum abundnace: 0
Generating contigs
41.1448
28.1025
23.2252
14.421
13.11
11.9182
10.8347
9.84974
8.14028
7.40025
6.11591
5.05447
4.17725
3.13843
2.59374
2.14359
0


metaMDBG toMinspace  /var/folders/zg/vq0dnx517c54hg87dyqjky740000gn/T/.tmprWAL2M/tmp/ /var/folders/zg/vq0dnx517c54hg87dyqjky740000gn/T/.tmprWAL2M/tmp//contigs.nodepath /var/folders/zg/vq0dnx517c54hg87dyqjky740000gn/T/.tmprWAL2M/tmp//unitig_data.txt --threads 10

Input dir: /var/folders/zg/vq0dnx517c54hg87dyqjky740000gn/T/.tmprWAL2M/tmp/
Minimizer length: 15
Kminmer length: 93
Density: 0.005

Loading unitig sequences

Creating mContigs

Contig filename: /var/folders/zg/vq0dnx517c54hg87dyqjky740000gn/T/.tmprWAL2M/tmp//unitig_data.txt
pass done: 93
Multi-k pass: 94/205


metaMDBG graph /var/folders/zg/vq0dnx517c54hg87dyqjky740000gn/T/.tmprWAL2M/tmp/ --threads 10 --corrected-read 

Contig filename: 
Output dir: /var/folders/zg/vq0dnx517c54hg87dyqjky740000gn/T/.tmprWAL2M/tmp/
Minimizer length: 15
Kminmer length: 94
Density: 0.005
Min abundance: 0

Loading refined abundances
	Duration: 0
Collecting kminmers
Building mdbg
Duration: 0
Nb solid kminmers: 34047
Nb small contigs written: 0
Dump kminmer abundances
	Duration: 0
Indexing edges
Edge index size: 34047
Edge index elements: 62145
	Duration: 0
Compute unitig nodes
	Duration: 0
Index unitig edges
	Duration: 0
Compute unitig edges
	Duration: 0
Dump unitig abundances
	Duration: 0
Nb edges:   0


metaMDBG contig  /var/folders/zg/vq0dnx517c54hg87dyqjky740000gn/T/.tmprWAL2M/tmp/ --threads 10

Input dir: /var/folders/zg/vq0dnx517c54hg87dyqjky740000gn/T/.tmprWAL2M/tmp/
Minimizer length: 15
Kminmer length: 94
Density: 0.005

Loading unitig graph
Load unitigs
Nb unitigs: 827
Nb minimizers: 110958
Add unitig abundances
Sorting abundances
Add unitig edges
Nb unitig edges: 1658
Sorting unitig edges
Done loading unitig graph
Simplifying
Max abundance: 41
Nb unitigs: 827
Superbubble
Nb superbubble removed: 16 0 (0s)
Tip
Nb Tip removed: 280 (0s)
Superbubble
Nb superbubble removed: 56 0 (0s)
Tip
Nb Tip removed: 0 (0s)
Nb errors removed: 148 (0s)
Superbubble
Nb superbubble removed: 0 0 (0s)
Tip
Nb Tip removed: 0 (0s)
Nb errors removed: 2 (0s)
Superbubble
Nb superbubble removed: 0 0 (0s)
Tip
Nb Tip removed: 0 (0s)
Nb errors removed: 61 (0s)
Superbubble
Nb superbubble removed: 4 0 (0s)
Tip
Nb Tip removed: 1 (0s)
Superbubble
Nb superbubble removed: 0 0 (0s)
Tip
Nb Tip removed: 0 (0s)
Nb errors removed: 43 (0s)
Superbubble
Nb superbubble removed: 2 0 (0s)
Tip
Nb Tip removed: 0 (0s)
Nb errors removed: 32 (0s)
Superbubble
Nb superbubble removed: 4 0 (0s)
Tip
Nb Tip removed: 0 (0s)
Nb errors removed: 9 (0s)
Superbubble
Nb superbubble removed: 2 0 (0s)
Tip
Nb Tip removed: 0 (0s)
Nb errors removed: 22 (0s)
Superbubble
Nb superbubble removed: 0 0 (0s)
Tip
Nb Tip removed: 0 (0s)
Nb errors removed: 21 (0s)
Superbubble
Nb superbubble removed: 0 0 (0s)
Tip
Nb Tip removed: 0 (0s)
Nb errors removed: 8 (0s)
Superbubble
Nb superbubble removed: 0 0 (0s)
Tip
Nb Tip removed: 0 (0s)
Nb errors removed: 6 (0s)
Superbubble
Nb superbubble removed: 0 0 (0s)
Tip
Nb Tip removed: 0 (0s)
Nb errors removed: 13 (0s)
Superbubble
Nb superbubble removed: 0 0 (0s)
Tip
Nb Tip removed: 0 (0s)
Nb errors removed: 9 (0s)
Superbubble
Nb superbubble removed: 0 0 (0s)
Tip
Nb Tip removed: 0 (0s)
Nb errors removed: 1 (0s)
Superbubble
Nb superbubble removed: 0 0 (0s)
Tip
Nb Tip removed: 0 (0s)
Nb errors removed: 1 (0s)
Superbubble
Nb superbubble removed: 0 0 (0s)
Tip
Nb Tip removed: 0 (0s)
Nb errors removed: 5 (0s)
Superbubble
Nb superbubble removed: 0 0 (0s)
Tip
Nb Tip removed: 0 (0s)
Nb errors removed: 1 (0s)
Superbubble
Nb superbubble removed: 0 0 (0s)
Tip
Nb Tip removed: 0 (0s)
Checksum: 0
Checksum abundnace: 0
Generating contigs
41.1448
28.1025
23.2252
14.421
13.11
11.9182
10.8347
9.84974
8.14028
7.40025
6.11591
5.05447
4.17725
3.13843
2.59374
2.14359
0


metaMDBG toMinspace  /var/folders/zg/vq0dnx517c54hg87dyqjky740000gn/T/.tmprWAL2M/tmp/ /var/folders/zg/vq0dnx517c54hg87dyqjky740000gn/T/.tmprWAL2M/tmp//contigs.nodepath /var/folders/zg/vq0dnx517c54hg87dyqjky740000gn/T/.tmprWAL2M/tmp//unitig_data.txt --threads 10

Input dir: /var/folders/zg/vq0dnx517c54hg87dyqjky740000gn/T/.tmprWAL2M/tmp/
Minimizer length: 15
Kminmer length: 94
Density: 0.005

Loading unitig sequences

Creating mContigs

Contig filename: /var/folders/zg/vq0dnx517c54hg87dyqjky740000gn/T/.tmprWAL2M/tmp//unitig_data.txt
pass done: 94
Multi-k pass: 95/205


metaMDBG graph /var/folders/zg/vq0dnx517c54hg87dyqjky740000gn/T/.tmprWAL2M/tmp/ --threads 10 --corrected-read 

Contig filename: 
Output dir: /var/folders/zg/vq0dnx517c54hg87dyqjky740000gn/T/.tmprWAL2M/tmp/
Minimizer length: 15
Kminmer length: 95
Density: 0.005
Min abundance: 0

Loading refined abundances
	Duration: 0
Collecting kminmers
Building mdbg
Duration: 0
Nb solid kminmers: 34040
Nb small contigs written: 0
Dump kminmer abundances
	Duration: 0
Indexing edges
Edge index size: 34045
Edge index elements: 61817
	Duration: 0
Compute unitig nodes
	Duration: 0
Index unitig edges
	Duration: 0
Compute unitig edges
	Duration: 0
Dump unitig abundances
	Duration: 0
Nb edges:   0


metaMDBG contig  /var/folders/zg/vq0dnx517c54hg87dyqjky740000gn/T/.tmprWAL2M/tmp/ --threads 10

Input dir: /var/folders/zg/vq0dnx517c54hg87dyqjky740000gn/T/.tmprWAL2M/tmp/
Minimizer length: 15
Kminmer length: 95
Density: 0.005

Loading unitig graph
Load unitigs
Nb unitigs: 820
Nb minimizers: 111120
Add unitig abundances
Sorting abundances
Add unitig edges
Nb unitig edges: 1630
Sorting unitig edges
Done loading unitig graph
Simplifying
Max abundance: 41
Nb unitigs: 820
Superbubble
Nb superbubble removed: 18 0 (0s)
Tip
Nb Tip removed: 273 (0s)
Superbubble
Nb superbubble removed: 54 0 (0s)
Tip
Nb Tip removed: 0 (0s)
Nb errors removed: 148 (0s)
Superbubble
Nb superbubble removed: 0 0 (0s)
Tip
Nb Tip removed: 0 (0s)
Nb errors removed: 1 (0s)
Superbubble
Nb superbubble removed: 0 0 (0s)
Tip
Nb Tip removed: 0 (0s)
Nb errors removed: 62 (0s)
Superbubble
Nb superbubble removed: 4 0 (0s)
Tip
Nb Tip removed: 1 (0s)
Superbubble
Nb superbubble removed: 0 0 (0s)
Tip
Nb Tip removed: 0 (0s)
Nb errors removed: 42 (0s)
Superbubble
Nb superbubble removed: 2 0 (0s)
Tip
Nb Tip removed: 0 (0s)
Nb errors removed: 31 (0s)
Superbubble
Nb superbubble removed: 4 0 (0s)
Tip
Nb Tip removed: 0 (0s)
Nb errors removed: 9 (0s)
Superbubble
Nb superbubble removed: 2 0 (0s)
Tip
Nb Tip removed: 0 (0s)
Nb errors removed: 20 (0s)
Superbubble
Nb superbubble removed: 0 0 (0s)
Tip
Nb Tip removed: 0 (0s)
Nb errors removed: 20 (0s)
Superbubble
Nb superbubble removed: 0 0 (0s)
Tip
Nb Tip removed: 0 (0s)
Nb errors removed: 8 (0s)
Superbubble
Nb superbubble removed: 0 0 (0s)
Tip
Nb Tip removed: 0 (0s)
Nb errors removed: 6 (0s)
Superbubble
Nb superbubble removed: 0 0 (0s)
Tip
Nb Tip removed: 0 (0s)
Nb errors removed: 12 (0s)
Superbubble
Nb superbubble removed: 0 0 (0s)
Tip
Nb Tip removed: 0 (0s)
Nb errors removed: 9 (0s)
Superbubble
Nb superbubble removed: 0 0 (0s)
Tip
Nb Tip removed: 0 (0s)
Nb errors removed: 1 (0s)
Superbubble
Nb superbubble removed: 0 0 (0s)
Tip
Nb Tip removed: 0 (0s)
Nb errors removed: 1 (0s)
Superbubble
Nb superbubble removed: 0 0 (0s)
Tip
Nb Tip removed: 0 (0s)
Nb errors removed: 5 (0s)
Superbubble
Nb superbubble removed: 0 0 (0s)
Tip
Nb Tip removed: 0 (0s)
Nb errors removed: 1 (0s)
Superbubble
Nb superbubble removed: 0 0 (0s)
Tip
Nb Tip removed: 0 (0s)
Checksum: 0
Checksum abundnace: 0
Generating contigs
41.1448
28.1025
23.2252
14.421
13.11
11.9182
10.8347
9.84974
8.14028
7.40025
6.11591
5.05447
4.17725
3.13843
2.59374
2.14359
0


metaMDBG toMinspace  /var/folders/zg/vq0dnx517c54hg87dyqjky740000gn/T/.tmprWAL2M/tmp/ /var/folders/zg/vq0dnx517c54hg87dyqjky740000gn/T/.tmprWAL2M/tmp//contigs.nodepath /var/folders/zg/vq0dnx517c54hg87dyqjky740000gn/T/.tmprWAL2M/tmp//unitig_data.txt --threads 10

Input dir: /var/folders/zg/vq0dnx517c54hg87dyqjky740000gn/T/.tmprWAL2M/tmp/
Minimizer length: 15
Kminmer length: 95
Density: 0.005

Loading unitig sequences

Creating mContigs

Contig filename: /var/folders/zg/vq0dnx517c54hg87dyqjky740000gn/T/.tmprWAL2M/tmp//unitig_data.txt
pass done: 95
Multi-k pass: 96/205


metaMDBG graph /var/folders/zg/vq0dnx517c54hg87dyqjky740000gn/T/.tmprWAL2M/tmp/ --threads 10 --corrected-read 

Contig filename: 
Output dir: /var/folders/zg/vq0dnx517c54hg87dyqjky740000gn/T/.tmprWAL2M/tmp/
Minimizer length: 15
Kminmer length: 96
Density: 0.005
Min abundance: 0

Loading refined abundances
	Duration: 0
Collecting kminmers
Building mdbg
Duration: 0
Nb solid kminmers: 34028
Nb small contigs written: 0
Dump kminmer abundances
	Duration: 0
Indexing edges
Edge index size: 34039
Edge index elements: 61833
	Duration: 0
Compute unitig nodes
	Duration: 0
Index unitig edges
	Duration: 0
Compute unitig edges
	Duration: 0
Dump unitig abundances
	Duration: 0
Nb edges:   0


metaMDBG contig  /var/folders/zg/vq0dnx517c54hg87dyqjky740000gn/T/.tmprWAL2M/tmp/ --threads 10

Input dir: /var/folders/zg/vq0dnx517c54hg87dyqjky740000gn/T/.tmprWAL2M/tmp/
Minimizer length: 15
Kminmer length: 96
Density: 0.005

Loading unitig graph
Load unitigs
Nb unitigs: 811
Nb minimizers: 111073
Add unitig abundances
Sorting abundances
Add unitig edges
Nb unitig edges: 1602
Sorting unitig edges
Done loading unitig graph
Simplifying
Max abundance: 41
Nb unitigs: 811
Superbubble
Nb superbubble removed: 18 0 (0s)
Tip
Nb Tip removed: 268 (0s)
Superbubble
Nb superbubble removed: 50 0 (0s)
Tip
Nb Tip removed: 0 (0s)
Nb errors removed: 149 (0s)
Superbubble
Nb superbubble removed: 0 0 (0s)
Tip
Nb Tip removed: 0 (0s)
Nb errors removed: 1 (0s)
Superbubble
Nb superbubble removed: 0 0 (0s)
Tip
Nb Tip removed: 0 (0s)
Nb errors removed: 61 (0s)
Superbubble
Nb superbubble removed: 4 0 (0s)
Tip
Nb Tip removed: 1 (0s)
Superbubble
Nb superbubble removed: 0 0 (0s)
Tip
Nb Tip removed: 0 (0s)
Nb errors removed: 42 (0s)
Superbubble
Nb superbubble removed: 2 0 (0s)
Tip
Nb Tip removed: 0 (0s)
Nb errors removed: 30 (0s)
Superbubble
Nb superbubble removed: 4 0 (0s)
Tip
Nb Tip removed: 0 (0s)
Nb errors removed: 9 (0s)
Superbubble
Nb superbubble removed: 2 0 (0s)
Tip
Nb Tip removed: 0 (0s)
Nb errors removed: 20 (0s)
Superbubble
Nb superbubble removed: 0 0 (0s)
Tip
Nb Tip removed: 0 (0s)
Nb errors removed: 21 (0s)
Superbubble
Nb superbubble removed: 0 0 (0s)
Tip
Nb Tip removed: 0 (0s)
Nb errors removed: 9 (0s)
Superbubble
Nb superbubble removed: 0 0 (0s)
Tip
Nb Tip removed: 0 (0s)
Nb errors removed: 6 (0s)
Superbubble
Nb superbubble removed: 0 0 (0s)
Tip
Nb Tip removed: 0 (0s)
Nb errors removed: 11 (0s)
Superbubble
Nb superbubble removed: 0 0 (0s)
Tip
Nb Tip removed: 0 (0s)
Nb errors removed: 9 (0s)
Superbubble
Nb superbubble removed: 0 0 (0s)
Tip
Nb Tip removed: 0 (0s)
Nb errors removed: 1 (0s)
Superbubble
Nb superbubble removed: 0 0 (0s)
Tip
Nb Tip removed: 0 (0s)
Nb errors removed: 1 (0s)
Superbubble
Nb superbubble removed: 0 0 (0s)
Tip
Nb Tip removed: 0 (0s)
Nb errors removed: 5 (0s)
Superbubble
Nb superbubble removed: 0 0 (0s)
Tip
Nb Tip removed: 0 (0s)
Nb errors removed: 1 (0s)
Superbubble
Nb superbubble removed: 0 0 (0s)
Tip
Nb Tip removed: 0 (0s)
Checksum: 0
Checksum abundnace: 0
Generating contigs
41.1448
28.1025
23.2252
14.421
13.11
11.9182
10.8347
9.84974
8.14028
7.40025
6.11591
5.05447
4.17725
3.13843
2.59374
2.14359
0


metaMDBG toMinspace  /var/folders/zg/vq0dnx517c54hg87dyqjky740000gn/T/.tmprWAL2M/tmp/ /var/folders/zg/vq0dnx517c54hg87dyqjky740000gn/T/.tmprWAL2M/tmp//contigs.nodepath /var/folders/zg/vq0dnx517c54hg87dyqjky740000gn/T/.tmprWAL2M/tmp//unitig_data.txt --threads 10

Input dir: /var/folders/zg/vq0dnx517c54hg87dyqjky740000gn/T/.tmprWAL2M/tmp/
Minimizer length: 15
Kminmer length: 96
Density: 0.005

Loading unitig sequences

Creating mContigs

Contig filename: /var/folders/zg/vq0dnx517c54hg87dyqjky740000gn/T/.tmprWAL2M/tmp//unitig_data.txt
pass done: 96
Multi-k pass: 97/205


metaMDBG graph /var/folders/zg/vq0dnx517c54hg87dyqjky740000gn/T/.tmprWAL2M/tmp/ --threads 10 --corrected-read 

Contig filename: 
Output dir: /var/folders/zg/vq0dnx517c54hg87dyqjky740000gn/T/.tmprWAL2M/tmp/
Minimizer length: 15
Kminmer length: 97
Density: 0.005
Min abundance: 0

Loading refined abundances
	Duration: 0
Collecting kminmers
Building mdbg
Duration: 0
Nb solid kminmers: 34010
Nb small contigs written: 0
Dump kminmer abundances
	Duration: 0
Indexing edges
Edge index size: 34028
Edge index elements: 62160
	Duration: 0
Compute unitig nodes
	Duration: 0
Index unitig edges
	Duration: 0
Compute unitig edges
	Duration: 0
Dump unitig abundances
	Duration: 0
Nb edges:   0


metaMDBG contig  /var/folders/zg/vq0dnx517c54hg87dyqjky740000gn/T/.tmprWAL2M/tmp/ --threads 10

Input dir: /var/folders/zg/vq0dnx517c54hg87dyqjky740000gn/T/.tmprWAL2M/tmp/
Minimizer length: 15
Kminmer length: 97
Density: 0.005

Loading unitig graph
Load unitigs
Nb unitigs: 805
Nb minimizers: 111290
Add unitig abundances
Sorting abundances
Add unitig edges
Nb unitig edges: 1574
Sorting unitig edges
Done loading unitig graph
Simplifying
Max abundance: 41
Nb unitigs: 805
Superbubble
Nb superbubble removed: 18 0 (0s)
Tip
Nb Tip removed: 263 (0s)
Superbubble
Nb superbubble removed: 50 0 (0s)
Tip
Nb Tip removed: 0 (0s)
Nb errors removed: 149 (0s)
Superbubble
Nb superbubble removed: 0 0 (0s)
Tip
Nb Tip removed: 0 (0s)
Nb errors removed: 1 (0s)
Superbubble
Nb superbubble removed: 0 0 (0s)
Tip
Nb Tip removed: 0 (0s)
Nb errors removed: 60 (0s)
Superbubble
Nb superbubble removed: 4 0 (0s)
Tip
Nb Tip removed: 1 (0s)
Superbubble
Nb superbubble removed: 0 0 (0s)
Tip
Nb Tip removed: 0 (0s)
Nb errors removed: 41 (0s)
Superbubble
Nb superbubble removed: 2 0 (0s)
Tip
Nb Tip removed: 0 (0s)
Nb errors removed: 30 (0s)
Superbubble
Nb superbubble removed: 4 0 (0s)
Tip
Nb Tip removed: 0 (0s)
Nb errors removed: 9 (0s)
Superbubble
Nb superbubble removed: 2 0 (0s)
Tip
Nb Tip removed: 0 (0s)
Nb errors removed: 20 (0s)
Superbubble
Nb superbubble removed: 0 0 (0s)
Tip
Nb Tip removed: 0 (0s)
Nb errors removed: 21 (0s)
Superbubble
Nb superbubble removed: 0 0 (0s)
Tip
Nb Tip removed: 0 (0s)
Nb errors removed: 9 (0s)
Superbubble
Nb superbubble removed: 0 0 (0s)
Tip
Nb Tip removed: 0 (0s)
Nb errors removed: 6 (0s)
Superbubble
Nb superbubble removed: 0 0 (0s)
Tip
Nb Tip removed: 0 (0s)
Nb errors removed: 11 (0s)
Superbubble
Nb superbubble removed: 0 0 (0s)
Tip
Nb Tip removed: 0 (0s)
Nb errors removed: 9 (0s)
Superbubble
Nb superbubble removed: 0 0 (0s)
Tip
Nb Tip removed: 0 (0s)
Nb errors removed: 1 (0s)
Superbubble
Nb superbubble removed: 0 0 (0s)
Tip
Nb Tip removed: 0 (0s)
Nb errors removed: 1 (0s)
Superbubble
Nb superbubble removed: 0 0 (0s)
Tip
Nb Tip removed: 0 (0s)
Nb errors removed: 5 (0s)
Superbubble
Nb superbubble removed: 0 0 (0s)
Tip
Nb Tip removed: 0 (0s)
Nb errors removed: 1 (0s)
Superbubble
Nb superbubble removed: 0 0 (0s)
Tip
Nb Tip removed: 0 (0s)
Checksum: 0
Checksum abundnace: 0
Generating contigs
41.1448
28.1025
23.2252
14.421
13.11
11.9182
10.8347
9.84974
8.14028
7.40025
6.11591
5.05447
4.17725
3.13843
2.59374
2.14359
0


metaMDBG toMinspace  /var/folders/zg/vq0dnx517c54hg87dyqjky740000gn/T/.tmprWAL2M/tmp/ /var/folders/zg/vq0dnx517c54hg87dyqjky740000gn/T/.tmprWAL2M/tmp//contigs.nodepath /var/folders/zg/vq0dnx517c54hg87dyqjky740000gn/T/.tmprWAL2M/tmp//unitig_data.txt --threads 10

Input dir: /var/folders/zg/vq0dnx517c54hg87dyqjky740000gn/T/.tmprWAL2M/tmp/
Minimizer length: 15
Kminmer length: 97
Density: 0.005

Loading unitig sequences

Creating mContigs

Contig filename: /var/folders/zg/vq0dnx517c54hg87dyqjky740000gn/T/.tmprWAL2M/tmp//unitig_data.txt
pass done: 97
Multi-k pass: 98/205


metaMDBG graph /var/folders/zg/vq0dnx517c54hg87dyqjky740000gn/T/.tmprWAL2M/tmp/ --threads 10 --corrected-read 

Contig filename: 
Output dir: /var/folders/zg/vq0dnx517c54hg87dyqjky740000gn/T/.tmprWAL2M/tmp/
Minimizer length: 15
Kminmer length: 98
Density: 0.005
Min abundance: 0

Loading refined abundances
	Duration: 0
Collecting kminmers
Building mdbg
Duration: 0
Nb solid kminmers: 33986
Nb small contigs written: 0
Dump kminmer abundances
	Duration: 0
Indexing edges
Edge index size: 34007
Edge index elements: 62204
	Duration: 0
Compute unitig nodes
	Duration: 0
Index unitig edges
	Duration: 0
Compute unitig edges
	Duration: 0
Dump unitig abundances
	Duration: 0
Nb edges:   0


metaMDBG contig  /var/folders/zg/vq0dnx517c54hg87dyqjky740000gn/T/.tmprWAL2M/tmp/ --threads 10

Input dir: /var/folders/zg/vq0dnx517c54hg87dyqjky740000gn/T/.tmprWAL2M/tmp/
Minimizer length: 15
Kminmer length: 98
Density: 0.005

Loading unitig graph
Load unitigs
Nb unitigs: 796
Nb minimizers: 111198
Add unitig abundances
Sorting abundances
Add unitig edges
Nb unitig edges: 1554
Sorting unitig edges
Done loading unitig graph
Simplifying
Max abundance: 41
Nb unitigs: 796
Superbubble
Nb superbubble removed: 18 0 (0s)
Tip
Nb Tip removed: 259 (0s)
Superbubble
Nb superbubble removed: 48 0 (0s)
Tip
Nb Tip removed: 0 (0s)
Nb errors removed: 146 (0s)
Superbubble
Nb superbubble removed: 0 0 (0s)
Tip
Nb Tip removed: 0 (0s)
Nb errors removed: 1 (0s)
Superbubble
Nb superbubble removed: 0 0 (0s)
Tip
Nb Tip removed: 0 (0s)
Nb errors removed: 60 (0s)
Superbubble
Nb superbubble removed: 4 0 (0s)
Tip
Nb Tip removed: 1 (0s)
Superbubble
Nb superbubble removed: 0 0 (0s)
Tip
Nb Tip removed: 0 (0s)
Nb errors removed: 41 (0s)
Superbubble
Nb superbubble removed: 2 0 (0s)
Tip
Nb Tip removed: 0 (0s)
Nb errors removed: 32 (0s)
Superbubble
Nb superbubble removed: 4 0 (0s)
Tip
Nb Tip removed: 0 (0s)
Nb errors removed: 9 (0s)
Superbubble
Nb superbubble removed: 2 0 (0s)
Tip
Nb Tip removed: 0 (0s)
Nb errors removed: 20 (0s)
Superbubble
Nb superbubble removed: 0 0 (0s)
Tip
Nb Tip removed: 0 (0s)
Nb errors removed: 21 (0s)
Superbubble
Nb superbubble removed: 0 0 (0s)
Tip
Nb Tip removed: 0 (0s)
Nb errors removed: 9 (0s)
Superbubble
Nb superbubble removed: 0 0 (0s)
Tip
Nb Tip removed: 0 (0s)
Nb errors removed: 6 (0s)
Superbubble
Nb superbubble removed: 0 0 (0s)
Tip
Nb Tip removed: 0 (0s)
Nb errors removed: 11 (0s)
Superbubble
Nb superbubble removed: 0 0 (0s)
Tip
Nb Tip removed: 0 (0s)
Nb errors removed: 9 (0s)
Superbubble
Nb superbubble removed: 0 0 (0s)
Tip
Nb Tip removed: 0 (0s)
Nb errors removed: 1 (0s)
Superbubble
Nb superbubble removed: 0 0 (0s)
Tip
Nb Tip removed: 0 (0s)
Nb errors removed: 1 (0s)
Superbubble
Nb superbubble removed: 0 0 (0s)
Tip
Nb Tip removed: 0 (0s)
Nb errors removed: 5 (0s)
Superbubble
Nb superbubble removed: 0 0 (0s)
Tip
Nb Tip removed: 0 (0s)
Nb errors removed: 1 (0s)
Superbubble
Nb superbubble removed: 0 0 (0s)
Tip
Nb Tip removed: 0 (0s)
Checksum: 0
Checksum abundnace: 0
Generating contigs
41.1448
28.1025
23.2252
14.421
13.11
11.9182
10.8347
9.84974
8.14028
7.40025
6.11591
5.05447
4.17725
3.13843
2.59374
2.14359
0


metaMDBG toMinspace  /var/folders/zg/vq0dnx517c54hg87dyqjky740000gn/T/.tmprWAL2M/tmp/ /var/folders/zg/vq0dnx517c54hg87dyqjky740000gn/T/.tmprWAL2M/tmp//contigs.nodepath /var/folders/zg/vq0dnx517c54hg87dyqjky740000gn/T/.tmprWAL2M/tmp//unitig_data.txt --threads 10

Input dir: /var/folders/zg/vq0dnx517c54hg87dyqjky740000gn/T/.tmprWAL2M/tmp/
Minimizer length: 15
Kminmer length: 98
Density: 0.005

Loading unitig sequences

Creating mContigs

Contig filename: /var/folders/zg/vq0dnx517c54hg87dyqjky740000gn/T/.tmprWAL2M/tmp//unitig_data.txt
pass done: 98
Multi-k pass: 99/205


metaMDBG graph /var/folders/zg/vq0dnx517c54hg87dyqjky740000gn/T/.tmprWAL2M/tmp/ --threads 10 --corrected-read 

Contig filename: 
Output dir: /var/folders/zg/vq0dnx517c54hg87dyqjky740000gn/T/.tmprWAL2M/tmp/
Minimizer length: 15
Kminmer length: 99
Density: 0.005
Min abundance: 0

Loading refined abundances
	Duration: 0
Collecting kminmers
Building mdbg
Duration: 0
Nb solid kminmers: 33961
Nb small contigs written: 0
Dump kminmer abundances
	Duration: 0
Indexing edges
Edge index size: 33986
Edge index elements: 62240
	Duration: 0
Compute unitig nodes
	Duration: 0
Index unitig edges
	Duration: 0
Compute unitig edges
	Duration: 0
Dump unitig abundances
	Duration: 0
Nb edges:   0


metaMDBG contig  /var/folders/zg/vq0dnx517c54hg87dyqjky740000gn/T/.tmprWAL2M/tmp/ --threads 10

Input dir: /var/folders/zg/vq0dnx517c54hg87dyqjky740000gn/T/.tmprWAL2M/tmp/
Minimizer length: 15
Kminmer length: 99
Density: 0.005

Loading unitig graph
Load unitigs
Nb unitigs: 799
Nb minimizers: 112263
Add unitig abundances
Sorting abundances
Add unitig edges
Nb unitig edges: 1554
Sorting unitig edges
Done loading unitig graph
Simplifying
Max abundance: 41
Nb unitigs: 799
Superbubble
Nb superbubble removed: 14 0 (0s)
Tip
Nb Tip removed: 263 (0s)
Superbubble
Nb superbubble removed: 44 0 (0s)
Tip
Nb Tip removed: 0 (0s)
Nb errors removed: 148 (0s)
Superbubble
Nb superbubble removed: 0 0 (0s)
Tip
Nb Tip removed: 0 (0s)
Nb errors removed: 1 (0s)
Superbubble
Nb superbubble removed: 0 0 (0s)
Tip
Nb Tip removed: 0 (0s)
Nb errors removed: 60 (0s)
Superbubble
Nb superbubble removed: 2 0 (0s)
Tip
Nb Tip removed: 1 (0s)
Superbubble
Nb superbubble removed: 0 0 (0s)
Tip
Nb Tip removed: 0 (0s)
Nb errors removed: 43 (0s)
Superbubble
Nb superbubble removed: 2 0 (0s)
Tip
Nb Tip removed: 0 (0s)
Nb errors removed: 32 (0s)
Superbubble
Nb superbubble removed: 4 0 (0s)
Tip
Nb Tip removed: 0 (0s)
Nb errors removed: 15 (0s)
Superbubble
Nb superbubble removed: 6 0 (0s)
Tip
Nb Tip removed: 0 (0s)
Nb errors removed: 21 (0s)
Superbubble
Nb superbubble removed: 0 0 (0s)
Tip
Nb Tip removed: 0 (0s)
Nb errors removed: 21 (0s)
Superbubble
Nb superbubble removed: 0 0 (0s)
Tip
Nb Tip removed: 0 (0s)
Nb errors removed: 9 (0s)
Superbubble
Nb superbubble removed: 0 0 (0s)
Tip
Nb Tip removed: 0 (0s)
Nb errors removed: 6 (0s)
Superbubble
Nb superbubble removed: 0 0 (0s)
Tip
Nb Tip removed: 0 (0s)
Nb errors removed: 11 (0s)
Superbubble
Nb superbubble removed: 0 0 (0s)
Tip
Nb Tip removed: 0 (0s)
Nb errors removed: 9 (0s)
Superbubble
Nb superbubble removed: 0 0 (0s)
Tip
Nb Tip removed: 0 (0s)
Nb errors removed: 1 (0s)
Superbubble
Nb superbubble removed: 0 0 (0s)
Tip
Nb Tip removed: 0 (0s)
Nb errors removed: 1 (0s)
Superbubble
Nb superbubble removed: 0 0 (0s)
Tip
Nb Tip removed: 0 (0s)
Nb errors removed: 5 (0s)
Superbubble
Nb superbubble removed: 0 0 (0s)
Tip
Nb Tip removed: 0 (0s)
Nb errors removed: 1 (0s)
Superbubble
Nb superbubble removed: 0 0 (0s)
Tip
Nb Tip removed: 0 (0s)
Checksum: 0
Checksum abundnace: 0
Generating contigs
41.1448
28.1025
23.2252
14.421
13.11
11.9182
10.8347
9.84974
8.14028
7.40025
6.11591
5.05447
4.17725
3.13843
2.59374
2.14359
0


metaMDBG toMinspace  /var/folders/zg/vq0dnx517c54hg87dyqjky740000gn/T/.tmprWAL2M/tmp/ /var/folders/zg/vq0dnx517c54hg87dyqjky740000gn/T/.tmprWAL2M/tmp//contigs.nodepath /var/folders/zg/vq0dnx517c54hg87dyqjky740000gn/T/.tmprWAL2M/tmp//unitig_data.txt --threads 10

Input dir: /var/folders/zg/vq0dnx517c54hg87dyqjky740000gn/T/.tmprWAL2M/tmp/
Minimizer length: 15
Kminmer length: 99
Density: 0.005

Loading unitig sequences

Creating mContigs

Contig filename: /var/folders/zg/vq0dnx517c54hg87dyqjky740000gn/T/.tmprWAL2M/tmp//unitig_data.txt
pass done: 99
Multi-k pass: 100/205


metaMDBG graph /var/folders/zg/vq0dnx517c54hg87dyqjky740000gn/T/.tmprWAL2M/tmp/ --threads 10 --corrected-read 

Contig filename: 
Output dir: /var/folders/zg/vq0dnx517c54hg87dyqjky740000gn/T/.tmprWAL2M/tmp/
Minimizer length: 15
Kminmer length: 100
Density: 0.005
Min abundance: 0

Loading refined abundances
	Duration: 0
Collecting kminmers
Building mdbg
Duration: 0
Nb solid kminmers: 33929
Nb small contigs written: 0
Dump kminmer abundances
	Duration: 0
Indexing edges
Edge index size: 33956
Edge index elements: 62390
	Duration: 0
Compute unitig nodes
	Duration: 0
Index unitig edges
	Duration: 0
Compute unitig edges
	Duration: 0
Dump unitig abundances
	Duration: 0
Nb edges:   0


metaMDBG contig  /var/folders/zg/vq0dnx517c54hg87dyqjky740000gn/T/.tmprWAL2M/tmp/ --threads 10

Input dir: /var/folders/zg/vq0dnx517c54hg87dyqjky740000gn/T/.tmprWAL2M/tmp/
Minimizer length: 15
Kminmer length: 100
Density: 0.005

Loading unitig graph
Load unitigs
Nb unitigs: 785
Nb minimizers: 111644
Add unitig abundances
Sorting abundances
Add unitig edges
Nb unitig edges: 1526
Sorting unitig edges
Done loading unitig graph
Simplifying
Max abundance: 41
Nb unitigs: 785
Superbubble
Nb superbubble removed: 12 0 (0s)
Tip
Nb Tip removed: 268 (0s)
Superbubble
Nb superbubble removed: 46 0 (0s)
Tip
Nb Tip removed: 0 (0s)
Nb errors removed: 146 (0s)
Superbubble
Nb superbubble removed: 0 0 (0s)
Tip
Nb Tip removed: 0 (0s)
Nb errors removed: 1 (0s)
Superbubble
Nb superbubble removed: 0 0 (0s)
Tip
Nb Tip removed: 0 (0s)
Nb errors removed: 58 (0s)
Superbubble
Nb superbubble removed: 4 0 (0s)
Tip
Nb Tip removed: 1 (0s)
Superbubble
Nb superbubble removed: 0 0 (0s)
Tip
Nb Tip removed: 0 (0s)
Nb errors removed: 43 (0s)
Superbubble
Nb superbubble removed: 0 0 (0s)
Tip
Nb Tip removed: 0 (0s)
Nb errors removed: 34 (0s)
Superbubble
Nb superbubble removed: 4 0 (0s)
Tip
Nb Tip removed: 0 (0s)
Nb errors removed: 13 (0s)
Superbubble
Nb superbubble removed: 4 0 (0s)
Tip
Nb Tip removed: 0 (0s)
Nb errors removed: 22 (0s)
Superbubble
Nb superbubble removed: 0 0 (0s)
Tip
Nb Tip removed: 0 (0s)
Nb errors removed: 21 (0s)
Superbubble
Nb superbubble removed: 2 0 (0s)
Tip
Nb Tip removed: 0 (0s)
Nb errors removed: 8 (0s)
Superbubble
Nb superbubble removed: 0 0 (0s)
Tip
Nb Tip removed: 0 (0s)
Nb errors removed: 9 (0s)
Superbubble
Nb superbubble removed: 0 0 (0s)
Tip
Nb Tip removed: 0 (0s)
Nb errors removed: 11 (0s)
Superbubble
Nb superbubble removed: 0 0 (0s)
Tip
Nb Tip removed: 0 (0s)
Nb errors removed: 9 (0s)
Superbubble
Nb superbubble removed: 0 0 (0s)
Tip
Nb Tip removed: 0 (0s)
Nb errors removed: 1 (0s)
Superbubble
Nb superbubble removed: 0 0 (0s)
Tip
Nb Tip removed: 0 (0s)
Nb errors removed: 1 (0s)
Superbubble
Nb superbubble removed: 0 0 (0s)
Tip
Nb Tip removed: 0 (0s)
Nb errors removed: 4 (0s)
Superbubble
Nb superbubble removed: 0 0 (0s)
Tip
Nb Tip removed: 0 (0s)
Nb errors removed: 1 (0s)
Superbubble
Nb superbubble removed: 0 0 (0s)
Tip
Nb Tip removed: 0 (0s)
Checksum: 0
Checksum abundnace: 0
Generating contigs
41.1448
28.1025
23.2252
14.421
13.11
11.9182
10.8347
9.84974
8.14028
7.40025
6.11591
5.05447
4.17725
3.13843
2.59374
2.14359
0


metaMDBG toMinspace  /var/folders/zg/vq0dnx517c54hg87dyqjky740000gn/T/.tmprWAL2M/tmp/ /var/folders/zg/vq0dnx517c54hg87dyqjky740000gn/T/.tmprWAL2M/tmp//contigs.nodepath /var/folders/zg/vq0dnx517c54hg87dyqjky740000gn/T/.tmprWAL2M/tmp//unitig_data.txt --threads 10

Input dir: /var/folders/zg/vq0dnx517c54hg87dyqjky740000gn/T/.tmprWAL2M/tmp/
Minimizer length: 15
Kminmer length: 100
Density: 0.005

Loading unitig sequences

Creating mContigs

Contig filename: /var/folders/zg/vq0dnx517c54hg87dyqjky740000gn/T/.tmprWAL2M/tmp//unitig_data.txt
pass done: 100
Multi-k pass: 101/205


metaMDBG graph /var/folders/zg/vq0dnx517c54hg87dyqjky740000gn/T/.tmprWAL2M/tmp/ --threads 10 --corrected-read 

Contig filename: 
Output dir: /var/folders/zg/vq0dnx517c54hg87dyqjky740000gn/T/.tmprWAL2M/tmp/
Minimizer length: 15
Kminmer length: 101
Density: 0.005
Min abundance: 0

Loading refined abundances
	Duration: 0
Collecting kminmers
Building mdbg
Duration: 0
Nb solid kminmers: 33896
Nb small contigs written: 0
Dump kminmer abundances
	Duration: 0
Indexing edges
Edge index size: 33926
Edge index elements: 62546
	Duration: 0
Compute unitig nodes
	Duration: 0
Index unitig edges
	Duration: 0
Compute unitig edges
	Duration: 0
Dump unitig abundances
	Duration: 0
Nb edges:   0


metaMDBG contig  /var/folders/zg/vq0dnx517c54hg87dyqjky740000gn/T/.tmprWAL2M/tmp/ --threads 10 --gen-graph 

Input dir: /var/folders/zg/vq0dnx517c54hg87dyqjky740000gn/T/.tmprWAL2M/tmp/
Minimizer length: 15
Kminmer length: 101
Density: 0.005

Loading unitig graph
Load unitigs
Nb unitigs: 778
Nb minimizers: 111696
Add unitig abundances
Sorting abundances
Add unitig edges
Nb unitig edges: 1502
Sorting unitig edges
Done loading unitig graph
Simplifying
Max abundance: 41
Nb unitigs: 778
Superbubble
Nb superbubble removed: 12 0 (0s)
Tip
Nb Tip removed: 266 (0s)
Superbubble
Nb superbubble removed: 46 0 (0s)
Tip
Nb Tip removed: 0 (0s)
Saving unitig graph: /var/folders/zg/vq0dnx517c54hg87dyqjky740000gn/T/.tmprWAL2M/tmp//assembly_graph.gfa
Nb errors removed: 145 (0s)
Superbubble
Nb superbubble removed: 0 0 (0s)
Tip
Nb Tip removed: 0 (0s)
Nb errors removed: 1 (0s)
Superbubble
Nb superbubble removed: 0 0 (0s)
Tip
Nb Tip removed: 0 (0s)
Nb errors removed: 58 (0s)
Superbubble
Nb superbubble removed: 4 0 (0s)
Tip
Nb Tip removed: 1 (0s)
Superbubble
Nb superbubble removed: 0 0 (0s)
Tip
Nb Tip removed: 0 (0s)
Nb errors removed: 43 (0s)
Superbubble
Nb superbubble removed: 0 0 (0s)
Tip
Nb Tip removed: 0 (0s)
Nb errors removed: 32 (0s)
Superbubble
Nb superbubble removed: 2 0 (0s)
Tip
Nb Tip removed: 1 (0s)
Superbubble
Nb superbubble removed: 0 0 (0s)
Tip
Nb Tip removed: 0 (0s)
Nb errors removed: 15 (0s)
Superbubble
Nb superbubble removed: 4 0 (0s)
Tip
Nb Tip removed: 0 (0s)
Nb errors removed: 21 (0s)
Superbubble
Nb superbubble removed: 0 0 (0s)
Tip
Nb Tip removed: 0 (0s)
Nb errors removed: 21 (0s)
Superbubble
Nb superbubble removed: 2 0 (0s)
Tip
Nb Tip removed: 0 (0s)
Nb errors removed: 7 (0s)
Superbubble
Nb superbubble removed: 0 0 (0s)
Tip
Nb Tip removed: 0 (0s)
Nb errors removed: 8 (0s)
Superbubble
Nb superbubble removed: 0 0 (0s)
Tip
Nb Tip removed: 0 (0s)
Nb errors removed: 11 (0s)
Superbubble
Nb superbubble removed: 0 0 (0s)
Tip
Nb Tip removed: 0 (0s)
Nb errors removed: 10 (0s)
Superbubble
Nb superbubble removed: 0 0 (0s)
Tip
Nb Tip removed: 0 (0s)
Nb errors removed: 1 (0s)
Superbubble
Nb superbubble removed: 0 0 (0s)
Tip
Nb Tip removed: 0 (0s)
Nb errors removed: 1 (0s)
Superbubble
Nb superbubble removed: 0 0 (0s)
Tip
Nb Tip removed: 0 (0s)
Nb errors removed: 4 (0s)
Superbubble
Nb superbubble removed: 0 0 (0s)
Tip
Nb Tip removed: 0 (0s)
Nb errors removed: 1 (0s)
Superbubble
Nb superbubble removed: 0 0 (0s)
Tip
Nb Tip removed: 0 (0s)
Checksum: 0
Checksum abundnace: 0
Generating contigs
41.1448
28.1025
23.2252
14.421
13.11
11.9182
10.8347
9.84974
8.14028
7.40025
6.11591
5.05447
4.17725
3.13843
2.59374
2.14359
0


metaMDBG toMinspace  /var/folders/zg/vq0dnx517c54hg87dyqjky740000gn/T/.tmprWAL2M/tmp/ /var/folders/zg/vq0dnx517c54hg87dyqjky740000gn/T/.tmprWAL2M/tmp//contigs.nodepath /var/folders/zg/vq0dnx517c54hg87dyqjky740000gn/T/.tmprWAL2M/tmp//unitig_data.txt --threads 10

Input dir: /var/folders/zg/vq0dnx517c54hg87dyqjky740000gn/T/.tmprWAL2M/tmp/
Minimizer length: 15
Kminmer length: 101
Density: 0.005

Loading unitig sequences

Creating mContigs

Contig filename: /var/folders/zg/vq0dnx517c54hg87dyqjky740000gn/T/.tmprWAL2M/tmp//unitig_data.txt


metaMDBG toMinspace  /var/folders/zg/vq0dnx517c54hg87dyqjky740000gn/T/.tmprWAL2M/tmp/ /var/folders/zg/vq0dnx517c54hg87dyqjky740000gn/T/.tmprWAL2M/tmp//assembly_graph.gfa.unitigs.nodepath /var/folders/zg/vq0dnx517c54hg87dyqjky740000gn/T/.tmprWAL2M/tmp//assembly_graph.gfa.unitigs --threads 10

Input dir: /var/folders/zg/vq0dnx517c54hg87dyqjky740000gn/T/.tmprWAL2M/tmp/
Minimizer length: 15
Kminmer length: 101
Density: 0.005

Loading unitig sequences

Creating mContigs

Contig filename: /var/folders/zg/vq0dnx517c54hg87dyqjky740000gn/T/.tmprWAL2M/tmp//assembly_graph.gfa.unitigs
pass done: 101
Multi-k pass: 102/205


metaMDBG graph /var/folders/zg/vq0dnx517c54hg87dyqjky740000gn/T/.tmprWAL2M/tmp/ --threads 10 --corrected-read 

Contig filename: 
Output dir: /var/folders/zg/vq0dnx517c54hg87dyqjky740000gn/T/.tmprWAL2M/tmp/
Minimizer length: 15
Kminmer length: 102
Density: 0.005
Min abundance: 0

Loading refined abundances
	Duration: 0
Collecting kminmers
Building mdbg
Duration: 0
Nb solid kminmers: 33861
Nb small contigs written: 0
Dump kminmer abundances
	Duration: 0
Indexing edges
Edge index size: 33895
Edge index elements: 62382
	Duration: 0
Compute unitig nodes
	Duration: 0
Index unitig edges
	Duration: 0
Compute unitig edges
	Duration: 0
Dump unitig abundances
	Duration: 0
Nb edges:   0


metaMDBG contig  /var/folders/zg/vq0dnx517c54hg87dyqjky740000gn/T/.tmprWAL2M/tmp/ --threads 10

Input dir: /var/folders/zg/vq0dnx517c54hg87dyqjky740000gn/T/.tmprWAL2M/tmp/
Minimizer length: 15
Kminmer length: 102
Density: 0.005

Loading unitig graph
Load unitigs
Nb unitigs: 774
Nb minimizers: 112035
Add unitig abundances
Sorting abundances
Add unitig edges
Nb unitig edges: 1482
Sorting unitig edges
Done loading unitig graph
Simplifying
Max abundance: 41
Nb unitigs: 774
Superbubble
Nb superbubble removed: 12 0 (0s)
Tip
Nb Tip removed: 267 (0s)
Superbubble
Nb superbubble removed: 46 0 (0s)
Tip
Nb Tip removed: 0 (0s)
Nb errors removed: 144 (0s)
Superbubble
Nb superbubble removed: 0 0 (0s)
Tip
Nb Tip removed: 0 (0s)
Nb errors removed: 1 (0s)
Superbubble
Nb superbubble removed: 0 0 (0s)
Tip
Nb Tip removed: 0 (0s)
Nb errors removed: 57 (0s)
Superbubble
Nb superbubble removed: 4 0 (0s)
Tip
Nb Tip removed: 0 (0s)
Nb errors removed: 44 (0s)
Superbubble
Nb superbubble removed: 0 0 (0s)
Tip
Nb Tip removed: 0 (0s)
Nb errors removed: 36 (0s)
Superbubble
Nb superbubble removed: 2 0 (0s)
Tip
Nb Tip removed: 1 (0s)
Superbubble
Nb superbubble removed: 0 0 (0s)
Tip
Nb Tip removed: 0 (0s)
Nb errors removed: 14 (0s)
Superbubble
Nb superbubble removed: 2 0 (0s)
Tip
Nb Tip removed: 0 (0s)
Nb errors removed: 21 (0s)
Superbubble
Nb superbubble removed: 0 0 (0s)
Tip
Nb Tip removed: 0 (0s)
Nb errors removed: 22 (0s)
Superbubble
Nb superbubble removed: 2 0 (0s)
Tip
Nb Tip removed: 0 (0s)
Nb errors removed: 7 (0s)
Superbubble
Nb superbubble removed: 0 0 (0s)
Tip
Nb Tip removed: 0 (0s)
Nb errors removed: 8 (0s)
Superbubble
Nb superbubble removed: 0 0 (0s)
Tip
Nb Tip removed: 0 (0s)
Nb errors removed: 10 (0s)
Superbubble
Nb superbubble removed: 0 0 (0s)
Tip
Nb Tip removed: 0 (0s)
Nb errors removed: 10 (0s)
Superbubble
Nb superbubble removed: 0 0 (0s)
Tip
Nb Tip removed: 0 (0s)
Nb errors removed: 1 (0s)
Superbubble
Nb superbubble removed: 0 0 (0s)
Tip
Nb Tip removed: 0 (0s)
Nb errors removed: 1 (0s)
Superbubble
Nb superbubble removed: 0 0 (0s)
Tip
Nb Tip removed: 0 (0s)
Nb errors removed: 6 (0s)
Superbubble
Nb superbubble removed: 0 0 (0s)
Tip
Nb Tip removed: 0 (0s)
Nb errors removed: 1 (0s)
Superbubble
Nb superbubble removed: 0 0 (0s)
Tip
Nb Tip removed: 0 (0s)
Checksum: 0
Checksum abundnace: 0
Generating contigs
41.1448
28.1025
23.2252
14.421
13.11
11.9182
10.8347
9.84974
8.14028
7.40025
6.11591
5.05447
4.17725
3.13843
2.59374
2.14359
0


metaMDBG toMinspace  /var/folders/zg/vq0dnx517c54hg87dyqjky740000gn/T/.tmprWAL2M/tmp/ /var/folders/zg/vq0dnx517c54hg87dyqjky740000gn/T/.tmprWAL2M/tmp//contigs.nodepath /var/folders/zg/vq0dnx517c54hg87dyqjky740000gn/T/.tmprWAL2M/tmp//unitig_data.txt --threads 10

Input dir: /var/folders/zg/vq0dnx517c54hg87dyqjky740000gn/T/.tmprWAL2M/tmp/
Minimizer length: 15
Kminmer length: 102
Density: 0.005

Loading unitig sequences

Creating mContigs

Contig filename: /var/folders/zg/vq0dnx517c54hg87dyqjky740000gn/T/.tmprWAL2M/tmp//unitig_data.txt
pass done: 102
Multi-k pass: 103/205


metaMDBG graph /var/folders/zg/vq0dnx517c54hg87dyqjky740000gn/T/.tmprWAL2M/tmp/ --threads 10 --corrected-read 

Contig filename: 
Output dir: /var/folders/zg/vq0dnx517c54hg87dyqjky740000gn/T/.tmprWAL2M/tmp/
Minimizer length: 15
Kminmer length: 103
Density: 0.005
Min abundance: 0

Loading refined abundances
	Duration: 0
Collecting kminmers
Building mdbg
Duration: 0
Nb solid kminmers: 33820
Nb small contigs written: 0
Dump kminmer abundances
	Duration: 0
Indexing edges
Edge index size: 33858
Edge index elements: 62340
	Duration: 0
Compute unitig nodes
	Duration: 0
Index unitig edges
	Duration: 0
Compute unitig edges
	Duration: 0
Dump unitig abundances
	Duration: 0
Nb edges:   0


metaMDBG contig  /var/folders/zg/vq0dnx517c54hg87dyqjky740000gn/T/.tmprWAL2M/tmp/ --threads 10

Input dir: /var/folders/zg/vq0dnx517c54hg87dyqjky740000gn/T/.tmprWAL2M/tmp/
Minimizer length: 15
Kminmer length: 103
Density: 0.005

Loading unitig graph
Load unitigs
Nb unitigs: 764
Nb minimizers: 111748
Add unitig abundances
Sorting abundances
Add unitig edges
Nb unitig edges: 1462
Sorting unitig edges
Done loading unitig graph
Simplifying
Max abundance: 41
Nb unitigs: 764
Superbubble
Nb superbubble removed: 12 0 (0s)
Tip
Nb Tip removed: 264 (0s)
Superbubble
Nb superbubble removed: 40 0 (0s)
Tip
Nb Tip removed: 0 (0s)
Nb errors removed: 142 (0s)
Superbubble
Nb superbubble removed: 0 0 (0s)
Tip
Nb Tip removed: 0 (0s)
Nb errors removed: 1 (0s)
Superbubble
Nb superbubble removed: 0 0 (0s)
Tip
Nb Tip removed: 0 (0s)
Nb errors removed: 58 (0s)
Superbubble
Nb superbubble removed: 6 0 (0s)
Tip
Nb Tip removed: 0 (0s)
Nb errors removed: 44 (0s)
Superbubble
Nb superbubble removed: 0 0 (0s)
Tip
Nb Tip removed: 0 (0s)
Nb errors removed: 36 (0s)
Superbubble
Nb superbubble removed: 4 0 (0s)
Tip
Nb Tip removed: 1 (0s)
Superbubble
Nb superbubble removed: 0 0 (0s)
Tip
Nb Tip removed: 0 (0s)
Nb errors removed: 14 (0s)
Superbubble
Nb superbubble removed: 2 0 (0s)
Tip
Nb Tip removed: 0 (0s)
Nb errors removed: 21 (0s)
Superbubble
Nb superbubble removed: 0 0 (0s)
Tip
Nb Tip removed: 0 (0s)
Nb errors removed: 22 (0s)
Superbubble
Nb superbubble removed: 2 0 (0s)
Tip
Nb Tip removed: 0 (0s)
Nb errors removed: 9 (0s)
Superbubble
Nb superbubble removed: 0 0 (0s)
Tip
Nb Tip removed: 0 (0s)
Nb errors removed: 8 (0s)
Superbubble
Nb superbubble removed: 0 0 (0s)
Tip
Nb Tip removed: 0 (0s)
Nb errors removed: 10 (0s)
Superbubble
Nb superbubble removed: 0 0 (0s)
Tip
Nb Tip removed: 0 (0s)
Nb errors removed: 10 (0s)
Superbubble
Nb superbubble removed: 0 0 (0s)
Tip
Nb Tip removed: 0 (0s)
Nb errors removed: 1 (0s)
Superbubble
Nb superbubble removed: 0 0 (0s)
Tip
Nb Tip removed: 0 (0s)
Nb errors removed: 1 (0s)
Superbubble
Nb superbubble removed: 0 0 (0s)
Tip
Nb Tip removed: 0 (0s)
Nb errors removed: 5 (0s)
Superbubble
Nb superbubble removed: 0 0 (0s)
Tip
Nb Tip removed: 0 (0s)
Nb errors removed: 1 (0s)
Superbubble
Nb superbubble removed: 0 0 (0s)
Tip
Nb Tip removed: 0 (0s)
Checksum: 0
Checksum abundnace: 0
Generating contigs
41.1448
28.1025
23.2252
14.421
13.11
11.9182
10.8347
9.84974
8.14028
7.40025
6.11591
5.05447
4.17725
3.13843
2.59374
2.14359
0


metaMDBG toMinspace  /var/folders/zg/vq0dnx517c54hg87dyqjky740000gn/T/.tmprWAL2M/tmp/ /var/folders/zg/vq0dnx517c54hg87dyqjky740000gn/T/.tmprWAL2M/tmp//contigs.nodepath /var/folders/zg/vq0dnx517c54hg87dyqjky740000gn/T/.tmprWAL2M/tmp//unitig_data.txt --threads 10

Input dir: /var/folders/zg/vq0dnx517c54hg87dyqjky740000gn/T/.tmprWAL2M/tmp/
Minimizer length: 15
Kminmer length: 103
Density: 0.005

Loading unitig sequences

Creating mContigs

Contig filename: /var/folders/zg/vq0dnx517c54hg87dyqjky740000gn/T/.tmprWAL2M/tmp//unitig_data.txt
pass done: 103
Multi-k pass: 104/205


metaMDBG graph /var/folders/zg/vq0dnx517c54hg87dyqjky740000gn/T/.tmprWAL2M/tmp/ --threads 10 --corrected-read 

Contig filename: 
Output dir: /var/folders/zg/vq0dnx517c54hg87dyqjky740000gn/T/.tmprWAL2M/tmp/
Minimizer length: 15
Kminmer length: 104
Density: 0.005
Min abundance: 0

Loading refined abundances
	Duration: 0
Collecting kminmers
Building mdbg
Duration: 0
Nb solid kminmers: 33780
Nb small contigs written: 0
Dump kminmer abundances
	Duration: 0
Indexing edges
Edge index size: 33818
Edge index elements: 62285
	Duration: 0
Compute unitig nodes
	Duration: 0
Index unitig edges
	Duration: 0
Compute unitig edges
	Duration: 0
Dump unitig abundances
	Duration: 0
Nb edges:   0


metaMDBG contig  /var/folders/zg/vq0dnx517c54hg87dyqjky740000gn/T/.tmprWAL2M/tmp/ --threads 10

Input dir: /var/folders/zg/vq0dnx517c54hg87dyqjky740000gn/T/.tmprWAL2M/tmp/
Minimizer length: 15
Kminmer length: 104
Density: 0.005

Loading unitig graph
Load unitigs
Nb unitigs: 763
Nb minimizers: 112369
Add unitig abundances
Sorting abundances
Add unitig edges
Nb unitig edges: 1454
Sorting unitig edges
Done loading unitig graph
Simplifying
Max abundance: 41
Nb unitigs: 763
Superbubble
Nb superbubble removed: 12 0 (0s)
Tip
Nb Tip removed: 264 (0s)
Superbubble
Nb superbubble removed: 40 0 (0s)
Tip
Nb Tip removed: 0 (0s)
Nb errors removed: 142 (0s)
Superbubble
Nb superbubble removed: 0 0 (0s)
Tip
Nb Tip removed: 0 (0s)
Nb errors removed: 1 (0s)
Superbubble
Nb superbubble removed: 0 0 (0s)
Tip
Nb Tip removed: 0 (0s)
Nb errors removed: 58 (0s)
Superbubble
Nb superbubble removed: 6 0 (0s)
Tip
Nb Tip removed: 0 (0s)
Nb errors removed: 44 (0s)
Superbubble
Nb superbubble removed: 0 0 (0s)
Tip
Nb Tip removed: 0 (0s)
Nb errors removed: 36 (0s)
Superbubble
Nb superbubble removed: 4 0 (0s)
Tip
Nb Tip removed: 1 (0s)
Superbubble
Nb superbubble removed: 0 0 (0s)
Tip
Nb Tip removed: 0 (0s)
Nb errors removed: 14 (0s)
Superbubble
Nb superbubble removed: 2 0 (0s)
Tip
Nb Tip removed: 0 (0s)
Nb errors removed: 21 (0s)
Superbubble
Nb superbubble removed: 0 0 (0s)
Tip
Nb Tip removed: 0 (0s)
Nb errors removed: 22 (0s)
Superbubble
Nb superbubble removed: 2 0 (0s)
Tip
Nb Tip removed: 0 (0s)
Nb errors removed: 9 (0s)
Superbubble
Nb superbubble removed: 0 0 (0s)
Tip
Nb Tip removed: 0 (0s)
Nb errors removed: 8 (0s)
Superbubble
Nb superbubble removed: 0 0 (0s)
Tip
Nb Tip removed: 0 (0s)
Nb errors removed: 10 (0s)
Superbubble
Nb superbubble removed: 0 0 (0s)
Tip
Nb Tip removed: 0 (0s)
Nb errors removed: 10 (0s)
Superbubble
Nb superbubble removed: 0 0 (0s)
Tip
Nb Tip removed: 0 (0s)
Nb errors removed: 1 (0s)
Superbubble
Nb superbubble removed: 0 0 (0s)
Tip
Nb Tip removed: 0 (0s)
Nb errors removed: 1 (0s)
Superbubble
Nb superbubble removed: 0 0 (0s)
Tip
Nb Tip removed: 0 (0s)
Nb errors removed: 5 (0s)
Superbubble
Nb superbubble removed: 0 0 (0s)
Tip
Nb Tip removed: 0 (0s)
Nb errors removed: 1 (0s)
Superbubble
Nb superbubble removed: 0 0 (0s)
Tip
Nb Tip removed: 0 (0s)
Checksum: 0
Checksum abundnace: 0
Generating contigs
41.1448
28.1025
23.2252
14.421
13.11
11.9182
10.8347
9.84974
8.14028
7.40025
6.11591
5.05447
4.17725
3.13843
2.59374
2.14359
0


metaMDBG toMinspace  /var/folders/zg/vq0dnx517c54hg87dyqjky740000gn/T/.tmprWAL2M/tmp/ /var/folders/zg/vq0dnx517c54hg87dyqjky740000gn/T/.tmprWAL2M/tmp//contigs.nodepath /var/folders/zg/vq0dnx517c54hg87dyqjky740000gn/T/.tmprWAL2M/tmp//unitig_data.txt --threads 10

Input dir: /var/folders/zg/vq0dnx517c54hg87dyqjky740000gn/T/.tmprWAL2M/tmp/
Minimizer length: 15
Kminmer length: 104
Density: 0.005

Loading unitig sequences

Creating mContigs

Contig filename: /var/folders/zg/vq0dnx517c54hg87dyqjky740000gn/T/.tmprWAL2M/tmp//unitig_data.txt
pass done: 104
Multi-k pass: 105/205


metaMDBG graph /var/folders/zg/vq0dnx517c54hg87dyqjky740000gn/T/.tmprWAL2M/tmp/ --threads 10 --corrected-read 

Contig filename: 
Output dir: /var/folders/zg/vq0dnx517c54hg87dyqjky740000gn/T/.tmprWAL2M/tmp/
Minimizer length: 15
Kminmer length: 105
Density: 0.005
Min abundance: 0

Loading refined abundances
	Duration: 0
Collecting kminmers
Building mdbg
Duration: 0
Nb solid kminmers: 33734
Nb small contigs written: 0
Dump kminmer abundances
	Duration: 0
Indexing edges
Edge index size: 33778
Edge index elements: 62348
	Duration: 0
Compute unitig nodes
	Duration: 0
Index unitig edges
	Duration: 0
Compute unitig edges
	Duration: 0
Dump unitig abundances
	Duration: 0
Nb edges:   0


metaMDBG contig  /var/folders/zg/vq0dnx517c54hg87dyqjky740000gn/T/.tmprWAL2M/tmp/ --threads 10

Input dir: /var/folders/zg/vq0dnx517c54hg87dyqjky740000gn/T/.tmprWAL2M/tmp/
Minimizer length: 15
Kminmer length: 105
Density: 0.005

Loading unitig graph
Load unitigs
Nb unitigs: 754
Nb minimizers: 112150
Add unitig abundances
Sorting abundances
Add unitig edges
Nb unitig edges: 1420
Sorting unitig edges
Done loading unitig graph
Simplifying
Max abundance: 41
Nb unitigs: 754
Superbubble
Nb superbubble removed: 12 0 (0s)
Tip
Nb Tip removed: 260 (0s)
Superbubble
Nb superbubble removed: 38 0 (0s)
Tip
Nb Tip removed: 0 (0s)
Nb errors removed: 140 (0s)
Superbubble
Nb superbubble removed: 0 0 (0s)
Tip
Nb Tip removed: 0 (0s)
Nb errors removed: 1 (0s)
Superbubble
Nb superbubble removed: 0 0 (0s)
Tip
Nb Tip removed: 0 (0s)
Nb errors removed: 57 (0s)
Superbubble
Nb superbubble removed: 6 0 (0s)
Tip
Nb Tip removed: 0 (0s)
Nb errors removed: 44 (0s)
Superbubble
Nb superbubble removed: 0 0 (0s)
Tip
Nb Tip removed: 0 (0s)
Nb errors removed: 36 (0s)
Superbubble
Nb superbubble removed: 4 0 (0s)
Tip
Nb Tip removed: 0 (0s)
Nb errors removed: 14 (0s)
Superbubble
Nb superbubble removed: 2 0 (0s)
Tip
Nb Tip removed: 0 (0s)
Nb errors removed: 20 (0s)
Superbubble
Nb superbubble removed: 0 0 (0s)
Tip
Nb Tip removed: 0 (0s)
Nb errors removed: 22 (0s)
Superbubble
Nb superbubble removed: 2 0 (0s)
Tip
Nb Tip removed: 0 (0s)
Nb errors removed: 10 (0s)
Superbubble
Nb superbubble removed: 0 0 (0s)
Tip
Nb Tip removed: 0 (0s)
Nb errors removed: 8 (0s)
Superbubble
Nb superbubble removed: 0 0 (0s)
Tip
Nb Tip removed: 0 (0s)
Nb errors removed: 10 (0s)
Superbubble
Nb superbubble removed: 0 0 (0s)
Tip
Nb Tip removed: 0 (0s)
Nb errors removed: 10 (0s)
Superbubble
Nb superbubble removed: 0 0 (0s)
Tip
Nb Tip removed: 0 (0s)
Nb errors removed: 1 (0s)
Superbubble
Nb superbubble removed: 0 0 (0s)
Tip
Nb Tip removed: 0 (0s)
Nb errors removed: 1 (0s)
Superbubble
Nb superbubble removed: 0 0 (0s)
Tip
Nb Tip removed: 0 (0s)
Nb errors removed: 5 (0s)
Superbubble
Nb superbubble removed: 0 0 (0s)
Tip
Nb Tip removed: 0 (0s)
Nb errors removed: 1 (0s)
Superbubble
Nb superbubble removed: 0 0 (0s)
Tip
Nb Tip removed: 0 (0s)
Checksum: 0
Checksum abundnace: 0
Generating contigs
41.1448
28.1025
23.2252
14.421
13.11
11.9182
10.8347
9.84974
8.14028
7.40025
6.11591
5.05447
4.17725
3.13843
2.59374
2.14359
0


metaMDBG toMinspace  /var/folders/zg/vq0dnx517c54hg87dyqjky740000gn/T/.tmprWAL2M/tmp/ /var/folders/zg/vq0dnx517c54hg87dyqjky740000gn/T/.tmprWAL2M/tmp//contigs.nodepath /var/folders/zg/vq0dnx517c54hg87dyqjky740000gn/T/.tmprWAL2M/tmp//unitig_data.txt --threads 10

Input dir: /var/folders/zg/vq0dnx517c54hg87dyqjky740000gn/T/.tmprWAL2M/tmp/
Minimizer length: 15
Kminmer length: 105
Density: 0.005

Loading unitig sequences

Creating mContigs

Contig filename: /var/folders/zg/vq0dnx517c54hg87dyqjky740000gn/T/.tmprWAL2M/tmp//unitig_data.txt
pass done: 105
Multi-k pass: 106/205


metaMDBG graph /var/folders/zg/vq0dnx517c54hg87dyqjky740000gn/T/.tmprWAL2M/tmp/ --threads 10 --corrected-read 

Contig filename: 
Output dir: /var/folders/zg/vq0dnx517c54hg87dyqjky740000gn/T/.tmprWAL2M/tmp/
Minimizer length: 15
Kminmer length: 106
Density: 0.005
Min abundance: 0

Loading refined abundances
	Duration: 0
Collecting kminmers
Building mdbg
Duration: 0
Nb solid kminmers: 33680
Nb small contigs written: 0
Dump kminmer abundances
	Duration: 0
Indexing edges
Edge index size: 33732
Edge index elements: 62040
	Duration: 0
Compute unitig nodes
	Duration: 0
Index unitig edges
	Duration: 0
Compute unitig edges
	Duration: 0
Dump unitig abundances
	Duration: 0
Nb edges:   0


metaMDBG contig  /var/folders/zg/vq0dnx517c54hg87dyqjky740000gn/T/.tmprWAL2M/tmp/ --threads 10

Input dir: /var/folders/zg/vq0dnx517c54hg87dyqjky740000gn/T/.tmprWAL2M/tmp/
Minimizer length: 15
Kminmer length: 106
Density: 0.005

Loading unitig graph
Load unitigs
Nb unitigs: 742
Nb minimizers: 111590
Add unitig abundances
Sorting abundances
Add unitig edges
Nb unitig edges: 1380
Sorting unitig edges
Done loading unitig graph
Simplifying
Max abundance: 41
Nb unitigs: 742
Superbubble
Nb superbubble removed: 10 0 (0s)
Tip
Nb Tip removed: 253 (0s)
Superbubble
Nb superbubble removed: 38 0 (0s)
Tip
Nb Tip removed: 0 (0s)
Nb errors removed: 138 (0s)
Superbubble
Nb superbubble removed: 0 0 (0s)
Tip
Nb Tip removed: 0 (0s)
Nb errors removed: 1 (0s)
Superbubble
Nb superbubble removed: 0 0 (0s)
Tip
Nb Tip removed: 0 (0s)
Nb errors removed: 58 (0s)
Superbubble
Nb superbubble removed: 6 0 (0s)
Tip
Nb Tip removed: 0 (0s)
Nb errors removed: 44 (0s)
Superbubble
Nb superbubble removed: 0 0 (0s)
Tip
Nb Tip removed: 0 (0s)
Nb errors removed: 36 (0s)
Superbubble
Nb superbubble removed: 4 0 (0s)
Tip
Nb Tip removed: 0 (0s)
Nb errors removed: 14 (0s)
Superbubble
Nb superbubble removed: 2 0 (0s)
Tip
Nb Tip removed: 0 (0s)
Nb errors removed: 19 (0s)
Superbubble
Nb superbubble removed: 0 0 (0s)
Tip
Nb Tip removed: 0 (0s)
Nb errors removed: 22 (0s)
Superbubble
Nb superbubble removed: 2 0 (0s)
Tip
Nb Tip removed: 0 (0s)
Nb errors removed: 10 (0s)
Superbubble
Nb superbubble removed: 0 0 (0s)
Tip
Nb Tip removed: 0 (0s)
Nb errors removed: 8 (0s)
Superbubble
Nb superbubble removed: 0 0 (0s)
Tip
Nb Tip removed: 0 (0s)
Nb errors removed: 10 (0s)
Superbubble
Nb superbubble removed: 0 0 (0s)
Tip
Nb Tip removed: 0 (0s)
Nb errors removed: 10 (0s)
Superbubble
Nb superbubble removed: 0 0 (0s)
Tip
Nb Tip removed: 0 (0s)
Nb errors removed: 1 (0s)
Superbubble
Nb superbubble removed: 0 0 (0s)
Tip
Nb Tip removed: 0 (0s)
Nb errors removed: 1 (0s)
Superbubble
Nb superbubble removed: 0 0 (0s)
Tip
Nb Tip removed: 0 (0s)
Nb errors removed: 5 (0s)
Superbubble
Nb superbubble removed: 0 0 (0s)
Tip
Nb Tip removed: 0 (0s)
Nb errors removed: 1 (0s)
Superbubble
Nb superbubble removed: 0 0 (0s)
Tip
Nb Tip removed: 0 (0s)
Checksum: 0
Checksum abundnace: 0
Generating contigs
41.1448
28.1025
23.2252
14.421
13.11
11.9182
10.8347
9.84974
8.14028
7.40025
6.11591
5.05447
4.17725
3.13843
2.59374
2.14359
0


metaMDBG toMinspace  /var/folders/zg/vq0dnx517c54hg87dyqjky740000gn/T/.tmprWAL2M/tmp/ /var/folders/zg/vq0dnx517c54hg87dyqjky740000gn/T/.tmprWAL2M/tmp//contigs.nodepath /var/folders/zg/vq0dnx517c54hg87dyqjky740000gn/T/.tmprWAL2M/tmp//unitig_data.txt --threads 10

Input dir: /var/folders/zg/vq0dnx517c54hg87dyqjky740000gn/T/.tmprWAL2M/tmp/
Minimizer length: 15
Kminmer length: 106
Density: 0.005

Loading unitig sequences

Creating mContigs

Contig filename: /var/folders/zg/vq0dnx517c54hg87dyqjky740000gn/T/.tmprWAL2M/tmp//unitig_data.txt
pass done: 106
Multi-k pass: 107/205


metaMDBG graph /var/folders/zg/vq0dnx517c54hg87dyqjky740000gn/T/.tmprWAL2M/tmp/ --threads 10 --corrected-read 

Contig filename: 
Output dir: /var/folders/zg/vq0dnx517c54hg87dyqjky740000gn/T/.tmprWAL2M/tmp/
Minimizer length: 15
Kminmer length: 107
Density: 0.005
Min abundance: 0

Loading refined abundances
	Duration: 0
Collecting kminmers
Building mdbg
Duration: 0
Nb solid kminmers: 33622
Nb small contigs written: 0
Dump kminmer abundances
	Duration: 0
Indexing edges
Edge index size: 33676
Edge index elements: 61893
	Duration: 0
Compute unitig nodes
	Duration: 0
Index unitig edges
	Duration: 0
Compute unitig edges
	Duration: 0
Dump unitig abundances
	Duration: 0
Nb edges:   0


metaMDBG contig  /var/folders/zg/vq0dnx517c54hg87dyqjky740000gn/T/.tmprWAL2M/tmp/ --threads 10

Input dir: /var/folders/zg/vq0dnx517c54hg87dyqjky740000gn/T/.tmprWAL2M/tmp/
Minimizer length: 15
Kminmer length: 107
Density: 0.005

Loading unitig graph
Load unitigs
Nb unitigs: 730
Nb minimizers: 111002
Add unitig abundances
Sorting abundances
Add unitig edges
Nb unitig edges: 1356
Sorting unitig edges
Done loading unitig graph
Simplifying
Max abundance: 41
Nb unitigs: 730
Superbubble
Nb superbubble removed: 14 0 (0s)
Tip
Nb Tip removed: 248 (0s)
Superbubble
Nb superbubble removed: 34 0 (0s)
Tip
Nb Tip removed: 0 (0s)
Nb errors removed: 137 (0s)
Superbubble
Nb superbubble removed: 0 0 (0s)
Tip
Nb Tip removed: 0 (0s)
Nb errors removed: 1 (0s)
Superbubble
Nb superbubble removed: 0 0 (0s)
Tip
Nb Tip removed: 0 (0s)
Nb errors removed: 56 (0s)
Superbubble
Nb superbubble removed: 6 0 (0s)
Tip
Nb Tip removed: 0 (0s)
Nb errors removed: 42 (0s)
Superbubble
Nb superbubble removed: 0 0 (0s)
Tip
Nb Tip removed: 0 (0s)
Nb errors removed: 36 (0s)
Superbubble
Nb superbubble removed: 4 0 (0s)
Tip
Nb Tip removed: 0 (0s)
Nb errors removed: 14 (0s)
Superbubble
Nb superbubble removed: 2 0 (0s)
Tip
Nb Tip removed: 0 (0s)
Nb errors removed: 18 (0s)
Superbubble
Nb superbubble removed: 0 0 (0s)
Tip
Nb Tip removed: 0 (0s)
Nb errors removed: 22 (0s)
Superbubble
Nb superbubble removed: 2 0 (0s)
Tip
Nb Tip removed: 0 (0s)
Nb errors removed: 10 (0s)
Superbubble
Nb superbubble removed: 0 0 (0s)
Tip
Nb Tip removed: 0 (0s)
Nb errors removed: 8 (0s)
Superbubble
Nb superbubble removed: 0 0 (0s)
Tip
Nb Tip removed: 0 (0s)
Nb errors removed: 10 (0s)
Superbubble
Nb superbubble removed: 0 0 (0s)
Tip
Nb Tip removed: 0 (0s)
Nb errors removed: 10 (0s)
Superbubble
Nb superbubble removed: 0 0 (0s)
Tip
Nb Tip removed: 0 (0s)
Nb errors removed: 1 (0s)
Superbubble
Nb superbubble removed: 0 0 (0s)
Tip
Nb Tip removed: 0 (0s)
Nb errors removed: 1 (0s)
Superbubble
Nb superbubble removed: 0 0 (0s)
Tip
Nb Tip removed: 0 (0s)
Nb errors removed: 5 (0s)
Superbubble
Nb superbubble removed: 0 0 (0s)
Tip
Nb Tip removed: 0 (0s)
Nb errors removed: 1 (0s)
Superbubble
Nb superbubble removed: 0 0 (0s)
Tip
Nb Tip removed: 0 (0s)
Checksum: 0
Checksum abundnace: 0
Generating contigs
41.1448
28.1025
23.2252
14.421
13.11
11.9182
10.8347
9.84974
8.14028
7.40025
6.11591
5.05447
4.17725
3.13843
2.59374
2.14359
0


metaMDBG toMinspace  /var/folders/zg/vq0dnx517c54hg87dyqjky740000gn/T/.tmprWAL2M/tmp/ /var/folders/zg/vq0dnx517c54hg87dyqjky740000gn/T/.tmprWAL2M/tmp//contigs.nodepath /var/folders/zg/vq0dnx517c54hg87dyqjky740000gn/T/.tmprWAL2M/tmp//unitig_data.txt --threads 10

Input dir: /var/folders/zg/vq0dnx517c54hg87dyqjky740000gn/T/.tmprWAL2M/tmp/
Minimizer length: 15
Kminmer length: 107
Density: 0.005

Loading unitig sequences

Creating mContigs

Contig filename: /var/folders/zg/vq0dnx517c54hg87dyqjky740000gn/T/.tmprWAL2M/tmp//unitig_data.txt
pass done: 107
Multi-k pass: 108/205


metaMDBG graph /var/folders/zg/vq0dnx517c54hg87dyqjky740000gn/T/.tmprWAL2M/tmp/ --threads 10 --corrected-read 

Contig filename: 
Output dir: /var/folders/zg/vq0dnx517c54hg87dyqjky740000gn/T/.tmprWAL2M/tmp/
Minimizer length: 15
Kminmer length: 108
Density: 0.005
Min abundance: 0

Loading refined abundances
	Duration: 0
Collecting kminmers
Building mdbg
Duration: 0
Nb solid kminmers: 33557
Nb small contigs written: 0
Dump kminmer abundances
	Duration: 0
Indexing edges
Edge index size: 33619
Edge index elements: 61831
	Duration: 0
Compute unitig nodes
	Duration: 0
Index unitig edges
	Duration: 0
Compute unitig edges
	Duration: 0
Dump unitig abundances
	Duration: 0
Nb edges:   0


metaMDBG contig  /var/folders/zg/vq0dnx517c54hg87dyqjky740000gn/T/.tmprWAL2M/tmp/ --threads 10

Input dir: /var/folders/zg/vq0dnx517c54hg87dyqjky740000gn/T/.tmprWAL2M/tmp/
Minimizer length: 15
Kminmer length: 108
Density: 0.005

Loading unitig graph
Load unitigs
Nb unitigs: 717
Nb minimizers: 110276
Add unitig abundances
Sorting abundances
Add unitig edges
Nb unitig edges: 1308
Sorting unitig edges
Done loading unitig graph
Simplifying
Max abundance: 41
Nb unitigs: 717
Superbubble
Nb superbubble removed: 12 0 (0s)
Tip
Nb Tip removed: 247 (0s)
Superbubble
Nb superbubble removed: 30 0 (0s)
Tip
Nb Tip removed: 0 (0s)
Nb errors removed: 134 (0s)
Superbubble
Nb superbubble removed: 0 0 (0s)
Tip
Nb Tip removed: 0 (0s)
Nb errors removed: 1 (0s)
Superbubble
Nb superbubble removed: 0 0 (0s)
Tip
Nb Tip removed: 0 (0s)
Nb errors removed: 56 (0s)
Superbubble
Nb superbubble removed: 6 0 (0s)
Tip
Nb Tip removed: 0 (0s)
Nb errors removed: 44 (0s)
Superbubble
Nb superbubble removed: 0 0 (0s)
Tip
Nb Tip removed: 0 (0s)
Nb errors removed: 35 (0s)
Superbubble
Nb superbubble removed: 2 0 (0s)
Tip
Nb Tip removed: 0 (0s)
Nb errors removed: 15 (0s)
Superbubble
Nb superbubble removed: 2 0 (0s)
Tip
Nb Tip removed: 0 (0s)
Nb errors removed: 19 (0s)
Superbubble
Nb superbubble removed: 0 0 (0s)
Tip
Nb Tip removed: 0 (0s)
Nb errors removed: 22 (0s)
Superbubble
Nb superbubble removed: 2 0 (0s)
Tip
Nb Tip removed: 0 (0s)
Nb errors removed: 9 (0s)
Superbubble
Nb superbubble removed: 0 0 (0s)
Tip
Nb Tip removed: 0 (0s)
Nb errors removed: 10 (0s)
Superbubble
Nb superbubble removed: 0 0 (0s)
Tip
Nb Tip removed: 0 (0s)
Nb errors removed: 10 (0s)
Superbubble
Nb superbubble removed: 0 0 (0s)
Tip
Nb Tip removed: 0 (0s)
Nb errors removed: 10 (0s)
Superbubble
Nb superbubble removed: 0 0 (0s)
Tip
Nb Tip removed: 0 (0s)
Nb errors removed: 1 (0s)
Superbubble
Nb superbubble removed: 0 0 (0s)
Tip
Nb Tip removed: 0 (0s)
Nb errors removed: 1 (0s)
Superbubble
Nb superbubble removed: 0 0 (0s)
Tip
Nb Tip removed: 0 (0s)
Nb errors removed: 5 (0s)
Superbubble
Nb superbubble removed: 0 0 (0s)
Tip
Nb Tip removed: 0 (0s)
Nb errors removed: 1 (0s)
Superbubble
Nb superbubble removed: 0 0 (0s)
Tip
Nb Tip removed: 0 (0s)
Checksum: 0
Checksum abundnace: 0
Generating contigs
41.1448
28.1025
23.2252
14.421
13.11
11.9182
10.8347
9.84974
8.14028
7.40025
6.11591
5.05447
4.17725
3.13843
2.59374
2.14359
0


metaMDBG toMinspace  /var/folders/zg/vq0dnx517c54hg87dyqjky740000gn/T/.tmprWAL2M/tmp/ /var/folders/zg/vq0dnx517c54hg87dyqjky740000gn/T/.tmprWAL2M/tmp//contigs.nodepath /var/folders/zg/vq0dnx517c54hg87dyqjky740000gn/T/.tmprWAL2M/tmp//unitig_data.txt --threads 10

Input dir: /var/folders/zg/vq0dnx517c54hg87dyqjky740000gn/T/.tmprWAL2M/tmp/
Minimizer length: 15
Kminmer length: 108
Density: 0.005

Loading unitig sequences

Creating mContigs

Contig filename: /var/folders/zg/vq0dnx517c54hg87dyqjky740000gn/T/.tmprWAL2M/tmp//unitig_data.txt
pass done: 108
Multi-k pass: 109/205


metaMDBG graph /var/folders/zg/vq0dnx517c54hg87dyqjky740000gn/T/.tmprWAL2M/tmp/ --threads 10 --corrected-read 

Contig filename: 
Output dir: /var/folders/zg/vq0dnx517c54hg87dyqjky740000gn/T/.tmprWAL2M/tmp/
Minimizer length: 15
Kminmer length: 109
Density: 0.005
Min abundance: 0

Loading refined abundances
	Duration: 0
Collecting kminmers
Building mdbg
Duration: 0
Nb solid kminmers: 33482
Nb small contigs written: 0
Dump kminmer abundances
	Duration: 0
Indexing edges
Edge index size: 33552
Edge index elements: 61621
	Duration: 0
Compute unitig nodes
	Duration: 0
Index unitig edges
	Duration: 0
Compute unitig edges
	Duration: 0
Dump unitig abundances
	Duration: 0
Nb edges:   0


metaMDBG contig  /var/folders/zg/vq0dnx517c54hg87dyqjky740000gn/T/.tmprWAL2M/tmp/ --threads 10

Input dir: /var/folders/zg/vq0dnx517c54hg87dyqjky740000gn/T/.tmprWAL2M/tmp/
Minimizer length: 15
Kminmer length: 109
Density: 0.005

Loading unitig graph
Load unitigs
Nb unitigs: 706
Nb minimizers: 109730
Add unitig abundances
Sorting abundances
Add unitig edges
Nb unitig edges: 1276
Sorting unitig edges
Done loading unitig graph
Simplifying
Max abundance: 41
Nb unitigs: 706
Superbubble
Nb superbubble removed: 12 0 (0s)
Tip
Nb Tip removed: 243 (0s)
Superbubble
Nb superbubble removed: 26 0 (0s)
Tip
Nb Tip removed: 0 (0s)
Nb errors removed: 133 (0s)
Superbubble
Nb superbubble removed: 0 0 (0s)
Tip
Nb Tip removed: 0 (0s)
Nb errors removed: 1 (0s)
Superbubble
Nb superbubble removed: 0 0 (0s)
Tip
Nb Tip removed: 0 (0s)
Nb errors removed: 56 (0s)
Superbubble
Nb superbubble removed: 6 0 (0s)
Tip
Nb Tip removed: 0 (0s)
Nb errors removed: 44 (0s)
Superbubble
Nb superbubble removed: 0 0 (0s)
Tip
Nb Tip removed: 0 (0s)
Nb errors removed: 35 (0s)
Superbubble
Nb superbubble removed: 2 0 (0s)
Tip
Nb Tip removed: 0 (0s)
Nb errors removed: 15 (0s)
Superbubble
Nb superbubble removed: 2 0 (0s)
Tip
Nb Tip removed: 0 (0s)
Nb errors removed: 18 (0s)
Superbubble
Nb superbubble removed: 0 0 (0s)
Tip
Nb Tip removed: 0 (0s)
Nb errors removed: 23 (0s)
Superbubble
Nb superbubble removed: 2 0 (0s)
Tip
Nb Tip removed: 0 (0s)
Nb errors removed: 9 (0s)
Superbubble
Nb superbubble removed: 0 0 (0s)
Tip
Nb Tip removed: 0 (0s)
Nb errors removed: 10 (0s)
Superbubble
Nb superbubble removed: 0 0 (0s)
Tip
Nb Tip removed: 0 (0s)
Nb errors removed: 10 (0s)
Superbubble
Nb superbubble removed: 0 0 (0s)
Tip
Nb Tip removed: 0 (0s)
Nb errors removed: 13 (0s)
Superbubble
Nb superbubble removed: 0 0 (0s)
Tip
Nb Tip removed: 0 (0s)
Nb errors removed: 1 (0s)
Superbubble
Nb superbubble removed: 0 0 (0s)
Tip
Nb Tip removed: 0 (0s)
Nb errors removed: 1 (0s)
Superbubble
Nb superbubble removed: 0 0 (0s)
Tip
Nb Tip removed: 0 (0s)
Nb errors removed: 5 (0s)
Superbubble
Nb superbubble removed: 0 0 (0s)
Tip
Nb Tip removed: 0 (0s)
Nb errors removed: 1 (0s)
Superbubble
Nb superbubble removed: 0 0 (0s)
Tip
Nb Tip removed: 0 (0s)
Checksum: 0
Checksum abundnace: 0
Generating contigs
41.1448
28.1025
23.2252
14.421
13.11
11.9182
10.8347
9.84974
8.14028
7.40025
6.11591
5.05447
4.17725
3.13843
2.59374
2.14359
0


metaMDBG toMinspace  /var/folders/zg/vq0dnx517c54hg87dyqjky740000gn/T/.tmprWAL2M/tmp/ /var/folders/zg/vq0dnx517c54hg87dyqjky740000gn/T/.tmprWAL2M/tmp//contigs.nodepath /var/folders/zg/vq0dnx517c54hg87dyqjky740000gn/T/.tmprWAL2M/tmp//unitig_data.txt --threads 10

Input dir: /var/folders/zg/vq0dnx517c54hg87dyqjky740000gn/T/.tmprWAL2M/tmp/
Minimizer length: 15
Kminmer length: 109
Density: 0.005

Loading unitig sequences

Creating mContigs

Contig filename: /var/folders/zg/vq0dnx517c54hg87dyqjky740000gn/T/.tmprWAL2M/tmp//unitig_data.txt
pass done: 109
Multi-k pass: 110/205


metaMDBG graph /var/folders/zg/vq0dnx517c54hg87dyqjky740000gn/T/.tmprWAL2M/tmp/ --threads 10 --corrected-read 

Contig filename: 
Output dir: /var/folders/zg/vq0dnx517c54hg87dyqjky740000gn/T/.tmprWAL2M/tmp/
Minimizer length: 15
Kminmer length: 110
Density: 0.005
Min abundance: 0

Loading refined abundances
	Duration: 0
Collecting kminmers
Building mdbg
Duration: 0
Nb solid kminmers: 33410
Nb small contigs written: 0
Dump kminmer abundances
	Duration: 0
Indexing edges
Edge index size: 33479
Edge index elements: 61543
	Duration: 0
Compute unitig nodes
	Duration: 0
Index unitig edges
	Duration: 0
Compute unitig edges
	Duration: 0
Dump unitig abundances
	Duration: 0
Nb edges:   0


metaMDBG contig  /var/folders/zg/vq0dnx517c54hg87dyqjky740000gn/T/.tmprWAL2M/tmp/ --threads 10

Input dir: /var/folders/zg/vq0dnx517c54hg87dyqjky740000gn/T/.tmprWAL2M/tmp/
Minimizer length: 15
Kminmer length: 110
Density: 0.005

Loading unitig graph
Load unitigs
Nb unitigs: 702
Nb minimizers: 109928
Add unitig abundances
Sorting abundances
Add unitig edges
Nb unitig edges: 1268
Sorting unitig edges
Done loading unitig graph
Simplifying
Max abundance: 41
Nb unitigs: 702
Superbubble
Nb superbubble removed: 12 0 (0s)
Tip
Nb Tip removed: 241 (0s)
Superbubble
Nb superbubble removed: 26 0 (0s)
Tip
Nb Tip removed: 0 (0s)
Nb errors removed: 132 (0s)
Superbubble
Nb superbubble removed: 0 0 (0s)
Tip
Nb Tip removed: 0 (0s)
Nb errors removed: 1 (0s)
Superbubble
Nb superbubble removed: 0 0 (0s)
Tip
Nb Tip removed: 0 (0s)
Nb errors removed: 55 (0s)
Superbubble
Nb superbubble removed: 6 0 (0s)
Tip
Nb Tip removed: 0 (0s)
Nb errors removed: 44 (0s)
Superbubble
Nb superbubble removed: 0 0 (0s)
Tip
Nb Tip removed: 0 (0s)
Nb errors removed: 35 (0s)
Superbubble
Nb superbubble removed: 2 0 (0s)
Tip
Nb Tip removed: 0 (0s)
Nb errors removed: 15 (0s)
Superbubble
Nb superbubble removed: 2 0 (0s)
Tip
Nb Tip removed: 0 (0s)
Nb errors removed: 18 (0s)
Superbubble
Nb superbubble removed: 0 0 (0s)
Tip
Nb Tip removed: 0 (0s)
Nb errors removed: 23 (0s)
Superbubble
Nb superbubble removed: 2 0 (0s)
Tip
Nb Tip removed: 0 (0s)
Nb errors removed: 9 (0s)
Superbubble
Nb superbubble removed: 0 0 (0s)
Tip
Nb Tip removed: 0 (0s)
Nb errors removed: 9 (0s)
Superbubble
Nb superbubble removed: 0 0 (0s)
Tip
Nb Tip removed: 0 (0s)
Nb errors removed: 10 (0s)
Superbubble
Nb superbubble removed: 0 0 (0s)
Tip
Nb Tip removed: 0 (0s)
Nb errors removed: 13 (0s)
Superbubble
Nb superbubble removed: 0 0 (0s)
Tip
Nb Tip removed: 0 (0s)
Nb errors removed: 1 (0s)
Superbubble
Nb superbubble removed: 0 0 (0s)
Tip
Nb Tip removed: 0 (0s)
Nb errors removed: 1 (0s)
Superbubble
Nb superbubble removed: 0 0 (0s)
Tip
Nb Tip removed: 0 (0s)
Nb errors removed: 5 (0s)
Superbubble
Nb superbubble removed: 0 0 (0s)
Tip
Nb Tip removed: 0 (0s)
Nb errors removed: 1 (0s)
Superbubble
Nb superbubble removed: 0 0 (0s)
Tip
Nb Tip removed: 0 (0s)
Checksum: 0
Checksum abundnace: 0
Generating contigs
41.1448
28.1025
23.2252
14.421
13.11
11.9182
10.8347
9.84974
8.14028
7.40025
6.11591
5.05447
4.17725
3.13843
2.59374
2.14359
0


metaMDBG toMinspace  /var/folders/zg/vq0dnx517c54hg87dyqjky740000gn/T/.tmprWAL2M/tmp/ /var/folders/zg/vq0dnx517c54hg87dyqjky740000gn/T/.tmprWAL2M/tmp//contigs.nodepath /var/folders/zg/vq0dnx517c54hg87dyqjky740000gn/T/.tmprWAL2M/tmp//unitig_data.txt --threads 10

Input dir: /var/folders/zg/vq0dnx517c54hg87dyqjky740000gn/T/.tmprWAL2M/tmp/
Minimizer length: 15
Kminmer length: 110
Density: 0.005

Loading unitig sequences

Creating mContigs

Contig filename: /var/folders/zg/vq0dnx517c54hg87dyqjky740000gn/T/.tmprWAL2M/tmp//unitig_data.txt
pass done: 110
Multi-k pass: 111/205


metaMDBG graph /var/folders/zg/vq0dnx517c54hg87dyqjky740000gn/T/.tmprWAL2M/tmp/ --threads 10 --corrected-read 

Contig filename: 
Output dir: /var/folders/zg/vq0dnx517c54hg87dyqjky740000gn/T/.tmprWAL2M/tmp/
Minimizer length: 15
Kminmer length: 111
Density: 0.005
Min abundance: 0

Loading refined abundances
	Duration: 0
Collecting kminmers
Building mdbg
Duration: 0
Nb solid kminmers: 33340
Nb small contigs written: 0
Dump kminmer abundances
	Duration: 0
Indexing edges
Edge index size: 33402
Edge index elements: 61284
	Duration: 0
Compute unitig nodes
	Duration: 0
Index unitig edges
	Duration: 0
Compute unitig edges
	Duration: 0
Dump unitig abundances
	Duration: 0
Nb edges:   0


metaMDBG contig  /var/folders/zg/vq0dnx517c54hg87dyqjky740000gn/T/.tmprWAL2M/tmp/ --threads 10 --gen-graph 

Input dir: /var/folders/zg/vq0dnx517c54hg87dyqjky740000gn/T/.tmprWAL2M/tmp/
Minimizer length: 15
Kminmer length: 111
Density: 0.005

Loading unitig graph
Load unitigs
Nb unitigs: 691
Nb minimizers: 109350
Add unitig abundances
Sorting abundances
Add unitig edges
Nb unitig edges: 1266
Sorting unitig edges
Done loading unitig graph
Simplifying
Max abundance: 41
Nb unitigs: 691
Superbubble
Nb superbubble removed: 12 0 (0s)
Tip
Nb Tip removed: 240 (0s)
Superbubble
Nb superbubble removed: 24 0 (0s)
Tip
Nb Tip removed: 0 (0s)
Saving unitig graph: /var/folders/zg/vq0dnx517c54hg87dyqjky740000gn/T/.tmprWAL2M/tmp//assembly_graph.gfa
Nb errors removed: 130 (0s)
Superbubble
Nb superbubble removed: 0 0 (0s)
Tip
Nb Tip removed: 0 (0s)
Nb errors removed: 1 (0s)
Superbubble
Nb superbubble removed: 0 0 (0s)
Tip
Nb Tip removed: 0 (0s)
Nb errors removed: 54 (0s)
Superbubble
Nb superbubble removed: 8 0 (0s)
Tip
Nb Tip removed: 0 (0s)
Nb errors removed: 43 (0s)
Superbubble
Nb superbubble removed: 0 0 (0s)
Tip
Nb Tip removed: 0 (0s)
Nb errors removed: 33 (0s)
Superbubble
Nb superbubble removed: 2 0 (0s)
Tip
Nb Tip removed: 0 (0s)
Nb errors removed: 15 (0s)
Superbubble
Nb superbubble removed: 2 0 (0s)
Tip
Nb Tip removed: 0 (0s)
Nb errors removed: 18 (0s)
Superbubble
Nb superbubble removed: 0 0 (0s)
Tip
Nb Tip removed: 0 (0s)
Nb errors removed: 23 (0s)
Superbubble
Nb superbubble removed: 2 0 (0s)
Tip
Nb Tip removed: 0 (0s)
Nb errors removed: 9 (0s)
Superbubble
Nb superbubble removed: 0 0 (0s)
Tip
Nb Tip removed: 0 (0s)
Nb errors removed: 8 (0s)
Superbubble
Nb superbubble removed: 0 0 (0s)
Tip
Nb Tip removed: 0 (0s)
Nb errors removed: 9 (0s)
Superbubble
Nb superbubble removed: 0 0 (0s)
Tip
Nb Tip removed: 0 (0s)
Nb errors removed: 13 (0s)
Superbubble
Nb superbubble removed: 0 0 (0s)
Tip
Nb Tip removed: 0 (0s)
Nb errors removed: 1 (0s)
Superbubble
Nb superbubble removed: 0 0 (0s)
Tip
Nb Tip removed: 0 (0s)
Nb errors removed: 1 (0s)
Superbubble
Nb superbubble removed: 0 0 (0s)
Tip
Nb Tip removed: 0 (0s)
Nb errors removed: 5 (0s)
Superbubble
Nb superbubble removed: 0 0 (0s)
Tip
Nb Tip removed: 0 (0s)
Nb errors removed: 1 (0s)
Superbubble
Nb superbubble removed: 0 0 (0s)
Tip
Nb Tip removed: 0 (0s)
Checksum: 0
Checksum abundnace: 0
Generating contigs
41.1448
28.1025
23.2252
14.421
13.11
11.9182
10.8347
9.84974
8.14028
7.40025
6.11591
5.05447
4.17725
3.13843
2.59374
2.14359
0


metaMDBG toMinspace  /var/folders/zg/vq0dnx517c54hg87dyqjky740000gn/T/.tmprWAL2M/tmp/ /var/folders/zg/vq0dnx517c54hg87dyqjky740000gn/T/.tmprWAL2M/tmp//contigs.nodepath /var/folders/zg/vq0dnx517c54hg87dyqjky740000gn/T/.tmprWAL2M/tmp//unitig_data.txt --threads 10

Input dir: /var/folders/zg/vq0dnx517c54hg87dyqjky740000gn/T/.tmprWAL2M/tmp/
Minimizer length: 15
Kminmer length: 111
Density: 0.005

Loading unitig sequences

Creating mContigs

Contig filename: /var/folders/zg/vq0dnx517c54hg87dyqjky740000gn/T/.tmprWAL2M/tmp//unitig_data.txt


metaMDBG toMinspace  /var/folders/zg/vq0dnx517c54hg87dyqjky740000gn/T/.tmprWAL2M/tmp/ /var/folders/zg/vq0dnx517c54hg87dyqjky740000gn/T/.tmprWAL2M/tmp//assembly_graph.gfa.unitigs.nodepath /var/folders/zg/vq0dnx517c54hg87dyqjky740000gn/T/.tmprWAL2M/tmp//assembly_graph.gfa.unitigs --threads 10

Input dir: /var/folders/zg/vq0dnx517c54hg87dyqjky740000gn/T/.tmprWAL2M/tmp/
Minimizer length: 15
Kminmer length: 111
Density: 0.005

Loading unitig sequences

Creating mContigs

Contig filename: /var/folders/zg/vq0dnx517c54hg87dyqjky740000gn/T/.tmprWAL2M/tmp//assembly_graph.gfa.unitigs
pass done: 111
Multi-k pass: 112/205


metaMDBG graph /var/folders/zg/vq0dnx517c54hg87dyqjky740000gn/T/.tmprWAL2M/tmp/ --threads 10 --corrected-read 

Contig filename: 
Output dir: /var/folders/zg/vq0dnx517c54hg87dyqjky740000gn/T/.tmprWAL2M/tmp/
Minimizer length: 15
Kminmer length: 112
Density: 0.005
Min abundance: 0

Loading refined abundances
	Duration: 0
Collecting kminmers
Building mdbg
Duration: 0
Nb solid kminmers: 33270
Nb small contigs written: 0
Dump kminmer abundances
	Duration: 0
Indexing edges
Edge index size: 33338
Edge index elements: 61065
	Duration: 0
Compute unitig nodes
	Duration: 0
Index unitig edges
	Duration: 0
Compute unitig edges
	Duration: 0
Dump unitig abundances
	Duration: 0
Nb edges:   0


metaMDBG contig  /var/folders/zg/vq0dnx517c54hg87dyqjky740000gn/T/.tmprWAL2M/tmp/ --threads 10

Input dir: /var/folders/zg/vq0dnx517c54hg87dyqjky740000gn/T/.tmprWAL2M/tmp/
Minimizer length: 15
Kminmer length: 112
Density: 0.005

Loading unitig graph
Load unitigs
Nb unitigs: 681
Nb minimizers: 108861
Add unitig abundances
Sorting abundances
Add unitig edges
Nb unitig edges: 1228
Sorting unitig edges
Done loading unitig graph
Simplifying
Max abundance: 41
Nb unitigs: 681
Superbubble
Nb superbubble removed: 12 0 (0s)
Tip
Nb Tip removed: 233 (0s)
Superbubble
Nb superbubble removed: 26 0 (0s)
Tip
Nb Tip removed: 0 (0s)
Nb errors removed: 128 (0s)
Superbubble
Nb superbubble removed: 0 0 (0s)
Tip
Nb Tip removed: 0 (0s)
Nb errors removed: 1 (0s)
Superbubble
Nb superbubble removed: 0 0 (0s)
Tip
Nb Tip removed: 0 (0s)
Nb errors removed: 55 (0s)
Superbubble
Nb superbubble removed: 6 0 (0s)
Tip
Nb Tip removed: 0 (0s)
Nb errors removed: 41 (0s)
Superbubble
Nb superbubble removed: 0 0 (0s)
Tip
Nb Tip removed: 0 (0s)
Nb errors removed: 33 (0s)
Superbubble
Nb superbubble removed: 2 0 (0s)
Tip
Nb Tip removed: 0 (0s)
Nb errors removed: 14 (0s)
Superbubble
Nb superbubble removed: 2 0 (0s)
Tip
Nb Tip removed: 0 (0s)
Nb errors removed: 18 (0s)
Superbubble
Nb superbubble removed: 0 0 (0s)
Tip
Nb Tip removed: 0 (0s)
Nb errors removed: 22 (0s)
Superbubble
Nb superbubble removed: 2 0 (0s)
Tip
Nb Tip removed: 0 (0s)
Nb errors removed: 10 (0s)
Superbubble
Nb superbubble removed: 0 0 (0s)
Tip
Nb Tip removed: 0 (0s)
Nb errors removed: 8 (0s)
Superbubble
Nb superbubble removed: 0 0 (0s)
Tip
Nb Tip removed: 0 (0s)
Nb errors removed: 9 (0s)
Superbubble
Nb superbubble removed: 0 0 (0s)
Tip
Nb Tip removed: 0 (0s)
Nb errors removed: 13 (0s)
Superbubble
Nb superbubble removed: 0 0 (0s)
Tip
Nb Tip removed: 0 (0s)
Nb errors removed: 1 (0s)
Superbubble
Nb superbubble removed: 0 0 (0s)
Tip
Nb Tip removed: 0 (0s)
Nb errors removed: 1 (0s)
Superbubble
Nb superbubble removed: 0 0 (0s)
Tip
Nb Tip removed: 0 (0s)
Nb errors removed: 5 (0s)
Superbubble
Nb superbubble removed: 0 0 (0s)
Tip
Nb Tip removed: 0 (0s)
Nb errors removed: 1 (0s)
Superbubble
Nb superbubble removed: 0 0 (0s)
Tip
Nb Tip removed: 0 (0s)
Checksum: 0
Checksum abundnace: 0
Generating contigs
41.1448
28.1025
23.2252
14.421
13.11
11.9182
10.8347
9.84974
8.14028
7.40025
6.11591
5.05447
4.17725
3.13843
2.59374
2.14359
0


metaMDBG toMinspace  /var/folders/zg/vq0dnx517c54hg87dyqjky740000gn/T/.tmprWAL2M/tmp/ /var/folders/zg/vq0dnx517c54hg87dyqjky740000gn/T/.tmprWAL2M/tmp//contigs.nodepath /var/folders/zg/vq0dnx517c54hg87dyqjky740000gn/T/.tmprWAL2M/tmp//unitig_data.txt --threads 10

Input dir: /var/folders/zg/vq0dnx517c54hg87dyqjky740000gn/T/.tmprWAL2M/tmp/
Minimizer length: 15
Kminmer length: 112
Density: 0.005

Loading unitig sequences

Creating mContigs

Contig filename: /var/folders/zg/vq0dnx517c54hg87dyqjky740000gn/T/.tmprWAL2M/tmp//unitig_data.txt
pass done: 112
Multi-k pass: 113/205


metaMDBG graph /var/folders/zg/vq0dnx517c54hg87dyqjky740000gn/T/.tmprWAL2M/tmp/ --threads 10 --corrected-read 

Contig filename: 
Output dir: /var/folders/zg/vq0dnx517c54hg87dyqjky740000gn/T/.tmprWAL2M/tmp/
Minimizer length: 15
Kminmer length: 113
Density: 0.005
Min abundance: 0

Loading refined abundances
	Duration: 0
Collecting kminmers
Building mdbg
Duration: 0
Nb solid kminmers: 33190
Nb small contigs written: 0
Dump kminmer abundances
	Duration: 0
Indexing edges
Edge index size: 33259
Edge index elements: 61103
	Duration: 0
Compute unitig nodes
	Duration: 0
Index unitig edges
	Duration: 0
Compute unitig edges
	Duration: 0
Dump unitig abundances
	Duration: 0
Nb edges:   0


metaMDBG contig  /var/folders/zg/vq0dnx517c54hg87dyqjky740000gn/T/.tmprWAL2M/tmp/ --threads 10

Input dir: /var/folders/zg/vq0dnx517c54hg87dyqjky740000gn/T/.tmprWAL2M/tmp/
Minimizer length: 15
Kminmer length: 113
Density: 0.005

Loading unitig graph
Load unitigs
Nb unitigs: 679
Nb minimizers: 109238
Add unitig abundances
Sorting abundances
Add unitig edges
Nb unitig edges: 1224
Sorting unitig edges
Done loading unitig graph
Simplifying
Max abundance: 41
Nb unitigs: 679
Superbubble
Nb superbubble removed: 12 0 (0s)
Tip
Nb Tip removed: 239 (0s)
Superbubble
Nb superbubble removed: 24 0 (0s)
Tip
Nb Tip removed: 0 (0s)
Nb errors removed: 127 (0s)
Superbubble
Nb superbubble removed: 0 0 (0s)
Tip
Nb Tip removed: 0 (0s)
Nb errors removed: 1 (0s)
Superbubble
Nb superbubble removed: 0 0 (0s)
Tip
Nb Tip removed: 0 (0s)
Nb errors removed: 56 (0s)
Superbubble
Nb superbubble removed: 2 0 (0s)
Tip
Nb Tip removed: 0 (0s)
Nb errors removed: 41 (0s)
Superbubble
Nb superbubble removed: 0 0 (0s)
Tip
Nb Tip removed: 0 (0s)
Nb errors removed: 32 (0s)
Superbubble
Nb superbubble removed: 2 0 (0s)
Tip
Nb Tip removed: 0 (0s)
Nb errors removed: 14 (0s)
Superbubble
Nb superbubble removed: 2 0 (0s)
Tip
Nb Tip removed: 0 (0s)
Nb errors removed: 19 (0s)
Superbubble
Nb superbubble removed: 0 0 (0s)
Tip
Nb Tip removed: 0 (0s)
Nb errors removed: 21 (0s)
Superbubble
Nb superbubble removed: 2 0 (0s)
Tip
Nb Tip removed: 0 (0s)
Nb errors removed: 10 (0s)
Superbubble
Nb superbubble removed: 0 0 (0s)
Tip
Nb Tip removed: 0 (0s)
Nb errors removed: 9 (0s)
Superbubble
Nb superbubble removed: 0 0 (0s)
Tip
Nb Tip removed: 0 (0s)
Nb errors removed: 9 (0s)
Superbubble
Nb superbubble removed: 0 0 (0s)
Tip
Nb Tip removed: 0 (0s)
Nb errors removed: 16 (0s)
Superbubble
Nb superbubble removed: 0 0 (0s)
Tip
Nb Tip removed: 0 (0s)
Nb errors removed: 1 (0s)
Superbubble
Nb superbubble removed: 0 0 (0s)
Tip
Nb Tip removed: 0 (0s)
Nb errors removed: 1 (0s)
Superbubble
Nb superbubble removed: 0 0 (0s)
Tip
Nb Tip removed: 0 (0s)
Nb errors removed: 5 (0s)
Superbubble
Nb superbubble removed: 0 0 (0s)
Tip
Nb Tip removed: 0 (0s)
Nb errors removed: 1 (0s)
Superbubble
Nb superbubble removed: 0 0 (0s)
Tip
Nb Tip removed: 0 (0s)
Checksum: 0
Checksum abundnace: 0
Generating contigs
41.1448
28.1025
23.2252
14.421
13.11
11.9182
10.8347
9.84974
8.14028
7.40025
6.11591
5.05447
4.17725
3.13843
2.59374
2.14359
0


metaMDBG toMinspace  /var/folders/zg/vq0dnx517c54hg87dyqjky740000gn/T/.tmprWAL2M/tmp/ /var/folders/zg/vq0dnx517c54hg87dyqjky740000gn/T/.tmprWAL2M/tmp//contigs.nodepath /var/folders/zg/vq0dnx517c54hg87dyqjky740000gn/T/.tmprWAL2M/tmp//unitig_data.txt --threads 10

Input dir: /var/folders/zg/vq0dnx517c54hg87dyqjky740000gn/T/.tmprWAL2M/tmp/
Minimizer length: 15
Kminmer length: 113
Density: 0.005

Loading unitig sequences

Creating mContigs

Contig filename: /var/folders/zg/vq0dnx517c54hg87dyqjky740000gn/T/.tmprWAL2M/tmp//unitig_data.txt
pass done: 113
Multi-k pass: 114/205


metaMDBG graph /var/folders/zg/vq0dnx517c54hg87dyqjky740000gn/T/.tmprWAL2M/tmp/ --threads 10 --corrected-read 

Contig filename: 
Output dir: /var/folders/zg/vq0dnx517c54hg87dyqjky740000gn/T/.tmprWAL2M/tmp/
Minimizer length: 15
Kminmer length: 114
Density: 0.005
Min abundance: 0

Loading refined abundances
	Duration: 0
Collecting kminmers
Building mdbg
Duration: 0
Nb solid kminmers: 33097
Nb small contigs written: 0
Dump kminmer abundances
	Duration: 0
Indexing edges
Edge index size: 33168
Edge index elements: 60860
	Duration: 0
Compute unitig nodes
	Duration: 0
Index unitig edges
	Duration: 0
Compute unitig edges
	Duration: 0
Dump unitig abundances
	Duration: 0
Nb edges:   0


metaMDBG contig  /var/folders/zg/vq0dnx517c54hg87dyqjky740000gn/T/.tmprWAL2M/tmp/ --threads 10

Input dir: /var/folders/zg/vq0dnx517c54hg87dyqjky740000gn/T/.tmprWAL2M/tmp/
Minimizer length: 15
Kminmer length: 114
Density: 0.005

Loading unitig graph
Load unitigs
Nb unitigs: 666
Nb minimizers: 108355
Add unitig abundances
Sorting abundances
Add unitig edges
Nb unitig edges: 1196
Sorting unitig edges
Done loading unitig graph
Simplifying
Max abundance: 41
Nb unitigs: 666
Superbubble
Nb superbubble removed: 14 0 (0s)
Tip
Nb Tip removed: 237 (0s)
Superbubble
Nb superbubble removed: 18 0 (0s)
Tip
Nb Tip removed: 0 (0s)
Nb errors removed: 123 (0s)
Superbubble
Nb superbubble removed: 0 0 (0s)
Tip
Nb Tip removed: 0 (0s)
Nb errors removed: 1 (0s)
Superbubble
Nb superbubble removed: 0 0 (0s)
Tip
Nb Tip removed: 0 (0s)
Nb errors removed: 56 (0s)
Superbubble
Nb superbubble removed: 0 0 (0s)
Tip
Nb Tip removed: 0 (0s)
Nb errors removed: 41 (0s)
Superbubble
Nb superbubble removed: 0 0 (0s)
Tip
Nb Tip removed: 0 (0s)
Nb errors removed: 32 (0s)
Superbubble
Nb superbubble removed: 2 0 (0s)
Tip
Nb Tip removed: 0 (0s)
Nb errors removed: 17 (0s)
Superbubble
Nb superbubble removed: 2 0 (0s)
Tip
Nb Tip removed: 0 (0s)
Nb errors removed: 19 (0s)
Superbubble
Nb superbubble removed: 0 0 (0s)
Tip
Nb Tip removed: 0 (0s)
Nb errors removed: 20 (0s)
Superbubble
Nb superbubble removed: 2 0 (0s)
Tip
Nb Tip removed: 0 (0s)
Nb errors removed: 10 (0s)
Superbubble
Nb superbubble removed: 0 0 (0s)
Tip
Nb Tip removed: 0 (0s)
Nb errors removed: 9 (0s)
Superbubble
Nb superbubble removed: 2 0 (0s)
Tip
Nb Tip removed: 0 (0s)
Nb errors removed: 10 (0s)
Superbubble
Nb superbubble removed: 0 0 (0s)
Tip
Nb Tip removed: 0 (0s)
Nb errors removed: 16 (0s)
Superbubble
Nb superbubble removed: 0 0 (0s)
Tip
Nb Tip removed: 0 (0s)
Nb errors removed: 1 (0s)
Superbubble
Nb superbubble removed: 0 0 (0s)
Tip
Nb Tip removed: 0 (0s)
Nb errors removed: 1 (0s)
Superbubble
Nb superbubble removed: 0 0 (0s)
Tip
Nb Tip removed: 0 (0s)
Nb errors removed: 4 (0s)
Superbubble
Nb superbubble removed: 0 0 (0s)
Tip
Nb Tip removed: 0 (0s)
Nb errors removed: 1 (0s)
Superbubble
Nb superbubble removed: 0 0 (0s)
Tip
Nb Tip removed: 0 (0s)
Checksum: 0
Checksum abundnace: 0
Generating contigs
41.1448
28.1025
23.2252
14.421
13.11
11.9182
10.8347
9.84974
8.14028
7.40025
6.11591
5.05447
4.17725
3.13843
2.59374
2.14359
0


metaMDBG toMinspace  /var/folders/zg/vq0dnx517c54hg87dyqjky740000gn/T/.tmprWAL2M/tmp/ /var/folders/zg/vq0dnx517c54hg87dyqjky740000gn/T/.tmprWAL2M/tmp//contigs.nodepath /var/folders/zg/vq0dnx517c54hg87dyqjky740000gn/T/.tmprWAL2M/tmp//unitig_data.txt --threads 10

Input dir: /var/folders/zg/vq0dnx517c54hg87dyqjky740000gn/T/.tmprWAL2M/tmp/
Minimizer length: 15
Kminmer length: 114
Density: 0.005

Loading unitig sequences

Creating mContigs

Contig filename: /var/folders/zg/vq0dnx517c54hg87dyqjky740000gn/T/.tmprWAL2M/tmp//unitig_data.txt
pass done: 114
Multi-k pass: 115/205


metaMDBG graph /var/folders/zg/vq0dnx517c54hg87dyqjky740000gn/T/.tmprWAL2M/tmp/ --threads 10 --corrected-read 

Contig filename: 
Output dir: /var/folders/zg/vq0dnx517c54hg87dyqjky740000gn/T/.tmprWAL2M/tmp/
Minimizer length: 15
Kminmer length: 115
Density: 0.005
Min abundance: 0

Loading refined abundances
	Duration: 0
Collecting kminmers
Building mdbg
Duration: 0
Nb solid kminmers: 33021
Nb small contigs written: 0
Dump kminmer abundances
	Duration: 0
Indexing edges
Edge index size: 33095
Edge index elements: 60793
	Duration: 0
Compute unitig nodes
	Duration: 0
Index unitig edges
	Duration: 0
Compute unitig edges
	Duration: 0
Dump unitig abundances
	Duration: 0
Nb edges:   0


metaMDBG contig  /var/folders/zg/vq0dnx517c54hg87dyqjky740000gn/T/.tmprWAL2M/tmp/ --threads 10

Input dir: /var/folders/zg/vq0dnx517c54hg87dyqjky740000gn/T/.tmprWAL2M/tmp/
Minimizer length: 15
Kminmer length: 115
Density: 0.005

Loading unitig graph
Load unitigs
Nb unitigs: 661
Nb minimizers: 108375
Add unitig abundances
Sorting abundances
Add unitig edges
Nb unitig edges: 1176
Sorting unitig edges
Done loading unitig graph
Simplifying
Max abundance: 41
Nb unitigs: 661
Superbubble
Nb superbubble removed: 12 0 (0s)
Tip
Nb Tip removed: 236 (0s)
Superbubble
Nb superbubble removed: 16 0 (0s)
Tip
Nb Tip removed: 0 (0s)
Nb errors removed: 122 (0s)
Superbubble
Nb superbubble removed: 0 0 (0s)
Tip
Nb Tip removed: 0 (0s)
Nb errors removed: 1 (0s)
Superbubble
Nb superbubble removed: 0 0 (0s)
Tip
Nb Tip removed: 0 (0s)
Nb errors removed: 57 (0s)
Superbubble
Nb superbubble removed: 0 0 (0s)
Tip
Nb Tip removed: 0 (0s)
Nb errors removed: 42 (0s)
Superbubble
Nb superbubble removed: 0 0 (0s)
Tip
Nb Tip removed: 0 (0s)
Nb errors removed: 32 (0s)
Superbubble
Nb superbubble removed: 2 0 (0s)
Tip
Nb Tip removed: 0 (0s)
Nb errors removed: 17 (0s)
Superbubble
Nb superbubble removed: 2 0 (0s)
Tip
Nb Tip removed: 0 (0s)
Nb errors removed: 19 (0s)
Superbubble
Nb superbubble removed: 0 0 (0s)
Tip
Nb Tip removed: 0 (0s)
Nb errors removed: 19 (0s)
Superbubble
Nb superbubble removed: 2 0 (0s)
Tip
Nb Tip removed: 0 (0s)
Nb errors removed: 10 (0s)
Superbubble
Nb superbubble removed: 0 0 (0s)
Tip
Nb Tip removed: 0 (0s)
Nb errors removed: 8 (0s)
Superbubble
Nb superbubble removed: 2 0 (0s)
Tip
Nb Tip removed: 0 (0s)
Nb errors removed: 10 (0s)
Superbubble
Nb superbubble removed: 0 0 (0s)
Tip
Nb Tip removed: 0 (0s)
Nb errors removed: 16 (0s)
Superbubble
Nb superbubble removed: 0 0 (0s)
Tip
Nb Tip removed: 0 (0s)
Nb errors removed: 1 (0s)
Superbubble
Nb superbubble removed: 0 0 (0s)
Tip
Nb Tip removed: 0 (0s)
Nb errors removed: 1 (0s)
Superbubble
Nb superbubble removed: 0 0 (0s)
Tip
Nb Tip removed: 0 (0s)
Nb errors removed: 4 (0s)
Superbubble
Nb superbubble removed: 0 0 (0s)
Tip
Nb Tip removed: 0 (0s)
Nb errors removed: 1 (0s)
Superbubble
Nb superbubble removed: 0 0 (0s)
Tip
Nb Tip removed: 0 (0s)
Checksum: 0
Checksum abundnace: 0
Generating contigs
41.1448
28.1025
23.2252
14.421
13.11
11.9182
10.8347
9.84974
8.14028
7.40025
6.11591
5.05447
4.17725
3.13843
2.59374
2.14359
0


metaMDBG toMinspace  /var/folders/zg/vq0dnx517c54hg87dyqjky740000gn/T/.tmprWAL2M/tmp/ /var/folders/zg/vq0dnx517c54hg87dyqjky740000gn/T/.tmprWAL2M/tmp//contigs.nodepath /var/folders/zg/vq0dnx517c54hg87dyqjky740000gn/T/.tmprWAL2M/tmp//unitig_data.txt --threads 10

Input dir: /var/folders/zg/vq0dnx517c54hg87dyqjky740000gn/T/.tmprWAL2M/tmp/
Minimizer length: 15
Kminmer length: 115
Density: 0.005

Loading unitig sequences

Creating mContigs

Contig filename: /var/folders/zg/vq0dnx517c54hg87dyqjky740000gn/T/.tmprWAL2M/tmp//unitig_data.txt
pass done: 115
Multi-k pass: 116/205


metaMDBG graph /var/folders/zg/vq0dnx517c54hg87dyqjky740000gn/T/.tmprWAL2M/tmp/ --threads 10 --corrected-read 

Contig filename: 
Output dir: /var/folders/zg/vq0dnx517c54hg87dyqjky740000gn/T/.tmprWAL2M/tmp/
Minimizer length: 15
Kminmer length: 116
Density: 0.005
Min abundance: 0

Loading refined abundances
	Duration: 0
Collecting kminmers
Building mdbg
Duration: 0
Nb solid kminmers: 32944
Nb small contigs written: 0
Dump kminmer abundances
	Duration: 0
Indexing edges
Edge index size: 33018
Edge index elements: 60618
	Duration: 0
Compute unitig nodes
	Duration: 0
Index unitig edges
	Duration: 0
Compute unitig edges
	Duration: 0
Dump unitig abundances
	Duration: 0
Nb edges:   0


metaMDBG contig  /var/folders/zg/vq0dnx517c54hg87dyqjky740000gn/T/.tmprWAL2M/tmp/ --threads 10

Input dir: /var/folders/zg/vq0dnx517c54hg87dyqjky740000gn/T/.tmprWAL2M/tmp/
Minimizer length: 15
Kminmer length: 116
Density: 0.005

Loading unitig graph
Load unitigs
Nb unitigs: 654
Nb minimizers: 108154
Add unitig abundances
Sorting abundances
Add unitig edges
Nb unitig edges: 1160
Sorting unitig edges
Done loading unitig graph
Simplifying
Max abundance: 41
Nb unitigs: 654
Superbubble
Nb superbubble removed: 10 0 (0s)
Tip
Nb Tip removed: 234 (0s)
Superbubble
Nb superbubble removed: 18 0 (0s)
Tip
Nb Tip removed: 0 (0s)
Nb errors removed: 121 (0s)
Superbubble
Nb superbubble removed: 0 0 (0s)
Tip
Nb Tip removed: 0 (0s)
Nb errors removed: 1 (0s)
Superbubble
Nb superbubble removed: 0 0 (0s)
Tip
Nb Tip removed: 0 (0s)
Nb errors removed: 55 (0s)
Superbubble
Nb superbubble removed: 0 0 (0s)
Tip
Nb Tip removed: 0 (0s)
Nb errors removed: 42 (0s)
Superbubble
Nb superbubble removed: 0 0 (0s)
Tip
Nb Tip removed: 0 (0s)
Nb errors removed: 33 (0s)
Superbubble
Nb superbubble removed: 4 0 (0s)
Tip
Nb Tip removed: 0 (0s)
Nb errors removed: 16 (0s)
Superbubble
Nb superbubble removed: 0 0 (0s)
Tip
Nb Tip removed: 0 (0s)
Nb errors removed: 19 (0s)
Superbubble
Nb superbubble removed: 0 0 (0s)
Tip
Nb Tip removed: 0 (0s)
Nb errors removed: 20 (0s)
Superbubble
Nb superbubble removed: 2 0 (0s)
Tip
Nb Tip removed: 0 (0s)
Nb errors removed: 10 (0s)
Superbubble
Nb superbubble removed: 0 0 (0s)
Tip
Nb Tip removed: 0 (0s)
Nb errors removed: 7 (0s)
Superbubble
Nb superbubble removed: 2 0 (0s)
Tip
Nb Tip removed: 0 (0s)
Nb errors removed: 10 (0s)
Superbubble
Nb superbubble removed: 0 0 (0s)
Tip
Nb Tip removed: 0 (0s)
Nb errors removed: 16 (0s)
Superbubble
Nb superbubble removed: 0 0 (0s)
Tip
Nb Tip removed: 0 (0s)
Nb errors removed: 1 (0s)
Superbubble
Nb superbubble removed: 0 0 (0s)
Tip
Nb Tip removed: 0 (0s)
Nb errors removed: 1 (0s)
Superbubble
Nb superbubble removed: 0 0 (0s)
Tip
Nb Tip removed: 0 (0s)
Nb errors removed: 4 (0s)
Superbubble
Nb superbubble removed: 0 0 (0s)
Tip
Nb Tip removed: 0 (0s)
Nb errors removed: 1 (0s)
Superbubble
Nb superbubble removed: 0 0 (0s)
Tip
Nb Tip removed: 0 (0s)
Checksum: 0
Checksum abundnace: 0
Generating contigs
41.1448
28.1025
23.2252
14.421
13.11
11.9182
10.8347
9.84974
8.14028
7.40025
6.11591
5.05447
4.17725
3.13843
2.59374
2.14359
0


metaMDBG toMinspace  /var/folders/zg/vq0dnx517c54hg87dyqjky740000gn/T/.tmprWAL2M/tmp/ /var/folders/zg/vq0dnx517c54hg87dyqjky740000gn/T/.tmprWAL2M/tmp//contigs.nodepath /var/folders/zg/vq0dnx517c54hg87dyqjky740000gn/T/.tmprWAL2M/tmp//unitig_data.txt --threads 10

Input dir: /var/folders/zg/vq0dnx517c54hg87dyqjky740000gn/T/.tmprWAL2M/tmp/
Minimizer length: 15
Kminmer length: 116
Density: 0.005

Loading unitig sequences

Creating mContigs

Contig filename: /var/folders/zg/vq0dnx517c54hg87dyqjky740000gn/T/.tmprWAL2M/tmp//unitig_data.txt
pass done: 116
Multi-k pass: 117/205


metaMDBG graph /var/folders/zg/vq0dnx517c54hg87dyqjky740000gn/T/.tmprWAL2M/tmp/ --threads 10 --corrected-read 

Contig filename: 
Output dir: /var/folders/zg/vq0dnx517c54hg87dyqjky740000gn/T/.tmprWAL2M/tmp/
Minimizer length: 15
Kminmer length: 117
Density: 0.005
Min abundance: 0

Loading refined abundances
	Duration: 0
Collecting kminmers
Building mdbg
Duration: 0
Nb solid kminmers: 32862
Nb small contigs written: 0
Dump kminmer abundances
	Duration: 0
Indexing edges
Edge index size: 32936
Edge index elements: 60485
	Duration: 0
Compute unitig nodes
	Duration: 0
Index unitig edges
	Duration: 0
Compute unitig edges
	Duration: 0
Dump unitig abundances
	Duration: 0
Nb edges:   0


metaMDBG contig  /var/folders/zg/vq0dnx517c54hg87dyqjky740000gn/T/.tmprWAL2M/tmp/ --threads 10

Input dir: /var/folders/zg/vq0dnx517c54hg87dyqjky740000gn/T/.tmprWAL2M/tmp/
Minimizer length: 15
Kminmer length: 117
Density: 0.005

Loading unitig graph
Load unitigs
Nb unitigs: 645
Nb minimizers: 107682
Add unitig abundances
Sorting abundances
Add unitig edges
Nb unitig edges: 1144
Sorting unitig edges
Done loading unitig graph
Simplifying
Max abundance: 41
Nb unitigs: 645
Superbubble
Nb superbubble removed: 8 0 (0s)
Tip
Nb Tip removed: 234 (0s)
Superbubble
Nb superbubble removed: 16 0 (0s)
Tip
Nb Tip removed: 0 (0s)
Nb errors removed: 118 (0s)
Superbubble
Nb superbubble removed: 0 0 (0s)
Tip
Nb Tip removed: 0 (0s)
Nb errors removed: 1 (0s)
Superbubble
Nb superbubble removed: 0 0 (0s)
Tip
Nb Tip removed: 0 (0s)
Nb errors removed: 54 (0s)
Superbubble
Nb superbubble removed: 0 0 (0s)
Tip
Nb Tip removed: 0 (0s)
Nb errors removed: 42 (0s)
Superbubble
Nb superbubble removed: 0 0 (0s)
Tip
Nb Tip removed: 0 (0s)
Nb errors removed: 33 (0s)
Superbubble
Nb superbubble removed: 4 0 (0s)
Tip
Nb Tip removed: 0 (0s)
Nb errors removed: 18 (0s)
Superbubble
Nb superbubble removed: 0 0 (0s)
Tip
Nb Tip removed: 0 (0s)
Nb errors removed: 19 (0s)
Superbubble
Nb superbubble removed: 0 0 (0s)
Tip
Nb Tip removed: 0 (0s)
Nb errors removed: 20 (0s)
Superbubble
Nb superbubble removed: 2 0 (0s)
Tip
Nb Tip removed: 0 (0s)
Nb errors removed: 10 (0s)
Superbubble
Nb superbubble removed: 0 0 (0s)
Tip
Nb Tip removed: 0 (0s)
Nb errors removed: 7 (0s)
Superbubble
Nb superbubble removed: 2 0 (0s)
Tip
Nb Tip removed: 0 (0s)
Nb errors removed: 10 (0s)
Superbubble
Nb superbubble removed: 0 0 (0s)
Tip
Nb Tip removed: 0 (0s)
Nb errors removed: 16 (0s)
Superbubble
Nb superbubble removed: 0 0 (0s)
Tip
Nb Tip removed: 0 (0s)
Nb errors removed: 1 (0s)
Superbubble
Nb superbubble removed: 0 0 (0s)
Tip
Nb Tip removed: 0 (0s)
Nb errors removed: 1 (0s)
Superbubble
Nb superbubble removed: 0 0 (0s)
Tip
Nb Tip removed: 0 (0s)
Nb errors removed: 4 (0s)
Superbubble
Nb superbubble removed: 0 0 (0s)
Tip
Nb Tip removed: 0 (0s)
Nb errors removed: 1 (0s)
Superbubble
Nb superbubble removed: 0 0 (0s)
Tip
Nb Tip removed: 0 (0s)
Checksum: 0
Checksum abundnace: 0
Generating contigs
41.1448
28.1025
23.2252
14.421
13.11
11.9182
10.8347
9.84974
8.14028
7.40025
6.11591
5.05447
4.17725
3.13843
2.59374
2.14359
0


metaMDBG toMinspace  /var/folders/zg/vq0dnx517c54hg87dyqjky740000gn/T/.tmprWAL2M/tmp/ /var/folders/zg/vq0dnx517c54hg87dyqjky740000gn/T/.tmprWAL2M/tmp//contigs.nodepath /var/folders/zg/vq0dnx517c54hg87dyqjky740000gn/T/.tmprWAL2M/tmp//unitig_data.txt --threads 10

Input dir: /var/folders/zg/vq0dnx517c54hg87dyqjky740000gn/T/.tmprWAL2M/tmp/
Minimizer length: 15
Kminmer length: 117
Density: 0.005

Loading unitig sequences

Creating mContigs

Contig filename: /var/folders/zg/vq0dnx517c54hg87dyqjky740000gn/T/.tmprWAL2M/tmp//unitig_data.txt
pass done: 117
Multi-k pass: 118/205


metaMDBG graph /var/folders/zg/vq0dnx517c54hg87dyqjky740000gn/T/.tmprWAL2M/tmp/ --threads 10 --corrected-read 

Contig filename: 
Output dir: /var/folders/zg/vq0dnx517c54hg87dyqjky740000gn/T/.tmprWAL2M/tmp/
Minimizer length: 15
Kminmer length: 118
Density: 0.005
Min abundance: 0

Loading refined abundances
	Duration: 0
Collecting kminmers
Building mdbg
Duration: 0
Nb solid kminmers: 32785
Nb small contigs written: 0
Dump kminmer abundances
	Duration: 0
Indexing edges
Edge index size: 32859
Edge index elements: 60356
	Duration: 0
Compute unitig nodes
	Duration: 0
Index unitig edges
	Duration: 0
Compute unitig edges
	Duration: 0
Dump unitig abundances
	Duration: 0
Nb edges:   0


metaMDBG contig  /var/folders/zg/vq0dnx517c54hg87dyqjky740000gn/T/.tmprWAL2M/tmp/ --threads 10

Input dir: /var/folders/zg/vq0dnx517c54hg87dyqjky740000gn/T/.tmprWAL2M/tmp/
Minimizer length: 15
Kminmer length: 118
Density: 0.005

Loading unitig graph
Load unitigs
Nb unitigs: 635
Nb minimizers: 107080
Add unitig abundances
Sorting abundances
Add unitig edges
Nb unitig edges: 1128
Sorting unitig edges
Done loading unitig graph
Simplifying
Max abundance: 41
Nb unitigs: 635
Superbubble
Nb superbubble removed: 8 0 (0s)
Tip
Nb Tip removed: 230 (0s)
Superbubble
Nb superbubble removed: 16 0 (0s)
Tip
Nb Tip removed: 0 (0s)
Nb errors removed: 118 (0s)
Superbubble
Nb superbubble removed: 0 0 (0s)
Tip
Nb Tip removed: 0 (0s)
Nb errors removed: 1 (0s)
Superbubble
Nb superbubble removed: 0 0 (0s)
Tip
Nb Tip removed: 0 (0s)
Nb errors removed: 54 (0s)
Superbubble
Nb superbubble removed: 0 0 (0s)
Tip
Nb Tip removed: 0 (0s)
Nb errors removed: 41 (0s)
Superbubble
Nb superbubble removed: 0 0 (0s)
Tip
Nb Tip removed: 0 (0s)
Nb errors removed: 32 (0s)
Superbubble
Nb superbubble removed: 4 0 (0s)
Tip
Nb Tip removed: 0 (0s)
Nb errors removed: 16 (0s)
Superbubble
Nb superbubble removed: 0 0 (0s)
Tip
Nb Tip removed: 0 (0s)
Nb errors removed: 19 (0s)
Superbubble
Nb superbubble removed: 0 0 (0s)
Tip
Nb Tip removed: 0 (0s)
Nb errors removed: 20 (0s)
Superbubble
Nb superbubble removed: 2 0 (0s)
Tip
Nb Tip removed: 0 (0s)
Nb errors removed: 9 (0s)
Superbubble
Nb superbubble removed: 0 0 (0s)
Tip
Nb Tip removed: 0 (0s)
Nb errors removed: 7 (0s)
Superbubble
Nb superbubble removed: 2 0 (0s)
Tip
Nb Tip removed: 0 (0s)
Nb errors removed: 10 (0s)
Superbubble
Nb superbubble removed: 0 0 (0s)
Tip
Nb Tip removed: 0 (0s)
Nb errors removed: 15 (0s)
Superbubble
Nb superbubble removed: 0 0 (0s)
Tip
Nb Tip removed: 0 (0s)
Nb errors removed: 1 (0s)
Superbubble
Nb superbubble removed: 0 0 (0s)
Tip
Nb Tip removed: 0 (0s)
Nb errors removed: 1 (0s)
Superbubble
Nb superbubble removed: 0 0 (0s)
Tip
Nb Tip removed: 0 (0s)
Nb errors removed: 4 (0s)
Superbubble
Nb superbubble removed: 0 0 (0s)
Tip
Nb Tip removed: 0 (0s)
Nb errors removed: 1 (0s)
Superbubble
Nb superbubble removed: 0 0 (0s)
Tip
Nb Tip removed: 0 (0s)
Checksum: 0
Checksum abundnace: 0
Generating contigs
41.1448
28.1025
23.2252
14.421
13.11
11.9182
10.8347
9.84974
8.14028
7.40025
6.11591
5.05447
4.17725
3.13843
2.59374
2.14359
0


metaMDBG toMinspace  /var/folders/zg/vq0dnx517c54hg87dyqjky740000gn/T/.tmprWAL2M/tmp/ /var/folders/zg/vq0dnx517c54hg87dyqjky740000gn/T/.tmprWAL2M/tmp//contigs.nodepath /var/folders/zg/vq0dnx517c54hg87dyqjky740000gn/T/.tmprWAL2M/tmp//unitig_data.txt --threads 10

Input dir: /var/folders/zg/vq0dnx517c54hg87dyqjky740000gn/T/.tmprWAL2M/tmp/
Minimizer length: 15
Kminmer length: 118
Density: 0.005

Loading unitig sequences

Creating mContigs

Contig filename: /var/folders/zg/vq0dnx517c54hg87dyqjky740000gn/T/.tmprWAL2M/tmp//unitig_data.txt
pass done: 118
Multi-k pass: 119/205


metaMDBG graph /var/folders/zg/vq0dnx517c54hg87dyqjky740000gn/T/.tmprWAL2M/tmp/ --threads 10 --corrected-read 

Contig filename: 
Output dir: /var/folders/zg/vq0dnx517c54hg87dyqjky740000gn/T/.tmprWAL2M/tmp/
Minimizer length: 15
Kminmer length: 119
Density: 0.005
Min abundance: 0

Loading refined abundances
	Duration: 0
Collecting kminmers
Building mdbg
Duration: 0
Nb solid kminmers: 32706
Nb small contigs written: 0
Dump kminmer abundances
	Duration: 0
Indexing edges
Edge index size: 32782
Edge index elements: 60327
	Duration: 0
Compute unitig nodes
	Duration: 0
Index unitig edges
	Duration: 0
Compute unitig edges
	Duration: 0
Dump unitig abundances
	Duration: 0
Nb edges:   0


metaMDBG contig  /var/folders/zg/vq0dnx517c54hg87dyqjky740000gn/T/.tmprWAL2M/tmp/ --threads 10

Input dir: /var/folders/zg/vq0dnx517c54hg87dyqjky740000gn/T/.tmprWAL2M/tmp/
Minimizer length: 15
Kminmer length: 119
Density: 0.005

Loading unitig graph
Load unitigs
Nb unitigs: 625
Nb minimizers: 106456
Add unitig abundances
Sorting abundances
Add unitig edges
Nb unitig edges: 1100
Sorting unitig edges
Done loading unitig graph
Simplifying
Max abundance: 41
Nb unitigs: 625
Superbubble
Nb superbubble removed: 8 0 (0s)
Tip
Nb Tip removed: 223 (0s)
Superbubble
Nb superbubble removed: 16 0 (0s)
Tip
Nb Tip removed: 0 (0s)
Nb errors removed: 115 (0s)
Superbubble
Nb superbubble removed: 0 0 (0s)
Tip
Nb Tip removed: 0 (0s)
Nb errors removed: 1 (0s)
Superbubble
Nb superbubble removed: 0 0 (0s)
Tip
Nb Tip removed: 0 (0s)
Nb errors removed: 52 (0s)
Superbubble
Nb superbubble removed: 0 0 (0s)
Tip
Nb Tip removed: 0 (0s)
Nb errors removed: 40 (0s)
Superbubble
Nb superbubble removed: 0 0 (0s)
Tip
Nb Tip removed: 0 (0s)
Nb errors removed: 32 (0s)
Superbubble
Nb superbubble removed: 4 0 (0s)
Tip
Nb Tip removed: 0 (0s)
Nb errors removed: 16 (0s)
Superbubble
Nb superbubble removed: 0 0 (0s)
Tip
Nb Tip removed: 0 (0s)
Nb errors removed: 19 (0s)
Superbubble
Nb superbubble removed: 0 0 (0s)
Tip
Nb Tip removed: 0 (0s)
Nb errors removed: 20 (0s)
Superbubble
Nb superbubble removed: 2 0 (0s)
Tip
Nb Tip removed: 0 (0s)
Nb errors removed: 9 (0s)
Superbubble
Nb superbubble removed: 0 0 (0s)
Tip
Nb Tip removed: 0 (0s)
Nb errors removed: 7 (0s)
Superbubble
Nb superbubble removed: 2 0 (0s)
Tip
Nb Tip removed: 0 (0s)
Nb errors removed: 10 (0s)
Superbubble
Nb superbubble removed: 0 0 (0s)
Tip
Nb Tip removed: 0 (0s)
Nb errors removed: 15 (0s)
Superbubble
Nb superbubble removed: 0 0 (0s)
Tip
Nb Tip removed: 0 (0s)
Nb errors removed: 1 (0s)
Superbubble
Nb superbubble removed: 0 0 (0s)
Tip
Nb Tip removed: 0 (0s)
Nb errors removed: 1 (0s)
Superbubble
Nb superbubble removed: 0 0 (0s)
Tip
Nb Tip removed: 0 (0s)
Nb errors removed: 4 (0s)
Superbubble
Nb superbubble removed: 0 0 (0s)
Tip
Nb Tip removed: 0 (0s)
Nb errors removed: 1 (0s)
Superbubble
Nb superbubble removed: 0 0 (0s)
Tip
Nb Tip removed: 0 (0s)
Checksum: 0
Checksum abundnace: 0
Generating contigs
41.1448
28.1025
23.2252
14.421
13.11
11.9182
10.8347
9.84974
8.14028
7.40025
6.11591
5.05447
4.17725
3.13843
2.59374
2.14359
0


metaMDBG toMinspace  /var/folders/zg/vq0dnx517c54hg87dyqjky740000gn/T/.tmprWAL2M/tmp/ /var/folders/zg/vq0dnx517c54hg87dyqjky740000gn/T/.tmprWAL2M/tmp//contigs.nodepath /var/folders/zg/vq0dnx517c54hg87dyqjky740000gn/T/.tmprWAL2M/tmp//unitig_data.txt --threads 10

Input dir: /var/folders/zg/vq0dnx517c54hg87dyqjky740000gn/T/.tmprWAL2M/tmp/
Minimizer length: 15
Kminmer length: 119
Density: 0.005

Loading unitig sequences

Creating mContigs

Contig filename: /var/folders/zg/vq0dnx517c54hg87dyqjky740000gn/T/.tmprWAL2M/tmp//unitig_data.txt
pass done: 119
Multi-k pass: 120/205


metaMDBG graph /var/folders/zg/vq0dnx517c54hg87dyqjky740000gn/T/.tmprWAL2M/tmp/ --threads 10 --corrected-read 

Contig filename: 
Output dir: /var/folders/zg/vq0dnx517c54hg87dyqjky740000gn/T/.tmprWAL2M/tmp/
Minimizer length: 15
Kminmer length: 120
Density: 0.005
Min abundance: 0

Loading refined abundances
	Duration: 0
Collecting kminmers
Building mdbg
Duration: 0
Nb solid kminmers: 32628
Nb small contigs written: 0
Dump kminmer abundances
	Duration: 0
Indexing edges
Edge index size: 32704
Edge index elements: 60106
	Duration: 0
Compute unitig nodes
	Duration: 0
Index unitig edges
	Duration: 0
Compute unitig edges
	Duration: 0
Dump unitig abundances
	Duration: 0
Nb edges:   0


metaMDBG contig  /var/folders/zg/vq0dnx517c54hg87dyqjky740000gn/T/.tmprWAL2M/tmp/ --threads 10

Input dir: /var/folders/zg/vq0dnx517c54hg87dyqjky740000gn/T/.tmprWAL2M/tmp/
Minimizer length: 15
Kminmer length: 120
Density: 0.005

Loading unitig graph
Load unitigs
Nb unitigs: 618
Nb minimizers: 106170
Add unitig abundances
Sorting abundances
Add unitig edges
Nb unitig edges: 1092
Sorting unitig edges
Done loading unitig graph
Simplifying
Max abundance: 41
Nb unitigs: 618
Superbubble
Nb superbubble removed: 8 0 (0s)
Tip
Nb Tip removed: 222 (0s)
Superbubble
Nb superbubble removed: 16 0 (0s)
Tip
Nb Tip removed: 0 (0s)
Nb errors removed: 113 (0s)
Superbubble
Nb superbubble removed: 0 0 (0s)
Tip
Nb Tip removed: 0 (0s)
Nb errors removed: 1 (0s)
Superbubble
Nb superbubble removed: 0 0 (0s)
Tip
Nb Tip removed: 0 (0s)
Nb errors removed: 52 (0s)
Superbubble
Nb superbubble removed: 0 0 (0s)
Tip
Nb Tip removed: 0 (0s)
Nb errors removed: 40 (0s)
Superbubble
Nb superbubble removed: 0 0 (0s)
Tip
Nb Tip removed: 0 (0s)
Nb errors removed: 32 (0s)
Superbubble
Nb superbubble removed: 4 0 (0s)
Tip
Nb Tip removed: 0 (0s)
Nb errors removed: 16 (0s)
Superbubble
Nb superbubble removed: 0 0 (0s)
Tip
Nb Tip removed: 0 (0s)
Nb errors removed: 19 (0s)
Superbubble
Nb superbubble removed: 0 0 (0s)
Tip
Nb Tip removed: 0 (0s)
Nb errors removed: 20 (0s)
Superbubble
Nb superbubble removed: 2 0 (0s)
Tip
Nb Tip removed: 0 (0s)
Nb errors removed: 9 (0s)
Superbubble
Nb superbubble removed: 0 0 (0s)
Tip
Nb Tip removed: 0 (0s)
Nb errors removed: 7 (0s)
Superbubble
Nb superbubble removed: 2 0 (0s)
Tip
Nb Tip removed: 0 (0s)
Nb errors removed: 10 (0s)
Superbubble
Nb superbubble removed: 0 0 (0s)
Tip
Nb Tip removed: 0 (0s)
Nb errors removed: 15 (0s)
Superbubble
Nb superbubble removed: 0 0 (0s)
Tip
Nb Tip removed: 0 (0s)
Nb errors removed: 1 (0s)
Superbubble
Nb superbubble removed: 0 0 (0s)
Tip
Nb Tip removed: 0 (0s)
Nb errors removed: 1 (0s)
Superbubble
Nb superbubble removed: 0 0 (0s)
Tip
Nb Tip removed: 0 (0s)
Nb errors removed: 4 (0s)
Superbubble
Nb superbubble removed: 0 0 (0s)
Tip
Nb Tip removed: 0 (0s)
Nb errors removed: 1 (0s)
Superbubble
Nb superbubble removed: 0 0 (0s)
Tip
Nb Tip removed: 0 (0s)
Checksum: 0
Checksum abundnace: 0
Generating contigs
41.1448
28.1025
23.2252
14.421
13.11
11.9182
10.8347
9.84974
8.14028
7.40025
6.11591
5.05447
4.17725
3.13843
2.59374
2.14359
0


metaMDBG toMinspace  /var/folders/zg/vq0dnx517c54hg87dyqjky740000gn/T/.tmprWAL2M/tmp/ /var/folders/zg/vq0dnx517c54hg87dyqjky740000gn/T/.tmprWAL2M/tmp//contigs.nodepath /var/folders/zg/vq0dnx517c54hg87dyqjky740000gn/T/.tmprWAL2M/tmp//unitig_data.txt --threads 10

Input dir: /var/folders/zg/vq0dnx517c54hg87dyqjky740000gn/T/.tmprWAL2M/tmp/
Minimizer length: 15
Kminmer length: 120
Density: 0.005

Loading unitig sequences

Creating mContigs

Contig filename: /var/folders/zg/vq0dnx517c54hg87dyqjky740000gn/T/.tmprWAL2M/tmp//unitig_data.txt
pass done: 120
Multi-k pass: 121/205


metaMDBG graph /var/folders/zg/vq0dnx517c54hg87dyqjky740000gn/T/.tmprWAL2M/tmp/ --threads 10 --corrected-read 

Contig filename: 
Output dir: /var/folders/zg/vq0dnx517c54hg87dyqjky740000gn/T/.tmprWAL2M/tmp/
Minimizer length: 15
Kminmer length: 121
Density: 0.005
Min abundance: 0

Loading refined abundances
	Duration: 0
Collecting kminmers
Building mdbg
Duration: 0
Nb solid kminmers: 32549
Nb small contigs written: 0
Dump kminmer abundances
	Duration: 0
Indexing edges
Edge index size: 32624
Edge index elements: 59972
	Duration: 0
Compute unitig nodes
	Duration: 0
Index unitig edges
	Duration: 0
Compute unitig edges
	Duration: 0
Dump unitig abundances
	Duration: 0
Nb edges:   0


metaMDBG contig  /var/folders/zg/vq0dnx517c54hg87dyqjky740000gn/T/.tmprWAL2M/tmp/ --threads 10 --gen-graph 

Input dir: /var/folders/zg/vq0dnx517c54hg87dyqjky740000gn/T/.tmprWAL2M/tmp/
Minimizer length: 15
Kminmer length: 121
Density: 0.005

Loading unitig graph
Load unitigs
Nb unitigs: 612
Nb minimizers: 105989
Add unitig abundances
Sorting abundances
Add unitig edges
Nb unitig edges: 1076
Sorting unitig edges
Done loading unitig graph
Simplifying
Max abundance: 41
Nb unitigs: 612
Superbubble
Nb superbubble removed: 8 0 (0s)
Tip
Nb Tip removed: 220 (0s)
Superbubble
Nb superbubble removed: 14 0 (0s)
Tip
Nb Tip removed: 0 (0s)
Saving unitig graph: /var/folders/zg/vq0dnx517c54hg87dyqjky740000gn/T/.tmprWAL2M/tmp//assembly_graph.gfa
Nb errors removed: 111 (0s)
Superbubble
Nb superbubble removed: 0 0 (0s)
Tip
Nb Tip removed: 0 (0s)
Nb errors removed: 1 (0s)
Superbubble
Nb superbubble removed: 0 0 (0s)
Tip
Nb Tip removed: 0 (0s)
Nb errors removed: 51 (0s)
Superbubble
Nb superbubble removed: 0 0 (0s)
Tip
Nb Tip removed: 0 (0s)
Nb errors removed: 40 (0s)
Superbubble
Nb superbubble removed: 0 0 (0s)
Tip
Nb Tip removed: 0 (0s)
Nb errors removed: 31 (0s)
Superbubble
Nb superbubble removed: 4 0 (0s)
Tip
Nb Tip removed: 0 (0s)
Nb errors removed: 16 (0s)
Superbubble
Nb superbubble removed: 0 0 (0s)
Tip
Nb Tip removed: 0 (0s)
Nb errors removed: 19 (0s)
Superbubble
Nb superbubble removed: 0 0 (0s)
Tip
Nb Tip removed: 0 (0s)
Nb errors removed: 20 (0s)
Superbubble
Nb superbubble removed: 2 0 (0s)
Tip
Nb Tip removed: 0 (0s)
Nb errors removed: 9 (0s)
Superbubble
Nb superbubble removed: 0 0 (0s)
Tip
Nb Tip removed: 0 (0s)
Nb errors removed: 7 (0s)
Superbubble
Nb superbubble removed: 2 0 (0s)
Tip
Nb Tip removed: 0 (0s)
Nb errors removed: 11 (0s)
Superbubble
Nb superbubble removed: 0 0 (0s)
Tip
Nb Tip removed: 0 (0s)
Nb errors removed: 14 (0s)
Superbubble
Nb superbubble removed: 0 0 (0s)
Tip
Nb Tip removed: 0 (0s)
Nb errors removed: 2 (0s)
Superbubble
Nb superbubble removed: 0 0 (0s)
Tip
Nb Tip removed: 0 (0s)
Nb errors removed: 1 (0s)
Superbubble
Nb superbubble removed: 0 0 (0s)
Tip
Nb Tip removed: 0 (0s)
Nb errors removed: 3 (0s)
Superbubble
Nb superbubble removed: 0 0 (0s)
Tip
Nb Tip removed: 0 (0s)
Nb errors removed: 1 (0s)
Superbubble
Nb superbubble removed: 0 0 (0s)
Tip
Nb Tip removed: 0 (0s)
Checksum: 0
Checksum abundnace: 0
Generating contigs
41.1448
28.1025
23.2252
14.421
13.11
11.9182
10.8347
9.84974
8.14028
7.40025
6.11591
5.05447
4.17725
3.13843
2.59374
2.14359
0


metaMDBG toMinspace  /var/folders/zg/vq0dnx517c54hg87dyqjky740000gn/T/.tmprWAL2M/tmp/ /var/folders/zg/vq0dnx517c54hg87dyqjky740000gn/T/.tmprWAL2M/tmp//contigs.nodepath /var/folders/zg/vq0dnx517c54hg87dyqjky740000gn/T/.tmprWAL2M/tmp//unitig_data.txt --threads 10

Input dir: /var/folders/zg/vq0dnx517c54hg87dyqjky740000gn/T/.tmprWAL2M/tmp/
Minimizer length: 15
Kminmer length: 121
Density: 0.005

Loading unitig sequences

Creating mContigs

Contig filename: /var/folders/zg/vq0dnx517c54hg87dyqjky740000gn/T/.tmprWAL2M/tmp//unitig_data.txt


metaMDBG toMinspace  /var/folders/zg/vq0dnx517c54hg87dyqjky740000gn/T/.tmprWAL2M/tmp/ /var/folders/zg/vq0dnx517c54hg87dyqjky740000gn/T/.tmprWAL2M/tmp//assembly_graph.gfa.unitigs.nodepath /var/folders/zg/vq0dnx517c54hg87dyqjky740000gn/T/.tmprWAL2M/tmp//assembly_graph.gfa.unitigs --threads 10

Input dir: /var/folders/zg/vq0dnx517c54hg87dyqjky740000gn/T/.tmprWAL2M/tmp/
Minimizer length: 15
Kminmer length: 121
Density: 0.005

Loading unitig sequences

Creating mContigs

Contig filename: /var/folders/zg/vq0dnx517c54hg87dyqjky740000gn/T/.tmprWAL2M/tmp//assembly_graph.gfa.unitigs
pass done: 121
Multi-k pass: 122/205


metaMDBG graph /var/folders/zg/vq0dnx517c54hg87dyqjky740000gn/T/.tmprWAL2M/tmp/ --threads 10 --corrected-read 

Contig filename: 
Output dir: /var/folders/zg/vq0dnx517c54hg87dyqjky740000gn/T/.tmprWAL2M/tmp/
Minimizer length: 15
Kminmer length: 122
Density: 0.005
Min abundance: 0

Loading refined abundances
	Duration: 0
Collecting kminmers
Building mdbg
Duration: 0
Nb solid kminmers: 32469
Nb small contigs written: 0
Dump kminmer abundances
	Duration: 0
Indexing edges
Edge index size: 32544
Edge index elements: 59933
	Duration: 0
Compute unitig nodes
	Duration: 0
Index unitig edges
	Duration: 0
Compute unitig edges
	Duration: 0
Dump unitig abundances
	Duration: 0
Nb edges:   0


metaMDBG contig  /var/folders/zg/vq0dnx517c54hg87dyqjky740000gn/T/.tmprWAL2M/tmp/ --threads 10

Input dir: /var/folders/zg/vq0dnx517c54hg87dyqjky740000gn/T/.tmprWAL2M/tmp/
Minimizer length: 15
Kminmer length: 122
Density: 0.005

Loading unitig graph
Load unitigs
Nb unitigs: 600
Nb minimizers: 105069
Add unitig abundances
Sorting abundances
Add unitig edges
Nb unitig edges: 1052
Sorting unitig edges
Done loading unitig graph
Simplifying
Max abundance: 41
Nb unitigs: 600
Superbubble
Nb superbubble removed: 8 0 (0s)
Tip
Nb Tip removed: 217 (0s)
Superbubble
Nb superbubble removed: 12 0 (0s)
Tip
Nb Tip removed: 0 (0s)
Nb errors removed: 106 (0s)
Superbubble
Nb superbubble removed: 0 0 (0s)
Tip
Nb Tip removed: 0 (0s)
Nb errors removed: 1 (0s)
Superbubble
Nb superbubble removed: 0 0 (0s)
Tip
Nb Tip removed: 0 (0s)
Nb errors removed: 51 (0s)
Superbubble
Nb superbubble removed: 0 0 (0s)
Tip
Nb Tip removed: 0 (0s)
Nb errors removed: 40 (0s)
Superbubble
Nb superbubble removed: 0 0 (0s)
Tip
Nb Tip removed: 0 (0s)
Nb errors removed: 31 (0s)
Superbubble
Nb superbubble removed: 4 0 (0s)
Tip
Nb Tip removed: 0 (0s)
Nb errors removed: 15 (0s)
Superbubble
Nb superbubble removed: 0 0 (0s)
Tip
Nb Tip removed: 0 (0s)
Nb errors removed: 18 (0s)
Superbubble
Nb superbubble removed: 0 0 (0s)
Tip
Nb Tip removed: 0 (0s)
Nb errors removed: 20 (0s)
Superbubble
Nb superbubble removed: 2 0 (0s)
Tip
Nb Tip removed: 0 (0s)
Nb errors removed: 9 (0s)
Superbubble
Nb superbubble removed: 0 0 (0s)
Tip
Nb Tip removed: 0 (0s)
Nb errors removed: 9 (0s)
Superbubble
Nb superbubble removed: 2 0 (0s)
Tip
Nb Tip removed: 0 (0s)
Nb errors removed: 11 (0s)
Superbubble
Nb superbubble removed: 0 0 (0s)
Tip
Nb Tip removed: 0 (0s)
Nb errors removed: 14 (0s)
Superbubble
Nb superbubble removed: 0 0 (0s)
Tip
Nb Tip removed: 0 (0s)
Nb errors removed: 2 (0s)
Superbubble
Nb superbubble removed: 0 0 (0s)
Tip
Nb Tip removed: 0 (0s)
Nb errors removed: 1 (0s)
Superbubble
Nb superbubble removed: 0 0 (0s)
Tip
Nb Tip removed: 0 (0s)
Nb errors removed: 3 (0s)
Superbubble
Nb superbubble removed: 0 0 (0s)
Tip
Nb Tip removed: 0 (0s)
Nb errors removed: 1 (0s)
Superbubble
Nb superbubble removed: 0 0 (0s)
Tip
Nb Tip removed: 0 (0s)
Checksum: 0
Checksum abundnace: 0
Generating contigs
41.1448
28.1025
23.2252
14.421
13.11
11.9182
10.8347
9.84974
8.14028
7.40025
6.11591
5.05447
4.17725
3.13843
2.59374
2.14359
0


metaMDBG toMinspace  /var/folders/zg/vq0dnx517c54hg87dyqjky740000gn/T/.tmprWAL2M/tmp/ /var/folders/zg/vq0dnx517c54hg87dyqjky740000gn/T/.tmprWAL2M/tmp//contigs.nodepath /var/folders/zg/vq0dnx517c54hg87dyqjky740000gn/T/.tmprWAL2M/tmp//unitig_data.txt --threads 10

Input dir: /var/folders/zg/vq0dnx517c54hg87dyqjky740000gn/T/.tmprWAL2M/tmp/
Minimizer length: 15
Kminmer length: 122
Density: 0.005

Loading unitig sequences

Creating mContigs

Contig filename: /var/folders/zg/vq0dnx517c54hg87dyqjky740000gn/T/.tmprWAL2M/tmp//unitig_data.txt
pass done: 122
Multi-k pass: 123/205


metaMDBG graph /var/folders/zg/vq0dnx517c54hg87dyqjky740000gn/T/.tmprWAL2M/tmp/ --threads 10 --corrected-read 

Contig filename: 
Output dir: /var/folders/zg/vq0dnx517c54hg87dyqjky740000gn/T/.tmprWAL2M/tmp/
Minimizer length: 15
Kminmer length: 123
Density: 0.005
Min abundance: 0

Loading refined abundances
	Duration: 0
Collecting kminmers
Building mdbg
Duration: 0
Nb solid kminmers: 32387
Nb small contigs written: 0
Dump kminmer abundances
	Duration: 0
Indexing edges
Edge index size: 32466
Edge index elements: 59862
	Duration: 0
Compute unitig nodes
	Duration: 0
Index unitig edges
	Duration: 0
Compute unitig edges
	Duration: 0
Dump unitig abundances
	Duration: 0
Nb edges:   0


metaMDBG contig  /var/folders/zg/vq0dnx517c54hg87dyqjky740000gn/T/.tmprWAL2M/tmp/ --threads 10

Input dir: /var/folders/zg/vq0dnx517c54hg87dyqjky740000gn/T/.tmprWAL2M/tmp/
Minimizer length: 15
Kminmer length: 123
Density: 0.005

Loading unitig graph
Load unitigs
Nb unitigs: 588
Nb minimizers: 104123
Add unitig abundances
Sorting abundances
Add unitig edges
Nb unitig edges: 1020
Sorting unitig edges
Done loading unitig graph
Simplifying
Max abundance: 41
Nb unitigs: 588
Superbubble
Nb superbubble removed: 6 0 (0s)
Tip
Nb Tip removed: 211 (0s)
Superbubble
Nb superbubble removed: 12 0 (0s)
Tip
Nb Tip removed: 0 (0s)
Nb errors removed: 106 (0s)
Superbubble
Nb superbubble removed: 0 0 (0s)
Tip
Nb Tip removed: 0 (0s)
Nb errors removed: 1 (0s)
Superbubble
Nb superbubble removed: 0 0 (0s)
Tip
Nb Tip removed: 0 (0s)
Nb errors removed: 49 (0s)
Superbubble
Nb superbubble removed: 0 0 (0s)
Tip
Nb Tip removed: 0 (0s)
Nb errors removed: 41 (0s)
Superbubble
Nb superbubble removed: 0 0 (0s)
Tip
Nb Tip removed: 0 (0s)
Nb errors removed: 31 (0s)
Superbubble
Nb superbubble removed: 4 0 (0s)
Tip
Nb Tip removed: 0 (0s)
Nb errors removed: 14 (0s)
Superbubble
Nb superbubble removed: 0 0 (0s)
Tip
Nb Tip removed: 0 (0s)
Nb errors removed: 18 (0s)
Superbubble
Nb superbubble removed: 0 0 (0s)
Tip
Nb Tip removed: 0 (0s)
Nb errors removed: 20 (0s)
Superbubble
Nb superbubble removed: 2 0 (0s)
Tip
Nb Tip removed: 0 (0s)
Nb errors removed: 9 (0s)
Superbubble
Nb superbubble removed: 0 0 (0s)
Tip
Nb Tip removed: 0 (0s)
Nb errors removed: 9 (0s)
Superbubble
Nb superbubble removed: 2 0 (0s)
Tip
Nb Tip removed: 0 (0s)
Nb errors removed: 10 (0s)
Superbubble
Nb superbubble removed: 0 0 (0s)
Tip
Nb Tip removed: 0 (0s)
Nb errors removed: 14 (0s)
Superbubble
Nb superbubble removed: 0 0 (0s)
Tip
Nb Tip removed: 0 (0s)
Nb errors removed: 2 (0s)
Superbubble
Nb superbubble removed: 0 0 (0s)
Tip
Nb Tip removed: 0 (0s)
Nb errors removed: 1 (0s)
Superbubble
Nb superbubble removed: 0 0 (0s)
Tip
Nb Tip removed: 0 (0s)
Nb errors removed: 3 (0s)
Superbubble
Nb superbubble removed: 0 0 (0s)
Tip
Nb Tip removed: 0 (0s)
Nb errors removed: 1 (0s)
Superbubble
Nb superbubble removed: 0 0 (0s)
Tip
Nb Tip removed: 0 (0s)
Checksum: 0
Checksum abundnace: 0
Generating contigs
41.1448
28.1025
23.2252
14.421
13.11
11.9182
10.8347
9.84974
8.14028
7.40025
6.11591
5.05447
4.17725
3.13843
2.59374
2.14359
0


metaMDBG toMinspace  /var/folders/zg/vq0dnx517c54hg87dyqjky740000gn/T/.tmprWAL2M/tmp/ /var/folders/zg/vq0dnx517c54hg87dyqjky740000gn/T/.tmprWAL2M/tmp//contigs.nodepath /var/folders/zg/vq0dnx517c54hg87dyqjky740000gn/T/.tmprWAL2M/tmp//unitig_data.txt --threads 10

Input dir: /var/folders/zg/vq0dnx517c54hg87dyqjky740000gn/T/.tmprWAL2M/tmp/
Minimizer length: 15
Kminmer length: 123
Density: 0.005

Loading unitig sequences

Creating mContigs

Contig filename: /var/folders/zg/vq0dnx517c54hg87dyqjky740000gn/T/.tmprWAL2M/tmp//unitig_data.txt
pass done: 123
Multi-k pass: 124/205


metaMDBG graph /var/folders/zg/vq0dnx517c54hg87dyqjky740000gn/T/.tmprWAL2M/tmp/ --threads 10 --corrected-read 

Contig filename: 
Output dir: /var/folders/zg/vq0dnx517c54hg87dyqjky740000gn/T/.tmprWAL2M/tmp/
Minimizer length: 15
Kminmer length: 124
Density: 0.005
Min abundance: 0

Loading refined abundances
	Duration: 0
Collecting kminmers
Building mdbg
Duration: 0
Nb solid kminmers: 32303
Nb small contigs written: 0
Dump kminmer abundances
	Duration: 0
Indexing edges
Edge index size: 32385
Edge index elements: 59630
	Duration: 0
Compute unitig nodes
	Duration: 0
Index unitig edges
	Duration: 0
Compute unitig edges
	Duration: 0
Dump unitig abundances
	Duration: 0
Nb edges:   0


metaMDBG contig  /var/folders/zg/vq0dnx517c54hg87dyqjky740000gn/T/.tmprWAL2M/tmp/ --threads 10

Input dir: /var/folders/zg/vq0dnx517c54hg87dyqjky740000gn/T/.tmprWAL2M/tmp/
Minimizer length: 15
Kminmer length: 124
Density: 0.005

Loading unitig graph
Load unitigs
Nb unitigs: 583
Nb minimizers: 104012
Add unitig abundances
Sorting abundances
Add unitig edges
Nb unitig edges: 1004
Sorting unitig edges
Done loading unitig graph
Simplifying
Max abundance: 41
Nb unitigs: 583
Superbubble
Nb superbubble removed: 6 0 (0s)
Tip
Nb Tip removed: 207 (0s)
Superbubble
Nb superbubble removed: 12 0 (0s)
Tip
Nb Tip removed: 0 (0s)
Nb errors removed: 106 (0s)
Superbubble
Nb superbubble removed: 0 0 (0s)
Tip
Nb Tip removed: 0 (0s)
Nb errors removed: 1 (0s)
Superbubble
Nb superbubble removed: 0 0 (0s)
Tip
Nb Tip removed: 0 (0s)
Nb errors removed: 48 (0s)
Superbubble
Nb superbubble removed: 0 0 (0s)
Tip
Nb Tip removed: 0 (0s)
Nb errors removed: 40 (0s)
Superbubble
Nb superbubble removed: 0 0 (0s)
Tip
Nb Tip removed: 0 (0s)
Nb errors removed: 31 (0s)
Superbubble
Nb superbubble removed: 4 0 (0s)
Tip
Nb Tip removed: 0 (0s)
Nb errors removed: 14 (0s)
Superbubble
Nb superbubble removed: 0 0 (0s)
Tip
Nb Tip removed: 0 (0s)
Nb errors removed: 18 (0s)
Superbubble
Nb superbubble removed: 0 0 (0s)
Tip
Nb Tip removed: 0 (0s)
Nb errors removed: 20 (0s)
Superbubble
Nb superbubble removed: 2 0 (0s)
Tip
Nb Tip removed: 0 (0s)
Nb errors removed: 9 (0s)
Superbubble
Nb superbubble removed: 0 0 (0s)
Tip
Nb Tip removed: 0 (0s)
Nb errors removed: 9 (0s)
Superbubble
Nb superbubble removed: 2 0 (0s)
Tip
Nb Tip removed: 0 (0s)
Nb errors removed: 10 (0s)
Superbubble
Nb superbubble removed: 0 0 (0s)
Tip
Nb Tip removed: 0 (0s)
Nb errors removed: 14 (0s)
Superbubble
Nb superbubble removed: 0 0 (0s)
Tip
Nb Tip removed: 0 (0s)
Nb errors removed: 2 (0s)
Superbubble
Nb superbubble removed: 0 0 (0s)
Tip
Nb Tip removed: 0 (0s)
Nb errors removed: 1 (0s)
Superbubble
Nb superbubble removed: 0 0 (0s)
Tip
Nb Tip removed: 0 (0s)
Nb errors removed: 3 (0s)
Superbubble
Nb superbubble removed: 0 0 (0s)
Tip
Nb Tip removed: 0 (0s)
Nb errors removed: 1 (0s)
Superbubble
Nb superbubble removed: 0 0 (0s)
Tip
Nb Tip removed: 0 (0s)
Checksum: 0
Checksum abundnace: 0
Generating contigs
41.1448
28.1025
23.2252
14.421
13.11
11.9182
10.8347
9.84974
8.14028
7.40025
6.11591
5.05447
4.17725
3.13843
2.59374
2.14359
0


metaMDBG toMinspace  /var/folders/zg/vq0dnx517c54hg87dyqjky740000gn/T/.tmprWAL2M/tmp/ /var/folders/zg/vq0dnx517c54hg87dyqjky740000gn/T/.tmprWAL2M/tmp//contigs.nodepath /var/folders/zg/vq0dnx517c54hg87dyqjky740000gn/T/.tmprWAL2M/tmp//unitig_data.txt --threads 10

Input dir: /var/folders/zg/vq0dnx517c54hg87dyqjky740000gn/T/.tmprWAL2M/tmp/
Minimizer length: 15
Kminmer length: 124
Density: 0.005

Loading unitig sequences

Creating mContigs

Contig filename: /var/folders/zg/vq0dnx517c54hg87dyqjky740000gn/T/.tmprWAL2M/tmp//unitig_data.txt
pass done: 124
Multi-k pass: 125/205


metaMDBG graph /var/folders/zg/vq0dnx517c54hg87dyqjky740000gn/T/.tmprWAL2M/tmp/ --threads 10 --corrected-read 

Contig filename: 
Output dir: /var/folders/zg/vq0dnx517c54hg87dyqjky740000gn/T/.tmprWAL2M/tmp/
Minimizer length: 15
Kminmer length: 125
Density: 0.005
Min abundance: 0

Loading refined abundances
	Duration: 0
Collecting kminmers
Building mdbg
Duration: 0
Nb solid kminmers: 32214
Nb small contigs written: 0
Dump kminmer abundances
	Duration: 0
Indexing edges
Edge index size: 32299
Edge index elements: 59598
	Duration: 0
Compute unitig nodes
	Duration: 0
Index unitig edges
	Duration: 0
Compute unitig edges
	Duration: 0
Dump unitig abundances
	Duration: 0
Nb edges:   0


metaMDBG contig  /var/folders/zg/vq0dnx517c54hg87dyqjky740000gn/T/.tmprWAL2M/tmp/ --threads 10

Input dir: /var/folders/zg/vq0dnx517c54hg87dyqjky740000gn/T/.tmprWAL2M/tmp/
Minimizer length: 15
Kminmer length: 125
Density: 0.005

Loading unitig graph
Load unitigs
Nb unitigs: 572
Nb minimizers: 103142
Add unitig abundances
Sorting abundances
Add unitig edges
Nb unitig edges: 976
Sorting unitig edges
Done loading unitig graph
Simplifying
Max abundance: 41
Nb unitigs: 572
Superbubble
Nb superbubble removed: 6 0 (0s)
Tip
Nb Tip removed: 201 (0s)
Superbubble
Nb superbubble removed: 12 0 (0s)
Tip
Nb Tip removed: 0 (0s)
Nb errors removed: 103 (0s)
Superbubble
Nb superbubble removed: 0 0 (0s)
Tip
Nb Tip removed: 0 (0s)
Nb errors removed: 1 (0s)
Superbubble
Nb superbubble removed: 0 0 (0s)
Tip
Nb Tip removed: 0 (0s)
Nb errors removed: 47 (0s)
Superbubble
Nb superbubble removed: 0 0 (0s)
Tip
Nb Tip removed: 0 (0s)
Nb errors removed: 38 (0s)
Superbubble
Nb superbubble removed: 0 0 (0s)
Tip
Nb Tip removed: 0 (0s)
Nb errors removed: 31 (0s)
Superbubble
Nb superbubble removed: 4 0 (0s)
Tip
Nb Tip removed: 0 (0s)
Nb errors removed: 14 (0s)
Superbubble
Nb superbubble removed: 0 0 (0s)
Tip
Nb Tip removed: 0 (0s)
Nb errors removed: 19 (0s)
Superbubble
Nb superbubble removed: 0 0 (0s)
Tip
Nb Tip removed: 0 (0s)
Nb errors removed: 20 (0s)
Superbubble
Nb superbubble removed: 2 0 (0s)
Tip
Nb Tip removed: 0 (0s)
Nb errors removed: 9 (0s)
Superbubble
Nb superbubble removed: 0 0 (0s)
Tip
Nb Tip removed: 0 (0s)
Nb errors removed: 9 (0s)
Superbubble
Nb superbubble removed: 0 0 (0s)
Tip
Nb Tip removed: 0 (0s)
Nb errors removed: 11 (0s)
Superbubble
Nb superbubble removed: 0 0 (0s)
Tip
Nb Tip removed: 0 (0s)
Nb errors removed: 13 (0s)
Superbubble
Nb superbubble removed: 0 0 (0s)
Tip
Nb Tip removed: 0 (0s)
Nb errors removed: 2 (0s)
Superbubble
Nb superbubble removed: 0 0 (0s)
Tip
Nb Tip removed: 0 (0s)
Nb errors removed: 1 (0s)
Superbubble
Nb superbubble removed: 0 0 (0s)
Tip
Nb Tip removed: 0 (0s)
Nb errors removed: 3 (0s)
Superbubble
Nb superbubble removed: 0 0 (0s)
Tip
Nb Tip removed: 0 (0s)
Nb errors removed: 1 (0s)
Superbubble
Nb superbubble removed: 0 0 (0s)
Tip
Nb Tip removed: 0 (0s)
Checksum: 0
Checksum abundnace: 0
Generating contigs
41.1448
28.1025
23.2252
14.421
13.11
11.9182
10.8347
9.84974
8.14028
7.40025
6.11591
5.05447
4.17725
3.13843
2.59374
2.14359
0


metaMDBG toMinspace  /var/folders/zg/vq0dnx517c54hg87dyqjky740000gn/T/.tmprWAL2M/tmp/ /var/folders/zg/vq0dnx517c54hg87dyqjky740000gn/T/.tmprWAL2M/tmp//contigs.nodepath /var/folders/zg/vq0dnx517c54hg87dyqjky740000gn/T/.tmprWAL2M/tmp//unitig_data.txt --threads 10

Input dir: /var/folders/zg/vq0dnx517c54hg87dyqjky740000gn/T/.tmprWAL2M/tmp/
Minimizer length: 15
Kminmer length: 125
Density: 0.005

Loading unitig sequences

Creating mContigs

Contig filename: /var/folders/zg/vq0dnx517c54hg87dyqjky740000gn/T/.tmprWAL2M/tmp//unitig_data.txt
pass done: 125
Multi-k pass: 126/205


metaMDBG graph /var/folders/zg/vq0dnx517c54hg87dyqjky740000gn/T/.tmprWAL2M/tmp/ --threads 10 --corrected-read 

Contig filename: 
Output dir: /var/folders/zg/vq0dnx517c54hg87dyqjky740000gn/T/.tmprWAL2M/tmp/
Minimizer length: 15
Kminmer length: 126
Density: 0.005
Min abundance: 0

Loading refined abundances
	Duration: 0
Collecting kminmers
Building mdbg
Duration: 0
Nb solid kminmers: 32128
Nb small contigs written: 0
Dump kminmer abundances
	Duration: 0
Indexing edges
Edge index size: 32212
Edge index elements: 59466
	Duration: 0
Compute unitig nodes
	Duration: 0
Index unitig edges
	Duration: 0
Compute unitig edges
	Duration: 0
Dump unitig abundances
	Duration: 0
Nb edges:   0


metaMDBG contig  /var/folders/zg/vq0dnx517c54hg87dyqjky740000gn/T/.tmprWAL2M/tmp/ --threads 10

Input dir: /var/folders/zg/vq0dnx517c54hg87dyqjky740000gn/T/.tmprWAL2M/tmp/
Minimizer length: 15
Kminmer length: 126
Density: 0.005

Loading unitig graph
Load unitigs
Nb unitigs: 569
Nb minimizers: 103253
Add unitig abundances
Sorting abundances
Add unitig edges
Nb unitig edges: 968
Sorting unitig edges
Done loading unitig graph
Simplifying
Max abundance: 41
Nb unitigs: 569
Superbubble
Nb superbubble removed: 4 0 (0s)
Tip
Nb Tip removed: 200 (0s)
Superbubble
Nb superbubble removed: 12 0 (0s)
Tip
Nb Tip removed: 0 (0s)
Nb errors removed: 103 (0s)
Superbubble
Nb superbubble removed: 0 0 (0s)
Tip
Nb Tip removed: 0 (0s)
Nb errors removed: 1 (0s)
Superbubble
Nb superbubble removed: 0 0 (0s)
Tip
Nb Tip removed: 0 (0s)
Nb errors removed: 47 (0s)
Superbubble
Nb superbubble removed: 2 0 (0s)
Tip
Nb Tip removed: 0 (0s)
Nb errors removed: 38 (0s)
Superbubble
Nb superbubble removed: 0 0 (0s)
Tip
Nb Tip removed: 0 (0s)
Nb errors removed: 31 (0s)
Superbubble
Nb superbubble removed: 4 0 (0s)
Tip
Nb Tip removed: 0 (0s)
Nb errors removed: 14 (0s)
Superbubble
Nb superbubble removed: 0 0 (0s)
Tip
Nb Tip removed: 0 (0s)
Nb errors removed: 19 (0s)
Superbubble
Nb superbubble removed: 0 0 (0s)
Tip
Nb Tip removed: 0 (0s)
Nb errors removed: 21 (0s)
Superbubble
Nb superbubble removed: 2 0 (0s)
Tip
Nb Tip removed: 0 (0s)
Nb errors removed: 9 (0s)
Superbubble
Nb superbubble removed: 0 0 (0s)
Tip
Nb Tip removed: 0 (0s)
Nb errors removed: 9 (0s)
Superbubble
Nb superbubble removed: 0 0 (0s)
Tip
Nb Tip removed: 0 (0s)
Nb errors removed: 11 (0s)
Superbubble
Nb superbubble removed: 0 0 (0s)
Tip
Nb Tip removed: 0 (0s)
Nb errors removed: 12 (0s)
Superbubble
Nb superbubble removed: 0 0 (0s)
Tip
Nb Tip removed: 0 (0s)
Nb errors removed: 2 (0s)
Superbubble
Nb superbubble removed: 0 0 (0s)
Tip
Nb Tip removed: 0 (0s)
Nb errors removed: 1 (0s)
Superbubble
Nb superbubble removed: 0 0 (0s)
Tip
Nb Tip removed: 0 (0s)
Nb errors removed: 3 (0s)
Superbubble
Nb superbubble removed: 0 0 (0s)
Tip
Nb Tip removed: 0 (0s)
Nb errors removed: 1 (0s)
Superbubble
Nb superbubble removed: 0 0 (0s)
Tip
Nb Tip removed: 0 (0s)
Checksum: 0
Checksum abundnace: 0
Generating contigs
41.1448
28.1025
23.2252
14.421
13.11
11.9182
10.8347
9.84974
8.14028
7.40025
6.11591
5.05447
4.17725
3.13843
2.59374
2.14359
0


metaMDBG toMinspace  /var/folders/zg/vq0dnx517c54hg87dyqjky740000gn/T/.tmprWAL2M/tmp/ /var/folders/zg/vq0dnx517c54hg87dyqjky740000gn/T/.tmprWAL2M/tmp//contigs.nodepath /var/folders/zg/vq0dnx517c54hg87dyqjky740000gn/T/.tmprWAL2M/tmp//unitig_data.txt --threads 10

Input dir: /var/folders/zg/vq0dnx517c54hg87dyqjky740000gn/T/.tmprWAL2M/tmp/
Minimizer length: 15
Kminmer length: 126
Density: 0.005

Loading unitig sequences

Creating mContigs

Contig filename: /var/folders/zg/vq0dnx517c54hg87dyqjky740000gn/T/.tmprWAL2M/tmp//unitig_data.txt
pass done: 126
Multi-k pass: 127/205


metaMDBG graph /var/folders/zg/vq0dnx517c54hg87dyqjky740000gn/T/.tmprWAL2M/tmp/ --threads 10 --corrected-read 

Contig filename: 
Output dir: /var/folders/zg/vq0dnx517c54hg87dyqjky740000gn/T/.tmprWAL2M/tmp/
Minimizer length: 15
Kminmer length: 127
Density: 0.005
Min abundance: 0

Loading refined abundances
	Duration: 0
Collecting kminmers
Building mdbg
Duration: 0
Nb solid kminmers: 32040
Nb small contigs written: 0
Dump kminmer abundances
	Duration: 0
Indexing edges
Edge index size: 32125
Edge index elements: 59226
	Duration: 0
Compute unitig nodes
	Duration: 0
Index unitig edges
	Duration: 0
Compute unitig edges
	Duration: 0
Dump unitig abundances
	Duration: 0
Nb edges:   0


metaMDBG contig  /var/folders/zg/vq0dnx517c54hg87dyqjky740000gn/T/.tmprWAL2M/tmp/ --threads 10

Input dir: /var/folders/zg/vq0dnx517c54hg87dyqjky740000gn/T/.tmprWAL2M/tmp/
Minimizer length: 15
Kminmer length: 127
Density: 0.005

Loading unitig graph
Load unitigs
Nb unitigs: 561
Nb minimizers: 102726
Add unitig abundances
Sorting abundances
Add unitig edges
Nb unitig edges: 956
Sorting unitig edges
Done loading unitig graph
Simplifying
Max abundance: 41
Nb unitigs: 561
Superbubble
Nb superbubble removed: 0 0 (0s)
Tip
Nb Tip removed: 199 (0s)
Superbubble
Nb superbubble removed: 0 0 (0s)
Tip
Nb Tip removed: 0 (0s)
Nb errors removed: 101 (0s)
Superbubble
Nb superbubble removed: 0 0 (0s)
Tip
Nb Tip removed: 0 (0s)
Nb errors removed: 1 (0s)
Superbubble
Nb superbubble removed: 0 0 (0s)
Tip
Nb Tip removed: 0 (0s)
Nb errors removed: 47 (0s)
Superbubble
Nb superbubble removed: 0 0 (0s)
Tip
Nb Tip removed: 0 (0s)
Nb errors removed: 38 (0s)
Superbubble
Nb superbubble removed: 0 0 (0s)
Tip
Nb Tip removed: 0 (0s)
Nb errors removed: 31 (0s)
Superbubble
Nb superbubble removed: 0 0 (0s)
Tip
Nb Tip removed: 0 (0s)
Nb errors removed: 15 (0s)
Superbubble
Nb superbubble removed: 0 0 (0s)
Tip
Nb Tip removed: 0 (0s)
Nb errors removed: 21 (0s)
Superbubble
Nb superbubble removed: 0 0 (0s)
Tip
Nb Tip removed: 0 (0s)
Nb errors removed: 21 (0s)
Superbubble
Nb superbubble removed: 0 0 (0s)
Tip
Nb Tip removed: 0 (0s)
Nb errors removed: 12 (0s)
Superbubble
Nb superbubble removed: 0 0 (0s)
Tip
Nb Tip removed: 0 (0s)
Nb errors removed: 9 (0s)
Superbubble
Nb superbubble removed: 0 0 (0s)
Tip
Nb Tip removed: 0 (0s)
Nb errors removed: 11 (0s)
Superbubble
Nb superbubble removed: 0 0 (0s)
Tip
Nb Tip removed: 0 (0s)
Nb errors removed: 15 (0s)
Superbubble
Nb superbubble removed: 0 0 (0s)
Tip
Nb Tip removed: 0 (0s)
Nb errors removed: 3 (0s)
Superbubble
Nb superbubble removed: 0 0 (0s)
Tip
Nb Tip removed: 0 (0s)
Nb errors removed: 1 (0s)
Superbubble
Nb superbubble removed: 0 0 (0s)
Tip
Nb Tip removed: 0 (0s)
Nb errors removed: 4 (0s)
Superbubble
Nb superbubble removed: 0 0 (0s)
Tip
Nb Tip removed: 0 (0s)
Nb errors removed: 1 (0s)
Superbubble
Nb superbubble removed: 0 0 (0s)
Tip
Nb Tip removed: 0 (0s)
Checksum: 0
Checksum abundnace: 0
Generating contigs
41.1448
28.1025
23.2252
14.421
13.11
11.9182
10.8347
9.84974
8.14028
7.40025
6.11591
5.05447
4.17725
3.13843
2.59374
2.14359
0


metaMDBG toMinspace  /var/folders/zg/vq0dnx517c54hg87dyqjky740000gn/T/.tmprWAL2M/tmp/ /var/folders/zg/vq0dnx517c54hg87dyqjky740000gn/T/.tmprWAL2M/tmp//contigs.nodepath /var/folders/zg/vq0dnx517c54hg87dyqjky740000gn/T/.tmprWAL2M/tmp//unitig_data.txt --threads 10

Input dir: /var/folders/zg/vq0dnx517c54hg87dyqjky740000gn/T/.tmprWAL2M/tmp/
Minimizer length: 15
Kminmer length: 127
Density: 0.005

Loading unitig sequences

Creating mContigs

Contig filename: /var/folders/zg/vq0dnx517c54hg87dyqjky740000gn/T/.tmprWAL2M/tmp//unitig_data.txt
pass done: 127
Multi-k pass: 128/205


metaMDBG graph /var/folders/zg/vq0dnx517c54hg87dyqjky740000gn/T/.tmprWAL2M/tmp/ --threads 10 --corrected-read 

Contig filename: 
Output dir: /var/folders/zg/vq0dnx517c54hg87dyqjky740000gn/T/.tmprWAL2M/tmp/
Minimizer length: 15
Kminmer length: 128
Density: 0.005
Min abundance: 0

Loading refined abundances
	Duration: 0
Collecting kminmers
Building mdbg
Duration: 0
Nb solid kminmers: 31951
Nb small contigs written: 0
Dump kminmer abundances
	Duration: 0
Indexing edges
Edge index size: 32037
Edge index elements: 58923
	Duration: 0
Compute unitig nodes
	Duration: 0
Index unitig edges
	Duration: 0
Compute unitig edges
	Duration: 0
Dump unitig abundances
	Duration: 0
Nb edges:   0


metaMDBG contig  /var/folders/zg/vq0dnx517c54hg87dyqjky740000gn/T/.tmprWAL2M/tmp/ --threads 10

Input dir: /var/folders/zg/vq0dnx517c54hg87dyqjky740000gn/T/.tmprWAL2M/tmp/
Minimizer length: 15
Kminmer length: 128
Density: 0.005

Loading unitig graph
Load unitigs
Nb unitigs: 555
Nb minimizers: 102436
Add unitig abundances
Sorting abundances
Add unitig edges
Nb unitig edges: 940
Sorting unitig edges
Done loading unitig graph
Simplifying
Max abundance: 41
Nb unitigs: 555
Superbubble
Nb superbubble removed: 0 0 (0s)
Tip
Nb Tip removed: 197 (0s)
Superbubble
Nb superbubble removed: 0 0 (0s)
Tip
Nb Tip removed: 0 (0s)
Nb errors removed: 98 (0s)
Superbubble
Nb superbubble removed: 0 0 (0s)
Tip
Nb Tip removed: 0 (0s)
Nb errors removed: 1 (0s)
Superbubble
Nb superbubble removed: 0 0 (0s)
Tip
Nb Tip removed: 0 (0s)
Nb errors removed: 47 (0s)
Superbubble
Nb superbubble removed: 0 0 (0s)
Tip
Nb Tip removed: 0 (0s)
Nb errors removed: 38 (0s)
Superbubble
Nb superbubble removed: 0 0 (0s)
Tip
Nb Tip removed: 0 (0s)
Nb errors removed: 31 (0s)
Superbubble
Nb superbubble removed: 0 0 (0s)
Tip
Nb Tip removed: 0 (0s)
Nb errors removed: 15 (0s)
Superbubble
Nb superbubble removed: 0 0 (0s)
Tip
Nb Tip removed: 0 (0s)
Nb errors removed: 21 (0s)
Superbubble
Nb superbubble removed: 0 0 (0s)
Tip
Nb Tip removed: 0 (0s)
Nb errors removed: 21 (0s)
Superbubble
Nb superbubble removed: 0 0 (0s)
Tip
Nb Tip removed: 0 (0s)
Nb errors removed: 12 (0s)
Superbubble
Nb superbubble removed: 0 0 (0s)
Tip
Nb Tip removed: 0 (0s)
Nb errors removed: 9 (0s)
Superbubble
Nb superbubble removed: 0 0 (0s)
Tip
Nb Tip removed: 0 (0s)
Nb errors removed: 11 (0s)
Superbubble
Nb superbubble removed: 0 0 (0s)
Tip
Nb Tip removed: 0 (0s)
Nb errors removed: 15 (0s)
Superbubble
Nb superbubble removed: 0 0 (0s)
Tip
Nb Tip removed: 0 (0s)
Nb errors removed: 3 (0s)
Superbubble
Nb superbubble removed: 0 0 (0s)
Tip
Nb Tip removed: 0 (0s)
Nb errors removed: 1 (0s)
Superbubble
Nb superbubble removed: 0 0 (0s)
Tip
Nb Tip removed: 0 (0s)
Nb errors removed: 4 (0s)
Superbubble
Nb superbubble removed: 0 0 (0s)
Tip
Nb Tip removed: 0 (0s)
Nb errors removed: 1 (0s)
Superbubble
Nb superbubble removed: 0 0 (0s)
Tip
Nb Tip removed: 0 (0s)
Checksum: 0
Checksum abundnace: 0
Generating contigs
41.1448
28.1025
23.2252
14.421
13.11
11.9182
10.8347
9.84974
8.14028
7.40025
6.11591
5.05447
4.17725
3.13843
2.59374
2.14359
0


metaMDBG toMinspace  /var/folders/zg/vq0dnx517c54hg87dyqjky740000gn/T/.tmprWAL2M/tmp/ /var/folders/zg/vq0dnx517c54hg87dyqjky740000gn/T/.tmprWAL2M/tmp//contigs.nodepath /var/folders/zg/vq0dnx517c54hg87dyqjky740000gn/T/.tmprWAL2M/tmp//unitig_data.txt --threads 10

Input dir: /var/folders/zg/vq0dnx517c54hg87dyqjky740000gn/T/.tmprWAL2M/tmp/
Minimizer length: 15
Kminmer length: 128
Density: 0.005

Loading unitig sequences

Creating mContigs

Contig filename: /var/folders/zg/vq0dnx517c54hg87dyqjky740000gn/T/.tmprWAL2M/tmp//unitig_data.txt
pass done: 128
Multi-k pass: 129/205


metaMDBG graph /var/folders/zg/vq0dnx517c54hg87dyqjky740000gn/T/.tmprWAL2M/tmp/ --threads 10 --corrected-read 

Contig filename: 
Output dir: /var/folders/zg/vq0dnx517c54hg87dyqjky740000gn/T/.tmprWAL2M/tmp/
Minimizer length: 15
Kminmer length: 129
Density: 0.005
Min abundance: 0

Loading refined abundances
	Duration: 0
Collecting kminmers
Building mdbg
Duration: 0
Nb solid kminmers: 31864
Nb small contigs written: 0
Dump kminmer abundances
	Duration: 0
Indexing edges
Edge index size: 31945
Edge index elements: 58886
	Duration: 0
Compute unitig nodes
	Duration: 0
Index unitig edges
	Duration: 0
Compute unitig edges
	Duration: 0
Dump unitig abundances
	Duration: 0
Nb edges:   0


metaMDBG contig  /var/folders/zg/vq0dnx517c54hg87dyqjky740000gn/T/.tmprWAL2M/tmp/ --threads 10

Input dir: /var/folders/zg/vq0dnx517c54hg87dyqjky740000gn/T/.tmprWAL2M/tmp/
Minimizer length: 15
Kminmer length: 129
Density: 0.005

Loading unitig graph
Load unitigs
Nb unitigs: 548
Nb minimizers: 102008
Add unitig abundances
Sorting abundances
Add unitig edges
Nb unitig edges: 936
Sorting unitig edges
Done loading unitig graph
Simplifying
Max abundance: 41
Nb unitigs: 548
Superbubble
Nb superbubble removed: 0 0 (0s)
Tip
Nb Tip removed: 197 (0s)
Superbubble
Nb superbubble removed: 0 0 (0s)
Tip
Nb Tip removed: 0 (0s)
Nb errors removed: 94 (0s)
Superbubble
Nb superbubble removed: 0 0 (0s)
Tip
Nb Tip removed: 0 (0s)
Nb errors removed: 1 (0s)
Superbubble
Nb superbubble removed: 0 0 (0s)
Tip
Nb Tip removed: 0 (0s)
Nb errors removed: 46 (0s)
Superbubble
Nb superbubble removed: 0 0 (0s)
Tip
Nb Tip removed: 0 (0s)
Nb errors removed: 38 (0s)
Superbubble
Nb superbubble removed: 0 0 (0s)
Tip
Nb Tip removed: 0 (0s)
Nb errors removed: 31 (0s)
Superbubble
Nb superbubble removed: 0 0 (0s)
Tip
Nb Tip removed: 0 (0s)
Nb errors removed: 15 (0s)
Superbubble
Nb superbubble removed: 0 0 (0s)
Tip
Nb Tip removed: 0 (0s)
Nb errors removed: 21 (0s)
Superbubble
Nb superbubble removed: 0 0 (0s)
Tip
Nb Tip removed: 0 (0s)
Nb errors removed: 21 (0s)
Superbubble
Nb superbubble removed: 0 0 (0s)
Tip
Nb Tip removed: 0 (0s)
Nb errors removed: 12 (0s)
Superbubble
Nb superbubble removed: 0 0 (0s)
Tip
Nb Tip removed: 0 (0s)
Nb errors removed: 9 (0s)
Superbubble
Nb superbubble removed: 0 0 (0s)
Tip
Nb Tip removed: 0 (0s)
Nb errors removed: 11 (0s)
Superbubble
Nb superbubble removed: 0 0 (0s)
Tip
Nb Tip removed: 0 (0s)
Nb errors removed: 15 (0s)
Superbubble
Nb superbubble removed: 0 0 (0s)
Tip
Nb Tip removed: 0 (0s)
Nb errors removed: 3 (0s)
Superbubble
Nb superbubble removed: 0 0 (0s)
Tip
Nb Tip removed: 0 (0s)
Nb errors removed: 1 (0s)
Superbubble
Nb superbubble removed: 0 0 (0s)
Tip
Nb Tip removed: 0 (0s)
Nb errors removed: 4 (0s)
Superbubble
Nb superbubble removed: 0 0 (0s)
Tip
Nb Tip removed: 0 (0s)
Nb errors removed: 1 (0s)
Superbubble
Nb superbubble removed: 0 0 (0s)
Tip
Nb Tip removed: 0 (0s)
Checksum: 0
Checksum abundnace: 0
Generating contigs
41.1448
28.1025
23.2252
14.421
13.11
11.9182
10.8347
9.84974
8.14028
7.40025
6.11591
5.05447
4.17725
3.13843
2.59374
2.14359
0


metaMDBG toMinspace  /var/folders/zg/vq0dnx517c54hg87dyqjky740000gn/T/.tmprWAL2M/tmp/ /var/folders/zg/vq0dnx517c54hg87dyqjky740000gn/T/.tmprWAL2M/tmp//contigs.nodepath /var/folders/zg/vq0dnx517c54hg87dyqjky740000gn/T/.tmprWAL2M/tmp//unitig_data.txt --threads 10

Input dir: /var/folders/zg/vq0dnx517c54hg87dyqjky740000gn/T/.tmprWAL2M/tmp/
Minimizer length: 15
Kminmer length: 129
Density: 0.005

Loading unitig sequences

Creating mContigs

Contig filename: /var/folders/zg/vq0dnx517c54hg87dyqjky740000gn/T/.tmprWAL2M/tmp//unitig_data.txt
pass done: 129
Multi-k pass: 130/205


metaMDBG graph /var/folders/zg/vq0dnx517c54hg87dyqjky740000gn/T/.tmprWAL2M/tmp/ --threads 10 --corrected-read 

Contig filename: 
Output dir: /var/folders/zg/vq0dnx517c54hg87dyqjky740000gn/T/.tmprWAL2M/tmp/
Minimizer length: 15
Kminmer length: 130
Density: 0.005
Min abundance: 0

Loading refined abundances
	Duration: 0
Collecting kminmers
Building mdbg
Duration: 0
Nb solid kminmers: 31780
Nb small contigs written: 0
Dump kminmer abundances
	Duration: 0
Indexing edges
Edge index size: 31862
Edge index elements: 58738
	Duration: 0
Compute unitig nodes
	Duration: 0
Index unitig edges
	Duration: 0
Compute unitig edges
	Duration: 0
Dump unitig abundances
	Duration: 0
Nb edges:   0


metaMDBG contig  /var/folders/zg/vq0dnx517c54hg87dyqjky740000gn/T/.tmprWAL2M/tmp/ --threads 10

Input dir: /var/folders/zg/vq0dnx517c54hg87dyqjky740000gn/T/.tmprWAL2M/tmp/
Minimizer length: 15
Kminmer length: 130
Density: 0.005

Loading unitig graph
Load unitigs
Nb unitigs: 541
Nb minimizers: 101569
Add unitig abundances
Sorting abundances
Add unitig edges
Nb unitig edges: 924
Sorting unitig edges
Done loading unitig graph
Simplifying
Max abundance: 41
Nb unitigs: 541
Superbubble
Nb superbubble removed: 0 0 (0s)
Tip
Nb Tip removed: 194 (0s)
Superbubble
Nb superbubble removed: 0 0 (0s)
Tip
Nb Tip removed: 0 (0s)
Nb errors removed: 93 (0s)
Superbubble
Nb superbubble removed: 0 0 (0s)
Tip
Nb Tip removed: 0 (0s)
Nb errors removed: 1 (0s)
Superbubble
Nb superbubble removed: 0 0 (0s)
Tip
Nb Tip removed: 0 (0s)
Nb errors removed: 46 (0s)
Superbubble
Nb superbubble removed: 0 0 (0s)
Tip
Nb Tip removed: 0 (0s)
Nb errors removed: 38 (0s)
Superbubble
Nb superbubble removed: 0 0 (0s)
Tip
Nb Tip removed: 0 (0s)
Nb errors removed: 31 (0s)
Superbubble
Nb superbubble removed: 0 0 (0s)
Tip
Nb Tip removed: 0 (0s)
Nb errors removed: 15 (0s)
Superbubble
Nb superbubble removed: 0 0 (0s)
Tip
Nb Tip removed: 0 (0s)
Nb errors removed: 20 (0s)
Superbubble
Nb superbubble removed: 0 0 (0s)
Tip
Nb Tip removed: 0 (0s)
Nb errors removed: 21 (0s)
Superbubble
Nb superbubble removed: 0 0 (0s)
Tip
Nb Tip removed: 0 (0s)
Nb errors removed: 12 (0s)
Superbubble
Nb superbubble removed: 0 0 (0s)
Tip
Nb Tip removed: 0 (0s)
Nb errors removed: 9 (0s)
Superbubble
Nb superbubble removed: 0 0 (0s)
Tip
Nb Tip removed: 0 (0s)
Nb errors removed: 11 (0s)
Superbubble
Nb superbubble removed: 0 0 (0s)
Tip
Nb Tip removed: 0 (0s)
Nb errors removed: 15 (0s)
Superbubble
Nb superbubble removed: 0 0 (0s)
Tip
Nb Tip removed: 0 (0s)
Nb errors removed: 3 (0s)
Superbubble
Nb superbubble removed: 0 0 (0s)
Tip
Nb Tip removed: 0 (0s)
Nb errors removed: 1 (0s)
Superbubble
Nb superbubble removed: 0 0 (0s)
Tip
Nb Tip removed: 0 (0s)
Nb errors removed: 4 (0s)
Superbubble
Nb superbubble removed: 0 0 (0s)
Tip
Nb Tip removed: 0 (0s)
Nb errors removed: 1 (0s)
Superbubble
Nb superbubble removed: 0 0 (0s)
Tip
Nb Tip removed: 0 (0s)
Checksum: 0
Checksum abundnace: 0
Generating contigs
41.1448
28.1025
23.2252
14.421
13.11
11.9182
10.8347
9.84974
8.14028
7.40025
6.11591
5.05447
4.17725
3.13843
2.59374
2.14359
0


metaMDBG toMinspace  /var/folders/zg/vq0dnx517c54hg87dyqjky740000gn/T/.tmprWAL2M/tmp/ /var/folders/zg/vq0dnx517c54hg87dyqjky740000gn/T/.tmprWAL2M/tmp//contigs.nodepath /var/folders/zg/vq0dnx517c54hg87dyqjky740000gn/T/.tmprWAL2M/tmp//unitig_data.txt --threads 10

Input dir: /var/folders/zg/vq0dnx517c54hg87dyqjky740000gn/T/.tmprWAL2M/tmp/
Minimizer length: 15
Kminmer length: 130
Density: 0.005

Loading unitig sequences

Creating mContigs

Contig filename: /var/folders/zg/vq0dnx517c54hg87dyqjky740000gn/T/.tmprWAL2M/tmp//unitig_data.txt
pass done: 130
Multi-k pass: 131/205


metaMDBG graph /var/folders/zg/vq0dnx517c54hg87dyqjky740000gn/T/.tmprWAL2M/tmp/ --threads 10 --corrected-read 

Contig filename: 
Output dir: /var/folders/zg/vq0dnx517c54hg87dyqjky740000gn/T/.tmprWAL2M/tmp/
Minimizer length: 15
Kminmer length: 131
Density: 0.005
Min abundance: 0

Loading refined abundances
	Duration: 0
Collecting kminmers
Building mdbg
Duration: 0
Nb solid kminmers: 31689
Nb small contigs written: 0
Dump kminmer abundances
	Duration: 0
Indexing edges
Edge index size: 31778
Edge index elements: 58579
	Duration: 0
Compute unitig nodes
	Duration: 0
Index unitig edges
	Duration: 0
Compute unitig edges
	Duration: 0
Dump unitig abundances
	Duration: 0
Nb edges:   0


metaMDBG contig  /var/folders/zg/vq0dnx517c54hg87dyqjky740000gn/T/.tmprWAL2M/tmp/ --threads 10 --gen-graph 

Input dir: /var/folders/zg/vq0dnx517c54hg87dyqjky740000gn/T/.tmprWAL2M/tmp/
Minimizer length: 15
Kminmer length: 131
Density: 0.005

Loading unitig graph
Load unitigs
Nb unitigs: 534
Nb minimizers: 101109
Add unitig abundances
Sorting abundances
Add unitig edges
Nb unitig edges: 892
Sorting unitig edges
Done loading unitig graph
Simplifying
Max abundance: 41
Nb unitigs: 534
Superbubble
Nb superbubble removed: 0 0 (0s)
Tip
Nb Tip removed: 189 (0s)
Superbubble
Nb superbubble removed: 0 0 (0s)
Tip
Nb Tip removed: 0 (0s)
Saving unitig graph: /var/folders/zg/vq0dnx517c54hg87dyqjky740000gn/T/.tmprWAL2M/tmp//assembly_graph.gfa
Nb errors removed: 91 (0s)
Superbubble
Nb superbubble removed: 0 0 (0s)
Tip
Nb Tip removed: 0 (0s)
Nb errors removed: 1 (0s)
Superbubble
Nb superbubble removed: 0 0 (0s)
Tip
Nb Tip removed: 0 (0s)
Nb errors removed: 46 (0s)
Superbubble
Nb superbubble removed: 0 0 (0s)
Tip
Nb Tip removed: 0 (0s)
Nb errors removed: 38 (0s)
Superbubble
Nb superbubble removed: 0 0 (0s)
Tip
Nb Tip removed: 0 (0s)
Nb errors removed: 32 (0s)
Superbubble
Nb superbubble removed: 0 0 (0s)
Tip
Nb Tip removed: 0 (0s)
Nb errors removed: 15 (0s)
Superbubble
Nb superbubble removed: 0 0 (0s)
Tip
Nb Tip removed: 0 (0s)
Nb errors removed: 20 (0s)
Superbubble
Nb superbubble removed: 0 0 (0s)
Tip
Nb Tip removed: 0 (0s)
Nb errors removed: 21 (0s)
Superbubble
Nb superbubble removed: 0 0 (0s)
Tip
Nb Tip removed: 0 (0s)
Nb errors removed: 12 (0s)
Superbubble
Nb superbubble removed: 0 0 (0s)
Tip
Nb Tip removed: 0 (0s)
Nb errors removed: 9 (0s)
Superbubble
Nb superbubble removed: 0 0 (0s)
Tip
Nb Tip removed: 0 (0s)
Nb errors removed: 11 (0s)
Superbubble
Nb superbubble removed: 0 0 (0s)
Tip
Nb Tip removed: 0 (0s)
Nb errors removed: 15 (0s)
Superbubble
Nb superbubble removed: 0 0 (0s)
Tip
Nb Tip removed: 0 (0s)
Nb errors removed: 2 (0s)
Superbubble
Nb superbubble removed: 0 0 (0s)
Tip
Nb Tip removed: 0 (0s)
Nb errors removed: 1 (0s)
Superbubble
Nb superbubble removed: 0 0 (0s)
Tip
Nb Tip removed: 0 (0s)
Nb errors removed: 5 (0s)
Superbubble
Nb superbubble removed: 0 0 (0s)
Tip
Nb Tip removed: 0 (0s)
Nb errors removed: 1 (0s)
Superbubble
Nb superbubble removed: 0 0 (0s)
Tip
Nb Tip removed: 0 (0s)
Checksum: 0
Checksum abundnace: 0
Generating contigs
41.1448
28.1025
23.2252
14.421
13.11
11.9182
10.8347
9.84974
8.14028
7.40025
6.11591
5.05447
4.17725
3.13843
2.59374
2.14359
0


metaMDBG toMinspace  /var/folders/zg/vq0dnx517c54hg87dyqjky740000gn/T/.tmprWAL2M/tmp/ /var/folders/zg/vq0dnx517c54hg87dyqjky740000gn/T/.tmprWAL2M/tmp//contigs.nodepath /var/folders/zg/vq0dnx517c54hg87dyqjky740000gn/T/.tmprWAL2M/tmp//unitig_data.txt --threads 10

Input dir: /var/folders/zg/vq0dnx517c54hg87dyqjky740000gn/T/.tmprWAL2M/tmp/
Minimizer length: 15
Kminmer length: 131
Density: 0.005

Loading unitig sequences

Creating mContigs

Contig filename: /var/folders/zg/vq0dnx517c54hg87dyqjky740000gn/T/.tmprWAL2M/tmp//unitig_data.txt


metaMDBG toMinspace  /var/folders/zg/vq0dnx517c54hg87dyqjky740000gn/T/.tmprWAL2M/tmp/ /var/folders/zg/vq0dnx517c54hg87dyqjky740000gn/T/.tmprWAL2M/tmp//assembly_graph.gfa.unitigs.nodepath /var/folders/zg/vq0dnx517c54hg87dyqjky740000gn/T/.tmprWAL2M/tmp//assembly_graph.gfa.unitigs --threads 10

Input dir: /var/folders/zg/vq0dnx517c54hg87dyqjky740000gn/T/.tmprWAL2M/tmp/
Minimizer length: 15
Kminmer length: 131
Density: 0.005

Loading unitig sequences

Creating mContigs

Contig filename: /var/folders/zg/vq0dnx517c54hg87dyqjky740000gn/T/.tmprWAL2M/tmp//assembly_graph.gfa.unitigs
pass done: 131
Multi-k pass: 132/205


metaMDBG graph /var/folders/zg/vq0dnx517c54hg87dyqjky740000gn/T/.tmprWAL2M/tmp/ --threads 10 --corrected-read 

Contig filename: 
Output dir: /var/folders/zg/vq0dnx517c54hg87dyqjky740000gn/T/.tmprWAL2M/tmp/
Minimizer length: 15
Kminmer length: 132
Density: 0.005
Min abundance: 0

Loading refined abundances
	Duration: 0
Collecting kminmers
Building mdbg
Duration: 0
Nb solid kminmers: 31595
Nb small contigs written: 0
Dump kminmer abundances
	Duration: 0
Indexing edges
Edge index size: 31683
Edge index elements: 58346
	Duration: 0
Compute unitig nodes
	Duration: 0
Index unitig edges
	Duration: 0
Compute unitig edges
	Duration: 0
Dump unitig abundances
	Duration: 0
Nb edges:   0


metaMDBG contig  /var/folders/zg/vq0dnx517c54hg87dyqjky740000gn/T/.tmprWAL2M/tmp/ --threads 10

Input dir: /var/folders/zg/vq0dnx517c54hg87dyqjky740000gn/T/.tmprWAL2M/tmp/
Minimizer length: 15
Kminmer length: 132
Density: 0.005

Loading unitig graph
Load unitigs
Nb unitigs: 524
Nb minimizers: 100239
Add unitig abundances
Sorting abundances
Add unitig edges
Nb unitig edges: 872
Sorting unitig edges
Done loading unitig graph
Simplifying
Max abundance: 41
Nb unitigs: 524
Superbubble
Nb superbubble removed: 0 0 (0s)
Tip
Nb Tip removed: 183 (0s)
Superbubble
Nb superbubble removed: 0 0 (0s)
Tip
Nb Tip removed: 0 (0s)
Nb errors removed: 89 (0s)
Superbubble
Nb superbubble removed: 0 0 (0s)
Tip
Nb Tip removed: 0 (0s)
Nb errors removed: 1 (0s)
Superbubble
Nb superbubble removed: 0 0 (0s)
Tip
Nb Tip removed: 0 (0s)
Nb errors removed: 43 (0s)
Superbubble
Nb superbubble removed: 0 0 (0s)
Tip
Nb Tip removed: 0 (0s)
Nb errors removed: 37 (0s)
Superbubble
Nb superbubble removed: 0 0 (0s)
Tip
Nb Tip removed: 0 (0s)
Nb errors removed: 32 (0s)
Superbubble
Nb superbubble removed: 0 0 (0s)
Tip
Nb Tip removed: 0 (0s)
Nb errors removed: 15 (0s)
Superbubble
Nb superbubble removed: 0 0 (0s)
Tip
Nb Tip removed: 0 (0s)
Nb errors removed: 20 (0s)
Superbubble
Nb superbubble removed: 0 0 (0s)
Tip
Nb Tip removed: 0 (0s)
Nb errors removed: 21 (0s)
Superbubble
Nb superbubble removed: 0 0 (0s)
Tip
Nb Tip removed: 0 (0s)
Nb errors removed: 12 (0s)
Superbubble
Nb superbubble removed: 0 0 (0s)
Tip
Nb Tip removed: 0 (0s)
Nb errors removed: 9 (0s)
Superbubble
Nb superbubble removed: 0 0 (0s)
Tip
Nb Tip removed: 0 (0s)
Nb errors removed: 11 (0s)
Superbubble
Nb superbubble removed: 0 0 (0s)
Tip
Nb Tip removed: 0 (0s)
Nb errors removed: 15 (0s)
Superbubble
Nb superbubble removed: 0 0 (0s)
Tip
Nb Tip removed: 0 (0s)
Nb errors removed: 2 (0s)
Superbubble
Nb superbubble removed: 0 0 (0s)
Tip
Nb Tip removed: 0 (0s)
Nb errors removed: 1 (0s)
Superbubble
Nb superbubble removed: 0 0 (0s)
Tip
Nb Tip removed: 0 (0s)
Nb errors removed: 5 (0s)
Superbubble
Nb superbubble removed: 0 0 (0s)
Tip
Nb Tip removed: 0 (0s)
Nb errors removed: 1 (0s)
Superbubble
Nb superbubble removed: 0 0 (0s)
Tip
Nb Tip removed: 0 (0s)
Checksum: 0
Checksum abundnace: 0
Generating contigs
41.1448
28.1025
23.2252
14.421
13.11
11.9182
10.8347
9.84974
8.14028
7.40025
6.11591
5.05447
4.17725
3.13843
2.59374
2.14359
0


metaMDBG toMinspace  /var/folders/zg/vq0dnx517c54hg87dyqjky740000gn/T/.tmprWAL2M/tmp/ /var/folders/zg/vq0dnx517c54hg87dyqjky740000gn/T/.tmprWAL2M/tmp//contigs.nodepath /var/folders/zg/vq0dnx517c54hg87dyqjky740000gn/T/.tmprWAL2M/tmp//unitig_data.txt --threads 10

Input dir: /var/folders/zg/vq0dnx517c54hg87dyqjky740000gn/T/.tmprWAL2M/tmp/
Minimizer length: 15
Kminmer length: 132
Density: 0.005

Loading unitig sequences

Creating mContigs

Contig filename: /var/folders/zg/vq0dnx517c54hg87dyqjky740000gn/T/.tmprWAL2M/tmp//unitig_data.txt
pass done: 132
Multi-k pass: 133/205


metaMDBG graph /var/folders/zg/vq0dnx517c54hg87dyqjky740000gn/T/.tmprWAL2M/tmp/ --threads 10 --corrected-read 

Contig filename: 
Output dir: /var/folders/zg/vq0dnx517c54hg87dyqjky740000gn/T/.tmprWAL2M/tmp/
Minimizer length: 15
Kminmer length: 133
Density: 0.005
Min abundance: 0

Loading refined abundances
	Duration: 0
Collecting kminmers
Building mdbg
Duration: 0
Nb solid kminmers: 31503
Nb small contigs written: 0
Dump kminmer abundances
	Duration: 0
Indexing edges
Edge index size: 31590
Edge index elements: 58329
	Duration: 0
Compute unitig nodes
	Duration: 0
Index unitig edges
	Duration: 0
Compute unitig edges
	Duration: 0
Dump unitig abundances
	Duration: 0
Nb edges:   0


metaMDBG contig  /var/folders/zg/vq0dnx517c54hg87dyqjky740000gn/T/.tmprWAL2M/tmp/ --threads 10

Input dir: /var/folders/zg/vq0dnx517c54hg87dyqjky740000gn/T/.tmprWAL2M/tmp/
Minimizer length: 15
Kminmer length: 133
Density: 0.005

Loading unitig graph
Load unitigs
Nb unitigs: 514
Nb minimizers: 99351
Add unitig abundances
Sorting abundances
Add unitig edges
Nb unitig edges: 856
Sorting unitig edges
Done loading unitig graph
Simplifying
Max abundance: 41
Nb unitigs: 514
Superbubble
Nb superbubble removed: 0 0 (0s)
Tip
Nb Tip removed: 179 (0s)
Superbubble
Nb superbubble removed: 0 0 (0s)
Tip
Nb Tip removed: 0 (0s)
Nb errors removed: 87 (0s)
Superbubble
Nb superbubble removed: 0 0 (0s)
Tip
Nb Tip removed: 0 (0s)
Nb errors removed: 1 (0s)
Superbubble
Nb superbubble removed: 0 0 (0s)
Tip
Nb Tip removed: 0 (0s)
Nb errors removed: 41 (0s)
Superbubble
Nb superbubble removed: 0 0 (0s)
Tip
Nb Tip removed: 0 (0s)
Nb errors removed: 36 (0s)
Superbubble
Nb superbubble removed: 0 0 (0s)
Tip
Nb Tip removed: 0 (0s)
Nb errors removed: 32 (0s)
Superbubble
Nb superbubble removed: 0 0 (0s)
Tip
Nb Tip removed: 0 (0s)
Nb errors removed: 15 (0s)
Superbubble
Nb superbubble removed: 0 0 (0s)
Tip
Nb Tip removed: 0 (0s)
Nb errors removed: 21 (0s)
Superbubble
Nb superbubble removed: 0 0 (0s)
Tip
Nb Tip removed: 0 (0s)
Nb errors removed: 21 (0s)
Superbubble
Nb superbubble removed: 0 0 (0s)
Tip
Nb Tip removed: 0 (0s)
Nb errors removed: 12 (0s)
Superbubble
Nb superbubble removed: 0 0 (0s)
Tip
Nb Tip removed: 0 (0s)
Nb errors removed: 9 (0s)
Superbubble
Nb superbubble removed: 0 0 (0s)
Tip
Nb Tip removed: 0 (0s)
Nb errors removed: 11 (0s)
Superbubble
Nb superbubble removed: 0 0 (0s)
Tip
Nb Tip removed: 0 (0s)
Nb errors removed: 15 (0s)
Superbubble
Nb superbubble removed: 0 0 (0s)
Tip
Nb Tip removed: 0 (0s)
Nb errors removed: 2 (0s)
Superbubble
Nb superbubble removed: 0 0 (0s)
Tip
Nb Tip removed: 0 (0s)
Nb errors removed: 1 (0s)
Superbubble
Nb superbubble removed: 0 0 (0s)
Tip
Nb Tip removed: 0 (0s)
Nb errors removed: 5 (0s)
Superbubble
Nb superbubble removed: 0 0 (0s)
Tip
Nb Tip removed: 0 (0s)
Nb errors removed: 1 (0s)
Superbubble
Nb superbubble removed: 0 0 (0s)
Tip
Nb Tip removed: 0 (0s)
Checksum: 0
Checksum abundnace: 0
Generating contigs
41.1448
28.1025
23.2252
14.421
13.11
11.9182
10.8347
9.84974
8.14028
7.40025
6.11591
5.05447
4.17725
3.13843
2.59374
2.14359
0


metaMDBG toMinspace  /var/folders/zg/vq0dnx517c54hg87dyqjky740000gn/T/.tmprWAL2M/tmp/ /var/folders/zg/vq0dnx517c54hg87dyqjky740000gn/T/.tmprWAL2M/tmp//contigs.nodepath /var/folders/zg/vq0dnx517c54hg87dyqjky740000gn/T/.tmprWAL2M/tmp//unitig_data.txt --threads 10

Input dir: /var/folders/zg/vq0dnx517c54hg87dyqjky740000gn/T/.tmprWAL2M/tmp/
Minimizer length: 15
Kminmer length: 133
Density: 0.005

Loading unitig sequences

Creating mContigs

Contig filename: /var/folders/zg/vq0dnx517c54hg87dyqjky740000gn/T/.tmprWAL2M/tmp//unitig_data.txt
pass done: 133
Multi-k pass: 134/205


metaMDBG graph /var/folders/zg/vq0dnx517c54hg87dyqjky740000gn/T/.tmprWAL2M/tmp/ --threads 10 --corrected-read 

Contig filename: 
Output dir: /var/folders/zg/vq0dnx517c54hg87dyqjky740000gn/T/.tmprWAL2M/tmp/
Minimizer length: 15
Kminmer length: 134
Density: 0.005
Min abundance: 0

Loading refined abundances
	Duration: 0
Collecting kminmers
Building mdbg
Duration: 0
Nb solid kminmers: 31408
Nb small contigs written: 0
Dump kminmer abundances
	Duration: 0
Indexing edges
Edge index size: 31502
Edge index elements: 58256
	Duration: 0
Compute unitig nodes
	Duration: 0
Index unitig edges
	Duration: 0
Compute unitig edges
	Duration: 0
Dump unitig abundances
	Duration: 0
Nb edges:   0


metaMDBG contig  /var/folders/zg/vq0dnx517c54hg87dyqjky740000gn/T/.tmprWAL2M/tmp/ --threads 10

Input dir: /var/folders/zg/vq0dnx517c54hg87dyqjky740000gn/T/.tmprWAL2M/tmp/
Minimizer length: 15
Kminmer length: 134
Density: 0.005

Loading unitig graph
Load unitigs
Nb unitigs: 505
Nb minimizers: 98573
Add unitig abundances
Sorting abundances
Add unitig edges
Nb unitig edges: 822
Sorting unitig edges
Done loading unitig graph
Simplifying
Max abundance: 41
Nb unitigs: 505
Superbubble
Nb superbubble removed: 0 0 (0s)
Tip
Nb Tip removed: 169 (0s)
Superbubble
Nb superbubble removed: 0 0 (0s)
Tip
Nb Tip removed: 0 (0s)
Nb errors removed: 86 (0s)
Superbubble
Nb superbubble removed: 0 0 (0s)
Tip
Nb Tip removed: 0 (0s)
Nb errors removed: 1 (0s)
Superbubble
Nb superbubble removed: 0 0 (0s)
Tip
Nb Tip removed: 0 (0s)
Nb errors removed: 41 (0s)
Superbubble
Nb superbubble removed: 0 0 (0s)
Tip
Nb Tip removed: 0 (0s)
Nb errors removed: 36 (0s)
Superbubble
Nb superbubble removed: 0 0 (0s)
Tip
Nb Tip removed: 0 (0s)
Nb errors removed: 32 (0s)
Superbubble
Nb superbubble removed: 0 0 (0s)
Tip
Nb Tip removed: 0 (0s)
Nb errors removed: 15 (0s)
Superbubble
Nb superbubble removed: 0 0 (0s)
Tip
Nb Tip removed: 0 (0s)
Nb errors removed: 20 (0s)
Superbubble
Nb superbubble removed: 0 0 (0s)
Tip
Nb Tip removed: 0 (0s)
Nb errors removed: 21 (0s)
Superbubble
Nb superbubble removed: 0 0 (0s)
Tip
Nb Tip removed: 0 (0s)
Nb errors removed: 11 (0s)
Superbubble
Nb superbubble removed: 0 0 (0s)
Tip
Nb Tip removed: 0 (0s)
Nb errors removed: 9 (0s)
Superbubble
Nb superbubble removed: 0 0 (0s)
Tip
Nb Tip removed: 0 (0s)
Nb errors removed: 11 (0s)
Superbubble
Nb superbubble removed: 0 0 (0s)
Tip
Nb Tip removed: 0 (0s)
Nb errors removed: 15 (0s)
Superbubble
Nb superbubble removed: 0 0 (0s)
Tip
Nb Tip removed: 0 (0s)
Nb errors removed: 2 (0s)
Superbubble
Nb superbubble removed: 0 0 (0s)
Tip
Nb Tip removed: 0 (0s)
Nb errors removed: 1 (0s)
Superbubble
Nb superbubble removed: 0 0 (0s)
Tip
Nb Tip removed: 0 (0s)
Nb errors removed: 5 (0s)
Superbubble
Nb superbubble removed: 0 0 (0s)
Tip
Nb Tip removed: 0 (0s)
Nb errors removed: 1 (0s)
Superbubble
Nb superbubble removed: 0 0 (0s)
Tip
Nb Tip removed: 0 (0s)
Checksum: 0
Checksum abundnace: 0
Generating contigs
41.1448
28.1025
23.2252
14.421
13.11
11.9182
10.8347
9.84974
8.14028
7.40025
6.11591
5.05447
4.17725
3.13843
2.59374
2.14359
0


metaMDBG toMinspace  /var/folders/zg/vq0dnx517c54hg87dyqjky740000gn/T/.tmprWAL2M/tmp/ /var/folders/zg/vq0dnx517c54hg87dyqjky740000gn/T/.tmprWAL2M/tmp//contigs.nodepath /var/folders/zg/vq0dnx517c54hg87dyqjky740000gn/T/.tmprWAL2M/tmp//unitig_data.txt --threads 10

Input dir: /var/folders/zg/vq0dnx517c54hg87dyqjky740000gn/T/.tmprWAL2M/tmp/
Minimizer length: 15
Kminmer length: 134
Density: 0.005

Loading unitig sequences

Creating mContigs

Contig filename: /var/folders/zg/vq0dnx517c54hg87dyqjky740000gn/T/.tmprWAL2M/tmp//unitig_data.txt
pass done: 134
Multi-k pass: 135/205


metaMDBG graph /var/folders/zg/vq0dnx517c54hg87dyqjky740000gn/T/.tmprWAL2M/tmp/ --threads 10 --corrected-read 

Contig filename: 
Output dir: /var/folders/zg/vq0dnx517c54hg87dyqjky740000gn/T/.tmprWAL2M/tmp/
Minimizer length: 15
Kminmer length: 135
Density: 0.005
Min abundance: 0

Loading refined abundances
	Duration: 0
Collecting kminmers
Building mdbg
Duration: 0
Nb solid kminmers: 31311
Nb small contigs written: 0
Dump kminmer abundances
	Duration: 0
Indexing edges
Edge index size: 31404
Edge index elements: 58029
	Duration: 0
Compute unitig nodes
	Duration: 0
Index unitig edges
	Duration: 0
Compute unitig edges
	Duration: 0
Dump unitig abundances
	Duration: 0
Nb edges:   0


metaMDBG contig  /var/folders/zg/vq0dnx517c54hg87dyqjky740000gn/T/.tmprWAL2M/tmp/ --threads 10

Input dir: /var/folders/zg/vq0dnx517c54hg87dyqjky740000gn/T/.tmprWAL2M/tmp/
Minimizer length: 15
Kminmer length: 135
Density: 0.005

Loading unitig graph
Load unitigs
Nb unitigs: 496
Nb minimizers: 97775
Add unitig abundances
Sorting abundances
Add unitig edges
Nb unitig edges: 810
Sorting unitig edges
Done loading unitig graph
Simplifying
Max abundance: 41
Nb unitigs: 496
Superbubble
Nb superbubble removed: 0 0 (0s)
Tip
Nb Tip removed: 168 (0s)
Superbubble
Nb superbubble removed: 0 0 (0s)
Tip
Nb Tip removed: 0 (0s)
Nb errors removed: 85 (0s)
Superbubble
Nb superbubble removed: 0 0 (0s)
Tip
Nb Tip removed: 0 (0s)
Nb errors removed: 1 (0s)
Superbubble
Nb superbubble removed: 0 0 (0s)
Tip
Nb Tip removed: 0 (0s)
Nb errors removed: 39 (0s)
Superbubble
Nb superbubble removed: 0 0 (0s)
Tip
Nb Tip removed: 0 (0s)
Nb errors removed: 36 (0s)
Superbubble
Nb superbubble removed: 0 0 (0s)
Tip
Nb Tip removed: 0 (0s)
Nb errors removed: 32 (0s)
Superbubble
Nb superbubble removed: 0 0 (0s)
Tip
Nb Tip removed: 0 (0s)
Nb errors removed: 14 (0s)
Superbubble
Nb superbubble removed: 0 0 (0s)
Tip
Nb Tip removed: 0 (0s)
Nb errors removed: 1 (0s)
Superbubble
Nb superbubble removed: 0 0 (0s)
Tip
Nb Tip removed: 0 (0s)
Nb errors removed: 19 (0s)
Superbubble
Nb superbubble removed: 0 0 (0s)
Tip
Nb Tip removed: 0 (0s)
Nb errors removed: 21 (0s)
Superbubble
Nb superbubble removed: 0 0 (0s)
Tip
Nb Tip removed: 0 (0s)
Nb errors removed: 11 (0s)
Superbubble
Nb superbubble removed: 0 0 (0s)
Tip
Nb Tip removed: 0 (0s)
Nb errors removed: 9 (0s)
Superbubble
Nb superbubble removed: 0 0 (0s)
Tip
Nb Tip removed: 0 (0s)
Nb errors removed: 11 (0s)
Superbubble
Nb superbubble removed: 0 0 (0s)
Tip
Nb Tip removed: 0 (0s)
Nb errors removed: 15 (0s)
Superbubble
Nb superbubble removed: 0 0 (0s)
Tip
Nb Tip removed: 0 (0s)
Nb errors removed: 2 (0s)
Superbubble
Nb superbubble removed: 0 0 (0s)
Tip
Nb Tip removed: 0 (0s)
Nb errors removed: 1 (0s)
Superbubble
Nb superbubble removed: 0 0 (0s)
Tip
Nb Tip removed: 0 (0s)
Nb errors removed: 5 (0s)
Superbubble
Nb superbubble removed: 0 0 (0s)
Tip
Nb Tip removed: 0 (0s)
Nb errors removed: 1 (0s)
Superbubble
Nb superbubble removed: 0 0 (0s)
Tip
Nb Tip removed: 0 (0s)
Checksum: 0
Checksum abundnace: 0
Generating contigs
41.1448
28.1025
23.2252
14.421
13.11
11.9182
10.8347
9.84974
8.14028
7.40025
6.7275
6.11591
5.05447
4.17725
3.13843
2.59374
2.14359
0


metaMDBG toMinspace  /var/folders/zg/vq0dnx517c54hg87dyqjky740000gn/T/.tmprWAL2M/tmp/ /var/folders/zg/vq0dnx517c54hg87dyqjky740000gn/T/.tmprWAL2M/tmp//contigs.nodepath /var/folders/zg/vq0dnx517c54hg87dyqjky740000gn/T/.tmprWAL2M/tmp//unitig_data.txt --threads 10

Input dir: /var/folders/zg/vq0dnx517c54hg87dyqjky740000gn/T/.tmprWAL2M/tmp/
Minimizer length: 15
Kminmer length: 135
Density: 0.005

Loading unitig sequences

Creating mContigs

Contig filename: /var/folders/zg/vq0dnx517c54hg87dyqjky740000gn/T/.tmprWAL2M/tmp//unitig_data.txt
pass done: 135
Multi-k pass: 136/205


metaMDBG graph /var/folders/zg/vq0dnx517c54hg87dyqjky740000gn/T/.tmprWAL2M/tmp/ --threads 10 --corrected-read 

Contig filename: 
Output dir: /var/folders/zg/vq0dnx517c54hg87dyqjky740000gn/T/.tmprWAL2M/tmp/
Minimizer length: 15
Kminmer length: 136
Density: 0.005
Min abundance: 0

Loading refined abundances
	Duration: 0
Collecting kminmers
Building mdbg
Duration: 0
Nb solid kminmers: 31214
Nb small contigs written: 0
Dump kminmer abundances
	Duration: 0
Indexing edges
Edge index size: 31308
Edge index elements: 57975
	Duration: 0
Compute unitig nodes
	Duration: 0
Index unitig edges
	Duration: 0
Compute unitig edges
	Duration: 0
Dump unitig abundances
	Duration: 0
Nb edges:   0


metaMDBG contig  /var/folders/zg/vq0dnx517c54hg87dyqjky740000gn/T/.tmprWAL2M/tmp/ --threads 10

Input dir: /var/folders/zg/vq0dnx517c54hg87dyqjky740000gn/T/.tmprWAL2M/tmp/
Minimizer length: 15
Kminmer length: 136
Density: 0.005

Loading unitig graph
Load unitigs
Nb unitigs: 489
Nb minimizers: 97229
Add unitig abundances
Sorting abundances
Add unitig edges
Nb unitig edges: 790
Sorting unitig edges
Done loading unitig graph
Simplifying
Max abundance: 41
Nb unitigs: 489
Superbubble
Nb superbubble removed: 0 0 (0s)
Tip
Nb Tip removed: 164 (0s)
Superbubble
Nb superbubble removed: 0 0 (0s)
Tip
Nb Tip removed: 0 (0s)
Nb errors removed: 84 (0s)
Superbubble
Nb superbubble removed: 0 0 (0s)
Tip
Nb Tip removed: 0 (0s)
Nb errors removed: 1 (0s)
Superbubble
Nb superbubble removed: 0 0 (0s)
Tip
Nb Tip removed: 0 (0s)
Nb errors removed: 39 (0s)
Superbubble
Nb superbubble removed: 0 0 (0s)
Tip
Nb Tip removed: 0 (0s)
Nb errors removed: 35 (0s)
Superbubble
Nb superbubble removed: 0 0 (0s)
Tip
Nb Tip removed: 0 (0s)
Nb errors removed: 31 (0s)
Superbubble
Nb superbubble removed: 0 0 (0s)
Tip
Nb Tip removed: 0 (0s)
Nb errors removed: 13 (0s)
Superbubble
Nb superbubble removed: 0 0 (0s)
Tip
Nb Tip removed: 0 (0s)
Nb errors removed: 20 (0s)
Superbubble
Nb superbubble removed: 0 0 (0s)
Tip
Nb Tip removed: 0 (0s)
Nb errors removed: 21 (0s)
Superbubble
Nb superbubble removed: 0 0 (0s)
Tip
Nb Tip removed: 0 (0s)
Nb errors removed: 11 (0s)
Superbubble
Nb superbubble removed: 0 0 (0s)
Tip
Nb Tip removed: 0 (0s)
Nb errors removed: 9 (0s)
Superbubble
Nb superbubble removed: 0 0 (0s)
Tip
Nb Tip removed: 0 (0s)
Nb errors removed: 11 (0s)
Superbubble
Nb superbubble removed: 0 0 (0s)
Tip
Nb Tip removed: 0 (0s)
Nb errors removed: 15 (0s)
Superbubble
Nb superbubble removed: 0 0 (0s)
Tip
Nb Tip removed: 0 (0s)
Nb errors removed: 2 (0s)
Superbubble
Nb superbubble removed: 0 0 (0s)
Tip
Nb Tip removed: 0 (0s)
Nb errors removed: 1 (0s)
Superbubble
Nb superbubble removed: 0 0 (0s)
Tip
Nb Tip removed: 0 (0s)
Nb errors removed: 4 (0s)
Superbubble
Nb superbubble removed: 0 0 (0s)
Tip
Nb Tip removed: 0 (0s)
Nb errors removed: 1 (0s)
Superbubble
Nb superbubble removed: 0 0 (0s)
Tip
Nb Tip removed: 0 (0s)
Checksum: 0
Checksum abundnace: 0
Generating contigs
41.1448
28.1025
23.2252
14.421
13.11
11.9182
10.8347
9.84974
8.14028
7.40025
6.11591
5.05447
4.17725
3.13843
2.59374
2.14359
0


metaMDBG toMinspace  /var/folders/zg/vq0dnx517c54hg87dyqjky740000gn/T/.tmprWAL2M/tmp/ /var/folders/zg/vq0dnx517c54hg87dyqjky740000gn/T/.tmprWAL2M/tmp//contigs.nodepath /var/folders/zg/vq0dnx517c54hg87dyqjky740000gn/T/.tmprWAL2M/tmp//unitig_data.txt --threads 10

Input dir: /var/folders/zg/vq0dnx517c54hg87dyqjky740000gn/T/.tmprWAL2M/tmp/
Minimizer length: 15
Kminmer length: 136
Density: 0.005

Loading unitig sequences

Creating mContigs

Contig filename: /var/folders/zg/vq0dnx517c54hg87dyqjky740000gn/T/.tmprWAL2M/tmp//unitig_data.txt
pass done: 136
Multi-k pass: 137/205


metaMDBG graph /var/folders/zg/vq0dnx517c54hg87dyqjky740000gn/T/.tmprWAL2M/tmp/ --threads 10 --corrected-read 

Contig filename: 
Output dir: /var/folders/zg/vq0dnx517c54hg87dyqjky740000gn/T/.tmprWAL2M/tmp/
Minimizer length: 15
Kminmer length: 137
Density: 0.005
Min abundance: 0

Loading refined abundances
	Duration: 0
Collecting kminmers
Building mdbg
Duration: 0
Nb solid kminmers: 31117
Nb small contigs written: 0
Dump kminmer abundances
	Duration: 0
Indexing edges
Edge index size: 31213
Edge index elements: 57746
	Duration: 0
Compute unitig nodes
	Duration: 0
Index unitig edges
	Duration: 0
Compute unitig edges
	Duration: 0
Dump unitig abundances
	Duration: 0
Nb edges:   0


metaMDBG contig  /var/folders/zg/vq0dnx517c54hg87dyqjky740000gn/T/.tmprWAL2M/tmp/ --threads 10

Input dir: /var/folders/zg/vq0dnx517c54hg87dyqjky740000gn/T/.tmprWAL2M/tmp/
Minimizer length: 15
Kminmer length: 137
Density: 0.005

Loading unitig graph
Load unitigs
Nb unitigs: 485
Nb minimizers: 97077
Add unitig abundances
Sorting abundances
Add unitig edges
Nb unitig edges: 778
Sorting unitig edges
Done loading unitig graph
Simplifying
Max abundance: 41
Nb unitigs: 485
Superbubble
Nb superbubble removed: 0 0 (0s)
Tip
Nb Tip removed: 160 (0s)
Superbubble
Nb superbubble removed: 0 0 (0s)
Tip
Nb Tip removed: 0 (0s)
Nb errors removed: 83 (0s)
Superbubble
Nb superbubble removed: 0 0 (0s)
Tip
Nb Tip removed: 0 (0s)
Nb errors removed: 1 (0s)
Superbubble
Nb superbubble removed: 0 0 (0s)
Tip
Nb Tip removed: 0 (0s)
Nb errors removed: 39 (0s)
Superbubble
Nb superbubble removed: 0 0 (0s)
Tip
Nb Tip removed: 0 (0s)
Nb errors removed: 35 (0s)
Superbubble
Nb superbubble removed: 0 0 (0s)
Tip
Nb Tip removed: 0 (0s)
Nb errors removed: 31 (0s)
Superbubble
Nb superbubble removed: 0 0 (0s)
Tip
Nb Tip removed: 0 (0s)
Nb errors removed: 13 (0s)
Superbubble
Nb superbubble removed: 0 0 (0s)
Tip
Nb Tip removed: 0 (0s)
Nb errors removed: 20 (0s)
Superbubble
Nb superbubble removed: 0 0 (0s)
Tip
Nb Tip removed: 0 (0s)
Nb errors removed: 21 (0s)
Superbubble
Nb superbubble removed: 0 0 (0s)
Tip
Nb Tip removed: 0 (0s)
Nb errors removed: 11 (0s)
Superbubble
Nb superbubble removed: 0 0 (0s)
Tip
Nb Tip removed: 0 (0s)
Nb errors removed: 9 (0s)
Superbubble
Nb superbubble removed: 0 0 (0s)
Tip
Nb Tip removed: 0 (0s)
Nb errors removed: 11 (0s)
Superbubble
Nb superbubble removed: 0 0 (0s)
Tip
Nb Tip removed: 0 (0s)
Nb errors removed: 15 (0s)
Superbubble
Nb superbubble removed: 0 0 (0s)
Tip
Nb Tip removed: 0 (0s)
Nb errors removed: 2 (0s)
Superbubble
Nb superbubble removed: 0 0 (0s)
Tip
Nb Tip removed: 0 (0s)
Nb errors removed: 1 (0s)
Superbubble
Nb superbubble removed: 0 0 (0s)
Tip
Nb Tip removed: 0 (0s)
Nb errors removed: 4 (0s)
Superbubble
Nb superbubble removed: 0 0 (0s)
Tip
Nb Tip removed: 0 (0s)
Nb errors removed: 1 (0s)
Superbubble
Nb superbubble removed: 0 0 (0s)
Tip
Nb Tip removed: 0 (0s)
Checksum: 0
Checksum abundnace: 0
Generating contigs
41.1448
28.1025
23.2252
14.421
13.11
11.9182
10.8347
9.84974
8.14028
7.40025
6.11591
5.05447
4.17725
3.13843
2.59374
2.14359
0


metaMDBG toMinspace  /var/folders/zg/vq0dnx517c54hg87dyqjky740000gn/T/.tmprWAL2M/tmp/ /var/folders/zg/vq0dnx517c54hg87dyqjky740000gn/T/.tmprWAL2M/tmp//contigs.nodepath /var/folders/zg/vq0dnx517c54hg87dyqjky740000gn/T/.tmprWAL2M/tmp//unitig_data.txt --threads 10

Input dir: /var/folders/zg/vq0dnx517c54hg87dyqjky740000gn/T/.tmprWAL2M/tmp/
Minimizer length: 15
Kminmer length: 137
Density: 0.005

Loading unitig sequences

Creating mContigs

Contig filename: /var/folders/zg/vq0dnx517c54hg87dyqjky740000gn/T/.tmprWAL2M/tmp//unitig_data.txt
pass done: 137
Multi-k pass: 138/205


metaMDBG graph /var/folders/zg/vq0dnx517c54hg87dyqjky740000gn/T/.tmprWAL2M/tmp/ --threads 10 --corrected-read 

Contig filename: 
Output dir: /var/folders/zg/vq0dnx517c54hg87dyqjky740000gn/T/.tmprWAL2M/tmp/
Minimizer length: 15
Kminmer length: 138
Density: 0.005
Min abundance: 0

Loading refined abundances
	Duration: 0
Collecting kminmers
Building mdbg
Duration: 0
Nb solid kminmers: 31018
Nb small contigs written: 0
Dump kminmer abundances
	Duration: 0
Indexing edges
Edge index size: 31116
Edge index elements: 57655
	Duration: 0
Compute unitig nodes
	Duration: 0
Index unitig edges
	Duration: 0
Compute unitig edges
	Duration: 0
Dump unitig abundances
	Duration: 0
Nb edges:   0


metaMDBG contig  /var/folders/zg/vq0dnx517c54hg87dyqjky740000gn/T/.tmprWAL2M/tmp/ --threads 10

Input dir: /var/folders/zg/vq0dnx517c54hg87dyqjky740000gn/T/.tmprWAL2M/tmp/
Minimizer length: 15
Kminmer length: 138
Density: 0.005

Loading unitig graph
Load unitigs
Nb unitigs: 480
Nb minimizers: 96778
Add unitig abundances
Sorting abundances
Add unitig edges
Nb unitig edges: 766
Sorting unitig edges
Done loading unitig graph
Simplifying
Max abundance: 41
Nb unitigs: 480
Superbubble
Nb superbubble removed: 0 0 (0s)
Tip
Nb Tip removed: 158 (0s)
Superbubble
Nb superbubble removed: 0 0 (0s)
Tip
Nb Tip removed: 0 (0s)
Nb errors removed: 83 (0s)
Superbubble
Nb superbubble removed: 0 0 (0s)
Tip
Nb Tip removed: 0 (0s)
Nb errors removed: 1 (0s)
Superbubble
Nb superbubble removed: 0 0 (0s)
Tip
Nb Tip removed: 0 (0s)
Nb errors removed: 39 (0s)
Superbubble
Nb superbubble removed: 0 0 (0s)
Tip
Nb Tip removed: 0 (0s)
Nb errors removed: 35 (0s)
Superbubble
Nb superbubble removed: 0 0 (0s)
Tip
Nb Tip removed: 0 (0s)
Nb errors removed: 31 (0s)
Superbubble
Nb superbubble removed: 0 0 (0s)
Tip
Nb Tip removed: 0 (0s)
Nb errors removed: 13 (0s)
Superbubble
Nb superbubble removed: 0 0 (0s)
Tip
Nb Tip removed: 0 (0s)
Nb errors removed: 20 (0s)
Superbubble
Nb superbubble removed: 0 0 (0s)
Tip
Nb Tip removed: 0 (0s)
Nb errors removed: 20 (0s)
Superbubble
Nb superbubble removed: 0 0 (0s)
Tip
Nb Tip removed: 0 (0s)
Nb errors removed: 11 (0s)
Superbubble
Nb superbubble removed: 0 0 (0s)
Tip
Nb Tip removed: 0 (0s)
Nb errors removed: 9 (0s)
Superbubble
Nb superbubble removed: 0 0 (0s)
Tip
Nb Tip removed: 0 (0s)
Nb errors removed: 11 (0s)
Superbubble
Nb superbubble removed: 0 0 (0s)
Tip
Nb Tip removed: 0 (0s)
Nb errors removed: 15 (0s)
Superbubble
Nb superbubble removed: 0 0 (0s)
Tip
Nb Tip removed: 0 (0s)
Nb errors removed: 2 (0s)
Superbubble
Nb superbubble removed: 0 0 (0s)
Tip
Nb Tip removed: 0 (0s)
Nb errors removed: 1 (0s)
Superbubble
Nb superbubble removed: 0 0 (0s)
Tip
Nb Tip removed: 0 (0s)
Nb errors removed: 4 (0s)
Superbubble
Nb superbubble removed: 0 0 (0s)
Tip
Nb Tip removed: 0 (0s)
Nb errors removed: 1 (0s)
Superbubble
Nb superbubble removed: 0 0 (0s)
Tip
Nb Tip removed: 0 (0s)
Checksum: 0
Checksum abundnace: 0
Generating contigs
41.1448
28.1025
23.2252
14.421
13.11
11.9182
10.8347
9.84974
8.14028
7.40025
6.11591
5.05447
4.17725
3.13843
2.59374
2.14359
0


metaMDBG toMinspace  /var/folders/zg/vq0dnx517c54hg87dyqjky740000gn/T/.tmprWAL2M/tmp/ /var/folders/zg/vq0dnx517c54hg87dyqjky740000gn/T/.tmprWAL2M/tmp//contigs.nodepath /var/folders/zg/vq0dnx517c54hg87dyqjky740000gn/T/.tmprWAL2M/tmp//unitig_data.txt --threads 10

Input dir: /var/folders/zg/vq0dnx517c54hg87dyqjky740000gn/T/.tmprWAL2M/tmp/
Minimizer length: 15
Kminmer length: 138
Density: 0.005

Loading unitig sequences

Creating mContigs

Contig filename: /var/folders/zg/vq0dnx517c54hg87dyqjky740000gn/T/.tmprWAL2M/tmp//unitig_data.txt
pass done: 138
Multi-k pass: 139/205


metaMDBG graph /var/folders/zg/vq0dnx517c54hg87dyqjky740000gn/T/.tmprWAL2M/tmp/ --threads 10 --corrected-read 

Contig filename: 
Output dir: /var/folders/zg/vq0dnx517c54hg87dyqjky740000gn/T/.tmprWAL2M/tmp/
Minimizer length: 15
Kminmer length: 139
Density: 0.005
Min abundance: 0

Loading refined abundances
	Duration: 0
Collecting kminmers
Building mdbg
Duration: 0
Nb solid kminmers: 30917
Nb small contigs written: 0
Dump kminmer abundances
	Duration: 0
Indexing edges
Edge index size: 31018
Edge index elements: 57448
	Duration: 0
Compute unitig nodes
	Duration: 0
Index unitig edges
	Duration: 0
Compute unitig edges
	Duration: 0
Dump unitig abundances
	Duration: 0
Nb edges:   0


metaMDBG contig  /var/folders/zg/vq0dnx517c54hg87dyqjky740000gn/T/.tmprWAL2M/tmp/ --threads 10

Input dir: /var/folders/zg/vq0dnx517c54hg87dyqjky740000gn/T/.tmprWAL2M/tmp/
Minimizer length: 15
Kminmer length: 139
Density: 0.005

Loading unitig graph
Load unitigs
Nb unitigs: 479
Nb minimizers: 97019
Add unitig abundances
Sorting abundances
Add unitig edges
Nb unitig edges: 758
Sorting unitig edges
Done loading unitig graph
Simplifying
Max abundance: 41
Nb unitigs: 479
Superbubble
Nb superbubble removed: 0 0 (0s)
Tip
Nb Tip removed: 157 (0s)
Superbubble
Nb superbubble removed: 0 0 (0s)
Tip
Nb Tip removed: 0 (0s)
Nb errors removed: 83 (0s)
Superbubble
Nb superbubble removed: 0 0 (0s)
Tip
Nb Tip removed: 0 (0s)
Nb errors removed: 1 (0s)
Superbubble
Nb superbubble removed: 0 0 (0s)
Tip
Nb Tip removed: 0 (0s)
Nb errors removed: 39 (0s)
Superbubble
Nb superbubble removed: 0 0 (0s)
Tip
Nb Tip removed: 0 (0s)
Nb errors removed: 35 (0s)
Superbubble
Nb superbubble removed: 0 0 (0s)
Tip
Nb Tip removed: 0 (0s)
Nb errors removed: 31 (0s)
Superbubble
Nb superbubble removed: 0 0 (0s)
Tip
Nb Tip removed: 0 (0s)
Nb errors removed: 15 (0s)
Superbubble
Nb superbubble removed: 0 0 (0s)
Tip
Nb Tip removed: 0 (0s)
Nb errors removed: 20 (0s)
Superbubble
Nb superbubble removed: 0 0 (0s)
Tip
Nb Tip removed: 0 (0s)
Nb errors removed: 20 (0s)
Superbubble
Nb superbubble removed: 0 0 (0s)
Tip
Nb Tip removed: 0 (0s)
Nb errors removed: 11 (0s)
Superbubble
Nb superbubble removed: 0 0 (0s)
Tip
Nb Tip removed: 0 (0s)
Nb errors removed: 9 (0s)
Superbubble
Nb superbubble removed: 0 0 (0s)
Tip
Nb Tip removed: 0 (0s)
Nb errors removed: 11 (0s)
Superbubble
Nb superbubble removed: 0 0 (0s)
Tip
Nb Tip removed: 0 (0s)
Nb errors removed: 15 (0s)
Superbubble
Nb superbubble removed: 0 0 (0s)
Tip
Nb Tip removed: 0 (0s)
Nb errors removed: 2 (0s)
Superbubble
Nb superbubble removed: 0 0 (0s)
Tip
Nb Tip removed: 0 (0s)
Nb errors removed: 1 (0s)
Superbubble
Nb superbubble removed: 0 0 (0s)
Tip
Nb Tip removed: 0 (0s)
Nb errors removed: 4 (0s)
Superbubble
Nb superbubble removed: 0 0 (0s)
Tip
Nb Tip removed: 0 (0s)
Nb errors removed: 1 (0s)
Superbubble
Nb superbubble removed: 0 0 (0s)
Tip
Nb Tip removed: 0 (0s)
Checksum: 0
Checksum abundnace: 0
Generating contigs
41.1448
28.1025
23.2252
14.421
13.11
11.9182
10.8347
9.84974
8.14028
7.40025
6.11591
5.05447
4.17725
3.13843
2.59374
2.14359
0


metaMDBG toMinspace  /var/folders/zg/vq0dnx517c54hg87dyqjky740000gn/T/.tmprWAL2M/tmp/ /var/folders/zg/vq0dnx517c54hg87dyqjky740000gn/T/.tmprWAL2M/tmp//contigs.nodepath /var/folders/zg/vq0dnx517c54hg87dyqjky740000gn/T/.tmprWAL2M/tmp//unitig_data.txt --threads 10

Input dir: /var/folders/zg/vq0dnx517c54hg87dyqjky740000gn/T/.tmprWAL2M/tmp/
Minimizer length: 15
Kminmer length: 139
Density: 0.005

Loading unitig sequences

Creating mContigs

Contig filename: /var/folders/zg/vq0dnx517c54hg87dyqjky740000gn/T/.tmprWAL2M/tmp//unitig_data.txt
pass done: 139
Multi-k pass: 140/205


metaMDBG graph /var/folders/zg/vq0dnx517c54hg87dyqjky740000gn/T/.tmprWAL2M/tmp/ --threads 10 --corrected-read 

Contig filename: 
Output dir: /var/folders/zg/vq0dnx517c54hg87dyqjky740000gn/T/.tmprWAL2M/tmp/
Minimizer length: 15
Kminmer length: 140
Density: 0.005
Min abundance: 0

Loading refined abundances
	Duration: 0
Collecting kminmers
Building mdbg
Duration: 0
Nb solid kminmers: 30810
Nb small contigs written: 0
Dump kminmer abundances
	Duration: 0
Indexing edges
Edge index size: 30916
Edge index elements: 57215
	Duration: 0
Compute unitig nodes
	Duration: 0
Index unitig edges
	Duration: 0
Compute unitig edges
	Duration: 0
Dump unitig abundances
	Duration: 0
Nb edges:   0


metaMDBG contig  /var/folders/zg/vq0dnx517c54hg87dyqjky740000gn/T/.tmprWAL2M/tmp/ --threads 10

Input dir: /var/folders/zg/vq0dnx517c54hg87dyqjky740000gn/T/.tmprWAL2M/tmp/
Minimizer length: 15
Kminmer length: 140
Density: 0.005

Loading unitig graph
Load unitigs
Nb unitigs: 472
Nb minimizers: 96418
Add unitig abundances
Sorting abundances
Add unitig edges
Nb unitig edges: 734
Sorting unitig edges
Done loading unitig graph
Simplifying
Max abundance: 41
Nb unitigs: 472
Superbubble
Nb superbubble removed: 0 0 (0s)
Tip
Nb Tip removed: 150 (0s)
Superbubble
Nb superbubble removed: 0 0 (0s)
Tip
Nb Tip removed: 0 (0s)
Nb errors removed: 83 (0s)
Superbubble
Nb superbubble removed: 0 0 (0s)
Tip
Nb Tip removed: 0 (0s)
Nb errors removed: 1 (0s)
Superbubble
Nb superbubble removed: 0 0 (0s)
Tip
Nb Tip removed: 0 (0s)
Nb errors removed: 38 (0s)
Superbubble
Nb superbubble removed: 0 0 (0s)
Tip
Nb Tip removed: 0 (0s)
Nb errors removed: 35 (0s)
Superbubble
Nb superbubble removed: 0 0 (0s)
Tip
Nb Tip removed: 0 (0s)
Nb errors removed: 31 (0s)
Superbubble
Nb superbubble removed: 0 0 (0s)
Tip
Nb Tip removed: 0 (0s)
Nb errors removed: 15 (0s)
Superbubble
Nb superbubble removed: 0 0 (0s)
Tip
Nb Tip removed: 0 (0s)
Nb errors removed: 20 (0s)
Superbubble
Nb superbubble removed: 0 0 (0s)
Tip
Nb Tip removed: 0 (0s)
Nb errors removed: 20 (0s)
Superbubble
Nb superbubble removed: 0 0 (0s)
Tip
Nb Tip removed: 0 (0s)
Nb errors removed: 11 (0s)
Superbubble
Nb superbubble removed: 0 0 (0s)
Tip
Nb Tip removed: 0 (0s)
Nb errors removed: 8 (0s)
Superbubble
Nb superbubble removed: 0 0 (0s)
Tip
Nb Tip removed: 0 (0s)
Nb errors removed: 11 (0s)
Superbubble
Nb superbubble removed: 0 0 (0s)
Tip
Nb Tip removed: 0 (0s)
Nb errors removed: 15 (0s)
Superbubble
Nb superbubble removed: 0 0 (0s)
Tip
Nb Tip removed: 0 (0s)
Nb errors removed: 2 (0s)
Superbubble
Nb superbubble removed: 0 0 (0s)
Tip
Nb Tip removed: 0 (0s)
Nb errors removed: 1 (0s)
Superbubble
Nb superbubble removed: 0 0 (0s)
Tip
Nb Tip removed: 0 (0s)
Nb errors removed: 5 (0s)
Superbubble
Nb superbubble removed: 0 0 (0s)
Tip
Nb Tip removed: 0 (0s)
Nb errors removed: 1 (0s)
Superbubble
Nb superbubble removed: 0 0 (0s)
Tip
Nb Tip removed: 0 (0s)
Checksum: 0
Checksum abundnace: 0
Generating contigs
41.1448
28.1025
23.2252
14.421
13.11
11.9182
10.8347
9.84974
8.14028
7.40025
6.11591
5.05447
4.17725
3.13843
2.59374
2.14359
0


metaMDBG toMinspace  /var/folders/zg/vq0dnx517c54hg87dyqjky740000gn/T/.tmprWAL2M/tmp/ /var/folders/zg/vq0dnx517c54hg87dyqjky740000gn/T/.tmprWAL2M/tmp//contigs.nodepath /var/folders/zg/vq0dnx517c54hg87dyqjky740000gn/T/.tmprWAL2M/tmp//unitig_data.txt --threads 10

Input dir: /var/folders/zg/vq0dnx517c54hg87dyqjky740000gn/T/.tmprWAL2M/tmp/
Minimizer length: 15
Kminmer length: 140
Density: 0.005

Loading unitig sequences

Creating mContigs

Contig filename: /var/folders/zg/vq0dnx517c54hg87dyqjky740000gn/T/.tmprWAL2M/tmp//unitig_data.txt
pass done: 140
Multi-k pass: 141/205


metaMDBG graph /var/folders/zg/vq0dnx517c54hg87dyqjky740000gn/T/.tmprWAL2M/tmp/ --threads 10 --corrected-read 

Contig filename: 
Output dir: /var/folders/zg/vq0dnx517c54hg87dyqjky740000gn/T/.tmprWAL2M/tmp/
Minimizer length: 15
Kminmer length: 141
Density: 0.005
Min abundance: 0

Loading refined abundances
	Duration: 0
Collecting kminmers
Building mdbg
Duration: 0
Nb solid kminmers: 30701
Nb small contigs written: 0
Dump kminmer abundances
	Duration: 0
Indexing edges
Edge index size: 30808
Edge index elements: 57014
	Duration: 0
Compute unitig nodes
	Duration: 0
Index unitig edges
	Duration: 0
Compute unitig edges
	Duration: 0
Dump unitig abundances
	Duration: 0
Nb edges:   0


metaMDBG contig  /var/folders/zg/vq0dnx517c54hg87dyqjky740000gn/T/.tmprWAL2M/tmp/ --threads 10 --gen-graph 

Input dir: /var/folders/zg/vq0dnx517c54hg87dyqjky740000gn/T/.tmprWAL2M/tmp/
Minimizer length: 15
Kminmer length: 141
Density: 0.005

Loading unitig graph
Load unitigs
Nb unitigs: 465
Nb minimizers: 95801
Add unitig abundances
Sorting abundances
Add unitig edges
Nb unitig edges: 718
Sorting unitig edges
Done loading unitig graph
Simplifying
Max abundance: 41
Nb unitigs: 465
Superbubble
Nb superbubble removed: 0 0 (0s)
Tip
Nb Tip removed: 146 (0s)
Superbubble
Nb superbubble removed: 0 0 (0s)
Tip
Nb Tip removed: 0 (0s)
Saving unitig graph: /var/folders/zg/vq0dnx517c54hg87dyqjky740000gn/T/.tmprWAL2M/tmp//assembly_graph.gfa
Nb errors removed: 80 (0s)
Superbubble
Nb superbubble removed: 0 0 (0s)
Tip
Nb Tip removed: 0 (0s)
Nb errors removed: 1 (0s)
Superbubble
Nb superbubble removed: 0 0 (0s)
Tip
Nb Tip removed: 0 (0s)
Nb errors removed: 38 (0s)
Superbubble
Nb superbubble removed: 0 0 (0s)
Tip
Nb Tip removed: 0 (0s)
Nb errors removed: 35 (0s)
Superbubble
Nb superbubble removed: 0 0 (0s)
Tip
Nb Tip removed: 0 (0s)
Nb errors removed: 31 (0s)
Superbubble
Nb superbubble removed: 0 0 (0s)
Tip
Nb Tip removed: 0 (0s)
Nb errors removed: 15 (0s)
Superbubble
Nb superbubble removed: 0 0 (0s)
Tip
Nb Tip removed: 0 (0s)
Nb errors removed: 20 (0s)
Superbubble
Nb superbubble removed: 0 0 (0s)
Tip
Nb Tip removed: 0 (0s)
Nb errors removed: 20 (0s)
Superbubble
Nb superbubble removed: 0 0 (0s)
Tip
Nb Tip removed: 0 (0s)
Nb errors removed: 11 (0s)
Superbubble
Nb superbubble removed: 0 0 (0s)
Tip
Nb Tip removed: 0 (0s)
Nb errors removed: 8 (0s)
Superbubble
Nb superbubble removed: 0 0 (0s)
Tip
Nb Tip removed: 0 (0s)
Nb errors removed: 11 (0s)
Superbubble
Nb superbubble removed: 0 0 (0s)
Tip
Nb Tip removed: 0 (0s)
Nb errors removed: 15 (0s)
Superbubble
Nb superbubble removed: 0 0 (0s)
Tip
Nb Tip removed: 0 (0s)
Nb errors removed: 2 (0s)
Superbubble
Nb superbubble removed: 0 0 (0s)
Tip
Nb Tip removed: 0 (0s)
Nb errors removed: 1 (0s)
Superbubble
Nb superbubble removed: 0 0 (0s)
Tip
Nb Tip removed: 0 (0s)
Nb errors removed: 5 (0s)
Superbubble
Nb superbubble removed: 0 0 (0s)
Tip
Nb Tip removed: 0 (0s)
Nb errors removed: 1 (0s)
Superbubble
Nb superbubble removed: 0 0 (0s)
Tip
Nb Tip removed: 0 (0s)
Checksum: 0
Checksum abundnace: 0
Generating contigs
41.1448
28.1025
23.2252
14.421
13.11
11.9182
10.8347
9.84974
8.14028
7.40025
6.11591
5.05447
4.17725
3.13843
2.59374
2.14359
0


metaMDBG toMinspace  /var/folders/zg/vq0dnx517c54hg87dyqjky740000gn/T/.tmprWAL2M/tmp/ /var/folders/zg/vq0dnx517c54hg87dyqjky740000gn/T/.tmprWAL2M/tmp//contigs.nodepath /var/folders/zg/vq0dnx517c54hg87dyqjky740000gn/T/.tmprWAL2M/tmp//unitig_data.txt --threads 10

Input dir: /var/folders/zg/vq0dnx517c54hg87dyqjky740000gn/T/.tmprWAL2M/tmp/
Minimizer length: 15
Kminmer length: 141
Density: 0.005

Loading unitig sequences

Creating mContigs

Contig filename: /var/folders/zg/vq0dnx517c54hg87dyqjky740000gn/T/.tmprWAL2M/tmp//unitig_data.txt


metaMDBG toMinspace  /var/folders/zg/vq0dnx517c54hg87dyqjky740000gn/T/.tmprWAL2M/tmp/ /var/folders/zg/vq0dnx517c54hg87dyqjky740000gn/T/.tmprWAL2M/tmp//assembly_graph.gfa.unitigs.nodepath /var/folders/zg/vq0dnx517c54hg87dyqjky740000gn/T/.tmprWAL2M/tmp//assembly_graph.gfa.unitigs --threads 10

Input dir: /var/folders/zg/vq0dnx517c54hg87dyqjky740000gn/T/.tmprWAL2M/tmp/
Minimizer length: 15
Kminmer length: 141
Density: 0.005

Loading unitig sequences

Creating mContigs

Contig filename: /var/folders/zg/vq0dnx517c54hg87dyqjky740000gn/T/.tmprWAL2M/tmp//assembly_graph.gfa.unitigs
pass done: 141
Multi-k pass: 142/205


metaMDBG graph /var/folders/zg/vq0dnx517c54hg87dyqjky740000gn/T/.tmprWAL2M/tmp/ --threads 10 --corrected-read 

Contig filename: 
Output dir: /var/folders/zg/vq0dnx517c54hg87dyqjky740000gn/T/.tmprWAL2M/tmp/
Minimizer length: 15
Kminmer length: 142
Density: 0.005
Min abundance: 0

Loading refined abundances
	Duration: 0
Collecting kminmers
Building mdbg
Duration: 0
Nb solid kminmers: 30591
Nb small contigs written: 0
Dump kminmer abundances
	Duration: 0
Indexing edges
Edge index size: 30700
Edge index elements: 57033
	Duration: 0
Compute unitig nodes
	Duration: 0
Index unitig edges
	Duration: 0
Compute unitig edges
	Duration: 0
Dump unitig abundances
	Duration: 0
Nb edges:   0


metaMDBG contig  /var/folders/zg/vq0dnx517c54hg87dyqjky740000gn/T/.tmprWAL2M/tmp/ --threads 10

Input dir: /var/folders/zg/vq0dnx517c54hg87dyqjky740000gn/T/.tmprWAL2M/tmp/
Minimizer length: 15
Kminmer length: 142
Density: 0.005

Loading unitig graph
Load unitigs
Nb unitigs: 462
Nb minimizers: 95733
Add unitig abundances
Sorting abundances
Add unitig edges
Nb unitig edges: 706
Sorting unitig edges
Done loading unitig graph
Simplifying
Max abundance: 41
Nb unitigs: 462
Superbubble
Nb superbubble removed: 0 0 (0s)
Tip
Nb Tip removed: 144 (0s)
Superbubble
Nb superbubble removed: 0 0 (0s)
Tip
Nb Tip removed: 0 (0s)
Nb errors removed: 80 (0s)
Superbubble
Nb superbubble removed: 0 0 (0s)
Tip
Nb Tip removed: 0 (0s)
Nb errors removed: 1 (0s)
Superbubble
Nb superbubble removed: 0 0 (0s)
Tip
Nb Tip removed: 0 (0s)
Nb errors removed: 37 (0s)
Superbubble
Nb superbubble removed: 0 0 (0s)
Tip
Nb Tip removed: 0 (0s)
Nb errors removed: 35 (0s)
Superbubble
Nb superbubble removed: 0 0 (0s)
Tip
Nb Tip removed: 0 (0s)
Nb errors removed: 31 (0s)
Superbubble
Nb superbubble removed: 0 0 (0s)
Tip
Nb Tip removed: 0 (0s)
Nb errors removed: 15 (0s)
Superbubble
Nb superbubble removed: 0 0 (0s)
Tip
Nb Tip removed: 0 (0s)
Nb errors removed: 20 (0s)
Superbubble
Nb superbubble removed: 0 0 (0s)
Tip
Nb Tip removed: 0 (0s)
Nb errors removed: 20 (0s)
Superbubble
Nb superbubble removed: 0 0 (0s)
Tip
Nb Tip removed: 0 (0s)
Nb errors removed: 11 (0s)
Superbubble
Nb superbubble removed: 0 0 (0s)
Tip
Nb Tip removed: 0 (0s)
Nb errors removed: 8 (0s)
Superbubble
Nb superbubble removed: 0 0 (0s)
Tip
Nb Tip removed: 0 (0s)
Nb errors removed: 11 (0s)
Superbubble
Nb superbubble removed: 0 0 (0s)
Tip
Nb Tip removed: 0 (0s)
Nb errors removed: 15 (0s)
Superbubble
Nb superbubble removed: 0 0 (0s)
Tip
Nb Tip removed: 0 (0s)
Nb errors removed: 2 (0s)
Superbubble
Nb superbubble removed: 0 0 (0s)
Tip
Nb Tip removed: 0 (0s)
Nb errors removed: 1 (0s)
Superbubble
Nb superbubble removed: 0 0 (0s)
Tip
Nb Tip removed: 0 (0s)
Nb errors removed: 5 (0s)
Superbubble
Nb superbubble removed: 0 0 (0s)
Tip
Nb Tip removed: 0 (0s)
Nb errors removed: 1 (0s)
Superbubble
Nb superbubble removed: 0 0 (0s)
Tip
Nb Tip removed: 0 (0s)
Checksum: 0
Checksum abundnace: 0
Generating contigs
41.1448
28.1025
23.2252
14.421
13.11
11.9182
10.8347
9.84974
8.14028
7.40025
6.11591
5.05447
4.17725
3.13843
2.59374
2.14359
0


metaMDBG toMinspace  /var/folders/zg/vq0dnx517c54hg87dyqjky740000gn/T/.tmprWAL2M/tmp/ /var/folders/zg/vq0dnx517c54hg87dyqjky740000gn/T/.tmprWAL2M/tmp//contigs.nodepath /var/folders/zg/vq0dnx517c54hg87dyqjky740000gn/T/.tmprWAL2M/tmp//unitig_data.txt --threads 10

Input dir: /var/folders/zg/vq0dnx517c54hg87dyqjky740000gn/T/.tmprWAL2M/tmp/
Minimizer length: 15
Kminmer length: 142
Density: 0.005

Loading unitig sequences

Creating mContigs

Contig filename: /var/folders/zg/vq0dnx517c54hg87dyqjky740000gn/T/.tmprWAL2M/tmp//unitig_data.txt
pass done: 142
Multi-k pass: 143/205


metaMDBG graph /var/folders/zg/vq0dnx517c54hg87dyqjky740000gn/T/.tmprWAL2M/tmp/ --threads 10 --corrected-read 

Contig filename: 
Output dir: /var/folders/zg/vq0dnx517c54hg87dyqjky740000gn/T/.tmprWAL2M/tmp/
Minimizer length: 15
Kminmer length: 143
Density: 0.005
Min abundance: 0

Loading refined abundances
	Duration: 0
Collecting kminmers
Building mdbg
Duration: 0
Nb solid kminmers: 30478
Nb small contigs written: 0
Dump kminmer abundances
	Duration: 0
Indexing edges
Edge index size: 30589
Edge index elements: 56902
	Duration: 0
Compute unitig nodes
	Duration: 0
Index unitig edges
	Duration: 0
Compute unitig edges
	Duration: 0
Dump unitig abundances
	Duration: 0
Nb edges:   0


metaMDBG contig  /var/folders/zg/vq0dnx517c54hg87dyqjky740000gn/T/.tmprWAL2M/tmp/ --threads 10

Input dir: /var/folders/zg/vq0dnx517c54hg87dyqjky740000gn/T/.tmprWAL2M/tmp/
Minimizer length: 15
Kminmer length: 143
Density: 0.005

Loading unitig graph
Load unitigs
Nb unitigs: 456
Nb minimizers: 95230
Add unitig abundances
Sorting abundances
Add unitig edges
Nb unitig edges: 690
Sorting unitig edges
Done loading unitig graph
Simplifying
Max abundance: 41
Nb unitigs: 456
Superbubble
Nb superbubble removed: 0 0 (0s)
Tip
Nb Tip removed: 143 (0s)
Superbubble
Nb superbubble removed: 0 0 (0s)
Tip
Nb Tip removed: 0 (0s)
Nb errors removed: 79 (0s)
Superbubble
Nb superbubble removed: 0 0 (0s)
Tip
Nb Tip removed: 0 (0s)
Nb errors removed: 1 (0s)
Superbubble
Nb superbubble removed: 0 0 (0s)
Tip
Nb Tip removed: 0 (0s)
Nb errors removed: 37 (0s)
Superbubble
Nb superbubble removed: 0 0 (0s)
Tip
Nb Tip removed: 0 (0s)
Nb errors removed: 34 (0s)
Superbubble
Nb superbubble removed: 0 0 (0s)
Tip
Nb Tip removed: 0 (0s)
Nb errors removed: 30 (0s)
Superbubble
Nb superbubble removed: 0 0 (0s)
Tip
Nb Tip removed: 0 (0s)
Nb errors removed: 15 (0s)
Superbubble
Nb superbubble removed: 0 0 (0s)
Tip
Nb Tip removed: 0 (0s)
Nb errors removed: 20 (0s)
Superbubble
Nb superbubble removed: 0 0 (0s)
Tip
Nb Tip removed: 0 (0s)
Nb errors removed: 20 (0s)
Superbubble
Nb superbubble removed: 0 0 (0s)
Tip
Nb Tip removed: 0 (0s)
Nb errors removed: 11 (0s)
Superbubble
Nb superbubble removed: 0 0 (0s)
Tip
Nb Tip removed: 0 (0s)
Nb errors removed: 8 (0s)
Superbubble
Nb superbubble removed: 0 0 (0s)
Tip
Nb Tip removed: 0 (0s)
Nb errors removed: 11 (0s)
Superbubble
Nb superbubble removed: 0 0 (0s)
Tip
Nb Tip removed: 0 (0s)
Nb errors removed: 18 (0s)
Superbubble
Nb superbubble removed: 0 0 (0s)
Tip
Nb Tip removed: 0 (0s)
Nb errors removed: 2 (0s)
Superbubble
Nb superbubble removed: 0 0 (0s)
Tip
Nb Tip removed: 0 (0s)
Nb errors removed: 1 (0s)
Superbubble
Nb superbubble removed: 0 0 (0s)
Tip
Nb Tip removed: 0 (0s)
Nb errors removed: 5 (0s)
Superbubble
Nb superbubble removed: 0 0 (0s)
Tip
Nb Tip removed: 0 (0s)
Nb errors removed: 1 (0s)
Superbubble
Nb superbubble removed: 0 0 (0s)
Tip
Nb Tip removed: 0 (0s)
Checksum: 0
Checksum abundnace: 0
Generating contigs
41.1448
28.1025
23.2252
14.421
13.11
11.9182
10.8347
9.84974
8.14028
7.40025
6.11591
5.05447
4.17725
3.13843
2.59374
2.14359
0


metaMDBG toMinspace  /var/folders/zg/vq0dnx517c54hg87dyqjky740000gn/T/.tmprWAL2M/tmp/ /var/folders/zg/vq0dnx517c54hg87dyqjky740000gn/T/.tmprWAL2M/tmp//contigs.nodepath /var/folders/zg/vq0dnx517c54hg87dyqjky740000gn/T/.tmprWAL2M/tmp//unitig_data.txt --threads 10

Input dir: /var/folders/zg/vq0dnx517c54hg87dyqjky740000gn/T/.tmprWAL2M/tmp/
Minimizer length: 15
Kminmer length: 143
Density: 0.005

Loading unitig sequences

Creating mContigs

Contig filename: /var/folders/zg/vq0dnx517c54hg87dyqjky740000gn/T/.tmprWAL2M/tmp//unitig_data.txt
pass done: 143
Multi-k pass: 144/205


metaMDBG graph /var/folders/zg/vq0dnx517c54hg87dyqjky740000gn/T/.tmprWAL2M/tmp/ --threads 10 --corrected-read 

Contig filename: 
Output dir: /var/folders/zg/vq0dnx517c54hg87dyqjky740000gn/T/.tmprWAL2M/tmp/
Minimizer length: 15
Kminmer length: 144
Density: 0.005
Min abundance: 0

Loading refined abundances
	Duration: 0
Collecting kminmers
Building mdbg
Duration: 0
Nb solid kminmers: 30364
Nb small contigs written: 0
Dump kminmer abundances
	Duration: 0
Indexing edges
Edge index size: 30477
Edge index elements: 56725
	Duration: 0
Compute unitig nodes
	Duration: 0
Index unitig edges
	Duration: 0
Compute unitig edges
	Duration: 0
Dump unitig abundances
	Duration: 0
Nb edges:   0


metaMDBG contig  /var/folders/zg/vq0dnx517c54hg87dyqjky740000gn/T/.tmprWAL2M/tmp/ --threads 10

Input dir: /var/folders/zg/vq0dnx517c54hg87dyqjky740000gn/T/.tmprWAL2M/tmp/
Minimizer length: 15
Kminmer length: 144
Density: 0.005

Loading unitig graph
Load unitigs
Nb unitigs: 451
Nb minimizers: 94857
Add unitig abundances
Sorting abundances
Add unitig edges
Nb unitig edges: 678
Sorting unitig edges
Done loading unitig graph
Simplifying
Max abundance: 41
Nb unitigs: 451
Superbubble
Nb superbubble removed: 0 0 (0s)
Tip
Nb Tip removed: 140 (0s)
Superbubble
Nb superbubble removed: 0 0 (0s)
Tip
Nb Tip removed: 0 (0s)
Nb errors removed: 79 (0s)
Superbubble
Nb superbubble removed: 0 0 (0s)
Tip
Nb Tip removed: 0 (0s)
Nb errors removed: 1 (0s)
Superbubble
Nb superbubble removed: 0 0 (0s)
Tip
Nb Tip removed: 0 (0s)
Nb errors removed: 37 (0s)
Superbubble
Nb superbubble removed: 0 0 (0s)
Tip
Nb Tip removed: 0 (0s)
Nb errors removed: 34 (0s)
Superbubble
Nb superbubble removed: 0 0 (0s)
Tip
Nb Tip removed: 0 (0s)
Nb errors removed: 30 (0s)
Superbubble
Nb superbubble removed: 0 0 (0s)
Tip
Nb Tip removed: 0 (0s)
Nb errors removed: 15 (0s)
Superbubble
Nb superbubble removed: 0 0 (0s)
Tip
Nb Tip removed: 0 (0s)
Nb errors removed: 20 (0s)
Superbubble
Nb superbubble removed: 0 0 (0s)
Tip
Nb Tip removed: 0 (0s)
Nb errors removed: 20 (0s)
Superbubble
Nb superbubble removed: 0 0 (0s)
Tip
Nb Tip removed: 0 (0s)
Nb errors removed: 10 (0s)
Superbubble
Nb superbubble removed: 0 0 (0s)
Tip
Nb Tip removed: 0 (0s)
Nb errors removed: 8 (0s)
Superbubble
Nb superbubble removed: 0 0 (0s)
Tip
Nb Tip removed: 0 (0s)
Nb errors removed: 11 (0s)
Superbubble
Nb superbubble removed: 0 0 (0s)
Tip
Nb Tip removed: 0 (0s)
Nb errors removed: 17 (0s)
Superbubble
Nb superbubble removed: 0 0 (0s)
Tip
Nb Tip removed: 0 (0s)
Nb errors removed: 2 (0s)
Superbubble
Nb superbubble removed: 0 0 (0s)
Tip
Nb Tip removed: 0 (0s)
Nb errors removed: 1 (0s)
Superbubble
Nb superbubble removed: 0 0 (0s)
Tip
Nb Tip removed: 0 (0s)
Nb errors removed: 5 (0s)
Superbubble
Nb superbubble removed: 0 0 (0s)
Tip
Nb Tip removed: 0 (0s)
Nb errors removed: 1 (0s)
Superbubble
Nb superbubble removed: 0 0 (0s)
Tip
Nb Tip removed: 0 (0s)
Checksum: 0
Checksum abundnace: 0
Generating contigs
41.1448
28.1025
23.2252
14.421
13.11
11.9182
10.8347
9.84974
8.14028
7.40025
6.11591
5.05447
4.17725
3.13843
2.59374
2.14359
0


metaMDBG toMinspace  /var/folders/zg/vq0dnx517c54hg87dyqjky740000gn/T/.tmprWAL2M/tmp/ /var/folders/zg/vq0dnx517c54hg87dyqjky740000gn/T/.tmprWAL2M/tmp//contigs.nodepath /var/folders/zg/vq0dnx517c54hg87dyqjky740000gn/T/.tmprWAL2M/tmp//unitig_data.txt --threads 10

Input dir: /var/folders/zg/vq0dnx517c54hg87dyqjky740000gn/T/.tmprWAL2M/tmp/
Minimizer length: 15
Kminmer length: 144
Density: 0.005

Loading unitig sequences

Creating mContigs

Contig filename: /var/folders/zg/vq0dnx517c54hg87dyqjky740000gn/T/.tmprWAL2M/tmp//unitig_data.txt
pass done: 144
Multi-k pass: 145/205


metaMDBG graph /var/folders/zg/vq0dnx517c54hg87dyqjky740000gn/T/.tmprWAL2M/tmp/ --threads 10 --corrected-read 

Contig filename: 
Output dir: /var/folders/zg/vq0dnx517c54hg87dyqjky740000gn/T/.tmprWAL2M/tmp/
Minimizer length: 15
Kminmer length: 145
Density: 0.005
Min abundance: 0

Loading refined abundances
	Duration: 0
Collecting kminmers
Building mdbg
Duration: 0
Nb solid kminmers: 30249
Nb small contigs written: 0
Dump kminmer abundances
	Duration: 0
Indexing edges
Edge index size: 30361
Edge index elements: 56598
	Duration: 0
Compute unitig nodes
	Duration: 0
Index unitig edges
	Duration: 0
Compute unitig edges
	Duration: 0
Dump unitig abundances
	Duration: 0
Nb edges:   0


metaMDBG contig  /var/folders/zg/vq0dnx517c54hg87dyqjky740000gn/T/.tmprWAL2M/tmp/ --threads 10

Input dir: /var/folders/zg/vq0dnx517c54hg87dyqjky740000gn/T/.tmprWAL2M/tmp/
Minimizer length: 15
Kminmer length: 145
Density: 0.005

Loading unitig graph
Load unitigs
Nb unitigs: 447
Nb minimizers: 94617
Add unitig abundances
Sorting abundances
Add unitig edges
Nb unitig edges: 670
Sorting unitig edges
Done loading unitig graph
Simplifying
Max abundance: 41
Nb unitigs: 447
Superbubble
Nb superbubble removed: 0 0 (0s)
Tip
Nb Tip removed: 138 (0s)
Superbubble
Nb superbubble removed: 0 0 (0s)
Tip
Nb Tip removed: 0 (0s)
Nb errors removed: 76 (0s)
Superbubble
Nb superbubble removed: 0 0 (0s)
Tip
Nb Tip removed: 0 (0s)
Nb errors removed: 1 (0s)
Superbubble
Nb superbubble removed: 0 0 (0s)
Tip
Nb Tip removed: 0 (0s)
Nb errors removed: 37 (0s)
Superbubble
Nb superbubble removed: 0 0 (0s)
Tip
Nb Tip removed: 0 (0s)
Nb errors removed: 34 (0s)
Superbubble
Nb superbubble removed: 0 0 (0s)
Tip
Nb Tip removed: 0 (0s)
Nb errors removed: 30 (0s)
Superbubble
Nb superbubble removed: 0 0 (0s)
Tip
Nb Tip removed: 0 (0s)
Nb errors removed: 15 (0s)
Superbubble
Nb superbubble removed: 0 0 (0s)
Tip
Nb Tip removed: 0 (0s)
Nb errors removed: 20 (0s)
Superbubble
Nb superbubble removed: 0 0 (0s)
Tip
Nb Tip removed: 0 (0s)
Nb errors removed: 20 (0s)
Superbubble
Nb superbubble removed: 0 0 (0s)
Tip
Nb Tip removed: 0 (0s)
Nb errors removed: 10 (0s)
Superbubble
Nb superbubble removed: 0 0 (0s)
Tip
Nb Tip removed: 0 (0s)
Nb errors removed: 9 (0s)
Superbubble
Nb superbubble removed: 0 0 (0s)
Tip
Nb Tip removed: 0 (0s)
Nb errors removed: 11 (0s)
Superbubble
Nb superbubble removed: 0 0 (0s)
Tip
Nb Tip removed: 0 (0s)
Nb errors removed: 16 (0s)
Superbubble
Nb superbubble removed: 0 0 (0s)
Tip
Nb Tip removed: 0 (0s)
Nb errors removed: 2 (0s)
Superbubble
Nb superbubble removed: 0 0 (0s)
Tip
Nb Tip removed: 0 (0s)
Nb errors removed: 1 (0s)
Superbubble
Nb superbubble removed: 0 0 (0s)
Tip
Nb Tip removed: 0 (0s)
Nb errors removed: 5 (0s)
Superbubble
Nb superbubble removed: 0 0 (0s)
Tip
Nb Tip removed: 0 (0s)
Nb errors removed: 1 (0s)
Superbubble
Nb superbubble removed: 0 0 (0s)
Tip
Nb Tip removed: 0 (0s)
Checksum: 0
Checksum abundnace: 0
Generating contigs
41.1448
28.1025
23.2252
14.421
13.11
11.9182
10.8347
9.84974
8.14028
7.40025
6.11591
5.05447
4.17725
3.13843
2.59374
2.14359
0


metaMDBG toMinspace  /var/folders/zg/vq0dnx517c54hg87dyqjky740000gn/T/.tmprWAL2M/tmp/ /var/folders/zg/vq0dnx517c54hg87dyqjky740000gn/T/.tmprWAL2M/tmp//contigs.nodepath /var/folders/zg/vq0dnx517c54hg87dyqjky740000gn/T/.tmprWAL2M/tmp//unitig_data.txt --threads 10

Input dir: /var/folders/zg/vq0dnx517c54hg87dyqjky740000gn/T/.tmprWAL2M/tmp/
Minimizer length: 15
Kminmer length: 145
Density: 0.005

Loading unitig sequences

Creating mContigs

Contig filename: /var/folders/zg/vq0dnx517c54hg87dyqjky740000gn/T/.tmprWAL2M/tmp//unitig_data.txt
pass done: 145
Multi-k pass: 146/205


metaMDBG graph /var/folders/zg/vq0dnx517c54hg87dyqjky740000gn/T/.tmprWAL2M/tmp/ --threads 10 --corrected-read 

Contig filename: 
Output dir: /var/folders/zg/vq0dnx517c54hg87dyqjky740000gn/T/.tmprWAL2M/tmp/
Minimizer length: 15
Kminmer length: 146
Density: 0.005
Min abundance: 0

Loading refined abundances
	Duration: 0
Collecting kminmers
Building mdbg
Duration: 0
Nb solid kminmers: 30134
Nb small contigs written: 0
Dump kminmer abundances
	Duration: 0
Indexing edges
Edge index size: 30248
Edge index elements: 56562
	Duration: 0
Compute unitig nodes
	Duration: 0
Index unitig edges
	Duration: 0
Compute unitig edges
	Duration: 0
Dump unitig abundances
	Duration: 0
Nb edges:   0


metaMDBG contig  /var/folders/zg/vq0dnx517c54hg87dyqjky740000gn/T/.tmprWAL2M/tmp/ --threads 10

Input dir: /var/folders/zg/vq0dnx517c54hg87dyqjky740000gn/T/.tmprWAL2M/tmp/
Minimizer length: 15
Kminmer length: 146
Density: 0.005

Loading unitig graph
Load unitigs
Nb unitigs: 442
Nb minimizers: 94224
Add unitig abundances
Sorting abundances
Add unitig edges
Nb unitig edges: 658
Sorting unitig edges
Done loading unitig graph
Simplifying
Max abundance: 41
Nb unitigs: 442
Superbubble
Nb superbubble removed: 0 0 (0s)
Tip
Nb Tip removed: 134 (0s)
Superbubble
Nb superbubble removed: 0 0 (0s)
Tip
Nb Tip removed: 0 (0s)
Nb errors removed: 76 (0s)
Superbubble
Nb superbubble removed: 0 0 (0s)
Tip
Nb Tip removed: 0 (0s)
Nb errors removed: 1 (0s)
Superbubble
Nb superbubble removed: 0 0 (0s)
Tip
Nb Tip removed: 0 (0s)
Nb errors removed: 37 (0s)
Superbubble
Nb superbubble removed: 0 0 (0s)
Tip
Nb Tip removed: 0 (0s)
Nb errors removed: 34 (0s)
Superbubble
Nb superbubble removed: 0 0 (0s)
Tip
Nb Tip removed: 0 (0s)
Nb errors removed: 30 (0s)
Superbubble
Nb superbubble removed: 0 0 (0s)
Tip
Nb Tip removed: 0 (0s)
Nb errors removed: 15 (0s)
Superbubble
Nb superbubble removed: 0 0 (0s)
Tip
Nb Tip removed: 0 (0s)
Nb errors removed: 20 (0s)
Superbubble
Nb superbubble removed: 0 0 (0s)
Tip
Nb Tip removed: 0 (0s)
Nb errors removed: 19 (0s)
Superbubble
Nb superbubble removed: 0 0 (0s)
Tip
Nb Tip removed: 0 (0s)
Nb errors removed: 11 (0s)
Superbubble
Nb superbubble removed: 0 0 (0s)
Tip
Nb Tip removed: 0 (0s)
Nb errors removed: 8 (0s)
Superbubble
Nb superbubble removed: 0 0 (0s)
Tip
Nb Tip removed: 0 (0s)
Nb errors removed: 11 (0s)
Superbubble
Nb superbubble removed: 0 0 (0s)
Tip
Nb Tip removed: 0 (0s)
Nb errors removed: 16 (0s)
Superbubble
Nb superbubble removed: 0 0 (0s)
Tip
Nb Tip removed: 0 (0s)
Nb errors removed: 2 (0s)
Superbubble
Nb superbubble removed: 0 0 (0s)
Tip
Nb Tip removed: 0 (0s)
Nb errors removed: 1 (0s)
Superbubble
Nb superbubble removed: 0 0 (0s)
Tip
Nb Tip removed: 0 (0s)
Nb errors removed: 5 (0s)
Superbubble
Nb superbubble removed: 0 0 (0s)
Tip
Nb Tip removed: 0 (0s)
Nb errors removed: 1 (0s)
Superbubble
Nb superbubble removed: 0 0 (0s)
Tip
Nb Tip removed: 0 (0s)
Checksum: 0
Checksum abundnace: 0
Generating contigs
41.1448
28.1025
23.2252
14.421
13.11
11.9182
10.8347
9.84974
8.14028
7.40025
6.11591
5.05447
4.17725
3.13843
2.59374
2.14359
0


metaMDBG toMinspace  /var/folders/zg/vq0dnx517c54hg87dyqjky740000gn/T/.tmprWAL2M/tmp/ /var/folders/zg/vq0dnx517c54hg87dyqjky740000gn/T/.tmprWAL2M/tmp//contigs.nodepath /var/folders/zg/vq0dnx517c54hg87dyqjky740000gn/T/.tmprWAL2M/tmp//unitig_data.txt --threads 10

Input dir: /var/folders/zg/vq0dnx517c54hg87dyqjky740000gn/T/.tmprWAL2M/tmp/
Minimizer length: 15
Kminmer length: 146
Density: 0.005

Loading unitig sequences

Creating mContigs

Contig filename: /var/folders/zg/vq0dnx517c54hg87dyqjky740000gn/T/.tmprWAL2M/tmp//unitig_data.txt
pass done: 146
Multi-k pass: 147/205


metaMDBG graph /var/folders/zg/vq0dnx517c54hg87dyqjky740000gn/T/.tmprWAL2M/tmp/ --threads 10 --corrected-read 

Contig filename: 
Output dir: /var/folders/zg/vq0dnx517c54hg87dyqjky740000gn/T/.tmprWAL2M/tmp/
Minimizer length: 15
Kminmer length: 147
Density: 0.005
Min abundance: 0

Loading refined abundances
	Duration: 0
Collecting kminmers
Building mdbg
Duration: 0
Nb solid kminmers: 30017
Nb small contigs written: 0
Dump kminmer abundances
	Duration: 0
Indexing edges
Edge index size: 30134
Edge index elements: 56560
	Duration: 0
Compute unitig nodes
	Duration: 0
Index unitig edges
	Duration: 0
Compute unitig edges
	Duration: 0
Dump unitig abundances
	Duration: 0
Nb edges:   0


metaMDBG contig  /var/folders/zg/vq0dnx517c54hg87dyqjky740000gn/T/.tmprWAL2M/tmp/ --threads 10

Input dir: /var/folders/zg/vq0dnx517c54hg87dyqjky740000gn/T/.tmprWAL2M/tmp/
Minimizer length: 15
Kminmer length: 147
Density: 0.005

Loading unitig graph
Load unitigs
Nb unitigs: 438
Nb minimizers: 93965
Add unitig abundances
Sorting abundances
Add unitig edges
Nb unitig edges: 642
Sorting unitig edges
Done loading unitig graph
Simplifying
Max abundance: 41
Nb unitigs: 438
Superbubble
Nb superbubble removed: 0 0 (0s)
Tip
Nb Tip removed: 128 (0s)
Superbubble
Nb superbubble removed: 0 0 (0s)
Tip
Nb Tip removed: 0 (0s)
Nb errors removed: 76 (0s)
Superbubble
Nb superbubble removed: 0 0 (0s)
Tip
Nb Tip removed: 0 (0s)
Nb errors removed: 1 (0s)
Superbubble
Nb superbubble removed: 0 0 (0s)
Tip
Nb Tip removed: 0 (0s)
Nb errors removed: 37 (0s)
Superbubble
Nb superbubble removed: 0 0 (0s)
Tip
Nb Tip removed: 0 (0s)
Nb errors removed: 34 (0s)
Superbubble
Nb superbubble removed: 0 0 (0s)
Tip
Nb Tip removed: 0 (0s)
Nb errors removed: 29 (0s)
Superbubble
Nb superbubble removed: 0 0 (0s)
Tip
Nb Tip removed: 0 (0s)
Nb errors removed: 15 (0s)
Superbubble
Nb superbubble removed: 0 0 (0s)
Tip
Nb Tip removed: 0 (0s)
Nb errors removed: 20 (0s)
Superbubble
Nb superbubble removed: 0 0 (0s)
Tip
Nb Tip removed: 0 (0s)
Nb errors removed: 19 (0s)
Superbubble
Nb superbubble removed: 0 0 (0s)
Tip
Nb Tip removed: 0 (0s)
Nb errors removed: 10 (0s)
Superbubble
Nb superbubble removed: 0 0 (0s)
Tip
Nb Tip removed: 0 (0s)
Nb errors removed: 8 (0s)
Superbubble
Nb superbubble removed: 0 0 (0s)
Tip
Nb Tip removed: 0 (0s)
Nb errors removed: 11 (0s)
Superbubble
Nb superbubble removed: 0 0 (0s)
Tip
Nb Tip removed: 0 (0s)
Nb errors removed: 16 (0s)
Superbubble
Nb superbubble removed: 0 0 (0s)
Tip
Nb Tip removed: 0 (0s)
Nb errors removed: 2 (0s)
Superbubble
Nb superbubble removed: 0 0 (0s)
Tip
Nb Tip removed: 0 (0s)
Nb errors removed: 1 (0s)
Superbubble
Nb superbubble removed: 0 0 (0s)
Tip
Nb Tip removed: 0 (0s)
Nb errors removed: 5 (0s)
Superbubble
Nb superbubble removed: 0 0 (0s)
Tip
Nb Tip removed: 0 (0s)
Nb errors removed: 1 (0s)
Superbubble
Nb superbubble removed: 0 0 (0s)
Tip
Nb Tip removed: 0 (0s)
Checksum: 0
Checksum abundnace: 0
Generating contigs
41.1448
28.1025
23.2252
14.421
13.11
11.9182
10.8347
9.84974
8.14028
7.40025
6.11591
5.05447
4.17725
3.13843
2.59374
2.14359
0


metaMDBG toMinspace  /var/folders/zg/vq0dnx517c54hg87dyqjky740000gn/T/.tmprWAL2M/tmp/ /var/folders/zg/vq0dnx517c54hg87dyqjky740000gn/T/.tmprWAL2M/tmp//contigs.nodepath /var/folders/zg/vq0dnx517c54hg87dyqjky740000gn/T/.tmprWAL2M/tmp//unitig_data.txt --threads 10

Input dir: /var/folders/zg/vq0dnx517c54hg87dyqjky740000gn/T/.tmprWAL2M/tmp/
Minimizer length: 15
Kminmer length: 147
Density: 0.005

Loading unitig sequences

Creating mContigs

Contig filename: /var/folders/zg/vq0dnx517c54hg87dyqjky740000gn/T/.tmprWAL2M/tmp//unitig_data.txt
pass done: 147
Multi-k pass: 148/205


metaMDBG graph /var/folders/zg/vq0dnx517c54hg87dyqjky740000gn/T/.tmprWAL2M/tmp/ --threads 10 --corrected-read 

Contig filename: 
Output dir: /var/folders/zg/vq0dnx517c54hg87dyqjky740000gn/T/.tmprWAL2M/tmp/
Minimizer length: 15
Kminmer length: 148
Density: 0.005
Min abundance: 0

Loading refined abundances
	Duration: 0
Collecting kminmers
Building mdbg
Duration: 0
Nb solid kminmers: 29898
Nb small contigs written: 0
Dump kminmer abundances
	Duration: 0
Indexing edges
Edge index size: 30014
Edge index elements: 56437
	Duration: 0
Compute unitig nodes
	Duration: 0
Index unitig edges
	Duration: 0
Compute unitig edges
	Duration: 0
Dump unitig abundances
	Duration: 0
Nb edges:   0


metaMDBG contig  /var/folders/zg/vq0dnx517c54hg87dyqjky740000gn/T/.tmprWAL2M/tmp/ --threads 10

Input dir: /var/folders/zg/vq0dnx517c54hg87dyqjky740000gn/T/.tmprWAL2M/tmp/
Minimizer length: 15
Kminmer length: 148
Density: 0.005

Loading unitig graph
Load unitigs
Nb unitigs: 433
Nb minimizers: 93549
Add unitig abundances
Sorting abundances
Add unitig edges
Nb unitig edges: 634
Sorting unitig edges
Done loading unitig graph
Simplifying
Max abundance: 41
Nb unitigs: 433
Superbubble
Nb superbubble removed: 0 0 (0s)
Tip
Nb Tip removed: 127 (0s)
Superbubble
Nb superbubble removed: 0 0 (0s)
Tip
Nb Tip removed: 0 (0s)
Nb errors removed: 76 (0s)
Superbubble
Nb superbubble removed: 0 0 (0s)
Tip
Nb Tip removed: 0 (0s)
Nb errors removed: 1 (0s)
Superbubble
Nb superbubble removed: 0 0 (0s)
Tip
Nb Tip removed: 0 (0s)
Nb errors removed: 35 (0s)
Superbubble
Nb superbubble removed: 0 0 (0s)
Tip
Nb Tip removed: 0 (0s)
Nb errors removed: 34 (0s)
Superbubble
Nb superbubble removed: 0 0 (0s)
Tip
Nb Tip removed: 0 (0s)
Nb errors removed: 29 (0s)
Superbubble
Nb superbubble removed: 0 0 (0s)
Tip
Nb Tip removed: 0 (0s)
Nb errors removed: 14 (0s)
Superbubble
Nb superbubble removed: 0 0 (0s)
Tip
Nb Tip removed: 0 (0s)
Nb errors removed: 20 (0s)
Superbubble
Nb superbubble removed: 0 0 (0s)
Tip
Nb Tip removed: 0 (0s)
Nb errors removed: 19 (0s)
Superbubble
Nb superbubble removed: 0 0 (0s)
Tip
Nb Tip removed: 0 (0s)
Nb errors removed: 10 (0s)
Superbubble
Nb superbubble removed: 0 0 (0s)
Tip
Nb Tip removed: 0 (0s)
Nb errors removed: 8 (0s)
Superbubble
Nb superbubble removed: 0 0 (0s)
Tip
Nb Tip removed: 0 (0s)
Nb errors removed: 11 (0s)
Superbubble
Nb superbubble removed: 0 0 (0s)
Tip
Nb Tip removed: 0 (0s)
Nb errors removed: 16 (0s)
Superbubble
Nb superbubble removed: 0 0 (0s)
Tip
Nb Tip removed: 0 (0s)
Nb errors removed: 2 (0s)
Superbubble
Nb superbubble removed: 0 0 (0s)
Tip
Nb Tip removed: 0 (0s)
Nb errors removed: 1 (0s)
Superbubble
Nb superbubble removed: 0 0 (0s)
Tip
Nb Tip removed: 0 (0s)
Nb errors removed: 5 (0s)
Superbubble
Nb superbubble removed: 0 0 (0s)
Tip
Nb Tip removed: 0 (0s)
Nb errors removed: 1 (0s)
Superbubble
Nb superbubble removed: 0 0 (0s)
Tip
Nb Tip removed: 0 (0s)
Checksum: 0
Checksum abundnace: 0
Generating contigs
41.1448
28.1025
23.2252
14.421
13.11
11.9182
10.8347
9.84974
8.14028
7.40025
6.11591
5.05447
4.17725
3.13843
2.59374
2.14359
0


metaMDBG toMinspace  /var/folders/zg/vq0dnx517c54hg87dyqjky740000gn/T/.tmprWAL2M/tmp/ /var/folders/zg/vq0dnx517c54hg87dyqjky740000gn/T/.tmprWAL2M/tmp//contigs.nodepath /var/folders/zg/vq0dnx517c54hg87dyqjky740000gn/T/.tmprWAL2M/tmp//unitig_data.txt --threads 10

Input dir: /var/folders/zg/vq0dnx517c54hg87dyqjky740000gn/T/.tmprWAL2M/tmp/
Minimizer length: 15
Kminmer length: 148
Density: 0.005

Loading unitig sequences

Creating mContigs

Contig filename: /var/folders/zg/vq0dnx517c54hg87dyqjky740000gn/T/.tmprWAL2M/tmp//unitig_data.txt
pass done: 148
Multi-k pass: 149/205


metaMDBG graph /var/folders/zg/vq0dnx517c54hg87dyqjky740000gn/T/.tmprWAL2M/tmp/ --threads 10 --corrected-read 

Contig filename: 
Output dir: /var/folders/zg/vq0dnx517c54hg87dyqjky740000gn/T/.tmprWAL2M/tmp/
Minimizer length: 15
Kminmer length: 149
Density: 0.005
Min abundance: 0

Loading refined abundances
	Duration: 0
Collecting kminmers
Building mdbg
Duration: 0
Nb solid kminmers: 29779
Nb small contigs written: 0
Dump kminmer abundances
	Duration: 0
Indexing edges
Edge index size: 29898
Edge index elements: 56242
	Duration: 0
Compute unitig nodes
	Duration: 0
Index unitig edges
	Duration: 0
Compute unitig edges
	Duration: 0
Dump unitig abundances
	Duration: 0
Nb edges:   0


metaMDBG contig  /var/folders/zg/vq0dnx517c54hg87dyqjky740000gn/T/.tmprWAL2M/tmp/ --threads 10

Input dir: /var/folders/zg/vq0dnx517c54hg87dyqjky740000gn/T/.tmprWAL2M/tmp/
Minimizer length: 15
Kminmer length: 149
Density: 0.005

Loading unitig graph
Load unitigs
Nb unitigs: 430
Nb minimizers: 93419
Add unitig abundances
Sorting abundances
Add unitig edges
Nb unitig edges: 622
Sorting unitig edges
Done loading unitig graph
Simplifying
Max abundance: 41
Nb unitigs: 430
Superbubble
Nb superbubble removed: 0 0 (0s)
Tip
Nb Tip removed: 122 (0s)
Superbubble
Nb superbubble removed: 0 0 (0s)
Tip
Nb Tip removed: 0 (0s)
Nb errors removed: 76 (0s)
Superbubble
Nb superbubble removed: 0 0 (0s)
Tip
Nb Tip removed: 0 (0s)
Nb errors removed: 1 (0s)
Superbubble
Nb superbubble removed: 0 0 (0s)
Tip
Nb Tip removed: 0 (0s)
Nb errors removed: 35 (0s)
Superbubble
Nb superbubble removed: 0 0 (0s)
Tip
Nb Tip removed: 0 (0s)
Nb errors removed: 34 (0s)
Superbubble
Nb superbubble removed: 0 0 (0s)
Tip
Nb Tip removed: 0 (0s)
Nb errors removed: 29 (0s)
Superbubble
Nb superbubble removed: 0 0 (0s)
Tip
Nb Tip removed: 0 (0s)
Nb errors removed: 14 (0s)
Superbubble
Nb superbubble removed: 0 0 (0s)
Tip
Nb Tip removed: 0 (0s)
Nb errors removed: 20 (0s)
Superbubble
Nb superbubble removed: 0 0 (0s)
Tip
Nb Tip removed: 0 (0s)
Nb errors removed: 19 (0s)
Superbubble
Nb superbubble removed: 0 0 (0s)
Tip
Nb Tip removed: 0 (0s)
Nb errors removed: 10 (0s)
Superbubble
Nb superbubble removed: 0 0 (0s)
Tip
Nb Tip removed: 0 (0s)
Nb errors removed: 8 (0s)
Superbubble
Nb superbubble removed: 0 0 (0s)
Tip
Nb Tip removed: 0 (0s)
Nb errors removed: 11 (0s)
Superbubble
Nb superbubble removed: 0 0 (0s)
Tip
Nb Tip removed: 0 (0s)
Nb errors removed: 16 (0s)
Superbubble
Nb superbubble removed: 0 0 (0s)
Tip
Nb Tip removed: 0 (0s)
Nb errors removed: 2 (0s)
Superbubble
Nb superbubble removed: 0 0 (0s)
Tip
Nb Tip removed: 0 (0s)
Nb errors removed: 1 (0s)
Superbubble
Nb superbubble removed: 0 0 (0s)
Tip
Nb Tip removed: 0 (0s)
Nb errors removed: 5 (0s)
Superbubble
Nb superbubble removed: 0 0 (0s)
Tip
Nb Tip removed: 0 (0s)
Nb errors removed: 1 (0s)
Superbubble
Nb superbubble removed: 0 0 (0s)
Tip
Nb Tip removed: 0 (0s)
Checksum: 0
Checksum abundnace: 0
Generating contigs
41.1448
28.1025
23.2252
14.421
13.11
11.9182
10.8347
9.84974
8.14028
7.40025
6.11591
5.05447
4.17725
3.13843
2.59374
2.14359
0


metaMDBG toMinspace  /var/folders/zg/vq0dnx517c54hg87dyqjky740000gn/T/.tmprWAL2M/tmp/ /var/folders/zg/vq0dnx517c54hg87dyqjky740000gn/T/.tmprWAL2M/tmp//contigs.nodepath /var/folders/zg/vq0dnx517c54hg87dyqjky740000gn/T/.tmprWAL2M/tmp//unitig_data.txt --threads 10

Input dir: /var/folders/zg/vq0dnx517c54hg87dyqjky740000gn/T/.tmprWAL2M/tmp/
Minimizer length: 15
Kminmer length: 149
Density: 0.005

Loading unitig sequences

Creating mContigs

Contig filename: /var/folders/zg/vq0dnx517c54hg87dyqjky740000gn/T/.tmprWAL2M/tmp//unitig_data.txt
pass done: 149
Multi-k pass: 150/205


metaMDBG graph /var/folders/zg/vq0dnx517c54hg87dyqjky740000gn/T/.tmprWAL2M/tmp/ --threads 10 --corrected-read 

Contig filename: 
Output dir: /var/folders/zg/vq0dnx517c54hg87dyqjky740000gn/T/.tmprWAL2M/tmp/
Minimizer length: 15
Kminmer length: 150
Density: 0.005
Min abundance: 0

Loading refined abundances
	Duration: 0
Collecting kminmers
Building mdbg
Duration: 0
Nb solid kminmers: 29658
Nb small contigs written: 0
Dump kminmer abundances
	Duration: 0
Indexing edges
Edge index size: 29778
Edge index elements: 55947
	Duration: 0
Compute unitig nodes
	Duration: 0
Index unitig edges
	Duration: 0
Compute unitig edges
	Duration: 0
Dump unitig abundances
	Duration: 0
Nb edges:   0


metaMDBG contig  /var/folders/zg/vq0dnx517c54hg87dyqjky740000gn/T/.tmprWAL2M/tmp/ --threads 10

Input dir: /var/folders/zg/vq0dnx517c54hg87dyqjky740000gn/T/.tmprWAL2M/tmp/
Minimizer length: 15
Kminmer length: 150
Density: 0.005

Loading unitig graph
Load unitigs
Nb unitigs: 427
Nb minimizers: 93281
Add unitig abundances
Sorting abundances
Add unitig edges
Nb unitig edges: 614
Sorting unitig edges
Done loading unitig graph
Simplifying
Max abundance: 41
Nb unitigs: 427
Superbubble
Nb superbubble removed: 0 0 (0s)
Tip
Nb Tip removed: 121 (0s)
Superbubble
Nb superbubble removed: 0 0 (0s)
Tip
Nb Tip removed: 0 (0s)
Nb errors removed: 76 (0s)
Superbubble
Nb superbubble removed: 0 0 (0s)
Tip
Nb Tip removed: 0 (0s)
Nb errors removed: 1 (0s)
Superbubble
Nb superbubble removed: 0 0 (0s)
Tip
Nb Tip removed: 0 (0s)
Nb errors removed: 35 (0s)
Superbubble
Nb superbubble removed: 0 0 (0s)
Tip
Nb Tip removed: 0 (0s)
Nb errors removed: 33 (0s)
Superbubble
Nb superbubble removed: 0 0 (0s)
Tip
Nb Tip removed: 0 (0s)
Nb errors removed: 29 (0s)
Superbubble
Nb superbubble removed: 0 0 (0s)
Tip
Nb Tip removed: 0 (0s)
Nb errors removed: 14 (0s)
Superbubble
Nb superbubble removed: 0 0 (0s)
Tip
Nb Tip removed: 0 (0s)
Nb errors removed: 20 (0s)
Superbubble
Nb superbubble removed: 0 0 (0s)
Tip
Nb Tip removed: 0 (0s)
Nb errors removed: 19 (0s)
Superbubble
Nb superbubble removed: 0 0 (0s)
Tip
Nb Tip removed: 0 (0s)
Nb errors removed: 10 (0s)
Superbubble
Nb superbubble removed: 0 0 (0s)
Tip
Nb Tip removed: 0 (0s)
Nb errors removed: 8 (0s)
Superbubble
Nb superbubble removed: 0 0 (0s)
Tip
Nb Tip removed: 0 (0s)
Nb errors removed: 11 (0s)
Superbubble
Nb superbubble removed: 0 0 (0s)
Tip
Nb Tip removed: 0 (0s)
Nb errors removed: 16 (0s)
Superbubble
Nb superbubble removed: 0 0 (0s)
Tip
Nb Tip removed: 0 (0s)
Nb errors removed: 2 (0s)
Superbubble
Nb superbubble removed: 0 0 (0s)
Tip
Nb Tip removed: 0 (0s)
Nb errors removed: 1 (0s)
Superbubble
Nb superbubble removed: 0 0 (0s)
Tip
Nb Tip removed: 0 (0s)
Nb errors removed: 5 (0s)
Superbubble
Nb superbubble removed: 0 0 (0s)
Tip
Nb Tip removed: 0 (0s)
Nb errors removed: 1 (0s)
Superbubble
Nb superbubble removed: 0 0 (0s)
Tip
Nb Tip removed: 0 (0s)
Checksum: 0
Checksum abundnace: 0
Generating contigs
41.1448
28.1025
23.2252
14.421
13.11
11.9182
10.8347
9.84974
8.14028
7.40025
6.11591
5.05447
4.17725
3.13843
2.59374
2.14359
0


metaMDBG toMinspace  /var/folders/zg/vq0dnx517c54hg87dyqjky740000gn/T/.tmprWAL2M/tmp/ /var/folders/zg/vq0dnx517c54hg87dyqjky740000gn/T/.tmprWAL2M/tmp//contigs.nodepath /var/folders/zg/vq0dnx517c54hg87dyqjky740000gn/T/.tmprWAL2M/tmp//unitig_data.txt --threads 10

Input dir: /var/folders/zg/vq0dnx517c54hg87dyqjky740000gn/T/.tmprWAL2M/tmp/
Minimizer length: 15
Kminmer length: 150
Density: 0.005

Loading unitig sequences

Creating mContigs

Contig filename: /var/folders/zg/vq0dnx517c54hg87dyqjky740000gn/T/.tmprWAL2M/tmp//unitig_data.txt
pass done: 150
Multi-k pass: 151/205


metaMDBG graph /var/folders/zg/vq0dnx517c54hg87dyqjky740000gn/T/.tmprWAL2M/tmp/ --threads 10 --corrected-read 

Contig filename: 
Output dir: /var/folders/zg/vq0dnx517c54hg87dyqjky740000gn/T/.tmprWAL2M/tmp/
Minimizer length: 15
Kminmer length: 151
Density: 0.005
Min abundance: 0

Loading refined abundances
	Duration: 0
Collecting kminmers
Building mdbg
Duration: 0
Nb solid kminmers: 29536
Nb small contigs written: 0
Dump kminmer abundances
	Duration: 0
Indexing edges
Edge index size: 29655
Edge index elements: 55791
	Duration: 0
Compute unitig nodes
	Duration: 0
Index unitig edges
	Duration: 0
Compute unitig edges
	Duration: 0
Dump unitig abundances
	Duration: 0
Nb edges:   0


metaMDBG contig  /var/folders/zg/vq0dnx517c54hg87dyqjky740000gn/T/.tmprWAL2M/tmp/ --threads 10 --gen-graph 

Input dir: /var/folders/zg/vq0dnx517c54hg87dyqjky740000gn/T/.tmprWAL2M/tmp/
Minimizer length: 15
Kminmer length: 151
Density: 0.005

Loading unitig graph
Load unitigs
Nb unitigs: 422
Nb minimizers: 92836
Add unitig abundances
Sorting abundances
Add unitig edges
Nb unitig edges: 606
Sorting unitig edges
Done loading unitig graph
Simplifying
Max abundance: 41
Nb unitigs: 422
Superbubble
Nb superbubble removed: 0 0 (0s)
Tip
Nb Tip removed: 120 (0s)
Superbubble
Nb superbubble removed: 0 0 (0s)
Tip
Nb Tip removed: 0 (0s)
Saving unitig graph: /var/folders/zg/vq0dnx517c54hg87dyqjky740000gn/T/.tmprWAL2M/tmp//assembly_graph.gfa
Nb errors removed: 75 (0s)
Superbubble
Nb superbubble removed: 0 0 (0s)
Tip
Nb Tip removed: 0 (0s)
Nb errors removed: 1 (0s)
Superbubble
Nb superbubble removed: 0 0 (0s)
Tip
Nb Tip removed: 0 (0s)
Nb errors removed: 34 (0s)
Superbubble
Nb superbubble removed: 0 0 (0s)
Tip
Nb Tip removed: 0 (0s)
Nb errors removed: 33 (0s)
Superbubble
Nb superbubble removed: 0 0 (0s)
Tip
Nb Tip removed: 0 (0s)
Nb errors removed: 29 (0s)
Superbubble
Nb superbubble removed: 0 0 (0s)
Tip
Nb Tip removed: 0 (0s)
Nb errors removed: 14 (0s)
Superbubble
Nb superbubble removed: 0 0 (0s)
Tip
Nb Tip removed: 0 (0s)
Nb errors removed: 20 (0s)
Superbubble
Nb superbubble removed: 0 0 (0s)
Tip
Nb Tip removed: 0 (0s)
Nb errors removed: 19 (0s)
Superbubble
Nb superbubble removed: 0 0 (0s)
Tip
Nb Tip removed: 0 (0s)
Nb errors removed: 10 (0s)
Superbubble
Nb superbubble removed: 0 0 (0s)
Tip
Nb Tip removed: 0 (0s)
Nb errors removed: 8 (0s)
Superbubble
Nb superbubble removed: 0 0 (0s)
Tip
Nb Tip removed: 0 (0s)
Nb errors removed: 10 (0s)
Superbubble
Nb superbubble removed: 0 0 (0s)
Tip
Nb Tip removed: 0 (0s)
Nb errors removed: 16 (0s)
Superbubble
Nb superbubble removed: 0 0 (0s)
Tip
Nb Tip removed: 0 (0s)
Nb errors removed: 2 (0s)
Superbubble
Nb superbubble removed: 0 0 (0s)
Tip
Nb Tip removed: 0 (0s)
Nb errors removed: 1 (0s)
Superbubble
Nb superbubble removed: 0 0 (0s)
Tip
Nb Tip removed: 0 (0s)
Nb errors removed: 5 (0s)
Superbubble
Nb superbubble removed: 0 0 (0s)
Tip
Nb Tip removed: 0 (0s)
Nb errors removed: 1 (0s)
Superbubble
Nb superbubble removed: 0 0 (0s)
Tip
Nb Tip removed: 0 (0s)
Checksum: 0
Checksum abundnace: 0
Generating contigs
41.1448
28.1025
23.2252
14.421
13.11
11.9182
10.8347
9.84974
8.14028
7.40025
6.11591
5.05447
4.17725
3.13843
2.59374
2.14359
0


metaMDBG toMinspace  /var/folders/zg/vq0dnx517c54hg87dyqjky740000gn/T/.tmprWAL2M/tmp/ /var/folders/zg/vq0dnx517c54hg87dyqjky740000gn/T/.tmprWAL2M/tmp//contigs.nodepath /var/folders/zg/vq0dnx517c54hg87dyqjky740000gn/T/.tmprWAL2M/tmp//unitig_data.txt --threads 10

Input dir: /var/folders/zg/vq0dnx517c54hg87dyqjky740000gn/T/.tmprWAL2M/tmp/
Minimizer length: 15
Kminmer length: 151
Density: 0.005

Loading unitig sequences

Creating mContigs

Contig filename: /var/folders/zg/vq0dnx517c54hg87dyqjky740000gn/T/.tmprWAL2M/tmp//unitig_data.txt


metaMDBG toMinspace  /var/folders/zg/vq0dnx517c54hg87dyqjky740000gn/T/.tmprWAL2M/tmp/ /var/folders/zg/vq0dnx517c54hg87dyqjky740000gn/T/.tmprWAL2M/tmp//assembly_graph.gfa.unitigs.nodepath /var/folders/zg/vq0dnx517c54hg87dyqjky740000gn/T/.tmprWAL2M/tmp//assembly_graph.gfa.unitigs --threads 10

Input dir: /var/folders/zg/vq0dnx517c54hg87dyqjky740000gn/T/.tmprWAL2M/tmp/
Minimizer length: 15
Kminmer length: 151
Density: 0.005

Loading unitig sequences

Creating mContigs

Contig filename: /var/folders/zg/vq0dnx517c54hg87dyqjky740000gn/T/.tmprWAL2M/tmp//assembly_graph.gfa.unitigs
pass done: 151
Multi-k pass: 152/205


metaMDBG graph /var/folders/zg/vq0dnx517c54hg87dyqjky740000gn/T/.tmprWAL2M/tmp/ --threads 10 --corrected-read 

Contig filename: 
Output dir: /var/folders/zg/vq0dnx517c54hg87dyqjky740000gn/T/.tmprWAL2M/tmp/
Minimizer length: 15
Kminmer length: 152
Density: 0.005
Min abundance: 0

Loading refined abundances
	Duration: 0
Collecting kminmers
Building mdbg
Duration: 0
Nb solid kminmers: 29416
Nb small contigs written: 0
Dump kminmer abundances
	Duration: 0
Indexing edges
Edge index size: 29536
Edge index elements: 55771
	Duration: 0
Compute unitig nodes
	Duration: 0
Index unitig edges
	Duration: 0
Compute unitig edges
	Duration: 0
Dump unitig abundances
	Duration: 0
Nb edges:   0


metaMDBG contig  /var/folders/zg/vq0dnx517c54hg87dyqjky740000gn/T/.tmprWAL2M/tmp/ --threads 10

Input dir: /var/folders/zg/vq0dnx517c54hg87dyqjky740000gn/T/.tmprWAL2M/tmp/
Minimizer length: 15
Kminmer length: 152
Density: 0.005

Loading unitig graph
Load unitigs
Nb unitigs: 421
Nb minimizers: 92987
Add unitig abundances
Sorting abundances
Add unitig edges
Nb unitig edges: 602
Sorting unitig edges
Done loading unitig graph
Simplifying
Max abundance: 41
Nb unitigs: 421
Superbubble
Nb superbubble removed: 0 0 (0s)
Tip
Nb Tip removed: 119 (0s)
Superbubble
Nb superbubble removed: 0 0 (0s)
Tip
Nb Tip removed: 0 (0s)
Nb errors removed: 75 (0s)
Superbubble
Nb superbubble removed: 0 0 (0s)
Tip
Nb Tip removed: 0 (0s)
Nb errors removed: 1 (0s)
Superbubble
Nb superbubble removed: 0 0 (0s)
Tip
Nb Tip removed: 0 (0s)
Nb errors removed: 34 (0s)
Superbubble
Nb superbubble removed: 0 0 (0s)
Tip
Nb Tip removed: 0 (0s)
Nb errors removed: 33 (0s)
Superbubble
Nb superbubble removed: 0 0 (0s)
Tip
Nb Tip removed: 0 (0s)
Nb errors removed: 29 (0s)
Superbubble
Nb superbubble removed: 0 0 (0s)
Tip
Nb Tip removed: 0 (0s)
Nb errors removed: 14 (0s)
Superbubble
Nb superbubble removed: 0 0 (0s)
Tip
Nb Tip removed: 0 (0s)
Nb errors removed: 20 (0s)
Superbubble
Nb superbubble removed: 0 0 (0s)
Tip
Nb Tip removed: 0 (0s)
Nb errors removed: 19 (0s)
Superbubble
Nb superbubble removed: 0 0 (0s)
Tip
Nb Tip removed: 0 (0s)
Nb errors removed: 10 (0s)
Superbubble
Nb superbubble removed: 0 0 (0s)
Tip
Nb Tip removed: 0 (0s)
Nb errors removed: 8 (0s)
Superbubble
Nb superbubble removed: 0 0 (0s)
Tip
Nb Tip removed: 0 (0s)
Nb errors removed: 10 (0s)
Superbubble
Nb superbubble removed: 0 0 (0s)
Tip
Nb Tip removed: 0 (0s)
Nb errors removed: 16 (0s)
Superbubble
Nb superbubble removed: 0 0 (0s)
Tip
Nb Tip removed: 0 (0s)
Nb errors removed: 2 (0s)
Superbubble
Nb superbubble removed: 0 0 (0s)
Tip
Nb Tip removed: 0 (0s)
Nb errors removed: 1 (0s)
Superbubble
Nb superbubble removed: 0 0 (0s)
Tip
Nb Tip removed: 0 (0s)
Nb errors removed: 5 (0s)
Superbubble
Nb superbubble removed: 0 0 (0s)
Tip
Nb Tip removed: 0 (0s)
Nb errors removed: 1 (0s)
Superbubble
Nb superbubble removed: 0 0 (0s)
Tip
Nb Tip removed: 0 (0s)
Checksum: 0
Checksum abundnace: 0
Generating contigs
41.1448
28.1025
23.2252
14.421
13.11
11.9182
10.8347
9.84974
8.14028
7.40025
6.11591
5.05447
4.17725
3.13843
2.59374
2.14359
0


metaMDBG toMinspace  /var/folders/zg/vq0dnx517c54hg87dyqjky740000gn/T/.tmprWAL2M/tmp/ /var/folders/zg/vq0dnx517c54hg87dyqjky740000gn/T/.tmprWAL2M/tmp//contigs.nodepath /var/folders/zg/vq0dnx517c54hg87dyqjky740000gn/T/.tmprWAL2M/tmp//unitig_data.txt --threads 10

Input dir: /var/folders/zg/vq0dnx517c54hg87dyqjky740000gn/T/.tmprWAL2M/tmp/
Minimizer length: 15
Kminmer length: 152
Density: 0.005

Loading unitig sequences

Creating mContigs

Contig filename: /var/folders/zg/vq0dnx517c54hg87dyqjky740000gn/T/.tmprWAL2M/tmp//unitig_data.txt
pass done: 152
Multi-k pass: 153/205


metaMDBG graph /var/folders/zg/vq0dnx517c54hg87dyqjky740000gn/T/.tmprWAL2M/tmp/ --threads 10 --corrected-read 

Contig filename: 
Output dir: /var/folders/zg/vq0dnx517c54hg87dyqjky740000gn/T/.tmprWAL2M/tmp/
Minimizer length: 15
Kminmer length: 153
Density: 0.005
Min abundance: 0

Loading refined abundances
	Duration: 0
Collecting kminmers
Building mdbg
Duration: 0
Nb solid kminmers: 29295
Nb small contigs written: 0
Dump kminmer abundances
	Duration: 0
Indexing edges
Edge index size: 29414
Edge index elements: 55735
	Duration: 0
Compute unitig nodes
	Duration: 0
Index unitig edges
	Duration: 0
Compute unitig edges
	Duration: 0
Dump unitig abundances
	Duration: 0
Nb edges:   0


metaMDBG contig  /var/folders/zg/vq0dnx517c54hg87dyqjky740000gn/T/.tmprWAL2M/tmp/ --threads 10

Input dir: /var/folders/zg/vq0dnx517c54hg87dyqjky740000gn/T/.tmprWAL2M/tmp/
Minimizer length: 15
Kminmer length: 153
Density: 0.005

Loading unitig graph
Load unitigs
Nb unitigs: 417
Nb minimizers: 92679
Add unitig abundances
Sorting abundances
Add unitig edges
Nb unitig edges: 598
Sorting unitig edges
Done loading unitig graph
Simplifying
Max abundance: 41
Nb unitigs: 417
Superbubble
Nb superbubble removed: 0 0 (0s)
Tip
Nb Tip removed: 118 (0s)
Superbubble
Nb superbubble removed: 0 0 (0s)
Tip
Nb Tip removed: 0 (0s)
Nb errors removed: 74 (0s)
Superbubble
Nb superbubble removed: 0 0 (0s)
Tip
Nb Tip removed: 0 (0s)
Nb errors removed: 1 (0s)
Superbubble
Nb superbubble removed: 0 0 (0s)
Tip
Nb Tip removed: 0 (0s)
Nb errors removed: 34 (0s)
Superbubble
Nb superbubble removed: 0 0 (0s)
Tip
Nb Tip removed: 0 (0s)
Nb errors removed: 32 (0s)
Superbubble
Nb superbubble removed: 0 0 (0s)
Tip
Nb Tip removed: 0 (0s)
Nb errors removed: 29 (0s)
Superbubble
Nb superbubble removed: 0 0 (0s)
Tip
Nb Tip removed: 0 (0s)
Nb errors removed: 14 (0s)
Superbubble
Nb superbubble removed: 0 0 (0s)
Tip
Nb Tip removed: 0 (0s)
Nb errors removed: 20 (0s)
Superbubble
Nb superbubble removed: 0 0 (0s)
Tip
Nb Tip removed: 0 (0s)
Nb errors removed: 19 (0s)
Superbubble
Nb superbubble removed: 0 0 (0s)
Tip
Nb Tip removed: 0 (0s)
Nb errors removed: 10 (0s)
Superbubble
Nb superbubble removed: 0 0 (0s)
Tip
Nb Tip removed: 0 (0s)
Nb errors removed: 8 (0s)
Superbubble
Nb superbubble removed: 0 0 (0s)
Tip
Nb Tip removed: 0 (0s)
Nb errors removed: 10 (0s)
Superbubble
Nb superbubble removed: 0 0 (0s)
Tip
Nb Tip removed: 0 (0s)
Nb errors removed: 16 (0s)
Superbubble
Nb superbubble removed: 0 0 (0s)
Tip
Nb Tip removed: 0 (0s)
Nb errors removed: 2 (0s)
Superbubble
Nb superbubble removed: 0 0 (0s)
Tip
Nb Tip removed: 0 (0s)
Nb errors removed: 1 (0s)
Superbubble
Nb superbubble removed: 0 0 (0s)
Tip
Nb Tip removed: 0 (0s)
Nb errors removed: 5 (0s)
Superbubble
Nb superbubble removed: 0 0 (0s)
Tip
Nb Tip removed: 0 (0s)
Nb errors removed: 1 (0s)
Superbubble
Nb superbubble removed: 0 0 (0s)
Tip
Nb Tip removed: 0 (0s)
Checksum: 0
Checksum abundnace: 0
Generating contigs
41.1448
28.1025
23.2252
14.421
13.11
11.9182
10.8347
9.84974
8.14028
7.40025
6.11591
5.05447
4.17725
3.13843
2.59374
2.14359
0


metaMDBG toMinspace  /var/folders/zg/vq0dnx517c54hg87dyqjky740000gn/T/.tmprWAL2M/tmp/ /var/folders/zg/vq0dnx517c54hg87dyqjky740000gn/T/.tmprWAL2M/tmp//contigs.nodepath /var/folders/zg/vq0dnx517c54hg87dyqjky740000gn/T/.tmprWAL2M/tmp//unitig_data.txt --threads 10

Input dir: /var/folders/zg/vq0dnx517c54hg87dyqjky740000gn/T/.tmprWAL2M/tmp/
Minimizer length: 15
Kminmer length: 153
Density: 0.005

Loading unitig sequences

Creating mContigs

Contig filename: /var/folders/zg/vq0dnx517c54hg87dyqjky740000gn/T/.tmprWAL2M/tmp//unitig_data.txt
pass done: 153
Multi-k pass: 154/205


metaMDBG graph /var/folders/zg/vq0dnx517c54hg87dyqjky740000gn/T/.tmprWAL2M/tmp/ --threads 10 --corrected-read 

Contig filename: 
Output dir: /var/folders/zg/vq0dnx517c54hg87dyqjky740000gn/T/.tmprWAL2M/tmp/
Minimizer length: 15
Kminmer length: 154
Density: 0.005
Min abundance: 0

Loading refined abundances
	Duration: 0
Collecting kminmers
Building mdbg
Duration: 0
Nb solid kminmers: 29176
Nb small contigs written: 0
Dump kminmer abundances
	Duration: 0
Indexing edges
Edge index size: 29293
Edge index elements: 55586
	Duration: 0
Compute unitig nodes
	Duration: 0
Index unitig edges
	Duration: 0
Compute unitig edges
	Duration: 0
Dump unitig abundances
	Duration: 0
Nb edges:   0


metaMDBG contig  /var/folders/zg/vq0dnx517c54hg87dyqjky740000gn/T/.tmprWAL2M/tmp/ --threads 10

Input dir: /var/folders/zg/vq0dnx517c54hg87dyqjky740000gn/T/.tmprWAL2M/tmp/
Minimizer length: 15
Kminmer length: 154
Density: 0.005

Loading unitig graph
Load unitigs
Nb unitigs: 415
Nb minimizers: 92671
Add unitig abundances
Sorting abundances
Add unitig edges
Nb unitig edges: 598
Sorting unitig edges
Done loading unitig graph
Simplifying
Max abundance: 41
Nb unitigs: 415
Superbubble
Nb superbubble removed: 0 0 (0s)
Tip
Nb Tip removed: 118 (0s)
Superbubble
Nb superbubble removed: 0 0 (0s)
Tip
Nb Tip removed: 0 (0s)
Nb errors removed: 73 (0s)
Superbubble
Nb superbubble removed: 0 0 (0s)
Tip
Nb Tip removed: 0 (0s)
Nb errors removed: 1 (0s)
Superbubble
Nb superbubble removed: 0 0 (0s)
Tip
Nb Tip removed: 0 (0s)
Nb errors removed: 34 (0s)
Superbubble
Nb superbubble removed: 0 0 (0s)
Tip
Nb Tip removed: 0 (0s)
Nb errors removed: 32 (0s)
Superbubble
Nb superbubble removed: 0 0 (0s)
Tip
Nb Tip removed: 0 (0s)
Nb errors removed: 29 (0s)
Superbubble
Nb superbubble removed: 0 0 (0s)
Tip
Nb Tip removed: 0 (0s)
Nb errors removed: 14 (0s)
Superbubble
Nb superbubble removed: 0 0 (0s)
Tip
Nb Tip removed: 0 (0s)
Nb errors removed: 20 (0s)
Superbubble
Nb superbubble removed: 0 0 (0s)
Tip
Nb Tip removed: 0 (0s)
Nb errors removed: 18 (0s)
Superbubble
Nb superbubble removed: 0 0 (0s)
Tip
Nb Tip removed: 0 (0s)
Nb errors removed: 10 (0s)
Superbubble
Nb superbubble removed: 0 0 (0s)
Tip
Nb Tip removed: 0 (0s)
Nb errors removed: 8 (0s)
Superbubble
Nb superbubble removed: 0 0 (0s)
Tip
Nb Tip removed: 0 (0s)
Nb errors removed: 10 (0s)
Superbubble
Nb superbubble removed: 0 0 (0s)
Tip
Nb Tip removed: 0 (0s)
Nb errors removed: 16 (0s)
Superbubble
Nb superbubble removed: 0 0 (0s)
Tip
Nb Tip removed: 0 (0s)
Nb errors removed: 2 (0s)
Superbubble
Nb superbubble removed: 0 0 (0s)
Tip
Nb Tip removed: 0 (0s)
Nb errors removed: 1 (0s)
Superbubble
Nb superbubble removed: 0 0 (0s)
Tip
Nb Tip removed: 0 (0s)
Nb errors removed: 5 (0s)
Superbubble
Nb superbubble removed: 0 0 (0s)
Tip
Nb Tip removed: 0 (0s)
Nb errors removed: 1 (0s)
Superbubble
Nb superbubble removed: 0 0 (0s)
Tip
Nb Tip removed: 0 (0s)
Checksum: 0
Checksum abundnace: 0
Generating contigs
41.1448
28.1025
23.2252
14.421
13.11
11.9182
10.8347
9.84974
8.14028
7.40025
6.11591
5.05447
4.17725
3.13843
2.59374
2.14359
0


metaMDBG toMinspace  /var/folders/zg/vq0dnx517c54hg87dyqjky740000gn/T/.tmprWAL2M/tmp/ /var/folders/zg/vq0dnx517c54hg87dyqjky740000gn/T/.tmprWAL2M/tmp//contigs.nodepath /var/folders/zg/vq0dnx517c54hg87dyqjky740000gn/T/.tmprWAL2M/tmp//unitig_data.txt --threads 10

Input dir: /var/folders/zg/vq0dnx517c54hg87dyqjky740000gn/T/.tmprWAL2M/tmp/
Minimizer length: 15
Kminmer length: 154
Density: 0.005

Loading unitig sequences

Creating mContigs

Contig filename: /var/folders/zg/vq0dnx517c54hg87dyqjky740000gn/T/.tmprWAL2M/tmp//unitig_data.txt
pass done: 154
Multi-k pass: 155/205


metaMDBG graph /var/folders/zg/vq0dnx517c54hg87dyqjky740000gn/T/.tmprWAL2M/tmp/ --threads 10 --corrected-read 

Contig filename: 
Output dir: /var/folders/zg/vq0dnx517c54hg87dyqjky740000gn/T/.tmprWAL2M/tmp/
Minimizer length: 15
Kminmer length: 155
Density: 0.005
Min abundance: 0

Loading refined abundances
	Duration: 0
Collecting kminmers
Building mdbg
Duration: 0
Nb solid kminmers: 29055
Nb small contigs written: 0
Dump kminmer abundances
	Duration: 0
Indexing edges
Edge index size: 29175
Edge index elements: 55194
	Duration: 0
Compute unitig nodes
	Duration: 0
Index unitig edges
	Duration: 0
Compute unitig edges
	Duration: 0
Dump unitig abundances
	Duration: 0
Nb edges:   0


metaMDBG contig  /var/folders/zg/vq0dnx517c54hg87dyqjky740000gn/T/.tmprWAL2M/tmp/ --threads 10

Input dir: /var/folders/zg/vq0dnx517c54hg87dyqjky740000gn/T/.tmprWAL2M/tmp/
Minimizer length: 15
Kminmer length: 155
Density: 0.005

Loading unitig graph
Load unitigs
Nb unitigs: 411
Nb minimizers: 92349
Add unitig abundances
Sorting abundances
Add unitig edges
Nb unitig edges: 582
Sorting unitig edges
Done loading unitig graph
Simplifying
Max abundance: 41
Nb unitigs: 411
Superbubble
Nb superbubble removed: 0 0 (0s)
Tip
Nb Tip removed: 112 (0s)
Superbubble
Nb superbubble removed: 0 0 (0s)
Tip
Nb Tip removed: 0 (0s)
Nb errors removed: 72 (0s)
Superbubble
Nb superbubble removed: 0 0 (0s)
Tip
Nb Tip removed: 0 (0s)
Nb errors removed: 1 (0s)
Superbubble
Nb superbubble removed: 0 0 (0s)
Tip
Nb Tip removed: 0 (0s)
Nb errors removed: 34 (0s)
Superbubble
Nb superbubble removed: 0 0 (0s)
Tip
Nb Tip removed: 0 (0s)
Nb errors removed: 32 (0s)
Superbubble
Nb superbubble removed: 0 0 (0s)
Tip
Nb Tip removed: 0 (0s)
Nb errors removed: 29 (0s)
Superbubble
Nb superbubble removed: 0 0 (0s)
Tip
Nb Tip removed: 0 (0s)
Nb errors removed: 14 (0s)
Superbubble
Nb superbubble removed: 0 0 (0s)
Tip
Nb Tip removed: 0 (0s)
Nb errors removed: 20 (0s)
Superbubble
Nb superbubble removed: 0 0 (0s)
Tip
Nb Tip removed: 0 (0s)
Nb errors removed: 19 (0s)
Superbubble
Nb superbubble removed: 0 0 (0s)
Tip
Nb Tip removed: 0 (0s)
Nb errors removed: 10 (0s)
Superbubble
Nb superbubble removed: 0 0 (0s)
Tip
Nb Tip removed: 0 (0s)
Nb errors removed: 8 (0s)
Superbubble
Nb superbubble removed: 0 0 (0s)
Tip
Nb Tip removed: 0 (0s)
Nb errors removed: 10 (0s)
Superbubble
Nb superbubble removed: 0 0 (0s)
Tip
Nb Tip removed: 0 (0s)
Nb errors removed: 16 (0s)
Superbubble
Nb superbubble removed: 0 0 (0s)
Tip
Nb Tip removed: 0 (0s)
Nb errors removed: 2 (0s)
Superbubble
Nb superbubble removed: 0 0 (0s)
Tip
Nb Tip removed: 0 (0s)
Nb errors removed: 1 (0s)
Superbubble
Nb superbubble removed: 0 0 (0s)
Tip
Nb Tip removed: 0 (0s)
Nb errors removed: 5 (0s)
Superbubble
Nb superbubble removed: 0 0 (0s)
Tip
Nb Tip removed: 0 (0s)
Nb errors removed: 1 (0s)
Superbubble
Nb superbubble removed: 0 0 (0s)
Tip
Nb Tip removed: 0 (0s)
Checksum: 0
Checksum abundnace: 0
Generating contigs
41.1448
28.1025
23.2252
14.421
13.11
11.9182
10.8347
9.84974
8.14028
7.40025
6.11591
5.05447
4.17725
3.13843
2.59374
2.14359
0


metaMDBG toMinspace  /var/folders/zg/vq0dnx517c54hg87dyqjky740000gn/T/.tmprWAL2M/tmp/ /var/folders/zg/vq0dnx517c54hg87dyqjky740000gn/T/.tmprWAL2M/tmp//contigs.nodepath /var/folders/zg/vq0dnx517c54hg87dyqjky740000gn/T/.tmprWAL2M/tmp//unitig_data.txt --threads 10

Input dir: /var/folders/zg/vq0dnx517c54hg87dyqjky740000gn/T/.tmprWAL2M/tmp/
Minimizer length: 15
Kminmer length: 155
Density: 0.005

Loading unitig sequences

Creating mContigs

Contig filename: /var/folders/zg/vq0dnx517c54hg87dyqjky740000gn/T/.tmprWAL2M/tmp//unitig_data.txt
pass done: 155
Multi-k pass: 156/205


metaMDBG graph /var/folders/zg/vq0dnx517c54hg87dyqjky740000gn/T/.tmprWAL2M/tmp/ --threads 10 --corrected-read 

Contig filename: 
Output dir: /var/folders/zg/vq0dnx517c54hg87dyqjky740000gn/T/.tmprWAL2M/tmp/
Minimizer length: 15
Kminmer length: 156
Density: 0.005
Min abundance: 0

Loading refined abundances
	Duration: 0
Collecting kminmers
Building mdbg
Duration: 0
Nb solid kminmers: 28931
Nb small contigs written: 0
Dump kminmer abundances
	Duration: 0
Indexing edges
Edge index size: 29053
Edge index elements: 54922
	Duration: 0
Compute unitig nodes
	Duration: 0
Index unitig edges
	Duration: 0
Compute unitig edges
	Duration: 0
Dump unitig abundances
	Duration: 0
Nb edges:   0


metaMDBG contig  /var/folders/zg/vq0dnx517c54hg87dyqjky740000gn/T/.tmprWAL2M/tmp/ --threads 10

Input dir: /var/folders/zg/vq0dnx517c54hg87dyqjky740000gn/T/.tmprWAL2M/tmp/
Minimizer length: 15
Kminmer length: 156
Density: 0.005

Loading unitig graph
Load unitigs
Nb unitigs: 403
Nb minimizers: 91396
Add unitig abundances
Sorting abundances
Add unitig edges
Nb unitig edges: 566
Sorting unitig edges
Done loading unitig graph
Simplifying
Max abundance: 41
Nb unitigs: 403
Superbubble
Nb superbubble removed: 0 0 (0s)
Tip
Nb Tip removed: 108 (0s)
Superbubble
Nb superbubble removed: 0 0 (0s)
Tip
Nb Tip removed: 0 (0s)
Nb errors removed: 71 (0s)
Superbubble
Nb superbubble removed: 0 0 (0s)
Tip
Nb Tip removed: 0 (0s)
Nb errors removed: 1 (0s)
Superbubble
Nb superbubble removed: 0 0 (0s)
Tip
Nb Tip removed: 0 (0s)
Nb errors removed: 34 (0s)
Superbubble
Nb superbubble removed: 0 0 (0s)
Tip
Nb Tip removed: 0 (0s)
Nb errors removed: 32 (0s)
Superbubble
Nb superbubble removed: 0 0 (0s)
Tip
Nb Tip removed: 0 (0s)
Nb errors removed: 29 (0s)
Superbubble
Nb superbubble removed: 0 0 (0s)
Tip
Nb Tip removed: 0 (0s)
Nb errors removed: 14 (0s)
Superbubble
Nb superbubble removed: 0 0 (0s)
Tip
Nb Tip removed: 0 (0s)
Nb errors removed: 20 (0s)
Superbubble
Nb superbubble removed: 0 0 (0s)
Tip
Nb Tip removed: 0 (0s)
Nb errors removed: 18 (0s)
Superbubble
Nb superbubble removed: 0 0 (0s)
Tip
Nb Tip removed: 0 (0s)
Nb errors removed: 10 (0s)
Superbubble
Nb superbubble removed: 0 0 (0s)
Tip
Nb Tip removed: 0 (0s)
Nb errors removed: 8 (0s)
Superbubble
Nb superbubble removed: 0 0 (0s)
Tip
Nb Tip removed: 0 (0s)
Nb errors removed: 9 (0s)
Superbubble
Nb superbubble removed: 0 0 (0s)
Tip
Nb Tip removed: 0 (0s)
Nb errors removed: 15 (0s)
Superbubble
Nb superbubble removed: 0 0 (0s)
Tip
Nb Tip removed: 0 (0s)
Nb errors removed: 2 (0s)
Superbubble
Nb superbubble removed: 0 0 (0s)
Tip
Nb Tip removed: 0 (0s)
Nb errors removed: 1 (0s)
Superbubble
Nb superbubble removed: 0 0 (0s)
Tip
Nb Tip removed: 0 (0s)
Nb errors removed: 5 (0s)
Superbubble
Nb superbubble removed: 0 0 (0s)
Tip
Nb Tip removed: 0 (0s)
Nb errors removed: 1 (0s)
Superbubble
Nb superbubble removed: 0 0 (0s)
Tip
Nb Tip removed: 0 (0s)
Checksum: 0
Checksum abundnace: 0
Generating contigs
41.1448
28.1025
23.2252
14.421
13.11
11.9182
10.8347
9.84974
8.14028
7.40025
6.11591
5.05447
4.17725
3.13843
2.59374
2.14359
0


metaMDBG toMinspace  /var/folders/zg/vq0dnx517c54hg87dyqjky740000gn/T/.tmprWAL2M/tmp/ /var/folders/zg/vq0dnx517c54hg87dyqjky740000gn/T/.tmprWAL2M/tmp//contigs.nodepath /var/folders/zg/vq0dnx517c54hg87dyqjky740000gn/T/.tmprWAL2M/tmp//unitig_data.txt --threads 10

Input dir: /var/folders/zg/vq0dnx517c54hg87dyqjky740000gn/T/.tmprWAL2M/tmp/
Minimizer length: 15
Kminmer length: 156
Density: 0.005

Loading unitig sequences

Creating mContigs

Contig filename: /var/folders/zg/vq0dnx517c54hg87dyqjky740000gn/T/.tmprWAL2M/tmp//unitig_data.txt
pass done: 156
Multi-k pass: 157/205


metaMDBG graph /var/folders/zg/vq0dnx517c54hg87dyqjky740000gn/T/.tmprWAL2M/tmp/ --threads 10 --corrected-read 

Contig filename: 
Output dir: /var/folders/zg/vq0dnx517c54hg87dyqjky740000gn/T/.tmprWAL2M/tmp/
Minimizer length: 15
Kminmer length: 157
Density: 0.005
Min abundance: 0

Loading refined abundances
	Duration: 0
Collecting kminmers
Building mdbg
Duration: 0
Nb solid kminmers: 28803
Nb small contigs written: 0
Dump kminmer abundances
	Duration: 0
Indexing edges
Edge index size: 28927
Edge index elements: 54666
	Duration: 0
Compute unitig nodes
	Duration: 0
Index unitig edges
	Duration: 0
Compute unitig edges
	Duration: 0
Dump unitig abundances
	Duration: 0
Nb edges:   0


metaMDBG contig  /var/folders/zg/vq0dnx517c54hg87dyqjky740000gn/T/.tmprWAL2M/tmp/ --threads 10

Input dir: /var/folders/zg/vq0dnx517c54hg87dyqjky740000gn/T/.tmprWAL2M/tmp/
Minimizer length: 15
Kminmer length: 157
Density: 0.005

Loading unitig graph
Load unitigs
Nb unitigs: 392
Nb minimizers: 89955
Add unitig abundances
Sorting abundances
Add unitig edges
Nb unitig edges: 538
Sorting unitig edges
Done loading unitig graph
Simplifying
Max abundance: 41
Nb unitigs: 392
Superbubble
Nb superbubble removed: 0 0 (0s)
Tip
Nb Tip removed: 103 (0s)
Superbubble
Nb superbubble removed: 0 0 (0s)
Tip
Nb Tip removed: 0 (0s)
Nb errors removed: 68 (0s)
Superbubble
Nb superbubble removed: 0 0 (0s)
Tip
Nb Tip removed: 0 (0s)
Nb errors removed: 1 (0s)
Superbubble
Nb superbubble removed: 0 0 (0s)
Tip
Nb Tip removed: 0 (0s)
Nb errors removed: 34 (0s)
Superbubble
Nb superbubble removed: 0 0 (0s)
Tip
Nb Tip removed: 0 (0s)
Nb errors removed: 31 (0s)
Superbubble
Nb superbubble removed: 0 0 (0s)
Tip
Nb Tip removed: 0 (0s)
Nb errors removed: 29 (0s)
Superbubble
Nb superbubble removed: 0 0 (0s)
Tip
Nb Tip removed: 0 (0s)
Nb errors removed: 13 (0s)
Superbubble
Nb superbubble removed: 0 0 (0s)
Tip
Nb Tip removed: 0 (0s)
Nb errors removed: 20 (0s)
Superbubble
Nb superbubble removed: 0 0 (0s)
Tip
Nb Tip removed: 0 (0s)
Nb errors removed: 18 (0s)
Superbubble
Nb superbubble removed: 0 0 (0s)
Tip
Nb Tip removed: 0 (0s)
Nb errors removed: 10 (0s)
Superbubble
Nb superbubble removed: 0 0 (0s)
Tip
Nb Tip removed: 0 (0s)
Nb errors removed: 8 (0s)
Superbubble
Nb superbubble removed: 0 0 (0s)
Tip
Nb Tip removed: 0 (0s)
Nb errors removed: 9 (0s)
Superbubble
Nb superbubble removed: 0 0 (0s)
Tip
Nb Tip removed: 0 (0s)
Nb errors removed: 15 (0s)
Superbubble
Nb superbubble removed: 0 0 (0s)
Tip
Nb Tip removed: 0 (0s)
Nb errors removed: 2 (0s)
Superbubble
Nb superbubble removed: 0 0 (0s)
Tip
Nb Tip removed: 0 (0s)
Nb errors removed: 1 (0s)
Superbubble
Nb superbubble removed: 0 0 (0s)
Tip
Nb Tip removed: 0 (0s)
Nb errors removed: 4 (0s)
Superbubble
Nb superbubble removed: 0 0 (0s)
Tip
Nb Tip removed: 0 (0s)
Nb errors removed: 1 (0s)
Superbubble
Nb superbubble removed: 0 0 (0s)
Tip
Nb Tip removed: 0 (0s)
Checksum: 0
Checksum abundnace: 0
Generating contigs
41.1448
28.1025
23.2252
14.421
13.11
11.9182
10.8347
9.84974
8.14028
7.40025
6.11591
5.05447
4.17725
3.13843
2.59374
2.14359
0


metaMDBG toMinspace  /var/folders/zg/vq0dnx517c54hg87dyqjky740000gn/T/.tmprWAL2M/tmp/ /var/folders/zg/vq0dnx517c54hg87dyqjky740000gn/T/.tmprWAL2M/tmp//contigs.nodepath /var/folders/zg/vq0dnx517c54hg87dyqjky740000gn/T/.tmprWAL2M/tmp//unitig_data.txt --threads 10

Input dir: /var/folders/zg/vq0dnx517c54hg87dyqjky740000gn/T/.tmprWAL2M/tmp/
Minimizer length: 15
Kminmer length: 157
Density: 0.005

Loading unitig sequences

Creating mContigs

Contig filename: /var/folders/zg/vq0dnx517c54hg87dyqjky740000gn/T/.tmprWAL2M/tmp//unitig_data.txt
pass done: 157
Multi-k pass: 158/205


metaMDBG graph /var/folders/zg/vq0dnx517c54hg87dyqjky740000gn/T/.tmprWAL2M/tmp/ --threads 10 --corrected-read 

Contig filename: 
Output dir: /var/folders/zg/vq0dnx517c54hg87dyqjky740000gn/T/.tmprWAL2M/tmp/
Minimizer length: 15
Kminmer length: 158
Density: 0.005
Min abundance: 0

Loading refined abundances
	Duration: 0
Collecting kminmers
Building mdbg
Duration: 0
Nb solid kminmers: 28678
Nb small contigs written: 0
Dump kminmer abundances
	Duration: 0
Indexing edges
Edge index size: 28802
Edge index elements: 54567
	Duration: 0
Compute unitig nodes
	Duration: 0
Index unitig edges
	Duration: 0
Compute unitig edges
	Duration: 0
Dump unitig abundances
	Duration: 0
Nb edges:   0


metaMDBG contig  /var/folders/zg/vq0dnx517c54hg87dyqjky740000gn/T/.tmprWAL2M/tmp/ --threads 10

Input dir: /var/folders/zg/vq0dnx517c54hg87dyqjky740000gn/T/.tmprWAL2M/tmp/
Minimizer length: 15
Kminmer length: 158
Density: 0.005

Loading unitig graph
Load unitigs
Nb unitigs: 390
Nb minimizers: 89908
Add unitig abundances
Sorting abundances
Add unitig edges
Nb unitig edges: 534
Sorting unitig edges
Done loading unitig graph
Simplifying
Max abundance: 41
Nb unitigs: 390
Superbubble
Nb superbubble removed: 0 0 (0s)
Tip
Nb Tip removed: 103 (0s)
Superbubble
Nb superbubble removed: 0 0 (0s)
Tip
Nb Tip removed: 0 (0s)
Nb errors removed: 68 (0s)
Superbubble
Nb superbubble removed: 0 0 (0s)
Tip
Nb Tip removed: 0 (0s)
Nb errors removed: 1 (0s)
Superbubble
Nb superbubble removed: 0 0 (0s)
Tip
Nb Tip removed: 0 (0s)
Nb errors removed: 34 (0s)
Superbubble
Nb superbubble removed: 0 0 (0s)
Tip
Nb Tip removed: 0 (0s)
Nb errors removed: 31 (0s)
Superbubble
Nb superbubble removed: 0 0 (0s)
Tip
Nb Tip removed: 0 (0s)
Nb errors removed: 29 (0s)
Superbubble
Nb superbubble removed: 0 0 (0s)
Tip
Nb Tip removed: 0 (0s)
Nb errors removed: 13 (0s)
Superbubble
Nb superbubble removed: 0 0 (0s)
Tip
Nb Tip removed: 0 (0s)
Nb errors removed: 20 (0s)
Superbubble
Nb superbubble removed: 0 0 (0s)
Tip
Nb Tip removed: 0 (0s)
Nb errors removed: 18 (0s)
Superbubble
Nb superbubble removed: 0 0 (0s)
Tip
Nb Tip removed: 0 (0s)
Nb errors removed: 10 (0s)
Superbubble
Nb superbubble removed: 0 0 (0s)
Tip
Nb Tip removed: 0 (0s)
Nb errors removed: 8 (0s)
Superbubble
Nb superbubble removed: 0 0 (0s)
Tip
Nb Tip removed: 0 (0s)
Nb errors removed: 8 (0s)
Superbubble
Nb superbubble removed: 0 0 (0s)
Tip
Nb Tip removed: 0 (0s)
Nb errors removed: 15 (0s)
Superbubble
Nb superbubble removed: 0 0 (0s)
Tip
Nb Tip removed: 0 (0s)
Nb errors removed: 2 (0s)
Superbubble
Nb superbubble removed: 0 0 (0s)
Tip
Nb Tip removed: 0 (0s)
Nb errors removed: 1 (0s)
Superbubble
Nb superbubble removed: 0 0 (0s)
Tip
Nb Tip removed: 0 (0s)
Nb errors removed: 4 (0s)
Superbubble
Nb superbubble removed: 0 0 (0s)
Tip
Nb Tip removed: 0 (0s)
Nb errors removed: 1 (0s)
Superbubble
Nb superbubble removed: 0 0 (0s)
Tip
Nb Tip removed: 0 (0s)
Checksum: 0
Checksum abundnace: 0
Generating contigs
41.1448
28.1025
23.2252
14.421
13.11
11.9182
10.8347
9.84974
8.14028
7.40025
6.11591
5.05447
4.17725
3.13843
2.59374
2.14359
0


metaMDBG toMinspace  /var/folders/zg/vq0dnx517c54hg87dyqjky740000gn/T/.tmprWAL2M/tmp/ /var/folders/zg/vq0dnx517c54hg87dyqjky740000gn/T/.tmprWAL2M/tmp//contigs.nodepath /var/folders/zg/vq0dnx517c54hg87dyqjky740000gn/T/.tmprWAL2M/tmp//unitig_data.txt --threads 10

Input dir: /var/folders/zg/vq0dnx517c54hg87dyqjky740000gn/T/.tmprWAL2M/tmp/
Minimizer length: 15
Kminmer length: 158
Density: 0.005

Loading unitig sequences

Creating mContigs

Contig filename: /var/folders/zg/vq0dnx517c54hg87dyqjky740000gn/T/.tmprWAL2M/tmp//unitig_data.txt
pass done: 158
Multi-k pass: 159/205


metaMDBG graph /var/folders/zg/vq0dnx517c54hg87dyqjky740000gn/T/.tmprWAL2M/tmp/ --threads 10 --corrected-read 

Contig filename: 
Output dir: /var/folders/zg/vq0dnx517c54hg87dyqjky740000gn/T/.tmprWAL2M/tmp/
Minimizer length: 15
Kminmer length: 159
Density: 0.005
Min abundance: 0

Loading refined abundances
	Duration: 0
Collecting kminmers
Building mdbg
Duration: 0
Nb solid kminmers: 28550
Nb small contigs written: 0
Dump kminmer abundances
	Duration: 0
Indexing edges
Edge index size: 28677
Edge index elements: 54118
	Duration: 0
Compute unitig nodes
	Duration: 0
Index unitig edges
	Duration: 0
Compute unitig edges
	Duration: 0
Dump unitig abundances
	Duration: 0
Nb edges:   0


metaMDBG contig  /var/folders/zg/vq0dnx517c54hg87dyqjky740000gn/T/.tmprWAL2M/tmp/ --threads 10

Input dir: /var/folders/zg/vq0dnx517c54hg87dyqjky740000gn/T/.tmprWAL2M/tmp/
Minimizer length: 15
Kminmer length: 159
Density: 0.005

Loading unitig graph
Load unitigs
Nb unitigs: 382
Nb minimizers: 88906
Add unitig abundances
Sorting abundances
Add unitig edges
Nb unitig edges: 514
Sorting unitig edges
Done loading unitig graph
Simplifying
Max abundance: 41
Nb unitigs: 382
Superbubble
Nb superbubble removed: 0 0 (0s)
Tip
Nb Tip removed: 100 (0s)
Superbubble
Nb superbubble removed: 0 0 (0s)
Tip
Nb Tip removed: 0 (0s)
Nb errors removed: 67 (0s)
Superbubble
Nb superbubble removed: 0 0 (0s)
Tip
Nb Tip removed: 0 (0s)
Nb errors removed: 1 (0s)
Superbubble
Nb superbubble removed: 0 0 (0s)
Tip
Nb Tip removed: 0 (0s)
Nb errors removed: 34 (0s)
Superbubble
Nb superbubble removed: 0 0 (0s)
Tip
Nb Tip removed: 0 (0s)
Nb errors removed: 31 (0s)
Superbubble
Nb superbubble removed: 0 0 (0s)
Tip
Nb Tip removed: 0 (0s)
Nb errors removed: 29 (0s)
Superbubble
Nb superbubble removed: 0 0 (0s)
Tip
Nb Tip removed: 0 (0s)
Nb errors removed: 13 (0s)
Superbubble
Nb superbubble removed: 0 0 (0s)
Tip
Nb Tip removed: 0 (0s)
Nb errors removed: 19 (0s)
Superbubble
Nb superbubble removed: 0 0 (0s)
Tip
Nb Tip removed: 0 (0s)
Nb errors removed: 18 (0s)
Superbubble
Nb superbubble removed: 0 0 (0s)
Tip
Nb Tip removed: 0 (0s)
Nb errors removed: 9 (0s)
Superbubble
Nb superbubble removed: 0 0 (0s)
Tip
Nb Tip removed: 0 (0s)
Nb errors removed: 8 (0s)
Superbubble
Nb superbubble removed: 0 0 (0s)
Tip
Nb Tip removed: 0 (0s)
Nb errors removed: 8 (0s)
Superbubble
Nb superbubble removed: 0 0 (0s)
Tip
Nb Tip removed: 0 (0s)
Nb errors removed: 16 (0s)
Superbubble
Nb superbubble removed: 0 0 (0s)
Tip
Nb Tip removed: 0 (0s)
Nb errors removed: 2 (0s)
Superbubble
Nb superbubble removed: 0 0 (0s)
Tip
Nb Tip removed: 0 (0s)
Nb errors removed: 1 (0s)
Superbubble
Nb superbubble removed: 0 0 (0s)
Tip
Nb Tip removed: 0 (0s)
Nb errors removed: 4 (0s)
Superbubble
Nb superbubble removed: 0 0 (0s)
Tip
Nb Tip removed: 0 (0s)
Nb errors removed: 1 (0s)
Superbubble
Nb superbubble removed: 0 0 (0s)
Tip
Nb Tip removed: 0 (0s)
Checksum: 0
Checksum abundnace: 0
Generating contigs
41.1448
28.1025
23.2252
14.421
13.11
11.9182
10.8347
9.84974
8.14028
7.40025
6.11591
5.05447
4.17725
3.13843
2.59374
2.14359
0


metaMDBG toMinspace  /var/folders/zg/vq0dnx517c54hg87dyqjky740000gn/T/.tmprWAL2M/tmp/ /var/folders/zg/vq0dnx517c54hg87dyqjky740000gn/T/.tmprWAL2M/tmp//contigs.nodepath /var/folders/zg/vq0dnx517c54hg87dyqjky740000gn/T/.tmprWAL2M/tmp//unitig_data.txt --threads 10

Input dir: /var/folders/zg/vq0dnx517c54hg87dyqjky740000gn/T/.tmprWAL2M/tmp/
Minimizer length: 15
Kminmer length: 159
Density: 0.005

Loading unitig sequences

Creating mContigs

Contig filename: /var/folders/zg/vq0dnx517c54hg87dyqjky740000gn/T/.tmprWAL2M/tmp//unitig_data.txt
pass done: 159
Multi-k pass: 160/205


metaMDBG graph /var/folders/zg/vq0dnx517c54hg87dyqjky740000gn/T/.tmprWAL2M/tmp/ --threads 10 --corrected-read 

Contig filename: 
Output dir: /var/folders/zg/vq0dnx517c54hg87dyqjky740000gn/T/.tmprWAL2M/tmp/
Minimizer length: 15
Kminmer length: 160
Density: 0.005
Min abundance: 0

Loading refined abundances
	Duration: 0
Collecting kminmers
Building mdbg
Duration: 0
Nb solid kminmers: 28420
Nb small contigs written: 0
Dump kminmer abundances
	Duration: 0
Indexing edges
Edge index size: 28548
Edge index elements: 54037
	Duration: 0
Compute unitig nodes
	Duration: 0
Index unitig edges
	Duration: 0
Compute unitig edges
	Duration: 0
Dump unitig abundances
	Duration: 0
Nb edges:   0


metaMDBG contig  /var/folders/zg/vq0dnx517c54hg87dyqjky740000gn/T/.tmprWAL2M/tmp/ --threads 10

Input dir: /var/folders/zg/vq0dnx517c54hg87dyqjky740000gn/T/.tmprWAL2M/tmp/
Minimizer length: 15
Kminmer length: 160
Density: 0.005

Loading unitig graph
Load unitigs
Nb unitigs: 375
Nb minimizers: 88045
Add unitig abundances
Sorting abundances
Add unitig edges
Nb unitig edges: 494
Sorting unitig edges
Done loading unitig graph
Simplifying
Max abundance: 41
Nb unitigs: 375
Superbubble
Nb superbubble removed: 0 0 (0s)
Tip
Nb Tip removed: 96 (0s)
Superbubble
Nb superbubble removed: 0 0 (0s)
Tip
Nb Tip removed: 0 (0s)
Nb errors removed: 66 (0s)
Superbubble
Nb superbubble removed: 0 0 (0s)
Tip
Nb Tip removed: 0 (0s)
Nb errors removed: 1 (0s)
Superbubble
Nb superbubble removed: 0 0 (0s)
Tip
Nb Tip removed: 0 (0s)
Nb errors removed: 33 (0s)
Superbubble
Nb superbubble removed: 0 0 (0s)
Tip
Nb Tip removed: 0 (0s)
Nb errors removed: 31 (0s)
Superbubble
Nb superbubble removed: 0 0 (0s)
Tip
Nb Tip removed: 0 (0s)
Nb errors removed: 28 (0s)
Superbubble
Nb superbubble removed: 0 0 (0s)
Tip
Nb Tip removed: 0 (0s)
Nb errors removed: 12 (0s)
Superbubble
Nb superbubble removed: 0 0 (0s)
Tip
Nb Tip removed: 0 (0s)
Nb errors removed: 19 (0s)
Superbubble
Nb superbubble removed: 0 0 (0s)
Tip
Nb Tip removed: 0 (0s)
Nb errors removed: 18 (0s)
Superbubble
Nb superbubble removed: 0 0 (0s)
Tip
Nb Tip removed: 0 (0s)
Nb errors removed: 9 (0s)
Superbubble
Nb superbubble removed: 0 0 (0s)
Tip
Nb Tip removed: 0 (0s)
Nb errors removed: 8 (0s)
Superbubble
Nb superbubble removed: 0 0 (0s)
Tip
Nb Tip removed: 0 (0s)
Nb errors removed: 8 (0s)
Superbubble
Nb superbubble removed: 0 0 (0s)
Tip
Nb Tip removed: 0 (0s)
Nb errors removed: 16 (0s)
Superbubble
Nb superbubble removed: 0 0 (0s)
Tip
Nb Tip removed: 0 (0s)
Nb errors removed: 2 (0s)
Superbubble
Nb superbubble removed: 0 0 (0s)
Tip
Nb Tip removed: 0 (0s)
Nb errors removed: 1 (0s)
Superbubble
Nb superbubble removed: 0 0 (0s)
Tip
Nb Tip removed: 0 (0s)
Nb errors removed: 4 (0s)
Superbubble
Nb superbubble removed: 0 0 (0s)
Tip
Nb Tip removed: 0 (0s)
Nb errors removed: 1 (0s)
Superbubble
Nb superbubble removed: 0 0 (0s)
Tip
Nb Tip removed: 0 (0s)
Checksum: 0
Checksum abundnace: 0
Generating contigs
41.1448
28.1025
23.2252
14.421
13.11
11.9182
10.8347
9.84974
8.14028
7.40025
6.11591
5.05447
4.17725
3.13843
2.59374
2.14359
0


metaMDBG toMinspace  /var/folders/zg/vq0dnx517c54hg87dyqjky740000gn/T/.tmprWAL2M/tmp/ /var/folders/zg/vq0dnx517c54hg87dyqjky740000gn/T/.tmprWAL2M/tmp//contigs.nodepath /var/folders/zg/vq0dnx517c54hg87dyqjky740000gn/T/.tmprWAL2M/tmp//unitig_data.txt --threads 10

Input dir: /var/folders/zg/vq0dnx517c54hg87dyqjky740000gn/T/.tmprWAL2M/tmp/
Minimizer length: 15
Kminmer length: 160
Density: 0.005

Loading unitig sequences

Creating mContigs

Contig filename: /var/folders/zg/vq0dnx517c54hg87dyqjky740000gn/T/.tmprWAL2M/tmp//unitig_data.txt
pass done: 160
Multi-k pass: 161/205


metaMDBG graph /var/folders/zg/vq0dnx517c54hg87dyqjky740000gn/T/.tmprWAL2M/tmp/ --threads 10 --corrected-read 

Contig filename: 
Output dir: /var/folders/zg/vq0dnx517c54hg87dyqjky740000gn/T/.tmprWAL2M/tmp/
Minimizer length: 15
Kminmer length: 161
Density: 0.005
Min abundance: 0

Loading refined abundances
	Duration: 0
Collecting kminmers
Building mdbg
Duration: 0
Nb solid kminmers: 28289
Nb small contigs written: 0
Dump kminmer abundances
	Duration: 0
Indexing edges
Edge index size: 28416
Edge index elements: 53419
	Duration: 0
Compute unitig nodes
	Duration: 0
Index unitig edges
	Duration: 0
Compute unitig edges
	Duration: 0
Dump unitig abundances
	Duration: 0
Nb edges:   0


metaMDBG contig  /var/folders/zg/vq0dnx517c54hg87dyqjky740000gn/T/.tmprWAL2M/tmp/ --threads 10 --gen-graph 

Input dir: /var/folders/zg/vq0dnx517c54hg87dyqjky740000gn/T/.tmprWAL2M/tmp/
Minimizer length: 15
Kminmer length: 161
Density: 0.005

Loading unitig graph
Load unitigs
Nb unitigs: 367
Nb minimizers: 87009
Add unitig abundances
Sorting abundances
Add unitig edges
Nb unitig edges: 482
Sorting unitig edges
Done loading unitig graph
Simplifying
Max abundance: 41
Nb unitigs: 367
Superbubble
Nb superbubble removed: 0 0 (0s)
Tip
Nb Tip removed: 94 (0s)
Superbubble
Nb superbubble removed: 0 0 (0s)
Tip
Nb Tip removed: 0 (0s)
Saving unitig graph: /var/folders/zg/vq0dnx517c54hg87dyqjky740000gn/T/.tmprWAL2M/tmp//assembly_graph.gfa
Nb errors removed: 63 (0s)
Superbubble
Nb superbubble removed: 0 0 (0s)
Tip
Nb Tip removed: 0 (0s)
Nb errors removed: 1 (0s)
Superbubble
Nb superbubble removed: 0 0 (0s)
Tip
Nb Tip removed: 0 (0s)
Nb errors removed: 33 (0s)
Superbubble
Nb superbubble removed: 0 0 (0s)
Tip
Nb Tip removed: 0 (0s)
Nb errors removed: 31 (0s)
Superbubble
Nb superbubble removed: 0 0 (0s)
Tip
Nb Tip removed: 0 (0s)
Nb errors removed: 28 (0s)
Superbubble
Nb superbubble removed: 0 0 (0s)
Tip
Nb Tip removed: 0 (0s)
Nb errors removed: 12 (0s)
Superbubble
Nb superbubble removed: 0 0 (0s)
Tip
Nb Tip removed: 0 (0s)
Nb errors removed: 19 (0s)
Superbubble
Nb superbubble removed: 0 0 (0s)
Tip
Nb Tip removed: 0 (0s)
Nb errors removed: 18 (0s)
Superbubble
Nb superbubble removed: 0 0 (0s)
Tip
Nb Tip removed: 0 (0s)
Nb errors removed: 9 (0s)
Superbubble
Nb superbubble removed: 0 0 (0s)
Tip
Nb Tip removed: 0 (0s)
Nb errors removed: 7 (0s)
Superbubble
Nb superbubble removed: 0 0 (0s)
Tip
Nb Tip removed: 0 (0s)
Nb errors removed: 8 (0s)
Superbubble
Nb superbubble removed: 0 0 (0s)
Tip
Nb Tip removed: 0 (0s)
Nb errors removed: 16 (0s)
Superbubble
Nb superbubble removed: 0 0 (0s)
Tip
Nb Tip removed: 0 (0s)
Nb errors removed: 3 (0s)
Superbubble
Nb superbubble removed: 0 0 (0s)
Tip
Nb Tip removed: 0 (0s)
Nb errors removed: 1 (0s)
Superbubble
Nb superbubble removed: 0 0 (0s)
Tip
Nb Tip removed: 0 (0s)
Nb errors removed: 4 (0s)
Superbubble
Nb superbubble removed: 0 0 (0s)
Tip
Nb Tip removed: 0 (0s)
Nb errors removed: 1 (0s)
Superbubble
Nb superbubble removed: 0 0 (0s)
Tip
Nb Tip removed: 0 (0s)
Checksum: 0
Checksum abundnace: 0
Generating contigs
41.1448
28.1025
23.2252
14.421
13.11
11.9182
10.8347
9.84974
8.14028
7.40025
6.11591
5.05447
4.17725
3.13843
2.59374
2.14359
0


metaMDBG toMinspace  /var/folders/zg/vq0dnx517c54hg87dyqjky740000gn/T/.tmprWAL2M/tmp/ /var/folders/zg/vq0dnx517c54hg87dyqjky740000gn/T/.tmprWAL2M/tmp//contigs.nodepath /var/folders/zg/vq0dnx517c54hg87dyqjky740000gn/T/.tmprWAL2M/tmp//unitig_data.txt --threads 10

Input dir: /var/folders/zg/vq0dnx517c54hg87dyqjky740000gn/T/.tmprWAL2M/tmp/
Minimizer length: 15
Kminmer length: 161
Density: 0.005

Loading unitig sequences

Creating mContigs

Contig filename: /var/folders/zg/vq0dnx517c54hg87dyqjky740000gn/T/.tmprWAL2M/tmp//unitig_data.txt


metaMDBG toMinspace  /var/folders/zg/vq0dnx517c54hg87dyqjky740000gn/T/.tmprWAL2M/tmp/ /var/folders/zg/vq0dnx517c54hg87dyqjky740000gn/T/.tmprWAL2M/tmp//assembly_graph.gfa.unitigs.nodepath /var/folders/zg/vq0dnx517c54hg87dyqjky740000gn/T/.tmprWAL2M/tmp//assembly_graph.gfa.unitigs --threads 10

Input dir: /var/folders/zg/vq0dnx517c54hg87dyqjky740000gn/T/.tmprWAL2M/tmp/
Minimizer length: 15
Kminmer length: 161
Density: 0.005

Loading unitig sequences

Creating mContigs

Contig filename: /var/folders/zg/vq0dnx517c54hg87dyqjky740000gn/T/.tmprWAL2M/tmp//assembly_graph.gfa.unitigs
pass done: 161
Multi-k pass: 162/205


metaMDBG graph /var/folders/zg/vq0dnx517c54hg87dyqjky740000gn/T/.tmprWAL2M/tmp/ --threads 10 --corrected-read 

Contig filename: 
Output dir: /var/folders/zg/vq0dnx517c54hg87dyqjky740000gn/T/.tmprWAL2M/tmp/
Minimizer length: 15
Kminmer length: 162
Density: 0.005
Min abundance: 0

Loading refined abundances
	Duration: 0
Collecting kminmers
Building mdbg
Duration: 0
Nb solid kminmers: 28157
Nb small contigs written: 0
Dump kminmer abundances
	Duration: 0
Indexing edges
Edge index size: 28288
Edge index elements: 53304
	Duration: 0
Compute unitig nodes
	Duration: 0
Index unitig edges
	Duration: 0
Compute unitig edges
	Duration: 0
Dump unitig abundances
	Duration: 0
Nb edges:   0


metaMDBG contig  /var/folders/zg/vq0dnx517c54hg87dyqjky740000gn/T/.tmprWAL2M/tmp/ --threads 10

Input dir: /var/folders/zg/vq0dnx517c54hg87dyqjky740000gn/T/.tmprWAL2M/tmp/
Minimizer length: 15
Kminmer length: 162
Density: 0.005

Loading unitig graph
Load unitigs
Nb unitigs: 360
Nb minimizers: 86117
Add unitig abundances
Sorting abundances
Add unitig edges
Nb unitig edges: 458
Sorting unitig edges
Done loading unitig graph
Simplifying
Max abundance: 41
Nb unitigs: 360
Superbubble
Nb superbubble removed: 0 0 (0s)
Tip
Nb Tip removed: 89 (0s)
Superbubble
Nb superbubble removed: 0 0 (0s)
Tip
Nb Tip removed: 0 (0s)
Nb errors removed: 62 (0s)
Superbubble
Nb superbubble removed: 0 0 (0s)
Tip
Nb Tip removed: 0 (0s)
Nb errors removed: 1 (0s)
Superbubble
Nb superbubble removed: 0 0 (0s)
Tip
Nb Tip removed: 0 (0s)
Nb errors removed: 33 (0s)
Superbubble
Nb superbubble removed: 0 0 (0s)
Tip
Nb Tip removed: 0 (0s)
Nb errors removed: 30 (0s)
Superbubble
Nb superbubble removed: 0 0 (0s)
Tip
Nb Tip removed: 0 (0s)
Nb errors removed: 28 (0s)
Superbubble
Nb superbubble removed: 0 0 (0s)
Tip
Nb Tip removed: 0 (0s)
Nb errors removed: 11 (0s)
Superbubble
Nb superbubble removed: 0 0 (0s)
Tip
Nb Tip removed: 0 (0s)
Nb errors removed: 19 (0s)
Superbubble
Nb superbubble removed: 0 0 (0s)
Tip
Nb Tip removed: 0 (0s)
Nb errors removed: 18 (0s)
Superbubble
Nb superbubble removed: 0 0 (0s)
Tip
Nb Tip removed: 0 (0s)
Nb errors removed: 9 (0s)
Superbubble
Nb superbubble removed: 0 0 (0s)
Tip
Nb Tip removed: 0 (0s)
Nb errors removed: 7 (0s)
Superbubble
Nb superbubble removed: 0 0 (0s)
Tip
Nb Tip removed: 0 (0s)
Nb errors removed: 8 (0s)
Superbubble
Nb superbubble removed: 0 0 (0s)
Tip
Nb Tip removed: 0 (0s)
Nb errors removed: 16 (0s)
Superbubble
Nb superbubble removed: 0 0 (0s)
Tip
Nb Tip removed: 0 (0s)
Nb errors removed: 2 (0s)
Superbubble
Nb superbubble removed: 0 0 (0s)
Tip
Nb Tip removed: 0 (0s)
Nb errors removed: 1 (0s)
Superbubble
Nb superbubble removed: 0 0 (0s)
Tip
Nb Tip removed: 0 (0s)
Nb errors removed: 4 (0s)
Superbubble
Nb superbubble removed: 0 0 (0s)
Tip
Nb Tip removed: 0 (0s)
Nb errors removed: 1 (0s)
Superbubble
Nb superbubble removed: 0 0 (0s)
Tip
Nb Tip removed: 0 (0s)
Checksum: 0
Checksum abundnace: 0
Generating contigs
41.1448
28.1025
23.2252
14.421
13.11
11.9182
10.8347
9.84974
8.14028
7.40025
6.11591
5.05447
4.17725
3.13843
2.59374
2.14359
0


metaMDBG toMinspace  /var/folders/zg/vq0dnx517c54hg87dyqjky740000gn/T/.tmprWAL2M/tmp/ /var/folders/zg/vq0dnx517c54hg87dyqjky740000gn/T/.tmprWAL2M/tmp//contigs.nodepath /var/folders/zg/vq0dnx517c54hg87dyqjky740000gn/T/.tmprWAL2M/tmp//unitig_data.txt --threads 10

Input dir: /var/folders/zg/vq0dnx517c54hg87dyqjky740000gn/T/.tmprWAL2M/tmp/
Minimizer length: 15
Kminmer length: 162
Density: 0.005

Loading unitig sequences

Creating mContigs

Contig filename: /var/folders/zg/vq0dnx517c54hg87dyqjky740000gn/T/.tmprWAL2M/tmp//unitig_data.txt
pass done: 162
Multi-k pass: 163/205


metaMDBG graph /var/folders/zg/vq0dnx517c54hg87dyqjky740000gn/T/.tmprWAL2M/tmp/ --threads 10 --corrected-read 

Contig filename: 
Output dir: /var/folders/zg/vq0dnx517c54hg87dyqjky740000gn/T/.tmprWAL2M/tmp/
Minimizer length: 15
Kminmer length: 163
Density: 0.005
Min abundance: 0

Loading refined abundances
	Duration: 0
Collecting kminmers
Building mdbg
Duration: 0
Nb solid kminmers: 28025
Nb small contigs written: 0
Dump kminmer abundances
	Duration: 0
Indexing edges
Edge index size: 28153
Edge index elements: 52973
	Duration: 0
Compute unitig nodes
	Duration: 0
Index unitig edges
	Duration: 0
Compute unitig edges
	Duration: 0
Dump unitig abundances
	Duration: 0
Nb edges:   0


metaMDBG contig  /var/folders/zg/vq0dnx517c54hg87dyqjky740000gn/T/.tmprWAL2M/tmp/ --threads 10

Input dir: /var/folders/zg/vq0dnx517c54hg87dyqjky740000gn/T/.tmprWAL2M/tmp/
Minimizer length: 15
Kminmer length: 163
Density: 0.005

Loading unitig graph
Load unitigs
Nb unitigs: 355
Nb minimizers: 85535
Add unitig abundances
Sorting abundances
Add unitig edges
Nb unitig edges: 454
Sorting unitig edges
Done loading unitig graph
Simplifying
Max abundance: 41
Nb unitigs: 355
Superbubble
Nb superbubble removed: 0 0 (0s)
Tip
Nb Tip removed: 89 (0s)
Superbubble
Nb superbubble removed: 0 0 (0s)
Tip
Nb Tip removed: 0 (0s)
Nb errors removed: 60 (0s)
Superbubble
Nb superbubble removed: 0 0 (0s)
Tip
Nb Tip removed: 0 (0s)
Nb errors removed: 1 (0s)
Superbubble
Nb superbubble removed: 0 0 (0s)
Tip
Nb Tip removed: 0 (0s)
Nb errors removed: 31 (0s)
Superbubble
Nb superbubble removed: 0 0 (0s)
Tip
Nb Tip removed: 0 (0s)
Nb errors removed: 30 (0s)
Superbubble
Nb superbubble removed: 0 0 (0s)
Tip
Nb Tip removed: 0 (0s)
Nb errors removed: 28 (0s)
Superbubble
Nb superbubble removed: 0 0 (0s)
Tip
Nb Tip removed: 0 (0s)
Nb errors removed: 11 (0s)
Superbubble
Nb superbubble removed: 0 0 (0s)
Tip
Nb Tip removed: 0 (0s)
Nb errors removed: 19 (0s)
Superbubble
Nb superbubble removed: 0 0 (0s)
Tip
Nb Tip removed: 0 (0s)
Nb errors removed: 18 (0s)
Superbubble
Nb superbubble removed: 0 0 (0s)
Tip
Nb Tip removed: 0 (0s)
Nb errors removed: 9 (0s)
Superbubble
Nb superbubble removed: 0 0 (0s)
Tip
Nb Tip removed: 0 (0s)
Nb errors removed: 7 (0s)
Superbubble
Nb superbubble removed: 0 0 (0s)
Tip
Nb Tip removed: 0 (0s)
Nb errors removed: 8 (0s)
Superbubble
Nb superbubble removed: 0 0 (0s)
Tip
Nb Tip removed: 0 (0s)
Nb errors removed: 16 (0s)
Superbubble
Nb superbubble removed: 0 0 (0s)
Tip
Nb Tip removed: 0 (0s)
Nb errors removed: 2 (0s)
Superbubble
Nb superbubble removed: 0 0 (0s)
Tip
Nb Tip removed: 0 (0s)
Nb errors removed: 1 (0s)
Superbubble
Nb superbubble removed: 0 0 (0s)
Tip
Nb Tip removed: 0 (0s)
Nb errors removed: 4 (0s)
Superbubble
Nb superbubble removed: 0 0 (0s)
Tip
Nb Tip removed: 0 (0s)
Nb errors removed: 1 (0s)
Superbubble
Nb superbubble removed: 0 0 (0s)
Tip
Nb Tip removed: 0 (0s)
Checksum: 0
Checksum abundnace: 0
Generating contigs
41.1448
28.1025
23.2252
14.421
13.11
11.9182
10.8347
9.84974
8.14028
7.40025
6.11591
5.05447
4.17725
3.13843
2.59374
2.14359
0


metaMDBG toMinspace  /var/folders/zg/vq0dnx517c54hg87dyqjky740000gn/T/.tmprWAL2M/tmp/ /var/folders/zg/vq0dnx517c54hg87dyqjky740000gn/T/.tmprWAL2M/tmp//contigs.nodepath /var/folders/zg/vq0dnx517c54hg87dyqjky740000gn/T/.tmprWAL2M/tmp//unitig_data.txt --threads 10

Input dir: /var/folders/zg/vq0dnx517c54hg87dyqjky740000gn/T/.tmprWAL2M/tmp/
Minimizer length: 15
Kminmer length: 163
Density: 0.005

Loading unitig sequences

Creating mContigs

Contig filename: /var/folders/zg/vq0dnx517c54hg87dyqjky740000gn/T/.tmprWAL2M/tmp//unitig_data.txt
pass done: 163
Multi-k pass: 164/205


metaMDBG graph /var/folders/zg/vq0dnx517c54hg87dyqjky740000gn/T/.tmprWAL2M/tmp/ --threads 10 --corrected-read 

Contig filename: 
Output dir: /var/folders/zg/vq0dnx517c54hg87dyqjky740000gn/T/.tmprWAL2M/tmp/
Minimizer length: 15
Kminmer length: 164
Density: 0.005
Min abundance: 0

Loading refined abundances
	Duration: 0
Collecting kminmers
Building mdbg
Duration: 0
Nb solid kminmers: 27896
Nb small contigs written: 0
Dump kminmer abundances
	Duration: 0
Indexing edges
Edge index size: 28022
Edge index elements: 52662
	Duration: 0
Compute unitig nodes
	Duration: 0
Index unitig edges
	Duration: 0
Compute unitig edges
	Duration: 0
Dump unitig abundances
	Duration: 0
Nb edges:   0


metaMDBG contig  /var/folders/zg/vq0dnx517c54hg87dyqjky740000gn/T/.tmprWAL2M/tmp/ --threads 10

Input dir: /var/folders/zg/vq0dnx517c54hg87dyqjky740000gn/T/.tmprWAL2M/tmp/
Minimizer length: 15
Kminmer length: 164
Density: 0.005

Loading unitig graph
Load unitigs
Nb unitigs: 351
Nb minimizers: 85109
Add unitig abundances
Sorting abundances
Add unitig edges
Nb unitig edges: 450
Sorting unitig edges
Done loading unitig graph
Simplifying
Max abundance: 41
Nb unitigs: 351
Superbubble
Nb superbubble removed: 0 0 (0s)
Tip
Nb Tip removed: 88 (0s)
Superbubble
Nb superbubble removed: 0 0 (0s)
Tip
Nb Tip removed: 0 (0s)
Nb errors removed: 60 (0s)
Superbubble
Nb superbubble removed: 0 0 (0s)
Tip
Nb Tip removed: 0 (0s)
Nb errors removed: 1 (0s)
Superbubble
Nb superbubble removed: 0 0 (0s)
Tip
Nb Tip removed: 0 (0s)
Nb errors removed: 30 (0s)
Superbubble
Nb superbubble removed: 0 0 (0s)
Tip
Nb Tip removed: 0 (0s)
Nb errors removed: 30 (0s)
Superbubble
Nb superbubble removed: 0 0 (0s)
Tip
Nb Tip removed: 0 (0s)
Nb errors removed: 28 (0s)
Superbubble
Nb superbubble removed: 0 0 (0s)
Tip
Nb Tip removed: 0 (0s)
Nb errors removed: 11 (0s)
Superbubble
Nb superbubble removed: 0 0 (0s)
Tip
Nb Tip removed: 0 (0s)
Nb errors removed: 19 (0s)
Superbubble
Nb superbubble removed: 0 0 (0s)
Tip
Nb Tip removed: 0 (0s)
Nb errors removed: 17 (0s)
Superbubble
Nb superbubble removed: 0 0 (0s)
Tip
Nb Tip removed: 0 (0s)
Nb errors removed: 9 (0s)
Superbubble
Nb superbubble removed: 0 0 (0s)
Tip
Nb Tip removed: 0 (0s)
Nb errors removed: 7 (0s)
Superbubble
Nb superbubble removed: 0 0 (0s)
Tip
Nb Tip removed: 0 (0s)
Nb errors removed: 8 (0s)
Superbubble
Nb superbubble removed: 0 0 (0s)
Tip
Nb Tip removed: 0 (0s)
Nb errors removed: 16 (0s)
Superbubble
Nb superbubble removed: 0 0 (0s)
Tip
Nb Tip removed: 0 (0s)
Nb errors removed: 2 (0s)
Superbubble
Nb superbubble removed: 0 0 (0s)
Tip
Nb Tip removed: 0 (0s)
Nb errors removed: 1 (0s)
Superbubble
Nb superbubble removed: 0 0 (0s)
Tip
Nb Tip removed: 0 (0s)
Nb errors removed: 4 (0s)
Superbubble
Nb superbubble removed: 0 0 (0s)
Tip
Nb Tip removed: 0 (0s)
Nb errors removed: 1 (0s)
Superbubble
Nb superbubble removed: 0 0 (0s)
Tip
Nb Tip removed: 0 (0s)
Checksum: 0
Checksum abundnace: 0
Generating contigs
41.1448
28.1025
23.2252
14.421
13.11
11.9182
10.8347
9.84974
8.14028
7.40025
6.11591
5.05447
4.17725
3.13843
2.59374
2.14359
0


metaMDBG toMinspace  /var/folders/zg/vq0dnx517c54hg87dyqjky740000gn/T/.tmprWAL2M/tmp/ /var/folders/zg/vq0dnx517c54hg87dyqjky740000gn/T/.tmprWAL2M/tmp//contigs.nodepath /var/folders/zg/vq0dnx517c54hg87dyqjky740000gn/T/.tmprWAL2M/tmp//unitig_data.txt --threads 10

Input dir: /var/folders/zg/vq0dnx517c54hg87dyqjky740000gn/T/.tmprWAL2M/tmp/
Minimizer length: 15
Kminmer length: 164
Density: 0.005

Loading unitig sequences

Creating mContigs

Contig filename: /var/folders/zg/vq0dnx517c54hg87dyqjky740000gn/T/.tmprWAL2M/tmp//unitig_data.txt
pass done: 164
Multi-k pass: 165/205


metaMDBG graph /var/folders/zg/vq0dnx517c54hg87dyqjky740000gn/T/.tmprWAL2M/tmp/ --threads 10 --corrected-read 

Contig filename: 
Output dir: /var/folders/zg/vq0dnx517c54hg87dyqjky740000gn/T/.tmprWAL2M/tmp/
Minimizer length: 15
Kminmer length: 165
Density: 0.005
Min abundance: 0

Loading refined abundances
	Duration: 0
Collecting kminmers
Building mdbg
Duration: 0
Nb solid kminmers: 27765
Nb small contigs written: 0
Dump kminmer abundances
	Duration: 0
Indexing edges
Edge index size: 27893
Edge index elements: 52440
	Duration: 0
Compute unitig nodes
	Duration: 0
Index unitig edges
	Duration: 0
Compute unitig edges
	Duration: 0
Dump unitig abundances
	Duration: 0
Nb edges:   0


metaMDBG contig  /var/folders/zg/vq0dnx517c54hg87dyqjky740000gn/T/.tmprWAL2M/tmp/ --threads 10

Input dir: /var/folders/zg/vq0dnx517c54hg87dyqjky740000gn/T/.tmprWAL2M/tmp/
Minimizer length: 15
Kminmer length: 165
Density: 0.005

Loading unitig graph
Load unitigs
Nb unitigs: 344
Nb minimizers: 84181
Add unitig abundances
Sorting abundances
Add unitig edges
Nb unitig edges: 432
Sorting unitig edges
Done loading unitig graph
Simplifying
Max abundance: 41
Nb unitigs: 344
Superbubble
Nb superbubble removed: 0 0 (0s)
Tip
Nb Tip removed: 83 (0s)
Superbubble
Nb superbubble removed: 0 0 (0s)
Tip
Nb Tip removed: 0 (0s)
Nb errors removed: 59 (0s)
Superbubble
Nb superbubble removed: 0 0 (0s)
Tip
Nb Tip removed: 0 (0s)
Nb errors removed: 1 (0s)
Superbubble
Nb superbubble removed: 0 0 (0s)
Tip
Nb Tip removed: 0 (0s)
Nb errors removed: 29 (0s)
Superbubble
Nb superbubble removed: 0 0 (0s)
Tip
Nb Tip removed: 0 (0s)
Nb errors removed: 30 (0s)
Superbubble
Nb superbubble removed: 0 0 (0s)
Tip
Nb Tip removed: 0 (0s)
Nb errors removed: 28 (0s)
Superbubble
Nb superbubble removed: 0 0 (0s)
Tip
Nb Tip removed: 0 (0s)
Nb errors removed: 11 (0s)
Superbubble
Nb superbubble removed: 0 0 (0s)
Tip
Nb Tip removed: 0 (0s)
Nb errors removed: 19 (0s)
Superbubble
Nb superbubble removed: 0 0 (0s)
Tip
Nb Tip removed: 0 (0s)
Nb errors removed: 16 (0s)
Superbubble
Nb superbubble removed: 0 0 (0s)
Tip
Nb Tip removed: 0 (0s)
Nb errors removed: 9 (0s)
Superbubble
Nb superbubble removed: 0 0 (0s)
Tip
Nb Tip removed: 0 (0s)
Nb errors removed: 7 (0s)
Superbubble
Nb superbubble removed: 0 0 (0s)
Tip
Nb Tip removed: 0 (0s)
Nb errors removed: 8 (0s)
Superbubble
Nb superbubble removed: 0 0 (0s)
Tip
Nb Tip removed: 0 (0s)
Nb errors removed: 16 (0s)
Superbubble
Nb superbubble removed: 0 0 (0s)
Tip
Nb Tip removed: 0 (0s)
Nb errors removed: 2 (0s)
Superbubble
Nb superbubble removed: 0 0 (0s)
Tip
Nb Tip removed: 0 (0s)
Nb errors removed: 1 (0s)
Superbubble
Nb superbubble removed: 0 0 (0s)
Tip
Nb Tip removed: 0 (0s)
Nb errors removed: 3 (0s)
Superbubble
Nb superbubble removed: 0 0 (0s)
Tip
Nb Tip removed: 0 (0s)
Nb errors removed: 1 (0s)
Superbubble
Nb superbubble removed: 0 0 (0s)
Tip
Nb Tip removed: 0 (0s)
Checksum: 0
Checksum abundnace: 0
Generating contigs
41.1448
28.1025
23.2252
14.421
13.11
11.9182
10.8347
9.84974
8.14028
7.40025
6.11591
5.05447
4.17725
3.13843
2.59374
2.14359
0


metaMDBG toMinspace  /var/folders/zg/vq0dnx517c54hg87dyqjky740000gn/T/.tmprWAL2M/tmp/ /var/folders/zg/vq0dnx517c54hg87dyqjky740000gn/T/.tmprWAL2M/tmp//contigs.nodepath /var/folders/zg/vq0dnx517c54hg87dyqjky740000gn/T/.tmprWAL2M/tmp//unitig_data.txt --threads 10

Input dir: /var/folders/zg/vq0dnx517c54hg87dyqjky740000gn/T/.tmprWAL2M/tmp/
Minimizer length: 15
Kminmer length: 165
Density: 0.005

Loading unitig sequences

Creating mContigs

Contig filename: /var/folders/zg/vq0dnx517c54hg87dyqjky740000gn/T/.tmprWAL2M/tmp//unitig_data.txt
pass done: 165
Multi-k pass: 166/205


metaMDBG graph /var/folders/zg/vq0dnx517c54hg87dyqjky740000gn/T/.tmprWAL2M/tmp/ --threads 10 --corrected-read 

Contig filename: 
Output dir: /var/folders/zg/vq0dnx517c54hg87dyqjky740000gn/T/.tmprWAL2M/tmp/
Minimizer length: 15
Kminmer length: 166
Density: 0.005
Min abundance: 0

Loading refined abundances
	Duration: 0
Collecting kminmers
Building mdbg
Duration: 0
Nb solid kminmers: 27635
Nb small contigs written: 0
Dump kminmer abundances
	Duration: 0
Indexing edges
Edge index size: 27764
Edge index elements: 52004
	Duration: 0
Compute unitig nodes
	Duration: 0
Index unitig edges
	Duration: 0
Compute unitig edges
	Duration: 0
Dump unitig abundances
	Duration: 0
Nb edges:   0


metaMDBG contig  /var/folders/zg/vq0dnx517c54hg87dyqjky740000gn/T/.tmprWAL2M/tmp/ --threads 10

Input dir: /var/folders/zg/vq0dnx517c54hg87dyqjky740000gn/T/.tmprWAL2M/tmp/
Minimizer length: 15
Kminmer length: 166
Density: 0.005

Loading unitig graph
Load unitigs
Nb unitigs: 340
Nb minimizers: 83735
Add unitig abundances
Sorting abundances
Add unitig edges
Nb unitig edges: 424
Sorting unitig edges
Done loading unitig graph
Simplifying
Max abundance: 41
Nb unitigs: 340
Superbubble
Nb superbubble removed: 0 0 (0s)
Tip
Nb Tip removed: 82 (0s)
Superbubble
Nb superbubble removed: 0 0 (0s)
Tip
Nb Tip removed: 0 (0s)
Nb errors removed: 58 (0s)
Superbubble
Nb superbubble removed: 0 0 (0s)
Tip
Nb Tip removed: 0 (0s)
Nb errors removed: 1 (0s)
Superbubble
Nb superbubble removed: 0 0 (0s)
Tip
Nb Tip removed: 0 (0s)
Nb errors removed: 29 (0s)
Superbubble
Nb superbubble removed: 0 0 (0s)
Tip
Nb Tip removed: 0 (0s)
Nb errors removed: 30 (0s)
Superbubble
Nb superbubble removed: 0 0 (0s)
Tip
Nb Tip removed: 0 (0s)
Nb errors removed: 28 (0s)
Superbubble
Nb superbubble removed: 0 0 (0s)
Tip
Nb Tip removed: 0 (0s)
Nb errors removed: 11 (0s)
Superbubble
Nb superbubble removed: 0 0 (0s)
Tip
Nb Tip removed: 0 (0s)
Nb errors removed: 19 (0s)
Superbubble
Nb superbubble removed: 0 0 (0s)
Tip
Nb Tip removed: 0 (0s)
Nb errors removed: 16 (0s)
Superbubble
Nb superbubble removed: 0 0 (0s)
Tip
Nb Tip removed: 0 (0s)
Nb errors removed: 9 (0s)
Superbubble
Nb superbubble removed: 0 0 (0s)
Tip
Nb Tip removed: 0 (0s)
Nb errors removed: 7 (0s)
Superbubble
Nb superbubble removed: 0 0 (0s)
Tip
Nb Tip removed: 0 (0s)
Nb errors removed: 8 (0s)
Superbubble
Nb superbubble removed: 0 0 (0s)
Tip
Nb Tip removed: 0 (0s)
Nb errors removed: 16 (0s)
Superbubble
Nb superbubble removed: 0 0 (0s)
Tip
Nb Tip removed: 0 (0s)
Nb errors removed: 2 (0s)
Superbubble
Nb superbubble removed: 0 0 (0s)
Tip
Nb Tip removed: 0 (0s)
Nb errors removed: 1 (0s)
Superbubble
Nb superbubble removed: 0 0 (0s)
Tip
Nb Tip removed: 0 (0s)
Nb errors removed: 3 (0s)
Superbubble
Nb superbubble removed: 0 0 (0s)
Tip
Nb Tip removed: 0 (0s)
Nb errors removed: 1 (0s)
Superbubble
Nb superbubble removed: 0 0 (0s)
Tip
Nb Tip removed: 0 (0s)
Checksum: 0
Checksum abundnace: 0
Generating contigs
41.1448
28.1025
23.2252
14.421
13.11
11.9182
10.8347
9.84974
8.14028
7.40025
6.11591
5.05447
4.17725
3.13843
2.59374
2.14359
0


metaMDBG toMinspace  /var/folders/zg/vq0dnx517c54hg87dyqjky740000gn/T/.tmprWAL2M/tmp/ /var/folders/zg/vq0dnx517c54hg87dyqjky740000gn/T/.tmprWAL2M/tmp//contigs.nodepath /var/folders/zg/vq0dnx517c54hg87dyqjky740000gn/T/.tmprWAL2M/tmp//unitig_data.txt --threads 10

Input dir: /var/folders/zg/vq0dnx517c54hg87dyqjky740000gn/T/.tmprWAL2M/tmp/
Minimizer length: 15
Kminmer length: 166
Density: 0.005

Loading unitig sequences

Creating mContigs

Contig filename: /var/folders/zg/vq0dnx517c54hg87dyqjky740000gn/T/.tmprWAL2M/tmp//unitig_data.txt
pass done: 166
Multi-k pass: 167/205


metaMDBG graph /var/folders/zg/vq0dnx517c54hg87dyqjky740000gn/T/.tmprWAL2M/tmp/ --threads 10 --corrected-read 

Contig filename: 
Output dir: /var/folders/zg/vq0dnx517c54hg87dyqjky740000gn/T/.tmprWAL2M/tmp/
Minimizer length: 15
Kminmer length: 167
Density: 0.005
Min abundance: 0

Loading refined abundances
	Duration: 0
Collecting kminmers
Building mdbg
Duration: 0
Nb solid kminmers: 27504
Nb small contigs written: 0
Dump kminmer abundances
	Duration: 0
Indexing edges
Edge index size: 27635
Edge index elements: 51773
	Duration: 0
Compute unitig nodes
	Duration: 0
Index unitig edges
	Duration: 0
Compute unitig edges
	Duration: 0
Dump unitig abundances
	Duration: 0
Nb edges:   0


metaMDBG contig  /var/folders/zg/vq0dnx517c54hg87dyqjky740000gn/T/.tmprWAL2M/tmp/ --threads 10

Input dir: /var/folders/zg/vq0dnx517c54hg87dyqjky740000gn/T/.tmprWAL2M/tmp/
Minimizer length: 15
Kminmer length: 167
Density: 0.005

Loading unitig graph
Load unitigs
Nb unitigs: 337
Nb minimizers: 83446
Add unitig abundances
Sorting abundances
Add unitig edges
Nb unitig edges: 412
Sorting unitig edges
Done loading unitig graph
Simplifying
Max abundance: 41
Nb unitigs: 337
Superbubble
Nb superbubble removed: 0 0 (0s)
Tip
Nb Tip removed: 80 (0s)
Superbubble
Nb superbubble removed: 0 0 (0s)
Tip
Nb Tip removed: 0 (0s)
Nb errors removed: 58 (0s)
Superbubble
Nb superbubble removed: 0 0 (0s)
Tip
Nb Tip removed: 0 (0s)
Nb errors removed: 1 (0s)
Superbubble
Nb superbubble removed: 0 0 (0s)
Tip
Nb Tip removed: 0 (0s)
Nb errors removed: 29 (0s)
Superbubble
Nb superbubble removed: 0 0 (0s)
Tip
Nb Tip removed: 0 (0s)
Nb errors removed: 30 (0s)
Superbubble
Nb superbubble removed: 0 0 (0s)
Tip
Nb Tip removed: 0 (0s)
Nb errors removed: 28 (0s)
Superbubble
Nb superbubble removed: 0 0 (0s)
Tip
Nb Tip removed: 0 (0s)
Nb errors removed: 12 (0s)
Superbubble
Nb superbubble removed: 0 0 (0s)
Tip
Nb Tip removed: 0 (0s)
Nb errors removed: 19 (0s)
Superbubble
Nb superbubble removed: 0 0 (0s)
Tip
Nb Tip removed: 0 (0s)
Nb errors removed: 15 (0s)
Superbubble
Nb superbubble removed: 0 0 (0s)
Tip
Nb Tip removed: 0 (0s)
Nb errors removed: 9 (0s)
Superbubble
Nb superbubble removed: 0 0 (0s)
Tip
Nb Tip removed: 0 (0s)
Nb errors removed: 7 (0s)
Superbubble
Nb superbubble removed: 0 0 (0s)
Tip
Nb Tip removed: 0 (0s)
Nb errors removed: 8 (0s)
Superbubble
Nb superbubble removed: 0 0 (0s)
Tip
Nb Tip removed: 0 (0s)
Nb errors removed: 16 (0s)
Superbubble
Nb superbubble removed: 0 0 (0s)
Tip
Nb Tip removed: 0 (0s)
Nb errors removed: 2 (0s)
Superbubble
Nb superbubble removed: 0 0 (0s)
Tip
Nb Tip removed: 0 (0s)
Nb errors removed: 1 (0s)
Superbubble
Nb superbubble removed: 0 0 (0s)
Tip
Nb Tip removed: 0 (0s)
Nb errors removed: 3 (0s)
Superbubble
Nb superbubble removed: 0 0 (0s)
Tip
Nb Tip removed: 0 (0s)
Nb errors removed: 1 (0s)
Superbubble
Nb superbubble removed: 0 0 (0s)
Tip
Nb Tip removed: 0 (0s)
Checksum: 0
Checksum abundnace: 0
Generating contigs
41.1448
28.1025
23.2252
14.421
13.11
11.9182
10.8347
9.84974
8.14028
7.40025
6.11591
5.05447
4.17725
3.13843
2.59374
2.14359
0


metaMDBG toMinspace  /var/folders/zg/vq0dnx517c54hg87dyqjky740000gn/T/.tmprWAL2M/tmp/ /var/folders/zg/vq0dnx517c54hg87dyqjky740000gn/T/.tmprWAL2M/tmp//contigs.nodepath /var/folders/zg/vq0dnx517c54hg87dyqjky740000gn/T/.tmprWAL2M/tmp//unitig_data.txt --threads 10

Input dir: /var/folders/zg/vq0dnx517c54hg87dyqjky740000gn/T/.tmprWAL2M/tmp/
Minimizer length: 15
Kminmer length: 167
Density: 0.005

Loading unitig sequences

Creating mContigs

Contig filename: /var/folders/zg/vq0dnx517c54hg87dyqjky740000gn/T/.tmprWAL2M/tmp//unitig_data.txt
pass done: 167
Multi-k pass: 168/205


metaMDBG graph /var/folders/zg/vq0dnx517c54hg87dyqjky740000gn/T/.tmprWAL2M/tmp/ --threads 10 --corrected-read 

Contig filename: 
Output dir: /var/folders/zg/vq0dnx517c54hg87dyqjky740000gn/T/.tmprWAL2M/tmp/
Minimizer length: 15
Kminmer length: 168
Density: 0.005
Min abundance: 0

Loading refined abundances
	Duration: 0
Collecting kminmers
Building mdbg
Duration: 0
Nb solid kminmers: 27369
Nb small contigs written: 0
Dump kminmer abundances
	Duration: 0
Indexing edges
Edge index size: 27504
Edge index elements: 51573
	Duration: 0
Compute unitig nodes
	Duration: 0
Index unitig edges
	Duration: 0
Compute unitig edges
	Duration: 0
Dump unitig abundances
	Duration: 0
Nb edges:   0


metaMDBG contig  /var/folders/zg/vq0dnx517c54hg87dyqjky740000gn/T/.tmprWAL2M/tmp/ --threads 10

Input dir: /var/folders/zg/vq0dnx517c54hg87dyqjky740000gn/T/.tmprWAL2M/tmp/
Minimizer length: 15
Kminmer length: 168
Density: 0.005

Loading unitig graph
Load unitigs
Nb unitigs: 333
Nb minimizers: 82980
Add unitig abundances
Sorting abundances
Add unitig edges
Nb unitig edges: 396
Sorting unitig edges
Done loading unitig graph
Simplifying
Max abundance: 41
Nb unitigs: 333
Superbubble
Nb superbubble removed: 0 0 (0s)
Tip
Nb Tip removed: 78 (0s)
Superbubble
Nb superbubble removed: 0 0 (0s)
Tip
Nb Tip removed: 0 (0s)
Nb errors removed: 58 (0s)
Superbubble
Nb superbubble removed: 0 0 (0s)
Tip
Nb Tip removed: 0 (0s)
Nb errors removed: 1 (0s)
Superbubble
Nb superbubble removed: 0 0 (0s)
Tip
Nb Tip removed: 0 (0s)
Nb errors removed: 29 (0s)
Superbubble
Nb superbubble removed: 0 0 (0s)
Tip
Nb Tip removed: 0 (0s)
Nb errors removed: 29 (0s)
Superbubble
Nb superbubble removed: 0 0 (0s)
Tip
Nb Tip removed: 0 (0s)
Nb errors removed: 28 (0s)
Superbubble
Nb superbubble removed: 0 0 (0s)
Tip
Nb Tip removed: 0 (0s)
Nb errors removed: 11 (0s)
Superbubble
Nb superbubble removed: 0 0 (0s)
Tip
Nb Tip removed: 0 (0s)
Nb errors removed: 19 (0s)
Superbubble
Nb superbubble removed: 0 0 (0s)
Tip
Nb Tip removed: 0 (0s)
Nb errors removed: 15 (0s)
Superbubble
Nb superbubble removed: 0 0 (0s)
Tip
Nb Tip removed: 0 (0s)
Nb errors removed: 9 (0s)
Superbubble
Nb superbubble removed: 0 0 (0s)
Tip
Nb Tip removed: 0 (0s)
Nb errors removed: 7 (0s)
Superbubble
Nb superbubble removed: 0 0 (0s)
Tip
Nb Tip removed: 0 (0s)
Nb errors removed: 8 (0s)
Superbubble
Nb superbubble removed: 0 0 (0s)
Tip
Nb Tip removed: 0 (0s)
Nb errors removed: 16 (0s)
Superbubble
Nb superbubble removed: 0 0 (0s)
Tip
Nb Tip removed: 0 (0s)
Nb errors removed: 2 (0s)
Superbubble
Nb superbubble removed: 0 0 (0s)
Tip
Nb Tip removed: 0 (0s)
Nb errors removed: 1 (0s)
Superbubble
Nb superbubble removed: 0 0 (0s)
Tip
Nb Tip removed: 0 (0s)
Nb errors removed: 3 (0s)
Superbubble
Nb superbubble removed: 0 0 (0s)
Tip
Nb Tip removed: 0 (0s)
Nb errors removed: 1 (0s)
Superbubble
Nb superbubble removed: 0 0 (0s)
Tip
Nb Tip removed: 0 (0s)
Checksum: 0
Checksum abundnace: 0
Generating contigs
41.1448
28.1025
23.2252
14.421
13.11
11.9182
10.8347
9.84974
8.14028
7.40025
6.11591
5.05447
4.17725
3.13843
2.59374
2.14359
0


metaMDBG toMinspace  /var/folders/zg/vq0dnx517c54hg87dyqjky740000gn/T/.tmprWAL2M/tmp/ /var/folders/zg/vq0dnx517c54hg87dyqjky740000gn/T/.tmprWAL2M/tmp//contigs.nodepath /var/folders/zg/vq0dnx517c54hg87dyqjky740000gn/T/.tmprWAL2M/tmp//unitig_data.txt --threads 10

Input dir: /var/folders/zg/vq0dnx517c54hg87dyqjky740000gn/T/.tmprWAL2M/tmp/
Minimizer length: 15
Kminmer length: 168
Density: 0.005

Loading unitig sequences

Creating mContigs

Contig filename: /var/folders/zg/vq0dnx517c54hg87dyqjky740000gn/T/.tmprWAL2M/tmp//unitig_data.txt
pass done: 168
Multi-k pass: 169/205


metaMDBG graph /var/folders/zg/vq0dnx517c54hg87dyqjky740000gn/T/.tmprWAL2M/tmp/ --threads 10 --corrected-read 

Contig filename: 
Output dir: /var/folders/zg/vq0dnx517c54hg87dyqjky740000gn/T/.tmprWAL2M/tmp/
Minimizer length: 15
Kminmer length: 169
Density: 0.005
Min abundance: 0

Loading refined abundances
	Duration: 0
Collecting kminmers
Building mdbg
Duration: 0
Nb solid kminmers: 27234
Nb small contigs written: 0
Dump kminmer abundances
	Duration: 0
Indexing edges
Edge index size: 27364
Edge index elements: 51258
	Duration: 0
Compute unitig nodes
	Duration: 0
Index unitig edges
	Duration: 0
Compute unitig edges
	Duration: 0
Dump unitig abundances
	Duration: 0
Nb edges:   0


metaMDBG contig  /var/folders/zg/vq0dnx517c54hg87dyqjky740000gn/T/.tmprWAL2M/tmp/ --threads 10

Input dir: /var/folders/zg/vq0dnx517c54hg87dyqjky740000gn/T/.tmprWAL2M/tmp/
Minimizer length: 15
Kminmer length: 169
Density: 0.005

Loading unitig graph
Load unitigs
Nb unitigs: 328
Nb minimizers: 82338
Add unitig abundances
Sorting abundances
Add unitig edges
Nb unitig edges: 396
Sorting unitig edges
Done loading unitig graph
Simplifying
Max abundance: 41
Nb unitigs: 328
Superbubble
Nb superbubble removed: 0 0 (0s)
Tip
Nb Tip removed: 77 (0s)
Superbubble
Nb superbubble removed: 0 0 (0s)
Tip
Nb Tip removed: 0 (0s)
Nb errors removed: 57 (0s)
Superbubble
Nb superbubble removed: 0 0 (0s)
Tip
Nb Tip removed: 0 (0s)
Nb errors removed: 1 (0s)
Superbubble
Nb superbubble removed: 0 0 (0s)
Tip
Nb Tip removed: 0 (0s)
Nb errors removed: 29 (0s)
Superbubble
Nb superbubble removed: 0 0 (0s)
Tip
Nb Tip removed: 0 (0s)
Nb errors removed: 28 (0s)
Superbubble
Nb superbubble removed: 0 0 (0s)
Tip
Nb Tip removed: 0 (0s)
Nb errors removed: 27 (0s)
Superbubble
Nb superbubble removed: 0 0 (0s)
Tip
Nb Tip removed: 0 (0s)
Nb errors removed: 10 (0s)
Superbubble
Nb superbubble removed: 0 0 (0s)
Tip
Nb Tip removed: 0 (0s)
Nb errors removed: 19 (0s)
Superbubble
Nb superbubble removed: 0 0 (0s)
Tip
Nb Tip removed: 0 (0s)
Nb errors removed: 15 (0s)
Superbubble
Nb superbubble removed: 0 0 (0s)
Tip
Nb Tip removed: 0 (0s)
Nb errors removed: 9 (0s)
Superbubble
Nb superbubble removed: 0 0 (0s)
Tip
Nb Tip removed: 0 (0s)
Nb errors removed: 7 (0s)
Superbubble
Nb superbubble removed: 0 0 (0s)
Tip
Nb Tip removed: 0 (0s)
Nb errors removed: 8 (0s)
Superbubble
Nb superbubble removed: 0 0 (0s)
Tip
Nb Tip removed: 0 (0s)
Nb errors removed: 16 (0s)
Superbubble
Nb superbubble removed: 0 0 (0s)
Tip
Nb Tip removed: 0 (0s)
Nb errors removed: 2 (0s)
Superbubble
Nb superbubble removed: 0 0 (0s)
Tip
Nb Tip removed: 0 (0s)
Nb errors removed: 1 (0s)
Superbubble
Nb superbubble removed: 0 0 (0s)
Tip
Nb Tip removed: 0 (0s)
Nb errors removed: 3 (0s)
Superbubble
Nb superbubble removed: 0 0 (0s)
Tip
Nb Tip removed: 0 (0s)
Nb errors removed: 1 (0s)
Superbubble
Nb superbubble removed: 0 0 (0s)
Tip
Nb Tip removed: 0 (0s)
Checksum: 0
Checksum abundnace: 0
Generating contigs
41.1448
28.1025
23.2252
14.421
13.11
11.9182
10.8347
9.84974
8.14028
7.40025
6.11591
5.05447
4.17725
3.13843
2.59374
2.14359
0


metaMDBG toMinspace  /var/folders/zg/vq0dnx517c54hg87dyqjky740000gn/T/.tmprWAL2M/tmp/ /var/folders/zg/vq0dnx517c54hg87dyqjky740000gn/T/.tmprWAL2M/tmp//contigs.nodepath /var/folders/zg/vq0dnx517c54hg87dyqjky740000gn/T/.tmprWAL2M/tmp//unitig_data.txt --threads 10

Input dir: /var/folders/zg/vq0dnx517c54hg87dyqjky740000gn/T/.tmprWAL2M/tmp/
Minimizer length: 15
Kminmer length: 169
Density: 0.005

Loading unitig sequences

Creating mContigs

Contig filename: /var/folders/zg/vq0dnx517c54hg87dyqjky740000gn/T/.tmprWAL2M/tmp//unitig_data.txt
pass done: 169
Multi-k pass: 170/205


metaMDBG graph /var/folders/zg/vq0dnx517c54hg87dyqjky740000gn/T/.tmprWAL2M/tmp/ --threads 10 --corrected-read 

Contig filename: 
Output dir: /var/folders/zg/vq0dnx517c54hg87dyqjky740000gn/T/.tmprWAL2M/tmp/
Minimizer length: 15
Kminmer length: 170
Density: 0.005
Min abundance: 0

Loading refined abundances
	Duration: 0
Collecting kminmers
Building mdbg
Duration: 0
Nb solid kminmers: 27100
Nb small contigs written: 0
Dump kminmer abundances
	Duration: 0
Indexing edges
Edge index size: 27230
Edge index elements: 51008
	Duration: 0
Compute unitig nodes
	Duration: 0
Index unitig edges
	Duration: 0
Compute unitig edges
	Duration: 0
Dump unitig abundances
	Duration: 0
Nb edges:   0


metaMDBG contig  /var/folders/zg/vq0dnx517c54hg87dyqjky740000gn/T/.tmprWAL2M/tmp/ --threads 10

Input dir: /var/folders/zg/vq0dnx517c54hg87dyqjky740000gn/T/.tmprWAL2M/tmp/
Minimizer length: 15
Kminmer length: 170
Density: 0.005

Loading unitig graph
Load unitigs
Nb unitigs: 321
Nb minimizers: 81349
Add unitig abundances
Sorting abundances
Add unitig edges
Nb unitig edges: 382
Sorting unitig edges
Done loading unitig graph
Simplifying
Max abundance: 41
Nb unitigs: 321
Superbubble
Nb superbubble removed: 0 0 (0s)
Tip
Nb Tip removed: 74 (0s)
Superbubble
Nb superbubble removed: 0 0 (0s)
Tip
Nb Tip removed: 0 (0s)
Nb errors removed: 56 (0s)
Superbubble
Nb superbubble removed: 0 0 (0s)
Tip
Nb Tip removed: 0 (0s)
Nb errors removed: 1 (0s)
Superbubble
Nb superbubble removed: 0 0 (0s)
Tip
Nb Tip removed: 0 (0s)
Nb errors removed: 29 (0s)
Superbubble
Nb superbubble removed: 0 0 (0s)
Tip
Nb Tip removed: 0 (0s)
Nb errors removed: 27 (0s)
Superbubble
Nb superbubble removed: 0 0 (0s)
Tip
Nb Tip removed: 0 (0s)
Nb errors removed: 27 (0s)
Superbubble
Nb superbubble removed: 0 0 (0s)
Tip
Nb Tip removed: 0 (0s)
Nb errors removed: 10 (0s)
Superbubble
Nb superbubble removed: 0 0 (0s)
Tip
Nb Tip removed: 0 (0s)
Nb errors removed: 19 (0s)
Superbubble
Nb superbubble removed: 0 0 (0s)
Tip
Nb Tip removed: 0 (0s)
Nb errors removed: 15 (0s)
Superbubble
Nb superbubble removed: 0 0 (0s)
Tip
Nb Tip removed: 0 (0s)
Nb errors removed: 9 (0s)
Superbubble
Nb superbubble removed: 0 0 (0s)
Tip
Nb Tip removed: 0 (0s)
Nb errors removed: 6 (0s)
Superbubble
Nb superbubble removed: 0 0 (0s)
Tip
Nb Tip removed: 0 (0s)
Nb errors removed: 8 (0s)
Superbubble
Nb superbubble removed: 0 0 (0s)
Tip
Nb Tip removed: 0 (0s)
Nb errors removed: 15 (0s)
Superbubble
Nb superbubble removed: 0 0 (0s)
Tip
Nb Tip removed: 0 (0s)
Nb errors removed: 2 (0s)
Superbubble
Nb superbubble removed: 0 0 (0s)
Tip
Nb Tip removed: 0 (0s)
Nb errors removed: 1 (0s)
Superbubble
Nb superbubble removed: 0 0 (0s)
Tip
Nb Tip removed: 0 (0s)
Nb errors removed: 3 (0s)
Superbubble
Nb superbubble removed: 0 0 (0s)
Tip
Nb Tip removed: 0 (0s)
Nb errors removed: 1 (0s)
Superbubble
Nb superbubble removed: 0 0 (0s)
Tip
Nb Tip removed: 0 (0s)
Checksum: 0
Checksum abundnace: 0
Generating contigs
41.1448
28.1025
23.2252
14.421
13.11
11.9182
10.8347
9.84974
8.14028
7.40025
6.11591
5.05447
4.17725
3.13843
2.59374
2.14359
0


metaMDBG toMinspace  /var/folders/zg/vq0dnx517c54hg87dyqjky740000gn/T/.tmprWAL2M/tmp/ /var/folders/zg/vq0dnx517c54hg87dyqjky740000gn/T/.tmprWAL2M/tmp//contigs.nodepath /var/folders/zg/vq0dnx517c54hg87dyqjky740000gn/T/.tmprWAL2M/tmp//unitig_data.txt --threads 10

Input dir: /var/folders/zg/vq0dnx517c54hg87dyqjky740000gn/T/.tmprWAL2M/tmp/
Minimizer length: 15
Kminmer length: 170
Density: 0.005

Loading unitig sequences

Creating mContigs

Contig filename: /var/folders/zg/vq0dnx517c54hg87dyqjky740000gn/T/.tmprWAL2M/tmp//unitig_data.txt
pass done: 170
Multi-k pass: 171/205


metaMDBG graph /var/folders/zg/vq0dnx517c54hg87dyqjky740000gn/T/.tmprWAL2M/tmp/ --threads 10 --corrected-read 

Contig filename: 
Output dir: /var/folders/zg/vq0dnx517c54hg87dyqjky740000gn/T/.tmprWAL2M/tmp/
Minimizer length: 15
Kminmer length: 171
Density: 0.005
Min abundance: 0

Loading refined abundances
	Duration: 0
Collecting kminmers
Building mdbg
Duration: 0
Nb solid kminmers: 26969
Nb small contigs written: 0
Dump kminmer abundances
	Duration: 0
Indexing edges
Edge index size: 27096
Edge index elements: 50852
	Duration: 0
Compute unitig nodes
	Duration: 0
Index unitig edges
	Duration: 0
Compute unitig edges
	Duration: 0
Dump unitig abundances
	Duration: 0
Nb edges:   0


metaMDBG contig  /var/folders/zg/vq0dnx517c54hg87dyqjky740000gn/T/.tmprWAL2M/tmp/ --threads 10 --gen-graph 

Input dir: /var/folders/zg/vq0dnx517c54hg87dyqjky740000gn/T/.tmprWAL2M/tmp/
Minimizer length: 15
Kminmer length: 171
Density: 0.005

Loading unitig graph
Load unitigs
Nb unitigs: 316
Nb minimizers: 80689
Add unitig abundances
Sorting abundances
Add unitig edges
Nb unitig edges: 378
Sorting unitig edges
Done loading unitig graph
Simplifying
Max abundance: 41
Nb unitigs: 316
Superbubble
Nb superbubble removed: 0 0 (0s)
Tip
Nb Tip removed: 72 (0s)
Superbubble
Nb superbubble removed: 0 0 (0s)
Tip
Nb Tip removed: 0 (0s)
Saving unitig graph: /var/folders/zg/vq0dnx517c54hg87dyqjky740000gn/T/.tmprWAL2M/tmp//assembly_graph.gfa
Nb errors removed: 52 (0s)
Superbubble
Nb superbubble removed: 0 0 (0s)
Tip
Nb Tip removed: 0 (0s)
Nb errors removed: 1 (0s)
Superbubble
Nb superbubble removed: 0 0 (0s)
Tip
Nb Tip removed: 0 (0s)
Nb errors removed: 29 (0s)
Superbubble
Nb superbubble removed: 0 0 (0s)
Tip
Nb Tip removed: 0 (0s)
Nb errors removed: 27 (0s)
Superbubble
Nb superbubble removed: 0 0 (0s)
Tip
Nb Tip removed: 0 (0s)
Nb errors removed: 27 (0s)
Superbubble
Nb superbubble removed: 0 0 (0s)
Tip
Nb Tip removed: 0 (0s)
Nb errors removed: 10 (0s)
Superbubble
Nb superbubble removed: 0 0 (0s)
Tip
Nb Tip removed: 0 (0s)
Nb errors removed: 19 (0s)
Superbubble
Nb superbubble removed: 0 0 (0s)
Tip
Nb Tip removed: 0 (0s)
Nb errors removed: 15 (0s)
Superbubble
Nb superbubble removed: 0 0 (0s)
Tip
Nb Tip removed: 0 (0s)
Nb errors removed: 9 (0s)
Superbubble
Nb superbubble removed: 0 0 (0s)
Tip
Nb Tip removed: 0 (0s)
Nb errors removed: 6 (0s)
Superbubble
Nb superbubble removed: 0 0 (0s)
Tip
Nb Tip removed: 0 (0s)
Nb errors removed: 8 (0s)
Superbubble
Nb superbubble removed: 0 0 (0s)
Tip
Nb Tip removed: 0 (0s)
Nb errors removed: 15 (0s)
Superbubble
Nb superbubble removed: 0 0 (0s)
Tip
Nb Tip removed: 0 (0s)
Nb errors removed: 2 (0s)
Superbubble
Nb superbubble removed: 0 0 (0s)
Tip
Nb Tip removed: 0 (0s)
Nb errors removed: 1 (0s)
Superbubble
Nb superbubble removed: 0 0 (0s)
Tip
Nb Tip removed: 0 (0s)
Nb errors removed: 3 (0s)
Superbubble
Nb superbubble removed: 0 0 (0s)
Tip
Nb Tip removed: 0 (0s)
Nb errors removed: 1 (0s)
Superbubble
Nb superbubble removed: 0 0 (0s)
Tip
Nb Tip removed: 0 (0s)
Checksum: 0
Checksum abundnace: 0
Generating contigs
41.1448
28.1025
23.2252
14.421
13.11
11.9182
10.8347
9.84974
8.14028
7.40025
6.11591
5.05447
4.17725
3.13843
2.59374
2.14359
0


metaMDBG toMinspace  /var/folders/zg/vq0dnx517c54hg87dyqjky740000gn/T/.tmprWAL2M/tmp/ /var/folders/zg/vq0dnx517c54hg87dyqjky740000gn/T/.tmprWAL2M/tmp//contigs.nodepath /var/folders/zg/vq0dnx517c54hg87dyqjky740000gn/T/.tmprWAL2M/tmp//unitig_data.txt --threads 10

Input dir: /var/folders/zg/vq0dnx517c54hg87dyqjky740000gn/T/.tmprWAL2M/tmp/
Minimizer length: 15
Kminmer length: 171
Density: 0.005

Loading unitig sequences

Creating mContigs

Contig filename: /var/folders/zg/vq0dnx517c54hg87dyqjky740000gn/T/.tmprWAL2M/tmp//unitig_data.txt


metaMDBG toMinspace  /var/folders/zg/vq0dnx517c54hg87dyqjky740000gn/T/.tmprWAL2M/tmp/ /var/folders/zg/vq0dnx517c54hg87dyqjky740000gn/T/.tmprWAL2M/tmp//assembly_graph.gfa.unitigs.nodepath /var/folders/zg/vq0dnx517c54hg87dyqjky740000gn/T/.tmprWAL2M/tmp//assembly_graph.gfa.unitigs --threads 10

Input dir: /var/folders/zg/vq0dnx517c54hg87dyqjky740000gn/T/.tmprWAL2M/tmp/
Minimizer length: 15
Kminmer length: 171
Density: 0.005

Loading unitig sequences

Creating mContigs

Contig filename: /var/folders/zg/vq0dnx517c54hg87dyqjky740000gn/T/.tmprWAL2M/tmp//assembly_graph.gfa.unitigs
pass done: 171
Multi-k pass: 172/205


metaMDBG graph /var/folders/zg/vq0dnx517c54hg87dyqjky740000gn/T/.tmprWAL2M/tmp/ --threads 10 --corrected-read 

Contig filename: 
Output dir: /var/folders/zg/vq0dnx517c54hg87dyqjky740000gn/T/.tmprWAL2M/tmp/
Minimizer length: 15
Kminmer length: 172
Density: 0.005
Min abundance: 0

Loading refined abundances
	Duration: 0
Collecting kminmers
Building mdbg
Duration: 0
Nb solid kminmers: 26841
Nb small contigs written: 0
Dump kminmer abundances
	Duration: 0
Indexing edges
Edge index size: 26963
Edge index elements: 50383
	Duration: 0
Compute unitig nodes
	Duration: 0
Index unitig edges
	Duration: 0
Compute unitig edges
	Duration: 0
Dump unitig abundances
	Duration: 0
Nb edges:   0


metaMDBG contig  /var/folders/zg/vq0dnx517c54hg87dyqjky740000gn/T/.tmprWAL2M/tmp/ --threads 10

Input dir: /var/folders/zg/vq0dnx517c54hg87dyqjky740000gn/T/.tmprWAL2M/tmp/
Minimizer length: 15
Kminmer length: 172
Density: 0.005

Loading unitig graph
Load unitigs
Nb unitigs: 309
Nb minimizers: 79680
Add unitig abundances
Sorting abundances
Add unitig edges
Nb unitig edges: 374
Sorting unitig edges
Done loading unitig graph
Simplifying
Max abundance: 41
Nb unitigs: 309
Superbubble
Nb superbubble removed: 0 0 (0s)
Tip
Nb Tip removed: 71 (0s)
Superbubble
Nb superbubble removed: 0 0 (0s)
Tip
Nb Tip removed: 0 (0s)
Nb errors removed: 50 (0s)
Superbubble
Nb superbubble removed: 0 0 (0s)
Tip
Nb Tip removed: 0 (0s)
Nb errors removed: 1 (0s)
Superbubble
Nb superbubble removed: 0 0 (0s)
Tip
Nb Tip removed: 0 (0s)
Nb errors removed: 27 (0s)
Superbubble
Nb superbubble removed: 0 0 (0s)
Tip
Nb Tip removed: 0 (0s)
Nb errors removed: 25 (0s)
Superbubble
Nb superbubble removed: 0 0 (0s)
Tip
Nb Tip removed: 0 (0s)
Nb errors removed: 27 (0s)
Superbubble
Nb superbubble removed: 0 0 (0s)
Tip
Nb Tip removed: 0 (0s)
Nb errors removed: 10 (0s)
Superbubble
Nb superbubble removed: 0 0 (0s)
Tip
Nb Tip removed: 0 (0s)
Nb errors removed: 19 (0s)
Superbubble
Nb superbubble removed: 0 0 (0s)
Tip
Nb Tip removed: 0 (0s)
Nb errors removed: 15 (0s)
Superbubble
Nb superbubble removed: 0 0 (0s)
Tip
Nb Tip removed: 0 (0s)
Nb errors removed: 9 (0s)
Superbubble
Nb superbubble removed: 0 0 (0s)
Tip
Nb Tip removed: 0 (0s)
Nb errors removed: 6 (0s)
Superbubble
Nb superbubble removed: 0 0 (0s)
Tip
Nb Tip removed: 0 (0s)
Nb errors removed: 8 (0s)
Superbubble
Nb superbubble removed: 0 0 (0s)
Tip
Nb Tip removed: 0 (0s)
Nb errors removed: 15 (0s)
Superbubble
Nb superbubble removed: 0 0 (0s)
Tip
Nb Tip removed: 0 (0s)
Nb errors removed: 2 (0s)
Superbubble
Nb superbubble removed: 0 0 (0s)
Tip
Nb Tip removed: 0 (0s)
Nb errors removed: 1 (0s)
Superbubble
Nb superbubble removed: 0 0 (0s)
Tip
Nb Tip removed: 0 (0s)
Nb errors removed: 3 (0s)
Superbubble
Nb superbubble removed: 0 0 (0s)
Tip
Nb Tip removed: 0 (0s)
Nb errors removed: 1 (0s)
Superbubble
Nb superbubble removed: 0 0 (0s)
Tip
Nb Tip removed: 0 (0s)
Checksum: 0
Checksum abundnace: 0
Generating contigs
41.1448
28.1025
23.2252
14.421
13.11
11.9182
10.8347
9.84974
8.14028
7.40025
6.11591
5.05447
4.17725
3.13843
2.59374
2.14359
0


metaMDBG toMinspace  /var/folders/zg/vq0dnx517c54hg87dyqjky740000gn/T/.tmprWAL2M/tmp/ /var/folders/zg/vq0dnx517c54hg87dyqjky740000gn/T/.tmprWAL2M/tmp//contigs.nodepath /var/folders/zg/vq0dnx517c54hg87dyqjky740000gn/T/.tmprWAL2M/tmp//unitig_data.txt --threads 10

Input dir: /var/folders/zg/vq0dnx517c54hg87dyqjky740000gn/T/.tmprWAL2M/tmp/
Minimizer length: 15
Kminmer length: 172
Density: 0.005

Loading unitig sequences

Creating mContigs

Contig filename: /var/folders/zg/vq0dnx517c54hg87dyqjky740000gn/T/.tmprWAL2M/tmp//unitig_data.txt
pass done: 172
Multi-k pass: 173/205


metaMDBG graph /var/folders/zg/vq0dnx517c54hg87dyqjky740000gn/T/.tmprWAL2M/tmp/ --threads 10 --corrected-read 

Contig filename: 
Output dir: /var/folders/zg/vq0dnx517c54hg87dyqjky740000gn/T/.tmprWAL2M/tmp/
Minimizer length: 15
Kminmer length: 173
Density: 0.005
Min abundance: 0

Loading refined abundances
	Duration: 0
Collecting kminmers
Building mdbg
Duration: 0
Nb solid kminmers: 26717
Nb small contigs written: 0
Dump kminmer abundances
	Duration: 0
Indexing edges
Edge index size: 26840
Edge index elements: 50333
	Duration: 0
Compute unitig nodes
	Duration: 0
Index unitig edges
	Duration: 0
Compute unitig edges
	Duration: 0
Dump unitig abundances
	Duration: 0
Nb edges:   0


metaMDBG contig  /var/folders/zg/vq0dnx517c54hg87dyqjky740000gn/T/.tmprWAL2M/tmp/ --threads 10

Input dir: /var/folders/zg/vq0dnx517c54hg87dyqjky740000gn/T/.tmprWAL2M/tmp/
Minimizer length: 15
Kminmer length: 173
Density: 0.005

Loading unitig graph
Load unitigs
Nb unitigs: 306
Nb minimizers: 79349
Add unitig abundances
Sorting abundances
Add unitig edges
Nb unitig edges: 366
Sorting unitig edges
Done loading unitig graph
Simplifying
Max abundance: 41
Nb unitigs: 306
Superbubble
Nb superbubble removed: 0 0 (0s)
Tip
Nb Tip removed: 67 (0s)
Superbubble
Nb superbubble removed: 0 0 (0s)
Tip
Nb Tip removed: 0 (0s)
Nb errors removed: 50 (0s)
Superbubble
Nb superbubble removed: 0 0 (0s)
Tip
Nb Tip removed: 0 (0s)
Nb errors removed: 1 (0s)
Superbubble
Nb superbubble removed: 0 0 (0s)
Tip
Nb Tip removed: 0 (0s)
Nb errors removed: 27 (0s)
Superbubble
Nb superbubble removed: 0 0 (0s)
Tip
Nb Tip removed: 0 (0s)
Nb errors removed: 24 (0s)
Superbubble
Nb superbubble removed: 0 0 (0s)
Tip
Nb Tip removed: 0 (0s)
Nb errors removed: 27 (0s)
Superbubble
Nb superbubble removed: 0 0 (0s)
Tip
Nb Tip removed: 0 (0s)
Nb errors removed: 10 (0s)
Superbubble
Nb superbubble removed: 0 0 (0s)
Tip
Nb Tip removed: 0 (0s)
Nb errors removed: 19 (0s)
Superbubble
Nb superbubble removed: 0 0 (0s)
Tip
Nb Tip removed: 0 (0s)
Nb errors removed: 15 (0s)
Superbubble
Nb superbubble removed: 0 0 (0s)
Tip
Nb Tip removed: 0 (0s)
Nb errors removed: 9 (0s)
Superbubble
Nb superbubble removed: 0 0 (0s)
Tip
Nb Tip removed: 0 (0s)
Nb errors removed: 6 (0s)
Superbubble
Nb superbubble removed: 0 0 (0s)
Tip
Nb Tip removed: 0 (0s)
Nb errors removed: 8 (0s)
Superbubble
Nb superbubble removed: 0 0 (0s)
Tip
Nb Tip removed: 0 (0s)
Nb errors removed: 15 (0s)
Superbubble
Nb superbubble removed: 0 0 (0s)
Tip
Nb Tip removed: 0 (0s)
Nb errors removed: 2 (0s)
Superbubble
Nb superbubble removed: 0 0 (0s)
Tip
Nb Tip removed: 0 (0s)
Nb errors removed: 1 (0s)
Superbubble
Nb superbubble removed: 0 0 (0s)
Tip
Nb Tip removed: 0 (0s)
Nb errors removed: 2 (0s)
Superbubble
Nb superbubble removed: 0 0 (0s)
Tip
Nb Tip removed: 0 (0s)
Nb errors removed: 1 (0s)
Superbubble
Nb superbubble removed: 0 0 (0s)
Tip
Nb Tip removed: 0 (0s)
Checksum: 0
Checksum abundnace: 0
Generating contigs
41.1448
28.1025
23.2252
14.421
13.11
11.9182
10.8347
9.84974
8.14028
7.40025
6.11591
5.05447
4.17725
3.13843
2.59374
2.14359
0


metaMDBG toMinspace  /var/folders/zg/vq0dnx517c54hg87dyqjky740000gn/T/.tmprWAL2M/tmp/ /var/folders/zg/vq0dnx517c54hg87dyqjky740000gn/T/.tmprWAL2M/tmp//contigs.nodepath /var/folders/zg/vq0dnx517c54hg87dyqjky740000gn/T/.tmprWAL2M/tmp//unitig_data.txt --threads 10

Input dir: /var/folders/zg/vq0dnx517c54hg87dyqjky740000gn/T/.tmprWAL2M/tmp/
Minimizer length: 15
Kminmer length: 173
Density: 0.005

Loading unitig sequences

Creating mContigs

Contig filename: /var/folders/zg/vq0dnx517c54hg87dyqjky740000gn/T/.tmprWAL2M/tmp//unitig_data.txt
pass done: 173
Multi-k pass: 174/205


metaMDBG graph /var/folders/zg/vq0dnx517c54hg87dyqjky740000gn/T/.tmprWAL2M/tmp/ --threads 10 --corrected-read 

Contig filename: 
Output dir: /var/folders/zg/vq0dnx517c54hg87dyqjky740000gn/T/.tmprWAL2M/tmp/
Minimizer length: 15
Kminmer length: 174
Density: 0.005
Min abundance: 0

Loading refined abundances
	Duration: 0
Collecting kminmers
Building mdbg
Duration: 0
Nb solid kminmers: 26591
Nb small contigs written: 0
Dump kminmer abundances
	Duration: 0
Indexing edges
Edge index size: 26716
Edge index elements: 50005
	Duration: 0
Compute unitig nodes
	Duration: 0
Index unitig edges
	Duration: 0
Compute unitig edges
	Duration: 0
Dump unitig abundances
	Duration: 0
Nb edges:   0


metaMDBG contig  /var/folders/zg/vq0dnx517c54hg87dyqjky740000gn/T/.tmprWAL2M/tmp/ --threads 10

Input dir: /var/folders/zg/vq0dnx517c54hg87dyqjky740000gn/T/.tmprWAL2M/tmp/
Minimizer length: 15
Kminmer length: 174
Density: 0.005

Loading unitig graph
Load unitigs
Nb unitigs: 302
Nb minimizers: 78837
Add unitig abundances
Sorting abundances
Add unitig edges
Nb unitig edges: 354
Sorting unitig edges
Done loading unitig graph
Simplifying
Max abundance: 41
Nb unitigs: 302
Superbubble
Nb superbubble removed: 0 0 (0s)
Tip
Nb Tip removed: 64 (0s)
Superbubble
Nb superbubble removed: 0 0 (0s)
Tip
Nb Tip removed: 0 (0s)
Nb errors removed: 50 (0s)
Superbubble
Nb superbubble removed: 0 0 (0s)
Tip
Nb Tip removed: 0 (0s)
Nb errors removed: 1 (0s)
Superbubble
Nb superbubble removed: 0 0 (0s)
Tip
Nb Tip removed: 0 (0s)
Nb errors removed: 27 (0s)
Superbubble
Nb superbubble removed: 0 0 (0s)
Tip
Nb Tip removed: 0 (0s)
Nb errors removed: 24 (0s)
Superbubble
Nb superbubble removed: 0 0 (0s)
Tip
Nb Tip removed: 0 (0s)
Nb errors removed: 27 (0s)
Superbubble
Nb superbubble removed: 0 0 (0s)
Tip
Nb Tip removed: 0 (0s)
Nb errors removed: 10 (0s)
Superbubble
Nb superbubble removed: 0 0 (0s)
Tip
Nb Tip removed: 0 (0s)
Nb errors removed: 19 (0s)
Superbubble
Nb superbubble removed: 0 0 (0s)
Tip
Nb Tip removed: 0 (0s)
Nb errors removed: 14 (0s)
Superbubble
Nb superbubble removed: 0 0 (0s)
Tip
Nb Tip removed: 0 (0s)
Nb errors removed: 9 (0s)
Superbubble
Nb superbubble removed: 0 0 (0s)
Tip
Nb Tip removed: 0 (0s)
Nb errors removed: 6 (0s)
Superbubble
Nb superbubble removed: 0 0 (0s)
Tip
Nb Tip removed: 0 (0s)
Nb errors removed: 8 (0s)
Superbubble
Nb superbubble removed: 0 0 (0s)
Tip
Nb Tip removed: 0 (0s)
Nb errors removed: 15 (0s)
Superbubble
Nb superbubble removed: 0 0 (0s)
Tip
Nb Tip removed: 0 (0s)
Nb errors removed: 2 (0s)
Superbubble
Nb superbubble removed: 0 0 (0s)
Tip
Nb Tip removed: 0 (0s)
Nb errors removed: 1 (0s)
Superbubble
Nb superbubble removed: 0 0 (0s)
Tip
Nb Tip removed: 0 (0s)
Nb errors removed: 2 (0s)
Superbubble
Nb superbubble removed: 0 0 (0s)
Tip
Nb Tip removed: 0 (0s)
Nb errors removed: 1 (0s)
Superbubble
Nb superbubble removed: 0 0 (0s)
Tip
Nb Tip removed: 0 (0s)
Checksum: 0
Checksum abundnace: 0
Generating contigs
41.1448
28.1025
23.2252
14.421
13.11
11.9182
10.8347
9.84974
8.14028
7.40025
6.11591
5.05447
4.17725
3.13843
2.59374
2.14359
0


metaMDBG toMinspace  /var/folders/zg/vq0dnx517c54hg87dyqjky740000gn/T/.tmprWAL2M/tmp/ /var/folders/zg/vq0dnx517c54hg87dyqjky740000gn/T/.tmprWAL2M/tmp//contigs.nodepath /var/folders/zg/vq0dnx517c54hg87dyqjky740000gn/T/.tmprWAL2M/tmp//unitig_data.txt --threads 10

Input dir: /var/folders/zg/vq0dnx517c54hg87dyqjky740000gn/T/.tmprWAL2M/tmp/
Minimizer length: 15
Kminmer length: 174
Density: 0.005

Loading unitig sequences

Creating mContigs

Contig filename: /var/folders/zg/vq0dnx517c54hg87dyqjky740000gn/T/.tmprWAL2M/tmp//unitig_data.txt
pass done: 174
Multi-k pass: 175/205


metaMDBG graph /var/folders/zg/vq0dnx517c54hg87dyqjky740000gn/T/.tmprWAL2M/tmp/ --threads 10 --corrected-read 

Contig filename: 
Output dir: /var/folders/zg/vq0dnx517c54hg87dyqjky740000gn/T/.tmprWAL2M/tmp/
Minimizer length: 15
Kminmer length: 175
Density: 0.005
Min abundance: 0

Loading refined abundances
	Duration: 0
Collecting kminmers
Building mdbg
Duration: 0
Nb solid kminmers: 26466
Nb small contigs written: 0
Dump kminmer abundances
	Duration: 0
Indexing edges
Edge index size: 26588
Edge index elements: 50026
	Duration: 0
Compute unitig nodes
	Duration: 0
Index unitig edges
	Duration: 0
Compute unitig edges
	Duration: 0
Dump unitig abundances
	Duration: 0
Nb edges:   0


metaMDBG contig  /var/folders/zg/vq0dnx517c54hg87dyqjky740000gn/T/.tmprWAL2M/tmp/ --threads 10

Input dir: /var/folders/zg/vq0dnx517c54hg87dyqjky740000gn/T/.tmprWAL2M/tmp/
Minimizer length: 15
Kminmer length: 175
Density: 0.005

Loading unitig graph
Load unitigs
Nb unitigs: 299
Nb minimizers: 78492
Add unitig abundances
Sorting abundances
Add unitig edges
Nb unitig edges: 354
Sorting unitig edges
Done loading unitig graph
Simplifying
Max abundance: 41
Nb unitigs: 299
Superbubble
Nb superbubble removed: 0 0 (0s)
Tip
Nb Tip removed: 64 (0s)
Superbubble
Nb superbubble removed: 0 0 (0s)
Tip
Nb Tip removed: 0 (0s)
Nb errors removed: 48 (0s)
Superbubble
Nb superbubble removed: 0 0 (0s)
Tip
Nb Tip removed: 0 (0s)
Nb errors removed: 1 (0s)
Superbubble
Nb superbubble removed: 0 0 (0s)
Tip
Nb Tip removed: 0 (0s)
Nb errors removed: 26 (0s)
Superbubble
Nb superbubble removed: 0 0 (0s)
Tip
Nb Tip removed: 0 (0s)
Nb errors removed: 24 (0s)
Superbubble
Nb superbubble removed: 0 0 (0s)
Tip
Nb Tip removed: 0 (0s)
Nb errors removed: 27 (0s)
Superbubble
Nb superbubble removed: 0 0 (0s)
Tip
Nb Tip removed: 0 (0s)
Nb errors removed: 10 (0s)
Superbubble
Nb superbubble removed: 0 0 (0s)
Tip
Nb Tip removed: 0 (0s)
Nb errors removed: 19 (0s)
Superbubble
Nb superbubble removed: 0 0 (0s)
Tip
Nb Tip removed: 0 (0s)
Nb errors removed: 14 (0s)
Superbubble
Nb superbubble removed: 0 0 (0s)
Tip
Nb Tip removed: 0 (0s)
Nb errors removed: 9 (0s)
Superbubble
Nb superbubble removed: 0 0 (0s)
Tip
Nb Tip removed: 0 (0s)
Nb errors removed: 6 (0s)
Superbubble
Nb superbubble removed: 0 0 (0s)
Tip
Nb Tip removed: 0 (0s)
Nb errors removed: 8 (0s)
Superbubble
Nb superbubble removed: 0 0 (0s)
Tip
Nb Tip removed: 0 (0s)
Nb errors removed: 15 (0s)
Superbubble
Nb superbubble removed: 0 0 (0s)
Tip
Nb Tip removed: 0 (0s)
Nb errors removed: 2 (0s)
Superbubble
Nb superbubble removed: 0 0 (0s)
Tip
Nb Tip removed: 0 (0s)
Nb errors removed: 1 (0s)
Superbubble
Nb superbubble removed: 0 0 (0s)
Tip
Nb Tip removed: 0 (0s)
Nb errors removed: 2 (0s)
Superbubble
Nb superbubble removed: 0 0 (0s)
Tip
Nb Tip removed: 0 (0s)
Nb errors removed: 1 (0s)
Superbubble
Nb superbubble removed: 0 0 (0s)
Tip
Nb Tip removed: 0 (0s)
Checksum: 0
Checksum abundnace: 0
Generating contigs
41.1448
28.1025
23.2252
14.421
13.11
11.9182
10.8347
9.84974
8.14028
7.40025
6.11591
5.05447
4.17725
3.13843
2.59374
2.14359
0


metaMDBG toMinspace  /var/folders/zg/vq0dnx517c54hg87dyqjky740000gn/T/.tmprWAL2M/tmp/ /var/folders/zg/vq0dnx517c54hg87dyqjky740000gn/T/.tmprWAL2M/tmp//contigs.nodepath /var/folders/zg/vq0dnx517c54hg87dyqjky740000gn/T/.tmprWAL2M/tmp//unitig_data.txt --threads 10

Input dir: /var/folders/zg/vq0dnx517c54hg87dyqjky740000gn/T/.tmprWAL2M/tmp/
Minimizer length: 15
Kminmer length: 175
Density: 0.005

Loading unitig sequences

Creating mContigs

Contig filename: /var/folders/zg/vq0dnx517c54hg87dyqjky740000gn/T/.tmprWAL2M/tmp//unitig_data.txt
pass done: 175
Multi-k pass: 176/205


metaMDBG graph /var/folders/zg/vq0dnx517c54hg87dyqjky740000gn/T/.tmprWAL2M/tmp/ --threads 10 --corrected-read 

Contig filename: 
Output dir: /var/folders/zg/vq0dnx517c54hg87dyqjky740000gn/T/.tmprWAL2M/tmp/
Minimizer length: 15
Kminmer length: 176
Density: 0.005
Min abundance: 0

Loading refined abundances
	Duration: 0
Collecting kminmers
Building mdbg
Duration: 0
Nb solid kminmers: 26344
Nb small contigs written: 0
Dump kminmer abundances
	Duration: 0
Indexing edges
Edge index size: 26464
Edge index elements: 49895
	Duration: 0
Compute unitig nodes
	Duration: 0
Index unitig edges
	Duration: 0
Compute unitig edges
	Duration: 0
Dump unitig abundances
	Duration: 0
Nb edges:   0


metaMDBG contig  /var/folders/zg/vq0dnx517c54hg87dyqjky740000gn/T/.tmprWAL2M/tmp/ --threads 10

Input dir: /var/folders/zg/vq0dnx517c54hg87dyqjky740000gn/T/.tmprWAL2M/tmp/
Minimizer length: 15
Kminmer length: 176
Density: 0.005

Loading unitig graph
Load unitigs
Nb unitigs: 297
Nb minimizers: 78319
Add unitig abundances
Sorting abundances
Add unitig edges
Nb unitig edges: 354
Sorting unitig edges
Done loading unitig graph
Simplifying
Max abundance: 41
Nb unitigs: 297
Superbubble
Nb superbubble removed: 0 0 (0s)
Tip
Nb Tip removed: 64 (0s)
Superbubble
Nb superbubble removed: 0 0 (0s)
Tip
Nb Tip removed: 0 (0s)
Nb errors removed: 48 (0s)
Superbubble
Nb superbubble removed: 0 0 (0s)
Tip
Nb Tip removed: 0 (0s)
Nb errors removed: 1 (0s)
Superbubble
Nb superbubble removed: 0 0 (0s)
Tip
Nb Tip removed: 0 (0s)
Nb errors removed: 25 (0s)
Superbubble
Nb superbubble removed: 0 0 (0s)
Tip
Nb Tip removed: 0 (0s)
Nb errors removed: 24 (0s)
Superbubble
Nb superbubble removed: 0 0 (0s)
Tip
Nb Tip removed: 0 (0s)
Nb errors removed: 27 (0s)
Superbubble
Nb superbubble removed: 0 0 (0s)
Tip
Nb Tip removed: 0 (0s)
Nb errors removed: 10 (0s)
Superbubble
Nb superbubble removed: 0 0 (0s)
Tip
Nb Tip removed: 0 (0s)
Nb errors removed: 18 (0s)
Superbubble
Nb superbubble removed: 0 0 (0s)
Tip
Nb Tip removed: 0 (0s)
Nb errors removed: 14 (0s)
Superbubble
Nb superbubble removed: 0 0 (0s)
Tip
Nb Tip removed: 0 (0s)
Nb errors removed: 9 (0s)
Superbubble
Nb superbubble removed: 0 0 (0s)
Tip
Nb Tip removed: 0 (0s)
Nb errors removed: 6 (0s)
Superbubble
Nb superbubble removed: 0 0 (0s)
Tip
Nb Tip removed: 0 (0s)
Nb errors removed: 8 (0s)
Superbubble
Nb superbubble removed: 0 0 (0s)
Tip
Nb Tip removed: 0 (0s)
Nb errors removed: 15 (0s)
Superbubble
Nb superbubble removed: 0 0 (0s)
Tip
Nb Tip removed: 0 (0s)
Nb errors removed: 2 (0s)
Superbubble
Nb superbubble removed: 0 0 (0s)
Tip
Nb Tip removed: 0 (0s)
Nb errors removed: 1 (0s)
Superbubble
Nb superbubble removed: 0 0 (0s)
Tip
Nb Tip removed: 0 (0s)
Nb errors removed: 2 (0s)
Superbubble
Nb superbubble removed: 0 0 (0s)
Tip
Nb Tip removed: 0 (0s)
Nb errors removed: 1 (0s)
Superbubble
Nb superbubble removed: 0 0 (0s)
Tip
Nb Tip removed: 0 (0s)
Checksum: 0
Checksum abundnace: 0
Generating contigs
41.1448
28.1025
23.2252
14.421
13.11
11.9182
10.8347
9.84974
8.14028
7.40025
6.11591
5.05447
4.17725
3.13843
2.59374
2.14359
0


metaMDBG toMinspace  /var/folders/zg/vq0dnx517c54hg87dyqjky740000gn/T/.tmprWAL2M/tmp/ /var/folders/zg/vq0dnx517c54hg87dyqjky740000gn/T/.tmprWAL2M/tmp//contigs.nodepath /var/folders/zg/vq0dnx517c54hg87dyqjky740000gn/T/.tmprWAL2M/tmp//unitig_data.txt --threads 10

Input dir: /var/folders/zg/vq0dnx517c54hg87dyqjky740000gn/T/.tmprWAL2M/tmp/
Minimizer length: 15
Kminmer length: 176
Density: 0.005

Loading unitig sequences

Creating mContigs

Contig filename: /var/folders/zg/vq0dnx517c54hg87dyqjky740000gn/T/.tmprWAL2M/tmp//unitig_data.txt
pass done: 176
Multi-k pass: 177/205


metaMDBG graph /var/folders/zg/vq0dnx517c54hg87dyqjky740000gn/T/.tmprWAL2M/tmp/ --threads 10 --corrected-read 

Contig filename: 
Output dir: /var/folders/zg/vq0dnx517c54hg87dyqjky740000gn/T/.tmprWAL2M/tmp/
Minimizer length: 15
Kminmer length: 177
Density: 0.005
Min abundance: 0

Loading refined abundances
	Duration: 0
Collecting kminmers
Building mdbg
Duration: 0
Nb solid kminmers: 26224
Nb small contigs written: 0
Dump kminmer abundances
	Duration: 0
Indexing edges
Edge index size: 26341
Edge index elements: 49469
	Duration: 0
Compute unitig nodes
	Duration: 0
Index unitig edges
	Duration: 0
Compute unitig edges
	Duration: 0
Dump unitig abundances
	Duration: 0
Nb edges:   0


metaMDBG contig  /var/folders/zg/vq0dnx517c54hg87dyqjky740000gn/T/.tmprWAL2M/tmp/ --threads 10

Input dir: /var/folders/zg/vq0dnx517c54hg87dyqjky740000gn/T/.tmprWAL2M/tmp/
Minimizer length: 15
Kminmer length: 177
Density: 0.005

Loading unitig graph
Load unitigs
Nb unitigs: 294
Nb minimizers: 77968
Add unitig abundances
Sorting abundances
Add unitig edges
Nb unitig edges: 354
Sorting unitig edges
Done loading unitig graph
Simplifying
Max abundance: 41
Nb unitigs: 294
Superbubble
Nb superbubble removed: 0 0 (0s)
Tip
Nb Tip removed: 63 (0s)
Superbubble
Nb superbubble removed: 0 0 (0s)
Tip
Nb Tip removed: 0 (0s)
Nb errors removed: 48 (0s)
Superbubble
Nb superbubble removed: 0 0 (0s)
Tip
Nb Tip removed: 0 (0s)
Nb errors removed: 1 (0s)
Superbubble
Nb superbubble removed: 0 0 (0s)
Tip
Nb Tip removed: 0 (0s)
Nb errors removed: 24 (0s)
Superbubble
Nb superbubble removed: 0 0 (0s)
Tip
Nb Tip removed: 0 (0s)
Nb errors removed: 23 (0s)
Superbubble
Nb superbubble removed: 0 0 (0s)
Tip
Nb Tip removed: 0 (0s)
Nb errors removed: 28 (0s)
Superbubble
Nb superbubble removed: 0 0 (0s)
Tip
Nb Tip removed: 0 (0s)
Nb errors removed: 10 (0s)
Superbubble
Nb superbubble removed: 0 0 (0s)
Tip
Nb Tip removed: 0 (0s)
Nb errors removed: 18 (0s)
Superbubble
Nb superbubble removed: 0 0 (0s)
Tip
Nb Tip removed: 0 (0s)
Nb errors removed: 13 (0s)
Superbubble
Nb superbubble removed: 0 0 (0s)
Tip
Nb Tip removed: 0 (0s)
Nb errors removed: 10 (0s)
Superbubble
Nb superbubble removed: 0 0 (0s)
Tip
Nb Tip removed: 0 (0s)
Nb errors removed: 6 (0s)
Superbubble
Nb superbubble removed: 0 0 (0s)
Tip
Nb Tip removed: 0 (0s)
Nb errors removed: 8 (0s)
Superbubble
Nb superbubble removed: 0 0 (0s)
Tip
Nb Tip removed: 0 (0s)
Nb errors removed: 15 (0s)
Superbubble
Nb superbubble removed: 0 0 (0s)
Tip
Nb Tip removed: 0 (0s)
Nb errors removed: 2 (0s)
Superbubble
Nb superbubble removed: 0 0 (0s)
Tip
Nb Tip removed: 0 (0s)
Nb errors removed: 1 (0s)
Superbubble
Nb superbubble removed: 0 0 (0s)
Tip
Nb Tip removed: 0 (0s)
Nb errors removed: 2 (0s)
Superbubble
Nb superbubble removed: 0 0 (0s)
Tip
Nb Tip removed: 0 (0s)
Nb errors removed: 1 (0s)
Superbubble
Nb superbubble removed: 0 0 (0s)
Tip
Nb Tip removed: 0 (0s)
Checksum: 0
Checksum abundnace: 0
Generating contigs
41.1448
28.1025
23.2252
14.421
13.11
11.9182
10.8347
9.84974
8.14028
7.40025
6.11591
5.05447
4.17725
3.13843
2.59374
2.14359
0


metaMDBG toMinspace  /var/folders/zg/vq0dnx517c54hg87dyqjky740000gn/T/.tmprWAL2M/tmp/ /var/folders/zg/vq0dnx517c54hg87dyqjky740000gn/T/.tmprWAL2M/tmp//contigs.nodepath /var/folders/zg/vq0dnx517c54hg87dyqjky740000gn/T/.tmprWAL2M/tmp//unitig_data.txt --threads 10

Input dir: /var/folders/zg/vq0dnx517c54hg87dyqjky740000gn/T/.tmprWAL2M/tmp/
Minimizer length: 15
Kminmer length: 177
Density: 0.005

Loading unitig sequences

Creating mContigs

Contig filename: /var/folders/zg/vq0dnx517c54hg87dyqjky740000gn/T/.tmprWAL2M/tmp//unitig_data.txt
pass done: 177
Multi-k pass: 178/205


metaMDBG graph /var/folders/zg/vq0dnx517c54hg87dyqjky740000gn/T/.tmprWAL2M/tmp/ --threads 10 --corrected-read 

Contig filename: 
Output dir: /var/folders/zg/vq0dnx517c54hg87dyqjky740000gn/T/.tmprWAL2M/tmp/
Minimizer length: 15
Kminmer length: 178
Density: 0.005
Min abundance: 0

Loading refined abundances
	Duration: 0
Collecting kminmers
Building mdbg
Duration: 0
Nb solid kminmers: 26101
Nb small contigs written: 0
Dump kminmer abundances
	Duration: 0
Indexing edges
Edge index size: 26222
Edge index elements: 49385
	Duration: 0
Compute unitig nodes
	Duration: 0
Index unitig edges
	Duration: 0
Compute unitig edges
	Duration: 0
Dump unitig abundances
	Duration: 0
Nb edges:   0


metaMDBG contig  /var/folders/zg/vq0dnx517c54hg87dyqjky740000gn/T/.tmprWAL2M/tmp/ --threads 10

Input dir: /var/folders/zg/vq0dnx517c54hg87dyqjky740000gn/T/.tmprWAL2M/tmp/
Minimizer length: 15
Kminmer length: 178
Density: 0.005

Loading unitig graph
Load unitigs
Nb unitigs: 286
Nb minimizers: 76723
Add unitig abundances
Sorting abundances
Add unitig edges
Nb unitig edges: 330
Sorting unitig edges
Done loading unitig graph
Simplifying
Max abundance: 41
Nb unitigs: 286
Superbubble
Nb superbubble removed: 0 0 (0s)
Tip
Nb Tip removed: 58 (0s)
Superbubble
Nb superbubble removed: 0 0 (0s)
Tip
Nb Tip removed: 0 (0s)
Nb errors removed: 48 (0s)
Superbubble
Nb superbubble removed: 0 0 (0s)
Tip
Nb Tip removed: 0 (0s)
Nb errors removed: 1 (0s)
Superbubble
Nb superbubble removed: 0 0 (0s)
Tip
Nb Tip removed: 0 (0s)
Nb errors removed: 23 (0s)
Superbubble
Nb superbubble removed: 0 0 (0s)
Tip
Nb Tip removed: 0 (0s)
Nb errors removed: 22 (0s)
Superbubble
Nb superbubble removed: 0 0 (0s)
Tip
Nb Tip removed: 0 (0s)
Nb errors removed: 27 (0s)
Superbubble
Nb superbubble removed: 0 0 (0s)
Tip
Nb Tip removed: 0 (0s)
Nb errors removed: 10 (0s)
Superbubble
Nb superbubble removed: 0 0 (0s)
Tip
Nb Tip removed: 0 (0s)
Nb errors removed: 17 (0s)
Superbubble
Nb superbubble removed: 0 0 (0s)
Tip
Nb Tip removed: 0 (0s)
Nb errors removed: 13 (0s)
Superbubble
Nb superbubble removed: 0 0 (0s)
Tip
Nb Tip removed: 0 (0s)
Nb errors removed: 10 (0s)
Superbubble
Nb superbubble removed: 0 0 (0s)
Tip
Nb Tip removed: 0 (0s)
Nb errors removed: 6 (0s)
Superbubble
Nb superbubble removed: 0 0 (0s)
Tip
Nb Tip removed: 0 (0s)
Nb errors removed: 8 (0s)
Superbubble
Nb superbubble removed: 0 0 (0s)
Tip
Nb Tip removed: 0 (0s)
Nb errors removed: 15 (0s)
Superbubble
Nb superbubble removed: 0 0 (0s)
Tip
Nb Tip removed: 0 (0s)
Nb errors removed: 2 (0s)
Superbubble
Nb superbubble removed: 0 0 (0s)
Tip
Nb Tip removed: 0 (0s)
Nb errors removed: 1 (0s)
Superbubble
Nb superbubble removed: 0 0 (0s)
Tip
Nb Tip removed: 0 (0s)
Nb errors removed: 2 (0s)
Superbubble
Nb superbubble removed: 0 0 (0s)
Tip
Nb Tip removed: 0 (0s)
Nb errors removed: 1 (0s)
Superbubble
Nb superbubble removed: 0 0 (0s)
Tip
Nb Tip removed: 0 (0s)
Checksum: 0
Checksum abundnace: 0
Generating contigs
41.1448
28.1025
23.2252
14.421
13.11
11.9182
10.8347
9.84974
8.14028
7.40025
6.11591
5.05447
4.17725
3.13843
2.59374
2.14359
0


metaMDBG toMinspace  /var/folders/zg/vq0dnx517c54hg87dyqjky740000gn/T/.tmprWAL2M/tmp/ /var/folders/zg/vq0dnx517c54hg87dyqjky740000gn/T/.tmprWAL2M/tmp//contigs.nodepath /var/folders/zg/vq0dnx517c54hg87dyqjky740000gn/T/.tmprWAL2M/tmp//unitig_data.txt --threads 10

Input dir: /var/folders/zg/vq0dnx517c54hg87dyqjky740000gn/T/.tmprWAL2M/tmp/
Minimizer length: 15
Kminmer length: 178
Density: 0.005

Loading unitig sequences

Creating mContigs

Contig filename: /var/folders/zg/vq0dnx517c54hg87dyqjky740000gn/T/.tmprWAL2M/tmp//unitig_data.txt
pass done: 178
Multi-k pass: 179/205


metaMDBG graph /var/folders/zg/vq0dnx517c54hg87dyqjky740000gn/T/.tmprWAL2M/tmp/ --threads 10 --corrected-read 

Contig filename: 
Output dir: /var/folders/zg/vq0dnx517c54hg87dyqjky740000gn/T/.tmprWAL2M/tmp/
Minimizer length: 15
Kminmer length: 179
Density: 0.005
Min abundance: 0

Loading refined abundances
	Duration: 0
Collecting kminmers
Building mdbg
Duration: 0
Nb solid kminmers: 25979
Nb small contigs written: 0
Dump kminmer abundances
	Duration: 0
Indexing edges
Edge index size: 26098
Edge index elements: 49130
	Duration: 0
Compute unitig nodes
	Duration: 0
Index unitig edges
	Duration: 0
Compute unitig edges
	Duration: 0
Dump unitig abundances
	Duration: 0
Nb edges:   0


metaMDBG contig  /var/folders/zg/vq0dnx517c54hg87dyqjky740000gn/T/.tmprWAL2M/tmp/ --threads 10

Input dir: /var/folders/zg/vq0dnx517c54hg87dyqjky740000gn/T/.tmprWAL2M/tmp/
Minimizer length: 15
Kminmer length: 179
Density: 0.005

Loading unitig graph
Load unitigs
Nb unitigs: 282
Nb minimizers: 76175
Add unitig abundances
Sorting abundances
Add unitig edges
Nb unitig edges: 326
Sorting unitig edges
Done loading unitig graph
Simplifying
Max abundance: 41
Nb unitigs: 282
Superbubble
Nb superbubble removed: 0 0 (0s)
Tip
Nb Tip removed: 58 (0s)
Superbubble
Nb superbubble removed: 0 0 (0s)
Tip
Nb Tip removed: 0 (0s)
Nb errors removed: 48 (0s)
Superbubble
Nb superbubble removed: 0 0 (0s)
Tip
Nb Tip removed: 0 (0s)
Nb errors removed: 1 (0s)
Superbubble
Nb superbubble removed: 0 0 (0s)
Tip
Nb Tip removed: 0 (0s)
Nb errors removed: 21 (0s)
Superbubble
Nb superbubble removed: 0 0 (0s)
Tip
Nb Tip removed: 0 (0s)
Nb errors removed: 22 (0s)
Superbubble
Nb superbubble removed: 0 0 (0s)
Tip
Nb Tip removed: 0 (0s)
Nb errors removed: 27 (0s)
Superbubble
Nb superbubble removed: 0 0 (0s)
Tip
Nb Tip removed: 0 (0s)
Nb errors removed: 10 (0s)
Superbubble
Nb superbubble removed: 0 0 (0s)
Tip
Nb Tip removed: 0 (0s)
Nb errors removed: 17 (0s)
Superbubble
Nb superbubble removed: 0 0 (0s)
Tip
Nb Tip removed: 0 (0s)
Nb errors removed: 13 (0s)
Superbubble
Nb superbubble removed: 0 0 (0s)
Tip
Nb Tip removed: 0 (0s)
Nb errors removed: 9 (0s)
Superbubble
Nb superbubble removed: 0 0 (0s)
Tip
Nb Tip removed: 0 (0s)
Nb errors removed: 7 (0s)
Superbubble
Nb superbubble removed: 0 0 (0s)
Tip
Nb Tip removed: 0 (0s)
Nb errors removed: 8 (0s)
Superbubble
Nb superbubble removed: 0 0 (0s)
Tip
Nb Tip removed: 0 (0s)
Nb errors removed: 15 (0s)
Superbubble
Nb superbubble removed: 0 0 (0s)
Tip
Nb Tip removed: 0 (0s)
Nb errors removed: 2 (0s)
Superbubble
Nb superbubble removed: 0 0 (0s)
Tip
Nb Tip removed: 0 (0s)
Nb errors removed: 1 (0s)
Superbubble
Nb superbubble removed: 0 0 (0s)
Tip
Nb Tip removed: 0 (0s)
Nb errors removed: 2 (0s)
Superbubble
Nb superbubble removed: 0 0 (0s)
Tip
Nb Tip removed: 0 (0s)
Nb errors removed: 1 (0s)
Superbubble
Nb superbubble removed: 0 0 (0s)
Tip
Nb Tip removed: 0 (0s)
Checksum: 0
Checksum abundnace: 0
Generating contigs
41.1448
28.1025
23.2252
14.421
13.11
11.9182
10.8347
9.84974
8.14028
7.40025
6.11591
5.05447
4.17725
3.13843
2.59374
2.14359
0


metaMDBG toMinspace  /var/folders/zg/vq0dnx517c54hg87dyqjky740000gn/T/.tmprWAL2M/tmp/ /var/folders/zg/vq0dnx517c54hg87dyqjky740000gn/T/.tmprWAL2M/tmp//contigs.nodepath /var/folders/zg/vq0dnx517c54hg87dyqjky740000gn/T/.tmprWAL2M/tmp//unitig_data.txt --threads 10

Input dir: /var/folders/zg/vq0dnx517c54hg87dyqjky740000gn/T/.tmprWAL2M/tmp/
Minimizer length: 15
Kminmer length: 179
Density: 0.005

Loading unitig sequences

Creating mContigs

Contig filename: /var/folders/zg/vq0dnx517c54hg87dyqjky740000gn/T/.tmprWAL2M/tmp//unitig_data.txt
pass done: 179
Multi-k pass: 180/205


metaMDBG graph /var/folders/zg/vq0dnx517c54hg87dyqjky740000gn/T/.tmprWAL2M/tmp/ --threads 10 --corrected-read 

Contig filename: 
Output dir: /var/folders/zg/vq0dnx517c54hg87dyqjky740000gn/T/.tmprWAL2M/tmp/
Minimizer length: 15
Kminmer length: 180
Density: 0.005
Min abundance: 0

Loading refined abundances
	Duration: 0
Collecting kminmers
Building mdbg
Duration: 0
Nb solid kminmers: 25858
Nb small contigs written: 0
Dump kminmer abundances
	Duration: 0
Indexing edges
Edge index size: 25977
Edge index elements: 49113
	Duration: 0
Compute unitig nodes
	Duration: 0
Index unitig edges
	Duration: 0
Compute unitig edges
	Duration: 0
Dump unitig abundances
	Duration: 0
Nb edges:   0


metaMDBG contig  /var/folders/zg/vq0dnx517c54hg87dyqjky740000gn/T/.tmprWAL2M/tmp/ --threads 10

Input dir: /var/folders/zg/vq0dnx517c54hg87dyqjky740000gn/T/.tmprWAL2M/tmp/
Minimizer length: 15
Kminmer length: 180
Density: 0.005

Loading unitig graph
Load unitigs
Nb unitigs: 278
Nb minimizers: 75620
Add unitig abundances
Sorting abundances
Add unitig edges
Nb unitig edges: 318
Sorting unitig edges
Done loading unitig graph
Simplifying
Max abundance: 41
Nb unitigs: 278
Superbubble
Nb superbubble removed: 0 0 (0s)
Tip
Nb Tip removed: 55 (0s)
Superbubble
Nb superbubble removed: 0 0 (0s)
Tip
Nb Tip removed: 0 (0s)
Nb errors removed: 47 (0s)
Superbubble
Nb superbubble removed: 0 0 (0s)
Tip
Nb Tip removed: 0 (0s)
Nb errors removed: 1 (0s)
Superbubble
Nb superbubble removed: 0 0 (0s)
Tip
Nb Tip removed: 0 (0s)
Nb errors removed: 21 (0s)
Superbubble
Nb superbubble removed: 0 0 (0s)
Tip
Nb Tip removed: 0 (0s)
Nb errors removed: 21 (0s)
Superbubble
Nb superbubble removed: 0 0 (0s)
Tip
Nb Tip removed: 0 (0s)
Nb errors removed: 27 (0s)
Superbubble
Nb superbubble removed: 0 0 (0s)
Tip
Nb Tip removed: 0 (0s)
Nb errors removed: 10 (0s)
Superbubble
Nb superbubble removed: 0 0 (0s)
Tip
Nb Tip removed: 0 (0s)
Nb errors removed: 17 (0s)
Superbubble
Nb superbubble removed: 0 0 (0s)
Tip
Nb Tip removed: 0 (0s)
Nb errors removed: 13 (0s)
Superbubble
Nb superbubble removed: 0 0 (0s)
Tip
Nb Tip removed: 0 (0s)
Nb errors removed: 9 (0s)
Superbubble
Nb superbubble removed: 0 0 (0s)
Tip
Nb Tip removed: 0 (0s)
Nb errors removed: 6 (0s)
Superbubble
Nb superbubble removed: 0 0 (0s)
Tip
Nb Tip removed: 0 (0s)
Nb errors removed: 8 (0s)
Superbubble
Nb superbubble removed: 0 0 (0s)
Tip
Nb Tip removed: 0 (0s)
Nb errors removed: 16 (0s)
Superbubble
Nb superbubble removed: 0 0 (0s)
Tip
Nb Tip removed: 0 (0s)
Nb errors removed: 2 (0s)
Superbubble
Nb superbubble removed: 0 0 (0s)
Tip
Nb Tip removed: 0 (0s)
Nb errors removed: 1 (0s)
Superbubble
Nb superbubble removed: 0 0 (0s)
Tip
Nb Tip removed: 0 (0s)
Nb errors removed: 2 (0s)
Superbubble
Nb superbubble removed: 0 0 (0s)
Tip
Nb Tip removed: 0 (0s)
Nb errors removed: 1 (0s)
Superbubble
Nb superbubble removed: 0 0 (0s)
Tip
Nb Tip removed: 0 (0s)
Checksum: 0
Checksum abundnace: 0
Generating contigs
41.1448
28.1025
23.2252
14.421
13.11
11.9182
10.8347
9.84974
8.14028
7.40025
6.11591
5.05447
4.17725
3.13843
2.59374
2.14359
0


metaMDBG toMinspace  /var/folders/zg/vq0dnx517c54hg87dyqjky740000gn/T/.tmprWAL2M/tmp/ /var/folders/zg/vq0dnx517c54hg87dyqjky740000gn/T/.tmprWAL2M/tmp//contigs.nodepath /var/folders/zg/vq0dnx517c54hg87dyqjky740000gn/T/.tmprWAL2M/tmp//unitig_data.txt --threads 10

Input dir: /var/folders/zg/vq0dnx517c54hg87dyqjky740000gn/T/.tmprWAL2M/tmp/
Minimizer length: 15
Kminmer length: 180
Density: 0.005

Loading unitig sequences

Creating mContigs

Contig filename: /var/folders/zg/vq0dnx517c54hg87dyqjky740000gn/T/.tmprWAL2M/tmp//unitig_data.txt
pass done: 180
Multi-k pass: 181/205


metaMDBG graph /var/folders/zg/vq0dnx517c54hg87dyqjky740000gn/T/.tmprWAL2M/tmp/ --threads 10 --corrected-read 

Contig filename: 
Output dir: /var/folders/zg/vq0dnx517c54hg87dyqjky740000gn/T/.tmprWAL2M/tmp/
Minimizer length: 15
Kminmer length: 181
Density: 0.005
Min abundance: 0

Loading refined abundances
	Duration: 0
Collecting kminmers
Building mdbg
Duration: 0
Nb solid kminmers: 25736
Nb small contigs written: 0
Dump kminmer abundances
	Duration: 0
Indexing edges
Edge index size: 25855
Edge index elements: 48581
	Duration: 0
Compute unitig nodes
	Duration: 0
Index unitig edges
	Duration: 0
Compute unitig edges
	Duration: 0
Dump unitig abundances
	Duration: 0
Nb edges:   0


metaMDBG contig  /var/folders/zg/vq0dnx517c54hg87dyqjky740000gn/T/.tmprWAL2M/tmp/ --threads 10 --gen-graph 

Input dir: /var/folders/zg/vq0dnx517c54hg87dyqjky740000gn/T/.tmprWAL2M/tmp/
Minimizer length: 15
Kminmer length: 181
Density: 0.005

Loading unitig graph
Load unitigs
Nb unitigs: 272
Nb minimizers: 74696
Add unitig abundances
Sorting abundances
Add unitig edges
Nb unitig edges: 306
Sorting unitig edges
Done loading unitig graph
Simplifying
Max abundance: 41
Nb unitigs: 272
Superbubble
Nb superbubble removed: 0 0 (0s)
Tip
Nb Tip removed: 53 (0s)
Superbubble
Nb superbubble removed: 0 0 (0s)
Tip
Nb Tip removed: 0 (0s)
Saving unitig graph: /var/folders/zg/vq0dnx517c54hg87dyqjky740000gn/T/.tmprWAL2M/tmp//assembly_graph.gfa
Nb errors removed: 47 (0s)
Superbubble
Nb superbubble removed: 0 0 (0s)
Tip
Nb Tip removed: 0 (0s)
Nb errors removed: 1 (0s)
Superbubble
Nb superbubble removed: 0 0 (0s)
Tip
Nb Tip removed: 0 (0s)
Nb errors removed: 20 (0s)
Superbubble
Nb superbubble removed: 0 0 (0s)
Tip
Nb Tip removed: 0 (0s)
Nb errors removed: 20 (0s)
Superbubble
Nb superbubble removed: 0 0 (0s)
Tip
Nb Tip removed: 0 (0s)
Nb errors removed: 26 (0s)
Superbubble
Nb superbubble removed: 0 0 (0s)
Tip
Nb Tip removed: 0 (0s)
Nb errors removed: 10 (0s)
Superbubble
Nb superbubble removed: 0 0 (0s)
Tip
Nb Tip removed: 0 (0s)
Nb errors removed: 17 (0s)
Superbubble
Nb superbubble removed: 0 0 (0s)
Tip
Nb Tip removed: 0 (0s)
Nb errors removed: 13 (0s)
Superbubble
Nb superbubble removed: 0 0 (0s)
Tip
Nb Tip removed: 0 (0s)
Nb errors removed: 9 (0s)
Superbubble
Nb superbubble removed: 0 0 (0s)
Tip
Nb Tip removed: 0 (0s)
Nb errors removed: 6 (0s)
Superbubble
Nb superbubble removed: 0 0 (0s)
Tip
Nb Tip removed: 0 (0s)
Nb errors removed: 8 (0s)
Superbubble
Nb superbubble removed: 0 0 (0s)
Tip
Nb Tip removed: 0 (0s)
Nb errors removed: 15 (0s)
Superbubble
Nb superbubble removed: 0 0 (0s)
Tip
Nb Tip removed: 0 (0s)
Nb errors removed: 2 (0s)
Superbubble
Nb superbubble removed: 0 0 (0s)
Tip
Nb Tip removed: 0 (0s)
Nb errors removed: 1 (0s)
Superbubble
Nb superbubble removed: 0 0 (0s)
Tip
Nb Tip removed: 0 (0s)
Nb errors removed: 2 (0s)
Superbubble
Nb superbubble removed: 0 0 (0s)
Tip
Nb Tip removed: 0 (0s)
Nb errors removed: 1 (0s)
Superbubble
Nb superbubble removed: 0 0 (0s)
Tip
Nb Tip removed: 0 (0s)
Checksum: 0
Checksum abundnace: 0
Generating contigs
41.1448
28.1025
23.2252
14.421
13.11
11.9182
10.8347
9.84974
8.14028
7.40025
6.11591
5.05447
4.17725
3.13843
2.59374
2.14359
0


metaMDBG toMinspace  /var/folders/zg/vq0dnx517c54hg87dyqjky740000gn/T/.tmprWAL2M/tmp/ /var/folders/zg/vq0dnx517c54hg87dyqjky740000gn/T/.tmprWAL2M/tmp//contigs.nodepath /var/folders/zg/vq0dnx517c54hg87dyqjky740000gn/T/.tmprWAL2M/tmp//unitig_data.txt --threads 10

Input dir: /var/folders/zg/vq0dnx517c54hg87dyqjky740000gn/T/.tmprWAL2M/tmp/
Minimizer length: 15
Kminmer length: 181
Density: 0.005

Loading unitig sequences

Creating mContigs

Contig filename: /var/folders/zg/vq0dnx517c54hg87dyqjky740000gn/T/.tmprWAL2M/tmp//unitig_data.txt


metaMDBG toMinspace  /var/folders/zg/vq0dnx517c54hg87dyqjky740000gn/T/.tmprWAL2M/tmp/ /var/folders/zg/vq0dnx517c54hg87dyqjky740000gn/T/.tmprWAL2M/tmp//assembly_graph.gfa.unitigs.nodepath /var/folders/zg/vq0dnx517c54hg87dyqjky740000gn/T/.tmprWAL2M/tmp//assembly_graph.gfa.unitigs --threads 10

Input dir: /var/folders/zg/vq0dnx517c54hg87dyqjky740000gn/T/.tmprWAL2M/tmp/
Minimizer length: 15
Kminmer length: 181
Density: 0.005

Loading unitig sequences

Creating mContigs

Contig filename: /var/folders/zg/vq0dnx517c54hg87dyqjky740000gn/T/.tmprWAL2M/tmp//assembly_graph.gfa.unitigs
pass done: 181
Multi-k pass: 182/205


metaMDBG graph /var/folders/zg/vq0dnx517c54hg87dyqjky740000gn/T/.tmprWAL2M/tmp/ --threads 10 --corrected-read 

Contig filename: 
Output dir: /var/folders/zg/vq0dnx517c54hg87dyqjky740000gn/T/.tmprWAL2M/tmp/
Minimizer length: 15
Kminmer length: 182
Density: 0.005
Min abundance: 0

Loading refined abundances
	Duration: 0
Collecting kminmers
Building mdbg
Duration: 0
Nb solid kminmers: 25614
Nb small contigs written: 0
Dump kminmer abundances
	Duration: 0
Indexing edges
Edge index size: 25735
Edge index elements: 48424
	Duration: 0
Compute unitig nodes
	Duration: 0
Index unitig edges
	Duration: 0
Compute unitig edges
	Duration: 0
Dump unitig abundances
	Duration: 0
Nb edges:   0


metaMDBG contig  /var/folders/zg/vq0dnx517c54hg87dyqjky740000gn/T/.tmprWAL2M/tmp/ --threads 10

Input dir: /var/folders/zg/vq0dnx517c54hg87dyqjky740000gn/T/.tmprWAL2M/tmp/
Minimizer length: 15
Kminmer length: 182
Density: 0.005

Loading unitig graph
Load unitigs
Nb unitigs: 268
Nb minimizers: 74122
Add unitig abundances
Sorting abundances
Add unitig edges
Nb unitig edges: 294
Sorting unitig edges
Done loading unitig graph
Simplifying
Max abundance: 41
Nb unitigs: 268
Superbubble
Nb superbubble removed: 0 0 (0s)
Tip
Nb Tip removed: 50 (0s)
Superbubble
Nb superbubble removed: 0 0 (0s)
Tip
Nb Tip removed: 0 (0s)
Nb errors removed: 46 (0s)
Superbubble
Nb superbubble removed: 0 0 (0s)
Tip
Nb Tip removed: 0 (0s)
Nb errors removed: 1 (0s)
Superbubble
Nb superbubble removed: 0 0 (0s)
Tip
Nb Tip removed: 0 (0s)
Nb errors removed: 20 (0s)
Superbubble
Nb superbubble removed: 0 0 (0s)
Tip
Nb Tip removed: 0 (0s)
Nb errors removed: 20 (0s)
Superbubble
Nb superbubble removed: 0 0 (0s)
Tip
Nb Tip removed: 0 (0s)
Nb errors removed: 26 (0s)
Superbubble
Nb superbubble removed: 0 0 (0s)
Tip
Nb Tip removed: 0 (0s)
Nb errors removed: 10 (0s)
Superbubble
Nb superbubble removed: 0 0 (0s)
Tip
Nb Tip removed: 0 (0s)
Nb errors removed: 17 (0s)
Superbubble
Nb superbubble removed: 0 0 (0s)
Tip
Nb Tip removed: 0 (0s)
Nb errors removed: 13 (0s)
Superbubble
Nb superbubble removed: 0 0 (0s)
Tip
Nb Tip removed: 0 (0s)
Nb errors removed: 9 (0s)
Superbubble
Nb superbubble removed: 0 0 (0s)
Tip
Nb Tip removed: 0 (0s)
Nb errors removed: 6 (0s)
Superbubble
Nb superbubble removed: 0 0 (0s)
Tip
Nb Tip removed: 0 (0s)
Nb errors removed: 8 (0s)
Superbubble
Nb superbubble removed: 0 0 (0s)
Tip
Nb Tip removed: 0 (0s)
Nb errors removed: 15 (0s)
Superbubble
Nb superbubble removed: 0 0 (0s)
Tip
Nb Tip removed: 0 (0s)
Nb errors removed: 2 (0s)
Superbubble
Nb superbubble removed: 0 0 (0s)
Tip
Nb Tip removed: 0 (0s)
Nb errors removed: 1 (0s)
Superbubble
Nb superbubble removed: 0 0 (0s)
Tip
Nb Tip removed: 0 (0s)
Nb errors removed: 2 (0s)
Superbubble
Nb superbubble removed: 0 0 (0s)
Tip
Nb Tip removed: 0 (0s)
Nb errors removed: 1 (0s)
Superbubble
Nb superbubble removed: 0 0 (0s)
Tip
Nb Tip removed: 0 (0s)
Checksum: 0
Checksum abundnace: 0
Generating contigs
41.1448
28.1025
23.2252
14.421
13.11
11.9182
10.8347
9.84974
8.14028
7.40025
6.11591
5.05447
4.17725
3.13843
2.59374
2.14359
0


metaMDBG toMinspace  /var/folders/zg/vq0dnx517c54hg87dyqjky740000gn/T/.tmprWAL2M/tmp/ /var/folders/zg/vq0dnx517c54hg87dyqjky740000gn/T/.tmprWAL2M/tmp//contigs.nodepath /var/folders/zg/vq0dnx517c54hg87dyqjky740000gn/T/.tmprWAL2M/tmp//unitig_data.txt --threads 10

Input dir: /var/folders/zg/vq0dnx517c54hg87dyqjky740000gn/T/.tmprWAL2M/tmp/
Minimizer length: 15
Kminmer length: 182
Density: 0.005

Loading unitig sequences

Creating mContigs

Contig filename: /var/folders/zg/vq0dnx517c54hg87dyqjky740000gn/T/.tmprWAL2M/tmp//unitig_data.txt
pass done: 182
Multi-k pass: 183/205


metaMDBG graph /var/folders/zg/vq0dnx517c54hg87dyqjky740000gn/T/.tmprWAL2M/tmp/ --threads 10 --corrected-read 

Contig filename: 
Output dir: /var/folders/zg/vq0dnx517c54hg87dyqjky740000gn/T/.tmprWAL2M/tmp/
Minimizer length: 15
Kminmer length: 183
Density: 0.005
Min abundance: 0

Loading refined abundances
	Duration: 0
Collecting kminmers
Building mdbg
Duration: 0
Nb solid kminmers: 25492
Nb small contigs written: 0
Dump kminmer abundances
	Duration: 0
Indexing edges
Edge index size: 25611
Edge index elements: 48290
	Duration: 0
Compute unitig nodes
	Duration: 0
Index unitig edges
	Duration: 0
Compute unitig edges
	Duration: 0
Dump unitig abundances
	Duration: 0
Nb edges:   0


metaMDBG contig  /var/folders/zg/vq0dnx517c54hg87dyqjky740000gn/T/.tmprWAL2M/tmp/ --threads 10

Input dir: /var/folders/zg/vq0dnx517c54hg87dyqjky740000gn/T/.tmprWAL2M/tmp/
Minimizer length: 15
Kminmer length: 183
Density: 0.005

Loading unitig graph
Load unitigs
Nb unitigs: 264
Nb minimizers: 73540
Add unitig abundances
Sorting abundances
Add unitig edges
Nb unitig edges: 290
Sorting unitig edges
Done loading unitig graph
Simplifying
Max abundance: 41
Nb unitigs: 264
Superbubble
Nb superbubble removed: 0 0 (0s)
Tip
Nb Tip removed: 49 (0s)
Superbubble
Nb superbubble removed: 0 0 (0s)
Tip
Nb Tip removed: 0 (0s)
Nb errors removed: 46 (0s)
Superbubble
Nb superbubble removed: 0 0 (0s)
Tip
Nb Tip removed: 0 (0s)
Nb errors removed: 1 (0s)
Superbubble
Nb superbubble removed: 0 0 (0s)
Tip
Nb Tip removed: 0 (0s)
Nb errors removed: 20 (0s)
Superbubble
Nb superbubble removed: 0 0 (0s)
Tip
Nb Tip removed: 0 (0s)
Nb errors removed: 20 (0s)
Superbubble
Nb superbubble removed: 0 0 (0s)
Tip
Nb Tip removed: 0 (0s)
Nb errors removed: 25 (0s)
Superbubble
Nb superbubble removed: 0 0 (0s)
Tip
Nb Tip removed: 0 (0s)
Nb errors removed: 10 (0s)
Superbubble
Nb superbubble removed: 0 0 (0s)
Tip
Nb Tip removed: 0 (0s)
Nb errors removed: 17 (0s)
Superbubble
Nb superbubble removed: 0 0 (0s)
Tip
Nb Tip removed: 0 (0s)
Nb errors removed: 12 (0s)
Superbubble
Nb superbubble removed: 0 0 (0s)
Tip
Nb Tip removed: 0 (0s)
Nb errors removed: 9 (0s)
Superbubble
Nb superbubble removed: 0 0 (0s)
Tip
Nb Tip removed: 0 (0s)
Nb errors removed: 6 (0s)
Superbubble
Nb superbubble removed: 0 0 (0s)
Tip
Nb Tip removed: 0 (0s)
Nb errors removed: 8 (0s)
Superbubble
Nb superbubble removed: 0 0 (0s)
Tip
Nb Tip removed: 0 (0s)
Nb errors removed: 14 (0s)
Superbubble
Nb superbubble removed: 0 0 (0s)
Tip
Nb Tip removed: 0 (0s)
Nb errors removed: 2 (0s)
Superbubble
Nb superbubble removed: 0 0 (0s)
Tip
Nb Tip removed: 0 (0s)
Nb errors removed: 1 (0s)
Superbubble
Nb superbubble removed: 0 0 (0s)
Tip
Nb Tip removed: 0 (0s)
Nb errors removed: 2 (0s)
Superbubble
Nb superbubble removed: 0 0 (0s)
Tip
Nb Tip removed: 0 (0s)
Nb errors removed: 1 (0s)
Superbubble
Nb superbubble removed: 0 0 (0s)
Tip
Nb Tip removed: 0 (0s)
Checksum: 0
Checksum abundnace: 0
Generating contigs
41.1448
28.1025
23.2252
14.421
13.11
11.9182
10.8347
9.84974
8.14028
7.40025
6.11591
5.05447
4.17725
3.13843
2.59374
2.14359
0


metaMDBG toMinspace  /var/folders/zg/vq0dnx517c54hg87dyqjky740000gn/T/.tmprWAL2M/tmp/ /var/folders/zg/vq0dnx517c54hg87dyqjky740000gn/T/.tmprWAL2M/tmp//contigs.nodepath /var/folders/zg/vq0dnx517c54hg87dyqjky740000gn/T/.tmprWAL2M/tmp//unitig_data.txt --threads 10

Input dir: /var/folders/zg/vq0dnx517c54hg87dyqjky740000gn/T/.tmprWAL2M/tmp/
Minimizer length: 15
Kminmer length: 183
Density: 0.005

Loading unitig sequences

Creating mContigs

Contig filename: /var/folders/zg/vq0dnx517c54hg87dyqjky740000gn/T/.tmprWAL2M/tmp//unitig_data.txt
pass done: 183
Multi-k pass: 184/205


metaMDBG graph /var/folders/zg/vq0dnx517c54hg87dyqjky740000gn/T/.tmprWAL2M/tmp/ --threads 10 --corrected-read 

Contig filename: 
Output dir: /var/folders/zg/vq0dnx517c54hg87dyqjky740000gn/T/.tmprWAL2M/tmp/
Minimizer length: 15
Kminmer length: 184
Density: 0.005
Min abundance: 0

Loading refined abundances
	Duration: 0
Collecting kminmers
Building mdbg
Duration: 0
Nb solid kminmers: 25373
Nb small contigs written: 0
Dump kminmer abundances
	Duration: 0
Indexing edges
Edge index size: 25490
Edge index elements: 48216
	Duration: 0
Compute unitig nodes
	Duration: 0
Index unitig edges
	Duration: 0
Compute unitig edges
	Duration: 0
Dump unitig abundances
	Duration: 0
Nb edges:   0


metaMDBG contig  /var/folders/zg/vq0dnx517c54hg87dyqjky740000gn/T/.tmprWAL2M/tmp/ --threads 10

Input dir: /var/folders/zg/vq0dnx517c54hg87dyqjky740000gn/T/.tmprWAL2M/tmp/
Minimizer length: 15
Kminmer length: 184
Density: 0.005

Loading unitig graph
Load unitigs
Nb unitigs: 262
Nb minimizers: 73319
Add unitig abundances
Sorting abundances
Add unitig edges
Nb unitig edges: 290
Sorting unitig edges
Done loading unitig graph
Simplifying
Max abundance: 41
Nb unitigs: 262
Superbubble
Nb superbubble removed: 0 0 (0s)
Tip
Nb Tip removed: 49 (0s)
Superbubble
Nb superbubble removed: 0 0 (0s)
Tip
Nb Tip removed: 0 (0s)
Nb errors removed: 44 (0s)
Superbubble
Nb superbubble removed: 0 0 (0s)
Tip
Nb Tip removed: 0 (0s)
Nb errors removed: 1 (0s)
Superbubble
Nb superbubble removed: 0 0 (0s)
Tip
Nb Tip removed: 0 (0s)
Nb errors removed: 20 (0s)
Superbubble
Nb superbubble removed: 0 0 (0s)
Tip
Nb Tip removed: 0 (0s)
Nb errors removed: 20 (0s)
Superbubble
Nb superbubble removed: 0 0 (0s)
Tip
Nb Tip removed: 0 (0s)
Nb errors removed: 25 (0s)
Superbubble
Nb superbubble removed: 0 0 (0s)
Tip
Nb Tip removed: 0 (0s)
Nb errors removed: 10 (0s)
Superbubble
Nb superbubble removed: 0 0 (0s)
Tip
Nb Tip removed: 0 (0s)
Nb errors removed: 17 (0s)
Superbubble
Nb superbubble removed: 0 0 (0s)
Tip
Nb Tip removed: 0 (0s)
Nb errors removed: 12 (0s)
Superbubble
Nb superbubble removed: 0 0 (0s)
Tip
Nb Tip removed: 0 (0s)
Nb errors removed: 10 (0s)
Superbubble
Nb superbubble removed: 0 0 (0s)
Tip
Nb Tip removed: 0 (0s)
Nb errors removed: 6 (0s)
Superbubble
Nb superbubble removed: 0 0 (0s)
Tip
Nb Tip removed: 0 (0s)
Nb errors removed: 8 (0s)
Superbubble
Nb superbubble removed: 0 0 (0s)
Tip
Nb Tip removed: 0 (0s)
Nb errors removed: 14 (0s)
Superbubble
Nb superbubble removed: 0 0 (0s)
Tip
Nb Tip removed: 0 (0s)
Nb errors removed: 2 (0s)
Superbubble
Nb superbubble removed: 0 0 (0s)
Tip
Nb Tip removed: 0 (0s)
Nb errors removed: 1 (0s)
Superbubble
Nb superbubble removed: 0 0 (0s)
Tip
Nb Tip removed: 0 (0s)
Nb errors removed: 2 (0s)
Superbubble
Nb superbubble removed: 0 0 (0s)
Tip
Nb Tip removed: 0 (0s)
Nb errors removed: 1 (0s)
Superbubble
Nb superbubble removed: 0 0 (0s)
Tip
Nb Tip removed: 0 (0s)
Checksum: 0
Checksum abundnace: 0
Generating contigs
41.1448
28.1025
23.2252
14.421
13.11
11.9182
10.8347
9.84974
8.14028
7.40025
6.11591
5.05447
4.17725
3.13843
2.59374
2.14359
0


metaMDBG toMinspace  /var/folders/zg/vq0dnx517c54hg87dyqjky740000gn/T/.tmprWAL2M/tmp/ /var/folders/zg/vq0dnx517c54hg87dyqjky740000gn/T/.tmprWAL2M/tmp//contigs.nodepath /var/folders/zg/vq0dnx517c54hg87dyqjky740000gn/T/.tmprWAL2M/tmp//unitig_data.txt --threads 10

Input dir: /var/folders/zg/vq0dnx517c54hg87dyqjky740000gn/T/.tmprWAL2M/tmp/
Minimizer length: 15
Kminmer length: 184
Density: 0.005

Loading unitig sequences

Creating mContigs

Contig filename: /var/folders/zg/vq0dnx517c54hg87dyqjky740000gn/T/.tmprWAL2M/tmp//unitig_data.txt
pass done: 184
Multi-k pass: 185/205


metaMDBG graph /var/folders/zg/vq0dnx517c54hg87dyqjky740000gn/T/.tmprWAL2M/tmp/ --threads 10 --corrected-read 

Contig filename: 
Output dir: /var/folders/zg/vq0dnx517c54hg87dyqjky740000gn/T/.tmprWAL2M/tmp/
Minimizer length: 15
Kminmer length: 185
Density: 0.005
Min abundance: 0

Loading refined abundances
	Duration: 0
Collecting kminmers
Building mdbg
Duration: 0
Nb solid kminmers: 25254
Nb small contigs written: 0
Dump kminmer abundances
	Duration: 0
Indexing edges
Edge index size: 25372
Edge index elements: 48028
	Duration: 0
Compute unitig nodes
	Duration: 0
Index unitig edges
	Duration: 0
Compute unitig edges
	Duration: 0
Dump unitig abundances
	Duration: 0
Nb edges:   0


metaMDBG contig  /var/folders/zg/vq0dnx517c54hg87dyqjky740000gn/T/.tmprWAL2M/tmp/ --threads 10

Input dir: /var/folders/zg/vq0dnx517c54hg87dyqjky740000gn/T/.tmprWAL2M/tmp/
Minimizer length: 15
Kminmer length: 185
Density: 0.005

Loading unitig graph
Load unitigs
Nb unitigs: 259
Nb minimizers: 72910
Add unitig abundances
Sorting abundances
Add unitig edges
Nb unitig edges: 282
Sorting unitig edges
Done loading unitig graph
Simplifying
Max abundance: 41
Nb unitigs: 259
Superbubble
Nb superbubble removed: 0 0 (0s)
Tip
Nb Tip removed: 46 (0s)
Superbubble
Nb superbubble removed: 0 0 (0s)
Tip
Nb Tip removed: 0 (0s)
Nb errors removed: 44 (0s)
Superbubble
Nb superbubble removed: 0 0 (0s)
Tip
Nb Tip removed: 0 (0s)
Nb errors removed: 1 (0s)
Superbubble
Nb superbubble removed: 0 0 (0s)
Tip
Nb Tip removed: 0 (0s)
Nb errors removed: 20 (0s)
Superbubble
Nb superbubble removed: 0 0 (0s)
Tip
Nb Tip removed: 0 (0s)
Nb errors removed: 20 (0s)
Superbubble
Nb superbubble removed: 0 0 (0s)
Tip
Nb Tip removed: 0 (0s)
Nb errors removed: 25 (0s)
Superbubble
Nb superbubble removed: 0 0 (0s)
Tip
Nb Tip removed: 0 (0s)
Nb errors removed: 10 (0s)
Superbubble
Nb superbubble removed: 0 0 (0s)
Tip
Nb Tip removed: 0 (0s)
Nb errors removed: 16 (0s)
Superbubble
Nb superbubble removed: 0 0 (0s)
Tip
Nb Tip removed: 0 (0s)
Nb errors removed: 12 (0s)
Superbubble
Nb superbubble removed: 0 0 (0s)
Tip
Nb Tip removed: 0 (0s)
Nb errors removed: 9 (0s)
Superbubble
Nb superbubble removed: 0 0 (0s)
Tip
Nb Tip removed: 0 (0s)
Nb errors removed: 6 (0s)
Superbubble
Nb superbubble removed: 0 0 (0s)
Tip
Nb Tip removed: 0 (0s)
Nb errors removed: 8 (0s)
Superbubble
Nb superbubble removed: 0 0 (0s)
Tip
Nb Tip removed: 0 (0s)
Nb errors removed: 14 (0s)
Superbubble
Nb superbubble removed: 0 0 (0s)
Tip
Nb Tip removed: 0 (0s)
Nb errors removed: 2 (0s)
Superbubble
Nb superbubble removed: 0 0 (0s)
Tip
Nb Tip removed: 0 (0s)
Nb errors removed: 1 (0s)
Superbubble
Nb superbubble removed: 0 0 (0s)
Tip
Nb Tip removed: 0 (0s)
Nb errors removed: 2 (0s)
Superbubble
Nb superbubble removed: 0 0 (0s)
Tip
Nb Tip removed: 0 (0s)
Nb errors removed: 1 (0s)
Superbubble
Nb superbubble removed: 0 0 (0s)
Tip
Nb Tip removed: 0 (0s)
Checksum: 0
Checksum abundnace: 0
Generating contigs
41.1448
28.1025
23.2252
14.421
13.11
11.9182
10.8347
9.84974
8.14028
7.40025
6.11591
5.05447
4.17725
3.13843
2.59374
2.14359
0


metaMDBG toMinspace  /var/folders/zg/vq0dnx517c54hg87dyqjky740000gn/T/.tmprWAL2M/tmp/ /var/folders/zg/vq0dnx517c54hg87dyqjky740000gn/T/.tmprWAL2M/tmp//contigs.nodepath /var/folders/zg/vq0dnx517c54hg87dyqjky740000gn/T/.tmprWAL2M/tmp//unitig_data.txt --threads 10

Input dir: /var/folders/zg/vq0dnx517c54hg87dyqjky740000gn/T/.tmprWAL2M/tmp/
Minimizer length: 15
Kminmer length: 185
Density: 0.005

Loading unitig sequences

Creating mContigs

Contig filename: /var/folders/zg/vq0dnx517c54hg87dyqjky740000gn/T/.tmprWAL2M/tmp//unitig_data.txt
pass done: 185
Multi-k pass: 186/205


metaMDBG graph /var/folders/zg/vq0dnx517c54hg87dyqjky740000gn/T/.tmprWAL2M/tmp/ --threads 10 --corrected-read 

Contig filename: 
Output dir: /var/folders/zg/vq0dnx517c54hg87dyqjky740000gn/T/.tmprWAL2M/tmp/
Minimizer length: 15
Kminmer length: 186
Density: 0.005
Min abundance: 0

Loading refined abundances
	Duration: 0
Collecting kminmers
Building mdbg
Duration: 0
Nb solid kminmers: 25136
Nb small contigs written: 0
Dump kminmer abundances
	Duration: 0
Indexing edges
Edge index size: 25253
Edge index elements: 47828
	Duration: 0
Compute unitig nodes
	Duration: 0
Index unitig edges
	Duration: 0
Compute unitig edges
	Duration: 0
Dump unitig abundances
	Duration: 0
Nb edges:   0


metaMDBG contig  /var/folders/zg/vq0dnx517c54hg87dyqjky740000gn/T/.tmprWAL2M/tmp/ --threads 10

Input dir: /var/folders/zg/vq0dnx517c54hg87dyqjky740000gn/T/.tmprWAL2M/tmp/
Minimizer length: 15
Kminmer length: 186
Density: 0.005

Loading unitig graph
Load unitigs
Nb unitigs: 258
Nb minimizers: 72866
Add unitig abundances
Sorting abundances
Add unitig edges
Nb unitig edges: 282
Sorting unitig edges
Done loading unitig graph
Simplifying
Max abundance: 41
Nb unitigs: 258
Superbubble
Nb superbubble removed: 0 0 (0s)
Tip
Nb Tip removed: 46 (0s)
Superbubble
Nb superbubble removed: 0 0 (0s)
Tip
Nb Tip removed: 0 (0s)
Nb errors removed: 44 (0s)
Superbubble
Nb superbubble removed: 0 0 (0s)
Tip
Nb Tip removed: 0 (0s)
Nb errors removed: 1 (0s)
Superbubble
Nb superbubble removed: 0 0 (0s)
Tip
Nb Tip removed: 0 (0s)
Nb errors removed: 20 (0s)
Superbubble
Nb superbubble removed: 0 0 (0s)
Tip
Nb Tip removed: 0 (0s)
Nb errors removed: 20 (0s)
Superbubble
Nb superbubble removed: 0 0 (0s)
Tip
Nb Tip removed: 0 (0s)
Nb errors removed: 24 (0s)
Superbubble
Nb superbubble removed: 0 0 (0s)
Tip
Nb Tip removed: 0 (0s)
Nb errors removed: 10 (0s)
Superbubble
Nb superbubble removed: 0 0 (0s)
Tip
Nb Tip removed: 0 (0s)
Nb errors removed: 16 (0s)
Superbubble
Nb superbubble removed: 0 0 (0s)
Tip
Nb Tip removed: 0 (0s)
Nb errors removed: 12 (0s)
Superbubble
Nb superbubble removed: 0 0 (0s)
Tip
Nb Tip removed: 0 (0s)
Nb errors removed: 9 (0s)
Superbubble
Nb superbubble removed: 0 0 (0s)
Tip
Nb Tip removed: 0 (0s)
Nb errors removed: 6 (0s)
Superbubble
Nb superbubble removed: 0 0 (0s)
Tip
Nb Tip removed: 0 (0s)
Nb errors removed: 8 (0s)
Superbubble
Nb superbubble removed: 0 0 (0s)
Tip
Nb Tip removed: 0 (0s)
Nb errors removed: 14 (0s)
Superbubble
Nb superbubble removed: 0 0 (0s)
Tip
Nb Tip removed: 0 (0s)
Nb errors removed: 2 (0s)
Superbubble
Nb superbubble removed: 0 0 (0s)
Tip
Nb Tip removed: 0 (0s)
Nb errors removed: 1 (0s)
Superbubble
Nb superbubble removed: 0 0 (0s)
Tip
Nb Tip removed: 0 (0s)
Nb errors removed: 2 (0s)
Superbubble
Nb superbubble removed: 0 0 (0s)
Tip
Nb Tip removed: 0 (0s)
Nb errors removed: 1 (0s)
Superbubble
Nb superbubble removed: 0 0 (0s)
Tip
Nb Tip removed: 0 (0s)
Checksum: 0
Checksum abundnace: 0
Generating contigs
41.1448
28.1025
23.2252
14.421
13.11
11.9182
10.8347
9.84974
8.14028
7.40025
6.11591
5.05447
4.17725
3.13843
2.59374
2.14359
0


metaMDBG toMinspace  /var/folders/zg/vq0dnx517c54hg87dyqjky740000gn/T/.tmprWAL2M/tmp/ /var/folders/zg/vq0dnx517c54hg87dyqjky740000gn/T/.tmprWAL2M/tmp//contigs.nodepath /var/folders/zg/vq0dnx517c54hg87dyqjky740000gn/T/.tmprWAL2M/tmp//unitig_data.txt --threads 10

Input dir: /var/folders/zg/vq0dnx517c54hg87dyqjky740000gn/T/.tmprWAL2M/tmp/
Minimizer length: 15
Kminmer length: 186
Density: 0.005

Loading unitig sequences

Creating mContigs

Contig filename: /var/folders/zg/vq0dnx517c54hg87dyqjky740000gn/T/.tmprWAL2M/tmp//unitig_data.txt
pass done: 186
Multi-k pass: 187/205


metaMDBG graph /var/folders/zg/vq0dnx517c54hg87dyqjky740000gn/T/.tmprWAL2M/tmp/ --threads 10 --corrected-read 

Contig filename: 
Output dir: /var/folders/zg/vq0dnx517c54hg87dyqjky740000gn/T/.tmprWAL2M/tmp/
Minimizer length: 15
Kminmer length: 187
Density: 0.005
Min abundance: 0

Loading refined abundances
	Duration: 0
Collecting kminmers
Building mdbg
Duration: 0
Nb solid kminmers: 25017
Nb small contigs written: 0
Dump kminmer abundances
	Duration: 0
Indexing edges
Edge index size: 25136
Edge index elements: 47614
	Duration: 0
Compute unitig nodes
	Duration: 0
Index unitig edges
	Duration: 0
Compute unitig edges
	Duration: 0
Dump unitig abundances
	Duration: 0
Nb edges:   0


metaMDBG contig  /var/folders/zg/vq0dnx517c54hg87dyqjky740000gn/T/.tmprWAL2M/tmp/ --threads 10

Input dir: /var/folders/zg/vq0dnx517c54hg87dyqjky740000gn/T/.tmprWAL2M/tmp/
Minimizer length: 15
Kminmer length: 187
Density: 0.005

Loading unitig graph
Load unitigs
Nb unitigs: 256
Nb minimizers: 72633
Add unitig abundances
Sorting abundances
Add unitig edges
Nb unitig edges: 274
Sorting unitig edges
Done loading unitig graph
Simplifying
Max abundance: 41
Nb unitigs: 256
Superbubble
Nb superbubble removed: 0 0 (0s)
Tip
Nb Tip removed: 45 (0s)
Superbubble
Nb superbubble removed: 0 0 (0s)
Tip
Nb Tip removed: 0 (0s)
Nb errors removed: 44 (0s)
Superbubble
Nb superbubble removed: 0 0 (0s)
Tip
Nb Tip removed: 0 (0s)
Nb errors removed: 1 (0s)
Superbubble
Nb superbubble removed: 0 0 (0s)
Tip
Nb Tip removed: 0 (0s)
Nb errors removed: 20 (0s)
Superbubble
Nb superbubble removed: 0 0 (0s)
Tip
Nb Tip removed: 0 (0s)
Nb errors removed: 20 (0s)
Superbubble
Nb superbubble removed: 0 0 (0s)
Tip
Nb Tip removed: 0 (0s)
Nb errors removed: 24 (0s)
Superbubble
Nb superbubble removed: 0 0 (0s)
Tip
Nb Tip removed: 0 (0s)
Nb errors removed: 10 (0s)
Superbubble
Nb superbubble removed: 0 0 (0s)
Tip
Nb Tip removed: 0 (0s)
Nb errors removed: 16 (0s)
Superbubble
Nb superbubble removed: 0 0 (0s)
Tip
Nb Tip removed: 0 (0s)
Nb errors removed: 12 (0s)
Superbubble
Nb superbubble removed: 0 0 (0s)
Tip
Nb Tip removed: 0 (0s)
Nb errors removed: 9 (0s)
Superbubble
Nb superbubble removed: 0 0 (0s)
Tip
Nb Tip removed: 0 (0s)
Nb errors removed: 6 (0s)
Superbubble
Nb superbubble removed: 0 0 (0s)
Tip
Nb Tip removed: 0 (0s)
Nb errors removed: 8 (0s)
Superbubble
Nb superbubble removed: 0 0 (0s)
Tip
Nb Tip removed: 0 (0s)
Nb errors removed: 14 (0s)
Superbubble
Nb superbubble removed: 0 0 (0s)
Tip
Nb Tip removed: 0 (0s)
Nb errors removed: 2 (0s)
Superbubble
Nb superbubble removed: 0 0 (0s)
Tip
Nb Tip removed: 0 (0s)
Nb errors removed: 1 (0s)
Superbubble
Nb superbubble removed: 0 0 (0s)
Tip
Nb Tip removed: 0 (0s)
Nb errors removed: 2 (0s)
Superbubble
Nb superbubble removed: 0 0 (0s)
Tip
Nb Tip removed: 0 (0s)
Nb errors removed: 1 (0s)
Superbubble
Nb superbubble removed: 0 0 (0s)
Tip
Nb Tip removed: 0 (0s)
Checksum: 0
Checksum abundnace: 0
Generating contigs
41.1448
28.1025
23.2252
14.421
13.11
11.9182
10.8347
9.84974
8.14028
7.40025
6.11591
5.05447
4.17725
3.13843
2.59374
2.14359
0


metaMDBG toMinspace  /var/folders/zg/vq0dnx517c54hg87dyqjky740000gn/T/.tmprWAL2M/tmp/ /var/folders/zg/vq0dnx517c54hg87dyqjky740000gn/T/.tmprWAL2M/tmp//contigs.nodepath /var/folders/zg/vq0dnx517c54hg87dyqjky740000gn/T/.tmprWAL2M/tmp//unitig_data.txt --threads 10

Input dir: /var/folders/zg/vq0dnx517c54hg87dyqjky740000gn/T/.tmprWAL2M/tmp/
Minimizer length: 15
Kminmer length: 187
Density: 0.005

Loading unitig sequences

Creating mContigs

Contig filename: /var/folders/zg/vq0dnx517c54hg87dyqjky740000gn/T/.tmprWAL2M/tmp//unitig_data.txt
pass done: 187
Multi-k pass: 188/205


metaMDBG graph /var/folders/zg/vq0dnx517c54hg87dyqjky740000gn/T/.tmprWAL2M/tmp/ --threads 10 --corrected-read 

Contig filename: 
Output dir: /var/folders/zg/vq0dnx517c54hg87dyqjky740000gn/T/.tmprWAL2M/tmp/
Minimizer length: 15
Kminmer length: 188
Density: 0.005
Min abundance: 0

Loading refined abundances
	Duration: 0
Collecting kminmers
Building mdbg
Duration: 0
Nb solid kminmers: 24896
Nb small contigs written: 0
Dump kminmer abundances
	Duration: 0
Indexing edges
Edge index size: 25014
Edge index elements: 47486
	Duration: 0
Compute unitig nodes
	Duration: 0
Index unitig edges
	Duration: 0
Compute unitig edges
	Duration: 0
Dump unitig abundances
	Duration: 0
Nb edges:   0


metaMDBG contig  /var/folders/zg/vq0dnx517c54hg87dyqjky740000gn/T/.tmprWAL2M/tmp/ --threads 10

Input dir: /var/folders/zg/vq0dnx517c54hg87dyqjky740000gn/T/.tmprWAL2M/tmp/
Minimizer length: 15
Kminmer length: 188
Density: 0.005

Loading unitig graph
Load unitigs
Nb unitigs: 251
Nb minimizers: 71833
Add unitig abundances
Sorting abundances
Add unitig edges
Nb unitig edges: 266
Sorting unitig edges
Done loading unitig graph
Simplifying
Max abundance: 41
Nb unitigs: 251
Superbubble
Nb superbubble removed: 0 0 (0s)
Tip
Nb Tip removed: 44 (0s)
Superbubble
Nb superbubble removed: 0 0 (0s)
Tip
Nb Tip removed: 0 (0s)
Nb errors removed: 44 (0s)
Superbubble
Nb superbubble removed: 0 0 (0s)
Tip
Nb Tip removed: 0 (0s)
Nb errors removed: 1 (0s)
Superbubble
Nb superbubble removed: 0 0 (0s)
Tip
Nb Tip removed: 0 (0s)
Nb errors removed: 20 (0s)
Superbubble
Nb superbubble removed: 0 0 (0s)
Tip
Nb Tip removed: 0 (0s)
Nb errors removed: 19 (0s)
Superbubble
Nb superbubble removed: 0 0 (0s)
Tip
Nb Tip removed: 0 (0s)
Nb errors removed: 25 (0s)
Superbubble
Nb superbubble removed: 0 0 (0s)
Tip
Nb Tip removed: 0 (0s)
Nb errors removed: 10 (0s)
Superbubble
Nb superbubble removed: 0 0 (0s)
Tip
Nb Tip removed: 0 (0s)
Nb errors removed: 16 (0s)
Superbubble
Nb superbubble removed: 0 0 (0s)
Tip
Nb Tip removed: 0 (0s)
Nb errors removed: 12 (0s)
Superbubble
Nb superbubble removed: 0 0 (0s)
Tip
Nb Tip removed: 0 (0s)
Nb errors removed: 8 (0s)
Superbubble
Nb superbubble removed: 0 0 (0s)
Tip
Nb Tip removed: 0 (0s)
Nb errors removed: 6 (0s)
Superbubble
Nb superbubble removed: 0 0 (0s)
Tip
Nb Tip removed: 0 (0s)
Nb errors removed: 8 (0s)
Superbubble
Nb superbubble removed: 0 0 (0s)
Tip
Nb Tip removed: 0 (0s)
Nb errors removed: 14 (0s)
Superbubble
Nb superbubble removed: 0 0 (0s)
Tip
Nb Tip removed: 0 (0s)
Nb errors removed: 2 (0s)
Superbubble
Nb superbubble removed: 0 0 (0s)
Tip
Nb Tip removed: 0 (0s)
Nb errors removed: 1 (0s)
Superbubble
Nb superbubble removed: 0 0 (0s)
Tip
Nb Tip removed: 0 (0s)
Nb errors removed: 2 (0s)
Superbubble
Nb superbubble removed: 0 0 (0s)
Tip
Nb Tip removed: 0 (0s)
Nb errors removed: 1 (0s)
Superbubble
Nb superbubble removed: 0 0 (0s)
Tip
Nb Tip removed: 0 (0s)
Checksum: 0
Checksum abundnace: 0
Generating contigs
41.1448
28.1025
23.2252
14.421
13.11
11.9182
10.8347
9.84974
8.14028
7.40025
6.11591
5.05447
4.17725
3.13843
2.59374
2.14359
0


metaMDBG toMinspace  /var/folders/zg/vq0dnx517c54hg87dyqjky740000gn/T/.tmprWAL2M/tmp/ /var/folders/zg/vq0dnx517c54hg87dyqjky740000gn/T/.tmprWAL2M/tmp//contigs.nodepath /var/folders/zg/vq0dnx517c54hg87dyqjky740000gn/T/.tmprWAL2M/tmp//unitig_data.txt --threads 10

Input dir: /var/folders/zg/vq0dnx517c54hg87dyqjky740000gn/T/.tmprWAL2M/tmp/
Minimizer length: 15
Kminmer length: 188
Density: 0.005

Loading unitig sequences

Creating mContigs

Contig filename: /var/folders/zg/vq0dnx517c54hg87dyqjky740000gn/T/.tmprWAL2M/tmp//unitig_data.txt
pass done: 188
Multi-k pass: 189/205


metaMDBG graph /var/folders/zg/vq0dnx517c54hg87dyqjky740000gn/T/.tmprWAL2M/tmp/ --threads 10 --corrected-read 

Contig filename: 
Output dir: /var/folders/zg/vq0dnx517c54hg87dyqjky740000gn/T/.tmprWAL2M/tmp/
Minimizer length: 15
Kminmer length: 189
Density: 0.005
Min abundance: 0

Loading refined abundances
	Duration: 0
Collecting kminmers
Building mdbg
Duration: 0
Nb solid kminmers: 24775
Nb small contigs written: 0
Dump kminmer abundances
	Duration: 0
Indexing edges
Edge index size: 24894
Edge index elements: 47294
	Duration: 0
Compute unitig nodes
	Duration: 0
Index unitig edges
	Duration: 0
Compute unitig edges
	Duration: 0
Dump unitig abundances
	Duration: 0
Nb edges:   0


metaMDBG contig  /var/folders/zg/vq0dnx517c54hg87dyqjky740000gn/T/.tmprWAL2M/tmp/ --threads 10

Input dir: /var/folders/zg/vq0dnx517c54hg87dyqjky740000gn/T/.tmprWAL2M/tmp/
Minimizer length: 15
Kminmer length: 189
Density: 0.005

Loading unitig graph
Load unitigs
Nb unitigs: 245
Nb minimizers: 70835
Add unitig abundances
Sorting abundances
Add unitig edges
Nb unitig edges: 254
Sorting unitig edges
Done loading unitig graph
Simplifying
Max abundance: 41
Nb unitigs: 245
Superbubble
Nb superbubble removed: 0 0 (0s)
Tip
Nb Tip removed: 41 (0s)
Superbubble
Nb superbubble removed: 0 0 (0s)
Tip
Nb Tip removed: 0 (0s)
Nb errors removed: 44 (0s)
Superbubble
Nb superbubble removed: 0 0 (0s)
Tip
Nb Tip removed: 0 (0s)
Nb errors removed: 1 (0s)
Superbubble
Nb superbubble removed: 0 0 (0s)
Tip
Nb Tip removed: 0 (0s)
Nb errors removed: 20 (0s)
Superbubble
Nb superbubble removed: 0 0 (0s)
Tip
Nb Tip removed: 0 (0s)
Nb errors removed: 19 (0s)
Superbubble
Nb superbubble removed: 0 0 (0s)
Tip
Nb Tip removed: 0 (0s)
Nb errors removed: 23 (0s)
Superbubble
Nb superbubble removed: 0 0 (0s)
Tip
Nb Tip removed: 0 (0s)
Nb errors removed: 10 (0s)
Superbubble
Nb superbubble removed: 0 0 (0s)
Tip
Nb Tip removed: 0 (0s)
Nb errors removed: 16 (0s)
Superbubble
Nb superbubble removed: 0 0 (0s)
Tip
Nb Tip removed: 0 (0s)
Nb errors removed: 11 (0s)
Superbubble
Nb superbubble removed: 0 0 (0s)
Tip
Nb Tip removed: 0 (0s)
Nb errors removed: 8 (0s)
Superbubble
Nb superbubble removed: 0 0 (0s)
Tip
Nb Tip removed: 0 (0s)
Nb errors removed: 6 (0s)
Superbubble
Nb superbubble removed: 0 0 (0s)
Tip
Nb Tip removed: 0 (0s)
Nb errors removed: 8 (0s)
Superbubble
Nb superbubble removed: 0 0 (0s)
Tip
Nb Tip removed: 0 (0s)
Nb errors removed: 13 (0s)
Superbubble
Nb superbubble removed: 0 0 (0s)
Tip
Nb Tip removed: 0 (0s)
Nb errors removed: 2 (0s)
Superbubble
Nb superbubble removed: 0 0 (0s)
Tip
Nb Tip removed: 0 (0s)
Nb errors removed: 1 (0s)
Superbubble
Nb superbubble removed: 0 0 (0s)
Tip
Nb Tip removed: 0 (0s)
Nb errors removed: 2 (0s)
Superbubble
Nb superbubble removed: 0 0 (0s)
Tip
Nb Tip removed: 0 (0s)
Nb errors removed: 1 (0s)
Superbubble
Nb superbubble removed: 0 0 (0s)
Tip
Nb Tip removed: 0 (0s)
Checksum: 0
Checksum abundnace: 0
Generating contigs
41.1448
28.1025
23.2252
14.421
13.11
11.9182
10.8347
9.84974
8.14028
7.40025
6.11591
5.05447
4.17725
3.13843
2.59374
2.14359
0


metaMDBG toMinspace  /var/folders/zg/vq0dnx517c54hg87dyqjky740000gn/T/.tmprWAL2M/tmp/ /var/folders/zg/vq0dnx517c54hg87dyqjky740000gn/T/.tmprWAL2M/tmp//contigs.nodepath /var/folders/zg/vq0dnx517c54hg87dyqjky740000gn/T/.tmprWAL2M/tmp//unitig_data.txt --threads 10

Input dir: /var/folders/zg/vq0dnx517c54hg87dyqjky740000gn/T/.tmprWAL2M/tmp/
Minimizer length: 15
Kminmer length: 189
Density: 0.005

Loading unitig sequences

Creating mContigs

Contig filename: /var/folders/zg/vq0dnx517c54hg87dyqjky740000gn/T/.tmprWAL2M/tmp//unitig_data.txt
pass done: 189
Multi-k pass: 190/205


metaMDBG graph /var/folders/zg/vq0dnx517c54hg87dyqjky740000gn/T/.tmprWAL2M/tmp/ --threads 10 --corrected-read 

Contig filename: 
Output dir: /var/folders/zg/vq0dnx517c54hg87dyqjky740000gn/T/.tmprWAL2M/tmp/
Minimizer length: 15
Kminmer length: 190
Density: 0.005
Min abundance: 0

Loading refined abundances
	Duration: 0
Collecting kminmers
Building mdbg
Duration: 0
Nb solid kminmers: 24655
Nb small contigs written: 0
Dump kminmer abundances
	Duration: 0
Indexing edges
Edge index size: 24772
Edge index elements: 47100
	Duration: 0
Compute unitig nodes
	Duration: 0
Index unitig edges
	Duration: 0
Compute unitig edges
	Duration: 0
Dump unitig abundances
	Duration: 0
Nb edges:   0


metaMDBG contig  /var/folders/zg/vq0dnx517c54hg87dyqjky740000gn/T/.tmprWAL2M/tmp/ --threads 10

Input dir: /var/folders/zg/vq0dnx517c54hg87dyqjky740000gn/T/.tmprWAL2M/tmp/
Minimizer length: 15
Kminmer length: 190
Density: 0.005

Loading unitig graph
Load unitigs
Nb unitigs: 240
Nb minimizers: 70015
Add unitig abundances
Sorting abundances
Add unitig edges
Nb unitig edges: 246
Sorting unitig edges
Done loading unitig graph
Simplifying
Max abundance: 41
Nb unitigs: 240
Superbubble
Nb superbubble removed: 0 0 (0s)
Tip
Nb Tip removed: 39 (0s)
Superbubble
Nb superbubble removed: 0 0 (0s)
Tip
Nb Tip removed: 0 (0s)
Nb errors removed: 43 (0s)
Superbubble
Nb superbubble removed: 0 0 (0s)
Tip
Nb Tip removed: 0 (0s)
Nb errors removed: 1 (0s)
Superbubble
Nb superbubble removed: 0 0 (0s)
Tip
Nb Tip removed: 0 (0s)
Nb errors removed: 19 (0s)
Superbubble
Nb superbubble removed: 0 0 (0s)
Tip
Nb Tip removed: 0 (0s)
Nb errors removed: 18 (0s)
Superbubble
Nb superbubble removed: 0 0 (0s)
Tip
Nb Tip removed: 0 (0s)
Nb errors removed: 21 (0s)
Superbubble
Nb superbubble removed: 0 0 (0s)
Tip
Nb Tip removed: 0 (0s)
Nb errors removed: 10 (0s)
Superbubble
Nb superbubble removed: 0 0 (0s)
Tip
Nb Tip removed: 0 (0s)
Nb errors removed: 16 (0s)
Superbubble
Nb superbubble removed: 0 0 (0s)
Tip
Nb Tip removed: 0 (0s)
Nb errors removed: 11 (0s)
Superbubble
Nb superbubble removed: 0 0 (0s)
Tip
Nb Tip removed: 0 (0s)
Nb errors removed: 8 (0s)
Superbubble
Nb superbubble removed: 0 0 (0s)
Tip
Nb Tip removed: 0 (0s)
Nb errors removed: 6 (0s)
Superbubble
Nb superbubble removed: 0 0 (0s)
Tip
Nb Tip removed: 0 (0s)
Nb errors removed: 8 (0s)
Superbubble
Nb superbubble removed: 0 0 (0s)
Tip
Nb Tip removed: 0 (0s)
Nb errors removed: 13 (0s)
Superbubble
Nb superbubble removed: 0 0 (0s)
Tip
Nb Tip removed: 0 (0s)
Nb errors removed: 2 (0s)
Superbubble
Nb superbubble removed: 0 0 (0s)
Tip
Nb Tip removed: 0 (0s)
Nb errors removed: 1 (0s)
Superbubble
Nb superbubble removed: 0 0 (0s)
Tip
Nb Tip removed: 0 (0s)
Nb errors removed: 2 (0s)
Superbubble
Nb superbubble removed: 0 0 (0s)
Tip
Nb Tip removed: 0 (0s)
Nb errors removed: 1 (0s)
Superbubble
Nb superbubble removed: 0 0 (0s)
Tip
Nb Tip removed: 0 (0s)
Checksum: 0
Checksum abundnace: 0
Generating contigs
41.1448
28.1025
23.2252
14.421
13.11
11.9182
10.8347
9.84974
8.14028
7.40025
6.11591
5.05447
4.17725
3.13843
2.59374
2.14359
0


metaMDBG toMinspace  /var/folders/zg/vq0dnx517c54hg87dyqjky740000gn/T/.tmprWAL2M/tmp/ /var/folders/zg/vq0dnx517c54hg87dyqjky740000gn/T/.tmprWAL2M/tmp//contigs.nodepath /var/folders/zg/vq0dnx517c54hg87dyqjky740000gn/T/.tmprWAL2M/tmp//unitig_data.txt --threads 10

Input dir: /var/folders/zg/vq0dnx517c54hg87dyqjky740000gn/T/.tmprWAL2M/tmp/
Minimizer length: 15
Kminmer length: 190
Density: 0.005

Loading unitig sequences

Creating mContigs

Contig filename: /var/folders/zg/vq0dnx517c54hg87dyqjky740000gn/T/.tmprWAL2M/tmp//unitig_data.txt
pass done: 190
Multi-k pass: 191/205


metaMDBG graph /var/folders/zg/vq0dnx517c54hg87dyqjky740000gn/T/.tmprWAL2M/tmp/ --threads 10 --corrected-read 

Contig filename: 
Output dir: /var/folders/zg/vq0dnx517c54hg87dyqjky740000gn/T/.tmprWAL2M/tmp/
Minimizer length: 15
Kminmer length: 191
Density: 0.005
Min abundance: 0

Loading refined abundances
	Duration: 0
Collecting kminmers
Building mdbg
Duration: 0
Nb solid kminmers: 24538
Nb small contigs written: 0
Dump kminmer abundances
	Duration: 0
Indexing edges
Edge index size: 24655
Edge index elements: 46984
	Duration: 0
Compute unitig nodes
	Duration: 0
Index unitig edges
	Duration: 0
Compute unitig edges
	Duration: 0
Dump unitig abundances
	Duration: 0
Nb edges:   0


metaMDBG contig  /var/folders/zg/vq0dnx517c54hg87dyqjky740000gn/T/.tmprWAL2M/tmp/ --threads 10 --gen-graph 

Input dir: /var/folders/zg/vq0dnx517c54hg87dyqjky740000gn/T/.tmprWAL2M/tmp/
Minimizer length: 15
Kminmer length: 191
Density: 0.005

Loading unitig graph
Load unitigs
Nb unitigs: 240
Nb minimizers: 70138
Add unitig abundances
Sorting abundances
Add unitig edges
Nb unitig edges: 246
Sorting unitig edges
Done loading unitig graph
Simplifying
Max abundance: 41
Nb unitigs: 240
Superbubble
Nb superbubble removed: 0 0 (0s)
Tip
Nb Tip removed: 38 (0s)
Superbubble
Nb superbubble removed: 0 0 (0s)
Tip
Nb Tip removed: 0 (0s)
Saving unitig graph: /var/folders/zg/vq0dnx517c54hg87dyqjky740000gn/T/.tmprWAL2M/tmp//assembly_graph.gfa
Nb errors removed: 43 (0s)
Superbubble
Nb superbubble removed: 0 0 (0s)
Tip
Nb Tip removed: 0 (0s)
Nb errors removed: 1 (0s)
Superbubble
Nb superbubble removed: 0 0 (0s)
Tip
Nb Tip removed: 0 (0s)
Nb errors removed: 19 (0s)
Superbubble
Nb superbubble removed: 0 0 (0s)
Tip
Nb Tip removed: 0 (0s)
Nb errors removed: 18 (0s)
Superbubble
Nb superbubble removed: 0 0 (0s)
Tip
Nb Tip removed: 0 (0s)
Nb errors removed: 21 (0s)
Superbubble
Nb superbubble removed: 0 0 (0s)
Tip
Nb Tip removed: 0 (0s)
Nb errors removed: 10 (0s)
Superbubble
Nb superbubble removed: 0 0 (0s)
Tip
Nb Tip removed: 0 (0s)
Nb errors removed: 16 (0s)
Superbubble
Nb superbubble removed: 0 0 (0s)
Tip
Nb Tip removed: 0 (0s)
Nb errors removed: 11 (0s)
Superbubble
Nb superbubble removed: 0 0 (0s)
Tip
Nb Tip removed: 0 (0s)
Nb errors removed: 8 (0s)
Superbubble
Nb superbubble removed: 0 0 (0s)
Tip
Nb Tip removed: 0 (0s)
Nb errors removed: 6 (0s)
Superbubble
Nb superbubble removed: 0 0 (0s)
Tip
Nb Tip removed: 0 (0s)
Nb errors removed: 8 (0s)
Superbubble
Nb superbubble removed: 0 0 (0s)
Tip
Nb Tip removed: 0 (0s)
Nb errors removed: 13 (0s)
Superbubble
Nb superbubble removed: 0 0 (0s)
Tip
Nb Tip removed: 0 (0s)
Nb errors removed: 2 (0s)
Superbubble
Nb superbubble removed: 0 0 (0s)
Tip
Nb Tip removed: 0 (0s)
Nb errors removed: 1 (0s)
Superbubble
Nb superbubble removed: 0 0 (0s)
Tip
Nb Tip removed: 0 (0s)
Nb errors removed: 2 (0s)
Superbubble
Nb superbubble removed: 0 0 (0s)
Tip
Nb Tip removed: 0 (0s)
Nb errors removed: 1 (0s)
Superbubble
Nb superbubble removed: 0 0 (0s)
Tip
Nb Tip removed: 0 (0s)
Checksum: 0
Checksum abundnace: 0
Generating contigs
41.1448
28.1025
23.2252
14.421
13.11
11.9182
10.8347
9.84974
8.14028
7.40025
6.11591
5.05447
4.17725
3.13843
2.59374
2.14359
0


metaMDBG toMinspace  /var/folders/zg/vq0dnx517c54hg87dyqjky740000gn/T/.tmprWAL2M/tmp/ /var/folders/zg/vq0dnx517c54hg87dyqjky740000gn/T/.tmprWAL2M/tmp//contigs.nodepath /var/folders/zg/vq0dnx517c54hg87dyqjky740000gn/T/.tmprWAL2M/tmp//unitig_data.txt --threads 10

Input dir: /var/folders/zg/vq0dnx517c54hg87dyqjky740000gn/T/.tmprWAL2M/tmp/
Minimizer length: 15
Kminmer length: 191
Density: 0.005

Loading unitig sequences

Creating mContigs

Contig filename: /var/folders/zg/vq0dnx517c54hg87dyqjky740000gn/T/.tmprWAL2M/tmp//unitig_data.txt


metaMDBG toMinspace  /var/folders/zg/vq0dnx517c54hg87dyqjky740000gn/T/.tmprWAL2M/tmp/ /var/folders/zg/vq0dnx517c54hg87dyqjky740000gn/T/.tmprWAL2M/tmp//assembly_graph.gfa.unitigs.nodepath /var/folders/zg/vq0dnx517c54hg87dyqjky740000gn/T/.tmprWAL2M/tmp//assembly_graph.gfa.unitigs --threads 10

Input dir: /var/folders/zg/vq0dnx517c54hg87dyqjky740000gn/T/.tmprWAL2M/tmp/
Minimizer length: 15
Kminmer length: 191
Density: 0.005

Loading unitig sequences

Creating mContigs

Contig filename: /var/folders/zg/vq0dnx517c54hg87dyqjky740000gn/T/.tmprWAL2M/tmp//assembly_graph.gfa.unitigs
pass done: 191
Multi-k pass: 192/205


metaMDBG graph /var/folders/zg/vq0dnx517c54hg87dyqjky740000gn/T/.tmprWAL2M/tmp/ --threads 10 --corrected-read 

Contig filename: 
Output dir: /var/folders/zg/vq0dnx517c54hg87dyqjky740000gn/T/.tmprWAL2M/tmp/
Minimizer length: 15
Kminmer length: 192
Density: 0.005
Min abundance: 0

Loading refined abundances
	Duration: 0
Collecting kminmers
Building mdbg
Duration: 0
Nb solid kminmers: 24421
Nb small contigs written: 0
Dump kminmer abundances
	Duration: 0
Indexing edges
Edge index size: 24538
Edge index elements: 46773
	Duration: 0
Compute unitig nodes
	Duration: 0
Index unitig edges
	Duration: 0
Compute unitig edges
	Duration: 0
Dump unitig abundances
	Duration: 0
Nb edges:   0


metaMDBG contig  /var/folders/zg/vq0dnx517c54hg87dyqjky740000gn/T/.tmprWAL2M/tmp/ --threads 10

Input dir: /var/folders/zg/vq0dnx517c54hg87dyqjky740000gn/T/.tmprWAL2M/tmp/
Minimizer length: 15
Kminmer length: 192
Density: 0.005

Loading unitig graph
Load unitigs
Nb unitigs: 239
Nb minimizers: 70070
Add unitig abundances
Sorting abundances
Add unitig edges
Nb unitig edges: 246
Sorting unitig edges
Done loading unitig graph
Simplifying
Max abundance: 41
Nb unitigs: 239
Superbubble
Nb superbubble removed: 0 0 (0s)
Tip
Nb Tip removed: 38 (0s)
Superbubble
Nb superbubble removed: 0 0 (0s)
Tip
Nb Tip removed: 0 (0s)
Nb errors removed: 43 (0s)
Superbubble
Nb superbubble removed: 0 0 (0s)
Tip
Nb Tip removed: 0 (0s)
Nb errors removed: 1 (0s)
Superbubble
Nb superbubble removed: 0 0 (0s)
Tip
Nb Tip removed: 0 (0s)
Nb errors removed: 19 (0s)
Superbubble
Nb superbubble removed: 0 0 (0s)
Tip
Nb Tip removed: 0 (0s)
Nb errors removed: 18 (0s)
Superbubble
Nb superbubble removed: 0 0 (0s)
Tip
Nb Tip removed: 0 (0s)
Nb errors removed: 21 (0s)
Superbubble
Nb superbubble removed: 0 0 (0s)
Tip
Nb Tip removed: 0 (0s)
Nb errors removed: 10 (0s)
Superbubble
Nb superbubble removed: 0 0 (0s)
Tip
Nb Tip removed: 0 (0s)
Nb errors removed: 16 (0s)
Superbubble
Nb superbubble removed: 0 0 (0s)
Tip
Nb Tip removed: 0 (0s)
Nb errors removed: 11 (0s)
Superbubble
Nb superbubble removed: 0 0 (0s)
Tip
Nb Tip removed: 0 (0s)
Nb errors removed: 8 (0s)
Superbubble
Nb superbubble removed: 0 0 (0s)
Tip
Nb Tip removed: 0 (0s)
Nb errors removed: 6 (0s)
Superbubble
Nb superbubble removed: 0 0 (0s)
Tip
Nb Tip removed: 0 (0s)
Nb errors removed: 8 (0s)
Superbubble
Nb superbubble removed: 0 0 (0s)
Tip
Nb Tip removed: 0 (0s)
Nb errors removed: 13 (0s)
Superbubble
Nb superbubble removed: 0 0 (0s)
Tip
Nb Tip removed: 0 (0s)
Nb errors removed: 2 (0s)
Superbubble
Nb superbubble removed: 0 0 (0s)
Tip
Nb Tip removed: 0 (0s)
Nb errors removed: 1 (0s)
Superbubble
Nb superbubble removed: 0 0 (0s)
Tip
Nb Tip removed: 0 (0s)
Nb errors removed: 2 (0s)
Superbubble
Nb superbubble removed: 0 0 (0s)
Tip
Nb Tip removed: 0 (0s)
Nb errors removed: 1 (0s)
Superbubble
Nb superbubble removed: 0 0 (0s)
Tip
Nb Tip removed: 0 (0s)
Checksum: 0
Checksum abundnace: 0
Generating contigs
41.1448
28.1025
23.2252
14.421
13.11
11.9182
10.8347
9.84974
8.14028
7.40025
6.11591
5.05447
4.17725
3.13843
2.59374
2.14359
0


metaMDBG toMinspace  /var/folders/zg/vq0dnx517c54hg87dyqjky740000gn/T/.tmprWAL2M/tmp/ /var/folders/zg/vq0dnx517c54hg87dyqjky740000gn/T/.tmprWAL2M/tmp//contigs.nodepath /var/folders/zg/vq0dnx517c54hg87dyqjky740000gn/T/.tmprWAL2M/tmp//unitig_data.txt --threads 10

Input dir: /var/folders/zg/vq0dnx517c54hg87dyqjky740000gn/T/.tmprWAL2M/tmp/
Minimizer length: 15
Kminmer length: 192
Density: 0.005

Loading unitig sequences

Creating mContigs

Contig filename: /var/folders/zg/vq0dnx517c54hg87dyqjky740000gn/T/.tmprWAL2M/tmp//unitig_data.txt
pass done: 192
Multi-k pass: 193/205


metaMDBG graph /var/folders/zg/vq0dnx517c54hg87dyqjky740000gn/T/.tmprWAL2M/tmp/ --threads 10 --corrected-read 

Contig filename: 
Output dir: /var/folders/zg/vq0dnx517c54hg87dyqjky740000gn/T/.tmprWAL2M/tmp/
Minimizer length: 15
Kminmer length: 193
Density: 0.005
Min abundance: 0

Loading refined abundances
	Duration: 0
Collecting kminmers
Building mdbg
Duration: 0
Nb solid kminmers: 24304
Nb small contigs written: 0
Dump kminmer abundances
	Duration: 0
Indexing edges
Edge index size: 24418
Edge index elements: 46575
	Duration: 0
Compute unitig nodes
	Duration: 0
Index unitig edges
	Duration: 0
Compute unitig edges
	Duration: 0
Dump unitig abundances
	Duration: 0
Nb edges:   0


metaMDBG contig  /var/folders/zg/vq0dnx517c54hg87dyqjky740000gn/T/.tmprWAL2M/tmp/ --threads 10

Input dir: /var/folders/zg/vq0dnx517c54hg87dyqjky740000gn/T/.tmprWAL2M/tmp/
Minimizer length: 15
Kminmer length: 193
Density: 0.005

Loading unitig graph
Load unitigs
Nb unitigs: 237
Nb minimizers: 69808
Add unitig abundances
Sorting abundances
Add unitig edges
Nb unitig edges: 246
Sorting unitig edges
Done loading unitig graph
Simplifying
Max abundance: 41
Nb unitigs: 237
Superbubble
Nb superbubble removed: 0 0 (0s)
Tip
Nb Tip removed: 38 (0s)
Superbubble
Nb superbubble removed: 0 0 (0s)
Tip
Nb Tip removed: 0 (0s)
Nb errors removed: 42 (0s)
Superbubble
Nb superbubble removed: 0 0 (0s)
Tip
Nb Tip removed: 0 (0s)
Nb errors removed: 1 (0s)
Superbubble
Nb superbubble removed: 0 0 (0s)
Tip
Nb Tip removed: 0 (0s)
Nb errors removed: 19 (0s)
Superbubble
Nb superbubble removed: 0 0 (0s)
Tip
Nb Tip removed: 0 (0s)
Nb errors removed: 18 (0s)
Superbubble
Nb superbubble removed: 0 0 (0s)
Tip
Nb Tip removed: 0 (0s)
Nb errors removed: 21 (0s)
Superbubble
Nb superbubble removed: 0 0 (0s)
Tip
Nb Tip removed: 0 (0s)
Nb errors removed: 10 (0s)
Superbubble
Nb superbubble removed: 0 0 (0s)
Tip
Nb Tip removed: 0 (0s)
Nb errors removed: 16 (0s)
Superbubble
Nb superbubble removed: 0 0 (0s)
Tip
Nb Tip removed: 0 (0s)
Nb errors removed: 11 (0s)
Superbubble
Nb superbubble removed: 0 0 (0s)
Tip
Nb Tip removed: 0 (0s)
Nb errors removed: 7 (0s)
Superbubble
Nb superbubble removed: 0 0 (0s)
Tip
Nb Tip removed: 0 (0s)
Nb errors removed: 5 (0s)
Superbubble
Nb superbubble removed: 0 0 (0s)
Tip
Nb Tip removed: 0 (0s)
Nb errors removed: 9 (0s)
Superbubble
Nb superbubble removed: 0 0 (0s)
Tip
Nb Tip removed: 0 (0s)
Nb errors removed: 13 (0s)
Superbubble
Nb superbubble removed: 0 0 (0s)
Tip
Nb Tip removed: 0 (0s)
Nb errors removed: 2 (0s)
Superbubble
Nb superbubble removed: 0 0 (0s)
Tip
Nb Tip removed: 0 (0s)
Nb errors removed: 1 (0s)
Superbubble
Nb superbubble removed: 0 0 (0s)
Tip
Nb Tip removed: 0 (0s)
Nb errors removed: 2 (0s)
Superbubble
Nb superbubble removed: 0 0 (0s)
Tip
Nb Tip removed: 0 (0s)
Nb errors removed: 1 (0s)
Superbubble
Nb superbubble removed: 0 0 (0s)
Tip
Nb Tip removed: 0 (0s)
Checksum: 0
Checksum abundnace: 0
Generating contigs
41.1448
28.1025
23.2252
14.421
13.11
11.9182
10.8347
9.84974
8.14028
7.40025
6.11591
5.05447
4.17725
3.13843
2.59374
2.14359
0


metaMDBG toMinspace  /var/folders/zg/vq0dnx517c54hg87dyqjky740000gn/T/.tmprWAL2M/tmp/ /var/folders/zg/vq0dnx517c54hg87dyqjky740000gn/T/.tmprWAL2M/tmp//contigs.nodepath /var/folders/zg/vq0dnx517c54hg87dyqjky740000gn/T/.tmprWAL2M/tmp//unitig_data.txt --threads 10

Input dir: /var/folders/zg/vq0dnx517c54hg87dyqjky740000gn/T/.tmprWAL2M/tmp/
Minimizer length: 15
Kminmer length: 193
Density: 0.005

Loading unitig sequences

Creating mContigs

Contig filename: /var/folders/zg/vq0dnx517c54hg87dyqjky740000gn/T/.tmprWAL2M/tmp//unitig_data.txt
pass done: 193
Multi-k pass: 194/205


metaMDBG graph /var/folders/zg/vq0dnx517c54hg87dyqjky740000gn/T/.tmprWAL2M/tmp/ --threads 10 --corrected-read 

Contig filename: 
Output dir: /var/folders/zg/vq0dnx517c54hg87dyqjky740000gn/T/.tmprWAL2M/tmp/
Minimizer length: 15
Kminmer length: 194
Density: 0.005
Min abundance: 0

Loading refined abundances
	Duration: 0
Collecting kminmers
Building mdbg
Duration: 0
Nb solid kminmers: 24188
Nb small contigs written: 0
Dump kminmer abundances
	Duration: 0
Indexing edges
Edge index size: 24300
Edge index elements: 46399
	Duration: 0
Compute unitig nodes
	Duration: 0
Index unitig edges
	Duration: 0
Compute unitig edges
	Duration: 0
Dump unitig abundances
	Duration: 0
Nb edges:   0


metaMDBG contig  /var/folders/zg/vq0dnx517c54hg87dyqjky740000gn/T/.tmprWAL2M/tmp/ --threads 10

Input dir: /var/folders/zg/vq0dnx517c54hg87dyqjky740000gn/T/.tmprWAL2M/tmp/
Minimizer length: 15
Kminmer length: 194
Density: 0.005

Loading unitig graph
Load unitigs
Nb unitigs: 230
Nb minimizers: 68578
Add unitig abundances
Sorting abundances
Add unitig edges
Nb unitig edges: 238
Sorting unitig edges
Done loading unitig graph
Simplifying
Max abundance: 41
Nb unitigs: 230
Superbubble
Nb superbubble removed: 0 0 (0s)
Tip
Nb Tip removed: 36 (0s)
Superbubble
Nb superbubble removed: 0 0 (0s)
Tip
Nb Tip removed: 0 (0s)
Nb errors removed: 43 (0s)
Superbubble
Nb superbubble removed: 0 0 (0s)
Tip
Nb Tip removed: 0 (0s)
Nb errors removed: 1 (0s)
Superbubble
Nb superbubble removed: 0 0 (0s)
Tip
Nb Tip removed: 0 (0s)
Nb errors removed: 17 (0s)
Superbubble
Nb superbubble removed: 0 0 (0s)
Tip
Nb Tip removed: 0 (0s)
Nb errors removed: 17 (0s)
Superbubble
Nb superbubble removed: 0 0 (0s)
Tip
Nb Tip removed: 0 (0s)
Nb errors removed: 21 (0s)
Superbubble
Nb superbubble removed: 0 0 (0s)
Tip
Nb Tip removed: 0 (0s)
Nb errors removed: 10 (0s)
Superbubble
Nb superbubble removed: 0 0 (0s)
Tip
Nb Tip removed: 0 (0s)
Nb errors removed: 16 (0s)
Superbubble
Nb superbubble removed: 0 0 (0s)
Tip
Nb Tip removed: 0 (0s)
Nb errors removed: 11 (0s)
Superbubble
Nb superbubble removed: 0 0 (0s)
Tip
Nb Tip removed: 0 (0s)
Nb errors removed: 7 (0s)
Superbubble
Nb superbubble removed: 0 0 (0s)
Tip
Nb Tip removed: 0 (0s)
Nb errors removed: 5 (0s)
Superbubble
Nb superbubble removed: 0 0 (0s)
Tip
Nb Tip removed: 0 (0s)
Nb errors removed: 8 (0s)
Superbubble
Nb superbubble removed: 0 0 (0s)
Tip
Nb Tip removed: 0 (0s)
Nb errors removed: 12 (0s)
Superbubble
Nb superbubble removed: 0 0 (0s)
Tip
Nb Tip removed: 0 (0s)
Nb errors removed: 2 (0s)
Superbubble
Nb superbubble removed: 0 0 (0s)
Tip
Nb Tip removed: 0 (0s)
Nb errors removed: 1 (0s)
Superbubble
Nb superbubble removed: 0 0 (0s)
Tip
Nb Tip removed: 0 (0s)
Nb errors removed: 2 (0s)
Superbubble
Nb superbubble removed: 0 0 (0s)
Tip
Nb Tip removed: 0 (0s)
Nb errors removed: 1 (0s)
Superbubble
Nb superbubble removed: 0 0 (0s)
Tip
Nb Tip removed: 0 (0s)
Checksum: 0
Checksum abundnace: 0
Generating contigs
41.1448
28.1025
23.2252
14.421
13.11
11.9182
10.8347
9.84974
8.14028
7.40025
6.11591
5.05447
4.17725
3.13843
2.59374
2.14359
0


metaMDBG toMinspace  /var/folders/zg/vq0dnx517c54hg87dyqjky740000gn/T/.tmprWAL2M/tmp/ /var/folders/zg/vq0dnx517c54hg87dyqjky740000gn/T/.tmprWAL2M/tmp//contigs.nodepath /var/folders/zg/vq0dnx517c54hg87dyqjky740000gn/T/.tmprWAL2M/tmp//unitig_data.txt --threads 10

Input dir: /var/folders/zg/vq0dnx517c54hg87dyqjky740000gn/T/.tmprWAL2M/tmp/
Minimizer length: 15
Kminmer length: 194
Density: 0.005

Loading unitig sequences

Creating mContigs

Contig filename: /var/folders/zg/vq0dnx517c54hg87dyqjky740000gn/T/.tmprWAL2M/tmp//unitig_data.txt
pass done: 194
Multi-k pass: 195/205


metaMDBG graph /var/folders/zg/vq0dnx517c54hg87dyqjky740000gn/T/.tmprWAL2M/tmp/ --threads 10 --corrected-read 

Contig filename: 
Output dir: /var/folders/zg/vq0dnx517c54hg87dyqjky740000gn/T/.tmprWAL2M/tmp/
Minimizer length: 15
Kminmer length: 195
Density: 0.005
Min abundance: 0

Loading refined abundances
	Duration: 0
Collecting kminmers
Building mdbg
Duration: 0
Nb solid kminmers: 24073
Nb small contigs written: 0
Dump kminmer abundances
	Duration: 0
Indexing edges
Edge index size: 24188
Edge index elements: 46217
	Duration: 0
Compute unitig nodes
	Duration: 0
Index unitig edges
	Duration: 0
Compute unitig edges
	Duration: 0
Dump unitig abundances
	Duration: 0
Nb edges:   0


metaMDBG contig  /var/folders/zg/vq0dnx517c54hg87dyqjky740000gn/T/.tmprWAL2M/tmp/ --threads 10

Input dir: /var/folders/zg/vq0dnx517c54hg87dyqjky740000gn/T/.tmprWAL2M/tmp/
Minimizer length: 15
Kminmer length: 195
Density: 0.005

Loading unitig graph
Load unitigs
Nb unitigs: 226
Nb minimizers: 67917
Add unitig abundances
Sorting abundances
Add unitig edges
Nb unitig edges: 222
Sorting unitig edges
Done loading unitig graph
Simplifying
Max abundance: 41
Nb unitigs: 226
Superbubble
Nb superbubble removed: 0 0 (0s)
Tip
Nb Tip removed: 34 (0s)
Superbubble
Nb superbubble removed: 0 0 (0s)
Tip
Nb Tip removed: 0 (0s)
Nb errors removed: 43 (0s)
Superbubble
Nb superbubble removed: 0 0 (0s)
Tip
Nb Tip removed: 0 (0s)
Nb errors removed: 17 (0s)
Superbubble
Nb superbubble removed: 0 0 (0s)
Tip
Nb Tip removed: 0 (0s)
Nb errors removed: 17 (0s)
Superbubble
Nb superbubble removed: 0 0 (0s)
Tip
Nb Tip removed: 0 (0s)
Nb errors removed: 21 (0s)
Superbubble
Nb superbubble removed: 0 0 (0s)
Tip
Nb Tip removed: 0 (0s)
Nb errors removed: 10 (0s)
Superbubble
Nb superbubble removed: 0 0 (0s)
Tip
Nb Tip removed: 0 (0s)
Nb errors removed: 16 (0s)
Superbubble
Nb superbubble removed: 0 0 (0s)
Tip
Nb Tip removed: 0 (0s)
Nb errors removed: 11 (0s)
Superbubble
Nb superbubble removed: 0 0 (0s)
Tip
Nb Tip removed: 0 (0s)
Nb errors removed: 7 (0s)
Superbubble
Nb superbubble removed: 0 0 (0s)
Tip
Nb Tip removed: 0 (0s)
Nb errors removed: 5 (0s)
Superbubble
Nb superbubble removed: 0 0 (0s)
Tip
Nb Tip removed: 0 (0s)
Nb errors removed: 7 (0s)
Superbubble
Nb superbubble removed: 0 0 (0s)
Tip
Nb Tip removed: 0 (0s)
Nb errors removed: 12 (0s)
Superbubble
Nb superbubble removed: 0 0 (0s)
Tip
Nb Tip removed: 0 (0s)
Nb errors removed: 2 (0s)
Superbubble
Nb superbubble removed: 0 0 (0s)
Tip
Nb Tip removed: 0 (0s)
Nb errors removed: 1 (0s)
Superbubble
Nb superbubble removed: 0 0 (0s)
Tip
Nb Tip removed: 0 (0s)
Nb errors removed: 2 (0s)
Superbubble
Nb superbubble removed: 0 0 (0s)
Tip
Nb Tip removed: 0 (0s)
Nb errors removed: 1 (0s)
Superbubble
Nb superbubble removed: 0 0 (0s)
Tip
Nb Tip removed: 0 (0s)
Checksum: 0
Checksum abundnace: 0
Generating contigs
41.1448
28.1025
23.2252
14.421
13.11
11.9182
10.8347
9.84974
8.14028
7.40025
6.11591
5.05447
4.17725
3.13843
2.14359
0


metaMDBG toMinspace  /var/folders/zg/vq0dnx517c54hg87dyqjky740000gn/T/.tmprWAL2M/tmp/ /var/folders/zg/vq0dnx517c54hg87dyqjky740000gn/T/.tmprWAL2M/tmp//contigs.nodepath /var/folders/zg/vq0dnx517c54hg87dyqjky740000gn/T/.tmprWAL2M/tmp//unitig_data.txt --threads 10

Input dir: /var/folders/zg/vq0dnx517c54hg87dyqjky740000gn/T/.tmprWAL2M/tmp/
Minimizer length: 15
Kminmer length: 195
Density: 0.005

Loading unitig sequences

Creating mContigs

Contig filename: /var/folders/zg/vq0dnx517c54hg87dyqjky740000gn/T/.tmprWAL2M/tmp//unitig_data.txt
pass done: 195
Multi-k pass: 196/205


metaMDBG graph /var/folders/zg/vq0dnx517c54hg87dyqjky740000gn/T/.tmprWAL2M/tmp/ --threads 10 --corrected-read 

Contig filename: 
Output dir: /var/folders/zg/vq0dnx517c54hg87dyqjky740000gn/T/.tmprWAL2M/tmp/
Minimizer length: 15
Kminmer length: 196
Density: 0.005
Min abundance: 0

Loading refined abundances
	Duration: 0
Collecting kminmers
Building mdbg
Duration: 0
Nb solid kminmers: 23957
Nb small contigs written: 0
Dump kminmer abundances
	Duration: 0
Indexing edges
Edge index size: 24071
Edge index elements: 45926
	Duration: 0
Compute unitig nodes
	Duration: 0
Index unitig edges
	Duration: 0
Compute unitig edges
	Duration: 0
Dump unitig abundances
	Duration: 0
Nb edges:   0


metaMDBG contig  /var/folders/zg/vq0dnx517c54hg87dyqjky740000gn/T/.tmprWAL2M/tmp/ --threads 10

Input dir: /var/folders/zg/vq0dnx517c54hg87dyqjky740000gn/T/.tmprWAL2M/tmp/
Minimizer length: 15
Kminmer length: 196
Density: 0.005

Loading unitig graph
Load unitigs
Nb unitigs: 223
Nb minimizers: 67442
Add unitig abundances
Sorting abundances
Add unitig edges
Nb unitig edges: 218
Sorting unitig edges
Done loading unitig graph
Simplifying
Max abundance: 41
Nb unitigs: 223
Superbubble
Nb superbubble removed: 0 0 (0s)
Tip
Nb Tip removed: 34 (0s)
Superbubble
Nb superbubble removed: 0 0 (0s)
Tip
Nb Tip removed: 0 (0s)
Nb errors removed: 42 (0s)
Superbubble
Nb superbubble removed: 0 0 (0s)
Tip
Nb Tip removed: 0 (0s)
Nb errors removed: 17 (0s)
Superbubble
Nb superbubble removed: 0 0 (0s)
Tip
Nb Tip removed: 0 (0s)
Nb errors removed: 17 (0s)
Superbubble
Nb superbubble removed: 0 0 (0s)
Tip
Nb Tip removed: 0 (0s)
Nb errors removed: 20 (0s)
Superbubble
Nb superbubble removed: 0 0 (0s)
Tip
Nb Tip removed: 0 (0s)
Nb errors removed: 10 (0s)
Superbubble
Nb superbubble removed: 0 0 (0s)
Tip
Nb Tip removed: 0 (0s)
Nb errors removed: 16 (0s)
Superbubble
Nb superbubble removed: 0 0 (0s)
Tip
Nb Tip removed: 0 (0s)
Nb errors removed: 11 (0s)
Superbubble
Nb superbubble removed: 0 0 (0s)
Tip
Nb Tip removed: 0 (0s)
Nb errors removed: 7 (0s)
Superbubble
Nb superbubble removed: 0 0 (0s)
Tip
Nb Tip removed: 0 (0s)
Nb errors removed: 5 (0s)
Superbubble
Nb superbubble removed: 0 0 (0s)
Tip
Nb Tip removed: 0 (0s)
Nb errors removed: 7 (0s)
Superbubble
Nb superbubble removed: 0 0 (0s)
Tip
Nb Tip removed: 0 (0s)
Nb errors removed: 12 (0s)
Superbubble
Nb superbubble removed: 0 0 (0s)
Tip
Nb Tip removed: 0 (0s)
Nb errors removed: 2 (0s)
Superbubble
Nb superbubble removed: 0 0 (0s)
Tip
Nb Tip removed: 0 (0s)
Nb errors removed: 1 (0s)
Superbubble
Nb superbubble removed: 0 0 (0s)
Tip
Nb Tip removed: 0 (0s)
Nb errors removed: 2 (0s)
Superbubble
Nb superbubble removed: 0 0 (0s)
Tip
Nb Tip removed: 0 (0s)
Nb errors removed: 1 (0s)
Superbubble
Nb superbubble removed: 0 0 (0s)
Tip
Nb Tip removed: 0 (0s)
Checksum: 0
Checksum abundnace: 0
Generating contigs
41.1448
28.1025
23.2252
14.421
13.11
11.9182
10.8347
9.84974
8.14028
7.40025
6.11591
5.05447
4.17725
3.13843
2.14359
0


metaMDBG toMinspace  /var/folders/zg/vq0dnx517c54hg87dyqjky740000gn/T/.tmprWAL2M/tmp/ /var/folders/zg/vq0dnx517c54hg87dyqjky740000gn/T/.tmprWAL2M/tmp//contigs.nodepath /var/folders/zg/vq0dnx517c54hg87dyqjky740000gn/T/.tmprWAL2M/tmp//unitig_data.txt --threads 10

Input dir: /var/folders/zg/vq0dnx517c54hg87dyqjky740000gn/T/.tmprWAL2M/tmp/
Minimizer length: 15
Kminmer length: 196
Density: 0.005

Loading unitig sequences

Creating mContigs

Contig filename: /var/folders/zg/vq0dnx517c54hg87dyqjky740000gn/T/.tmprWAL2M/tmp//unitig_data.txt
pass done: 196
Multi-k pass: 197/205


metaMDBG graph /var/folders/zg/vq0dnx517c54hg87dyqjky740000gn/T/.tmprWAL2M/tmp/ --threads 10 --corrected-read 

Contig filename: 
Output dir: /var/folders/zg/vq0dnx517c54hg87dyqjky740000gn/T/.tmprWAL2M/tmp/
Minimizer length: 15
Kminmer length: 197
Density: 0.005
Min abundance: 0

Loading refined abundances
	Duration: 0
Collecting kminmers
Building mdbg
Duration: 0
Nb solid kminmers: 23843
Nb small contigs written: 0
Dump kminmer abundances
	Duration: 0
Indexing edges
Edge index size: 23956
Edge index elements: 45841
	Duration: 0
Compute unitig nodes
	Duration: 0
Index unitig edges
	Duration: 0
Compute unitig edges
	Duration: 0
Dump unitig abundances
	Duration: 0
Nb edges:   0


metaMDBG contig  /var/folders/zg/vq0dnx517c54hg87dyqjky740000gn/T/.tmprWAL2M/tmp/ --threads 10

Input dir: /var/folders/zg/vq0dnx517c54hg87dyqjky740000gn/T/.tmprWAL2M/tmp/
Minimizer length: 15
Kminmer length: 197
Density: 0.005

Loading unitig graph
Load unitigs
Nb unitigs: 222
Nb minimizers: 67355
Add unitig abundances
Sorting abundances
Add unitig edges
Nb unitig edges: 218
Sorting unitig edges
Done loading unitig graph
Simplifying
Max abundance: 41
Nb unitigs: 222
Superbubble
Nb superbubble removed: 0 0 (0s)
Tip
Nb Tip removed: 34 (0s)
Superbubble
Nb superbubble removed: 0 0 (0s)
Tip
Nb Tip removed: 0 (0s)
Nb errors removed: 42 (0s)
Superbubble
Nb superbubble removed: 0 0 (0s)
Tip
Nb Tip removed: 0 (0s)
Nb errors removed: 17 (0s)
Superbubble
Nb superbubble removed: 0 0 (0s)
Tip
Nb Tip removed: 0 (0s)
Nb errors removed: 16 (0s)
Superbubble
Nb superbubble removed: 0 0 (0s)
Tip
Nb Tip removed: 0 (0s)
Nb errors removed: 20 (0s)
Superbubble
Nb superbubble removed: 0 0 (0s)
Tip
Nb Tip removed: 0 (0s)
Nb errors removed: 10 (0s)
Superbubble
Nb superbubble removed: 0 0 (0s)
Tip
Nb Tip removed: 0 (0s)
Nb errors removed: 16 (0s)
Superbubble
Nb superbubble removed: 0 0 (0s)
Tip
Nb Tip removed: 0 (0s)
Nb errors removed: 11 (0s)
Superbubble
Nb superbubble removed: 0 0 (0s)
Tip
Nb Tip removed: 0 (0s)
Nb errors removed: 7 (0s)
Superbubble
Nb superbubble removed: 0 0 (0s)
Tip
Nb Tip removed: 0 (0s)
Nb errors removed: 5 (0s)
Superbubble
Nb superbubble removed: 0 0 (0s)
Tip
Nb Tip removed: 0 (0s)
Nb errors removed: 7 (0s)
Superbubble
Nb superbubble removed: 0 0 (0s)
Tip
Nb Tip removed: 0 (0s)
Nb errors removed: 12 (0s)
Superbubble
Nb superbubble removed: 0 0 (0s)
Tip
Nb Tip removed: 0 (0s)
Nb errors removed: 2 (0s)
Superbubble
Nb superbubble removed: 0 0 (0s)
Tip
Nb Tip removed: 0 (0s)
Nb errors removed: 1 (0s)
Superbubble
Nb superbubble removed: 0 0 (0s)
Tip
Nb Tip removed: 0 (0s)
Nb errors removed: 2 (0s)
Superbubble
Nb superbubble removed: 0 0 (0s)
Tip
Nb Tip removed: 0 (0s)
Nb errors removed: 1 (0s)
Superbubble
Nb superbubble removed: 0 0 (0s)
Tip
Nb Tip removed: 0 (0s)
Checksum: 0
Checksum abundnace: 0
Generating contigs
41.1448
28.1025
23.2252
14.421
13.11
11.9182
10.8347
9.84974
8.14028
7.40025
6.11591
5.05447
4.17725
3.13843
2.14359
0


metaMDBG toMinspace  /var/folders/zg/vq0dnx517c54hg87dyqjky740000gn/T/.tmprWAL2M/tmp/ /var/folders/zg/vq0dnx517c54hg87dyqjky740000gn/T/.tmprWAL2M/tmp//contigs.nodepath /var/folders/zg/vq0dnx517c54hg87dyqjky740000gn/T/.tmprWAL2M/tmp//unitig_data.txt --threads 10

Input dir: /var/folders/zg/vq0dnx517c54hg87dyqjky740000gn/T/.tmprWAL2M/tmp/
Minimizer length: 15
Kminmer length: 197
Density: 0.005

Loading unitig sequences

Creating mContigs

Contig filename: /var/folders/zg/vq0dnx517c54hg87dyqjky740000gn/T/.tmprWAL2M/tmp//unitig_data.txt
pass done: 197
Multi-k pass: 198/205


metaMDBG graph /var/folders/zg/vq0dnx517c54hg87dyqjky740000gn/T/.tmprWAL2M/tmp/ --threads 10 --corrected-read 

Contig filename: 
Output dir: /var/folders/zg/vq0dnx517c54hg87dyqjky740000gn/T/.tmprWAL2M/tmp/
Minimizer length: 15
Kminmer length: 198
Density: 0.005
Min abundance: 0

Loading refined abundances
	Duration: 0
Collecting kminmers
Building mdbg
Duration: 0
Nb solid kminmers: 23727
Nb small contigs written: 0
Dump kminmer abundances
	Duration: 0
Indexing edges
Edge index size: 23840
Edge index elements: 45513
	Duration: 0
Compute unitig nodes
	Duration: 0
Index unitig edges
	Duration: 0
Compute unitig edges
	Duration: 0
Dump unitig abundances
	Duration: 0
Nb edges:   0


metaMDBG contig  /var/folders/zg/vq0dnx517c54hg87dyqjky740000gn/T/.tmprWAL2M/tmp/ --threads 10

Input dir: /var/folders/zg/vq0dnx517c54hg87dyqjky740000gn/T/.tmprWAL2M/tmp/
Minimizer length: 15
Kminmer length: 198
Density: 0.005

Loading unitig graph
Load unitigs
Nb unitigs: 215
Nb minimizers: 66082
Add unitig abundances
Sorting abundances
Add unitig edges
Nb unitig edges: 206
Sorting unitig edges
Done loading unitig graph
Simplifying
Max abundance: 41
Nb unitigs: 215
Superbubble
Nb superbubble removed: 0 0 (0s)
Tip
Nb Tip removed: 32 (0s)
Superbubble
Nb superbubble removed: 0 0 (0s)
Tip
Nb Tip removed: 0 (0s)
Nb errors removed: 41 (0s)
Superbubble
Nb superbubble removed: 0 0 (0s)
Tip
Nb Tip removed: 0 (0s)
Nb errors removed: 16 (0s)
Superbubble
Nb superbubble removed: 0 0 (0s)
Tip
Nb Tip removed: 0 (0s)
Nb errors removed: 16 (0s)
Superbubble
Nb superbubble removed: 0 0 (0s)
Tip
Nb Tip removed: 0 (0s)
Nb errors removed: 20 (0s)
Superbubble
Nb superbubble removed: 0 0 (0s)
Tip
Nb Tip removed: 0 (0s)
Nb errors removed: 10 (0s)
Superbubble
Nb superbubble removed: 0 0 (0s)
Tip
Nb Tip removed: 0 (0s)
Nb errors removed: 15 (0s)
Superbubble
Nb superbubble removed: 0 0 (0s)
Tip
Nb Tip removed: 0 (0s)
Nb errors removed: 11 (0s)
Superbubble
Nb superbubble removed: 0 0 (0s)
Tip
Nb Tip removed: 0 (0s)
Nb errors removed: 7 (0s)
Superbubble
Nb superbubble removed: 0 0 (0s)
Tip
Nb Tip removed: 0 (0s)
Nb errors removed: 5 (0s)
Superbubble
Nb superbubble removed: 0 0 (0s)
Tip
Nb Tip removed: 0 (0s)
Nb errors removed: 7 (0s)
Superbubble
Nb superbubble removed: 0 0 (0s)
Tip
Nb Tip removed: 0 (0s)
Nb errors removed: 12 (0s)
Superbubble
Nb superbubble removed: 0 0 (0s)
Tip
Nb Tip removed: 0 (0s)
Nb errors removed: 2 (0s)
Superbubble
Nb superbubble removed: 0 0 (0s)
Tip
Nb Tip removed: 0 (0s)
Nb errors removed: 1 (0s)
Superbubble
Nb superbubble removed: 0 0 (0s)
Tip
Nb Tip removed: 0 (0s)
Nb errors removed: 2 (0s)
Superbubble
Nb superbubble removed: 0 0 (0s)
Tip
Nb Tip removed: 0 (0s)
Nb errors removed: 1 (0s)
Superbubble
Nb superbubble removed: 0 0 (0s)
Tip
Nb Tip removed: 0 (0s)
Checksum: 0
Checksum abundnace: 0
Generating contigs
41.1448
28.1025
23.2252
14.421
13.11
11.9182
10.8347
9.84974
8.14028
7.40025
6.11591
5.05447
4.17725
3.13843
2.14359
0


metaMDBG toMinspace  /var/folders/zg/vq0dnx517c54hg87dyqjky740000gn/T/.tmprWAL2M/tmp/ /var/folders/zg/vq0dnx517c54hg87dyqjky740000gn/T/.tmprWAL2M/tmp//contigs.nodepath /var/folders/zg/vq0dnx517c54hg87dyqjky740000gn/T/.tmprWAL2M/tmp//unitig_data.txt --threads 10

Input dir: /var/folders/zg/vq0dnx517c54hg87dyqjky740000gn/T/.tmprWAL2M/tmp/
Minimizer length: 15
Kminmer length: 198
Density: 0.005

Loading unitig sequences

Creating mContigs

Contig filename: /var/folders/zg/vq0dnx517c54hg87dyqjky740000gn/T/.tmprWAL2M/tmp//unitig_data.txt
pass done: 198
Multi-k pass: 199/205


metaMDBG graph /var/folders/zg/vq0dnx517c54hg87dyqjky740000gn/T/.tmprWAL2M/tmp/ --threads 10 --corrected-read 

Contig filename: 
Output dir: /var/folders/zg/vq0dnx517c54hg87dyqjky740000gn/T/.tmprWAL2M/tmp/
Minimizer length: 15
Kminmer length: 199
Density: 0.005
Min abundance: 0

Loading refined abundances
	Duration: 0
Collecting kminmers
Building mdbg
Duration: 0
Nb solid kminmers: 23612
Nb small contigs written: 0
Dump kminmer abundances
	Duration: 0
Indexing edges
Edge index size: 23726
Edge index elements: 45379
	Duration: 0
Compute unitig nodes
	Duration: 0
Index unitig edges
	Duration: 0
Compute unitig edges
	Duration: 0
Dump unitig abundances
	Duration: 0
Nb edges:   0


metaMDBG contig  /var/folders/zg/vq0dnx517c54hg87dyqjky740000gn/T/.tmprWAL2M/tmp/ --threads 10

Input dir: /var/folders/zg/vq0dnx517c54hg87dyqjky740000gn/T/.tmprWAL2M/tmp/
Minimizer length: 15
Kminmer length: 199
Density: 0.005

Loading unitig graph
Load unitigs
Nb unitigs: 211
Nb minimizers: 65390
Add unitig abundances
Sorting abundances
Add unitig edges
Nb unitig edges: 194
Sorting unitig edges
Done loading unitig graph
Simplifying
Max abundance: 41
Nb unitigs: 211
Superbubble
Nb superbubble removed: 0 0 (0s)
Tip
Nb Tip removed: 30 (0s)
Superbubble
Nb superbubble removed: 0 0 (0s)
Tip
Nb Tip removed: 0 (0s)
Nb errors removed: 40 (0s)
Superbubble
Nb superbubble removed: 0 0 (0s)
Tip
Nb Tip removed: 0 (0s)
Nb errors removed: 16 (0s)
Superbubble
Nb superbubble removed: 0 0 (0s)
Tip
Nb Tip removed: 0 (0s)
Nb errors removed: 16 (0s)
Superbubble
Nb superbubble removed: 0 0 (0s)
Tip
Nb Tip removed: 0 (0s)
Nb errors removed: 20 (0s)
Superbubble
Nb superbubble removed: 0 0 (0s)
Tip
Nb Tip removed: 0 (0s)
Nb errors removed: 10 (0s)
Superbubble
Nb superbubble removed: 0 0 (0s)
Tip
Nb Tip removed: 0 (0s)
Nb errors removed: 15 (0s)
Superbubble
Nb superbubble removed: 0 0 (0s)
Tip
Nb Tip removed: 0 (0s)
Nb errors removed: 11 (0s)
Superbubble
Nb superbubble removed: 0 0 (0s)
Tip
Nb Tip removed: 0 (0s)
Nb errors removed: 7 (0s)
Superbubble
Nb superbubble removed: 0 0 (0s)
Tip
Nb Tip removed: 0 (0s)
Nb errors removed: 5 (0s)
Superbubble
Nb superbubble removed: 0 0 (0s)
Tip
Nb Tip removed: 0 (0s)
Nb errors removed: 6 (0s)
Superbubble
Nb superbubble removed: 0 0 (0s)
Tip
Nb Tip removed: 0 (0s)
Nb errors removed: 12 (0s)
Superbubble
Nb superbubble removed: 0 0 (0s)
Tip
Nb Tip removed: 0 (0s)
Nb errors removed: 1 (0s)
Superbubble
Nb superbubble removed: 0 0 (0s)
Tip
Nb Tip removed: 0 (0s)
Nb errors removed: 1 (0s)
Superbubble
Nb superbubble removed: 0 0 (0s)
Tip
Nb Tip removed: 0 (0s)
Nb errors removed: 3 (0s)
Superbubble
Nb superbubble removed: 0 0 (0s)
Tip
Nb Tip removed: 0 (0s)
Nb errors removed: 1 (0s)
Superbubble
Nb superbubble removed: 0 0 (0s)
Tip
Nb Tip removed: 0 (0s)
Checksum: 0
Checksum abundnace: 0
Generating contigs
41.1448
28.1025
23.2252
14.421
13.11
11.9182
10.8347
9.84974
8.14028
7.40025
6.11591
5.05447
4.17725
3.13843
2.14359
0


metaMDBG toMinspace  /var/folders/zg/vq0dnx517c54hg87dyqjky740000gn/T/.tmprWAL2M/tmp/ /var/folders/zg/vq0dnx517c54hg87dyqjky740000gn/T/.tmprWAL2M/tmp//contigs.nodepath /var/folders/zg/vq0dnx517c54hg87dyqjky740000gn/T/.tmprWAL2M/tmp//unitig_data.txt --threads 10

Input dir: /var/folders/zg/vq0dnx517c54hg87dyqjky740000gn/T/.tmprWAL2M/tmp/
Minimizer length: 15
Kminmer length: 199
Density: 0.005

Loading unitig sequences

Creating mContigs

Contig filename: /var/folders/zg/vq0dnx517c54hg87dyqjky740000gn/T/.tmprWAL2M/tmp//unitig_data.txt
pass done: 199
Multi-k pass: 200/205


metaMDBG graph /var/folders/zg/vq0dnx517c54hg87dyqjky740000gn/T/.tmprWAL2M/tmp/ --threads 10 --corrected-read 

Contig filename: 
Output dir: /var/folders/zg/vq0dnx517c54hg87dyqjky740000gn/T/.tmprWAL2M/tmp/
Minimizer length: 15
Kminmer length: 200
Density: 0.005
Min abundance: 0

Loading refined abundances
	Duration: 0
Collecting kminmers
Building mdbg
Duration: 0
Nb solid kminmers: 23497
Nb small contigs written: 0
Dump kminmer abundances
	Duration: 0
Indexing edges
Edge index size: 23609
Edge index elements: 45224
	Duration: 0
Compute unitig nodes
	Duration: 0
Index unitig edges
	Duration: 0
Compute unitig edges
	Duration: 0
Dump unitig abundances
	Duration: 0
Nb edges:   0


metaMDBG contig  /var/folders/zg/vq0dnx517c54hg87dyqjky740000gn/T/.tmprWAL2M/tmp/ --threads 10

Input dir: /var/folders/zg/vq0dnx517c54hg87dyqjky740000gn/T/.tmprWAL2M/tmp/
Minimizer length: 15
Kminmer length: 200
Density: 0.005

Loading unitig graph
Load unitigs
Nb unitigs: 207
Nb minimizers: 64690
Add unitig abundances
Sorting abundances
Add unitig edges
Nb unitig edges: 190
Sorting unitig edges
Done loading unitig graph
Simplifying
Max abundance: 41
Nb unitigs: 207
Superbubble
Nb superbubble removed: 0 0 (0s)
Tip
Nb Tip removed: 29 (0s)
Superbubble
Nb superbubble removed: 0 0 (0s)
Tip
Nb Tip removed: 0 (0s)
Nb errors removed: 39 (0s)
Superbubble
Nb superbubble removed: 0 0 (0s)
Tip
Nb Tip removed: 0 (0s)
Nb errors removed: 16 (0s)
Superbubble
Nb superbubble removed: 0 0 (0s)
Tip
Nb Tip removed: 0 (0s)
Nb errors removed: 15 (0s)
Superbubble
Nb superbubble removed: 0 0 (0s)
Tip
Nb Tip removed: 0 (0s)
Nb errors removed: 20 (0s)
Superbubble
Nb superbubble removed: 0 0 (0s)
Tip
Nb Tip removed: 0 (0s)
Nb errors removed: 10 (0s)
Superbubble
Nb superbubble removed: 0 0 (0s)
Tip
Nb Tip removed: 0 (0s)
Nb errors removed: 15 (0s)
Superbubble
Nb superbubble removed: 0 0 (0s)
Tip
Nb Tip removed: 0 (0s)
Nb errors removed: 11 (0s)
Superbubble
Nb superbubble removed: 0 0 (0s)
Tip
Nb Tip removed: 0 (0s)
Nb errors removed: 7 (0s)
Superbubble
Nb superbubble removed: 0 0 (0s)
Tip
Nb Tip removed: 0 (0s)
Nb errors removed: 5 (0s)
Superbubble
Nb superbubble removed: 0 0 (0s)
Tip
Nb Tip removed: 0 (0s)
Nb errors removed: 6 (0s)
Superbubble
Nb superbubble removed: 0 0 (0s)
Tip
Nb Tip removed: 0 (0s)
Nb errors removed: 12 (0s)
Superbubble
Nb superbubble removed: 0 0 (0s)
Tip
Nb Tip removed: 0 (0s)
Nb errors removed: 1 (0s)
Superbubble
Nb superbubble removed: 0 0 (0s)
Tip
Nb Tip removed: 0 (0s)
Nb errors removed: 3 (0s)
Superbubble
Nb superbubble removed: 0 0 (0s)
Tip
Nb Tip removed: 0 (0s)
Nb errors removed: 1 (0s)
Superbubble
Nb superbubble removed: 0 0 (0s)
Tip
Nb Tip removed: 0 (0s)
Checksum: 0
Checksum abundnace: 0
Generating contigs
41.1448
28.1025
23.2252
13.11
11.9182
10.8347
9.84974
8.14028
7.40025
6.11591
5.05447
4.17725
3.13843
2.14359
0


metaMDBG toMinspace  /var/folders/zg/vq0dnx517c54hg87dyqjky740000gn/T/.tmprWAL2M/tmp/ /var/folders/zg/vq0dnx517c54hg87dyqjky740000gn/T/.tmprWAL2M/tmp//contigs.nodepath /var/folders/zg/vq0dnx517c54hg87dyqjky740000gn/T/.tmprWAL2M/tmp//unitig_data.txt --threads 10

Input dir: /var/folders/zg/vq0dnx517c54hg87dyqjky740000gn/T/.tmprWAL2M/tmp/
Minimizer length: 15
Kminmer length: 200
Density: 0.005

Loading unitig sequences

Creating mContigs

Contig filename: /var/folders/zg/vq0dnx517c54hg87dyqjky740000gn/T/.tmprWAL2M/tmp//unitig_data.txt
pass done: 200
Multi-k pass: 201/205


metaMDBG graph /var/folders/zg/vq0dnx517c54hg87dyqjky740000gn/T/.tmprWAL2M/tmp/ --threads 10 --corrected-read 

Contig filename: 
Output dir: /var/folders/zg/vq0dnx517c54hg87dyqjky740000gn/T/.tmprWAL2M/tmp/
Minimizer length: 15
Kminmer length: 201
Density: 0.005
Min abundance: 0

Loading refined abundances
	Duration: 0
Collecting kminmers
Building mdbg
Duration: 0
Nb solid kminmers: 23384
Nb small contigs written: 0
Dump kminmer abundances
	Duration: 0
Indexing edges
Edge index size: 23495
Edge index elements: 45094
	Duration: 0
Compute unitig nodes
	Duration: 0
Index unitig edges
	Duration: 0
Compute unitig edges
	Duration: 0
Dump unitig abundances
	Duration: 0
Nb edges:   0


metaMDBG contig  /var/folders/zg/vq0dnx517c54hg87dyqjky740000gn/T/.tmprWAL2M/tmp/ --threads 10 --gen-graph 

Input dir: /var/folders/zg/vq0dnx517c54hg87dyqjky740000gn/T/.tmprWAL2M/tmp/
Minimizer length: 15
Kminmer length: 201
Density: 0.005

Loading unitig graph
Load unitigs
Nb unitigs: 204
Nb minimizers: 64184
Add unitig abundances
Sorting abundances
Add unitig edges
Nb unitig edges: 186
Sorting unitig edges
Done loading unitig graph
Simplifying
Max abundance: 41
Nb unitigs: 204
Superbubble
Nb superbubble removed: 0 0 (0s)
Tip
Nb Tip removed: 28 (0s)
Superbubble
Nb superbubble removed: 0 0 (0s)
Tip
Nb Tip removed: 0 (0s)
Saving unitig graph: /var/folders/zg/vq0dnx517c54hg87dyqjky740000gn/T/.tmprWAL2M/tmp//assembly_graph.gfa
Nb errors removed: 38 (0s)
Superbubble
Nb superbubble removed: 0 0 (0s)
Tip
Nb Tip removed: 0 (0s)
Nb errors removed: 16 (0s)
Superbubble
Nb superbubble removed: 0 0 (0s)
Tip
Nb Tip removed: 0 (0s)
Nb errors removed: 15 (0s)
Superbubble
Nb superbubble removed: 0 0 (0s)
Tip
Nb Tip removed: 0 (0s)
Nb errors removed: 20 (0s)
Superbubble
Nb superbubble removed: 0 0 (0s)
Tip
Nb Tip removed: 0 (0s)
Nb errors removed: 10 (0s)
Superbubble
Nb superbubble removed: 0 0 (0s)
Tip
Nb Tip removed: 0 (0s)
Nb errors removed: 15 (0s)
Superbubble
Nb superbubble removed: 0 0 (0s)
Tip
Nb Tip removed: 0 (0s)
Nb errors removed: 11 (0s)
Superbubble
Nb superbubble removed: 0 0 (0s)
Tip
Nb Tip removed: 0 (0s)
Nb errors removed: 7 (0s)
Superbubble
Nb superbubble removed: 0 0 (0s)
Tip
Nb Tip removed: 0 (0s)
Nb errors removed: 5 (0s)
Superbubble
Nb superbubble removed: 0 0 (0s)
Tip
Nb Tip removed: 0 (0s)
Nb errors removed: 5 (0s)
Superbubble
Nb superbubble removed: 0 0 (0s)
Tip
Nb Tip removed: 0 (0s)
Nb errors removed: 12 (0s)
Superbubble
Nb superbubble removed: 0 0 (0s)
Tip
Nb Tip removed: 0 (0s)
Nb errors removed: 1 (0s)
Superbubble
Nb superbubble removed: 0 0 (0s)
Tip
Nb Tip removed: 0 (0s)
Nb errors removed: 3 (0s)
Superbubble
Nb superbubble removed: 0 0 (0s)
Tip
Nb Tip removed: 0 (0s)
Nb errors removed: 1 (0s)
Superbubble
Nb superbubble removed: 0 0 (0s)
Tip
Nb Tip removed: 0 (0s)
Checksum: 0
Checksum abundnace: 0
Generating contigs
41.1448
28.1025
23.2252
13.11
11.9182
10.8347
9.84974
8.14028
7.40025
6.11591
5.05447
4.17725
3.13843
2.14359
0


metaMDBG toMinspace  /var/folders/zg/vq0dnx517c54hg87dyqjky740000gn/T/.tmprWAL2M/tmp/ /var/folders/zg/vq0dnx517c54hg87dyqjky740000gn/T/.tmprWAL2M/tmp//contigs.nodepath /var/folders/zg/vq0dnx517c54hg87dyqjky740000gn/T/.tmprWAL2M/tmp//unitig_data.txt --threads 10

Input dir: /var/folders/zg/vq0dnx517c54hg87dyqjky740000gn/T/.tmprWAL2M/tmp/
Minimizer length: 15
Kminmer length: 201
Density: 0.005

Loading unitig sequences

Creating mContigs

Contig filename: /var/folders/zg/vq0dnx517c54hg87dyqjky740000gn/T/.tmprWAL2M/tmp//unitig_data.txt


metaMDBG toMinspace  /var/folders/zg/vq0dnx517c54hg87dyqjky740000gn/T/.tmprWAL2M/tmp/ /var/folders/zg/vq0dnx517c54hg87dyqjky740000gn/T/.tmprWAL2M/tmp//assembly_graph.gfa.unitigs.nodepath /var/folders/zg/vq0dnx517c54hg87dyqjky740000gn/T/.tmprWAL2M/tmp//assembly_graph.gfa.unitigs --threads 10

Input dir: /var/folders/zg/vq0dnx517c54hg87dyqjky740000gn/T/.tmprWAL2M/tmp/
Minimizer length: 15
Kminmer length: 201
Density: 0.005

Loading unitig sequences

Creating mContigs

Contig filename: /var/folders/zg/vq0dnx517c54hg87dyqjky740000gn/T/.tmprWAL2M/tmp//assembly_graph.gfa.unitigs
pass done: 201
Multi-k pass: 202/205


metaMDBG graph /var/folders/zg/vq0dnx517c54hg87dyqjky740000gn/T/.tmprWAL2M/tmp/ --threads 10 --corrected-read 

Contig filename: 
Output dir: /var/folders/zg/vq0dnx517c54hg87dyqjky740000gn/T/.tmprWAL2M/tmp/
Minimizer length: 15
Kminmer length: 202
Density: 0.005
Min abundance: 0

Loading refined abundances
	Duration: 0
Collecting kminmers
Building mdbg
Duration: 0
Nb solid kminmers: 23273
Nb small contigs written: 0
Dump kminmer abundances
	Duration: 0
Indexing edges
Edge index size: 23384
Edge index elements: 44988
	Duration: 0
Compute unitig nodes
	Duration: 0
Index unitig edges
	Duration: 0
Compute unitig edges
	Duration: 0
Dump unitig abundances
	Duration: 0
Nb edges:   0


metaMDBG contig  /var/folders/zg/vq0dnx517c54hg87dyqjky740000gn/T/.tmprWAL2M/tmp/ --threads 10

Input dir: /var/folders/zg/vq0dnx517c54hg87dyqjky740000gn/T/.tmprWAL2M/tmp/
Minimizer length: 15
Kminmer length: 202
Density: 0.005

Loading unitig graph
Load unitigs
Nb unitigs: 204
Nb minimizers: 64277
Add unitig abundances
Sorting abundances
Add unitig edges
Nb unitig edges: 186
Sorting unitig edges
Done loading unitig graph
Simplifying
Max abundance: 41
Nb unitigs: 204
Superbubble
Nb superbubble removed: 0 0 (0s)
Tip
Nb Tip removed: 27 (0s)
Superbubble
Nb superbubble removed: 0 0 (0s)
Tip
Nb Tip removed: 0 (0s)
Nb errors removed: 38 (0s)
Superbubble
Nb superbubble removed: 0 0 (0s)
Tip
Nb Tip removed: 0 (0s)
Nb errors removed: 16 (0s)
Superbubble
Nb superbubble removed: 0 0 (0s)
Tip
Nb Tip removed: 0 (0s)
Nb errors removed: 15 (0s)
Superbubble
Nb superbubble removed: 0 0 (0s)
Tip
Nb Tip removed: 0 (0s)
Nb errors removed: 20 (0s)
Superbubble
Nb superbubble removed: 0 0 (0s)
Tip
Nb Tip removed: 0 (0s)
Nb errors removed: 10 (0s)
Superbubble
Nb superbubble removed: 0 0 (0s)
Tip
Nb Tip removed: 0 (0s)
Nb errors removed: 15 (0s)
Superbubble
Nb superbubble removed: 0 0 (0s)
Tip
Nb Tip removed: 0 (0s)
Nb errors removed: 11 (0s)
Superbubble
Nb superbubble removed: 0 0 (0s)
Tip
Nb Tip removed: 0 (0s)
Nb errors removed: 7 (0s)
Superbubble
Nb superbubble removed: 0 0 (0s)
Tip
Nb Tip removed: 0 (0s)
Nb errors removed: 5 (0s)
Superbubble
Nb superbubble removed: 0 0 (0s)
Tip
Nb Tip removed: 0 (0s)
Nb errors removed: 5 (0s)
Superbubble
Nb superbubble removed: 0 0 (0s)
Tip
Nb Tip removed: 0 (0s)
Nb errors removed: 12 (0s)
Superbubble
Nb superbubble removed: 0 0 (0s)
Tip
Nb Tip removed: 0 (0s)
Nb errors removed: 1 (0s)
Superbubble
Nb superbubble removed: 0 0 (0s)
Tip
Nb Tip removed: 0 (0s)
Nb errors removed: 3 (0s)
Superbubble
Nb superbubble removed: 0 0 (0s)
Tip
Nb Tip removed: 0 (0s)
Nb errors removed: 1 (0s)
Superbubble
Nb superbubble removed: 0 0 (0s)
Tip
Nb Tip removed: 0 (0s)
Checksum: 0
Checksum abundnace: 0
Generating contigs
41.1448
28.1025
23.2252
13.11
11.9182
10.8347
9.84974
8.14028
7.40025
6.11591
5.05447
4.17725
3.13843
2.14359
0


metaMDBG toMinspace  /var/folders/zg/vq0dnx517c54hg87dyqjky740000gn/T/.tmprWAL2M/tmp/ /var/folders/zg/vq0dnx517c54hg87dyqjky740000gn/T/.tmprWAL2M/tmp//contigs.nodepath /var/folders/zg/vq0dnx517c54hg87dyqjky740000gn/T/.tmprWAL2M/tmp//unitig_data.txt --threads 10

Input dir: /var/folders/zg/vq0dnx517c54hg87dyqjky740000gn/T/.tmprWAL2M/tmp/
Minimizer length: 15
Kminmer length: 202
Density: 0.005

Loading unitig sequences

Creating mContigs

Contig filename: /var/folders/zg/vq0dnx517c54hg87dyqjky740000gn/T/.tmprWAL2M/tmp//unitig_data.txt
pass done: 202
Multi-k pass: 203/205


metaMDBG graph /var/folders/zg/vq0dnx517c54hg87dyqjky740000gn/T/.tmprWAL2M/tmp/ --threads 10 --corrected-read 

Contig filename: 
Output dir: /var/folders/zg/vq0dnx517c54hg87dyqjky740000gn/T/.tmprWAL2M/tmp/
Minimizer length: 15
Kminmer length: 203
Density: 0.005
Min abundance: 0

Loading refined abundances
	Duration: 0
Collecting kminmers
Building mdbg
Duration: 0
Nb solid kminmers: 23161
Nb small contigs written: 0
Dump kminmer abundances
	Duration: 0
Indexing edges
Edge index size: 23271
Edge index elements: 44777
	Duration: 0
Compute unitig nodes
	Duration: 0
Index unitig edges
	Duration: 0
Compute unitig edges
	Duration: 0
Dump unitig abundances
	Duration: 0
Nb edges:   0


metaMDBG contig  /var/folders/zg/vq0dnx517c54hg87dyqjky740000gn/T/.tmprWAL2M/tmp/ --threads 10

Input dir: /var/folders/zg/vq0dnx517c54hg87dyqjky740000gn/T/.tmprWAL2M/tmp/
Minimizer length: 15
Kminmer length: 203
Density: 0.005

Loading unitig graph
Load unitigs
Nb unitigs: 201
Nb minimizers: 63763
Add unitig abundances
Sorting abundances
Add unitig edges
Nb unitig edges: 182
Sorting unitig edges
Done loading unitig graph
Simplifying
Max abundance: 41
Nb unitigs: 201
Superbubble
Nb superbubble removed: 0 0 (0s)
Tip
Nb Tip removed: 25 (0s)
Superbubble
Nb superbubble removed: 0 0 (0s)
Tip
Nb Tip removed: 0 (0s)
Nb errors removed: 38 (0s)
Superbubble
Nb superbubble removed: 0 0 (0s)
Tip
Nb Tip removed: 0 (0s)
Nb errors removed: 16 (0s)
Superbubble
Nb superbubble removed: 0 0 (0s)
Tip
Nb Tip removed: 0 (0s)
Nb errors removed: 15 (0s)
Superbubble
Nb superbubble removed: 0 0 (0s)
Tip
Nb Tip removed: 0 (0s)
Nb errors removed: 20 (0s)
Superbubble
Nb superbubble removed: 0 0 (0s)
Tip
Nb Tip removed: 0 (0s)
Nb errors removed: 10 (0s)
Superbubble
Nb superbubble removed: 0 0 (0s)
Tip
Nb Tip removed: 0 (0s)
Nb errors removed: 14 (0s)
Superbubble
Nb superbubble removed: 0 0 (0s)
Tip
Nb Tip removed: 0 (0s)
Nb errors removed: 11 (0s)
Superbubble
Nb superbubble removed: 0 0 (0s)
Tip
Nb Tip removed: 0 (0s)
Nb errors removed: 7 (0s)
Superbubble
Nb superbubble removed: 0 0 (0s)
Tip
Nb Tip removed: 0 (0s)
Nb errors removed: 5 (0s)
Superbubble
Nb superbubble removed: 0 0 (0s)
Tip
Nb Tip removed: 0 (0s)
Nb errors removed: 5 (0s)
Superbubble
Nb superbubble removed: 0 0 (0s)
Tip
Nb Tip removed: 0 (0s)
Nb errors removed: 11 (0s)
Superbubble
Nb superbubble removed: 0 0 (0s)
Tip
Nb Tip removed: 0 (0s)
Nb errors removed: 1 (0s)
Superbubble
Nb superbubble removed: 0 0 (0s)
Tip
Nb Tip removed: 0 (0s)
Nb errors removed: 3 (0s)
Superbubble
Nb superbubble removed: 0 0 (0s)
Tip
Nb Tip removed: 0 (0s)
Nb errors removed: 1 (0s)
Superbubble
Nb superbubble removed: 0 0 (0s)
Tip
Nb Tip removed: 0 (0s)
Checksum: 0
Checksum abundnace: 0
Generating contigs
41.1448
28.1025
23.2252
13.11
11.9182
10.8347
9.84974
8.14028
7.40025
6.11591
5.05447
4.17725
3.13843
2.14359
0


metaMDBG toMinspace  /var/folders/zg/vq0dnx517c54hg87dyqjky740000gn/T/.tmprWAL2M/tmp/ /var/folders/zg/vq0dnx517c54hg87dyqjky740000gn/T/.tmprWAL2M/tmp//contigs.nodepath /var/folders/zg/vq0dnx517c54hg87dyqjky740000gn/T/.tmprWAL2M/tmp//unitig_data.txt --threads 10

Input dir: /var/folders/zg/vq0dnx517c54hg87dyqjky740000gn/T/.tmprWAL2M/tmp/
Minimizer length: 15
Kminmer length: 203
Density: 0.005

Loading unitig sequences

Creating mContigs

Contig filename: /var/folders/zg/vq0dnx517c54hg87dyqjky740000gn/T/.tmprWAL2M/tmp//unitig_data.txt
pass done: 203
Multi-k pass: 204/205


metaMDBG graph /var/folders/zg/vq0dnx517c54hg87dyqjky740000gn/T/.tmprWAL2M/tmp/ --threads 10 --corrected-read 

Contig filename: 
Output dir: /var/folders/zg/vq0dnx517c54hg87dyqjky740000gn/T/.tmprWAL2M/tmp/
Minimizer length: 15
Kminmer length: 204
Density: 0.005
Min abundance: 0

Loading refined abundances
	Duration: 0
Collecting kminmers
Building mdbg
Duration: 0
Nb solid kminmers: 23050
Nb small contigs written: 0
Dump kminmer abundances
	Duration: 0
Indexing edges
Edge index size: 23160
Edge index elements: 44583
	Duration: 0
Compute unitig nodes
	Duration: 0
Index unitig edges
	Duration: 0
Compute unitig edges
	Duration: 0
Dump unitig abundances
	Duration: 0
Nb edges:   0


metaMDBG contig  /var/folders/zg/vq0dnx517c54hg87dyqjky740000gn/T/.tmprWAL2M/tmp/ --threads 10

Input dir: /var/folders/zg/vq0dnx517c54hg87dyqjky740000gn/T/.tmprWAL2M/tmp/
Minimizer length: 15
Kminmer length: 204
Density: 0.005

Loading unitig graph
Load unitigs
Nb unitigs: 199
Nb minimizers: 63447
Add unitig abundances
Sorting abundances
Add unitig edges
Nb unitig edges: 178
Sorting unitig edges
Done loading unitig graph
Simplifying
Max abundance: 41
Nb unitigs: 199
Superbubble
Nb superbubble removed: 0 0 (0s)
Tip
Nb Tip removed: 24 (0s)
Superbubble
Nb superbubble removed: 0 0 (0s)
Tip
Nb Tip removed: 0 (0s)
Nb errors removed: 38 (0s)
Superbubble
Nb superbubble removed: 0 0 (0s)
Tip
Nb Tip removed: 0 (0s)
Nb errors removed: 16 (0s)
Superbubble
Nb superbubble removed: 0 0 (0s)
Tip
Nb Tip removed: 0 (0s)
Nb errors removed: 15 (0s)
Superbubble
Nb superbubble removed: 0 0 (0s)
Tip
Nb Tip removed: 0 (0s)
Nb errors removed: 20 (0s)
Superbubble
Nb superbubble removed: 0 0 (0s)
Tip
Nb Tip removed: 0 (0s)
Nb errors removed: 10 (0s)
Superbubble
Nb superbubble removed: 0 0 (0s)
Tip
Nb Tip removed: 0 (0s)
Nb errors removed: 14 (0s)
Superbubble
Nb superbubble removed: 0 0 (0s)
Tip
Nb Tip removed: 0 (0s)
Nb errors removed: 11 (0s)
Superbubble
Nb superbubble removed: 0 0 (0s)
Tip
Nb Tip removed: 0 (0s)
Nb errors removed: 6 (0s)
Superbubble
Nb superbubble removed: 0 0 (0s)
Tip
Nb Tip removed: 0 (0s)
Nb errors removed: 5 (0s)
Superbubble
Nb superbubble removed: 0 0 (0s)
Tip
Nb Tip removed: 0 (0s)
Nb errors removed: 5 (0s)
Superbubble
Nb superbubble removed: 0 0 (0s)
Tip
Nb Tip removed: 0 (0s)
Nb errors removed: 11 (0s)
Superbubble
Nb superbubble removed: 0 0 (0s)
Tip
Nb Tip removed: 0 (0s)
Nb errors removed: 1 (0s)
Superbubble
Nb superbubble removed: 0 0 (0s)
Tip
Nb Tip removed: 0 (0s)
Nb errors removed: 3 (0s)
Superbubble
Nb superbubble removed: 0 0 (0s)
Tip
Nb Tip removed: 0 (0s)
Nb errors removed: 1 (0s)
Superbubble
Nb superbubble removed: 0 0 (0s)
Tip
Nb Tip removed: 0 (0s)
Checksum: 0
Checksum abundnace: 0
Generating contigs
41.1448
28.1025
23.2252
13.11
11.9182
10.8347
9.84974
8.14028
7.40025
6.11591
5.05447
4.17725
3.13843
2.14359
0


metaMDBG toMinspace  /var/folders/zg/vq0dnx517c54hg87dyqjky740000gn/T/.tmprWAL2M/tmp/ /var/folders/zg/vq0dnx517c54hg87dyqjky740000gn/T/.tmprWAL2M/tmp//contigs.nodepath /var/folders/zg/vq0dnx517c54hg87dyqjky740000gn/T/.tmprWAL2M/tmp//unitig_data.txt --threads 10

Input dir: /var/folders/zg/vq0dnx517c54hg87dyqjky740000gn/T/.tmprWAL2M/tmp/
Minimizer length: 15
Kminmer length: 204
Density: 0.005

Loading unitig sequences

Creating mContigs

Contig filename: /var/folders/zg/vq0dnx517c54hg87dyqjky740000gn/T/.tmprWAL2M/tmp//unitig_data.txt
pass done: 204
Multi-k pass: 205/205


metaMDBG graph /var/folders/zg/vq0dnx517c54hg87dyqjky740000gn/T/.tmprWAL2M/tmp/ --threads 10 --corrected-read 

Contig filename: 
Output dir: /var/folders/zg/vq0dnx517c54hg87dyqjky740000gn/T/.tmprWAL2M/tmp/
Minimizer length: 15
Kminmer length: 205
Density: 0.005
Min abundance: 0

Loading refined abundances
	Duration: 0
Collecting kminmers
Building mdbg
Duration: 0
Nb solid kminmers: 22940
Nb small contigs written: 0
Dump kminmer abundances
	Duration: 0
Indexing edges
Edge index size: 23048
Edge index elements: 44304
	Duration: 0
Compute unitig nodes
	Duration: 0
Index unitig edges
	Duration: 0
Compute unitig edges
	Duration: 0
Dump unitig abundances
	Duration: 0
Nb edges:   0


metaMDBG contig  /var/folders/zg/vq0dnx517c54hg87dyqjky740000gn/T/.tmprWAL2M/tmp/ --threads 10

Input dir: /var/folders/zg/vq0dnx517c54hg87dyqjky740000gn/T/.tmprWAL2M/tmp/
Minimizer length: 15
Kminmer length: 205
Density: 0.005

Loading unitig graph
Load unitigs
Nb unitigs: 196
Nb minimizers: 62924
Add unitig abundances
Sorting abundances
Add unitig edges
Nb unitig edges: 178
Sorting unitig edges
Done loading unitig graph
Simplifying
Max abundance: 41
Nb unitigs: 196
Superbubble
Nb superbubble removed: 0 0 (0s)
Tip
Nb Tip removed: 24 (0s)
Superbubble
Nb superbubble removed: 0 0 (0s)
Tip
Nb Tip removed: 0 (0s)
Nb errors removed: 37 (0s)
Superbubble
Nb superbubble removed: 0 0 (0s)
Tip
Nb Tip removed: 0 (0s)
Nb errors removed: 16 (0s)
Superbubble
Nb superbubble removed: 0 0 (0s)
Tip
Nb Tip removed: 0 (0s)
Nb errors removed: 15 (0s)
Superbubble
Nb superbubble removed: 0 0 (0s)
Tip
Nb Tip removed: 0 (0s)
Nb errors removed: 19 (0s)
Superbubble
Nb superbubble removed: 0 0 (0s)
Tip
Nb Tip removed: 0 (0s)
Nb errors removed: 10 (0s)
Superbubble
Nb superbubble removed: 0 0 (0s)
Tip
Nb Tip removed: 0 (0s)
Nb errors removed: 14 (0s)
Superbubble
Nb superbubble removed: 0 0 (0s)
Tip
Nb Tip removed: 0 (0s)
Nb errors removed: 11 (0s)
Superbubble
Nb superbubble removed: 0 0 (0s)
Tip
Nb Tip removed: 0 (0s)
Nb errors removed: 6 (0s)
Superbubble
Nb superbubble removed: 0 0 (0s)
Tip
Nb Tip removed: 0 (0s)
Nb errors removed: 5 (0s)
Superbubble
Nb superbubble removed: 0 0 (0s)
Tip
Nb Tip removed: 0 (0s)
Nb errors removed: 5 (0s)
Superbubble
Nb superbubble removed: 0 0 (0s)
Tip
Nb Tip removed: 0 (0s)
Nb errors removed: 11 (0s)
Superbubble
Nb superbubble removed: 0 0 (0s)
Tip
Nb Tip removed: 0 (0s)
Nb errors removed: 1 (0s)
Superbubble
Nb superbubble removed: 0 0 (0s)
Tip
Nb Tip removed: 0 (0s)
Nb errors removed: 3 (0s)
Superbubble
Nb superbubble removed: 0 0 (0s)
Tip
Nb Tip removed: 0 (0s)
Nb errors removed: 1 (0s)
Superbubble
Nb superbubble removed: 0 0 (0s)
Tip
Nb Tip removed: 0 (0s)
Checksum: 0
Checksum abundnace: 0
Generating contigs
41.1448
28.1025
23.2252
13.11
11.9182
10.8347
9.84974
8.14028
7.40025
6.11591
5.05447
4.17725
3.13843
2.14359
0


metaMDBG toMinspace  /var/folders/zg/vq0dnx517c54hg87dyqjky740000gn/T/.tmprWAL2M/tmp/ /var/folders/zg/vq0dnx517c54hg87dyqjky740000gn/T/.tmprWAL2M/tmp//contigs.nodepath /var/folders/zg/vq0dnx517c54hg87dyqjky740000gn/T/.tmprWAL2M/tmp//contig_data_init.txt --threads 10

Input dir: /var/folders/zg/vq0dnx517c54hg87dyqjky740000gn/T/.tmprWAL2M/tmp/
Minimizer length: 15
Kminmer length: 205
Density: 0.005

Loading unitig sequences

Creating mContigs

Contig filename: /var/folders/zg/vq0dnx517c54hg87dyqjky740000gn/T/.tmprWAL2M/tmp//contig_data_init.txt
Removing overlaps and duplication
Append small contigs


metaMDBG toBasespaceFast  /var/folders/zg/vq0dnx517c54hg87dyqjky740000gn/T/.tmprWAL2M/tmp/ /var/folders/zg/vq0dnx517c54hg87dyqjky740000gn/T/.tmprWAL2M/tmp//contig_data_init_small.txt --threads 10 --has-quality

Input dir: /var/folders/zg/vq0dnx517c54hg87dyqjky740000gn/T/.tmprWAL2M/tmp/
Minimizer length: 15
Kminmer length: 4
Density: 0.005

Indexing kminmers
Indexing contigs
detecting overlaps
Nb contigs: 353
OverlapRemover checksum: 12959761253503038298
detecting overlaps
Nb contigs: 256
OverlapRemover checksum: 8309390568506588483
detecting overlaps
Nb contigs: 252
OverlapRemover checksum: 1916072886313924460
detecting overlaps
Nb contigs: 247
OverlapRemover checksum: 4414959624816351896
detecting overlaps
Removing self overlaps: 247
Nb contigs: 247
Indexing initial unitigs
Indexing kminmer abundance
Indexing reads
Indexing reads 1
Indexing reads 2
Break unbridged repeats
Constructing base-space contigs


metaMDBG toBasespace_ont  /var/folders/zg/vq0dnx517c54hg87dyqjky740000gn/T/.tmprWAL2M/tmp/ /var/folders/zg/vq0dnx517c54hg87dyqjky740000gn/T/.tmprWAL2M/tmp//contig_data_init_small.txt.norepeats  /var/folders/zg/vq0dnx517c54hg87dyqjky740000gn/T/.tmprWAL2M/tmp//contigs_uncorrected.fasta.gz /var/folders/zg/vq0dnx517c54hg87dyqjky740000gn/T/.tmprWAL2M/tmp//input.txt --threads 10

Input dir: /var/folders/zg/vq0dnx517c54hg87dyqjky740000gn/T/.tmprWAL2M/tmp/
Minimizer length: 15
Kminmer length: 2
Density: 0.005

Indexing contigs
0
Loading contigs
0
Aligning reads
0
10000
20000
Parsing contigs
Extracting kminmer models
	Parsing file: /Users/mschul/Downloads/sample01/sample01_autocycler/porechop_output_sample01/subsampled_reads/sample_04.fastq
Correcting kminmer 0
	Parsing file done (nb reads: 21807)
Creating basespace contigs: /var/folders/zg/vq0dnx517c54hg87dyqjky740000gn/T/.tmprWAL2M/tmp//contig_data_init_small.txt.norepeats
Nb contigs: 254
Nb bps: 4667242
Checksum: 0
Polishing contigs


metaMDBG polish --polish-target /var/folders/zg/vq0dnx517c54hg87dyqjky740000gn/T/.tmprWAL2M/tmp//contigs_uncorrected.fasta.gz --out-dir /var/folders/zg/vq0dnx517c54hg87dyqjky740000gn/T/.tmprWAL2M/tmp/  --threads 10 -n 100 --metaMDBG --max-memory 0 --in-ont  /Users/mschul/Downloads/sample01/sample01_autocycler/porechop_output_sample01/subsampled_reads/sample_04.fastq 

Contigs: /var/folders/zg/vq0dnx517c54hg87dyqjky740000gn/T/.tmprWAL2M/tmp//contigs_uncorrected.fasta.gz
Reads: /var/folders/zg/vq0dnx517c54hg87dyqjky740000gn/T/.tmprWAL2M/tmp//_polish_readPartitions//input.txt
Use quality: 1
Max window variants: 100

Map reads to all contigs
	minimap2 -v 0 -m 500 -I 1G -t 10 -x map-ont /var/folders/zg/vq0dnx517c54hg87dyqjky740000gn/T/.tmprWAL2M/tmp//contigs_uncorrected.fasta.gz  /Users/mschul/Downloads/sample01/sample01_autocycler/porechop_output_sample01/subsampled_reads/sample_04.fastq 
	gzip
	/var/folders/zg/vq0dnx517c54hg87dyqjky740000gn/T/.tmprWAL2M/tmp//_polish_readPartitions//polish_mapping.paf.gz
	Done  (1s)

Partitionning reads on the disk
	Parsing file: /var/folders/zg/vq0dnx517c54hg87dyqjky740000gn/T/.tmprWAL2M/tmp//contigs_uncorrected.fasta.gz
	Parsing file: /Users/mschul/Downloads/sample01/sample01_autocycler/porechop_output_sample01/subsampled_reads/sample_04.fastq
	Loading alignments
	Computing contig coverages
	Parsing file: /var/folders/zg/vq0dnx517c54hg87dyqjky740000gn/T/.tmprWAL2M/tmp//contigs_uncorrected.fasta.gz
	Parsing file: /var/folders/zg/vq0dnx517c54hg87dyqjky740000gn/T/.tmprWAL2M/tmp//contigs_uncorrected.fasta.gz
	Nb partitions: 10
	Parsing file: /Users/mschul/Downloads/sample01/sample01_autocycler/porechop_output_sample01/subsampled_reads/sample_04.fastq
	0
	10000
	20000
	Parsing file done (nb reads: 21807)
	Parsing file: /var/folders/zg/vq0dnx517c54hg87dyqjky740000gn/T/.tmprWAL2M/tmp//contigs_uncorrected.fasta.gz
	0
	Parsing file done (nb reads: 254)
	Done  (13s)

Curating contigs

Polishing contigs (pass 1)

	Polishing partition: 0/10
	Map reads to curated contigs
	minimap2 -v 0 -m 500 -t 10 -x map-ont /var/folders/zg/vq0dnx517c54hg87dyqjky740000gn/T/.tmprWAL2M/tmp//_polish_readPartitions//0_contigs.gz /var/folders/zg/vq0dnx517c54hg87dyqjky740000gn/T/.tmprWAL2M/tmp//_polish_readPartitions//0_reads.gz
	gzip
	/var/folders/zg/vq0dnx517c54hg87dyqjky740000gn/T/.tmprWAL2M/tmp//_polish_readPartitions//align.paf.gz
	Done  (0s)
	Parsing file: /var/folders/zg/vq0dnx517c54hg87dyqjky740000gn/T/.tmprWAL2M/tmp//_polish_readPartitions//0_contigs.gz
	Parsing file: /var/folders/zg/vq0dnx517c54hg87dyqjky740000gn/T/.tmprWAL2M/tmp//_polish_readPartitions//0_contigs.gz
	Loading alignments
	Computing contig coverages
	Parsing file: /var/folders/zg/vq0dnx517c54hg87dyqjky740000gn/T/.tmprWAL2M/tmp//_polish_readPartitions//0_contigs.gz
	Collecting window sequences
	Parsing file: /var/folders/zg/vq0dnx517c54hg87dyqjky740000gn/T/.tmprWAL2M/tmp//_polish_readPartitions//0_reads.gz
	Parsing file done (nb reads: 31)
	Perform correction
	Partition 0 done  (0s)

	Polishing partition: 1/10
	Map reads to curated contigs
	minimap2 -v 0 -m 500 -t 10 -x map-ont /var/folders/zg/vq0dnx517c54hg87dyqjky740000gn/T/.tmprWAL2M/tmp//_polish_readPartitions//1_contigs.gz /var/folders/zg/vq0dnx517c54hg87dyqjky740000gn/T/.tmprWAL2M/tmp//_polish_readPartitions//1_reads.gz
	gzip
	/var/folders/zg/vq0dnx517c54hg87dyqjky740000gn/T/.tmprWAL2M/tmp//_polish_readPartitions//align.paf.gz
	Done  (0s)
	Parsing file: /var/folders/zg/vq0dnx517c54hg87dyqjky740000gn/T/.tmprWAL2M/tmp//_polish_readPartitions//1_contigs.gz
	Parsing file: /var/folders/zg/vq0dnx517c54hg87dyqjky740000gn/T/.tmprWAL2M/tmp//_polish_readPartitions//1_contigs.gz
	Loading alignments
	Computing contig coverages
	Parsing file: /var/folders/zg/vq0dnx517c54hg87dyqjky740000gn/T/.tmprWAL2M/tmp//_polish_readPartitions//1_contigs.gz
	Collecting window sequences
	Parsing file: /var/folders/zg/vq0dnx517c54hg87dyqjky740000gn/T/.tmprWAL2M/tmp//_polish_readPartitions//1_reads.gz
	Parsing file done (nb reads: 61)
	Perform correction
	Partition 1 done  (0s)

	Polishing partition: 2/10
	Map reads to curated contigs
	minimap2 -v 0 -m 500 -t 10 -x map-ont /var/folders/zg/vq0dnx517c54hg87dyqjky740000gn/T/.tmprWAL2M/tmp//_polish_readPartitions//2_contigs.gz /var/folders/zg/vq0dnx517c54hg87dyqjky740000gn/T/.tmprWAL2M/tmp//_polish_readPartitions//2_reads.gz
	gzip
	/var/folders/zg/vq0dnx517c54hg87dyqjky740000gn/T/.tmprWAL2M/tmp//_polish_readPartitions//align.paf.gz
	Done  (0s)
	Parsing file: /var/folders/zg/vq0dnx517c54hg87dyqjky740000gn/T/.tmprWAL2M/tmp//_polish_readPartitions//2_contigs.gz
	Parsing file: /var/folders/zg/vq0dnx517c54hg87dyqjky740000gn/T/.tmprWAL2M/tmp//_polish_readPartitions//2_contigs.gz
	Loading alignments
	Computing contig coverages
	Parsing file: /var/folders/zg/vq0dnx517c54hg87dyqjky740000gn/T/.tmprWAL2M/tmp//_polish_readPartitions//2_contigs.gz
	Collecting window sequences
	Parsing file: /var/folders/zg/vq0dnx517c54hg87dyqjky740000gn/T/.tmprWAL2M/tmp//_polish_readPartitions//2_reads.gz
	Parsing file done (nb reads: 31)
	Perform correction
	Partition 2 done  (0s)

	Polishing partition: 3/10
	Map reads to curated contigs
	minimap2 -v 0 -m 500 -t 10 -x map-ont /var/folders/zg/vq0dnx517c54hg87dyqjky740000gn/T/.tmprWAL2M/tmp//_polish_readPartitions//3_contigs.gz /var/folders/zg/vq0dnx517c54hg87dyqjky740000gn/T/.tmprWAL2M/tmp//_polish_readPartitions//3_reads.gz
	gzip
	/var/folders/zg/vq0dnx517c54hg87dyqjky740000gn/T/.tmprWAL2M/tmp//_polish_readPartitions//align.paf.gz
	Done  (0s)
	Parsing file: /var/folders/zg/vq0dnx517c54hg87dyqjky740000gn/T/.tmprWAL2M/tmp//_polish_readPartitions//3_contigs.gz
	Parsing file: /var/folders/zg/vq0dnx517c54hg87dyqjky740000gn/T/.tmprWAL2M/tmp//_polish_readPartitions//3_contigs.gz
	Loading alignments
	Computing contig coverages
	Parsing file: /var/folders/zg/vq0dnx517c54hg87dyqjky740000gn/T/.tmprWAL2M/tmp//_polish_readPartitions//3_contigs.gz
	Collecting window sequences
	Parsing file: /var/folders/zg/vq0dnx517c54hg87dyqjky740000gn/T/.tmprWAL2M/tmp//_polish_readPartitions//3_reads.gz
	Parsing file done (nb reads: 15)
	Perform correction
	Partition 3 done  (0s)

	Polishing partition: 4/10
	Map reads to curated contigs
	minimap2 -v 0 -m 500 -t 10 -x map-ont /var/folders/zg/vq0dnx517c54hg87dyqjky740000gn/T/.tmprWAL2M/tmp//_polish_readPartitions//4_contigs.gz /var/folders/zg/vq0dnx517c54hg87dyqjky740000gn/T/.tmprWAL2M/tmp//_polish_readPartitions//4_reads.gz
	gzip
	/var/folders/zg/vq0dnx517c54hg87dyqjky740000gn/T/.tmprWAL2M/tmp//_polish_readPartitions//align.paf.gz
	Done  (0s)
	Parsing file: /var/folders/zg/vq0dnx517c54hg87dyqjky740000gn/T/.tmprWAL2M/tmp//_polish_readPartitions//4_contigs.gz
	Parsing file: /var/folders/zg/vq0dnx517c54hg87dyqjky740000gn/T/.tmprWAL2M/tmp//_polish_readPartitions//4_contigs.gz
	Loading alignments
	Computing contig coverages
	Parsing file: /var/folders/zg/vq0dnx517c54hg87dyqjky740000gn/T/.tmprWAL2M/tmp//_polish_readPartitions//4_contigs.gz
	Collecting window sequences
	Parsing file: /var/folders/zg/vq0dnx517c54hg87dyqjky740000gn/T/.tmprWAL2M/tmp//_polish_readPartitions//4_reads.gz
	Parsing file done (nb reads: 5570)
	Perform correction
	Partition 4 done  (9s)

	Polishing partition: 5/10
	Map reads to curated contigs
	minimap2 -v 0 -m 500 -t 10 -x map-ont /var/folders/zg/vq0dnx517c54hg87dyqjky740000gn/T/.tmprWAL2M/tmp//_polish_readPartitions//5_contigs.gz /var/folders/zg/vq0dnx517c54hg87dyqjky740000gn/T/.tmprWAL2M/tmp//_polish_readPartitions//5_reads.gz
	gzip
	/var/folders/zg/vq0dnx517c54hg87dyqjky740000gn/T/.tmprWAL2M/tmp//_polish_readPartitions//align.paf.gz
	Done  (0s)
	Parsing file: /var/folders/zg/vq0dnx517c54hg87dyqjky740000gn/T/.tmprWAL2M/tmp//_polish_readPartitions//5_contigs.gz
	Parsing file: /var/folders/zg/vq0dnx517c54hg87dyqjky740000gn/T/.tmprWAL2M/tmp//_polish_readPartitions//5_contigs.gz
	Loading alignments
	Computing contig coverages
	Parsing file: /var/folders/zg/vq0dnx517c54hg87dyqjky740000gn/T/.tmprWAL2M/tmp//_polish_readPartitions//5_contigs.gz
	Collecting window sequences
	Parsing file: /var/folders/zg/vq0dnx517c54hg87dyqjky740000gn/T/.tmprWAL2M/tmp//_polish_readPartitions//5_reads.gz
	Parsing file done (nb reads: 917)
	Perform correction
	Partition 5 done  (1s)

	Polishing partition: 6/10
	Map reads to curated contigs
	minimap2 -v 0 -m 500 -t 10 -x map-ont /var/folders/zg/vq0dnx517c54hg87dyqjky740000gn/T/.tmprWAL2M/tmp//_polish_readPartitions//6_contigs.gz /var/folders/zg/vq0dnx517c54hg87dyqjky740000gn/T/.tmprWAL2M/tmp//_polish_readPartitions//6_reads.gz
	gzip
	/var/folders/zg/vq0dnx517c54hg87dyqjky740000gn/T/.tmprWAL2M/tmp//_polish_readPartitions//align.paf.gz
	Done  (0s)
	Parsing file: /var/folders/zg/vq0dnx517c54hg87dyqjky740000gn/T/.tmprWAL2M/tmp//_polish_readPartitions//6_contigs.gz
	Parsing file: /var/folders/zg/vq0dnx517c54hg87dyqjky740000gn/T/.tmprWAL2M/tmp//_polish_readPartitions//6_contigs.gz
	Loading alignments
	Computing contig coverages
	Parsing file: /var/folders/zg/vq0dnx517c54hg87dyqjky740000gn/T/.tmprWAL2M/tmp//_polish_readPartitions//6_contigs.gz
	Collecting window sequences
	Parsing file: /var/folders/zg/vq0dnx517c54hg87dyqjky740000gn/T/.tmprWAL2M/tmp//_polish_readPartitions//6_reads.gz
	Parsing file done (nb reads: 8749)
	Perform correction
	Partition 6 done  (14s)

	Polishing partition: 7/10
	Map reads to curated contigs
	minimap2 -v 0 -m 500 -t 10 -x map-ont /var/folders/zg/vq0dnx517c54hg87dyqjky740000gn/T/.tmprWAL2M/tmp//_polish_readPartitions//7_contigs.gz /var/folders/zg/vq0dnx517c54hg87dyqjky740000gn/T/.tmprWAL2M/tmp//_polish_readPartitions//7_reads.gz
	gzip
	/var/folders/zg/vq0dnx517c54hg87dyqjky740000gn/T/.tmprWAL2M/tmp//_polish_readPartitions//align.paf.gz
	Done  (0s)
	Parsing file: /var/folders/zg/vq0dnx517c54hg87dyqjky740000gn/T/.tmprWAL2M/tmp//_polish_readPartitions//7_contigs.gz
	Parsing file: /var/folders/zg/vq0dnx517c54hg87dyqjky740000gn/T/.tmprWAL2M/tmp//_polish_readPartitions//7_contigs.gz
	Loading alignments
	Computing contig coverages
	Parsing file: /var/folders/zg/vq0dnx517c54hg87dyqjky740000gn/T/.tmprWAL2M/tmp//_polish_readPartitions//7_contigs.gz
	Collecting window sequences
	Parsing file: /var/folders/zg/vq0dnx517c54hg87dyqjky740000gn/T/.tmprWAL2M/tmp//_polish_readPartitions//7_reads.gz
	Parsing file done (nb reads: 76)
	Perform correction
	Partition 7 done  (0s)

	Polishing partition: 8/10
	Map reads to curated contigs
	minimap2 -v 0 -m 500 -t 10 -x map-ont /var/folders/zg/vq0dnx517c54hg87dyqjky740000gn/T/.tmprWAL2M/tmp//_polish_readPartitions//8_contigs.gz /var/folders/zg/vq0dnx517c54hg87dyqjky740000gn/T/.tmprWAL2M/tmp//_polish_readPartitions//8_reads.gz
	gzip
	/var/folders/zg/vq0dnx517c54hg87dyqjky740000gn/T/.tmprWAL2M/tmp//_polish_readPartitions//align.paf.gz
	Done  (0s)
	Parsing file: /var/folders/zg/vq0dnx517c54hg87dyqjky740000gn/T/.tmprWAL2M/tmp//_polish_readPartitions//8_contigs.gz
	Parsing file: /var/folders/zg/vq0dnx517c54hg87dyqjky740000gn/T/.tmprWAL2M/tmp//_polish_readPartitions//8_contigs.gz
	Loading alignments
	Computing contig coverages
	Parsing file: /var/folders/zg/vq0dnx517c54hg87dyqjky740000gn/T/.tmprWAL2M/tmp//_polish_readPartitions//8_contigs.gz
	Collecting window sequences
	Parsing file: /var/folders/zg/vq0dnx517c54hg87dyqjky740000gn/T/.tmprWAL2M/tmp//_polish_readPartitions//8_reads.gz
	Parsing file done (nb reads: 18)
	Perform correction
	Partition 8 done  (0s)

	Polishing partition: 9/10
	Map reads to curated contigs
	minimap2 -v 0 -m 500 -t 10 -x map-ont /var/folders/zg/vq0dnx517c54hg87dyqjky740000gn/T/.tmprWAL2M/tmp//_polish_readPartitions//9_contigs.gz /var/folders/zg/vq0dnx517c54hg87dyqjky740000gn/T/.tmprWAL2M/tmp//_polish_readPartitions//9_reads.gz
	gzip
	/var/folders/zg/vq0dnx517c54hg87dyqjky740000gn/T/.tmprWAL2M/tmp//_polish_readPartitions//align.paf.gz
	Done  (0s)
	Parsing file: /var/folders/zg/vq0dnx517c54hg87dyqjky740000gn/T/.tmprWAL2M/tmp//_polish_readPartitions//9_contigs.gz
	Parsing file: /var/folders/zg/vq0dnx517c54hg87dyqjky740000gn/T/.tmprWAL2M/tmp//_polish_readPartitions//9_contigs.gz
	Loading alignments
	Computing contig coverages
	Parsing file: /var/folders/zg/vq0dnx517c54hg87dyqjky740000gn/T/.tmprWAL2M/tmp//_polish_readPartitions//9_contigs.gz
	Collecting window sequences
	Parsing file: /var/folders/zg/vq0dnx517c54hg87dyqjky740000gn/T/.tmprWAL2M/tmp//_polish_readPartitions//9_reads.gz
	Parsing file done (nb reads: 379)
	Perform correction
	Partition 9 done  (0s)

Polishing contigs (pass 2)

	Polishing partition: 0/10
	Map reads to curated contigs
	minimap2 -v 0 -m 500 -t 10 -x map-ont /var/folders/zg/vq0dnx517c54hg87dyqjky740000gn/T/.tmprWAL2M/tmp//_polish_readPartitions//0_contigsPolished.gz /var/folders/zg/vq0dnx517c54hg87dyqjky740000gn/T/.tmprWAL2M/tmp//_polish_readPartitions//0_reads.gz
	gzip
	/var/folders/zg/vq0dnx517c54hg87dyqjky740000gn/T/.tmprWAL2M/tmp//_polish_readPartitions//align.paf.gz
	Done  (0s)
	Parsing file: /var/folders/zg/vq0dnx517c54hg87dyqjky740000gn/T/.tmprWAL2M/tmp//_polish_readPartitions//0_contigsPolished.gz
	Parsing file: /var/folders/zg/vq0dnx517c54hg87dyqjky740000gn/T/.tmprWAL2M/tmp//_polish_readPartitions//0_contigsPolished.gz
	Loading alignments
	Computing contig coverages
	Parsing file: /var/folders/zg/vq0dnx517c54hg87dyqjky740000gn/T/.tmprWAL2M/tmp//_polish_readPartitions//0_contigsPolished.gz
	Collecting window sequences
	Parsing file: /var/folders/zg/vq0dnx517c54hg87dyqjky740000gn/T/.tmprWAL2M/tmp//_polish_readPartitions//0_reads.gz
	Parsing file done (nb reads: 31)
	Perform correction
	Partition 0 done  (0s)

	Polishing partition: 1/10
	Map reads to curated contigs
	minimap2 -v 0 -m 500 -t 10 -x map-ont /var/folders/zg/vq0dnx517c54hg87dyqjky740000gn/T/.tmprWAL2M/tmp//_polish_readPartitions//1_contigsPolished.gz /var/folders/zg/vq0dnx517c54hg87dyqjky740000gn/T/.tmprWAL2M/tmp//_polish_readPartitions//1_reads.gz
	gzip
	/var/folders/zg/vq0dnx517c54hg87dyqjky740000gn/T/.tmprWAL2M/tmp//_polish_readPartitions//align.paf.gz
	Done  (0s)
	Parsing file: /var/folders/zg/vq0dnx517c54hg87dyqjky740000gn/T/.tmprWAL2M/tmp//_polish_readPartitions//1_contigsPolished.gz
	Parsing file: /var/folders/zg/vq0dnx517c54hg87dyqjky740000gn/T/.tmprWAL2M/tmp//_polish_readPartitions//1_contigsPolished.gz
	Loading alignments
	Computing contig coverages
	Parsing file: /var/folders/zg/vq0dnx517c54hg87dyqjky740000gn/T/.tmprWAL2M/tmp//_polish_readPartitions//1_contigsPolished.gz
	Collecting window sequences
	Parsing file: /var/folders/zg/vq0dnx517c54hg87dyqjky740000gn/T/.tmprWAL2M/tmp//_polish_readPartitions//1_reads.gz
	Parsing file done (nb reads: 61)
	Perform correction
	Partition 1 done  (0s)

	Polishing partition: 2/10
	Map reads to curated contigs
	minimap2 -v 0 -m 500 -t 10 -x map-ont /var/folders/zg/vq0dnx517c54hg87dyqjky740000gn/T/.tmprWAL2M/tmp//_polish_readPartitions//2_contigsPolished.gz /var/folders/zg/vq0dnx517c54hg87dyqjky740000gn/T/.tmprWAL2M/tmp//_polish_readPartitions//2_reads.gz
	gzip
	/var/folders/zg/vq0dnx517c54hg87dyqjky740000gn/T/.tmprWAL2M/tmp//_polish_readPartitions//align.paf.gz
	Done  (0s)
	Parsing file: /var/folders/zg/vq0dnx517c54hg87dyqjky740000gn/T/.tmprWAL2M/tmp//_polish_readPartitions//2_contigsPolished.gz
	Parsing file: /var/folders/zg/vq0dnx517c54hg87dyqjky740000gn/T/.tmprWAL2M/tmp//_polish_readPartitions//2_contigsPolished.gz
	Loading alignments
	Computing contig coverages
	Parsing file: /var/folders/zg/vq0dnx517c54hg87dyqjky740000gn/T/.tmprWAL2M/tmp//_polish_readPartitions//2_contigsPolished.gz
	Collecting window sequences
	Parsing file: /var/folders/zg/vq0dnx517c54hg87dyqjky740000gn/T/.tmprWAL2M/tmp//_polish_readPartitions//2_reads.gz
	Parsing file done (nb reads: 31)
	Perform correction
	Partition 2 done  (0s)

	Polishing partition: 3/10
	Map reads to curated contigs
	minimap2 -v 0 -m 500 -t 10 -x map-ont /var/folders/zg/vq0dnx517c54hg87dyqjky740000gn/T/.tmprWAL2M/tmp//_polish_readPartitions//3_contigsPolished.gz /var/folders/zg/vq0dnx517c54hg87dyqjky740000gn/T/.tmprWAL2M/tmp//_polish_readPartitions//3_reads.gz
	gzip
	/var/folders/zg/vq0dnx517c54hg87dyqjky740000gn/T/.tmprWAL2M/tmp//_polish_readPartitions//align.paf.gz
	Done  (0s)
	Parsing file: /var/folders/zg/vq0dnx517c54hg87dyqjky740000gn/T/.tmprWAL2M/tmp//_polish_readPartitions//3_contigsPolished.gz
	Parsing file: /var/folders/zg/vq0dnx517c54hg87dyqjky740000gn/T/.tmprWAL2M/tmp//_polish_readPartitions//3_contigsPolished.gz
	Loading alignments
	Computing contig coverages
	Parsing file: /var/folders/zg/vq0dnx517c54hg87dyqjky740000gn/T/.tmprWAL2M/tmp//_polish_readPartitions//3_contigsPolished.gz
	Collecting window sequences
	Parsing file: /var/folders/zg/vq0dnx517c54hg87dyqjky740000gn/T/.tmprWAL2M/tmp//_polish_readPartitions//3_reads.gz
	Parsing file done (nb reads: 15)
	Perform correction
	Partition 3 done  (0s)

	Polishing partition: 4/10
	Map reads to curated contigs
	minimap2 -v 0 -m 500 -t 10 -x map-ont /var/folders/zg/vq0dnx517c54hg87dyqjky740000gn/T/.tmprWAL2M/tmp//_polish_readPartitions//4_contigsPolished.gz /var/folders/zg/vq0dnx517c54hg87dyqjky740000gn/T/.tmprWAL2M/tmp//_polish_readPartitions//4_reads.gz
	gzip
	/var/folders/zg/vq0dnx517c54hg87dyqjky740000gn/T/.tmprWAL2M/tmp//_polish_readPartitions//align.paf.gz
	Done  (0s)
	Parsing file: /var/folders/zg/vq0dnx517c54hg87dyqjky740000gn/T/.tmprWAL2M/tmp//_polish_readPartitions//4_contigsPolished.gz
	Parsing file: /var/folders/zg/vq0dnx517c54hg87dyqjky740000gn/T/.tmprWAL2M/tmp//_polish_readPartitions//4_contigsPolished.gz
	Loading alignments
	Computing contig coverages
	Parsing file: /var/folders/zg/vq0dnx517c54hg87dyqjky740000gn/T/.tmprWAL2M/tmp//_polish_readPartitions//4_contigsPolished.gz
	Collecting window sequences
	Parsing file: /var/folders/zg/vq0dnx517c54hg87dyqjky740000gn/T/.tmprWAL2M/tmp//_polish_readPartitions//4_reads.gz
	Parsing file done (nb reads: 5570)
	Perform correction
	Partition 4 done  (166s)

	Polishing partition: 5/10
	Map reads to curated contigs
	minimap2 -v 0 -m 500 -t 10 -x map-ont /var/folders/zg/vq0dnx517c54hg87dyqjky740000gn/T/.tmprWAL2M/tmp//_polish_readPartitions//5_contigsPolished.gz /var/folders/zg/vq0dnx517c54hg87dyqjky740000gn/T/.tmprWAL2M/tmp//_polish_readPartitions//5_reads.gz
	gzip
	/var/folders/zg/vq0dnx517c54hg87dyqjky740000gn/T/.tmprWAL2M/tmp//_polish_readPartitions//align.paf.gz
	Done  (0s)
	Parsing file: /var/folders/zg/vq0dnx517c54hg87dyqjky740000gn/T/.tmprWAL2M/tmp//_polish_readPartitions//5_contigsPolished.gz
	Parsing file: /var/folders/zg/vq0dnx517c54hg87dyqjky740000gn/T/.tmprWAL2M/tmp//_polish_readPartitions//5_contigsPolished.gz
	Loading alignments
	Computing contig coverages
	Parsing file: /var/folders/zg/vq0dnx517c54hg87dyqjky740000gn/T/.tmprWAL2M/tmp//_polish_readPartitions//5_contigsPolished.gz
	Collecting window sequences
	Parsing file: /var/folders/zg/vq0dnx517c54hg87dyqjky740000gn/T/.tmprWAL2M/tmp//_polish_readPartitions//5_reads.gz
	Parsing file done (nb reads: 917)
	Perform correction
	Partition 5 done  (1s)

	Polishing partition: 6/10
	Map reads to curated contigs
	minimap2 -v 0 -m 500 -t 10 -x map-ont /var/folders/zg/vq0dnx517c54hg87dyqjky740000gn/T/.tmprWAL2M/tmp//_polish_readPartitions//6_contigsPolished.gz /var/folders/zg/vq0dnx517c54hg87dyqjky740000gn/T/.tmprWAL2M/tmp//_polish_readPartitions//6_reads.gz
	gzip
	/var/folders/zg/vq0dnx517c54hg87dyqjky740000gn/T/.tmprWAL2M/tmp//_polish_readPartitions//align.paf.gz
	Done  (0s)
	Parsing file: /var/folders/zg/vq0dnx517c54hg87dyqjky740000gn/T/.tmprWAL2M/tmp//_polish_readPartitions//6_contigsPolished.gz
	Parsing file: /var/folders/zg/vq0dnx517c54hg87dyqjky740000gn/T/.tmprWAL2M/tmp//_polish_readPartitions//6_contigsPolished.gz
	Loading alignments
	Computing contig coverages
	Parsing file: /var/folders/zg/vq0dnx517c54hg87dyqjky740000gn/T/.tmprWAL2M/tmp//_polish_readPartitions//6_contigsPolished.gz
	Collecting window sequences
	Parsing file: /var/folders/zg/vq0dnx517c54hg87dyqjky740000gn/T/.tmprWAL2M/tmp//_polish_readPartitions//6_reads.gz
	Parsing file done (nb reads: 8749)
	Perform correction
	Partition 6 done  (13s)

	Polishing partition: 7/10
	Map reads to curated contigs
	minimap2 -v 0 -m 500 -t 10 -x map-ont /var/folders/zg/vq0dnx517c54hg87dyqjky740000gn/T/.tmprWAL2M/tmp//_polish_readPartitions//7_contigsPolished.gz /var/folders/zg/vq0dnx517c54hg87dyqjky740000gn/T/.tmprWAL2M/tmp//_polish_readPartitions//7_reads.gz
	gzip
	/var/folders/zg/vq0dnx517c54hg87dyqjky740000gn/T/.tmprWAL2M/tmp//_polish_readPartitions//align.paf.gz
	Done  (0s)
	Parsing file: /var/folders/zg/vq0dnx517c54hg87dyqjky740000gn/T/.tmprWAL2M/tmp//_polish_readPartitions//7_contigsPolished.gz
	Parsing file: /var/folders/zg/vq0dnx517c54hg87dyqjky740000gn/T/.tmprWAL2M/tmp//_polish_readPartitions//7_contigsPolished.gz
	Loading alignments
	Computing contig coverages
	Parsing file: /var/folders/zg/vq0dnx517c54hg87dyqjky740000gn/T/.tmprWAL2M/tmp//_polish_readPartitions//7_contigsPolished.gz
	Collecting window sequences
	Parsing file: /var/folders/zg/vq0dnx517c54hg87dyqjky740000gn/T/.tmprWAL2M/tmp//_polish_readPartitions//7_reads.gz
	Parsing file done (nb reads: 76)
	Perform correction
	Partition 7 done  (0s)

	Polishing partition: 8/10
	Map reads to curated contigs
	minimap2 -v 0 -m 500 -t 10 -x map-ont /var/folders/zg/vq0dnx517c54hg87dyqjky740000gn/T/.tmprWAL2M/tmp//_polish_readPartitions//8_contigsPolished.gz /var/folders/zg/vq0dnx517c54hg87dyqjky740000gn/T/.tmprWAL2M/tmp//_polish_readPartitions//8_reads.gz
	gzip
	/var/folders/zg/vq0dnx517c54hg87dyqjky740000gn/T/.tmprWAL2M/tmp//_polish_readPartitions//align.paf.gz
	Done  (0s)
	Parsing file: /var/folders/zg/vq0dnx517c54hg87dyqjky740000gn/T/.tmprWAL2M/tmp//_polish_readPartitions//8_contigsPolished.gz
	Parsing file: /var/folders/zg/vq0dnx517c54hg87dyqjky740000gn/T/.tmprWAL2M/tmp//_polish_readPartitions//8_contigsPolished.gz
	Loading alignments
	Computing contig coverages
	Parsing file: /var/folders/zg/vq0dnx517c54hg87dyqjky740000gn/T/.tmprWAL2M/tmp//_polish_readPartitions//8_contigsPolished.gz
	Collecting window sequences
	Parsing file: /var/folders/zg/vq0dnx517c54hg87dyqjky740000gn/T/.tmprWAL2M/tmp//_polish_readPartitions//8_reads.gz
	Parsing file done (nb reads: 18)
	Perform correction
	Partition 8 done  (0s)

	Polishing partition: 9/10
	Map reads to curated contigs
	minimap2 -v 0 -m 500 -t 10 -x map-ont /var/folders/zg/vq0dnx517c54hg87dyqjky740000gn/T/.tmprWAL2M/tmp//_polish_readPartitions//9_contigsPolished.gz /var/folders/zg/vq0dnx517c54hg87dyqjky740000gn/T/.tmprWAL2M/tmp//_polish_readPartitions//9_reads.gz
	gzip
	/var/folders/zg/vq0dnx517c54hg87dyqjky740000gn/T/.tmprWAL2M/tmp//_polish_readPartitions//align.paf.gz
	Done  (0s)
	Parsing file: /var/folders/zg/vq0dnx517c54hg87dyqjky740000gn/T/.tmprWAL2M/tmp//_polish_readPartitions//9_contigsPolished.gz
	Parsing file: /var/folders/zg/vq0dnx517c54hg87dyqjky740000gn/T/.tmprWAL2M/tmp//_polish_readPartitions//9_contigsPolished.gz
	Loading alignments
	Computing contig coverages
	Parsing file: /var/folders/zg/vq0dnx517c54hg87dyqjky740000gn/T/.tmprWAL2M/tmp//_polish_readPartitions//9_contigsPolished.gz
	Collecting window sequences
	Parsing file: /var/folders/zg/vq0dnx517c54hg87dyqjky740000gn/T/.tmprWAL2M/tmp//_polish_readPartitions//9_reads.gz
	Parsing file done (nb reads: 379)
	Perform correction
	Partition 9 done  (0s)

Dereplicating contigs
	Aligning contigs vs contigs
	minimap2 -v 0 -c -m 500 -x asm20 -I 1G -t 10 -DP --dual=no --no-long-join -r100 -z200 -g2k /var/folders/zg/vq0dnx517c54hg87dyqjky740000gn/T/.tmprWAL2M/tmp//_polish_readPartitions//contigs_polished.fasta.gz /var/folders/zg/vq0dnx517c54hg87dyqjky740000gn/T/.tmprWAL2M/tmp//_polish_readPartitions//contigs_polished.fasta.gz
	gzip
	/var/folders/zg/vq0dnx517c54hg87dyqjky740000gn/T/.tmprWAL2M/tmp//_polish_readPartitions//align_contigsVsContigs.paf.gz
	Done  (0s)
	Loading contig overlaps
	Loading alignments
	Dereplicating contigs
	Parsing file: /var/folders/zg/vq0dnx517c54hg87dyqjky740000gn/T/.tmprWAL2M/tmp//_polish_readPartitions//contigs_polished.fasta.gz
	Done  (0s)

Dereplicating contigs
	Aligning contigs vs contigs
	minimap2 -v 0 -c -m 500 -x asm20 -I 1G -t 10 -DP --dual=no --no-long-join -r100 -z200 -g2k /var/folders/zg/vq0dnx517c54hg87dyqjky740000gn/T/.tmprWAL2M/tmp//_polish_readPartitions//contigs_derep.fasta.gz /var/folders/zg/vq0dnx517c54hg87dyqjky740000gn/T/.tmprWAL2M/tmp//_polish_readPartitions//contigs_derep.fasta.gz
	gzip
	/var/folders/zg/vq0dnx517c54hg87dyqjky740000gn/T/.tmprWAL2M/tmp//_polish_readPartitions//align_contigsVsContigs.paf.gz
	Done  (0s)
	Loading contig overlaps
	Loading alignments
	Dereplicating contigs
	Parsing file: /var/folders/zg/vq0dnx517c54hg87dyqjky740000gn/T/.tmprWAL2M/tmp//_polish_readPartitions//contigs_derep.fasta.gz
	Done  (0s)

Trimming contigs

Moving final contigs to destination

Polished contigs: /var/folders/zg/vq0dnx517c54hg87dyqjky740000gn/T/.tmprWAL2M/tmp//contigs.fasta.gz
done
Moving final contigs to destination
pass done: 205
pass done
	Parsing file: /var/folders/zg/vq0dnx517c54hg87dyqjky740000gn/T/.tmprWAL2M/contigs.fasta.gz
	Parsing file done (nb reads: 14)

	Run time:                   5min 14sec
	Peak memory:                0 GB
	Assembly length:            3264864
	Contigs N50:                1662299
	Nb contigs:                 14
	Nb Contigs (>1Mb):          2
	Nb circular contigs (>1Mb): 0

Contig filename: /var/folders/zg/vq0dnx517c54hg87dyqjky740000gn/T/.tmprWAL2M/contigs.fasta.gz
Done!
