
MetaMDBG 1.2

Checking dependencies: minimap2


minimap2 -v 0 -x map-hifi /var/folders/zg/vq0dnx517c54hg87dyqjky740000gn/T/.tmp7o7wQ0/tmp//testDependencies.fasta /var/folders/zg/vq0dnx517c54hg87dyqjky740000gn/T/.tmp7o7wQ0/tmp//testDependencies.fasta -o /var/folders/zg/vq0dnx517c54hg87dyqjky740000gn/T/.tmp7o7wQ0/tmp//testDependencies_minimap.paf
ok

Output dir:              /var/folders/zg/vq0dnx517c54hg87dyqjky740000gn/T/.tmp7o7wQ0
Minimizer length:        15
Min k-min-mer abundance: 0
Density correction:      0.025
Density assembly:        0.005
Min read quality:        0
Min read overlap length: 1000
Min read identity:       0.96
Contig Derep threshold:  0.99
Homopolymer compression: 0
Read correction:         1

Converting reads to minimizers


metaMDBG readSelection /var/folders/zg/vq0dnx517c54hg87dyqjky740000gn/T/.tmp7o7wQ0/tmp/ /var/folders/zg/vq0dnx517c54hg87dyqjky740000gn/T/.tmp7o7wQ0/tmp//read_data_init.txt /var/folders/zg/vq0dnx517c54hg87dyqjky740000gn/T/.tmp7o7wQ0/tmp//input.txt --threads 10 --min-read-quality 0.000000 --output-quality

Input filename: /var/folders/zg/vq0dnx517c54hg87dyqjky740000gn/T/.tmp7o7wQ0/tmp//input.txt
Input dir: /var/folders/zg/vq0dnx517c54hg87dyqjky740000gn/T/.tmp7o7wQ0/tmp/
Min read quality: 0
Minimizer length: 15
Kminmer length: 4
Density: 0.025

Collecting repetitive minimizers
	Parsing file: /Users/mschul/Downloads/sample01/sample01_autocycler/porechop_output_sample01/subsampled_reads/sample_01.fastq
0
	Parsing file done (nb reads: 21807)
Nb minimizers: 542101
Top 1000 repetitive minimizers:
	0	200674404500338137	2073
	1	310612582662316624	473
	2	426031741198032911	432
	3	354479218752146524	425
	4	74000708096080470	353
	5	87884089835739256	343
	6	152705897178961409	270
	7	410300431011852796	269
	8	318268085688400246	255
	9	395558716000721925	250
	10	387227473312555990	239
	11	196951025728867981	237
	12	127877448689285016	225
	13	435803489765938598	211
	14	310751134635568052	197
	15	282275202642698773	192
	16	112962020442871828	191
	17	279400172010196800	189
	18	114461725769836351	186
	19	133998798284183014	182
	20	369698405588983607	182
	21	426620577227494787	180
	22	398204361735465697	178
	23	293516479341577910	174
	24	441902959033122815	171
	25	420561066568898587	168
	26	315265612063503758	168
	27	281072739451220702	164
	28	357440285828398089	160
	29	325776848230015949	160
	30	361615466139777158	158
	31	45896773932858947	157
	32	299905741098321910	139
	33	214979285376949073	139
	34	383543299323446076	139
	35	405764776136872430	137
	36	80183922105000988	133
	37	133708916275415960	132
	38	453294361571171643	132
	39	65944181381572977	131
	40	98286427698639366	131
	41	131439312686540049	131
	42	340110913682603883	131
	43	398601327802380149	130
	44	405379553203928134	130
	45	357250250540104659	129
	46	34835452940001790	129
	47	176604906822910719	129
	48	306666018432152893	128
	49	217897200632192335	127
	50	42133430222292553	126
	51	357642166806978275	125
	52	137391343367680304	125
	53	233121599613752694	125
	54	291974452738375900	125
	55	55716994440170599	124
	56	396696532500440802	124
	57	46816281002483159	124
	58	12279558359527838	124
	59	92796875980510814	124
	60	44590095572070086	123
	61	341701689132342283	123
	62	152513107099144852	123
	63	273117598384322512	122
	64	36513903463332660	122
	65	267213868965479711	122
	66	287045057842463404	122
	67	162568044135584032	121
	68	344024674616915149	121
	69	397003486693255033	121
	70	205480063841777418	121
	71	410062805304158162	121
	72	385532568686233924	121
	73	21731143382916265	120
	74	69435486880335744	120
	75	31545202382085738	120
	76	350900544604955136	119
	77	164017661098396008	119
	78	217057051226629409	119
	79	192239992716104949	119
	80	248059518041192602	119
	81	72859826575500842	119
	82	4714613186586445	119
	83	77258489765497509	118
	84	49737837528364673	118
	85	313102550795482714	118
	86	375601248265750645	118
	87	430753051374466336	118
	88	69682030338688093	118
	89	236264863273510281	117
	90	298065912735038518	117
	91	142506171542649562	117
	92	425364139618248944	117
	93	134132988282802138	116
	94	452625236226624803	116
	95	342367914372836986	116
	96	128874328660930194	116
	97	282205210455383777	116
	98	141182889601616680	116
	99	130497339876132809	115
	100	178644189966385041	115
	101	214224004585518048	115
	102	420744285175038776	115
	103	222164293691491721	115
	104	46428400787565966	115
	105	256290910735244063	115
	106	435762226593379824	114
	107	11873889087120186	114
	108	20124587320076688	113
	109	114434025021941872	113
	110	153062961750797157	113
	111	125493818675407751	113
	112	130465363027925847	113
	113	186188230251703194	113
	114	40616590488031621	113
	115	341001787727505508	112
	116	217680495630290163	112
	117	123245910707095796	112
	118	110761457300990891	112
	119	285058609001402041	112
	120	224022117044508950	112
	121	111981518732368731	111
	122	163338058817575180	111
	123	455971234545888468	111
	124	88546078224180244	111
	125	19552209429379111	111
	126	218184423453881158	111
	127	4972020450435489	110
	128	76877580238138530	110
	129	890273448321923	110
	130	431487881080885088	110
	131	162939254738724015	110
	132	202921590687581244	109
	133	460969438893206957	109
	134	439438956021049104	109
	135	150329900323031783	109
	136	50069670844255044	108
	137	324724323902370781	108
	138	59441605166308888	108
	139	42592701069560723	108
	140	353028554895084710	108
	141	153757755929081407	108
	142	134608694266105726	107
	143	84519929401587117	107
	144	416774708378871597	107
	145	229347190953059196	107
	146	29500971208220911	107
	147	164570105817297369	107
	148	152828191065923843	107
	149	321147090039357640	107
	150	178252241701976497	106
	151	77811109223042182	106
	152	425980434910841318	106
	153	244601058115186434	106
	154	460319469718453506	106
	155	327916118189660399	106
	156	109732281600680776	106
	157	124217359824216578	105
	158	454993755651693503	105
	159	75237636478493090	105
	160	46966940251087820	105
	161	51457851144932481	105
	162	313246128935320180	105
	163	424754113556283945	104
	164	247175546812248343	104
	165	257627709627314237	104
	166	179614863990184059	104
	167	234574451443043363	104
	168	68708469523629470	103
	169	70798067229854640	103
	170	104954633294958228	103
	171	160755657838419760	103
	172	51256394710054181	103
	173	93747244403160738	102
	174	55798008923345693	102
	175	106034982088928649	102
	176	233751431890120531	102
	177	60365888067235775	101
	178	358091723219760373	101
	179	355494706067025742	101
	180	255081797184012750	101
	181	427143059020080411	101
	182	118145103121283100	101
	183	440722796543788285	101
	184	142891124921090404	101
	185	161666080716302046	101
	186	8122056135655461	101
	187	179195125713399691	101
	188	113381835907073295	100
	189	106329325711807622	100
	190	274628767227166449	100
	191	414960779607946887	100
	192	230561284744270585	100
	193	312745663493724818	100
	194	340279911448234766	100
	195	250245281068146094	100
	196	295774967863571912	99
	197	61627522301309833	99
	198	114661195152297259	99
	199	406171560244508777	99
	200	123706884365997007	99
	201	403037080567846819	99
	202	274387040306646157	99
	203	40239984567802174	99
	204	77895026324068004	99
	205	26293237550202408	99
	206	31140375570472411	99
	207	235708948700918501	99
	208	106014325791734460	99
	209	124571931945717185	99
	210	402303335764161400	98
	211	214684871952433360	98
	212	131149922937123420	98
	213	389570320306776895	98
	214	306167559037224054	98
	215	227671470154638905	98
	216	358940086612628104	98
	217	152451599971987934	98
	218	124232029249694048	98
	219	235789604920884622	97
	220	178607490311984881	97
	221	64961980017600105	97
	222	441643218909193041	97
	223	129985302753174001	97
	224	134224196153971145	97
	225	223642033837181430	97
	226	277056007052114302	97
	227	384704716248772282	97
	228	304102698310246554	97
	229	230696098766817461	97
	230	412938736027044785	96
	231	459232053129156003	96
	232	424295339914875130	96
	233	185615554162746368	96
	234	302490763071447279	95
	235	460096428297509584	95
	236	85191844491722850	95
	237	273166266705276825	95
	238	304056513235066787	95
	239	385570752001798111	95
	240	5617387602250724	95
	241	201178475845746433	95
	242	177169619148398556	95
	243	115233992068818866	94
	244	33853218589511473	94
	245	193718579349164168	94
	246	240973278969117163	94
	247	221039981199384384	94
	248	247918452936592517	94
	249	175451000290185132	94
	250	82469085145625865	94
	251	45020425522439020	94
	252	166699904536179821	94
	253	456976975496142765	93
	254	419026833294889821	93
	255	349999201480314963	93
	256	202202134389032357	93
	257	361151752366132438	93
	258	100054561508110014	93
	259	250871832060195753	92
	260	421178298959252982	92
	261	390730415164431811	92
	262	448029949411156814	92
	263	34965232927779810	92
	264	156909682911115748	92
	265	170993880697912340	92
	266	61053675111928421	92
	267	305964885731362423	92
	268	264950944892484048	92
	269	211889946010250368	92
	270	413909468928193262	92
	271	115957158102151111	92
	272	57228701269771657	92
	273	310370553304353766	92
	274	389986847163024964	92
	275	69843888033762980	92
	276	6549622972423649	92
	277	141536731844062462	92
	278	52680295128415416	92
	279	338697752397887524	91
	280	231135600725834848	91
	281	241404998866900140	91
	282	26327593847086679	91
	283	348291228684844628	91
	284	170597571787297304	91
	285	217545653479412713	91
	286	60038872804809966	91
	287	135231025194226401	91
	288	336693433797603233	91
	289	60311316786660022	90
	290	53871386863386052	90
	291	151691870524838898	90
	292	435842519610386387	90
	293	453957322297855235	90
	294	126498383177127760	90
	295	305001179390979341	90
	296	311756024918120600	90
	297	374463042489682364	89
	298	445422272030627261	89
	299	29384481722684086	89
	300	379050230883743479	89
	301	308572816244422646	89
	302	99940696532893429	89
	303	233339880306615218	89
	304	14569409485779743	89
	305	262056389262680481	89
	306	292455777223336434	89
	307	188627933107407244	89
	308	138934486303376705	88
	309	251525308695306545	88
	310	423735373211788573	88
	311	18414963791631321	88
	312	139017196550488854	88
	313	302807516821124863	88
	314	422459483140642116	88
	315	353927096488927265	88
	316	170263386762184852	88
	317	287693865942559628	88
	318	128548907626467098	88
	319	167218586228605892	88
	320	154827342056073647	88
	321	331964096913311074	88
	322	81442668226512451	88
	323	28478538325191128	87
	324	457137399168309702	87
	325	101439824815021447	87
	326	397135500490726110	87
	327	249546767866555152	87
	328	408708701169276359	87
	329	18202131328010757	87
	330	259566120059904731	87
	331	130809013089890318	87
	332	105115342634971584	87
	333	414578265847796452	87
	334	188236891838520170	87
	335	172789373523789756	87
	336	55784089933569092	87
	337	12403993831686630	87
	338	110563361062305376	86
	339	6731544611882399	86
	340	391557824446427062	86
	341	29070259983256023	86
	342	116941277764099904	86
	343	138608529798140164	86
	344	447242228485615993	86
	345	32957515564069587	86
	346	356211774114720448	86
	347	213690002568385139	86
	348	275586537149220974	85
	349	454369590296879338	85
	350	99702296722601289	85
	351	212683255022986566	85
	352	301679212453844857	85
	353	343793115563089525	85
	354	886637187448394	85
	355	231152918563676757	85
	356	105611556338640381	85
	357	259849187098467000	85
	358	237660792790352621	85
	359	75295478242967065	85
	360	233886795081560326	85
	361	417776530478100782	85
	362	130241299188608903	85
	363	238983968744785083	85
	364	428931516879857108	85
	365	346592064040334055	84
	366	261255515141939178	84
	367	449807979673852969	84
	368	147694135477871960	84
	369	420996923098706631	84
	370	269528882266061669	84
	371	449771280451758104	84
	372	99728969869986710	84
	373	144839598781471190	84
	374	428931487900584157	84
	375	362036203373167720	84
	376	412772759201049574	84
	377	343099134023471132	84
	378	446445058252600914	84
	379	70207692718516488	84
	380	93905004234919704	84
	381	224448472024721110	83
	382	138894478976347779	83
	383	111074673818815228	83
	384	49694181878235	83
	385	453817238067492996	83
	386	253640256147835026	83
	387	372954661944461844	83
	388	2120801969964380	83
	389	67741422536793923	83
	390	186524265044383031	83
	391	278371356771617817	83
	392	223682141112750664	83
	393	266579664656002237	82
	394	292701653462655412	82
	395	386785946067301024	82
	396	91861988398388627	82
	397	262320508414400938	82
	398	33167306408173436	82
	399	37580574762627911	82
	400	188762606429895531	82
	401	54009437912215335	82
	402	236135453907052097	82
	403	137652181249418058	82
	404	44466519072673004	82
	405	417081375783449659	82
	406	226001725308358984	82
	407	445973359968516697	82
	408	261218135808080649	82
	409	257738247190841151	82
	410	240607269244040683	82
	411	438961596004658625	82
	412	44930389891701463	82
	413	66277690480921041	82
	414	25499048784246510	81
	415	430894916777683364	81
	416	224830502864536307	81
	417	194307564037551675	81
	418	192715646993234898	81
	419	9108790709293027	81
	420	57891051714569800	81
	421	273869559726817425	81
	422	48575019053701061	81
	423	179746360735420847	81
	424	192517854061094760	81
	425	164743551538243332	81
	426	296254331358006772	81
	427	280646173865834978	81
	428	74643321652172183	81
	429	369027261046799223	81
	430	456745335781739849	81
	431	419981521992215960	81
	432	367416148424156516	81
	433	246857601513894315	80
	434	99104365033577136	80
	435	450562823932981334	80
	436	158534315641483822	80
	437	54938679413843081	80
	438	377508759388505011	80
	439	140402920993094701	80
	440	430797854152960401	80
	441	26687662250938063	80
	442	216942261220806251	80
	443	332529406829017576	80
	444	217933140417643069	80
	445	436539969191361573	80
	446	179866703268777492	80
	447	199519666445006721	79
	448	230881907643768537	79
	449	119900525174015724	79
	450	372785386894214750	79
	451	299895377187905465	79
	452	24758772396390096	79
	453	35848666970908476	79
	454	443732126151497099	79
	455	89281061941604445	79
	456	19844885434991797	79
	457	150462155160175407	79
	458	309818838422040408	79
	459	169794359647167159	79
	460	3887218496500935	79
	461	341025331617525980	79
	462	455291882890667346	79
	463	294217235759845750	79
	464	228846224627715437	79
	465	163471166268966558	79
	466	170381479939755701	79
	467	194497975660661939	79
	468	273451612826856903	79
	469	54081081273054449	78
	470	100169186500013604	78
	471	268824318965690544	78
	472	33303577241595953	78
	473	185964242211716858	78
	474	20361440220587986	78
	475	338227767221919621	78
	476	126973633054557564	78
	477	297630529501008744	78
	478	195674214821309894	78
	479	450348184265136371	78
	480	417189859890431025	78
	481	316621113549093104	78
	482	459610180977643587	78
	483	178899256190423122	78
	484	143121154124093781	78
	485	62143315606768622	78
	486	48533226671321731	78
	487	223538317662624857	78
	488	293456889500424430	78
	489	211224874722455786	78
	490	292543854838447580	78
	491	358305428714271694	78
	492	404562533012984807	78
	493	200920512264436960	78
	494	94894349973190020	78
	495	223501304828492316	78
	496	371220937173764332	78
	497	394695489734840162	77
	498	345801248764464172	77
	499	125515068559147844	77
	500	120812897508043825	77
	501	197138925831992530	77
	502	436589891742282203	77
	503	391498973503800003	77
	504	96076784712675752	77
	505	33665789788200216	77
	506	200254189378317900	77
	507	371080460353731721	77
	508	244761086063674539	77
	509	209698281722206490	77
	510	198735035878797549	77
	511	144244229117749066	77
	512	790577322572371	77
	513	115827689524991307	77
	514	10396423013005892	77
	515	134433414254413509	77
	516	168169526804495707	77
	517	391094159647170502	77
	518	350188836293943620	77
	519	188869307381661312	77
	520	415081055235185754	77
	521	79159604603220162	77
	522	41112850960641168	77
	523	322302462443231660	77
	524	371844529209982769	77
	525	165452066087718996	77
	526	367776313231467384	77
	527	42889502356844095	77
	528	402649225453936457	77
	529	15340370123138449	76
	530	452488209844899919	76
	531	67014287135954880	76
	532	296807449542056528	76
	533	384982882105912162	76
	534	380276647341594465	76
	535	417111708133439133	76
	536	11451445895269517	76
	537	189276863943155093	76
	538	67044782741263154	76
	539	37952769389486109	76
	540	401132494599104992	76
	541	309704873911870071	76
	542	230179731495970649	76
	543	77127177224282260	76
	544	44579433053368787	76
	545	383707085592010403	76
	546	456508560691691918	76
	547	94711006838317463	76
	548	218867166672631523	76
	549	366569174654067420	76
	550	270163649072262930	76
	551	318379704776811318	76
	552	454679623836746128	76
	553	47362813973429616	76
	554	449345099103211002	76
	555	143966271065414439	76
	556	90231814597326962	76
	557	357856475354347361	76
	558	49463053745264537	76
	559	179479188718646134	76
	560	458898114915028755	76
	561	417972012952319196	76
	562	410045000953096312	76
	563	168033142270160536	76
	564	157262946279094007	76
	565	14918842007805447	76
	566	117422926872678088	76
	567	64834446388223203	76
	568	400894269863849960	76
	569	322936121514812851	76
	570	111570849248179690	76
	571	51499737859334175	75
	572	156226008194014480	75
	573	213843715147458591	75
	574	252018108677454096	75
	575	379929425069713422	75
	576	44398951229824566	75
	577	59236392915980431	75
	578	343934964989314353	75
	579	289995028580369629	75
	580	439758035769265423	75
	581	153204638818663407	75
	582	49466503563964570	75
	583	221927850593729851	75
	584	243266470869268713	75
	585	278302176159980811	75
	586	440625032310691795	75
	587	394303263627186310	75
	588	415182544649088153	75
	589	283319360560914211	75
	590	350121936046417077	75
	591	308373581088816274	75
	592	219023773729312307	75
	593	238648336266589813	75
	594	122779307600508499	75
	595	164012136887451361	75
	596	251142358565880764	75
	597	325815711390140258	75
	598	332826333573715037	75
	599	451529132259786716	75
	600	402430724070207915	75
	601	296961969312279861	75
	602	3650832070238928	75
	603	15553011516881591	75
	604	244910331648336013	75
	605	17981403848215363	75
	606	247964566716643821	75
	607	445100025322275844	75
	608	253998609262922815	74
	609	92901666546544452	74
	610	341443287757751490	74
	611	117622726358707632	74
	612	386894937125051081	74
	613	141076976544551883	74
	614	10831350197591561	74
	615	41827125664588418	74
	616	214959514099417947	74
	617	265643835092476351	74
	618	3037364230126582	74
	619	189893471057499802	74
	620	64809350342880296	74
	621	449502977008901698	74
	622	320400050224220988	74
	623	93390669993825618	74
	624	264765882770550513	74
	625	12074442027269857	74
	626	10738571983385880	74
	627	335871971748022348	74
	628	114814727410035402	74
	629	31715176153773318	74
	630	108432868752147315	74
	631	118550076183596759	74
	632	175221488439012568	74
	633	94291980092656420	74
	634	185927161079951852	74
	635	35042106221378264	74
	636	129496362448205164	74
	637	388994845044750688	74
	638	242807043759425528	74
	639	138911838281695006	74
	640	89029780572870925	74
	641	431845662798701871	74
	642	239153707411469147	74
	643	364997138899306417	74
	644	367474008749037189	74
	645	63227016941402765	74
	646	385949217265557270	74
	647	89343142006402205	74
	648	108390703495998880	74
	649	290122970396878521	74
	650	359373924258421423	74
	651	418842943977325024	74
	652	14898476685800094	74
	653	279630248992046730	74
	654	137944526879196094	74
	655	342057015019765659	73
	656	94270060485998793	73
	657	168447189614601487	73
	658	124843807007400220	73
	659	48346667246273992	73
	660	236060722281008278	73
	661	181419441471951260	73
	662	332723911692371118	73
	663	236542598078655547	73
	664	202635440671500684	73
	665	52673026795430675	73
	666	368336254023706619	73
	667	236185776781051769	73
	668	116830005809230552	73
	669	402296518365079666	73
	670	106887025069533183	73
	671	110510341461542148	73
	672	65085815567524708	73
	673	437743064576927110	73
	674	185323323492195439	73
	675	400206941981143197	73
	676	389497919654116156	73
	677	220280828979547200	73
	678	34175691408280672	73
	679	416528855242434835	73
	680	30797657200890119	73
	681	297189450367079996	73
	682	260479130640215217	73
	683	322804320367080843	73
	684	250296908041097776	73
	685	389777236391119062	73
	686	407955393751065496	73
	687	249181212313659231	73
	688	98524846585091121	73
	689	222788619316669811	73
	690	424084901912578294	73
	691	313075838360049303	73
	692	202045936392339297	73
	693	454252580419369732	73
	694	430731421911446459	73
	695	216622374099063841	73
	696	291629708587306509	73
	697	244128788438319322	73
	698	79399476397027051	73
	699	265932950063492792	73
	700	392016643531277834	73
	701	325002698529791877	73
	702	385624499212732848	72
	703	122702316963480464	72
	704	315347197024006864	72
	705	320506232123073392	72
	706	195468365949140700	72
	707	119836996589264309	72
	708	346860260766701916	72
	709	357444012019153514	72
	710	372164861239922904	72
	711	260888429447430036	72
	712	167458902849405961	72
	713	430470859168607630	72
	714	402053124375830181	72
	715	209115937472847821	72
	716	210266599616922397	72
	717	209697356450738786	72
	718	33126345510768141	72
	719	119333587277478100	72
	720	293367402461985612	72
	721	385637378094719692	72
	722	157679156346278870	72
	723	366152204733178613	72
	724	426530683335879498	72
	725	388037071842409463	72
	726	369277600778628351	72
	727	140755036410102525	72
	728	301792385799350509	72
	729	51702711599881389	72
	730	138984618310594410	72
	731	298708502646039059	72
	732	99625296086994694	72
	733	190070376652430810	72
	734	287519985511569648	72
	735	381669776844312724	72
	736	158311066371804269	72
	737	284122312888269377	72
	738	224288191678007360	72
	739	266350580741930119	72
	740	190188115114113613	72
	741	139092744638503615	72
	742	119228033378026781	72
	743	369677527868073093	72
	744	41709861109903142	72
	745	159645244628047980	72
	746	202441346110934901	72
	747	197624746058552695	71
	748	3173032095586111	71
	749	268297482768385065	71
	750	266522629601030118	71
	751	152655349936797978	71
	752	49267354072291873	71
	753	303397223534829786	71
	754	55336751170505379	71
	755	266495177120821315	71
	756	253168804215101871	71
	757	342055379597965862	71
	758	253874159280416835	71
	759	28217851464714046	71
	760	75103342376179149	71
	761	437002015718611642	71
	762	47577032870307297	71
	763	281115070050671869	71
	764	304188614656835358	71
	765	289651924402820164	71
	766	453416773462192234	71
	767	67918237452751396	71
	768	34011430433186637	71
	769	356943288157107592	71
	770	77164139998955026	71
	771	367070560895126982	71
	772	23469861884985651	71
	773	235804623481285213	71
	774	399601023796640481	71
	775	81994146093952557	71
	776	81727380165077736	71
	777	111100348114810397	71
	778	371549024032345049	71
	779	409145337558295464	71
	780	419324547444030549	71
	781	190124116866500929	71
	782	46658501991234024	71
	783	446903994444824688	71
	784	348843504857262855	71
	785	447741308749859813	71
	786	114092678511834467	71
	787	431190478741523728	71
	788	255923124635093175	71
	789	195488705547641430	71
	790	437184045906398380	71
	791	198282708364230256	71
	792	327453163981065757	71
	793	178321334012039088	70
	794	459509489235753681	70
	795	29013563275164893	70
	796	195069923549489770	70
	797	71488518354940974	70
	798	426185702237116024	70
	799	103812472767746233	70
	800	372400836083372936	70
	801	219854501970238285	70
	802	148685404295163832	70
	803	444768071299206621	70
	804	449512902559749460	70
	805	308291832061859674	70
	806	437413750574236440	70
	807	258494302131980611	70
	808	400197635443363321	70
	809	295906961024371167	70
	810	372735789363750215	70
	811	337954111775212256	70
	812	92547359575120029	70
	813	58393870785451459	70
	814	391030947812660485	70
	815	169643225199533030	70
	816	374976180827951773	70
	817	431954655472674377	70
	818	420082148798110615	70
	819	288500185029839639	70
	820	100509767585762733	70
	821	343365011049394306	70
	822	321108412440219671	70
	823	348182545964000699	70
	824	99521685486445196	70
	825	253409495853364064	70
	826	393265438573591120	70
	827	451714157964837525	70
	828	236308398873902833	70
	829	438648023708037471	70
	830	252490359507905206	70
	831	148231033764024171	70
	832	301009248474851717	70
	833	100125186658747078	70
	834	91406341392072337	70
	835	241031938780008306	70
	836	239731719534057125	70
	837	96260830931606681	70
	838	429021190385408268	70
	839	290159210660358904	70
	840	347165239782834040	70
	841	328195271052491178	70
	842	55764387940157701	70
	843	10428069370592849	70
	844	407431874390776685	70
	845	444814551489822689	70
	846	242402354486961369	70
	847	461076797228835878	70
	848	17499464979924852	70
	849	46301082675323391	70
	850	337019373117719904	70
	851	30937751403750314	70
	852	371912161614105796	69
	853	29645482569133115	69
	854	7185596184040276	69
	855	351819909005659416	69
	856	296614728577541352	69
	857	189070672510625606	69
	858	207291744271500983	69
	859	354081821066699109	69
	860	106462565149514018	69
	861	373832100390104292	69
	862	219447409986295340	69
	863	449498540378001622	69
	864	96230687947785094	69
	865	400923016215951005	69
	866	249024331972076133	69
	867	393666078634671321	69
	868	40397893587198233	69
	869	307040374306378756	69
	870	7500587287668864	69
	871	85069573235228492	69
	872	68230805513139730	69
	873	65233525267540842	69
	874	117132834206538423	69
	875	233958038537273911	69
	876	163119723185587455	69
	877	206990820530980959	69
	878	370877884155469085	69
	879	250914378709888948	69
	880	202468165445832778	69
	881	415825688893982589	69
	882	353620904634442339	69
	883	451319820582095209	69
	884	134783629850277937	69
	885	74077657762990213	69
	886	210058442495171938	69
	887	381745491929901110	69
	888	257879423870896788	69
	889	53461003545124202	69
	890	398333320838938400	69
	891	114641169952002419	69
	892	411845911707623789	69
	893	174642010700441981	69
	894	450168024644767765	69
	895	31919239716273539	69
	896	138493650397028965	69
	897	43190114238064771	69
	898	405837244664311371	69
	899	76833411278756863	69
	900	370686992801727136	69
	901	12879929220902502	69
	902	311369745611749063	69
	903	255746571537278735	69
	904	123549489091485007	68
	905	207829979987291941	68
	906	187980849288906810	68
	907	307313998932027507	68
	908	239217093522793563	68
	909	325807729666788688	68
	910	112018418752192166	68
	911	386861675327918501	68
	912	398048014629027644	68
	913	6349115067642332	68
	914	313476427949740872	68
	915	364722660485691668	68
	916	335333422434749865	68
	917	158389114650105682	68
	918	47776914162565999	68
	919	112206426719150246	68
	920	141198951944162264	68
	921	205040765492074983	68
	922	79373461357454782	68
	923	311134675516881636	68
	924	99173044016095860	68
	925	1446282012981839	68
	926	18748754812879411	68
	927	286748786515855778	68
	928	99018340289815408	68
	929	184558963048022249	68
	930	296702047394101403	68
	931	179355528234001079	68
	932	288632651669610347	68
	933	458293924204140477	68
	934	401049871788765720	68
	935	378138754905311851	68
	936	319529194044439056	68
	937	293435041625990629	68
	938	159347245011472205	68
	939	309344295400173274	68
	940	133250702077803579	68
	941	49895122494778140	68
	942	340732072715108669	68
	943	16372977921617787	68
	944	41392335363282636	68
	945	31486448328435206	68
	946	336934560702326068	68
	947	108884528688810845	68
	948	374056610503347502	68
	949	179178904203844337	68
	950	365787614563221151	68
	951	54102762113475048	68
	952	379590604628249341	68
	953	98653384565752479	68
	954	357402196970013062	68
	955	68228197790352696	68
	956	389207110100689960	68
	957	238135313671331572	68
	958	75436058264681952	68
	959	162349110047437094	68
	960	245199100599791837	68
	961	308027620447287673	68
	962	324062074088952572	68
	963	112464289715325310	68
	964	398439455846069365	68
	965	139881542048473963	68
	966	150719999479959469	68
	967	137810696844017915	68
	968	266162768442016455	67
	969	51996385068589650	67
	970	18184313157950882	67
	971	174168491738794647	67
	972	374186277245658612	67
	973	267841499037670516	67
	974	1906978114346155	67
	975	160164492660779239	67
	976	387272558548552436	67
	977	460002902191836330	67
	978	460630729979595920	67
	979	126413516179947806	67
	980	248284289842942241	67
	981	233989348598696501	67
	982	7986339364270247	67
	983	84544554669835150	67
	984	370101236414693846	67
	985	120863115481079689	67
	986	355907151230746678	67
	987	199124523766876970	67
	988	287524423649487261	67
	989	56822388881448627	67
	990	226763193032485697	67
	991	137546028263450716	67
	992	187791159681902870	67
	993	121496294289383360	67
	994	361390319821835073	67
	995	343318782109571803	67
	996	83339536314929624	67
	997	254266388837869253	67
	998	152874410693659201	67
	999	134930929646265254	67
Selected repetitive minimizers:
	0	200674404500338137	2073
	1	310612582662316624	473
	2	426031741198032911	432
	3	354479218752146524	425
	4	74000708096080470	353
	5	87884089835739256	343
	6	152705897178961409	270
	7	410300431011852796	269
	8	318268085688400246	255
	9	395558716000721925	250
	10	387227473312555990	239
	11	196951025728867981	237
	12	127877448689285016	225
	13	435803489765938598	211
	14	310751134635568052	197
	15	282275202642698773	192
	16	112962020442871828	191
	17	279400172010196800	189
	18	114461725769836351	186
	19	133998798284183014	182
	20	369698405588983607	182
	21	426620577227494787	180
	22	398204361735465697	178
	23	293516479341577910	174
	24	441902959033122815	171
	25	420561066568898587	168
	26	315265612063503758	168
	27	281072739451220702	164
	28	357440285828398089	160
	29	325776848230015949	160
	30	361615466139777158	158
	31	45896773932858947	157
	32	299905741098321910	139
	33	214979285376949073	139
	34	383543299323446076	139
	35	405764776136872430	137
	36	80183922105000988	133
	37	133708916275415960	132
	38	453294361571171643	132
	39	65944181381572977	131
	40	98286427698639366	131
	41	131439312686540049	131
	42	340110913682603883	131
	43	398601327802380149	130
	44	405379553203928134	130
	45	357250250540104659	129
	46	34835452940001790	129
	47	176604906822910719	129
	48	306666018432152893	128
	49	217897200632192335	127
	50	42133430222292553	126
	51	357642166806978275	125
	52	137391343367680304	125
	53	233121599613752694	125
Nb minimizers to ignore: 54 54
	Parsing file: /Users/mschul/Downloads/sample01/sample01_autocycler/porechop_output_sample01/subsampled_reads/sample_01.fastq
0
	Parsing file done (nb reads: 21807)
Nb low quality reads: 0
Nb low complexity reads: 7

Total read bps:  114175226
N50 read length: 20606
Start k:         4
End k:           206

Correcting reads


metaMDBG readCorrection /var/folders/zg/vq0dnx517c54hg87dyqjky740000gn/T/.tmp7o7wQ0/tmp/ --min-identity 0.960000 --min-overlap-length 1000 --threads 10

Input filename: 
Input dir: /var/folders/zg/vq0dnx517c54hg87dyqjky740000gn/T/.tmp7o7wQ0/tmp/
Minimizer length: 15
Kminmer length: 4
Assembly Density: 0.005
Correction Density: 0.025
Min overlap length: 1000
Min identity: 0.96


Indexing genomic minimizers
	Indexing genomic minimizers: 0%

Indexing reads
	Indexing reads: 0%

Loading minimizer reads
	Loading minimizer reads: 0%

Perform low density alignments
	Aligning reads (low density): 0%
	Aligning reads (low density): 45%
	Aligning reads (low density): 91%
	Alignment checksum: 20000 832593205347570

Loading low density alignments

Partitioning reads
	Add partition: 21807 21807
	Nb partitions: 1

Processing partition: 0 / 1
	Loading minimizer reads (high density)
	Correcting reads
	Correction checksum: 6028406837084101748

Processing partition: 1 / 1
	Alignment check sum: 914205603668450
	Correction check sum: 6028406837084101748
Multi-k pass: 4/206


metaMDBG graph /var/folders/zg/vq0dnx517c54hg87dyqjky740000gn/T/.tmp7o7wQ0/tmp/ --threads 10 --min-abundance 0 --firstpass  --corrected-read 

Contig filename: 
Output dir: /var/folders/zg/vq0dnx517c54hg87dyqjky740000gn/T/.tmp7o7wQ0/tmp/
Minimizer length: 15
Kminmer length: 4
Density: 0.005
Min abundance: 0

Collecting kminmers
Filling bloom filter
Solid kminmers: 0
Building mdbg
Indexed: 16980
Indexed: 31485
Duration: 0
Nb solid kminmers: 48465
Nb small contigs written: 0
Dump kminmer abundances
	Duration: 0
Indexing edges
Edge index size: 48633
Edge index elements: 86936
	Duration: 0
Compute unitig nodes
	Duration: 0
Index unitig edges
	Duration: 0
Compute unitig edges
	Duration: 0
Dump unitig abundances
	Duration: 0
Nb edges:   0


metaMDBG contig  /var/folders/zg/vq0dnx517c54hg87dyqjky740000gn/T/.tmp7o7wQ0/tmp/ --threads 10

Input dir: /var/folders/zg/vq0dnx517c54hg87dyqjky740000gn/T/.tmp7o7wQ0/tmp/
Minimizer length: 15
Kminmer length: 4
Density: 0.005

Loading unitig graph
Load unitigs
Nb unitigs: 11912
Nb minimizers: 84201
Add unitig abundances
Sorting abundances
Add unitig edges
Nb unitig edges: 27530
Sorting unitig edges
Done loading unitig graph
Simplifying
Max abundance: 114
Nb unitigs: 11912
Superbubble
Nb superbubble removed: 408 0 (0s)
Tip
Nb Tip removed: 3544 (0s)
Superbubble
Nb superbubble removed: 784 0 (0s)
Tip
Nb Tip removed: 0 (0s)
Nb errors removed: 5939 (0s)
Superbubble
Nb superbubble removed: 178 0 (0s)
Tip
Nb Tip removed: 27 (0s)
Superbubble
Nb superbubble removed: 6 0 (0s)
Tip
Nb Tip removed: 0 (0s)
Nb errors removed: 33 (0s)
Superbubble
Nb superbubble removed: 0 0 (0s)
Tip
Nb Tip removed: 0 (0s)
Nb errors removed: 253 (0s)
Superbubble
Nb superbubble removed: 2 0 (0s)
Tip
Nb Tip removed: 0 (0s)
Nb errors removed: 3 (0s)
Superbubble
Nb superbubble removed: 0 0 (0s)
Tip
Nb Tip removed: 0 (0s)
Nb errors removed: 14 (0s)
Superbubble
Nb superbubble removed: 0 0 (0s)
Tip
Nb Tip removed: 0 (0s)
Nb errors removed: 1 (0s)
Superbubble
Nb superbubble removed: 0 0 (0s)
Tip
Nb Tip removed: 0 (0s)
Nb errors removed: 4 (0s)
Superbubble
Nb superbubble removed: 2 0 (0s)
Tip
Nb Tip removed: 0 (0s)
Nb errors removed: 1 (0s)
Superbubble
Nb superbubble removed: 0 0 (0s)
Tip
Nb Tip removed: 0 (0s)
Nb errors removed: 2 (0s)
Superbubble
Nb superbubble removed: 0 0 (0s)
Tip
Nb Tip removed: 0 (0s)
Nb errors removed: 6 (0s)
Superbubble
Nb superbubble removed: 4 0 (0s)
Tip
Nb Tip removed: 0 (0s)
Nb errors removed: 2 (0s)
Superbubble
Nb superbubble removed: 0 0 (0s)
Tip
Nb Tip removed: 3 (0s)
Superbubble
Nb superbubble removed: 0 0 (0s)
Tip
Nb Tip removed: 0 (0s)
Nb errors removed: 5 (0s)
Superbubble
Nb superbubble removed: 0 0 (0s)
Tip
Nb Tip removed: 0 (0s)
Nb errors removed: 2 (0s)
Superbubble
Nb superbubble removed: 0 0 (0s)
Tip
Nb Tip removed: 3 (0s)
Superbubble
Nb superbubble removed: 0 0 (0s)
Tip
Nb Tip removed: 0 (0s)
Nb errors removed: 3 (0s)
Superbubble
Nb superbubble removed: 0 0 (0s)
Tip
Nb Tip removed: 0 (0s)
Nb errors removed: 2 (0s)
Superbubble
Nb superbubble removed: 0 0 (0s)
Tip
Nb Tip removed: 0 (0s)
Nb errors removed: 1 (0s)
Superbubble
Nb superbubble removed: 0 0 (0s)
Tip
Nb Tip removed: 0 (0s)
Nb errors removed: 1 (0s)
Superbubble
Nb superbubble removed: 0 0 (0s)
Tip
Nb Tip removed: 0 (0s)
Checksum: 0
Checksum abundnace: 0
Generating contigs
80.1796
54.7637
45.2593
41.1448
37.4044
34.004
30.9127
28.1025
23.2252
5.05447
4.17725
3.7975
3.13843
2.59374
2.14359
1.61051
1.1
0


metaMDBG toMinspace  /var/folders/zg/vq0dnx517c54hg87dyqjky740000gn/T/.tmp7o7wQ0/tmp/ /var/folders/zg/vq0dnx517c54hg87dyqjky740000gn/T/.tmp7o7wQ0/tmp//contigs.nodepath /var/folders/zg/vq0dnx517c54hg87dyqjky740000gn/T/.tmp7o7wQ0/tmp//unitig_data.txt --threads 10

Input dir: /var/folders/zg/vq0dnx517c54hg87dyqjky740000gn/T/.tmp7o7wQ0/tmp/
Minimizer length: 15
Kminmer length: 4
Density: 0.005

Loading unitig sequences

Creating mContigs

Contig filename: /var/folders/zg/vq0dnx517c54hg87dyqjky740000gn/T/.tmp7o7wQ0/tmp//unitig_data.txt
pass done: 4
Multi-k pass: 5/206


metaMDBG graph /var/folders/zg/vq0dnx517c54hg87dyqjky740000gn/T/.tmp7o7wQ0/tmp/ --threads 10 --corrected-read 

Contig filename: 
Output dir: /var/folders/zg/vq0dnx517c54hg87dyqjky740000gn/T/.tmp7o7wQ0/tmp/
Minimizer length: 15
Kminmer length: 5
Density: 0.005
Min abundance: 0

Loading refined abundances
	Duration: 0
Collecting kminmers
Building mdbg
Duration: 0
Nb solid kminmers: 24638
Nb small contigs written: 0
Dump kminmer abundances
	Duration: 0
Indexing edges
Edge index size: 24054
Edge index elements: 44024
	Duration: 0
Compute unitig nodes
	Duration: 0
Index unitig edges
	Duration: 0
Compute unitig edges
	Duration: 0
Dump unitig abundances
	Duration: 0
Nb edges:   0


metaMDBG contig  /var/folders/zg/vq0dnx517c54hg87dyqjky740000gn/T/.tmp7o7wQ0/tmp/ --threads 10

Input dir: /var/folders/zg/vq0dnx517c54hg87dyqjky740000gn/T/.tmp7o7wQ0/tmp/
Minimizer length: 15
Kminmer length: 5
Density: 0.005

Loading unitig graph
Load unitigs
Nb unitigs: 2692
Nb minimizers: 35406
Add unitig abundances
Sorting abundances
Add unitig edges
Nb unitig edges: 6838
Sorting unitig edges
Done loading unitig graph
Simplifying
Max abundance: 111
Nb unitigs: 2692
Superbubble
Nb superbubble removed: 550 0 (0s)
Tip
Nb Tip removed: 445 (0s)
Superbubble
Nb superbubble removed: 162 0 (0s)
Tip
Nb Tip removed: 0 (0s)
Nb errors removed: 654 (0s)
Superbubble
Nb superbubble removed: 36 0 (0s)
Tip
Nb Tip removed: 2 (0s)
Superbubble
Nb superbubble removed: 2 0 (0s)
Tip
Nb Tip removed: 0 (0s)
Nb errors removed: 2 (0s)
Superbubble
Nb superbubble removed: 0 0 (0s)
Tip
Nb Tip removed: 0 (0s)
Nb errors removed: 18 (0s)
Superbubble
Nb superbubble removed: 0 0 (0s)
Tip
Nb Tip removed: 0 (0s)
Nb errors removed: 6 (0s)
Superbubble
Nb superbubble removed: 2 0 (0s)
Tip
Nb Tip removed: 0 (0s)
Nb errors removed: 1 (0s)
Superbubble
Nb superbubble removed: 0 0 (0s)
Tip
Nb Tip removed: 0 (0s)
Nb errors removed: 2 (0s)
Superbubble
Nb superbubble removed: 0 0 (0s)
Tip
Nb Tip removed: 2 (0s)
Superbubble
Nb superbubble removed: 0 0 (0s)
Tip
Nb Tip removed: 0 (0s)
Nb errors removed: 7 (0s)
Superbubble
Nb superbubble removed: 0 0 (0s)
Tip
Nb Tip removed: 1 (0s)
Superbubble
Nb superbubble removed: 0 0 (0s)
Tip
Nb Tip removed: 0 (0s)
Nb errors removed: 3 (0s)
Superbubble
Nb superbubble removed: 0 0 (0s)
Tip
Nb Tip removed: 1 (0s)
Superbubble
Nb superbubble removed: 0 0 (0s)
Tip
Nb Tip removed: 0 (0s)
Nb errors removed: 4 (0s)
Superbubble
Nb superbubble removed: 0 0 (0s)
Tip
Nb Tip removed: 0 (0s)
Nb errors removed: 2 (0s)
Superbubble
Nb superbubble removed: 0 0 (0s)
Tip
Nb Tip removed: 3 (0s)
Superbubble
Nb superbubble removed: 0 0 (0s)
Tip
Nb Tip removed: 0 (0s)
Nb errors removed: 2 (0s)
Superbubble
Nb superbubble removed: 0 0 (0s)
Tip
Nb Tip removed: 0 (0s)
Nb errors removed: 1 (0s)
Superbubble
Nb superbubble removed: 0 0 (0s)
Tip
Nb Tip removed: 0 (0s)
Nb errors removed: 1 (0s)
Superbubble
Nb superbubble removed: 0 0 (0s)
Tip
Nb Tip removed: 0 (0s)
Nb errors removed: 1 (0s)
Superbubble
Nb superbubble removed: 0 0 (0s)
Tip
Nb Tip removed: 0 (0s)
Nb errors removed: 1 (0s)
Superbubble
Nb superbubble removed: 0 0 (0s)
Tip
Nb Tip removed: 0 (0s)
Checksum: 0
Checksum abundnace: 0
Generating contigs
88.1976
66.2641
60.2401
45.2593
41.1448
37.4044
34.004
30.9127
28.1025
23.2252
5.05447
4.17725
3.13843
2.59374
2.14359
0


metaMDBG toMinspace  /var/folders/zg/vq0dnx517c54hg87dyqjky740000gn/T/.tmp7o7wQ0/tmp/ /var/folders/zg/vq0dnx517c54hg87dyqjky740000gn/T/.tmp7o7wQ0/tmp//contigs.nodepath /var/folders/zg/vq0dnx517c54hg87dyqjky740000gn/T/.tmp7o7wQ0/tmp//unitig_data.txt --threads 10

Input dir: /var/folders/zg/vq0dnx517c54hg87dyqjky740000gn/T/.tmp7o7wQ0/tmp/
Minimizer length: 15
Kminmer length: 5
Density: 0.005

Loading unitig sequences

Creating mContigs

Contig filename: /var/folders/zg/vq0dnx517c54hg87dyqjky740000gn/T/.tmp7o7wQ0/tmp//unitig_data.txt
pass done: 5
Multi-k pass: 6/206


metaMDBG graph /var/folders/zg/vq0dnx517c54hg87dyqjky740000gn/T/.tmp7o7wQ0/tmp/ --threads 10 --corrected-read 

Contig filename: 
Output dir: /var/folders/zg/vq0dnx517c54hg87dyqjky740000gn/T/.tmp7o7wQ0/tmp/
Minimizer length: 15
Kminmer length: 6
Density: 0.005
Min abundance: 0

Loading refined abundances
	Duration: 0
Collecting kminmers
Building mdbg
Duration: 0
Nb solid kminmers: 24982
Nb small contigs written: 0
Dump kminmer abundances
	Duration: 0
Indexing edges
Edge index size: 24591
Edge index elements: 44467
	Duration: 0
Compute unitig nodes
	Duration: 0
Index unitig edges
	Duration: 0
Compute unitig edges
	Duration: 0
Dump unitig abundances
	Duration: 0
Nb edges:   0


metaMDBG contig  /var/folders/zg/vq0dnx517c54hg87dyqjky740000gn/T/.tmp7o7wQ0/tmp/ --threads 10

Input dir: /var/folders/zg/vq0dnx517c54hg87dyqjky740000gn/T/.tmp7o7wQ0/tmp/
Minimizer length: 15
Kminmer length: 6
Density: 0.005

Loading unitig graph
Load unitigs
Nb unitigs: 2419
Nb minimizers: 37077
Add unitig abundances
Sorting abundances
Add unitig edges
Nb unitig edges: 5716
Sorting unitig edges
Done loading unitig graph
Simplifying
Max abundance: 111
Nb unitigs: 2419
Superbubble
Nb superbubble removed: 524 0 (0s)
Tip
Nb Tip removed: 439 (0s)
Superbubble
Nb superbubble removed: 154 0 (0s)
Tip
Nb Tip removed: 0 (0s)
Nb errors removed: 563 (0s)
Superbubble
Nb superbubble removed: 16 0 (0s)
Tip
Nb Tip removed: 1 (0s)
Superbubble
Nb superbubble removed: 0 0 (0s)
Tip
Nb Tip removed: 0 (0s)
Nb errors removed: 25 (0s)
Superbubble
Nb superbubble removed: 0 0 (0s)
Tip
Nb Tip removed: 0 (0s)
Nb errors removed: 3 (0s)
Superbubble
Nb superbubble removed: 2 0 (0s)
Tip
Nb Tip removed: 0 (0s)
Nb errors removed: 1 (0s)
Superbubble
Nb superbubble removed: 0 0 (0s)
Tip
Nb Tip removed: 0 (0s)
Nb errors removed: 1 (0s)
Superbubble
Nb superbubble removed: 0 0 (0s)
Tip
Nb Tip removed: 0 (0s)
Nb errors removed: 5 (0s)
Superbubble
Nb superbubble removed: 0 0 (0s)
Tip
Nb Tip removed: 0 (0s)
Nb errors removed: 3 (0s)
Superbubble
Nb superbubble removed: 0 0 (0s)
Tip
Nb Tip removed: 2 (0s)
Superbubble
Nb superbubble removed: 0 0 (0s)
Tip
Nb Tip removed: 0 (0s)
Nb errors removed: 4 (0s)
Superbubble
Nb superbubble removed: 0 0 (0s)
Tip
Nb Tip removed: 0 (0s)
Nb errors removed: 1 (0s)
Superbubble
Nb superbubble removed: 0 0 (0s)
Tip
Nb Tip removed: 2 (0s)
Superbubble
Nb superbubble removed: 0 0 (0s)
Tip
Nb Tip removed: 0 (0s)
Nb errors removed: 2 (0s)
Superbubble
Nb superbubble removed: 0 0 (0s)
Tip
Nb Tip removed: 0 (0s)
Nb errors removed: 2 (0s)
Superbubble
Nb superbubble removed: 0 0 (0s)
Tip
Nb Tip removed: 0 (0s)
Checksum: 0
Checksum abundnace: 0
Generating contigs
45.2593
41.1448
37.4044
34.004
30.9127
28.1025
23.2252
5.05447
4.17725
3.13843
2.14359
0


metaMDBG toMinspace  /var/folders/zg/vq0dnx517c54hg87dyqjky740000gn/T/.tmp7o7wQ0/tmp/ /var/folders/zg/vq0dnx517c54hg87dyqjky740000gn/T/.tmp7o7wQ0/tmp//contigs.nodepath /var/folders/zg/vq0dnx517c54hg87dyqjky740000gn/T/.tmp7o7wQ0/tmp//unitig_data.txt --threads 10

Input dir: /var/folders/zg/vq0dnx517c54hg87dyqjky740000gn/T/.tmp7o7wQ0/tmp/
Minimizer length: 15
Kminmer length: 6
Density: 0.005

Loading unitig sequences

Creating mContigs

Contig filename: /var/folders/zg/vq0dnx517c54hg87dyqjky740000gn/T/.tmp7o7wQ0/tmp//unitig_data.txt
pass done: 6
Multi-k pass: 7/206


metaMDBG graph /var/folders/zg/vq0dnx517c54hg87dyqjky740000gn/T/.tmp7o7wQ0/tmp/ --threads 10 --corrected-read 

Contig filename: 
Output dir: /var/folders/zg/vq0dnx517c54hg87dyqjky740000gn/T/.tmp7o7wQ0/tmp/
Minimizer length: 15
Kminmer length: 7
Density: 0.005
Min abundance: 0

Loading refined abundances
	Duration: 0
Collecting kminmers
Building mdbg
Duration: 0
Nb solid kminmers: 25299
Nb small contigs written: 0
Dump kminmer abundances
	Duration: 0
Indexing edges
Edge index size: 24941
Edge index elements: 45043
	Duration: 0
Compute unitig nodes
	Duration: 0
Index unitig edges
	Duration: 0
Compute unitig edges
	Duration: 0
Dump unitig abundances
	Duration: 0
Nb edges:   0


metaMDBG contig  /var/folders/zg/vq0dnx517c54hg87dyqjky740000gn/T/.tmp7o7wQ0/tmp/ --threads 10

Input dir: /var/folders/zg/vq0dnx517c54hg87dyqjky740000gn/T/.tmp7o7wQ0/tmp/
Minimizer length: 15
Kminmer length: 7
Density: 0.005

Loading unitig graph
Load unitigs
Nb unitigs: 2295
Nb minimizers: 39069
Add unitig abundances
Sorting abundances
Add unitig edges
Nb unitig edges: 5412
Sorting unitig edges
Done loading unitig graph
Simplifying
Max abundance: 111
Nb unitigs: 2295
Superbubble
Nb superbubble removed: 500 0 (0s)
Tip
Nb Tip removed: 411 (0s)
Superbubble
Nb superbubble removed: 134 0 (0s)
Tip
Nb Tip removed: 0 (0s)
Nb errors removed: 551 (0s)
Superbubble
Nb superbubble removed: 14 0 (0s)
Tip
Nb Tip removed: 0 (0s)
Nb errors removed: 24 (0s)
Superbubble
Nb superbubble removed: 0 0 (0s)
Tip
Nb Tip removed: 0 (0s)
Nb errors removed: 3 (0s)
Superbubble
Nb superbubble removed: 2 0 (0s)
Tip
Nb Tip removed: 0 (0s)
Nb errors removed: 1 (0s)
Superbubble
Nb superbubble removed: 0 0 (0s)
Tip
Nb Tip removed: 0 (0s)
Nb errors removed: 1 (0s)
Superbubble
Nb superbubble removed: 0 0 (0s)
Tip
Nb Tip removed: 0 (0s)
Nb errors removed: 1 (0s)
Superbubble
Nb superbubble removed: 0 0 (0s)
Tip
Nb Tip removed: 0 (0s)
Nb errors removed: 4 (0s)
Superbubble
Nb superbubble removed: 0 0 (0s)
Tip
Nb Tip removed: 0 (0s)
Nb errors removed: 2 (0s)
Superbubble
Nb superbubble removed: 0 0 (0s)
Tip
Nb Tip removed: 0 (0s)
Nb errors removed: 1 (0s)
Superbubble
Nb superbubble removed: 0 0 (0s)
Tip
Nb Tip removed: 0 (0s)
Nb errors removed: 1 (0s)
Superbubble
Nb superbubble removed: 0 0 (0s)
Tip
Nb Tip removed: 0 (0s)
Nb errors removed: 1 (0s)
Superbubble
Nb superbubble removed: 0 0 (0s)
Tip
Nb Tip removed: 0 (0s)
Checksum: 0
Checksum abundnace: 0
Generating contigs
45.2593
41.1448
34.004
30.9127
28.1025
23.2252
9.84974
5.05447
4.17725
3.13843
2.14359
0


metaMDBG toMinspace  /var/folders/zg/vq0dnx517c54hg87dyqjky740000gn/T/.tmp7o7wQ0/tmp/ /var/folders/zg/vq0dnx517c54hg87dyqjky740000gn/T/.tmp7o7wQ0/tmp//contigs.nodepath /var/folders/zg/vq0dnx517c54hg87dyqjky740000gn/T/.tmp7o7wQ0/tmp//unitig_data.txt --threads 10

Input dir: /var/folders/zg/vq0dnx517c54hg87dyqjky740000gn/T/.tmp7o7wQ0/tmp/
Minimizer length: 15
Kminmer length: 7
Density: 0.005

Loading unitig sequences

Creating mContigs

Contig filename: /var/folders/zg/vq0dnx517c54hg87dyqjky740000gn/T/.tmp7o7wQ0/tmp//unitig_data.txt
pass done: 7
Multi-k pass: 8/206


metaMDBG graph /var/folders/zg/vq0dnx517c54hg87dyqjky740000gn/T/.tmp7o7wQ0/tmp/ --threads 10 --corrected-read 

Contig filename: 
Output dir: /var/folders/zg/vq0dnx517c54hg87dyqjky740000gn/T/.tmp7o7wQ0/tmp/
Minimizer length: 15
Kminmer length: 8
Density: 0.005
Min abundance: 0

Loading refined abundances
	Duration: 0
Collecting kminmers
Building mdbg
Duration: 0
Nb solid kminmers: 25561
Nb small contigs written: 0
Dump kminmer abundances
	Duration: 0
Indexing edges
Edge index size: 25260
Edge index elements: 45449
	Duration: 0
Compute unitig nodes
	Duration: 0
Index unitig edges
	Duration: 0
Compute unitig edges
	Duration: 0
Dump unitig abundances
	Duration: 0
Nb edges:   0


metaMDBG contig  /var/folders/zg/vq0dnx517c54hg87dyqjky740000gn/T/.tmp7o7wQ0/tmp/ --threads 10

Input dir: /var/folders/zg/vq0dnx517c54hg87dyqjky740000gn/T/.tmp7o7wQ0/tmp/
Minimizer length: 15
Kminmer length: 8
Density: 0.005

Loading unitig graph
Load unitigs
Nb unitigs: 2157
Nb minimizers: 40660
Add unitig abundances
Sorting abundances
Add unitig edges
Nb unitig edges: 4988
Sorting unitig edges
Done loading unitig graph
Simplifying
Max abundance: 111
Nb unitigs: 2157
Superbubble
Nb superbubble removed: 478 0 (0s)
Tip
Nb Tip removed: 387 (0s)
Superbubble
Nb superbubble removed: 140 0 (0s)
Tip
Nb Tip removed: 0 (0s)
Nb errors removed: 514 (0s)
Superbubble
Nb superbubble removed: 8 0 (0s)
Tip
Nb Tip removed: 0 (0s)
Nb errors removed: 1 (0s)
Superbubble
Nb superbubble removed: 0 0 (0s)
Tip
Nb Tip removed: 0 (0s)
Nb errors removed: 24 (0s)
Superbubble
Nb superbubble removed: 0 0 (0s)
Tip
Nb Tip removed: 0 (0s)
Nb errors removed: 2 (0s)
Superbubble
Nb superbubble removed: 2 0 (0s)
Tip
Nb Tip removed: 0 (0s)
Nb errors removed: 1 (0s)
Superbubble
Nb superbubble removed: 0 0 (0s)
Tip
Nb Tip removed: 0 (0s)
Nb errors removed: 1 (0s)
Superbubble
Nb superbubble removed: 2 0 (0s)
Tip
Nb Tip removed: 0 (0s)
Nb errors removed: 1 (0s)
Superbubble
Nb superbubble removed: 0 0 (0s)
Tip
Nb Tip removed: 0 (0s)
Nb errors removed: 4 (0s)
Superbubble
Nb superbubble removed: 0 0 (0s)
Tip
Nb Tip removed: 0 (0s)
Nb errors removed: 2 (0s)
Superbubble
Nb superbubble removed: 0 0 (0s)
Tip
Nb Tip removed: 0 (0s)
Nb errors removed: 1 (0s)
Superbubble
Nb superbubble removed: 0 0 (0s)
Tip
Nb Tip removed: 0 (0s)
Nb errors removed: 1 (0s)
Superbubble
Nb superbubble removed: 0 0 (0s)
Tip
Nb Tip removed: 0 (0s)
Nb errors removed: 1 (0s)
Superbubble
Nb superbubble removed: 0 0 (0s)
Tip
Nb Tip removed: 0 (0s)
Checksum: 0
Checksum abundnace: 0
Generating contigs
45.2593
41.1448
34.004
30.9127
28.1025
23.2252
9.84974
5.05447
4.17725
3.13843
2.59374
2.14359
0


metaMDBG toMinspace  /var/folders/zg/vq0dnx517c54hg87dyqjky740000gn/T/.tmp7o7wQ0/tmp/ /var/folders/zg/vq0dnx517c54hg87dyqjky740000gn/T/.tmp7o7wQ0/tmp//contigs.nodepath /var/folders/zg/vq0dnx517c54hg87dyqjky740000gn/T/.tmp7o7wQ0/tmp//unitig_data.txt --threads 10

Input dir: /var/folders/zg/vq0dnx517c54hg87dyqjky740000gn/T/.tmp7o7wQ0/tmp/
Minimizer length: 15
Kminmer length: 8
Density: 0.005

Loading unitig sequences

Creating mContigs

Contig filename: /var/folders/zg/vq0dnx517c54hg87dyqjky740000gn/T/.tmp7o7wQ0/tmp//unitig_data.txt
pass done: 8
Multi-k pass: 9/206


metaMDBG graph /var/folders/zg/vq0dnx517c54hg87dyqjky740000gn/T/.tmp7o7wQ0/tmp/ --threads 10 --corrected-read 

Contig filename: 
Output dir: /var/folders/zg/vq0dnx517c54hg87dyqjky740000gn/T/.tmp7o7wQ0/tmp/
Minimizer length: 15
Kminmer length: 9
Density: 0.005
Min abundance: 0

Loading refined abundances
	Duration: 0
Collecting kminmers
Building mdbg
Duration: 0
Nb solid kminmers: 25811
Nb small contigs written: 0
Dump kminmer abundances
	Duration: 0
Indexing edges
Edge index size: 25537
Edge index elements: 45804
	Duration: 0
Compute unitig nodes
	Duration: 0
Index unitig edges
	Duration: 0
Compute unitig edges
	Duration: 0
Dump unitig abundances
	Duration: 0
Nb edges:   0


metaMDBG contig  /var/folders/zg/vq0dnx517c54hg87dyqjky740000gn/T/.tmp7o7wQ0/tmp/ --threads 10

Input dir: /var/folders/zg/vq0dnx517c54hg87dyqjky740000gn/T/.tmp7o7wQ0/tmp/
Minimizer length: 15
Kminmer length: 9
Density: 0.005

Loading unitig graph
Load unitigs
Nb unitigs: 2087
Nb minimizers: 42507
Add unitig abundances
Sorting abundances
Add unitig edges
Nb unitig edges: 4796
Sorting unitig edges
Done loading unitig graph
Simplifying
Max abundance: 111
Nb unitigs: 2087
Superbubble
Nb superbubble removed: 452 0 (0s)
Tip
Nb Tip removed: 359 (0s)
Superbubble
Nb superbubble removed: 128 0 (0s)
Tip
Nb Tip removed: 0 (0s)
Nb errors removed: 511 (0s)
Superbubble
Nb superbubble removed: 8 0 (0s)
Tip
Nb Tip removed: 0 (0s)
Nb errors removed: 24 (0s)
Superbubble
Nb superbubble removed: 0 0 (0s)
Tip
Nb Tip removed: 0 (0s)
Nb errors removed: 4 (0s)
Superbubble
Nb superbubble removed: 2 0 (0s)
Tip
Nb Tip removed: 0 (0s)
Nb errors removed: 1 (0s)
Superbubble
Nb superbubble removed: 0 0 (0s)
Tip
Nb Tip removed: 0 (0s)
Nb errors removed: 1 (0s)
Superbubble
Nb superbubble removed: 2 0 (0s)
Tip
Nb Tip removed: 0 (0s)
Nb errors removed: 1 (0s)
Superbubble
Nb superbubble removed: 0 0 (0s)
Tip
Nb Tip removed: 0 (0s)
Nb errors removed: 1 (0s)
Superbubble
Nb superbubble removed: 0 0 (0s)
Tip
Nb Tip removed: 0 (0s)
Nb errors removed: 4 (0s)
Superbubble
Nb superbubble removed: 0 0 (0s)
Tip
Nb Tip removed: 0 (0s)
Nb errors removed: 1 (0s)
Superbubble
Nb superbubble removed: 0 0 (0s)
Tip
Nb Tip removed: 0 (0s)
Nb errors removed: 1 (0s)
Superbubble
Nb superbubble removed: 0 0 (0s)
Tip
Nb Tip removed: 0 (0s)
Nb errors removed: 1 (0s)
Superbubble
Nb superbubble removed: 0 0 (0s)
Tip
Nb Tip removed: 0 (0s)
Nb errors removed: 1 (0s)
Superbubble
Nb superbubble removed: 0 0 (0s)
Tip
Nb Tip removed: 0 (0s)
Checksum: 0
Checksum abundnace: 0
Generating contigs
45.2593
41.1448
34.004
30.9127
28.1025
23.2252
11.9182
9.84974
5.05447
4.17725
3.13843
2.14359
0


metaMDBG toMinspace  /var/folders/zg/vq0dnx517c54hg87dyqjky740000gn/T/.tmp7o7wQ0/tmp/ /var/folders/zg/vq0dnx517c54hg87dyqjky740000gn/T/.tmp7o7wQ0/tmp//contigs.nodepath /var/folders/zg/vq0dnx517c54hg87dyqjky740000gn/T/.tmp7o7wQ0/tmp//unitig_data.txt --threads 10

Input dir: /var/folders/zg/vq0dnx517c54hg87dyqjky740000gn/T/.tmp7o7wQ0/tmp/
Minimizer length: 15
Kminmer length: 9
Density: 0.005

Loading unitig sequences

Creating mContigs

Contig filename: /var/folders/zg/vq0dnx517c54hg87dyqjky740000gn/T/.tmp7o7wQ0/tmp//unitig_data.txt
pass done: 9
Multi-k pass: 10/206


metaMDBG graph /var/folders/zg/vq0dnx517c54hg87dyqjky740000gn/T/.tmp7o7wQ0/tmp/ --threads 10 --corrected-read 

Contig filename: 
Output dir: /var/folders/zg/vq0dnx517c54hg87dyqjky740000gn/T/.tmp7o7wQ0/tmp/
Minimizer length: 15
Kminmer length: 10
Density: 0.005
Min abundance: 0

Loading refined abundances
	Duration: 0
Collecting kminmers
Building mdbg
Duration: 0
Nb solid kminmers: 26055
Nb small contigs written: 0
Dump kminmer abundances
	Duration: 0
Indexing edges
Edge index size: 25778
Edge index elements: 46143
	Duration: 0
Compute unitig nodes
	Duration: 0
Index unitig edges
	Duration: 0
Compute unitig edges
	Duration: 0
Dump unitig abundances
	Duration: 0
Nb edges:   0


metaMDBG contig  /var/folders/zg/vq0dnx517c54hg87dyqjky740000gn/T/.tmp7o7wQ0/tmp/ --threads 10

Input dir: /var/folders/zg/vq0dnx517c54hg87dyqjky740000gn/T/.tmp7o7wQ0/tmp/
Minimizer length: 15
Kminmer length: 10
Density: 0.005

Loading unitig graph
Load unitigs
Nb unitigs: 2036
Nb minimizers: 44379
Add unitig abundances
Sorting abundances
Add unitig edges
Nb unitig edges: 4674
Sorting unitig edges
Done loading unitig graph
Simplifying
Max abundance: 111
Nb unitigs: 2036
Superbubble
Nb superbubble removed: 426 0 (0s)
Tip
Nb Tip removed: 350 (0s)
Superbubble
Nb superbubble removed: 144 0 (0s)
Tip
Nb Tip removed: 0 (0s)
Nb errors removed: 476 (0s)
Superbubble
Nb superbubble removed: 4 0 (0s)
Tip
Nb Tip removed: 0 (0s)
Nb errors removed: 23 (0s)
Superbubble
Nb superbubble removed: 0 0 (0s)
Tip
Nb Tip removed: 0 (0s)
Nb errors removed: 6 (0s)
Superbubble
Nb superbubble removed: 0 0 (0s)
Tip
Nb Tip removed: 0 (0s)
Nb errors removed: 2 (0s)
Superbubble
Nb superbubble removed: 0 0 (0s)
Tip
Nb Tip removed: 0 (0s)
Nb errors removed: 1 (0s)
Superbubble
Nb superbubble removed: 2 0 (0s)
Tip
Nb Tip removed: 0 (0s)
Nb errors removed: 1 (0s)
Superbubble
Nb superbubble removed: 0 0 (0s)
Tip
Nb Tip removed: 0 (0s)
Nb errors removed: 1 (0s)
Superbubble
Nb superbubble removed: 0 0 (0s)
Tip
Nb Tip removed: 0 (0s)
Nb errors removed: 3 (0s)
Superbubble
Nb superbubble removed: 0 0 (0s)
Tip
Nb Tip removed: 0 (0s)
Nb errors removed: 1 (0s)
Superbubble
Nb superbubble removed: 0 0 (0s)
Tip
Nb Tip removed: 0 (0s)
Nb errors removed: 1 (0s)
Superbubble
Nb superbubble removed: 0 0 (0s)
Tip
Nb Tip removed: 0 (0s)
Nb errors removed: 1 (0s)
Superbubble
Nb superbubble removed: 0 0 (0s)
Tip
Nb Tip removed: 0 (0s)
Nb errors removed: 1 (0s)
Superbubble
Nb superbubble removed: 0 0 (0s)
Tip
Nb Tip removed: 0 (0s)
Checksum: 0
Checksum abundnace: 0
Generating contigs
45.2593
41.1448
34.004
30.9127
28.1025
23.2252
11.9182
9.84974
5.05447
4.17725
3.13843
2.14359
0


metaMDBG toMinspace  /var/folders/zg/vq0dnx517c54hg87dyqjky740000gn/T/.tmp7o7wQ0/tmp/ /var/folders/zg/vq0dnx517c54hg87dyqjky740000gn/T/.tmp7o7wQ0/tmp//contigs.nodepath /var/folders/zg/vq0dnx517c54hg87dyqjky740000gn/T/.tmp7o7wQ0/tmp//unitig_data.txt --threads 10

Input dir: /var/folders/zg/vq0dnx517c54hg87dyqjky740000gn/T/.tmp7o7wQ0/tmp/
Minimizer length: 15
Kminmer length: 10
Density: 0.005

Loading unitig sequences

Creating mContigs

Contig filename: /var/folders/zg/vq0dnx517c54hg87dyqjky740000gn/T/.tmp7o7wQ0/tmp//unitig_data.txt
pass done: 10
Multi-k pass: 11/206


metaMDBG graph /var/folders/zg/vq0dnx517c54hg87dyqjky740000gn/T/.tmp7o7wQ0/tmp/ --threads 10 --corrected-read 

Contig filename: 
Output dir: /var/folders/zg/vq0dnx517c54hg87dyqjky740000gn/T/.tmp7o7wQ0/tmp/
Minimizer length: 15
Kminmer length: 11
Density: 0.005
Min abundance: 0

Loading refined abundances
	Duration: 0
Collecting kminmers
Building mdbg
Duration: 0
Nb solid kminmers: 26303
Nb small contigs written: 0
Dump kminmer abundances
	Duration: 0
Indexing edges
Edge index size: 26037
Edge index elements: 46549
	Duration: 0
Compute unitig nodes
	Duration: 0
Index unitig edges
	Duration: 0
Compute unitig edges
	Duration: 0
Dump unitig abundances
	Duration: 0
Nb edges:   0


metaMDBG contig  /var/folders/zg/vq0dnx517c54hg87dyqjky740000gn/T/.tmp7o7wQ0/tmp/ --threads 10 --gen-graph 

Input dir: /var/folders/zg/vq0dnx517c54hg87dyqjky740000gn/T/.tmp7o7wQ0/tmp/
Minimizer length: 15
Kminmer length: 11
Density: 0.005

Loading unitig graph
Load unitigs
Nb unitigs: 1986
Nb minimizers: 46163
Add unitig abundances
Sorting abundances
Add unitig edges
Nb unitig edges: 4584
Sorting unitig edges
Done loading unitig graph
Simplifying
Max abundance: 111
Nb unitigs: 1986
Superbubble
Nb superbubble removed: 380 0 (0s)
Tip
Nb Tip removed: 343 (0s)
Superbubble
Nb superbubble removed: 154 0 (0s)
Tip
Nb Tip removed: 0 (0s)
Saving unitig graph: /var/folders/zg/vq0dnx517c54hg87dyqjky740000gn/T/.tmp7o7wQ0/tmp//assembly_graph.gfa
Nb errors removed: 464 (0s)
Superbubble
Nb superbubble removed: 4 0 (0s)
Tip
Nb Tip removed: 0 (0s)
Nb errors removed: 27 (0s)
Superbubble
Nb superbubble removed: 0 0 (0s)
Tip
Nb Tip removed: 0 (0s)
Nb errors removed: 7 (0s)
Superbubble
Nb superbubble removed: 0 0 (0s)
Tip
Nb Tip removed: 0 (0s)
Nb errors removed: 2 (0s)
Superbubble
Nb superbubble removed: 0 0 (0s)
Tip
Nb Tip removed: 0 (0s)
Nb errors removed: 3 (0s)
Superbubble
Nb superbubble removed: 2 0 (0s)
Tip
Nb Tip removed: 0 (0s)
Nb errors removed: 1 (0s)
Superbubble
Nb superbubble removed: 0 0 (0s)
Tip
Nb Tip removed: 0 (0s)
Nb errors removed: 1 (0s)
Superbubble
Nb superbubble removed: 0 0 (0s)
Tip
Nb Tip removed: 0 (0s)
Nb errors removed: 3 (0s)
Superbubble
Nb superbubble removed: 0 0 (0s)
Tip
Nb Tip removed: 0 (0s)
Nb errors removed: 1 (0s)
Superbubble
Nb superbubble removed: 0 0 (0s)
Tip
Nb Tip removed: 0 (0s)
Nb errors removed: 1 (0s)
Superbubble
Nb superbubble removed: 0 0 (0s)
Tip
Nb Tip removed: 0 (0s)
Nb errors removed: 1 (0s)
Superbubble
Nb superbubble removed: 0 0 (0s)
Tip
Nb Tip removed: 0 (0s)
Nb errors removed: 1 (0s)
Superbubble
Nb superbubble removed: 0 0 (0s)
Tip
Nb Tip removed: 0 (0s)
Checksum: 0
Checksum abundnace: 0
Generating contigs
45.2593
41.1448
34.004
30.9127
28.1025
23.2252
11.9182
9.84974
5.05447
4.17725
3.13843
2.14359
0


metaMDBG toMinspace  /var/folders/zg/vq0dnx517c54hg87dyqjky740000gn/T/.tmp7o7wQ0/tmp/ /var/folders/zg/vq0dnx517c54hg87dyqjky740000gn/T/.tmp7o7wQ0/tmp//contigs.nodepath /var/folders/zg/vq0dnx517c54hg87dyqjky740000gn/T/.tmp7o7wQ0/tmp//unitig_data.txt --threads 10

Input dir: /var/folders/zg/vq0dnx517c54hg87dyqjky740000gn/T/.tmp7o7wQ0/tmp/
Minimizer length: 15
Kminmer length: 11
Density: 0.005

Loading unitig sequences

Creating mContigs

Contig filename: /var/folders/zg/vq0dnx517c54hg87dyqjky740000gn/T/.tmp7o7wQ0/tmp//unitig_data.txt


metaMDBG toMinspace  /var/folders/zg/vq0dnx517c54hg87dyqjky740000gn/T/.tmp7o7wQ0/tmp/ /var/folders/zg/vq0dnx517c54hg87dyqjky740000gn/T/.tmp7o7wQ0/tmp//assembly_graph.gfa.unitigs.nodepath /var/folders/zg/vq0dnx517c54hg87dyqjky740000gn/T/.tmp7o7wQ0/tmp//assembly_graph.gfa.unitigs --threads 10

Input dir: /var/folders/zg/vq0dnx517c54hg87dyqjky740000gn/T/.tmp7o7wQ0/tmp/
Minimizer length: 15
Kminmer length: 11
Density: 0.005

Loading unitig sequences

Creating mContigs

Contig filename: /var/folders/zg/vq0dnx517c54hg87dyqjky740000gn/T/.tmp7o7wQ0/tmp//assembly_graph.gfa.unitigs
pass done: 11
Multi-k pass: 12/206


metaMDBG graph /var/folders/zg/vq0dnx517c54hg87dyqjky740000gn/T/.tmp7o7wQ0/tmp/ --threads 10 --corrected-read 

Contig filename: 
Output dir: /var/folders/zg/vq0dnx517c54hg87dyqjky740000gn/T/.tmp7o7wQ0/tmp/
Minimizer length: 15
Kminmer length: 12
Density: 0.005
Min abundance: 0

Loading refined abundances
	Duration: 0
Collecting kminmers
Building mdbg
Duration: 0
Nb solid kminmers: 26525
Nb small contigs written: 0
Dump kminmer abundances
	Duration: 0
Indexing edges
Edge index size: 26285
Edge index elements: 47220
	Duration: 0
Compute unitig nodes
	Duration: 0
Index unitig edges
	Duration: 0
Compute unitig edges
	Duration: 0
Dump unitig abundances
	Duration: 0
Nb edges:   0


metaMDBG contig  /var/folders/zg/vq0dnx517c54hg87dyqjky740000gn/T/.tmp7o7wQ0/tmp/ --threads 10

Input dir: /var/folders/zg/vq0dnx517c54hg87dyqjky740000gn/T/.tmp7o7wQ0/tmp/
Minimizer length: 15
Kminmer length: 12
Density: 0.005

Loading unitig graph
Load unitigs
Nb unitigs: 1934
Nb minimizers: 47799
Add unitig abundances
Sorting abundances
Add unitig edges
Nb unitig edges: 4394
Sorting unitig edges
Done loading unitig graph
Simplifying
Max abundance: 111
Nb unitigs: 1934
Superbubble
Nb superbubble removed: 358 0 (0s)
Tip
Nb Tip removed: 324 (0s)
Superbubble
Nb superbubble removed: 146 0 (0s)
Tip
Nb Tip removed: 0 (0s)
Nb errors removed: 450 (0s)
Superbubble
Nb superbubble removed: 4 0 (0s)
Tip
Nb Tip removed: 0 (0s)
Nb errors removed: 1 (0s)
Superbubble
Nb superbubble removed: 0 0 (0s)
Tip
Nb Tip removed: 0 (0s)
Nb errors removed: 28 (0s)
Superbubble
Nb superbubble removed: 0 0 (0s)
Tip
Nb Tip removed: 0 (0s)
Nb errors removed: 7 (0s)
Superbubble
Nb superbubble removed: 0 0 (0s)
Tip
Nb Tip removed: 0 (0s)
Nb errors removed: 3 (0s)
Superbubble
Nb superbubble removed: 0 0 (0s)
Tip
Nb Tip removed: 0 (0s)
Nb errors removed: 3 (0s)
Superbubble
Nb superbubble removed: 0 0 (0s)
Tip
Nb Tip removed: 0 (0s)
Nb errors removed: 1 (0s)
Superbubble
Nb superbubble removed: 0 0 (0s)
Tip
Nb Tip removed: 0 (0s)
Nb errors removed: 1 (0s)
Superbubble
Nb superbubble removed: 0 0 (0s)
Tip
Nb Tip removed: 0 (0s)
Nb errors removed: 3 (0s)
Superbubble
Nb superbubble removed: 0 0 (0s)
Tip
Nb Tip removed: 0 (0s)
Nb errors removed: 1 (0s)
Superbubble
Nb superbubble removed: 0 0 (0s)
Tip
Nb Tip removed: 2 (0s)
Superbubble
Nb superbubble removed: 0 0 (0s)
Tip
Nb Tip removed: 0 (0s)
Nb errors removed: 1 (0s)
Superbubble
Nb superbubble removed: 0 0 (0s)
Tip
Nb Tip removed: 0 (0s)
Nb errors removed: 1 (0s)
Superbubble
Nb superbubble removed: 0 0 (0s)
Tip
Nb Tip removed: 0 (0s)
Nb errors removed: 1 (0s)
Superbubble
Nb superbubble removed: 0 0 (0s)
Tip
Nb Tip removed: 0 (0s)
Nb errors removed: 1 (0s)
Superbubble
Nb superbubble removed: 0 0 (0s)
Tip
Nb Tip removed: 0 (0s)
Nb errors removed: 1 (0s)
Superbubble
Nb superbubble removed: 0 0 (0s)
Tip
Nb Tip removed: 0 (0s)
Checksum: 0
Checksum abundnace: 0
Generating contigs
117.391
54.7637
45.2593
41.1448
34.004
30.9127
28.1025
23.2252
11.9182
9.84974
5.05447
4.17725
3.13843
2.59374
2.14359
0


metaMDBG toMinspace  /var/folders/zg/vq0dnx517c54hg87dyqjky740000gn/T/.tmp7o7wQ0/tmp/ /var/folders/zg/vq0dnx517c54hg87dyqjky740000gn/T/.tmp7o7wQ0/tmp//contigs.nodepath /var/folders/zg/vq0dnx517c54hg87dyqjky740000gn/T/.tmp7o7wQ0/tmp//unitig_data.txt --threads 10

Input dir: /var/folders/zg/vq0dnx517c54hg87dyqjky740000gn/T/.tmp7o7wQ0/tmp/
Minimizer length: 15
Kminmer length: 12
Density: 0.005

Loading unitig sequences

Creating mContigs

Contig filename: /var/folders/zg/vq0dnx517c54hg87dyqjky740000gn/T/.tmp7o7wQ0/tmp//unitig_data.txt
pass done: 12
Multi-k pass: 13/206


metaMDBG graph /var/folders/zg/vq0dnx517c54hg87dyqjky740000gn/T/.tmp7o7wQ0/tmp/ --threads 10 --corrected-read 

Contig filename: 
Output dir: /var/folders/zg/vq0dnx517c54hg87dyqjky740000gn/T/.tmp7o7wQ0/tmp/
Minimizer length: 15
Kminmer length: 13
Density: 0.005
Min abundance: 0

Loading refined abundances
	Duration: 0
Collecting kminmers
Building mdbg
Duration: 0
Nb solid kminmers: 26735
Nb small contigs written: 0
Dump kminmer abundances
	Duration: 0
Indexing edges
Edge index size: 26507
Edge index elements: 47237
	Duration: 0
Compute unitig nodes
	Duration: 0
Index unitig edges
	Duration: 0
Compute unitig edges
	Duration: 0
Dump unitig abundances
	Duration: 0
Nb edges:   0


metaMDBG contig  /var/folders/zg/vq0dnx517c54hg87dyqjky740000gn/T/.tmp7o7wQ0/tmp/ --threads 10

Input dir: /var/folders/zg/vq0dnx517c54hg87dyqjky740000gn/T/.tmp7o7wQ0/tmp/
Minimizer length: 15
Kminmer length: 13
Density: 0.005

Loading unitig graph
Load unitigs
Nb unitigs: 1891
Nb minimizers: 49427
Add unitig abundances
Sorting abundances
Add unitig edges
Nb unitig edges: 4288
Sorting unitig edges
Done loading unitig graph
Simplifying
Max abundance: 111
Nb unitigs: 1891
Superbubble
Nb superbubble removed: 362 0 (0s)
Tip
Nb Tip removed: 308 (0s)
Superbubble
Nb superbubble removed: 130 0 (0s)
Tip
Nb Tip removed: 0 (0s)
Nb errors removed: 438 (0s)
Superbubble
Nb superbubble removed: 4 0 (0s)
Tip
Nb Tip removed: 0 (0s)
Nb errors removed: 1 (0s)
Superbubble
Nb superbubble removed: 0 0 (0s)
Tip
Nb Tip removed: 0 (0s)
Nb errors removed: 29 (0s)
Superbubble
Nb superbubble removed: 0 0 (0s)
Tip
Nb Tip removed: 0 (0s)
Nb errors removed: 7 (0s)
Superbubble
Nb superbubble removed: 0 0 (0s)
Tip
Nb Tip removed: 0 (0s)
Nb errors removed: 3 (0s)
Superbubble
Nb superbubble removed: 0 0 (0s)
Tip
Nb Tip removed: 0 (0s)
Nb errors removed: 2 (0s)
Superbubble
Nb superbubble removed: 0 0 (0s)
Tip
Nb Tip removed: 0 (0s)
Nb errors removed: 1 (0s)
Superbubble
Nb superbubble removed: 0 0 (0s)
Tip
Nb Tip removed: 0 (0s)
Nb errors removed: 1 (0s)
Superbubble
Nb superbubble removed: 0 0 (0s)
Tip
Nb Tip removed: 0 (0s)
Nb errors removed: 3 (0s)
Superbubble
Nb superbubble removed: 0 0 (0s)
Tip
Nb Tip removed: 0 (0s)
Nb errors removed: 1 (0s)
Superbubble
Nb superbubble removed: 0 0 (0s)
Tip
Nb Tip removed: 2 (0s)
Superbubble
Nb superbubble removed: 0 0 (0s)
Tip
Nb Tip removed: 0 (0s)
Nb errors removed: 1 (0s)
Superbubble
Nb superbubble removed: 0 0 (0s)
Tip
Nb Tip removed: 0 (0s)
Nb errors removed: 1 (0s)
Superbubble
Nb superbubble removed: 0 0 (0s)
Tip
Nb Tip removed: 0 (0s)
Nb errors removed: 1 (0s)
Superbubble
Nb superbubble removed: 0 0 (0s)
Tip
Nb Tip removed: 0 (0s)
Nb errors removed: 1 (0s)
Superbubble
Nb superbubble removed: 0 0 (0s)
Tip
Nb Tip removed: 0 (0s)
Nb errors removed: 1 (0s)
Superbubble
Nb superbubble removed: 0 0 (0s)
Tip
Nb Tip removed: 0 (0s)
Checksum: 0
Checksum abundnace: 0
Generating contigs
117.391
66.2641
45.2593
41.1448
34.004
30.9127
28.1025
23.2252
11.9182
9.84974
5.05447
4.17725
3.13843
2.59374
2.14359
0


metaMDBG toMinspace  /var/folders/zg/vq0dnx517c54hg87dyqjky740000gn/T/.tmp7o7wQ0/tmp/ /var/folders/zg/vq0dnx517c54hg87dyqjky740000gn/T/.tmp7o7wQ0/tmp//contigs.nodepath /var/folders/zg/vq0dnx517c54hg87dyqjky740000gn/T/.tmp7o7wQ0/tmp//unitig_data.txt --threads 10

Input dir: /var/folders/zg/vq0dnx517c54hg87dyqjky740000gn/T/.tmp7o7wQ0/tmp/
Minimizer length: 15
Kminmer length: 13
Density: 0.005

Loading unitig sequences

Creating mContigs

Contig filename: /var/folders/zg/vq0dnx517c54hg87dyqjky740000gn/T/.tmp7o7wQ0/tmp//unitig_data.txt
pass done: 13
Multi-k pass: 14/206


metaMDBG graph /var/folders/zg/vq0dnx517c54hg87dyqjky740000gn/T/.tmp7o7wQ0/tmp/ --threads 10 --corrected-read 

Contig filename: 
Output dir: /var/folders/zg/vq0dnx517c54hg87dyqjky740000gn/T/.tmp7o7wQ0/tmp/
Minimizer length: 15
Kminmer length: 14
Density: 0.005
Min abundance: 0

Loading refined abundances
	Duration: 0
Collecting kminmers
Building mdbg
Duration: 0
Nb solid kminmers: 26929
Nb small contigs written: 0
Dump kminmer abundances
	Duration: 0
Indexing edges
Edge index size: 26712
Edge index elements: 47812
	Duration: 0
Compute unitig nodes
	Duration: 0
Index unitig edges
	Duration: 0
Compute unitig edges
	Duration: 0
Dump unitig abundances
	Duration: 0
Nb edges:   0


metaMDBG contig  /var/folders/zg/vq0dnx517c54hg87dyqjky740000gn/T/.tmp7o7wQ0/tmp/ --threads 10

Input dir: /var/folders/zg/vq0dnx517c54hg87dyqjky740000gn/T/.tmp7o7wQ0/tmp/
Minimizer length: 15
Kminmer length: 14
Density: 0.005

Loading unitig graph
Load unitigs
Nb unitigs: 1839
Nb minimizers: 50836
Add unitig abundances
Sorting abundances
Add unitig edges
Nb unitig edges: 4140
Sorting unitig edges
Done loading unitig graph
Simplifying
Max abundance: 111
Nb unitigs: 1839
Superbubble
Nb superbubble removed: 346 0 (0s)
Tip
Nb Tip removed: 295 (0s)
Superbubble
Nb superbubble removed: 132 0 (0s)
Tip
Nb Tip removed: 0 (0s)
Nb errors removed: 421 (0s)
Superbubble
Nb superbubble removed: 0 0 (0s)
Tip
Nb Tip removed: 0 (0s)
Nb errors removed: 1 (0s)
Superbubble
Nb superbubble removed: 0 0 (0s)
Tip
Nb Tip removed: 0 (0s)
Nb errors removed: 29 (0s)
Superbubble
Nb superbubble removed: 0 0 (0s)
Tip
Nb Tip removed: 0 (0s)
Nb errors removed: 8 (0s)
Superbubble
Nb superbubble removed: 0 0 (0s)
Tip
Nb Tip removed: 0 (0s)
Nb errors removed: 3 (0s)
Superbubble
Nb superbubble removed: 0 0 (0s)
Tip
Nb Tip removed: 0 (0s)
Nb errors removed: 2 (0s)
Superbubble
Nb superbubble removed: 0 0 (0s)
Tip
Nb Tip removed: 0 (0s)
Nb errors removed: 1 (0s)
Superbubble
Nb superbubble removed: 0 0 (0s)
Tip
Nb Tip removed: 0 (0s)
Nb errors removed: 1 (0s)
Superbubble
Nb superbubble removed: 0 0 (0s)
Tip
Nb Tip removed: 0 (0s)
Nb errors removed: 3 (0s)
Superbubble
Nb superbubble removed: 0 0 (0s)
Tip
Nb Tip removed: 0 (0s)
Nb errors removed: 1 (0s)
Superbubble
Nb superbubble removed: 0 0 (0s)
Tip
Nb Tip removed: 2 (0s)
Superbubble
Nb superbubble removed: 0 0 (0s)
Tip
Nb Tip removed: 0 (0s)
Nb errors removed: 1 (0s)
Superbubble
Nb superbubble removed: 0 0 (0s)
Tip
Nb Tip removed: 0 (0s)
Nb errors removed: 1 (0s)
Superbubble
Nb superbubble removed: 0 0 (0s)
Tip
Nb Tip removed: 0 (0s)
Nb errors removed: 1 (0s)
Superbubble
Nb superbubble removed: 0 0 (0s)
Tip
Nb Tip removed: 0 (0s)
Nb errors removed: 1 (0s)
Superbubble
Nb superbubble removed: 0 0 (0s)
Tip
Nb Tip removed: 0 (0s)
Nb errors removed: 1 (0s)
Superbubble
Nb superbubble removed: 0 0 (0s)
Tip
Nb Tip removed: 0 (0s)
Checksum: 0
Checksum abundnace: 0
Generating contigs
117.391
66.2641
45.2593
41.1448
34.004
30.9127
28.1025
23.2252
11.9182
9.84974
5.05447
4.17725
3.13843
2.59374
2.14359
0


metaMDBG toMinspace  /var/folders/zg/vq0dnx517c54hg87dyqjky740000gn/T/.tmp7o7wQ0/tmp/ /var/folders/zg/vq0dnx517c54hg87dyqjky740000gn/T/.tmp7o7wQ0/tmp//contigs.nodepath /var/folders/zg/vq0dnx517c54hg87dyqjky740000gn/T/.tmp7o7wQ0/tmp//unitig_data.txt --threads 10

Input dir: /var/folders/zg/vq0dnx517c54hg87dyqjky740000gn/T/.tmp7o7wQ0/tmp/
Minimizer length: 15
Kminmer length: 14
Density: 0.005

Loading unitig sequences

Creating mContigs

Contig filename: /var/folders/zg/vq0dnx517c54hg87dyqjky740000gn/T/.tmp7o7wQ0/tmp//unitig_data.txt
pass done: 14
Multi-k pass: 15/206


metaMDBG graph /var/folders/zg/vq0dnx517c54hg87dyqjky740000gn/T/.tmp7o7wQ0/tmp/ --threads 10 --corrected-read 

Contig filename: 
Output dir: /var/folders/zg/vq0dnx517c54hg87dyqjky740000gn/T/.tmp7o7wQ0/tmp/
Minimizer length: 15
Kminmer length: 15
Density: 0.005
Min abundance: 0

Loading refined abundances
	Duration: 0
Collecting kminmers
Building mdbg
Duration: 0
Nb solid kminmers: 27125
Nb small contigs written: 0
Dump kminmer abundances
	Duration: 0
Indexing edges
Edge index size: 26916
Edge index elements: 47862
	Duration: 0
Compute unitig nodes
	Duration: 0
Index unitig edges
	Duration: 0
Compute unitig edges
	Duration: 0
Dump unitig abundances
	Duration: 0
Nb edges:   0


metaMDBG contig  /var/folders/zg/vq0dnx517c54hg87dyqjky740000gn/T/.tmp7o7wQ0/tmp/ --threads 10

Input dir: /var/folders/zg/vq0dnx517c54hg87dyqjky740000gn/T/.tmp7o7wQ0/tmp/
Minimizer length: 15
Kminmer length: 15
Density: 0.005

Loading unitig graph
Load unitigs
Nb unitigs: 1799
Nb minimizers: 52311
Add unitig abundances
Sorting abundances
Add unitig edges
Nb unitig edges: 4072
Sorting unitig edges
Done loading unitig graph
Simplifying
Max abundance: 111
Nb unitigs: 1799
Superbubble
Nb superbubble removed: 320 0 (0s)
Tip
Nb Tip removed: 285 (0s)
Superbubble
Nb superbubble removed: 138 0 (0s)
Tip
Nb Tip removed: 0 (0s)
Nb errors removed: 414 (0s)
Superbubble
Nb superbubble removed: 0 0 (0s)
Tip
Nb Tip removed: 0 (0s)
Nb errors removed: 1 (0s)
Superbubble
Nb superbubble removed: 0 0 (0s)
Tip
Nb Tip removed: 0 (0s)
Nb errors removed: 29 (0s)
Superbubble
Nb superbubble removed: 0 0 (0s)
Tip
Nb Tip removed: 0 (0s)
Nb errors removed: 8 (0s)
Superbubble
Nb superbubble removed: 0 0 (0s)
Tip
Nb Tip removed: 0 (0s)
Nb errors removed: 3 (0s)
Superbubble
Nb superbubble removed: 0 0 (0s)
Tip
Nb Tip removed: 0 (0s)
Nb errors removed: 1 (0s)
Superbubble
Nb superbubble removed: 0 0 (0s)
Tip
Nb Tip removed: 0 (0s)
Nb errors removed: 2 (0s)
Superbubble
Nb superbubble removed: 0 0 (0s)
Tip
Nb Tip removed: 0 (0s)
Nb errors removed: 1 (0s)
Superbubble
Nb superbubble removed: 0 0 (0s)
Tip
Nb Tip removed: 0 (0s)
Nb errors removed: 1 (0s)
Superbubble
Nb superbubble removed: 0 0 (0s)
Tip
Nb Tip removed: 0 (0s)
Nb errors removed: 3 (0s)
Superbubble
Nb superbubble removed: 0 0 (0s)
Tip
Nb Tip removed: 0 (0s)
Nb errors removed: 1 (0s)
Superbubble
Nb superbubble removed: 0 0 (0s)
Tip
Nb Tip removed: 2 (0s)
Superbubble
Nb superbubble removed: 0 0 (0s)
Tip
Nb Tip removed: 0 (0s)
Nb errors removed: 1 (0s)
Superbubble
Nb superbubble removed: 0 0 (0s)
Tip
Nb Tip removed: 0 (0s)
Nb errors removed: 1 (0s)
Superbubble
Nb superbubble removed: 0 0 (0s)
Tip
Nb Tip removed: 0 (0s)
Nb errors removed: 1 (0s)
Superbubble
Nb superbubble removed: 0 0 (0s)
Tip
Nb Tip removed: 0 (0s)
Nb errors removed: 1 (0s)
Superbubble
Nb superbubble removed: 0 0 (0s)
Tip
Nb Tip removed: 0 (0s)
Nb errors removed: 1 (0s)
Superbubble
Nb superbubble removed: 0 0 (0s)
Tip
Nb Tip removed: 0 (0s)
Checksum: 0
Checksum abundnace: 0
Generating contigs
117.391
66.2641
45.2593
41.1448
34.004
30.9127
28.1025
23.2252
11.9182
9.84974
6.11591
5.05447
4.17725
3.13843
2.59374
2.14359
0


metaMDBG toMinspace  /var/folders/zg/vq0dnx517c54hg87dyqjky740000gn/T/.tmp7o7wQ0/tmp/ /var/folders/zg/vq0dnx517c54hg87dyqjky740000gn/T/.tmp7o7wQ0/tmp//contigs.nodepath /var/folders/zg/vq0dnx517c54hg87dyqjky740000gn/T/.tmp7o7wQ0/tmp//unitig_data.txt --threads 10

Input dir: /var/folders/zg/vq0dnx517c54hg87dyqjky740000gn/T/.tmp7o7wQ0/tmp/
Minimizer length: 15
Kminmer length: 15
Density: 0.005

Loading unitig sequences

Creating mContigs

Contig filename: /var/folders/zg/vq0dnx517c54hg87dyqjky740000gn/T/.tmp7o7wQ0/tmp//unitig_data.txt
pass done: 15
Multi-k pass: 16/206


metaMDBG graph /var/folders/zg/vq0dnx517c54hg87dyqjky740000gn/T/.tmp7o7wQ0/tmp/ --threads 10 --corrected-read 

Contig filename: 
Output dir: /var/folders/zg/vq0dnx517c54hg87dyqjky740000gn/T/.tmp7o7wQ0/tmp/
Minimizer length: 15
Kminmer length: 16
Density: 0.005
Min abundance: 0

Loading refined abundances
	Duration: 0
Collecting kminmers
Building mdbg
Duration: 0
Nb solid kminmers: 27309
Nb small contigs written: 0
Dump kminmer abundances
	Duration: 0
Indexing edges
Edge index size: 27108
Edge index elements: 48107
	Duration: 0
Compute unitig nodes
	Duration: 0
Index unitig edges
	Duration: 0
Compute unitig edges
	Duration: 0
Dump unitig abundances
	Duration: 0
Nb edges:   0


metaMDBG contig  /var/folders/zg/vq0dnx517c54hg87dyqjky740000gn/T/.tmp7o7wQ0/tmp/ --threads 10

Input dir: /var/folders/zg/vq0dnx517c54hg87dyqjky740000gn/T/.tmp7o7wQ0/tmp/
Minimizer length: 15
Kminmer length: 16
Density: 0.005

Loading unitig graph
Load unitigs
Nb unitigs: 1766
Nb minimizers: 53799
Add unitig abundances
Sorting abundances
Add unitig edges
Nb unitig edges: 3976
Sorting unitig edges
Done loading unitig graph
Simplifying
Max abundance: 111
Nb unitigs: 1766
Superbubble
Nb superbubble removed: 296 0 (0s)
Tip
Nb Tip removed: 284 (0s)
Superbubble
Nb superbubble removed: 142 0 (0s)
Tip
Nb Tip removed: 0 (0s)
Nb errors removed: 407 (0s)
Superbubble
Nb superbubble removed: 0 0 (0s)
Tip
Nb Tip removed: 0 (0s)
Nb errors removed: 1 (0s)
Superbubble
Nb superbubble removed: 0 0 (0s)
Tip
Nb Tip removed: 0 (0s)
Nb errors removed: 30 (0s)
Superbubble
Nb superbubble removed: 0 0 (0s)
Tip
Nb Tip removed: 0 (0s)
Nb errors removed: 9 (0s)
Superbubble
Nb superbubble removed: 0 0 (0s)
Tip
Nb Tip removed: 0 (0s)
Nb errors removed: 3 (0s)
Superbubble
Nb superbubble removed: 0 0 (0s)
Tip
Nb Tip removed: 0 (0s)
Nb errors removed: 1 (0s)
Superbubble
Nb superbubble removed: 0 0 (0s)
Tip
Nb Tip removed: 0 (0s)
Nb errors removed: 2 (0s)
Superbubble
Nb superbubble removed: 0 0 (0s)
Tip
Nb Tip removed: 0 (0s)
Nb errors removed: 1 (0s)
Superbubble
Nb superbubble removed: 0 0 (0s)
Tip
Nb Tip removed: 0 (0s)
Nb errors removed: 1 (0s)
Superbubble
Nb superbubble removed: 0 0 (0s)
Tip
Nb Tip removed: 0 (0s)
Nb errors removed: 3 (0s)
Superbubble
Nb superbubble removed: 0 0 (0s)
Tip
Nb Tip removed: 0 (0s)
Nb errors removed: 1 (0s)
Superbubble
Nb superbubble removed: 0 0 (0s)
Tip
Nb Tip removed: 2 (0s)
Superbubble
Nb superbubble removed: 0 0 (0s)
Tip
Nb Tip removed: 0 (0s)
Nb errors removed: 1 (0s)
Superbubble
Nb superbubble removed: 0 0 (0s)
Tip
Nb Tip removed: 0 (0s)
Nb errors removed: 4 (0s)
Superbubble
Nb superbubble removed: 0 0 (0s)
Tip
Nb Tip removed: 0 (0s)
Nb errors removed: 1 (0s)
Superbubble
Nb superbubble removed: 0 0 (0s)
Tip
Nb Tip removed: 0 (0s)
Nb errors removed: 1 (0s)
Superbubble
Nb superbubble removed: 0 0 (0s)
Tip
Nb Tip removed: 0 (0s)
Nb errors removed: 1 (0s)
Superbubble
Nb superbubble removed: 0 0 (0s)
Tip
Nb Tip removed: 0 (0s)
Checksum: 0
Checksum abundnace: 0
Generating contigs
117.391
66.2641
45.2593
41.1448
34.004
30.9127
28.1025
23.2252
11.9182
9.84974
6.11591
5.05447
4.17725
3.13843
2.59374
2.14359
0


metaMDBG toMinspace  /var/folders/zg/vq0dnx517c54hg87dyqjky740000gn/T/.tmp7o7wQ0/tmp/ /var/folders/zg/vq0dnx517c54hg87dyqjky740000gn/T/.tmp7o7wQ0/tmp//contigs.nodepath /var/folders/zg/vq0dnx517c54hg87dyqjky740000gn/T/.tmp7o7wQ0/tmp//unitig_data.txt --threads 10

Input dir: /var/folders/zg/vq0dnx517c54hg87dyqjky740000gn/T/.tmp7o7wQ0/tmp/
Minimizer length: 15
Kminmer length: 16
Density: 0.005

Loading unitig sequences

Creating mContigs

Contig filename: /var/folders/zg/vq0dnx517c54hg87dyqjky740000gn/T/.tmp7o7wQ0/tmp//unitig_data.txt
pass done: 16
Multi-k pass: 17/206


metaMDBG graph /var/folders/zg/vq0dnx517c54hg87dyqjky740000gn/T/.tmp7o7wQ0/tmp/ --threads 10 --corrected-read 

Contig filename: 
Output dir: /var/folders/zg/vq0dnx517c54hg87dyqjky740000gn/T/.tmp7o7wQ0/tmp/
Minimizer length: 15
Kminmer length: 17
Density: 0.005
Min abundance: 0

Loading refined abundances
	Duration: 0
Collecting kminmers
Building mdbg
Duration: 0
Nb solid kminmers: 27499
Nb small contigs written: 0
Dump kminmer abundances
	Duration: 0
Indexing edges
Edge index size: 27290
Edge index elements: 48613
	Duration: 0
Compute unitig nodes
	Duration: 0
Index unitig edges
	Duration: 0
Compute unitig edges
	Duration: 0
Dump unitig abundances
	Duration: 0
Nb edges:   0


metaMDBG contig  /var/folders/zg/vq0dnx517c54hg87dyqjky740000gn/T/.tmp7o7wQ0/tmp/ --threads 10

Input dir: /var/folders/zg/vq0dnx517c54hg87dyqjky740000gn/T/.tmp7o7wQ0/tmp/
Minimizer length: 15
Kminmer length: 17
Density: 0.005

Loading unitig graph
Load unitigs
Nb unitigs: 1752
Nb minimizers: 55531
Add unitig abundances
Sorting abundances
Add unitig edges
Nb unitig edges: 3944
Sorting unitig edges
Done loading unitig graph
Simplifying
Max abundance: 111
Nb unitigs: 1752
Superbubble
Nb superbubble removed: 290 0 (0s)
Tip
Nb Tip removed: 278 (0s)
Superbubble
Nb superbubble removed: 136 0 (0s)
Tip
Nb Tip removed: 0 (0s)
Nb errors removed: 394 (0s)
Superbubble
Nb superbubble removed: 0 0 (0s)
Tip
Nb Tip removed: 0 (0s)
Nb errors removed: 1 (0s)
Superbubble
Nb superbubble removed: 0 0 (0s)
Tip
Nb Tip removed: 0 (0s)
Nb errors removed: 29 (0s)
Superbubble
Nb superbubble removed: 0 0 (0s)
Tip
Nb Tip removed: 0 (0s)
Nb errors removed: 9 (0s)
Superbubble
Nb superbubble removed: 0 0 (0s)
Tip
Nb Tip removed: 0 (0s)
Nb errors removed: 3 (0s)
Superbubble
Nb superbubble removed: 0 0 (0s)
Tip
Nb Tip removed: 0 (0s)
Nb errors removed: 1 (0s)
Superbubble
Nb superbubble removed: 0 0 (0s)
Tip
Nb Tip removed: 0 (0s)
Nb errors removed: 2 (0s)
Superbubble
Nb superbubble removed: 0 0 (0s)
Tip
Nb Tip removed: 0 (0s)
Nb errors removed: 1 (0s)
Superbubble
Nb superbubble removed: 0 0 (0s)
Tip
Nb Tip removed: 0 (0s)
Nb errors removed: 1 (0s)
Superbubble
Nb superbubble removed: 0 0 (0s)
Tip
Nb Tip removed: 0 (0s)
Nb errors removed: 3 (0s)
Superbubble
Nb superbubble removed: 0 0 (0s)
Tip
Nb Tip removed: 0 (0s)
Nb errors removed: 1 (0s)
Superbubble
Nb superbubble removed: 0 0 (0s)
Tip
Nb Tip removed: 1 (0s)
Superbubble
Nb superbubble removed: 0 0 (0s)
Tip
Nb Tip removed: 0 (0s)
Nb errors removed: 1 (0s)
Superbubble
Nb superbubble removed: 0 0 (0s)
Tip
Nb Tip removed: 0 (0s)
Nb errors removed: 4 (0s)
Superbubble
Nb superbubble removed: 0 0 (0s)
Tip
Nb Tip removed: 0 (0s)
Nb errors removed: 1 (0s)
Superbubble
Nb superbubble removed: 0 0 (0s)
Tip
Nb Tip removed: 0 (0s)
Nb errors removed: 1 (0s)
Superbubble
Nb superbubble removed: 0 0 (0s)
Tip
Nb Tip removed: 0 (0s)
Checksum: 0
Checksum abundnace: 0
Generating contigs
117.391
45.2593
41.1448
34.004
30.9127
28.1025
23.2252
11.9182
9.84974
6.11591
5.05447
4.17725
3.13843
2.59374
2.14359
0


metaMDBG toMinspace  /var/folders/zg/vq0dnx517c54hg87dyqjky740000gn/T/.tmp7o7wQ0/tmp/ /var/folders/zg/vq0dnx517c54hg87dyqjky740000gn/T/.tmp7o7wQ0/tmp//contigs.nodepath /var/folders/zg/vq0dnx517c54hg87dyqjky740000gn/T/.tmp7o7wQ0/tmp//unitig_data.txt --threads 10

Input dir: /var/folders/zg/vq0dnx517c54hg87dyqjky740000gn/T/.tmp7o7wQ0/tmp/
Minimizer length: 15
Kminmer length: 17
Density: 0.005

Loading unitig sequences

Creating mContigs

Contig filename: /var/folders/zg/vq0dnx517c54hg87dyqjky740000gn/T/.tmp7o7wQ0/tmp//unitig_data.txt
pass done: 17
Multi-k pass: 18/206


metaMDBG graph /var/folders/zg/vq0dnx517c54hg87dyqjky740000gn/T/.tmp7o7wQ0/tmp/ --threads 10 --corrected-read 

Contig filename: 
Output dir: /var/folders/zg/vq0dnx517c54hg87dyqjky740000gn/T/.tmp7o7wQ0/tmp/
Minimizer length: 15
Kminmer length: 18
Density: 0.005
Min abundance: 0

Loading refined abundances
	Duration: 0
Collecting kminmers
Building mdbg
Duration: 0
Nb solid kminmers: 27688
Nb small contigs written: 0
Dump kminmer abundances
	Duration: 0
Indexing edges
Edge index size: 27483
Edge index elements: 48614
	Duration: 0
Compute unitig nodes
	Duration: 0
Index unitig edges
	Duration: 0
Compute unitig edges
	Duration: 0
Dump unitig abundances
	Duration: 0
Nb edges:   0


metaMDBG contig  /var/folders/zg/vq0dnx517c54hg87dyqjky740000gn/T/.tmp7o7wQ0/tmp/ --threads 10

Input dir: /var/folders/zg/vq0dnx517c54hg87dyqjky740000gn/T/.tmp7o7wQ0/tmp/
Minimizer length: 15
Kminmer length: 18
Density: 0.005

Loading unitig graph
Load unitigs
Nb unitigs: 1713
Nb minimizers: 56809
Add unitig abundances
Sorting abundances
Add unitig edges
Nb unitig edges: 3878
Sorting unitig edges
Done loading unitig graph
Simplifying
Max abundance: 111
Nb unitigs: 1713
Superbubble
Nb superbubble removed: 278 0 (0s)
Tip
Nb Tip removed: 276 (0s)
Superbubble
Nb superbubble removed: 132 0 (0s)
Tip
Nb Tip removed: 0 (0s)
Nb errors removed: 388 (0s)
Superbubble
Nb superbubble removed: 0 0 (0s)
Tip
Nb Tip removed: 0 (0s)
Nb errors removed: 1 (0s)
Superbubble
Nb superbubble removed: 0 0 (0s)
Tip
Nb Tip removed: 0 (0s)
Nb errors removed: 31 (0s)
Superbubble
Nb superbubble removed: 0 0 (0s)
Tip
Nb Tip removed: 0 (0s)
Nb errors removed: 9 (0s)
Superbubble
Nb superbubble removed: 0 0 (0s)
Tip
Nb Tip removed: 0 (0s)
Nb errors removed: 3 (0s)
Superbubble
Nb superbubble removed: 0 0 (0s)
Tip
Nb Tip removed: 0 (0s)
Nb errors removed: 1 (0s)
Superbubble
Nb superbubble removed: 0 0 (0s)
Tip
Nb Tip removed: 0 (0s)
Nb errors removed: 2 (0s)
Superbubble
Nb superbubble removed: 0 0 (0s)
Tip
Nb Tip removed: 0 (0s)
Nb errors removed: 1 (0s)
Superbubble
Nb superbubble removed: 0 0 (0s)
Tip
Nb Tip removed: 0 (0s)
Nb errors removed: 1 (0s)
Superbubble
Nb superbubble removed: 0 0 (0s)
Tip
Nb Tip removed: 0 (0s)
Nb errors removed: 3 (0s)
Superbubble
Nb superbubble removed: 0 0 (0s)
Tip
Nb Tip removed: 0 (0s)
Nb errors removed: 1 (0s)
Superbubble
Nb superbubble removed: 0 0 (0s)
Tip
Nb Tip removed: 0 (0s)
Nb errors removed: 1 (0s)
Superbubble
Nb superbubble removed: 0 0 (0s)
Tip
Nb Tip removed: 0 (0s)
Nb errors removed: 4 (0s)
Superbubble
Nb superbubble removed: 0 0 (0s)
Tip
Nb Tip removed: 0 (0s)
Nb errors removed: 1 (0s)
Superbubble
Nb superbubble removed: 0 0 (0s)
Tip
Nb Tip removed: 0 (0s)
Checksum: 0
Checksum abundnace: 0
Generating contigs
45.2593
41.1448
34.004
30.9127
28.1025
23.2252
11.9182
9.84974
6.11591
5.05447
4.17725
3.13843
2.59374
2.14359
0


metaMDBG toMinspace  /var/folders/zg/vq0dnx517c54hg87dyqjky740000gn/T/.tmp7o7wQ0/tmp/ /var/folders/zg/vq0dnx517c54hg87dyqjky740000gn/T/.tmp7o7wQ0/tmp//contigs.nodepath /var/folders/zg/vq0dnx517c54hg87dyqjky740000gn/T/.tmp7o7wQ0/tmp//unitig_data.txt --threads 10

Input dir: /var/folders/zg/vq0dnx517c54hg87dyqjky740000gn/T/.tmp7o7wQ0/tmp/
Minimizer length: 15
Kminmer length: 18
Density: 0.005

Loading unitig sequences

Creating mContigs

Contig filename: /var/folders/zg/vq0dnx517c54hg87dyqjky740000gn/T/.tmp7o7wQ0/tmp//unitig_data.txt
pass done: 18
Multi-k pass: 19/206


metaMDBG graph /var/folders/zg/vq0dnx517c54hg87dyqjky740000gn/T/.tmp7o7wQ0/tmp/ --threads 10 --corrected-read 

Contig filename: 
Output dir: /var/folders/zg/vq0dnx517c54hg87dyqjky740000gn/T/.tmp7o7wQ0/tmp/
Minimizer length: 15
Kminmer length: 19
Density: 0.005
Min abundance: 0

Loading refined abundances
	Duration: 0
Collecting kminmers
Building mdbg
Duration: 0
Nb solid kminmers: 27862
Nb small contigs written: 0
Dump kminmer abundances
	Duration: 0
Indexing edges
Edge index size: 27673
Edge index elements: 49325
	Duration: 0
Compute unitig nodes
	Duration: 0
Index unitig edges
	Duration: 0
Compute unitig edges
	Duration: 0
Dump unitig abundances
	Duration: 0
Nb edges:   0


metaMDBG contig  /var/folders/zg/vq0dnx517c54hg87dyqjky740000gn/T/.tmp7o7wQ0/tmp/ --threads 10

Input dir: /var/folders/zg/vq0dnx517c54hg87dyqjky740000gn/T/.tmp7o7wQ0/tmp/
Minimizer length: 15
Kminmer length: 19
Density: 0.005

Loading unitig graph
Load unitigs
Nb unitigs: 1689
Nb minimizers: 58264
Add unitig abundances
Sorting abundances
Add unitig edges
Nb unitig edges: 3786
Sorting unitig edges
Done loading unitig graph
Simplifying
Max abundance: 111
Nb unitigs: 1689
Superbubble
Nb superbubble removed: 258 0 (0s)
Tip
Nb Tip removed: 287 (0s)
Superbubble
Nb superbubble removed: 130 0 (0s)
Tip
Nb Tip removed: 0 (0s)
Nb errors removed: 396 (0s)
Superbubble
Nb superbubble removed: 0 0 (0s)
Tip
Nb Tip removed: 0 (0s)
Nb errors removed: 1 (0s)
Superbubble
Nb superbubble removed: 0 0 (0s)
Tip
Nb Tip removed: 0 (0s)
Nb errors removed: 33 (0s)
Superbubble
Nb superbubble removed: 0 0 (0s)
Tip
Nb Tip removed: 0 (0s)
Nb errors removed: 11 (0s)
Superbubble
Nb superbubble removed: 0 0 (0s)
Tip
Nb Tip removed: 0 (0s)
Nb errors removed: 3 (0s)
Superbubble
Nb superbubble removed: 0 0 (0s)
Tip
Nb Tip removed: 0 (0s)
Nb errors removed: 1 (0s)
Superbubble
Nb superbubble removed: 0 0 (0s)
Tip
Nb Tip removed: 0 (0s)
Nb errors removed: 2 (0s)
Superbubble
Nb superbubble removed: 0 0 (0s)
Tip
Nb Tip removed: 0 (0s)
Nb errors removed: 2 (0s)
Superbubble
Nb superbubble removed: 0 0 (0s)
Tip
Nb Tip removed: 0 (0s)
Nb errors removed: 1 (0s)
Superbubble
Nb superbubble removed: 0 0 (0s)
Tip
Nb Tip removed: 0 (0s)
Nb errors removed: 1 (0s)
Superbubble
Nb superbubble removed: 0 0 (0s)
Tip
Nb Tip removed: 0 (0s)
Nb errors removed: 3 (0s)
Superbubble
Nb superbubble removed: 0 0 (0s)
Tip
Nb Tip removed: 0 (0s)
Nb errors removed: 1 (0s)
Superbubble
Nb superbubble removed: 0 0 (0s)
Tip
Nb Tip removed: 0 (0s)
Nb errors removed: 1 (0s)
Superbubble
Nb superbubble removed: 0 0 (0s)
Tip
Nb Tip removed: 0 (0s)
Nb errors removed: 4 (0s)
Superbubble
Nb superbubble removed: 0 0 (0s)
Tip
Nb Tip removed: 0 (0s)
Nb errors removed: 1 (0s)
Superbubble
Nb superbubble removed: 0 0 (0s)
Tip
Nb Tip removed: 0 (0s)
Checksum: 0
Checksum abundnace: 0
Generating contigs
45.2593
41.1448
34.004
30.9127
28.1025
23.2252
11.9182
10.8347
9.84974
6.11591
5.05447
4.17725
3.13843
2.59374
2.14359
0


metaMDBG toMinspace  /var/folders/zg/vq0dnx517c54hg87dyqjky740000gn/T/.tmp7o7wQ0/tmp/ /var/folders/zg/vq0dnx517c54hg87dyqjky740000gn/T/.tmp7o7wQ0/tmp//contigs.nodepath /var/folders/zg/vq0dnx517c54hg87dyqjky740000gn/T/.tmp7o7wQ0/tmp//unitig_data.txt --threads 10

Input dir: /var/folders/zg/vq0dnx517c54hg87dyqjky740000gn/T/.tmp7o7wQ0/tmp/
Minimizer length: 15
Kminmer length: 19
Density: 0.005

Loading unitig sequences

Creating mContigs

Contig filename: /var/folders/zg/vq0dnx517c54hg87dyqjky740000gn/T/.tmp7o7wQ0/tmp//unitig_data.txt
pass done: 19
Multi-k pass: 20/206


metaMDBG graph /var/folders/zg/vq0dnx517c54hg87dyqjky740000gn/T/.tmp7o7wQ0/tmp/ --threads 10 --corrected-read 

Contig filename: 
Output dir: /var/folders/zg/vq0dnx517c54hg87dyqjky740000gn/T/.tmp7o7wQ0/tmp/
Minimizer length: 15
Kminmer length: 20
Density: 0.005
Min abundance: 0

Loading refined abundances
	Duration: 0
Collecting kminmers
Building mdbg
Duration: 0
Nb solid kminmers: 28035
Nb small contigs written: 0
Dump kminmer abundances
	Duration: 0
Indexing edges
Edge index size: 27849
Edge index elements: 49600
	Duration: 0
Compute unitig nodes
	Duration: 0
Index unitig edges
	Duration: 0
Compute unitig edges
	Duration: 0
Dump unitig abundances
	Duration: 0
Nb edges:   0


metaMDBG contig  /var/folders/zg/vq0dnx517c54hg87dyqjky740000gn/T/.tmp7o7wQ0/tmp/ --threads 10

Input dir: /var/folders/zg/vq0dnx517c54hg87dyqjky740000gn/T/.tmp7o7wQ0/tmp/
Minimizer length: 15
Kminmer length: 20
Density: 0.005

Loading unitig graph
Load unitigs
Nb unitigs: 1673
Nb minimizers: 59822
Add unitig abundances
Sorting abundances
Add unitig edges
Nb unitig edges: 3734
Sorting unitig edges
Done loading unitig graph
Simplifying
Max abundance: 111
Nb unitigs: 1673
Superbubble
Nb superbubble removed: 252 0 (0s)
Tip
Nb Tip removed: 278 (0s)
Superbubble
Nb superbubble removed: 132 0 (0s)
Tip
Nb Tip removed: 0 (0s)
Nb errors removed: 384 (0s)
Superbubble
Nb superbubble removed: 0 0 (0s)
Tip
Nb Tip removed: 0 (0s)
Nb errors removed: 1 (0s)
Superbubble
Nb superbubble removed: 0 0 (0s)
Tip
Nb Tip removed: 0 (0s)
Nb errors removed: 33 (0s)
Superbubble
Nb superbubble removed: 0 0 (0s)
Tip
Nb Tip removed: 0 (0s)
Nb errors removed: 11 (0s)
Superbubble
Nb superbubble removed: 0 0 (0s)
Tip
Nb Tip removed: 0 (0s)
Nb errors removed: 3 (0s)
Superbubble
Nb superbubble removed: 0 0 (0s)
Tip
Nb Tip removed: 0 (0s)
Nb errors removed: 1 (0s)
Superbubble
Nb superbubble removed: 0 0 (0s)
Tip
Nb Tip removed: 0 (0s)
Nb errors removed: 2 (0s)
Superbubble
Nb superbubble removed: 0 0 (0s)
Tip
Nb Tip removed: 0 (0s)
Nb errors removed: 2 (0s)
Superbubble
Nb superbubble removed: 0 0 (0s)
Tip
Nb Tip removed: 0 (0s)
Nb errors removed: 1 (0s)
Superbubble
Nb superbubble removed: 0 0 (0s)
Tip
Nb Tip removed: 0 (0s)
Nb errors removed: 1 (0s)
Superbubble
Nb superbubble removed: 0 0 (0s)
Tip
Nb Tip removed: 0 (0s)
Nb errors removed: 3 (0s)
Superbubble
Nb superbubble removed: 0 0 (0s)
Tip
Nb Tip removed: 0 (0s)
Nb errors removed: 1 (0s)
Superbubble
Nb superbubble removed: 0 0 (0s)
Tip
Nb Tip removed: 0 (0s)
Nb errors removed: 1 (0s)
Superbubble
Nb superbubble removed: 0 0 (0s)
Tip
Nb Tip removed: 0 (0s)
Nb errors removed: 4 (0s)
Superbubble
Nb superbubble removed: 0 0 (0s)
Tip
Nb Tip removed: 0 (0s)
Nb errors removed: 1 (0s)
Superbubble
Nb superbubble removed: 0 0 (0s)
Tip
Nb Tip removed: 0 (0s)
Checksum: 0
Checksum abundnace: 0
Generating contigs
45.2593
41.1448
34.004
30.9127
28.1025
23.2252
11.9182
10.8347
9.84974
6.11591
5.05447
4.17725
3.13843
2.59374
2.14359
0


metaMDBG toMinspace  /var/folders/zg/vq0dnx517c54hg87dyqjky740000gn/T/.tmp7o7wQ0/tmp/ /var/folders/zg/vq0dnx517c54hg87dyqjky740000gn/T/.tmp7o7wQ0/tmp//contigs.nodepath /var/folders/zg/vq0dnx517c54hg87dyqjky740000gn/T/.tmp7o7wQ0/tmp//unitig_data.txt --threads 10

Input dir: /var/folders/zg/vq0dnx517c54hg87dyqjky740000gn/T/.tmp7o7wQ0/tmp/
Minimizer length: 15
Kminmer length: 20
Density: 0.005

Loading unitig sequences

Creating mContigs

Contig filename: /var/folders/zg/vq0dnx517c54hg87dyqjky740000gn/T/.tmp7o7wQ0/tmp//unitig_data.txt
pass done: 20
Multi-k pass: 21/206


metaMDBG graph /var/folders/zg/vq0dnx517c54hg87dyqjky740000gn/T/.tmp7o7wQ0/tmp/ --threads 10 --corrected-read 

Contig filename: 
Output dir: /var/folders/zg/vq0dnx517c54hg87dyqjky740000gn/T/.tmp7o7wQ0/tmp/
Minimizer length: 15
Kminmer length: 21
Density: 0.005
Min abundance: 0

Loading refined abundances
	Duration: 0
Collecting kminmers
Building mdbg
Duration: 0
Nb solid kminmers: 28210
Nb small contigs written: 0
Dump kminmer abundances
	Duration: 0
Indexing edges
Edge index size: 28026
Edge index elements: 49737
	Duration: 0
Compute unitig nodes
	Duration: 0
Index unitig edges
	Duration: 0
Compute unitig edges
	Duration: 0
Dump unitig abundances
	Duration: 0
Nb edges:   0


metaMDBG contig  /var/folders/zg/vq0dnx517c54hg87dyqjky740000gn/T/.tmp7o7wQ0/tmp/ --threads 10 --gen-graph 

Input dir: /var/folders/zg/vq0dnx517c54hg87dyqjky740000gn/T/.tmp7o7wQ0/tmp/
Minimizer length: 15
Kminmer length: 21
Density: 0.005

Loading unitig graph
Load unitigs
Nb unitigs: 1648
Nb minimizers: 61170
Add unitig abundances
Sorting abundances
Add unitig edges
Nb unitig edges: 3696
Sorting unitig edges
Done loading unitig graph
Simplifying
Max abundance: 111
Nb unitigs: 1648
Superbubble
Nb superbubble removed: 244 0 (0s)
Tip
Nb Tip removed: 280 (0s)
Superbubble
Nb superbubble removed: 132 0 (0s)
Tip
Nb Tip removed: 0 (0s)
Saving unitig graph: /var/folders/zg/vq0dnx517c54hg87dyqjky740000gn/T/.tmp7o7wQ0/tmp//assembly_graph.gfa
Nb errors removed: 382 (0s)
Superbubble
Nb superbubble removed: 0 0 (0s)
Tip
Nb Tip removed: 0 (0s)
Nb errors removed: 1 (0s)
Superbubble
Nb superbubble removed: 0 0 (0s)
Tip
Nb Tip removed: 0 (0s)
Nb errors removed: 33 (0s)
Superbubble
Nb superbubble removed: 0 0 (0s)
Tip
Nb Tip removed: 0 (0s)
Nb errors removed: 12 (0s)
Superbubble
Nb superbubble removed: 0 0 (0s)
Tip
Nb Tip removed: 0 (0s)
Nb errors removed: 3 (0s)
Superbubble
Nb superbubble removed: 0 0 (0s)
Tip
Nb Tip removed: 0 (0s)
Nb errors removed: 2 (0s)
Superbubble
Nb superbubble removed: 0 0 (0s)
Tip
Nb Tip removed: 0 (0s)
Nb errors removed: 1 (0s)
Superbubble
Nb superbubble removed: 0 0 (0s)
Tip
Nb Tip removed: 0 (0s)
Nb errors removed: 2 (0s)
Superbubble
Nb superbubble removed: 0 0 (0s)
Tip
Nb Tip removed: 0 (0s)
Nb errors removed: 2 (0s)
Superbubble
Nb superbubble removed: 0 0 (0s)
Tip
Nb Tip removed: 0 (0s)
Nb errors removed: 1 (0s)
Superbubble
Nb superbubble removed: 0 0 (0s)
Tip
Nb Tip removed: 0 (0s)
Nb errors removed: 1 (0s)
Superbubble
Nb superbubble removed: 0 0 (0s)
Tip
Nb Tip removed: 0 (0s)
Nb errors removed: 3 (0s)
Superbubble
Nb superbubble removed: 0 0 (0s)
Tip
Nb Tip removed: 0 (0s)
Nb errors removed: 1 (0s)
Superbubble
Nb superbubble removed: 0 0 (0s)
Tip
Nb Tip removed: 0 (0s)
Nb errors removed: 1 (0s)
Superbubble
Nb superbubble removed: 0 0 (0s)
Tip
Nb Tip removed: 0 (0s)
Nb errors removed: 4 (0s)
Superbubble
Nb superbubble removed: 0 0 (0s)
Tip
Nb Tip removed: 0 (0s)
Nb errors removed: 1 (0s)
Superbubble
Nb superbubble removed: 0 0 (0s)
Tip
Nb Tip removed: 0 (0s)
Checksum: 0
Checksum abundnace: 0
Generating contigs
45.2593
41.1448
34.004
30.9127
28.1025
23.2252
11.9182
10.8347
9.84974
8.14028
6.11591
5.05447
4.17725
3.13843
2.59374
2.14359
0


metaMDBG toMinspace  /var/folders/zg/vq0dnx517c54hg87dyqjky740000gn/T/.tmp7o7wQ0/tmp/ /var/folders/zg/vq0dnx517c54hg87dyqjky740000gn/T/.tmp7o7wQ0/tmp//contigs.nodepath /var/folders/zg/vq0dnx517c54hg87dyqjky740000gn/T/.tmp7o7wQ0/tmp//unitig_data.txt --threads 10

Input dir: /var/folders/zg/vq0dnx517c54hg87dyqjky740000gn/T/.tmp7o7wQ0/tmp/
Minimizer length: 15
Kminmer length: 21
Density: 0.005

Loading unitig sequences

Creating mContigs

Contig filename: /var/folders/zg/vq0dnx517c54hg87dyqjky740000gn/T/.tmp7o7wQ0/tmp//unitig_data.txt


metaMDBG toMinspace  /var/folders/zg/vq0dnx517c54hg87dyqjky740000gn/T/.tmp7o7wQ0/tmp/ /var/folders/zg/vq0dnx517c54hg87dyqjky740000gn/T/.tmp7o7wQ0/tmp//assembly_graph.gfa.unitigs.nodepath /var/folders/zg/vq0dnx517c54hg87dyqjky740000gn/T/.tmp7o7wQ0/tmp//assembly_graph.gfa.unitigs --threads 10

Input dir: /var/folders/zg/vq0dnx517c54hg87dyqjky740000gn/T/.tmp7o7wQ0/tmp/
Minimizer length: 15
Kminmer length: 21
Density: 0.005

Loading unitig sequences

Creating mContigs

Contig filename: /var/folders/zg/vq0dnx517c54hg87dyqjky740000gn/T/.tmp7o7wQ0/tmp//assembly_graph.gfa.unitigs
pass done: 21
Multi-k pass: 22/206


metaMDBG graph /var/folders/zg/vq0dnx517c54hg87dyqjky740000gn/T/.tmp7o7wQ0/tmp/ --threads 10 --corrected-read 

Contig filename: 
Output dir: /var/folders/zg/vq0dnx517c54hg87dyqjky740000gn/T/.tmp7o7wQ0/tmp/
Minimizer length: 15
Kminmer length: 22
Density: 0.005
Min abundance: 0

Loading refined abundances
	Duration: 0
Collecting kminmers
Building mdbg
Duration: 0
Nb solid kminmers: 28380
Nb small contigs written: 0
Dump kminmer abundances
	Duration: 0
Indexing edges
Edge index size: 28201
Edge index elements: 50137
	Duration: 0
Compute unitig nodes
	Duration: 0
Index unitig edges
	Duration: 0
Compute unitig edges
	Duration: 0
Dump unitig abundances
	Duration: 0
Nb edges:   0


metaMDBG contig  /var/folders/zg/vq0dnx517c54hg87dyqjky740000gn/T/.tmp7o7wQ0/tmp/ --threads 10

Input dir: /var/folders/zg/vq0dnx517c54hg87dyqjky740000gn/T/.tmp7o7wQ0/tmp/
Minimizer length: 15
Kminmer length: 22
Density: 0.005

Loading unitig graph
Load unitigs
Nb unitigs: 1626
Nb minimizers: 62526
Add unitig abundances
Sorting abundances
Add unitig edges
Nb unitig edges: 3640
Sorting unitig edges
Done loading unitig graph
Simplifying
Max abundance: 111
Nb unitigs: 1626
Superbubble
Nb superbubble removed: 232 0 (0s)
Tip
Nb Tip removed: 266 (0s)
Superbubble
Nb superbubble removed: 130 0 (0s)
Tip
Nb Tip removed: 0 (0s)
Nb errors removed: 371 (0s)
Superbubble
Nb superbubble removed: 0 0 (0s)
Tip
Nb Tip removed: 0 (0s)
Nb errors removed: 1 (0s)
Superbubble
Nb superbubble removed: 0 0 (0s)
Tip
Nb Tip removed: 0 (0s)
Nb errors removed: 33 (0s)
Superbubble
Nb superbubble removed: 0 0 (0s)
Tip
Nb Tip removed: 0 (0s)
Nb errors removed: 11 (0s)
Superbubble
Nb superbubble removed: 0 0 (0s)
Tip
Nb Tip removed: 0 (0s)
Nb errors removed: 3 (0s)
Superbubble
Nb superbubble removed: 0 0 (0s)
Tip
Nb Tip removed: 0 (0s)
Nb errors removed: 2 (0s)
Superbubble
Nb superbubble removed: 0 0 (0s)
Tip
Nb Tip removed: 0 (0s)
Nb errors removed: 1 (0s)
Superbubble
Nb superbubble removed: 0 0 (0s)
Tip
Nb Tip removed: 0 (0s)
Nb errors removed: 2 (0s)
Superbubble
Nb superbubble removed: 0 0 (0s)
Tip
Nb Tip removed: 0 (0s)
Nb errors removed: 2 (0s)
Superbubble
Nb superbubble removed: 0 0 (0s)
Tip
Nb Tip removed: 0 (0s)
Nb errors removed: 1 (0s)
Superbubble
Nb superbubble removed: 0 0 (0s)
Tip
Nb Tip removed: 0 (0s)
Nb errors removed: 1 (0s)
Superbubble
Nb superbubble removed: 0 0 (0s)
Tip
Nb Tip removed: 0 (0s)
Nb errors removed: 3 (0s)
Superbubble
Nb superbubble removed: 0 0 (0s)
Tip
Nb Tip removed: 0 (0s)
Nb errors removed: 1 (0s)
Superbubble
Nb superbubble removed: 0 0 (0s)
Tip
Nb Tip removed: 0 (0s)
Nb errors removed: 1 (0s)
Superbubble
Nb superbubble removed: 0 0 (0s)
Tip
Nb Tip removed: 0 (0s)
Nb errors removed: 4 (0s)
Superbubble
Nb superbubble removed: 0 0 (0s)
Tip
Nb Tip removed: 0 (0s)
Nb errors removed: 1 (0s)
Superbubble
Nb superbubble removed: 0 0 (0s)
Tip
Nb Tip removed: 0 (0s)
Checksum: 0
Checksum abundnace: 0
Generating contigs
45.2593
41.1448
34.004
30.9127
28.1025
23.2252
11.9182
10.8347
9.84974
8.14028
6.11591
5.05447
4.17725
3.13843
2.59374
2.14359
0


metaMDBG toMinspace  /var/folders/zg/vq0dnx517c54hg87dyqjky740000gn/T/.tmp7o7wQ0/tmp/ /var/folders/zg/vq0dnx517c54hg87dyqjky740000gn/T/.tmp7o7wQ0/tmp//contigs.nodepath /var/folders/zg/vq0dnx517c54hg87dyqjky740000gn/T/.tmp7o7wQ0/tmp//unitig_data.txt --threads 10

Input dir: /var/folders/zg/vq0dnx517c54hg87dyqjky740000gn/T/.tmp7o7wQ0/tmp/
Minimizer length: 15
Kminmer length: 22
Density: 0.005

Loading unitig sequences

Creating mContigs

Contig filename: /var/folders/zg/vq0dnx517c54hg87dyqjky740000gn/T/.tmp7o7wQ0/tmp//unitig_data.txt
pass done: 22
Multi-k pass: 23/206


metaMDBG graph /var/folders/zg/vq0dnx517c54hg87dyqjky740000gn/T/.tmp7o7wQ0/tmp/ --threads 10 --corrected-read 

Contig filename: 
Output dir: /var/folders/zg/vq0dnx517c54hg87dyqjky740000gn/T/.tmp7o7wQ0/tmp/
Minimizer length: 15
Kminmer length: 23
Density: 0.005
Min abundance: 0

Loading refined abundances
	Duration: 0
Collecting kminmers
Building mdbg
Duration: 0
Nb solid kminmers: 28541
Nb small contigs written: 0
Dump kminmer abundances
	Duration: 0
Indexing edges
Edge index size: 28361
Edge index elements: 50184
	Duration: 0
Compute unitig nodes
	Duration: 0
Index unitig edges
	Duration: 0
Compute unitig edges
	Duration: 0
Dump unitig abundances
	Duration: 0
Nb edges:   0


metaMDBG contig  /var/folders/zg/vq0dnx517c54hg87dyqjky740000gn/T/.tmp7o7wQ0/tmp/ --threads 10

Input dir: /var/folders/zg/vq0dnx517c54hg87dyqjky740000gn/T/.tmp7o7wQ0/tmp/
Minimizer length: 15
Kminmer length: 23
Density: 0.005

Loading unitig graph
Load unitigs
Nb unitigs: 1589
Nb minimizers: 63499
Add unitig abundances
Sorting abundances
Add unitig edges
Nb unitig edges: 3582
Sorting unitig edges
Done loading unitig graph
Simplifying
Max abundance: 111
Nb unitigs: 1589
Superbubble
Nb superbubble removed: 214 0 (0s)
Tip
Nb Tip removed: 268 (0s)
Superbubble
Nb superbubble removed: 140 0 (0s)
Tip
Nb Tip removed: 0 (0s)
Nb errors removed: 361 (0s)
Superbubble
Nb superbubble removed: 0 0 (0s)
Tip
Nb Tip removed: 0 (0s)
Nb errors removed: 1 (0s)
Superbubble
Nb superbubble removed: 0 0 (0s)
Tip
Nb Tip removed: 0 (0s)
Nb errors removed: 34 (0s)
Superbubble
Nb superbubble removed: 2 0 (0s)
Tip
Nb Tip removed: 0 (0s)
Nb errors removed: 11 (0s)
Superbubble
Nb superbubble removed: 0 0 (0s)
Tip
Nb Tip removed: 0 (0s)
Nb errors removed: 3 (0s)
Superbubble
Nb superbubble removed: 0 0 (0s)
Tip
Nb Tip removed: 0 (0s)
Nb errors removed: 2 (0s)
Superbubble
Nb superbubble removed: 0 0 (0s)
Tip
Nb Tip removed: 0 (0s)
Nb errors removed: 1 (0s)
Superbubble
Nb superbubble removed: 0 0 (0s)
Tip
Nb Tip removed: 0 (0s)
Nb errors removed: 2 (0s)
Superbubble
Nb superbubble removed: 0 0 (0s)
Tip
Nb Tip removed: 0 (0s)
Nb errors removed: 2 (0s)
Superbubble
Nb superbubble removed: 0 0 (0s)
Tip
Nb Tip removed: 0 (0s)
Nb errors removed: 1 (0s)
Superbubble
Nb superbubble removed: 0 0 (0s)
Tip
Nb Tip removed: 0 (0s)
Nb errors removed: 1 (0s)
Superbubble
Nb superbubble removed: 0 0 (0s)
Tip
Nb Tip removed: 0 (0s)
Nb errors removed: 3 (0s)
Superbubble
Nb superbubble removed: 0 0 (0s)
Tip
Nb Tip removed: 0 (0s)
Nb errors removed: 1 (0s)
Superbubble
Nb superbubble removed: 0 0 (0s)
Tip
Nb Tip removed: 0 (0s)
Nb errors removed: 1 (0s)
Superbubble
Nb superbubble removed: 0 0 (0s)
Tip
Nb Tip removed: 0 (0s)
Nb errors removed: 2 (0s)
Superbubble
Nb superbubble removed: 0 0 (0s)
Tip
Nb Tip removed: 0 (0s)
Nb errors removed: 2 (0s)
Superbubble
Nb superbubble removed: 0 0 (0s)
Tip
Nb Tip removed: 0 (0s)
Checksum: 0
Checksum abundnace: 0
Generating contigs
45.2593
41.1448
34.004
30.9127
28.1025
23.2252
11.9182
10.8347
9.84974
8.14028
6.11591
5.05447
4.17725
3.13843
2.59374
2.14359
0


metaMDBG toMinspace  /var/folders/zg/vq0dnx517c54hg87dyqjky740000gn/T/.tmp7o7wQ0/tmp/ /var/folders/zg/vq0dnx517c54hg87dyqjky740000gn/T/.tmp7o7wQ0/tmp//contigs.nodepath /var/folders/zg/vq0dnx517c54hg87dyqjky740000gn/T/.tmp7o7wQ0/tmp//unitig_data.txt --threads 10

Input dir: /var/folders/zg/vq0dnx517c54hg87dyqjky740000gn/T/.tmp7o7wQ0/tmp/
Minimizer length: 15
Kminmer length: 23
Density: 0.005

Loading unitig sequences

Creating mContigs

Contig filename: /var/folders/zg/vq0dnx517c54hg87dyqjky740000gn/T/.tmp7o7wQ0/tmp//unitig_data.txt
pass done: 23
Multi-k pass: 24/206


metaMDBG graph /var/folders/zg/vq0dnx517c54hg87dyqjky740000gn/T/.tmp7o7wQ0/tmp/ --threads 10 --corrected-read 

Contig filename: 
Output dir: /var/folders/zg/vq0dnx517c54hg87dyqjky740000gn/T/.tmp7o7wQ0/tmp/
Minimizer length: 15
Kminmer length: 24
Density: 0.005
Min abundance: 0

Loading refined abundances
	Duration: 0
Collecting kminmers
Building mdbg
Duration: 0
Nb solid kminmers: 28701
Nb small contigs written: 0
Dump kminmer abundances
	Duration: 0
Indexing edges
Edge index size: 28524
Edge index elements: 50447
	Duration: 0
Compute unitig nodes
	Duration: 0
Index unitig edges
	Duration: 0
Compute unitig edges
	Duration: 0
Dump unitig abundances
	Duration: 0
Nb edges:   0


metaMDBG contig  /var/folders/zg/vq0dnx517c54hg87dyqjky740000gn/T/.tmp7o7wQ0/tmp/ --threads 10

Input dir: /var/folders/zg/vq0dnx517c54hg87dyqjky740000gn/T/.tmp7o7wQ0/tmp/
Minimizer length: 15
Kminmer length: 24
Density: 0.005

Loading unitig graph
Load unitigs
Nb unitigs: 1560
Nb minimizers: 64581
Add unitig abundances
Sorting abundances
Add unitig edges
Nb unitig edges: 3504
Sorting unitig edges
Done loading unitig graph
Simplifying
Max abundance: 111
Nb unitigs: 1560
Superbubble
Nb superbubble removed: 206 0 (0s)
Tip
Nb Tip removed: 262 (0s)
Superbubble
Nb superbubble removed: 142 0 (0s)
Tip
Nb Tip removed: 0 (0s)
Nb errors removed: 348 (0s)
Superbubble
Nb superbubble removed: 0 0 (0s)
Tip
Nb Tip removed: 0 (0s)
Nb errors removed: 1 (0s)
Superbubble
Nb superbubble removed: 0 0 (0s)
Tip
Nb Tip removed: 0 (0s)
Nb errors removed: 36 (0s)
Superbubble
Nb superbubble removed: 2 0 (0s)
Tip
Nb Tip removed: 0 (0s)
Nb errors removed: 10 (0s)
Superbubble
Nb superbubble removed: 0 0 (0s)
Tip
Nb Tip removed: 0 (0s)
Nb errors removed: 3 (0s)
Superbubble
Nb superbubble removed: 0 0 (0s)
Tip
Nb Tip removed: 0 (0s)
Nb errors removed: 3 (0s)
Superbubble
Nb superbubble removed: 0 0 (0s)
Tip
Nb Tip removed: 0 (0s)
Nb errors removed: 1 (0s)
Superbubble
Nb superbubble removed: 0 0 (0s)
Tip
Nb Tip removed: 0 (0s)
Nb errors removed: 2 (0s)
Superbubble
Nb superbubble removed: 0 0 (0s)
Tip
Nb Tip removed: 0 (0s)
Nb errors removed: 2 (0s)
Superbubble
Nb superbubble removed: 0 0 (0s)
Tip
Nb Tip removed: 0 (0s)
Nb errors removed: 1 (0s)
Superbubble
Nb superbubble removed: 0 0 (0s)
Tip
Nb Tip removed: 0 (0s)
Nb errors removed: 1 (0s)
Superbubble
Nb superbubble removed: 0 0 (0s)
Tip
Nb Tip removed: 0 (0s)
Nb errors removed: 1 (0s)
Superbubble
Nb superbubble removed: 0 0 (0s)
Tip
Nb Tip removed: 0 (0s)
Nb errors removed: 3 (0s)
Superbubble
Nb superbubble removed: 0 0 (0s)
Tip
Nb Tip removed: 0 (0s)
Nb errors removed: 1 (0s)
Superbubble
Nb superbubble removed: 0 0 (0s)
Tip
Nb Tip removed: 0 (0s)
Nb errors removed: 1 (0s)
Superbubble
Nb superbubble removed: 0 0 (0s)
Tip
Nb Tip removed: 0 (0s)
Nb errors removed: 2 (0s)
Superbubble
Nb superbubble removed: 0 0 (0s)
Tip
Nb Tip removed: 0 (0s)
Nb errors removed: 2 (0s)
Superbubble
Nb superbubble removed: 0 0 (0s)
Tip
Nb Tip removed: 0 (0s)
Checksum: 0
Checksum abundnace: 0
Generating contigs
45.2593
41.1448
34.004
30.9127
28.1025
23.2252
15.8631
11.9182
10.8347
9.84974
8.14028
6.11591
5.05447
4.17725
3.13843
2.59374
2.14359
0


metaMDBG toMinspace  /var/folders/zg/vq0dnx517c54hg87dyqjky740000gn/T/.tmp7o7wQ0/tmp/ /var/folders/zg/vq0dnx517c54hg87dyqjky740000gn/T/.tmp7o7wQ0/tmp//contigs.nodepath /var/folders/zg/vq0dnx517c54hg87dyqjky740000gn/T/.tmp7o7wQ0/tmp//unitig_data.txt --threads 10

Input dir: /var/folders/zg/vq0dnx517c54hg87dyqjky740000gn/T/.tmp7o7wQ0/tmp/
Minimizer length: 15
Kminmer length: 24
Density: 0.005

Loading unitig sequences

Creating mContigs

Contig filename: /var/folders/zg/vq0dnx517c54hg87dyqjky740000gn/T/.tmp7o7wQ0/tmp//unitig_data.txt
pass done: 24
Multi-k pass: 25/206


metaMDBG graph /var/folders/zg/vq0dnx517c54hg87dyqjky740000gn/T/.tmp7o7wQ0/tmp/ --threads 10 --corrected-read 

Contig filename: 
Output dir: /var/folders/zg/vq0dnx517c54hg87dyqjky740000gn/T/.tmp7o7wQ0/tmp/
Minimizer length: 15
Kminmer length: 25
Density: 0.005
Min abundance: 0

Loading refined abundances
	Duration: 0
Collecting kminmers
Building mdbg
Duration: 0
Nb solid kminmers: 28866
Nb small contigs written: 0
Dump kminmer abundances
	Duration: 0
Indexing edges
Edge index size: 28693
Edge index elements: 50697
	Duration: 0
Compute unitig nodes
	Duration: 0
Index unitig edges
	Duration: 0
Compute unitig edges
	Duration: 0
Dump unitig abundances
	Duration: 0
Nb edges:   0


metaMDBG contig  /var/folders/zg/vq0dnx517c54hg87dyqjky740000gn/T/.tmp7o7wQ0/tmp/ --threads 10

Input dir: /var/folders/zg/vq0dnx517c54hg87dyqjky740000gn/T/.tmp7o7wQ0/tmp/
Minimizer length: 15
Kminmer length: 25
Density: 0.005

Loading unitig graph
Load unitigs
Nb unitigs: 1551
Nb minimizers: 66090
Add unitig abundances
Sorting abundances
Add unitig edges
Nb unitig edges: 3462
Sorting unitig edges
Done loading unitig graph
Simplifying
Max abundance: 111
Nb unitigs: 1551
Superbubble
Nb superbubble removed: 202 0 (0s)
Tip
Nb Tip removed: 265 (0s)
Superbubble
Nb superbubble removed: 140 0 (0s)
Tip
Nb Tip removed: 0 (0s)
Nb errors removed: 343 (0s)
Superbubble
Nb superbubble removed: 0 0 (0s)
Tip
Nb Tip removed: 0 (0s)
Nb errors removed: 1 (0s)
Superbubble
Nb superbubble removed: 0 0 (0s)
Tip
Nb Tip removed: 0 (0s)
Nb errors removed: 40 (0s)
Superbubble
Nb superbubble removed: 2 0 (0s)
Tip
Nb Tip removed: 0 (0s)
Nb errors removed: 11 (0s)
Superbubble
Nb superbubble removed: 0 0 (0s)
Tip
Nb Tip removed: 0 (0s)
Nb errors removed: 4 (0s)
Superbubble
Nb superbubble removed: 0 0 (0s)
Tip
Nb Tip removed: 0 (0s)
Nb errors removed: 3 (0s)
Superbubble
Nb superbubble removed: 0 0 (0s)
Tip
Nb Tip removed: 0 (0s)
Nb errors removed: 1 (0s)
Superbubble
Nb superbubble removed: 0 0 (0s)
Tip
Nb Tip removed: 0 (0s)
Nb errors removed: 2 (0s)
Superbubble
Nb superbubble removed: 0 0 (0s)
Tip
Nb Tip removed: 0 (0s)
Nb errors removed: 2 (0s)
Superbubble
Nb superbubble removed: 0 0 (0s)
Tip
Nb Tip removed: 0 (0s)
Nb errors removed: 1 (0s)
Superbubble
Nb superbubble removed: 0 0 (0s)
Tip
Nb Tip removed: 0 (0s)
Nb errors removed: 1 (0s)
Superbubble
Nb superbubble removed: 0 0 (0s)
Tip
Nb Tip removed: 0 (0s)
Nb errors removed: 1 (0s)
Superbubble
Nb superbubble removed: 0 0 (0s)
Tip
Nb Tip removed: 0 (0s)
Nb errors removed: 3 (0s)
Superbubble
Nb superbubble removed: 0 0 (0s)
Tip
Nb Tip removed: 0 (0s)
Nb errors removed: 1 (0s)
Superbubble
Nb superbubble removed: 0 0 (0s)
Tip
Nb Tip removed: 0 (0s)
Nb errors removed: 1 (0s)
Superbubble
Nb superbubble removed: 0 0 (0s)
Tip
Nb Tip removed: 0 (0s)
Nb errors removed: 2 (0s)
Superbubble
Nb superbubble removed: 0 0 (0s)
Tip
Nb Tip removed: 0 (0s)
Nb errors removed: 2 (0s)
Superbubble
Nb superbubble removed: 0 0 (0s)
Tip
Nb Tip removed: 0 (0s)
Checksum: 0
Checksum abundnace: 0
Generating contigs
45.2593
41.1448
34.004
30.9127
28.1025
23.2252
15.8631
11.9182
10.8347
9.84974
8.14028
6.11591
5.05447
4.17725
3.13843
2.59374
2.14359
0


metaMDBG toMinspace  /var/folders/zg/vq0dnx517c54hg87dyqjky740000gn/T/.tmp7o7wQ0/tmp/ /var/folders/zg/vq0dnx517c54hg87dyqjky740000gn/T/.tmp7o7wQ0/tmp//contigs.nodepath /var/folders/zg/vq0dnx517c54hg87dyqjky740000gn/T/.tmp7o7wQ0/tmp//unitig_data.txt --threads 10

Input dir: /var/folders/zg/vq0dnx517c54hg87dyqjky740000gn/T/.tmp7o7wQ0/tmp/
Minimizer length: 15
Kminmer length: 25
Density: 0.005

Loading unitig sequences

Creating mContigs

Contig filename: /var/folders/zg/vq0dnx517c54hg87dyqjky740000gn/T/.tmp7o7wQ0/tmp//unitig_data.txt
pass done: 25
Multi-k pass: 26/206


metaMDBG graph /var/folders/zg/vq0dnx517c54hg87dyqjky740000gn/T/.tmp7o7wQ0/tmp/ --threads 10 --corrected-read 

Contig filename: 
Output dir: /var/folders/zg/vq0dnx517c54hg87dyqjky740000gn/T/.tmp7o7wQ0/tmp/
Minimizer length: 15
Kminmer length: 26
Density: 0.005
Min abundance: 0

Loading refined abundances
	Duration: 0
Collecting kminmers
Building mdbg
Duration: 0
Nb solid kminmers: 29032
Nb small contigs written: 0
Dump kminmer abundances
	Duration: 0
Indexing edges
Edge index size: 28862
Edge index elements: 51051
	Duration: 0
Compute unitig nodes
	Duration: 0
Index unitig edges
	Duration: 0
Compute unitig edges
	Duration: 0
Dump unitig abundances
	Duration: 0
Nb edges:   0


metaMDBG contig  /var/folders/zg/vq0dnx517c54hg87dyqjky740000gn/T/.tmp7o7wQ0/tmp/ --threads 10

Input dir: /var/folders/zg/vq0dnx517c54hg87dyqjky740000gn/T/.tmp7o7wQ0/tmp/
Minimizer length: 15
Kminmer length: 26
Density: 0.005

Loading unitig graph
Load unitigs
Nb unitigs: 1533
Nb minimizers: 67357
Add unitig abundances
Sorting abundances
Add unitig edges
Nb unitig edges: 3438
Sorting unitig edges
Done loading unitig graph
Simplifying
Max abundance: 111
Nb unitigs: 1533
Superbubble
Nb superbubble removed: 184 0 (0s)
Tip
Nb Tip removed: 263 (0s)
Superbubble
Nb superbubble removed: 148 0 (0s)
Tip
Nb Tip removed: 0 (0s)
Nb errors removed: 336 (0s)
Superbubble
Nb superbubble removed: 0 0 (0s)
Tip
Nb Tip removed: 0 (0s)
Nb errors removed: 1 (0s)
Superbubble
Nb superbubble removed: 0 0 (0s)
Tip
Nb Tip removed: 0 (0s)
Nb errors removed: 42 (0s)
Superbubble
Nb superbubble removed: 2 0 (0s)
Tip
Nb Tip removed: 0 (0s)
Nb errors removed: 11 (0s)
Superbubble
Nb superbubble removed: 0 0 (0s)
Tip
Nb Tip removed: 0 (0s)
Nb errors removed: 6 (0s)
Superbubble
Nb superbubble removed: 0 0 (0s)
Tip
Nb Tip removed: 0 (0s)
Nb errors removed: 3 (0s)
Superbubble
Nb superbubble removed: 0 0 (0s)
Tip
Nb Tip removed: 0 (0s)
Nb errors removed: 1 (0s)
Superbubble
Nb superbubble removed: 0 0 (0s)
Tip
Nb Tip removed: 0 (0s)
Nb errors removed: 2 (0s)
Superbubble
Nb superbubble removed: 0 0 (0s)
Tip
Nb Tip removed: 0 (0s)
Nb errors removed: 2 (0s)
Superbubble
Nb superbubble removed: 0 0 (0s)
Tip
Nb Tip removed: 0 (0s)
Nb errors removed: 1 (0s)
Superbubble
Nb superbubble removed: 0 0 (0s)
Tip
Nb Tip removed: 0 (0s)
Nb errors removed: 1 (0s)
Superbubble
Nb superbubble removed: 0 0 (0s)
Tip
Nb Tip removed: 0 (0s)
Nb errors removed: 1 (0s)
Superbubble
Nb superbubble removed: 0 0 (0s)
Tip
Nb Tip removed: 0 (0s)
Nb errors removed: 2 (0s)
Superbubble
Nb superbubble removed: 0 0 (0s)
Tip
Nb Tip removed: 0 (0s)
Nb errors removed: 1 (0s)
Superbubble
Nb superbubble removed: 0 0 (0s)
Tip
Nb Tip removed: 0 (0s)
Nb errors removed: 1 (0s)
Superbubble
Nb superbubble removed: 0 0 (0s)
Tip
Nb Tip removed: 0 (0s)
Nb errors removed: 2 (0s)
Superbubble
Nb superbubble removed: 0 0 (0s)
Tip
Nb Tip removed: 0 (0s)
Nb errors removed: 2 (0s)
Superbubble
Nb superbubble removed: 0 0 (0s)
Tip
Nb Tip removed: 0 (0s)
Checksum: 0
Checksum abundnace: 0
Generating contigs
45.2593
41.1448
34.004
30.9127
28.1025
23.2252
15.8631
11.9182
10.8347
9.84974
8.14028
6.11591
5.05447
4.17725
3.13843
2.59374
2.14359
0


metaMDBG toMinspace  /var/folders/zg/vq0dnx517c54hg87dyqjky740000gn/T/.tmp7o7wQ0/tmp/ /var/folders/zg/vq0dnx517c54hg87dyqjky740000gn/T/.tmp7o7wQ0/tmp//contigs.nodepath /var/folders/zg/vq0dnx517c54hg87dyqjky740000gn/T/.tmp7o7wQ0/tmp//unitig_data.txt --threads 10

Input dir: /var/folders/zg/vq0dnx517c54hg87dyqjky740000gn/T/.tmp7o7wQ0/tmp/
Minimizer length: 15
Kminmer length: 26
Density: 0.005

Loading unitig sequences

Creating mContigs

Contig filename: /var/folders/zg/vq0dnx517c54hg87dyqjky740000gn/T/.tmp7o7wQ0/tmp//unitig_data.txt
pass done: 26
Multi-k pass: 27/206


metaMDBG graph /var/folders/zg/vq0dnx517c54hg87dyqjky740000gn/T/.tmp7o7wQ0/tmp/ --threads 10 --corrected-read 

Contig filename: 
Output dir: /var/folders/zg/vq0dnx517c54hg87dyqjky740000gn/T/.tmp7o7wQ0/tmp/
Minimizer length: 15
Kminmer length: 27
Density: 0.005
Min abundance: 0

Loading refined abundances
	Duration: 0
Collecting kminmers
Building mdbg
Duration: 0
Nb solid kminmers: 29185
Nb small contigs written: 0
Dump kminmer abundances
	Duration: 0
Indexing edges
Edge index size: 29018
Edge index elements: 51301
	Duration: 0
Compute unitig nodes
	Duration: 0
Index unitig edges
	Duration: 0
Compute unitig edges
	Duration: 0
Dump unitig abundances
	Duration: 0
Nb edges:   0


metaMDBG contig  /var/folders/zg/vq0dnx517c54hg87dyqjky740000gn/T/.tmp7o7wQ0/tmp/ --threads 10

Input dir: /var/folders/zg/vq0dnx517c54hg87dyqjky740000gn/T/.tmp7o7wQ0/tmp/
Minimizer length: 15
Kminmer length: 27
Density: 0.005

Loading unitig graph
Load unitigs
Nb unitigs: 1514
Nb minimizers: 68549
Add unitig abundances
Sorting abundances
Add unitig edges
Nb unitig edges: 3370
Sorting unitig edges
Done loading unitig graph
Simplifying
Max abundance: 111
Nb unitigs: 1514
Superbubble
Nb superbubble removed: 176 0 (0s)
Tip
Nb Tip removed: 260 (0s)
Superbubble
Nb superbubble removed: 146 0 (0s)
Tip
Nb Tip removed: 0 (0s)
Nb errors removed: 325 (0s)
Superbubble
Nb superbubble removed: 0 0 (0s)
Tip
Nb Tip removed: 0 (0s)
Nb errors removed: 1 (0s)
Superbubble
Nb superbubble removed: 0 0 (0s)
Tip
Nb Tip removed: 0 (0s)
Nb errors removed: 42 (0s)
Superbubble
Nb superbubble removed: 2 0 (0s)
Tip
Nb Tip removed: 0 (0s)
Nb errors removed: 12 (0s)
Superbubble
Nb superbubble removed: 0 0 (0s)
Tip
Nb Tip removed: 0 (0s)
Nb errors removed: 6 (0s)
Superbubble
Nb superbubble removed: 0 0 (0s)
Tip
Nb Tip removed: 0 (0s)
Nb errors removed: 3 (0s)
Superbubble
Nb superbubble removed: 0 0 (0s)
Tip
Nb Tip removed: 0 (0s)
Nb errors removed: 3 (0s)
Superbubble
Nb superbubble removed: 0 0 (0s)
Tip
Nb Tip removed: 0 (0s)
Nb errors removed: 2 (0s)
Superbubble
Nb superbubble removed: 0 0 (0s)
Tip
Nb Tip removed: 0 (0s)
Nb errors removed: 2 (0s)
Superbubble
Nb superbubble removed: 0 0 (0s)
Tip
Nb Tip removed: 0 (0s)
Nb errors removed: 1 (0s)
Superbubble
Nb superbubble removed: 0 0 (0s)
Tip
Nb Tip removed: 0 (0s)
Nb errors removed: 1 (0s)
Superbubble
Nb superbubble removed: 0 0 (0s)
Tip
Nb Tip removed: 0 (0s)
Nb errors removed: 1 (0s)
Superbubble
Nb superbubble removed: 0 0 (0s)
Tip
Nb Tip removed: 0 (0s)
Nb errors removed: 2 (0s)
Superbubble
Nb superbubble removed: 0 0 (0s)
Tip
Nb Tip removed: 0 (0s)
Nb errors removed: 1 (0s)
Superbubble
Nb superbubble removed: 0 0 (0s)
Tip
Nb Tip removed: 0 (0s)
Nb errors removed: 1 (0s)
Superbubble
Nb superbubble removed: 0 0 (0s)
Tip
Nb Tip removed: 0 (0s)
Nb errors removed: 2 (0s)
Superbubble
Nb superbubble removed: 0 0 (0s)
Tip
Nb Tip removed: 0 (0s)
Nb errors removed: 2 (0s)
Superbubble
Nb superbubble removed: 0 0 (0s)
Tip
Nb Tip removed: 0 (0s)
Checksum: 0
Checksum abundnace: 0
Generating contigs
45.2593
41.1448
34.004
30.9127
28.1025
23.2252
15.8631
11.9182
10.8347
9.84974
8.14028
6.11591
5.05447
4.17725
3.13843
2.59374
2.14359
0


metaMDBG toMinspace  /var/folders/zg/vq0dnx517c54hg87dyqjky740000gn/T/.tmp7o7wQ0/tmp/ /var/folders/zg/vq0dnx517c54hg87dyqjky740000gn/T/.tmp7o7wQ0/tmp//contigs.nodepath /var/folders/zg/vq0dnx517c54hg87dyqjky740000gn/T/.tmp7o7wQ0/tmp//unitig_data.txt --threads 10

Input dir: /var/folders/zg/vq0dnx517c54hg87dyqjky740000gn/T/.tmp7o7wQ0/tmp/
Minimizer length: 15
Kminmer length: 27
Density: 0.005

Loading unitig sequences

Creating mContigs

Contig filename: /var/folders/zg/vq0dnx517c54hg87dyqjky740000gn/T/.tmp7o7wQ0/tmp//unitig_data.txt
pass done: 27
Multi-k pass: 28/206


metaMDBG graph /var/folders/zg/vq0dnx517c54hg87dyqjky740000gn/T/.tmp7o7wQ0/tmp/ --threads 10 --corrected-read 

Contig filename: 
Output dir: /var/folders/zg/vq0dnx517c54hg87dyqjky740000gn/T/.tmp7o7wQ0/tmp/
Minimizer length: 15
Kminmer length: 28
Density: 0.005
Min abundance: 0

Loading refined abundances
	Duration: 0
Collecting kminmers
Building mdbg
Duration: 0
Nb solid kminmers: 29338
Nb small contigs written: 0
Dump kminmer abundances
	Duration: 0
Indexing edges
Edge index size: 29171
Edge index elements: 51705
	Duration: 0
Compute unitig nodes
	Duration: 0
Index unitig edges
	Duration: 0
Compute unitig edges
	Duration: 0
Dump unitig abundances
	Duration: 0
Nb edges:   0


metaMDBG contig  /var/folders/zg/vq0dnx517c54hg87dyqjky740000gn/T/.tmp7o7wQ0/tmp/ --threads 10

Input dir: /var/folders/zg/vq0dnx517c54hg87dyqjky740000gn/T/.tmp7o7wQ0/tmp/
Minimizer length: 15
Kminmer length: 28
Density: 0.005

Loading unitig graph
Load unitigs
Nb unitigs: 1482
Nb minimizers: 69352
Add unitig abundances
Sorting abundances
Add unitig edges
Nb unitig edges: 3322
Sorting unitig edges
Done loading unitig graph
Simplifying
Max abundance: 111
Nb unitigs: 1482
Superbubble
Nb superbubble removed: 170 0 (0s)
Tip
Nb Tip removed: 255 (0s)
Superbubble
Nb superbubble removed: 144 0 (0s)
Tip
Nb Tip removed: 0 (0s)
Nb errors removed: 316 (0s)
Superbubble
Nb superbubble removed: 0 0 (0s)
Tip
Nb Tip removed: 0 (0s)
Nb errors removed: 1 (0s)
Superbubble
Nb superbubble removed: 0 0 (0s)
Tip
Nb Tip removed: 0 (0s)
Nb errors removed: 43 (0s)
Superbubble
Nb superbubble removed: 2 0 (0s)
Tip
Nb Tip removed: 0 (0s)
Nb errors removed: 11 (0s)
Superbubble
Nb superbubble removed: 0 0 (0s)
Tip
Nb Tip removed: 0 (0s)
Nb errors removed: 6 (0s)
Superbubble
Nb superbubble removed: 0 0 (0s)
Tip
Nb Tip removed: 0 (0s)
Nb errors removed: 3 (0s)
Superbubble
Nb superbubble removed: 0 0 (0s)
Tip
Nb Tip removed: 0 (0s)
Nb errors removed: 3 (0s)
Superbubble
Nb superbubble removed: 0 0 (0s)
Tip
Nb Tip removed: 0 (0s)
Nb errors removed: 2 (0s)
Superbubble
Nb superbubble removed: 0 0 (0s)
Tip
Nb Tip removed: 0 (0s)
Nb errors removed: 2 (0s)
Superbubble
Nb superbubble removed: 0 0 (0s)
Tip
Nb Tip removed: 0 (0s)
Nb errors removed: 1 (0s)
Superbubble
Nb superbubble removed: 0 0 (0s)
Tip
Nb Tip removed: 0 (0s)
Nb errors removed: 1 (0s)
Superbubble
Nb superbubble removed: 0 0 (0s)
Tip
Nb Tip removed: 0 (0s)
Nb errors removed: 1 (0s)
Superbubble
Nb superbubble removed: 0 0 (0s)
Tip
Nb Tip removed: 0 (0s)
Nb errors removed: 2 (0s)
Superbubble
Nb superbubble removed: 0 0 (0s)
Tip
Nb Tip removed: 0 (0s)
Nb errors removed: 1 (0s)
Superbubble
Nb superbubble removed: 0 0 (0s)
Tip
Nb Tip removed: 0 (0s)
Nb errors removed: 1 (0s)
Superbubble
Nb superbubble removed: 0 0 (0s)
Tip
Nb Tip removed: 0 (0s)
Nb errors removed: 2 (0s)
Superbubble
Nb superbubble removed: 0 0 (0s)
Tip
Nb Tip removed: 0 (0s)
Nb errors removed: 2 (0s)
Superbubble
Nb superbubble removed: 0 0 (0s)
Tip
Nb Tip removed: 0 (0s)
Checksum: 0
Checksum abundnace: 0
Generating contigs
45.2593
41.1448
34.004
30.9127
28.1025
23.2252
15.8631
11.9182
10.8347
9.84974
8.14028
6.11591
5.05447
4.17725
3.13843
2.59374
2.14359
0


metaMDBG toMinspace  /var/folders/zg/vq0dnx517c54hg87dyqjky740000gn/T/.tmp7o7wQ0/tmp/ /var/folders/zg/vq0dnx517c54hg87dyqjky740000gn/T/.tmp7o7wQ0/tmp//contigs.nodepath /var/folders/zg/vq0dnx517c54hg87dyqjky740000gn/T/.tmp7o7wQ0/tmp//unitig_data.txt --threads 10

Input dir: /var/folders/zg/vq0dnx517c54hg87dyqjky740000gn/T/.tmp7o7wQ0/tmp/
Minimizer length: 15
Kminmer length: 28
Density: 0.005

Loading unitig sequences

Creating mContigs

Contig filename: /var/folders/zg/vq0dnx517c54hg87dyqjky740000gn/T/.tmp7o7wQ0/tmp//unitig_data.txt
pass done: 28
Multi-k pass: 29/206


metaMDBG graph /var/folders/zg/vq0dnx517c54hg87dyqjky740000gn/T/.tmp7o7wQ0/tmp/ --threads 10 --corrected-read 

Contig filename: 
Output dir: /var/folders/zg/vq0dnx517c54hg87dyqjky740000gn/T/.tmp7o7wQ0/tmp/
Minimizer length: 15
Kminmer length: 29
Density: 0.005
Min abundance: 0

Loading refined abundances
	Duration: 0
Collecting kminmers
Building mdbg
Duration: 0
Nb solid kminmers: 29489
Nb small contigs written: 0
Dump kminmer abundances
	Duration: 0
Indexing edges
Edge index size: 29327
Edge index elements: 52019
	Duration: 0
Compute unitig nodes
	Duration: 0
Index unitig edges
	Duration: 0
Compute unitig edges
	Duration: 0
Dump unitig abundances
	Duration: 0
Nb edges:   0


metaMDBG contig  /var/folders/zg/vq0dnx517c54hg87dyqjky740000gn/T/.tmp7o7wQ0/tmp/ --threads 10

Input dir: /var/folders/zg/vq0dnx517c54hg87dyqjky740000gn/T/.tmp7o7wQ0/tmp/
Minimizer length: 15
Kminmer length: 29
Density: 0.005

Loading unitig graph
Load unitigs
Nb unitigs: 1466
Nb minimizers: 70537
Add unitig abundances
Sorting abundances
Add unitig edges
Nb unitig edges: 3272
Sorting unitig edges
Done loading unitig graph
Simplifying
Max abundance: 111
Nb unitigs: 1466
Superbubble
Nb superbubble removed: 166 0 (0s)
Tip
Nb Tip removed: 256 (0s)
Superbubble
Nb superbubble removed: 144 0 (0s)
Tip
Nb Tip removed: 0 (0s)
Nb errors removed: 314 (0s)
Superbubble
Nb superbubble removed: 0 0 (0s)
Tip
Nb Tip removed: 0 (0s)
Nb errors removed: 1 (0s)
Superbubble
Nb superbubble removed: 0 0 (0s)
Tip
Nb Tip removed: 0 (0s)
Nb errors removed: 44 (0s)
Superbubble
Nb superbubble removed: 0 0 (0s)
Tip
Nb Tip removed: 0 (0s)
Nb errors removed: 13 (0s)
Superbubble
Nb superbubble removed: 0 0 (0s)
Tip
Nb Tip removed: 0 (0s)
Nb errors removed: 6 (0s)
Superbubble
Nb superbubble removed: 0 0 (0s)
Tip
Nb Tip removed: 0 (0s)
Nb errors removed: 3 (0s)
Superbubble
Nb superbubble removed: 0 0 (0s)
Tip
Nb Tip removed: 0 (0s)
Nb errors removed: 3 (0s)
Superbubble
Nb superbubble removed: 0 0 (0s)
Tip
Nb Tip removed: 0 (0s)
Nb errors removed: 2 (0s)
Superbubble
Nb superbubble removed: 0 0 (0s)
Tip
Nb Tip removed: 0 (0s)
Nb errors removed: 2 (0s)
Superbubble
Nb superbubble removed: 0 0 (0s)
Tip
Nb Tip removed: 0 (0s)
Nb errors removed: 1 (0s)
Superbubble
Nb superbubble removed: 0 0 (0s)
Tip
Nb Tip removed: 0 (0s)
Nb errors removed: 1 (0s)
Superbubble
Nb superbubble removed: 0 0 (0s)
Tip
Nb Tip removed: 0 (0s)
Nb errors removed: 1 (0s)
Superbubble
Nb superbubble removed: 0 0 (0s)
Tip
Nb Tip removed: 0 (0s)
Nb errors removed: 2 (0s)
Superbubble
Nb superbubble removed: 0 0 (0s)
Tip
Nb Tip removed: 0 (0s)
Nb errors removed: 1 (0s)
Superbubble
Nb superbubble removed: 0 0 (0s)
Tip
Nb Tip removed: 0 (0s)
Nb errors removed: 1 (0s)
Superbubble
Nb superbubble removed: 0 0 (0s)
Tip
Nb Tip removed: 0 (0s)
Nb errors removed: 2 (0s)
Superbubble
Nb superbubble removed: 0 0 (0s)
Tip
Nb Tip removed: 0 (0s)
Nb errors removed: 2 (0s)
Superbubble
Nb superbubble removed: 0 0 (0s)
Tip
Nb Tip removed: 0 (0s)
Checksum: 0
Checksum abundnace: 0
Generating contigs
45.2593
41.1448
34.004
30.9127
28.1025
23.2252
15.8631
11.9182
10.8347
9.84974
8.14028
6.11591
5.05447
4.17725
3.13843
2.59374
2.14359
0


metaMDBG toMinspace  /var/folders/zg/vq0dnx517c54hg87dyqjky740000gn/T/.tmp7o7wQ0/tmp/ /var/folders/zg/vq0dnx517c54hg87dyqjky740000gn/T/.tmp7o7wQ0/tmp//contigs.nodepath /var/folders/zg/vq0dnx517c54hg87dyqjky740000gn/T/.tmp7o7wQ0/tmp//unitig_data.txt --threads 10

Input dir: /var/folders/zg/vq0dnx517c54hg87dyqjky740000gn/T/.tmp7o7wQ0/tmp/
Minimizer length: 15
Kminmer length: 29
Density: 0.005

Loading unitig sequences

Creating mContigs

Contig filename: /var/folders/zg/vq0dnx517c54hg87dyqjky740000gn/T/.tmp7o7wQ0/tmp//unitig_data.txt
pass done: 29
Multi-k pass: 30/206


metaMDBG graph /var/folders/zg/vq0dnx517c54hg87dyqjky740000gn/T/.tmp7o7wQ0/tmp/ --threads 10 --corrected-read 

Contig filename: 
Output dir: /var/folders/zg/vq0dnx517c54hg87dyqjky740000gn/T/.tmp7o7wQ0/tmp/
Minimizer length: 15
Kminmer length: 30
Density: 0.005
Min abundance: 0

Loading refined abundances
	Duration: 0
Collecting kminmers
Building mdbg
Duration: 0
Nb solid kminmers: 29637
Nb small contigs written: 0
Dump kminmer abundances
	Duration: 0
Indexing edges
Edge index size: 29483
Edge index elements: 52421
	Duration: 0
Compute unitig nodes
	Duration: 0
Index unitig edges
	Duration: 0
Compute unitig edges
	Duration: 0
Dump unitig abundances
	Duration: 0
Nb edges:   0


metaMDBG contig  /var/folders/zg/vq0dnx517c54hg87dyqjky740000gn/T/.tmp7o7wQ0/tmp/ --threads 10

Input dir: /var/folders/zg/vq0dnx517c54hg87dyqjky740000gn/T/.tmp7o7wQ0/tmp/
Minimizer length: 15
Kminmer length: 30
Density: 0.005

Loading unitig graph
Load unitigs
Nb unitigs: 1451
Nb minimizers: 71716
Add unitig abundances
Sorting abundances
Add unitig edges
Nb unitig edges: 3230
Sorting unitig edges
Done loading unitig graph
Simplifying
Max abundance: 52
Nb unitigs: 1451
Superbubble
Nb superbubble removed: 158 0 (0s)
Tip
Nb Tip removed: 257 (0s)
Superbubble
Nb superbubble removed: 146 0 (0s)
Tip
Nb Tip removed: 0 (0s)
Nb errors removed: 314 (0s)
Superbubble
Nb superbubble removed: 0 0 (0s)
Tip
Nb Tip removed: 0 (0s)
Nb errors removed: 43 (0s)
Superbubble
Nb superbubble removed: 0 0 (0s)
Tip
Nb Tip removed: 0 (0s)
Nb errors removed: 13 (0s)
Superbubble
Nb superbubble removed: 0 0 (0s)
Tip
Nb Tip removed: 0 (0s)
Nb errors removed: 6 (0s)
Superbubble
Nb superbubble removed: 0 0 (0s)
Tip
Nb Tip removed: 0 (0s)
Nb errors removed: 7 (0s)
Superbubble
Nb superbubble removed: 0 0 (0s)
Tip
Nb Tip removed: 0 (0s)
Nb errors removed: 2 (0s)
Superbubble
Nb superbubble removed: 0 0 (0s)
Tip
Nb Tip removed: 0 (0s)
Nb errors removed: 2 (0s)
Superbubble
Nb superbubble removed: 0 0 (0s)
Tip
Nb Tip removed: 0 (0s)
Nb errors removed: 2 (0s)
Superbubble
Nb superbubble removed: 0 0 (0s)
Tip
Nb Tip removed: 0 (0s)
Nb errors removed: 2 (0s)
Superbubble
Nb superbubble removed: 0 0 (0s)
Tip
Nb Tip removed: 0 (0s)
Nb errors removed: 1 (0s)
Superbubble
Nb superbubble removed: 0 0 (0s)
Tip
Nb Tip removed: 0 (0s)
Nb errors removed: 1 (0s)
Superbubble
Nb superbubble removed: 0 0 (0s)
Tip
Nb Tip removed: 0 (0s)
Nb errors removed: 1 (0s)
Superbubble
Nb superbubble removed: 0 0 (0s)
Tip
Nb Tip removed: 0 (0s)
Nb errors removed: 2 (0s)
Superbubble
Nb superbubble removed: 0 0 (0s)
Tip
Nb Tip removed: 0 (0s)
Nb errors removed: 1 (0s)
Superbubble
Nb superbubble removed: 0 0 (0s)
Tip
Nb Tip removed: 0 (0s)
Nb errors removed: 1 (0s)
Superbubble
Nb superbubble removed: 0 0 (0s)
Tip
Nb Tip removed: 0 (0s)
Nb errors removed: 2 (0s)
Superbubble
Nb superbubble removed: 0 0 (0s)
Tip
Nb Tip removed: 0 (0s)
Nb errors removed: 2 (0s)
Superbubble
Nb superbubble removed: 0 0 (0s)
Tip
Nb Tip removed: 0 (0s)
Checksum: 0
Checksum abundnace: 0
Generating contigs
45.2593
41.1448
34.004
30.9127
28.1025
23.2252
15.8631
11.9182
10.8347
9.84974
8.14028
7.40025
6.11591
5.05447
4.17725
3.13843
2.14359
0


metaMDBG toMinspace  /var/folders/zg/vq0dnx517c54hg87dyqjky740000gn/T/.tmp7o7wQ0/tmp/ /var/folders/zg/vq0dnx517c54hg87dyqjky740000gn/T/.tmp7o7wQ0/tmp//contigs.nodepath /var/folders/zg/vq0dnx517c54hg87dyqjky740000gn/T/.tmp7o7wQ0/tmp//unitig_data.txt --threads 10

Input dir: /var/folders/zg/vq0dnx517c54hg87dyqjky740000gn/T/.tmp7o7wQ0/tmp/
Minimizer length: 15
Kminmer length: 30
Density: 0.005

Loading unitig sequences

Creating mContigs

Contig filename: /var/folders/zg/vq0dnx517c54hg87dyqjky740000gn/T/.tmp7o7wQ0/tmp//unitig_data.txt
pass done: 30
Multi-k pass: 31/206


metaMDBG graph /var/folders/zg/vq0dnx517c54hg87dyqjky740000gn/T/.tmp7o7wQ0/tmp/ --threads 10 --corrected-read 

Contig filename: 
Output dir: /var/folders/zg/vq0dnx517c54hg87dyqjky740000gn/T/.tmp7o7wQ0/tmp/
Minimizer length: 15
Kminmer length: 31
Density: 0.005
Min abundance: 0

Loading refined abundances
	Duration: 0
Collecting kminmers
Building mdbg
Duration: 0
Nb solid kminmers: 29781
Nb small contigs written: 0
Dump kminmer abundances
	Duration: 0
Indexing edges
Edge index size: 29631
Edge index elements: 52498
	Duration: 0
Compute unitig nodes
	Duration: 0
Index unitig edges
	Duration: 0
Compute unitig edges
	Duration: 0
Dump unitig abundances
	Duration: 0
Nb edges:   0


metaMDBG contig  /var/folders/zg/vq0dnx517c54hg87dyqjky740000gn/T/.tmp7o7wQ0/tmp/ --threads 10 --gen-graph 

Input dir: /var/folders/zg/vq0dnx517c54hg87dyqjky740000gn/T/.tmp7o7wQ0/tmp/
Minimizer length: 15
Kminmer length: 31
Density: 0.005

Loading unitig graph
Load unitigs
Nb unitigs: 1432
Nb minimizers: 72741
Add unitig abundances
Sorting abundances
Add unitig edges
Nb unitig edges: 3180
Sorting unitig edges
Done loading unitig graph
Simplifying
Max abundance: 42
Nb unitigs: 1432
Superbubble
Nb superbubble removed: 154 0 (0s)
Tip
Nb Tip removed: 257 (0s)
Superbubble
Nb superbubble removed: 144 0 (0s)
Tip
Nb Tip removed: 0 (0s)
Saving unitig graph: /var/folders/zg/vq0dnx517c54hg87dyqjky740000gn/T/.tmp7o7wQ0/tmp//assembly_graph.gfa
Nb errors removed: 312 (0s)
Superbubble
Nb superbubble removed: 0 0 (0s)
Tip
Nb Tip removed: 0 (0s)
Nb errors removed: 44 (0s)
Superbubble
Nb superbubble removed: 0 0 (0s)
Tip
Nb Tip removed: 0 (0s)
Nb errors removed: 1 (0s)
Superbubble
Nb superbubble removed: 0 0 (0s)
Tip
Nb Tip removed: 0 (0s)
Nb errors removed: 12 (0s)
Superbubble
Nb superbubble removed: 0 0 (0s)
Tip
Nb Tip removed: 0 (0s)
Nb errors removed: 5 (0s)
Superbubble
Nb superbubble removed: 0 0 (0s)
Tip
Nb Tip removed: 0 (0s)
Nb errors removed: 7 (0s)
Superbubble
Nb superbubble removed: 0 0 (0s)
Tip
Nb Tip removed: 0 (0s)
Nb errors removed: 2 (0s)
Superbubble
Nb superbubble removed: 0 0 (0s)
Tip
Nb Tip removed: 0 (0s)
Nb errors removed: 2 (0s)
Superbubble
Nb superbubble removed: 0 0 (0s)
Tip
Nb Tip removed: 0 (0s)
Nb errors removed: 2 (0s)
Superbubble
Nb superbubble removed: 0 0 (0s)
Tip
Nb Tip removed: 0 (0s)
Nb errors removed: 2 (0s)
Superbubble
Nb superbubble removed: 0 0 (0s)
Tip
Nb Tip removed: 0 (0s)
Nb errors removed: 1 (0s)
Superbubble
Nb superbubble removed: 0 0 (0s)
Tip
Nb Tip removed: 0 (0s)
Nb errors removed: 1 (0s)
Superbubble
Nb superbubble removed: 0 0 (0s)
Tip
Nb Tip removed: 0 (0s)
Nb errors removed: 1 (0s)
Superbubble
Nb superbubble removed: 0 0 (0s)
Tip
Nb Tip removed: 0 (0s)
Nb errors removed: 1 (0s)
Superbubble
Nb superbubble removed: 0 0 (0s)
Tip
Nb Tip removed: 0 (0s)
Nb errors removed: 1 (0s)
Superbubble
Nb superbubble removed: 0 0 (0s)
Tip
Nb Tip removed: 0 (0s)
Nb errors removed: 2 (0s)
Superbubble
Nb superbubble removed: 0 0 (0s)
Tip
Nb Tip removed: 0 (0s)
Nb errors removed: 2 (0s)
Superbubble
Nb superbubble removed: 0 0 (0s)
Tip
Nb Tip removed: 0 (0s)
Checksum: 0
Checksum abundnace: 0
Generating contigs
45.2593
41.1448
30.9127
28.1025
23.2252
15.8631
11.9182
10.8347
9.84974
8.14028
7.40025
6.11591
5.05447
4.17725
3.7975
3.13843
2.14359
0


metaMDBG toMinspace  /var/folders/zg/vq0dnx517c54hg87dyqjky740000gn/T/.tmp7o7wQ0/tmp/ /var/folders/zg/vq0dnx517c54hg87dyqjky740000gn/T/.tmp7o7wQ0/tmp//contigs.nodepath /var/folders/zg/vq0dnx517c54hg87dyqjky740000gn/T/.tmp7o7wQ0/tmp//unitig_data.txt --threads 10

Input dir: /var/folders/zg/vq0dnx517c54hg87dyqjky740000gn/T/.tmp7o7wQ0/tmp/
Minimizer length: 15
Kminmer length: 31
Density: 0.005

Loading unitig sequences

Creating mContigs

Contig filename: /var/folders/zg/vq0dnx517c54hg87dyqjky740000gn/T/.tmp7o7wQ0/tmp//unitig_data.txt


metaMDBG toMinspace  /var/folders/zg/vq0dnx517c54hg87dyqjky740000gn/T/.tmp7o7wQ0/tmp/ /var/folders/zg/vq0dnx517c54hg87dyqjky740000gn/T/.tmp7o7wQ0/tmp//assembly_graph.gfa.unitigs.nodepath /var/folders/zg/vq0dnx517c54hg87dyqjky740000gn/T/.tmp7o7wQ0/tmp//assembly_graph.gfa.unitigs --threads 10

Input dir: /var/folders/zg/vq0dnx517c54hg87dyqjky740000gn/T/.tmp7o7wQ0/tmp/
Minimizer length: 15
Kminmer length: 31
Density: 0.005

Loading unitig sequences

Creating mContigs

Contig filename: /var/folders/zg/vq0dnx517c54hg87dyqjky740000gn/T/.tmp7o7wQ0/tmp//assembly_graph.gfa.unitigs
pass done: 31
Multi-k pass: 32/206


metaMDBG graph /var/folders/zg/vq0dnx517c54hg87dyqjky740000gn/T/.tmp7o7wQ0/tmp/ --threads 10 --corrected-read 

Contig filename: 
Output dir: /var/folders/zg/vq0dnx517c54hg87dyqjky740000gn/T/.tmp7o7wQ0/tmp/
Minimizer length: 15
Kminmer length: 32
Density: 0.005
Min abundance: 0

Loading refined abundances
	Duration: 0
Collecting kminmers
Building mdbg
Duration: 0
Nb solid kminmers: 29916
Nb small contigs written: 0
Dump kminmer abundances
	Duration: 0
Indexing edges
Edge index size: 29774
Edge index elements: 52664
	Duration: 0
Compute unitig nodes
	Duration: 0
Index unitig edges
	Duration: 0
Compute unitig edges
	Duration: 0
Dump unitig abundances
	Duration: 0
Nb edges:   0


metaMDBG contig  /var/folders/zg/vq0dnx517c54hg87dyqjky740000gn/T/.tmp7o7wQ0/tmp/ --threads 10

Input dir: /var/folders/zg/vq0dnx517c54hg87dyqjky740000gn/T/.tmp7o7wQ0/tmp/
Minimizer length: 15
Kminmer length: 32
Density: 0.005

Loading unitig graph
Load unitigs
Nb unitigs: 1406
Nb minimizers: 73502
Add unitig abundances
Sorting abundances
Add unitig edges
Nb unitig edges: 3128
Sorting unitig edges
Done loading unitig graph
Simplifying
Max abundance: 42
Nb unitigs: 1406
Superbubble
Nb superbubble removed: 140 0 (0s)
Tip
Nb Tip removed: 266 (0s)
Superbubble
Nb superbubble removed: 142 0 (0s)
Tip
Nb Tip removed: 0 (0s)
Nb errors removed: 309 (0s)
Superbubble
Nb superbubble removed: 0 0 (0s)
Tip
Nb Tip removed: 0 (0s)
Nb errors removed: 48 (0s)
Superbubble
Nb superbubble removed: 0 0 (0s)
Tip
Nb Tip removed: 0 (0s)
Nb errors removed: 13 (0s)
Superbubble
Nb superbubble removed: 0 0 (0s)
Tip
Nb Tip removed: 0 (0s)
Nb errors removed: 7 (0s)
Superbubble
Nb superbubble removed: 0 0 (0s)
Tip
Nb Tip removed: 0 (0s)
Nb errors removed: 8 (0s)
Superbubble
Nb superbubble removed: 0 0 (0s)
Tip
Nb Tip removed: 0 (0s)
Nb errors removed: 2 (0s)
Superbubble
Nb superbubble removed: 0 0 (0s)
Tip
Nb Tip removed: 0 (0s)
Nb errors removed: 2 (0s)
Superbubble
Nb superbubble removed: 0 0 (0s)
Tip
Nb Tip removed: 0 (0s)
Nb errors removed: 1 (0s)
Superbubble
Nb superbubble removed: 0 0 (0s)
Tip
Nb Tip removed: 0 (0s)
Nb errors removed: 2 (0s)
Superbubble
Nb superbubble removed: 0 0 (0s)
Tip
Nb Tip removed: 0 (0s)
Nb errors removed: 1 (0s)
Superbubble
Nb superbubble removed: 0 0 (0s)
Tip
Nb Tip removed: 0 (0s)
Nb errors removed: 1 (0s)
Superbubble
Nb superbubble removed: 0 0 (0s)
Tip
Nb Tip removed: 0 (0s)
Nb errors removed: 1 (0s)
Superbubble
Nb superbubble removed: 0 0 (0s)
Tip
Nb Tip removed: 0 (0s)
Nb errors removed: 1 (0s)
Superbubble
Nb superbubble removed: 0 0 (0s)
Tip
Nb Tip removed: 0 (0s)
Nb errors removed: 2 (0s)
Superbubble
Nb superbubble removed: 0 0 (0s)
Tip
Nb Tip removed: 0 (0s)
Nb errors removed: 2 (0s)
Superbubble
Nb superbubble removed: 0 0 (0s)
Tip
Nb Tip removed: 0 (0s)
Checksum: 0
Checksum abundnace: 0
Generating contigs
45.2593
41.1448
28.1025
23.2252
15.8631
11.9182
10.8347
9.84974
8.14028
7.40025
6.11591
5.05447
4.17725
3.13843
2.14359
0


metaMDBG toMinspace  /var/folders/zg/vq0dnx517c54hg87dyqjky740000gn/T/.tmp7o7wQ0/tmp/ /var/folders/zg/vq0dnx517c54hg87dyqjky740000gn/T/.tmp7o7wQ0/tmp//contigs.nodepath /var/folders/zg/vq0dnx517c54hg87dyqjky740000gn/T/.tmp7o7wQ0/tmp//unitig_data.txt --threads 10

Input dir: /var/folders/zg/vq0dnx517c54hg87dyqjky740000gn/T/.tmp7o7wQ0/tmp/
Minimizer length: 15
Kminmer length: 32
Density: 0.005

Loading unitig sequences

Creating mContigs

Contig filename: /var/folders/zg/vq0dnx517c54hg87dyqjky740000gn/T/.tmp7o7wQ0/tmp//unitig_data.txt
pass done: 32
Multi-k pass: 33/206


metaMDBG graph /var/folders/zg/vq0dnx517c54hg87dyqjky740000gn/T/.tmp7o7wQ0/tmp/ --threads 10 --corrected-read 

Contig filename: 
Output dir: /var/folders/zg/vq0dnx517c54hg87dyqjky740000gn/T/.tmp7o7wQ0/tmp/
Minimizer length: 15
Kminmer length: 33
Density: 0.005
Min abundance: 0

Loading refined abundances
	Duration: 0
Collecting kminmers
Building mdbg
Duration: 0
Nb solid kminmers: 30056
Nb small contigs written: 0
Dump kminmer abundances
	Duration: 0
Indexing edges
Edge index size: 29904
Edge index elements: 53312
	Duration: 0
Compute unitig nodes
	Duration: 0
Index unitig edges
	Duration: 0
Compute unitig edges
	Duration: 0
Dump unitig abundances
	Duration: 0
Nb edges:   0


metaMDBG contig  /var/folders/zg/vq0dnx517c54hg87dyqjky740000gn/T/.tmp7o7wQ0/tmp/ --threads 10

Input dir: /var/folders/zg/vq0dnx517c54hg87dyqjky740000gn/T/.tmp7o7wQ0/tmp/
Minimizer length: 15
Kminmer length: 33
Density: 0.005

Loading unitig graph
Load unitigs
Nb unitigs: 1405
Nb minimizers: 75016
Add unitig abundances
Sorting abundances
Add unitig edges
Nb unitig edges: 3138
Sorting unitig edges
Done loading unitig graph
Simplifying
Max abundance: 42
Nb unitigs: 1405
Superbubble
Nb superbubble removed: 130 0 (0s)
Tip
Nb Tip removed: 264 (0s)
Superbubble
Nb superbubble removed: 146 0 (0s)
Tip
Nb Tip removed: 0 (0s)
Nb errors removed: 300 (0s)
Superbubble
Nb superbubble removed: 0 0 (0s)
Tip
Nb Tip removed: 0 (0s)
Nb errors removed: 47 (0s)
Superbubble
Nb superbubble removed: 0 0 (0s)
Tip
Nb Tip removed: 0 (0s)
Nb errors removed: 13 (0s)
Superbubble
Nb superbubble removed: 0 0 (0s)
Tip
Nb Tip removed: 0 (0s)
Nb errors removed: 7 (0s)
Superbubble
Nb superbubble removed: 0 0 (0s)
Tip
Nb Tip removed: 0 (0s)
Nb errors removed: 8 (0s)
Superbubble
Nb superbubble removed: 0 0 (0s)
Tip
Nb Tip removed: 0 (0s)
Nb errors removed: 2 (0s)
Superbubble
Nb superbubble removed: 0 0 (0s)
Tip
Nb Tip removed: 0 (0s)
Nb errors removed: 2 (0s)
Superbubble
Nb superbubble removed: 0 0 (0s)
Tip
Nb Tip removed: 0 (0s)
Nb errors removed: 1 (0s)
Superbubble
Nb superbubble removed: 0 0 (0s)
Tip
Nb Tip removed: 0 (0s)
Nb errors removed: 2 (0s)
Superbubble
Nb superbubble removed: 0 0 (0s)
Tip
Nb Tip removed: 0 (0s)
Nb errors removed: 1 (0s)
Superbubble
Nb superbubble removed: 0 0 (0s)
Tip
Nb Tip removed: 0 (0s)
Nb errors removed: 1 (0s)
Superbubble
Nb superbubble removed: 0 0 (0s)
Tip
Nb Tip removed: 0 (0s)
Nb errors removed: 1 (0s)
Superbubble
Nb superbubble removed: 0 0 (0s)
Tip
Nb Tip removed: 0 (0s)
Nb errors removed: 1 (0s)
Superbubble
Nb superbubble removed: 0 0 (0s)
Tip
Nb Tip removed: 0 (0s)
Nb errors removed: 2 (0s)
Superbubble
Nb superbubble removed: 0 0 (0s)
Tip
Nb Tip removed: 0 (0s)
Nb errors removed: 2 (0s)
Superbubble
Nb superbubble removed: 0 0 (0s)
Tip
Nb Tip removed: 0 (0s)
Checksum: 0
Checksum abundnace: 0
Generating contigs
45.2593
41.1448
28.1025
23.2252
15.8631
11.9182
10.8347
9.84974
8.14028
7.40025
6.11591
5.05447
4.17725
3.13843
2.14359
0


metaMDBG toMinspace  /var/folders/zg/vq0dnx517c54hg87dyqjky740000gn/T/.tmp7o7wQ0/tmp/ /var/folders/zg/vq0dnx517c54hg87dyqjky740000gn/T/.tmp7o7wQ0/tmp//contigs.nodepath /var/folders/zg/vq0dnx517c54hg87dyqjky740000gn/T/.tmp7o7wQ0/tmp//unitig_data.txt --threads 10

Input dir: /var/folders/zg/vq0dnx517c54hg87dyqjky740000gn/T/.tmp7o7wQ0/tmp/
Minimizer length: 15
Kminmer length: 33
Density: 0.005

Loading unitig sequences

Creating mContigs

Contig filename: /var/folders/zg/vq0dnx517c54hg87dyqjky740000gn/T/.tmp7o7wQ0/tmp//unitig_data.txt
pass done: 33
Multi-k pass: 34/206


metaMDBG graph /var/folders/zg/vq0dnx517c54hg87dyqjky740000gn/T/.tmp7o7wQ0/tmp/ --threads 10 --corrected-read 

Contig filename: 
Output dir: /var/folders/zg/vq0dnx517c54hg87dyqjky740000gn/T/.tmp7o7wQ0/tmp/
Minimizer length: 15
Kminmer length: 34
Density: 0.005
Min abundance: 0

Loading refined abundances
	Duration: 0
Collecting kminmers
Building mdbg
Duration: 0
Nb solid kminmers: 30197
Nb small contigs written: 0
Dump kminmer abundances
	Duration: 0
Indexing edges
Edge index size: 30053
Edge index elements: 53438
	Duration: 0
Compute unitig nodes
	Duration: 0
Index unitig edges
	Duration: 0
Compute unitig edges
	Duration: 0
Dump unitig abundances
	Duration: 0
Nb edges:   0


metaMDBG contig  /var/folders/zg/vq0dnx517c54hg87dyqjky740000gn/T/.tmp7o7wQ0/tmp/ --threads 10

Input dir: /var/folders/zg/vq0dnx517c54hg87dyqjky740000gn/T/.tmp7o7wQ0/tmp/
Minimizer length: 15
Kminmer length: 34
Density: 0.005

Loading unitig graph
Load unitigs
Nb unitigs: 1397
Nb minimizers: 76298
Add unitig abundances
Sorting abundances
Add unitig edges
Nb unitig edges: 3090
Sorting unitig edges
Done loading unitig graph
Simplifying
Max abundance: 42
Nb unitigs: 1397
Superbubble
Nb superbubble removed: 126 0 (0s)
Tip
Nb Tip removed: 264 (0s)
Superbubble
Nb superbubble removed: 150 0 (0s)
Tip
Nb Tip removed: 0 (0s)
Nb errors removed: 303 (0s)
Superbubble
Nb superbubble removed: 0 0 (0s)
Tip
Nb Tip removed: 0 (0s)
Nb errors removed: 48 (0s)
Superbubble
Nb superbubble removed: 0 0 (0s)
Tip
Nb Tip removed: 0 (0s)
Nb errors removed: 13 (0s)
Superbubble
Nb superbubble removed: 0 0 (0s)
Tip
Nb Tip removed: 0 (0s)
Nb errors removed: 9 (0s)
Superbubble
Nb superbubble removed: 0 0 (0s)
Tip
Nb Tip removed: 0 (0s)
Nb errors removed: 8 (0s)
Superbubble
Nb superbubble removed: 0 0 (0s)
Tip
Nb Tip removed: 0 (0s)
Nb errors removed: 2 (0s)
Superbubble
Nb superbubble removed: 0 0 (0s)
Tip
Nb Tip removed: 0 (0s)
Nb errors removed: 2 (0s)
Superbubble
Nb superbubble removed: 0 0 (0s)
Tip
Nb Tip removed: 0 (0s)
Nb errors removed: 1 (0s)
Superbubble
Nb superbubble removed: 0 0 (0s)
Tip
Nb Tip removed: 0 (0s)
Nb errors removed: 2 (0s)
Superbubble
Nb superbubble removed: 0 0 (0s)
Tip
Nb Tip removed: 0 (0s)
Nb errors removed: 1 (0s)
Superbubble
Nb superbubble removed: 0 0 (0s)
Tip
Nb Tip removed: 0 (0s)
Nb errors removed: 1 (0s)
Superbubble
Nb superbubble removed: 0 0 (0s)
Tip
Nb Tip removed: 0 (0s)
Nb errors removed: 1 (0s)
Superbubble
Nb superbubble removed: 0 0 (0s)
Tip
Nb Tip removed: 0 (0s)
Nb errors removed: 1 (0s)
Superbubble
Nb superbubble removed: 0 0 (0s)
Tip
Nb Tip removed: 0 (0s)
Nb errors removed: 2 (0s)
Superbubble
Nb superbubble removed: 0 0 (0s)
Tip
Nb Tip removed: 0 (0s)
Nb errors removed: 2 (0s)
Superbubble
Nb superbubble removed: 0 0 (0s)
Tip
Nb Tip removed: 0 (0s)
Checksum: 0
Checksum abundnace: 0
Generating contigs
45.2593
41.1448
28.1025
23.2252
15.8631
11.9182
10.8347
9.84974
8.14028
7.40025
6.11591
5.05447
4.17725
3.13843
2.14359
0


metaMDBG toMinspace  /var/folders/zg/vq0dnx517c54hg87dyqjky740000gn/T/.tmp7o7wQ0/tmp/ /var/folders/zg/vq0dnx517c54hg87dyqjky740000gn/T/.tmp7o7wQ0/tmp//contigs.nodepath /var/folders/zg/vq0dnx517c54hg87dyqjky740000gn/T/.tmp7o7wQ0/tmp//unitig_data.txt --threads 10

Input dir: /var/folders/zg/vq0dnx517c54hg87dyqjky740000gn/T/.tmp7o7wQ0/tmp/
Minimizer length: 15
Kminmer length: 34
Density: 0.005

Loading unitig sequences

Creating mContigs

Contig filename: /var/folders/zg/vq0dnx517c54hg87dyqjky740000gn/T/.tmp7o7wQ0/tmp//unitig_data.txt
pass done: 34
Multi-k pass: 35/206


metaMDBG graph /var/folders/zg/vq0dnx517c54hg87dyqjky740000gn/T/.tmp7o7wQ0/tmp/ --threads 10 --corrected-read 

Contig filename: 
Output dir: /var/folders/zg/vq0dnx517c54hg87dyqjky740000gn/T/.tmp7o7wQ0/tmp/
Minimizer length: 15
Kminmer length: 35
Density: 0.005
Min abundance: 0

Loading refined abundances
	Duration: 0
Collecting kminmers
Building mdbg
Duration: 0
Nb solid kminmers: 30329
Nb small contigs written: 0
Dump kminmer abundances
	Duration: 0
Indexing edges
Edge index size: 30191
Edge index elements: 53742
	Duration: 0
Compute unitig nodes
	Duration: 0
Index unitig edges
	Duration: 0
Compute unitig edges
	Duration: 0
Dump unitig abundances
	Duration: 0
Nb edges:   0


metaMDBG contig  /var/folders/zg/vq0dnx517c54hg87dyqjky740000gn/T/.tmp7o7wQ0/tmp/ --threads 10

Input dir: /var/folders/zg/vq0dnx517c54hg87dyqjky740000gn/T/.tmp7o7wQ0/tmp/
Minimizer length: 15
Kminmer length: 35
Density: 0.005

Loading unitig graph
Load unitigs
Nb unitigs: 1377
Nb minimizers: 77147
Add unitig abundances
Sorting abundances
Add unitig edges
Nb unitig edges: 3046
Sorting unitig edges
Done loading unitig graph
Simplifying
Max abundance: 42
Nb unitigs: 1377
Superbubble
Nb superbubble removed: 108 0 (0s)
Tip
Nb Tip removed: 261 (0s)
Superbubble
Nb superbubble removed: 158 0 (0s)
Tip
Nb Tip removed: 0 (0s)
Nb errors removed: 295 (0s)
Superbubble
Nb superbubble removed: 0 0 (0s)
Tip
Nb Tip removed: 0 (0s)
Nb errors removed: 49 (0s)
Superbubble
Nb superbubble removed: 0 0 (0s)
Tip
Nb Tip removed: 0 (0s)
Nb errors removed: 15 (0s)
Superbubble
Nb superbubble removed: 0 0 (0s)
Tip
Nb Tip removed: 0 (0s)
Nb errors removed: 9 (0s)
Superbubble
Nb superbubble removed: 0 0 (0s)
Tip
Nb Tip removed: 0 (0s)
Nb errors removed: 8 (0s)
Superbubble
Nb superbubble removed: 0 0 (0s)
Tip
Nb Tip removed: 0 (0s)
Nb errors removed: 2 (0s)
Superbubble
Nb superbubble removed: 0 0 (0s)
Tip
Nb Tip removed: 0 (0s)
Nb errors removed: 3 (0s)
Superbubble
Nb superbubble removed: 0 0 (0s)
Tip
Nb Tip removed: 0 (0s)
Nb errors removed: 1 (0s)
Superbubble
Nb superbubble removed: 0 0 (0s)
Tip
Nb Tip removed: 0 (0s)
Nb errors removed: 1 (0s)
Superbubble
Nb superbubble removed: 0 0 (0s)
Tip
Nb Tip removed: 0 (0s)
Nb errors removed: 1 (0s)
Superbubble
Nb superbubble removed: 0 0 (0s)
Tip
Nb Tip removed: 0 (0s)
Nb errors removed: 1 (0s)
Superbubble
Nb superbubble removed: 0 0 (0s)
Tip
Nb Tip removed: 0 (0s)
Nb errors removed: 1 (0s)
Superbubble
Nb superbubble removed: 0 0 (0s)
Tip
Nb Tip removed: 0 (0s)
Nb errors removed: 1 (0s)
Superbubble
Nb superbubble removed: 0 0 (0s)
Tip
Nb Tip removed: 0 (0s)
Nb errors removed: 2 (0s)
Superbubble
Nb superbubble removed: 0 0 (0s)
Tip
Nb Tip removed: 0 (0s)
Nb errors removed: 1 (0s)
Superbubble
Nb superbubble removed: 0 0 (0s)
Tip
Nb Tip removed: 0 (0s)
Checksum: 0
Checksum abundnace: 0
Generating contigs
45.2593
41.1448
28.1025
23.2252
15.8631
11.9182
10.8347
9.84974
8.14028
7.40025
6.11591
5.05447
4.17725
3.13843
2.14359
0


metaMDBG toMinspace  /var/folders/zg/vq0dnx517c54hg87dyqjky740000gn/T/.tmp7o7wQ0/tmp/ /var/folders/zg/vq0dnx517c54hg87dyqjky740000gn/T/.tmp7o7wQ0/tmp//contigs.nodepath /var/folders/zg/vq0dnx517c54hg87dyqjky740000gn/T/.tmp7o7wQ0/tmp//unitig_data.txt --threads 10

Input dir: /var/folders/zg/vq0dnx517c54hg87dyqjky740000gn/T/.tmp7o7wQ0/tmp/
Minimizer length: 15
Kminmer length: 35
Density: 0.005

Loading unitig sequences

Creating mContigs

Contig filename: /var/folders/zg/vq0dnx517c54hg87dyqjky740000gn/T/.tmp7o7wQ0/tmp//unitig_data.txt
pass done: 35
Multi-k pass: 36/206


metaMDBG graph /var/folders/zg/vq0dnx517c54hg87dyqjky740000gn/T/.tmp7o7wQ0/tmp/ --threads 10 --corrected-read 

Contig filename: 
Output dir: /var/folders/zg/vq0dnx517c54hg87dyqjky740000gn/T/.tmp7o7wQ0/tmp/
Minimizer length: 15
Kminmer length: 36
Density: 0.005
Min abundance: 0

Loading refined abundances
	Duration: 0
Collecting kminmers
Building mdbg
Duration: 0
Nb solid kminmers: 30461
Nb small contigs written: 0
Dump kminmer abundances
	Duration: 0
Indexing edges
Edge index size: 30315
Edge index elements: 53903
	Duration: 0
Compute unitig nodes
	Duration: 0
Index unitig edges
	Duration: 0
Compute unitig edges
	Duration: 0
Dump unitig abundances
	Duration: 0
Nb edges:   0


metaMDBG contig  /var/folders/zg/vq0dnx517c54hg87dyqjky740000gn/T/.tmp7o7wQ0/tmp/ --threads 10

Input dir: /var/folders/zg/vq0dnx517c54hg87dyqjky740000gn/T/.tmp7o7wQ0/tmp/
Minimizer length: 15
Kminmer length: 36
Density: 0.005

Loading unitig graph
Load unitigs
Nb unitigs: 1367
Nb minimizers: 78306
Add unitig abundances
Sorting abundances
Add unitig edges
Nb unitig edges: 3040
Sorting unitig edges
Done loading unitig graph
Simplifying
Max abundance: 42
Nb unitigs: 1367
Superbubble
Nb superbubble removed: 102 0 (0s)
Tip
Nb Tip removed: 267 (0s)
Superbubble
Nb superbubble removed: 158 0 (0s)
Tip
Nb Tip removed: 0 (0s)
Nb errors removed: 282 (0s)
Superbubble
Nb superbubble removed: 0 0 (0s)
Tip
Nb Tip removed: 0 (0s)
Nb errors removed: 49 (0s)
Superbubble
Nb superbubble removed: 0 0 (0s)
Tip
Nb Tip removed: 0 (0s)
Nb errors removed: 19 (0s)
Superbubble
Nb superbubble removed: 0 0 (0s)
Tip
Nb Tip removed: 0 (0s)
Nb errors removed: 9 (0s)
Superbubble
Nb superbubble removed: 0 0 (0s)
Tip
Nb Tip removed: 0 (0s)
Nb errors removed: 8 (0s)
Superbubble
Nb superbubble removed: 0 0 (0s)
Tip
Nb Tip removed: 0 (0s)
Nb errors removed: 2 (0s)
Superbubble
Nb superbubble removed: 0 0 (0s)
Tip
Nb Tip removed: 0 (0s)
Nb errors removed: 3 (0s)
Superbubble
Nb superbubble removed: 0 0 (0s)
Tip
Nb Tip removed: 0 (0s)
Nb errors removed: 3 (0s)
Superbubble
Nb superbubble removed: 0 0 (0s)
Tip
Nb Tip removed: 0 (0s)
Nb errors removed: 1 (0s)
Superbubble
Nb superbubble removed: 0 0 (0s)
Tip
Nb Tip removed: 0 (0s)
Nb errors removed: 1 (0s)
Superbubble
Nb superbubble removed: 0 0 (0s)
Tip
Nb Tip removed: 0 (0s)
Nb errors removed: 1 (0s)
Superbubble
Nb superbubble removed: 0 0 (0s)
Tip
Nb Tip removed: 0 (0s)
Nb errors removed: 1 (0s)
Superbubble
Nb superbubble removed: 0 0 (0s)
Tip
Nb Tip removed: 0 (0s)
Nb errors removed: 1 (0s)
Superbubble
Nb superbubble removed: 0 0 (0s)
Tip
Nb Tip removed: 0 (0s)
Nb errors removed: 2 (0s)
Superbubble
Nb superbubble removed: 0 0 (0s)
Tip
Nb Tip removed: 0 (0s)
Nb errors removed: 1 (0s)
Superbubble
Nb superbubble removed: 0 0 (0s)
Tip
Nb Tip removed: 0 (0s)
Checksum: 0
Checksum abundnace: 0
Generating contigs
45.2593
41.1448
28.1025
23.2252
15.8631
11.9182
10.8347
9.84974
8.14028
7.40025
6.11591
5.05447
4.17725
3.13843
2.14359
0


metaMDBG toMinspace  /var/folders/zg/vq0dnx517c54hg87dyqjky740000gn/T/.tmp7o7wQ0/tmp/ /var/folders/zg/vq0dnx517c54hg87dyqjky740000gn/T/.tmp7o7wQ0/tmp//contigs.nodepath /var/folders/zg/vq0dnx517c54hg87dyqjky740000gn/T/.tmp7o7wQ0/tmp//unitig_data.txt --threads 10

Input dir: /var/folders/zg/vq0dnx517c54hg87dyqjky740000gn/T/.tmp7o7wQ0/tmp/
Minimizer length: 15
Kminmer length: 36
Density: 0.005

Loading unitig sequences

Creating mContigs

Contig filename: /var/folders/zg/vq0dnx517c54hg87dyqjky740000gn/T/.tmp7o7wQ0/tmp//unitig_data.txt
pass done: 36
Multi-k pass: 37/206


metaMDBG graph /var/folders/zg/vq0dnx517c54hg87dyqjky740000gn/T/.tmp7o7wQ0/tmp/ --threads 10 --corrected-read 

Contig filename: 
Output dir: /var/folders/zg/vq0dnx517c54hg87dyqjky740000gn/T/.tmp7o7wQ0/tmp/
Minimizer length: 15
Kminmer length: 37
Density: 0.005
Min abundance: 0

Loading refined abundances
	Duration: 0
Collecting kminmers
Building mdbg
Duration: 0
Nb solid kminmers: 30596
Nb small contigs written: 0
Dump kminmer abundances
	Duration: 0
Indexing edges
Edge index size: 30455
Edge index elements: 54084
	Duration: 0
Compute unitig nodes
	Duration: 0
Index unitig edges
	Duration: 0
Compute unitig edges
	Duration: 0
Dump unitig abundances
	Duration: 0
Nb edges:   0


metaMDBG contig  /var/folders/zg/vq0dnx517c54hg87dyqjky740000gn/T/.tmp7o7wQ0/tmp/ --threads 10

Input dir: /var/folders/zg/vq0dnx517c54hg87dyqjky740000gn/T/.tmp7o7wQ0/tmp/
Minimizer length: 15
Kminmer length: 37
Density: 0.005

Loading unitig graph
Load unitigs
Nb unitigs: 1350
Nb minimizers: 79196
Add unitig abundances
Sorting abundances
Add unitig edges
Nb unitig edges: 2984
Sorting unitig edges
Done loading unitig graph
Simplifying
Max abundance: 42
Nb unitigs: 1350
Superbubble
Nb superbubble removed: 102 0 (0s)
Tip
Nb Tip removed: 269 (0s)
Superbubble
Nb superbubble removed: 158 0 (0s)
Tip
Nb Tip removed: 0 (0s)
Nb errors removed: 281 (0s)
Superbubble
Nb superbubble removed: 0 0 (0s)
Tip
Nb Tip removed: 0 (0s)
Nb errors removed: 49 (0s)
Superbubble
Nb superbubble removed: 0 0 (0s)
Tip
Nb Tip removed: 0 (0s)
Nb errors removed: 20 (0s)
Superbubble
Nb superbubble removed: 0 0 (0s)
Tip
Nb Tip removed: 0 (0s)
Nb errors removed: 9 (0s)
Superbubble
Nb superbubble removed: 0 0 (0s)
Tip
Nb Tip removed: 0 (0s)
Nb errors removed: 9 (0s)
Superbubble
Nb superbubble removed: 0 0 (0s)
Tip
Nb Tip removed: 0 (0s)
Nb errors removed: 2 (0s)
Superbubble
Nb superbubble removed: 0 0 (0s)
Tip
Nb Tip removed: 0 (0s)
Nb errors removed: 3 (0s)
Superbubble
Nb superbubble removed: 0 0 (0s)
Tip
Nb Tip removed: 0 (0s)
Nb errors removed: 2 (0s)
Superbubble
Nb superbubble removed: 0 0 (0s)
Tip
Nb Tip removed: 0 (0s)
Nb errors removed: 1 (0s)
Superbubble
Nb superbubble removed: 0 0 (0s)
Tip
Nb Tip removed: 0 (0s)
Nb errors removed: 1 (0s)
Superbubble
Nb superbubble removed: 0 0 (0s)
Tip
Nb Tip removed: 0 (0s)
Nb errors removed: 1 (0s)
Superbubble
Nb superbubble removed: 0 0 (0s)
Tip
Nb Tip removed: 0 (0s)
Nb errors removed: 1 (0s)
Superbubble
Nb superbubble removed: 0 0 (0s)
Tip
Nb Tip removed: 0 (0s)
Nb errors removed: 1 (0s)
Superbubble
Nb superbubble removed: 0 0 (0s)
Tip
Nb Tip removed: 0 (0s)
Nb errors removed: 2 (0s)
Superbubble
Nb superbubble removed: 0 0 (0s)
Tip
Nb Tip removed: 0 (0s)
Nb errors removed: 1 (0s)
Superbubble
Nb superbubble removed: 0 0 (0s)
Tip
Nb Tip removed: 0 (0s)
Checksum: 0
Checksum abundnace: 0
Generating contigs
45.2593
41.1448
28.1025
23.2252
15.8631
11.9182
10.8347
9.84974
8.14028
7.40025
6.11591
5.05447
4.17725
3.13843
2.14359
0


metaMDBG toMinspace  /var/folders/zg/vq0dnx517c54hg87dyqjky740000gn/T/.tmp7o7wQ0/tmp/ /var/folders/zg/vq0dnx517c54hg87dyqjky740000gn/T/.tmp7o7wQ0/tmp//contigs.nodepath /var/folders/zg/vq0dnx517c54hg87dyqjky740000gn/T/.tmp7o7wQ0/tmp//unitig_data.txt --threads 10

Input dir: /var/folders/zg/vq0dnx517c54hg87dyqjky740000gn/T/.tmp7o7wQ0/tmp/
Minimizer length: 15
Kminmer length: 37
Density: 0.005

Loading unitig sequences

Creating mContigs

Contig filename: /var/folders/zg/vq0dnx517c54hg87dyqjky740000gn/T/.tmp7o7wQ0/tmp//unitig_data.txt
pass done: 37
Multi-k pass: 38/206


metaMDBG graph /var/folders/zg/vq0dnx517c54hg87dyqjky740000gn/T/.tmp7o7wQ0/tmp/ --threads 10 --corrected-read 

Contig filename: 
Output dir: /var/folders/zg/vq0dnx517c54hg87dyqjky740000gn/T/.tmp7o7wQ0/tmp/
Minimizer length: 15
Kminmer length: 38
Density: 0.005
Min abundance: 0

Loading refined abundances
	Duration: 0
Collecting kminmers
Building mdbg
Duration: 0
Nb solid kminmers: 30724
Nb small contigs written: 0
Dump kminmer abundances
	Duration: 0
Indexing edges
Edge index size: 30591
Edge index elements: 54265
	Duration: 0
Compute unitig nodes
	Duration: 0
Index unitig edges
	Duration: 0
Compute unitig edges
	Duration: 0
Dump unitig abundances
	Duration: 0
Nb edges:   0


metaMDBG contig  /var/folders/zg/vq0dnx517c54hg87dyqjky740000gn/T/.tmp7o7wQ0/tmp/ --threads 10

Input dir: /var/folders/zg/vq0dnx517c54hg87dyqjky740000gn/T/.tmp7o7wQ0/tmp/
Minimizer length: 15
Kminmer length: 38
Density: 0.005

Loading unitig graph
Load unitigs
Nb unitigs: 1334
Nb minimizers: 80082
Add unitig abundances
Sorting abundances
Add unitig edges
Nb unitig edges: 2946
Sorting unitig edges
Done loading unitig graph
Simplifying
Max abundance: 42
Nb unitigs: 1334
Superbubble
Nb superbubble removed: 102 0 (0s)
Tip
Nb Tip removed: 266 (0s)
Superbubble
Nb superbubble removed: 154 0 (0s)
Tip
Nb Tip removed: 0 (0s)
Nb errors removed: 278 (0s)
Superbubble
Nb superbubble removed: 0 0 (0s)
Tip
Nb Tip removed: 0 (0s)
Nb errors removed: 50 (0s)
Superbubble
Nb superbubble removed: 0 0 (0s)
Tip
Nb Tip removed: 0 (0s)
Nb errors removed: 22 (0s)
Superbubble
Nb superbubble removed: 0 0 (0s)
Tip
Nb Tip removed: 0 (0s)
Nb errors removed: 10 (0s)
Superbubble
Nb superbubble removed: 0 0 (0s)
Tip
Nb Tip removed: 0 (0s)
Nb errors removed: 9 (0s)
Superbubble
Nb superbubble removed: 0 0 (0s)
Tip
Nb Tip removed: 0 (0s)
Nb errors removed: 2 (0s)
Superbubble
Nb superbubble removed: 0 0 (0s)
Tip
Nb Tip removed: 0 (0s)
Nb errors removed: 3 (0s)
Superbubble
Nb superbubble removed: 0 0 (0s)
Tip
Nb Tip removed: 0 (0s)
Nb errors removed: 2 (0s)
Superbubble
Nb superbubble removed: 0 0 (0s)
Tip
Nb Tip removed: 0 (0s)
Nb errors removed: 1 (0s)
Superbubble
Nb superbubble removed: 0 0 (0s)
Tip
Nb Tip removed: 0 (0s)
Nb errors removed: 1 (0s)
Superbubble
Nb superbubble removed: 0 0 (0s)
Tip
Nb Tip removed: 0 (0s)
Nb errors removed: 1 (0s)
Superbubble
Nb superbubble removed: 0 0 (0s)
Tip
Nb Tip removed: 0 (0s)
Nb errors removed: 1 (0s)
Superbubble
Nb superbubble removed: 0 0 (0s)
Tip
Nb Tip removed: 0 (0s)
Nb errors removed: 1 (0s)
Superbubble
Nb superbubble removed: 0 0 (0s)
Tip
Nb Tip removed: 0 (0s)
Nb errors removed: 2 (0s)
Superbubble
Nb superbubble removed: 0 0 (0s)
Tip
Nb Tip removed: 0 (0s)
Nb errors removed: 1 (0s)
Superbubble
Nb superbubble removed: 0 0 (0s)
Tip
Nb Tip removed: 0 (0s)
Checksum: 0
Checksum abundnace: 0
Generating contigs
45.2593
41.1448
28.1025
23.2252
15.8631
11.9182
10.8347
9.84974
8.14028
7.40025
6.11591
5.05447
4.17725
3.13843
2.14359
0


metaMDBG toMinspace  /var/folders/zg/vq0dnx517c54hg87dyqjky740000gn/T/.tmp7o7wQ0/tmp/ /var/folders/zg/vq0dnx517c54hg87dyqjky740000gn/T/.tmp7o7wQ0/tmp//contigs.nodepath /var/folders/zg/vq0dnx517c54hg87dyqjky740000gn/T/.tmp7o7wQ0/tmp//unitig_data.txt --threads 10

Input dir: /var/folders/zg/vq0dnx517c54hg87dyqjky740000gn/T/.tmp7o7wQ0/tmp/
Minimizer length: 15
Kminmer length: 38
Density: 0.005

Loading unitig sequences

Creating mContigs

Contig filename: /var/folders/zg/vq0dnx517c54hg87dyqjky740000gn/T/.tmp7o7wQ0/tmp//unitig_data.txt
pass done: 38
Multi-k pass: 39/206


metaMDBG graph /var/folders/zg/vq0dnx517c54hg87dyqjky740000gn/T/.tmp7o7wQ0/tmp/ --threads 10 --corrected-read 

Contig filename: 
Output dir: /var/folders/zg/vq0dnx517c54hg87dyqjky740000gn/T/.tmp7o7wQ0/tmp/
Minimizer length: 15
Kminmer length: 39
Density: 0.005
Min abundance: 0

Loading refined abundances
	Duration: 0
Collecting kminmers
Building mdbg
Duration: 0
Nb solid kminmers: 30850
Nb small contigs written: 0
Dump kminmer abundances
	Duration: 0
Indexing edges
Edge index size: 30715
Edge index elements: 54516
	Duration: 0
Compute unitig nodes
	Duration: 0
Index unitig edges
	Duration: 0
Compute unitig edges
	Duration: 0
Dump unitig abundances
	Duration: 0
Nb edges:   0


metaMDBG contig  /var/folders/zg/vq0dnx517c54hg87dyqjky740000gn/T/.tmp7o7wQ0/tmp/ --threads 10

Input dir: /var/folders/zg/vq0dnx517c54hg87dyqjky740000gn/T/.tmp7o7wQ0/tmp/
Minimizer length: 15
Kminmer length: 39
Density: 0.005

Loading unitig graph
Load unitigs
Nb unitigs: 1318
Nb minimizers: 80934
Add unitig abundances
Sorting abundances
Add unitig edges
Nb unitig edges: 2914
Sorting unitig edges
Done loading unitig graph
Simplifying
Max abundance: 42
Nb unitigs: 1318
Superbubble
Nb superbubble removed: 102 0 (0s)
Tip
Nb Tip removed: 262 (0s)
Superbubble
Nb superbubble removed: 154 0 (0s)
Tip
Nb Tip removed: 0 (0s)
Nb errors removed: 271 (0s)
Superbubble
Nb superbubble removed: 0 0 (0s)
Tip
Nb Tip removed: 0 (0s)
Nb errors removed: 49 (0s)
Superbubble
Nb superbubble removed: 0 0 (0s)
Tip
Nb Tip removed: 0 (0s)
Nb errors removed: 22 (0s)
Superbubble
Nb superbubble removed: 0 0 (0s)
Tip
Nb Tip removed: 0 (0s)
Nb errors removed: 9 (0s)
Superbubble
Nb superbubble removed: 0 0 (0s)
Tip
Nb Tip removed: 0 (0s)
Nb errors removed: 9 (0s)
Superbubble
Nb superbubble removed: 0 0 (0s)
Tip
Nb Tip removed: 0 (0s)
Nb errors removed: 2 (0s)
Superbubble
Nb superbubble removed: 0 0 (0s)
Tip
Nb Tip removed: 0 (0s)
Nb errors removed: 3 (0s)
Superbubble
Nb superbubble removed: 0 0 (0s)
Tip
Nb Tip removed: 0 (0s)
Nb errors removed: 2 (0s)
Superbubble
Nb superbubble removed: 0 0 (0s)
Tip
Nb Tip removed: 0 (0s)
Nb errors removed: 1 (0s)
Superbubble
Nb superbubble removed: 0 0 (0s)
Tip
Nb Tip removed: 0 (0s)
Nb errors removed: 1 (0s)
Superbubble
Nb superbubble removed: 0 0 (0s)
Tip
Nb Tip removed: 0 (0s)
Nb errors removed: 1 (0s)
Superbubble
Nb superbubble removed: 0 0 (0s)
Tip
Nb Tip removed: 0 (0s)
Nb errors removed: 1 (0s)
Superbubble
Nb superbubble removed: 0 0 (0s)
Tip
Nb Tip removed: 0 (0s)
Nb errors removed: 1 (0s)
Superbubble
Nb superbubble removed: 0 0 (0s)
Tip
Nb Tip removed: 0 (0s)
Nb errors removed: 2 (0s)
Superbubble
Nb superbubble removed: 0 0 (0s)
Tip
Nb Tip removed: 0 (0s)
Nb errors removed: 1 (0s)
Superbubble
Nb superbubble removed: 0 0 (0s)
Tip
Nb Tip removed: 0 (0s)
Checksum: 0
Checksum abundnace: 0
Generating contigs
45.2593
41.1448
28.1025
23.2252
15.8631
11.9182
10.8347
9.84974
8.14028
7.40025
6.11591
5.05447
4.17725
3.13843
2.14359
0


metaMDBG toMinspace  /var/folders/zg/vq0dnx517c54hg87dyqjky740000gn/T/.tmp7o7wQ0/tmp/ /var/folders/zg/vq0dnx517c54hg87dyqjky740000gn/T/.tmp7o7wQ0/tmp//contigs.nodepath /var/folders/zg/vq0dnx517c54hg87dyqjky740000gn/T/.tmp7o7wQ0/tmp//unitig_data.txt --threads 10

Input dir: /var/folders/zg/vq0dnx517c54hg87dyqjky740000gn/T/.tmp7o7wQ0/tmp/
Minimizer length: 15
Kminmer length: 39
Density: 0.005

Loading unitig sequences

Creating mContigs

Contig filename: /var/folders/zg/vq0dnx517c54hg87dyqjky740000gn/T/.tmp7o7wQ0/tmp//unitig_data.txt
pass done: 39
Multi-k pass: 40/206


metaMDBG graph /var/folders/zg/vq0dnx517c54hg87dyqjky740000gn/T/.tmp7o7wQ0/tmp/ --threads 10 --corrected-read 

Contig filename: 
Output dir: /var/folders/zg/vq0dnx517c54hg87dyqjky740000gn/T/.tmp7o7wQ0/tmp/
Minimizer length: 15
Kminmer length: 40
Density: 0.005
Min abundance: 0

Loading refined abundances
	Duration: 0
Collecting kminmers
Building mdbg
Duration: 0
Nb solid kminmers: 30972
Nb small contigs written: 0
Dump kminmer abundances
	Duration: 0
Indexing edges
Edge index size: 30840
Edge index elements: 55008
	Duration: 0
Compute unitig nodes
	Duration: 0
Index unitig edges
	Duration: 0
Compute unitig edges
	Duration: 0
Dump unitig abundances
	Duration: 0
Nb edges:   0


metaMDBG contig  /var/folders/zg/vq0dnx517c54hg87dyqjky740000gn/T/.tmp7o7wQ0/tmp/ --threads 10

Input dir: /var/folders/zg/vq0dnx517c54hg87dyqjky740000gn/T/.tmp7o7wQ0/tmp/
Minimizer length: 15
Kminmer length: 40
Density: 0.005

Loading unitig graph
Load unitigs
Nb unitigs: 1302
Nb minimizers: 81750
Add unitig abundances
Sorting abundances
Add unitig edges
Nb unitig edges: 2878
Sorting unitig edges
Done loading unitig graph
Simplifying
Max abundance: 42
Nb unitigs: 1302
Superbubble
Nb superbubble removed: 96 0 (0s)
Tip
Nb Tip removed: 271 (0s)
Superbubble
Nb superbubble removed: 156 0 (0s)
Tip
Nb Tip removed: 0 (0s)
Nb errors removed: 270 (0s)
Superbubble
Nb superbubble removed: 0 0 (0s)
Tip
Nb Tip removed: 0 (0s)
Nb errors removed: 54 (0s)
Superbubble
Nb superbubble removed: 0 0 (0s)
Tip
Nb Tip removed: 0 (0s)
Nb errors removed: 23 (0s)
Superbubble
Nb superbubble removed: 0 0 (0s)
Tip
Nb Tip removed: 0 (0s)
Nb errors removed: 8 (0s)
Superbubble
Nb superbubble removed: 0 0 (0s)
Tip
Nb Tip removed: 0 (0s)
Nb errors removed: 8 (0s)
Superbubble
Nb superbubble removed: 0 0 (0s)
Tip
Nb Tip removed: 0 (0s)
Nb errors removed: 2 (0s)
Superbubble
Nb superbubble removed: 0 0 (0s)
Tip
Nb Tip removed: 0 (0s)
Nb errors removed: 4 (0s)
Superbubble
Nb superbubble removed: 0 0 (0s)
Tip
Nb Tip removed: 0 (0s)
Nb errors removed: 2 (0s)
Superbubble
Nb superbubble removed: 0 0 (0s)
Tip
Nb Tip removed: 0 (0s)
Nb errors removed: 1 (0s)
Superbubble
Nb superbubble removed: 0 0 (0s)
Tip
Nb Tip removed: 0 (0s)
Nb errors removed: 1 (0s)
Superbubble
Nb superbubble removed: 0 0 (0s)
Tip
Nb Tip removed: 0 (0s)
Nb errors removed: 1 (0s)
Superbubble
Nb superbubble removed: 0 0 (0s)
Tip
Nb Tip removed: 0 (0s)
Nb errors removed: 1 (0s)
Superbubble
Nb superbubble removed: 0 0 (0s)
Tip
Nb Tip removed: 0 (0s)
Nb errors removed: 1 (0s)
Superbubble
Nb superbubble removed: 0 0 (0s)
Tip
Nb Tip removed: 0 (0s)
Nb errors removed: 2 (0s)
Superbubble
Nb superbubble removed: 0 0 (0s)
Tip
Nb Tip removed: 0 (0s)
Nb errors removed: 1 (0s)
Superbubble
Nb superbubble removed: 0 0 (0s)
Tip
Nb Tip removed: 0 (0s)
Checksum: 0
Checksum abundnace: 0
Generating contigs
45.2593
41.1448
28.1025
23.2252
15.8631
11.9182
10.8347
9.84974
8.14028
7.40025
6.11591
5.05447
4.17725
3.13843
2.14359
0


metaMDBG toMinspace  /var/folders/zg/vq0dnx517c54hg87dyqjky740000gn/T/.tmp7o7wQ0/tmp/ /var/folders/zg/vq0dnx517c54hg87dyqjky740000gn/T/.tmp7o7wQ0/tmp//contigs.nodepath /var/folders/zg/vq0dnx517c54hg87dyqjky740000gn/T/.tmp7o7wQ0/tmp//unitig_data.txt --threads 10

Input dir: /var/folders/zg/vq0dnx517c54hg87dyqjky740000gn/T/.tmp7o7wQ0/tmp/
Minimizer length: 15
Kminmer length: 40
Density: 0.005

Loading unitig sequences

Creating mContigs

Contig filename: /var/folders/zg/vq0dnx517c54hg87dyqjky740000gn/T/.tmp7o7wQ0/tmp//unitig_data.txt
pass done: 40
Multi-k pass: 41/206


metaMDBG graph /var/folders/zg/vq0dnx517c54hg87dyqjky740000gn/T/.tmp7o7wQ0/tmp/ --threads 10 --corrected-read 

Contig filename: 
Output dir: /var/folders/zg/vq0dnx517c54hg87dyqjky740000gn/T/.tmp7o7wQ0/tmp/
Minimizer length: 15
Kminmer length: 41
Density: 0.005
Min abundance: 0

Loading refined abundances
	Duration: 0
Collecting kminmers
Building mdbg
Duration: 0
Nb solid kminmers: 31096
Nb small contigs written: 0
Dump kminmer abundances
	Duration: 0
Indexing edges
Edge index size: 30967
Edge index elements: 55111
	Duration: 0
Compute unitig nodes
	Duration: 0
Index unitig edges
	Duration: 0
Compute unitig edges
	Duration: 0
Dump unitig abundances
	Duration: 0
Nb edges:   0


metaMDBG contig  /var/folders/zg/vq0dnx517c54hg87dyqjky740000gn/T/.tmp7o7wQ0/tmp/ --threads 10 --gen-graph 

Input dir: /var/folders/zg/vq0dnx517c54hg87dyqjky740000gn/T/.tmp7o7wQ0/tmp/
Minimizer length: 15
Kminmer length: 41
Density: 0.005

Loading unitig graph
Load unitigs
Nb unitigs: 1288
Nb minimizers: 82616
Add unitig abundances
Sorting abundances
Add unitig edges
Nb unitig edges: 2844
Sorting unitig edges
Done loading unitig graph
Simplifying
Max abundance: 42
Nb unitigs: 1288
Superbubble
Nb superbubble removed: 94 0 (0s)
Tip
Nb Tip removed: 272 (0s)
Superbubble
Nb superbubble removed: 160 0 (0s)
Tip
Nb Tip removed: 0 (0s)
Saving unitig graph: /var/folders/zg/vq0dnx517c54hg87dyqjky740000gn/T/.tmp7o7wQ0/tmp//assembly_graph.gfa
Nb errors removed: 268 (0s)
Superbubble
Nb superbubble removed: 0 0 (0s)
Tip
Nb Tip removed: 0 (0s)
Nb errors removed: 54 (0s)
Superbubble
Nb superbubble removed: 0 0 (0s)
Tip
Nb Tip removed: 0 (0s)
Nb errors removed: 24 (0s)
Superbubble
Nb superbubble removed: 0 0 (0s)
Tip
Nb Tip removed: 0 (0s)
Nb errors removed: 8 (0s)
Superbubble
Nb superbubble removed: 0 0 (0s)
Tip
Nb Tip removed: 0 (0s)
Nb errors removed: 9 (0s)
Superbubble
Nb superbubble removed: 0 0 (0s)
Tip
Nb Tip removed: 0 (0s)
Nb errors removed: 2 (0s)
Superbubble
Nb superbubble removed: 0 0 (0s)
Tip
Nb Tip removed: 0 (0s)
Nb errors removed: 4 (0s)
Superbubble
Nb superbubble removed: 0 0 (0s)
Tip
Nb Tip removed: 0 (0s)
Nb errors removed: 1 (0s)
Superbubble
Nb superbubble removed: 0 0 (0s)
Tip
Nb Tip removed: 0 (0s)
Nb errors removed: 1 (0s)
Superbubble
Nb superbubble removed: 0 0 (0s)
Tip
Nb Tip removed: 0 (0s)
Nb errors removed: 1 (0s)
Superbubble
Nb superbubble removed: 0 0 (0s)
Tip
Nb Tip removed: 0 (0s)
Nb errors removed: 1 (0s)
Superbubble
Nb superbubble removed: 0 0 (0s)
Tip
Nb Tip removed: 0 (0s)
Nb errors removed: 1 (0s)
Superbubble
Nb superbubble removed: 0 0 (0s)
Tip
Nb Tip removed: 0 (0s)
Nb errors removed: 1 (0s)
Superbubble
Nb superbubble removed: 0 0 (0s)
Tip
Nb Tip removed: 0 (0s)
Nb errors removed: 2 (0s)
Superbubble
Nb superbubble removed: 0 0 (0s)
Tip
Nb Tip removed: 0 (0s)
Nb errors removed: 1 (0s)
Superbubble
Nb superbubble removed: 0 0 (0s)
Tip
Nb Tip removed: 0 (0s)
Checksum: 0
Checksum abundnace: 0
Generating contigs
45.2593
41.1448
28.1025
23.2252
15.8631
11.9182
10.8347
9.84974
8.14028
7.40025
6.11591
5.05447
4.17725
3.13843
2.14359
0


metaMDBG toMinspace  /var/folders/zg/vq0dnx517c54hg87dyqjky740000gn/T/.tmp7o7wQ0/tmp/ /var/folders/zg/vq0dnx517c54hg87dyqjky740000gn/T/.tmp7o7wQ0/tmp//contigs.nodepath /var/folders/zg/vq0dnx517c54hg87dyqjky740000gn/T/.tmp7o7wQ0/tmp//unitig_data.txt --threads 10

Input dir: /var/folders/zg/vq0dnx517c54hg87dyqjky740000gn/T/.tmp7o7wQ0/tmp/
Minimizer length: 15
Kminmer length: 41
Density: 0.005

Loading unitig sequences

Creating mContigs

Contig filename: /var/folders/zg/vq0dnx517c54hg87dyqjky740000gn/T/.tmp7o7wQ0/tmp//unitig_data.txt


metaMDBG toMinspace  /var/folders/zg/vq0dnx517c54hg87dyqjky740000gn/T/.tmp7o7wQ0/tmp/ /var/folders/zg/vq0dnx517c54hg87dyqjky740000gn/T/.tmp7o7wQ0/tmp//assembly_graph.gfa.unitigs.nodepath /var/folders/zg/vq0dnx517c54hg87dyqjky740000gn/T/.tmp7o7wQ0/tmp//assembly_graph.gfa.unitigs --threads 10

Input dir: /var/folders/zg/vq0dnx517c54hg87dyqjky740000gn/T/.tmp7o7wQ0/tmp/
Minimizer length: 15
Kminmer length: 41
Density: 0.005

Loading unitig sequences

Creating mContigs

Contig filename: /var/folders/zg/vq0dnx517c54hg87dyqjky740000gn/T/.tmp7o7wQ0/tmp//assembly_graph.gfa.unitigs
pass done: 41
Multi-k pass: 42/206


metaMDBG graph /var/folders/zg/vq0dnx517c54hg87dyqjky740000gn/T/.tmp7o7wQ0/tmp/ --threads 10 --corrected-read 

Contig filename: 
Output dir: /var/folders/zg/vq0dnx517c54hg87dyqjky740000gn/T/.tmp7o7wQ0/tmp/
Minimizer length: 15
Kminmer length: 42
Density: 0.005
Min abundance: 0

Loading refined abundances
	Duration: 0
Collecting kminmers
Building mdbg
Duration: 0
Nb solid kminmers: 31218
Nb small contigs written: 0
Dump kminmer abundances
	Duration: 0
Indexing edges
Edge index size: 31091
Edge index elements: 55237
	Duration: 0
Compute unitig nodes
	Duration: 0
Index unitig edges
	Duration: 0
Compute unitig edges
	Duration: 0
Dump unitig abundances
	Duration: 0
Nb edges:   0


metaMDBG contig  /var/folders/zg/vq0dnx517c54hg87dyqjky740000gn/T/.tmp7o7wQ0/tmp/ --threads 10

Input dir: /var/folders/zg/vq0dnx517c54hg87dyqjky740000gn/T/.tmp7o7wQ0/tmp/
Minimizer length: 15
Kminmer length: 42
Density: 0.005

Loading unitig graph
Load unitigs
Nb unitigs: 1278
Nb minimizers: 83616
Add unitig abundances
Sorting abundances
Add unitig edges
Nb unitig edges: 2824
Sorting unitig edges
Done loading unitig graph
Simplifying
Max abundance: 42
Nb unitigs: 1278
Superbubble
Nb superbubble removed: 90 0 (0s)
Tip
Nb Tip removed: 273 (0s)
Superbubble
Nb superbubble removed: 158 0 (0s)
Tip
Nb Tip removed: 0 (0s)
Nb errors removed: 266 (0s)
Superbubble
Nb superbubble removed: 0 0 (0s)
Tip
Nb Tip removed: 0 (0s)
Nb errors removed: 54 (0s)
Superbubble
Nb superbubble removed: 0 0 (0s)
Tip
Nb Tip removed: 0 (0s)
Nb errors removed: 25 (0s)
Superbubble
Nb superbubble removed: 0 0 (0s)
Tip
Nb Tip removed: 0 (0s)
Nb errors removed: 7 (0s)
Superbubble
Nb superbubble removed: 0 0 (0s)
Tip
Nb Tip removed: 0 (0s)
Nb errors removed: 9 (0s)
Superbubble
Nb superbubble removed: 0 0 (0s)
Tip
Nb Tip removed: 0 (0s)
Nb errors removed: 2 (0s)
Superbubble
Nb superbubble removed: 0 0 (0s)
Tip
Nb Tip removed: 0 (0s)
Nb errors removed: 6 (0s)
Superbubble
Nb superbubble removed: 0 0 (0s)
Tip
Nb Tip removed: 0 (0s)
Nb errors removed: 1 (0s)
Superbubble
Nb superbubble removed: 0 0 (0s)
Tip
Nb Tip removed: 0 (0s)
Nb errors removed: 1 (0s)
Superbubble
Nb superbubble removed: 0 0 (0s)
Tip
Nb Tip removed: 0 (0s)
Nb errors removed: 1 (0s)
Superbubble
Nb superbubble removed: 0 0 (0s)
Tip
Nb Tip removed: 0 (0s)
Nb errors removed: 1 (0s)
Superbubble
Nb superbubble removed: 0 0 (0s)
Tip
Nb Tip removed: 0 (0s)
Nb errors removed: 1 (0s)
Superbubble
Nb superbubble removed: 0 0 (0s)
Tip
Nb Tip removed: 0 (0s)
Nb errors removed: 1 (0s)
Superbubble
Nb superbubble removed: 0 0 (0s)
Tip
Nb Tip removed: 0 (0s)
Nb errors removed: 2 (0s)
Superbubble
Nb superbubble removed: 0 0 (0s)
Tip
Nb Tip removed: 0 (0s)
Nb errors removed: 1 (0s)
Superbubble
Nb superbubble removed: 0 0 (0s)
Tip
Nb Tip removed: 0 (0s)
Checksum: 0
Checksum abundnace: 0
Generating contigs
45.2593
41.1448
28.1025
23.2252
15.8631
11.9182
10.8347
9.84974
8.14028
7.40025
6.11591
5.05447
4.17725
3.13843
2.14359
0


metaMDBG toMinspace  /var/folders/zg/vq0dnx517c54hg87dyqjky740000gn/T/.tmp7o7wQ0/tmp/ /var/folders/zg/vq0dnx517c54hg87dyqjky740000gn/T/.tmp7o7wQ0/tmp//contigs.nodepath /var/folders/zg/vq0dnx517c54hg87dyqjky740000gn/T/.tmp7o7wQ0/tmp//unitig_data.txt --threads 10

Input dir: /var/folders/zg/vq0dnx517c54hg87dyqjky740000gn/T/.tmp7o7wQ0/tmp/
Minimizer length: 15
Kminmer length: 42
Density: 0.005

Loading unitig sequences

Creating mContigs

Contig filename: /var/folders/zg/vq0dnx517c54hg87dyqjky740000gn/T/.tmp7o7wQ0/tmp//unitig_data.txt
pass done: 42
Multi-k pass: 43/206


metaMDBG graph /var/folders/zg/vq0dnx517c54hg87dyqjky740000gn/T/.tmp7o7wQ0/tmp/ --threads 10 --corrected-read 

Contig filename: 
Output dir: /var/folders/zg/vq0dnx517c54hg87dyqjky740000gn/T/.tmp7o7wQ0/tmp/
Minimizer length: 15
Kminmer length: 43
Density: 0.005
Min abundance: 0

Loading refined abundances
	Duration: 0
Collecting kminmers
Building mdbg
Duration: 0
Nb solid kminmers: 31336
Nb small contigs written: 0
Dump kminmer abundances
	Duration: 0
Indexing edges
Edge index size: 31217
Edge index elements: 55433
	Duration: 0
Compute unitig nodes
	Duration: 0
Index unitig edges
	Duration: 0
Compute unitig edges
	Duration: 0
Dump unitig abundances
	Duration: 0
Nb edges:   0


metaMDBG contig  /var/folders/zg/vq0dnx517c54hg87dyqjky740000gn/T/.tmp7o7wQ0/tmp/ --threads 10

Input dir: /var/folders/zg/vq0dnx517c54hg87dyqjky740000gn/T/.tmp7o7wQ0/tmp/
Minimizer length: 15
Kminmer length: 43
Density: 0.005

Loading unitig graph
Load unitigs
Nb unitigs: 1270
Nb minimizers: 84676
Add unitig abundances
Sorting abundances
Add unitig edges
Nb unitig edges: 2792
Sorting unitig edges
Done loading unitig graph
Simplifying
Max abundance: 42
Nb unitigs: 1270
Superbubble
Nb superbubble removed: 86 0 (0s)
Tip
Nb Tip removed: 271 (0s)
Superbubble
Nb superbubble removed: 152 0 (0s)
Tip
Nb Tip removed: 0 (0s)
Nb errors removed: 271 (0s)
Superbubble
Nb superbubble removed: 4 0 (0s)
Tip
Nb Tip removed: 0 (0s)
Nb errors removed: 54 (0s)
Superbubble
Nb superbubble removed: 0 0 (0s)
Tip
Nb Tip removed: 0 (0s)
Nb errors removed: 28 (0s)
Superbubble
Nb superbubble removed: 0 0 (0s)
Tip
Nb Tip removed: 0 (0s)
Nb errors removed: 7 (0s)
Superbubble
Nb superbubble removed: 0 0 (0s)
Tip
Nb Tip removed: 0 (0s)
Nb errors removed: 9 (0s)
Superbubble
Nb superbubble removed: 0 0 (0s)
Tip
Nb Tip removed: 0 (0s)
Nb errors removed: 2 (0s)
Superbubble
Nb superbubble removed: 0 0 (0s)
Tip
Nb Tip removed: 0 (0s)
Nb errors removed: 6 (0s)
Superbubble
Nb superbubble removed: 0 0 (0s)
Tip
Nb Tip removed: 0 (0s)
Nb errors removed: 2 (0s)
Superbubble
Nb superbubble removed: 0 0 (0s)
Tip
Nb Tip removed: 0 (0s)
Nb errors removed: 1 (0s)
Superbubble
Nb superbubble removed: 0 0 (0s)
Tip
Nb Tip removed: 0 (0s)
Nb errors removed: 1 (0s)
Superbubble
Nb superbubble removed: 0 0 (0s)
Tip
Nb Tip removed: 0 (0s)
Nb errors removed: 1 (0s)
Superbubble
Nb superbubble removed: 0 0 (0s)
Tip
Nb Tip removed: 0 (0s)
Nb errors removed: 1 (0s)
Superbubble
Nb superbubble removed: 0 0 (0s)
Tip
Nb Tip removed: 0 (0s)
Nb errors removed: 1 (0s)
Superbubble
Nb superbubble removed: 0 0 (0s)
Tip
Nb Tip removed: 0 (0s)
Nb errors removed: 2 (0s)
Superbubble
Nb superbubble removed: 0 0 (0s)
Tip
Nb Tip removed: 0 (0s)
Nb errors removed: 1 (0s)
Superbubble
Nb superbubble removed: 0 0 (0s)
Tip
Nb Tip removed: 0 (0s)
Checksum: 0
Checksum abundnace: 0
Generating contigs
45.2593
41.1448
28.1025
23.2252
15.8631
11.9182
10.8347
9.84974
8.14028
7.40025
6.11591
5.05447
4.17725
3.13843
2.14359
0


metaMDBG toMinspace  /var/folders/zg/vq0dnx517c54hg87dyqjky740000gn/T/.tmp7o7wQ0/tmp/ /var/folders/zg/vq0dnx517c54hg87dyqjky740000gn/T/.tmp7o7wQ0/tmp//contigs.nodepath /var/folders/zg/vq0dnx517c54hg87dyqjky740000gn/T/.tmp7o7wQ0/tmp//unitig_data.txt --threads 10

Input dir: /var/folders/zg/vq0dnx517c54hg87dyqjky740000gn/T/.tmp7o7wQ0/tmp/
Minimizer length: 15
Kminmer length: 43
Density: 0.005

Loading unitig sequences

Creating mContigs

Contig filename: /var/folders/zg/vq0dnx517c54hg87dyqjky740000gn/T/.tmp7o7wQ0/tmp//unitig_data.txt
pass done: 43
Multi-k pass: 44/206


metaMDBG graph /var/folders/zg/vq0dnx517c54hg87dyqjky740000gn/T/.tmp7o7wQ0/tmp/ --threads 10 --corrected-read 

Contig filename: 
Output dir: /var/folders/zg/vq0dnx517c54hg87dyqjky740000gn/T/.tmp7o7wQ0/tmp/
Minimizer length: 15
Kminmer length: 44
Density: 0.005
Min abundance: 0

Loading refined abundances
	Duration: 0
Collecting kminmers
Building mdbg
Duration: 0
Nb solid kminmers: 31453
Nb small contigs written: 0
Dump kminmer abundances
	Duration: 0
Indexing edges
Edge index size: 31331
Edge index elements: 55811
	Duration: 0
Compute unitig nodes
	Duration: 0
Index unitig edges
	Duration: 0
Compute unitig edges
	Duration: 0
Dump unitig abundances
	Duration: 0
Nb edges:   0


metaMDBG contig  /var/folders/zg/vq0dnx517c54hg87dyqjky740000gn/T/.tmp7o7wQ0/tmp/ --threads 10

Input dir: /var/folders/zg/vq0dnx517c54hg87dyqjky740000gn/T/.tmp7o7wQ0/tmp/
Minimizer length: 15
Kminmer length: 44
Density: 0.005

Loading unitig graph
Load unitigs
Nb unitigs: 1272
Nb minimizers: 86149
Add unitig abundances
Sorting abundances
Add unitig edges
Nb unitig edges: 2792
Sorting unitig edges
Done loading unitig graph
Simplifying
Max abundance: 42
Nb unitigs: 1272
Superbubble
Nb superbubble removed: 80 0 (0s)
Tip
Nb Tip removed: 271 (0s)
Superbubble
Nb superbubble removed: 152 0 (0s)
Tip
Nb Tip removed: 0 (0s)
Nb errors removed: 265 (0s)
Superbubble
Nb superbubble removed: 4 0 (0s)
Tip
Nb Tip removed: 0 (0s)
Nb errors removed: 55 (0s)
Superbubble
Nb superbubble removed: 0 0 (0s)
Tip
Nb Tip removed: 0 (0s)
Nb errors removed: 28 (0s)
Superbubble
Nb superbubble removed: 0 0 (0s)
Tip
Nb Tip removed: 0 (0s)
Nb errors removed: 7 (0s)
Superbubble
Nb superbubble removed: 0 0 (0s)
Tip
Nb Tip removed: 0 (0s)
Nb errors removed: 9 (0s)
Superbubble
Nb superbubble removed: 0 0 (0s)
Tip
Nb Tip removed: 0 (0s)
Nb errors removed: 2 (0s)
Superbubble
Nb superbubble removed: 0 0 (0s)
Tip
Nb Tip removed: 0 (0s)
Nb errors removed: 6 (0s)
Superbubble
Nb superbubble removed: 0 0 (0s)
Tip
Nb Tip removed: 0 (0s)
Nb errors removed: 2 (0s)
Superbubble
Nb superbubble removed: 0 0 (0s)
Tip
Nb Tip removed: 0 (0s)
Nb errors removed: 1 (0s)
Superbubble
Nb superbubble removed: 0 0 (0s)
Tip
Nb Tip removed: 0 (0s)
Nb errors removed: 1 (0s)
Superbubble
Nb superbubble removed: 0 0 (0s)
Tip
Nb Tip removed: 0 (0s)
Nb errors removed: 1 (0s)
Superbubble
Nb superbubble removed: 0 0 (0s)
Tip
Nb Tip removed: 0 (0s)
Nb errors removed: 1 (0s)
Superbubble
Nb superbubble removed: 0 0 (0s)
Tip
Nb Tip removed: 0 (0s)
Nb errors removed: 1 (0s)
Superbubble
Nb superbubble removed: 0 0 (0s)
Tip
Nb Tip removed: 0 (0s)
Nb errors removed: 2 (0s)
Superbubble
Nb superbubble removed: 0 0 (0s)
Tip
Nb Tip removed: 0 (0s)
Nb errors removed: 1 (0s)
Superbubble
Nb superbubble removed: 0 0 (0s)
Tip
Nb Tip removed: 0 (0s)
Checksum: 0
Checksum abundnace: 0
Generating contigs
45.2593
41.1448
28.1025
23.2252
15.8631
11.9182
10.8347
9.84974
8.14028
7.40025
6.11591
5.05447
4.17725
3.13843
2.14359
0


metaMDBG toMinspace  /var/folders/zg/vq0dnx517c54hg87dyqjky740000gn/T/.tmp7o7wQ0/tmp/ /var/folders/zg/vq0dnx517c54hg87dyqjky740000gn/T/.tmp7o7wQ0/tmp//contigs.nodepath /var/folders/zg/vq0dnx517c54hg87dyqjky740000gn/T/.tmp7o7wQ0/tmp//unitig_data.txt --threads 10

Input dir: /var/folders/zg/vq0dnx517c54hg87dyqjky740000gn/T/.tmp7o7wQ0/tmp/
Minimizer length: 15
Kminmer length: 44
Density: 0.005

Loading unitig sequences

Creating mContigs

Contig filename: /var/folders/zg/vq0dnx517c54hg87dyqjky740000gn/T/.tmp7o7wQ0/tmp//unitig_data.txt
pass done: 44
Multi-k pass: 45/206


metaMDBG graph /var/folders/zg/vq0dnx517c54hg87dyqjky740000gn/T/.tmp7o7wQ0/tmp/ --threads 10 --corrected-read 

Contig filename: 
Output dir: /var/folders/zg/vq0dnx517c54hg87dyqjky740000gn/T/.tmp7o7wQ0/tmp/
Minimizer length: 15
Kminmer length: 45
Density: 0.005
Min abundance: 0

Loading refined abundances
	Duration: 0
Collecting kminmers
Building mdbg
Duration: 0
Nb solid kminmers: 31567
Nb small contigs written: 0
Dump kminmer abundances
	Duration: 0
Indexing edges
Edge index size: 31448
Edge index elements: 56121
	Duration: 0
Compute unitig nodes
	Duration: 0
Index unitig edges
	Duration: 0
Compute unitig edges
	Duration: 0
Dump unitig abundances
	Duration: 0
Nb edges:   0


metaMDBG contig  /var/folders/zg/vq0dnx517c54hg87dyqjky740000gn/T/.tmp7o7wQ0/tmp/ --threads 10

Input dir: /var/folders/zg/vq0dnx517c54hg87dyqjky740000gn/T/.tmp7o7wQ0/tmp/
Minimizer length: 15
Kminmer length: 45
Density: 0.005

Loading unitig graph
Load unitigs
Nb unitigs: 1261
Nb minimizers: 87051
Add unitig abundances
Sorting abundances
Add unitig edges
Nb unitig edges: 2760
Sorting unitig edges
Done loading unitig graph
Simplifying
Max abundance: 42
Nb unitigs: 1261
Superbubble
Nb superbubble removed: 78 0 (0s)
Tip
Nb Tip removed: 269 (0s)
Superbubble
Nb superbubble removed: 152 0 (0s)
Tip
Nb Tip removed: 0 (0s)
Nb errors removed: 262 (0s)
Superbubble
Nb superbubble removed: 4 0 (0s)
Tip
Nb Tip removed: 0 (0s)
Nb errors removed: 54 (0s)
Superbubble
Nb superbubble removed: 0 0 (0s)
Tip
Nb Tip removed: 0 (0s)
Nb errors removed: 29 (0s)
Superbubble
Nb superbubble removed: 0 0 (0s)
Tip
Nb Tip removed: 0 (0s)
Nb errors removed: 7 (0s)
Superbubble
Nb superbubble removed: 0 0 (0s)
Tip
Nb Tip removed: 0 (0s)
Nb errors removed: 9 (0s)
Superbubble
Nb superbubble removed: 0 0 (0s)
Tip
Nb Tip removed: 0 (0s)
Nb errors removed: 2 (0s)
Superbubble
Nb superbubble removed: 0 0 (0s)
Tip
Nb Tip removed: 0 (0s)
Nb errors removed: 6 (0s)
Superbubble
Nb superbubble removed: 0 0 (0s)
Tip
Nb Tip removed: 0 (0s)
Nb errors removed: 2 (0s)
Superbubble
Nb superbubble removed: 0 0 (0s)
Tip
Nb Tip removed: 0 (0s)
Nb errors removed: 1 (0s)
Superbubble
Nb superbubble removed: 0 0 (0s)
Tip
Nb Tip removed: 0 (0s)
Nb errors removed: 1 (0s)
Superbubble
Nb superbubble removed: 0 0 (0s)
Tip
Nb Tip removed: 0 (0s)
Nb errors removed: 1 (0s)
Superbubble
Nb superbubble removed: 0 0 (0s)
Tip
Nb Tip removed: 0 (0s)
Nb errors removed: 1 (0s)
Superbubble
Nb superbubble removed: 0 0 (0s)
Tip
Nb Tip removed: 0 (0s)
Nb errors removed: 1 (0s)
Superbubble
Nb superbubble removed: 0 0 (0s)
Tip
Nb Tip removed: 0 (0s)
Nb errors removed: 2 (0s)
Superbubble
Nb superbubble removed: 0 0 (0s)
Tip
Nb Tip removed: 0 (0s)
Nb errors removed: 1 (0s)
Superbubble
Nb superbubble removed: 0 0 (0s)
Tip
Nb Tip removed: 0 (0s)
Checksum: 0
Checksum abundnace: 0
Generating contigs
45.2593
41.1448
28.1025
23.2252
15.8631
11.9182
10.8347
9.84974
8.14028
7.40025
6.11591
5.05447
4.17725
3.13843
2.14359
0


metaMDBG toMinspace  /var/folders/zg/vq0dnx517c54hg87dyqjky740000gn/T/.tmp7o7wQ0/tmp/ /var/folders/zg/vq0dnx517c54hg87dyqjky740000gn/T/.tmp7o7wQ0/tmp//contigs.nodepath /var/folders/zg/vq0dnx517c54hg87dyqjky740000gn/T/.tmp7o7wQ0/tmp//unitig_data.txt --threads 10

Input dir: /var/folders/zg/vq0dnx517c54hg87dyqjky740000gn/T/.tmp7o7wQ0/tmp/
Minimizer length: 15
Kminmer length: 45
Density: 0.005

Loading unitig sequences

Creating mContigs

Contig filename: /var/folders/zg/vq0dnx517c54hg87dyqjky740000gn/T/.tmp7o7wQ0/tmp//unitig_data.txt
pass done: 45
Multi-k pass: 46/206


metaMDBG graph /var/folders/zg/vq0dnx517c54hg87dyqjky740000gn/T/.tmp7o7wQ0/tmp/ --threads 10 --corrected-read 

Contig filename: 
Output dir: /var/folders/zg/vq0dnx517c54hg87dyqjky740000gn/T/.tmp7o7wQ0/tmp/
Minimizer length: 15
Kminmer length: 46
Density: 0.005
Min abundance: 0

Loading refined abundances
	Duration: 0
Collecting kminmers
Building mdbg
Duration: 0
Nb solid kminmers: 31679
Nb small contigs written: 0
Dump kminmer abundances
	Duration: 0
Indexing edges
Edge index size: 31565
Edge index elements: 56288
	Duration: 0
Compute unitig nodes
	Duration: 0
Index unitig edges
	Duration: 0
Compute unitig edges
	Duration: 0
Dump unitig abundances
	Duration: 0
Nb edges:   0


metaMDBG contig  /var/folders/zg/vq0dnx517c54hg87dyqjky740000gn/T/.tmp7o7wQ0/tmp/ --threads 10

Input dir: /var/folders/zg/vq0dnx517c54hg87dyqjky740000gn/T/.tmp7o7wQ0/tmp/
Minimizer length: 15
Kminmer length: 46
Density: 0.005

Loading unitig graph
Load unitigs
Nb unitigs: 1252
Nb minimizers: 88019
Add unitig abundances
Sorting abundances
Add unitig edges
Nb unitig edges: 2738
Sorting unitig edges
Done loading unitig graph
Simplifying
Max abundance: 42
Nb unitigs: 1252
Superbubble
Nb superbubble removed: 76 0 (0s)
Tip
Nb Tip removed: 271 (0s)
Superbubble
Nb superbubble removed: 148 0 (0s)
Tip
Nb Tip removed: 0 (0s)
Nb errors removed: 262 (0s)
Superbubble
Nb superbubble removed: 4 0 (0s)
Tip
Nb Tip removed: 0 (0s)
Nb errors removed: 55 (0s)
Superbubble
Nb superbubble removed: 0 0 (0s)
Tip
Nb Tip removed: 0 (0s)
Nb errors removed: 30 (0s)
Superbubble
Nb superbubble removed: 0 0 (0s)
Tip
Nb Tip removed: 0 (0s)
Nb errors removed: 9 (0s)
Superbubble
Nb superbubble removed: 0 0 (0s)
Tip
Nb Tip removed: 0 (0s)
Nb errors removed: 9 (0s)
Superbubble
Nb superbubble removed: 0 0 (0s)
Tip
Nb Tip removed: 0 (0s)
Nb errors removed: 2 (0s)
Superbubble
Nb superbubble removed: 0 0 (0s)
Tip
Nb Tip removed: 0 (0s)
Nb errors removed: 6 (0s)
Superbubble
Nb superbubble removed: 0 0 (0s)
Tip
Nb Tip removed: 0 (0s)
Nb errors removed: 2 (0s)
Superbubble
Nb superbubble removed: 0 0 (0s)
Tip
Nb Tip removed: 0 (0s)
Nb errors removed: 1 (0s)
Superbubble
Nb superbubble removed: 0 0 (0s)
Tip
Nb Tip removed: 0 (0s)
Nb errors removed: 1 (0s)
Superbubble
Nb superbubble removed: 0 0 (0s)
Tip
Nb Tip removed: 0 (0s)
Nb errors removed: 1 (0s)
Superbubble
Nb superbubble removed: 0 0 (0s)
Tip
Nb Tip removed: 0 (0s)
Nb errors removed: 1 (0s)
Superbubble
Nb superbubble removed: 0 0 (0s)
Tip
Nb Tip removed: 0 (0s)
Nb errors removed: 1 (0s)
Superbubble
Nb superbubble removed: 0 0 (0s)
Tip
Nb Tip removed: 0 (0s)
Nb errors removed: 2 (0s)
Superbubble
Nb superbubble removed: 0 0 (0s)
Tip
Nb Tip removed: 0 (0s)
Nb errors removed: 1 (0s)
Superbubble
Nb superbubble removed: 0 0 (0s)
Tip
Nb Tip removed: 0 (0s)
Checksum: 0
Checksum abundnace: 0
Generating contigs
45.2593
41.1448
28.1025
23.2252
15.8631
11.9182
10.8347
9.84974
8.14028
7.40025
6.11591
5.05447
4.17725
3.13843
2.14359
0


metaMDBG toMinspace  /var/folders/zg/vq0dnx517c54hg87dyqjky740000gn/T/.tmp7o7wQ0/tmp/ /var/folders/zg/vq0dnx517c54hg87dyqjky740000gn/T/.tmp7o7wQ0/tmp//contigs.nodepath /var/folders/zg/vq0dnx517c54hg87dyqjky740000gn/T/.tmp7o7wQ0/tmp//unitig_data.txt --threads 10

Input dir: /var/folders/zg/vq0dnx517c54hg87dyqjky740000gn/T/.tmp7o7wQ0/tmp/
Minimizer length: 15
Kminmer length: 46
Density: 0.005

Loading unitig sequences

Creating mContigs

Contig filename: /var/folders/zg/vq0dnx517c54hg87dyqjky740000gn/T/.tmp7o7wQ0/tmp//unitig_data.txt
pass done: 46
Multi-k pass: 47/206


metaMDBG graph /var/folders/zg/vq0dnx517c54hg87dyqjky740000gn/T/.tmp7o7wQ0/tmp/ --threads 10 --corrected-read 

Contig filename: 
Output dir: /var/folders/zg/vq0dnx517c54hg87dyqjky740000gn/T/.tmp7o7wQ0/tmp/
Minimizer length: 15
Kminmer length: 47
Density: 0.005
Min abundance: 0

Loading refined abundances
	Duration: 0
Collecting kminmers
Building mdbg
Duration: 0
Nb solid kminmers: 31781
Nb small contigs written: 0
Dump kminmer abundances
	Duration: 0
Indexing edges
Edge index size: 31674
Edge index elements: 56498
	Duration: 0
Compute unitig nodes
	Duration: 0
Index unitig edges
	Duration: 0
Compute unitig edges
	Duration: 0
Dump unitig abundances
	Duration: 0
Nb edges:   0


metaMDBG contig  /var/folders/zg/vq0dnx517c54hg87dyqjky740000gn/T/.tmp7o7wQ0/tmp/ --threads 10

Input dir: /var/folders/zg/vq0dnx517c54hg87dyqjky740000gn/T/.tmp7o7wQ0/tmp/
Minimizer length: 15
Kminmer length: 47
Density: 0.005

Loading unitig graph
Load unitigs
Nb unitigs: 1234
Nb minimizers: 88545
Add unitig abundances
Sorting abundances
Add unitig edges
Nb unitig edges: 2694
Sorting unitig edges
Done loading unitig graph
Simplifying
Max abundance: 40
Nb unitigs: 1234
Superbubble
Nb superbubble removed: 80 0 (0s)
Tip
Nb Tip removed: 276 (0s)
Superbubble
Nb superbubble removed: 142 0 (0s)
Tip
Nb Tip removed: 0 (0s)
Nb errors removed: 263 (0s)
Superbubble
Nb superbubble removed: 4 0 (0s)
Tip
Nb Tip removed: 0 (0s)
Nb errors removed: 57 (0s)
Superbubble
Nb superbubble removed: 0 0 (0s)
Tip
Nb Tip removed: 0 (0s)
Nb errors removed: 30 (0s)
Superbubble
Nb superbubble removed: 0 0 (0s)
Tip
Nb Tip removed: 0 (0s)
Nb errors removed: 10 (0s)
Superbubble
Nb superbubble removed: 0 0 (0s)
Tip
Nb Tip removed: 0 (0s)
Nb errors removed: 9 (0s)
Superbubble
Nb superbubble removed: 0 0 (0s)
Tip
Nb Tip removed: 0 (0s)
Nb errors removed: 2 (0s)
Superbubble
Nb superbubble removed: 0 0 (0s)
Tip
Nb Tip removed: 0 (0s)
Nb errors removed: 6 (0s)
Superbubble
Nb superbubble removed: 0 0 (0s)
Tip
Nb Tip removed: 0 (0s)
Nb errors removed: 3 (0s)
Superbubble
Nb superbubble removed: 0 0 (0s)
Tip
Nb Tip removed: 0 (0s)
Nb errors removed: 1 (0s)
Superbubble
Nb superbubble removed: 0 0 (0s)
Tip
Nb Tip removed: 0 (0s)
Nb errors removed: 1 (0s)
Superbubble
Nb superbubble removed: 0 0 (0s)
Tip
Nb Tip removed: 0 (0s)
Nb errors removed: 1 (0s)
Superbubble
Nb superbubble removed: 0 0 (0s)
Tip
Nb Tip removed: 0 (0s)
Nb errors removed: 1 (0s)
Superbubble
Nb superbubble removed: 0 0 (0s)
Tip
Nb Tip removed: 0 (0s)
Nb errors removed: 1 (0s)
Superbubble
Nb superbubble removed: 0 0 (0s)
Tip
Nb Tip removed: 0 (0s)
Nb errors removed: 2 (0s)
Superbubble
Nb superbubble removed: 0 0 (0s)
Tip
Nb Tip removed: 0 (0s)
Checksum: 0
Checksum abundnace: 0
Generating contigs
41.1448
28.1025
23.2252
15.8631
11.9182
10.8347
9.84974
8.14028
7.40025
6.11591
5.05447
4.17725
3.13843
2.14359
0


metaMDBG toMinspace  /var/folders/zg/vq0dnx517c54hg87dyqjky740000gn/T/.tmp7o7wQ0/tmp/ /var/folders/zg/vq0dnx517c54hg87dyqjky740000gn/T/.tmp7o7wQ0/tmp//contigs.nodepath /var/folders/zg/vq0dnx517c54hg87dyqjky740000gn/T/.tmp7o7wQ0/tmp//unitig_data.txt --threads 10

Input dir: /var/folders/zg/vq0dnx517c54hg87dyqjky740000gn/T/.tmp7o7wQ0/tmp/
Minimizer length: 15
Kminmer length: 47
Density: 0.005

Loading unitig sequences

Creating mContigs

Contig filename: /var/folders/zg/vq0dnx517c54hg87dyqjky740000gn/T/.tmp7o7wQ0/tmp//unitig_data.txt
pass done: 47
Multi-k pass: 48/206


metaMDBG graph /var/folders/zg/vq0dnx517c54hg87dyqjky740000gn/T/.tmp7o7wQ0/tmp/ --threads 10 --corrected-read 

Contig filename: 
Output dir: /var/folders/zg/vq0dnx517c54hg87dyqjky740000gn/T/.tmp7o7wQ0/tmp/
Minimizer length: 15
Kminmer length: 48
Density: 0.005
Min abundance: 0

Loading refined abundances
	Duration: 0
Collecting kminmers
Building mdbg
Duration: 0
Nb solid kminmers: 31884
Nb small contigs written: 0
Dump kminmer abundances
	Duration: 0
Indexing edges
Edge index size: 31776
Edge index elements: 56519
	Duration: 0
Compute unitig nodes
	Duration: 0
Index unitig edges
	Duration: 0
Compute unitig edges
	Duration: 0
Dump unitig abundances
	Duration: 0
Nb edges:   0


metaMDBG contig  /var/folders/zg/vq0dnx517c54hg87dyqjky740000gn/T/.tmp7o7wQ0/tmp/ --threads 10

Input dir: /var/folders/zg/vq0dnx517c54hg87dyqjky740000gn/T/.tmp7o7wQ0/tmp/
Minimizer length: 15
Kminmer length: 48
Density: 0.005

Loading unitig graph
Load unitigs
Nb unitigs: 1229
Nb minimizers: 89647
Add unitig abundances
Sorting abundances
Add unitig edges
Nb unitig edges: 2682
Sorting unitig edges
Done loading unitig graph
Simplifying
Max abundance: 40
Nb unitigs: 1229
Superbubble
Nb superbubble removed: 78 0 (0s)
Tip
Nb Tip removed: 273 (0s)
Superbubble
Nb superbubble removed: 140 0 (0s)
Tip
Nb Tip removed: 0 (0s)
Nb errors removed: 258 (0s)
Superbubble
Nb superbubble removed: 4 0 (0s)
Tip
Nb Tip removed: 0 (0s)
Nb errors removed: 57 (0s)
Superbubble
Nb superbubble removed: 0 0 (0s)
Tip
Nb Tip removed: 0 (0s)
Nb errors removed: 31 (0s)
Superbubble
Nb superbubble removed: 0 0 (0s)
Tip
Nb Tip removed: 0 (0s)
Nb errors removed: 10 (0s)
Superbubble
Nb superbubble removed: 0 0 (0s)
Tip
Nb Tip removed: 0 (0s)
Nb errors removed: 9 (0s)
Superbubble
Nb superbubble removed: 0 0 (0s)
Tip
Nb Tip removed: 0 (0s)
Nb errors removed: 2 (0s)
Superbubble
Nb superbubble removed: 0 0 (0s)
Tip
Nb Tip removed: 0 (0s)
Nb errors removed: 6 (0s)
Superbubble
Nb superbubble removed: 0 0 (0s)
Tip
Nb Tip removed: 0 (0s)
Nb errors removed: 3 (0s)
Superbubble
Nb superbubble removed: 0 0 (0s)
Tip
Nb Tip removed: 0 (0s)
Nb errors removed: 1 (0s)
Superbubble
Nb superbubble removed: 0 0 (0s)
Tip
Nb Tip removed: 0 (0s)
Nb errors removed: 1 (0s)
Superbubble
Nb superbubble removed: 0 0 (0s)
Tip
Nb Tip removed: 0 (0s)
Nb errors removed: 1 (0s)
Superbubble
Nb superbubble removed: 0 0 (0s)
Tip
Nb Tip removed: 0 (0s)
Nb errors removed: 1 (0s)
Superbubble
Nb superbubble removed: 0 0 (0s)
Tip
Nb Tip removed: 0 (0s)
Nb errors removed: 1 (0s)
Superbubble
Nb superbubble removed: 0 0 (0s)
Tip
Nb Tip removed: 0 (0s)
Nb errors removed: 2 (0s)
Superbubble
Nb superbubble removed: 0 0 (0s)
Tip
Nb Tip removed: 0 (0s)
Checksum: 0
Checksum abundnace: 0
Generating contigs
41.1448
28.1025
23.2252
15.8631
11.9182
10.8347
9.84974
8.14028
7.40025
6.11591
5.05447
4.17725
3.13843
2.14359
0


metaMDBG toMinspace  /var/folders/zg/vq0dnx517c54hg87dyqjky740000gn/T/.tmp7o7wQ0/tmp/ /var/folders/zg/vq0dnx517c54hg87dyqjky740000gn/T/.tmp7o7wQ0/tmp//contigs.nodepath /var/folders/zg/vq0dnx517c54hg87dyqjky740000gn/T/.tmp7o7wQ0/tmp//unitig_data.txt --threads 10

Input dir: /var/folders/zg/vq0dnx517c54hg87dyqjky740000gn/T/.tmp7o7wQ0/tmp/
Minimizer length: 15
Kminmer length: 48
Density: 0.005

Loading unitig sequences

Creating mContigs

Contig filename: /var/folders/zg/vq0dnx517c54hg87dyqjky740000gn/T/.tmp7o7wQ0/tmp//unitig_data.txt
pass done: 48
Multi-k pass: 49/206


metaMDBG graph /var/folders/zg/vq0dnx517c54hg87dyqjky740000gn/T/.tmp7o7wQ0/tmp/ --threads 10 --corrected-read 

Contig filename: 
Output dir: /var/folders/zg/vq0dnx517c54hg87dyqjky740000gn/T/.tmp7o7wQ0/tmp/
Minimizer length: 15
Kminmer length: 49
Density: 0.005
Min abundance: 0

Loading refined abundances
	Duration: 0
Collecting kminmers
Building mdbg
Duration: 0
Nb solid kminmers: 31983
Nb small contigs written: 0
Dump kminmer abundances
	Duration: 0
Indexing edges
Edge index size: 31879
Edge index elements: 56841
	Duration: 0
Compute unitig nodes
	Duration: 0
Index unitig edges
	Duration: 0
Compute unitig edges
	Duration: 0
Dump unitig abundances
	Duration: 0
Nb edges:   0


metaMDBG contig  /var/folders/zg/vq0dnx517c54hg87dyqjky740000gn/T/.tmp7o7wQ0/tmp/ --threads 10

Input dir: /var/folders/zg/vq0dnx517c54hg87dyqjky740000gn/T/.tmp7o7wQ0/tmp/
Minimizer length: 15
Kminmer length: 49
Density: 0.005

Loading unitig graph
Load unitigs
Nb unitigs: 1217
Nb minimizers: 90399
Add unitig abundances
Sorting abundances
Add unitig edges
Nb unitig edges: 2650
Sorting unitig edges
Done loading unitig graph
Simplifying
Max abundance: 40
Nb unitigs: 1217
Superbubble
Nb superbubble removed: 78 0 (0s)
Tip
Nb Tip removed: 275 (0s)
Superbubble
Nb superbubble removed: 136 0 (0s)
Tip
Nb Tip removed: 0 (0s)
Nb errors removed: 258 (0s)
Superbubble
Nb superbubble removed: 4 0 (0s)
Tip
Nb Tip removed: 0 (0s)
Nb errors removed: 58 (0s)
Superbubble
Nb superbubble removed: 0 0 (0s)
Tip
Nb Tip removed: 0 (0s)
Nb errors removed: 30 (0s)
Superbubble
Nb superbubble removed: 0 0 (0s)
Tip
Nb Tip removed: 0 (0s)
Nb errors removed: 10 (0s)
Superbubble
Nb superbubble removed: 0 0 (0s)
Tip
Nb Tip removed: 0 (0s)
Nb errors removed: 9 (0s)
Superbubble
Nb superbubble removed: 0 0 (0s)
Tip
Nb Tip removed: 0 (0s)
Nb errors removed: 2 (0s)
Superbubble
Nb superbubble removed: 0 0 (0s)
Tip
Nb Tip removed: 0 (0s)
Nb errors removed: 6 (0s)
Superbubble
Nb superbubble removed: 0 0 (0s)
Tip
Nb Tip removed: 0 (0s)
Nb errors removed: 3 (0s)
Superbubble
Nb superbubble removed: 0 0 (0s)
Tip
Nb Tip removed: 0 (0s)
Nb errors removed: 1 (0s)
Superbubble
Nb superbubble removed: 0 0 (0s)
Tip
Nb Tip removed: 0 (0s)
Nb errors removed: 2 (0s)
Superbubble
Nb superbubble removed: 0 0 (0s)
Tip
Nb Tip removed: 0 (0s)
Nb errors removed: 1 (0s)
Superbubble
Nb superbubble removed: 0 0 (0s)
Tip
Nb Tip removed: 0 (0s)
Nb errors removed: 1 (0s)
Superbubble
Nb superbubble removed: 0 0 (0s)
Tip
Nb Tip removed: 0 (0s)
Nb errors removed: 1 (0s)
Superbubble
Nb superbubble removed: 0 0 (0s)
Tip
Nb Tip removed: 0 (0s)
Nb errors removed: 2 (0s)
Superbubble
Nb superbubble removed: 0 0 (0s)
Tip
Nb Tip removed: 0 (0s)
Checksum: 0
Checksum abundnace: 0
Generating contigs
41.1448
28.1025
23.2252
15.8631
11.9182
10.8347
9.84974
8.14028
7.40025
6.11591
5.05447
4.17725
3.13843
2.14359
0


metaMDBG toMinspace  /var/folders/zg/vq0dnx517c54hg87dyqjky740000gn/T/.tmp7o7wQ0/tmp/ /var/folders/zg/vq0dnx517c54hg87dyqjky740000gn/T/.tmp7o7wQ0/tmp//contigs.nodepath /var/folders/zg/vq0dnx517c54hg87dyqjky740000gn/T/.tmp7o7wQ0/tmp//unitig_data.txt --threads 10

Input dir: /var/folders/zg/vq0dnx517c54hg87dyqjky740000gn/T/.tmp7o7wQ0/tmp/
Minimizer length: 15
Kminmer length: 49
Density: 0.005

Loading unitig sequences

Creating mContigs

Contig filename: /var/folders/zg/vq0dnx517c54hg87dyqjky740000gn/T/.tmp7o7wQ0/tmp//unitig_data.txt
pass done: 49
Multi-k pass: 50/206


metaMDBG graph /var/folders/zg/vq0dnx517c54hg87dyqjky740000gn/T/.tmp7o7wQ0/tmp/ --threads 10 --corrected-read 

Contig filename: 
Output dir: /var/folders/zg/vq0dnx517c54hg87dyqjky740000gn/T/.tmp7o7wQ0/tmp/
Minimizer length: 15
Kminmer length: 50
Density: 0.005
Min abundance: 0

Loading refined abundances
	Duration: 0
Collecting kminmers
Building mdbg
Duration: 0
Nb solid kminmers: 32078
Nb small contigs written: 0
Dump kminmer abundances
	Duration: 0
Indexing edges
Edge index size: 31971
Edge index elements: 57264
	Duration: 0
Compute unitig nodes
	Duration: 0
Index unitig edges
	Duration: 0
Compute unitig edges
	Duration: 0
Dump unitig abundances
	Duration: 0
Nb edges:   0


metaMDBG contig  /var/folders/zg/vq0dnx517c54hg87dyqjky740000gn/T/.tmp7o7wQ0/tmp/ --threads 10

Input dir: /var/folders/zg/vq0dnx517c54hg87dyqjky740000gn/T/.tmp7o7wQ0/tmp/
Minimizer length: 15
Kminmer length: 50
Density: 0.005

Loading unitig graph
Load unitigs
Nb unitigs: 1196
Nb minimizers: 90682
Add unitig abundances
Sorting abundances
Add unitig edges
Nb unitig edges: 2614
Sorting unitig edges
Done loading unitig graph
Simplifying
Max abundance: 40
Nb unitigs: 1196
Superbubble
Nb superbubble removed: 78 0 (0s)
Tip
Nb Tip removed: 272 (0s)
Superbubble
Nb superbubble removed: 136 0 (0s)
Tip
Nb Tip removed: 0 (0s)
Nb errors removed: 248 (0s)
Superbubble
Nb superbubble removed: 4 0 (0s)
Tip
Nb Tip removed: 0 (0s)
Nb errors removed: 58 (0s)
Superbubble
Nb superbubble removed: 0 0 (0s)
Tip
Nb Tip removed: 0 (0s)
Nb errors removed: 31 (0s)
Superbubble
Nb superbubble removed: 0 0 (0s)
Tip
Nb Tip removed: 0 (0s)
Nb errors removed: 10 (0s)
Superbubble
Nb superbubble removed: 0 0 (0s)
Tip
Nb Tip removed: 0 (0s)
Nb errors removed: 9 (0s)
Superbubble
Nb superbubble removed: 0 0 (0s)
Tip
Nb Tip removed: 0 (0s)
Nb errors removed: 2 (0s)
Superbubble
Nb superbubble removed: 0 0 (0s)
Tip
Nb Tip removed: 0 (0s)
Nb errors removed: 6 (0s)
Superbubble
Nb superbubble removed: 0 0 (0s)
Tip
Nb Tip removed: 0 (0s)
Nb errors removed: 3 (0s)
Superbubble
Nb superbubble removed: 0 0 (0s)
Tip
Nb Tip removed: 0 (0s)
Nb errors removed: 1 (0s)
Superbubble
Nb superbubble removed: 0 0 (0s)
Tip
Nb Tip removed: 0 (0s)
Nb errors removed: 2 (0s)
Superbubble
Nb superbubble removed: 0 0 (0s)
Tip
Nb Tip removed: 0 (0s)
Nb errors removed: 1 (0s)
Superbubble
Nb superbubble removed: 0 0 (0s)
Tip
Nb Tip removed: 0 (0s)
Nb errors removed: 1 (0s)
Superbubble
Nb superbubble removed: 0 0 (0s)
Tip
Nb Tip removed: 0 (0s)
Nb errors removed: 1 (0s)
Superbubble
Nb superbubble removed: 0 0 (0s)
Tip
Nb Tip removed: 0 (0s)
Nb errors removed: 2 (0s)
Superbubble
Nb superbubble removed: 0 0 (0s)
Tip
Nb Tip removed: 0 (0s)
Checksum: 0
Checksum abundnace: 0
Generating contigs
41.1448
28.1025
23.2252
15.8631
11.9182
10.8347
9.84974
8.14028
7.40025
6.11591
5.05447
4.17725
3.13843
2.14359
0


metaMDBG toMinspace  /var/folders/zg/vq0dnx517c54hg87dyqjky740000gn/T/.tmp7o7wQ0/tmp/ /var/folders/zg/vq0dnx517c54hg87dyqjky740000gn/T/.tmp7o7wQ0/tmp//contigs.nodepath /var/folders/zg/vq0dnx517c54hg87dyqjky740000gn/T/.tmp7o7wQ0/tmp//unitig_data.txt --threads 10

Input dir: /var/folders/zg/vq0dnx517c54hg87dyqjky740000gn/T/.tmp7o7wQ0/tmp/
Minimizer length: 15
Kminmer length: 50
Density: 0.005

Loading unitig sequences

Creating mContigs

Contig filename: /var/folders/zg/vq0dnx517c54hg87dyqjky740000gn/T/.tmp7o7wQ0/tmp//unitig_data.txt
pass done: 50
Multi-k pass: 51/206


metaMDBG graph /var/folders/zg/vq0dnx517c54hg87dyqjky740000gn/T/.tmp7o7wQ0/tmp/ --threads 10 --corrected-read 

Contig filename: 
Output dir: /var/folders/zg/vq0dnx517c54hg87dyqjky740000gn/T/.tmp7o7wQ0/tmp/
Minimizer length: 15
Kminmer length: 51
Density: 0.005
Min abundance: 0

Loading refined abundances
	Duration: 0
Collecting kminmers
Building mdbg
Duration: 0
Nb solid kminmers: 32179
Nb small contigs written: 0
Dump kminmer abundances
	Duration: 0
Indexing edges
Edge index size: 32067
Edge index elements: 57538
	Duration: 0
Compute unitig nodes
	Duration: 0
Index unitig edges
	Duration: 0
Compute unitig edges
	Duration: 0
Dump unitig abundances
	Duration: 0
Nb edges:   0


metaMDBG contig  /var/folders/zg/vq0dnx517c54hg87dyqjky740000gn/T/.tmp7o7wQ0/tmp/ --threads 10 --gen-graph 

Input dir: /var/folders/zg/vq0dnx517c54hg87dyqjky740000gn/T/.tmp7o7wQ0/tmp/
Minimizer length: 15
Kminmer length: 51
Density: 0.005

Loading unitig graph
Load unitigs
Nb unitigs: 1182
Nb minimizers: 91279
Add unitig abundances
Sorting abundances
Add unitig edges
Nb unitig edges: 2594
Sorting unitig edges
Done loading unitig graph
Simplifying
Max abundance: 40
Nb unitigs: 1182
Superbubble
Nb superbubble removed: 78 0 (0s)
Tip
Nb Tip removed: 277 (0s)
Superbubble
Nb superbubble removed: 134 0 (0s)
Tip
Nb Tip removed: 0 (0s)
Saving unitig graph: /var/folders/zg/vq0dnx517c54hg87dyqjky740000gn/T/.tmp7o7wQ0/tmp//assembly_graph.gfa
Nb errors removed: 240 (0s)
Superbubble
Nb superbubble removed: 4 0 (0s)
Tip
Nb Tip removed: 0 (0s)
Nb errors removed: 59 (0s)
Superbubble
Nb superbubble removed: 0 0 (0s)
Tip
Nb Tip removed: 0 (0s)
Nb errors removed: 32 (0s)
Superbubble
Nb superbubble removed: 0 0 (0s)
Tip
Nb Tip removed: 0 (0s)
Nb errors removed: 10 (0s)
Superbubble
Nb superbubble removed: 0 0 (0s)
Tip
Nb Tip removed: 0 (0s)
Nb errors removed: 9 (0s)
Superbubble
Nb superbubble removed: 0 0 (0s)
Tip
Nb Tip removed: 0 (0s)
Nb errors removed: 2 (0s)
Superbubble
Nb superbubble removed: 0 0 (0s)
Tip
Nb Tip removed: 0 (0s)
Nb errors removed: 6 (0s)
Superbubble
Nb superbubble removed: 0 0 (0s)
Tip
Nb Tip removed: 0 (0s)
Nb errors removed: 5 (0s)
Superbubble
Nb superbubble removed: 0 0 (0s)
Tip
Nb Tip removed: 0 (0s)
Nb errors removed: 1 (0s)
Superbubble
Nb superbubble removed: 0 0 (0s)
Tip
Nb Tip removed: 0 (0s)
Nb errors removed: 2 (0s)
Superbubble
Nb superbubble removed: 0 0 (0s)
Tip
Nb Tip removed: 0 (0s)
Nb errors removed: 1 (0s)
Superbubble
Nb superbubble removed: 0 0 (0s)
Tip
Nb Tip removed: 0 (0s)
Nb errors removed: 1 (0s)
Superbubble
Nb superbubble removed: 0 0 (0s)
Tip
Nb Tip removed: 0 (0s)
Nb errors removed: 1 (0s)
Superbubble
Nb superbubble removed: 0 0 (0s)
Tip
Nb Tip removed: 0 (0s)
Nb errors removed: 2 (0s)
Superbubble
Nb superbubble removed: 0 0 (0s)
Tip
Nb Tip removed: 0 (0s)
Checksum: 0
Checksum abundnace: 0
Generating contigs
41.1448
28.1025
23.2252
15.8631
11.9182
10.8347
9.84974
8.14028
7.40025
6.11591
5.05447
4.17725
3.13843
2.14359
0


metaMDBG toMinspace  /var/folders/zg/vq0dnx517c54hg87dyqjky740000gn/T/.tmp7o7wQ0/tmp/ /var/folders/zg/vq0dnx517c54hg87dyqjky740000gn/T/.tmp7o7wQ0/tmp//contigs.nodepath /var/folders/zg/vq0dnx517c54hg87dyqjky740000gn/T/.tmp7o7wQ0/tmp//unitig_data.txt --threads 10

Input dir: /var/folders/zg/vq0dnx517c54hg87dyqjky740000gn/T/.tmp7o7wQ0/tmp/
Minimizer length: 15
Kminmer length: 51
Density: 0.005

Loading unitig sequences

Creating mContigs

Contig filename: /var/folders/zg/vq0dnx517c54hg87dyqjky740000gn/T/.tmp7o7wQ0/tmp//unitig_data.txt


metaMDBG toMinspace  /var/folders/zg/vq0dnx517c54hg87dyqjky740000gn/T/.tmp7o7wQ0/tmp/ /var/folders/zg/vq0dnx517c54hg87dyqjky740000gn/T/.tmp7o7wQ0/tmp//assembly_graph.gfa.unitigs.nodepath /var/folders/zg/vq0dnx517c54hg87dyqjky740000gn/T/.tmp7o7wQ0/tmp//assembly_graph.gfa.unitigs --threads 10

Input dir: /var/folders/zg/vq0dnx517c54hg87dyqjky740000gn/T/.tmp7o7wQ0/tmp/
Minimizer length: 15
Kminmer length: 51
Density: 0.005

Loading unitig sequences

Creating mContigs

Contig filename: /var/folders/zg/vq0dnx517c54hg87dyqjky740000gn/T/.tmp7o7wQ0/tmp//assembly_graph.gfa.unitigs
pass done: 51
Multi-k pass: 52/206


metaMDBG graph /var/folders/zg/vq0dnx517c54hg87dyqjky740000gn/T/.tmp7o7wQ0/tmp/ --threads 10 --corrected-read 

Contig filename: 
Output dir: /var/folders/zg/vq0dnx517c54hg87dyqjky740000gn/T/.tmp7o7wQ0/tmp/
Minimizer length: 15
Kminmer length: 52
Density: 0.005
Min abundance: 0

Loading refined abundances
	Duration: 0
Collecting kminmers
Building mdbg
Duration: 0
Nb solid kminmers: 32278
Nb small contigs written: 0
Dump kminmer abundances
	Duration: 0
Indexing edges
Edge index size: 32178
Edge index elements: 57905
	Duration: 0
Compute unitig nodes
	Duration: 0
Index unitig edges
	Duration: 0
Compute unitig edges
	Duration: 0
Dump unitig abundances
	Duration: 0
Nb edges:   0


metaMDBG contig  /var/folders/zg/vq0dnx517c54hg87dyqjky740000gn/T/.tmp7o7wQ0/tmp/ --threads 10

Input dir: /var/folders/zg/vq0dnx517c54hg87dyqjky740000gn/T/.tmp7o7wQ0/tmp/
Minimizer length: 15
Kminmer length: 52
Density: 0.005

Loading unitig graph
Load unitigs
Nb unitigs: 1170
Nb minimizers: 91948
Add unitig abundances
Sorting abundances
Add unitig edges
Nb unitig edges: 2556
Sorting unitig edges
Done loading unitig graph
Simplifying
Max abundance: 40
Nb unitigs: 1170
Superbubble
Nb superbubble removed: 78 0 (0s)
Tip
Nb Tip removed: 279 (0s)
Superbubble
Nb superbubble removed: 128 0 (0s)
Tip
Nb Tip removed: 0 (0s)
Nb errors removed: 238 (0s)
Superbubble
Nb superbubble removed: 4 0 (0s)
Tip
Nb Tip removed: 0 (0s)
Nb errors removed: 61 (0s)
Superbubble
Nb superbubble removed: 0 0 (0s)
Tip
Nb Tip removed: 0 (0s)
Nb errors removed: 33 (0s)
Superbubble
Nb superbubble removed: 0 0 (0s)
Tip
Nb Tip removed: 0 (0s)
Nb errors removed: 12 (0s)
Superbubble
Nb superbubble removed: 0 0 (0s)
Tip
Nb Tip removed: 0 (0s)
Nb errors removed: 9 (0s)
Superbubble
Nb superbubble removed: 0 0 (0s)
Tip
Nb Tip removed: 0 (0s)
Nb errors removed: 1 (0s)
Superbubble
Nb superbubble removed: 0 0 (0s)
Tip
Nb Tip removed: 0 (0s)
Nb errors removed: 4 (0s)
Superbubble
Nb superbubble removed: 0 0 (0s)
Tip
Nb Tip removed: 0 (0s)
Nb errors removed: 5 (0s)
Superbubble
Nb superbubble removed: 0 0 (0s)
Tip
Nb Tip removed: 0 (0s)
Nb errors removed: 5 (0s)
Superbubble
Nb superbubble removed: 0 0 (0s)
Tip
Nb Tip removed: 0 (0s)
Nb errors removed: 1 (0s)
Superbubble
Nb superbubble removed: 0 0 (0s)
Tip
Nb Tip removed: 0 (0s)
Nb errors removed: 2 (0s)
Superbubble
Nb superbubble removed: 0 0 (0s)
Tip
Nb Tip removed: 0 (0s)
Nb errors removed: 1 (0s)
Superbubble
Nb superbubble removed: 0 0 (0s)
Tip
Nb Tip removed: 0 (0s)
Nb errors removed: 1 (0s)
Superbubble
Nb superbubble removed: 0 0 (0s)
Tip
Nb Tip removed: 0 (0s)
Nb errors removed: 1 (0s)
Superbubble
Nb superbubble removed: 0 0 (0s)
Tip
Nb Tip removed: 0 (0s)
Nb errors removed: 2 (0s)
Superbubble
Nb superbubble removed: 0 0 (0s)
Tip
Nb Tip removed: 0 (0s)
Checksum: 0
Checksum abundnace: 0
Generating contigs
41.1448
28.1025
23.2252
15.8631
11.9182
10.8347
9.84974
8.14028
7.40025
6.7275
6.11591
5.05447
4.17725
3.13843
2.14359
0


metaMDBG toMinspace  /var/folders/zg/vq0dnx517c54hg87dyqjky740000gn/T/.tmp7o7wQ0/tmp/ /var/folders/zg/vq0dnx517c54hg87dyqjky740000gn/T/.tmp7o7wQ0/tmp//contigs.nodepath /var/folders/zg/vq0dnx517c54hg87dyqjky740000gn/T/.tmp7o7wQ0/tmp//unitig_data.txt --threads 10

Input dir: /var/folders/zg/vq0dnx517c54hg87dyqjky740000gn/T/.tmp7o7wQ0/tmp/
Minimizer length: 15
Kminmer length: 52
Density: 0.005

Loading unitig sequences

Creating mContigs

Contig filename: /var/folders/zg/vq0dnx517c54hg87dyqjky740000gn/T/.tmp7o7wQ0/tmp//unitig_data.txt
pass done: 52
Multi-k pass: 53/206


metaMDBG graph /var/folders/zg/vq0dnx517c54hg87dyqjky740000gn/T/.tmp7o7wQ0/tmp/ --threads 10 --corrected-read 

Contig filename: 
Output dir: /var/folders/zg/vq0dnx517c54hg87dyqjky740000gn/T/.tmp7o7wQ0/tmp/
Minimizer length: 15
Kminmer length: 53
Density: 0.005
Min abundance: 0

Loading refined abundances
	Duration: 0
Collecting kminmers
Building mdbg
Duration: 0
Nb solid kminmers: 32366
Nb small contigs written: 0
Dump kminmer abundances
	Duration: 0
Indexing edges
Edge index size: 32275
Edge index elements: 57818
	Duration: 0
Compute unitig nodes
	Duration: 0
Index unitig edges
	Duration: 0
Compute unitig edges
	Duration: 0
Dump unitig abundances
	Duration: 0
Nb edges:   0


metaMDBG contig  /var/folders/zg/vq0dnx517c54hg87dyqjky740000gn/T/.tmp7o7wQ0/tmp/ --threads 10

Input dir: /var/folders/zg/vq0dnx517c54hg87dyqjky740000gn/T/.tmp7o7wQ0/tmp/
Minimizer length: 15
Kminmer length: 53
Density: 0.005

Loading unitig graph
Load unitigs
Nb unitigs: 1156
Nb minimizers: 92478
Add unitig abundances
Sorting abundances
Add unitig edges
Nb unitig edges: 2500
Sorting unitig edges
Done loading unitig graph
Simplifying
Max abundance: 40
Nb unitigs: 1156
Superbubble
Nb superbubble removed: 76 0 (0s)
Tip
Nb Tip removed: 277 (0s)
Superbubble
Nb superbubble removed: 128 0 (0s)
Tip
Nb Tip removed: 0 (0s)
Nb errors removed: 235 (0s)
Superbubble
Nb superbubble removed: 4 0 (0s)
Tip
Nb Tip removed: 0 (0s)
Nb errors removed: 62 (0s)
Superbubble
Nb superbubble removed: 0 0 (0s)
Tip
Nb Tip removed: 0 (0s)
Nb errors removed: 33 (0s)
Superbubble
Nb superbubble removed: 0 0 (0s)
Tip
Nb Tip removed: 0 (0s)
Nb errors removed: 12 (0s)
Superbubble
Nb superbubble removed: 0 0 (0s)
Tip
Nb Tip removed: 0 (0s)
Nb errors removed: 9 (0s)
Superbubble
Nb superbubble removed: 0 0 (0s)
Tip
Nb Tip removed: 0 (0s)
Nb errors removed: 5 (0s)
Superbubble
Nb superbubble removed: 0 0 (0s)
Tip
Nb Tip removed: 0 (0s)
Nb errors removed: 6 (0s)
Superbubble
Nb superbubble removed: 0 0 (0s)
Tip
Nb Tip removed: 0 (0s)
Nb errors removed: 6 (0s)
Superbubble
Nb superbubble removed: 0 0 (0s)
Tip
Nb Tip removed: 0 (0s)
Nb errors removed: 1 (0s)
Superbubble
Nb superbubble removed: 0 0 (0s)
Tip
Nb Tip removed: 0 (0s)
Nb errors removed: 2 (0s)
Superbubble
Nb superbubble removed: 0 0 (0s)
Tip
Nb Tip removed: 0 (0s)
Nb errors removed: 1 (0s)
Superbubble
Nb superbubble removed: 0 0 (0s)
Tip
Nb Tip removed: 0 (0s)
Nb errors removed: 1 (0s)
Superbubble
Nb superbubble removed: 0 0 (0s)
Tip
Nb Tip removed: 0 (0s)
Nb errors removed: 1 (0s)
Superbubble
Nb superbubble removed: 0 0 (0s)
Tip
Nb Tip removed: 0 (0s)
Nb errors removed: 2 (0s)
Superbubble
Nb superbubble removed: 0 0 (0s)
Tip
Nb Tip removed: 0 (0s)
Checksum: 0
Checksum abundnace: 0
Generating contigs
41.1448
28.1025
23.2252
15.8631
11.9182
10.8347
9.84974
8.14028
7.40025
6.11591
5.05447
4.17725
3.13843
2.14359
0


metaMDBG toMinspace  /var/folders/zg/vq0dnx517c54hg87dyqjky740000gn/T/.tmp7o7wQ0/tmp/ /var/folders/zg/vq0dnx517c54hg87dyqjky740000gn/T/.tmp7o7wQ0/tmp//contigs.nodepath /var/folders/zg/vq0dnx517c54hg87dyqjky740000gn/T/.tmp7o7wQ0/tmp//unitig_data.txt --threads 10

Input dir: /var/folders/zg/vq0dnx517c54hg87dyqjky740000gn/T/.tmp7o7wQ0/tmp/
Minimizer length: 15
Kminmer length: 53
Density: 0.005

Loading unitig sequences

Creating mContigs

Contig filename: /var/folders/zg/vq0dnx517c54hg87dyqjky740000gn/T/.tmp7o7wQ0/tmp//unitig_data.txt
pass done: 53
Multi-k pass: 54/206


metaMDBG graph /var/folders/zg/vq0dnx517c54hg87dyqjky740000gn/T/.tmp7o7wQ0/tmp/ --threads 10 --corrected-read 

Contig filename: 
Output dir: /var/folders/zg/vq0dnx517c54hg87dyqjky740000gn/T/.tmp7o7wQ0/tmp/
Minimizer length: 15
Kminmer length: 54
Density: 0.005
Min abundance: 0

Loading refined abundances
	Duration: 0
Collecting kminmers
Building mdbg
Duration: 0
Nb solid kminmers: 32445
Nb small contigs written: 0
Dump kminmer abundances
	Duration: 0
Indexing edges
Edge index size: 32361
Edge index elements: 57881
	Duration: 0
Compute unitig nodes
	Duration: 0
Index unitig edges
	Duration: 0
Compute unitig edges
	Duration: 0
Dump unitig abundances
	Duration: 0
Nb edges:   0


metaMDBG contig  /var/folders/zg/vq0dnx517c54hg87dyqjky740000gn/T/.tmp7o7wQ0/tmp/ --threads 10

Input dir: /var/folders/zg/vq0dnx517c54hg87dyqjky740000gn/T/.tmp7o7wQ0/tmp/
Minimizer length: 15
Kminmer length: 54
Density: 0.005

Loading unitig graph
Load unitigs
Nb unitigs: 1140
Nb minimizers: 92865
Add unitig abundances
Sorting abundances
Add unitig edges
Nb unitig edges: 2454
Sorting unitig edges
Done loading unitig graph
Simplifying
Max abundance: 40
Nb unitigs: 1140
Superbubble
Nb superbubble removed: 78 0 (0s)
Tip
Nb Tip removed: 271 (0s)
Superbubble
Nb superbubble removed: 120 0 (0s)
Tip
Nb Tip removed: 0 (0s)
Nb errors removed: 235 (0s)
Superbubble
Nb superbubble removed: 4 0 (0s)
Tip
Nb Tip removed: 0 (0s)
Nb errors removed: 60 (0s)
Superbubble
Nb superbubble removed: 0 0 (0s)
Tip
Nb Tip removed: 0 (0s)
Nb errors removed: 33 (0s)
Superbubble
Nb superbubble removed: 0 0 (0s)
Tip
Nb Tip removed: 0 (0s)
Nb errors removed: 12 (0s)
Superbubble
Nb superbubble removed: 0 0 (0s)
Tip
Nb Tip removed: 0 (0s)
Nb errors removed: 9 (0s)
Superbubble
Nb superbubble removed: 0 0 (0s)
Tip
Nb Tip removed: 0 (0s)
Nb errors removed: 5 (0s)
Superbubble
Nb superbubble removed: 0 0 (0s)
Tip
Nb Tip removed: 0 (0s)
Nb errors removed: 6 (0s)
Superbubble
Nb superbubble removed: 0 0 (0s)
Tip
Nb Tip removed: 0 (0s)
Nb errors removed: 6 (0s)
Superbubble
Nb superbubble removed: 0 0 (0s)
Tip
Nb Tip removed: 0 (0s)
Nb errors removed: 1 (0s)
Superbubble
Nb superbubble removed: 0 0 (0s)
Tip
Nb Tip removed: 0 (0s)
Nb errors removed: 2 (0s)
Superbubble
Nb superbubble removed: 0 0 (0s)
Tip
Nb Tip removed: 0 (0s)
Nb errors removed: 1 (0s)
Superbubble
Nb superbubble removed: 0 0 (0s)
Tip
Nb Tip removed: 0 (0s)
Nb errors removed: 1 (0s)
Superbubble
Nb superbubble removed: 0 0 (0s)
Tip
Nb Tip removed: 0 (0s)
Nb errors removed: 1 (0s)
Superbubble
Nb superbubble removed: 0 0 (0s)
Tip
Nb Tip removed: 0 (0s)
Nb errors removed: 2 (0s)
Superbubble
Nb superbubble removed: 0 0 (0s)
Tip
Nb Tip removed: 0 (0s)
Checksum: 0
Checksum abundnace: 0
Generating contigs
41.1448
28.1025
23.2252
15.8631
11.9182
10.8347
9.84974
8.14028
7.40025
6.11591
5.05447
4.17725
3.13843
2.14359
0


metaMDBG toMinspace  /var/folders/zg/vq0dnx517c54hg87dyqjky740000gn/T/.tmp7o7wQ0/tmp/ /var/folders/zg/vq0dnx517c54hg87dyqjky740000gn/T/.tmp7o7wQ0/tmp//contigs.nodepath /var/folders/zg/vq0dnx517c54hg87dyqjky740000gn/T/.tmp7o7wQ0/tmp//unitig_data.txt --threads 10

Input dir: /var/folders/zg/vq0dnx517c54hg87dyqjky740000gn/T/.tmp7o7wQ0/tmp/
Minimizer length: 15
Kminmer length: 54
Density: 0.005

Loading unitig sequences

Creating mContigs

Contig filename: /var/folders/zg/vq0dnx517c54hg87dyqjky740000gn/T/.tmp7o7wQ0/tmp//unitig_data.txt
pass done: 54
Multi-k pass: 55/206


metaMDBG graph /var/folders/zg/vq0dnx517c54hg87dyqjky740000gn/T/.tmp7o7wQ0/tmp/ --threads 10 --corrected-read 

Contig filename: 
Output dir: /var/folders/zg/vq0dnx517c54hg87dyqjky740000gn/T/.tmp7o7wQ0/tmp/
Minimizer length: 15
Kminmer length: 55
Density: 0.005
Min abundance: 0

Loading refined abundances
	Duration: 0
Collecting kminmers
Building mdbg
Duration: 30
Nb solid kminmers: 32524
Nb small contigs written: 0
Dump kminmer abundances
	Duration: 0
Indexing edges
Edge index size: 32438
Edge index elements: 58367
	Duration: 0
Compute unitig nodes
	Duration: 0
Index unitig edges
	Duration: 0
Compute unitig edges
	Duration: 0
Dump unitig abundances
	Duration: 0
Nb edges:   0


metaMDBG contig  /var/folders/zg/vq0dnx517c54hg87dyqjky740000gn/T/.tmp7o7wQ0/tmp/ --threads 10

Input dir: /var/folders/zg/vq0dnx517c54hg87dyqjky740000gn/T/.tmp7o7wQ0/tmp/
Minimizer length: 15
Kminmer length: 55
Density: 0.005

Loading unitig graph
Load unitigs
Nb unitigs: 1132
Nb minimizers: 93652
Add unitig abundances
Sorting abundances
Add unitig edges
Nb unitig edges: 2444
Sorting unitig edges
Done loading unitig graph
Simplifying
Max abundance: 40
Nb unitigs: 1132
Superbubble
Nb superbubble removed: 74 0 (0s)
Tip
Nb Tip removed: 274 (0s)
Superbubble
Nb superbubble removed: 116 0 (0s)
Tip
Nb Tip removed: 0 (0s)
Nb errors removed: 230 (0s)
Superbubble
Nb superbubble removed: 4 0 (0s)
Tip
Nb Tip removed: 0 (0s)
Nb errors removed: 60 (0s)
Superbubble
Nb superbubble removed: 0 0 (0s)
Tip
Nb Tip removed: 0 (0s)
Nb errors removed: 34 (0s)
Superbubble
Nb superbubble removed: 4 0 (0s)
Tip
Nb Tip removed: 0 (0s)
Nb errors removed: 12 (0s)
Superbubble
Nb superbubble removed: 0 0 (0s)
Tip
Nb Tip removed: 0 (0s)
Nb errors removed: 9 (0s)
Superbubble
Nb superbubble removed: 0 0 (0s)
Tip
Nb Tip removed: 0 (0s)
Nb errors removed: 8 (0s)
Superbubble
Nb superbubble removed: 0 0 (0s)
Tip
Nb Tip removed: 0 (0s)
Nb errors removed: 7 (0s)
Superbubble
Nb superbubble removed: 0 0 (0s)
Tip
Nb Tip removed: 0 (0s)
Nb errors removed: 6 (0s)
Superbubble
Nb superbubble removed: 0 0 (0s)
Tip
Nb Tip removed: 0 (0s)
Nb errors removed: 1 (0s)
Superbubble
Nb superbubble removed: 0 0 (0s)
Tip
Nb Tip removed: 0 (0s)
Nb errors removed: 2 (0s)
Superbubble
Nb superbubble removed: 0 0 (0s)
Tip
Nb Tip removed: 0 (0s)
Nb errors removed: 1 (0s)
Superbubble
Nb superbubble removed: 0 0 (0s)
Tip
Nb Tip removed: 0 (0s)
Nb errors removed: 1 (0s)
Superbubble
Nb superbubble removed: 0 0 (0s)
Tip
Nb Tip removed: 0 (0s)
Nb errors removed: 1 (0s)
Superbubble
Nb superbubble removed: 0 0 (0s)
Tip
Nb Tip removed: 0 (0s)
Nb errors removed: 2 (0s)
Superbubble
Nb superbubble removed: 0 0 (0s)
Tip
Nb Tip removed: 0 (0s)
Checksum: 0
Checksum abundnace: 0
Generating contigs
41.1448
28.1025
23.2252
15.8631
11.9182
10.8347
9.84974
8.14028
7.40025
6.11591
5.05447
4.17725
3.13843
2.14359
0


metaMDBG toMinspace  /var/folders/zg/vq0dnx517c54hg87dyqjky740000gn/T/.tmp7o7wQ0/tmp/ /var/folders/zg/vq0dnx517c54hg87dyqjky740000gn/T/.tmp7o7wQ0/tmp//contigs.nodepath /var/folders/zg/vq0dnx517c54hg87dyqjky740000gn/T/.tmp7o7wQ0/tmp//unitig_data.txt --threads 10

Input dir: /var/folders/zg/vq0dnx517c54hg87dyqjky740000gn/T/.tmp7o7wQ0/tmp/
Minimizer length: 15
Kminmer length: 55
Density: 0.005

Loading unitig sequences

Creating mContigs

Contig filename: /var/folders/zg/vq0dnx517c54hg87dyqjky740000gn/T/.tmp7o7wQ0/tmp//unitig_data.txt
pass done: 55
Multi-k pass: 56/206


metaMDBG graph /var/folders/zg/vq0dnx517c54hg87dyqjky740000gn/T/.tmp7o7wQ0/tmp/ --threads 10 --corrected-read 

Contig filename: 
Output dir: /var/folders/zg/vq0dnx517c54hg87dyqjky740000gn/T/.tmp7o7wQ0/tmp/
Minimizer length: 15
Kminmer length: 56
Density: 0.005
Min abundance: 0

Loading refined abundances
	Duration: 0
Collecting kminmers
Building mdbg
Duration: 0
Nb solid kminmers: 32599
Nb small contigs written: 0
Dump kminmer abundances
	Duration: 0
Indexing edges
Edge index size: 32522
Edge index elements: 58572
	Duration: 0
Compute unitig nodes
	Duration: 0
Index unitig edges
	Duration: 0
Compute unitig edges
	Duration: 0
Dump unitig abundances
	Duration: 0
Nb edges:   0


metaMDBG contig  /var/folders/zg/vq0dnx517c54hg87dyqjky740000gn/T/.tmp7o7wQ0/tmp/ --threads 10

Input dir: /var/folders/zg/vq0dnx517c54hg87dyqjky740000gn/T/.tmp7o7wQ0/tmp/
Minimizer length: 15
Kminmer length: 56
Density: 0.005

Loading unitig graph
Load unitigs
Nb unitigs: 1128
Nb minimizers: 94639
Add unitig abundances
Sorting abundances
Add unitig edges
Nb unitig edges: 2422
Sorting unitig edges
Done loading unitig graph
Simplifying
Max abundance: 40
Nb unitigs: 1128
Superbubble
Nb superbubble removed: 72 0 (0s)
Tip
Nb Tip removed: 280 (0s)
Superbubble
Nb superbubble removed: 118 0 (0s)
Tip
Nb Tip removed: 0 (0s)
Nb errors removed: 229 (0s)
Superbubble
Nb superbubble removed: 0 0 (0s)
Tip
Nb Tip removed: 0 (0s)
Nb errors removed: 66 (0s)
Superbubble
Nb superbubble removed: 0 0 (0s)
Tip
Nb Tip removed: 0 (0s)
Nb errors removed: 34 (0s)
Superbubble
Nb superbubble removed: 4 0 (0s)
Tip
Nb Tip removed: 0 (0s)
Nb errors removed: 12 (0s)
Superbubble
Nb superbubble removed: 0 0 (0s)
Tip
Nb Tip removed: 0 (0s)
Nb errors removed: 10 (0s)
Superbubble
Nb superbubble removed: 0 0 (0s)
Tip
Nb Tip removed: 0 (0s)
Nb errors removed: 8 (0s)
Superbubble
Nb superbubble removed: 0 0 (0s)
Tip
Nb Tip removed: 0 (0s)
Nb errors removed: 6 (0s)
Superbubble
Nb superbubble removed: 0 0 (0s)
Tip
Nb Tip removed: 0 (0s)
Nb errors removed: 6 (0s)
Superbubble
Nb superbubble removed: 0 0 (0s)
Tip
Nb Tip removed: 0 (0s)
Nb errors removed: 1 (0s)
Superbubble
Nb superbubble removed: 0 0 (0s)
Tip
Nb Tip removed: 0 (0s)
Nb errors removed: 2 (0s)
Superbubble
Nb superbubble removed: 0 0 (0s)
Tip
Nb Tip removed: 0 (0s)
Nb errors removed: 1 (0s)
Superbubble
Nb superbubble removed: 0 0 (0s)
Tip
Nb Tip removed: 0 (0s)
Nb errors removed: 1 (0s)
Superbubble
Nb superbubble removed: 0 0 (0s)
Tip
Nb Tip removed: 0 (0s)
Nb errors removed: 1 (0s)
Superbubble
Nb superbubble removed: 0 0 (0s)
Tip
Nb Tip removed: 0 (0s)
Nb errors removed: 2 (0s)
Superbubble
Nb superbubble removed: 0 0 (0s)
Tip
Nb Tip removed: 0 (0s)
Checksum: 0
Checksum abundnace: 0
Generating contigs
41.1448
28.1025
23.2252
15.8631
11.9182
10.8347
9.84974
8.14028
7.40025
6.11591
5.05447
4.17725
3.13843
2.14359
0


metaMDBG toMinspace  /var/folders/zg/vq0dnx517c54hg87dyqjky740000gn/T/.tmp7o7wQ0/tmp/ /var/folders/zg/vq0dnx517c54hg87dyqjky740000gn/T/.tmp7o7wQ0/tmp//contigs.nodepath /var/folders/zg/vq0dnx517c54hg87dyqjky740000gn/T/.tmp7o7wQ0/tmp//unitig_data.txt --threads 10

Input dir: /var/folders/zg/vq0dnx517c54hg87dyqjky740000gn/T/.tmp7o7wQ0/tmp/
Minimizer length: 15
Kminmer length: 56
Density: 0.005

Loading unitig sequences

Creating mContigs

Contig filename: /var/folders/zg/vq0dnx517c54hg87dyqjky740000gn/T/.tmp7o7wQ0/tmp//unitig_data.txt
pass done: 56
Multi-k pass: 57/206


metaMDBG graph /var/folders/zg/vq0dnx517c54hg87dyqjky740000gn/T/.tmp7o7wQ0/tmp/ --threads 10 --corrected-read 

Contig filename: 
Output dir: /var/folders/zg/vq0dnx517c54hg87dyqjky740000gn/T/.tmp7o7wQ0/tmp/
Minimizer length: 15
Kminmer length: 57
Density: 0.005
Min abundance: 0

Loading refined abundances
	Duration: 0
Collecting kminmers
Building mdbg
Duration: 0
Nb solid kminmers: 32671
Nb small contigs written: 0
Dump kminmer abundances
	Duration: 0
Indexing edges
Edge index size: 32596
Edge index elements: 58576
	Duration: 0
Compute unitig nodes
	Duration: 0
Index unitig edges
	Duration: 0
Compute unitig edges
	Duration: 0
Dump unitig abundances
	Duration: 0
Nb edges:   0


metaMDBG contig  /var/folders/zg/vq0dnx517c54hg87dyqjky740000gn/T/.tmp7o7wQ0/tmp/ --threads 10

Input dir: /var/folders/zg/vq0dnx517c54hg87dyqjky740000gn/T/.tmp7o7wQ0/tmp/
Minimizer length: 15
Kminmer length: 57
Density: 0.005

Loading unitig graph
Load unitigs
Nb unitigs: 1118
Nb minimizers: 95279
Add unitig abundances
Sorting abundances
Add unitig edges
Nb unitig edges: 2400
Sorting unitig edges
Done loading unitig graph
Simplifying
Max abundance: 40
Nb unitigs: 1118
Superbubble
Nb superbubble removed: 76 0 (0s)
Tip
Nb Tip removed: 277 (0s)
Superbubble
Nb superbubble removed: 110 0 (0s)
Tip
Nb Tip removed: 0 (0s)
Nb errors removed: 225 (0s)
Superbubble
Nb superbubble removed: 0 0 (0s)
Tip
Nb Tip removed: 0 (0s)
Nb errors removed: 66 (0s)
Superbubble
Nb superbubble removed: 0 0 (0s)
Tip
Nb Tip removed: 0 (0s)
Nb errors removed: 35 (0s)
Superbubble
Nb superbubble removed: 4 0 (0s)
Tip
Nb Tip removed: 0 (0s)
Nb errors removed: 12 (0s)
Superbubble
Nb superbubble removed: 0 0 (0s)
Tip
Nb Tip removed: 0 (0s)
Nb errors removed: 10 (0s)
Superbubble
Nb superbubble removed: 0 0 (0s)
Tip
Nb Tip removed: 0 (0s)
Nb errors removed: 8 (0s)
Superbubble
Nb superbubble removed: 0 0 (0s)
Tip
Nb Tip removed: 0 (0s)
Nb errors removed: 6 (0s)
Superbubble
Nb superbubble removed: 0 0 (0s)
Tip
Nb Tip removed: 0 (0s)
Nb errors removed: 6 (0s)
Superbubble
Nb superbubble removed: 0 0 (0s)
Tip
Nb Tip removed: 0 (0s)
Nb errors removed: 1 (0s)
Superbubble
Nb superbubble removed: 0 0 (0s)
Tip
Nb Tip removed: 0 (0s)
Nb errors removed: 2 (0s)
Superbubble
Nb superbubble removed: 0 0 (0s)
Tip
Nb Tip removed: 0 (0s)
Nb errors removed: 1 (0s)
Superbubble
Nb superbubble removed: 0 0 (0s)
Tip
Nb Tip removed: 0 (0s)
Nb errors removed: 1 (0s)
Superbubble
Nb superbubble removed: 0 0 (0s)
Tip
Nb Tip removed: 0 (0s)
Nb errors removed: 1 (0s)
Superbubble
Nb superbubble removed: 0 0 (0s)
Tip
Nb Tip removed: 0 (0s)
Nb errors removed: 2 (0s)
Superbubble
Nb superbubble removed: 0 0 (0s)
Tip
Nb Tip removed: 0 (0s)
Checksum: 0
Checksum abundnace: 0
Generating contigs
41.1448
28.1025
23.2252
15.8631
11.9182
10.8347
9.84974
8.14028
7.40025
6.11591
5.05447
4.17725
3.13843
2.14359
0


metaMDBG toMinspace  /var/folders/zg/vq0dnx517c54hg87dyqjky740000gn/T/.tmp7o7wQ0/tmp/ /var/folders/zg/vq0dnx517c54hg87dyqjky740000gn/T/.tmp7o7wQ0/tmp//contigs.nodepath /var/folders/zg/vq0dnx517c54hg87dyqjky740000gn/T/.tmp7o7wQ0/tmp//unitig_data.txt --threads 10

Input dir: /var/folders/zg/vq0dnx517c54hg87dyqjky740000gn/T/.tmp7o7wQ0/tmp/
Minimizer length: 15
Kminmer length: 57
Density: 0.005

Loading unitig sequences

Creating mContigs

Contig filename: /var/folders/zg/vq0dnx517c54hg87dyqjky740000gn/T/.tmp7o7wQ0/tmp//unitig_data.txt
pass done: 57
Multi-k pass: 58/206


metaMDBG graph /var/folders/zg/vq0dnx517c54hg87dyqjky740000gn/T/.tmp7o7wQ0/tmp/ --threads 10 --corrected-read 

Contig filename: 
Output dir: /var/folders/zg/vq0dnx517c54hg87dyqjky740000gn/T/.tmp7o7wQ0/tmp/
Minimizer length: 15
Kminmer length: 58
Density: 0.005
Min abundance: 0

Loading refined abundances
	Duration: 0
Collecting kminmers
Building mdbg
Duration: 0
Nb solid kminmers: 32744
Nb small contigs written: 0
Dump kminmer abundances
	Duration: 0
Indexing edges
Edge index size: 32668
Edge index elements: 58571
	Duration: 0
Compute unitig nodes
	Duration: 0
Index unitig edges
	Duration: 0
Compute unitig edges
	Duration: 0
Dump unitig abundances
	Duration: 0
Nb edges:   0


metaMDBG contig  /var/folders/zg/vq0dnx517c54hg87dyqjky740000gn/T/.tmp7o7wQ0/tmp/ --threads 10

Input dir: /var/folders/zg/vq0dnx517c54hg87dyqjky740000gn/T/.tmp7o7wQ0/tmp/
Minimizer length: 15
Kminmer length: 58
Density: 0.005

Loading unitig graph
Load unitigs
Nb unitigs: 1121
Nb minimizers: 96641
Add unitig abundances
Sorting abundances
Add unitig edges
Nb unitig edges: 2400
Sorting unitig edges
Done loading unitig graph
Simplifying
Max abundance: 40
Nb unitigs: 1121
Superbubble
Nb superbubble removed: 68 0 (0s)
Tip
Nb Tip removed: 281 (0s)
Superbubble
Nb superbubble removed: 112 0 (0s)
Tip
Nb Tip removed: 0 (0s)
Nb errors removed: 224 (0s)
Superbubble
Nb superbubble removed: 0 0 (0s)
Tip
Nb Tip removed: 0 (0s)
Nb errors removed: 68 (0s)
Superbubble
Nb superbubble removed: 0 0 (0s)
Tip
Nb Tip removed: 0 (0s)
Nb errors removed: 35 (0s)
Superbubble
Nb superbubble removed: 4 0 (0s)
Tip
Nb Tip removed: 0 (0s)
Nb errors removed: 12 (0s)
Superbubble
Nb superbubble removed: 0 0 (0s)
Tip
Nb Tip removed: 0 (0s)
Nb errors removed: 10 (0s)
Superbubble
Nb superbubble removed: 0 0 (0s)
Tip
Nb Tip removed: 0 (0s)
Nb errors removed: 8 (0s)
Superbubble
Nb superbubble removed: 0 0 (0s)
Tip
Nb Tip removed: 0 (0s)
Nb errors removed: 6 (0s)
Superbubble
Nb superbubble removed: 0 0 (0s)
Tip
Nb Tip removed: 0 (0s)
Nb errors removed: 6 (0s)
Superbubble
Nb superbubble removed: 0 0 (0s)
Tip
Nb Tip removed: 0 (0s)
Nb errors removed: 1 (0s)
Superbubble
Nb superbubble removed: 0 0 (0s)
Tip
Nb Tip removed: 0 (0s)
Nb errors removed: 2 (0s)
Superbubble
Nb superbubble removed: 0 0 (0s)
Tip
Nb Tip removed: 0 (0s)
Nb errors removed: 1 (0s)
Superbubble
Nb superbubble removed: 0 0 (0s)
Tip
Nb Tip removed: 0 (0s)
Nb errors removed: 1 (0s)
Superbubble
Nb superbubble removed: 0 0 (0s)
Tip
Nb Tip removed: 0 (0s)
Nb errors removed: 1 (0s)
Superbubble
Nb superbubble removed: 0 0 (0s)
Tip
Nb Tip removed: 0 (0s)
Nb errors removed: 2 (0s)
Superbubble
Nb superbubble removed: 0 0 (0s)
Tip
Nb Tip removed: 0 (0s)
Checksum: 0
Checksum abundnace: 0
Generating contigs
41.1448
28.1025
23.2252
15.8631
11.9182
10.8347
9.84974
8.14028
7.40025
6.11591
5.05447
4.17725
3.13843
2.14359
0


metaMDBG toMinspace  /var/folders/zg/vq0dnx517c54hg87dyqjky740000gn/T/.tmp7o7wQ0/tmp/ /var/folders/zg/vq0dnx517c54hg87dyqjky740000gn/T/.tmp7o7wQ0/tmp//contigs.nodepath /var/folders/zg/vq0dnx517c54hg87dyqjky740000gn/T/.tmp7o7wQ0/tmp//unitig_data.txt --threads 10

Input dir: /var/folders/zg/vq0dnx517c54hg87dyqjky740000gn/T/.tmp7o7wQ0/tmp/
Minimizer length: 15
Kminmer length: 58
Density: 0.005

Loading unitig sequences

Creating mContigs

Contig filename: /var/folders/zg/vq0dnx517c54hg87dyqjky740000gn/T/.tmp7o7wQ0/tmp//unitig_data.txt
pass done: 58
Multi-k pass: 59/206


metaMDBG graph /var/folders/zg/vq0dnx517c54hg87dyqjky740000gn/T/.tmp7o7wQ0/tmp/ --threads 10 --corrected-read 

Contig filename: 
Output dir: /var/folders/zg/vq0dnx517c54hg87dyqjky740000gn/T/.tmp7o7wQ0/tmp/
Minimizer length: 15
Kminmer length: 59
Density: 0.005
Min abundance: 0

Loading refined abundances
	Duration: 0
Collecting kminmers
Building mdbg
Duration: 0
Nb solid kminmers: 32809
Nb small contigs written: 0
Dump kminmer abundances
	Duration: 0
Indexing edges
Edge index size: 32742
Edge index elements: 58684
	Duration: 0
Compute unitig nodes
	Duration: 0
Index unitig edges
	Duration: 0
Compute unitig edges
	Duration: 0
Dump unitig abundances
	Duration: 0
Nb edges:   0


metaMDBG contig  /var/folders/zg/vq0dnx517c54hg87dyqjky740000gn/T/.tmp7o7wQ0/tmp/ --threads 10

Input dir: /var/folders/zg/vq0dnx517c54hg87dyqjky740000gn/T/.tmp7o7wQ0/tmp/
Minimizer length: 15
Kminmer length: 59
Density: 0.005

Loading unitig graph
Load unitigs
Nb unitigs: 1114
Nb minimizers: 97421
Add unitig abundances
Sorting abundances
Add unitig edges
Nb unitig edges: 2364
Sorting unitig edges
Done loading unitig graph
Simplifying
Max abundance: 40
Nb unitigs: 1114
Superbubble
Nb superbubble removed: 68 0 (0s)
Tip
Nb Tip removed: 284 (0s)
Superbubble
Nb superbubble removed: 110 0 (0s)
Tip
Nb Tip removed: 0 (0s)
Nb errors removed: 225 (0s)
Superbubble
Nb superbubble removed: 0 0 (0s)
Tip
Nb Tip removed: 0 (0s)
Nb errors removed: 69 (0s)
Superbubble
Nb superbubble removed: 0 0 (0s)
Tip
Nb Tip removed: 0 (0s)
Nb errors removed: 36 (0s)
Superbubble
Nb superbubble removed: 4 0 (0s)
Tip
Nb Tip removed: 0 (0s)
Nb errors removed: 12 (0s)
Superbubble
Nb superbubble removed: 0 0 (0s)
Tip
Nb Tip removed: 0 (0s)
Nb errors removed: 10 (0s)
Superbubble
Nb superbubble removed: 0 0 (0s)
Tip
Nb Tip removed: 0 (0s)
Nb errors removed: 8 (0s)
Superbubble
Nb superbubble removed: 0 0 (0s)
Tip
Nb Tip removed: 0 (0s)
Nb errors removed: 6 (0s)
Superbubble
Nb superbubble removed: 0 0 (0s)
Tip
Nb Tip removed: 0 (0s)
Nb errors removed: 5 (0s)
Superbubble
Nb superbubble removed: 0 0 (0s)
Tip
Nb Tip removed: 0 (0s)
Nb errors removed: 1 (0s)
Superbubble
Nb superbubble removed: 0 0 (0s)
Tip
Nb Tip removed: 0 (0s)
Nb errors removed: 2 (0s)
Superbubble
Nb superbubble removed: 0 0 (0s)
Tip
Nb Tip removed: 0 (0s)
Nb errors removed: 3 (0s)
Superbubble
Nb superbubble removed: 0 0 (0s)
Tip
Nb Tip removed: 0 (0s)
Nb errors removed: 1 (0s)
Superbubble
Nb superbubble removed: 0 0 (0s)
Tip
Nb Tip removed: 0 (0s)
Nb errors removed: 1 (0s)
Superbubble
Nb superbubble removed: 0 0 (0s)
Tip
Nb Tip removed: 0 (0s)
Nb errors removed: 1 (0s)
Superbubble
Nb superbubble removed: 0 0 (0s)
Tip
Nb Tip removed: 0 (0s)
Nb errors removed: 2 (0s)
Superbubble
Nb superbubble removed: 0 0 (0s)
Tip
Nb Tip removed: 0 (0s)
Checksum: 0
Checksum abundnace: 0
Generating contigs
41.1448
28.1025
23.2252
15.8631
13.11
11.9182
10.8347
9.84974
8.14028
7.40025
6.11591
5.05447
4.17725
3.13843
2.14359
0


metaMDBG toMinspace  /var/folders/zg/vq0dnx517c54hg87dyqjky740000gn/T/.tmp7o7wQ0/tmp/ /var/folders/zg/vq0dnx517c54hg87dyqjky740000gn/T/.tmp7o7wQ0/tmp//contigs.nodepath /var/folders/zg/vq0dnx517c54hg87dyqjky740000gn/T/.tmp7o7wQ0/tmp//unitig_data.txt --threads 10

Input dir: /var/folders/zg/vq0dnx517c54hg87dyqjky740000gn/T/.tmp7o7wQ0/tmp/
Minimizer length: 15
Kminmer length: 59
Density: 0.005

Loading unitig sequences

Creating mContigs

Contig filename: /var/folders/zg/vq0dnx517c54hg87dyqjky740000gn/T/.tmp7o7wQ0/tmp//unitig_data.txt
pass done: 59
Multi-k pass: 60/206


metaMDBG graph /var/folders/zg/vq0dnx517c54hg87dyqjky740000gn/T/.tmp7o7wQ0/tmp/ --threads 10 --corrected-read 

Contig filename: 
Output dir: /var/folders/zg/vq0dnx517c54hg87dyqjky740000gn/T/.tmp7o7wQ0/tmp/
Minimizer length: 15
Kminmer length: 60
Density: 0.005
Min abundance: 0

Loading refined abundances
	Duration: 0
Collecting kminmers
Building mdbg
Duration: 0
Nb solid kminmers: 32870
Nb small contigs written: 0
Dump kminmer abundances
	Duration: 0
Indexing edges
Edge index size: 32807
Edge index elements: 58692
	Duration: 0
Compute unitig nodes
	Duration: 0
Index unitig edges
	Duration: 0
Compute unitig edges
	Duration: 0
Dump unitig abundances
	Duration: 0
Nb edges:   0


metaMDBG contig  /var/folders/zg/vq0dnx517c54hg87dyqjky740000gn/T/.tmp7o7wQ0/tmp/ --threads 10

Input dir: /var/folders/zg/vq0dnx517c54hg87dyqjky740000gn/T/.tmp7o7wQ0/tmp/
Minimizer length: 15
Kminmer length: 60
Density: 0.005

Loading unitig graph
Load unitigs
Nb unitigs: 1102
Nb minimizers: 97888
Add unitig abundances
Sorting abundances
Add unitig edges
Nb unitig edges: 2342
Sorting unitig edges
Done loading unitig graph
Simplifying
Max abundance: 40
Nb unitigs: 1102
Superbubble
Nb superbubble removed: 68 0 (0s)
Tip
Nb Tip removed: 289 (0s)
Superbubble
Nb superbubble removed: 106 0 (0s)
Tip
Nb Tip removed: 0 (0s)
Nb errors removed: 224 (0s)
Superbubble
Nb superbubble removed: 0 0 (0s)
Tip
Nb Tip removed: 0 (0s)
Nb errors removed: 70 (0s)
Superbubble
Nb superbubble removed: 0 0 (0s)
Tip
Nb Tip removed: 0 (0s)
Nb errors removed: 38 (0s)
Superbubble
Nb superbubble removed: 4 0 (0s)
Tip
Nb Tip removed: 0 (0s)
Nb errors removed: 12 (0s)
Superbubble
Nb superbubble removed: 0 0 (0s)
Tip
Nb Tip removed: 0 (0s)
Nb errors removed: 12 (0s)
Superbubble
Nb superbubble removed: 0 0 (0s)
Tip
Nb Tip removed: 0 (0s)
Nb errors removed: 8 (0s)
Superbubble
Nb superbubble removed: 0 0 (0s)
Tip
Nb Tip removed: 0 (0s)
Nb errors removed: 7 (0s)
Superbubble
Nb superbubble removed: 0 0 (0s)
Tip
Nb Tip removed: 0 (0s)
Nb errors removed: 5 (0s)
Superbubble
Nb superbubble removed: 0 0 (0s)
Tip
Nb Tip removed: 0 (0s)
Nb errors removed: 1 (0s)
Superbubble
Nb superbubble removed: 0 0 (0s)
Tip
Nb Tip removed: 0 (0s)
Nb errors removed: 2 (0s)
Superbubble
Nb superbubble removed: 0 0 (0s)
Tip
Nb Tip removed: 0 (0s)
Nb errors removed: 3 (0s)
Superbubble
Nb superbubble removed: 0 0 (0s)
Tip
Nb Tip removed: 0 (0s)
Nb errors removed: 1 (0s)
Superbubble
Nb superbubble removed: 0 0 (0s)
Tip
Nb Tip removed: 0 (0s)
Nb errors removed: 1 (0s)
Superbubble
Nb superbubble removed: 0 0 (0s)
Tip
Nb Tip removed: 0 (0s)
Nb errors removed: 1 (0s)
Superbubble
Nb superbubble removed: 0 0 (0s)
Tip
Nb Tip removed: 0 (0s)
Nb errors removed: 2 (0s)
Superbubble
Nb superbubble removed: 0 0 (0s)
Tip
Nb Tip removed: 0 (0s)
Checksum: 0
Checksum abundnace: 0
Generating contigs
41.1448
28.1025
23.2252
15.8631
13.11
11.9182
10.8347
9.84974
8.14028
7.40025
6.11591
5.05447
4.17725
3.13843
2.14359
0


metaMDBG toMinspace  /var/folders/zg/vq0dnx517c54hg87dyqjky740000gn/T/.tmp7o7wQ0/tmp/ /var/folders/zg/vq0dnx517c54hg87dyqjky740000gn/T/.tmp7o7wQ0/tmp//contigs.nodepath /var/folders/zg/vq0dnx517c54hg87dyqjky740000gn/T/.tmp7o7wQ0/tmp//unitig_data.txt --threads 10

Input dir: /var/folders/zg/vq0dnx517c54hg87dyqjky740000gn/T/.tmp7o7wQ0/tmp/
Minimizer length: 15
Kminmer length: 60
Density: 0.005

Loading unitig sequences

Creating mContigs

Contig filename: /var/folders/zg/vq0dnx517c54hg87dyqjky740000gn/T/.tmp7o7wQ0/tmp//unitig_data.txt
pass done: 60
Multi-k pass: 61/206


metaMDBG graph /var/folders/zg/vq0dnx517c54hg87dyqjky740000gn/T/.tmp7o7wQ0/tmp/ --threads 10 --corrected-read 

Contig filename: 
Output dir: /var/folders/zg/vq0dnx517c54hg87dyqjky740000gn/T/.tmp7o7wQ0/tmp/
Minimizer length: 15
Kminmer length: 61
Density: 0.005
Min abundance: 0

Loading refined abundances
	Duration: 0
Collecting kminmers
Building mdbg
Duration: 0
Nb solid kminmers: 32931
Nb small contigs written: 0
Dump kminmer abundances
	Duration: 0
Indexing edges
Edge index size: 32865
Edge index elements: 59078
	Duration: 0
Compute unitig nodes
	Duration: 0
Index unitig edges
	Duration: 0
Compute unitig edges
	Duration: 0
Dump unitig abundances
	Duration: 0
Nb edges:   0


metaMDBG contig  /var/folders/zg/vq0dnx517c54hg87dyqjky740000gn/T/.tmp7o7wQ0/tmp/ --threads 10 --gen-graph 

Input dir: /var/folders/zg/vq0dnx517c54hg87dyqjky740000gn/T/.tmp7o7wQ0/tmp/
Minimizer length: 15
Kminmer length: 61
Density: 0.005

Loading unitig graph
Load unitigs
Nb unitigs: 1098
Nb minimizers: 98811
Add unitig abundances
Sorting abundances
Add unitig edges
Nb unitig edges: 2336
Sorting unitig edges
Done loading unitig graph
Simplifying
Max abundance: 40
Nb unitigs: 1098
Superbubble
Nb superbubble removed: 68 0 (0s)
Tip
Nb Tip removed: 290 (0s)
Superbubble
Nb superbubble removed: 104 0 (0s)
Tip
Nb Tip removed: 0 (0s)
Saving unitig graph: /var/folders/zg/vq0dnx517c54hg87dyqjky740000gn/T/.tmp7o7wQ0/tmp//assembly_graph.gfa
Nb errors removed: 219 (0s)
Superbubble
Nb superbubble removed: 0 0 (0s)
Tip
Nb Tip removed: 0 (0s)
Nb errors removed: 70 (0s)
Superbubble
Nb superbubble removed: 0 0 (0s)
Tip
Nb Tip removed: 0 (0s)
Nb errors removed: 38 (0s)
Superbubble
Nb superbubble removed: 4 0 (0s)
Tip
Nb Tip removed: 0 (0s)
Nb errors removed: 12 (0s)
Superbubble
Nb superbubble removed: 0 0 (0s)
Tip
Nb Tip removed: 0 (0s)
Nb errors removed: 12 (0s)
Superbubble
Nb superbubble removed: 0 0 (0s)
Tip
Nb Tip removed: 0 (0s)
Nb errors removed: 8 (0s)
Superbubble
Nb superbubble removed: 0 0 (0s)
Tip
Nb Tip removed: 0 (0s)
Nb errors removed: 9 (0s)
Superbubble
Nb superbubble removed: 0 0 (0s)
Tip
Nb Tip removed: 0 (0s)
Nb errors removed: 5 (0s)
Superbubble
Nb superbubble removed: 0 0 (0s)
Tip
Nb Tip removed: 0 (0s)
Nb errors removed: 1 (0s)
Superbubble
Nb superbubble removed: 0 0 (0s)
Tip
Nb Tip removed: 0 (0s)
Nb errors removed: 2 (0s)
Superbubble
Nb superbubble removed: 0 0 (0s)
Tip
Nb Tip removed: 0 (0s)
Nb errors removed: 3 (0s)
Superbubble
Nb superbubble removed: 0 0 (0s)
Tip
Nb Tip removed: 0 (0s)
Nb errors removed: 1 (0s)
Superbubble
Nb superbubble removed: 0 0 (0s)
Tip
Nb Tip removed: 0 (0s)
Nb errors removed: 1 (0s)
Superbubble
Nb superbubble removed: 0 0 (0s)
Tip
Nb Tip removed: 0 (0s)
Nb errors removed: 1 (0s)
Superbubble
Nb superbubble removed: 0 0 (0s)
Tip
Nb Tip removed: 0 (0s)
Nb errors removed: 2 (0s)
Superbubble
Nb superbubble removed: 0 0 (0s)
Tip
Nb Tip removed: 0 (0s)
Checksum: 0
Checksum abundnace: 0
Generating contigs
41.1448
28.1025
23.2252
15.8631
13.11
11.9182
10.8347
9.84974
8.14028
7.40025
6.11591
5.05447
4.17725
3.13843
2.14359
0


metaMDBG toMinspace  /var/folders/zg/vq0dnx517c54hg87dyqjky740000gn/T/.tmp7o7wQ0/tmp/ /var/folders/zg/vq0dnx517c54hg87dyqjky740000gn/T/.tmp7o7wQ0/tmp//contigs.nodepath /var/folders/zg/vq0dnx517c54hg87dyqjky740000gn/T/.tmp7o7wQ0/tmp//unitig_data.txt --threads 10

Input dir: /var/folders/zg/vq0dnx517c54hg87dyqjky740000gn/T/.tmp7o7wQ0/tmp/
Minimizer length: 15
Kminmer length: 61
Density: 0.005

Loading unitig sequences

Creating mContigs

Contig filename: /var/folders/zg/vq0dnx517c54hg87dyqjky740000gn/T/.tmp7o7wQ0/tmp//unitig_data.txt


metaMDBG toMinspace  /var/folders/zg/vq0dnx517c54hg87dyqjky740000gn/T/.tmp7o7wQ0/tmp/ /var/folders/zg/vq0dnx517c54hg87dyqjky740000gn/T/.tmp7o7wQ0/tmp//assembly_graph.gfa.unitigs.nodepath /var/folders/zg/vq0dnx517c54hg87dyqjky740000gn/T/.tmp7o7wQ0/tmp//assembly_graph.gfa.unitigs --threads 10

Input dir: /var/folders/zg/vq0dnx517c54hg87dyqjky740000gn/T/.tmp7o7wQ0/tmp/
Minimizer length: 15
Kminmer length: 61
Density: 0.005

Loading unitig sequences

Creating mContigs

Contig filename: /var/folders/zg/vq0dnx517c54hg87dyqjky740000gn/T/.tmp7o7wQ0/tmp//assembly_graph.gfa.unitigs
pass done: 61
Multi-k pass: 62/206


metaMDBG graph /var/folders/zg/vq0dnx517c54hg87dyqjky740000gn/T/.tmp7o7wQ0/tmp/ --threads 10 --corrected-read 

Contig filename: 
Output dir: /var/folders/zg/vq0dnx517c54hg87dyqjky740000gn/T/.tmp7o7wQ0/tmp/
Minimizer length: 15
Kminmer length: 62
Density: 0.005
Min abundance: 0

Loading refined abundances
	Duration: 0
Collecting kminmers
Building mdbg
Duration: 0
Nb solid kminmers: 32988
Nb small contigs written: 0
Dump kminmer abundances
	Duration: 0
Indexing edges
Edge index size: 32929
Edge index elements: 59213
	Duration: 0
Compute unitig nodes
	Duration: 0
Index unitig edges
	Duration: 0
Compute unitig edges
	Duration: 0
Dump unitig abundances
	Duration: 0
Nb edges:   0


metaMDBG contig  /var/folders/zg/vq0dnx517c54hg87dyqjky740000gn/T/.tmp7o7wQ0/tmp/ --threads 10

Input dir: /var/folders/zg/vq0dnx517c54hg87dyqjky740000gn/T/.tmp7o7wQ0/tmp/
Minimizer length: 15
Kminmer length: 62
Density: 0.005

Loading unitig graph
Load unitigs
Nb unitigs: 1083
Nb minimizers: 99051
Add unitig abundances
Sorting abundances
Add unitig edges
Nb unitig edges: 2296
Sorting unitig edges
Done loading unitig graph
Simplifying
Max abundance: 40
Nb unitigs: 1083
Superbubble
Nb superbubble removed: 62 0 (0s)
Tip
Nb Tip removed: 286 (0s)
Superbubble
Nb superbubble removed: 106 0 (0s)
Tip
Nb Tip removed: 0 (0s)
Nb errors removed: 217 (0s)
Superbubble
Nb superbubble removed: 0 0 (0s)
Tip
Nb Tip removed: 0 (0s)
Nb errors removed: 71 (0s)
Superbubble
Nb superbubble removed: 0 0 (0s)
Tip
Nb Tip removed: 0 (0s)
Nb errors removed: 39 (0s)
Superbubble
Nb superbubble removed: 4 0 (0s)
Tip
Nb Tip removed: 0 (0s)
Nb errors removed: 15 (0s)
Superbubble
Nb superbubble removed: 0 0 (0s)
Tip
Nb Tip removed: 0 (0s)
Nb errors removed: 12 (0s)
Superbubble
Nb superbubble removed: 0 0 (0s)
Tip
Nb Tip removed: 0 (0s)
Nb errors removed: 8 (0s)
Superbubble
Nb superbubble removed: 0 0 (0s)
Tip
Nb Tip removed: 0 (0s)
Nb errors removed: 9 (0s)
Superbubble
Nb superbubble removed: 0 0 (0s)
Tip
Nb Tip removed: 0 (0s)
Nb errors removed: 5 (0s)
Superbubble
Nb superbubble removed: 0 0 (0s)
Tip
Nb Tip removed: 0 (0s)
Nb errors removed: 5 (0s)
Superbubble
Nb superbubble removed: 0 0 (0s)
Tip
Nb Tip removed: 0 (0s)
Nb errors removed: 4 (0s)
Superbubble
Nb superbubble removed: 0 0 (0s)
Tip
Nb Tip removed: 0 (0s)
Nb errors removed: 3 (0s)
Superbubble
Nb superbubble removed: 0 0 (0s)
Tip
Nb Tip removed: 0 (0s)
Nb errors removed: 1 (0s)
Superbubble
Nb superbubble removed: 0 0 (0s)
Tip
Nb Tip removed: 0 (0s)
Nb errors removed: 1 (0s)
Superbubble
Nb superbubble removed: 0 0 (0s)
Tip
Nb Tip removed: 0 (0s)
Nb errors removed: 1 (0s)
Superbubble
Nb superbubble removed: 0 0 (0s)
Tip
Nb Tip removed: 0 (0s)
Nb errors removed: 2 (0s)
Superbubble
Nb superbubble removed: 0 0 (0s)
Tip
Nb Tip removed: 0 (0s)
Checksum: 0
Checksum abundnace: 0
Generating contigs
41.1448
28.1025
23.2252
15.8631
13.11
11.9182
10.8347
9.84974
8.14028
7.40025
6.11591
5.05447
4.17725
3.13843
2.14359
0


metaMDBG toMinspace  /var/folders/zg/vq0dnx517c54hg87dyqjky740000gn/T/.tmp7o7wQ0/tmp/ /var/folders/zg/vq0dnx517c54hg87dyqjky740000gn/T/.tmp7o7wQ0/tmp//contigs.nodepath /var/folders/zg/vq0dnx517c54hg87dyqjky740000gn/T/.tmp7o7wQ0/tmp//unitig_data.txt --threads 10

Input dir: /var/folders/zg/vq0dnx517c54hg87dyqjky740000gn/T/.tmp7o7wQ0/tmp/
Minimizer length: 15
Kminmer length: 62
Density: 0.005

Loading unitig sequences

Creating mContigs

Contig filename: /var/folders/zg/vq0dnx517c54hg87dyqjky740000gn/T/.tmp7o7wQ0/tmp//unitig_data.txt
pass done: 62
Multi-k pass: 63/206


metaMDBG graph /var/folders/zg/vq0dnx517c54hg87dyqjky740000gn/T/.tmp7o7wQ0/tmp/ --threads 10 --corrected-read 

Contig filename: 
Output dir: /var/folders/zg/vq0dnx517c54hg87dyqjky740000gn/T/.tmp7o7wQ0/tmp/
Minimizer length: 15
Kminmer length: 63
Density: 0.005
Min abundance: 0

Loading refined abundances
	Duration: 0
Collecting kminmers
Building mdbg
Duration: 0
Nb solid kminmers: 33039
Nb small contigs written: 0
Dump kminmer abundances
	Duration: 0
Indexing edges
Edge index size: 32981
Edge index elements: 59077
	Duration: 0
Compute unitig nodes
	Duration: 0
Index unitig edges
	Duration: 0
Compute unitig edges
	Duration: 0
Dump unitig abundances
	Duration: 0
Nb edges:   0


metaMDBG contig  /var/folders/zg/vq0dnx517c54hg87dyqjky740000gn/T/.tmp7o7wQ0/tmp/ --threads 10

Input dir: /var/folders/zg/vq0dnx517c54hg87dyqjky740000gn/T/.tmp7o7wQ0/tmp/
Minimizer length: 15
Kminmer length: 63
Density: 0.005

Loading unitig graph
Load unitigs
Nb unitigs: 1073
Nb minimizers: 99565
Add unitig abundances
Sorting abundances
Add unitig edges
Nb unitig edges: 2270
Sorting unitig edges
Done loading unitig graph
Simplifying
Max abundance: 40
Nb unitigs: 1073
Superbubble
Nb superbubble removed: 62 0 (0s)
Tip
Nb Tip removed: 289 (0s)
Superbubble
Nb superbubble removed: 102 0 (0s)
Tip
Nb Tip removed: 0 (0s)
Nb errors removed: 215 (0s)
Superbubble
Nb superbubble removed: 0 0 (0s)
Tip
Nb Tip removed: 0 (0s)
Nb errors removed: 70 (0s)
Superbubble
Nb superbubble removed: 0 0 (0s)
Tip
Nb Tip removed: 0 (0s)
Nb errors removed: 39 (0s)
Superbubble
Nb superbubble removed: 4 0 (0s)
Tip
Nb Tip removed: 0 (0s)
Nb errors removed: 16 (0s)
Superbubble
Nb superbubble removed: 0 0 (0s)
Tip
Nb Tip removed: 0 (0s)
Nb errors removed: 12 (0s)
Superbubble
Nb superbubble removed: 0 0 (0s)
Tip
Nb Tip removed: 0 (0s)
Nb errors removed: 8 (0s)
Superbubble
Nb superbubble removed: 0 0 (0s)
Tip
Nb Tip removed: 0 (0s)
Nb errors removed: 10 (0s)
Superbubble
Nb superbubble removed: 0 0 (0s)
Tip
Nb Tip removed: 0 (0s)
Nb errors removed: 5 (0s)
Superbubble
Nb superbubble removed: 0 0 (0s)
Tip
Nb Tip removed: 0 (0s)
Nb errors removed: 5 (0s)
Superbubble
Nb superbubble removed: 0 0 (0s)
Tip
Nb Tip removed: 0 (0s)
Nb errors removed: 5 (0s)
Superbubble
Nb superbubble removed: 0 0 (0s)
Tip
Nb Tip removed: 0 (0s)
Nb errors removed: 3 (0s)
Superbubble
Nb superbubble removed: 0 0 (0s)
Tip
Nb Tip removed: 0 (0s)
Nb errors removed: 1 (0s)
Superbubble
Nb superbubble removed: 0 0 (0s)
Tip
Nb Tip removed: 0 (0s)
Nb errors removed: 1 (0s)
Superbubble
Nb superbubble removed: 0 0 (0s)
Tip
Nb Tip removed: 0 (0s)
Nb errors removed: 1 (0s)
Superbubble
Nb superbubble removed: 0 0 (0s)
Tip
Nb Tip removed: 0 (0s)
Nb errors removed: 1 (0s)
Superbubble
Nb superbubble removed: 0 0 (0s)
Tip
Nb Tip removed: 0 (0s)
Checksum: 0
Checksum abundnace: 0
Generating contigs
41.1448
28.1025
23.2252
15.8631
13.11
11.9182
10.8347
9.84974
8.14028
7.40025
6.11591
5.05447
4.17725
3.13843
2.14359
0


metaMDBG toMinspace  /var/folders/zg/vq0dnx517c54hg87dyqjky740000gn/T/.tmp7o7wQ0/tmp/ /var/folders/zg/vq0dnx517c54hg87dyqjky740000gn/T/.tmp7o7wQ0/tmp//contigs.nodepath /var/folders/zg/vq0dnx517c54hg87dyqjky740000gn/T/.tmp7o7wQ0/tmp//unitig_data.txt --threads 10

Input dir: /var/folders/zg/vq0dnx517c54hg87dyqjky740000gn/T/.tmp7o7wQ0/tmp/
Minimizer length: 15
Kminmer length: 63
Density: 0.005

Loading unitig sequences

Creating mContigs

Contig filename: /var/folders/zg/vq0dnx517c54hg87dyqjky740000gn/T/.tmp7o7wQ0/tmp//unitig_data.txt
pass done: 63
Multi-k pass: 64/206


metaMDBG graph /var/folders/zg/vq0dnx517c54hg87dyqjky740000gn/T/.tmp7o7wQ0/tmp/ --threads 10 --corrected-read 

Contig filename: 
Output dir: /var/folders/zg/vq0dnx517c54hg87dyqjky740000gn/T/.tmp7o7wQ0/tmp/
Minimizer length: 15
Kminmer length: 64
Density: 0.005
Min abundance: 0

Loading refined abundances
	Duration: 0
Collecting kminmers
Building mdbg
Duration: 0
Nb solid kminmers: 33088
Nb small contigs written: 0
Dump kminmer abundances
	Duration: 0
Indexing edges
Edge index size: 33035
Edge index elements: 59342
	Duration: 0
Compute unitig nodes
	Duration: 0
Index unitig edges
	Duration: 0
Compute unitig edges
	Duration: 0
Dump unitig abundances
	Duration: 0
Nb edges:   0


metaMDBG contig  /var/folders/zg/vq0dnx517c54hg87dyqjky740000gn/T/.tmp7o7wQ0/tmp/ --threads 10

Input dir: /var/folders/zg/vq0dnx517c54hg87dyqjky740000gn/T/.tmp7o7wQ0/tmp/
Minimizer length: 15
Kminmer length: 64
Density: 0.005

Loading unitig graph
Load unitigs
Nb unitigs: 1066
Nb minimizers: 100246
Add unitig abundances
Sorting abundances
Add unitig edges
Nb unitig edges: 2242
Sorting unitig edges
Done loading unitig graph
Simplifying
Max abundance: 40
Nb unitigs: 1066
Superbubble
Nb superbubble removed: 60 0 (0s)
Tip
Nb Tip removed: 287 (0s)
Superbubble
Nb superbubble removed: 100 0 (0s)
Tip
Nb Tip removed: 0 (0s)
Nb errors removed: 211 (0s)
Superbubble
Nb superbubble removed: 0 0 (0s)
Tip
Nb Tip removed: 0 (0s)
Nb errors removed: 71 (0s)
Superbubble
Nb superbubble removed: 0 0 (0s)
Tip
Nb Tip removed: 0 (0s)
Nb errors removed: 39 (0s)
Superbubble
Nb superbubble removed: 4 0 (0s)
Tip
Nb Tip removed: 0 (0s)
Nb errors removed: 16 (0s)
Superbubble
Nb superbubble removed: 0 0 (0s)
Tip
Nb Tip removed: 0 (0s)
Nb errors removed: 15 (0s)
Superbubble
Nb superbubble removed: 0 0 (0s)
Tip
Nb Tip removed: 0 (0s)
Nb errors removed: 8 (0s)
Superbubble
Nb superbubble removed: 0 0 (0s)
Tip
Nb Tip removed: 0 (0s)
Nb errors removed: 10 (0s)
Superbubble
Nb superbubble removed: 0 0 (0s)
Tip
Nb Tip removed: 0 (0s)
Nb errors removed: 5 (0s)
Superbubble
Nb superbubble removed: 0 0 (0s)
Tip
Nb Tip removed: 0 (0s)
Nb errors removed: 6 (0s)
Superbubble
Nb superbubble removed: 0 0 (0s)
Tip
Nb Tip removed: 0 (0s)
Nb errors removed: 5 (0s)
Superbubble
Nb superbubble removed: 0 0 (0s)
Tip
Nb Tip removed: 0 (0s)
Nb errors removed: 3 (0s)
Superbubble
Nb superbubble removed: 0 0 (0s)
Tip
Nb Tip removed: 0 (0s)
Nb errors removed: 1 (0s)
Superbubble
Nb superbubble removed: 0 0 (0s)
Tip
Nb Tip removed: 0 (0s)
Nb errors removed: 1 (0s)
Superbubble
Nb superbubble removed: 0 0 (0s)
Tip
Nb Tip removed: 0 (0s)
Nb errors removed: 1 (0s)
Superbubble
Nb superbubble removed: 0 0 (0s)
Tip
Nb Tip removed: 0 (0s)
Nb errors removed: 1 (0s)
Superbubble
Nb superbubble removed: 0 0 (0s)
Tip
Nb Tip removed: 0 (0s)
Checksum: 0
Checksum abundnace: 0
Generating contigs
41.1448
28.1025
23.2252
15.8631
13.11
11.9182
10.8347
9.84974
8.14028
7.40025
6.11591
5.05447
4.17725
3.13843
2.14359
0


metaMDBG toMinspace  /var/folders/zg/vq0dnx517c54hg87dyqjky740000gn/T/.tmp7o7wQ0/tmp/ /var/folders/zg/vq0dnx517c54hg87dyqjky740000gn/T/.tmp7o7wQ0/tmp//contigs.nodepath /var/folders/zg/vq0dnx517c54hg87dyqjky740000gn/T/.tmp7o7wQ0/tmp//unitig_data.txt --threads 10

Input dir: /var/folders/zg/vq0dnx517c54hg87dyqjky740000gn/T/.tmp7o7wQ0/tmp/
Minimizer length: 15
Kminmer length: 64
Density: 0.005

Loading unitig sequences

Creating mContigs

Contig filename: /var/folders/zg/vq0dnx517c54hg87dyqjky740000gn/T/.tmp7o7wQ0/tmp//unitig_data.txt
pass done: 64
Multi-k pass: 65/206


metaMDBG graph /var/folders/zg/vq0dnx517c54hg87dyqjky740000gn/T/.tmp7o7wQ0/tmp/ --threads 10 --corrected-read 

Contig filename: 
Output dir: /var/folders/zg/vq0dnx517c54hg87dyqjky740000gn/T/.tmp7o7wQ0/tmp/
Minimizer length: 15
Kminmer length: 65
Density: 0.005
Min abundance: 0

Loading refined abundances
	Duration: 0
Collecting kminmers
Building mdbg
Duration: 0
Nb solid kminmers: 33134
Nb small contigs written: 0
Dump kminmer abundances
	Duration: 0
Indexing edges
Edge index size: 33081
Edge index elements: 59596
	Duration: 0
Compute unitig nodes
	Duration: 0
Index unitig edges
	Duration: 0
Compute unitig edges
	Duration: 0
Dump unitig abundances
	Duration: 0
Nb edges:   0


metaMDBG contig  /var/folders/zg/vq0dnx517c54hg87dyqjky740000gn/T/.tmp7o7wQ0/tmp/ --threads 10

Input dir: /var/folders/zg/vq0dnx517c54hg87dyqjky740000gn/T/.tmp7o7wQ0/tmp/
Minimizer length: 15
Kminmer length: 65
Density: 0.005

Loading unitig graph
Load unitigs
Nb unitigs: 1055
Nb minimizers: 100654
Add unitig abundances
Sorting abundances
Add unitig edges
Nb unitig edges: 2222
Sorting unitig edges
Done loading unitig graph
Simplifying
Max abundance: 40
Nb unitigs: 1055
Superbubble
Nb superbubble removed: 56 0 (0s)
Tip
Nb Tip removed: 286 (0s)
Superbubble
Nb superbubble removed: 100 0 (0s)
Tip
Nb Tip removed: 0 (0s)
Nb errors removed: 208 (0s)
Superbubble
Nb superbubble removed: 0 0 (0s)
Tip
Nb Tip removed: 0 (0s)
Nb errors removed: 73 (0s)
Superbubble
Nb superbubble removed: 0 0 (0s)
Tip
Nb Tip removed: 0 (0s)
Nb errors removed: 39 (0s)
Superbubble
Nb superbubble removed: 4 0 (0s)
Tip
Nb Tip removed: 0 (0s)
Nb errors removed: 16 (0s)
Superbubble
Nb superbubble removed: 0 0 (0s)
Tip
Nb Tip removed: 0 (0s)
Nb errors removed: 14 (0s)
Superbubble
Nb superbubble removed: 0 0 (0s)
Tip
Nb Tip removed: 0 (0s)
Nb errors removed: 7 (0s)
Superbubble
Nb superbubble removed: 0 0 (0s)
Tip
Nb Tip removed: 0 (0s)
Nb errors removed: 10 (0s)
Superbubble
Nb superbubble removed: 0 0 (0s)
Tip
Nb Tip removed: 0 (0s)
Nb errors removed: 5 (0s)
Superbubble
Nb superbubble removed: 0 0 (0s)
Tip
Nb Tip removed: 0 (0s)
Nb errors removed: 6 (0s)
Superbubble
Nb superbubble removed: 0 0 (0s)
Tip
Nb Tip removed: 0 (0s)
Nb errors removed: 4 (0s)
Superbubble
Nb superbubble removed: 0 0 (0s)
Tip
Nb Tip removed: 0 (0s)
Nb errors removed: 3 (0s)
Superbubble
Nb superbubble removed: 0 0 (0s)
Tip
Nb Tip removed: 0 (0s)
Nb errors removed: 1 (0s)
Superbubble
Nb superbubble removed: 0 0 (0s)
Tip
Nb Tip removed: 0 (0s)
Nb errors removed: 1 (0s)
Superbubble
Nb superbubble removed: 0 0 (0s)
Tip
Nb Tip removed: 0 (0s)
Nb errors removed: 1 (0s)
Superbubble
Nb superbubble removed: 0 0 (0s)
Tip
Nb Tip removed: 0 (0s)
Nb errors removed: 1 (0s)
Superbubble
Nb superbubble removed: 0 0 (0s)
Tip
Nb Tip removed: 0 (0s)
Checksum: 0
Checksum abundnace: 0
Generating contigs
41.1448
28.1025
23.2252
15.8631
13.11
11.9182
10.8347
9.84974
8.14028
7.40025
6.11591
5.05447
4.17725
3.13843
2.14359
0


metaMDBG toMinspace  /var/folders/zg/vq0dnx517c54hg87dyqjky740000gn/T/.tmp7o7wQ0/tmp/ /var/folders/zg/vq0dnx517c54hg87dyqjky740000gn/T/.tmp7o7wQ0/tmp//contigs.nodepath /var/folders/zg/vq0dnx517c54hg87dyqjky740000gn/T/.tmp7o7wQ0/tmp//unitig_data.txt --threads 10

Input dir: /var/folders/zg/vq0dnx517c54hg87dyqjky740000gn/T/.tmp7o7wQ0/tmp/
Minimizer length: 15
Kminmer length: 65
Density: 0.005

Loading unitig sequences

Creating mContigs

Contig filename: /var/folders/zg/vq0dnx517c54hg87dyqjky740000gn/T/.tmp7o7wQ0/tmp//unitig_data.txt
pass done: 65
Multi-k pass: 66/206


metaMDBG graph /var/folders/zg/vq0dnx517c54hg87dyqjky740000gn/T/.tmp7o7wQ0/tmp/ --threads 10 --corrected-read 

Contig filename: 
Output dir: /var/folders/zg/vq0dnx517c54hg87dyqjky740000gn/T/.tmp7o7wQ0/tmp/
Minimizer length: 15
Kminmer length: 66
Density: 0.005
Min abundance: 0

Loading refined abundances
	Duration: 0
Collecting kminmers
Building mdbg
Duration: 0
Nb solid kminmers: 33183
Nb small contigs written: 0
Dump kminmer abundances
	Duration: 0
Indexing edges
Edge index size: 33131
Edge index elements: 59576
	Duration: 0
Compute unitig nodes
	Duration: 0
Index unitig edges
	Duration: 0
Compute unitig edges
	Duration: 0
Dump unitig abundances
	Duration: 0
Nb edges:   0


metaMDBG contig  /var/folders/zg/vq0dnx517c54hg87dyqjky740000gn/T/.tmp7o7wQ0/tmp/ --threads 10

Input dir: /var/folders/zg/vq0dnx517c54hg87dyqjky740000gn/T/.tmp7o7wQ0/tmp/
Minimizer length: 15
Kminmer length: 66
Density: 0.005

Loading unitig graph
Load unitigs
Nb unitigs: 1049
Nb minimizers: 101368
Add unitig abundances
Sorting abundances
Add unitig edges
Nb unitig edges: 2208
Sorting unitig edges
Done loading unitig graph
Simplifying
Max abundance: 40
Nb unitigs: 1049
Superbubble
Nb superbubble removed: 54 0 (0s)
Tip
Nb Tip removed: 282 (0s)
Superbubble
Nb superbubble removed: 102 0 (0s)
Tip
Nb Tip removed: 0 (0s)
Nb errors removed: 206 (0s)
Superbubble
Nb superbubble removed: 0 0 (0s)
Tip
Nb Tip removed: 0 (0s)
Nb errors removed: 72 (0s)
Superbubble
Nb superbubble removed: 0 0 (0s)
Tip
Nb Tip removed: 0 (0s)
Nb errors removed: 39 (0s)
Superbubble
Nb superbubble removed: 4 0 (0s)
Tip
Nb Tip removed: 0 (0s)
Nb errors removed: 16 (0s)
Superbubble
Nb superbubble removed: 0 0 (0s)
Tip
Nb Tip removed: 0 (0s)
Nb errors removed: 14 (0s)
Superbubble
Nb superbubble removed: 0 0 (0s)
Tip
Nb Tip removed: 0 (0s)
Nb errors removed: 7 (0s)
Superbubble
Nb superbubble removed: 0 0 (0s)
Tip
Nb Tip removed: 0 (0s)
Nb errors removed: 10 (0s)
Superbubble
Nb superbubble removed: 0 0 (0s)
Tip
Nb Tip removed: 0 (0s)
Nb errors removed: 5 (0s)
Superbubble
Nb superbubble removed: 0 0 (0s)
Tip
Nb Tip removed: 0 (0s)
Nb errors removed: 6 (0s)
Superbubble
Nb superbubble removed: 0 0 (0s)
Tip
Nb Tip removed: 0 (0s)
Nb errors removed: 4 (0s)
Superbubble
Nb superbubble removed: 0 0 (0s)
Tip
Nb Tip removed: 0 (0s)
Nb errors removed: 3 (0s)
Superbubble
Nb superbubble removed: 0 0 (0s)
Tip
Nb Tip removed: 0 (0s)
Nb errors removed: 1 (0s)
Superbubble
Nb superbubble removed: 0 0 (0s)
Tip
Nb Tip removed: 0 (0s)
Nb errors removed: 1 (0s)
Superbubble
Nb superbubble removed: 0 0 (0s)
Tip
Nb Tip removed: 0 (0s)
Nb errors removed: 1 (0s)
Superbubble
Nb superbubble removed: 0 0 (0s)
Tip
Nb Tip removed: 0 (0s)
Nb errors removed: 1 (0s)
Superbubble
Nb superbubble removed: 0 0 (0s)
Tip
Nb Tip removed: 0 (0s)
Checksum: 0
Checksum abundnace: 0
Generating contigs
41.1448
28.1025
23.2252
15.8631
13.11
11.9182
10.8347
9.84974
8.14028
7.40025
6.11591
5.05447
4.17725
3.13843
2.14359
0


metaMDBG toMinspace  /var/folders/zg/vq0dnx517c54hg87dyqjky740000gn/T/.tmp7o7wQ0/tmp/ /var/folders/zg/vq0dnx517c54hg87dyqjky740000gn/T/.tmp7o7wQ0/tmp//contigs.nodepath /var/folders/zg/vq0dnx517c54hg87dyqjky740000gn/T/.tmp7o7wQ0/tmp//unitig_data.txt --threads 10

Input dir: /var/folders/zg/vq0dnx517c54hg87dyqjky740000gn/T/.tmp7o7wQ0/tmp/
Minimizer length: 15
Kminmer length: 66
Density: 0.005

Loading unitig sequences

Creating mContigs

Contig filename: /var/folders/zg/vq0dnx517c54hg87dyqjky740000gn/T/.tmp7o7wQ0/tmp//unitig_data.txt
pass done: 66
Multi-k pass: 67/206


metaMDBG graph /var/folders/zg/vq0dnx517c54hg87dyqjky740000gn/T/.tmp7o7wQ0/tmp/ --threads 10 --corrected-read 

Contig filename: 
Output dir: /var/folders/zg/vq0dnx517c54hg87dyqjky740000gn/T/.tmp7o7wQ0/tmp/
Minimizer length: 15
Kminmer length: 67
Density: 0.005
Min abundance: 0

Loading refined abundances
	Duration: 0
Collecting kminmers
Building mdbg
Duration: 0
Nb solid kminmers: 33226
Nb small contigs written: 0
Dump kminmer abundances
	Duration: 0
Indexing edges
Edge index size: 33179
Edge index elements: 59414
	Duration: 0
Compute unitig nodes
	Duration: 0
Index unitig edges
	Duration: 0
Compute unitig edges
	Duration: 0
Dump unitig abundances
	Duration: 0
Nb edges:   0


metaMDBG contig  /var/folders/zg/vq0dnx517c54hg87dyqjky740000gn/T/.tmp7o7wQ0/tmp/ --threads 10

Input dir: /var/folders/zg/vq0dnx517c54hg87dyqjky740000gn/T/.tmp7o7wQ0/tmp/
Minimizer length: 15
Kminmer length: 67
Density: 0.005

Loading unitig graph
Load unitigs
Nb unitigs: 1037
Nb minimizers: 101668
Add unitig abundances
Sorting abundances
Add unitig edges
Nb unitig edges: 2170
Sorting unitig edges
Done loading unitig graph
Simplifying
Max abundance: 40
Nb unitigs: 1037
Superbubble
Nb superbubble removed: 50 0 (0s)
Tip
Nb Tip removed: 282 (0s)
Superbubble
Nb superbubble removed: 100 0 (0s)
Tip
Nb Tip removed: 0 (0s)
Nb errors removed: 203 (0s)
Superbubble
Nb superbubble removed: 0 0 (0s)
Tip
Nb Tip removed: 0 (0s)
Nb errors removed: 73 (0s)
Superbubble
Nb superbubble removed: 0 0 (0s)
Tip
Nb Tip removed: 0 (0s)
Nb errors removed: 40 (0s)
Superbubble
Nb superbubble removed: 4 0 (0s)
Tip
Nb Tip removed: 0 (0s)
Nb errors removed: 16 (0s)
Superbubble
Nb superbubble removed: 0 0 (0s)
Tip
Nb Tip removed: 0 (0s)
Nb errors removed: 15 (0s)
Superbubble
Nb superbubble removed: 0 0 (0s)
Tip
Nb Tip removed: 0 (0s)
Nb errors removed: 7 (0s)
Superbubble
Nb superbubble removed: 0 0 (0s)
Tip
Nb Tip removed: 0 (0s)
Nb errors removed: 10 (0s)
Superbubble
Nb superbubble removed: 0 0 (0s)
Tip
Nb Tip removed: 0 (0s)
Nb errors removed: 5 (0s)
Superbubble
Nb superbubble removed: 0 0 (0s)
Tip
Nb Tip removed: 0 (0s)
Nb errors removed: 6 (0s)
Superbubble
Nb superbubble removed: 0 0 (0s)
Tip
Nb Tip removed: 0 (0s)
Nb errors removed: 4 (0s)
Superbubble
Nb superbubble removed: 0 0 (0s)
Tip
Nb Tip removed: 0 (0s)
Nb errors removed: 3 (0s)
Superbubble
Nb superbubble removed: 0 0 (0s)
Tip
Nb Tip removed: 0 (0s)
Nb errors removed: 1 (0s)
Superbubble
Nb superbubble removed: 0 0 (0s)
Tip
Nb Tip removed: 0 (0s)
Nb errors removed: 1 (0s)
Superbubble
Nb superbubble removed: 0 0 (0s)
Tip
Nb Tip removed: 0 (0s)
Nb errors removed: 1 (0s)
Superbubble
Nb superbubble removed: 0 0 (0s)
Tip
Nb Tip removed: 0 (0s)
Nb errors removed: 1 (0s)
Superbubble
Nb superbubble removed: 0 0 (0s)
Tip
Nb Tip removed: 0 (0s)
Checksum: 0
Checksum abundnace: 0
Generating contigs
41.1448
28.1025
23.2252
15.8631
13.11
11.9182
10.8347
9.84974
8.14028
7.40025
6.11591
5.05447
4.17725
3.13843
2.14359
0


metaMDBG toMinspace  /var/folders/zg/vq0dnx517c54hg87dyqjky740000gn/T/.tmp7o7wQ0/tmp/ /var/folders/zg/vq0dnx517c54hg87dyqjky740000gn/T/.tmp7o7wQ0/tmp//contigs.nodepath /var/folders/zg/vq0dnx517c54hg87dyqjky740000gn/T/.tmp7o7wQ0/tmp//unitig_data.txt --threads 10

Input dir: /var/folders/zg/vq0dnx517c54hg87dyqjky740000gn/T/.tmp7o7wQ0/tmp/
Minimizer length: 15
Kminmer length: 67
Density: 0.005

Loading unitig sequences

Creating mContigs

Contig filename: /var/folders/zg/vq0dnx517c54hg87dyqjky740000gn/T/.tmp7o7wQ0/tmp//unitig_data.txt
pass done: 67
Multi-k pass: 68/206


metaMDBG graph /var/folders/zg/vq0dnx517c54hg87dyqjky740000gn/T/.tmp7o7wQ0/tmp/ --threads 10 --corrected-read 

Contig filename: 
Output dir: /var/folders/zg/vq0dnx517c54hg87dyqjky740000gn/T/.tmp7o7wQ0/tmp/
Minimizer length: 15
Kminmer length: 68
Density: 0.005
Min abundance: 0

Loading refined abundances
	Duration: 0
Collecting kminmers
Building mdbg
Duration: 0
Nb solid kminmers: 33269
Nb small contigs written: 0
Dump kminmer abundances
	Duration: 0
Indexing edges
Edge index size: 33223
Edge index elements: 59775
	Duration: 0
Compute unitig nodes
	Duration: 0
Index unitig edges
	Duration: 0
Compute unitig edges
	Duration: 0
Dump unitig abundances
	Duration: 0
Nb edges:   0


metaMDBG contig  /var/folders/zg/vq0dnx517c54hg87dyqjky740000gn/T/.tmp7o7wQ0/tmp/ --threads 10

Input dir: /var/folders/zg/vq0dnx517c54hg87dyqjky740000gn/T/.tmp7o7wQ0/tmp/
Minimizer length: 15
Kminmer length: 68
Density: 0.005

Loading unitig graph
Load unitigs
Nb unitigs: 1030
Nb minimizers: 102279
Add unitig abundances
Sorting abundances
Add unitig edges
Nb unitig edges: 2154
Sorting unitig edges
Done loading unitig graph
Simplifying
Max abundance: 40
Nb unitigs: 1030
Superbubble
Nb superbubble removed: 50 0 (0s)
Tip
Nb Tip removed: 282 (0s)
Superbubble
Nb superbubble removed: 98 0 (0s)
Tip
Nb Tip removed: 0 (0s)
Nb errors removed: 201 (0s)
Superbubble
Nb superbubble removed: 0 0 (0s)
Tip
Nb Tip removed: 0 (0s)
Nb errors removed: 72 (0s)
Superbubble
Nb superbubble removed: 0 0 (0s)
Tip
Nb Tip removed: 0 (0s)
Nb errors removed: 40 (0s)
Superbubble
Nb superbubble removed: 4 0 (0s)
Tip
Nb Tip removed: 0 (0s)
Nb errors removed: 16 (0s)
Superbubble
Nb superbubble removed: 0 0 (0s)
Tip
Nb Tip removed: 0 (0s)
Nb errors removed: 16 (0s)
Superbubble
Nb superbubble removed: 0 0 (0s)
Tip
Nb Tip removed: 0 (0s)
Nb errors removed: 7 (0s)
Superbubble
Nb superbubble removed: 0 0 (0s)
Tip
Nb Tip removed: 0 (0s)
Nb errors removed: 10 (0s)
Superbubble
Nb superbubble removed: 0 0 (0s)
Tip
Nb Tip removed: 0 (0s)
Nb errors removed: 5 (0s)
Superbubble
Nb superbubble removed: 0 0 (0s)
Tip
Nb Tip removed: 0 (0s)
Nb errors removed: 6 (0s)
Superbubble
Nb superbubble removed: 0 0 (0s)
Tip
Nb Tip removed: 0 (0s)
Nb errors removed: 4 (0s)
Superbubble
Nb superbubble removed: 0 0 (0s)
Tip
Nb Tip removed: 0 (0s)
Nb errors removed: 3 (0s)
Superbubble
Nb superbubble removed: 0 0 (0s)
Tip
Nb Tip removed: 0 (0s)
Nb errors removed: 1 (0s)
Superbubble
Nb superbubble removed: 0 0 (0s)
Tip
Nb Tip removed: 0 (0s)
Nb errors removed: 1 (0s)
Superbubble
Nb superbubble removed: 0 0 (0s)
Tip
Nb Tip removed: 0 (0s)
Nb errors removed: 1 (0s)
Superbubble
Nb superbubble removed: 0 0 (0s)
Tip
Nb Tip removed: 0 (0s)
Nb errors removed: 1 (0s)
Superbubble
Nb superbubble removed: 0 0 (0s)
Tip
Nb Tip removed: 0 (0s)
Checksum: 0
Checksum abundnace: 0
Generating contigs
41.1448
28.1025
23.2252
15.8631
13.11
11.9182
10.8347
9.84974
8.14028
7.40025
6.11591
5.05447
4.17725
3.13843
2.14359
0


metaMDBG toMinspace  /var/folders/zg/vq0dnx517c54hg87dyqjky740000gn/T/.tmp7o7wQ0/tmp/ /var/folders/zg/vq0dnx517c54hg87dyqjky740000gn/T/.tmp7o7wQ0/tmp//contigs.nodepath /var/folders/zg/vq0dnx517c54hg87dyqjky740000gn/T/.tmp7o7wQ0/tmp//unitig_data.txt --threads 10

Input dir: /var/folders/zg/vq0dnx517c54hg87dyqjky740000gn/T/.tmp7o7wQ0/tmp/
Minimizer length: 15
Kminmer length: 68
Density: 0.005

Loading unitig sequences

Creating mContigs

Contig filename: /var/folders/zg/vq0dnx517c54hg87dyqjky740000gn/T/.tmp7o7wQ0/tmp//unitig_data.txt
pass done: 68
Multi-k pass: 69/206


metaMDBG graph /var/folders/zg/vq0dnx517c54hg87dyqjky740000gn/T/.tmp7o7wQ0/tmp/ --threads 10 --corrected-read 

Contig filename: 
Output dir: /var/folders/zg/vq0dnx517c54hg87dyqjky740000gn/T/.tmp7o7wQ0/tmp/
Minimizer length: 15
Kminmer length: 69
Density: 0.005
Min abundance: 0

Loading refined abundances
	Duration: 0
Collecting kminmers
Building mdbg
Duration: 0
Nb solid kminmers: 33300
Nb small contigs written: 0
Dump kminmer abundances
	Duration: 0
Indexing edges
Edge index size: 33266
Edge index elements: 59731
	Duration: 0
Compute unitig nodes
	Duration: 0
Index unitig edges
	Duration: 0
Compute unitig edges
	Duration: 0
Dump unitig abundances
	Duration: 0
Nb edges:   0


metaMDBG contig  /var/folders/zg/vq0dnx517c54hg87dyqjky740000gn/T/.tmp7o7wQ0/tmp/ --threads 10

Input dir: /var/folders/zg/vq0dnx517c54hg87dyqjky740000gn/T/.tmp7o7wQ0/tmp/
Minimizer length: 15
Kminmer length: 69
Density: 0.005

Loading unitig graph
Load unitigs
Nb unitigs: 1012
Nb minimizers: 102116
Add unitig abundances
Sorting abundances
Add unitig edges
Nb unitig edges: 2096
Sorting unitig edges
Done loading unitig graph
Simplifying
Max abundance: 40
Nb unitigs: 1012
Superbubble
Nb superbubble removed: 48 0 (0s)
Tip
Nb Tip removed: 283 (0s)
Superbubble
Nb superbubble removed: 94 0 (0s)
Tip
Nb Tip removed: 0 (0s)
Nb errors removed: 200 (0s)
Superbubble
Nb superbubble removed: 0 0 (0s)
Tip
Nb Tip removed: 0 (0s)
Nb errors removed: 72 (0s)
Superbubble
Nb superbubble removed: 0 0 (0s)
Tip
Nb Tip removed: 0 (0s)
Nb errors removed: 41 (0s)
Superbubble
Nb superbubble removed: 4 0 (0s)
Tip
Nb Tip removed: 0 (0s)
Nb errors removed: 16 (0s)
Superbubble
Nb superbubble removed: 0 0 (0s)
Tip
Nb Tip removed: 0 (0s)
Nb errors removed: 18 (0s)
Superbubble
Nb superbubble removed: 0 0 (0s)
Tip
Nb Tip removed: 0 (0s)
Nb errors removed: 9 (0s)
Superbubble
Nb superbubble removed: 0 0 (0s)
Tip
Nb Tip removed: 0 (0s)
Nb errors removed: 10 (0s)
Superbubble
Nb superbubble removed: 0 0 (0s)
Tip
Nb Tip removed: 0 (0s)
Nb errors removed: 5 (0s)
Superbubble
Nb superbubble removed: 0 0 (0s)
Tip
Nb Tip removed: 0 (0s)
Nb errors removed: 6 (0s)
Superbubble
Nb superbubble removed: 0 0 (0s)
Tip
Nb Tip removed: 0 (0s)
Nb errors removed: 4 (0s)
Superbubble
Nb superbubble removed: 0 0 (0s)
Tip
Nb Tip removed: 0 (0s)
Nb errors removed: 3 (0s)
Superbubble
Nb superbubble removed: 0 0 (0s)
Tip
Nb Tip removed: 0 (0s)
Nb errors removed: 1 (0s)
Superbubble
Nb superbubble removed: 0 0 (0s)
Tip
Nb Tip removed: 0 (0s)
Nb errors removed: 1 (0s)
Superbubble
Nb superbubble removed: 0 0 (0s)
Tip
Nb Tip removed: 0 (0s)
Nb errors removed: 1 (0s)
Superbubble
Nb superbubble removed: 0 0 (0s)
Tip
Nb Tip removed: 0 (0s)
Nb errors removed: 1 (0s)
Superbubble
Nb superbubble removed: 0 0 (0s)
Tip
Nb Tip removed: 0 (0s)
Checksum: 0
Checksum abundnace: 0
Generating contigs
41.1448
28.1025
23.2252
15.8631
13.11
11.9182
10.8347
9.84974
8.14028
7.40025
6.11591
5.05447
4.17725
3.13843
2.14359
0


metaMDBG toMinspace  /var/folders/zg/vq0dnx517c54hg87dyqjky740000gn/T/.tmp7o7wQ0/tmp/ /var/folders/zg/vq0dnx517c54hg87dyqjky740000gn/T/.tmp7o7wQ0/tmp//contigs.nodepath /var/folders/zg/vq0dnx517c54hg87dyqjky740000gn/T/.tmp7o7wQ0/tmp//unitig_data.txt --threads 10

Input dir: /var/folders/zg/vq0dnx517c54hg87dyqjky740000gn/T/.tmp7o7wQ0/tmp/
Minimizer length: 15
Kminmer length: 69
Density: 0.005

Loading unitig sequences

Creating mContigs

Contig filename: /var/folders/zg/vq0dnx517c54hg87dyqjky740000gn/T/.tmp7o7wQ0/tmp//unitig_data.txt
pass done: 69
Multi-k pass: 70/206


metaMDBG graph /var/folders/zg/vq0dnx517c54hg87dyqjky740000gn/T/.tmp7o7wQ0/tmp/ --threads 10 --corrected-read 

Contig filename: 
Output dir: /var/folders/zg/vq0dnx517c54hg87dyqjky740000gn/T/.tmp7o7wQ0/tmp/
Minimizer length: 15
Kminmer length: 70
Density: 0.005
Min abundance: 0

Loading refined abundances
	Duration: 0
Collecting kminmers
Building mdbg
Duration: 0
Nb solid kminmers: 33328
Nb small contigs written: 0
Dump kminmer abundances
	Duration: 0
Indexing edges
Edge index size: 33296
Edge index elements: 59818
	Duration: 0
Compute unitig nodes
	Duration: 0
Index unitig edges
	Duration: 0
Compute unitig edges
	Duration: 0
Dump unitig abundances
	Duration: 0
Nb edges:   0


metaMDBG contig  /var/folders/zg/vq0dnx517c54hg87dyqjky740000gn/T/.tmp7o7wQ0/tmp/ --threads 10

Input dir: /var/folders/zg/vq0dnx517c54hg87dyqjky740000gn/T/.tmp7o7wQ0/tmp/
Minimizer length: 15
Kminmer length: 70
Density: 0.005

Loading unitig graph
Load unitigs
Nb unitigs: 1005
Nb minimizers: 102673
Add unitig abundances
Sorting abundances
Add unitig edges
Nb unitig edges: 2076
Sorting unitig edges
Done loading unitig graph
Simplifying
Max abundance: 40
Nb unitigs: 1005
Superbubble
Nb superbubble removed: 48 0 (0s)
Tip
Nb Tip removed: 282 (0s)
Superbubble
Nb superbubble removed: 92 0 (0s)
Tip
Nb Tip removed: 0 (0s)
Nb errors removed: 197 (0s)
Superbubble
Nb superbubble removed: 0 0 (0s)
Tip
Nb Tip removed: 0 (0s)
Nb errors removed: 70 (0s)
Superbubble
Nb superbubble removed: 0 0 (0s)
Tip
Nb Tip removed: 0 (0s)
Nb errors removed: 41 (0s)
Superbubble
Nb superbubble removed: 4 0 (0s)
Tip
Nb Tip removed: 0 (0s)
Nb errors removed: 16 (0s)
Superbubble
Nb superbubble removed: 0 0 (0s)
Tip
Nb Tip removed: 0 (0s)
Nb errors removed: 18 (0s)
Superbubble
Nb superbubble removed: 0 0 (0s)
Tip
Nb Tip removed: 0 (0s)
Nb errors removed: 11 (0s)
Superbubble
Nb superbubble removed: 0 0 (0s)
Tip
Nb Tip removed: 0 (0s)
Nb errors removed: 11 (0s)
Superbubble
Nb superbubble removed: 0 0 (0s)
Tip
Nb Tip removed: 0 (0s)
Nb errors removed: 5 (0s)
Superbubble
Nb superbubble removed: 0 0 (0s)
Tip
Nb Tip removed: 0 (0s)
Nb errors removed: 6 (0s)
Superbubble
Nb superbubble removed: 0 0 (0s)
Tip
Nb Tip removed: 0 (0s)
Nb errors removed: 4 (0s)
Superbubble
Nb superbubble removed: 0 0 (0s)
Tip
Nb Tip removed: 0 (0s)
Nb errors removed: 3 (0s)
Superbubble
Nb superbubble removed: 0 0 (0s)
Tip
Nb Tip removed: 0 (0s)
Nb errors removed: 1 (0s)
Superbubble
Nb superbubble removed: 0 0 (0s)
Tip
Nb Tip removed: 0 (0s)
Nb errors removed: 1 (0s)
Superbubble
Nb superbubble removed: 0 0 (0s)
Tip
Nb Tip removed: 0 (0s)
Nb errors removed: 1 (0s)
Superbubble
Nb superbubble removed: 0 0 (0s)
Tip
Nb Tip removed: 0 (0s)
Nb errors removed: 1 (0s)
Superbubble
Nb superbubble removed: 0 0 (0s)
Tip
Nb Tip removed: 0 (0s)
Checksum: 0
Checksum abundnace: 0
Generating contigs
41.1448
28.1025
23.2252
15.8631
13.11
11.9182
10.8347
9.84974
8.14028
7.40025
6.11591
5.05447
4.17725
3.13843
2.14359
0


metaMDBG toMinspace  /var/folders/zg/vq0dnx517c54hg87dyqjky740000gn/T/.tmp7o7wQ0/tmp/ /var/folders/zg/vq0dnx517c54hg87dyqjky740000gn/T/.tmp7o7wQ0/tmp//contigs.nodepath /var/folders/zg/vq0dnx517c54hg87dyqjky740000gn/T/.tmp7o7wQ0/tmp//unitig_data.txt --threads 10

Input dir: /var/folders/zg/vq0dnx517c54hg87dyqjky740000gn/T/.tmp7o7wQ0/tmp/
Minimizer length: 15
Kminmer length: 70
Density: 0.005

Loading unitig sequences

Creating mContigs

Contig filename: /var/folders/zg/vq0dnx517c54hg87dyqjky740000gn/T/.tmp7o7wQ0/tmp//unitig_data.txt
pass done: 70
Multi-k pass: 71/206


metaMDBG graph /var/folders/zg/vq0dnx517c54hg87dyqjky740000gn/T/.tmp7o7wQ0/tmp/ --threads 10 --corrected-read 

Contig filename: 
Output dir: /var/folders/zg/vq0dnx517c54hg87dyqjky740000gn/T/.tmp7o7wQ0/tmp/
Minimizer length: 15
Kminmer length: 71
Density: 0.005
Min abundance: 0

Loading refined abundances
	Duration: 0
Collecting kminmers
Building mdbg
Duration: 0
Nb solid kminmers: 33350
Nb small contigs written: 0
Dump kminmer abundances
	Duration: 0
Indexing edges
Edge index size: 33323
Edge index elements: 59911
	Duration: 0
Compute unitig nodes
	Duration: 0
Index unitig edges
	Duration: 0
Compute unitig edges
	Duration: 0
Dump unitig abundances
	Duration: 0
Nb edges:   0


metaMDBG contig  /var/folders/zg/vq0dnx517c54hg87dyqjky740000gn/T/.tmp7o7wQ0/tmp/ --threads 10 --gen-graph 

Input dir: /var/folders/zg/vq0dnx517c54hg87dyqjky740000gn/T/.tmp7o7wQ0/tmp/
Minimizer length: 15
Kminmer length: 71
Density: 0.005

Loading unitig graph
Load unitigs
Nb unitigs: 994
Nb minimizers: 102930
Add unitig abundances
Sorting abundances
Add unitig edges
Nb unitig edges: 2044
Sorting unitig edges
Done loading unitig graph
Simplifying
Max abundance: 40
Nb unitigs: 994
Superbubble
Nb superbubble removed: 46 0 (0s)
Tip
Nb Tip removed: 280 (0s)
Superbubble
Nb superbubble removed: 88 0 (0s)
Tip
Nb Tip removed: 0 (0s)
Saving unitig graph: /var/folders/zg/vq0dnx517c54hg87dyqjky740000gn/T/.tmp7o7wQ0/tmp//assembly_graph.gfa
Nb errors removed: 194 (0s)
Superbubble
Nb superbubble removed: 0 0 (0s)
Tip
Nb Tip removed: 0 (0s)
Nb errors removed: 70 (0s)
Superbubble
Nb superbubble removed: 0 0 (0s)
Tip
Nb Tip removed: 0 (0s)
Nb errors removed: 42 (0s)
Superbubble
Nb superbubble removed: 4 0 (0s)
Tip
Nb Tip removed: 0 (0s)
Nb errors removed: 16 (0s)
Superbubble
Nb superbubble removed: 0 0 (0s)
Tip
Nb Tip removed: 0 (0s)
Nb errors removed: 18 (0s)
Superbubble
Nb superbubble removed: 0 0 (0s)
Tip
Nb Tip removed: 0 (0s)
Nb errors removed: 11 (0s)
Superbubble
Nb superbubble removed: 0 0 (0s)
Tip
Nb Tip removed: 0 (0s)
Nb errors removed: 13 (0s)
Superbubble
Nb superbubble removed: 0 0 (0s)
Tip
Nb Tip removed: 0 (0s)
Nb errors removed: 5 (0s)
Superbubble
Nb superbubble removed: 0 0 (0s)
Tip
Nb Tip removed: 0 (0s)
Nb errors removed: 8 (0s)
Superbubble
Nb superbubble removed: 0 0 (0s)
Tip
Nb Tip removed: 0 (0s)
Nb errors removed: 4 (0s)
Superbubble
Nb superbubble removed: 0 0 (0s)
Tip
Nb Tip removed: 0 (0s)
Nb errors removed: 3 (0s)
Superbubble
Nb superbubble removed: 0 0 (0s)
Tip
Nb Tip removed: 0 (0s)
Nb errors removed: 1 (0s)
Superbubble
Nb superbubble removed: 0 0 (0s)
Tip
Nb Tip removed: 0 (0s)
Nb errors removed: 1 (0s)
Superbubble
Nb superbubble removed: 0 0 (0s)
Tip
Nb Tip removed: 0 (0s)
Nb errors removed: 1 (0s)
Superbubble
Nb superbubble removed: 0 0 (0s)
Tip
Nb Tip removed: 0 (0s)
Nb errors removed: 1 (0s)
Superbubble
Nb superbubble removed: 0 0 (0s)
Tip
Nb Tip removed: 0 (0s)
Checksum: 0
Checksum abundnace: 0
Generating contigs
41.1448
28.1025
23.2252
15.8631
13.11
11.9182
10.8347
9.84974
8.14028
7.40025
6.11591
5.05447
4.17725
3.13843
2.14359
0


metaMDBG toMinspace  /var/folders/zg/vq0dnx517c54hg87dyqjky740000gn/T/.tmp7o7wQ0/tmp/ /var/folders/zg/vq0dnx517c54hg87dyqjky740000gn/T/.tmp7o7wQ0/tmp//contigs.nodepath /var/folders/zg/vq0dnx517c54hg87dyqjky740000gn/T/.tmp7o7wQ0/tmp//unitig_data.txt --threads 10

Input dir: /var/folders/zg/vq0dnx517c54hg87dyqjky740000gn/T/.tmp7o7wQ0/tmp/
Minimizer length: 15
Kminmer length: 71
Density: 0.005

Loading unitig sequences

Creating mContigs

Contig filename: /var/folders/zg/vq0dnx517c54hg87dyqjky740000gn/T/.tmp7o7wQ0/tmp//unitig_data.txt


metaMDBG toMinspace  /var/folders/zg/vq0dnx517c54hg87dyqjky740000gn/T/.tmp7o7wQ0/tmp/ /var/folders/zg/vq0dnx517c54hg87dyqjky740000gn/T/.tmp7o7wQ0/tmp//assembly_graph.gfa.unitigs.nodepath /var/folders/zg/vq0dnx517c54hg87dyqjky740000gn/T/.tmp7o7wQ0/tmp//assembly_graph.gfa.unitigs --threads 10

Input dir: /var/folders/zg/vq0dnx517c54hg87dyqjky740000gn/T/.tmp7o7wQ0/tmp/
Minimizer length: 15
Kminmer length: 71
Density: 0.005

Loading unitig sequences

Creating mContigs

Contig filename: /var/folders/zg/vq0dnx517c54hg87dyqjky740000gn/T/.tmp7o7wQ0/tmp//assembly_graph.gfa.unitigs
pass done: 71
Multi-k pass: 72/206


metaMDBG graph /var/folders/zg/vq0dnx517c54hg87dyqjky740000gn/T/.tmp7o7wQ0/tmp/ --threads 10 --corrected-read 

Contig filename: 
Output dir: /var/folders/zg/vq0dnx517c54hg87dyqjky740000gn/T/.tmp7o7wQ0/tmp/
Minimizer length: 15
Kminmer length: 72
Density: 0.005
Min abundance: 0

Loading refined abundances
	Duration: 0
Collecting kminmers
Building mdbg
Duration: 0
Nb solid kminmers: 33368
Nb small contigs written: 0
Dump kminmer abundances
	Duration: 0
Indexing edges
Edge index size: 33347
Edge index elements: 59990
	Duration: 0
Compute unitig nodes
	Duration: 0
Index unitig edges
	Duration: 0
Compute unitig edges
	Duration: 0
Dump unitig abundances
	Duration: 0
Nb edges:   0


metaMDBG contig  /var/folders/zg/vq0dnx517c54hg87dyqjky740000gn/T/.tmp7o7wQ0/tmp/ --threads 10

Input dir: /var/folders/zg/vq0dnx517c54hg87dyqjky740000gn/T/.tmp7o7wQ0/tmp/
Minimizer length: 15
Kminmer length: 72
Density: 0.005

Loading unitig graph
Load unitigs
Nb unitigs: 980
Nb minimizers: 102948
Add unitig abundances
Sorting abundances
Add unitig edges
Nb unitig edges: 2014
Sorting unitig edges
Done loading unitig graph
Simplifying
Max abundance: 40
Nb unitigs: 980
Superbubble
Nb superbubble removed: 44 0 (0s)
Tip
Nb Tip removed: 282 (0s)
Superbubble
Nb superbubble removed: 86 0 (0s)
Tip
Nb Tip removed: 0 (0s)
Nb errors removed: 193 (0s)
Superbubble
Nb superbubble removed: 0 0 (0s)
Tip
Nb Tip removed: 0 (0s)
Nb errors removed: 73 (0s)
Superbubble
Nb superbubble removed: 0 0 (0s)
Tip
Nb Tip removed: 0 (0s)
Nb errors removed: 41 (0s)
Superbubble
Nb superbubble removed: 4 0 (0s)
Tip
Nb Tip removed: 0 (0s)
Nb errors removed: 16 (0s)
Superbubble
Nb superbubble removed: 0 0 (0s)
Tip
Nb Tip removed: 0 (0s)
Nb errors removed: 17 (0s)
Superbubble
Nb superbubble removed: 0 0 (0s)
Tip
Nb Tip removed: 0 (0s)
Nb errors removed: 11 (0s)
Superbubble
Nb superbubble removed: 0 0 (0s)
Tip
Nb Tip removed: 0 (0s)
Nb errors removed: 13 (0s)
Superbubble
Nb superbubble removed: 0 0 (0s)
Tip
Nb Tip removed: 0 (0s)
Nb errors removed: 5 (0s)
Superbubble
Nb superbubble removed: 0 0 (0s)
Tip
Nb Tip removed: 0 (0s)
Nb errors removed: 8 (0s)
Superbubble
Nb superbubble removed: 0 0 (0s)
Tip
Nb Tip removed: 0 (0s)
Nb errors removed: 5 (0s)
Superbubble
Nb superbubble removed: 0 0 (0s)
Tip
Nb Tip removed: 0 (0s)
Nb errors removed: 4 (0s)
Superbubble
Nb superbubble removed: 0 0 (0s)
Tip
Nb Tip removed: 0 (0s)
Nb errors removed: 1 (0s)
Superbubble
Nb superbubble removed: 0 0 (0s)
Tip
Nb Tip removed: 0 (0s)
Nb errors removed: 1 (0s)
Superbubble
Nb superbubble removed: 0 0 (0s)
Tip
Nb Tip removed: 0 (0s)
Nb errors removed: 1 (0s)
Superbubble
Nb superbubble removed: 0 0 (0s)
Tip
Nb Tip removed: 0 (0s)
Nb errors removed: 1 (0s)
Superbubble
Nb superbubble removed: 0 0 (0s)
Tip
Nb Tip removed: 0 (0s)
Checksum: 0
Checksum abundnace: 0
Generating contigs
41.1448
28.1025
23.2252
15.8631
13.11
11.9182
10.8347
9.84974
8.14028
7.40025
6.11591
5.05447
4.17725
3.13843
2.14359
0


metaMDBG toMinspace  /var/folders/zg/vq0dnx517c54hg87dyqjky740000gn/T/.tmp7o7wQ0/tmp/ /var/folders/zg/vq0dnx517c54hg87dyqjky740000gn/T/.tmp7o7wQ0/tmp//contigs.nodepath /var/folders/zg/vq0dnx517c54hg87dyqjky740000gn/T/.tmp7o7wQ0/tmp//unitig_data.txt --threads 10

Input dir: /var/folders/zg/vq0dnx517c54hg87dyqjky740000gn/T/.tmp7o7wQ0/tmp/
Minimizer length: 15
Kminmer length: 72
Density: 0.005

Loading unitig sequences

Creating mContigs

Contig filename: /var/folders/zg/vq0dnx517c54hg87dyqjky740000gn/T/.tmp7o7wQ0/tmp//unitig_data.txt
pass done: 72
Multi-k pass: 73/206


metaMDBG graph /var/folders/zg/vq0dnx517c54hg87dyqjky740000gn/T/.tmp7o7wQ0/tmp/ --threads 10 --corrected-read 

Contig filename: 
Output dir: /var/folders/zg/vq0dnx517c54hg87dyqjky740000gn/T/.tmp7o7wQ0/tmp/
Minimizer length: 15
Kminmer length: 73
Density: 0.005
Min abundance: 0

Loading refined abundances
	Duration: 0
Collecting kminmers
Building mdbg
Duration: 0
Nb solid kminmers: 33385
Nb small contigs written: 0
Dump kminmer abundances
	Duration: 0
Indexing edges
Edge index size: 33366
Edge index elements: 59907
	Duration: 0
Compute unitig nodes
	Duration: 0
Index unitig edges
	Duration: 0
Compute unitig edges
	Duration: 0
Dump unitig abundances
	Duration: 0
Nb edges:   0


metaMDBG contig  /var/folders/zg/vq0dnx517c54hg87dyqjky740000gn/T/.tmp7o7wQ0/tmp/ --threads 10

Input dir: /var/folders/zg/vq0dnx517c54hg87dyqjky740000gn/T/.tmp7o7wQ0/tmp/
Minimizer length: 15
Kminmer length: 73
Density: 0.005

Loading unitig graph
Load unitigs
Nb unitigs: 984
Nb minimizers: 104233
Add unitig abundances
Sorting abundances
Add unitig edges
Nb unitig edges: 2010
Sorting unitig edges
Done loading unitig graph
Simplifying
Max abundance: 40
Nb unitigs: 984
Superbubble
Nb superbubble removed: 42 0 (0s)
Tip
Nb Tip removed: 283 (0s)
Superbubble
Nb superbubble removed: 88 0 (0s)
Tip
Nb Tip removed: 0 (0s)
Nb errors removed: 194 (0s)
Superbubble
Nb superbubble removed: 0 0 (0s)
Tip
Nb Tip removed: 0 (0s)
Nb errors removed: 74 (0s)
Superbubble
Nb superbubble removed: 0 0 (0s)
Tip
Nb Tip removed: 0 (0s)
Nb errors removed: 42 (0s)
Superbubble
Nb superbubble removed: 4 0 (0s)
Tip
Nb Tip removed: 0 (0s)
Nb errors removed: 18 (0s)
Superbubble
Nb superbubble removed: 0 0 (0s)
Tip
Nb Tip removed: 0 (0s)
Nb errors removed: 18 (0s)
Superbubble
Nb superbubble removed: 0 0 (0s)
Tip
Nb Tip removed: 0 (0s)
Nb errors removed: 11 (0s)
Superbubble
Nb superbubble removed: 0 0 (0s)
Tip
Nb Tip removed: 0 (0s)
Nb errors removed: 12 (0s)
Superbubble
Nb superbubble removed: 0 0 (0s)
Tip
Nb Tip removed: 0 (0s)
Nb errors removed: 5 (0s)
Superbubble
Nb superbubble removed: 0 0 (0s)
Tip
Nb Tip removed: 0 (0s)
Nb errors removed: 9 (0s)
Superbubble
Nb superbubble removed: 0 0 (0s)
Tip
Nb Tip removed: 0 (0s)
Nb errors removed: 5 (0s)
Superbubble
Nb superbubble removed: 0 0 (0s)
Tip
Nb Tip removed: 0 (0s)
Nb errors removed: 4 (0s)
Superbubble
Nb superbubble removed: 0 0 (0s)
Tip
Nb Tip removed: 0 (0s)
Nb errors removed: 1 (0s)
Superbubble
Nb superbubble removed: 0 0 (0s)
Tip
Nb Tip removed: 0 (0s)
Nb errors removed: 1 (0s)
Superbubble
Nb superbubble removed: 0 0 (0s)
Tip
Nb Tip removed: 0 (0s)
Nb errors removed: 1 (0s)
Superbubble
Nb superbubble removed: 0 0 (0s)
Tip
Nb Tip removed: 0 (0s)
Nb errors removed: 1 (0s)
Superbubble
Nb superbubble removed: 0 0 (0s)
Tip
Nb Tip removed: 0 (0s)
Checksum: 0
Checksum abundnace: 0
Generating contigs
41.1448
28.1025
23.2252
15.8631
13.11
11.9182
10.8347
9.84974
8.14028
7.40025
6.11591
5.05447
4.17725
3.13843
2.14359
0


metaMDBG toMinspace  /var/folders/zg/vq0dnx517c54hg87dyqjky740000gn/T/.tmp7o7wQ0/tmp/ /var/folders/zg/vq0dnx517c54hg87dyqjky740000gn/T/.tmp7o7wQ0/tmp//contigs.nodepath /var/folders/zg/vq0dnx517c54hg87dyqjky740000gn/T/.tmp7o7wQ0/tmp//unitig_data.txt --threads 10

Input dir: /var/folders/zg/vq0dnx517c54hg87dyqjky740000gn/T/.tmp7o7wQ0/tmp/
Minimizer length: 15
Kminmer length: 73
Density: 0.005

Loading unitig sequences

Creating mContigs

Contig filename: /var/folders/zg/vq0dnx517c54hg87dyqjky740000gn/T/.tmp7o7wQ0/tmp//unitig_data.txt
pass done: 73
Multi-k pass: 74/206


metaMDBG graph /var/folders/zg/vq0dnx517c54hg87dyqjky740000gn/T/.tmp7o7wQ0/tmp/ --threads 10 --corrected-read 

Contig filename: 
Output dir: /var/folders/zg/vq0dnx517c54hg87dyqjky740000gn/T/.tmp7o7wQ0/tmp/
Minimizer length: 15
Kminmer length: 74
Density: 0.005
Min abundance: 0

Loading refined abundances
	Duration: 0
Collecting kminmers
Building mdbg
Duration: 0
Nb solid kminmers: 33401
Nb small contigs written: 0
Dump kminmer abundances
	Duration: 0
Indexing edges
Edge index size: 33380
Edge index elements: 59900
	Duration: 0
Compute unitig nodes
	Duration: 0
Index unitig edges
	Duration: 0
Compute unitig edges
	Duration: 0
Dump unitig abundances
	Duration: 0
Nb edges:   0


metaMDBG contig  /var/folders/zg/vq0dnx517c54hg87dyqjky740000gn/T/.tmp7o7wQ0/tmp/ --threads 10

Input dir: /var/folders/zg/vq0dnx517c54hg87dyqjky740000gn/T/.tmp7o7wQ0/tmp/
Minimizer length: 15
Kminmer length: 74
Density: 0.005

Loading unitig graph
Load unitigs
Nb unitigs: 969
Nb minimizers: 104138
Add unitig abundances
Sorting abundances
Add unitig edges
Nb unitig edges: 1986
Sorting unitig edges
Done loading unitig graph
Simplifying
Max abundance: 40
Nb unitigs: 969
Superbubble
Nb superbubble removed: 42 0 (0s)
Tip
Nb Tip removed: 279 (0s)
Superbubble
Nb superbubble removed: 88 0 (0s)
Tip
Nb Tip removed: 0 (0s)
Nb errors removed: 190 (0s)
Superbubble
Nb superbubble removed: 0 0 (0s)
Tip
Nb Tip removed: 0 (0s)
Nb errors removed: 74 (0s)
Superbubble
Nb superbubble removed: 0 0 (0s)
Tip
Nb Tip removed: 0 (0s)
Nb errors removed: 41 (0s)
Superbubble
Nb superbubble removed: 4 0 (0s)
Tip
Nb Tip removed: 0 (0s)
Nb errors removed: 17 (0s)
Superbubble
Nb superbubble removed: 0 0 (0s)
Tip
Nb Tip removed: 0 (0s)
Nb errors removed: 17 (0s)
Superbubble
Nb superbubble removed: 0 0 (0s)
Tip
Nb Tip removed: 0 (0s)
Nb errors removed: 11 (0s)
Superbubble
Nb superbubble removed: 0 0 (0s)
Tip
Nb Tip removed: 0 (0s)
Nb errors removed: 12 (0s)
Superbubble
Nb superbubble removed: 0 0 (0s)
Tip
Nb Tip removed: 0 (0s)
Nb errors removed: 5 (0s)
Superbubble
Nb superbubble removed: 0 0 (0s)
Tip
Nb Tip removed: 0 (0s)
Nb errors removed: 9 (0s)
Superbubble
Nb superbubble removed: 0 0 (0s)
Tip
Nb Tip removed: 0 (0s)
Nb errors removed: 5 (0s)
Superbubble
Nb superbubble removed: 0 0 (0s)
Tip
Nb Tip removed: 0 (0s)
Nb errors removed: 4 (0s)
Superbubble
Nb superbubble removed: 0 0 (0s)
Tip
Nb Tip removed: 0 (0s)
Nb errors removed: 1 (0s)
Superbubble
Nb superbubble removed: 0 0 (0s)
Tip
Nb Tip removed: 0 (0s)
Nb errors removed: 1 (0s)
Superbubble
Nb superbubble removed: 0 0 (0s)
Tip
Nb Tip removed: 0 (0s)
Nb errors removed: 1 (0s)
Superbubble
Nb superbubble removed: 0 0 (0s)
Tip
Nb Tip removed: 0 (0s)
Nb errors removed: 1 (0s)
Superbubble
Nb superbubble removed: 0 0 (0s)
Tip
Nb Tip removed: 0 (0s)
Checksum: 0
Checksum abundnace: 0
Generating contigs
41.1448
28.1025
23.2252
15.8631
13.11
11.9182
10.8347
9.84974
8.14028
7.40025
6.11591
5.05447
4.17725
3.13843
2.14359
0


metaMDBG toMinspace  /var/folders/zg/vq0dnx517c54hg87dyqjky740000gn/T/.tmp7o7wQ0/tmp/ /var/folders/zg/vq0dnx517c54hg87dyqjky740000gn/T/.tmp7o7wQ0/tmp//contigs.nodepath /var/folders/zg/vq0dnx517c54hg87dyqjky740000gn/T/.tmp7o7wQ0/tmp//unitig_data.txt --threads 10

Input dir: /var/folders/zg/vq0dnx517c54hg87dyqjky740000gn/T/.tmp7o7wQ0/tmp/
Minimizer length: 15
Kminmer length: 74
Density: 0.005

Loading unitig sequences

Creating mContigs

Contig filename: /var/folders/zg/vq0dnx517c54hg87dyqjky740000gn/T/.tmp7o7wQ0/tmp//unitig_data.txt
pass done: 74
Multi-k pass: 75/206


metaMDBG graph /var/folders/zg/vq0dnx517c54hg87dyqjky740000gn/T/.tmp7o7wQ0/tmp/ --threads 10 --corrected-read 

Contig filename: 
Output dir: /var/folders/zg/vq0dnx517c54hg87dyqjky740000gn/T/.tmp7o7wQ0/tmp/
Minimizer length: 15
Kminmer length: 75
Density: 0.005
Min abundance: 0

Loading refined abundances
	Duration: 0
Collecting kminmers
Building mdbg
Duration: 0
Nb solid kminmers: 33407
Nb small contigs written: 0
Dump kminmer abundances
	Duration: 0
Indexing edges
Edge index size: 33399
Edge index elements: 60266
	Duration: 0
Compute unitig nodes
	Duration: 0
Index unitig edges
	Duration: 0
Compute unitig edges
	Duration: 0
Dump unitig abundances
	Duration: 0
Nb edges:   0


metaMDBG contig  /var/folders/zg/vq0dnx517c54hg87dyqjky740000gn/T/.tmp7o7wQ0/tmp/ --threads 10

Input dir: /var/folders/zg/vq0dnx517c54hg87dyqjky740000gn/T/.tmp7o7wQ0/tmp/
Minimizer length: 15
Kminmer length: 75
Density: 0.005

Loading unitig graph
Load unitigs
Nb unitigs: 951
Nb minimizers: 103781
Add unitig abundances
Sorting abundances
Add unitig edges
Nb unitig edges: 1924
Sorting unitig edges
Done loading unitig graph
Simplifying
Max abundance: 40
Nb unitigs: 951
Superbubble
Nb superbubble removed: 42 0 (0s)
Tip
Nb Tip removed: 277 (0s)
Superbubble
Nb superbubble removed: 80 0 (0s)
Tip
Nb Tip removed: 0 (0s)
Nb errors removed: 190 (0s)
Superbubble
Nb superbubble removed: 2 0 (0s)
Tip
Nb Tip removed: 0 (0s)
Nb errors removed: 74 (0s)
Superbubble
Nb superbubble removed: 0 0 (0s)
Tip
Nb Tip removed: 0 (0s)
Nb errors removed: 42 (0s)
Superbubble
Nb superbubble removed: 4 0 (0s)
Tip
Nb Tip removed: 0 (0s)
Nb errors removed: 18 (0s)
Superbubble
Nb superbubble removed: 0 0 (0s)
Tip
Nb Tip removed: 0 (0s)
Nb errors removed: 17 (0s)
Superbubble
Nb superbubble removed: 0 0 (0s)
Tip
Nb Tip removed: 0 (0s)
Nb errors removed: 11 (0s)
Superbubble
Nb superbubble removed: 0 0 (0s)
Tip
Nb Tip removed: 0 (0s)
Nb errors removed: 13 (0s)
Superbubble
Nb superbubble removed: 0 0 (0s)
Tip
Nb Tip removed: 0 (0s)
Nb errors removed: 5 (0s)
Superbubble
Nb superbubble removed: 0 0 (0s)
Tip
Nb Tip removed: 0 (0s)
Nb errors removed: 9 (0s)
Superbubble
Nb superbubble removed: 0 0 (0s)
Tip
Nb Tip removed: 0 (0s)
Nb errors removed: 6 (0s)
Superbubble
Nb superbubble removed: 0 0 (0s)
Tip
Nb Tip removed: 0 (0s)
Nb errors removed: 4 (0s)
Superbubble
Nb superbubble removed: 0 0 (0s)
Tip
Nb Tip removed: 0 (0s)
Nb errors removed: 1 (0s)
Superbubble
Nb superbubble removed: 0 0 (0s)
Tip
Nb Tip removed: 0 (0s)
Nb errors removed: 1 (0s)
Superbubble
Nb superbubble removed: 0 0 (0s)
Tip
Nb Tip removed: 0 (0s)
Nb errors removed: 1 (0s)
Superbubble
Nb superbubble removed: 0 0 (0s)
Tip
Nb Tip removed: 0 (0s)
Nb errors removed: 1 (0s)
Superbubble
Nb superbubble removed: 0 0 (0s)
Tip
Nb Tip removed: 0 (0s)
Checksum: 0
Checksum abundnace: 0
Generating contigs
41.1448
28.1025
23.2252
15.8631
13.11
11.9182
10.8347
9.84974
8.14028
7.40025
6.11591
5.05447
4.17725
3.13843
2.14359
0


metaMDBG toMinspace  /var/folders/zg/vq0dnx517c54hg87dyqjky740000gn/T/.tmp7o7wQ0/tmp/ /var/folders/zg/vq0dnx517c54hg87dyqjky740000gn/T/.tmp7o7wQ0/tmp//contigs.nodepath /var/folders/zg/vq0dnx517c54hg87dyqjky740000gn/T/.tmp7o7wQ0/tmp//unitig_data.txt --threads 10

Input dir: /var/folders/zg/vq0dnx517c54hg87dyqjky740000gn/T/.tmp7o7wQ0/tmp/
Minimizer length: 15
Kminmer length: 75
Density: 0.005

Loading unitig sequences

Creating mContigs

Contig filename: /var/folders/zg/vq0dnx517c54hg87dyqjky740000gn/T/.tmp7o7wQ0/tmp//unitig_data.txt
pass done: 75
Multi-k pass: 76/206


metaMDBG graph /var/folders/zg/vq0dnx517c54hg87dyqjky740000gn/T/.tmp7o7wQ0/tmp/ --threads 10 --corrected-read 

Contig filename: 
Output dir: /var/folders/zg/vq0dnx517c54hg87dyqjky740000gn/T/.tmp7o7wQ0/tmp/
Minimizer length: 15
Kminmer length: 76
Density: 0.005
Min abundance: 0

Loading refined abundances
	Duration: 0
Collecting kminmers
Building mdbg
Duration: 0
Nb solid kminmers: 33410
Nb small contigs written: 0
Dump kminmer abundances
	Duration: 0
Indexing edges
Edge index size: 33402
Edge index elements: 60017
	Duration: 0
Compute unitig nodes
	Duration: 0
Index unitig edges
	Duration: 0
Compute unitig edges
	Duration: 0
Dump unitig abundances
	Duration: 0
Nb edges:   0


metaMDBG contig  /var/folders/zg/vq0dnx517c54hg87dyqjky740000gn/T/.tmp7o7wQ0/tmp/ --threads 10

Input dir: /var/folders/zg/vq0dnx517c54hg87dyqjky740000gn/T/.tmp7o7wQ0/tmp/
Minimizer length: 15
Kminmer length: 76
Density: 0.005

Loading unitig graph
Load unitigs
Nb unitigs: 941
Nb minimizers: 103985
Add unitig abundances
Sorting abundances
Add unitig edges
Nb unitig edges: 1906
Sorting unitig edges
Done loading unitig graph
Simplifying
Max abundance: 40
Nb unitigs: 941
Superbubble
Nb superbubble removed: 40 0 (0s)
Tip
Nb Tip removed: 276 (0s)
Superbubble
Nb superbubble removed: 78 0 (0s)
Tip
Nb Tip removed: 0 (0s)
Nb errors removed: 187 (0s)
Superbubble
Nb superbubble removed: 2 0 (0s)
Tip
Nb Tip removed: 0 (0s)
Nb errors removed: 74 (0s)
Superbubble
Nb superbubble removed: 0 0 (0s)
Tip
Nb Tip removed: 0 (0s)
Nb errors removed: 43 (0s)
Superbubble
Nb superbubble removed: 4 0 (0s)
Tip
Nb Tip removed: 0 (0s)
Nb errors removed: 18 (0s)
Superbubble
Nb superbubble removed: 0 0 (0s)
Tip
Nb Tip removed: 0 (0s)
Nb errors removed: 16 (0s)
Superbubble
Nb superbubble removed: 0 0 (0s)
Tip
Nb Tip removed: 0 (0s)
Nb errors removed: 11 (0s)
Superbubble
Nb superbubble removed: 0 0 (0s)
Tip
Nb Tip removed: 0 (0s)
Nb errors removed: 13 (0s)
Superbubble
Nb superbubble removed: 0 0 (0s)
Tip
Nb Tip removed: 0 (0s)
Nb errors removed: 5 (0s)
Superbubble
Nb superbubble removed: 0 0 (0s)
Tip
Nb Tip removed: 0 (0s)
Nb errors removed: 9 (0s)
Superbubble
Nb superbubble removed: 0 0 (0s)
Tip
Nb Tip removed: 0 (0s)
Nb errors removed: 6 (0s)
Superbubble
Nb superbubble removed: 0 0 (0s)
Tip
Nb Tip removed: 0 (0s)
Nb errors removed: 4 (0s)
Superbubble
Nb superbubble removed: 0 0 (0s)
Tip
Nb Tip removed: 0 (0s)
Nb errors removed: 1 (0s)
Superbubble
Nb superbubble removed: 0 0 (0s)
Tip
Nb Tip removed: 0 (0s)
Nb errors removed: 1 (0s)
Superbubble
Nb superbubble removed: 0 0 (0s)
Tip
Nb Tip removed: 0 (0s)
Nb errors removed: 1 (0s)
Superbubble
Nb superbubble removed: 0 0 (0s)
Tip
Nb Tip removed: 0 (0s)
Nb errors removed: 1 (0s)
Superbubble
Nb superbubble removed: 0 0 (0s)
Tip
Nb Tip removed: 0 (0s)
Checksum: 0
Checksum abundnace: 0
Generating contigs
41.1448
28.1025
23.2252
15.8631
13.11
11.9182
10.8347
9.84974
8.14028
7.40025
6.11591
5.05447
4.17725
3.13843
2.14359
0


metaMDBG toMinspace  /var/folders/zg/vq0dnx517c54hg87dyqjky740000gn/T/.tmp7o7wQ0/tmp/ /var/folders/zg/vq0dnx517c54hg87dyqjky740000gn/T/.tmp7o7wQ0/tmp//contigs.nodepath /var/folders/zg/vq0dnx517c54hg87dyqjky740000gn/T/.tmp7o7wQ0/tmp//unitig_data.txt --threads 10

Input dir: /var/folders/zg/vq0dnx517c54hg87dyqjky740000gn/T/.tmp7o7wQ0/tmp/
Minimizer length: 15
Kminmer length: 76
Density: 0.005

Loading unitig sequences

Creating mContigs

Contig filename: /var/folders/zg/vq0dnx517c54hg87dyqjky740000gn/T/.tmp7o7wQ0/tmp//unitig_data.txt
pass done: 76
Multi-k pass: 77/206


metaMDBG graph /var/folders/zg/vq0dnx517c54hg87dyqjky740000gn/T/.tmp7o7wQ0/tmp/ --threads 10 --corrected-read 

Contig filename: 
Output dir: /var/folders/zg/vq0dnx517c54hg87dyqjky740000gn/T/.tmp7o7wQ0/tmp/
Minimizer length: 15
Kminmer length: 77
Density: 0.005
Min abundance: 0

Loading refined abundances
	Duration: 0
Collecting kminmers
Building mdbg
Duration: 0
Nb solid kminmers: 33417
Nb small contigs written: 0
Dump kminmer abundances
	Duration: 0
Indexing edges
Edge index size: 33409
Edge index elements: 60091
	Duration: 0
Compute unitig nodes
	Duration: 0
Index unitig edges
	Duration: 0
Compute unitig edges
	Duration: 0
Dump unitig abundances
	Duration: 0
Nb edges:   0


metaMDBG contig  /var/folders/zg/vq0dnx517c54hg87dyqjky740000gn/T/.tmp7o7wQ0/tmp/ --threads 10

Input dir: /var/folders/zg/vq0dnx517c54hg87dyqjky740000gn/T/.tmp7o7wQ0/tmp/
Minimizer length: 15
Kminmer length: 77
Density: 0.005

Loading unitig graph
Load unitigs
Nb unitigs: 941
Nb minimizers: 104933
Add unitig abundances
Sorting abundances
Add unitig edges
Nb unitig edges: 1902
Sorting unitig edges
Done loading unitig graph
Simplifying
Max abundance: 40
Nb unitigs: 941
Superbubble
Nb superbubble removed: 34 0 (0s)
Tip
Nb Tip removed: 279 (0s)
Superbubble
Nb superbubble removed: 78 0 (0s)
Tip
Nb Tip removed: 0 (0s)
Nb errors removed: 189 (0s)
Superbubble
Nb superbubble removed: 2 0 (0s)
Tip
Nb Tip removed: 0 (0s)
Nb errors removed: 74 (0s)
Superbubble
Nb superbubble removed: 0 0 (0s)
Tip
Nb Tip removed: 0 (0s)
Nb errors removed: 43 (0s)
Superbubble
Nb superbubble removed: 4 0 (0s)
Tip
Nb Tip removed: 0 (0s)
Nb errors removed: 18 (0s)
Superbubble
Nb superbubble removed: 2 0 (0s)
Tip
Nb Tip removed: 0 (0s)
Nb errors removed: 16 (0s)
Superbubble
Nb superbubble removed: 0 0 (0s)
Tip
Nb Tip removed: 0 (0s)
Nb errors removed: 12 (0s)
Superbubble
Nb superbubble removed: 4 0 (0s)
Tip
Nb Tip removed: 0 (0s)
Nb errors removed: 13 (0s)
Superbubble
Nb superbubble removed: 0 0 (0s)
Tip
Nb Tip removed: 0 (0s)
Nb errors removed: 5 (0s)
Superbubble
Nb superbubble removed: 0 0 (0s)
Tip
Nb Tip removed: 0 (0s)
Nb errors removed: 5 (0s)
Superbubble
Nb superbubble removed: 0 0 (0s)
Tip
Nb Tip removed: 0 (0s)
Nb errors removed: 5 (0s)
Superbubble
Nb superbubble removed: 0 0 (0s)
Tip
Nb Tip removed: 0 (0s)
Nb errors removed: 4 (0s)
Superbubble
Nb superbubble removed: 0 0 (0s)
Tip
Nb Tip removed: 0 (0s)
Nb errors removed: 1 (0s)
Superbubble
Nb superbubble removed: 0 0 (0s)
Tip
Nb Tip removed: 0 (0s)
Nb errors removed: 1 (0s)
Superbubble
Nb superbubble removed: 0 0 (0s)
Tip
Nb Tip removed: 0 (0s)
Nb errors removed: 1 (0s)
Superbubble
Nb superbubble removed: 0 0 (0s)
Tip
Nb Tip removed: 0 (0s)
Nb errors removed: 1 (0s)
Superbubble
Nb superbubble removed: 0 0 (0s)
Tip
Nb Tip removed: 0 (0s)
Checksum: 0
Checksum abundnace: 0
Generating contigs
41.1448
28.1025
23.2252
15.8631
13.11
11.9182
10.8347
9.84974
8.14028
7.40025
6.11591
5.05447
4.17725
3.13843
2.14359
0


metaMDBG toMinspace  /var/folders/zg/vq0dnx517c54hg87dyqjky740000gn/T/.tmp7o7wQ0/tmp/ /var/folders/zg/vq0dnx517c54hg87dyqjky740000gn/T/.tmp7o7wQ0/tmp//contigs.nodepath /var/folders/zg/vq0dnx517c54hg87dyqjky740000gn/T/.tmp7o7wQ0/tmp//unitig_data.txt --threads 10

Input dir: /var/folders/zg/vq0dnx517c54hg87dyqjky740000gn/T/.tmp7o7wQ0/tmp/
Minimizer length: 15
Kminmer length: 77
Density: 0.005

Loading unitig sequences

Creating mContigs

Contig filename: /var/folders/zg/vq0dnx517c54hg87dyqjky740000gn/T/.tmp7o7wQ0/tmp//unitig_data.txt
pass done: 77
Multi-k pass: 78/206


metaMDBG graph /var/folders/zg/vq0dnx517c54hg87dyqjky740000gn/T/.tmp7o7wQ0/tmp/ --threads 10 --corrected-read 

Contig filename: 
Output dir: /var/folders/zg/vq0dnx517c54hg87dyqjky740000gn/T/.tmp7o7wQ0/tmp/
Minimizer length: 15
Kminmer length: 78
Density: 0.005
Min abundance: 0

Loading refined abundances
	Duration: 0
Collecting kminmers
Building mdbg
Duration: 0
Nb solid kminmers: 33415
Nb small contigs written: 0
Dump kminmer abundances
	Duration: 0
Indexing edges
Edge index size: 33414
Edge index elements: 60255
	Duration: 0
Compute unitig nodes
	Duration: 0
Index unitig edges
	Duration: 0
Compute unitig edges
	Duration: 0
Dump unitig abundances
	Duration: 0
Nb edges:   0


metaMDBG contig  /var/folders/zg/vq0dnx517c54hg87dyqjky740000gn/T/.tmp7o7wQ0/tmp/ --threads 10

Input dir: /var/folders/zg/vq0dnx517c54hg87dyqjky740000gn/T/.tmp7o7wQ0/tmp/
Minimizer length: 15
Kminmer length: 78
Density: 0.005

Loading unitig graph
Load unitigs
Nb unitigs: 927
Nb minimizers: 104794
Add unitig abundances
Sorting abundances
Add unitig edges
Nb unitig edges: 1862
Sorting unitig edges
Done loading unitig graph
Simplifying
Max abundance: 40
Nb unitigs: 927
Superbubble
Nb superbubble removed: 34 0 (0s)
Tip
Nb Tip removed: 273 (0s)
Superbubble
Nb superbubble removed: 76 0 (0s)
Tip
Nb Tip removed: 0 (0s)
Nb errors removed: 188 (0s)
Superbubble
Nb superbubble removed: 2 0 (0s)
Tip
Nb Tip removed: 0 (0s)
Nb errors removed: 73 (0s)
Superbubble
Nb superbubble removed: 0 0 (0s)
Tip
Nb Tip removed: 0 (0s)
Nb errors removed: 44 (0s)
Superbubble
Nb superbubble removed: 4 0 (0s)
Tip
Nb Tip removed: 0 (0s)
Nb errors removed: 18 (0s)
Superbubble
Nb superbubble removed: 2 0 (0s)
Tip
Nb Tip removed: 0 (0s)
Nb errors removed: 16 (0s)
Superbubble
Nb superbubble removed: 0 0 (0s)
Tip
Nb Tip removed: 0 (0s)
Nb errors removed: 12 (0s)
Superbubble
Nb superbubble removed: 4 0 (0s)
Tip
Nb Tip removed: 0 (0s)
Nb errors removed: 13 (0s)
Superbubble
Nb superbubble removed: 0 0 (0s)
Tip
Nb Tip removed: 0 (0s)
Nb errors removed: 5 (0s)
Superbubble
Nb superbubble removed: 0 0 (0s)
Tip
Nb Tip removed: 0 (0s)
Nb errors removed: 5 (0s)
Superbubble
Nb superbubble removed: 0 0 (0s)
Tip
Nb Tip removed: 0 (0s)
Nb errors removed: 5 (0s)
Superbubble
Nb superbubble removed: 0 0 (0s)
Tip
Nb Tip removed: 0 (0s)
Nb errors removed: 4 (0s)
Superbubble
Nb superbubble removed: 0 0 (0s)
Tip
Nb Tip removed: 0 (0s)
Nb errors removed: 1 (0s)
Superbubble
Nb superbubble removed: 0 0 (0s)
Tip
Nb Tip removed: 0 (0s)
Nb errors removed: 1 (0s)
Superbubble
Nb superbubble removed: 0 0 (0s)
Tip
Nb Tip removed: 0 (0s)
Nb errors removed: 1 (0s)
Superbubble
Nb superbubble removed: 0 0 (0s)
Tip
Nb Tip removed: 0 (0s)
Nb errors removed: 1 (0s)
Superbubble
Nb superbubble removed: 0 0 (0s)
Tip
Nb Tip removed: 0 (0s)
Nb errors removed: 1 (0s)
Superbubble
Nb superbubble removed: 0 0 (0s)
Tip
Nb Tip removed: 0 (0s)
Checksum: 0
Checksum abundnace: 0
Generating contigs
41.1448
28.1025
23.2252
15.8631
14.421
13.11
11.9182
10.8347
9.84974
8.14028
7.40025
6.11591
5.05447
4.17725
3.13843
2.14359
0


metaMDBG toMinspace  /var/folders/zg/vq0dnx517c54hg87dyqjky740000gn/T/.tmp7o7wQ0/tmp/ /var/folders/zg/vq0dnx517c54hg87dyqjky740000gn/T/.tmp7o7wQ0/tmp//contigs.nodepath /var/folders/zg/vq0dnx517c54hg87dyqjky740000gn/T/.tmp7o7wQ0/tmp//unitig_data.txt --threads 10

Input dir: /var/folders/zg/vq0dnx517c54hg87dyqjky740000gn/T/.tmp7o7wQ0/tmp/
Minimizer length: 15
Kminmer length: 78
Density: 0.005

Loading unitig sequences

Creating mContigs

Contig filename: /var/folders/zg/vq0dnx517c54hg87dyqjky740000gn/T/.tmp7o7wQ0/tmp//unitig_data.txt
pass done: 78
Multi-k pass: 79/206


metaMDBG graph /var/folders/zg/vq0dnx517c54hg87dyqjky740000gn/T/.tmp7o7wQ0/tmp/ --threads 10 --corrected-read 

Contig filename: 
Output dir: /var/folders/zg/vq0dnx517c54hg87dyqjky740000gn/T/.tmp7o7wQ0/tmp/
Minimizer length: 15
Kminmer length: 79
Density: 0.005
Min abundance: 0

Loading refined abundances
	Duration: 0
Collecting kminmers
Building mdbg
Duration: 0
Nb solid kminmers: 33409
Nb small contigs written: 0
Dump kminmer abundances
	Duration: 0
Indexing edges
Edge index size: 33411
Edge index elements: 60441
	Duration: 0
Compute unitig nodes
	Duration: 0
Index unitig edges
	Duration: 0
Compute unitig edges
	Duration: 0
Dump unitig abundances
	Duration: 0
Nb edges:   0


metaMDBG contig  /var/folders/zg/vq0dnx517c54hg87dyqjky740000gn/T/.tmp7o7wQ0/tmp/ --threads 10

Input dir: /var/folders/zg/vq0dnx517c54hg87dyqjky740000gn/T/.tmp7o7wQ0/tmp/
Minimizer length: 15
Kminmer length: 79
Density: 0.005

Loading unitig graph
Load unitigs
Nb unitigs: 916
Nb minimizers: 104857
Add unitig abundances
Sorting abundances
Add unitig edges
Nb unitig edges: 1830
Sorting unitig edges
Done loading unitig graph
Simplifying
Max abundance: 40
Nb unitigs: 916
Superbubble
Nb superbubble removed: 30 0 (0s)
Tip
Nb Tip removed: 267 (0s)
Superbubble
Nb superbubble removed: 78 0 (0s)
Tip
Nb Tip removed: 0 (0s)
Nb errors removed: 183 (0s)
Superbubble
Nb superbubble removed: 2 0 (0s)
Tip
Nb Tip removed: 0 (0s)
Nb errors removed: 74 (0s)
Superbubble
Nb superbubble removed: 0 0 (0s)
Tip
Nb Tip removed: 0 (0s)
Nb errors removed: 45 (0s)
Superbubble
Nb superbubble removed: 4 0 (0s)
Tip
Nb Tip removed: 0 (0s)
Nb errors removed: 18 (0s)
Superbubble
Nb superbubble removed: 2 0 (0s)
Tip
Nb Tip removed: 0 (0s)
Nb errors removed: 15 (0s)
Superbubble
Nb superbubble removed: 0 0 (0s)
Tip
Nb Tip removed: 0 (0s)
Nb errors removed: 11 (0s)
Superbubble
Nb superbubble removed: 4 0 (0s)
Tip
Nb Tip removed: 0 (0s)
Nb errors removed: 13 (0s)
Superbubble
Nb superbubble removed: 0 0 (0s)
Tip
Nb Tip removed: 0 (0s)
Nb errors removed: 5 (0s)
Superbubble
Nb superbubble removed: 0 0 (0s)
Tip
Nb Tip removed: 0 (0s)
Nb errors removed: 5 (0s)
Superbubble
Nb superbubble removed: 0 0 (0s)
Tip
Nb Tip removed: 0 (0s)
Nb errors removed: 5 (0s)
Superbubble
Nb superbubble removed: 0 0 (0s)
Tip
Nb Tip removed: 0 (0s)
Nb errors removed: 4 (0s)
Superbubble
Nb superbubble removed: 0 0 (0s)
Tip
Nb Tip removed: 0 (0s)
Nb errors removed: 1 (0s)
Superbubble
Nb superbubble removed: 0 0 (0s)
Tip
Nb Tip removed: 0 (0s)
Nb errors removed: 1 (0s)
Superbubble
Nb superbubble removed: 0 0 (0s)
Tip
Nb Tip removed: 0 (0s)
Nb errors removed: 1 (0s)
Superbubble
Nb superbubble removed: 0 0 (0s)
Tip
Nb Tip removed: 0 (0s)
Nb errors removed: 1 (0s)
Superbubble
Nb superbubble removed: 0 0 (0s)
Tip
Nb Tip removed: 0 (0s)
Nb errors removed: 1 (0s)
Superbubble
Nb superbubble removed: 0 0 (0s)
Tip
Nb Tip removed: 0 (0s)
Checksum: 0
Checksum abundnace: 0
Generating contigs
41.1448
28.1025
23.2252
15.8631
14.421
13.11
11.9182
10.8347
9.84974
8.14028
7.40025
6.11591
5.05447
4.17725
3.13843
2.14359
0


metaMDBG toMinspace  /var/folders/zg/vq0dnx517c54hg87dyqjky740000gn/T/.tmp7o7wQ0/tmp/ /var/folders/zg/vq0dnx517c54hg87dyqjky740000gn/T/.tmp7o7wQ0/tmp//contigs.nodepath /var/folders/zg/vq0dnx517c54hg87dyqjky740000gn/T/.tmp7o7wQ0/tmp//unitig_data.txt --threads 10

Input dir: /var/folders/zg/vq0dnx517c54hg87dyqjky740000gn/T/.tmp7o7wQ0/tmp/
Minimizer length: 15
Kminmer length: 79
Density: 0.005

Loading unitig sequences

Creating mContigs

Contig filename: /var/folders/zg/vq0dnx517c54hg87dyqjky740000gn/T/.tmp7o7wQ0/tmp//unitig_data.txt
pass done: 79
Multi-k pass: 80/206


metaMDBG graph /var/folders/zg/vq0dnx517c54hg87dyqjky740000gn/T/.tmp7o7wQ0/tmp/ --threads 10 --corrected-read 

Contig filename: 
Output dir: /var/folders/zg/vq0dnx517c54hg87dyqjky740000gn/T/.tmp7o7wQ0/tmp/
Minimizer length: 15
Kminmer length: 80
Density: 0.005
Min abundance: 0

Loading refined abundances
	Duration: 0
Collecting kminmers
Building mdbg
Duration: 0
Nb solid kminmers: 33402
Nb small contigs written: 0
Dump kminmer abundances
	Duration: 0
Indexing edges
Edge index size: 33406
Edge index elements: 60418
	Duration: 0
Compute unitig nodes
	Duration: 0
Index unitig edges
	Duration: 0
Compute unitig edges
	Duration: 0
Dump unitig abundances
	Duration: 0
Nb edges:   0


metaMDBG contig  /var/folders/zg/vq0dnx517c54hg87dyqjky740000gn/T/.tmp7o7wQ0/tmp/ --threads 10

Input dir: /var/folders/zg/vq0dnx517c54hg87dyqjky740000gn/T/.tmp7o7wQ0/tmp/
Minimizer length: 15
Kminmer length: 80
Density: 0.005

Loading unitig graph
Load unitigs
Nb unitigs: 906
Nb minimizers: 104976
Add unitig abundances
Sorting abundances
Add unitig edges
Nb unitig edges: 1810
Sorting unitig edges
Done loading unitig graph
Simplifying
Max abundance: 40
Nb unitigs: 906
Superbubble
Nb superbubble removed: 30 0 (0s)
Tip
Nb Tip removed: 266 (0s)
Superbubble
Nb superbubble removed: 76 0 (0s)
Tip
Nb Tip removed: 0 (0s)
Nb errors removed: 181 (0s)
Superbubble
Nb superbubble removed: 2 0 (0s)
Tip
Nb Tip removed: 0 (0s)
Nb errors removed: 74 (0s)
Superbubble
Nb superbubble removed: 0 0 (0s)
Tip
Nb Tip removed: 0 (0s)
Nb errors removed: 45 (0s)
Superbubble
Nb superbubble removed: 2 0 (0s)
Tip
Nb Tip removed: 0 (0s)
Nb errors removed: 18 (0s)
Superbubble
Nb superbubble removed: 2 0 (0s)
Tip
Nb Tip removed: 0 (0s)
Nb errors removed: 14 (0s)
Superbubble
Nb superbubble removed: 0 0 (0s)
Tip
Nb Tip removed: 0 (0s)
Nb errors removed: 11 (0s)
Superbubble
Nb superbubble removed: 4 0 (0s)
Tip
Nb Tip removed: 0 (0s)
Nb errors removed: 13 (0s)
Superbubble
Nb superbubble removed: 0 0 (0s)
Tip
Nb Tip removed: 0 (0s)
Nb errors removed: 8 (0s)
Superbubble
Nb superbubble removed: 0 0 (0s)
Tip
Nb Tip removed: 0 (0s)
Nb errors removed: 5 (0s)
Superbubble
Nb superbubble removed: 0 0 (0s)
Tip
Nb Tip removed: 0 (0s)
Nb errors removed: 5 (0s)
Superbubble
Nb superbubble removed: 0 0 (0s)
Tip
Nb Tip removed: 0 (0s)
Nb errors removed: 7 (0s)
Superbubble
Nb superbubble removed: 0 0 (0s)
Tip
Nb Tip removed: 0 (0s)
Nb errors removed: 1 (0s)
Superbubble
Nb superbubble removed: 0 0 (0s)
Tip
Nb Tip removed: 0 (0s)
Nb errors removed: 1 (0s)
Superbubble
Nb superbubble removed: 0 0 (0s)
Tip
Nb Tip removed: 0 (0s)
Nb errors removed: 1 (0s)
Superbubble
Nb superbubble removed: 0 0 (0s)
Tip
Nb Tip removed: 0 (0s)
Nb errors removed: 1 (0s)
Superbubble
Nb superbubble removed: 0 0 (0s)
Tip
Nb Tip removed: 0 (0s)
Nb errors removed: 1 (0s)
Superbubble
Nb superbubble removed: 0 0 (0s)
Tip
Nb Tip removed: 0 (0s)
Checksum: 0
Checksum abundnace: 0
Generating contigs
41.1448
28.1025
23.2252
15.8631
14.421
13.11
11.9182
10.8347
9.84974
8.14028
7.40025
6.11591
5.05447
4.17725
3.13843
2.14359
0


metaMDBG toMinspace  /var/folders/zg/vq0dnx517c54hg87dyqjky740000gn/T/.tmp7o7wQ0/tmp/ /var/folders/zg/vq0dnx517c54hg87dyqjky740000gn/T/.tmp7o7wQ0/tmp//contigs.nodepath /var/folders/zg/vq0dnx517c54hg87dyqjky740000gn/T/.tmp7o7wQ0/tmp//unitig_data.txt --threads 10

Input dir: /var/folders/zg/vq0dnx517c54hg87dyqjky740000gn/T/.tmp7o7wQ0/tmp/
Minimizer length: 15
Kminmer length: 80
Density: 0.005

Loading unitig sequences

Creating mContigs

Contig filename: /var/folders/zg/vq0dnx517c54hg87dyqjky740000gn/T/.tmp7o7wQ0/tmp//unitig_data.txt
pass done: 80
Multi-k pass: 81/206


metaMDBG graph /var/folders/zg/vq0dnx517c54hg87dyqjky740000gn/T/.tmp7o7wQ0/tmp/ --threads 10 --corrected-read 

Contig filename: 
Output dir: /var/folders/zg/vq0dnx517c54hg87dyqjky740000gn/T/.tmp7o7wQ0/tmp/
Minimizer length: 15
Kminmer length: 81
Density: 0.005
Min abundance: 0

Loading refined abundances
	Duration: 0
Collecting kminmers
Building mdbg
Duration: 0
Nb solid kminmers: 33390
Nb small contigs written: 0
Dump kminmer abundances
	Duration: 0
Indexing edges
Edge index size: 33398
Edge index elements: 60316
	Duration: 0
Compute unitig nodes
	Duration: 0
Index unitig edges
	Duration: 0
Compute unitig edges
	Duration: 0
Dump unitig abundances
	Duration: 0
Nb edges:   0


metaMDBG contig  /var/folders/zg/vq0dnx517c54hg87dyqjky740000gn/T/.tmp7o7wQ0/tmp/ --threads 10 --gen-graph 

Input dir: /var/folders/zg/vq0dnx517c54hg87dyqjky740000gn/T/.tmp7o7wQ0/tmp/
Minimizer length: 15
Kminmer length: 81
Density: 0.005

Loading unitig graph
Load unitigs
Nb unitigs: 894
Nb minimizers: 104910
Add unitig abundances
Sorting abundances
Add unitig edges
Nb unitig edges: 1780
Sorting unitig edges
Done loading unitig graph
Simplifying
Max abundance: 40
Nb unitigs: 894
Superbubble
Nb superbubble removed: 28 0 (0s)
Tip
Nb Tip removed: 264 (0s)
Superbubble
Nb superbubble removed: 74 0 (0s)
Tip
Nb Tip removed: 0 (0s)
Saving unitig graph: /var/folders/zg/vq0dnx517c54hg87dyqjky740000gn/T/.tmp7o7wQ0/tmp//assembly_graph.gfa
Nb errors removed: 177 (0s)
Superbubble
Nb superbubble removed: 4 0 (0s)
Tip
Nb Tip removed: 0 (0s)
Nb errors removed: 74 (0s)
Superbubble
Nb superbubble removed: 0 0 (0s)
Tip
Nb Tip removed: 0 (0s)
Nb errors removed: 46 (0s)
Superbubble
Nb superbubble removed: 0 0 (0s)
Tip
Nb Tip removed: 0 (0s)
Nb errors removed: 17 (0s)
Superbubble
Nb superbubble removed: 2 0 (0s)
Tip
Nb Tip removed: 0 (0s)
Nb errors removed: 14 (0s)
Superbubble
Nb superbubble removed: 0 0 (0s)
Tip
Nb Tip removed: 0 (0s)
Nb errors removed: 14 (0s)
Superbubble
Nb superbubble removed: 4 0 (0s)
Tip
Nb Tip removed: 0 (0s)
Nb errors removed: 13 (0s)
Superbubble
Nb superbubble removed: 0 0 (0s)
Tip
Nb Tip removed: 0 (0s)
Nb errors removed: 10 (0s)
Superbubble
Nb superbubble removed: 0 0 (0s)
Tip
Nb Tip removed: 0 (0s)
Nb errors removed: 5 (0s)
Superbubble
Nb superbubble removed: 0 0 (0s)
Tip
Nb Tip removed: 0 (0s)
Nb errors removed: 5 (0s)
Superbubble
Nb superbubble removed: 0 0 (0s)
Tip
Nb Tip removed: 0 (0s)
Nb errors removed: 7 (0s)
Superbubble
Nb superbubble removed: 0 0 (0s)
Tip
Nb Tip removed: 0 (0s)
Nb errors removed: 1 (0s)
Superbubble
Nb superbubble removed: 0 0 (0s)
Tip
Nb Tip removed: 0 (0s)
Nb errors removed: 1 (0s)
Superbubble
Nb superbubble removed: 0 0 (0s)
Tip
Nb Tip removed: 0 (0s)
Nb errors removed: 1 (0s)
Superbubble
Nb superbubble removed: 0 0 (0s)
Tip
Nb Tip removed: 0 (0s)
Nb errors removed: 3 (0s)
Superbubble
Nb superbubble removed: 0 0 (0s)
Tip
Nb Tip removed: 0 (0s)
Nb errors removed: 1 (0s)
Superbubble
Nb superbubble removed: 0 0 (0s)
Tip
Nb Tip removed: 0 (0s)
Checksum: 0
Checksum abundnace: 0
Generating contigs
41.1448
28.1025
23.2252
15.8631
14.421
13.11
11.9182
10.8347
9.84974
8.14028
7.40025
6.11591
5.05447
4.17725
3.13843
2.14359
0


metaMDBG toMinspace  /var/folders/zg/vq0dnx517c54hg87dyqjky740000gn/T/.tmp7o7wQ0/tmp/ /var/folders/zg/vq0dnx517c54hg87dyqjky740000gn/T/.tmp7o7wQ0/tmp//contigs.nodepath /var/folders/zg/vq0dnx517c54hg87dyqjky740000gn/T/.tmp7o7wQ0/tmp//unitig_data.txt --threads 10

Input dir: /var/folders/zg/vq0dnx517c54hg87dyqjky740000gn/T/.tmp7o7wQ0/tmp/
Minimizer length: 15
Kminmer length: 81
Density: 0.005

Loading unitig sequences

Creating mContigs

Contig filename: /var/folders/zg/vq0dnx517c54hg87dyqjky740000gn/T/.tmp7o7wQ0/tmp//unitig_data.txt


metaMDBG toMinspace  /var/folders/zg/vq0dnx517c54hg87dyqjky740000gn/T/.tmp7o7wQ0/tmp/ /var/folders/zg/vq0dnx517c54hg87dyqjky740000gn/T/.tmp7o7wQ0/tmp//assembly_graph.gfa.unitigs.nodepath /var/folders/zg/vq0dnx517c54hg87dyqjky740000gn/T/.tmp7o7wQ0/tmp//assembly_graph.gfa.unitigs --threads 10

Input dir: /var/folders/zg/vq0dnx517c54hg87dyqjky740000gn/T/.tmp7o7wQ0/tmp/
Minimizer length: 15
Kminmer length: 81
Density: 0.005

Loading unitig sequences

Creating mContigs

Contig filename: /var/folders/zg/vq0dnx517c54hg87dyqjky740000gn/T/.tmp7o7wQ0/tmp//assembly_graph.gfa.unitigs
pass done: 81
Multi-k pass: 82/206


metaMDBG graph /var/folders/zg/vq0dnx517c54hg87dyqjky740000gn/T/.tmp7o7wQ0/tmp/ --threads 10 --corrected-read 

Contig filename: 
Output dir: /var/folders/zg/vq0dnx517c54hg87dyqjky740000gn/T/.tmp7o7wQ0/tmp/
Minimizer length: 15
Kminmer length: 82
Density: 0.005
Min abundance: 0

Loading refined abundances
	Duration: 0
Collecting kminmers
Building mdbg
Duration: 0
Nb solid kminmers: 33374
Nb small contigs written: 0
Dump kminmer abundances
	Duration: 0
Indexing edges
Edge index size: 33383
Edge index elements: 60315
	Duration: 0
Compute unitig nodes
	Duration: 0
Index unitig edges
	Duration: 0
Compute unitig edges
	Duration: 0
Dump unitig abundances
	Duration: 0
Nb edges:   0


metaMDBG contig  /var/folders/zg/vq0dnx517c54hg87dyqjky740000gn/T/.tmp7o7wQ0/tmp/ --threads 10

Input dir: /var/folders/zg/vq0dnx517c54hg87dyqjky740000gn/T/.tmp7o7wQ0/tmp/
Minimizer length: 15
Kminmer length: 82
Density: 0.005

Loading unitig graph
Load unitigs
Nb unitigs: 877
Nb minimizers: 104411
Add unitig abundances
Sorting abundances
Add unitig edges
Nb unitig edges: 1742
Sorting unitig edges
Done loading unitig graph
Simplifying
Max abundance: 40
Nb unitigs: 877
Superbubble
Nb superbubble removed: 26 0 (0s)
Tip
Nb Tip removed: 263 (0s)
Superbubble
Nb superbubble removed: 72 0 (0s)
Tip
Nb Tip removed: 0 (0s)
Nb errors removed: 173 (0s)
Superbubble
Nb superbubble removed: 4 0 (0s)
Tip
Nb Tip removed: 0 (0s)
Nb errors removed: 76 (0s)
Superbubble
Nb superbubble removed: 0 0 (0s)
Tip
Nb Tip removed: 0 (0s)
Nb errors removed: 45 (0s)
Superbubble
Nb superbubble removed: 0 0 (0s)
Tip
Nb Tip removed: 0 (0s)
Nb errors removed: 16 (0s)
Superbubble
Nb superbubble removed: 2 0 (0s)
Tip
Nb Tip removed: 0 (0s)
Nb errors removed: 13 (0s)
Superbubble
Nb superbubble removed: 0 0 (0s)
Tip
Nb Tip removed: 0 (0s)
Nb errors removed: 14 (0s)
Superbubble
Nb superbubble removed: 4 0 (0s)
Tip
Nb Tip removed: 0 (0s)
Nb errors removed: 13 (0s)
Superbubble
Nb superbubble removed: 0 0 (0s)
Tip
Nb Tip removed: 0 (0s)
Nb errors removed: 11 (0s)
Superbubble
Nb superbubble removed: 0 0 (0s)
Tip
Nb Tip removed: 0 (0s)
Nb errors removed: 5 (0s)
Superbubble
Nb superbubble removed: 0 0 (0s)
Tip
Nb Tip removed: 0 (0s)
Nb errors removed: 4 (0s)
Superbubble
Nb superbubble removed: 0 0 (0s)
Tip
Nb Tip removed: 0 (0s)
Nb errors removed: 7 (0s)
Superbubble
Nb superbubble removed: 0 0 (0s)
Tip
Nb Tip removed: 0 (0s)
Nb errors removed: 1 (0s)
Superbubble
Nb superbubble removed: 0 0 (0s)
Tip
Nb Tip removed: 0 (0s)
Nb errors removed: 1 (0s)
Superbubble
Nb superbubble removed: 0 0 (0s)
Tip
Nb Tip removed: 0 (0s)
Nb errors removed: 1 (0s)
Superbubble
Nb superbubble removed: 0 0 (0s)
Tip
Nb Tip removed: 0 (0s)
Nb errors removed: 3 (0s)
Superbubble
Nb superbubble removed: 0 0 (0s)
Tip
Nb Tip removed: 0 (0s)
Nb errors removed: 1 (0s)
Superbubble
Nb superbubble removed: 0 0 (0s)
Tip
Nb Tip removed: 0 (0s)
Checksum: 0
Checksum abundnace: 0
Generating contigs
41.1448
28.1025
23.2252
15.8631
14.421
13.11
11.9182
10.8347
9.84974
8.14028
7.40025
6.11591
5.05447
4.17725
3.13843
2.14359
0


metaMDBG toMinspace  /var/folders/zg/vq0dnx517c54hg87dyqjky740000gn/T/.tmp7o7wQ0/tmp/ /var/folders/zg/vq0dnx517c54hg87dyqjky740000gn/T/.tmp7o7wQ0/tmp//contigs.nodepath /var/folders/zg/vq0dnx517c54hg87dyqjky740000gn/T/.tmp7o7wQ0/tmp//unitig_data.txt --threads 10

Input dir: /var/folders/zg/vq0dnx517c54hg87dyqjky740000gn/T/.tmp7o7wQ0/tmp/
Minimizer length: 15
Kminmer length: 82
Density: 0.005

Loading unitig sequences

Creating mContigs

Contig filename: /var/folders/zg/vq0dnx517c54hg87dyqjky740000gn/T/.tmp7o7wQ0/tmp//unitig_data.txt
pass done: 82
Multi-k pass: 83/206


metaMDBG graph /var/folders/zg/vq0dnx517c54hg87dyqjky740000gn/T/.tmp7o7wQ0/tmp/ --threads 10 --corrected-read 

Contig filename: 
Output dir: /var/folders/zg/vq0dnx517c54hg87dyqjky740000gn/T/.tmp7o7wQ0/tmp/
Minimizer length: 15
Kminmer length: 83
Density: 0.005
Min abundance: 0

Loading refined abundances
	Duration: 0
Collecting kminmers
Building mdbg
Duration: 0
Nb solid kminmers: 33356
Nb small contigs written: 0
Dump kminmer abundances
	Duration: 0
Indexing edges
Edge index size: 33370
Edge index elements: 60392
	Duration: 0
Compute unitig nodes
	Duration: 0
Index unitig edges
	Duration: 0
Compute unitig edges
	Duration: 0
Dump unitig abundances
	Duration: 0
Nb edges:   0


metaMDBG contig  /var/folders/zg/vq0dnx517c54hg87dyqjky740000gn/T/.tmp7o7wQ0/tmp/ --threads 10

Input dir: /var/folders/zg/vq0dnx517c54hg87dyqjky740000gn/T/.tmp7o7wQ0/tmp/
Minimizer length: 15
Kminmer length: 83
Density: 0.005

Loading unitig graph
Load unitigs
Nb unitigs: 866
Nb minimizers: 104368
Add unitig abundances
Sorting abundances
Add unitig edges
Nb unitig edges: 1712
Sorting unitig edges
Done loading unitig graph
Simplifying
Max abundance: 40
Nb unitigs: 866
Superbubble
Nb superbubble removed: 26 0 (0s)
Tip
Nb Tip removed: 259 (0s)
Superbubble
Nb superbubble removed: 70 0 (0s)
Tip
Nb Tip removed: 0 (0s)
Nb errors removed: 171 (0s)
Superbubble
Nb superbubble removed: 4 0 (0s)
Tip
Nb Tip removed: 0 (0s)
Nb errors removed: 75 (0s)
Superbubble
Nb superbubble removed: 0 0 (0s)
Tip
Nb Tip removed: 0 (0s)
Nb errors removed: 44 (0s)
Superbubble
Nb superbubble removed: 0 0 (0s)
Tip
Nb Tip removed: 0 (0s)
Nb errors removed: 16 (0s)
Superbubble
Nb superbubble removed: 2 0 (0s)
Tip
Nb Tip removed: 0 (0s)
Nb errors removed: 13 (0s)
Superbubble
Nb superbubble removed: 0 0 (0s)
Tip
Nb Tip removed: 0 (0s)
Nb errors removed: 14 (0s)
Superbubble
Nb superbubble removed: 4 0 (0s)
Tip
Nb Tip removed: 0 (0s)
Nb errors removed: 13 (0s)
Superbubble
Nb superbubble removed: 0 0 (0s)
Tip
Nb Tip removed: 0 (0s)
Nb errors removed: 12 (0s)
Superbubble
Nb superbubble removed: 0 0 (0s)
Tip
Nb Tip removed: 0 (0s)
Nb errors removed: 7 (0s)
Superbubble
Nb superbubble removed: 0 0 (0s)
Tip
Nb Tip removed: 0 (0s)
Nb errors removed: 4 (0s)
Superbubble
Nb superbubble removed: 0 0 (0s)
Tip
Nb Tip removed: 0 (0s)
Nb errors removed: 7 (0s)
Superbubble
Nb superbubble removed: 0 0 (0s)
Tip
Nb Tip removed: 0 (0s)
Nb errors removed: 1 (0s)
Superbubble
Nb superbubble removed: 0 0 (0s)
Tip
Nb Tip removed: 0 (0s)
Nb errors removed: 1 (0s)
Superbubble
Nb superbubble removed: 0 0 (0s)
Tip
Nb Tip removed: 0 (0s)
Nb errors removed: 1 (0s)
Superbubble
Nb superbubble removed: 0 0 (0s)
Tip
Nb Tip removed: 0 (0s)
Nb errors removed: 3 (0s)
Superbubble
Nb superbubble removed: 0 0 (0s)
Tip
Nb Tip removed: 0 (0s)
Nb errors removed: 1 (0s)
Superbubble
Nb superbubble removed: 0 0 (0s)
Tip
Nb Tip removed: 0 (0s)
Checksum: 0
Checksum abundnace: 0
Generating contigs
41.1448
28.1025
23.2252
15.8631
14.421
13.11
11.9182
10.8347
9.84974
8.14028
7.40025
6.11591
5.05447
4.17725
3.13843
2.14359
0


metaMDBG toMinspace  /var/folders/zg/vq0dnx517c54hg87dyqjky740000gn/T/.tmp7o7wQ0/tmp/ /var/folders/zg/vq0dnx517c54hg87dyqjky740000gn/T/.tmp7o7wQ0/tmp//contigs.nodepath /var/folders/zg/vq0dnx517c54hg87dyqjky740000gn/T/.tmp7o7wQ0/tmp//unitig_data.txt --threads 10

Input dir: /var/folders/zg/vq0dnx517c54hg87dyqjky740000gn/T/.tmp7o7wQ0/tmp/
Minimizer length: 15
Kminmer length: 83
Density: 0.005

Loading unitig sequences

Creating mContigs

Contig filename: /var/folders/zg/vq0dnx517c54hg87dyqjky740000gn/T/.tmp7o7wQ0/tmp//unitig_data.txt
pass done: 83
Multi-k pass: 84/206


metaMDBG graph /var/folders/zg/vq0dnx517c54hg87dyqjky740000gn/T/.tmp7o7wQ0/tmp/ --threads 10 --corrected-read 

Contig filename: 
Output dir: /var/folders/zg/vq0dnx517c54hg87dyqjky740000gn/T/.tmp7o7wQ0/tmp/
Minimizer length: 15
Kminmer length: 84
Density: 0.005
Min abundance: 0

Loading refined abundances
	Duration: 0
Collecting kminmers
Building mdbg
Duration: 0
Nb solid kminmers: 33342
Nb small contigs written: 0
Dump kminmer abundances
	Duration: 0
Indexing edges
Edge index size: 33352
Edge index elements: 60278
	Duration: 0
Compute unitig nodes
	Duration: 0
Index unitig edges
	Duration: 0
Compute unitig edges
	Duration: 0
Dump unitig abundances
	Duration: 0
Nb edges:   0


metaMDBG contig  /var/folders/zg/vq0dnx517c54hg87dyqjky740000gn/T/.tmp7o7wQ0/tmp/ --threads 10

Input dir: /var/folders/zg/vq0dnx517c54hg87dyqjky740000gn/T/.tmp7o7wQ0/tmp/
Minimizer length: 15
Kminmer length: 84
Density: 0.005

Loading unitig graph
Load unitigs
Nb unitigs: 864
Nb minimizers: 105054
Add unitig abundances
Sorting abundances
Add unitig edges
Nb unitig edges: 1714
Sorting unitig edges
Done loading unitig graph
Simplifying
Max abundance: 40
Nb unitigs: 864
Superbubble
Nb superbubble removed: 26 0 (0s)
Tip
Nb Tip removed: 262 (0s)
Superbubble
Nb superbubble removed: 70 0 (0s)
Tip
Nb Tip removed: 0 (0s)
Nb errors removed: 167 (0s)
Superbubble
Nb superbubble removed: 4 0 (0s)
Tip
Nb Tip removed: 0 (0s)
Nb errors removed: 75 (0s)
Superbubble
Nb superbubble removed: 0 0 (0s)
Tip
Nb Tip removed: 0 (0s)
Nb errors removed: 44 (0s)
Superbubble
Nb superbubble removed: 0 0 (0s)
Tip
Nb Tip removed: 0 (0s)
Nb errors removed: 18 (0s)
Superbubble
Nb superbubble removed: 2 0 (0s)
Tip
Nb Tip removed: 0 (0s)
Nb errors removed: 13 (0s)
Superbubble
Nb superbubble removed: 0 0 (0s)
Tip
Nb Tip removed: 0 (0s)
Nb errors removed: 14 (0s)
Superbubble
Nb superbubble removed: 4 0 (0s)
Tip
Nb Tip removed: 1 (0s)
Superbubble
Nb superbubble removed: 0 0 (0s)
Tip
Nb Tip removed: 0 (0s)
Nb errors removed: 13 (0s)
Superbubble
Nb superbubble removed: 0 0 (0s)
Tip
Nb Tip removed: 0 (0s)
Nb errors removed: 12 (0s)
Superbubble
Nb superbubble removed: 0 0 (0s)
Tip
Nb Tip removed: 0 (0s)
Nb errors removed: 7 (0s)
Superbubble
Nb superbubble removed: 0 0 (0s)
Tip
Nb Tip removed: 0 (0s)
Nb errors removed: 4 (0s)
Superbubble
Nb superbubble removed: 0 0 (0s)
Tip
Nb Tip removed: 0 (0s)
Nb errors removed: 7 (0s)
Superbubble
Nb superbubble removed: 0 0 (0s)
Tip
Nb Tip removed: 0 (0s)
Nb errors removed: 1 (0s)
Superbubble
Nb superbubble removed: 0 0 (0s)
Tip
Nb Tip removed: 0 (0s)
Nb errors removed: 1 (0s)
Superbubble
Nb superbubble removed: 0 0 (0s)
Tip
Nb Tip removed: 0 (0s)
Nb errors removed: 1 (0s)
Superbubble
Nb superbubble removed: 0 0 (0s)
Tip
Nb Tip removed: 0 (0s)
Nb errors removed: 3 (0s)
Superbubble
Nb superbubble removed: 0 0 (0s)
Tip
Nb Tip removed: 0 (0s)
Nb errors removed: 1 (0s)
Superbubble
Nb superbubble removed: 0 0 (0s)
Tip
Nb Tip removed: 0 (0s)
Checksum: 0
Checksum abundnace: 0
Generating contigs
41.1448
28.1025
23.2252
15.8631
14.421
13.11
11.9182
10.8347
9.84974
8.14028
7.40025
6.11591
5.05447
4.17725
3.13843
2.14359
0


metaMDBG toMinspace  /var/folders/zg/vq0dnx517c54hg87dyqjky740000gn/T/.tmp7o7wQ0/tmp/ /var/folders/zg/vq0dnx517c54hg87dyqjky740000gn/T/.tmp7o7wQ0/tmp//contigs.nodepath /var/folders/zg/vq0dnx517c54hg87dyqjky740000gn/T/.tmp7o7wQ0/tmp//unitig_data.txt --threads 10

Input dir: /var/folders/zg/vq0dnx517c54hg87dyqjky740000gn/T/.tmp7o7wQ0/tmp/
Minimizer length: 15
Kminmer length: 84
Density: 0.005

Loading unitig sequences

Creating mContigs

Contig filename: /var/folders/zg/vq0dnx517c54hg87dyqjky740000gn/T/.tmp7o7wQ0/tmp//unitig_data.txt
pass done: 84
Multi-k pass: 85/206


metaMDBG graph /var/folders/zg/vq0dnx517c54hg87dyqjky740000gn/T/.tmp7o7wQ0/tmp/ --threads 10 --corrected-read 

Contig filename: 
Output dir: /var/folders/zg/vq0dnx517c54hg87dyqjky740000gn/T/.tmp7o7wQ0/tmp/
Minimizer length: 15
Kminmer length: 85
Density: 0.005
Min abundance: 0

Loading refined abundances
	Duration: 0
Collecting kminmers
Building mdbg
Duration: 0
Nb solid kminmers: 33328
Nb small contigs written: 0
Dump kminmer abundances
	Duration: 0
Indexing edges
Edge index size: 33334
Edge index elements: 60507
	Duration: 0
Compute unitig nodes
	Duration: 0
Index unitig edges
	Duration: 0
Compute unitig edges
	Duration: 0
Dump unitig abundances
	Duration: 0
Nb edges:   0


metaMDBG contig  /var/folders/zg/vq0dnx517c54hg87dyqjky740000gn/T/.tmp7o7wQ0/tmp/ --threads 10

Input dir: /var/folders/zg/vq0dnx517c54hg87dyqjky740000gn/T/.tmp7o7wQ0/tmp/
Minimizer length: 15
Kminmer length: 85
Density: 0.005

Loading unitig graph
Load unitigs
Nb unitigs: 849
Nb minimizers: 104644
Add unitig abundances
Sorting abundances
Add unitig edges
Nb unitig edges: 1694
Sorting unitig edges
Done loading unitig graph
Simplifying
Max abundance: 40
Nb unitigs: 849
Superbubble
Nb superbubble removed: 26 0 (0s)
Tip
Nb Tip removed: 259 (0s)
Superbubble
Nb superbubble removed: 70 0 (0s)
Tip
Nb Tip removed: 0 (0s)
Nb errors removed: 164 (0s)
Superbubble
Nb superbubble removed: 4 0 (0s)
Tip
Nb Tip removed: 0 (0s)
Nb errors removed: 74 (0s)
Superbubble
Nb superbubble removed: 0 0 (0s)
Tip
Nb Tip removed: 0 (0s)
Nb errors removed: 41 (0s)
Superbubble
Nb superbubble removed: 0 0 (0s)
Tip
Nb Tip removed: 0 (0s)
Nb errors removed: 18 (0s)
Superbubble
Nb superbubble removed: 2 0 (0s)
Tip
Nb Tip removed: 0 (0s)
Nb errors removed: 13 (0s)
Superbubble
Nb superbubble removed: 0 0 (0s)
Tip
Nb Tip removed: 0 (0s)
Nb errors removed: 13 (0s)
Superbubble
Nb superbubble removed: 4 0 (0s)
Tip
Nb Tip removed: 1 (0s)
Superbubble
Nb superbubble removed: 0 0 (0s)
Tip
Nb Tip removed: 0 (0s)
Nb errors removed: 13 (0s)
Superbubble
Nb superbubble removed: 0 0 (0s)
Tip
Nb Tip removed: 0 (0s)
Nb errors removed: 12 (0s)
Superbubble
Nb superbubble removed: 0 0 (0s)
Tip
Nb Tip removed: 0 (0s)
Nb errors removed: 6 (0s)
Superbubble
Nb superbubble removed: 0 0 (0s)
Tip
Nb Tip removed: 0 (0s)
Nb errors removed: 4 (0s)
Superbubble
Nb superbubble removed: 0 0 (0s)
Tip
Nb Tip removed: 0 (0s)
Nb errors removed: 7 (0s)
Superbubble
Nb superbubble removed: 0 0 (0s)
Tip
Nb Tip removed: 0 (0s)
Nb errors removed: 1 (0s)
Superbubble
Nb superbubble removed: 0 0 (0s)
Tip
Nb Tip removed: 0 (0s)
Nb errors removed: 1 (0s)
Superbubble
Nb superbubble removed: 0 0 (0s)
Tip
Nb Tip removed: 0 (0s)
Nb errors removed: 1 (0s)
Superbubble
Nb superbubble removed: 0 0 (0s)
Tip
Nb Tip removed: 0 (0s)
Nb errors removed: 3 (0s)
Superbubble
Nb superbubble removed: 0 0 (0s)
Tip
Nb Tip removed: 0 (0s)
Nb errors removed: 1 (0s)
Superbubble
Nb superbubble removed: 0 0 (0s)
Tip
Nb Tip removed: 0 (0s)
Checksum: 0
Checksum abundnace: 0
Generating contigs
41.1448
28.1025
23.2252
15.8631
14.421
13.11
11.9182
10.8347
9.84974
8.14028
7.40025
6.11591
5.05447
4.17725
3.13843
2.14359
0


metaMDBG toMinspace  /var/folders/zg/vq0dnx517c54hg87dyqjky740000gn/T/.tmp7o7wQ0/tmp/ /var/folders/zg/vq0dnx517c54hg87dyqjky740000gn/T/.tmp7o7wQ0/tmp//contigs.nodepath /var/folders/zg/vq0dnx517c54hg87dyqjky740000gn/T/.tmp7o7wQ0/tmp//unitig_data.txt --threads 10

Input dir: /var/folders/zg/vq0dnx517c54hg87dyqjky740000gn/T/.tmp7o7wQ0/tmp/
Minimizer length: 15
Kminmer length: 85
Density: 0.005

Loading unitig sequences

Creating mContigs

Contig filename: /var/folders/zg/vq0dnx517c54hg87dyqjky740000gn/T/.tmp7o7wQ0/tmp//unitig_data.txt
pass done: 85
Multi-k pass: 86/206


metaMDBG graph /var/folders/zg/vq0dnx517c54hg87dyqjky740000gn/T/.tmp7o7wQ0/tmp/ --threads 10 --corrected-read 

Contig filename: 
Output dir: /var/folders/zg/vq0dnx517c54hg87dyqjky740000gn/T/.tmp7o7wQ0/tmp/
Minimizer length: 15
Kminmer length: 86
Density: 0.005
Min abundance: 0

Loading refined abundances
	Duration: 0
Collecting kminmers
Building mdbg
Duration: 0
Nb solid kminmers: 33318
Nb small contigs written: 0
Dump kminmer abundances
	Duration: 0
Indexing edges
Edge index size: 33328
Edge index elements: 60218
	Duration: 0
Compute unitig nodes
	Duration: 0
Index unitig edges
	Duration: 0
Compute unitig edges
	Duration: 0
Dump unitig abundances
	Duration: 0
Nb edges:   0


metaMDBG contig  /var/folders/zg/vq0dnx517c54hg87dyqjky740000gn/T/.tmp7o7wQ0/tmp/ --threads 10

Input dir: /var/folders/zg/vq0dnx517c54hg87dyqjky740000gn/T/.tmp7o7wQ0/tmp/
Minimizer length: 15
Kminmer length: 86
Density: 0.005

Loading unitig graph
Load unitigs
Nb unitigs: 846
Nb minimizers: 105228
Add unitig abundances
Sorting abundances
Add unitig edges
Nb unitig edges: 1674
Sorting unitig edges
Done loading unitig graph
Simplifying
Max abundance: 40
Nb unitigs: 846
Superbubble
Nb superbubble removed: 26 0 (0s)
Tip
Nb Tip removed: 258 (0s)
Superbubble
Nb superbubble removed: 66 0 (0s)
Tip
Nb Tip removed: 0 (0s)
Nb errors removed: 163 (0s)
Superbubble
Nb superbubble removed: 4 0 (0s)
Tip
Nb Tip removed: 0 (0s)
Nb errors removed: 73 (0s)
Superbubble
Nb superbubble removed: 0 0 (0s)
Tip
Nb Tip removed: 0 (0s)
Nb errors removed: 41 (0s)
Superbubble
Nb superbubble removed: 0 0 (0s)
Tip
Nb Tip removed: 0 (0s)
Nb errors removed: 18 (0s)
Superbubble
Nb superbubble removed: 2 0 (0s)
Tip
Nb Tip removed: 0 (0s)
Nb errors removed: 14 (0s)
Superbubble
Nb superbubble removed: 0 0 (0s)
Tip
Nb Tip removed: 0 (0s)
Nb errors removed: 13 (0s)
Superbubble
Nb superbubble removed: 4 0 (0s)
Tip
Nb Tip removed: 1 (0s)
Superbubble
Nb superbubble removed: 0 0 (0s)
Tip
Nb Tip removed: 0 (0s)
Nb errors removed: 13 (0s)
Superbubble
Nb superbubble removed: 0 0 (0s)
Tip
Nb Tip removed: 0 (0s)
Nb errors removed: 12 (0s)
Superbubble
Nb superbubble removed: 0 0 (0s)
Tip
Nb Tip removed: 0 (0s)
Nb errors removed: 6 (0s)
Superbubble
Nb superbubble removed: 0 0 (0s)
Tip
Nb Tip removed: 0 (0s)
Nb errors removed: 4 (0s)
Superbubble
Nb superbubble removed: 0 0 (0s)
Tip
Nb Tip removed: 0 (0s)
Nb errors removed: 7 (0s)
Superbubble
Nb superbubble removed: 0 0 (0s)
Tip
Nb Tip removed: 0 (0s)
Nb errors removed: 1 (0s)
Superbubble
Nb superbubble removed: 0 0 (0s)
Tip
Nb Tip removed: 0 (0s)
Nb errors removed: 1 (0s)
Superbubble
Nb superbubble removed: 0 0 (0s)
Tip
Nb Tip removed: 0 (0s)
Nb errors removed: 1 (0s)
Superbubble
Nb superbubble removed: 0 0 (0s)
Tip
Nb Tip removed: 0 (0s)
Nb errors removed: 5 (0s)
Superbubble
Nb superbubble removed: 0 0 (0s)
Tip
Nb Tip removed: 0 (0s)
Nb errors removed: 1 (0s)
Superbubble
Nb superbubble removed: 0 0 (0s)
Tip
Nb Tip removed: 0 (0s)
Checksum: 0
Checksum abundnace: 0
Generating contigs
41.1448
28.1025
23.2252
15.8631
14.421
13.11
11.9182
10.8347
9.84974
8.14028
7.40025
6.11591
5.05447
4.17725
3.13843
2.14359
0


metaMDBG toMinspace  /var/folders/zg/vq0dnx517c54hg87dyqjky740000gn/T/.tmp7o7wQ0/tmp/ /var/folders/zg/vq0dnx517c54hg87dyqjky740000gn/T/.tmp7o7wQ0/tmp//contigs.nodepath /var/folders/zg/vq0dnx517c54hg87dyqjky740000gn/T/.tmp7o7wQ0/tmp//unitig_data.txt --threads 10

Input dir: /var/folders/zg/vq0dnx517c54hg87dyqjky740000gn/T/.tmp7o7wQ0/tmp/
Minimizer length: 15
Kminmer length: 86
Density: 0.005

Loading unitig sequences

Creating mContigs

Contig filename: /var/folders/zg/vq0dnx517c54hg87dyqjky740000gn/T/.tmp7o7wQ0/tmp//unitig_data.txt
pass done: 86
Multi-k pass: 87/206


metaMDBG graph /var/folders/zg/vq0dnx517c54hg87dyqjky740000gn/T/.tmp7o7wQ0/tmp/ --threads 10 --corrected-read 

Contig filename: 
Output dir: /var/folders/zg/vq0dnx517c54hg87dyqjky740000gn/T/.tmp7o7wQ0/tmp/
Minimizer length: 15
Kminmer length: 87
Density: 0.005
Min abundance: 0

Loading refined abundances
	Duration: 0
Collecting kminmers
Building mdbg
Duration: 0
Nb solid kminmers: 33303
Nb small contigs written: 0
Dump kminmer abundances
	Duration: 0
Indexing edges
Edge index size: 33314
Edge index elements: 60223
	Duration: 0
Compute unitig nodes
	Duration: 0
Index unitig edges
	Duration: 0
Compute unitig edges
	Duration: 0
Dump unitig abundances
	Duration: 0
Nb edges:   0


metaMDBG contig  /var/folders/zg/vq0dnx517c54hg87dyqjky740000gn/T/.tmp7o7wQ0/tmp/ --threads 10

Input dir: /var/folders/zg/vq0dnx517c54hg87dyqjky740000gn/T/.tmp7o7wQ0/tmp/
Minimizer length: 15
Kminmer length: 87
Density: 0.005

Loading unitig graph
Load unitigs
Nb unitigs: 837
Nb minimizers: 105285
Add unitig abundances
Sorting abundances
Add unitig edges
Nb unitig edges: 1660
Sorting unitig edges
Done loading unitig graph
Simplifying
Max abundance: 40
Nb unitigs: 837
Superbubble
Nb superbubble removed: 22 0 (0s)
Tip
Nb Tip removed: 258 (0s)
Superbubble
Nb superbubble removed: 66 0 (0s)
Tip
Nb Tip removed: 0 (0s)
Nb errors removed: 162 (0s)
Superbubble
Nb superbubble removed: 4 0 (0s)
Tip
Nb Tip removed: 0 (0s)
Nb errors removed: 74 (0s)
Superbubble
Nb superbubble removed: 0 0 (0s)
Tip
Nb Tip removed: 0 (0s)
Nb errors removed: 42 (0s)
Superbubble
Nb superbubble removed: 0 0 (0s)
Tip
Nb Tip removed: 0 (0s)
Nb errors removed: 18 (0s)
Superbubble
Nb superbubble removed: 2 0 (0s)
Tip
Nb Tip removed: 0 (0s)
Nb errors removed: 13 (0s)
Superbubble
Nb superbubble removed: 0 0 (0s)
Tip
Nb Tip removed: 0 (0s)
Nb errors removed: 13 (0s)
Superbubble
Nb superbubble removed: 4 0 (0s)
Tip
Nb Tip removed: 1 (0s)
Superbubble
Nb superbubble removed: 0 0 (0s)
Tip
Nb Tip removed: 0 (0s)
Nb errors removed: 13 (0s)
Superbubble
Nb superbubble removed: 0 0 (0s)
Tip
Nb Tip removed: 0 (0s)
Nb errors removed: 12 (0s)
Superbubble
Nb superbubble removed: 0 0 (0s)
Tip
Nb Tip removed: 0 (0s)
Nb errors removed: 6 (0s)
Superbubble
Nb superbubble removed: 0 0 (0s)
Tip
Nb Tip removed: 0 (0s)
Nb errors removed: 4 (0s)
Superbubble
Nb superbubble removed: 0 0 (0s)
Tip
Nb Tip removed: 0 (0s)
Nb errors removed: 7 (0s)
Superbubble
Nb superbubble removed: 0 0 (0s)
Tip
Nb Tip removed: 0 (0s)
Nb errors removed: 1 (0s)
Superbubble
Nb superbubble removed: 0 0 (0s)
Tip
Nb Tip removed: 0 (0s)
Nb errors removed: 1 (0s)
Superbubble
Nb superbubble removed: 0 0 (0s)
Tip
Nb Tip removed: 0 (0s)
Nb errors removed: 1 (0s)
Superbubble
Nb superbubble removed: 0 0 (0s)
Tip
Nb Tip removed: 0 (0s)
Nb errors removed: 5 (0s)
Superbubble
Nb superbubble removed: 0 0 (0s)
Tip
Nb Tip removed: 0 (0s)
Nb errors removed: 1 (0s)
Superbubble
Nb superbubble removed: 0 0 (0s)
Tip
Nb Tip removed: 0 (0s)
Checksum: 0
Checksum abundnace: 0
Generating contigs
41.1448
28.1025
23.2252
15.8631
14.421
13.11
11.9182
10.8347
9.84974
8.14028
7.40025
6.11591
5.05447
4.17725
3.13843
2.14359
0


metaMDBG toMinspace  /var/folders/zg/vq0dnx517c54hg87dyqjky740000gn/T/.tmp7o7wQ0/tmp/ /var/folders/zg/vq0dnx517c54hg87dyqjky740000gn/T/.tmp7o7wQ0/tmp//contigs.nodepath /var/folders/zg/vq0dnx517c54hg87dyqjky740000gn/T/.tmp7o7wQ0/tmp//unitig_data.txt --threads 10

Input dir: /var/folders/zg/vq0dnx517c54hg87dyqjky740000gn/T/.tmp7o7wQ0/tmp/
Minimizer length: 15
Kminmer length: 87
Density: 0.005

Loading unitig sequences

Creating mContigs

Contig filename: /var/folders/zg/vq0dnx517c54hg87dyqjky740000gn/T/.tmp7o7wQ0/tmp//unitig_data.txt
pass done: 87
Multi-k pass: 88/206


metaMDBG graph /var/folders/zg/vq0dnx517c54hg87dyqjky740000gn/T/.tmp7o7wQ0/tmp/ --threads 10 --corrected-read 

Contig filename: 
Output dir: /var/folders/zg/vq0dnx517c54hg87dyqjky740000gn/T/.tmp7o7wQ0/tmp/
Minimizer length: 15
Kminmer length: 88
Density: 0.005
Min abundance: 0

Loading refined abundances
	Duration: 0
Collecting kminmers
Building mdbg
Duration: 0
Nb solid kminmers: 33292
Nb small contigs written: 0
Dump kminmer abundances
	Duration: 0
Indexing edges
Edge index size: 33299
Edge index elements: 60196
	Duration: 0
Compute unitig nodes
	Duration: 0
Index unitig edges
	Duration: 0
Compute unitig edges
	Duration: 0
Dump unitig abundances
	Duration: 0
Nb edges:   0


metaMDBG contig  /var/folders/zg/vq0dnx517c54hg87dyqjky740000gn/T/.tmp7o7wQ0/tmp/ --threads 10

Input dir: /var/folders/zg/vq0dnx517c54hg87dyqjky740000gn/T/.tmp7o7wQ0/tmp/
Minimizer length: 15
Kminmer length: 88
Density: 0.005

Loading unitig graph
Load unitigs
Nb unitigs: 835
Nb minimizers: 105937
Add unitig abundances
Sorting abundances
Add unitig edges
Nb unitig edges: 1660
Sorting unitig edges
Done loading unitig graph
Simplifying
Max abundance: 40
Nb unitigs: 835
Superbubble
Nb superbubble removed: 22 0 (0s)
Tip
Nb Tip removed: 258 (0s)
Superbubble
Nb superbubble removed: 66 0 (0s)
Tip
Nb Tip removed: 0 (0s)
Nb errors removed: 158 (0s)
Superbubble
Nb superbubble removed: 4 0 (0s)
Tip
Nb Tip removed: 0 (0s)
Nb errors removed: 75 (0s)
Superbubble
Nb superbubble removed: 0 0 (0s)
Tip
Nb Tip removed: 0 (0s)
Nb errors removed: 42 (0s)
Superbubble
Nb superbubble removed: 0 0 (0s)
Tip
Nb Tip removed: 0 (0s)
Nb errors removed: 18 (0s)
Superbubble
Nb superbubble removed: 2 0 (0s)
Tip
Nb Tip removed: 0 (0s)
Nb errors removed: 13 (0s)
Superbubble
Nb superbubble removed: 0 0 (0s)
Tip
Nb Tip removed: 0 (0s)
Nb errors removed: 13 (0s)
Superbubble
Nb superbubble removed: 4 0 (0s)
Tip
Nb Tip removed: 1 (0s)
Superbubble
Nb superbubble removed: 0 0 (0s)
Tip
Nb Tip removed: 0 (0s)
Nb errors removed: 13 (0s)
Superbubble
Nb superbubble removed: 0 0 (0s)
Tip
Nb Tip removed: 0 (0s)
Nb errors removed: 12 (0s)
Superbubble
Nb superbubble removed: 0 0 (0s)
Tip
Nb Tip removed: 0 (0s)
Nb errors removed: 6 (0s)
Superbubble
Nb superbubble removed: 0 0 (0s)
Tip
Nb Tip removed: 0 (0s)
Nb errors removed: 4 (0s)
Superbubble
Nb superbubble removed: 0 0 (0s)
Tip
Nb Tip removed: 0 (0s)
Nb errors removed: 7 (0s)
Superbubble
Nb superbubble removed: 0 0 (0s)
Tip
Nb Tip removed: 0 (0s)
Nb errors removed: 1 (0s)
Superbubble
Nb superbubble removed: 0 0 (0s)
Tip
Nb Tip removed: 0 (0s)
Nb errors removed: 1 (0s)
Superbubble
Nb superbubble removed: 0 0 (0s)
Tip
Nb Tip removed: 0 (0s)
Nb errors removed: 1 (0s)
Superbubble
Nb superbubble removed: 0 0 (0s)
Tip
Nb Tip removed: 0 (0s)
Nb errors removed: 5 (0s)
Superbubble
Nb superbubble removed: 0 0 (0s)
Tip
Nb Tip removed: 0 (0s)
Nb errors removed: 1 (0s)
Superbubble
Nb superbubble removed: 0 0 (0s)
Tip
Nb Tip removed: 0 (0s)
Checksum: 0
Checksum abundnace: 0
Generating contigs
41.1448
28.1025
23.2252
15.8631
14.421
13.11
11.9182
10.8347
9.84974
8.14028
7.40025
6.11591
5.05447
4.17725
3.13843
2.14359
0


metaMDBG toMinspace  /var/folders/zg/vq0dnx517c54hg87dyqjky740000gn/T/.tmp7o7wQ0/tmp/ /var/folders/zg/vq0dnx517c54hg87dyqjky740000gn/T/.tmp7o7wQ0/tmp//contigs.nodepath /var/folders/zg/vq0dnx517c54hg87dyqjky740000gn/T/.tmp7o7wQ0/tmp//unitig_data.txt --threads 10

Input dir: /var/folders/zg/vq0dnx517c54hg87dyqjky740000gn/T/.tmp7o7wQ0/tmp/
Minimizer length: 15
Kminmer length: 88
Density: 0.005

Loading unitig sequences

Creating mContigs

Contig filename: /var/folders/zg/vq0dnx517c54hg87dyqjky740000gn/T/.tmp7o7wQ0/tmp//unitig_data.txt
pass done: 88
Multi-k pass: 89/206


metaMDBG graph /var/folders/zg/vq0dnx517c54hg87dyqjky740000gn/T/.tmp7o7wQ0/tmp/ --threads 10 --corrected-read 

Contig filename: 
Output dir: /var/folders/zg/vq0dnx517c54hg87dyqjky740000gn/T/.tmp7o7wQ0/tmp/
Minimizer length: 15
Kminmer length: 89
Density: 0.005
Min abundance: 0

Loading refined abundances
	Duration: 0
Collecting kminmers
Building mdbg
Duration: 0
Nb solid kminmers: 33282
Nb small contigs written: 0
Dump kminmer abundances
	Duration: 0
Indexing edges
Edge index size: 33287
Edge index elements: 60453
	Duration: 0
Compute unitig nodes
	Duration: 0
Index unitig edges
	Duration: 0
Compute unitig edges
	Duration: 0
Dump unitig abundances
	Duration: 0
Nb edges:   0


metaMDBG contig  /var/folders/zg/vq0dnx517c54hg87dyqjky740000gn/T/.tmp7o7wQ0/tmp/ --threads 10

Input dir: /var/folders/zg/vq0dnx517c54hg87dyqjky740000gn/T/.tmp7o7wQ0/tmp/
Minimizer length: 15
Kminmer length: 89
Density: 0.005

Loading unitig graph
Load unitigs
Nb unitigs: 828
Nb minimizers: 106146
Add unitig abundances
Sorting abundances
Add unitig edges
Nb unitig edges: 1648
Sorting unitig edges
Done loading unitig graph
Simplifying
Max abundance: 40
Nb unitigs: 828
Superbubble
Nb superbubble removed: 22 0 (0s)
Tip
Nb Tip removed: 257 (0s)
Superbubble
Nb superbubble removed: 66 0 (0s)
Tip
Nb Tip removed: 0 (0s)
Nb errors removed: 156 (0s)
Superbubble
Nb superbubble removed: 4 0 (0s)
Tip
Nb Tip removed: 0 (0s)
Nb errors removed: 73 (0s)
Superbubble
Nb superbubble removed: 0 0 (0s)
Tip
Nb Tip removed: 0 (0s)
Nb errors removed: 42 (0s)
Superbubble
Nb superbubble removed: 0 0 (0s)
Tip
Nb Tip removed: 0 (0s)
Nb errors removed: 18 (0s)
Superbubble
Nb superbubble removed: 2 0 (0s)
Tip
Nb Tip removed: 0 (0s)
Nb errors removed: 13 (0s)
Superbubble
Nb superbubble removed: 0 0 (0s)
Tip
Nb Tip removed: 0 (0s)
Nb errors removed: 13 (0s)
Superbubble
Nb superbubble removed: 4 0 (0s)
Tip
Nb Tip removed: 1 (0s)
Superbubble
Nb superbubble removed: 0 0 (0s)
Tip
Nb Tip removed: 0 (0s)
Nb errors removed: 13 (0s)
Superbubble
Nb superbubble removed: 0 0 (0s)
Tip
Nb Tip removed: 0 (0s)
Nb errors removed: 12 (0s)
Superbubble
Nb superbubble removed: 0 0 (0s)
Tip
Nb Tip removed: 0 (0s)
Nb errors removed: 6 (0s)
Superbubble
Nb superbubble removed: 0 0 (0s)
Tip
Nb Tip removed: 0 (0s)
Nb errors removed: 4 (0s)
Superbubble
Nb superbubble removed: 0 0 (0s)
Tip
Nb Tip removed: 0 (0s)
Nb errors removed: 7 (0s)
Superbubble
Nb superbubble removed: 0 0 (0s)
Tip
Nb Tip removed: 0 (0s)
Nb errors removed: 1 (0s)
Superbubble
Nb superbubble removed: 0 0 (0s)
Tip
Nb Tip removed: 0 (0s)
Nb errors removed: 1 (0s)
Superbubble
Nb superbubble removed: 0 0 (0s)
Tip
Nb Tip removed: 0 (0s)
Nb errors removed: 1 (0s)
Superbubble
Nb superbubble removed: 0 0 (0s)
Tip
Nb Tip removed: 0 (0s)
Nb errors removed: 5 (0s)
Superbubble
Nb superbubble removed: 0 0 (0s)
Tip
Nb Tip removed: 0 (0s)
Nb errors removed: 1 (0s)
Superbubble
Nb superbubble removed: 0 0 (0s)
Tip
Nb Tip removed: 0 (0s)
Checksum: 0
Checksum abundnace: 0
Generating contigs
41.1448
28.1025
23.2252
15.8631
14.421
13.11
11.9182
10.8347
9.84974
8.14028
7.40025
6.11591
5.05447
4.17725
3.13843
2.14359
0


metaMDBG toMinspace  /var/folders/zg/vq0dnx517c54hg87dyqjky740000gn/T/.tmp7o7wQ0/tmp/ /var/folders/zg/vq0dnx517c54hg87dyqjky740000gn/T/.tmp7o7wQ0/tmp//contigs.nodepath /var/folders/zg/vq0dnx517c54hg87dyqjky740000gn/T/.tmp7o7wQ0/tmp//unitig_data.txt --threads 10

Input dir: /var/folders/zg/vq0dnx517c54hg87dyqjky740000gn/T/.tmp7o7wQ0/tmp/
Minimizer length: 15
Kminmer length: 89
Density: 0.005

Loading unitig sequences

Creating mContigs

Contig filename: /var/folders/zg/vq0dnx517c54hg87dyqjky740000gn/T/.tmp7o7wQ0/tmp//unitig_data.txt
pass done: 89
Multi-k pass: 90/206


metaMDBG graph /var/folders/zg/vq0dnx517c54hg87dyqjky740000gn/T/.tmp7o7wQ0/tmp/ --threads 10 --corrected-read 

Contig filename: 
Output dir: /var/folders/zg/vq0dnx517c54hg87dyqjky740000gn/T/.tmp7o7wQ0/tmp/
Minimizer length: 15
Kminmer length: 90
Density: 0.005
Min abundance: 0

Loading refined abundances
	Duration: 0
Collecting kminmers
Building mdbg
Duration: 0
Nb solid kminmers: 33275
Nb small contigs written: 0
Dump kminmer abundances
	Duration: 0
Indexing edges
Edge index size: 33279
Edge index elements: 60330
	Duration: 0
Compute unitig nodes
	Duration: 0
Index unitig edges
	Duration: 0
Compute unitig edges
	Duration: 0
Dump unitig abundances
	Duration: 0
Nb edges:   0


metaMDBG contig  /var/folders/zg/vq0dnx517c54hg87dyqjky740000gn/T/.tmp7o7wQ0/tmp/ --threads 10

Input dir: /var/folders/zg/vq0dnx517c54hg87dyqjky740000gn/T/.tmp7o7wQ0/tmp/
Minimizer length: 15
Kminmer length: 90
Density: 0.005

Loading unitig graph
Load unitigs
Nb unitigs: 823
Nb minimizers: 106522
Add unitig abundances
Sorting abundances
Add unitig edges
Nb unitig edges: 1640
Sorting unitig edges
Done loading unitig graph
Simplifying
Max abundance: 40
Nb unitigs: 823
Superbubble
Nb superbubble removed: 22 0 (0s)
Tip
Nb Tip removed: 257 (0s)
Superbubble
Nb superbubble removed: 68 0 (0s)
Tip
Nb Tip removed: 0 (0s)
Nb errors removed: 156 (0s)
Superbubble
Nb superbubble removed: 2 0 (0s)
Tip
Nb Tip removed: 0 (0s)
Nb errors removed: 73 (0s)
Superbubble
Nb superbubble removed: 0 0 (0s)
Tip
Nb Tip removed: 0 (0s)
Nb errors removed: 41 (0s)
Superbubble
Nb superbubble removed: 0 0 (0s)
Tip
Nb Tip removed: 0 (0s)
Nb errors removed: 18 (0s)
Superbubble
Nb superbubble removed: 2 0 (0s)
Tip
Nb Tip removed: 0 (0s)
Nb errors removed: 12 (0s)
Superbubble
Nb superbubble removed: 0 0 (0s)
Tip
Nb Tip removed: 0 (0s)
Nb errors removed: 13 (0s)
Superbubble
Nb superbubble removed: 4 0 (0s)
Tip
Nb Tip removed: 1 (0s)
Superbubble
Nb superbubble removed: 0 0 (0s)
Tip
Nb Tip removed: 0 (0s)
Nb errors removed: 13 (0s)
Superbubble
Nb superbubble removed: 0 0 (0s)
Tip
Nb Tip removed: 0 (0s)
Nb errors removed: 11 (0s)
Superbubble
Nb superbubble removed: 0 0 (0s)
Tip
Nb Tip removed: 0 (0s)
Nb errors removed: 6 (0s)
Superbubble
Nb superbubble removed: 0 0 (0s)
Tip
Nb Tip removed: 0 (0s)
Nb errors removed: 4 (0s)
Superbubble
Nb superbubble removed: 0 0 (0s)
Tip
Nb Tip removed: 0 (0s)
Nb errors removed: 7 (0s)
Superbubble
Nb superbubble removed: 0 0 (0s)
Tip
Nb Tip removed: 0 (0s)
Nb errors removed: 1 (0s)
Superbubble
Nb superbubble removed: 0 0 (0s)
Tip
Nb Tip removed: 0 (0s)
Nb errors removed: 1 (0s)
Superbubble
Nb superbubble removed: 0 0 (0s)
Tip
Nb Tip removed: 0 (0s)
Nb errors removed: 1 (0s)
Superbubble
Nb superbubble removed: 0 0 (0s)
Tip
Nb Tip removed: 0 (0s)
Nb errors removed: 5 (0s)
Superbubble
Nb superbubble removed: 0 0 (0s)
Tip
Nb Tip removed: 0 (0s)
Nb errors removed: 1 (0s)
Superbubble
Nb superbubble removed: 0 0 (0s)
Tip
Nb Tip removed: 0 (0s)
Checksum: 0
Checksum abundnace: 0
Generating contigs
41.1448
28.1025
23.2252
15.8631
14.421
13.11
11.9182
10.8347
9.84974
8.14028
7.40025
6.11591
5.05447
4.17725
3.13843
2.14359
0


metaMDBG toMinspace  /var/folders/zg/vq0dnx517c54hg87dyqjky740000gn/T/.tmp7o7wQ0/tmp/ /var/folders/zg/vq0dnx517c54hg87dyqjky740000gn/T/.tmp7o7wQ0/tmp//contigs.nodepath /var/folders/zg/vq0dnx517c54hg87dyqjky740000gn/T/.tmp7o7wQ0/tmp//unitig_data.txt --threads 10

Input dir: /var/folders/zg/vq0dnx517c54hg87dyqjky740000gn/T/.tmp7o7wQ0/tmp/
Minimizer length: 15
Kminmer length: 90
Density: 0.005

Loading unitig sequences

Creating mContigs

Contig filename: /var/folders/zg/vq0dnx517c54hg87dyqjky740000gn/T/.tmp7o7wQ0/tmp//unitig_data.txt
pass done: 90
Multi-k pass: 91/206


metaMDBG graph /var/folders/zg/vq0dnx517c54hg87dyqjky740000gn/T/.tmp7o7wQ0/tmp/ --threads 10 --corrected-read 

Contig filename: 
Output dir: /var/folders/zg/vq0dnx517c54hg87dyqjky740000gn/T/.tmp7o7wQ0/tmp/
Minimizer length: 15
Kminmer length: 91
Density: 0.005
Min abundance: 0

Loading refined abundances
	Duration: 0
Collecting kminmers
Building mdbg
Duration: 0
Nb solid kminmers: 33265
Nb small contigs written: 0
Dump kminmer abundances
	Duration: 0
Indexing edges
Edge index size: 33271
Edge index elements: 60524
	Duration: 0
Compute unitig nodes
	Duration: 0
Index unitig edges
	Duration: 0
Compute unitig edges
	Duration: 0
Dump unitig abundances
	Duration: 0
Nb edges:   0


metaMDBG contig  /var/folders/zg/vq0dnx517c54hg87dyqjky740000gn/T/.tmp7o7wQ0/tmp/ --threads 10 --gen-graph 

Input dir: /var/folders/zg/vq0dnx517c54hg87dyqjky740000gn/T/.tmp7o7wQ0/tmp/
Minimizer length: 15
Kminmer length: 91
Density: 0.005

Loading unitig graph
Load unitigs
Nb unitigs: 814
Nb minimizers: 106525
Add unitig abundances
Sorting abundances
Add unitig edges
Nb unitig edges: 1616
Sorting unitig edges
Done loading unitig graph
Simplifying
Max abundance: 40
Nb unitigs: 814
Superbubble
Nb superbubble removed: 22 0 (0s)
Tip
Nb Tip removed: 255 (0s)
Superbubble
Nb superbubble removed: 62 0 (0s)
Tip
Nb Tip removed: 0 (0s)
Saving unitig graph: /var/folders/zg/vq0dnx517c54hg87dyqjky740000gn/T/.tmp7o7wQ0/tmp//assembly_graph.gfa
Nb errors removed: 152 (0s)
Superbubble
Nb superbubble removed: 2 0 (0s)
Tip
Nb Tip removed: 0 (0s)
Nb errors removed: 72 (0s)
Superbubble
Nb superbubble removed: 0 0 (0s)
Tip
Nb Tip removed: 0 (0s)
Nb errors removed: 40 (0s)
Superbubble
Nb superbubble removed: 0 0 (0s)
Tip
Nb Tip removed: 0 (0s)
Nb errors removed: 18 (0s)
Superbubble
Nb superbubble removed: 2 0 (0s)
Tip
Nb Tip removed: 0 (0s)
Nb errors removed: 12 (0s)
Superbubble
Nb superbubble removed: 0 0 (0s)
Tip
Nb Tip removed: 0 (0s)
Nb errors removed: 16 (0s)
Superbubble
Nb superbubble removed: 4 0 (0s)
Tip
Nb Tip removed: 1 (0s)
Superbubble
Nb superbubble removed: 0 0 (0s)
Tip
Nb Tip removed: 0 (0s)
Nb errors removed: 13 (0s)
Superbubble
Nb superbubble removed: 0 0 (0s)
Tip
Nb Tip removed: 0 (0s)
Nb errors removed: 11 (0s)
Superbubble
Nb superbubble removed: 0 0 (0s)
Tip
Nb Tip removed: 0 (0s)
Nb errors removed: 7 (0s)
Superbubble
Nb superbubble removed: 0 0 (0s)
Tip
Nb Tip removed: 0 (0s)
Nb errors removed: 5 (0s)
Superbubble
Nb superbubble removed: 0 0 (0s)
Tip
Nb Tip removed: 0 (0s)
Nb errors removed: 9 (0s)
Superbubble
Nb superbubble removed: 0 0 (0s)
Tip
Nb Tip removed: 0 (0s)
Nb errors removed: 1 (0s)
Superbubble
Nb superbubble removed: 0 0 (0s)
Tip
Nb Tip removed: 0 (0s)
Nb errors removed: 1 (0s)
Superbubble
Nb superbubble removed: 0 0 (0s)
Tip
Nb Tip removed: 0 (0s)
Nb errors removed: 1 (0s)
Superbubble
Nb superbubble removed: 0 0 (0s)
Tip
Nb Tip removed: 0 (0s)
Nb errors removed: 5 (0s)
Superbubble
Nb superbubble removed: 0 0 (0s)
Tip
Nb Tip removed: 0 (0s)
Nb errors removed: 1 (0s)
Superbubble
Nb superbubble removed: 0 0 (0s)
Tip
Nb Tip removed: 0 (0s)
Checksum: 0
Checksum abundnace: 0
Generating contigs
41.1448
28.1025
23.2252
15.8631
14.421
13.11
11.9182
10.8347
9.84974
8.14028
7.40025
6.11591
5.05447
4.17725
3.13843
2.14359
0


metaMDBG toMinspace  /var/folders/zg/vq0dnx517c54hg87dyqjky740000gn/T/.tmp7o7wQ0/tmp/ /var/folders/zg/vq0dnx517c54hg87dyqjky740000gn/T/.tmp7o7wQ0/tmp//contigs.nodepath /var/folders/zg/vq0dnx517c54hg87dyqjky740000gn/T/.tmp7o7wQ0/tmp//unitig_data.txt --threads 10

Input dir: /var/folders/zg/vq0dnx517c54hg87dyqjky740000gn/T/.tmp7o7wQ0/tmp/
Minimizer length: 15
Kminmer length: 91
Density: 0.005

Loading unitig sequences

Creating mContigs

Contig filename: /var/folders/zg/vq0dnx517c54hg87dyqjky740000gn/T/.tmp7o7wQ0/tmp//unitig_data.txt


metaMDBG toMinspace  /var/folders/zg/vq0dnx517c54hg87dyqjky740000gn/T/.tmp7o7wQ0/tmp/ /var/folders/zg/vq0dnx517c54hg87dyqjky740000gn/T/.tmp7o7wQ0/tmp//assembly_graph.gfa.unitigs.nodepath /var/folders/zg/vq0dnx517c54hg87dyqjky740000gn/T/.tmp7o7wQ0/tmp//assembly_graph.gfa.unitigs --threads 10

Input dir: /var/folders/zg/vq0dnx517c54hg87dyqjky740000gn/T/.tmp7o7wQ0/tmp/
Minimizer length: 15
Kminmer length: 91
Density: 0.005

Loading unitig sequences

Creating mContigs

Contig filename: /var/folders/zg/vq0dnx517c54hg87dyqjky740000gn/T/.tmp7o7wQ0/tmp//assembly_graph.gfa.unitigs
pass done: 91
Multi-k pass: 92/206


metaMDBG graph /var/folders/zg/vq0dnx517c54hg87dyqjky740000gn/T/.tmp7o7wQ0/tmp/ --threads 10 --corrected-read 

Contig filename: 
Output dir: /var/folders/zg/vq0dnx517c54hg87dyqjky740000gn/T/.tmp7o7wQ0/tmp/
Minimizer length: 15
Kminmer length: 92
Density: 0.005
Min abundance: 0

Loading refined abundances
	Duration: 0
Collecting kminmers
Building mdbg
Duration: 0
Nb solid kminmers: 33255
Nb small contigs written: 0
Dump kminmer abundances
	Duration: 0
Indexing edges
Edge index size: 33262
Edge index elements: 60401
	Duration: 0
Compute unitig nodes
	Duration: 0
Index unitig edges
	Duration: 0
Compute unitig edges
	Duration: 0
Dump unitig abundances
	Duration: 0
Nb edges:   0


metaMDBG contig  /var/folders/zg/vq0dnx517c54hg87dyqjky740000gn/T/.tmp7o7wQ0/tmp/ --threads 10

Input dir: /var/folders/zg/vq0dnx517c54hg87dyqjky740000gn/T/.tmp7o7wQ0/tmp/
Minimizer length: 15
Kminmer length: 92
Density: 0.005

Loading unitig graph
Load unitigs
Nb unitigs: 806
Nb minimizers: 106601
Add unitig abundances
Sorting abundances
Add unitig edges
Nb unitig edges: 1608
Sorting unitig edges
Done loading unitig graph
Simplifying
Max abundance: 40
Nb unitigs: 806
Superbubble
Nb superbubble removed: 20 0 (0s)
Tip
Nb Tip removed: 255 (0s)
Superbubble
Nb superbubble removed: 64 0 (0s)
Tip
Nb Tip removed: 0 (0s)
Nb errors removed: 153 (0s)
Superbubble
Nb superbubble removed: 2 0 (0s)
Tip
Nb Tip removed: 0 (0s)
Nb errors removed: 71 (0s)
Superbubble
Nb superbubble removed: 0 0 (0s)
Tip
Nb Tip removed: 0 (0s)
Nb errors removed: 39 (0s)
Superbubble
Nb superbubble removed: 0 0 (0s)
Tip
Nb Tip removed: 0 (0s)
Nb errors removed: 18 (0s)
Superbubble
Nb superbubble removed: 2 0 (0s)
Tip
Nb Tip removed: 0 (0s)
Nb errors removed: 12 (0s)
Superbubble
Nb superbubble removed: 0 0 (0s)
Tip
Nb Tip removed: 0 (0s)
Nb errors removed: 16 (0s)
Superbubble
Nb superbubble removed: 4 0 (0s)
Tip
Nb Tip removed: 1 (0s)
Superbubble
Nb superbubble removed: 0 0 (0s)
Tip
Nb Tip removed: 0 (0s)
Nb errors removed: 13 (0s)
Superbubble
Nb superbubble removed: 0 0 (0s)
Tip
Nb Tip removed: 0 (0s)
Nb errors removed: 11 (0s)
Superbubble
Nb superbubble removed: 0 0 (0s)
Tip
Nb Tip removed: 0 (0s)
Nb errors removed: 7 (0s)
Superbubble
Nb superbubble removed: 0 0 (0s)
Tip
Nb Tip removed: 0 (0s)
Nb errors removed: 5 (0s)
Superbubble
Nb superbubble removed: 0 0 (0s)
Tip
Nb Tip removed: 0 (0s)
Nb errors removed: 9 (0s)
Superbubble
Nb superbubble removed: 0 0 (0s)
Tip
Nb Tip removed: 0 (0s)
Nb errors removed: 1 (0s)
Superbubble
Nb superbubble removed: 0 0 (0s)
Tip
Nb Tip removed: 0 (0s)
Nb errors removed: 1 (0s)
Superbubble
Nb superbubble removed: 0 0 (0s)
Tip
Nb Tip removed: 0 (0s)
Nb errors removed: 1 (0s)
Superbubble
Nb superbubble removed: 0 0 (0s)
Tip
Nb Tip removed: 0 (0s)
Nb errors removed: 5 (0s)
Superbubble
Nb superbubble removed: 0 0 (0s)
Tip
Nb Tip removed: 0 (0s)
Nb errors removed: 1 (0s)
Superbubble
Nb superbubble removed: 0 0 (0s)
Tip
Nb Tip removed: 0 (0s)
Checksum: 0
Checksum abundnace: 0
Generating contigs
41.1448
28.1025
23.2252
15.8631
14.421
13.11
11.9182
10.8347
9.84974
8.14028
7.40025
6.11591
5.05447
4.17725
3.13843
2.14359
0


metaMDBG toMinspace  /var/folders/zg/vq0dnx517c54hg87dyqjky740000gn/T/.tmp7o7wQ0/tmp/ /var/folders/zg/vq0dnx517c54hg87dyqjky740000gn/T/.tmp7o7wQ0/tmp//contigs.nodepath /var/folders/zg/vq0dnx517c54hg87dyqjky740000gn/T/.tmp7o7wQ0/tmp//unitig_data.txt --threads 10

Input dir: /var/folders/zg/vq0dnx517c54hg87dyqjky740000gn/T/.tmp7o7wQ0/tmp/
Minimizer length: 15
Kminmer length: 92
Density: 0.005

Loading unitig sequences

Creating mContigs

Contig filename: /var/folders/zg/vq0dnx517c54hg87dyqjky740000gn/T/.tmp7o7wQ0/tmp//unitig_data.txt
pass done: 92
Multi-k pass: 93/206


metaMDBG graph /var/folders/zg/vq0dnx517c54hg87dyqjky740000gn/T/.tmp7o7wQ0/tmp/ --threads 10 --corrected-read 

Contig filename: 
Output dir: /var/folders/zg/vq0dnx517c54hg87dyqjky740000gn/T/.tmp7o7wQ0/tmp/
Minimizer length: 15
Kminmer length: 93
Density: 0.005
Min abundance: 0

Loading refined abundances
	Duration: 0
Collecting kminmers
Building mdbg
Duration: 0
Nb solid kminmers: 33242
Nb small contigs written: 0
Dump kminmer abundances
	Duration: 0
Indexing edges
Edge index size: 33253
Edge index elements: 60442
	Duration: 0
Compute unitig nodes
	Duration: 0
Index unitig edges
	Duration: 0
Compute unitig edges
	Duration: 0
Dump unitig abundances
	Duration: 0
Nb edges:   0


metaMDBG contig  /var/folders/zg/vq0dnx517c54hg87dyqjky740000gn/T/.tmp7o7wQ0/tmp/ --threads 10

Input dir: /var/folders/zg/vq0dnx517c54hg87dyqjky740000gn/T/.tmp7o7wQ0/tmp/
Minimizer length: 15
Kminmer length: 93
Density: 0.005

Loading unitig graph
Load unitigs
Nb unitigs: 797
Nb minimizers: 106566
Add unitig abundances
Sorting abundances
Add unitig edges
Nb unitig edges: 1576
Sorting unitig edges
Done loading unitig graph
Simplifying
Max abundance: 40
Nb unitigs: 797
Superbubble
Nb superbubble removed: 20 0 (0s)
Tip
Nb Tip removed: 253 (0s)
Superbubble
Nb superbubble removed: 56 0 (0s)
Tip
Nb Tip removed: 0 (0s)
Nb errors removed: 151 (0s)
Superbubble
Nb superbubble removed: 2 0 (0s)
Tip
Nb Tip removed: 0 (0s)
Nb errors removed: 72 (0s)
Superbubble
Nb superbubble removed: 0 0 (0s)
Tip
Nb Tip removed: 0 (0s)
Nb errors removed: 38 (0s)
Superbubble
Nb superbubble removed: 0 0 (0s)
Tip
Nb Tip removed: 0 (0s)
Nb errors removed: 18 (0s)
Superbubble
Nb superbubble removed: 2 0 (0s)
Tip
Nb Tip removed: 0 (0s)
Nb errors removed: 12 (0s)
Superbubble
Nb superbubble removed: 0 0 (0s)
Tip
Nb Tip removed: 0 (0s)
Nb errors removed: 15 (0s)
Superbubble
Nb superbubble removed: 4 0 (0s)
Tip
Nb Tip removed: 0 (0s)
Nb errors removed: 13 (0s)
Superbubble
Nb superbubble removed: 0 0 (0s)
Tip
Nb Tip removed: 0 (0s)
Nb errors removed: 11 (0s)
Superbubble
Nb superbubble removed: 0 0 (0s)
Tip
Nb Tip removed: 0 (0s)
Nb errors removed: 7 (0s)
Superbubble
Nb superbubble removed: 2 0 (0s)
Tip
Nb Tip removed: 0 (0s)
Nb errors removed: 5 (0s)
Superbubble
Nb superbubble removed: 0 0 (0s)
Tip
Nb Tip removed: 0 (0s)
Nb errors removed: 9 (0s)
Superbubble
Nb superbubble removed: 0 0 (0s)
Tip
Nb Tip removed: 0 (0s)
Nb errors removed: 1 (0s)
Superbubble
Nb superbubble removed: 0 0 (0s)
Tip
Nb Tip removed: 0 (0s)
Nb errors removed: 1 (0s)
Superbubble
Nb superbubble removed: 0 0 (0s)
Tip
Nb Tip removed: 0 (0s)
Nb errors removed: 1 (0s)
Superbubble
Nb superbubble removed: 0 0 (0s)
Tip
Nb Tip removed: 0 (0s)
Nb errors removed: 1 (0s)
Superbubble
Nb superbubble removed: 0 0 (0s)
Tip
Nb Tip removed: 0 (0s)
Nb errors removed: 7 (0s)
Superbubble
Nb superbubble removed: 0 0 (0s)
Tip
Nb Tip removed: 0 (0s)
Nb errors removed: 1 (0s)
Superbubble
Nb superbubble removed: 0 0 (0s)
Tip
Nb Tip removed: 0 (0s)
Checksum: 0
Checksum abundnace: 0
Generating contigs
41.1448
28.1025
23.2252
17.4494
15.8631
14.421
13.11
11.9182
10.8347
9.84974
8.14028
7.40025
6.11591
5.05447
4.17725
3.13843
2.14359
0


metaMDBG toMinspace  /var/folders/zg/vq0dnx517c54hg87dyqjky740000gn/T/.tmp7o7wQ0/tmp/ /var/folders/zg/vq0dnx517c54hg87dyqjky740000gn/T/.tmp7o7wQ0/tmp//contigs.nodepath /var/folders/zg/vq0dnx517c54hg87dyqjky740000gn/T/.tmp7o7wQ0/tmp//unitig_data.txt --threads 10

Input dir: /var/folders/zg/vq0dnx517c54hg87dyqjky740000gn/T/.tmp7o7wQ0/tmp/
Minimizer length: 15
Kminmer length: 93
Density: 0.005

Loading unitig sequences

Creating mContigs

Contig filename: /var/folders/zg/vq0dnx517c54hg87dyqjky740000gn/T/.tmp7o7wQ0/tmp//unitig_data.txt
pass done: 93
Multi-k pass: 94/206


metaMDBG graph /var/folders/zg/vq0dnx517c54hg87dyqjky740000gn/T/.tmp7o7wQ0/tmp/ --threads 10 --corrected-read 

Contig filename: 
Output dir: /var/folders/zg/vq0dnx517c54hg87dyqjky740000gn/T/.tmp7o7wQ0/tmp/
Minimizer length: 15
Kminmer length: 94
Density: 0.005
Min abundance: 0

Loading refined abundances
	Duration: 0
Collecting kminmers
Building mdbg
Duration: 0
Nb solid kminmers: 33225
Nb small contigs written: 0
Dump kminmer abundances
	Duration: 0
Indexing edges
Edge index size: 33238
Edge index elements: 60361
	Duration: 0
Compute unitig nodes
	Duration: 0
Index unitig edges
	Duration: 0
Compute unitig edges
	Duration: 0
Dump unitig abundances
	Duration: 0
Nb edges:   0


metaMDBG contig  /var/folders/zg/vq0dnx517c54hg87dyqjky740000gn/T/.tmp7o7wQ0/tmp/ --threads 10

Input dir: /var/folders/zg/vq0dnx517c54hg87dyqjky740000gn/T/.tmp7o7wQ0/tmp/
Minimizer length: 15
Kminmer length: 94
Density: 0.005

Loading unitig graph
Load unitigs
Nb unitigs: 785
Nb minimizers: 106230
Add unitig abundances
Sorting abundances
Add unitig edges
Nb unitig edges: 1548
Sorting unitig edges
Done loading unitig graph
Simplifying
Max abundance: 40
Nb unitigs: 785
Superbubble
Nb superbubble removed: 18 0 (0s)
Tip
Nb Tip removed: 252 (0s)
Superbubble
Nb superbubble removed: 56 0 (0s)
Tip
Nb Tip removed: 0 (0s)
Nb errors removed: 149 (0s)
Superbubble
Nb superbubble removed: 2 0 (0s)
Tip
Nb Tip removed: 0 (0s)
Nb errors removed: 69 (0s)
Superbubble
Nb superbubble removed: 0 0 (0s)
Tip
Nb Tip removed: 0 (0s)
Nb errors removed: 38 (0s)
Superbubble
Nb superbubble removed: 0 0 (0s)
Tip
Nb Tip removed: 0 (0s)
Nb errors removed: 18 (0s)
Superbubble
Nb superbubble removed: 2 0 (0s)
Tip
Nb Tip removed: 0 (0s)
Nb errors removed: 12 (0s)
Superbubble
Nb superbubble removed: 0 0 (0s)
Tip
Nb Tip removed: 0 (0s)
Nb errors removed: 16 (0s)
Superbubble
Nb superbubble removed: 4 0 (0s)
Tip
Nb Tip removed: 0 (0s)
Nb errors removed: 13 (0s)
Superbubble
Nb superbubble removed: 0 0 (0s)
Tip
Nb Tip removed: 0 (0s)
Nb errors removed: 11 (0s)
Superbubble
Nb superbubble removed: 0 0 (0s)
Tip
Nb Tip removed: 0 (0s)
Nb errors removed: 7 (0s)
Superbubble
Nb superbubble removed: 2 0 (0s)
Tip
Nb Tip removed: 0 (0s)
Nb errors removed: 6 (0s)
Superbubble
Nb superbubble removed: 0 0 (0s)
Tip
Nb Tip removed: 1 (0s)
Superbubble
Nb superbubble removed: 0 0 (0s)
Tip
Nb Tip removed: 0 (0s)
Nb errors removed: 9 (0s)
Superbubble
Nb superbubble removed: 0 0 (0s)
Tip
Nb Tip removed: 0 (0s)
Nb errors removed: 1 (0s)
Superbubble
Nb superbubble removed: 0 0 (0s)
Tip
Nb Tip removed: 0 (0s)
Nb errors removed: 1 (0s)
Superbubble
Nb superbubble removed: 0 0 (0s)
Tip
Nb Tip removed: 0 (0s)
Nb errors removed: 1 (0s)
Superbubble
Nb superbubble removed: 0 0 (0s)
Tip
Nb Tip removed: 0 (0s)
Nb errors removed: 1 (0s)
Superbubble
Nb superbubble removed: 0 0 (0s)
Tip
Nb Tip removed: 0 (0s)
Nb errors removed: 6 (0s)
Superbubble
Nb superbubble removed: 0 0 (0s)
Tip
Nb Tip removed: 0 (0s)
Nb errors removed: 1 (0s)
Superbubble
Nb superbubble removed: 0 0 (0s)
Tip
Nb Tip removed: 0 (0s)
Checksum: 0
Checksum abundnace: 0
Generating contigs
41.1448
28.1025
23.2252
17.4494
15.8631
14.421
13.11
11.9182
10.8347
9.84974
8.14028
7.40025
6.11591
5.05447
4.17725
3.13843
2.14359
0


metaMDBG toMinspace  /var/folders/zg/vq0dnx517c54hg87dyqjky740000gn/T/.tmp7o7wQ0/tmp/ /var/folders/zg/vq0dnx517c54hg87dyqjky740000gn/T/.tmp7o7wQ0/tmp//contigs.nodepath /var/folders/zg/vq0dnx517c54hg87dyqjky740000gn/T/.tmp7o7wQ0/tmp//unitig_data.txt --threads 10

Input dir: /var/folders/zg/vq0dnx517c54hg87dyqjky740000gn/T/.tmp7o7wQ0/tmp/
Minimizer length: 15
Kminmer length: 94
Density: 0.005

Loading unitig sequences

Creating mContigs

Contig filename: /var/folders/zg/vq0dnx517c54hg87dyqjky740000gn/T/.tmp7o7wQ0/tmp//unitig_data.txt
pass done: 94
Multi-k pass: 95/206


metaMDBG graph /var/folders/zg/vq0dnx517c54hg87dyqjky740000gn/T/.tmp7o7wQ0/tmp/ --threads 10 --corrected-read 

Contig filename: 
Output dir: /var/folders/zg/vq0dnx517c54hg87dyqjky740000gn/T/.tmp7o7wQ0/tmp/
Minimizer length: 15
Kminmer length: 95
Density: 0.005
Min abundance: 0

Loading refined abundances
	Duration: 0
Collecting kminmers
Building mdbg
Duration: 0
Nb solid kminmers: 33205
Nb small contigs written: 0
Dump kminmer abundances
	Duration: 0
Indexing edges
Edge index size: 33223
Edge index elements: 60484
	Duration: 0
Compute unitig nodes
	Duration: 0
Index unitig edges
	Duration: 0
Compute unitig edges
	Duration: 0
Dump unitig abundances
	Duration: 0
Nb edges:   0


metaMDBG contig  /var/folders/zg/vq0dnx517c54hg87dyqjky740000gn/T/.tmp7o7wQ0/tmp/ --threads 10

Input dir: /var/folders/zg/vq0dnx517c54hg87dyqjky740000gn/T/.tmp7o7wQ0/tmp/
Minimizer length: 15
Kminmer length: 95
Density: 0.005

Loading unitig graph
Load unitigs
Nb unitigs: 776
Nb minimizers: 106149
Add unitig abundances
Sorting abundances
Add unitig edges
Nb unitig edges: 1520
Sorting unitig edges
Done loading unitig graph
Simplifying
Max abundance: 40
Nb unitigs: 776
Superbubble
Nb superbubble removed: 20 0 (0s)
Tip
Nb Tip removed: 250 (0s)
Superbubble
Nb superbubble removed: 50 0 (0s)
Tip
Nb Tip removed: 0 (0s)
Nb errors removed: 147 (0s)
Superbubble
Nb superbubble removed: 2 0 (0s)
Tip
Nb Tip removed: 0 (0s)
Nb errors removed: 69 (0s)
Superbubble
Nb superbubble removed: 0 0 (0s)
Tip
Nb Tip removed: 0 (0s)
Nb errors removed: 38 (0s)
Superbubble
Nb superbubble removed: 0 0 (0s)
Tip
Nb Tip removed: 0 (0s)
Nb errors removed: 18 (0s)
Superbubble
Nb superbubble removed: 2 0 (0s)
Tip
Nb Tip removed: 0 (0s)
Nb errors removed: 12 (0s)
Superbubble
Nb superbubble removed: 0 0 (0s)
Tip
Nb Tip removed: 0 (0s)
Nb errors removed: 17 (0s)
Superbubble
Nb superbubble removed: 4 0 (0s)
Tip
Nb Tip removed: 0 (0s)
Nb errors removed: 13 (0s)
Superbubble
Nb superbubble removed: 0 0 (0s)
Tip
Nb Tip removed: 0 (0s)
Nb errors removed: 11 (0s)
Superbubble
Nb superbubble removed: 0 0 (0s)
Tip
Nb Tip removed: 0 (0s)
Nb errors removed: 10 (0s)
Superbubble
Nb superbubble removed: 2 0 (0s)
Tip
Nb Tip removed: 0 (0s)
Nb errors removed: 6 (0s)
Superbubble
Nb superbubble removed: 0 0 (0s)
Tip
Nb Tip removed: 1 (0s)
Superbubble
Nb superbubble removed: 0 0 (0s)
Tip
Nb Tip removed: 0 (0s)
Nb errors removed: 9 (0s)
Superbubble
Nb superbubble removed: 0 0 (0s)
Tip
Nb Tip removed: 0 (0s)
Nb errors removed: 1 (0s)
Superbubble
Nb superbubble removed: 0 0 (0s)
Tip
Nb Tip removed: 0 (0s)
Nb errors removed: 1 (0s)
Superbubble
Nb superbubble removed: 0 0 (0s)
Tip
Nb Tip removed: 0 (0s)
Nb errors removed: 1 (0s)
Superbubble
Nb superbubble removed: 0 0 (0s)
Tip
Nb Tip removed: 0 (0s)
Nb errors removed: 1 (0s)
Superbubble
Nb superbubble removed: 0 0 (0s)
Tip
Nb Tip removed: 0 (0s)
Nb errors removed: 6 (0s)
Superbubble
Nb superbubble removed: 0 0 (0s)
Tip
Nb Tip removed: 0 (0s)
Nb errors removed: 1 (0s)
Superbubble
Nb superbubble removed: 0 0 (0s)
Tip
Nb Tip removed: 0 (0s)
Checksum: 0
Checksum abundnace: 0
Generating contigs
41.1448
28.1025
23.2252
17.4494
15.8631
14.421
13.11
11.9182
10.8347
9.84974
8.14028
7.40025
6.11591
5.05447
4.17725
3.13843
2.14359
0


metaMDBG toMinspace  /var/folders/zg/vq0dnx517c54hg87dyqjky740000gn/T/.tmp7o7wQ0/tmp/ /var/folders/zg/vq0dnx517c54hg87dyqjky740000gn/T/.tmp7o7wQ0/tmp//contigs.nodepath /var/folders/zg/vq0dnx517c54hg87dyqjky740000gn/T/.tmp7o7wQ0/tmp//unitig_data.txt --threads 10

Input dir: /var/folders/zg/vq0dnx517c54hg87dyqjky740000gn/T/.tmp7o7wQ0/tmp/
Minimizer length: 15
Kminmer length: 95
Density: 0.005

Loading unitig sequences

Creating mContigs

Contig filename: /var/folders/zg/vq0dnx517c54hg87dyqjky740000gn/T/.tmp7o7wQ0/tmp//unitig_data.txt
pass done: 95
Multi-k pass: 96/206


metaMDBG graph /var/folders/zg/vq0dnx517c54hg87dyqjky740000gn/T/.tmp7o7wQ0/tmp/ --threads 10 --corrected-read 

Contig filename: 
Output dir: /var/folders/zg/vq0dnx517c54hg87dyqjky740000gn/T/.tmp7o7wQ0/tmp/
Minimizer length: 15
Kminmer length: 96
Density: 0.005
Min abundance: 0

Loading refined abundances
	Duration: 0
Collecting kminmers
Building mdbg
Duration: 0
Nb solid kminmers: 33177
Nb small contigs written: 0
Dump kminmer abundances
	Duration: 0
Indexing edges
Edge index size: 33201
Edge index elements: 60548
	Duration: 0
Compute unitig nodes
	Duration: 0
Index unitig edges
	Duration: 0
Compute unitig edges
	Duration: 0
Dump unitig abundances
	Duration: 0
Nb edges:   0


metaMDBG contig  /var/folders/zg/vq0dnx517c54hg87dyqjky740000gn/T/.tmp7o7wQ0/tmp/ --threads 10

Input dir: /var/folders/zg/vq0dnx517c54hg87dyqjky740000gn/T/.tmp7o7wQ0/tmp/
Minimizer length: 15
Kminmer length: 96
Density: 0.005

Loading unitig graph
Load unitigs
Nb unitigs: 760
Nb minimizers: 105377
Add unitig abundances
Sorting abundances
Add unitig edges
Nb unitig edges: 1476
Sorting unitig edges
Done loading unitig graph
Simplifying
Max abundance: 40
Nb unitigs: 760
Superbubble
Nb superbubble removed: 18 0 (0s)
Tip
Nb Tip removed: 243 (0s)
Superbubble
Nb superbubble removed: 52 0 (0s)
Tip
Nb Tip removed: 0 (0s)
Nb errors removed: 143 (0s)
Superbubble
Nb superbubble removed: 2 0 (0s)
Tip
Nb Tip removed: 0 (0s)
Nb errors removed: 69 (0s)
Superbubble
Nb superbubble removed: 0 0 (0s)
Tip
Nb Tip removed: 0 (0s)
Nb errors removed: 38 (0s)
Superbubble
Nb superbubble removed: 0 0 (0s)
Tip
Nb Tip removed: 0 (0s)
Nb errors removed: 18 (0s)
Superbubble
Nb superbubble removed: 2 0 (0s)
Tip
Nb Tip removed: 0 (0s)
Nb errors removed: 12 (0s)
Superbubble
Nb superbubble removed: 0 0 (0s)
Tip
Nb Tip removed: 0 (0s)
Nb errors removed: 16 (0s)
Superbubble
Nb superbubble removed: 4 0 (0s)
Tip
Nb Tip removed: 0 (0s)
Nb errors removed: 14 (0s)
Superbubble
Nb superbubble removed: 0 0 (0s)
Tip
Nb Tip removed: 0 (0s)
Nb errors removed: 10 (0s)
Superbubble
Nb superbubble removed: 0 0 (0s)
Tip
Nb Tip removed: 0 (0s)
Nb errors removed: 9 (0s)
Superbubble
Nb superbubble removed: 2 0 (0s)
Tip
Nb Tip removed: 0 (0s)
Nb errors removed: 6 (0s)
Superbubble
Nb superbubble removed: 0 0 (0s)
Tip
Nb Tip removed: 1 (0s)
Superbubble
Nb superbubble removed: 0 0 (0s)
Tip
Nb Tip removed: 0 (0s)
Nb errors removed: 9 (0s)
Superbubble
Nb superbubble removed: 0 0 (0s)
Tip
Nb Tip removed: 0 (0s)
Nb errors removed: 1 (0s)
Superbubble
Nb superbubble removed: 0 0 (0s)
Tip
Nb Tip removed: 0 (0s)
Nb errors removed: 1 (0s)
Superbubble
Nb superbubble removed: 0 0 (0s)
Tip
Nb Tip removed: 0 (0s)
Nb errors removed: 1 (0s)
Superbubble
Nb superbubble removed: 0 0 (0s)
Tip
Nb Tip removed: 0 (0s)
Nb errors removed: 1 (0s)
Superbubble
Nb superbubble removed: 0 0 (0s)
Tip
Nb Tip removed: 0 (0s)
Nb errors removed: 6 (0s)
Superbubble
Nb superbubble removed: 0 0 (0s)
Tip
Nb Tip removed: 0 (0s)
Nb errors removed: 1 (0s)
Superbubble
Nb superbubble removed: 0 0 (0s)
Tip
Nb Tip removed: 0 (0s)
Checksum: 0
Checksum abundnace: 0
Generating contigs
41.1448
28.1025
23.2252
17.4494
15.8631
14.421
13.11
11.9182
10.8347
9.84974
8.14028
7.40025
6.11591
5.05447
4.17725
3.13843
2.14359
0


metaMDBG toMinspace  /var/folders/zg/vq0dnx517c54hg87dyqjky740000gn/T/.tmp7o7wQ0/tmp/ /var/folders/zg/vq0dnx517c54hg87dyqjky740000gn/T/.tmp7o7wQ0/tmp//contigs.nodepath /var/folders/zg/vq0dnx517c54hg87dyqjky740000gn/T/.tmp7o7wQ0/tmp//unitig_data.txt --threads 10

Input dir: /var/folders/zg/vq0dnx517c54hg87dyqjky740000gn/T/.tmp7o7wQ0/tmp/
Minimizer length: 15
Kminmer length: 96
Density: 0.005

Loading unitig sequences

Creating mContigs

Contig filename: /var/folders/zg/vq0dnx517c54hg87dyqjky740000gn/T/.tmp7o7wQ0/tmp//unitig_data.txt
pass done: 96
Multi-k pass: 97/206


metaMDBG graph /var/folders/zg/vq0dnx517c54hg87dyqjky740000gn/T/.tmp7o7wQ0/tmp/ --threads 10 --corrected-read 

Contig filename: 
Output dir: /var/folders/zg/vq0dnx517c54hg87dyqjky740000gn/T/.tmp7o7wQ0/tmp/
Minimizer length: 15
Kminmer length: 97
Density: 0.005
Min abundance: 0

Loading refined abundances
	Duration: 0
Collecting kminmers
Building mdbg
Duration: 0
Nb solid kminmers: 33145
Nb small contigs written: 0
Dump kminmer abundances
	Duration: 0
Indexing edges
Edge index size: 33175
Edge index elements: 60619
	Duration: 0
Compute unitig nodes
	Duration: 0
Index unitig edges
	Duration: 0
Compute unitig edges
	Duration: 0
Dump unitig abundances
	Duration: 0
Nb edges:   0


metaMDBG contig  /var/folders/zg/vq0dnx517c54hg87dyqjky740000gn/T/.tmp7o7wQ0/tmp/ --threads 10

Input dir: /var/folders/zg/vq0dnx517c54hg87dyqjky740000gn/T/.tmp7o7wQ0/tmp/
Minimizer length: 15
Kminmer length: 97
Density: 0.005

Loading unitig graph
Load unitigs
Nb unitigs: 749
Nb minimizers: 105049
Add unitig abundances
Sorting abundances
Add unitig edges
Nb unitig edges: 1444
Sorting unitig edges
Done loading unitig graph
Simplifying
Max abundance: 40
Nb unitigs: 749
Superbubble
Nb superbubble removed: 18 0 (0s)
Tip
Nb Tip removed: 239 (0s)
Superbubble
Nb superbubble removed: 48 0 (0s)
Tip
Nb Tip removed: 0 (0s)
Nb errors removed: 142 (0s)
Superbubble
Nb superbubble removed: 2 0 (0s)
Tip
Nb Tip removed: 0 (0s)
Nb errors removed: 70 (0s)
Superbubble
Nb superbubble removed: 0 0 (0s)
Tip
Nb Tip removed: 0 (0s)
Nb errors removed: 38 (0s)
Superbubble
Nb superbubble removed: 0 0 (0s)
Tip
Nb Tip removed: 0 (0s)
Nb errors removed: 18 (0s)
Superbubble
Nb superbubble removed: 2 0 (0s)
Tip
Nb Tip removed: 0 (0s)
Nb errors removed: 12 (0s)
Superbubble
Nb superbubble removed: 0 0 (0s)
Tip
Nb Tip removed: 0 (0s)
Nb errors removed: 16 (0s)
Superbubble
Nb superbubble removed: 4 0 (0s)
Tip
Nb Tip removed: 0 (0s)
Nb errors removed: 14 (0s)
Superbubble
Nb superbubble removed: 0 0 (0s)
Tip
Nb Tip removed: 0 (0s)
Nb errors removed: 11 (0s)
Superbubble
Nb superbubble removed: 0 0 (0s)
Tip
Nb Tip removed: 0 (0s)
Nb errors removed: 9 (0s)
Superbubble
Nb superbubble removed: 2 0 (0s)
Tip
Nb Tip removed: 0 (0s)
Nb errors removed: 6 (0s)
Superbubble
Nb superbubble removed: 0 0 (0s)
Tip
Nb Tip removed: 1 (0s)
Superbubble
Nb superbubble removed: 0 0 (0s)
Tip
Nb Tip removed: 0 (0s)
Nb errors removed: 9 (0s)
Superbubble
Nb superbubble removed: 0 0 (0s)
Tip
Nb Tip removed: 0 (0s)
Nb errors removed: 1 (0s)
Superbubble
Nb superbubble removed: 0 0 (0s)
Tip
Nb Tip removed: 0 (0s)
Nb errors removed: 1 (0s)
Superbubble
Nb superbubble removed: 0 0 (0s)
Tip
Nb Tip removed: 0 (0s)
Nb errors removed: 1 (0s)
Superbubble
Nb superbubble removed: 0 0 (0s)
Tip
Nb Tip removed: 0 (0s)
Nb errors removed: 1 (0s)
Superbubble
Nb superbubble removed: 0 0 (0s)
Tip
Nb Tip removed: 0 (0s)
Nb errors removed: 6 (0s)
Superbubble
Nb superbubble removed: 0 0 (0s)
Tip
Nb Tip removed: 0 (0s)
Nb errors removed: 1 (0s)
Superbubble
Nb superbubble removed: 0 0 (0s)
Tip
Nb Tip removed: 0 (0s)
Checksum: 0
Checksum abundnace: 0
Generating contigs
41.1448
28.1025
23.2252
17.4494
15.8631
14.421
13.11
11.9182
10.8347
9.84974
8.14028
7.40025
6.11591
5.05447
4.17725
3.13843
2.14359
0


metaMDBG toMinspace  /var/folders/zg/vq0dnx517c54hg87dyqjky740000gn/T/.tmp7o7wQ0/tmp/ /var/folders/zg/vq0dnx517c54hg87dyqjky740000gn/T/.tmp7o7wQ0/tmp//contigs.nodepath /var/folders/zg/vq0dnx517c54hg87dyqjky740000gn/T/.tmp7o7wQ0/tmp//unitig_data.txt --threads 10

Input dir: /var/folders/zg/vq0dnx517c54hg87dyqjky740000gn/T/.tmp7o7wQ0/tmp/
Minimizer length: 15
Kminmer length: 97
Density: 0.005

Loading unitig sequences

Creating mContigs

Contig filename: /var/folders/zg/vq0dnx517c54hg87dyqjky740000gn/T/.tmp7o7wQ0/tmp//unitig_data.txt
pass done: 97
Multi-k pass: 98/206


metaMDBG graph /var/folders/zg/vq0dnx517c54hg87dyqjky740000gn/T/.tmp7o7wQ0/tmp/ --threads 10 --corrected-read 

Contig filename: 
Output dir: /var/folders/zg/vq0dnx517c54hg87dyqjky740000gn/T/.tmp7o7wQ0/tmp/
Minimizer length: 15
Kminmer length: 98
Density: 0.005
Min abundance: 0

Loading refined abundances
	Duration: 0
Collecting kminmers
Building mdbg
Duration: 0
Nb solid kminmers: 33111
Nb small contigs written: 0
Dump kminmer abundances
	Duration: 0
Indexing edges
Edge index size: 33140
Edge index elements: 60779
	Duration: 0
Compute unitig nodes
	Duration: 0
Index unitig edges
	Duration: 0
Compute unitig edges
	Duration: 0
Dump unitig abundances
	Duration: 0
Nb edges:   0


metaMDBG contig  /var/folders/zg/vq0dnx517c54hg87dyqjky740000gn/T/.tmp7o7wQ0/tmp/ --threads 10

Input dir: /var/folders/zg/vq0dnx517c54hg87dyqjky740000gn/T/.tmp7o7wQ0/tmp/
Minimizer length: 15
Kminmer length: 98
Density: 0.005

Loading unitig graph
Load unitigs
Nb unitigs: 746
Nb minimizers: 105473
Add unitig abundances
Sorting abundances
Add unitig edges
Nb unitig edges: 1436
Sorting unitig edges
Done loading unitig graph
Simplifying
Max abundance: 40
Nb unitigs: 746
Superbubble
Nb superbubble removed: 16 0 (0s)
Tip
Nb Tip removed: 239 (0s)
Superbubble
Nb superbubble removed: 48 0 (0s)
Tip
Nb Tip removed: 0 (0s)
Nb errors removed: 139 (0s)
Superbubble
Nb superbubble removed: 2 0 (0s)
Tip
Nb Tip removed: 0 (0s)
Nb errors removed: 72 (0s)
Superbubble
Nb superbubble removed: 0 0 (0s)
Tip
Nb Tip removed: 0 (0s)
Nb errors removed: 38 (0s)
Superbubble
Nb superbubble removed: 0 0 (0s)
Tip
Nb Tip removed: 0 (0s)
Nb errors removed: 18 (0s)
Superbubble
Nb superbubble removed: 2 0 (0s)
Tip
Nb Tip removed: 0 (0s)
Nb errors removed: 12 (0s)
Superbubble
Nb superbubble removed: 0 0 (0s)
Tip
Nb Tip removed: 0 (0s)
Nb errors removed: 16 (0s)
Superbubble
Nb superbubble removed: 4 0 (0s)
Tip
Nb Tip removed: 0 (0s)
Nb errors removed: 14 (0s)
Superbubble
Nb superbubble removed: 0 0 (0s)
Tip
Nb Tip removed: 0 (0s)
Nb errors removed: 11 (0s)
Superbubble
Nb superbubble removed: 0 0 (0s)
Tip
Nb Tip removed: 0 (0s)
Nb errors removed: 9 (0s)
Superbubble
Nb superbubble removed: 2 0 (0s)
Tip
Nb Tip removed: 0 (0s)
Nb errors removed: 6 (0s)
Superbubble
Nb superbubble removed: 0 0 (0s)
Tip
Nb Tip removed: 1 (0s)
Superbubble
Nb superbubble removed: 0 0 (0s)
Tip
Nb Tip removed: 0 (0s)
Nb errors removed: 9 (0s)
Superbubble
Nb superbubble removed: 0 0 (0s)
Tip
Nb Tip removed: 0 (0s)
Nb errors removed: 1 (0s)
Superbubble
Nb superbubble removed: 0 0 (0s)
Tip
Nb Tip removed: 0 (0s)
Nb errors removed: 1 (0s)
Superbubble
Nb superbubble removed: 0 0 (0s)
Tip
Nb Tip removed: 0 (0s)
Nb errors removed: 1 (0s)
Superbubble
Nb superbubble removed: 0 0 (0s)
Tip
Nb Tip removed: 0 (0s)
Nb errors removed: 1 (0s)
Superbubble
Nb superbubble removed: 0 0 (0s)
Tip
Nb Tip removed: 0 (0s)
Nb errors removed: 6 (0s)
Superbubble
Nb superbubble removed: 0 0 (0s)
Tip
Nb Tip removed: 0 (0s)
Nb errors removed: 1 (0s)
Superbubble
Nb superbubble removed: 0 0 (0s)
Tip
Nb Tip removed: 0 (0s)
Checksum: 0
Checksum abundnace: 0
Generating contigs
41.1448
28.1025
23.2252
17.4494
15.8631
14.421
13.11
11.9182
10.8347
9.84974
8.14028
7.40025
6.11591
5.05447
4.17725
3.13843
2.14359
0


metaMDBG toMinspace  /var/folders/zg/vq0dnx517c54hg87dyqjky740000gn/T/.tmp7o7wQ0/tmp/ /var/folders/zg/vq0dnx517c54hg87dyqjky740000gn/T/.tmp7o7wQ0/tmp//contigs.nodepath /var/folders/zg/vq0dnx517c54hg87dyqjky740000gn/T/.tmp7o7wQ0/tmp//unitig_data.txt --threads 10

Input dir: /var/folders/zg/vq0dnx517c54hg87dyqjky740000gn/T/.tmp7o7wQ0/tmp/
Minimizer length: 15
Kminmer length: 98
Density: 0.005

Loading unitig sequences

Creating mContigs

Contig filename: /var/folders/zg/vq0dnx517c54hg87dyqjky740000gn/T/.tmp7o7wQ0/tmp//unitig_data.txt
pass done: 98
Multi-k pass: 99/206


metaMDBG graph /var/folders/zg/vq0dnx517c54hg87dyqjky740000gn/T/.tmp7o7wQ0/tmp/ --threads 10 --corrected-read 

Contig filename: 
Output dir: /var/folders/zg/vq0dnx517c54hg87dyqjky740000gn/T/.tmp7o7wQ0/tmp/
Minimizer length: 15
Kminmer length: 99
Density: 0.005
Min abundance: 0

Loading refined abundances
	Duration: 0
Collecting kminmers
Building mdbg
Duration: 0
Nb solid kminmers: 33078
Nb small contigs written: 0
Dump kminmer abundances
	Duration: 0
Indexing edges
Edge index size: 33106
Edge index elements: 60770
	Duration: 0
Compute unitig nodes
	Duration: 0
Index unitig edges
	Duration: 0
Compute unitig edges
	Duration: 0
Dump unitig abundances
	Duration: 0
Nb edges:   0


metaMDBG contig  /var/folders/zg/vq0dnx517c54hg87dyqjky740000gn/T/.tmp7o7wQ0/tmp/ --threads 10

Input dir: /var/folders/zg/vq0dnx517c54hg87dyqjky740000gn/T/.tmp7o7wQ0/tmp/
Minimizer length: 15
Kminmer length: 99
Density: 0.005

Loading unitig graph
Load unitigs
Nb unitigs: 735
Nb minimizers: 105108
Add unitig abundances
Sorting abundances
Add unitig edges
Nb unitig edges: 1416
Sorting unitig edges
Done loading unitig graph
Simplifying
Max abundance: 40
Nb unitigs: 735
Superbubble
Nb superbubble removed: 16 0 (0s)
Tip
Nb Tip removed: 235 (0s)
Superbubble
Nb superbubble removed: 46 0 (0s)
Tip
Nb Tip removed: 0 (0s)
Nb errors removed: 136 (0s)
Superbubble
Nb superbubble removed: 2 0 (0s)
Tip
Nb Tip removed: 0 (0s)
Nb errors removed: 69 (0s)
Superbubble
Nb superbubble removed: 0 0 (0s)
Tip
Nb Tip removed: 0 (0s)
Nb errors removed: 38 (0s)
Superbubble
Nb superbubble removed: 0 0 (0s)
Tip
Nb Tip removed: 0 (0s)
Nb errors removed: 19 (0s)
Superbubble
Nb superbubble removed: 0 0 (0s)
Tip
Nb Tip removed: 0 (0s)
Nb errors removed: 12 (0s)
Superbubble
Nb superbubble removed: 0 0 (0s)
Tip
Nb Tip removed: 0 (0s)
Nb errors removed: 16 (0s)
Superbubble
Nb superbubble removed: 4 0 (0s)
Tip
Nb Tip removed: 0 (0s)
Nb errors removed: 14 (0s)
Superbubble
Nb superbubble removed: 0 0 (0s)
Tip
Nb Tip removed: 0 (0s)
Nb errors removed: 11 (0s)
Superbubble
Nb superbubble removed: 0 0 (0s)
Tip
Nb Tip removed: 0 (0s)
Nb errors removed: 12 (0s)
Superbubble
Nb superbubble removed: 4 0 (0s)
Tip
Nb Tip removed: 0 (0s)
Nb errors removed: 6 (0s)
Superbubble
Nb superbubble removed: 0 0 (0s)
Tip
Nb Tip removed: 1 (0s)
Superbubble
Nb superbubble removed: 0 0 (0s)
Tip
Nb Tip removed: 0 (0s)
Nb errors removed: 9 (0s)
Superbubble
Nb superbubble removed: 0 0 (0s)
Tip
Nb Tip removed: 0 (0s)
Nb errors removed: 1 (0s)
Superbubble
Nb superbubble removed: 0 0 (0s)
Tip
Nb Tip removed: 0 (0s)
Nb errors removed: 1 (0s)
Superbubble
Nb superbubble removed: 0 0 (0s)
Tip
Nb Tip removed: 0 (0s)
Nb errors removed: 1 (0s)
Superbubble
Nb superbubble removed: 0 0 (0s)
Tip
Nb Tip removed: 0 (0s)
Nb errors removed: 1 (0s)
Superbubble
Nb superbubble removed: 0 0 (0s)
Tip
Nb Tip removed: 0 (0s)
Nb errors removed: 6 (0s)
Superbubble
Nb superbubble removed: 0 0 (0s)
Tip
Nb Tip removed: 0 (0s)
Nb errors removed: 1 (0s)
Superbubble
Nb superbubble removed: 0 0 (0s)
Tip
Nb Tip removed: 0 (0s)
Checksum: 0
Checksum abundnace: 0
Generating contigs
41.1448
28.1025
23.2252
17.4494
15.8631
14.421
13.11
11.9182
10.8347
9.84974
8.14028
7.40025
6.11591
5.05447
4.17725
3.13843
2.14359
0


metaMDBG toMinspace  /var/folders/zg/vq0dnx517c54hg87dyqjky740000gn/T/.tmp7o7wQ0/tmp/ /var/folders/zg/vq0dnx517c54hg87dyqjky740000gn/T/.tmp7o7wQ0/tmp//contigs.nodepath /var/folders/zg/vq0dnx517c54hg87dyqjky740000gn/T/.tmp7o7wQ0/tmp//unitig_data.txt --threads 10

Input dir: /var/folders/zg/vq0dnx517c54hg87dyqjky740000gn/T/.tmp7o7wQ0/tmp/
Minimizer length: 15
Kminmer length: 99
Density: 0.005

Loading unitig sequences

Creating mContigs

Contig filename: /var/folders/zg/vq0dnx517c54hg87dyqjky740000gn/T/.tmp7o7wQ0/tmp//unitig_data.txt
pass done: 99
Multi-k pass: 100/206


metaMDBG graph /var/folders/zg/vq0dnx517c54hg87dyqjky740000gn/T/.tmp7o7wQ0/tmp/ --threads 10 --corrected-read 

Contig filename: 
Output dir: /var/folders/zg/vq0dnx517c54hg87dyqjky740000gn/T/.tmp7o7wQ0/tmp/
Minimizer length: 15
Kminmer length: 100
Density: 0.005
Min abundance: 0

Loading refined abundances
	Duration: 0
Collecting kminmers
Building mdbg
Duration: 0
Nb solid kminmers: 33046
Nb small contigs written: 0
Dump kminmer abundances
	Duration: 0
Indexing edges
Edge index size: 33076
Edge index elements: 60679
	Duration: 0
Compute unitig nodes
	Duration: 0
Index unitig edges
	Duration: 0
Compute unitig edges
	Duration: 0
Dump unitig abundances
	Duration: 0
Nb edges:   0


metaMDBG contig  /var/folders/zg/vq0dnx517c54hg87dyqjky740000gn/T/.tmp7o7wQ0/tmp/ --threads 10

Input dir: /var/folders/zg/vq0dnx517c54hg87dyqjky740000gn/T/.tmp7o7wQ0/tmp/
Minimizer length: 15
Kminmer length: 100
Density: 0.005

Loading unitig graph
Load unitigs
Nb unitigs: 730
Nb minimizers: 105316
Add unitig abundances
Sorting abundances
Add unitig edges
Nb unitig edges: 1404
Sorting unitig edges
Done loading unitig graph
Simplifying
Max abundance: 40
Nb unitigs: 730
Superbubble
Nb superbubble removed: 12 0 (0s)
Tip
Nb Tip removed: 238 (0s)
Superbubble
Nb superbubble removed: 44 0 (0s)
Tip
Nb Tip removed: 0 (0s)
Nb errors removed: 137 (0s)
Superbubble
Nb superbubble removed: 4 0 (0s)
Tip
Nb Tip removed: 0 (0s)
Nb errors removed: 69 (0s)
Superbubble
Nb superbubble removed: 0 0 (0s)
Tip
Nb Tip removed: 0 (0s)
Nb errors removed: 38 (0s)
Superbubble
Nb superbubble removed: 0 0 (0s)
Tip
Nb Tip removed: 0 (0s)
Nb errors removed: 20 (0s)
Superbubble
Nb superbubble removed: 0 0 (0s)
Tip
Nb Tip removed: 0 (0s)
Nb errors removed: 14 (0s)
Superbubble
Nb superbubble removed: 0 0 (0s)
Tip
Nb Tip removed: 0 (0s)
Nb errors removed: 16 (0s)
Superbubble
Nb superbubble removed: 4 0 (0s)
Tip
Nb Tip removed: 0 (0s)
Nb errors removed: 14 (0s)
Superbubble
Nb superbubble removed: 0 0 (0s)
Tip
Nb Tip removed: 0 (0s)
Nb errors removed: 11 (0s)
Superbubble
Nb superbubble removed: 0 0 (0s)
Tip
Nb Tip removed: 0 (0s)
Nb errors removed: 12 (0s)
Superbubble
Nb superbubble removed: 4 0 (0s)
Tip
Nb Tip removed: 0 (0s)
Nb errors removed: 6 (0s)
Superbubble
Nb superbubble removed: 0 0 (0s)
Tip
Nb Tip removed: 1 (0s)
Superbubble
Nb superbubble removed: 0 0 (0s)
Tip
Nb Tip removed: 0 (0s)
Nb errors removed: 9 (0s)
Superbubble
Nb superbubble removed: 0 0 (0s)
Tip
Nb Tip removed: 0 (0s)
Nb errors removed: 1 (0s)
Superbubble
Nb superbubble removed: 0 0 (0s)
Tip
Nb Tip removed: 0 (0s)
Nb errors removed: 1 (0s)
Superbubble
Nb superbubble removed: 0 0 (0s)
Tip
Nb Tip removed: 0 (0s)
Nb errors removed: 1 (0s)
Superbubble
Nb superbubble removed: 0 0 (0s)
Tip
Nb Tip removed: 0 (0s)
Nb errors removed: 1 (0s)
Superbubble
Nb superbubble removed: 0 0 (0s)
Tip
Nb Tip removed: 0 (0s)
Nb errors removed: 6 (0s)
Superbubble
Nb superbubble removed: 0 0 (0s)
Tip
Nb Tip removed: 0 (0s)
Nb errors removed: 1 (0s)
Superbubble
Nb superbubble removed: 0 0 (0s)
Tip
Nb Tip removed: 0 (0s)
Checksum: 0
Checksum abundnace: 0
Generating contigs
41.1448
28.1025
23.2252
17.4494
15.8631
14.421
13.11
11.9182
10.8347
9.84974
8.14028
7.40025
6.11591
5.05447
4.17725
3.13843
2.14359
0


metaMDBG toMinspace  /var/folders/zg/vq0dnx517c54hg87dyqjky740000gn/T/.tmp7o7wQ0/tmp/ /var/folders/zg/vq0dnx517c54hg87dyqjky740000gn/T/.tmp7o7wQ0/tmp//contigs.nodepath /var/folders/zg/vq0dnx517c54hg87dyqjky740000gn/T/.tmp7o7wQ0/tmp//unitig_data.txt --threads 10

Input dir: /var/folders/zg/vq0dnx517c54hg87dyqjky740000gn/T/.tmp7o7wQ0/tmp/
Minimizer length: 15
Kminmer length: 100
Density: 0.005

Loading unitig sequences

Creating mContigs

Contig filename: /var/folders/zg/vq0dnx517c54hg87dyqjky740000gn/T/.tmp7o7wQ0/tmp//unitig_data.txt
pass done: 100
Multi-k pass: 101/206


metaMDBG graph /var/folders/zg/vq0dnx517c54hg87dyqjky740000gn/T/.tmp7o7wQ0/tmp/ --threads 10 --corrected-read 

Contig filename: 
Output dir: /var/folders/zg/vq0dnx517c54hg87dyqjky740000gn/T/.tmp7o7wQ0/tmp/
Minimizer length: 15
Kminmer length: 101
Density: 0.005
Min abundance: 0

Loading refined abundances
	Duration: 0
Collecting kminmers
Building mdbg
Duration: 0
Nb solid kminmers: 33011
Nb small contigs written: 0
Dump kminmer abundances
	Duration: 0
Indexing edges
Edge index size: 33044
Edge index elements: 60853
	Duration: 0
Compute unitig nodes
	Duration: 0
Index unitig edges
	Duration: 0
Compute unitig edges
	Duration: 0
Dump unitig abundances
	Duration: 0
Nb edges:   0


metaMDBG contig  /var/folders/zg/vq0dnx517c54hg87dyqjky740000gn/T/.tmp7o7wQ0/tmp/ --threads 10 --gen-graph 

Input dir: /var/folders/zg/vq0dnx517c54hg87dyqjky740000gn/T/.tmp7o7wQ0/tmp/
Minimizer length: 15
Kminmer length: 101
Density: 0.005

Loading unitig graph
Load unitigs
Nb unitigs: 724
Nb minimizers: 105411
Add unitig abundances
Sorting abundances
Add unitig edges
Nb unitig edges: 1384
Sorting unitig edges
Done loading unitig graph
Simplifying
Max abundance: 40
Nb unitigs: 724
Superbubble
Nb superbubble removed: 12 0 (0s)
Tip
Nb Tip removed: 233 (0s)
Superbubble
Nb superbubble removed: 43 0 (0s)
Tip
Nb Tip removed: 0 (0s)
Saving unitig graph: /var/folders/zg/vq0dnx517c54hg87dyqjky740000gn/T/.tmp7o7wQ0/tmp//assembly_graph.gfa
Nb errors removed: 137 (0s)
Superbubble
Nb superbubble removed: 4 0 (0s)
Tip
Nb Tip removed: 0 (0s)
Nb errors removed: 66 (0s)
Superbubble
Nb superbubble removed: 0 0 (0s)
Tip
Nb Tip removed: 0 (0s)
Nb errors removed: 40 (0s)
Superbubble
Nb superbubble removed: 0 0 (0s)
Tip
Nb Tip removed: 0 (0s)
Nb errors removed: 19 (0s)
Superbubble
Nb superbubble removed: 0 0 (0s)
Tip
Nb Tip removed: 0 (0s)
Nb errors removed: 13 (0s)
Superbubble
Nb superbubble removed: 0 0 (0s)
Tip
Nb Tip removed: 0 (0s)
Nb errors removed: 15 (0s)
Superbubble
Nb superbubble removed: 4 0 (0s)
Tip
Nb Tip removed: 0 (0s)
Nb errors removed: 14 (0s)
Superbubble
Nb superbubble removed: 0 0 (0s)
Tip
Nb Tip removed: 0 (0s)
Nb errors removed: 11 (0s)
Superbubble
Nb superbubble removed: 0 0 (0s)
Tip
Nb Tip removed: 0 (0s)
Nb errors removed: 12 (0s)
Superbubble
Nb superbubble removed: 4 0 (0s)
Tip
Nb Tip removed: 0 (0s)
Nb errors removed: 6 (0s)
Superbubble
Nb superbubble removed: 0 0 (0s)
Tip
Nb Tip removed: 1 (0s)
Superbubble
Nb superbubble removed: 0 0 (0s)
Tip
Nb Tip removed: 0 (0s)
Nb errors removed: 9 (0s)
Superbubble
Nb superbubble removed: 0 0 (0s)
Tip
Nb Tip removed: 0 (0s)
Nb errors removed: 2 (0s)
Superbubble
Nb superbubble removed: 0 0 (0s)
Tip
Nb Tip removed: 0 (0s)
Nb errors removed: 1 (0s)
Superbubble
Nb superbubble removed: 0 0 (0s)
Tip
Nb Tip removed: 0 (0s)
Nb errors removed: 1 (0s)
Superbubble
Nb superbubble removed: 0 0 (0s)
Tip
Nb Tip removed: 0 (0s)
Nb errors removed: 1 (0s)
Superbubble
Nb superbubble removed: 0 0 (0s)
Tip
Nb Tip removed: 0 (0s)
Nb errors removed: 6 (0s)
Superbubble
Nb superbubble removed: 0 0 (0s)
Tip
Nb Tip removed: 0 (0s)
Nb errors removed: 1 (0s)
Superbubble
Nb superbubble removed: 0 0 (0s)
Tip
Nb Tip removed: 0 (0s)
Checksum: 0
Checksum abundnace: 0
Generating contigs
41.1448
28.1025
23.2252
17.4494
15.8631
14.421
13.11
11.9182
10.8347
9.84974
8.14028
7.40025
6.11591
5.05447
4.17725
3.13843
2.14359
0


metaMDBG toMinspace  /var/folders/zg/vq0dnx517c54hg87dyqjky740000gn/T/.tmp7o7wQ0/tmp/ /var/folders/zg/vq0dnx517c54hg87dyqjky740000gn/T/.tmp7o7wQ0/tmp//contigs.nodepath /var/folders/zg/vq0dnx517c54hg87dyqjky740000gn/T/.tmp7o7wQ0/tmp//unitig_data.txt --threads 10

Input dir: /var/folders/zg/vq0dnx517c54hg87dyqjky740000gn/T/.tmp7o7wQ0/tmp/
Minimizer length: 15
Kminmer length: 101
Density: 0.005

Loading unitig sequences

Creating mContigs

Contig filename: /var/folders/zg/vq0dnx517c54hg87dyqjky740000gn/T/.tmp7o7wQ0/tmp//unitig_data.txt


metaMDBG toMinspace  /var/folders/zg/vq0dnx517c54hg87dyqjky740000gn/T/.tmp7o7wQ0/tmp/ /var/folders/zg/vq0dnx517c54hg87dyqjky740000gn/T/.tmp7o7wQ0/tmp//assembly_graph.gfa.unitigs.nodepath /var/folders/zg/vq0dnx517c54hg87dyqjky740000gn/T/.tmp7o7wQ0/tmp//assembly_graph.gfa.unitigs --threads 10

Input dir: /var/folders/zg/vq0dnx517c54hg87dyqjky740000gn/T/.tmp7o7wQ0/tmp/
Minimizer length: 15
Kminmer length: 101
Density: 0.005

Loading unitig sequences

Creating mContigs

Contig filename: /var/folders/zg/vq0dnx517c54hg87dyqjky740000gn/T/.tmp7o7wQ0/tmp//assembly_graph.gfa.unitigs
pass done: 101
Multi-k pass: 102/206


metaMDBG graph /var/folders/zg/vq0dnx517c54hg87dyqjky740000gn/T/.tmp7o7wQ0/tmp/ --threads 10 --corrected-read 

Contig filename: 
Output dir: /var/folders/zg/vq0dnx517c54hg87dyqjky740000gn/T/.tmp7o7wQ0/tmp/
Minimizer length: 15
Kminmer length: 102
Density: 0.005
Min abundance: 0

Loading refined abundances
	Duration: 0
Collecting kminmers
Building mdbg
Duration: 0
Nb solid kminmers: 32972
Nb small contigs written: 0
Dump kminmer abundances
	Duration: 0
Indexing edges
Edge index size: 33011
Edge index elements: 60983
	Duration: 0
Compute unitig nodes
	Duration: 0
Index unitig edges
	Duration: 0
Compute unitig edges
	Duration: 0
Dump unitig abundances
	Duration: 0
Nb edges:   0


metaMDBG contig  /var/folders/zg/vq0dnx517c54hg87dyqjky740000gn/T/.tmp7o7wQ0/tmp/ --threads 10

Input dir: /var/folders/zg/vq0dnx517c54hg87dyqjky740000gn/T/.tmp7o7wQ0/tmp/
Minimizer length: 15
Kminmer length: 102
Density: 0.005

Loading unitig graph
Load unitigs
Nb unitigs: 718
Nb minimizers: 105490
Add unitig abundances
Sorting abundances
Add unitig edges
Nb unitig edges: 1360
Sorting unitig edges
Done loading unitig graph
Simplifying
Max abundance: 40
Nb unitigs: 718
Superbubble
Nb superbubble removed: 14 0 (0s)
Tip
Nb Tip removed: 227 (0s)
Superbubble
Nb superbubble removed: 40 0 (0s)
Tip
Nb Tip removed: 0 (0s)
Nb errors removed: 137 (0s)
Superbubble
Nb superbubble removed: 4 0 (0s)
Tip
Nb Tip removed: 0 (0s)
Nb errors removed: 66 (0s)
Superbubble
Nb superbubble removed: 0 0 (0s)
Tip
Nb Tip removed: 0 (0s)
Nb errors removed: 40 (0s)
Superbubble
Nb superbubble removed: 0 0 (0s)
Tip
Nb Tip removed: 0 (0s)
Nb errors removed: 19 (0s)
Superbubble
Nb superbubble removed: 2 0 (0s)
Tip
Nb Tip removed: 0 (0s)
Nb errors removed: 13 (0s)
Superbubble
Nb superbubble removed: 0 0 (0s)
Tip
Nb Tip removed: 0 (0s)
Nb errors removed: 15 (0s)
Superbubble
Nb superbubble removed: 4 0 (0s)
Tip
Nb Tip removed: 0 (0s)
Nb errors removed: 14 (0s)
Superbubble
Nb superbubble removed: 0 0 (0s)
Tip
Nb Tip removed: 0 (0s)
Nb errors removed: 11 (0s)
Superbubble
Nb superbubble removed: 0 0 (0s)
Tip
Nb Tip removed: 0 (0s)
Nb errors removed: 12 (0s)
Superbubble
Nb superbubble removed: 4 0 (0s)
Tip
Nb Tip removed: 0 (0s)
Nb errors removed: 6 (0s)
Superbubble
Nb superbubble removed: 0 0 (0s)
Tip
Nb Tip removed: 1 (0s)
Superbubble
Nb superbubble removed: 0 0 (0s)
Tip
Nb Tip removed: 0 (0s)
Nb errors removed: 9 (0s)
Superbubble
Nb superbubble removed: 0 0 (0s)
Tip
Nb Tip removed: 0 (0s)
Nb errors removed: 1 (0s)
Superbubble
Nb superbubble removed: 0 0 (0s)
Tip
Nb Tip removed: 0 (0s)
Nb errors removed: 1 (0s)
Superbubble
Nb superbubble removed: 0 0 (0s)
Tip
Nb Tip removed: 0 (0s)
Nb errors removed: 1 (0s)
Superbubble
Nb superbubble removed: 0 0 (0s)
Tip
Nb Tip removed: 0 (0s)
Nb errors removed: 1 (0s)
Superbubble
Nb superbubble removed: 0 0 (0s)
Tip
Nb Tip removed: 0 (0s)
Nb errors removed: 6 (0s)
Superbubble
Nb superbubble removed: 0 0 (0s)
Tip
Nb Tip removed: 0 (0s)
Nb errors removed: 1 (0s)
Superbubble
Nb superbubble removed: 0 0 (0s)
Tip
Nb Tip removed: 0 (0s)
Checksum: 0
Checksum abundnace: 0
Generating contigs
41.1448
28.1025
23.2252
17.4494
15.8631
14.421
13.11
11.9182
10.8347
9.84974
8.14028
7.40025
6.11591
5.05447
4.17725
3.13843
2.14359
0


metaMDBG toMinspace  /var/folders/zg/vq0dnx517c54hg87dyqjky740000gn/T/.tmp7o7wQ0/tmp/ /var/folders/zg/vq0dnx517c54hg87dyqjky740000gn/T/.tmp7o7wQ0/tmp//contigs.nodepath /var/folders/zg/vq0dnx517c54hg87dyqjky740000gn/T/.tmp7o7wQ0/tmp//unitig_data.txt --threads 10

Input dir: /var/folders/zg/vq0dnx517c54hg87dyqjky740000gn/T/.tmp7o7wQ0/tmp/
Minimizer length: 15
Kminmer length: 102
Density: 0.005

Loading unitig sequences

Creating mContigs

Contig filename: /var/folders/zg/vq0dnx517c54hg87dyqjky740000gn/T/.tmp7o7wQ0/tmp//unitig_data.txt
pass done: 102
Multi-k pass: 103/206


metaMDBG graph /var/folders/zg/vq0dnx517c54hg87dyqjky740000gn/T/.tmp7o7wQ0/tmp/ --threads 10 --corrected-read 

Contig filename: 
Output dir: /var/folders/zg/vq0dnx517c54hg87dyqjky740000gn/T/.tmp7o7wQ0/tmp/
Minimizer length: 15
Kminmer length: 103
Density: 0.005
Min abundance: 0

Loading refined abundances
	Duration: 0
Collecting kminmers
Building mdbg
Duration: 0
Nb solid kminmers: 32932
Nb small contigs written: 0
Dump kminmer abundances
	Duration: 0
Indexing edges
Edge index size: 32972
Edge index elements: 60604
	Duration: 0
Compute unitig nodes
	Duration: 0
Index unitig edges
	Duration: 0
Compute unitig edges
	Duration: 0
Dump unitig abundances
	Duration: 0
Nb edges:   0


metaMDBG contig  /var/folders/zg/vq0dnx517c54hg87dyqjky740000gn/T/.tmp7o7wQ0/tmp/ --threads 10

Input dir: /var/folders/zg/vq0dnx517c54hg87dyqjky740000gn/T/.tmp7o7wQ0/tmp/
Minimizer length: 15
Kminmer length: 103
Density: 0.005

Loading unitig graph
Load unitigs
Nb unitigs: 715
Nb minimizers: 105862
Add unitig abundances
Sorting abundances
Add unitig edges
Nb unitig edges: 1356
Sorting unitig edges
Done loading unitig graph
Simplifying
Max abundance: 40
Nb unitigs: 715
Superbubble
Nb superbubble removed: 12 0 (0s)
Tip
Nb Tip removed: 228 (0s)
Superbubble
Nb superbubble removed: 40 0 (0s)
Tip
Nb Tip removed: 0 (0s)
Nb errors removed: 138 (0s)
Superbubble
Nb superbubble removed: 2 0 (0s)
Tip
Nb Tip removed: 0 (0s)
Nb errors removed: 67 (0s)
Superbubble
Nb superbubble removed: 0 0 (0s)
Tip
Nb Tip removed: 0 (0s)
Nb errors removed: 40 (0s)
Superbubble
Nb superbubble removed: 0 0 (0s)
Tip
Nb Tip removed: 0 (0s)
Nb errors removed: 19 (0s)
Superbubble
Nb superbubble removed: 2 0 (0s)
Tip
Nb Tip removed: 0 (0s)
Nb errors removed: 14 (0s)
Superbubble
Nb superbubble removed: 2 0 (0s)
Tip
Nb Tip removed: 0 (0s)
Nb errors removed: 15 (0s)
Superbubble
Nb superbubble removed: 4 0 (0s)
Tip
Nb Tip removed: 0 (0s)
Nb errors removed: 14 (0s)
Superbubble
Nb superbubble removed: 0 0 (0s)
Tip
Nb Tip removed: 0 (0s)
Nb errors removed: 11 (0s)
Superbubble
Nb superbubble removed: 0 0 (0s)
Tip
Nb Tip removed: 0 (0s)
Nb errors removed: 12 (0s)
Superbubble
Nb superbubble removed: 4 0 (0s)
Tip
Nb Tip removed: 0 (0s)
Nb errors removed: 6 (0s)
Superbubble
Nb superbubble removed: 0 0 (0s)
Tip
Nb Tip removed: 1 (0s)
Superbubble
Nb superbubble removed: 0 0 (0s)
Tip
Nb Tip removed: 0 (0s)
Nb errors removed: 9 (0s)
Superbubble
Nb superbubble removed: 0 0 (0s)
Tip
Nb Tip removed: 0 (0s)
Nb errors removed: 1 (0s)
Superbubble
Nb superbubble removed: 0 0 (0s)
Tip
Nb Tip removed: 0 (0s)
Nb errors removed: 1 (0s)
Superbubble
Nb superbubble removed: 0 0 (0s)
Tip
Nb Tip removed: 0 (0s)
Nb errors removed: 1 (0s)
Superbubble
Nb superbubble removed: 0 0 (0s)
Tip
Nb Tip removed: 0 (0s)
Nb errors removed: 1 (0s)
Superbubble
Nb superbubble removed: 0 0 (0s)
Tip
Nb Tip removed: 0 (0s)
Nb errors removed: 6 (0s)
Superbubble
Nb superbubble removed: 0 0 (0s)
Tip
Nb Tip removed: 0 (0s)
Nb errors removed: 1 (0s)
Superbubble
Nb superbubble removed: 0 0 (0s)
Tip
Nb Tip removed: 0 (0s)
Checksum: 0
Checksum abundnace: 0
Generating contigs
41.1448
28.1025
23.2252
17.4494
15.8631
14.421
13.11
11.9182
10.8347
9.84974
8.14028
7.40025
6.11591
5.05447
4.17725
3.13843
2.14359
0


metaMDBG toMinspace  /var/folders/zg/vq0dnx517c54hg87dyqjky740000gn/T/.tmp7o7wQ0/tmp/ /var/folders/zg/vq0dnx517c54hg87dyqjky740000gn/T/.tmp7o7wQ0/tmp//contigs.nodepath /var/folders/zg/vq0dnx517c54hg87dyqjky740000gn/T/.tmp7o7wQ0/tmp//unitig_data.txt --threads 10

Input dir: /var/folders/zg/vq0dnx517c54hg87dyqjky740000gn/T/.tmp7o7wQ0/tmp/
Minimizer length: 15
Kminmer length: 103
Density: 0.005

Loading unitig sequences

Creating mContigs

Contig filename: /var/folders/zg/vq0dnx517c54hg87dyqjky740000gn/T/.tmp7o7wQ0/tmp//unitig_data.txt
pass done: 103
Multi-k pass: 104/206


metaMDBG graph /var/folders/zg/vq0dnx517c54hg87dyqjky740000gn/T/.tmp7o7wQ0/tmp/ --threads 10 --corrected-read 

Contig filename: 
Output dir: /var/folders/zg/vq0dnx517c54hg87dyqjky740000gn/T/.tmp7o7wQ0/tmp/
Minimizer length: 15
Kminmer length: 104
Density: 0.005
Min abundance: 0

Loading refined abundances
	Duration: 0
Collecting kminmers
Building mdbg
Duration: 0
Nb solid kminmers: 32888
Nb small contigs written: 0
Dump kminmer abundances
	Duration: 0
Indexing edges
Edge index size: 32930
Edge index elements: 60759
	Duration: 0
Compute unitig nodes
	Duration: 0
Index unitig edges
	Duration: 0
Compute unitig edges
	Duration: 0
Dump unitig abundances
	Duration: 0
Nb edges:   0


metaMDBG contig  /var/folders/zg/vq0dnx517c54hg87dyqjky740000gn/T/.tmp7o7wQ0/tmp/ --threads 10

Input dir: /var/folders/zg/vq0dnx517c54hg87dyqjky740000gn/T/.tmp7o7wQ0/tmp/
Minimizer length: 15
Kminmer length: 104
Density: 0.005

Loading unitig graph
Load unitigs
Nb unitigs: 712
Nb minimizers: 106224
Add unitig abundances
Sorting abundances
Add unitig edges
Nb unitig edges: 1340
Sorting unitig edges
Done loading unitig graph
Simplifying
Max abundance: 40
Nb unitigs: 712
Superbubble
Nb superbubble removed: 12 0 (0s)
Tip
Nb Tip removed: 226 (0s)
Superbubble
Nb superbubble removed: 40 0 (0s)
Tip
Nb Tip removed: 0 (0s)
Nb errors removed: 137 (0s)
Superbubble
Nb superbubble removed: 2 0 (0s)
Tip
Nb Tip removed: 0 (0s)
Nb errors removed: 67 (0s)
Superbubble
Nb superbubble removed: 0 0 (0s)
Tip
Nb Tip removed: 0 (0s)
Nb errors removed: 40 (0s)
Superbubble
Nb superbubble removed: 0 0 (0s)
Tip
Nb Tip removed: 0 (0s)
Nb errors removed: 19 (0s)
Superbubble
Nb superbubble removed: 2 0 (0s)
Tip
Nb Tip removed: 0 (0s)
Nb errors removed: 14 (0s)
Superbubble
Nb superbubble removed: 2 0 (0s)
Tip
Nb Tip removed: 0 (0s)
Nb errors removed: 15 (0s)
Superbubble
Nb superbubble removed: 4 0 (0s)
Tip
Nb Tip removed: 0 (0s)
Nb errors removed: 14 (0s)
Superbubble
Nb superbubble removed: 0 0 (0s)
Tip
Nb Tip removed: 0 (0s)
Nb errors removed: 11 (0s)
Superbubble
Nb superbubble removed: 0 0 (0s)
Tip
Nb Tip removed: 0 (0s)
Nb errors removed: 12 (0s)
Superbubble
Nb superbubble removed: 4 0 (0s)
Tip
Nb Tip removed: 0 (0s)
Nb errors removed: 6 (0s)
Superbubble
Nb superbubble removed: 0 0 (0s)
Tip
Nb Tip removed: 1 (0s)
Superbubble
Nb superbubble removed: 0 0 (0s)
Tip
Nb Tip removed: 0 (0s)
Nb errors removed: 9 (0s)
Superbubble
Nb superbubble removed: 0 0 (0s)
Tip
Nb Tip removed: 0 (0s)
Nb errors removed: 1 (0s)
Superbubble
Nb superbubble removed: 0 0 (0s)
Tip
Nb Tip removed: 0 (0s)
Nb errors removed: 1 (0s)
Superbubble
Nb superbubble removed: 0 0 (0s)
Tip
Nb Tip removed: 0 (0s)
Nb errors removed: 1 (0s)
Superbubble
Nb superbubble removed: 0 0 (0s)
Tip
Nb Tip removed: 0 (0s)
Nb errors removed: 1 (0s)
Superbubble
Nb superbubble removed: 0 0 (0s)
Tip
Nb Tip removed: 0 (0s)
Nb errors removed: 6 (0s)
Superbubble
Nb superbubble removed: 0 0 (0s)
Tip
Nb Tip removed: 0 (0s)
Nb errors removed: 1 (0s)
Superbubble
Nb superbubble removed: 0 0 (0s)
Tip
Nb Tip removed: 0 (0s)
Checksum: 0
Checksum abundnace: 0
Generating contigs
41.1448
28.1025
23.2252
17.4494
15.8631
14.421
13.11
11.9182
10.8347
9.84974
8.14028
7.40025
6.11591
5.05447
4.17725
3.13843
2.14359
0


metaMDBG toMinspace  /var/folders/zg/vq0dnx517c54hg87dyqjky740000gn/T/.tmp7o7wQ0/tmp/ /var/folders/zg/vq0dnx517c54hg87dyqjky740000gn/T/.tmp7o7wQ0/tmp//contigs.nodepath /var/folders/zg/vq0dnx517c54hg87dyqjky740000gn/T/.tmp7o7wQ0/tmp//unitig_data.txt --threads 10

Input dir: /var/folders/zg/vq0dnx517c54hg87dyqjky740000gn/T/.tmp7o7wQ0/tmp/
Minimizer length: 15
Kminmer length: 104
Density: 0.005

Loading unitig sequences

Creating mContigs

Contig filename: /var/folders/zg/vq0dnx517c54hg87dyqjky740000gn/T/.tmp7o7wQ0/tmp//unitig_data.txt
pass done: 104
Multi-k pass: 105/206


metaMDBG graph /var/folders/zg/vq0dnx517c54hg87dyqjky740000gn/T/.tmp7o7wQ0/tmp/ --threads 10 --corrected-read 

Contig filename: 
Output dir: /var/folders/zg/vq0dnx517c54hg87dyqjky740000gn/T/.tmp7o7wQ0/tmp/
Minimizer length: 15
Kminmer length: 105
Density: 0.005
Min abundance: 0

Loading refined abundances
	Duration: 0
Collecting kminmers
Building mdbg
Duration: 0
Nb solid kminmers: 32840
Nb small contigs written: 0
Dump kminmer abundances
	Duration: 0
Indexing edges
Edge index size: 32883
Edge index elements: 60598
	Duration: 0
Compute unitig nodes
	Duration: 0
Index unitig edges
	Duration: 0
Compute unitig edges
	Duration: 0
Dump unitig abundances
	Duration: 0
Nb edges:   0


metaMDBG contig  /var/folders/zg/vq0dnx517c54hg87dyqjky740000gn/T/.tmp7o7wQ0/tmp/ --threads 10

Input dir: /var/folders/zg/vq0dnx517c54hg87dyqjky740000gn/T/.tmp7o7wQ0/tmp/
Minimizer length: 15
Kminmer length: 105
Density: 0.005

Loading unitig graph
Load unitigs
Nb unitigs: 702
Nb minimizers: 105848
Add unitig abundances
Sorting abundances
Add unitig edges
Nb unitig edges: 1320
Sorting unitig edges
Done loading unitig graph
Simplifying
Max abundance: 40
Nb unitigs: 702
Superbubble
Nb superbubble removed: 12 0 (0s)
Tip
Nb Tip removed: 223 (0s)
Superbubble
Nb superbubble removed: 38 0 (0s)
Tip
Nb Tip removed: 0 (0s)
Nb errors removed: 134 (0s)
Superbubble
Nb superbubble removed: 2 0 (0s)
Tip
Nb Tip removed: 0 (0s)
Nb errors removed: 65 (0s)
Superbubble
Nb superbubble removed: 0 0 (0s)
Tip
Nb Tip removed: 0 (0s)
Nb errors removed: 39 (0s)
Superbubble
Nb superbubble removed: 0 0 (0s)
Tip
Nb Tip removed: 0 (0s)
Nb errors removed: 19 (0s)
Superbubble
Nb superbubble removed: 2 0 (0s)
Tip
Nb Tip removed: 0 (0s)
Nb errors removed: 14 (0s)
Superbubble
Nb superbubble removed: 2 0 (0s)
Tip
Nb Tip removed: 0 (0s)
Nb errors removed: 15 (0s)
Superbubble
Nb superbubble removed: 4 0 (0s)
Tip
Nb Tip removed: 0 (0s)
Nb errors removed: 14 (0s)
Superbubble
Nb superbubble removed: 0 0 (0s)
Tip
Nb Tip removed: 0 (0s)
Nb errors removed: 11 (0s)
Superbubble
Nb superbubble removed: 0 0 (0s)
Tip
Nb Tip removed: 0 (0s)
Nb errors removed: 12 (0s)
Superbubble
Nb superbubble removed: 4 0 (0s)
Tip
Nb Tip removed: 0 (0s)
Nb errors removed: 6 (0s)
Superbubble
Nb superbubble removed: 0 0 (0s)
Tip
Nb Tip removed: 1 (0s)
Superbubble
Nb superbubble removed: 0 0 (0s)
Tip
Nb Tip removed: 0 (0s)
Nb errors removed: 9 (0s)
Superbubble
Nb superbubble removed: 0 0 (0s)
Tip
Nb Tip removed: 0 (0s)
Nb errors removed: 1 (0s)
Superbubble
Nb superbubble removed: 0 0 (0s)
Tip
Nb Tip removed: 0 (0s)
Nb errors removed: 1 (0s)
Superbubble
Nb superbubble removed: 0 0 (0s)
Tip
Nb Tip removed: 0 (0s)
Nb errors removed: 1 (0s)
Superbubble
Nb superbubble removed: 0 0 (0s)
Tip
Nb Tip removed: 0 (0s)
Nb errors removed: 1 (0s)
Superbubble
Nb superbubble removed: 0 0 (0s)
Tip
Nb Tip removed: 0 (0s)
Nb errors removed: 8 (0s)
Superbubble
Nb superbubble removed: 0 0 (0s)
Tip
Nb Tip removed: 0 (0s)
Nb errors removed: 1 (0s)
Superbubble
Nb superbubble removed: 0 0 (0s)
Tip
Nb Tip removed: 0 (0s)
Checksum: 0
Checksum abundnace: 0
Generating contigs
41.1448
28.1025
23.2252
17.4494
15.8631
14.421
13.11
11.9182
10.8347
9.84974
8.14028
7.40025
6.11591
5.05447
4.17725
3.13843
2.14359
0


metaMDBG toMinspace  /var/folders/zg/vq0dnx517c54hg87dyqjky740000gn/T/.tmp7o7wQ0/tmp/ /var/folders/zg/vq0dnx517c54hg87dyqjky740000gn/T/.tmp7o7wQ0/tmp//contigs.nodepath /var/folders/zg/vq0dnx517c54hg87dyqjky740000gn/T/.tmp7o7wQ0/tmp//unitig_data.txt --threads 10

Input dir: /var/folders/zg/vq0dnx517c54hg87dyqjky740000gn/T/.tmp7o7wQ0/tmp/
Minimizer length: 15
Kminmer length: 105
Density: 0.005

Loading unitig sequences

Creating mContigs

Contig filename: /var/folders/zg/vq0dnx517c54hg87dyqjky740000gn/T/.tmp7o7wQ0/tmp//unitig_data.txt
pass done: 105
Multi-k pass: 106/206


metaMDBG graph /var/folders/zg/vq0dnx517c54hg87dyqjky740000gn/T/.tmp7o7wQ0/tmp/ --threads 10 --corrected-read 

Contig filename: 
Output dir: /var/folders/zg/vq0dnx517c54hg87dyqjky740000gn/T/.tmp7o7wQ0/tmp/
Minimizer length: 15
Kminmer length: 106
Density: 0.005
Min abundance: 0

Loading refined abundances
	Duration: 0
Collecting kminmers
Building mdbg
Duration: 0
Nb solid kminmers: 32793
Nb small contigs written: 0
Dump kminmer abundances
	Duration: 0
Indexing edges
Edge index size: 32836
Edge index elements: 60676
	Duration: 0
Compute unitig nodes
	Duration: 0
Index unitig edges
	Duration: 0
Compute unitig edges
	Duration: 0
Dump unitig abundances
	Duration: 0
Nb edges:   0


metaMDBG contig  /var/folders/zg/vq0dnx517c54hg87dyqjky740000gn/T/.tmp7o7wQ0/tmp/ --threads 10

Input dir: /var/folders/zg/vq0dnx517c54hg87dyqjky740000gn/T/.tmp7o7wQ0/tmp/
Minimizer length: 15
Kminmer length: 106
Density: 0.005

Loading unitig graph
Load unitigs
Nb unitigs: 697
Nb minimizers: 105978
Add unitig abundances
Sorting abundances
Add unitig edges
Nb unitig edges: 1308
Sorting unitig edges
Done loading unitig graph
Simplifying
Max abundance: 40
Nb unitigs: 697
Superbubble
Nb superbubble removed: 12 0 (0s)
Tip
Nb Tip removed: 224 (0s)
Superbubble
Nb superbubble removed: 36 0 (0s)
Tip
Nb Tip removed: 0 (0s)
Nb errors removed: 133 (0s)
Superbubble
Nb superbubble removed: 2 0 (0s)
Tip
Nb Tip removed: 0 (0s)
Nb errors removed: 63 (0s)
Superbubble
Nb superbubble removed: 0 0 (0s)
Tip
Nb Tip removed: 0 (0s)
Nb errors removed: 37 (0s)
Superbubble
Nb superbubble removed: 0 0 (0s)
Tip
Nb Tip removed: 0 (0s)
Nb errors removed: 19 (0s)
Superbubble
Nb superbubble removed: 2 0 (0s)
Tip
Nb Tip removed: 0 (0s)
Nb errors removed: 14 (0s)
Superbubble
Nb superbubble removed: 2 0 (0s)
Tip
Nb Tip removed: 0 (0s)
Nb errors removed: 15 (0s)
Superbubble
Nb superbubble removed: 4 0 (0s)
Tip
Nb Tip removed: 0 (0s)
Nb errors removed: 14 (0s)
Superbubble
Nb superbubble removed: 0 0 (0s)
Tip
Nb Tip removed: 0 (0s)
Nb errors removed: 11 (0s)
Superbubble
Nb superbubble removed: 0 0 (0s)
Tip
Nb Tip removed: 0 (0s)
Nb errors removed: 12 (0s)
Superbubble
Nb superbubble removed: 4 0 (0s)
Tip
Nb Tip removed: 0 (0s)
Nb errors removed: 6 (0s)
Superbubble
Nb superbubble removed: 0 0 (0s)
Tip
Nb Tip removed: 1 (0s)
Superbubble
Nb superbubble removed: 0 0 (0s)
Tip
Nb Tip removed: 0 (0s)
Nb errors removed: 11 (0s)
Superbubble
Nb superbubble removed: 0 0 (0s)
Tip
Nb Tip removed: 0 (0s)
Nb errors removed: 2 (0s)
Superbubble
Nb superbubble removed: 0 0 (0s)
Tip
Nb Tip removed: 0 (0s)
Nb errors removed: 1 (0s)
Superbubble
Nb superbubble removed: 0 0 (0s)
Tip
Nb Tip removed: 0 (0s)
Nb errors removed: 1 (0s)
Superbubble
Nb superbubble removed: 0 0 (0s)
Tip
Nb Tip removed: 0 (0s)
Nb errors removed: 1 (0s)
Superbubble
Nb superbubble removed: 0 0 (0s)
Tip
Nb Tip removed: 0 (0s)
Nb errors removed: 8 (0s)
Superbubble
Nb superbubble removed: 0 0 (0s)
Tip
Nb Tip removed: 0 (0s)
Nb errors removed: 1 (0s)
Superbubble
Nb superbubble removed: 0 0 (0s)
Tip
Nb Tip removed: 0 (0s)
Checksum: 0
Checksum abundnace: 0
Generating contigs
41.1448
28.1025
23.2252
17.4494
15.8631
14.421
13.11
11.9182
10.8347
9.84974
8.14028
7.40025
6.11591
5.05447
4.17725
3.13843
2.14359
0


metaMDBG toMinspace  /var/folders/zg/vq0dnx517c54hg87dyqjky740000gn/T/.tmp7o7wQ0/tmp/ /var/folders/zg/vq0dnx517c54hg87dyqjky740000gn/T/.tmp7o7wQ0/tmp//contigs.nodepath /var/folders/zg/vq0dnx517c54hg87dyqjky740000gn/T/.tmp7o7wQ0/tmp//unitig_data.txt --threads 10

Input dir: /var/folders/zg/vq0dnx517c54hg87dyqjky740000gn/T/.tmp7o7wQ0/tmp/
Minimizer length: 15
Kminmer length: 106
Density: 0.005

Loading unitig sequences

Creating mContigs

Contig filename: /var/folders/zg/vq0dnx517c54hg87dyqjky740000gn/T/.tmp7o7wQ0/tmp//unitig_data.txt
pass done: 106
Multi-k pass: 107/206


metaMDBG graph /var/folders/zg/vq0dnx517c54hg87dyqjky740000gn/T/.tmp7o7wQ0/tmp/ --threads 10 --corrected-read 

Contig filename: 
Output dir: /var/folders/zg/vq0dnx517c54hg87dyqjky740000gn/T/.tmp7o7wQ0/tmp/
Minimizer length: 15
Kminmer length: 107
Density: 0.005
Min abundance: 0

Loading refined abundances
	Duration: 0
Collecting kminmers
Building mdbg
Duration: 0
Nb solid kminmers: 32745
Nb small contigs written: 0
Dump kminmer abundances
	Duration: 0
Indexing edges
Edge index size: 32789
Edge index elements: 60348
	Duration: 0
Compute unitig nodes
	Duration: 0
Index unitig edges
	Duration: 0
Compute unitig edges
	Duration: 0
Dump unitig abundances
	Duration: 0
Nb edges:   0


metaMDBG contig  /var/folders/zg/vq0dnx517c54hg87dyqjky740000gn/T/.tmp7o7wQ0/tmp/ --threads 10

Input dir: /var/folders/zg/vq0dnx517c54hg87dyqjky740000gn/T/.tmp7o7wQ0/tmp/
Minimizer length: 15
Kminmer length: 107
Density: 0.005

Loading unitig graph
Load unitigs
Nb unitigs: 685
Nb minimizers: 105355
Add unitig abundances
Sorting abundances
Add unitig edges
Nb unitig edges: 1288
Sorting unitig edges
Done loading unitig graph
Simplifying
Max abundance: 40
Nb unitigs: 685
Superbubble
Nb superbubble removed: 8 0 (0s)
Tip
Nb Tip removed: 223 (0s)
Superbubble
Nb superbubble removed: 36 0 (0s)
Tip
Nb Tip removed: 0 (0s)
Nb errors removed: 131 (0s)
Superbubble
Nb superbubble removed: 2 0 (0s)
Tip
Nb Tip removed: 0 (0s)
Nb errors removed: 63 (0s)
Superbubble
Nb superbubble removed: 0 0 (0s)
Tip
Nb Tip removed: 0 (0s)
Nb errors removed: 37 (0s)
Superbubble
Nb superbubble removed: 0 0 (0s)
Tip
Nb Tip removed: 0 (0s)
Nb errors removed: 19 (0s)
Superbubble
Nb superbubble removed: 2 0 (0s)
Tip
Nb Tip removed: 0 (0s)
Nb errors removed: 14 (0s)
Superbubble
Nb superbubble removed: 2 0 (0s)
Tip
Nb Tip removed: 0 (0s)
Nb errors removed: 15 (0s)
Superbubble
Nb superbubble removed: 4 0 (0s)
Tip
Nb Tip removed: 0 (0s)
Nb errors removed: 13 (0s)
Superbubble
Nb superbubble removed: 0 0 (0s)
Tip
Nb Tip removed: 0 (0s)
Nb errors removed: 12 (0s)
Superbubble
Nb superbubble removed: 0 0 (0s)
Tip
Nb Tip removed: 0 (0s)
Nb errors removed: 13 (0s)
Superbubble
Nb superbubble removed: 4 0 (0s)
Tip
Nb Tip removed: 0 (0s)
Nb errors removed: 6 (0s)
Superbubble
Nb superbubble removed: 0 0 (0s)
Tip
Nb Tip removed: 1 (0s)
Superbubble
Nb superbubble removed: 0 0 (0s)
Tip
Nb Tip removed: 0 (0s)
Nb errors removed: 11 (0s)
Superbubble
Nb superbubble removed: 0 0 (0s)
Tip
Nb Tip removed: 0 (0s)
Nb errors removed: 2 (0s)
Superbubble
Nb superbubble removed: 0 0 (0s)
Tip
Nb Tip removed: 0 (0s)
Nb errors removed: 1 (0s)
Superbubble
Nb superbubble removed: 0 0 (0s)
Tip
Nb Tip removed: 0 (0s)
Nb errors removed: 1 (0s)
Superbubble
Nb superbubble removed: 0 0 (0s)
Tip
Nb Tip removed: 0 (0s)
Nb errors removed: 8 (0s)
Superbubble
Nb superbubble removed: 0 0 (0s)
Tip
Nb Tip removed: 0 (0s)
Nb errors removed: 1 (0s)
Superbubble
Nb superbubble removed: 0 0 (0s)
Tip
Nb Tip removed: 0 (0s)
Checksum: 0
Checksum abundnace: 0
Generating contigs
41.1448
28.1025
23.2252
17.4494
14.421
13.11
11.9182
10.8347
9.84974
8.14028
7.40025
6.11591
5.05447
4.17725
3.13843
2.14359
0


metaMDBG toMinspace  /var/folders/zg/vq0dnx517c54hg87dyqjky740000gn/T/.tmp7o7wQ0/tmp/ /var/folders/zg/vq0dnx517c54hg87dyqjky740000gn/T/.tmp7o7wQ0/tmp//contigs.nodepath /var/folders/zg/vq0dnx517c54hg87dyqjky740000gn/T/.tmp7o7wQ0/tmp//unitig_data.txt --threads 10

Input dir: /var/folders/zg/vq0dnx517c54hg87dyqjky740000gn/T/.tmp7o7wQ0/tmp/
Minimizer length: 15
Kminmer length: 107
Density: 0.005

Loading unitig sequences

Creating mContigs

Contig filename: /var/folders/zg/vq0dnx517c54hg87dyqjky740000gn/T/.tmp7o7wQ0/tmp//unitig_data.txt
pass done: 107
Multi-k pass: 108/206


metaMDBG graph /var/folders/zg/vq0dnx517c54hg87dyqjky740000gn/T/.tmp7o7wQ0/tmp/ --threads 10 --corrected-read 

Contig filename: 
Output dir: /var/folders/zg/vq0dnx517c54hg87dyqjky740000gn/T/.tmp7o7wQ0/tmp/
Minimizer length: 15
Kminmer length: 108
Density: 0.005
Min abundance: 0

Loading refined abundances
	Duration: 0
Collecting kminmers
Building mdbg
Duration: 0
Nb solid kminmers: 32691
Nb small contigs written: 0
Dump kminmer abundances
	Duration: 0
Indexing edges
Edge index size: 32741
Edge index elements: 60312
	Duration: 0
Compute unitig nodes
	Duration: 0
Index unitig edges
	Duration: 0
Compute unitig edges
	Duration: 0
Dump unitig abundances
	Duration: 0
Nb edges:   0


metaMDBG contig  /var/folders/zg/vq0dnx517c54hg87dyqjky740000gn/T/.tmp7o7wQ0/tmp/ --threads 10

Input dir: /var/folders/zg/vq0dnx517c54hg87dyqjky740000gn/T/.tmp7o7wQ0/tmp/
Minimizer length: 15
Kminmer length: 108
Density: 0.005

Loading unitig graph
Load unitigs
Nb unitigs: 669
Nb minimizers: 104274
Add unitig abundances
Sorting abundances
Add unitig edges
Nb unitig edges: 1240
Sorting unitig edges
Done loading unitig graph
Simplifying
Max abundance: 40
Nb unitigs: 669
Superbubble
Nb superbubble removed: 8 0 (0s)
Tip
Nb Tip removed: 219 (0s)
Superbubble
Nb superbubble removed: 37 0 (0s)
Tip
Nb Tip removed: 0 (0s)
Nb errors removed: 129 (0s)
Superbubble
Nb superbubble removed: 0 0 (0s)
Tip
Nb Tip removed: 0 (0s)
Nb errors removed: 62 (0s)
Superbubble
Nb superbubble removed: 0 0 (0s)
Tip
Nb Tip removed: 0 (0s)
Nb errors removed: 36 (0s)
Superbubble
Nb superbubble removed: 0 0 (0s)
Tip
Nb Tip removed: 0 (0s)
Nb errors removed: 19 (0s)
Superbubble
Nb superbubble removed: 2 0 (0s)
Tip
Nb Tip removed: 0 (0s)
Nb errors removed: 13 (0s)
Superbubble
Nb superbubble removed: 2 0 (0s)
Tip
Nb Tip removed: 0 (0s)
Nb errors removed: 14 (0s)
Superbubble
Nb superbubble removed: 2 0 (0s)
Tip
Nb Tip removed: 0 (0s)
Nb errors removed: 13 (0s)
Superbubble
Nb superbubble removed: 0 0 (0s)
Tip
Nb Tip removed: 0 (0s)
Nb errors removed: 12 (0s)
Superbubble
Nb superbubble removed: 0 0 (0s)
Tip
Nb Tip removed: 0 (0s)
Nb errors removed: 13 (0s)
Superbubble
Nb superbubble removed: 4 0 (0s)
Tip
Nb Tip removed: 0 (0s)
Nb errors removed: 6 (0s)
Superbubble
Nb superbubble removed: 0 0 (0s)
Tip
Nb Tip removed: 0 (0s)
Nb errors removed: 11 (0s)
Superbubble
Nb superbubble removed: 0 0 (0s)
Tip
Nb Tip removed: 0 (0s)
Nb errors removed: 2 (0s)
Superbubble
Nb superbubble removed: 0 0 (0s)
Tip
Nb Tip removed: 0 (0s)
Nb errors removed: 1 (0s)
Superbubble
Nb superbubble removed: 0 0 (0s)
Tip
Nb Tip removed: 0 (0s)
Nb errors removed: 1 (0s)
Superbubble
Nb superbubble removed: 0 0 (0s)
Tip
Nb Tip removed: 0 (0s)
Nb errors removed: 8 (0s)
Superbubble
Nb superbubble removed: 0 0 (0s)
Tip
Nb Tip removed: 0 (0s)
Nb errors removed: 1 (0s)
Superbubble
Nb superbubble removed: 0 0 (0s)
Tip
Nb Tip removed: 0 (0s)
Checksum: 0
Checksum abundnace: 0
Generating contigs
41.1448
28.1025
23.2252
17.4494
14.421
13.11
11.9182
10.8347
9.84974
8.14028
7.40025
6.11591
5.05447
4.17725
3.13843
2.14359
0


metaMDBG toMinspace  /var/folders/zg/vq0dnx517c54hg87dyqjky740000gn/T/.tmp7o7wQ0/tmp/ /var/folders/zg/vq0dnx517c54hg87dyqjky740000gn/T/.tmp7o7wQ0/tmp//contigs.nodepath /var/folders/zg/vq0dnx517c54hg87dyqjky740000gn/T/.tmp7o7wQ0/tmp//unitig_data.txt --threads 10

Input dir: /var/folders/zg/vq0dnx517c54hg87dyqjky740000gn/T/.tmp7o7wQ0/tmp/
Minimizer length: 15
Kminmer length: 108
Density: 0.005

Loading unitig sequences

Creating mContigs

Contig filename: /var/folders/zg/vq0dnx517c54hg87dyqjky740000gn/T/.tmp7o7wQ0/tmp//unitig_data.txt
pass done: 108
Multi-k pass: 109/206


metaMDBG graph /var/folders/zg/vq0dnx517c54hg87dyqjky740000gn/T/.tmp7o7wQ0/tmp/ --threads 10 --corrected-read 

Contig filename: 
Output dir: /var/folders/zg/vq0dnx517c54hg87dyqjky740000gn/T/.tmp7o7wQ0/tmp/
Minimizer length: 15
Kminmer length: 109
Density: 0.005
Min abundance: 0

Loading refined abundances
	Duration: 0
Collecting kminmers
Building mdbg
Duration: 0
Nb solid kminmers: 32634
Nb small contigs written: 0
Dump kminmer abundances
	Duration: 0
Indexing edges
Edge index size: 32689
Edge index elements: 60084
	Duration: 0
Compute unitig nodes
	Duration: 0
Index unitig edges
	Duration: 0
Compute unitig edges
	Duration: 0
Dump unitig abundances
	Duration: 0
Nb edges:   0


metaMDBG contig  /var/folders/zg/vq0dnx517c54hg87dyqjky740000gn/T/.tmp7o7wQ0/tmp/ --threads 10

Input dir: /var/folders/zg/vq0dnx517c54hg87dyqjky740000gn/T/.tmp7o7wQ0/tmp/
Minimizer length: 15
Kminmer length: 109
Density: 0.005

Loading unitig graph
Load unitigs
Nb unitigs: 660
Nb minimizers: 103914
Add unitig abundances
Sorting abundances
Add unitig edges
Nb unitig edges: 1212
Sorting unitig edges
Done loading unitig graph
Simplifying
Max abundance: 40
Nb unitigs: 660
Superbubble
Nb superbubble removed: 6 0 (0s)
Tip
Nb Tip removed: 214 (0s)
Superbubble
Nb superbubble removed: 34 0 (0s)
Tip
Nb Tip removed: 0 (0s)
Nb errors removed: 127 (0s)
Superbubble
Nb superbubble removed: 0 0 (0s)
Tip
Nb Tip removed: 0 (0s)
Nb errors removed: 63 (0s)
Superbubble
Nb superbubble removed: 0 0 (0s)
Tip
Nb Tip removed: 0 (0s)
Nb errors removed: 37 (0s)
Superbubble
Nb superbubble removed: 2 0 (0s)
Tip
Nb Tip removed: 0 (0s)
Nb errors removed: 19 (0s)
Superbubble
Nb superbubble removed: 2 0 (0s)
Tip
Nb Tip removed: 0 (0s)
Nb errors removed: 13 (0s)
Superbubble
Nb superbubble removed: 2 0 (0s)
Tip
Nb Tip removed: 0 (0s)
Nb errors removed: 14 (0s)
Superbubble
Nb superbubble removed: 2 0 (0s)
Tip
Nb Tip removed: 0 (0s)
Nb errors removed: 13 (0s)
Superbubble
Nb superbubble removed: 0 0 (0s)
Tip
Nb Tip removed: 0 (0s)
Nb errors removed: 13 (0s)
Superbubble
Nb superbubble removed: 2 0 (0s)
Tip
Nb Tip removed: 0 (0s)
Nb errors removed: 13 (0s)
Superbubble
Nb superbubble removed: 4 0 (0s)
Tip
Nb Tip removed: 0 (0s)
Nb errors removed: 6 (0s)
Superbubble
Nb superbubble removed: 0 0 (0s)
Tip
Nb Tip removed: 0 (0s)
Nb errors removed: 11 (0s)
Superbubble
Nb superbubble removed: 0 0 (0s)
Tip
Nb Tip removed: 0 (0s)
Nb errors removed: 2 (0s)
Superbubble
Nb superbubble removed: 0 0 (0s)
Tip
Nb Tip removed: 0 (0s)
Nb errors removed: 1 (0s)
Superbubble
Nb superbubble removed: 0 0 (0s)
Tip
Nb Tip removed: 0 (0s)
Nb errors removed: 1 (0s)
Superbubble
Nb superbubble removed: 0 0 (0s)
Tip
Nb Tip removed: 0 (0s)
Nb errors removed: 8 (0s)
Superbubble
Nb superbubble removed: 0 0 (0s)
Tip
Nb Tip removed: 0 (0s)
Nb errors removed: 1 (0s)
Superbubble
Nb superbubble removed: 0 0 (0s)
Tip
Nb Tip removed: 0 (0s)
Checksum: 0
Checksum abundnace: 0
Generating contigs
41.1448
28.1025
23.2252
17.4494
14.421
13.11
11.9182
10.8347
9.84974
8.14028
7.40025
6.11591
5.05447
4.17725
3.13843
2.14359
0


metaMDBG toMinspace  /var/folders/zg/vq0dnx517c54hg87dyqjky740000gn/T/.tmp7o7wQ0/tmp/ /var/folders/zg/vq0dnx517c54hg87dyqjky740000gn/T/.tmp7o7wQ0/tmp//contigs.nodepath /var/folders/zg/vq0dnx517c54hg87dyqjky740000gn/T/.tmp7o7wQ0/tmp//unitig_data.txt --threads 10

Input dir: /var/folders/zg/vq0dnx517c54hg87dyqjky740000gn/T/.tmp7o7wQ0/tmp/
Minimizer length: 15
Kminmer length: 109
Density: 0.005

Loading unitig sequences

Creating mContigs

Contig filename: /var/folders/zg/vq0dnx517c54hg87dyqjky740000gn/T/.tmp7o7wQ0/tmp//unitig_data.txt
pass done: 109
Multi-k pass: 110/206


metaMDBG graph /var/folders/zg/vq0dnx517c54hg87dyqjky740000gn/T/.tmp7o7wQ0/tmp/ --threads 10 --corrected-read 

Contig filename: 
Output dir: /var/folders/zg/vq0dnx517c54hg87dyqjky740000gn/T/.tmp7o7wQ0/tmp/
Minimizer length: 15
Kminmer length: 110
Density: 0.005
Min abundance: 0

Loading refined abundances
	Duration: 0
Collecting kminmers
Building mdbg
Duration: 0
Nb solid kminmers: 32573
Nb small contigs written: 0
Dump kminmer abundances
	Duration: 0
Indexing edges
Edge index size: 32631
Edge index elements: 60059
	Duration: 0
Compute unitig nodes
	Duration: 0
Index unitig edges
	Duration: 0
Compute unitig edges
	Duration: 0
Dump unitig abundances
	Duration: 0
Nb edges:   0


metaMDBG contig  /var/folders/zg/vq0dnx517c54hg87dyqjky740000gn/T/.tmp7o7wQ0/tmp/ --threads 10

Input dir: /var/folders/zg/vq0dnx517c54hg87dyqjky740000gn/T/.tmp7o7wQ0/tmp/
Minimizer length: 15
Kminmer length: 110
Density: 0.005

Loading unitig graph
Load unitigs
Nb unitigs: 650
Nb minimizers: 103423
Add unitig abundances
Sorting abundances
Add unitig edges
Nb unitig edges: 1188
Sorting unitig edges
Done loading unitig graph
Simplifying
Max abundance: 40
Nb unitigs: 650
Superbubble
Nb superbubble removed: 6 0 (0s)
Tip
Nb Tip removed: 210 (0s)
Superbubble
Nb superbubble removed: 32 0 (0s)
Tip
Nb Tip removed: 0 (0s)
Nb errors removed: 126 (0s)
Superbubble
Nb superbubble removed: 0 0 (0s)
Tip
Nb Tip removed: 0 (0s)
Nb errors removed: 62 (0s)
Superbubble
Nb superbubble removed: 0 0 (0s)
Tip
Nb Tip removed: 0 (0s)
Nb errors removed: 38 (0s)
Superbubble
Nb superbubble removed: 2 0 (0s)
Tip
Nb Tip removed: 0 (0s)
Nb errors removed: 19 (0s)
Superbubble
Nb superbubble removed: 2 0 (0s)
Tip
Nb Tip removed: 0 (0s)
Nb errors removed: 13 (0s)
Superbubble
Nb superbubble removed: 2 0 (0s)
Tip
Nb Tip removed: 0 (0s)
Nb errors removed: 14 (0s)
Superbubble
Nb superbubble removed: 2 0 (0s)
Tip
Nb Tip removed: 0 (0s)
Nb errors removed: 13 (0s)
Superbubble
Nb superbubble removed: 0 0 (0s)
Tip
Nb Tip removed: 0 (0s)
Nb errors removed: 13 (0s)
Superbubble
Nb superbubble removed: 2 0 (0s)
Tip
Nb Tip removed: 0 (0s)
Nb errors removed: 13 (0s)
Superbubble
Nb superbubble removed: 4 0 (0s)
Tip
Nb Tip removed: 0 (0s)
Nb errors removed: 6 (0s)
Superbubble
Nb superbubble removed: 0 0 (0s)
Tip
Nb Tip removed: 0 (0s)
Nb errors removed: 11 (0s)
Superbubble
Nb superbubble removed: 0 0 (0s)
Tip
Nb Tip removed: 0 (0s)
Nb errors removed: 2 (0s)
Superbubble
Nb superbubble removed: 0 0 (0s)
Tip
Nb Tip removed: 0 (0s)
Nb errors removed: 1 (0s)
Superbubble
Nb superbubble removed: 0 0 (0s)
Tip
Nb Tip removed: 0 (0s)
Nb errors removed: 1 (0s)
Superbubble
Nb superbubble removed: 0 0 (0s)
Tip
Nb Tip removed: 0 (0s)
Nb errors removed: 8 (0s)
Superbubble
Nb superbubble removed: 0 0 (0s)
Tip
Nb Tip removed: 0 (0s)
Nb errors removed: 1 (0s)
Superbubble
Nb superbubble removed: 0 0 (0s)
Tip
Nb Tip removed: 0 (0s)
Checksum: 0
Checksum abundnace: 0
Generating contigs
41.1448
28.1025
23.2252
17.4494
14.421
13.11
11.9182
10.8347
9.84974
8.14028
7.40025
6.11591
5.05447
4.17725
3.13843
2.14359
0


metaMDBG toMinspace  /var/folders/zg/vq0dnx517c54hg87dyqjky740000gn/T/.tmp7o7wQ0/tmp/ /var/folders/zg/vq0dnx517c54hg87dyqjky740000gn/T/.tmp7o7wQ0/tmp//contigs.nodepath /var/folders/zg/vq0dnx517c54hg87dyqjky740000gn/T/.tmp7o7wQ0/tmp//unitig_data.txt --threads 10

Input dir: /var/folders/zg/vq0dnx517c54hg87dyqjky740000gn/T/.tmp7o7wQ0/tmp/
Minimizer length: 15
Kminmer length: 110
Density: 0.005

Loading unitig sequences

Creating mContigs

Contig filename: /var/folders/zg/vq0dnx517c54hg87dyqjky740000gn/T/.tmp7o7wQ0/tmp//unitig_data.txt
pass done: 110
Multi-k pass: 111/206


metaMDBG graph /var/folders/zg/vq0dnx517c54hg87dyqjky740000gn/T/.tmp7o7wQ0/tmp/ --threads 10 --corrected-read 

Contig filename: 
Output dir: /var/folders/zg/vq0dnx517c54hg87dyqjky740000gn/T/.tmp7o7wQ0/tmp/
Minimizer length: 15
Kminmer length: 111
Density: 0.005
Min abundance: 0

Loading refined abundances
	Duration: 0
Collecting kminmers
Building mdbg
Duration: 0
Nb solid kminmers: 32509
Nb small contigs written: 0
Dump kminmer abundances
	Duration: 0
Indexing edges
Edge index size: 32570
Edge index elements: 59799
	Duration: 0
Compute unitig nodes
	Duration: 0
Index unitig edges
	Duration: 0
Compute unitig edges
	Duration: 0
Dump unitig abundances
	Duration: 0
Nb edges:   0


metaMDBG contig  /var/folders/zg/vq0dnx517c54hg87dyqjky740000gn/T/.tmp7o7wQ0/tmp/ --threads 10 --gen-graph 

Input dir: /var/folders/zg/vq0dnx517c54hg87dyqjky740000gn/T/.tmp7o7wQ0/tmp/
Minimizer length: 15
Kminmer length: 111
Density: 0.005

Loading unitig graph
Load unitigs
Nb unitigs: 640
Nb minimizers: 102909
Add unitig abundances
Sorting abundances
Add unitig edges
Nb unitig edges: 1164
Sorting unitig edges
Done loading unitig graph
Simplifying
Max abundance: 40
Nb unitigs: 640
Superbubble
Nb superbubble removed: 6 0 (0s)
Tip
Nb Tip removed: 207 (0s)
Superbubble
Nb superbubble removed: 32 0 (0s)
Tip
Nb Tip removed: 0 (0s)
Saving unitig graph: /var/folders/zg/vq0dnx517c54hg87dyqjky740000gn/T/.tmp7o7wQ0/tmp//assembly_graph.gfa
Nb errors removed: 122 (0s)
Superbubble
Nb superbubble removed: 0 0 (0s)
Tip
Nb Tip removed: 0 (0s)
Nb errors removed: 61 (0s)
Superbubble
Nb superbubble removed: 0 0 (0s)
Tip
Nb Tip removed: 0 (0s)
Nb errors removed: 38 (0s)
Superbubble
Nb superbubble removed: 2 0 (0s)
Tip
Nb Tip removed: 0 (0s)
Nb errors removed: 19 (0s)
Superbubble
Nb superbubble removed: 2 0 (0s)
Tip
Nb Tip removed: 0 (0s)
Nb errors removed: 13 (0s)
Superbubble
Nb superbubble removed: 2 0 (0s)
Tip
Nb Tip removed: 0 (0s)
Nb errors removed: 14 (0s)
Superbubble
Nb superbubble removed: 0 0 (0s)
Tip
Nb Tip removed: 0 (0s)
Nb errors removed: 13 (0s)
Superbubble
Nb superbubble removed: 0 0 (0s)
Tip
Nb Tip removed: 0 (0s)
Nb errors removed: 13 (0s)
Superbubble
Nb superbubble removed: 2 0 (0s)
Tip
Nb Tip removed: 0 (0s)
Nb errors removed: 13 (0s)
Superbubble
Nb superbubble removed: 4 0 (0s)
Tip
Nb Tip removed: 0 (0s)
Nb errors removed: 6 (0s)
Superbubble
Nb superbubble removed: 0 0 (0s)
Tip
Nb Tip removed: 0 (0s)
Nb errors removed: 11 (0s)
Superbubble
Nb superbubble removed: 0 0 (0s)
Tip
Nb Tip removed: 0 (0s)
Nb errors removed: 2 (0s)
Superbubble
Nb superbubble removed: 0 0 (0s)
Tip
Nb Tip removed: 0 (0s)
Nb errors removed: 1 (0s)
Superbubble
Nb superbubble removed: 0 0 (0s)
Tip
Nb Tip removed: 0 (0s)
Nb errors removed: 1 (0s)
Superbubble
Nb superbubble removed: 0 0 (0s)
Tip
Nb Tip removed: 0 (0s)
Nb errors removed: 10 (0s)
Superbubble
Nb superbubble removed: 0 0 (0s)
Tip
Nb Tip removed: 0 (0s)
Nb errors removed: 1 (0s)
Superbubble
Nb superbubble removed: 0 0 (0s)
Tip
Nb Tip removed: 0 (0s)
Checksum: 0
Checksum abundnace: 0
Generating contigs
41.1448
28.1025
23.2252
17.4494
14.421
13.11
11.9182
10.8347
9.84974
8.14028
7.40025
6.11591
5.05447
4.17725
3.13843
2.14359
0


metaMDBG toMinspace  /var/folders/zg/vq0dnx517c54hg87dyqjky740000gn/T/.tmp7o7wQ0/tmp/ /var/folders/zg/vq0dnx517c54hg87dyqjky740000gn/T/.tmp7o7wQ0/tmp//contigs.nodepath /var/folders/zg/vq0dnx517c54hg87dyqjky740000gn/T/.tmp7o7wQ0/tmp//unitig_data.txt --threads 10

Input dir: /var/folders/zg/vq0dnx517c54hg87dyqjky740000gn/T/.tmp7o7wQ0/tmp/
Minimizer length: 15
Kminmer length: 111
Density: 0.005

Loading unitig sequences

Creating mContigs

Contig filename: /var/folders/zg/vq0dnx517c54hg87dyqjky740000gn/T/.tmp7o7wQ0/tmp//unitig_data.txt


metaMDBG toMinspace  /var/folders/zg/vq0dnx517c54hg87dyqjky740000gn/T/.tmp7o7wQ0/tmp/ /var/folders/zg/vq0dnx517c54hg87dyqjky740000gn/T/.tmp7o7wQ0/tmp//assembly_graph.gfa.unitigs.nodepath /var/folders/zg/vq0dnx517c54hg87dyqjky740000gn/T/.tmp7o7wQ0/tmp//assembly_graph.gfa.unitigs --threads 10

Input dir: /var/folders/zg/vq0dnx517c54hg87dyqjky740000gn/T/.tmp7o7wQ0/tmp/
Minimizer length: 15
Kminmer length: 111
Density: 0.005

Loading unitig sequences

Creating mContigs

Contig filename: /var/folders/zg/vq0dnx517c54hg87dyqjky740000gn/T/.tmp7o7wQ0/tmp//assembly_graph.gfa.unitigs
pass done: 111
Multi-k pass: 112/206


metaMDBG graph /var/folders/zg/vq0dnx517c54hg87dyqjky740000gn/T/.tmp7o7wQ0/tmp/ --threads 10 --corrected-read 

Contig filename: 
Output dir: /var/folders/zg/vq0dnx517c54hg87dyqjky740000gn/T/.tmp7o7wQ0/tmp/
Minimizer length: 15
Kminmer length: 112
Density: 0.005
Min abundance: 0

Loading refined abundances
	Duration: 0
Collecting kminmers
Building mdbg
Duration: 0
Nb solid kminmers: 32445
Nb small contigs written: 0
Dump kminmer abundances
	Duration: 0
Indexing edges
Edge index size: 32506
Edge index elements: 59697
	Duration: 0
Compute unitig nodes
	Duration: 0
Index unitig edges
	Duration: 0
Compute unitig edges
	Duration: 0
Dump unitig abundances
	Duration: 0
Nb edges:   0


metaMDBG contig  /var/folders/zg/vq0dnx517c54hg87dyqjky740000gn/T/.tmp7o7wQ0/tmp/ --threads 10

Input dir: /var/folders/zg/vq0dnx517c54hg87dyqjky740000gn/T/.tmp7o7wQ0/tmp/
Minimizer length: 15
Kminmer length: 112
Density: 0.005

Loading unitig graph
Load unitigs
Nb unitigs: 636
Nb minimizers: 103041
Add unitig abundances
Sorting abundances
Add unitig edges
Nb unitig edges: 1152
Sorting unitig edges
Done loading unitig graph
Simplifying
Max abundance: 40
Nb unitigs: 636
Superbubble
Nb superbubble removed: 8 0 (0s)
Tip
Nb Tip removed: 204 (0s)
Superbubble
Nb superbubble removed: 30 0 (0s)
Tip
Nb Tip removed: 0 (0s)
Nb errors removed: 121 (0s)
Superbubble
Nb superbubble removed: 0 0 (0s)
Tip
Nb Tip removed: 0 (0s)
Nb errors removed: 59 (0s)
Superbubble
Nb superbubble removed: 0 0 (0s)
Tip
Nb Tip removed: 0 (0s)
Nb errors removed: 38 (0s)
Superbubble
Nb superbubble removed: 2 0 (0s)
Tip
Nb Tip removed: 0 (0s)
Nb errors removed: 19 (0s)
Superbubble
Nb superbubble removed: 2 0 (0s)
Tip
Nb Tip removed: 0 (0s)
Nb errors removed: 13 (0s)
Superbubble
Nb superbubble removed: 2 0 (0s)
Tip
Nb Tip removed: 0 (0s)
Nb errors removed: 14 (0s)
Superbubble
Nb superbubble removed: 0 0 (0s)
Tip
Nb Tip removed: 0 (0s)
Nb errors removed: 13 (0s)
Superbubble
Nb superbubble removed: 0 0 (0s)
Tip
Nb Tip removed: 0 (0s)
Nb errors removed: 13 (0s)
Superbubble
Nb superbubble removed: 2 0 (0s)
Tip
Nb Tip removed: 0 (0s)
Nb errors removed: 13 (0s)
Superbubble
Nb superbubble removed: 4 0 (0s)
Tip
Nb Tip removed: 0 (0s)
Nb errors removed: 6 (0s)
Superbubble
Nb superbubble removed: 0 0 (0s)
Tip
Nb Tip removed: 0 (0s)
Nb errors removed: 11 (0s)
Superbubble
Nb superbubble removed: 0 0 (0s)
Tip
Nb Tip removed: 0 (0s)
Nb errors removed: 2 (0s)
Superbubble
Nb superbubble removed: 0 0 (0s)
Tip
Nb Tip removed: 0 (0s)
Nb errors removed: 1 (0s)
Superbubble
Nb superbubble removed: 0 0 (0s)
Tip
Nb Tip removed: 0 (0s)
Nb errors removed: 1 (0s)
Superbubble
Nb superbubble removed: 0 0 (0s)
Tip
Nb Tip removed: 0 (0s)
Nb errors removed: 10 (0s)
Superbubble
Nb superbubble removed: 0 0 (0s)
Tip
Nb Tip removed: 0 (0s)
Nb errors removed: 1 (0s)
Superbubble
Nb superbubble removed: 0 0 (0s)
Tip
Nb Tip removed: 0 (0s)
Checksum: 0
Checksum abundnace: 0
Generating contigs
41.1448
28.1025
23.2252
17.4494
14.421
13.11
11.9182
10.8347
9.84974
8.14028
7.40025
6.11591
5.05447
4.17725
3.13843
2.14359
0


metaMDBG toMinspace  /var/folders/zg/vq0dnx517c54hg87dyqjky740000gn/T/.tmp7o7wQ0/tmp/ /var/folders/zg/vq0dnx517c54hg87dyqjky740000gn/T/.tmp7o7wQ0/tmp//contigs.nodepath /var/folders/zg/vq0dnx517c54hg87dyqjky740000gn/T/.tmp7o7wQ0/tmp//unitig_data.txt --threads 10

Input dir: /var/folders/zg/vq0dnx517c54hg87dyqjky740000gn/T/.tmp7o7wQ0/tmp/
Minimizer length: 15
Kminmer length: 112
Density: 0.005

Loading unitig sequences

Creating mContigs

Contig filename: /var/folders/zg/vq0dnx517c54hg87dyqjky740000gn/T/.tmp7o7wQ0/tmp//unitig_data.txt
pass done: 112
Multi-k pass: 113/206


metaMDBG graph /var/folders/zg/vq0dnx517c54hg87dyqjky740000gn/T/.tmp7o7wQ0/tmp/ --threads 10 --corrected-read 

Contig filename: 
Output dir: /var/folders/zg/vq0dnx517c54hg87dyqjky740000gn/T/.tmp7o7wQ0/tmp/
Minimizer length: 15
Kminmer length: 113
Density: 0.005
Min abundance: 0

Loading refined abundances
	Duration: 0
Collecting kminmers
Building mdbg
Duration: 0
Nb solid kminmers: 32378
Nb small contigs written: 0
Dump kminmer abundances
	Duration: 0
Indexing edges
Edge index size: 32442
Edge index elements: 59597
	Duration: 0
Compute unitig nodes
	Duration: 0
Index unitig edges
	Duration: 0
Compute unitig edges
	Duration: 0
Dump unitig abundances
	Duration: 0
Nb edges:   0


metaMDBG contig  /var/folders/zg/vq0dnx517c54hg87dyqjky740000gn/T/.tmp7o7wQ0/tmp/ --threads 10

Input dir: /var/folders/zg/vq0dnx517c54hg87dyqjky740000gn/T/.tmp7o7wQ0/tmp/
Minimizer length: 15
Kminmer length: 113
Density: 0.005

Loading unitig graph
Load unitigs
Nb unitigs: 627
Nb minimizers: 102602
Add unitig abundances
Sorting abundances
Add unitig edges
Nb unitig edges: 1128
Sorting unitig edges
Done loading unitig graph
Simplifying
Max abundance: 40
Nb unitigs: 627
Superbubble
Nb superbubble removed: 10 0 (0s)
Tip
Nb Tip removed: 202 (0s)
Superbubble
Nb superbubble removed: 26 0 (0s)
Tip
Nb Tip removed: 0 (0s)
Nb errors removed: 118 (0s)
Superbubble
Nb superbubble removed: 0 0 (0s)
Tip
Nb Tip removed: 0 (0s)
Nb errors removed: 58 (0s)
Superbubble
Nb superbubble removed: 0 0 (0s)
Tip
Nb Tip removed: 0 (0s)
Nb errors removed: 38 (0s)
Superbubble
Nb superbubble removed: 2 0 (0s)
Tip
Nb Tip removed: 0 (0s)
Nb errors removed: 19 (0s)
Superbubble
Nb superbubble removed: 2 0 (0s)
Tip
Nb Tip removed: 0 (0s)
Nb errors removed: 13 (0s)
Superbubble
Nb superbubble removed: 2 0 (0s)
Tip
Nb Tip removed: 0 (0s)
Nb errors removed: 14 (0s)
Superbubble
Nb superbubble removed: 0 0 (0s)
Tip
Nb Tip removed: 0 (0s)
Nb errors removed: 13 (0s)
Superbubble
Nb superbubble removed: 0 0 (0s)
Tip
Nb Tip removed: 0 (0s)
Nb errors removed: 15 (0s)
Superbubble
Nb superbubble removed: 2 0 (0s)
Tip
Nb Tip removed: 0 (0s)
Nb errors removed: 12 (0s)
Superbubble
Nb superbubble removed: 4 0 (0s)
Tip
Nb Tip removed: 0 (0s)
Nb errors removed: 6 (0s)
Superbubble
Nb superbubble removed: 0 0 (0s)
Tip
Nb Tip removed: 0 (0s)
Nb errors removed: 11 (0s)
Superbubble
Nb superbubble removed: 0 0 (0s)
Tip
Nb Tip removed: 0 (0s)
Nb errors removed: 2 (0s)
Superbubble
Nb superbubble removed: 0 0 (0s)
Tip
Nb Tip removed: 0 (0s)
Nb errors removed: 1 (0s)
Superbubble
Nb superbubble removed: 0 0 (0s)
Tip
Nb Tip removed: 0 (0s)
Nb errors removed: 1 (0s)
Superbubble
Nb superbubble removed: 0 0 (0s)
Tip
Nb Tip removed: 0 (0s)
Nb errors removed: 10 (0s)
Superbubble
Nb superbubble removed: 0 0 (0s)
Tip
Nb Tip removed: 0 (0s)
Nb errors removed: 1 (0s)
Superbubble
Nb superbubble removed: 0 0 (0s)
Tip
Nb Tip removed: 0 (0s)
Checksum: 0
Checksum abundnace: 0
Generating contigs
41.1448
28.1025
23.2252
17.4494
14.421
13.11
11.9182
10.8347
9.84974
8.14028
7.40025
6.11591
5.05447
4.17725
3.13843
2.14359
0


metaMDBG toMinspace  /var/folders/zg/vq0dnx517c54hg87dyqjky740000gn/T/.tmp7o7wQ0/tmp/ /var/folders/zg/vq0dnx517c54hg87dyqjky740000gn/T/.tmp7o7wQ0/tmp//contigs.nodepath /var/folders/zg/vq0dnx517c54hg87dyqjky740000gn/T/.tmp7o7wQ0/tmp//unitig_data.txt --threads 10

Input dir: /var/folders/zg/vq0dnx517c54hg87dyqjky740000gn/T/.tmp7o7wQ0/tmp/
Minimizer length: 15
Kminmer length: 113
Density: 0.005

Loading unitig sequences

Creating mContigs

Contig filename: /var/folders/zg/vq0dnx517c54hg87dyqjky740000gn/T/.tmp7o7wQ0/tmp//unitig_data.txt
pass done: 113
Multi-k pass: 114/206


metaMDBG graph /var/folders/zg/vq0dnx517c54hg87dyqjky740000gn/T/.tmp7o7wQ0/tmp/ --threads 10 --corrected-read 

Contig filename: 
Output dir: /var/folders/zg/vq0dnx517c54hg87dyqjky740000gn/T/.tmp7o7wQ0/tmp/
Minimizer length: 15
Kminmer length: 114
Density: 0.005
Min abundance: 0

Loading refined abundances
	Duration: 0
Collecting kminmers
Building mdbg
Duration: 0
Nb solid kminmers: 32312
Nb small contigs written: 0
Dump kminmer abundances
	Duration: 0
Indexing edges
Edge index size: 32375
Edge index elements: 59400
	Duration: 0
Compute unitig nodes
	Duration: 0
Index unitig edges
	Duration: 0
Compute unitig edges
	Duration: 0
Dump unitig abundances
	Duration: 0
Nb edges:   0


metaMDBG contig  /var/folders/zg/vq0dnx517c54hg87dyqjky740000gn/T/.tmp7o7wQ0/tmp/ --threads 10

Input dir: /var/folders/zg/vq0dnx517c54hg87dyqjky740000gn/T/.tmp7o7wQ0/tmp/
Minimizer length: 15
Kminmer length: 114
Density: 0.005

Loading unitig graph
Load unitigs
Nb unitigs: 622
Nb minimizers: 102598
Add unitig abundances
Sorting abundances
Add unitig edges
Nb unitig edges: 1120
Sorting unitig edges
Done loading unitig graph
Simplifying
Max abundance: 40
Nb unitigs: 622
Superbubble
Nb superbubble removed: 8 0 (0s)
Tip
Nb Tip removed: 204 (0s)
Superbubble
Nb superbubble removed: 28 0 (0s)
Tip
Nb Tip removed: 0 (0s)
Nb errors removed: 116 (0s)
Superbubble
Nb superbubble removed: 0 0 (0s)
Tip
Nb Tip removed: 0 (0s)
Nb errors removed: 57 (0s)
Superbubble
Nb superbubble removed: 0 0 (0s)
Tip
Nb Tip removed: 0 (0s)
Nb errors removed: 38 (0s)
Superbubble
Nb superbubble removed: 2 0 (0s)
Tip
Nb Tip removed: 0 (0s)
Nb errors removed: 19 (0s)
Superbubble
Nb superbubble removed: 2 0 (0s)
Tip
Nb Tip removed: 0 (0s)
Nb errors removed: 13 (0s)
Superbubble
Nb superbubble removed: 0 0 (0s)
Tip
Nb Tip removed: 0 (0s)
Nb errors removed: 14 (0s)
Superbubble
Nb superbubble removed: 0 0 (0s)
Tip
Nb Tip removed: 0 (0s)
Nb errors removed: 12 (0s)
Superbubble
Nb superbubble removed: 0 0 (0s)
Tip
Nb Tip removed: 0 (0s)
Nb errors removed: 18 (0s)
Superbubble
Nb superbubble removed: 2 0 (0s)
Tip
Nb Tip removed: 0 (0s)
Nb errors removed: 12 (0s)
Superbubble
Nb superbubble removed: 4 0 (0s)
Tip
Nb Tip removed: 0 (0s)
Nb errors removed: 6 (0s)
Superbubble
Nb superbubble removed: 0 0 (0s)
Tip
Nb Tip removed: 0 (0s)
Nb errors removed: 11 (0s)
Superbubble
Nb superbubble removed: 0 0 (0s)
Tip
Nb Tip removed: 0 (0s)
Nb errors removed: 2 (0s)
Superbubble
Nb superbubble removed: 0 0 (0s)
Tip
Nb Tip removed: 0 (0s)
Nb errors removed: 1 (0s)
Superbubble
Nb superbubble removed: 0 0 (0s)
Tip
Nb Tip removed: 0 (0s)
Nb errors removed: 1 (0s)
Superbubble
Nb superbubble removed: 0 0 (0s)
Tip
Nb Tip removed: 0 (0s)
Nb errors removed: 10 (0s)
Superbubble
Nb superbubble removed: 0 0 (0s)
Tip
Nb Tip removed: 0 (0s)
Nb errors removed: 1 (0s)
Superbubble
Nb superbubble removed: 0 0 (0s)
Tip
Nb Tip removed: 0 (0s)
Checksum: 0
Checksum abundnace: 0
Generating contigs
41.1448
28.1025
23.2252
17.4494
14.421
13.11
11.9182
10.8347
9.84974
8.14028
7.40025
6.11591
5.05447
4.17725
3.13843
2.14359
0


metaMDBG toMinspace  /var/folders/zg/vq0dnx517c54hg87dyqjky740000gn/T/.tmp7o7wQ0/tmp/ /var/folders/zg/vq0dnx517c54hg87dyqjky740000gn/T/.tmp7o7wQ0/tmp//contigs.nodepath /var/folders/zg/vq0dnx517c54hg87dyqjky740000gn/T/.tmp7o7wQ0/tmp//unitig_data.txt --threads 10

Input dir: /var/folders/zg/vq0dnx517c54hg87dyqjky740000gn/T/.tmp7o7wQ0/tmp/
Minimizer length: 15
Kminmer length: 114
Density: 0.005

Loading unitig sequences

Creating mContigs

Contig filename: /var/folders/zg/vq0dnx517c54hg87dyqjky740000gn/T/.tmp7o7wQ0/tmp//unitig_data.txt
pass done: 114
Multi-k pass: 115/206


metaMDBG graph /var/folders/zg/vq0dnx517c54hg87dyqjky740000gn/T/.tmp7o7wQ0/tmp/ --threads 10 --corrected-read 

Contig filename: 
Output dir: /var/folders/zg/vq0dnx517c54hg87dyqjky740000gn/T/.tmp7o7wQ0/tmp/
Minimizer length: 15
Kminmer length: 115
Density: 0.005
Min abundance: 0

Loading refined abundances
	Duration: 0
Collecting kminmers
Building mdbg
Duration: 0
Nb solid kminmers: 32247
Nb small contigs written: 0
Dump kminmer abundances
	Duration: 0
Indexing edges
Edge index size: 32310
Edge index elements: 59375
	Duration: 0
Compute unitig nodes
	Duration: 0
Index unitig edges
	Duration: 0
Compute unitig edges
	Duration: 0
Dump unitig abundances
	Duration: 0
Nb edges:   0


metaMDBG contig  /var/folders/zg/vq0dnx517c54hg87dyqjky740000gn/T/.tmp7o7wQ0/tmp/ --threads 10

Input dir: /var/folders/zg/vq0dnx517c54hg87dyqjky740000gn/T/.tmp7o7wQ0/tmp/
Minimizer length: 15
Kminmer length: 115
Density: 0.005

Loading unitig graph
Load unitigs
Nb unitigs: 618
Nb minimizers: 102699
Add unitig abundances
Sorting abundances
Add unitig edges
Nb unitig edges: 1116
Sorting unitig edges
Done loading unitig graph
Simplifying
Max abundance: 40
Nb unitigs: 618
Superbubble
Nb superbubble removed: 8 0 (0s)
Tip
Nb Tip removed: 205 (0s)
Superbubble
Nb superbubble removed: 30 0 (0s)
Tip
Nb Tip removed: 0 (0s)
Nb errors removed: 115 (0s)
Superbubble
Nb superbubble removed: 0 0 (0s)
Tip
Nb Tip removed: 0 (0s)
Nb errors removed: 57 (0s)
Superbubble
Nb superbubble removed: 0 0 (0s)
Tip
Nb Tip removed: 0 (0s)
Nb errors removed: 37 (0s)
Superbubble
Nb superbubble removed: 0 0 (0s)
Tip
Nb Tip removed: 0 (0s)
Nb errors removed: 19 (0s)
Superbubble
Nb superbubble removed: 2 0 (0s)
Tip
Nb Tip removed: 0 (0s)
Nb errors removed: 15 (0s)
Superbubble
Nb superbubble removed: 0 0 (0s)
Tip
Nb Tip removed: 0 (0s)
Nb errors removed: 14 (0s)
Superbubble
Nb superbubble removed: 0 0 (0s)
Tip
Nb Tip removed: 0 (0s)
Nb errors removed: 12 (0s)
Superbubble
Nb superbubble removed: 0 0 (0s)
Tip
Nb Tip removed: 0 (0s)
Nb errors removed: 18 (0s)
Superbubble
Nb superbubble removed: 2 0 (0s)
Tip
Nb Tip removed: 0 (0s)
Nb errors removed: 12 (0s)
Superbubble
Nb superbubble removed: 4 0 (0s)
Tip
Nb Tip removed: 0 (0s)
Nb errors removed: 6 (0s)
Superbubble
Nb superbubble removed: 0 0 (0s)
Tip
Nb Tip removed: 0 (0s)
Nb errors removed: 11 (0s)
Superbubble
Nb superbubble removed: 0 0 (0s)
Tip
Nb Tip removed: 0 (0s)
Nb errors removed: 2 (0s)
Superbubble
Nb superbubble removed: 0 0 (0s)
Tip
Nb Tip removed: 0 (0s)
Nb errors removed: 1 (0s)
Superbubble
Nb superbubble removed: 0 0 (0s)
Tip
Nb Tip removed: 0 (0s)
Nb errors removed: 1 (0s)
Superbubble
Nb superbubble removed: 0 0 (0s)
Tip
Nb Tip removed: 0 (0s)
Nb errors removed: 10 (0s)
Superbubble
Nb superbubble removed: 0 0 (0s)
Tip
Nb Tip removed: 0 (0s)
Nb errors removed: 1 (0s)
Superbubble
Nb superbubble removed: 0 0 (0s)
Tip
Nb Tip removed: 0 (0s)
Checksum: 0
Checksum abundnace: 0
Generating contigs
41.1448
28.1025
23.2252
17.4494
14.421
13.11
11.9182
10.8347
9.84974
8.14028
7.40025
6.11591
5.05447
4.17725
3.13843
2.14359
0


metaMDBG toMinspace  /var/folders/zg/vq0dnx517c54hg87dyqjky740000gn/T/.tmp7o7wQ0/tmp/ /var/folders/zg/vq0dnx517c54hg87dyqjky740000gn/T/.tmp7o7wQ0/tmp//contigs.nodepath /var/folders/zg/vq0dnx517c54hg87dyqjky740000gn/T/.tmp7o7wQ0/tmp//unitig_data.txt --threads 10

Input dir: /var/folders/zg/vq0dnx517c54hg87dyqjky740000gn/T/.tmp7o7wQ0/tmp/
Minimizer length: 15
Kminmer length: 115
Density: 0.005

Loading unitig sequences

Creating mContigs

Contig filename: /var/folders/zg/vq0dnx517c54hg87dyqjky740000gn/T/.tmp7o7wQ0/tmp//unitig_data.txt
pass done: 115
Multi-k pass: 116/206


metaMDBG graph /var/folders/zg/vq0dnx517c54hg87dyqjky740000gn/T/.tmp7o7wQ0/tmp/ --threads 10 --corrected-read 

Contig filename: 
Output dir: /var/folders/zg/vq0dnx517c54hg87dyqjky740000gn/T/.tmp7o7wQ0/tmp/
Minimizer length: 15
Kminmer length: 116
Density: 0.005
Min abundance: 0

Loading refined abundances
	Duration: 0
Collecting kminmers
Building mdbg
Duration: 0
Nb solid kminmers: 32181
Nb small contigs written: 0
Dump kminmer abundances
	Duration: 0
Indexing edges
Edge index size: 32244
Edge index elements: 59150
	Duration: 0
Compute unitig nodes
	Duration: 0
Index unitig edges
	Duration: 0
Compute unitig edges
	Duration: 0
Dump unitig abundances
	Duration: 0
Nb edges:   0


metaMDBG contig  /var/folders/zg/vq0dnx517c54hg87dyqjky740000gn/T/.tmp7o7wQ0/tmp/ --threads 10

Input dir: /var/folders/zg/vq0dnx517c54hg87dyqjky740000gn/T/.tmp7o7wQ0/tmp/
Minimizer length: 15
Kminmer length: 116
Density: 0.005

Loading unitig graph
Load unitigs
Nb unitigs: 613
Nb minimizers: 102676
Add unitig abundances
Sorting abundances
Add unitig edges
Nb unitig edges: 1100
Sorting unitig edges
Done loading unitig graph
Simplifying
Max abundance: 40
Nb unitigs: 613
Superbubble
Nb superbubble removed: 8 0 (0s)
Tip
Nb Tip removed: 203 (0s)
Superbubble
Nb superbubble removed: 32 0 (0s)
Tip
Nb Tip removed: 0 (0s)
Nb errors removed: 114 (0s)
Superbubble
Nb superbubble removed: 0 0 (0s)
Tip
Nb Tip removed: 0 (0s)
Nb errors removed: 56 (0s)
Superbubble
Nb superbubble removed: 0 0 (0s)
Tip
Nb Tip removed: 0 (0s)
Nb errors removed: 37 (0s)
Superbubble
Nb superbubble removed: 0 0 (0s)
Tip
Nb Tip removed: 0 (0s)
Nb errors removed: 19 (0s)
Superbubble
Nb superbubble removed: 2 0 (0s)
Tip
Nb Tip removed: 0 (0s)
Nb errors removed: 14 (0s)
Superbubble
Nb superbubble removed: 0 0 (0s)
Tip
Nb Tip removed: 0 (0s)
Nb errors removed: 14 (0s)
Superbubble
Nb superbubble removed: 0 0 (0s)
Tip
Nb Tip removed: 0 (0s)
Nb errors removed: 12 (0s)
Superbubble
Nb superbubble removed: 0 0 (0s)
Tip
Nb Tip removed: 0 (0s)
Nb errors removed: 18 (0s)
Superbubble
Nb superbubble removed: 0 0 (0s)
Tip
Nb Tip removed: 0 (0s)
Nb errors removed: 12 (0s)
Superbubble
Nb superbubble removed: 4 0 (0s)
Tip
Nb Tip removed: 0 (0s)
Nb errors removed: 6 (0s)
Superbubble
Nb superbubble removed: 0 0 (0s)
Tip
Nb Tip removed: 0 (0s)
Nb errors removed: 11 (0s)
Superbubble
Nb superbubble removed: 0 0 (0s)
Tip
Nb Tip removed: 0 (0s)
Nb errors removed: 2 (0s)
Superbubble
Nb superbubble removed: 0 0 (0s)
Tip
Nb Tip removed: 0 (0s)
Nb errors removed: 1 (0s)
Superbubble
Nb superbubble removed: 0 0 (0s)
Tip
Nb Tip removed: 0 (0s)
Nb errors removed: 1 (0s)
Superbubble
Nb superbubble removed: 0 0 (0s)
Tip
Nb Tip removed: 0 (0s)
Nb errors removed: 10 (0s)
Superbubble
Nb superbubble removed: 0 0 (0s)
Tip
Nb Tip removed: 0 (0s)
Nb errors removed: 1 (0s)
Superbubble
Nb superbubble removed: 0 0 (0s)
Tip
Nb Tip removed: 0 (0s)
Checksum: 0
Checksum abundnace: 0
Generating contigs
41.1448
28.1025
23.2252
17.4494
14.421
13.11
11.9182
10.8347
9.84974
8.14028
7.40025
6.11591
5.05447
4.17725
3.13843
2.14359
0


metaMDBG toMinspace  /var/folders/zg/vq0dnx517c54hg87dyqjky740000gn/T/.tmp7o7wQ0/tmp/ /var/folders/zg/vq0dnx517c54hg87dyqjky740000gn/T/.tmp7o7wQ0/tmp//contigs.nodepath /var/folders/zg/vq0dnx517c54hg87dyqjky740000gn/T/.tmp7o7wQ0/tmp//unitig_data.txt --threads 10

Input dir: /var/folders/zg/vq0dnx517c54hg87dyqjky740000gn/T/.tmp7o7wQ0/tmp/
Minimizer length: 15
Kminmer length: 116
Density: 0.005

Loading unitig sequences

Creating mContigs

Contig filename: /var/folders/zg/vq0dnx517c54hg87dyqjky740000gn/T/.tmp7o7wQ0/tmp//unitig_data.txt
pass done: 116
Multi-k pass: 117/206


metaMDBG graph /var/folders/zg/vq0dnx517c54hg87dyqjky740000gn/T/.tmp7o7wQ0/tmp/ --threads 10 --corrected-read 

Contig filename: 
Output dir: /var/folders/zg/vq0dnx517c54hg87dyqjky740000gn/T/.tmp7o7wQ0/tmp/
Minimizer length: 15
Kminmer length: 117
Density: 0.005
Min abundance: 0

Loading refined abundances
	Duration: 0
Collecting kminmers
Building mdbg
Duration: 0
Nb solid kminmers: 32116
Nb small contigs written: 0
Dump kminmer abundances
	Duration: 0
Indexing edges
Edge index size: 32176
Edge index elements: 59102
	Duration: 0
Compute unitig nodes
	Duration: 0
Index unitig edges
	Duration: 0
Compute unitig edges
	Duration: 0
Dump unitig abundances
	Duration: 0
Nb edges:   0


metaMDBG contig  /var/folders/zg/vq0dnx517c54hg87dyqjky740000gn/T/.tmp7o7wQ0/tmp/ --threads 10

Input dir: /var/folders/zg/vq0dnx517c54hg87dyqjky740000gn/T/.tmp7o7wQ0/tmp/
Minimizer length: 15
Kminmer length: 117
Density: 0.005

Loading unitig graph
Load unitigs
Nb unitigs: 606
Nb minimizers: 102412
Add unitig abundances
Sorting abundances
Add unitig edges
Nb unitig edges: 1092
Sorting unitig edges
Done loading unitig graph
Simplifying
Max abundance: 40
Nb unitigs: 606
Superbubble
Nb superbubble removed: 8 0 (0s)
Tip
Nb Tip removed: 203 (0s)
Superbubble
Nb superbubble removed: 30 0 (0s)
Tip
Nb Tip removed: 0 (0s)
Nb errors removed: 114 (0s)
Superbubble
Nb superbubble removed: 0 0 (0s)
Tip
Nb Tip removed: 0 (0s)
Nb errors removed: 53 (0s)
Superbubble
Nb superbubble removed: 0 0 (0s)
Tip
Nb Tip removed: 0 (0s)
Nb errors removed: 37 (0s)
Superbubble
Nb superbubble removed: 0 0 (0s)
Tip
Nb Tip removed: 0 (0s)
Nb errors removed: 19 (0s)
Superbubble
Nb superbubble removed: 2 0 (0s)
Tip
Nb Tip removed: 0 (0s)
Nb errors removed: 14 (0s)
Superbubble
Nb superbubble removed: 0 0 (0s)
Tip
Nb Tip removed: 0 (0s)
Nb errors removed: 13 (0s)
Superbubble
Nb superbubble removed: 0 0 (0s)
Tip
Nb Tip removed: 0 (0s)
Nb errors removed: 12 (0s)
Superbubble
Nb superbubble removed: 0 0 (0s)
Tip
Nb Tip removed: 0 (0s)
Nb errors removed: 18 (0s)
Superbubble
Nb superbubble removed: 0 0 (0s)
Tip
Nb Tip removed: 0 (0s)
Nb errors removed: 12 (0s)
Superbubble
Nb superbubble removed: 4 0 (0s)
Tip
Nb Tip removed: 0 (0s)
Nb errors removed: 6 (0s)
Superbubble
Nb superbubble removed: 0 0 (0s)
Tip
Nb Tip removed: 0 (0s)
Nb errors removed: 11 (0s)
Superbubble
Nb superbubble removed: 0 0 (0s)
Tip
Nb Tip removed: 0 (0s)
Nb errors removed: 2 (0s)
Superbubble
Nb superbubble removed: 0 0 (0s)
Tip
Nb Tip removed: 0 (0s)
Nb errors removed: 1 (0s)
Superbubble
Nb superbubble removed: 0 0 (0s)
Tip
Nb Tip removed: 0 (0s)
Nb errors removed: 1 (0s)
Superbubble
Nb superbubble removed: 0 0 (0s)
Tip
Nb Tip removed: 0 (0s)
Nb errors removed: 11 (0s)
Superbubble
Nb superbubble removed: 0 0 (0s)
Tip
Nb Tip removed: 0 (0s)
Nb errors removed: 1 (0s)
Superbubble
Nb superbubble removed: 0 0 (0s)
Tip
Nb Tip removed: 0 (0s)
Checksum: 0
Checksum abundnace: 0
Generating contigs
41.1448
28.1025
23.2252
17.4494
14.421
13.11
11.9182
10.8347
9.84974
8.14028
7.40025
6.11591
5.05447
4.17725
3.13843
2.14359
0


metaMDBG toMinspace  /var/folders/zg/vq0dnx517c54hg87dyqjky740000gn/T/.tmp7o7wQ0/tmp/ /var/folders/zg/vq0dnx517c54hg87dyqjky740000gn/T/.tmp7o7wQ0/tmp//contigs.nodepath /var/folders/zg/vq0dnx517c54hg87dyqjky740000gn/T/.tmp7o7wQ0/tmp//unitig_data.txt --threads 10

Input dir: /var/folders/zg/vq0dnx517c54hg87dyqjky740000gn/T/.tmp7o7wQ0/tmp/
Minimizer length: 15
Kminmer length: 117
Density: 0.005

Loading unitig sequences

Creating mContigs

Contig filename: /var/folders/zg/vq0dnx517c54hg87dyqjky740000gn/T/.tmp7o7wQ0/tmp//unitig_data.txt
pass done: 117
Multi-k pass: 118/206


metaMDBG graph /var/folders/zg/vq0dnx517c54hg87dyqjky740000gn/T/.tmp7o7wQ0/tmp/ --threads 10 --corrected-read 

Contig filename: 
Output dir: /var/folders/zg/vq0dnx517c54hg87dyqjky740000gn/T/.tmp7o7wQ0/tmp/
Minimizer length: 15
Kminmer length: 118
Density: 0.005
Min abundance: 0

Loading refined abundances
	Duration: 0
Collecting kminmers
Building mdbg
Duration: 0
Nb solid kminmers: 32052
Nb small contigs written: 0
Dump kminmer abundances
	Duration: 0
Indexing edges
Edge index size: 32115
Edge index elements: 59009
	Duration: 0
Compute unitig nodes
	Duration: 0
Index unitig edges
	Duration: 0
Compute unitig edges
	Duration: 0
Dump unitig abundances
	Duration: 0
Nb edges:   0


metaMDBG contig  /var/folders/zg/vq0dnx517c54hg87dyqjky740000gn/T/.tmp7o7wQ0/tmp/ --threads 10

Input dir: /var/folders/zg/vq0dnx517c54hg87dyqjky740000gn/T/.tmp7o7wQ0/tmp/
Minimizer length: 15
Kminmer length: 118
Density: 0.005

Loading unitig graph
Load unitigs
Nb unitigs: 601
Nb minimizers: 102369
Add unitig abundances
Sorting abundances
Add unitig edges
Nb unitig edges: 1080
Sorting unitig edges
Done loading unitig graph
Simplifying
Max abundance: 40
Nb unitigs: 601
Superbubble
Nb superbubble removed: 8 0 (0s)
Tip
Nb Tip removed: 204 (0s)
Superbubble
Nb superbubble removed: 26 0 (0s)
Tip
Nb Tip removed: 0 (0s)
Nb errors removed: 113 (0s)
Superbubble
Nb superbubble removed: 0 0 (0s)
Tip
Nb Tip removed: 0 (0s)
Nb errors removed: 53 (0s)
Superbubble
Nb superbubble removed: 0 0 (0s)
Tip
Nb Tip removed: 0 (0s)
Nb errors removed: 37 (0s)
Superbubble
Nb superbubble removed: 0 0 (0s)
Tip
Nb Tip removed: 0 (0s)
Nb errors removed: 19 (0s)
Superbubble
Nb superbubble removed: 2 0 (0s)
Tip
Nb Tip removed: 0 (0s)
Nb errors removed: 14 (0s)
Superbubble
Nb superbubble removed: 0 0 (0s)
Tip
Nb Tip removed: 0 (0s)
Nb errors removed: 13 (0s)
Superbubble
Nb superbubble removed: 0 0 (0s)
Tip
Nb Tip removed: 0 (0s)
Nb errors removed: 12 (0s)
Superbubble
Nb superbubble removed: 0 0 (0s)
Tip
Nb Tip removed: 0 (0s)
Nb errors removed: 20 (0s)
Superbubble
Nb superbubble removed: 0 0 (0s)
Tip
Nb Tip removed: 0 (0s)
Nb errors removed: 12 (0s)
Superbubble
Nb superbubble removed: 4 0 (0s)
Tip
Nb Tip removed: 0 (0s)
Nb errors removed: 6 (0s)
Superbubble
Nb superbubble removed: 0 0 (0s)
Tip
Nb Tip removed: 0 (0s)
Nb errors removed: 11 (0s)
Superbubble
Nb superbubble removed: 0 0 (0s)
Tip
Nb Tip removed: 0 (0s)
Nb errors removed: 2 (0s)
Superbubble
Nb superbubble removed: 0 0 (0s)
Tip
Nb Tip removed: 0 (0s)
Nb errors removed: 1 (0s)
Superbubble
Nb superbubble removed: 0 0 (0s)
Tip
Nb Tip removed: 0 (0s)
Nb errors removed: 1 (0s)
Superbubble
Nb superbubble removed: 0 0 (0s)
Tip
Nb Tip removed: 0 (0s)
Nb errors removed: 11 (0s)
Superbubble
Nb superbubble removed: 0 0 (0s)
Tip
Nb Tip removed: 0 (0s)
Nb errors removed: 1 (0s)
Superbubble
Nb superbubble removed: 0 0 (0s)
Tip
Nb Tip removed: 0 (0s)
Checksum: 0
Checksum abundnace: 0
Generating contigs
41.1448
28.1025
23.2252
17.4494
14.421
13.11
11.9182
10.8347
9.84974
8.14028
7.40025
6.11591
5.05447
4.17725
3.13843
2.14359
0


metaMDBG toMinspace  /var/folders/zg/vq0dnx517c54hg87dyqjky740000gn/T/.tmp7o7wQ0/tmp/ /var/folders/zg/vq0dnx517c54hg87dyqjky740000gn/T/.tmp7o7wQ0/tmp//contigs.nodepath /var/folders/zg/vq0dnx517c54hg87dyqjky740000gn/T/.tmp7o7wQ0/tmp//unitig_data.txt --threads 10

Input dir: /var/folders/zg/vq0dnx517c54hg87dyqjky740000gn/T/.tmp7o7wQ0/tmp/
Minimizer length: 15
Kminmer length: 118
Density: 0.005

Loading unitig sequences

Creating mContigs

Contig filename: /var/folders/zg/vq0dnx517c54hg87dyqjky740000gn/T/.tmp7o7wQ0/tmp//unitig_data.txt
pass done: 118
Multi-k pass: 119/206


metaMDBG graph /var/folders/zg/vq0dnx517c54hg87dyqjky740000gn/T/.tmp7o7wQ0/tmp/ --threads 10 --corrected-read 

Contig filename: 
Output dir: /var/folders/zg/vq0dnx517c54hg87dyqjky740000gn/T/.tmp7o7wQ0/tmp/
Minimizer length: 15
Kminmer length: 119
Density: 0.005
Min abundance: 0

Loading refined abundances
	Duration: 0
Collecting kminmers
Building mdbg
Duration: 0
Nb solid kminmers: 31982
Nb small contigs written: 0
Dump kminmer abundances
	Duration: 0
Indexing edges
Edge index size: 32050
Edge index elements: 58904
	Duration: 0
Compute unitig nodes
	Duration: 0
Index unitig edges
	Duration: 0
Compute unitig edges
	Duration: 0
Dump unitig abundances
	Duration: 0
Nb edges:   0


metaMDBG contig  /var/folders/zg/vq0dnx517c54hg87dyqjky740000gn/T/.tmp7o7wQ0/tmp/ --threads 10

Input dir: /var/folders/zg/vq0dnx517c54hg87dyqjky740000gn/T/.tmp7o7wQ0/tmp/
Minimizer length: 15
Kminmer length: 119
Density: 0.005

Loading unitig graph
Load unitigs
Nb unitigs: 592
Nb minimizers: 101838
Add unitig abundances
Sorting abundances
Add unitig edges
Nb unitig edges: 1048
Sorting unitig edges
Done loading unitig graph
Simplifying
Max abundance: 40
Nb unitigs: 592
Superbubble
Nb superbubble removed: 8 0 (0s)
Tip
Nb Tip removed: 198 (0s)
Superbubble
Nb superbubble removed: 24 0 (0s)
Tip
Nb Tip removed: 0 (0s)
Nb errors removed: 110 (0s)
Superbubble
Nb superbubble removed: 0 0 (0s)
Tip
Nb Tip removed: 0 (0s)
Nb errors removed: 53 (0s)
Superbubble
Nb superbubble removed: 0 0 (0s)
Tip
Nb Tip removed: 0 (0s)
Nb errors removed: 37 (0s)
Superbubble
Nb superbubble removed: 0 0 (0s)
Tip
Nb Tip removed: 0 (0s)
Nb errors removed: 19 (0s)
Superbubble
Nb superbubble removed: 2 0 (0s)
Tip
Nb Tip removed: 0 (0s)
Nb errors removed: 14 (0s)
Superbubble
Nb superbubble removed: 0 0 (0s)
Tip
Nb Tip removed: 0 (0s)
Nb errors removed: 14 (0s)
Superbubble
Nb superbubble removed: 0 0 (0s)
Tip
Nb Tip removed: 0 (0s)
Nb errors removed: 12 (0s)
Superbubble
Nb superbubble removed: 0 0 (0s)
Tip
Nb Tip removed: 0 (0s)
Nb errors removed: 19 (0s)
Superbubble
Nb superbubble removed: 0 0 (0s)
Tip
Nb Tip removed: 0 (0s)
Nb errors removed: 13 (0s)
Superbubble
Nb superbubble removed: 4 0 (0s)
Tip
Nb Tip removed: 0 (0s)
Nb errors removed: 6 (0s)
Superbubble
Nb superbubble removed: 0 0 (0s)
Tip
Nb Tip removed: 0 (0s)
Nb errors removed: 11 (0s)
Superbubble
Nb superbubble removed: 0 0 (0s)
Tip
Nb Tip removed: 0 (0s)
Nb errors removed: 2 (0s)
Superbubble
Nb superbubble removed: 0 0 (0s)
Tip
Nb Tip removed: 0 (0s)
Nb errors removed: 1 (0s)
Superbubble
Nb superbubble removed: 0 0 (0s)
Tip
Nb Tip removed: 0 (0s)
Nb errors removed: 1 (0s)
Superbubble
Nb superbubble removed: 0 0 (0s)
Tip
Nb Tip removed: 0 (0s)
Nb errors removed: 10 (0s)
Superbubble
Nb superbubble removed: 0 0 (0s)
Tip
Nb Tip removed: 0 (0s)
Nb errors removed: 1 (0s)
Superbubble
Nb superbubble removed: 0 0 (0s)
Tip
Nb Tip removed: 0 (0s)
Checksum: 0
Checksum abundnace: 0
Generating contigs
41.1448
28.1025
23.2252
17.4494
14.421
13.11
11.9182
10.8347
9.84974
8.14028
7.40025
6.11591
5.05447
4.17725
3.13843
2.14359
0


metaMDBG toMinspace  /var/folders/zg/vq0dnx517c54hg87dyqjky740000gn/T/.tmp7o7wQ0/tmp/ /var/folders/zg/vq0dnx517c54hg87dyqjky740000gn/T/.tmp7o7wQ0/tmp//contigs.nodepath /var/folders/zg/vq0dnx517c54hg87dyqjky740000gn/T/.tmp7o7wQ0/tmp//unitig_data.txt --threads 10

Input dir: /var/folders/zg/vq0dnx517c54hg87dyqjky740000gn/T/.tmp7o7wQ0/tmp/
Minimizer length: 15
Kminmer length: 119
Density: 0.005

Loading unitig sequences

Creating mContigs

Contig filename: /var/folders/zg/vq0dnx517c54hg87dyqjky740000gn/T/.tmp7o7wQ0/tmp//unitig_data.txt
pass done: 119
Multi-k pass: 120/206


metaMDBG graph /var/folders/zg/vq0dnx517c54hg87dyqjky740000gn/T/.tmp7o7wQ0/tmp/ --threads 10 --corrected-read 

Contig filename: 
Output dir: /var/folders/zg/vq0dnx517c54hg87dyqjky740000gn/T/.tmp7o7wQ0/tmp/
Minimizer length: 15
Kminmer length: 120
Density: 0.005
Min abundance: 0

Loading refined abundances
	Duration: 0
Collecting kminmers
Building mdbg
Duration: 0
Nb solid kminmers: 31912
Nb small contigs written: 0
Dump kminmer abundances
	Duration: 0
Indexing edges
Edge index size: 31979
Edge index elements: 58864
	Duration: 0
Compute unitig nodes
	Duration: 0
Index unitig edges
	Duration: 0
Compute unitig edges
	Duration: 0
Dump unitig abundances
	Duration: 0
Nb edges:   0


metaMDBG contig  /var/folders/zg/vq0dnx517c54hg87dyqjky740000gn/T/.tmp7o7wQ0/tmp/ --threads 10

Input dir: /var/folders/zg/vq0dnx517c54hg87dyqjky740000gn/T/.tmp7o7wQ0/tmp/
Minimizer length: 15
Kminmer length: 120
Density: 0.005

Loading unitig graph
Load unitigs
Nb unitigs: 587
Nb minimizers: 101765
Add unitig abundances
Sorting abundances
Add unitig edges
Nb unitig edges: 1040
Sorting unitig edges
Done loading unitig graph
Simplifying
Max abundance: 40
Nb unitigs: 587
Superbubble
Nb superbubble removed: 6 0 (0s)
Tip
Nb Tip removed: 197 (0s)
Superbubble
Nb superbubble removed: 24 0 (0s)
Tip
Nb Tip removed: 0 (0s)
Nb errors removed: 110 (0s)
Superbubble
Nb superbubble removed: 0 0 (0s)
Tip
Nb Tip removed: 0 (0s)
Nb errors removed: 52 (0s)
Superbubble
Nb superbubble removed: 0 0 (0s)
Tip
Nb Tip removed: 0 (0s)
Nb errors removed: 37 (0s)
Superbubble
Nb superbubble removed: 0 0 (0s)
Tip
Nb Tip removed: 0 (0s)
Nb errors removed: 19 (0s)
Superbubble
Nb superbubble removed: 2 0 (0s)
Tip
Nb Tip removed: 0 (0s)
Nb errors removed: 14 (0s)
Superbubble
Nb superbubble removed: 0 0 (0s)
Tip
Nb Tip removed: 0 (0s)
Nb errors removed: 14 (0s)
Superbubble
Nb superbubble removed: 0 0 (0s)
Tip
Nb Tip removed: 0 (0s)
Nb errors removed: 12 (0s)
Superbubble
Nb superbubble removed: 0 0 (0s)
Tip
Nb Tip removed: 0 (0s)
Nb errors removed: 19 (0s)
Superbubble
Nb superbubble removed: 0 0 (0s)
Tip
Nb Tip removed: 0 (0s)
Nb errors removed: 13 (0s)
Superbubble
Nb superbubble removed: 4 0 (0s)
Tip
Nb Tip removed: 0 (0s)
Nb errors removed: 6 (0s)
Superbubble
Nb superbubble removed: 0 0 (0s)
Tip
Nb Tip removed: 0 (0s)
Nb errors removed: 11 (0s)
Superbubble
Nb superbubble removed: 0 0 (0s)
Tip
Nb Tip removed: 0 (0s)
Nb errors removed: 2 (0s)
Superbubble
Nb superbubble removed: 0 0 (0s)
Tip
Nb Tip removed: 0 (0s)
Nb errors removed: 1 (0s)
Superbubble
Nb superbubble removed: 0 0 (0s)
Tip
Nb Tip removed: 0 (0s)
Nb errors removed: 1 (0s)
Superbubble
Nb superbubble removed: 0 0 (0s)
Tip
Nb Tip removed: 0 (0s)
Nb errors removed: 9 (0s)
Superbubble
Nb superbubble removed: 0 0 (0s)
Tip
Nb Tip removed: 0 (0s)
Nb errors removed: 1 (0s)
Superbubble
Nb superbubble removed: 0 0 (0s)
Tip
Nb Tip removed: 0 (0s)
Checksum: 0
Checksum abundnace: 0
Generating contigs
41.1448
28.1025
23.2252
17.4494
14.421
13.11
11.9182
10.8347
9.84974
8.14028
7.40025
6.11591
5.05447
4.17725
3.13843
2.14359
0


metaMDBG toMinspace  /var/folders/zg/vq0dnx517c54hg87dyqjky740000gn/T/.tmp7o7wQ0/tmp/ /var/folders/zg/vq0dnx517c54hg87dyqjky740000gn/T/.tmp7o7wQ0/tmp//contigs.nodepath /var/folders/zg/vq0dnx517c54hg87dyqjky740000gn/T/.tmp7o7wQ0/tmp//unitig_data.txt --threads 10

Input dir: /var/folders/zg/vq0dnx517c54hg87dyqjky740000gn/T/.tmp7o7wQ0/tmp/
Minimizer length: 15
Kminmer length: 120
Density: 0.005

Loading unitig sequences

Creating mContigs

Contig filename: /var/folders/zg/vq0dnx517c54hg87dyqjky740000gn/T/.tmp7o7wQ0/tmp//unitig_data.txt
pass done: 120
Multi-k pass: 121/206


metaMDBG graph /var/folders/zg/vq0dnx517c54hg87dyqjky740000gn/T/.tmp7o7wQ0/tmp/ --threads 10 --corrected-read 

Contig filename: 
Output dir: /var/folders/zg/vq0dnx517c54hg87dyqjky740000gn/T/.tmp7o7wQ0/tmp/
Minimizer length: 15
Kminmer length: 121
Density: 0.005
Min abundance: 0

Loading refined abundances
	Duration: 0
Collecting kminmers
Building mdbg
Duration: 0
Nb solid kminmers: 31842
Nb small contigs written: 0
Dump kminmer abundances
	Duration: 0
Indexing edges
Edge index size: 31909
Edge index elements: 58828
	Duration: 0
Compute unitig nodes
	Duration: 0
Index unitig edges
	Duration: 0
Compute unitig edges
	Duration: 0
Dump unitig abundances
	Duration: 0
Nb edges:   0


metaMDBG contig  /var/folders/zg/vq0dnx517c54hg87dyqjky740000gn/T/.tmp7o7wQ0/tmp/ --threads 10 --gen-graph 

Input dir: /var/folders/zg/vq0dnx517c54hg87dyqjky740000gn/T/.tmp7o7wQ0/tmp/
Minimizer length: 15
Kminmer length: 121
Density: 0.005

Loading unitig graph
Load unitigs
Nb unitigs: 581
Nb minimizers: 101562
Add unitig abundances
Sorting abundances
Add unitig edges
Nb unitig edges: 1028
Sorting unitig edges
Done loading unitig graph
Simplifying
Max abundance: 40
Nb unitigs: 581
Superbubble
Nb superbubble removed: 6 0 (0s)
Tip
Nb Tip removed: 197 (0s)
Superbubble
Nb superbubble removed: 22 0 (0s)
Tip
Nb Tip removed: 0 (0s)
Saving unitig graph: /var/folders/zg/vq0dnx517c54hg87dyqjky740000gn/T/.tmp7o7wQ0/tmp//assembly_graph.gfa
Nb errors removed: 108 (0s)
Superbubble
Nb superbubble removed: 0 0 (0s)
Tip
Nb Tip removed: 0 (0s)
Nb errors removed: 52 (0s)
Superbubble
Nb superbubble removed: 0 0 (0s)
Tip
Nb Tip removed: 0 (0s)
Nb errors removed: 37 (0s)
Superbubble
Nb superbubble removed: 0 0 (0s)
Tip
Nb Tip removed: 0 (0s)
Nb errors removed: 19 (0s)
Superbubble
Nb superbubble removed: 2 0 (0s)
Tip
Nb Tip removed: 0 (0s)
Nb errors removed: 14 (0s)
Superbubble
Nb superbubble removed: 0 0 (0s)
Tip
Nb Tip removed: 0 (0s)
Nb errors removed: 14 (0s)
Superbubble
Nb superbubble removed: 0 0 (0s)
Tip
Nb Tip removed: 0 (0s)
Nb errors removed: 12 (0s)
Superbubble
Nb superbubble removed: 0 0 (0s)
Tip
Nb Tip removed: 0 (0s)
Nb errors removed: 19 (0s)
Superbubble
Nb superbubble removed: 0 0 (0s)
Tip
Nb Tip removed: 0 (0s)
Nb errors removed: 13 (0s)
Superbubble
Nb superbubble removed: 4 0 (0s)
Tip
Nb Tip removed: 0 (0s)
Nb errors removed: 6 (0s)
Superbubble
Nb superbubble removed: 0 0 (0s)
Tip
Nb Tip removed: 0 (0s)
Nb errors removed: 12 (0s)
Superbubble
Nb superbubble removed: 0 0 (0s)
Tip
Nb Tip removed: 0 (0s)
Nb errors removed: 2 (0s)
Superbubble
Nb superbubble removed: 0 0 (0s)
Tip
Nb Tip removed: 0 (0s)
Nb errors removed: 1 (0s)
Superbubble
Nb superbubble removed: 0 0 (0s)
Tip
Nb Tip removed: 0 (0s)
Nb errors removed: 1 (0s)
Superbubble
Nb superbubble removed: 0 0 (0s)
Tip
Nb Tip removed: 0 (0s)
Nb errors removed: 9 (0s)
Superbubble
Nb superbubble removed: 0 0 (0s)
Tip
Nb Tip removed: 0 (0s)
Nb errors removed: 1 (0s)
Superbubble
Nb superbubble removed: 0 0 (0s)
Tip
Nb Tip removed: 0 (0s)
Checksum: 0
Checksum abundnace: 0
Generating contigs
41.1448
28.1025
23.2252
17.4494
14.421
13.11
11.9182
10.8347
9.84974
8.14028
7.40025
6.11591
5.05447
4.17725
3.13843
2.14359
0


metaMDBG toMinspace  /var/folders/zg/vq0dnx517c54hg87dyqjky740000gn/T/.tmp7o7wQ0/tmp/ /var/folders/zg/vq0dnx517c54hg87dyqjky740000gn/T/.tmp7o7wQ0/tmp//contigs.nodepath /var/folders/zg/vq0dnx517c54hg87dyqjky740000gn/T/.tmp7o7wQ0/tmp//unitig_data.txt --threads 10

Input dir: /var/folders/zg/vq0dnx517c54hg87dyqjky740000gn/T/.tmp7o7wQ0/tmp/
Minimizer length: 15
Kminmer length: 121
Density: 0.005

Loading unitig sequences

Creating mContigs

Contig filename: /var/folders/zg/vq0dnx517c54hg87dyqjky740000gn/T/.tmp7o7wQ0/tmp//unitig_data.txt


metaMDBG toMinspace  /var/folders/zg/vq0dnx517c54hg87dyqjky740000gn/T/.tmp7o7wQ0/tmp/ /var/folders/zg/vq0dnx517c54hg87dyqjky740000gn/T/.tmp7o7wQ0/tmp//assembly_graph.gfa.unitigs.nodepath /var/folders/zg/vq0dnx517c54hg87dyqjky740000gn/T/.tmp7o7wQ0/tmp//assembly_graph.gfa.unitigs --threads 10

Input dir: /var/folders/zg/vq0dnx517c54hg87dyqjky740000gn/T/.tmp7o7wQ0/tmp/
Minimizer length: 15
Kminmer length: 121
Density: 0.005

Loading unitig sequences

Creating mContigs

Contig filename: /var/folders/zg/vq0dnx517c54hg87dyqjky740000gn/T/.tmp7o7wQ0/tmp//assembly_graph.gfa.unitigs
pass done: 121
Multi-k pass: 122/206


metaMDBG graph /var/folders/zg/vq0dnx517c54hg87dyqjky740000gn/T/.tmp7o7wQ0/tmp/ --threads 10 --corrected-read 

Contig filename: 
Output dir: /var/folders/zg/vq0dnx517c54hg87dyqjky740000gn/T/.tmp7o7wQ0/tmp/
Minimizer length: 15
Kminmer length: 122
Density: 0.005
Min abundance: 0

Loading refined abundances
	Duration: 0
Collecting kminmers
Building mdbg
Duration: 0
Nb solid kminmers: 31770
Nb small contigs written: 0
Dump kminmer abundances
	Duration: 0
Indexing edges
Edge index size: 31839
Edge index elements: 58683
	Duration: 0
Compute unitig nodes
	Duration: 0
Index unitig edges
	Duration: 0
Compute unitig edges
	Duration: 0
Dump unitig abundances
	Duration: 0
Nb edges:   0


metaMDBG contig  /var/folders/zg/vq0dnx517c54hg87dyqjky740000gn/T/.tmp7o7wQ0/tmp/ --threads 10

Input dir: /var/folders/zg/vq0dnx517c54hg87dyqjky740000gn/T/.tmp7o7wQ0/tmp/
Minimizer length: 15
Kminmer length: 122
Density: 0.005

Loading unitig graph
Load unitigs
Nb unitigs: 572
Nb minimizers: 100982
Add unitig abundances
Sorting abundances
Add unitig edges
Nb unitig edges: 1008
Sorting unitig edges
Done loading unitig graph
Simplifying
Max abundance: 40
Nb unitigs: 572
Superbubble
Nb superbubble removed: 6 0 (0s)
Tip
Nb Tip removed: 192 (0s)
Superbubble
Nb superbubble removed: 22 0 (0s)
Tip
Nb Tip removed: 0 (0s)
Nb errors removed: 106 (0s)
Superbubble
Nb superbubble removed: 0 0 (0s)
Tip
Nb Tip removed: 0 (0s)
Nb errors removed: 50 (0s)
Superbubble
Nb superbubble removed: 0 0 (0s)
Tip
Nb Tip removed: 0 (0s)
Nb errors removed: 37 (0s)
Superbubble
Nb superbubble removed: 0 0 (0s)
Tip
Nb Tip removed: 0 (0s)
Nb errors removed: 19 (0s)
Superbubble
Nb superbubble removed: 2 0 (0s)
Tip
Nb Tip removed: 0 (0s)
Nb errors removed: 14 (0s)
Superbubble
Nb superbubble removed: 0 0 (0s)
Tip
Nb Tip removed: 0 (0s)
Nb errors removed: 14 (0s)
Superbubble
Nb superbubble removed: 0 0 (0s)
Tip
Nb Tip removed: 0 (0s)
Nb errors removed: 12 (0s)
Superbubble
Nb superbubble removed: 0 0 (0s)
Tip
Nb Tip removed: 0 (0s)
Nb errors removed: 19 (0s)
Superbubble
Nb superbubble removed: 0 0 (0s)
Tip
Nb Tip removed: 0 (0s)
Nb errors removed: 13 (0s)
Superbubble
Nb superbubble removed: 4 0 (0s)
Tip
Nb Tip removed: 0 (0s)
Nb errors removed: 6 (0s)
Superbubble
Nb superbubble removed: 0 0 (0s)
Tip
Nb Tip removed: 0 (0s)
Nb errors removed: 12 (0s)
Superbubble
Nb superbubble removed: 0 0 (0s)
Tip
Nb Tip removed: 0 (0s)
Nb errors removed: 2 (0s)
Superbubble
Nb superbubble removed: 0 0 (0s)
Tip
Nb Tip removed: 0 (0s)
Nb errors removed: 1 (0s)
Superbubble
Nb superbubble removed: 0 0 (0s)
Tip
Nb Tip removed: 0 (0s)
Nb errors removed: 1 (0s)
Superbubble
Nb superbubble removed: 0 0 (0s)
Tip
Nb Tip removed: 0 (0s)
Nb errors removed: 9 (0s)
Superbubble
Nb superbubble removed: 0 0 (0s)
Tip
Nb Tip removed: 0 (0s)
Nb errors removed: 1 (0s)
Superbubble
Nb superbubble removed: 0 0 (0s)
Tip
Nb Tip removed: 0 (0s)
Checksum: 0
Checksum abundnace: 0
Generating contigs
41.1448
28.1025
23.2252
17.4494
14.421
13.11
11.9182
10.8347
9.84974
8.14028
7.40025
6.11591
5.05447
4.17725
3.13843
2.14359
0


metaMDBG toMinspace  /var/folders/zg/vq0dnx517c54hg87dyqjky740000gn/T/.tmp7o7wQ0/tmp/ /var/folders/zg/vq0dnx517c54hg87dyqjky740000gn/T/.tmp7o7wQ0/tmp//contigs.nodepath /var/folders/zg/vq0dnx517c54hg87dyqjky740000gn/T/.tmp7o7wQ0/tmp//unitig_data.txt --threads 10

Input dir: /var/folders/zg/vq0dnx517c54hg87dyqjky740000gn/T/.tmp7o7wQ0/tmp/
Minimizer length: 15
Kminmer length: 122
Density: 0.005

Loading unitig sequences

Creating mContigs

Contig filename: /var/folders/zg/vq0dnx517c54hg87dyqjky740000gn/T/.tmp7o7wQ0/tmp//unitig_data.txt
pass done: 122
Multi-k pass: 123/206


metaMDBG graph /var/folders/zg/vq0dnx517c54hg87dyqjky740000gn/T/.tmp7o7wQ0/tmp/ --threads 10 --corrected-read 

Contig filename: 
Output dir: /var/folders/zg/vq0dnx517c54hg87dyqjky740000gn/T/.tmp7o7wQ0/tmp/
Minimizer length: 15
Kminmer length: 123
Density: 0.005
Min abundance: 0

Loading refined abundances
	Duration: 0
Collecting kminmers
Building mdbg
Duration: 0
Nb solid kminmers: 31697
Nb small contigs written: 0
Dump kminmer abundances
	Duration: 0
Indexing edges
Edge index size: 31765
Edge index elements: 58551
	Duration: 0
Compute unitig nodes
	Duration: 0
Index unitig edges
	Duration: 0
Compute unitig edges
	Duration: 0
Dump unitig abundances
	Duration: 0
Nb edges:   0


metaMDBG contig  /var/folders/zg/vq0dnx517c54hg87dyqjky740000gn/T/.tmp7o7wQ0/tmp/ --threads 10

Input dir: /var/folders/zg/vq0dnx517c54hg87dyqjky740000gn/T/.tmp7o7wQ0/tmp/
Minimizer length: 15
Kminmer length: 123
Density: 0.005

Loading unitig graph
Load unitigs
Nb unitigs: 566
Nb minimizers: 100749
Add unitig abundances
Sorting abundances
Add unitig edges
Nb unitig edges: 996
Sorting unitig edges
Done loading unitig graph
Simplifying
Max abundance: 40
Nb unitigs: 566
Superbubble
Nb superbubble removed: 4 0 (0s)
Tip
Nb Tip removed: 193 (0s)
Superbubble
Nb superbubble removed: 20 0 (0s)
Tip
Nb Tip removed: 0 (0s)
Nb errors removed: 105 (0s)
Superbubble
Nb superbubble removed: 0 0 (0s)
Tip
Nb Tip removed: 0 (0s)
Nb errors removed: 51 (0s)
Superbubble
Nb superbubble removed: 0 0 (0s)
Tip
Nb Tip removed: 0 (0s)
Nb errors removed: 35 (0s)
Superbubble
Nb superbubble removed: 0 0 (0s)
Tip
Nb Tip removed: 0 (0s)
Nb errors removed: 19 (0s)
Superbubble
Nb superbubble removed: 2 0 (0s)
Tip
Nb Tip removed: 0 (0s)
Nb errors removed: 13 (0s)
Superbubble
Nb superbubble removed: 0 0 (0s)
Tip
Nb Tip removed: 0 (0s)
Nb errors removed: 14 (0s)
Superbubble
Nb superbubble removed: 0 0 (0s)
Tip
Nb Tip removed: 0 (0s)
Nb errors removed: 13 (0s)
Superbubble
Nb superbubble removed: 0 0 (0s)
Tip
Nb Tip removed: 0 (0s)
Nb errors removed: 19 (0s)
Superbubble
Nb superbubble removed: 0 0 (0s)
Tip
Nb Tip removed: 0 (0s)
Nb errors removed: 14 (0s)
Superbubble
Nb superbubble removed: 4 0 (0s)
Tip
Nb Tip removed: 0 (0s)
Nb errors removed: 6 (0s)
Superbubble
Nb superbubble removed: 0 0 (0s)
Tip
Nb Tip removed: 0 (0s)
Nb errors removed: 12 (0s)
Superbubble
Nb superbubble removed: 0 0 (0s)
Tip
Nb Tip removed: 0 (0s)
Nb errors removed: 2 (0s)
Superbubble
Nb superbubble removed: 0 0 (0s)
Tip
Nb Tip removed: 0 (0s)
Nb errors removed: 1 (0s)
Superbubble
Nb superbubble removed: 0 0 (0s)
Tip
Nb Tip removed: 0 (0s)
Nb errors removed: 1 (0s)
Superbubble
Nb superbubble removed: 0 0 (0s)
Tip
Nb Tip removed: 0 (0s)
Nb errors removed: 9 (0s)
Superbubble
Nb superbubble removed: 0 0 (0s)
Tip
Nb Tip removed: 0 (0s)
Nb errors removed: 1 (0s)
Superbubble
Nb superbubble removed: 0 0 (0s)
Tip
Nb Tip removed: 0 (0s)
Checksum: 0
Checksum abundnace: 0
Generating contigs
41.1448
28.1025
23.2252
17.4494
14.421
13.11
11.9182
10.8347
9.84974
8.14028
7.40025
6.11591
5.05447
4.17725
3.13843
2.14359
0


metaMDBG toMinspace  /var/folders/zg/vq0dnx517c54hg87dyqjky740000gn/T/.tmp7o7wQ0/tmp/ /var/folders/zg/vq0dnx517c54hg87dyqjky740000gn/T/.tmp7o7wQ0/tmp//contigs.nodepath /var/folders/zg/vq0dnx517c54hg87dyqjky740000gn/T/.tmp7o7wQ0/tmp//unitig_data.txt --threads 10

Input dir: /var/folders/zg/vq0dnx517c54hg87dyqjky740000gn/T/.tmp7o7wQ0/tmp/
Minimizer length: 15
Kminmer length: 123
Density: 0.005

Loading unitig sequences

Creating mContigs

Contig filename: /var/folders/zg/vq0dnx517c54hg87dyqjky740000gn/T/.tmp7o7wQ0/tmp//unitig_data.txt
pass done: 123
Multi-k pass: 124/206


metaMDBG graph /var/folders/zg/vq0dnx517c54hg87dyqjky740000gn/T/.tmp7o7wQ0/tmp/ --threads 10 --corrected-read 

Contig filename: 
Output dir: /var/folders/zg/vq0dnx517c54hg87dyqjky740000gn/T/.tmp7o7wQ0/tmp/
Minimizer length: 15
Kminmer length: 124
Density: 0.005
Min abundance: 0

Loading refined abundances
	Duration: 0
Collecting kminmers
Building mdbg
Duration: 0
Nb solid kminmers: 31623
Nb small contigs written: 0
Dump kminmer abundances
	Duration: 0
Indexing edges
Edge index size: 31693
Edge index elements: 58543
	Duration: 0
Compute unitig nodes
	Duration: 0
Index unitig edges
	Duration: 0
Compute unitig edges
	Duration: 0
Dump unitig abundances
	Duration: 0
Nb edges:   0


metaMDBG contig  /var/folders/zg/vq0dnx517c54hg87dyqjky740000gn/T/.tmp7o7wQ0/tmp/ --threads 10

Input dir: /var/folders/zg/vq0dnx517c54hg87dyqjky740000gn/T/.tmp7o7wQ0/tmp/
Minimizer length: 15
Kminmer length: 124
Density: 0.005

Loading unitig graph
Load unitigs
Nb unitigs: 553
Nb minimizers: 99642
Add unitig abundances
Sorting abundances
Add unitig edges
Nb unitig edges: 972
Sorting unitig edges
Done loading unitig graph
Simplifying
Max abundance: 40
Nb unitigs: 553
Superbubble
Nb superbubble removed: 6 0 (0s)
Tip
Nb Tip removed: 187 (0s)
Superbubble
Nb superbubble removed: 18 0 (0s)
Tip
Nb Tip removed: 0 (0s)
Nb errors removed: 102 (0s)
Superbubble
Nb superbubble removed: 0 0 (0s)
Tip
Nb Tip removed: 0 (0s)
Nb errors removed: 49 (0s)
Superbubble
Nb superbubble removed: 0 0 (0s)
Tip
Nb Tip removed: 0 (0s)
Nb errors removed: 35 (0s)
Superbubble
Nb superbubble removed: 0 0 (0s)
Tip
Nb Tip removed: 0 (0s)
Nb errors removed: 19 (0s)
Superbubble
Nb superbubble removed: 2 0 (0s)
Tip
Nb Tip removed: 0 (0s)
Nb errors removed: 13 (0s)
Superbubble
Nb superbubble removed: 0 0 (0s)
Tip
Nb Tip removed: 0 (0s)
Nb errors removed: 14 (0s)
Superbubble
Nb superbubble removed: 0 0 (0s)
Tip
Nb Tip removed: 0 (0s)
Nb errors removed: 13 (0s)
Superbubble
Nb superbubble removed: 0 0 (0s)
Tip
Nb Tip removed: 0 (0s)
Nb errors removed: 19 (0s)
Superbubble
Nb superbubble removed: 0 0 (0s)
Tip
Nb Tip removed: 0 (0s)
Nb errors removed: 14 (0s)
Superbubble
Nb superbubble removed: 4 0 (0s)
Tip
Nb Tip removed: 0 (0s)
Nb errors removed: 6 (0s)
Superbubble
Nb superbubble removed: 0 0 (0s)
Tip
Nb Tip removed: 0 (0s)
Nb errors removed: 12 (0s)
Superbubble
Nb superbubble removed: 0 0 (0s)
Tip
Nb Tip removed: 0 (0s)
Nb errors removed: 2 (0s)
Superbubble
Nb superbubble removed: 0 0 (0s)
Tip
Nb Tip removed: 0 (0s)
Nb errors removed: 1 (0s)
Superbubble
Nb superbubble removed: 0 0 (0s)
Tip
Nb Tip removed: 0 (0s)
Nb errors removed: 1 (0s)
Superbubble
Nb superbubble removed: 0 0 (0s)
Tip
Nb Tip removed: 0 (0s)
Nb errors removed: 9 (0s)
Superbubble
Nb superbubble removed: 0 0 (0s)
Tip
Nb Tip removed: 0 (0s)
Nb errors removed: 1 (0s)
Superbubble
Nb superbubble removed: 0 0 (0s)
Tip
Nb Tip removed: 0 (0s)
Checksum: 0
Checksum abundnace: 0
Generating contigs
41.1448
28.1025
23.2252
17.4494
14.421
13.11
11.9182
10.8347
9.84974
8.14028
7.40025
6.11591
5.05447
4.17725
3.13843
2.14359
0


metaMDBG toMinspace  /var/folders/zg/vq0dnx517c54hg87dyqjky740000gn/T/.tmp7o7wQ0/tmp/ /var/folders/zg/vq0dnx517c54hg87dyqjky740000gn/T/.tmp7o7wQ0/tmp//contigs.nodepath /var/folders/zg/vq0dnx517c54hg87dyqjky740000gn/T/.tmp7o7wQ0/tmp//unitig_data.txt --threads 10

Input dir: /var/folders/zg/vq0dnx517c54hg87dyqjky740000gn/T/.tmp7o7wQ0/tmp/
Minimizer length: 15
Kminmer length: 124
Density: 0.005

Loading unitig sequences

Creating mContigs

Contig filename: /var/folders/zg/vq0dnx517c54hg87dyqjky740000gn/T/.tmp7o7wQ0/tmp//unitig_data.txt
pass done: 124
Multi-k pass: 125/206


metaMDBG graph /var/folders/zg/vq0dnx517c54hg87dyqjky740000gn/T/.tmp7o7wQ0/tmp/ --threads 10 --corrected-read 

Contig filename: 
Output dir: /var/folders/zg/vq0dnx517c54hg87dyqjky740000gn/T/.tmp7o7wQ0/tmp/
Minimizer length: 15
Kminmer length: 125
Density: 0.005
Min abundance: 0

Loading refined abundances
	Duration: 0
Collecting kminmers
Building mdbg
Duration: 0
Nb solid kminmers: 31550
Nb small contigs written: 0
Dump kminmer abundances
	Duration: 0
Indexing edges
Edge index size: 31620
Edge index elements: 58334
	Duration: 0
Compute unitig nodes
	Duration: 0
Index unitig edges
	Duration: 0
Compute unitig edges
	Duration: 0
Dump unitig abundances
	Duration: 0
Nb edges:   0


metaMDBG contig  /var/folders/zg/vq0dnx517c54hg87dyqjky740000gn/T/.tmp7o7wQ0/tmp/ --threads 10

Input dir: /var/folders/zg/vq0dnx517c54hg87dyqjky740000gn/T/.tmp7o7wQ0/tmp/
Minimizer length: 15
Kminmer length: 125
Density: 0.005

Loading unitig graph
Load unitigs
Nb unitigs: 545
Nb minimizers: 99130
Add unitig abundances
Sorting abundances
Add unitig edges
Nb unitig edges: 952
Sorting unitig edges
Done loading unitig graph
Simplifying
Max abundance: 40
Nb unitigs: 545
Superbubble
Nb superbubble removed: 6 0 (0s)
Tip
Nb Tip removed: 182 (0s)
Superbubble
Nb superbubble removed: 16 0 (0s)
Tip
Nb Tip removed: 0 (0s)
Nb errors removed: 101 (0s)
Superbubble
Nb superbubble removed: 0 0 (0s)
Tip
Nb Tip removed: 0 (0s)
Nb errors removed: 45 (0s)
Superbubble
Nb superbubble removed: 0 0 (0s)
Tip
Nb Tip removed: 0 (0s)
Nb errors removed: 35 (0s)
Superbubble
Nb superbubble removed: 0 0 (0s)
Tip
Nb Tip removed: 0 (0s)
Nb errors removed: 19 (0s)
Superbubble
Nb superbubble removed: 2 0 (0s)
Tip
Nb Tip removed: 0 (0s)
Nb errors removed: 13 (0s)
Superbubble
Nb superbubble removed: 0 0 (0s)
Tip
Nb Tip removed: 0 (0s)
Nb errors removed: 15 (0s)
Superbubble
Nb superbubble removed: 0 0 (0s)
Tip
Nb Tip removed: 0 (0s)
Nb errors removed: 13 (0s)
Superbubble
Nb superbubble removed: 0 0 (0s)
Tip
Nb Tip removed: 0 (0s)
Nb errors removed: 18 (0s)
Superbubble
Nb superbubble removed: 0 0 (0s)
Tip
Nb Tip removed: 0 (0s)
Nb errors removed: 14 (0s)
Superbubble
Nb superbubble removed: 4 0 (0s)
Tip
Nb Tip removed: 0 (0s)
Nb errors removed: 6 (0s)
Superbubble
Nb superbubble removed: 0 0 (0s)
Tip
Nb Tip removed: 0 (0s)
Nb errors removed: 12 (0s)
Superbubble
Nb superbubble removed: 0 0 (0s)
Tip
Nb Tip removed: 0 (0s)
Nb errors removed: 2 (0s)
Superbubble
Nb superbubble removed: 0 0 (0s)
Tip
Nb Tip removed: 0 (0s)
Nb errors removed: 1 (0s)
Superbubble
Nb superbubble removed: 0 0 (0s)
Tip
Nb Tip removed: 0 (0s)
Nb errors removed: 1 (0s)
Superbubble
Nb superbubble removed: 0 0 (0s)
Tip
Nb Tip removed: 0 (0s)
Nb errors removed: 9 (0s)
Superbubble
Nb superbubble removed: 0 0 (0s)
Tip
Nb Tip removed: 0 (0s)
Nb errors removed: 1 (0s)
Superbubble
Nb superbubble removed: 0 0 (0s)
Tip
Nb Tip removed: 0 (0s)
Checksum: 0
Checksum abundnace: 0
Generating contigs
41.1448
28.1025
23.2252
17.4494
14.421
13.11
11.9182
10.8347
9.84974
8.14028
7.40025
6.11591
5.05447
4.17725
3.13843
2.14359
0


metaMDBG toMinspace  /var/folders/zg/vq0dnx517c54hg87dyqjky740000gn/T/.tmp7o7wQ0/tmp/ /var/folders/zg/vq0dnx517c54hg87dyqjky740000gn/T/.tmp7o7wQ0/tmp//contigs.nodepath /var/folders/zg/vq0dnx517c54hg87dyqjky740000gn/T/.tmp7o7wQ0/tmp//unitig_data.txt --threads 10

Input dir: /var/folders/zg/vq0dnx517c54hg87dyqjky740000gn/T/.tmp7o7wQ0/tmp/
Minimizer length: 15
Kminmer length: 125
Density: 0.005

Loading unitig sequences

Creating mContigs

Contig filename: /var/folders/zg/vq0dnx517c54hg87dyqjky740000gn/T/.tmp7o7wQ0/tmp//unitig_data.txt
pass done: 125
Multi-k pass: 126/206


metaMDBG graph /var/folders/zg/vq0dnx517c54hg87dyqjky740000gn/T/.tmp7o7wQ0/tmp/ --threads 10 --corrected-read 

Contig filename: 
Output dir: /var/folders/zg/vq0dnx517c54hg87dyqjky740000gn/T/.tmp7o7wQ0/tmp/
Minimizer length: 15
Kminmer length: 126
Density: 0.005
Min abundance: 0

Loading refined abundances
	Duration: 0
Collecting kminmers
Building mdbg
Duration: 0
Nb solid kminmers: 31474
Nb small contigs written: 0
Dump kminmer abundances
	Duration: 0
Indexing edges
Edge index size: 31547
Edge index elements: 58312
	Duration: 0
Compute unitig nodes
	Duration: 0
Index unitig edges
	Duration: 0
Compute unitig edges
	Duration: 0
Dump unitig abundances
	Duration: 0
Nb edges:   0


metaMDBG contig  /var/folders/zg/vq0dnx517c54hg87dyqjky740000gn/T/.tmp7o7wQ0/tmp/ --threads 10

Input dir: /var/folders/zg/vq0dnx517c54hg87dyqjky740000gn/T/.tmp7o7wQ0/tmp/
Minimizer length: 15
Kminmer length: 126
Density: 0.005

Loading unitig graph
Load unitigs
Nb unitigs: 537
Nb minimizers: 98599
Add unitig abundances
Sorting abundances
Add unitig edges
Nb unitig edges: 932
Sorting unitig edges
Done loading unitig graph
Simplifying
Max abundance: 40
Nb unitigs: 537
Superbubble
Nb superbubble removed: 6 0 (0s)
Tip
Nb Tip removed: 179 (0s)
Superbubble
Nb superbubble removed: 12 0 (0s)
Tip
Nb Tip removed: 0 (0s)
Nb errors removed: 99 (0s)
Superbubble
Nb superbubble removed: 0 0 (0s)
Tip
Nb Tip removed: 0 (0s)
Nb errors removed: 44 (0s)
Superbubble
Nb superbubble removed: 0 0 (0s)
Tip
Nb Tip removed: 0 (0s)
Nb errors removed: 35 (0s)
Superbubble
Nb superbubble removed: 0 0 (0s)
Tip
Nb Tip removed: 0 (0s)
Nb errors removed: 19 (0s)
Superbubble
Nb superbubble removed: 2 0 (0s)
Tip
Nb Tip removed: 0 (0s)
Nb errors removed: 13 (0s)
Superbubble
Nb superbubble removed: 0 0 (0s)
Tip
Nb Tip removed: 0 (0s)
Nb errors removed: 16 (0s)
Superbubble
Nb superbubble removed: 2 0 (0s)
Tip
Nb Tip removed: 0 (0s)
Nb errors removed: 13 (0s)
Superbubble
Nb superbubble removed: 0 0 (0s)
Tip
Nb Tip removed: 0 (0s)
Nb errors removed: 19 (0s)
Superbubble
Nb superbubble removed: 0 0 (0s)
Tip
Nb Tip removed: 0 (0s)
Nb errors removed: 16 (0s)
Superbubble
Nb superbubble removed: 4 0 (0s)
Tip
Nb Tip removed: 0 (0s)
Nb errors removed: 5 (0s)
Superbubble
Nb superbubble removed: 0 0 (0s)
Tip
Nb Tip removed: 0 (0s)
Nb errors removed: 12 (0s)
Superbubble
Nb superbubble removed: 0 0 (0s)
Tip
Nb Tip removed: 0 (0s)
Nb errors removed: 2 (0s)
Superbubble
Nb superbubble removed: 0 0 (0s)
Tip
Nb Tip removed: 0 (0s)
Nb errors removed: 1 (0s)
Superbubble
Nb superbubble removed: 0 0 (0s)
Tip
Nb Tip removed: 0 (0s)
Nb errors removed: 1 (0s)
Superbubble
Nb superbubble removed: 0 0 (0s)
Tip
Nb Tip removed: 0 (0s)
Nb errors removed: 9 (0s)
Superbubble
Nb superbubble removed: 0 0 (0s)
Tip
Nb Tip removed: 0 (0s)
Nb errors removed: 1 (0s)
Superbubble
Nb superbubble removed: 0 0 (0s)
Tip
Nb Tip removed: 0 (0s)
Checksum: 0
Checksum abundnace: 0
Generating contigs
41.1448
28.1025
23.2252
17.4494
14.421
13.11
11.9182
10.8347
9.84974
8.14028
7.40025
6.11591
5.05447
4.17725
3.13843
2.14359
0


metaMDBG toMinspace  /var/folders/zg/vq0dnx517c54hg87dyqjky740000gn/T/.tmp7o7wQ0/tmp/ /var/folders/zg/vq0dnx517c54hg87dyqjky740000gn/T/.tmp7o7wQ0/tmp//contigs.nodepath /var/folders/zg/vq0dnx517c54hg87dyqjky740000gn/T/.tmp7o7wQ0/tmp//unitig_data.txt --threads 10

Input dir: /var/folders/zg/vq0dnx517c54hg87dyqjky740000gn/T/.tmp7o7wQ0/tmp/
Minimizer length: 15
Kminmer length: 126
Density: 0.005

Loading unitig sequences

Creating mContigs

Contig filename: /var/folders/zg/vq0dnx517c54hg87dyqjky740000gn/T/.tmp7o7wQ0/tmp//unitig_data.txt
pass done: 126
Multi-k pass: 127/206


metaMDBG graph /var/folders/zg/vq0dnx517c54hg87dyqjky740000gn/T/.tmp7o7wQ0/tmp/ --threads 10 --corrected-read 

Contig filename: 
Output dir: /var/folders/zg/vq0dnx517c54hg87dyqjky740000gn/T/.tmp7o7wQ0/tmp/
Minimizer length: 15
Kminmer length: 127
Density: 0.005
Min abundance: 0

Loading refined abundances
	Duration: 0
Collecting kminmers
Building mdbg
Duration: 0
Nb solid kminmers: 31397
Nb small contigs written: 0
Dump kminmer abundances
	Duration: 0
Indexing edges
Edge index size: 31471
Edge index elements: 58044
	Duration: 0
Compute unitig nodes
	Duration: 0
Index unitig edges
	Duration: 0
Compute unitig edges
	Duration: 0
Dump unitig abundances
	Duration: 0
Nb edges:   0


metaMDBG contig  /var/folders/zg/vq0dnx517c54hg87dyqjky740000gn/T/.tmp7o7wQ0/tmp/ --threads 10

Input dir: /var/folders/zg/vq0dnx517c54hg87dyqjky740000gn/T/.tmp7o7wQ0/tmp/
Minimizer length: 15
Kminmer length: 127
Density: 0.005

Loading unitig graph
Load unitigs
Nb unitigs: 528
Nb minimizers: 97925
Add unitig abundances
Sorting abundances
Add unitig edges
Nb unitig edges: 912
Sorting unitig edges
Done loading unitig graph
Simplifying
Max abundance: 40
Nb unitigs: 528
Superbubble
Nb superbubble removed: 0 0 (0s)
Tip
Nb Tip removed: 174 (0s)
Superbubble
Nb superbubble removed: 0 0 (0s)
Tip
Nb Tip removed: 0 (0s)
Nb errors removed: 97 (0s)
Superbubble
Nb superbubble removed: 0 0 (0s)
Tip
Nb Tip removed: 0 (0s)
Nb errors removed: 43 (0s)
Superbubble
Nb superbubble removed: 0 0 (0s)
Tip
Nb Tip removed: 0 (0s)
Nb errors removed: 36 (0s)
Superbubble
Nb superbubble removed: 0 0 (0s)
Tip
Nb Tip removed: 0 (0s)
Nb errors removed: 20 (0s)
Superbubble
Nb superbubble removed: 0 0 (0s)
Tip
Nb Tip removed: 0 (0s)
Nb errors removed: 14 (0s)
Superbubble
Nb superbubble removed: 0 0 (0s)
Tip
Nb Tip removed: 0 (0s)
Nb errors removed: 17 (0s)
Superbubble
Nb superbubble removed: 0 0 (0s)
Tip
Nb Tip removed: 0 (0s)
Nb errors removed: 13 (0s)
Superbubble
Nb superbubble removed: 0 0 (0s)
Tip
Nb Tip removed: 0 (0s)
Nb errors removed: 21 (0s)
Superbubble
Nb superbubble removed: 0 0 (0s)
Tip
Nb Tip removed: 0 (0s)
Nb errors removed: 14 (0s)
Superbubble
Nb superbubble removed: 0 0 (0s)
Tip
Nb Tip removed: 0 (0s)
Nb errors removed: 8 (0s)
Superbubble
Nb superbubble removed: 0 0 (0s)
Tip
Nb Tip removed: 0 (0s)
Nb errors removed: 15 (0s)
Superbubble
Nb superbubble removed: 0 0 (0s)
Tip
Nb Tip removed: 0 (0s)
Nb errors removed: 2 (0s)
Superbubble
Nb superbubble removed: 0 0 (0s)
Tip
Nb Tip removed: 0 (0s)
Nb errors removed: 1 (0s)
Superbubble
Nb superbubble removed: 0 0 (0s)
Tip
Nb Tip removed: 0 (0s)
Nb errors removed: 1 (0s)
Superbubble
Nb superbubble removed: 0 0 (0s)
Tip
Nb Tip removed: 0 (0s)
Nb errors removed: 15 (0s)
Superbubble
Nb superbubble removed: 0 0 (0s)
Tip
Nb Tip removed: 0 (0s)
Nb errors removed: 1 (0s)
Superbubble
Nb superbubble removed: 0 0 (0s)
Tip
Nb Tip removed: 0 (0s)
Checksum: 0
Checksum abundnace: 0
Generating contigs
41.1448
28.1025
23.2252
17.4494
14.421
13.11
11.9182
10.8347
9.84974
8.14028
7.40025
6.11591
5.05447
4.17725
3.13843
2.14359
0


metaMDBG toMinspace  /var/folders/zg/vq0dnx517c54hg87dyqjky740000gn/T/.tmp7o7wQ0/tmp/ /var/folders/zg/vq0dnx517c54hg87dyqjky740000gn/T/.tmp7o7wQ0/tmp//contigs.nodepath /var/folders/zg/vq0dnx517c54hg87dyqjky740000gn/T/.tmp7o7wQ0/tmp//unitig_data.txt --threads 10

Input dir: /var/folders/zg/vq0dnx517c54hg87dyqjky740000gn/T/.tmp7o7wQ0/tmp/
Minimizer length: 15
Kminmer length: 127
Density: 0.005

Loading unitig sequences

Creating mContigs

Contig filename: /var/folders/zg/vq0dnx517c54hg87dyqjky740000gn/T/.tmp7o7wQ0/tmp//unitig_data.txt
pass done: 127
Multi-k pass: 128/206


metaMDBG graph /var/folders/zg/vq0dnx517c54hg87dyqjky740000gn/T/.tmp7o7wQ0/tmp/ --threads 10 --corrected-read 

Contig filename: 
Output dir: /var/folders/zg/vq0dnx517c54hg87dyqjky740000gn/T/.tmp7o7wQ0/tmp/
Minimizer length: 15
Kminmer length: 128
Density: 0.005
Min abundance: 0

Loading refined abundances
	Duration: 0
Collecting kminmers
Building mdbg
Duration: 0
Nb solid kminmers: 31317
Nb small contigs written: 0
Dump kminmer abundances
	Duration: 0
Indexing edges
Edge index size: 31395
Edge index elements: 57640
	Duration: 0
Compute unitig nodes
	Duration: 0
Index unitig edges
	Duration: 0
Compute unitig edges
	Duration: 0
Dump unitig abundances
	Duration: 0
Nb edges:   0


metaMDBG contig  /var/folders/zg/vq0dnx517c54hg87dyqjky740000gn/T/.tmp7o7wQ0/tmp/ --threads 10

Input dir: /var/folders/zg/vq0dnx517c54hg87dyqjky740000gn/T/.tmp7o7wQ0/tmp/
Minimizer length: 15
Kminmer length: 128
Density: 0.005

Loading unitig graph
Load unitigs
Nb unitigs: 520
Nb minimizers: 97357
Add unitig abundances
Sorting abundances
Add unitig edges
Nb unitig edges: 884
Sorting unitig edges
Done loading unitig graph
Simplifying
Max abundance: 40
Nb unitigs: 520
Superbubble
Nb superbubble removed: 0 0 (0s)
Tip
Nb Tip removed: 167 (0s)
Superbubble
Nb superbubble removed: 0 0 (0s)
Tip
Nb Tip removed: 0 (0s)
Nb errors removed: 96 (0s)
Superbubble
Nb superbubble removed: 0 0 (0s)
Tip
Nb Tip removed: 0 (0s)
Nb errors removed: 42 (0s)
Superbubble
Nb superbubble removed: 0 0 (0s)
Tip
Nb Tip removed: 0 (0s)
Nb errors removed: 35 (0s)
Superbubble
Nb superbubble removed: 0 0 (0s)
Tip
Nb Tip removed: 0 (0s)
Nb errors removed: 20 (0s)
Superbubble
Nb superbubble removed: 0 0 (0s)
Tip
Nb Tip removed: 0 (0s)
Nb errors removed: 13 (0s)
Superbubble
Nb superbubble removed: 0 0 (0s)
Tip
Nb Tip removed: 0 (0s)
Nb errors removed: 16 (0s)
Superbubble
Nb superbubble removed: 0 0 (0s)
Tip
Nb Tip removed: 0 (0s)
Nb errors removed: 13 (0s)
Superbubble
Nb superbubble removed: 0 0 (0s)
Tip
Nb Tip removed: 0 (0s)
Nb errors removed: 21 (0s)
Superbubble
Nb superbubble removed: 0 0 (0s)
Tip
Nb Tip removed: 0 (0s)
Nb errors removed: 14 (0s)
Superbubble
Nb superbubble removed: 0 0 (0s)
Tip
Nb Tip removed: 0 (0s)
Nb errors removed: 8 (0s)
Superbubble
Nb superbubble removed: 0 0 (0s)
Tip
Nb Tip removed: 0 (0s)
Nb errors removed: 15 (0s)
Superbubble
Nb superbubble removed: 0 0 (0s)
Tip
Nb Tip removed: 0 (0s)
Nb errors removed: 2 (0s)
Superbubble
Nb superbubble removed: 0 0 (0s)
Tip
Nb Tip removed: 0 (0s)
Nb errors removed: 1 (0s)
Superbubble
Nb superbubble removed: 0 0 (0s)
Tip
Nb Tip removed: 0 (0s)
Nb errors removed: 1 (0s)
Superbubble
Nb superbubble removed: 0 0 (0s)
Tip
Nb Tip removed: 0 (0s)
Nb errors removed: 15 (0s)
Superbubble
Nb superbubble removed: 0 0 (0s)
Tip
Nb Tip removed: 0 (0s)
Nb errors removed: 1 (0s)
Superbubble
Nb superbubble removed: 0 0 (0s)
Tip
Nb Tip removed: 0 (0s)
Checksum: 0
Checksum abundnace: 0
Generating contigs
41.1448
28.1025
23.2252
17.4494
14.421
13.11
11.9182
10.8347
9.84974
8.14028
7.40025
6.11591
5.05447
4.17725
3.13843
2.14359
0


metaMDBG toMinspace  /var/folders/zg/vq0dnx517c54hg87dyqjky740000gn/T/.tmp7o7wQ0/tmp/ /var/folders/zg/vq0dnx517c54hg87dyqjky740000gn/T/.tmp7o7wQ0/tmp//contigs.nodepath /var/folders/zg/vq0dnx517c54hg87dyqjky740000gn/T/.tmp7o7wQ0/tmp//unitig_data.txt --threads 10

Input dir: /var/folders/zg/vq0dnx517c54hg87dyqjky740000gn/T/.tmp7o7wQ0/tmp/
Minimizer length: 15
Kminmer length: 128
Density: 0.005

Loading unitig sequences

Creating mContigs

Contig filename: /var/folders/zg/vq0dnx517c54hg87dyqjky740000gn/T/.tmp7o7wQ0/tmp//unitig_data.txt
pass done: 128
Multi-k pass: 129/206


metaMDBG graph /var/folders/zg/vq0dnx517c54hg87dyqjky740000gn/T/.tmp7o7wQ0/tmp/ --threads 10 --corrected-read 

Contig filename: 
Output dir: /var/folders/zg/vq0dnx517c54hg87dyqjky740000gn/T/.tmp7o7wQ0/tmp/
Minimizer length: 15
Kminmer length: 129
Density: 0.005
Min abundance: 0

Loading refined abundances
	Duration: 0
Collecting kminmers
Building mdbg
Duration: 0
Nb solid kminmers: 31236
Nb small contigs written: 0
Dump kminmer abundances
	Duration: 0
Indexing edges
Edge index size: 31313
Edge index elements: 57767
	Duration: 0
Compute unitig nodes
	Duration: 0
Index unitig edges
	Duration: 0
Compute unitig edges
	Duration: 0
Dump unitig abundances
	Duration: 0
Nb edges:   0


metaMDBG contig  /var/folders/zg/vq0dnx517c54hg87dyqjky740000gn/T/.tmp7o7wQ0/tmp/ --threads 10

Input dir: /var/folders/zg/vq0dnx517c54hg87dyqjky740000gn/T/.tmp7o7wQ0/tmp/
Minimizer length: 15
Kminmer length: 129
Density: 0.005

Loading unitig graph
Load unitigs
Nb unitigs: 512
Nb minimizers: 96772
Add unitig abundances
Sorting abundances
Add unitig edges
Nb unitig edges: 872
Sorting unitig edges
Done loading unitig graph
Simplifying
Max abundance: 40
Nb unitigs: 512
Superbubble
Nb superbubble removed: 0 0 (0s)
Tip
Nb Tip removed: 164 (0s)
Superbubble
Nb superbubble removed: 0 0 (0s)
Tip
Nb Tip removed: 0 (0s)
Nb errors removed: 94 (0s)
Superbubble
Nb superbubble removed: 0 0 (0s)
Tip
Nb Tip removed: 0 (0s)
Nb errors removed: 40 (0s)
Superbubble
Nb superbubble removed: 0 0 (0s)
Tip
Nb Tip removed: 0 (0s)
Nb errors removed: 35 (0s)
Superbubble
Nb superbubble removed: 0 0 (0s)
Tip
Nb Tip removed: 0 (0s)
Nb errors removed: 20 (0s)
Superbubble
Nb superbubble removed: 0 0 (0s)
Tip
Nb Tip removed: 0 (0s)
Nb errors removed: 13 (0s)
Superbubble
Nb superbubble removed: 0 0 (0s)
Tip
Nb Tip removed: 0 (0s)
Nb errors removed: 16 (0s)
Superbubble
Nb superbubble removed: 0 0 (0s)
Tip
Nb Tip removed: 0 (0s)
Nb errors removed: 13 (0s)
Superbubble
Nb superbubble removed: 0 0 (0s)
Tip
Nb Tip removed: 0 (0s)
Nb errors removed: 21 (0s)
Superbubble
Nb superbubble removed: 0 0 (0s)
Tip
Nb Tip removed: 0 (0s)
Nb errors removed: 14 (0s)
Superbubble
Nb superbubble removed: 0 0 (0s)
Tip
Nb Tip removed: 0 (0s)
Nb errors removed: 8 (0s)
Superbubble
Nb superbubble removed: 0 0 (0s)
Tip
Nb Tip removed: 0 (0s)
Nb errors removed: 15 (0s)
Superbubble
Nb superbubble removed: 0 0 (0s)
Tip
Nb Tip removed: 0 (0s)
Nb errors removed: 2 (0s)
Superbubble
Nb superbubble removed: 0 0 (0s)
Tip
Nb Tip removed: 0 (0s)
Nb errors removed: 1 (0s)
Superbubble
Nb superbubble removed: 0 0 (0s)
Tip
Nb Tip removed: 0 (0s)
Nb errors removed: 1 (0s)
Superbubble
Nb superbubble removed: 0 0 (0s)
Tip
Nb Tip removed: 0 (0s)
Nb errors removed: 15 (0s)
Superbubble
Nb superbubble removed: 0 0 (0s)
Tip
Nb Tip removed: 0 (0s)
Nb errors removed: 1 (0s)
Superbubble
Nb superbubble removed: 0 0 (0s)
Tip
Nb Tip removed: 0 (0s)
Checksum: 0
Checksum abundnace: 0
Generating contigs
41.1448
28.1025
23.2252
17.4494
14.421
13.11
11.9182
10.8347
9.84974
8.14028
7.40025
6.11591
5.05447
4.17725
3.13843
2.14359
0


metaMDBG toMinspace  /var/folders/zg/vq0dnx517c54hg87dyqjky740000gn/T/.tmp7o7wQ0/tmp/ /var/folders/zg/vq0dnx517c54hg87dyqjky740000gn/T/.tmp7o7wQ0/tmp//contigs.nodepath /var/folders/zg/vq0dnx517c54hg87dyqjky740000gn/T/.tmp7o7wQ0/tmp//unitig_data.txt --threads 10

Input dir: /var/folders/zg/vq0dnx517c54hg87dyqjky740000gn/T/.tmp7o7wQ0/tmp/
Minimizer length: 15
Kminmer length: 129
Density: 0.005

Loading unitig sequences

Creating mContigs

Contig filename: /var/folders/zg/vq0dnx517c54hg87dyqjky740000gn/T/.tmp7o7wQ0/tmp//unitig_data.txt
pass done: 129
Multi-k pass: 130/206


metaMDBG graph /var/folders/zg/vq0dnx517c54hg87dyqjky740000gn/T/.tmp7o7wQ0/tmp/ --threads 10 --corrected-read 

Contig filename: 
Output dir: /var/folders/zg/vq0dnx517c54hg87dyqjky740000gn/T/.tmp7o7wQ0/tmp/
Minimizer length: 15
Kminmer length: 130
Density: 0.005
Min abundance: 0

Loading refined abundances
	Duration: 0
Collecting kminmers
Building mdbg
Duration: 0
Nb solid kminmers: 31156
Nb small contigs written: 0
Dump kminmer abundances
	Duration: 0
Indexing edges
Edge index size: 31235
Edge index elements: 57597
	Duration: 0
Compute unitig nodes
	Duration: 0
Index unitig edges
	Duration: 0
Compute unitig edges
	Duration: 0
Dump unitig abundances
	Duration: 0
Nb edges:   0


metaMDBG contig  /var/folders/zg/vq0dnx517c54hg87dyqjky740000gn/T/.tmp7o7wQ0/tmp/ --threads 10

Input dir: /var/folders/zg/vq0dnx517c54hg87dyqjky740000gn/T/.tmp7o7wQ0/tmp/
Minimizer length: 15
Kminmer length: 130
Density: 0.005

Loading unitig graph
Load unitigs
Nb unitigs: 507
Nb minimizers: 96559
Add unitig abundances
Sorting abundances
Add unitig edges
Nb unitig edges: 860
Sorting unitig edges
Done loading unitig graph
Simplifying
Max abundance: 40
Nb unitigs: 507
Superbubble
Nb superbubble removed: 0 0 (0s)
Tip
Nb Tip removed: 162 (0s)
Superbubble
Nb superbubble removed: 0 0 (0s)
Tip
Nb Tip removed: 0 (0s)
Nb errors removed: 94 (0s)
Superbubble
Nb superbubble removed: 0 0 (0s)
Tip
Nb Tip removed: 0 (0s)
Nb errors removed: 40 (0s)
Superbubble
Nb superbubble removed: 0 0 (0s)
Tip
Nb Tip removed: 0 (0s)
Nb errors removed: 34 (0s)
Superbubble
Nb superbubble removed: 0 0 (0s)
Tip
Nb Tip removed: 0 (0s)
Nb errors removed: 20 (0s)
Superbubble
Nb superbubble removed: 0 0 (0s)
Tip
Nb Tip removed: 0 (0s)
Nb errors removed: 13 (0s)
Superbubble
Nb superbubble removed: 0 0 (0s)
Tip
Nb Tip removed: 0 (0s)
Nb errors removed: 16 (0s)
Superbubble
Nb superbubble removed: 0 0 (0s)
Tip
Nb Tip removed: 0 (0s)
Nb errors removed: 13 (0s)
Superbubble
Nb superbubble removed: 0 0 (0s)
Tip
Nb Tip removed: 0 (0s)
Nb errors removed: 21 (0s)
Superbubble
Nb superbubble removed: 0 0 (0s)
Tip
Nb Tip removed: 0 (0s)
Nb errors removed: 14 (0s)
Superbubble
Nb superbubble removed: 0 0 (0s)
Tip
Nb Tip removed: 0 (0s)
Nb errors removed: 8 (0s)
Superbubble
Nb superbubble removed: 0 0 (0s)
Tip
Nb Tip removed: 0 (0s)
Nb errors removed: 15 (0s)
Superbubble
Nb superbubble removed: 0 0 (0s)
Tip
Nb Tip removed: 0 (0s)
Nb errors removed: 2 (0s)
Superbubble
Nb superbubble removed: 0 0 (0s)
Tip
Nb Tip removed: 0 (0s)
Nb errors removed: 1 (0s)
Superbubble
Nb superbubble removed: 0 0 (0s)
Tip
Nb Tip removed: 0 (0s)
Nb errors removed: 1 (0s)
Superbubble
Nb superbubble removed: 0 0 (0s)
Tip
Nb Tip removed: 0 (0s)
Nb errors removed: 15 (0s)
Superbubble
Nb superbubble removed: 0 0 (0s)
Tip
Nb Tip removed: 0 (0s)
Nb errors removed: 1 (0s)
Superbubble
Nb superbubble removed: 0 0 (0s)
Tip
Nb Tip removed: 0 (0s)
Checksum: 0
Checksum abundnace: 0
Generating contigs
41.1448
28.1025
23.2252
17.4494
14.421
13.11
11.9182
10.8347
9.84974
8.14028
7.40025
6.11591
5.05447
4.17725
3.13843
2.14359
0


metaMDBG toMinspace  /var/folders/zg/vq0dnx517c54hg87dyqjky740000gn/T/.tmp7o7wQ0/tmp/ /var/folders/zg/vq0dnx517c54hg87dyqjky740000gn/T/.tmp7o7wQ0/tmp//contigs.nodepath /var/folders/zg/vq0dnx517c54hg87dyqjky740000gn/T/.tmp7o7wQ0/tmp//unitig_data.txt --threads 10

Input dir: /var/folders/zg/vq0dnx517c54hg87dyqjky740000gn/T/.tmp7o7wQ0/tmp/
Minimizer length: 15
Kminmer length: 130
Density: 0.005

Loading unitig sequences

Creating mContigs

Contig filename: /var/folders/zg/vq0dnx517c54hg87dyqjky740000gn/T/.tmp7o7wQ0/tmp//unitig_data.txt
pass done: 130
Multi-k pass: 131/206


metaMDBG graph /var/folders/zg/vq0dnx517c54hg87dyqjky740000gn/T/.tmp7o7wQ0/tmp/ --threads 10 --corrected-read 

Contig filename: 
Output dir: /var/folders/zg/vq0dnx517c54hg87dyqjky740000gn/T/.tmp7o7wQ0/tmp/
Minimizer length: 15
Kminmer length: 131
Density: 0.005
Min abundance: 0

Loading refined abundances
	Duration: 0
Collecting kminmers
Building mdbg
Duration: 0
Nb solid kminmers: 31073
Nb small contigs written: 0
Dump kminmer abundances
	Duration: 0
Indexing edges
Edge index size: 31154
Edge index elements: 57398
	Duration: 0
Compute unitig nodes
	Duration: 0
Index unitig edges
	Duration: 0
Compute unitig edges
	Duration: 0
Dump unitig abundances
	Duration: 0
Nb edges:   0


metaMDBG contig  /var/folders/zg/vq0dnx517c54hg87dyqjky740000gn/T/.tmp7o7wQ0/tmp/ --threads 10 --gen-graph 

Input dir: /var/folders/zg/vq0dnx517c54hg87dyqjky740000gn/T/.tmp7o7wQ0/tmp/
Minimizer length: 15
Kminmer length: 131
Density: 0.005

Loading unitig graph
Load unitigs
Nb unitigs: 501
Nb minimizers: 96203
Add unitig abundances
Sorting abundances
Add unitig edges
Nb unitig edges: 840
Sorting unitig edges
Done loading unitig graph
Simplifying
Max abundance: 40
Nb unitigs: 501
Superbubble
Nb superbubble removed: 0 0 (0s)
Tip
Nb Tip removed: 159 (0s)
Superbubble
Nb superbubble removed: 0 0 (0s)
Tip
Nb Tip removed: 0 (0s)
Saving unitig graph: /var/folders/zg/vq0dnx517c54hg87dyqjky740000gn/T/.tmp7o7wQ0/tmp//assembly_graph.gfa
Nb errors removed: 93 (0s)
Superbubble
Nb superbubble removed: 0 0 (0s)
Tip
Nb Tip removed: 0 (0s)
Nb errors removed: 40 (0s)
Superbubble
Nb superbubble removed: 0 0 (0s)
Tip
Nb Tip removed: 0 (0s)
Nb errors removed: 33 (0s)
Superbubble
Nb superbubble removed: 0 0 (0s)
Tip
Nb Tip removed: 0 (0s)
Nb errors removed: 20 (0s)
Superbubble
Nb superbubble removed: 0 0 (0s)
Tip
Nb Tip removed: 0 (0s)
Nb errors removed: 13 (0s)
Superbubble
Nb superbubble removed: 0 0 (0s)
Tip
Nb Tip removed: 0 (0s)
Nb errors removed: 16 (0s)
Superbubble
Nb superbubble removed: 0 0 (0s)
Tip
Nb Tip removed: 0 (0s)
Nb errors removed: 14 (0s)
Superbubble
Nb superbubble removed: 0 0 (0s)
Tip
Nb Tip removed: 0 (0s)
Nb errors removed: 21 (0s)
Superbubble
Nb superbubble removed: 0 0 (0s)
Tip
Nb Tip removed: 0 (0s)
Nb errors removed: 14 (0s)
Superbubble
Nb superbubble removed: 0 0 (0s)
Tip
Nb Tip removed: 0 (0s)
Nb errors removed: 8 (0s)
Superbubble
Nb superbubble removed: 0 0 (0s)
Tip
Nb Tip removed: 0 (0s)
Nb errors removed: 14 (0s)
Superbubble
Nb superbubble removed: 0 0 (0s)
Tip
Nb Tip removed: 0 (0s)
Nb errors removed: 2 (0s)
Superbubble
Nb superbubble removed: 0 0 (0s)
Tip
Nb Tip removed: 0 (0s)
Nb errors removed: 1 (0s)
Superbubble
Nb superbubble removed: 0 0 (0s)
Tip
Nb Tip removed: 0 (0s)
Nb errors removed: 1 (0s)
Superbubble
Nb superbubble removed: 0 0 (0s)
Tip
Nb Tip removed: 0 (0s)
Nb errors removed: 15 (0s)
Superbubble
Nb superbubble removed: 0 0 (0s)
Tip
Nb Tip removed: 0 (0s)
Nb errors removed: 1 (0s)
Superbubble
Nb superbubble removed: 0 0 (0s)
Tip
Nb Tip removed: 0 (0s)
Checksum: 0
Checksum abundnace: 0
Generating contigs
41.1448
28.1025
23.2252
17.4494
14.421
13.11
11.9182
10.8347
9.84974
8.14028
7.40025
6.11591
5.05447
4.17725
3.13843
2.14359
0


metaMDBG toMinspace  /var/folders/zg/vq0dnx517c54hg87dyqjky740000gn/T/.tmp7o7wQ0/tmp/ /var/folders/zg/vq0dnx517c54hg87dyqjky740000gn/T/.tmp7o7wQ0/tmp//contigs.nodepath /var/folders/zg/vq0dnx517c54hg87dyqjky740000gn/T/.tmp7o7wQ0/tmp//unitig_data.txt --threads 10

Input dir: /var/folders/zg/vq0dnx517c54hg87dyqjky740000gn/T/.tmp7o7wQ0/tmp/
Minimizer length: 15
Kminmer length: 131
Density: 0.005

Loading unitig sequences

Creating mContigs

Contig filename: /var/folders/zg/vq0dnx517c54hg87dyqjky740000gn/T/.tmp7o7wQ0/tmp//unitig_data.txt


metaMDBG toMinspace  /var/folders/zg/vq0dnx517c54hg87dyqjky740000gn/T/.tmp7o7wQ0/tmp/ /var/folders/zg/vq0dnx517c54hg87dyqjky740000gn/T/.tmp7o7wQ0/tmp//assembly_graph.gfa.unitigs.nodepath /var/folders/zg/vq0dnx517c54hg87dyqjky740000gn/T/.tmp7o7wQ0/tmp//assembly_graph.gfa.unitigs --threads 10

Input dir: /var/folders/zg/vq0dnx517c54hg87dyqjky740000gn/T/.tmp7o7wQ0/tmp/
Minimizer length: 15
Kminmer length: 131
Density: 0.005

Loading unitig sequences

Creating mContigs

Contig filename: /var/folders/zg/vq0dnx517c54hg87dyqjky740000gn/T/.tmp7o7wQ0/tmp//assembly_graph.gfa.unitigs
pass done: 131
Multi-k pass: 132/206


metaMDBG graph /var/folders/zg/vq0dnx517c54hg87dyqjky740000gn/T/.tmp7o7wQ0/tmp/ --threads 10 --corrected-read 

Contig filename: 
Output dir: /var/folders/zg/vq0dnx517c54hg87dyqjky740000gn/T/.tmp7o7wQ0/tmp/
Minimizer length: 15
Kminmer length: 132
Density: 0.005
Min abundance: 0

Loading refined abundances
	Duration: 0
Collecting kminmers
Building mdbg
Duration: 0
Nb solid kminmers: 30986
Nb small contigs written: 0
Dump kminmer abundances
	Duration: 0
Indexing edges
Edge index size: 31067
Edge index elements: 57324
	Duration: 0
Compute unitig nodes
	Duration: 0
Index unitig edges
	Duration: 0
Compute unitig edges
	Duration: 0
Dump unitig abundances
	Duration: 0
Nb edges:   0


metaMDBG contig  /var/folders/zg/vq0dnx517c54hg87dyqjky740000gn/T/.tmp7o7wQ0/tmp/ --threads 10

Input dir: /var/folders/zg/vq0dnx517c54hg87dyqjky740000gn/T/.tmp7o7wQ0/tmp/
Minimizer length: 15
Kminmer length: 132
Density: 0.005

Loading unitig graph
Load unitigs
Nb unitigs: 489
Nb minimizers: 95045
Add unitig abundances
Sorting abundances
Add unitig edges
Nb unitig edges: 816
Sorting unitig edges
Done loading unitig graph
Simplifying
Max abundance: 40
Nb unitigs: 489
Superbubble
Nb superbubble removed: 0 0 (0s)
Tip
Nb Tip removed: 152 (0s)
Superbubble
Nb superbubble removed: 0 0 (0s)
Tip
Nb Tip removed: 0 (0s)
Nb errors removed: 91 (0s)
Superbubble
Nb superbubble removed: 0 0 (0s)
Tip
Nb Tip removed: 0 (0s)
Nb errors removed: 38 (0s)
Superbubble
Nb superbubble removed: 0 0 (0s)
Tip
Nb Tip removed: 0 (0s)
Nb errors removed: 32 (0s)
Superbubble
Nb superbubble removed: 0 0 (0s)
Tip
Nb Tip removed: 0 (0s)
Nb errors removed: 19 (0s)
Superbubble
Nb superbubble removed: 0 0 (0s)
Tip
Nb Tip removed: 0 (0s)
Nb errors removed: 13 (0s)
Superbubble
Nb superbubble removed: 0 0 (0s)
Tip
Nb Tip removed: 0 (0s)
Nb errors removed: 16 (0s)
Superbubble
Nb superbubble removed: 0 0 (0s)
Tip
Nb Tip removed: 0 (0s)
Nb errors removed: 14 (0s)
Superbubble
Nb superbubble removed: 0 0 (0s)
Tip
Nb Tip removed: 0 (0s)
Nb errors removed: 21 (0s)
Superbubble
Nb superbubble removed: 0 0 (0s)
Tip
Nb Tip removed: 0 (0s)
Nb errors removed: 14 (0s)
Superbubble
Nb superbubble removed: 0 0 (0s)
Tip
Nb Tip removed: 0 (0s)
Nb errors removed: 8 (0s)
Superbubble
Nb superbubble removed: 0 0 (0s)
Tip
Nb Tip removed: 0 (0s)
Nb errors removed: 14 (0s)
Superbubble
Nb superbubble removed: 0 0 (0s)
Tip
Nb Tip removed: 0 (0s)
Nb errors removed: 2 (0s)
Superbubble
Nb superbubble removed: 0 0 (0s)
Tip
Nb Tip removed: 0 (0s)
Nb errors removed: 1 (0s)
Superbubble
Nb superbubble removed: 0 0 (0s)
Tip
Nb Tip removed: 0 (0s)
Nb errors removed: 1 (0s)
Superbubble
Nb superbubble removed: 0 0 (0s)
Tip
Nb Tip removed: 0 (0s)
Nb errors removed: 15 (0s)
Superbubble
Nb superbubble removed: 0 0 (0s)
Tip
Nb Tip removed: 0 (0s)
Nb errors removed: 1 (0s)
Superbubble
Nb superbubble removed: 0 0 (0s)
Tip
Nb Tip removed: 0 (0s)
Checksum: 0
Checksum abundnace: 0
Generating contigs
41.1448
28.1025
23.2252
17.4494
14.421
13.11
11.9182
10.8347
9.84974
8.14028
7.40025
6.11591
5.05447
4.17725
3.13843
2.14359
0


metaMDBG toMinspace  /var/folders/zg/vq0dnx517c54hg87dyqjky740000gn/T/.tmp7o7wQ0/tmp/ /var/folders/zg/vq0dnx517c54hg87dyqjky740000gn/T/.tmp7o7wQ0/tmp//contigs.nodepath /var/folders/zg/vq0dnx517c54hg87dyqjky740000gn/T/.tmp7o7wQ0/tmp//unitig_data.txt --threads 10

Input dir: /var/folders/zg/vq0dnx517c54hg87dyqjky740000gn/T/.tmp7o7wQ0/tmp/
Minimizer length: 15
Kminmer length: 132
Density: 0.005

Loading unitig sequences

Creating mContigs

Contig filename: /var/folders/zg/vq0dnx517c54hg87dyqjky740000gn/T/.tmp7o7wQ0/tmp//unitig_data.txt
pass done: 132
Multi-k pass: 133/206


metaMDBG graph /var/folders/zg/vq0dnx517c54hg87dyqjky740000gn/T/.tmp7o7wQ0/tmp/ --threads 10 --corrected-read 

Contig filename: 
Output dir: /var/folders/zg/vq0dnx517c54hg87dyqjky740000gn/T/.tmp7o7wQ0/tmp/
Minimizer length: 15
Kminmer length: 133
Density: 0.005
Min abundance: 0

Loading refined abundances
	Duration: 0
Collecting kminmers
Building mdbg
Duration: 0
Nb solid kminmers: 30900
Nb small contigs written: 0
Dump kminmer abundances
	Duration: 0
Indexing edges
Edge index size: 30984
Edge index elements: 57345
	Duration: 0
Compute unitig nodes
	Duration: 0
Index unitig edges
	Duration: 0
Compute unitig edges
	Duration: 0
Dump unitig abundances
	Duration: 0
Nb edges:   0


metaMDBG contig  /var/folders/zg/vq0dnx517c54hg87dyqjky740000gn/T/.tmp7o7wQ0/tmp/ --threads 10

Input dir: /var/folders/zg/vq0dnx517c54hg87dyqjky740000gn/T/.tmp7o7wQ0/tmp/
Minimizer length: 15
Kminmer length: 133
Density: 0.005

Loading unitig graph
Load unitigs
Nb unitigs: 482
Nb minimizers: 94524
Add unitig abundances
Sorting abundances
Add unitig edges
Nb unitig edges: 796
Sorting unitig edges
Done loading unitig graph
Simplifying
Max abundance: 40
Nb unitigs: 482
Superbubble
Nb superbubble removed: 0 0 (0s)
Tip
Nb Tip removed: 147 (0s)
Superbubble
Nb superbubble removed: 0 0 (0s)
Tip
Nb Tip removed: 0 (0s)
Nb errors removed: 90 (0s)
Superbubble
Nb superbubble removed: 0 0 (0s)
Tip
Nb Tip removed: 0 (0s)
Nb errors removed: 36 (0s)
Superbubble
Nb superbubble removed: 0 0 (0s)
Tip
Nb Tip removed: 0 (0s)
Nb errors removed: 32 (0s)
Superbubble
Nb superbubble removed: 0 0 (0s)
Tip
Nb Tip removed: 0 (0s)
Nb errors removed: 19 (0s)
Superbubble
Nb superbubble removed: 0 0 (0s)
Tip
Nb Tip removed: 0 (0s)
Nb errors removed: 13 (0s)
Superbubble
Nb superbubble removed: 0 0 (0s)
Tip
Nb Tip removed: 0 (0s)
Nb errors removed: 16 (0s)
Superbubble
Nb superbubble removed: 0 0 (0s)
Tip
Nb Tip removed: 0 (0s)
Nb errors removed: 14 (0s)
Superbubble
Nb superbubble removed: 0 0 (0s)
Tip
Nb Tip removed: 0 (0s)
Nb errors removed: 21 (0s)
Superbubble
Nb superbubble removed: 0 0 (0s)
Tip
Nb Tip removed: 0 (0s)
Nb errors removed: 14 (0s)
Superbubble
Nb superbubble removed: 0 0 (0s)
Tip
Nb Tip removed: 0 (0s)
Nb errors removed: 8 (0s)
Superbubble
Nb superbubble removed: 0 0 (0s)
Tip
Nb Tip removed: 0 (0s)
Nb errors removed: 14 (0s)
Superbubble
Nb superbubble removed: 0 0 (0s)
Tip
Nb Tip removed: 0 (0s)
Nb errors removed: 2 (0s)
Superbubble
Nb superbubble removed: 0 0 (0s)
Tip
Nb Tip removed: 0 (0s)
Nb errors removed: 1 (0s)
Superbubble
Nb superbubble removed: 0 0 (0s)
Tip
Nb Tip removed: 0 (0s)
Nb errors removed: 1 (0s)
Superbubble
Nb superbubble removed: 0 0 (0s)
Tip
Nb Tip removed: 0 (0s)
Nb errors removed: 15 (0s)
Superbubble
Nb superbubble removed: 0 0 (0s)
Tip
Nb Tip removed: 0 (0s)
Nb errors removed: 1 (0s)
Superbubble
Nb superbubble removed: 0 0 (0s)
Tip
Nb Tip removed: 0 (0s)
Checksum: 0
Checksum abundnace: 0
Generating contigs
41.1448
28.1025
23.2252
17.4494
14.421
13.11
11.9182
10.8347
9.84974
8.14028
7.40025
6.11591
5.05447
4.17725
3.13843
2.14359
0


metaMDBG toMinspace  /var/folders/zg/vq0dnx517c54hg87dyqjky740000gn/T/.tmp7o7wQ0/tmp/ /var/folders/zg/vq0dnx517c54hg87dyqjky740000gn/T/.tmp7o7wQ0/tmp//contigs.nodepath /var/folders/zg/vq0dnx517c54hg87dyqjky740000gn/T/.tmp7o7wQ0/tmp//unitig_data.txt --threads 10

Input dir: /var/folders/zg/vq0dnx517c54hg87dyqjky740000gn/T/.tmp7o7wQ0/tmp/
Minimizer length: 15
Kminmer length: 133
Density: 0.005

Loading unitig sequences

Creating mContigs

Contig filename: /var/folders/zg/vq0dnx517c54hg87dyqjky740000gn/T/.tmp7o7wQ0/tmp//unitig_data.txt
pass done: 133
Multi-k pass: 134/206


metaMDBG graph /var/folders/zg/vq0dnx517c54hg87dyqjky740000gn/T/.tmp7o7wQ0/tmp/ --threads 10 --corrected-read 

Contig filename: 
Output dir: /var/folders/zg/vq0dnx517c54hg87dyqjky740000gn/T/.tmp7o7wQ0/tmp/
Minimizer length: 15
Kminmer length: 134
Density: 0.005
Min abundance: 0

Loading refined abundances
	Duration: 0
Collecting kminmers
Building mdbg
Duration: 0
Nb solid kminmers: 30815
Nb small contigs written: 0
Dump kminmer abundances
	Duration: 0
Indexing edges
Edge index size: 30898
Edge index elements: 57087
	Duration: 0
Compute unitig nodes
	Duration: 0
Index unitig edges
	Duration: 0
Compute unitig edges
	Duration: 0
Dump unitig abundances
	Duration: 0
Nb edges:   0


metaMDBG contig  /var/folders/zg/vq0dnx517c54hg87dyqjky740000gn/T/.tmp7o7wQ0/tmp/ --threads 10

Input dir: /var/folders/zg/vq0dnx517c54hg87dyqjky740000gn/T/.tmp7o7wQ0/tmp/
Minimizer length: 15
Kminmer length: 134
Density: 0.005

Loading unitig graph
Load unitigs
Nb unitigs: 479
Nb minimizers: 94522
Add unitig abundances
Sorting abundances
Add unitig edges
Nb unitig edges: 792
Sorting unitig edges
Done loading unitig graph
Simplifying
Max abundance: 40
Nb unitigs: 479
Superbubble
Nb superbubble removed: 0 0 (0s)
Tip
Nb Tip removed: 144 (0s)
Superbubble
Nb superbubble removed: 0 0 (0s)
Tip
Nb Tip removed: 0 (0s)
Nb errors removed: 88 (0s)
Superbubble
Nb superbubble removed: 0 0 (0s)
Tip
Nb Tip removed: 0 (0s)
Nb errors removed: 36 (0s)
Superbubble
Nb superbubble removed: 0 0 (0s)
Tip
Nb Tip removed: 0 (0s)
Nb errors removed: 32 (0s)
Superbubble
Nb superbubble removed: 0 0 (0s)
Tip
Nb Tip removed: 0 (0s)
Nb errors removed: 19 (0s)
Superbubble
Nb superbubble removed: 0 0 (0s)
Tip
Nb Tip removed: 0 (0s)
Nb errors removed: 13 (0s)
Superbubble
Nb superbubble removed: 0 0 (0s)
Tip
Nb Tip removed: 0 (0s)
Nb errors removed: 16 (0s)
Superbubble
Nb superbubble removed: 0 0 (0s)
Tip
Nb Tip removed: 0 (0s)
Nb errors removed: 14 (0s)
Superbubble
Nb superbubble removed: 0 0 (0s)
Tip
Nb Tip removed: 0 (0s)
Nb errors removed: 21 (0s)
Superbubble
Nb superbubble removed: 0 0 (0s)
Tip
Nb Tip removed: 0 (0s)
Nb errors removed: 14 (0s)
Superbubble
Nb superbubble removed: 0 0 (0s)
Tip
Nb Tip removed: 0 (0s)
Nb errors removed: 8 (0s)
Superbubble
Nb superbubble removed: 0 0 (0s)
Tip
Nb Tip removed: 0 (0s)
Nb errors removed: 14 (0s)
Superbubble
Nb superbubble removed: 0 0 (0s)
Tip
Nb Tip removed: 0 (0s)
Nb errors removed: 2 (0s)
Superbubble
Nb superbubble removed: 0 0 (0s)
Tip
Nb Tip removed: 0 (0s)
Nb errors removed: 1 (0s)
Superbubble
Nb superbubble removed: 0 0 (0s)
Tip
Nb Tip removed: 0 (0s)
Nb errors removed: 1 (0s)
Superbubble
Nb superbubble removed: 0 0 (0s)
Tip
Nb Tip removed: 0 (0s)
Nb errors removed: 15 (0s)
Superbubble
Nb superbubble removed: 0 0 (0s)
Tip
Nb Tip removed: 0 (0s)
Nb errors removed: 1 (0s)
Superbubble
Nb superbubble removed: 0 0 (0s)
Tip
Nb Tip removed: 0 (0s)
Checksum: 0
Checksum abundnace: 0
Generating contigs
41.1448
28.1025
23.2252
17.4494
14.421
13.11
11.9182
10.8347
9.84974
8.14028
7.40025
6.11591
5.05447
4.17725
3.13843
2.14359
0


metaMDBG toMinspace  /var/folders/zg/vq0dnx517c54hg87dyqjky740000gn/T/.tmp7o7wQ0/tmp/ /var/folders/zg/vq0dnx517c54hg87dyqjky740000gn/T/.tmp7o7wQ0/tmp//contigs.nodepath /var/folders/zg/vq0dnx517c54hg87dyqjky740000gn/T/.tmp7o7wQ0/tmp//unitig_data.txt --threads 10

Input dir: /var/folders/zg/vq0dnx517c54hg87dyqjky740000gn/T/.tmp7o7wQ0/tmp/
Minimizer length: 15
Kminmer length: 134
Density: 0.005

Loading unitig sequences

Creating mContigs

Contig filename: /var/folders/zg/vq0dnx517c54hg87dyqjky740000gn/T/.tmp7o7wQ0/tmp//unitig_data.txt
pass done: 134
Multi-k pass: 135/206


metaMDBG graph /var/folders/zg/vq0dnx517c54hg87dyqjky740000gn/T/.tmp7o7wQ0/tmp/ --threads 10 --corrected-read 

Contig filename: 
Output dir: /var/folders/zg/vq0dnx517c54hg87dyqjky740000gn/T/.tmp7o7wQ0/tmp/
Minimizer length: 15
Kminmer length: 135
Density: 0.005
Min abundance: 0

Loading refined abundances
	Duration: 0
Collecting kminmers
Building mdbg
Duration: 0
Nb solid kminmers: 30728
Nb small contigs written: 0
Dump kminmer abundances
	Duration: 0
Indexing edges
Edge index size: 30811
Edge index elements: 57141
	Duration: 0
Compute unitig nodes
	Duration: 0
Index unitig edges
	Duration: 0
Compute unitig edges
	Duration: 0
Dump unitig abundances
	Duration: 0
Nb edges:   0


metaMDBG contig  /var/folders/zg/vq0dnx517c54hg87dyqjky740000gn/T/.tmp7o7wQ0/tmp/ --threads 10

Input dir: /var/folders/zg/vq0dnx517c54hg87dyqjky740000gn/T/.tmp7o7wQ0/tmp/
Minimizer length: 15
Kminmer length: 135
Density: 0.005

Loading unitig graph
Load unitigs
Nb unitigs: 471
Nb minimizers: 93842
Add unitig abundances
Sorting abundances
Add unitig edges
Nb unitig edges: 776
Sorting unitig edges
Done loading unitig graph
Simplifying
Max abundance: 40
Nb unitigs: 471
Superbubble
Nb superbubble removed: 0 0 (0s)
Tip
Nb Tip removed: 142 (0s)
Superbubble
Nb superbubble removed: 0 0 (0s)
Tip
Nb Tip removed: 0 (0s)
Nb errors removed: 85 (0s)
Superbubble
Nb superbubble removed: 0 0 (0s)
Tip
Nb Tip removed: 0 (0s)
Nb errors removed: 36 (0s)
Superbubble
Nb superbubble removed: 0 0 (0s)
Tip
Nb Tip removed: 0 (0s)
Nb errors removed: 31 (0s)
Superbubble
Nb superbubble removed: 0 0 (0s)
Tip
Nb Tip removed: 0 (0s)
Nb errors removed: 19 (0s)
Superbubble
Nb superbubble removed: 0 0 (0s)
Tip
Nb Tip removed: 0 (0s)
Nb errors removed: 12 (0s)
Superbubble
Nb superbubble removed: 0 0 (0s)
Tip
Nb Tip removed: 0 (0s)
Nb errors removed: 16 (0s)
Superbubble
Nb superbubble removed: 0 0 (0s)
Tip
Nb Tip removed: 0 (0s)
Nb errors removed: 14 (0s)
Superbubble
Nb superbubble removed: 0 0 (0s)
Tip
Nb Tip removed: 0 (0s)
Nb errors removed: 21 (0s)
Superbubble
Nb superbubble removed: 0 0 (0s)
Tip
Nb Tip removed: 0 (0s)
Nb errors removed: 14 (0s)
Superbubble
Nb superbubble removed: 0 0 (0s)
Tip
Nb Tip removed: 0 (0s)
Nb errors removed: 8 (0s)
Superbubble
Nb superbubble removed: 0 0 (0s)
Tip
Nb Tip removed: 0 (0s)
Nb errors removed: 14 (0s)
Superbubble
Nb superbubble removed: 0 0 (0s)
Tip
Nb Tip removed: 0 (0s)
Nb errors removed: 2 (0s)
Superbubble
Nb superbubble removed: 0 0 (0s)
Tip
Nb Tip removed: 0 (0s)
Nb errors removed: 1 (0s)
Superbubble
Nb superbubble removed: 0 0 (0s)
Tip
Nb Tip removed: 0 (0s)
Nb errors removed: 1 (0s)
Superbubble
Nb superbubble removed: 0 0 (0s)
Tip
Nb Tip removed: 0 (0s)
Nb errors removed: 15 (0s)
Superbubble
Nb superbubble removed: 0 0 (0s)
Tip
Nb Tip removed: 0 (0s)
Nb errors removed: 1 (0s)
Superbubble
Nb superbubble removed: 0 0 (0s)
Tip
Nb Tip removed: 0 (0s)
Checksum: 0
Checksum abundnace: 0
Generating contigs
41.1448
28.1025
23.2252
17.4494
14.421
13.11
11.9182
10.8347
9.84974
8.14028
7.40025
6.11591
5.05447
4.17725
3.13843
2.14359
0


metaMDBG toMinspace  /var/folders/zg/vq0dnx517c54hg87dyqjky740000gn/T/.tmp7o7wQ0/tmp/ /var/folders/zg/vq0dnx517c54hg87dyqjky740000gn/T/.tmp7o7wQ0/tmp//contigs.nodepath /var/folders/zg/vq0dnx517c54hg87dyqjky740000gn/T/.tmp7o7wQ0/tmp//unitig_data.txt --threads 10

Input dir: /var/folders/zg/vq0dnx517c54hg87dyqjky740000gn/T/.tmp7o7wQ0/tmp/
Minimizer length: 15
Kminmer length: 135
Density: 0.005

Loading unitig sequences

Creating mContigs

Contig filename: /var/folders/zg/vq0dnx517c54hg87dyqjky740000gn/T/.tmp7o7wQ0/tmp//unitig_data.txt
pass done: 135
Multi-k pass: 136/206


metaMDBG graph /var/folders/zg/vq0dnx517c54hg87dyqjky740000gn/T/.tmp7o7wQ0/tmp/ --threads 10 --corrected-read 

Contig filename: 
Output dir: /var/folders/zg/vq0dnx517c54hg87dyqjky740000gn/T/.tmp7o7wQ0/tmp/
Minimizer length: 15
Kminmer length: 136
Density: 0.005
Min abundance: 0

Loading refined abundances
	Duration: 0
Collecting kminmers
Building mdbg
Duration: 0
Nb solid kminmers: 30640
Nb small contigs written: 0
Dump kminmer abundances
	Duration: 0
Indexing edges
Edge index size: 30727
Edge index elements: 56704
	Duration: 0
Compute unitig nodes
	Duration: 0
Index unitig edges
	Duration: 0
Compute unitig edges
	Duration: 0
Dump unitig abundances
	Duration: 0
Nb edges:   0


metaMDBG contig  /var/folders/zg/vq0dnx517c54hg87dyqjky740000gn/T/.tmp7o7wQ0/tmp/ --threads 10

Input dir: /var/folders/zg/vq0dnx517c54hg87dyqjky740000gn/T/.tmp7o7wQ0/tmp/
Minimizer length: 15
Kminmer length: 136
Density: 0.005

Loading unitig graph
Load unitigs
Nb unitigs: 465
Nb minimizers: 93415
Add unitig abundances
Sorting abundances
Add unitig edges
Nb unitig edges: 758
Sorting unitig edges
Done loading unitig graph
Simplifying
Max abundance: 40
Nb unitigs: 465
Superbubble
Nb superbubble removed: 0 0 (0s)
Tip
Nb Tip removed: 141 (0s)
Superbubble
Nb superbubble removed: 0 0 (0s)
Tip
Nb Tip removed: 0 (0s)
Nb errors removed: 84 (0s)
Superbubble
Nb superbubble removed: 0 0 (0s)
Tip
Nb Tip removed: 0 (0s)
Nb errors removed: 36 (0s)
Superbubble
Nb superbubble removed: 0 0 (0s)
Tip
Nb Tip removed: 0 (0s)
Nb errors removed: 31 (0s)
Superbubble
Nb superbubble removed: 0 0 (0s)
Tip
Nb Tip removed: 0 (0s)
Nb errors removed: 19 (0s)
Superbubble
Nb superbubble removed: 0 0 (0s)
Tip
Nb Tip removed: 0 (0s)
Nb errors removed: 12 (0s)
Superbubble
Nb superbubble removed: 0 0 (0s)
Tip
Nb Tip removed: 0 (0s)
Nb errors removed: 16 (0s)
Superbubble
Nb superbubble removed: 0 0 (0s)
Tip
Nb Tip removed: 0 (0s)
Nb errors removed: 14 (0s)
Superbubble
Nb superbubble removed: 0 0 (0s)
Tip
Nb Tip removed: 0 (0s)
Nb errors removed: 22 (0s)
Superbubble
Nb superbubble removed: 0 0 (0s)
Tip
Nb Tip removed: 0 (0s)
Nb errors removed: 14 (0s)
Superbubble
Nb superbubble removed: 0 0 (0s)
Tip
Nb Tip removed: 0 (0s)
Nb errors removed: 8 (0s)
Superbubble
Nb superbubble removed: 0 0 (0s)
Tip
Nb Tip removed: 0 (0s)
Nb errors removed: 14 (0s)
Superbubble
Nb superbubble removed: 0 0 (0s)
Tip
Nb Tip removed: 0 (0s)
Nb errors removed: 2 (0s)
Superbubble
Nb superbubble removed: 0 0 (0s)
Tip
Nb Tip removed: 0 (0s)
Nb errors removed: 1 (0s)
Superbubble
Nb superbubble removed: 0 0 (0s)
Tip
Nb Tip removed: 0 (0s)
Nb errors removed: 1 (0s)
Superbubble
Nb superbubble removed: 0 0 (0s)
Tip
Nb Tip removed: 0 (0s)
Nb errors removed: 14 (0s)
Superbubble
Nb superbubble removed: 0 0 (0s)
Tip
Nb Tip removed: 0 (0s)
Nb errors removed: 1 (0s)
Superbubble
Nb superbubble removed: 0 0 (0s)
Tip
Nb Tip removed: 0 (0s)
Checksum: 0
Checksum abundnace: 0
Generating contigs
41.1448
28.1025
23.2252
17.4494
14.421
13.11
11.9182
10.8347
9.84974
8.14028
7.40025
6.11591
5.05447
4.17725
3.13843
2.14359
0


metaMDBG toMinspace  /var/folders/zg/vq0dnx517c54hg87dyqjky740000gn/T/.tmp7o7wQ0/tmp/ /var/folders/zg/vq0dnx517c54hg87dyqjky740000gn/T/.tmp7o7wQ0/tmp//contigs.nodepath /var/folders/zg/vq0dnx517c54hg87dyqjky740000gn/T/.tmp7o7wQ0/tmp//unitig_data.txt --threads 10

Input dir: /var/folders/zg/vq0dnx517c54hg87dyqjky740000gn/T/.tmp7o7wQ0/tmp/
Minimizer length: 15
Kminmer length: 136
Density: 0.005

Loading unitig sequences

Creating mContigs

Contig filename: /var/folders/zg/vq0dnx517c54hg87dyqjky740000gn/T/.tmp7o7wQ0/tmp//unitig_data.txt
pass done: 136
Multi-k pass: 137/206


metaMDBG graph /var/folders/zg/vq0dnx517c54hg87dyqjky740000gn/T/.tmp7o7wQ0/tmp/ --threads 10 --corrected-read 

Contig filename: 
Output dir: /var/folders/zg/vq0dnx517c54hg87dyqjky740000gn/T/.tmp7o7wQ0/tmp/
Minimizer length: 15
Kminmer length: 137
Density: 0.005
Min abundance: 0

Loading refined abundances
	Duration: 0
Collecting kminmers
Building mdbg
Duration: 0
Nb solid kminmers: 30546
Nb small contigs written: 0
Dump kminmer abundances
	Duration: 0
Indexing edges
Edge index size: 30634
Edge index elements: 56761
	Duration: 0
Compute unitig nodes
	Duration: 0
Index unitig edges
	Duration: 0
Compute unitig edges
	Duration: 0
Dump unitig abundances
	Duration: 0
Nb edges:   0


metaMDBG contig  /var/folders/zg/vq0dnx517c54hg87dyqjky740000gn/T/.tmp7o7wQ0/tmp/ --threads 10

Input dir: /var/folders/zg/vq0dnx517c54hg87dyqjky740000gn/T/.tmp7o7wQ0/tmp/
Minimizer length: 15
Kminmer length: 137
Density: 0.005

Loading unitig graph
Load unitigs
Nb unitigs: 461
Nb minimizers: 93242
Add unitig abundances
Sorting abundances
Add unitig edges
Nb unitig edges: 750
Sorting unitig edges
Done loading unitig graph
Simplifying
Max abundance: 40
Nb unitigs: 461
Superbubble
Nb superbubble removed: 0 0 (0s)
Tip
Nb Tip removed: 141 (0s)
Superbubble
Nb superbubble removed: 0 0 (0s)
Tip
Nb Tip removed: 0 (0s)
Nb errors removed: 82 (0s)
Superbubble
Nb superbubble removed: 0 0 (0s)
Tip
Nb Tip removed: 0 (0s)
Nb errors removed: 36 (0s)
Superbubble
Nb superbubble removed: 0 0 (0s)
Tip
Nb Tip removed: 0 (0s)
Nb errors removed: 31 (0s)
Superbubble
Nb superbubble removed: 0 0 (0s)
Tip
Nb Tip removed: 0 (0s)
Nb errors removed: 19 (0s)
Superbubble
Nb superbubble removed: 0 0 (0s)
Tip
Nb Tip removed: 0 (0s)
Nb errors removed: 12 (0s)
Superbubble
Nb superbubble removed: 0 0 (0s)
Tip
Nb Tip removed: 0 (0s)
Nb errors removed: 16 (0s)
Superbubble
Nb superbubble removed: 0 0 (0s)
Tip
Nb Tip removed: 0 (0s)
Nb errors removed: 14 (0s)
Superbubble
Nb superbubble removed: 0 0 (0s)
Tip
Nb Tip removed: 0 (0s)
Nb errors removed: 21 (0s)
Superbubble
Nb superbubble removed: 0 0 (0s)
Tip
Nb Tip removed: 0 (0s)
Nb errors removed: 14 (0s)
Superbubble
Nb superbubble removed: 0 0 (0s)
Tip
Nb Tip removed: 0 (0s)
Nb errors removed: 8 (0s)
Superbubble
Nb superbubble removed: 0 0 (0s)
Tip
Nb Tip removed: 0 (0s)
Nb errors removed: 15 (0s)
Superbubble
Nb superbubble removed: 0 0 (0s)
Tip
Nb Tip removed: 0 (0s)
Nb errors removed: 2 (0s)
Superbubble
Nb superbubble removed: 0 0 (0s)
Tip
Nb Tip removed: 0 (0s)
Nb errors removed: 1 (0s)
Superbubble
Nb superbubble removed: 0 0 (0s)
Tip
Nb Tip removed: 0 (0s)
Nb errors removed: 1 (0s)
Superbubble
Nb superbubble removed: 0 0 (0s)
Tip
Nb Tip removed: 0 (0s)
Nb errors removed: 14 (0s)
Superbubble
Nb superbubble removed: 0 0 (0s)
Tip
Nb Tip removed: 0 (0s)
Nb errors removed: 1 (0s)
Superbubble
Nb superbubble removed: 0 0 (0s)
Tip
Nb Tip removed: 0 (0s)
Checksum: 0
Checksum abundnace: 0
Generating contigs
41.1448
28.1025
23.2252
17.4494
14.421
13.11
11.9182
10.8347
9.84974
8.14028
7.40025
6.11591
5.05447
4.17725
3.13843
2.14359
0


metaMDBG toMinspace  /var/folders/zg/vq0dnx517c54hg87dyqjky740000gn/T/.tmp7o7wQ0/tmp/ /var/folders/zg/vq0dnx517c54hg87dyqjky740000gn/T/.tmp7o7wQ0/tmp//contigs.nodepath /var/folders/zg/vq0dnx517c54hg87dyqjky740000gn/T/.tmp7o7wQ0/tmp//unitig_data.txt --threads 10

Input dir: /var/folders/zg/vq0dnx517c54hg87dyqjky740000gn/T/.tmp7o7wQ0/tmp/
Minimizer length: 15
Kminmer length: 137
Density: 0.005

Loading unitig sequences

Creating mContigs

Contig filename: /var/folders/zg/vq0dnx517c54hg87dyqjky740000gn/T/.tmp7o7wQ0/tmp//unitig_data.txt
pass done: 137
Multi-k pass: 138/206


metaMDBG graph /var/folders/zg/vq0dnx517c54hg87dyqjky740000gn/T/.tmp7o7wQ0/tmp/ --threads 10 --corrected-read 

Contig filename: 
Output dir: /var/folders/zg/vq0dnx517c54hg87dyqjky740000gn/T/.tmp7o7wQ0/tmp/
Minimizer length: 15
Kminmer length: 138
Density: 0.005
Min abundance: 0

Loading refined abundances
	Duration: 0
Collecting kminmers
Building mdbg
Duration: 0
Nb solid kminmers: 30453
Nb small contigs written: 0
Dump kminmer abundances
	Duration: 0
Indexing edges
Edge index size: 30542
Edge index elements: 56547
	Duration: 0
Compute unitig nodes
	Duration: 0
Index unitig edges
	Duration: 0
Compute unitig edges
	Duration: 0
Dump unitig abundances
	Duration: 0
Nb edges:   0


metaMDBG contig  /var/folders/zg/vq0dnx517c54hg87dyqjky740000gn/T/.tmp7o7wQ0/tmp/ --threads 10

Input dir: /var/folders/zg/vq0dnx517c54hg87dyqjky740000gn/T/.tmp7o7wQ0/tmp/
Minimizer length: 15
Kminmer length: 138
Density: 0.005

Loading unitig graph
Load unitigs
Nb unitigs: 453
Nb minimizers: 92514
Add unitig abundances
Sorting abundances
Add unitig edges
Nb unitig edges: 730
Sorting unitig edges
Done loading unitig graph
Simplifying
Max abundance: 40
Nb unitigs: 453
Superbubble
Nb superbubble removed: 0 0 (0s)
Tip
Nb Tip removed: 136 (0s)
Superbubble
Nb superbubble removed: 0 0 (0s)
Tip
Nb Tip removed: 0 (0s)
Nb errors removed: 82 (0s)
Superbubble
Nb superbubble removed: 0 0 (0s)
Tip
Nb Tip removed: 0 (0s)
Nb errors removed: 36 (0s)
Superbubble
Nb superbubble removed: 0 0 (0s)
Tip
Nb Tip removed: 0 (0s)
Nb errors removed: 28 (0s)
Superbubble
Nb superbubble removed: 0 0 (0s)
Tip
Nb Tip removed: 0 (0s)
Nb errors removed: 19 (0s)
Superbubble
Nb superbubble removed: 0 0 (0s)
Tip
Nb Tip removed: 0 (0s)
Nb errors removed: 12 (0s)
Superbubble
Nb superbubble removed: 0 0 (0s)
Tip
Nb Tip removed: 0 (0s)
Nb errors removed: 16 (0s)
Superbubble
Nb superbubble removed: 0 0 (0s)
Tip
Nb Tip removed: 0 (0s)
Nb errors removed: 14 (0s)
Superbubble
Nb superbubble removed: 0 0 (0s)
Tip
Nb Tip removed: 0 (0s)
Nb errors removed: 22 (0s)
Superbubble
Nb superbubble removed: 0 0 (0s)
Tip
Nb Tip removed: 0 (0s)
Nb errors removed: 13 (0s)
Superbubble
Nb superbubble removed: 0 0 (0s)
Tip
Nb Tip removed: 0 (0s)
Nb errors removed: 8 (0s)
Superbubble
Nb superbubble removed: 0 0 (0s)
Tip
Nb Tip removed: 0 (0s)
Nb errors removed: 14 (0s)
Superbubble
Nb superbubble removed: 0 0 (0s)
Tip
Nb Tip removed: 0 (0s)
Nb errors removed: 2 (0s)
Superbubble
Nb superbubble removed: 0 0 (0s)
Tip
Nb Tip removed: 0 (0s)
Nb errors removed: 1 (0s)
Superbubble
Nb superbubble removed: 0 0 (0s)
Tip
Nb Tip removed: 0 (0s)
Nb errors removed: 1 (0s)
Superbubble
Nb superbubble removed: 0 0 (0s)
Tip
Nb Tip removed: 0 (0s)
Nb errors removed: 14 (0s)
Superbubble
Nb superbubble removed: 0 0 (0s)
Tip
Nb Tip removed: 0 (0s)
Nb errors removed: 1 (0s)
Superbubble
Nb superbubble removed: 0 0 (0s)
Tip
Nb Tip removed: 0 (0s)
Checksum: 0
Checksum abundnace: 0
Generating contigs
41.1448
28.1025
23.2252
17.4494
14.421
13.11
11.9182
10.8347
9.84974
8.14028
7.40025
6.11591
5.05447
4.17725
3.13843
2.14359
0


metaMDBG toMinspace  /var/folders/zg/vq0dnx517c54hg87dyqjky740000gn/T/.tmp7o7wQ0/tmp/ /var/folders/zg/vq0dnx517c54hg87dyqjky740000gn/T/.tmp7o7wQ0/tmp//contigs.nodepath /var/folders/zg/vq0dnx517c54hg87dyqjky740000gn/T/.tmp7o7wQ0/tmp//unitig_data.txt --threads 10

Input dir: /var/folders/zg/vq0dnx517c54hg87dyqjky740000gn/T/.tmp7o7wQ0/tmp/
Minimizer length: 15
Kminmer length: 138
Density: 0.005

Loading unitig sequences

Creating mContigs

Contig filename: /var/folders/zg/vq0dnx517c54hg87dyqjky740000gn/T/.tmp7o7wQ0/tmp//unitig_data.txt
pass done: 138
Multi-k pass: 139/206


metaMDBG graph /var/folders/zg/vq0dnx517c54hg87dyqjky740000gn/T/.tmp7o7wQ0/tmp/ --threads 10 --corrected-read 

Contig filename: 
Output dir: /var/folders/zg/vq0dnx517c54hg87dyqjky740000gn/T/.tmp7o7wQ0/tmp/
Minimizer length: 15
Kminmer length: 139
Density: 0.005
Min abundance: 0

Loading refined abundances
	Duration: 0
Collecting kminmers
Building mdbg
Duration: 0
Nb solid kminmers: 30362
Nb small contigs written: 0
Dump kminmer abundances
	Duration: 0
Indexing edges
Edge index size: 30452
Edge index elements: 56387
	Duration: 0
Compute unitig nodes
	Duration: 0
Index unitig edges
	Duration: 0
Compute unitig edges
	Duration: 0
Dump unitig abundances
	Duration: 0
Nb edges:   0


metaMDBG contig  /var/folders/zg/vq0dnx517c54hg87dyqjky740000gn/T/.tmp7o7wQ0/tmp/ --threads 10

Input dir: /var/folders/zg/vq0dnx517c54hg87dyqjky740000gn/T/.tmp7o7wQ0/tmp/
Minimizer length: 15
Kminmer length: 139
Density: 0.005

Loading unitig graph
Load unitigs
Nb unitigs: 450
Nb minimizers: 92462
Add unitig abundances
Sorting abundances
Add unitig edges
Nb unitig edges: 722
Sorting unitig edges
Done loading unitig graph
Simplifying
Max abundance: 40
Nb unitigs: 450
Superbubble
Nb superbubble removed: 0 0 (0s)
Tip
Nb Tip removed: 135 (0s)
Superbubble
Nb superbubble removed: 0 0 (0s)
Tip
Nb Tip removed: 0 (0s)
Nb errors removed: 82 (0s)
Superbubble
Nb superbubble removed: 0 0 (0s)
Tip
Nb Tip removed: 0 (0s)
Nb errors removed: 35 (0s)
Superbubble
Nb superbubble removed: 0 0 (0s)
Tip
Nb Tip removed: 0 (0s)
Nb errors removed: 28 (0s)
Superbubble
Nb superbubble removed: 0 0 (0s)
Tip
Nb Tip removed: 0 (0s)
Nb errors removed: 19 (0s)
Superbubble
Nb superbubble removed: 0 0 (0s)
Tip
Nb Tip removed: 0 (0s)
Nb errors removed: 12 (0s)
Superbubble
Nb superbubble removed: 0 0 (0s)
Tip
Nb Tip removed: 0 (0s)
Nb errors removed: 16 (0s)
Superbubble
Nb superbubble removed: 0 0 (0s)
Tip
Nb Tip removed: 0 (0s)
Nb errors removed: 14 (0s)
Superbubble
Nb superbubble removed: 0 0 (0s)
Tip
Nb Tip removed: 0 (0s)
Nb errors removed: 22 (0s)
Superbubble
Nb superbubble removed: 0 0 (0s)
Tip
Nb Tip removed: 0 (0s)
Nb errors removed: 13 (0s)
Superbubble
Nb superbubble removed: 0 0 (0s)
Tip
Nb Tip removed: 0 (0s)
Nb errors removed: 8 (0s)
Superbubble
Nb superbubble removed: 0 0 (0s)
Tip
Nb Tip removed: 0 (0s)
Nb errors removed: 14 (0s)
Superbubble
Nb superbubble removed: 0 0 (0s)
Tip
Nb Tip removed: 0 (0s)
Nb errors removed: 2 (0s)
Superbubble
Nb superbubble removed: 0 0 (0s)
Tip
Nb Tip removed: 0 (0s)
Nb errors removed: 1 (0s)
Superbubble
Nb superbubble removed: 0 0 (0s)
Tip
Nb Tip removed: 0 (0s)
Nb errors removed: 1 (0s)
Superbubble
Nb superbubble removed: 0 0 (0s)
Tip
Nb Tip removed: 0 (0s)
Nb errors removed: 14 (0s)
Superbubble
Nb superbubble removed: 0 0 (0s)
Tip
Nb Tip removed: 0 (0s)
Nb errors removed: 1 (0s)
Superbubble
Nb superbubble removed: 0 0 (0s)
Tip
Nb Tip removed: 0 (0s)
Checksum: 0
Checksum abundnace: 0
Generating contigs
41.1448
28.1025
23.2252
17.4494
14.421
13.11
11.9182
10.8347
9.84974
8.14028
7.40025
6.11591
5.05447
4.17725
3.13843
2.14359
0


metaMDBG toMinspace  /var/folders/zg/vq0dnx517c54hg87dyqjky740000gn/T/.tmp7o7wQ0/tmp/ /var/folders/zg/vq0dnx517c54hg87dyqjky740000gn/T/.tmp7o7wQ0/tmp//contigs.nodepath /var/folders/zg/vq0dnx517c54hg87dyqjky740000gn/T/.tmp7o7wQ0/tmp//unitig_data.txt --threads 10

Input dir: /var/folders/zg/vq0dnx517c54hg87dyqjky740000gn/T/.tmp7o7wQ0/tmp/
Minimizer length: 15
Kminmer length: 139
Density: 0.005

Loading unitig sequences

Creating mContigs

Contig filename: /var/folders/zg/vq0dnx517c54hg87dyqjky740000gn/T/.tmp7o7wQ0/tmp//unitig_data.txt
pass done: 139
Multi-k pass: 140/206


metaMDBG graph /var/folders/zg/vq0dnx517c54hg87dyqjky740000gn/T/.tmp7o7wQ0/tmp/ --threads 10 --corrected-read 

Contig filename: 
Output dir: /var/folders/zg/vq0dnx517c54hg87dyqjky740000gn/T/.tmp7o7wQ0/tmp/
Minimizer length: 15
Kminmer length: 140
Density: 0.005
Min abundance: 0

Loading refined abundances
	Duration: 0
Collecting kminmers
Building mdbg
Duration: 0
Nb solid kminmers: 30266
Nb small contigs written: 0
Dump kminmer abundances
	Duration: 0
Indexing edges
Edge index size: 30357
Edge index elements: 56166
	Duration: 0
Compute unitig nodes
	Duration: 0
Index unitig edges
	Duration: 0
Compute unitig edges
	Duration: 0
Dump unitig abundances
	Duration: 0
Nb edges:   0


metaMDBG contig  /var/folders/zg/vq0dnx517c54hg87dyqjky740000gn/T/.tmp7o7wQ0/tmp/ --threads 10

Input dir: /var/folders/zg/vq0dnx517c54hg87dyqjky740000gn/T/.tmp7o7wQ0/tmp/
Minimizer length: 15
Kminmer length: 140
Density: 0.005

Loading unitig graph
Load unitigs
Nb unitigs: 438
Nb minimizers: 91148
Add unitig abundances
Sorting abundances
Add unitig edges
Nb unitig edges: 694
Sorting unitig edges
Done loading unitig graph
Simplifying
Max abundance: 40
Nb unitigs: 438
Superbubble
Nb superbubble removed: 0 0 (0s)
Tip
Nb Tip removed: 127 (0s)
Superbubble
Nb superbubble removed: 0 0 (0s)
Tip
Nb Tip removed: 0 (0s)
Nb errors removed: 81 (0s)
Superbubble
Nb superbubble removed: 0 0 (0s)
Tip
Nb Tip removed: 0 (0s)
Nb errors removed: 35 (0s)
Superbubble
Nb superbubble removed: 0 0 (0s)
Tip
Nb Tip removed: 0 (0s)
Nb errors removed: 28 (0s)
Superbubble
Nb superbubble removed: 0 0 (0s)
Tip
Nb Tip removed: 0 (0s)
Nb errors removed: 19 (0s)
Superbubble
Nb superbubble removed: 0 0 (0s)
Tip
Nb Tip removed: 0 (0s)
Nb errors removed: 11 (0s)
Superbubble
Nb superbubble removed: 0 0 (0s)
Tip
Nb Tip removed: 0 (0s)
Nb errors removed: 16 (0s)
Superbubble
Nb superbubble removed: 0 0 (0s)
Tip
Nb Tip removed: 0 (0s)
Nb errors removed: 12 (0s)
Superbubble
Nb superbubble removed: 0 0 (0s)
Tip
Nb Tip removed: 0 (0s)
Nb errors removed: 21 (0s)
Superbubble
Nb superbubble removed: 0 0 (0s)
Tip
Nb Tip removed: 0 (0s)
Nb errors removed: 13 (0s)
Superbubble
Nb superbubble removed: 0 0 (0s)
Tip
Nb Tip removed: 0 (0s)
Nb errors removed: 8 (0s)
Superbubble
Nb superbubble removed: 0 0 (0s)
Tip
Nb Tip removed: 0 (0s)
Nb errors removed: 14 (0s)
Superbubble
Nb superbubble removed: 0 0 (0s)
Tip
Nb Tip removed: 0 (0s)
Nb errors removed: 1 (0s)
Superbubble
Nb superbubble removed: 0 0 (0s)
Tip
Nb Tip removed: 0 (0s)
Nb errors removed: 1 (0s)
Superbubble
Nb superbubble removed: 0 0 (0s)
Tip
Nb Tip removed: 0 (0s)
Nb errors removed: 1 (0s)
Superbubble
Nb superbubble removed: 0 0 (0s)
Tip
Nb Tip removed: 0 (0s)
Nb errors removed: 14 (0s)
Superbubble
Nb superbubble removed: 0 0 (0s)
Tip
Nb Tip removed: 0 (0s)
Nb errors removed: 1 (0s)
Superbubble
Nb superbubble removed: 0 0 (0s)
Tip
Nb Tip removed: 0 (0s)
Checksum: 0
Checksum abundnace: 0
Generating contigs
41.1448
28.1025
23.2252
17.4494
14.421
13.11
11.9182
10.8347
9.84974
8.14028
7.40025
6.11591
5.05447
4.17725
3.13843
2.14359
0


metaMDBG toMinspace  /var/folders/zg/vq0dnx517c54hg87dyqjky740000gn/T/.tmp7o7wQ0/tmp/ /var/folders/zg/vq0dnx517c54hg87dyqjky740000gn/T/.tmp7o7wQ0/tmp//contigs.nodepath /var/folders/zg/vq0dnx517c54hg87dyqjky740000gn/T/.tmp7o7wQ0/tmp//unitig_data.txt --threads 10

Input dir: /var/folders/zg/vq0dnx517c54hg87dyqjky740000gn/T/.tmp7o7wQ0/tmp/
Minimizer length: 15
Kminmer length: 140
Density: 0.005

Loading unitig sequences

Creating mContigs

Contig filename: /var/folders/zg/vq0dnx517c54hg87dyqjky740000gn/T/.tmp7o7wQ0/tmp//unitig_data.txt
pass done: 140
Multi-k pass: 141/206


metaMDBG graph /var/folders/zg/vq0dnx517c54hg87dyqjky740000gn/T/.tmp7o7wQ0/tmp/ --threads 10 --corrected-read 

Contig filename: 
Output dir: /var/folders/zg/vq0dnx517c54hg87dyqjky740000gn/T/.tmp7o7wQ0/tmp/
Minimizer length: 15
Kminmer length: 141
Density: 0.005
Min abundance: 0

Loading refined abundances
	Duration: 0
Collecting kminmers
Building mdbg
Duration: 0
Nb solid kminmers: 30171
Nb small contigs written: 0
Dump kminmer abundances
	Duration: 0
Indexing edges
Edge index size: 30264
Edge index elements: 56039
	Duration: 0
Compute unitig nodes
	Duration: 0
Index unitig edges
	Duration: 0
Compute unitig edges
	Duration: 0
Dump unitig abundances
	Duration: 0
Nb edges:   0


metaMDBG contig  /var/folders/zg/vq0dnx517c54hg87dyqjky740000gn/T/.tmp7o7wQ0/tmp/ --threads 10 --gen-graph 

Input dir: /var/folders/zg/vq0dnx517c54hg87dyqjky740000gn/T/.tmp7o7wQ0/tmp/
Minimizer length: 15
Kminmer length: 141
Density: 0.005

Loading unitig graph
Load unitigs
Nb unitigs: 432
Nb minimizers: 90651
Add unitig abundances
Sorting abundances
Add unitig edges
Nb unitig edges: 678
Sorting unitig edges
Done loading unitig graph
Simplifying
Max abundance: 40
Nb unitigs: 432
Superbubble
Nb superbubble removed: 0 0 (0s)
Tip
Nb Tip removed: 122 (0s)
Superbubble
Nb superbubble removed: 0 0 (0s)
Tip
Nb Tip removed: 0 (0s)
Saving unitig graph: /var/folders/zg/vq0dnx517c54hg87dyqjky740000gn/T/.tmp7o7wQ0/tmp//assembly_graph.gfa
Nb errors removed: 81 (0s)
Superbubble
Nb superbubble removed: 0 0 (0s)
Tip
Nb Tip removed: 0 (0s)
Nb errors removed: 35 (0s)
Superbubble
Nb superbubble removed: 0 0 (0s)
Tip
Nb Tip removed: 0 (0s)
Nb errors removed: 27 (0s)
Superbubble
Nb superbubble removed: 0 0 (0s)
Tip
Nb Tip removed: 0 (0s)
Nb errors removed: 19 (0s)
Superbubble
Nb superbubble removed: 0 0 (0s)
Tip
Nb Tip removed: 0 (0s)
Nb errors removed: 11 (0s)
Superbubble
Nb superbubble removed: 0 0 (0s)
Tip
Nb Tip removed: 0 (0s)
Nb errors removed: 15 (0s)
Superbubble
Nb superbubble removed: 0 0 (0s)
Tip
Nb Tip removed: 0 (0s)
Nb errors removed: 12 (0s)
Superbubble
Nb superbubble removed: 0 0 (0s)
Tip
Nb Tip removed: 0 (0s)
Nb errors removed: 21 (0s)
Superbubble
Nb superbubble removed: 0 0 (0s)
Tip
Nb Tip removed: 0 (0s)
Nb errors removed: 13 (0s)
Superbubble
Nb superbubble removed: 0 0 (0s)
Tip
Nb Tip removed: 0 (0s)
Nb errors removed: 8 (0s)
Superbubble
Nb superbubble removed: 0 0 (0s)
Tip
Nb Tip removed: 0 (0s)
Nb errors removed: 14 (0s)
Superbubble
Nb superbubble removed: 0 0 (0s)
Tip
Nb Tip removed: 0 (0s)
Nb errors removed: 1 (0s)
Superbubble
Nb superbubble removed: 0 0 (0s)
Tip
Nb Tip removed: 0 (0s)
Nb errors removed: 1 (0s)
Superbubble
Nb superbubble removed: 0 0 (0s)
Tip
Nb Tip removed: 0 (0s)
Nb errors removed: 1 (0s)
Superbubble
Nb superbubble removed: 0 0 (0s)
Tip
Nb Tip removed: 0 (0s)
Nb errors removed: 14 (0s)
Superbubble
Nb superbubble removed: 0 0 (0s)
Tip
Nb Tip removed: 0 (0s)
Nb errors removed: 1 (0s)
Superbubble
Nb superbubble removed: 0 0 (0s)
Tip
Nb Tip removed: 0 (0s)
Checksum: 0
Checksum abundnace: 0
Generating contigs
41.1448
28.1025
23.2252
17.4494
14.421
13.11
11.9182
10.8347
9.84974
8.14028
7.40025
6.11591
5.05447
4.17725
3.13843
2.14359
0


metaMDBG toMinspace  /var/folders/zg/vq0dnx517c54hg87dyqjky740000gn/T/.tmp7o7wQ0/tmp/ /var/folders/zg/vq0dnx517c54hg87dyqjky740000gn/T/.tmp7o7wQ0/tmp//contigs.nodepath /var/folders/zg/vq0dnx517c54hg87dyqjky740000gn/T/.tmp7o7wQ0/tmp//unitig_data.txt --threads 10

Input dir: /var/folders/zg/vq0dnx517c54hg87dyqjky740000gn/T/.tmp7o7wQ0/tmp/
Minimizer length: 15
Kminmer length: 141
Density: 0.005

Loading unitig sequences

Creating mContigs

Contig filename: /var/folders/zg/vq0dnx517c54hg87dyqjky740000gn/T/.tmp7o7wQ0/tmp//unitig_data.txt


metaMDBG toMinspace  /var/folders/zg/vq0dnx517c54hg87dyqjky740000gn/T/.tmp7o7wQ0/tmp/ /var/folders/zg/vq0dnx517c54hg87dyqjky740000gn/T/.tmp7o7wQ0/tmp//assembly_graph.gfa.unitigs.nodepath /var/folders/zg/vq0dnx517c54hg87dyqjky740000gn/T/.tmp7o7wQ0/tmp//assembly_graph.gfa.unitigs --threads 10

Input dir: /var/folders/zg/vq0dnx517c54hg87dyqjky740000gn/T/.tmp7o7wQ0/tmp/
Minimizer length: 15
Kminmer length: 141
Density: 0.005

Loading unitig sequences

Creating mContigs

Contig filename: /var/folders/zg/vq0dnx517c54hg87dyqjky740000gn/T/.tmp7o7wQ0/tmp//assembly_graph.gfa.unitigs
pass done: 141
Multi-k pass: 142/206


metaMDBG graph /var/folders/zg/vq0dnx517c54hg87dyqjky740000gn/T/.tmp7o7wQ0/tmp/ --threads 10 --corrected-read 

Contig filename: 
Output dir: /var/folders/zg/vq0dnx517c54hg87dyqjky740000gn/T/.tmp7o7wQ0/tmp/
Minimizer length: 15
Kminmer length: 142
Density: 0.005
Min abundance: 0

Loading refined abundances
	Duration: 0
Collecting kminmers
Building mdbg
Duration: 0
Nb solid kminmers: 30071
Nb small contigs written: 0
Dump kminmer abundances
	Duration: 0
Indexing edges
Edge index size: 30170
Edge index elements: 56069
	Duration: 0
Compute unitig nodes
	Duration: 0
Index unitig edges
	Duration: 0
Compute unitig edges
	Duration: 0
Dump unitig abundances
	Duration: 0
Nb edges:   0


metaMDBG contig  /var/folders/zg/vq0dnx517c54hg87dyqjky740000gn/T/.tmp7o7wQ0/tmp/ --threads 10

Input dir: /var/folders/zg/vq0dnx517c54hg87dyqjky740000gn/T/.tmp7o7wQ0/tmp/
Minimizer length: 15
Kminmer length: 142
Density: 0.005

Loading unitig graph
Load unitigs
Nb unitigs: 424
Nb minimizers: 89855
Add unitig abundances
Sorting abundances
Add unitig edges
Nb unitig edges: 650
Sorting unitig edges
Done loading unitig graph
Simplifying
Max abundance: 40
Nb unitigs: 424
Superbubble
Nb superbubble removed: 0 0 (0s)
Tip
Nb Tip removed: 117 (0s)
Superbubble
Nb superbubble removed: 0 0 (0s)
Tip
Nb Tip removed: 0 (0s)
Nb errors removed: 81 (0s)
Superbubble
Nb superbubble removed: 0 0 (0s)
Tip
Nb Tip removed: 0 (0s)
Nb errors removed: 34 (0s)
Superbubble
Nb superbubble removed: 0 0 (0s)
Tip
Nb Tip removed: 0 (0s)
Nb errors removed: 27 (0s)
Superbubble
Nb superbubble removed: 0 0 (0s)
Tip
Nb Tip removed: 0 (0s)
Nb errors removed: 19 (0s)
Superbubble
Nb superbubble removed: 0 0 (0s)
Tip
Nb Tip removed: 0 (0s)
Nb errors removed: 11 (0s)
Superbubble
Nb superbubble removed: 0 0 (0s)
Tip
Nb Tip removed: 0 (0s)
Nb errors removed: 15 (0s)
Superbubble
Nb superbubble removed: 0 0 (0s)
Tip
Nb Tip removed: 0 (0s)
Nb errors removed: 12 (0s)
Superbubble
Nb superbubble removed: 0 0 (0s)
Tip
Nb Tip removed: 0 (0s)
Nb errors removed: 20 (0s)
Superbubble
Nb superbubble removed: 0 0 (0s)
Tip
Nb Tip removed: 0 (0s)
Nb errors removed: 13 (0s)
Superbubble
Nb superbubble removed: 0 0 (0s)
Tip
Nb Tip removed: 0 (0s)
Nb errors removed: 8 (0s)
Superbubble
Nb superbubble removed: 0 0 (0s)
Tip
Nb Tip removed: 0 (0s)
Nb errors removed: 14 (0s)
Superbubble
Nb superbubble removed: 0 0 (0s)
Tip
Nb Tip removed: 0 (0s)
Nb errors removed: 1 (0s)
Superbubble
Nb superbubble removed: 0 0 (0s)
Tip
Nb Tip removed: 0 (0s)
Nb errors removed: 1 (0s)
Superbubble
Nb superbubble removed: 0 0 (0s)
Tip
Nb Tip removed: 0 (0s)
Nb errors removed: 1 (0s)
Superbubble
Nb superbubble removed: 0 0 (0s)
Tip
Nb Tip removed: 0 (0s)
Nb errors removed: 14 (0s)
Superbubble
Nb superbubble removed: 0 0 (0s)
Tip
Nb Tip removed: 0 (0s)
Nb errors removed: 1 (0s)
Superbubble
Nb superbubble removed: 0 0 (0s)
Tip
Nb Tip removed: 0 (0s)
Checksum: 0
Checksum abundnace: 0
Generating contigs
41.1448
28.1025
23.2252
17.4494
14.421
13.11
11.9182
10.8347
9.84974
8.14028
7.40025
6.11591
5.05447
4.17725
3.13843
2.14359
0


metaMDBG toMinspace  /var/folders/zg/vq0dnx517c54hg87dyqjky740000gn/T/.tmp7o7wQ0/tmp/ /var/folders/zg/vq0dnx517c54hg87dyqjky740000gn/T/.tmp7o7wQ0/tmp//contigs.nodepath /var/folders/zg/vq0dnx517c54hg87dyqjky740000gn/T/.tmp7o7wQ0/tmp//unitig_data.txt --threads 10

Input dir: /var/folders/zg/vq0dnx517c54hg87dyqjky740000gn/T/.tmp7o7wQ0/tmp/
Minimizer length: 15
Kminmer length: 142
Density: 0.005

Loading unitig sequences

Creating mContigs

Contig filename: /var/folders/zg/vq0dnx517c54hg87dyqjky740000gn/T/.tmp7o7wQ0/tmp//unitig_data.txt
pass done: 142
Multi-k pass: 143/206


metaMDBG graph /var/folders/zg/vq0dnx517c54hg87dyqjky740000gn/T/.tmp7o7wQ0/tmp/ --threads 10 --corrected-read 

Contig filename: 
Output dir: /var/folders/zg/vq0dnx517c54hg87dyqjky740000gn/T/.tmp7o7wQ0/tmp/
Minimizer length: 15
Kminmer length: 143
Density: 0.005
Min abundance: 0

Loading refined abundances
	Duration: 0
Collecting kminmers
Building mdbg
Duration: 0
Nb solid kminmers: 29970
Nb small contigs written: 0
Dump kminmer abundances
	Duration: 0
Indexing edges
Edge index size: 30069
Edge index elements: 55976
	Duration: 0
Compute unitig nodes
	Duration: 0
Index unitig edges
	Duration: 0
Compute unitig edges
	Duration: 0
Dump unitig abundances
	Duration: 0
Nb edges:   0


metaMDBG contig  /var/folders/zg/vq0dnx517c54hg87dyqjky740000gn/T/.tmp7o7wQ0/tmp/ --threads 10

Input dir: /var/folders/zg/vq0dnx517c54hg87dyqjky740000gn/T/.tmp7o7wQ0/tmp/
Minimizer length: 15
Kminmer length: 143
Density: 0.005

Loading unitig graph
Load unitigs
Nb unitigs: 418
Nb minimizers: 89326
Add unitig abundances
Sorting abundances
Add unitig edges
Nb unitig edges: 642
Sorting unitig edges
Done loading unitig graph
Simplifying
Max abundance: 40
Nb unitigs: 418
Superbubble
Nb superbubble removed: 0 0 (0s)
Tip
Nb Tip removed: 116 (0s)
Superbubble
Nb superbubble removed: 0 0 (0s)
Tip
Nb Tip removed: 0 (0s)
Nb errors removed: 80 (0s)
Superbubble
Nb superbubble removed: 0 0 (0s)
Tip
Nb Tip removed: 0 (0s)
Nb errors removed: 34 (0s)
Superbubble
Nb superbubble removed: 0 0 (0s)
Tip
Nb Tip removed: 0 (0s)
Nb errors removed: 26 (0s)
Superbubble
Nb superbubble removed: 0 0 (0s)
Tip
Nb Tip removed: 0 (0s)
Nb errors removed: 19 (0s)
Superbubble
Nb superbubble removed: 0 0 (0s)
Tip
Nb Tip removed: 0 (0s)
Nb errors removed: 11 (0s)
Superbubble
Nb superbubble removed: 0 0 (0s)
Tip
Nb Tip removed: 0 (0s)
Nb errors removed: 15 (0s)
Superbubble
Nb superbubble removed: 0 0 (0s)
Tip
Nb Tip removed: 0 (0s)
Nb errors removed: 12 (0s)
Superbubble
Nb superbubble removed: 0 0 (0s)
Tip
Nb Tip removed: 0 (0s)
Nb errors removed: 20 (0s)
Superbubble
Nb superbubble removed: 0 0 (0s)
Tip
Nb Tip removed: 0 (0s)
Nb errors removed: 13 (0s)
Superbubble
Nb superbubble removed: 0 0 (0s)
Tip
Nb Tip removed: 0 (0s)
Nb errors removed: 8 (0s)
Superbubble
Nb superbubble removed: 0 0 (0s)
Tip
Nb Tip removed: 0 (0s)
Nb errors removed: 14 (0s)
Superbubble
Nb superbubble removed: 0 0 (0s)
Tip
Nb Tip removed: 0 (0s)
Nb errors removed: 1 (0s)
Superbubble
Nb superbubble removed: 0 0 (0s)
Tip
Nb Tip removed: 0 (0s)
Nb errors removed: 1 (0s)
Superbubble
Nb superbubble removed: 0 0 (0s)
Tip
Nb Tip removed: 0 (0s)
Nb errors removed: 1 (0s)
Superbubble
Nb superbubble removed: 0 0 (0s)
Tip
Nb Tip removed: 0 (0s)
Nb errors removed: 14 (0s)
Superbubble
Nb superbubble removed: 0 0 (0s)
Tip
Nb Tip removed: 0 (0s)
Nb errors removed: 1 (0s)
Superbubble
Nb superbubble removed: 0 0 (0s)
Tip
Nb Tip removed: 0 (0s)
Checksum: 0
Checksum abundnace: 0
Generating contigs
41.1448
28.1025
23.2252
17.4494
14.421
13.11
11.9182
10.8347
9.84974
8.14028
7.40025
6.11591
5.05447
4.17725
3.13843
2.14359
0


metaMDBG toMinspace  /var/folders/zg/vq0dnx517c54hg87dyqjky740000gn/T/.tmp7o7wQ0/tmp/ /var/folders/zg/vq0dnx517c54hg87dyqjky740000gn/T/.tmp7o7wQ0/tmp//contigs.nodepath /var/folders/zg/vq0dnx517c54hg87dyqjky740000gn/T/.tmp7o7wQ0/tmp//unitig_data.txt --threads 10

Input dir: /var/folders/zg/vq0dnx517c54hg87dyqjky740000gn/T/.tmp7o7wQ0/tmp/
Minimizer length: 15
Kminmer length: 143
Density: 0.005

Loading unitig sequences

Creating mContigs

Contig filename: /var/folders/zg/vq0dnx517c54hg87dyqjky740000gn/T/.tmp7o7wQ0/tmp//unitig_data.txt
pass done: 143
Multi-k pass: 144/206


metaMDBG graph /var/folders/zg/vq0dnx517c54hg87dyqjky740000gn/T/.tmp7o7wQ0/tmp/ --threads 10 --corrected-read 

Contig filename: 
Output dir: /var/folders/zg/vq0dnx517c54hg87dyqjky740000gn/T/.tmp7o7wQ0/tmp/
Minimizer length: 15
Kminmer length: 144
Density: 0.005
Min abundance: 0

Loading refined abundances
	Duration: 0
Collecting kminmers
Building mdbg
Duration: 0
Nb solid kminmers: 29870
Nb small contigs written: 0
Dump kminmer abundances
	Duration: 0
Indexing edges
Edge index size: 29968
Edge index elements: 55821
	Duration: 0
Compute unitig nodes
	Duration: 0
Index unitig edges
	Duration: 0
Compute unitig edges
	Duration: 0
Dump unitig abundances
	Duration: 0
Nb edges:   0


metaMDBG contig  /var/folders/zg/vq0dnx517c54hg87dyqjky740000gn/T/.tmp7o7wQ0/tmp/ --threads 10

Input dir: /var/folders/zg/vq0dnx517c54hg87dyqjky740000gn/T/.tmp7o7wQ0/tmp/
Minimizer length: 15
Kminmer length: 144
Density: 0.005

Loading unitig graph
Load unitigs
Nb unitigs: 417
Nb minimizers: 89501
Add unitig abundances
Sorting abundances
Add unitig edges
Nb unitig edges: 638
Sorting unitig edges
Done loading unitig graph
Simplifying
Max abundance: 40
Nb unitigs: 417
Superbubble
Nb superbubble removed: 0 0 (0s)
Tip
Nb Tip removed: 113 (0s)
Superbubble
Nb superbubble removed: 0 0 (0s)
Tip
Nb Tip removed: 0 (0s)
Nb errors removed: 78 (0s)
Superbubble
Nb superbubble removed: 0 0 (0s)
Tip
Nb Tip removed: 0 (0s)
Nb errors removed: 34 (0s)
Superbubble
Nb superbubble removed: 0 0 (0s)
Tip
Nb Tip removed: 0 (0s)
Nb errors removed: 26 (0s)
Superbubble
Nb superbubble removed: 0 0 (0s)
Tip
Nb Tip removed: 0 (0s)
Nb errors removed: 19 (0s)
Superbubble
Nb superbubble removed: 0 0 (0s)
Tip
Nb Tip removed: 0 (0s)
Nb errors removed: 11 (0s)
Superbubble
Nb superbubble removed: 0 0 (0s)
Tip
Nb Tip removed: 0 (0s)
Nb errors removed: 15 (0s)
Superbubble
Nb superbubble removed: 0 0 (0s)
Tip
Nb Tip removed: 0 (0s)
Nb errors removed: 12 (0s)
Superbubble
Nb superbubble removed: 0 0 (0s)
Tip
Nb Tip removed: 0 (0s)
Nb errors removed: 20 (0s)
Superbubble
Nb superbubble removed: 0 0 (0s)
Tip
Nb Tip removed: 0 (0s)
Nb errors removed: 13 (0s)
Superbubble
Nb superbubble removed: 0 0 (0s)
Tip
Nb Tip removed: 0 (0s)
Nb errors removed: 8 (0s)
Superbubble
Nb superbubble removed: 0 0 (0s)
Tip
Nb Tip removed: 0 (0s)
Nb errors removed: 14 (0s)
Superbubble
Nb superbubble removed: 0 0 (0s)
Tip
Nb Tip removed: 0 (0s)
Nb errors removed: 1 (0s)
Superbubble
Nb superbubble removed: 0 0 (0s)
Tip
Nb Tip removed: 0 (0s)
Nb errors removed: 1 (0s)
Superbubble
Nb superbubble removed: 0 0 (0s)
Tip
Nb Tip removed: 0 (0s)
Nb errors removed: 1 (0s)
Superbubble
Nb superbubble removed: 0 0 (0s)
Tip
Nb Tip removed: 0 (0s)
Nb errors removed: 15 (0s)
Superbubble
Nb superbubble removed: 0 0 (0s)
Tip
Nb Tip removed: 0 (0s)
Nb errors removed: 1 (0s)
Superbubble
Nb superbubble removed: 0 0 (0s)
Tip
Nb Tip removed: 0 (0s)
Checksum: 0
Checksum abundnace: 0
Generating contigs
41.1448
28.1025
23.2252
17.4494
14.421
13.11
11.9182
10.8347
9.84974
8.14028
7.40025
6.11591
5.05447
4.17725
3.13843
2.14359
0


metaMDBG toMinspace  /var/folders/zg/vq0dnx517c54hg87dyqjky740000gn/T/.tmp7o7wQ0/tmp/ /var/folders/zg/vq0dnx517c54hg87dyqjky740000gn/T/.tmp7o7wQ0/tmp//contigs.nodepath /var/folders/zg/vq0dnx517c54hg87dyqjky740000gn/T/.tmp7o7wQ0/tmp//unitig_data.txt --threads 10

Input dir: /var/folders/zg/vq0dnx517c54hg87dyqjky740000gn/T/.tmp7o7wQ0/tmp/
Minimizer length: 15
Kminmer length: 144
Density: 0.005

Loading unitig sequences

Creating mContigs

Contig filename: /var/folders/zg/vq0dnx517c54hg87dyqjky740000gn/T/.tmp7o7wQ0/tmp//unitig_data.txt
pass done: 144
Multi-k pass: 145/206


metaMDBG graph /var/folders/zg/vq0dnx517c54hg87dyqjky740000gn/T/.tmp7o7wQ0/tmp/ --threads 10 --corrected-read 

Contig filename: 
Output dir: /var/folders/zg/vq0dnx517c54hg87dyqjky740000gn/T/.tmp7o7wQ0/tmp/
Minimizer length: 15
Kminmer length: 145
Density: 0.005
Min abundance: 0

Loading refined abundances
	Duration: 0
Collecting kminmers
Building mdbg
Duration: 0
Nb solid kminmers: 29764
Nb small contigs written: 0
Dump kminmer abundances
	Duration: 0
Indexing edges
Edge index size: 29865
Edge index elements: 55833
	Duration: 0
Compute unitig nodes
	Duration: 0
Index unitig edges
	Duration: 0
Compute unitig edges
	Duration: 0
Dump unitig abundances
	Duration: 0
Nb edges:   0


metaMDBG contig  /var/folders/zg/vq0dnx517c54hg87dyqjky740000gn/T/.tmp7o7wQ0/tmp/ --threads 10

Input dir: /var/folders/zg/vq0dnx517c54hg87dyqjky740000gn/T/.tmp7o7wQ0/tmp/
Minimizer length: 15
Kminmer length: 145
Density: 0.005

Loading unitig graph
Load unitigs
Nb unitigs: 404
Nb minimizers: 87940
Add unitig abundances
Sorting abundances
Add unitig edges
Nb unitig edges: 606
Sorting unitig edges
Done loading unitig graph
Simplifying
Max abundance: 40
Nb unitigs: 404
Superbubble
Nb superbubble removed: 0 0 (0s)
Tip
Nb Tip removed: 107 (0s)
Superbubble
Nb superbubble removed: 0 0 (0s)
Tip
Nb Tip removed: 0 (0s)
Nb errors removed: 75 (0s)
Superbubble
Nb superbubble removed: 0 0 (0s)
Tip
Nb Tip removed: 0 (0s)
Nb errors removed: 33 (0s)
Superbubble
Nb superbubble removed: 0 0 (0s)
Tip
Nb Tip removed: 0 (0s)
Nb errors removed: 25 (0s)
Superbubble
Nb superbubble removed: 0 0 (0s)
Tip
Nb Tip removed: 0 (0s)
Nb errors removed: 19 (0s)
Superbubble
Nb superbubble removed: 0 0 (0s)
Tip
Nb Tip removed: 0 (0s)
Nb errors removed: 11 (0s)
Superbubble
Nb superbubble removed: 0 0 (0s)
Tip
Nb Tip removed: 0 (0s)
Nb errors removed: 15 (0s)
Superbubble
Nb superbubble removed: 0 0 (0s)
Tip
Nb Tip removed: 0 (0s)
Nb errors removed: 12 (0s)
Superbubble
Nb superbubble removed: 0 0 (0s)
Tip
Nb Tip removed: 0 (0s)
Nb errors removed: 20 (0s)
Superbubble
Nb superbubble removed: 0 0 (0s)
Tip
Nb Tip removed: 0 (0s)
Nb errors removed: 13 (0s)
Superbubble
Nb superbubble removed: 0 0 (0s)
Tip
Nb Tip removed: 0 (0s)
Nb errors removed: 8 (0s)
Superbubble
Nb superbubble removed: 0 0 (0s)
Tip
Nb Tip removed: 0 (0s)
Nb errors removed: 14 (0s)
Superbubble
Nb superbubble removed: 0 0 (0s)
Tip
Nb Tip removed: 0 (0s)
Nb errors removed: 1 (0s)
Superbubble
Nb superbubble removed: 0 0 (0s)
Tip
Nb Tip removed: 0 (0s)
Nb errors removed: 1 (0s)
Superbubble
Nb superbubble removed: 0 0 (0s)
Tip
Nb Tip removed: 0 (0s)
Nb errors removed: 1 (0s)
Superbubble
Nb superbubble removed: 0 0 (0s)
Tip
Nb Tip removed: 0 (0s)
Nb errors removed: 14 (0s)
Superbubble
Nb superbubble removed: 0 0 (0s)
Tip
Nb Tip removed: 0 (0s)
Nb errors removed: 1 (0s)
Superbubble
Nb superbubble removed: 0 0 (0s)
Tip
Nb Tip removed: 0 (0s)
Checksum: 0
Checksum abundnace: 0
Generating contigs
41.1448
28.1025
23.2252
17.4494
14.421
13.11
11.9182
10.8347
9.84974
8.14028
7.40025
6.11591
5.05447
4.17725
3.13843
2.14359
0


metaMDBG toMinspace  /var/folders/zg/vq0dnx517c54hg87dyqjky740000gn/T/.tmp7o7wQ0/tmp/ /var/folders/zg/vq0dnx517c54hg87dyqjky740000gn/T/.tmp7o7wQ0/tmp//contigs.nodepath /var/folders/zg/vq0dnx517c54hg87dyqjky740000gn/T/.tmp7o7wQ0/tmp//unitig_data.txt --threads 10

Input dir: /var/folders/zg/vq0dnx517c54hg87dyqjky740000gn/T/.tmp7o7wQ0/tmp/
Minimizer length: 15
Kminmer length: 145
Density: 0.005

Loading unitig sequences

Creating mContigs

Contig filename: /var/folders/zg/vq0dnx517c54hg87dyqjky740000gn/T/.tmp7o7wQ0/tmp//unitig_data.txt
pass done: 145
Multi-k pass: 146/206


metaMDBG graph /var/folders/zg/vq0dnx517c54hg87dyqjky740000gn/T/.tmp7o7wQ0/tmp/ --threads 10 --corrected-read 

Contig filename: 
Output dir: /var/folders/zg/vq0dnx517c54hg87dyqjky740000gn/T/.tmp7o7wQ0/tmp/
Minimizer length: 15
Kminmer length: 146
Density: 0.005
Min abundance: 0

Loading refined abundances
	Duration: 0
Collecting kminmers
Building mdbg
Duration: 0
Nb solid kminmers: 29662
Nb small contigs written: 0
Dump kminmer abundances
	Duration: 0
Indexing edges
Edge index size: 29760
Edge index elements: 55592
	Duration: 0
Compute unitig nodes
	Duration: 0
Index unitig edges
	Duration: 0
Compute unitig edges
	Duration: 0
Dump unitig abundances
	Duration: 0
Nb edges:   0


metaMDBG contig  /var/folders/zg/vq0dnx517c54hg87dyqjky740000gn/T/.tmp7o7wQ0/tmp/ --threads 10

Input dir: /var/folders/zg/vq0dnx517c54hg87dyqjky740000gn/T/.tmp7o7wQ0/tmp/
Minimizer length: 15
Kminmer length: 146
Density: 0.005

Loading unitig graph
Load unitigs
Nb unitigs: 399
Nb minimizers: 87517
Add unitig abundances
Sorting abundances
Add unitig edges
Nb unitig edges: 602
Sorting unitig edges
Done loading unitig graph
Simplifying
Max abundance: 40
Nb unitigs: 399
Superbubble
Nb superbubble removed: 0 0 (0s)
Tip
Nb Tip removed: 106 (0s)
Superbubble
Nb superbubble removed: 0 0 (0s)
Tip
Nb Tip removed: 0 (0s)
Nb errors removed: 73 (0s)
Superbubble
Nb superbubble removed: 0 0 (0s)
Tip
Nb Tip removed: 0 (0s)
Nb errors removed: 33 (0s)
Superbubble
Nb superbubble removed: 0 0 (0s)
Tip
Nb Tip removed: 0 (0s)
Nb errors removed: 25 (0s)
Superbubble
Nb superbubble removed: 0 0 (0s)
Tip
Nb Tip removed: 0 (0s)
Nb errors removed: 19 (0s)
Superbubble
Nb superbubble removed: 0 0 (0s)
Tip
Nb Tip removed: 0 (0s)
Nb errors removed: 10 (0s)
Superbubble
Nb superbubble removed: 0 0 (0s)
Tip
Nb Tip removed: 0 (0s)
Nb errors removed: 15 (0s)
Superbubble
Nb superbubble removed: 0 0 (0s)
Tip
Nb Tip removed: 0 (0s)
Nb errors removed: 12 (0s)
Superbubble
Nb superbubble removed: 0 0 (0s)
Tip
Nb Tip removed: 0 (0s)
Nb errors removed: 19 (0s)
Superbubble
Nb superbubble removed: 0 0 (0s)
Tip
Nb Tip removed: 0 (0s)
Nb errors removed: 13 (0s)
Superbubble
Nb superbubble removed: 0 0 (0s)
Tip
Nb Tip removed: 0 (0s)
Nb errors removed: 8 (0s)
Superbubble
Nb superbubble removed: 0 0 (0s)
Tip
Nb Tip removed: 0 (0s)
Nb errors removed: 14 (0s)
Superbubble
Nb superbubble removed: 0 0 (0s)
Tip
Nb Tip removed: 0 (0s)
Nb errors removed: 1 (0s)
Superbubble
Nb superbubble removed: 0 0 (0s)
Tip
Nb Tip removed: 0 (0s)
Nb errors removed: 1 (0s)
Superbubble
Nb superbubble removed: 0 0 (0s)
Tip
Nb Tip removed: 0 (0s)
Nb errors removed: 1 (0s)
Superbubble
Nb superbubble removed: 0 0 (0s)
Tip
Nb Tip removed: 0 (0s)
Nb errors removed: 14 (0s)
Superbubble
Nb superbubble removed: 0 0 (0s)
Tip
Nb Tip removed: 0 (0s)
Nb errors removed: 1 (0s)
Superbubble
Nb superbubble removed: 0 0 (0s)
Tip
Nb Tip removed: 0 (0s)
Checksum: 0
Checksum abundnace: 0
Generating contigs
41.1448
28.1025
23.2252
17.4494
14.421
13.11
11.9182
10.8347
9.84974
8.14028
7.40025
6.11591
5.05447
4.17725
3.13843
2.14359
0


metaMDBG toMinspace  /var/folders/zg/vq0dnx517c54hg87dyqjky740000gn/T/.tmp7o7wQ0/tmp/ /var/folders/zg/vq0dnx517c54hg87dyqjky740000gn/T/.tmp7o7wQ0/tmp//contigs.nodepath /var/folders/zg/vq0dnx517c54hg87dyqjky740000gn/T/.tmp7o7wQ0/tmp//unitig_data.txt --threads 10

Input dir: /var/folders/zg/vq0dnx517c54hg87dyqjky740000gn/T/.tmp7o7wQ0/tmp/
Minimizer length: 15
Kminmer length: 146
Density: 0.005

Loading unitig sequences

Creating mContigs

Contig filename: /var/folders/zg/vq0dnx517c54hg87dyqjky740000gn/T/.tmp7o7wQ0/tmp//unitig_data.txt
pass done: 146
Multi-k pass: 147/206


metaMDBG graph /var/folders/zg/vq0dnx517c54hg87dyqjky740000gn/T/.tmp7o7wQ0/tmp/ --threads 10 --corrected-read 

Contig filename: 
Output dir: /var/folders/zg/vq0dnx517c54hg87dyqjky740000gn/T/.tmp7o7wQ0/tmp/
Minimizer length: 15
Kminmer length: 147
Density: 0.005
Min abundance: 0

Loading refined abundances
	Duration: 0
Collecting kminmers
Building mdbg
Duration: 0
Nb solid kminmers: 29562
Nb small contigs written: 0
Dump kminmer abundances
	Duration: 0
Indexing edges
Edge index size: 29659
Edge index elements: 55579
	Duration: 0
Compute unitig nodes
	Duration: 0
Index unitig edges
	Duration: 0
Compute unitig edges
	Duration: 0
Dump unitig abundances
	Duration: 0
Nb edges:   0


metaMDBG contig  /var/folders/zg/vq0dnx517c54hg87dyqjky740000gn/T/.tmp7o7wQ0/tmp/ --threads 10

Input dir: /var/folders/zg/vq0dnx517c54hg87dyqjky740000gn/T/.tmp7o7wQ0/tmp/
Minimizer length: 15
Kminmer length: 147
Density: 0.005

Loading unitig graph
Load unitigs
Nb unitigs: 394
Nb minimizers: 87086
Add unitig abundances
Sorting abundances
Add unitig edges
Nb unitig edges: 594
Sorting unitig edges
Done loading unitig graph
Simplifying
Max abundance: 40
Nb unitigs: 394
Superbubble
Nb superbubble removed: 0 0 (0s)
Tip
Nb Tip removed: 104 (0s)
Superbubble
Nb superbubble removed: 0 0 (0s)
Tip
Nb Tip removed: 0 (0s)
Nb errors removed: 74 (0s)
Superbubble
Nb superbubble removed: 0 0 (0s)
Tip
Nb Tip removed: 0 (0s)
Nb errors removed: 32 (0s)
Superbubble
Nb superbubble removed: 0 0 (0s)
Tip
Nb Tip removed: 0 (0s)
Nb errors removed: 24 (0s)
Superbubble
Nb superbubble removed: 0 0 (0s)
Tip
Nb Tip removed: 0 (0s)
Nb errors removed: 19 (0s)
Superbubble
Nb superbubble removed: 0 0 (0s)
Tip
Nb Tip removed: 0 (0s)
Nb errors removed: 10 (0s)
Superbubble
Nb superbubble removed: 0 0 (0s)
Tip
Nb Tip removed: 0 (0s)
Nb errors removed: 14 (0s)
Superbubble
Nb superbubble removed: 0 0 (0s)
Tip
Nb Tip removed: 0 (0s)
Nb errors removed: 12 (0s)
Superbubble
Nb superbubble removed: 0 0 (0s)
Tip
Nb Tip removed: 0 (0s)
Nb errors removed: 19 (0s)
Superbubble
Nb superbubble removed: 0 0 (0s)
Tip
Nb Tip removed: 0 (0s)
Nb errors removed: 13 (0s)
Superbubble
Nb superbubble removed: 0 0 (0s)
Tip
Nb Tip removed: 0 (0s)
Nb errors removed: 8 (0s)
Superbubble
Nb superbubble removed: 0 0 (0s)
Tip
Nb Tip removed: 0 (0s)
Nb errors removed: 14 (0s)
Superbubble
Nb superbubble removed: 0 0 (0s)
Tip
Nb Tip removed: 0 (0s)
Nb errors removed: 1 (0s)
Superbubble
Nb superbubble removed: 0 0 (0s)
Tip
Nb Tip removed: 0 (0s)
Nb errors removed: 1 (0s)
Superbubble
Nb superbubble removed: 0 0 (0s)
Tip
Nb Tip removed: 0 (0s)
Nb errors removed: 1 (0s)
Superbubble
Nb superbubble removed: 0 0 (0s)
Tip
Nb Tip removed: 0 (0s)
Nb errors removed: 14 (0s)
Superbubble
Nb superbubble removed: 0 0 (0s)
Tip
Nb Tip removed: 0 (0s)
Nb errors removed: 1 (0s)
Superbubble
Nb superbubble removed: 0 0 (0s)
Tip
Nb Tip removed: 0 (0s)
Checksum: 0
Checksum abundnace: 0
Generating contigs
41.1448
28.1025
23.2252
17.4494
14.421
13.11
11.9182
10.8347
9.84974
8.14028
7.40025
6.11591
5.05447
4.17725
3.13843
2.14359
0


metaMDBG toMinspace  /var/folders/zg/vq0dnx517c54hg87dyqjky740000gn/T/.tmp7o7wQ0/tmp/ /var/folders/zg/vq0dnx517c54hg87dyqjky740000gn/T/.tmp7o7wQ0/tmp//contigs.nodepath /var/folders/zg/vq0dnx517c54hg87dyqjky740000gn/T/.tmp7o7wQ0/tmp//unitig_data.txt --threads 10

Input dir: /var/folders/zg/vq0dnx517c54hg87dyqjky740000gn/T/.tmp7o7wQ0/tmp/
Minimizer length: 15
Kminmer length: 147
Density: 0.005

Loading unitig sequences

Creating mContigs

Contig filename: /var/folders/zg/vq0dnx517c54hg87dyqjky740000gn/T/.tmp7o7wQ0/tmp//unitig_data.txt
pass done: 147
Multi-k pass: 148/206


metaMDBG graph /var/folders/zg/vq0dnx517c54hg87dyqjky740000gn/T/.tmp7o7wQ0/tmp/ --threads 10 --corrected-read 

Contig filename: 
Output dir: /var/folders/zg/vq0dnx517c54hg87dyqjky740000gn/T/.tmp7o7wQ0/tmp/
Minimizer length: 15
Kminmer length: 148
Density: 0.005
Min abundance: 0

Loading refined abundances
	Duration: 0
Collecting kminmers
Building mdbg
Duration: 0
Nb solid kminmers: 29460
Nb small contigs written: 0
Dump kminmer abundances
	Duration: 0
Indexing edges
Edge index size: 29561
Edge index elements: 55456
	Duration: 0
Compute unitig nodes
	Duration: 0
Index unitig edges
	Duration: 0
Compute unitig edges
	Duration: 0
Dump unitig abundances
	Duration: 0
Nb edges:   0


metaMDBG contig  /var/folders/zg/vq0dnx517c54hg87dyqjky740000gn/T/.tmp7o7wQ0/tmp/ --threads 10

Input dir: /var/folders/zg/vq0dnx517c54hg87dyqjky740000gn/T/.tmp7o7wQ0/tmp/
Minimizer length: 15
Kminmer length: 148
Density: 0.005

Loading unitig graph
Load unitigs
Nb unitigs: 388
Nb minimizers: 86496
Add unitig abundances
Sorting abundances
Add unitig edges
Nb unitig edges: 574
Sorting unitig edges
Done loading unitig graph
Simplifying
Max abundance: 40
Nb unitigs: 388
Superbubble
Nb superbubble removed: 0 0 (0s)
Tip
Nb Tip removed: 99 (0s)
Superbubble
Nb superbubble removed: 0 0 (0s)
Tip
Nb Tip removed: 0 (0s)
Nb errors removed: 73 (0s)
Superbubble
Nb superbubble removed: 0 0 (0s)
Tip
Nb Tip removed: 0 (0s)
Nb errors removed: 31 (0s)
Superbubble
Nb superbubble removed: 0 0 (0s)
Tip
Nb Tip removed: 0 (0s)
Nb errors removed: 24 (0s)
Superbubble
Nb superbubble removed: 0 0 (0s)
Tip
Nb Tip removed: 0 (0s)
Nb errors removed: 19 (0s)
Superbubble
Nb superbubble removed: 0 0 (0s)
Tip
Nb Tip removed: 0 (0s)
Nb errors removed: 10 (0s)
Superbubble
Nb superbubble removed: 0 0 (0s)
Tip
Nb Tip removed: 0 (0s)
Nb errors removed: 14 (0s)
Superbubble
Nb superbubble removed: 0 0 (0s)
Tip
Nb Tip removed: 0 (0s)
Nb errors removed: 12 (0s)
Superbubble
Nb superbubble removed: 0 0 (0s)
Tip
Nb Tip removed: 0 (0s)
Nb errors removed: 19 (0s)
Superbubble
Nb superbubble removed: 0 0 (0s)
Tip
Nb Tip removed: 0 (0s)
Nb errors removed: 13 (0s)
Superbubble
Nb superbubble removed: 0 0 (0s)
Tip
Nb Tip removed: 0 (0s)
Nb errors removed: 8 (0s)
Superbubble
Nb superbubble removed: 0 0 (0s)
Tip
Nb Tip removed: 0 (0s)
Nb errors removed: 14 (0s)
Superbubble
Nb superbubble removed: 0 0 (0s)
Tip
Nb Tip removed: 0 (0s)
Nb errors removed: 1 (0s)
Superbubble
Nb superbubble removed: 0 0 (0s)
Tip
Nb Tip removed: 0 (0s)
Nb errors removed: 1 (0s)
Superbubble
Nb superbubble removed: 0 0 (0s)
Tip
Nb Tip removed: 0 (0s)
Nb errors removed: 1 (0s)
Superbubble
Nb superbubble removed: 0 0 (0s)
Tip
Nb Tip removed: 0 (0s)
Nb errors removed: 14 (0s)
Superbubble
Nb superbubble removed: 0 0 (0s)
Tip
Nb Tip removed: 0 (0s)
Nb errors removed: 1 (0s)
Superbubble
Nb superbubble removed: 0 0 (0s)
Tip
Nb Tip removed: 0 (0s)
Checksum: 0
Checksum abundnace: 0
Generating contigs
41.1448
28.1025
23.2252
17.4494
14.421
13.11
11.9182
10.8347
9.84974
8.14028
7.40025
6.11591
5.05447
4.17725
3.13843
2.14359
0


metaMDBG toMinspace  /var/folders/zg/vq0dnx517c54hg87dyqjky740000gn/T/.tmp7o7wQ0/tmp/ /var/folders/zg/vq0dnx517c54hg87dyqjky740000gn/T/.tmp7o7wQ0/tmp//contigs.nodepath /var/folders/zg/vq0dnx517c54hg87dyqjky740000gn/T/.tmp7o7wQ0/tmp//unitig_data.txt --threads 10

Input dir: /var/folders/zg/vq0dnx517c54hg87dyqjky740000gn/T/.tmp7o7wQ0/tmp/
Minimizer length: 15
Kminmer length: 148
Density: 0.005

Loading unitig sequences

Creating mContigs

Contig filename: /var/folders/zg/vq0dnx517c54hg87dyqjky740000gn/T/.tmp7o7wQ0/tmp//unitig_data.txt
pass done: 148
Multi-k pass: 149/206


metaMDBG graph /var/folders/zg/vq0dnx517c54hg87dyqjky740000gn/T/.tmp7o7wQ0/tmp/ --threads 10 --corrected-read 

Contig filename: 
Output dir: /var/folders/zg/vq0dnx517c54hg87dyqjky740000gn/T/.tmp7o7wQ0/tmp/
Minimizer length: 15
Kminmer length: 149
Density: 0.005
Min abundance: 0

Loading refined abundances
	Duration: 0
Collecting kminmers
Building mdbg
Duration: 0
Nb solid kminmers: 29356
Nb small contigs written: 0
Dump kminmer abundances
	Duration: 0
Indexing edges
Edge index size: 29460
Edge index elements: 55418
	Duration: 0
Compute unitig nodes
	Duration: 0
Index unitig edges
	Duration: 0
Compute unitig edges
	Duration: 0
Dump unitig abundances
	Duration: 0
Nb edges:   0


metaMDBG contig  /var/folders/zg/vq0dnx517c54hg87dyqjky740000gn/T/.tmp7o7wQ0/tmp/ --threads 10

Input dir: /var/folders/zg/vq0dnx517c54hg87dyqjky740000gn/T/.tmp7o7wQ0/tmp/
Minimizer length: 15
Kminmer length: 149
Density: 0.005

Loading unitig graph
Load unitigs
Nb unitigs: 385
Nb minimizers: 86336
Add unitig abundances
Sorting abundances
Add unitig edges
Nb unitig edges: 562
Sorting unitig edges
Done loading unitig graph
Simplifying
Max abundance: 40
Nb unitigs: 385
Superbubble
Nb superbubble removed: 0 0 (0s)
Tip
Nb Tip removed: 99 (0s)
Superbubble
Nb superbubble removed: 0 0 (0s)
Tip
Nb Tip removed: 0 (0s)
Nb errors removed: 73 (0s)
Superbubble
Nb superbubble removed: 0 0 (0s)
Tip
Nb Tip removed: 0 (0s)
Nb errors removed: 31 (0s)
Superbubble
Nb superbubble removed: 0 0 (0s)
Tip
Nb Tip removed: 0 (0s)
Nb errors removed: 24 (0s)
Superbubble
Nb superbubble removed: 0 0 (0s)
Tip
Nb Tip removed: 0 (0s)
Nb errors removed: 19 (0s)
Superbubble
Nb superbubble removed: 0 0 (0s)
Tip
Nb Tip removed: 0 (0s)
Nb errors removed: 10 (0s)
Superbubble
Nb superbubble removed: 0 0 (0s)
Tip
Nb Tip removed: 0 (0s)
Nb errors removed: 14 (0s)
Superbubble
Nb superbubble removed: 0 0 (0s)
Tip
Nb Tip removed: 0 (0s)
Nb errors removed: 12 (0s)
Superbubble
Nb superbubble removed: 0 0 (0s)
Tip
Nb Tip removed: 0 (0s)
Nb errors removed: 19 (0s)
Superbubble
Nb superbubble removed: 0 0 (0s)
Tip
Nb Tip removed: 0 (0s)
Nb errors removed: 13 (0s)
Superbubble
Nb superbubble removed: 0 0 (0s)
Tip
Nb Tip removed: 0 (0s)
Nb errors removed: 8 (0s)
Superbubble
Nb superbubble removed: 0 0 (0s)
Tip
Nb Tip removed: 0 (0s)
Nb errors removed: 14 (0s)
Superbubble
Nb superbubble removed: 0 0 (0s)
Tip
Nb Tip removed: 0 (0s)
Nb errors removed: 1 (0s)
Superbubble
Nb superbubble removed: 0 0 (0s)
Tip
Nb Tip removed: 0 (0s)
Nb errors removed: 1 (0s)
Superbubble
Nb superbubble removed: 0 0 (0s)
Tip
Nb Tip removed: 0 (0s)
Nb errors removed: 1 (0s)
Superbubble
Nb superbubble removed: 0 0 (0s)
Tip
Nb Tip removed: 0 (0s)
Nb errors removed: 14 (0s)
Superbubble
Nb superbubble removed: 0 0 (0s)
Tip
Nb Tip removed: 0 (0s)
Nb errors removed: 1 (0s)
Superbubble
Nb superbubble removed: 0 0 (0s)
Tip
Nb Tip removed: 0 (0s)
Checksum: 0
Checksum abundnace: 0
Generating contigs
41.1448
28.1025
23.2252
17.4494
14.421
13.11
11.9182
10.8347
9.84974
8.14028
7.40025
6.11591
5.05447
4.17725
3.13843
2.14359
0


metaMDBG toMinspace  /var/folders/zg/vq0dnx517c54hg87dyqjky740000gn/T/.tmp7o7wQ0/tmp/ /var/folders/zg/vq0dnx517c54hg87dyqjky740000gn/T/.tmp7o7wQ0/tmp//contigs.nodepath /var/folders/zg/vq0dnx517c54hg87dyqjky740000gn/T/.tmp7o7wQ0/tmp//unitig_data.txt --threads 10

Input dir: /var/folders/zg/vq0dnx517c54hg87dyqjky740000gn/T/.tmp7o7wQ0/tmp/
Minimizer length: 15
Kminmer length: 149
Density: 0.005

Loading unitig sequences

Creating mContigs

Contig filename: /var/folders/zg/vq0dnx517c54hg87dyqjky740000gn/T/.tmp7o7wQ0/tmp//unitig_data.txt
pass done: 149
Multi-k pass: 150/206


metaMDBG graph /var/folders/zg/vq0dnx517c54hg87dyqjky740000gn/T/.tmp7o7wQ0/tmp/ --threads 10 --corrected-read 

Contig filename: 
Output dir: /var/folders/zg/vq0dnx517c54hg87dyqjky740000gn/T/.tmp7o7wQ0/tmp/
Minimizer length: 15
Kminmer length: 150
Density: 0.005
Min abundance: 0

Loading refined abundances
	Duration: 0
Collecting kminmers
Building mdbg
Duration: 0
Nb solid kminmers: 29251
Nb small contigs written: 0
Dump kminmer abundances
	Duration: 0
Indexing edges
Edge index size: 29352
Edge index elements: 55305
	Duration: 0
Compute unitig nodes
	Duration: 0
Index unitig edges
	Duration: 0
Compute unitig edges
	Duration: 0
Dump unitig abundances
	Duration: 0
Nb edges:   0


metaMDBG contig  /var/folders/zg/vq0dnx517c54hg87dyqjky740000gn/T/.tmp7o7wQ0/tmp/ --threads 10

Input dir: /var/folders/zg/vq0dnx517c54hg87dyqjky740000gn/T/.tmp7o7wQ0/tmp/
Minimizer length: 15
Kminmer length: 150
Density: 0.005

Loading unitig graph
Load unitigs
Nb unitigs: 379
Nb minimizers: 85722
Add unitig abundances
Sorting abundances
Add unitig edges
Nb unitig edges: 558
Sorting unitig edges
Done loading unitig graph
Simplifying
Max abundance: 40
Nb unitigs: 379
Superbubble
Nb superbubble removed: 0 0 (0s)
Tip
Nb Tip removed: 99 (0s)
Superbubble
Nb superbubble removed: 0 0 (0s)
Tip
Nb Tip removed: 0 (0s)
Nb errors removed: 72 (0s)
Superbubble
Nb superbubble removed: 0 0 (0s)
Tip
Nb Tip removed: 0 (0s)
Nb errors removed: 30 (0s)
Superbubble
Nb superbubble removed: 0 0 (0s)
Tip
Nb Tip removed: 0 (0s)
Nb errors removed: 23 (0s)
Superbubble
Nb superbubble removed: 0 0 (0s)
Tip
Nb Tip removed: 0 (0s)
Nb errors removed: 19 (0s)
Superbubble
Nb superbubble removed: 0 0 (0s)
Tip
Nb Tip removed: 0 (0s)
Nb errors removed: 11 (0s)
Superbubble
Nb superbubble removed: 0 0 (0s)
Tip
Nb Tip removed: 0 (0s)
Nb errors removed: 13 (0s)
Superbubble
Nb superbubble removed: 0 0 (0s)
Tip
Nb Tip removed: 0 (0s)
Nb errors removed: 12 (0s)
Superbubble
Nb superbubble removed: 0 0 (0s)
Tip
Nb Tip removed: 0 (0s)
Nb errors removed: 19 (0s)
Superbubble
Nb superbubble removed: 0 0 (0s)
Tip
Nb Tip removed: 0 (0s)
Nb errors removed: 13 (0s)
Superbubble
Nb superbubble removed: 0 0 (0s)
Tip
Nb Tip removed: 0 (0s)
Nb errors removed: 8 (0s)
Superbubble
Nb superbubble removed: 0 0 (0s)
Tip
Nb Tip removed: 0 (0s)
Nb errors removed: 14 (0s)
Superbubble
Nb superbubble removed: 0 0 (0s)
Tip
Nb Tip removed: 0 (0s)
Nb errors removed: 1 (0s)
Superbubble
Nb superbubble removed: 0 0 (0s)
Tip
Nb Tip removed: 0 (0s)
Nb errors removed: 1 (0s)
Superbubble
Nb superbubble removed: 0 0 (0s)
Tip
Nb Tip removed: 0 (0s)
Nb errors removed: 1 (0s)
Superbubble
Nb superbubble removed: 0 0 (0s)
Tip
Nb Tip removed: 0 (0s)
Nb errors removed: 14 (0s)
Superbubble
Nb superbubble removed: 0 0 (0s)
Tip
Nb Tip removed: 0 (0s)
Nb errors removed: 1 (0s)
Superbubble
Nb superbubble removed: 0 0 (0s)
Tip
Nb Tip removed: 0 (0s)
Checksum: 0
Checksum abundnace: 0
Generating contigs
41.1448
28.1025
23.2252
17.4494
14.421
13.11
11.9182
10.8347
9.84974
8.14028
7.40025
6.11591
5.05447
4.17725
3.13843
2.14359
0


metaMDBG toMinspace  /var/folders/zg/vq0dnx517c54hg87dyqjky740000gn/T/.tmp7o7wQ0/tmp/ /var/folders/zg/vq0dnx517c54hg87dyqjky740000gn/T/.tmp7o7wQ0/tmp//contigs.nodepath /var/folders/zg/vq0dnx517c54hg87dyqjky740000gn/T/.tmp7o7wQ0/tmp//unitig_data.txt --threads 10

Input dir: /var/folders/zg/vq0dnx517c54hg87dyqjky740000gn/T/.tmp7o7wQ0/tmp/
Minimizer length: 15
Kminmer length: 150
Density: 0.005

Loading unitig sequences

Creating mContigs

Contig filename: /var/folders/zg/vq0dnx517c54hg87dyqjky740000gn/T/.tmp7o7wQ0/tmp//unitig_data.txt
pass done: 150
Multi-k pass: 151/206


metaMDBG graph /var/folders/zg/vq0dnx517c54hg87dyqjky740000gn/T/.tmp7o7wQ0/tmp/ --threads 10 --corrected-read 

Contig filename: 
Output dir: /var/folders/zg/vq0dnx517c54hg87dyqjky740000gn/T/.tmp7o7wQ0/tmp/
Minimizer length: 15
Kminmer length: 151
Density: 0.005
Min abundance: 0

Loading refined abundances
	Duration: 0
Collecting kminmers
Building mdbg
Duration: 0
Nb solid kminmers: 29149
Nb small contigs written: 0
Dump kminmer abundances
	Duration: 0
Indexing edges
Edge index size: 29249
Edge index elements: 55162
	Duration: 0
Compute unitig nodes
	Duration: 0
Index unitig edges
	Duration: 0
Compute unitig edges
	Duration: 0
Dump unitig abundances
	Duration: 0
Nb edges:   0


metaMDBG contig  /var/folders/zg/vq0dnx517c54hg87dyqjky740000gn/T/.tmp7o7wQ0/tmp/ --threads 10 --gen-graph 

Input dir: /var/folders/zg/vq0dnx517c54hg87dyqjky740000gn/T/.tmp7o7wQ0/tmp/
Minimizer length: 15
Kminmer length: 151
Density: 0.005

Loading unitig graph
Load unitigs
Nb unitigs: 377
Nb minimizers: 85699
Add unitig abundances
Sorting abundances
Add unitig edges
Nb unitig edges: 554
Sorting unitig edges
Done loading unitig graph
Simplifying
Max abundance: 40
Nb unitigs: 377
Superbubble
Nb superbubble removed: 0 0 (0s)
Tip
Nb Tip removed: 97 (0s)
Superbubble
Nb superbubble removed: 0 0 (0s)
Tip
Nb Tip removed: 0 (0s)
Saving unitig graph: /var/folders/zg/vq0dnx517c54hg87dyqjky740000gn/T/.tmp7o7wQ0/tmp//assembly_graph.gfa
Nb errors removed: 70 (0s)
Superbubble
Nb superbubble removed: 0 0 (0s)
Tip
Nb Tip removed: 0 (0s)
Nb errors removed: 30 (0s)
Superbubble
Nb superbubble removed: 0 0 (0s)
Tip
Nb Tip removed: 0 (0s)
Nb errors removed: 23 (0s)
Superbubble
Nb superbubble removed: 0 0 (0s)
Tip
Nb Tip removed: 0 (0s)
Nb errors removed: 19 (0s)
Superbubble
Nb superbubble removed: 0 0 (0s)
Tip
Nb Tip removed: 0 (0s)
Nb errors removed: 11 (0s)
Superbubble
Nb superbubble removed: 0 0 (0s)
Tip
Nb Tip removed: 0 (0s)
Nb errors removed: 13 (0s)
Superbubble
Nb superbubble removed: 0 0 (0s)
Tip
Nb Tip removed: 0 (0s)
Nb errors removed: 12 (0s)
Superbubble
Nb superbubble removed: 0 0 (0s)
Tip
Nb Tip removed: 0 (0s)
Nb errors removed: 19 (0s)
Superbubble
Nb superbubble removed: 0 0 (0s)
Tip
Nb Tip removed: 0 (0s)
Nb errors removed: 13 (0s)
Superbubble
Nb superbubble removed: 0 0 (0s)
Tip
Nb Tip removed: 0 (0s)
Nb errors removed: 8 (0s)
Superbubble
Nb superbubble removed: 0 0 (0s)
Tip
Nb Tip removed: 0 (0s)
Nb errors removed: 14 (0s)
Superbubble
Nb superbubble removed: 0 0 (0s)
Tip
Nb Tip removed: 0 (0s)
Nb errors removed: 1 (0s)
Superbubble
Nb superbubble removed: 0 0 (0s)
Tip
Nb Tip removed: 0 (0s)
Nb errors removed: 1 (0s)
Superbubble
Nb superbubble removed: 0 0 (0s)
Tip
Nb Tip removed: 0 (0s)
Nb errors removed: 1 (0s)
Superbubble
Nb superbubble removed: 0 0 (0s)
Tip
Nb Tip removed: 0 (0s)
Nb errors removed: 14 (0s)
Superbubble
Nb superbubble removed: 0 0 (0s)
Tip
Nb Tip removed: 0 (0s)
Nb errors removed: 1 (0s)
Superbubble
Nb superbubble removed: 0 0 (0s)
Tip
Nb Tip removed: 0 (0s)
Checksum: 0
Checksum abundnace: 0
Generating contigs
41.1448
28.1025
23.2252
17.4494
14.421
13.11
11.9182
10.8347
9.84974
8.14028
7.40025
6.11591
5.05447
4.17725
3.13843
2.14359
0


metaMDBG toMinspace  /var/folders/zg/vq0dnx517c54hg87dyqjky740000gn/T/.tmp7o7wQ0/tmp/ /var/folders/zg/vq0dnx517c54hg87dyqjky740000gn/T/.tmp7o7wQ0/tmp//contigs.nodepath /var/folders/zg/vq0dnx517c54hg87dyqjky740000gn/T/.tmp7o7wQ0/tmp//unitig_data.txt --threads 10

Input dir: /var/folders/zg/vq0dnx517c54hg87dyqjky740000gn/T/.tmp7o7wQ0/tmp/
Minimizer length: 15
Kminmer length: 151
Density: 0.005

Loading unitig sequences

Creating mContigs

Contig filename: /var/folders/zg/vq0dnx517c54hg87dyqjky740000gn/T/.tmp7o7wQ0/tmp//unitig_data.txt


metaMDBG toMinspace  /var/folders/zg/vq0dnx517c54hg87dyqjky740000gn/T/.tmp7o7wQ0/tmp/ /var/folders/zg/vq0dnx517c54hg87dyqjky740000gn/T/.tmp7o7wQ0/tmp//assembly_graph.gfa.unitigs.nodepath /var/folders/zg/vq0dnx517c54hg87dyqjky740000gn/T/.tmp7o7wQ0/tmp//assembly_graph.gfa.unitigs --threads 10

Input dir: /var/folders/zg/vq0dnx517c54hg87dyqjky740000gn/T/.tmp7o7wQ0/tmp/
Minimizer length: 15
Kminmer length: 151
Density: 0.005

Loading unitig sequences

Creating mContigs

Contig filename: /var/folders/zg/vq0dnx517c54hg87dyqjky740000gn/T/.tmp7o7wQ0/tmp//assembly_graph.gfa.unitigs
pass done: 151
Multi-k pass: 152/206


metaMDBG graph /var/folders/zg/vq0dnx517c54hg87dyqjky740000gn/T/.tmp7o7wQ0/tmp/ --threads 10 --corrected-read 

Contig filename: 
Output dir: /var/folders/zg/vq0dnx517c54hg87dyqjky740000gn/T/.tmp7o7wQ0/tmp/
Minimizer length: 15
Kminmer length: 152
Density: 0.005
Min abundance: 0

Loading refined abundances
	Duration: 0
Collecting kminmers
Building mdbg
Duration: 0
Nb solid kminmers: 29047
Nb small contigs written: 0
Dump kminmer abundances
	Duration: 0
Indexing edges
Edge index size: 29146
Edge index elements: 55129
	Duration: 0
Compute unitig nodes
	Duration: 0
Index unitig edges
	Duration: 0
Compute unitig edges
	Duration: 0
Dump unitig abundances
	Duration: 0
Nb edges:   0


metaMDBG contig  /var/folders/zg/vq0dnx517c54hg87dyqjky740000gn/T/.tmp7o7wQ0/tmp/ --threads 10

Input dir: /var/folders/zg/vq0dnx517c54hg87dyqjky740000gn/T/.tmp7o7wQ0/tmp/
Minimizer length: 15
Kminmer length: 152
Density: 0.005

Loading unitig graph
Load unitigs
Nb unitigs: 371
Nb minimizers: 85068
Add unitig abundances
Sorting abundances
Add unitig edges
Nb unitig edges: 546
Sorting unitig edges
Done loading unitig graph
Simplifying
Max abundance: 40
Nb unitigs: 371
Superbubble
Nb superbubble removed: 0 0 (0s)
Tip
Nb Tip removed: 96 (0s)
Superbubble
Nb superbubble removed: 0 0 (0s)
Tip
Nb Tip removed: 0 (0s)
Nb errors removed: 68 (0s)
Superbubble
Nb superbubble removed: 0 0 (0s)
Tip
Nb Tip removed: 0 (0s)
Nb errors removed: 30 (0s)
Superbubble
Nb superbubble removed: 0 0 (0s)
Tip
Nb Tip removed: 0 (0s)
Nb errors removed: 23 (0s)
Superbubble
Nb superbubble removed: 0 0 (0s)
Tip
Nb Tip removed: 0 (0s)
Nb errors removed: 18 (0s)
Superbubble
Nb superbubble removed: 0 0 (0s)
Tip
Nb Tip removed: 0 (0s)
Nb errors removed: 11 (0s)
Superbubble
Nb superbubble removed: 0 0 (0s)
Tip
Nb Tip removed: 0 (0s)
Nb errors removed: 13 (0s)
Superbubble
Nb superbubble removed: 0 0 (0s)
Tip
Nb Tip removed: 0 (0s)
Nb errors removed: 11 (0s)
Superbubble
Nb superbubble removed: 0 0 (0s)
Tip
Nb Tip removed: 0 (0s)
Nb errors removed: 19 (0s)
Superbubble
Nb superbubble removed: 0 0 (0s)
Tip
Nb Tip removed: 0 (0s)
Nb errors removed: 13 (0s)
Superbubble
Nb superbubble removed: 0 0 (0s)
Tip
Nb Tip removed: 0 (0s)
Nb errors removed: 8 (0s)
Superbubble
Nb superbubble removed: 0 0 (0s)
Tip
Nb Tip removed: 0 (0s)
Nb errors removed: 14 (0s)
Superbubble
Nb superbubble removed: 0 0 (0s)
Tip
Nb Tip removed: 0 (0s)
Nb errors removed: 1 (0s)
Superbubble
Nb superbubble removed: 0 0 (0s)
Tip
Nb Tip removed: 0 (0s)
Nb errors removed: 1 (0s)
Superbubble
Nb superbubble removed: 0 0 (0s)
Tip
Nb Tip removed: 0 (0s)
Nb errors removed: 1 (0s)
Superbubble
Nb superbubble removed: 0 0 (0s)
Tip
Nb Tip removed: 0 (0s)
Nb errors removed: 14 (0s)
Superbubble
Nb superbubble removed: 0 0 (0s)
Tip
Nb Tip removed: 0 (0s)
Nb errors removed: 1 (0s)
Superbubble
Nb superbubble removed: 0 0 (0s)
Tip
Nb Tip removed: 0 (0s)
Checksum: 0
Checksum abundnace: 0
Generating contigs
41.1448
28.1025
23.2252
17.4494
14.421
13.11
11.9182
10.8347
9.84974
8.14028
7.40025
6.11591
5.05447
4.17725
3.13843
2.14359
0


metaMDBG toMinspace  /var/folders/zg/vq0dnx517c54hg87dyqjky740000gn/T/.tmp7o7wQ0/tmp/ /var/folders/zg/vq0dnx517c54hg87dyqjky740000gn/T/.tmp7o7wQ0/tmp//contigs.nodepath /var/folders/zg/vq0dnx517c54hg87dyqjky740000gn/T/.tmp7o7wQ0/tmp//unitig_data.txt --threads 10

Input dir: /var/folders/zg/vq0dnx517c54hg87dyqjky740000gn/T/.tmp7o7wQ0/tmp/
Minimizer length: 15
Kminmer length: 152
Density: 0.005

Loading unitig sequences

Creating mContigs

Contig filename: /var/folders/zg/vq0dnx517c54hg87dyqjky740000gn/T/.tmp7o7wQ0/tmp//unitig_data.txt
pass done: 152
Multi-k pass: 153/206


metaMDBG graph /var/folders/zg/vq0dnx517c54hg87dyqjky740000gn/T/.tmp7o7wQ0/tmp/ --threads 10 --corrected-read 

Contig filename: 
Output dir: /var/folders/zg/vq0dnx517c54hg87dyqjky740000gn/T/.tmp7o7wQ0/tmp/
Minimizer length: 15
Kminmer length: 153
Density: 0.005
Min abundance: 0

Loading refined abundances
	Duration: 0
Collecting kminmers
Building mdbg
Duration: 0
Nb solid kminmers: 28943
Nb small contigs written: 0
Dump kminmer abundances
	Duration: 0
Indexing edges
Edge index size: 29045
Edge index elements: 54987
	Duration: 0
Compute unitig nodes
	Duration: 0
Index unitig edges
	Duration: 0
Compute unitig edges
	Duration: 0
Dump unitig abundances
	Duration: 0
Nb edges:   0


metaMDBG contig  /var/folders/zg/vq0dnx517c54hg87dyqjky740000gn/T/.tmp7o7wQ0/tmp/ --threads 10

Input dir: /var/folders/zg/vq0dnx517c54hg87dyqjky740000gn/T/.tmp7o7wQ0/tmp/
Minimizer length: 15
Kminmer length: 153
Density: 0.005

Loading unitig graph
Load unitigs
Nb unitigs: 363
Nb minimizers: 84119
Add unitig abundances
Sorting abundances
Add unitig edges
Nb unitig edges: 522
Sorting unitig edges
Done loading unitig graph
Simplifying
Max abundance: 40
Nb unitigs: 363
Superbubble
Nb superbubble removed: 0 0 (0s)
Tip
Nb Tip removed: 93 (0s)
Superbubble
Nb superbubble removed: 0 0 (0s)
Tip
Nb Tip removed: 0 (0s)
Nb errors removed: 67 (0s)
Superbubble
Nb superbubble removed: 0 0 (0s)
Tip
Nb Tip removed: 0 (0s)
Nb errors removed: 30 (0s)
Superbubble
Nb superbubble removed: 0 0 (0s)
Tip
Nb Tip removed: 0 (0s)
Nb errors removed: 22 (0s)
Superbubble
Nb superbubble removed: 0 0 (0s)
Tip
Nb Tip removed: 0 (0s)
Nb errors removed: 18 (0s)
Superbubble
Nb superbubble removed: 0 0 (0s)
Tip
Nb Tip removed: 0 (0s)
Nb errors removed: 11 (0s)
Superbubble
Nb superbubble removed: 0 0 (0s)
Tip
Nb Tip removed: 0 (0s)
Nb errors removed: 13 (0s)
Superbubble
Nb superbubble removed: 0 0 (0s)
Tip
Nb Tip removed: 0 (0s)
Nb errors removed: 11 (0s)
Superbubble
Nb superbubble removed: 0 0 (0s)
Tip
Nb Tip removed: 0 (0s)
Nb errors removed: 19 (0s)
Superbubble
Nb superbubble removed: 0 0 (0s)
Tip
Nb Tip removed: 0 (0s)
Nb errors removed: 13 (0s)
Superbubble
Nb superbubble removed: 0 0 (0s)
Tip
Nb Tip removed: 0 (0s)
Nb errors removed: 8 (0s)
Superbubble
Nb superbubble removed: 0 0 (0s)
Tip
Nb Tip removed: 0 (0s)
Nb errors removed: 14 (0s)
Superbubble
Nb superbubble removed: 0 0 (0s)
Tip
Nb Tip removed: 0 (0s)
Nb errors removed: 1 (0s)
Superbubble
Nb superbubble removed: 0 0 (0s)
Tip
Nb Tip removed: 0 (0s)
Nb errors removed: 1 (0s)
Superbubble
Nb superbubble removed: 0 0 (0s)
Tip
Nb Tip removed: 0 (0s)
Nb errors removed: 1 (0s)
Superbubble
Nb superbubble removed: 0 0 (0s)
Tip
Nb Tip removed: 0 (0s)
Nb errors removed: 14 (0s)
Superbubble
Nb superbubble removed: 0 0 (0s)
Tip
Nb Tip removed: 0 (0s)
Nb errors removed: 1 (0s)
Superbubble
Nb superbubble removed: 0 0 (0s)
Tip
Nb Tip removed: 0 (0s)
Checksum: 0
Checksum abundnace: 0
Generating contigs
41.1448
28.1025
23.2252
17.4494
14.421
13.11
11.9182
10.8347
9.84974
8.14028
7.40025
6.11591
5.05447
4.17725
3.13843
2.14359
0


metaMDBG toMinspace  /var/folders/zg/vq0dnx517c54hg87dyqjky740000gn/T/.tmp7o7wQ0/tmp/ /var/folders/zg/vq0dnx517c54hg87dyqjky740000gn/T/.tmp7o7wQ0/tmp//contigs.nodepath /var/folders/zg/vq0dnx517c54hg87dyqjky740000gn/T/.tmp7o7wQ0/tmp//unitig_data.txt --threads 10

Input dir: /var/folders/zg/vq0dnx517c54hg87dyqjky740000gn/T/.tmp7o7wQ0/tmp/
Minimizer length: 15
Kminmer length: 153
Density: 0.005

Loading unitig sequences

Creating mContigs

Contig filename: /var/folders/zg/vq0dnx517c54hg87dyqjky740000gn/T/.tmp7o7wQ0/tmp//unitig_data.txt
pass done: 153
Multi-k pass: 154/206


metaMDBG graph /var/folders/zg/vq0dnx517c54hg87dyqjky740000gn/T/.tmp7o7wQ0/tmp/ --threads 10 --corrected-read 

Contig filename: 
Output dir: /var/folders/zg/vq0dnx517c54hg87dyqjky740000gn/T/.tmp7o7wQ0/tmp/
Minimizer length: 15
Kminmer length: 154
Density: 0.005
Min abundance: 0

Loading refined abundances
	Duration: 0
Collecting kminmers
Building mdbg
Duration: 0
Nb solid kminmers: 28839
Nb small contigs written: 0
Dump kminmer abundances
	Duration: 0
Indexing edges
Edge index size: 28942
Edge index elements: 54837
	Duration: 0
Compute unitig nodes
	Duration: 0
Index unitig edges
	Duration: 0
Compute unitig edges
	Duration: 0
Dump unitig abundances
	Duration: 0
Nb edges:   0


metaMDBG contig  /var/folders/zg/vq0dnx517c54hg87dyqjky740000gn/T/.tmp7o7wQ0/tmp/ --threads 10

Input dir: /var/folders/zg/vq0dnx517c54hg87dyqjky740000gn/T/.tmp7o7wQ0/tmp/
Minimizer length: 15
Kminmer length: 154
Density: 0.005

Loading unitig graph
Load unitigs
Nb unitigs: 360
Nb minimizers: 83919
Add unitig abundances
Sorting abundances
Add unitig edges
Nb unitig edges: 514
Sorting unitig edges
Done loading unitig graph
Simplifying
Max abundance: 40
Nb unitigs: 360
Superbubble
Nb superbubble removed: 0 0 (0s)
Tip
Nb Tip removed: 91 (0s)
Superbubble
Nb superbubble removed: 0 0 (0s)
Tip
Nb Tip removed: 0 (0s)
Nb errors removed: 66 (0s)
Superbubble
Nb superbubble removed: 0 0 (0s)
Tip
Nb Tip removed: 0 (0s)
Nb errors removed: 30 (0s)
Superbubble
Nb superbubble removed: 0 0 (0s)
Tip
Nb Tip removed: 0 (0s)
Nb errors removed: 22 (0s)
Superbubble
Nb superbubble removed: 0 0 (0s)
Tip
Nb Tip removed: 0 (0s)
Nb errors removed: 17 (0s)
Superbubble
Nb superbubble removed: 0 0 (0s)
Tip
Nb Tip removed: 0 (0s)
Nb errors removed: 11 (0s)
Superbubble
Nb superbubble removed: 0 0 (0s)
Tip
Nb Tip removed: 0 (0s)
Nb errors removed: 13 (0s)
Superbubble
Nb superbubble removed: 0 0 (0s)
Tip
Nb Tip removed: 0 (0s)
Nb errors removed: 11 (0s)
Superbubble
Nb superbubble removed: 0 0 (0s)
Tip
Nb Tip removed: 0 (0s)
Nb errors removed: 19 (0s)
Superbubble
Nb superbubble removed: 0 0 (0s)
Tip
Nb Tip removed: 0 (0s)
Nb errors removed: 13 (0s)
Superbubble
Nb superbubble removed: 0 0 (0s)
Tip
Nb Tip removed: 0 (0s)
Nb errors removed: 8 (0s)
Superbubble
Nb superbubble removed: 0 0 (0s)
Tip
Nb Tip removed: 0 (0s)
Nb errors removed: 14 (0s)
Superbubble
Nb superbubble removed: 0 0 (0s)
Tip
Nb Tip removed: 0 (0s)
Nb errors removed: 1 (0s)
Superbubble
Nb superbubble removed: 0 0 (0s)
Tip
Nb Tip removed: 0 (0s)
Nb errors removed: 1 (0s)
Superbubble
Nb superbubble removed: 0 0 (0s)
Tip
Nb Tip removed: 0 (0s)
Nb errors removed: 1 (0s)
Superbubble
Nb superbubble removed: 0 0 (0s)
Tip
Nb Tip removed: 0 (0s)
Nb errors removed: 14 (0s)
Superbubble
Nb superbubble removed: 0 0 (0s)
Tip
Nb Tip removed: 0 (0s)
Nb errors removed: 1 (0s)
Superbubble
Nb superbubble removed: 0 0 (0s)
Tip
Nb Tip removed: 0 (0s)
Checksum: 0
Checksum abundnace: 0
Generating contigs
41.1448
28.1025
23.2252
17.4494
14.421
13.11
11.9182
10.8347
9.84974
8.14028
7.40025
6.11591
5.05447
4.17725
3.13843
2.14359
0


metaMDBG toMinspace  /var/folders/zg/vq0dnx517c54hg87dyqjky740000gn/T/.tmp7o7wQ0/tmp/ /var/folders/zg/vq0dnx517c54hg87dyqjky740000gn/T/.tmp7o7wQ0/tmp//contigs.nodepath /var/folders/zg/vq0dnx517c54hg87dyqjky740000gn/T/.tmp7o7wQ0/tmp//unitig_data.txt --threads 10

Input dir: /var/folders/zg/vq0dnx517c54hg87dyqjky740000gn/T/.tmp7o7wQ0/tmp/
Minimizer length: 15
Kminmer length: 154
Density: 0.005

Loading unitig sequences

Creating mContigs

Contig filename: /var/folders/zg/vq0dnx517c54hg87dyqjky740000gn/T/.tmp7o7wQ0/tmp//unitig_data.txt
pass done: 154
Multi-k pass: 155/206


metaMDBG graph /var/folders/zg/vq0dnx517c54hg87dyqjky740000gn/T/.tmp7o7wQ0/tmp/ --threads 10 --corrected-read 

Contig filename: 
Output dir: /var/folders/zg/vq0dnx517c54hg87dyqjky740000gn/T/.tmp7o7wQ0/tmp/
Minimizer length: 15
Kminmer length: 155
Density: 0.005
Min abundance: 0

Loading refined abundances
	Duration: 0
Collecting kminmers
Building mdbg
Duration: 0
Nb solid kminmers: 28736
Nb small contigs written: 0
Dump kminmer abundances
	Duration: 0
Indexing edges
Edge index size: 28836
Edge index elements: 54586
	Duration: 0
Compute unitig nodes
	Duration: 0
Index unitig edges
	Duration: 0
Compute unitig edges
	Duration: 0
Dump unitig abundances
	Duration: 0
Nb edges:   0


metaMDBG contig  /var/folders/zg/vq0dnx517c54hg87dyqjky740000gn/T/.tmp7o7wQ0/tmp/ --threads 10

Input dir: /var/folders/zg/vq0dnx517c54hg87dyqjky740000gn/T/.tmp7o7wQ0/tmp/
Minimizer length: 15
Kminmer length: 155
Density: 0.005

Loading unitig graph
Load unitigs
Nb unitigs: 357
Nb minimizers: 83714
Add unitig abundances
Sorting abundances
Add unitig edges
Nb unitig edges: 514
Sorting unitig edges
Done loading unitig graph
Simplifying
Max abundance: 40
Nb unitigs: 357
Superbubble
Nb superbubble removed: 0 0 (0s)
Tip
Nb Tip removed: 90 (0s)
Superbubble
Nb superbubble removed: 0 0 (0s)
Tip
Nb Tip removed: 0 (0s)
Nb errors removed: 64 (0s)
Superbubble
Nb superbubble removed: 0 0 (0s)
Tip
Nb Tip removed: 0 (0s)
Nb errors removed: 30 (0s)
Superbubble
Nb superbubble removed: 0 0 (0s)
Tip
Nb Tip removed: 0 (0s)
Nb errors removed: 21 (0s)
Superbubble
Nb superbubble removed: 0 0 (0s)
Tip
Nb Tip removed: 0 (0s)
Nb errors removed: 17 (0s)
Superbubble
Nb superbubble removed: 0 0 (0s)
Tip
Nb Tip removed: 0 (0s)
Nb errors removed: 11 (0s)
Superbubble
Nb superbubble removed: 0 0 (0s)
Tip
Nb Tip removed: 0 (0s)
Nb errors removed: 13 (0s)
Superbubble
Nb superbubble removed: 0 0 (0s)
Tip
Nb Tip removed: 0 (0s)
Nb errors removed: 11 (0s)
Superbubble
Nb superbubble removed: 0 0 (0s)
Tip
Nb Tip removed: 0 (0s)
Nb errors removed: 19 (0s)
Superbubble
Nb superbubble removed: 0 0 (0s)
Tip
Nb Tip removed: 0 (0s)
Nb errors removed: 13 (0s)
Superbubble
Nb superbubble removed: 0 0 (0s)
Tip
Nb Tip removed: 0 (0s)
Nb errors removed: 8 (0s)
Superbubble
Nb superbubble removed: 0 0 (0s)
Tip
Nb Tip removed: 0 (0s)
Nb errors removed: 14 (0s)
Superbubble
Nb superbubble removed: 0 0 (0s)
Tip
Nb Tip removed: 0 (0s)
Nb errors removed: 1 (0s)
Superbubble
Nb superbubble removed: 0 0 (0s)
Tip
Nb Tip removed: 0 (0s)
Nb errors removed: 1 (0s)
Superbubble
Nb superbubble removed: 0 0 (0s)
Tip
Nb Tip removed: 0 (0s)
Nb errors removed: 1 (0s)
Superbubble
Nb superbubble removed: 0 0 (0s)
Tip
Nb Tip removed: 0 (0s)
Nb errors removed: 14 (0s)
Superbubble
Nb superbubble removed: 0 0 (0s)
Tip
Nb Tip removed: 0 (0s)
Nb errors removed: 1 (0s)
Superbubble
Nb superbubble removed: 0 0 (0s)
Tip
Nb Tip removed: 0 (0s)
Checksum: 0
Checksum abundnace: 0
Generating contigs
41.1448
28.1025
23.2252
17.4494
14.421
13.11
11.9182
10.8347
9.84974
8.14028
7.40025
6.11591
5.05447
4.17725
3.13843
2.14359
0


metaMDBG toMinspace  /var/folders/zg/vq0dnx517c54hg87dyqjky740000gn/T/.tmp7o7wQ0/tmp/ /var/folders/zg/vq0dnx517c54hg87dyqjky740000gn/T/.tmp7o7wQ0/tmp//contigs.nodepath /var/folders/zg/vq0dnx517c54hg87dyqjky740000gn/T/.tmp7o7wQ0/tmp//unitig_data.txt --threads 10

Input dir: /var/folders/zg/vq0dnx517c54hg87dyqjky740000gn/T/.tmp7o7wQ0/tmp/
Minimizer length: 15
Kminmer length: 155
Density: 0.005

Loading unitig sequences

Creating mContigs

Contig filename: /var/folders/zg/vq0dnx517c54hg87dyqjky740000gn/T/.tmp7o7wQ0/tmp//unitig_data.txt
pass done: 155
Multi-k pass: 156/206


metaMDBG graph /var/folders/zg/vq0dnx517c54hg87dyqjky740000gn/T/.tmp7o7wQ0/tmp/ --threads 10 --corrected-read 

Contig filename: 
Output dir: /var/folders/zg/vq0dnx517c54hg87dyqjky740000gn/T/.tmp7o7wQ0/tmp/
Minimizer length: 15
Kminmer length: 156
Density: 0.005
Min abundance: 0

Loading refined abundances
	Duration: 0
Collecting kminmers
Building mdbg
Duration: 0
Nb solid kminmers: 28633
Nb small contigs written: 0
Dump kminmer abundances
	Duration: 0
Indexing edges
Edge index size: 28734
Edge index elements: 54419
	Duration: 0
Compute unitig nodes
	Duration: 0
Index unitig edges
	Duration: 0
Compute unitig edges
	Duration: 0
Dump unitig abundances
	Duration: 0
Nb edges:   0


metaMDBG contig  /var/folders/zg/vq0dnx517c54hg87dyqjky740000gn/T/.tmp7o7wQ0/tmp/ --threads 10

Input dir: /var/folders/zg/vq0dnx517c54hg87dyqjky740000gn/T/.tmp7o7wQ0/tmp/
Minimizer length: 15
Kminmer length: 156
Density: 0.005

Loading unitig graph
Load unitigs
Nb unitigs: 353
Nb minimizers: 83348
Add unitig abundances
Sorting abundances
Add unitig edges
Nb unitig edges: 504
Sorting unitig edges
Done loading unitig graph
Simplifying
Max abundance: 40
Nb unitigs: 353
Superbubble
Nb superbubble removed: 0 0 (0s)
Tip
Nb Tip removed: 89 (0s)
Superbubble
Nb superbubble removed: 0 0 (0s)
Tip
Nb Tip removed: 0 (0s)
Nb errors removed: 64 (0s)
Superbubble
Nb superbubble removed: 0 0 (0s)
Tip
Nb Tip removed: 0 (0s)
Nb errors removed: 30 (0s)
Superbubble
Nb superbubble removed: 0 0 (0s)
Tip
Nb Tip removed: 0 (0s)
Nb errors removed: 20 (0s)
Superbubble
Nb superbubble removed: 0 0 (0s)
Tip
Nb Tip removed: 0 (0s)
Nb errors removed: 17 (0s)
Superbubble
Nb superbubble removed: 0 0 (0s)
Tip
Nb Tip removed: 0 (0s)
Nb errors removed: 10 (0s)
Superbubble
Nb superbubble removed: 0 0 (0s)
Tip
Nb Tip removed: 0 (0s)
Nb errors removed: 13 (0s)
Superbubble
Nb superbubble removed: 0 0 (0s)
Tip
Nb Tip removed: 0 (0s)
Nb errors removed: 10 (0s)
Superbubble
Nb superbubble removed: 0 0 (0s)
Tip
Nb Tip removed: 0 (0s)
Nb errors removed: 19 (0s)
Superbubble
Nb superbubble removed: 0 0 (0s)
Tip
Nb Tip removed: 0 (0s)
Nb errors removed: 13 (0s)
Superbubble
Nb superbubble removed: 0 0 (0s)
Tip
Nb Tip removed: 0 (0s)
Nb errors removed: 8 (0s)
Superbubble
Nb superbubble removed: 0 0 (0s)
Tip
Nb Tip removed: 0 (0s)
Nb errors removed: 14 (0s)
Superbubble
Nb superbubble removed: 0 0 (0s)
Tip
Nb Tip removed: 0 (0s)
Nb errors removed: 1 (0s)
Superbubble
Nb superbubble removed: 0 0 (0s)
Tip
Nb Tip removed: 0 (0s)
Nb errors removed: 1 (0s)
Superbubble
Nb superbubble removed: 0 0 (0s)
Tip
Nb Tip removed: 0 (0s)
Nb errors removed: 1 (0s)
Superbubble
Nb superbubble removed: 0 0 (0s)
Tip
Nb Tip removed: 0 (0s)
Nb errors removed: 14 (0s)
Superbubble
Nb superbubble removed: 0 0 (0s)
Tip
Nb Tip removed: 0 (0s)
Nb errors removed: 1 (0s)
Superbubble
Nb superbubble removed: 0 0 (0s)
Tip
Nb Tip removed: 0 (0s)
Checksum: 0
Checksum abundnace: 0
Generating contigs
41.1448
28.1025
23.2252
17.4494
14.421
13.11
11.9182
10.8347
9.84974
8.14028
7.40025
6.11591
5.05447
4.17725
3.13843
2.14359
0


metaMDBG toMinspace  /var/folders/zg/vq0dnx517c54hg87dyqjky740000gn/T/.tmp7o7wQ0/tmp/ /var/folders/zg/vq0dnx517c54hg87dyqjky740000gn/T/.tmp7o7wQ0/tmp//contigs.nodepath /var/folders/zg/vq0dnx517c54hg87dyqjky740000gn/T/.tmp7o7wQ0/tmp//unitig_data.txt --threads 10

Input dir: /var/folders/zg/vq0dnx517c54hg87dyqjky740000gn/T/.tmp7o7wQ0/tmp/
Minimizer length: 15
Kminmer length: 156
Density: 0.005

Loading unitig sequences

Creating mContigs

Contig filename: /var/folders/zg/vq0dnx517c54hg87dyqjky740000gn/T/.tmp7o7wQ0/tmp//unitig_data.txt
pass done: 156
Multi-k pass: 157/206


metaMDBG graph /var/folders/zg/vq0dnx517c54hg87dyqjky740000gn/T/.tmp7o7wQ0/tmp/ --threads 10 --corrected-read 

Contig filename: 
Output dir: /var/folders/zg/vq0dnx517c54hg87dyqjky740000gn/T/.tmp7o7wQ0/tmp/
Minimizer length: 15
Kminmer length: 157
Density: 0.005
Min abundance: 0

Loading refined abundances
	Duration: 0
Collecting kminmers
Building mdbg
Duration: 0
Nb solid kminmers: 28531
Nb small contigs written: 0
Dump kminmer abundances
	Duration: 0
Indexing edges
Edge index size: 28632
Edge index elements: 54160
	Duration: 0
Compute unitig nodes
	Duration: 0
Index unitig edges
	Duration: 0
Compute unitig edges
	Duration: 0
Dump unitig abundances
	Duration: 0
Nb edges:   0


metaMDBG contig  /var/folders/zg/vq0dnx517c54hg87dyqjky740000gn/T/.tmp7o7wQ0/tmp/ --threads 10

Input dir: /var/folders/zg/vq0dnx517c54hg87dyqjky740000gn/T/.tmp7o7wQ0/tmp/
Minimizer length: 15
Kminmer length: 157
Density: 0.005

Loading unitig graph
Load unitigs
Nb unitigs: 350
Nb minimizers: 83131
Add unitig abundances
Sorting abundances
Add unitig edges
Nb unitig edges: 500
Sorting unitig edges
Done loading unitig graph
Simplifying
Max abundance: 40
Nb unitigs: 350
Superbubble
Nb superbubble removed: 0 0 (0s)
Tip
Nb Tip removed: 88 (0s)
Superbubble
Nb superbubble removed: 0 0 (0s)
Tip
Nb Tip removed: 0 (0s)
Nb errors removed: 63 (0s)
Superbubble
Nb superbubble removed: 0 0 (0s)
Tip
Nb Tip removed: 0 (0s)
Nb errors removed: 30 (0s)
Superbubble
Nb superbubble removed: 0 0 (0s)
Tip
Nb Tip removed: 0 (0s)
Nb errors removed: 20 (0s)
Superbubble
Nb superbubble removed: 0 0 (0s)
Tip
Nb Tip removed: 0 (0s)
Nb errors removed: 17 (0s)
Superbubble
Nb superbubble removed: 0 0 (0s)
Tip
Nb Tip removed: 0 (0s)
Nb errors removed: 10 (0s)
Superbubble
Nb superbubble removed: 0 0 (0s)
Tip
Nb Tip removed: 0 (0s)
Nb errors removed: 13 (0s)
Superbubble
Nb superbubble removed: 0 0 (0s)
Tip
Nb Tip removed: 0 (0s)
Nb errors removed: 10 (0s)
Superbubble
Nb superbubble removed: 0 0 (0s)
Tip
Nb Tip removed: 0 (0s)
Nb errors removed: 19 (0s)
Superbubble
Nb superbubble removed: 0 0 (0s)
Tip
Nb Tip removed: 0 (0s)
Nb errors removed: 13 (0s)
Superbubble
Nb superbubble removed: 0 0 (0s)
Tip
Nb Tip removed: 0 (0s)
Nb errors removed: 8 (0s)
Superbubble
Nb superbubble removed: 0 0 (0s)
Tip
Nb Tip removed: 0 (0s)
Nb errors removed: 14 (0s)
Superbubble
Nb superbubble removed: 0 0 (0s)
Tip
Nb Tip removed: 0 (0s)
Nb errors removed: 1 (0s)
Superbubble
Nb superbubble removed: 0 0 (0s)
Tip
Nb Tip removed: 0 (0s)
Nb errors removed: 1 (0s)
Superbubble
Nb superbubble removed: 0 0 (0s)
Tip
Nb Tip removed: 0 (0s)
Nb errors removed: 1 (0s)
Superbubble
Nb superbubble removed: 0 0 (0s)
Tip
Nb Tip removed: 0 (0s)
Nb errors removed: 14 (0s)
Superbubble
Nb superbubble removed: 0 0 (0s)
Tip
Nb Tip removed: 0 (0s)
Nb errors removed: 1 (0s)
Superbubble
Nb superbubble removed: 0 0 (0s)
Tip
Nb Tip removed: 0 (0s)
Checksum: 0
Checksum abundnace: 0
Generating contigs
41.1448
28.1025
23.2252
17.4494
14.421
13.11
11.9182
10.8347
9.84974
8.14028
7.40025
6.11591
5.05447
4.17725
3.13843
2.14359
0


metaMDBG toMinspace  /var/folders/zg/vq0dnx517c54hg87dyqjky740000gn/T/.tmp7o7wQ0/tmp/ /var/folders/zg/vq0dnx517c54hg87dyqjky740000gn/T/.tmp7o7wQ0/tmp//contigs.nodepath /var/folders/zg/vq0dnx517c54hg87dyqjky740000gn/T/.tmp7o7wQ0/tmp//unitig_data.txt --threads 10

Input dir: /var/folders/zg/vq0dnx517c54hg87dyqjky740000gn/T/.tmp7o7wQ0/tmp/
Minimizer length: 15
Kminmer length: 157
Density: 0.005

Loading unitig sequences

Creating mContigs

Contig filename: /var/folders/zg/vq0dnx517c54hg87dyqjky740000gn/T/.tmp7o7wQ0/tmp//unitig_data.txt
pass done: 157
Multi-k pass: 158/206


metaMDBG graph /var/folders/zg/vq0dnx517c54hg87dyqjky740000gn/T/.tmp7o7wQ0/tmp/ --threads 10 --corrected-read 

Contig filename: 
Output dir: /var/folders/zg/vq0dnx517c54hg87dyqjky740000gn/T/.tmp7o7wQ0/tmp/
Minimizer length: 15
Kminmer length: 158
Density: 0.005
Min abundance: 0

Loading refined abundances
	Duration: 0
Collecting kminmers
Building mdbg
Duration: 0
Nb solid kminmers: 28427
Nb small contigs written: 0
Dump kminmer abundances
	Duration: 0
Indexing edges
Edge index size: 28531
Edge index elements: 53915
	Duration: 0
Compute unitig nodes
	Duration: 0
Index unitig edges
	Duration: 0
Compute unitig edges
	Duration: 0
Dump unitig abundances
	Duration: 0
Nb edges:   0


metaMDBG contig  /var/folders/zg/vq0dnx517c54hg87dyqjky740000gn/T/.tmp7o7wQ0/tmp/ --threads 10

Input dir: /var/folders/zg/vq0dnx517c54hg87dyqjky740000gn/T/.tmp7o7wQ0/tmp/
Minimizer length: 15
Kminmer length: 158
Density: 0.005

Loading unitig graph
Load unitigs
Nb unitigs: 346
Nb minimizers: 82749
Add unitig abundances
Sorting abundances
Add unitig edges
Nb unitig edges: 484
Sorting unitig edges
Done loading unitig graph
Simplifying
Max abundance: 40
Nb unitigs: 346
Superbubble
Nb superbubble removed: 0 0 (0s)
Tip
Nb Tip removed: 86 (0s)
Superbubble
Nb superbubble removed: 0 0 (0s)
Tip
Nb Tip removed: 0 (0s)
Nb errors removed: 63 (0s)
Superbubble
Nb superbubble removed: 0 0 (0s)
Tip
Nb Tip removed: 0 (0s)
Nb errors removed: 30 (0s)
Superbubble
Nb superbubble removed: 0 0 (0s)
Tip
Nb Tip removed: 0 (0s)
Nb errors removed: 20 (0s)
Superbubble
Nb superbubble removed: 0 0 (0s)
Tip
Nb Tip removed: 0 (0s)
Nb errors removed: 18 (0s)
Superbubble
Nb superbubble removed: 0 0 (0s)
Tip
Nb Tip removed: 0 (0s)
Nb errors removed: 10 (0s)
Superbubble
Nb superbubble removed: 0 0 (0s)
Tip
Nb Tip removed: 0 (0s)
Nb errors removed: 13 (0s)
Superbubble
Nb superbubble removed: 0 0 (0s)
Tip
Nb Tip removed: 0 (0s)
Nb errors removed: 10 (0s)
Superbubble
Nb superbubble removed: 0 0 (0s)
Tip
Nb Tip removed: 0 (0s)
Nb errors removed: 19 (0s)
Superbubble
Nb superbubble removed: 0 0 (0s)
Tip
Nb Tip removed: 0 (0s)
Nb errors removed: 13 (0s)
Superbubble
Nb superbubble removed: 0 0 (0s)
Tip
Nb Tip removed: 0 (0s)
Nb errors removed: 8 (0s)
Superbubble
Nb superbubble removed: 0 0 (0s)
Tip
Nb Tip removed: 0 (0s)
Nb errors removed: 14 (0s)
Superbubble
Nb superbubble removed: 0 0 (0s)
Tip
Nb Tip removed: 0 (0s)
Nb errors removed: 1 (0s)
Superbubble
Nb superbubble removed: 0 0 (0s)
Tip
Nb Tip removed: 0 (0s)
Nb errors removed: 1 (0s)
Superbubble
Nb superbubble removed: 0 0 (0s)
Tip
Nb Tip removed: 0 (0s)
Nb errors removed: 1 (0s)
Superbubble
Nb superbubble removed: 0 0 (0s)
Tip
Nb Tip removed: 0 (0s)
Nb errors removed: 13 (0s)
Superbubble
Nb superbubble removed: 0 0 (0s)
Tip
Nb Tip removed: 0 (0s)
Nb errors removed: 1 (0s)
Superbubble
Nb superbubble removed: 0 0 (0s)
Tip
Nb Tip removed: 0 (0s)
Checksum: 0
Checksum abundnace: 0
Generating contigs
41.1448
28.1025
23.2252
17.4494
14.421
13.11
11.9182
10.8347
9.84974
8.14028
7.40025
6.11591
5.05447
4.17725
3.13843
2.14359
0


metaMDBG toMinspace  /var/folders/zg/vq0dnx517c54hg87dyqjky740000gn/T/.tmp7o7wQ0/tmp/ /var/folders/zg/vq0dnx517c54hg87dyqjky740000gn/T/.tmp7o7wQ0/tmp//contigs.nodepath /var/folders/zg/vq0dnx517c54hg87dyqjky740000gn/T/.tmp7o7wQ0/tmp//unitig_data.txt --threads 10

Input dir: /var/folders/zg/vq0dnx517c54hg87dyqjky740000gn/T/.tmp7o7wQ0/tmp/
Minimizer length: 15
Kminmer length: 158
Density: 0.005

Loading unitig sequences

Creating mContigs

Contig filename: /var/folders/zg/vq0dnx517c54hg87dyqjky740000gn/T/.tmp7o7wQ0/tmp//unitig_data.txt
pass done: 158
Multi-k pass: 159/206


metaMDBG graph /var/folders/zg/vq0dnx517c54hg87dyqjky740000gn/T/.tmp7o7wQ0/tmp/ --threads 10 --corrected-read 

Contig filename: 
Output dir: /var/folders/zg/vq0dnx517c54hg87dyqjky740000gn/T/.tmp7o7wQ0/tmp/
Minimizer length: 15
Kminmer length: 159
Density: 0.005
Min abundance: 0

Loading refined abundances
	Duration: 0
Collecting kminmers
Building mdbg
Duration: 0
Nb solid kminmers: 28320
Nb small contigs written: 0
Dump kminmer abundances
	Duration: 0
Indexing edges
Edge index size: 28425
Edge index elements: 53691
	Duration: 0
Compute unitig nodes
	Duration: 0
Index unitig edges
	Duration: 0
Compute unitig edges
	Duration: 0
Dump unitig abundances
	Duration: 0
Nb edges:   0


metaMDBG contig  /var/folders/zg/vq0dnx517c54hg87dyqjky740000gn/T/.tmp7o7wQ0/tmp/ --threads 10

Input dir: /var/folders/zg/vq0dnx517c54hg87dyqjky740000gn/T/.tmp7o7wQ0/tmp/
Minimizer length: 15
Kminmer length: 159
Density: 0.005

Loading unitig graph
Load unitigs
Nb unitigs: 341
Nb minimizers: 82198
Add unitig abundances
Sorting abundances
Add unitig edges
Nb unitig edges: 472
Sorting unitig edges
Done loading unitig graph
Simplifying
Max abundance: 40
Nb unitigs: 341
Superbubble
Nb superbubble removed: 0 0 (0s)
Tip
Nb Tip removed: 82 (0s)
Superbubble
Nb superbubble removed: 0 0 (0s)
Tip
Nb Tip removed: 0 (0s)
Nb errors removed: 64 (0s)
Superbubble
Nb superbubble removed: 0 0 (0s)
Tip
Nb Tip removed: 0 (0s)
Nb errors removed: 30 (0s)
Superbubble
Nb superbubble removed: 0 0 (0s)
Tip
Nb Tip removed: 0 (0s)
Nb errors removed: 20 (0s)
Superbubble
Nb superbubble removed: 0 0 (0s)
Tip
Nb Tip removed: 0 (0s)
Nb errors removed: 16 (0s)
Superbubble
Nb superbubble removed: 0 0 (0s)
Tip
Nb Tip removed: 0 (0s)
Nb errors removed: 9 (0s)
Superbubble
Nb superbubble removed: 0 0 (0s)
Tip
Nb Tip removed: 0 (0s)
Nb errors removed: 13 (0s)
Superbubble
Nb superbubble removed: 0 0 (0s)
Tip
Nb Tip removed: 0 (0s)
Nb errors removed: 10 (0s)
Superbubble
Nb superbubble removed: 0 0 (0s)
Tip
Nb Tip removed: 0 (0s)
Nb errors removed: 19 (0s)
Superbubble
Nb superbubble removed: 0 0 (0s)
Tip
Nb Tip removed: 0 (0s)
Nb errors removed: 13 (0s)
Superbubble
Nb superbubble removed: 0 0 (0s)
Tip
Nb Tip removed: 0 (0s)
Nb errors removed: 8 (0s)
Superbubble
Nb superbubble removed: 0 0 (0s)
Tip
Nb Tip removed: 0 (0s)
Nb errors removed: 14 (0s)
Superbubble
Nb superbubble removed: 0 0 (0s)
Tip
Nb Tip removed: 0 (0s)
Nb errors removed: 1 (0s)
Superbubble
Nb superbubble removed: 0 0 (0s)
Tip
Nb Tip removed: 0 (0s)
Nb errors removed: 1 (0s)
Superbubble
Nb superbubble removed: 0 0 (0s)
Tip
Nb Tip removed: 0 (0s)
Nb errors removed: 1 (0s)
Superbubble
Nb superbubble removed: 0 0 (0s)
Tip
Nb Tip removed: 0 (0s)
Nb errors removed: 12 (0s)
Superbubble
Nb superbubble removed: 0 0 (0s)
Tip
Nb Tip removed: 0 (0s)
Nb errors removed: 1 (0s)
Superbubble
Nb superbubble removed: 0 0 (0s)
Tip
Nb Tip removed: 0 (0s)
Checksum: 0
Checksum abundnace: 0
Generating contigs
41.1448
28.1025
23.2252
17.4494
14.421
13.11
11.9182
10.8347
9.84974
8.14028
7.40025
6.11591
5.05447
4.17725
3.13843
2.14359
0


metaMDBG toMinspace  /var/folders/zg/vq0dnx517c54hg87dyqjky740000gn/T/.tmp7o7wQ0/tmp/ /var/folders/zg/vq0dnx517c54hg87dyqjky740000gn/T/.tmp7o7wQ0/tmp//contigs.nodepath /var/folders/zg/vq0dnx517c54hg87dyqjky740000gn/T/.tmp7o7wQ0/tmp//unitig_data.txt --threads 10

Input dir: /var/folders/zg/vq0dnx517c54hg87dyqjky740000gn/T/.tmp7o7wQ0/tmp/
Minimizer length: 15
Kminmer length: 159
Density: 0.005

Loading unitig sequences

Creating mContigs

Contig filename: /var/folders/zg/vq0dnx517c54hg87dyqjky740000gn/T/.tmp7o7wQ0/tmp//unitig_data.txt
pass done: 159
Multi-k pass: 160/206


metaMDBG graph /var/folders/zg/vq0dnx517c54hg87dyqjky740000gn/T/.tmp7o7wQ0/tmp/ --threads 10 --corrected-read 

Contig filename: 
Output dir: /var/folders/zg/vq0dnx517c54hg87dyqjky740000gn/T/.tmp7o7wQ0/tmp/
Minimizer length: 15
Kminmer length: 160
Density: 0.005
Min abundance: 0

Loading refined abundances
	Duration: 0
Collecting kminmers
Building mdbg
Duration: 0
Nb solid kminmers: 28212
Nb small contigs written: 0
Dump kminmer abundances
	Duration: 0
Indexing edges
Edge index size: 28320
Edge index elements: 53436
	Duration: 0
Compute unitig nodes
	Duration: 0
Index unitig edges
	Duration: 0
Compute unitig edges
	Duration: 0
Dump unitig abundances
	Duration: 0
Nb edges:   0


metaMDBG contig  /var/folders/zg/vq0dnx517c54hg87dyqjky740000gn/T/.tmp7o7wQ0/tmp/ --threads 10

Input dir: /var/folders/zg/vq0dnx517c54hg87dyqjky740000gn/T/.tmp7o7wQ0/tmp/
Minimizer length: 15
Kminmer length: 160
Density: 0.005

Loading unitig graph
Load unitigs
Nb unitigs: 338
Nb minimizers: 81954
Add unitig abundances
Sorting abundances
Add unitig edges
Nb unitig edges: 460
Sorting unitig edges
Done loading unitig graph
Simplifying
Max abundance: 40
Nb unitigs: 338
Superbubble
Nb superbubble removed: 0 0 (0s)
Tip
Nb Tip removed: 82 (0s)
Superbubble
Nb superbubble removed: 0 0 (0s)
Tip
Nb Tip removed: 0 (0s)
Nb errors removed: 63 (0s)
Superbubble
Nb superbubble removed: 0 0 (0s)
Tip
Nb Tip removed: 0 (0s)
Nb errors removed: 30 (0s)
Superbubble
Nb superbubble removed: 0 0 (0s)
Tip
Nb Tip removed: 0 (0s)
Nb errors removed: 20 (0s)
Superbubble
Nb superbubble removed: 0 0 (0s)
Tip
Nb Tip removed: 0 (0s)
Nb errors removed: 16 (0s)
Superbubble
Nb superbubble removed: 0 0 (0s)
Tip
Nb Tip removed: 0 (0s)
Nb errors removed: 9 (0s)
Superbubble
Nb superbubble removed: 0 0 (0s)
Tip
Nb Tip removed: 0 (0s)
Nb errors removed: 13 (0s)
Superbubble
Nb superbubble removed: 0 0 (0s)
Tip
Nb Tip removed: 0 (0s)
Nb errors removed: 10 (0s)
Superbubble
Nb superbubble removed: 0 0 (0s)
Tip
Nb Tip removed: 0 (0s)
Nb errors removed: 19 (0s)
Superbubble
Nb superbubble removed: 0 0 (0s)
Tip
Nb Tip removed: 0 (0s)
Nb errors removed: 13 (0s)
Superbubble
Nb superbubble removed: 0 0 (0s)
Tip
Nb Tip removed: 0 (0s)
Nb errors removed: 8 (0s)
Superbubble
Nb superbubble removed: 0 0 (0s)
Tip
Nb Tip removed: 0 (0s)
Nb errors removed: 15 (0s)
Superbubble
Nb superbubble removed: 0 0 (0s)
Tip
Nb Tip removed: 0 (0s)
Nb errors removed: 1 (0s)
Superbubble
Nb superbubble removed: 0 0 (0s)
Tip
Nb Tip removed: 0 (0s)
Nb errors removed: 1 (0s)
Superbubble
Nb superbubble removed: 0 0 (0s)
Tip
Nb Tip removed: 0 (0s)
Nb errors removed: 1 (0s)
Superbubble
Nb superbubble removed: 0 0 (0s)
Tip
Nb Tip removed: 0 (0s)
Nb errors removed: 11 (0s)
Superbubble
Nb superbubble removed: 0 0 (0s)
Tip
Nb Tip removed: 0 (0s)
Nb errors removed: 1 (0s)
Superbubble
Nb superbubble removed: 0 0 (0s)
Tip
Nb Tip removed: 0 (0s)
Checksum: 0
Checksum abundnace: 0
Generating contigs
41.1448
28.1025
23.2252
17.4494
14.421
13.11
11.9182
10.8347
9.84974
8.14028
7.40025
6.11591
5.05447
4.17725
3.13843
2.14359
0


metaMDBG toMinspace  /var/folders/zg/vq0dnx517c54hg87dyqjky740000gn/T/.tmp7o7wQ0/tmp/ /var/folders/zg/vq0dnx517c54hg87dyqjky740000gn/T/.tmp7o7wQ0/tmp//contigs.nodepath /var/folders/zg/vq0dnx517c54hg87dyqjky740000gn/T/.tmp7o7wQ0/tmp//unitig_data.txt --threads 10

Input dir: /var/folders/zg/vq0dnx517c54hg87dyqjky740000gn/T/.tmp7o7wQ0/tmp/
Minimizer length: 15
Kminmer length: 160
Density: 0.005

Loading unitig sequences

Creating mContigs

Contig filename: /var/folders/zg/vq0dnx517c54hg87dyqjky740000gn/T/.tmp7o7wQ0/tmp//unitig_data.txt
pass done: 160
Multi-k pass: 161/206


metaMDBG graph /var/folders/zg/vq0dnx517c54hg87dyqjky740000gn/T/.tmp7o7wQ0/tmp/ --threads 10 --corrected-read 

Contig filename: 
Output dir: /var/folders/zg/vq0dnx517c54hg87dyqjky740000gn/T/.tmp7o7wQ0/tmp/
Minimizer length: 15
Kminmer length: 161
Density: 0.005
Min abundance: 0

Loading refined abundances
	Duration: 0
Collecting kminmers
Building mdbg
Duration: 0
Nb solid kminmers: 28101
Nb small contigs written: 0
Dump kminmer abundances
	Duration: 0
Indexing edges
Edge index size: 28209
Edge index elements: 53231
	Duration: 0
Compute unitig nodes
	Duration: 0
Index unitig edges
	Duration: 0
Compute unitig edges
	Duration: 0
Dump unitig abundances
	Duration: 0
Nb edges:   0


metaMDBG contig  /var/folders/zg/vq0dnx517c54hg87dyqjky740000gn/T/.tmp7o7wQ0/tmp/ --threads 10 --gen-graph 

Input dir: /var/folders/zg/vq0dnx517c54hg87dyqjky740000gn/T/.tmp7o7wQ0/tmp/
Minimizer length: 15
Kminmer length: 161
Density: 0.005

Loading unitig graph
Load unitigs
Nb unitigs: 332
Nb minimizers: 81221
Add unitig abundances
Sorting abundances
Add unitig edges
Nb unitig edges: 448
Sorting unitig edges
Done loading unitig graph
Simplifying
Max abundance: 40
Nb unitigs: 332
Superbubble
Nb superbubble removed: 0 0 (0s)
Tip
Nb Tip removed: 80 (0s)
Superbubble
Nb superbubble removed: 0 0 (0s)
Tip
Nb Tip removed: 0 (0s)
Saving unitig graph: /var/folders/zg/vq0dnx517c54hg87dyqjky740000gn/T/.tmp7o7wQ0/tmp//assembly_graph.gfa
Nb errors removed: 63 (0s)
Superbubble
Nb superbubble removed: 0 0 (0s)
Tip
Nb Tip removed: 0 (0s)
Nb errors removed: 29 (0s)
Superbubble
Nb superbubble removed: 0 0 (0s)
Tip
Nb Tip removed: 0 (0s)
Nb errors removed: 20 (0s)
Superbubble
Nb superbubble removed: 0 0 (0s)
Tip
Nb Tip removed: 0 (0s)
Nb errors removed: 15 (0s)
Superbubble
Nb superbubble removed: 0 0 (0s)
Tip
Nb Tip removed: 0 (0s)
Nb errors removed: 9 (0s)
Superbubble
Nb superbubble removed: 0 0 (0s)
Tip
Nb Tip removed: 0 (0s)
Nb errors removed: 12 (0s)
Superbubble
Nb superbubble removed: 0 0 (0s)
Tip
Nb Tip removed: 0 (0s)
Nb errors removed: 10 (0s)
Superbubble
Nb superbubble removed: 0 0 (0s)
Tip
Nb Tip removed: 0 (0s)
Nb errors removed: 20 (0s)
Superbubble
Nb superbubble removed: 0 0 (0s)
Tip
Nb Tip removed: 0 (0s)
Nb errors removed: 13 (0s)
Superbubble
Nb superbubble removed: 0 0 (0s)
Tip
Nb Tip removed: 0 (0s)
Nb errors removed: 8 (0s)
Superbubble
Nb superbubble removed: 0 0 (0s)
Tip
Nb Tip removed: 0 (0s)
Nb errors removed: 14 (0s)
Superbubble
Nb superbubble removed: 0 0 (0s)
Tip
Nb Tip removed: 0 (0s)
Nb errors removed: 1 (0s)
Superbubble
Nb superbubble removed: 0 0 (0s)
Tip
Nb Tip removed: 0 (0s)
Nb errors removed: 1 (0s)
Superbubble
Nb superbubble removed: 0 0 (0s)
Tip
Nb Tip removed: 0 (0s)
Nb errors removed: 1 (0s)
Superbubble
Nb superbubble removed: 0 0 (0s)
Tip
Nb Tip removed: 0 (0s)
Nb errors removed: 11 (0s)
Superbubble
Nb superbubble removed: 0 0 (0s)
Tip
Nb Tip removed: 0 (0s)
Nb errors removed: 1 (0s)
Superbubble
Nb superbubble removed: 0 0 (0s)
Tip
Nb Tip removed: 0 (0s)
Checksum: 0
Checksum abundnace: 0
Generating contigs
41.1448
28.1025
23.2252
17.4494
14.421
13.11
11.9182
10.8347
9.84974
8.14028
7.40025
6.11591
5.05447
4.17725
3.13843
2.14359
0


metaMDBG toMinspace  /var/folders/zg/vq0dnx517c54hg87dyqjky740000gn/T/.tmp7o7wQ0/tmp/ /var/folders/zg/vq0dnx517c54hg87dyqjky740000gn/T/.tmp7o7wQ0/tmp//contigs.nodepath /var/folders/zg/vq0dnx517c54hg87dyqjky740000gn/T/.tmp7o7wQ0/tmp//unitig_data.txt --threads 10

Input dir: /var/folders/zg/vq0dnx517c54hg87dyqjky740000gn/T/.tmp7o7wQ0/tmp/
Minimizer length: 15
Kminmer length: 161
Density: 0.005

Loading unitig sequences

Creating mContigs

Contig filename: /var/folders/zg/vq0dnx517c54hg87dyqjky740000gn/T/.tmp7o7wQ0/tmp//unitig_data.txt


metaMDBG toMinspace  /var/folders/zg/vq0dnx517c54hg87dyqjky740000gn/T/.tmp7o7wQ0/tmp/ /var/folders/zg/vq0dnx517c54hg87dyqjky740000gn/T/.tmp7o7wQ0/tmp//assembly_graph.gfa.unitigs.nodepath /var/folders/zg/vq0dnx517c54hg87dyqjky740000gn/T/.tmp7o7wQ0/tmp//assembly_graph.gfa.unitigs --threads 10

Input dir: /var/folders/zg/vq0dnx517c54hg87dyqjky740000gn/T/.tmp7o7wQ0/tmp/
Minimizer length: 15
Kminmer length: 161
Density: 0.005

Loading unitig sequences

Creating mContigs

Contig filename: /var/folders/zg/vq0dnx517c54hg87dyqjky740000gn/T/.tmp7o7wQ0/tmp//assembly_graph.gfa.unitigs
pass done: 161
Multi-k pass: 162/206


metaMDBG graph /var/folders/zg/vq0dnx517c54hg87dyqjky740000gn/T/.tmp7o7wQ0/tmp/ --threads 10 --corrected-read 

Contig filename: 
Output dir: /var/folders/zg/vq0dnx517c54hg87dyqjky740000gn/T/.tmp7o7wQ0/tmp/
Minimizer length: 15
Kminmer length: 162
Density: 0.005
Min abundance: 0

Loading refined abundances
	Duration: 0
Collecting kminmers
Building mdbg
Duration: 0
Nb solid kminmers: 27992
Nb small contigs written: 0
Dump kminmer abundances
	Duration: 0
Indexing edges
Edge index size: 28100
Edge index elements: 52981
	Duration: 0
Compute unitig nodes
	Duration: 0
Index unitig edges
	Duration: 0
Compute unitig edges
	Duration: 0
Dump unitig abundances
	Duration: 0
Nb edges:   0


metaMDBG contig  /var/folders/zg/vq0dnx517c54hg87dyqjky740000gn/T/.tmp7o7wQ0/tmp/ --threads 10

Input dir: /var/folders/zg/vq0dnx517c54hg87dyqjky740000gn/T/.tmp7o7wQ0/tmp/
Minimizer length: 15
Kminmer length: 162
Density: 0.005

Loading unitig graph
Load unitigs
Nb unitigs: 330
Nb minimizers: 81122
Add unitig abundances
Sorting abundances
Add unitig edges
Nb unitig edges: 444
Sorting unitig edges
Done loading unitig graph
Simplifying
Max abundance: 40
Nb unitigs: 330
Superbubble
Nb superbubble removed: 0 0 (0s)
Tip
Nb Tip removed: 80 (0s)
Superbubble
Nb superbubble removed: 0 0 (0s)
Tip
Nb Tip removed: 0 (0s)
Nb errors removed: 63 (0s)
Superbubble
Nb superbubble removed: 0 0 (0s)
Tip
Nb Tip removed: 0 (0s)
Nb errors removed: 29 (0s)
Superbubble
Nb superbubble removed: 0 0 (0s)
Tip
Nb Tip removed: 0 (0s)
Nb errors removed: 19 (0s)
Superbubble
Nb superbubble removed: 0 0 (0s)
Tip
Nb Tip removed: 0 (0s)
Nb errors removed: 15 (0s)
Superbubble
Nb superbubble removed: 0 0 (0s)
Tip
Nb Tip removed: 0 (0s)
Nb errors removed: 9 (0s)
Superbubble
Nb superbubble removed: 0 0 (0s)
Tip
Nb Tip removed: 0 (0s)
Nb errors removed: 12 (0s)
Superbubble
Nb superbubble removed: 0 0 (0s)
Tip
Nb Tip removed: 0 (0s)
Nb errors removed: 10 (0s)
Superbubble
Nb superbubble removed: 0 0 (0s)
Tip
Nb Tip removed: 0 (0s)
Nb errors removed: 20 (0s)
Superbubble
Nb superbubble removed: 0 0 (0s)
Tip
Nb Tip removed: 0 (0s)
Nb errors removed: 13 (0s)
Superbubble
Nb superbubble removed: 0 0 (0s)
Tip
Nb Tip removed: 0 (0s)
Nb errors removed: 8 (0s)
Superbubble
Nb superbubble removed: 0 0 (0s)
Tip
Nb Tip removed: 0 (0s)
Nb errors removed: 14 (0s)
Superbubble
Nb superbubble removed: 0 0 (0s)
Tip
Nb Tip removed: 0 (0s)
Nb errors removed: 1 (0s)
Superbubble
Nb superbubble removed: 0 0 (0s)
Tip
Nb Tip removed: 0 (0s)
Nb errors removed: 1 (0s)
Superbubble
Nb superbubble removed: 0 0 (0s)
Tip
Nb Tip removed: 0 (0s)
Nb errors removed: 1 (0s)
Superbubble
Nb superbubble removed: 0 0 (0s)
Tip
Nb Tip removed: 0 (0s)
Nb errors removed: 11 (0s)
Superbubble
Nb superbubble removed: 0 0 (0s)
Tip
Nb Tip removed: 0 (0s)
Nb errors removed: 1 (0s)
Superbubble
Nb superbubble removed: 0 0 (0s)
Tip
Nb Tip removed: 0 (0s)
Checksum: 0
Checksum abundnace: 0
Generating contigs
41.1448
28.1025
23.2252
17.4494
14.421
13.11
11.9182
10.8347
9.84974
8.14028
7.40025
6.11591
5.05447
4.17725
3.13843
2.14359
0


metaMDBG toMinspace  /var/folders/zg/vq0dnx517c54hg87dyqjky740000gn/T/.tmp7o7wQ0/tmp/ /var/folders/zg/vq0dnx517c54hg87dyqjky740000gn/T/.tmp7o7wQ0/tmp//contigs.nodepath /var/folders/zg/vq0dnx517c54hg87dyqjky740000gn/T/.tmp7o7wQ0/tmp//unitig_data.txt --threads 10

Input dir: /var/folders/zg/vq0dnx517c54hg87dyqjky740000gn/T/.tmp7o7wQ0/tmp/
Minimizer length: 15
Kminmer length: 162
Density: 0.005

Loading unitig sequences

Creating mContigs

Contig filename: /var/folders/zg/vq0dnx517c54hg87dyqjky740000gn/T/.tmp7o7wQ0/tmp//unitig_data.txt
pass done: 162
Multi-k pass: 163/206


metaMDBG graph /var/folders/zg/vq0dnx517c54hg87dyqjky740000gn/T/.tmp7o7wQ0/tmp/ --threads 10 --corrected-read 

Contig filename: 
Output dir: /var/folders/zg/vq0dnx517c54hg87dyqjky740000gn/T/.tmp7o7wQ0/tmp/
Minimizer length: 15
Kminmer length: 163
Density: 0.005
Min abundance: 0

Loading refined abundances
	Duration: 0
Collecting kminmers
Building mdbg
Duration: 0
Nb solid kminmers: 27880
Nb small contigs written: 0
Dump kminmer abundances
	Duration: 0
Indexing edges
Edge index size: 27990
Edge index elements: 52678
	Duration: 0
Compute unitig nodes
	Duration: 0
Index unitig edges
	Duration: 0
Compute unitig edges
	Duration: 0
Dump unitig abundances
	Duration: 0
Nb edges:   0


metaMDBG contig  /var/folders/zg/vq0dnx517c54hg87dyqjky740000gn/T/.tmp7o7wQ0/tmp/ --threads 10

Input dir: /var/folders/zg/vq0dnx517c54hg87dyqjky740000gn/T/.tmp7o7wQ0/tmp/
Minimizer length: 15
Kminmer length: 163
Density: 0.005

Loading unitig graph
Load unitigs
Nb unitigs: 324
Nb minimizers: 80368
Add unitig abundances
Sorting abundances
Add unitig edges
Nb unitig edges: 428
Sorting unitig edges
Done loading unitig graph
Simplifying
Max abundance: 40
Nb unitigs: 324
Superbubble
Nb superbubble removed: 0 0 (0s)
Tip
Nb Tip removed: 77 (0s)
Superbubble
Nb superbubble removed: 0 0 (0s)
Tip
Nb Tip removed: 0 (0s)
Nb errors removed: 63 (0s)
Superbubble
Nb superbubble removed: 0 0 (0s)
Tip
Nb Tip removed: 0 (0s)
Nb errors removed: 29 (0s)
Superbubble
Nb superbubble removed: 0 0 (0s)
Tip
Nb Tip removed: 0 (0s)
Nb errors removed: 19 (0s)
Superbubble
Nb superbubble removed: 0 0 (0s)
Tip
Nb Tip removed: 0 (0s)
Nb errors removed: 15 (0s)
Superbubble
Nb superbubble removed: 0 0 (0s)
Tip
Nb Tip removed: 0 (0s)
Nb errors removed: 9 (0s)
Superbubble
Nb superbubble removed: 0 0 (0s)
Tip
Nb Tip removed: 0 (0s)
Nb errors removed: 12 (0s)
Superbubble
Nb superbubble removed: 0 0 (0s)
Tip
Nb Tip removed: 0 (0s)
Nb errors removed: 10 (0s)
Superbubble
Nb superbubble removed: 0 0 (0s)
Tip
Nb Tip removed: 0 (0s)
Nb errors removed: 21 (0s)
Superbubble
Nb superbubble removed: 0 0 (0s)
Tip
Nb Tip removed: 0 (0s)
Nb errors removed: 13 (0s)
Superbubble
Nb superbubble removed: 0 0 (0s)
Tip
Nb Tip removed: 0 (0s)
Nb errors removed: 6 (0s)
Superbubble
Nb superbubble removed: 0 0 (0s)
Tip
Nb Tip removed: 0 (0s)
Nb errors removed: 14 (0s)
Superbubble
Nb superbubble removed: 0 0 (0s)
Tip
Nb Tip removed: 0 (0s)
Nb errors removed: 1 (0s)
Superbubble
Nb superbubble removed: 0 0 (0s)
Tip
Nb Tip removed: 0 (0s)
Nb errors removed: 1 (0s)
Superbubble
Nb superbubble removed: 0 0 (0s)
Tip
Nb Tip removed: 0 (0s)
Nb errors removed: 1 (0s)
Superbubble
Nb superbubble removed: 0 0 (0s)
Tip
Nb Tip removed: 0 (0s)
Nb errors removed: 11 (0s)
Superbubble
Nb superbubble removed: 0 0 (0s)
Tip
Nb Tip removed: 0 (0s)
Nb errors removed: 1 (0s)
Superbubble
Nb superbubble removed: 0 0 (0s)
Tip
Nb Tip removed: 0 (0s)
Checksum: 0
Checksum abundnace: 0
Generating contigs
41.1448
28.1025
23.2252
17.4494
14.421
13.11
11.9182
10.8347
9.84974
8.14028
7.40025
6.11591
5.05447
4.17725
3.13843
2.14359
0


metaMDBG toMinspace  /var/folders/zg/vq0dnx517c54hg87dyqjky740000gn/T/.tmp7o7wQ0/tmp/ /var/folders/zg/vq0dnx517c54hg87dyqjky740000gn/T/.tmp7o7wQ0/tmp//contigs.nodepath /var/folders/zg/vq0dnx517c54hg87dyqjky740000gn/T/.tmp7o7wQ0/tmp//unitig_data.txt --threads 10

Input dir: /var/folders/zg/vq0dnx517c54hg87dyqjky740000gn/T/.tmp7o7wQ0/tmp/
Minimizer length: 15
Kminmer length: 163
Density: 0.005

Loading unitig sequences

Creating mContigs

Contig filename: /var/folders/zg/vq0dnx517c54hg87dyqjky740000gn/T/.tmp7o7wQ0/tmp//unitig_data.txt
pass done: 163
Multi-k pass: 164/206


metaMDBG graph /var/folders/zg/vq0dnx517c54hg87dyqjky740000gn/T/.tmp7o7wQ0/tmp/ --threads 10 --corrected-read 

Contig filename: 
Output dir: /var/folders/zg/vq0dnx517c54hg87dyqjky740000gn/T/.tmp7o7wQ0/tmp/
Minimizer length: 15
Kminmer length: 164
Density: 0.005
Min abundance: 0

Loading refined abundances
	Duration: 0
Collecting kminmers
Building mdbg
Duration: 0
Nb solid kminmers: 27769
Nb small contigs written: 0
Dump kminmer abundances
	Duration: 0
Indexing edges
Edge index size: 27875
Edge index elements: 52351
	Duration: 0
Compute unitig nodes
	Duration: 0
Index unitig edges
	Duration: 0
Compute unitig edges
	Duration: 0
Dump unitig abundances
	Duration: 0
Nb edges:   0


metaMDBG contig  /var/folders/zg/vq0dnx517c54hg87dyqjky740000gn/T/.tmp7o7wQ0/tmp/ --threads 10

Input dir: /var/folders/zg/vq0dnx517c54hg87dyqjky740000gn/T/.tmp7o7wQ0/tmp/
Minimizer length: 15
Kminmer length: 164
Density: 0.005

Loading unitig graph
Load unitigs
Nb unitigs: 318
Nb minimizers: 79603
Add unitig abundances
Sorting abundances
Add unitig edges
Nb unitig edges: 424
Sorting unitig edges
Done loading unitig graph
Simplifying
Max abundance: 40
Nb unitigs: 318
Superbubble
Nb superbubble removed: 0 0 (0s)
Tip
Nb Tip removed: 76 (0s)
Superbubble
Nb superbubble removed: 0 0 (0s)
Tip
Nb Tip removed: 0 (0s)
Nb errors removed: 61 (0s)
Superbubble
Nb superbubble removed: 0 0 (0s)
Tip
Nb Tip removed: 0 (0s)
Nb errors removed: 29 (0s)
Superbubble
Nb superbubble removed: 0 0 (0s)
Tip
Nb Tip removed: 0 (0s)
Nb errors removed: 19 (0s)
Superbubble
Nb superbubble removed: 0 0 (0s)
Tip
Nb Tip removed: 0 (0s)
Nb errors removed: 14 (0s)
Superbubble
Nb superbubble removed: 0 0 (0s)
Tip
Nb Tip removed: 0 (0s)
Nb errors removed: 8 (0s)
Superbubble
Nb superbubble removed: 0 0 (0s)
Tip
Nb Tip removed: 0 (0s)
Nb errors removed: 12 (0s)
Superbubble
Nb superbubble removed: 0 0 (0s)
Tip
Nb Tip removed: 0 (0s)
Nb errors removed: 10 (0s)
Superbubble
Nb superbubble removed: 0 0 (0s)
Tip
Nb Tip removed: 0 (0s)
Nb errors removed: 20 (0s)
Superbubble
Nb superbubble removed: 0 0 (0s)
Tip
Nb Tip removed: 0 (0s)
Nb errors removed: 13 (0s)
Superbubble
Nb superbubble removed: 0 0 (0s)
Tip
Nb Tip removed: 0 (0s)
Nb errors removed: 6 (0s)
Superbubble
Nb superbubble removed: 0 0 (0s)
Tip
Nb Tip removed: 0 (0s)
Nb errors removed: 14 (0s)
Superbubble
Nb superbubble removed: 0 0 (0s)
Tip
Nb Tip removed: 0 (0s)
Nb errors removed: 1 (0s)
Superbubble
Nb superbubble removed: 0 0 (0s)
Tip
Nb Tip removed: 0 (0s)
Nb errors removed: 1 (0s)
Superbubble
Nb superbubble removed: 0 0 (0s)
Tip
Nb Tip removed: 0 (0s)
Nb errors removed: 1 (0s)
Superbubble
Nb superbubble removed: 0 0 (0s)
Tip
Nb Tip removed: 0 (0s)
Nb errors removed: 10 (0s)
Superbubble
Nb superbubble removed: 0 0 (0s)
Tip
Nb Tip removed: 0 (0s)
Nb errors removed: 1 (0s)
Superbubble
Nb superbubble removed: 0 0 (0s)
Tip
Nb Tip removed: 0 (0s)
Checksum: 0
Checksum abundnace: 0
Generating contigs
41.1448
28.1025
23.2252
17.4494
14.421
13.11
11.9182
10.8347
9.84974
8.14028
7.40025
6.11591
5.05447
4.17725
3.13843
2.14359
0


metaMDBG toMinspace  /var/folders/zg/vq0dnx517c54hg87dyqjky740000gn/T/.tmp7o7wQ0/tmp/ /var/folders/zg/vq0dnx517c54hg87dyqjky740000gn/T/.tmp7o7wQ0/tmp//contigs.nodepath /var/folders/zg/vq0dnx517c54hg87dyqjky740000gn/T/.tmp7o7wQ0/tmp//unitig_data.txt --threads 10

Input dir: /var/folders/zg/vq0dnx517c54hg87dyqjky740000gn/T/.tmp7o7wQ0/tmp/
Minimizer length: 15
Kminmer length: 164
Density: 0.005

Loading unitig sequences

Creating mContigs

Contig filename: /var/folders/zg/vq0dnx517c54hg87dyqjky740000gn/T/.tmp7o7wQ0/tmp//unitig_data.txt
pass done: 164
Multi-k pass: 165/206


metaMDBG graph /var/folders/zg/vq0dnx517c54hg87dyqjky740000gn/T/.tmp7o7wQ0/tmp/ --threads 10 --corrected-read 

Contig filename: 
Output dir: /var/folders/zg/vq0dnx517c54hg87dyqjky740000gn/T/.tmp7o7wQ0/tmp/
Minimizer length: 15
Kminmer length: 165
Density: 0.005
Min abundance: 0

Loading refined abundances
	Duration: 0
Collecting kminmers
Building mdbg
Duration: 0
Nb solid kminmers: 27662
Nb small contigs written: 0
Dump kminmer abundances
	Duration: 0
Indexing edges
Edge index size: 27768
Edge index elements: 52118
	Duration: 0
Compute unitig nodes
	Duration: 0
Index unitig edges
	Duration: 0
Compute unitig edges
	Duration: 0
Dump unitig abundances
	Duration: 0
Nb edges:   0


metaMDBG contig  /var/folders/zg/vq0dnx517c54hg87dyqjky740000gn/T/.tmp7o7wQ0/tmp/ --threads 10

Input dir: /var/folders/zg/vq0dnx517c54hg87dyqjky740000gn/T/.tmp7o7wQ0/tmp/
Minimizer length: 15
Kminmer length: 165
Density: 0.005

Loading unitig graph
Load unitigs
Nb unitigs: 316
Nb minimizers: 79486
Add unitig abundances
Sorting abundances
Add unitig edges
Nb unitig edges: 420
Sorting unitig edges
Done loading unitig graph
Simplifying
Max abundance: 40
Nb unitigs: 316
Superbubble
Nb superbubble removed: 0 0 (0s)
Tip
Nb Tip removed: 75 (0s)
Superbubble
Nb superbubble removed: 0 0 (0s)
Tip
Nb Tip removed: 0 (0s)
Nb errors removed: 61 (0s)
Superbubble
Nb superbubble removed: 0 0 (0s)
Tip
Nb Tip removed: 0 (0s)
Nb errors removed: 29 (0s)
Superbubble
Nb superbubble removed: 0 0 (0s)
Tip
Nb Tip removed: 0 (0s)
Nb errors removed: 19 (0s)
Superbubble
Nb superbubble removed: 0 0 (0s)
Tip
Nb Tip removed: 0 (0s)
Nb errors removed: 14 (0s)
Superbubble
Nb superbubble removed: 0 0 (0s)
Tip
Nb Tip removed: 0 (0s)
Nb errors removed: 8 (0s)
Superbubble
Nb superbubble removed: 0 0 (0s)
Tip
Nb Tip removed: 0 (0s)
Nb errors removed: 12 (0s)
Superbubble
Nb superbubble removed: 0 0 (0s)
Tip
Nb Tip removed: 0 (0s)
Nb errors removed: 10 (0s)
Superbubble
Nb superbubble removed: 0 0 (0s)
Tip
Nb Tip removed: 0 (0s)
Nb errors removed: 19 (0s)
Superbubble
Nb superbubble removed: 0 0 (0s)
Tip
Nb Tip removed: 0 (0s)
Nb errors removed: 13 (0s)
Superbubble
Nb superbubble removed: 0 0 (0s)
Tip
Nb Tip removed: 0 (0s)
Nb errors removed: 6 (0s)
Superbubble
Nb superbubble removed: 0 0 (0s)
Tip
Nb Tip removed: 0 (0s)
Nb errors removed: 14 (0s)
Superbubble
Nb superbubble removed: 0 0 (0s)
Tip
Nb Tip removed: 0 (0s)
Nb errors removed: 1 (0s)
Superbubble
Nb superbubble removed: 0 0 (0s)
Tip
Nb Tip removed: 0 (0s)
Nb errors removed: 1 (0s)
Superbubble
Nb superbubble removed: 0 0 (0s)
Tip
Nb Tip removed: 0 (0s)
Nb errors removed: 1 (0s)
Superbubble
Nb superbubble removed: 0 0 (0s)
Tip
Nb Tip removed: 0 (0s)
Nb errors removed: 10 (0s)
Superbubble
Nb superbubble removed: 0 0 (0s)
Tip
Nb Tip removed: 0 (0s)
Nb errors removed: 1 (0s)
Superbubble
Nb superbubble removed: 0 0 (0s)
Tip
Nb Tip removed: 0 (0s)
Checksum: 0
Checksum abundnace: 0
Generating contigs
41.1448
28.1025
23.2252
17.4494
14.421
13.11
11.9182
10.8347
9.84974
8.14028
7.40025
6.11591
5.05447
4.17725
3.13843
2.14359
0


metaMDBG toMinspace  /var/folders/zg/vq0dnx517c54hg87dyqjky740000gn/T/.tmp7o7wQ0/tmp/ /var/folders/zg/vq0dnx517c54hg87dyqjky740000gn/T/.tmp7o7wQ0/tmp//contigs.nodepath /var/folders/zg/vq0dnx517c54hg87dyqjky740000gn/T/.tmp7o7wQ0/tmp//unitig_data.txt --threads 10

Input dir: /var/folders/zg/vq0dnx517c54hg87dyqjky740000gn/T/.tmp7o7wQ0/tmp/
Minimizer length: 15
Kminmer length: 165
Density: 0.005

Loading unitig sequences

Creating mContigs

Contig filename: /var/folders/zg/vq0dnx517c54hg87dyqjky740000gn/T/.tmp7o7wQ0/tmp//unitig_data.txt
pass done: 165
Multi-k pass: 166/206


metaMDBG graph /var/folders/zg/vq0dnx517c54hg87dyqjky740000gn/T/.tmp7o7wQ0/tmp/ --threads 10 --corrected-read 

Contig filename: 
Output dir: /var/folders/zg/vq0dnx517c54hg87dyqjky740000gn/T/.tmp7o7wQ0/tmp/
Minimizer length: 15
Kminmer length: 166
Density: 0.005
Min abundance: 0

Loading refined abundances
	Duration: 0
Collecting kminmers
Building mdbg
Duration: 0
Nb solid kminmers: 27553
Nb small contigs written: 0
Dump kminmer abundances
	Duration: 0
Indexing edges
Edge index size: 27659
Edge index elements: 51959
	Duration: 0
Compute unitig nodes
	Duration: 0
Index unitig edges
	Duration: 0
Compute unitig edges
	Duration: 0
Dump unitig abundances
	Duration: 0
Nb edges:   0


metaMDBG contig  /var/folders/zg/vq0dnx517c54hg87dyqjky740000gn/T/.tmp7o7wQ0/tmp/ --threads 10

Input dir: /var/folders/zg/vq0dnx517c54hg87dyqjky740000gn/T/.tmp7o7wQ0/tmp/
Minimizer length: 15
Kminmer length: 166
Density: 0.005

Loading unitig graph
Load unitigs
Nb unitigs: 309
Nb minimizers: 78538
Add unitig abundances
Sorting abundances
Add unitig edges
Nb unitig edges: 408
Sorting unitig edges
Done loading unitig graph
Simplifying
Max abundance: 40
Nb unitigs: 309
Superbubble
Nb superbubble removed: 0 0 (0s)
Tip
Nb Tip removed: 72 (0s)
Superbubble
Nb superbubble removed: 0 0 (0s)
Tip
Nb Tip removed: 0 (0s)
Nb errors removed: 59 (0s)
Superbubble
Nb superbubble removed: 0 0 (0s)
Tip
Nb Tip removed: 0 (0s)
Nb errors removed: 29 (0s)
Superbubble
Nb superbubble removed: 0 0 (0s)
Tip
Nb Tip removed: 0 (0s)
Nb errors removed: 19 (0s)
Superbubble
Nb superbubble removed: 0 0 (0s)
Tip
Nb Tip removed: 0 (0s)
Nb errors removed: 14 (0s)
Superbubble
Nb superbubble removed: 0 0 (0s)
Tip
Nb Tip removed: 0 (0s)
Nb errors removed: 8 (0s)
Superbubble
Nb superbubble removed: 0 0 (0s)
Tip
Nb Tip removed: 0 (0s)
Nb errors removed: 12 (0s)
Superbubble
Nb superbubble removed: 0 0 (0s)
Tip
Nb Tip removed: 0 (0s)
Nb errors removed: 10 (0s)
Superbubble
Nb superbubble removed: 0 0 (0s)
Tip
Nb Tip removed: 0 (0s)
Nb errors removed: 19 (0s)
Superbubble
Nb superbubble removed: 0 0 (0s)
Tip
Nb Tip removed: 0 (0s)
Nb errors removed: 13 (0s)
Superbubble
Nb superbubble removed: 0 0 (0s)
Tip
Nb Tip removed: 0 (0s)
Nb errors removed: 6 (0s)
Superbubble
Nb superbubble removed: 0 0 (0s)
Tip
Nb Tip removed: 0 (0s)
Nb errors removed: 13 (0s)
Superbubble
Nb superbubble removed: 0 0 (0s)
Tip
Nb Tip removed: 0 (0s)
Nb errors removed: 1 (0s)
Superbubble
Nb superbubble removed: 0 0 (0s)
Tip
Nb Tip removed: 0 (0s)
Nb errors removed: 1 (0s)
Superbubble
Nb superbubble removed: 0 0 (0s)
Tip
Nb Tip removed: 0 (0s)
Nb errors removed: 1 (0s)
Superbubble
Nb superbubble removed: 0 0 (0s)
Tip
Nb Tip removed: 0 (0s)
Nb errors removed: 10 (0s)
Superbubble
Nb superbubble removed: 0 0 (0s)
Tip
Nb Tip removed: 0 (0s)
Nb errors removed: 1 (0s)
Superbubble
Nb superbubble removed: 0 0 (0s)
Tip
Nb Tip removed: 0 (0s)
Checksum: 0
Checksum abundnace: 0
Generating contigs
41.1448
28.1025
23.2252
17.4494
14.421
13.11
11.9182
10.8347
9.84974
8.14028
7.40025
6.11591
5.05447
4.17725
3.13843
2.14359
0


metaMDBG toMinspace  /var/folders/zg/vq0dnx517c54hg87dyqjky740000gn/T/.tmp7o7wQ0/tmp/ /var/folders/zg/vq0dnx517c54hg87dyqjky740000gn/T/.tmp7o7wQ0/tmp//contigs.nodepath /var/folders/zg/vq0dnx517c54hg87dyqjky740000gn/T/.tmp7o7wQ0/tmp//unitig_data.txt --threads 10

Input dir: /var/folders/zg/vq0dnx517c54hg87dyqjky740000gn/T/.tmp7o7wQ0/tmp/
Minimizer length: 15
Kminmer length: 166
Density: 0.005

Loading unitig sequences

Creating mContigs

Contig filename: /var/folders/zg/vq0dnx517c54hg87dyqjky740000gn/T/.tmp7o7wQ0/tmp//unitig_data.txt
pass done: 166
Multi-k pass: 167/206


metaMDBG graph /var/folders/zg/vq0dnx517c54hg87dyqjky740000gn/T/.tmp7o7wQ0/tmp/ --threads 10 --corrected-read 

Contig filename: 
Output dir: /var/folders/zg/vq0dnx517c54hg87dyqjky740000gn/T/.tmp7o7wQ0/tmp/
Minimizer length: 15
Kminmer length: 167
Density: 0.005
Min abundance: 0

Loading refined abundances
	Duration: 0
Collecting kminmers
Building mdbg
Duration: 0
Nb solid kminmers: 27445
Nb small contigs written: 0
Dump kminmer abundances
	Duration: 0
Indexing edges
Edge index size: 27551
Edge index elements: 51709
	Duration: 0
Compute unitig nodes
	Duration: 0
Index unitig edges
	Duration: 0
Compute unitig edges
	Duration: 0
Dump unitig abundances
	Duration: 0
Nb edges:   0


metaMDBG contig  /var/folders/zg/vq0dnx517c54hg87dyqjky740000gn/T/.tmp7o7wQ0/tmp/ --threads 10

Input dir: /var/folders/zg/vq0dnx517c54hg87dyqjky740000gn/T/.tmp7o7wQ0/tmp/
Minimizer length: 15
Kminmer length: 167
Density: 0.005

Loading unitig graph
Load unitigs
Nb unitigs: 304
Nb minimizers: 77909
Add unitig abundances
Sorting abundances
Add unitig edges
Nb unitig edges: 396
Sorting unitig edges
Done loading unitig graph
Simplifying
Max abundance: 40
Nb unitigs: 304
Superbubble
Nb superbubble removed: 0 0 (0s)
Tip
Nb Tip removed: 70 (0s)
Superbubble
Nb superbubble removed: 0 0 (0s)
Tip
Nb Tip removed: 0 (0s)
Nb errors removed: 58 (0s)
Superbubble
Nb superbubble removed: 0 0 (0s)
Tip
Nb Tip removed: 0 (0s)
Nb errors removed: 29 (0s)
Superbubble
Nb superbubble removed: 0 0 (0s)
Tip
Nb Tip removed: 0 (0s)
Nb errors removed: 18 (0s)
Superbubble
Nb superbubble removed: 0 0 (0s)
Tip
Nb Tip removed: 0 (0s)
Nb errors removed: 14 (0s)
Superbubble
Nb superbubble removed: 0 0 (0s)
Tip
Nb Tip removed: 0 (0s)
Nb errors removed: 8 (0s)
Superbubble
Nb superbubble removed: 0 0 (0s)
Tip
Nb Tip removed: 0 (0s)
Nb errors removed: 11 (0s)
Superbubble
Nb superbubble removed: 0 0 (0s)
Tip
Nb Tip removed: 0 (0s)
Nb errors removed: 10 (0s)
Superbubble
Nb superbubble removed: 0 0 (0s)
Tip
Nb Tip removed: 0 (0s)
Nb errors removed: 19 (0s)
Superbubble
Nb superbubble removed: 0 0 (0s)
Tip
Nb Tip removed: 0 (0s)
Nb errors removed: 13 (0s)
Superbubble
Nb superbubble removed: 0 0 (0s)
Tip
Nb Tip removed: 0 (0s)
Nb errors removed: 6 (0s)
Superbubble
Nb superbubble removed: 0 0 (0s)
Tip
Nb Tip removed: 0 (0s)
Nb errors removed: 13 (0s)
Superbubble
Nb superbubble removed: 0 0 (0s)
Tip
Nb Tip removed: 0 (0s)
Nb errors removed: 1 (0s)
Superbubble
Nb superbubble removed: 0 0 (0s)
Tip
Nb Tip removed: 0 (0s)
Nb errors removed: 1 (0s)
Superbubble
Nb superbubble removed: 0 0 (0s)
Tip
Nb Tip removed: 0 (0s)
Nb errors removed: 1 (0s)
Superbubble
Nb superbubble removed: 0 0 (0s)
Tip
Nb Tip removed: 0 (0s)
Nb errors removed: 9 (0s)
Superbubble
Nb superbubble removed: 0 0 (0s)
Tip
Nb Tip removed: 0 (0s)
Nb errors removed: 1 (0s)
Superbubble
Nb superbubble removed: 0 0 (0s)
Tip
Nb Tip removed: 0 (0s)
Checksum: 0
Checksum abundnace: 0
Generating contigs
41.1448
28.1025
23.2252
17.4494
14.421
13.11
11.9182
10.8347
9.84974
8.14028
7.40025
6.11591
5.05447
4.17725
3.13843
2.14359
0


metaMDBG toMinspace  /var/folders/zg/vq0dnx517c54hg87dyqjky740000gn/T/.tmp7o7wQ0/tmp/ /var/folders/zg/vq0dnx517c54hg87dyqjky740000gn/T/.tmp7o7wQ0/tmp//contigs.nodepath /var/folders/zg/vq0dnx517c54hg87dyqjky740000gn/T/.tmp7o7wQ0/tmp//unitig_data.txt --threads 10

Input dir: /var/folders/zg/vq0dnx517c54hg87dyqjky740000gn/T/.tmp7o7wQ0/tmp/
Minimizer length: 15
Kminmer length: 167
Density: 0.005

Loading unitig sequences

Creating mContigs

Contig filename: /var/folders/zg/vq0dnx517c54hg87dyqjky740000gn/T/.tmp7o7wQ0/tmp//unitig_data.txt
pass done: 167
Multi-k pass: 168/206


metaMDBG graph /var/folders/zg/vq0dnx517c54hg87dyqjky740000gn/T/.tmp7o7wQ0/tmp/ --threads 10 --corrected-read 

Contig filename: 
Output dir: /var/folders/zg/vq0dnx517c54hg87dyqjky740000gn/T/.tmp7o7wQ0/tmp/
Minimizer length: 15
Kminmer length: 168
Density: 0.005
Min abundance: 0

Loading refined abundances
	Duration: 0
Collecting kminmers
Building mdbg
Duration: 0
Nb solid kminmers: 27338
Nb small contigs written: 0
Dump kminmer abundances
	Duration: 0
Indexing edges
Edge index size: 27444
Edge index elements: 51405
	Duration: 0
Compute unitig nodes
	Duration: 0
Index unitig edges
	Duration: 0
Compute unitig edges
	Duration: 0
Dump unitig abundances
	Duration: 0
Nb edges:   0


metaMDBG contig  /var/folders/zg/vq0dnx517c54hg87dyqjky740000gn/T/.tmp7o7wQ0/tmp/ --threads 10

Input dir: /var/folders/zg/vq0dnx517c54hg87dyqjky740000gn/T/.tmp7o7wQ0/tmp/
Minimizer length: 15
Kminmer length: 168
Density: 0.005

Loading unitig graph
Load unitigs
Nb unitigs: 302
Nb minimizers: 77772
Add unitig abundances
Sorting abundances
Add unitig edges
Nb unitig edges: 392
Sorting unitig edges
Done loading unitig graph
Simplifying
Max abundance: 40
Nb unitigs: 302
Superbubble
Nb superbubble removed: 0 0 (0s)
Tip
Nb Tip removed: 68 (0s)
Superbubble
Nb superbubble removed: 0 0 (0s)
Tip
Nb Tip removed: 0 (0s)
Nb errors removed: 58 (0s)
Superbubble
Nb superbubble removed: 0 0 (0s)
Tip
Nb Tip removed: 0 (0s)
Nb errors removed: 29 (0s)
Superbubble
Nb superbubble removed: 0 0 (0s)
Tip
Nb Tip removed: 0 (0s)
Nb errors removed: 17 (0s)
Superbubble
Nb superbubble removed: 0 0 (0s)
Tip
Nb Tip removed: 0 (0s)
Nb errors removed: 14 (0s)
Superbubble
Nb superbubble removed: 0 0 (0s)
Tip
Nb Tip removed: 0 (0s)
Nb errors removed: 8 (0s)
Superbubble
Nb superbubble removed: 0 0 (0s)
Tip
Nb Tip removed: 0 (0s)
Nb errors removed: 11 (0s)
Superbubble
Nb superbubble removed: 0 0 (0s)
Tip
Nb Tip removed: 0 (0s)
Nb errors removed: 10 (0s)
Superbubble
Nb superbubble removed: 0 0 (0s)
Tip
Nb Tip removed: 0 (0s)
Nb errors removed: 18 (0s)
Superbubble
Nb superbubble removed: 0 0 (0s)
Tip
Nb Tip removed: 0 (0s)
Nb errors removed: 13 (0s)
Superbubble
Nb superbubble removed: 0 0 (0s)
Tip
Nb Tip removed: 0 (0s)
Nb errors removed: 6 (0s)
Superbubble
Nb superbubble removed: 0 0 (0s)
Tip
Nb Tip removed: 0 (0s)
Nb errors removed: 13 (0s)
Superbubble
Nb superbubble removed: 0 0 (0s)
Tip
Nb Tip removed: 0 (0s)
Nb errors removed: 1 (0s)
Superbubble
Nb superbubble removed: 0 0 (0s)
Tip
Nb Tip removed: 0 (0s)
Nb errors removed: 1 (0s)
Superbubble
Nb superbubble removed: 0 0 (0s)
Tip
Nb Tip removed: 0 (0s)
Nb errors removed: 1 (0s)
Superbubble
Nb superbubble removed: 0 0 (0s)
Tip
Nb Tip removed: 0 (0s)
Nb errors removed: 9 (0s)
Superbubble
Nb superbubble removed: 0 0 (0s)
Tip
Nb Tip removed: 0 (0s)
Nb errors removed: 1 (0s)
Superbubble
Nb superbubble removed: 0 0 (0s)
Tip
Nb Tip removed: 0 (0s)
Checksum: 0
Checksum abundnace: 0
Generating contigs
41.1448
28.1025
23.2252
17.4494
14.421
13.11
11.9182
10.8347
9.84974
8.14028
7.40025
6.11591
5.05447
4.17725
3.13843
2.14359
0


metaMDBG toMinspace  /var/folders/zg/vq0dnx517c54hg87dyqjky740000gn/T/.tmp7o7wQ0/tmp/ /var/folders/zg/vq0dnx517c54hg87dyqjky740000gn/T/.tmp7o7wQ0/tmp//contigs.nodepath /var/folders/zg/vq0dnx517c54hg87dyqjky740000gn/T/.tmp7o7wQ0/tmp//unitig_data.txt --threads 10

Input dir: /var/folders/zg/vq0dnx517c54hg87dyqjky740000gn/T/.tmp7o7wQ0/tmp/
Minimizer length: 15
Kminmer length: 168
Density: 0.005

Loading unitig sequences

Creating mContigs

Contig filename: /var/folders/zg/vq0dnx517c54hg87dyqjky740000gn/T/.tmp7o7wQ0/tmp//unitig_data.txt
pass done: 168
Multi-k pass: 169/206


metaMDBG graph /var/folders/zg/vq0dnx517c54hg87dyqjky740000gn/T/.tmp7o7wQ0/tmp/ --threads 10 --corrected-read 

Contig filename: 
Output dir: /var/folders/zg/vq0dnx517c54hg87dyqjky740000gn/T/.tmp7o7wQ0/tmp/
Minimizer length: 15
Kminmer length: 169
Density: 0.005
Min abundance: 0

Loading refined abundances
	Duration: 0
Collecting kminmers
Building mdbg
Duration: 0
Nb solid kminmers: 27230
Nb small contigs written: 0
Dump kminmer abundances
	Duration: 0
Indexing edges
Edge index size: 27334
Edge index elements: 51176
	Duration: 0
Compute unitig nodes
	Duration: 0
Index unitig edges
	Duration: 0
Compute unitig edges
	Duration: 0
Dump unitig abundances
	Duration: 0
Nb edges:   0


metaMDBG contig  /var/folders/zg/vq0dnx517c54hg87dyqjky740000gn/T/.tmp7o7wQ0/tmp/ --threads 10

Input dir: /var/folders/zg/vq0dnx517c54hg87dyqjky740000gn/T/.tmp7o7wQ0/tmp/
Minimizer length: 15
Kminmer length: 169
Density: 0.005

Loading unitig graph
Load unitigs
Nb unitigs: 295
Nb minimizers: 76790
Add unitig abundances
Sorting abundances
Add unitig edges
Nb unitig edges: 384
Sorting unitig edges
Done loading unitig graph
Simplifying
Max abundance: 40
Nb unitigs: 295
Superbubble
Nb superbubble removed: 0 0 (0s)
Tip
Nb Tip removed: 66 (0s)
Superbubble
Nb superbubble removed: 0 0 (0s)
Tip
Nb Tip removed: 0 (0s)
Nb errors removed: 57 (0s)
Superbubble
Nb superbubble removed: 0 0 (0s)
Tip
Nb Tip removed: 0 (0s)
Nb errors removed: 29 (0s)
Superbubble
Nb superbubble removed: 0 0 (0s)
Tip
Nb Tip removed: 0 (0s)
Nb errors removed: 17 (0s)
Superbubble
Nb superbubble removed: 0 0 (0s)
Tip
Nb Tip removed: 0 (0s)
Nb errors removed: 14 (0s)
Superbubble
Nb superbubble removed: 0 0 (0s)
Tip
Nb Tip removed: 0 (0s)
Nb errors removed: 7 (0s)
Superbubble
Nb superbubble removed: 0 0 (0s)
Tip
Nb Tip removed: 0 (0s)
Nb errors removed: 11 (0s)
Superbubble
Nb superbubble removed: 0 0 (0s)
Tip
Nb Tip removed: 0 (0s)
Nb errors removed: 9 (0s)
Superbubble
Nb superbubble removed: 0 0 (0s)
Tip
Nb Tip removed: 0 (0s)
Nb errors removed: 18 (0s)
Superbubble
Nb superbubble removed: 0 0 (0s)
Tip
Nb Tip removed: 0 (0s)
Nb errors removed: 13 (0s)
Superbubble
Nb superbubble removed: 0 0 (0s)
Tip
Nb Tip removed: 0 (0s)
Nb errors removed: 6 (0s)
Superbubble
Nb superbubble removed: 0 0 (0s)
Tip
Nb Tip removed: 0 (0s)
Nb errors removed: 13 (0s)
Superbubble
Nb superbubble removed: 0 0 (0s)
Tip
Nb Tip removed: 0 (0s)
Nb errors removed: 1 (0s)
Superbubble
Nb superbubble removed: 0 0 (0s)
Tip
Nb Tip removed: 0 (0s)
Nb errors removed: 1 (0s)
Superbubble
Nb superbubble removed: 0 0 (0s)
Tip
Nb Tip removed: 0 (0s)
Nb errors removed: 1 (0s)
Superbubble
Nb superbubble removed: 0 0 (0s)
Tip
Nb Tip removed: 0 (0s)
Nb errors removed: 9 (0s)
Superbubble
Nb superbubble removed: 0 0 (0s)
Tip
Nb Tip removed: 0 (0s)
Nb errors removed: 1 (0s)
Superbubble
Nb superbubble removed: 0 0 (0s)
Tip
Nb Tip removed: 0 (0s)
Checksum: 0
Checksum abundnace: 0
Generating contigs
41.1448
28.1025
23.2252
17.4494
14.421
13.11
11.9182
10.8347
9.84974
8.14028
7.40025
6.11591
5.05447
4.17725
3.13843
2.14359
0


metaMDBG toMinspace  /var/folders/zg/vq0dnx517c54hg87dyqjky740000gn/T/.tmp7o7wQ0/tmp/ /var/folders/zg/vq0dnx517c54hg87dyqjky740000gn/T/.tmp7o7wQ0/tmp//contigs.nodepath /var/folders/zg/vq0dnx517c54hg87dyqjky740000gn/T/.tmp7o7wQ0/tmp//unitig_data.txt --threads 10

Input dir: /var/folders/zg/vq0dnx517c54hg87dyqjky740000gn/T/.tmp7o7wQ0/tmp/
Minimizer length: 15
Kminmer length: 169
Density: 0.005

Loading unitig sequences

Creating mContigs

Contig filename: /var/folders/zg/vq0dnx517c54hg87dyqjky740000gn/T/.tmp7o7wQ0/tmp//unitig_data.txt
pass done: 169
Multi-k pass: 170/206


metaMDBG graph /var/folders/zg/vq0dnx517c54hg87dyqjky740000gn/T/.tmp7o7wQ0/tmp/ --threads 10 --corrected-read 

Contig filename: 
Output dir: /var/folders/zg/vq0dnx517c54hg87dyqjky740000gn/T/.tmp7o7wQ0/tmp/
Minimizer length: 15
Kminmer length: 170
Density: 0.005
Min abundance: 0

Loading refined abundances
	Duration: 0
Collecting kminmers
Building mdbg
Duration: 0
Nb solid kminmers: 27119
Nb small contigs written: 0
Dump kminmer abundances
	Duration: 0
Indexing edges
Edge index size: 27227
Edge index elements: 51100
	Duration: 0
Compute unitig nodes
	Duration: 0
Index unitig edges
	Duration: 0
Compute unitig edges
	Duration: 0
Dump unitig abundances
	Duration: 0
Nb edges:   0


metaMDBG contig  /var/folders/zg/vq0dnx517c54hg87dyqjky740000gn/T/.tmp7o7wQ0/tmp/ --threads 10

Input dir: /var/folders/zg/vq0dnx517c54hg87dyqjky740000gn/T/.tmp7o7wQ0/tmp/
Minimizer length: 15
Kminmer length: 170
Density: 0.005

Loading unitig graph
Load unitigs
Nb unitigs: 285
Nb minimizers: 75284
Add unitig abundances
Sorting abundances
Add unitig edges
Nb unitig edges: 356
Sorting unitig edges
Done loading unitig graph
Simplifying
Max abundance: 40
Nb unitigs: 285
Superbubble
Nb superbubble removed: 0 0 (0s)
Tip
Nb Tip removed: 62 (0s)
Superbubble
Nb superbubble removed: 0 0 (0s)
Tip
Nb Tip removed: 0 (0s)
Nb errors removed: 55 (0s)
Superbubble
Nb superbubble removed: 0 0 (0s)
Tip
Nb Tip removed: 0 (0s)
Nb errors removed: 27 (0s)
Superbubble
Nb superbubble removed: 0 0 (0s)
Tip
Nb Tip removed: 0 (0s)
Nb errors removed: 17 (0s)
Superbubble
Nb superbubble removed: 0 0 (0s)
Tip
Nb Tip removed: 0 (0s)
Nb errors removed: 14 (0s)
Superbubble
Nb superbubble removed: 0 0 (0s)
Tip
Nb Tip removed: 0 (0s)
Nb errors removed: 7 (0s)
Superbubble
Nb superbubble removed: 0 0 (0s)
Tip
Nb Tip removed: 0 (0s)
Nb errors removed: 11 (0s)
Superbubble
Nb superbubble removed: 0 0 (0s)
Tip
Nb Tip removed: 0 (0s)
Nb errors removed: 9 (0s)
Superbubble
Nb superbubble removed: 0 0 (0s)
Tip
Nb Tip removed: 0 (0s)
Nb errors removed: 18 (0s)
Superbubble
Nb superbubble removed: 0 0 (0s)
Tip
Nb Tip removed: 0 (0s)
Nb errors removed: 13 (0s)
Superbubble
Nb superbubble removed: 0 0 (0s)
Tip
Nb Tip removed: 0 (0s)
Nb errors removed: 6 (0s)
Superbubble
Nb superbubble removed: 0 0 (0s)
Tip
Nb Tip removed: 0 (0s)
Nb errors removed: 13 (0s)
Superbubble
Nb superbubble removed: 0 0 (0s)
Tip
Nb Tip removed: 0 (0s)
Nb errors removed: 1 (0s)
Superbubble
Nb superbubble removed: 0 0 (0s)
Tip
Nb Tip removed: 0 (0s)
Nb errors removed: 1 (0s)
Superbubble
Nb superbubble removed: 0 0 (0s)
Tip
Nb Tip removed: 0 (0s)
Nb errors removed: 1 (0s)
Superbubble
Nb superbubble removed: 0 0 (0s)
Tip
Nb Tip removed: 0 (0s)
Nb errors removed: 10 (0s)
Superbubble
Nb superbubble removed: 0 0 (0s)
Tip
Nb Tip removed: 0 (0s)
Nb errors removed: 1 (0s)
Superbubble
Nb superbubble removed: 0 0 (0s)
Tip
Nb Tip removed: 0 (0s)
Checksum: 0
Checksum abundnace: 0
Generating contigs
41.1448
28.1025
23.2252
17.4494
14.421
13.11
11.9182
10.8347
9.84974
8.14028
7.40025
6.11591
5.05447
4.17725
3.13843
2.14359
0


metaMDBG toMinspace  /var/folders/zg/vq0dnx517c54hg87dyqjky740000gn/T/.tmp7o7wQ0/tmp/ /var/folders/zg/vq0dnx517c54hg87dyqjky740000gn/T/.tmp7o7wQ0/tmp//contigs.nodepath /var/folders/zg/vq0dnx517c54hg87dyqjky740000gn/T/.tmp7o7wQ0/tmp//unitig_data.txt --threads 10

Input dir: /var/folders/zg/vq0dnx517c54hg87dyqjky740000gn/T/.tmp7o7wQ0/tmp/
Minimizer length: 15
Kminmer length: 170
Density: 0.005

Loading unitig sequences

Creating mContigs

Contig filename: /var/folders/zg/vq0dnx517c54hg87dyqjky740000gn/T/.tmp7o7wQ0/tmp//unitig_data.txt
pass done: 170
Multi-k pass: 171/206


metaMDBG graph /var/folders/zg/vq0dnx517c54hg87dyqjky740000gn/T/.tmp7o7wQ0/tmp/ --threads 10 --corrected-read 

Contig filename: 
Output dir: /var/folders/zg/vq0dnx517c54hg87dyqjky740000gn/T/.tmp7o7wQ0/tmp/
Minimizer length: 15
Kminmer length: 171
Density: 0.005
Min abundance: 0

Loading refined abundances
	Duration: 0
Collecting kminmers
Building mdbg
Duration: 0
Nb solid kminmers: 27010
Nb small contigs written: 0
Dump kminmer abundances
	Duration: 0
Indexing edges
Edge index size: 27115
Edge index elements: 50695
	Duration: 0
Compute unitig nodes
	Duration: 0
Index unitig edges
	Duration: 0
Compute unitig edges
	Duration: 0
Dump unitig abundances
	Duration: 0
Nb edges:   0


metaMDBG contig  /var/folders/zg/vq0dnx517c54hg87dyqjky740000gn/T/.tmp7o7wQ0/tmp/ --threads 10 --gen-graph 

Input dir: /var/folders/zg/vq0dnx517c54hg87dyqjky740000gn/T/.tmp7o7wQ0/tmp/
Minimizer length: 15
Kminmer length: 171
Density: 0.005

Loading unitig graph
Load unitigs
Nb unitigs: 279
Nb minimizers: 74440
Add unitig abundances
Sorting abundances
Add unitig edges
Nb unitig edges: 348
Sorting unitig edges
Done loading unitig graph
Simplifying
Max abundance: 40
Nb unitigs: 279
Superbubble
Nb superbubble removed: 0 0 (0s)
Tip
Nb Tip removed: 60 (0s)
Superbubble
Nb superbubble removed: 0 0 (0s)
Tip
Nb Tip removed: 0 (0s)
Saving unitig graph: /var/folders/zg/vq0dnx517c54hg87dyqjky740000gn/T/.tmp7o7wQ0/tmp//assembly_graph.gfa
Nb errors removed: 52 (0s)
Superbubble
Nb superbubble removed: 0 0 (0s)
Tip
Nb Tip removed: 0 (0s)
Nb errors removed: 26 (0s)
Superbubble
Nb superbubble removed: 0 0 (0s)
Tip
Nb Tip removed: 0 (0s)
Nb errors removed: 16 (0s)
Superbubble
Nb superbubble removed: 0 0 (0s)
Tip
Nb Tip removed: 0 (0s)
Nb errors removed: 14 (0s)
Superbubble
Nb superbubble removed: 0 0 (0s)
Tip
Nb Tip removed: 0 (0s)
Nb errors removed: 7 (0s)
Superbubble
Nb superbubble removed: 0 0 (0s)
Tip
Nb Tip removed: 0 (0s)
Nb errors removed: 11 (0s)
Superbubble
Nb superbubble removed: 0 0 (0s)
Tip
Nb Tip removed: 0 (0s)
Nb errors removed: 9 (0s)
Superbubble
Nb superbubble removed: 0 0 (0s)
Tip
Nb Tip removed: 0 (0s)
Nb errors removed: 18 (0s)
Superbubble
Nb superbubble removed: 0 0 (0s)
Tip
Nb Tip removed: 0 (0s)
Nb errors removed: 13 (0s)
Superbubble
Nb superbubble removed: 0 0 (0s)
Tip
Nb Tip removed: 0 (0s)
Nb errors removed: 6 (0s)
Superbubble
Nb superbubble removed: 0 0 (0s)
Tip
Nb Tip removed: 0 (0s)
Nb errors removed: 13 (0s)
Superbubble
Nb superbubble removed: 0 0 (0s)
Tip
Nb Tip removed: 0 (0s)
Nb errors removed: 1 (0s)
Superbubble
Nb superbubble removed: 0 0 (0s)
Tip
Nb Tip removed: 0 (0s)
Nb errors removed: 1 (0s)
Superbubble
Nb superbubble removed: 0 0 (0s)
Tip
Nb Tip removed: 0 (0s)
Nb errors removed: 1 (0s)
Superbubble
Nb superbubble removed: 0 0 (0s)
Tip
Nb Tip removed: 0 (0s)
Nb errors removed: 10 (0s)
Superbubble
Nb superbubble removed: 0 0 (0s)
Tip
Nb Tip removed: 0 (0s)
Nb errors removed: 1 (0s)
Superbubble
Nb superbubble removed: 0 0 (0s)
Tip
Nb Tip removed: 0 (0s)
Checksum: 0
Checksum abundnace: 0
Generating contigs
41.1448
28.1025
23.2252
17.4494
14.421
13.11
11.9182
10.8347
9.84974
8.14028
7.40025
6.11591
5.05447
4.17725
3.13843
2.14359
0


metaMDBG toMinspace  /var/folders/zg/vq0dnx517c54hg87dyqjky740000gn/T/.tmp7o7wQ0/tmp/ /var/folders/zg/vq0dnx517c54hg87dyqjky740000gn/T/.tmp7o7wQ0/tmp//contigs.nodepath /var/folders/zg/vq0dnx517c54hg87dyqjky740000gn/T/.tmp7o7wQ0/tmp//unitig_data.txt --threads 10

Input dir: /var/folders/zg/vq0dnx517c54hg87dyqjky740000gn/T/.tmp7o7wQ0/tmp/
Minimizer length: 15
Kminmer length: 171
Density: 0.005

Loading unitig sequences

Creating mContigs

Contig filename: /var/folders/zg/vq0dnx517c54hg87dyqjky740000gn/T/.tmp7o7wQ0/tmp//unitig_data.txt


metaMDBG toMinspace  /var/folders/zg/vq0dnx517c54hg87dyqjky740000gn/T/.tmp7o7wQ0/tmp/ /var/folders/zg/vq0dnx517c54hg87dyqjky740000gn/T/.tmp7o7wQ0/tmp//assembly_graph.gfa.unitigs.nodepath /var/folders/zg/vq0dnx517c54hg87dyqjky740000gn/T/.tmp7o7wQ0/tmp//assembly_graph.gfa.unitigs --threads 10

Input dir: /var/folders/zg/vq0dnx517c54hg87dyqjky740000gn/T/.tmp7o7wQ0/tmp/
Minimizer length: 15
Kminmer length: 171
Density: 0.005

Loading unitig sequences

Creating mContigs

Contig filename: /var/folders/zg/vq0dnx517c54hg87dyqjky740000gn/T/.tmp7o7wQ0/tmp//assembly_graph.gfa.unitigs
pass done: 171
Multi-k pass: 172/206


metaMDBG graph /var/folders/zg/vq0dnx517c54hg87dyqjky740000gn/T/.tmp7o7wQ0/tmp/ --threads 10 --corrected-read 

Contig filename: 
Output dir: /var/folders/zg/vq0dnx517c54hg87dyqjky740000gn/T/.tmp7o7wQ0/tmp/
Minimizer length: 15
Kminmer length: 172
Density: 0.005
Min abundance: 0

Loading refined abundances
	Duration: 0
Collecting kminmers
Building mdbg
Duration: 0
Nb solid kminmers: 26904
Nb small contigs written: 0
Dump kminmer abundances
	Duration: 0
Indexing edges
Edge index size: 27009
Edge index elements: 50465
	Duration: 0
Compute unitig nodes
	Duration: 0
Index unitig edges
	Duration: 0
Compute unitig edges
	Duration: 0
Dump unitig abundances
	Duration: 0
Nb edges:   0


metaMDBG contig  /var/folders/zg/vq0dnx517c54hg87dyqjky740000gn/T/.tmp7o7wQ0/tmp/ --threads 10

Input dir: /var/folders/zg/vq0dnx517c54hg87dyqjky740000gn/T/.tmp7o7wQ0/tmp/
Minimizer length: 15
Kminmer length: 172
Density: 0.005

Loading unitig graph
Load unitigs
Nb unitigs: 276
Nb minimizers: 74100
Add unitig abundances
Sorting abundances
Add unitig edges
Nb unitig edges: 344
Sorting unitig edges
Done loading unitig graph
Simplifying
Max abundance: 40
Nb unitigs: 276
Superbubble
Nb superbubble removed: 0 0 (0s)
Tip
Nb Tip removed: 59 (0s)
Superbubble
Nb superbubble removed: 0 0 (0s)
Tip
Nb Tip removed: 0 (0s)
Nb errors removed: 52 (0s)
Superbubble
Nb superbubble removed: 0 0 (0s)
Tip
Nb Tip removed: 0 (0s)
Nb errors removed: 26 (0s)
Superbubble
Nb superbubble removed: 0 0 (0s)
Tip
Nb Tip removed: 0 (0s)
Nb errors removed: 15 (0s)
Superbubble
Nb superbubble removed: 0 0 (0s)
Tip
Nb Tip removed: 0 (0s)
Nb errors removed: 14 (0s)
Superbubble
Nb superbubble removed: 0 0 (0s)
Tip
Nb Tip removed: 0 (0s)
Nb errors removed: 7 (0s)
Superbubble
Nb superbubble removed: 0 0 (0s)
Tip
Nb Tip removed: 0 (0s)
Nb errors removed: 11 (0s)
Superbubble
Nb superbubble removed: 0 0 (0s)
Tip
Nb Tip removed: 0 (0s)
Nb errors removed: 9 (0s)
Superbubble
Nb superbubble removed: 0 0 (0s)
Tip
Nb Tip removed: 0 (0s)
Nb errors removed: 18 (0s)
Superbubble
Nb superbubble removed: 0 0 (0s)
Tip
Nb Tip removed: 0 (0s)
Nb errors removed: 13 (0s)
Superbubble
Nb superbubble removed: 0 0 (0s)
Tip
Nb Tip removed: 0 (0s)
Nb errors removed: 6 (0s)
Superbubble
Nb superbubble removed: 0 0 (0s)
Tip
Nb Tip removed: 0 (0s)
Nb errors removed: 13 (0s)
Superbubble
Nb superbubble removed: 0 0 (0s)
Tip
Nb Tip removed: 0 (0s)
Nb errors removed: 1 (0s)
Superbubble
Nb superbubble removed: 0 0 (0s)
Tip
Nb Tip removed: 0 (0s)
Nb errors removed: 1 (0s)
Superbubble
Nb superbubble removed: 0 0 (0s)
Tip
Nb Tip removed: 0 (0s)
Nb errors removed: 1 (0s)
Superbubble
Nb superbubble removed: 0 0 (0s)
Tip
Nb Tip removed: 0 (0s)
Nb errors removed: 10 (0s)
Superbubble
Nb superbubble removed: 0 0 (0s)
Tip
Nb Tip removed: 0 (0s)
Nb errors removed: 1 (0s)
Superbubble
Nb superbubble removed: 0 0 (0s)
Tip
Nb Tip removed: 0 (0s)
Checksum: 0
Checksum abundnace: 0
Generating contigs
41.1448
28.1025
23.2252
17.4494
14.421
13.11
11.9182
10.8347
9.84974
8.14028
7.40025
6.11591
5.05447
4.17725
3.13843
2.14359
0


metaMDBG toMinspace  /var/folders/zg/vq0dnx517c54hg87dyqjky740000gn/T/.tmp7o7wQ0/tmp/ /var/folders/zg/vq0dnx517c54hg87dyqjky740000gn/T/.tmp7o7wQ0/tmp//contigs.nodepath /var/folders/zg/vq0dnx517c54hg87dyqjky740000gn/T/.tmp7o7wQ0/tmp//unitig_data.txt --threads 10

Input dir: /var/folders/zg/vq0dnx517c54hg87dyqjky740000gn/T/.tmp7o7wQ0/tmp/
Minimizer length: 15
Kminmer length: 172
Density: 0.005

Loading unitig sequences

Creating mContigs

Contig filename: /var/folders/zg/vq0dnx517c54hg87dyqjky740000gn/T/.tmp7o7wQ0/tmp//unitig_data.txt
pass done: 172
Multi-k pass: 173/206


metaMDBG graph /var/folders/zg/vq0dnx517c54hg87dyqjky740000gn/T/.tmp7o7wQ0/tmp/ --threads 10 --corrected-read 

Contig filename: 
Output dir: /var/folders/zg/vq0dnx517c54hg87dyqjky740000gn/T/.tmp7o7wQ0/tmp/
Minimizer length: 15
Kminmer length: 173
Density: 0.005
Min abundance: 0

Loading refined abundances
	Duration: 0
Collecting kminmers
Building mdbg
Duration: 0
Nb solid kminmers: 26795
Nb small contigs written: 0
Dump kminmer abundances
	Duration: 0
Indexing edges
Edge index size: 26900
Edge index elements: 50301
	Duration: 0
Compute unitig nodes
	Duration: 0
Index unitig edges
	Duration: 0
Compute unitig edges
	Duration: 0
Dump unitig abundances
	Duration: 0
Nb edges:   0


metaMDBG contig  /var/folders/zg/vq0dnx517c54hg87dyqjky740000gn/T/.tmp7o7wQ0/tmp/ --threads 10

Input dir: /var/folders/zg/vq0dnx517c54hg87dyqjky740000gn/T/.tmp7o7wQ0/tmp/
Minimizer length: 15
Kminmer length: 173
Density: 0.005

Loading unitig graph
Load unitigs
Nb unitigs: 267
Nb minimizers: 72719
Add unitig abundances
Sorting abundances
Add unitig edges
Nb unitig edges: 324
Sorting unitig edges
Done loading unitig graph
Simplifying
Max abundance: 40
Nb unitigs: 267
Superbubble
Nb superbubble removed: 0 0 (0s)
Tip
Nb Tip removed: 57 (0s)
Superbubble
Nb superbubble removed: 0 0 (0s)
Tip
Nb Tip removed: 0 (0s)
Nb errors removed: 50 (0s)
Superbubble
Nb superbubble removed: 0 0 (0s)
Tip
Nb Tip removed: 0 (0s)
Nb errors removed: 26 (0s)
Superbubble
Nb superbubble removed: 0 0 (0s)
Tip
Nb Tip removed: 0 (0s)
Nb errors removed: 14 (0s)
Superbubble
Nb superbubble removed: 0 0 (0s)
Tip
Nb Tip removed: 0 (0s)
Nb errors removed: 13 (0s)
Superbubble
Nb superbubble removed: 0 0 (0s)
Tip
Nb Tip removed: 0 (0s)
Nb errors removed: 7 (0s)
Superbubble
Nb superbubble removed: 0 0 (0s)
Tip
Nb Tip removed: 0 (0s)
Nb errors removed: 11 (0s)
Superbubble
Nb superbubble removed: 0 0 (0s)
Tip
Nb Tip removed: 0 (0s)
Nb errors removed: 9 (0s)
Superbubble
Nb superbubble removed: 0 0 (0s)
Tip
Nb Tip removed: 0 (0s)
Nb errors removed: 17 (0s)
Superbubble
Nb superbubble removed: 0 0 (0s)
Tip
Nb Tip removed: 0 (0s)
Nb errors removed: 13 (0s)
Superbubble
Nb superbubble removed: 0 0 (0s)
Tip
Nb Tip removed: 0 (0s)
Nb errors removed: 6 (0s)
Superbubble
Nb superbubble removed: 0 0 (0s)
Tip
Nb Tip removed: 0 (0s)
Nb errors removed: 13 (0s)
Superbubble
Nb superbubble removed: 0 0 (0s)
Tip
Nb Tip removed: 0 (0s)
Nb errors removed: 1 (0s)
Superbubble
Nb superbubble removed: 0 0 (0s)
Tip
Nb Tip removed: 0 (0s)
Nb errors removed: 1 (0s)
Superbubble
Nb superbubble removed: 0 0 (0s)
Tip
Nb Tip removed: 0 (0s)
Nb errors removed: 1 (0s)
Superbubble
Nb superbubble removed: 0 0 (0s)
Tip
Nb Tip removed: 0 (0s)
Nb errors removed: 10 (0s)
Superbubble
Nb superbubble removed: 0 0 (0s)
Tip
Nb Tip removed: 0 (0s)
Nb errors removed: 1 (0s)
Superbubble
Nb superbubble removed: 0 0 (0s)
Tip
Nb Tip removed: 0 (0s)
Checksum: 0
Checksum abundnace: 0
Generating contigs
41.1448
28.1025
23.2252
17.4494
14.421
13.11
11.9182
10.8347
9.84974
8.14028
7.40025
6.11591
5.05447
4.17725
3.13843
2.14359
0


metaMDBG toMinspace  /var/folders/zg/vq0dnx517c54hg87dyqjky740000gn/T/.tmp7o7wQ0/tmp/ /var/folders/zg/vq0dnx517c54hg87dyqjky740000gn/T/.tmp7o7wQ0/tmp//contigs.nodepath /var/folders/zg/vq0dnx517c54hg87dyqjky740000gn/T/.tmp7o7wQ0/tmp//unitig_data.txt --threads 10

Input dir: /var/folders/zg/vq0dnx517c54hg87dyqjky740000gn/T/.tmp7o7wQ0/tmp/
Minimizer length: 15
Kminmer length: 173
Density: 0.005

Loading unitig sequences

Creating mContigs

Contig filename: /var/folders/zg/vq0dnx517c54hg87dyqjky740000gn/T/.tmp7o7wQ0/tmp//unitig_data.txt
pass done: 173
Multi-k pass: 174/206


metaMDBG graph /var/folders/zg/vq0dnx517c54hg87dyqjky740000gn/T/.tmp7o7wQ0/tmp/ --threads 10 --corrected-read 

Contig filename: 
Output dir: /var/folders/zg/vq0dnx517c54hg87dyqjky740000gn/T/.tmp7o7wQ0/tmp/
Minimizer length: 15
Kminmer length: 174
Density: 0.005
Min abundance: 0

Loading refined abundances
	Duration: 0
Collecting kminmers
Building mdbg
Duration: 0
Nb solid kminmers: 26689
Nb small contigs written: 0
Dump kminmer abundances
	Duration: 0
Indexing edges
Edge index size: 26794
Edge index elements: 50186
	Duration: 0
Compute unitig nodes
	Duration: 0
Index unitig edges
	Duration: 0
Compute unitig edges
	Duration: 0
Dump unitig abundances
	Duration: 0
Nb edges:   0


metaMDBG contig  /var/folders/zg/vq0dnx517c54hg87dyqjky740000gn/T/.tmp7o7wQ0/tmp/ --threads 10

Input dir: /var/folders/zg/vq0dnx517c54hg87dyqjky740000gn/T/.tmp7o7wQ0/tmp/
Minimizer length: 15
Kminmer length: 174
Density: 0.005

Loading unitig graph
Load unitigs
Nb unitigs: 265
Nb minimizers: 72534
Add unitig abundances
Sorting abundances
Add unitig edges
Nb unitig edges: 320
Sorting unitig edges
Done loading unitig graph
Simplifying
Max abundance: 40
Nb unitigs: 265
Superbubble
Nb superbubble removed: 0 0 (0s)
Tip
Nb Tip removed: 57 (0s)
Superbubble
Nb superbubble removed: 0 0 (0s)
Tip
Nb Tip removed: 0 (0s)
Nb errors removed: 50 (0s)
Superbubble
Nb superbubble removed: 0 0 (0s)
Tip
Nb Tip removed: 0 (0s)
Nb errors removed: 26 (0s)
Superbubble
Nb superbubble removed: 0 0 (0s)
Tip
Nb Tip removed: 0 (0s)
Nb errors removed: 14 (0s)
Superbubble
Nb superbubble removed: 0 0 (0s)
Tip
Nb Tip removed: 0 (0s)
Nb errors removed: 13 (0s)
Superbubble
Nb superbubble removed: 0 0 (0s)
Tip
Nb Tip removed: 0 (0s)
Nb errors removed: 7 (0s)
Superbubble
Nb superbubble removed: 0 0 (0s)
Tip
Nb Tip removed: 0 (0s)
Nb errors removed: 11 (0s)
Superbubble
Nb superbubble removed: 0 0 (0s)
Tip
Nb Tip removed: 0 (0s)
Nb errors removed: 9 (0s)
Superbubble
Nb superbubble removed: 0 0 (0s)
Tip
Nb Tip removed: 0 (0s)
Nb errors removed: 17 (0s)
Superbubble
Nb superbubble removed: 0 0 (0s)
Tip
Nb Tip removed: 0 (0s)
Nb errors removed: 12 (0s)
Superbubble
Nb superbubble removed: 0 0 (0s)
Tip
Nb Tip removed: 0 (0s)
Nb errors removed: 6 (0s)
Superbubble
Nb superbubble removed: 0 0 (0s)
Tip
Nb Tip removed: 0 (0s)
Nb errors removed: 13 (0s)
Superbubble
Nb superbubble removed: 0 0 (0s)
Tip
Nb Tip removed: 0 (0s)
Nb errors removed: 1 (0s)
Superbubble
Nb superbubble removed: 0 0 (0s)
Tip
Nb Tip removed: 0 (0s)
Nb errors removed: 1 (0s)
Superbubble
Nb superbubble removed: 0 0 (0s)
Tip
Nb Tip removed: 0 (0s)
Nb errors removed: 1 (0s)
Superbubble
Nb superbubble removed: 0 0 (0s)
Tip
Nb Tip removed: 0 (0s)
Nb errors removed: 10 (0s)
Superbubble
Nb superbubble removed: 0 0 (0s)
Tip
Nb Tip removed: 0 (0s)
Nb errors removed: 1 (0s)
Superbubble
Nb superbubble removed: 0 0 (0s)
Tip
Nb Tip removed: 0 (0s)
Checksum: 0
Checksum abundnace: 0
Generating contigs
41.1448
28.1025
23.2252
17.4494
14.421
13.11
11.9182
10.8347
9.84974
8.14028
7.40025
6.11591
5.05447
4.17725
3.13843
2.14359
0


metaMDBG toMinspace  /var/folders/zg/vq0dnx517c54hg87dyqjky740000gn/T/.tmp7o7wQ0/tmp/ /var/folders/zg/vq0dnx517c54hg87dyqjky740000gn/T/.tmp7o7wQ0/tmp//contigs.nodepath /var/folders/zg/vq0dnx517c54hg87dyqjky740000gn/T/.tmp7o7wQ0/tmp//unitig_data.txt --threads 10

Input dir: /var/folders/zg/vq0dnx517c54hg87dyqjky740000gn/T/.tmp7o7wQ0/tmp/
Minimizer length: 15
Kminmer length: 174
Density: 0.005

Loading unitig sequences

Creating mContigs

Contig filename: /var/folders/zg/vq0dnx517c54hg87dyqjky740000gn/T/.tmp7o7wQ0/tmp//unitig_data.txt
pass done: 174
Multi-k pass: 175/206


metaMDBG graph /var/folders/zg/vq0dnx517c54hg87dyqjky740000gn/T/.tmp7o7wQ0/tmp/ --threads 10 --corrected-read 

Contig filename: 
Output dir: /var/folders/zg/vq0dnx517c54hg87dyqjky740000gn/T/.tmp7o7wQ0/tmp/
Minimizer length: 15
Kminmer length: 175
Density: 0.005
Min abundance: 0

Loading refined abundances
	Duration: 0
Collecting kminmers
Building mdbg
Duration: 0
Nb solid kminmers: 26582
Nb small contigs written: 0
Dump kminmer abundances
	Duration: 0
Indexing edges
Edge index size: 26689
Edge index elements: 50050
	Duration: 0
Compute unitig nodes
	Duration: 0
Index unitig edges
	Duration: 0
Compute unitig edges
	Duration: 0
Dump unitig abundances
	Duration: 0
Nb edges:   0


metaMDBG contig  /var/folders/zg/vq0dnx517c54hg87dyqjky740000gn/T/.tmp7o7wQ0/tmp/ --threads 10

Input dir: /var/folders/zg/vq0dnx517c54hg87dyqjky740000gn/T/.tmp7o7wQ0/tmp/
Minimizer length: 15
Kminmer length: 175
Density: 0.005

Loading unitig graph
Load unitigs
Nb unitigs: 263
Nb minimizers: 72344
Add unitig abundances
Sorting abundances
Add unitig edges
Nb unitig edges: 312
Sorting unitig edges
Done loading unitig graph
Simplifying
Max abundance: 40
Nb unitigs: 263
Superbubble
Nb superbubble removed: 0 0 (0s)
Tip
Nb Tip removed: 55 (0s)
Superbubble
Nb superbubble removed: 0 0 (0s)
Tip
Nb Tip removed: 0 (0s)
Nb errors removed: 50 (0s)
Superbubble
Nb superbubble removed: 0 0 (0s)
Tip
Nb Tip removed: 0 (0s)
Nb errors removed: 26 (0s)
Superbubble
Nb superbubble removed: 0 0 (0s)
Tip
Nb Tip removed: 0 (0s)
Nb errors removed: 14 (0s)
Superbubble
Nb superbubble removed: 0 0 (0s)
Tip
Nb Tip removed: 0 (0s)
Nb errors removed: 13 (0s)
Superbubble
Nb superbubble removed: 0 0 (0s)
Tip
Nb Tip removed: 0 (0s)
Nb errors removed: 7 (0s)
Superbubble
Nb superbubble removed: 0 0 (0s)
Tip
Nb Tip removed: 0 (0s)
Nb errors removed: 11 (0s)
Superbubble
Nb superbubble removed: 0 0 (0s)
Tip
Nb Tip removed: 0 (0s)
Nb errors removed: 9 (0s)
Superbubble
Nb superbubble removed: 0 0 (0s)
Tip
Nb Tip removed: 0 (0s)
Nb errors removed: 17 (0s)
Superbubble
Nb superbubble removed: 0 0 (0s)
Tip
Nb Tip removed: 0 (0s)
Nb errors removed: 12 (0s)
Superbubble
Nb superbubble removed: 0 0 (0s)
Tip
Nb Tip removed: 0 (0s)
Nb errors removed: 6 (0s)
Superbubble
Nb superbubble removed: 0 0 (0s)
Tip
Nb Tip removed: 0 (0s)
Nb errors removed: 13 (0s)
Superbubble
Nb superbubble removed: 0 0 (0s)
Tip
Nb Tip removed: 0 (0s)
Nb errors removed: 1 (0s)
Superbubble
Nb superbubble removed: 0 0 (0s)
Tip
Nb Tip removed: 0 (0s)
Nb errors removed: 1 (0s)
Superbubble
Nb superbubble removed: 0 0 (0s)
Tip
Nb Tip removed: 0 (0s)
Nb errors removed: 1 (0s)
Superbubble
Nb superbubble removed: 0 0 (0s)
Tip
Nb Tip removed: 0 (0s)
Nb errors removed: 10 (0s)
Superbubble
Nb superbubble removed: 0 0 (0s)
Tip
Nb Tip removed: 0 (0s)
Nb errors removed: 1 (0s)
Superbubble
Nb superbubble removed: 0 0 (0s)
Tip
Nb Tip removed: 0 (0s)
Checksum: 0
Checksum abundnace: 0
Generating contigs
41.1448
28.1025
23.2252
17.4494
14.421
13.11
11.9182
10.8347
9.84974
8.14028
7.40025
6.11591
5.05447
4.17725
3.13843
2.14359
0


metaMDBG toMinspace  /var/folders/zg/vq0dnx517c54hg87dyqjky740000gn/T/.tmp7o7wQ0/tmp/ /var/folders/zg/vq0dnx517c54hg87dyqjky740000gn/T/.tmp7o7wQ0/tmp//contigs.nodepath /var/folders/zg/vq0dnx517c54hg87dyqjky740000gn/T/.tmp7o7wQ0/tmp//unitig_data.txt --threads 10

Input dir: /var/folders/zg/vq0dnx517c54hg87dyqjky740000gn/T/.tmp7o7wQ0/tmp/
Minimizer length: 15
Kminmer length: 175
Density: 0.005

Loading unitig sequences

Creating mContigs

Contig filename: /var/folders/zg/vq0dnx517c54hg87dyqjky740000gn/T/.tmp7o7wQ0/tmp//unitig_data.txt
pass done: 175
Multi-k pass: 176/206


metaMDBG graph /var/folders/zg/vq0dnx517c54hg87dyqjky740000gn/T/.tmp7o7wQ0/tmp/ --threads 10 --corrected-read 

Contig filename: 
Output dir: /var/folders/zg/vq0dnx517c54hg87dyqjky740000gn/T/.tmp7o7wQ0/tmp/
Minimizer length: 15
Kminmer length: 176
Density: 0.005
Min abundance: 0

Loading refined abundances
	Duration: 0
Collecting kminmers
Building mdbg
Duration: 0
Nb solid kminmers: 26474
Nb small contigs written: 0
Dump kminmer abundances
	Duration: 0
Indexing edges
Edge index size: 26580
Edge index elements: 49754
	Duration: 0
Compute unitig nodes
	Duration: 0
Index unitig edges
	Duration: 0
Compute unitig edges
	Duration: 0
Dump unitig abundances
	Duration: 0
Nb edges:   0


metaMDBG contig  /var/folders/zg/vq0dnx517c54hg87dyqjky740000gn/T/.tmp7o7wQ0/tmp/ --threads 10

Input dir: /var/folders/zg/vq0dnx517c54hg87dyqjky740000gn/T/.tmp7o7wQ0/tmp/
Minimizer length: 15
Kminmer length: 176
Density: 0.005

Loading unitig graph
Load unitigs
Nb unitigs: 260
Nb minimizers: 71974
Add unitig abundances
Sorting abundances
Add unitig edges
Nb unitig edges: 308
Sorting unitig edges
Done loading unitig graph
Simplifying
Max abundance: 40
Nb unitigs: 260
Superbubble
Nb superbubble removed: 0 0 (0s)
Tip
Nb Tip removed: 54 (0s)
Superbubble
Nb superbubble removed: 0 0 (0s)
Tip
Nb Tip removed: 0 (0s)
Nb errors removed: 48 (0s)
Superbubble
Nb superbubble removed: 0 0 (0s)
Tip
Nb Tip removed: 0 (0s)
Nb errors removed: 26 (0s)
Superbubble
Nb superbubble removed: 0 0 (0s)
Tip
Nb Tip removed: 0 (0s)
Nb errors removed: 14 (0s)
Superbubble
Nb superbubble removed: 0 0 (0s)
Tip
Nb Tip removed: 0 (0s)
Nb errors removed: 13 (0s)
Superbubble
Nb superbubble removed: 0 0 (0s)
Tip
Nb Tip removed: 0 (0s)
Nb errors removed: 7 (0s)
Superbubble
Nb superbubble removed: 0 0 (0s)
Tip
Nb Tip removed: 0 (0s)
Nb errors removed: 11 (0s)
Superbubble
Nb superbubble removed: 0 0 (0s)
Tip
Nb Tip removed: 0 (0s)
Nb errors removed: 9 (0s)
Superbubble
Nb superbubble removed: 0 0 (0s)
Tip
Nb Tip removed: 0 (0s)
Nb errors removed: 17 (0s)
Superbubble
Nb superbubble removed: 0 0 (0s)
Tip
Nb Tip removed: 0 (0s)
Nb errors removed: 12 (0s)
Superbubble
Nb superbubble removed: 0 0 (0s)
Tip
Nb Tip removed: 0 (0s)
Nb errors removed: 6 (0s)
Superbubble
Nb superbubble removed: 0 0 (0s)
Tip
Nb Tip removed: 0 (0s)
Nb errors removed: 13 (0s)
Superbubble
Nb superbubble removed: 0 0 (0s)
Tip
Nb Tip removed: 0 (0s)
Nb errors removed: 1 (0s)
Superbubble
Nb superbubble removed: 0 0 (0s)
Tip
Nb Tip removed: 0 (0s)
Nb errors removed: 1 (0s)
Superbubble
Nb superbubble removed: 0 0 (0s)
Tip
Nb Tip removed: 0 (0s)
Nb errors removed: 1 (0s)
Superbubble
Nb superbubble removed: 0 0 (0s)
Tip
Nb Tip removed: 0 (0s)
Nb errors removed: 10 (0s)
Superbubble
Nb superbubble removed: 0 0 (0s)
Tip
Nb Tip removed: 0 (0s)
Nb errors removed: 1 (0s)
Superbubble
Nb superbubble removed: 0 0 (0s)
Tip
Nb Tip removed: 0 (0s)
Checksum: 0
Checksum abundnace: 0
Generating contigs
41.1448
28.1025
23.2252
17.4494
14.421
13.11
11.9182
10.8347
9.84974
8.14028
7.40025
6.11591
5.05447
4.17725
3.13843
2.14359
0


metaMDBG toMinspace  /var/folders/zg/vq0dnx517c54hg87dyqjky740000gn/T/.tmp7o7wQ0/tmp/ /var/folders/zg/vq0dnx517c54hg87dyqjky740000gn/T/.tmp7o7wQ0/tmp//contigs.nodepath /var/folders/zg/vq0dnx517c54hg87dyqjky740000gn/T/.tmp7o7wQ0/tmp//unitig_data.txt --threads 10

Input dir: /var/folders/zg/vq0dnx517c54hg87dyqjky740000gn/T/.tmp7o7wQ0/tmp/
Minimizer length: 15
Kminmer length: 176
Density: 0.005

Loading unitig sequences

Creating mContigs

Contig filename: /var/folders/zg/vq0dnx517c54hg87dyqjky740000gn/T/.tmp7o7wQ0/tmp//unitig_data.txt
pass done: 176
Multi-k pass: 177/206


metaMDBG graph /var/folders/zg/vq0dnx517c54hg87dyqjky740000gn/T/.tmp7o7wQ0/tmp/ --threads 10 --corrected-read 

Contig filename: 
Output dir: /var/folders/zg/vq0dnx517c54hg87dyqjky740000gn/T/.tmp7o7wQ0/tmp/
Minimizer length: 15
Kminmer length: 177
Density: 0.005
Min abundance: 0

Loading refined abundances
	Duration: 0
Collecting kminmers
Building mdbg
Duration: 0
Nb solid kminmers: 26368
Nb small contigs written: 0
Dump kminmer abundances
	Duration: 0
Indexing edges
Edge index size: 26472
Edge index elements: 49777
	Duration: 0
Compute unitig nodes
	Duration: 0
Index unitig edges
	Duration: 0
Compute unitig edges
	Duration: 0
Dump unitig abundances
	Duration: 0
Nb edges:   0


metaMDBG contig  /var/folders/zg/vq0dnx517c54hg87dyqjky740000gn/T/.tmp7o7wQ0/tmp/ --threads 10

Input dir: /var/folders/zg/vq0dnx517c54hg87dyqjky740000gn/T/.tmp7o7wQ0/tmp/
Minimizer length: 15
Kminmer length: 177
Density: 0.005

Loading unitig graph
Load unitigs
Nb unitigs: 258
Nb minimizers: 71776
Add unitig abundances
Sorting abundances
Add unitig edges
Nb unitig edges: 308
Sorting unitig edges
Done loading unitig graph
Simplifying
Max abundance: 40
Nb unitigs: 258
Superbubble
Nb superbubble removed: 0 0 (0s)
Tip
Nb Tip removed: 54 (0s)
Superbubble
Nb superbubble removed: 0 0 (0s)
Tip
Nb Tip removed: 0 (0s)
Nb errors removed: 47 (0s)
Superbubble
Nb superbubble removed: 0 0 (0s)
Tip
Nb Tip removed: 0 (0s)
Nb errors removed: 26 (0s)
Superbubble
Nb superbubble removed: 0 0 (0s)
Tip
Nb Tip removed: 0 (0s)
Nb errors removed: 14 (0s)
Superbubble
Nb superbubble removed: 0 0 (0s)
Tip
Nb Tip removed: 0 (0s)
Nb errors removed: 13 (0s)
Superbubble
Nb superbubble removed: 0 0 (0s)
Tip
Nb Tip removed: 0 (0s)
Nb errors removed: 7 (0s)
Superbubble
Nb superbubble removed: 0 0 (0s)
Tip
Nb Tip removed: 0 (0s)
Nb errors removed: 11 (0s)
Superbubble
Nb superbubble removed: 0 0 (0s)
Tip
Nb Tip removed: 0 (0s)
Nb errors removed: 9 (0s)
Superbubble
Nb superbubble removed: 0 0 (0s)
Tip
Nb Tip removed: 0 (0s)
Nb errors removed: 17 (0s)
Superbubble
Nb superbubble removed: 0 0 (0s)
Tip
Nb Tip removed: 0 (0s)
Nb errors removed: 12 (0s)
Superbubble
Nb superbubble removed: 0 0 (0s)
Tip
Nb Tip removed: 0 (0s)
Nb errors removed: 6 (0s)
Superbubble
Nb superbubble removed: 0 0 (0s)
Tip
Nb Tip removed: 0 (0s)
Nb errors removed: 13 (0s)
Superbubble
Nb superbubble removed: 0 0 (0s)
Tip
Nb Tip removed: 0 (0s)
Nb errors removed: 1 (0s)
Superbubble
Nb superbubble removed: 0 0 (0s)
Tip
Nb Tip removed: 0 (0s)
Nb errors removed: 1 (0s)
Superbubble
Nb superbubble removed: 0 0 (0s)
Tip
Nb Tip removed: 0 (0s)
Nb errors removed: 10 (0s)
Superbubble
Nb superbubble removed: 0 0 (0s)
Tip
Nb Tip removed: 0 (0s)
Nb errors removed: 1 (0s)
Superbubble
Nb superbubble removed: 0 0 (0s)
Tip
Nb Tip removed: 0 (0s)
Checksum: 0
Checksum abundnace: 0
Generating contigs
41.1448
28.1025
23.2252
17.4494
13.11
11.9182
10.8347
9.84974
8.14028
7.40025
6.11591
5.05447
4.17725
3.13843
2.14359
0


metaMDBG toMinspace  /var/folders/zg/vq0dnx517c54hg87dyqjky740000gn/T/.tmp7o7wQ0/tmp/ /var/folders/zg/vq0dnx517c54hg87dyqjky740000gn/T/.tmp7o7wQ0/tmp//contigs.nodepath /var/folders/zg/vq0dnx517c54hg87dyqjky740000gn/T/.tmp7o7wQ0/tmp//unitig_data.txt --threads 10

Input dir: /var/folders/zg/vq0dnx517c54hg87dyqjky740000gn/T/.tmp7o7wQ0/tmp/
Minimizer length: 15
Kminmer length: 177
Density: 0.005

Loading unitig sequences

Creating mContigs

Contig filename: /var/folders/zg/vq0dnx517c54hg87dyqjky740000gn/T/.tmp7o7wQ0/tmp//unitig_data.txt
pass done: 177
Multi-k pass: 178/206


metaMDBG graph /var/folders/zg/vq0dnx517c54hg87dyqjky740000gn/T/.tmp7o7wQ0/tmp/ --threads 10 --corrected-read 

Contig filename: 
Output dir: /var/folders/zg/vq0dnx517c54hg87dyqjky740000gn/T/.tmp7o7wQ0/tmp/
Minimizer length: 15
Kminmer length: 178
Density: 0.005
Min abundance: 0

Loading refined abundances
	Duration: 0
Collecting kminmers
Building mdbg
Duration: 0
Nb solid kminmers: 26261
Nb small contigs written: 0
Dump kminmer abundances
	Duration: 0
Indexing edges
Edge index size: 26364
Edge index elements: 49638
	Duration: 0
Compute unitig nodes
	Duration: 0
Index unitig edges
	Duration: 0
Compute unitig edges
	Duration: 0
Dump unitig abundances
	Duration: 0
Nb edges:   0


metaMDBG contig  /var/folders/zg/vq0dnx517c54hg87dyqjky740000gn/T/.tmp7o7wQ0/tmp/ --threads 10

Input dir: /var/folders/zg/vq0dnx517c54hg87dyqjky740000gn/T/.tmp7o7wQ0/tmp/
Minimizer length: 15
Kminmer length: 178
Density: 0.005

Loading unitig graph
Load unitigs
Nb unitigs: 251
Nb minimizers: 70688
Add unitig abundances
Sorting abundances
Add unitig edges
Nb unitig edges: 296
Sorting unitig edges
Done loading unitig graph
Simplifying
Max abundance: 40
Nb unitigs: 251
Superbubble
Nb superbubble removed: 0 0 (0s)
Tip
Nb Tip removed: 52 (0s)
Superbubble
Nb superbubble removed: 0 0 (0s)
Tip
Nb Tip removed: 0 (0s)
Nb errors removed: 45 (0s)
Superbubble
Nb superbubble removed: 0 0 (0s)
Tip
Nb Tip removed: 0 (0s)
Nb errors removed: 26 (0s)
Superbubble
Nb superbubble removed: 0 0 (0s)
Tip
Nb Tip removed: 0 (0s)
Nb errors removed: 14 (0s)
Superbubble
Nb superbubble removed: 0 0 (0s)
Tip
Nb Tip removed: 0 (0s)
Nb errors removed: 12 (0s)
Superbubble
Nb superbubble removed: 0 0 (0s)
Tip
Nb Tip removed: 0 (0s)
Nb errors removed: 7 (0s)
Superbubble
Nb superbubble removed: 0 0 (0s)
Tip
Nb Tip removed: 0 (0s)
Nb errors removed: 11 (0s)
Superbubble
Nb superbubble removed: 0 0 (0s)
Tip
Nb Tip removed: 0 (0s)
Nb errors removed: 9 (0s)
Superbubble
Nb superbubble removed: 0 0 (0s)
Tip
Nb Tip removed: 0 (0s)
Nb errors removed: 17 (0s)
Superbubble
Nb superbubble removed: 0 0 (0s)
Tip
Nb Tip removed: 0 (0s)
Nb errors removed: 12 (0s)
Superbubble
Nb superbubble removed: 0 0 (0s)
Tip
Nb Tip removed: 0 (0s)
Nb errors removed: 5 (0s)
Superbubble
Nb superbubble removed: 0 0 (0s)
Tip
Nb Tip removed: 0 (0s)
Nb errors removed: 13 (0s)
Superbubble
Nb superbubble removed: 0 0 (0s)
Tip
Nb Tip removed: 0 (0s)
Nb errors removed: 1 (0s)
Superbubble
Nb superbubble removed: 0 0 (0s)
Tip
Nb Tip removed: 0 (0s)
Nb errors removed: 1 (0s)
Superbubble
Nb superbubble removed: 0 0 (0s)
Tip
Nb Tip removed: 0 (0s)
Nb errors removed: 10 (0s)
Superbubble
Nb superbubble removed: 0 0 (0s)
Tip
Nb Tip removed: 0 (0s)
Nb errors removed: 1 (0s)
Superbubble
Nb superbubble removed: 0 0 (0s)
Tip
Nb Tip removed: 0 (0s)
Checksum: 0
Checksum abundnace: 0
Generating contigs
41.1448
28.1025
23.2252
17.4494
13.11
11.9182
10.8347
9.84974
8.14028
7.40025
6.11591
5.05447
4.17725
3.13843
2.14359
0


metaMDBG toMinspace  /var/folders/zg/vq0dnx517c54hg87dyqjky740000gn/T/.tmp7o7wQ0/tmp/ /var/folders/zg/vq0dnx517c54hg87dyqjky740000gn/T/.tmp7o7wQ0/tmp//contigs.nodepath /var/folders/zg/vq0dnx517c54hg87dyqjky740000gn/T/.tmp7o7wQ0/tmp//unitig_data.txt --threads 10

Input dir: /var/folders/zg/vq0dnx517c54hg87dyqjky740000gn/T/.tmp7o7wQ0/tmp/
Minimizer length: 15
Kminmer length: 178
Density: 0.005

Loading unitig sequences

Creating mContigs

Contig filename: /var/folders/zg/vq0dnx517c54hg87dyqjky740000gn/T/.tmp7o7wQ0/tmp//unitig_data.txt
pass done: 178
Multi-k pass: 179/206


metaMDBG graph /var/folders/zg/vq0dnx517c54hg87dyqjky740000gn/T/.tmp7o7wQ0/tmp/ --threads 10 --corrected-read 

Contig filename: 
Output dir: /var/folders/zg/vq0dnx517c54hg87dyqjky740000gn/T/.tmp7o7wQ0/tmp/
Minimizer length: 15
Kminmer length: 179
Density: 0.005
Min abundance: 0

Loading refined abundances
	Duration: 0
Collecting kminmers
Building mdbg
Duration: 0
Nb solid kminmers: 26158
Nb small contigs written: 0
Dump kminmer abundances
	Duration: 0
Indexing edges
Edge index size: 26258
Edge index elements: 49432
	Duration: 0
Compute unitig nodes
	Duration: 0
Index unitig edges
	Duration: 0
Compute unitig edges
	Duration: 0
Dump unitig abundances
	Duration: 0
Nb edges:   0


metaMDBG contig  /var/folders/zg/vq0dnx517c54hg87dyqjky740000gn/T/.tmp7o7wQ0/tmp/ --threads 10

Input dir: /var/folders/zg/vq0dnx517c54hg87dyqjky740000gn/T/.tmp7o7wQ0/tmp/
Minimizer length: 15
Kminmer length: 179
Density: 0.005

Loading unitig graph
Load unitigs
Nb unitigs: 248
Nb minimizers: 70302
Add unitig abundances
Sorting abundances
Add unitig edges
Nb unitig edges: 296
Sorting unitig edges
Done loading unitig graph
Simplifying
Max abundance: 40
Nb unitigs: 248
Superbubble
Nb superbubble removed: 0 0 (0s)
Tip
Nb Tip removed: 50 (0s)
Superbubble
Nb superbubble removed: 0 0 (0s)
Tip
Nb Tip removed: 0 (0s)
Nb errors removed: 44 (0s)
Superbubble
Nb superbubble removed: 0 0 (0s)
Tip
Nb Tip removed: 0 (0s)
Nb errors removed: 25 (0s)
Superbubble
Nb superbubble removed: 0 0 (0s)
Tip
Nb Tip removed: 0 (0s)
Nb errors removed: 14 (0s)
Superbubble
Nb superbubble removed: 0 0 (0s)
Tip
Nb Tip removed: 0 (0s)
Nb errors removed: 12 (0s)
Superbubble
Nb superbubble removed: 0 0 (0s)
Tip
Nb Tip removed: 0 (0s)
Nb errors removed: 7 (0s)
Superbubble
Nb superbubble removed: 0 0 (0s)
Tip
Nb Tip removed: 0 (0s)
Nb errors removed: 11 (0s)
Superbubble
Nb superbubble removed: 0 0 (0s)
Tip
Nb Tip removed: 0 (0s)
Nb errors removed: 8 (0s)
Superbubble
Nb superbubble removed: 0 0 (0s)
Tip
Nb Tip removed: 0 (0s)
Nb errors removed: 17 (0s)
Superbubble
Nb superbubble removed: 0 0 (0s)
Tip
Nb Tip removed: 0 (0s)
Nb errors removed: 12 (0s)
Superbubble
Nb superbubble removed: 0 0 (0s)
Tip
Nb Tip removed: 0 (0s)
Nb errors removed: 5 (0s)
Superbubble
Nb superbubble removed: 0 0 (0s)
Tip
Nb Tip removed: 0 (0s)
Nb errors removed: 13 (0s)
Superbubble
Nb superbubble removed: 0 0 (0s)
Tip
Nb Tip removed: 0 (0s)
Nb errors removed: 1 (0s)
Superbubble
Nb superbubble removed: 0 0 (0s)
Tip
Nb Tip removed: 0 (0s)
Nb errors removed: 1 (0s)
Superbubble
Nb superbubble removed: 0 0 (0s)
Tip
Nb Tip removed: 0 (0s)
Nb errors removed: 10 (0s)
Superbubble
Nb superbubble removed: 0 0 (0s)
Tip
Nb Tip removed: 0 (0s)
Nb errors removed: 1 (0s)
Superbubble
Nb superbubble removed: 0 0 (0s)
Tip
Nb Tip removed: 0 (0s)
Checksum: 0
Checksum abundnace: 0
Generating contigs
41.1448
28.1025
23.2252
17.4494
13.11
11.9182
10.8347
9.84974
8.14028
7.40025
6.11591
5.05447
4.17725
3.13843
2.14359
0


metaMDBG toMinspace  /var/folders/zg/vq0dnx517c54hg87dyqjky740000gn/T/.tmp7o7wQ0/tmp/ /var/folders/zg/vq0dnx517c54hg87dyqjky740000gn/T/.tmp7o7wQ0/tmp//contigs.nodepath /var/folders/zg/vq0dnx517c54hg87dyqjky740000gn/T/.tmp7o7wQ0/tmp//unitig_data.txt --threads 10

Input dir: /var/folders/zg/vq0dnx517c54hg87dyqjky740000gn/T/.tmp7o7wQ0/tmp/
Minimizer length: 15
Kminmer length: 179
Density: 0.005

Loading unitig sequences

Creating mContigs

Contig filename: /var/folders/zg/vq0dnx517c54hg87dyqjky740000gn/T/.tmp7o7wQ0/tmp//unitig_data.txt
pass done: 179
Multi-k pass: 180/206


metaMDBG graph /var/folders/zg/vq0dnx517c54hg87dyqjky740000gn/T/.tmp7o7wQ0/tmp/ --threads 10 --corrected-read 

Contig filename: 
Output dir: /var/folders/zg/vq0dnx517c54hg87dyqjky740000gn/T/.tmp7o7wQ0/tmp/
Minimizer length: 15
Kminmer length: 180
Density: 0.005
Min abundance: 0

Loading refined abundances
	Duration: 0
Collecting kminmers
Building mdbg
Duration: 0
Nb solid kminmers: 26054
Nb small contigs written: 0
Dump kminmer abundances
	Duration: 0
Indexing edges
Edge index size: 26156
Edge index elements: 49281
	Duration: 0
Compute unitig nodes
	Duration: 0
Index unitig edges
	Duration: 0
Compute unitig edges
	Duration: 0
Dump unitig abundances
	Duration: 0
Nb edges:   0


metaMDBG contig  /var/folders/zg/vq0dnx517c54hg87dyqjky740000gn/T/.tmp7o7wQ0/tmp/ --threads 10

Input dir: /var/folders/zg/vq0dnx517c54hg87dyqjky740000gn/T/.tmp7o7wQ0/tmp/
Minimizer length: 15
Kminmer length: 180
Density: 0.005

Loading unitig graph
Load unitigs
Nb unitigs: 242
Nb minimizers: 69372
Add unitig abundances
Sorting abundances
Add unitig edges
Nb unitig edges: 280
Sorting unitig edges
Done loading unitig graph
Simplifying
Max abundance: 40
Nb unitigs: 242
Superbubble
Nb superbubble removed: 0 0 (0s)
Tip
Nb Tip removed: 47 (0s)
Superbubble
Nb superbubble removed: 0 0 (0s)
Tip
Nb Tip removed: 0 (0s)
Nb errors removed: 43 (0s)
Superbubble
Nb superbubble removed: 0 0 (0s)
Tip
Nb Tip removed: 0 (0s)
Nb errors removed: 25 (0s)
Superbubble
Nb superbubble removed: 0 0 (0s)
Tip
Nb Tip removed: 0 (0s)
Nb errors removed: 14 (0s)
Superbubble
Nb superbubble removed: 0 0 (0s)
Tip
Nb Tip removed: 0 (0s)
Nb errors removed: 11 (0s)
Superbubble
Nb superbubble removed: 0 0 (0s)
Tip
Nb Tip removed: 0 (0s)
Nb errors removed: 7 (0s)
Superbubble
Nb superbubble removed: 0 0 (0s)
Tip
Nb Tip removed: 0 (0s)
Nb errors removed: 11 (0s)
Superbubble
Nb superbubble removed: 0 0 (0s)
Tip
Nb Tip removed: 0 (0s)
Nb errors removed: 8 (0s)
Superbubble
Nb superbubble removed: 0 0 (0s)
Tip
Nb Tip removed: 0 (0s)
Nb errors removed: 17 (0s)
Superbubble
Nb superbubble removed: 0 0 (0s)
Tip
Nb Tip removed: 0 (0s)
Nb errors removed: 12 (0s)
Superbubble
Nb superbubble removed: 0 0 (0s)
Tip
Nb Tip removed: 0 (0s)
Nb errors removed: 5 (0s)
Superbubble
Nb superbubble removed: 0 0 (0s)
Tip
Nb Tip removed: 0 (0s)
Nb errors removed: 13 (0s)
Superbubble
Nb superbubble removed: 0 0 (0s)
Tip
Nb Tip removed: 0 (0s)
Nb errors removed: 1 (0s)
Superbubble
Nb superbubble removed: 0 0 (0s)
Tip
Nb Tip removed: 0 (0s)
Nb errors removed: 1 (0s)
Superbubble
Nb superbubble removed: 0 0 (0s)
Tip
Nb Tip removed: 0 (0s)
Nb errors removed: 10 (0s)
Superbubble
Nb superbubble removed: 0 0 (0s)
Tip
Nb Tip removed: 0 (0s)
Nb errors removed: 1 (0s)
Superbubble
Nb superbubble removed: 0 0 (0s)
Tip
Nb Tip removed: 0 (0s)
Checksum: 0
Checksum abundnace: 0
Generating contigs
41.1448
28.1025
23.2252
17.4494
13.11
11.9182
10.8347
9.84974
8.14028
7.40025
6.11591
5.05447
4.17725
3.13843
2.14359
0


metaMDBG toMinspace  /var/folders/zg/vq0dnx517c54hg87dyqjky740000gn/T/.tmp7o7wQ0/tmp/ /var/folders/zg/vq0dnx517c54hg87dyqjky740000gn/T/.tmp7o7wQ0/tmp//contigs.nodepath /var/folders/zg/vq0dnx517c54hg87dyqjky740000gn/T/.tmp7o7wQ0/tmp//unitig_data.txt --threads 10

Input dir: /var/folders/zg/vq0dnx517c54hg87dyqjky740000gn/T/.tmp7o7wQ0/tmp/
Minimizer length: 15
Kminmer length: 180
Density: 0.005

Loading unitig sequences

Creating mContigs

Contig filename: /var/folders/zg/vq0dnx517c54hg87dyqjky740000gn/T/.tmp7o7wQ0/tmp//unitig_data.txt
pass done: 180
Multi-k pass: 181/206


metaMDBG graph /var/folders/zg/vq0dnx517c54hg87dyqjky740000gn/T/.tmp7o7wQ0/tmp/ --threads 10 --corrected-read 

Contig filename: 
Output dir: /var/folders/zg/vq0dnx517c54hg87dyqjky740000gn/T/.tmp7o7wQ0/tmp/
Minimizer length: 15
Kminmer length: 181
Density: 0.005
Min abundance: 0

Loading refined abundances
	Duration: 0
Collecting kminmers
Building mdbg
Duration: 0
Nb solid kminmers: 25951
Nb small contigs written: 0
Dump kminmer abundances
	Duration: 0
Indexing edges
Edge index size: 26054
Edge index elements: 49149
	Duration: 0
Compute unitig nodes
	Duration: 0
Index unitig edges
	Duration: 0
Compute unitig edges
	Duration: 0
Dump unitig abundances
	Duration: 0
Nb edges:   0


metaMDBG contig  /var/folders/zg/vq0dnx517c54hg87dyqjky740000gn/T/.tmp7o7wQ0/tmp/ --threads 10 --gen-graph 

Input dir: /var/folders/zg/vq0dnx517c54hg87dyqjky740000gn/T/.tmp7o7wQ0/tmp/
Minimizer length: 15
Kminmer length: 181
Density: 0.005

Loading unitig graph
Load unitigs
Nb unitigs: 241
Nb minimizers: 69331
Add unitig abundances
Sorting abundances
Add unitig edges
Nb unitig edges: 276
Sorting unitig edges
Done loading unitig graph
Simplifying
Max abundance: 40
Nb unitigs: 241
Superbubble
Nb superbubble removed: 0 0 (0s)
Tip
Nb Tip removed: 47 (0s)
Superbubble
Nb superbubble removed: 0 0 (0s)
Tip
Nb Tip removed: 0 (0s)
Saving unitig graph: /var/folders/zg/vq0dnx517c54hg87dyqjky740000gn/T/.tmp7o7wQ0/tmp//assembly_graph.gfa
Nb errors removed: 43 (0s)
Superbubble
Nb superbubble removed: 0 0 (0s)
Tip
Nb Tip removed: 0 (0s)
Nb errors removed: 25 (0s)
Superbubble
Nb superbubble removed: 0 0 (0s)
Tip
Nb Tip removed: 0 (0s)
Nb errors removed: 14 (0s)
Superbubble
Nb superbubble removed: 0 0 (0s)
Tip
Nb Tip removed: 0 (0s)
Nb errors removed: 11 (0s)
Superbubble
Nb superbubble removed: 0 0 (0s)
Tip
Nb Tip removed: 0 (0s)
Nb errors removed: 7 (0s)
Superbubble
Nb superbubble removed: 0 0 (0s)
Tip
Nb Tip removed: 0 (0s)
Nb errors removed: 11 (0s)
Superbubble
Nb superbubble removed: 0 0 (0s)
Tip
Nb Tip removed: 0 (0s)
Nb errors removed: 8 (0s)
Superbubble
Nb superbubble removed: 0 0 (0s)
Tip
Nb Tip removed: 0 (0s)
Nb errors removed: 18 (0s)
Superbubble
Nb superbubble removed: 0 0 (0s)
Tip
Nb Tip removed: 0 (0s)
Nb errors removed: 12 (0s)
Superbubble
Nb superbubble removed: 0 0 (0s)
Tip
Nb Tip removed: 0 (0s)
Nb errors removed: 5 (0s)
Superbubble
Nb superbubble removed: 0 0 (0s)
Tip
Nb Tip removed: 0 (0s)
Nb errors removed: 13 (0s)
Superbubble
Nb superbubble removed: 0 0 (0s)
Tip
Nb Tip removed: 0 (0s)
Nb errors removed: 1 (0s)
Superbubble
Nb superbubble removed: 0 0 (0s)
Tip
Nb Tip removed: 0 (0s)
Nb errors removed: 1 (0s)
Superbubble
Nb superbubble removed: 0 0 (0s)
Tip
Nb Tip removed: 0 (0s)
Nb errors removed: 10 (0s)
Superbubble
Nb superbubble removed: 0 0 (0s)
Tip
Nb Tip removed: 0 (0s)
Nb errors removed: 1 (0s)
Superbubble
Nb superbubble removed: 0 0 (0s)
Tip
Nb Tip removed: 0 (0s)
Checksum: 0
Checksum abundnace: 0
Generating contigs
41.1448
28.1025
23.2252
17.4494
13.11
11.9182
10.8347
9.84974
8.14028
7.40025
6.11591
5.05447
4.17725
3.13843
2.14359
0


metaMDBG toMinspace  /var/folders/zg/vq0dnx517c54hg87dyqjky740000gn/T/.tmp7o7wQ0/tmp/ /var/folders/zg/vq0dnx517c54hg87dyqjky740000gn/T/.tmp7o7wQ0/tmp//contigs.nodepath /var/folders/zg/vq0dnx517c54hg87dyqjky740000gn/T/.tmp7o7wQ0/tmp//unitig_data.txt --threads 10

Input dir: /var/folders/zg/vq0dnx517c54hg87dyqjky740000gn/T/.tmp7o7wQ0/tmp/
Minimizer length: 15
Kminmer length: 181
Density: 0.005

Loading unitig sequences

Creating mContigs

Contig filename: /var/folders/zg/vq0dnx517c54hg87dyqjky740000gn/T/.tmp7o7wQ0/tmp//unitig_data.txt


metaMDBG toMinspace  /var/folders/zg/vq0dnx517c54hg87dyqjky740000gn/T/.tmp7o7wQ0/tmp/ /var/folders/zg/vq0dnx517c54hg87dyqjky740000gn/T/.tmp7o7wQ0/tmp//assembly_graph.gfa.unitigs.nodepath /var/folders/zg/vq0dnx517c54hg87dyqjky740000gn/T/.tmp7o7wQ0/tmp//assembly_graph.gfa.unitigs --threads 10

Input dir: /var/folders/zg/vq0dnx517c54hg87dyqjky740000gn/T/.tmp7o7wQ0/tmp/
Minimizer length: 15
Kminmer length: 181
Density: 0.005

Loading unitig sequences

Creating mContigs

Contig filename: /var/folders/zg/vq0dnx517c54hg87dyqjky740000gn/T/.tmp7o7wQ0/tmp//assembly_graph.gfa.unitigs
pass done: 181
Multi-k pass: 182/206


metaMDBG graph /var/folders/zg/vq0dnx517c54hg87dyqjky740000gn/T/.tmp7o7wQ0/tmp/ --threads 10 --corrected-read 

Contig filename: 
Output dir: /var/folders/zg/vq0dnx517c54hg87dyqjky740000gn/T/.tmp7o7wQ0/tmp/
Minimizer length: 15
Kminmer length: 182
Density: 0.005
Min abundance: 0

Loading refined abundances
	Duration: 0
Collecting kminmers
Building mdbg
Duration: 0
Nb solid kminmers: 25846
Nb small contigs written: 0
Dump kminmer abundances
	Duration: 0
Indexing edges
Edge index size: 25948
Edge index elements: 49009
	Duration: 0
Compute unitig nodes
	Duration: 0
Index unitig edges
	Duration: 0
Compute unitig edges
	Duration: 0
Dump unitig abundances
	Duration: 0
Nb edges:   0


metaMDBG contig  /var/folders/zg/vq0dnx517c54hg87dyqjky740000gn/T/.tmp7o7wQ0/tmp/ --threads 10

Input dir: /var/folders/zg/vq0dnx517c54hg87dyqjky740000gn/T/.tmp7o7wQ0/tmp/
Minimizer length: 15
Kminmer length: 182
Density: 0.005

Loading unitig graph
Load unitigs
Nb unitigs: 236
Nb minimizers: 68562
Add unitig abundances
Sorting abundances
Add unitig edges
Nb unitig edges: 268
Sorting unitig edges
Done loading unitig graph
Simplifying
Max abundance: 40
Nb unitigs: 236
Superbubble
Nb superbubble removed: 0 0 (0s)
Tip
Nb Tip removed: 45 (0s)
Superbubble
Nb superbubble removed: 0 0 (0s)
Tip
Nb Tip removed: 0 (0s)
Nb errors removed: 42 (0s)
Superbubble
Nb superbubble removed: 0 0 (0s)
Tip
Nb Tip removed: 0 (0s)
Nb errors removed: 24 (0s)
Superbubble
Nb superbubble removed: 0 0 (0s)
Tip
Nb Tip removed: 0 (0s)
Nb errors removed: 14 (0s)
Superbubble
Nb superbubble removed: 0 0 (0s)
Tip
Nb Tip removed: 0 (0s)
Nb errors removed: 11 (0s)
Superbubble
Nb superbubble removed: 0 0 (0s)
Tip
Nb Tip removed: 0 (0s)
Nb errors removed: 7 (0s)
Superbubble
Nb superbubble removed: 0 0 (0s)
Tip
Nb Tip removed: 0 (0s)
Nb errors removed: 11 (0s)
Superbubble
Nb superbubble removed: 0 0 (0s)
Tip
Nb Tip removed: 0 (0s)
Nb errors removed: 8 (0s)
Superbubble
Nb superbubble removed: 0 0 (0s)
Tip
Nb Tip removed: 0 (0s)
Nb errors removed: 17 (0s)
Superbubble
Nb superbubble removed: 0 0 (0s)
Tip
Nb Tip removed: 0 (0s)
Nb errors removed: 12 (0s)
Superbubble
Nb superbubble removed: 0 0 (0s)
Tip
Nb Tip removed: 0 (0s)
Nb errors removed: 5 (0s)
Superbubble
Nb superbubble removed: 0 0 (0s)
Tip
Nb Tip removed: 0 (0s)
Nb errors removed: 12 (0s)
Superbubble
Nb superbubble removed: 0 0 (0s)
Tip
Nb Tip removed: 0 (0s)
Nb errors removed: 1 (0s)
Superbubble
Nb superbubble removed: 0 0 (0s)
Tip
Nb Tip removed: 0 (0s)
Nb errors removed: 1 (0s)
Superbubble
Nb superbubble removed: 0 0 (0s)
Tip
Nb Tip removed: 0 (0s)
Nb errors removed: 10 (0s)
Superbubble
Nb superbubble removed: 0 0 (0s)
Tip
Nb Tip removed: 0 (0s)
Nb errors removed: 1 (0s)
Superbubble
Nb superbubble removed: 0 0 (0s)
Tip
Nb Tip removed: 0 (0s)
Checksum: 0
Checksum abundnace: 0
Generating contigs
41.1448
28.1025
23.2252
17.4494
13.11
11.9182
10.8347
9.84974
8.14028
7.40025
6.11591
5.05447
4.17725
3.13843
2.14359
0


metaMDBG toMinspace  /var/folders/zg/vq0dnx517c54hg87dyqjky740000gn/T/.tmp7o7wQ0/tmp/ /var/folders/zg/vq0dnx517c54hg87dyqjky740000gn/T/.tmp7o7wQ0/tmp//contigs.nodepath /var/folders/zg/vq0dnx517c54hg87dyqjky740000gn/T/.tmp7o7wQ0/tmp//unitig_data.txt --threads 10

Input dir: /var/folders/zg/vq0dnx517c54hg87dyqjky740000gn/T/.tmp7o7wQ0/tmp/
Minimizer length: 15
Kminmer length: 182
Density: 0.005

Loading unitig sequences

Creating mContigs

Contig filename: /var/folders/zg/vq0dnx517c54hg87dyqjky740000gn/T/.tmp7o7wQ0/tmp//unitig_data.txt
pass done: 182
Multi-k pass: 183/206


metaMDBG graph /var/folders/zg/vq0dnx517c54hg87dyqjky740000gn/T/.tmp7o7wQ0/tmp/ --threads 10 --corrected-read 

Contig filename: 
Output dir: /var/folders/zg/vq0dnx517c54hg87dyqjky740000gn/T/.tmp7o7wQ0/tmp/
Minimizer length: 15
Kminmer length: 183
Density: 0.005
Min abundance: 0

Loading refined abundances
	Duration: 0
Collecting kminmers
Building mdbg
Duration: 0
Nb solid kminmers: 25744
Nb small contigs written: 0
Dump kminmer abundances
	Duration: 0
Indexing edges
Edge index size: 25844
Edge index elements: 48880
	Duration: 0
Compute unitig nodes
	Duration: 0
Index unitig edges
	Duration: 0
Compute unitig edges
	Duration: 0
Dump unitig abundances
	Duration: 0
Nb edges:   0


metaMDBG contig  /var/folders/zg/vq0dnx517c54hg87dyqjky740000gn/T/.tmp7o7wQ0/tmp/ --threads 10

Input dir: /var/folders/zg/vq0dnx517c54hg87dyqjky740000gn/T/.tmp7o7wQ0/tmp/
Minimizer length: 15
Kminmer length: 183
Density: 0.005

Loading unitig graph
Load unitigs
Nb unitigs: 234
Nb minimizers: 68332
Add unitig abundances
Sorting abundances
Add unitig edges
Nb unitig edges: 268
Sorting unitig edges
Done loading unitig graph
Simplifying
Max abundance: 40
Nb unitigs: 234
Superbubble
Nb superbubble removed: 0 0 (0s)
Tip
Nb Tip removed: 44 (0s)
Superbubble
Nb superbubble removed: 0 0 (0s)
Tip
Nb Tip removed: 0 (0s)
Nb errors removed: 42 (0s)
Superbubble
Nb superbubble removed: 0 0 (0s)
Tip
Nb Tip removed: 0 (0s)
Nb errors removed: 24 (0s)
Superbubble
Nb superbubble removed: 0 0 (0s)
Tip
Nb Tip removed: 0 (0s)
Nb errors removed: 14 (0s)
Superbubble
Nb superbubble removed: 0 0 (0s)
Tip
Nb Tip removed: 0 (0s)
Nb errors removed: 11 (0s)
Superbubble
Nb superbubble removed: 0 0 (0s)
Tip
Nb Tip removed: 0 (0s)
Nb errors removed: 7 (0s)
Superbubble
Nb superbubble removed: 0 0 (0s)
Tip
Nb Tip removed: 0 (0s)
Nb errors removed: 10 (0s)
Superbubble
Nb superbubble removed: 0 0 (0s)
Tip
Nb Tip removed: 0 (0s)
Nb errors removed: 8 (0s)
Superbubble
Nb superbubble removed: 0 0 (0s)
Tip
Nb Tip removed: 0 (0s)
Nb errors removed: 17 (0s)
Superbubble
Nb superbubble removed: 0 0 (0s)
Tip
Nb Tip removed: 0 (0s)
Nb errors removed: 11 (0s)
Superbubble
Nb superbubble removed: 0 0 (0s)
Tip
Nb Tip removed: 0 (0s)
Nb errors removed: 5 (0s)
Superbubble
Nb superbubble removed: 0 0 (0s)
Tip
Nb Tip removed: 0 (0s)
Nb errors removed: 12 (0s)
Superbubble
Nb superbubble removed: 0 0 (0s)
Tip
Nb Tip removed: 0 (0s)
Nb errors removed: 1 (0s)
Superbubble
Nb superbubble removed: 0 0 (0s)
Tip
Nb Tip removed: 0 (0s)
Nb errors removed: 1 (0s)
Superbubble
Nb superbubble removed: 0 0 (0s)
Tip
Nb Tip removed: 0 (0s)
Nb errors removed: 10 (0s)
Superbubble
Nb superbubble removed: 0 0 (0s)
Tip
Nb Tip removed: 0 (0s)
Nb errors removed: 1 (0s)
Superbubble
Nb superbubble removed: 0 0 (0s)
Tip
Nb Tip removed: 0 (0s)
Checksum: 0
Checksum abundnace: 0
Generating contigs
41.1448
28.1025
23.2252
17.4494
13.11
11.9182
10.8347
9.84974
8.14028
7.40025
6.11591
5.05447
4.17725
3.13843
2.14359
0


metaMDBG toMinspace  /var/folders/zg/vq0dnx517c54hg87dyqjky740000gn/T/.tmp7o7wQ0/tmp/ /var/folders/zg/vq0dnx517c54hg87dyqjky740000gn/T/.tmp7o7wQ0/tmp//contigs.nodepath /var/folders/zg/vq0dnx517c54hg87dyqjky740000gn/T/.tmp7o7wQ0/tmp//unitig_data.txt --threads 10

Input dir: /var/folders/zg/vq0dnx517c54hg87dyqjky740000gn/T/.tmp7o7wQ0/tmp/
Minimizer length: 15
Kminmer length: 183
Density: 0.005

Loading unitig sequences

Creating mContigs

Contig filename: /var/folders/zg/vq0dnx517c54hg87dyqjky740000gn/T/.tmp7o7wQ0/tmp//unitig_data.txt
pass done: 183
Multi-k pass: 184/206


metaMDBG graph /var/folders/zg/vq0dnx517c54hg87dyqjky740000gn/T/.tmp7o7wQ0/tmp/ --threads 10 --corrected-read 

Contig filename: 
Output dir: /var/folders/zg/vq0dnx517c54hg87dyqjky740000gn/T/.tmp7o7wQ0/tmp/
Minimizer length: 15
Kminmer length: 184
Density: 0.005
Min abundance: 0

Loading refined abundances
	Duration: 0
Collecting kminmers
Building mdbg
Duration: 0
Nb solid kminmers: 25641
Nb small contigs written: 0
Dump kminmer abundances
	Duration: 0
Indexing edges
Edge index size: 25744
Edge index elements: 48814
	Duration: 0
Compute unitig nodes
	Duration: 0
Index unitig edges
	Duration: 0
Compute unitig edges
	Duration: 0
Dump unitig abundances
	Duration: 0
Nb edges:   0


metaMDBG contig  /var/folders/zg/vq0dnx517c54hg87dyqjky740000gn/T/.tmp7o7wQ0/tmp/ --threads 10

Input dir: /var/folders/zg/vq0dnx517c54hg87dyqjky740000gn/T/.tmp7o7wQ0/tmp/
Minimizer length: 15
Kminmer length: 184
Density: 0.005

Loading unitig graph
Load unitigs
Nb unitigs: 231
Nb minimizers: 67914
Add unitig abundances
Sorting abundances
Add unitig edges
Nb unitig edges: 256
Sorting unitig edges
Done loading unitig graph
Simplifying
Max abundance: 40
Nb unitigs: 231
Superbubble
Nb superbubble removed: 0 0 (0s)
Tip
Nb Tip removed: 40 (0s)
Superbubble
Nb superbubble removed: 0 0 (0s)
Tip
Nb Tip removed: 0 (0s)
Nb errors removed: 42 (0s)
Superbubble
Nb superbubble removed: 0 0 (0s)
Tip
Nb Tip removed: 0 (0s)
Nb errors removed: 24 (0s)
Superbubble
Nb superbubble removed: 0 0 (0s)
Tip
Nb Tip removed: 0 (0s)
Nb errors removed: 14 (0s)
Superbubble
Nb superbubble removed: 0 0 (0s)
Tip
Nb Tip removed: 0 (0s)
Nb errors removed: 11 (0s)
Superbubble
Nb superbubble removed: 0 0 (0s)
Tip
Nb Tip removed: 0 (0s)
Nb errors removed: 7 (0s)
Superbubble
Nb superbubble removed: 0 0 (0s)
Tip
Nb Tip removed: 0 (0s)
Nb errors removed: 9 (0s)
Superbubble
Nb superbubble removed: 0 0 (0s)
Tip
Nb Tip removed: 0 (0s)
Nb errors removed: 8 (0s)
Superbubble
Nb superbubble removed: 0 0 (0s)
Tip
Nb Tip removed: 0 (0s)
Nb errors removed: 17 (0s)
Superbubble
Nb superbubble removed: 0 0 (0s)
Tip
Nb Tip removed: 0 (0s)
Nb errors removed: 11 (0s)
Superbubble
Nb superbubble removed: 0 0 (0s)
Tip
Nb Tip removed: 0 (0s)
Nb errors removed: 5 (0s)
Superbubble
Nb superbubble removed: 0 0 (0s)
Tip
Nb Tip removed: 0 (0s)
Nb errors removed: 12 (0s)
Superbubble
Nb superbubble removed: 0 0 (0s)
Tip
Nb Tip removed: 0 (0s)
Nb errors removed: 1 (0s)
Superbubble
Nb superbubble removed: 0 0 (0s)
Tip
Nb Tip removed: 0 (0s)
Nb errors removed: 1 (0s)
Superbubble
Nb superbubble removed: 0 0 (0s)
Tip
Nb Tip removed: 0 (0s)
Nb errors removed: 10 (0s)
Superbubble
Nb superbubble removed: 0 0 (0s)
Tip
Nb Tip removed: 0 (0s)
Nb errors removed: 1 (0s)
Superbubble
Nb superbubble removed: 0 0 (0s)
Tip
Nb Tip removed: 0 (0s)
Checksum: 0
Checksum abundnace: 0
Generating contigs
41.1448
28.1025
23.2252
17.4494
13.11
11.9182
10.8347
9.84974
8.14028
7.40025
6.11591
5.05447
4.17725
3.13843
2.14359
0


metaMDBG toMinspace  /var/folders/zg/vq0dnx517c54hg87dyqjky740000gn/T/.tmp7o7wQ0/tmp/ /var/folders/zg/vq0dnx517c54hg87dyqjky740000gn/T/.tmp7o7wQ0/tmp//contigs.nodepath /var/folders/zg/vq0dnx517c54hg87dyqjky740000gn/T/.tmp7o7wQ0/tmp//unitig_data.txt --threads 10

Input dir: /var/folders/zg/vq0dnx517c54hg87dyqjky740000gn/T/.tmp7o7wQ0/tmp/
Minimizer length: 15
Kminmer length: 184
Density: 0.005

Loading unitig sequences

Creating mContigs

Contig filename: /var/folders/zg/vq0dnx517c54hg87dyqjky740000gn/T/.tmp7o7wQ0/tmp//unitig_data.txt
pass done: 184
Multi-k pass: 185/206


metaMDBG graph /var/folders/zg/vq0dnx517c54hg87dyqjky740000gn/T/.tmp7o7wQ0/tmp/ --threads 10 --corrected-read 

Contig filename: 
Output dir: /var/folders/zg/vq0dnx517c54hg87dyqjky740000gn/T/.tmp7o7wQ0/tmp/
Minimizer length: 15
Kminmer length: 185
Density: 0.005
Min abundance: 0

Loading refined abundances
	Duration: 0
Collecting kminmers
Building mdbg
Duration: 0
Nb solid kminmers: 25538
Nb small contigs written: 0
Dump kminmer abundances
	Duration: 0
Indexing edges
Edge index size: 25640
Edge index elements: 48588
	Duration: 0
Compute unitig nodes
	Duration: 0
Index unitig edges
	Duration: 0
Compute unitig edges
	Duration: 0
Dump unitig abundances
	Duration: 0
Nb edges:   0


metaMDBG contig  /var/folders/zg/vq0dnx517c54hg87dyqjky740000gn/T/.tmp7o7wQ0/tmp/ --threads 10

Input dir: /var/folders/zg/vq0dnx517c54hg87dyqjky740000gn/T/.tmp7o7wQ0/tmp/
Minimizer length: 15
Kminmer length: 185
Density: 0.005

Loading unitig graph
Load unitigs
Nb unitigs: 230
Nb minimizers: 67858
Add unitig abundances
Sorting abundances
Add unitig edges
Nb unitig edges: 256
Sorting unitig edges
Done loading unitig graph
Simplifying
Max abundance: 40
Nb unitigs: 230
Superbubble
Nb superbubble removed: 0 0 (0s)
Tip
Nb Tip removed: 40 (0s)
Superbubble
Nb superbubble removed: 0 0 (0s)
Tip
Nb Tip removed: 0 (0s)
Nb errors removed: 42 (0s)
Superbubble
Nb superbubble removed: 0 0 (0s)
Tip
Nb Tip removed: 0 (0s)
Nb errors removed: 23 (0s)
Superbubble
Nb superbubble removed: 0 0 (0s)
Tip
Nb Tip removed: 0 (0s)
Nb errors removed: 14 (0s)
Superbubble
Nb superbubble removed: 0 0 (0s)
Tip
Nb Tip removed: 0 (0s)
Nb errors removed: 11 (0s)
Superbubble
Nb superbubble removed: 0 0 (0s)
Tip
Nb Tip removed: 0 (0s)
Nb errors removed: 7 (0s)
Superbubble
Nb superbubble removed: 0 0 (0s)
Tip
Nb Tip removed: 0 (0s)
Nb errors removed: 9 (0s)
Superbubble
Nb superbubble removed: 0 0 (0s)
Tip
Nb Tip removed: 0 (0s)
Nb errors removed: 8 (0s)
Superbubble
Nb superbubble removed: 0 0 (0s)
Tip
Nb Tip removed: 0 (0s)
Nb errors removed: 17 (0s)
Superbubble
Nb superbubble removed: 0 0 (0s)
Tip
Nb Tip removed: 0 (0s)
Nb errors removed: 11 (0s)
Superbubble
Nb superbubble removed: 0 0 (0s)
Tip
Nb Tip removed: 0 (0s)
Nb errors removed: 5 (0s)
Superbubble
Nb superbubble removed: 0 0 (0s)
Tip
Nb Tip removed: 0 (0s)
Nb errors removed: 12 (0s)
Superbubble
Nb superbubble removed: 0 0 (0s)
Tip
Nb Tip removed: 0 (0s)
Nb errors removed: 1 (0s)
Superbubble
Nb superbubble removed: 0 0 (0s)
Tip
Nb Tip removed: 0 (0s)
Nb errors removed: 1 (0s)
Superbubble
Nb superbubble removed: 0 0 (0s)
Tip
Nb Tip removed: 0 (0s)
Nb errors removed: 10 (0s)
Superbubble
Nb superbubble removed: 0 0 (0s)
Tip
Nb Tip removed: 0 (0s)
Nb errors removed: 1 (0s)
Superbubble
Nb superbubble removed: 0 0 (0s)
Tip
Nb Tip removed: 0 (0s)
Checksum: 0
Checksum abundnace: 0
Generating contigs
41.1448
28.1025
23.2252
17.4494
13.11
11.9182
10.8347
9.84974
8.14028
7.40025
6.11591
5.05447
4.17725
3.13843
2.14359
0


metaMDBG toMinspace  /var/folders/zg/vq0dnx517c54hg87dyqjky740000gn/T/.tmp7o7wQ0/tmp/ /var/folders/zg/vq0dnx517c54hg87dyqjky740000gn/T/.tmp7o7wQ0/tmp//contigs.nodepath /var/folders/zg/vq0dnx517c54hg87dyqjky740000gn/T/.tmp7o7wQ0/tmp//unitig_data.txt --threads 10

Input dir: /var/folders/zg/vq0dnx517c54hg87dyqjky740000gn/T/.tmp7o7wQ0/tmp/
Minimizer length: 15
Kminmer length: 185
Density: 0.005

Loading unitig sequences

Creating mContigs

Contig filename: /var/folders/zg/vq0dnx517c54hg87dyqjky740000gn/T/.tmp7o7wQ0/tmp//unitig_data.txt
pass done: 185
Multi-k pass: 186/206


metaMDBG graph /var/folders/zg/vq0dnx517c54hg87dyqjky740000gn/T/.tmp7o7wQ0/tmp/ --threads 10 --corrected-read 

Contig filename: 
Output dir: /var/folders/zg/vq0dnx517c54hg87dyqjky740000gn/T/.tmp7o7wQ0/tmp/
Minimizer length: 15
Kminmer length: 186
Density: 0.005
Min abundance: 0

Loading refined abundances
	Duration: 0
Collecting kminmers
Building mdbg
Duration: 0
Nb solid kminmers: 25435
Nb small contigs written: 0
Dump kminmer abundances
	Duration: 0
Indexing edges
Edge index size: 25538
Edge index elements: 48363
	Duration: 0
Compute unitig nodes
	Duration: 0
Index unitig edges
	Duration: 0
Compute unitig edges
	Duration: 0
Dump unitig abundances
	Duration: 0
Nb edges:   0


metaMDBG contig  /var/folders/zg/vq0dnx517c54hg87dyqjky740000gn/T/.tmp7o7wQ0/tmp/ --threads 10

Input dir: /var/folders/zg/vq0dnx517c54hg87dyqjky740000gn/T/.tmp7o7wQ0/tmp/
Minimizer length: 15
Kminmer length: 186
Density: 0.005

Loading unitig graph
Load unitigs
Nb unitigs: 229
Nb minimizers: 67800
Add unitig abundances
Sorting abundances
Add unitig edges
Nb unitig edges: 252
Sorting unitig edges
Done loading unitig graph
Simplifying
Max abundance: 40
Nb unitigs: 229
Superbubble
Nb superbubble removed: 0 0 (0s)
Tip
Nb Tip removed: 39 (0s)
Superbubble
Nb superbubble removed: 0 0 (0s)
Tip
Nb Tip removed: 0 (0s)
Nb errors removed: 42 (0s)
Superbubble
Nb superbubble removed: 0 0 (0s)
Tip
Nb Tip removed: 0 (0s)
Nb errors removed: 23 (0s)
Superbubble
Nb superbubble removed: 0 0 (0s)
Tip
Nb Tip removed: 0 (0s)
Nb errors removed: 14 (0s)
Superbubble
Nb superbubble removed: 0 0 (0s)
Tip
Nb Tip removed: 0 (0s)
Nb errors removed: 11 (0s)
Superbubble
Nb superbubble removed: 0 0 (0s)
Tip
Nb Tip removed: 0 (0s)
Nb errors removed: 7 (0s)
Superbubble
Nb superbubble removed: 0 0 (0s)
Tip
Nb Tip removed: 0 (0s)
Nb errors removed: 9 (0s)
Superbubble
Nb superbubble removed: 0 0 (0s)
Tip
Nb Tip removed: 0 (0s)
Nb errors removed: 8 (0s)
Superbubble
Nb superbubble removed: 0 0 (0s)
Tip
Nb Tip removed: 0 (0s)
Nb errors removed: 17 (0s)
Superbubble
Nb superbubble removed: 0 0 (0s)
Tip
Nb Tip removed: 0 (0s)
Nb errors removed: 11 (0s)
Superbubble
Nb superbubble removed: 0 0 (0s)
Tip
Nb Tip removed: 0 (0s)
Nb errors removed: 5 (0s)
Superbubble
Nb superbubble removed: 0 0 (0s)
Tip
Nb Tip removed: 0 (0s)
Nb errors removed: 12 (0s)
Superbubble
Nb superbubble removed: 0 0 (0s)
Tip
Nb Tip removed: 0 (0s)
Nb errors removed: 1 (0s)
Superbubble
Nb superbubble removed: 0 0 (0s)
Tip
Nb Tip removed: 0 (0s)
Nb errors removed: 1 (0s)
Superbubble
Nb superbubble removed: 0 0 (0s)
Tip
Nb Tip removed: 0 (0s)
Nb errors removed: 10 (0s)
Superbubble
Nb superbubble removed: 0 0 (0s)
Tip
Nb Tip removed: 0 (0s)
Nb errors removed: 1 (0s)
Superbubble
Nb superbubble removed: 0 0 (0s)
Tip
Nb Tip removed: 0 (0s)
Checksum: 0
Checksum abundnace: 0
Generating contigs
41.1448
28.1025
23.2252
17.4494
13.11
11.9182
10.8347
9.84974
8.14028
7.40025
6.11591
5.05447
4.17725
3.13843
2.14359
0


metaMDBG toMinspace  /var/folders/zg/vq0dnx517c54hg87dyqjky740000gn/T/.tmp7o7wQ0/tmp/ /var/folders/zg/vq0dnx517c54hg87dyqjky740000gn/T/.tmp7o7wQ0/tmp//contigs.nodepath /var/folders/zg/vq0dnx517c54hg87dyqjky740000gn/T/.tmp7o7wQ0/tmp//unitig_data.txt --threads 10

Input dir: /var/folders/zg/vq0dnx517c54hg87dyqjky740000gn/T/.tmp7o7wQ0/tmp/
Minimizer length: 15
Kminmer length: 186
Density: 0.005

Loading unitig sequences

Creating mContigs

Contig filename: /var/folders/zg/vq0dnx517c54hg87dyqjky740000gn/T/.tmp7o7wQ0/tmp//unitig_data.txt
pass done: 186
Multi-k pass: 187/206


metaMDBG graph /var/folders/zg/vq0dnx517c54hg87dyqjky740000gn/T/.tmp7o7wQ0/tmp/ --threads 10 --corrected-read 

Contig filename: 
Output dir: /var/folders/zg/vq0dnx517c54hg87dyqjky740000gn/T/.tmp7o7wQ0/tmp/
Minimizer length: 15
Kminmer length: 187
Density: 0.005
Min abundance: 0

Loading refined abundances
	Duration: 0
Collecting kminmers
Building mdbg
Duration: 0
Nb solid kminmers: 25332
Nb small contigs written: 0
Dump kminmer abundances
	Duration: 0
Indexing edges
Edge index size: 25434
Edge index elements: 48258
	Duration: 0
Compute unitig nodes
	Duration: 0
Index unitig edges
	Duration: 0
Compute unitig edges
	Duration: 0
Dump unitig abundances
	Duration: 0
Nb edges:   0


metaMDBG contig  /var/folders/zg/vq0dnx517c54hg87dyqjky740000gn/T/.tmp7o7wQ0/tmp/ --threads 10

Input dir: /var/folders/zg/vq0dnx517c54hg87dyqjky740000gn/T/.tmp7o7wQ0/tmp/
Minimizer length: 15
Kminmer length: 187
Density: 0.005

Loading unitig graph
Load unitigs
Nb unitigs: 228
Nb minimizers: 67740
Add unitig abundances
Sorting abundances
Add unitig edges
Nb unitig edges: 252
Sorting unitig edges
Done loading unitig graph
Simplifying
Max abundance: 40
Nb unitigs: 228
Superbubble
Nb superbubble removed: 0 0 (0s)
Tip
Nb Tip removed: 39 (0s)
Superbubble
Nb superbubble removed: 0 0 (0s)
Tip
Nb Tip removed: 0 (0s)
Nb errors removed: 42 (0s)
Superbubble
Nb superbubble removed: 0 0 (0s)
Tip
Nb Tip removed: 0 (0s)
Nb errors removed: 23 (0s)
Superbubble
Nb superbubble removed: 0 0 (0s)
Tip
Nb Tip removed: 0 (0s)
Nb errors removed: 14 (0s)
Superbubble
Nb superbubble removed: 0 0 (0s)
Tip
Nb Tip removed: 0 (0s)
Nb errors removed: 11 (0s)
Superbubble
Nb superbubble removed: 0 0 (0s)
Tip
Nb Tip removed: 0 (0s)
Nb errors removed: 7 (0s)
Superbubble
Nb superbubble removed: 0 0 (0s)
Tip
Nb Tip removed: 0 (0s)
Nb errors removed: 9 (0s)
Superbubble
Nb superbubble removed: 0 0 (0s)
Tip
Nb Tip removed: 0 (0s)
Nb errors removed: 8 (0s)
Superbubble
Nb superbubble removed: 0 0 (0s)
Tip
Nb Tip removed: 0 (0s)
Nb errors removed: 17 (0s)
Superbubble
Nb superbubble removed: 0 0 (0s)
Tip
Nb Tip removed: 0 (0s)
Nb errors removed: 11 (0s)
Superbubble
Nb superbubble removed: 0 0 (0s)
Tip
Nb Tip removed: 0 (0s)
Nb errors removed: 5 (0s)
Superbubble
Nb superbubble removed: 0 0 (0s)
Tip
Nb Tip removed: 0 (0s)
Nb errors removed: 11 (0s)
Superbubble
Nb superbubble removed: 0 0 (0s)
Tip
Nb Tip removed: 0 (0s)
Nb errors removed: 1 (0s)
Superbubble
Nb superbubble removed: 0 0 (0s)
Tip
Nb Tip removed: 0 (0s)
Nb errors removed: 1 (0s)
Superbubble
Nb superbubble removed: 0 0 (0s)
Tip
Nb Tip removed: 0 (0s)
Nb errors removed: 10 (0s)
Superbubble
Nb superbubble removed: 0 0 (0s)
Tip
Nb Tip removed: 0 (0s)
Nb errors removed: 1 (0s)
Superbubble
Nb superbubble removed: 0 0 (0s)
Tip
Nb Tip removed: 0 (0s)
Checksum: 0
Checksum abundnace: 0
Generating contigs
41.1448
28.1025
23.2252
17.4494
13.11
11.9182
10.8347
9.84974
8.14028
7.40025
6.11591
5.05447
4.17725
3.13843
2.14359
0


metaMDBG toMinspace  /var/folders/zg/vq0dnx517c54hg87dyqjky740000gn/T/.tmp7o7wQ0/tmp/ /var/folders/zg/vq0dnx517c54hg87dyqjky740000gn/T/.tmp7o7wQ0/tmp//contigs.nodepath /var/folders/zg/vq0dnx517c54hg87dyqjky740000gn/T/.tmp7o7wQ0/tmp//unitig_data.txt --threads 10

Input dir: /var/folders/zg/vq0dnx517c54hg87dyqjky740000gn/T/.tmp7o7wQ0/tmp/
Minimizer length: 15
Kminmer length: 187
Density: 0.005

Loading unitig sequences

Creating mContigs

Contig filename: /var/folders/zg/vq0dnx517c54hg87dyqjky740000gn/T/.tmp7o7wQ0/tmp//unitig_data.txt
pass done: 187
Multi-k pass: 188/206


metaMDBG graph /var/folders/zg/vq0dnx517c54hg87dyqjky740000gn/T/.tmp7o7wQ0/tmp/ --threads 10 --corrected-read 

Contig filename: 
Output dir: /var/folders/zg/vq0dnx517c54hg87dyqjky740000gn/T/.tmp7o7wQ0/tmp/
Minimizer length: 15
Kminmer length: 188
Density: 0.005
Min abundance: 0

Loading refined abundances
	Duration: 0
Collecting kminmers
Building mdbg
Duration: 0
Nb solid kminmers: 25229
Nb small contigs written: 0
Dump kminmer abundances
	Duration: 0
Indexing edges
Edge index size: 25330
Edge index elements: 48152
	Duration: 0
Compute unitig nodes
	Duration: 0
Index unitig edges
	Duration: 0
Compute unitig edges
	Duration: 0
Dump unitig abundances
	Duration: 0
Nb edges:   0


metaMDBG contig  /var/folders/zg/vq0dnx517c54hg87dyqjky740000gn/T/.tmp7o7wQ0/tmp/ --threads 10

Input dir: /var/folders/zg/vq0dnx517c54hg87dyqjky740000gn/T/.tmp7o7wQ0/tmp/
Minimizer length: 15
Kminmer length: 188
Density: 0.005

Loading unitig graph
Load unitigs
Nb unitigs: 225
Nb minimizers: 67304
Add unitig abundances
Sorting abundances
Add unitig edges
Nb unitig edges: 248
Sorting unitig edges
Done loading unitig graph
Simplifying
Max abundance: 40
Nb unitigs: 225
Superbubble
Nb superbubble removed: 0 0 (0s)
Tip
Nb Tip removed: 36 (0s)
Superbubble
Nb superbubble removed: 0 0 (0s)
Tip
Nb Tip removed: 0 (0s)
Nb errors removed: 42 (0s)
Superbubble
Nb superbubble removed: 0 0 (0s)
Tip
Nb Tip removed: 0 (0s)
Nb errors removed: 22 (0s)
Superbubble
Nb superbubble removed: 0 0 (0s)
Tip
Nb Tip removed: 0 (0s)
Nb errors removed: 14 (0s)
Superbubble
Nb superbubble removed: 0 0 (0s)
Tip
Nb Tip removed: 0 (0s)
Nb errors removed: 11 (0s)
Superbubble
Nb superbubble removed: 0 0 (0s)
Tip
Nb Tip removed: 0 (0s)
Nb errors removed: 7 (0s)
Superbubble
Nb superbubble removed: 0 0 (0s)
Tip
Nb Tip removed: 0 (0s)
Nb errors removed: 9 (0s)
Superbubble
Nb superbubble removed: 0 0 (0s)
Tip
Nb Tip removed: 0 (0s)
Nb errors removed: 8 (0s)
Superbubble
Nb superbubble removed: 0 0 (0s)
Tip
Nb Tip removed: 0 (0s)
Nb errors removed: 17 (0s)
Superbubble
Nb superbubble removed: 0 0 (0s)
Tip
Nb Tip removed: 0 (0s)
Nb errors removed: 11 (0s)
Superbubble
Nb superbubble removed: 0 0 (0s)
Tip
Nb Tip removed: 0 (0s)
Nb errors removed: 5 (0s)
Superbubble
Nb superbubble removed: 0 0 (0s)
Tip
Nb Tip removed: 0 (0s)
Nb errors removed: 10 (0s)
Superbubble
Nb superbubble removed: 0 0 (0s)
Tip
Nb Tip removed: 0 (0s)
Nb errors removed: 1 (0s)
Superbubble
Nb superbubble removed: 0 0 (0s)
Tip
Nb Tip removed: 0 (0s)
Nb errors removed: 1 (0s)
Superbubble
Nb superbubble removed: 0 0 (0s)
Tip
Nb Tip removed: 0 (0s)
Nb errors removed: 10 (0s)
Superbubble
Nb superbubble removed: 0 0 (0s)
Tip
Nb Tip removed: 0 (0s)
Nb errors removed: 1 (0s)
Superbubble
Nb superbubble removed: 0 0 (0s)
Tip
Nb Tip removed: 0 (0s)
Checksum: 0
Checksum abundnace: 0
Generating contigs
41.1448
28.1025
23.2252
17.4494
13.11
11.9182
10.8347
9.84974
8.14028
7.40025
6.11591
5.05447
4.17725
3.13843
2.14359
0


metaMDBG toMinspace  /var/folders/zg/vq0dnx517c54hg87dyqjky740000gn/T/.tmp7o7wQ0/tmp/ /var/folders/zg/vq0dnx517c54hg87dyqjky740000gn/T/.tmp7o7wQ0/tmp//contigs.nodepath /var/folders/zg/vq0dnx517c54hg87dyqjky740000gn/T/.tmp7o7wQ0/tmp//unitig_data.txt --threads 10

Input dir: /var/folders/zg/vq0dnx517c54hg87dyqjky740000gn/T/.tmp7o7wQ0/tmp/
Minimizer length: 15
Kminmer length: 188
Density: 0.005

Loading unitig sequences

Creating mContigs

Contig filename: /var/folders/zg/vq0dnx517c54hg87dyqjky740000gn/T/.tmp7o7wQ0/tmp//unitig_data.txt
pass done: 188
Multi-k pass: 189/206


metaMDBG graph /var/folders/zg/vq0dnx517c54hg87dyqjky740000gn/T/.tmp7o7wQ0/tmp/ --threads 10 --corrected-read 

Contig filename: 
Output dir: /var/folders/zg/vq0dnx517c54hg87dyqjky740000gn/T/.tmp7o7wQ0/tmp/
Minimizer length: 15
Kminmer length: 189
Density: 0.005
Min abundance: 0

Loading refined abundances
	Duration: 0
Collecting kminmers
Building mdbg
Duration: 0
Nb solid kminmers: 25128
Nb small contigs written: 0
Dump kminmer abundances
	Duration: 0
Indexing edges
Edge index size: 25228
Edge index elements: 48062
	Duration: 0
Compute unitig nodes
	Duration: 0
Index unitig edges
	Duration: 0
Compute unitig edges
	Duration: 0
Dump unitig abundances
	Duration: 0
Nb edges:   0


metaMDBG contig  /var/folders/zg/vq0dnx517c54hg87dyqjky740000gn/T/.tmp7o7wQ0/tmp/ --threads 10

Input dir: /var/folders/zg/vq0dnx517c54hg87dyqjky740000gn/T/.tmp7o7wQ0/tmp/
Minimizer length: 15
Kminmer length: 189
Density: 0.005

Loading unitig graph
Load unitigs
Nb unitigs: 224
Nb minimizers: 67240
Add unitig abundances
Sorting abundances
Add unitig edges
Nb unitig edges: 248
Sorting unitig edges
Done loading unitig graph
Simplifying
Max abundance: 40
Nb unitigs: 224
Superbubble
Nb superbubble removed: 0 0 (0s)
Tip
Nb Tip removed: 35 (0s)
Superbubble
Nb superbubble removed: 0 0 (0s)
Tip
Nb Tip removed: 0 (0s)
Nb errors removed: 42 (0s)
Superbubble
Nb superbubble removed: 0 0 (0s)
Tip
Nb Tip removed: 0 (0s)
Nb errors removed: 22 (0s)
Superbubble
Nb superbubble removed: 0 0 (0s)
Tip
Nb Tip removed: 0 (0s)
Nb errors removed: 14 (0s)
Superbubble
Nb superbubble removed: 0 0 (0s)
Tip
Nb Tip removed: 0 (0s)
Nb errors removed: 11 (0s)
Superbubble
Nb superbubble removed: 0 0 (0s)
Tip
Nb Tip removed: 0 (0s)
Nb errors removed: 7 (0s)
Superbubble
Nb superbubble removed: 0 0 (0s)
Tip
Nb Tip removed: 0 (0s)
Nb errors removed: 8 (0s)
Superbubble
Nb superbubble removed: 0 0 (0s)
Tip
Nb Tip removed: 0 (0s)
Nb errors removed: 8 (0s)
Superbubble
Nb superbubble removed: 0 0 (0s)
Tip
Nb Tip removed: 0 (0s)
Nb errors removed: 17 (0s)
Superbubble
Nb superbubble removed: 0 0 (0s)
Tip
Nb Tip removed: 0 (0s)
Nb errors removed: 11 (0s)
Superbubble
Nb superbubble removed: 0 0 (0s)
Tip
Nb Tip removed: 0 (0s)
Nb errors removed: 5 (0s)
Superbubble
Nb superbubble removed: 0 0 (0s)
Tip
Nb Tip removed: 0 (0s)
Nb errors removed: 10 (0s)
Superbubble
Nb superbubble removed: 0 0 (0s)
Tip
Nb Tip removed: 0 (0s)
Nb errors removed: 1 (0s)
Superbubble
Nb superbubble removed: 0 0 (0s)
Tip
Nb Tip removed: 0 (0s)
Nb errors removed: 1 (0s)
Superbubble
Nb superbubble removed: 0 0 (0s)
Tip
Nb Tip removed: 0 (0s)
Nb errors removed: 10 (0s)
Superbubble
Nb superbubble removed: 0 0 (0s)
Tip
Nb Tip removed: 0 (0s)
Nb errors removed: 1 (0s)
Superbubble
Nb superbubble removed: 0 0 (0s)
Tip
Nb Tip removed: 0 (0s)
Checksum: 0
Checksum abundnace: 0
Generating contigs
41.1448
28.1025
23.2252
17.4494
13.11
11.9182
10.8347
9.84974
8.14028
7.40025
6.11591
5.05447
4.17725
3.13843
2.14359
0


metaMDBG toMinspace  /var/folders/zg/vq0dnx517c54hg87dyqjky740000gn/T/.tmp7o7wQ0/tmp/ /var/folders/zg/vq0dnx517c54hg87dyqjky740000gn/T/.tmp7o7wQ0/tmp//contigs.nodepath /var/folders/zg/vq0dnx517c54hg87dyqjky740000gn/T/.tmp7o7wQ0/tmp//unitig_data.txt --threads 10

Input dir: /var/folders/zg/vq0dnx517c54hg87dyqjky740000gn/T/.tmp7o7wQ0/tmp/
Minimizer length: 15
Kminmer length: 189
Density: 0.005

Loading unitig sequences

Creating mContigs

Contig filename: /var/folders/zg/vq0dnx517c54hg87dyqjky740000gn/T/.tmp7o7wQ0/tmp//unitig_data.txt
pass done: 189
Multi-k pass: 190/206


metaMDBG graph /var/folders/zg/vq0dnx517c54hg87dyqjky740000gn/T/.tmp7o7wQ0/tmp/ --threads 10 --corrected-read 

Contig filename: 
Output dir: /var/folders/zg/vq0dnx517c54hg87dyqjky740000gn/T/.tmp7o7wQ0/tmp/
Minimizer length: 15
Kminmer length: 190
Density: 0.005
Min abundance: 0

Loading refined abundances
	Duration: 0
Collecting kminmers
Building mdbg
Duration: 0
Nb solid kminmers: 25026
Nb small contigs written: 0
Dump kminmer abundances
	Duration: 0
Indexing edges
Edge index size: 25125
Edge index elements: 47730
	Duration: 0
Compute unitig nodes
	Duration: 0
Index unitig edges
	Duration: 0
Compute unitig edges
	Duration: 0
Dump unitig abundances
	Duration: 0
Nb edges:   0


metaMDBG contig  /var/folders/zg/vq0dnx517c54hg87dyqjky740000gn/T/.tmp7o7wQ0/tmp/ --threads 10

Input dir: /var/folders/zg/vq0dnx517c54hg87dyqjky740000gn/T/.tmp7o7wQ0/tmp/
Minimizer length: 15
Kminmer length: 190
Density: 0.005

Loading unitig graph
Load unitigs
Nb unitigs: 219
Nb minimizers: 66417
Add unitig abundances
Sorting abundances
Add unitig edges
Nb unitig edges: 240
Sorting unitig edges
Done loading unitig graph
Simplifying
Max abundance: 40
Nb unitigs: 219
Superbubble
Nb superbubble removed: 0 0 (0s)
Tip
Nb Tip removed: 34 (0s)
Superbubble
Nb superbubble removed: 0 0 (0s)
Tip
Nb Tip removed: 0 (0s)
Nb errors removed: 41 (0s)
Superbubble
Nb superbubble removed: 0 0 (0s)
Tip
Nb Tip removed: 0 (0s)
Nb errors removed: 22 (0s)
Superbubble
Nb superbubble removed: 0 0 (0s)
Tip
Nb Tip removed: 0 (0s)
Nb errors removed: 12 (0s)
Superbubble
Nb superbubble removed: 0 0 (0s)
Tip
Nb Tip removed: 0 (0s)
Nb errors removed: 11 (0s)
Superbubble
Nb superbubble removed: 0 0 (0s)
Tip
Nb Tip removed: 0 (0s)
Nb errors removed: 7 (0s)
Superbubble
Nb superbubble removed: 0 0 (0s)
Tip
Nb Tip removed: 0 (0s)
Nb errors removed: 8 (0s)
Superbubble
Nb superbubble removed: 0 0 (0s)
Tip
Nb Tip removed: 0 (0s)
Nb errors removed: 8 (0s)
Superbubble
Nb superbubble removed: 0 0 (0s)
Tip
Nb Tip removed: 0 (0s)
Nb errors removed: 17 (0s)
Superbubble
Nb superbubble removed: 0 0 (0s)
Tip
Nb Tip removed: 0 (0s)
Nb errors removed: 11 (0s)
Superbubble
Nb superbubble removed: 0 0 (0s)
Tip
Nb Tip removed: 0 (0s)
Nb errors removed: 5 (0s)
Superbubble
Nb superbubble removed: 0 0 (0s)
Tip
Nb Tip removed: 0 (0s)
Nb errors removed: 10 (0s)
Superbubble
Nb superbubble removed: 0 0 (0s)
Tip
Nb Tip removed: 0 (0s)
Nb errors removed: 1 (0s)
Superbubble
Nb superbubble removed: 0 0 (0s)
Tip
Nb Tip removed: 0 (0s)
Nb errors removed: 1 (0s)
Superbubble
Nb superbubble removed: 0 0 (0s)
Tip
Nb Tip removed: 0 (0s)
Nb errors removed: 10 (0s)
Superbubble
Nb superbubble removed: 0 0 (0s)
Tip
Nb Tip removed: 0 (0s)
Nb errors removed: 1 (0s)
Superbubble
Nb superbubble removed: 0 0 (0s)
Tip
Nb Tip removed: 0 (0s)
Checksum: 0
Checksum abundnace: 0
Generating contigs
41.1448
28.1025
23.2252
17.4494
13.11
11.9182
10.8347
9.84974
8.14028
7.40025
6.11591
5.05447
4.17725
3.13843
2.14359
0


metaMDBG toMinspace  /var/folders/zg/vq0dnx517c54hg87dyqjky740000gn/T/.tmp7o7wQ0/tmp/ /var/folders/zg/vq0dnx517c54hg87dyqjky740000gn/T/.tmp7o7wQ0/tmp//contigs.nodepath /var/folders/zg/vq0dnx517c54hg87dyqjky740000gn/T/.tmp7o7wQ0/tmp//unitig_data.txt --threads 10

Input dir: /var/folders/zg/vq0dnx517c54hg87dyqjky740000gn/T/.tmp7o7wQ0/tmp/
Minimizer length: 15
Kminmer length: 190
Density: 0.005

Loading unitig sequences

Creating mContigs

Contig filename: /var/folders/zg/vq0dnx517c54hg87dyqjky740000gn/T/.tmp7o7wQ0/tmp//unitig_data.txt
pass done: 190
Multi-k pass: 191/206


metaMDBG graph /var/folders/zg/vq0dnx517c54hg87dyqjky740000gn/T/.tmp7o7wQ0/tmp/ --threads 10 --corrected-read 

Contig filename: 
Output dir: /var/folders/zg/vq0dnx517c54hg87dyqjky740000gn/T/.tmp7o7wQ0/tmp/
Minimizer length: 15
Kminmer length: 191
Density: 0.005
Min abundance: 0

Loading refined abundances
	Duration: 0
Collecting kminmers
Building mdbg
Duration: 0
Nb solid kminmers: 24926
Nb small contigs written: 0
Dump kminmer abundances
	Duration: 0
Indexing edges
Edge index size: 25026
Edge index elements: 47599
	Duration: 0
Compute unitig nodes
	Duration: 0
Index unitig edges
	Duration: 0
Compute unitig edges
	Duration: 0
Dump unitig abundances
	Duration: 0
Nb edges:   0


metaMDBG contig  /var/folders/zg/vq0dnx517c54hg87dyqjky740000gn/T/.tmp7o7wQ0/tmp/ --threads 10 --gen-graph 

Input dir: /var/folders/zg/vq0dnx517c54hg87dyqjky740000gn/T/.tmp7o7wQ0/tmp/
Minimizer length: 15
Kminmer length: 191
Density: 0.005

Loading unitig graph
Load unitigs
Nb unitigs: 218
Nb minimizers: 66346
Add unitig abundances
Sorting abundances
Add unitig edges
Nb unitig edges: 236
Sorting unitig edges
Done loading unitig graph
Simplifying
Max abundance: 40
Nb unitigs: 218
Superbubble
Nb superbubble removed: 0 0 (0s)
Tip
Nb Tip removed: 34 (0s)
Superbubble
Nb superbubble removed: 0 0 (0s)
Tip
Nb Tip removed: 0 (0s)
Saving unitig graph: /var/folders/zg/vq0dnx517c54hg87dyqjky740000gn/T/.tmp7o7wQ0/tmp//assembly_graph.gfa
Nb errors removed: 42 (0s)
Superbubble
Nb superbubble removed: 0 0 (0s)
Tip
Nb Tip removed: 0 (0s)
Nb errors removed: 22 (0s)
Superbubble
Nb superbubble removed: 0 0 (0s)
Tip
Nb Tip removed: 0 (0s)
Nb errors removed: 12 (0s)
Superbubble
Nb superbubble removed: 0 0 (0s)
Tip
Nb Tip removed: 0 (0s)
Nb errors removed: 11 (0s)
Superbubble
Nb superbubble removed: 0 0 (0s)
Tip
Nb Tip removed: 0 (0s)
Nb errors removed: 7 (0s)
Superbubble
Nb superbubble removed: 0 0 (0s)
Tip
Nb Tip removed: 0 (0s)
Nb errors removed: 8 (0s)
Superbubble
Nb superbubble removed: 0 0 (0s)
Tip
Nb Tip removed: 0 (0s)
Nb errors removed: 8 (0s)
Superbubble
Nb superbubble removed: 0 0 (0s)
Tip
Nb Tip removed: 0 (0s)
Nb errors removed: 17 (0s)
Superbubble
Nb superbubble removed: 0 0 (0s)
Tip
Nb Tip removed: 0 (0s)
Nb errors removed: 11 (0s)
Superbubble
Nb superbubble removed: 0 0 (0s)
Tip
Nb Tip removed: 0 (0s)
Nb errors removed: 5 (0s)
Superbubble
Nb superbubble removed: 0 0 (0s)
Tip
Nb Tip removed: 0 (0s)
Nb errors removed: 10 (0s)
Superbubble
Nb superbubble removed: 0 0 (0s)
Tip
Nb Tip removed: 0 (0s)
Nb errors removed: 1 (0s)
Superbubble
Nb superbubble removed: 0 0 (0s)
Tip
Nb Tip removed: 0 (0s)
Nb errors removed: 1 (0s)
Superbubble
Nb superbubble removed: 0 0 (0s)
Tip
Nb Tip removed: 0 (0s)
Nb errors removed: 10 (0s)
Superbubble
Nb superbubble removed: 0 0 (0s)
Tip
Nb Tip removed: 0 (0s)
Nb errors removed: 1 (0s)
Superbubble
Nb superbubble removed: 0 0 (0s)
Tip
Nb Tip removed: 0 (0s)
Checksum: 0
Checksum abundnace: 0
Generating contigs
41.1448
28.1025
23.2252
17.4494
13.11
11.9182
10.8347
9.84974
8.14028
7.40025
6.11591
5.05447
4.17725
3.13843
2.14359
0


metaMDBG toMinspace  /var/folders/zg/vq0dnx517c54hg87dyqjky740000gn/T/.tmp7o7wQ0/tmp/ /var/folders/zg/vq0dnx517c54hg87dyqjky740000gn/T/.tmp7o7wQ0/tmp//contigs.nodepath /var/folders/zg/vq0dnx517c54hg87dyqjky740000gn/T/.tmp7o7wQ0/tmp//unitig_data.txt --threads 10

Input dir: /var/folders/zg/vq0dnx517c54hg87dyqjky740000gn/T/.tmp7o7wQ0/tmp/
Minimizer length: 15
Kminmer length: 191
Density: 0.005

Loading unitig sequences

Creating mContigs

Contig filename: /var/folders/zg/vq0dnx517c54hg87dyqjky740000gn/T/.tmp7o7wQ0/tmp//unitig_data.txt


metaMDBG toMinspace  /var/folders/zg/vq0dnx517c54hg87dyqjky740000gn/T/.tmp7o7wQ0/tmp/ /var/folders/zg/vq0dnx517c54hg87dyqjky740000gn/T/.tmp7o7wQ0/tmp//assembly_graph.gfa.unitigs.nodepath /var/folders/zg/vq0dnx517c54hg87dyqjky740000gn/T/.tmp7o7wQ0/tmp//assembly_graph.gfa.unitigs --threads 10

Input dir: /var/folders/zg/vq0dnx517c54hg87dyqjky740000gn/T/.tmp7o7wQ0/tmp/
Minimizer length: 15
Kminmer length: 191
Density: 0.005

Loading unitig sequences

Creating mContigs

Contig filename: /var/folders/zg/vq0dnx517c54hg87dyqjky740000gn/T/.tmp7o7wQ0/tmp//assembly_graph.gfa.unitigs
pass done: 191
Multi-k pass: 192/206


metaMDBG graph /var/folders/zg/vq0dnx517c54hg87dyqjky740000gn/T/.tmp7o7wQ0/tmp/ --threads 10 --corrected-read 

Contig filename: 
Output dir: /var/folders/zg/vq0dnx517c54hg87dyqjky740000gn/T/.tmp7o7wQ0/tmp/
Minimizer length: 15
Kminmer length: 192
Density: 0.005
Min abundance: 0

Loading refined abundances
	Duration: 0
Collecting kminmers
Building mdbg
Duration: 0
Nb solid kminmers: 24823
Nb small contigs written: 0
Dump kminmer abundances
	Duration: 0
Indexing edges
Edge index size: 24926
Edge index elements: 47537
	Duration: 0
Compute unitig nodes
	Duration: 0
Index unitig edges
	Duration: 0
Compute unitig edges
	Duration: 0
Dump unitig abundances
	Duration: 0
Nb edges:   0


metaMDBG contig  /var/folders/zg/vq0dnx517c54hg87dyqjky740000gn/T/.tmp7o7wQ0/tmp/ --threads 10

Input dir: /var/folders/zg/vq0dnx517c54hg87dyqjky740000gn/T/.tmp7o7wQ0/tmp/
Minimizer length: 15
Kminmer length: 192
Density: 0.005

Loading unitig graph
Load unitigs
Nb unitigs: 215
Nb minimizers: 65888
Add unitig abundances
Sorting abundances
Add unitig edges
Nb unitig edges: 224
Sorting unitig edges
Done loading unitig graph
Simplifying
Max abundance: 40
Nb unitigs: 215
Superbubble
Nb superbubble removed: 0 0 (0s)
Tip
Nb Tip removed: 30 (0s)
Superbubble
Nb superbubble removed: 0 0 (0s)
Tip
Nb Tip removed: 0 (0s)
Nb errors removed: 42 (0s)
Superbubble
Nb superbubble removed: 0 0 (0s)
Tip
Nb Tip removed: 0 (0s)
Nb errors removed: 22 (0s)
Superbubble
Nb superbubble removed: 0 0 (0s)
Tip
Nb Tip removed: 0 (0s)
Nb errors removed: 12 (0s)
Superbubble
Nb superbubble removed: 0 0 (0s)
Tip
Nb Tip removed: 0 (0s)
Nb errors removed: 11 (0s)
Superbubble
Nb superbubble removed: 0 0 (0s)
Tip
Nb Tip removed: 0 (0s)
Nb errors removed: 7 (0s)
Superbubble
Nb superbubble removed: 0 0 (0s)
Tip
Nb Tip removed: 0 (0s)
Nb errors removed: 7 (0s)
Superbubble
Nb superbubble removed: 0 0 (0s)
Tip
Nb Tip removed: 0 (0s)
Nb errors removed: 8 (0s)
Superbubble
Nb superbubble removed: 0 0 (0s)
Tip
Nb Tip removed: 0 (0s)
Nb errors removed: 17 (0s)
Superbubble
Nb superbubble removed: 0 0 (0s)
Tip
Nb Tip removed: 0 (0s)
Nb errors removed: 11 (0s)
Superbubble
Nb superbubble removed: 0 0 (0s)
Tip
Nb Tip removed: 0 (0s)
Nb errors removed: 5 (0s)
Superbubble
Nb superbubble removed: 0 0 (0s)
Tip
Nb Tip removed: 0 (0s)
Nb errors removed: 10 (0s)
Superbubble
Nb superbubble removed: 0 0 (0s)
Tip
Nb Tip removed: 0 (0s)
Nb errors removed: 1 (0s)
Superbubble
Nb superbubble removed: 0 0 (0s)
Tip
Nb Tip removed: 0 (0s)
Nb errors removed: 1 (0s)
Superbubble
Nb superbubble removed: 0 0 (0s)
Tip
Nb Tip removed: 0 (0s)
Nb errors removed: 10 (0s)
Superbubble
Nb superbubble removed: 0 0 (0s)
Tip
Nb Tip removed: 0 (0s)
Nb errors removed: 1 (0s)
Superbubble
Nb superbubble removed: 0 0 (0s)
Tip
Nb Tip removed: 0 (0s)
Checksum: 0
Checksum abundnace: 0
Generating contigs
41.1448
28.1025
23.2252
17.4494
13.11
11.9182
10.8347
9.84974
8.14028
7.40025
6.11591
5.05447
4.17725
3.13843
2.14359
0


metaMDBG toMinspace  /var/folders/zg/vq0dnx517c54hg87dyqjky740000gn/T/.tmp7o7wQ0/tmp/ /var/folders/zg/vq0dnx517c54hg87dyqjky740000gn/T/.tmp7o7wQ0/tmp//contigs.nodepath /var/folders/zg/vq0dnx517c54hg87dyqjky740000gn/T/.tmp7o7wQ0/tmp//unitig_data.txt --threads 10

Input dir: /var/folders/zg/vq0dnx517c54hg87dyqjky740000gn/T/.tmp7o7wQ0/tmp/
Minimizer length: 15
Kminmer length: 192
Density: 0.005

Loading unitig sequences

Creating mContigs

Contig filename: /var/folders/zg/vq0dnx517c54hg87dyqjky740000gn/T/.tmp7o7wQ0/tmp//unitig_data.txt
pass done: 192
Multi-k pass: 193/206


metaMDBG graph /var/folders/zg/vq0dnx517c54hg87dyqjky740000gn/T/.tmp7o7wQ0/tmp/ --threads 10 --corrected-read 

Contig filename: 
Output dir: /var/folders/zg/vq0dnx517c54hg87dyqjky740000gn/T/.tmp7o7wQ0/tmp/
Minimizer length: 15
Kminmer length: 193
Density: 0.005
Min abundance: 0

Loading refined abundances
	Duration: 0
Collecting kminmers
Building mdbg
Duration: 0
Nb solid kminmers: 24720
Nb small contigs written: 0
Dump kminmer abundances
	Duration: 0
Indexing edges
Edge index size: 24821
Edge index elements: 47399
	Duration: 0
Compute unitig nodes
	Duration: 0
Index unitig edges
	Duration: 0
Compute unitig edges
	Duration: 0
Dump unitig abundances
	Duration: 0
Nb edges:   0


metaMDBG contig  /var/folders/zg/vq0dnx517c54hg87dyqjky740000gn/T/.tmp7o7wQ0/tmp/ --threads 10

Input dir: /var/folders/zg/vq0dnx517c54hg87dyqjky740000gn/T/.tmp7o7wQ0/tmp/
Minimizer length: 15
Kminmer length: 193
Density: 0.005

Loading unitig graph
Load unitigs
Nb unitigs: 212
Nb minimizers: 65424
Add unitig abundances
Sorting abundances
Add unitig edges
Nb unitig edges: 224
Sorting unitig edges
Done loading unitig graph
Simplifying
Max abundance: 40
Nb unitigs: 212
Superbubble
Nb superbubble removed: 0 0 (0s)
Tip
Nb Tip removed: 30 (0s)
Superbubble
Nb superbubble removed: 0 0 (0s)
Tip
Nb Tip removed: 0 (0s)
Nb errors removed: 42 (0s)
Superbubble
Nb superbubble removed: 0 0 (0s)
Tip
Nb Tip removed: 0 (0s)
Nb errors removed: 21 (0s)
Superbubble
Nb superbubble removed: 0 0 (0s)
Tip
Nb Tip removed: 0 (0s)
Nb errors removed: 12 (0s)
Superbubble
Nb superbubble removed: 0 0 (0s)
Tip
Nb Tip removed: 0 (0s)
Nb errors removed: 11 (0s)
Superbubble
Nb superbubble removed: 0 0 (0s)
Tip
Nb Tip removed: 0 (0s)
Nb errors removed: 7 (0s)
Superbubble
Nb superbubble removed: 0 0 (0s)
Tip
Nb Tip removed: 0 (0s)
Nb errors removed: 7 (0s)
Superbubble
Nb superbubble removed: 0 0 (0s)
Tip
Nb Tip removed: 0 (0s)
Nb errors removed: 8 (0s)
Superbubble
Nb superbubble removed: 0 0 (0s)
Tip
Nb Tip removed: 0 (0s)
Nb errors removed: 17 (0s)
Superbubble
Nb superbubble removed: 0 0 (0s)
Tip
Nb Tip removed: 0 (0s)
Nb errors removed: 10 (0s)
Superbubble
Nb superbubble removed: 0 0 (0s)
Tip
Nb Tip removed: 0 (0s)
Nb errors removed: 5 (0s)
Superbubble
Nb superbubble removed: 0 0 (0s)
Tip
Nb Tip removed: 0 (0s)
Nb errors removed: 10 (0s)
Superbubble
Nb superbubble removed: 0 0 (0s)
Tip
Nb Tip removed: 0 (0s)
Nb errors removed: 1 (0s)
Superbubble
Nb superbubble removed: 0 0 (0s)
Tip
Nb Tip removed: 0 (0s)
Nb errors removed: 1 (0s)
Superbubble
Nb superbubble removed: 0 0 (0s)
Tip
Nb Tip removed: 0 (0s)
Nb errors removed: 10 (0s)
Superbubble
Nb superbubble removed: 0 0 (0s)
Tip
Nb Tip removed: 0 (0s)
Nb errors removed: 1 (0s)
Superbubble
Nb superbubble removed: 0 0 (0s)
Tip
Nb Tip removed: 0 (0s)
Checksum: 0
Checksum abundnace: 0
Generating contigs
41.1448
28.1025
23.2252
17.4494
13.11
11.9182
10.8347
9.84974
8.14028
7.40025
6.11591
5.05447
4.17725
3.13843
2.14359
0


metaMDBG toMinspace  /var/folders/zg/vq0dnx517c54hg87dyqjky740000gn/T/.tmp7o7wQ0/tmp/ /var/folders/zg/vq0dnx517c54hg87dyqjky740000gn/T/.tmp7o7wQ0/tmp//contigs.nodepath /var/folders/zg/vq0dnx517c54hg87dyqjky740000gn/T/.tmp7o7wQ0/tmp//unitig_data.txt --threads 10

Input dir: /var/folders/zg/vq0dnx517c54hg87dyqjky740000gn/T/.tmp7o7wQ0/tmp/
Minimizer length: 15
Kminmer length: 193
Density: 0.005

Loading unitig sequences

Creating mContigs

Contig filename: /var/folders/zg/vq0dnx517c54hg87dyqjky740000gn/T/.tmp7o7wQ0/tmp//unitig_data.txt
pass done: 193
Multi-k pass: 194/206


metaMDBG graph /var/folders/zg/vq0dnx517c54hg87dyqjky740000gn/T/.tmp7o7wQ0/tmp/ --threads 10 --corrected-read 

Contig filename: 
Output dir: /var/folders/zg/vq0dnx517c54hg87dyqjky740000gn/T/.tmp7o7wQ0/tmp/
Minimizer length: 15
Kminmer length: 194
Density: 0.005
Min abundance: 0

Loading refined abundances
	Duration: 0
Collecting kminmers
Building mdbg
Duration: 0
Nb solid kminmers: 24616
Nb small contigs written: 0
Dump kminmer abundances
	Duration: 0
Indexing edges
Edge index size: 24719
Edge index elements: 47228
	Duration: 0
Compute unitig nodes
	Duration: 0
Index unitig edges
	Duration: 0
Compute unitig edges
	Duration: 0
Dump unitig abundances
	Duration: 0
Nb edges:   0


metaMDBG contig  /var/folders/zg/vq0dnx517c54hg87dyqjky740000gn/T/.tmp7o7wQ0/tmp/ --threads 10

Input dir: /var/folders/zg/vq0dnx517c54hg87dyqjky740000gn/T/.tmp7o7wQ0/tmp/
Minimizer length: 15
Kminmer length: 194
Density: 0.005

Loading unitig graph
Load unitigs
Nb unitigs: 209
Nb minimizers: 64953
Add unitig abundances
Sorting abundances
Add unitig edges
Nb unitig edges: 212
Sorting unitig edges
Done loading unitig graph
Simplifying
Max abundance: 40
Nb unitigs: 209
Superbubble
Nb superbubble removed: 0 0 (0s)
Tip
Nb Tip removed: 29 (0s)
Superbubble
Nb superbubble removed: 0 0 (0s)
Tip
Nb Tip removed: 0 (0s)
Nb errors removed: 42 (0s)
Superbubble
Nb superbubble removed: 0 0 (0s)
Tip
Nb Tip removed: 0 (0s)
Nb errors removed: 21 (0s)
Superbubble
Nb superbubble removed: 0 0 (0s)
Tip
Nb Tip removed: 0 (0s)
Nb errors removed: 12 (0s)
Superbubble
Nb superbubble removed: 0 0 (0s)
Tip
Nb Tip removed: 0 (0s)
Nb errors removed: 11 (0s)
Superbubble
Nb superbubble removed: 0 0 (0s)
Tip
Nb Tip removed: 0 (0s)
Nb errors removed: 7 (0s)
Superbubble
Nb superbubble removed: 0 0 (0s)
Tip
Nb Tip removed: 0 (0s)
Nb errors removed: 7 (0s)
Superbubble
Nb superbubble removed: 0 0 (0s)
Tip
Nb Tip removed: 0 (0s)
Nb errors removed: 7 (0s)
Superbubble
Nb superbubble removed: 0 0 (0s)
Tip
Nb Tip removed: 0 (0s)
Nb errors removed: 17 (0s)
Superbubble
Nb superbubble removed: 0 0 (0s)
Tip
Nb Tip removed: 0 (0s)
Nb errors removed: 10 (0s)
Superbubble
Nb superbubble removed: 0 0 (0s)
Tip
Nb Tip removed: 0 (0s)
Nb errors removed: 5 (0s)
Superbubble
Nb superbubble removed: 0 0 (0s)
Tip
Nb Tip removed: 0 (0s)
Nb errors removed: 10 (0s)
Superbubble
Nb superbubble removed: 0 0 (0s)
Tip
Nb Tip removed: 0 (0s)
Nb errors removed: 1 (0s)
Superbubble
Nb superbubble removed: 0 0 (0s)
Tip
Nb Tip removed: 0 (0s)
Nb errors removed: 1 (0s)
Superbubble
Nb superbubble removed: 0 0 (0s)
Tip
Nb Tip removed: 0 (0s)
Nb errors removed: 10 (0s)
Superbubble
Nb superbubble removed: 0 0 (0s)
Tip
Nb Tip removed: 0 (0s)
Nb errors removed: 1 (0s)
Superbubble
Nb superbubble removed: 0 0 (0s)
Tip
Nb Tip removed: 0 (0s)
Checksum: 0
Checksum abundnace: 0
Generating contigs
41.1448
28.1025
23.2252
17.4494
13.11
11.9182
10.8347
9.84974
8.14028
7.40025
6.11591
5.05447
4.17725
3.13843
2.14359
0


metaMDBG toMinspace  /var/folders/zg/vq0dnx517c54hg87dyqjky740000gn/T/.tmp7o7wQ0/tmp/ /var/folders/zg/vq0dnx517c54hg87dyqjky740000gn/T/.tmp7o7wQ0/tmp//contigs.nodepath /var/folders/zg/vq0dnx517c54hg87dyqjky740000gn/T/.tmp7o7wQ0/tmp//unitig_data.txt --threads 10

Input dir: /var/folders/zg/vq0dnx517c54hg87dyqjky740000gn/T/.tmp7o7wQ0/tmp/
Minimizer length: 15
Kminmer length: 194
Density: 0.005

Loading unitig sequences

Creating mContigs

Contig filename: /var/folders/zg/vq0dnx517c54hg87dyqjky740000gn/T/.tmp7o7wQ0/tmp//unitig_data.txt
pass done: 194
Multi-k pass: 195/206


metaMDBG graph /var/folders/zg/vq0dnx517c54hg87dyqjky740000gn/T/.tmp7o7wQ0/tmp/ --threads 10 --corrected-read 

Contig filename: 
Output dir: /var/folders/zg/vq0dnx517c54hg87dyqjky740000gn/T/.tmp7o7wQ0/tmp/
Minimizer length: 15
Kminmer length: 195
Density: 0.005
Min abundance: 0

Loading refined abundances
	Duration: 0
Collecting kminmers
Building mdbg
Duration: 0
Nb solid kminmers: 24512
Nb small contigs written: 0
Dump kminmer abundances
	Duration: 0
Indexing edges
Edge index size: 24615
Edge index elements: 46923
	Duration: 0
Compute unitig nodes
	Duration: 0
Index unitig edges
	Duration: 0
Compute unitig edges
	Duration: 0
Dump unitig abundances
	Duration: 0
Nb edges:   0


metaMDBG contig  /var/folders/zg/vq0dnx517c54hg87dyqjky740000gn/T/.tmp7o7wQ0/tmp/ --threads 10

Input dir: /var/folders/zg/vq0dnx517c54hg87dyqjky740000gn/T/.tmp7o7wQ0/tmp/
Minimizer length: 15
Kminmer length: 195
Density: 0.005

Loading unitig graph
Load unitigs
Nb unitigs: 206
Nb minimizers: 64476
Add unitig abundances
Sorting abundances
Add unitig edges
Nb unitig edges: 208
Sorting unitig edges
Done loading unitig graph
Simplifying
Max abundance: 40
Nb unitigs: 206
Superbubble
Nb superbubble removed: 0 0 (0s)
Tip
Nb Tip removed: 29 (0s)
Superbubble
Nb superbubble removed: 0 0 (0s)
Tip
Nb Tip removed: 0 (0s)
Nb errors removed: 42 (0s)
Superbubble
Nb superbubble removed: 0 0 (0s)
Tip
Nb Tip removed: 0 (0s)
Nb errors removed: 21 (0s)
Superbubble
Nb superbubble removed: 0 0 (0s)
Tip
Nb Tip removed: 0 (0s)
Nb errors removed: 12 (0s)
Superbubble
Nb superbubble removed: 0 0 (0s)
Tip
Nb Tip removed: 0 (0s)
Nb errors removed: 10 (0s)
Superbubble
Nb superbubble removed: 0 0 (0s)
Tip
Nb Tip removed: 0 (0s)
Nb errors removed: 7 (0s)
Superbubble
Nb superbubble removed: 0 0 (0s)
Tip
Nb Tip removed: 0 (0s)
Nb errors removed: 7 (0s)
Superbubble
Nb superbubble removed: 0 0 (0s)
Tip
Nb Tip removed: 0 (0s)
Nb errors removed: 7 (0s)
Superbubble
Nb superbubble removed: 0 0 (0s)
Tip
Nb Tip removed: 0 (0s)
Nb errors removed: 17 (0s)
Superbubble
Nb superbubble removed: 0 0 (0s)
Tip
Nb Tip removed: 0 (0s)
Nb errors removed: 10 (0s)
Superbubble
Nb superbubble removed: 0 0 (0s)
Tip
Nb Tip removed: 0 (0s)
Nb errors removed: 5 (0s)
Superbubble
Nb superbubble removed: 0 0 (0s)
Tip
Nb Tip removed: 0 (0s)
Nb errors removed: 10 (0s)
Superbubble
Nb superbubble removed: 0 0 (0s)
Tip
Nb Tip removed: 0 (0s)
Nb errors removed: 1 (0s)
Superbubble
Nb superbubble removed: 0 0 (0s)
Tip
Nb Tip removed: 0 (0s)
Nb errors removed: 1 (0s)
Superbubble
Nb superbubble removed: 0 0 (0s)
Tip
Nb Tip removed: 0 (0s)
Nb errors removed: 9 (0s)
Superbubble
Nb superbubble removed: 0 0 (0s)
Tip
Nb Tip removed: 0 (0s)
Nb errors removed: 1 (0s)
Superbubble
Nb superbubble removed: 0 0 (0s)
Tip
Nb Tip removed: 0 (0s)
Checksum: 0
Checksum abundnace: 0
Generating contigs
41.1448
28.1025
23.2252
17.4494
13.11
11.9182
10.8347
9.84974
8.14028
7.40025
6.11591
5.05447
4.17725
3.13843
2.14359
0


metaMDBG toMinspace  /var/folders/zg/vq0dnx517c54hg87dyqjky740000gn/T/.tmp7o7wQ0/tmp/ /var/folders/zg/vq0dnx517c54hg87dyqjky740000gn/T/.tmp7o7wQ0/tmp//contigs.nodepath /var/folders/zg/vq0dnx517c54hg87dyqjky740000gn/T/.tmp7o7wQ0/tmp//unitig_data.txt --threads 10

Input dir: /var/folders/zg/vq0dnx517c54hg87dyqjky740000gn/T/.tmp7o7wQ0/tmp/
Minimizer length: 15
Kminmer length: 195
Density: 0.005

Loading unitig sequences

Creating mContigs

Contig filename: /var/folders/zg/vq0dnx517c54hg87dyqjky740000gn/T/.tmp7o7wQ0/tmp//unitig_data.txt
pass done: 195
Multi-k pass: 196/206


metaMDBG graph /var/folders/zg/vq0dnx517c54hg87dyqjky740000gn/T/.tmp7o7wQ0/tmp/ --threads 10 --corrected-read 

Contig filename: 
Output dir: /var/folders/zg/vq0dnx517c54hg87dyqjky740000gn/T/.tmp7o7wQ0/tmp/
Minimizer length: 15
Kminmer length: 196
Density: 0.005
Min abundance: 0

Loading refined abundances
	Duration: 0
Collecting kminmers
Building mdbg
Duration: 0
Nb solid kminmers: 24407
Nb small contigs written: 0
Dump kminmer abundances
	Duration: 0
Indexing edges
Edge index size: 24508
Edge index elements: 46802
	Duration: 0
Compute unitig nodes
	Duration: 0
Index unitig edges
	Duration: 0
Compute unitig edges
	Duration: 0
Dump unitig abundances
	Duration: 0
Nb edges:   0


metaMDBG contig  /var/folders/zg/vq0dnx517c54hg87dyqjky740000gn/T/.tmp7o7wQ0/tmp/ --threads 10

Input dir: /var/folders/zg/vq0dnx517c54hg87dyqjky740000gn/T/.tmp7o7wQ0/tmp/
Minimizer length: 15
Kminmer length: 196
Density: 0.005

Loading unitig graph
Load unitigs
Nb unitigs: 199
Nb minimizers: 63212
Add unitig abundances
Sorting abundances
Add unitig edges
Nb unitig edges: 196
Sorting unitig edges
Done loading unitig graph
Simplifying
Max abundance: 40
Nb unitigs: 199
Superbubble
Nb superbubble removed: 0 0 (0s)
Tip
Nb Tip removed: 28 (0s)
Superbubble
Nb superbubble removed: 0 0 (0s)
Tip
Nb Tip removed: 0 (0s)
Nb errors removed: 41 (0s)
Superbubble
Nb superbubble removed: 0 0 (0s)
Tip
Nb Tip removed: 0 (0s)
Nb errors removed: 19 (0s)
Superbubble
Nb superbubble removed: 0 0 (0s)
Tip
Nb Tip removed: 0 (0s)
Nb errors removed: 12 (0s)
Superbubble
Nb superbubble removed: 0 0 (0s)
Tip
Nb Tip removed: 0 (0s)
Nb errors removed: 8 (0s)
Superbubble
Nb superbubble removed: 0 0 (0s)
Tip
Nb Tip removed: 0 (0s)
Nb errors removed: 7 (0s)
Superbubble
Nb superbubble removed: 0 0 (0s)
Tip
Nb Tip removed: 0 (0s)
Nb errors removed: 7 (0s)
Superbubble
Nb superbubble removed: 0 0 (0s)
Tip
Nb Tip removed: 0 (0s)
Nb errors removed: 7 (0s)
Superbubble
Nb superbubble removed: 0 0 (0s)
Tip
Nb Tip removed: 0 (0s)
Nb errors removed: 17 (0s)
Superbubble
Nb superbubble removed: 0 0 (0s)
Tip
Nb Tip removed: 0 (0s)
Nb errors removed: 10 (0s)
Superbubble
Nb superbubble removed: 0 0 (0s)
Tip
Nb Tip removed: 0 (0s)
Nb errors removed: 5 (0s)
Superbubble
Nb superbubble removed: 0 0 (0s)
Tip
Nb Tip removed: 0 (0s)
Nb errors removed: 10 (0s)
Superbubble
Nb superbubble removed: 0 0 (0s)
Tip
Nb Tip removed: 0 (0s)
Nb errors removed: 1 (0s)
Superbubble
Nb superbubble removed: 0 0 (0s)
Tip
Nb Tip removed: 0 (0s)
Nb errors removed: 1 (0s)
Superbubble
Nb superbubble removed: 0 0 (0s)
Tip
Nb Tip removed: 0 (0s)
Nb errors removed: 9 (0s)
Superbubble
Nb superbubble removed: 0 0 (0s)
Tip
Nb Tip removed: 0 (0s)
Nb errors removed: 1 (0s)
Superbubble
Nb superbubble removed: 0 0 (0s)
Tip
Nb Tip removed: 0 (0s)
Checksum: 0
Checksum abundnace: 0
Generating contigs
41.1448
28.1025
23.2252
17.4494
13.11
11.9182
10.8347
9.84974
8.14028
7.40025
6.11591
5.05447
4.17725
3.13843
2.14359
0


metaMDBG toMinspace  /var/folders/zg/vq0dnx517c54hg87dyqjky740000gn/T/.tmp7o7wQ0/tmp/ /var/folders/zg/vq0dnx517c54hg87dyqjky740000gn/T/.tmp7o7wQ0/tmp//contigs.nodepath /var/folders/zg/vq0dnx517c54hg87dyqjky740000gn/T/.tmp7o7wQ0/tmp//unitig_data.txt --threads 10

Input dir: /var/folders/zg/vq0dnx517c54hg87dyqjky740000gn/T/.tmp7o7wQ0/tmp/
Minimizer length: 15
Kminmer length: 196
Density: 0.005

Loading unitig sequences

Creating mContigs

Contig filename: /var/folders/zg/vq0dnx517c54hg87dyqjky740000gn/T/.tmp7o7wQ0/tmp//unitig_data.txt
pass done: 196
Multi-k pass: 197/206


metaMDBG graph /var/folders/zg/vq0dnx517c54hg87dyqjky740000gn/T/.tmp7o7wQ0/tmp/ --threads 10 --corrected-read 

Contig filename: 
Output dir: /var/folders/zg/vq0dnx517c54hg87dyqjky740000gn/T/.tmp7o7wQ0/tmp/
Minimizer length: 15
Kminmer length: 197
Density: 0.005
Min abundance: 0

Loading refined abundances
	Duration: 0
Collecting kminmers
Building mdbg
Duration: 0
Nb solid kminmers: 24306
Nb small contigs written: 0
Dump kminmer abundances
	Duration: 0
Indexing edges
Edge index size: 24407
Edge index elements: 46761
	Duration: 0
Compute unitig nodes
	Duration: 0
Index unitig edges
	Duration: 0
Compute unitig edges
	Duration: 0
Dump unitig abundances
	Duration: 0
Nb edges:   0


metaMDBG contig  /var/folders/zg/vq0dnx517c54hg87dyqjky740000gn/T/.tmp7o7wQ0/tmp/ --threads 10

Input dir: /var/folders/zg/vq0dnx517c54hg87dyqjky740000gn/T/.tmp7o7wQ0/tmp/
Minimizer length: 15
Kminmer length: 197
Density: 0.005

Loading unitig graph
Load unitigs
Nb unitigs: 199
Nb minimizers: 63310
Add unitig abundances
Sorting abundances
Add unitig edges
Nb unitig edges: 196
Sorting unitig edges
Done loading unitig graph
Simplifying
Max abundance: 40
Nb unitigs: 199
Superbubble
Nb superbubble removed: 0 0 (0s)
Tip
Nb Tip removed: 28 (0s)
Superbubble
Nb superbubble removed: 0 0 (0s)
Tip
Nb Tip removed: 0 (0s)
Nb errors removed: 41 (0s)
Superbubble
Nb superbubble removed: 0 0 (0s)
Tip
Nb Tip removed: 0 (0s)
Nb errors removed: 19 (0s)
Superbubble
Nb superbubble removed: 0 0 (0s)
Tip
Nb Tip removed: 0 (0s)
Nb errors removed: 12 (0s)
Superbubble
Nb superbubble removed: 0 0 (0s)
Tip
Nb Tip removed: 0 (0s)
Nb errors removed: 8 (0s)
Superbubble
Nb superbubble removed: 0 0 (0s)
Tip
Nb Tip removed: 0 (0s)
Nb errors removed: 7 (0s)
Superbubble
Nb superbubble removed: 0 0 (0s)
Tip
Nb Tip removed: 0 (0s)
Nb errors removed: 8 (0s)
Superbubble
Nb superbubble removed: 0 0 (0s)
Tip
Nb Tip removed: 0 (0s)
Nb errors removed: 7 (0s)
Superbubble
Nb superbubble removed: 0 0 (0s)
Tip
Nb Tip removed: 0 (0s)
Nb errors removed: 17 (0s)
Superbubble
Nb superbubble removed: 0 0 (0s)
Tip
Nb Tip removed: 0 (0s)
Nb errors removed: 10 (0s)
Superbubble
Nb superbubble removed: 0 0 (0s)
Tip
Nb Tip removed: 0 (0s)
Nb errors removed: 5 (0s)
Superbubble
Nb superbubble removed: 0 0 (0s)
Tip
Nb Tip removed: 0 (0s)
Nb errors removed: 10 (0s)
Superbubble
Nb superbubble removed: 0 0 (0s)
Tip
Nb Tip removed: 0 (0s)
Nb errors removed: 1 (0s)
Superbubble
Nb superbubble removed: 0 0 (0s)
Tip
Nb Tip removed: 0 (0s)
Nb errors removed: 1 (0s)
Superbubble
Nb superbubble removed: 0 0 (0s)
Tip
Nb Tip removed: 0 (0s)
Nb errors removed: 9 (0s)
Superbubble
Nb superbubble removed: 0 0 (0s)
Tip
Nb Tip removed: 0 (0s)
Nb errors removed: 1 (0s)
Superbubble
Nb superbubble removed: 0 0 (0s)
Tip
Nb Tip removed: 0 (0s)
Checksum: 0
Checksum abundnace: 0
Generating contigs
41.1448
28.1025
23.2252
17.4494
13.11
11.9182
10.8347
9.84974
8.14028
7.40025
6.11591
5.05447
4.17725
3.13843
2.14359
0


metaMDBG toMinspace  /var/folders/zg/vq0dnx517c54hg87dyqjky740000gn/T/.tmp7o7wQ0/tmp/ /var/folders/zg/vq0dnx517c54hg87dyqjky740000gn/T/.tmp7o7wQ0/tmp//contigs.nodepath /var/folders/zg/vq0dnx517c54hg87dyqjky740000gn/T/.tmp7o7wQ0/tmp//unitig_data.txt --threads 10

Input dir: /var/folders/zg/vq0dnx517c54hg87dyqjky740000gn/T/.tmp7o7wQ0/tmp/
Minimizer length: 15
Kminmer length: 197
Density: 0.005

Loading unitig sequences

Creating mContigs

Contig filename: /var/folders/zg/vq0dnx517c54hg87dyqjky740000gn/T/.tmp7o7wQ0/tmp//unitig_data.txt
pass done: 197
Multi-k pass: 198/206


metaMDBG graph /var/folders/zg/vq0dnx517c54hg87dyqjky740000gn/T/.tmp7o7wQ0/tmp/ --threads 10 --corrected-read 

Contig filename: 
Output dir: /var/folders/zg/vq0dnx517c54hg87dyqjky740000gn/T/.tmp7o7wQ0/tmp/
Minimizer length: 15
Kminmer length: 198
Density: 0.005
Min abundance: 0

Loading refined abundances
	Duration: 0
Collecting kminmers
Building mdbg
Duration: 0
Nb solid kminmers: 24204
Nb small contigs written: 0
Dump kminmer abundances
	Duration: 0
Indexing edges
Edge index size: 24304
Edge index elements: 46465
	Duration: 0
Compute unitig nodes
	Duration: 0
Index unitig edges
	Duration: 0
Compute unitig edges
	Duration: 0
Dump unitig abundances
	Duration: 0
Nb edges:   0


metaMDBG contig  /var/folders/zg/vq0dnx517c54hg87dyqjky740000gn/T/.tmp7o7wQ0/tmp/ --threads 10

Input dir: /var/folders/zg/vq0dnx517c54hg87dyqjky740000gn/T/.tmp7o7wQ0/tmp/
Minimizer length: 15
Kminmer length: 198
Density: 0.005

Loading unitig graph
Load unitigs
Nb unitigs: 196
Nb minimizers: 62816
Add unitig abundances
Sorting abundances
Add unitig edges
Nb unitig edges: 192
Sorting unitig edges
Done loading unitig graph
Simplifying
Max abundance: 40
Nb unitigs: 196
Superbubble
Nb superbubble removed: 0 0 (0s)
Tip
Nb Tip removed: 27 (0s)
Superbubble
Nb superbubble removed: 0 0 (0s)
Tip
Nb Tip removed: 0 (0s)
Nb errors removed: 41 (0s)
Superbubble
Nb superbubble removed: 0 0 (0s)
Tip
Nb Tip removed: 0 (0s)
Nb errors removed: 18 (0s)
Superbubble
Nb superbubble removed: 0 0 (0s)
Tip
Nb Tip removed: 0 (0s)
Nb errors removed: 11 (0s)
Superbubble
Nb superbubble removed: 0 0 (0s)
Tip
Nb Tip removed: 0 (0s)
Nb errors removed: 8 (0s)
Superbubble
Nb superbubble removed: 0 0 (0s)
Tip
Nb Tip removed: 0 (0s)
Nb errors removed: 7 (0s)
Superbubble
Nb superbubble removed: 0 0 (0s)
Tip
Nb Tip removed: 0 (0s)
Nb errors removed: 7 (0s)
Superbubble
Nb superbubble removed: 0 0 (0s)
Tip
Nb Tip removed: 0 (0s)
Nb errors removed: 7 (0s)
Superbubble
Nb superbubble removed: 0 0 (0s)
Tip
Nb Tip removed: 0 (0s)
Nb errors removed: 17 (0s)
Superbubble
Nb superbubble removed: 0 0 (0s)
Tip
Nb Tip removed: 0 (0s)
Nb errors removed: 10 (0s)
Superbubble
Nb superbubble removed: 0 0 (0s)
Tip
Nb Tip removed: 0 (0s)
Nb errors removed: 5 (0s)
Superbubble
Nb superbubble removed: 0 0 (0s)
Tip
Nb Tip removed: 0 (0s)
Nb errors removed: 10 (0s)
Superbubble
Nb superbubble removed: 0 0 (0s)
Tip
Nb Tip removed: 0 (0s)
Nb errors removed: 1 (0s)
Superbubble
Nb superbubble removed: 0 0 (0s)
Tip
Nb Tip removed: 0 (0s)
Nb errors removed: 1 (0s)
Superbubble
Nb superbubble removed: 0 0 (0s)
Tip
Nb Tip removed: 0 (0s)
Nb errors removed: 9 (0s)
Superbubble
Nb superbubble removed: 0 0 (0s)
Tip
Nb Tip removed: 0 (0s)
Nb errors removed: 1 (0s)
Superbubble
Nb superbubble removed: 0 0 (0s)
Tip
Nb Tip removed: 0 (0s)
Checksum: 0
Checksum abundnace: 0
Generating contigs
41.1448
28.1025
23.2252
17.4494
13.11
11.9182
10.8347
9.84974
8.14028
7.40025
6.11591
5.05447
4.17725
3.13843
2.14359
0


metaMDBG toMinspace  /var/folders/zg/vq0dnx517c54hg87dyqjky740000gn/T/.tmp7o7wQ0/tmp/ /var/folders/zg/vq0dnx517c54hg87dyqjky740000gn/T/.tmp7o7wQ0/tmp//contigs.nodepath /var/folders/zg/vq0dnx517c54hg87dyqjky740000gn/T/.tmp7o7wQ0/tmp//unitig_data.txt --threads 10

Input dir: /var/folders/zg/vq0dnx517c54hg87dyqjky740000gn/T/.tmp7o7wQ0/tmp/
Minimizer length: 15
Kminmer length: 198
Density: 0.005

Loading unitig sequences

Creating mContigs

Contig filename: /var/folders/zg/vq0dnx517c54hg87dyqjky740000gn/T/.tmp7o7wQ0/tmp//unitig_data.txt
pass done: 198
Multi-k pass: 199/206


metaMDBG graph /var/folders/zg/vq0dnx517c54hg87dyqjky740000gn/T/.tmp7o7wQ0/tmp/ --threads 10 --corrected-read 

Contig filename: 
Output dir: /var/folders/zg/vq0dnx517c54hg87dyqjky740000gn/T/.tmp7o7wQ0/tmp/
Minimizer length: 15
Kminmer length: 199
Density: 0.005
Min abundance: 0

Loading refined abundances
	Duration: 0
Collecting kminmers
Building mdbg
Duration: 0
Nb solid kminmers: 24104
Nb small contigs written: 0
Dump kminmer abundances
	Duration: 0
Indexing edges
Edge index size: 24203
Edge index elements: 46395
	Duration: 0
Compute unitig nodes
	Duration: 0
Index unitig edges
	Duration: 0
Compute unitig edges
	Duration: 0
Dump unitig abundances
	Duration: 0
Nb edges:   0


metaMDBG contig  /var/folders/zg/vq0dnx517c54hg87dyqjky740000gn/T/.tmp7o7wQ0/tmp/ --threads 10

Input dir: /var/folders/zg/vq0dnx517c54hg87dyqjky740000gn/T/.tmp7o7wQ0/tmp/
Minimizer length: 15
Kminmer length: 199
Density: 0.005

Loading unitig graph
Load unitigs
Nb unitigs: 194
Nb minimizers: 62516
Add unitig abundances
Sorting abundances
Add unitig edges
Nb unitig edges: 192
Sorting unitig edges
Done loading unitig graph
Simplifying
Max abundance: 40
Nb unitigs: 194
Superbubble
Nb superbubble removed: 0 0 (0s)
Tip
Nb Tip removed: 27 (0s)
Superbubble
Nb superbubble removed: 0 0 (0s)
Tip
Nb Tip removed: 0 (0s)
Nb errors removed: 40 (0s)
Superbubble
Nb superbubble removed: 0 0 (0s)
Tip
Nb Tip removed: 0 (0s)
Nb errors removed: 18 (0s)
Superbubble
Nb superbubble removed: 0 0 (0s)
Tip
Nb Tip removed: 0 (0s)
Nb errors removed: 11 (0s)
Superbubble
Nb superbubble removed: 0 0 (0s)
Tip
Nb Tip removed: 0 (0s)
Nb errors removed: 8 (0s)
Superbubble
Nb superbubble removed: 0 0 (0s)
Tip
Nb Tip removed: 0 (0s)
Nb errors removed: 7 (0s)
Superbubble
Nb superbubble removed: 0 0 (0s)
Tip
Nb Tip removed: 0 (0s)
Nb errors removed: 7 (0s)
Superbubble
Nb superbubble removed: 0 0 (0s)
Tip
Nb Tip removed: 0 (0s)
Nb errors removed: 7 (0s)
Superbubble
Nb superbubble removed: 0 0 (0s)
Tip
Nb Tip removed: 0 (0s)
Nb errors removed: 17 (0s)
Superbubble
Nb superbubble removed: 0 0 (0s)
Tip
Nb Tip removed: 0 (0s)
Nb errors removed: 10 (0s)
Superbubble
Nb superbubble removed: 0 0 (0s)
Tip
Nb Tip removed: 0 (0s)
Nb errors removed: 5 (0s)
Superbubble
Nb superbubble removed: 0 0 (0s)
Tip
Nb Tip removed: 0 (0s)
Nb errors removed: 10 (0s)
Superbubble
Nb superbubble removed: 0 0 (0s)
Tip
Nb Tip removed: 0 (0s)
Nb errors removed: 1 (0s)
Superbubble
Nb superbubble removed: 0 0 (0s)
Tip
Nb Tip removed: 0 (0s)
Nb errors removed: 1 (0s)
Superbubble
Nb superbubble removed: 0 0 (0s)
Tip
Nb Tip removed: 0 (0s)
Nb errors removed: 9 (0s)
Superbubble
Nb superbubble removed: 0 0 (0s)
Tip
Nb Tip removed: 0 (0s)
Nb errors removed: 1 (0s)
Superbubble
Nb superbubble removed: 0 0 (0s)
Tip
Nb Tip removed: 0 (0s)
Checksum: 0
Checksum abundnace: 0
Generating contigs
41.1448
28.1025
23.2252
17.4494
13.11
11.9182
10.8347
9.84974
8.14028
7.40025
6.11591
5.05447
4.17725
3.13843
2.14359
0


metaMDBG toMinspace  /var/folders/zg/vq0dnx517c54hg87dyqjky740000gn/T/.tmp7o7wQ0/tmp/ /var/folders/zg/vq0dnx517c54hg87dyqjky740000gn/T/.tmp7o7wQ0/tmp//contigs.nodepath /var/folders/zg/vq0dnx517c54hg87dyqjky740000gn/T/.tmp7o7wQ0/tmp//unitig_data.txt --threads 10

Input dir: /var/folders/zg/vq0dnx517c54hg87dyqjky740000gn/T/.tmp7o7wQ0/tmp/
Minimizer length: 15
Kminmer length: 199
Density: 0.005

Loading unitig sequences

Creating mContigs

Contig filename: /var/folders/zg/vq0dnx517c54hg87dyqjky740000gn/T/.tmp7o7wQ0/tmp//unitig_data.txt
pass done: 199
Multi-k pass: 200/206


metaMDBG graph /var/folders/zg/vq0dnx517c54hg87dyqjky740000gn/T/.tmp7o7wQ0/tmp/ --threads 10 --corrected-read 

Contig filename: 
Output dir: /var/folders/zg/vq0dnx517c54hg87dyqjky740000gn/T/.tmp7o7wQ0/tmp/
Minimizer length: 15
Kminmer length: 200
Density: 0.005
Min abundance: 0

Loading refined abundances
	Duration: 0
Collecting kminmers
Building mdbg
Duration: 0
Nb solid kminmers: 24004
Nb small contigs written: 0
Dump kminmer abundances
	Duration: 0
Indexing edges
Edge index size: 24104
Edge index elements: 46261
	Duration: 0
Compute unitig nodes
	Duration: 0
Index unitig edges
	Duration: 0
Compute unitig edges
	Duration: 0
Dump unitig abundances
	Duration: 0
Nb edges:   0


metaMDBG contig  /var/folders/zg/vq0dnx517c54hg87dyqjky740000gn/T/.tmp7o7wQ0/tmp/ --threads 10

Input dir: /var/folders/zg/vq0dnx517c54hg87dyqjky740000gn/T/.tmp7o7wQ0/tmp/
Minimizer length: 15
Kminmer length: 200
Density: 0.005

Loading unitig graph
Load unitigs
Nb unitigs: 192
Nb minimizers: 62212
Add unitig abundances
Sorting abundances
Add unitig edges
Nb unitig edges: 184
Sorting unitig edges
Done loading unitig graph
Simplifying
Max abundance: 40
Nb unitigs: 192
Superbubble
Nb superbubble removed: 0 0 (0s)
Tip
Nb Tip removed: 25 (0s)
Superbubble
Nb superbubble removed: 0 0 (0s)
Tip
Nb Tip removed: 0 (0s)
Nb errors removed: 39 (0s)
Superbubble
Nb superbubble removed: 0 0 (0s)
Tip
Nb Tip removed: 0 (0s)
Nb errors removed: 18 (0s)
Superbubble
Nb superbubble removed: 0 0 (0s)
Tip
Nb Tip removed: 0 (0s)
Nb errors removed: 11 (0s)
Superbubble
Nb superbubble removed: 0 0 (0s)
Tip
Nb Tip removed: 0 (0s)
Nb errors removed: 8 (0s)
Superbubble
Nb superbubble removed: 0 0 (0s)
Tip
Nb Tip removed: 0 (0s)
Nb errors removed: 7 (0s)
Superbubble
Nb superbubble removed: 0 0 (0s)
Tip
Nb Tip removed: 0 (0s)
Nb errors removed: 7 (0s)
Superbubble
Nb superbubble removed: 0 0 (0s)
Tip
Nb Tip removed: 0 (0s)
Nb errors removed: 7 (0s)
Superbubble
Nb superbubble removed: 0 0 (0s)
Tip
Nb Tip removed: 0 (0s)
Nb errors removed: 17 (0s)
Superbubble
Nb superbubble removed: 0 0 (0s)
Tip
Nb Tip removed: 0 (0s)
Nb errors removed: 10 (0s)
Superbubble
Nb superbubble removed: 0 0 (0s)
Tip
Nb Tip removed: 0 (0s)
Nb errors removed: 5 (0s)
Superbubble
Nb superbubble removed: 0 0 (0s)
Tip
Nb Tip removed: 0 (0s)
Nb errors removed: 10 (0s)
Superbubble
Nb superbubble removed: 0 0 (0s)
Tip
Nb Tip removed: 0 (0s)
Nb errors removed: 1 (0s)
Superbubble
Nb superbubble removed: 0 0 (0s)
Tip
Nb Tip removed: 0 (0s)
Nb errors removed: 1 (0s)
Superbubble
Nb superbubble removed: 0 0 (0s)
Tip
Nb Tip removed: 0 (0s)
Nb errors removed: 9 (0s)
Superbubble
Nb superbubble removed: 0 0 (0s)
Tip
Nb Tip removed: 0 (0s)
Nb errors removed: 1 (0s)
Superbubble
Nb superbubble removed: 0 0 (0s)
Tip
Nb Tip removed: 0 (0s)
Checksum: 0
Checksum abundnace: 0
Generating contigs
41.1448
28.1025
23.2252
17.4494
13.11
11.9182
10.8347
9.84974
8.14028
7.40025
6.11591
5.05447
4.17725
3.13843
2.14359
0


metaMDBG toMinspace  /var/folders/zg/vq0dnx517c54hg87dyqjky740000gn/T/.tmp7o7wQ0/tmp/ /var/folders/zg/vq0dnx517c54hg87dyqjky740000gn/T/.tmp7o7wQ0/tmp//contigs.nodepath /var/folders/zg/vq0dnx517c54hg87dyqjky740000gn/T/.tmp7o7wQ0/tmp//unitig_data.txt --threads 10

Input dir: /var/folders/zg/vq0dnx517c54hg87dyqjky740000gn/T/.tmp7o7wQ0/tmp/
Minimizer length: 15
Kminmer length: 200
Density: 0.005

Loading unitig sequences

Creating mContigs

Contig filename: /var/folders/zg/vq0dnx517c54hg87dyqjky740000gn/T/.tmp7o7wQ0/tmp//unitig_data.txt
pass done: 200
Multi-k pass: 201/206


metaMDBG graph /var/folders/zg/vq0dnx517c54hg87dyqjky740000gn/T/.tmp7o7wQ0/tmp/ --threads 10 --corrected-read 

Contig filename: 
Output dir: /var/folders/zg/vq0dnx517c54hg87dyqjky740000gn/T/.tmp7o7wQ0/tmp/
Minimizer length: 15
Kminmer length: 201
Density: 0.005
Min abundance: 0

Loading refined abundances
	Duration: 0
Collecting kminmers
Building mdbg
Duration: 0
Nb solid kminmers: 23904
Nb small contigs written: 0
Dump kminmer abundances
	Duration: 0
Indexing edges
Edge index size: 24002
Edge index elements: 46100
	Duration: 0
Compute unitig nodes
	Duration: 0
Index unitig edges
	Duration: 0
Compute unitig edges
	Duration: 0
Dump unitig abundances
	Duration: 0
Nb edges:   0


metaMDBG contig  /var/folders/zg/vq0dnx517c54hg87dyqjky740000gn/T/.tmp7o7wQ0/tmp/ --threads 10 --gen-graph 

Input dir: /var/folders/zg/vq0dnx517c54hg87dyqjky740000gn/T/.tmp7o7wQ0/tmp/
Minimizer length: 15
Kminmer length: 201
Density: 0.005

Loading unitig graph
Load unitigs
Nb unitigs: 190
Nb minimizers: 61904
Add unitig abundances
Sorting abundances
Add unitig edges
Nb unitig edges: 184
Sorting unitig edges
Done loading unitig graph
Simplifying
Max abundance: 40
Nb unitigs: 190
Superbubble
Nb superbubble removed: 0 0 (0s)
Tip
Nb Tip removed: 25 (0s)
Superbubble
Nb superbubble removed: 0 0 (0s)
Tip
Nb Tip removed: 0 (0s)
Saving unitig graph: /var/folders/zg/vq0dnx517c54hg87dyqjky740000gn/T/.tmp7o7wQ0/tmp//assembly_graph.gfa
Nb errors removed: 39 (0s)
Superbubble
Nb superbubble removed: 0 0 (0s)
Tip
Nb Tip removed: 0 (0s)
Nb errors removed: 18 (0s)
Superbubble
Nb superbubble removed: 0 0 (0s)
Tip
Nb Tip removed: 0 (0s)
Nb errors removed: 11 (0s)
Superbubble
Nb superbubble removed: 0 0 (0s)
Tip
Nb Tip removed: 0 (0s)
Nb errors removed: 8 (0s)
Superbubble
Nb superbubble removed: 0 0 (0s)
Tip
Nb Tip removed: 0 (0s)
Nb errors removed: 6 (0s)
Superbubble
Nb superbubble removed: 0 0 (0s)
Tip
Nb Tip removed: 0 (0s)
Nb errors removed: 7 (0s)
Superbubble
Nb superbubble removed: 0 0 (0s)
Tip
Nb Tip removed: 0 (0s)
Nb errors removed: 7 (0s)
Superbubble
Nb superbubble removed: 0 0 (0s)
Tip
Nb Tip removed: 0 (0s)
Nb errors removed: 16 (0s)
Superbubble
Nb superbubble removed: 0 0 (0s)
Tip
Nb Tip removed: 0 (0s)
Nb errors removed: 10 (0s)
Superbubble
Nb superbubble removed: 0 0 (0s)
Tip
Nb Tip removed: 0 (0s)
Nb errors removed: 5 (0s)
Superbubble
Nb superbubble removed: 0 0 (0s)
Tip
Nb Tip removed: 0 (0s)
Nb errors removed: 10 (0s)
Superbubble
Nb superbubble removed: 0 0 (0s)
Tip
Nb Tip removed: 0 (0s)
Nb errors removed: 1 (0s)
Superbubble
Nb superbubble removed: 0 0 (0s)
Tip
Nb Tip removed: 0 (0s)
Nb errors removed: 1 (0s)
Superbubble
Nb superbubble removed: 0 0 (0s)
Tip
Nb Tip removed: 0 (0s)
Nb errors removed: 9 (0s)
Superbubble
Nb superbubble removed: 0 0 (0s)
Tip
Nb Tip removed: 0 (0s)
Nb errors removed: 1 (0s)
Superbubble
Nb superbubble removed: 0 0 (0s)
Tip
Nb Tip removed: 0 (0s)
Checksum: 0
Checksum abundnace: 0
Generating contigs
41.1448
28.1025
23.2252
17.4494
13.11
11.9182
10.8347
9.84974
8.14028
7.40025
6.11591
5.05447
4.17725
3.13843
2.14359
0


metaMDBG toMinspace  /var/folders/zg/vq0dnx517c54hg87dyqjky740000gn/T/.tmp7o7wQ0/tmp/ /var/folders/zg/vq0dnx517c54hg87dyqjky740000gn/T/.tmp7o7wQ0/tmp//contigs.nodepath /var/folders/zg/vq0dnx517c54hg87dyqjky740000gn/T/.tmp7o7wQ0/tmp//unitig_data.txt --threads 10

Input dir: /var/folders/zg/vq0dnx517c54hg87dyqjky740000gn/T/.tmp7o7wQ0/tmp/
Minimizer length: 15
Kminmer length: 201
Density: 0.005

Loading unitig sequences

Creating mContigs

Contig filename: /var/folders/zg/vq0dnx517c54hg87dyqjky740000gn/T/.tmp7o7wQ0/tmp//unitig_data.txt


metaMDBG toMinspace  /var/folders/zg/vq0dnx517c54hg87dyqjky740000gn/T/.tmp7o7wQ0/tmp/ /var/folders/zg/vq0dnx517c54hg87dyqjky740000gn/T/.tmp7o7wQ0/tmp//assembly_graph.gfa.unitigs.nodepath /var/folders/zg/vq0dnx517c54hg87dyqjky740000gn/T/.tmp7o7wQ0/tmp//assembly_graph.gfa.unitigs --threads 10

Input dir: /var/folders/zg/vq0dnx517c54hg87dyqjky740000gn/T/.tmp7o7wQ0/tmp/
Minimizer length: 15
Kminmer length: 201
Density: 0.005

Loading unitig sequences

Creating mContigs

Contig filename: /var/folders/zg/vq0dnx517c54hg87dyqjky740000gn/T/.tmp7o7wQ0/tmp//assembly_graph.gfa.unitigs
pass done: 201
Multi-k pass: 202/206


metaMDBG graph /var/folders/zg/vq0dnx517c54hg87dyqjky740000gn/T/.tmp7o7wQ0/tmp/ --threads 10 --corrected-read 

Contig filename: 
Output dir: /var/folders/zg/vq0dnx517c54hg87dyqjky740000gn/T/.tmp7o7wQ0/tmp/
Minimizer length: 15
Kminmer length: 202
Density: 0.005
Min abundance: 0

Loading refined abundances
	Duration: 0
Collecting kminmers
Building mdbg
Duration: 0
Nb solid kminmers: 23805
Nb small contigs written: 0
Dump kminmer abundances
	Duration: 0
Indexing edges
Edge index size: 23903
Edge index elements: 45858
	Duration: 0
Compute unitig nodes
	Duration: 0
Index unitig edges
	Duration: 0
Compute unitig edges
	Duration: 0
Dump unitig abundances
	Duration: 0
Nb edges:   0


metaMDBG contig  /var/folders/zg/vq0dnx517c54hg87dyqjky740000gn/T/.tmp7o7wQ0/tmp/ --threads 10

Input dir: /var/folders/zg/vq0dnx517c54hg87dyqjky740000gn/T/.tmp7o7wQ0/tmp/
Minimizer length: 15
Kminmer length: 202
Density: 0.005

Loading unitig graph
Load unitigs
Nb unitigs: 188
Nb minimizers: 61593
Add unitig abundances
Sorting abundances
Add unitig edges
Nb unitig edges: 180
Sorting unitig edges
Done loading unitig graph
Simplifying
Max abundance: 40
Nb unitigs: 188
Superbubble
Nb superbubble removed: 0 0 (0s)
Tip
Nb Tip removed: 23 (0s)
Superbubble
Nb superbubble removed: 0 0 (0s)
Tip
Nb Tip removed: 0 (0s)
Nb errors removed: 39 (0s)
Superbubble
Nb superbubble removed: 0 0 (0s)
Tip
Nb Tip removed: 0 (0s)
Nb errors removed: 18 (0s)
Superbubble
Nb superbubble removed: 0 0 (0s)
Tip
Nb Tip removed: 0 (0s)
Nb errors removed: 11 (0s)
Superbubble
Nb superbubble removed: 0 0 (0s)
Tip
Nb Tip removed: 0 (0s)
Nb errors removed: 8 (0s)
Superbubble
Nb superbubble removed: 0 0 (0s)
Tip
Nb Tip removed: 0 (0s)
Nb errors removed: 6 (0s)
Superbubble
Nb superbubble removed: 0 0 (0s)
Tip
Nb Tip removed: 0 (0s)
Nb errors removed: 7 (0s)
Superbubble
Nb superbubble removed: 0 0 (0s)
Tip
Nb Tip removed: 0 (0s)
Nb errors removed: 6 (0s)
Superbubble
Nb superbubble removed: 0 0 (0s)
Tip
Nb Tip removed: 0 (0s)
Nb errors removed: 16 (0s)
Superbubble
Nb superbubble removed: 0 0 (0s)
Tip
Nb Tip removed: 0 (0s)
Nb errors removed: 10 (0s)
Superbubble
Nb superbubble removed: 0 0 (0s)
Tip
Nb Tip removed: 0 (0s)
Nb errors removed: 5 (0s)
Superbubble
Nb superbubble removed: 0 0 (0s)
Tip
Nb Tip removed: 0 (0s)
Nb errors removed: 10 (0s)
Superbubble
Nb superbubble removed: 0 0 (0s)
Tip
Nb Tip removed: 0 (0s)
Nb errors removed: 1 (0s)
Superbubble
Nb superbubble removed: 0 0 (0s)
Tip
Nb Tip removed: 0 (0s)
Nb errors removed: 1 (0s)
Superbubble
Nb superbubble removed: 0 0 (0s)
Tip
Nb Tip removed: 0 (0s)
Nb errors removed: 9 (0s)
Superbubble
Nb superbubble removed: 0 0 (0s)
Tip
Nb Tip removed: 0 (0s)
Nb errors removed: 1 (0s)
Superbubble
Nb superbubble removed: 0 0 (0s)
Tip
Nb Tip removed: 0 (0s)
Checksum: 0
Checksum abundnace: 0
Generating contigs
41.1448
28.1025
23.2252
17.4494
13.11
11.9182
10.8347
9.84974
8.14028
7.40025
6.11591
5.05447
4.17725
3.13843
2.14359
0


metaMDBG toMinspace  /var/folders/zg/vq0dnx517c54hg87dyqjky740000gn/T/.tmp7o7wQ0/tmp/ /var/folders/zg/vq0dnx517c54hg87dyqjky740000gn/T/.tmp7o7wQ0/tmp//contigs.nodepath /var/folders/zg/vq0dnx517c54hg87dyqjky740000gn/T/.tmp7o7wQ0/tmp//unitig_data.txt --threads 10

Input dir: /var/folders/zg/vq0dnx517c54hg87dyqjky740000gn/T/.tmp7o7wQ0/tmp/
Minimizer length: 15
Kminmer length: 202
Density: 0.005

Loading unitig sequences

Creating mContigs

Contig filename: /var/folders/zg/vq0dnx517c54hg87dyqjky740000gn/T/.tmp7o7wQ0/tmp//unitig_data.txt
pass done: 202
Multi-k pass: 203/206


metaMDBG graph /var/folders/zg/vq0dnx517c54hg87dyqjky740000gn/T/.tmp7o7wQ0/tmp/ --threads 10 --corrected-read 

Contig filename: 
Output dir: /var/folders/zg/vq0dnx517c54hg87dyqjky740000gn/T/.tmp7o7wQ0/tmp/
Minimizer length: 15
Kminmer length: 203
Density: 0.005
Min abundance: 0

Loading refined abundances
	Duration: 0
Collecting kminmers
Building mdbg
Duration: 0
Nb solid kminmers: 23706
Nb small contigs written: 0
Dump kminmer abundances
	Duration: 0
Indexing edges
Edge index size: 23803
Edge index elements: 45794
	Duration: 0
Compute unitig nodes
	Duration: 0
Index unitig edges
	Duration: 0
Compute unitig edges
	Duration: 0
Dump unitig abundances
	Duration: 0
Nb edges:   0


metaMDBG contig  /var/folders/zg/vq0dnx517c54hg87dyqjky740000gn/T/.tmp7o7wQ0/tmp/ --threads 10

Input dir: /var/folders/zg/vq0dnx517c54hg87dyqjky740000gn/T/.tmp7o7wQ0/tmp/
Minimizer length: 15
Kminmer length: 203
Density: 0.005

Loading unitig graph
Load unitigs
Nb unitigs: 185
Nb minimizers: 61076
Add unitig abundances
Sorting abundances
Add unitig edges
Nb unitig edges: 176
Sorting unitig edges
Done loading unitig graph
Simplifying
Max abundance: 40
Nb unitigs: 185
Superbubble
Nb superbubble removed: 0 0 (0s)
Tip
Nb Tip removed: 23 (0s)
Superbubble
Nb superbubble removed: 0 0 (0s)
Tip
Nb Tip removed: 0 (0s)
Nb errors removed: 39 (0s)
Superbubble
Nb superbubble removed: 0 0 (0s)
Tip
Nb Tip removed: 0 (0s)
Nb errors removed: 18 (0s)
Superbubble
Nb superbubble removed: 0 0 (0s)
Tip
Nb Tip removed: 0 (0s)
Nb errors removed: 11 (0s)
Superbubble
Nb superbubble removed: 0 0 (0s)
Tip
Nb Tip removed: 0 (0s)
Nb errors removed: 6 (0s)
Superbubble
Nb superbubble removed: 0 0 (0s)
Tip
Nb Tip removed: 0 (0s)
Nb errors removed: 6 (0s)
Superbubble
Nb superbubble removed: 0 0 (0s)
Tip
Nb Tip removed: 0 (0s)
Nb errors removed: 7 (0s)
Superbubble
Nb superbubble removed: 0 0 (0s)
Tip
Nb Tip removed: 0 (0s)
Nb errors removed: 6 (0s)
Superbubble
Nb superbubble removed: 0 0 (0s)
Tip
Nb Tip removed: 0 (0s)
Nb errors removed: 16 (0s)
Superbubble
Nb superbubble removed: 0 0 (0s)
Tip
Nb Tip removed: 0 (0s)
Nb errors removed: 10 (0s)
Superbubble
Nb superbubble removed: 0 0 (0s)
Tip
Nb Tip removed: 0 (0s)
Nb errors removed: 5 (0s)
Superbubble
Nb superbubble removed: 0 0 (0s)
Tip
Nb Tip removed: 0 (0s)
Nb errors removed: 10 (0s)
Superbubble
Nb superbubble removed: 0 0 (0s)
Tip
Nb Tip removed: 0 (0s)
Nb errors removed: 1 (0s)
Superbubble
Nb superbubble removed: 0 0 (0s)
Tip
Nb Tip removed: 0 (0s)
Nb errors removed: 1 (0s)
Superbubble
Nb superbubble removed: 0 0 (0s)
Tip
Nb Tip removed: 0 (0s)
Nb errors removed: 9 (0s)
Superbubble
Nb superbubble removed: 0 0 (0s)
Tip
Nb Tip removed: 0 (0s)
Nb errors removed: 1 (0s)
Superbubble
Nb superbubble removed: 0 0 (0s)
Tip
Nb Tip removed: 0 (0s)
Checksum: 0
Checksum abundnace: 0
Generating contigs
41.1448
28.1025
23.2252
17.4494
13.11
11.9182
10.8347
9.84974
8.14028
7.40025
6.11591
5.05447
4.17725
3.13843
2.14359
0


metaMDBG toMinspace  /var/folders/zg/vq0dnx517c54hg87dyqjky740000gn/T/.tmp7o7wQ0/tmp/ /var/folders/zg/vq0dnx517c54hg87dyqjky740000gn/T/.tmp7o7wQ0/tmp//contigs.nodepath /var/folders/zg/vq0dnx517c54hg87dyqjky740000gn/T/.tmp7o7wQ0/tmp//unitig_data.txt --threads 10

Input dir: /var/folders/zg/vq0dnx517c54hg87dyqjky740000gn/T/.tmp7o7wQ0/tmp/
Minimizer length: 15
Kminmer length: 203
Density: 0.005

Loading unitig sequences

Creating mContigs

Contig filename: /var/folders/zg/vq0dnx517c54hg87dyqjky740000gn/T/.tmp7o7wQ0/tmp//unitig_data.txt
pass done: 203
Multi-k pass: 204/206


metaMDBG graph /var/folders/zg/vq0dnx517c54hg87dyqjky740000gn/T/.tmp7o7wQ0/tmp/ --threads 10 --corrected-read 

Contig filename: 
Output dir: /var/folders/zg/vq0dnx517c54hg87dyqjky740000gn/T/.tmp7o7wQ0/tmp/
Minimizer length: 15
Kminmer length: 204
Density: 0.005
Min abundance: 0

Loading refined abundances
	Duration: 0
Collecting kminmers
Building mdbg
Duration: 0
Nb solid kminmers: 23609
Nb small contigs written: 0
Dump kminmer abundances
	Duration: 0
Indexing edges
Edge index size: 23706
Edge index elements: 45641
	Duration: 0
Compute unitig nodes
	Duration: 0
Index unitig edges
	Duration: 0
Compute unitig edges
	Duration: 0
Dump unitig abundances
	Duration: 0
Nb edges:   0


metaMDBG contig  /var/folders/zg/vq0dnx517c54hg87dyqjky740000gn/T/.tmp7o7wQ0/tmp/ --threads 10

Input dir: /var/folders/zg/vq0dnx517c54hg87dyqjky740000gn/T/.tmp7o7wQ0/tmp/
Minimizer length: 15
Kminmer length: 204
Density: 0.005

Loading unitig graph
Load unitigs
Nb unitigs: 185
Nb minimizers: 61164
Add unitig abundances
Sorting abundances
Add unitig edges
Nb unitig edges: 176
Sorting unitig edges
Done loading unitig graph
Simplifying
Max abundance: 40
Nb unitigs: 185
Superbubble
Nb superbubble removed: 0 0 (0s)
Tip
Nb Tip removed: 22 (0s)
Superbubble
Nb superbubble removed: 0 0 (0s)
Tip
Nb Tip removed: 0 (0s)
Nb errors removed: 39 (0s)
Superbubble
Nb superbubble removed: 0 0 (0s)
Tip
Nb Tip removed: 0 (0s)
Nb errors removed: 18 (0s)
Superbubble
Nb superbubble removed: 0 0 (0s)
Tip
Nb Tip removed: 0 (0s)
Nb errors removed: 11 (0s)
Superbubble
Nb superbubble removed: 0 0 (0s)
Tip
Nb Tip removed: 0 (0s)
Nb errors removed: 6 (0s)
Superbubble
Nb superbubble removed: 0 0 (0s)
Tip
Nb Tip removed: 0 (0s)
Nb errors removed: 6 (0s)
Superbubble
Nb superbubble removed: 0 0 (0s)
Tip
Nb Tip removed: 0 (0s)
Nb errors removed: 7 (0s)
Superbubble
Nb superbubble removed: 0 0 (0s)
Tip
Nb Tip removed: 0 (0s)
Nb errors removed: 6 (0s)
Superbubble
Nb superbubble removed: 0 0 (0s)
Tip
Nb Tip removed: 0 (0s)
Nb errors removed: 16 (0s)
Superbubble
Nb superbubble removed: 0 0 (0s)
Tip
Nb Tip removed: 0 (0s)
Nb errors removed: 10 (0s)
Superbubble
Nb superbubble removed: 0 0 (0s)
Tip
Nb Tip removed: 0 (0s)
Nb errors removed: 5 (0s)
Superbubble
Nb superbubble removed: 0 0 (0s)
Tip
Nb Tip removed: 0 (0s)
Nb errors removed: 10 (0s)
Superbubble
Nb superbubble removed: 0 0 (0s)
Tip
Nb Tip removed: 0 (0s)
Nb errors removed: 1 (0s)
Superbubble
Nb superbubble removed: 0 0 (0s)
Tip
Nb Tip removed: 0 (0s)
Nb errors removed: 1 (0s)
Superbubble
Nb superbubble removed: 0 0 (0s)
Tip
Nb Tip removed: 0 (0s)
Nb errors removed: 9 (0s)
Superbubble
Nb superbubble removed: 0 0 (0s)
Tip
Nb Tip removed: 0 (0s)
Nb errors removed: 1 (0s)
Superbubble
Nb superbubble removed: 0 0 (0s)
Tip
Nb Tip removed: 0 (0s)
Checksum: 0
Checksum abundnace: 0
Generating contigs
41.1448
28.1025
23.2252
17.4494
13.11
11.9182
10.8347
9.84974
8.14028
7.40025
6.11591
5.05447
4.17725
3.13843
2.14359
0


metaMDBG toMinspace  /var/folders/zg/vq0dnx517c54hg87dyqjky740000gn/T/.tmp7o7wQ0/tmp/ /var/folders/zg/vq0dnx517c54hg87dyqjky740000gn/T/.tmp7o7wQ0/tmp//contigs.nodepath /var/folders/zg/vq0dnx517c54hg87dyqjky740000gn/T/.tmp7o7wQ0/tmp//unitig_data.txt --threads 10

Input dir: /var/folders/zg/vq0dnx517c54hg87dyqjky740000gn/T/.tmp7o7wQ0/tmp/
Minimizer length: 15
Kminmer length: 204
Density: 0.005

Loading unitig sequences

Creating mContigs

Contig filename: /var/folders/zg/vq0dnx517c54hg87dyqjky740000gn/T/.tmp7o7wQ0/tmp//unitig_data.txt
pass done: 204
Multi-k pass: 205/206


metaMDBG graph /var/folders/zg/vq0dnx517c54hg87dyqjky740000gn/T/.tmp7o7wQ0/tmp/ --threads 10 --corrected-read 

Contig filename: 
Output dir: /var/folders/zg/vq0dnx517c54hg87dyqjky740000gn/T/.tmp7o7wQ0/tmp/
Minimizer length: 15
Kminmer length: 205
Density: 0.005
Min abundance: 0

Loading refined abundances
	Duration: 0
Collecting kminmers
Building mdbg
Duration: 0
Nb solid kminmers: 23512
Nb small contigs written: 0
Dump kminmer abundances
	Duration: 0
Indexing edges
Edge index size: 23608
Edge index elements: 45495
	Duration: 0
Compute unitig nodes
	Duration: 0
Index unitig edges
	Duration: 0
Compute unitig edges
	Duration: 0
Dump unitig abundances
	Duration: 0
Nb edges:   0


metaMDBG contig  /var/folders/zg/vq0dnx517c54hg87dyqjky740000gn/T/.tmp7o7wQ0/tmp/ --threads 10

Input dir: /var/folders/zg/vq0dnx517c54hg87dyqjky740000gn/T/.tmp7o7wQ0/tmp/
Minimizer length: 15
Kminmer length: 205
Density: 0.005

Loading unitig graph
Load unitigs
Nb unitigs: 184
Nb minimizers: 61048
Add unitig abundances
Sorting abundances
Add unitig edges
Nb unitig edges: 176
Sorting unitig edges
Done loading unitig graph
Simplifying
Max abundance: 40
Nb unitigs: 184
Superbubble
Nb superbubble removed: 0 0 (0s)
Tip
Nb Tip removed: 20 (0s)
Superbubble
Nb superbubble removed: 0 0 (0s)
Tip
Nb Tip removed: 0 (0s)
Nb errors removed: 39 (0s)
Superbubble
Nb superbubble removed: 0 0 (0s)
Tip
Nb Tip removed: 0 (0s)
Nb errors removed: 17 (0s)
Superbubble
Nb superbubble removed: 0 0 (0s)
Tip
Nb Tip removed: 0 (0s)
Nb errors removed: 11 (0s)
Superbubble
Nb superbubble removed: 0 0 (0s)
Tip
Nb Tip removed: 0 (0s)
Nb errors removed: 7 (0s)
Superbubble
Nb superbubble removed: 0 0 (0s)
Tip
Nb Tip removed: 0 (0s)
Nb errors removed: 6 (0s)
Superbubble
Nb superbubble removed: 0 0 (0s)
Tip
Nb Tip removed: 0 (0s)
Nb errors removed: 7 (0s)
Superbubble
Nb superbubble removed: 0 0 (0s)
Tip
Nb Tip removed: 0 (0s)
Nb errors removed: 6 (0s)
Superbubble
Nb superbubble removed: 0 0 (0s)
Tip
Nb Tip removed: 0 (0s)
Nb errors removed: 16 (0s)
Superbubble
Nb superbubble removed: 0 0 (0s)
Tip
Nb Tip removed: 0 (0s)
Nb errors removed: 10 (0s)
Superbubble
Nb superbubble removed: 0 0 (0s)
Tip
Nb Tip removed: 0 (0s)
Nb errors removed: 5 (0s)
Superbubble
Nb superbubble removed: 0 0 (0s)
Tip
Nb Tip removed: 0 (0s)
Nb errors removed: 10 (0s)
Superbubble
Nb superbubble removed: 0 0 (0s)
Tip
Nb Tip removed: 0 (0s)
Nb errors removed: 1 (0s)
Superbubble
Nb superbubble removed: 0 0 (0s)
Tip
Nb Tip removed: 0 (0s)
Nb errors removed: 1 (0s)
Superbubble
Nb superbubble removed: 0 0 (0s)
Tip
Nb Tip removed: 0 (0s)
Nb errors removed: 9 (0s)
Superbubble
Nb superbubble removed: 0 0 (0s)
Tip
Nb Tip removed: 0 (0s)
Nb errors removed: 1 (0s)
Superbubble
Nb superbubble removed: 0 0 (0s)
Tip
Nb Tip removed: 0 (0s)
Checksum: 0
Checksum abundnace: 0
Generating contigs
41.1448
28.1025
23.2252
17.4494
13.11
11.9182
10.8347
9.84974
8.14028
7.40025
6.11591
5.05447
4.17725
3.13843
2.14359
0


metaMDBG toMinspace  /var/folders/zg/vq0dnx517c54hg87dyqjky740000gn/T/.tmp7o7wQ0/tmp/ /var/folders/zg/vq0dnx517c54hg87dyqjky740000gn/T/.tmp7o7wQ0/tmp//contigs.nodepath /var/folders/zg/vq0dnx517c54hg87dyqjky740000gn/T/.tmp7o7wQ0/tmp//unitig_data.txt --threads 10

Input dir: /var/folders/zg/vq0dnx517c54hg87dyqjky740000gn/T/.tmp7o7wQ0/tmp/
Minimizer length: 15
Kminmer length: 205
Density: 0.005

Loading unitig sequences

Creating mContigs

Contig filename: /var/folders/zg/vq0dnx517c54hg87dyqjky740000gn/T/.tmp7o7wQ0/tmp//unitig_data.txt
pass done: 205
Multi-k pass: 206/206


metaMDBG graph /var/folders/zg/vq0dnx517c54hg87dyqjky740000gn/T/.tmp7o7wQ0/tmp/ --threads 10 --corrected-read 

Contig filename: 
Output dir: /var/folders/zg/vq0dnx517c54hg87dyqjky740000gn/T/.tmp7o7wQ0/tmp/
Minimizer length: 15
Kminmer length: 206
Density: 0.005
Min abundance: 0

Loading refined abundances
	Duration: 0
Collecting kminmers
Building mdbg
Duration: 0
Nb solid kminmers: 23414
Nb small contigs written: 0
Dump kminmer abundances
	Duration: 0
Indexing edges
Edge index size: 23511
Edge index elements: 45235
	Duration: 0
Compute unitig nodes
	Duration: 0
Index unitig edges
	Duration: 0
Compute unitig edges
	Duration: 0
Dump unitig abundances
	Duration: 0
Nb edges:   0


metaMDBG contig  /var/folders/zg/vq0dnx517c54hg87dyqjky740000gn/T/.tmp7o7wQ0/tmp/ --threads 10

Input dir: /var/folders/zg/vq0dnx517c54hg87dyqjky740000gn/T/.tmp7o7wQ0/tmp/
Minimizer length: 15
Kminmer length: 206
Density: 0.005

Loading unitig graph
Load unitigs
Nb unitigs: 181
Nb minimizers: 60519
Add unitig abundances
Sorting abundances
Add unitig edges
Nb unitig edges: 168
Sorting unitig edges
Done loading unitig graph
Simplifying
Max abundance: 40
Nb unitigs: 181
Superbubble
Nb superbubble removed: 0 0 (0s)
Tip
Nb Tip removed: 19 (0s)
Superbubble
Nb superbubble removed: 0 0 (0s)
Tip
Nb Tip removed: 0 (0s)
Nb errors removed: 39 (0s)
Superbubble
Nb superbubble removed: 0 0 (0s)
Tip
Nb Tip removed: 0 (0s)
Nb errors removed: 17 (0s)
Superbubble
Nb superbubble removed: 0 0 (0s)
Tip
Nb Tip removed: 0 (0s)
Nb errors removed: 11 (0s)
Superbubble
Nb superbubble removed: 0 0 (0s)
Tip
Nb Tip removed: 0 (0s)
Nb errors removed: 6 (0s)
Superbubble
Nb superbubble removed: 0 0 (0s)
Tip
Nb Tip removed: 0 (0s)
Nb errors removed: 6 (0s)
Superbubble
Nb superbubble removed: 0 0 (0s)
Tip
Nb Tip removed: 0 (0s)
Nb errors removed: 7 (0s)
Superbubble
Nb superbubble removed: 0 0 (0s)
Tip
Nb Tip removed: 0 (0s)
Nb errors removed: 6 (0s)
Superbubble
Nb superbubble removed: 0 0 (0s)
Tip
Nb Tip removed: 0 (0s)
Nb errors removed: 15 (0s)
Superbubble
Nb superbubble removed: 0 0 (0s)
Tip
Nb Tip removed: 0 (0s)
Nb errors removed: 10 (0s)
Superbubble
Nb superbubble removed: 0 0 (0s)
Tip
Nb Tip removed: 0 (0s)
Nb errors removed: 4 (0s)
Superbubble
Nb superbubble removed: 0 0 (0s)
Tip
Nb Tip removed: 0 (0s)
Nb errors removed: 10 (0s)
Superbubble
Nb superbubble removed: 0 0 (0s)
Tip
Nb Tip removed: 0 (0s)
Nb errors removed: 1 (0s)
Superbubble
Nb superbubble removed: 0 0 (0s)
Tip
Nb Tip removed: 0 (0s)
Nb errors removed: 1 (0s)
Superbubble
Nb superbubble removed: 0 0 (0s)
Tip
Nb Tip removed: 0 (0s)
Nb errors removed: 9 (0s)
Superbubble
Nb superbubble removed: 0 0 (0s)
Tip
Nb Tip removed: 0 (0s)
Nb errors removed: 1 (0s)
Superbubble
Nb superbubble removed: 0 0 (0s)
Tip
Nb Tip removed: 0 (0s)
Checksum: 0
Checksum abundnace: 0
Generating contigs
41.1448
28.1025
23.2252
17.4494
13.11
11.9182
10.8347
9.84974
8.14028
7.40025
6.11591
5.05447
4.17725
3.13843
2.14359
0


metaMDBG toMinspace  /var/folders/zg/vq0dnx517c54hg87dyqjky740000gn/T/.tmp7o7wQ0/tmp/ /var/folders/zg/vq0dnx517c54hg87dyqjky740000gn/T/.tmp7o7wQ0/tmp//contigs.nodepath /var/folders/zg/vq0dnx517c54hg87dyqjky740000gn/T/.tmp7o7wQ0/tmp//contig_data_init.txt --threads 10

Input dir: /var/folders/zg/vq0dnx517c54hg87dyqjky740000gn/T/.tmp7o7wQ0/tmp/
Minimizer length: 15
Kminmer length: 206
Density: 0.005

Loading unitig sequences

Creating mContigs

Contig filename: /var/folders/zg/vq0dnx517c54hg87dyqjky740000gn/T/.tmp7o7wQ0/tmp//contig_data_init.txt
Removing overlaps and duplication
Append small contigs


metaMDBG toBasespaceFast  /var/folders/zg/vq0dnx517c54hg87dyqjky740000gn/T/.tmp7o7wQ0/tmp/ /var/folders/zg/vq0dnx517c54hg87dyqjky740000gn/T/.tmp7o7wQ0/tmp//contig_data_init_small.txt --threads 10 --has-quality

Input dir: /var/folders/zg/vq0dnx517c54hg87dyqjky740000gn/T/.tmp7o7wQ0/tmp/
Minimizer length: 15
Kminmer length: 4
Density: 0.005

Indexing kminmers
Indexing contigs
detecting overlaps
Nb contigs: 314
OverlapRemover checksum: 9479948175139220585
detecting overlaps
Nb contigs: 229
OverlapRemover checksum: 4290479695585274931
detecting overlaps
Nb contigs: 219
OverlapRemover checksum: 6691063740128649249
detecting overlaps
Nb contigs: 216
OverlapRemover checksum: 17437523481508559178
detecting overlaps
Removing self overlaps: 216
Nb contigs: 216
Indexing initial unitigs
Indexing kminmer abundance
Indexing reads
Indexing reads 1
Indexing reads 2
Break unbridged repeats
Constructing base-space contigs


metaMDBG toBasespace_ont  /var/folders/zg/vq0dnx517c54hg87dyqjky740000gn/T/.tmp7o7wQ0/tmp/ /var/folders/zg/vq0dnx517c54hg87dyqjky740000gn/T/.tmp7o7wQ0/tmp//contig_data_init_small.txt.norepeats  /var/folders/zg/vq0dnx517c54hg87dyqjky740000gn/T/.tmp7o7wQ0/tmp//contigs_uncorrected.fasta.gz /var/folders/zg/vq0dnx517c54hg87dyqjky740000gn/T/.tmp7o7wQ0/tmp//input.txt --threads 10

Input dir: /var/folders/zg/vq0dnx517c54hg87dyqjky740000gn/T/.tmp7o7wQ0/tmp/
Minimizer length: 15
Kminmer length: 2
Density: 0.005

Indexing contigs
0
Loading contigs
0
Aligning reads
0
10000
20000
Parsing contigs
Extracting kminmer models
	Parsing file: /Users/mschul/Downloads/sample01/sample01_autocycler/porechop_output_sample01/subsampled_reads/sample_01.fastq
Correcting kminmer 0
	Parsing file done (nb reads: 21807)
Creating basespace contigs: /var/folders/zg/vq0dnx517c54hg87dyqjky740000gn/T/.tmp7o7wQ0/tmp//contig_data_init_small.txt.norepeats
Nb contigs: 220
Nb bps: 4490623
Checksum: 0
Polishing contigs


metaMDBG polish --polish-target /var/folders/zg/vq0dnx517c54hg87dyqjky740000gn/T/.tmp7o7wQ0/tmp//contigs_uncorrected.fasta.gz --out-dir /var/folders/zg/vq0dnx517c54hg87dyqjky740000gn/T/.tmp7o7wQ0/tmp/  --threads 10 -n 100 --metaMDBG --max-memory 0 --in-ont  /Users/mschul/Downloads/sample01/sample01_autocycler/porechop_output_sample01/subsampled_reads/sample_01.fastq 

Contigs: /var/folders/zg/vq0dnx517c54hg87dyqjky740000gn/T/.tmp7o7wQ0/tmp//contigs_uncorrected.fasta.gz
Reads: /var/folders/zg/vq0dnx517c54hg87dyqjky740000gn/T/.tmp7o7wQ0/tmp//_polish_readPartitions//input.txt
Use quality: 1
Max window variants: 100

Map reads to all contigs
	minimap2 -v 0 -m 500 -I 1G -t 10 -x map-ont /var/folders/zg/vq0dnx517c54hg87dyqjky740000gn/T/.tmp7o7wQ0/tmp//contigs_uncorrected.fasta.gz  /Users/mschul/Downloads/sample01/sample01_autocycler/porechop_output_sample01/subsampled_reads/sample_01.fastq 
	gzip
	/var/folders/zg/vq0dnx517c54hg87dyqjky740000gn/T/.tmp7o7wQ0/tmp//_polish_readPartitions//polish_mapping.paf.gz
	Done  (1s)

Partitionning reads on the disk
	Parsing file: /var/folders/zg/vq0dnx517c54hg87dyqjky740000gn/T/.tmp7o7wQ0/tmp//contigs_uncorrected.fasta.gz
	Parsing file: /Users/mschul/Downloads/sample01/sample01_autocycler/porechop_output_sample01/subsampled_reads/sample_01.fastq
	Loading alignments
	Computing contig coverages
	Parsing file: /var/folders/zg/vq0dnx517c54hg87dyqjky740000gn/T/.tmp7o7wQ0/tmp//contigs_uncorrected.fasta.gz
	Parsing file: /var/folders/zg/vq0dnx517c54hg87dyqjky740000gn/T/.tmp7o7wQ0/tmp//contigs_uncorrected.fasta.gz
	Nb partitions: 10
	Parsing file: /Users/mschul/Downloads/sample01/sample01_autocycler/porechop_output_sample01/subsampled_reads/sample_01.fastq
	0
	10000
	20000
	Parsing file done (nb reads: 21807)
	Parsing file: /var/folders/zg/vq0dnx517c54hg87dyqjky740000gn/T/.tmp7o7wQ0/tmp//contigs_uncorrected.fasta.gz
	0
	Parsing file done (nb reads: 220)
	Done  (15s)

Curating contigs

Polishing contigs (pass 1)

	Polishing partition: 0/10
	Map reads to curated contigs
	minimap2 -v 0 -m 500 -t 10 -x map-ont /var/folders/zg/vq0dnx517c54hg87dyqjky740000gn/T/.tmp7o7wQ0/tmp//_polish_readPartitions//0_contigs.gz /var/folders/zg/vq0dnx517c54hg87dyqjky740000gn/T/.tmp7o7wQ0/tmp//_polish_readPartitions//0_reads.gz
	gzip
	/var/folders/zg/vq0dnx517c54hg87dyqjky740000gn/T/.tmp7o7wQ0/tmp//_polish_readPartitions//align.paf.gz
	Done  (1s)
	Parsing file: /var/folders/zg/vq0dnx517c54hg87dyqjky740000gn/T/.tmp7o7wQ0/tmp//_polish_readPartitions//0_contigs.gz
	Parsing file: /var/folders/zg/vq0dnx517c54hg87dyqjky740000gn/T/.tmp7o7wQ0/tmp//_polish_readPartitions//0_contigs.gz
	Loading alignments
	Computing contig coverages
	Parsing file: /var/folders/zg/vq0dnx517c54hg87dyqjky740000gn/T/.tmp7o7wQ0/tmp//_polish_readPartitions//0_contigs.gz
	Collecting window sequences
	Parsing file: /var/folders/zg/vq0dnx517c54hg87dyqjky740000gn/T/.tmp7o7wQ0/tmp//_polish_readPartitions//0_reads.gz
	Parsing file done (nb reads: 10113)
	Perform correction
	Partition 0 done  (16s)

	Polishing partition: 1/10
	Map reads to curated contigs
	minimap2 -v 0 -m 500 -t 10 -x map-ont /var/folders/zg/vq0dnx517c54hg87dyqjky740000gn/T/.tmp7o7wQ0/tmp//_polish_readPartitions//1_contigs.gz /var/folders/zg/vq0dnx517c54hg87dyqjky740000gn/T/.tmp7o7wQ0/tmp//_polish_readPartitions//1_reads.gz
	gzip
	/var/folders/zg/vq0dnx517c54hg87dyqjky740000gn/T/.tmp7o7wQ0/tmp//_polish_readPartitions//align.paf.gz
	Done  (0s)
	Parsing file: /var/folders/zg/vq0dnx517c54hg87dyqjky740000gn/T/.tmp7o7wQ0/tmp//_polish_readPartitions//1_contigs.gz
	Parsing file: /var/folders/zg/vq0dnx517c54hg87dyqjky740000gn/T/.tmp7o7wQ0/tmp//_polish_readPartitions//1_contigs.gz
	Loading alignments
	Computing contig coverages
	Parsing file: /var/folders/zg/vq0dnx517c54hg87dyqjky740000gn/T/.tmp7o7wQ0/tmp//_polish_readPartitions//1_contigs.gz
	Collecting window sequences
	Parsing file: /var/folders/zg/vq0dnx517c54hg87dyqjky740000gn/T/.tmp7o7wQ0/tmp//_polish_readPartitions//1_reads.gz
	Parsing file done (nb reads: 54)
	Perform correction
	Partition 1 done  (0s)

	Polishing partition: 2/10
	Map reads to curated contigs
	minimap2 -v 0 -m 500 -t 10 -x map-ont /var/folders/zg/vq0dnx517c54hg87dyqjky740000gn/T/.tmp7o7wQ0/tmp//_polish_readPartitions//2_contigs.gz /var/folders/zg/vq0dnx517c54hg87dyqjky740000gn/T/.tmp7o7wQ0/tmp//_polish_readPartitions//2_reads.gz
	gzip
	/var/folders/zg/vq0dnx517c54hg87dyqjky740000gn/T/.tmp7o7wQ0/tmp//_polish_readPartitions//align.paf.gz
	Done  (0s)
	Parsing file: /var/folders/zg/vq0dnx517c54hg87dyqjky740000gn/T/.tmp7o7wQ0/tmp//_polish_readPartitions//2_contigs.gz
	Parsing file: /var/folders/zg/vq0dnx517c54hg87dyqjky740000gn/T/.tmp7o7wQ0/tmp//_polish_readPartitions//2_contigs.gz
	Loading alignments
	Computing contig coverages
	Parsing file: /var/folders/zg/vq0dnx517c54hg87dyqjky740000gn/T/.tmp7o7wQ0/tmp//_polish_readPartitions//2_contigs.gz
	Collecting window sequences
	Parsing file: /var/folders/zg/vq0dnx517c54hg87dyqjky740000gn/T/.tmp7o7wQ0/tmp//_polish_readPartitions//2_reads.gz
	Parsing file done (nb reads: 109)
	Perform correction
	Partition 2 done  (0s)

	Polishing partition: 3/10
	Map reads to curated contigs
	minimap2 -v 0 -m 500 -t 10 -x map-ont /var/folders/zg/vq0dnx517c54hg87dyqjky740000gn/T/.tmp7o7wQ0/tmp//_polish_readPartitions//3_contigs.gz /var/folders/zg/vq0dnx517c54hg87dyqjky740000gn/T/.tmp7o7wQ0/tmp//_polish_readPartitions//3_reads.gz
	gzip
	/var/folders/zg/vq0dnx517c54hg87dyqjky740000gn/T/.tmp7o7wQ0/tmp//_polish_readPartitions//align.paf.gz
	Done  (0s)
	Parsing file: /var/folders/zg/vq0dnx517c54hg87dyqjky740000gn/T/.tmp7o7wQ0/tmp//_polish_readPartitions//3_contigs.gz
	Parsing file: /var/folders/zg/vq0dnx517c54hg87dyqjky740000gn/T/.tmp7o7wQ0/tmp//_polish_readPartitions//3_contigs.gz
	Loading alignments
	Computing contig coverages
	Parsing file: /var/folders/zg/vq0dnx517c54hg87dyqjky740000gn/T/.tmp7o7wQ0/tmp//_polish_readPartitions//3_contigs.gz
	Collecting window sequences
	Parsing file: /var/folders/zg/vq0dnx517c54hg87dyqjky740000gn/T/.tmp7o7wQ0/tmp//_polish_readPartitions//3_reads.gz
	Parsing file done (nb reads: 67)
	Perform correction
	Partition 3 done  (0s)

	Polishing partition: 4/10
	Map reads to curated contigs
	minimap2 -v 0 -m 500 -t 10 -x map-ont /var/folders/zg/vq0dnx517c54hg87dyqjky740000gn/T/.tmp7o7wQ0/tmp//_polish_readPartitions//4_contigs.gz /var/folders/zg/vq0dnx517c54hg87dyqjky740000gn/T/.tmp7o7wQ0/tmp//_polish_readPartitions//4_reads.gz
	gzip
	/var/folders/zg/vq0dnx517c54hg87dyqjky740000gn/T/.tmp7o7wQ0/tmp//_polish_readPartitions//align.paf.gz
	Done  (0s)
	Parsing file: /var/folders/zg/vq0dnx517c54hg87dyqjky740000gn/T/.tmp7o7wQ0/tmp//_polish_readPartitions//4_contigs.gz
	Parsing file: /var/folders/zg/vq0dnx517c54hg87dyqjky740000gn/T/.tmp7o7wQ0/tmp//_polish_readPartitions//4_contigs.gz
	Loading alignments
	Computing contig coverages
	Parsing file: /var/folders/zg/vq0dnx517c54hg87dyqjky740000gn/T/.tmp7o7wQ0/tmp//_polish_readPartitions//4_contigs.gz
	Collecting window sequences
	Parsing file: /var/folders/zg/vq0dnx517c54hg87dyqjky740000gn/T/.tmp7o7wQ0/tmp//_polish_readPartitions//4_reads.gz
	Parsing file done (nb reads: 352)
	Perform correction
	Partition 4 done  (0s)

	Polishing partition: 5/10
	Map reads to curated contigs
	minimap2 -v 0 -m 500 -t 10 -x map-ont /var/folders/zg/vq0dnx517c54hg87dyqjky740000gn/T/.tmp7o7wQ0/tmp//_polish_readPartitions//5_contigs.gz /var/folders/zg/vq0dnx517c54hg87dyqjky740000gn/T/.tmp7o7wQ0/tmp//_polish_readPartitions//5_reads.gz
	gzip
	/var/folders/zg/vq0dnx517c54hg87dyqjky740000gn/T/.tmp7o7wQ0/tmp//_polish_readPartitions//align.paf.gz
	Done  (0s)
	Parsing file: /var/folders/zg/vq0dnx517c54hg87dyqjky740000gn/T/.tmp7o7wQ0/tmp//_polish_readPartitions//5_contigs.gz
	Parsing file: /var/folders/zg/vq0dnx517c54hg87dyqjky740000gn/T/.tmp7o7wQ0/tmp//_polish_readPartitions//5_contigs.gz
	Loading alignments
	Computing contig coverages
	Parsing file: /var/folders/zg/vq0dnx517c54hg87dyqjky740000gn/T/.tmp7o7wQ0/tmp//_polish_readPartitions//5_contigs.gz
	Collecting window sequences
	Parsing file: /var/folders/zg/vq0dnx517c54hg87dyqjky740000gn/T/.tmp7o7wQ0/tmp//_polish_readPartitions//5_reads.gz
	Parsing file done (nb reads: 1964)
	Perform correction
	Partition 5 done  (3s)

	Polishing partition: 6/10
	Map reads to curated contigs
	minimap2 -v 0 -m 500 -t 10 -x map-ont /var/folders/zg/vq0dnx517c54hg87dyqjky740000gn/T/.tmp7o7wQ0/tmp//_polish_readPartitions//6_contigs.gz /var/folders/zg/vq0dnx517c54hg87dyqjky740000gn/T/.tmp7o7wQ0/tmp//_polish_readPartitions//6_reads.gz
	gzip
	/var/folders/zg/vq0dnx517c54hg87dyqjky740000gn/T/.tmp7o7wQ0/tmp//_polish_readPartitions//align.paf.gz
	Done  (0s)
	Parsing file: /var/folders/zg/vq0dnx517c54hg87dyqjky740000gn/T/.tmp7o7wQ0/tmp//_polish_readPartitions//6_contigs.gz
	Parsing file: /var/folders/zg/vq0dnx517c54hg87dyqjky740000gn/T/.tmp7o7wQ0/tmp//_polish_readPartitions//6_contigs.gz
	Loading alignments
	Computing contig coverages
	Parsing file: /var/folders/zg/vq0dnx517c54hg87dyqjky740000gn/T/.tmp7o7wQ0/tmp//_polish_readPartitions//6_contigs.gz
	Collecting window sequences
	Parsing file: /var/folders/zg/vq0dnx517c54hg87dyqjky740000gn/T/.tmp7o7wQ0/tmp//_polish_readPartitions//6_reads.gz
	Parsing file done (nb reads: 893)
	Perform correction
	Partition 6 done  (1s)

	Polishing partition: 7/10
	Map reads to curated contigs
	minimap2 -v 0 -m 500 -t 10 -x map-ont /var/folders/zg/vq0dnx517c54hg87dyqjky740000gn/T/.tmp7o7wQ0/tmp//_polish_readPartitions//7_contigs.gz /var/folders/zg/vq0dnx517c54hg87dyqjky740000gn/T/.tmp7o7wQ0/tmp//_polish_readPartitions//7_reads.gz
	gzip
	/var/folders/zg/vq0dnx517c54hg87dyqjky740000gn/T/.tmp7o7wQ0/tmp//_polish_readPartitions//align.paf.gz
	Done  (0s)
	Parsing file: /var/folders/zg/vq0dnx517c54hg87dyqjky740000gn/T/.tmp7o7wQ0/tmp//_polish_readPartitions//7_contigs.gz
	Parsing file: /var/folders/zg/vq0dnx517c54hg87dyqjky740000gn/T/.tmp7o7wQ0/tmp//_polish_readPartitions//7_contigs.gz
	Loading alignments
	Computing contig coverages
	Parsing file: /var/folders/zg/vq0dnx517c54hg87dyqjky740000gn/T/.tmp7o7wQ0/tmp//_polish_readPartitions//7_contigs.gz
	Collecting window sequences
	Parsing file: /var/folders/zg/vq0dnx517c54hg87dyqjky740000gn/T/.tmp7o7wQ0/tmp//_polish_readPartitions//7_reads.gz
	Parsing file done (nb reads: 1773)
	Perform correction
	Partition 7 done  (2s)

	Polishing partition: 8/10
	Map reads to curated contigs
	minimap2 -v 0 -m 500 -t 10 -x map-ont /var/folders/zg/vq0dnx517c54hg87dyqjky740000gn/T/.tmp7o7wQ0/tmp//_polish_readPartitions//8_contigs.gz /var/folders/zg/vq0dnx517c54hg87dyqjky740000gn/T/.tmp7o7wQ0/tmp//_polish_readPartitions//8_reads.gz
	gzip
	/var/folders/zg/vq0dnx517c54hg87dyqjky740000gn/T/.tmp7o7wQ0/tmp//_polish_readPartitions//align.paf.gz
	Done  (0s)
	Parsing file: /var/folders/zg/vq0dnx517c54hg87dyqjky740000gn/T/.tmp7o7wQ0/tmp//_polish_readPartitions//8_contigs.gz
	Parsing file: /var/folders/zg/vq0dnx517c54hg87dyqjky740000gn/T/.tmp7o7wQ0/tmp//_polish_readPartitions//8_contigs.gz
	Loading alignments
	Computing contig coverages
	Parsing file: /var/folders/zg/vq0dnx517c54hg87dyqjky740000gn/T/.tmp7o7wQ0/tmp//_polish_readPartitions//8_contigs.gz
	Collecting window sequences
	Parsing file: /var/folders/zg/vq0dnx517c54hg87dyqjky740000gn/T/.tmp7o7wQ0/tmp//_polish_readPartitions//8_reads.gz
	Parsing file done (nb reads: 314)
	Perform correction
	Partition 8 done  (0s)

	Polishing partition: 9/10
	Map reads to curated contigs
	minimap2 -v 0 -m 500 -t 10 -x map-ont /var/folders/zg/vq0dnx517c54hg87dyqjky740000gn/T/.tmp7o7wQ0/tmp//_polish_readPartitions//9_contigs.gz /var/folders/zg/vq0dnx517c54hg87dyqjky740000gn/T/.tmp7o7wQ0/tmp//_polish_readPartitions//9_reads.gz
	gzip
	/var/folders/zg/vq0dnx517c54hg87dyqjky740000gn/T/.tmp7o7wQ0/tmp//_polish_readPartitions//align.paf.gz
	Done  (0s)
	Parsing file: /var/folders/zg/vq0dnx517c54hg87dyqjky740000gn/T/.tmp7o7wQ0/tmp//_polish_readPartitions//9_contigs.gz
	Parsing file: /var/folders/zg/vq0dnx517c54hg87dyqjky740000gn/T/.tmp7o7wQ0/tmp//_polish_readPartitions//9_contigs.gz
	Loading alignments
	Computing contig coverages
	Parsing file: /var/folders/zg/vq0dnx517c54hg87dyqjky740000gn/T/.tmp7o7wQ0/tmp//_polish_readPartitions//9_contigs.gz
	Collecting window sequences
	Parsing file: /var/folders/zg/vq0dnx517c54hg87dyqjky740000gn/T/.tmp7o7wQ0/tmp//_polish_readPartitions//9_reads.gz
	Parsing file done (nb reads: 164)
	Perform correction
	Partition 9 done  (0s)

Polishing contigs (pass 2)

	Polishing partition: 0/10
	Map reads to curated contigs
	minimap2 -v 0 -m 500 -t 10 -x map-ont /var/folders/zg/vq0dnx517c54hg87dyqjky740000gn/T/.tmp7o7wQ0/tmp//_polish_readPartitions//0_contigsPolished.gz /var/folders/zg/vq0dnx517c54hg87dyqjky740000gn/T/.tmp7o7wQ0/tmp//_polish_readPartitions//0_reads.gz
	gzip
	/var/folders/zg/vq0dnx517c54hg87dyqjky740000gn/T/.tmp7o7wQ0/tmp//_polish_readPartitions//align.paf.gz
	Done  (1s)
	Parsing file: /var/folders/zg/vq0dnx517c54hg87dyqjky740000gn/T/.tmp7o7wQ0/tmp//_polish_readPartitions//0_contigsPolished.gz
	Parsing file: /var/folders/zg/vq0dnx517c54hg87dyqjky740000gn/T/.tmp7o7wQ0/tmp//_polish_readPartitions//0_contigsPolished.gz
	Loading alignments
	Computing contig coverages
	Parsing file: /var/folders/zg/vq0dnx517c54hg87dyqjky740000gn/T/.tmp7o7wQ0/tmp//_polish_readPartitions//0_contigsPolished.gz
	Collecting window sequences
	Parsing file: /var/folders/zg/vq0dnx517c54hg87dyqjky740000gn/T/.tmp7o7wQ0/tmp//_polish_readPartitions//0_reads.gz
	Parsing file done (nb reads: 10113)
	Perform correction
	Partition 0 done  (15s)

	Polishing partition: 1/10
	Map reads to curated contigs
	minimap2 -v 0 -m 500 -t 10 -x map-ont /var/folders/zg/vq0dnx517c54hg87dyqjky740000gn/T/.tmp7o7wQ0/tmp//_polish_readPartitions//1_contigsPolished.gz /var/folders/zg/vq0dnx517c54hg87dyqjky740000gn/T/.tmp7o7wQ0/tmp//_polish_readPartitions//1_reads.gz
	gzip
	/var/folders/zg/vq0dnx517c54hg87dyqjky740000gn/T/.tmp7o7wQ0/tmp//_polish_readPartitions//align.paf.gz
	Done  (0s)
	Parsing file: /var/folders/zg/vq0dnx517c54hg87dyqjky740000gn/T/.tmp7o7wQ0/tmp//_polish_readPartitions//1_contigsPolished.gz
	Parsing file: /var/folders/zg/vq0dnx517c54hg87dyqjky740000gn/T/.tmp7o7wQ0/tmp//_polish_readPartitions//1_contigsPolished.gz
	Loading alignments
	Computing contig coverages
	Parsing file: /var/folders/zg/vq0dnx517c54hg87dyqjky740000gn/T/.tmp7o7wQ0/tmp//_polish_readPartitions//1_contigsPolished.gz
	Collecting window sequences
	Parsing file: /var/folders/zg/vq0dnx517c54hg87dyqjky740000gn/T/.tmp7o7wQ0/tmp//_polish_readPartitions//1_reads.gz
	Parsing file done (nb reads: 54)
	Perform correction
	Partition 1 done  (0s)

	Polishing partition: 2/10
	Map reads to curated contigs
	minimap2 -v 0 -m 500 -t 10 -x map-ont /var/folders/zg/vq0dnx517c54hg87dyqjky740000gn/T/.tmp7o7wQ0/tmp//_polish_readPartitions//2_contigsPolished.gz /var/folders/zg/vq0dnx517c54hg87dyqjky740000gn/T/.tmp7o7wQ0/tmp//_polish_readPartitions//2_reads.gz
	gzip
	/var/folders/zg/vq0dnx517c54hg87dyqjky740000gn/T/.tmp7o7wQ0/tmp//_polish_readPartitions//align.paf.gz
	Done  (0s)
	Parsing file: /var/folders/zg/vq0dnx517c54hg87dyqjky740000gn/T/.tmp7o7wQ0/tmp//_polish_readPartitions//2_contigsPolished.gz
	Parsing file: /var/folders/zg/vq0dnx517c54hg87dyqjky740000gn/T/.tmp7o7wQ0/tmp//_polish_readPartitions//2_contigsPolished.gz
	Loading alignments
	Computing contig coverages
	Parsing file: /var/folders/zg/vq0dnx517c54hg87dyqjky740000gn/T/.tmp7o7wQ0/tmp//_polish_readPartitions//2_contigsPolished.gz
	Collecting window sequences
	Parsing file: /var/folders/zg/vq0dnx517c54hg87dyqjky740000gn/T/.tmp7o7wQ0/tmp//_polish_readPartitions//2_reads.gz
	Parsing file done (nb reads: 109)
	Perform correction
	Partition 2 done  (0s)

	Polishing partition: 3/10
	Map reads to curated contigs
	minimap2 -v 0 -m 500 -t 10 -x map-ont /var/folders/zg/vq0dnx517c54hg87dyqjky740000gn/T/.tmp7o7wQ0/tmp//_polish_readPartitions//3_contigsPolished.gz /var/folders/zg/vq0dnx517c54hg87dyqjky740000gn/T/.tmp7o7wQ0/tmp//_polish_readPartitions//3_reads.gz
	gzip
	/var/folders/zg/vq0dnx517c54hg87dyqjky740000gn/T/.tmp7o7wQ0/tmp//_polish_readPartitions//align.paf.gz
	Done  (0s)
	Parsing file: /var/folders/zg/vq0dnx517c54hg87dyqjky740000gn/T/.tmp7o7wQ0/tmp//_polish_readPartitions//3_contigsPolished.gz
	Parsing file: /var/folders/zg/vq0dnx517c54hg87dyqjky740000gn/T/.tmp7o7wQ0/tmp//_polish_readPartitions//3_contigsPolished.gz
	Loading alignments
	Computing contig coverages
	Parsing file: /var/folders/zg/vq0dnx517c54hg87dyqjky740000gn/T/.tmp7o7wQ0/tmp//_polish_readPartitions//3_contigsPolished.gz
	Collecting window sequences
	Parsing file: /var/folders/zg/vq0dnx517c54hg87dyqjky740000gn/T/.tmp7o7wQ0/tmp//_polish_readPartitions//3_reads.gz
	Parsing file done (nb reads: 67)
	Perform correction
	Partition 3 done  (0s)

	Polishing partition: 4/10
	Map reads to curated contigs
	minimap2 -v 0 -m 500 -t 10 -x map-ont /var/folders/zg/vq0dnx517c54hg87dyqjky740000gn/T/.tmp7o7wQ0/tmp//_polish_readPartitions//4_contigsPolished.gz /var/folders/zg/vq0dnx517c54hg87dyqjky740000gn/T/.tmp7o7wQ0/tmp//_polish_readPartitions//4_reads.gz
	gzip
	/var/folders/zg/vq0dnx517c54hg87dyqjky740000gn/T/.tmp7o7wQ0/tmp//_polish_readPartitions//align.paf.gz
	Done  (0s)
	Parsing file: /var/folders/zg/vq0dnx517c54hg87dyqjky740000gn/T/.tmp7o7wQ0/tmp//_polish_readPartitions//4_contigsPolished.gz
	Parsing file: /var/folders/zg/vq0dnx517c54hg87dyqjky740000gn/T/.tmp7o7wQ0/tmp//_polish_readPartitions//4_contigsPolished.gz
	Loading alignments
	Computing contig coverages
	Parsing file: /var/folders/zg/vq0dnx517c54hg87dyqjky740000gn/T/.tmp7o7wQ0/tmp//_polish_readPartitions//4_contigsPolished.gz
	Collecting window sequences
	Parsing file: /var/folders/zg/vq0dnx517c54hg87dyqjky740000gn/T/.tmp7o7wQ0/tmp//_polish_readPartitions//4_reads.gz
	Parsing file done (nb reads: 352)
	Perform correction
	Partition 4 done  (0s)

	Polishing partition: 5/10
	Map reads to curated contigs
	minimap2 -v 0 -m 500 -t 10 -x map-ont /var/folders/zg/vq0dnx517c54hg87dyqjky740000gn/T/.tmp7o7wQ0/tmp//_polish_readPartitions//5_contigsPolished.gz /var/folders/zg/vq0dnx517c54hg87dyqjky740000gn/T/.tmp7o7wQ0/tmp//_polish_readPartitions//5_reads.gz
	gzip
	/var/folders/zg/vq0dnx517c54hg87dyqjky740000gn/T/.tmp7o7wQ0/tmp//_polish_readPartitions//align.paf.gz
	Done  (0s)
	Parsing file: /var/folders/zg/vq0dnx517c54hg87dyqjky740000gn/T/.tmp7o7wQ0/tmp//_polish_readPartitions//5_contigsPolished.gz
	Parsing file: /var/folders/zg/vq0dnx517c54hg87dyqjky740000gn/T/.tmp7o7wQ0/tmp//_polish_readPartitions//5_contigsPolished.gz
	Loading alignments
	Computing contig coverages
	Parsing file: /var/folders/zg/vq0dnx517c54hg87dyqjky740000gn/T/.tmp7o7wQ0/tmp//_polish_readPartitions//5_contigsPolished.gz
	Collecting window sequences
	Parsing file: /var/folders/zg/vq0dnx517c54hg87dyqjky740000gn/T/.tmp7o7wQ0/tmp//_polish_readPartitions//5_reads.gz
	Parsing file done (nb reads: 1964)
	Perform correction
	Partition 5 done  (3s)

	Polishing partition: 6/10
	Map reads to curated contigs
	minimap2 -v 0 -m 500 -t 10 -x map-ont /var/folders/zg/vq0dnx517c54hg87dyqjky740000gn/T/.tmp7o7wQ0/tmp//_polish_readPartitions//6_contigsPolished.gz /var/folders/zg/vq0dnx517c54hg87dyqjky740000gn/T/.tmp7o7wQ0/tmp//_polish_readPartitions//6_reads.gz
	gzip
	/var/folders/zg/vq0dnx517c54hg87dyqjky740000gn/T/.tmp7o7wQ0/tmp//_polish_readPartitions//align.paf.gz
	Done  (0s)
	Parsing file: /var/folders/zg/vq0dnx517c54hg87dyqjky740000gn/T/.tmp7o7wQ0/tmp//_polish_readPartitions//6_contigsPolished.gz
	Parsing file: /var/folders/zg/vq0dnx517c54hg87dyqjky740000gn/T/.tmp7o7wQ0/tmp//_polish_readPartitions//6_contigsPolished.gz
	Loading alignments
	Computing contig coverages
	Parsing file: /var/folders/zg/vq0dnx517c54hg87dyqjky740000gn/T/.tmp7o7wQ0/tmp//_polish_readPartitions//6_contigsPolished.gz
	Collecting window sequences
	Parsing file: /var/folders/zg/vq0dnx517c54hg87dyqjky740000gn/T/.tmp7o7wQ0/tmp//_polish_readPartitions//6_reads.gz
	Parsing file done (nb reads: 893)
	Perform correction
	Partition 6 done  (1s)

	Polishing partition: 7/10
	Map reads to curated contigs
	minimap2 -v 0 -m 500 -t 10 -x map-ont /var/folders/zg/vq0dnx517c54hg87dyqjky740000gn/T/.tmp7o7wQ0/tmp//_polish_readPartitions//7_contigsPolished.gz /var/folders/zg/vq0dnx517c54hg87dyqjky740000gn/T/.tmp7o7wQ0/tmp//_polish_readPartitions//7_reads.gz
	gzip
	/var/folders/zg/vq0dnx517c54hg87dyqjky740000gn/T/.tmp7o7wQ0/tmp//_polish_readPartitions//align.paf.gz
	Done  (0s)
	Parsing file: /var/folders/zg/vq0dnx517c54hg87dyqjky740000gn/T/.tmp7o7wQ0/tmp//_polish_readPartitions//7_contigsPolished.gz
	Parsing file: /var/folders/zg/vq0dnx517c54hg87dyqjky740000gn/T/.tmp7o7wQ0/tmp//_polish_readPartitions//7_contigsPolished.gz
	Loading alignments
	Computing contig coverages
	Parsing file: /var/folders/zg/vq0dnx517c54hg87dyqjky740000gn/T/.tmp7o7wQ0/tmp//_polish_readPartitions//7_contigsPolished.gz
	Collecting window sequences
	Parsing file: /var/folders/zg/vq0dnx517c54hg87dyqjky740000gn/T/.tmp7o7wQ0/tmp//_polish_readPartitions//7_reads.gz
	Parsing file done (nb reads: 1773)
	Perform correction
	Partition 7 done  (2s)

	Polishing partition: 8/10
	Map reads to curated contigs
	minimap2 -v 0 -m 500 -t 10 -x map-ont /var/folders/zg/vq0dnx517c54hg87dyqjky740000gn/T/.tmp7o7wQ0/tmp//_polish_readPartitions//8_contigsPolished.gz /var/folders/zg/vq0dnx517c54hg87dyqjky740000gn/T/.tmp7o7wQ0/tmp//_polish_readPartitions//8_reads.gz
	gzip
	/var/folders/zg/vq0dnx517c54hg87dyqjky740000gn/T/.tmp7o7wQ0/tmp//_polish_readPartitions//align.paf.gz
	Done  (0s)
	Parsing file: /var/folders/zg/vq0dnx517c54hg87dyqjky740000gn/T/.tmp7o7wQ0/tmp//_polish_readPartitions//8_contigsPolished.gz
	Parsing file: /var/folders/zg/vq0dnx517c54hg87dyqjky740000gn/T/.tmp7o7wQ0/tmp//_polish_readPartitions//8_contigsPolished.gz
	Loading alignments
	Computing contig coverages
	Parsing file: /var/folders/zg/vq0dnx517c54hg87dyqjky740000gn/T/.tmp7o7wQ0/tmp//_polish_readPartitions//8_contigsPolished.gz
	Collecting window sequences
	Parsing file: /var/folders/zg/vq0dnx517c54hg87dyqjky740000gn/T/.tmp7o7wQ0/tmp//_polish_readPartitions//8_reads.gz
	Parsing file done (nb reads: 314)
	Perform correction
	Partition 8 done  (0s)

	Polishing partition: 9/10
	Map reads to curated contigs
	minimap2 -v 0 -m 500 -t 10 -x map-ont /var/folders/zg/vq0dnx517c54hg87dyqjky740000gn/T/.tmp7o7wQ0/tmp//_polish_readPartitions//9_contigsPolished.gz /var/folders/zg/vq0dnx517c54hg87dyqjky740000gn/T/.tmp7o7wQ0/tmp//_polish_readPartitions//9_reads.gz
	gzip
	/var/folders/zg/vq0dnx517c54hg87dyqjky740000gn/T/.tmp7o7wQ0/tmp//_polish_readPartitions//align.paf.gz
	Done  (0s)
	Parsing file: /var/folders/zg/vq0dnx517c54hg87dyqjky740000gn/T/.tmp7o7wQ0/tmp//_polish_readPartitions//9_contigsPolished.gz
	Parsing file: /var/folders/zg/vq0dnx517c54hg87dyqjky740000gn/T/.tmp7o7wQ0/tmp//_polish_readPartitions//9_contigsPolished.gz
	Loading alignments
	Computing contig coverages
	Parsing file: /var/folders/zg/vq0dnx517c54hg87dyqjky740000gn/T/.tmp7o7wQ0/tmp//_polish_readPartitions//9_contigsPolished.gz
	Collecting window sequences
	Parsing file: /var/folders/zg/vq0dnx517c54hg87dyqjky740000gn/T/.tmp7o7wQ0/tmp//_polish_readPartitions//9_reads.gz
	Parsing file done (nb reads: 164)
	Perform correction
	Partition 9 done  (0s)

Dereplicating contigs
	Aligning contigs vs contigs
	minimap2 -v 0 -c -m 500 -x asm20 -I 1G -t 10 -DP --dual=no --no-long-join -r100 -z200 -g2k /var/folders/zg/vq0dnx517c54hg87dyqjky740000gn/T/.tmp7o7wQ0/tmp//_polish_readPartitions//contigs_polished.fasta.gz /var/folders/zg/vq0dnx517c54hg87dyqjky740000gn/T/.tmp7o7wQ0/tmp//_polish_readPartitions//contigs_polished.fasta.gz
	gzip
	/var/folders/zg/vq0dnx517c54hg87dyqjky740000gn/T/.tmp7o7wQ0/tmp//_polish_readPartitions//align_contigsVsContigs.paf.gz
	Done  (0s)
	Loading contig overlaps
	Loading alignments
	Dereplicating contigs
	Parsing file: /var/folders/zg/vq0dnx517c54hg87dyqjky740000gn/T/.tmp7o7wQ0/tmp//_polish_readPartitions//contigs_polished.fasta.gz
	Done  (0s)

Dereplicating contigs
	Aligning contigs vs contigs
	minimap2 -v 0 -c -m 500 -x asm20 -I 1G -t 10 -DP --dual=no --no-long-join -r100 -z200 -g2k /var/folders/zg/vq0dnx517c54hg87dyqjky740000gn/T/.tmp7o7wQ0/tmp//_polish_readPartitions//contigs_derep.fasta.gz /var/folders/zg/vq0dnx517c54hg87dyqjky740000gn/T/.tmp7o7wQ0/tmp//_polish_readPartitions//contigs_derep.fasta.gz
	gzip
	/var/folders/zg/vq0dnx517c54hg87dyqjky740000gn/T/.tmp7o7wQ0/tmp//_polish_readPartitions//align_contigsVsContigs.paf.gz
	Done  (0s)
	Loading contig overlaps
	Loading alignments
	Dereplicating contigs
	Parsing file: /var/folders/zg/vq0dnx517c54hg87dyqjky740000gn/T/.tmp7o7wQ0/tmp//_polish_readPartitions//contigs_derep.fasta.gz
	Done  (0s)

Trimming contigs

Moving final contigs to destination

Polished contigs: /var/folders/zg/vq0dnx517c54hg87dyqjky740000gn/T/.tmp7o7wQ0/tmp//contigs.fasta.gz
done
Moving final contigs to destination
pass done: 206
pass done
	Parsing file: /var/folders/zg/vq0dnx517c54hg87dyqjky740000gn/T/.tmp7o7wQ0/contigs.fasta.gz
	Parsing file done (nb reads: 12)

	Run time:                   3min 12sec
	Peak memory:                0 GB
	Assembly length:            3179371
	Contigs N50:                2036340
	Nb contigs:                 12
	Nb Contigs (>1Mb):          1
	Nb circular contigs (>1Mb): 0

Contig filename: /var/folders/zg/vq0dnx517c54hg87dyqjky740000gn/T/.tmp7o7wQ0/contigs.fasta.gz
Done!
