Sample	0	1	2	3	4	5	6	7	8	9	10	11	12	13	14	15	16	17	18	19	20	21	22	23	24	25	26	27	28	29	30	31	32	33	34	35	36	37	38	39	40	41	42	43	44	45	46	47	48	49	50	51	52	53	54	55	56	57	58	59	60	61	62	63	64	65	66	67	68	69	70	71	72	73
FAY99780_pass_barcode01_98e12ebb_5ad7f319_0 - polya	(1, 0.0)	(2, 0.0)	(3, 0.0)	(4, 0.0)	(5, 0.0)	(6, 0.0)	(7, 0.0)	(8, 0.0)	(9, 0.0)	(10, 0.0)	(1000, 0.0)	(2000, 0.0)	(3000, 0.08314745972738502)	(4000, 0.12391573729863471)	(5000, 0.12391573729863471)	(6000, 0.12391573729863471)	(7000, 0.12391573729863471)	(8000, 0.12391573729863471)	(9000, 0.12391573729863471)	(10000, 0.12391573729863471)	(11000, 0.12391573729863471)	(12000, 0.12391573729863471)	(13000, 0.12391573729863471)	(14000, 0.12391573729863471)	(15000, 0.12391573729863471)	(16000, 0.12391573729863471)	(17000, 0.2058240396530336)	(18000, 0.24783147459726942)	(19000, 0.24783147459726942)	(20000, 0.2915737298636963)	(21000, 0.3717472118959176)	(22000, 0.3717472118959176)	(23000, 0.3717472118959176)	(24000, 0.3717472118959176)	(25000, 0.4304832713754588)	(26000, 0.49566294919453885)	(27000, 0.5073110285006128)	(28000, 0.6195786864931748)	(29000, 0.6195786864931748)	(30000, 0.6195786864931748)	(31000, 0.6195786864931748)	(32000, 0.6195786864931748)	(33000, 0.6195786864931748)	(34000, 0.6195786864931748)	(35000, 0.6195786864931748)	(36000, 0.6195786864931748)	(37000, 0.6195786864931748)	(38000, 0.6195786864931748)	(39000, 0.6195786864931748)	(40000, 0.6195786864931748)	(41000, 0.6195786864931748)	(42000, 0.6195786864931748)	(43000, 0.6195786864931748)	(44000, 0.6195786864931748)	(45000, 0.6195786864931748)	(46000, 0.6195786864931748)	(47000, 0.6195786864931748)	(48000, 0.6195786864931748)	(49000, 0.6195786864931748)	(50000, 0.6195786864931748)	(51000, 0.6195786864931748)	(52000, 0.6195786864931748)	(53000, 0.6195786864931748)	(54000, 0.6195786864931846)										
FAY99780_pass_barcode01_98e12ebb_5ad7f319_0 - polyg	(1, 0.0)	(2, 0.0)	(3, 0.0)	(4, 0.0)	(5, 0.0)	(6, 0.0)	(7, 0.0)	(8, 0.0)	(9, 0.0)	(10, 0.0)	(1000, 0.0)	(2000, 0.0)	(3000, 0.0)	(4000, 0.0)	(5000, 0.0)	(6000, 0.0)	(7000, 0.0)	(8000, 0.0)	(9000, 0.0)	(10000, 0.0)	(11000, 0.0)	(12000, 0.0)	(13000, 0.0)	(14000, 0.0)	(15000, 0.0)	(16000, 0.0)	(17000, 0.0)	(18000, 0.0)	(19000, 0.0)	(20000, 0.0)	(21000, 0.0)	(22000, 0.0)	(23000, 0.0)	(24000, 0.0)	(25000, 0.02379182156133835)	(26000, 0.12391573729863471)	(27000, 0.12391573729863471)	(28000, 0.12391573729863471)	(29000, 0.12391573729863471)	(30000, 0.12391573729863471)	(31000, 0.12391573729863471)	(32000, 0.12391573729863471)	(33000, 0.12391573729863471)	(34000, 0.12391573729863471)	(35000, 0.12391573729863471)	(36000, 0.12391573729863471)	(37000, 0.12391573729863471)	(38000, 0.12391573729863471)	(39000, 0.12391573729863471)	(40000, 0.12391573729863471)	(41000, 0.12391573729863471)	(42000, 0.12391573729863471)	(43000, 0.12391573729863471)	(44000, 0.12391573729863471)	(45000, 0.12391573729863471)	(46000, 0.12391573729863471)	(47000, 0.12391573729863471)	(48000, 0.12391573729863471)	(49000, 0.12391573729863471)	(50000, 0.12391573729863471)	(51000, 0.12391573729863471)	(52000, 0.12391573729863471)	(53000, 0.12391573729863471)	(54000, 0.12391573729863557)										
FAY99780_pass_barcode01_98e12ebb_5ad7f319_1 - polya	(1, 0.0)	(2, 0.0)	(3, 0.0)	(4, 0.0)	(5, 0.0)	(6, 0.0)	(7, 0.0)	(8, 0.0)	(9, 0.0)	(10, 0.07675807200371282)	(1000, 0.07923930269413519)	(2000, 0.07923930269413519)	(3000, 0.08478605388272457)	(4000, 0.19881141045958461)	(5000, 0.23771790808240403)	(6000, 0.23771790808240403)	(7000, 0.23771790808240403)	(8000, 0.26980982567352835)	(9000, 0.3187004754358117)	(10000, 0.4118858954041131)	(11000, 0.4842313787638569)	(12000, 0.5546751188589525)	(13000, 0.5546751188589525)	(14000, 0.5546751188589525)	(15000, 0.5664817749603742)	(16000, 0.7106973058637123)	(17000, 0.7131537242472307)	(18000, 0.7131537242472307)	(19000, 0.7131537242472307)	(20000, 0.7538034865293054)	(21000, 0.792393026941349)	(22000, 0.792393026941349)	(23000, 0.8276545166402461)	(24000, 0.9508716323296161)	(25000, 0.9508716323296161)	(26000, 0.9709984152139406)	(27000, 1.053486529318548)	(28000, 1.109350237717905)	(29000, 1.109350237717905)	(30000, 1.109350237717905)	(31000, 1.109350237717905)	(32000, 1.109350237717905)	(33000, 1.109350237717905)	(34000, 1.109350237717905)	(35000, 1.109350237717905)	(36000, 1.1820126782884481)	(37000, 1.1885895404120614)	(38000, 1.1885895404120614)	(39000, 1.1885895404120614)	(40000, 1.2547543581616305)	(41000, 1.267828843106163)	(42000, 1.267828843106163)	(43000, 1.267828843106163)	(44000, 1.267828843106163)	(45000, 1.267828843106163)	(46000, 1.267828843106163)	(47000, 1.267828843106163)	(48000, 1.267828843106163)	(49000, 1.267828843106163)	(50000, 1.267828843106163)	(51000, 1.267828843106163)	(52000, 1.267828843106163)	(53000, 1.267828843106163)	(54000, 1.267828843106163)	(55000, 1.267828843106163)	(56000, 1.267828843106163)	(57000, 1.2678288431061646)							
FAY99780_pass_barcode01_98e12ebb_5ad7f319_1 - polyg	(1, 0.0)	(2, 0.0)	(3, 0.0)	(4, 0.0)	(5, 0.0)	(6, 0.0)	(7, 0.0)	(8, 0.0)	(9, 0.0)	(10, 0.0)	(1000, 0.0)	(2000, 0.0)	(3000, 0.0)	(4000, 0.0)	(5000, 0.0)	(6000, 0.0)	(7000, 0.0)	(8000, 0.0)	(9000, 0.0)	(10000, 0.0)	(11000, 0.0)	(12000, 0.0)	(13000, 0.0)	(14000, 0.0)	(15000, 0.0)	(16000, 0.0)	(17000, 0.0)	(18000, 0.0)	(19000, 0.0)	(20000, 0.0)	(21000, 0.0)	(22000, 0.0)	(23000, 0.0)	(24000, 0.0)	(25000, 0.0)	(26000, 0.0)	(27000, 0.0)	(28000, 0.0)	(29000, 0.0)	(30000, 0.06077654516640195)	(31000, 0.07923930269413519)	(32000, 0.07923930269413519)	(33000, 0.07923930269413519)	(34000, 0.07923930269413519)	(35000, 0.07923930269413519)	(36000, 0.15578446909666982)	(37000, 0.15847860538827038)	(38000, 0.15847860538827038)	(39000, 0.15847860538827038)	(40000, 0.15847860538827038)	(41000, 0.15847860538827038)	(42000, 0.15847860538827038)	(43000, 0.15847860538827038)	(44000, 0.15847860538827038)	(45000, 0.15847860538827038)	(46000, 0.15847860538827038)	(47000, 0.15847860538827038)	(48000, 0.15847860538827038)	(49000, 0.15847860538827038)	(50000, 0.15847860538827038)	(51000, 0.15847860538827038)	(52000, 0.15847860538827038)	(53000, 0.15847860538827038)	(54000, 0.15847860538827038)	(55000, 0.15847860538827038)	(56000, 0.15847860538827038)	(57000, 0.15847860538827058)							
FAY99780_pass_barcode01_98e12ebb_5ad7f319_10 - polya	(1, 0.0)	(2, 0.0)	(3, 0.0)	(4, 0.0)	(5, 0.0)	(6, 0.0)	(7, 0.0)	(8, 0.0)	(9, 0.0)	(10, 0.0)	(1000, 0.06533420707732529)	(2000, 0.07287024901703679)	(3000, 0.22411533420707408)	(4000, 0.3167758846657983)	(5000, 0.3648754914810005)	(6000, 0.3931847968545263)	(7000, 0.4391874180864926)	(8000, 0.4587155963302658)	(9000, 0.4587155963302658)	(10000, 0.5049148099606736)	(11000, 0.5242463958060204)	(12000, 0.5654652686762773)	(13000, 0.6553079947575469)	(14000, 0.6553079947575469)	(15000, 0.7400393184796853)	(16000, 0.8519003931847924)	(17000, 0.8519003931847924)	(18000, 0.8519003931847924)	(19000, 0.8519003931847924)	(20000, 0.8519003931847924)	(21000, 0.8519003931847924)	(22000, 0.8519003931847924)	(23000, 0.8519003931847924)	(24000, 0.8519003931847924)	(25000, 0.8519003931847924)	(26000, 0.8519003931847924)	(27000, 0.8519003931847924)	(28000, 0.8519003931847924)	(29000, 0.8519003931847924)	(30000, 0.8657273918741671)	(31000, 0.9174311926605316)	(32000, 0.9174311926605316)	(33000, 0.9174311926605316)	(34000, 0.9174311926605316)	(35000, 0.9174311926605316)	(36000, 0.9174311926605316)	(37000, 0.9174311926605316)	(38000, 0.9174311926605316)	(39000, 0.9174311926605316)	(40000, 0.9174311926605316)	(41000, 0.9174311926605316)	(42000, 0.9174311926605316)	(43000, 0.9174311926605316)	(44000, 0.9174311926605316)	(45000, 0.9174311926605316)	(46000, 0.9174311926605316)	(47000, 0.9174311926605316)	(48000, 0.9174311926605316)	(49000, 0.9174311926605316)	(50000, 0.9174311926605316)	(51000, 0.9174311926605316)	(52000, 0.9174311926605316)	(53000, 0.9174311926605329)											
FAY99780_pass_barcode01_98e12ebb_5ad7f319_100 - polya	(1, 0.0)	(2, 0.0)	(3, 0.0)	(4, 0.0)	(5, 0.0)	(6, 0.0)	(7, 0.0)	(8, 0.0)	(9, 0.0)	(10, 0.062122036020893584)	(1000, 0.16313213703099694)	(2000, 0.16313213703099694)	(3000, 0.16313213703099694)	(4000, 0.3052202283849917)	(5000, 0.4893964110929801)	(6000, 0.4893964110929801)	(7000, 0.4920065252854765)	(8000, 0.6525285481239878)	(9000, 0.6525285481239878)	(10000, 0.6525285481239878)	(11000, 0.6525285481239878)	(12000, 0.6525285481239878)	(13000, 0.6525285481239878)	(14000, 0.6525285481239878)	(15000, 0.6525285481239878)	(16000, 0.6525285481239878)	(17000, 0.6525285481239878)	(18000, 0.6525285481239878)	(19000, 0.6525285481239878)	(20000, 0.6525285481239878)	(21000, 0.6525285481239878)	(22000, 0.6525285481239878)	(23000, 0.6525285481239878)	(24000, 0.706525285481239)	(25000, 0.8156606851549685)	(26000, 0.8156606851549685)	(27000, 0.8156606851549685)	(28000, 0.8156606851549685)	(29000, 0.8156606851549685)	(30000, 0.8156606851549685)	(31000, 0.8156606851549685)	(32000, 0.8156606851549685)	(33000, 0.8156606851549685)	(34000, 0.9593800978792725)	(35000, 0.9787928221859602)	(36000, 0.9787928221859602)	(37000, 0.9787928221859602)	(38000, 0.9787928221859602)	(39000, 0.9787928221859602)	(40000, 0.9787928221859602)	(41000, 0.9787928221859602)	(42000, 0.9787928221859602)	(43000, 0.9787928221859602)	(44000, 0.9787928221859602)	(45000, 0.9787928221859602)	(46000, 0.9787928221859602)	(47000, 0.9787928221859602)	(48000, 0.978792822185966)																
FAY99780_pass_barcode01_98e12ebb_5ad7f319_100 - polyg	(1, 0.0)	(2, 0.0)	(3, 0.0)	(4, 0.0)	(5, 0.0)	(6, 0.0)	(7, 0.0)	(8, 0.0)	(9, 0.0)	(10, 0.0)	(1000, 0.0)	(2000, 0.0)	(3000, 0.0)	(4000, 0.0)	(5000, 0.0)	(6000, 0.0)	(7000, 0.0)	(8000, 0.0)	(9000, 0.0)	(10000, 0.0)	(11000, 0.0)	(12000, 0.0)	(13000, 0.0)	(14000, 0.0)	(15000, 0.0)	(16000, 0.0)	(17000, 0.0)	(18000, 0.0)	(19000, 0.0)	(20000, 0.0)	(21000, 0.0)	(22000, 0.0)	(23000, 0.0)	(24000, 0.0)	(25000, 0.0)	(26000, 0.0)	(27000, 0.0)	(28000, 0.0)	(29000, 0.0)	(30000, 0.0)	(31000, 0.0)	(32000, 0.0)	(33000, 0.0)	(34000, 0.14959216965742403)	(35000, 0.16313213703099694)	(36000, 0.16313213703099694)	(37000, 0.16313213703099694)	(38000, 0.16313213703099694)	(39000, 0.16313213703099694)	(40000, 0.16313213703099694)	(41000, 0.16313213703099694)	(42000, 0.16313213703099694)	(43000, 0.16313213703099694)	(44000, 0.16313213703099694)	(45000, 0.16313213703099694)	(46000, 0.16313213703099694)	(47000, 0.16313213703099694)	(48000, 0.1631321370309964)																
FAY99780_pass_barcode01_98e12ebb_5ad7f319_101 - polya	(1, 0.0)	(2, 0.0)	(3, 0.0)	(4, 0.0)	(5, 0.0)	(6, 0.0)	(7, 0.0)	(8, 0.0)	(9, 0.0)	(10, 0.0)	(1000, 0.1928035982008975)	(2000, 0.40569715142428536)	(3000, 0.5739130434782552)	(4000, 0.5997001499250331)	(5000, 0.5997001499250331)	(6000, 0.5997001499250331)	(7000, 0.5997001499250331)	(8000, 0.5997001499250331)	(9000, 0.5997001499250331)	(10000, 0.7452773613193502)	(11000, 0.7496251874063067)	(12000, 0.7496251874063067)	(13000, 0.7496251874063067)	(14000, 0.7496251874063067)	(15000, 0.7496251874063067)	(16000, 0.7496251874063067)	(17000, 0.7496251874063067)	(18000, 0.7496251874063067)	(19000, 0.7496251874063067)	(20000, 0.7496251874063067)	(21000, 0.7496251874063067)	(22000, 0.7496251874063067)	(23000, 0.7496251874063067)	(24000, 0.7496251874063067)	(25000, 0.7496251874063067)	(26000, 0.7496251874063067)	(27000, 0.7496251874063067)	(28000, 0.7496251874063067)	(29000, 0.7496251874063067)	(30000, 0.7496251874063067)	(31000, 0.786206896551729)	(32000, 0.8995502248875498)	(33000, 0.8995502248875498)	(34000, 0.8995502248875498)	(35000, 0.8995502248875498)	(36000, 0.8995502248875498)	(37000, 0.8995502248875498)	(38000, 0.8995502248875498)	(39000, 0.8995502248875498)	(40000, 0.8995502248875498)	(41000, 0.8995502248875498)	(42000, 0.8995502248875498)	(43000, 0.8995502248875498)	(44000, 0.8995502248875498)	(45000, 0.8995502248875517)																			
FAY99780_pass_barcode01_98e12ebb_5ad7f319_101 - polyg	(1, 0.0)	(2, 0.0)	(3, 0.0)	(4, 0.0)	(5, 0.0)	(6, 0.0)	(7, 0.0)	(8, 0.0)	(9, 0.0)	(10, 0.0030287886359850386)	(1000, 0.14992503748125827)	(2000, 0.14992503748125827)	(3000, 0.14992503748125827)	(4000, 0.14992503748125827)	(5000, 0.14992503748125827)	(6000, 0.14992503748125827)	(7000, 0.14992503748125827)	(8000, 0.14992503748125827)	(9000, 0.14992503748125827)	(10000, 0.14992503748125827)	(11000, 0.14992503748125827)	(12000, 0.14992503748125827)	(13000, 0.14992503748125827)	(14000, 0.14992503748125827)	(15000, 0.14992503748125827)	(16000, 0.14992503748125827)	(17000, 0.14992503748125827)	(18000, 0.14992503748125827)	(19000, 0.14992503748125827)	(20000, 0.14992503748125827)	(21000, 0.14992503748125827)	(22000, 0.14992503748125827)	(23000, 0.14992503748125827)	(24000, 0.14992503748125827)	(25000, 0.14992503748125827)	(26000, 0.14992503748125827)	(27000, 0.14992503748125827)	(28000, 0.14992503748125827)	(29000, 0.14992503748125827)	(30000, 0.14992503748125827)	(31000, 0.17856071964017586)	(32000, 0.29985007496251653)	(33000, 0.29985007496251653)	(34000, 0.29985007496251653)	(35000, 0.29985007496251653)	(36000, 0.29985007496251653)	(37000, 0.29985007496251653)	(38000, 0.29985007496251653)	(39000, 0.29985007496251653)	(40000, 0.29985007496251653)	(41000, 0.29985007496251653)	(42000, 0.29985007496251653)	(43000, 0.29985007496251653)	(44000, 0.29985007496251653)	(45000, 0.2998500749625194)																			
FAY99780_pass_barcode01_98e12ebb_5ad7f319_102 - polya	(1, 0.0)	(2, 0.0)	(3, 0.0)	(4, 0.0)	(5, 0.0)	(6, 0.0)	(7, 0.0)	(8, 0.0)	(9, 0.0)	(10, 0.0)	(1000, 0.029338103756708356)	(2000, 0.17889087656529665)	(3000, 0.27245080500894253)	(4000, 0.5121645796064402)	(5000, 0.5366726296958858)	(6000, 0.5366726296958858)	(7000, 0.5366726296958858)	(8000, 0.5366726296958858)	(9000, 0.5366726296958858)	(10000, 0.5366726296958858)	(11000, 0.5366726296958858)	(12000, 0.6838998211091261)	(13000, 0.8944543828264645)	(14000, 0.8944543828264645)	(15000, 0.8944543828264645)	(16000, 0.8944543828264645)	(17000, 0.8944543828264645)	(18000, 0.8944543828264645)	(19000, 0.8944543828264645)	(20000, 0.8944543828264645)	(21000, 0.8944543828264645)	(22000, 0.8944543828264645)	(23000, 0.8944543828264645)	(24000, 0.8944543828264645)	(25000, 0.8944543828264645)	(26000, 0.8944543828264645)	(27000, 0.8944543828264645)	(28000, 0.8944543828264645)	(29000, 0.8944543828264645)	(30000, 0.8944543828264645)	(31000, 0.8944543828264645)	(32000, 0.8944543828264645)	(33000, 0.8944543828264645)	(34000, 0.8944543828264645)	(35000, 0.8944543828264645)	(36000, 0.8944543828264645)	(37000, 0.8944543828264645)	(38000, 0.8944543828264645)	(39000, 0.8944543828264645)	(40000, 0.8944543828264645)	(41000, 0.8944543828264645)	(42000, 0.8944543828264645)	(43000, 0.8944543828264645)	(44000, 0.8944543828264645)	(45000, 0.8944543828264645)	(46000, 0.8944543828264645)	(47000, 0.8944543828264645)	(48000, 0.8944543828264645)	(49000, 0.8944543828264645)	(50000, 0.8944543828264645)	(51000, 0.8944543828264645)	(52000, 0.8944543828264645)	(53000, 0.8944543828264645)	(54000, 0.894454382826475)										
FAY99780_pass_barcode01_98e12ebb_5ad7f319_103 - polya	(1, 0.0)	(2, 0.0)	(3, 0.0)	(4, 0.0)	(5, 0.0)	(6, 0.0)	(7, 0.0)	(8, 0.0)	(9, 0.0)	(10, 0.4284575111474732)	(5000, 0.7451564828614798)	(10000, 0.7992548435171332)	(15000, 0.8941877794336937)	(20000, 1.0058420268256527)	(25000, 1.0432190760059705)	(30000, 1.0432190760059705)	(35000, 1.0854545454545863)	(40000, 1.1922503725782048)	(45000, 1.2819970193741657)	(50000, 1.341281669150638)	(55000, 1.341281669150638)	(60000, 1.341281669150638)	(65000, 1.341281669150638)	(70000, 1.341281669150638)	(75000, 1.341281669150638)	(80000, 1.341281669150638)	(85000, 1.341281669150638)	(90000, 1.341281669150638)	(95000, 1.341281669150638)	(100000, 1.341281669150638)	(105000, 1.341281669150638)	(110000, 1.341281669150638)	(115000, 1.341281669150638)	(120000, 1.341281669150638)	(125000, 1.341281669150638)	(130000, 1.341281669150509)																																						
FAY99780_pass_barcode01_98e12ebb_5ad7f319_104 - polya	(1, 0.0)	(2, 0.0)	(3, 0.0)	(4, 0.0)	(5, 0.0)	(6, 0.0)	(7, 0.0)	(8, 0.0)	(9, 0.0)	(10, 0.15109602246531953)	(1000, 0.2207468879668096)	(2000, 0.414937759336108)	(3000, 0.414937759336108)	(4000, 0.414937759336108)	(5000, 0.4580912863070637)	(6000, 0.622406639004149)	(7000, 0.622406639004149)	(8000, 0.622406639004149)	(9000, 0.622406639004149)	(10000, 0.622406639004149)	(11000, 0.622406639004149)	(12000, 0.622406639004149)	(13000, 0.6309128630705417)	(14000, 0.829875518672216)	(15000, 0.829875518672216)	(16000, 1.0338174273858751)	(17000, 1.0373443983402324)	(18000, 1.0373443983402324)	(19000, 1.0373443983402324)	(20000, 1.0373443983402324)	(21000, 1.0373443983402324)	(22000, 1.1358921161825744)	(23000, 1.244813278008298)	(24000, 1.4242738589211632)	(25000, 1.659751037344432)	(26000, 1.659751037344432)	(27000, 1.659751037344432)	(28000, 1.659751037344432)	(29000, 1.659751037344432)	(30000, 1.659751037344432)	(31000, 1.659751037344432)	(32000, 1.659751037344432)	(33000, 1.6632780082987861)	(34000, 2.1269709543568265)	(35000, 2.366182572614117)	(36000, 2.489626556016596)	(37000, 2.489626556016596)	(38000, 2.489626556016596)	(39000, 2.489626556016596)	(40000, 2.489626556016596)	(41000, 2.489626556016596)	(42000, 2.489626556016596)	(43000, 2.489626556016596)	(44000, 2.489626556016596)	(45000, 2.489626556016596)	(46000, 2.489626556016596)	(47000, 2.489626556016596)	(48000, 2.489626556016596)	(49000, 2.489626556016596)	(50000, 2.489626556016596)	(51000, 2.489626556016596)	(52000, 2.489626556016595)												
FAY99780_pass_barcode01_98e12ebb_5ad7f319_104 - polyg	(1, 0.0)	(2, 0.0)	(3, 0.0)	(4, 0.0)	(5, 0.0)	(6, 0.0)	(7, 0.0)	(8, 0.0)	(9, 0.0)	(10, 0.0)	(1000, 0.0)	(2000, 0.0)	(3000, 0.0)	(4000, 0.0)	(5000, 0.0)	(6000, 0.0)	(7000, 0.0)	(8000, 0.0)	(9000, 0.0)	(10000, 0.0)	(11000, 0.0)	(12000, 0.0)	(13000, 0.0)	(14000, 0.0)	(15000, 0.0)	(16000, 0.18734439834025254)	(17000, 0.207468879668054)	(18000, 0.207468879668054)	(19000, 0.207468879668054)	(20000, 0.207468879668054)	(21000, 0.207468879668054)	(22000, 0.207468879668054)	(23000, 0.207468879668054)	(24000, 0.207468879668054)	(25000, 0.207468879668054)	(26000, 0.207468879668054)	(27000, 0.207468879668054)	(28000, 0.207468879668054)	(29000, 0.207468879668054)	(30000, 0.207468879668054)	(31000, 0.207468879668054)	(32000, 0.207468879668054)	(33000, 0.207468879668054)	(34000, 0.207468879668054)	(35000, 0.207468879668054)	(36000, 0.207468879668054)	(37000, 0.207468879668054)	(38000, 0.207468879668054)	(39000, 0.207468879668054)	(40000, 0.207468879668054)	(41000, 0.207468879668054)	(42000, 0.207468879668054)	(43000, 0.207468879668054)	(44000, 0.207468879668054)	(45000, 0.207468879668054)	(46000, 0.207468879668054)	(47000, 0.207468879668054)	(48000, 0.207468879668054)	(49000, 0.207468879668054)	(50000, 0.207468879668054)	(51000, 0.207468879668054)	(52000, 0.2074688796680516)												
FAY99780_pass_barcode01_98e12ebb_5ad7f319_105 - polya	(1, 0.0)	(2, 0.0)	(3, 0.0)	(4, 0.0)	(5, 0.0)	(6, 0.0)	(7, 0.0)	(8, 0.0)	(9, 0.0)	(10, 0.051676559408518494)	(1000, 0.15670103092783644)	(2000, 0.37731958762886864)	(3000, 0.3865979381443331)	(4000, 0.3865979381443331)	(5000, 0.3865979381443331)	(6000, 0.3865979381443331)	(7000, 0.3865979381443331)	(8000, 0.3865979381443331)	(9000, 0.3865979381443331)	(10000, 0.3865979381443331)	(11000, 0.3865979381443331)	(12000, 0.3865979381443331)	(13000, 0.3865979381443331)	(14000, 0.48827319587629275)	(15000, 0.5154639175257772)	(16000, 0.5154639175257772)	(17000, 0.5154639175257772)	(18000, 0.5154639175257772)	(19000, 0.5154639175257772)	(20000, 0.5154639175257772)	(21000, 0.5154639175257772)	(22000, 0.5154639175257772)	(23000, 0.5154639175257772)	(24000, 0.5154639175257772)	(25000, 0.5154639175257772)	(26000, 0.5154639175257772)	(27000, 0.5154639175257772)	(28000, 0.5154639175257772)	(29000, 0.5154639175257772)	(30000, 0.5154639175257772)	(31000, 0.5154639175257772)	(32000, 0.5154639175257772)	(33000, 0.5154639175257772)	(34000, 0.5154639175257772)	(35000, 0.5154639175257772)	(36000, 0.5154639175257772)	(37000, 0.5154639175257772)	(38000, 0.5154639175257772)	(39000, 0.5154639175257772)	(40000, 0.5154639175257772)	(41000, 0.5154639175257772)	(42000, 0.5154639175257772)	(43000, 0.5154639175257772)	(44000, 0.5154639175257772)	(45000, 0.5154639175257772)	(46000, 0.5154639175257772)	(47000, 0.5154639175257772)	(48000, 0.5154639175257772)	(49000, 0.5154639175257772)	(50000, 0.5154639175257772)	(51000, 0.5154639175257772)	(52000, 0.5154639175257772)	(53000, 0.5154639175257772)	(54000, 0.5154639175257772)	(55000, 0.5154639175257775)									
FAY99780_pass_barcode01_98e12ebb_5ad7f319_105 - polyg	(1, 0.0)	(2, 0.0)	(3, 0.0)	(4, 0.0)	(5, 0.0)	(6, 0.0)	(7, 0.0)	(8, 0.0)	(9, 0.0)	(10, 0.0)	(1000, 0.0)	(2000, 0.0)	(3000, 0.0)	(4000, 0.0)	(5000, 0.0)	(6000, 0.0)	(7000, 0.0)	(8000, 0.0)	(9000, 0.0)	(10000, 0.0)	(11000, 0.0)	(12000, 0.0)	(13000, 0.0)	(14000, 0.05927835051546432)	(15000, 0.1288659793814443)	(16000, 0.1288659793814443)	(17000, 0.1288659793814443)	(18000, 0.1288659793814443)	(19000, 0.1288659793814443)	(20000, 0.1288659793814443)	(21000, 0.1288659793814443)	(22000, 0.1288659793814443)	(23000, 0.1288659793814443)	(24000, 0.1288659793814443)	(25000, 0.1288659793814443)	(26000, 0.1288659793814443)	(27000, 0.1288659793814443)	(28000, 0.1288659793814443)	(29000, 0.1288659793814443)	(30000, 0.1288659793814443)	(31000, 0.1288659793814443)	(32000, 0.1288659793814443)	(33000, 0.1288659793814443)	(34000, 0.1288659793814443)	(35000, 0.1288659793814443)	(36000, 0.1288659793814443)	(37000, 0.1288659793814443)	(38000, 0.1288659793814443)	(39000, 0.1288659793814443)	(40000, 0.1288659793814443)	(41000, 0.1288659793814443)	(42000, 0.1288659793814443)	(43000, 0.1288659793814443)	(44000, 0.1288659793814443)	(45000, 0.1288659793814443)	(46000, 0.1288659793814443)	(47000, 0.1288659793814443)	(48000, 0.1288659793814443)	(49000, 0.1288659793814443)	(50000, 0.1288659793814443)	(51000, 0.1288659793814443)	(52000, 0.1288659793814443)	(53000, 0.1288659793814443)	(54000, 0.1288659793814443)	(55000, 0.12886597938144437)									
FAY99780_pass_barcode01_98e12ebb_5ad7f319_106 - polya	(1, 0.0)	(2, 0.0)	(3, 0.0)	(4, 0.0)	(5, 0.0)	(6, 0.0)	(7, 0.0)	(8, 0.0)	(9, 0.0)	(10, 0.0)	(1000, 0.0)	(2000, 0.040715268225584494)	(3000, 0.20151306740027874)	(4000, 0.41265474552956743)	(5000, 0.41265474552956743)	(6000, 0.4529573590096369)	(7000, 0.6781292984869427)	(8000, 0.8152682255845825)	(9000, 0.8253094910591349)	(10000, 0.8253094910591349)	(11000, 0.8253094910591349)	(12000, 0.8253094910591349)	(13000, 0.8253094910591349)	(14000, 0.8253094910591349)	(15000, 0.8704264099037178)	(16000, 0.9628610729023417)	(17000, 0.9628610729023417)	(18000, 0.9628610729023417)	(19000, 0.9628610729023417)	(20000, 0.9628610729023417)	(21000, 0.9628610729023417)	(22000, 0.9628610729023417)	(23000, 0.9628610729023417)	(24000, 0.9628610729023417)	(25000, 0.9628610729023417)	(26000, 0.9628610729023417)	(27000, 0.9837689133425143)	(28000, 1.1004126547455484)	(29000, 1.1004126547455484)	(30000, 1.1004126547455484)	(31000, 1.1004126547455484)	(32000, 1.1004126547455484)	(33000, 1.1004126547455484)	(34000, 1.159009628610741)	(35000, 1.2379642365887304)	(36000, 1.3645116918844773)	(37000, 1.3755158184319327)	(38000, 1.4773039889958532)	(39000, 1.5130674002750815)	(40000, 1.5130674002750815)	(41000, 1.5130674002750815)	(42000, 1.5130674002750815)	(43000, 1.5130674002750815)	(44000, 1.5130674002750815)	(45000, 1.5130674002750815)	(46000, 1.5130674002750815)	(47000, 1.5130674002750815)	(48000, 1.5130674002750815)	(49000, 1.5130674002750815)	(50000, 1.5130674002750815)														
FAY99780_pass_barcode01_98e12ebb_5ad7f319_106 - polyg	(1, 0.0)	(2, 0.0)	(3, 0.0)	(4, 0.0)	(5, 0.0)	(6, 0.0)	(7, 0.0)	(8, 0.0)	(9, 0.0)	(10, 0.0)	(1000, 0.0)	(2000, 0.0)	(3000, 0.0)	(4000, 0.0)	(5000, 0.0)	(6000, 0.0)	(7000, 0.0004126547455295736)	(8000, 0.13755158184319355)	(9000, 0.13755158184319355)	(10000, 0.13755158184319355)	(11000, 0.13755158184319355)	(12000, 0.13755158184319355)	(13000, 0.13755158184319355)	(14000, 0.13755158184319355)	(15000, 0.13755158184319355)	(16000, 0.13755158184319355)	(17000, 0.13755158184319355)	(18000, 0.13755158184319355)	(19000, 0.13755158184319355)	(20000, 0.13755158184319355)	(21000, 0.13755158184319355)	(22000, 0.13755158184319355)	(23000, 0.13755158184319355)	(24000, 0.13755158184319355)	(25000, 0.13755158184319355)	(26000, 0.13755158184319355)	(27000, 0.13755158184319355)	(28000, 0.13755158184319355)	(29000, 0.13755158184319355)	(30000, 0.13755158184319355)	(31000, 0.13755158184319355)	(32000, 0.13755158184319355)	(33000, 0.13755158184319355)	(34000, 0.13755158184319355)	(35000, 0.13755158184319355)	(36000, 0.23397524071527295)	(37000, 0.2751031636863871)	(38000, 0.39257221458046265)	(39000, 0.41265474552956743)	(40000, 0.41265474552956743)	(41000, 0.41265474552956743)	(42000, 0.41265474552956743)	(43000, 0.41265474552956743)	(44000, 0.41265474552956743)	(45000, 0.41265474552956743)	(46000, 0.41265474552956743)	(47000, 0.41265474552956743)	(48000, 0.41265474552956743)	(49000, 0.41265474552956743)	(50000, 0.4126547455295681)														
FAY99780_pass_barcode01_98e12ebb_5ad7f319_107 - polya	(1, 0.0)	(2, 0.0)	(3, 0.0)	(4, 0.0)	(5, 0.0)	(6, 0.0)	(7, 0.0)	(8, 0.0)	(9, 0.0)	(10, 0.04492050066456736)	(2000, 0.186492220650641)	(4000, 0.35813295615274365)	(6000, 0.4243281471004026)	(8000, 0.46166902404526505)	(10000, 0.7712871287128409)	(12000, 0.8486562942008052)	(14000, 0.8932107496464156)	(16000, 1.0258840169731616)	(18000, 1.2636492220650453)	(20000, 1.2729844413012537)	(22000, 1.2729844413012537)	(24000, 1.2729844413012537)	(26000, 1.287270155586966)	(28000, 1.414427157001384)	(30000, 1.414427157001384)	(32000, 1.4753182461102838)	(34000, 1.5558698727014981)	(36000, 1.5558698727014981)	(38000, 1.5558698727014981)	(40000, 1.5558698727014981)	(42000, 1.5558698727014981)	(44000, 1.831471004243363)	(46000, 1.980198019802062)	(48000, 1.980198019802062)	(50000, 1.980198019802062)	(52000, 1.980198019802062)	(54000, 1.980198019802062)	(56000, 1.980198019802062)	(58000, 1.980198019802062)	(60000, 1.980198019802062)	(62000, 1.980198019802062)	(64000, 1.980198019802062)	(66000, 1.980198019802062)	(68000, 1.980198019802062)	(70000, 1.980198019802062)	(72000, 1.980198019802062)	(74000, 1.980198019802062)	(76000, 1.980198019802062)	(78000, 1.980198019802062)	(80000, 1.980198019802062)	(82000, 1.980198019802062)	(84000, 1.980198019802062)	(86000, 1.980198019802062)	(88000, 1.980198019802062)	(90000, 1.980198019802062)	(92000, 1.980198019802062)	(94000, 1.980198019802062)	(96000, 1.980198019802062)	(98000, 1.980198019802062)	(100000, 1.980198019802062)	(102000, 1.980198019802062)	(104000, 1.980198019802062)	(106000, 1.9801980198020361)											
FAY99780_pass_barcode01_98e12ebb_5ad7f319_107 - polyg	(1, 0.0)	(2, 0.0)	(3, 0.0)	(4, 0.0)	(5, 0.0)	(6, 0.0)	(7, 0.0)	(8, 0.0)	(9, 0.0)	(10, 0.0)	(2000, 0.0)	(4000, 0.0)	(6000, 0.0)	(8000, 0.0)	(10000, 0.04929278642149897)	(12000, 0.1414427157001433)	(14000, 0.1414427157001433)	(16000, 0.1414427157001433)	(18000, 0.2713578500707266)	(20000, 0.2828854314002866)	(22000, 0.2828854314002866)	(24000, 0.2828854314002866)	(26000, 0.28514851485148857)	(28000, 0.4243281471004026)	(30000, 0.4243281471004026)	(32000, 0.4829561527581489)	(34000, 0.5657708628005732)	(36000, 0.5657708628005732)	(38000, 0.5657708628005732)	(40000, 0.5657708628005732)	(42000, 0.5657708628005732)	(44000, 0.6350777934936245)	(46000, 0.707213578500692)	(48000, 0.707213578500692)	(50000, 0.707213578500692)	(52000, 0.707213578500692)	(54000, 0.707213578500692)	(56000, 0.707213578500692)	(58000, 0.707213578500692)	(60000, 0.707213578500692)	(62000, 0.707213578500692)	(64000, 0.707213578500692)	(66000, 0.707213578500692)	(68000, 0.707213578500692)	(70000, 0.707213578500692)	(72000, 0.707213578500692)	(74000, 0.707213578500692)	(76000, 0.707213578500692)	(78000, 0.707213578500692)	(80000, 0.707213578500692)	(82000, 0.707213578500692)	(84000, 0.707213578500692)	(86000, 0.707213578500692)	(88000, 0.707213578500692)	(90000, 0.707213578500692)	(92000, 0.707213578500692)	(94000, 0.707213578500692)	(96000, 0.707213578500692)	(98000, 0.707213578500692)	(100000, 0.707213578500692)	(102000, 0.707213578500692)	(104000, 0.707213578500692)	(106000, 0.70721357850071)											
FAY99780_pass_barcode01_98e12ebb_5ad7f319_108 - polya	(1, 0.0)	(2, 0.0)	(3, 0.0)	(4, 0.0)	(5, 0.0)	(6, 0.0)	(7, 0.0)	(8, 0.0)	(9, 0.0)	(10, 0.15388130089261015)	(1000, 0.45056542810984584)	(2000, 0.6189014539579949)	(3000, 0.8731825525040149)	(4000, 0.9693053311793005)	(5000, 0.9693053311793005)	(6000, 0.9693053311793005)	(7000, 1.061389337641371)	(8000, 1.137641357027472)	(9000, 1.2924071082391027)	(10000, 1.2924071082391027)	(11000, 1.2924071082391027)	(12000, 1.3353796445880697)	(13000, 1.453957996769001)	(14000, 1.453957996769001)	(15000, 1.453957996769001)	(16000, 1.453957996769001)	(17000, 1.453957996769001)	(18000, 1.453957996769001)	(19000, 1.453957996769001)	(20000, 1.453957996769001)	(21000, 1.453957996769001)	(22000, 1.453957996769001)	(23000, 1.453957996769001)	(24000, 1.453957996769001)	(25000, 1.453957996769001)	(26000, 1.453957996769001)	(27000, 1.453957996769001)	(28000, 1.6008077544426313)	(29000, 1.7770597738287828)	(30000, 1.7770597738287828)	(31000, 1.7770597738287828)	(32000, 1.7770597738287828)	(33000, 1.7770597738287828)	(34000, 1.7770597738287828)	(35000, 1.7770597738287828)	(36000, 1.7770597738287828)	(37000, 1.7770597738287828)	(38000, 1.7770597738287828)	(39000, 1.7770597738287828)	(40000, 1.7770597738287828)	(41000, 1.7770597738287828)	(42000, 1.7770597738287828)	(43000, 1.7770597738287828)	(44000, 1.7770597738287828)	(45000, 1.7770597738287828)	(46000, 1.7770597738287828)	(47000, 1.7770597738287828)	(48000, 1.7770597738287828)	(49000, 1.7770597738287828)	(50000, 1.7770597738287728)														
FAY99780_pass_barcode01_98e12ebb_5ad7f319_108 - polyg	(1, 0.0)	(2, 0.0)	(3, 0.0)	(4, 0.0)	(5, 0.0)	(6, 0.0)	(7, 0.0)	(8, 0.0)	(9, 0.0)	(10, 0.0)	(1000, 0.0)	(2000, 0.0)	(3000, 0.0)	(4000, 0.0)	(5000, 0.0)	(6000, 0.0)	(7000, 0.0)	(8000, 0.0)	(9000, 0.0)	(10000, 0.0)	(11000, 0.0)	(12000, 0.015670436187399002)	(13000, 0.16155088852988783)	(14000, 0.16155088852988783)	(15000, 0.16155088852988783)	(16000, 0.16155088852988783)	(17000, 0.27366720516963006)	(18000, 0.32310177705977566)	(19000, 0.32310177705977566)	(20000, 0.32310177705977566)	(21000, 0.32310177705977566)	(22000, 0.3505654281098518)	(23000, 0.48465266558965026)	(24000, 0.48465266558965026)	(25000, 0.48465266558965026)	(26000, 0.48465266558965026)	(27000, 0.48465266558965026)	(28000, 0.6000000000000036)	(29000, 0.736348949919213)	(30000, 0.80775444264942)	(31000, 0.80775444264942)	(32000, 0.80775444264942)	(33000, 0.80775444264942)	(34000, 0.80775444264942)	(35000, 0.80775444264942)	(36000, 0.80775444264942)	(37000, 0.80775444264942)	(38000, 0.80775444264942)	(39000, 0.80775444264942)	(40000, 0.80775444264942)	(41000, 0.80775444264942)	(42000, 0.80775444264942)	(43000, 0.80775444264942)	(44000, 0.80775444264942)	(45000, 0.80775444264942)	(46000, 0.80775444264942)	(47000, 0.80775444264942)	(48000, 0.80775444264942)	(49000, 0.80775444264942)	(50000, 0.8077544426494262)														
FAY99780_pass_barcode01_98e12ebb_5ad7f319_109 - polya	(1, 0.0)	(2, 0.0)	(3, 0.0)	(4, 0.0)	(5, 0.0)	(6, 0.0)	(7, 0.0)	(8, 0.0)	(9, 0.0)	(10, 0.14398592288039658)	(1000, 0.34455611390284924)	(2000, 0.5025125628140609)	(3000, 0.5025125628140609)	(4000, 0.5025125628140609)	(5000, 0.5025125628140609)	(6000, 0.5025125628140609)	(7000, 0.572529313232834)	(8000, 0.6700167504187668)	(9000, 0.6700167504187668)	(10000, 0.6700167504187668)	(11000, 0.6700167504187668)	(12000, 0.6700167504187668)	(13000, 0.6700167504187668)	(14000, 0.6700167504187668)	(15000, 0.6700167504187668)	(16000, 0.6700167504187668)	(17000, 0.6700167504187668)	(18000, 0.6700167504187668)	(19000, 0.6871021775544425)	(20000, 0.837520938023438)	(21000, 0.837520938023438)	(22000, 0.9788944723617913)	(23000, 1.0050251256281217)	(24000, 1.0050251256281217)	(25000, 1.0050251256281217)	(26000, 1.0050251256281217)	(27000, 1.0050251256281217)	(28000, 1.0050251256281217)	(29000, 1.0050251256281217)	(30000, 1.070854271356799)	(31000, 1.1725293132328514)	(32000, 1.1725293132328514)	(33000, 1.1725293132328514)	(34000, 1.1725293132328514)	(35000, 1.1725293132328514)	(36000, 1.1725293132328514)	(37000, 1.1725293132328514)	(38000, 1.1725293132328514)	(39000, 1.1725293132328514)	(40000, 1.1725293132328514)	(41000, 1.1725293132328514)	(42000, 1.1725293132328514)	(43000, 1.1725293132328514)	(44000, 1.1725293132328514)	(45000, 1.1725293132328514)	(46000, 1.1725293132328514)	(47000, 1.1725293132328514)	(48000, 1.1725293132328514)	(49000, 1.1725293132328434)															
FAY99780_pass_barcode01_98e12ebb_5ad7f319_109 - polyg	(1, 0.0)	(2, 0.0)	(3, 0.0)	(4, 0.0)	(5, 0.0)	(6, 0.0)	(7, 0.0)	(8, 0.0)	(9, 0.0)	(10, 0.0)	(1000, 0.0)	(2000, 0.0)	(3000, 0.0)	(4000, 0.0)	(5000, 0.0)	(6000, 0.0)	(7000, 0.0)	(8000, 0.0)	(9000, 0.0)	(10000, 0.0)	(11000, 0.0)	(12000, 0.0)	(13000, 0.0)	(14000, 0.0)	(15000, 0.0)	(16000, 0.0)	(17000, 0.0)	(18000, 0.0)	(19000, 0.0)	(20000, 0.0)	(21000, 0.0)	(22000, 0.03433835845896167)	(23000, 0.1675041876046917)	(24000, 0.1675041876046917)	(25000, 0.1675041876046917)	(26000, 0.1675041876046917)	(27000, 0.1675041876046917)	(28000, 0.1675041876046917)	(29000, 0.1675041876046917)	(30000, 0.1675041876046917)	(31000, 0.1675041876046917)	(32000, 0.1675041876046917)	(33000, 0.1675041876046917)	(34000, 0.1675041876046917)	(35000, 0.1675041876046917)	(36000, 0.1675041876046917)	(37000, 0.1675041876046917)	(38000, 0.1675041876046917)	(39000, 0.1675041876046917)	(40000, 0.1675041876046917)	(41000, 0.1675041876046917)	(42000, 0.1675041876046917)	(43000, 0.1675041876046917)	(44000, 0.1675041876046917)	(45000, 0.1675041876046917)	(46000, 0.1675041876046917)	(47000, 0.1675041876046917)	(48000, 0.1675041876046917)	(49000, 0.16750418760469163)															
FAY99780_pass_barcode01_98e12ebb_5ad7f319_11 - polya	(1, 0.06622516556291391)	(2, 0.06622516556291391)	(3, 0.06622516556291391)	(4, 0.06622516556291391)	(5, 0.06622516556291391)	(6, 0.06622516556291391)	(7, 0.06622516556291391)	(8, 0.06622516556291391)	(9, 0.06622516556291391)	(10, 0.16235199678908088)	(1000, 0.38470198675496026)	(2000, 0.5301986754966861)	(3000, 0.5960264900662255)	(4000, 0.6188079470198593)	(5000, 0.7276158940397394)	(6000, 0.8523178807947084)	(7000, 0.915960264900644)	(8000, 0.9271523178807761)	(9000, 0.9735761589404038)	(10000, 1.0268874172185223)	(11000, 1.059602649006613)	(12000, 1.1101986754966986)	(13000, 1.141854304635777)	(14000, 1.2168874172185482)	(15000, 1.2582781456953804)	(16000, 1.269006622516563)	(17000, 1.3257615894039523)	(18000, 1.3907284768211752)	(19000, 1.3907284768211752)	(20000, 1.4496026490066307)	(21000, 1.4569536423841145)	(22000, 1.4975496688741807)	(23000, 1.5327152317880832)	(24000, 1.589403973509906)	(25000, 1.589403973509906)	(26000, 1.589403973509906)	(27000, 1.6539072847681775)	(28000, 1.655629139072813)	(29000, 1.655629139072813)	(30000, 1.655629139072813)	(31000, 1.655629139072813)	(32000, 1.655629139072813)	(33000, 1.7103311258278278)	(34000, 1.721854304635775)	(35000, 1.721854304635775)	(36000, 1.721854304635775)	(37000, 1.721854304635775)	(38000, 1.721854304635775)	(39000, 1.721854304635775)	(40000, 1.721854304635775)	(41000, 1.721854304635775)	(42000, 1.721854304635775)	(43000, 1.721854304635775)	(44000, 1.721854304635775)	(45000, 1.721854304635775)	(46000, 1.721854304635775)	(47000, 1.721854304635775)	(48000, 1.721854304635775)	(49000, 1.72185430463575)															
FAY99780_pass_barcode01_98e12ebb_5ad7f319_11 - polyg	(1, 0.0)	(2, 0.0)	(3, 0.0)	(4, 0.0)	(5, 0.0)	(6, 0.0)	(7, 0.0)	(8, 0.0)	(9, 0.0)	(10, 0.0)	(1000, 0.0)	(2000, 0.0)	(3000, 0.040331125827814715)	(4000, 0.06622516556291332)	(5000, 0.06622516556291332)	(6000, 0.06622516556291332)	(7000, 0.06622516556291332)	(8000, 0.06622516556291332)	(9000, 0.06622516556291332)	(10000, 0.06622516556291332)	(11000, 0.06622516556291332)	(12000, 0.06622516556291332)	(13000, 0.06622516556291332)	(14000, 0.06622516556291332)	(15000, 0.06622516556291332)	(16000, 0.06622516556291332)	(17000, 0.06622516556291332)	(18000, 0.06622516556291332)	(19000, 0.07052980132450272)	(20000, 0.13245033112582663)	(21000, 0.13245033112582663)	(22000, 0.13245033112582663)	(23000, 0.13245033112582663)	(24000, 0.13245033112582663)	(25000, 0.13245033112582663)	(26000, 0.13245033112582663)	(27000, 0.13245033112582663)	(28000, 0.13245033112582663)	(29000, 0.13245033112582663)	(30000, 0.1455629139072832)	(31000, 0.19867549668873824)	(32000, 0.19867549668873824)	(33000, 0.19867549668873824)	(34000, 0.19867549668873824)	(35000, 0.19867549668873824)	(36000, 0.19867549668873824)	(37000, 0.19867549668873824)	(38000, 0.19867549668873824)	(39000, 0.19867549668873824)	(40000, 0.19867549668873824)	(41000, 0.19867549668873824)	(42000, 0.19867549668873824)	(43000, 0.19867549668873824)	(44000, 0.19867549668873824)	(45000, 0.19867549668873824)	(46000, 0.19867549668873824)	(47000, 0.19867549668873824)	(48000, 0.19867549668873824)	(49000, 0.19867549668874107)															
FAY99780_pass_barcode01_98e12ebb_5ad7f319_110 - polya	(1, 0.0)	(2, 0.0)	(3, 0.0)	(4, 0.0)	(5, 0.0)	(6, 0.0)	(7, 0.0)	(8, 0.0)	(9, 0.0)	(10, 0.0)	(1000, 0.2439807383627621)	(2000, 0.48170144462278947)	(3000, 0.6420545746388363)	(4000, 0.6664526484751234)	(5000, 0.8025682182985674)	(6000, 0.8025682182985674)	(7000, 0.8025682182985674)	(8000, 0.8025682182985674)	(9000, 0.8817014446227854)	(10000, 1.1235955056179918)	(11000, 1.1235955056179918)	(12000, 1.1235955056179918)	(13000, 1.1235955056179918)	(14000, 1.1235955056179918)	(15000, 1.1235955056179918)	(16000, 1.1677367576243982)	(17000, 1.419582664526499)	(18000, 1.5484751203852611)	(19000, 1.671749598715898)	(20000, 1.7656500802568191)	(21000, 1.7656500802568191)	(22000, 1.7656500802568191)	(23000, 1.7656500802568191)	(24000, 1.7656500802568191)	(25000, 1.7656500802568191)	(26000, 1.7656500802568191)	(27000, 1.7656500802568191)	(28000, 1.7656500802568191)	(29000, 1.7656500802568191)	(30000, 1.7656500802568191)	(31000, 1.7656500802568191)	(32000, 1.7656500802568191)	(33000, 1.7656500802568191)	(34000, 1.7656500802568191)	(35000, 1.8841091492776565)	(36000, 2.0457463884429847)	(37000, 2.127287319422156)	(38000, 2.2471910112359836)	(39000, 2.2471910112359836)	(40000, 2.2471910112359836)	(41000, 2.2471910112359836)	(42000, 2.2471910112359836)	(43000, 2.2471910112359836)	(44000, 2.2471910112359836)	(45000, 2.2471910112359836)	(46000, 2.2471910112359836)	(47000, 2.247191011235944)																	
FAY99780_pass_barcode01_98e12ebb_5ad7f319_110 - polyg	(1, 0.0)	(2, 0.0)	(3, 0.0)	(4, 0.0)	(5, 0.0)	(6, 0.0)	(7, 0.0)	(8, 0.0)	(9, 0.0)	(10, 0.0)	(1000, 0.0)	(2000, 0.0)	(3000, 0.0)	(4000, 0.0)	(5000, 0.0)	(6000, 0.0)	(7000, 0.0)	(8000, 0.0)	(9000, 0.0)	(10000, 0.0)	(11000, 0.0)	(12000, 0.0)	(13000, 0.0)	(14000, 0.0)	(15000, 0.0)	(16000, 0.0)	(17000, 0.0)	(18000, 0.05939004815409334)	(19000, 0.16051364365970908)	(20000, 0.16051364365970908)	(21000, 0.16051364365970908)	(22000, 0.16051364365970908)	(23000, 0.16051364365970908)	(24000, 0.16051364365970908)	(25000, 0.16051364365970908)	(26000, 0.16051364365970908)	(27000, 0.16051364365970908)	(28000, 0.16051364365970908)	(29000, 0.16051364365970908)	(30000, 0.16051364365970908)	(31000, 0.16051364365970908)	(32000, 0.16051364365970908)	(33000, 0.16051364365970908)	(34000, 0.16051364365970908)	(35000, 0.26260032102728825)	(36000, 0.32102728731941815)	(37000, 0.32102728731941815)	(38000, 0.32102728731941815)	(39000, 0.32102728731941815)	(40000, 0.32102728731941815)	(41000, 0.32102728731941815)	(42000, 0.32102728731941815)	(43000, 0.32102728731941815)	(44000, 0.32102728731941815)	(45000, 0.32102728731941815)	(46000, 0.32102728731941815)	(47000, 0.3210272873194232)																	
FAY99780_pass_barcode01_98e12ebb_5ad7f319_111 - polya	(1, 0.0)	(2, 0.0)	(3, 0.0)	(4, 0.0)	(5, 0.0)	(6, 0.0)	(7, 0.0)	(8, 0.0)	(9, 0.0)	(10, 0.0)	(1000, 0.0)	(2000, 0.0)	(3000, 0.0)	(4000, 0.0)	(5000, 0.0)	(6000, 0.0)	(7000, 0.0)	(8000, 0.17891373801916702)	(9000, 0.31948881789137545)	(10000, 0.31948881789137545)	(11000, 0.31948881789137545)	(12000, 0.43115015974440263)	(13000, 0.479233226837053)	(14000, 0.5014376996805051)	(15000, 0.6437699680511184)	(16000, 0.7987220447284153)	(17000, 0.7987220447284153)	(18000, 0.7987220447284153)	(19000, 0.7987220447284153)	(20000, 0.7987220447284153)	(21000, 0.7987220447284153)	(22000, 0.7987220447284153)	(23000, 0.7987220447284153)	(24000, 0.7987220447284153)	(25000, 0.7987220447284153)	(26000, 0.851916932907333)	(27000, 0.958466453674106)	(28000, 0.958466453674106)	(29000, 1.0305111821086166)	(30000, 1.1182108626198053)	(31000, 1.1182108626198053)	(32000, 1.1182108626198053)	(33000, 1.1182108626198053)	(34000, 1.1182108626198053)	(35000, 1.1182108626198053)	(36000, 1.1182108626198053)	(37000, 1.1182108626198053)	(38000, 1.1182108626198053)	(39000, 1.1182108626198053)	(40000, 1.1182108626198053)	(41000, 1.1182108626198053)	(42000, 1.1182108626198053)	(43000, 1.1182108626198053)	(44000, 1.1182108626198053)	(45000, 1.1182108626198053)	(46000, 1.1182108626198053)	(47000, 1.1182108626198053)	(48000, 1.1182108626198053)	(49000, 1.1182108626198053)	(50000, 1.1182108626198053)	(51000, 1.1182108626198053)	(52000, 1.1182108626198053)	(53000, 1.1182108626198053)	(54000, 1.1182108626198053)	(55000, 1.1182108626198053)	(56000, 1.1182108626198053)	(57000, 1.1182108626198053)	(58000, 1.1182108626198053)	(59000, 1.1182108626198053)	(60000, 1.1182108626198053)	(61000, 1.1182108626198053)	(62000, 1.1182108626198053)	(63000, 1.1182108626198053)	(64000, 1.1182108626198182)
FAY99780_pass_barcode01_98e12ebb_5ad7f319_112 - polya	(1, 0.0)	(2, 0.0)	(3, 0.0)	(4, 0.0)	(5, 0.0)	(6, 0.0)	(7, 0.0)	(8, 0.0)	(9, 0.0)	(10, 0.10050251256281326)	(2000, 0.2193425076452566)	(4000, 0.3058103975535096)	(6000, 0.3058103975535096)	(8000, 0.3058103975535096)	(10000, 0.31636085626910926)	(12000, 0.4587155963302834)	(14000, 0.5187308868501356)	(16000, 0.6310397553516737)	(18000, 0.7645259938838044)	(20000, 0.7645259938838044)	(22000, 0.7645259938838044)	(24000, 0.7645259938838044)	(26000, 0.7645259938838044)	(28000, 0.7645259938838044)	(30000, 0.7645259938838044)	(32000, 0.7645259938838044)	(34000, 0.7645259938838044)	(36000, 0.7645259938838044)	(38000, 0.7645259938838044)	(40000, 0.7645259938838044)	(42000, 0.7645259938838044)	(44000, 0.7645259938838044)	(46000, 0.7645259938838044)	(48000, 0.7645259938838044)	(50000, 0.7645259938838044)	(52000, 0.8912079510703497)	(54000, 0.9174311926605668)	(56000, 0.9174311926605668)	(58000, 0.9174311926605668)	(60000, 0.9174311926605668)	(62000, 0.9174311926605668)	(64000, 0.9174311926605668)	(66000, 0.9174311926605668)	(68000, 0.9174311926605668)	(70000, 0.9174311926605668)	(72000, 0.9174311926605404)																												
FAY99780_pass_barcode01_98e12ebb_5ad7f319_112 - polyg	(1, 0.0)	(2, 0.0)	(3, 0.0)	(4, 0.0)	(5, 0.0)	(6, 0.0)	(7, 0.0)	(8, 0.0)	(9, 0.0)	(10, 0.0)	(2000, 0.0)	(4000, 0.0)	(6000, 0.0)	(8000, 0.0)	(10000, 0.01628440366972473)	(12000, 0.1529051987767548)	(14000, 0.1529051987767548)	(16000, 0.1529051987767548)	(18000, 0.1529051987767548)	(20000, 0.1529051987767548)	(22000, 0.1529051987767548)	(24000, 0.1529051987767548)	(26000, 0.1529051987767548)	(28000, 0.1529051987767548)	(30000, 0.1529051987767548)	(32000, 0.1529051987767548)	(34000, 0.1529051987767548)	(36000, 0.1529051987767548)	(38000, 0.1529051987767548)	(40000, 0.1529051987767548)	(42000, 0.1529051987767548)	(44000, 0.1529051987767548)	(46000, 0.1529051987767548)	(48000, 0.1529051987767548)	(50000, 0.1529051987767548)	(52000, 0.1529051987767548)	(54000, 0.1529051987767548)	(56000, 0.1529051987767548)	(58000, 0.1529051987767548)	(60000, 0.1529051987767548)	(62000, 0.1529051987767548)	(64000, 0.1529051987767548)	(66000, 0.1529051987767548)	(68000, 0.1529051987767548)	(70000, 0.1529051987767548)	(72000, 0.15290519877676081)																												
FAY99780_pass_barcode01_98e12ebb_5ad7f319_113 - polya	(1, 0.0)	(2, 0.0)	(3, 0.0)	(4, 0.0)	(5, 0.0)	(6, 0.0)	(7, 0.0)	(8, 0.0)	(9, 0.0)	(10, 0.0)	(1000, 0.0)	(2000, 0.0)	(3000, 0.0)	(4000, 0.0)	(5000, 0.0)	(6000, 0.1869668246445518)	(7000, 0.23696682464455274)	(8000, 0.39715639810426984)	(9000, 0.4739336492891055)	(10000, 0.4739336492891055)	(11000, 0.4739336492891055)	(12000, 0.6267772511848282)	(13000, 0.710900473933642)	(14000, 0.710900473933642)	(15000, 0.710900473933642)	(16000, 0.7658767772511851)	(17000, 0.947867298578211)	(18000, 0.947867298578211)	(19000, 0.947867298578211)	(20000, 0.947867298578211)	(21000, 0.947867298578211)	(22000, 0.947867298578211)	(23000, 0.947867298578211)	(24000, 0.947867298578211)	(25000, 0.947867298578211)	(26000, 0.947867298578211)	(27000, 0.947867298578211)	(28000, 0.947867298578211)	(29000, 0.947867298578211)	(30000, 0.947867298578211)	(31000, 0.947867298578211)	(32000, 1.1234597156398343)	(33000, 1.184834123222775)	(34000, 1.3473933649288934)	(35000, 1.421800947867284)	(36000, 1.421800947867284)	(37000, 1.421800947867284)	(38000, 1.421800947867284)	(39000, 1.421800947867284)	(40000, 1.421800947867284)	(41000, 1.421800947867284)	(42000, 1.421800947867284)	(43000, 1.421800947867284)	(44000, 1.4218009478673101)																				
FAY99780_pass_barcode01_98e12ebb_5ad7f319_113 - polyg	(1, 0.0)	(2, 0.0)	(3, 0.0)	(4, 0.0)	(5, 0.0)	(6, 0.0)	(7, 0.0)	(8, 0.0)	(9, 0.0)	(10, 0.0)	(1000, 0.0)	(2000, 0.0)	(3000, 0.0)	(4000, 0.0)	(5000, 0.0)	(6000, 0.0)	(7000, 0.0)	(8000, 0.0445497630331753)	(9000, 0.23696682464455274)	(10000, 0.23696682464455274)	(11000, 0.23696682464455274)	(12000, 0.23696682464455274)	(13000, 0.23696682464455274)	(14000, 0.23696682464455274)	(15000, 0.23696682464455274)	(16000, 0.23696682464455274)	(17000, 0.37037914691943596)	(18000, 0.4739336492891055)	(19000, 0.4739336492891055)	(20000, 0.4739336492891055)	(21000, 0.4739336492891055)	(22000, 0.4739336492891055)	(23000, 0.4739336492891055)	(24000, 0.4739336492891055)	(25000, 0.4739336492891055)	(26000, 0.4739336492891055)	(27000, 0.4739336492891055)	(28000, 0.4739336492891055)	(29000, 0.4739336492891055)	(30000, 0.4739336492891055)	(31000, 0.4739336492891055)	(32000, 0.4739336492891055)	(33000, 0.4739336492891055)	(34000, 0.4739336492891055)	(35000, 0.4739336492891055)	(36000, 0.4739336492891055)	(37000, 0.4739336492891055)	(38000, 0.4739336492891055)	(39000, 0.4739336492891055)	(40000, 0.4739336492891055)	(41000, 0.4739336492891055)	(42000, 0.4739336492891055)	(43000, 0.4739336492891055)	(44000, 0.47393364928910037)																				
FAY99780_pass_barcode01_98e12ebb_5ad7f319_114 - polya	(1, 0.0)	(2, 0.0)	(3, 0.0)	(4, 0.0)	(5, 0.0)	(6, 0.0)	(7, 0.0)	(8, 0.0)	(9, 0.0)	(10, 0.0)	(1000, 0.07556742323097569)	(2000, 0.133511348464622)	(3000, 0.133511348464622)	(4000, 0.133511348464622)	(5000, 0.22176234979973722)	(6000, 0.3795727636849103)	(7000, 0.4005340453938547)	(8000, 0.4005340453938547)	(9000, 0.4005340453938547)	(10000, 0.4005340453938547)	(11000, 0.4005340453938547)	(12000, 0.41949265687583515)	(13000, 0.534045393858488)	(14000, 0.534045393858488)	(15000, 0.534045393858488)	(16000, 0.534045393858488)	(17000, 0.6068090787716922)	(18000, 0.7443257676902465)	(19000, 0.8010680907877094)	(20000, 0.8010680907877094)	(21000, 0.8010680907877094)	(22000, 0.8291054739652981)	(23000, 0.9773030707610281)	(24000, 1.068090787716976)	(25000, 1.068090787716976)	(26000, 1.106408544726307)	(27000, 1.2308411214953234)	(28000, 1.3351134846461772)	(29000, 1.3351134846461772)	(30000, 1.3351134846461772)	(31000, 1.3351134846461772)	(32000, 1.3351134846461772)	(33000, 1.3351134846461772)	(34000, 1.3351134846461772)	(35000, 1.3351134846461772)	(36000, 1.3351134846461772)	(37000, 1.3351134846461772)	(38000, 1.3351134846461772)	(39000, 1.3351134846461772)	(40000, 1.3351134846461772)	(41000, 1.3351134846461772)	(42000, 1.3351134846461772)	(43000, 1.3351134846461772)	(44000, 1.3351134846461772)	(45000, 1.3351134846461772)	(46000, 1.3351134846461772)	(47000, 1.3351134846461772)	(48000, 1.3351134846461772)	(49000, 1.3351134846461983)															
FAY99780_pass_barcode01_98e12ebb_5ad7f319_114 - polyg	(1, 0.0)	(2, 0.0)	(3, 0.0)	(4, 0.0)	(5, 0.0)	(6, 0.0)	(7, 0.0)	(8, 0.0)	(9, 0.0)	(10, 0.12488031179620195)	(1000, 0.133511348464622)	(2000, 0.133511348464622)	(3000, 0.133511348464622)	(4000, 0.133511348464622)	(5000, 0.14419225634179184)	(6000, 0.267022696929244)	(7000, 0.267022696929244)	(8000, 0.267022696929244)	(9000, 0.267022696929244)	(10000, 0.267022696929244)	(11000, 0.267022696929244)	(12000, 0.267022696929244)	(13000, 0.267022696929244)	(14000, 0.267022696929244)	(15000, 0.267022696929244)	(16000, 0.267022696929244)	(17000, 0.308544726301738)	(18000, 0.4005340453938547)	(19000, 0.4005340453938547)	(20000, 0.4005340453938547)	(21000, 0.4005340453938547)	(22000, 0.4005340453938547)	(23000, 0.4005340453938547)	(24000, 0.4005340453938547)	(25000, 0.4005340453938547)	(26000, 0.4005340453938547)	(27000, 0.5879839786381821)	(28000, 0.6675567423230886)	(29000, 0.6675567423230886)	(30000, 0.6675567423230886)	(31000, 0.6675567423230886)	(32000, 0.6675567423230886)	(33000, 0.6675567423230886)	(34000, 0.6675567423230886)	(35000, 0.6675567423230886)	(36000, 0.6675567423230886)	(37000, 0.6675567423230886)	(38000, 0.6675567423230886)	(39000, 0.6675567423230886)	(40000, 0.6675567423230886)	(41000, 0.6675567423230886)	(42000, 0.6675567423230886)	(43000, 0.6675567423230886)	(44000, 0.6675567423230886)	(45000, 0.6675567423230886)	(46000, 0.6675567423230886)	(47000, 0.6675567423230886)	(48000, 0.6675567423230886)	(49000, 0.6675567423230991)															
FAY99780_pass_barcode01_98e12ebb_5ad7f319_115 - polya	(1, 0.0)	(2, 0.0)	(3, 0.0)	(4, 0.0)	(5, 0.0)	(6, 0.0)	(7, 0.0)	(8, 0.0)	(9, 0.0)	(10, 0.0)	(1000, 0.0)	(2000, 0.0)	(3000, 0.0)	(4000, 0.0)	(5000, 0.0)	(6000, 0.0)	(7000, 0.0)	(8000, 0.0)	(9000, 0.0)	(10000, 0.0)	(11000, 0.08407350689127095)	(12000, 0.2799387442572767)	(13000, 0.306278713629406)	(14000, 0.306278713629406)	(15000, 0.306278713629406)	(16000, 0.5571209800918888)	(17000, 0.612557427258812)	(18000, 0.6584992343032152)	(19000, 0.9977029096478084)	(20000, 1.0719754977029332)	(21000, 1.0719754977029332)	(22000, 1.0719754977029332)	(23000, 1.0719754977029332)	(24000, 1.0719754977029332)	(25000, 1.0719754977029332)	(26000, 1.0719754977029332)	(27000, 1.0719754977029332)	(28000, 1.0719754977029332)	(29000, 1.0719754977029332)	(30000, 1.0719754977029332)	(31000, 1.0719754977029332)	(32000, 1.0719754977029332)	(33000, 1.0719754977029332)	(34000, 1.0719754977029332)	(35000, 1.0719754977029332)	(36000, 1.0719754977029332)	(37000, 1.0719754977029332)	(38000, 1.0719754977029332)	(39000, 1.0719754977029332)	(40000, 1.0719754977029332)	(41000, 1.0719754977029332)	(42000, 1.0719754977029332)	(43000, 1.0719754977029332)	(44000, 1.0719754977029332)	(45000, 1.0719754977029332)	(46000, 1.0719754977029332)	(47000, 1.0719754977029332)	(48000, 1.0719754977029332)	(49000, 1.0719754977029086)															
FAY99780_pass_barcode01_98e12ebb_5ad7f319_115 - polyg	(1, 0.0)	(2, 0.0)	(3, 0.0)	(4, 0.0)	(5, 0.0)	(6, 0.0)	(7, 0.0)	(8, 0.0)	(9, 0.0)	(10, 0.0)	(1000, 0.0)	(2000, 0.0)	(3000, 0.0)	(4000, 0.0)	(5000, 0.0)	(6000, 0.0)	(7000, 0.0)	(8000, 0.0)	(9000, 0.0)	(10000, 0.0)	(11000, 0.0)	(12000, 0.0)	(13000, 0.0)	(14000, 0.0)	(15000, 0.0)	(16000, 0.0)	(17000, 0.0)	(18000, 0.0)	(19000, 0.11163859111791789)	(20000, 0.153139356814703)	(21000, 0.153139356814703)	(22000, 0.153139356814703)	(23000, 0.153139356814703)	(24000, 0.153139356814703)	(25000, 0.153139356814703)	(26000, 0.153139356814703)	(27000, 0.153139356814703)	(28000, 0.153139356814703)	(29000, 0.153139356814703)	(30000, 0.153139356814703)	(31000, 0.153139356814703)	(32000, 0.153139356814703)	(33000, 0.153139356814703)	(34000, 0.153139356814703)	(35000, 0.153139356814703)	(36000, 0.153139356814703)	(37000, 0.153139356814703)	(38000, 0.153139356814703)	(39000, 0.153139356814703)	(40000, 0.153139356814703)	(41000, 0.153139356814703)	(42000, 0.153139356814703)	(43000, 0.153139356814703)	(44000, 0.153139356814703)	(45000, 0.153139356814703)	(46000, 0.153139356814703)	(47000, 0.153139356814703)	(48000, 0.153139356814703)	(49000, 0.15313935681470164)															
FAY99780_pass_barcode01_98e12ebb_5ad7f319_116 - polya	(1, 0.0)	(2, 0.0)	(3, 0.0)	(4, 0.0)	(5, 0.0)	(6, 0.0)	(7, 0.0)	(8, 0.0)	(9, 0.0)	(10, 0.0)	(2000, 0.0529061102831589)	(4000, 0.14903129657227634)	(6000, 0.18614008941877286)	(8000, 0.2980625931445527)	(10000, 0.5102086438151887)	(12000, 0.5961251862891054)	(14000, 0.5961251862891054)	(16000, 0.8455290611028135)	(18000, 1.1450074515648003)	(20000, 1.4423994038747738)	(22000, 1.4903129657227607)	(24000, 1.4903129657227607)	(26000, 1.63412816691509)	(28000, 1.6393442622951202)	(30000, 1.6393442622951202)	(32000, 1.7918777943368487)	(34000, 1.9374068554397064)	(36000, 1.9374068554397064)	(38000, 1.9374068554397064)	(40000, 2.085842026825592)	(42000, 2.086438152011881)	(44000, 2.086438152011881)	(46000, 2.086438152011881)	(48000, 2.086438152011881)	(50000, 2.086438152011881)	(52000, 2.086438152011881)	(54000, 2.210208643815234)	(56000, 2.2354694485842326)	(58000, 2.2354694485842326)	(60000, 2.2354694485842326)	(62000, 2.2354694485842326)	(64000, 2.2354694485842326)	(66000, 2.2354694485842326)	(68000, 2.2354694485842326)	(70000, 2.2354694485842326)	(72000, 2.2354694485842326)	(74000, 2.2354694485842326)	(76000, 2.2354694485842135)																										
FAY99780_pass_barcode01_98e12ebb_5ad7f319_116 - polyg	(1, 0.0)	(2, 0.0)	(3, 0.0)	(4, 0.0)	(5, 0.0)	(6, 0.0)	(7, 0.0)	(8, 0.0)	(9, 0.0)	(10, 0.0)	(2000, 0.0)	(4000, 0.0)	(6000, 0.0)	(8000, 0.0)	(10000, 0.0)	(12000, 0.0)	(14000, 0.0)	(16000, 0.0)	(18000, 0.1142324888226501)	(20000, 0.14903129657227634)	(22000, 0.14903129657227634)	(24000, 0.14903129657227634)	(26000, 0.29575260804768244)	(28000, 0.2980625931445527)	(30000, 0.2980625931445527)	(32000, 0.40529061102830743)	(34000, 0.44709388971683145)	(36000, 0.44709388971683145)	(38000, 0.44709388971683145)	(40000, 0.44709388971683145)	(42000, 0.44709388971683145)	(44000, 0.44709388971683145)	(46000, 0.44709388971683145)	(48000, 0.44709388971683145)	(50000, 0.44709388971683145)	(52000, 0.44709388971683145)	(54000, 0.44709388971683145)	(56000, 0.44709388971683145)	(58000, 0.44709388971683145)	(60000, 0.44709388971683145)	(62000, 0.44709388971683145)	(64000, 0.44709388971683145)	(66000, 0.44709388971683145)	(68000, 0.44709388971683145)	(70000, 0.44709388971683145)	(72000, 0.44709388971683145)	(74000, 0.44709388971683145)	(76000, 0.4470938897168453)																										
FAY99780_pass_barcode01_98e12ebb_5ad7f319_117 - polya	(1, 0.0)	(2, 0.0)	(3, 0.0)	(4, 0.0)	(5, 0.0)	(6, 0.0)	(7, 0.0)	(8, 0.0)	(9, 0.0)	(10, 0.11936155447605974)	(1000, 0.3053435114503823)	(2000, 0.3053435114503823)	(3000, 0.3131297709923694)	(4000, 0.5955725190839734)	(5000, 1.0903816793893082)	(6000, 1.2213740458015292)	(7000, 1.2213740458015292)	(8000, 1.2213740458015292)	(9000, 1.2213740458015292)	(10000, 1.2213740458015292)	(11000, 1.2560305343511697)	(12000, 1.374045801526723)	(13000, 1.3806106870229031)	(14000, 1.5267175572519132)	(15000, 1.5267175572519132)	(16000, 1.5267175572519132)	(17000, 1.5267175572519132)	(18000, 1.646564885496176)	(19000, 1.6793893129770892)	(20000, 1.6793893129770892)	(21000, 1.6793893129770892)	(22000, 1.6793893129770892)	(23000, 1.6793893129770892)	(24000, 1.6793893129770892)	(25000, 1.6793893129770892)	(26000, 1.8015267175572862)	(27000, 1.8685496183206312)	(28000, 1.9847328244274993)	(29000, 1.9847328244274993)	(30000, 1.9847328244274993)	(31000, 1.9847328244274993)	(32000, 1.9847328244274993)	(33000, 1.9847328244274993)	(34000, 1.9847328244274993)	(35000, 1.9847328244274993)	(36000, 1.9847328244274993)	(37000, 1.9847328244274993)	(38000, 1.9847328244274993)	(39000, 1.9847328244274993)	(40000, 1.9847328244274993)	(41000, 1.9847328244274993)	(42000, 1.9847328244274993)	(43000, 1.9847328244274993)	(44000, 1.9847328244274993)	(45000, 1.9847328244274993)	(46000, 1.9847328244274993)	(47000, 1.9847328244274993)	(48000, 1.9847328244274993)	(49000, 1.9847328244274993)	(50000, 1.9847328244274993)	(51000, 1.9847328244274993)	(52000, 1.9847328244274993)	(53000, 1.9847328244274993)	(54000, 1.9847328244274993)	(55000, 1.9847328244274993)	(56000, 1.9847328244274993)	(57000, 1.9847328244274993)	(58000, 1.9847328244274816)						
FAY99780_pass_barcode01_98e12ebb_5ad7f319_117 - polyg	(1, 0.0)	(2, 0.0)	(3, 0.0)	(4, 0.0)	(5, 0.0)	(6, 0.0)	(7, 0.0)	(8, 0.0)	(9, 0.0)	(10, 0.0)	(1000, 0.0)	(2000, 0.0)	(3000, 0.0)	(4000, 0.0)	(5000, 0.0)	(6000, 0.0)	(7000, 0.0)	(8000, 0.0)	(9000, 0.0)	(10000, 0.0)	(11000, 0.001068702290076336)	(12000, 0.15267175572519115)	(13000, 0.15267175572519115)	(14000, 0.15267175572519115)	(15000, 0.15267175572519115)	(16000, 0.15267175572519115)	(17000, 0.15267175572519115)	(18000, 0.15267175572519115)	(19000, 0.15267175572519115)	(20000, 0.15267175572519115)	(21000, 0.15267175572519115)	(22000, 0.15267175572519115)	(23000, 0.15267175572519115)	(24000, 0.15267175572519115)	(25000, 0.15267175572519115)	(26000, 0.15267175572519115)	(27000, 0.15267175572519115)	(28000, 0.3015267175572528)	(29000, 0.3053435114503823)	(30000, 0.3053435114503823)	(31000, 0.3053435114503823)	(32000, 0.3053435114503823)	(33000, 0.3053435114503823)	(34000, 0.3053435114503823)	(35000, 0.3053435114503823)	(36000, 0.3053435114503823)	(37000, 0.3053435114503823)	(38000, 0.3053435114503823)	(39000, 0.3053435114503823)	(40000, 0.3053435114503823)	(41000, 0.3053435114503823)	(42000, 0.3053435114503823)	(43000, 0.3053435114503823)	(44000, 0.3053435114503823)	(45000, 0.3053435114503823)	(46000, 0.3053435114503823)	(47000, 0.3053435114503823)	(48000, 0.3053435114503823)	(49000, 0.3053435114503823)	(50000, 0.3053435114503823)	(51000, 0.3053435114503823)	(52000, 0.3053435114503823)	(53000, 0.3053435114503823)	(54000, 0.3053435114503823)	(55000, 0.3053435114503823)	(56000, 0.3053435114503823)	(57000, 0.3053435114503823)	(58000, 0.3053435114503814)						
FAY99780_pass_barcode01_98e12ebb_5ad7f319_118 - polya	(1, 0.0)	(2, 0.0)	(3, 0.0)	(4, 0.0)	(5, 0.0)	(6, 0.0)	(7, 0.0)	(8, 0.0)	(9, 0.0)	(10, 0.13104013104012865)	(1000, 0.1623211446740822)	(2000, 0.3678855325914082)	(3000, 0.47965023847376104)	(4000, 0.6359300476947395)	(5000, 0.6359300476947395)	(6000, 0.6359300476947395)	(7000, 0.6359300476947395)	(8000, 0.6359300476947395)	(9000, 0.6359300476947395)	(10000, 0.6359300476947395)	(11000, 0.6359300476947395)	(12000, 0.6359300476947395)	(13000, 0.8558028616852061)	(14000, 0.9538950715421168)	(15000, 0.9538950715421168)	(16000, 1.056756756756741)	(17000, 1.1128775834658082)	(18000, 1.1128775834658082)	(19000, 1.1128775834658082)	(20000, 1.3947535771065225)	(21000, 1.589825119236876)	(22000, 1.589825119236876)	(23000, 1.589825119236876)	(24000, 1.589825119236876)	(25000, 1.7268680445151312)	(26000, 1.7488076311606007)	(27000, 1.7488076311606007)	(28000, 1.7488076311606007)	(29000, 1.7488076311606007)	(30000, 1.7488076311606007)	(31000, 1.890937996820323)	(32000, 1.9077901430842337)	(33000, 1.9077901430842337)	(34000, 1.9077901430842337)	(35000, 1.9077901430842337)	(36000, 1.9077901430842337)	(37000, 1.9077901430842337)	(38000, 1.9077901430842337)	(39000, 1.9077901430842337)	(40000, 1.9077901430842337)	(41000, 1.9077901430842337)	(42000, 1.9077901430842337)	(43000, 1.9077901430842337)	(44000, 1.9077901430842337)	(45000, 1.9077901430842337)	(46000, 1.9077901430842337)	(47000, 1.9077901430842337)	(48000, 1.907790143084261)																
FAY99780_pass_barcode01_98e12ebb_5ad7f319_118 - polyg	(1, 0.0)	(2, 0.0)	(3, 0.0)	(4, 0.0)	(5, 0.0)	(6, 0.0)	(7, 0.0)	(8, 0.0)	(9, 0.0)	(10, 0.0)	(1000, 0.0)	(2000, 0.0)	(3000, 0.0)	(4000, 0.0)	(5000, 0.0)	(6000, 0.0)	(7000, 0.0)	(8000, 0.0)	(9000, 0.0)	(10000, 0.0)	(11000, 0.0)	(12000, 0.0)	(13000, 0.0)	(14000, 0.0)	(15000, 0.0)	(16000, 0.0)	(17000, 0.0)	(18000, 0.0)	(19000, 0.0)	(20000, 0.06852146263910998)	(21000, 0.31796502384736974)	(22000, 0.31796502384736974)	(23000, 0.31796502384736974)	(24000, 0.31796502384736974)	(25000, 0.31796502384736974)	(26000, 0.31796502384736974)	(27000, 0.31796502384736974)	(28000, 0.31796502384736974)	(29000, 0.31796502384736974)	(30000, 0.31796502384736974)	(31000, 0.31796502384736974)	(32000, 0.31796502384736974)	(33000, 0.31796502384736974)	(34000, 0.31796502384736974)	(35000, 0.31796502384736974)	(36000, 0.31796502384736974)	(37000, 0.31796502384736974)	(38000, 0.31796502384736974)	(39000, 0.31796502384736974)	(40000, 0.31796502384736974)	(41000, 0.31796502384736974)	(42000, 0.31796502384736974)	(43000, 0.31796502384736974)	(44000, 0.31796502384736974)	(45000, 0.31796502384736974)	(46000, 0.31796502384736974)	(47000, 0.31796502384736974)	(48000, 0.3179650238473773)																
FAY99780_pass_barcode01_98e12ebb_5ad7f319_119 - polya	(1, 0.0)	(2, 0.0)	(3, 0.0)	(4, 0.0)	(5, 0.0)	(6, 0.0)	(7, 0.0)	(8, 0.0)	(9, 0.0)	(10, 0.0)	(1000, 0.0)	(2000, 0.0)	(3000, 0.12258064516129101)	(4000, 0.16977928692699593)	(5000, 0.16977928692699593)	(6000, 0.16977928692699593)	(7000, 0.16977928692699593)	(8000, 0.16977928692699593)	(9000, 0.16977928692699593)	(10000, 0.16977928692699593)	(11000, 0.16977928692699593)	(12000, 0.16977928692699593)	(13000, 0.16977928692699593)	(14000, 0.16977928692699593)	(15000, 0.16977928692699593)	(16000, 0.16977928692699593)	(17000, 0.16977928692699593)	(18000, 0.16977928692699593)	(19000, 0.16977928692699593)	(20000, 0.16977928692699593)	(21000, 0.16977928692699593)	(22000, 0.16977928692699593)	(23000, 0.16977928692699593)	(24000, 0.16977928692699593)	(25000, 0.16977928692699593)	(26000, 0.16977928692699593)	(27000, 0.16977928692699593)	(28000, 0.16977928692699593)	(29000, 0.16977928692699593)	(30000, 0.16977928692699593)	(31000, 0.31731748726655534)	(32000, 0.33955857385399185)	(33000, 0.4529711375212252)	(34000, 0.6162988115449954)	(35000, 0.6791171477079837)	(36000, 0.6791171477079837)	(37000, 0.6791171477079837)	(38000, 0.6791171477079837)	(39000, 0.6791171477079837)	(40000, 0.6791171477079837)	(41000, 0.6791171477079837)	(42000, 0.6791171477079837)	(43000, 0.6791171477079837)	(44000, 0.6791171477079837)	(45000, 0.6791171477079837)	(46000, 0.6791171477079837)	(47000, 0.6791171477079837)	(48000, 0.6791171477079831)																
FAY99780_pass_barcode01_98e12ebb_5ad7f319_12 - polya	(1, 0.0)	(2, 0.0)	(3, 0.0)	(4, 0.0)	(5, 0.0)	(6, 0.0)	(7, 0.0)	(8, 0.0)	(9, 0.0)	(10, 0.0)	(2000, 0.06146377893950797)	(4000, 0.21426437640029164)	(6000, 0.34973861090366154)	(8000, 0.37341299477222234)	(10000, 0.37341299477222234)	(12000, 0.42068707991036447)	(14000, 0.49929051530994945)	(16000, 0.5227781926811211)	(18000, 0.5227781926811211)	(20000, 0.5227781926811211)	(22000, 0.5227781926811211)	(24000, 0.5429424943988067)	(26000, 0.597460791635532)	(28000, 0.597460791635532)	(30000, 0.6476848394324247)	(32000, 0.6721433905900044)	(34000, 0.6721433905900044)	(36000, 0.6721433905900044)	(38000, 0.6721433905900044)	(40000, 0.6721433905900044)	(42000, 0.6721433905900044)	(44000, 0.6721433905900044)	(46000, 0.6721433905900044)	(48000, 0.6721433905900044)	(50000, 0.6721433905900044)	(52000, 0.6721433905900044)	(54000, 0.6721433905900044)	(56000, 0.6721433905900044)	(58000, 0.6721433905900044)	(60000, 0.6721433905900044)	(62000, 0.6721433905900044)	(64000, 0.6721433905900044)	(66000, 0.6721433905900044)	(68000, 0.6721433905900044)	(70000, 0.6721433905900044)	(72000, 0.6721433905900044)	(74000, 0.6721433905900044)	(76000, 0.6721433905900015)																										
FAY99780_pass_barcode01_98e12ebb_5ad7f319_12 - polyg	(1, 0.0)	(2, 0.0)	(3, 0.0)	(4, 0.0)	(5, 0.0)	(6, 0.0)	(7, 0.0)	(8, 0.0)	(9, 0.0)	(10, 0.0)	(2000, 0.0)	(4000, 0.0)	(6000, 0.0)	(8000, 0.0)	(10000, 0.0)	(12000, 0.0)	(14000, 0.0)	(16000, 0.0)	(18000, 0.0012696041822255403)	(20000, 0.0746825989544415)	(22000, 0.0746825989544415)	(24000, 0.0746825989544415)	(26000, 0.0746825989544415)	(28000, 0.0746825989544415)	(30000, 0.0746825989544415)	(32000, 0.09843166542195436)	(34000, 0.149365197908883)	(36000, 0.149365197908883)	(38000, 0.149365197908883)	(40000, 0.149365197908883)	(42000, 0.149365197908883)	(44000, 0.149365197908883)	(46000, 0.149365197908883)	(48000, 0.149365197908883)	(50000, 0.149365197908883)	(52000, 0.149365197908883)	(54000, 0.149365197908883)	(56000, 0.149365197908883)	(58000, 0.149365197908883)	(60000, 0.149365197908883)	(62000, 0.149365197908883)	(64000, 0.149365197908883)	(66000, 0.149365197908883)	(68000, 0.149365197908883)	(70000, 0.149365197908883)	(72000, 0.149365197908883)	(74000, 0.149365197908883)	(76000, 0.14936519790888644)																										
FAY99780_pass_barcode01_98e12ebb_5ad7f319_120 - polya	(1, 0.0)	(2, 0.0)	(3, 0.0)	(4, 0.0)	(5, 0.0)	(6, 0.0)	(7, 0.0)	(8, 0.0)	(9, 0.0)	(10, 0.13417783361250818)	(2000, 0.20642361111111246)	(4000, 0.34722222222221294)	(6000, 0.34722222222221294)	(8000, 0.34722222222221294)	(10000, 0.4488715277777897)	(12000, 0.6010416666666559)	(14000, 0.6944444444444259)	(16000, 0.6944444444444259)	(18000, 0.6944444444444259)	(20000, 0.6944444444444259)	(22000, 0.6944444444444259)	(24000, 0.6944444444444259)	(26000, 0.6944444444444259)	(28000, 0.6944444444444259)	(30000, 0.6944444444444259)	(32000, 0.6944444444444259)	(34000, 0.6944444444444259)	(36000, 0.6944444444444259)	(38000, 0.747135416666701)	(40000, 0.8680555555555906)	(42000, 0.8680555555555906)	(44000, 0.8680555555555906)	(46000, 0.9453993055555799)	(48000, 1.2503472222222176)	(50000, 1.3888888888888518)	(52000, 1.3888888888888518)	(54000, 1.3888888888888518)	(56000, 1.3888888888888518)	(58000, 1.3888888888888518)	(60000, 1.3888888888888518)	(62000, 1.3888888888888518)	(64000, 1.3888888888888518)	(66000, 1.3888888888888518)	(68000, 1.3888888888888518)	(70000, 1.3888888888888518)	(72000, 1.538281250000001)	(74000, 1.5625)	(76000, 1.5625)	(78000, 1.5625)	(80000, 1.5625)	(82000, 1.5625)	(84000, 1.5625)	(86000, 1.5625)	(88000, 1.5625)	(90000, 1.5625)	(92000, 1.5625)	(94000, 1.5625)	(96000, 1.5625)	(98000, 1.5625)	(100000, 1.5625)	(102000, 1.5625)													
FAY99780_pass_barcode01_98e12ebb_5ad7f319_120 - polyg	(1, 0.0)	(2, 0.0)	(3, 0.0)	(4, 0.0)	(5, 0.0)	(6, 0.0)	(7, 0.0)	(8, 0.0)	(9, 0.0)	(10, 0.0)	(2000, 0.0)	(4000, 0.0)	(6000, 0.0)	(8000, 0.0)	(10000, 0.0)	(12000, 0.07456597222222325)	(14000, 0.24062500000000403)	(16000, 0.34722222222221294)	(18000, 0.34722222222221294)	(20000, 0.34722222222221294)	(22000, 0.34722222222221294)	(24000, 0.34722222222221294)	(26000, 0.34722222222221294)	(28000, 0.34722222222221294)	(30000, 0.34722222222221294)	(32000, 0.34722222222221294)	(34000, 0.34722222222221294)	(36000, 0.34722222222221294)	(38000, 0.34722222222221294)	(40000, 0.34722222222221294)	(42000, 0.34722222222221294)	(44000, 0.3970486111111249)	(46000, 0.520833333333347)	(48000, 0.520833333333347)	(50000, 0.520833333333347)	(52000, 0.520833333333347)	(54000, 0.520833333333347)	(56000, 0.520833333333347)	(58000, 0.520833333333347)	(60000, 0.520833333333347)	(62000, 0.520833333333347)	(64000, 0.520833333333347)	(66000, 0.520833333333347)	(68000, 0.520833333333347)	(70000, 0.520833333333347)	(72000, 0.520833333333347)	(74000, 0.520833333333347)	(76000, 0.520833333333347)	(78000, 0.520833333333347)	(80000, 0.520833333333347)	(82000, 0.520833333333347)	(84000, 0.520833333333347)	(86000, 0.520833333333347)	(88000, 0.520833333333347)	(90000, 0.520833333333347)	(92000, 0.520833333333347)	(94000, 0.520833333333347)	(96000, 0.520833333333347)	(98000, 0.520833333333347)	(100000, 0.520833333333347)	(102000, 0.5208333333333296)													
FAY99780_pass_barcode01_98e12ebb_5ad7f319_121 - polya	(1, 0.0)	(2, 0.0)	(3, 0.0)	(4, 0.0)	(5, 0.0)	(6, 0.0)	(7, 0.0)	(8, 0.0)	(9, 0.0)	(10, 0.0)	(1000, 0.04442344045368604)	(2000, 0.26786389413988543)	(3000, 0.3780718336483916)	(4000, 0.3780718336483916)	(5000, 0.3780718336483916)	(6000, 0.3780718336483916)	(7000, 0.3780718336483916)	(8000, 0.3780718336483916)	(9000, 0.3780718336483916)	(10000, 0.3867674858223046)	(11000, 0.5671077504725874)	(12000, 0.5671077504725874)	(13000, 0.5671077504725874)	(14000, 0.5671077504725874)	(15000, 0.5671077504725874)	(16000, 0.5671077504725874)	(17000, 0.7277882797731539)	(18000, 0.7561436672967832)	(19000, 0.7561436672967832)	(20000, 0.7561436672967832)	(21000, 0.7561436672967832)	(22000, 0.7561436672967832)	(23000, 0.7561436672967832)	(24000, 0.7561436672967832)	(25000, 0.7561436672967832)	(26000, 0.7561436672967832)	(27000, 0.7561436672967832)	(28000, 0.8676748582230587)	(29000, 1.1342155009451749)	(30000, 1.1342155009451749)	(31000, 1.242533081285439)	(32000, 1.3232514177693706)	(33000, 1.3232514177693706)	(34000, 1.3232514177693706)	(35000, 1.3232514177693706)	(36000, 1.3232514177693706)	(37000, 1.3232514177693706)	(38000, 1.3232514177693706)	(39000, 1.3232514177693706)	(40000, 1.3232514177693706)	(41000, 1.3232514177693706)	(42000, 1.3232514177693706)	(43000, 1.3232514177693706)	(44000, 1.3232514177693706)	(45000, 1.3232514177693706)	(46000, 1.3232514177693706)	(47000, 1.3232514177693706)																	
FAY99780_pass_barcode01_98e12ebb_5ad7f319_121 - polyg	(1, 0.0)	(2, 0.0)	(3, 0.0)	(4, 0.0)	(5, 0.0)	(6, 0.0)	(7, 0.0)	(8, 0.0)	(9, 0.0)	(10, 0.0)	(1000, 0.0)	(2000, 0.0)	(3000, 0.0)	(4000, 0.0)	(5000, 0.0)	(6000, 0.0)	(7000, 0.0)	(8000, 0.0)	(9000, 0.0)	(10000, 0.0)	(11000, 0.0)	(12000, 0.0)	(13000, 0.0)	(14000, 0.0)	(15000, 0.0)	(16000, 0.0)	(17000, 0.0)	(18000, 0.0)	(19000, 0.0)	(20000, 0.0)	(21000, 0.0)	(22000, 0.0)	(23000, 0.0)	(24000, 0.0)	(25000, 0.0)	(26000, 0.0)	(27000, 0.0)	(28000, 0.0)	(29000, 0.0)	(30000, 0.0)	(31000, 0.10075614366729638)	(32000, 0.1890359168241958)	(33000, 0.1890359168241958)	(34000, 0.1890359168241958)	(35000, 0.1890359168241958)	(36000, 0.1890359168241958)	(37000, 0.1890359168241958)	(38000, 0.1890359168241958)	(39000, 0.1890359168241958)	(40000, 0.1890359168241958)	(41000, 0.1890359168241958)	(42000, 0.1890359168241958)	(43000, 0.1890359168241958)	(44000, 0.1890359168241958)	(45000, 0.1890359168241958)	(46000, 0.1890359168241958)	(47000, 0.18903591682419582)																	
FAY99780_pass_barcode01_98e12ebb_5ad7f319_122 - polya	(1, 0.0)	(2, 0.0)	(3, 0.0)	(4, 0.0)	(5, 0.0)	(6, 0.0)	(7, 0.0)	(8, 0.0)	(9, 0.0)	(10, 0.0)	(1000, 0.0)	(2000, 0.0)	(3000, 0.0)	(4000, 0.19637096774193186)	(5000, 0.20161290322580247)	(6000, 0.20262096774193158)	(7000, 0.5917338709677502)	(8000, 0.604838709677428)	(9000, 0.7639112903225675)	(10000, 0.8064516129032099)	(11000, 0.8064516129032099)	(12000, 0.8064516129032099)	(13000, 0.8064516129032099)	(14000, 0.94596774193548)	(15000, 1.0080645161290263)	(16000, 1.0080645161290263)	(17000, 1.0080645161290263)	(18000, 1.0080645161290263)	(19000, 1.0080645161290263)	(20000, 1.0080645161290263)	(21000, 1.1915322580645331)	(22000, 1.209677419354856)	(23000, 1.209677419354856)	(24000, 1.209677419354856)	(25000, 1.209677419354856)	(26000, 1.209677419354856)	(27000, 1.209677419354856)	(28000, 1.209677419354856)	(29000, 1.209677419354856)	(30000, 1.209677419354856)	(31000, 1.209677419354856)	(32000, 1.209677419354856)	(33000, 1.209677419354856)	(34000, 1.209677419354856)	(35000, 1.209677419354856)	(36000, 1.209677419354856)	(37000, 1.209677419354856)	(38000, 1.209677419354856)	(39000, 1.209677419354856)	(40000, 1.209677419354856)	(41000, 1.209677419354856)	(42000, 1.209677419354856)	(43000, 1.209677419354856)	(44000, 1.209677419354856)	(45000, 1.209677419354856)	(46000, 1.209677419354856)	(47000, 1.209677419354856)	(48000, 1.209677419354856)	(49000, 1.209677419354856)	(50000, 1.209677419354856)	(51000, 1.209677419354856)	(52000, 1.2096774193548467)												
FAY99780_pass_barcode01_98e12ebb_5ad7f319_122 - polyg	(1, 0.0)	(2, 0.0)	(3, 0.0)	(4, 0.0)	(5, 0.0)	(6, 0.0)	(7, 0.0)	(8, 0.0)	(9, 0.0)	(10, 0.0)	(1000, 0.0)	(2000, 0.0)	(3000, 0.0)	(4000, 0.0)	(5000, 0.0)	(6000, 0.0)	(7000, 0.0)	(8000, 0.0)	(9000, 0.0)	(10000, 0.0)	(11000, 0.0)	(12000, 0.0)	(13000, 0.0)	(14000, 0.17177419354838502)	(15000, 0.20161290322580247)	(16000, 0.20161290322580247)	(17000, 0.20161290322580247)	(18000, 0.20161290322580247)	(19000, 0.20161290322580247)	(20000, 0.20161290322580247)	(21000, 0.364314516129027)	(22000, 0.40322580645160494)	(23000, 0.40322580645160494)	(24000, 0.40322580645160494)	(25000, 0.40322580645160494)	(26000, 0.40322580645160494)	(27000, 0.40322580645160494)	(28000, 0.40322580645160494)	(29000, 0.40322580645160494)	(30000, 0.40322580645160494)	(31000, 0.40322580645160494)	(32000, 0.40322580645160494)	(33000, 0.40322580645160494)	(34000, 0.40322580645160494)	(35000, 0.40322580645160494)	(36000, 0.40322580645160494)	(37000, 0.40322580645160494)	(38000, 0.40322580645160494)	(39000, 0.40322580645160494)	(40000, 0.40322580645160494)	(41000, 0.40322580645160494)	(42000, 0.40322580645160494)	(43000, 0.40322580645160494)	(44000, 0.40322580645160494)	(45000, 0.40322580645160494)	(46000, 0.40322580645160494)	(47000, 0.40322580645160494)	(48000, 0.40322580645160494)	(49000, 0.40322580645160494)	(50000, 0.40322580645160494)	(51000, 0.40322580645160494)	(52000, 0.40322580645161366)												
FAY99780_pass_barcode01_98e12ebb_5ad7f319_123 - polya	(1, 0.0)	(2, 0.0)	(3, 0.0)	(4, 0.0)	(5, 0.0)	(6, 0.0)	(7, 0.0)	(8, 0.0)	(9, 0.0)	(10, 0.0)	(1000, 0.0)	(2000, 0.0)	(3000, 0.0)	(4000, 0.0)	(5000, 0.0)	(6000, 0.0)	(7000, 0.0)	(8000, 0.0)	(9000, 0.0)	(10000, 0.0)	(11000, 0.0)	(12000, 0.0)	(13000, 0.0)	(14000, 0.0)	(15000, 0.09819819819819885)	(16000, 0.26126126126126153)	(17000, 0.4504504504504454)	(18000, 0.5103603603603605)	(19000, 0.6756756756756633)	(20000, 0.6756756756756633)	(21000, 0.8842342342342249)	(22000, 0.9009009009008908)	(23000, 0.9009009009008908)	(24000, 0.9009009009008908)	(25000, 0.9009009009008908)	(26000, 0.9009009009008908)	(27000, 0.9009009009008908)	(28000, 0.9009009009008908)	(29000, 0.9722972972972934)	(30000, 1.1261261261261148)	(31000, 1.1261261261261148)	(32000, 1.1261261261261148)	(33000, 1.1261261261261148)	(34000, 1.1261261261261148)	(35000, 1.1261261261261148)	(36000, 1.1261261261261148)	(37000, 1.1261261261261148)	(38000, 1.1261261261261148)	(39000, 1.1261261261261148)	(40000, 1.1261261261261148)	(41000, 1.1261261261261148)	(42000, 1.1261261261261148)	(43000, 1.2490990990990793)	(44000, 1.3513513513513267)	(45000, 1.3513513513513267)	(46000, 1.3513513513513542)																		
FAY99780_pass_barcode01_98e12ebb_5ad7f319_124 - polya	(1, 0.0)	(2, 0.0)	(3, 0.0)	(4, 0.0)	(5, 0.0)	(6, 0.0)	(7, 0.0)	(8, 0.0)	(9, 0.0)	(10, 0.14199503017394333)	(1000, 0.15974440894568773)	(2000, 0.15974440894568773)	(3000, 0.15974440894568773)	(4000, 0.18642172523961464)	(5000, 0.31948881789137545)	(6000, 0.31948881789137545)	(7000, 0.4241214057507923)	(8000, 0.479233226837053)	(9000, 0.512140575079867)	(10000, 0.6389776357827509)	(11000, 0.7678913738019)	(12000, 0.7987220447284153)	(13000, 0.7987220447284153)	(14000, 0.7987220447284153)	(15000, 0.8191693290734647)	(16000, 0.958466453674106)	(17000, 0.958466453674106)	(18000, 0.958466453674106)	(19000, 0.958466453674106)	(20000, 1.1138977635782714)	(21000, 1.1182108626198053)	(22000, 1.1182108626198053)	(23000, 1.1835463258786005)	(24000, 1.2779552715655018)	(25000, 1.2779552715655018)	(26000, 1.3244408945686783)	(27000, 1.5974440894568307)	(28000, 1.5974440894568307)	(29000, 1.5974440894568307)	(30000, 1.5974440894568307)	(31000, 1.5974440894568307)	(32000, 1.5974440894568307)	(33000, 1.5974440894568307)	(34000, 1.5974440894568307)	(35000, 1.5974440894568307)	(36000, 1.5974440894568307)	(37000, 1.5974440894568307)	(38000, 1.7175718849839918)	(39000, 1.7905750798721727)	(40000, 1.916932907348212)	(41000, 1.916932907348212)	(42000, 1.916932907348212)	(43000, 1.916932907348212)	(44000, 1.916932907348212)	(45000, 1.916932907348212)	(46000, 1.916932907348212)	(47000, 1.916932907348212)	(48000, 1.916932907348212)	(49000, 1.916932907348259)															
FAY99780_pass_barcode01_98e12ebb_5ad7f319_125 - polya	(1, 0.0)	(2, 0.0)	(3, 0.0)	(4, 0.0)	(5, 0.0)	(6, 0.0)	(7, 0.0)	(8, 0.0)	(9, 0.0)	(10, 0.09110682246426882)	(5000, 0.27135135135132576)	(10000, 0.4644381223328239)	(15000, 0.6773257467995057)	(20000, 0.7112375533428932)	(25000, 0.9519203413940682)	(30000, 0.9957325746799875)	(35000, 0.9957325746799875)	(40000, 0.9957325746799875)	(45000, 0.9957325746799875)	(50000, 1.2009957325745546)	(55000, 1.28022759601692)	(60000, 1.28022759601692)	(65000, 1.28022759601692)	(70000, 1.28022759601692)	(75000, 1.28022759601692)	(80000, 1.28022759601692)	(85000, 1.28022759601692)	(90000, 1.28022759601692)	(95000, 1.28022759601692)	(100000, 1.28022759601692)	(105000, 1.28022759601692)	(110000, 1.28022759601692)	(115000, 1.28022759601692)	(120000, 1.28022759601692)	(125000, 1.28022759601692)	(130000, 1.2802275960170229)																																						
FAY99780_pass_barcode01_98e12ebb_5ad7f319_125 - polyg	(1, 0.0)	(2, 0.0)	(3, 0.0)	(4, 0.0)	(5, 0.0)	(6, 0.0)	(7, 0.0)	(8, 0.0)	(9, 0.0)	(10, 0.0)	(5000, 0.0)	(10000, 0.0)	(15000, 0.0)	(20000, 0.0)	(25000, 0.22190611664294096)	(30000, 0.28449502133709886)	(35000, 0.28449502133709886)	(40000, 0.28449502133709886)	(45000, 0.28449502133709886)	(50000, 0.28449502133709886)	(55000, 0.28449502133709886)	(60000, 0.28449502133709886)	(65000, 0.28449502133709886)	(70000, 0.28449502133709886)	(75000, 0.28449502133709886)	(80000, 0.28449502133709886)	(85000, 0.28449502133709886)	(90000, 0.28449502133709886)	(95000, 0.28449502133709886)	(100000, 0.28449502133709886)	(105000, 0.28449502133709886)	(110000, 0.28449502133709886)	(115000, 0.28449502133709886)	(120000, 0.28449502133709886)	(125000, 0.28449502133709886)	(130000, 0.28449502133710575)																																						
FAY99780_pass_barcode01_98e12ebb_5ad7f319_126 - polya	(1, 0.0)	(2, 0.0)	(3, 0.0)	(4, 0.0)	(5, 0.0)	(6, 0.0)	(7, 0.0)	(8, 0.0)	(9, 0.0)	(10, 0.0)	(1000, 0.0)	(2000, 0.03213114754098374)	(3000, 0.16393442622950521)	(4000, 0.16393442622950521)	(5000, 0.16393442622950521)	(6000, 0.16393442622950521)	(7000, 0.16393442622950521)	(8000, 0.16393442622950521)	(9000, 0.16393442622950521)	(10000, 0.16393442622950521)	(11000, 0.16393442622950521)	(12000, 0.26655737704917665)	(13000, 0.7598360655737536)	(14000, 0.8196721311475219)	(15000, 0.8196721311475219)	(16000, 0.8196721311475219)	(17000, 0.8196721311475219)	(18000, 0.8196721311475219)	(19000, 0.8614754098360451)	(20000, 0.9836065573770383)	(21000, 1.0527868852458913)	(22000, 1.1475409836065509)	(23000, 1.1475409836065509)	(24000, 1.1475409836065509)	(25000, 1.1475409836065509)	(26000, 1.1475409836065509)	(27000, 1.1475409836065509)	(28000, 1.1475409836065509)	(29000, 1.1475409836065509)	(30000, 1.1475409836065509)	(31000, 1.1475409836065509)	(32000, 1.1475409836065509)	(33000, 1.1475409836065509)	(34000, 1.1475409836065509)	(35000, 1.1475409836065509)	(36000, 1.1475409836065509)	(37000, 1.1475409836065509)	(38000, 1.1475409836065509)	(39000, 1.1475409836065509)	(40000, 1.2608196721311242)	(41000, 1.3114754098360417)	(42000, 1.3114754098360417)	(43000, 1.3114754098360417)	(44000, 1.3114754098360417)	(45000, 1.3114754098360417)	(46000, 1.3114754098360417)	(47000, 1.3114754098360417)	(48000, 1.3114754098360417)	(49000, 1.3114754098360417)	(50000, 1.3114754098360417)	(51000, 1.3114754098360417)	(52000, 1.3114754098360588)												
FAY99780_pass_barcode01_98e12ebb_5ad7f319_127 - polya	(1, 0.0)	(2, 0.0)	(3, 0.0)	(4, 0.0)	(5, 0.0)	(6, 0.0)	(7, 0.0)	(8, 0.0)	(9, 0.0)	(10, 0.0)	(1000, 0.0)	(2000, 0.0)	(3000, 0.0)	(4000, 0.0)	(5000, 0.0)	(6000, 0.0)	(7000, 0.0)	(8000, 0.17434554973822164)	(9000, 0.1745200698080297)	(10000, 0.1745200698080297)	(11000, 0.1745200698080297)	(12000, 0.1745200698080297)	(13000, 0.1745200698080297)	(14000, 0.1745200698080297)	(15000, 0.1745200698080297)	(16000, 0.1745200698080297)	(17000, 0.33315881326352775)	(18000, 0.468935427574175)	(19000, 0.5235602094240894)	(20000, 0.5235602094240894)	(21000, 0.5235602094240894)	(22000, 0.5235602094240894)	(23000, 0.5986038394415414)	(24000, 0.6980802792321188)	(25000, 0.6980802792321188)	(26000, 0.7261780104711995)	(27000, 0.872600349040121)	(28000, 1.000523560209434)	(29000, 1.0471204188481789)	(30000, 1.0471204188481789)	(31000, 1.0471204188481789)	(32000, 1.0471204188481789)	(33000, 1.0471204188481789)	(34000, 1.0471204188481789)	(35000, 1.0471204188481789)	(36000, 1.0471204188481789)	(37000, 1.0471204188481789)	(38000, 1.0471204188481789)	(39000, 1.0471204188481789)	(40000, 1.0471204188481789)	(41000, 1.0471204188481789)	(42000, 1.0471204188481789)	(43000, 1.0471204188481789)	(44000, 1.0471204188481789)	(45000, 1.0471204188481678)																			
FAY99780_pass_barcode01_98e12ebb_5ad7f319_127 - polyg	(1, 0.0)	(2, 0.0)	(3, 0.0)	(4, 0.0)	(5, 0.0)	(6, 0.0)	(7, 0.0)	(8, 0.0)	(9, 0.0)	(10, 0.0)	(1000, 0.0)	(2000, 0.0)	(3000, 0.0)	(4000, 0.0)	(5000, 0.0)	(6000, 0.0)	(7000, 0.0)	(8000, 0.0)	(9000, 0.0)	(10000, 0.0)	(11000, 0.0)	(12000, 0.0)	(13000, 0.0)	(14000, 0.0)	(15000, 0.0)	(16000, 0.13176265270506)	(17000, 0.1745200698080297)	(18000, 0.1745200698080297)	(19000, 0.1745200698080297)	(20000, 0.1745200698080297)	(21000, 0.1745200698080297)	(22000, 0.1745200698080297)	(23000, 0.1745200698080297)	(24000, 0.1745200698080297)	(25000, 0.1745200698080297)	(26000, 0.21884816753926453)	(27000, 0.3490401396160594)	(28000, 0.4054101221640486)	(29000, 0.5235602094240894)	(30000, 0.5235602094240894)	(31000, 0.5235602094240894)	(32000, 0.5235602094240894)	(33000, 0.5235602094240894)	(34000, 0.5235602094240894)	(35000, 0.5235602094240894)	(36000, 0.5235602094240894)	(37000, 0.5235602094240894)	(38000, 0.5235602094240894)	(39000, 0.5235602094240894)	(40000, 0.5235602094240894)	(41000, 0.5235602094240894)	(42000, 0.5235602094240894)	(43000, 0.5235602094240894)	(44000, 0.5235602094240894)	(45000, 0.5235602094240839)																			
FAY99780_pass_barcode01_98e12ebb_5ad7f319_128 - polya	(1, 0.0)	(2, 0.0)	(3, 0.0)	(4, 0.0)	(5, 0.0)	(6, 0.0)	(7, 0.0)	(8, 0.0)	(9, 0.0)	(10, 0.0)	(1000, 0.0)	(2000, 0.0)	(3000, 0.0)	(4000, 0.0)	(5000, 0.0)	(6000, 0.0)	(7000, 0.0)	(8000, 0.0)	(9000, 0.012523364485981311)	(10000, 0.18691588785046306)	(11000, 0.18691588785046306)	(12000, 0.18691588785046306)	(13000, 0.18691588785046306)	(14000, 0.18691588785046306)	(15000, 0.18691588785046306)	(16000, 0.293271028037377)	(17000, 0.520186915887856)	(18000, 0.5607476635514078)	(19000, 0.5607476635514078)	(20000, 0.5607476635514078)	(21000, 0.5607476635514078)	(22000, 0.5607476635514078)	(23000, 0.5607476635514078)	(24000, 0.5607476635514078)	(25000, 0.5607476635514078)	(26000, 0.5607476635514078)	(27000, 0.5607476635514078)	(28000, 0.5607476635514078)	(29000, 0.5607476635514078)	(30000, 0.5607476635514078)	(31000, 0.5607476635514078)	(32000, 0.5607476635514078)	(33000, 0.5607476635514078)	(34000, 0.5607476635514078)	(35000, 0.5607476635514078)	(36000, 0.5607476635514078)	(37000, 0.5607476635514078)	(38000, 0.5607476635514078)	(39000, 0.5607476635514078)	(40000, 0.5607476635514078)	(41000, 0.5607476635514078)	(42000, 0.5607476635514078)	(43000, 0.5607476635514078)	(44000, 0.5607476635514078)	(45000, 0.5607476635514078)	(46000, 0.5607476635514073)																		
FAY99780_pass_barcode01_98e12ebb_5ad7f319_128 - polyg	(1, 0.0)	(2, 0.0)	(3, 0.0)	(4, 0.0)	(5, 0.0)	(6, 0.0)	(7, 0.0)	(8, 0.0)	(9, 0.0)	(10, 0.0)	(1000, 0.0)	(2000, 0.0)	(3000, 0.0)	(4000, 0.0)	(5000, 0.0)	(6000, 0.0)	(7000, 0.0)	(8000, 0.0)	(9000, 0.0)	(10000, 0.0)	(11000, 0.0)	(12000, 0.0)	(13000, 0.0)	(14000, 0.0)	(15000, 0.01514018691588786)	(16000, 0.18691588785046306)	(17000, 0.3420560747663478)	(18000, 0.3738317757009261)	(19000, 0.3738317757009261)	(20000, 0.3738317757009261)	(21000, 0.3738317757009261)	(22000, 0.3738317757009261)	(23000, 0.3738317757009261)	(24000, 0.3738317757009261)	(25000, 0.3738317757009261)	(26000, 0.3738317757009261)	(27000, 0.3738317757009261)	(28000, 0.3738317757009261)	(29000, 0.3738317757009261)	(30000, 0.3738317757009261)	(31000, 0.3738317757009261)	(32000, 0.3738317757009261)	(33000, 0.3738317757009261)	(34000, 0.3738317757009261)	(35000, 0.3738317757009261)	(36000, 0.3738317757009261)	(37000, 0.3738317757009261)	(38000, 0.3738317757009261)	(39000, 0.3738317757009261)	(40000, 0.3738317757009261)	(41000, 0.3738317757009261)	(42000, 0.3738317757009261)	(43000, 0.3738317757009261)	(44000, 0.3738317757009261)	(45000, 0.3738317757009261)	(46000, 0.3738317757009274)																		
FAY99780_pass_barcode01_98e12ebb_5ad7f319_129 - polya	(1, 0.0)	(2, 0.0)	(3, 0.0)	(4, 0.0)	(5, 0.0)	(6, 0.0)	(7, 0.0)	(8, 0.0)	(9, 0.0)	(10, 0.0)	(1000, 0.1483394833948321)	(2000, 0.19243542435424058)	(3000, 0.36900369003689487)	(4000, 0.36900369003689487)	(5000, 0.36900369003689487)	(6000, 0.36900369003689487)	(7000, 0.5470479704797155)	(8000, 0.5535055350553615)	(9000, 0.5535055350553615)	(10000, 0.5535055350553615)	(11000, 0.5535055350553615)	(12000, 0.731918819188181)	(13000, 0.7380073800737897)	(14000, 0.7964944649446284)	(15000, 0.9225092250922301)	(16000, 0.9225092250922301)	(17000, 0.9225092250922301)	(18000, 0.9225092250922301)	(19000, 0.9225092250922301)	(20000, 0.9738007380073816)	(21000, 1.107011070110723)	(22000, 1.2728782287823055)	(23000, 1.2915129151291707)	(24000, 1.2915129151291707)	(25000, 1.2915129151291707)	(26000, 1.2915129151291707)	(27000, 1.2955719557195733)	(28000, 1.4760147601475795)	(29000, 1.4760147601475795)	(30000, 1.4760147601475795)	(31000, 1.4760147601475795)	(32000, 1.4760147601475795)	(33000, 1.4760147601475795)	(34000, 1.6396678966789928)	(35000, 1.6605166051660778)	(36000, 1.6605166051660778)	(37000, 1.6605166051660778)	(38000, 1.6605166051660778)	(39000, 1.6605166051660778)	(40000, 1.6605166051660778)	(41000, 1.6605166051660778)	(42000, 1.6605166051660778)	(43000, 1.6605166051660778)	(44000, 1.6605166051660778)	(45000, 1.6605166051660778)	(46000, 1.6605166051660778)	(47000, 1.6605166051660778)	(48000, 1.6605166051660663)																
FAY99780_pass_barcode01_98e12ebb_5ad7f319_129 - polyg	(1, 0.0)	(2, 0.0)	(3, 0.0)	(4, 0.0)	(5, 0.0)	(6, 0.0)	(7, 0.0)	(8, 0.0)	(9, 0.0)	(10, 0.0)	(1000, 0.0)	(2000, 0.0)	(3000, 0.0)	(4000, 0.0)	(5000, 0.0)	(6000, 0.0)	(7000, 0.0)	(8000, 0.0)	(9000, 0.0)	(10000, 0.0)	(11000, 0.0)	(12000, 0.0)	(13000, 0.0)	(14000, 0.13376383763837493)	(15000, 0.18450184501844744)	(16000, 0.18450184501844744)	(17000, 0.18450184501844744)	(18000, 0.18450184501844744)	(19000, 0.18450184501844744)	(20000, 0.18450184501844744)	(21000, 0.18450184501844744)	(22000, 0.3367158671586668)	(23000, 0.36900369003689487)	(24000, 0.44760147601476474)	(25000, 0.5535055350553615)	(26000, 0.5535055350553615)	(27000, 0.5535055350553615)	(28000, 0.5535055350553615)	(29000, 0.5535055350553615)	(30000, 0.5535055350553615)	(31000, 0.5535055350553615)	(32000, 0.5535055350553615)	(33000, 0.5535055350553615)	(34000, 0.6776752767527592)	(35000, 0.7380073800737897)	(36000, 0.7380073800737897)	(37000, 0.7380073800737897)	(38000, 0.7380073800737897)	(39000, 0.7380073800737897)	(40000, 0.7380073800737897)	(41000, 0.7380073800737897)	(42000, 0.7380073800737897)	(43000, 0.7380073800737897)	(44000, 0.7380073800737897)	(45000, 0.7380073800737897)	(46000, 0.7380073800737897)	(47000, 0.7380073800737897)	(48000, 0.7380073800737953)																
FAY99780_pass_barcode01_98e12ebb_5ad7f319_13 - polya	(1, 0.0)	(2, 0.0)	(3, 0.0)	(4, 0.0)	(5, 0.0)	(6, 0.0)	(7, 0.0)	(8, 0.0)	(9, 0.0)	(10, 0.07146621551310323)	(2000, 0.21349365397461978)	(4000, 0.2672010688042846)	(6000, 0.36382765531062244)	(8000, 0.5240480961924009)	(10000, 0.6012024048096284)	(12000, 0.7221776887107366)	(14000, 0.8016032064128368)	(16000, 0.8016032064128368)	(18000, 0.8095524382097511)	(20000, 0.8684034736138665)	(22000, 0.8684034736138665)	(24000, 0.8684034736138665)	(26000, 0.9109886439545999)	(28000, 0.935203740814991)	(30000, 0.935203740814991)	(32000, 0.9767535070140079)	(34000, 1.0020040080160124)	(36000, 1.0020040080160124)	(38000, 1.0020040080160124)	(40000, 1.0020040080160124)	(42000, 1.0020040080160124)	(44000, 1.0314629258517363)	(46000, 1.0768203072812537)	(48000, 1.135604542418153)	(50000, 1.135604542418153)	(52000, 1.135604542418153)	(54000, 1.135604542418153)	(56000, 1.135604542418153)	(58000, 1.135604542418153)	(60000, 1.135604542418153)	(62000, 1.1686706746827136)	(64000, 1.2024048096192568)	(66000, 1.2024048096192568)	(68000, 1.2024048096192568)	(70000, 1.2024048096192568)	(72000, 1.2024048096192568)	(74000, 1.2024048096192568)	(76000, 1.2024048096192568)	(78000, 1.2024048096192568)	(80000, 1.2024048096192568)	(82000, 1.2024048096192568)	(84000, 1.2024048096192568)	(86000, 1.2024048096192568)	(88000, 1.2024048096192568)	(90000, 1.2024048096192568)	(92000, 1.2024048096192568)	(94000, 1.2024048096192568)	(96000, 1.2024048096192568)	(98000, 1.2024048096192568)	(100000, 1.2024048096192568)	(102000, 1.2024048096192568)	(104000, 1.2024048096192568)	(106000, 1.2024048096192568)	(108000, 1.2024048096192568)	(110000, 1.2024048096192568)	(112000, 1.2024048096192568)	(114000, 1.2024048096192568)	(116000, 1.2024048096192568)	(118000, 1.2024048096192568)	(120000, 1.2024048096192568)	(122000, 1.2024048096192599)			
FAY99780_pass_barcode01_98e12ebb_5ad7f319_130 - polya	(1, 0.0)	(2, 0.0)	(3, 0.0)	(4, 0.0)	(5, 0.0)	(6, 0.0)	(7, 0.0)	(8, 0.0)	(9, 0.0)	(10, 0.0)	(2000, 0.0)	(4000, 0.3035958904109671)	(6000, 0.6849315068493353)	(8000, 0.7795376712329022)	(10000, 0.8561643835616745)	(12000, 0.9047945205479785)	(14000, 1.0375000000000398)	(16000, 1.3952910958903977)	(18000, 1.541095890410936)	(20000, 1.650342465753484)	(22000, 1.712328767123349)	(24000, 1.788527397260247)	(26000, 1.883561643835585)	(28000, 1.883561643835585)	(30000, 1.883561643835585)	(32000, 1.883561643835585)	(34000, 1.9648972602740493)	(36000, 2.0547945205480285)	(38000, 2.0547945205480285)	(40000, 2.0547945205480285)	(42000, 2.0547945205480285)	(44000, 2.0547945205480285)	(46000, 2.0547945205480285)	(48000, 2.0547945205480285)	(50000, 2.0547945205480285)	(52000, 2.0547945205480285)	(54000, 2.0547945205480285)	(56000, 2.0547945205480285)	(58000, 2.0547945205480285)	(60000, 2.0547945205480285)	(62000, 2.121660958904123)	(64000, 2.2260273972602302)	(66000, 2.2260273972602302)	(68000, 2.2260273972602302)	(70000, 2.3708047945205415)	(72000, 2.3972602739725932)	(74000, 2.3972602739725932)	(76000, 2.3972602739725932)	(78000, 2.3972602739726243)																									
FAY99780_pass_barcode01_98e12ebb_5ad7f319_130 - polyg	(1, 0.0)	(2, 0.0)	(3, 0.0)	(4, 0.0)	(5, 0.0)	(6, 0.0)	(7, 0.0)	(8, 0.0)	(9, 0.0)	(10, 0.16753286982859988)	(2000, 0.17123287671233384)	(4000, 0.28955479452055466)	(6000, 0.3424657534246677)	(8000, 0.3424657534246677)	(10000, 0.3424657534246677)	(12000, 0.3424657534246677)	(14000, 0.3424657534246677)	(16000, 0.3424657534246677)	(18000, 0.3424657534246677)	(20000, 0.3424657534246677)	(22000, 0.3424657534246677)	(24000, 0.431250000000015)	(26000, 0.5136986301370071)	(28000, 0.5136986301370071)	(30000, 0.5136986301370071)	(32000, 0.5136986301370071)	(34000, 0.5136986301370071)	(36000, 0.5136986301370071)	(38000, 0.5136986301370071)	(40000, 0.5136986301370071)	(42000, 0.5136986301370071)	(44000, 0.5136986301370071)	(46000, 0.5136986301370071)	(48000, 0.5136986301370071)	(50000, 0.5136986301370071)	(52000, 0.5136986301370071)	(54000, 0.5136986301370071)	(56000, 0.5136986301370071)	(58000, 0.5136986301370071)	(60000, 0.5136986301370071)	(62000, 0.5136986301370071)	(64000, 0.5136986301370071)	(66000, 0.5136986301370071)	(68000, 0.5136986301370071)	(70000, 0.5136986301370071)	(72000, 0.5136986301370071)	(74000, 0.5136986301370071)	(76000, 0.5136986301370071)	(78000, 0.5136986301370039)																									
FAY99780_pass_barcode01_98e12ebb_5ad7f319_131 - polya	(1, 0.0)	(2, 0.0)	(3, 0.0)	(4, 0.0)	(5, 0.0)	(6, 0.0)	(7, 0.0)	(8, 0.0)	(9, 0.0)	(10, 0.0)	(1000, 0.0)	(2000, 0.1404214559386981)	(3000, 0.401724137931036)	(4000, 0.7189655172413862)	(5000, 0.7662835249042227)	(6000, 0.7662835249042227)	(7000, 0.7662835249042227)	(8000, 0.7662835249042227)	(9000, 0.7662835249042227)	(10000, 0.7662835249042227)	(11000, 0.7662835249042227)	(12000, 0.7662835249042227)	(13000, 0.7662835249042227)	(14000, 0.7662835249042227)	(15000, 0.8367816091954202)	(16000, 0.9578544061302845)	(17000, 1.0950191570881058)	(18000, 1.1494252873563007)	(19000, 1.1494252873563007)	(20000, 1.1494252873563007)	(21000, 1.1494252873563007)	(22000, 1.328352490421472)	(23000, 1.3409961685823928)	(24000, 1.3409961685823928)	(25000, 1.5101532567049967)	(26000, 1.5325670498084454)	(27000, 1.5325670498084454)	(28000, 1.5325670498084454)	(29000, 1.5325670498084454)	(30000, 1.5325670498084454)	(31000, 1.5325670498084454)	(32000, 1.5325670498084454)	(33000, 1.5325670498084454)	(34000, 1.5325670498084454)	(35000, 1.5325670498084454)	(36000, 1.5325670498084454)	(37000, 1.5325670498084454)	(38000, 1.5325670498084454)	(39000, 1.5325670498084454)	(40000, 1.5637931034482786)	(41000, 1.7241379310344709)	(42000, 1.7241379310344709)	(43000, 1.7241379310344709)	(44000, 1.7241379310344709)	(45000, 1.7241379310344709)	(46000, 1.7241379310344709)	(47000, 1.7241379310344709)	(48000, 1.7241379310344709)	(49000, 1.7241379310344787)															
FAY99780_pass_barcode01_98e12ebb_5ad7f319_131 - polyg	(1, 0.0)	(2, 0.0)	(3, 0.0)	(4, 0.0)	(5, 0.0)	(6, 0.0)	(7, 0.0)	(8, 0.0)	(9, 0.0)	(10, 0.0)	(1000, 0.0)	(2000, 0.042911877394636096)	(3000, 0.19157088122605567)	(4000, 0.19157088122605567)	(5000, 0.19157088122605567)	(6000, 0.19157088122605567)	(7000, 0.19157088122605567)	(8000, 0.19157088122605567)	(9000, 0.19157088122605567)	(10000, 0.19157088122605567)	(11000, 0.19157088122605567)	(12000, 0.19157088122605567)	(13000, 0.19157088122605567)	(14000, 0.19157088122605567)	(15000, 0.19157088122605567)	(16000, 0.19157088122605567)	(17000, 0.19157088122605567)	(18000, 0.19157088122605567)	(19000, 0.19157088122605567)	(20000, 0.19157088122605567)	(21000, 0.19157088122605567)	(22000, 0.19157088122605567)	(23000, 0.19157088122605567)	(24000, 0.19157088122605567)	(25000, 0.35363984674329857)	(26000, 0.38314176245211135)	(27000, 0.38314176245211135)	(28000, 0.38314176245211135)	(29000, 0.38314176245211135)	(30000, 0.38314176245211135)	(31000, 0.38314176245211135)	(32000, 0.38314176245211135)	(33000, 0.38314176245211135)	(34000, 0.38314176245211135)	(35000, 0.38314176245211135)	(36000, 0.38314176245211135)	(37000, 0.38314176245211135)	(38000, 0.38314176245211135)	(39000, 0.38314176245211135)	(40000, 0.38314176245211135)	(41000, 0.38314176245211135)	(42000, 0.38314176245211135)	(43000, 0.38314176245211135)	(44000, 0.38314176245211135)	(45000, 0.38314176245211135)	(46000, 0.38314176245211135)	(47000, 0.38314176245211135)	(48000, 0.38314176245211135)	(49000, 0.3831417624521067)															
FAY99780_pass_barcode01_98e12ebb_5ad7f319_132 - polya	(1, 0.0)	(2, 0.0)	(3, 0.0)	(4, 0.0)	(5, 0.0)	(6, 0.0)	(7, 0.0)	(8, 0.0)	(9, 0.0)	(10, 0.0)	(1000, 0.0)	(2000, 0.0)	(3000, 0.0)	(4000, 0.0)	(5000, 0.0)	(6000, 0.0)	(7000, 0.0)	(8000, 0.0)	(9000, 0.0)	(10000, 0.0)	(11000, 0.0)	(12000, 0.0)	(13000, 0.23475609756097948)	(14000, 0.30487804878049324)	(15000, 0.30487804878049324)	(16000, 0.30487804878049324)	(17000, 0.30487804878049324)	(18000, 0.30487804878049324)	(19000, 0.30487804878049324)	(20000, 0.30487804878049324)	(21000, 0.30487804878049324)	(22000, 0.30487804878049324)	(23000, 0.30487804878049324)	(24000, 0.30487804878049324)	(25000, 0.30487804878049324)	(26000, 0.30487804878049324)	(27000, 0.4957317073170826)	(28000, 0.6097560975609865)	(29000, 0.6097560975609865)	(30000, 0.6097560975609865)	(31000, 0.6097560975609865)	(32000, 0.6097560975609865)	(33000, 0.6097560975609865)	(34000, 0.6097560975609865)	(35000, 0.6097560975609865)	(36000, 0.6097560975609865)	(37000, 0.6097560975609865)	(38000, 0.6097560975609865)	(39000, 0.6097560975609865)	(40000, 0.6097560975609865)	(41000, 0.6097560975609865)	(42000, 0.6097560975609865)	(43000, 0.6097560975609865)	(44000, 0.6097560975609865)	(45000, 0.6097560975609865)	(46000, 0.6097560975609865)	(47000, 0.6097560975609865)	(48000, 0.6097560975609865)	(49000, 0.6097560975609834)															
FAY99780_pass_barcode01_98e12ebb_5ad7f319_132 - polyg	(1, 0.0)	(2, 0.0)	(3, 0.0)	(4, 0.0)	(5, 0.0)	(6, 0.0)	(7, 0.0)	(8, 0.0)	(9, 0.0)	(10, 0.0)	(1000, 0.0)	(2000, 0.0)	(3000, 0.0)	(4000, 0.0)	(5000, 0.0)	(6000, 0.0)	(7000, 0.0)	(8000, 0.0)	(9000, 0.0)	(10000, 0.0)	(11000, 0.0)	(12000, 0.0)	(13000, 0.1914634146341492)	(14000, 0.30487804878049324)	(15000, 0.30487804878049324)	(16000, 0.30487804878049324)	(17000, 0.30487804878049324)	(18000, 0.30487804878049324)	(19000, 0.30487804878049324)	(20000, 0.30487804878049324)	(21000, 0.30487804878049324)	(22000, 0.30487804878049324)	(23000, 0.30487804878049324)	(24000, 0.30487804878049324)	(25000, 0.30487804878049324)	(26000, 0.30487804878049324)	(27000, 0.30487804878049324)	(28000, 0.30487804878049324)	(29000, 0.30487804878049324)	(30000, 0.30487804878049324)	(31000, 0.30487804878049324)	(32000, 0.30487804878049324)	(33000, 0.30487804878049324)	(34000, 0.30487804878049324)	(35000, 0.30487804878049324)	(36000, 0.30487804878049324)	(37000, 0.30487804878049324)	(38000, 0.30487804878049324)	(39000, 0.30487804878049324)	(40000, 0.30487804878049324)	(41000, 0.30487804878049324)	(42000, 0.30487804878049324)	(43000, 0.30487804878049324)	(44000, 0.30487804878049324)	(45000, 0.30487804878049324)	(46000, 0.30487804878049324)	(47000, 0.30487804878049324)	(48000, 0.30487804878049324)	(49000, 0.3048780487804917)															
FAY99780_pass_barcode01_98e12ebb_5ad7f319_133 - polya	(1, 0.0)	(2, 0.0)	(3, 0.0)	(4, 0.0)	(5, 0.0)	(6, 0.0)	(7, 0.0)	(8, 0.0)	(9, 0.0)	(10, 0.0)	(1000, 0.0)	(2000, 0.0)	(3000, 0.0)	(4000, 0.0)	(5000, 0.06740088105726821)	(6000, 0.14684287812041166)	(7000, 0.14684287812041166)	(8000, 0.14684287812041166)	(9000, 0.14684287812041166)	(10000, 0.14684287812041166)	(11000, 0.14684287812041166)	(12000, 0.2484581497797333)	(13000, 0.2936857562408233)	(14000, 0.2936857562408233)	(15000, 0.4001468428781161)	(16000, 0.44052863436122797)	(17000, 0.5381791483113053)	(18000, 0.5873715124816467)	(19000, 0.5873715124816467)	(20000, 0.5873715124816467)	(21000, 0.5873715124816467)	(22000, 0.5873715124816467)	(23000, 0.5873715124816467)	(24000, 0.5873715124816467)	(25000, 0.5873715124816467)	(26000, 0.6933920704845713)	(27000, 0.8057268722466893)	(28000, 0.8810572687224559)	(29000, 0.9229074889867767)	(30000, 1.0279001468428608)	(31000, 1.0279001468428608)	(32000, 1.0279001468428608)	(33000, 1.0279001468428608)	(34000, 1.0279001468428608)	(35000, 1.1331864904552147)	(36000, 1.1747430249632933)	(37000, 1.1747430249632933)	(38000, 1.1747430249632933)	(39000, 1.1747430249632933)	(40000, 1.1747430249632933)	(41000, 1.1747430249632933)	(42000, 1.1747430249632933)	(43000, 1.1747430249632933)	(44000, 1.1747430249632933)	(45000, 1.1747430249632933)	(46000, 1.1747430249632933)	(47000, 1.1747430249632933)	(48000, 1.1747430249632933)	(49000, 1.1747430249632933)	(50000, 1.1747430249632933)	(51000, 1.1747430249632933)	(52000, 1.1747430249632933)	(53000, 1.1747430249632933)	(54000, 1.1747430249632933)	(55000, 1.1747430249632933)	(56000, 1.1747430249632933)	(57000, 1.1747430249632933)	(58000, 1.1747430249632933)	(59000, 1.1747430249632933)	(60000, 1.1747430249632904)				
FAY99780_pass_barcode01_98e12ebb_5ad7f319_133 - polyg	(1, 0.0)	(2, 0.0)	(3, 0.0)	(4, 0.0)	(5, 0.0)	(6, 0.0)	(7, 0.0)	(8, 0.0)	(9, 0.0)	(10, 0.0)	(1000, 0.0)	(2000, 0.0)	(3000, 0.0)	(4000, 0.0)	(5000, 0.044493392070484306)	(6000, 0.14684287812041166)	(7000, 0.14684287812041166)	(8000, 0.14684287812041166)	(9000, 0.14684287812041166)	(10000, 0.14684287812041166)	(11000, 0.14684287812041166)	(12000, 0.21130690161526966)	(13000, 0.2936857562408233)	(14000, 0.2936857562408233)	(15000, 0.2936857562408233)	(16000, 0.2936857562408233)	(17000, 0.3731277533039614)	(18000, 0.44052863436122797)	(19000, 0.44052863436122797)	(20000, 0.44052863436122797)	(21000, 0.5604992657856092)	(22000, 0.5873715124816467)	(23000, 0.5873715124816467)	(24000, 0.5873715124816467)	(25000, 0.5873715124816467)	(26000, 0.6963289280469795)	(27000, 0.7342143906020445)	(28000, 0.7342143906020445)	(29000, 0.7342143906020445)	(30000, 0.7342143906020445)	(31000, 0.7342143906020445)	(32000, 0.7342143906020445)	(33000, 0.7342143906020445)	(34000, 0.7342143906020445)	(35000, 0.7973568281938257)	(36000, 0.8810572687224559)	(37000, 0.8810572687224559)	(38000, 0.8810572687224559)	(39000, 0.8810572687224559)	(40000, 0.8810572687224559)	(41000, 0.8810572687224559)	(42000, 0.8810572687224559)	(43000, 0.8810572687224559)	(44000, 0.8810572687224559)	(45000, 0.8810572687224559)	(46000, 0.8810572687224559)	(47000, 0.8810572687224559)	(48000, 0.8810572687224559)	(49000, 0.8810572687224559)	(50000, 0.8810572687224559)	(51000, 0.8810572687224559)	(52000, 0.8810572687224559)	(53000, 0.8810572687224559)	(54000, 0.8810572687224559)	(55000, 0.8810572687224559)	(56000, 0.8810572687224559)	(57000, 0.8810572687224559)	(58000, 0.8810572687224559)	(59000, 0.8810572687224559)	(60000, 0.881057268722468)				
FAY99780_pass_barcode01_98e12ebb_5ad7f319_134 - polya	(1, 0.0)	(2, 0.0)	(3, 0.0)	(4, 0.0)	(5, 0.0)	(6, 0.0)	(7, 0.0)	(8, 0.0)	(9, 0.0)	(10, 0.11784511784511884)	(1000, 0.3745318352059894)	(2000, 0.3745318352059894)	(3000, 0.3745318352059894)	(4000, 0.5112359550561908)	(5000, 0.5617977528089959)	(6000, 0.5617977528089959)	(7000, 0.5617977528089959)	(8000, 0.5617977528089959)	(9000, 0.5617977528089959)	(10000, 0.5617977528089959)	(11000, 0.5617977528089959)	(12000, 0.5617977528089959)	(13000, 0.5617977528089959)	(14000, 0.5617977528089959)	(15000, 0.5906367041198548)	(16000, 0.7490636704119789)	(17000, 0.7490636704119789)	(18000, 0.7490636704119789)	(19000, 0.8013108614232118)	(20000, 0.9363295880149587)	(21000, 0.9363295880149587)	(22000, 0.9363295880149587)	(23000, 0.9363295880149587)	(24000, 0.9363295880149587)	(25000, 0.9363295880149587)	(26000, 0.9363295880149587)	(27000, 0.9501872659175881)	(28000, 1.1235955056179918)	(29000, 1.1235955056179918)	(30000, 1.1235955056179918)	(31000, 1.185767790262193)	(32000, 1.310861423220995)	(33000, 1.310861423220995)	(34000, 1.310861423220995)	(35000, 1.310861423220995)	(36000, 1.310861423220995)	(37000, 1.3279026217228564)	(38000, 1.4981273408239577)	(39000, 1.4981273408239577)	(40000, 1.4981273408239577)	(41000, 1.4981273408239577)	(42000, 1.4981273408239577)	(43000, 1.4981273408239577)	(44000, 1.4981273408239577)	(45000, 1.4981273408239577)	(46000, 1.4981273408239577)	(47000, 1.4981273408239577)	(48000, 1.4981273408239577)	(49000, 1.4981273408239577)	(50000, 1.4981273408239577)	(51000, 1.4981273408239577)	(52000, 1.4981273408239828)												
FAY99780_pass_barcode01_98e12ebb_5ad7f319_134 - polyg	(1, 0.0)	(2, 0.0)	(3, 0.0)	(4, 0.0)	(5, 0.0)	(6, 0.0)	(7, 0.0)	(8, 0.0)	(9, 0.0)	(10, 0.0)	(1000, 0.0)	(2000, 0.0)	(3000, 0.0)	(4000, 0.0)	(5000, 0.0)	(6000, 0.0)	(7000, 0.0)	(8000, 0.0)	(9000, 0.0)	(10000, 0.0)	(11000, 0.0)	(12000, 0.0)	(13000, 0.0)	(14000, 0.0)	(15000, 0.0)	(16000, 0.06910112359550633)	(17000, 0.1872659176029947)	(18000, 0.1872659176029947)	(19000, 0.1872659176029947)	(20000, 0.1872659176029947)	(21000, 0.1872659176029947)	(22000, 0.1872659176029947)	(23000, 0.1872659176029947)	(24000, 0.1872659176029947)	(25000, 0.1872659176029947)	(26000, 0.1872659176029947)	(27000, 0.1872659176029947)	(28000, 0.1872659176029947)	(29000, 0.1872659176029947)	(30000, 0.1872659176029947)	(31000, 0.19325842696629114)	(32000, 0.3745318352059894)	(33000, 0.3745318352059894)	(34000, 0.3745318352059894)	(35000, 0.3745318352059894)	(36000, 0.3745318352059894)	(37000, 0.3745318352059894)	(38000, 0.5597378277153631)	(39000, 0.5617977528089959)	(40000, 0.5617977528089959)	(41000, 0.5617977528089959)	(42000, 0.5617977528089959)	(43000, 0.5617977528089959)	(44000, 0.5617977528089959)	(45000, 0.5617977528089959)	(46000, 0.5617977528089959)	(47000, 0.5617977528089959)	(48000, 0.5617977528089959)	(49000, 0.5617977528089959)	(50000, 0.5617977528089959)	(51000, 0.5617977528089959)	(52000, 0.5617977528089859)												
FAY99780_pass_barcode01_98e12ebb_5ad7f319_135 - polya	(1, 0.0)	(2, 0.0)	(3, 0.16750418760469013)	(4, 0.16750418760469013)	(5, 0.16750418760469013)	(6, 0.16750418760469013)	(7, 0.16750418760469013)	(8, 0.16750418760469013)	(9, 0.16750418760469013)	(10, 0.3443141634096394)	(1000, 0.5025125628140609)	(2000, 0.5025125628140609)	(3000, 0.6517587939698553)	(4000, 0.6700167504187668)	(5000, 0.6802345058626513)	(6000, 0.837520938023438)	(7000, 0.837520938023438)	(8000, 1.194639865996656)	(9000, 1.3400335008375337)	(10000, 1.3400335008375337)	(11000, 1.3400335008375337)	(12000, 1.3400335008375337)	(13000, 1.4442211055276344)	(14000, 1.5075376884421998)	(15000, 1.5075376884421998)	(16000, 1.5075376884421998)	(17000, 1.5075376884421998)	(18000, 1.5075376884421998)	(19000, 1.621943048576186)	(20000, 1.675041876046876)	(21000, 1.675041876046876)	(22000, 1.675041876046876)	(23000, 1.675041876046876)	(24000, 1.675041876046876)	(25000, 1.675041876046876)	(26000, 1.7964824120602885)	(27000, 1.8425460636515736)	(28000, 1.8425460636515736)	(29000, 1.8425460636515736)	(30000, 1.8425460636515736)	(31000, 1.8425460636515736)	(32000, 1.8425460636515736)	(33000, 1.8425460636515736)	(34000, 1.8425460636515736)	(35000, 1.8425460636515736)	(36000, 1.8425460636515736)	(37000, 1.8425460636515736)	(38000, 1.8425460636515736)	(39000, 1.8425460636515736)	(40000, 1.8425460636515736)	(41000, 1.8425460636515736)	(42000, 1.8425460636515736)	(43000, 1.8425460636515736)	(44000, 1.8425460636515736)	(45000, 1.8425460636515736)	(46000, 1.842546063651593)																		
FAY99780_pass_barcode01_98e12ebb_5ad7f319_135 - polyg	(1, 0.0)	(2, 0.0)	(3, 0.0)	(4, 0.0)	(5, 0.0)	(6, 0.0)	(7, 0.0)	(8, 0.0)	(9, 0.0)	(10, 0.0)	(1000, 0.0)	(2000, 0.05309882747068716)	(3000, 0.1675041876046917)	(4000, 0.1675041876046917)	(5000, 0.1675041876046917)	(6000, 0.2683417085427162)	(7000, 0.3603015075376876)	(8000, 0.6296482412060359)	(9000, 0.6700167504187668)	(10000, 0.6700167504187668)	(11000, 0.6700167504187668)	(12000, 0.6700167504187668)	(13000, 0.6700167504187668)	(14000, 0.6700167504187668)	(15000, 0.6700167504187668)	(16000, 0.6700167504187668)	(17000, 0.6700167504187668)	(18000, 0.6700167504187668)	(19000, 0.6700167504187668)	(20000, 0.6700167504187668)	(21000, 0.6700167504187668)	(22000, 0.6700167504187668)	(23000, 0.6700167504187668)	(24000, 0.6700167504187668)	(25000, 0.6700167504187668)	(26000, 0.6700167504187668)	(27000, 0.6700167504187668)	(28000, 0.6700167504187668)	(29000, 0.6700167504187668)	(30000, 0.6700167504187668)	(31000, 0.6700167504187668)	(32000, 0.6700167504187668)	(33000, 0.6700167504187668)	(34000, 0.6700167504187668)	(35000, 0.6700167504187668)	(36000, 0.6700167504187668)	(37000, 0.6700167504187668)	(38000, 0.6700167504187668)	(39000, 0.6700167504187668)	(40000, 0.6700167504187668)	(41000, 0.6700167504187668)	(42000, 0.6700167504187668)	(43000, 0.6700167504187668)	(44000, 0.6700167504187668)	(45000, 0.6700167504187668)	(46000, 0.6700167504187605)																		
FAY99780_pass_barcode01_98e12ebb_5ad7f319_136 - polya	(1, 0.0)	(2, 0.0)	(3, 0.0)	(4, 0.0)	(5, 0.0)	(6, 0.0)	(7, 0.0)	(8, 0.0)	(9, 0.0)	(10, 0.0)	(1000, 0.06831683168316834)	(2000, 0.16501650165016893)	(3000, 0.16501650165016893)	(4000, 0.16501650165016893)	(5000, 0.16501650165016893)	(6000, 0.16501650165016893)	(7000, 0.16501650165016893)	(8000, 0.16501650165016893)	(9000, 0.16501650165016893)	(10000, 0.16501650165016893)	(11000, 0.16501650165016893)	(12000, 0.16501650165016893)	(13000, 0.16501650165016893)	(14000, 0.16501650165016893)	(15000, 0.16501650165016893)	(16000, 0.16501650165016893)	(17000, 0.16501650165016893)	(18000, 0.16501650165016893)	(19000, 0.16501650165016893)	(20000, 0.16501650165016893)	(21000, 0.16501650165016893)	(22000, 0.16501650165016893)	(23000, 0.16501650165016893)	(24000, 0.16501650165016893)	(25000, 0.16501650165016893)	(26000, 0.16501650165016893)	(27000, 0.16501650165016893)	(28000, 0.16501650165016893)	(29000, 0.16501650165016893)	(30000, 0.16501650165016893)	(31000, 0.16501650165016893)	(32000, 0.16501650165016893)	(33000, 0.16501650165016893)	(34000, 0.23217821782178752)	(35000, 0.33003300330033786)	(36000, 0.33003300330033786)	(37000, 0.33003300330033786)	(38000, 0.33003300330033786)	(39000, 0.33003300330033786)	(40000, 0.33003300330033786)	(41000, 0.33003300330033786)	(42000, 0.33003300330033786)	(43000, 0.33003300330033786)	(44000, 0.33003300330033786)	(45000, 0.33003300330033786)	(46000, 0.33003300330033786)	(47000, 0.33003300330033786)	(48000, 0.33003300330033786)	(49000, 0.3300330033003352)															
FAY99780_pass_barcode01_98e12ebb_5ad7f319_136 - polyg	(1, 0.0)	(2, 0.0)	(3, 0.0)	(4, 0.0)	(5, 0.0)	(6, 0.0)	(7, 0.0)	(8, 0.0)	(9, 0.0)	(10, 0.0)	(1000, 0.0)	(2000, 0.0)	(3000, 0.0)	(4000, 0.0)	(5000, 0.0)	(6000, 0.0)	(7000, 0.0)	(8000, 0.0)	(9000, 0.0)	(10000, 0.0)	(11000, 0.0)	(12000, 0.0)	(13000, 0.0)	(14000, 0.0)	(15000, 0.0)	(16000, 0.0)	(17000, 0.0)	(18000, 0.0)	(19000, 0.0)	(20000, 0.0)	(21000, 0.0)	(22000, 0.0)	(23000, 0.0)	(24000, 0.0)	(25000, 0.0)	(26000, 0.0)	(27000, 0.0)	(28000, 0.0)	(29000, 0.0)	(30000, 0.0)	(31000, 0.0)	(32000, 0.0)	(33000, 0.0)	(34000, 0.0)	(35000, 0.0)	(36000, 0.140099009900993)	(37000, 0.16501650165016893)	(38000, 0.16501650165016893)	(39000, 0.16501650165016893)	(40000, 0.16501650165016893)	(41000, 0.16501650165016893)	(42000, 0.16501650165016893)	(43000, 0.16501650165016893)	(44000, 0.16501650165016893)	(45000, 0.16501650165016893)	(46000, 0.16501650165016893)	(47000, 0.16501650165016893)	(48000, 0.16501650165016893)	(49000, 0.1650165016501676)															
FAY99780_pass_barcode01_98e12ebb_5ad7f319_137 - polya	(1, 0.0)	(2, 0.0)	(3, 0.0)	(4, 0.0)	(5, 0.0)	(6, 0.0)	(7, 0.0)	(8, 0.0)	(9, 0.0)	(10, 0.0)	(1000, 0.0)	(2000, 0.0)	(3000, 0.0)	(4000, 0.0)	(5000, 0.0)	(6000, 0.0)	(7000, 0.0)	(8000, 0.15183823529411977)	(9000, 0.1838235294117674)	(10000, 0.1838235294117674)	(11000, 0.1838235294117674)	(12000, 0.1838235294117674)	(13000, 0.1838235294117674)	(14000, 0.1838235294117674)	(15000, 0.1838235294117674)	(16000, 0.1838235294117674)	(17000, 0.1838235294117674)	(18000, 0.1838235294117674)	(19000, 0.1838235294117674)	(20000, 0.1838235294117674)	(21000, 0.1838235294117674)	(22000, 0.1838235294117674)	(23000, 0.1838235294117674)	(24000, 0.1838235294117674)	(25000, 0.1838235294117674)	(26000, 0.1838235294117674)	(27000, 0.1838235294117674)	(28000, 0.1838235294117674)	(29000, 0.1838235294117674)	(30000, 0.1838235294117674)	(31000, 0.1838235294117674)	(32000, 0.1838235294117674)	(33000, 0.1838235294117674)	(34000, 0.1838235294117674)	(35000, 0.1838235294117674)	(36000, 0.1838235294117674)	(37000, 0.1838235294117674)	(38000, 0.1838235294117674)	(39000, 0.1838235294117674)	(40000, 0.1838235294117674)	(41000, 0.1838235294117674)	(42000, 0.1838235294117674)	(43000, 0.1838235294117674)	(44000, 0.1838235294117674)	(45000, 0.1838235294117674)	(46000, 0.1838235294117674)	(47000, 0.1838235294117674)	(48000, 0.1838235294117674)	(49000, 0.18382352941176525)															
FAY99780_pass_barcode01_98e12ebb_5ad7f319_138 - polya	(1, 0.0)	(2, 0.0)	(3, 0.0)	(4, 0.0)	(5, 0.0)	(6, 0.0)	(7, 0.0)	(8, 0.0)	(9, 0.0)	(10, 0.0)	(1000, 0.0)	(2000, 0.0)	(3000, 0.0)	(4000, 0.0)	(5000, 0.0)	(6000, 0.0)	(7000, 0.0)	(8000, 0.0)	(9000, 0.09198473282442775)	(10000, 0.19083969465648914)	(11000, 0.19083969465648914)	(12000, 0.19083969465648914)	(13000, 0.19083969465648914)	(14000, 0.19083969465648914)	(15000, 0.19083969465648914)	(16000, 0.19083969465648914)	(17000, 0.19083969465648914)	(18000, 0.33396946564885605)	(19000, 0.542748091603044)	(20000, 0.5725190839694577)	(21000, 0.5725190839694577)	(22000, 0.5725190839694577)	(23000, 0.5725190839694577)	(24000, 0.5725190839694577)	(25000, 0.5725190839694577)	(26000, 0.5725190839694577)	(27000, 0.5725190839694577)	(28000, 0.5725190839694577)	(29000, 0.5725190839694577)	(30000, 0.5910305343511344)	(31000, 0.7633587786259566)	(32000, 0.9366412213740286)	(33000, 1.039694656488521)	(34000, 1.1450381679389154)	(35000, 1.1450381679389154)	(36000, 1.1450381679389154)	(37000, 1.1450381679389154)	(38000, 1.1450381679389154)	(39000, 1.1450381679389154)	(40000, 1.1450381679389154)	(41000, 1.1450381679389154)	(42000, 1.1450381679389154)	(43000, 1.1450381679389154)	(44000, 1.1450381679389154)	(45000, 1.1450381679389154)	(46000, 1.1450381679389154)	(47000, 1.1450381679389154)	(48000, 1.1450381679389154)	(49000, 1.1450381679389308)															
FAY99780_pass_barcode01_98e12ebb_5ad7f319_138 - polyg	(1, 0.0)	(2, 0.0)	(3, 0.0)	(4, 0.0)	(5, 0.0)	(6, 0.0)	(7, 0.0)	(8, 0.0)	(9, 0.0)	(10, 0.0)	(1000, 0.0)	(2000, 0.0)	(3000, 0.0)	(4000, 0.0)	(5000, 0.0)	(6000, 0.0)	(7000, 0.0)	(8000, 0.0)	(9000, 0.1437022900763363)	(10000, 0.19083969465648914)	(11000, 0.19083969465648914)	(12000, 0.19083969465648914)	(13000, 0.19083969465648914)	(14000, 0.19083969465648914)	(15000, 0.19083969465648914)	(16000, 0.19083969465648914)	(17000, 0.19083969465648914)	(18000, 0.19083969465648914)	(19000, 0.19083969465648914)	(20000, 0.19083969465648914)	(21000, 0.19083969465648914)	(22000, 0.19083969465648914)	(23000, 0.19083969465648914)	(24000, 0.19083969465648914)	(25000, 0.19083969465648914)	(26000, 0.19083969465648914)	(27000, 0.19083969465648914)	(28000, 0.19083969465648914)	(29000, 0.19083969465648914)	(30000, 0.19083969465648914)	(31000, 0.19083969465648914)	(32000, 0.19083969465648914)	(33000, 0.19083969465648914)	(34000, 0.19083969465648914)	(35000, 0.19083969465648914)	(36000, 0.19083969465648914)	(37000, 0.19083969465648914)	(38000, 0.19083969465648914)	(39000, 0.19083969465648914)	(40000, 0.19083969465648914)	(41000, 0.19083969465648914)	(42000, 0.19083969465648914)	(43000, 0.19083969465648914)	(44000, 0.19083969465648914)	(45000, 0.19083969465648914)	(46000, 0.19083969465648914)	(47000, 0.19083969465648914)	(48000, 0.19083969465648914)	(49000, 0.19083969465648912)															
FAY99780_pass_barcode01_98e12ebb_5ad7f319_139 - polya	(1, 0.0)	(2, 0.0)	(3, 0.0)	(4, 0.0)	(5, 0.0)	(6, 0.0)	(7, 0.0)	(8, 0.0)	(9, 0.0)	(10, 0.0)	(1000, 0.0)	(2000, 0.0)	(3000, 0.0)	(4000, 0.0)	(5000, 0.0)	(6000, 0.0932270916334667)	(7000, 0.19920318725099423)	(8000, 0.19920318725099423)	(9000, 0.19920318725099423)	(10000, 0.19920318725099423)	(11000, 0.19920318725099423)	(12000, 0.19920318725099423)	(13000, 0.30179282868526053)	(14000, 0.39840637450198846)	(15000, 0.39840637450198846)	(16000, 0.39840637450198846)	(17000, 0.39840637450198846)	(18000, 0.39840637450198846)	(19000, 0.39840637450198846)	(20000, 0.39840637450198846)	(21000, 0.39840637450198846)	(22000, 0.39840637450198846)	(23000, 0.39840637450198846)	(24000, 0.39840637450198846)	(25000, 0.39840637450198846)	(26000, 0.39840637450198846)	(27000, 0.39840637450198846)	(28000, 0.39840637450198846)	(29000, 0.39840637450198846)	(30000, 0.39840637450198846)	(31000, 0.39840637450198846)	(32000, 0.39840637450198846)	(33000, 0.39840637450198846)	(34000, 0.5743027888446076)	(35000, 0.5976095617529731)	(36000, 0.5976095617529731)	(37000, 0.5976095617529731)	(38000, 0.5976095617529731)	(39000, 0.5976095617529731)	(40000, 0.5976095617529731)	(41000, 0.5976095617529731)	(42000, 0.5976095617529731)	(43000, 0.5976095617529731)	(44000, 0.5976095617529731)	(45000, 0.5976095617529731)	(46000, 0.5976095617529731)	(47000, 0.5976095617529731)	(48000, 0.5976095617529731)	(49000, 0.5976095617529731)	(50000, 0.5976095617529731)	(51000, 0.5976095617529731)	(52000, 0.5976095617529882)												
FAY99780_pass_barcode01_98e12ebb_5ad7f319_14 - polya	(1, 0.0)	(2, 0.0)	(3, 0.0)	(4, 0.0)	(5, 0.0)	(6, 0.0)	(7, 0.0)	(8, 0.0)	(9, 0.0)	(10, 0.0705150924449178)	(1000, 0.07309941520467925)	(2000, 0.07309941520467925)	(3000, 0.07309941520467925)	(4000, 0.078874269005849)	(5000, 0.17280701754385927)	(6000, 0.21929824561403335)	(7000, 0.21929824561403335)	(8000, 0.21929824561403335)	(9000, 0.21929824561403335)	(10000, 0.23384502923976544)	(11000, 0.4226608187134478)	(12000, 0.4385964912280667)	(13000, 0.4385964912280667)	(14000, 0.4385964912280667)	(15000, 0.48187134502924095)	(16000, 0.5116959064327488)	(17000, 0.5483918128655054)	(18000, 0.6214912280701622)	(19000, 0.6578947368420919)	(20000, 0.6578947368420919)	(21000, 0.6578947368420919)	(22000, 0.6578947368420919)	(23000, 0.681359649122812)	(24000, 0.7980994152046851)	(25000, 0.8468567251461935)	(26000, 0.9224415204678524)	(27000, 0.9502923976608352)	(28000, 0.9502923976608352)	(29000, 0.9502923976608352)	(30000, 0.9502923976608352)	(31000, 0.9502923976608352)	(32000, 0.9502923976608352)	(33000, 0.9502923976608352)	(34000, 0.9502923976608352)	(35000, 0.9502923976608352)	(36000, 0.9502923976608352)	(37000, 0.9745614035087748)	(38000, 1.0233918128654975)	(39000, 1.0233918128654975)	(40000, 1.0233918128654975)	(41000, 1.0233918128654975)	(42000, 1.0233918128654975)	(43000, 1.0233918128654975)	(44000, 1.0233918128654975)	(45000, 1.0233918128654975)	(46000, 1.0233918128654975)	(47000, 1.0233918128654975)	(48000, 1.0233918128654975)	(49000, 1.0233918128654975)	(50000, 1.0233918128654975)	(51000, 1.0233918128654975)	(52000, 1.0233918128654975)												
FAY99780_pass_barcode01_98e12ebb_5ad7f319_14 - polyg	(1, 0.0)	(2, 0.0)	(3, 0.0)	(4, 0.0)	(5, 0.0)	(6, 0.0)	(7, 0.0)	(8, 0.0)	(9, 0.0)	(10, 0.0)	(1000, 0.0)	(2000, 0.0)	(3000, 0.0)	(4000, 0.0)	(5000, 0.0)	(6000, 0.0)	(7000, 0.0)	(8000, 0.0)	(9000, 0.0)	(10000, 0.0)	(11000, 0.0)	(12000, 0.0)	(13000, 0.0)	(14000, 0.0)	(15000, 0.0)	(16000, 0.0)	(17000, 0.0)	(18000, 0.0)	(19000, 0.06900584795321714)	(20000, 0.07309941520467925)	(21000, 0.07309941520467925)	(22000, 0.07309941520467925)	(23000, 0.07309941520467925)	(24000, 0.09429824561403599)	(25000, 0.1461988304093585)	(26000, 0.1461988304093585)	(27000, 0.1461988304093585)	(28000, 0.1461988304093585)	(29000, 0.1461988304093585)	(30000, 0.1461988304093585)	(31000, 0.1461988304093585)	(32000, 0.1461988304093585)	(33000, 0.1461988304093585)	(34000, 0.1461988304093585)	(35000, 0.1461988304093585)	(36000, 0.1461988304093585)	(37000, 0.1461988304093585)	(38000, 0.1461988304093585)	(39000, 0.1461988304093585)	(40000, 0.1461988304093585)	(41000, 0.1461988304093585)	(42000, 0.1461988304093585)	(43000, 0.1461988304093585)	(44000, 0.1461988304093585)	(45000, 0.1461988304093585)	(46000, 0.1461988304093585)	(47000, 0.1461988304093585)	(48000, 0.1461988304093585)	(49000, 0.1461988304093585)	(50000, 0.1461988304093585)	(51000, 0.1461988304093585)	(52000, 0.14619883040935827)												
FAY99780_pass_barcode01_98e12ebb_5ad7f319_140 - polya	(1, 0.0)	(2, 0.0)	(3, 0.0)	(4, 0.0)	(5, 0.0)	(6, 0.0)	(7, 0.0)	(8, 0.0)	(9, 0.0)	(10, 0.0)	(2000, 0.1925589836660572)	(4000, 0.4740471869328346)	(6000, 0.5444646098003486)	(8000, 0.7382032667876374)	(10000, 1.0134301270417176)	(12000, 1.3294010889291814)	(14000, 1.569419237749499)	(16000, 1.736025408348421)	(18000, 1.8148820326678352)	(20000, 1.8148820326678352)	(22000, 1.8421960072594856)	(24000, 1.9963702359346147)	(26000, 1.9963702359346147)	(28000, 1.9963702359346147)	(30000, 2.0682395644282603)	(32000, 2.359346642468177)	(34000, 2.359346642468177)	(36000, 2.359346642468177)	(38000, 2.359346642468177)	(40000, 2.4768602540834177)	(42000, 2.5408348457349565)	(44000, 2.5838475499091835)	(46000, 2.8032667876587207)	(48000, 2.903811252268517)	(50000, 2.903811252268517)	(52000, 2.903811252268517)	(54000, 2.903811252268517)	(56000, 2.903811252268517)	(58000, 2.903811252268517)	(60000, 3.063611615244917)	(62000, 3.085299455535297)	(64000, 3.085299455535297)	(66000, 3.085299455535297)	(68000, 3.085299455535297)	(70000, 3.085299455535297)	(72000, 3.085299455535297)	(74000, 3.085299455535297)	(76000, 3.085299455535297)	(78000, 3.085299455535297)	(80000, 3.3217785843919483)	(82000, 3.448275862068891)	(84000, 3.448275862068891)	(86000, 3.448275862068891)	(88000, 3.448275862068891)	(90000, 3.448275862068891)	(92000, 3.448275862068891)	(94000, 3.448275862068891)	(96000, 3.448275862068891)	(98000, 3.448275862068891)	(100000, 3.448275862068891)	(102000, 3.4482758620689054)													
FAY99780_pass_barcode01_98e12ebb_5ad7f319_140 - polyg	(1, 0.0)	(2, 0.0)	(3, 0.0)	(4, 0.0)	(5, 0.0)	(6, 0.0)	(7, 0.0)	(8, 0.0)	(9, 0.0)	(10, 0.0)	(2000, 0.0)	(4000, 0.0)	(6000, 0.0)	(8000, 0.07350272232304757)	(10000, 0.1814882032667823)	(12000, 0.21025408348456712)	(14000, 0.3629764065335646)	(16000, 0.3629764065335646)	(18000, 0.3629764065335646)	(20000, 0.3629764065335646)	(22000, 0.3629764065335646)	(24000, 0.3629764065335646)	(26000, 0.3629764065335646)	(28000, 0.3629764065335646)	(30000, 0.3629764065335646)	(32000, 0.3629764065335646)	(34000, 0.3629764065335646)	(36000, 0.3629764065335646)	(38000, 0.3629764065335646)	(40000, 0.3629764065335646)	(42000, 0.3629764065335646)	(44000, 0.3629764065335646)	(46000, 0.3629764065335646)	(48000, 0.3629764065335646)	(50000, 0.3629764065335646)	(52000, 0.3629764065335646)	(54000, 0.3629764065335646)	(56000, 0.3629764065335646)	(58000, 0.3629764065335646)	(60000, 0.3629764065335646)	(62000, 0.3629764065335646)	(64000, 0.3629764065335646)	(66000, 0.3629764065335646)	(68000, 0.3629764065335646)	(70000, 0.3629764065335646)	(72000, 0.3629764065335646)	(74000, 0.3629764065335646)	(76000, 0.3629764065335646)	(78000, 0.3629764065335646)	(80000, 0.3629764065335646)	(82000, 0.3629764065335646)	(84000, 0.3629764065335646)	(86000, 0.3629764065335646)	(88000, 0.3629764065335646)	(90000, 0.3629764065335646)	(92000, 0.3629764065335646)	(94000, 0.3629764065335646)	(96000, 0.3629764065335646)	(98000, 0.3629764065335646)	(100000, 0.3629764065335646)	(102000, 0.36297640653356533)													
FAY99780_pass_barcode01_98e12ebb_5ad7f319_141 - polya	(1, 0.0)	(2, 0.0)	(3, 0.0)	(4, 0.0)	(5, 0.0)	(6, 0.0)	(7, 0.0)	(8, 0.0)	(9, 0.0)	(10, 0.0)	(1000, 0.0)	(2000, 0.0)	(3000, 0.0639830508474576)	(4000, 0.21186440677966023)	(5000, 0.24957627118644368)	(6000, 0.6052966101694889)	(7000, 0.769067796610171)	(8000, 1.0108050847457568)	(9000, 1.0593220338982987)	(10000, 1.0593220338982987)	(11000, 1.0794491525423637)	(12000, 1.3006355932203475)	(13000, 1.4830508474576467)	(14000, 1.4830508474576467)	(15000, 1.4830508474576467)	(16000, 1.6033898305084675)	(17000, 1.6949152542372818)	(18000, 1.7067796610169506)	(19000, 1.9067796610169774)	(20000, 1.9067796610169774)	(21000, 1.9067796610169774)	(22000, 1.9067796610169774)	(23000, 1.9067796610169774)	(24000, 1.9067796610169774)	(25000, 1.9067796610169774)	(26000, 1.9067796610169774)	(27000, 1.9067796610169774)	(28000, 1.9067796610169774)	(29000, 1.9067796610169774)	(30000, 1.9067796610169774)	(31000, 1.9067796610169774)	(32000, 1.9067796610169774)	(33000, 1.9067796610169774)	(34000, 2.0601694915254147)	(35000, 2.1186440677965974)	(36000, 2.1186440677965974)	(37000, 2.1186440677965974)	(38000, 2.1186440677965974)	(39000, 2.1186440677965974)	(40000, 2.1186440677965974)	(41000, 2.1186440677965974)	(42000, 2.1186440677965974)	(43000, 2.1186440677965974)	(44000, 2.1186440677965974)	(45000, 2.1186440677965974)	(46000, 2.1186440677965974)	(47000, 2.1186440677965974)	(48000, 2.1186440677965974)	(49000, 2.1186440677965974)	(50000, 2.1186440677966005)														
FAY99780_pass_barcode01_98e12ebb_5ad7f319_141 - polyg	(1, 0.0)	(2, 0.0)	(3, 0.0)	(4, 0.0)	(5, 0.0)	(6, 0.0)	(7, 0.0)	(8, 0.0)	(9, 0.0)	(10, 0.0)	(1000, 0.0)	(2000, 0.0)	(3000, 0.0)	(4000, 0.0)	(5000, 0.0)	(6000, 0.0)	(7000, 0.0)	(8000, 0.0)	(9000, 0.0)	(10000, 0.0)	(11000, 0.0)	(12000, 0.0)	(13000, 0.0)	(14000, 0.0)	(15000, 0.0)	(16000, 0.0)	(17000, 0.0)	(18000, 0.0)	(19000, 0.0)	(20000, 0.0)	(21000, 0.0)	(22000, 0.1135593220338999)	(23000, 0.21186440677966023)	(24000, 0.21186440677966023)	(25000, 0.21186440677966023)	(26000, 0.21186440677966023)	(27000, 0.21186440677966023)	(28000, 0.21186440677966023)	(29000, 0.21186440677966023)	(30000, 0.21186440677966023)	(31000, 0.21186440677966023)	(32000, 0.21186440677966023)	(33000, 0.21186440677966023)	(34000, 0.21186440677966023)	(35000, 0.21186440677966023)	(36000, 0.21186440677966023)	(37000, 0.21186440677966023)	(38000, 0.21186440677966023)	(39000, 0.21186440677966023)	(40000, 0.21186440677966023)	(41000, 0.21186440677966023)	(42000, 0.21186440677966023)	(43000, 0.21186440677966023)	(44000, 0.21186440677966023)	(45000, 0.21186440677966023)	(46000, 0.21186440677966023)	(47000, 0.21186440677966023)	(48000, 0.21186440677966023)	(49000, 0.21186440677966023)	(50000, 0.2118644067796634)														
FAY99780_pass_barcode01_98e12ebb_5ad7f319_142 - polya	(1, 0.0)	(2, 0.0)	(3, 0.0)	(4, 0.0)	(5, 0.0)	(6, 0.0)	(7, 0.0)	(8, 0.0)	(9, 0.0)	(10, 0.18005050505050504)	(1000, 0.25)	(2000, 0.25)	(3000, 0.25)	(4000, 0.25)	(5000, 0.25)	(6000, 0.25)	(7000, 0.329)	(8000, 0.5)	(9000, 0.5)	(10000, 0.5)	(11000, 0.5)	(12000, 0.5)	(13000, 0.5)	(14000, 0.5)	(15000, 0.5)	(16000, 0.5)	(17000, 0.5)	(18000, 0.5)	(19000, 0.5)	(20000, 0.5)	(21000, 0.5)	(22000, 0.60425)	(23000, 0.75)	(24000, 0.9225)	(25000, 1.0)	(26000, 1.0)	(27000, 1.0)	(28000, 1.0)	(29000, 1.0)	(30000, 1.0)	(31000, 1.0)	(32000, 1.0)	(33000, 1.0)	(34000, 1.0)	(35000, 1.0)	(36000, 1.0)	(37000, 1.0)	(38000, 1.0)	(39000, 1.0)	(40000, 1.0)	(41000, 1.0)	(42000, 1.0)	(43000, 1.0)	(44000, 1.0)	(45000, 1.0)	(46000, 1.0)	(47000, 1.0)																	
FAY99780_pass_barcode01_98e12ebb_5ad7f319_142 - polyg	(1, 0.0)	(2, 0.0)	(3, 0.0)	(4, 0.0)	(5, 0.0)	(6, 0.0)	(7, 0.0)	(8, 0.0)	(9, 0.0)	(10, 0.0)	(1000, 0.0)	(2000, 0.0)	(3000, 0.0)	(4000, 0.0)	(5000, 0.0)	(6000, 0.0)	(7000, 0.0)	(8000, 0.23725)	(9000, 0.25)	(10000, 0.25)	(11000, 0.25)	(12000, 0.25)	(13000, 0.25)	(14000, 0.25)	(15000, 0.25)	(16000, 0.25)	(17000, 0.25)	(18000, 0.25)	(19000, 0.25)	(20000, 0.25)	(21000, 0.25)	(22000, 0.25)	(23000, 0.25)	(24000, 0.25)	(25000, 0.25)	(26000, 0.25)	(27000, 0.25)	(28000, 0.25)	(29000, 0.25)	(30000, 0.25)	(31000, 0.25)	(32000, 0.25)	(33000, 0.25)	(34000, 0.25)	(35000, 0.25)	(36000, 0.25)	(37000, 0.25)	(38000, 0.25)	(39000, 0.25)	(40000, 0.25)	(41000, 0.25)	(42000, 0.25)	(43000, 0.25)	(44000, 0.25)	(45000, 0.25)	(46000, 0.25)	(47000, 0.25)																	
FAY99780_pass_barcode01_98e12ebb_5ad7f319_143 - polya	(1, 0.0)	(2, 0.0)	(3, 0.0)	(4, 0.0)	(5, 0.0)	(6, 0.0)	(7, 0.0)	(8, 0.0)	(9, 0.0)	(10, 0.0)	(1000, 0.0)	(2000, 0.17883895131086397)	(3000, 0.3745318352059894)	(4000, 0.3745318352059894)	(5000, 0.3745318352059894)	(6000, 0.3872659176029963)	(7000, 0.5962546816479439)	(8000, 0.7490636704119789)	(9000, 0.7490636704119789)	(10000, 0.7490636704119789)	(11000, 0.7490636704119789)	(12000, 0.7490636704119789)	(13000, 0.7705992509363222)	(14000, 0.9363295880149587)	(15000, 1.0792134831460856)	(16000, 1.1235955056179918)	(17000, 1.2602996254681826)	(18000, 1.310861423220995)	(19000, 1.310861423220995)	(20000, 1.310861423220995)	(21000, 1.310861423220995)	(22000, 1.3425093632958804)	(23000, 1.4981273408239577)	(24000, 1.4981273408239577)	(25000, 1.4981273408239577)	(26000, 1.4981273408239577)	(27000, 1.4981273408239577)	(28000, 1.4981273408239577)	(29000, 1.4981273408239577)	(30000, 1.4981273408239577)	(31000, 1.4981273408239577)	(32000, 1.4981273408239577)	(33000, 1.4981273408239577)	(34000, 1.4981273408239577)	(35000, 1.4981273408239577)	(36000, 1.6810861423221117)	(37000, 1.6853932584269808)	(38000, 1.6853932584269808)	(39000, 1.6853932584269808)	(40000, 1.6853932584269808)	(41000, 1.6853932584269808)	(42000, 1.6853932584269808)	(43000, 1.6853932584269808)	(44000, 1.6853932584269808)	(45000, 1.6853932584269808)	(46000, 1.68539325842697)																		
FAY99780_pass_barcode01_98e12ebb_5ad7f319_143 - polyg	(1, 0.0)	(2, 0.0)	(3, 0.0)	(4, 0.0)	(5, 0.0)	(6, 0.0)	(7, 0.0)	(8, 0.0)	(9, 0.0)	(10, 0.0)	(1000, 0.0)	(2000, 0.0878277153558063)	(3000, 0.1872659176029947)	(4000, 0.1872659176029947)	(5000, 0.1872659176029947)	(6000, 0.1872659176029947)	(7000, 0.1872659176029947)	(8000, 0.1872659176029947)	(9000, 0.1872659176029947)	(10000, 0.1872659176029947)	(11000, 0.1872659176029947)	(12000, 0.1872659176029947)	(13000, 0.1872659176029947)	(14000, 0.1872659176029947)	(15000, 0.1872659176029947)	(16000, 0.1872659176029947)	(17000, 0.1872659176029947)	(18000, 0.1872659176029947)	(19000, 0.2762172284644226)	(20000, 0.3745318352059894)	(21000, 0.3745318352059894)	(22000, 0.3745318352059894)	(23000, 0.3745318352059894)	(24000, 0.3745318352059894)	(25000, 0.3745318352059894)	(26000, 0.3745318352059894)	(27000, 0.3745318352059894)	(28000, 0.3745318352059894)	(29000, 0.3745318352059894)	(30000, 0.3745318352059894)	(31000, 0.3745318352059894)	(32000, 0.3745318352059894)	(33000, 0.3745318352059894)	(34000, 0.3745318352059894)	(35000, 0.3874531835205993)	(36000, 0.5617977528089959)	(37000, 0.5617977528089959)	(38000, 0.5617977528089959)	(39000, 0.5617977528089959)	(40000, 0.5617977528089959)	(41000, 0.5617977528089959)	(42000, 0.5617977528089959)	(43000, 0.5617977528089959)	(44000, 0.5617977528089959)	(45000, 0.5617977528089959)	(46000, 0.561797752808986)																		
FAY99780_pass_barcode01_98e12ebb_5ad7f319_144 - polya	(1, 0.0)	(2, 0.0)	(3, 0.0)	(4, 0.0)	(5, 0.0)	(6, 0.0)	(7, 0.0)	(8, 0.0)	(9, 0.0)	(10, 0.0)	(1000, 0.0)	(2000, 0.0)	(3000, 0.0)	(4000, 0.0)	(5000, 0.03880000000000001)	(6000, 0.19999999999999718)	(7000, 0.33759999999999846)	(8000, 0.5006000000000105)	(9000, 0.6645999999999969)	(10000, 0.7999999999999887)	(11000, 0.7999999999999887)	(12000, 0.7999999999999887)	(13000, 0.7999999999999887)	(14000, 0.7999999999999887)	(15000, 0.9845999999999999)	(16000, 1.0)	(17000, 1.0)	(18000, 1.0)	(19000, 1.0)	(20000, 1.0)	(21000, 1.0)	(22000, 1.0)	(23000, 1.0)	(24000, 1.0)	(25000, 1.0)	(26000, 1.0)	(27000, 1.0)	(28000, 1.0)	(29000, 1.0976000000000221)	(30000, 1.2000000000000226)	(31000, 1.3118000000000078)	(32000, 1.405200000000008)	(33000, 1.5999999999999774)	(34000, 1.5999999999999774)	(35000, 1.5999999999999774)	(36000, 1.5999999999999774)	(37000, 1.5999999999999774)	(38000, 1.5999999999999774)	(39000, 1.5999999999999774)	(40000, 1.5999999999999774)	(41000, 1.5999999999999774)	(42000, 1.5999999999999774)	(43000, 1.5999999999999774)	(44000, 1.5999999999999774)	(45000, 1.5999999999999774)	(46000, 1.5999999999999774)	(47000, 1.5999999999999972)																	
FAY99780_pass_barcode01_98e12ebb_5ad7f319_144 - polyg	(1, 0.0)	(2, 0.0)	(3, 0.0)	(4, 0.0)	(5, 0.0)	(6, 0.0)	(7, 0.0)	(8, 0.0)	(9, 0.0)	(10, 0.0)	(1000, 0.0)	(2000, 0.0)	(3000, 0.0)	(4000, 0.0)	(5000, 0.0)	(6000, 0.0)	(7000, 0.0804000000000006)	(8000, 0.19999999999999718)	(9000, 0.19999999999999718)	(10000, 0.19999999999999718)	(11000, 0.19999999999999718)	(12000, 0.19999999999999718)	(13000, 0.19999999999999718)	(14000, 0.19999999999999718)	(15000, 0.19999999999999718)	(16000, 0.3845999999999952)	(17000, 0.4752000000000107)	(18000, 0.6000000000000113)	(19000, 0.6000000000000113)	(20000, 0.6000000000000113)	(21000, 0.6000000000000113)	(22000, 0.6000000000000113)	(23000, 0.6000000000000113)	(24000, 0.6000000000000113)	(25000, 0.6000000000000113)	(26000, 0.6000000000000113)	(27000, 0.6000000000000113)	(28000, 0.6000000000000113)	(29000, 0.6705999999999961)	(30000, 0.7999999999999887)	(31000, 0.7999999999999887)	(32000, 0.7999999999999887)	(33000, 0.8892000000000041)	(34000, 1.0)	(35000, 1.0)	(36000, 1.0)	(37000, 1.0)	(38000, 1.0)	(39000, 1.0)	(40000, 1.0)	(41000, 1.0)	(42000, 1.0)	(43000, 1.0)	(44000, 1.0)	(45000, 1.0)	(46000, 1.0)	(47000, 1.0)																	
FAY99780_pass_barcode01_98e12ebb_5ad7f319_145 - polya	(1, 0.0)	(2, 0.0)	(3, 0.0)	(4, 0.0)	(5, 0.0)	(6, 0.0)	(7, 0.0)	(8, 0.0)	(9, 0.0)	(10, 0.0)	(1000, 0.06801705756929621)	(2000, 0.21321961620469462)	(3000, 0.34115138592751115)	(4000, 0.42643923240938925)	(5000, 0.42643923240938925)	(6000, 0.42643923240938925)	(7000, 0.42643923240938925)	(8000, 0.42643923240938925)	(9000, 0.42643923240938925)	(10000, 0.42643923240938925)	(11000, 0.42643923240938925)	(12000, 0.42643923240938925)	(13000, 0.44477611940299316)	(14000, 0.7840085287846614)	(15000, 0.8528784648187785)	(16000, 0.8528784648187785)	(17000, 0.8528784648187785)	(18000, 0.8528784648187785)	(19000, 0.8528784648187785)	(20000, 0.8528784648187785)	(21000, 0.8528784648187785)	(22000, 0.8528784648187785)	(23000, 0.8528784648187785)	(24000, 0.8528784648187785)	(25000, 0.8528784648187785)	(26000, 0.8528784648187785)	(27000, 0.8528784648187785)	(28000, 0.8528784648187785)	(29000, 0.8528784648187785)	(30000, 0.8528784648187785)	(31000, 0.8528784648187785)	(32000, 0.8528784648187785)	(33000, 0.8528784648187785)	(34000, 0.875053304904067)	(35000, 1.0660980810234628)	(36000, 1.0660980810234628)	(37000, 1.0660980810234628)	(38000, 1.0660980810234628)	(39000, 1.0660980810234628)	(40000, 1.0660980810234628)	(41000, 1.0660980810234628)	(42000, 1.0660980810234628)	(43000, 1.0660980810234628)	(44000, 1.0660980810234628)	(45000, 1.0660980810234628)	(46000, 1.0660980810234628)	(47000, 1.0660980810234628)	(48000, 1.0660980810234628)	(49000, 1.066098081023441)															
FAY99780_pass_barcode01_98e12ebb_5ad7f319_145 - polyg	(1, 0.0)	(2, 0.0)	(3, 0.0)	(4, 0.0)	(5, 0.0)	(6, 0.0)	(7, 0.0)	(8, 0.0)	(9, 0.0)	(10, 0.0)	(1000, 0.0)	(2000, 0.0)	(3000, 0.0)	(4000, 0.0)	(5000, 0.0)	(6000, 0.1326226012793193)	(7000, 0.21321961620469462)	(8000, 0.21321961620469462)	(9000, 0.21321961620469462)	(10000, 0.21321961620469462)	(11000, 0.21321961620469462)	(12000, 0.21321961620469462)	(13000, 0.21321961620469462)	(14000, 0.21321961620469462)	(15000, 0.21321961620469462)	(16000, 0.21321961620469462)	(17000, 0.21321961620469462)	(18000, 0.21321961620469462)	(19000, 0.21321961620469462)	(20000, 0.21321961620469462)	(21000, 0.21321961620469462)	(22000, 0.21321961620469462)	(23000, 0.21321961620469462)	(24000, 0.21321961620469462)	(25000, 0.21321961620469462)	(26000, 0.21321961620469462)	(27000, 0.21321961620469462)	(28000, 0.21321961620469462)	(29000, 0.21321961620469462)	(30000, 0.21321961620469462)	(31000, 0.21321961620469462)	(32000, 0.21321961620469462)	(33000, 0.21321961620469462)	(34000, 0.22942430703625158)	(35000, 0.42643923240938925)	(36000, 0.42643923240938925)	(37000, 0.42643923240938925)	(38000, 0.42643923240938925)	(39000, 0.42643923240938925)	(40000, 0.42643923240938925)	(41000, 0.42643923240938925)	(42000, 0.42643923240938925)	(43000, 0.42643923240938925)	(44000, 0.42643923240938925)	(45000, 0.42643923240938925)	(46000, 0.42643923240938925)	(47000, 0.42643923240938925)	(48000, 0.42643923240938925)	(49000, 0.42643923240938464)															
FAY99780_pass_barcode01_98e12ebb_5ad7f319_146 - polya	(1, 0.0)	(2, 0.0)	(3, 0.0)	(4, 0.0)	(5, 0.0)	(6, 0.0)	(7, 0.0)	(8, 0.0)	(9, 0.0)	(10, 0.037545263960358365)	(1000, 0.18867924528301913)	(2000, 0.18867924528301913)	(3000, 0.5158490566037819)	(4000, 0.5660377358490616)	(5000, 0.5660377358490616)	(6000, 0.5660377358490616)	(7000, 0.5660377358490616)	(8000, 0.5660377358490616)	(9000, 0.5660377358490616)	(10000, 0.5660377358490616)	(11000, 0.5660377358490616)	(12000, 0.5660377358490616)	(13000, 0.5660377358490616)	(14000, 0.5660377358490616)	(15000, 0.7450943396226422)	(16000, 0.7547169811320765)	(17000, 0.7547169811320765)	(18000, 0.7547169811320765)	(19000, 0.7547169811320765)	(20000, 0.7547169811320765)	(21000, 0.7547169811320765)	(22000, 0.7547169811320765)	(23000, 0.7547169811320765)	(24000, 0.7547169811320765)	(25000, 0.7547169811320765)	(26000, 0.7547169811320765)	(27000, 0.7547169811320765)	(28000, 0.7547169811320765)	(29000, 0.8628301886792323)	(30000, 0.9733962264150915)	(31000, 1.1320754716981232)	(32000, 1.1320754716981232)	(33000, 1.1320754716981232)	(34000, 1.1320754716981232)	(35000, 1.1320754716981232)	(36000, 1.1320754716981232)	(37000, 1.1320754716981232)	(38000, 1.1320754716981232)	(39000, 1.1320754716981232)	(40000, 1.1320754716981232)	(41000, 1.1320754716981232)	(42000, 1.1320754716981232)	(43000, 1.1320754716981232)	(44000, 1.1320754716981232)	(45000, 1.1320754716981232)	(46000, 1.1320754716981232)	(47000, 1.1320754716981232)	(48000, 1.1320754716981232)	(49000, 1.1320754716981232)	(50000, 1.1320754716981232)	(51000, 1.1320754716981232)	(52000, 1.1320754716981232)	(53000, 1.1320754716981232)	(54000, 1.1320754716981232)	(55000, 1.1320754716981232)	(56000, 1.1320754716981232)	(57000, 1.1320754716981232)	(58000, 1.1320754716981232)	(59000, 1.1320754716981232)	(60000, 1.1320754716981232)	(61000, 1.132075471698116)			
FAY99780_pass_barcode01_98e12ebb_5ad7f319_146 - polyg	(1, 0.0)	(2, 0.0)	(3, 0.0)	(4, 0.0)	(5, 0.0)	(6, 0.0)	(7, 0.0)	(8, 0.0)	(9, 0.0)	(10, 0.0)	(1000, 0.0)	(2000, 0.0)	(3000, 0.0)	(4000, 0.0)	(5000, 0.0)	(6000, 0.0)	(7000, 0.0)	(8000, 0.0)	(9000, 0.0)	(10000, 0.0)	(11000, 0.0)	(12000, 0.0)	(13000, 0.0)	(14000, 0.0)	(15000, 0.0)	(16000, 0.0)	(17000, 0.0)	(18000, 0.0)	(19000, 0.0)	(20000, 0.0)	(21000, 0.0)	(22000, 0.0)	(23000, 0.0)	(24000, 0.0)	(25000, 0.0)	(26000, 0.0)	(27000, 0.0)	(28000, 0.0)	(29000, 0.0)	(30000, 0.10962264150943248)	(31000, 0.18867924528301913)	(32000, 0.18867924528301913)	(33000, 0.18867924528301913)	(34000, 0.18867924528301913)	(35000, 0.18867924528301913)	(36000, 0.18867924528301913)	(37000, 0.18867924528301913)	(38000, 0.18867924528301913)	(39000, 0.18867924528301913)	(40000, 0.18867924528301913)	(41000, 0.18867924528301913)	(42000, 0.18867924528301913)	(43000, 0.18867924528301913)	(44000, 0.18867924528301913)	(45000, 0.18867924528301913)	(46000, 0.18867924528301913)	(47000, 0.18867924528301913)	(48000, 0.18867924528301913)	(49000, 0.18867924528301913)	(50000, 0.18867924528301913)	(51000, 0.18867924528301913)	(52000, 0.18867924528301913)	(53000, 0.18867924528301913)	(54000, 0.18867924528301913)	(55000, 0.18867924528301913)	(56000, 0.18867924528301913)	(57000, 0.18867924528301913)	(58000, 0.18867924528301913)	(59000, 0.18867924528301913)	(60000, 0.18867924528301913)	(61000, 0.18867924528301633)			
FAY99780_pass_barcode01_98e12ebb_5ad7f319_147 - polya	(1, 0.0)	(2, 0.0)	(3, 0.0)	(4, 0.0)	(5, 0.0)	(6, 0.0)	(7, 0.0)	(8, 0.0)	(9, 0.0)	(10, 0.0)	(1000, 0.0)	(2000, 0.0802348336594911)	(3000, 0.19569471624265808)	(4000, 0.19569471624265808)	(5000, 0.19569471624265808)	(6000, 0.19569471624265808)	(7000, 0.19569471624265808)	(8000, 0.19569471624265808)	(9000, 0.19569471624265808)	(10000, 0.19569471624265808)	(11000, 0.19569471624265808)	(12000, 0.19569471624265808)	(13000, 0.19569471624265808)	(14000, 0.19569471624265808)	(15000, 0.19569471624265808)	(16000, 0.3542074363992117)	(17000, 0.39138943248531616)	(18000, 0.39138943248531616)	(19000, 0.39138943248531616)	(20000, 0.39138943248531616)	(21000, 0.39138943248531616)	(22000, 0.39138943248531616)	(23000, 0.39138943248531616)	(24000, 0.39138943248531616)	(25000, 0.39138943248531616)	(26000, 0.39138943248531616)	(27000, 0.39138943248531616)	(28000, 0.39138943248531616)	(29000, 0.39138943248531616)	(30000, 0.39138943248531616)	(31000, 0.43052837573384733)	(32000, 0.5870841487279771)	(33000, 0.5870841487279771)	(34000, 0.5870841487279771)	(35000, 0.5870841487279771)	(36000, 0.5870841487279771)	(37000, 0.5870841487279771)	(38000, 0.5870841487279771)	(39000, 0.5870841487279771)	(40000, 0.5870841487279771)	(41000, 0.5870841487279771)	(42000, 0.5870841487279816)																						
FAY99780_pass_barcode01_98e12ebb_5ad7f319_147 - polyg	(1, 0.0)	(2, 0.0)	(3, 0.0)	(4, 0.0)	(5, 0.0)	(6, 0.0)	(7, 0.0)	(8, 0.0)	(9, 0.0)	(10, 0.0)	(1000, 0.0)	(2000, 0.0)	(3000, 0.0)	(4000, 0.0)	(5000, 0.0)	(6000, 0.0)	(7000, 0.0)	(8000, 0.0)	(9000, 0.0)	(10000, 0.0)	(11000, 0.0)	(12000, 0.0)	(13000, 0.0)	(14000, 0.0)	(15000, 0.0)	(16000, 0.0)	(17000, 0.0)	(18000, 0.0)	(19000, 0.0)	(20000, 0.008610567514677097)	(21000, 0.19569471624265808)	(22000, 0.19569471624265808)	(23000, 0.19569471624265808)	(24000, 0.19569471624265808)	(25000, 0.19569471624265808)	(26000, 0.19569471624265808)	(27000, 0.19569471624265808)	(28000, 0.19569471624265808)	(29000, 0.19569471624265808)	(30000, 0.19569471624265808)	(31000, 0.21722113502935023)	(32000, 0.39138943248531616)	(33000, 0.39138943248531616)	(34000, 0.39138943248531616)	(35000, 0.39138943248531616)	(36000, 0.39138943248531616)	(37000, 0.39138943248531616)	(38000, 0.39138943248531616)	(39000, 0.39138943248531616)	(40000, 0.39138943248531616)	(41000, 0.39138943248531616)	(42000, 0.39138943248531827)																						
FAY99780_pass_barcode01_98e12ebb_5ad7f319_148 - polya	(1, 0.0)	(2, 0.0)	(3, 0.0)	(4, 0.0)	(5, 0.0)	(6, 0.0)	(7, 0.0)	(8, 0.0)	(9, 0.0)	(10, 0.07818678959618594)	(1000, 0.22371364653244336)	(2000, 0.22371364653244336)	(3000, 0.22371364653244336)	(4000, 0.22371364653244336)	(5000, 0.22371364653244336)	(6000, 0.22371364653244336)	(7000, 0.22371364653244336)	(8000, 0.22371364653244336)	(9000, 0.22371364653244336)	(10000, 0.22371364653244336)	(11000, 0.22371364653244336)	(12000, 0.22371364653244336)	(13000, 0.32483221476510854)	(14000, 0.4474272930648867)	(15000, 0.4474272930648867)	(16000, 0.4474272930648867)	(17000, 0.4474272930648867)	(18000, 0.4474272930648867)	(19000, 0.4474272930648867)	(20000, 0.4474272930648867)	(21000, 0.4474272930648867)	(22000, 0.4474272930648867)	(23000, 0.4474272930648867)	(24000, 0.4474272930648867)	(25000, 0.4474272930648867)	(26000, 0.4474272930648867)	(27000, 0.4474272930648867)	(28000, 0.4474272930648867)	(29000, 0.4474272930648867)	(30000, 0.4474272930648867)	(31000, 0.4474272930648867)	(32000, 0.4474272930648867)	(33000, 0.4474272930648867)	(34000, 0.4474272930648867)	(35000, 0.4474272930648867)	(36000, 0.4474272930648867)	(37000, 0.4474272930648867)	(38000, 0.4474272930648867)	(39000, 0.4474272930648867)	(40000, 0.4474272930648867)	(41000, 0.4474272930648867)	(42000, 0.4474272930648867)	(43000, 0.4474272930648867)	(44000, 0.4474272930648867)	(45000, 0.4474272930648867)	(46000, 0.4474272930648867)	(47000, 0.4474272930648867)	(48000, 0.4474272930648867)	(49000, 0.4474272930648867)	(50000, 0.4474272930648867)	(51000, 0.4474272930648867)	(52000, 0.4474272930648867)	(53000, 0.44742729306487666)											
FAY99780_pass_barcode01_98e12ebb_5ad7f319_148 - polyg	(1, 0.0)	(2, 0.0)	(3, 0.0)	(4, 0.0)	(5, 0.0)	(6, 0.0)	(7, 0.0)	(8, 0.0)	(9, 0.0)	(10, 0.0)	(1000, 0.0)	(2000, 0.0)	(3000, 0.0)	(4000, 0.0)	(5000, 0.0)	(6000, 0.0)	(7000, 0.0)	(8000, 0.0)	(9000, 0.0)	(10000, 0.0)	(11000, 0.0)	(12000, 0.0)	(13000, 0.09798657718120905)	(14000, 0.22371364653244336)	(15000, 0.22371364653244336)	(16000, 0.22371364653244336)	(17000, 0.22371364653244336)	(18000, 0.22371364653244336)	(19000, 0.22371364653244336)	(20000, 0.22371364653244336)	(21000, 0.22371364653244336)	(22000, 0.22371364653244336)	(23000, 0.22371364653244336)	(24000, 0.22371364653244336)	(25000, 0.22371364653244336)	(26000, 0.22371364653244336)	(27000, 0.22371364653244336)	(28000, 0.22371364653244336)	(29000, 0.22371364653244336)	(30000, 0.22371364653244336)	(31000, 0.22371364653244336)	(32000, 0.22371364653244336)	(33000, 0.22371364653244336)	(34000, 0.22371364653244336)	(35000, 0.22371364653244336)	(36000, 0.22371364653244336)	(37000, 0.22371364653244336)	(38000, 0.22371364653244336)	(39000, 0.22371364653244336)	(40000, 0.22371364653244336)	(41000, 0.22371364653244336)	(42000, 0.22371364653244336)	(43000, 0.22371364653244336)	(44000, 0.22371364653244336)	(45000, 0.22371364653244336)	(46000, 0.22371364653244336)	(47000, 0.22371364653244336)	(48000, 0.22371364653244336)	(49000, 0.22371364653244336)	(50000, 0.22371364653244336)	(51000, 0.22371364653244336)	(52000, 0.22371364653244336)	(53000, 0.22371364653243833)											
FAY99780_pass_barcode01_98e12ebb_5ad7f319_149 - polya	(1, 0.0)	(2, 0.0)	(3, 0.0)	(4, 0.0)	(5, 0.0)	(6, 0.0)	(7, 0.0)	(8, 0.0)	(9, 0.0)	(10, 0.0)	(1000, 0.0)	(2000, 0.0)	(3000, 0.0)	(4000, 0.1664351851851872)	(5000, 0.23148148148148734)	(6000, 0.23148148148148734)	(7000, 0.23148148148148734)	(8000, 0.23148148148148734)	(9000, 0.23148148148148734)	(10000, 0.23148148148148734)	(11000, 0.23148148148148734)	(12000, 0.23148148148148734)	(13000, 0.23148148148148734)	(14000, 0.23148148148148734)	(15000, 0.289814814814819)	(16000, 0.5824074074074134)	(17000, 0.6944444444444544)	(18000, 0.6944444444444544)	(19000, 0.6944444444444544)	(20000, 0.6944444444444544)	(21000, 0.6944444444444544)	(22000, 0.7939814814815025)	(23000, 0.9259259259259494)	(24000, 0.9259259259259494)	(25000, 0.9259259259259494)	(26000, 0.9259259259259494)	(27000, 0.9259259259259494)	(28000, 0.9259259259259494)	(29000, 0.9259259259259494)	(30000, 1.012731481481478)	(31000, 1.1574074074073957)	(32000, 1.1574074074073957)	(33000, 1.1574074074073957)	(34000, 1.1574074074073957)	(35000, 1.1574074074073957)	(36000, 1.1574074074073957)	(37000, 1.1574074074073957)	(38000, 1.1574074074073957)	(39000, 1.1574074074073957)	(40000, 1.1574074074073957)	(41000, 1.1574074074073957)	(42000, 1.1574074074073957)	(43000, 1.1574074074073957)	(44000, 1.1574074074073957)	(45000, 1.1574074074073957)	(46000, 1.1574074074073957)	(47000, 1.1574074074074059)																	
FAY99780_pass_barcode01_98e12ebb_5ad7f319_149 - polyg	(1, 0.0)	(2, 0.0)	(3, 0.0)	(4, 0.0)	(5, 0.0)	(6, 0.0)	(7, 0.0)	(8, 0.0)	(9, 0.0)	(10, 0.0)	(1000, 0.0)	(2000, 0.0)	(3000, 0.0)	(4000, 0.0)	(5000, 0.0)	(6000, 0.0)	(7000, 0.0)	(8000, 0.0)	(9000, 0.0)	(10000, 0.0)	(11000, 0.0)	(12000, 0.0)	(13000, 0.0)	(14000, 0.0)	(15000, 0.0)	(16000, 0.0)	(17000, 0.0)	(18000, 0.0)	(19000, 0.0)	(20000, 0.0)	(21000, 0.0)	(22000, 0.0)	(23000, 0.0)	(24000, 0.0)	(25000, 0.0)	(26000, 0.0)	(27000, 0.0)	(28000, 0.0)	(29000, 0.0)	(30000, 0.0)	(31000, 0.11759259259259236)	(32000, 0.23148148148148734)	(33000, 0.23148148148148734)	(34000, 0.23148148148148734)	(35000, 0.23148148148148734)	(36000, 0.23148148148148734)	(37000, 0.23148148148148734)	(38000, 0.23148148148148734)	(39000, 0.23148148148148734)	(40000, 0.23148148148148734)	(41000, 0.23148148148148734)	(42000, 0.23148148148148734)	(43000, 0.23148148148148734)	(44000, 0.23148148148148734)	(45000, 0.23148148148148734)	(46000, 0.23148148148148734)	(47000, 0.23148148148148104)																	
FAY99780_pass_barcode01_98e12ebb_5ad7f319_15 - polya	(1, 0.0)	(2, 0.0)	(3, 0.0)	(4, 0.0)	(5, 0.0)	(6, 0.0)	(7, 0.0)	(8, 0.0)	(9, 0.0)	(10, 0.0)	(1000, 0.0)	(2000, 0.0)	(3000, 0.0)	(4000, 0.0871848739495815)	(5000, 0.20091036414565583)	(6000, 0.2665266106442639)	(7000, 0.28011204481793395)	(8000, 0.28011204481793395)	(9000, 0.36897759103641536)	(10000, 0.5054621848739593)	(11000, 0.5848739495798383)	(12000, 0.686834733893548)	(13000, 0.7703081232492939)	(14000, 0.7703081232492939)	(15000, 0.7703081232492939)	(16000, 0.7703081232492939)	(17000, 0.7703081232492939)	(18000, 0.7703081232492939)	(19000, 0.8516106442576984)	(20000, 0.9103641456582635)	(21000, 0.9103641456582635)	(22000, 0.9103641456582635)	(23000, 0.9103641456582635)	(24000, 0.9103641456582635)	(25000, 0.9103641456582635)	(26000, 0.9103641456582635)	(27000, 0.9103641456582635)	(28000, 0.9103641456582635)	(29000, 0.9103641456582635)	(30000, 0.9103641456582635)	(31000, 0.9103641456582635)	(32000, 0.9103641456582635)	(33000, 0.9785014005602359)	(34000, 0.980392156862757)	(35000, 0.980392156862757)	(36000, 0.980392156862757)	(37000, 0.980392156862757)	(38000, 0.980392156862757)	(39000, 0.980392156862757)	(40000, 0.987815126050434)	(41000, 1.050420168067238)	(42000, 1.050420168067238)	(43000, 1.050420168067238)	(44000, 1.050420168067238)	(45000, 1.050420168067238)	(46000, 1.050420168067238)	(47000, 1.050420168067238)	(48000, 1.050420168067238)	(49000, 1.050420168067238)	(50000, 1.050420168067238)	(51000, 1.050420168067238)	(52000, 1.050420168067232)												
FAY99780_pass_barcode01_98e12ebb_5ad7f319_15 - polyg	(1, 0.0)	(2, 0.0)	(3, 0.0)	(4, 0.0)	(5, 0.0)	(6, 0.0)	(7, 0.0)	(8, 0.0)	(9, 0.0)	(10, 0.0)	(1000, 0.0)	(2000, 0.0)	(3000, 0.0)	(4000, 0.0)	(5000, 0.0)	(6000, 0.0)	(7000, 0.0)	(8000, 0.0)	(9000, 0.0)	(10000, 0.05063025210084113)	(11000, 0.07002801120448349)	(12000, 0.07002801120448349)	(13000, 0.08837535014005797)	(14000, 0.14005602240896697)	(15000, 0.14005602240896697)	(16000, 0.14005602240896697)	(17000, 0.14005602240896697)	(18000, 0.1463585434173694)	(19000, 0.21008403361344272)	(20000, 0.21008403361344272)	(21000, 0.21008403361344272)	(22000, 0.21008403361344272)	(23000, 0.21008403361344272)	(24000, 0.21008403361344272)	(25000, 0.21008403361344272)	(26000, 0.21008403361344272)	(27000, 0.21008403361344272)	(28000, 0.21008403361344272)	(29000, 0.21008403361344272)	(30000, 0.21008403361344272)	(31000, 0.21008403361344272)	(32000, 0.21008403361344272)	(33000, 0.21008403361344272)	(34000, 0.21008403361344272)	(35000, 0.21008403361344272)	(36000, 0.21008403361344272)	(37000, 0.21008403361344272)	(38000, 0.21008403361344272)	(39000, 0.21008403361344272)	(40000, 0.21008403361344272)	(41000, 0.21008403361344272)	(42000, 0.21008403361344272)	(43000, 0.21008403361344272)	(44000, 0.21008403361344272)	(45000, 0.21008403361344272)	(46000, 0.21008403361344272)	(47000, 0.21008403361344272)	(48000, 0.21008403361344272)	(49000, 0.21008403361344272)	(50000, 0.21008403361344272)	(51000, 0.21008403361344272)	(52000, 0.21008403361344596)												
FAY99780_pass_barcode01_98e12ebb_5ad7f319_150 - polya	(1, 0.0)	(2, 0.0)	(3, 0.0)	(4, 0.0)	(5, 0.0)	(6, 0.0)	(7, 0.0)	(8, 0.0)	(9, 0.0)	(10, 0.0)	(1000, 0.0)	(2000, 0.0)	(3000, 0.03125000000000007)	(4000, 0.4485576923076891)	(5000, 0.4807692307692271)	(6000, 0.4807692307692271)	(7000, 0.4807692307692271)	(8000, 0.4807692307692271)	(9000, 0.4807692307692271)	(10000, 0.4807692307692271)	(11000, 0.4807692307692271)	(12000, 0.5396634615384621)	(13000, 0.7211538461538421)	(14000, 0.7211538461538421)	(15000, 0.7211538461538421)	(16000, 0.847115384615381)	(17000, 0.9615384615384542)	(18000, 0.9615384615384542)	(19000, 0.9615384615384542)	(20000, 0.9615384615384542)	(21000, 0.9615384615384542)	(22000, 0.9615384615384542)	(23000, 0.9615384615384542)	(24000, 1.0033653846153818)	(25000, 1.2019230769230895)	(26000, 1.2019230769230895)	(27000, 1.2019230769230895)	(28000, 1.2019230769230895)	(29000, 1.2019230769230895)	(30000, 1.2019230769230895)	(31000, 1.2019230769230895)	(32000, 1.4324519230769153)	(33000, 1.4423076923076843)	(34000, 1.4423076923076843)	(35000, 1.4423076923076843)	(36000, 1.4423076923076843)	(37000, 1.4423076923076843)	(38000, 1.4423076923076843)	(39000, 1.4423076923076843)	(40000, 1.6192307692307795)	(41000, 1.6826923076923246)	(42000, 1.6826923076923246)	(43000, 1.6826923076923246)	(44000, 1.6826923076923246)	(45000, 1.6826923076923246)	(46000, 1.6826923076923246)	(47000, 1.6826923076923246)	(48000, 1.6826923076923246)	(49000, 1.6826923076923246)	(50000, 1.6826923076923246)	(51000, 1.6826923076923164)													
FAY99780_pass_barcode01_98e12ebb_5ad7f319_150 - polyg	(1, 0.0)	(2, 0.0)	(3, 0.0)	(4, 0.0)	(5, 0.0)	(6, 0.0)	(7, 0.0)	(8, 0.0)	(9, 0.0)	(10, 0.0)	(1000, 0.0)	(2000, 0.0)	(3000, 0.0)	(4000, 0.23100961538461365)	(5000, 0.24038461538461356)	(6000, 0.24038461538461356)	(7000, 0.24038461538461356)	(8000, 0.24038461538461356)	(9000, 0.24038461538461356)	(10000, 0.24038461538461356)	(11000, 0.24038461538461356)	(12000, 0.24038461538461356)	(13000, 0.24038461538461356)	(14000, 0.24038461538461356)	(15000, 0.24038461538461356)	(16000, 0.3512019230769203)	(17000, 0.4807692307692271)	(18000, 0.4807692307692271)	(19000, 0.4807692307692271)	(20000, 0.4807692307692271)	(21000, 0.4807692307692271)	(22000, 0.4807692307692271)	(23000, 0.4807692307692271)	(24000, 0.4807692307692271)	(25000, 0.4807692307692271)	(26000, 0.4807692307692271)	(27000, 0.4807692307692271)	(28000, 0.4807692307692271)	(29000, 0.4807692307692271)	(30000, 0.4807692307692271)	(31000, 0.4807692307692271)	(32000, 0.4807692307692271)	(33000, 0.4807692307692271)	(34000, 0.4807692307692271)	(35000, 0.4807692307692271)	(36000, 0.4807692307692271)	(37000, 0.4807692307692271)	(38000, 0.4807692307692271)	(39000, 0.4807692307692271)	(40000, 0.4807692307692271)	(41000, 0.4807692307692271)	(42000, 0.4807692307692271)	(43000, 0.4807692307692271)	(44000, 0.4807692307692271)	(45000, 0.4807692307692271)	(46000, 0.4807692307692271)	(47000, 0.4807692307692271)	(48000, 0.4807692307692271)	(49000, 0.4807692307692271)	(50000, 0.4807692307692271)	(51000, 0.4807692307692294)													
FAY99780_pass_barcode01_98e12ebb_5ad7f319_151 - polya	(1, 0.0)	(2, 0.0)	(3, 0.0)	(4, 0.0)	(5, 0.0)	(6, 0.0)	(7, 0.0)	(8, 0.0)	(9, 0.0)	(10, 0.0)	(2000, 0.0)	(4000, 0.0722664015904572)	(6000, 0.21739562624254705)	(8000, 0.7506958250497098)	(10000, 1.1676938369781897)	(12000, 1.1928429423459843)	(14000, 1.2367793240557143)	(16000, 1.391650099403579)	(18000, 1.5664015904572837)	(20000, 1.5904572564612607)	(22000, 1.5904572564612607)	(24000, 1.7269383697813607)	(26000, 1.7892644135189442)	(28000, 1.7892644135189442)	(30000, 1.9404572564613054)	(32000, 2.1868787276342885)	(34000, 2.1868787276342885)	(36000, 2.1868787276342885)	(38000, 2.1868787276342885)	(40000, 2.3314115308152203)	(42000, 2.3856858846919686)	(44000, 2.3856858846919686)	(46000, 2.3856858846919686)	(48000, 2.3856858846919686)	(50000, 2.3856858846919686)	(52000, 2.4755467196819056)	(54000, 2.5844930417494676)	(56000, 2.5844930417494676)	(58000, 2.5844930417494676)	(60000, 2.5844930417494676)	(62000, 2.5844930417494676)	(64000, 2.5844930417494676)	(66000, 2.5844930417494676)	(68000, 2.5844930417494676)	(70000, 2.5844930417494676)	(72000, 2.5844930417494676)	(74000, 2.5844930417494676)	(76000, 2.5844930417494676)	(78000, 2.5844930417494676)	(80000, 2.5844930417494676)	(82000, 2.5844930417494676)	(84000, 2.5844930417494676)	(86000, 2.5844930417494676)	(88000, 2.5844930417494676)	(90000, 2.5844930417494676)	(92000, 2.5844930417494676)	(94000, 2.5844930417494676)	(96000, 2.5844930417494676)	(98000, 2.5844930417494676)	(100000, 2.5844930417494676)	(102000, 2.5844930417494676)	(104000, 2.5844930417494676)	(106000, 2.5844930417494676)	(108000, 2.5844930417494676)	(110000, 2.5844930417494676)	(112000, 2.5844930417494676)	(114000, 2.5844930417494676)	(116000, 2.5844930417494676)	(118000, 2.58449304174951)					
FAY99780_pass_barcode01_98e12ebb_5ad7f319_151 - polyg	(1, 0.0)	(2, 0.0)	(3, 0.0)	(4, 0.0)	(5, 0.0)	(6, 0.0)	(7, 0.0)	(8, 0.0)	(9, 0.0)	(10, 0.0)	(2000, 0.0)	(4000, 0.0)	(6000, 0.0)	(8000, 0.0)	(10000, 0.17564612326043877)	(12000, 0.19880715705765759)	(14000, 0.19880715705765759)	(16000, 0.19880715705765759)	(18000, 0.3102385685884674)	(20000, 0.39761431411531517)	(22000, 0.39761431411531517)	(24000, 0.39761431411531517)	(26000, 0.39761431411531517)	(28000, 0.39761431411531517)	(30000, 0.39761431411531517)	(32000, 0.39761431411531517)	(34000, 0.39761431411531517)	(36000, 0.39761431411531517)	(38000, 0.39761431411531517)	(40000, 0.39761431411531517)	(42000, 0.39761431411531517)	(44000, 0.39761431411531517)	(46000, 0.39761431411531517)	(48000, 0.39761431411531517)	(50000, 0.39761431411531517)	(52000, 0.39761431411531517)	(54000, 0.39761431411531517)	(56000, 0.39761431411531517)	(58000, 0.39761431411531517)	(60000, 0.39761431411531517)	(62000, 0.39761431411531517)	(64000, 0.39761431411531517)	(66000, 0.40248508946322814)	(68000, 0.5964214711729922)	(70000, 0.5964214711729922)	(72000, 0.5964214711729922)	(74000, 0.5964214711729922)	(76000, 0.5964214711729922)	(78000, 0.5964214711729922)	(80000, 0.5964214711729922)	(82000, 0.5964214711729922)	(84000, 0.5964214711729922)	(86000, 0.5964214711729922)	(88000, 0.5964214711729922)	(90000, 0.5964214711729922)	(92000, 0.5964214711729922)	(94000, 0.5964214711729922)	(96000, 0.5964214711729922)	(98000, 0.5964214711729922)	(100000, 0.5964214711729922)	(102000, 0.5964214711729922)	(104000, 0.5964214711729922)	(106000, 0.5964214711729922)	(108000, 0.5964214711729922)	(110000, 0.5964214711729922)	(112000, 0.5964214711729922)	(114000, 0.5964214711729922)	(116000, 0.5964214711729922)	(118000, 0.5964214711729598)					
FAY99780_pass_barcode01_98e12ebb_5ad7f319_152 - polya	(1, 0.0)	(2, 0.0)	(3, 0.0)	(4, 0.0)	(5, 0.0)	(6, 0.0)	(7, 0.0)	(8, 0.0)	(9, 0.0)	(10, 0.16405667412378813)	(100, 0.16778523489932884)	(200, 0.16778523489932884)	(300, 0.16778523489932884)	(400, 0.16778523489932884)	(500, 0.16778523489932884)	(600, 0.16778523489932884)	(700, 0.16778523489932884)	(800, 0.16778523489932884)	(900, 0.16778523489932884)	(1000, 0.16778523489932884)	(1100, 0.16778523489932884)	(1200, 0.16778523489932884)	(1300, 0.16778523489932884)	(1400, 0.16778523489932884)	(1500, 0.16778523489932884)	(1600, 0.16778523489932884)	(1700, 0.16778523489932884)	(1800, 0.16778523489932884)	(1900, 0.16778523489932884)	(2000, 0.16778523489932884)	(2100, 0.16778523489932884)	(2200, 0.16778523489932884)	(2300, 0.16778523489932884)	(2400, 0.16778523489932884)	(2500, 0.16778523489932884)	(2600, 0.16778523489932884)	(2700, 0.16778523489932884)	(2800, 0.16778523489932884)	(2900, 0.16778523489932884)	(3000, 0.16778523489932884)	(3100, 0.16778523489932884)	(3200, 0.16778523489932884)	(3300, 0.16778523489932884)	(3400, 0.16778523489932884)	(3500, 0.16778523489932884)	(3600, 0.16778523489932884)	(3700, 0.16778523489932884)	(3800, 0.16778523489932884)	(3900, 0.16778523489932884)	(4000, 0.16778523489932884)	(4100, 0.16778523489932884)	(4200, 0.16778523489932884)	(4300, 0.16778523489932884)	(4400, 0.16778523489932884)	(4500, 0.16778523489932884)	(4600, 0.16778523489932884)	(4700, 0.16778523489932884)	(4800, 0.16778523489932884)	(4900, 0.1677852348993288)															
FAY99780_pass_barcode01_98e12ebb_5ad7f319_16 - polya	(1, 0.0)	(2, 0.0)	(3, 0.0)	(4, 0.0)	(5, 0.0)	(6, 0.0)	(7, 0.0)	(8, 0.0)	(9, 0.0)	(10, 0.0)	(2000, 0.0025017869907076468)	(4000, 0.0714796283059332)	(6000, 0.10121515368120125)	(8000, 0.21443888491779722)	(10000, 0.21443888491779722)	(12000, 0.27394567548248233)	(14000, 0.400428877769834)	(16000, 0.5003573981415401)	(18000, 0.5027162258756366)	(20000, 0.578663330950684)	(22000, 0.7115082201572298)	(24000, 0.7729807005003372)	(26000, 0.7862759113652418)	(28000, 0.7862759113652418)	(30000, 0.8490350250178659)	(32000, 0.8577555396711889)	(34000, 0.8783774124374558)	(36000, 0.929235167977139)	(38000, 0.929235167977139)	(40000, 0.929235167977139)	(42000, 0.9329521086490484)	(44000, 1.0199428162973811)	(46000, 1.0721944245890191)	(48000, 1.10482487491068)	(50000, 1.1487848463188068)	(52000, 1.2151536812008645)	(54000, 1.2151536812008645)	(56000, 1.2151536812008645)	(58000, 1.2685132237312509)	(60000, 1.2866333095068054)	(62000, 1.2866333095068054)	(64000, 1.2866333095068054)	(66000, 1.2866333095068054)	(68000, 1.2866333095068054)	(70000, 1.2866333095068054)	(72000, 1.2866333095068054)	(74000, 1.2866333095068054)	(76000, 1.2866333095068054)	(78000, 1.2866333095068054)	(80000, 1.2866333095068054)	(82000, 1.2866333095067846)																							
FAY99780_pass_barcode01_98e12ebb_5ad7f319_16 - polyg	(1, 0.0)	(2, 0.0)	(3, 0.0)	(4, 0.0)	(5, 0.0)	(6, 0.0)	(7, 0.0)	(8, 0.0)	(9, 0.0)	(10, 0.0)	(2000, 0.0)	(4000, 0.0)	(6000, 0.01304503216583283)	(8000, 0.0714796283059332)	(10000, 0.0714796283059332)	(12000, 0.0714796283059332)	(14000, 0.0714796283059332)	(16000, 0.0714796283059332)	(18000, 0.0714796283059332)	(20000, 0.0714796283059332)	(22000, 0.0714796283059332)	(24000, 0.0714796283059332)	(26000, 0.0714796283059332)	(28000, 0.0714796283059332)	(30000, 0.0714796283059332)	(32000, 0.0714796283059332)	(34000, 0.0714796283059332)	(36000, 0.0714796283059332)	(38000, 0.10246604717655611)	(40000, 0.1429592566118664)	(42000, 0.1429592566118664)	(44000, 0.1429592566118664)	(46000, 0.1429592566118664)	(48000, 0.1429592566118664)	(50000, 0.1429592566118664)	(52000, 0.1429592566118664)	(54000, 0.1429592566118664)	(56000, 0.15171551107934494)	(58000, 0.21443888491779722)	(60000, 0.21443888491779722)	(62000, 0.21443888491779722)	(64000, 0.21443888491779722)	(66000, 0.21443888491779722)	(68000, 0.21443888491779722)	(70000, 0.21443888491779722)	(72000, 0.21443888491779722)	(74000, 0.21443888491779722)	(76000, 0.21443888491779722)	(78000, 0.21443888491779722)	(80000, 0.21443888491779722)	(82000, 0.21443888491779733)																							
FAY99780_pass_barcode01_98e12ebb_5ad7f319_17 - polya	(1, 0.0)	(2, 0.0)	(3, 0.0)	(4, 0.0)	(5, 0.0)	(6, 0.0)	(7, 0.0)	(8, 0.0)	(9, 0.0)	(10, 0.0612539388049597)	(1000, 0.07288629737609302)	(2000, 0.10335276967930117)	(3000, 0.14577259475218604)	(4000, 0.16086005830903777)	(5000, 0.24650145772594712)	(6000, 0.2915451895043721)	(7000, 0.39030612244897606)	(8000, 0.437317784256553)	(9000, 0.437317784256553)	(10000, 0.437317784256553)	(11000, 0.5003644314868784)	(12000, 0.510204081632651)	(13000, 0.510204081632651)	(14000, 0.510204081632651)	(15000, 0.5787900874635551)	(16000, 0.5830903790087442)	(17000, 0.5830903790087442)	(18000, 0.6173469387755104)	(19000, 0.7782798833819232)	(20000, 0.874635568513106)	(21000, 0.874635568513106)	(22000, 0.874635568513106)	(23000, 0.909329446064154)	(24000, 0.9475218658892285)	(25000, 0.9475218658892285)	(26000, 0.9475218658892285)	(27000, 0.9475218658892285)	(28000, 0.9475218658892285)	(29000, 0.9475218658892285)	(30000, 0.9475218658892285)	(31000, 0.9475218658892285)	(32000, 0.9475218658892285)	(33000, 0.9475218658892285)	(34000, 0.9475218658892285)	(35000, 0.9475218658892285)	(36000, 0.9475218658892285)	(37000, 0.9768221574343983)	(38000, 1.020408163265302)	(39000, 1.020408163265302)	(40000, 1.020408163265302)	(41000, 1.020408163265302)	(42000, 1.020408163265302)	(43000, 1.020408163265302)	(44000, 1.020408163265302)	(45000, 1.020408163265302)	(46000, 1.020408163265302)	(47000, 1.020408163265302)	(48000, 1.0204081632653057)																
FAY99780_pass_barcode01_98e12ebb_5ad7f319_18 - polya	(1, 0.0)	(2, 0.0)	(3, 0.0)	(4, 0.0)	(5, 0.0)	(6, 0.0)	(7, 0.0)	(8, 0.0)	(9, 0.0)	(10, 0.024917665831036623)	(2000, 0.12136945071482007)	(4000, 0.18886380737396394)	(6000, 0.22573363431150803)	(8000, 0.282430398796077)	(10000, 0.35191873589163264)	(12000, 0.4281414597441604)	(14000, 0.5639954853272942)	(16000, 0.6019563581640114)	(18000, 0.6148984198645544)	(20000, 0.677200902934536)	(22000, 0.7270880361173486)	(24000, 0.7524454477050051)	(26000, 0.7524454477050051)	(28000, 0.7524454477050051)	(30000, 0.7524454477050051)	(32000, 0.7524454477050051)	(34000, 0.7524454477050051)	(36000, 0.7772761474793072)	(38000, 0.8276899924755806)	(40000, 0.8276899924755806)	(42000, 0.8276899924755806)	(44000, 0.8276899924755806)	(46000, 0.8276899924755806)	(48000, 0.8276899924755806)	(50000, 0.8276899924755806)	(52000, 0.8276899924755806)	(54000, 0.8276899924755806)	(56000, 0.8993980436418187)	(58000, 0.9029345372460321)	(60000, 0.9029345372460321)	(62000, 0.9029345372460321)	(64000, 0.9029345372460321)	(66000, 0.9029345372460321)	(68000, 0.9029345372460321)	(70000, 0.9029345372460321)	(72000, 0.9029345372460321)	(74000, 0.9029345372460321)	(76000, 0.9029345372460321)	(78000, 0.9029345372460321)	(80000, 0.9029345372460321)	(82000, 0.9029345372460321)	(84000, 0.9029345372460321)	(86000, 0.9029345372460321)	(88000, 0.9285929270128109)	(90000, 0.9781790820165831)	(92000, 0.9781790820165831)	(94000, 0.9781790820165831)	(96000, 0.9781790820165831)	(98000, 0.9781790820165831)	(100000, 0.9781790820165831)	(102000, 0.9781790820165831)	(104000, 0.9781790820165831)	(106000, 0.9781790820165831)	(108000, 0.9781790820165831)	(110000, 0.9781790820165831)	(112000, 0.9781790820165831)	(114000, 0.9781790820165831)	(116000, 0.9781790820165831)	(118000, 0.9781790820165831)	(120000, 0.9781790820165831)	(122000, 0.9781790820165831)	(124000, 0.9781790820165767)		
FAY99780_pass_barcode01_98e12ebb_5ad7f319_19 - polya	(1, 0.0)	(2, 0.0)	(3, 0.0)	(4, 0.0)	(5, 0.0)	(6, 0.0)	(7, 0.0)	(8, 0.0)	(9, 0.0)	(10, 0.2777725261844467)	(5000, 0.7281289308176638)	(10000, 0.9433962264151055)	(15000, 0.9433962264151055)	(20000, 1.0176729559748958)	(25000, 1.3499213836477097)	(30000, 1.5723270440250487)	(35000, 1.6501100628931231)	(40000, 1.7152672955976813)	(45000, 1.7295597484278613)	(50000, 1.7295597484278613)	(55000, 1.7295597484278613)	(60000, 1.7295597484278613)	(65000, 1.7462578616352893)	(70000, 1.8081761006288124)	(75000, 1.8081761006288124)	(80000, 1.8081761006288124)	(85000, 1.8081761006288124)	(90000, 1.8081761006288124)	(95000, 1.8081761006288124)	(100000, 1.8081761006288124)	(105000, 1.8081761006288124)	(110000, 1.8081761006288124)	(115000, 1.8081761006288124)	(120000, 1.8081761006288124)	(125000, 1.8081761006288124)	(130000, 1.8081761006288124)	(135000, 1.8081761006288124)	(140000, 1.8081761006288124)	(145000, 1.8081761006288124)	(150000, 1.8081761006288124)	(155000, 1.8081761006288193)																																	
FAY99780_pass_barcode01_98e12ebb_5ad7f319_2 - polya	(1, 0.0)	(2, 0.0)	(3, 0.0)	(4, 0.0)	(5, 0.0)	(6, 0.0)	(7, 0.0)	(8, 0.0)	(9, 0.0)	(10, 0.011660724896019034)	(1000, 0.12382352941176335)	(2000, 0.24911764705882145)	(3000, 0.4516176470588185)	(4000, 0.5147058823529314)	(5000, 0.5147058823529314)	(6000, 0.5147058823529314)	(7000, 0.5147058823529314)	(8000, 0.5351470588235191)	(9000, 0.5882352941176427)	(10000, 0.5882352941176427)	(11000, 0.5882352941176427)	(12000, 0.5882352941176427)	(13000, 0.5882352941176427)	(14000, 0.5882352941176427)	(15000, 0.5882352941176427)	(16000, 0.5882352941176427)	(17000, 0.5942647058823431)	(18000, 0.661764705882353)	(19000, 0.7243382352941282)	(20000, 0.7352941176470696)	(21000, 0.7352941176470696)	(22000, 0.7352941176470696)	(23000, 0.7352941176470696)	(24000, 0.7352941176470696)	(25000, 0.7352941176470696)	(26000, 0.7352941176470696)	(27000, 0.7352941176470696)	(28000, 0.7352941176470696)	(29000, 0.7352941176470696)	(30000, 0.7352941176470696)	(31000, 0.7352941176470696)	(32000, 0.7352941176470696)	(33000, 0.7352941176470696)	(34000, 0.7352941176470696)	(35000, 0.7352941176470696)	(36000, 0.7352941176470696)	(37000, 0.7352941176470696)	(38000, 0.7352941176470696)	(39000, 0.7352941176470696)	(40000, 0.7352941176470696)	(41000, 0.7352941176470696)	(42000, 0.7352941176470696)	(43000, 0.7352941176470696)	(44000, 0.7352941176470696)	(45000, 0.7352941176470696)	(46000, 0.7352941176470696)	(47000, 0.7352941176470696)	(48000, 0.7352941176470696)	(49000, 0.7352941176470696)	(50000, 0.7352941176470696)	(51000, 0.7352941176470696)	(52000, 0.7352941176470696)	(53000, 0.7352941176470696)	(54000, 0.7352941176470696)	(55000, 0.7352941176470696)	(56000, 0.7352941176470693)								
FAY99780_pass_barcode01_98e12ebb_5ad7f319_20 - polya	(1, 0.0)	(2, 0.0)	(3, 0.0)	(4, 0.0)	(5, 0.0)	(6, 0.0)	(7, 0.0)	(8, 0.0)	(9, 0.0)	(10, 0.010044815329933574)	(1000, 0.14360222531293348)	(2000, 0.27816411682892456)	(3000, 0.27816411682892456)	(4000, 0.27816411682892456)	(5000, 0.27816411682892456)	(6000, 0.27816411682892456)	(7000, 0.36835883171071465)	(8000, 0.4172461752434017)	(9000, 0.4172461752434017)	(10000, 0.4172461752434017)	(11000, 0.4172461752434017)	(12000, 0.4927677329624461)	(13000, 0.5563282336578491)	(14000, 0.5563282336578491)	(15000, 0.5563282336578491)	(16000, 0.5869958275382436)	(17000, 0.6780250347705157)	(18000, 0.6954102920723243)	(19000, 0.6954102920723243)	(20000, 0.6954102920723243)	(21000, 0.6954102920723243)	(22000, 0.6954102920723243)	(23000, 0.6954102920723243)	(24000, 0.6954102920723243)	(25000, 0.6954102920723243)	(26000, 0.6954102920723243)	(27000, 0.7901947148817967)	(28000, 0.8344923504868034)	(29000, 0.8676634214186587)	(30000, 0.9735744089012712)	(31000, 0.9735744089012712)	(32000, 0.9735744089012712)	(33000, 0.9735744089012712)	(34000, 0.9735744089012712)	(35000, 0.9735744089012712)	(36000, 0.9735744089012712)	(37000, 0.9735744089012712)	(38000, 0.9735744089012712)	(39000, 0.9735744089012712)	(40000, 0.9735744089012712)	(41000, 0.9735744089012712)	(42000, 0.9735744089012712)	(43000, 0.9735744089012712)	(44000, 0.9735744089012712)	(45000, 0.9735744089012712)	(46000, 0.9735744089012712)	(47000, 0.9735744089012712)	(48000, 0.9735744089012712)	(49000, 0.9735744089012589)															
FAY99780_pass_barcode01_98e12ebb_5ad7f319_20 - polyg	(1, 0.0)	(2, 0.0)	(3, 0.0)	(4, 0.0)	(5, 0.0)	(6, 0.0)	(7, 0.0)	(8, 0.0)	(9, 0.0)	(10, 0.0)	(1000, 0.0)	(2000, 0.0)	(3000, 0.0)	(4000, 0.0)	(5000, 0.0)	(6000, 0.0)	(7000, 0.0)	(8000, 0.0)	(9000, 0.0)	(10000, 0.0)	(11000, 0.0)	(12000, 0.0)	(13000, 0.0)	(14000, 0.0)	(15000, 0.0)	(16000, 0.05458970792767677)	(17000, 0.06954102920723114)	(18000, 0.06954102920723114)	(19000, 0.06954102920723114)	(20000, 0.06954102920723114)	(21000, 0.06954102920723114)	(22000, 0.06954102920723114)	(23000, 0.06954102920723114)	(24000, 0.06954102920723114)	(25000, 0.06954102920723114)	(26000, 0.06954102920723114)	(27000, 0.07433936022252997)	(28000, 0.13908205841446228)	(29000, 0.13908205841446228)	(30000, 0.2005563282336617)	(31000, 0.20862308762170084)	(32000, 0.20862308762170084)	(33000, 0.20862308762170084)	(34000, 0.20862308762170084)	(35000, 0.20862308762170084)	(36000, 0.20862308762170084)	(37000, 0.20862308762170084)	(38000, 0.20862308762170084)	(39000, 0.20862308762170084)	(40000, 0.20862308762170084)	(41000, 0.20862308762170084)	(42000, 0.20862308762170084)	(43000, 0.20862308762170084)	(44000, 0.20862308762170084)	(45000, 0.20862308762170084)	(46000, 0.20862308762170084)	(47000, 0.20862308762170084)	(48000, 0.20862308762170084)	(49000, 0.2086230876216999)															
FAY99780_pass_barcode01_98e12ebb_5ad7f319_21 - polya	(1, 0.0)	(2, 0.0)	(3, 0.0)	(4, 0.0)	(5, 0.0)	(6, 0.0)	(7, 0.0)	(8, 0.0)	(9, 0.0)	(10, 0.0)	(1000, 0.0)	(2000, 0.0)	(3000, 0.0)	(4000, 0.0)	(5000, 0.02681365576102407)	(6000, 0.07112375533428278)	(7000, 0.07112375533428278)	(8000, 0.14054054054054274)	(9000, 0.16770981507823415)	(10000, 0.2133712660028401)	(11000, 0.2738975817923228)	(12000, 0.2844950213371311)	(13000, 0.2844950213371311)	(14000, 0.2844950213371311)	(15000, 0.2844950213371311)	(16000, 0.2844950213371311)	(17000, 0.2844950213371311)	(18000, 0.2874110953058362)	(19000, 0.35561877667140634)	(20000, 0.35561877667140634)	(21000, 0.35561877667140634)	(22000, 0.35561877667140634)	(23000, 0.37453769559032213)	(24000, 0.4267425320056802)	(25000, 0.4756756756756648)	(26000, 0.4978662873399602)	(27000, 0.4978662873399602)	(28000, 0.4978662873399602)	(29000, 0.5495021337126685)	(30000, 0.5689900426742622)	(31000, 0.5689900426742622)	(32000, 0.6154338549075432)	(33000, 0.6401137980085402)	(34000, 0.6733997155049785)	(35000, 0.7112375533428127)	(36000, 0.7112375533428127)	(37000, 0.7112375533428127)	(38000, 0.7112375533428127)	(39000, 0.7112375533428127)	(40000, 0.7112375533428127)	(41000, 0.7112375533428127)	(42000, 0.7112375533428127)	(43000, 0.7112375533428127)	(44000, 0.7112375533428127)	(45000, 0.7112375533428127)	(46000, 0.7112375533428127)	(47000, 0.7112375533428127)	(48000, 0.7112375533428127)	(49000, 0.7112375533428127)	(50000, 0.7112375533428127)	(51000, 0.7112375533428127)	(52000, 0.7112375533428127)	(53000, 0.7112375533428127)	(54000, 0.7112375533428127)	(55000, 0.7112375533428127)	(56000, 0.7112375533428165)								
FAY99780_pass_barcode01_98e12ebb_5ad7f319_21 - polyg	(1, 0.0)	(2, 0.0)	(3, 0.0)	(4, 0.0)	(5, 0.0)	(6, 0.0)	(7, 0.0)	(8, 0.0)	(9, 0.0)	(10, 0.0)	(1000, 0.0)	(2000, 0.0)	(3000, 0.0)	(4000, 0.0)	(5000, 0.0)	(6000, 0.0)	(7000, 0.0)	(8000, 0.0)	(9000, 0.0)	(10000, 0.0)	(11000, 0.0)	(12000, 0.0)	(13000, 0.0)	(14000, 0.0)	(15000, 0.0)	(16000, 0.0)	(17000, 0.0)	(18000, 0.0)	(19000, 0.0)	(20000, 0.0)	(21000, 0.0)	(22000, 0.0)	(23000, 0.026244665718349824)	(24000, 0.07112375533428278)	(25000, 0.07112375533428278)	(26000, 0.08165007112375665)	(27000, 0.14224751066856556)	(28000, 0.14224751066856556)	(29000, 0.14224751066856556)	(30000, 0.14224751066856556)	(31000, 0.14224751066856556)	(32000, 0.14224751066856556)	(33000, 0.21002844950212898)	(34000, 0.2133712660028401)	(35000, 0.2133712660028401)	(36000, 0.2133712660028401)	(37000, 0.2133712660028401)	(38000, 0.2133712660028401)	(39000, 0.2133712660028401)	(40000, 0.2133712660028401)	(41000, 0.2133712660028401)	(42000, 0.2133712660028401)	(43000, 0.2133712660028401)	(44000, 0.2133712660028401)	(45000, 0.2133712660028401)	(46000, 0.2133712660028401)	(47000, 0.2133712660028401)	(48000, 0.2133712660028401)	(49000, 0.2133712660028401)	(50000, 0.2133712660028401)	(51000, 0.2133712660028401)	(52000, 0.2133712660028401)	(53000, 0.2133712660028401)	(54000, 0.2133712660028401)	(55000, 0.2133712660028401)	(56000, 0.213371266002845)								
FAY99780_pass_barcode01_98e12ebb_5ad7f319_22 - polya	(1, 0.0)	(2, 0.0)	(3, 0.0)	(4, 0.0)	(5, 0.0)	(6, 0.0)	(7, 0.0)	(8, 0.0)	(9, 0.0)	(10, 0.008584820099556207)	(1000, 0.25551747772447525)	(2000, 0.2741603838245444)	(3000, 0.2891021247429796)	(4000, 0.41124057573681216)	(5000, 0.472378341329674)	(6000, 0.5391363947909665)	(7000, 0.5986977381768348)	(8000, 0.6624400274160259)	(9000, 0.7973269362577191)	(10000, 0.8910212474297562)	(11000, 0.8910212474297562)	(12000, 0.8910212474297562)	(13000, 0.8910212474297562)	(14000, 0.9099383139136423)	(15000, 0.9595613433858732)	(16000, 0.9595613433858732)	(17000, 0.9595613433858732)	(18000, 0.9595613433858732)	(19000, 1.0147361206305572)	(20000, 1.0652501713502711)	(21000, 1.1518163125428351)	(22000, 1.1651816312542809)	(23000, 1.1651816312542809)	(24000, 1.1651816312542809)	(25000, 1.1651816312542809)	(26000, 1.1651816312542809)	(27000, 1.1651816312542809)	(28000, 1.1651816312542809)	(29000, 1.1651816312542809)	(30000, 1.1651816312542809)	(31000, 1.1997943797121298)	(32000, 1.2479780671693124)	(33000, 1.3022618231665608)	(34000, 1.3022618231665608)	(35000, 1.3022618231665608)	(36000, 1.3022618231665608)	(37000, 1.3022618231665608)	(38000, 1.3022618231665608)	(39000, 1.3022618231665608)	(40000, 1.3022618231665608)	(41000, 1.3022618231665608)	(42000, 1.3022618231665608)	(43000, 1.3022618231665608)	(44000, 1.3022618231665608)	(45000, 1.3022618231665608)	(46000, 1.3022618231665608)	(47000, 1.3022618231665608)	(48000, 1.3022618231665608)	(49000, 1.3022618231665608)	(50000, 1.3022618231665608)	(51000, 1.3022618231665608)	(52000, 1.3022618231665528)												
FAY99780_pass_barcode01_98e12ebb_5ad7f319_22 - polyg	(1, 0.0)	(2, 0.0)	(3, 0.0)	(4, 0.0)	(5, 0.0)	(6, 0.0)	(7, 0.0)	(8, 0.0)	(9, 0.0)	(10, 0.0)	(1000, 0.0)	(2000, 0.0)	(3000, 0.026113776559287136)	(4000, 0.0685400959561361)	(5000, 0.0685400959561361)	(6000, 0.0685400959561361)	(7000, 0.0685400959561361)	(8000, 0.0685400959561361)	(9000, 0.10239890335846663)	(10000, 0.1370801919122722)	(11000, 0.1370801919122722)	(12000, 0.1370801919122722)	(13000, 0.1370801919122722)	(14000, 0.1370801919122722)	(15000, 0.1370801919122722)	(16000, 0.1370801919122722)	(17000, 0.1370801919122722)	(18000, 0.1370801919122722)	(19000, 0.1370801919122722)	(20000, 0.1370801919122722)	(21000, 0.1370801919122722)	(22000, 0.1370801919122722)	(23000, 0.1370801919122722)	(24000, 0.1370801919122722)	(25000, 0.1464016449623063)	(26000, 0.20562028786840608)	(27000, 0.20562028786840608)	(28000, 0.20562028786840608)	(29000, 0.20562028786840608)	(30000, 0.20562028786840608)	(31000, 0.20562028786840608)	(32000, 0.2071281699794411)	(33000, 0.2741603838245444)	(34000, 0.2741603838245444)	(35000, 0.2741603838245444)	(36000, 0.2741603838245444)	(37000, 0.2741603838245444)	(38000, 0.2741603838245444)	(39000, 0.2741603838245444)	(40000, 0.2741603838245444)	(41000, 0.2741603838245444)	(42000, 0.2741603838245444)	(43000, 0.2741603838245444)	(44000, 0.2741603838245444)	(45000, 0.2741603838245444)	(46000, 0.2741603838245444)	(47000, 0.2741603838245444)	(48000, 0.2741603838245444)	(49000, 0.2741603838245444)	(50000, 0.2741603838245444)	(51000, 0.2741603838245444)	(52000, 0.2741603838245374)												
FAY99780_pass_barcode01_98e12ebb_5ad7f319_23 - polya	(1, 0.0)	(2, 0.0)	(3, 0.0)	(4, 0.0)	(5, 0.0)	(6, 0.0)	(7, 0.0)	(8, 0.0)	(9, 0.0)	(10, 0.13668621659831232)	(2000, 0.33321727019498276)	(4000, 0.5922353760445532)	(6000, 0.7720752089136708)	(8000, 0.8994428969358989)	(10000, 0.9998259052925247)	(12000, 1.0929665738161467)	(14000, 1.1202994428969049)	(16000, 1.2506615598885715)	(18000, 1.3231197771588001)	(20000, 1.3589484679665875)	(22000, 1.3927576601671352)	(24000, 1.4596100278550872)	(26000, 1.4858635097492696)	(28000, 1.5320334261838306)	(30000, 1.533774373259042)	(32000, 1.601671309192177)	(34000, 1.6677576601671713)	(36000, 1.6713091922005976)	(38000, 1.6713091922005976)	(40000, 1.6713091922005976)	(42000, 1.6713091922005976)	(44000, 1.7126044568245662)	(46000, 1.74094707520897)	(48000, 1.7447075208914018)	(50000, 1.8105849582172002)	(52000, 1.8105849582172002)	(54000, 1.815146239554254)	(56000, 1.8802228412255613)	(58000, 1.9249303621169886)	(60000, 1.9498607242339856)	(62000, 1.9498607242339856)	(64000, 1.9498607242339856)	(66000, 1.9498607242339856)	(68000, 1.9498607242339856)	(70000, 1.9498607242339856)	(72000, 2.0145194986073145)	(74000, 2.0194986072424115)	(76000, 2.0194986072424115)	(78000, 2.0194986072424115)	(80000, 2.0194986072424115)	(82000, 2.0194986072423315)																							
FAY99780_pass_barcode01_98e12ebb_5ad7f319_23 - polyg	(1, 0.0)	(2, 0.0)	(3, 0.0)	(4, 0.0)	(5, 0.0)	(6, 0.0)	(7, 0.0)	(8, 0.0)	(9, 0.0)	(10, 0.0)	(2000, 0.0)	(4000, 0.0)	(6000, 0.0)	(8000, 0.0)	(10000, 0.0)	(12000, 0.0)	(14000, 0.0)	(16000, 0.0)	(18000, 0.014658774373259192)	(20000, 0.1305362116991625)	(22000, 0.13927576601671274)	(24000, 0.13927576601671274)	(26000, 0.13927576601671274)	(28000, 0.13927576601671274)	(30000, 0.13927576601671274)	(32000, 0.13927576601671274)	(34000, 0.13927576601671274)	(36000, 0.13927576601671274)	(38000, 0.13927576601671274)	(40000, 0.13927576601671274)	(42000, 0.13927576601671274)	(44000, 0.13927576601671274)	(46000, 0.13927576601671274)	(48000, 0.13927576601671274)	(50000, 0.13927576601671274)	(52000, 0.13927576601671274)	(54000, 0.13927576601671274)	(56000, 0.13927576601671274)	(58000, 0.13927576601671274)	(60000, 0.13927576601671274)	(62000, 0.13927576601671274)	(64000, 0.13927576601671274)	(66000, 0.13927576601671274)	(68000, 0.13927576601671274)	(70000, 0.13927576601671274)	(72000, 0.13927576601671274)	(74000, 0.13927576601671274)	(76000, 0.13927576601671274)	(78000, 0.13927576601671274)	(80000, 0.13927576601671274)	(82000, 0.13927576601671285)																							
FAY99780_pass_barcode01_98e12ebb_5ad7f319_24 - polya	(1, 0.0)	(2, 0.0)	(3, 0.0)	(4, 0.0)	(5, 0.0)	(6, 0.0)	(7, 0.0)	(8, 0.0)	(9, 0.0)	(10, 0.10224425964631174)	(2000, 0.280309734513268)	(4000, 0.2949852507374568)	(6000, 0.2949852507374568)	(8000, 0.30188053097345013)	(10000, 0.3687315634218377)	(12000, 0.42429941002948834)	(14000, 0.510803834808278)	(16000, 0.5764380530973332)	(18000, 0.6518436578171081)	(20000, 0.7374631268436754)	(22000, 0.7726032448377588)	(24000, 0.8849557522123673)	(26000, 0.8849557522123673)	(28000, 0.8849557522123673)	(30000, 0.8849557522123673)	(32000, 0.8849557522123673)	(34000, 0.8849557522123673)	(36000, 0.8849557522123673)	(38000, 0.8849557522123673)	(40000, 0.9555309734512919)	(42000, 0.9587020648967193)	(44000, 0.9587020648967193)	(46000, 0.9587020648967193)	(48000, 0.9587020648967193)	(50000, 0.9587020648967193)	(52000, 0.9587020648967193)	(54000, 1.006600294985284)	(56000, 1.0324483775811584)	(58000, 1.0324483775811584)	(60000, 1.0324483775811584)	(62000, 1.0324483775811584)	(64000, 1.0324483775811584)	(66000, 1.0324483775811584)	(68000, 1.0324483775811584)	(70000, 1.0324483775811584)	(72000, 1.0324483775811584)	(74000, 1.0324483775811584)	(76000, 1.0324483775811584)	(78000, 1.0324483775811584)	(80000, 1.0324483775811584)	(82000, 1.0324483775811584)	(84000, 1.0324483775811584)	(86000, 1.0324483775811584)	(88000, 1.0324483775811584)	(90000, 1.0324483775811584)	(92000, 1.0324483775811584)	(94000, 1.0324483775811584)	(96000, 1.0324483775811584)	(98000, 1.0324483775811584)	(100000, 1.0324483775811584)	(102000, 1.0324483775811584)	(104000, 1.0324483775811584)	(106000, 1.0324483775811584)	(108000, 1.0324483775811584)	(110000, 1.0324483775811584)	(112000, 1.0324483775811584)	(114000, 1.0324483775811584)	(116000, 1.0324483775811584)	(118000, 1.0324483775811584)	(120000, 1.0324483775811584)	(122000, 1.032448377581127)			
FAY99780_pass_barcode01_98e12ebb_5ad7f319_24 - polyg	(1, 0.0)	(2, 0.0)	(3, 0.0)	(4, 0.0)	(5, 0.0)	(6, 0.0)	(7, 0.0)	(8, 0.0)	(9, 0.0)	(10, 0.0)	(2000, 0.0)	(4000, 0.015929203539823127)	(6000, 0.0737463126843642)	(8000, 0.0737463126843642)	(10000, 0.0737463126843642)	(12000, 0.0737463126843642)	(14000, 0.10530973451327182)	(16000, 0.1474926253687284)	(18000, 0.1474926253687284)	(20000, 0.21747787610618927)	(22000, 0.2545722713864242)	(24000, 0.2949852507374568)	(26000, 0.2949852507374568)	(28000, 0.2949852507374568)	(30000, 0.2949852507374568)	(32000, 0.2949852507374568)	(34000, 0.2949852507374568)	(36000, 0.2949852507374568)	(38000, 0.2949852507374568)	(40000, 0.2949852507374568)	(42000, 0.2949852507374568)	(44000, 0.2949852507374568)	(46000, 0.2949852507374568)	(48000, 0.2949852507374568)	(50000, 0.2949852507374568)	(52000, 0.2949852507374568)	(54000, 0.2949852507374568)	(56000, 0.2949852507374568)	(58000, 0.2949852507374568)	(60000, 0.2949852507374568)	(62000, 0.2949852507374568)	(64000, 0.2949852507374568)	(66000, 0.2949852507374568)	(68000, 0.2949852507374568)	(70000, 0.2949852507374568)	(72000, 0.2949852507374568)	(74000, 0.2949852507374568)	(76000, 0.2949852507374568)	(78000, 0.2949852507374568)	(80000, 0.2949852507374568)	(82000, 0.2949852507374568)	(84000, 0.2949852507374568)	(86000, 0.2949852507374568)	(88000, 0.2949852507374568)	(90000, 0.2949852507374568)	(92000, 0.2949852507374568)	(94000, 0.2949852507374568)	(96000, 0.2949852507374568)	(98000, 0.2949852507374568)	(100000, 0.2949852507374568)	(102000, 0.2949852507374568)	(104000, 0.2949852507374568)	(106000, 0.2949852507374568)	(108000, 0.2949852507374568)	(110000, 0.2949852507374568)	(112000, 0.2949852507374568)	(114000, 0.2949852507374568)	(116000, 0.2949852507374568)	(118000, 0.2949852507374568)	(120000, 0.2949852507374568)	(122000, 0.29498525073746257)			
FAY99780_pass_barcode01_98e12ebb_5ad7f319_25 - polya	(1, 0.0)	(2, 0.0)	(3, 0.0)	(4, 0.0)	(5, 0.0)	(6, 0.0)	(7, 0.0)	(8, 0.0)	(9, 0.0)	(10, 0.06907263590680796)	(2000, 0.152109090909094)	(4000, 0.2909090909090936)	(6000, 0.29225454545454904)	(8000, 0.41003636363634594)	(10000, 0.43636363636361386)	(12000, 0.44276363636361804)	(14000, 0.5851272727272715)	(16000, 0.7272727272727438)	(18000, 0.7693454545454329)	(20000, 0.8727272727272277)	(22000, 0.8727272727272277)	(24000, 0.9333090909091258)	(26000, 0.9454545454545804)	(28000, 0.9916727272727202)	(30000, 1.0909090909090517)	(32000, 1.119636363636369)	(34000, 1.1636363636363745)	(36000, 1.2294545454545185)	(38000, 1.2525090909091274)	(40000, 1.309090909090916)	(42000, 1.309090909090916)	(44000, 1.309090909090916)	(46000, 1.309090909090916)	(48000, 1.309090909090916)	(50000, 1.309090909090916)	(52000, 1.309090909090916)	(54000, 1.309090909090916)	(56000, 1.309090909090916)	(58000, 1.309090909090916)	(60000, 1.309090909090916)	(62000, 1.309090909090916)	(64000, 1.309090909090916)	(66000, 1.309090909090916)	(68000, 1.309090909090916)	(70000, 1.309090909090916)	(72000, 1.309090909090916)	(74000, 1.309090909090916)	(76000, 1.309090909090916)	(78000, 1.309090909090916)	(80000, 1.309090909090916)	(82000, 1.309090909090916)	(84000, 1.309090909090916)	(86000, 1.309090909090916)	(88000, 1.309090909090916)	(90000, 1.309090909090916)	(92000, 1.309090909090916)	(94000, 1.309090909090916)	(96000, 1.309090909090916)	(98000, 1.309090909090916)	(100000, 1.309090909090916)	(102000, 1.309090909090916)	(104000, 1.3090909090908862)												
FAY99780_pass_barcode01_98e12ebb_5ad7f319_25 - polyg	(1, 0.0)	(2, 0.0)	(3, 0.0)	(4, 0.0)	(5, 0.0)	(6, 0.0)	(7, 0.0)	(8, 0.0)	(9, 0.0)	(10, 0.0)	(2000, 0.0)	(4000, 0.0)	(6000, 0.0)	(8000, 0.0)	(10000, 0.0)	(12000, 0.0)	(14000, 0.06880000000000118)	(16000, 0.0727272727272734)	(18000, 0.0727272727272734)	(20000, 0.0727272727272734)	(22000, 0.0727272727272734)	(24000, 0.0727272727272734)	(26000, 0.0727272727272734)	(28000, 0.0727272727272734)	(30000, 0.0727272727272734)	(32000, 0.0727272727272734)	(34000, 0.1364727272727298)	(36000, 0.1454545454545468)	(38000, 0.14963636363636446)	(40000, 0.21818181818180693)	(42000, 0.21818181818180693)	(44000, 0.21818181818180693)	(46000, 0.21818181818180693)	(48000, 0.21818181818180693)	(50000, 0.21818181818180693)	(52000, 0.21818181818180693)	(54000, 0.21818181818180693)	(56000, 0.21818181818180693)	(58000, 0.21818181818180693)	(60000, 0.21818181818180693)	(62000, 0.21818181818180693)	(64000, 0.21818181818180693)	(66000, 0.21818181818180693)	(68000, 0.21818181818180693)	(70000, 0.21818181818180693)	(72000, 0.21818181818180693)	(74000, 0.21818181818180693)	(76000, 0.21818181818180693)	(78000, 0.21818181818180693)	(80000, 0.21818181818180693)	(82000, 0.21818181818180693)	(84000, 0.21818181818180693)	(86000, 0.21818181818180693)	(88000, 0.21818181818180693)	(90000, 0.21818181818180693)	(92000, 0.21818181818180693)	(94000, 0.21818181818180693)	(96000, 0.21818181818180693)	(98000, 0.21818181818180693)	(100000, 0.21818181818180693)	(102000, 0.21818181818180693)	(104000, 0.21818181818181867)												
FAY99780_pass_barcode01_98e12ebb_5ad7f319_26 - polya	(1, 0.0)	(2, 0.0)	(3, 0.0)	(4, 0.0)	(5, 0.0)	(6, 0.0)	(7, 0.0)	(8, 0.0)	(9, 0.0)	(10, 0.0)	(1000, 0.0)	(2000, 0.028042328042327896)	(3000, 0.07558578987150472)	(4000, 0.07558578987150472)	(5000, 0.07558578987150472)	(6000, 0.07558578987150472)	(7000, 0.07558578987150472)	(8000, 0.16334089191231957)	(9000, 0.30234315948601886)	(10000, 0.32819349962206634)	(11000, 0.3779289493575146)	(12000, 0.3779289493575146)	(13000, 0.3779289493575146)	(14000, 0.4641723356009004)	(15000, 0.5724111866969049)	(16000, 0.6046863189720377)	(17000, 0.6046863189720377)	(18000, 0.6046863189720377)	(19000, 0.6046863189720377)	(20000, 0.6046863189720377)	(21000, 0.6046863189720377)	(22000, 0.6046863189720377)	(23000, 0.6046863189720377)	(24000, 0.6046863189720377)	(25000, 0.6046863189720377)	(26000, 0.6470899470899432)	(27000, 0.6802721088435311)	(28000, 0.6802721088435311)	(29000, 0.6802721088435311)	(30000, 0.6802721088435311)	(31000, 0.6802721088435311)	(32000, 0.6802721088435311)	(33000, 0.6802721088435311)	(34000, 0.6802721088435311)	(35000, 0.6802721088435311)	(36000, 0.6802721088435311)	(37000, 0.6802721088435311)	(38000, 0.6802721088435311)	(39000, 0.6802721088435311)	(40000, 0.6802721088435311)	(41000, 0.6802721088435311)	(42000, 0.6802721088435311)	(43000, 0.6802721088435311)	(44000, 0.6802721088435311)	(45000, 0.6802721088435311)	(46000, 0.6802721088435311)	(47000, 0.6802721088435311)	(48000, 0.6802721088435311)	(49000, 0.6802721088435311)	(50000, 0.6802721088435325)														
FAY99780_pass_barcode01_98e12ebb_5ad7f319_27 - polya	(1, 0.0)	(2, 0.0)	(3, 0.0)	(4, 0.0)	(5, 0.0)	(6, 0.0)	(7, 0.0)	(8, 0.0)	(9, 0.0)	(10, 0.0)	(2000, 0.0)	(4000, 0.08224767358625774)	(6000, 0.14316392269148417)	(8000, 0.20272011453113234)	(10000, 0.3679312813171153)	(12000, 0.7720114531137882)	(14000, 0.8589835361488622)	(16000, 0.9125984251968826)	(18000, 1.0021474588404073)	(20000, 1.0021474588404073)	(22000, 1.0021474588404073)	(24000, 1.0021474588404073)	(26000, 1.0021474588404073)	(28000, 1.0021474588404073)	(30000, 1.002541159627808)	(32000, 1.073729420186106)	(34000, 1.1428418038654244)	(36000, 1.267322834645675)	(38000, 1.3600572655691072)	(40000, 1.3600572655691072)	(42000, 1.3600572655691072)	(44000, 1.3600572655691072)	(46000, 1.3600572655691072)	(48000, 1.3600572655691072)	(50000, 1.3600572655691072)	(52000, 1.3600572655691072)	(54000, 1.3600572655691072)	(56000, 1.3600572655691072)	(58000, 1.3600572655691072)	(60000, 1.3600572655691072)	(62000, 1.3600572655691072)	(64000, 1.3600572655691072)	(66000, 1.3600572655691072)	(68000, 1.3600572655691072)	(70000, 1.3600572655691072)	(72000, 1.3600572655691072)	(74000, 1.3600572655691072)	(76000, 1.3600572655691072)	(78000, 1.3600572655691072)	(80000, 1.360057265569094)																								
FAY99780_pass_barcode01_98e12ebb_5ad7f319_27 - polyg	(1, 0.0)	(2, 0.0)	(3, 0.0)	(4, 0.0)	(5, 0.0)	(6, 0.0)	(7, 0.0)	(8, 0.0)	(9, 0.0)	(10, 0.0)	(2000, 0.0)	(4000, 0.0)	(6000, 0.0)	(8000, 0.0)	(10000, 0.011023622047244023)	(12000, 0.07158196134574209)	(14000, 0.07158196134574209)	(16000, 0.07158196134574209)	(18000, 0.07158196134574209)	(20000, 0.07158196134574209)	(22000, 0.07158196134574209)	(24000, 0.07158196134574209)	(26000, 0.07158196134574209)	(28000, 0.07158196134574209)	(30000, 0.07158196134574209)	(32000, 0.1408732999284204)	(34000, 0.14316392269148417)	(36000, 0.14316392269148417)	(38000, 0.14316392269148417)	(40000, 0.14316392269148417)	(42000, 0.14316392269148417)	(44000, 0.14316392269148417)	(46000, 0.14316392269148417)	(48000, 0.14316392269148417)	(50000, 0.14316392269148417)	(52000, 0.14316392269148417)	(54000, 0.14316392269148417)	(56000, 0.14316392269148417)	(58000, 0.14316392269148417)	(60000, 0.14316392269148417)	(62000, 0.14316392269148417)	(64000, 0.14316392269148417)	(66000, 0.14316392269148417)	(68000, 0.14316392269148417)	(70000, 0.14316392269148417)	(72000, 0.14316392269148417)	(74000, 0.14316392269148417)	(76000, 0.14316392269148417)	(78000, 0.14316392269148417)	(80000, 0.14316392269148367)																								
FAY99780_pass_barcode01_98e12ebb_5ad7f319_28 - illumina_small_rna_3'_adapter	(1, 0.0)	(2, 0.0)	(3, 0.0)	(4, 0.0)	(5, 0.0)	(6, 0.0)	(7, 0.0)	(8, 0.0)	(9, 0.0)	(10, 0.0)	(1000, 0.031561461794019856)	(2000, 0.11074197120708971)	(3000, 0.11074197120708971)	(4000, 0.11074197120708971)	(5000, 0.11074197120708971)	(6000, 0.11074197120708971)	(7000, 0.11074197120708971)	(8000, 0.11074197120708971)	(9000, 0.11074197120708971)	(10000, 0.11074197120708971)	(11000, 0.11074197120708971)	(12000, 0.11074197120708971)	(13000, 0.11074197120708971)	(14000, 0.11074197120708971)	(15000, 0.11074197120708971)	(16000, 0.11074197120708971)	(17000, 0.11074197120708971)	(18000, 0.11074197120708971)	(19000, 0.11074197120708971)	(20000, 0.11074197120708971)	(21000, 0.11074197120708971)	(22000, 0.11074197120708971)	(23000, 0.11074197120708971)	(24000, 0.11074197120708971)	(25000, 0.11074197120708971)	(26000, 0.11074197120708971)	(27000, 0.11074197120708971)	(28000, 0.11074197120708971)	(29000, 0.11074197120708971)	(30000, 0.11074197120708971)	(31000, 0.11074197120708971)	(32000, 0.11074197120708971)	(33000, 0.11074197120708971)	(34000, 0.11074197120708971)	(35000, 0.11074197120708971)	(36000, 0.11074197120708971)	(37000, 0.11074197120708971)	(38000, 0.11074197120708971)	(39000, 0.11074197120708971)	(40000, 0.11074197120708971)	(41000, 0.11074197120708971)	(42000, 0.11074197120708971)	(43000, 0.11074197120708971)	(44000, 0.11074197120708971)	(45000, 0.11074197120708971)	(46000, 0.11074197120708971)	(47000, 0.11074197120708971)	(48000, 0.11074197120708971)	(49000, 0.11074197120708971)	(50000, 0.11074197120708971)	(51000, 0.11074197120708971)	(52000, 0.11074197120708971)	(53000, 0.11074197120708971)	(54000, 0.11074197120708971)	(55000, 0.11074197120708726)									
FAY99780_pass_barcode01_98e12ebb_5ad7f319_28 - polya	(1, 0.0)	(2, 0.0)	(3, 0.0)	(4, 0.0)	(5, 0.0)	(6, 0.0)	(7, 0.0)	(8, 0.0)	(9, 0.0)	(10, 0.0)	(1000, 0.0)	(2000, 0.0)	(3000, 0.0)	(4000, 0.0)	(5000, 0.023588039867109584)	(6000, 0.12015503875969243)	(7000, 0.3409745293466284)	(8000, 0.44296788482835886)	(9000, 0.44296788482835886)	(10000, 0.44296788482835886)	(11000, 0.44296788482835886)	(12000, 0.44296788482835886)	(13000, 0.44296788482835886)	(14000, 0.44296788482835886)	(15000, 0.44296788482835886)	(16000, 0.44296788482835886)	(17000, 0.44296788482835886)	(18000, 0.46566998892580663)	(19000, 0.5537098560354284)	(20000, 0.5537098560354284)	(21000, 0.6794019933554956)	(22000, 0.8176079734219338)	(23000, 0.8859357696567177)	(24000, 0.8859357696567177)	(25000, 0.8859357696567177)	(26000, 0.9476190476190515)	(27000, 0.996677740863788)	(28000, 0.996677740863788)	(29000, 0.996677740863788)	(30000, 1.0211517165005488)	(31000, 1.2008859357696364)	(32000, 1.4396456256921168)	(33000, 1.4396456256921168)	(34000, 1.4396456256921168)	(35000, 1.4396456256921168)	(36000, 1.4396456256921168)	(37000, 1.4771871539313772)	(38000, 1.550387596899253)	(39000, 1.550387596899253)	(40000, 1.550387596899253)	(41000, 1.550387596899253)	(42000, 1.550387596899253)	(43000, 1.550387596899253)	(44000, 1.550387596899253)	(45000, 1.550387596899253)	(46000, 1.550387596899253)	(47000, 1.550387596899253)	(48000, 1.550387596899253)	(49000, 1.550387596899253)	(50000, 1.550387596899253)	(51000, 1.550387596899253)	(52000, 1.550387596899253)	(53000, 1.550387596899253)	(54000, 1.550387596899253)	(55000, 1.5503875968992196)									
FAY99780_pass_barcode01_98e12ebb_5ad7f319_28 - polyg	(1, 0.0)	(2, 0.0)	(3, 0.0)	(4, 0.0)	(5, 0.0)	(6, 0.0)	(7, 0.0)	(8, 0.0)	(9, 0.0)	(10, 0.0)	(1000, 0.0)	(2000, 0.0)	(3000, 0.0)	(4000, 0.0)	(5000, 0.0)	(6000, 0.0)	(7000, 0.0)	(8000, 0.0)	(9000, 0.0)	(10000, 0.0)	(11000, 0.0)	(12000, 0.0)	(13000, 0.0)	(14000, 0.0)	(15000, 0.0)	(16000, 0.0)	(17000, 0.0)	(18000, 0.0)	(19000, 0.0)	(20000, 0.0)	(21000, 0.0)	(22000, 0.0)	(23000, 0.0)	(24000, 0.0)	(25000, 0.0)	(26000, 0.049501661129568546)	(27000, 0.11074197120708971)	(28000, 0.11074197120708971)	(29000, 0.11074197120708971)	(30000, 0.11074197120708971)	(31000, 0.17674418604651518)	(32000, 0.22148394241417943)	(33000, 0.22148394241417943)	(34000, 0.22148394241417943)	(35000, 0.22148394241417943)	(36000, 0.22148394241417943)	(37000, 0.22148394241417943)	(38000, 0.22148394241417943)	(39000, 0.22148394241417943)	(40000, 0.22148394241417943)	(41000, 0.22148394241417943)	(42000, 0.22148394241417943)	(43000, 0.22148394241417943)	(44000, 0.22148394241417943)	(45000, 0.22148394241417943)	(46000, 0.22148394241417943)	(47000, 0.22148394241417943)	(48000, 0.22148394241417943)	(49000, 0.22148394241417943)	(50000, 0.22148394241417943)	(51000, 0.22148394241417943)	(52000, 0.22148394241417943)	(53000, 0.22148394241417943)	(54000, 0.22148394241417943)	(55000, 0.22148394241417452)									
FAY99780_pass_barcode01_98e12ebb_5ad7f319_29 - polya	(1, 0.0)	(2, 0.0)	(3, 0.0)	(4, 0.0)	(5, 0.0)	(6, 0.0)	(7, 0.0)	(8, 0.0)	(9, 0.0)	(10, 0.07758220962275611)	(2000, 0.23375843960989826)	(4000, 0.30933983495873785)	(6000, 0.375093773443374)	(8000, 0.4395723930982909)	(10000, 0.45011252813205027)	(12000, 0.521005251312812)	(14000, 0.5415228807201694)	(16000, 0.600150037509367)	(18000, 0.6685671417854574)	(20000, 0.7411852963241062)	(22000, 0.750187546886748)	(24000, 0.750187546886748)	(26000, 0.750187546886748)	(28000, 0.750187546886748)	(30000, 0.750187546886748)	(32000, 0.8484996249062555)	(34000, 0.9002250562641005)	(36000, 0.9740060015003297)	(38000, 0.9752438109526926)	(40000, 0.9752438109526926)	(42000, 0.9752438109526926)	(44000, 1.0271942985746152)	(46000, 1.0502625656413773)	(48000, 1.0502625656413773)	(50000, 1.111815453863427)	(52000, 1.1372843210802366)	(54000, 1.200300075018734)	(56000, 1.200300075018734)	(58000, 1.200300075018734)	(60000, 1.200300075018734)	(62000, 1.22475618904725)	(64000, 1.3709677419355193)	(66000, 1.500375093773496)	(68000, 1.500375093773496)	(70000, 1.500375093773496)	(72000, 1.500375093773496)	(74000, 1.500375093773496)	(76000, 1.500375093773496)	(78000, 1.500375093773496)	(80000, 1.500375093773496)	(82000, 1.500375093773496)	(84000, 1.500375093773496)	(86000, 1.500375093773496)	(88000, 1.500375093773496)	(90000, 1.500375093773496)	(92000, 1.500375093773496)	(94000, 1.500375093773496)	(96000, 1.500375093773496)	(98000, 1.500375093773496)	(100000, 1.500375093773496)	(102000, 1.500375093773496)	(104000, 1.500375093773496)	(106000, 1.500375093773496)	(108000, 1.500375093773496)	(110000, 1.500375093773496)	(112000, 1.500375093773496)	(114000, 1.500375093773496)	(116000, 1.500375093773496)	(118000, 1.500375093773496)	(120000, 1.50037509377348)				
FAY99780_pass_barcode01_98e12ebb_5ad7f319_29 - polyg	(1, 0.0)	(2, 0.0)	(3, 0.0)	(4, 0.0)	(5, 0.0)	(6, 0.0)	(7, 0.0)	(8, 0.0)	(9, 0.0)	(10, 0.0)	(2000, 0.0)	(4000, 0.0)	(6000, 0.0)	(8000, 0.0)	(10000, 0.0)	(12000, 0.0)	(14000, 0.0)	(16000, 0.0)	(18000, 0.0)	(20000, 0.0)	(22000, 0.0)	(24000, 0.0)	(26000, 0.0)	(28000, 0.0)	(30000, 0.0)	(32000, 0.0)	(34000, 0.005588897224306089)	(36000, 0.07501875468867088)	(38000, 0.07501875468867088)	(40000, 0.07501875468867088)	(42000, 0.07501875468867088)	(44000, 0.11800450112527919)	(46000, 0.15003750937734175)	(48000, 0.15003750937734175)	(50000, 0.22318079519880812)	(52000, 0.23863465866466937)	(54000, 0.3000750187546835)	(56000, 0.3000750187546835)	(58000, 0.3000750187546835)	(60000, 0.3000750187546835)	(62000, 0.3000750187546835)	(64000, 0.3000750187546835)	(66000, 0.3000750187546835)	(68000, 0.3000750187546835)	(70000, 0.3000750187546835)	(72000, 0.3000750187546835)	(74000, 0.3000750187546835)	(76000, 0.3000750187546835)	(78000, 0.3000750187546835)	(80000, 0.3000750187546835)	(82000, 0.3000750187546835)	(84000, 0.3000750187546835)	(86000, 0.3000750187546835)	(88000, 0.3000750187546835)	(90000, 0.3000750187546835)	(92000, 0.3000750187546835)	(94000, 0.3000750187546835)	(96000, 0.3000750187546835)	(98000, 0.3000750187546835)	(100000, 0.3000750187546835)	(102000, 0.3000750187546835)	(104000, 0.3000750187546835)	(106000, 0.3000750187546835)	(108000, 0.3000750187546835)	(110000, 0.3000750187546835)	(112000, 0.3000750187546835)	(114000, 0.3000750187546835)	(116000, 0.3000750187546835)	(118000, 0.3000750187546835)	(120000, 0.3000750187546839)				
FAY99780_pass_barcode01_98e12ebb_5ad7f319_3 - polya	(1, 0.0)	(2, 0.0)	(3, 0.0)	(4, 0.0)	(5, 0.0)	(6, 0.0)	(7, 0.0)	(8, 0.0)	(9, 0.0)	(10, 0.0)	(1000, 0.04437751004016043)	(2000, 0.09765729585006604)	(3000, 0.19471218206157898)	(4000, 0.267737617135203)	(5000, 0.267737617135203)	(6000, 0.267737617135203)	(7000, 0.32389558232931787)	(8000, 0.3346720214190099)	(9000, 0.3346720214190099)	(10000, 0.3346720214190099)	(11000, 0.3346720214190099)	(12000, 0.3346720214190099)	(13000, 0.4043507362784555)	(14000, 0.5303212851405555)	(15000, 0.6693440428380198)	(16000, 0.6693440428380198)	(17000, 0.6693440428380198)	(18000, 0.6693440428380198)	(19000, 0.6693440428380198)	(20000, 0.6693440428380198)	(21000, 0.6693440428380198)	(22000, 0.6693440428380198)	(23000, 0.6693440428380198)	(24000, 0.6693440428380198)	(25000, 0.6693440428380198)	(26000, 0.6693440428380198)	(27000, 0.6693440428380198)	(28000, 0.6693440428380198)	(29000, 0.6693440428380198)	(30000, 0.6693440428380198)	(31000, 0.6693440428380198)	(32000, 0.728915662650596)	(33000, 0.7362784471218136)	(34000, 0.7362784471218136)	(35000, 0.7362784471218136)	(36000, 0.7362784471218136)	(37000, 0.7362784471218136)	(38000, 0.7362784471218136)	(39000, 0.7362784471218136)	(40000, 0.7362784471218136)	(41000, 0.7987951807229068)	(42000, 0.803212851405638)	(43000, 0.803212851405638)	(44000, 0.803212851405638)	(45000, 0.803212851405638)	(46000, 0.803212851405638)	(47000, 0.803212851405638)	(48000, 0.803212851405638)	(49000, 0.803212851405638)	(50000, 0.803212851405638)	(51000, 0.803212851405638)	(52000, 0.803212851405638)	(53000, 0.803212851405632)											
FAY99780_pass_barcode01_98e12ebb_5ad7f319_30 - polya	(1, 0.0)	(2, 0.0)	(3, 0.0)	(4, 0.0)	(5, 0.0)	(6, 0.0)	(7, 0.0)	(8, 0.0)	(9, 0.0)	(10, 0.0)	(1000, 0.06427514792899527)	(2000, 0.16900887573964687)	(3000, 0.2218934911242623)	(4000, 0.34534023668638925)	(5000, 0.4437869822485246)	(6000, 0.4437869822485246)	(7000, 0.453254437869824)	(8000, 0.5177514792899309)	(9000, 0.5642011834319589)	(10000, 0.5917159763313664)	(11000, 0.5917159763313664)	(12000, 0.6175295857988143)	(13000, 0.7114644970414292)	(14000, 0.8136094674556399)	(15000, 0.8136094674556399)	(16000, 0.8136094674556399)	(17000, 0.824852071005933)	(18000, 0.8900147928994154)	(19000, 0.9615384615384542)	(20000, 0.9615384615384542)	(21000, 0.9615384615384542)	(22000, 0.9615384615384542)	(23000, 1.0167159763313405)	(24000, 1.0355029585798619)	(25000, 1.0355029585798619)	(26000, 1.066937869822462)	(27000, 1.1094674556212902)	(28000, 1.1094674556212902)	(29000, 1.1094674556212902)	(30000, 1.1094674556212902)	(31000, 1.1094674556212902)	(32000, 1.1508136094674741)	(33000, 1.2463017751479424)	(34000, 1.3219674556212888)	(35000, 1.3313609467455487)	(36000, 1.3313609467455487)	(37000, 1.3313609467455487)	(38000, 1.3313609467455487)	(39000, 1.3313609467455487)	(40000, 1.3313609467455487)	(41000, 1.3313609467455487)	(42000, 1.3313609467455487)	(43000, 1.3313609467455487)	(44000, 1.3313609467455487)	(45000, 1.3313609467455487)	(46000, 1.3313609467455487)	(47000, 1.3313609467455487)	(48000, 1.3313609467455487)	(49000, 1.3313609467455487)	(50000, 1.3313609467455487)	(51000, 1.3313609467455487)	(52000, 1.3313609467455683)												
FAY99780_pass_barcode01_98e12ebb_5ad7f319_30 - polyg	(1, 0.0)	(2, 0.0)	(3, 0.0)	(4, 0.0)	(5, 0.0)	(6, 0.0)	(7, 0.0)	(8, 0.0)	(9, 0.0)	(10, 0.0)	(1000, 0.0)	(2000, 0.0)	(3000, 0.0)	(4000, 0.0)	(5000, 0.0)	(6000, 0.0)	(7000, 0.0)	(8000, 0.0)	(9000, 0.0)	(10000, 0.0)	(11000, 0.0)	(12000, 0.0)	(13000, 0.0)	(14000, 0.0)	(15000, 0.0)	(16000, 0.0)	(17000, 0.0)	(18000, 0.0)	(19000, 0.0)	(20000, 0.0)	(21000, 0.06486686390532662)	(22000, 0.0739644970414208)	(23000, 0.0739644970414208)	(24000, 0.0739644970414208)	(25000, 0.0739644970414208)	(26000, 0.09637573964497241)	(27000, 0.1479289940828416)	(28000, 0.1479289940828416)	(29000, 0.1479289940828416)	(30000, 0.1479289940828416)	(31000, 0.1479289940828416)	(32000, 0.1479289940828416)	(33000, 0.17573964497041597)	(34000, 0.2218934911242623)	(35000, 0.2218934911242623)	(36000, 0.2218934911242623)	(37000, 0.2218934911242623)	(38000, 0.2218934911242623)	(39000, 0.2218934911242623)	(40000, 0.2218934911242623)	(41000, 0.2218934911242623)	(42000, 0.2218934911242623)	(43000, 0.2218934911242623)	(44000, 0.2218934911242623)	(45000, 0.2218934911242623)	(46000, 0.2218934911242623)	(47000, 0.2218934911242623)	(48000, 0.2218934911242623)	(49000, 0.2218934911242623)	(50000, 0.2218934911242623)	(51000, 0.2218934911242623)	(52000, 0.22189349112426032)												
FAY99780_pass_barcode01_98e12ebb_5ad7f319_31 - polya	(1, 0.0)	(2, 0.0)	(3, 0.0)	(4, 0.0)	(5, 0.0)	(6, 0.0)	(7, 0.0)	(8, 0.0)	(9, 0.0)	(10, 0.054880643932888634)	(2000, 0.24101040118871753)	(4000, 0.3095839524517156)	(6000, 0.3714710252600163)	(8000, 0.4633358098068301)	(10000, 0.6029346210995558)	(12000, 0.7429420505200326)	(14000, 0.7617756315007034)	(16000, 0.8759658246657033)	(18000, 0.9386701337295665)	(20000, 1.0401188707280717)	(22000, 1.0401188707280717)	(24000, 1.0401188707280717)	(26000, 1.0401188707280717)	(28000, 1.0401188707280717)	(30000, 1.0401188707280717)	(32000, 1.0401188707280717)	(34000, 1.0401188707280717)	(36000, 1.0401188707280717)	(38000, 1.0401188707280717)	(40000, 1.0401188707280717)	(42000, 1.137741456166473)	(44000, 1.1905646359584545)	(46000, 1.2630014858841259)	(48000, 1.2630014858841259)	(50000, 1.2630014858841259)	(52000, 1.2630014858841259)	(54000, 1.2630014858841259)	(56000, 1.2630014858841259)	(58000, 1.2630014858841259)	(60000, 1.2630014858841259)	(62000, 1.2630014858841259)	(64000, 1.2630014858841259)	(66000, 1.2630014858841259)	(68000, 1.2630014858841259)	(70000, 1.2630014858841259)	(72000, 1.263001485884111)																												
FAY99780_pass_barcode01_98e12ebb_5ad7f319_31 - polyg	(1, 0.0)	(2, 0.0)	(3, 0.0)	(4, 0.0)	(5, 0.0)	(6, 0.0)	(7, 0.0)	(8, 0.0)	(9, 0.0)	(10, 0.0)	(2000, 0.0)	(4000, 0.0)	(6000, 0.0)	(8000, 0.045579494799406796)	(10000, 0.07429420505200973)	(12000, 0.07429420505200973)	(14000, 0.07429420505200973)	(16000, 0.07429420505200973)	(18000, 0.07429420505200973)	(20000, 0.07429420505200973)	(22000, 0.07429420505200973)	(24000, 0.07429420505200973)	(26000, 0.1447251114413148)	(28000, 0.14858841010401946)	(30000, 0.14858841010401946)	(32000, 0.14858841010401946)	(34000, 0.14858841010401946)	(36000, 0.14858841010401946)	(38000, 0.14858841010401946)	(40000, 0.14858841010401946)	(42000, 0.14858841010401946)	(44000, 0.14858841010401946)	(46000, 0.14858841010401946)	(48000, 0.14858841010401946)	(50000, 0.14858841010401946)	(52000, 0.14858841010401946)	(54000, 0.14858841010401946)	(56000, 0.14858841010401946)	(58000, 0.14858841010401946)	(60000, 0.14858841010401946)	(62000, 0.14858841010401946)	(64000, 0.14858841010401946)	(66000, 0.14858841010401946)	(68000, 0.14858841010401946)	(70000, 0.14858841010401946)	(72000, 0.14858841010401683)																												
FAY99780_pass_barcode01_98e12ebb_5ad7f319_32 - polya	(1, 0.0)	(2, 0.0)	(3, 0.0)	(4, 0.0)	(5, 0.0)	(6, 0.0)	(7, 0.0)	(8, 0.0)	(9, 0.0)	(10, 0.0)	(1000, 0.0)	(2000, 0.0)	(3000, 0.04231096006796946)	(4000, 0.08496176720475898)	(5000, 0.1762107051826702)	(6000, 0.25488530161427825)	(7000, 0.25488530161427825)	(8000, 0.25488530161427825)	(9000, 0.2625318606627067)	(10000, 0.3398470688190359)	(11000, 0.3398470688190359)	(12000, 0.39235344095156854)	(13000, 0.4248088360237848)	(14000, 0.46015293118097617)	(15000, 0.5097706032285565)	(16000, 0.5097706032285565)	(17000, 0.5097706032285565)	(18000, 0.5097706032285565)	(19000, 0.5097706032285565)	(20000, 0.5097706032285565)	(21000, 0.5827527612574306)	(22000, 0.5947323704333026)	(23000, 0.5947323704333026)	(24000, 0.6343245539507261)	(25000, 0.6796941376380718)	(26000, 0.6796941376380718)	(27000, 0.6796941376380718)	(28000, 0.6796941376380718)	(29000, 0.6796941376380718)	(30000, 0.6796941376380718)	(31000, 0.6796941376380718)	(32000, 0.7316907391673676)	(33000, 0.7646559048428135)	(34000, 0.878504672897219)	(35000, 0.9345794392523579)	(36000, 0.9345794392523579)	(37000, 0.9591333899745252)	(38000, 1.0509770603228665)	(39000, 1.1045029736618601)	(40000, 1.1045029736618601)	(41000, 1.1045029736618601)	(42000, 1.1045029736618601)	(43000, 1.1045029736618601)	(44000, 1.1045029736618601)	(45000, 1.1045029736618601)	(46000, 1.1045029736618601)	(47000, 1.1045029736618601)	(48000, 1.1045029736618601)	(49000, 1.1045029736618601)	(50000, 1.1045029736618601)	(51000, 1.1045029736618601)	(52000, 1.104502973661852)												
FAY99780_pass_barcode01_98e12ebb_5ad7f319_33 - polya	(1, 0.0)	(2, 0.0)	(3, 0.0)	(4, 0.0)	(5, 0.0)	(6, 0.0)	(7, 0.0)	(8, 0.0)	(9, 0.0)	(10, 0.01290589024830936)	(1000, 0.15289608177172023)	(2000, 0.17035775127768354)	(3000, 0.3156729131175458)	(4000, 0.3407155025553671)	(5000, 0.3407155025553671)	(6000, 0.3407155025553671)	(7000, 0.3407155025553671)	(8000, 0.3407155025553671)	(9000, 0.3407155025553671)	(10000, 0.3407155025553671)	(11000, 0.3407155025553671)	(12000, 0.3407155025553671)	(13000, 0.3407155025553671)	(14000, 0.3407155025553671)	(15000, 0.3407155025553671)	(16000, 0.3407155025553671)	(17000, 0.3407155025553671)	(18000, 0.41575809199317887)	(19000, 0.49812606473594323)	(20000, 0.5110732538330469)	(21000, 0.5110732538330469)	(22000, 0.5110732538330469)	(23000, 0.5110732538330469)	(24000, 0.5223168654173754)	(25000, 0.5962521294718894)	(26000, 0.5962521294718894)	(27000, 0.5962521294718894)	(28000, 0.5973594548551954)	(29000, 0.6814310051107342)	(30000, 0.7495741056218032)	(31000, 0.7666098807495705)	(32000, 0.7666098807495705)	(33000, 0.7666098807495705)	(34000, 0.7666098807495705)	(35000, 0.7666098807495705)	(36000, 0.7666098807495705)	(37000, 0.7666098807495705)	(38000, 0.8461669505962378)	(39000, 0.851788756388401)	(40000, 0.851788756388401)	(41000, 0.851788756388401)	(42000, 0.851788756388401)	(43000, 0.851788756388401)	(44000, 0.851788756388401)	(45000, 0.851788756388401)	(46000, 0.851788756388401)	(47000, 0.851788756388401)	(48000, 0.851788756388401)	(49000, 0.851788756388401)	(50000, 0.851788756388401)	(51000, 0.851788756388401)	(52000, 0.851788756388401)	(53000, 0.851788756388401)	(54000, 0.851788756388401)	(55000, 0.851788756388401)	(56000, 0.851788756388401)	(57000, 0.851788756388401)	(58000, 0.8517887563884182)						
FAY99780_pass_barcode01_98e12ebb_5ad7f319_33 - polyg	(1, 0.0)	(2, 0.0)	(3, 0.0)	(4, 0.0)	(5, 0.0)	(6, 0.0)	(7, 0.0)	(8, 0.0)	(9, 0.0)	(10, 0.0)	(1000, 0.0)	(2000, 0.0)	(3000, 0.0)	(4000, 0.0)	(5000, 0.0)	(6000, 0.0)	(7000, 0.0)	(8000, 0.0)	(9000, 0.0)	(10000, 0.0)	(11000, 0.0)	(12000, 0.0)	(13000, 0.0)	(14000, 0.0)	(15000, 0.0)	(16000, 0.0)	(17000, 0.0)	(18000, 0.0)	(19000, 0.0568143100511067)	(20000, 0.08517887563884177)	(21000, 0.08517887563884177)	(22000, 0.08517887563884177)	(23000, 0.08517887563884177)	(24000, 0.08517887563884177)	(25000, 0.08517887563884177)	(26000, 0.08517887563884177)	(27000, 0.1489778534923333)	(28000, 0.17035775127768354)	(29000, 0.18134582623509282)	(30000, 0.25553662691652346)	(31000, 0.25553662691652346)	(32000, 0.25553662691652346)	(33000, 0.25553662691652346)	(34000, 0.25553662691652346)	(35000, 0.25553662691652346)	(36000, 0.25553662691652346)	(37000, 0.25553662691652346)	(38000, 0.25553662691652346)	(39000, 0.25553662691652346)	(40000, 0.25553662691652346)	(41000, 0.25553662691652346)	(42000, 0.25553662691652346)	(43000, 0.25553662691652346)	(44000, 0.25553662691652346)	(45000, 0.25553662691652346)	(46000, 0.25553662691652346)	(47000, 0.25553662691652346)	(48000, 0.25553662691652346)	(49000, 0.25553662691652346)	(50000, 0.25553662691652346)	(51000, 0.25553662691652346)	(52000, 0.25553662691652346)	(53000, 0.25553662691652346)	(54000, 0.25553662691652346)	(55000, 0.25553662691652346)	(56000, 0.25553662691652346)	(57000, 0.25553662691652346)	(58000, 0.2555366269165235)						
FAY99780_pass_barcode01_98e12ebb_5ad7f319_34 - polya	(1, 0.0)	(2, 0.0)	(3, 0.0)	(4, 0.0)	(5, 0.0)	(6, 0.0)	(7, 0.0)	(8, 0.0)	(9, 0.0)	(10, 0.07363194231881201)	(1000, 0.16599326599326686)	(2000, 0.2525252525252543)	(3000, 0.2525252525252543)	(4000, 0.2525252525252543)	(5000, 0.33324915824916335)	(6000, 0.473484848484851)	(7000, 0.5050505050505086)	(8000, 0.5490740740740685)	(9000, 0.6558922558922602)	(10000, 0.8790404040404237)	(11000, 0.9259259259259494)	(12000, 0.9259259259259494)	(13000, 0.9259259259259494)	(14000, 0.9259259259259494)	(15000, 0.9640572390572507)	(16000, 1.0101010101010173)	(17000, 1.0407407407407365)	(18000, 1.0942760942760894)	(19000, 1.1217171717171752)	(20000, 1.2547138047137987)	(21000, 1.326094276094297)	(22000, 1.3468013468013678)	(23000, 1.3468013468013678)	(24000, 1.416245791245802)	(25000, 1.430976430976442)	(26000, 1.430976430976442)	(27000, 1.430976430976442)	(28000, 1.430976430976442)	(29000, 1.490235690235683)	(30000, 1.5151515151515027)	(31000, 1.5151515151515027)	(32000, 1.5151515151515027)	(33000, 1.5151515151515027)	(34000, 1.5151515151515027)	(35000, 1.5151515151515027)	(36000, 1.5151515151515027)	(37000, 1.5151515151515027)	(38000, 1.5151515151515027)	(39000, 1.5151515151515027)	(40000, 1.5151515151515027)	(41000, 1.5151515151515027)	(42000, 1.5151515151515027)	(43000, 1.5151515151515027)	(44000, 1.5151515151515027)	(45000, 1.5151515151515027)	(46000, 1.5151515151515027)	(47000, 1.5151515151515027)	(48000, 1.5151515151515027)	(49000, 1.5151515151515027)	(50000, 1.5151515151515027)	(51000, 1.5151515151515027)	(52000, 1.5151515151515027)	(53000, 1.5151515151515154)											
FAY99780_pass_barcode01_98e12ebb_5ad7f319_34 - polyg	(1, 0.0)	(2, 0.0)	(3, 0.0)	(4, 0.0)	(5, 0.0)	(6, 0.0)	(7, 0.0)	(8, 0.0)	(9, 0.0)	(10, 0.0)	(1000, 0.0)	(2000, 0.0)	(3000, 0.0)	(4000, 0.0)	(5000, 0.0)	(6000, 0.04764309764309792)	(7000, 0.08417508417508549)	(8000, 0.08417508417508549)	(9000, 0.08989898989899138)	(10000, 0.16835016835017097)	(11000, 0.16835016835017097)	(12000, 0.16835016835017097)	(13000, 0.16835016835017097)	(14000, 0.16835016835017097)	(15000, 0.16835016835017097)	(16000, 0.16835016835017097)	(17000, 0.16835016835017097)	(18000, 0.16835016835017097)	(19000, 0.16835016835017097)	(20000, 0.16835016835017097)	(21000, 0.2367845117845132)	(22000, 0.2525252525252543)	(23000, 0.2525252525252543)	(24000, 0.33577441077441594)	(25000, 0.33670033670034194)	(26000, 0.33670033670034194)	(27000, 0.33670033670034194)	(28000, 0.33670033670034194)	(29000, 0.33670033670034194)	(30000, 0.33670033670034194)	(31000, 0.33670033670034194)	(32000, 0.33670033670034194)	(33000, 0.33670033670034194)	(34000, 0.33670033670034194)	(35000, 0.33670033670034194)	(36000, 0.33670033670034194)	(37000, 0.33670033670034194)	(38000, 0.33670033670034194)	(39000, 0.33670033670034194)	(40000, 0.33670033670034194)	(41000, 0.33670033670034194)	(42000, 0.33670033670034194)	(43000, 0.33670033670034194)	(44000, 0.33670033670034194)	(45000, 0.33670033670034194)	(46000, 0.33670033670034194)	(47000, 0.33670033670034194)	(48000, 0.33670033670034194)	(49000, 0.33670033670034194)	(50000, 0.33670033670034194)	(51000, 0.33670033670034194)	(52000, 0.33670033670034194)	(53000, 0.3367003367003367)											
FAY99780_pass_barcode01_98e12ebb_5ad7f319_35 - polya	(1, 0.0)	(2, 0.0)	(3, 0.0)	(4, 0.0)	(5, 0.0)	(6, 0.0)	(7, 0.0)	(8, 0.0)	(9, 0.0)	(10, 0.03973864907076256)	(1000, 0.27447392497712386)	(2000, 0.27447392497712386)	(3000, 0.27447392497712386)	(4000, 0.2807868252515982)	(5000, 0.3659652333028402)	(6000, 0.3659652333028402)	(7000, 0.3659652333028402)	(8000, 0.43970722781336913)	(9000, 0.45745654162855776)	(10000, 0.45745654162855776)	(11000, 0.45745654162855776)	(12000, 0.45745654162855776)	(13000, 0.45745654162855776)	(14000, 0.5170173833485726)	(15000, 0.6089661482159123)	(16000, 0.640439158279955)	(17000, 0.6578225068618516)	(18000, 0.9345837145471197)	(19000, 1.0064043915828047)	(20000, 1.0064043915828047)	(21000, 1.0064043915828047)	(22000, 1.0064043915828047)	(23000, 1.0064043915828047)	(24000, 1.0064043915828047)	(25000, 1.0064043915828047)	(26000, 1.0064043915828047)	(27000, 1.0781335773101415)	(28000, 1.0978956999084954)	(29000, 1.0978956999084954)	(30000, 1.0978956999084954)	(31000, 1.0978956999084954)	(32000, 1.0978956999084954)	(33000, 1.1641354071363357)	(34000, 1.1893870082342297)	(35000, 1.1893870082342297)	(36000, 1.1893870082342297)	(37000, 1.1893870082342297)	(38000, 1.1893870082342297)	(39000, 1.1893870082342297)	(40000, 1.1893870082342297)	(41000, 1.1893870082342297)	(42000, 1.1893870082342297)	(43000, 1.1893870082342297)	(44000, 1.1893870082342297)	(45000, 1.1893870082342297)	(46000, 1.1893870082342297)	(47000, 1.1893870082342297)	(48000, 1.1893870082342297)	(49000, 1.1893870082342297)	(50000, 1.1893870082342297)	(51000, 1.1893870082342277)													
FAY99780_pass_barcode01_98e12ebb_5ad7f319_35 - polyg	(1, 0.0)	(2, 0.0)	(3, 0.0)	(4, 0.0)	(5, 0.0)	(6, 0.0)	(7, 0.0)	(8, 0.0)	(9, 0.0)	(10, 0.0)	(1000, 0.0)	(2000, 0.0)	(3000, 0.0)	(4000, 0.0)	(5000, 0.0)	(6000, 0.0)	(7000, 0.0)	(8000, 0.0)	(9000, 0.0)	(10000, 0.0)	(11000, 0.0)	(12000, 0.0)	(13000, 0.0)	(14000, 0.0)	(15000, 0.0)	(16000, 0.0)	(17000, 0.0)	(18000, 0.0802378774016467)	(19000, 0.1829826166514201)	(20000, 0.1829826166514201)	(21000, 0.1829826166514201)	(22000, 0.1829826166514201)	(23000, 0.1829826166514201)	(24000, 0.1829826166514201)	(25000, 0.1829826166514201)	(26000, 0.1829826166514201)	(27000, 0.1829826166514201)	(28000, 0.1829826166514201)	(29000, 0.1829826166514201)	(30000, 0.1829826166514201)	(31000, 0.1829826166514201)	(32000, 0.1829826166514201)	(33000, 0.1829826166514201)	(34000, 0.1829826166514201)	(35000, 0.1829826166514201)	(36000, 0.1829826166514201)	(37000, 0.1829826166514201)	(38000, 0.1829826166514201)	(39000, 0.1829826166514201)	(40000, 0.1829826166514201)	(41000, 0.1829826166514201)	(42000, 0.1829826166514201)	(43000, 0.1829826166514201)	(44000, 0.1829826166514201)	(45000, 0.1829826166514201)	(46000, 0.1829826166514201)	(47000, 0.1829826166514201)	(48000, 0.1829826166514201)	(49000, 0.1829826166514201)	(50000, 0.1829826166514201)	(51000, 0.1829826166514161)													
FAY99780_pass_barcode01_98e12ebb_5ad7f319_36 - polya	(1, 0.0)	(2, 0.0)	(3, 0.0)	(4, 0.0)	(5, 0.0)	(6, 0.0)	(7, 0.0)	(8, 0.0)	(9, 0.0)	(10, 0.038799897611381445)	(2000, 0.16385165326184056)	(4000, 0.24682752457551477)	(6000, 0.4752010723860548)	(8000, 0.5361930294906135)	(10000, 0.6956210902591534)	(12000, 0.7482126899016871)	(14000, 0.8042895442358894)	(16000, 0.8042895442358894)	(18000, 0.9472296693476238)	(20000, 0.9830205540661183)	(22000, 0.9830205540661183)	(24000, 0.9830205540661183)	(26000, 1.050268096514742)	(28000, 1.072386058981227)	(30000, 1.108445040214489)	(32000, 1.1617515638963565)	(34000, 1.1617515638963565)	(36000, 1.1617515638963565)	(38000, 1.1617515638963565)	(40000, 1.2122430741733663)	(42000, 1.2511170688114293)	(44000, 1.2511170688114293)	(46000, 1.2937890974084414)	(48000, 1.340482573726571)	(50000, 1.340482573726571)	(52000, 1.340482573726571)	(54000, 1.340482573726571)	(56000, 1.340482573726571)	(58000, 1.340482573726571)	(60000, 1.340482573726571)	(62000, 1.340482573726571)	(64000, 1.340482573726571)	(66000, 1.340482573726571)	(68000, 1.340482573726571)	(70000, 1.340482573726571)	(72000, 1.340482573726571)	(74000, 1.340482573726571)	(76000, 1.340482573726571)	(78000, 1.340482573726571)	(80000, 1.340482573726571)	(82000, 1.340482573726571)	(84000, 1.340482573726571)	(86000, 1.340482573726571)	(88000, 1.4096514745308153)	(90000, 1.4298480786416283)	(92000, 1.4298480786416616)																		
FAY99780_pass_barcode01_98e12ebb_5ad7f319_37 - illumina_small_rna_5'_adapter	(1, 0.0)	(2, 0.0)	(3, 0.0)	(4, 0.0)	(5, 0.0)	(6, 0.0)	(7, 0.0)	(8, 0.0)	(9, 0.0)	(10, 0.0)	(2000, 0.0)	(4000, 0.0)	(6000, 0.0)	(8000, 0.0)	(10000, 0.0)	(12000, 0.0)	(14000, 0.0)	(16000, 0.0)	(18000, 0.0)	(20000, 0.0)	(22000, 0.03299788135593269)	(24000, 0.10593220338983413)	(26000, 0.10593220338983413)	(28000, 0.10593220338983413)	(30000, 0.10593220338983413)	(32000, 0.10593220338983413)	(34000, 0.10593220338983413)	(36000, 0.10593220338983413)	(38000, 0.10593220338983413)	(40000, 0.10593220338983413)	(42000, 0.10593220338983413)	(44000, 0.10593220338983413)	(46000, 0.10593220338983413)	(48000, 0.10593220338983413)	(50000, 0.10593220338983413)	(52000, 0.10593220338983413)	(54000, 0.10593220338983413)	(56000, 0.10593220338983413)	(58000, 0.10593220338983413)	(60000, 0.10593220338983413)	(62000, 0.10593220338983413)	(64000, 0.10593220338983413)	(66000, 0.10593220338983413)	(68000, 0.10593220338983157)																														
FAY99780_pass_barcode01_98e12ebb_5ad7f319_37 - polya	(1, 0.0)	(2, 0.0)	(3, 0.0)	(4, 0.0)	(5, 0.0)	(6, 0.0)	(7, 0.0)	(8, 0.0)	(9, 0.0)	(10, 0.012456349544331823)	(2000, 0.4370233050847338)	(4000, 0.7439088983051084)	(6000, 0.9148305084746031)	(8000, 1.0377648305084641)	(10000, 1.1835805084745268)	(12000, 1.271186440677911)	(14000, 1.4390360169491185)	(16000, 1.4830508474575839)	(18000, 1.4830508474575839)	(20000, 1.6147245762712379)	(22000, 1.694915254237346)	(24000, 1.7543961864407123)	(26000, 1.8008474576271445)	(28000, 1.8008474576271445)	(30000, 1.859957627118644)	(32000, 2.0772775423728786)	(34000, 2.1360699152542155)	(36000, 2.2988347457626377)	(38000, 2.3951800847456624)	(40000, 2.436440677966024)	(42000, 2.436440677966024)	(44000, 2.436440677966024)	(46000, 2.436440677966024)	(48000, 2.436440677966024)	(50000, 2.529290254237177)	(52000, 2.542372881355822)	(54000, 2.542372881355822)	(56000, 2.542372881355822)	(58000, 2.542372881355822)	(60000, 2.542372881355822)	(62000, 2.542372881355822)	(64000, 2.542372881355822)	(66000, 2.542372881355822)	(68000, 2.542372881355855)																														
FAY99780_pass_barcode01_98e12ebb_5ad7f319_37 - polyg	(1, 0.0)	(2, 0.0)	(3, 0.0)	(4, 0.0)	(5, 0.0)	(6, 0.0)	(7, 0.0)	(8, 0.0)	(9, 0.0)	(10, 0.0)	(2000, 0.0)	(4000, 0.0)	(6000, 0.0)	(8000, 0.06228813559321983)	(10000, 0.10593220338983413)	(12000, 0.10593220338983413)	(14000, 0.10593220338983413)	(16000, 0.10593220338983413)	(18000, 0.10593220338983413)	(20000, 0.10593220338983413)	(22000, 0.10593220338983413)	(24000, 0.17823093220339414)	(26000, 0.21186440677966825)	(28000, 0.21186440677966825)	(30000, 0.23882415254236836)	(32000, 0.31779661016947774)	(34000, 0.31779661016947774)	(36000, 0.38824152542373935)	(38000, 0.4237288135593365)	(40000, 0.4237288135593365)	(42000, 0.4237288135593365)	(44000, 0.4237288135593365)	(46000, 0.4237288135593365)	(48000, 0.4237288135593365)	(50000, 0.4237288135593365)	(52000, 0.4237288135593365)	(54000, 0.4237288135593365)	(56000, 0.4237288135593365)	(58000, 0.4237288135593365)	(60000, 0.4237288135593365)	(62000, 0.4237288135593365)	(64000, 0.4237288135593365)	(66000, 0.4237288135593365)	(68000, 0.4237288135593263)																														
FAY99780_pass_barcode01_98e12ebb_5ad7f319_38 - polya	(1, 0.0)	(2, 0.0)	(3, 0.0)	(4, 0.0)	(5, 0.0)	(6, 0.0)	(7, 0.0)	(8, 0.0)	(9, 0.0)	(10, 0.18556931946554536)	(2000, 0.5201550387596797)	(4000, 0.6052325581395159)	(6000, 0.6782945736433877)	(8000, 0.7863856589147151)	(10000, 0.8720930232557835)	(12000, 0.8854166666666489)	(14000, 0.9689922480620222)	(16000, 0.9689922480620222)	(18000, 0.9689922480620222)	(20000, 0.9689922480620222)	(22000, 0.9859011627907204)	(24000, 1.0853682170542949)	(26000, 1.1627906976744187)	(28000, 1.1627906976744187)	(30000, 1.1627906976744187)	(32000, 1.1833817829457)	(34000, 1.370881782945714)	(36000, 1.4534883720930332)	(38000, 1.4700581395349093)	(40000, 1.55038759689929)	(42000, 1.55038759689929)	(44000, 1.55038759689929)	(46000, 1.55038759689929)	(48000, 1.55038759689929)	(50000, 1.55038759689929)	(52000, 1.55038759689929)	(54000, 1.55038759689929)	(56000, 1.55038759689929)	(58000, 1.55038759689929)	(60000, 1.55038759689929)	(62000, 1.55038759689929)	(64000, 1.55038759689929)	(66000, 1.55038759689929)	(68000, 1.55038759689929)	(70000, 1.55038759689929)	(72000, 1.55038759689929)	(74000, 1.55038759689929)	(76000, 1.55038759689929)	(78000, 1.55038759689929)	(80000, 1.55038759689929)	(82000, 1.55038759689929)	(84000, 1.55038759689929)	(86000, 1.55038759689929)	(88000, 1.55038759689929)	(90000, 1.55038759689929)	(92000, 1.55038759689929)	(94000, 1.55038759689929)	(96000, 1.55038759689929)	(98000, 1.55038759689929)	(100000, 1.55038759689929)	(102000, 1.55038759689929)	(104000, 1.55038759689929)	(106000, 1.55038759689929)	(108000, 1.550387596899216)										
FAY99780_pass_barcode01_98e12ebb_5ad7f319_38 - polyg	(1, 0.0)	(2, 0.0)	(3, 0.0)	(4, 0.0)	(5, 0.0)	(6, 0.0)	(7, 0.0)	(8, 0.0)	(9, 0.0)	(10, 0.0)	(2000, 0.0)	(4000, 0.0)	(6000, 0.0)	(8000, 0.0)	(10000, 0.0)	(12000, 0.05077519379845065)	(14000, 0.09689922480620562)	(16000, 0.09689922480620562)	(18000, 0.09689922480620562)	(20000, 0.09689922480620562)	(22000, 0.09689922480620562)	(24000, 0.09689922480620562)	(26000, 0.09689922480620562)	(28000, 0.09689922480620562)	(30000, 0.09689922480620562)	(32000, 0.14646317829457975)	(34000, 0.19379844961241124)	(36000, 0.19379844961241124)	(38000, 0.19379844961241124)	(40000, 0.19379844961241124)	(42000, 0.19379844961241124)	(44000, 0.19379844961241124)	(46000, 0.19379844961241124)	(48000, 0.19379844961241124)	(50000, 0.19379844961241124)	(52000, 0.19379844961241124)	(54000, 0.19379844961241124)	(56000, 0.19379844961241124)	(58000, 0.19379844961241124)	(60000, 0.19379844961241124)	(62000, 0.19379844961241124)	(64000, 0.19379844961241124)	(66000, 0.19379844961241124)	(68000, 0.19379844961241124)	(70000, 0.19379844961241124)	(72000, 0.19379844961241124)	(74000, 0.19379844961241124)	(76000, 0.19379844961241124)	(78000, 0.19379844961241124)	(80000, 0.19379844961241124)	(82000, 0.19379844961241124)	(84000, 0.19379844961241124)	(86000, 0.19379844961241124)	(88000, 0.19379844961241124)	(90000, 0.19379844961241124)	(92000, 0.19379844961241124)	(94000, 0.19379844961241124)	(96000, 0.19379844961241124)	(98000, 0.19379844961241124)	(100000, 0.19379844961241124)	(102000, 0.19379844961241124)	(104000, 0.19379844961241124)	(106000, 0.19379844961241124)	(108000, 0.193798449612402)										
FAY99780_pass_barcode01_98e12ebb_5ad7f319_39 - polya	(1, 0.0)	(2, 0.0)	(3, 0.0)	(4, 0.0)	(5, 0.0)	(6, 0.0)	(7, 0.0)	(8, 0.0)	(9, 0.0)	(10, 0.0606930757684517)	(2000, 0.1265800865800844)	(4000, 0.1731601731601703)	(6000, 0.1731601731601703)	(8000, 0.23220779220779966)	(10000, 0.25974025974027004)	(12000, 0.25974025974027004)	(14000, 0.25974025974027004)	(16000, 0.31450216450216223)	(18000, 0.5194805194805401)	(20000, 0.5915151515151488)	(22000, 0.6666666666666583)	(24000, 0.7788744588744725)	(26000, 0.7792207792207929)	(28000, 0.7792207792207929)	(30000, 0.8429004329004187)	(32000, 0.8658008658008465)	(34000, 0.89809523809525)	(36000, 0.9523809523809623)	(38000, 1.0139393939394374)	(40000, 1.0389610389610802)	(42000, 1.0389610389610802)	(44000, 1.1110389610389237)	(46000, 1.1255411255410885)	(48000, 1.192987012987009)	(50000, 1.212121212121202)	(52000, 1.212121212121202)	(54000, 1.2668831168830996)	(56000, 1.2987012987012823)	(58000, 1.2987012987012823)	(60000, 1.2987012987012823)	(62000, 1.2987012987012823)	(64000, 1.2987012987012823)	(66000, 1.2987012987012823)	(68000, 1.2987012987012823)	(70000, 1.2987012987012823)	(72000, 1.2987012987012823)	(74000, 1.2987012987012823)	(76000, 1.2987012987012823)	(78000, 1.2987012987012823)	(80000, 1.2987012987012823)	(82000, 1.2987012987012823)	(84000, 1.2987012987012823)	(86000, 1.2987012987012823)	(88000, 1.2987012987012823)	(90000, 1.2987012987012823)	(92000, 1.2987012987012823)	(94000, 1.2987012987012823)	(96000, 1.2987012987012823)	(98000, 1.2987012987012823)	(100000, 1.2987012987012623)														
FAY99780_pass_barcode01_98e12ebb_5ad7f319_39 - polyg	(1, 0.0)	(2, 0.0)	(3, 0.0)	(4, 0.0)	(5, 0.0)	(6, 0.0)	(7, 0.0)	(8, 0.0)	(9, 0.0)	(10, 0.0)	(2000, 0.0)	(4000, 0.0)	(6000, 0.0)	(8000, 0.0)	(10000, 0.0)	(12000, 0.0)	(14000, 0.0)	(16000, 0.013203463203463122)	(18000, 0.08658008658008515)	(20000, 0.08658008658008515)	(22000, 0.08658008658008515)	(24000, 0.08658008658008515)	(26000, 0.08658008658008515)	(28000, 0.08658008658008515)	(30000, 0.128181818181816)	(32000, 0.1731601731601703)	(34000, 0.1731601731601703)	(36000, 0.25809523809524826)	(38000, 0.25974025974027004)	(40000, 0.25974025974027004)	(42000, 0.25974025974027004)	(44000, 0.25974025974027004)	(46000, 0.25974025974027004)	(48000, 0.25974025974027004)	(50000, 0.25974025974027004)	(52000, 0.31012987012986515)	(54000, 0.3463203463203406)	(56000, 0.3463203463203406)	(58000, 0.3463203463203406)	(60000, 0.3463203463203406)	(62000, 0.3463203463203406)	(64000, 0.3463203463203406)	(66000, 0.3463203463203406)	(68000, 0.3463203463203406)	(70000, 0.3463203463203406)	(72000, 0.3463203463203406)	(74000, 0.3463203463203406)	(76000, 0.3463203463203406)	(78000, 0.3463203463203406)	(80000, 0.3463203463203406)	(82000, 0.3463203463203406)	(84000, 0.3463203463203406)	(86000, 0.3463203463203406)	(88000, 0.3463203463203406)	(90000, 0.3463203463203406)	(92000, 0.3463203463203406)	(94000, 0.3463203463203406)	(96000, 0.3463203463203406)	(98000, 0.3463203463203406)	(100000, 0.3463203463203407)														
FAY99780_pass_barcode01_98e12ebb_5ad7f319_4 - polya	(1, 0.0)	(2, 0.0)	(3, 0.0)	(4, 0.0)	(5, 0.0)	(6, 0.0)	(7, 0.0)	(8, 0.0)	(9, 0.0)	(10, 0.0927930094596757)	(1000, 0.27228835978835564)	(2000, 0.3306878306878324)	(3000, 0.38048941798942343)	(4000, 0.4723544973545016)	(5000, 0.5898148148148085)	(6000, 0.6613756613756648)	(7000, 0.6613756613756648)	(8000, 0.6613756613756648)	(9000, 0.710648148148138)	(10000, 0.7363756613756581)	(11000, 0.7936507936508058)	(12000, 0.7936507936508058)	(13000, 0.7936507936508058)	(14000, 0.7936507936508058)	(15000, 0.8342592592592537)	(16000, 0.8597883597883543)	(17000, 0.8597883597883543)	(18000, 0.8822089947090098)	(19000, 0.9259259259259494)	(20000, 0.9259259259259494)	(21000, 0.9259259259259494)	(22000, 0.9259259259259494)	(23000, 0.9259259259259494)	(24000, 0.9259259259259494)	(25000, 0.9259259259259494)	(26000, 0.9643518518518521)	(27000, 1.0144179894179732)	(28000, 1.0609788359788144)	(29000, 1.1243386243386326)	(30000, 1.1243386243386326)	(31000, 1.1243386243386326)	(32000, 1.1243386243386326)	(33000, 1.1243386243386326)	(34000, 1.1243386243386326)	(35000, 1.1243386243386326)	(36000, 1.1243386243386326)	(37000, 1.1243386243386326)	(38000, 1.1243386243386326)	(39000, 1.1243386243386326)	(40000, 1.1243386243386326)	(41000, 1.1243386243386326)	(42000, 1.1243386243386326)	(43000, 1.1243386243386326)	(44000, 1.1243386243386326)	(45000, 1.1243386243386326)	(46000, 1.1243386243386326)	(47000, 1.1243386243386326)	(48000, 1.1243386243386326)	(49000, 1.1243386243386289)															
FAY99780_pass_barcode01_98e12ebb_5ad7f319_4 - polyg	(1, 0.0)	(2, 0.0)	(3, 0.0)	(4, 0.0)	(5, 0.0)	(6, 0.0)	(7, 0.0)	(8, 0.0)	(9, 0.0)	(10, 0.0)	(1000, 0.020039682539682625)	(2000, 0.06613756613756486)	(3000, 0.06613756613756486)	(4000, 0.06613756613756486)	(5000, 0.06613756613756486)	(6000, 0.06613756613756486)	(7000, 0.06613756613756486)	(8000, 0.06613756613756486)	(9000, 0.06613756613756486)	(10000, 0.06613756613756486)	(11000, 0.06613756613756486)	(12000, 0.06613756613756486)	(13000, 0.06613756613756486)	(14000, 0.06613756613756486)	(15000, 0.06613756613756486)	(16000, 0.06613756613756486)	(17000, 0.06613756613756486)	(18000, 0.06613756613756486)	(19000, 0.06613756613756486)	(20000, 0.06613756613756486)	(21000, 0.06613756613756486)	(22000, 0.06613756613756486)	(23000, 0.06613756613756486)	(24000, 0.06613756613756486)	(25000, 0.06613756613756486)	(26000, 0.06613756613756486)	(27000, 0.06613756613756486)	(28000, 0.11878306878306645)	(29000, 0.13227513227512971)	(30000, 0.13227513227512971)	(31000, 0.13227513227512971)	(32000, 0.13227513227512971)	(33000, 0.13227513227512971)	(34000, 0.13227513227512971)	(35000, 0.13227513227512971)	(36000, 0.13227513227512971)	(37000, 0.13227513227512971)	(38000, 0.13227513227512971)	(39000, 0.13227513227512971)	(40000, 0.13227513227512971)	(41000, 0.13227513227512971)	(42000, 0.13227513227512971)	(43000, 0.13227513227512971)	(44000, 0.13227513227512971)	(45000, 0.13227513227512971)	(46000, 0.13227513227512971)	(47000, 0.13227513227512971)	(48000, 0.13227513227512971)	(49000, 0.1322751322751328)															
FAY99780_pass_barcode01_98e12ebb_5ad7f319_40 - polya	(1, 0.0)	(2, 0.0)	(3, 0.0)	(4, 0.0)	(5, 0.0)	(6, 0.0)	(7, 0.0)	(8, 0.0)	(9, 0.0)	(10, 0.004744901241716529)	(1000, 0.09745222929936165)	(2000, 0.17428343949044484)	(3000, 0.31313694267516035)	(4000, 0.3335191082802491)	(5000, 0.5091560509554227)	(6000, 0.5573248407643366)	(7000, 0.5573248407643366)	(8000, 0.6312101910828051)	(9000, 0.6369426751592385)	(10000, 0.7239649681528598)	(11000, 0.7961783439490371)	(12000, 0.7961783439490371)	(13000, 0.8317675159235836)	(14000, 0.8757961783439626)	(15000, 0.8757961783439626)	(16000, 0.8757961783439626)	(17000, 0.8757961783439626)	(18000, 0.8757961783439626)	(19000, 0.8757961783439626)	(20000, 0.9181528662420384)	(21000, 0.9554140127388563)	(22000, 0.9554140127388563)	(23000, 0.9554140127388563)	(24000, 0.9903662420382028)	(25000, 1.068471337579632)	(26000, 1.1146496815286733)	(27000, 1.1146496815286733)	(28000, 1.1146496815286733)	(29000, 1.1146496815286733)	(30000, 1.1146496815286733)	(31000, 1.135987261146496)	(32000, 1.194267515923554)	(33000, 1.194267515923554)	(34000, 1.194267515923554)	(35000, 1.194267515923554)	(36000, 1.194267515923554)	(37000, 1.194267515923554)	(38000, 1.194267515923554)	(39000, 1.194267515923554)	(40000, 1.194267515923554)	(41000, 1.194267515923554)	(42000, 1.241321656050957)	(43000, 1.273885350318477)	(44000, 1.273885350318477)	(45000, 1.273885350318477)	(46000, 1.273885350318477)	(47000, 1.273885350318477)	(48000, 1.273885350318477)	(49000, 1.273885350318477)	(50000, 1.273885350318477)	(51000, 1.2738853503184666)													
FAY99780_pass_barcode01_98e12ebb_5ad7f319_41 - polya	(1, 0.0)	(2, 0.0)	(3, 0.0)	(4, 0.0)	(5, 0.0)	(6, 0.0)	(7, 0.0)	(8, 0.0)	(9, 0.0)	(10, 0.04025494800402545)	(1000, 0.09225092250922372)	(2000, 0.09225092250922372)	(3000, 0.12499999999999796)	(4000, 0.18450184501844744)	(5000, 0.18450184501844744)	(6000, 0.18450184501844744)	(7000, 0.18450184501844744)	(8000, 0.2719557195572009)	(9000, 0.27675276752768074)	(10000, 0.27675276752768074)	(11000, 0.27675276752768074)	(12000, 0.27675276752768074)	(13000, 0.29658671586716057)	(14000, 0.37878228782287093)	(15000, 0.46125461254611505)	(16000, 0.46125461254611505)	(17000, 0.46125461254611505)	(18000, 0.5022140221402288)	(19000, 0.5750000000000126)	(20000, 0.738099630996313)	(21000, 0.8302583025830389)	(22000, 0.8302583025830389)	(23000, 0.9006457564575432)	(24000, 0.9225092250922301)	(25000, 0.9225092250922301)	(26000, 0.9225092250922301)	(27000, 0.9225092250922301)	(28000, 0.9225092250922301)	(29000, 0.9225092250922301)	(30000, 0.9225092250922301)	(31000, 0.9225092250922301)	(32000, 0.9225092250922301)	(33000, 0.9225092250922301)	(34000, 0.9225092250922301)	(35000, 0.9225092250922301)	(36000, 0.9225092250922301)	(37000, 0.9225092250922301)	(38000, 0.9225092250922301)	(39000, 0.9225092250922301)	(40000, 0.9225092250922301)	(41000, 0.9225092250922301)	(42000, 0.9225092250922301)	(43000, 0.9225092250922301)	(44000, 0.9225092250922301)	(45000, 0.9225092250922301)	(46000, 0.9225092250922301)	(47000, 0.9225092250922301)	(48000, 0.9225092250922301)	(49000, 0.9225092250922301)	(50000, 0.9225092250922301)	(51000, 0.9225092250922301)	(52000, 0.9225092250922301)	(53000, 0.9225092250922301)	(54000, 0.9225092250922301)	(55000, 0.9225092250922301)	(56000, 0.9225092250922301)	(57000, 0.922509225092251)							
FAY99780_pass_barcode01_98e12ebb_5ad7f319_42 - polya	(1, 0.0)	(2, 0.0)	(3, 0.0)	(4, 0.0)	(5, 0.0)	(6, 0.0)	(7, 0.0)	(8, 0.0)	(9, 0.0)	(10, 0.0)	(2000, 0.2075938566552926)	(4000, 0.4266211604095731)	(6000, 0.4266211604095731)	(8000, 0.5066552901023975)	(10000, 0.5119453924914764)	(12000, 0.5119453924914764)	(14000, 0.5569965870307199)	(16000, 0.5972696245733793)	(18000, 0.7620307167235634)	(20000, 1.0601535836177116)	(22000, 1.1092150170648107)	(24000, 1.1092150170648107)	(26000, 1.1092150170648107)	(28000, 1.1092150170648107)	(30000, 1.2187286689419912)	(32000, 1.40230375426619)	(34000, 1.450511945392466)	(36000, 1.450511945392466)	(38000, 1.450511945392466)	(40000, 1.5293088737201161)	(42000, 1.535836177474382)	(44000, 1.5893771331058684)	(46000, 1.6211604095563816)	(48000, 1.6211604095563816)	(50000, 1.6211604095563816)	(52000, 1.6211604095563816)	(54000, 1.6211604095563816)	(56000, 1.6211604095563816)	(58000, 1.6211604095563816)	(60000, 1.6211604095563816)	(62000, 1.6211604095563816)	(64000, 1.6211604095563816)	(66000, 1.6211604095563816)	(68000, 1.6211604095563756)																														
FAY99780_pass_barcode01_98e12ebb_5ad7f319_42 - polyg	(1, 0.0)	(2, 0.0)	(3, 0.0)	(4, 0.0)	(5, 0.0)	(6, 0.0)	(7, 0.0)	(8, 0.0)	(9, 0.0)	(10, 0.0)	(2000, 0.0)	(4000, 0.0)	(6000, 0.0)	(8000, 0.0)	(10000, 0.0)	(12000, 0.0)	(14000, 0.0)	(16000, 0.0)	(18000, 0.024104095563139857)	(20000, 0.08532423208191414)	(22000, 0.08532423208191414)	(24000, 0.08532423208191414)	(26000, 0.08532423208191414)	(28000, 0.08532423208191414)	(30000, 0.12401877133106175)	(32000, 0.17064846416382828)	(34000, 0.21395051194539594)	(36000, 0.2559726962457382)	(38000, 0.2559726962457382)	(40000, 0.2559726962457382)	(42000, 0.2559726962457382)	(44000, 0.2559726962457382)	(46000, 0.2559726962457382)	(48000, 0.2559726962457382)	(50000, 0.2559726962457382)	(52000, 0.2559726962457382)	(54000, 0.2559726962457382)	(56000, 0.2559726962457382)	(58000, 0.2559726962457382)	(60000, 0.2559726962457382)	(62000, 0.2559726962457382)	(64000, 0.2559726962457382)	(66000, 0.2559726962457382)	(68000, 0.25597269624573776)																														
FAY99780_pass_barcode01_98e12ebb_5ad7f319_43 - polya	(1, 0.0)	(2, 0.0)	(3, 0.0)	(4, 0.0)	(5, 0.0)	(6, 0.0)	(7, 0.0)	(8, 0.0)	(9, 0.0)	(10, 0.0)	(2000, 0.1479885057471253)	(4000, 0.30191570881225904)	(6000, 0.6330459770115199)	(8000, 0.7157088122605166)	(10000, 0.8067528735632099)	(12000, 0.8620689655172228)	(14000, 0.8695402298850445)	(16000, 0.9578544061302967)	(18000, 1.0398946360153463)	(20000, 1.1494252873562905)	(22000, 1.1494252873562905)	(24000, 1.1494252873562905)	(26000, 1.1494252873562905)	(28000, 1.2255747126436654)	(30000, 1.2452107279693299)	(32000, 1.2452107279693299)	(34000, 1.2452107279693299)	(36000, 1.2452107279693299)	(38000, 1.248754789272023)	(40000, 1.4072796934865628)	(42000, 1.5325670498083719)	(44000, 1.5325670498083719)	(46000, 1.5325670498083719)	(48000, 1.5325670498083719)	(50000, 1.550622605363984)	(52000, 1.6283524904215145)	(54000, 1.6283524904215145)	(56000, 1.6283524904215145)	(58000, 1.6283524904215145)	(60000, 1.6283524904215145)	(62000, 1.6283524904215145)	(64000, 1.6283524904215145)	(66000, 1.6283524904215145)	(68000, 1.6283524904215145)	(70000, 1.6283524904215145)	(72000, 1.6283524904215145)	(74000, 1.6283524904215145)	(76000, 1.6283524904215145)	(78000, 1.6283524904215145)	(80000, 1.6283524904215145)	(82000, 1.6283524904215145)	(84000, 1.6283524904215145)	(86000, 1.6283524904215145)	(88000, 1.6283524904215145)	(90000, 1.6283524904215099)																			
FAY99780_pass_barcode01_98e12ebb_5ad7f319_43 - polyg	(1, 0.0)	(2, 0.0)	(3, 0.0)	(4, 0.0)	(5, 0.0)	(6, 0.0)	(7, 0.0)	(8, 0.0)	(9, 0.0)	(10, 0.0)	(2000, 0.0)	(4000, 0.0)	(6000, 0.051532567049808985)	(8000, 0.09578544061302324)	(10000, 0.09578544061302324)	(12000, 0.09578544061302324)	(14000, 0.09578544061302324)	(16000, 0.19018199233715777)	(18000, 0.23663793103447892)	(20000, 0.2873563218390726)	(22000, 0.2873563218390726)	(24000, 0.2873563218390726)	(26000, 0.2873563218390726)	(28000, 0.2873563218390726)	(30000, 0.2873563218390726)	(32000, 0.2873563218390726)	(34000, 0.2873563218390726)	(36000, 0.2873563218390726)	(38000, 0.2873563218390726)	(40000, 0.2873563218390726)	(42000, 0.2873563218390726)	(44000, 0.2873563218390726)	(46000, 0.3793103448275724)	(48000, 0.38314176245209297)	(50000, 0.39190613026819154)	(52000, 0.47892720306514835)	(54000, 0.47892720306514835)	(56000, 0.47892720306514835)	(58000, 0.47892720306514835)	(60000, 0.49707854406130914)	(62000, 0.5747126436781452)	(64000, 0.5747126436781452)	(66000, 0.5747126436781452)	(68000, 0.5747126436781452)	(70000, 0.5747126436781452)	(72000, 0.5747126436781452)	(74000, 0.5747126436781452)	(76000, 0.5747126436781452)	(78000, 0.5747126436781452)	(80000, 0.5747126436781452)	(82000, 0.5747126436781452)	(84000, 0.5747126436781452)	(86000, 0.5747126436781452)	(88000, 0.5747126436781452)	(90000, 0.5747126436781459)																			
FAY99780_pass_barcode01_98e12ebb_5ad7f319_44 - polya	(1, 0.0)	(2, 0.0)	(3, 0.0)	(4, 0.0)	(5, 0.0)	(6, 0.0)	(7, 0.0)	(8, 0.0)	(9, 0.0)	(10, 0.08096984075631816)	(1000, 0.3072953736654853)	(2000, 0.3558718861210033)	(3000, 0.3558718861210033)	(4000, 0.42962633451956356)	(5000, 0.4448398576512359)	(6000, 0.45871886120995964)	(7000, 0.5825622775800716)	(8000, 0.6227758007117482)	(9000, 0.6756227758007245)	(10000, 0.7665480427046244)	(11000, 0.8896797153024718)	(12000, 1.1115658362989396)	(13000, 1.282384341636989)	(14000, 1.3345195729537132)	(15000, 1.4041814946619489)	(16000, 1.5111209964412615)	(17000, 1.5124555160142152)	(18000, 1.5124555160142152)	(19000, 1.5811387900355847)	(20000, 1.6536476868327639)	(21000, 1.6903914590747613)	(22000, 1.6903914590747613)	(23000, 1.6903914590747613)	(24000, 1.7725088967971143)	(25000, 1.8242882562277354)	(26000, 1.957295373665433)	(27000, 1.957295373665433)	(28000, 2.040658362989309)	(29000, 2.0462633451957144)	(30000, 2.0462633451957144)	(31000, 2.0462633451957144)	(32000, 2.0462633451957144)	(33000, 2.0462633451957144)	(34000, 2.1321174377224392)	(35000, 2.135231316725998)	(36000, 2.135231316725998)	(37000, 2.135231316725998)	(38000, 2.135231316725998)	(39000, 2.135231316725998)	(40000, 2.135231316725998)	(41000, 2.135231316725998)	(42000, 2.135231316725998)	(43000, 2.135231316725998)	(44000, 2.135231316725998)	(45000, 2.135231316725998)	(46000, 2.135231316725998)	(47000, 2.135231316725998)	(48000, 2.135231316725998)	(49000, 2.135231316725998)	(50000, 2.135231316725981)														
FAY99780_pass_barcode01_98e12ebb_5ad7f319_44 - polyg	(1, 0.0)	(2, 0.0)	(3, 0.0)	(4, 0.0)	(5, 0.0)	(6, 0.0)	(7, 0.0)	(8, 0.0)	(9, 0.0)	(10, 0.0)	(1000, 0.0)	(2000, 0.0)	(3000, 0.0)	(4000, 0.0)	(5000, 0.0)	(6000, 0.0)	(7000, 0.0)	(8000, 0.0)	(9000, 0.0)	(10000, 0.0)	(11000, 0.0)	(12000, 0.0)	(13000, 0.0)	(14000, 0.0)	(15000, 0.07313167259786596)	(16000, 0.08896797153025082)	(17000, 0.08896797153025082)	(18000, 0.08896797153025082)	(19000, 0.08896797153025082)	(20000, 0.12571174377224445)	(21000, 0.17793594306050164)	(22000, 0.17793594306050164)	(23000, 0.18514234875445207)	(24000, 0.26690391459074975)	(25000, 0.26690391459074975)	(26000, 0.33692170818506)	(27000, 0.3558718861210033)	(28000, 0.3558718861210033)	(29000, 0.3558718861210033)	(30000, 0.3558718861210033)	(31000, 0.3558718861210033)	(32000, 0.3558718861210033)	(33000, 0.3558718861210033)	(34000, 0.43451957295372723)	(35000, 0.4448398576512359)	(36000, 0.4448398576512359)	(37000, 0.4448398576512359)	(38000, 0.4448398576512359)	(39000, 0.4448398576512359)	(40000, 0.4448398576512359)	(41000, 0.4448398576512359)	(42000, 0.4448398576512359)	(43000, 0.4448398576512359)	(44000, 0.4448398576512359)	(45000, 0.4448398576512359)	(46000, 0.4448398576512359)	(47000, 0.4448398576512359)	(48000, 0.4448398576512359)	(49000, 0.4448398576512359)	(50000, 0.44483985765123846)														
FAY99780_pass_barcode01_98e12ebb_5ad7f319_45 - polya	(1, 0.0)	(2, 0.0)	(3, 0.0)	(4, 0.0)	(5, 0.0)	(6, 0.0)	(7, 0.0)	(8, 0.0)	(9, 0.0)	(10, 0.11063910129330541)	(1000, 0.23392523364486092)	(2000, 0.3738317757009261)	(3000, 0.528971962616828)	(4000, 0.5607476635514078)	(5000, 0.5642990654205683)	(6000, 0.654205607476641)	(7000, 0.7060747663551237)	(8000, 0.7476635514018523)	(9000, 0.7476635514018523)	(10000, 0.7476635514018523)	(11000, 0.7476635514018523)	(12000, 0.7494392523364325)	(13000, 0.8411214953271134)	(14000, 0.8411214953271134)	(15000, 0.8411214953271134)	(16000, 0.858130841121513)	(17000, 0.9345794392523579)	(18000, 0.9345794392523579)	(19000, 0.9345794392523579)	(20000, 0.9345794392523579)	(21000, 0.9345794392523579)	(22000, 1.0005607476635348)	(23000, 1.0748598130841163)	(24000, 1.1214953271028156)	(25000, 1.1214953271028156)	(26000, 1.1214953271028156)	(27000, 1.1214953271028156)	(28000, 1.1214953271028156)	(29000, 1.1214953271028156)	(30000, 1.1214953271028156)	(31000, 1.1214953271028156)	(32000, 1.1214953271028156)	(33000, 1.1214953271028156)	(34000, 1.1214953271028156)	(35000, 1.1214953271028156)	(36000, 1.1214953271028156)	(37000, 1.1214953271028156)	(38000, 1.1214953271028156)	(39000, 1.125794392523373)	(40000, 1.214953271028052)	(41000, 1.214953271028052)	(42000, 1.214953271028052)	(43000, 1.214953271028052)	(44000, 1.214953271028052)	(45000, 1.214953271028052)	(46000, 1.214953271028052)	(47000, 1.214953271028038)																	
FAY99780_pass_barcode01_98e12ebb_5ad7f319_45 - polyg	(1, 0.0)	(2, 0.0)	(3, 0.0)	(4, 0.0)	(5, 0.0)	(6, 0.0)	(7, 0.0)	(8, 0.0)	(9, 0.0)	(10, 0.03256867742849057)	(1000, 0.09345794392523153)	(2000, 0.09345794392523153)	(3000, 0.09345794392523153)	(4000, 0.09345794392523153)	(5000, 0.09345794392523153)	(6000, 0.09345794392523153)	(7000, 0.09345794392523153)	(8000, 0.09345794392523153)	(9000, 0.09345794392523153)	(10000, 0.09345794392523153)	(11000, 0.09345794392523153)	(12000, 0.09345794392523153)	(13000, 0.17953271028036988)	(14000, 0.18691588785046306)	(15000, 0.18691588785046306)	(16000, 0.18691588785046306)	(17000, 0.18691588785046306)	(18000, 0.18691588785046306)	(19000, 0.18691588785046306)	(20000, 0.18691588785046306)	(21000, 0.18691588785046306)	(22000, 0.18691588785046306)	(23000, 0.21252336448598005)	(24000, 0.2803738317757039)	(25000, 0.2803738317757039)	(26000, 0.2803738317757039)	(27000, 0.2803738317757039)	(28000, 0.2803738317757039)	(29000, 0.2803738317757039)	(30000, 0.2803738317757039)	(31000, 0.2803738317757039)	(32000, 0.2803738317757039)	(33000, 0.2803738317757039)	(34000, 0.2803738317757039)	(35000, 0.2803738317757039)	(36000, 0.2803738317757039)	(37000, 0.2803738317757039)	(38000, 0.2803738317757039)	(39000, 0.2954205607476637)	(40000, 0.3738317757009261)	(41000, 0.3738317757009261)	(42000, 0.3738317757009261)	(43000, 0.3738317757009261)	(44000, 0.3738317757009261)	(45000, 0.3738317757009261)	(46000, 0.3738317757009261)	(47000, 0.3738317757009325)																	
FAY99780_pass_barcode01_98e12ebb_5ad7f319_46 - polya	(1, 0.0)	(2, 0.0)	(3, 0.0)	(4, 0.0)	(5, 0.0931098696461825)	(6, 0.0931098696461825)	(7, 0.0931098696461825)	(8, 0.0931098696461825)	(9, 0.0931098696461825)	(10, 0.25459436073961605)	(1000, 0.2793296089385519)	(2000, 0.2793296089385519)	(3000, 0.2793296089385519)	(4000, 0.2793296089385519)	(5000, 0.2793296089385519)	(6000, 0.2793296089385519)	(7000, 0.3624767225325925)	(8000, 0.37243947858473425)	(9000, 0.37243947858473425)	(10000, 0.37243947858473425)	(11000, 0.37243947858473425)	(12000, 0.37243947858473425)	(13000, 0.4168528864059643)	(14000, 0.46554934823091937)	(15000, 0.46554934823091937)	(16000, 0.46554934823091937)	(17000, 0.46554934823091937)	(18000, 0.46554934823091937)	(19000, 0.46554934823091937)	(20000, 0.46554934823091937)	(21000, 0.46554934823091937)	(22000, 0.5026070763501008)	(23000, 0.5586592178771038)	(24000, 0.5586592178771038)	(25000, 0.5586592178771038)	(26000, 0.64096834264432)	(27000, 0.6517690875232766)	(28000, 0.6517690875232766)	(29000, 0.6517690875232766)	(30000, 0.6517690875232766)	(31000, 0.6517690875232766)	(32000, 0.6517690875232766)	(33000, 0.6517690875232766)	(34000, 0.7211359404096928)	(35000, 0.7448789571694685)	(36000, 0.7824022346368626)	(37000, 0.8379888268156315)	(38000, 0.8379888268156315)	(39000, 0.8379888268156315)	(40000, 0.8379888268156315)	(41000, 0.8379888268156315)	(42000, 0.8379888268156315)	(43000, 0.8379888268156315)	(44000, 0.8379888268156315)	(45000, 0.8379888268156315)	(46000, 0.8379888268156315)	(47000, 0.8379888268156438)																	
FAY99780_pass_barcode01_98e12ebb_5ad7f319_46 - polyg	(1, 0.0)	(2, 0.0)	(3, 0.0)	(4, 0.0)	(5, 0.0)	(6, 0.0)	(7, 0.0)	(8, 0.0)	(9, 0.0)	(10, 0.0)	(1000, 0.0)	(2000, 0.0)	(3000, 0.0)	(4000, 0.0)	(5000, 0.0)	(6000, 0.0)	(7000, 0.07607076350093181)	(8000, 0.09310986964618356)	(9000, 0.09310986964618356)	(10000, 0.09310986964618356)	(11000, 0.09310986964618356)	(12000, 0.09310986964618356)	(13000, 0.14013035381750608)	(14000, 0.18621973929236713)	(15000, 0.18621973929236713)	(16000, 0.18621973929236713)	(17000, 0.18621973929236713)	(18000, 0.18621973929236713)	(19000, 0.18621973929236713)	(20000, 0.18621973929236713)	(21000, 0.18621973929236713)	(22000, 0.18621973929236713)	(23000, 0.18621973929236713)	(24000, 0.18621973929236713)	(25000, 0.18621973929236713)	(26000, 0.18621973929236713)	(27000, 0.18621973929236713)	(28000, 0.18621973929236713)	(29000, 0.18621973929236713)	(30000, 0.1954376163873394)	(31000, 0.2793296089385519)	(32000, 0.2793296089385519)	(33000, 0.2793296089385519)	(34000, 0.2793296089385519)	(35000, 0.2793296089385519)	(36000, 0.32206703910615064)	(37000, 0.37243947858473425)	(38000, 0.37243947858473425)	(39000, 0.37243947858473425)	(40000, 0.37243947858473425)	(41000, 0.37243947858473425)	(42000, 0.37243947858473425)	(43000, 0.37243947858473425)	(44000, 0.37243947858473425)	(45000, 0.37243947858473425)	(46000, 0.37243947858473425)	(47000, 0.37243947858472903)																	
FAY99780_pass_barcode01_98e12ebb_5ad7f319_47 - polya	(1, 0.0)	(2, 0.0)	(3, 0.0)	(4, 0.0)	(5, 0.0)	(6, 0.0)	(7, 0.0)	(8, 0.0)	(9, 0.0)	(10, 0.0345748471085392)	(2000, 0.12330456226880102)	(4000, 0.12330456226880102)	(6000, 0.2858199753390803)	(8000, 0.36991368680640124)	(10000, 0.4618372379777933)	(12000, 0.49321824907520406)	(14000, 0.49321824907520406)	(16000, 0.49321824907520406)	(18000, 0.6220098643649773)	(20000, 0.7398273736128025)	(22000, 0.7692971639950728)	(24000, 0.9438964241676737)	(26000, 0.9864364981504081)	(28000, 1.1408754623921011)	(30000, 1.2330456226880457)	(32000, 1.2781750924783868)	(34000, 1.356350184956821)	(36000, 1.356350184956821)	(38000, 1.356350184956821)	(40000, 1.4372379778051383)	(42000, 1.5836621454994133)	(44000, 1.6029593094944812)	(46000, 1.6029593094944812)	(48000, 1.6029593094944812)	(50000, 1.6742909987670016)	(52000, 1.7262638717633123)	(54000, 1.8187422934648019)	(56000, 1.8495684340319989)	(58000, 1.8495684340319989)	(60000, 1.8495684340319989)	(62000, 1.8495684340319989)	(64000, 1.8495684340319989)	(66000, 1.8495684340319989)	(68000, 1.8495684340319989)	(70000, 1.8495684340319989)	(72000, 1.8495684340319989)	(74000, 1.8495684340319989)	(76000, 1.8495684340319989)	(78000, 1.8495684340319989)	(80000, 1.8495684340319989)	(82000, 1.8495684340319989)	(84000, 1.8495684340319989)	(86000, 1.8495684340319989)	(88000, 1.8495684340319989)	(90000, 1.8495684340319989)	(92000, 1.8495684340319989)	(94000, 1.8495684340319989)	(96000, 1.8495684340319989)	(98000, 1.8495684340319989)	(100000, 1.8495684340319989)	(102000, 1.8495684340319989)	(104000, 1.8495684340319989)	(106000, 1.8495684340319989)	(108000, 1.8495684340319989)	(110000, 1.8495684340319989)	(112000, 1.8495684340319989)	(114000, 1.8495684340319989)	(116000, 1.8495684340319989)	(118000, 1.8495684340319989)	(120000, 1.8495684340319989)	(122000, 1.8495684340319989)	(124000, 1.8495684340319989)	(126000, 1.8495684340319989)	(128000, 1.8495684340320173)
FAY99780_pass_barcode01_98e12ebb_5ad7f319_47 - polyg	(1, 0.0)	(2, 0.0)	(3, 0.0)	(4, 0.0)	(5, 0.0)	(6, 0.0)	(7, 0.0)	(8, 0.0)	(9, 0.0)	(10, 0.0)	(2000, 0.0)	(4000, 0.0)	(6000, 0.0)	(8000, 0.0)	(10000, 0.0)	(12000, 0.0)	(14000, 0.0)	(16000, 0.0)	(18000, 0.0)	(20000, 0.0)	(22000, 0.012453760789149147)	(24000, 0.12330456226880102)	(26000, 0.12330456226880102)	(28000, 0.12330456226880102)	(30000, 0.12330456226880102)	(32000, 0.12330456226880102)	(34000, 0.12330456226880102)	(36000, 0.12330456226880102)	(38000, 0.12330456226880102)	(40000, 0.18212083847101843)	(42000, 0.24660912453760203)	(44000, 0.24660912453760203)	(46000, 0.24660912453760203)	(48000, 0.24660912453760203)	(50000, 0.24660912453760203)	(52000, 0.24660912453760203)	(54000, 0.24660912453760203)	(56000, 0.24660912453760203)	(58000, 0.24660912453760203)	(60000, 0.24660912453760203)	(62000, 0.24660912453760203)	(64000, 0.24660912453760203)	(66000, 0.24660912453760203)	(68000, 0.24660912453760203)	(70000, 0.24660912453760203)	(72000, 0.24660912453760203)	(74000, 0.24660912453760203)	(76000, 0.24660912453760203)	(78000, 0.24660912453760203)	(80000, 0.24660912453760203)	(82000, 0.24660912453760203)	(84000, 0.24660912453760203)	(86000, 0.24660912453760203)	(88000, 0.24660912453760203)	(90000, 0.24660912453760203)	(92000, 0.24660912453760203)	(94000, 0.24660912453760203)	(96000, 0.24660912453760203)	(98000, 0.24660912453760203)	(100000, 0.24660912453760203)	(102000, 0.24660912453760203)	(104000, 0.24660912453760203)	(106000, 0.24660912453760203)	(108000, 0.24660912453760203)	(110000, 0.24660912453760203)	(112000, 0.24660912453760203)	(114000, 0.24660912453760203)	(116000, 0.24660912453760203)	(118000, 0.24660912453760203)	(120000, 0.24660912453760203)	(122000, 0.24660912453760203)	(124000, 0.24660912453760203)	(126000, 0.24660912453760203)	(128000, 0.24660912453760248)
FAY99780_pass_barcode01_98e12ebb_5ad7f319_48 - polya	(1, 0.0)	(2, 0.0)	(3, 0.0)	(4, 0.0)	(5, 0.0)	(6, 0.0)	(7, 0.0)	(8, 0.0)	(9, 0.0)	(10, 0.0)	(1000, 0.05963699222126285)	(2000, 0.20293863439931004)	(3000, 0.2592912705272279)	(4000, 0.2592912705272279)	(5000, 0.36732929991357377)	(6000, 0.5346585998271426)	(7000, 0.6240276577355129)	(8000, 0.8053586862575814)	(9000, 0.864304235090767)	(10000, 0.9019014693171838)	(11000, 1.0241140881590418)	(12000, 1.235350043215217)	(13000, 1.2964563526361401)	(14000, 1.2964563526361401)	(15000, 1.2964563526361401)	(16000, 1.2964563526361401)	(17000, 1.2964563526361401)	(18000, 1.3808124459809876)	(19000, 1.4642178046672594)	(20000, 1.526447709593785)	(21000, 1.5557476231633665)	(22000, 1.5557476231633665)	(23000, 1.5557476231633665)	(24000, 1.5557476231633665)	(25000, 1.5557476231633665)	(26000, 1.5557476231633665)	(27000, 1.6220397579948103)	(28000, 1.6925669835782575)	(29000, 1.7573898012100313)	(30000, 1.8671564390665223)	(31000, 1.901469317199614)	(32000, 1.901469317199614)	(33000, 1.901469317199614)	(34000, 1.901469317199614)	(35000, 1.901469317199614)	(36000, 1.9466724286949333)	(37000, 1.9878997407087706)	(38000, 1.9878997407087706)	(39000, 1.9892826274849147)	(40000, 2.074330164217823)	(41000, 2.074330164217823)	(42000, 2.074330164217823)	(43000, 2.074330164217823)	(44000, 2.074330164217823)	(45000, 2.074330164217823)	(46000, 2.074330164217823)	(47000, 2.074330164217823)	(48000, 2.074330164217823)	(49000, 2.074330164217823)	(50000, 2.074330164217818)														
FAY99780_pass_barcode01_98e12ebb_5ad7f319_48 - polyg	(1, 0.0)	(2, 0.0)	(3, 0.0)	(4, 0.0)	(5, 0.0)	(6, 0.0)	(7, 0.0)	(8, 0.0)	(9, 0.0)	(10, 0.0)	(1000, 0.0)	(2000, 0.0)	(3000, 0.0)	(4000, 0.0)	(5000, 0.0)	(6000, 0.0)	(7000, 0.0)	(8000, 0.03802938634399323)	(9000, 0.08643042350907534)	(10000, 0.11408815903198208)	(11000, 0.1728608470181507)	(12000, 0.1728608470181507)	(13000, 0.1728608470181507)	(14000, 0.1728608470181507)	(15000, 0.1728608470181507)	(16000, 0.1728608470181507)	(17000, 0.1728608470181507)	(18000, 0.1924805531547131)	(19000, 0.2592912705272279)	(20000, 0.2592912705272279)	(21000, 0.2592912705272279)	(22000, 0.2592912705272279)	(23000, 0.2592912705272279)	(24000, 0.2592912705272279)	(25000, 0.2592912705272279)	(26000, 0.2592912705272279)	(27000, 0.2680207433016446)	(28000, 0.3457216940363014)	(29000, 0.3457216940363014)	(30000, 0.38210890233363004)	(31000, 0.4321521175453835)	(32000, 0.4321521175453835)	(33000, 0.4321521175453835)	(34000, 0.4321521175453835)	(35000, 0.4321521175453835)	(36000, 0.4321521175453835)	(37000, 0.4321521175453835)	(38000, 0.4321521175453835)	(39000, 0.44727744165946853)	(40000, 0.5185825410544558)	(41000, 0.5185825410544558)	(42000, 0.5185825410544558)	(43000, 0.5185825410544558)	(44000, 0.5185825410544558)	(45000, 0.5185825410544558)	(46000, 0.5185825410544558)	(47000, 0.5185825410544558)	(48000, 0.5185825410544558)	(49000, 0.5185825410544558)	(50000, 0.5185825410544544)														
FAY99780_pass_barcode01_98e12ebb_5ad7f319_49 - polya	(1, 0.0)	(2, 0.0)	(3, 0.0)	(4, 0.0)	(5, 0.0)	(6, 0.0)	(7, 0.0)	(8, 0.0)	(9, 0.0)	(10, 0.12706873321074402)	(2000, 0.2824620573355869)	(4000, 0.5181703204047103)	(6000, 0.6951096121416385)	(8000, 0.7588532883642229)	(10000, 0.7588532883642229)	(12000, 0.8744097807757476)	(14000, 1.04928330522765)	(16000, 1.1544266441821016)	(18000, 1.483305227655924)	(20000, 1.602023608768943)	(22000, 1.6855817875210342)	(24000, 1.844603709949458)	(26000, 1.8549747048904368)	(28000, 1.8549747048904368)	(30000, 1.919308600337338)	(32000, 1.9408937605396936)	(34000, 2.096079258010114)	(36000, 2.170573355817845)	(38000, 2.1922428330522563)	(40000, 2.2244097807756806)	(42000, 2.2765598650927448)	(44000, 2.3003794266441657)	(46000, 2.3608768971331924)	(48000, 2.3608768971331924)	(50000, 2.3608768971331924)	(52000, 2.3608768971331924)	(54000, 2.3608768971331924)	(56000, 2.3608768971331924)	(58000, 2.3608768971331924)	(60000, 2.3608768971331924)	(62000, 2.3608768971331924)	(64000, 2.3608768971331924)	(66000, 2.3608768971331924)	(68000, 2.3608768971331924)	(70000, 2.3608768971331924)	(72000, 2.3608768971331924)	(74000, 2.3608768971331924)	(76000, 2.3608768971331924)	(78000, 2.3608768971331924)	(80000, 2.3608768971331924)	(82000, 2.3608768971331924)	(84000, 2.3608768971331924)	(86000, 2.3608768971331924)	(88000, 2.3608768971331924)	(90000, 2.3608768971331924)	(92000, 2.3608768971331924)	(94000, 2.3608768971331924)	(96000, 2.3608768971331924)	(98000, 2.3608768971331924)	(100000, 2.3608768971331924)	(102000, 2.3608768971331924)	(104000, 2.3608768971331924)	(106000, 2.3608768971331924)	(108000, 2.3608768971331924)	(110000, 2.3608768971332226)									
FAY99780_pass_barcode01_98e12ebb_5ad7f319_49 - polyg	(1, 0.0)	(2, 0.0)	(3, 0.0)	(4, 0.0)	(5, 0.0)	(6, 0.0)	(7, 0.0)	(8, 0.0)	(9, 0.0)	(10, 0.0)	(2000, 0.0)	(4000, 0.0)	(6000, 0.0)	(8000, 0.0)	(10000, 0.0)	(12000, 0.08385328836425103)	(14000, 0.16795952782462348)	(16000, 0.16863406408094728)	(18000, 0.29043001686341136)	(20000, 0.33726812816189455)	(22000, 0.33726812816189455)	(24000, 0.33726812816189455)	(26000, 0.33726812816189455)	(28000, 0.33726812816189455)	(30000, 0.33726812816189455)	(32000, 0.33726812816189455)	(34000, 0.33726812816189455)	(36000, 0.33726812816189455)	(38000, 0.33726812816189455)	(40000, 0.35885328836424196)	(42000, 0.42158516020234504)	(44000, 0.42158516020234504)	(46000, 0.42158516020234504)	(48000, 0.42158516020234504)	(50000, 0.42158516020234504)	(52000, 0.42158516020234504)	(54000, 0.42158516020234504)	(56000, 0.42158516020234504)	(58000, 0.42158516020234504)	(60000, 0.42158516020234504)	(62000, 0.42158516020234504)	(64000, 0.42158516020234504)	(66000, 0.42158516020234504)	(68000, 0.42158516020234504)	(70000, 0.42158516020234504)	(72000, 0.42158516020234504)	(74000, 0.42158516020234504)	(76000, 0.42158516020234504)	(78000, 0.42158516020234504)	(80000, 0.42158516020234504)	(82000, 0.42158516020234504)	(84000, 0.42158516020234504)	(86000, 0.42158516020234504)	(88000, 0.42158516020234504)	(90000, 0.42158516020234504)	(92000, 0.42158516020234504)	(94000, 0.42158516020234504)	(96000, 0.42158516020234504)	(98000, 0.42158516020234504)	(100000, 0.42158516020234504)	(102000, 0.42158516020234504)	(104000, 0.42158516020234504)	(106000, 0.42158516020234504)	(108000, 0.42158516020234504)	(110000, 0.42158516020236103)									
FAY99780_pass_barcode01_98e12ebb_5ad7f319_5 - polya	(1, 0.0)	(2, 0.0)	(3, 0.0)	(4, 0.0)	(5, 0.0)	(6, 0.0)	(7, 0.0)	(8, 0.0)	(9, 0.0)	(10, 0.04921991414965751)	(2000, 0.07077140835102373)	(4000, 0.07077140835102373)	(6000, 0.07077140835102373)	(8000, 0.07077140835102373)	(10000, 0.1346426043878297)	(12000, 0.26896673743806626)	(14000, 0.2830856334040949)	(16000, 0.287650389242734)	(18000, 0.3843949044586118)	(20000, 0.4591648973814597)	(22000, 0.5379688605803238)	(24000, 0.6369426751592346)	(26000, 0.6369426751592346)	(28000, 0.6636588818117324)	(30000, 0.7077140835102363)	(32000, 0.7642958244869235)	(34000, 0.7784854918613044)	(36000, 0.7784854918613044)	(38000, 0.844692144373709)	(40000, 0.8492569002123503)	(42000, 0.8492569002123503)	(44000, 0.8492569002123503)	(46000, 0.8492569002123503)	(48000, 0.8492569002123503)	(50000, 0.8492569002123503)	(52000, 0.8492569002123503)	(54000, 0.8492569002123503)	(56000, 0.8492569002123503)	(58000, 0.8492569002123503)	(60000, 0.8492569002123503)	(62000, 0.8492569002123503)	(64000, 0.8492569002123503)	(66000, 0.8492569002123503)	(68000, 0.8492569002123503)	(70000, 0.8492569002123503)	(72000, 0.8492569002123503)	(74000, 0.8492569002123503)	(76000, 0.8492569002123503)	(78000, 0.8492569002123503)	(80000, 0.8492569002123503)	(82000, 0.8492569002123503)	(84000, 0.8492569002123503)	(86000, 0.8492569002123503)	(88000, 0.8492569002123503)	(90000, 0.8492569002123503)	(92000, 0.8492569002123503)	(94000, 0.8492569002123503)	(96000, 0.8492569002123503)	(98000, 0.8492569002123503)	(100000, 0.8492569002123503)	(102000, 0.8492569002123503)	(104000, 0.8492569002123503)	(106000, 0.8492569002123503)	(108000, 0.8492569002123503)	(110000, 0.8492569002123503)	(112000, 0.8492569002123503)	(114000, 0.8492569002123503)	(116000, 0.8492569002123503)	(118000, 0.8492569002123462)					
FAY99780_pass_barcode01_98e12ebb_5ad7f319_50 - polya	(1, 0.0)	(2, 0.0)	(3, 0.0)	(4, 0.0)	(5, 0.0)	(6, 0.0)	(7, 0.0)	(8, 0.0)	(9, 0.0)	(10, 0.02754820936639101)	(1000, 0.16742424242424098)	(2000, 0.30946969696969434)	(3000, 0.5540719696969719)	(4000, 0.8522727272727411)	(5000, 0.8522727272727411)	(6000, 0.8853219696969931)	(7000, 1.06960227272727)	(8000, 1.1363636363636385)	(9000, 1.1396780303030254)	(10000, 1.2981060606060628)	(11000, 1.325757575757574)	(12000, 1.325757575757574)	(13000, 1.3527462121212117)	(14000, 1.487689393939385)	(15000, 1.5279356060605973)	(16000, 1.6098484848484975)	(17000, 1.6098484848484975)	(18000, 1.6098484848484975)	(19000, 1.6368371212121418)	(20000, 1.7045454545454821)	(21000, 1.7045454545454821)	(22000, 1.7045454545454821)	(23000, 1.740814393939432)	(24000, 1.7992424242424436)	(25000, 1.7992424242424436)	(26000, 1.7992424242424436)	(27000, 1.8734848484848876)	(28000, 1.893939393939432)	(29000, 1.975568181818137)	(30000, 2.051420454545427)	(31000, 2.0833333333333064)	(32000, 2.0833333333333064)	(33000, 2.0833333333333064)	(34000, 2.0833333333333064)	(35000, 2.0833333333333064)	(36000, 2.0833333333333064)	(37000, 2.0833333333333064)	(38000, 2.0833333333333064)	(39000, 2.0833333333333064)	(40000, 2.0833333333333064)	(41000, 2.0833333333333064)	(42000, 2.0833333333333064)	(43000, 2.0833333333333064)	(44000, 2.0833333333333064)	(45000, 2.0833333333333064)	(46000, 2.0833333333333064)	(47000, 2.0833333333333064)	(48000, 2.0833333333333064)	(49000, 2.083333333333315)															
FAY99780_pass_barcode01_98e12ebb_5ad7f319_50 - polyg	(1, 0.0)	(2, 0.0)	(3, 0.0)	(4, 0.0)	(5, 0.0)	(6, 0.0)	(7, 0.0)	(8, 0.0)	(9, 0.0)	(10, 0.0)	(1000, 0.0)	(2000, 0.0)	(3000, 0.0)	(4000, 0.0)	(5000, 0.0)	(6000, 0.0)	(7000, 0.0)	(8000, 0.0)	(9000, 0.0)	(10000, 0.0)	(11000, 0.0)	(12000, 0.0)	(13000, 0.03551136363636339)	(14000, 0.09469696969696892)	(15000, 0.09469696969696892)	(16000, 0.09469696969696892)	(17000, 0.09469696969696892)	(18000, 0.09469696969696892)	(19000, 0.09469696969696892)	(20000, 0.09469696969696892)	(21000, 0.09469696969696892)	(22000, 0.09469696969696892)	(23000, 0.09469696969696892)	(24000, 0.09469696969696892)	(25000, 0.09469696969696892)	(26000, 0.09469696969696892)	(27000, 0.15265151515151384)	(28000, 0.18939393939393784)	(29000, 0.18939393939393784)	(30000, 0.18939393939393784)	(31000, 0.18939393939393784)	(32000, 0.18939393939393784)	(33000, 0.18939393939393784)	(34000, 0.18939393939393784)	(35000, 0.18939393939393784)	(36000, 0.18939393939393784)	(37000, 0.18939393939393784)	(38000, 0.18939393939393784)	(39000, 0.18939393939393784)	(40000, 0.18939393939393784)	(41000, 0.18939393939393784)	(42000, 0.18939393939393784)	(43000, 0.18939393939393784)	(44000, 0.18939393939393784)	(45000, 0.18939393939393784)	(46000, 0.18939393939393784)	(47000, 0.18939393939393784)	(48000, 0.18939393939393784)	(49000, 0.1893939393939379)															
FAY99780_pass_barcode01_98e12ebb_5ad7f319_51 - polya	(1, 0.09784735812133072)	(2, 0.09784735812133072)	(3, 0.09784735812133072)	(4, 0.09784735812133072)	(5, 0.09784735812133072)	(6, 0.09784735812133072)	(7, 0.09784735812133072)	(8, 0.09784735812133072)	(9, 0.09784735812133072)	(10, 0.1745438731740075)	(1000, 0.2454011741682942)	(2000, 0.29354207436398855)	(3000, 0.29354207436398855)	(4000, 0.29354207436398855)	(5000, 0.29354207436398855)	(6000, 0.29354207436398855)	(7000, 0.29354207436398855)	(8000, 0.3835616438356099)	(9000, 0.5401174168297392)	(10000, 0.8473581213307294)	(11000, 0.9240704500978293)	(12000, 1.0053816046966677)	(13000, 1.0803326810176295)	(14000, 1.318688845401183)	(15000, 1.369863013698637)	(16000, 1.3803326810176129)	(17000, 1.4677103718199722)	(18000, 1.4677103718199722)	(19000, 1.5006849315068407)	(20000, 1.5655577299412646)	(21000, 1.5655577299412646)	(22000, 1.5655577299412646)	(23000, 1.5655577299412646)	(24000, 1.5655577299412646)	(25000, 1.5655577299412646)	(26000, 1.5655577299412646)	(27000, 1.6474559686888117)	(28000, 1.6634050880625872)	(29000, 1.6634050880625872)	(30000, 1.6634050880625872)	(31000, 1.6634050880625872)	(32000, 1.6634050880625872)	(33000, 1.6634050880625872)	(34000, 1.6634050880625872)	(35000, 1.6634050880625872)	(36000, 1.6634050880625872)	(37000, 1.6634050880625872)	(38000, 1.6634050880625872)	(39000, 1.6634050880625872)	(40000, 1.7454990215264317)	(41000, 1.761252446183967)	(42000, 1.761252446183967)	(43000, 1.761252446183967)	(44000, 1.761252446183967)	(45000, 1.761252446183967)	(46000, 1.761252446183967)	(47000, 1.761252446183967)	(48000, 1.761252446183967)	(49000, 1.761252446183967)	(50000, 1.761252446183967)	(51000, 1.761252446183967)	(52000, 1.761252446183967)	(53000, 1.761252446183967)	(54000, 1.761252446183958)										
FAY99780_pass_barcode01_98e12ebb_5ad7f319_51 - polyg	(1, 0.0)	(2, 0.0)	(3, 0.0)	(4, 0.0)	(5, 0.0)	(6, 0.0)	(7, 0.0)	(8, 0.0)	(9, 0.0)	(10, 0.0)	(1000, 0.0)	(2000, 0.0)	(3000, 0.0)	(4000, 0.0)	(5000, 0.0)	(6000, 0.0)	(7000, 0.0)	(8000, 0.0)	(9000, 0.07690802348336485)	(10000, 0.1561643835616414)	(11000, 0.19569471624265808)	(12000, 0.19569471624265808)	(13000, 0.19569471624265808)	(14000, 0.19569471624265808)	(15000, 0.19569471624265808)	(16000, 0.19569471624265808)	(17000, 0.19569471624265808)	(18000, 0.19569471624265808)	(19000, 0.19569471624265808)	(20000, 0.19569471624265808)	(21000, 0.19569471624265808)	(22000, 0.19569471624265808)	(23000, 0.19569471624265808)	(24000, 0.19569471624265808)	(25000, 0.19569471624265808)	(26000, 0.19569471624265808)	(27000, 0.28718199608610223)	(28000, 0.29354207436398855)	(29000, 0.29354207436398855)	(30000, 0.29354207436398855)	(31000, 0.29354207436398855)	(32000, 0.29354207436398855)	(33000, 0.29354207436398855)	(34000, 0.29354207436398855)	(35000, 0.29354207436398855)	(36000, 0.29354207436398855)	(37000, 0.29354207436398855)	(38000, 0.29354207436398855)	(39000, 0.29354207436398855)	(40000, 0.36722113502934783)	(41000, 0.39138943248531616)	(42000, 0.39138943248531616)	(43000, 0.39138943248531616)	(44000, 0.39138943248531616)	(45000, 0.39138943248531616)	(46000, 0.39138943248531616)	(47000, 0.39138943248531616)	(48000, 0.39138943248531616)	(49000, 0.39138943248531616)	(50000, 0.39138943248531616)	(51000, 0.43845401174167487)	(52000, 0.48923679060664343)	(53000, 0.48923679060664343)	(54000, 0.4892367906066538)										
FAY99780_pass_barcode01_98e12ebb_5ad7f319_52 - polya	(1, 0.0)	(2, 0.0)	(3, 0.0)	(4, 0.0)	(5, 0.0)	(6, 0.0)	(7, 0.0)	(8, 0.0)	(9, 0.0)	(10, 0.012950897470583212)	(2000, 0.15573698146513879)	(4000, 0.21893203883495488)	(6000, 0.3259488084730877)	(8000, 0.4239187996469408)	(10000, 0.5138128861429694)	(12000, 0.6224183583406803)	(14000, 0.7060900264783966)	(16000, 0.758958517210923)	(18000, 0.7943512797881481)	(20000, 0.858781994704293)	(22000, 0.934510150044127)	(24000, 0.9708737864077649)	(26000, 0.9708737864077649)	(28000, 0.9708737864077649)	(30000, 0.9830979699911775)	(32000, 1.0591350397175918)	(34000, 1.1111650485437168)	(36000, 1.1898058252426986)	(38000, 1.2356575463371373)	(40000, 1.25666372462484)	(42000, 1.3239187996469237)	(44000, 1.3239187996469237)	(46000, 1.3239187996469237)	(48000, 1.3239187996469237)	(50000, 1.3330979699911705)	(52000, 1.4121800529567932)	(54000, 1.4319064430714912)	(56000, 1.5004413062665642)	(58000, 1.5004413062665642)	(60000, 1.5004413062665642)	(62000, 1.5004413062665642)	(64000, 1.5004413062665642)	(66000, 1.5004413062665642)	(68000, 1.5004413062665642)	(70000, 1.5004413062665642)	(72000, 1.5004413062665642)	(74000, 1.5004413062665642)	(76000, 1.5004413062665642)	(78000, 1.5004413062665642)	(80000, 1.5004413062665642)	(82000, 1.5004413062665642)	(84000, 1.5004413062665642)	(86000, 1.5004413062665642)	(88000, 1.5004413062665642)	(90000, 1.5004413062665642)	(92000, 1.5004413062665642)	(94000, 1.5004413062665642)	(96000, 1.5004413062665642)	(98000, 1.5004413062665642)	(100000, 1.500441306266563)														
FAY99780_pass_barcode01_98e12ebb_5ad7f319_52 - polyg	(1, 0.0)	(2, 0.0)	(3, 0.0)	(4, 0.0)	(5, 0.0)	(6, 0.0)	(7, 0.0)	(8, 0.0)	(9, 0.0)	(10, 0.0)	(2000, 0.0)	(4000, 0.0)	(6000, 0.0)	(8000, 0.05481023830538317)	(10000, 0.08826125330979957)	(12000, 0.08826125330979957)	(14000, 0.08826125330979957)	(16000, 0.09863195057369888)	(18000, 0.17652250661959915)	(20000, 0.17652250661959915)	(22000, 0.18305383936452296)	(24000, 0.26478375992939795)	(26000, 0.26478375992939795)	(28000, 0.26478375992939795)	(30000, 0.26478375992939795)	(32000, 0.26478375992939795)	(34000, 0.30533980582525044)	(36000, 0.3530450132391983)	(38000, 0.39977934686671185)	(40000, 0.4668578993821692)	(42000, 0.5295675198587959)	(44000, 0.5295675198587959)	(46000, 0.5295675198587959)	(48000, 0.5295675198587959)	(50000, 0.5295675198587959)	(52000, 0.5295675198587959)	(54000, 0.5295675198587959)	(56000, 0.5295675198587959)	(58000, 0.5295675198587959)	(60000, 0.5295675198587959)	(62000, 0.5295675198587959)	(64000, 0.5295675198587959)	(66000, 0.5295675198587959)	(68000, 0.5295675198587959)	(70000, 0.5295675198587959)	(72000, 0.5295675198587959)	(74000, 0.5295675198587959)	(76000, 0.5295675198587959)	(78000, 0.5295675198587959)	(80000, 0.5295675198587959)	(82000, 0.5295675198587959)	(84000, 0.5295675198587959)	(86000, 0.5295675198587959)	(88000, 0.5295675198587959)	(90000, 0.5295675198587959)	(92000, 0.5295675198587959)	(94000, 0.5295675198587959)	(96000, 0.5295675198587959)	(98000, 0.5295675198587959)	(100000, 0.5295675198587919)														
FAY99780_pass_barcode01_98e12ebb_5ad7f319_53 - polya	(1, 0.0)	(2, 0.0)	(3, 0.0)	(4, 0.0)	(5, 0.0)	(6, 0.0)	(7, 0.0)	(8, 0.0)	(9, 0.0)	(10, 0.028153305090081647)	(1000, 0.18040961709705886)	(2000, 0.26714158504006663)	(3000, 0.26714158504006663)	(4000, 0.26714158504006663)	(5000, 0.26714158504006663)	(6000, 0.33731077471059107)	(7000, 0.3561887800534213)	(8000, 0.4018699910952852)	(9000, 0.49465716829919215)	(10000, 0.5577916295636648)	(11000, 0.6344612644701686)	(12000, 0.7621549421193312)	(13000, 0.8014247551202226)	(14000, 0.8014247551202226)	(15000, 0.8014247551202226)	(16000, 0.8014247551202226)	(17000, 0.8014247551202226)	(18000, 0.8014247551202226)	(19000, 0.8014247551202226)	(20000, 0.8014247551202226)	(21000, 0.8014247551202226)	(22000, 0.8014247551202226)	(23000, 0.8014247551202226)	(24000, 0.8292965271593967)	(25000, 0.8904719501335814)	(26000, 0.8904719501335814)	(27000, 0.8904719501335814)	(28000, 0.8904719501335814)	(29000, 0.8904719501335814)	(30000, 0.8904719501335814)	(31000, 0.8904719501335814)	(32000, 0.8904719501335814)	(33000, 0.8904719501335814)	(34000, 0.8904719501335814)	(35000, 0.8904719501335814)	(36000, 0.8904719501335814)	(37000, 0.8904719501335814)	(38000, 0.8904719501335814)	(39000, 0.8904719501335814)	(40000, 0.8904719501335814)	(41000, 0.8904719501335814)	(42000, 0.8904719501335814)	(43000, 0.8904719501335814)	(44000, 0.8904719501335814)	(45000, 0.8904719501335814)	(46000, 0.8904719501335814)	(47000, 0.8904719501335814)	(48000, 0.8904719501335814)	(49000, 0.8904719501335814)	(50000, 0.8904719501335814)	(51000, 0.8904719501335814)	(52000, 0.8904719501335814)	(53000, 0.8904719501335814)	(54000, 0.8904719501335814)	(55000, 0.8904719501335814)	(56000, 0.8904719501335814)	(57000, 0.8904719501335814)	(58000, 0.8904719501335814)	(59000, 0.8904719501335814)	(60000, 0.8904719501335814)	(61000, 0.8904719501335717)			
FAY99780_pass_barcode01_98e12ebb_5ad7f319_54 - polya	(1, 0.0)	(2, 0.0)	(3, 0.0)	(4, 0.0)	(5, 0.0)	(6, 0.0)	(7, 0.0)	(8, 0.0)	(9, 0.0)	(10, 0.0003953428610962857)	(1000, 0.09784735812132904)	(2000, 0.2141878669275922)	(3000, 0.392857142857136)	(4000, 0.48923679060664343)	(5000, 0.5794520547945174)	(6000, 0.729941291585115)	(7000, 0.8771037181996153)	(8000, 0.9022504892367843)	(9000, 0.9784735812132869)	(10000, 0.9784735812132869)	(11000, 1.0384540117416956)	(12000, 1.0763209393346573)	(13000, 1.0763209393346573)	(14000, 1.0763209393346573)	(15000, 1.0763209393346573)	(16000, 1.0763209393346573)	(17000, 1.0763209393346573)	(18000, 1.0763209393346573)	(19000, 1.0763209393346573)	(20000, 1.0763209393346573)	(21000, 1.0763209393346573)	(22000, 1.0763209393346573)	(23000, 1.1337573385518438)	(24000, 1.2720156555772932)	(25000, 1.2720156555772932)	(26000, 1.2720156555772932)	(27000, 1.2720156555772932)	(28000, 1.3470645792563662)	(29000, 1.369863013698637)	(30000, 1.369863013698637)	(31000, 1.369863013698637)	(32000, 1.369863013698637)	(33000, 1.369863013698637)	(34000, 1.4660469667319096)	(35000, 1.4677103718199722)	(36000, 1.4677103718199722)	(37000, 1.4677103718199722)	(38000, 1.4688845401174273)	(39000, 1.5655577299412646)	(40000, 1.5655577299412646)	(41000, 1.5655577299412646)	(42000, 1.5655577299412646)	(43000, 1.5655577299412646)	(44000, 1.5655577299412646)	(45000, 1.5655577299412646)	(46000, 1.5655577299412646)	(47000, 1.5655577299412646)	(48000, 1.5655577299412646)	(49000, 1.5655577299412953)															
FAY99780_pass_barcode01_98e12ebb_5ad7f319_54 - polyg	(1, 0.0)	(2, 0.0)	(3, 0.0)	(4, 0.0)	(5, 0.0)	(6, 0.0)	(7, 0.0)	(8, 0.0)	(9, 0.0)	(10, 0.0)	(1000, 0.0)	(2000, 0.0)	(3000, 0.0)	(4000, 0.0)	(5000, 0.0)	(6000, 0.0)	(7000, 0.0)	(8000, 0.0)	(9000, 0.0917808219178067)	(10000, 0.09784735812132904)	(11000, 0.09784735812132904)	(12000, 0.09784735812132904)	(13000, 0.09784735812132904)	(14000, 0.1295499021526393)	(15000, 0.19569471624265808)	(16000, 0.19569471624265808)	(17000, 0.19569471624265808)	(18000, 0.19569471624265808)	(19000, 0.19569471624265808)	(20000, 0.19569471624265808)	(21000, 0.19569471624265808)	(22000, 0.19569471624265808)	(23000, 0.19569471624265808)	(24000, 0.19569471624265808)	(25000, 0.19569471624265808)	(26000, 0.19569471624265808)	(27000, 0.19569471624265808)	(28000, 0.19569471624265808)	(29000, 0.19569471624265808)	(30000, 0.19569471624265808)	(31000, 0.19569471624265808)	(32000, 0.19569471624265808)	(33000, 0.19569471624265808)	(34000, 0.19569471624265808)	(35000, 0.19569471624265808)	(36000, 0.19569471624265808)	(37000, 0.19569471624265808)	(38000, 0.19569471624265808)	(39000, 0.26868884540117166)	(40000, 0.29354207436398855)	(41000, 0.29354207436398855)	(42000, 0.29354207436398855)	(43000, 0.29354207436398855)	(44000, 0.29354207436398855)	(45000, 0.29354207436398855)	(46000, 0.29354207436398855)	(47000, 0.29354207436398855)	(48000, 0.29354207436398855)	(49000, 0.29354207436399155)															
FAY99780_pass_barcode01_98e12ebb_5ad7f319_55 - polya	(1, 0.0)	(2, 0.0)	(3, 0.0)	(4, 0.0)	(5, 0.0)	(6, 0.0)	(7, 0.0)	(8, 0.0)	(9, 0.0)	(10, 0.13811481650677912)	(2000, 0.40101010101011025)	(4000, 0.5000505050505012)	(6000, 0.7938383838384125)	(8000, 1.010101010100972)	(10000, 1.010101010100972)	(12000, 1.010101010100972)	(14000, 1.010101010100972)	(16000, 1.010101010100972)	(18000, 1.198838383838396)	(20000, 1.3707070707070272)	(22000, 1.446363636363615)	(24000, 1.6111111111111482)	(26000, 1.6161616161616534)	(28000, 1.6161616161616534)	(30000, 1.6161616161616534)	(32000, 1.631060606060652)	(34000, 1.717171717171789)	(36000, 1.717171717171789)	(38000, 1.8316161616162476)	(40000, 1.919191919192023)	(42000, 1.919191919192023)	(44000, 1.919191919192023)	(46000, 1.919191919192023)	(48000, 1.919191919192023)	(50000, 1.919191919192023)	(52000, 1.919191919192023)	(54000, 1.919191919192023)	(56000, 1.919191919192023)	(58000, 1.919191919192023)	(60000, 1.919191919192023)	(62000, 1.919191919192023)	(64000, 1.919191919192023)	(66000, 1.919191919192023)	(68000, 1.919191919192023)	(70000, 1.919191919192023)	(72000, 1.919191919192023)	(74000, 1.919191919192023)	(76000, 1.919191919192023)	(78000, 1.919191919192023)	(80000, 1.919191919192023)	(82000, 1.919191919192023)	(84000, 1.919191919192023)	(86000, 1.919191919192023)	(88000, 1.9191919191919173)																				
FAY99780_pass_barcode01_98e12ebb_5ad7f319_55 - polyg	(1, 0.0)	(2, 0.0)	(3, 0.0)	(4, 0.0)	(5, 0.0)	(6, 0.0)	(7, 0.0)	(8, 0.0)	(9, 0.0)	(10, 0.0)	(2000, 0.0)	(4000, 0.0)	(6000, 0.0)	(8000, 0.0)	(10000, 0.0)	(12000, 0.0)	(14000, 0.0)	(16000, 0.0)	(18000, 0.04297979797979849)	(20000, 0.20202020202020668)	(22000, 0.2254545454545508)	(24000, 0.3030303030303005)	(26000, 0.3030303030303005)	(28000, 0.3030303030303005)	(30000, 0.3030303030303005)	(32000, 0.3030303030303005)	(34000, 0.3030303030303005)	(36000, 0.3030303030303005)	(38000, 0.4260101010100917)	(40000, 0.505050505050486)	(42000, 0.505050505050486)	(44000, 0.505050505050486)	(46000, 0.505050505050486)	(48000, 0.505050505050486)	(50000, 0.505050505050486)	(52000, 0.505050505050486)	(54000, 0.505050505050486)	(56000, 0.505050505050486)	(58000, 0.505050505050486)	(60000, 0.505050505050486)	(62000, 0.505050505050486)	(64000, 0.505050505050486)	(66000, 0.505050505050486)	(68000, 0.505050505050486)	(70000, 0.505050505050486)	(72000, 0.505050505050486)	(74000, 0.505050505050486)	(76000, 0.505050505050486)	(78000, 0.505050505050486)	(80000, 0.505050505050486)	(82000, 0.505050505050486)	(84000, 0.505050505050486)	(86000, 0.505050505050486)	(88000, 0.5050505050505051)																				
FAY99780_pass_barcode01_98e12ebb_5ad7f319_56 - polya	(1, 0.0)	(2, 0.0)	(3, 0.0)	(4, 0.0)	(5, 0.0)	(6, 0.0)	(7, 0.0)	(8, 0.0)	(9, 0.0)	(10, 0.1287006460875843)	(2000, 0.2285714285714403)	(4000, 0.2285714285714403)	(6000, 0.3080000000000088)	(8000, 0.3700000000000204)	(10000, 0.6202285714285798)	(12000, 0.7048571428571516)	(14000, 0.8697142857143276)	(16000, 0.9142857142857612)	(18000, 0.952400000000023)	(20000, 1.1423428571428138)	(22000, 1.2697714285713875)	(24000, 1.4453714285714747)	(26000, 1.5999999999999435)	(28000, 1.5999999999999435)	(30000, 1.5999999999999435)	(32000, 1.7224000000000852)	(34000, 1.8436571428571973)	(36000, 1.953428571428532)	(38000, 2.057142857142912)	(40000, 2.057142857142912)	(42000, 2.057142857142912)	(44000, 2.057142857142912)	(46000, 2.057142857142912)	(48000, 2.057142857142912)	(50000, 2.057142857142912)	(52000, 2.057142857142912)	(54000, 2.057142857142912)	(56000, 2.057142857142912)	(58000, 2.057142857142912)	(60000, 2.057142857142912)	(62000, 2.057142857142912)	(64000, 2.057142857142912)	(66000, 2.057142857142912)	(68000, 2.1051999999999413)	(70000, 2.1714285714284833)	(72000, 2.1714285714284833)	(74000, 2.1714285714284833)	(76000, 2.1714285714284833)	(78000, 2.1714285714284833)	(80000, 2.1714285714285495)																								
FAY99780_pass_barcode01_98e12ebb_5ad7f319_56 - polyg	(1, 0.0)	(2, 0.0)	(3, 0.0)	(4, 0.0)	(5, 0.0)	(6, 0.0)	(7, 0.0)	(8, 0.0)	(9, 0.0)	(10, 0.0)	(2000, 0.0)	(4000, 0.0)	(6000, 0.0)	(8000, 0.028514285714285624)	(10000, 0.11428571428572015)	(12000, 0.11428571428572015)	(14000, 0.11428571428572015)	(16000, 0.11428571428572015)	(18000, 0.11428571428572015)	(20000, 0.11428571428572015)	(22000, 0.11428571428572015)	(24000, 0.11428571428572015)	(26000, 0.22554285714286848)	(28000, 0.2285714285714403)	(30000, 0.2285714285714403)	(32000, 0.2285714285714403)	(34000, 0.23720000000001062)	(36000, 0.34285714285715324)	(38000, 0.34285714285715324)	(40000, 0.34285714285715324)	(42000, 0.34285714285715324)	(44000, 0.34285714285715324)	(46000, 0.34285714285715324)	(48000, 0.34285714285715324)	(50000, 0.34285714285715324)	(52000, 0.34285714285715324)	(54000, 0.34285714285715324)	(56000, 0.34285714285715324)	(58000, 0.34285714285715324)	(60000, 0.34285714285715324)	(62000, 0.34285714285715324)	(64000, 0.34285714285715324)	(66000, 0.34285714285715324)	(68000, 0.3917714285714496)	(70000, 0.4571428571428806)	(72000, 0.4571428571428806)	(74000, 0.4571428571428806)	(76000, 0.4571428571428806)	(78000, 0.4571428571428806)	(80000, 0.45714285714285563)																								
FAY99780_pass_barcode01_98e12ebb_5ad7f319_57 - polya	(1, 0.0)	(2, 0.0)	(3, 0.0)	(4, 0.0)	(5, 0.0)	(6, 0.0)	(7, 0.0)	(8, 0.0)	(9, 0.0)	(10, 0.0)	(1000, 0.05287485907553569)	(2000, 0.11273957158962838)	(3000, 0.11273957158962838)	(4000, 0.11273957158962838)	(5000, 0.11273957158962838)	(6000, 0.11273957158962838)	(7000, 0.11273957158962838)	(8000, 0.24813979706877215)	(9000, 0.41691093573844584)	(10000, 0.45095828635851354)	(11000, 0.48850056369785033)	(12000, 0.5773393461104694)	(13000, 0.6764374295377567)	(14000, 0.6764374295377567)	(15000, 0.6764374295377567)	(16000, 0.6764374295377567)	(17000, 0.8192784667418216)	(18000, 0.9019165727170271)	(19000, 0.9019165727170271)	(20000, 0.9019165727170271)	(21000, 0.9019165727170271)	(22000, 0.9577226606538792)	(23000, 1.0146561443066344)	(24000, 1.0149943630214031)	(25000, 1.2099210822998863)	(26000, 1.2401352874859035)	(27000, 1.2401352874859035)	(28000, 1.2401352874859035)	(29000, 1.2401352874859035)	(30000, 1.2401352874859035)	(31000, 1.2401352874859035)	(32000, 1.2401352874859035)	(33000, 1.2401352874859035)	(34000, 1.2401352874859035)	(35000, 1.2401352874859035)	(36000, 1.2401352874859035)	(37000, 1.2401352874859035)	(38000, 1.2401352874859035)	(39000, 1.2401352874859035)	(40000, 1.2401352874859035)	(41000, 1.2401352874859035)	(42000, 1.2401352874859035)	(43000, 1.2401352874859035)	(44000, 1.2401352874859035)	(45000, 1.2401352874859035)	(46000, 1.2401352874859035)	(47000, 1.2401352874859035)	(48000, 1.2401352874859035)	(49000, 1.2401352874859035)	(50000, 1.2401352874859035)	(51000, 1.2401352874859035)	(52000, 1.24013528748591)												
FAY99780_pass_barcode01_98e12ebb_5ad7f319_57 - polyg	(1, 0.0)	(2, 0.0)	(3, 0.0)	(4, 0.0)	(5, 0.0)	(6, 0.0)	(7, 0.0)	(8, 0.0)	(9, 0.0)	(10, 0.0)	(1000, 0.0)	(2000, 0.0)	(3000, 0.0)	(4000, 0.0)	(5000, 0.0)	(6000, 0.0)	(7000, 0.0)	(8000, 0.0)	(9000, 0.0)	(10000, 0.0)	(11000, 0.0)	(12000, 0.0)	(13000, 0.0)	(14000, 0.0)	(15000, 0.0)	(16000, 0.008568207440811713)	(17000, 0.11273957158962838)	(18000, 0.11273957158962838)	(19000, 0.11273957158962838)	(20000, 0.11273957158962838)	(21000, 0.11273957158962838)	(22000, 0.11273957158962838)	(23000, 0.11273957158962838)	(24000, 0.11273957158962838)	(25000, 0.20259301014656225)	(26000, 0.22547914317925677)	(27000, 0.22547914317925677)	(28000, 0.22547914317925677)	(29000, 0.22547914317925677)	(30000, 0.22547914317925677)	(31000, 0.22547914317925677)	(32000, 0.22547914317925677)	(33000, 0.22547914317925677)	(34000, 0.22547914317925677)	(35000, 0.22547914317925677)	(36000, 0.22547914317925677)	(37000, 0.22547914317925677)	(38000, 0.22547914317925677)	(39000, 0.22547914317925677)	(40000, 0.22547914317925677)	(41000, 0.22547914317925677)	(42000, 0.22547914317925677)	(43000, 0.22547914317925677)	(44000, 0.22547914317925677)	(45000, 0.22547914317925677)	(46000, 0.22547914317925677)	(47000, 0.22547914317925677)	(48000, 0.22547914317925677)	(49000, 0.22547914317925677)	(50000, 0.22547914317925677)	(51000, 0.22547914317925677)	(52000, 0.2254791431792561)												
FAY99780_pass_barcode01_98e12ebb_5ad7f319_58 - polya	(1, 0.0)	(2, 0.0)	(3, 0.0)	(4, 0.0)	(5, 0.0)	(6, 0.0)	(7, 0.0)	(8, 0.0)	(9, 0.0)	(10, 0.0)	(1000, 0.0)	(2000, 0.07826520438684018)	(3000, 0.1752741774675998)	(4000, 0.3301096709870441)	(5000, 0.4007976071784721)	(6000, 0.49850448654036905)	(7000, 0.5121635094715764)	(8000, 0.5982053838484551)	(9000, 0.5982053838484551)	(10000, 0.638285144566296)	(11000, 0.7374875373878468)	(12000, 0.7976071784646231)	(13000, 0.7976071784646231)	(14000, 0.7976071784646231)	(15000, 0.7976071784646231)	(16000, 0.7976071784646231)	(17000, 0.8092721834496622)	(18000, 0.8973080757726846)	(19000, 0.8973080757726846)	(20000, 0.8973080757726846)	(21000, 0.8973080757726846)	(22000, 0.9623130608175287)	(23000, 0.9970089730807381)	(24000, 1.0449651046859532)	(25000, 1.098504486540391)	(26000, 1.1964107676969102)	(27000, 1.2622133599202352)	(28000, 1.2961116650049738)	(29000, 1.2961116650049738)	(30000, 1.3265204386839453)	(31000, 1.3958125623130442)	(32000, 1.3958125623130442)	(33000, 1.3958125623130442)	(34000, 1.3958125623130442)	(35000, 1.3958125623130442)	(36000, 1.3958125623130442)	(37000, 1.3958125623130442)	(38000, 1.3958125623130442)	(39000, 1.3958125623130442)	(40000, 1.3958125623130442)	(41000, 1.3958125623130442)	(42000, 1.3958125623130442)	(43000, 1.3958125623130442)	(44000, 1.3958125623130442)	(45000, 1.3958125623130442)	(46000, 1.3958125623130442)	(47000, 1.3958125623130442)	(48000, 1.3958125623130442)	(49000, 1.3958125623130442)	(50000, 1.3958125623130442)	(51000, 1.3958125623130442)	(52000, 1.3958125623130453)												
FAY99780_pass_barcode01_98e12ebb_5ad7f319_58 - polyg	(1, 0.0)	(2, 0.0)	(3, 0.0)	(4, 0.0)	(5, 0.0)	(6, 0.0)	(7, 0.0)	(8, 0.0)	(9, 0.0)	(10, 0.0)	(1000, 0.0)	(2000, 0.0)	(3000, 0.0)	(4000, 0.0)	(5000, 0.0)	(6000, 0.0)	(7000, 0.0)	(8000, 0.0)	(9000, 0.0)	(10000, 0.0)	(11000, 0.0)	(12000, 0.0)	(13000, 0.0)	(14000, 0.0)	(15000, 0.09501495513459803)	(16000, 0.0997008973080779)	(17000, 0.0997008973080779)	(18000, 0.0997008973080779)	(19000, 0.0997008973080779)	(20000, 0.0997008973080779)	(21000, 0.0997008973080779)	(22000, 0.16689930209372086)	(23000, 0.1994017946161558)	(24000, 0.1994017946161558)	(25000, 0.1994017946161558)	(26000, 0.2930209371884345)	(27000, 0.29910269192422756)	(28000, 0.29910269192422756)	(29000, 0.35174476570289775)	(30000, 0.3988035892323116)	(31000, 0.3988035892323116)	(32000, 0.3988035892323116)	(33000, 0.3988035892323116)	(34000, 0.3988035892323116)	(35000, 0.3988035892323116)	(36000, 0.3988035892323116)	(37000, 0.3988035892323116)	(38000, 0.3988035892323116)	(39000, 0.3988035892323116)	(40000, 0.3988035892323116)	(41000, 0.3988035892323116)	(42000, 0.3988035892323116)	(43000, 0.3988035892323116)	(44000, 0.3988035892323116)	(45000, 0.3988035892323116)	(46000, 0.3988035892323116)	(47000, 0.3988035892323116)	(48000, 0.3988035892323116)	(49000, 0.3988035892323116)	(50000, 0.3988035892323116)	(51000, 0.3988035892323116)	(52000, 0.39880358923230735)												
FAY99780_pass_barcode01_98e12ebb_5ad7f319_59 - polya	(1, 0.0)	(2, 0.0)	(3, 0.0)	(4, 0.0)	(5, 0.0)	(6, 0.0)	(7, 0.0)	(8, 0.0)	(9, 0.0)	(10, 0.0615618284347785)	(2000, 0.2683279742765304)	(4000, 0.32154340836013967)	(6000, 0.37556270096462374)	(8000, 0.5606109324758828)	(10000, 0.6430868167202793)	(12000, 0.6773847802786523)	(14000, 0.8893890675240984)	(16000, 1.0181672025723434)	(18000, 1.178992497320453)	(20000, 1.1990889603429957)	(22000, 1.349678456591615)	(24000, 1.5005359056805558)	(26000, 1.5677384780279067)	(28000, 1.607717041800688)	(30000, 1.607717041800688)	(32000, 1.7820471596998726)	(34000, 1.9292604501607453)	(36000, 2.04308681672024)	(38000, 2.14362272240082)	(40000, 2.14362272240082)	(42000, 2.14362272240082)	(44000, 2.1635584137191737)	(46000, 2.250803858520983)	(48000, 2.4267416934619925)	(50000, 2.5283494105038256)	(52000, 2.5723472668811174)	(54000, 2.649410503751313)	(56000, 2.6795284030010524)	(58000, 2.6795284030010524)	(60000, 2.6795284030010524)	(62000, 2.6795284030010524)	(64000, 2.6795284030010524)	(66000, 2.6795284030010524)	(68000, 2.6795284030010524)	(70000, 2.679528403001085)																													
FAY99780_pass_barcode01_98e12ebb_5ad7f319_59 - polyg	(1, 0.0)	(2, 0.0)	(3, 0.0)	(4, 0.0)	(5, 0.0)	(6, 0.0)	(7, 0.0)	(8, 0.0)	(9, 0.0)	(10, 0.0)	(2000, 0.0)	(4000, 0.0)	(6000, 0.0)	(8000, 0.09126473740621507)	(10000, 0.10718113612004)	(12000, 0.10718113612004)	(14000, 0.10718113612004)	(16000, 0.10718113612004)	(18000, 0.10718113612004)	(20000, 0.10718113612004)	(22000, 0.10718113612004)	(24000, 0.10718113612004)	(26000, 0.10718113612004)	(28000, 0.10718113612004)	(30000, 0.10718113612004)	(32000, 0.10718113612004)	(34000, 0.10718113612004)	(36000, 0.10718113612004)	(38000, 0.10718113612004)	(40000, 0.10718113612004)	(42000, 0.10718113612004)	(44000, 0.10718113612004)	(46000, 0.10718113612004)	(48000, 0.10718113612004)	(50000, 0.10718113612004)	(52000, 0.10718113612004)	(54000, 0.10718113612004)	(56000, 0.10718113612004)	(58000, 0.10718113612004)	(60000, 0.10718113612004)	(62000, 0.10718113612004)	(64000, 0.10718113612004)	(66000, 0.10718113612004)	(68000, 0.10718113612004)	(70000, 0.1071811361200422)																													
FAY99780_pass_barcode01_98e12ebb_5ad7f319_6 - polya	(1, 0.0)	(2, 0.0)	(3, 0.0)	(4, 0.0)	(5, 0.0)	(6, 0.0)	(7, 0.0)	(8, 0.0)	(9, 0.0)	(10, 0.20258547921882192)	(2000, 0.43548963545390307)	(4000, 0.5545032165832849)	(6000, 0.7067905646890386)	(8000, 0.7849177984274291)	(10000, 0.8449606862044278)	(12000, 0.929235167977139)	(14000, 0.9866333095068179)	(16000, 1.1436740528949312)	(18000, 1.1436740528949312)	(20000, 1.1854896354539066)	(22000, 1.2191565403859979)	(24000, 1.2866333095068054)	(26000, 1.348963545389503)	(28000, 1.3632952108648444)	(30000, 1.4295925661186053)	(32000, 1.4336311651178915)	(34000, 1.6046104360257234)	(36000, 1.7494639027877046)	(38000, 1.7906719085060847)	(40000, 1.858470335954278)	(42000, 1.858470335954278)	(44000, 1.858470335954278)	(46000, 1.858470335954278)	(48000, 1.858470335954278)	(50000, 1.858470335954278)	(52000, 1.858470335954278)	(54000, 1.858470335954278)	(56000, 1.858470335954278)	(58000, 1.858470335954278)	(60000, 1.858470335954278)	(62000, 1.858470335954278)	(64000, 1.858470335954278)	(66000, 1.8820228734810889)	(68000, 1.929949964260224)	(70000, 1.929949964260224)	(72000, 1.929949964260224)	(74000, 1.929949964260224)	(76000, 1.929949964260224)	(78000, 1.929949964260224)	(80000, 1.929949964260224)	(82000, 1.929949964260224)	(84000, 1.929949964260224)	(86000, 1.929949964260224)	(88000, 1.929949964260224)	(90000, 1.929949964260224)	(92000, 1.929949964260224)	(94000, 1.929949964260224)	(96000, 1.9720514653324295)	(98000, 2.0014295925661605)	(100000, 2.0014295925661605)	(102000, 2.0014295925661605)	(104000, 2.0014295925661605)	(106000, 2.0014295925661605)	(108000, 2.0014295925661605)	(110000, 2.0014295925661605)	(112000, 2.0014295925661574)								
FAY99780_pass_barcode01_98e12ebb_5ad7f319_6 - polyg	(1, 0.0)	(2, 0.0)	(3, 0.0)	(4, 0.0)	(5, 0.0)	(6, 0.0)	(7, 0.0)	(8, 0.0)	(9, 0.0)	(10, 0.0)	(2000, 0.0)	(4000, 0.046068620443174044)	(6000, 0.0714796283059332)	(8000, 0.0714796283059332)	(10000, 0.0714796283059332)	(12000, 0.0714796283059332)	(14000, 0.0951036454610453)	(16000, 0.1429592566118664)	(18000, 0.1429592566118664)	(20000, 0.1429592566118664)	(22000, 0.1429592566118664)	(24000, 0.1429592566118664)	(26000, 0.1429592566118664)	(28000, 0.15096497498213277)	(30000, 0.21443888491779722)	(32000, 0.21443888491779722)	(34000, 0.21443888491779722)	(36000, 0.21443888491779722)	(38000, 0.21443888491779722)	(40000, 0.21443888491779722)	(42000, 0.21443888491779722)	(44000, 0.21443888491779722)	(46000, 0.21443888491779722)	(48000, 0.21443888491779722)	(50000, 0.21443888491779722)	(52000, 0.21443888491779722)	(54000, 0.21443888491779722)	(56000, 0.21443888491779722)	(58000, 0.21443888491779722)	(60000, 0.21443888491779722)	(62000, 0.21443888491779722)	(64000, 0.21443888491779722)	(66000, 0.21443888491779722)	(68000, 0.21443888491779722)	(70000, 0.21443888491779722)	(72000, 0.21443888491779722)	(74000, 0.21443888491779722)	(76000, 0.21443888491779722)	(78000, 0.21443888491779722)	(80000, 0.21443888491779722)	(82000, 0.21443888491779722)	(84000, 0.21443888491779722)	(86000, 0.21443888491779722)	(88000, 0.21443888491779722)	(90000, 0.21443888491779722)	(92000, 0.21443888491779722)	(94000, 0.21443888491779722)	(96000, 0.21443888491779722)	(98000, 0.21443888491779722)	(100000, 0.21443888491779722)	(102000, 0.21443888491779722)	(104000, 0.21443888491779722)	(106000, 0.21443888491779722)	(108000, 0.21443888491779722)	(110000, 0.21443888491779722)	(112000, 0.21443888491779722)								
FAY99780_pass_barcode01_98e12ebb_5ad7f319_60 - polya	(1, 0.0)	(2, 0.0)	(3, 0.0)	(4, 0.0)	(5, 0.0)	(6, 0.0)	(7, 0.0)	(8, 0.0)	(9, 0.0)	(10, 0.12646313136680665)	(2000, 0.20140986908358974)	(4000, 0.282074521651567)	(6000, 0.41948640483384664)	(8000, 0.5967774420946749)	(10000, 0.6042296072507678)	(12000, 0.6116817724068523)	(14000, 0.7864048338368762)	(16000, 0.805639476334359)	(18000, 0.805639476334359)	(20000, 0.805639476334359)	(22000, 0.805639476334359)	(24000, 0.9382175226586197)	(26000, 1.0070493454179432)	(28000, 1.0070493454179432)	(30000, 1.0070493454179432)	(32000, 1.0070493454179432)	(34000, 1.0070493454179432)	(36000, 1.0070493454179432)	(38000, 1.0070493454179432)	(40000, 1.0070493454179432)	(42000, 1.0070493454179432)	(44000, 1.0070493454179432)	(46000, 1.0070493454179432)	(48000, 1.0070493454179432)	(50000, 1.0070493454179432)	(52000, 1.0070493454179432)	(54000, 1.0070493454179432)	(56000, 1.0070493454179432)	(58000, 1.0070493454179432)	(60000, 1.0070493454179432)	(62000, 1.0070493454179432)	(64000, 1.0070493454179426)																																
FAY99780_pass_barcode01_98e12ebb_5ad7f319_60 - polyg	(1, 0.0)	(2, 0.0)	(3, 0.0)	(4, 0.0)	(5, 0.0)	(6, 0.0)	(7, 0.0)	(8, 0.0)	(9, 0.0)	(10, 0.0)	(2000, 0.0)	(4000, 0.0)	(6000, 0.0)	(8000, 0.09234642497482586)	(10000, 0.10070493454179487)	(12000, 0.20050352467271357)	(14000, 0.23363544813696427)	(16000, 0.3021148036253839)	(18000, 0.3021148036253839)	(20000, 0.3021148036253839)	(22000, 0.3021148036253839)	(24000, 0.3021148036253839)	(26000, 0.3021148036253839)	(28000, 0.3021148036253839)	(30000, 0.3021148036253839)	(32000, 0.3021148036253839)	(34000, 0.3021148036253839)	(36000, 0.3021148036253839)	(38000, 0.3021148036253839)	(40000, 0.3021148036253839)	(42000, 0.3021148036253839)	(44000, 0.3021148036253839)	(46000, 0.3021148036253839)	(48000, 0.3021148036253839)	(50000, 0.3021148036253839)	(52000, 0.3021148036253839)	(54000, 0.3021148036253839)	(56000, 0.3021148036253839)	(58000, 0.3021148036253839)	(60000, 0.3021148036253839)	(62000, 0.3021148036253839)	(64000, 0.3021148036253838)																																
FAY99780_pass_barcode01_98e12ebb_5ad7f319_61 - polya	(1, 0.0)	(2, 0.0)	(3, 0.0)	(4, 0.0)	(5, 0.0)	(6, 0.0)	(7, 0.0)	(8, 0.0)	(9, 0.0)	(10, 0.0)	(1000, 0.0)	(2000, 0.0)	(3000, 0.0)	(4000, 0.0)	(5000, 0.10808743169398988)	(6000, 0.32786885245901043)	(7000, 0.35289617486338554)	(8000, 0.5394535519125766)	(9000, 0.6272131147540869)	(10000, 0.6557377049180209)	(11000, 0.6995628415300628)	(12000, 0.8627322404371647)	(13000, 0.8743169398907169)	(14000, 0.8743169398907169)	(15000, 0.8743169398907169)	(16000, 0.9038251366120171)	(17000, 1.0408743169399126)	(18000, 1.0928961748634052)	(19000, 1.0928961748634052)	(20000, 1.0928961748634052)	(21000, 1.0928961748634052)	(22000, 1.0928961748634052)	(23000, 1.163497267759573)	(24000, 1.2021857923497408)	(25000, 1.2021857923497408)	(26000, 1.2021857923497408)	(27000, 1.3085245901639107)	(28000, 1.3114754098360417)	(29000, 1.3114754098360417)	(30000, 1.3114754098360417)	(31000, 1.3114754098360417)	(32000, 1.3114754098360417)	(33000, 1.3114754098360417)	(34000, 1.3114754098360417)	(35000, 1.3114754098360417)	(36000, 1.3114754098360417)	(37000, 1.3114754098360417)	(38000, 1.3114754098360417)	(39000, 1.3114754098360417)	(40000, 1.3114754098360417)	(41000, 1.3114754098360417)	(42000, 1.3114754098360417)	(43000, 1.3114754098360417)	(44000, 1.3114754098360417)	(45000, 1.3114754098360417)	(46000, 1.3114754098360417)	(47000, 1.3114754098360417)	(48000, 1.3114754098360417)	(49000, 1.3114754098360417)	(50000, 1.3114754098360486)														
FAY99780_pass_barcode01_98e12ebb_5ad7f319_61 - polyg	(1, 0.0)	(2, 0.0)	(3, 0.0)	(4, 0.0)	(5, 0.0)	(6, 0.0)	(7, 0.0)	(8, 0.0)	(9, 0.0)	(10, 0.0)	(1000, 0.0)	(2000, 0.0)	(3000, 0.0)	(4000, 0.0)	(5000, 0.0)	(6000, 0.09027322404371649)	(7000, 0.10928961748633961)	(8000, 0.10928961748633961)	(9000, 0.10928961748633961)	(10000, 0.10928961748633961)	(11000, 0.1548633879781433)	(12000, 0.21857923497267923)	(13000, 0.21857923497267923)	(14000, 0.21857923497267923)	(15000, 0.21857923497267923)	(16000, 0.21857923497267923)	(17000, 0.2878688524590117)	(18000, 0.32786885245901043)	(19000, 0.32786885245901043)	(20000, 0.32786885245901043)	(21000, 0.32786885245901043)	(22000, 0.32786885245901043)	(23000, 0.32786885245901043)	(24000, 0.32786885245901043)	(25000, 0.32786885245901043)	(26000, 0.32786885245901043)	(27000, 0.32786885245901043)	(28000, 0.32786885245901043)	(29000, 0.32786885245901043)	(30000, 0.32786885245901043)	(31000, 0.32786885245901043)	(32000, 0.32786885245901043)	(33000, 0.32786885245901043)	(34000, 0.32786885245901043)	(35000, 0.32786885245901043)	(36000, 0.32786885245901043)	(37000, 0.32786885245901043)	(38000, 0.32786885245901043)	(39000, 0.32786885245901043)	(40000, 0.32786885245901043)	(41000, 0.32786885245901043)	(42000, 0.32786885245901043)	(43000, 0.32786885245901043)	(44000, 0.32786885245901043)	(45000, 0.32786885245901043)	(46000, 0.32786885245901043)	(47000, 0.32786885245901043)	(48000, 0.32786885245901043)	(49000, 0.32786885245901043)	(50000, 0.32786885245901215)														
FAY99780_pass_barcode01_98e12ebb_5ad7f319_62 - polya	(1, 0.0)	(2, 0.0)	(3, 0.0)	(4, 0.0)	(5, 0.0)	(6, 0.0)	(7, 0.0)	(8, 0.0)	(9, 0.0)	(10, 0.11395602350376013)	(2000, 0.2116402116402049)	(4000, 0.3007407407407322)	(6000, 0.42539682539681295)	(8000, 0.6274074074074152)	(10000, 0.7029100529100408)	(12000, 0.807037037037038)	(14000, 0.9523809523809623)	(16000, 0.9820105820106064)	(18000, 1.075449735449728)	(20000, 1.164021164021101)	(22000, 1.164021164021101)	(24000, 1.164021164021101)	(26000, 1.2355555555555644)	(28000, 1.269841269841287)	(30000, 1.269841269841287)	(32000, 1.269841269841287)	(34000, 1.269841269841287)	(36000, 1.269841269841287)	(38000, 1.269841269841287)	(40000, 1.269841269841287)	(42000, 1.269841269841287)	(44000, 1.269841269841287)	(46000, 1.269841269841287)	(48000, 1.2811111111111098)	(50000, 1.3756613756613667)	(52000, 1.3756613756613667)	(54000, 1.3756613756613667)	(56000, 1.3756613756613667)	(58000, 1.3756613756613667)	(60000, 1.3756613756613667)	(62000, 1.3756613756613667)	(64000, 1.3756613756613667)	(66000, 1.3756613756613667)	(68000, 1.3756613756613667)	(70000, 1.3756613756613667)	(72000, 1.3756613756613667)	(74000, 1.3756613756613667)	(76000, 1.3756613756613667)	(78000, 1.3756613756613667)	(80000, 1.3756613756613667)	(82000, 1.3756613756613667)	(84000, 1.3756613756613667)	(86000, 1.3756613756613667)	(88000, 1.3756613756613667)	(90000, 1.3756613756613667)	(92000, 1.3756613756613667)	(94000, 1.3756613756613667)	(96000, 1.3756613756613667)	(98000, 1.3756613756613667)	(100000, 1.3756613756613667)	(102000, 1.3756613756613667)	(104000, 1.3756613756613667)	(106000, 1.3756613756613667)	(108000, 1.3756613756613667)	(110000, 1.3756613756613667)	(112000, 1.3756613756613667)	(114000, 1.3756613756613667)	(116000, 1.3756613756613667)	(118000, 1.3756613756613667)	(120000, 1.3756613756613667)	(122000, 1.3756613756613674)			
FAY99780_pass_barcode01_98e12ebb_5ad7f319_62 - polyg	(1, 0.0)	(2, 0.0)	(3, 0.0)	(4, 0.0)	(5, 0.0)	(6, 0.0)	(7, 0.0)	(8, 0.0)	(9, 0.0)	(10, 0.0710430459174161)	(2000, 0.10582010582010246)	(4000, 0.10582010582010246)	(6000, 0.10582010582010246)	(8000, 0.18677248677248143)	(10000, 0.2116402116402049)	(12000, 0.2116402116402049)	(14000, 0.2116402116402049)	(16000, 0.2116402116402049)	(18000, 0.30328042328042565)	(20000, 0.3174603174603218)	(22000, 0.3174603174603218)	(24000, 0.3174603174603218)	(26000, 0.3174603174603218)	(28000, 0.3174603174603218)	(30000, 0.3174603174603218)	(32000, 0.3174603174603218)	(34000, 0.3174603174603218)	(36000, 0.3174603174603218)	(38000, 0.3174603174603218)	(40000, 0.3174603174603218)	(42000, 0.3174603174603218)	(44000, 0.3174603174603218)	(46000, 0.3174603174603218)	(48000, 0.3174603174603218)	(50000, 0.3174603174603218)	(52000, 0.3174603174603218)	(54000, 0.3174603174603218)	(56000, 0.3174603174603218)	(58000, 0.3174603174603218)	(60000, 0.3174603174603218)	(62000, 0.3174603174603218)	(64000, 0.3174603174603218)	(66000, 0.3174603174603218)	(68000, 0.3174603174603218)	(70000, 0.3174603174603218)	(72000, 0.3174603174603218)	(74000, 0.3174603174603218)	(76000, 0.3174603174603218)	(78000, 0.3174603174603218)	(80000, 0.3174603174603218)	(82000, 0.3174603174603218)	(84000, 0.3174603174603218)	(86000, 0.3174603174603218)	(88000, 0.3174603174603218)	(90000, 0.3174603174603218)	(92000, 0.3174603174603218)	(94000, 0.3174603174603218)	(96000, 0.3174603174603218)	(98000, 0.3174603174603218)	(100000, 0.3174603174603218)	(102000, 0.3174603174603218)	(104000, 0.3174603174603218)	(106000, 0.3174603174603218)	(108000, 0.3174603174603218)	(110000, 0.3174603174603218)	(112000, 0.3174603174603218)	(114000, 0.3174603174603218)	(116000, 0.3174603174603218)	(118000, 0.3174603174603218)	(120000, 0.3174603174603218)	(122000, 0.3174603174603219)			
FAY99780_pass_barcode01_98e12ebb_5ad7f319_63 - polya	(1, 0.0)	(2, 0.0)	(3, 0.0)	(4, 0.0)	(5, 0.0)	(6, 0.0)	(7, 0.0)	(8, 0.0)	(9, 0.0)	(10, 0.07022924514673727)	(1000, 0.22002200220021664)	(2000, 0.2913091309130976)	(3000, 0.3996699669966951)	(4000, 0.5085808580858105)	(5000, 0.5500550055005531)	(6000, 0.6246424642464401)	(7000, 0.6600660066006757)	(8000, 0.7542354235423661)	(9000, 0.7700770077007829)	(10000, 0.847304730473035)	(11000, 0.8800880088008666)	(12000, 0.8800880088008666)	(13000, 0.8800880088008666)	(14000, 1.0614961496149662)	(15000, 1.1001100110011062)	(16000, 1.1565456545654622)	(17000, 1.2101210121012045)	(18000, 1.303850385038535)	(19000, 1.3201320132013514)	(20000, 1.3803080308030624)	(21000, 1.4301430143014096)	(22000, 1.4301430143014096)	(23000, 1.4301430143014096)	(24000, 1.4301430143014096)	(25000, 1.4301430143014096)	(26000, 1.4301430143014096)	(27000, 1.4457645764576446)	(28000, 1.5401540154015658)	(29000, 1.5401540154015658)	(30000, 1.5401540154015658)	(31000, 1.5401540154015658)	(32000, 1.5401540154015658)	(33000, 1.5401540154015658)	(34000, 1.5401540154015658)	(35000, 1.5401540154015658)	(36000, 1.5401540154015658)	(37000, 1.5401540154015658)	(38000, 1.5401540154015658)	(39000, 1.6474147414741562)	(40000, 1.650165016501659)	(41000, 1.650165016501659)	(42000, 1.650165016501659)	(43000, 1.650165016501659)	(44000, 1.650165016501659)	(45000, 1.650165016501659)	(46000, 1.650165016501659)	(47000, 1.650165016501659)	(48000, 1.650165016501659)	(49000, 1.650165016501659)	(50000, 1.650165016501659)														
FAY99780_pass_barcode01_98e12ebb_5ad7f319_63 - polyg	(1, 0.0)	(2, 0.0)	(3, 0.0)	(4, 0.0)	(5, 0.0)	(6, 0.0)	(7, 0.0)	(8, 0.0)	(9, 0.0)	(10, 0.0)	(1000, 0.0)	(2000, 0.0)	(3000, 0.0)	(4000, 0.0)	(5000, 0.0)	(6000, 0.0)	(7000, 0.0)	(8000, 0.0)	(9000, 0.0)	(10000, 0.0)	(11000, 0.0)	(12000, 0.0)	(13000, 0.0)	(14000, 0.08239823982398196)	(15000, 0.11001100110010832)	(16000, 0.11001100110010832)	(17000, 0.20418041804180154)	(18000, 0.22002200220021664)	(19000, 0.22002200220021664)	(20000, 0.30990099009901695)	(21000, 0.33003300330033786)	(22000, 0.33003300330033786)	(23000, 0.33003300330033786)	(24000, 0.33003300330033786)	(25000, 0.33003300330033786)	(26000, 0.33003300330033786)	(27000, 0.33003300330033786)	(28000, 0.33003300330033786)	(29000, 0.33003300330033786)	(30000, 0.33003300330033786)	(31000, 0.33003300330033786)	(32000, 0.33003300330033786)	(33000, 0.33003300330033786)	(34000, 0.33003300330033786)	(35000, 0.33003300330033786)	(36000, 0.33003300330033786)	(37000, 0.33003300330033786)	(38000, 0.3355335533553417)	(39000, 0.4400440044004333)	(40000, 0.4400440044004333)	(41000, 0.4400440044004333)	(42000, 0.4400440044004333)	(43000, 0.4400440044004333)	(44000, 0.4400440044004333)	(45000, 0.4400440044004333)	(46000, 0.4400440044004333)	(47000, 0.4400440044004333)	(48000, 0.4400440044004333)	(49000, 0.4400440044004333)	(50000, 0.440044004400434)														
FAY99780_pass_barcode01_98e12ebb_5ad7f319_64 - polya	(1, 0.0)	(2, 0.0)	(3, 0.0)	(4, 0.0)	(5, 0.0)	(6, 0.0)	(7, 0.0)	(8, 0.0)	(9, 0.0)	(10, 0.09877791323481576)	(2000, 0.11834319526627567)	(4000, 0.11834319526627567)	(6000, 0.38644970414202057)	(8000, 0.4811834319526732)	(10000, 0.7781065088757219)	(12000, 0.828402366863888)	(14000, 0.8343195266272047)	(16000, 0.9467455621302053)	(18000, 1.0423668639053727)	(20000, 1.0739053254438327)	(22000, 1.288047337278151)	(24000, 1.3017751479290414)	(26000, 1.3017751479290414)	(28000, 1.3017751479290414)	(30000, 1.3017751479290414)	(32000, 1.3767455621301563)	(34000, 1.4201183431952324)	(36000, 1.4201183431952324)	(38000, 1.4201183431952324)	(40000, 1.4201183431952324)	(42000, 1.4201183431952324)	(44000, 1.4201183431952324)	(46000, 1.4201183431952324)	(48000, 1.4201183431952324)	(50000, 1.4201183431952324)	(52000, 1.4201183431952324)	(54000, 1.4201183431952324)	(56000, 1.4201183431952324)	(58000, 1.4201183431952324)	(60000, 1.4201183431952324)	(62000, 1.4201183431952324)	(64000, 1.4201183431952324)	(66000, 1.4201183431952324)	(68000, 1.4201183431952324)	(70000, 1.4201183431952324)	(72000, 1.4201183431952324)	(74000, 1.4201183431952324)	(76000, 1.4201183431952626)																										
FAY99780_pass_barcode01_98e12ebb_5ad7f319_64 - polyg	(1, 0.0)	(2, 0.0)	(3, 0.0)	(4, 0.0)	(5, 0.0)	(6, 0.0)	(7, 0.0)	(8, 0.0)	(9, 0.0)	(10, 0.0)	(2000, 0.0)	(4000, 0.0)	(6000, 0.0644378698224864)	(8000, 0.11834319526627567)	(10000, 0.11834319526627567)	(12000, 0.11834319526627567)	(14000, 0.11834319526627567)	(16000, 0.11834319526627567)	(18000, 0.11834319526627567)	(20000, 0.11834319526627567)	(22000, 0.11834319526627567)	(24000, 0.11834319526627567)	(26000, 0.11834319526627567)	(28000, 0.11834319526627567)	(30000, 0.11834319526627567)	(32000, 0.11834319526627567)	(34000, 0.11834319526627567)	(36000, 0.11834319526627567)	(38000, 0.11834319526627567)	(40000, 0.11834319526627567)	(42000, 0.11834319526627567)	(44000, 0.11834319526627567)	(46000, 0.11834319526627567)	(48000, 0.11834319526627567)	(50000, 0.11834319526627567)	(52000, 0.11834319526627567)	(54000, 0.11834319526627567)	(56000, 0.11834319526627567)	(58000, 0.11834319526627567)	(60000, 0.11834319526627567)	(62000, 0.11834319526627567)	(64000, 0.11834319526627567)	(66000, 0.11834319526627567)	(68000, 0.11834319526627567)	(70000, 0.11834319526627567)	(72000, 0.11834319526627567)	(74000, 0.11834319526627567)	(76000, 0.11834319526627401)																										
FAY99780_pass_barcode01_98e12ebb_5ad7f319_65 - polya	(1, 0.0)	(2, 0.0)	(3, 0.0)	(4, 0.0)	(5, 0.0)	(6, 0.0)	(7, 0.0)	(8, 0.0)	(9, 0.0)	(10, 0.1136608550653963)	(2000, 0.22573363431150803)	(4000, 0.38323927765236243)	(6000, 0.46749435665914035)	(8000, 0.581884875846513)	(10000, 0.677200902934536)	(12000, 0.677200902934536)	(14000, 0.7077878103837314)	(16000, 0.790067720090292)	(18000, 0.790067720090292)	(20000, 0.790067720090292)	(22000, 0.790067720090292)	(24000, 0.790067720090292)	(26000, 0.790067720090292)	(28000, 0.790067720090292)	(30000, 0.790067720090292)	(32000, 0.790067720090292)	(34000, 0.8180022573363256)	(36000, 0.9523702031603233)	(38000, 1.1001128668171614)	(40000, 1.1286681715575617)	(42000, 1.1286681715575617)	(44000, 1.167268623024829)	(46000, 1.2676636568848758)	(48000, 1.354401805869072)	(50000, 1.354401805869072)	(52000, 1.354401805869072)	(54000, 1.354401805869072)	(56000, 1.354401805869072)	(58000, 1.354401805869072)	(60000, 1.354401805869072)	(62000, 1.354401805869072)	(64000, 1.354401805869072)	(66000, 1.354401805869072)	(68000, 1.354401805869072)	(70000, 1.354401805869072)	(72000, 1.354401805869078)																												
FAY99780_pass_barcode01_98e12ebb_5ad7f319_65 - polyg	(1, 0.0)	(2, 0.0)	(3, 0.0)	(4, 0.0)	(5, 0.0)	(6, 0.0)	(7, 0.0)	(8, 0.0)	(9, 0.0)	(10, 0.039985480449652486)	(2000, 0.11286681715575402)	(4000, 0.15897291196388474)	(6000, 0.25406320541760075)	(8000, 0.338600451467268)	(10000, 0.338600451467268)	(12000, 0.338600451467268)	(14000, 0.338600451467268)	(16000, 0.338600451467268)	(18000, 0.3727990970654483)	(20000, 0.45146726862301606)	(22000, 0.45146726862301606)	(24000, 0.45146726862301606)	(26000, 0.45146726862301606)	(28000, 0.45146726862301606)	(30000, 0.45146726862301606)	(32000, 0.45146726862301606)	(34000, 0.45146726862301606)	(36000, 0.46760722347629613)	(38000, 0.5643340857787809)	(40000, 0.5643340857787809)	(42000, 0.5643340857787809)	(44000, 0.5708803611738241)	(46000, 0.677200902934536)	(48000, 0.677200902934536)	(50000, 0.677200902934536)	(52000, 0.677200902934536)	(54000, 0.677200902934536)	(56000, 0.677200902934536)	(58000, 0.677200902934536)	(60000, 0.677200902934536)	(62000, 0.677200902934536)	(64000, 0.677200902934536)	(66000, 0.677200902934536)	(68000, 0.677200902934536)	(70000, 0.677200902934536)	(72000, 0.677200902934539)																												
FAY99780_pass_barcode01_98e12ebb_5ad7f319_66 - polya	(1, 0.0)	(2, 0.0)	(3, 0.0)	(4, 0.0)	(5, 0.0)	(6, 0.0)	(7, 0.0)	(8, 0.0)	(9, 0.0)	(10, 0.014020329477742753)	(1000, 0.21766561514195829)	(2000, 0.4723974763407059)	(3000, 0.6334384858044201)	(4000, 0.7919558359621518)	(5000, 0.9463722397476579)	(6000, 0.9463722397476579)	(7000, 0.9463722397476579)	(8000, 1.0272870662460496)	(9000, 1.104100946372229)	(10000, 1.104100946372229)	(11000, 1.104100946372229)	(12000, 1.104100946372229)	(13000, 1.104100946372229)	(14000, 1.1731861198738136)	(15000, 1.2618296529968411)	(16000, 1.2618296529968411)	(17000, 1.2618296529968411)	(18000, 1.2618296529968411)	(19000, 1.2618296529968411)	(20000, 1.2618296529968411)	(21000, 1.2618296529968411)	(22000, 1.2618296529968411)	(23000, 1.2618296529968411)	(24000, 1.2618296529968411)	(25000, 1.2618296529968411)	(26000, 1.2618296529968411)	(27000, 1.3020504731861422)	(28000, 1.4195583596214663)	(29000, 1.564511041009475)	(30000, 1.5772870662460683)	(31000, 1.5772870662460683)	(32000, 1.5772870662460683)	(33000, 1.5772870662460683)	(34000, 1.5772870662460683)	(35000, 1.5772870662460683)	(36000, 1.656151419558386)	(37000, 1.8927444794953159)	(38000, 1.8927444794953159)	(39000, 1.974290220820209)	(40000, 2.050473186119904)	(41000, 2.31593059936906)	(42000, 2.365930599369071)	(43000, 2.365930599369071)	(44000, 2.365930599369071)	(45000, 2.365930599369071)	(46000, 2.365930599369071)	(47000, 2.365930599369071)	(48000, 2.365930599369071)	(49000, 2.365930599369071)	(50000, 2.365930599369071)	(51000, 2.365930599369071)	(52000, 2.3659305993690998)												
FAY99780_pass_barcode01_98e12ebb_5ad7f319_66 - polyg	(1, 0.0)	(2, 0.0)	(3, 0.0)	(4, 0.0)	(5, 0.0)	(6, 0.0)	(7, 0.0)	(8, 0.0)	(9, 0.0)	(10, 0.0)	(1000, 0.0)	(2000, 0.0)	(3000, 0.0)	(4000, 0.0)	(5000, 0.0)	(6000, 0.0)	(7000, 0.0)	(8000, 0.1022082018927451)	(9000, 0.15772870662460514)	(10000, 0.15772870662460514)	(11000, 0.15772870662460514)	(12000, 0.15772870662460514)	(13000, 0.15772870662460514)	(14000, 0.19700315457413528)	(15000, 0.3154574132492103)	(16000, 0.3154574132492103)	(17000, 0.3154574132492103)	(18000, 0.3154574132492103)	(19000, 0.3154574132492103)	(20000, 0.3154574132492103)	(21000, 0.3154574132492103)	(22000, 0.3154574132492103)	(23000, 0.3154574132492103)	(24000, 0.3154574132492103)	(25000, 0.3154574132492103)	(26000, 0.3154574132492103)	(27000, 0.36766561514196355)	(28000, 0.47318611987382897)	(29000, 0.47318611987382897)	(30000, 0.47318611987382897)	(31000, 0.47318611987382897)	(32000, 0.47318611987382897)	(33000, 0.47318611987382897)	(34000, 0.47318611987382897)	(35000, 0.47318611987382897)	(36000, 0.47318611987382897)	(37000, 0.47318611987382897)	(38000, 0.47318611987382897)	(39000, 0.47318611987382897)	(40000, 0.47318611987382897)	(41000, 0.47318611987382897)	(42000, 0.47318611987382897)	(43000, 0.47318611987382897)	(44000, 0.47318611987382897)	(45000, 0.47318611987382897)	(46000, 0.47318611987382897)	(47000, 0.47318611987382897)	(48000, 0.47318611987382897)	(49000, 0.47318611987382897)	(50000, 0.47318611987382897)	(51000, 0.47318611987382897)	(52000, 0.47318611987381604)												
FAY99780_pass_barcode01_98e12ebb_5ad7f319_67 - polya	(1, 0.0)	(2, 0.0)	(3, 0.0)	(4, 0.0)	(5, 0.0)	(6, 0.0)	(7, 0.0)	(8, 0.0)	(9, 0.0)	(10, 0.0)	(1000, 0.027118644067796533)	(2000, 0.19341974077766505)	(3000, 0.29910269192422756)	(4000, 0.31974077766700104)	(5000, 0.3988035892323116)	(6000, 0.3988035892323116)	(7000, 0.3988035892323116)	(8000, 0.400299102691932)	(9000, 0.49850448654036905)	(10000, 0.5862412761714807)	(11000, 0.6979062811565221)	(12000, 0.6979062811565221)	(13000, 0.6979062811565221)	(14000, 0.6979062811565221)	(15000, 0.6979062811565221)	(16000, 0.6979062811565221)	(17000, 0.7552342971086867)	(18000, 0.7976071784646231)	(19000, 0.7976071784646231)	(20000, 0.7976071784646231)	(21000, 0.7976071784646231)	(22000, 0.7976071784646231)	(23000, 0.7976071784646231)	(24000, 0.7976071784646231)	(25000, 0.7976071784646231)	(26000, 0.7976071784646231)	(27000, 0.7976071784646231)	(28000, 0.7976071784646231)	(29000, 0.7976071784646231)	(30000, 0.7976071784646231)	(31000, 0.7976071784646231)	(32000, 0.7976071784646231)	(33000, 0.7976071784646231)	(34000, 0.7976071784646231)	(35000, 0.7976071784646231)	(36000, 0.7976071784646231)	(37000, 0.7976071784646231)	(38000, 0.7976071784646231)	(39000, 0.8635094715852453)	(40000, 0.8973080757726846)	(41000, 0.8973080757726846)	(42000, 0.8973080757726846)	(43000, 0.8973080757726846)	(44000, 0.8973080757726846)	(45000, 0.8973080757726846)	(46000, 0.8973080757726846)	(47000, 0.930009970089717)	(48000, 0.9970089730807381)	(49000, 0.9970089730807381)	(50000, 0.9970089730807381)	(51000, 0.9970089730807381)	(52000, 0.9970089730807381)	(53000, 0.9970089730807381)	(54000, 0.9970089730807381)	(55000, 0.9970089730807381)	(56000, 0.9970089730807381)	(57000, 0.9970089730807381)	(58000, 0.9970089730807381)	(59000, 0.9970089730807381)	(60000, 0.9970089730807381)	(61000, 0.9970089730807578)			
FAY99780_pass_barcode01_98e12ebb_5ad7f319_67 - polyg	(1, 0.0)	(2, 0.0)	(3, 0.0)	(4, 0.0)	(5, 0.0)	(6, 0.0)	(7, 0.0)	(8, 0.0)	(9, 0.0)	(10, 0.0)	(1000, 0.0)	(2000, 0.0)	(3000, 0.0)	(4000, 0.0)	(5000, 0.0)	(6000, 0.0)	(7000, 0.0)	(8000, 0.0)	(9000, 0.09471585244267378)	(10000, 0.14885343968095796)	(11000, 0.1994017946161558)	(12000, 0.1994017946161558)	(13000, 0.1994017946161558)	(14000, 0.1994017946161558)	(15000, 0.1994017946161558)	(16000, 0.1994017946161558)	(17000, 0.1994017946161558)	(18000, 0.1994017946161558)	(19000, 0.1994017946161558)	(20000, 0.1994017946161558)	(21000, 0.1994017946161558)	(22000, 0.1994017946161558)	(23000, 0.1994017946161558)	(24000, 0.1994017946161558)	(25000, 0.1994017946161558)	(26000, 0.1994017946161558)	(27000, 0.1994017946161558)	(28000, 0.1994017946161558)	(29000, 0.1994017946161558)	(30000, 0.1994017946161558)	(31000, 0.1994017946161558)	(32000, 0.1994017946161558)	(33000, 0.1994017946161558)	(34000, 0.1994017946161558)	(35000, 0.1994017946161558)	(36000, 0.1994017946161558)	(37000, 0.1994017946161558)	(38000, 0.1994017946161558)	(39000, 0.1994017946161558)	(40000, 0.1994017946161558)	(41000, 0.1994017946161558)	(42000, 0.1994017946161558)	(43000, 0.1994017946161558)	(44000, 0.1994017946161558)	(45000, 0.1994017946161558)	(46000, 0.1994017946161558)	(47000, 0.1994017946161558)	(48000, 0.1994017946161558)	(49000, 0.1994017946161558)	(50000, 0.1994017946161558)	(51000, 0.1994017946161558)	(52000, 0.1994017946161558)	(53000, 0.1994017946161558)	(54000, 0.1994017946161558)	(55000, 0.1994017946161558)	(56000, 0.1994017946161558)	(57000, 0.1994017946161558)	(58000, 0.1994017946161558)	(59000, 0.1994017946161558)	(60000, 0.1994017946161558)	(61000, 0.1994017946161513)			
FAY99780_pass_barcode01_98e12ebb_5ad7f319_68 - polya	(1, 0.0)	(2, 0.0)	(3, 0.0)	(4, 0.0)	(5, 0.0)	(6, 0.0)	(7, 0.0)	(8, 0.0)	(9, 0.0)	(10, 0.05938326168997723)	(2000, 0.15863453815261033)	(4000, 0.33413654618474103)	(6000, 0.7332329317268877)	(8000, 0.8032128514056011)	(10000, 0.8032128514056011)	(12000, 0.8727409638553951)	(14000, 0.9036144578312966)	(16000, 0.9036144578312966)	(18000, 0.9086847389557969)	(20000, 1.0040160642570297)	(22000, 1.0040160642570297)	(24000, 1.0126004016064314)	(26000, 1.104417670682766)	(28000, 1.104417670682766)	(30000, 1.104417670682766)	(32000, 1.221234939759062)	(34000, 1.3052208835341388)	(36000, 1.3052208835341388)	(38000, 1.352861445783141)	(40000, 1.5060240963854719)	(42000, 1.5060240963854719)	(44000, 1.5060240963854719)	(46000, 1.557530120481878)	(48000, 1.6064257028112021)	(50000, 1.6064257028112021)	(52000, 1.6064257028112021)	(54000, 1.6064257028112021)	(56000, 1.6759036144578152)	(58000, 1.8072289156625931)	(60000, 1.8072289156625931)	(62000, 1.8072289156625931)	(64000, 1.8072289156625931)	(66000, 1.8987951807228565)	(68000, 1.9076305220883178)	(70000, 1.9076305220883178)	(72000, 1.9076305220883178)	(74000, 1.9076305220883178)	(76000, 1.9076305220883178)	(78000, 1.9076305220883178)	(80000, 1.9076305220883178)	(82000, 1.9076305220883178)	(84000, 1.9076305220883178)	(86000, 1.9076305220883178)	(88000, 1.9076305220883178)	(90000, 1.9076305220883178)	(92000, 1.9076305220883178)	(94000, 1.9076305220883178)	(96000, 1.9076305220883178)	(98000, 1.9076305220883178)	(100000, 1.9076305220883178)	(102000, 1.9076305220883178)	(104000, 1.9076305220883178)	(106000, 1.9076305220883178)	(108000, 1.9076305220883178)	(110000, 1.9076305220883178)	(112000, 1.9076305220883178)	(114000, 1.9076305220883178)	(116000, 1.9076305220883178)	(118000, 1.9076305220883207)					
FAY99780_pass_barcode01_98e12ebb_5ad7f319_68 - polyg	(1, 0.0)	(2, 0.0)	(3, 0.0)	(4, 0.0)	(5, 0.0)	(6, 0.0)	(7, 0.0)	(8, 0.0)	(9, 0.0)	(10, 0.0)	(2000, 0.0)	(4000, 0.0)	(6000, 0.0)	(8000, 0.0)	(10000, 0.0)	(12000, 0.0)	(14000, 0.0)	(16000, 0.0)	(18000, 0.0)	(20000, 0.0)	(22000, 0.0)	(24000, 0.0)	(26000, 0.0)	(28000, 0.0)	(30000, 0.0)	(32000, 0.0)	(34000, 0.0)	(36000, 0.0)	(38000, 0.009989959839357404)	(40000, 0.10040160642570013)	(42000, 0.10040160642570013)	(44000, 0.10040160642570013)	(46000, 0.10040160642570013)	(48000, 0.10040160642570013)	(50000, 0.10040160642570013)	(52000, 0.10040160642570013)	(54000, 0.10040160642570013)	(56000, 0.10040160642570013)	(58000, 0.10040160642570013)	(60000, 0.10040160642570013)	(62000, 0.10040160642570013)	(64000, 0.10040160642570013)	(66000, 0.10040160642570013)	(68000, 0.10040160642570013)	(70000, 0.10040160642570013)	(72000, 0.10040160642570013)	(74000, 0.10040160642570013)	(76000, 0.10040160642570013)	(78000, 0.10040160642570013)	(80000, 0.10040160642570013)	(82000, 0.10040160642570013)	(84000, 0.10040160642570013)	(86000, 0.10040160642570013)	(88000, 0.10040160642570013)	(90000, 0.10040160642570013)	(92000, 0.10040160642570013)	(94000, 0.10040160642570013)	(96000, 0.10040160642570013)	(98000, 0.10040160642570013)	(100000, 0.10040160642570013)	(102000, 0.10040160642570013)	(104000, 0.10040160642570013)	(106000, 0.10040160642570013)	(108000, 0.10040160642570013)	(110000, 0.10040160642570013)	(112000, 0.10040160642570013)	(114000, 0.10040160642570013)	(116000, 0.10040160642570013)	(118000, 0.10040160642570402)					
FAY99780_pass_barcode01_98e12ebb_5ad7f319_69 - polya	(1, 0.0)	(2, 0.0)	(3, 0.0)	(4, 0.0)	(5, 0.0)	(6, 0.0)	(7, 0.0)	(8, 0.0)	(9, 0.0)	(10, 0.08746423775325521)	(1000, 0.11560693641618512)	(2000, 0.11560693641618512)	(3000, 0.12601156069364178)	(4000, 0.2758381502890161)	(5000, 0.34682080924854797)	(6000, 0.34682080924854797)	(7000, 0.41294797687861323)	(8000, 0.5231213872832247)	(9000, 0.5883236994219478)	(10000, 0.6936416184970959)	(11000, 0.6936416184970959)	(12000, 0.6936416184970959)	(13000, 0.7132947976878619)	(14000, 0.8627745664739833)	(15000, 0.9457803468208054)	(16000, 1.100578034682047)	(17000, 1.248092485549122)	(18000, 1.3872832369941919)	(19000, 1.3872832369941919)	(20000, 1.4395375722543244)	(21000, 1.5028901734103832)	(22000, 1.6060115606936463)	(23000, 1.6184971098265948)	(24000, 1.6184971098265948)	(25000, 1.6184971098265948)	(26000, 1.6227745664739885)	(27000, 1.7341040462427464)	(28000, 1.7341040462427464)	(29000, 1.7341040462427464)	(30000, 1.7341040462427464)	(31000, 1.7341040462427464)	(32000, 1.7341040462427464)	(33000, 1.797687861271679)	(34000, 1.849710982658962)	(35000, 1.849710982658962)	(36000, 1.849710982658962)	(37000, 1.849710982658962)	(38000, 1.849710982658962)	(39000, 1.849710982658962)	(40000, 1.849710982658962)	(41000, 1.849710982658962)	(42000, 1.849710982658962)	(43000, 1.849710982658962)	(44000, 1.849710982658962)	(45000, 1.849710982658962)	(46000, 1.849710982658962)	(47000, 1.849710982658962)	(48000, 1.849710982658962)																
FAY99780_pass_barcode01_98e12ebb_5ad7f319_69 - polyg	(1, 0.0)	(2, 0.0)	(3, 0.0)	(4, 0.0)	(5, 0.0)	(6, 0.0)	(7, 0.0)	(8, 0.0)	(9, 0.0)	(10, 0.0)	(1000, 0.0)	(2000, 0.0)	(3000, 0.0)	(4000, 0.0)	(5000, 0.0)	(6000, 0.0)	(7000, 0.07052023121387292)	(8000, 0.11560693641618512)	(9000, 0.11560693641618512)	(10000, 0.11560693641618512)	(11000, 0.11560693641618512)	(12000, 0.11560693641618512)	(13000, 0.11560693641618512)	(14000, 0.11560693641618512)	(15000, 0.11560693641618512)	(16000, 0.11560693641618512)	(17000, 0.15352601156069384)	(18000, 0.23121387283237024)	(19000, 0.23121387283237024)	(20000, 0.23121387283237024)	(21000, 0.23121387283237024)	(22000, 0.23121387283237024)	(23000, 0.23121387283237024)	(24000, 0.23121387283237024)	(25000, 0.3094797687861232)	(26000, 0.34682080924854797)	(27000, 0.34682080924854797)	(28000, 0.34682080924854797)	(29000, 0.34682080924854797)	(30000, 0.34682080924854797)	(31000, 0.34682080924854797)	(32000, 0.34682080924854797)	(33000, 0.34682080924854797)	(34000, 0.34682080924854797)	(35000, 0.34682080924854797)	(36000, 0.34682080924854797)	(37000, 0.34682080924854797)	(38000, 0.34682080924854797)	(39000, 0.34682080924854797)	(40000, 0.34682080924854797)	(41000, 0.34682080924854797)	(42000, 0.34682080924854797)	(43000, 0.34682080924854797)	(44000, 0.34682080924854797)	(45000, 0.34682080924854797)	(46000, 0.34682080924854797)	(47000, 0.34682080924854797)	(48000, 0.3468208092485483)																
FAY99780_pass_barcode01_98e12ebb_5ad7f319_7 - polya	(1, 0.0)	(2, 0.0)	(3, 0.0)	(4, 0.0)	(5, 0.0)	(6, 0.0)	(7, 0.0)	(8, 0.0)	(9, 0.0)	(10, 0.20853557560529729)	(2000, 0.5283025568181781)	(4000, 0.8688210227273001)	(6000, 1.0039772727272935)	(8000, 1.0653409090909474)	(10000, 1.1561789772726971)	(12000, 1.2473011363635924)	(14000, 1.2784090909090453)	(16000, 1.3189630681818183)	(18000, 1.4204545454545126)	(20000, 1.4750000000000516)	(22000, 1.4914772727273253)	(24000, 1.4914772727273253)	(26000, 1.4914772727273253)	(28000, 1.4914772727273253)	(30000, 1.4914772727273253)	(32000, 1.4914772727273253)	(34000, 1.4914772727273253)	(36000, 1.4914772727273253)	(38000, 1.5128906249999903)	(40000, 1.5625)	(42000, 1.6240056818181163)	(44000, 1.6335227272726613)	(46000, 1.6335227272726613)	(48000, 1.6958096590909442)	(50000, 1.7045454545454888)	(52000, 1.7045454545454888)	(54000, 1.7045454545454888)	(56000, 1.7045454545454888)	(58000, 1.7228338068181628)	(60000, 1.8219460227273234)	(62000, 1.846590909090966)	(64000, 1.846590909090966)	(66000, 1.846590909090966)	(68000, 1.846590909090966)	(70000, 1.846590909090966)	(72000, 1.846590909090966)	(74000, 1.846590909090966)	(76000, 1.846590909090966)	(78000, 1.846590909090966)	(80000, 1.846590909090966)	(82000, 1.846590909090966)	(84000, 1.846590909090966)	(86000, 1.846590909090966)	(88000, 1.8465909090909067)																				
FAY99780_pass_barcode01_98e12ebb_5ad7f319_7 - polyg	(1, 0.0)	(2, 0.0)	(3, 0.0)	(4, 0.0)	(5, 0.0)	(6, 0.0)	(7, 0.0)	(8, 0.0)	(9, 0.0)	(10, 0.0)	(2000, 0.0)	(4000, 0.0)	(6000, 0.0)	(8000, 0.0)	(10000, 0.0)	(12000, 0.0)	(14000, 0.0)	(16000, 0.0)	(18000, 0.0702059659090929)	(20000, 0.07102272727272917)	(22000, 0.07102272727272917)	(24000, 0.07102272727272917)	(26000, 0.07102272727272917)	(28000, 0.07102272727272917)	(30000, 0.07102272727272917)	(32000, 0.07102272727272917)	(34000, 0.07102272727272917)	(36000, 0.07102272727272917)	(38000, 0.07102272727272917)	(40000, 0.07102272727272917)	(42000, 0.07102272727272917)	(44000, 0.10987215909091273)	(46000, 0.14204545454545833)	(48000, 0.14204545454545833)	(50000, 0.14204545454545833)	(52000, 0.14204545454545833)	(54000, 0.14204545454545833)	(56000, 0.14204545454545833)	(58000, 0.14204545454545833)	(60000, 0.20941051136364058)	(62000, 0.2130681818181861)	(64000, 0.2130681818181861)	(66000, 0.2130681818181861)	(68000, 0.2130681818181861)	(70000, 0.2130681818181861)	(72000, 0.2130681818181861)	(74000, 0.2130681818181861)	(76000, 0.2130681818181861)	(78000, 0.2130681818181861)	(80000, 0.2130681818181861)	(82000, 0.2130681818181861)	(84000, 0.2130681818181861)	(86000, 0.2130681818181861)	(88000, 0.21306818181818285)																				
FAY99780_pass_barcode01_98e12ebb_5ad7f319_70 - polya	(1, 0.0)	(2, 0.0)	(3, 0.0)	(4, 0.0)	(5, 0.0)	(6, 0.0)	(7, 0.0)	(8, 0.0)	(9, 0.0)	(10, 0.0)	(2000, 0.05176537585421404)	(4000, 0.3161161731207428)	(6000, 0.4399202733485269)	(8000, 0.5768223234624297)	(10000, 0.6833712984054973)	(12000, 0.7550683371298051)	(14000, 0.7972665148063425)	(16000, 0.7972665148063425)	(18000, 0.7972665148063425)	(20000, 0.7972665148063425)	(22000, 0.7972665148063425)	(24000, 0.7972665148063425)	(26000, 0.7972665148063425)	(28000, 0.7972665148063425)	(30000, 0.8809794988610641)	(32000, 0.9111617312073088)	(34000, 0.9404897494305163)	(36000, 1.0250569476081752)	(38000, 1.0250569476081752)	(40000, 1.0250569476081752)	(42000, 1.0250569476081752)	(44000, 1.0250569476081752)	(46000, 1.0250569476081752)	(48000, 1.0250569476081752)	(50000, 1.0250569476081752)	(52000, 1.0250569476081752)	(54000, 1.0250569476081752)	(56000, 1.0250569476081752)	(58000, 1.0250569476081752)	(60000, 1.0250569476081752)	(62000, 1.0250569476081752)	(64000, 1.0250569476081752)	(66000, 1.0250569476081752)	(68000, 1.0250569476081752)	(70000, 1.0250569476081752)	(72000, 1.0250569476081752)	(74000, 1.0250569476081854)																											
FAY99780_pass_barcode01_98e12ebb_5ad7f319_70 - polyg	(1, 0.0)	(2, 0.0)	(3, 0.0)	(4, 0.0)	(5, 0.0)	(6, 0.0)	(7, 0.0)	(8, 0.0)	(9, 0.0)	(10, 0.0)	(2000, 0.0)	(4000, 0.0)	(6000, 0.0)	(8000, 0.0)	(10000, 0.0)	(12000, 0.09692482915717657)	(14000, 0.1138952164009136)	(16000, 0.1138952164009136)	(18000, 0.1138952164009136)	(20000, 0.1138952164009136)	(22000, 0.1138952164009136)	(24000, 0.1138952164009136)	(26000, 0.1138952164009136)	(28000, 0.1138952164009136)	(30000, 0.1826309794988618)	(32000, 0.2277904328018272)	(34000, 0.2277904328018272)	(36000, 0.2277904328018272)	(38000, 0.2277904328018272)	(40000, 0.2277904328018272)	(42000, 0.2277904328018272)	(44000, 0.2277904328018272)	(46000, 0.2277904328018272)	(48000, 0.2277904328018272)	(50000, 0.2277904328018272)	(52000, 0.2277904328018272)	(54000, 0.2277904328018272)	(56000, 0.2277904328018272)	(58000, 0.2277904328018272)	(60000, 0.2277904328018272)	(62000, 0.2277904328018272)	(64000, 0.2277904328018272)	(66000, 0.2277904328018272)	(68000, 0.2277904328018272)	(70000, 0.2277904328018272)	(72000, 0.2277904328018272)	(74000, 0.22779043280181818)																											
FAY99780_pass_barcode01_98e12ebb_5ad7f319_71 - polya	(1, 0.0)	(2, 0.0)	(3, 0.0)	(4, 0.0)	(5, 0.0)	(6, 0.0)	(7, 0.0)	(8, 0.0)	(9, 0.0)	(10, 0.0)	(2000, 0.0)	(4000, 0.23150289017340225)	(6000, 0.34682080924855235)	(8000, 0.3824855491329367)	(10000, 0.7635838150288817)	(12000, 0.8092485549132691)	(14000, 0.8092485549132691)	(16000, 0.8092485549132691)	(18000, 0.8410982658959516)	(20000, 0.9602312138728597)	(22000, 1.0404624277456989)	(24000, 1.0740462427745596)	(26000, 1.204393063583776)	(28000, 1.3505780346820682)	(30000, 1.3872832369942094)	(32000, 1.3872832369942094)	(34000, 1.4956069364161613)	(36000, 1.5324277456646798)	(38000, 1.6184971098265382)	(40000, 1.6184971098265382)	(42000, 1.6184971098265382)	(44000, 1.631213872832353)	(46000, 1.7341040462428121)	(48000, 1.8309826589595384)	(50000, 1.849710982658962)	(52000, 1.8880924855490882)	(54000, 1.965317919075096)	(56000, 1.965317919075096)	(58000, 1.965317919075096)	(60000, 1.965317919075096)	(62000, 1.965317919075096)	(64000, 1.965317919075096)	(66000, 1.965317919075096)	(68000, 1.965317919075096)	(70000, 1.965317919075096)	(72000, 1.965317919075096)	(74000, 1.965317919075096)	(76000, 1.965317919075096)	(78000, 1.965317919075096)	(80000, 1.965317919075096)	(82000, 1.965317919075096)	(84000, 1.965317919075096)	(86000, 1.965317919075096)	(88000, 1.965317919075096)	(90000, 1.965317919075096)	(92000, 2.051213872832437)	(94000, 2.0809248554913977)	(96000, 2.0809248554913977)	(98000, 2.0809248554913977)	(100000, 2.0809248554913977)	(102000, 2.0809248554913977)	(104000, 2.0809248554913977)	(106000, 2.0809248554913977)	(108000, 2.0809248554913555)										
FAY99780_pass_barcode01_98e12ebb_5ad7f319_71 - polyg	(1, 0.0)	(2, 0.0)	(3, 0.0)	(4, 0.0)	(5, 0.0)	(6, 0.0)	(7, 0.0)	(8, 0.0)	(9, 0.0)	(10, 0.0)	(2000, 0.0)	(4000, 0.0)	(6000, 0.0)	(8000, 0.0)	(10000, 0.0)	(12000, 0.0)	(14000, 0.06271676300578043)	(16000, 0.11560693641618512)	(18000, 0.11560693641618512)	(20000, 0.11560693641618512)	(22000, 0.11560693641618512)	(24000, 0.15890173410404645)	(26000, 0.23121387283237024)	(28000, 0.23121387283237024)	(30000, 0.23121387283237024)	(32000, 0.23121387283237024)	(34000, 0.23121387283237024)	(36000, 0.3352601156069329)	(38000, 0.34682080924855235)	(40000, 0.34682080924855235)	(42000, 0.34682080924855235)	(44000, 0.34682080924855235)	(46000, 0.34682080924855235)	(48000, 0.34682080924855235)	(50000, 0.34682080924855235)	(52000, 0.38878612716762295)	(54000, 0.4624277456647405)	(56000, 0.4624277456647405)	(58000, 0.4624277456647405)	(60000, 0.4624277456647405)	(62000, 0.4624277456647405)	(64000, 0.4624277456647405)	(66000, 0.4624277456647405)	(68000, 0.4624277456647405)	(70000, 0.4624277456647405)	(72000, 0.4624277456647405)	(74000, 0.4624277456647405)	(76000, 0.4624277456647405)	(78000, 0.4624277456647405)	(80000, 0.4624277456647405)	(82000, 0.4624277456647405)	(84000, 0.4624277456647405)	(86000, 0.4624277456647405)	(88000, 0.4624277456647405)	(90000, 0.4624277456647405)	(92000, 0.4624277456647405)	(94000, 0.4624277456647405)	(96000, 0.4624277456647405)	(98000, 0.4624277456647405)	(100000, 0.4624277456647405)	(102000, 0.4624277456647405)	(104000, 0.4624277456647405)	(106000, 0.4624277456647405)	(108000, 0.4624277456647405)										
FAY99780_pass_barcode01_98e12ebb_5ad7f319_72 - polya	(1, 0.0)	(2, 0.0)	(3, 0.0)	(4, 0.0)	(5, 0.0)	(6, 0.0)	(7, 0.0)	(8, 0.0)	(9, 0.0)	(10, 0.0)	(1000, 0.031134564643799597)	(2000, 0.23944591029023876)	(3000, 0.378891820580477)	(4000, 0.4178100263852264)	(5000, 0.6175461741424744)	(6000, 0.6596306068601487)	(7000, 0.7222955145118768)	(8000, 0.791556728232194)	(9000, 0.791556728232194)	(10000, 0.791556728232194)	(11000, 0.791556728232194)	(12000, 0.791556728232194)	(13000, 0.791556728232194)	(14000, 0.791556728232194)	(15000, 0.791556728232194)	(16000, 0.791556728232194)	(17000, 0.791556728232194)	(18000, 0.791556728232194)	(19000, 0.791556728232194)	(20000, 0.791556728232194)	(21000, 0.8964379947229361)	(22000, 1.032453825857525)	(23000, 1.0554089709762589)	(24000, 1.0554089709762589)	(25000, 1.1672823218997246)	(26000, 1.1873350923482746)	(27000, 1.1873350923482746)	(28000, 1.1873350923482746)	(29000, 1.1873350923482746)	(30000, 1.1873350923482746)	(31000, 1.1873350923482746)	(32000, 1.3143799472295328)	(33000, 1.3192612137202975)	(34000, 1.3192612137202975)	(35000, 1.3192612137202975)	(36000, 1.3192612137202975)	(37000, 1.3192612137202975)	(38000, 1.3192612137202975)	(39000, 1.3192612137202975)	(40000, 1.3192612137202975)	(41000, 1.3192612137202975)	(42000, 1.3192612137202975)	(43000, 1.3192612137202975)	(44000, 1.3192612137202975)	(45000, 1.3192612137202975)	(46000, 1.3192612137202975)	(47000, 1.3192612137203223)																	
FAY99780_pass_barcode01_98e12ebb_5ad7f319_72 - polyg	(1, 0.0)	(2, 0.0)	(3, 0.0)	(4, 0.0)	(5, 0.0)	(6, 0.0)	(7, 0.0)	(8, 0.0)	(9, 0.0)	(10, 0.0)	(1000, 0.0)	(2000, 0.0)	(3000, 0.0)	(4000, 0.0)	(5000, 0.0)	(6000, 0.0)	(7000, 0.0)	(8000, 0.0)	(9000, 0.0)	(10000, 0.0)	(11000, 0.0)	(12000, 0.0)	(13000, 0.0)	(14000, 0.0)	(15000, 0.0)	(16000, 0.0)	(17000, 0.0)	(18000, 0.0)	(19000, 0.0)	(20000, 0.0)	(21000, 0.0)	(22000, 0.0)	(23000, 0.0)	(24000, 0.0)	(25000, 0.0)	(26000, 0.0)	(27000, 0.0)	(28000, 0.0)	(29000, 0.0)	(30000, 0.0)	(31000, 0.0)	(32000, 0.12981530343007983)	(33000, 0.13192612137203236)	(34000, 0.13192612137203236)	(35000, 0.13192612137203236)	(36000, 0.13192612137203236)	(37000, 0.13192612137203236)	(38000, 0.13192612137203236)	(39000, 0.13192612137203236)	(40000, 0.13192612137203236)	(41000, 0.13192612137203236)	(42000, 0.13192612137203236)	(43000, 0.13192612137203236)	(44000, 0.13192612137203236)	(45000, 0.13192612137203236)	(46000, 0.13192612137203236)	(47000, 0.13192612137203233)																	
FAY99780_pass_barcode01_98e12ebb_5ad7f319_73 - polya	(1, 0.0)	(2, 0.0)	(3, 0.0)	(4, 0.0)	(5, 0.0)	(6, 0.0)	(7, 0.0)	(8, 0.0)	(9, 0.0)	(10, 0.0)	(1000, 0.0963963963963978)	(2000, 0.12870012870013084)	(3000, 0.20785070785071144)	(4000, 0.3747747747747798)	(5000, 0.5142857142857229)	(6000, 0.5148005148005234)	(7000, 0.5148005148005234)	(8000, 0.6435006435006384)	(9000, 0.6435006435006384)	(10000, 0.6435006435006384)	(11000, 0.6435006435006384)	(12000, 0.6435006435006384)	(13000, 0.7172458172458255)	(14000, 0.7722007722007826)	(15000, 0.7722007722007826)	(16000, 0.7722007722007826)	(17000, 0.8339768339768255)	(18000, 0.9858429858430022)	(19000, 1.0445302445302558)	(20000, 1.1583011583011473)	(21000, 1.1583011583011473)	(22000, 1.1981981981981904)	(23000, 1.2870012870012768)	(24000, 1.4057915057915178)	(25000, 1.4157014157014283)	(26000, 1.4157014157014283)	(27000, 1.4398970398970423)	(28000, 1.5444015444015653)	(29000, 1.5444015444015653)	(30000, 1.6522522522522378)	(31000, 1.6731016731016586)	(32000, 1.6731016731016586)	(33000, 1.6731016731016586)	(34000, 1.6731016731016586)	(35000, 1.6731016731016586)	(36000, 1.6731016731016586)	(37000, 1.6731016731016586)	(38000, 1.6817245817245636)	(39000, 1.9252252252252675)	(40000, 1.930501930501973)	(41000, 1.930501930501973)	(42000, 1.930501930501973)	(43000, 1.930501930501973)	(44000, 1.930501930501973)	(45000, 1.930501930501973)	(46000, 1.930501930501973)	(47000, 1.930501930501973)	(48000, 1.930501930501953)																
FAY99780_pass_barcode01_98e12ebb_5ad7f319_73 - polyg	(1, 0.0)	(2, 0.0)	(3, 0.0)	(4, 0.0)	(5, 0.0)	(6, 0.0)	(7, 0.0)	(8, 0.0)	(9, 0.0)	(10, 0.0)	(1000, 0.0)	(2000, 0.0)	(3000, 0.0)	(4000, 0.0)	(5000, 0.0)	(6000, 0.0)	(7000, 0.0)	(8000, 0.0862290862290874)	(9000, 0.12870012870013084)	(10000, 0.12870012870013084)	(11000, 0.12870012870013084)	(12000, 0.12870012870013084)	(13000, 0.12870012870013084)	(14000, 0.12870012870013084)	(15000, 0.12870012870013084)	(16000, 0.12870012870013084)	(17000, 0.179665379665383)	(18000, 0.2574002574002617)	(19000, 0.2574002574002617)	(20000, 0.3670527670527718)	(21000, 0.3861003861003913)	(22000, 0.3861003861003913)	(23000, 0.3917631917631971)	(24000, 0.5148005148005234)	(25000, 0.5148005148005234)	(26000, 0.5148005148005234)	(27000, 0.5148005148005234)	(28000, 0.5148005148005234)	(29000, 0.5148005148005234)	(30000, 0.5148005148005234)	(31000, 0.5148005148005234)	(32000, 0.5148005148005234)	(33000, 0.5148005148005234)	(34000, 0.5148005148005234)	(35000, 0.5148005148005234)	(36000, 0.5148005148005234)	(37000, 0.5148005148005234)	(38000, 0.5148005148005234)	(39000, 0.5148005148005234)	(40000, 0.5148005148005234)	(41000, 0.5148005148005234)	(42000, 0.5148005148005234)	(43000, 0.5148005148005234)	(44000, 0.5148005148005234)	(45000, 0.5148005148005234)	(46000, 0.5148005148005234)	(47000, 0.5148005148005234)	(48000, 0.5148005148005224)																
FAY99780_pass_barcode01_98e12ebb_5ad7f319_74 - polya	(1, 0.0)	(2, 0.0)	(3, 0.0)	(4, 0.0)	(5, 0.0)	(6, 0.0)	(7, 0.0)	(8, 0.0)	(9, 0.0)	(10, 0.0)	(1000, 0.01058823529411765)	(2000, 0.13071895424836588)	(3000, 0.13071895424836588)	(4000, 0.1841830065359471)	(5000, 0.26143790849673176)	(6000, 0.26143790849673176)	(7000, 0.26143790849673176)	(8000, 0.26143790849673176)	(9000, 0.2837908496732021)	(10000, 0.3921568627450964)	(11000, 0.5899346405228778)	(12000, 0.9010457516339958)	(13000, 1.1294117647058681)	(14000, 1.1764705882352855)	(15000, 1.2403921568627563)	(16000, 1.3071895424836784)	(17000, 1.4296732026143641)	(18000, 1.4379084967320108)	(19000, 1.4643137254901721)	(20000, 1.5686274509803857)	(21000, 1.5686274509803857)	(22000, 1.5686274509803857)	(23000, 1.5686274509803857)	(24000, 1.5686274509803857)	(25000, 1.5686274509803857)	(26000, 1.5686274509803857)	(27000, 1.5686274509803857)	(28000, 1.5686274509803857)	(29000, 1.5686274509803857)	(30000, 1.5686274509803857)	(31000, 1.5686274509803857)	(32000, 1.5686274509803857)	(33000, 1.6101960784313523)	(34000, 1.6993464052287202)	(35000, 1.6993464052287202)	(36000, 1.6993464052287202)	(37000, 1.6993464052287202)	(38000, 1.6993464052287202)	(39000, 1.6993464052287202)	(40000, 1.6993464052287202)	(41000, 1.6993464052287202)	(42000, 1.6993464052287202)	(43000, 1.6993464052287202)	(44000, 1.6993464052287202)	(45000, 1.6993464052287202)	(46000, 1.6993464052287202)	(47000, 1.6993464052287202)	(48000, 1.6993464052287202)	(49000, 1.6993464052287202)	(50000, 1.6993464052287202)	(51000, 1.6993464052287202)	(52000, 1.6993464052287226)												
FAY99780_pass_barcode01_98e12ebb_5ad7f319_74 - polyg	(1, 0.0)	(2, 0.0)	(3, 0.0)	(4, 0.0)	(5, 0.0)	(6, 0.0)	(7, 0.0)	(8, 0.0)	(9, 0.0)	(10, 0.0)	(1000, 0.0)	(2000, 0.0)	(3000, 0.0)	(4000, 0.0)	(5000, 0.0)	(6000, 0.0)	(7000, 0.0)	(8000, 0.0)	(9000, 0.0)	(10000, 0.0)	(11000, 0.0)	(12000, 0.0)	(13000, 0.0)	(14000, 0.0)	(15000, 0.0)	(16000, 0.0)	(17000, 0.0)	(18000, 0.0)	(19000, 0.0)	(20000, 0.0)	(21000, 0.0)	(22000, 0.0)	(23000, 0.0)	(24000, 0.0)	(25000, 0.0)	(26000, 0.0)	(27000, 0.0)	(28000, 0.0)	(29000, 0.0)	(30000, 0.0)	(31000, 0.0)	(32000, 0.0)	(33000, 0.0328104575163398)	(34000, 0.13071895424836588)	(35000, 0.13071895424836588)	(36000, 0.13071895424836588)	(37000, 0.13071895424836588)	(38000, 0.13071895424836588)	(39000, 0.13071895424836588)	(40000, 0.13071895424836588)	(41000, 0.13071895424836588)	(42000, 0.13071895424836588)	(43000, 0.13071895424836588)	(44000, 0.13071895424836588)	(45000, 0.13071895424836588)	(46000, 0.13071895424836588)	(47000, 0.13071895424836588)	(48000, 0.13071895424836588)	(49000, 0.13071895424836588)	(50000, 0.13071895424836588)	(51000, 0.13071895424836588)	(52000, 0.1307189542483656)												
FAY99780_pass_barcode01_98e12ebb_5ad7f319_75 - polya	(1, 0.0)	(2, 0.0)	(3, 0.0)	(4, 0.0)	(5, 0.0)	(6, 0.0)	(7, 0.0)	(8, 0.0)	(9, 0.0)	(10, 0.13503536640549094)	(2000, 0.1579778830963679)	(4000, 0.1579778830963679)	(6000, 0.1579778830963679)	(8000, 0.286018957345974)	(10000, 0.47393364928908077)	(12000, 0.47393364928908077)	(14000, 0.5319905213270277)	(16000, 0.6319115323854716)	(18000, 0.6319115323854716)	(20000, 0.6319115323854716)	(22000, 0.6319115323854716)	(24000, 0.6433649289099652)	(26000, 0.9303317535544672)	(28000, 0.9478672985781615)	(30000, 1.0815955766192626)	(32000, 1.1550552922590922)	(34000, 1.2638230647709432)	(36000, 1.2638230647709432)	(38000, 1.3062401263823258)	(40000, 1.4218009478672762)	(42000, 1.5310426540284756)	(44000, 1.5797788309637044)	(46000, 1.5797788309637044)	(48000, 1.5797788309637044)	(50000, 1.5797788309637044)	(52000, 1.5797788309637044)	(54000, 1.5797788309637044)	(56000, 1.5797788309637044)	(58000, 1.5797788309637044)	(60000, 1.5797788309637044)	(62000, 1.5797788309637044)	(64000, 1.5797788309637044)	(66000, 1.5797788309637044)	(68000, 1.5797788309637044)	(70000, 1.5797788309637044)	(72000, 1.5797788309637044)	(74000, 1.5797788309637044)	(76000, 1.5797788309637044)	(78000, 1.5797788309637044)	(80000, 1.5797788309637044)	(82000, 1.5797788309637044)	(84000, 1.5797788309637044)	(86000, 1.5797788309636718)																					
FAY99780_pass_barcode01_98e12ebb_5ad7f319_75 - polyg	(1, 0.0)	(2, 0.0)	(3, 0.0)	(4, 0.0)	(5, 0.0)	(6, 0.0)	(7, 0.0)	(8, 0.0)	(9, 0.0)	(10, 0.0)	(2000, 0.0)	(4000, 0.0)	(6000, 0.0)	(8000, 0.040758293838862196)	(10000, 0.1579778830963679)	(12000, 0.1579778830963679)	(14000, 0.1579778830963679)	(16000, 0.1579778830963679)	(18000, 0.1579778830963679)	(20000, 0.1579778830963679)	(22000, 0.1579778830963679)	(24000, 0.1579778830963679)	(26000, 0.3076619273301774)	(28000, 0.3159557661927358)	(30000, 0.3159557661927358)	(32000, 0.3159557661927358)	(34000, 0.3159557661927358)	(36000, 0.3159557661927358)	(38000, 0.3159557661927358)	(40000, 0.3159557661927358)	(42000, 0.3159557661927358)	(44000, 0.3159557661927358)	(46000, 0.3159557661927358)	(48000, 0.3159557661927358)	(50000, 0.3159557661927358)	(52000, 0.3159557661927358)	(54000, 0.3159557661927358)	(56000, 0.3159557661927358)	(58000, 0.3159557661927358)	(60000, 0.3159557661927358)	(62000, 0.3159557661927358)	(64000, 0.3159557661927358)	(66000, 0.3159557661927358)	(68000, 0.3159557661927358)	(70000, 0.3159557661927358)	(72000, 0.3159557661927358)	(74000, 0.3159557661927358)	(76000, 0.3159557661927358)	(78000, 0.3159557661927358)	(80000, 0.3159557661927358)	(82000, 0.3159557661927358)	(84000, 0.3159557661927358)	(86000, 0.31595576619273086)																					
FAY99780_pass_barcode01_98e12ebb_5ad7f319_76 - polya	(1, 0.0)	(2, 0.0)	(3, 0.0)	(4, 0.0)	(5, 0.0)	(6, 0.0)	(7, 0.0)	(8, 0.0)	(9, 0.0)	(10, 0.0)	(1000, 0.0)	(2000, 0.0)	(3000, 0.0)	(4000, 0.0)	(5000, 0.0)	(6000, 0.0)	(7000, 0.0)	(8000, 0.0)	(9000, 0.0)	(10000, 0.0)	(11000, 0.0)	(12000, 0.0)	(13000, 0.0)	(14000, 0.0)	(15000, 0.04310776942355903)	(16000, 0.12531328320801838)	(17000, 0.12531328320801838)	(18000, 0.12531328320801838)	(19000, 0.12531328320801838)	(20000, 0.12531328320801838)	(21000, 0.12531328320801838)	(22000, 0.12531328320801838)	(23000, 0.12531328320801838)	(24000, 0.12531328320801838)	(25000, 0.12531328320801838)	(26000, 0.12531328320801838)	(27000, 0.13947368421052508)	(28000, 0.25062656641603676)	(29000, 0.25062656641603676)	(30000, 0.25062656641603676)	(31000, 0.25062656641603676)	(32000, 0.25062656641603676)	(33000, 0.25062656641603676)	(34000, 0.25062656641603676)	(35000, 0.25062656641603676)	(36000, 0.25062656641603676)	(37000, 0.25062656641603676)	(38000, 0.25062656641603676)	(39000, 0.25062656641603676)	(40000, 0.25062656641603676)	(41000, 0.25062656641603676)	(42000, 0.25062656641603676)	(43000, 0.25062656641603676)	(44000, 0.25062656641603676)	(45000, 0.25062656641603676)	(46000, 0.25062656641603676)	(47000, 0.25062656641603676)	(48000, 0.25062656641603676)	(49000, 0.25062656641603676)	(50000, 0.25062656641603676)	(51000, 0.25062656641603975)													
FAY99780_pass_barcode01_98e12ebb_5ad7f319_77 - polya	(1, 0.0)	(2, 0.0)	(3, 0.0)	(4, 0.0)	(5, 0.0)	(6, 0.0)	(7, 0.0)	(8, 0.0)	(9, 0.0)	(10, 0.05866983927030194)	(1000, 0.26027713625866417)	(2000, 0.4618937644341901)	(3000, 0.4618937644341901)	(4000, 0.4618937644341901)	(5000, 0.4618937644341901)	(6000, 0.4618937644341901)	(7000, 0.5685912240184678)	(8000, 0.6019630484988366)	(9000, 0.6928406466512677)	(10000, 0.7581986143187222)	(11000, 0.8083140877598324)	(12000, 0.8083140877598324)	(13000, 0.8083140877598324)	(14000, 0.8083140877598324)	(15000, 0.8083140877598324)	(16000, 0.8083140877598324)	(17000, 0.837297921478071)	(18000, 0.9735565819861525)	(19000, 1.077598152424937)	(20000, 1.1547344110854343)	(21000, 1.2064665127020675)	(22000, 1.375519630484984)	(23000, 1.3856812933025353)	(24000, 1.3856812933025353)	(25000, 1.3856812933025353)	(26000, 1.3856812933025353)	(27000, 1.3856812933025353)	(28000, 1.3856812933025353)	(29000, 1.3856812933025353)	(30000, 1.3856812933025353)	(31000, 1.3856812933025353)	(32000, 1.3856812933025353)	(33000, 1.419399538106253)	(34000, 1.5011547344110985)	(35000, 1.5011547344110985)	(36000, 1.5011547344110985)	(37000, 1.5011547344110985)	(38000, 1.5011547344110985)	(39000, 1.5011547344110985)	(40000, 1.5011547344110985)	(41000, 1.5011547344110985)	(42000, 1.5011547344110985)	(43000, 1.6057736720554607)	(44000, 1.6166281755196648)	(45000, 1.6166281755196648)	(46000, 1.6166281755196648)	(47000, 1.6166281755196648)	(48000, 1.6166281755196648)	(49000, 1.6166281755196648)	(50000, 1.6166281755196648)	(51000, 1.6166281755196648)	(52000, 1.6166281755196648)	(53000, 1.6166281755196648)	(54000, 1.6166281755196255)										
FAY99780_pass_barcode01_98e12ebb_5ad7f319_77 - polyg	(1, 0.0)	(2, 0.0)	(3, 0.0)	(4, 0.0)	(5, 0.0)	(6, 0.0)	(7, 0.0)	(8, 0.0)	(9, 0.0)	(10, 0.0)	(1000, 0.0)	(2000, 0.0)	(3000, 0.0)	(4000, 0.0)	(5000, 0.0)	(6000, 0.0)	(7000, 0.0)	(8000, 0.0)	(9000, 0.0)	(10000, 0.0)	(11000, 0.0)	(12000, 0.0)	(13000, 0.0)	(14000, 0.0)	(15000, 0.0)	(16000, 0.0)	(17000, 0.0)	(18000, 0.0)	(19000, 0.012817551963048492)	(20000, 0.11547344110854753)	(21000, 0.11547344110854753)	(22000, 0.18695150115473846)	(23000, 0.23094688221709506)	(24000, 0.23094688221709506)	(25000, 0.23094688221709506)	(26000, 0.23094688221709506)	(27000, 0.23094688221709506)	(28000, 0.23094688221709506)	(29000, 0.23094688221709506)	(30000, 0.23094688221709506)	(31000, 0.23094688221709506)	(32000, 0.23094688221709506)	(33000, 0.25727482678984404)	(34000, 0.3464203233256338)	(35000, 0.3464203233256338)	(36000, 0.3464203233256338)	(37000, 0.3464203233256338)	(38000, 0.3464203233256338)	(39000, 0.3464203233256338)	(40000, 0.3464203233256338)	(41000, 0.3464203233256338)	(42000, 0.3464203233256338)	(43000, 0.3464203233256338)	(44000, 0.3464203233256338)	(45000, 0.3464203233256338)	(46000, 0.3464203233256338)	(47000, 0.3464203233256338)	(48000, 0.3464203233256338)	(49000, 0.3464203233256338)	(50000, 0.3464203233256338)	(51000, 0.3464203233256338)	(52000, 0.3464203233256338)	(53000, 0.3464203233256338)	(54000, 0.346420323325635)										
FAY99780_pass_barcode01_98e12ebb_5ad7f319_78 - polya	(1, 0.0)	(2, 0.0)	(3, 0.0)	(4, 0.0)	(5, 0.0)	(6, 0.0)	(7, 0.0)	(8, 0.0)	(9, 0.0)	(10, 0.17587939698492167)	(2000, 0.46503232758619456)	(4000, 0.7656788793103443)	(6000, 0.8620689655172228)	(8000, 0.9488685344827874)	(10000, 1.0226831896551467)	(12000, 1.2658405172413456)	(14000, 1.4008620689655487)	(16000, 1.4272090517241962)	(18000, 1.5086206896552004)	(20000, 1.5086206896552004)	(22000, 1.5086206896552004)	(24000, 1.576293103448222)	(26000, 1.6203124999999665)	(28000, 1.7457974137930883)	(30000, 1.8318965517241772)	(32000, 1.8318965517241772)	(34000, 1.8318965517241772)	(36000, 1.8318965517241772)	(38000, 1.9959590517240449)	(40000, 2.047413793103368)	(42000, 2.1336745689654806)	(44000, 2.201293103448266)	(46000, 2.262931034482785)	(48000, 2.282165948275863)	(50000, 2.3706896551724177)	(52000, 2.3706896551724177)	(54000, 2.3706896551724177)	(56000, 2.3706896551724177)	(58000, 2.3706896551724177)	(60000, 2.4672952586206565)	(62000, 2.4784482758620365)	(64000, 2.4784482758620365)	(66000, 2.5341056034482214)	(68000, 2.5862068965516514)	(70000, 2.5862068965516514)	(72000, 2.5862068965516514)	(74000, 2.5862068965516514)	(76000, 2.5862068965516514)	(78000, 2.5862068965516514)	(80000, 2.5862068965516514)	(82000, 2.5862068965516514)	(84000, 2.5862068965516514)	(86000, 2.5862068965516514)	(88000, 2.5862068965516514)	(90000, 2.5862068965516514)	(92000, 2.5862068965516514)	(94000, 2.586206896551728)																	
FAY99780_pass_barcode01_98e12ebb_5ad7f319_78 - polyg	(1, 0.0)	(2, 0.0)	(3, 0.0)	(4, 0.0)	(5, 0.0)	(6, 0.0)	(7, 0.0)	(8, 0.0)	(9, 0.0)	(10, 0.0)	(2000, 0.0)	(4000, 0.0)	(6000, 0.0)	(8000, 0.0)	(10000, 0.06691810344827502)	(12000, 0.10775862068965285)	(14000, 0.17015086206896213)	(16000, 0.2155172413793057)	(18000, 0.2155172413793057)	(20000, 0.2155172413793057)	(22000, 0.2155172413793057)	(24000, 0.2155172413793057)	(26000, 0.2155172413793057)	(28000, 0.2155172413793057)	(30000, 0.2155172413793057)	(32000, 0.2155172413793057)	(34000, 0.2155172413793057)	(36000, 0.2155172413793057)	(38000, 0.2155172413793057)	(40000, 0.2155172413793057)	(42000, 0.2155172413793057)	(44000, 0.2155172413793057)	(46000, 0.2155172413793057)	(48000, 0.2155172413793057)	(50000, 0.2155172413793057)	(52000, 0.2155172413793057)	(54000, 0.2155172413793057)	(56000, 0.2155172413793057)	(58000, 0.2155172413793057)	(60000, 0.2155172413793057)	(62000, 0.2155172413793057)	(64000, 0.2155172413793057)	(66000, 0.2155172413793057)	(68000, 0.2155172413793057)	(70000, 0.2155172413793057)	(72000, 0.2155172413793057)	(74000, 0.2155172413793057)	(76000, 0.2155172413793057)	(78000, 0.2155172413793057)	(80000, 0.2155172413793057)	(82000, 0.2155172413793057)	(84000, 0.2155172413793057)	(86000, 0.2155172413793057)	(88000, 0.2155172413793057)	(90000, 0.2155172413793057)	(92000, 0.2155172413793057)	(94000, 0.21551724137930983)																	
FAY99780_pass_barcode01_98e12ebb_5ad7f319_79 - polya	(1, 0.0)	(2, 0.0)	(3, 0.0)	(4, 0.0)	(5, 0.0)	(6, 0.0)	(7, 0.0)	(8, 0.0)	(9, 0.0)	(10, 0.0)	(1000, 0.04825)	(2000, 0.324625)	(3000, 0.375)	(4000, 0.4585)	(5000, 0.520375)	(6000, 0.70825)	(7000, 0.75)	(8000, 0.750875)	(9000, 0.875)	(10000, 0.875)	(11000, 0.875)	(12000, 0.875)	(13000, 0.875)	(14000, 0.875)	(15000, 0.875)	(16000, 0.875)	(17000, 0.875)	(18000, 0.875)	(19000, 0.875)	(20000, 0.900875)	(21000, 1.0)	(22000, 1.0)	(23000, 1.133875)	(24000, 1.25)	(25000, 1.25)	(26000, 1.25)	(27000, 1.25)	(28000, 1.25)	(29000, 1.3405)	(30000, 1.419625)	(31000, 1.517)	(32000, 1.625)	(33000, 1.625)	(34000, 1.625)	(35000, 1.625)	(36000, 1.625)	(37000, 1.625)	(38000, 1.625)	(39000, 1.625)	(40000, 1.625)	(41000, 1.625)	(42000, 1.625)	(43000, 1.625)	(44000, 1.733625)	(45000, 1.75)	(46000, 1.75)	(47000, 1.75)	(48000, 1.75)	(49000, 1.75)	(50000, 1.75)	(51000, 1.75)	(52000, 1.75)												
FAY99780_pass_barcode01_98e12ebb_5ad7f319_8 - polya	(1, 0.0)	(2, 0.0)	(3, 0.0)	(4, 0.0)	(5, 0.0)	(6, 0.0)	(7, 0.0)	(8, 0.0)	(9, 0.0)	(10, 0.19968450205573926)	(2000, 0.38259943181818623)	(4000, 0.4971590909090999)	(6000, 0.5333451704545566)	(8000, 0.6392045454545227)	(10000, 0.7184303977272625)	(12000, 0.8050426136363705)	(14000, 0.8522727272727444)	(16000, 0.8996448863636674)	(18000, 1.0236860795454834)	(20000, 1.153480113636394)	(22000, 1.2784090909090453)	(24000, 1.2784090909090453)	(26000, 1.2784090909090453)	(28000, 1.2784090909090453)	(30000, 1.2784090909090453)	(32000, 1.2784090909090453)	(34000, 1.2784090909090453)	(36000, 1.2784090909090453)	(38000, 1.2784090909090453)	(40000, 1.2784090909090453)	(42000, 1.2834517045454266)	(44000, 1.3494318181818434)	(46000, 1.3494318181818434)	(48000, 1.3494318181818434)	(50000, 1.3494318181818434)	(52000, 1.3494318181818434)	(54000, 1.3494318181818434)	(56000, 1.3494318181818434)	(58000, 1.3494318181818434)	(60000, 1.3494318181818434)	(62000, 1.3494318181818434)	(64000, 1.3494318181818434)	(66000, 1.3494318181818434)	(68000, 1.3494318181818434)	(70000, 1.3494318181818172)																													
FAY99780_pass_barcode01_98e12ebb_5ad7f319_8 - polyg	(1, 0.0)	(2, 0.0)	(3, 0.0)	(4, 0.0)	(5, 0.0)	(6, 0.0)	(7, 0.0)	(8, 0.0)	(9, 0.0)	(10, 0.07005910232983302)	(2000, 0.11328125000000394)	(4000, 0.14204545454545833)	(6000, 0.14204545454545833)	(8000, 0.14204545454545833)	(10000, 0.14204545454545833)	(12000, 0.14204545454545833)	(14000, 0.14204545454545833)	(16000, 0.14204545454545833)	(18000, 0.17024147727273078)	(20000, 0.2130681818181861)	(22000, 0.2130681818181861)	(24000, 0.2130681818181861)	(26000, 0.2130681818181861)	(28000, 0.2130681818181861)	(30000, 0.2130681818181861)	(32000, 0.2130681818181861)	(34000, 0.2130681818181861)	(36000, 0.2130681818181861)	(38000, 0.2130681818181861)	(40000, 0.2130681818181861)	(42000, 0.2130681818181861)	(44000, 0.2130681818181861)	(46000, 0.2130681818181861)	(48000, 0.2130681818181861)	(50000, 0.2130681818181861)	(52000, 0.2130681818181861)	(54000, 0.2130681818181861)	(56000, 0.2130681818181861)	(58000, 0.2130681818181861)	(60000, 0.2130681818181861)	(62000, 0.2130681818181861)	(64000, 0.2130681818181861)	(66000, 0.2130681818181861)	(68000, 0.2130681818181861)	(70000, 0.21306818181818168)																													
FAY99780_pass_barcode01_98e12ebb_5ad7f319_80 - polya	(1, 0.0)	(2, 0.0)	(3, 0.0)	(4, 0.0)	(5, 0.0)	(6, 0.0)	(7, 0.0)	(8, 0.0)	(9, 0.0)	(10, 0.21182009930748116)	(2000, 0.356718192627826)	(4000, 0.356718192627826)	(6000, 0.5466111771700362)	(8000, 0.6905469678953678)	(10000, 0.713436385255652)	(12000, 0.8138525564803879)	(14000, 0.8323424494649307)	(16000, 1.0714625445897636)	(18000, 1.1890606420927612)	(20000, 1.2434601664685028)	(22000, 1.3300832342449522)	(24000, 1.426872770511304)	(26000, 1.426872770511304)	(28000, 1.426872770511304)	(30000, 1.426872770511304)	(32000, 1.426872770511304)	(34000, 1.426872770511304)	(36000, 1.426872770511304)	(38000, 1.426872770511304)	(40000, 1.426872770511304)	(42000, 1.426872770511304)	(44000, 1.426872770511304)	(46000, 1.426872770511304)	(48000, 1.426872770511304)	(50000, 1.426872770511304)	(52000, 1.426872770511304)	(54000, 1.426872770511304)	(56000, 1.426872770511304)	(58000, 1.426872770511304)	(60000, 1.426872770511304)	(62000, 1.426872770511304)	(64000, 1.426872770511304)	(66000, 1.426872770511304)	(68000, 1.426872770511304)	(70000, 1.426872770511304)	(72000, 1.426872770511304)	(74000, 1.5123067776456967)	(76000, 1.545778834720608)	(78000, 1.545778834720608)	(80000, 1.545778834720608)	(82000, 1.545778834720608)	(84000, 1.545778834720608)	(86000, 1.545778834720608)	(88000, 1.545778834720608)	(90000, 1.545778834720608)	(92000, 1.545778834720608)	(94000, 1.545778834720608)	(96000, 1.545778834720608)	(98000, 1.545778834720608)	(100000, 1.545778834720608)	(102000, 1.545778834720608)	(104000, 1.545778834720608)	(106000, 1.545778834720608)	(108000, 1.545778834720608)	(110000, 1.545778834720608)	(112000, 1.545778834720608)	(114000, 1.545778834720608)	(116000, 1.5457788347205517)						
FAY99780_pass_barcode01_98e12ebb_5ad7f319_80 - polyg	(1, 0.0)	(2, 0.0)	(3, 0.0)	(4, 0.0)	(5, 0.0)	(6, 0.0)	(7, 0.0)	(8, 0.0)	(9, 0.0)	(10, 0.0)	(2000, 0.0)	(4000, 0.0)	(6000, 0.0)	(8000, 0.0)	(10000, 0.0)	(12000, 0.08864447086801515)	(14000, 0.11890606420927795)	(16000, 0.1707491082045185)	(18000, 0.2378121284185559)	(20000, 0.301307966706307)	(22000, 0.356718192627826)	(24000, 0.356718192627826)	(26000, 0.356718192627826)	(28000, 0.356718192627826)	(30000, 0.356718192627826)	(32000, 0.356718192627826)	(34000, 0.356718192627826)	(36000, 0.356718192627826)	(38000, 0.356718192627826)	(40000, 0.356718192627826)	(42000, 0.356718192627826)	(44000, 0.356718192627826)	(46000, 0.356718192627826)	(48000, 0.356718192627826)	(50000, 0.356718192627826)	(52000, 0.356718192627826)	(54000, 0.356718192627826)	(56000, 0.356718192627826)	(58000, 0.356718192627826)	(60000, 0.356718192627826)	(62000, 0.356718192627826)	(64000, 0.356718192627826)	(66000, 0.356718192627826)	(68000, 0.356718192627826)	(70000, 0.356718192627826)	(72000, 0.356718192627826)	(74000, 0.356718192627826)	(76000, 0.356718192627826)	(78000, 0.356718192627826)	(80000, 0.356718192627826)	(82000, 0.356718192627826)	(84000, 0.356718192627826)	(86000, 0.356718192627826)	(88000, 0.356718192627826)	(90000, 0.356718192627826)	(92000, 0.356718192627826)	(94000, 0.356718192627826)	(96000, 0.356718192627826)	(98000, 0.356718192627826)	(100000, 0.356718192627826)	(102000, 0.356718192627826)	(104000, 0.356718192627826)	(106000, 0.356718192627826)	(108000, 0.356718192627826)	(110000, 0.356718192627826)	(112000, 0.356718192627826)	(114000, 0.356718192627826)	(116000, 0.35671819262782384)						
FAY99780_pass_barcode01_98e12ebb_5ad7f319_81 - polya	(1, 0.0)	(2, 0.0)	(3, 0.0)	(4, 0.0)	(5, 0.0)	(6, 0.0)	(7, 0.0)	(8, 0.0)	(9, 0.0)	(10, 0.0)	(1000, 0.0)	(2000, 0.0)	(3000, 0.0)	(4000, 0.0)	(5000, 0.07926509186351642)	(6000, 0.2576115485564281)	(7000, 0.2624671916010475)	(8000, 0.3927821522309777)	(9000, 0.3937007874015814)	(10000, 0.3937007874015814)	(11000, 0.3937007874015814)	(12000, 0.3937007874015814)	(13000, 0.3937007874015814)	(14000, 0.3937007874015814)	(15000, 0.3937007874015814)	(16000, 0.3937007874015814)	(17000, 0.3937007874015814)	(18000, 0.48254593175852584)	(19000, 0.524934383202095)	(20000, 0.524934383202095)	(21000, 0.524934383202095)	(22000, 0.524934383202095)	(23000, 0.524934383202095)	(24000, 0.524934383202095)	(25000, 0.524934383202095)	(26000, 0.524934383202095)	(27000, 0.5719160104986873)	(28000, 0.6561679790026231)	(29000, 0.6561679790026231)	(30000, 0.6561679790026231)	(31000, 0.6561679790026231)	(32000, 0.6561679790026231)	(33000, 0.6561679790026231)	(34000, 0.6561679790026231)	(35000, 0.6561679790026231)	(36000, 0.6561679790026231)	(37000, 0.8342519685039435)	(38000, 0.9186351706036867)	(39000, 0.9186351706036867)	(40000, 0.9186351706036867)	(41000, 0.9186351706036867)	(42000, 0.9186351706036867)	(43000, 0.9186351706036867)	(44000, 0.9186351706036867)	(45000, 0.9186351706036867)	(46000, 0.9186351706036867)	(47000, 0.9186351706036867)	(48000, 0.9186351706036867)	(49000, 0.9186351706036745)															
FAY99780_pass_barcode01_98e12ebb_5ad7f319_81 - polyg	(1, 0.0)	(2, 0.0)	(3, 0.0)	(4, 0.0)	(5, 0.0)	(6, 0.0)	(7, 0.0)	(8, 0.0)	(9, 0.0)	(10, 0.0)	(1000, 0.0)	(2000, 0.0)	(3000, 0.10406824146981536)	(4000, 0.13123359580052374)	(5000, 0.13123359580052374)	(6000, 0.25249343832020765)	(7000, 0.2624671916010475)	(8000, 0.2624671916010475)	(9000, 0.2624671916010475)	(10000, 0.2624671916010475)	(11000, 0.2624671916010475)	(12000, 0.2624671916010475)	(13000, 0.2624671916010475)	(14000, 0.2624671916010475)	(15000, 0.2624671916010475)	(16000, 0.2624671916010475)	(17000, 0.2624671916010475)	(18000, 0.2624671916010475)	(19000, 0.2624671916010475)	(20000, 0.2624671916010475)	(21000, 0.2624671916010475)	(22000, 0.2624671916010475)	(23000, 0.2624671916010475)	(24000, 0.2624671916010475)	(25000, 0.2624671916010475)	(26000, 0.2624671916010475)	(27000, 0.2624671916010475)	(28000, 0.2624671916010475)	(29000, 0.2624671916010475)	(30000, 0.2624671916010475)	(31000, 0.2624671916010475)	(32000, 0.2624671916010475)	(33000, 0.2624671916010475)	(34000, 0.2624671916010475)	(35000, 0.2624671916010475)	(36000, 0.2624671916010475)	(37000, 0.2624671916010475)	(38000, 0.2624671916010475)	(39000, 0.2624671916010475)	(40000, 0.2624671916010475)	(41000, 0.2624671916010475)	(42000, 0.2624671916010475)	(43000, 0.2624671916010475)	(44000, 0.2624671916010475)	(45000, 0.2624671916010475)	(46000, 0.2624671916010475)	(47000, 0.2624671916010475)	(48000, 0.2624671916010475)	(49000, 0.26246719160104987)															
FAY99780_pass_barcode01_98e12ebb_5ad7f319_82 - polya	(1, 0.0)	(2, 0.0)	(3, 0.0)	(4, 0.0)	(5, 0.0)	(6, 0.0)	(7, 0.0)	(8, 0.0)	(9, 0.0)	(10, 0.002022730433243575)	(1000, 0.24380475594492518)	(2000, 0.25031289111388605)	(3000, 0.25031289111388605)	(4000, 0.2627033792240258)	(5000, 0.46846057571963795)	(6000, 0.5006257822277721)	(7000, 0.5006257822277721)	(8000, 0.5697121401752165)	(9000, 0.625782227784726)	(10000, 0.625782227784726)	(11000, 0.625782227784726)	(12000, 0.625782227784726)	(13000, 0.7252816020025106)	(14000, 0.7509386733416857)	(15000, 0.7509386733416857)	(16000, 0.7509386733416857)	(17000, 0.7509386733416857)	(18000, 0.7509386733416857)	(19000, 0.7509386733416857)	(20000, 0.7509386733416857)	(21000, 0.7509386733416857)	(22000, 0.7994993742177858)	(23000, 0.9380475594492858)	(24000, 1.109511889862316)	(25000, 1.1264080100125027)	(26000, 1.141051314142668)	(27000, 1.251564455569452)	(28000, 1.251564455569452)	(29000, 1.251564455569452)	(30000, 1.251564455569452)	(31000, 1.251564455569452)	(32000, 1.2967459324155175)	(33000, 1.3767209011264174)	(34000, 1.3767209011264174)	(35000, 1.3767209011264174)	(36000, 1.3767209011264174)	(37000, 1.3767209011264174)	(38000, 1.3767209011264174)	(39000, 1.3767209011264174)	(40000, 1.3767209011264174)	(41000, 1.3767209011264174)	(42000, 1.3767209011264174)	(43000, 1.3767209011264174)	(44000, 1.3767209011264174)	(45000, 1.3767209011264174)	(46000, 1.3767209011264174)	(47000, 1.3767209011264174)	(48000, 1.3767209011264174)	(49000, 1.376720901126415)															
FAY99780_pass_barcode01_98e12ebb_5ad7f319_82 - polyg	(1, 0.0)	(2, 0.0)	(3, 0.0)	(4, 0.0)	(5, 0.0)	(6, 0.0)	(7, 0.0)	(8, 0.0)	(9, 0.0)	(10, 0.0)	(1000, 0.0)	(2000, 0.0)	(3000, 0.0)	(4000, 0.0)	(5000, 0.0)	(6000, 0.0)	(7000, 0.0)	(8000, 0.03091364205256577)	(9000, 0.12515644555694302)	(10000, 0.12515644555694302)	(11000, 0.12515644555694302)	(12000, 0.12515644555694302)	(13000, 0.12515644555694302)	(14000, 0.12515644555694302)	(15000, 0.12515644555694302)	(16000, 0.12515644555694302)	(17000, 0.12515644555694302)	(18000, 0.12515644555694302)	(19000, 0.12515644555694302)	(20000, 0.12515644555694302)	(21000, 0.12515644555694302)	(22000, 0.12515644555694302)	(23000, 0.21314142678347972)	(24000, 0.37546933667084287)	(25000, 0.37546933667084287)	(26000, 0.37546933667084287)	(27000, 0.37546933667084287)	(28000, 0.37546933667084287)	(29000, 0.37546933667084287)	(30000, 0.37546933667084287)	(31000, 0.37546933667084287)	(32000, 0.37546933667084287)	(33000, 0.37546933667084287)	(34000, 0.37546933667084287)	(35000, 0.37546933667084287)	(36000, 0.37546933667084287)	(37000, 0.37546933667084287)	(38000, 0.37546933667084287)	(39000, 0.37546933667084287)	(40000, 0.37546933667084287)	(41000, 0.37546933667084287)	(42000, 0.37546933667084287)	(43000, 0.37546933667084287)	(44000, 0.37546933667084287)	(45000, 0.37546933667084287)	(46000, 0.37546933667084287)	(47000, 0.37546933667084287)	(48000, 0.37546933667084287)	(49000, 0.37546933667083615)															
FAY99780_pass_barcode01_98e12ebb_5ad7f319_83 - polya	(1, 0.0)	(2, 0.0)	(3, 0.0)	(4, 0.0)	(5, 0.0)	(6, 0.0)	(7, 0.0)	(8, 0.0)	(9, 0.0)	(10, 0.23833121779601005)	(2000, 0.3998846597462629)	(4000, 0.4613610149942515)	(6000, 0.7283737024221476)	(8000, 1.0046712802767999)	(10000, 1.038062283737005)	(12000, 1.038062283737005)	(14000, 1.1859284890427035)	(16000, 1.2908304498269991)	(18000, 1.3840830449826513)	(20000, 1.3840830449826513)	(22000, 1.5832756632065026)	(24000, 1.6147635524798625)	(26000, 1.6147635524798625)	(28000, 1.6147635524798625)	(30000, 1.768454440599834)	(32000, 1.845444059977006)	(34000, 1.898212226066899)	(36000, 2.07612456747401)	(38000, 2.07612456747401)	(40000, 2.07612456747401)	(42000, 2.07612456747401)	(44000, 2.07612456747401)	(46000, 2.07612456747401)	(48000, 2.07612456747401)	(50000, 2.07612456747401)	(52000, 2.07612456747401)	(54000, 2.07612456747401)	(56000, 2.07612456747401)	(58000, 2.07612456747401)	(60000, 2.07612456747401)	(62000, 2.1317762399078153)	(64000, 2.191464821222651)	(66000, 2.191464821222651)	(68000, 2.191464821222651)	(70000, 2.191464821222651)	(72000, 2.191464821222651)	(74000, 2.191464821222651)	(76000, 2.191464821222651)	(78000, 2.191464821222651)	(80000, 2.191464821222651)	(82000, 2.191464821222651)	(84000, 2.191464821222651)	(86000, 2.191464821222651)	(88000, 2.191464821222651)	(90000, 2.191464821222651)	(92000, 2.191464821222651)	(94000, 2.191464821222651)	(96000, 2.191464821222651)	(98000, 2.191464821222651)	(100000, 2.191464821222651)	(102000, 2.191464821222651)	(104000, 2.191464821222612)												
FAY99780_pass_barcode01_98e12ebb_5ad7f319_83 - polyg	(1, 0.0)	(2, 0.0)	(3, 0.0)	(4, 0.0)	(5, 0.0)	(6, 0.0)	(7, 0.0)	(8, 0.0)	(9, 0.0)	(10, 0.0)	(2000, 0.0)	(4000, 0.0)	(6000, 0.0)	(8000, 0.09982698961938016)	(10000, 0.11534025374856287)	(12000, 0.11534025374856287)	(14000, 0.19694348327566852)	(16000, 0.250057670126876)	(18000, 0.34602076124566283)	(20000, 0.34602076124566283)	(22000, 0.34602076124566283)	(24000, 0.34602076124566283)	(26000, 0.34602076124566283)	(28000, 0.34602076124566283)	(30000, 0.40069204152250304)	(32000, 0.4613610149942515)	(34000, 0.4613610149942515)	(36000, 0.4613610149942515)	(38000, 0.4613610149942515)	(40000, 0.4613610149942515)	(42000, 0.4613610149942515)	(44000, 0.4613610149942515)	(46000, 0.4613610149942515)	(48000, 0.4613610149942515)	(50000, 0.4613610149942515)	(52000, 0.4613610149942515)	(54000, 0.4613610149942515)	(56000, 0.4613610149942515)	(58000, 0.4613610149942515)	(60000, 0.4613610149942515)	(62000, 0.5100922722029985)	(64000, 0.5767012687427819)	(66000, 0.5767012687427819)	(68000, 0.5767012687427819)	(70000, 0.5767012687427819)	(72000, 0.5767012687427819)	(74000, 0.5767012687427819)	(76000, 0.5767012687427819)	(78000, 0.5767012687427819)	(80000, 0.5767012687427819)	(82000, 0.5767012687427819)	(84000, 0.5767012687427819)	(86000, 0.5767012687427819)	(88000, 0.5767012687427819)	(90000, 0.5767012687427819)	(92000, 0.5767012687427819)	(94000, 0.5767012687427819)	(96000, 0.5767012687427819)	(98000, 0.5767012687427819)	(100000, 0.5767012687427819)	(102000, 0.5767012687427819)	(104000, 0.5767012687427945)												
FAY99780_pass_barcode01_98e12ebb_5ad7f319_84 - illumina_small_rna_3'_adapter	(1, 0.0)	(2, 0.0)	(3, 0.0)	(4, 0.0)	(5, 0.0)	(6, 0.0)	(7, 0.0)	(8, 0.0)	(9, 0.0)	(10, 0.0)	(1000, 0.0)	(2000, 0.0)	(3000, 0.0)	(4000, 0.09796195652173872)	(5000, 0.13586956521739155)	(6000, 0.13586956521739155)	(7000, 0.13586956521739155)	(8000, 0.13586956521739155)	(9000, 0.13586956521739155)	(10000, 0.13586956521739155)	(11000, 0.13586956521739155)	(12000, 0.13586956521739155)	(13000, 0.13586956521739155)	(14000, 0.13586956521739155)	(15000, 0.13586956521739155)	(16000, 0.13586956521739155)	(17000, 0.13586956521739155)	(18000, 0.13586956521739155)	(19000, 0.13586956521739155)	(20000, 0.13586956521739155)	(21000, 0.13586956521739155)	(22000, 0.13586956521739155)	(23000, 0.13586956521739155)	(24000, 0.13586956521739155)	(25000, 0.13586956521739155)	(26000, 0.13586956521739155)	(27000, 0.13586956521739155)	(28000, 0.13586956521739155)	(29000, 0.13586956521739155)	(30000, 0.13586956521739155)	(31000, 0.13586956521739155)	(32000, 0.13586956521739155)	(33000, 0.13586956521739155)	(34000, 0.13586956521739155)	(35000, 0.13586956521739155)	(36000, 0.13586956521739155)	(37000, 0.13586956521739155)	(38000, 0.13586956521739155)	(39000, 0.13586956521739155)	(40000, 0.13586956521739155)	(41000, 0.13586956521739155)	(42000, 0.13586956521739155)	(43000, 0.13586956521739155)	(44000, 0.13586956521739155)	(45000, 0.13586956521739155)	(46000, 0.13586956521739155)	(47000, 0.13586956521739155)	(48000, 0.13586956521739155)	(49000, 0.13586956521739155)	(50000, 0.13586956521739155)	(51000, 0.13586956521739155)	(52000, 0.13586956521739155)	(53000, 0.1358695652173909)											
FAY99780_pass_barcode01_98e12ebb_5ad7f319_84 - polya	(1, 0.1358695652173913)	(2, 0.1358695652173913)	(3, 0.1358695652173913)	(4, 0.1358695652173913)	(5, 0.1358695652173913)	(6, 0.1358695652173913)	(7, 0.1358695652173913)	(8, 0.1358695652173913)	(9, 0.1358695652173913)	(10, 0.1358695652173914)	(1000, 0.13586956521739155)	(2000, 0.18790760869565137)	(3000, 0.5209239130434805)	(4000, 0.815217391304364)	(5000, 0.815217391304364)	(6000, 0.8815217391304437)	(7000, 1.0673913043478263)	(8000, 1.0869565217391324)	(9000, 1.1203804347826005)	(10000, 1.222826086956507)	(11000, 1.222826086956507)	(12000, 1.222826086956507)	(13000, 1.222826086956507)	(14000, 1.222826086956507)	(15000, 1.222826086956507)	(16000, 1.2539402173913055)	(17000, 1.3586956521739229)	(18000, 1.475271739130404)	(19000, 1.4945652173912736)	(20000, 1.4945652173912736)	(21000, 1.4945652173912736)	(22000, 1.696059782608675)	(23000, 1.7663043478260612)	(24000, 1.7663043478260612)	(25000, 1.7663043478260612)	(26000, 1.8035326086956533)	(27000, 1.902173913043495)	(28000, 1.902173913043495)	(29000, 2.0341032608695135)	(30000, 2.0380434782608177)	(31000, 2.0380434782608177)	(32000, 2.061413043478227)	(33000, 2.1739130434782648)	(34000, 2.1739130434782648)	(35000, 2.1739130434782648)	(36000, 2.1739130434782648)	(37000, 2.1739130434782648)	(38000, 2.1771739130434735)	(39000, 2.309782608695668)	(40000, 2.309782608695668)	(41000, 2.309782608695668)	(42000, 2.309782608695668)	(43000, 2.309782608695668)	(44000, 2.309782608695668)	(45000, 2.309782608695668)	(46000, 2.309782608695668)	(47000, 2.309782608695668)	(48000, 2.309782608695668)	(49000, 2.309782608695668)	(50000, 2.309782608695668)	(51000, 2.309782608695668)	(52000, 2.309782608695668)	(53000, 2.309782608695644)											
FAY99780_pass_barcode01_98e12ebb_5ad7f319_84 - polyg	(1, 0.0)	(2, 0.0)	(3, 0.0)	(4, 0.0)	(5, 0.0)	(6, 0.0)	(7, 0.0)	(8, 0.0)	(9, 0.0)	(10, 0.0)	(1000, 0.0)	(2000, 0.0)	(3000, 0.08260869565217357)	(4000, 0.13586956521739155)	(5000, 0.13586956521739155)	(6000, 0.1698369565217384)	(7000, 0.2717391304347831)	(8000, 0.2717391304347831)	(9000, 0.2717391304347831)	(10000, 0.2717391304347831)	(11000, 0.2717391304347831)	(12000, 0.2717391304347831)	(13000, 0.2717391304347831)	(14000, 0.2717391304347831)	(15000, 0.2717391304347831)	(16000, 0.2717391304347831)	(17000, 0.2717391304347831)	(18000, 0.33519021739130955)	(19000, 0.407608695652182)	(20000, 0.407608695652182)	(21000, 0.45366847826087264)	(22000, 0.5726902173913039)	(23000, 0.6793478260869614)	(24000, 0.6793478260869614)	(25000, 0.6793478260869614)	(26000, 0.6797554347826135)	(27000, 0.815217391304364)	(28000, 0.815217391304364)	(29000, 0.8798913043478352)	(30000, 0.9510869565217475)	(31000, 0.9510869565217475)	(32000, 0.9510869565217475)	(33000, 0.9510869565217475)	(34000, 0.9510869565217475)	(35000, 0.9510869565217475)	(36000, 0.9510869565217475)	(37000, 0.9510869565217475)	(38000, 0.9510869565217475)	(39000, 1.0831521739130452)	(40000, 1.0869565217391324)	(41000, 1.0869565217391324)	(42000, 1.0869565217391324)	(43000, 1.0869565217391324)	(44000, 1.0869565217391324)	(45000, 1.0869565217391324)	(46000, 1.0869565217391324)	(47000, 1.0869565217391324)	(48000, 1.0869565217391324)	(49000, 1.0869565217391324)	(50000, 1.0869565217391324)	(51000, 1.0869565217391324)	(52000, 1.0869565217391324)	(53000, 1.0869565217391273)											
FAY99780_pass_barcode01_98e12ebb_5ad7f319_85 - polya	(1, 0.0)	(2, 0.0)	(3, 0.0)	(4, 0.0)	(5, 0.0)	(6, 0.0)	(7, 0.0)	(8, 0.0)	(9, 0.0)	(10, 0.043993946432970804)	(1000, 0.1742160278745644)	(2000, 0.49721254355401984)	(3000, 0.5226480836237076)	(4000, 0.5226480836237076)	(5000, 0.5226480836237076)	(6000, 0.5226480836237076)	(7000, 0.5226480836237076)	(8000, 0.5226480836237076)	(9000, 0.5226480836237076)	(10000, 0.5226480836237076)	(11000, 0.707491289198601)	(12000, 0.8710801393728185)	(13000, 1.0052264808362632)	(14000, 1.154006968641132)	(15000, 1.219512195121973)	(16000, 1.219512195121973)	(17000, 1.219512195121973)	(18000, 1.219512195121973)	(19000, 1.219512195121973)	(20000, 1.219512195121973)	(21000, 1.375783972125435)	(22000, 1.393728222996515)	(23000, 1.4531358885017318)	(24000, 1.5679442508710648)	(25000, 1.5679442508710648)	(26000, 1.5679442508710648)	(27000, 1.5742160278745483)	(28000, 1.742160278745637)	(29000, 1.742160278745637)	(30000, 1.742160278745637)	(31000, 1.742160278745637)	(32000, 1.742160278745637)	(33000, 1.742160278745637)	(34000, 1.8121951219512005)	(35000, 1.9163763066201798)	(36000, 1.9163763066201798)	(37000, 1.9163763066201798)	(38000, 1.9163763066201798)	(39000, 2.0412891986063304)	(40000, 2.0905923344948305)	(41000, 2.0905923344948305)	(42000, 2.0905923344948305)	(43000, 2.0905923344948305)	(44000, 2.0905923344948305)	(45000, 2.0905923344948305)	(46000, 2.0905923344948305)	(47000, 2.0905923344948305)	(48000, 2.0905923344948305)	(49000, 2.0905923344948305)	(50000, 2.0905923344948305)	(51000, 2.0905923344948305)	(52000, 2.090592334494818)												
FAY99780_pass_barcode01_98e12ebb_5ad7f319_85 - polyg	(1, 0.0)	(2, 0.0)	(3, 0.0)	(4, 0.0)	(5, 0.0)	(6, 0.0)	(7, 0.0)	(8, 0.0)	(9, 0.0)	(10, 0.0)	(1000, 0.0)	(2000, 0.0)	(3000, 0.0)	(4000, 0.0)	(5000, 0.0)	(6000, 0.0)	(7000, 0.0)	(8000, 0.0)	(9000, 0.0)	(10000, 0.0)	(11000, 0.0)	(12000, 0.0)	(13000, 0.0)	(14000, 0.0)	(15000, 0.0)	(16000, 0.0)	(17000, 0.0)	(18000, 0.0)	(19000, 0.0)	(20000, 0.0)	(21000, 0.11271777003484315)	(22000, 0.1742160278745644)	(23000, 0.1742160278745644)	(24000, 0.1742160278745644)	(25000, 0.1742160278745644)	(26000, 0.1742160278745644)	(27000, 0.1742160278745644)	(28000, 0.1742160278745644)	(29000, 0.1742160278745644)	(30000, 0.1742160278745644)	(31000, 0.1742160278745644)	(32000, 0.1742160278745644)	(33000, 0.1742160278745644)	(34000, 0.1742160278745644)	(35000, 0.1742160278745644)	(36000, 0.1742160278745644)	(37000, 0.1742160278745644)	(38000, 0.1742160278745644)	(39000, 0.1742160278745644)	(40000, 0.1742160278745644)	(41000, 0.1742160278745644)	(42000, 0.1742160278745644)	(43000, 0.1742160278745644)	(44000, 0.1742160278745644)	(45000, 0.1742160278745644)	(46000, 0.1742160278745644)	(47000, 0.1742160278745644)	(48000, 0.1742160278745644)	(49000, 0.1742160278745644)	(50000, 0.1742160278745644)	(51000, 0.1742160278745644)	(52000, 0.1742160278745644)												
FAY99780_pass_barcode01_98e12ebb_5ad7f319_86 - polya	(1, 0.11534025374855825)	(2, 0.11534025374855825)	(3, 0.11534025374855825)	(4, 0.11534025374855825)	(5, 0.11534025374855825)	(6, 0.11534025374855825)	(7, 0.11534025374855825)	(8, 0.11534025374855825)	(9, 0.11534025374855825)	(10, 0.20772896205421945)	(1000, 0.5697808535178871)	(2000, 0.8544405997693203)	(3000, 1.0224913494809926)	(4000, 1.1275663206459106)	(5000, 1.1534025374855887)	(6000, 1.159515570934266)	(7000, 1.4302191464821195)	(8000, 1.4994232987312457)	(9000, 1.5328719723183477)	(10000, 1.7212226066896994)	(11000, 1.7301038062283376)	(12000, 1.7301038062283376)	(13000, 1.7301038062283376)	(14000, 1.7301038062283376)	(15000, 1.7301038062283376)	(16000, 1.7301038062283376)	(17000, 1.7301038062283376)	(18000, 1.8110726643598407)	(19000, 1.8454440599769106)	(20000, 1.8454440599769106)	(21000, 1.8454440599769106)	(22000, 1.8454440599769106)	(23000, 1.8454440599769106)	(24000, 1.8767012687427886)	(25000, 1.960784313725514)	(26000, 2.0604382929642924)	(27000, 2.0761245674740945)	(28000, 2.0761245674740945)	(29000, 2.0761245674740945)	(30000, 2.0761245674740945)	(31000, 2.0761245674740945)	(32000, 2.0761245674740945)	(33000, 2.0761245674740945)	(34000, 2.0761245674740945)	(35000, 2.0761245674740945)	(36000, 2.0761245674740945)	(37000, 2.0761245674740945)	(38000, 2.0761245674740945)	(39000, 2.0761245674740945)	(40000, 2.0761245674740945)	(41000, 2.0761245674740945)	(42000, 2.0761245674740945)	(43000, 2.0761245674740945)	(44000, 2.0761245674740945)	(45000, 2.0761245674740945)	(46000, 2.0761245674740945)	(47000, 2.0761245674740945)	(48000, 2.0761245674740945)	(49000, 2.0761245674740945)	(50000, 2.0761245674740945)	(51000, 2.0761245674740945)	(52000, 2.0761245674740945)	(53000, 2.076124567474042)											
FAY99780_pass_barcode01_98e12ebb_5ad7f319_86 - polyg	(1, 0.0)	(2, 0.0)	(3, 0.0)	(4, 0.0)	(5, 0.0)	(6, 0.0)	(7, 0.0)	(8, 0.0)	(9, 0.0)	(10, 0.0)	(1000, 0.0)	(2000, 0.0)	(3000, 0.0)	(4000, 0.0)	(5000, 0.0)	(6000, 0.0)	(7000, 0.09711649365628504)	(8000, 0.11534025374855691)	(9000, 0.11534025374855691)	(10000, 0.11534025374855691)	(11000, 0.11534025374855691)	(12000, 0.11534025374855691)	(13000, 0.11534025374855691)	(14000, 0.11534025374855691)	(15000, 0.11534025374855691)	(16000, 0.11534025374855691)	(17000, 0.11534025374855691)	(18000, 0.11534025374855691)	(19000, 0.11534025374855691)	(20000, 0.11534025374855691)	(21000, 0.11534025374855691)	(22000, 0.11534025374855691)	(23000, 0.11534025374855691)	(24000, 0.11534025374855691)	(25000, 0.1422145328719705)	(26000, 0.23068050749711383)	(27000, 0.23068050749711383)	(28000, 0.23068050749711383)	(29000, 0.23068050749711383)	(30000, 0.23068050749711383)	(31000, 0.23068050749711383)	(32000, 0.23068050749711383)	(33000, 0.23068050749711383)	(34000, 0.23068050749711383)	(35000, 0.23068050749711383)	(36000, 0.23068050749711383)	(37000, 0.23068050749711383)	(38000, 0.23068050749711383)	(39000, 0.23068050749711383)	(40000, 0.23068050749711383)	(41000, 0.23068050749711383)	(42000, 0.23068050749711383)	(43000, 0.23068050749711383)	(44000, 0.23068050749711383)	(45000, 0.23068050749711383)	(46000, 0.23068050749711383)	(47000, 0.23068050749711383)	(48000, 0.23068050749711383)	(49000, 0.23068050749711383)	(50000, 0.23068050749711383)	(51000, 0.23068050749711383)	(52000, 0.23068050749711383)	(53000, 0.23068050749711755)											
FAY99780_pass_barcode01_98e12ebb_5ad7f319_87 - polya	(1, 0.0)	(2, 0.0)	(3, 0.0)	(4, 0.0)	(5, 0.0)	(6, 0.0)	(7, 0.0)	(8, 0.0)	(9, 0.0)	(10, 0.3591211873320137)	(2000, 0.6287790697674351)	(4000, 0.7495348837209234)	(6000, 0.9302325581395477)	(8000, 0.9302325581395477)	(10000, 1.0285465116278976)	(12000, 1.0727325581395286)	(14000, 1.1627906976744187)	(16000, 1.1627906976744187)	(18000, 1.1627906976744187)	(20000, 1.1627906976744187)	(22000, 1.1627906976744187)	(24000, 1.1627906976744187)	(26000, 1.1627906976744187)	(28000, 1.1627906976744187)	(30000, 1.1627906976744187)	(32000, 1.1627906976744187)	(34000, 1.1627906976744187)	(36000, 1.2564534883720673)	(38000, 1.2790697674418314)	(40000, 1.2790697674418314)	(42000, 1.2790697674418314)	(44000, 1.2790697674418314)	(46000, 1.3866860465116366)	(48000, 1.4569767441860373)	(50000, 1.611453488372146)	(52000, 1.735406976744126)	(54000, 1.7820930232558188)	(56000, 1.8604651162790955)	(58000, 1.8604651162790955)	(60000, 1.8604651162790955)	(62000, 1.8604651162790955)	(64000, 1.8604651162790955)	(66000, 1.8604651162790955)	(68000, 1.8604651162790955)	(70000, 1.8604651162790955)	(72000, 1.8604651162790955)	(74000, 1.8604651162790955)	(76000, 1.8604651162790955)	(78000, 1.8604651162790955)	(80000, 1.8604651162790955)	(82000, 1.8604651162790955)	(84000, 1.8604651162790955)	(86000, 1.8604651162790955)	(88000, 1.8604651162790955)	(90000, 1.8604651162790955)	(92000, 1.8604651162790955)	(94000, 1.8604651162790955)	(96000, 1.8604651162790955)	(98000, 1.8604651162790955)	(100000, 1.8604651162790955)	(102000, 1.8604651162790955)	(104000, 1.8604651162790955)	(106000, 1.8604651162790955)	(108000, 1.860465116279067)										
FAY99780_pass_barcode01_98e12ebb_5ad7f319_87 - polyg	(1, 0.0)	(2, 0.0)	(3, 0.0)	(4, 0.0)	(5, 0.0)	(6, 0.0)	(7, 0.0)	(8, 0.0)	(9, 0.0)	(10, 0.0)	(2000, 0.0)	(4000, 0.0)	(6000, 0.0)	(8000, 0.0)	(10000, 0.0)	(12000, 0.051802325581395865)	(14000, 0.11627906976744347)	(16000, 0.11627906976744347)	(18000, 0.11627906976744347)	(20000, 0.11627906976744347)	(22000, 0.11627906976744347)	(24000, 0.11627906976744347)	(26000, 0.11627906976744347)	(28000, 0.11627906976744347)	(30000, 0.11627906976744347)	(32000, 0.11627906976744347)	(34000, 0.11627906976744347)	(36000, 0.1633139534883745)	(38000, 0.23255813953488694)	(40000, 0.23255813953488694)	(42000, 0.23255813953488694)	(44000, 0.23255813953488694)	(46000, 0.23255813953488694)	(48000, 0.23255813953488694)	(50000, 0.23255813953488694)	(52000, 0.23255813953488694)	(54000, 0.23255813953488694)	(56000, 0.23255813953488694)	(58000, 0.23255813953488694)	(60000, 0.23255813953488694)	(62000, 0.23255813953488694)	(64000, 0.23255813953488694)	(66000, 0.23255813953488694)	(68000, 0.23255813953488694)	(70000, 0.23255813953488694)	(72000, 0.23255813953488694)	(74000, 0.23255813953488694)	(76000, 0.23255813953488694)	(78000, 0.23255813953488694)	(80000, 0.23255813953488694)	(82000, 0.23255813953488694)	(84000, 0.23255813953488694)	(86000, 0.23255813953488694)	(88000, 0.23255813953488694)	(90000, 0.23255813953488694)	(92000, 0.23255813953488694)	(94000, 0.23255813953488694)	(96000, 0.23255813953488694)	(98000, 0.23255813953488694)	(100000, 0.23255813953488694)	(102000, 0.23255813953488694)	(104000, 0.23255813953488694)	(106000, 0.23255813953488694)	(108000, 0.23255813953488338)										
FAY99780_pass_barcode01_98e12ebb_5ad7f319_88 - polya	(1, 0.0)	(2, 0.0)	(3, 0.0)	(4, 0.0)	(5, 0.0)	(6, 0.0)	(7, 0.0)	(8, 0.0)	(9, 0.0)	(10, 0.1120343957997431)	(1000, 0.13642564802182738)	(2000, 0.13642564802182738)	(3000, 0.16903137789904413)	(4000, 0.27285129604365477)	(5000, 0.27285129604365477)	(6000, 0.27285129604365477)	(7000, 0.27285129604365477)	(8000, 0.27285129604365477)	(9000, 0.27285129604365477)	(10000, 0.27285129604365477)	(11000, 0.392769440654841)	(12000, 0.41787175989085734)	(13000, 0.5457025920873095)	(14000, 0.5457025920873095)	(15000, 0.6477489768076364)	(16000, 0.6821282401091372)	(17000, 0.6821282401091372)	(18000, 0.6821282401091372)	(19000, 0.6821282401091372)	(20000, 0.6821282401091372)	(21000, 0.6821282401091372)	(22000, 0.7080491132332845)	(23000, 0.8185538881309644)	(24000, 0.8185538881309644)	(25000, 0.8185538881309644)	(26000, 0.8185538881309644)	(27000, 0.8185538881309644)	(28000, 0.8185538881309644)	(29000, 0.8185538881309644)	(30000, 0.8185538881309644)	(31000, 0.8185538881309644)	(32000, 0.8185538881309644)	(33000, 0.8185538881309644)	(34000, 0.8185538881309644)	(35000, 0.8185538881309644)	(36000, 0.8185538881309644)	(37000, 0.8185538881309644)	(38000, 0.8185538881309644)	(39000, 0.8185538881309644)	(40000, 0.8185538881309644)	(41000, 0.8185538881309644)	(42000, 0.8185538881309644)	(43000, 0.8185538881309644)	(44000, 0.8185538881309644)	(45000, 0.8185538881309644)	(46000, 0.8185538881309644)	(47000, 0.8185538881309644)	(48000, 0.8185538881309644)	(49000, 0.8185538881309644)	(50000, 0.8185538881309676)														
FAY99780_pass_barcode01_98e12ebb_5ad7f319_89 - polya	(1, 0.0)	(2, 0.0)	(3, 0.0)	(4, 0.0)	(5, 0.0)	(6, 0.0)	(7, 0.0)	(8, 0.0)	(9, 0.0)	(10, 0.0765762361772337)	(1000, 0.12468827930174757)	(2000, 0.2416458852867866)	(3000, 0.24937655860349514)	(4000, 0.33029925187031667)	(5000, 0.48204488778055593)	(6000, 0.4987531172069903)	(7000, 0.4987531172069903)	(8000, 0.5599750623441361)	(9000, 0.8068578553615754)	(10000, 0.9184538653366732)	(11000, 1.114339152119702)	(12000, 1.1221945137157114)	(13000, 1.2014962593516167)	(14000, 1.2468827930174495)	(15000, 1.2830423940149704)	(16000, 1.3715710723192154)	(17000, 1.3715710723192154)	(18000, 1.3715710723192154)	(19000, 1.3715710723192154)	(20000, 1.3715710723192154)	(21000, 1.392019950124679)	(22000, 1.4962593516209122)	(23000, 1.4962593516209122)	(24000, 1.6073566084788238)	(25000, 1.626558603491287)	(26000, 1.7456359102244026)	(27000, 1.7456359102244026)	(28000, 1.7456359102244026)	(29000, 1.7456359102244026)	(30000, 1.7456359102244026)	(31000, 1.7456359102244026)	(32000, 1.7456359102244026)	(33000, 1.8349127182044827)	(34000, 1.8703241895261735)	(35000, 1.8703241895261735)	(36000, 1.8703241895261735)	(37000, 1.8703241895261735)	(38000, 1.8703241895261735)	(39000, 1.8703241895261735)	(40000, 1.8703241895261735)	(41000, 1.8703241895261735)	(42000, 1.8703241895261735)	(43000, 1.8703241895261735)	(44000, 1.8703241895261735)	(45000, 1.8703241895261735)	(46000, 1.8703241895261735)	(47000, 1.8703241895261735)	(48000, 1.8703241895261735)	(49000, 1.8703241895261735)	(50000, 1.8703241895261735)	(51000, 1.8703241895261735)	(52000, 1.8703241895261735)	(53000, 1.8703241895261735)	(54000, 1.8703241895261735)	(55000, 1.8703241895261735)	(56000, 1.8703241895261737)								
FAY99780_pass_barcode01_98e12ebb_5ad7f319_89 - polyg	(1, 0.0)	(2, 0.0)	(3, 0.0)	(4, 0.0)	(5, 0.0)	(6, 0.0)	(7, 0.0)	(8, 0.0)	(9, 0.0)	(10, 0.0)	(1000, 0.0)	(2000, 0.0)	(3000, 0.0)	(4000, 0.0)	(5000, 0.0)	(6000, 0.0)	(7000, 0.0)	(8000, 0.06508728179551082)	(9000, 0.12468827930174757)	(10000, 0.12468827930174757)	(11000, 0.17369077306733255)	(12000, 0.3506234413965007)	(13000, 0.37406483790522804)	(14000, 0.37406483790522804)	(15000, 0.37406483790522804)	(16000, 0.37406483790522804)	(17000, 0.37406483790522804)	(18000, 0.37406483790522804)	(19000, 0.37406483790522804)	(20000, 0.37406483790522804)	(21000, 0.37406483790522804)	(22000, 0.37406483790522804)	(23000, 0.37406483790522804)	(24000, 0.37406483790522804)	(25000, 0.37406483790522804)	(26000, 0.37406483790522804)	(27000, 0.37406483790522804)	(28000, 0.37406483790522804)	(29000, 0.37406483790522804)	(30000, 0.37406483790522804)	(31000, 0.37406483790522804)	(32000, 0.37406483790522804)	(33000, 0.37406483790522804)	(34000, 0.37406483790522804)	(35000, 0.37406483790522804)	(36000, 0.37406483790522804)	(37000, 0.37406483790522804)	(38000, 0.37406483790522804)	(39000, 0.37406483790522804)	(40000, 0.37406483790522804)	(41000, 0.37406483790522804)	(42000, 0.37406483790522804)	(43000, 0.37406483790522804)	(44000, 0.37406483790522804)	(45000, 0.37406483790522804)	(46000, 0.37406483790522804)	(47000, 0.37406483790522804)	(48000, 0.37406483790522804)	(49000, 0.37406483790522804)	(50000, 0.37406483790522804)	(51000, 0.37406483790522804)	(52000, 0.37406483790522804)	(53000, 0.37406483790522804)	(54000, 0.37406483790522804)	(55000, 0.37406483790522804)	(56000, 0.3740648379052293)								
FAY99780_pass_barcode01_98e12ebb_5ad7f319_9 - polya	(1, 0.0)	(2, 0.0)	(3, 0.0)	(4, 0.0)	(5, 0.0)	(6, 0.0)	(7, 0.0)	(8, 0.0)	(9, 0.0)	(10, 0.0315174391848234)	(2000, 0.18501387604070887)	(4000, 0.2715078630897374)	(6000, 0.27964847363552947)	(8000, 0.37002775208141775)	(10000, 0.42747456059202854)	(12000, 0.5101757631822432)	(14000, 0.5550416281221209)	(16000, 0.5550416281221209)	(18000, 0.5550416281221209)	(20000, 0.577289546715998)	(22000, 0.6901942645698551)	(24000, 0.7400555041628355)	(26000, 0.8191489361702342)	(28000, 0.8993061979648173)	(30000, 0.9250693802034825)	(32000, 0.995235892692002)	(34000, 1.0566604995374902)	(36000, 1.2025901942645743)	(38000, 1.2025901942645743)	(40000, 1.2025901942645743)	(42000, 1.2025901942645743)	(44000, 1.2025901942645743)	(46000, 1.287835337650257)	(48000, 1.2950971322848541)	(50000, 1.2950971322848541)	(52000, 1.3587881591119626)	(54000, 1.3876040703053063)	(56000, 1.3876040703053063)	(58000, 1.3876040703053063)	(60000, 1.3876040703053063)	(62000, 1.3876040703053063)	(64000, 1.3876040703053063)	(66000, 1.3876040703053063)	(68000, 1.3876040703053063)	(70000, 1.3876040703053063)	(72000, 1.3876040703053063)	(74000, 1.3876040703053063)	(76000, 1.3876040703053063)	(78000, 1.3876040703053063)	(80000, 1.3876040703053063)	(82000, 1.3876040703053063)	(84000, 1.3876040703053063)	(86000, 1.3876040703053063)	(88000, 1.3876040703053063)	(90000, 1.3876040703053063)	(92000, 1.3876040703053063)	(94000, 1.3876040703053063)	(96000, 1.3876040703053063)	(98000, 1.3876040703053063)	(100000, 1.3876040703053063)	(102000, 1.3876040703053063)	(104000, 1.3876040703053063)	(106000, 1.3876040703053063)	(108000, 1.3876040703053063)	(110000, 1.3876040703053063)	(112000, 1.3876040703053063)	(114000, 1.3876040703053063)	(116000, 1.3876040703053063)	(118000, 1.3876040703053023)					
FAY99780_pass_barcode01_98e12ebb_5ad7f319_90 - polya	(1, 0.0)	(2, 0.0)	(3, 0.0)	(4, 0.0)	(5, 0.0)	(6, 0.0)	(7, 0.0)	(8, 0.0)	(9, 0.0)	(10, 0.1467167912467213)	(5000, 0.3840145985401645)	(10000, 0.6643795620438173)	(15000, 0.8515815085157521)	(20000, 0.959294403892977)	(25000, 1.3381995133820652)	(30000, 1.3381995133820652)	(35000, 1.4381995133821417)	(40000, 1.5779562043793856)	(45000, 1.5815085158149078)	(50000, 1.6074209245740552)	(55000, 1.7544038929440164)	(60000, 1.824817518248124)	(65000, 1.824817518248124)	(70000, 1.824817518248124)	(75000, 1.824817518248124)	(80000, 1.824817518248124)	(85000, 1.824817518248124)	(90000, 1.824817518248124)	(95000, 1.824817518248124)	(100000, 1.824817518248124)	(105000, 1.824817518248124)	(110000, 1.824817518248124)	(115000, 1.824817518248124)	(120000, 1.824817518248124)	(125000, 1.824817518248124)	(130000, 1.824817518248124)	(135000, 1.824817518248124)	(140000, 1.824817518248124)	(145000, 1.824817518248124)	(150000, 1.8248175182480744)																																		
FAY99780_pass_barcode01_98e12ebb_5ad7f319_90 - polyg	(1, 0.0)	(2, 0.0)	(3, 0.0)	(4, 0.0)	(5, 0.0)	(6, 0.0)	(7, 0.0)	(8, 0.0)	(9, 0.0)	(10, 0.0)	(5000, 0.0)	(10000, 0.13381995133819435)	(15000, 0.24330900243308073)	(20000, 0.2671532846715419)	(25000, 0.45347931873477665)	(30000, 0.48661800486616147)	(35000, 0.48661800486616147)	(40000, 0.48661800486616147)	(45000, 0.48661800486616147)	(50000, 0.5018734793187298)	(55000, 0.6082725060827765)	(60000, 0.6082725060827765)	(65000, 0.6082725060827765)	(70000, 0.6082725060827765)	(75000, 0.6082725060827765)	(80000, 0.6082725060827765)	(85000, 0.6082725060827765)	(90000, 0.6082725060827765)	(95000, 0.6082725060827765)	(100000, 0.6082725060827765)	(105000, 0.6082725060827765)	(110000, 0.6082725060827765)	(115000, 0.6082725060827765)	(120000, 0.6082725060827765)	(125000, 0.6082725060827765)	(130000, 0.6082725060827765)	(135000, 0.6082725060827765)	(140000, 0.6082725060827765)	(145000, 0.6082725060827765)	(150000, 0.6082725060827742)																																		
FAY99780_pass_barcode01_98e12ebb_5ad7f319_91 - polya	(1, 0.0)	(2, 0.0)	(3, 0.0)	(4, 0.0)	(5, 0.0)	(6, 0.0)	(7, 0.0)	(8, 0.0)	(9, 0.0)	(10, 0.11000516110005118)	(1000, 0.4489051094890499)	(2000, 0.6986861313868612)	(3000, 0.7299270072992686)	(4000, 0.8045255474452743)	(5000, 1.1235036496350337)	(6000, 1.1678832116788276)	(7000, 1.1678832116788276)	(8000, 1.1678832116788276)	(9000, 1.1678832116788276)	(10000, 1.1678832116788276)	(11000, 1.1678832116788276)	(12000, 1.1678832116788276)	(13000, 1.1678832116788276)	(14000, 1.1678832116788276)	(15000, 1.1678832116788276)	(16000, 1.1678832116788276)	(17000, 1.1678832116788276)	(18000, 1.1792700729927028)	(19000, 1.313868613138694)	(20000, 1.313868613138694)	(21000, 1.313868613138694)	(22000, 1.313868613138694)	(23000, 1.313868613138694)	(24000, 1.313868613138694)	(25000, 1.3252554744525518)	(26000, 1.4598540145985373)	(27000, 1.4598540145985373)	(28000, 1.4598540145985373)	(29000, 1.4598540145985373)	(30000, 1.4598540145985373)	(31000, 1.4598540145985373)	(32000, 1.4598540145985373)	(33000, 1.566131386861328)	(34000, 1.6058394160584115)	(35000, 1.7002919708029622)	(36000, 1.7518248175182887)	(37000, 1.7518248175182887)	(38000, 1.7518248175182887)	(39000, 1.7518248175182887)	(40000, 1.7518248175182887)	(41000, 1.7518248175182887)	(42000, 1.7518248175182887)	(43000, 1.7518248175182887)	(44000, 1.7518248175182887)	(45000, 1.7518248175182887)	(46000, 1.7518248175182887)	(47000, 1.7518248175182887)	(48000, 1.7518248175182887)	(49000, 1.7518248175182887)	(50000, 1.7518248175182887)	(51000, 1.7518248175182887)	(52000, 1.7518248175182887)	(53000, 1.7518248175182887)	(54000, 1.7518248175182887)	(55000, 1.7518248175182887)	(56000, 1.7518248175182887)	(57000, 1.7518248175182887)	(58000, 1.7518248175182887)	(59000, 1.7518248175182525)					
FAY99780_pass_barcode01_98e12ebb_5ad7f319_91 - polyg	(1, 0.0)	(2, 0.0)	(3, 0.0)	(4, 0.0)	(5, 0.0)	(6, 0.0)	(7, 0.0)	(8, 0.0)	(9, 0.0)	(10, 0.0)	(1000, 0.0)	(2000, 0.0)	(3000, 0.0)	(4000, 0.0)	(5000, 0.0)	(6000, 0.0)	(7000, 0.0)	(8000, 0.0)	(9000, 0.0)	(10000, 0.0)	(11000, 0.0)	(12000, 0.0)	(13000, 0.0)	(14000, 0.0)	(15000, 0.0)	(16000, 0.0)	(17000, 0.0)	(18000, 0.00043795620437956203)	(19000, 0.14598540145985345)	(20000, 0.14598540145985345)	(21000, 0.14598540145985345)	(22000, 0.14598540145985345)	(23000, 0.14598540145985345)	(24000, 0.14598540145985345)	(25000, 0.21197080291970719)	(26000, 0.2919708029197069)	(27000, 0.2919708029197069)	(28000, 0.2919708029197069)	(29000, 0.2919708029197069)	(30000, 0.2919708029197069)	(31000, 0.2919708029197069)	(32000, 0.2919708029197069)	(33000, 0.3554744525547496)	(34000, 0.43795620437957217)	(35000, 0.5124087591240857)	(36000, 0.5839416058394138)	(37000, 0.5839416058394138)	(38000, 0.5839416058394138)	(39000, 0.5839416058394138)	(40000, 0.5839416058394138)	(41000, 0.5839416058394138)	(42000, 0.5839416058394138)	(43000, 0.5839416058394138)	(44000, 0.5839416058394138)	(45000, 0.5839416058394138)	(46000, 0.5839416058394138)	(47000, 0.5839416058394138)	(48000, 0.5839416058394138)	(49000, 0.5839416058394138)	(50000, 0.5839416058394138)	(51000, 0.5839416058394138)	(52000, 0.5839416058394138)	(53000, 0.5839416058394138)	(54000, 0.5839416058394138)	(55000, 0.5839416058394138)	(56000, 0.5839416058394138)	(57000, 0.5839416058394138)	(58000, 0.5839416058394138)	(59000, 0.5839416058394138)					
FAY99780_pass_barcode01_98e12ebb_5ad7f319_92 - polya	(1, 0.0)	(2, 0.0)	(3, 0.0)	(4, 0.0)	(5, 0.0)	(6, 0.0)	(7, 0.0)	(8, 0.0)	(9, 0.0)	(10, 0.0)	(1000, 0.1259887005649717)	(2000, 0.1802259887005649)	(3000, 0.40649717514124195)	(4000, 0.42372881355932046)	(5000, 0.42372881355932046)	(6000, 0.42372881355932046)	(7000, 0.42372881355932046)	(8000, 0.42372881355932046)	(9000, 0.42372881355932046)	(10000, 0.42372881355932046)	(11000, 0.42372881355932046)	(12000, 0.42372881355932046)	(13000, 0.42372881355932046)	(14000, 0.42372881355932046)	(15000, 0.552824858757066)	(16000, 0.6662429378531047)	(17000, 0.7062146892655323)	(18000, 0.7062146892655323)	(19000, 0.7062146892655323)	(20000, 0.7539548022598869)	(21000, 0.8474576271186409)	(22000, 0.8474576271186409)	(23000, 0.8474576271186409)	(24000, 0.8474576271186409)	(25000, 0.8474576271186409)	(26000, 0.8474576271186409)	(27000, 0.9536723163841709)	(28000, 0.9894067796610078)	(29000, 1.1299435028248688)	(30000, 1.1299435028248688)	(31000, 1.1299435028248688)	(32000, 1.1299435028248688)	(33000, 1.1299435028248688)	(34000, 1.1299435028248688)	(35000, 1.1299435028248688)	(36000, 1.1299435028248688)	(37000, 1.1299435028248688)	(38000, 1.1299435028248688)	(39000, 1.1299435028248688)	(40000, 1.1299435028248688)	(41000, 1.1299435028248688)	(42000, 1.1299435028248688)	(43000, 1.1299435028248688)	(44000, 1.1299435028248688)	(45000, 1.1299435028248688)	(46000, 1.1299435028248688)	(47000, 1.1299435028248583)																	
FAY99780_pass_barcode01_98e12ebb_5ad7f319_93 - polya	(1, 0.1510574018126888)	(2, 0.1510574018126888)	(3, 0.1510574018126888)	(4, 0.1510574018126888)	(5, 0.1510574018126888)	(6, 0.1510574018126888)	(7, 0.1510574018126888)	(8, 0.1510574018126888)	(9, 0.1510574018126888)	(10, 0.2659525771308277)	(1000, 0.3021148036253816)	(2000, 0.4503021148036342)	(3000, 0.6040785498489505)	(4000, 0.7626888217522683)	(5000, 1.0397280966767273)	(6000, 1.2084592145015265)	(7000, 1.2753776435045454)	(8000, 1.3595166163142134)	(9000, 1.3595166163142134)	(10000, 1.5146525679758294)	(11000, 1.6616314199395683)	(12000, 1.6616314199395683)	(13000, 1.7102719033232738)	(14000, 1.8126888217523014)	(15000, 1.8126888217523014)	(16000, 1.8126888217523014)	(17000, 1.8126888217523014)	(18000, 1.8283987915408275)	(19000, 1.9637462235650083)	(20000, 1.9637462235650083)	(21000, 1.9637462235650083)	(22000, 1.9637462235650083)	(23000, 1.9637462235650083)	(24000, 1.9637462235650083)	(25000, 1.9637462235650083)	(26000, 1.9637462235650083)	(27000, 1.9637462235650083)	(28000, 1.9637462235650083)	(29000, 1.9637462235650083)	(30000, 1.9637462235650083)	(31000, 1.9637462235650083)	(32000, 1.9637462235650083)	(33000, 1.9637462235650083)	(34000, 1.9637462235650083)	(35000, 1.9637462235650083)	(36000, 1.9637462235650083)	(37000, 1.9637462235650083)	(38000, 1.9637462235650083)	(39000, 1.9637462235650083)	(40000, 1.9637462235650083)	(41000, 1.9637462235650083)	(42000, 1.9637462235650083)	(43000, 1.9637462235650083)	(44000, 1.9637462235650083)	(45000, 1.9637462235650083)	(46000, 1.9637462235650083)	(47000, 1.9637462235650083)	(48000, 1.9637462235649552)																
FAY99780_pass_barcode01_98e12ebb_5ad7f319_93 - polyg	(1, 0.0)	(2, 0.0)	(3, 0.0)	(4, 0.0)	(5, 0.0)	(6, 0.0)	(7, 0.0)	(8, 0.0)	(9, 0.0)	(10, 0.0)	(1000, 0.0)	(2000, 0.0)	(3000, 0.0)	(4000, 0.0)	(5000, 0.0)	(6000, 0.0)	(7000, 0.0)	(8000, 0.0)	(9000, 0.0)	(10000, 0.0)	(11000, 0.0)	(12000, 0.003474320241691842)	(13000, 0.2243202416918446)	(14000, 0.3021148036253816)	(15000, 0.3021148036253816)	(16000, 0.3021148036253816)	(17000, 0.3021148036253816)	(18000, 0.3021148036253816)	(19000, 0.3021148036253816)	(20000, 0.3021148036253816)	(21000, 0.3021148036253816)	(22000, 0.3021148036253816)	(23000, 0.3021148036253816)	(24000, 0.3021148036253816)	(25000, 0.3021148036253816)	(26000, 0.3021148036253816)	(27000, 0.3021148036253816)	(28000, 0.3021148036253816)	(29000, 0.3021148036253816)	(30000, 0.3021148036253816)	(31000, 0.3021148036253816)	(32000, 0.3021148036253816)	(33000, 0.3021148036253816)	(34000, 0.3021148036253816)	(35000, 0.3021148036253816)	(36000, 0.3021148036253816)	(37000, 0.3021148036253816)	(38000, 0.3021148036253816)	(39000, 0.3021148036253816)	(40000, 0.3021148036253816)	(41000, 0.3021148036253816)	(42000, 0.3021148036253816)	(43000, 0.3021148036253816)	(44000, 0.3021148036253816)	(45000, 0.3021148036253816)	(46000, 0.3021148036253816)	(47000, 0.3021148036253816)	(48000, 0.3021148036253775)																
FAY99780_pass_barcode01_98e12ebb_5ad7f319_94 - polya	(1, 0.0)	(2, 0.0)	(3, 0.0)	(4, 0.0)	(5, 0.0)	(6, 0.0)	(7, 0.0)	(8, 0.0)	(9, 0.0)	(10, 0.10564184559159466)	(2000, 0.47808441558443104)	(4000, 0.4870129870130033)	(6000, 0.6320616883116785)	(8000, 0.6493506493506411)	(10000, 0.8702922077922358)	(12000, 0.9740259740260065)	(14000, 0.9740259740260065)	(16000, 1.023538961038998)	(18000, 1.1363636363636667)	(20000, 1.1363636363636667)	(22000, 1.2659902597402382)	(24000, 1.3266233766233235)	(26000, 1.5561688311687905)	(28000, 1.7857142857142458)	(30000, 1.9060064935065641)	(32000, 1.9550324675325235)	(34000, 2.137987012987006)	(36000, 2.405194805194865)	(38000, 2.4546266233766643)	(40000, 2.7469967532467754)	(42000, 2.759740259740282)	(44000, 2.759740259740282)	(46000, 2.759740259740282)	(48000, 2.759740259740282)	(50000, 2.9054383116882008)	(52000, 2.922077922077809)	(54000, 2.922077922077809)	(56000, 2.922077922077809)	(58000, 3.0792207792206754)	(60000, 3.155925324675435)	(62000, 3.2467532467533133)	(64000, 3.2467532467533133)	(66000, 3.2467532467533133)	(68000, 3.2467532467533133)	(70000, 3.2467532467533133)	(72000, 3.2467532467533133)	(74000, 3.2467532467533133)	(76000, 3.2467532467533133)	(78000, 3.2467532467533133)	(80000, 3.2467532467533133)	(82000, 3.2467532467533133)	(84000, 3.2467532467532267)																						
FAY99780_pass_barcode01_98e12ebb_5ad7f319_94 - polyg	(1, 0.0)	(2, 0.0)	(3, 0.0)	(4, 0.0)	(5, 0.0)	(6, 0.0)	(7, 0.0)	(8, 0.0)	(9, 0.0)	(10, 0.0)	(2000, 0.0)	(4000, 0.0)	(6000, 0.0)	(8000, 0.0)	(10000, 0.0)	(12000, 0.0)	(14000, 0.0)	(16000, 0.0)	(18000, 0.0)	(20000, 0.0)	(22000, 0.0)	(24000, 0.015990259740259777)	(26000, 0.16233766233766028)	(28000, 0.16233766233766028)	(30000, 0.16233766233766028)	(32000, 0.17077922077921653)	(34000, 0.32467532467532056)	(36000, 0.32467532467532056)	(38000, 0.32467532467532056)	(40000, 0.32467532467532056)	(42000, 0.32467532467532056)	(44000, 0.32467532467532056)	(46000, 0.32467532467532056)	(48000, 0.32467532467532056)	(50000, 0.32467532467532056)	(52000, 0.32467532467532056)	(54000, 0.32467532467532056)	(56000, 0.32467532467532056)	(58000, 0.32467532467532056)	(60000, 0.4183441558441672)	(62000, 0.4870129870130033)	(64000, 0.4870129870130033)	(66000, 0.4870129870130033)	(68000, 0.4870129870130033)	(70000, 0.4870129870130033)	(72000, 0.4870129870130033)	(74000, 0.4870129870130033)	(76000, 0.4870129870130033)	(78000, 0.4870129870130033)	(80000, 0.4870129870130033)	(82000, 0.4870129870130033)	(84000, 0.4870129870129789)																						
FAY99780_pass_barcode01_98e12ebb_5ad7f319_95 - polya	(1, 0.0)	(2, 0.0)	(3, 0.0)	(4, 0.0)	(5, 0.0)	(6, 0.0)	(7, 0.0)	(8, 0.0)	(9, 0.0)	(10, 0.10423538725425467)	(1000, 0.14513788098693686)	(2000, 0.2943396226415079)	(3000, 0.6648766328011672)	(4000, 0.8708272859216447)	(5000, 0.8708272859216447)	(6000, 0.8708272859216447)	(7000, 0.8708272859216447)	(8000, 0.8708272859216447)	(9000, 0.8708272859216447)	(10000, 0.8708272859216447)	(11000, 1.014078374455749)	(12000, 1.0159651669085794)	(13000, 1.0159651669085794)	(14000, 1.0159651669085794)	(15000, 1.0159651669085794)	(16000, 1.0159651669085794)	(17000, 1.0159651669085794)	(18000, 1.0159651669085794)	(19000, 1.0159651669085794)	(20000, 1.0159651669085794)	(21000, 1.0159651669085794)	(22000, 1.0159651669085794)	(23000, 1.0159651669085794)	(24000, 1.0159651669085794)	(25000, 1.0159651669085794)	(26000, 1.0159651669085794)	(27000, 1.0613933236574817)	(28000, 1.161103047895495)	(29000, 1.161103047895495)	(30000, 1.161103047895495)	(31000, 1.161103047895495)	(32000, 1.161103047895495)	(33000, 1.2956458635703973)	(34000, 1.3062409288824444)	(35000, 1.3062409288824444)	(36000, 1.3062409288824444)	(37000, 1.3062409288824444)	(38000, 1.3062409288824444)	(39000, 1.3062409288824444)	(40000, 1.3062409288824444)	(41000, 1.3062409288824444)	(42000, 1.3062409288824444)	(43000, 1.3062409288824444)	(44000, 1.3062409288824444)	(45000, 1.3062409288824384)																			
FAY99780_pass_barcode01_98e12ebb_5ad7f319_96 - polya	(1, 0.0)	(2, 0.0)	(3, 0.0)	(4, 0.0)	(5, 0.0)	(6, 0.0)	(7, 0.0)	(8, 0.0)	(9, 0.0)	(10, 0.0)	(1000, 0.03831521739130422)	(2000, 0.17336956521739214)	(3000, 0.407608695652182)	(4000, 0.4157608695652246)	(5000, 0.5434782608695662)	(6000, 0.6482336956521769)	(7000, 0.7320652173913116)	(8000, 0.9222826086956595)	(9000, 0.9510869565217475)	(10000, 0.9510869565217475)	(11000, 0.9510869565217475)	(12000, 0.9510869565217475)	(13000, 0.9737771739130493)	(14000, 1.0869565217391324)	(15000, 1.0869565217391324)	(16000, 1.0869565217391324)	(17000, 1.0884510869565223)	(18000, 1.2593750000000008)	(19000, 1.3586956521739229)	(20000, 1.3586956521739229)	(21000, 1.3586956521739229)	(22000, 1.3586956521739229)	(23000, 1.3586956521739229)	(24000, 1.3586956521739229)	(25000, 1.3586956521739229)	(26000, 1.3586956521739229)	(27000, 1.3586956521739229)	(28000, 1.3586956521739229)	(29000, 1.3586956521739229)	(30000, 1.3586956521739229)	(31000, 1.3586956521739229)	(32000, 1.3586956521739229)	(33000, 1.3586956521739229)	(34000, 1.3586956521739229)	(35000, 1.3586956521739229)	(36000, 1.3586956521739229)	(37000, 1.3586956521739229)	(38000, 1.3586956521739229)	(39000, 1.3586956521739229)	(40000, 1.3586956521739229)	(41000, 1.3586956521739229)	(42000, 1.3586956521739229)	(43000, 1.3586956521739229)	(44000, 1.3586956521739229)	(45000, 1.3586956521739229)	(46000, 1.3586956521739229)	(47000, 1.3586956521739229)	(48000, 1.3586956521739229)	(49000, 1.3586956521739229)	(50000, 1.3586956521739229)	(51000, 1.3586956521739229)	(52000, 1.3586956521739229)	(53000, 1.3586956521739229)	(54000, 1.3586956521739229)	(55000, 1.3586956521739229)	(56000, 1.3586956521739066)								
FAY99780_pass_barcode01_98e12ebb_5ad7f319_96 - polyg	(1, 0.0)	(2, 0.0)	(3, 0.0)	(4, 0.0)	(5, 0.0)	(6, 0.0)	(7, 0.0)	(8, 0.0)	(9, 0.0)	(10, 0.0)	(1000, 0.0)	(2000, 0.0)	(3000, 0.0)	(4000, 0.0)	(5000, 0.0)	(6000, 0.0)	(7000, 0.0)	(8000, 0.0)	(9000, 0.0)	(10000, 0.0)	(11000, 0.0)	(12000, 0.0)	(13000, 0.0)	(14000, 0.11290760869565171)	(15000, 0.13586956521739155)	(16000, 0.13586956521739155)	(17000, 0.13586956521739155)	(18000, 0.13586956521739155)	(19000, 0.13586956521739155)	(20000, 0.13586956521739155)	(21000, 0.13586956521739155)	(22000, 0.13586956521739155)	(23000, 0.13586956521739155)	(24000, 0.13586956521739155)	(25000, 0.13586956521739155)	(26000, 0.13586956521739155)	(27000, 0.13586956521739155)	(28000, 0.13586956521739155)	(29000, 0.13586956521739155)	(30000, 0.13586956521739155)	(31000, 0.13586956521739155)	(32000, 0.13586956521739155)	(33000, 0.13586956521739155)	(34000, 0.13586956521739155)	(35000, 0.13586956521739155)	(36000, 0.13586956521739155)	(37000, 0.13586956521739155)	(38000, 0.13586956521739155)	(39000, 0.13586956521739155)	(40000, 0.13586956521739155)	(41000, 0.13586956521739155)	(42000, 0.13586956521739155)	(43000, 0.13586956521739155)	(44000, 0.13586956521739155)	(45000, 0.13586956521739155)	(46000, 0.13586956521739155)	(47000, 0.13586956521739155)	(48000, 0.13586956521739155)	(49000, 0.13586956521739155)	(50000, 0.13586956521739155)	(51000, 0.13586956521739155)	(52000, 0.13586956521739155)	(53000, 0.13586956521739155)	(54000, 0.13586956521739155)	(55000, 0.13586956521739155)	(56000, 0.13586956521739077)								
FAY99780_pass_barcode01_98e12ebb_5ad7f319_97 - polya	(1, 0.0)	(2, 0.0)	(3, 0.0)	(4, 0.0)	(5, 0.0)	(6, 0.0)	(7, 0.0)	(8, 0.0)	(9, 0.0)	(10, 0.10720411663807977)	(1000, 0.27437106918239074)	(2000, 0.4056603773584883)	(3000, 0.6289308176100578)	(4000, 0.6289308176100578)	(5000, 0.6289308176100578)	(6000, 0.6289308176100578)	(7000, 0.6289308176100578)	(8000, 0.6289308176100578)	(9000, 0.6289308176100578)	(10000, 0.6289308176100578)	(11000, 0.6289308176100578)	(12000, 0.6289308176100578)	(13000, 0.6289308176100578)	(14000, 0.6289308176100578)	(15000, 0.6289308176100578)	(16000, 0.6839622641509419)	(17000, 0.7861635220125719)	(18000, 0.7861635220125719)	(19000, 0.7861635220125719)	(20000, 0.7861635220125719)	(21000, 0.7861635220125719)	(22000, 0.8971698113207405)	(23000, 0.9433962264150813)	(24000, 0.9433962264150813)	(25000, 0.9433962264150813)	(26000, 0.9433962264150813)	(27000, 0.9433962264150813)	(28000, 0.9433962264150813)	(29000, 0.9433962264150813)	(30000, 0.9433962264150813)	(31000, 0.9583333333333218)	(32000, 1.1006289308176145)	(33000, 1.1006289308176145)	(34000, 1.1856918238993615)	(35000, 1.2578616352201155)	(36000, 1.2578616352201155)	(37000, 1.2578616352201155)	(38000, 1.2578616352201155)	(39000, 1.2578616352201155)	(40000, 1.2578616352201155)	(41000, 1.2578616352201155)	(42000, 1.2578616352201155)	(43000, 1.2578616352201155)	(44000, 1.2578616352201155)	(45000, 1.2578616352201155)	(46000, 1.2578616352201155)	(47000, 1.2578616352201155)	(48000, 1.2578616352201155)	(49000, 1.2578616352201342)															
FAY99780_pass_barcode01_98e12ebb_5ad7f319_98 - polya	(1, 0.0)	(2, 0.0)	(3, 0.0)	(4, 0.0)	(5, 0.0)	(6, 0.0)	(7, 0.0)	(8, 0.0)	(9, 0.0)	(10, 0.08526440879382013)	(1000, 0.1470588235294107)	(2000, 0.22955882352940865)	(3000, 0.420294117647056)	(4000, 0.44117647058823223)	(5000, 0.44117647058823223)	(6000, 0.44117647058823223)	(7000, 0.44117647058823223)	(8000, 0.44117647058823223)	(9000, 0.44117647058823223)	(10000, 0.44117647058823223)	(11000, 0.44117647058823223)	(12000, 0.6870588235294223)	(13000, 0.7352941176470696)	(14000, 0.7352941176470696)	(15000, 0.7430882352941275)	(16000, 0.8823529411764645)	(17000, 0.8823529411764645)	(18000, 0.8823529411764645)	(19000, 0.8823529411764645)	(20000, 0.8823529411764645)	(21000, 0.8823529411764645)	(22000, 0.8823529411764645)	(23000, 0.8823529411764645)	(24000, 0.8823529411764645)	(25000, 0.8823529411764645)	(26000, 0.8823529411764645)	(27000, 0.9192647058823418)	(28000, 1.0294117647058627)	(29000, 1.0294117647058627)	(30000, 1.0294117647058627)	(31000, 1.0294117647058627)	(32000, 1.0294117647058627)	(33000, 1.0294117647058627)	(34000, 1.0294117647058627)	(35000, 1.0294117647058627)	(36000, 1.0294117647058627)	(37000, 1.0294117647058627)	(38000, 1.0294117647058627)	(39000, 1.0294117647058627)	(40000, 1.0294117647058627)	(41000, 1.0294117647058627)	(42000, 1.0294117647058627)	(43000, 1.0294117647058627)	(44000, 1.0294117647058627)	(45000, 1.0294117647058627)	(46000, 1.0294117647058627)	(47000, 1.0294117647058627)	(48000, 1.0294117647058627)	(49000, 1.0294117647058627)	(50000, 1.0294117647058627)	(51000, 1.0294117647058627)	(52000, 1.0294117647058627)	(53000, 1.0294117647058665)											
FAY99780_pass_barcode01_98e12ebb_5ad7f319_98 - polyg	(1, 0.0)	(2, 0.0)	(3, 0.0)	(4, 0.0)	(5, 0.0)	(6, 0.0)	(7, 0.0)	(8, 0.0)	(9, 0.0)	(10, 0.0)	(1000, 0.0)	(2000, 0.0)	(3000, 0.0)	(4000, 0.0)	(5000, 0.0)	(6000, 0.0)	(7000, 0.0)	(8000, 0.0)	(9000, 0.0)	(10000, 0.0)	(11000, 0.0)	(12000, 0.0)	(13000, 0.0)	(14000, 0.0)	(15000, 0.0)	(16000, 0.0)	(17000, 0.0)	(18000, 0.0)	(19000, 0.0)	(20000, 0.0)	(21000, 0.0)	(22000, 0.0)	(23000, 0.0)	(24000, 0.04852941176470614)	(25000, 0.1470588235294107)	(26000, 0.1470588235294107)	(27000, 0.1470588235294107)	(28000, 0.1470588235294107)	(29000, 0.1470588235294107)	(30000, 0.1470588235294107)	(31000, 0.1470588235294107)	(32000, 0.1470588235294107)	(33000, 0.1470588235294107)	(34000, 0.1470588235294107)	(35000, 0.1470588235294107)	(36000, 0.1470588235294107)	(37000, 0.1470588235294107)	(38000, 0.1470588235294107)	(39000, 0.1470588235294107)	(40000, 0.1470588235294107)	(41000, 0.1470588235294107)	(42000, 0.1470588235294107)	(43000, 0.1470588235294107)	(44000, 0.1470588235294107)	(45000, 0.1470588235294107)	(46000, 0.1470588235294107)	(47000, 0.1470588235294107)	(48000, 0.1470588235294107)	(49000, 0.1470588235294107)	(50000, 0.1470588235294107)	(51000, 0.1470588235294107)	(52000, 0.1470588235294107)	(53000, 0.1470588235294105)											
FAY99780_pass_barcode01_98e12ebb_5ad7f319_99 - polya	(1, 0.0)	(2, 0.0)	(3, 0.0)	(4, 0.0)	(5, 0.0)	(6, 0.0)	(7, 0.0)	(8, 0.0)	(9, 0.0)	(10, 0.09426395277890082)	(2000, 0.13642564802182736)	(4000, 0.13642564802182736)	(6000, 0.20593451568894838)	(8000, 0.3717598908594795)	(10000, 0.5457025920873094)	(12000, 0.5457025920873094)	(14000, 0.5457025920873094)	(16000, 0.5457025920873094)	(18000, 0.5457025920873094)	(20000, 0.757094133697131)	(22000, 0.8185538881309642)	(24000, 0.8185538881309642)	(26000, 0.8185538881309642)	(28000, 0.9193042291951322)	(30000, 0.9549795361528443)	(32000, 1.0379945429740736)	(34000, 1.0914051841746188)	(36000, 1.0914051841746188)	(38000, 1.0914051841746188)	(40000, 1.0914051841746188)	(42000, 1.0914051841746188)	(44000, 1.0914051841746188)	(46000, 1.1690313778990995)	(48000, 1.2278308321965123)	(50000, 1.2278308321965123)	(52000, 1.2278308321965123)	(54000, 1.2278308321965123)	(56000, 1.2278308321965123)	(58000, 1.2278308321965123)	(60000, 1.2278308321965123)	(62000, 1.2278308321965123)	(64000, 1.2278308321965123)	(66000, 1.2278308321965123)	(68000, 1.2278308321965123)	(70000, 1.2278308321965123)	(72000, 1.2278308321965123)	(74000, 1.2278308321965123)	(76000, 1.2278308321965123)	(78000, 1.3063437926330557)	(80000, 1.3642564802183306)	(82000, 1.3642564802183306)	(84000, 1.3642564802183306)	(86000, 1.3642564802183306)	(88000, 1.3642564802182762)																				
FAY99780_pass_barcode01_98e12ebb_5ad7f319_99 - polyg	(1, 0.0)	(2, 0.0)	(3, 0.0)	(4, 0.0)	(5, 0.0)	(6, 0.0)	(7, 0.0)	(8, 0.0)	(9, 0.0)	(10, 0.0)	(2000, 0.0)	(4000, 0.0)	(6000, 0.0)	(8000, 0.0)	(10000, 0.0)	(12000, 0.0)	(14000, 0.0)	(16000, 0.0)	(18000, 0.0)	(20000, 0.09802182810368297)	(22000, 0.13642564802182736)	(24000, 0.13642564802182736)	(26000, 0.13642564802182736)	(28000, 0.13642564802182736)	(30000, 0.13642564802182736)	(32000, 0.1875170532060017)	(34000, 0.2728512960436547)	(36000, 0.3483628922237361)	(38000, 0.4092769440654821)	(40000, 0.4092769440654821)	(42000, 0.4092769440654821)	(44000, 0.4092769440654821)	(46000, 0.4092769440654821)	(48000, 0.4092769440654821)	(50000, 0.4092769440654821)	(52000, 0.4092769440654821)	(54000, 0.4092769440654821)	(56000, 0.4092769440654821)	(58000, 0.4092769440654821)	(60000, 0.4092769440654821)	(62000, 0.4092769440654821)	(64000, 0.4092769440654821)	(66000, 0.4092769440654821)	(68000, 0.4092769440654821)	(70000, 0.4092769440654821)	(72000, 0.4092769440654821)	(74000, 0.4092769440654821)	(76000, 0.4092769440654821)	(78000, 0.4092769440654821)	(80000, 0.4092769440654821)	(82000, 0.4092769440654821)	(84000, 0.4092769440654821)	(86000, 0.4092769440654821)	(88000, 0.40927694406548215)																				
