Sample	0	1	2	3	4	5	6	7	8	9	10	11	12	13	14	15	16	17	18	19	20	21	22	23	24	25	26	27	28	29	30	31	32	33	34	35	36	37	38	39	40	41	42	43	44	45	46	47	48	49	50	51	52	53	54	55	56	57	58	59	60	61	62	63	64	65	66	67	68	69	70	71	72	73
FAY99780_pass_barcode01_98e12ebb_5ad7f319_0	(1, 30.587360594795538)	(2, 29.489467162329618)	(3, 30.98884758364312)	(4, 31.54275092936803)	(5, 31.654275092936803)	(6, 31.775712515489467)	(7, 31.702602230483272)	(8, 31.391573729863694)	(9, 31.19454770755886)	(10, 29.635576522095718)	(1000, 29.56043052086111)	(2000, 29.56682413789744)	(3000, 29.638268961187457)	(4000, 30.03197815772449)	(5000, 29.951478360442135)	(6000, 29.753824300649274)	(7000, 29.886380766905422)	(8000, 30.165275416054236)	(9000, 30.237317123642764)	(10000, 30.49085888743558)	(11000, 30.04666346286553)	(12000, 30.102380039425476)	(13000, 30.15194189276923)	(14000, 30.001816870649584)	(15000, 30.728196076147814)	(16000, 29.369029734499186)	(17000, 29.327659897240455)	(18000, 30.20559441489361)	(19000, 29.699525190986574)	(20000, 29.482775000000053)	(21000, 29.87910788014735)	(22000, 30.54099320734024)	(23000, 30.05599526515151)	(24000, 30.473625)	(25000, 30.517271910919526)	(26000, 30.865256676911844)	(27000, 30.674268078443287)	(28000, 31.034601731601686)	(29000, 30.544280576441047)	(30000, 30.864519779841796)	(31000, 31.08365260180997)	(32000, 30.384846153846112)	(33000, 29.87193589743588)	(34000, 31.69033333333333)	(35000, 31.29481818181816)	(36000, 30.574727272727287)	(37000, 31.244138383838383)	(38000, 28.517000000000007)	(39000, 29.420142857142846)	(40000, 28.787119047619036)	(41000, 28.625833333333304)	(42000, 29.320499999999967)	(43000, 28.02690000000002)	(44000, 27.19745)	(45000, 28.083166666666678)	(46000, 22.020666666666664)	(47000, 19.095)	(48000, 19.574)	(49000, 20.295)	(50000, 19.438)	(51000, 16.556)	(52000, 17.342)	(53000, 17.322)	(54000, 17.236453201970445)										
FAY99780_pass_barcode01_98e12ebb_5ad7f319_1	(1, 29.516640253565768)	(2, 28.385895404120443)	(3, 29.98256735340729)	(4, 30.416798732171156)	(5, 30.862123613312203)	(6, 30.844690966719494)	(7, 30.857369255150555)	(8, 30.778129952456418)	(9, 30.40253565768621)	(10, 29.47130744321328)	(1000, 28.881530542950035)	(2000, 28.682862410762695)	(3000, 28.865229147496198)	(4000, 28.765078481988848)	(5000, 29.085310098387126)	(6000, 29.291091836557666)	(7000, 29.33399164938089)	(8000, 29.332998113458665)	(9000, 29.304454258087)	(10000, 29.33484242343629)	(11000, 29.456945171206527)	(12000, 29.10758416394827)	(13000, 29.381705584300303)	(14000, 29.67338093754672)	(15000, 29.537220566134195)	(16000, 29.537897882410338)	(17000, 29.671492559222816)	(18000, 29.2575598381723)	(19000, 29.1519263766343)	(20000, 28.858168809793668)	(21000, 29.660276845815602)	(22000, 29.483111323239797)	(23000, 29.7483941279328)	(24000, 28.68273236755204)	(25000, 28.861563989158206)	(26000, 29.11415157308555)	(27000, 27.908027135113876)	(28000, 27.697293220338963)	(29000, 27.777249670610672)	(30000, 28.02761445451059)	(31000, 26.78917900154652)	(32000, 26.550312440447613)	(33000, 27.815170225237765)	(34000, 26.585308669354834)	(35000, 27.43645500821014)	(36000, 27.114766758595643)	(37000, 28.64429578392625)	(38000, 28.1144390326306)	(39000, 27.38456190476188)	(40000, 25.143478021978027)	(41000, 27.742674592074568)	(42000, 27.241655555555578)	(43000, 28.666861111111118)	(44000, 26.644875)	(45000, 26.44550595238093)	(46000, 24.9798)	(47000, 27.04739999999999)	(48000, 25.492433333333313)	(49000, 21.565166666666663)	(50000, 20.418)	(51000, 19.2025)	(52000, 22.473)	(53000, 20.972)	(54000, 20.5185)	(55000, 20.754)	(56000, 24.408)	(57000, 22.608974358974358)							
FAY99780_pass_barcode01_98e12ebb_5ad7f319_10	(1, 29.615334207077325)	(2, 28.13040629095675)	(3, 29.77326343381389)	(4, 29.912844036697248)	(5, 30.211009174311926)	(6, 30.21035386631717)	(7, 30.147444298820446)	(8, 30.077981651376145)	(9, 30.01048492791612)	(10, 29.685352415528378)	(1000, 29.750259586891996)	(2000, 29.65767721589895)	(3000, 29.528529148453657)	(4000, 29.547438504266054)	(5000, 29.380727267321294)	(6000, 29.558412464984478)	(7000, 29.548416260460595)	(8000, 29.493450958579555)	(9000, 29.488691632119593)	(10000, 29.344979962417387)	(11000, 29.31581660832131)	(12000, 29.399124038424382)	(13000, 29.20522131190161)	(14000, 29.306038520606013)	(15000, 29.24388177283614)	(16000, 29.245440433069515)	(17000, 29.324138188967535)	(18000, 29.537834436626394)	(19000, 29.26319984724998)	(20000, 28.78667809095617)	(21000, 28.810256620472543)	(22000, 29.266274864629704)	(23000, 29.165469747394997)	(24000, 29.321771213805114)	(25000, 29.135565531333135)	(26000, 28.953855203455547)	(27000, 29.912306045682218)	(28000, 29.74469427945978)	(29000, 29.317766800601746)	(30000, 29.43589900075721)	(31000, 29.197231939133438)	(32000, 28.689734705341188)	(33000, 27.986602818369565)	(34000, 28.50178009527541)	(35000, 28.637001018682334)	(36000, 29.164386268599394)	(37000, 28.281327054326134)	(38000, 27.385387979622482)	(39000, 27.396665584415594)	(40000, 27.71582610939118)	(41000, 27.721762745098044)	(42000, 26.898533333333347)	(43000, 27.89756666666668)	(44000, 25.636293306693293)	(45000, 23.62529166666667)	(46000, 25.041660714285715)	(47000, 25.509742857142825)	(48000, 27.52575)	(49000, 25.79225)	(50000, 25.3145)	(51000, 28.644)	(52000, 30.652)	(53000, 31.24665981500514)											
FAY99780_pass_barcode01_98e12ebb_5ad7f319_100	(1, 28.383360522022837)	(2, 27.02446982055465)	(3, 28.69004893964111)	(4, 28.724306688417617)	(5, 29.192495921696572)	(6, 29.67047308319739)	(7, 29.814029363784666)	(8, 29.636215334420882)	(9, 29.729200652528547)	(10, 28.59447322093064)	(1000, 28.906328069418663)	(2000, 28.818506943080912)	(3000, 28.94777904901799)	(4000, 28.91636370943485)	(5000, 28.778992057803926)	(6000, 28.72024604835091)	(7000, 28.646403435231903)	(8000, 28.56993537896342)	(9000, 28.926722972124136)	(10000, 28.966334161695247)	(11000, 29.543202742538313)	(12000, 29.449393418431356)	(13000, 29.229496766691575)	(14000, 29.412407409191943)	(15000, 29.422596295973822)	(16000, 29.15729232335137)	(17000, 29.038578189407858)	(18000, 29.30737906057769)	(19000, 29.335192622246115)	(20000, 29.227763511008302)	(21000, 29.84316390198659)	(22000, 29.586182171945694)	(23000, 29.511869850116742)	(24000, 29.16721071827765)	(25000, 30.15465132484119)	(26000, 30.025801130077436)	(27000, 29.600888095238112)	(28000, 28.95193179975069)	(29000, 29.129710752688194)	(30000, 29.077610098522154)	(31000, 27.929412800162773)	(32000, 28.878509230769257)	(33000, 28.89258333333332)	(34000, 27.449864721256375)	(35000, 29.131125863678818)	(36000, 28.711241758241734)	(37000, 28.57733333333337)	(38000, 28.275583333333305)	(39000, 27.689636868686854)	(40000, 28.087486111111108)	(41000, 28.663875)	(42000, 29.051946428571476)	(43000, 26.86735238095239)	(44000, 26.032166666666672)	(45000, 27.8565)	(46000, 27.483)	(47000, 22.417)	(48000, 27.557620817843866)																
FAY99780_pass_barcode01_98e12ebb_5ad7f319_101	(1, 29.194902548725636)	(2, 27.952023988005998)	(3, 29.740629685157423)	(4, 30.092953523238382)	(5, 30.680659670164918)	(6, 30.673163418290855)	(7, 30.45727136431784)	(8, 30.530734632683657)	(9, 30.338830584707647)	(10, 28.92593694060399)	(1000, 29.003480367880062)	(2000, 28.884804338282656)	(3000, 29.007234031290746)	(4000, 28.803355274289768)	(5000, 28.90471566865778)	(6000, 28.84892467730913)	(7000, 29.201710730803338)	(8000, 28.926036066396943)	(9000, 28.69113846503167)	(10000, 28.686169180814748)	(11000, 28.873894995489565)	(12000, 28.81843652157624)	(13000, 28.7030657798966)	(14000, 28.69827308969118)	(15000, 29.099414212093762)	(16000, 28.45586946251326)	(17000, 28.75964814082676)	(18000, 28.53880561403667)	(19000, 29.137155837979464)	(20000, 29.12137417415314)	(21000, 29.493421255227258)	(22000, 29.985451094434012)	(23000, 30.01942093641953)	(24000, 29.379219607434198)	(25000, 29.043976099251978)	(26000, 29.743849002849007)	(27000, 29.768622564102547)	(28000, 29.497138998682495)	(29000, 29.105132034632014)	(30000, 29.157016332497857)	(31000, 28.069212418300676)	(32000, 28.359348246606327)	(33000, 27.36327727272728)	(34000, 27.60049999999998)	(35000, 27.946611111111125)	(36000, 28.5215)	(37000, 27.832320238095225)	(38000, 29.2465)	(39000, 27.73499999999999)	(40000, 31.815)	(41000, 28.7755)	(42000, 28.286)	(43000, 30.1655)	(44000, 30.797)	(45000, 33.23913043478261)																			
FAY99780_pass_barcode01_98e12ebb_5ad7f319_102	(1, 28.105545617173526)	(2, 26.892665474060824)	(3, 28.688729874776385)	(4, 29.123434704830053)	(5, 29.644007155635062)	(6, 30.094812164579608)	(7, 30.207513416815743)	(8, 29.90339892665474)	(9, 29.926654740608228)	(10, 28.505047192977102)	(1000, 28.535915550709735)	(2000, 28.92412762021603)	(3000, 28.97490222510977)	(4000, 28.81363047005223)	(5000, 28.72759627567574)	(6000, 28.972522011406163)	(7000, 28.94717279745813)	(8000, 28.763051862602715)	(9000, 28.485205728594757)	(10000, 28.783543434192126)	(11000, 28.414502040573797)	(12000, 28.314601463494455)	(13000, 28.630196334058507)	(14000, 28.678124706621105)	(15000, 29.3178191737283)	(16000, 28.94436633965891)	(17000, 28.85711050947943)	(18000, 28.948991480846217)	(19000, 28.986471698113185)	(20000, 28.626433962264148)	(21000, 28.88900834542813)	(22000, 28.872184162895937)	(23000, 29.341296683033587)	(24000, 28.321462353938298)	(25000, 28.027295918851156)	(26000, 28.611550140817307)	(27000, 28.01720689655177)	(28000, 27.907572842546998)	(29000, 27.876444444444463)	(30000, 27.098666666666663)	(31000, 27.940259259259268)	(32000, 28.15472900888163)	(33000, 28.20878654970759)	(34000, 28.07374673292391)	(35000, 27.640358974358968)	(36000, 28.138892424242442)	(37000, 28.987955555555537)	(38000, 29.517287698412698)	(39000, 28.60595238095241)	(40000, 27.830166666666635)	(41000, 28.87016666666666)	(42000, 28.77066666666669)	(43000, 27.922266666666648)	(44000, 29.08575)	(45000, 28.208)	(46000, 26.865000000000002)	(47000, 27.765)	(48000, 28.3365)	(49000, 25.107)	(50000, 26.509)	(51000, 25.823)	(52000, 28.44)	(53000, 28.989)	(54000, 23.3953488372093)										
FAY99780_pass_barcode01_98e12ebb_5ad7f319_103	(1, 27.894187779433683)	(2, 26.614008941877795)	(3, 28.21162444113264)	(4, 28.89865871833085)	(5, 29.435171385991058)	(6, 29.353204172876303)	(7, 29.263785394932935)	(8, 29.019374068554395)	(9, 29.01192250372578)	(10, 28.37184464981289)	(5000, 28.560293133349234)	(10000, 28.162645331140876)	(15000, 28.20910659738222)	(20000, 27.83768843740134)	(25000, 28.215412859468437)	(30000, 28.403764111699154)	(35000, 27.665470954518312)	(40000, 27.45229330879617)	(45000, 27.612509854078652)	(50000, 27.781449643680105)	(55000, 27.119035248542342)	(60000, 26.580198383838404)	(65000, 20.40462952380949)	(70000, 14.02361666666666)	(75000, 13.995866666666672)	(80000, 14.619133333333307)	(85000, 15.075366666666666)	(90000, 15.3794)	(95000, 15.8357)	(100000, 16.1354)	(105000, 14.5989)	(110000, 15.3716)	(115000, 15.6784)	(120000, 14.8282)	(125000, 15.6556)	(130000, 15.296650717703349)																																						
FAY99780_pass_barcode01_98e12ebb_5ad7f319_104	(1, 28.929460580912863)	(2, 27.599585062240664)	(3, 28.524896265560166)	(4, 28.983402489626556)	(5, 29.65560165975104)	(6, 29.860995850622405)	(7, 30.016597510373444)	(8, 29.62448132780083)	(9, 29.435684647302903)	(10, 28.84482986923518)	(1000, 28.740760485024232)	(2000, 28.651810760417195)	(3000, 28.81670739288627)	(4000, 28.131865813274338)	(5000, 28.409846860802823)	(6000, 28.324637665428384)	(7000, 28.63194901943859)	(8000, 27.766431587207922)	(9000, 28.1746374073864)	(10000, 28.392618065434206)	(11000, 28.19753599327749)	(12000, 28.27690270020973)	(13000, 28.412478644442672)	(14000, 28.775835254101683)	(15000, 28.057381017875684)	(16000, 28.238673890063446)	(17000, 28.458691039457797)	(18000, 29.145163967611364)	(19000, 27.761683222696377)	(20000, 27.821184780578907)	(21000, 28.20558489304813)	(22000, 28.01119137004082)	(23000, 28.08442948367084)	(24000, 27.659098247863234)	(25000, 28.53556702898549)	(26000, 28.457592885375508)	(27000, 29.189939678965736)	(28000, 27.66946323529411)	(29000, 27.261491666666632)	(30000, 27.313800000000036)	(31000, 27.974000000000036)	(32000, 27.84966190476194)	(33000, 27.13297802197802)	(34000, 24.67229630924631)	(35000, 25.075777777777777)	(36000, 27.414978571428588)	(37000, 25.860400000000027)	(38000, 26.308599999999988)	(39000, 28.43859999999997)	(40000, 25.20439999999998)	(41000, 26.9828)	(42000, 27.39125)	(43000, 27.74925)	(44000, 26.53275)	(45000, 26.845083333333324)	(46000, 27.79300000000005)	(47000, 25.531666666666695)	(48000, 26.104666666666667)	(49000, 23.6095)	(50000, 22.506)	(51000, 22.61)	(52000, 24.14639175257732)												
FAY99780_pass_barcode01_98e12ebb_5ad7f319_105	(1, 28.932989690721648)	(2, 27.75644329896907)	(3, 29.199742268041238)	(4, 29.65077319587629)	(5, 30.042525773195877)	(6, 30.48582474226804)	(7, 30.34922680412371)	(8, 30.344072164948454)	(9, 30.314432989690722)	(10, 28.931273882588737)	(1000, 29.152554933967103)	(2000, 28.969045434107766)	(3000, 29.100770543734573)	(4000, 29.12521740332055)	(5000, 29.221982081984866)	(6000, 29.465814471118595)	(7000, 29.542738208184346)	(8000, 29.48740225082873)	(9000, 29.003934670490256)	(10000, 29.13533050715447)	(11000, 28.803285523587626)	(12000, 29.215844973259937)	(13000, 29.24701245063162)	(14000, 28.471008737494927)	(15000, 28.7507554361446)	(16000, 28.65702012762625)	(17000, 28.41002971548753)	(18000, 28.838404781386963)	(19000, 28.645666737167666)	(20000, 29.047024065585575)	(21000, 28.61920412076361)	(22000, 29.491085550804893)	(23000, 28.965158748114607)	(24000, 29.05848978913585)	(25000, 28.706630797329183)	(26000, 28.471274999999974)	(27000, 29.42862097876463)	(28000, 28.77687700534756)	(29000, 29.15300000000001)	(30000, 29.19991681940373)	(31000, 29.466074935113106)	(32000, 29.34949775448055)	(33000, 29.440630195529113)	(34000, 29.94327986633248)	(35000, 29.95353921568629)	(36000, 30.203517886770097)	(37000, 29.77241666666667)	(38000, 30.138333333333343)	(39000, 30.32599999999998)	(40000, 29.085690909090964)	(41000, 28.665499999999955)	(42000, 27.412222222222187)	(43000, 26.764208333333343)	(44000, 29.235466666666678)	(45000, 27.58339999999999)	(46000, 28.42174999999999)	(47000, 25.71324999999999)	(48000, 25.648)	(49000, 26.0275)	(50000, 22.328)	(51000, 22.1)	(52000, 22.023)	(53000, 22.841)	(54000, 26.355)	(55000, 24.865232163080407)									
FAY99780_pass_barcode01_98e12ebb_5ad7f319_106	(1, 28.792297111416783)	(2, 27.56946354883081)	(3, 29.268225584594223)	(4, 29.621733149931224)	(5, 30.105914718019257)	(6, 30.224209078404403)	(7, 30.110041265474553)	(8, 29.775790921595597)	(9, 29.499312242090785)	(10, 28.751706784789892)	(1000, 29.096168448067207)	(2000, 29.117035086708068)	(3000, 29.35825551924805)	(4000, 29.17514281848967)	(5000, 29.38924202204077)	(6000, 29.432346627648474)	(7000, 29.443481488635726)	(8000, 29.38773996067426)	(9000, 29.39315433262554)	(10000, 29.80338128959296)	(11000, 29.97203293734109)	(12000, 29.651203519131727)	(13000, 29.996810082574715)	(14000, 30.226335067820035)	(15000, 29.94705334316608)	(16000, 30.077096140350907)	(17000, 30.280194967708695)	(18000, 30.696855780750212)	(19000, 30.315867650058248)	(20000, 30.87104176267279)	(21000, 30.330044978830166)	(22000, 30.223908214501744)	(23000, 30.14399859265407)	(24000, 30.182714285714276)	(25000, 29.34633155241742)	(26000, 30.033099595551032)	(27000, 29.786964468033432)	(28000, 29.13779765478423)	(29000, 29.33663750592699)	(30000, 29.835154910793193)	(31000, 30.49783901515154)	(32000, 30.203316061827977)	(33000, 30.24002058018605)	(34000, 29.42959212250712)	(35000, 28.528671513269387)	(36000, 29.272882205513802)	(37000, 30.246750408496762)	(38000, 29.99357023809524)	(39000, 31.24242066267068)	(40000, 30.161999999999974)	(41000, 30.319647222222223)	(42000, 29.860319047619004)	(43000, 32.117700000000006)	(44000, 32.80583333333335)	(45000, 31.99950000000001)	(46000, 31.854)	(47000, 30.962)	(48000, 30.821)	(49000, 28.669)	(50000, 26.352214212152422)														
FAY99780_pass_barcode01_98e12ebb_5ad7f319_107	(1, 29.005657708628007)	(2, 27.79066478076379)	(3, 29.701555869872703)	(4, 30.326732673267326)	(5, 31.01838755304102)	(6, 31.376237623762375)	(7, 31.285714285714285)	(8, 30.917963224893917)	(9, 30.74964639321075)	(10, 29.01180842749392)	(2000, 29.258025390383956)	(4000, 29.425918343375635)	(6000, 29.607142747540056)	(8000, 29.541264814630583)	(10000, 29.353072901849867)	(12000, 29.50706365514464)	(14000, 29.289389455162837)	(16000, 29.414327021341553)	(18000, 29.288415665866108)	(20000, 29.292670868058583)	(22000, 29.08700158941446)	(24000, 29.5067955829733)	(26000, 28.960167056465572)	(28000, 29.341323153761525)	(30000, 29.05366075741934)	(32000, 28.54577786041665)	(34000, 27.802014698029065)	(36000, 27.90232920695197)	(38000, 27.755447495645086)	(40000, 28.40654499128917)	(42000, 27.45075192307692)	(44000, 28.130788366719777)	(46000, 28.95736853627343)	(48000, 29.362303776683092)	(50000, 28.9219284698434)	(52000, 29.05469113693328)	(54000, 29.082959924320622)	(56000, 28.72651516779788)	(58000, 27.234449592074622)	(60000, 26.74770000000002)	(62000, 25.288801388888885)	(64000, 25.078336309523785)	(66000, 26.641325)	(68000, 26.86770833333334)	(70000, 26.127333333333315)	(72000, 25.708000000000027)	(74000, 29.16725)	(76000, 34.287)	(78000, 31.664)	(80000, 32.432)	(82000, 28.1395)	(84000, 26.8725)	(86000, 26.9315)	(88000, 27.7515)	(90000, 28.4435)	(92000, 28.5415)	(94000, 28.959)	(96000, 26.3715)	(98000, 28.0795)	(100000, 22.9885)	(102000, 26.3035)	(104000, 28.7065)	(106000, 28.98533903481979)											
FAY99780_pass_barcode01_98e12ebb_5ad7f319_108	(1, 29.40226171243942)	(2, 28.231017770597738)	(3, 29.61550888529887)	(4, 30.01130856219709)	(5, 30.074313408723746)	(6, 30.35379644588045)	(7, 29.991922455573505)	(8, 29.91760904684976)	(9, 29.620355411954765)	(10, 28.83481621843615)	(1000, 28.826437328838622)	(2000, 28.9144509066789)	(3000, 28.892149096364218)	(4000, 29.26119404426874)	(5000, 29.167030547339266)	(6000, 28.797930157342762)	(7000, 28.88664614248511)	(8000, 28.793293265351988)	(9000, 29.32048399893971)	(10000, 29.16735552749747)	(11000, 29.03800668362328)	(12000, 28.954521724528743)	(13000, 29.306789940922794)	(14000, 29.54156703446365)	(15000, 29.35114598532798)	(16000, 29.707196427201506)	(17000, 28.9414567132204)	(18000, 29.80946880480713)	(19000, 29.35462045760202)	(20000, 29.30305331633111)	(21000, 29.230280351023463)	(22000, 29.02958454581809)	(23000, 29.241985570568865)	(24000, 29.89665384615383)	(25000, 29.117420445024194)	(26000, 28.991227705928488)	(27000, 29.794757803932708)	(28000, 29.03874915654521)	(29000, 29.043215361791628)	(30000, 28.20401673155357)	(31000, 29.586922003284084)	(32000, 28.975431766381742)	(33000, 29.602914855072477)	(34000, 29.871655599055416)	(35000, 29.52838553921567)	(36000, 29.030880952380972)	(37000, 29.63992857142859)	(38000, 29.022047535797572)	(39000, 31.21372727272728)	(40000, 30.13863647186147)	(41000, 31.807999999999975)	(42000, 31.45879047619047)	(43000, 32.658399999999965)	(44000, 32.31600000000002)	(45000, 29.88476666666667)	(46000, 30.039)	(47000, 31.244)	(48000, 27.024)	(49000, 27.772)	(50000, 26.317324185248715)														
FAY99780_pass_barcode01_98e12ebb_5ad7f319_109	(1, 28.701842546063652)	(2, 27.00502512562814)	(3, 28.8107202680067)	(4, 29.46566164154104)	(5, 30.22613065326633)	(6, 30.023450586264655)	(7, 30.013400335008374)	(8, 29.939698492462313)	(9, 29.45393634840871)	(10, 28.779846791424042)	(1000, 29.18791361025312)	(2000, 29.099551216816668)	(3000, 29.2165160001782)	(4000, 29.113510583770367)	(5000, 29.292372576687125)	(6000, 29.238828905082315)	(7000, 29.23485395286552)	(8000, 29.150267838917454)	(9000, 29.439716084738183)	(10000, 29.11506741198573)	(11000, 28.91297468265037)	(12000, 28.37884985678366)	(13000, 29.1440186875434)	(14000, 29.12347142645479)	(15000, 28.931982513661175)	(16000, 29.27504079759666)	(17000, 28.924990691870292)	(18000, 28.13243541792297)	(19000, 27.32101495016608)	(20000, 27.82479210220671)	(21000, 27.8722406400426)	(22000, 26.13957770425259)	(23000, 26.74140537634407)	(24000, 25.837507963875208)	(25000, 27.144535714285738)	(26000, 25.58395767195766)	(27000, 27.207074074074082)	(28000, 26.735326210826216)	(29000, 26.788165256410263)	(30000, 26.153436053077357)	(31000, 26.803545238095232)	(32000, 26.574894736842126)	(33000, 26.31705290923387)	(34000, 26.234505494505488)	(35000, 26.644538461538453)	(36000, 25.39098076923077)	(37000, 26.74280454545456)	(38000, 26.73669999999999)	(39000, 26.556233333333363)	(40000, 24.808152777777778)	(41000, 25.71175)	(42000, 26.892836904761914)	(43000, 28.52)	(44000, 23.547750000000022)	(45000, 24.955500000000004)	(46000, 27.736)	(47000, 27.166)	(48000, 23.884)	(49000, 23.223140495867767)															
FAY99780_pass_barcode01_98e12ebb_5ad7f319_11	(1, 29.449668874172186)	(2, 28.113245033112584)	(3, 29.875496688741723)	(4, 30.517218543046358)	(5, 30.837086092715232)	(6, 31.06092715231788)	(7, 30.895364238410597)	(8, 30.752980132450332)	(9, 30.517218543046358)	(10, 29.78114601231)	(1000, 29.62766733634556)	(2000, 29.507924374427198)	(3000, 29.683648740129737)	(4000, 29.85334808655546)	(5000, 29.748268098946426)	(6000, 29.756810550343452)	(7000, 29.74383207532699)	(8000, 29.5904475922242)	(9000, 29.174353761258864)	(10000, 29.2179057143371)	(11000, 29.51860156947459)	(12000, 29.22521650031893)	(13000, 29.20414340445007)	(14000, 29.30997631974151)	(15000, 29.495133382298373)	(16000, 29.52674129200431)	(17000, 29.61574036149958)	(18000, 29.334027116068224)	(19000, 29.359514659655126)	(20000, 28.913762456092442)	(21000, 29.166060063683272)	(22000, 29.017600602859492)	(23000, 29.122727463502958)	(24000, 29.338086336277964)	(25000, 29.347464740508713)	(26000, 29.361796864706346)	(27000, 29.622572086363665)	(28000, 29.45383504525847)	(29000, 28.596939317223562)	(30000, 28.873043603857102)	(31000, 28.50051570210017)	(32000, 28.09137677883585)	(33000, 29.329873578561298)	(34000, 28.48314711662263)	(35000, 28.865868745736726)	(36000, 27.7649902941169)	(37000, 27.860462547048858)	(38000, 28.705345971984258)	(39000, 27.827970972436866)	(40000, 27.722697915184668)	(41000, 28.18089308300395)	(42000, 27.524272798417627)	(43000, 27.461266704129184)	(44000, 28.285521103896105)	(45000, 24.178266666666616)	(46000, 27.8415)	(47000, 30.259)	(48000, 25.72)	(49000, 27.34762979683973)															
FAY99780_pass_barcode01_98e12ebb_5ad7f319_110	(1, 28.587479935794544)	(2, 27.59550561797753)	(3, 28.990369181380416)	(4, 29.56661316211878)	(5, 30.337078651685392)	(6, 30.656500802568218)	(7, 30.648475120385232)	(8, 30.751203852327446)	(9, 30.130016051364365)	(10, 28.727415250325432)	(1000, 28.96070214992203)	(2000, 28.77686981295295)	(3000, 28.621318604077274)	(4000, 28.743665445507418)	(5000, 29.197928404781848)	(6000, 29.109321971275765)	(7000, 29.075950901166312)	(8000, 29.17542560594725)	(9000, 28.978837747190397)	(10000, 29.08110879428065)	(11000, 29.161627000183977)	(12000, 28.9139879609262)	(13000, 28.622216292817395)	(14000, 28.603106711008333)	(15000, 29.011890653205118)	(16000, 28.571325147364867)	(17000, 28.650675632664015)	(18000, 28.61783146230173)	(19000, 27.893934633970403)	(20000, 28.489916680418464)	(21000, 28.01360375856518)	(22000, 28.427252246049225)	(23000, 28.139510467806645)	(24000, 27.829246322537138)	(25000, 27.945300395131966)	(26000, 27.654921153234028)	(27000, 27.8076875)	(28000, 27.345837119948065)	(29000, 28.38130728474591)	(30000, 28.514580072463747)	(31000, 28.986547619047663)	(32000, 29.55867631578947)	(33000, 28.477358832129337)	(34000, 28.100597619047623)	(35000, 26.232560439560473)	(36000, 26.659214452214393)	(37000, 27.22345454545454)	(38000, 27.670181818181792)	(39000, 27.888181818181817)	(40000, 26.91555454545455)	(41000, 27.87059999999997)	(42000, 28.749211111111084)	(43000, 29.708791666666674)	(44000, 30.83216666666668)	(45000, 31.24453333333334)	(46000, 29.470833333333342)	(47000, 33.42402826855124)																	
FAY99780_pass_barcode01_98e12ebb_5ad7f319_111	(1, 28.9185303514377)	(2, 27.381789137380192)	(3, 28.99520766773163)	(4, 29.463258785942493)	(5, 29.87380191693291)	(6, 30.212460063897762)	(7, 30.138977635782748)	(8, 29.856230031948883)	(9, 29.30670926517572)	(10, 28.86538164403656)	(1000, 28.835291695370653)	(2000, 28.9197517898647)	(3000, 28.785682499797538)	(4000, 29.29955651107893)	(5000, 29.284642413524065)	(6000, 29.49639417077984)	(7000, 29.261448182369445)	(8000, 29.212091697913582)	(9000, 29.50132177624146)	(10000, 29.433560213060098)	(11000, 29.352954008885458)	(12000, 29.406205853193608)	(13000, 29.05002051008025)	(14000, 28.962130609068517)	(15000, 29.00466891378655)	(16000, 29.01856527018957)	(17000, 29.136446818955786)	(18000, 29.43447895757208)	(19000, 29.305434696163353)	(20000, 29.195291534833935)	(21000, 29.435370254218338)	(22000, 29.002587712462958)	(23000, 28.632386723858705)	(24000, 28.18283394570323)	(25000, 28.38638738164171)	(26000, 28.314531639020753)	(27000, 28.757382065076502)	(28000, 29.335669521620943)	(29000, 28.7885109351433)	(30000, 29.081948251300524)	(31000, 28.83858953900704)	(32000, 28.448702127659626)	(33000, 29.269353780604515)	(34000, 29.540567552602464)	(35000, 29.468952923702304)	(36000, 29.151821260531765)	(37000, 28.70377236227827)	(38000, 29.042309269162196)	(39000, 28.86206439393939)	(40000, 28.456221774193537)	(41000, 29.382386385080316)	(42000, 29.49604333333333)	(43000, 29.58782796913229)	(44000, 29.609904761904794)	(45000, 29.946452380952397)	(46000, 29.30548216374271)	(47000, 28.522444444444453)	(48000, 28.61204534313724)	(49000, 29.9408125)	(50000, 30.66547142857145)	(51000, 30.83808241758239)	(52000, 29.52944871794873)	(53000, 31.5678106060606)	(54000, 31.904322222222213)	(55000, 31.456777777777788)	(56000, 31.51544444444444)	(57000, 30.552660714285693)	(58000, 31.68414285714285)	(59000, 30.854857142857206)	(60000, 29.388319047619017)	(61000, 30.827599999999993)	(62000, 25.927783333333355)	(63000, 28.25)	(64000, 26.45852534562212)
FAY99780_pass_barcode01_98e12ebb_5ad7f319_112	(1, 28.545871559633028)	(2, 27.154434250764528)	(3, 28.80581039755352)	(4, 29.319571865443425)	(5, 29.577981651376145)	(6, 29.74617737003058)	(7, 29.573394495412845)	(8, 29.567278287461775)	(9, 29.515290519877677)	(10, 28.73944170444387)	(2000, 28.83658169455574)	(4000, 28.899972478206454)	(6000, 28.73519055709046)	(8000, 28.90814985959207)	(10000, 29.00494591788936)	(12000, 28.685042176383124)	(14000, 28.99398854049036)	(16000, 28.905701168325436)	(18000, 28.7704364155945)	(20000, 28.92676042108876)	(22000, 29.23900807347854)	(24000, 29.101368362873988)	(26000, 28.95759036051579)	(28000, 29.367013413112687)	(30000, 28.720776866491008)	(32000, 28.590272991543326)	(34000, 28.900501248786863)	(36000, 27.978123786181104)	(38000, 28.027516423978984)	(40000, 27.678968383787407)	(42000, 28.550316609151754)	(44000, 28.779629987848406)	(46000, 29.1667222222222)	(48000, 28.79240931372549)	(50000, 29.14937916666668)	(52000, 28.68205952380953)	(54000, 29.544218864468856)	(56000, 29.29869469696971)	(58000, 25.825875000000007)	(60000, 19.510003571428577)	(62000, 15.697166666666675)	(64000, 20.29475)	(66000, 21.93)	(68000, 12.6325)	(70000, 13.3255)	(72000, 12.086294416243655)																												
FAY99780_pass_barcode01_98e12ebb_5ad7f319_113	(1, 28.767772511848342)	(2, 27.518957345971565)	(3, 28.841232227488153)	(4, 29.281990521327014)	(5, 29.63270142180095)	(6, 30.175355450236967)	(7, 30.040284360189574)	(8, 30.182464454976305)	(9, 29.805687203791468)	(10, 28.948677671313206)	(1000, 29.248925547213112)	(2000, 29.59967283909938)	(3000, 29.44119538490207)	(4000, 29.483351886165394)	(5000, 29.30950477614257)	(6000, 29.27760019440584)	(7000, 29.799835328632177)	(8000, 30.03538340173256)	(9000, 30.046319226750242)	(10000, 29.768193765324646)	(11000, 29.833730989237253)	(12000, 29.69175180152448)	(13000, 29.744720899462777)	(14000, 29.836804136724567)	(15000, 30.103104740410192)	(16000, 29.80679188407725)	(17000, 29.617629117927756)	(18000, 30.22105594157683)	(19000, 30.128579588394043)	(20000, 30.18641109530584)	(21000, 29.91508213362331)	(22000, 30.619226325757577)	(23000, 30.32657762096774)	(24000, 30.294925806451644)	(25000, 30.19384367816096)	(26000, 29.998172413793053)	(27000, 30.52856034482755)	(28000, 29.64617525916113)	(29000, 29.850860275689225)	(30000, 30.298473684210503)	(31000, 29.863380116959043)	(32000, 29.22801307189544)	(33000, 30.05919010989011)	(34000, 28.67899090909092)	(35000, 30.496666666666666)	(36000, 30.22867857142859)	(37000, 28.271547619047606)	(38000, 28.990333333333382)	(39000, 30.641833333333338)	(40000, 26.434700000000003)	(41000, 29.166949999999993)	(42000, 30.139666666666663)	(43000, 30.802)	(44000, 31.5065963060686)																				
FAY99780_pass_barcode01_98e12ebb_5ad7f319_114	(1, 28.91588785046729)	(2, 27.303070761014688)	(3, 28.945260347129505)	(4, 29.42456608811749)	(5, 29.85981308411215)	(6, 30.23898531375167)	(7, 29.99599465954606)	(8, 30.078771695594124)	(9, 30.034712950600802)	(10, 29.062592166346455)	(1000, 29.079335106696053)	(2000, 28.933893311060025)	(3000, 28.96132017192799)	(4000, 29.172259334271583)	(5000, 29.472819046312193)	(6000, 29.40401752451808)	(7000, 29.297061972532692)	(8000, 29.34159187483319)	(9000, 29.58633864073402)	(10000, 29.863285030006388)	(11000, 29.72730387091187)	(12000, 29.567351448396998)	(13000, 29.594450877130868)	(14000, 29.530469835833134)	(15000, 29.163474899984067)	(16000, 29.425680114976778)	(17000, 29.219482358409447)	(18000, 28.404837581861816)	(19000, 28.65724806747979)	(20000, 29.003214744633674)	(21000, 28.428830513784412)	(22000, 28.524582566874095)	(23000, 27.995081722183176)	(24000, 27.957082660088414)	(25000, 27.276247978856716)	(26000, 27.50709756097558)	(27000, 26.810445093973275)	(28000, 27.44840855968753)	(29000, 27.953030558191017)	(30000, 27.196628624397498)	(31000, 27.60044704433494)	(32000, 27.7208262958539)	(33000, 28.31877433801897)	(34000, 28.549926900584765)	(35000, 28.23764705882352)	(36000, 28.195020601702243)	(37000, 28.64882350427352)	(38000, 27.16455555555553)	(39000, 28.017652777777784)	(40000, 28.24430357142854)	(41000, 27.851995238095242)	(42000, 30.89770000000002)	(43000, 32.2875)	(44000, 31.60225)	(45000, 31.441)	(46000, 32.533)	(47000, 30.903)	(48000, 28.426)	(49000, 20.469135802469136)															
FAY99780_pass_barcode01_98e12ebb_5ad7f319_115	(1, 28.601837672281775)	(2, 27.33843797856049)	(3, 29.24655436447167)	(4, 29.396630934150078)	(5, 29.813169984686063)	(6, 30.021439509954057)	(7, 29.67687595712098)	(8, 29.693721286370597)	(9, 29.313935681470138)	(10, 28.408984588861657)	(1000, 28.480513462716278)	(2000, 28.341581350870086)	(3000, 28.23099493440657)	(4000, 28.241995459399643)	(5000, 27.954793427605473)	(6000, 28.20948475571735)	(7000, 28.053020451418387)	(8000, 28.27903617867304)	(9000, 28.34652043118318)	(10000, 28.24803528029337)	(11000, 28.219930623857195)	(12000, 27.99312876430667)	(13000, 28.12413591363153)	(14000, 28.21361803089505)	(15000, 28.061661167002036)	(16000, 27.92368508380527)	(17000, 27.976341277245357)	(18000, 27.356626583300297)	(19000, 27.19084194570136)	(20000, 27.56841574934291)	(21000, 27.62718131313131)	(22000, 27.761513213530648)	(23000, 27.98969076655052)	(24000, 28.116180060728738)	(25000, 27.8964408092303)	(26000, 28.84035476190481)	(27000, 29.24421185886377)	(28000, 28.59110015360983)	(29000, 28.89638626922189)	(30000, 27.902078016186742)	(31000, 28.220767794486182)	(32000, 27.71288441692468)	(33000, 28.675294117647113)	(34000, 27.026314460784324)	(35000, 28.767945054945077)	(36000, 28.911477855477926)	(37000, 28.42551818181818)	(38000, 28.151000000000007)	(39000, 28.413155555555555)	(40000, 27.876374999999992)	(41000, 30.043590476190463)	(42000, 29.098000000000017)	(43000, 29.063399999999994)	(44000, 32.10825)	(45000, 29.848333333333315)	(46000, 30.28633333333333)	(47000, 30.652)	(48000, 29.0725)	(49000, 19.454545454545453)															
FAY99780_pass_barcode01_98e12ebb_5ad7f319_116	(1, 28.63338301043219)	(2, 27.37853949329359)	(3, 29.157973174366617)	(4, 29.700447093889718)	(5, 30.225037257824145)	(6, 30.105812220566317)	(7, 29.87779433681073)	(8, 29.609538002980624)	(9, 29.433681073025337)	(10, 28.760386700854298)	(2000, 28.909569642790448)	(4000, 28.790884227695823)	(6000, 28.702765199389454)	(8000, 28.814533761644284)	(10000, 28.560740210344203)	(12000, 28.428800106714437)	(14000, 28.546731328721183)	(16000, 28.461309277049832)	(18000, 28.62156956465915)	(20000, 28.93940187928188)	(22000, 28.903223858864404)	(24000, 29.219876120145337)	(26000, 29.601239302533035)	(28000, 29.565359129529618)	(30000, 29.780494650322048)	(32000, 28.830875719977485)	(34000, 29.696323025715117)	(36000, 29.066439788584315)	(38000, 28.62089836971508)	(40000, 29.107545029854535)	(42000, 28.681044346325315)	(44000, 28.794360882238507)	(46000, 29.116844136927984)	(48000, 28.363184879934863)	(50000, 28.501089514217615)	(52000, 28.220804905622852)	(54000, 27.92061538461538)	(56000, 27.291409965034962)	(58000, 30.393178282828288)	(60000, 29.252965277777715)	(62000, 28.07200000000001)	(64000, 29.26389999999999)	(66000, 29.35285)	(68000, 30.014250000000004)	(70000, 30.170416666666664)	(72000, 31.38)	(74000, 31.542)	(76000, 33.567622950819676)																										
FAY99780_pass_barcode01_98e12ebb_5ad7f319_117	(1, 28.65496183206107)	(2, 27.49465648854962)	(3, 28.8793893129771)	(4, 29.412213740458014)	(5, 29.801526717557252)	(6, 30.216793893129772)	(7, 30.134351145038167)	(8, 30.102290076335876)	(9, 30.02442748091603)	(10, 28.586972412802712)	(1000, 28.84908079349548)	(2000, 28.711508289881927)	(3000, 28.77145821754864)	(4000, 28.67695147802693)	(5000, 28.645681471849567)	(6000, 28.631500829354334)	(7000, 28.825016126704703)	(8000, 28.84979500370485)	(9000, 28.87159447204434)	(10000, 28.82993884993441)	(11000, 28.896070577550926)	(12000, 29.13124276738728)	(13000, 28.876996137026843)	(14000, 29.00030244913979)	(15000, 28.650205832445117)	(16000, 28.88987570614465)	(17000, 28.33817485200619)	(18000, 28.05442016317013)	(19000, 28.555801091269824)	(20000, 28.889587301587284)	(21000, 28.478824571005713)	(22000, 28.304249742302467)	(23000, 28.546269074391795)	(24000, 28.72365247303565)	(25000, 28.03392275310128)	(26000, 27.49268069727892)	(27000, 27.83516204078506)	(28000, 27.05667466273562)	(29000, 27.385458899500982)	(30000, 28.45455483917173)	(31000, 28.162631633054037)	(32000, 28.467714236343355)	(33000, 28.87934154457291)	(34000, 27.808637426900532)	(35000, 28.37413700980391)	(36000, 27.983771428571423)	(37000, 29.70083799533797)	(38000, 27.82612727272729)	(39000, 28.37925833333333)	(40000, 27.940375)	(41000, 27.19628571428571)	(42000, 25.726871428571407)	(43000, 22.251)	(44000, 24.78108333333333)	(45000, 25.876000000000026)	(46000, 23.82966666666669)	(47000, 24.3905)	(48000, 23.356)	(49000, 21.7655)	(50000, 21.1165)	(51000, 22.3425)	(52000, 22.0965)	(53000, 22.1235)	(54000, 24.1745)	(55000, 22.1315)	(56000, 19.409)	(57000, 17.995)	(58000, 14.89010989010989)						
FAY99780_pass_barcode01_98e12ebb_5ad7f319_118	(1, 28.712241653418126)	(2, 27.089030206677265)	(3, 28.68203497615262)	(4, 28.82034976152623)	(5, 28.955484896661368)	(6, 29.465818759936408)	(7, 29.421303656597775)	(8, 29.30047694753577)	(9, 29.082670906200317)	(10, 28.293588758371193)	(1000, 28.46232441351738)	(2000, 28.31978849333613)	(3000, 28.343774955329383)	(4000, 28.553230126050003)	(5000, 28.654982018742558)	(6000, 29.19689923819287)	(7000, 29.169721714090052)	(8000, 28.758823252066055)	(9000, 28.848126873859993)	(10000, 28.946255226493797)	(11000, 28.919138404396477)	(12000, 28.80862383049767)	(13000, 28.76282571295651)	(14000, 28.79623704349691)	(15000, 29.325953449317783)	(16000, 28.845225559127012)	(17000, 29.21582882000165)	(18000, 28.90854300106564)	(19000, 28.541651515151493)	(20000, 28.109100413475396)	(21000, 28.709836632409274)	(22000, 29.316592870216205)	(23000, 28.287135256524426)	(24000, 28.44680261818321)	(25000, 28.266438961006273)	(26000, 27.7178108108108)	(27000, 27.416607934179325)	(28000, 28.37013793103449)	(29000, 28.457311439518275)	(30000, 28.258878306082018)	(31000, 27.957430830039495)	(32000, 28.410793939393947)	(33000, 28.117733333333312)	(34000, 28.6502124183007)	(35000, 27.654257352941183)	(36000, 28.39429166666666)	(37000, 27.836590476190484)	(38000, 27.471728030303034)	(39000, 30.87919642857147)	(40000, 29.696714285714272)	(41000, 29.723261904761916)	(42000, 29.99235)	(43000, 30.68816666666668)	(44000, 30.172666666666693)	(45000, 31.451)	(46000, 32.947)	(47000, 35.56)	(48000, 33.916666666666664)																
FAY99780_pass_barcode01_98e12ebb_5ad7f319_119	(1, 28.239388794567063)	(2, 27.088285229202036)	(3, 28.796264855687607)	(4, 28.787775891341255)	(5, 29.122241086587437)	(6, 29.122241086587437)	(7, 29.161290322580644)	(8, 28.894736842105264)	(9, 28.757215619694396)	(10, 28.40696491632729)	(1000, 28.40686597073795)	(2000, 28.75155364758541)	(3000, 28.589725706120728)	(4000, 28.92258331004516)	(5000, 28.870044020588633)	(6000, 29.028266751619864)	(7000, 29.00629798841327)	(8000, 29.151756117794765)	(9000, 28.789920813471984)	(10000, 28.525606838947542)	(11000, 29.235096710526307)	(12000, 29.040089015917367)	(13000, 29.07283623478096)	(14000, 29.459738251058738)	(15000, 29.00695440659045)	(16000, 28.83641753242321)	(17000, 28.998755735389548)	(18000, 28.725357873438774)	(19000, 28.86182670510585)	(20000, 28.870671663164444)	(21000, 28.74200824321139)	(22000, 28.234415504907354)	(23000, 27.871256883349993)	(24000, 28.41280911000313)	(25000, 28.00307317073172)	(26000, 27.86261768292687)	(27000, 27.743495276653157)	(28000, 28.134610439386766)	(29000, 27.410672625413845)	(30000, 27.152603958944287)	(31000, 26.5363905315566)	(32000, 27.51641666666665)	(33000, 26.411416666666632)	(34000, 28.603665679762635)	(35000, 29.134780873752987)	(36000, 30.374823529411774)	(37000, 29.989760011312224)	(38000, 29.74797272727268)	(39000, 30.013930555555547)	(40000, 30.1705)	(41000, 30.84504999999998)	(42000, 31.970250000000004)	(43000, 29.434000000000008)	(44000, 29.421)	(45000, 30.3695)	(46000, 29.2515)	(47000, 24.9725)	(48000, 23.54359925788497)																
FAY99780_pass_barcode01_98e12ebb_5ad7f319_12	(1, 28.958177744585512)	(2, 27.59596713965646)	(3, 29.315160567587753)	(4, 29.68707991038088)	(5, 30.123973114264377)	(6, 30.529499626587004)	(7, 30.277072442120986)	(8, 30.247946228528754)	(9, 30.042569081404032)	(10, 29.409891747051404)	(2000, 29.526026337954917)	(4000, 29.669493096142652)	(6000, 29.46223435695852)	(8000, 29.52844387731318)	(10000, 29.60793840773582)	(12000, 29.59498740317213)	(14000, 29.709036921964316)	(16000, 29.684696386969208)	(18000, 29.614432508675627)	(20000, 29.535233583542198)	(22000, 29.69604118814461)	(24000, 29.50351896811122)	(26000, 29.395295952015836)	(28000, 28.834526559028195)	(30000, 28.629400441288823)	(32000, 28.62596561591368)	(34000, 28.736514783458848)	(36000, 28.732804836025895)	(38000, 28.80524796505075)	(40000, 30.88230386085732)	(42000, 30.59132009896063)	(44000, 29.76872210150961)	(46000, 28.498589285714306)	(48000, 28.48837500000001)	(50000, 29.552125)	(52000, 31.61625)	(54000, 29.5905)	(56000, 31.174)	(58000, 29.316)	(60000, 30.0465)	(62000, 30.79275)	(64000, 29.45625)	(66000, 24.21875)	(68000, 25.732)	(70000, 28.144)	(72000, 28.758)	(74000, 27.629)	(76000, 27.430390492359933)																										
FAY99780_pass_barcode01_98e12ebb_5ad7f319_120	(1, 28.13715277777778)	(2, 26.95138888888889)	(3, 28.635416666666668)	(4, 29.34027777777778)	(5, 29.69097222222222)	(6, 30.09375)	(7, 29.79861111111111)	(8, 29.62152777777778)	(9, 29.67534722222222)	(10, 29.072722992994294)	(2000, 29.279475486517605)	(4000, 29.307992516595526)	(6000, 28.94060598153884)	(8000, 29.093956197301964)	(10000, 29.070643067560336)	(12000, 28.904180991523873)	(14000, 29.235972155471284)	(16000, 29.370930780649125)	(18000, 28.61375520980802)	(20000, 28.423519287743723)	(22000, 28.200223537222207)	(24000, 28.46603707885971)	(26000, 28.556544902405307)	(28000, 28.935990645621334)	(30000, 28.834943484551726)	(32000, 28.52933282179291)	(34000, 28.139947842418138)	(36000, 28.56869423558896)	(38000, 28.225703144540617)	(40000, 27.79770250094071)	(42000, 27.586257888386122)	(44000, 27.00530861047573)	(46000, 27.163033031120378)	(48000, 26.225795469399863)	(50000, 25.54452308333146)	(52000, 24.65975415954418)	(54000, 25.090761424336502)	(56000, 24.686873162071873)	(58000, 23.43408590102709)	(60000, 21.69388186813194)	(62000, 20.992594211344194)	(64000, 18.760715277777773)	(66000, 18.1208125)	(68000, 18.428285714285703)	(70000, 17.73707142857144)	(72000, 17.27505952380951)	(74000, 16.289116666666686)	(76000, 15.604199999999997)	(78000, 16.95745)	(80000, 15.795583333333349)	(82000, 15.154166666666642)	(84000, 15.273083333333338)	(86000, 14.0215)	(88000, 15.1185)	(90000, 13.158)	(92000, 13.834)	(94000, 14.5945)	(96000, 13.1255)	(98000, 13.497)	(100000, 13.076)	(102000, 9.807486631016042)													
FAY99780_pass_barcode01_98e12ebb_5ad7f319_121	(1, 28.650283553875237)	(2, 26.956521739130434)	(3, 28.674858223062383)	(4, 29.21361058601134)	(5, 29.402646502835537)	(6, 29.756143667296787)	(7, 28.90170132325142)	(8, 29.137996219281664)	(9, 29.130434782608695)	(10, 28.55949339767121)	(1000, 28.79153705096637)	(2000, 28.75927557901105)	(3000, 29.06739809367556)	(4000, 28.90846221404502)	(5000, 29.02984497396555)	(6000, 28.846186063707876)	(7000, 28.815055794200113)	(8000, 28.735205518940404)	(9000, 28.474615444819293)	(10000, 28.622438066090286)	(11000, 28.736083282735084)	(12000, 28.592892978801142)	(13000, 28.259561745032666)	(14000, 28.410057681024597)	(15000, 28.13202935108654)	(16000, 28.93811067767451)	(17000, 29.15124766720105)	(18000, 29.026066927026157)	(19000, 28.23527946247105)	(20000, 28.854356001934338)	(21000, 28.497292313118052)	(22000, 29.050011021505362)	(23000, 28.775337383689106)	(24000, 29.032214985754983)	(25000, 28.977003333333336)	(26000, 27.4549873188406)	(27000, 28.012974308300414)	(28000, 27.442480663780657)	(29000, 27.387224264705896)	(30000, 27.40350000000003)	(31000, 26.026338827838863)	(32000, 28.794655594405572)	(33000, 29.6188181818182)	(34000, 28.93560909090909)	(35000, 28.83319999999997)	(36000, 28.00710000000004)	(37000, 28.196988888888914)	(38000, 29.058591269841255)	(39000, 31.40555000000001)	(40000, 32.93266666666667)	(41000, 32.41599999999999)	(42000, 32.57933333333333)	(43000, 30.310166666666664)	(44000, 30.8095)	(45000, 30.275)	(46000, 31.667)	(47000, 32.20861372812921)																	
FAY99780_pass_barcode01_98e12ebb_5ad7f319_122	(1, 28.056451612903224)	(2, 27.1875)	(3, 28.800403225806452)	(4, 29.489919354838708)	(5, 29.905241935483872)	(6, 29.70766129032258)	(7, 29.826612903225808)	(8, 29.481854838709676)	(9, 29.816532258064516)	(10, 28.286461658977203)	(1000, 28.647851083266694)	(2000, 28.76486634907877)	(3000, 28.895038908210065)	(4000, 29.163289205250933)	(5000, 28.93765124819003)	(6000, 28.49440617627937)	(7000, 28.503881373147376)	(8000, 28.614607596038997)	(9000, 28.875388738560424)	(10000, 28.62362131661911)	(11000, 28.56883389987548)	(12000, 29.07936563797628)	(13000, 28.425977983821713)	(14000, 28.406397768345)	(15000, 28.06227879449435)	(16000, 28.928490404266192)	(17000, 28.456597353616083)	(18000, 28.5199811738649)	(19000, 28.06745278745644)	(20000, 27.824124607299595)	(21000, 28.030384220354804)	(22000, 28.325315874689434)	(23000, 28.469230642920348)	(24000, 28.41199111482719)	(25000, 27.613316205533586)	(26000, 26.637322943722932)	(27000, 26.4207538011696)	(28000, 27.426833333333345)	(29000, 26.118774509803924)	(30000, 26.888034065934043)	(31000, 27.451102564102566)	(32000, 27.783399999999983)	(33000, 28.854930555555548)	(34000, 29.662875)	(35000, 28.378821428571438)	(36000, 26.153928571428587)	(37000, 25.036833333333348)	(38000, 29.1066)	(39000, 28.91725)	(40000, 31.00575)	(41000, 29.21925)	(42000, 29.476416666666648)	(43000, 29.43033333333329)	(44000, 28.27599999999995)	(45000, 29.040666666666656)	(46000, 29.786666666666683)	(47000, 30.04666666666666)	(48000, 28.6445)	(49000, 29.78)	(50000, 28.524)	(51000, 26.4085)	(52000, 34.34457478005865)												
FAY99780_pass_barcode01_98e12ebb_5ad7f319_123	(1, 28.5472972972973)	(2, 27.02027027027027)	(3, 28.66891891891892)	(4, 28.668171557562076)	(5, 29.06546275395034)	(6, 29.158013544018058)	(7, 29.24153498871332)	(8, 29.11060948081264)	(9, 29.437923250564335)	(10, 28.591986925139754)	(1000, 28.733849778660783)	(2000, 28.534590269643513)	(3000, 28.910430003387066)	(4000, 28.65679486560625)	(5000, 29.056167827434752)	(6000, 29.232967502646275)	(7000, 29.174591327087906)	(8000, 29.002162874722515)	(9000, 29.446642809518366)	(10000, 28.97053067588264)	(11000, 29.107281563581406)	(12000, 28.997205981431772)	(13000, 28.805834501442575)	(14000, 28.706244120317006)	(15000, 28.856096017069728)	(16000, 27.48400360209807)	(17000, 28.826130216591324)	(18000, 27.927254814814834)	(19000, 28.77852644927537)	(20000, 27.728158102766816)	(21000, 27.780614935064953)	(22000, 28.9135921052632)	(23000, 27.444397660818733)	(24000, 27.836529411764783)	(25000, 27.8660625)	(26000, 27.746516666666686)	(27000, 27.551668131868155)	(28000, 27.468615384615386)	(29000, 27.159467365967394)	(30000, 27.157266161616167)	(31000, 26.3125)	(32000, 26.689125)	(33000, 25.82)	(34000, 25.405142857142856)	(35000, 24.99985714285715)	(36000, 26.64597619047622)	(37000, 26.928233333333345)	(38000, 26.80325)	(39000, 27.424)	(40000, 26.2775)	(41000, 27.45525)	(42000, 26.312)	(43000, 24.55091666666665)	(44000, 26.8785)	(45000, 28.731)	(46000, 28.95250659630607)																		
FAY99780_pass_barcode01_98e12ebb_5ad7f319_124	(1, 27.96006389776358)	(2, 26.664536741214057)	(3, 28.30511182108626)	(4, 28.864217252396166)	(5, 29.370607028753994)	(6, 29.12619808306709)	(7, 28.992012779552716)	(8, 28.963258785942493)	(9, 28.819488817891372)	(10, 28.833202051113876)	(1000, 28.974448539461864)	(2000, 28.993868029322595)	(3000, 29.09081009343371)	(4000, 28.95793575293818)	(5000, 28.812423904148222)	(6000, 28.875598357235535)	(7000, 29.011404783691724)	(8000, 28.455538323593494)	(9000, 28.621471772528288)	(10000, 28.70820685781853)	(11000, 29.06691477721227)	(12000, 28.958320404946072)	(13000, 29.13825871725387)	(14000, 30.11946061972224)	(15000, 29.597183137383624)	(16000, 29.42070612838382)	(17000, 29.472479453216177)	(18000, 29.36742173193063)	(19000, 28.98696118509442)	(20000, 29.54535067703696)	(21000, 30.00720434148589)	(22000, 30.039056895037348)	(23000, 29.543254731702348)	(24000, 29.60219036592419)	(25000, 29.624131578947377)	(26000, 29.12238833570413)	(27000, 29.31200746460744)	(28000, 29.067473069455055)	(29000, 30.008588743161013)	(30000, 28.624308333333335)	(31000, 28.783668313570487)	(32000, 28.73639177489175)	(33000, 29.75439761904764)	(34000, 29.242965789473647)	(35000, 29.60252923976606)	(36000, 28.095597630718935)	(37000, 26.540547619047622)	(38000, 27.521318681318693)	(39000, 26.95819871794873)	(40000, 25.769675757575754)	(41000, 27.747508333333336)	(42000, 26.698071428571414)	(43000, 28.482309523809555)	(44000, 29.397199999999998)	(45000, 28.26199999999999)	(46000, 28.38915)	(47000, 26.532500000000013)	(48000, 28.750833333333333)	(49000, 34.120987654320984)															
FAY99780_pass_barcode01_98e12ebb_5ad7f319_125	(1, 28.463726884779515)	(2, 26.86628733997155)	(3, 28.267425320056898)	(4, 28.688477951635846)	(5, 29.66429587482219)	(6, 30.02275960170697)	(7, 29.753911806543385)	(8, 29.762108262108264)	(9, 29.431623931623932)	(10, 28.756721186265704)	(5000, 28.917825664871582)	(10000, 29.204965468877404)	(15000, 29.26509429734209)	(20000, 28.831082871193647)	(25000, 28.530667745007783)	(30000, 28.31207153525899)	(35000, 27.619356484933796)	(40000, 26.92881336643183)	(45000, 26.355261702487915)	(50000, 25.65671538805878)	(55000, 24.52333300413037)	(60000, 24.14643031746027)	(65000, 24.363122857142887)	(70000, 19.018139999999992)	(75000, 16.338549999999994)	(80000, 19.178133333333356)	(85000, 20.410600000000006)	(90000, 15.4441)	(95000, 14.4872)	(100000, 14.7882)	(105000, 14.6696)	(110000, 15.5688)	(115000, 14.8874)	(120000, 14.0116)	(125000, 15.2406)	(130000, 16.67242776127464)																																						
FAY99780_pass_barcode01_98e12ebb_5ad7f319_126	(1, 27.996721311475408)	(2, 26.717569786535304)	(3, 28.213464696223316)	(4, 28.614121510673236)	(5, 28.924466338259442)	(6, 29.55993431855501)	(7, 29.42528735632184)	(8, 29.41871921182266)	(9, 28.82101806239737)	(10, 28.656248019301913)	(1000, 28.625533380506628)	(2000, 28.768260994730998)	(3000, 28.713821173155523)	(4000, 29.011069736676625)	(5000, 29.181292050167297)	(6000, 29.245723555917028)	(7000, 29.16118215152819)	(8000, 29.339315653157488)	(9000, 28.764027625771167)	(10000, 29.23389901950967)	(11000, 29.41379944328346)	(12000, 29.66651339841096)	(13000, 29.03119532729968)	(14000, 29.26146304783656)	(15000, 29.31612272596591)	(16000, 29.39407296115708)	(17000, 29.666501468485976)	(18000, 28.906363522837836)	(19000, 28.69696829573934)	(20000, 28.959246468343178)	(21000, 28.441028910604953)	(22000, 28.799521739130434)	(23000, 29.51918381744647)	(24000, 29.263429290628075)	(25000, 29.428138782701303)	(26000, 29.62175400350757)	(27000, 29.363430374137003)	(28000, 29.471754816053505)	(29000, 29.878883399209485)	(30000, 29.764681818181806)	(31000, 29.184916070479265)	(32000, 29.862352941176436)	(33000, 30.94821029411761)	(34000, 30.453951282051314)	(35000, 30.043846153846175)	(36000, 30.11303205128205)	(37000, 30.409939393939396)	(38000, 31.487127272727257)	(39000, 30.45274444444448)	(40000, 28.68330357142855)	(41000, 27.006714285714253)	(42000, 31.195933333333297)	(43000, 32.06980000000003)	(44000, 30.38598333333335)	(45000, 31.436)	(46000, 31.3955)	(47000, 30.675)	(48000, 32.074)	(49000, 30.147)	(50000, 32.465)	(51000, 32.15)	(52000, 26.262877442273535)												
FAY99780_pass_barcode01_98e12ebb_5ad7f319_127	(1, 27.8935427574171)	(2, 26.308900523560208)	(3, 28.457242582897035)	(4, 28.63350785340314)	(5, 28.977312390924958)	(6, 29.573426573426573)	(7, 29.444055944055943)	(8, 29.283216783216783)	(9, 29.466783216783217)	(10, 28.206301221606765)	(1000, 28.514429865029054)	(2000, 28.562971593662382)	(3000, 28.62518854508839)	(4000, 28.456306748747465)	(5000, 28.767243854822112)	(6000, 28.693658276589584)	(7000, 27.94641211786236)	(8000, 28.17528561591433)	(9000, 28.362918156141454)	(10000, 28.71502560793515)	(11000, 28.70188046504175)	(12000, 28.514082447148706)	(13000, 28.561381453462797)	(14000, 29.265312424919376)	(15000, 29.103265060324215)	(16000, 29.105182068615296)	(17000, 29.74880784606447)	(18000, 29.539008470672364)	(19000, 29.727750935465547)	(20000, 29.683983947584867)	(21000, 29.860332798385418)	(22000, 29.057916666666646)	(23000, 28.945842483660158)	(24000, 29.350977006016805)	(25000, 28.448673471292437)	(26000, 27.409930570299267)	(27000, 27.296797359206824)	(28000, 27.753831851481863)	(29000, 30.871363636363633)	(30000, 30.605963636363644)	(31000, 30.11920079365079)	(32000, 27.452857142857134)	(33000, 28.319000000000045)	(34000, 29.30929047619048)	(35000, 30.71880000000001)	(36000, 28.002599999999976)	(37000, 29.68960000000004)	(38000, 29.71474999999999)	(39000, 29.73725)	(40000, 28.946)	(41000, 30.197666666666635)	(42000, 31.661333333333314)	(43000, 30.733333333333338)	(44000, 32.63933333333333)	(45000, 36.476190476190474)																			
FAY99780_pass_barcode01_98e12ebb_5ad7f319_128	(1, 28.773831775700934)	(2, 27.594392523364487)	(3, 28.94766355140187)	(4, 29.373831775700936)	(5, 29.766355140186917)	(6, 29.98878504672897)	(7, 29.809345794392524)	(8, 29.773831775700934)	(9, 29.42429906542056)	(10, 28.61919912893535)	(1000, 28.68890372981652)	(2000, 28.739282083001243)	(3000, 28.714197234025736)	(4000, 28.940310482478377)	(5000, 29.061738554115493)	(6000, 28.877136327700395)	(7000, 28.461123955309816)	(8000, 29.21106602799923)	(9000, 29.089507196786172)	(10000, 29.351920373803488)	(11000, 29.00818335355479)	(12000, 28.973460170446916)	(13000, 28.868559267263965)	(14000, 29.100650022008317)	(15000, 29.188430684104663)	(16000, 28.3692204983225)	(17000, 29.11822864010988)	(18000, 29.836782478802895)	(19000, 29.680662251259115)	(20000, 29.224937000555993)	(21000, 28.780996753246722)	(22000, 29.064059756097528)	(23000, 29.30080423733446)	(24000, 28.561025396825432)	(25000, 28.83814285714285)	(26000, 28.95084980901451)	(27000, 28.61995347262352)	(28000, 28.831285714285702)	(29000, 28.046814509564513)	(30000, 27.92184102564105)	(31000, 27.57345833333335)	(32000, 27.918850719932244)	(33000, 28.798673809523788)	(34000, 29.255639473684226)	(35000, 28.32923723524499)	(36000, 29.85495890775889)	(37000, 30.078108333333336)	(38000, 27.565071428571397)	(39000, 29.4684380952381)	(40000, 29.2755)	(41000, 29.7485)	(42000, 28.00841666666667)	(43000, 27.829833333333323)	(44000, 27.02)	(45000, 24.6305)	(46000, 22.469565217391306)																		
FAY99780_pass_barcode01_98e12ebb_5ad7f319_129	(1, 28.03321033210332)	(2, 26.94649446494465)	(3, 28.985239852398525)	(4, 29.313653136531364)	(5, 30.04981549815498)	(6, 29.95571955719557)	(7, 29.645756457564577)	(8, 29.625461254612546)	(9, 29.178966789667896)	(10, 28.586534751869458)	(1000, 28.749885773276965)	(2000, 28.598429796105904)	(3000, 28.94909045156342)	(4000, 28.66442069846738)	(5000, 28.680523867224522)	(6000, 29.009014490057275)	(7000, 28.64914115219465)	(8000, 29.055129916931364)	(9000, 28.959499176281568)	(10000, 29.322035509368128)	(11000, 29.03629035245974)	(12000, 28.96250159152004)	(13000, 29.43133661354324)	(14000, 28.816512436698353)	(15000, 29.83384913153514)	(16000, 30.28694665730176)	(17000, 29.999991557573853)	(18000, 28.83536899728174)	(19000, 29.02785177119626)	(20000, 28.520627564102575)	(21000, 29.871617906686375)	(22000, 29.438615151515158)	(23000, 30.21938735948191)	(24000, 28.464766666666684)	(25000, 28.67462545155995)	(26000, 29.215565120065044)	(27000, 27.687255902503285)	(28000, 28.045213852813852)	(29000, 28.493480288957663)	(30000, 28.410478186274524)	(31000, 28.593057142857127)	(32000, 28.12064285714287)	(33000, 26.978208791208807)	(34000, 28.16314918414919)	(35000, 29.77209090909092)	(36000, 28.94072727272721)	(37000, 30.79061818181823)	(38000, 31.348712301587305)	(39000, 31.406071428571416)	(40000, 32.349833333333315)	(41000, 31.905000000000022)	(42000, 31.494216666666738)	(43000, 30.204916666666648)	(44000, 30.358)	(45000, 27.2995)	(46000, 27.1475)	(47000, 31.6955)	(48000, 29.390284757118927)																
FAY99780_pass_barcode01_98e12ebb_5ad7f319_13	(1, 29.396793587174347)	(2, 27.95991983967936)	(3, 29.655310621242485)	(4, 30.200400801603205)	(5, 30.75751503006012)	(6, 31.139612558450235)	(7, 31.01002004008016)	(8, 31.021376085504343)	(9, 30.96392785571142)	(10, 29.53389396784831)	(2000, 29.500137802910796)	(4000, 29.63887455160748)	(6000, 29.79030413461639)	(8000, 29.82178759171799)	(10000, 29.7150966864597)	(12000, 29.632424253222624)	(14000, 29.99686706921283)	(16000, 30.127386858466878)	(18000, 30.225090179286173)	(20000, 30.091268209229792)	(22000, 30.082046404428134)	(24000, 30.085854712716095)	(26000, 29.550672884682314)	(28000, 29.615089671542314)	(30000, 29.833459945109308)	(32000, 29.44790149141546)	(34000, 29.19306365985161)	(36000, 30.035313940299368)	(38000, 29.65804429987394)	(40000, 29.53967755050243)	(42000, 29.93984525396275)	(44000, 29.499792490057445)	(46000, 28.94769839167159)	(48000, 27.924876385030636)	(50000, 29.510021931881784)	(52000, 29.066294056979462)	(54000, 29.075455082366645)	(56000, 28.36044820319376)	(58000, 28.032719169246647)	(60000, 26.805227083333335)	(62000, 25.533623633311162)	(64000, 21.877080357142855)	(66000, 21.721071428571445)	(68000, 21.907714285714256)	(70000, 21.946397619047595)	(72000, 22.740500000000015)	(74000, 22.11780000000002)	(76000, 21.696849999999998)	(78000, 16.80241666666663)	(80000, 16.188833333333317)	(82000, 15.81466666666665)	(84000, 14.258416666666674)	(86000, 12.06375)	(88000, 12.82575)	(90000, 14.50275)	(92000, 12.9655)	(94000, 13.8905)	(96000, 14.0885)	(98000, 12.779)	(100000, 12.955)	(102000, 11.63)	(104000, 11.6115)	(106000, 12.692)	(108000, 13.8695)	(110000, 16.5745)	(112000, 14.5665)	(114000, 13.555)	(116000, 12.6805)	(118000, 11.701)	(120000, 15.1685)	(122000, 13.271393643031784)			
FAY99780_pass_barcode01_98e12ebb_5ad7f319_130	(1, 27.804794520547944)	(2, 26.445205479452056)	(3, 27.823630136986303)	(4, 28.409246575342465)	(5, 29.03082191780822)	(6, 29.493150684931507)	(7, 29.11986301369863)	(8, 29.64554794520548)	(9, 29.371575342465754)	(10, 28.26353084346129)	(2000, 28.58797552981285)	(4000, 28.601037949916325)	(6000, 28.616477503550627)	(8000, 28.574132678711216)	(10000, 28.761776693080012)	(12000, 28.50524266088473)	(14000, 28.606293843994713)	(16000, 28.357526769974513)	(18000, 28.71610291526137)	(20000, 28.790112967542154)	(22000, 28.575491880252272)	(24000, 28.902631938351377)	(26000, 29.252773224043743)	(28000, 29.138277396259493)	(30000, 29.03830913490623)	(32000, 29.200404605263216)	(34000, 28.869167638405795)	(36000, 28.33654779997104)	(38000, 28.476675130986255)	(40000, 27.884669541459292)	(42000, 27.799337837837854)	(44000, 28.08555050820492)	(46000, 27.890030303030308)	(48000, 27.531952127659686)	(50000, 28.223067078219714)	(52000, 28.561385552115556)	(54000, 28.042223781243276)	(56000, 26.56767103729606)	(58000, 27.456840909090918)	(60000, 27.21443888888888)	(62000, 25.828090277777775)	(64000, 25.673717261904706)	(66000, 27.462824999999974)	(68000, 18.893333333333338)	(70000, 21.09475)	(72000, 24.381)	(74000, 26.0985)	(76000, 24.898)	(78000, 25.9985401459854)																									
FAY99780_pass_barcode01_98e12ebb_5ad7f319_131	(1, 27.626436781609197)	(2, 26.60919540229885)	(3, 28.153256704980844)	(4, 28.727969348659006)	(5, 29.160919540229884)	(6, 29.756704980842912)	(7, 29.620689655172413)	(8, 29.56513409961686)	(9, 29.43295019157088)	(10, 28.04058954498319)	(1000, 28.291536731445802)	(2000, 28.0430844005445)	(3000, 28.104630321380025)	(4000, 27.936735132075373)	(5000, 27.97977124961444)	(6000, 27.70482132755151)	(7000, 28.111386480406722)	(8000, 27.872801334379812)	(9000, 27.945129465832217)	(10000, 28.081149436044203)	(11000, 27.651414814158933)	(12000, 27.128473731990027)	(13000, 27.063386125011835)	(14000, 27.683811216561217)	(15000, 27.546418654104997)	(16000, 27.86734200492461)	(17000, 27.825726234265396)	(18000, 28.06904820854322)	(19000, 27.47936774088477)	(20000, 27.404043434343468)	(21000, 26.922607183065573)	(22000, 26.182900000000007)	(23000, 25.97916761954262)	(24000, 25.360611111111115)	(25000, 25.596480370679533)	(26000, 24.858881720430094)	(27000, 24.907508620689637)	(28000, 24.911969979650003)	(29000, 25.399526208356907)	(30000, 25.770842982456184)	(31000, 25.41790092879257)	(32000, 25.06011764705883)	(33000, 25.12325735294117)	(34000, 24.565045833333325)	(35000, 25.175776923076942)	(36000, 24.698942307692352)	(37000, 25.64567575757577)	(38000, 24.029999999999998)	(39000, 24.86299999999998)	(40000, 23.51166666666667)	(41000, 22.420791666666684)	(42000, 20.493199999999998)	(43000, 21.5316)	(44000, 19.73691666666666)	(45000, 17.01433333333334)	(46000, 18.756)	(47000, 17.054)	(48000, 18.422)	(49000, 19.006060606060608)															
FAY99780_pass_barcode01_98e12ebb_5ad7f319_132	(1, 29.070121951219512)	(2, 27.820121951219512)	(3, 29.195121951219512)	(4, 29.853658536585368)	(5, 29.411585365853657)	(6, 29.649390243902438)	(7, 29.640243902439025)	(8, 29.664634146341463)	(9, 29.89329268292683)	(10, 28.86861985478327)	(1000, 28.776765649675042)	(2000, 28.574818384798117)	(3000, 29.04125661671294)	(4000, 29.26809961514187)	(5000, 29.5301997962761)	(6000, 29.021983705982617)	(7000, 29.072294982316503)	(8000, 29.356930956532747)	(9000, 29.1737907755141)	(10000, 29.082015821455077)	(11000, 28.774898221057633)	(12000, 28.281362415202025)	(13000, 27.31178977839932)	(14000, 27.665651567944263)	(15000, 27.873699549482826)	(16000, 27.936726310688087)	(17000, 27.713212871625085)	(18000, 29.06286206896551)	(19000, 29.00632881773397)	(20000, 27.950264041514036)	(21000, 28.034658333333354)	(22000, 27.4615507246377)	(23000, 27.26199209486164)	(24000, 29.0086238550923)	(25000, 28.926210526315813)	(26000, 28.890716374269065)	(27000, 26.71199387254902)	(28000, 27.369549999999997)	(29000, 27.558623809523787)	(30000, 27.916285714285692)	(31000, 27.847005860805822)	(32000, 29.01077777777781)	(33000, 28.140513888888897)	(34000, 28.484767857142813)	(35000, 29.08357142857141)	(36000, 29.753928571428574)	(37000, 30.32133333333335)	(38000, 29.221833333333368)	(39000, 29.077833333333405)	(40000, 28.689500000000017)	(41000, 28.32353333333332)	(42000, 27.88915)	(43000, 29.8465)	(44000, 29.406499999999998)	(45000, 29.0735)	(46000, 30.682)	(47000, 30.015)	(48000, 29.24)	(49000, 27.761133603238868)															
FAY99780_pass_barcode01_98e12ebb_5ad7f319_133	(1, 29.033773861967695)	(2, 27.624082232011748)	(3, 29.411160058737153)	(4, 29.59618208516887)	(5, 30.04258443465492)	(6, 30.277533039647576)	(7, 30.218795888399413)	(8, 30.20998531571219)	(9, 29.906020558002936)	(10, 28.78478154942257)	(1000, 29.051262272000255)	(2000, 28.900709287541535)	(3000, 29.076606722676644)	(4000, 29.201821091416843)	(5000, 28.85832035051319)	(6000, 29.22199366552802)	(7000, 29.274640813207192)	(8000, 29.07116478252159)	(9000, 29.016658149198673)	(10000, 28.938378130768367)	(11000, 28.807928204183373)	(12000, 28.313899128112038)	(13000, 28.602325016595557)	(14000, 28.25290270064587)	(15000, 28.660650580379123)	(16000, 28.832679628697313)	(17000, 29.013860066530764)	(18000, 29.178372983715136)	(19000, 28.925207114114937)	(20000, 29.119866353782307)	(21000, 28.311919894500537)	(22000, 27.764274408353018)	(23000, 27.554856002836264)	(24000, 26.941884033613448)	(25000, 27.164227358024576)	(26000, 27.7879168701669)	(27000, 27.1194076923077)	(28000, 27.559856388104645)	(29000, 28.278533333333353)	(30000, 28.46805)	(31000, 28.380549999999992)	(32000, 28.618909064327497)	(33000, 28.384690359477123)	(34000, 27.599723809523837)	(35000, 25.587857142857132)	(36000, 27.57339102564101)	(37000, 26.425303030303024)	(38000, 27.399036363636377)	(39000, 25.584955555555556)	(40000, 25.17625)	(41000, 26.1965)	(42000, 26.296767857142843)	(43000, 26.29483333333335)	(44000, 24.152916666666652)	(45000, 23.793000000000056)	(46000, 25.49866666666665)	(47000, 23.20066666666663)	(48000, 21.39083333333333)	(49000, 19.286)	(50000, 23.622)	(51000, 19.36)	(52000, 16.191)	(53000, 15.118)	(54000, 18.573)	(55000, 19.466)	(56000, 23.543)	(57000, 22.823)	(58000, 24.781)	(59000, 22.576)	(60000, 16.893805309734514)				
FAY99780_pass_barcode01_98e12ebb_5ad7f319_134	(1, 28.99063670411985)	(2, 27.588014981273407)	(3, 29.355805243445694)	(4, 29.679775280898877)	(5, 30.250936329588015)	(6, 30.183520599250937)	(7, 30.232209737827716)	(8, 30.181647940074907)	(9, 30.164794007490638)	(10, 28.401665020199445)	(1000, 29.003665396786374)	(2000, 28.867910223956095)	(3000, 28.781222368575047)	(4000, 29.041946384002998)	(5000, 29.29803760236342)	(6000, 29.224701144612506)	(7000, 29.392936185946542)	(8000, 29.647902239922004)	(9000, 29.583627850309707)	(10000, 29.596113404081187)	(11000, 29.783423985019628)	(12000, 30.007621036493592)	(13000, 29.708263956471104)	(14000, 29.299874773139734)	(15000, 29.346918335611765)	(16000, 29.061662268735915)	(17000, 29.576061544617843)	(18000, 29.342158803183604)	(19000, 28.79205134714183)	(20000, 29.202585153776813)	(21000, 29.16904765291607)	(22000, 29.21269719021926)	(23000, 29.81803125)	(24000, 29.0033997080089)	(25000, 29.166132275132263)	(26000, 29.812101139601126)	(27000, 28.764267692307698)	(28000, 29.804762318840563)	(29000, 29.316598155467737)	(30000, 28.76041378446118)	(31000, 28.05605277777779)	(32000, 27.774379487179495)	(33000, 27.767692307692315)	(34000, 28.938012820512792)	(35000, 27.901275757575764)	(36000, 26.95900000000004)	(37000, 26.276650793650802)	(38000, 25.122742857142857)	(39000, 25.586199999999998)	(40000, 25.6184)	(41000, 24.335166666666694)	(42000, 26.103333333333325)	(43000, 25.72733333333333)	(44000, 22.946)	(45000, 21.5345)	(46000, 21.826)	(47000, 14.487)	(48000, 12.495)	(49000, 14.624)	(50000, 13.4)	(51000, 16.107)	(52000, 15.315625)												
FAY99780_pass_barcode01_98e12ebb_5ad7f319_135	(1, 28.79396984924623)	(2, 27.376884422110553)	(3, 29.197654941373536)	(4, 30.025125628140703)	(5, 30.42043551088777)	(6, 30.375209380234505)	(7, 29.953098827470686)	(8, 30.08710217755444)	(9, 29.974874371859297)	(10, 28.761346210687467)	(1000, 28.585156114993573)	(2000, 28.587314260164014)	(3000, 28.508458246395996)	(4000, 28.395987065990887)	(5000, 28.302670780110788)	(6000, 28.08081376468376)	(7000, 27.790329860988372)	(8000, 27.574013425005184)	(9000, 27.717751655569845)	(10000, 27.873075530710963)	(11000, 27.951938751746614)	(12000, 28.243538697349077)	(13000, 28.990582457435362)	(14000, 28.06206892583809)	(15000, 28.318081168128934)	(16000, 28.335311131475816)	(17000, 28.437351261735483)	(18000, 28.217351063829792)	(19000, 28.077809898242386)	(20000, 28.91196668349912)	(21000, 28.24064417441922)	(22000, 28.892985714285675)	(23000, 28.84952556818179)	(24000, 27.60067431007998)	(25000, 27.636647232397202)	(26000, 27.13810679487179)	(27000, 28.125946852060995)	(28000, 27.803671428571466)	(29000, 28.44382393360855)	(30000, 28.055375)	(31000, 27.41995755494508)	(32000, 27.781814102564088)	(33000, 28.962106060606054)	(34000, 27.4638090909091)	(35000, 28.743800000000025)	(36000, 29.096172619047632)	(37000, 28.040428571428617)	(38000, 25.210023809523804)	(39000, 28.705466666666698)	(40000, 28.30530000000002)	(41000, 28.60775)	(42000, 27.95925)	(43000, 26.885666666666673)	(44000, 28.46566666666665)	(45000, 29.867666666666686)	(46000, 28.746268656716417)																		
FAY99780_pass_barcode01_98e12ebb_5ad7f319_136	(1, 28.523102310231025)	(2, 27.466996699669966)	(3, 29.212871287128714)	(4, 29.78052805280528)	(5, 30.47854785478548)	(6, 30.506600660066006)	(7, 30.186468646864686)	(8, 30.173267326732674)	(9, 29.81188118811881)	(10, 28.576716416332882)	(1000, 28.72121959204059)	(2000, 28.926634301505754)	(3000, 28.94021201219927)	(4000, 28.84788102644672)	(5000, 28.685561847673902)	(6000, 28.70150230420102)	(7000, 28.76777100263388)	(8000, 28.922474844267608)	(9000, 28.905430144355407)	(10000, 29.07241517105298)	(11000, 29.24700417815544)	(12000, 28.712476306146154)	(13000, 28.78192094467885)	(14000, 28.627523350795506)	(15000, 28.44376927170492)	(16000, 28.798399665919632)	(17000, 29.127412320813626)	(18000, 29.387787287629116)	(19000, 28.99926117647057)	(20000, 28.858181173469408)	(21000, 28.625108081392057)	(22000, 28.538907065755186)	(23000, 28.242879517388896)	(24000, 28.434814557338097)	(25000, 27.62737741935482)	(26000, 29.744976382047078)	(27000, 28.288037037037018)	(28000, 28.89364413105411)	(29000, 28.49770108695652)	(30000, 29.021796762657647)	(31000, 28.355626229790172)	(32000, 29.637882352941148)	(33000, 28.43553186274508)	(34000, 28.447428571428595)	(35000, 26.644720196470193)	(36000, 24.954745454545414)	(37000, 26.18731111111113)	(38000, 27.52255555555554)	(39000, 28.62622222222222)	(40000, 28.184875)	(41000, 27.88437500000001)	(42000, 28.448000000000018)	(43000, 29.22597619047617)	(44000, 30.446700000000007)	(45000, 29.33029999999999)	(46000, 28.88158333333332)	(47000, 30.144666666666684)	(48000, 26.96883333333333)	(49000, 24.801762114537446)															
FAY99780_pass_barcode01_98e12ebb_5ad7f319_137	(1, 28.02389705882353)	(2, 26.766544117647058)	(3, 28.384191176470587)	(4, 29.082720588235293)	(5, 29.488970588235293)	(6, 29.91176470588235)	(7, 30.029411764705884)	(8, 29.784926470588236)	(9, 29.433823529411764)	(10, 28.013595360681837)	(1000, 28.148849194709687)	(2000, 28.316825074972254)	(3000, 28.28128183539884)	(4000, 28.342354516374442)	(5000, 28.907107825075617)	(6000, 28.543303624336865)	(7000, 28.492982490589892)	(8000, 28.489843304028426)	(9000, 28.104136451477707)	(10000, 28.690522857605142)	(11000, 28.726084057970983)	(12000, 28.39964773418863)	(13000, 28.76337563816044)	(14000, 28.40477677595629)	(15000, 28.468538348354784)	(16000, 28.615034699300654)	(17000, 28.910986048265464)	(18000, 28.972372156862733)	(19000, 29.027921373932553)	(20000, 28.978302646363222)	(21000, 27.99905000000005)	(22000, 28.327531410256434)	(23000, 28.465811126916353)	(24000, 28.92044915966391)	(25000, 28.364851539589452)	(26000, 28.200335483870965)	(27000, 28.311417241379285)	(28000, 27.302827586206906)	(29000, 29.021861714594483)	(30000, 29.126081259754752)	(31000, 27.91997392319245)	(32000, 29.007470483193277)	(33000, 28.670428571428573)	(34000, 28.681895604395542)	(35000, 27.4726923076923)	(36000, 28.790192890442874)	(37000, 29.802909090909107)	(38000, 28.23039999999999)	(39000, 29.46766388888892)	(40000, 27.840910714285688)	(41000, 28.34700000000002)	(42000, 25.707833333333344)	(43000, 24.411050000000003)	(44000, 23.0385)	(45000, 20.77624999999998)	(46000, 32.09)	(47000, 29.512)	(48000, 30.951)	(49000, 27.051724137931036)															
FAY99780_pass_barcode01_98e12ebb_5ad7f319_138	(1, 29.133587786259543)	(2, 28.087786259541986)	(3, 29.635496183206108)	(4, 30.11832061068702)	(5, 30.25)	(6, 30.064885496183205)	(7, 29.919847328244273)	(8, 30.08587786259542)	(9, 30.196564885496183)	(10, 28.654225825039525)	(1000, 28.584830077952223)	(2000, 28.608008550690535)	(3000, 28.63217361450574)	(4000, 28.41620783115434)	(5000, 28.4528315302749)	(6000, 28.46561270728113)	(7000, 28.452617570858738)	(8000, 28.56344898910161)	(9000, 28.58129405008576)	(10000, 29.30444764552846)	(11000, 29.206735435684426)	(12000, 29.565632694414074)	(13000, 29.416870746345943)	(14000, 29.40376627368887)	(15000, 29.34430071083562)	(16000, 29.409419999999997)	(17000, 29.314460000000036)	(18000, 28.96337731581989)	(19000, 28.59740492342479)	(20000, 28.891363783692206)	(21000, 29.06327483130904)	(22000, 28.570839648671246)	(23000, 28.719870756836496)	(24000, 28.241411827956966)	(25000, 28.334584355044644)	(26000, 28.57206837606839)	(27000, 29.568080928347012)	(28000, 28.788730451127826)	(29000, 29.772631578947397)	(30000, 28.356052631578926)	(31000, 27.52173684210532)	(32000, 27.637086837805313)	(33000, 27.31928754578755)	(34000, 27.116128787878758)	(35000, 26.368909090909114)	(36000, 26.348984848484807)	(37000, 24.44803373015871)	(38000, 27.36866666666669)	(39000, 27.306066666666656)	(40000, 29.420400000000022)	(41000, 26.083149999999968)	(42000, 26.541)	(43000, 24.236416666666674)	(44000, 25.280333333333346)	(45000, 24.669000000000022)	(46000, 25.6065)	(47000, 20.181)	(48000, 21.872)	(49000, 19.04480651731161)															
FAY99780_pass_barcode01_98e12ebb_5ad7f319_139	(1, 27.262948207171316)	(2, 26.161354581673308)	(3, 27.62948207171315)	(4, 28.739043824701195)	(5, 29.0199203187251)	(6, 28.802788844621514)	(7, 28.567729083665338)	(8, 29.16733067729084)	(9, 29.175298804780876)	(10, 28.052395453575873)	(1000, 28.049979277457584)	(2000, 28.164009202844596)	(3000, 28.27722152118235)	(4000, 28.629397830850138)	(5000, 28.825718426803697)	(6000, 28.977347234945288)	(7000, 28.943438114150965)	(8000, 29.276588615545162)	(9000, 29.041001604698966)	(10000, 29.613327391505976)	(11000, 29.08656787865102)	(12000, 28.731016567813494)	(13000, 28.53707725978376)	(14000, 28.9268286375845)	(15000, 29.01999528518843)	(16000, 29.102693270531024)	(17000, 28.542371525472305)	(18000, 28.955332475411314)	(19000, 28.811156854470916)	(20000, 29.15083635457315)	(21000, 29.661722222222224)	(22000, 29.218416246498606)	(23000, 30.09559738840096)	(24000, 29.76630568754998)	(25000, 29.5169583333333)	(26000, 29.491642621870923)	(27000, 29.791652597402614)	(28000, 29.234100000000026)	(29000, 29.25811842105264)	(30000, 28.961789473684163)	(31000, 28.65203801169588)	(32000, 27.78183333333328)	(33000, 25.56001274509804)	(34000, 26.855604761904768)	(35000, 27.328771212121218)	(36000, 26.83999999999999)	(37000, 24.953119444444436)	(38000, 26.117125)	(39000, 23.958767857142874)	(40000, 25.144071428571444)	(41000, 26.894399999999973)	(42000, 26.33445)	(43000, 25.57925)	(44000, 27.625583333333324)	(45000, 26.85499999999998)	(46000, 22.195)	(47000, 24.604)	(48000, 23.096)	(49000, 21.256)	(50000, 23.766)	(51000, 22.864)	(52000, 22.175824175824175)												
FAY99780_pass_barcode01_98e12ebb_5ad7f319_14	(1, 29.84502923976608)	(2, 28.601608187134502)	(3, 30.235380116959064)	(4, 30.920321637426902)	(5, 31.441520467836256)	(6, 31.801900584795323)	(7, 31.42324561403509)	(8, 31.31578947368421)	(9, 31.164473684210527)	(10, 29.81556764139583)	(1000, 29.591464040744157)	(2000, 29.42915396598901)	(3000, 29.52245126142375)	(4000, 29.717169137547828)	(5000, 29.595972226565486)	(6000, 29.675378034215733)	(7000, 29.605727136472158)	(8000, 29.205134272208536)	(9000, 29.108329649995554)	(10000, 28.93602600012364)	(11000, 28.77783760987304)	(12000, 29.07220485765029)	(13000, 28.89596539884333)	(14000, 29.188581266594962)	(15000, 29.321637219774786)	(16000, 29.626439487883744)	(17000, 29.268974541501827)	(18000, 29.195733388120566)	(19000, 29.323983653485488)	(20000, 29.46655498483025)	(21000, 29.659001173073076)	(22000, 29.83019856528782)	(23000, 29.331597698757374)	(24000, 29.64905421779573)	(25000, 29.325641249145008)	(26000, 29.262342453976313)	(27000, 29.463149701913277)	(28000, 29.336853863829486)	(29000, 28.84790501920011)	(30000, 28.99030771671157)	(31000, 28.565335113851564)	(32000, 28.766933789741497)	(33000, 28.762679488980673)	(34000, 29.50376898521385)	(35000, 29.14439253980315)	(36000, 28.378473475829573)	(37000, 27.88591242112559)	(38000, 28.170903641456615)	(39000, 28.105568740633462)	(40000, 28.601233251378257)	(41000, 29.716174603174604)	(42000, 29.841696486928104)	(43000, 29.509993772893747)	(44000, 29.35710501165501)	(45000, 29.850111111111104)	(46000, 30.431484126984138)	(47000, 30.519833333333366)	(48000, 31.451833333333333)	(49000, 28.557)	(50000, 28.424)	(51000, 27.865)	(52000, 30.770314192849405)												
FAY99780_pass_barcode01_98e12ebb_5ad7f319_140	(1, 28.40834845735027)	(2, 27.143375680580764)	(3, 28.896551724137932)	(4, 29.185117967332122)	(5, 29.36660617059891)	(6, 30.087114337568057)	(7, 29.9491833030853)	(8, 30.166969147005446)	(9, 29.88929219600726)	(10, 28.64335933543515)	(2000, 28.889906759697404)	(4000, 29.160906455096644)	(6000, 29.11183228662813)	(8000, 29.02613414570235)	(10000, 28.77404080546709)	(12000, 28.39845729466577)	(14000, 28.71499890310456)	(16000, 28.981034878757335)	(18000, 29.234095857777888)	(20000, 29.552690396450842)	(22000, 29.176267776475886)	(24000, 29.254787977526036)	(26000, 28.980730153424968)	(28000, 29.01422221103516)	(30000, 28.7167038151322)	(32000, 28.545350150227655)	(34000, 28.34546574816964)	(36000, 28.917052083333367)	(38000, 28.084144169577183)	(40000, 28.343850567438793)	(42000, 28.62945561320316)	(44000, 28.053837635897047)	(46000, 28.338852668354612)	(48000, 28.16923830561039)	(50000, 27.75938732085017)	(52000, 26.019180477737464)	(54000, 25.891894508347555)	(56000, 26.304334125152987)	(58000, 26.034830428613507)	(60000, 26.087627829851282)	(62000, 25.527690434419384)	(64000, 24.054858496732038)	(66000, 23.84731666666666)	(68000, 23.74795763264514)	(70000, 21.53213095238093)	(72000, 18.158966666666686)	(74000, 13.135783333333336)	(76000, 13.12425)	(78000, 12.55475)	(80000, 13.60525)	(82000, 13.49575)	(84000, 11.68325)	(86000, 11.88675)	(88000, 13.025)	(90000, 12.62)	(92000, 13.544)	(94000, 15.0865)	(96000, 14.2505)	(98000, 12.806)	(100000, 14.134)	(102000, 15.738246505717916)													
FAY99780_pass_barcode01_98e12ebb_5ad7f319_141	(1, 28.218220338983052)	(2, 26.997881355932204)	(3, 28.819915254237287)	(4, 29.55720338983051)	(5, 29.790254237288135)	(6, 29.279661016949152)	(7, 28.98728813559322)	(8, 28.83262711864407)	(9, 28.680084745762713)	(10, 28.16414622991112)	(1000, 28.703546064855185)	(2000, 28.961913456532287)	(3000, 28.68124415675603)	(4000, 28.65626176407281)	(5000, 28.57117241163237)	(6000, 28.35127065417543)	(7000, 28.098175824699034)	(8000, 28.29561432646838)	(9000, 29.05829389867511)	(10000, 29.120877336903593)	(11000, 28.988218400021005)	(12000, 28.116101488554172)	(13000, 28.74559689825672)	(14000, 29.337418353174623)	(15000, 29.373470579940033)	(16000, 29.630857810266868)	(17000, 29.317396226415088)	(18000, 29.26831882694442)	(19000, 28.692329355891584)	(20000, 28.69184354021538)	(21000, 28.648383911819895)	(22000, 27.893948717948728)	(23000, 27.621135496832874)	(24000, 27.30459024276376)	(25000, 27.138408533868095)	(26000, 26.92972576573177)	(27000, 27.689892857142855)	(28000, 28.86955521181716)	(29000, 27.32061462450596)	(30000, 27.971173160173176)	(31000, 27.162197619047618)	(32000, 27.817321052631602)	(33000, 26.92241834365325)	(34000, 26.944233333333326)	(35000, 26.74935805860806)	(36000, 26.51650000000002)	(37000, 26.725818181818163)	(38000, 26.01340404040406)	(39000, 25.65476388888891)	(40000, 25.590875)	(41000, 26.18092857142856)	(42000, 26.957999999999966)	(43000, 27.254571428571435)	(44000, 24.53960476190483)	(45000, 23.5035)	(46000, 21.76766666666666)	(47000, 22.467000000000002)	(48000, 14.279666666666664)	(49000, 11.705)	(50000, 11.567226890756302)														
FAY99780_pass_barcode01_98e12ebb_5ad7f319_142	(1, 28.6325)	(2, 27.8)	(3, 29.5075)	(4, 29.715)	(5, 30.035)	(6, 30.02)	(7, 29.805)	(8, 29.63)	(9, 29.17)	(10, 28.353869364553574)	(1000, 28.288434919880515)	(2000, 28.55390271879723)	(3000, 28.762114075484753)	(4000, 28.781912662446338)	(5000, 29.288508273733335)	(6000, 28.870890582355603)	(7000, 28.183064343280176)	(8000, 28.547660620753852)	(9000, 28.502416688981235)	(10000, 28.85013293258948)	(11000, 27.90147302729725)	(12000, 27.639742373654425)	(13000, 27.492185185185196)	(14000, 27.680710826210802)	(15000, 28.30034615384614)	(16000, 28.801843974358977)	(17000, 29.187161231884115)	(18000, 28.89201525206295)	(19000, 29.153263157894685)	(20000, 29.040525842793272)	(21000, 28.597833333333348)	(22000, 27.26321428571432)	(23000, 26.485648351648347)	(24000, 27.126583333333304)	(25000, 27.414840909090906)	(26000, 29.42336363636363)	(27000, 30.75170000000007)	(28000, 30.44170000000002)	(29000, 30.39068888888883)	(30000, 31.45961111111113)	(31000, 31.555773809523807)	(32000, 31.107666666666674)	(33000, 31.734499999999983)	(34000, 31.521500000000024)	(35000, 29.949016666666655)	(36000, 32.44925)	(37000, 31.72700000000001)	(38000, 30.199833333333334)	(39000, 32.753)	(40000, 32.6815)	(41000, 29.6545)	(42000, 30.713)	(43000, 31.908)	(44000, 33.23)	(45000, 29.537)	(46000, 32.154)	(47000, 31.477941176470587)																	
FAY99780_pass_barcode01_98e12ebb_5ad7f319_143	(1, 29.080524344569287)	(2, 27.674157303370787)	(3, 29.46441947565543)	(4, 29.60299625468165)	(5, 30.1123595505618)	(6, 30.280898876404493)	(7, 30.312734082397004)	(8, 30.189138576779026)	(9, 29.739700374531836)	(10, 28.618159538001866)	(1000, 28.55874077677189)	(2000, 28.986654547679567)	(3000, 28.84957497290674)	(4000, 28.821044537409765)	(5000, 28.744285437019425)	(6000, 28.8667336037732)	(7000, 28.501092680047456)	(8000, 28.5359959187224)	(9000, 28.866448441523097)	(10000, 28.516524289836017)	(11000, 28.42989831042875)	(12000, 28.639125077908854)	(13000, 28.370007044758736)	(14000, 28.561818060355872)	(15000, 28.18481159447704)	(16000, 27.961030144173538)	(17000, 28.184872342417513)	(18000, 28.143017746737325)	(19000, 27.96240297164547)	(20000, 28.098284589245136)	(21000, 28.525445357092366)	(22000, 28.249977961489357)	(23000, 27.96894130434782)	(24000, 27.897838735177892)	(25000, 28.428799999999995)	(26000, 27.83708947368421)	(27000, 29.021053491572044)	(28000, 29.125580882352946)	(29000, 27.814674999999994)	(30000, 26.098500000000005)	(31000, 26.56012087912088)	(32000, 28.29526282051282)	(33000, 26.961666666666684)	(34000, 28.42641666666666)	(35000, 28.916121212121187)	(36000, 28.44096363636365)	(37000, 29.639838888888878)	(38000, 29.170875)	(39000, 30.639428571428613)	(40000, 29.65966666666669)	(41000, 31.762233333333334)	(42000, 32.86224999999997)	(43000, 32.17166666666665)	(44000, 30.345)	(45000, 29.858)	(46000, 29.872509960159363)																		
FAY99780_pass_barcode01_98e12ebb_5ad7f319_144	(1, 28.298)	(2, 26.976)	(3, 28.362)	(4, 28.937875751503007)	(5, 29.431726907630523)	(6, 29.64859437751004)	(7, 29.616465863453815)	(8, 29.176706827309236)	(9, 28.670682730923694)	(10, 28.37177713411213)	(1000, 28.355517672052045)	(2000, 28.530825780729998)	(3000, 28.415236675609798)	(4000, 28.4407210778399)	(5000, 28.16441041342614)	(6000, 27.952319363881728)	(7000, 27.641616347622662)	(8000, 28.0429021759256)	(9000, 27.83496661484889)	(10000, 27.310738352707467)	(11000, 28.00438533068643)	(12000, 27.900759726595513)	(13000, 28.4700667316944)	(14000, 27.89274500120899)	(15000, 27.396415886886636)	(16000, 28.352650613732802)	(17000, 27.207609427767366)	(18000, 27.495259127548618)	(19000, 26.98406782620183)	(20000, 27.17155331850202)	(21000, 27.795733762087185)	(22000, 28.329592592592622)	(23000, 26.940216524216492)	(24000, 27.80904381270899)	(25000, 26.003608695652165)	(26000, 26.6486798418972)	(27000, 25.80980714285715)	(28000, 26.977941266769868)	(29000, 25.5955)	(30000, 25.579199725274723)	(31000, 25.109120046620077)	(32000, 23.982272727272733)	(33000, 22.829436363636347)	(34000, 26.922883333333317)	(35000, 27.235375)	(36000, 25.18382142857143)	(37000, 25.73371428571429)	(38000, 24.639285714285673)	(39000, 25.003261904761885)	(40000, 24.940366666666684)	(41000, 24.753999999999984)	(42000, 25.901799999999966)	(43000, 28.224349999999998)	(44000, 29.921)	(45000, 28.022666666666648)	(46000, 25.543166666666668)	(47000, 27.45431472081218)																	
FAY99780_pass_barcode01_98e12ebb_5ad7f319_145	(1, 28.038379530916846)	(2, 26.260127931769723)	(3, 28.02132196162047)	(4, 28.087420042643924)	(5, 28.070362473347547)	(6, 28.04690831556503)	(7, 28.266524520255864)	(8, 28.12579957356077)	(9, 28.01279317697228)	(10, 28.011206197697884)	(1000, 28.130682972485758)	(2000, 28.14368441055497)	(3000, 28.34168390384654)	(4000, 28.168518247232413)	(5000, 27.851536976395202)	(6000, 27.975667831643417)	(7000, 27.887012153235727)	(8000, 27.73490885550165)	(9000, 27.756953198158104)	(10000, 27.796731675852556)	(11000, 28.064647762287464)	(12000, 27.64299522554793)	(13000, 27.093823032276195)	(14000, 27.11264828587223)	(15000, 27.19824740573151)	(16000, 27.05883775510201)	(17000, 27.027729125552483)	(18000, 27.35844608355655)	(19000, 27.99900182926829)	(20000, 27.457708027865944)	(21000, 27.430743339911736)	(22000, 27.08746875)	(23000, 26.25918499953652)	(24000, 25.689499589841816)	(25000, 26.81577719744024)	(26000, 26.729714285714287)	(27000, 27.21250121136172)	(28000, 26.757655964052272)	(29000, 25.366970329670313)	(30000, 26.332269696969714)	(31000, 27.029500000000013)	(32000, 27.338499999999996)	(33000, 26.440399999999983)	(34000, 23.252441666666673)	(35000, 22.809374999999992)	(36000, 25.54997619047618)	(37000, 23.844000000000012)	(38000, 25.313866666666623)	(39000, 24.09259999999997)	(40000, 25.787200000000045)	(41000, 24.406)	(42000, 21.1815)	(43000, 22.0935)	(44000, 24.626499999999975)	(45000, 25.49766666666665)	(46000, 27.1775)	(47000, 26.164)	(48000, 28.816)	(49000, 26.947589098532493)															
FAY99780_pass_barcode01_98e12ebb_5ad7f319_146	(1, 28.335849056603774)	(2, 27.064150943396225)	(3, 29.3)	(4, 30.062264150943395)	(5, 30.724528301886792)	(6, 30.841509433962266)	(7, 30.667924528301885)	(8, 30.367924528301888)	(9, 30.462264150943398)	(10, 28.39101275427573)	(1000, 28.526092528311125)	(2000, 28.384919116657272)	(3000, 28.328848343362644)	(4000, 28.524662154122172)	(5000, 28.392015049110675)	(6000, 29.036102732005915)	(7000, 28.2586246961371)	(8000, 28.473932115078505)	(9000, 28.5528265008188)	(10000, 28.69062332541281)	(11000, 28.475712436013243)	(12000, 28.358915385516983)	(13000, 28.66509646812644)	(14000, 28.42902977618268)	(15000, 28.340948587192933)	(16000, 28.828929402432586)	(17000, 28.775924898241694)	(18000, 28.353229851398396)	(19000, 29.077329514365317)	(20000, 28.860834416420687)	(21000, 28.618966525953727)	(22000, 28.42372661122662)	(23000, 27.553918214853514)	(24000, 27.194925133689868)	(25000, 27.81475189393939)	(26000, 27.81525)	(27000, 28.074362903225822)	(28000, 27.6059858361142)	(29000, 27.66870051085566)	(30000, 27.107642678062657)	(31000, 27.71931499999998)	(32000, 26.634560441370258)	(33000, 27.439636363636403)	(34000, 26.84150497835497)	(35000, 25.70252301341586)	(36000, 25.629117647058827)	(37000, 24.972733578431388)	(38000, 24.247557142857147)	(39000, 24.418261904761895)	(40000, 25.091309595959626)	(41000, 24.484555555555563)	(42000, 27.297277777777776)	(43000, 26.178208333333313)	(44000, 25.45345)	(45000, 26.45625)	(46000, 22.73849999999999)	(47000, 23.4575)	(48000, 22.026)	(49000, 20.9645)	(50000, 24.753)	(51000, 23.616)	(52000, 26.145)	(53000, 26.688)	(54000, 24.862)	(55000, 26.349)	(56000, 22.348)	(57000, 24.269)	(58000, 24.901)	(59000, 27.024)	(60000, 26.251)	(61000, 25.629692832764505)			
FAY99780_pass_barcode01_98e12ebb_5ad7f319_147	(1, 28.060665362035223)	(2, 26.947162426614483)	(3, 28.622309197651663)	(4, 28.996086105675147)	(5, 29.074363992172213)	(6, 29.610567514677104)	(7, 29.692759295499023)	(8, 29.64774951076321)	(9, 29.199608610567516)	(10, 27.96682953410406)	(1000, 28.107949721386255)	(2000, 28.336993205989803)	(3000, 28.27758600965648)	(4000, 28.437716519016714)	(5000, 27.834981376679075)	(6000, 28.171667762002468)	(7000, 27.577955068999955)	(8000, 27.994488301129923)	(9000, 27.794472109491483)	(10000, 28.10582821112833)	(11000, 27.83997960828747)	(12000, 27.894912901079323)	(13000, 27.593132997152015)	(14000, 27.02773309968981)	(15000, 26.835092095632564)	(16000, 27.180796014394)	(17000, 27.000318902438952)	(18000, 26.868225492091288)	(19000, 26.784872693319766)	(20000, 26.735774040811343)	(21000, 27.272772134710326)	(22000, 26.41076923076924)	(23000, 26.76574758075255)	(24000, 25.878314285714282)	(25000, 26.58455478156173)	(26000, 26.076529411764756)	(27000, 26.356117647058852)	(28000, 25.333294117647068)	(29000, 25.970647058823523)	(30000, 25.563289460784322)	(31000, 23.84770476190478)	(32000, 25.02919963369965)	(33000, 24.171545454545466)	(34000, 24.54328333333333)	(35000, 25.199125)	(36000, 25.704452380952382)	(37000, 25.468200000000003)	(38000, 25.045)	(39000, 25.23575)	(40000, 22.74616666666667)	(41000, 9.228166666666668)	(42000, 27.74160583941606)																						
FAY99780_pass_barcode01_98e12ebb_5ad7f319_148	(1, 28.073825503355703)	(2, 26.90380313199105)	(3, 28.574944071588366)	(4, 29.08053691275168)	(5, 29.416107382550337)	(6, 29.355704697986578)	(7, 29.14765100671141)	(8, 29.053691275167786)	(9, 29.085011185682326)	(10, 28.714380831100204)	(1000, 28.644035717152963)	(2000, 28.27328809508389)	(3000, 28.72745322324616)	(4000, 28.80282046417614)	(5000, 28.90528065338863)	(6000, 28.968962500256357)	(7000, 28.67405614929356)	(8000, 28.67516552881763)	(9000, 28.8323834214652)	(10000, 28.64293891730158)	(11000, 28.69541227477685)	(12000, 29.09189815059155)	(13000, 28.799361809954767)	(14000, 28.802919370748267)	(15000, 28.82615101462636)	(16000, 28.930607419712103)	(17000, 29.382996551416046)	(18000, 28.952786569994796)	(19000, 27.643688939369866)	(20000, 28.119024299959314)	(21000, 27.248750000000033)	(22000, 27.630250000000007)	(23000, 29.0157330604178)	(24000, 28.64065075433685)	(25000, 30.899588235294075)	(26000, 29.052061974789915)	(27000, 29.62343315018316)	(28000, 29.60422727272723)	(29000, 29.463999999999995)	(30000, 30.698499999999967)	(31000, 30.933077777777783)	(32000, 28.816513888888892)	(33000, 28.936375)	(34000, 29.532125)	(35000, 30.18251785714286)	(36000, 29.469585714285696)	(37000, 30.013199999999983)	(38000, 28.674200000000035)	(39000, 28.988200000000038)	(40000, 28.342)	(41000, 28.74275)	(42000, 29.93525)	(43000, 28.3905)	(44000, 28.84858333333333)	(45000, 27.975666666666722)	(46000, 26.06333333333334)	(47000, 28.293)	(48000, 28.113)	(49000, 29.657)	(50000, 28.3605)	(51000, 24.51)	(52000, 27.123)	(53000, 20.11891891891892)											
FAY99780_pass_barcode01_98e12ebb_5ad7f319_149	(1, 28.127314814814813)	(2, 26.458333333333332)	(3, 27.810185185185187)	(4, 28.38425925925926)	(5, 28.256944444444443)	(6, 28.662037037037038)	(7, 29.27314814814815)	(8, 29.122685185185187)	(9, 28.930555555555557)	(10, 28.30365789581115)	(1000, 28.150819712862962)	(2000, 28.56430276266302)	(3000, 28.6082123351423)	(4000, 28.888313790075838)	(5000, 29.265379324457193)	(6000, 28.780075680504066)	(7000, 28.64385147405199)	(8000, 28.444568524484634)	(9000, 28.64552710584088)	(10000, 28.544656765838397)	(11000, 28.442052011914814)	(12000, 27.895399521853996)	(13000, 29.087921836383344)	(14000, 28.909918480830502)	(15000, 28.878052525252514)	(16000, 28.002700431304355)	(17000, 28.567560975609734)	(18000, 28.269111092392336)	(19000, 28.132416681807847)	(20000, 28.755556824291304)	(21000, 29.550163218390836)	(22000, 28.706131804976668)	(23000, 29.2885092307692)	(24000, 28.51467999999997)	(25000, 29.033076666666663)	(26000, 28.994166666666683)	(27000, 29.337418148880104)	(28000, 28.330686147186167)	(29000, 30.141040476190454)	(30000, 28.60909999999993)	(31000, 29.13635263157896)	(32000, 29.310184210526323)	(33000, 28.678490196078414)	(34000, 30.069562219887942)	(35000, 28.80507875457874)	(36000, 30.539719696969684)	(37000, 29.188225252525257)	(38000, 29.821642857142887)	(39000, 29.09442857142856)	(40000, 29.29354761904764)	(41000, 30.077883333333332)	(42000, 32.23200000000001)	(43000, 31.655666666666665)	(44000, 26.697)	(45000, 27.362)	(46000, 30.057)	(47000, 29.91717791411043)																	
FAY99780_pass_barcode01_98e12ebb_5ad7f319_15	(1, 29.622549019607842)	(2, 28.52591036414566)	(3, 30.215686274509803)	(4, 30.42116327960757)	(5, 30.608269096005607)	(6, 30.64540995094604)	(7, 30.625788367203924)	(8, 30.573931324456904)	(9, 30.433076384022424)	(10, 29.584968705547425)	(1000, 29.63202843036422)	(2000, 29.535000274138255)	(3000, 29.595194056981846)	(4000, 29.435913134465167)	(5000, 29.49416984880496)	(6000, 29.267510902323362)	(7000, 29.454344417752026)	(8000, 29.591423729074545)	(9000, 29.379736690853406)	(10000, 29.10545243773549)	(11000, 29.069253453519217)	(12000, 29.104719622466874)	(13000, 29.021759495547894)	(14000, 29.34191774879085)	(15000, 29.360339055874586)	(16000, 29.33517969273608)	(17000, 29.0741750111316)	(18000, 29.209887637311233)	(19000, 29.12813338186648)	(20000, 29.077641079545568)	(21000, 29.368669657940593)	(22000, 29.279706620113586)	(23000, 29.053864730812155)	(24000, 28.93095855385553)	(25000, 28.733084140069373)	(26000, 28.71885409397511)	(27000, 28.840138915833737)	(28000, 29.05621261027304)	(29000, 28.977781058999412)	(30000, 28.894361613097043)	(31000, 28.94145703471385)	(32000, 28.990752552047212)	(33000, 28.88408115535619)	(34000, 28.93323321384521)	(35000, 29.701986368743004)	(36000, 29.29910231477731)	(37000, 27.620209749136393)	(38000, 28.055631707863583)	(39000, 28.857646825396824)	(40000, 27.521983760683774)	(41000, 26.486856201769275)	(42000, 26.346236714949118)	(43000, 26.628939010989008)	(44000, 27.19917272727275)	(45000, 25.804336111111105)	(46000, 26.004607142857175)	(47000, 26.108357142857113)	(48000, 24.437166666666666)	(49000, 24.016)	(50000, 27.86424999999999)	(51000, 29.8215)	(52000, 32.599173553719005)												
FAY99780_pass_barcode01_98e12ebb_5ad7f319_150	(1, 27.5)	(2, 26.22596153846154)	(3, 27.646634615384617)	(4, 28.209134615384617)	(5, 28.545673076923077)	(6, 28.572115384615383)	(7, 27.838942307692307)	(8, 27.536057692307693)	(9, 27.846153846153847)	(10, 27.909045796718203)	(1000, 28.15148577175906)	(2000, 28.489790141031534)	(3000, 28.253134265026986)	(4000, 28.545377654297916)	(5000, 28.464576889211006)	(6000, 28.26604317766607)	(7000, 28.306847761925418)	(8000, 28.038443485936135)	(9000, 27.940387263874133)	(10000, 27.981735801897393)	(11000, 28.288422846436255)	(12000, 28.29410678691716)	(13000, 28.668016630825583)	(14000, 28.985971677079636)	(15000, 28.95549005666096)	(16000, 28.362869162936967)	(17000, 28.31767006825305)	(18000, 27.776299753944123)	(19000, 27.856918320578625)	(20000, 28.396376724051102)	(21000, 28.136006387920997)	(22000, 27.91994129554659)	(23000, 28.23411640587953)	(24000, 28.109469841269842)	(25000, 26.557507563025165)	(26000, 25.782852025472945)	(27000, 26.22483563218394)	(28000, 26.97563818562025)	(29000, 27.645301817240803)	(30000, 27.971326482873817)	(31000, 28.202944444444427)	(32000, 28.29436233660132)	(33000, 28.633361904761937)	(34000, 27.473174908424937)	(35000, 27.470666666666688)	(36000, 27.564416666666695)	(37000, 29.96167272727269)	(38000, 29.23066666666664)	(39000, 28.033999999999978)	(40000, 27.285748015873033)	(41000, 30.301280952380992)	(42000, 30.79960000000001)	(43000, 32.263400000000004)	(44000, 32.2555)	(45000, 32.26133333333333)	(46000, 32.12299999999996)	(47000, 28.381)	(48000, 29.874)	(49000, 31.339)	(50000, 30.199)	(51000, 32.094861660079054)													
FAY99780_pass_barcode01_98e12ebb_5ad7f319_151	(1, 28.473161033797215)	(2, 27.52191235059761)	(3, 29.285429141716566)	(4, 29.457085828343313)	(5, 29.800399201596807)	(6, 29.904191616766468)	(7, 29.105788423153694)	(8, 29.038)	(9, 28.838)	(10, 28.752676974249045)	(2000, 28.468016873237506)	(4000, 28.179209769421607)	(6000, 28.279043743918013)	(8000, 28.499081694716036)	(10000, 28.274698043683202)	(12000, 28.175851819615435)	(14000, 27.830115604926352)	(16000, 27.604001953601948)	(18000, 27.834699920651673)	(20000, 28.399146626244736)	(22000, 27.94488830583664)	(24000, 27.787478854260772)	(26000, 28.200416297468397)	(28000, 28.344699240632774)	(30000, 28.089109449760787)	(32000, 27.946935175438533)	(34000, 28.4455924838537)	(36000, 28.341534330985827)	(38000, 28.46629457189368)	(40000, 28.41319238249312)	(42000, 27.76046633149712)	(44000, 27.935729475006156)	(46000, 27.46336025704413)	(48000, 26.777569764790712)	(50000, 27.132795310567634)	(52000, 27.378271678431258)	(54000, 26.185544527968684)	(56000, 25.32720452646766)	(58000, 23.605356209150354)	(60000, 21.830144946719983)	(62000, 19.412964141414115)	(64000, 18.862555555555552)	(66000, 17.8876875)	(68000, 16.799526785714257)	(70000, 15.67753571428573)	(72000, 16.735749999999975)	(74000, 16.567416666666656)	(76000, 13.556666666666668)	(78000, 13.0666)	(80000, 12.68350000000001)	(82000, 13.057625)	(84000, 13.363708333333317)	(86000, 13.06825)	(88000, 13.6285)	(90000, 13.4445)	(92000, 13.21625)	(94000, 13.66875)	(96000, 12.511)	(98000, 14.44)	(100000, 15.10375)	(102000, 14.0765)	(104000, 15.005)	(106000, 13.0375)	(108000, 14.121)	(110000, 15.3835)	(112000, 14.22325)	(114000, 13.93825)	(116000, 10.48675)	(118000, 9.306717363751584)					
FAY99780_pass_barcode01_98e12ebb_5ad7f319_152	(1, 26.993288590604028)	(2, 25.48993288590604)	(3, 26.590604026845636)	(4, 27.185185185185187)	(5, 27.127118644067796)	(6, 27.072881355932203)	(7, 27.441426146010187)	(8, 27.35314091680815)	(9, 27.098976109215016)	(10, 26.50511193159452)	(100, 27.162355781128046)	(200, 26.769372312598747)	(300, 26.96908438483209)	(400, 27.22273349429299)	(500, 27.315887334374292)	(600, 26.994675620943504)	(700, 27.176430087821227)	(800, 26.28301610109002)	(900, 27.443394499511488)	(1000, 27.17146418371846)	(1100, 27.893425469804775)	(1200, 28.31846855061203)	(1300, 29.23139355965671)	(1400, 25.53498366013071)	(1500, 27.712952380952387)	(1600, 28.581617549117553)	(1700, 27.611)	(1800, 25.264444444444447)	(1900, 29.950277777777774)	(2000, 24.71625)	(2100, 26.506607142857142)	(2200, 24.34571428571428)	(2300, 31.59090476190477)	(2400, 30.682000000000013)	(2500, 26.974499999999992)	(2600, 29.42)	(2700, 32.1525)	(2800, 34.175)	(2900, 25.8325)	(3000, 25.294166666666666)	(3100, 28.86666666666669)	(3200, 30.129999999999992)	(3300, 26.949999999999985)	(3400, 28.053333333333335)	(3500, 28.853333333333335)	(3600, 14.025)	(3700, 24.875)	(3800, 22.225)	(3900, 33.435)	(4000, 24.055)	(4100, 22.84)	(4200, 19.295)	(4300, 21.715)	(4400, 32.55)	(4500, 27.43)	(4600, 30.02)	(4700, 24.81)	(4800, 16.6)	(4900, 12.932203389830509)															
FAY99780_pass_barcode01_98e12ebb_5ad7f319_153	(1, 23.68421052631579)	(2, 22.31578947368421)	(3, 23.614035087719298)	(4, 25.75438596491228)	(5, 25.403508771929825)	(6, 26.473684210526315)	(7, 26.596491228070175)	(8, 26.385964912280702)	(9, 26.05263157894737)	(10, 25.30061232627022)	(20, 22.792862206975414)	(30, 20.22953328991171)	(40, 19.287753651359164)	(50, 21.27452619323468)	(60, 23.57836114200964)	(70, 21.235362637362634)	(80, 23.430606971975397)	(90, 25.542397660818715)	(100, 27.4)	(110, 26.450563725490195)	(120, 21.795311355311355)	(130, 21.709557109557107)	(140, 19.3575)	(150, 21.175)	(160, 21.301785714285714)	(170, 21.428571428571427)	(180, 18.938095238095237)	(190, 21.560000000000002)	(200, 27.855)	(210, 24.141666666666666)	(220, 31.96666666666667)	(230, 30.4)	(240, 29.46666666666666)	(250, 31.1)	(260, 35.86666666666666)	(270, 35.516666666666666)	(280, 29.75)	(290, 31.35)	(300, 22.7)	(310, 21.95)	(320, 32.65)	(330, 34.35)	(340, 13.3)	(350, 28.15)	(360, 30.15)	(370, 33.25)	(380, 40.9)	(390, 41.35)	(400, 31.15)	(410, 28.35)	(420, 35.7)	(430, 32.5)	(440, 17.1)	(450, 24.8)	(460, 35.1)	(470, 39.0)	(480, 30.9)	(490, 12.5)	(500, 5.8)	(510, 11.8)	(520, 25.5)	(530, 23.6)	(540, 17.1)	(550, 11.6)	(560, 15.0)	(570, 12.666666666666666)								
FAY99780_pass_barcode01_98e12ebb_5ad7f319_154	(1, 25.0)	(2, 23.25)	(3, 23.75)	(4, 23.0)	(5, 21.75)	(6, 18.5)	(7, 17.75)	(8, 21.25)	(9, 18.75)	(10, 20.125)	(12, 20.25)	(14, 21.625)	(16, 19.75)	(18, 17.625)	(20, 16.125)	(22, 18.75)	(24, 20.25)	(26, 20.5)	(28, 19.625)	(30, 20.875)	(32, 25.833333333333336)	(34, 24.0)	(36, 24.833333333333332)	(38, 19.5)	(40, 17.5)	(42, 25.5)	(44, 26.25)	(46, 28.0)	(48, 23.75)	(50, 18.75)	(52, 11.75)	(54, 7.5)	(56, 8.0)	(58, 19.25)	(60, 19.0)	(62, 23.5)	(64, 26.5)	(66, 19.25)	(68, 18.75)	(70, 15.5)	(72, 15.75)	(74, 12.5)	(76, 11.0)	(78, 9.5)	(80, 11.5)	(82, 13.0)	(84, 6.5)	(86, 7.0)	(88, 4.0)	(90, 3.0)	(92, 10.5)	(94, 15.0)	(96, 25.5)	(98, 22.5)	(100, 16.5)	(102, 13.0)	(104, 8.5)	(106, 12.0)	(108, 14.0)	(110, 13.5)	(112, 11.5)	(114, 9.0)	(116, 6.5)	(118, 8.0)										
FAY99780_pass_barcode01_98e12ebb_5ad7f319_16	(1, 29.846318799142246)	(2, 28.616154395997143)	(3, 30.048606147248034)	(4, 30.27376697641172)	(5, 30.761972837741244)	(6, 30.92637598284489)	(7, 30.929949964260185)	(8, 30.949249463902788)	(9, 30.694067190850607)	(10, 29.824421932382755)	(2000, 29.704944084236242)	(4000, 29.757196313134198)	(6000, 29.900561836956363)	(8000, 30.05300672345712)	(10000, 29.94932813205442)	(12000, 30.01346274794269)	(14000, 29.92691439654441)	(16000, 29.84519542021177)	(18000, 30.042524589608348)	(20000, 30.03239547298213)	(22000, 30.268391906040417)	(24000, 29.889431975028376)	(26000, 29.789460088547333)	(28000, 29.934161723396944)	(30000, 29.52841595249954)	(32000, 29.542190008132337)	(34000, 29.179349194594206)	(36000, 28.847319067230003)	(38000, 28.49091690339905)	(40000, 28.00681624431835)	(42000, 27.713248375856207)	(44000, 27.53869439781445)	(46000, 27.408606543230626)	(48000, 26.95160770707771)	(50000, 25.730651826751107)	(52000, 26.362826703649244)	(54000, 25.234268539431632)	(56000, 23.551145050125367)	(58000, 23.096743054941278)	(60000, 23.25895561938062)	(62000, 20.797741071428565)	(64000, 20.25199999999999)	(66000, 19.2292619047619)	(68000, 18.249166666666635)	(70000, 19.309183333333294)	(72000, 19.42125000000001)	(74000, 18.058166666666665)	(76000, 15.829833333333303)	(78000, 15.775416666666679)	(80000, 16.09375)	(82000, 12.276139410187668)																							
FAY99780_pass_barcode01_98e12ebb_5ad7f319_17	(1, 29.25655976676385)	(2, 28.08752735229759)	(3, 29.62290299051787)	(4, 29.99781181619256)	(5, 30.73522975929978)	(6, 30.718453683442743)	(7, 30.64989059080963)	(8, 30.537563822027717)	(9, 30.462436177972283)	(10, 29.52048983298028)	(1000, 29.653089873422598)	(2000, 29.56376478433268)	(3000, 29.389402757915057)	(4000, 29.752424577289162)	(5000, 29.67380762555512)	(6000, 29.81571481630226)	(7000, 29.84762963229709)	(8000, 29.518988726456097)	(9000, 29.273921366928786)	(10000, 29.381941464891096)	(11000, 29.174375651158655)	(12000, 29.473896190375402)	(13000, 29.491503954115146)	(14000, 29.50674308759801)	(15000, 29.70718587661799)	(16000, 29.684762606155978)	(17000, 29.856884956141155)	(18000, 29.83308944826184)	(19000, 29.710110746403195)	(20000, 30.124971419827187)	(21000, 30.098049737953428)	(22000, 29.804259798459576)	(23000, 29.24570436964531)	(24000, 29.65719601397442)	(25000, 29.421733709592683)	(26000, 29.444887970383487)	(27000, 29.50487510341643)	(28000, 29.600898542736232)	(29000, 29.560606236649463)	(30000, 29.467291192350512)	(31000, 28.97821065375294)	(32000, 28.20324939084181)	(33000, 28.557733596721047)	(34000, 28.39756890598298)	(35000, 29.42709545808763)	(36000, 29.697313402665245)	(37000, 28.13448635982016)	(38000, 28.386971002197217)	(39000, 27.644931416099734)	(40000, 27.053713235294097)	(41000, 26.618811309523824)	(42000, 27.311156177156185)	(43000, 26.804858333333332)	(44000, 27.6185)	(45000, 25.534141666666642)	(46000, 22.086250000000014)	(47000, 16.601)	(48000, 18.813953488372093)																
FAY99780_pass_barcode01_98e12ebb_5ad7f319_18	(1, 29.497366440933032)	(2, 28.33258088788563)	(3, 30.129420617005266)	(4, 30.834462001504892)	(5, 31.17456734386757)	(6, 31.479307750188113)	(7, 31.237772761474794)	(8, 30.984198645598195)	(9, 30.53423626787058)	(10, 29.589765671714275)	(2000, 29.437945815065888)	(4000, 29.561156614786597)	(6000, 29.825963327950888)	(8000, 30.004921143377658)	(10000, 29.604630122882334)	(12000, 29.913294422879826)	(14000, 29.831412508830713)	(16000, 29.723402382208207)	(18000, 29.623543297694635)	(20000, 29.506272561464357)	(22000, 29.4420258311118)	(24000, 29.627348254186924)	(26000, 29.67244112521156)	(28000, 29.64664646004112)	(30000, 29.516038903702654)	(32000, 29.488191867685323)	(34000, 29.24005852463738)	(36000, 28.871288773978247)	(38000, 29.06500842420347)	(40000, 28.689345884736213)	(42000, 29.00123761690827)	(44000, 28.30440387638353)	(46000, 27.934053494560263)	(48000, 27.498940169016794)	(50000, 26.46351002719671)	(52000, 25.09666348814231)	(54000, 24.781184846586118)	(56000, 24.21230085784314)	(58000, 21.84305208333332)	(60000, 20.836705311355317)	(62000, 20.777174242424252)	(64000, 19.706499999999984)	(66000, 17.8594820707071)	(68000, 14.913485119047618)	(70000, 13.096300000000017)	(72000, 13.110725000000008)	(74000, 12.852125)	(76000, 12.894375)	(78000, 12.197)	(80000, 12.754875)	(82000, 12.9525)	(84000, 14.61175)	(86000, 10.9105)	(88000, 10.834625)	(90000, 11.37525)	(92000, 13.27620833333335)	(94000, 17.174333333333315)	(96000, 16.738583333333317)	(98000, 19.63775)	(100000, 19.66175)	(102000, 20.82175)	(104000, 20.97975)	(106000, 20.50275)	(108000, 20.592)	(110000, 20.163)	(112000, 19.7695)	(114000, 20.99275)	(116000, 19.36425)	(118000, 10.6245)	(120000, 11.2775)	(122000, 10.434)	(124000, 16.163483575248282)		
FAY99780_pass_barcode01_98e12ebb_5ad7f319_19	(1, 30.10377358490566)	(2, 28.84433962264151)	(3, 30.23427672955975)	(4, 30.621069182389938)	(5, 31.2311320754717)	(6, 31.413522012578618)	(7, 31.53380503144654)	(8, 31.45361635220126)	(9, 31.2374213836478)	(10, 29.892753496299083)	(5000, 30.34874114134037)	(10000, 30.253830045729682)	(15000, 30.142933324149904)	(20000, 30.205380812249913)	(25000, 30.042876824541874)	(30000, 30.345103067228145)	(35000, 29.9266156427579)	(40000, 29.013288783515087)	(45000, 28.264654435420415)	(50000, 28.080626061639684)	(55000, 27.182385835931765)	(60000, 23.689565960183664)	(65000, 20.59571626984123)	(70000, 17.543103333333338)	(75000, 18.68026666666668)	(80000, 14.672933333333335)	(85000, 13.9538)	(90000, 13.1654)	(95000, 13.3046)	(100000, 12.722)	(105000, 12.522)	(110000, 13.2598)	(115000, 13.2362)	(120000, 13.826)	(125000, 14.8998)	(130000, 15.1468)	(135000, 14.133)	(140000, 14.0048)	(145000, 12.525)	(150000, 12.5572)	(155000, 13.243173862310385)																																	
FAY99780_pass_barcode01_98e12ebb_5ad7f319_2	(1, 29.95514705882353)	(2, 28.833088235294117)	(3, 30.229411764705883)	(4, 30.736029411764704)	(5, 31.037527593818986)	(6, 31.345842531272996)	(7, 31.181751287711553)	(8, 31.22663723325975)	(9, 30.8373804267844)	(10, 29.27538780484448)	(1000, 29.32621251200884)	(2000, 29.12176668666846)	(3000, 28.984403793185706)	(4000, 29.25602029794127)	(5000, 29.505747952946475)	(6000, 29.514990432208755)	(7000, 29.622194247944165)	(8000, 29.829149965244355)	(9000, 29.846838463890407)	(10000, 29.79170422588905)	(11000, 29.95096113693462)	(12000, 29.922592142186968)	(13000, 29.78533830592774)	(14000, 29.637537748107327)	(15000, 29.68011652952135)	(16000, 29.782809798342566)	(17000, 29.637531497811278)	(18000, 29.798361043586777)	(19000, 29.884892886954095)	(20000, 30.090958267447544)	(21000, 29.99148531792513)	(22000, 29.66119995237693)	(23000, 30.413948786875025)	(24000, 29.72882394554914)	(25000, 29.784512563966377)	(26000, 29.594834338456355)	(27000, 30.141497551844097)	(28000, 29.93079697242626)	(29000, 29.72460211210894)	(30000, 29.449615394683597)	(31000, 29.334111124271598)	(32000, 28.707536697219094)	(33000, 28.709835266627906)	(34000, 28.116045061448027)	(35000, 27.90473569886419)	(36000, 27.858989519739538)	(37000, 27.315020057985468)	(38000, 27.791881578947322)	(39000, 27.82513983488136)	(40000, 24.511259558823568)	(41000, 25.40588736263734)	(42000, 25.755249999999993)	(43000, 26.94451515151517)	(44000, 23.324127272727303)	(45000, 24.251344444444435)	(46000, 24.910285714285674)	(47000, 25.600033333333315)	(48000, 25.132999999999985)	(49000, 20.901)	(50000, 21.7645)	(51000, 22.4085)	(52000, 11.988)	(53000, 14.139)	(54000, 12.189)	(55000, 12.581)	(56000, 11.302059496567505)								
FAY99780_pass_barcode01_98e12ebb_5ad7f319_20	(1, 29.13421418636996)	(2, 27.771905424200277)	(3, 29.52086230876217)	(4, 30.165507649513213)	(5, 30.668289290681503)	(6, 31.06328233657858)	(7, 30.77816411682893)	(8, 30.662726008344922)	(9, 30.479833101529902)	(10, 29.62184673225162)	(1000, 29.795500001861402)	(2000, 29.88517663624386)	(3000, 29.67708425210159)	(4000, 29.72867226272583)	(5000, 29.63094811206938)	(6000, 29.845029909256883)	(7000, 29.88476619118065)	(8000, 29.656814906070714)	(9000, 29.699804403214646)	(10000, 29.89472806943318)	(11000, 29.69300787223503)	(12000, 29.43200787651585)	(13000, 29.729075382015825)	(14000, 29.840146422956114)	(15000, 29.799686363559346)	(16000, 29.787813420534185)	(17000, 30.215730174239916)	(18000, 29.737979905484018)	(19000, 29.874894299133636)	(20000, 29.762087638512966)	(21000, 29.637467935829896)	(22000, 29.77035694560691)	(23000, 29.636496533825344)	(24000, 29.687098367785556)	(25000, 29.921963946792737)	(26000, 29.482523329832077)	(27000, 28.931725245578697)	(28000, 28.418592672108634)	(29000, 28.453115305514032)	(30000, 28.252958953714792)	(31000, 28.167355988181484)	(32000, 28.084757404607448)	(33000, 27.669641353008092)	(34000, 27.759589577383363)	(35000, 27.604298319327704)	(36000, 28.96754716216425)	(37000, 28.95776003466527)	(38000, 29.421081779219158)	(39000, 28.044093939393946)	(40000, 26.58867080200499)	(41000, 27.16704304029305)	(42000, 27.80421363636363)	(43000, 28.14900000000003)	(44000, 29.578833333333336)	(45000, 28.036849999999998)	(46000, 27.289583333333347)	(47000, 30.181)	(48000, 28.374)	(49000, 29.189265536723163)															
FAY99780_pass_barcode01_98e12ebb_5ad7f319_21	(1, 29.48790896159317)	(2, 28.362019914651494)	(3, 30.062588904694167)	(4, 30.568990042674255)	(5, 30.817211948790895)	(6, 31.188477951635846)	(7, 30.910384068278805)	(8, 30.756045519203415)	(9, 30.55832147937411)	(10, 29.891135266671565)	(1000, 29.985482169526133)	(2000, 30.054173383006137)	(3000, 30.06570933237215)	(4000, 30.13378218146586)	(5000, 29.76844986653089)	(6000, 30.027352072645748)	(7000, 30.044356913776802)	(8000, 30.015051407766133)	(9000, 29.984597989988096)	(10000, 30.038083583654245)	(11000, 29.89068132079764)	(12000, 30.085892398055407)	(13000, 29.897716539908778)	(14000, 29.999251382512536)	(15000, 29.846002740366135)	(16000, 29.899767752039025)	(17000, 29.976748012792356)	(18000, 29.374340192774014)	(19000, 28.925248929491126)	(20000, 29.43664214730742)	(21000, 29.450499007418383)	(22000, 29.448692940249114)	(23000, 29.311055382437075)	(24000, 29.52960636674655)	(25000, 29.66028220185264)	(26000, 29.793761231220113)	(27000, 29.95940761168451)	(28000, 29.67953721036365)	(29000, 29.582254241379438)	(30000, 30.006377703910214)	(31000, 29.379440492698308)	(32000, 29.072506777905332)	(33000, 29.35486064808468)	(34000, 28.535153696869532)	(35000, 28.20203043694402)	(36000, 28.548676216049955)	(37000, 27.912723886404542)	(38000, 27.707117314683103)	(39000, 27.995896405228766)	(40000, 27.959666569423007)	(41000, 27.598058744894924)	(42000, 27.889757572934297)	(43000, 27.476356828345356)	(44000, 26.44037817182815)	(45000, 26.374845454545444)	(46000, 25.97332420634923)	(47000, 21.816083333333346)	(48000, 20.1305)	(49000, 20.322)	(50000, 20.663)	(51000, 18.405)	(52000, 18.578)	(53000, 18.652)	(54000, 21.546)	(55000, 21.117)	(56000, 21.714285714285715)								
FAY99780_pass_barcode01_98e12ebb_5ad7f319_22	(1, 29.075394105551748)	(2, 27.991775188485263)	(3, 29.616860863605208)	(4, 30.292666209732694)	(5, 30.863605209047293)	(6, 31.01987662782728)	(7, 30.845784784098697)	(8, 30.681288553803974)	(9, 30.420150788211103)	(10, 29.67447217852006)	(1000, 29.659804633451387)	(2000, 29.680374646676903)	(3000, 29.680314922200317)	(4000, 29.776292577099788)	(5000, 29.97980158529508)	(6000, 29.773828665570928)	(7000, 29.628396943493613)	(8000, 29.48128942333181)	(9000, 29.315028688564528)	(10000, 29.4190145550305)	(11000, 29.561822785149104)	(12000, 29.51956924812136)	(13000, 29.69413976759904)	(14000, 29.821014952893265)	(15000, 29.746342488615248)	(16000, 29.507763629801318)	(17000, 29.892892230237873)	(18000, 29.673652065713565)	(19000, 29.36805866675443)	(20000, 29.23096775091091)	(21000, 29.290001976034187)	(22000, 29.175054555916905)	(23000, 29.18520853948893)	(24000, 29.166283565040374)	(25000, 29.166110381846806)	(26000, 29.011889165803566)	(27000, 29.35445916631699)	(28000, 29.023088892351822)	(29000, 28.396630954363225)	(30000, 28.237621050689548)	(31000, 28.042469005126463)	(32000, 28.239128102650476)	(33000, 28.80143958494605)	(34000, 28.647402558804487)	(35000, 28.514907754283573)	(36000, 28.697463183876405)	(37000, 28.964881008991455)	(38000, 29.458553778507614)	(39000, 28.620706988518727)	(40000, 29.66062106491724)	(41000, 29.236470588235253)	(42000, 29.103985294117653)	(43000, 29.05380402930402)	(44000, 28.17143356643357)	(45000, 26.340500000000002)	(46000, 23.727125000000004)	(47000, 23.208061904761905)	(48000, 22.58401666666667)	(49000, 24.4975)	(50000, 19.7555)	(51000, 22.267)	(52000, 28.34375)												
FAY99780_pass_barcode01_98e12ebb_5ad7f319_23	(1, 30.45682451253482)	(2, 29.24651810584958)	(3, 30.955431754874652)	(4, 31.5)	(5, 31.602367688022284)	(6, 31.987465181058496)	(7, 31.858635097493035)	(8, 31.559888579387188)	(9, 31.252785515320333)	(10, 29.760194017781327)	(2000, 29.83033463364378)	(4000, 29.93242665927201)	(6000, 30.10830694340363)	(8000, 30.168862136988544)	(10000, 30.23654866131026)	(12000, 30.113672187353117)	(14000, 29.820010626778416)	(16000, 29.884998496506434)	(18000, 29.85685571677586)	(20000, 30.148971546376764)	(22000, 30.205530114040442)	(24000, 29.958536670709382)	(26000, 29.65374608307814)	(28000, 29.755395172991673)	(30000, 30.18479096976737)	(32000, 29.774274207204304)	(34000, 29.52938175339767)	(36000, 29.56900551130205)	(38000, 29.632111950304417)	(40000, 29.267595772441975)	(42000, 29.133406293968072)	(44000, 28.474800228064755)	(46000, 28.489661409951363)	(48000, 28.614208797453674)	(50000, 27.83003645692837)	(52000, 27.746152136638162)	(54000, 26.80110554541181)	(56000, 26.66507044317198)	(58000, 26.004254389270137)	(60000, 26.605113043945614)	(62000, 27.148932234432262)	(64000, 28.018555361305356)	(66000, 27.62062790404043)	(68000, 27.97927976190475)	(70000, 26.21608333333334)	(72000, 22.989033333333307)	(74000, 20.006225)	(76000, 20.05725)	(78000, 20.903)	(80000, 12.1235)	(82000, 13.208791208791208)																							
FAY99780_pass_barcode01_98e12ebb_5ad7f319_24	(1, 28.98967551622419)	(2, 27.525811209439528)	(3, 29.43510324483776)	(4, 30.160029498525073)	(5, 30.516961651917406)	(6, 30.86725663716814)	(7, 30.81268436578171)	(8, 30.78466076696165)	(9, 30.58480825958702)	(10, 29.73393194784335)	(2000, 29.7325566240574)	(4000, 29.81584990150062)	(6000, 29.899256543126274)	(8000, 30.128393702041485)	(10000, 29.9794430180928)	(12000, 29.894077245495016)	(14000, 29.64117902253998)	(16000, 29.822060682030777)	(18000, 29.30658463181397)	(20000, 29.137890719371253)	(22000, 28.94766350998297)	(24000, 29.098769251668163)	(26000, 29.236768429419673)	(28000, 29.20512587987091)	(30000, 29.04925786487987)	(32000, 28.973184820881986)	(34000, 29.565523556034137)	(36000, 29.732561560568396)	(38000, 29.725300513687476)	(40000, 29.6726927687298)	(42000, 29.589412502476335)	(44000, 28.94556623160439)	(46000, 29.355086931574917)	(48000, 29.76886458056907)	(50000, 30.206996336996305)	(52000, 28.555522222222237)	(54000, 28.79814285714288)	(56000, 31.14784523809524)	(58000, 30.913808333333343)	(60000, 29.906833333333385)	(62000, 23.201166666666662)	(64000, 22.89366666666668)	(66000, 21.00425)	(68000, 22.16975)	(70000, 22.7245)	(72000, 22.3265)	(74000, 17.2075)	(76000, 14.331)	(78000, 13.3135)	(80000, 13.359)	(82000, 12.987)	(84000, 13.504)	(86000, 14.127)	(88000, 13.882)	(90000, 14.5695)	(92000, 13.535)	(94000, 13.0495)	(96000, 14.599)	(98000, 11.5385)	(100000, 13.973)	(102000, 12.239)	(104000, 14.574)	(106000, 13.9735)	(108000, 13.871)	(110000, 13.6005)	(112000, 12.85)	(114000, 13.3985)	(116000, 13.8695)	(118000, 13.47)	(120000, 13.8245)	(122000, 15.27580372250423)			
FAY99780_pass_barcode01_98e12ebb_5ad7f319_25	(1, 29.74109090909091)	(2, 28.586181818181817)	(3, 30.22690909090909)	(4, 30.47490909090909)	(5, 30.548363636363636)	(6, 30.687272727272727)	(7, 30.727272727272727)	(8, 30.656)	(9, 30.216)	(10, 29.442000231071482)	(2000, 29.469427239851868)	(4000, 29.5786460872077)	(6000, 29.413040560218263)	(8000, 29.449761937005437)	(10000, 29.67266603980593)	(12000, 29.570610957936744)	(14000, 29.67712168737913)	(16000, 29.728143587107144)	(18000, 29.436632904872216)	(20000, 29.357376136242014)	(22000, 29.658444450908327)	(24000, 29.14068604165627)	(26000, 29.347841020115894)	(28000, 29.57327062219161)	(30000, 29.755139225214148)	(32000, 29.300354349661355)	(34000, 29.749339533256368)	(36000, 28.959096281602363)	(38000, 28.83079318192987)	(40000, 29.26366475020615)	(42000, 29.38233627554209)	(44000, 29.098233971473302)	(46000, 29.69717518699092)	(48000, 29.81286408668735)	(50000, 29.848678308823548)	(52000, 27.62135828962701)	(54000, 25.81655454545452)	(56000, 25.815083333333334)	(58000, 25.4055228174603)	(60000, 23.570333333333387)	(62000, 22.783350000000002)	(64000, 21.388625)	(66000, 22.6355)	(68000, 22.39983333333335)	(70000, 19.337999999999994)	(72000, 19.13983333333333)	(74000, 20.72466666666669)	(76000, 18.501000000000026)	(78000, 18.20516666666666)	(80000, 12.6135)	(82000, 13.0345)	(84000, 15.569)	(86000, 14.6035)	(88000, 15.319)	(90000, 14.324)	(92000, 13.239)	(94000, 15.224)	(96000, 13.3125)	(98000, 13.4445)	(100000, 16.4565)	(102000, 15.593)	(104000, 15.877747252747254)												
FAY99780_pass_barcode01_98e12ebb_5ad7f319_26	(1, 29.206349206349206)	(2, 28.009070294784582)	(3, 29.466364323507182)	(4, 29.82312925170068)	(5, 30.294784580498867)	(6, 30.515495086923657)	(7, 30.668178382464095)	(8, 30.28344671201814)	(9, 30.046863189720334)	(10, 29.430876418042754)	(1000, 29.539963013130162)	(2000, 29.881952052257184)	(3000, 29.860282034912483)	(4000, 30.07122646314457)	(5000, 30.071134231929204)	(6000, 29.9394032596062)	(7000, 29.8570663613683)	(8000, 29.70440344138558)	(9000, 29.93046647672618)	(10000, 29.517469046143066)	(11000, 29.588048534100174)	(12000, 29.334226970829334)	(13000, 29.382262293463057)	(14000, 29.380485503170444)	(15000, 29.08637741179447)	(16000, 29.420305329006137)	(17000, 29.60102075659561)	(18000, 29.193785734904548)	(19000, 29.170318469799433)	(20000, 29.464219184144454)	(21000, 29.41639513641466)	(22000, 29.49211422946582)	(23000, 29.58941894475439)	(24000, 29.15295468670438)	(25000, 29.267727793379795)	(26000, 29.770178358726216)	(27000, 29.800916833413183)	(28000, 29.33124731898402)	(29000, 29.732342973920133)	(30000, 29.520971969387134)	(31000, 29.46955993824613)	(32000, 29.903046542559153)	(33000, 30.27092658239527)	(34000, 30.41593830664062)	(35000, 30.267060228858554)	(36000, 30.235282850021697)	(37000, 30.679937555704107)	(38000, 30.690578584984884)	(39000, 30.1040363650118)	(40000, 28.97586666666667)	(41000, 28.884352829377374)	(42000, 28.661608333333326)	(43000, 28.856376556776556)	(44000, 28.746918414918383)	(45000, 28.46570000000001)	(46000, 27.319813888888866)	(47000, 28.976333333333336)	(48000, 29.834)	(49000, 30.064)	(50000, 26.935211267605634)														
FAY99780_pass_barcode01_98e12ebb_5ad7f319_27	(1, 29.439513242662848)	(2, 28.078024337866857)	(3, 29.813171080887617)	(4, 30.132426628489622)	(5, 30.510379384395133)	(6, 30.518253400143163)	(7, 30.209019327129564)	(8, 30.163922691481748)	(9, 29.943450250536866)	(10, 29.392309138335246)	(2000, 29.42583743440906)	(4000, 29.480802722027914)	(6000, 29.330567016671587)	(8000, 29.43083654426674)	(10000, 29.351535209269585)	(12000, 29.28716558863734)	(14000, 29.52478844380032)	(16000, 29.536580885169663)	(18000, 29.385303045195737)	(20000, 29.399967487492138)	(22000, 29.298413454156474)	(24000, 29.3387906127065)	(26000, 29.132913355148695)	(28000, 28.370153016232766)	(30000, 28.606467576824343)	(32000, 28.73332675247728)	(34000, 28.548251690088684)	(36000, 28.39974413923589)	(38000, 27.821696678987095)	(40000, 28.31322687574157)	(42000, 27.70374113316697)	(44000, 27.638005147564947)	(46000, 28.04023029679753)	(48000, 27.94934883165208)	(50000, 26.722070509981386)	(52000, 26.485402093596043)	(54000, 26.276320493673193)	(56000, 27.52997858309992)	(58000, 24.809826776001735)	(60000, 22.852465277777792)	(62000, 23.010809523809474)	(64000, 23.917300000000054)	(66000, 20.70062499999999)	(68000, 20.713875)	(70000, 20.71825)	(72000, 20.08741666666669)	(74000, 21.744666666666642)	(76000, 22.3355)	(78000, 30.19)	(80000, 29.783519553072626)																								
FAY99780_pass_barcode01_98e12ebb_5ad7f319_28	(1, 29.250276854928018)	(2, 28.15171650055371)	(3, 29.48172757475083)	(4, 30.0609080841639)	(5, 30.27574750830565)	(6, 30.377630121816168)	(7, 30.085271317829456)	(8, 29.967884828349945)	(9, 29.66112956810631)	(10, 29.331758092820664)	(1000, 29.531859622562997)	(2000, 29.517925376821562)	(3000, 29.342103739088632)	(4000, 29.46957040569527)	(5000, 29.545288478463885)	(6000, 29.506502700405534)	(7000, 29.39630434554466)	(8000, 29.748319887526126)	(9000, 29.860015494062676)	(10000, 29.729426746543574)	(11000, 29.728500559060905)	(12000, 29.79774487740932)	(13000, 30.36248359722733)	(14000, 30.314383248750882)	(15000, 30.067262217954003)	(16000, 30.265396928666668)	(17000, 30.11094758671845)	(18000, 29.57292467683424)	(19000, 29.467839873419642)	(20000, 29.33937040781199)	(21000, 29.088959741342034)	(22000, 28.717459557411683)	(23000, 29.05959943965916)	(24000, 29.646180016815855)	(25000, 28.474400548611627)	(26000, 28.652907149377484)	(27000, 28.191523624140064)	(28000, 27.486160246903598)	(29000, 26.9010260432839)	(30000, 25.992170525451566)	(31000, 25.1961259849973)	(32000, 22.92605916506952)	(33000, 25.364116071428572)	(34000, 26.51081868131866)	(35000, 26.912596153846177)	(36000, 26.494940909090886)	(37000, 25.675911111111095)	(38000, 27.034208333333353)	(39000, 25.822375)	(40000, 24.585392857142846)	(41000, 26.238928571428588)	(42000, 22.76163333333333)	(43000, 23.044600000000035)	(44000, 22.898999999999994)	(45000, 25.422149999999995)	(46000, 27.54075)	(47000, 26.78825)	(48000, 26.19866666666666)	(49000, 24.2375)	(50000, 23.574)	(51000, 27.677)	(52000, 22.199)	(53000, 24.3515)	(54000, 21.147)	(55000, 20.532994923857867)									
FAY99780_pass_barcode01_98e12ebb_5ad7f319_29	(1, 28.760690172543136)	(2, 27.518379594898725)	(3, 29.048762190547638)	(4, 29.51912978244561)	(5, 30.267066766691674)	(6, 30.54913728432108)	(7, 30.348837209302324)	(8, 30.269317329332335)	(9, 29.852213053263316)	(10, 29.49830279285495)	(2000, 29.609862693396042)	(4000, 29.751919200810043)	(6000, 29.786670032158675)	(8000, 29.685793786530688)	(10000, 29.632259101879168)	(12000, 29.643401112647844)	(14000, 29.554119784777868)	(16000, 29.505584334300156)	(18000, 29.423889513448046)	(20000, 29.346225222812937)	(22000, 29.230984919748032)	(24000, 29.30570755149121)	(26000, 29.331927723866652)	(28000, 29.000608777967493)	(30000, 28.81774016637151)	(32000, 28.07776782499692)	(34000, 28.509803466572855)	(36000, 28.54239084866642)	(38000, 28.643440968627953)	(40000, 27.62388250327904)	(42000, 27.589729969378467)	(44000, 27.693811044723)	(46000, 27.355561993725626)	(48000, 26.475675703821626)	(50000, 25.67295257542093)	(52000, 25.396846189707656)	(54000, 26.19560612840866)	(56000, 26.63818403568214)	(58000, 25.912797589869257)	(60000, 25.44453125)	(62000, 24.508285416666713)	(64000, 23.329443240093223)	(66000, 22.90967956349203)	(68000, 23.193766666666658)	(70000, 22.768700000000027)	(72000, 21.756699999999995)	(74000, 20.212375)	(76000, 20.217624999999984)	(78000, 23.062000000000015)	(80000, 21.26533333333339)	(82000, 20.914166666666638)	(84000, 21.59800000000005)	(86000, 20.817333333333323)	(88000, 19.69833333333337)	(90000, 21.35516666666668)	(92000, 20.196500000000025)	(94000, 22.936333333333344)	(96000, 21.088500000000018)	(98000, 18.035)	(100000, 18.4035)	(102000, 17.82)	(104000, 19.712)	(106000, 16.17575)	(108000, 17.43825)	(110000, 12.362)	(112000, 12.7445)	(114000, 11.6475)	(116000, 12.2725)	(118000, 11.556)	(120000, 12.607169529499627)				
FAY99780_pass_barcode01_98e12ebb_5ad7f319_3	(1, 28.799196787148595)	(2, 27.60776439089692)	(3, 29.34471218206158)	(4, 29.792503346720213)	(5, 30.30789825970549)	(6, 30.96251673360107)	(7, 30.599062918340028)	(8, 30.571619812583666)	(9, 30.548862115127175)	(10, 29.254890451907062)	(1000, 28.973591214424953)	(2000, 28.530817481078834)	(3000, 28.560554835653004)	(4000, 28.860155613309935)	(5000, 28.78483168867251)	(6000, 29.158850346019083)	(7000, 29.06196705700873)	(8000, 28.948363366114876)	(9000, 28.987339495844022)	(10000, 29.244517362529454)	(11000, 29.24418233804652)	(12000, 29.40733842219396)	(13000, 29.20285137251649)	(14000, 29.283472152040293)	(15000, 29.0725898626089)	(16000, 29.57455442811198)	(17000, 29.45659954398132)	(18000, 29.762789943275255)	(19000, 29.492822093859132)	(20000, 29.43111288059451)	(21000, 29.514618719583233)	(22000, 29.176831630737677)	(23000, 29.34486154906413)	(24000, 29.269883014400744)	(25000, 29.605186359031986)	(26000, 29.676245854008286)	(27000, 29.40490090514659)	(28000, 28.96952984028803)	(29000, 28.20303962090331)	(30000, 28.764085315951792)	(31000, 28.6532843342788)	(32000, 27.617773615584877)	(33000, 27.716934902833348)	(34000, 27.70559653638581)	(35000, 28.451642857142843)	(36000, 28.336746031746006)	(37000, 28.045867521367487)	(38000, 27.04620025641021)	(39000, 27.48732267551291)	(40000, 26.58340200501255)	(41000, 25.883210526315807)	(42000, 26.55224765651877)	(43000, 27.26380476190473)	(44000, 29.167599400599396)	(45000, 28.390368686868683)	(46000, 28.112359126984135)	(47000, 27.02566666666667)	(48000, 26.33188333333334)	(49000, 26.46425)	(50000, 31.205916666666678)	(51000, 29.496)	(52000, 30.51)	(53000, 26.42595673876872)											
FAY99780_pass_barcode01_98e12ebb_5ad7f319_30	(1, 29.583579881656803)	(2, 28.14792899408284)	(3, 29.71301775147929)	(4, 30.15310650887574)	(5, 30.44748520710059)	(6, 30.758136094674555)	(7, 30.707100591715978)	(8, 30.51109467455621)	(9, 30.198224852071007)	(10, 29.40218079358151)	(1000, 29.569907118785604)	(2000, 29.349177307718758)	(3000, 29.243371623899158)	(4000, 29.39992249854424)	(5000, 29.380061706320404)	(6000, 29.413019070403596)	(7000, 29.503029945762965)	(8000, 29.351792288785525)	(9000, 29.535417578723077)	(10000, 29.583557007279932)	(11000, 29.565130122687)	(12000, 29.25687061259153)	(13000, 29.026372766039163)	(14000, 29.28469635966745)	(15000, 29.153272955082755)	(16000, 29.276236652455395)	(17000, 29.19917505774335)	(18000, 29.034714632647074)	(19000, 29.19693919275631)	(20000, 29.132018015631044)	(21000, 29.11629950083704)	(22000, 28.96895523847836)	(23000, 28.994762112762494)	(24000, 29.246583989862355)	(25000, 29.028178890137664)	(26000, 28.585543353859094)	(27000, 29.546507350071877)	(28000, 29.789296906309055)	(29000, 29.522308867329613)	(30000, 28.718814412662393)	(31000, 29.41819094789894)	(32000, 29.034420938096094)	(33000, 29.16552191885631)	(34000, 29.258172352756915)	(35000, 29.964141108101387)	(36000, 28.760702317290537)	(37000, 29.88417680050147)	(38000, 29.14668783318127)	(39000, 28.977722943722956)	(40000, 29.005582330827046)	(41000, 29.38955761953905)	(42000, 28.296097371256177)	(43000, 28.139431313131308)	(44000, 28.71975000000001)	(45000, 26.934714285714293)	(46000, 28.074300000000004)	(47000, 27.9565)	(48000, 26.437999999999985)	(49000, 25.192333333333305)	(50000, 29.1555)	(51000, 31.387)	(52000, 32.24590163934426)												
FAY99780_pass_barcode01_98e12ebb_5ad7f319_31	(1, 29.083952451708768)	(2, 27.7444279346211)	(3, 29.23105497771174)	(4, 29.780089153046063)	(5, 30.10029717682021)	(6, 30.419762258543834)	(7, 30.074294205052006)	(8, 30.552748885586926)	(9, 30.479940564635957)	(10, 29.623915383426983)	(2000, 29.6719087423177)	(4000, 29.638936632928097)	(6000, 29.790026865399593)	(8000, 29.673573086145353)	(10000, 29.8157462661004)	(12000, 29.67889511180832)	(14000, 29.44434311218654)	(16000, 29.37699690822621)	(18000, 29.256781784640037)	(20000, 29.21699858474645)	(22000, 29.310528802942155)	(24000, 29.63454768905813)	(26000, 29.776573102948774)	(28000, 29.55842212546672)	(30000, 29.529133700540363)	(32000, 29.41099223818548)	(34000, 29.668140533418686)	(36000, 29.9707088675229)	(38000, 29.78756501424216)	(40000, 29.72858948818814)	(42000, 29.244027941880088)	(44000, 29.93746946390895)	(46000, 29.402438379839445)	(48000, 29.316350904952365)	(50000, 29.377053051588902)	(52000, 29.05571637997035)	(54000, 29.453148084895826)	(56000, 29.96788128501401)	(58000, 28.109569472194497)	(60000, 29.021434650072205)	(62000, 30.862858333333342)	(64000, 27.3405)	(66000, 29.1775)	(68000, 28.89075)	(70000, 28.221)	(72000, 26.473684210526315)																												
FAY99780_pass_barcode01_98e12ebb_5ad7f319_32	(1, 29.1928632115548)	(2, 28.051826677994903)	(3, 29.489379779099405)	(4, 29.80288870008496)	(5, 30.166525063721327)	(6, 30.36108751062022)	(7, 30.144435004248088)	(8, 30.082412914188616)	(9, 29.897196261682243)	(10, 29.42956475950657)	(1000, 29.25417136997562)	(2000, 28.994006729526834)	(3000, 29.018086988627207)	(4000, 29.154644065649407)	(5000, 29.082089184659925)	(6000, 29.1923310327055)	(7000, 28.994879039825207)	(8000, 29.112894381183867)	(9000, 29.276337353321384)	(10000, 29.331664243660672)	(11000, 28.98088820276375)	(12000, 28.820479709587328)	(13000, 28.915791333337282)	(14000, 28.906108281371054)	(15000, 28.70612254608877)	(16000, 28.661709311915043)	(17000, 28.451598340841375)	(18000, 28.629315159615416)	(19000, 28.619452995413354)	(20000, 28.805212202922643)	(21000, 29.01351485853169)	(22000, 28.648889387359972)	(23000, 29.00170488835932)	(24000, 28.6349625939653)	(25000, 29.1012209244129)	(26000, 29.046781296210458)	(27000, 29.06854976679606)	(28000, 29.008285757944453)	(29000, 29.410296631815626)	(30000, 29.228306678150652)	(31000, 29.3821651332034)	(32000, 28.44439510796545)	(33000, 28.478627906976783)	(34000, 28.010380049875426)	(35000, 28.644611336032376)	(36000, 27.598667417417392)	(37000, 27.64511157796451)	(38000, 27.141996002056658)	(39000, 27.905980204342256)	(40000, 28.447754899108013)	(41000, 28.094400163398678)	(42000, 27.49757099567097)	(43000, 27.071499999999975)	(44000, 25.943854365079325)	(45000, 25.38810000000004)	(46000, 25.92261666666667)	(47000, 22.395999999999983)	(48000, 20.174)	(49000, 18.0695)	(50000, 24.101)	(51000, 27.042)	(52000, 24.39811320754717)												
FAY99780_pass_barcode01_98e12ebb_5ad7f319_33	(1, 29.43952299829642)	(2, 28.244463373083477)	(3, 29.965928449744464)	(4, 30.25979557069847)	(5, 30.726575809199318)	(6, 30.772572402044293)	(7, 30.765758091993185)	(8, 30.555366269165248)	(9, 30.324531516183985)	(10, 29.35718908838408)	(1000, 29.491286968944493)	(2000, 29.822734563122683)	(3000, 29.742090416788106)	(4000, 29.69847218944705)	(5000, 29.587632827576854)	(6000, 29.51799507897379)	(7000, 29.635175510039783)	(8000, 29.719412387581897)	(9000, 29.60959701613648)	(10000, 29.723980944649618)	(11000, 30.005726134988127)	(12000, 29.574825904634977)	(13000, 29.619499444545475)	(14000, 29.630891961637385)	(15000, 29.48058380883832)	(16000, 29.354156167119825)	(17000, 29.17607202118309)	(18000, 29.414718761588716)	(19000, 29.442595346497704)	(20000, 29.6702767105493)	(21000, 29.741301302943477)	(22000, 29.78017978930908)	(23000, 29.710096521943512)	(24000, 29.712882401854106)	(25000, 29.66225208663606)	(26000, 29.96510858813226)	(27000, 29.422613977229673)	(28000, 29.526738543461597)	(29000, 29.460862495373693)	(30000, 29.616533060584104)	(31000, 30.253001862916275)	(32000, 29.95253629142174)	(33000, 29.66574338001972)	(34000, 29.467737934851364)	(35000, 28.864835838762644)	(36000, 29.153443528693522)	(37000, 28.19762115384614)	(38000, 27.614518562958764)	(39000, 29.191728220059964)	(40000, 28.378525915750956)	(41000, 30.35637575757577)	(42000, 29.868158333333326)	(43000, 28.939666666666664)	(44000, 28.555099999999996)	(45000, 29.517449999999997)	(46000, 28.021)	(47000, 28.8295)	(48000, 26.4965)	(49000, 26.530333333333335)	(50000, 29.473)	(51000, 28.196)	(52000, 29.4415)	(53000, 23.88)	(54000, 25.431)	(55000, 21.63)	(56000, 28.165)	(57000, 23.199)	(58000, 25.79299363057325)						
FAY99780_pass_barcode01_98e12ebb_5ad7f319_34	(1, 29.026094276094277)	(2, 27.77861952861953)	(3, 29.404882154882156)	(4, 29.723905723905723)	(5, 30.17760942760943)	(6, 30.39057239057239)	(7, 30.22222222222222)	(8, 30.246632996632997)	(9, 30.19107744107744)	(10, 29.279657947759546)	(1000, 29.313149267157304)	(2000, 29.350111035186252)	(3000, 29.42302228916451)	(4000, 29.099821048994812)	(5000, 29.133664899077807)	(6000, 28.990715849522115)	(7000, 29.214100664565894)	(8000, 29.062625084532066)	(9000, 28.9861496162015)	(10000, 28.8060715824483)	(11000, 28.9557360419701)	(12000, 29.250857529321827)	(13000, 28.96336190103535)	(14000, 29.247081971255298)	(15000, 29.314578904999752)	(16000, 29.197240635316575)	(17000, 28.68555732275682)	(18000, 29.03971023642613)	(19000, 29.141255268573016)	(20000, 28.558152724656065)	(21000, 28.932533648136317)	(22000, 29.300467999357828)	(23000, 29.222549221815086)	(24000, 28.92650965627722)	(25000, 29.144160075657563)	(26000, 28.98643806591163)	(27000, 28.794794952755716)	(28000, 29.527757012872563)	(29000, 28.708635249043052)	(30000, 29.562301108295003)	(31000, 29.333825517405664)	(32000, 29.026058254945816)	(33000, 29.28033240148018)	(34000, 29.06642754420512)	(35000, 28.86713812236285)	(36000, 29.125332183908004)	(37000, 29.948445865437268)	(38000, 29.561832909843776)	(39000, 29.358932790309133)	(40000, 29.752290522875846)	(41000, 29.188420146520134)	(42000, 27.9930769230769)	(43000, 28.58908824786324)	(44000, 31.70843452380951)	(45000, 30.557966666666662)	(46000, 29.8095)	(47000, 26.494)	(48000, 27.6845)	(49000, 26.903)	(50000, 29.959)	(51000, 29.984)	(52000, 26.204)	(53000, 8.048780487804878)											
FAY99780_pass_barcode01_98e12ebb_5ad7f319_35	(1, 29.532479414455626)	(2, 28.48901098901099)	(3, 29.958791208791208)	(4, 30.345238095238095)	(5, 30.85989010989011)	(6, 30.995421245421245)	(7, 30.8470695970696)	(8, 30.831501831501832)	(9, 30.836996336996336)	(10, 29.343235317302927)	(1000, 29.35594362384416)	(2000, 29.61215846138859)	(3000, 29.709559795018063)	(4000, 29.701065583801824)	(5000, 29.722410801527033)	(6000, 29.695875465785942)	(7000, 29.679404545937867)	(8000, 29.530107276194894)	(9000, 29.36109716426647)	(10000, 29.429610858683272)	(11000, 29.167885963646363)	(12000, 29.202634864589843)	(13000, 29.01285061244401)	(14000, 28.80647997557045)	(15000, 29.051226738731543)	(16000, 29.36274729962937)	(17000, 28.872450077162043)	(18000, 28.786291585067588)	(19000, 28.84344036398743)	(20000, 29.037534545266062)	(21000, 29.373137149213683)	(22000, 29.431149271365786)	(23000, 29.08715127219292)	(24000, 29.116199155911644)	(25000, 29.618244015995487)	(26000, 29.740384722555234)	(27000, 29.40856337685262)	(28000, 29.565463720673222)	(29000, 28.89982009354855)	(30000, 29.653268278528024)	(31000, 29.60456057429644)	(32000, 29.380917741027858)	(33000, 29.45970829883479)	(34000, 29.23507032074094)	(35000, 28.84032193950008)	(36000, 28.907997175417194)	(37000, 28.01675316205536)	(38000, 28.646207792207758)	(39000, 28.997422973487637)	(40000, 28.98526923076925)	(41000, 29.665818414918437)	(42000, 28.460448809523772)	(43000, 28.4887142857143)	(44000, 27.43054761904759)	(45000, 27.728833333333352)	(46000, 27.458566666666673)	(47000, 29.053016666666675)	(48000, 26.999666666666666)	(49000, 28.441)	(50000, 30.983)	(51000, 30.316788321167884)													
FAY99780_pass_barcode01_98e12ebb_5ad7f319_36	(1, 28.66845397676497)	(2, 27.43699731903485)	(3, 29.37444146559428)	(4, 29.81858802502234)	(5, 30.12064343163539)	(6, 30.17426273458445)	(7, 30.117962466487935)	(8, 30.262734584450403)	(9, 29.82573726541555)	(10, 29.038209358865036)	(2000, 29.04032433709524)	(4000, 29.071040919658135)	(6000, 29.088847684988952)	(8000, 29.147139557726284)	(10000, 29.317586503795706)	(12000, 29.307747832168623)	(14000, 29.134672971866692)	(16000, 29.067035007057708)	(18000, 29.02930663234595)	(20000, 29.07041287457011)	(22000, 29.32010140481558)	(24000, 29.110129465868173)	(26000, 29.121313184179478)	(28000, 28.740480930050087)	(30000, 28.41536064245686)	(32000, 29.120658815753863)	(34000, 28.81882247723776)	(36000, 29.01666665040358)	(38000, 28.942628888479)	(40000, 28.954844189587547)	(42000, 29.255266080216312)	(44000, 28.98227566534142)	(46000, 28.63218845524401)	(48000, 27.627036863710973)	(50000, 26.95964184425918)	(52000, 26.81678216374266)	(54000, 26.775200980392174)	(56000, 25.693963896520096)	(58000, 24.1555416666667)	(60000, 24.873386363636453)	(62000, 23.774792929292897)	(64000, 21.891728174603156)	(66000, 19.592928571428594)	(68000, 20.268642857142876)	(70000, 20.375928571428588)	(72000, 19.610152380952382)	(74000, 16.298099999999998)	(76000, 16.997900000000023)	(78000, 13.562625)	(80000, 14.61633333333333)	(82000, 17.562833333333344)	(84000, 14.389083333333334)	(86000, 13.41125)	(88000, 12.4525)	(90000, 10.35225)	(92000, 11.842696629213483)																		
FAY99780_pass_barcode01_98e12ebb_5ad7f319_37	(1, 28.722457627118644)	(2, 27.467161016949152)	(3, 29.227754237288135)	(4, 29.704449152542374)	(5, 30.166313559322035)	(6, 30.190677966101696)	(7, 30.201271186440678)	(8, 30.199152542372882)	(9, 29.99576271186441)	(10, 29.30350425547737)	(2000, 29.266786758693765)	(4000, 29.09013214556079)	(6000, 29.15057160827627)	(8000, 28.956395029927975)	(10000, 29.314273277380952)	(12000, 29.382146848415957)	(14000, 29.603510688665896)	(16000, 29.665142990126633)	(18000, 29.933792771206562)	(20000, 29.55946626892601)	(22000, 29.828225032964905)	(24000, 30.194734529754058)	(26000, 29.665388311047405)	(28000, 29.730983456335018)	(30000, 29.120475543140714)	(32000, 29.611562747654705)	(34000, 29.783874951921117)	(36000, 29.1339707440081)	(38000, 29.119988343628915)	(40000, 29.282834417070383)	(42000, 28.885730024509797)	(44000, 27.27712854090357)	(46000, 28.008155753968236)	(48000, 26.835783333333275)	(50000, 28.218000000000046)	(52000, 29.678200000000043)	(54000, 30.389399999999977)	(56000, 31.52140000000004)	(58000, 30.2624)	(60000, 29.504708333333337)	(62000, 27.371833333333306)	(64000, 32.067166666666665)	(66000, 30.3725)	(68000, 30.44677966101695)																														
FAY99780_pass_barcode01_98e12ebb_5ad7f319_38	(1, 29.315891472868216)	(2, 28.161008729388943)	(3, 29.685741998060134)	(4, 30.063045586808922)	(5, 30.73811833171678)	(6, 30.614936954413192)	(7, 30.522793404461687)	(8, 30.503394762366636)	(9, 30.437439379243454)	(10, 29.662476907095225)	(2000, 29.59089171059333)	(4000, 29.558247049924105)	(6000, 29.773676247341413)	(8000, 29.708979639705554)	(10000, 29.805928946814575)	(12000, 29.670303517439844)	(14000, 29.72822569613773)	(16000, 29.94074529275967)	(18000, 29.23980267672266)	(20000, 29.6113222157661)	(22000, 29.345518169440627)	(24000, 29.48406590694498)	(26000, 29.165261263743474)	(28000, 29.254524956906206)	(30000, 29.05786114792208)	(32000, 28.79288086694761)	(34000, 28.62169177574484)	(36000, 28.88481852541015)	(38000, 29.200949138237196)	(40000, 29.15320858900978)	(42000, 29.125555100041797)	(44000, 28.322392017089143)	(46000, 28.42273585068063)	(48000, 28.389377692307708)	(50000, 27.68544421292857)	(52000, 27.684362863347083)	(54000, 25.978724908424912)	(56000, 25.96387587412584)	(58000, 24.293613636363627)	(60000, 23.832576190476193)	(62000, 23.060083333333328)	(64000, 22.782666666666668)	(66000, 22.196866666666715)	(68000, 23.229033333333284)	(70000, 20.830833333333366)	(72000, 20.656833333333285)	(74000, 20.64924999999999)	(76000, 18.0665)	(78000, 18.7975)	(80000, 19.587)	(82000, 18.42075)	(84000, 19.4245)	(86000, 19.65675)	(88000, 18.961)	(90000, 18.80075)	(92000, 18.43625)	(94000, 17.37025)	(96000, 18.33025)	(98000, 21.788)	(100000, 28.3615)	(102000, 25.8165)	(104000, 26.3065)	(106000, 24.984)	(108000, 27.981566820276498)										
FAY99780_pass_barcode01_98e12ebb_5ad7f319_39	(1, 29.766233766233768)	(2, 28.594805194805193)	(3, 30.27099567099567)	(4, 30.62077922077922)	(5, 31.278787878787877)	(6, 31.545454545454547)	(7, 31.52900432900433)	(8, 31.148180242634314)	(9, 31.136915077989602)	(10, 29.59297701881183)	(2000, 29.587515650010115)	(4000, 29.7790694142242)	(6000, 29.67412259071805)	(8000, 29.793703684814965)	(10000, 29.710139338842804)	(12000, 29.72150257416876)	(14000, 29.678206796258813)	(16000, 29.44961019685601)	(18000, 29.435479422577618)	(20000, 29.188232337023454)	(22000, 29.544657994416827)	(24000, 29.291034561246555)	(26000, 29.035648560263784)	(28000, 29.198191967798262)	(30000, 29.039215765301346)	(32000, 28.674999353754657)	(34000, 28.17311669024246)	(36000, 28.0103374070633)	(38000, 28.052871686997662)	(40000, 28.13881173854724)	(42000, 28.183179544331463)	(44000, 28.1341302976096)	(46000, 27.800140898598823)	(48000, 27.516955282211057)	(50000, 26.731907684670336)	(52000, 26.711242020456687)	(54000, 27.055713099832293)	(56000, 26.288272727272716)	(58000, 26.21419545454548)	(60000, 25.739428373015883)	(62000, 25.78271428571422)	(64000, 25.748642857142844)	(66000, 26.438519047619014)	(68000, 25.090149999999998)	(70000, 25.141875)	(72000, 23.749625000000034)	(74000, 21.33183333333335)	(76000, 22.787166666666657)	(78000, 23.160500000000006)	(80000, 22.53933333333335)	(82000, 21.15749999999999)	(84000, 18.60775)	(86000, 21.8455)	(88000, 23.67)	(90000, 23.689)	(92000, 23.8345)	(94000, 24.9815)	(96000, 22.983)	(98000, 26.383)	(100000, 22.10439247005134)														
FAY99780_pass_barcode01_98e12ebb_5ad7f319_4	(1, 29.86441798941799)	(2, 28.561507936507937)	(3, 30.171296296296298)	(4, 30.397486772486772)	(5, 30.849867724867725)	(6, 31.038359788359788)	(7, 30.824074074074073)	(8, 31.03637566137566)	(9, 30.732804232804234)	(10, 29.37389305935248)	(1000, 29.164731402120378)	(2000, 29.244798433226922)	(3000, 29.44159169368358)	(4000, 29.504574807754622)	(5000, 29.28680085651275)	(6000, 29.604575290853088)	(7000, 29.526556997960476)	(8000, 30.113000460170547)	(9000, 29.85993755992519)	(10000, 29.871799193057072)	(11000, 29.758375299663754)	(12000, 29.879045042242737)	(13000, 29.735184265253313)	(14000, 29.75530847426276)	(15000, 29.450309950047107)	(16000, 29.65905704306416)	(17000, 29.556379727516404)	(18000, 30.150479105454178)	(19000, 30.21972274979258)	(20000, 30.253720296030917)	(21000, 29.629502281678054)	(22000, 30.13736338261529)	(23000, 30.160271304449385)	(24000, 29.672913083053555)	(25000, 29.160014952244747)	(26000, 29.207696409534524)	(27000, 29.40931676449824)	(28000, 29.379366412533912)	(29000, 29.583347373490433)	(30000, 30.406647550478972)	(31000, 29.56864874670211)	(32000, 29.670809446337266)	(33000, 29.046132368507095)	(34000, 29.5819701445071)	(35000, 30.31664393822759)	(36000, 30.206028690532634)	(37000, 29.0433695091673)	(38000, 28.977961808626183)	(39000, 27.98296318087706)	(40000, 28.402214285714283)	(41000, 28.60245267457862)	(42000, 28.28060109890107)	(43000, 27.684336247086264)	(44000, 24.83844642857143)	(45000, 26.1669)	(46000, 25.40366666666669)	(47000, 21.446666666666687)	(48000, 20.810666666666666)	(49000, 14.352941176470589)															
FAY99780_pass_barcode01_98e12ebb_5ad7f319_40	(1, 29.343949044585987)	(2, 27.96019108280255)	(3, 29.645700636942674)	(4, 30.104299363057326)	(5, 30.436305732484076)	(6, 30.63535031847134)	(7, 30.852707006369428)	(8, 30.730095541401273)	(9, 30.643312101910826)	(10, 29.306131130475194)	(1000, 29.388871199064475)	(2000, 29.481865424572124)	(3000, 29.4025987002392)	(4000, 29.263837317605287)	(5000, 29.3596931672903)	(6000, 29.667112047754653)	(7000, 29.76407630667476)	(8000, 29.649001483365854)	(9000, 29.584967559524035)	(10000, 29.610301330566028)	(11000, 29.84402683071302)	(12000, 29.514778021232964)	(13000, 29.784293183020953)	(14000, 29.591461503820067)	(15000, 29.3035879038758)	(16000, 29.796695122864122)	(17000, 29.613381030690878)	(18000, 29.41310727553671)	(19000, 29.696382122474624)	(20000, 29.19283947923046)	(21000, 29.276451544282374)	(22000, 29.128129839260648)	(23000, 29.63282917865339)	(24000, 29.86488907742572)	(25000, 29.441271844660182)	(26000, 29.55976187148169)	(27000, 29.74248873667869)	(28000, 29.70675184660371)	(29000, 29.78196387528316)	(30000, 29.998745979389778)	(31000, 29.95979060987876)	(32000, 30.400343197188544)	(33000, 29.77683809301994)	(34000, 30.33442709146775)	(35000, 29.441157825725018)	(36000, 29.81639551282052)	(37000, 29.795920249819012)	(38000, 29.561459095055667)	(39000, 30.010615028490047)	(40000, 29.328701251646876)	(41000, 28.755628571428556)	(42000, 27.782433522531825)	(43000, 27.58536359890106)	(44000, 29.06300538073038)	(45000, 27.374142857142814)	(46000, 27.38289047619044)	(47000, 28.64600000000002)	(48000, 27.62225)	(49000, 26.957416666666646)	(50000, 31.8125)	(51000, 31.34975369458128)													
FAY99780_pass_barcode01_98e12ebb_5ad7f319_41	(1, 28.83210332103321)	(2, 27.47970479704797)	(3, 29.334870848708487)	(4, 30.281365313653136)	(5, 30.75830258302583)	(6, 30.929889298892988)	(7, 30.79428044280443)	(8, 30.748154981549817)	(9, 30.81180811808118)	(10, 29.31012049875067)	(1000, 29.42564382342372)	(2000, 29.245202573030824)	(3000, 29.08392257893057)	(4000, 29.039570128564602)	(5000, 29.199991795573755)	(6000, 29.005778466783976)	(7000, 29.28175231652301)	(8000, 29.128456824551105)	(9000, 29.478298388196837)	(10000, 29.9759672973414)	(11000, 29.587733379442092)	(12000, 29.53747854408446)	(13000, 29.50460243029611)	(14000, 29.644510512377384)	(15000, 29.77303510168298)	(16000, 29.75760874745949)	(17000, 29.640430691404283)	(18000, 29.775916747521148)	(19000, 29.705788395954045)	(20000, 29.639458525180125)	(21000, 29.144070713758882)	(22000, 29.670681664999673)	(23000, 29.138121094432)	(24000, 29.745984009293956)	(25000, 30.08797247415162)	(26000, 30.11346770106906)	(27000, 30.170184041525527)	(28000, 30.084210700131457)	(29000, 29.32815901591408)	(30000, 29.705303698468246)	(31000, 30.509689013345962)	(32000, 30.58551958169218)	(33000, 30.009949112978546)	(34000, 29.68805080213904)	(35000, 30.112386363636368)	(36000, 29.54296706989247)	(37000, 29.992601806239758)	(38000, 30.039259707538875)	(39000, 31.109915350318765)	(40000, 29.761622619047607)	(41000, 29.2188484848485)	(42000, 29.902863636363627)	(43000, 29.53069722222222)	(44000, 29.83275)	(45000, 28.09563095238098)	(46000, 22.908266666666666)	(47000, 25.907)	(48000, 24.67158333333333)	(49000, 23.8925)	(50000, 24.938)	(51000, 27.57)	(52000, 28.27)	(53000, 25.986)	(54000, 26.984)	(55000, 26.967)	(56000, 27.96)	(57000, 18.9375)							
FAY99780_pass_barcode01_98e12ebb_5ad7f319_42	(1, 29.68259385665529)	(2, 28.486348122866893)	(3, 29.965870307167236)	(4, 30.281569965870307)	(5, 30.835324232081913)	(6, 30.67491467576792)	(7, 30.546075085324233)	(8, 30.50938566552901)	(9, 30.28924914675768)	(10, 29.477975145292035)	(2000, 29.49840844360443)	(4000, 29.5158235781919)	(6000, 29.403799728038646)	(8000, 29.551837788779014)	(10000, 29.5388869028484)	(12000, 29.47863509144964)	(14000, 29.771633962327783)	(16000, 29.57439258026298)	(18000, 29.76080963947083)	(20000, 29.65165538915133)	(22000, 29.803442045580812)	(24000, 29.81699893615943)	(26000, 29.608305567074026)	(28000, 29.59522907673646)	(30000, 29.500315146929353)	(32000, 29.55976533407198)	(34000, 29.448862589850997)	(36000, 29.243444159355317)	(38000, 29.34106115902218)	(40000, 29.261618387489438)	(42000, 29.01392624667453)	(44000, 29.480403687934277)	(46000, 28.1729480009481)	(48000, 29.37512260421349)	(50000, 29.322585041703643)	(52000, 27.943135981243316)	(54000, 28.76055757844053)	(56000, 29.851101698179296)	(58000, 29.12187373737376)	(60000, 30.069077380952383)	(62000, 27.95528571428565)	(64000, 26.86456666666667)	(66000, 32.12249999999998)	(68000, 33.097358881408596)																														
FAY99780_pass_barcode01_98e12ebb_5ad7f319_43	(1, 29.11015325670498)	(2, 27.64463601532567)	(3, 29.61015325670498)	(4, 30.268199233716476)	(5, 30.613026819923373)	(6, 30.908045977011493)	(7, 30.561302681992338)	(8, 30.46455938697318)	(9, 30.28639846743295)	(10, 29.31591289870626)	(2000, 29.33204129432089)	(4000, 29.18882746431154)	(6000, 29.358152973654587)	(8000, 29.352835711789805)	(10000, 29.53395277249687)	(12000, 29.62731437995381)	(14000, 29.55010851538641)	(16000, 29.689721673078306)	(18000, 29.197836020881557)	(20000, 29.399427391704037)	(22000, 29.498430334301464)	(24000, 29.459496510503264)	(26000, 29.204966185991037)	(28000, 29.13846948145638)	(30000, 29.75527956991364)	(32000, 30.283234120229082)	(34000, 29.74647545669326)	(36000, 29.632020446806838)	(38000, 29.67738438850423)	(40000, 29.22405269109001)	(42000, 28.99217327071312)	(44000, 29.086726132918983)	(46000, 28.6322104528244)	(48000, 28.019700607808204)	(50000, 27.941415662698404)	(52000, 27.180261444171474)	(54000, 27.583081560899235)	(56000, 26.83668587676301)	(58000, 25.732007983682955)	(60000, 25.41987777777779)	(62000, 24.444578373015833)	(64000, 24.578869047619058)	(66000, 24.65398333333334)	(68000, 26.69295)	(70000, 24.132375000000007)	(72000, 17.40275)	(74000, 14.5755)	(76000, 13.4035)	(78000, 13.7265)	(80000, 13.554)	(82000, 13.9595)	(84000, 14.7065)	(86000, 14.316)	(88000, 14.9125)	(90000, 13.876136363636364)																			
FAY99780_pass_barcode01_98e12ebb_5ad7f319_44	(1, 28.755338078291814)	(2, 27.629893238434164)	(3, 29.133451957295375)	(4, 29.262455516014235)	(5, 29.67437722419929)	(6, 29.845195729537366)	(7, 30.134341637010674)	(8, 30.19306049822064)	(9, 29.99644128113879)	(10, 29.110065067353066)	(1000, 29.237070899072076)	(2000, 28.80708903248724)	(3000, 28.93689842927106)	(4000, 29.217684899168813)	(5000, 29.11221328221546)	(6000, 29.137427656617355)	(7000, 29.23257874860459)	(8000, 29.308201295134257)	(9000, 29.566551660774977)	(10000, 29.29127418532728)	(11000, 29.16105176974483)	(12000, 29.378654311654287)	(13000, 28.96104093588861)	(14000, 29.265798435482623)	(15000, 29.49864036204928)	(16000, 29.529495696944924)	(17000, 29.580387270419195)	(18000, 29.785446351614574)	(19000, 29.270617853295406)	(20000, 29.252904834596524)	(21000, 29.42793336277241)	(22000, 29.557571554140363)	(23000, 29.354241623763837)	(24000, 29.198900639835575)	(25000, 28.970909904382882)	(26000, 29.201641246802648)	(27000, 28.821683111494863)	(28000, 28.916369301750876)	(29000, 29.207599131083924)	(30000, 29.19629496563136)	(31000, 29.111771750593697)	(32000, 29.345944053676046)	(33000, 29.624920014453316)	(34000, 29.35392923794238)	(35000, 29.41653325004244)	(36000, 28.759126196766264)	(37000, 29.31813919969726)	(38000, 28.62492739938079)	(39000, 29.423474264705888)	(40000, 28.826128388278406)	(41000, 28.422911732711732)	(42000, 28.317222222222224)	(43000, 27.576071428571428)	(44000, 26.27644285714286)	(45000, 24.283450000000006)	(46000, 24.86325)	(47000, 25.262749999999993)	(48000, 24.044)	(49000, 18.856)	(50000, 18.850079744816586)														
FAY99780_pass_barcode01_98e12ebb_5ad7f319_45	(1, 28.710280373831775)	(2, 27.542056074766354)	(3, 29.523364485981308)	(4, 29.81588785046729)	(5, 29.952336448598132)	(6, 30.117757009345794)	(7, 30.041121495327104)	(8, 29.873831775700936)	(9, 29.67196261682243)	(10, 29.00389083083644)	(1000, 29.229434568197835)	(2000, 29.4438267850725)	(3000, 29.57787106264581)	(4000, 29.354309173815825)	(5000, 29.035678878899674)	(6000, 29.283507315353802)	(7000, 29.295282846181838)	(8000, 29.44219589369285)	(9000, 29.4930969407064)	(10000, 29.137355212129595)	(11000, 29.407319351347898)	(12000, 29.51919645223028)	(13000, 29.617512507711186)	(14000, 29.59787003047091)	(15000, 29.36818170739493)	(16000, 29.460361637255563)	(17000, 29.30052122717358)	(18000, 29.283295907406707)	(19000, 29.173752053360072)	(20000, 29.158425751276567)	(21000, 29.011746601865095)	(22000, 28.467371074657443)	(23000, 28.77365077588693)	(24000, 28.439510104669633)	(25000, 28.775137913554577)	(26000, 29.22235948552838)	(27000, 28.658789700228443)	(28000, 28.441693572447242)	(29000, 28.637914137718933)	(30000, 29.309634927355635)	(31000, 28.81151701891444)	(32000, 27.889003360215074)	(33000, 27.348458538587845)	(34000, 27.500201261701275)	(35000, 27.361430512820508)	(36000, 29.017675748164883)	(37000, 29.61017669172933)	(38000, 28.137580151358804)	(39000, 27.54258132945483)	(40000, 27.72253535353537)	(41000, 28.75851190476192)	(42000, 31.082966666666668)	(43000, 30.964499999999983)	(44000, 30.88966666666666)	(45000, 29.2545)	(46000, 30.129)	(47000, 31.884090909090908)																	
FAY99780_pass_barcode01_98e12ebb_5ad7f319_46	(1, 28.58100558659218)	(2, 27.217877094972067)	(3, 28.641527001862197)	(4, 29.407821229050278)	(5, 29.62756052141527)	(6, 30.029795158286777)	(7, 30.060521415270017)	(8, 30.0512104283054)	(9, 29.986964618249534)	(10, 28.94486011703992)	(1000, 28.956399745206735)	(2000, 29.014776944083014)	(3000, 29.29476975979227)	(4000, 29.428327720717885)	(5000, 29.290758491140608)	(6000, 29.143526900343208)	(7000, 29.18451145306273)	(8000, 29.404578382050662)	(9000, 29.27185331333912)	(10000, 29.46491143791087)	(11000, 29.669085596932515)	(12000, 29.414474963747665)	(13000, 29.204533627457227)	(14000, 29.467335978027375)	(15000, 29.4877753024199)	(16000, 29.50937327767621)	(17000, 29.298090158837393)	(18000, 29.451566524773217)	(19000, 29.669867387478156)	(20000, 29.71821169503194)	(21000, 29.64408084879284)	(22000, 30.161098683666292)	(23000, 29.817419102397054)	(24000, 29.508333168819075)	(25000, 29.526804128612195)	(26000, 29.364045010598797)	(27000, 29.089832928002824)	(28000, 29.069534719450868)	(29000, 29.446420339040525)	(30000, 28.74428502613464)	(31000, 28.616508151973193)	(32000, 28.129168417830535)	(33000, 29.10148779837441)	(34000, 27.787455565420277)	(35000, 28.421100066339744)	(36000, 29.364214433754622)	(37000, 29.19015401002503)	(38000, 30.626754669762676)	(39000, 30.140351282051274)	(40000, 29.739446969696978)	(41000, 29.450197474747462)	(42000, 30.93178571428573)	(43000, 27.995200000000008)	(44000, 30.58324999999999)	(45000, 31.58)	(46000, 28.629)	(47000, 25.20990566037736)																	
FAY99780_pass_barcode01_98e12ebb_5ad7f319_47	(1, 28.89395807644883)	(2, 27.683107274969174)	(3, 29.827373612823674)	(4, 30.124537607891494)	(5, 30.74722564734895)	(6, 30.82860665844636)	(7, 30.896424167694203)	(8, 30.681874229346487)	(9, 30.6288532675709)	(10, 29.56305474468077)	(2000, 29.443739161401616)	(4000, 29.362542299471386)	(6000, 29.246125802089143)	(8000, 29.438366548486485)	(10000, 29.413938739497492)	(12000, 30.002227901019086)	(14000, 29.794514909420187)	(16000, 29.92357263017002)	(18000, 29.768465971858152)	(20000, 30.003116657219266)	(22000, 29.732089349049723)	(24000, 29.852592496390713)	(26000, 29.729338180361438)	(28000, 29.702126174746052)	(30000, 29.695351363202246)	(32000, 29.556107695949883)	(34000, 29.77087825627396)	(36000, 29.657092158342248)	(38000, 29.39064413787213)	(40000, 29.46691195293381)	(42000, 29.084141175970434)	(44000, 28.31457767691959)	(46000, 28.42186493167263)	(48000, 27.580549434356517)	(50000, 27.23561255763467)	(52000, 27.7883180159253)	(54000, 27.527440502772095)	(56000, 26.32700355392157)	(58000, 26.362198534798537)	(60000, 26.04002412587413)	(62000, 24.586587103174654)	(64000, 22.60369047619048)	(66000, 18.814616666666662)	(68000, 16.52429999999999)	(70000, 13.047849999999999)	(72000, 13.847375)	(74000, 14.8645)	(76000, 14.672375)	(78000, 15.947374999999969)	(80000, 15.02366666666665)	(82000, 14.833333333333313)	(84000, 15.070166666666665)	(86000, 14.348)	(88000, 15.707166666666675)	(90000, 14.487)	(92000, 14.752)	(94000, 14.94225)	(96000, 13.797)	(98000, 15.0435)	(100000, 13.191)	(102000, 13.5615)	(104000, 12.725)	(106000, 13.7845)	(108000, 14.6475)	(110000, 13.8355)	(112000, 13.814)	(114000, 16.438)	(116000, 14.8335)	(118000, 13.628)	(120000, 14.584)	(122000, 13.1235)	(124000, 14.4345)	(126000, 14.6655)	(128000, 12.422745548535325)
FAY99780_pass_barcode01_98e12ebb_5ad7f319_48	(1, 28.925669835782195)	(2, 27.535868625756265)	(3, 28.802074330164217)	(4, 29.343425605536332)	(5, 29.874567474048444)	(6, 30.240484429065745)	(7, 30.116782006920417)	(8, 30.001730103806228)	(9, 29.711937716262977)	(10, 29.493352716969458)	(1000, 29.671203136123406)	(2000, 29.72577534263601)	(3000, 29.689595244857134)	(4000, 29.711649624312987)	(5000, 29.817644774324393)	(6000, 29.781116918173474)	(7000, 29.74273162587261)	(8000, 29.768466901062855)	(9000, 29.84553219560563)	(10000, 29.832881954282687)	(11000, 29.617483468631544)	(12000, 29.517766150435367)	(13000, 30.096444475401743)	(14000, 30.04112721188296)	(15000, 30.174708036307766)	(16000, 30.16690269224347)	(17000, 29.5788343201865)	(18000, 29.69740261929062)	(19000, 29.542596703695864)	(20000, 29.954171424975097)	(21000, 29.729982735567642)	(22000, 29.736634616851003)	(23000, 29.511147628836344)	(24000, 29.519479295560977)	(25000, 29.40569176863262)	(26000, 29.175406816320724)	(27000, 29.358047191401877)	(28000, 29.1516953038627)	(29000, 29.344920491705533)	(30000, 28.969994874359532)	(31000, 28.825826969098202)	(32000, 28.683713579719594)	(33000, 29.21752003780936)	(34000, 28.66471385240778)	(35000, 28.929541695541683)	(36000, 29.339841409897286)	(37000, 29.462571441270192)	(38000, 29.141647340182182)	(39000, 29.425098695652185)	(40000, 29.862633148087593)	(41000, 28.927033432232513)	(42000, 28.16390059523808)	(43000, 28.217138278388326)	(44000, 28.663348484848466)	(45000, 26.795430555555573)	(46000, 25.43311666666667)	(47000, 24.685833333333335)	(48000, 33.086)	(49000, 34.823)	(50000, 30.739583333333332)														
FAY99780_pass_barcode01_98e12ebb_5ad7f319_49	(1, 29.464586846543003)	(2, 28.087689713322092)	(3, 29.806070826306915)	(4, 30.46290050590219)	(5, 30.89123102866779)	(6, 30.90556492411467)	(7, 30.976391231028668)	(8, 30.962057335581786)	(9, 30.81450252951096)	(10, 29.883791263437043)	(2000, 29.951707145581963)	(4000, 30.01299482625984)	(6000, 30.038940959564346)	(8000, 29.931132490519133)	(10000, 29.654192917457028)	(12000, 29.59770469037322)	(14000, 29.665812441408956)	(16000, 29.361944475760865)	(18000, 28.976078836435768)	(20000, 29.32369146001935)	(22000, 29.056146498914917)	(24000, 29.289308954179923)	(26000, 29.059790230025687)	(28000, 29.02414978896464)	(30000, 29.063586932164604)	(32000, 29.02479997746923)	(34000, 29.349780457478207)	(36000, 28.9799719110108)	(38000, 29.56603376671193)	(40000, 29.59130096147969)	(42000, 30.071890927329108)	(44000, 29.947134175222015)	(46000, 29.901084168049746)	(48000, 29.65043778553513)	(50000, 29.535180032728086)	(52000, 28.709218412601935)	(54000, 29.48761064272198)	(56000, 28.643024725274714)	(58000, 28.789153263403254)	(60000, 28.095784469696973)	(62000, 24.230877976190477)	(64000, 23.82225000000002)	(66000, 24.630333333333315)	(68000, 24.484250000000074)	(70000, 19.71867499999999)	(72000, 18.82133333333337)	(74000, 17.998583333333332)	(76000, 13.8205)	(78000, 13.01225)	(80000, 12.403)	(82000, 14.0035)	(84000, 13.006)	(86000, 13.407)	(88000, 12.3095)	(90000, 13.8545)	(92000, 14.041)	(94000, 14.511)	(96000, 13.672)	(98000, 13.3375)	(100000, 13.2235)	(102000, 12.922)	(104000, 13.728)	(106000, 14.3455)	(108000, 15.1085)	(110000, 18.926470588235293)									
FAY99780_pass_barcode01_98e12ebb_5ad7f319_5	(1, 29.45293701344657)	(2, 28.209483368719038)	(3, 29.89030431705591)	(4, 30.166312809624912)	(5, 30.60084925690021)	(6, 30.777070063694268)	(7, 30.56829440905874)	(8, 30.307147912243455)	(9, 30.256900212314225)	(10, 29.476117543741115)	(2000, 29.156299041014435)	(4000, 29.33852713991183)	(6000, 29.28699376812594)	(8000, 29.21627094010566)	(10000, 29.238891714936848)	(12000, 28.982036559809135)	(14000, 29.070664322682855)	(16000, 29.000403936080303)	(18000, 28.65190715977723)	(20000, 28.602872523222114)	(22000, 28.17173301285754)	(24000, 28.3310782177823)	(26000, 28.633056550818864)	(28000, 28.30059736674333)	(30000, 28.404641918436823)	(32000, 28.650122893977407)	(34000, 28.59857072012986)	(36000, 28.48934051249777)	(38000, 27.625648532149448)	(40000, 27.55804596699436)	(42000, 27.739856270747165)	(44000, 27.339330172999713)	(46000, 27.093122264213648)	(48000, 26.16631599809973)	(50000, 26.826401111111146)	(52000, 26.163868149821177)	(54000, 25.820515841073274)	(56000, 26.082803921568622)	(58000, 26.36809999999997)	(60000, 25.199685897435955)	(62000, 24.961346969696944)	(64000, 22.324022420634922)	(66000, 21.631261904761843)	(68000, 21.12469999999999)	(70000, 20.475999999999996)	(72000, 20.06729999999997)	(74000, 21.943900000000003)	(76000, 21.8475)	(78000, 13.115625)	(80000, 13.3115)	(82000, 13.2595)	(84000, 14.9505)	(86000, 10.856)	(88000, 14.353)	(90000, 11.5285)	(92000, 11.827)	(94000, 13.1955)	(96000, 13.4285)	(98000, 13.2145)	(100000, 11.185)	(102000, 12.1675)	(104000, 11.051)	(106000, 13.5315)	(108000, 10.889)	(110000, 12.027)	(112000, 12.653)	(114000, 12.196)	(116000, 12.0195)	(118000, 11.94668319900806)					
FAY99780_pass_barcode01_98e12ebb_5ad7f319_50	(1, 29.526515151515152)	(2, 28.16287878787879)	(3, 29.835227272727273)	(4, 30.13162878787879)	(5, 30.768939393939394)	(6, 30.90719696969697)	(7, 31.11837121212121)	(8, 31.02840909090909)	(9, 30.515151515151516)	(10, 29.476244617544705)	(1000, 29.720030309174607)	(2000, 29.811368516389642)	(3000, 29.6855513612381)	(4000, 29.814229657790005)	(5000, 29.635326719484524)	(6000, 29.75422332139733)	(7000, 29.40462358858183)	(8000, 29.619893980904706)	(9000, 29.582650047772795)	(10000, 29.354797974283844)	(11000, 29.558792719094647)	(12000, 29.317811627274622)	(13000, 29.53688085518818)	(14000, 29.537655239151675)	(15000, 29.944585960279138)	(16000, 29.516267494150387)	(17000, 29.879519521840557)	(18000, 29.748531123685336)	(19000, 30.392665006068132)	(20000, 30.13626480123485)	(21000, 30.153294863150585)	(22000, 29.727428086820403)	(23000, 29.02666335521738)	(24000, 30.02247742333266)	(25000, 29.700409626114382)	(26000, 29.740762053032217)	(27000, 29.99466610805441)	(28000, 30.08592003336291)	(29000, 29.551912055229117)	(30000, 30.076521954042775)	(31000, 30.642368706413254)	(32000, 30.006348508022374)	(33000, 30.083275862068955)	(34000, 30.550799599595816)	(35000, 30.11550770092231)	(36000, 30.004707792207828)	(37000, 30.059660651629052)	(38000, 30.492494152046767)	(39000, 30.33018715671581)	(40000, 30.002481818181817)	(41000, 31.588833333333323)	(42000, 30.63318055555556)	(43000, 30.937625)	(44000, 30.929625)	(45000, 31.11730952380958)	(46000, 29.830166666666628)	(47000, 30.920133333333304)	(48000, 31.58609999999999)	(49000, 26.09525316455696)															
FAY99780_pass_barcode01_98e12ebb_5ad7f319_51	(1, 29.244618395303327)	(2, 28.205479452054796)	(3, 29.871819960861057)	(4, 30.18101761252446)	(5, 30.728962818003914)	(6, 30.67514677103718)	(7, 30.868884540117417)	(8, 30.90900195694716)	(9, 30.764187866927593)	(10, 29.351102002112732)	(1000, 29.62322698190968)	(2000, 29.426543720625695)	(3000, 29.239690671527953)	(4000, 29.527059964689077)	(5000, 29.39252266799742)	(6000, 29.42777820707774)	(7000, 29.281904099813584)	(8000, 29.443814200948374)	(9000, 29.659305548179226)	(10000, 29.703978224400824)	(11000, 29.86189364679943)	(12000, 30.037574845953724)	(13000, 29.880101062377943)	(14000, 29.68885104447489)	(15000, 29.696598312806362)	(16000, 29.6612784139454)	(17000, 29.297055870098866)	(18000, 29.68464984003832)	(19000, 29.461749101838915)	(20000, 29.46150969409125)	(21000, 29.771839776355204)	(22000, 30.12353655326042)	(23000, 30.193885126582288)	(24000, 30.283915006053235)	(25000, 30.249497946839394)	(26000, 29.7678045422433)	(27000, 29.987237990327465)	(28000, 29.821677357129204)	(29000, 29.895715617689767)	(30000, 28.788287351280932)	(31000, 28.854484665339797)	(32000, 28.85303382663845)	(33000, 29.595267906163155)	(34000, 30.70155203244009)	(35000, 28.918403289773767)	(36000, 30.27265713675216)	(37000, 30.326764822134386)	(38000, 29.28708874458876)	(39000, 28.70041403508773)	(40000, 28.818097273821813)	(41000, 29.050895238095272)	(42000, 27.968409257409263)	(43000, 28.187519444444455)	(44000, 25.55400000000002)	(45000, 23.359714285714258)	(46000, 25.283380952380963)	(47000, 22.9899)	(48000, 23.896250000000013)	(49000, 26.799333333333287)	(50000, 27.532999999999948)	(51000, 23.334166666666672)	(52000, 24.6025)	(53000, 26.7955)	(54000, 17.15406976744186)										
FAY99780_pass_barcode01_98e12ebb_5ad7f319_52	(1, 28.879964695498675)	(2, 27.59576345984113)	(3, 29.444836716681376)	(4, 30.00441306266549)	(5, 30.73521624007061)	(6, 30.93115622241836)	(7, 30.975265017667844)	(8, 31.001766784452297)	(9, 30.909010600706715)	(10, 29.470443910355506)	(2000, 29.621035762366407)	(4000, 29.68526831280303)	(6000, 29.77720177420568)	(8000, 30.075526115348207)	(10000, 30.243589144737545)	(12000, 30.08101090206077)	(14000, 30.103297767022827)	(16000, 30.14433631413013)	(18000, 30.35244777936619)	(20000, 30.095852368830503)	(22000, 29.89442159684653)	(24000, 30.074375491270025)	(26000, 30.421403342592267)	(28000, 30.12715594271342)	(30000, 30.035019409565756)	(32000, 30.019316659333537)	(34000, 29.70415966116781)	(36000, 29.74856632290143)	(38000, 30.009705125557918)	(40000, 30.038104721963695)	(42000, 29.998036002292757)	(44000, 29.83142867928551)	(46000, 30.182218727035153)	(48000, 30.873626205716988)	(50000, 30.09182324863674)	(52000, 29.828678927797576)	(54000, 29.832087418300667)	(56000, 29.937281368631368)	(58000, 28.998490909090982)	(60000, 26.57179146825399)	(62000, 24.004833333333313)	(64000, 24.481500000000008)	(66000, 24.760833333333323)	(68000, 24.277499999999975)	(70000, 17.965416666666684)	(72000, 10.5945)	(74000, 12.139)	(76000, 11.5465)	(78000, 11.427)	(80000, 12.2395)	(82000, 12.0405)	(84000, 13.2365)	(86000, 11.157)	(88000, 11.889)	(90000, 10.688)	(92000, 12.2735)	(94000, 12.5125)	(96000, 11.229)	(98000, 11.0325)	(100000, 12.596912521440823)														
FAY99780_pass_barcode01_98e12ebb_5ad7f319_53	(1, 29.829029385574355)	(2, 28.565449688334816)	(3, 30.126447016918966)	(4, 30.263579697239535)	(5, 30.683882457702584)	(6, 31.235975066785397)	(7, 31.230632235084595)	(8, 31.006233303650934)	(9, 31.068566340160285)	(10, 29.57722549161636)	(1000, 29.829686942083615)	(2000, 29.719865343433224)	(3000, 29.866257585915445)	(4000, 29.829641482391743)	(5000, 29.609908169407124)	(6000, 29.588310302065917)	(7000, 29.691806408180163)	(8000, 29.655840858224238)	(9000, 29.4779877744977)	(10000, 29.64885297397914)	(11000, 29.475300150561853)	(12000, 29.31517350382764)	(13000, 29.511115883110445)	(14000, 29.473203341718268)	(15000, 29.443503128495134)	(16000, 29.419720123188085)	(17000, 29.42552356907861)	(18000, 29.498949980675615)	(19000, 29.48400881870262)	(20000, 29.15588788946821)	(21000, 29.419030038830495)	(22000, 29.16464804449997)	(23000, 28.937085950723567)	(24000, 29.18596322143085)	(25000, 29.3695713972918)	(26000, 29.168916448272586)	(27000, 29.683053223033536)	(28000, 29.726408414691335)	(29000, 29.412295495198098)	(30000, 29.215508951214318)	(31000, 28.937701019390886)	(32000, 28.61971231609364)	(33000, 28.551000128299112)	(34000, 28.584744809341334)	(35000, 28.273683275114614)	(36000, 27.621306542211926)	(37000, 26.307155228758177)	(38000, 26.3599375)	(39000, 25.181131410256402)	(40000, 23.697692424242366)	(41000, 23.3949)	(42000, 24.804444444444457)	(43000, 24.409222222222198)	(44000, 25.038013888888862)	(45000, 27.188395238095257)	(46000, 25.718)	(47000, 26.454)	(48000, 22.2275)	(49000, 19.306)	(50000, 20.803)	(51000, 19.748)	(52000, 18.535)	(53000, 20.887)	(54000, 19.687)	(55000, 17.442)	(56000, 21.275)	(57000, 20.408)	(58000, 22.423)	(59000, 19.751)	(60000, 23.653)	(61000, 20.875)			
FAY99780_pass_barcode01_98e12ebb_5ad7f319_54	(1, 29.73679060665362)	(2, 28.42367906066536)	(3, 30.021526418786692)	(4, 30.489236790606654)	(5, 30.78082191780822)	(6, 31.322896281800393)	(7, 31.310176125244617)	(8, 31.049902152641877)	(9, 30.668297455968688)	(10, 29.68356678815209)	(1000, 29.793459234750085)	(2000, 29.701313696891027)	(3000, 29.99847973291632)	(4000, 29.927732828036905)	(5000, 30.049531845251185)	(6000, 29.96279927992882)	(7000, 29.588563316623574)	(8000, 29.619842181942722)	(9000, 29.750861148027)	(10000, 29.68795050482831)	(11000, 29.17749157566272)	(12000, 29.159472668176193)	(13000, 29.360209679334837)	(14000, 29.403459826289865)	(15000, 29.58695128129446)	(16000, 30.119395632260872)	(17000, 29.80153476519406)	(18000, 30.19670361420906)	(19000, 30.34191497031423)	(20000, 30.88059779925534)	(21000, 30.583688839178)	(22000, 30.24296982766867)	(23000, 30.40074922090287)	(24000, 29.91029931982947)	(25000, 30.452774267046205)	(26000, 30.37914008344474)	(27000, 30.264334525278468)	(28000, 28.94290516448716)	(29000, 29.508355409497803)	(30000, 29.96505489044552)	(31000, 29.44781816640036)	(32000, 29.358123166496004)	(33000, 29.592751625208237)	(34000, 27.72445906517053)	(35000, 27.848960240066873)	(36000, 28.593396524216534)	(37000, 29.73563998682478)	(38000, 28.492505445431803)	(39000, 28.117915204678344)	(40000, 29.97370588235293)	(41000, 29.635454901960784)	(42000, 29.90616666666668)	(43000, 30.459602064602066)	(44000, 32.45787016594516)	(45000, 31.466714285714307)	(46000, 31.493085714285698)	(47000, 30.400416666666665)	(48000, 27.35)	(49000, 30.04255319148936)															
FAY99780_pass_barcode01_98e12ebb_5ad7f319_55	(1, 29.703030303030303)	(2, 28.2020202020202)	(3, 29.807070707070707)	(4, 30.367676767676766)	(5, 30.81111111111111)	(6, 31.022222222222222)	(7, 30.83131313131313)	(8, 30.861616161616162)	(9, 30.63131313131313)	(10, 29.735226308756868)	(2000, 30.080972514841722)	(4000, 29.898894796635275)	(6000, 29.601412053375682)	(8000, 29.502571084158248)	(10000, 29.471641412820887)	(12000, 29.344346916673917)	(14000, 29.357328779579163)	(16000, 29.072743144926342)	(18000, 29.047516121921063)	(20000, 29.335122328009177)	(22000, 29.9450952744632)	(24000, 29.993415009902247)	(26000, 29.88485320672597)	(28000, 30.27600224992099)	(30000, 29.97819361557635)	(32000, 29.915989226591464)	(34000, 29.183761378093244)	(36000, 28.81339081646719)	(38000, 27.742076082415405)	(40000, 29.136883712660005)	(42000, 29.10431343439485)	(44000, 27.962019475342913)	(46000, 26.679506603670113)	(48000, 26.698371541501977)	(50000, 27.421570021645074)	(52000, 25.758585499901702)	(54000, 24.448051739926765)	(56000, 23.998166666666606)	(58000, 23.36763634559882)	(60000, 22.45775000000002)	(62000, 22.22750000000002)	(64000, 21.873533333333338)	(66000, 18.461175)	(68000, 17.324875)	(70000, 17.87670833333334)	(72000, 20.58266666666668)	(74000, 23.36716666666667)	(76000, 23.53425)	(78000, 22.7335)	(80000, 23.5045)	(82000, 23.27)	(84000, 23.614)	(86000, 16.848)	(88000, 12.82394366197183)																				
FAY99780_pass_barcode01_98e12ebb_5ad7f319_56	(1, 29.22057142857143)	(2, 27.88)	(3, 29.432)	(4, 29.874285714285715)	(5, 30.453714285714284)	(6, 30.42742857142857)	(7, 30.485714285714284)	(8, 30.416)	(9, 30.228571428571428)	(10, 29.21482397803811)	(2000, 29.392443652708625)	(4000, 29.608432624754677)	(6000, 29.55273840813374)	(8000, 29.585626490766817)	(10000, 29.532256341073744)	(12000, 29.643084722295058)	(14000, 29.720693729454005)	(16000, 29.787493377253337)	(18000, 29.4970953628628)	(20000, 30.07777013049074)	(22000, 29.882794773870607)	(24000, 29.99317400520612)	(26000, 29.68687918983752)	(28000, 30.202387727823776)	(30000, 30.069188283109337)	(32000, 29.387858333753826)	(34000, 30.700160120977284)	(36000, 30.32296209988456)	(38000, 30.010665663064295)	(40000, 29.81101783983683)	(42000, 29.76571144121807)	(44000, 29.944246674941358)	(46000, 30.10740788635137)	(48000, 30.137788145696387)	(50000, 30.154071850057225)	(52000, 30.6263683150585)	(54000, 30.63976466288269)	(56000, 30.699256740196102)	(58000, 30.90249047619042)	(60000, 29.872712995338027)	(62000, 27.673341919191902)	(64000, 28.09878472222226)	(66000, 25.99679821428573)	(68000, 24.292550000000006)	(70000, 28.13925)	(72000, 28.031625)	(74000, 27.882875)	(76000, 28.408708333333333)	(78000, 32.103)	(80000, 33.71757129714811)																								
FAY99780_pass_barcode01_98e12ebb_5ad7f319_57	(1, 29.56933483652762)	(2, 28.100338218714768)	(3, 29.72942502818489)	(4, 30.156708004509582)	(5, 30.62119503945885)	(6, 31.047350620067643)	(7, 30.847801578354)	(8, 30.598647125140925)	(9, 30.647125140924466)	(10, 29.37311994714958)	(1000, 29.699096726931355)	(2000, 29.43369701125376)	(3000, 29.47472317134244)	(4000, 29.751151738816354)	(5000, 29.900105520888097)	(6000, 29.612257957294492)	(7000, 29.77052608864388)	(8000, 29.865554900978964)	(9000, 29.698199969296944)	(10000, 29.871399218155382)	(11000, 29.96727116455936)	(12000, 29.707995507270997)	(13000, 30.002318025513635)	(14000, 29.792085413417578)	(15000, 29.28104563722647)	(16000, 29.466095578044186)	(17000, 28.70513994818402)	(18000, 29.45124806470853)	(19000, 29.72307459119594)	(20000, 29.812137434485344)	(21000, 29.74146585247303)	(22000, 28.616244234349875)	(23000, 29.85758719520322)	(24000, 29.63961201186855)	(25000, 29.305513145019116)	(26000, 30.3583302090997)	(27000, 29.296402754435114)	(28000, 29.476655080213916)	(29000, 28.95236517211929)	(30000, 29.492953406303858)	(31000, 29.60661904761909)	(32000, 29.74540513784457)	(33000, 29.488494152046755)	(34000, 31.42623488562091)	(35000, 30.118907142857193)	(36000, 29.288543956043977)	(37000, 30.378872727272743)	(38000, 29.75100000000001)	(39000, 29.622394841269852)	(40000, 30.35542857142854)	(41000, 29.593000000000007)	(42000, 28.925976190476185)	(43000, 30.98163333333333)	(44000, 29.41125)	(45000, 29.80558333333333)	(46000, 29.764166666666657)	(47000, 27.978)	(48000, 30.3985)	(49000, 31.143)	(50000, 30.541)	(51000, 29.032)	(52000, 18.218045112781954)												
FAY99780_pass_barcode01_98e12ebb_5ad7f319_58	(1, 29.363908275174477)	(2, 28.04087736789631)	(3, 29.85742771684945)	(4, 30.099700897308075)	(5, 30.361914257228314)	(6, 30.584247258225325)	(7, 30.56829511465603)	(8, 30.810568295114656)	(9, 30.653040877367896)	(10, 29.410983518879018)	(1000, 29.392868090043393)	(2000, 29.44457114362526)	(3000, 29.36370091012765)	(4000, 29.464223121124974)	(5000, 29.684674131098003)	(6000, 29.264610545282288)	(7000, 29.286714337779955)	(8000, 29.677591975549245)	(9000, 29.62098802060292)	(10000, 29.36009676321545)	(11000, 29.23818035597404)	(12000, 29.476492895839623)	(13000, 29.51412690112014)	(14000, 29.47918877397671)	(15000, 29.447923979810835)	(16000, 29.166376609586322)	(17000, 29.281150727001425)	(18000, 29.340187905244335)	(19000, 29.52859728079256)	(20000, 29.8036407200025)	(21000, 29.662941112276993)	(22000, 29.622046829276105)	(23000, 29.75774805594029)	(24000, 29.870762010999588)	(25000, 29.152359873046457)	(26000, 28.966414644702358)	(27000, 29.186324657888115)	(28000, 29.467997021722844)	(29000, 28.830436878216116)	(30000, 29.05604670906969)	(31000, 29.36656147959182)	(32000, 29.35476960789155)	(33000, 29.825140534262484)	(34000, 29.685848462771364)	(35000, 29.380232314744113)	(36000, 28.657481544729826)	(37000, 29.387112259560087)	(38000, 29.037383660237566)	(39000, 29.723583006535915)	(40000, 28.702765934065933)	(41000, 29.619109537684547)	(42000, 29.239625)	(43000, 25.05883333333335)	(44000, 25.969766666666708)	(45000, 26.217066666666646)	(46000, 23.347999999999985)	(47000, 24.410333333333302)	(48000, 27.260833333333327)	(49000, 22.8765)	(50000, 23.735)	(51000, 26.054)	(52000, 22.10231425091352)												
FAY99780_pass_barcode01_98e12ebb_5ad7f319_59	(1, 29.012861736334404)	(2, 27.793140407288316)	(3, 29.265809217577708)	(4, 29.491961414790996)	(5, 29.921757770632368)	(6, 30.065380493033228)	(7, 29.95498392282958)	(8, 29.841371918542336)	(9, 29.65166130760986)	(10, 29.28100270933427)	(2000, 29.140719816520264)	(4000, 29.271858919851432)	(6000, 29.337315789643192)	(8000, 29.149998251533557)	(10000, 28.991899742253608)	(12000, 29.06306541727503)	(14000, 28.997805168070894)	(16000, 29.16768157415646)	(18000, 28.972851147894968)	(20000, 29.040099432007633)	(22000, 29.004264855601214)	(24000, 29.386454307831944)	(26000, 29.13428669492331)	(28000, 29.435800070490934)	(30000, 28.800517129247524)	(32000, 28.37524812788342)	(34000, 28.633718364548482)	(36000, 28.633686423981842)	(38000, 28.996117990546107)	(40000, 28.87141089649236)	(42000, 28.999047188167168)	(44000, 29.06158598162173)	(46000, 29.782026792234486)	(48000, 29.2089507860371)	(50000, 28.16473962450591)	(52000, 27.925948268398255)	(54000, 26.817116524767794)	(56000, 26.509488095238105)	(58000, 26.822000815850817)	(60000, 29.525522222222236)	(62000, 29.07605555555555)	(64000, 29.5659783730159)	(66000, 31.61307499999999)	(68000, 34.59725)	(70000, 31.443496801705756)																													
FAY99780_pass_barcode01_98e12ebb_5ad7f319_6	(1, 29.097212294496067)	(2, 27.897784131522517)	(3, 29.500357398141528)	(4, 30.1300929235168)	(5, 30.666190135811295)	(6, 30.745532523230878)	(7, 30.619013581129376)	(8, 30.348820586132952)	(9, 30.132237312365977)	(10, 29.798287926077446)	(2000, 29.99888918072352)	(4000, 29.994539666226647)	(6000, 30.014582784341997)	(8000, 30.170178978904058)	(10000, 30.17921936438909)	(12000, 30.192838277643002)	(14000, 30.08079744820191)	(16000, 30.042629816240854)	(18000, 29.93331282869571)	(20000, 29.6279276977824)	(22000, 29.69152629026987)	(24000, 29.072628037555898)	(26000, 28.977647908169068)	(28000, 28.736126276372598)	(30000, 28.81531795015261)	(32000, 28.665900905720957)	(34000, 28.561007301258353)	(36000, 28.3789498557213)	(38000, 28.48542771819093)	(40000, 28.335597403619396)	(42000, 28.264156738349612)	(44000, 27.959595775226845)	(46000, 28.36134976251229)	(48000, 26.962019895605923)	(50000, 25.83124043727985)	(52000, 25.912834624666328)	(54000, 26.323025767978187)	(56000, 26.147377499999923)	(58000, 24.795574816487875)	(60000, 23.616194191360815)	(62000, 22.965027953296723)	(64000, 21.829676573426624)	(66000, 22.44768181818178)	(68000, 22.310286363636333)	(70000, 19.889881944444454)	(72000, 18.74488095238094)	(74000, 18.4921666666667)	(76000, 17.23049999999996)	(78000, 18.291083333333365)	(80000, 17.473566666666663)	(82000, 16.247975)	(84000, 16.091875)	(86000, 16.97425)	(88000, 17.819875)	(90000, 17.51475)	(92000, 16.09475)	(94000, 14.340708333333339)	(96000, 13.032)	(98000, 13.40975)	(100000, 15.704)	(102000, 16.3955)	(104000, 15.927)	(106000, 15.017)	(108000, 15.9305)	(110000, 14.659)	(112000, 13.185037121644774)								
FAY99780_pass_barcode01_98e12ebb_5ad7f319_60	(1, 28.53474320241692)	(2, 27.294058408862035)	(3, 29.089627391742194)	(4, 29.399798590130917)	(5, 29.691842900302113)	(6, 29.643504531722055)	(7, 29.649546827794563)	(8, 29.84894259818731)	(9, 29.943605236656595)	(10, 29.145341530429402)	(2000, 29.31721383122849)	(4000, 29.20574068257032)	(6000, 29.11632737140377)	(8000, 29.376724151249004)	(10000, 29.29731540414655)	(12000, 29.47229903875709)	(14000, 29.342889931240443)	(16000, 29.649585747309686)	(18000, 29.40814854198624)	(20000, 29.46681033229566)	(22000, 29.30361094463432)	(24000, 28.790891003617308)	(26000, 28.319069276656126)	(28000, 28.76145776111856)	(30000, 28.462172905082156)	(32000, 28.449244322627813)	(34000, 27.913633705246045)	(36000, 27.454533596787158)	(38000, 27.303814258168682)	(40000, 26.825949895180738)	(42000, 25.454767363071724)	(44000, 25.013659732664973)	(46000, 25.023416555789016)	(48000, 21.55964139055388)	(50000, 22.091617857142847)	(52000, 21.699999999999996)	(54000, 19.6475)	(56000, 15.52675)	(58000, 13.7225)	(60000, 12.9025)	(62000, 12.4615)	(64000, 14.906005221932116)																																
FAY99780_pass_barcode01_98e12ebb_5ad7f319_61	(1, 28.54207650273224)	(2, 27.20655737704918)	(3, 28.97377049180328)	(4, 29.316939890710383)	(5, 29.534426229508195)	(6, 29.948633879781422)	(7, 29.785792349726776)	(8, 29.33551912568306)	(9, 29.285245901639342)	(10, 29.145781690362497)	(1000, 29.325352333520545)	(2000, 29.145001579837647)	(3000, 29.196645431509587)	(4000, 29.295182170419263)	(5000, 29.39994174988005)	(6000, 29.326599379748217)	(7000, 29.550539232422548)	(8000, 29.383072623435705)	(9000, 29.496535569555)	(10000, 29.644100710874003)	(11000, 29.55663447362695)	(12000, 29.68388907766136)	(13000, 29.753632275737086)	(14000, 29.83768446486069)	(15000, 29.8769566144591)	(16000, 29.737921825212606)	(17000, 29.39773296577645)	(18000, 29.517066734370914)	(19000, 29.43205203472777)	(20000, 29.03782713286243)	(21000, 29.06605325454477)	(22000, 29.13625245774929)	(23000, 28.593658062941415)	(24000, 29.298065724206367)	(25000, 29.598008430358444)	(26000, 29.218298669855507)	(27000, 29.216165545392677)	(28000, 29.215264897959212)	(29000, 29.47536953611234)	(30000, 29.91732991819164)	(31000, 30.0604785133566)	(32000, 29.170398539297423)	(33000, 28.810238913066)	(34000, 28.357588217338233)	(35000, 29.375867057218134)	(36000, 30.69258333333338)	(37000, 29.383815789473694)	(38000, 30.643274853801195)	(39000, 29.72279044117647)	(40000, 29.32725)	(41000, 29.777576190476193)	(42000, 29.954248534798527)	(43000, 28.273655555555578)	(44000, 30.332444444444445)	(45000, 30.83611904761907)	(46000, 30.50033333333333)	(47000, 28.920666666666666)	(48000, 29.6)	(49000, 30.7225)	(50000, 31.718503937007874)														
FAY99780_pass_barcode01_98e12ebb_5ad7f319_62	(1, 29.02962962962963)	(2, 27.80952380952381)	(3, 29.62962962962963)	(4, 30.00952380952381)	(5, 30.624338624338623)	(6, 30.832804232804232)	(7, 30.55978835978836)	(8, 30.3015873015873)	(9, 29.840211640211642)	(10, 29.08893172984568)	(2000, 29.031436039901752)	(4000, 29.283975946346104)	(6000, 29.37502633327734)	(8000, 29.223573953661464)	(10000, 29.17446875836576)	(12000, 29.225002942508382)	(14000, 29.427641668438113)	(16000, 29.056462311046417)	(18000, 29.011308238971715)	(20000, 29.138810635715853)	(22000, 29.32024827695299)	(24000, 29.347287187287236)	(26000, 29.436993131049643)	(28000, 28.867528626929595)	(30000, 29.489682755234774)	(32000, 29.76276492018151)	(34000, 29.607554587612178)	(36000, 29.151768781381453)	(38000, 29.55198103045216)	(40000, 29.70753136054421)	(42000, 29.253720600138745)	(44000, 28.851536484355027)	(46000, 29.176816346153938)	(48000, 28.96596052969839)	(50000, 27.07612879809984)	(52000, 24.873054217453074)	(54000, 26.130279205720758)	(56000, 25.791503496503495)	(58000, 24.73028035714283)	(60000, 24.722747619047635)	(62000, 19.29910000000003)	(64000, 18.117300000000014)	(66000, 16.325949999999995)	(68000, 14.42175)	(70000, 15.032125)	(72000, 14.370875)	(74000, 14.653)	(76000, 14.096625)	(78000, 14.692375)	(80000, 14.5075)	(82000, 13.57325)	(84000, 14.339874999999996)	(86000, 13.70325000000002)	(88000, 14.75375)	(90000, 13.32725)	(92000, 13.871)	(94000, 13.24225)	(96000, 11.1305)	(98000, 15.09775)	(100000, 13.809)	(102000, 14.64375)	(104000, 14.7745)	(106000, 11.7725)	(108000, 14.2855)	(110000, 16.174)	(112000, 15.7795)	(114000, 14.7065)	(116000, 14.371)	(118000, 14.1035)	(120000, 13.558)	(122000, 12.642212189616252)			
FAY99780_pass_barcode01_98e12ebb_5ad7f319_63	(1, 28.938393839383938)	(2, 27.83938393839384)	(3, 29.41409691629956)	(4, 30.04625550660793)	(5, 30.290748898678412)	(6, 30.561674008810574)	(7, 30.136563876651984)	(8, 29.920704845814978)	(9, 29.6784140969163)	(10, 29.08954277329456)	(1000, 29.34270042033132)	(2000, 29.330015823586518)	(3000, 28.95331548074192)	(4000, 28.909875529666838)	(5000, 29.122513874496814)	(6000, 29.37826614932161)	(7000, 29.51572752092406)	(8000, 29.163305519802616)	(9000, 29.39806298653262)	(10000, 29.752799879126684)	(11000, 29.569435470630044)	(12000, 29.32252706611061)	(13000, 29.18700712910136)	(14000, 29.19067284001278)	(15000, 29.220137780187816)	(16000, 29.488905239096194)	(17000, 28.803452040611013)	(18000, 29.27078339791235)	(19000, 29.382982358416072)	(20000, 29.208309062776646)	(21000, 29.527110783382017)	(22000, 29.544966721978945)	(23000, 29.72400921354826)	(24000, 29.886531656517185)	(25000, 29.454126513947312)	(26000, 29.868107726212084)	(27000, 29.261759635357816)	(28000, 29.35600652158732)	(29000, 29.623087741407232)	(30000, 29.00642785307764)	(31000, 29.452695961991846)	(32000, 29.99717492245942)	(33000, 29.433609686609675)	(34000, 29.546698060200665)	(35000, 29.97009355354793)	(36000, 29.929635655314772)	(37000, 29.41859460784314)	(38000, 29.64377191142191)	(39000, 29.847072727272742)	(40000, 30.246680555555553)	(41000, 30.265125)	(42000, 29.578160714285715)	(43000, 29.677642857142875)	(44000, 29.30249999999999)	(45000, 29.65900000000001)	(46000, 31.760166666666652)	(47000, 31.4585)	(48000, 31.013)	(49000, 30.309)	(50000, 32.14211076280042)														
FAY99780_pass_barcode01_98e12ebb_5ad7f319_64	(1, 28.824852071005918)	(2, 27.494674556213017)	(3, 28.942011834319526)	(4, 29.65207100591716)	(5, 30.066272189349114)	(6, 30.26863905325444)	(7, 30.271005917159762)	(8, 30.35266272189349)	(9, 30.27810650887574)	(10, 29.308063689534873)	(2000, 29.649691621276332)	(4000, 29.555724847233193)	(6000, 29.43493755225066)	(8000, 29.39406550943286)	(10000, 29.08563486658015)	(12000, 29.446578931271997)	(14000, 29.268863517711267)	(16000, 28.964748841306374)	(18000, 29.1327596555138)	(20000, 29.12636317548046)	(22000, 29.439232080169493)	(24000, 29.50823795151793)	(26000, 29.605090083512046)	(28000, 29.56625929137909)	(30000, 29.998677612983553)	(32000, 30.612788494176254)	(34000, 29.69024863954163)	(36000, 30.120662894377613)	(38000, 29.038453817733977)	(40000, 29.20374699837199)	(42000, 30.09903303790415)	(44000, 30.02188616142625)	(46000, 30.10775968406597)	(48000, 28.788653846153807)	(50000, 29.058172960372932)	(52000, 29.45605000000001)	(54000, 29.437044444444417)	(56000, 29.880352182539674)	(58000, 30.22398809523813)	(60000, 30.670366666666727)	(62000, 30.277500000000025)	(64000, 29.613491666666643)	(66000, 31.8505)	(68000, 32.9135)	(70000, 32.643)	(72000, 33.7935)	(74000, 32.872)	(76000, 28.725409836065573)																										
FAY99780_pass_barcode01_98e12ebb_5ad7f319_65	(1, 28.730248306997744)	(2, 27.335214446952595)	(3, 29.0744920993228)	(4, 29.24153498871332)	(5, 29.905191873589164)	(6, 30.18058690744921)	(7, 30.16139954853273)	(8, 29.992099322799096)	(9, 29.835214446952595)	(10, 29.142531256441472)	(2000, 29.169596097396887)	(4000, 29.644163419072974)	(6000, 29.626776094067804)	(8000, 29.594740840350028)	(10000, 29.31624859813068)	(12000, 29.544561304906644)	(14000, 29.30379221176578)	(16000, 29.2603715055464)	(18000, 29.297584048182895)	(20000, 29.769201527008878)	(22000, 29.752402562529625)	(24000, 29.415765112215233)	(26000, 29.392551763342652)	(28000, 29.605151636919054)	(30000, 29.65353381266913)	(32000, 29.450760467846884)	(34000, 29.87551779532477)	(36000, 29.470903068045583)	(38000, 29.049205453276087)	(40000, 29.818533150335664)	(42000, 30.658186411504758)	(44000, 30.111682376771725)	(46000, 29.355787805191692)	(48000, 30.54983634373293)	(50000, 30.400953115986272)	(52000, 29.94027619938328)	(54000, 29.246117690642695)	(56000, 28.7983037878788)	(58000, 29.69017380952381)	(60000, 29.823766666666675)	(62000, 28.102833333333322)	(64000, 29.250333333333288)	(66000, 30.109166666666663)	(68000, 32.583)	(70000, 30.1025)	(72000, 34.50694444444444)																												
FAY99780_pass_barcode01_98e12ebb_5ad7f319_66	(1, 28.84858044164038)	(2, 27.354889589905362)	(3, 28.809148264984227)	(4, 28.86277602523659)	(5, 29.27917981072555)	(6, 29.318611987381704)	(7, 29.441640378548897)	(8, 29.339116719242902)	(9, 29.102523659305994)	(10, 28.506547965389917)	(1000, 28.470293849728904)	(2000, 28.220994804899902)	(3000, 28.37508472096224)	(4000, 28.364403662706376)	(5000, 28.00139238437)	(6000, 28.632121179359572)	(7000, 28.40558254891239)	(8000, 28.260708470212183)	(9000, 28.218104402557945)	(10000, 28.35038267056211)	(11000, 28.209089340948115)	(12000, 28.35261378885128)	(13000, 28.46185223480851)	(14000, 28.276635149481937)	(15000, 27.66676029439963)	(16000, 27.711685012517684)	(17000, 28.18693820583819)	(18000, 27.839510667025152)	(19000, 28.066193687901805)	(20000, 27.291980513980867)	(21000, 27.66619614197519)	(22000, 27.602855053191472)	(23000, 27.203506076491102)	(24000, 26.94078523055695)	(25000, 27.396651031894955)	(26000, 27.294590418353557)	(27000, 27.12061008376799)	(28000, 26.673107172565967)	(29000, 25.901704307184758)	(30000, 27.14874482758625)	(31000, 27.19743596059115)	(32000, 26.54020136345138)	(33000, 27.23673076923076)	(34000, 26.77519230769231)	(35000, 26.691792129319975)	(36000, 25.921720176924538)	(37000, 25.788856346749228)	(38000, 25.643282813510012)	(39000, 23.354615384615375)	(40000, 25.323705128205106)	(41000, 20.900510101010102)	(42000, 24.93151388888891)	(43000, 25.385571428571424)	(44000, 25.55285714285716)	(45000, 26.04657142857141)	(46000, 24.106823809523814)	(47000, 24.96625)	(48000, 26.9945)	(49000, 24.34875)	(50000, 25.706166666666665)	(51000, 29.183)	(52000, 25.82620320855615)												
FAY99780_pass_barcode01_98e12ebb_5ad7f319_67	(1, 28.706879361914257)	(2, 27.361914257228314)	(3, 29.35393818544367)	(4, 29.48654037886341)	(5, 30.08873379860419)	(6, 30.378863409770688)	(7, 30.520438683948157)	(8, 30.39581256231306)	(9, 30.01296111665005)	(10, 28.86389124223783)	(1000, 28.95334665615931)	(2000, 28.710392246036218)	(3000, 28.673404025527855)	(4000, 28.442529430733867)	(5000, 28.33143654711331)	(6000, 28.56511563565034)	(7000, 28.933370811219277)	(8000, 28.56965836989421)	(9000, 28.81413193043764)	(10000, 28.411798720972747)	(11000, 28.27174304314581)	(12000, 28.45055889495156)	(13000, 28.195871809006764)	(14000, 28.748916394325832)	(15000, 28.570934100630502)	(16000, 28.50418356217925)	(17000, 28.161246100578506)	(18000, 28.11247505932514)	(19000, 28.228962563906077)	(20000, 28.407079784985964)	(21000, 28.898785639082803)	(22000, 28.640512301200925)	(23000, 29.11413981554571)	(24000, 29.003233070230493)	(25000, 28.66815670979904)	(26000, 28.60054473658969)	(27000, 28.370922939898776)	(28000, 28.69620089462706)	(29000, 28.672481818181822)	(30000, 28.533796209538256)	(31000, 29.21026115184006)	(32000, 28.59386912785584)	(33000, 27.84938729143494)	(34000, 27.599812544734977)	(35000, 27.59241807692306)	(36000, 27.466951745718024)	(37000, 27.03791060606059)	(38000, 26.955425730994136)	(39000, 25.514388888888877)	(40000, 26.646199346405222)	(41000, 26.626844413919436)	(42000, 25.819510489510495)	(43000, 24.184927777777784)	(44000, 24.07541666666668)	(45000, 25.552933333333357)	(46000, 26.09799999999999)	(47000, 24.743999999999996)	(48000, 24.46939999999998)	(49000, 29.926299999999994)	(50000, 29.166583333333346)	(51000, 26.92)	(52000, 26.268)	(53000, 28.915)	(54000, 24.596)	(55000, 26.12)	(56000, 26.313)	(57000, 25.228)	(58000, 24.292)	(59000, 28.858)	(60000, 26.153)	(61000, 25.26829268292683)			
FAY99780_pass_barcode01_98e12ebb_5ad7f319_68	(1, 28.978915662650603)	(2, 27.944779116465863)	(3, 29.56024096385542)	(4, 29.55722891566265)	(5, 30.01005025125628)	(6, 29.882412060301508)	(7, 29.946733668341707)	(8, 30.14170854271357)	(9, 29.98894472361809)	(10, 29.05773411709008)	(2000, 29.349671789795206)	(4000, 29.36061344699534)	(6000, 29.414750501497707)	(8000, 29.27531353984851)	(10000, 29.162861267345647)	(12000, 29.234906171553895)	(14000, 29.269100080081177)	(16000, 29.412247239312457)	(18000, 29.537424768946433)	(20000, 29.177325719680862)	(22000, 29.49601949836604)	(24000, 29.212766212878034)	(26000, 29.32419665153644)	(28000, 28.994733050805095)	(30000, 29.01843120320412)	(32000, 28.589119180387247)	(34000, 28.140430704864535)	(36000, 28.638626247818525)	(38000, 28.42857490345969)	(40000, 28.657254278374758)	(42000, 28.5064209847869)	(44000, 28.739931719148725)	(46000, 28.691105103218344)	(48000, 27.612995417708813)	(50000, 27.452353406523283)	(52000, 27.538500961538492)	(54000, 24.733565714002143)	(56000, 23.671891053921588)	(58000, 23.725070970695967)	(60000, 22.011771212121218)	(62000, 20.044694444444424)	(64000, 20.006571428571423)	(66000, 13.459123809523827)	(68000, 13.988700000000001)	(70000, 14.742)	(72000, 12.855375)	(74000, 13.989625)	(76000, 13.808583333333333)	(78000, 14.116000000000009)	(80000, 14.097166666666682)	(82000, 14.469333333333378)	(84000, 13.556833333333312)	(86000, 13.96250000000002)	(88000, 13.356499999999974)	(90000, 14.096999999999982)	(92000, 13.938666666666638)	(94000, 13.010833333333336)	(96000, 13.301)	(98000, 13.76925)	(100000, 13.22575)	(102000, 14.046)	(104000, 13.74925)	(106000, 14.6405)	(108000, 14.5045)	(110000, 14.0295)	(112000, 14.3345)	(114000, 14.2055)	(116000, 14.194)	(118000, 14.181358381502891)					
FAY99780_pass_barcode01_98e12ebb_5ad7f319_69	(1, 29.228901734104046)	(2, 28.040462427745666)	(3, 29.6242774566474)	(4, 29.908670520231215)	(5, 30.277456647398843)	(6, 30.393063583815028)	(7, 30.3121387283237)	(8, 30.182658959537573)	(9, 29.854335260115608)	(10, 29.00780944091683)	(1000, 29.04021329709354)	(2000, 29.147320467320107)	(3000, 29.05625806300346)	(4000, 28.905361834875144)	(5000, 29.18545119258726)	(6000, 28.89339707132012)	(7000, 29.25125573388729)	(8000, 28.91447283720987)	(9000, 29.268116494348796)	(10000, 28.84451327025258)	(11000, 28.986272364801504)	(12000, 28.665439175903547)	(13000, 28.341735045937444)	(14000, 28.480931398266947)	(15000, 28.41662599479756)	(16000, 28.48006179685726)	(17000, 28.040520514639955)	(18000, 28.05611917439203)	(19000, 27.970428843840153)	(20000, 27.928925999192707)	(21000, 27.805205066350176)	(22000, 27.83922728034873)	(23000, 28.08389941832675)	(24000, 27.70684095369807)	(25000, 27.262466377387508)	(26000, 27.757105849555778)	(27000, 27.684367790415884)	(28000, 27.732084484378646)	(29000, 28.154472996515644)	(30000, 28.5770175603188)	(31000, 28.22975133689841)	(32000, 26.56318749975923)	(33000, 26.52992278096298)	(34000, 27.26665217391301)	(35000, 27.573869565217382)	(36000, 27.853626482213414)	(37000, 28.21583473495458)	(38000, 28.142285714285723)	(39000, 25.547598901098905)	(40000, 26.94290384615381)	(41000, 27.31890606060611)	(42000, 27.725569444444446)	(43000, 26.877941666666693)	(44000, 24.7205)	(45000, 27.66074999999999)	(46000, 27.791)	(47000, 25.6555)	(48000, 23.84086345381526)																
FAY99780_pass_barcode01_98e12ebb_5ad7f319_7	(1, 29.345170454545453)	(2, 28.3046875)	(3, 29.915482954545453)	(4, 30.333806818181817)	(5, 30.70028409090909)	(6, 30.45809659090909)	(7, 30.23721590909091)	(8, 30.15909090909091)	(9, 29.962357954545453)	(10, 29.511327231991057)	(2000, 29.369750750959877)	(4000, 29.196774167537868)	(6000, 29.627156378509117)	(8000, 29.998691596163013)	(10000, 29.924747275854266)	(12000, 29.791669216396116)	(14000, 29.56741850869494)	(16000, 29.61687338228321)	(18000, 29.65175287570603)	(20000, 29.630605648721005)	(22000, 29.76697761254892)	(24000, 29.56074206605138)	(26000, 29.57472259891272)	(28000, 29.22630609674294)	(30000, 29.099777018588863)	(32000, 28.500374460765013)	(34000, 27.91715526078353)	(36000, 28.226180589875995)	(38000, 27.846267385282882)	(40000, 27.870908584355547)	(42000, 27.492897293861702)	(44000, 27.404613540748517)	(46000, 27.6758782565457)	(48000, 27.6918483796677)	(50000, 27.687342388997404)	(52000, 26.466764003550654)	(54000, 27.173806629964236)	(56000, 26.53618452380953)	(58000, 24.989234047127614)	(60000, 25.24615089077589)	(62000, 27.759958333333344)	(64000, 25.742145833333275)	(66000, 25.534350000000018)	(68000, 21.701633333333337)	(70000, 21.63583333333333)	(72000, 22.52775)	(74000, 21.118)	(76000, 13.66)	(78000, 12.95)	(80000, 11.7485)	(82000, 14.811)	(84000, 13.687)	(86000, 12.084)	(88000, 13.375291375291376)																				
FAY99780_pass_barcode01_98e12ebb_5ad7f319_70	(1, 28.969248291571756)	(2, 27.444191343963553)	(3, 28.971526195899774)	(4, 29.725512528473804)	(5, 29.97380410022779)	(6, 30.44646924829157)	(7, 30.468109339407746)	(8, 30.178815489749432)	(9, 29.995444191343964)	(10, 29.157029784696373)	(2000, 29.130016327718444)	(4000, 29.107124735981518)	(6000, 28.980364236421885)	(8000, 29.063521528561033)	(10000, 29.021512092155863)	(12000, 29.036223404591368)	(14000, 29.035105446469608)	(16000, 29.137028071709757)	(18000, 28.981019184685827)	(20000, 29.029419788779094)	(22000, 28.690713585516743)	(24000, 28.68137451672845)	(26000, 28.96622213952259)	(28000, 29.204800537097054)	(30000, 28.861114500250114)	(32000, 28.89659016366174)	(34000, 28.333966549407652)	(36000, 28.420621019582246)	(38000, 28.951529450549465)	(40000, 29.943926478449047)	(42000, 29.650544600471733)	(44000, 29.634993014705863)	(46000, 30.744684432234394)	(48000, 31.543853205128233)	(50000, 31.17737341269845)	(52000, 30.79642857142857)	(54000, 29.789609523809585)	(56000, 29.0279)	(58000, 31.200799999999994)	(60000, 30.495575000000006)	(62000, 30.00125)	(64000, 29.04775)	(66000, 27.625)	(68000, 25.807)	(70000, 26.234)	(72000, 25.504)	(74000, 22.339981006647673)																											
FAY99780_pass_barcode01_98e12ebb_5ad7f319_71	(1, 28.545664739884394)	(2, 27.23148148148148)	(3, 28.979166666666668)	(4, 29.84837962962963)	(5, 30.46875)	(6, 30.67476851851852)	(7, 30.461805555555557)	(8, 30.29976851851852)	(9, 29.939814814814813)	(10, 28.85986295421983)	(2000, 28.779206377315987)	(4000, 28.98825304756438)	(6000, 28.78610659649414)	(8000, 29.038494768199534)	(10000, 28.65475962571109)	(12000, 28.776417195018098)	(14000, 28.32203971143787)	(16000, 28.303950396700216)	(18000, 28.246575963316637)	(20000, 28.433269821050892)	(22000, 28.217825613222253)	(24000, 28.084160869941087)	(26000, 28.305565853511183)	(28000, 28.14534342087591)	(30000, 28.325870460557955)	(32000, 27.89208739027135)	(34000, 27.77923673550133)	(36000, 27.704841155262535)	(38000, 28.171454901960768)	(40000, 28.566342033235536)	(42000, 28.48015114942527)	(44000, 27.969566631054153)	(46000, 29.00077166149061)	(48000, 28.31402105263156)	(50000, 27.23811915008585)	(52000, 25.96042447552447)	(54000, 27.347488888888904)	(56000, 25.13293750000001)	(58000, 25.586357142857135)	(60000, 25.84801190476194)	(62000, 25.337841666666684)	(64000, 12.546083333333332)	(66000, 13.54)	(68000, 12.6695)	(70000, 11.7985)	(72000, 13.2995)	(74000, 12.2625)	(76000, 11.3495)	(78000, 13.4205)	(80000, 14.3915)	(82000, 15.145)	(84000, 14.0345)	(86000, 14.546)	(88000, 14.383)	(90000, 14.9575)	(92000, 14.3755)	(94000, 13.5465)	(96000, 12.955)	(98000, 12.5255)	(100000, 11.7075)	(102000, 15.0)	(104000, 14.48)	(106000, 15.597)	(108000, 13.429469273743017)										
FAY99780_pass_barcode01_98e12ebb_5ad7f319_72	(1, 29.354881266490764)	(2, 28.092348284960423)	(3, 29.828496042216358)	(4, 30.354881266490764)	(5, 30.53693931398417)	(6, 30.606860158311346)	(7, 30.426121372031663)	(8, 30.36411609498681)	(9, 29.821899736147756)	(10, 28.950100913759027)	(1000, 28.98898671651887)	(2000, 28.9915355882261)	(3000, 28.940032047642255)	(4000, 28.900581792907193)	(5000, 28.72179825925313)	(6000, 28.897188650924875)	(7000, 29.07759976420297)	(8000, 29.052302409226996)	(9000, 29.001205238617537)	(10000, 29.1538918626894)	(11000, 29.191379975393392)	(12000, 29.049048529850488)	(13000, 28.993512199147407)	(14000, 28.76884988912397)	(15000, 29.30932531248388)	(16000, 28.94016454078782)	(17000, 28.91985094409484)	(18000, 29.19923023651907)	(19000, 29.194878454651104)	(20000, 29.1961281458945)	(21000, 29.258329677798358)	(22000, 28.984350003505224)	(23000, 29.04418217233342)	(24000, 28.422732378841875)	(25000, 28.71935763878879)	(26000, 28.86752216050895)	(27000, 28.239177623438344)	(28000, 29.566032788030103)	(29000, 29.201471137667784)	(30000, 28.892391756548392)	(31000, 28.632013785968923)	(32000, 29.16143146150779)	(33000, 29.576555555555565)	(34000, 29.733300512820517)	(35000, 28.363862911725935)	(36000, 29.46889610389615)	(37000, 29.608511273281216)	(38000, 30.039133142103008)	(39000, 28.681399766899805)	(40000, 29.16867272727277)	(41000, 30.104399999999995)	(42000, 30.405761904761917)	(43000, 31.409466666666674)	(44000, 32.31748333333333)	(45000, 29.7095)	(46000, 30.3355)	(47000, 33.1285930408472)																	
FAY99780_pass_barcode01_98e12ebb_5ad7f319_73	(1, 28.993564993564995)	(2, 27.752895752895753)	(3, 29.544401544401545)	(4, 29.553410553410554)	(5, 29.79150579150579)	(6, 30.003861003861005)	(7, 30.113256113256114)	(8, 30.05019305019305)	(9, 29.646074646074645)	(10, 28.840710936598843)	(1000, 28.85954950776618)	(2000, 28.95112116477452)	(3000, 28.940616307834272)	(4000, 29.301588371792874)	(5000, 29.06549733676293)	(6000, 29.20216299539232)	(7000, 29.192890349182726)	(8000, 29.009434519143717)	(9000, 28.786344000472027)	(10000, 29.239715165805492)	(11000, 29.096381661190645)	(12000, 28.893453960185784)	(13000, 29.00100937374581)	(14000, 28.831943600694185)	(15000, 28.66216509633891)	(16000, 28.55169910544356)	(17000, 28.572403764564)	(18000, 28.76168320569038)	(19000, 28.607309418528835)	(20000, 29.03724603142543)	(21000, 28.902255807949395)	(22000, 28.500073015812383)	(23000, 28.58150072143603)	(24000, 28.996192003904923)	(25000, 28.996629001436414)	(26000, 29.003997793927407)	(27000, 28.492897911510784)	(28000, 27.652142799059806)	(29000, 28.192092504094862)	(30000, 28.487739130434758)	(31000, 28.94585076906582)	(32000, 29.576136168474637)	(33000, 28.51709761586453)	(34000, 29.08906942204303)	(35000, 28.872101441342824)	(36000, 28.72605049238206)	(37000, 27.78393845285146)	(38000, 29.24238451275249)	(39000, 27.23279812271065)	(40000, 29.73485)	(41000, 29.53720000000006)	(42000, 29.55540000000003)	(43000, 30.143199999999965)	(44000, 29.494991269841275)	(45000, 29.284283333333327)	(46000, 25.638)	(47000, 23.0485)	(48000, 25.857894736842105)																
FAY99780_pass_barcode01_98e12ebb_5ad7f319_74	(1, 28.095424836601307)	(2, 26.84313725490196)	(3, 28.458823529411763)	(4, 29.06797385620915)	(5, 29.362091503267973)	(6, 29.38954248366013)	(7, 29.512418300653597)	(8, 29.00653594771242)	(9, 29.252287581699346)	(10, 28.319444638451508)	(1000, 28.632883327638254)	(2000, 28.622299246188422)	(3000, 28.70242927617296)	(4000, 28.88572051899173)	(5000, 28.744790036594175)	(6000, 28.591662184285884)	(7000, 28.45761350071779)	(8000, 28.355437277564878)	(9000, 28.29758357170131)	(10000, 28.074746602637077)	(11000, 28.202544334546648)	(12000, 28.451218616455936)	(13000, 28.235564937291496)	(14000, 28.050214859525905)	(15000, 27.94088996569897)	(16000, 28.029039515583253)	(17000, 27.934639797173784)	(18000, 28.278868389168895)	(19000, 27.476629345574693)	(20000, 27.880290799940443)	(21000, 28.383892021902174)	(22000, 28.463983410799717)	(23000, 28.29018290509691)	(24000, 28.348333963062988)	(25000, 28.39687977506984)	(26000, 28.31401448639161)	(27000, 28.443179044514768)	(28000, 27.714790088796992)	(29000, 27.60242462320985)	(30000, 27.255062245003703)	(31000, 27.217202655442588)	(32000, 27.182936424659975)	(33000, 26.28704669084191)	(34000, 24.87053952830054)	(35000, 25.77479171372105)	(36000, 25.634751378446133)	(37000, 24.636204850361228)	(38000, 23.31161503178195)	(39000, 23.888493395493366)	(40000, 20.72726190476187)	(41000, 21.907023809523828)	(42000, 21.887799999999995)	(43000, 20.857849999999996)	(44000, 17.488749999999992)	(45000, 16.941999999999982)	(46000, 14.779000000000003)	(47000, 15.677)	(48000, 13.7515)	(49000, 14.225)	(50000, 14.52)	(51000, 18.213)	(52000, 17.93128205128205)												
FAY99780_pass_barcode01_98e12ebb_5ad7f319_75	(1, 28.018957345971565)	(2, 26.72037914691943)	(3, 28.510268562401265)	(4, 28.826224328593998)	(5, 29.372827804107423)	(6, 29.744075829383885)	(7, 29.437598736176934)	(8, 29.665086887835702)	(9, 29.87993680884676)	(10, 28.806669948505778)	(2000, 28.792459455377735)	(4000, 28.853436074990963)	(6000, 28.748030302094712)	(8000, 28.60676786173284)	(10000, 28.718170805013163)	(12000, 28.502232003149675)	(14000, 28.306884333953118)	(16000, 28.52876051439193)	(18000, 28.519225506363163)	(20000, 28.62640030303404)	(22000, 28.347951188995076)	(24000, 27.974319446130764)	(26000, 28.033186053709617)	(28000, 28.30658405173644)	(30000, 27.85350270256804)	(32000, 28.064955817405455)	(34000, 28.5909939228578)	(36000, 28.442523333333305)	(38000, 28.931615017006777)	(40000, 28.956211961388977)	(42000, 28.855846109999817)	(44000, 29.651786636636608)	(46000, 29.958836656881836)	(48000, 30.18444402899436)	(50000, 30.382138849346667)	(52000, 29.305992314425758)	(54000, 30.124682692307616)	(56000, 29.775695454545488)	(58000, 30.48176666666668)	(60000, 28.898159722222218)	(62000, 29.182695833333383)	(64000, 30.125900000000048)	(66000, 28.298249999999978)	(68000, 26.381)	(70000, 20.4985)	(72000, 23.2115)	(74000, 26.6865)	(76000, 25.2095)	(78000, 23.298)	(80000, 24.5955)	(82000, 23.4145)	(84000, 23.7225)	(86000, 29.550359712230215)																					
FAY99780_pass_barcode01_98e12ebb_5ad7f319_76	(1, 28.842105263157894)	(2, 27.36340852130326)	(3, 29.31203007518797)	(4, 29.927318295739347)	(5, 30.56390977443609)	(6, 30.55263157894737)	(7, 30.25689223057644)	(8, 30.156641604010026)	(9, 29.8671679197995)	(10, 29.037973764767333)	(1000, 29.04470789574787)	(2000, 29.430105506546116)	(3000, 29.576560040742095)	(4000, 29.264230209684182)	(5000, 29.674058781563502)	(6000, 29.751388595431752)	(7000, 29.528754406188686)	(8000, 29.809308147728057)	(9000, 29.63716507455901)	(10000, 29.762533949881096)	(11000, 29.852475850800293)	(12000, 29.92595959222759)	(13000, 30.03292917844364)	(14000, 30.10129517082014)	(15000, 30.122495051616337)	(16000, 29.627726840668526)	(17000, 29.267917749751312)	(18000, 29.434452901273723)	(19000, 29.20584495742354)	(20000, 28.990312915838363)	(21000, 28.782561827714897)	(22000, 28.532403846153894)	(23000, 29.548794090493846)	(24000, 29.228795012133293)	(25000, 29.099811860195)	(26000, 28.903856504065075)	(27000, 29.12449602436446)	(28000, 28.502420002890602)	(29000, 28.29098958333336)	(30000, 28.445880579892407)	(31000, 28.317644487179496)	(32000, 28.796313993977037)	(33000, 28.144536675020934)	(34000, 28.11515032679743)	(35000, 29.01176470588234)	(36000, 28.305989950980408)	(37000, 28.52625021645018)	(38000, 29.054921212121137)	(39000, 28.603555555555584)	(40000, 27.770847222222216)	(41000, 26.81450000000002)	(42000, 26.941933333333328)	(43000, 27.116166666666665)	(44000, 25.60899999999997)	(45000, 27.504333333333335)	(46000, 25.153)	(47000, 22.953)	(48000, 23.522)	(49000, 21.95)	(50000, 23.667)	(51000, 24.721973094170405)													
FAY99780_pass_barcode01_98e12ebb_5ad7f319_77	(1, 29.112009237875288)	(2, 27.938799076212472)	(3, 29.505773672055426)	(4, 29.795612009237875)	(5, 30.292147806004618)	(6, 30.511547344110856)	(7, 30.40415704387991)	(8, 30.376443418013857)	(9, 29.954965357967666)	(10, 29.275358094414962)	(1000, 29.271334371983038)	(2000, 29.063260718888305)	(3000, 29.065804264121102)	(4000, 29.281996855867515)	(5000, 29.110386594395717)	(6000, 29.30299559465538)	(7000, 29.177921681937487)	(8000, 29.307344983974545)	(9000, 29.211626525082046)	(10000, 28.888845694847827)	(11000, 28.692934490618338)	(12000, 28.87052878887697)	(13000, 28.382675202955127)	(14000, 28.455462402312723)	(15000, 28.159475502150126)	(16000, 27.54488118353038)	(17000, 28.11268512222465)	(18000, 27.79577320379267)	(19000, 27.30211871462299)	(20000, 27.68866277147527)	(21000, 27.58842900490309)	(22000, 27.861154286168457)	(23000, 28.563438765170517)	(24000, 28.814367504322174)	(25000, 29.302063487071987)	(26000, 29.02056031853054)	(27000, 28.590376483433396)	(28000, 27.90826620345041)	(29000, 27.985800714141956)	(30000, 27.11964579162028)	(31000, 27.397857507754118)	(32000, 27.407940170940154)	(33000, 27.47281153846152)	(34000, 27.491111801242223)	(35000, 28.049373266499586)	(36000, 27.059248366013097)	(37000, 27.095661274509816)	(38000, 28.243800000000018)	(39000, 27.846378388278403)	(40000, 27.657750000000004)	(41000, 28.16349999999997)	(42000, 28.078916666666675)	(43000, 26.76314242424239)	(44000, 26.816875)	(45000, 27.42554761904764)	(46000, 26.802833333333293)	(47000, 27.703333333333358)	(48000, 26.775983333333347)	(49000, 25.969999999999967)	(50000, 23.273333333333333)	(51000, 25.181666666666654)	(52000, 25.633999999999986)	(53000, 27.883833333333335)	(54000, 31.550359712230215)										
FAY99780_pass_barcode01_98e12ebb_5ad7f319_78	(1, 29.695043103448278)	(2, 28.657327586206897)	(3, 30.351293103448278)	(4, 30.811422413793103)	(5, 31.213362068965516)	(6, 31.283405172413794)	(7, 31.39116379310345)	(8, 31.10237068965517)	(9, 30.713362068965516)	(10, 29.31396242146958)	(2000, 29.348832957872236)	(4000, 29.39841195975172)	(6000, 29.430625200356353)	(8000, 29.54978157570543)	(10000, 29.581813862520086)	(12000, 29.376021355568934)	(14000, 29.705213407822562)	(16000, 29.701844498061423)	(18000, 29.694164147439988)	(20000, 29.282109080831514)	(22000, 29.255471933957075)	(24000, 29.552646037707692)	(26000, 29.48750263569919)	(28000, 29.806538411092664)	(30000, 29.5917448721579)	(32000, 29.448311185703)	(34000, 29.65302902019067)	(36000, 29.39294132155368)	(38000, 28.973691178285293)	(40000, 29.381237378516847)	(42000, 29.096021085399368)	(44000, 28.976747058001973)	(46000, 28.37351796106599)	(48000, 27.142711175461184)	(50000, 26.484818214346348)	(52000, 25.38474009913994)	(54000, 24.61999166666664)	(56000, 23.917686695906458)	(58000, 23.533240604575163)	(60000, 22.7080625)	(62000, 21.93469544413921)	(64000, 20.94719656177156)	(66000, 18.475383730158747)	(68000, 15.544547619047657)	(70000, 13.972299999999997)	(72000, 13.41525)	(74000, 14.481875)	(76000, 13.279125)	(78000, 13.665)	(80000, 14.021625)	(82000, 13.801750000000007)	(84000, 13.357083333333344)	(86000, 12.6985)	(88000, 10.526)	(90000, 12.573)	(92000, 13.16)	(94000, 10.173076923076923)																	
FAY99780_pass_barcode01_98e12ebb_5ad7f319_79	(1, 29.21125)	(2, 27.865)	(3, 29.3575)	(4, 29.86)	(5, 30.22375)	(6, 30.46)	(7, 30.545)	(8, 30.67125)	(9, 30.2875)	(10, 29.269816751936062)	(1000, 29.38718124117719)	(2000, 29.47564999686669)	(3000, 29.569188286796862)	(4000, 29.19264123210524)	(5000, 29.491939230255632)	(6000, 29.265056527893183)	(7000, 29.41395900991694)	(8000, 29.998119026779143)	(9000, 29.831291000089813)	(10000, 29.64160027510098)	(11000, 29.852306061405653)	(12000, 29.618420655904167)	(13000, 29.84723447259415)	(14000, 29.64639312795654)	(15000, 29.791806108929958)	(16000, 29.977110067489864)	(17000, 30.019181495092877)	(18000, 29.934614307338723)	(19000, 30.19700876684164)	(20000, 30.167416840777957)	(21000, 30.15281435204665)	(22000, 30.05877044795466)	(23000, 29.61157314974183)	(24000, 29.52053891657824)	(25000, 29.1742996491228)	(26000, 29.29053115101405)	(27000, 29.484356257493857)	(28000, 29.565705985843366)	(29000, 29.191838974087773)	(30000, 29.256056342586515)	(31000, 28.545238827853577)	(32000, 28.709221929609516)	(33000, 28.77716161575235)	(34000, 28.44660248663937)	(35000, 28.974542857142882)	(36000, 27.83867802393688)	(37000, 28.699132667399816)	(38000, 28.270187425181437)	(39000, 28.040330484330475)	(40000, 28.805507396878482)	(41000, 30.404306888763397)	(42000, 29.794527610693383)	(43000, 29.867718522409024)	(44000, 28.949350949050963)	(45000, 28.708794444444443)	(46000, 28.25382142857143)	(47000, 29.52552380952379)	(48000, 30.743416666666665)	(49000, 29.5505)	(50000, 31.144)	(51000, 28.112)	(52000, 25.40963855421687)												
FAY99780_pass_barcode01_98e12ebb_5ad7f319_8	(1, 29.375)	(2, 28.147727272727273)	(3, 29.751420454545453)	(4, 30.240767045454547)	(5, 30.599431818181817)	(6, 30.675426136363637)	(7, 30.828835227272727)	(8, 30.610795454545453)	(9, 30.52840909090909)	(10, 29.317050579223967)	(2000, 29.1900843123766)	(4000, 29.1274780813062)	(6000, 28.9177247731975)	(8000, 28.835292427312766)	(10000, 28.982102405564344)	(12000, 28.681082892151732)	(14000, 28.78181427775043)	(16000, 28.295653909241686)	(18000, 28.388008109064344)	(20000, 28.024562041101376)	(22000, 28.45934759589194)	(24000, 27.784285475837194)	(26000, 27.46441575366474)	(28000, 27.647559238440337)	(30000, 27.52374722650145)	(32000, 26.74731681340489)	(34000, 26.265930129770624)	(36000, 25.18774750961903)	(38000, 24.775666955797487)	(40000, 25.97515142147996)	(42000, 25.843879627799772)	(44000, 24.177380145304053)	(46000, 25.099750582750552)	(48000, 24.46452474747473)	(50000, 23.786993055555556)	(52000, 23.361497619047626)	(54000, 20.887666666666696)	(56000, 21.274666666666665)	(58000, 13.3795)	(60000, 13.6035)	(62000, 14.5095)	(64000, 16.866)	(66000, 32.54)	(68000, 31.498)	(70000, 32.21052631578947)																													
FAY99780_pass_barcode01_98e12ebb_5ad7f319_80	(1, 28.55885850178359)	(2, 27.019024970273485)	(3, 28.33412604042806)	(4, 28.81450653983353)	(5, 29.51961950059453)	(6, 30.222354340071345)	(7, 30.128418549346016)	(8, 30.156956004756243)	(9, 30.391200951248514)	(10, 29.082047921180674)	(2000, 29.187082049002935)	(4000, 29.180186375497918)	(6000, 29.186945751261746)	(8000, 29.248101365683898)	(10000, 29.70996319101985)	(12000, 29.927107119741528)	(14000, 29.903997534298554)	(16000, 29.908181442876202)	(18000, 29.936348627285362)	(20000, 30.309131082895505)	(22000, 30.210038246841265)	(24000, 30.012395094919363)	(26000, 29.43380600093131)	(28000, 29.38679814127248)	(30000, 29.1539047282238)	(32000, 29.178330181360412)	(34000, 28.676182629691148)	(36000, 27.84133442622953)	(38000, 27.00361944876005)	(40000, 26.31298447239691)	(42000, 26.469225540780112)	(44000, 26.26194913321275)	(46000, 25.710946424104304)	(48000, 25.150965249662608)	(50000, 24.5554665815639)	(52000, 23.457585966699728)	(54000, 23.35824419771572)	(56000, 22.942507757387528)	(58000, 21.983970676691747)	(60000, 20.012217750257978)	(62000, 19.16639987745099)	(64000, 18.43916804029306)	(66000, 18.8645)	(68000, 18.678856060606044)	(70000, 18.006532828282847)	(72000, 16.866999999999955)	(74000, 17.487492063492063)	(76000, 17.970661904761904)	(78000, 16.76834999999998)	(80000, 12.968)	(82000, 12.44)	(84000, 13.35125)	(86000, 12.600125)	(88000, 13.5925)	(90000, 13.92425)	(92000, 13.818375)	(94000, 13.25133333333332)	(96000, 13.876666666666688)	(98000, 12.1715)	(100000, 13.267)	(102000, 11.6495)	(104000, 12.251)	(106000, 13.103)	(108000, 12.619)	(110000, 12.954)	(112000, 10.911)	(114000, 12.5195)	(116000, 11.235576923076923)						
FAY99780_pass_barcode01_98e12ebb_5ad7f319_81	(1, 29.27690288713911)	(2, 27.9501312335958)	(3, 29.989501312335957)	(4, 30.18503937007874)	(5, 30.68241469816273)	(6, 30.863517060367453)	(7, 30.694225721784775)	(8, 30.670603674540683)	(9, 30.08530183727034)	(10, 28.86148638014826)	(1000, 29.17043550333606)	(2000, 28.90718672783635)	(3000, 29.143077554180206)	(4000, 29.40341200067646)	(5000, 29.117373972611837)	(6000, 29.035347460568683)	(7000, 29.223503619285758)	(8000, 29.411211610923193)	(9000, 29.394156686998326)	(10000, 29.84540513159995)	(11000, 29.37263842450208)	(12000, 29.13912493811596)	(13000, 29.36417710461522)	(14000, 28.74529415061836)	(15000, 28.849044980826065)	(16000, 28.517332334185113)	(17000, 28.78722613967271)	(18000, 28.4224112027907)	(19000, 28.397856865066352)	(20000, 28.73982461188803)	(21000, 28.687199216500215)	(22000, 28.95335597999234)	(23000, 28.35100954672511)	(24000, 28.616300918594256)	(25000, 28.530500149038907)	(26000, 28.203459302325577)	(27000, 27.679410382560075)	(28000, 28.06609498859764)	(29000, 28.827049936338135)	(30000, 29.342284090909082)	(31000, 29.311749942396293)	(32000, 29.120601518111513)	(33000, 29.024923913043462)	(34000, 29.66019762845852)	(35000, 29.300797622844968)	(36000, 28.833254493464054)	(37000, 26.121965476190415)	(38000, 26.78294863469863)	(39000, 28.09609999999997)	(40000, 28.92050000000001)	(41000, 31.958850793650797)	(42000, 30.177523809523823)	(43000, 31.510200000000033)	(44000, 30.492900000000002)	(45000, 30.4115)	(46000, 31.305083333333325)	(47000, 28.47766666666667)	(48000, 27.175)	(49000, 27.9)															
FAY99780_pass_barcode01_98e12ebb_5ad7f319_82	(1, 28.92240300375469)	(2, 27.7459324155194)	(3, 29.509386733416772)	(4, 29.938673341677095)	(5, 30.242803504380475)	(6, 30.586983729662077)	(7, 30.103879849812266)	(8, 30.00375469336671)	(9, 30.220275344180227)	(10, 28.87986423279936)	(1000, 29.07691734913336)	(2000, 29.160445358296876)	(3000, 29.30637894999928)	(4000, 29.20721079785435)	(5000, 28.977505097922947)	(6000, 28.977021407680294)	(7000, 29.048621314857694)	(8000, 28.94963483138288)	(9000, 29.15267390579456)	(10000, 29.043255173513238)	(11000, 28.987361242858267)	(12000, 29.0274003677238)	(13000, 29.069010760888762)	(14000, 29.016037627812008)	(15000, 29.160918288140135)	(16000, 28.947267256933817)	(17000, 28.71979990985618)	(18000, 28.5407001829603)	(19000, 28.873347931976763)	(20000, 28.884776444419114)	(21000, 28.66714528753962)	(22000, 28.35605824272553)	(23000, 28.419082598165428)	(24000, 27.7305697984661)	(25000, 28.200298428022794)	(26000, 27.229810292952603)	(27000, 28.368442060380723)	(28000, 28.971241700122487)	(29000, 28.857871593658434)	(30000, 29.05486070367537)	(31000, 28.89301670943304)	(32000, 28.312055876900278)	(33000, 27.17840260045195)	(34000, 28.676119999999962)	(35000, 28.187126330698323)	(36000, 29.70077705627704)	(37000, 30.399023642439374)	(38000, 29.366295238095212)	(39000, 29.695033333333313)	(40000, 30.726700000000008)	(41000, 30.77007023809524)	(42000, 29.534142857142857)	(43000, 29.41397142857145)	(44000, 26.383666666666677)	(45000, 24.8385)	(46000, 24.903)	(47000, 23.908)	(48000, 25.331)	(49000, 25.49044585987261)															
FAY99780_pass_barcode01_98e12ebb_5ad7f319_83	(1, 28.737024221453286)	(2, 27.528258362168398)	(3, 29.312572087658594)	(4, 29.622837370242216)	(5, 30.158016147635525)	(6, 30.358708189158016)	(7, 30.124567474048444)	(8, 29.8719723183391)	(9, 29.988465974625143)	(10, 28.938017641464015)	(2000, 29.11316124889114)	(4000, 28.934178225389367)	(6000, 28.919109771016938)	(8000, 29.29238751143536)	(10000, 29.314786848676697)	(12000, 29.385209001063668)	(14000, 29.096575017453876)	(16000, 29.26216866344742)	(18000, 29.306833884647162)	(20000, 29.376841975741133)	(22000, 29.116613754609446)	(24000, 29.013994313720705)	(26000, 28.71348800432114)	(28000, 28.02329118640764)	(30000, 27.967411674641152)	(32000, 28.355809726304646)	(34000, 27.22543782921008)	(36000, 28.244136898883863)	(38000, 28.729347041783466)	(40000, 29.174214151518015)	(42000, 29.167736962775113)	(44000, 28.833483026259305)	(46000, 28.12412647058816)	(48000, 27.953263911110653)	(50000, 28.720809745649113)	(52000, 27.955429851308093)	(54000, 28.036448701410386)	(56000, 29.097259546948074)	(58000, 29.79839543650798)	(60000, 28.682190476190478)	(62000, 26.006641666666646)	(64000, 28.656875)	(66000, 27.264125)	(68000, 29.183333333333362)	(70000, 28.21925)	(72000, 30.158)	(74000, 31.7405)	(76000, 30.563)	(78000, 27.6455)	(80000, 31.906)	(82000, 27.679)	(84000, 28.502)	(86000, 29.4425)	(88000, 28.469)	(90000, 31.341)	(92000, 30.1915)	(94000, 29.951)	(96000, 32.3925)	(98000, 30.835)	(100000, 28.9935)	(102000, 28.9425)	(104000, 27.734728033472802)												
FAY99780_pass_barcode01_98e12ebb_5ad7f319_84	(1, 27.941576086956523)	(2, 26.691576086956523)	(3, 28.505434782608695)	(4, 29.04891304347826)	(5, 29.845108695652176)	(6, 30.059782608695652)	(7, 30.085597826086957)	(8, 29.721467391304348)	(9, 29.237771739130434)	(10, 28.218132966642372)	(1000, 28.439342008097828)	(2000, 28.54234014629239)	(3000, 28.49140353831015)	(4000, 28.807927801662935)	(5000, 28.766650994663618)	(6000, 28.828787619236802)	(7000, 28.687765839564605)	(8000, 28.592907714755214)	(9000, 28.99551480670581)	(10000, 28.804026354906384)	(11000, 28.900189810092908)	(12000, 28.988499986465577)	(13000, 29.34214975175196)	(14000, 28.900180619862105)	(15000, 28.69871688453802)	(16000, 28.98171295926018)	(17000, 28.36387460956783)	(18000, 28.163267938694982)	(19000, 28.69842251238065)	(20000, 28.261211817446416)	(21000, 28.184491820657247)	(22000, 27.886963061366952)	(23000, 27.638283873122063)	(24000, 28.069121109498468)	(25000, 28.182159823929656)	(26000, 28.708800595238056)	(27000, 27.94252043186419)	(28000, 28.30908053102123)	(29000, 27.76005129439455)	(30000, 28.0355839260313)	(31000, 28.24783702147524)	(32000, 28.375519496434936)	(33000, 28.851352792454612)	(34000, 28.35914925729443)	(35000, 28.411228978919652)	(36000, 28.446636363636376)	(37000, 27.179022077922067)	(38000, 26.389071568627447)	(39000, 26.611187500000007)	(40000, 27.004998214285724)	(41000, 25.999879120879076)	(42000, 26.000412587412576)	(43000, 25.766946464646487)	(44000, 24.61440277777778)	(45000, 25.649553571428577)	(46000, 23.991976190476166)	(47000, 22.6014)	(48000, 21.62421666666665)	(49000, 12.265)	(50000, 15.275)	(51000, 12.735)	(52000, 11.035)	(53000, 11.805)											
FAY99780_pass_barcode01_98e12ebb_5ad7f319_85	(1, 27.797909407665504)	(2, 26.38327526132404)	(3, 28.179442508710803)	(4, 28.902439024390244)	(5, 29.653310104529616)	(6, 29.850174216027874)	(7, 29.817073170731707)	(8, 29.76306620209059)	(9, 29.470383275261323)	(10, 29.149692528192908)	(1000, 29.245275531639457)	(2000, 29.39983326424341)	(3000, 29.497510345729715)	(4000, 29.547957223960292)	(5000, 28.99328410458028)	(6000, 29.173838330218125)	(7000, 29.218062928990516)	(8000, 29.49861743121045)	(9000, 29.42292206493207)	(10000, 29.790662621998546)	(11000, 29.460389019415178)	(12000, 29.685246523921183)	(13000, 29.969758020344287)	(14000, 29.457511582538736)	(15000, 29.468813816872384)	(16000, 29.373347701823874)	(17000, 29.6420156663888)	(18000, 29.029343667809684)	(19000, 28.737837274822873)	(20000, 28.67674039515808)	(21000, 28.58779436478571)	(22000, 29.72571818181818)	(23000, 27.88775016580603)	(24000, 28.65491678155887)	(25000, 28.280122671410883)	(26000, 29.02862444439653)	(27000, 29.81104682539684)	(28000, 28.581923119658143)	(29000, 29.02447282608694)	(30000, 29.565616600790545)	(31000, 29.017491395154575)	(32000, 28.651566584967284)	(33000, 28.592375)	(34000, 28.14414583333333)	(35000, 28.947911721611753)	(36000, 27.999269230769244)	(37000, 28.51374999999999)	(38000, 26.9079393939394)	(39000, 27.657409090909105)	(40000, 28.14300000000002)	(41000, 26.9297777777778)	(42000, 27.69163888888889)	(43000, 27.024916666666684)	(44000, 24.01383333333333)	(45000, 25.084099999999996)	(46000, 25.90075)	(47000, 26.4395)	(48000, 23.416166666666673)	(49000, 22.687999999999988)	(50000, 27.79)	(51000, 31.909)	(52000, 30.078787878787878)												
FAY99780_pass_barcode01_98e12ebb_5ad7f319_86	(1, 28.71510957324106)	(2, 27.178777393310266)	(3, 29.16724336793541)	(4, 29.758938869665513)	(5, 30.106113033448672)	(6, 30.520184544405996)	(7, 30.251441753171857)	(8, 30.298731257208765)	(9, 29.899653979238753)	(10, 29.271027253434905)	(1000, 29.39722610973864)	(2000, 29.360777067602715)	(3000, 29.391248103245612)	(4000, 29.113374614918765)	(5000, 29.209976259388835)	(6000, 29.328674062208698)	(7000, 29.342348024159055)	(8000, 29.473319329279676)	(9000, 29.37026179138162)	(10000, 29.159025666971747)	(11000, 29.512555576305946)	(12000, 29.445986416992596)	(13000, 29.10952328472044)	(14000, 28.668358460093415)	(15000, 28.939458766922744)	(16000, 29.11107875125538)	(17000, 28.67928926150744)	(18000, 28.60177136299632)	(19000, 28.03276538245232)	(20000, 28.52616006177656)	(21000, 28.872288900412265)	(22000, 28.648181621954958)	(23000, 28.69845123275221)	(24000, 28.37799723145075)	(25000, 27.985032535959967)	(26000, 27.719119329738696)	(27000, 28.57040090240642)	(28000, 28.819242540322563)	(29000, 28.11585401232229)	(30000, 28.412210974967078)	(31000, 29.142727272727274)	(32000, 27.55405458722563)	(33000, 27.28149558823529)	(34000, 26.862964102564124)	(35000, 27.938910139860127)	(36000, 28.474800000000002)	(37000, 30.096069444444446)	(38000, 29.681785714285734)	(39000, 29.155714285714268)	(40000, 28.268142857142845)	(41000, 28.984404761904756)	(42000, 28.778300000000023)	(43000, 28.31559999999999)	(44000, 28.553766666666696)	(45000, 26.827666666666673)	(46000, 26.4235)	(47000, 26.478)	(48000, 27.818)	(49000, 19.41)	(50000, 25.559)	(51000, 23.619)	(52000, 23.43)	(53000, 27.295019157088124)											
FAY99780_pass_barcode01_98e12ebb_5ad7f319_87	(1, 28.832558139534882)	(2, 27.53372093023256)	(3, 29.082558139534882)	(4, 29.236046511627908)	(5, 29.53372093023256)	(6, 29.78488372093023)	(7, 29.632558139534883)	(8, 29.36046511627907)	(9, 29.254651162790697)	(10, 29.187764240726832)	(2000, 29.63409647754543)	(4000, 29.61579356031586)	(6000, 29.658535165217465)	(8000, 30.061163903812687)	(10000, 29.700507500788195)	(12000, 29.917237468777028)	(14000, 30.058331138775475)	(16000, 30.1451775146791)	(18000, 30.011127850661698)	(20000, 29.980469136864052)	(22000, 30.14760743722686)	(24000, 30.223136609789623)	(26000, 29.976850343495574)	(28000, 30.30593963360316)	(30000, 30.198694835680776)	(32000, 30.16135808615207)	(34000, 30.153251010703762)	(36000, 30.168690008851016)	(38000, 30.04907619859933)	(40000, 29.742652834301992)	(42000, 29.879197216079355)	(44000, 29.94707321585158)	(46000, 29.30159893273535)	(48000, 28.881225201467046)	(50000, 29.531180783760888)	(52000, 29.782986932511985)	(54000, 28.586440476190486)	(56000, 26.791795238095226)	(58000, 20.301250000000028)	(60000, 21.47258333333333)	(62000, 21.73475)	(64000, 22.94775)	(66000, 23.82375)	(68000, 20.577)	(70000, 17.501)	(72000, 14.2925)	(74000, 14.695)	(76000, 17.3925)	(78000, 15.543)	(80000, 15.424)	(82000, 22.5665)	(84000, 31.8985)	(86000, 28.971)	(88000, 30.1945)	(90000, 15.958)	(92000, 26.5985)	(94000, 29.4175)	(96000, 31.3755)	(98000, 33.3115)	(100000, 30.541)	(102000, 32.0055)	(104000, 34.1435)	(106000, 30.1915)	(108000, 22.98587570621469)										
FAY99780_pass_barcode01_98e12ebb_5ad7f319_88	(1, 28.615279672578446)	(2, 27.432469304229194)	(3, 29.282401091405184)	(4, 30.013642564802183)	(5, 30.48567530695771)	(6, 30.60300136425648)	(7, 30.342428376534787)	(8, 30.53888130968622)	(9, 29.96180081855389)	(10, 29.01593748541259)	(1000, 28.704006771439452)	(2000, 28.923273693540118)	(3000, 28.800556018584686)	(4000, 29.200603819096965)	(5000, 29.279315016751713)	(6000, 29.40616880518153)	(7000, 29.62777500616181)	(8000, 29.33920786728356)	(9000, 28.86680554720838)	(10000, 29.045801090223318)	(11000, 28.88429504266168)	(12000, 28.75398670037354)	(13000, 28.878612003497913)	(14000, 28.5311062753437)	(15000, 28.4332751720615)	(16000, 28.728747463746153)	(17000, 28.71898831683169)	(18000, 28.782199179679967)	(19000, 28.259106331702096)	(20000, 28.077354923760755)	(21000, 28.326962036133946)	(22000, 28.265174374825055)	(23000, 28.908919824838886)	(24000, 28.810328356140218)	(25000, 28.92573032708031)	(26000, 28.8090389590773)	(27000, 28.72717559523808)	(28000, 28.48802083333333)	(29000, 28.400737808356432)	(30000, 27.94540288002791)	(31000, 28.625872780396225)	(32000, 28.144472865722886)	(33000, 29.269317977330235)	(34000, 28.864024767378197)	(35000, 28.270416410256377)	(36000, 28.91282799265951)	(37000, 28.485769047619048)	(38000, 26.734145273109238)	(39000, 27.12330860805863)	(40000, 25.645462121212148)	(41000, 27.85970909090908)	(42000, 28.002200000000016)	(43000, 27.26607460317463)	(44000, 29.367499999999982)	(45000, 28.633)	(46000, 32.347416666666675)	(47000, 32.7585)	(48000, 30.413)	(49000, 34.782)	(50000, 37.390977443609025)														
FAY99780_pass_barcode01_98e12ebb_5ad7f319_89	(1, 28.22568578553616)	(2, 26.625935162094763)	(3, 27.66084788029925)	(4, 28.238154613466335)	(5, 28.67082294264339)	(6, 29.151061173533083)	(7, 29.187265917602996)	(8, 29.176029962546817)	(9, 28.89263420724095)	(10, 28.48759731506125)	(1000, 28.67377658554478)	(2000, 28.84003512353427)	(3000, 28.749515392750215)	(4000, 28.7827388656832)	(5000, 28.637652838950533)	(6000, 28.53529544158176)	(7000, 28.457547090894362)	(8000, 28.40261999311339)	(9000, 28.608128966754276)	(10000, 28.470039381061774)	(11000, 28.326003327053105)	(12000, 28.17942147835223)	(13000, 28.084799679759534)	(14000, 28.003940961375562)	(15000, 27.885128489245055)	(16000, 28.447073498960002)	(17000, 28.286869937631224)	(18000, 28.553242654006727)	(19000, 28.20460087141217)	(20000, 28.572781890505922)	(21000, 28.151766887338965)	(22000, 29.2222481372949)	(23000, 28.8787074769613)	(24000, 28.14789623467033)	(25000, 28.654216048265468)	(26000, 27.869960919248367)	(27000, 28.5082167197761)	(28000, 28.299516161679115)	(29000, 29.131338035838052)	(30000, 28.211847763878303)	(31000, 27.710789970337395)	(32000, 27.15371522602557)	(33000, 28.05321317725751)	(34000, 28.780025691699574)	(35000, 29.280988095238122)	(36000, 28.44181533797729)	(37000, 28.98380879120881)	(38000, 27.775662004662024)	(39000, 27.482872727272742)	(40000, 26.991436111111128)	(41000, 26.983433333333302)	(42000, 26.55325000000002)	(43000, 24.361)	(44000, 25.717)	(45000, 28.96266666666668)	(46000, 28.692666666666664)	(47000, 29.143166666666666)	(48000, 27.3325)	(49000, 25.186)	(50000, 25.885)	(51000, 24.213)	(52000, 23.33)	(53000, 24.518)	(54000, 26.908)	(55000, 26.356)	(56000, 23.37359900373599)								
FAY99780_pass_barcode01_98e12ebb_5ad7f319_9	(1, 29.48381128584644)	(2, 28.38945420906568)	(3, 30.246993524514338)	(4, 30.561517113783534)	(5, 30.76040703052729)	(6, 30.598148148148148)	(7, 30.284259259259258)	(8, 30.298148148148147)	(9, 30.14074074074074)	(10, 29.560519073658703)	(2000, 29.555898158090635)	(4000, 29.387491540085836)	(6000, 29.40786537877173)	(8000, 29.29225308861627)	(10000, 29.301280229211276)	(12000, 29.110712378514766)	(14000, 29.443689445652993)	(16000, 29.419352812498786)	(18000, 29.544798771031676)	(20000, 29.239842279358164)	(22000, 29.601758021584786)	(24000, 29.73887003270201)	(26000, 29.266763645511308)	(28000, 29.375664922693417)	(30000, 29.37916822032942)	(32000, 28.49839107482168)	(34000, 28.83098451150554)	(36000, 28.91249791385893)	(38000, 28.78510504426515)	(40000, 29.04165933049081)	(42000, 28.682979411764702)	(44000, 28.093829629460924)	(46000, 27.444307658008924)	(48000, 26.840380773756667)	(50000, 27.379159722471325)	(52000, 26.87063246974013)	(54000, 26.22401175334107)	(56000, 25.510808155368633)	(58000, 25.171988304093595)	(60000, 23.3497050236121)	(62000, 20.897063286713248)	(64000, 20.521445833333317)	(66000, 17.888026785714306)	(68000, 16.809214285714276)	(70000, 17.040357142857157)	(72000, 17.582642857142847)	(74000, 18.1297857142857)	(76000, 16.529285714285695)	(78000, 16.36435714285713)	(80000, 16.025297619047628)	(82000, 14.264666666666669)	(84000, 15.788375)	(86000, 14.491625)	(88000, 14.510124999999997)	(90000, 10.808416666666664)	(92000, 10.82725)	(94000, 11.01525)	(96000, 11.53575)	(98000, 11.15525)	(100000, 11.99475)	(102000, 11.844)	(104000, 11.62775)	(106000, 11.3985)	(108000, 10.853)	(110000, 11.292)	(112000, 11.6375)	(114000, 10.90725)	(116000, 10.915)	(118000, 10.284457478005866)					
FAY99780_pass_barcode01_98e12ebb_5ad7f319_90	(1, 28.4683698296837)	(2, 27.35036496350365)	(3, 28.927007299270073)	(4, 29.323600973236008)	(5, 29.7676399026764)	(6, 30.080291970802918)	(7, 30.1021897810219)	(8, 29.67883211678832)	(9, 29.6021897810219)	(10, 28.597935903663632)	(5000, 28.775111181703913)	(10000, 28.78580891615284)	(15000, 29.44311953090515)	(20000, 29.082132914601697)	(25000, 29.241591128024226)	(30000, 29.271421564799343)	(35000, 29.38506452248035)	(40000, 29.160994397720728)	(45000, 28.84336255405488)	(50000, 28.261780049077935)	(55000, 27.550213934539293)	(60000, 26.66544107240197)	(65000, 23.55054337995335)	(70000, 21.86508611111111)	(75000, 20.3790869047619)	(80000, 17.818766666666672)	(85000, 19.932440000000035)	(90000, 20.084823333333304)	(95000, 17.601033333333355)	(100000, 12.6305)	(105000, 13.3382)	(110000, 12.7324)	(115000, 12.918)	(120000, 11.4682)	(125000, 12.846)	(130000, 13.377)	(135000, 12.9696)	(140000, 12.5438)	(145000, 12.1184)	(150000, 12.044836379090523)																																		
FAY99780_pass_barcode01_98e12ebb_5ad7f319_91	(1, 28.316788321167884)	(2, 26.71824817518248)	(3, 28.472992700729925)	(4, 28.643795620437956)	(5, 29.173722627737227)	(6, 29.296350364963505)	(7, 29.074452554744525)	(8, 29.23941605839416)	(9, 29.1985401459854)	(10, 28.720624537935304)	(1000, 29.036469888550876)	(2000, 28.652134527587553)	(3000, 28.667930275776644)	(4000, 28.646389855771957)	(5000, 28.625625233112544)	(6000, 28.590169344200845)	(7000, 28.559453866796986)	(8000, 28.73984902911366)	(9000, 28.828252178962305)	(10000, 28.767694970902316)	(11000, 28.857381908594064)	(12000, 28.842651445195823)	(13000, 28.88249187102018)	(14000, 28.83930885017922)	(15000, 28.917973089595744)	(16000, 28.47638103713745)	(17000, 28.60275599639558)	(18000, 28.506408225189016)	(19000, 28.342529712958502)	(20000, 28.00896741992952)	(21000, 28.32222246913544)	(22000, 28.502652747915004)	(23000, 28.253936053876686)	(24000, 28.37417950640301)	(25000, 28.152711413635092)	(26000, 28.008427106159363)	(27000, 28.46860784313727)	(28000, 28.642987731349688)	(29000, 27.47412457793302)	(30000, 28.2269271047727)	(31000, 28.49830104588396)	(32000, 27.814349819368257)	(33000, 26.94885714285712)	(34000, 26.9980753965321)	(35000, 27.453480278023374)	(36000, 27.304580917415933)	(37000, 27.978401676986586)	(38000, 28.067245833333338)	(39000, 28.794142490842493)	(40000, 29.1046188811189)	(41000, 28.31579090909092)	(42000, 27.808200000000028)	(43000, 27.9953023809524)	(44000, 26.892904761904788)	(45000, 26.368766666666684)	(46000, 23.41960000000003)	(47000, 25.94419999999998)	(48000, 26.703300000000024)	(49000, 23.015166666666662)	(50000, 15.946)	(51000, 19.206)	(52000, 21.883)	(53000, 18.32)	(54000, 21.403)	(55000, 18.196)	(56000, 18.013)	(57000, 20.344)	(58000, 21.337)	(59000, 20.760670731707318)					
FAY99780_pass_barcode01_98e12ebb_5ad7f319_92	(1, 29.2090395480226)	(2, 28.14830508474576)	(3, 29.5635593220339)	(4, 29.661016949152543)	(5, 29.918079096045197)	(6, 30.48870056497175)	(7, 30.35169491525424)	(8, 30.316384180790962)	(9, 30.49858757062147)	(10, 28.85824075851263)	(1000, 28.999304870135987)	(2000, 29.03964259998822)	(3000, 29.13432238528178)	(4000, 28.744921786158635)	(5000, 28.69838930169714)	(6000, 29.060820351590493)	(7000, 28.727439808938623)	(8000, 29.093165080663688)	(9000, 28.99803733689144)	(10000, 29.453754208562692)	(11000, 29.219302021957212)	(12000, 29.236350826271384)	(13000, 29.433373056745122)	(14000, 29.304506226504543)	(15000, 29.068124770579328)	(16000, 28.96739356476937)	(17000, 29.06882987290498)	(18000, 29.306443380090386)	(19000, 29.88914648020541)	(20000, 29.344437028555152)	(21000, 29.146093303323198)	(22000, 29.477925860678003)	(23000, 29.386581526925006)	(24000, 29.321248232201388)	(25000, 28.478529958568476)	(26000, 28.700289682539662)	(27000, 28.45907310924368)	(28000, 27.820967707794264)	(29000, 28.050323572166416)	(30000, 28.791782608695623)	(31000, 28.034471202710346)	(32000, 27.702842235490696)	(33000, 28.170683333333326)	(34000, 28.147247619047626)	(35000, 27.750725274725283)	(36000, 27.889116666666677)	(37000, 28.695500000000035)	(38000, 29.475533333333317)	(39000, 30.306527777777774)	(40000, 28.9864642857143)	(41000, 31.466142857142856)	(42000, 30.628233333333338)	(43000, 31.216450000000012)	(44000, 30.69875)	(45000, 32.916750000000015)	(46000, 26.443)	(47000, 32.714285714285715)																	
FAY99780_pass_barcode01_98e12ebb_5ad7f319_93	(1, 28.425981873111784)	(2, 27.438066465256796)	(3, 29.12537764350453)	(4, 29.764350453172206)	(5, 30.410876132930515)	(6, 30.599697885196374)	(7, 30.444108761329304)	(8, 30.37462235649547)	(9, 30.39274924471299)	(10, 28.3157654264717)	(1000, 28.566919669375483)	(2000, 28.329697380246877)	(3000, 28.62825299144151)	(4000, 28.474967553256974)	(5000, 28.574902672357386)	(6000, 28.644984426462944)	(7000, 28.345135245988292)	(8000, 28.537043958684976)	(9000, 28.85786957347799)	(10000, 28.88332641701771)	(11000, 28.572425964964378)	(12000, 28.28165261044184)	(13000, 28.461564128348652)	(14000, 28.577085539606102)	(15000, 28.66179122179112)	(16000, 28.76678882651694)	(17000, 28.961867578659376)	(18000, 28.636215428634003)	(19000, 28.98100937056513)	(20000, 29.21270927064102)	(21000, 28.856611692779094)	(22000, 29.136840993059884)	(23000, 28.919446721311466)	(24000, 28.96588803346253)	(25000, 28.828688543277366)	(26000, 29.220694500529167)	(27000, 28.788036885465935)	(28000, 28.81068466898957)	(29000, 29.413703744205346)	(30000, 28.801699928431812)	(31000, 28.136718053274983)	(32000, 28.92822507122506)	(33000, 29.852872307692305)	(34000, 27.842009999999995)	(35000, 28.003256225296447)	(36000, 30.147786842105248)	(37000, 28.764326710299528)	(38000, 28.41247960372961)	(39000, 28.04175454545455)	(40000, 28.406311111111123)	(41000, 28.3151111111111)	(42000, 27.42286111111111)	(43000, 29.896503571428582)	(44000, 29.791400000000014)	(45000, 32.97131666666667)	(46000, 31.270333333333326)	(47000, 27.9615)	(48000, 29.810408921933085)																
FAY99780_pass_barcode01_98e12ebb_5ad7f319_94	(1, 28.84577922077922)	(2, 27.54707792207792)	(3, 28.556818181818183)	(4, 28.43831168831169)	(5, 28.836038961038962)	(6, 28.897727272727273)	(7, 28.98538961038961)	(8, 29.1739837398374)	(9, 29.209756097560977)	(10, 28.641645783407572)	(2000, 29.096779773366954)	(4000, 28.826692555734223)	(6000, 28.90506704062073)	(8000, 29.003335498454888)	(10000, 28.98911373757764)	(12000, 29.050720951418775)	(14000, 28.960268892803878)	(16000, 29.119213207729793)	(18000, 29.238315817624287)	(20000, 29.396760013764172)	(22000, 29.064322629665302)	(24000, 29.0607289063171)	(26000, 28.774996986806276)	(28000, 28.93647408139217)	(30000, 28.563177273807266)	(32000, 28.660295841763023)	(34000, 29.25438358472997)	(36000, 29.13782053219847)	(38000, 29.448045984439567)	(40000, 28.435070034503784)	(42000, 28.12526125205548)	(44000, 27.293867575038977)	(46000, 26.688729283795052)	(48000, 27.461207837797954)	(50000, 26.204621518745313)	(52000, 26.675567807735682)	(54000, 25.981669736842136)	(56000, 25.48695751633987)	(58000, 24.831649999999993)	(60000, 24.380456410256443)	(62000, 25.14679722222217)	(64000, 24.759722222222162)	(66000, 24.20164583333335)	(68000, 22.515252976190485)	(70000, 20.252191666666683)	(72000, 15.876333333333335)	(74000, 12.9335)	(76000, 13.25675)	(78000, 12.5635)	(80000, 13.205)	(82000, 12.8075)	(84000, 13.397390272835112)																						
FAY99780_pass_barcode01_98e12ebb_5ad7f319_95	(1, 29.14368650217707)	(2, 27.43831640058055)	(3, 29.0711175616836)	(4, 29.734397677793904)	(5, 30.378809869375907)	(6, 30.573294629898403)	(7, 30.245283018867923)	(8, 30.20899854862119)	(9, 29.97822931785196)	(10, 28.953376312882522)	(1000, 29.256150603018018)	(2000, 28.821054450946516)	(3000, 28.808583290600737)	(4000, 28.835124975072933)	(5000, 29.02355538134819)	(6000, 29.17014042549803)	(7000, 29.10178918222538)	(8000, 28.849585457594753)	(9000, 28.732785762061273)	(10000, 28.798077555752087)	(11000, 28.389131959160256)	(12000, 28.837119868556528)	(13000, 28.31325035097425)	(14000, 28.25023197787756)	(15000, 28.58353308100607)	(16000, 28.293840763551206)	(17000, 28.481389633955914)	(18000, 28.32575217447271)	(19000, 28.307410327053894)	(20000, 28.65356613247001)	(21000, 27.934918429084586)	(22000, 28.981471935162155)	(23000, 28.326811344537774)	(24000, 28.41925584893046)	(25000, 28.014513978494584)	(26000, 28.462359174350546)	(27000, 27.25709384615387)	(28000, 28.686465500658734)	(29000, 28.88603223187201)	(30000, 27.842588235294112)	(31000, 28.183625)	(32000, 26.244994047619066)	(33000, 26.38821978021976)	(34000, 28.370983916083937)	(35000, 28.978258333333372)	(36000, 29.188464285714296)	(37000, 28.317428571428596)	(38000, 29.98771428571425)	(39000, 30.45228571428569)	(40000, 28.835)	(41000, 29.67729047619044)	(42000, 28.185816666666664)	(43000, 30.04066666666667)	(44000, 35.468)	(45000, 35.0)																			
FAY99780_pass_barcode01_98e12ebb_5ad7f319_96	(1, 28.407608695652176)	(2, 27.01086956521739)	(3, 28.82201086956522)	(4, 29.095108695652176)	(5, 29.755434782608695)	(6, 30.148097826086957)	(7, 30.33695652173913)	(8, 30.195652173913043)	(9, 30.039402173913043)	(10, 28.556817862697542)	(1000, 28.594931266724533)	(2000, 28.34317424191806)	(3000, 28.41967910195013)	(4000, 28.869788659889046)	(5000, 28.652705563234086)	(6000, 28.935917883695737)	(7000, 28.710049011934625)	(8000, 28.419244352518607)	(9000, 28.932204177602028)	(10000, 28.683042480782127)	(11000, 29.20001655657016)	(12000, 28.991098793449346)	(13000, 28.131300990888214)	(14000, 28.084493426042645)	(15000, 28.178909249702286)	(16000, 28.438688314431868)	(17000, 28.23102494378954)	(18000, 28.06729405710247)	(19000, 28.640100070132405)	(20000, 28.46357615839714)	(21000, 28.38278741360978)	(22000, 28.395724211148718)	(23000, 28.24271992434837)	(24000, 27.906259106010275)	(25000, 28.00044098931664)	(26000, 27.72870839260313)	(27000, 27.62914939435231)	(28000, 28.7227549019608)	(29000, 27.99090909090907)	(30000, 28.047537970430117)	(31000, 27.83411023359288)	(32000, 28.125082257921985)	(33000, 28.47852380952381)	(34000, 28.18917280701757)	(35000, 27.655947368421103)	(36000, 27.58022222222222)	(37000, 27.92124019607843)	(38000, 27.68310892857141)	(39000, 27.744417582417572)	(40000, 27.342577505827506)	(41000, 26.04896363636362)	(42000, 26.082588888888903)	(43000, 24.808458333333327)	(44000, 24.932714285714308)	(45000, 24.142345238095235)	(46000, 18.321250000000003)	(47000, 17.81333333333337)	(48000, 21.519833333333334)	(49000, 28.274)	(50000, 23.956)	(51000, 25.483)	(52000, 23.489)	(53000, 25.541)	(54000, 24.942)	(55000, 23.329)	(56000, 25.72927241962775)								
FAY99780_pass_barcode01_98e12ebb_5ad7f319_97	(1, 28.85377358490566)	(2, 27.49685534591195)	(3, 29.32075471698113)	(4, 29.602201257861637)	(5, 30.5)	(6, 30.70125786163522)	(7, 30.18553459119497)	(8, 30.437106918238992)	(9, 30.09119496855346)	(10, 28.61985316841866)	(1000, 28.976735055488163)	(2000, 28.997849755709215)	(3000, 28.84611989452447)	(4000, 28.84421946393115)	(5000, 29.024169093987297)	(6000, 28.577746613687832)	(7000, 28.729609619387148)	(8000, 28.652861211333658)	(9000, 28.881127428127407)	(10000, 29.040005426699157)	(11000, 29.15583498485548)	(12000, 28.930779435468484)	(13000, 29.46142534987023)	(14000, 29.192824150421146)	(15000, 28.96581293886633)	(16000, 28.84639672396583)	(17000, 29.119834438711155)	(18000, 29.03959697420635)	(19000, 28.885446924822777)	(20000, 28.497066414703298)	(21000, 28.575006875077094)	(22000, 27.956056513605457)	(23000, 28.710803461301214)	(24000, 29.15204928863968)	(25000, 28.24995725630014)	(26000, 28.569839137948073)	(27000, 28.62257149066361)	(28000, 28.0838462184874)	(29000, 28.650348707664886)	(30000, 28.304391540865506)	(31000, 27.854428571428585)	(32000, 27.97617806267807)	(33000, 28.53602010590857)	(34000, 26.67936363636366)	(35000, 27.954107136044193)	(36000, 28.10150549450549)	(37000, 28.009450699300736)	(38000, 29.973300000000002)	(39000, 28.216108333333338)	(40000, 28.881375)	(41000, 27.44913095238092)	(42000, 25.53708333333333)	(43000, 27.66899999999999)	(44000, 26.64633333333335)	(45000, 25.957)	(46000, 28.4595)	(47000, 29.432)	(48000, 20.293)	(49000, 24.08355795148248)															
FAY99780_pass_barcode01_98e12ebb_5ad7f319_98	(1, 27.21470588235294)	(2, 25.688235294117646)	(3, 27.516176470588235)	(4, 28.136764705882353)	(5, 28.644117647058824)	(6, 28.78235294117647)	(7, 28.41029411764706)	(8, 28.775)	(9, 28.71470588235294)	(10, 28.081021951839315)	(1000, 28.12819310090522)	(2000, 28.032164028023736)	(3000, 27.87165145261564)	(4000, 28.0317469222571)	(5000, 27.440125923606058)	(6000, 27.936002699346382)	(7000, 27.944391499004617)	(8000, 27.838343192611468)	(9000, 28.09095327615866)	(10000, 27.871408395590606)	(11000, 28.320462225049717)	(12000, 27.852674629190858)	(13000, 28.111843180712814)	(14000, 28.06787007648136)	(15000, 28.062970192689303)	(16000, 27.98143381971281)	(17000, 27.556497467851727)	(18000, 27.521122646027038)	(19000, 27.702546420665307)	(20000, 28.198997764644314)	(21000, 28.59898633398784)	(22000, 28.216083859226924)	(23000, 28.784599954741445)	(24000, 28.58626584479214)	(25000, 28.336500420168043)	(26000, 28.41339371657753)	(27000, 27.438625533330672)	(28000, 27.799006223213215)	(29000, 27.76504545454541)	(30000, 28.564917088174973)	(31000, 28.56331578947371)	(32000, 28.617543859649118)	(33000, 28.135929516806712)	(34000, 27.446721611721628)	(35000, 26.94330151515152)	(36000, 27.28370277777778)	(37000, 27.401875)	(38000, 26.873357142857163)	(39000, 26.511857142857156)	(40000, 26.339714285714273)	(41000, 26.3935714285714)	(42000, 26.898000000000003)	(43000, 26.273738095238073)	(44000, 25.326000000000036)	(45000, 27.80436666666671)	(46000, 27.720799999999986)	(47000, 28.013999999999992)	(48000, 25.776)	(49000, 22.969)	(50000, 25.414)	(51000, 23.208)	(52000, 25.024)	(53000, 20.274119448698315)											
FAY99780_pass_barcode01_98e12ebb_5ad7f319_99	(1, 28.656207366984994)	(2, 27.57844474761255)	(3, 28.911323328785812)	(4, 29.272851296043655)	(5, 29.714870395634378)	(6, 30.083219645293315)	(7, 30.0450204638472)	(8, 30.234652114597544)	(9, 29.89631650750341)	(10, 28.51558727390997)	(2000, 28.91130825135697)	(4000, 28.911590647589975)	(6000, 28.714662759426822)	(8000, 28.512848149200092)	(10000, 28.608262360754317)	(12000, 28.753660029416302)	(14000, 28.56784764010541)	(16000, 28.38927476495871)	(18000, 28.311207829848925)	(20000, 28.243700576825166)	(22000, 28.71310063834247)	(24000, 28.502133352724844)	(26000, 28.596672638077845)	(28000, 27.965571006714004)	(30000, 28.468121664600368)	(32000, 28.443412790610626)	(34000, 28.625634793590503)	(36000, 28.295474793468717)	(38000, 28.421819256315825)	(40000, 28.071001403103445)	(42000, 28.152938583243078)	(44000, 27.723513059411932)	(46000, 26.192852741702794)	(48000, 26.64209886536686)	(50000, 25.718832194705367)	(52000, 24.549686400041587)	(54000, 23.7545905787754)	(56000, 23.942948006160524)	(58000, 21.039483838383827)	(60000, 19.86647222222222)	(62000, 19.35071428571426)	(64000, 19.281142857142846)	(66000, 15.918097619047622)	(68000, 15.454599999999976)	(70000, 14.884799999999972)	(72000, 13.072550000000001)	(74000, 11.6415)	(76000, 12.3615)	(78000, 11.042541666666672)	(80000, 12.163)	(82000, 11.79425)	(84000, 11.8155)	(86000, 10.61025)	(88000, 12.213958060288336)																				
