Sample	0	1	2	3	4	5	6	7	8	9	10	11	12	13	14	15	16	17	18	19	20	21	22	23	24	25	26	27	28	29	30	31	32	33	34	35	36	37	38	39	40	41	42	43	44	45	46	47	48	49	50	51	52	53	54	55	56	57	58	59	60	61	62	63	64	65	66	67	68	69	70	71	72	73	74	75	76	77	78	79	80	81	82	83	84	85	86	87	88	89	90	91	92	93	94	95	96	97	98	99	100
FAY99780_pass_barcode01_98e12ebb_5ad7f319_0	(0.0, 0.0)	(1.0, 0.0)	(2.0, 0.0)	(3.0, 0.0)	(4.0, 0.0)	(5.0, 0.0)	(6.0, 0.0)	(7.0, 0.0)	(8.0, 0.0)	(9.0, 0.0)	(10.0, 0.0)	(11.0, 0.0)	(12.0, 0.0)	(13.0, 0.0)	(14.0, 0.0)	(15.0, 0.0)	(16.0, 0.0)	(17.0, 0.0)	(18.0, 0.0)	(19.0, 0.0)	(20.0, 0.0)	(21.0, 0.0)	(22.0, 0.0)	(23.0, 0.0)	(24.0, 0.0)	(25.0, 0.0)	(26.0, 0.3333333333333333)	(27.0, 1.1792398777692894)	(28.0, 1.3383186705767351)	(29.0, 1.1972204887076467)	(30.0, 3.5451625971486678)	(31.0, 2.7179663975928823)	(32.0, 2.6716213101851216)	(33.0, 2.742750310923868)	(34.0, 4.029399105223628)	(35.0, 7.106275725146298)	(36.0, 9.134494440052876)	(37.0, 11.840553958016155)	(38.0, 12.806910142660112)	(39.0, 10.604529967570949)	(40.0, 11.118987120118927)	(41.0, 6.978743127478059)	(42.0, 4.702898366510022)	(43.0, 5.580650064137637)	(44.0, 2.6166666666666667)	(45.0, 2.207575757575757)	(46.0, 2.7222222222222223)	(47.0, 1.2916666666666665)	(48.0, 0.5)	(49.0, 0.0)	(50.0, 0.7575757575757576)	(51.0, 0.4242424242424242)	(52.0, 0.3333333333333333)	(53.0, 0.3333333333333333)	(54.0, 0.0)	(55.0, 0.0)	(56.0, 0.0)	(57.0, 0.0)	(58.0, 0.0)	(59.0, 0.0)	(60.0, 0.0)	(61.0, 0.0)	(62.0, 0.0)	(63.0, 0.0)	(64.0, 0.0)	(65.0, 0.0)	(66.0, 0.0)	(67.0, 0.0)	(68.0, 0.0)	(69.0, 0.0)	(70.0, 0.2)	(71.0, 0.3333333333333333)	(72.0, 0.3333333333333333)	(73.0, 0.0)	(74.0, 0.0)	(75.0, 0.0)	(76.0, 0.0)	(77.0, 0.0)	(78.0, 0.0)	(79.0, 0.0)	(80.0, 0.0)	(81.0, 0.0)	(82.0, 0.0)	(83.0, 0.0)	(84.0, 0.0)	(85.0, 0.0)	(86.0, 0.0)	(87.0, 0.0)	(88.0, 0.0)	(89.0, 0.0)	(90.0, 0.0)	(91.0, 0.0)	(92.0, 0.0)	(93.0, 0.0)	(94.0, 0.0)	(95.0, 0.0)	(96.0, 0.0)	(97.0, 0.0)	(98.0, 0.0)	(99.0, 0.0)	(100.0, 0.0)
FAY99780_pass_barcode01_98e12ebb_5ad7f319_1	(0.0, 1.0)	(1.0, 1.0)	(2.0, 1.0)	(3.0, 0.5)	(4.0, 0.0)	(5.0, 0.0)	(6.0, 0.0)	(7.0, 0.0)	(8.0, 0.0)	(9.0, 0.0)	(10.0, 0.0)	(11.0, 0.0)	(12.0, 0.0)	(13.0, 0.0)	(14.0, 0.0)	(15.0, 0.0)	(16.0, 0.0)	(17.0, 0.0)	(18.0, 0.0)	(19.0, 0.0)	(20.0, 0.0)	(21.0, 0.0)	(22.0, 0.0)	(23.0, 0.26666666666666666)	(24.0, 0.25396825396825395)	(25.0, 0.4242424242424242)	(26.0, 0.13852813852813853)	(27.0, 0.6790386705258288)	(28.0, 1.6247915664582329)	(29.0, 1.6683450140867173)	(30.0, 1.3964938482354896)	(31.0, 1.9575562031046003)	(32.0, 2.343381418114669)	(33.0, 6.386129760465131)	(34.0, 8.920825159406974)	(35.0, 8.329338724639973)	(36.0, 12.833193118263319)	(37.0, 17.59501677509981)	(38.0, 16.573046493728082)	(39.0, 16.74538448511297)	(40.0, 14.522943521718872)	(41.0, 11.68361728548754)	(42.0, 8.709897556719545)	(43.0, 6.414617371875435)	(44.0, 4.10002094679514)	(45.0, 4.4678571428571425)	(46.0, 3.25)	(47.0, 1.5290123456790123)	(48.0, 1.5353535353535352)	(49.0, 1.3333333333333333)	(50.0, 1.380952380952381)	(51.0, 1.0)	(52.0, 0.6666666666666666)	(53.0, 0.9166666666666665)	(54.0, 0.0)	(55.0, 0.0)	(56.0, 0.0)	(57.0, 0.0)	(58.0, 0.0)	(59.0, 0.0)	(60.0, 0.0)	(61.0, 0.0)	(62.0, 0.0)	(63.0, 0.0)	(64.0, 0.0)	(65.0, 0.0)	(66.0, 0.0)	(67.0, 0.0)	(68.0, 0.0)	(69.0, 0.0)	(70.0, 0.0)	(71.0, 0.0)	(72.0, 0.0)	(73.0, 0.0)	(74.0, 0.0)	(75.0, 0.0)	(76.0, 0.0)	(77.0, 0.0)	(78.0, 0.0)	(79.0, 0.0)	(80.0, 0.0)	(81.0, 0.0)	(82.0, 0.0)	(83.0, 0.0)	(84.0, 0.0)	(85.0, 0.0)	(86.0, 0.0)	(87.0, 0.0)	(88.0, 0.0)	(89.0, 0.0)	(90.0, 0.0)	(91.0, 0.0)	(92.0, 0.0)	(93.0, 0.0)	(94.0, 0.0)	(95.0, 0.0)	(96.0, 0.0)	(97.0, 0.0)	(98.0, 0.0)	(99.0, 0.0)	(100.0, 0.0)
FAY99780_pass_barcode01_98e12ebb_5ad7f319_10	(0.0, 0.0)	(1.0, 0.0)	(2.0, 0.0)	(3.0, 0.0)	(4.0, 0.0)	(5.0, 0.0)	(6.0, 0.0)	(7.0, 0.0)	(8.0, 0.0)	(9.0, 0.0)	(10.0, 0.0)	(11.0, 0.0)	(12.0, 0.0)	(13.0, 0.0)	(14.0, 0.0)	(15.0, 0.0)	(16.0, 0.0)	(17.0, 0.0)	(18.0, 0.0)	(19.0, 0.0)	(20.0, 0.0)	(21.0, 0.0)	(22.0, 0.0)	(23.0, 0.0)	(24.0, 0.0)	(25.0, 0.0)	(26.0, 0.18181818181818182)	(27.0, 0.5909090909090909)	(28.0, 2.3786506176750075)	(29.0, 1.930382162640227)	(30.0, 0.9891301657542781)	(31.0, 1.3789244922751973)	(32.0, 3.6532834674184516)	(33.0, 6.3076426443081415)	(34.0, 6.137100362068418)	(35.0, 9.3893512847561)	(36.0, 14.483562550376096)	(37.0, 17.41382007768954)	(38.0, 19.912137136550736)	(39.0, 16.770029410812207)	(40.0, 12.949232878413987)	(41.0, 10.05456414554157)	(42.0, 8.764369537424315)	(43.0, 5.280462329387061)	(44.0, 2.7551864565965976)	(45.0, 3.5247331548858263)	(46.0, 2.381818181818182)	(47.0, 1.8095238095238093)	(48.0, 1.655194805194805)	(49.0, 1.5)	(50.0, 0.7976190476190477)	(51.0, 0.3333333333333333)	(52.0, 0.0)	(53.0, 0.0)	(54.0, 0.5492424242424242)	(55.0, 0.3333333333333333)	(56.0, 0.0)	(57.0, 0.3333333333333333)	(58.0, 0.0)	(59.0, 0.0)	(60.0, 0.0)	(61.0, 0.0)	(62.0, 0.3333333333333333)	(63.0, 0.0)	(64.0, 0.0)	(65.0, 0.0)	(66.0, 0.0)	(67.0, 0.0)	(68.0, 0.0)	(69.0, 0.0)	(70.0, 0.0)	(71.0, 0.0)	(72.0, 0.5)	(73.0, 0.5)	(74.0, 0.0)	(75.0, 0.0)	(76.0, 0.0)	(77.0, 0.0)	(78.0, 0.0)	(79.0, 0.0)	(80.0, 0.0)	(81.0, 0.0)	(82.0, 0.0)	(83.0, 0.0)	(84.0, 0.0)	(85.0, 0.0)	(86.0, 0.0)	(87.0, 0.0)	(88.0, 0.0)	(89.0, 0.0)	(90.0, 0.0)	(91.0, 0.0)	(92.0, 0.0)	(93.0, 0.0)	(94.0, 0.0)	(95.0, 0.0)	(96.0, 0.0)	(97.0, 0.0)	(98.0, 0.0)	(99.0, 0.0)	(100.0, 0.0)
FAY99780_pass_barcode01_98e12ebb_5ad7f319_100	(0.0, 0.0)	(1.0, 0.0)	(2.0, 0.0)	(3.0, 0.0)	(4.0, 0.0)	(5.0, 0.0)	(6.0, 0.0)	(7.0, 0.0)	(8.0, 0.0)	(9.0, 0.0)	(10.0, 0.0)	(11.0, 0.0)	(12.0, 0.0)	(13.0, 0.0)	(14.0, 0.0)	(15.0, 0.0)	(16.0, 0.0)	(17.0, 0.0)	(18.0, 0.0)	(19.0, 0.0)	(20.0, 0.0)	(21.0, 0.0)	(22.0, 0.0)	(23.0, 0.0)	(24.0, 0.0)	(25.0, 0.0)	(26.0, 0.0)	(27.0, 0.1446078431372549)	(28.0, 0.03225806451612903)	(29.0, 0.2159090909090909)	(30.0, 0.7065004887585532)	(31.0, 1.3338640452216806)	(32.0, 2.6057078943481384)	(33.0, 2.9028733108768336)	(34.0, 1.5155238957598816)	(35.0, 3.5420154768136953)	(36.0, 5.509445760964662)	(37.0, 7.6772857863158395)	(38.0, 7.373919152592498)	(39.0, 5.983085910353862)	(40.0, 5.283572723967903)	(41.0, 3.824196968583434)	(42.0, 3.7869450514611804)	(43.0, 4.558730158730159)	(44.0, 2.6573543432444864)	(45.0, 0.8246753246753248)	(46.0, 0.014084507042253521)	(47.0, 0.0)	(48.0, 0.3333333333333333)	(49.0, 0.047619047619047616)	(50.0, 0.047619047619047616)	(51.0, 0.0)	(52.0, 0.43333333333333335)	(53.0, 0.3333333333333333)	(54.0, 0.0)	(55.0, 0.0)	(56.0, 0.1111111111111111)	(57.0, 0.0)	(58.0, 0.5)	(59.0, 0.5)	(60.0, 0.25)	(61.0, 0.0)	(62.0, 0.0)	(63.0, 0.0)	(64.0, 0.0)	(65.0, 0.0)	(66.0, 0.0)	(67.0, 0.0)	(68.0, 0.0)	(69.0, 0.0)	(70.0, 0.0)	(71.0, 0.0)	(72.0, 0.0)	(73.0, 0.0)	(74.0, 0.3333333333333333)	(75.0, 0.3333333333333333)	(76.0, 0.0)	(77.0, 0.0)	(78.0, 0.0)	(79.0, 0.0)	(80.0, 0.0)	(81.0, 0.0)	(82.0, 0.0)	(83.0, 0.0)	(84.0, 0.0)	(85.0, 0.0)	(86.0, 0.0)	(87.0, 0.0)	(88.0, 0.0)	(89.0, 0.0)	(90.0, 0.0)	(91.0, 0.0)	(92.0, 0.0)	(93.0, 0.0)	(94.0, 0.0)	(95.0, 0.0)	(96.0, 0.0)	(97.0, 0.0)	(98.0, 0.0)	(99.0, 0.0)	(100.0, 0.0)
FAY99780_pass_barcode01_98e12ebb_5ad7f319_101	(0.0, 0.0)	(1.0, 0.0)	(2.0, 0.0)	(3.0, 0.0)	(4.0, 0.0)	(5.0, 0.0)	(6.0, 0.0)	(7.0, 0.0)	(8.0, 0.0)	(9.0, 0.0)	(10.0, 0.0)	(11.0, 0.0)	(12.0, 0.0)	(13.0, 0.0)	(14.0, 0.0)	(15.0, 0.0)	(16.0, 0.0)	(17.0, 0.0)	(18.0, 0.0)	(19.0, 0.0)	(20.0, 0.0)	(21.0, 0.0)	(22.0, 0.0)	(23.0, 0.0)	(24.0, 0.25)	(25.0, 0.0)	(26.0, 0.0)	(27.0, 0.5)	(28.0, 0.5123456790123457)	(29.0, 0.5443625443625444)	(30.0, 0.38095238095238093)	(31.0, 1.2522238999272877)	(32.0, 1.4654272758303453)	(33.0, 2.3265242558411434)	(34.0, 2.726705983587213)	(35.0, 4.917767357075302)	(36.0, 5.646857439528821)	(37.0, 6.814763434927866)	(38.0, 7.267779015540206)	(39.0, 8.758789691151007)	(40.0, 6.528679561107454)	(41.0, 4.559588415065992)	(42.0, 3.380783866292665)	(43.0, 4.155194805194806)	(44.0, 2.624242424242424)	(45.0, 1.5333333333333332)	(46.0, 1.2429292929292928)	(47.0, 0.8666666666666667)	(48.0, 0.7)	(49.0, 0.532258064516129)	(50.0, 0.09090909090909091)	(51.0, 0.25)	(52.0, 0.0)	(53.0, 0.14285714285714285)	(54.0, 0.0)	(55.0, 0.14285714285714285)	(56.0, 0.0)	(57.0, 0.0)	(58.0, 0.0)	(59.0, 0.0)	(60.0, 0.3333333333333333)	(61.0, 0.0)	(62.0, 0.0)	(63.0, 0.0)	(64.0, 0.0)	(65.0, 0.0)	(66.0, 0.0)	(67.0, 0.0)	(68.0, 0.0)	(69.0, 0.0)	(70.0, 0.0)	(71.0, 0.0)	(72.0, 0.0)	(73.0, 0.0)	(74.0, 0.0)	(75.0, 0.0)	(76.0, 0.0)	(77.0, 0.0)	(78.0, 0.0)	(79.0, 0.0)	(80.0, 0.0)	(81.0, 0.0)	(82.0, 0.0)	(83.0, 0.0)	(84.0, 0.0)	(85.0, 0.0)	(86.0, 0.0)	(87.0, 0.0)	(88.0, 0.0)	(89.0, 0.0)	(90.0, 0.0)	(91.0, 0.0)	(92.0, 0.0)	(93.0, 0.0)	(94.0, 0.0)	(95.0, 0.0)	(96.0, 0.0)	(97.0, 0.0)	(98.0, 0.0)	(99.0, 0.0)	(100.0, 0.0)
FAY99780_pass_barcode01_98e12ebb_5ad7f319_102	(0.0, 0.0)	(1.0, 0.0)	(2.0, 0.0)	(3.0, 0.0)	(4.0, 0.0)	(5.0, 0.0)	(6.0, 0.0)	(7.0, 0.0)	(8.0, 0.0)	(9.0, 0.0)	(10.0, 0.0)	(11.0, 0.0)	(12.0, 0.0)	(13.0, 0.0)	(14.0, 0.0)	(15.0, 0.0)	(16.0, 0.0)	(17.0, 0.0)	(18.0, 0.0)	(19.0, 0.0)	(20.0, 0.0)	(21.0, 0.0)	(22.0, 0.0)	(23.0, 0.0)	(24.0, 0.5)	(25.0, 0.5)	(26.0, 0.0)	(27.0, 0.09090909090909091)	(28.0, 0.09090909090909091)	(29.0, 0.25)	(30.0, 0.9629401517979346)	(31.0, 1.049628547071002)	(32.0, 1.4594117899340358)	(33.0, 1.3104431694714935)	(34.0, 1.8244445903598108)	(35.0, 2.708579007802743)	(36.0, 3.929252951389998)	(37.0, 6.167835519743685)	(38.0, 8.017374707309594)	(39.0, 6.088169350007237)	(40.0, 4.703487058412405)	(41.0, 3.71154920840685)	(42.0, 4.254372061630126)	(43.0, 2.307323232323232)	(44.0, 1.3484848484848484)	(45.0, 0.5)	(46.0, 1.5)	(47.0, 1.3333333333333333)	(48.0, 0.4583333333333333)	(49.0, 0.024390243902439025)	(50.0, 0.25)	(51.0, 0.0)	(52.0, 0.3333333333333333)	(53.0, 0.3333333333333333)	(54.0, 0.0)	(55.0, 0.0)	(56.0, 0.0)	(57.0, 0.0)	(58.0, 0.0)	(59.0, 0.0)	(60.0, 0.0)	(61.0, 0.0)	(62.0, 0.0)	(63.0, 0.0)	(64.0, 0.0)	(65.0, 0.0)	(66.0, 0.0)	(67.0, 0.0)	(68.0, 0.2)	(69.0, 0.0)	(70.0, 0.0)	(71.0, 0.0)	(72.0, 0.0)	(73.0, 0.0)	(74.0, 0.0)	(75.0, 0.0)	(76.0, 0.0)	(77.0, 0.0)	(78.0, 0.0)	(79.0, 0.0)	(80.0, 0.0)	(81.0, 0.0)	(82.0, 0.0)	(83.0, 0.0)	(84.0, 0.0)	(85.0, 0.0)	(86.0, 0.0)	(87.0, 0.0)	(88.0, 0.0)	(89.0, 0.0)	(90.0, 0.0)	(91.0, 0.0)	(92.0, 0.0)	(93.0, 0.0)	(94.0, 0.0)	(95.0, 0.0)	(96.0, 0.0)	(97.0, 0.0)	(98.0, 0.0)	(99.0, 0.0)	(100.0, 0.0)
FAY99780_pass_barcode01_98e12ebb_5ad7f319_103	(0.0, 0.0)	(1.0, 0.0)	(2.0, 0.0)	(3.0, 0.0)	(4.0, 0.0)	(5.0, 0.0)	(6.0, 0.0)	(7.0, 0.0)	(8.0, 0.0)	(9.0, 0.0)	(10.0, 0.0)	(11.0, 0.0)	(12.0, 0.0)	(13.0, 0.0)	(14.0, 0.0)	(15.0, 0.0)	(16.0, 0.0)	(17.0, 0.0)	(18.0, 0.0)	(19.0, 0.0)	(20.0, 0.0)	(21.0, 0.0)	(22.0, 0.0)	(23.0, 0.0)	(24.0, 0.0)	(25.0, 0.0)	(26.0, 0.3333333333333333)	(27.0, 0.03225806451612903)	(28.0, 0.01639344262295082)	(29.0, 0.8329725829725829)	(30.0, 1.0629302391597473)	(31.0, 0.8630213153963104)	(32.0, 1.0308017602719977)	(33.0, 2.410602633547056)	(34.0, 2.8994730420379513)	(35.0, 2.8359747494329617)	(36.0, 4.964200173487228)	(37.0, 6.072968366969857)	(38.0, 7.961902037426866)	(39.0, 7.919612468038954)	(40.0, 8.388361954378453)	(41.0, 5.694075459414006)	(42.0, 3.891273360785555)	(43.0, 2.980206435043797)	(44.0, 1.3392857142857142)	(45.0, 0.9318181818181819)	(46.0, 0.4242424242424242)	(47.0, 0.7492424242424243)	(48.0, 0.0)	(49.0, 0.8885281385281385)	(50.0, 1.2976190476190477)	(51.0, 0.7575757575757576)	(52.0, 0.0)	(53.0, 0.09090909090909091)	(54.0, 0.3333333333333333)	(55.0, 0.3333333333333333)	(56.0, 0.0)	(57.0, 0.0)	(58.0, 0.0)	(59.0, 0.0)	(60.0, 0.0)	(61.0, 0.0)	(62.0, 0.0)	(63.0, 0.0)	(64.0, 0.1111111111111111)	(65.0, 0.0)	(66.0, 0.0)	(67.0, 0.0)	(68.0, 0.0)	(69.0, 0.0)	(70.0, 0.0)	(71.0, 0.0)	(72.0, 0.0)	(73.0, 0.0)	(74.0, 0.0)	(75.0, 0.0)	(76.0, 0.0)	(77.0, 0.0)	(78.0, 0.0)	(79.0, 0.0)	(80.0, 0.0)	(81.0, 0.0)	(82.0, 0.0)	(83.0, 0.0)	(84.0, 0.0)	(85.0, 0.0)	(86.0, 0.0)	(87.0, 0.0)	(88.0, 0.0)	(89.0, 0.0)	(90.0, 0.0)	(91.0, 0.0)	(92.0, 0.0)	(93.0, 0.0)	(94.0, 0.0)	(95.0, 0.0)	(96.0, 0.0)	(97.0, 0.0)	(98.0, 0.0)	(99.0, 0.0)	(100.0, 0.0)
FAY99780_pass_barcode01_98e12ebb_5ad7f319_104	(0.0, 0.0)	(1.0, 0.0)	(2.0, 0.0)	(3.0, 0.0)	(4.0, 0.0)	(5.0, 0.0)	(6.0, 0.0)	(7.0, 0.0)	(8.0, 0.0)	(9.0, 0.0)	(10.0, 0.0)	(11.0, 0.0)	(12.0, 0.0)	(13.0, 0.0)	(14.0, 0.0)	(15.0, 0.0)	(16.0, 0.0)	(17.0, 0.0)	(18.0, 0.0)	(19.0, 0.0)	(20.0, 0.5)	(21.0, 1.0)	(22.0, 1.0)	(23.0, 0.5)	(24.0, 0.0)	(25.0, 0.5909090909090909)	(26.0, 1.0)	(27.0, 0.5)	(28.0, 0.5909090909090909)	(29.0, 0.5)	(30.0, 0.0)	(31.0, 0.11811763025243874)	(32.0, 0.6505320349791431)	(33.0, 1.0479457733403217)	(34.0, 1.307254317394555)	(35.0, 3.4115339958864506)	(36.0, 5.027640309859174)	(37.0, 5.802404356496435)	(38.0, 6.633146573629804)	(39.0, 5.312002439965866)	(40.0, 4.934788792810179)	(41.0, 3.1033740148782702)	(42.0, 5.751483104472541)	(43.0, 3.6887154959735606)	(44.0, 1.0333333333333332)	(45.0, 0.4242424242424242)	(46.0, 0.7465437788018433)	(47.0, 0.7575757575757576)	(48.0, 0.6666666666666666)	(49.0, 1.1642857142857141)	(50.0, 0.2)	(51.0, 0.0)	(52.0, 0.0)	(53.0, 0.0)	(54.0, 0.0)	(55.0, 0.0)	(56.0, 0.0)	(57.0, 0.0)	(58.0, 0.0)	(59.0, 0.0)	(60.0, 0.0)	(61.0, 0.0)	(62.0, 0.0)	(63.0, 0.0)	(64.0, 0.0)	(65.0, 0.5)	(66.0, 0.5)	(67.0, 0.0)	(68.0, 0.0)	(69.0, 0.0)	(70.0, 0.0)	(71.0, 0.0)	(72.0, 0.0)	(73.0, 0.0)	(74.0, 0.0)	(75.0, 0.0)	(76.0, 0.0)	(77.0, 0.0)	(78.0, 0.0)	(79.0, 0.0)	(80.0, 0.0)	(81.0, 0.0)	(82.0, 0.0)	(83.0, 0.0)	(84.0, 0.0)	(85.0, 0.0)	(86.0, 0.0)	(87.0, 0.0)	(88.0, 0.0)	(89.0, 0.0)	(90.0, 0.0)	(91.0, 0.0)	(92.0, 0.0)	(93.0, 0.0)	(94.0, 0.0)	(95.0, 0.0)	(96.0, 0.0)	(97.0, 0.0)	(98.0, 0.0)	(99.0, 0.0)	(100.0, 0.0)
FAY99780_pass_barcode01_98e12ebb_5ad7f319_105	(0.0, 0.0)	(1.0, 0.0)	(2.0, 0.0)	(3.0, 0.0)	(4.0, 0.0)	(5.0, 0.0)	(6.0, 0.0)	(7.0, 0.0)	(8.0, 0.0)	(9.0, 0.0)	(10.0, 0.0)	(11.0, 0.0)	(12.0, 0.0)	(13.0, 0.0)	(14.0, 0.0)	(15.0, 0.0)	(16.0, 0.0)	(17.0, 0.0)	(18.0, 0.0)	(19.0, 0.0)	(20.0, 0.0)	(21.0, 0.0)	(22.0, 0.0)	(23.0, 0.0)	(24.0, 0.0)	(25.0, 0.0)	(26.0, 0.0)	(27.0, 0.39070788366563014)	(28.0, 0.37662337662337664)	(29.0, 0.7339240433689482)	(30.0, 1.2125106999214361)	(31.0, 1.2022166812370454)	(32.0, 1.484021935503496)	(33.0, 2.782909441683685)	(34.0, 3.8316809061787236)	(35.0, 4.0451752547294495)	(36.0, 7.148012835691245)	(37.0, 9.51449596379823)	(38.0, 11.441390836369665)	(39.0, 9.169879682273425)	(40.0, 6.1070483597611895)	(41.0, 6.166607410422547)	(42.0, 6.399445796614538)	(43.0, 4.897642307266721)	(44.0, 3.9020202020202026)	(45.0, 4.024675324675325)	(46.0, 2.7857142857142856)	(47.0, 1.226190476190476)	(48.0, 1.4642857142857144)	(49.0, 0.7142857142857143)	(50.0, 0.5)	(51.0, 0.047619047619047616)	(52.0, 0.0)	(53.0, 0.09090909090909091)	(54.0, 0.09090909090909091)	(55.0, 0.0)	(56.0, 0.0)	(57.0, 0.0)	(58.0, 0.0)	(59.0, 0.0)	(60.0, 0.0)	(61.0, 0.0)	(62.0, 0.0)	(63.0, 0.0)	(64.0, 0.0)	(65.0, 0.0)	(66.0, 0.0)	(67.0, 0.0)	(68.0, 0.0)	(69.0, 0.0)	(70.0, 0.0)	(71.0, 0.0)	(72.0, 0.0)	(73.0, 0.0)	(74.0, 0.0)	(75.0, 0.0)	(76.0, 0.0)	(77.0, 0.0)	(78.0, 0.0)	(79.0, 0.0)	(80.0, 0.0)	(81.0, 0.0)	(82.0, 0.0)	(83.0, 0.0)	(84.0, 0.0)	(85.0, 0.0)	(86.0, 0.0)	(87.0, 0.0)	(88.0, 0.0)	(89.0, 0.0)	(90.0, 0.0)	(91.0, 0.0)	(92.0, 0.0)	(93.0, 0.0)	(94.0, 0.0)	(95.0, 0.0)	(96.0, 0.0)	(97.0, 0.0)	(98.0, 0.0)	(99.0, 0.0)	(100.0, 0.0)
FAY99780_pass_barcode01_98e12ebb_5ad7f319_106	(0.0, 0.0)	(1.0, 0.0)	(2.0, 0.0)	(3.0, 0.0)	(4.0, 0.0)	(5.0, 0.0)	(6.0, 0.0)	(7.0, 0.0)	(8.0, 0.0)	(9.0, 0.0)	(10.0, 0.0)	(11.0, 0.0)	(12.0, 0.0)	(13.0, 0.0)	(14.0, 0.0)	(15.0, 0.0)	(16.0, 0.0)	(17.0, 0.0)	(18.0, 0.0)	(19.0, 0.0)	(20.0, 0.0)	(21.0, 0.0)	(22.0, 0.0)	(23.0, 0.0)	(24.0, 0.0)	(25.0, 0.5)	(26.0, 0.7159090909090909)	(27.0, 0.0)	(28.0, 0.34090909090909094)	(29.0, 0.789076246334311)	(30.0, 1.167929292929293)	(31.0, 1.6016441342272336)	(32.0, 1.7234084334676396)	(33.0, 1.8414220394001992)	(34.0, 2.4611214785953686)	(35.0, 5.336856301564111)	(36.0, 8.322054602896548)	(37.0, 7.943406554472212)	(38.0, 8.607153843872275)	(39.0, 8.9533985777471)	(40.0, 5.772017866159411)	(41.0, 5.642801175753583)	(42.0, 4.843481181188363)	(43.0, 5.072645372645372)	(44.0, 2.2090090090090087)	(45.0, 1.1944444444444444)	(46.0, 1.95)	(47.0, 0.7976190476190477)	(48.0, 0.6428571428571428)	(49.0, 0.75)	(50.0, 0.25)	(51.0, 0.0)	(52.0, 0.0)	(53.0, 0.0)	(54.0, 0.0)	(55.0, 0.0)	(56.0, 0.0)	(57.0, 0.0)	(58.0, 0.0)	(59.0, 0.0)	(60.0, 0.0)	(61.0, 0.0)	(62.0, 0.0)	(63.0, 0.0)	(64.0, 0.0)	(65.0, 0.0)	(66.0, 0.0)	(67.0, 0.0)	(68.0, 0.0)	(69.0, 0.0)	(70.0, 0.0)	(71.0, 0.0)	(72.0, 0.0)	(73.0, 0.0)	(74.0, 0.0)	(75.0, 0.0)	(76.0, 0.0)	(77.0, 0.0)	(78.0, 0.0)	(79.0, 0.0)	(80.0, 0.0)	(81.0, 0.0)	(82.0, 0.0)	(83.0, 0.0)	(84.0, 0.0)	(85.0, 0.0)	(86.0, 0.0)	(87.0, 0.0)	(88.0, 0.0)	(89.0, 0.0)	(90.0, 0.0)	(91.0, 0.0)	(92.0, 0.0)	(93.0, 0.0)	(94.0, 0.0)	(95.0, 0.0)	(96.0, 0.0)	(97.0, 0.0)	(98.0, 0.0)	(99.0, 0.0)	(100.0, 0.0)
FAY99780_pass_barcode01_98e12ebb_5ad7f319_107	(0.0, 0.0)	(1.0, 0.0)	(2.0, 0.0)	(3.0, 0.0)	(4.0, 0.0)	(5.0, 0.0)	(6.0, 0.0)	(7.0, 0.0)	(8.0, 0.0)	(9.0, 0.0)	(10.0, 0.0)	(11.0, 0.0)	(12.0, 0.0)	(13.0, 0.0)	(14.0, 0.0)	(15.0, 0.0)	(16.0, 0.0)	(17.0, 0.0)	(18.0, 0.0)	(19.0, 0.0)	(20.0, 0.0)	(21.0, 0.5)	(22.0, 0.5)	(23.0, 0.0)	(24.0, 0.0)	(25.0, 0.0)	(26.0, 0.0)	(27.0, 0.4583333333333333)	(28.0, 0.3333333333333333)	(29.0, 0.649390243902439)	(30.0, 1.5602921479993301)	(31.0, 1.8689938895906568)	(32.0, 1.2482114452094706)	(33.0, 1.3989777747342877)	(34.0, 2.078265146130368)	(35.0, 3.21574449932616)	(36.0, 5.924007441743619)	(37.0, 9.755997587790164)	(38.0, 8.877567254168794)	(39.0, 8.623004881399718)	(40.0, 7.1248904521659275)	(41.0, 4.1613865307437)	(42.0, 4.72517157762514)	(43.0, 3.64649526568252)	(44.0, 1.0069416498993964)	(45.0, 0.625)	(46.0, 0.7142857142857143)	(47.0, 0.22439024390243903)	(48.0, 0.25)	(49.0, 0.5659090909090909)	(50.0, 0.4242424242424242)	(51.0, 0.1)	(52.0, 0.0)	(53.0, 0.125)	(54.0, 0.0)	(55.0, 0.0)	(56.0, 0.0)	(57.0, 0.0)	(58.0, 0.0)	(59.0, 0.0)	(60.0, 0.0)	(61.0, 0.0)	(62.0, 0.0)	(63.0, 0.0)	(64.0, 0.0)	(65.0, 0.0)	(66.0, 0.0)	(67.0, 0.0)	(68.0, 0.0)	(69.0, 0.0)	(70.0, 0.0)	(71.0, 0.0)	(72.0, 0.0)	(73.0, 0.0)	(74.0, 0.0)	(75.0, 0.0)	(76.0, 0.0)	(77.0, 0.0)	(78.0, 0.0)	(79.0, 0.0)	(80.0, 0.0)	(81.0, 0.0)	(82.0, 0.0)	(83.0, 0.0)	(84.0, 0.0)	(85.0, 0.0)	(86.0, 0.0)	(87.0, 0.0)	(88.0, 0.0)	(89.0, 0.0)	(90.0, 0.0)	(91.0, 0.0)	(92.0, 0.0)	(93.0, 0.0)	(94.0, 0.0)	(95.0, 0.0)	(96.0, 0.0)	(97.0, 0.0)	(98.0, 0.0)	(99.0, 0.0)	(100.0, 0.0)
FAY99780_pass_barcode01_98e12ebb_5ad7f319_108	(0.0, 0.0)	(1.0, 0.0)	(2.0, 0.0)	(3.0, 0.0)	(4.0, 0.0)	(5.0, 0.0)	(6.0, 0.0)	(7.0, 0.0)	(8.0, 0.0)	(9.0, 0.0)	(10.0, 0.0)	(11.0, 0.0)	(12.0, 0.0)	(13.0, 0.0)	(14.0, 0.0)	(15.0, 0.0)	(16.0, 0.0)	(17.0, 0.0)	(18.0, 0.0)	(19.0, 0.0)	(20.0, 0.0)	(21.0, 0.0)	(22.0, 0.0)	(23.0, 0.0)	(24.0, 0.0)	(25.0, 0.0)	(26.0, 0.0)	(27.0, 0.0)	(28.0, 0.47610833189580815)	(29.0, 0.006622516556291391)	(30.0, 0.7529616724738676)	(31.0, 0.8825467215711118)	(32.0, 0.9444359967079125)	(33.0, 1.7698979435954532)	(34.0, 2.523873541147152)	(35.0, 4.329397614480387)	(36.0, 5.245353790196293)	(37.0, 8.876060878513567)	(38.0, 8.123625808795873)	(39.0, 7.897055364831158)	(40.0, 6.204061102587187)	(41.0, 3.7991986610461903)	(42.0, 3.3935479505649346)	(43.0, 3.302505045437442)	(44.0, 1.7216602646180108)	(45.0, 1.9640845070422535)	(46.0, 1.8666666666666665)	(47.0, 0.75)	(48.0, 0.5)	(49.0, 0.0)	(50.0, 0.14285714285714285)	(51.0, 0.0)	(52.0, 0.0)	(53.0, 0.0)	(54.0, 0.0)	(55.0, 0.5)	(56.0, 0.5)	(57.0, 0.0)	(58.0, 0.0)	(59.0, 0.0)	(60.0, 0.0)	(61.0, 0.0)	(62.0, 0.0)	(63.0, 0.0)	(64.0, 0.0)	(65.0, 0.3333333333333333)	(66.0, 0.0)	(67.0, 0.0)	(68.0, 0.0)	(69.0, 0.0)	(70.0, 0.0)	(71.0, 0.0)	(72.0, 0.0)	(73.0, 0.0)	(74.0, 0.0)	(75.0, 0.0)	(76.0, 0.0)	(77.0, 0.0)	(78.0, 0.0)	(79.0, 0.0)	(80.0, 0.0)	(81.0, 0.0)	(82.0, 0.0)	(83.0, 0.0)	(84.0, 0.0)	(85.0, 0.0)	(86.0, 0.0)	(87.0, 0.0)	(88.0, 0.0)	(89.0, 0.0)	(90.0, 0.0)	(91.0, 0.0)	(92.0, 0.0)	(93.0, 0.0)	(94.0, 0.0)	(95.0, 0.0)	(96.0, 0.0)	(97.0, 0.0)	(98.0, 0.0)	(99.0, 0.0)	(100.0, 0.0)
FAY99780_pass_barcode01_98e12ebb_5ad7f319_109	(0.0, 0.0)	(1.0, 0.0)	(2.0, 0.0)	(3.0, 0.0)	(4.0, 0.0)	(5.0, 0.0)	(6.0, 0.0)	(7.0, 0.0)	(8.0, 0.0)	(9.0, 0.0)	(10.0, 0.0)	(11.0, 0.0)	(12.0, 0.0)	(13.0, 0.0)	(14.0, 0.0)	(15.0, 0.0)	(16.0, 0.0)	(17.0, 0.0)	(18.0, 0.0)	(19.0, 0.0)	(20.0, 0.0)	(21.0, 0.0)	(22.0, 0.0)	(23.0, 0.0)	(24.0, 0.0)	(25.0, 0.0)	(26.0, 0.0)	(27.0, 0.0)	(28.0, 0.25)	(29.0, 0.3333333333333333)	(30.0, 0.8772866918028208)	(31.0, 0.570145681349192)	(32.0, 1.1214032397417977)	(33.0, 1.436490465555303)	(34.0, 1.8930997887987138)	(35.0, 3.9826738061462557)	(36.0, 6.178611315953721)	(37.0, 7.64233865699079)	(38.0, 8.258878234961081)	(39.0, 7.662030160923339)	(40.0, 6.27900057987)	(41.0, 3.7146547489124107)	(42.0, 2.252686398298511)	(43.0, 3.462128194386259)	(44.0, 1.7160242982823626)	(45.0, 0.5809523809523809)	(46.0, 1.12316715542522)	(47.0, 0.7575757575757576)	(48.0, 0.16666666666666666)	(49.0, 0.0)	(50.0, 0.18181818181818182)	(51.0, 0.14285714285714285)	(52.0, 0.0)	(53.0, 0.0)	(54.0, 0.0)	(55.0, 0.0)	(56.0, 0.0)	(57.0, 0.0)	(58.0, 0.0)	(59.0, 0.0)	(60.0, 0.0)	(61.0, 0.0)	(62.0, 0.0)	(63.0, 0.0)	(64.0, 0.0)	(65.0, 0.0)	(66.0, 0.0)	(67.0, 0.0)	(68.0, 0.0)	(69.0, 0.0)	(70.0, 0.0)	(71.0, 0.0)	(72.0, 0.0)	(73.0, 0.0)	(74.0, 0.0)	(75.0, 0.0)	(76.0, 0.0)	(77.0, 0.0)	(78.0, 0.0)	(79.0, 0.0)	(80.0, 0.0)	(81.0, 0.0)	(82.0, 0.0)	(83.0, 0.0)	(84.0, 0.0)	(85.0, 0.0)	(86.0, 0.0)	(87.0, 0.0)	(88.0, 0.0)	(89.0, 0.0)	(90.0, 0.0)	(91.0, 0.0)	(92.0, 0.0)	(93.0, 0.0)	(94.0, 0.0)	(95.0, 0.0)	(96.0, 0.0)	(97.0, 0.0)	(98.0, 0.0)	(99.0, 0.0)	(100.0, 0.0)
FAY99780_pass_barcode01_98e12ebb_5ad7f319_11	(0.0, 0.0)	(1.0, 0.0)	(2.0, 0.0)	(3.0, 0.0)	(4.0, 0.0)	(5.0, 0.0)	(6.0, 0.0)	(7.0, 0.0)	(8.0, 0.0)	(9.0, 0.0)	(10.0, 0.0)	(11.0, 0.0)	(12.0, 0.0)	(13.0, 0.0)	(14.0, 0.0)	(15.0, 0.0)	(16.0, 0.0)	(17.0, 0.0)	(18.0, 0.0)	(19.0, 0.0)	(20.0, 0.0)	(21.0, 0.0)	(22.0, 0.1111111111111111)	(23.0, 0.0)	(24.0, 0.0)	(25.0, 0.0)	(26.0, 0.5409090909090909)	(27.0, 0.4390124902419984)	(28.0, 0.38095238095238093)	(29.0, 0.27489312352202194)	(30.0, 1.0078524838412304)	(31.0, 1.7945043123114552)	(32.0, 3.064608761101448)	(33.0, 4.035312023186297)	(34.0, 4.521463133978933)	(35.0, 10.987357044681263)	(36.0, 14.603942652617537)	(37.0, 15.659096254372194)	(38.0, 18.422715197984584)	(39.0, 14.959057335918837)	(40.0, 10.116339621703068)	(41.0, 9.224652071819325)	(42.0, 7.16286249352909)	(43.0, 6.129780120977495)	(44.0, 4.61882388800095)	(45.0, 2.4965279422696454)	(46.0, 0.2)	(47.0, 0.5208900010880209)	(48.0, 1.1385281385281385)	(49.0, 1.4899816417519014)	(50.0, 0.5909090909090909)	(51.0, 0.4242424242424242)	(52.0, 1.5666666666666667)	(53.0, 0.990909090909091)	(54.0, 0.16666666666666666)	(55.0, 0.5)	(56.0, 0.0)	(57.0, 0.5)	(58.0, 0.5)	(59.0, 0.0)	(60.0, 0.3333333333333333)	(61.0, 0.0)	(62.0, 0.0)	(63.0, 0.5)	(64.0, 0.5)	(65.0, 0.0)	(66.0, 0.0)	(67.0, 0.0)	(68.0, 0.0)	(69.0, 0.3333333333333333)	(70.0, 0.3333333333333333)	(71.0, 0.0)	(72.0, 0.0)	(73.0, 0.0)	(74.0, 0.0)	(75.0, 0.0)	(76.0, 0.0)	(77.0, 0.0)	(78.0, 0.0)	(79.0, 0.0)	(80.0, 0.0)	(81.0, 0.0)	(82.0, 0.0)	(83.0, 0.0)	(84.0, 0.0)	(85.0, 0.0)	(86.0, 0.0)	(87.0, 0.0)	(88.0, 0.0)	(89.0, 0.0)	(90.0, 0.0)	(91.0, 0.0)	(92.0, 0.0)	(93.0, 0.0)	(94.0, 0.0)	(95.0, 0.0)	(96.0, 0.0)	(97.0, 0.0)	(98.0, 0.0)	(99.0, 0.0)	(100.0, 0.0)
FAY99780_pass_barcode01_98e12ebb_5ad7f319_110	(0.0, 0.0)	(1.0, 0.0)	(2.0, 0.0)	(3.0, 0.0)	(4.0, 0.0)	(5.0, 0.0)	(6.0, 0.0)	(7.0, 0.0)	(8.0, 0.0)	(9.0, 0.0)	(10.0, 0.0)	(11.0, 0.0)	(12.0, 0.0)	(13.0, 0.0)	(14.0, 0.0)	(15.0, 0.0)	(16.0, 0.0)	(17.0, 0.0)	(18.0, 0.0)	(19.0, 0.0)	(20.0, 0.0)	(21.0, 0.0)	(22.0, 0.0)	(23.0, 0.0)	(24.0, 0.0)	(25.0, 0.0)	(26.0, 0.14285714285714285)	(27.0, 0.25)	(28.0, 0.39761904761904765)	(29.0, 0.21187100369190973)	(30.0, 0.5778197605388732)	(31.0, 0.8793089240369302)	(32.0, 1.7332159651842445)	(33.0, 3.0336645808228906)	(34.0, 3.234964980368107)	(35.0, 5.051455674838019)	(36.0, 6.423002895177522)	(37.0, 6.077305727942758)	(38.0, 6.084868778238906)	(39.0, 8.924819140565647)	(40.0, 6.215826661424984)	(41.0, 4.196359891005096)	(42.0, 3.9382691385688107)	(43.0, 3.3378001630998346)	(44.0, 2.033333333333333)	(45.0, 1.6111111111111112)	(46.0, 0.25)	(47.0, 0.5476190476190477)	(48.0, 0.8409090909090909)	(49.0, 0.85)	(50.0, 0.41666666666666663)	(51.0, 0.5833333333333333)	(52.0, 0.3333333333333333)	(53.0, 0.0)	(54.0, 0.0)	(55.0, 0.0)	(56.0, 0.0)	(57.0, 0.0)	(58.0, 0.0)	(59.0, 0.0)	(60.0, 0.0)	(61.0, 0.25)	(62.0, 0.0)	(63.0, 0.0)	(64.0, 0.0)	(65.0, 0.0)	(66.0, 0.0)	(67.0, 0.0)	(68.0, 0.0)	(69.0, 0.0)	(70.0, 0.0)	(71.0, 0.0)	(72.0, 0.0)	(73.0, 0.0)	(74.0, 0.0)	(75.0, 0.0)	(76.0, 0.0)	(77.0, 0.0)	(78.0, 0.0)	(79.0, 0.0)	(80.0, 0.0)	(81.0, 0.0)	(82.0, 0.0)	(83.0, 0.0)	(84.0, 0.0)	(85.0, 0.0)	(86.0, 0.0)	(87.0, 0.0)	(88.0, 0.0)	(89.0, 0.0)	(90.0, 0.0)	(91.0, 0.0)	(92.0, 0.0)	(93.0, 0.0)	(94.0, 0.0)	(95.0, 0.0)	(96.0, 0.0)	(97.0, 0.0)	(98.0, 0.0)	(99.0, 0.0)	(100.0, 0.0)
FAY99780_pass_barcode01_98e12ebb_5ad7f319_111	(0.0, 0.0)	(1.0, 0.0)	(2.0, 0.0)	(3.0, 0.0)	(4.0, 0.0)	(5.0, 0.0)	(6.0, 0.0)	(7.0, 0.0)	(8.0, 0.0)	(9.0, 0.0)	(10.0, 0.0)	(11.0, 0.0)	(12.0, 0.0)	(13.0, 0.0)	(14.0, 0.0)	(15.0, 0.0)	(16.0, 0.0)	(17.0, 0.0)	(18.0, 0.0)	(19.0, 0.0)	(20.0, 0.0)	(21.0, 0.0)	(22.0, 0.0)	(23.0, 0.0)	(24.0, 0.0)	(25.0, 0.16666666666666666)	(26.0, 0.0)	(27.0, 0.0)	(28.0, 0.32316715542521995)	(29.0, 0.2729739396406063)	(30.0, 0.2035966230131701)	(31.0, 0.21856306026602948)	(32.0, 0.5319971850638451)	(33.0, 1.9308249436085694)	(34.0, 3.834069530754708)	(35.0, 5.0382612185716384)	(36.0, 6.684357521112069)	(37.0, 6.530028697362022)	(38.0, 6.6350340185549355)	(39.0, 5.54591887353569)	(40.0, 7.225027713691068)	(41.0, 4.939532509982947)	(42.0, 3.2068534698316693)	(43.0, 1.8838464005130673)	(44.0, 1.4918540241120886)	(45.0, 1.1666666666666665)	(46.0, 1.9444444444444444)	(47.0, 0.8976190476190476)	(48.0, 0.0)	(49.0, 0.0)	(50.0, 0.17511520737327188)	(51.0, 0.0)	(52.0, 0.047619047619047616)	(53.0, 0.0)	(54.0, 0.16666666666666666)	(55.0, 0.0)	(56.0, 0.2)	(57.0, 0.25)	(58.0, 0.0)	(59.0, 0.0)	(60.0, 0.0)	(61.0, 0.0)	(62.0, 0.0)	(63.0, 0.0)	(64.0, 0.0)	(65.0, 0.0)	(66.0, 0.0)	(67.0, 0.0)	(68.0, 0.0)	(69.0, 0.0)	(70.0, 0.0)	(71.0, 0.0)	(72.0, 0.0)	(73.0, 0.0)	(74.0, 0.0)	(75.0, 0.0)	(76.0, 0.0)	(77.0, 0.0)	(78.0, 0.0)	(79.0, 0.0)	(80.0, 0.0)	(81.0, 0.0)	(82.0, 0.0)	(83.0, 0.0)	(84.0, 0.0)	(85.0, 0.0)	(86.0, 0.0)	(87.0, 0.0)	(88.0, 0.0)	(89.0, 0.0)	(90.0, 0.0)	(91.0, 0.0)	(92.0, 0.0)	(93.0, 0.0)	(94.0, 0.0)	(95.0, 0.0)	(96.0, 0.0)	(97.0, 0.0)	(98.0, 0.0)	(99.0, 0.0)	(100.0, 0.0)
FAY99780_pass_barcode01_98e12ebb_5ad7f319_112	(0.0, 0.0)	(1.0, 0.0)	(2.0, 0.0)	(3.0, 0.0)	(4.0, 0.0)	(5.0, 0.0)	(6.0, 0.0)	(7.0, 0.0)	(8.0, 0.0)	(9.0, 0.0)	(10.0, 0.0)	(11.0, 0.0)	(12.0, 0.0)	(13.0, 0.0)	(14.0, 0.0)	(15.0, 0.0)	(16.0, 0.0)	(17.0, 0.0)	(18.0, 0.0)	(19.0, 0.0)	(20.0, 0.0)	(21.0, 0.0)	(22.0, 0.0)	(23.0, 0.0)	(24.0, 0.0)	(25.0, 0.0)	(26.0, 0.3333333333333333)	(27.0, 0.0)	(28.0, 0.1915086499962227)	(29.0, 0.34778358621275873)	(30.0, 0.17207171719869496)	(31.0, 0.6424963924963925)	(32.0, 1.0488156806196887)	(33.0, 1.2930213927316077)	(34.0, 3.2223058156919273)	(35.0, 4.357300188634769)	(36.0, 5.15624507530314)	(37.0, 8.248278093715035)	(38.0, 6.900804201317977)	(39.0, 5.861497866326239)	(40.0, 6.290910405156755)	(41.0, 4.962365176959708)	(42.0, 3.2945028779904506)	(43.0, 4.138866778382908)	(44.0, 1.632690964949029)	(45.0, 1.0833333333333333)	(46.0, 1.3666666666666667)	(47.0, 1.271978021978022)	(48.0, 1.0163934426229508)	(49.0, 0.14285714285714285)	(50.0, 0.2857142857142857)	(51.0, 0.0)	(52.0, 0.0)	(53.0, 0.0)	(54.0, 0.0)	(55.0, 0.0)	(56.0, 0.0)	(57.0, 0.0)	(58.0, 0.0)	(59.0, 0.0)	(60.0, 0.0)	(61.0, 0.0)	(62.0, 0.0)	(63.0, 0.0)	(64.0, 0.0)	(65.0, 0.0)	(66.0, 0.0)	(67.0, 0.0)	(68.0, 0.0)	(69.0, 0.0)	(70.0, 0.0)	(71.0, 0.0)	(72.0, 0.0)	(73.0, 0.0)	(74.0, 0.0)	(75.0, 0.0)	(76.0, 0.0)	(77.0, 0.0)	(78.0, 0.0)	(79.0, 0.0)	(80.0, 0.0)	(81.0, 0.0)	(82.0, 0.0)	(83.0, 0.0)	(84.0, 0.0)	(85.0, 0.0)	(86.0, 0.0)	(87.0, 0.0)	(88.0, 0.0)	(89.0, 0.0)	(90.0, 0.0)	(91.0, 0.0)	(92.0, 0.0)	(93.0, 0.0)	(94.0, 0.0)	(95.0, 0.0)	(96.0, 0.0)	(97.0, 0.0)	(98.0, 0.0)	(99.0, 0.0)	(100.0, 0.0)
FAY99780_pass_barcode01_98e12ebb_5ad7f319_113	(0.0, 0.0)	(1.0, 0.0)	(2.0, 0.0)	(3.0, 0.0)	(4.0, 0.0)	(5.0, 0.0)	(6.0, 0.0)	(7.0, 0.0)	(8.0, 0.0)	(9.0, 0.0)	(10.0, 0.0)	(11.0, 0.0)	(12.0, 0.0)	(13.0, 0.0)	(14.0, 0.0)	(15.0, 0.0)	(16.0, 0.0)	(17.0, 0.0)	(18.0, 0.0)	(19.0, 0.0)	(20.0, 0.0)	(21.0, 0.0)	(22.0, 0.0)	(23.0, 0.0)	(24.0, 0.0)	(25.0, 0.0)	(26.0, 0.0)	(27.0, 0.047619047619047616)	(28.0, 0.13852813852813853)	(29.0, 0.33673976296927116)	(30.0, 0.24908160192713039)	(31.0, 1.4475201202005326)	(32.0, 0.9742367687735858)	(33.0, 1.1117833640675208)	(34.0, 2.590849450743561)	(35.0, 4.417119420091994)	(36.0, 5.1757897659595224)	(37.0, 3.2607320668404256)	(38.0, 6.891463859170914)	(39.0, 5.397394672778494)	(40.0, 6.058306715778296)	(41.0, 4.6087700311384525)	(42.0, 3.4085872517608093)	(43.0, 3.8071428571428574)	(44.0, 1.2909090909090908)	(45.0, 1.25)	(46.0, 1.1666666666666665)	(47.0, 0.5)	(48.0, 0.0)	(49.0, 0.0)	(50.0, 0.0)	(51.0, 0.5)	(52.0, 0.5909090909090909)	(53.0, 0.0)	(54.0, 0.0)	(55.0, 0.0)	(56.0, 0.0)	(57.0, 0.0)	(58.0, 0.0)	(59.0, 0.0)	(60.0, 0.0)	(61.0, 0.0)	(62.0, 0.0)	(63.0, 0.0)	(64.0, 0.0)	(65.0, 0.0)	(66.0, 0.0)	(67.0, 0.0)	(68.0, 0.0)	(69.0, 0.5)	(70.0, 1.0)	(71.0, 1.0)	(72.0, 1.0)	(73.0, 0.5)	(74.0, 0.0)	(75.0, 0.0)	(76.0, 0.0)	(77.0, 0.0)	(78.0, 0.0)	(79.0, 0.0)	(80.0, 0.0)	(81.0, 0.0)	(82.0, 0.0)	(83.0, 0.0)	(84.0, 0.0)	(85.0, 0.0)	(86.0, 0.0)	(87.0, 0.0)	(88.0, 0.0)	(89.0, 0.0)	(90.0, 0.0)	(91.0, 0.0)	(92.0, 0.0)	(93.0, 0.0)	(94.0, 0.0)	(95.0, 0.0)	(96.0, 0.0)	(97.0, 0.0)	(98.0, 0.0)	(99.0, 0.0)	(100.0, 0.0)
FAY99780_pass_barcode01_98e12ebb_5ad7f319_114	(0.0, 0.0)	(1.0, 0.0)	(2.0, 0.0)	(3.0, 0.0)	(4.0, 0.0)	(5.0, 0.0)	(6.0, 0.0)	(7.0, 0.0)	(8.0, 0.0)	(9.0, 0.0)	(10.0, 0.0)	(11.0, 0.0)	(12.0, 0.0)	(13.0, 0.0)	(14.0, 0.0)	(15.0, 0.0)	(16.0, 0.0)	(17.0, 0.0)	(18.0, 0.0)	(19.0, 0.0)	(20.0, 0.0)	(21.0, 0.0)	(22.0, 0.0)	(23.0, 0.0)	(24.0, 0.0)	(25.0, 0.0)	(26.0, 0.0)	(27.0, 0.0)	(28.0, 0.10426735603761567)	(29.0, 0.3298771121351767)	(30.0, 0.5583985906566551)	(31.0, 1.3694038589641195)	(32.0, 2.223558945199613)	(33.0, 1.0566468028228269)	(34.0, 3.1065937675931203)	(35.0, 6.20813026938657)	(36.0, 7.674453133216136)	(37.0, 11.738042195905544)	(38.0, 9.859058723068346)	(39.0, 8.320388399439794)	(40.0, 8.207545262527304)	(41.0, 7.19484035738275)	(42.0, 6.636318925319258)	(43.0, 5.5964285714285715)	(44.0, 3.1285878587858784)	(45.0, 1.865151515151515)	(46.0, 2.4166666666666665)	(47.0, 2.4999999999999996)	(48.0, 0.8333333333333333)	(49.0, 0.0)	(50.0, 0.3333333333333333)	(51.0, 0.3333333333333333)	(52.0, 0.0)	(53.0, 0.0)	(54.0, 0.0)	(55.0, 0.0)	(56.0, 0.0)	(57.0, 0.0)	(58.0, 0.5)	(59.0, 0.5)	(60.0, 0.0)	(61.0, 0.0)	(62.0, 0.0)	(63.0, 0.0)	(64.0, 0.0)	(65.0, 0.0)	(66.0, 0.0)	(67.0, 0.0)	(68.0, 0.0)	(69.0, 0.0)	(70.0, 0.0)	(71.0, 0.0)	(72.0, 0.0)	(73.0, 0.0)	(74.0, 0.0)	(75.0, 0.0)	(76.0, 0.2)	(77.0, 0.0)	(78.0, 0.0)	(79.0, 0.0)	(80.0, 0.0)	(81.0, 0.0)	(82.0, 0.0)	(83.0, 0.0)	(84.0, 0.0)	(85.0, 0.0)	(86.0, 0.0)	(87.0, 0.0)	(88.0, 0.0)	(89.0, 0.0)	(90.0, 0.0)	(91.0, 0.0)	(92.0, 0.0)	(93.0, 0.0)	(94.0, 0.0)	(95.0, 0.0)	(96.0, 0.0)	(97.0, 0.0)	(98.0, 0.0)	(99.0, 0.0)	(100.0, 0.0)
FAY99780_pass_barcode01_98e12ebb_5ad7f319_115	(0.0, 0.0)	(1.0, 0.0)	(2.0, 0.0)	(3.0, 0.0)	(4.0, 0.0)	(5.0, 0.0)	(6.0, 0.0)	(7.0, 0.0)	(8.0, 0.0)	(9.0, 0.0)	(10.0, 0.0)	(11.0, 0.0)	(12.0, 0.0)	(13.0, 0.0)	(14.0, 0.0)	(15.0, 0.0)	(16.0, 0.0)	(17.0, 0.0)	(18.0, 0.0)	(19.0, 0.0)	(20.0, 0.0)	(21.0, 0.0)	(22.0, 0.0)	(23.0, 0.0)	(24.0, 0.0)	(25.0, 0.0)	(26.0, 0.0)	(27.0, 0.0)	(28.0, 0.012345679012345678)	(29.0, 0.17078620304426756)	(30.0, 0.3010833074654874)	(31.0, 0.38413578621641475)	(32.0, 1.9820404098330615)	(33.0, 2.1680024399693787)	(34.0, 2.505213962029299)	(35.0, 3.810351259314854)	(36.0, 4.218311845280779)	(37.0, 7.401178803633035)	(38.0, 10.058740461900403)	(39.0, 5.955467983102586)	(40.0, 5.756025629998744)	(41.0, 4.932103538452216)	(42.0, 4.686389355901551)	(43.0, 1.9455234649264501)	(44.0, 1.0761904761904761)	(45.0, 1.5333333333333332)	(46.0, 0.5627705627705628)	(47.0, 1.1152993348115299)	(48.0, 0.6910569105691057)	(49.0, 0.0)	(50.0, 0.0)	(51.0, 0.0)	(52.0, 0.16666666666666666)	(53.0, 0.0)	(54.0, 0.0)	(55.0, 0.0)	(56.0, 0.0)	(57.0, 0.0)	(58.0, 0.0)	(59.0, 0.5)	(60.0, 0.5)	(61.0, 0.0)	(62.0, 0.3333333333333333)	(63.0, 0.0)	(64.0, 0.0)	(65.0, 0.0)	(66.0, 0.0)	(67.0, 0.0)	(68.0, 0.0)	(69.0, 0.0)	(70.0, 0.3333333333333333)	(71.0, 0.0)	(72.0, 0.0)	(73.0, 0.0)	(74.0, 0.0)	(75.0, 0.0)	(76.0, 0.0)	(77.0, 0.0)	(78.0, 0.0)	(79.0, 0.0)	(80.0, 0.0)	(81.0, 0.0)	(82.0, 0.0)	(83.0, 0.3333333333333333)	(84.0, 0.0)	(85.0, 0.0)	(86.0, 0.0)	(87.0, 0.0)	(88.0, 0.0)	(89.0, 0.0)	(90.0, 0.0)	(91.0, 0.0)	(92.0, 0.0)	(93.0, 0.0)	(94.0, 0.0)	(95.0, 0.0)	(96.0, 0.0)	(97.0, 0.0)	(98.0, 0.0)	(99.0, 0.0)	(100.0, 0.0)
FAY99780_pass_barcode01_98e12ebb_5ad7f319_116	(0.0, 0.0)	(1.0, 0.0)	(2.0, 0.0)	(3.0, 0.0)	(4.0, 0.0)	(5.0, 0.0)	(6.0, 0.0)	(7.0, 0.0)	(8.0, 0.0)	(9.0, 0.0)	(10.0, 0.0)	(11.0, 0.0)	(12.0, 0.0)	(13.0, 0.0)	(14.0, 0.0)	(15.0, 0.0)	(16.0, 0.0)	(17.0, 0.0)	(18.0, 0.0)	(19.0, 0.0)	(20.0, 0.0)	(21.0, 0.0)	(22.0, 0.0)	(23.0, 0.0)	(24.0, 0.0)	(25.0, 0.0)	(26.0, 0.0)	(27.0, 0.0)	(28.0, 0.0)	(29.0, 0.15492158115108934)	(30.0, 0.7257998839976716)	(31.0, 2.1526153747797325)	(32.0, 2.742541628624842)	(33.0, 2.062180699636784)	(34.0, 1.8891280462465438)	(35.0, 4.205925190680663)	(36.0, 7.2893989919102)	(37.0, 7.042280222671732)	(38.0, 9.441325802405592)	(39.0, 10.384367302141962)	(40.0, 6.044841863182445)	(41.0, 3.8398010141717673)	(42.0, 3.382763115021179)	(43.0, 2.8591710758377427)	(44.0, 1.674726775956284)	(45.0, 1.2333333333333332)	(46.0, 1.2)	(47.0, 0.5)	(48.0, 0.3333333333333333)	(49.0, 0.5333333333333333)	(50.0, 0.3946078431372549)	(51.0, 0.1)	(52.0, 0.19090909090909092)	(53.0, 0.0)	(54.0, 0.3333333333333333)	(55.0, 0.0)	(56.0, 0.0)	(57.0, 0.0)	(58.0, 0.0)	(59.0, 0.0)	(60.0, 0.0)	(61.0, 0.0)	(62.0, 0.0)	(63.0, 0.0)	(64.0, 0.0)	(65.0, 0.0)	(66.0, 0.0)	(67.0, 0.0)	(68.0, 0.0)	(69.0, 0.0)	(70.0, 0.0)	(71.0, 0.0)	(72.0, 0.0)	(73.0, 0.0)	(74.0, 0.0)	(75.0, 0.0)	(76.0, 0.0)	(77.0, 0.0)	(78.0, 0.0)	(79.0, 0.0)	(80.0, 0.0)	(81.0, 0.0)	(82.0, 0.0)	(83.0, 0.0)	(84.0, 0.0)	(85.0, 0.0)	(86.0, 0.0)	(87.0, 0.0)	(88.0, 0.0)	(89.0, 0.0)	(90.0, 0.0)	(91.0, 0.0)	(92.0, 0.0)	(93.0, 0.0)	(94.0, 0.0)	(95.0, 0.0)	(96.0, 0.0)	(97.0, 0.0)	(98.0, 0.0)	(99.0, 0.0)	(100.0, 0.0)
FAY99780_pass_barcode01_98e12ebb_5ad7f319_117	(0.0, 0.0)	(1.0, 0.0)	(2.0, 0.0)	(3.0, 0.0)	(4.0, 0.0)	(5.0, 0.0)	(6.0, 0.0)	(7.0, 0.0)	(8.0, 0.0)	(9.0, 0.0)	(10.0, 0.0)	(11.0, 0.0)	(12.0, 0.0)	(13.0, 0.0)	(14.0, 0.0)	(15.0, 0.0)	(16.0, 0.0)	(17.0, 0.0)	(18.0, 0.0)	(19.0, 0.0)	(20.0, 0.0)	(21.0, 0.0)	(22.0, 0.0)	(23.0, 0.0)	(24.0, 0.0)	(25.0, 0.0)	(26.0, 0.24761904761904763)	(27.0, 0.2)	(28.0, 0.0)	(29.0, 0.22641044592264103)	(30.0, 0.37462905262882046)	(31.0, 0.6781281785844555)	(32.0, 0.8650480920180769)	(33.0, 0.7878828704631733)	(34.0, 1.7319484799438145)	(35.0, 3.9962722768988215)	(36.0, 5.861791910704182)	(37.0, 7.55547894234561)	(38.0, 8.819276341131292)	(39.0, 7.435522593471639)	(40.0, 8.567067453021934)	(41.0, 5.617237996633599)	(42.0, 4.638866352709472)	(43.0, 2.762569355527102)	(44.0, 1.3583333333333334)	(45.0, 1.9999999999999998)	(46.0, 2.033333333333333)	(47.0, 1.3830601092896173)	(48.0, 0.4242424242424242)	(49.0, 0.0)	(50.0, 0.18181818181818182)	(51.0, 0.0)	(52.0, 0.0)	(53.0, 0.0)	(54.0, 0.125)	(55.0, 0.125)	(56.0, 0.2)	(57.0, 0.0)	(58.0, 0.0)	(59.0, 0.0)	(60.0, 0.0)	(61.0, 0.0)	(62.0, 0.0)	(63.0, 0.0)	(64.0, 0.0)	(65.0, 0.0)	(66.0, 0.0)	(67.0, 0.0)	(68.0, 0.0)	(69.0, 0.0)	(70.0, 0.0)	(71.0, 0.0)	(72.0, 0.0)	(73.0, 0.0)	(74.0, 0.0)	(75.0, 0.0)	(76.0, 0.0)	(77.0, 0.0)	(78.0, 0.0)	(79.0, 0.0)	(80.0, 0.0)	(81.0, 0.0)	(82.0, 0.0)	(83.0, 0.0)	(84.0, 0.0)	(85.0, 0.0)	(86.0, 0.0)	(87.0, 0.0)	(88.0, 0.0)	(89.0, 0.0)	(90.0, 0.0)	(91.0, 0.0)	(92.0, 0.0)	(93.0, 0.0)	(94.0, 0.0)	(95.0, 0.0)	(96.0, 0.0)	(97.0, 0.0)	(98.0, 0.0)	(99.0, 0.0)	(100.0, 0.0)
FAY99780_pass_barcode01_98e12ebb_5ad7f319_118	(0.0, 0.0)	(1.0, 0.0)	(2.0, 0.0)	(3.0, 0.0)	(4.0, 0.0)	(5.0, 0.0)	(6.0, 0.0)	(7.0, 0.0)	(8.0, 0.0)	(9.0, 0.0)	(10.0, 0.0)	(11.0, 0.0)	(12.0, 0.0)	(13.0, 0.0)	(14.0, 0.0)	(15.0, 0.0)	(16.0, 0.0)	(17.0, 0.0)	(18.0, 0.0)	(19.0, 0.0)	(20.0, 0.0)	(21.0, 0.0)	(22.0, 0.0)	(23.0, 0.0)	(24.0, 0.0)	(25.0, 0.0)	(26.0, 0.0)	(27.0, 0.0)	(28.0, 0.09090909090909091)	(29.0, 0.35499359795134444)	(30.0, 0.22943722943722944)	(31.0, 0.8785362765081053)	(32.0, 0.8608992224710192)	(33.0, 1.074966215376537)	(34.0, 2.7899935437262573)	(35.0, 4.371938446598683)	(36.0, 4.985653602234737)	(37.0, 7.143518918856983)	(38.0, 6.189251270423455)	(39.0, 7.968886971027285)	(40.0, 6.739475011980574)	(41.0, 6.211225003463824)	(42.0, 3.015181086436959)	(43.0, 2.9922629657923774)	(44.0, 1.8333333333333333)	(45.0, 1.2997267759562843)	(46.0, 1.4166666666666665)	(47.0, 0.5)	(48.0, 0.0)	(49.0, 0.12316715542521994)	(50.0, 0.03225806451612903)	(51.0, 0.047619047619047616)	(52.0, 0.5333333333333333)	(53.0, 0.2)	(54.0, 0.0)	(55.0, 0.0)	(56.0, 0.0)	(57.0, 0.0)	(58.0, 0.0)	(59.0, 0.0)	(60.0, 0.0)	(61.0, 0.0)	(62.0, 0.0)	(63.0, 0.0)	(64.0, 0.0)	(65.0, 0.0)	(66.0, 0.0)	(67.0, 0.0)	(68.0, 0.0)	(69.0, 0.0)	(70.0, 0.0)	(71.0, 0.0)	(72.0, 0.0)	(73.0, 0.0)	(74.0, 0.0)	(75.0, 0.0)	(76.0, 0.0)	(77.0, 0.0)	(78.0, 0.0)	(79.0, 0.0)	(80.0, 0.0)	(81.0, 0.0)	(82.0, 0.0)	(83.0, 0.0)	(84.0, 0.0)	(85.0, 0.0)	(86.0, 0.0)	(87.0, 0.0)	(88.0, 0.0)	(89.0, 0.0)	(90.0, 0.0)	(91.0, 0.0)	(92.0, 0.0)	(93.0, 0.0)	(94.0, 0.0)	(95.0, 0.0)	(96.0, 0.0)	(97.0, 0.0)	(98.0, 0.0)	(99.0, 0.0)	(100.0, 0.0)
FAY99780_pass_barcode01_98e12ebb_5ad7f319_119	(0.0, 0.0)	(1.0, 0.0)	(2.0, 0.0)	(3.0, 0.0)	(4.0, 0.0)	(5.0, 0.0)	(6.0, 0.0)	(7.0, 0.0)	(8.0, 0.0)	(9.0, 0.0)	(10.0, 0.0)	(11.0, 0.0)	(12.0, 0.0)	(13.0, 0.0)	(14.0, 0.0)	(15.0, 0.0)	(16.0, 0.0)	(17.0, 0.0)	(18.0, 0.0)	(19.0, 0.0)	(20.0, 0.0)	(21.0, 0.0)	(22.0, 0.5)	(23.0, 1.0)	(24.0, 1.0)	(25.0, 0.6111111111111112)	(26.0, 0.09090909090909091)	(27.0, 0.09090909090909091)	(28.0, 0.125)	(29.0, 1.0109853334885346)	(30.0, 1.3614112475901092)	(31.0, 2.079291329050249)	(32.0, 2.6535300229728933)	(33.0, 3.2394639286902724)	(34.0, 3.550968472955525)	(35.0, 4.1678126706501715)	(36.0, 3.8871385162884096)	(37.0, 6.0513800880877175)	(38.0, 6.601155397723333)	(39.0, 7.822470459517356)	(40.0, 6.707665458980971)	(41.0, 2.791529433442364)	(42.0, 2.0437018676265986)	(43.0, 2.9203463203463205)	(44.0, 1.4318181818181819)	(45.0, 1.5833333333333333)	(46.0, 0.8986326681448632)	(47.0, 1.4393939393939392)	(48.0, 1.0151515151515151)	(49.0, 0.0)	(50.0, 0.125)	(51.0, 0.0)	(52.0, 0.0)	(53.0, 0.0)	(54.0, 0.0)	(55.0, 0.0)	(56.0, 0.0)	(57.0, 0.0)	(58.0, 0.0)	(59.0, 0.3333333333333333)	(60.0, 0.0)	(61.0, 0.0)	(62.0, 0.0)	(63.0, 0.0)	(64.0, 0.0)	(65.0, 0.0)	(66.0, 0.0)	(67.0, 0.0)	(68.0, 0.0)	(69.0, 0.0)	(70.0, 0.0)	(71.0, 0.0)	(72.0, 0.0)	(73.0, 0.0)	(74.0, 0.0)	(75.0, 0.0)	(76.0, 0.0)	(77.0, 0.0)	(78.0, 0.0)	(79.0, 0.0)	(80.0, 0.0)	(81.0, 0.0)	(82.0, 0.0)	(83.0, 0.0)	(84.0, 0.0)	(85.0, 0.0)	(86.0, 0.0)	(87.0, 0.0)	(88.0, 0.0)	(89.0, 0.0)	(90.0, 0.0)	(91.0, 0.0)	(92.0, 0.0)	(93.0, 0.0)	(94.0, 0.0)	(95.0, 0.0)	(96.0, 0.0)	(97.0, 0.0)	(98.0, 0.0)	(99.0, 0.0)	(100.0, 0.0)
FAY99780_pass_barcode01_98e12ebb_5ad7f319_12	(0.0, 0.0)	(1.0, 0.0)	(2.0, 0.0)	(3.0, 0.0)	(4.0, 0.0)	(5.0, 0.0)	(6.0, 0.0)	(7.0, 0.0)	(8.0, 0.0)	(9.0, 0.0)	(10.0, 0.0)	(11.0, 0.0)	(12.0, 0.0)	(13.0, 0.0)	(14.0, 0.0)	(15.0, 0.0)	(16.0, 0.0)	(17.0, 0.0)	(18.0, 0.0)	(19.0, 0.0)	(20.0, 0.0)	(21.0, 0.0)	(22.0, 0.0)	(23.0, 0.3333333333333333)	(24.0, 0.0)	(25.0, 0.625)	(26.0, 0.4565004887585532)	(27.0, 0.8131313131313131)	(28.0, 1.787428799839536)	(29.0, 1.8976190476190478)	(30.0, 1.6338145713683732)	(31.0, 2.284221490062643)	(32.0, 2.7981422759186594)	(33.0, 5.016884066777221)	(34.0, 5.823085343342142)	(35.0, 7.59005367629547)	(36.0, 8.787760473650197)	(37.0, 13.713408002711072)	(38.0, 17.061604702210555)	(39.0, 18.178011263141503)	(40.0, 11.478771348654597)	(41.0, 9.979368846604558)	(42.0, 5.734677706876402)	(43.0, 3.2246442722207806)	(44.0, 2.6951987416248127)	(45.0, 2.433008658008658)	(46.0, 1.215635866865375)	(47.0, 1.2803030303030303)	(48.0, 1.2575757575757576)	(49.0, 1.380952380952381)	(50.0, 0.8409090909090909)	(51.0, 0.18181818181818182)	(52.0, 0.09090909090909091)	(53.0, 0.0)	(54.0, 0.0)	(55.0, 0.2)	(56.0, 0.6000000000000001)	(57.0, 0.5833333333333333)	(58.0, 0.6666666666666666)	(59.0, 0.3333333333333333)	(60.0, 0.0)	(61.0, 0.0)	(62.0, 0.0)	(63.0, 0.0)	(64.0, 0.0)	(65.0, 0.0)	(66.0, 0.0)	(67.0, 0.0)	(68.0, 0.0)	(69.0, 0.0)	(70.0, 0.0)	(71.0, 0.0)	(72.0, 0.0)	(73.0, 0.0)	(74.0, 0.0)	(75.0, 0.0)	(76.0, 0.0)	(77.0, 0.0)	(78.0, 0.0)	(79.0, 0.0)	(80.0, 0.0)	(81.0, 0.0)	(82.0, 0.0)	(83.0, 0.0)	(84.0, 0.0)	(85.0, 0.0)	(86.0, 0.0)	(87.0, 0.0)	(88.0, 0.0)	(89.0, 0.0)	(90.0, 0.0)	(91.0, 0.0)	(92.0, 0.0)	(93.0, 0.0)	(94.0, 0.0)	(95.0, 0.0)	(96.0, 0.0)	(97.0, 0.0)	(98.0, 0.0)	(99.0, 0.0)	(100.0, 0.0)
FAY99780_pass_barcode01_98e12ebb_5ad7f319_120	(0.0, 0.0)	(1.0, 0.0)	(2.0, 0.0)	(3.0, 0.0)	(4.0, 0.0)	(5.0, 0.0)	(6.0, 0.0)	(7.0, 0.0)	(8.0, 0.0)	(9.0, 0.0)	(10.0, 0.0)	(11.0, 0.0)	(12.0, 0.0)	(13.0, 0.0)	(14.0, 0.0)	(15.0, 0.0)	(16.0, 0.0)	(17.0, 0.0)	(18.0, 0.0)	(19.0, 0.0)	(20.0, 0.0)	(21.0, 0.0)	(22.0, 0.0)	(23.0, 0.0)	(24.0, 0.0)	(25.0, 0.3333333333333333)	(26.0, 0.3333333333333333)	(27.0, 0.0)	(28.0, 0.34090909090909094)	(29.0, 0.7282547699214366)	(30.0, 0.841185173443238)	(31.0, 1.2424033222843158)	(32.0, 1.80042294429745)	(33.0, 2.6590124558317947)	(34.0, 3.7649320743289314)	(35.0, 3.7631212866027957)	(36.0, 3.999527836043396)	(37.0, 5.715186894626663)	(38.0, 7.783465788643135)	(39.0, 7.2987569627563955)	(40.0, 5.4624365024218156)	(41.0, 5.061325494689168)	(42.0, 2.7685001042996653)	(43.0, 1.717408952342727)	(44.0, 1.7909090909090908)	(45.0, 1.8928571428571428)	(46.0, 1.880952380952381)	(47.0, 0.6155913978494623)	(48.0, 0.125)	(49.0, 0.0)	(50.0, 0.532258064516129)	(51.0, 1.0)	(52.0, 0.5)	(53.0, 0.0)	(54.0, 0.0)	(55.0, 0.0)	(56.0, 0.0)	(57.0, 0.0)	(58.0, 0.25)	(59.0, 0.25)	(60.0, 0.0)	(61.0, 0.0)	(62.0, 0.0)	(63.0, 0.0)	(64.0, 0.0)	(65.0, 0.0)	(66.0, 0.0)	(67.0, 0.0)	(68.0, 0.0)	(69.0, 0.0)	(70.0, 0.0)	(71.0, 0.0)	(72.0, 0.0)	(73.0, 0.0)	(74.0, 0.0)	(75.0, 0.0)	(76.0, 0.0)	(77.0, 0.0)	(78.0, 0.0)	(79.0, 0.0)	(80.0, 0.0)	(81.0, 0.0)	(82.0, 0.0)	(83.0, 0.0)	(84.0, 0.0)	(85.0, 0.0)	(86.0, 0.0)	(87.0, 0.0)	(88.0, 0.0)	(89.0, 0.0)	(90.0, 0.0)	(91.0, 0.0)	(92.0, 0.0)	(93.0, 0.0)	(94.0, 0.0)	(95.0, 0.0)	(96.0, 0.0)	(97.0, 0.0)	(98.0, 0.0)	(99.0, 0.0)	(100.0, 0.0)
FAY99780_pass_barcode01_98e12ebb_5ad7f319_121	(0.0, 0.0)	(1.0, 0.0)	(2.0, 0.0)	(3.0, 0.0)	(4.0, 0.0)	(5.0, 0.0)	(6.0, 0.0)	(7.0, 0.0)	(8.0, 0.0)	(9.0, 0.0)	(10.0, 0.0)	(11.0, 0.0)	(12.0, 0.0)	(13.0, 0.0)	(14.0, 0.0)	(15.0, 0.0)	(16.0, 0.0)	(17.0, 0.0)	(18.0, 0.0)	(19.0, 0.0)	(20.0, 0.0)	(21.0, 0.0)	(22.0, 0.0)	(23.0, 0.0)	(24.0, 0.0)	(25.0, 0.0)	(26.0, 0.0)	(27.0, 0.0)	(28.0, 0.3666666666666667)	(29.0, 0.0)	(30.0, 0.6109079011039795)	(31.0, 0.19310409706340037)	(32.0, 0.5871349760958539)	(33.0, 0.9918679886421823)	(34.0, 2.6581638306378284)	(35.0, 2.708543722645803)	(36.0, 5.362582775223994)	(37.0, 4.995211518326093)	(38.0, 5.828435445425028)	(39.0, 4.289043950489541)	(40.0, 4.732900749208565)	(41.0, 3.052016230996617)	(42.0, 2.4259984922848807)	(43.0, 2.206500488758553)	(44.0, 1.5984848484848484)	(45.0, 0.09090909090909091)	(46.0, 0.0)	(47.0, 0.25)	(48.0, 0.1)	(49.0, 0.03225806451612903)	(50.0, 0.0)	(51.0, 0.03225806451612903)	(52.0, 0.0)	(53.0, 0.3333333333333333)	(54.0, 0.5)	(55.0, 0.5)	(56.0, 0.0)	(57.0, 0.0)	(58.0, 0.0)	(59.0, 0.0)	(60.0, 0.0)	(61.0, 0.0)	(62.0, 0.0)	(63.0, 0.0)	(64.0, 0.0)	(65.0, 0.0)	(66.0, 0.0)	(67.0, 0.0)	(68.0, 0.0)	(69.0, 0.0)	(70.0, 0.0)	(71.0, 0.0)	(72.0, 0.0)	(73.0, 0.0)	(74.0, 0.0)	(75.0, 0.0)	(76.0, 0.0)	(77.0, 0.0)	(78.0, 0.0)	(79.0, 0.0)	(80.0, 0.0)	(81.0, 0.0)	(82.0, 0.0)	(83.0, 0.0)	(84.0, 0.0)	(85.0, 0.0)	(86.0, 0.0)	(87.0, 0.0)	(88.0, 0.0)	(89.0, 0.0)	(90.0, 0.0)	(91.0, 0.0)	(92.0, 0.0)	(93.0, 0.0)	(94.0, 0.0)	(95.0, 0.0)	(96.0, 0.0)	(97.0, 0.0)	(98.0, 0.0)	(99.0, 0.0)	(100.0, 0.0)
FAY99780_pass_barcode01_98e12ebb_5ad7f319_122	(0.0, 0.0)	(1.0, 0.0)	(2.0, 0.0)	(3.0, 0.0)	(4.0, 0.0)	(5.0, 0.0)	(6.0, 0.0)	(7.0, 0.0)	(8.0, 0.0)	(9.0, 0.0)	(10.0, 0.0)	(11.0, 0.0)	(12.0, 0.0)	(13.0, 0.0)	(14.0, 0.0)	(15.0, 0.0)	(16.0, 0.0)	(17.0, 0.0)	(18.0, 0.0)	(19.0, 0.0)	(20.0, 0.0)	(21.0, 0.0)	(22.0, 0.0)	(23.0, 0.3333333333333333)	(24.0, 0.3333333333333333)	(25.0, 0.0)	(26.0, 0.0)	(27.0, 0.0)	(28.0, 0.09090909090909091)	(29.0, 0.09090909090909091)	(30.0, 0.4714325985025295)	(31.0, 0.19916801732901582)	(32.0, 0.6793725827849976)	(33.0, 1.9359103618078204)	(34.0, 2.293089115601078)	(35.0, 3.7870985061369384)	(36.0, 3.3141114793412134)	(37.0, 6.363097594235369)	(38.0, 6.46864371497798)	(39.0, 5.713350259840344)	(40.0, 5.961273755234396)	(41.0, 4.576126548563224)	(42.0, 3.0801382870938414)	(43.0, 1.5409090909090908)	(44.0, 2.1851922587216706)	(45.0, 2.0575200377180574)	(46.0, 1.3166666666666667)	(47.0, 0.5)	(48.0, 0.3333333333333333)	(49.0, 0.5)	(50.0, 0.5)	(51.0, 0.0)	(52.0, 0.0)	(53.0, 0.0)	(54.0, 0.0)	(55.0, 0.0)	(56.0, 0.0)	(57.0, 0.0)	(58.0, 0.0)	(59.0, 0.0)	(60.0, 0.0)	(61.0, 0.0)	(62.0, 0.0)	(63.0, 0.0)	(64.0, 0.0)	(65.0, 0.0)	(66.0, 0.0)	(67.0, 0.0)	(68.0, 0.0)	(69.0, 0.0)	(70.0, 0.0)	(71.0, 0.0)	(72.0, 0.0)	(73.0, 0.0)	(74.0, 0.0)	(75.0, 0.0)	(76.0, 0.0)	(77.0, 0.0)	(78.0, 0.0)	(79.0, 0.0)	(80.0, 0.0)	(81.0, 0.0)	(82.0, 0.0)	(83.0, 0.0)	(84.0, 0.0)	(85.0, 0.0)	(86.0, 0.0)	(87.0, 0.0)	(88.0, 0.0)	(89.0, 0.0)	(90.0, 0.0)	(91.0, 0.0)	(92.0, 0.0)	(93.0, 0.0)	(94.0, 0.0)	(95.0, 0.0)	(96.0, 0.0)	(97.0, 0.0)	(98.0, 0.0)	(99.0, 0.0)	(100.0, 0.0)
FAY99780_pass_barcode01_98e12ebb_5ad7f319_123	(0.0, 1.0)	(1.0, 1.0)	(2.0, 1.0)	(3.0, 1.0)	(4.0, 1.0)	(5.0, 1.0)	(6.0, 1.0)	(7.0, 1.0)	(8.0, 1.0)	(9.0, 1.0)	(10.0, 1.0)	(11.0, 1.0)	(12.0, 1.0)	(13.0, 1.0)	(14.0, 1.0)	(15.0, 1.0)	(16.0, 1.0)	(17.0, 0.5)	(18.0, 0.0)	(19.0, 0.0)	(20.0, 0.0)	(21.0, 0.0)	(22.0, 0.0)	(23.0, 0.0)	(24.0, 0.5)	(25.0, 0.75)	(26.0, 0.2)	(27.0, 0.4)	(28.0, 0.5)	(29.0, 1.3375801933676696)	(30.0, 0.7788018433179723)	(31.0, 0.7067901234567902)	(32.0, 1.1502318264613347)	(33.0, 1.9586464864490494)	(34.0, 1.226428621153902)	(35.0, 2.545223354558438)	(36.0, 5.054634640720108)	(37.0, 4.644644988070036)	(38.0, 6.06415456505211)	(39.0, 5.8411834848660815)	(40.0, 4.4698871183115)	(41.0, 4.14451505925502)	(42.0, 3.703603238662445)	(43.0, 3.255194805194805)	(44.0, 1.6981096732522247)	(45.0, 1.5075757575757576)	(46.0, 0.0)	(47.0, 0.25)	(48.0, 0.8666666666666667)	(49.0, 0.0)	(50.0, 0.0)	(51.0, 0.0)	(52.0, 0.0)	(53.0, 0.2857142857142857)	(54.0, 0.125)	(55.0, 0.0)	(56.0, 0.0)	(57.0, 0.0)	(58.0, 0.0)	(59.0, 0.0)	(60.0, 0.0)	(61.0, 0.0)	(62.0, 0.0)	(63.0, 0.0)	(64.0, 0.0)	(65.0, 0.0)	(66.0, 0.0)	(67.0, 0.0)	(68.0, 0.0)	(69.0, 0.0)	(70.0, 0.0)	(71.0, 0.0)	(72.0, 0.0)	(73.0, 0.0)	(74.0, 0.0)	(75.0, 0.0)	(76.0, 0.0)	(77.0, 0.0)	(78.0, 0.0)	(79.0, 0.0)	(80.0, 0.0)	(81.0, 0.0)	(82.0, 0.0)	(83.0, 0.0)	(84.0, 0.0)	(85.0, 0.0)	(86.0, 0.0)	(87.0, 0.0)	(88.0, 0.0)	(89.0, 0.0)	(90.0, 0.0)	(91.0, 0.0)	(92.0, 0.0)	(93.0, 0.0)	(94.0, 0.0)	(95.0, 0.0)	(96.0, 0.0)	(97.0, 0.0)	(98.0, 0.0)	(99.0, 0.0)	(100.0, 0.0)
FAY99780_pass_barcode01_98e12ebb_5ad7f319_124	(0.0, 0.0)	(1.0, 0.0)	(2.0, 0.0)	(3.0, 0.0)	(4.0, 0.0)	(5.0, 0.0)	(6.0, 0.0)	(7.0, 0.0)	(8.0, 0.0)	(9.0, 0.0)	(10.0, 0.0)	(11.0, 0.0)	(12.0, 0.0)	(13.0, 0.0)	(14.0, 0.0)	(15.0, 0.0)	(16.0, 0.0)	(17.0, 0.0)	(18.0, 0.0)	(19.0, 0.0)	(20.0, 0.0)	(21.0, 0.0)	(22.0, 0.0)	(23.0, 0.0)	(24.0, 0.0)	(25.0, 0.0)	(26.0, 0.2)	(27.0, 0.3333333333333333)	(28.0, 0.05186590765338393)	(29.0, 0.1989247311827957)	(30.0, 0.3655913978494624)	(31.0, 0.8438843878705775)	(32.0, 0.7558328209332515)	(33.0, 1.6936646963872235)	(34.0, 3.335036745924056)	(35.0, 4.264548112510706)	(36.0, 6.282905414849915)	(37.0, 7.955292025916067)	(38.0, 8.39708944771419)	(39.0, 7.4397278699670535)	(40.0, 7.826045087197886)	(41.0, 5.479057261839341)	(42.0, 2.903903086161151)	(43.0, 1.408008658008658)	(44.0, 1.3236326681448634)	(45.0, 1.4441638608305274)	(46.0, 0.34090909090909094)	(47.0, 0.0)	(48.0, 0.5)	(49.0, 0.5)	(50.0, 0.7559523809523809)	(51.0, 0.3611111111111111)	(52.0, 0.3333333333333333)	(53.0, 0.2)	(54.0, 0.14285714285714285)	(55.0, 0.0)	(56.0, 0.0)	(57.0, 0.0)	(58.0, 0.0)	(59.0, 0.0)	(60.0, 0.0)	(61.0, 0.0)	(62.0, 0.0)	(63.0, 0.0)	(64.0, 0.0)	(65.0, 0.0)	(66.0, 0.0)	(67.0, 0.0)	(68.0, 0.0)	(69.0, 0.0)	(70.0, 0.0)	(71.0, 0.0)	(72.0, 0.0)	(73.0, 0.0)	(74.0, 0.0)	(75.0, 0.0)	(76.0, 0.0)	(77.0, 0.0)	(78.0, 0.0)	(79.0, 0.0)	(80.0, 0.0)	(81.0, 0.0)	(82.0, 0.0)	(83.0, 0.0)	(84.0, 0.0)	(85.0, 0.0)	(86.0, 0.0)	(87.0, 0.0)	(88.0, 0.0)	(89.0, 0.0)	(90.0, 0.0)	(91.0, 0.0)	(92.0, 0.0)	(93.0, 0.0)	(94.0, 0.0)	(95.0, 0.0)	(96.0, 0.0)	(97.0, 0.0)	(98.0, 0.0)	(99.0, 0.0)	(100.0, 0.0)
FAY99780_pass_barcode01_98e12ebb_5ad7f319_125	(0.0, 0.0)	(1.0, 0.0)	(2.0, 0.0)	(3.0, 0.0)	(4.0, 0.0)	(5.0, 0.0)	(6.0, 0.0)	(7.0, 0.0)	(8.0, 0.0)	(9.0, 0.0)	(10.0, 0.0)	(11.0, 0.0)	(12.0, 0.0)	(13.0, 0.0)	(14.0, 0.0)	(15.0, 0.0)	(16.0, 0.0)	(17.0, 0.0)	(18.0, 0.0)	(19.0, 0.0)	(20.0, 0.0)	(21.0, 0.5)	(22.0, 1.0)	(23.0, 1.0)	(24.0, 1.0)	(25.0, 1.0)	(26.0, 1.0)	(27.0, 1.4318181818181819)	(28.0, 1.125)	(29.0, 1.2014260249554367)	(30.0, 1.3374528697109342)	(31.0, 1.7246475446736542)	(32.0, 1.6214217530196768)	(33.0, 1.8128422502039792)	(34.0, 3.6845481988214512)	(35.0, 4.727065849231173)	(36.0, 6.136986659131296)	(37.0, 10.564491067471462)	(38.0, 8.501584454372175)	(39.0, 6.802018841523162)	(40.0, 6.2288794548974264)	(41.0, 5.337416319779702)	(42.0, 3.231182493638577)	(43.0, 3.8671028466483013)	(44.0, 4.0913419913419915)	(45.0, 2.515151515151515)	(46.0, 1.547417840375587)	(47.0, 1.0)	(48.0, 0.8333333333333333)	(49.0, 0.5)	(50.0, 0.5)	(51.0, 0.1)	(52.0, 0.0)	(53.0, 0.16666666666666666)	(54.0, 0.2909090909090909)	(55.0, 0.2)	(56.0, 0.2)	(57.0, 0.0)	(58.0, 0.0)	(59.0, 0.0)	(60.0, 0.0)	(61.0, 0.0)	(62.0, 0.0)	(63.0, 0.0)	(64.0, 0.0)	(65.0, 0.0)	(66.0, 0.0)	(67.0, 0.0)	(68.0, 0.0)	(69.0, 0.0)	(70.0, 0.0)	(71.0, 0.0)	(72.0, 0.0)	(73.0, 0.0)	(74.0, 0.0)	(75.0, 0.0)	(76.0, 0.0)	(77.0, 0.0)	(78.0, 0.0)	(79.0, 0.0)	(80.0, 0.0)	(81.0, 0.0)	(82.0, 0.0)	(83.0, 0.0)	(84.0, 0.0)	(85.0, 0.0)	(86.0, 0.0)	(87.0, 0.0)	(88.0, 0.0)	(89.0, 0.0)	(90.0, 0.0)	(91.0, 0.0)	(92.0, 0.0)	(93.0, 0.0)	(94.0, 0.0)	(95.0, 0.0)	(96.0, 0.0)	(97.0, 0.0)	(98.0, 0.0)	(99.0, 0.0)	(100.0, 0.0)
FAY99780_pass_barcode01_98e12ebb_5ad7f319_126	(0.0, 0.0)	(1.0, 0.0)	(2.0, 0.0)	(3.0, 0.0)	(4.0, 0.0)	(5.0, 0.0)	(6.0, 0.0)	(7.0, 0.0)	(8.0, 0.0)	(9.0, 0.0)	(10.0, 0.0)	(11.0, 0.0)	(12.0, 0.0)	(13.0, 0.0)	(14.0, 0.0)	(15.0, 0.0)	(16.0, 0.0)	(17.0, 0.0)	(18.0, 0.0)	(19.0, 0.0)	(20.0, 0.0)	(21.0, 0.0)	(22.0, 0.0)	(23.0, 0.0)	(24.0, 0.0)	(25.0, 0.125)	(26.0, 0.0)	(27.0, 0.2)	(28.0, 0.0)	(29.0, 0.49279549456575417)	(30.0, 0.4385109592526626)	(31.0, 1.081323633093893)	(32.0, 1.6414626728774466)	(33.0, 1.0925765130487568)	(34.0, 2.3994673033851965)	(35.0, 5.096843797656124)	(36.0, 5.520440454760975)	(37.0, 7.16118830962379)	(38.0, 7.834539317018481)	(39.0, 8.252973731904568)	(40.0, 7.42934870586105)	(41.0, 5.6037107646009074)	(42.0, 3.3646041368848127)	(43.0, 2.552020202020202)	(44.0, 1.6398338220918864)	(45.0, 1.7489177489177488)	(46.0, 0.9523809523809523)	(47.0, 0.125)	(48.0, 0.0)	(49.0, 0.03225806451612903)	(50.0, 0.532258064516129)	(51.0, 1.0)	(52.0, 1.0)	(53.0, 1.0)	(54.0, 1.0)	(55.0, 1.0)	(56.0, 1.0)	(57.0, 1.3333333333333333)	(58.0, 1.3333333333333333)	(59.0, 1.0)	(60.0, 1.0)	(61.0, 1.0)	(62.0, 1.0)	(63.0, 1.0)	(64.0, 1.0)	(65.0, 1.0)	(66.0, 1.0)	(67.0, 1.0)	(68.0, 1.0)	(69.0, 1.0)	(70.0, 1.0)	(71.0, 1.0)	(72.0, 1.0)	(73.0, 1.0)	(74.0, 1.0)	(75.0, 1.0)	(76.0, 1.0)	(77.0, 1.0)	(78.0, 1.0)	(79.0, 1.0)	(80.0, 1.0)	(81.0, 1.0)	(82.0, 1.0)	(83.0, 1.0)	(84.0, 1.0)	(85.0, 1.0)	(86.0, 1.0)	(87.0, 1.0)	(88.0, 1.0)	(89.0, 1.0)	(90.0, 1.0)	(91.0, 1.0)	(92.0, 1.0)	(93.0, 1.0)	(94.0, 1.0)	(95.0, 1.0)	(96.0, 1.0)	(97.0, 1.0)	(98.0, 1.0)	(99.0, 1.0)	(100.0, 1.0)
FAY99780_pass_barcode01_98e12ebb_5ad7f319_127	(0.0, 1.0)	(1.0, 1.0)	(2.0, 1.0)	(3.0, 1.0)	(4.0, 1.0)	(5.0, 1.0)	(6.0, 1.0)	(7.0, 1.0)	(8.0, 1.0)	(9.0, 1.0)	(10.0, 0.5)	(11.0, 0.0)	(12.0, 0.0)	(13.0, 0.0)	(14.0, 0.0)	(15.0, 0.0)	(16.0, 0.0)	(17.0, 0.0)	(18.0, 0.0)	(19.0, 0.0)	(20.0, 0.0)	(21.0, 0.0)	(22.0, 0.0)	(23.0, 0.0)	(24.0, 0.0)	(25.0, 0.0)	(26.0, 0.0)	(27.0, 0.0)	(28.0, 0.0)	(29.0, 0.03225806451612903)	(30.0, 0.32249297996528753)	(31.0, 1.1165552268130592)	(32.0, 1.3423084548234256)	(33.0, 2.9358072915257614)	(34.0, 2.6913721338102063)	(35.0, 3.911984573987221)	(36.0, 3.7825559126190087)	(37.0, 4.071076355965125)	(38.0, 5.630101744134165)	(39.0, 4.638217662698096)	(40.0, 5.739496154432401)	(41.0, 5.166329370288316)	(42.0, 6.01674229743215)	(43.0, 2.0154761904761904)	(44.0, 1.7771836007130122)	(45.0, 1.3777777777777778)	(46.0, 0.3333333333333333)	(47.0, 0.25)	(48.0, 0.34090909090909094)	(49.0, 0.047619047619047616)	(50.0, 0.0)	(51.0, 0.0)	(52.0, 0.0)	(53.0, 0.0)	(54.0, 0.14285714285714285)	(55.0, 0.0)	(56.0, 0.0)	(57.0, 0.0)	(58.0, 0.0)	(59.0, 0.0)	(60.0, 0.0)	(61.0, 0.0)	(62.0, 0.0)	(63.0, 0.0)	(64.0, 0.0)	(65.0, 0.0)	(66.0, 0.0)	(67.0, 0.0)	(68.0, 0.0)	(69.0, 0.0)	(70.0, 0.0)	(71.0, 0.0)	(72.0, 0.3333333333333333)	(73.0, 0.0)	(74.0, 0.0)	(75.0, 0.0)	(76.0, 0.0)	(77.0, 0.0)	(78.0, 0.0)	(79.0, 0.0)	(80.0, 0.0)	(81.0, 0.0)	(82.0, 0.0)	(83.0, 0.0)	(84.0, 0.0)	(85.0, 0.0)	(86.0, 0.0)	(87.0, 0.0)	(88.0, 0.0)	(89.0, 0.0)	(90.0, 0.0)	(91.0, 0.0)	(92.0, 0.0)	(93.0, 0.0)	(94.0, 0.0)	(95.0, 0.0)	(96.0, 0.0)	(97.0, 0.0)	(98.0, 0.0)	(99.0, 0.0)	(100.0, 0.0)
FAY99780_pass_barcode01_98e12ebb_5ad7f319_128	(0.0, 0.0)	(1.0, 0.0)	(2.0, 0.0)	(3.0, 0.0)	(4.0, 0.0)	(5.0, 0.0)	(6.0, 0.0)	(7.0, 0.0)	(8.0, 0.0)	(9.0, 0.0)	(10.0, 0.0)	(11.0, 0.0)	(12.0, 0.0)	(13.0, 0.0)	(14.0, 0.0)	(15.0, 0.0)	(16.0, 0.0)	(17.0, 0.0)	(18.0, 0.0)	(19.0, 0.0)	(20.0, 0.0)	(21.0, 0.0)	(22.0, 0.3333333333333333)	(23.0, 0.0)	(24.0, 0.0)	(25.0, 0.0)	(26.0, 0.125)	(27.0, 0.13734567901234568)	(28.0, 0.07200929152148663)	(29.0, 0.16722689075630254)	(30.0, 0.03429123400144893)	(31.0, 0.9242424242424243)	(32.0, 1.2514886295360326)	(33.0, 1.591612297339657)	(34.0, 1.03594672396423)	(35.0, 3.5251687466031605)	(36.0, 3.8534077405474476)	(37.0, 5.322839406762388)	(38.0, 6.747442598690761)	(39.0, 6.677642412481347)	(40.0, 6.364075410873348)	(41.0, 4.686568288663583)	(42.0, 2.31018840314615)	(43.0, 2.739620891391151)	(44.0, 1.589541759053954)	(45.0, 2.1383269312846775)	(46.0, 0.7333333333333334)	(47.0, 0.6989247311827957)	(48.0, 0.3333333333333333)	(49.0, 0.3333333333333333)	(50.0, 0.23376623376623376)	(51.0, 0.047619047619047616)	(52.0, 0.2)	(53.0, 0.2909090909090909)	(54.0, 0.0)	(55.0, 0.3333333333333333)	(56.0, 0.0)	(57.0, 0.0)	(58.0, 0.0)	(59.0, 0.0)	(60.0, 0.0)	(61.0, 0.0)	(62.0, 0.0)	(63.0, 0.0)	(64.0, 0.0)	(65.0, 0.0)	(66.0, 0.0)	(67.0, 0.0)	(68.0, 0.0)	(69.0, 0.0)	(70.0, 0.0)	(71.0, 0.0)	(72.0, 0.0)	(73.0, 0.0)	(74.0, 0.0)	(75.0, 0.0)	(76.0, 0.0)	(77.0, 0.0)	(78.0, 0.0)	(79.0, 0.0)	(80.0, 0.0)	(81.0, 0.0)	(82.0, 0.0)	(83.0, 0.0)	(84.0, 0.0)	(85.0, 0.0)	(86.0, 0.0)	(87.0, 0.0)	(88.0, 0.0)	(89.0, 0.0)	(90.0, 0.0)	(91.0, 0.0)	(92.0, 0.0)	(93.0, 0.0)	(94.0, 0.0)	(95.0, 0.0)	(96.0, 0.0)	(97.0, 0.0)	(98.0, 0.0)	(99.0, 0.0)	(100.0, 0.0)
FAY99780_pass_barcode01_98e12ebb_5ad7f319_129	(0.0, 0.0)	(1.0, 0.0)	(2.0, 0.0)	(3.0, 0.0)	(4.0, 0.0)	(5.0, 0.0)	(6.0, 0.0)	(7.0, 0.0)	(8.0, 0.0)	(9.0, 0.0)	(10.0, 0.0)	(11.0, 0.0)	(12.0, 0.0)	(13.0, 0.0)	(14.0, 0.0)	(15.0, 0.0)	(16.0, 0.0)	(17.0, 0.0)	(18.0, 0.0)	(19.0, 0.0)	(20.0, 0.0)	(21.0, 0.0)	(22.0, 0.3333333333333333)	(23.0, 0.0)	(24.0, 0.0)	(25.0, 0.0)	(26.0, 0.0)	(27.0, 0.18181818181818182)	(28.0, 0.046342571558382555)	(29.0, 0.15725806451612903)	(30.0, 0.442319536831732)	(31.0, 0.3785863205791359)	(32.0, 0.8308685824978397)	(33.0, 2.177398154343316)	(34.0, 2.5074995159285596)	(35.0, 3.4723339541457867)	(36.0, 5.6191164229996335)	(37.0, 6.826556747457767)	(38.0, 6.528534095410609)	(39.0, 4.7553110254946676)	(40.0, 4.301466002179043)	(41.0, 3.096016215682649)	(42.0, 2.845421997971154)	(43.0, 2.2315656565656563)	(44.0, 1.3442831678125795)	(45.0, 0.6666666666666666)	(46.0, 1.002168021680217)	(47.0, 0.0)	(48.0, 0.4565004887585532)	(49.0, 0.0)	(50.0, 0.2233149750852347)	(51.0, 0.0)	(52.0, 0.0)	(53.0, 0.0)	(54.0, 0.0)	(55.0, 0.0)	(56.0, 0.0)	(57.0, 0.0)	(58.0, 0.0)	(59.0, 0.0)	(60.0, 0.3333333333333333)	(61.0, 0.0)	(62.0, 0.0)	(63.0, 0.0)	(64.0, 0.0)	(65.0, 0.0)	(66.0, 0.0)	(67.0, 0.0)	(68.0, 0.0)	(69.0, 0.0)	(70.0, 0.0)	(71.0, 0.0)	(72.0, 0.0)	(73.0, 0.0)	(74.0, 0.0)	(75.0, 0.0)	(76.0, 0.0)	(77.0, 0.0)	(78.0, 0.0)	(79.0, 0.0)	(80.0, 0.0)	(81.0, 0.0)	(82.0, 0.0)	(83.0, 0.0)	(84.0, 0.0)	(85.0, 0.0)	(86.0, 0.0)	(87.0, 0.0)	(88.0, 0.0)	(89.0, 0.0)	(90.0, 0.0)	(91.0, 0.0)	(92.0, 0.0)	(93.0, 0.0)	(94.0, 0.0)	(95.0, 0.0)	(96.0, 0.0)	(97.0, 0.0)	(98.0, 0.0)	(99.0, 0.0)	(100.0, 0.0)
FAY99780_pass_barcode01_98e12ebb_5ad7f319_13	(0.0, 0.0)	(1.0, 0.0)	(2.0, 0.0)	(3.0, 0.0)	(4.0, 0.0)	(5.0, 0.0)	(6.0, 0.0)	(7.0, 0.0)	(8.0, 0.0)	(9.0, 0.0)	(10.0, 0.0)	(11.0, 0.0)	(12.0, 0.0)	(13.0, 0.0)	(14.0, 0.0)	(15.0, 0.0)	(16.0, 0.5)	(17.0, 0.5)	(18.0, 0.0)	(19.0, 0.0)	(20.0, 0.0)	(21.0, 0.5)	(22.0, 0.5)	(23.0, 0.0)	(24.0, 0.0)	(25.0, 0.2361111111111111)	(26.0, 0.1111111111111111)	(27.0, 0.5798771121351767)	(28.0, 1.430194805194805)	(29.0, 1.1114220699096427)	(30.0, 1.3163334381954395)	(31.0, 3.293242071969273)	(32.0, 4.846205854131751)	(33.0, 5.6858267263543745)	(34.0, 4.506716485435878)	(35.0, 9.236530720619449)	(36.0, 14.58806569358505)	(37.0, 16.18982694043335)	(38.0, 19.920815781832378)	(39.0, 16.08018031731811)	(40.0, 15.427157728598761)	(41.0, 11.65623418736917)	(42.0, 6.684204180161695)	(43.0, 4.442106549364614)	(44.0, 2.8766233766233764)	(45.0, 2.85530303030303)	(46.0, 3.6318181818181814)	(47.0, 2.658135981665393)	(48.0, 1.41321044546851)	(49.0, 0.9655913978494624)	(50.0, 0.9520202020202021)	(51.0, 0.5909090909090909)	(52.0, 0.0)	(53.0, 0.0)	(54.0, 0.0)	(55.0, 0.5)	(56.0, 0.5)	(57.0, 0.3333333333333333)	(58.0, 0.3333333333333333)	(59.0, 0.0)	(60.0, 0.0)	(61.0, 0.0)	(62.0, 0.0)	(63.0, 0.0)	(64.0, 0.0)	(65.0, 0.0)	(66.0, 0.0)	(67.0, 0.0)	(68.0, 0.0)	(69.0, 0.0)	(70.0, 0.0)	(71.0, 0.0)	(72.0, 0.0)	(73.0, 0.0)	(74.0, 0.0)	(75.0, 0.0)	(76.0, 0.0)	(77.0, 0.5)	(78.0, 0.5)	(79.0, 0.0)	(80.0, 0.0)	(81.0, 0.0)	(82.0, 0.0)	(83.0, 0.0)	(84.0, 0.0)	(85.0, 0.0)	(86.0, 0.0)	(87.0, 0.0)	(88.0, 0.0)	(89.0, 0.0)	(90.0, 0.0)	(91.0, 0.0)	(92.0, 0.0)	(93.0, 0.0)	(94.0, 0.0)	(95.0, 0.0)	(96.0, 0.0)	(97.0, 0.0)	(98.0, 0.0)	(99.0, 0.0)	(100.0, 0.0)
FAY99780_pass_barcode01_98e12ebb_5ad7f319_130	(0.0, 0.0)	(1.0, 0.0)	(2.0, 0.0)	(3.0, 0.0)	(4.0, 0.0)	(5.0, 0.0)	(6.0, 0.0)	(7.0, 0.0)	(8.0, 0.0)	(9.0, 0.0)	(10.0, 0.0)	(11.0, 0.0)	(12.0, 0.0)	(13.0, 0.0)	(14.0, 0.0)	(15.0, 0.0)	(16.0, 0.0)	(17.0, 0.0)	(18.0, 0.0)	(19.0, 0.0)	(20.0, 0.0)	(21.0, 0.0)	(22.0, 0.5)	(23.0, 0.5)	(24.0, 0.0)	(25.0, 0.0)	(26.0, 0.25)	(27.0, 0.6105169340463459)	(28.0, 0.0)	(29.0, 0.036001285760205726)	(30.0, 0.6304779496652043)	(31.0, 1.2989196681907833)	(32.0, 0.6773559309693119)	(33.0, 2.147510259774989)	(34.0, 2.7024990198237053)	(35.0, 4.255503130511383)	(36.0, 4.6121337746830875)	(37.0, 6.107528311614133)	(38.0, 8.38295177403347)	(39.0, 7.668122153897296)	(40.0, 5.616541747484798)	(41.0, 2.8022322053907396)	(42.0, 3.419703386128972)	(43.0, 2.652922077922078)	(44.0, 1.4036796536796534)	(45.0, 1.5923423423423424)	(46.0, 1.215151515151515)	(47.0, 0.9584485407066052)	(48.0, 0.5627705627705628)	(49.0, 0.1111111111111111)	(50.0, 0.3333333333333333)	(51.0, 0.2727272727272727)	(52.0, 0.0)	(53.0, 0.0)	(54.0, 0.0)	(55.0, 0.0)	(56.0, 0.0)	(57.0, 0.0)	(58.0, 0.0)	(59.0, 0.0)	(60.0, 0.0)	(61.0, 0.0)	(62.0, 0.3333333333333333)	(63.0, 0.0)	(64.0, 0.0)	(65.0, 0.0)	(66.0, 0.0)	(67.0, 0.0)	(68.0, 0.0)	(69.0, 0.0)	(70.0, 0.0)	(71.0, 0.0)	(72.0, 0.0)	(73.0, 0.0)	(74.0, 0.0)	(75.0, 0.0)	(76.0, 0.0)	(77.0, 0.0)	(78.0, 0.0)	(79.0, 0.0)	(80.0, 0.0)	(81.0, 0.0)	(82.0, 0.0)	(83.0, 0.0)	(84.0, 0.0)	(85.0, 0.0)	(86.0, 0.0)	(87.0, 0.0)	(88.0, 0.0)	(89.0, 0.0)	(90.0, 0.0)	(91.0, 0.0)	(92.0, 0.0)	(93.0, 0.0)	(94.0, 0.0)	(95.0, 0.0)	(96.0, 0.0)	(97.0, 0.0)	(98.0, 0.0)	(99.0, 0.0)	(100.0, 0.0)
FAY99780_pass_barcode01_98e12ebb_5ad7f319_131	(0.0, 0.0)	(1.0, 0.0)	(2.0, 0.0)	(3.0, 0.0)	(4.0, 0.0)	(5.0, 0.0)	(6.0, 0.0)	(7.0, 0.0)	(8.0, 0.0)	(9.0, 0.0)	(10.0, 0.0)	(11.0, 0.0)	(12.0, 0.0)	(13.0, 0.0)	(14.0, 0.0)	(15.0, 0.0)	(16.0, 0.0)	(17.0, 0.0)	(18.0, 0.0)	(19.0, 0.0)	(20.0, 0.0)	(21.0, 0.0)	(22.0, 0.0)	(23.0, 0.0)	(24.0, 0.0)	(25.0, 0.0)	(26.0, 0.0)	(27.0, 0.16666666666666666)	(28.0, 0.33890637293469705)	(29.0, 0.13490717794878485)	(30.0, 0.28130313709061333)	(31.0, 0.06722689075630252)	(32.0, 0.7481399240796472)	(33.0, 1.4937691574946474)	(34.0, 1.9112476861737953)	(35.0, 3.0695636446757053)	(36.0, 4.8067228306826415)	(37.0, 4.947689631485557)	(38.0, 7.351659103077783)	(39.0, 7.460889022192094)	(40.0, 5.120979450859476)	(41.0, 2.2020830587917954)	(42.0, 3.978433927491577)	(43.0, 2.5616756491317334)	(44.0, 2.283333333333333)	(45.0, 3.048484848484849)	(46.0, 1.482258064516129)	(47.0, 1.0)	(48.0, 1.0476190476190477)	(49.0, 0.5909090909090909)	(50.0, 0.9166666666666665)	(51.0, 0.14285714285714285)	(52.0, 0.0)	(53.0, 0.0)	(54.0, 0.5)	(55.0, 0.75)	(56.0, 0.5)	(57.0, 0.0)	(58.0, 0.0)	(59.0, 0.0)	(60.0, 0.0)	(61.0, 0.0)	(62.0, 0.0)	(63.0, 0.0)	(64.0, 0.0)	(65.0, 0.0)	(66.0, 0.0)	(67.0, 0.0)	(68.0, 0.0)	(69.0, 0.0)	(70.0, 0.0)	(71.0, 0.0)	(72.0, 0.0)	(73.0, 0.0)	(74.0, 0.0)	(75.0, 0.0)	(76.0, 0.0)	(77.0, 0.0)	(78.0, 0.0)	(79.0, 0.0)	(80.0, 0.0)	(81.0, 0.0)	(82.0, 0.0)	(83.0, 0.0)	(84.0, 0.0)	(85.0, 0.0)	(86.0, 0.0)	(87.0, 0.0)	(88.0, 0.0)	(89.0, 0.0)	(90.0, 0.0)	(91.0, 0.0)	(92.0, 0.0)	(93.0, 0.0)	(94.0, 0.0)	(95.0, 0.0)	(96.0, 0.0)	(97.0, 0.0)	(98.0, 0.0)	(99.0, 0.0)	(100.0, 0.0)
FAY99780_pass_barcode01_98e12ebb_5ad7f319_132	(0.0, 0.0)	(1.0, 0.0)	(2.0, 0.0)	(3.0, 0.0)	(4.0, 0.0)	(5.0, 0.0)	(6.0, 0.0)	(7.0, 0.0)	(8.0, 0.0)	(9.0, 0.0)	(10.0, 0.0)	(11.0, 0.0)	(12.0, 0.0)	(13.0, 0.0)	(14.0, 0.0)	(15.0, 0.0)	(16.0, 0.0)	(17.0, 0.0)	(18.0, 0.0)	(19.0, 0.0)	(20.0, 0.0)	(21.0, 0.0)	(22.0, 0.0)	(23.0, 0.0)	(24.0, 0.0)	(25.0, 0.5)	(26.0, 1.0)	(27.0, 0.5)	(28.0, 0.11529933481152993)	(29.0, 0.0)	(30.0, 0.0)	(31.0, 0.16621784191637262)	(32.0, 0.280690973253844)	(33.0, 0.8000935850038124)	(34.0, 1.1914599124035696)	(35.0, 1.6971305240500285)	(36.0, 3.388904822310521)	(37.0, 4.770007505590896)	(38.0, 4.34077750042351)	(39.0, 4.536008929958758)	(40.0, 4.455367063932395)	(41.0, 4.5930536796971495)	(42.0, 3.8873796568069015)	(43.0, 2.8821689379564144)	(44.0, 1.1742424242424243)	(45.0, 0.8909090909090909)	(46.0, 0.5140845070422535)	(47.0, 0.3333333333333333)	(48.0, 0.3333333333333333)	(49.0, 0.0)	(50.0, 0.0)	(51.0, 0.0)	(52.0, 0.0)	(53.0, 0.0)	(54.0, 0.0)	(55.0, 0.0)	(56.0, 0.0)	(57.0, 0.0)	(58.0, 0.0)	(59.0, 0.0)	(60.0, 0.0)	(61.0, 0.0)	(62.0, 0.0)	(63.0, 0.0)	(64.0, 0.0)	(65.0, 0.0)	(66.0, 0.0)	(67.0, 0.0)	(68.0, 0.0)	(69.0, 0.0)	(70.0, 0.0)	(71.0, 0.0)	(72.0, 0.0)	(73.0, 0.0)	(74.0, 0.0)	(75.0, 0.0)	(76.0, 0.0)	(77.0, 0.0)	(78.0, 0.0)	(79.0, 0.0)	(80.0, 0.0)	(81.0, 0.0)	(82.0, 0.0)	(83.0, 0.0)	(84.0, 0.0)	(85.0, 0.0)	(86.0, 0.0)	(87.0, 0.0)	(88.0, 0.0)	(89.0, 0.0)	(90.0, 0.0)	(91.0, 0.0)	(92.0, 0.0)	(93.0, 0.0)	(94.0, 0.0)	(95.0, 0.0)	(96.0, 0.0)	(97.0, 0.0)	(98.0, 0.0)	(99.0, 0.0)	(100.0, 0.0)
FAY99780_pass_barcode01_98e12ebb_5ad7f319_133	(0.0, 0.0)	(1.0, 0.0)	(2.0, 0.0)	(3.0, 0.0)	(4.0, 0.0)	(5.0, 0.0)	(6.0, 0.0)	(7.0, 0.0)	(8.0, 0.0)	(9.0, 0.0)	(10.0, 0.0)	(11.0, 0.0)	(12.0, 0.0)	(13.0, 0.0)	(14.0, 0.0)	(15.0, 0.0)	(16.0, 0.0)	(17.0, 0.0)	(18.0, 0.0)	(19.0, 0.0)	(20.0, 0.0)	(21.0, 0.0)	(22.0, 0.0)	(23.0, 0.0)	(24.0, 0.0)	(25.0, 0.0)	(26.0, 0.0)	(27.0, 0.345679012345679)	(28.0, 0.39734582357533177)	(29.0, 0.375)	(30.0, 0.7223407091442282)	(31.0, 0.7975439469178491)	(32.0, 1.002513481959452)	(33.0, 2.5149590509584043)	(34.0, 2.9696944921724233)	(35.0, 4.914146585849444)	(36.0, 6.917263959300272)	(37.0, 8.62547291688914)	(38.0, 7.729010186542254)	(39.0, 7.11061223524809)	(40.0, 6.7575403047031966)	(41.0, 6.968918140474996)	(42.0, 4.477243634501698)	(43.0, 3.6973274353729755)	(44.0, 2.6318181818181823)	(45.0, 1.515151515151515)	(46.0, 1.6095238095238094)	(47.0, 1.124242424242424)	(48.0, 0.2)	(49.0, 0.0)	(50.0, 0.15492158115108934)	(51.0, 0.3333333333333333)	(52.0, 0.3333333333333333)	(53.0, 0.0)	(54.0, 0.0)	(55.0, 0.25)	(56.0, 0.0)	(57.0, 0.0)	(58.0, 0.0)	(59.0, 0.0)	(60.0, 0.0)	(61.0, 0.0)	(62.0, 0.0)	(63.0, 0.0)	(64.0, 0.0)	(65.0, 0.0)	(66.0, 0.0)	(67.0, 0.0)	(68.0, 0.0)	(69.0, 0.5)	(70.0, 0.5)	(71.0, 0.0)	(72.0, 0.0)	(73.0, 0.0)	(74.0, 0.0)	(75.0, 0.0)	(76.0, 0.0)	(77.0, 0.0)	(78.0, 0.0)	(79.0, 0.0)	(80.0, 0.0)	(81.0, 0.0)	(82.0, 0.0)	(83.0, 0.0)	(84.0, 0.0)	(85.0, 0.0)	(86.0, 0.0)	(87.0, 0.0)	(88.0, 0.0)	(89.0, 0.0)	(90.0, 0.0)	(91.0, 0.0)	(92.0, 0.0)	(93.0, 0.0)	(94.0, 0.0)	(95.0, 0.0)	(96.0, 0.0)	(97.0, 0.0)	(98.0, 0.0)	(99.0, 0.0)	(100.0, 0.0)
FAY99780_pass_barcode01_98e12ebb_5ad7f319_134	(0.0, 0.0)	(1.0, 0.0)	(2.0, 0.0)	(3.0, 0.0)	(4.0, 0.0)	(5.0, 0.0)	(6.0, 0.0)	(7.0, 0.0)	(8.0, 0.0)	(9.0, 0.0)	(10.0, 0.0)	(11.0, 0.0)	(12.0, 0.0)	(13.0, 0.0)	(14.0, 0.0)	(15.0, 0.0)	(16.0, 0.0)	(17.0, 0.0)	(18.0, 0.0)	(19.0, 0.0)	(20.0, 0.0)	(21.0, 0.0)	(22.0, 0.0)	(23.0, 0.5)	(24.0, 1.5)	(25.0, 1.5)	(26.0, 1.0)	(27.0, 1.0)	(28.0, 0.532258064516129)	(29.0, 0.09090909090909091)	(30.0, 0.9271836007130125)	(31.0, 0.3850336159017831)	(32.0, 0.9776433604191108)	(33.0, 1.4425406524882165)	(34.0, 2.7511584360572505)	(35.0, 4.615268282537691)	(36.0, 5.642040227096558)	(37.0, 7.365298031407669)	(38.0, 8.799489889329703)	(39.0, 6.972401424494149)	(40.0, 6.325871857382333)	(41.0, 4.273028612639617)	(42.0, 2.228123453434141)	(43.0, 2.20578738201689)	(44.0, 1.3031008528597727)	(45.0, 0.6742424242424242)	(46.0, 0.0)	(47.0, 0.0)	(48.0, 0.25)	(49.0, 0.25)	(50.0, 0.0)	(51.0, 0.09090909090909091)	(52.0, 0.0)	(53.0, 0.0)	(54.0, 0.0)	(55.0, 0.14285714285714285)	(56.0, 0.14285714285714285)	(57.0, 0.0)	(58.0, 0.0)	(59.0, 0.0)	(60.0, 0.0)	(61.0, 0.0)	(62.0, 0.0)	(63.0, 0.0)	(64.0, 0.0)	(65.0, 0.0)	(66.0, 0.0)	(67.0, 0.0)	(68.0, 0.0)	(69.0, 0.0)	(70.0, 0.0)	(71.0, 0.0)	(72.0, 0.0)	(73.0, 0.0)	(74.0, 0.0)	(75.0, 0.0)	(76.0, 0.0)	(77.0, 0.0)	(78.0, 0.0)	(79.0, 0.0)	(80.0, 0.0)	(81.0, 0.0)	(82.0, 0.0)	(83.0, 0.0)	(84.0, 0.0)	(85.0, 0.0)	(86.0, 0.0)	(87.0, 0.0)	(88.0, 0.0)	(89.0, 0.0)	(90.0, 0.0)	(91.0, 0.0)	(92.0, 0.0)	(93.0, 0.0)	(94.0, 0.0)	(95.0, 0.0)	(96.0, 0.0)	(97.0, 0.0)	(98.0, 0.0)	(99.0, 0.0)	(100.0, 0.0)
FAY99780_pass_barcode01_98e12ebb_5ad7f319_135	(0.0, 0.0)	(1.0, 0.0)	(2.0, 0.0)	(3.0, 0.0)	(4.0, 0.0)	(5.0, 0.0)	(6.0, 0.0)	(7.0, 0.0)	(8.0, 0.0)	(9.0, 0.0)	(10.0, 0.0)	(11.0, 0.0)	(12.0, 0.0)	(13.0, 0.0)	(14.0, 0.0)	(15.0, 0.0)	(16.0, 0.0)	(17.0, 0.0)	(18.0, 0.0)	(19.0, 0.0)	(20.0, 0.0)	(21.0, 0.0)	(22.0, 0.0)	(23.0, 0.0)	(24.0, 0.0)	(25.0, 0.0)	(26.0, 0.17511520737327188)	(27.0, 0.16666666666666666)	(28.0, 0.09090909090909091)	(29.0, 0.09090909090909091)	(30.0, 0.2789384528514963)	(31.0, 0.48566914917625814)	(32.0, 0.7434277964031782)	(33.0, 1.353948341482916)	(34.0, 2.531469542269029)	(35.0, 5.090980769711044)	(36.0, 6.812634627949782)	(37.0, 6.929380431689468)	(38.0, 6.803995014632891)	(39.0, 5.491562503605608)	(40.0, 4.7832108126404025)	(41.0, 5.038217903980726)	(42.0, 3.9150403348522014)	(43.0, 3.1821859712103615)	(44.0, 1.7909090909090908)	(45.0, 2.48030303030303)	(46.0, 0.43376623376623374)	(47.0, 0.23376623376623376)	(48.0, 0.5)	(49.0, 0.5)	(50.0, 0.09090909090909091)	(51.0, 0.047619047619047616)	(52.0, 0.25)	(53.0, 0.5833333333333333)	(54.0, 0.1111111111111111)	(55.0, 0.0)	(56.0, 0.0)	(57.0, 0.0)	(58.0, 0.0)	(59.0, 0.0)	(60.0, 0.0)	(61.0, 0.0)	(62.0, 0.0)	(63.0, 0.0)	(64.0, 0.0)	(65.0, 0.0)	(66.0, 0.0)	(67.0, 0.0)	(68.0, 0.0)	(69.0, 0.0)	(70.0, 0.0)	(71.0, 0.0)	(72.0, 0.0)	(73.0, 0.0)	(74.0, 0.0)	(75.0, 0.0)	(76.0, 0.0)	(77.0, 0.0)	(78.0, 0.0)	(79.0, 0.0)	(80.0, 0.0)	(81.0, 0.0)	(82.0, 0.0)	(83.0, 0.0)	(84.0, 0.0)	(85.0, 0.0)	(86.0, 0.0)	(87.0, 0.0)	(88.0, 0.0)	(89.0, 0.0)	(90.0, 0.0)	(91.0, 0.0)	(92.0, 0.0)	(93.0, 0.0)	(94.0, 0.0)	(95.0, 0.0)	(96.0, 0.0)	(97.0, 0.0)	(98.0, 0.0)	(99.0, 0.0)	(100.0, 0.0)
FAY99780_pass_barcode01_98e12ebb_5ad7f319_136	(0.0, 0.0)	(1.0, 0.0)	(2.0, 0.0)	(3.0, 0.0)	(4.0, 0.0)	(5.0, 0.0)	(6.0, 0.0)	(7.0, 0.0)	(8.0, 0.0)	(9.0, 0.0)	(10.0, 0.0)	(11.0, 0.0)	(12.0, 0.0)	(13.0, 0.0)	(14.0, 0.0)	(15.0, 0.0)	(16.0, 0.0)	(17.0, 0.0)	(18.0, 0.0)	(19.0, 0.0)	(20.0, 0.0)	(21.0, 0.0)	(22.0, 0.0)	(23.0, 0.0)	(24.0, 0.0)	(25.0, 0.0)	(26.0, 0.0)	(27.0, 0.09090909090909091)	(28.0, 0.0)	(29.0, 0.03429123400144893)	(30.0, 0.8751236013531096)	(31.0, 1.1044175691456068)	(32.0, 1.8478050921900104)	(33.0, 1.72794192491532)	(34.0, 1.9630868349651174)	(35.0, 3.562420549829553)	(36.0, 4.799207569779066)	(37.0, 8.703584653473936)	(38.0, 9.7528791545509)	(39.0, 9.768510108031967)	(40.0, 5.776776625401939)	(41.0, 4.0198082925721)	(42.0, 3.643312289058741)	(43.0, 3.871536796536796)	(44.0, 3.371861471861472)	(45.0, 1.7393217893217892)	(46.0, 1.019047619047619)	(47.0, 1.9857142857142853)	(48.0, 2.0809523809523807)	(49.0, 0.5)	(50.0, 0.09090909090909091)	(51.0, 0.0)	(52.0, 0.0)	(53.0, 0.0)	(54.0, 0.0)	(55.0, 0.0)	(56.0, 0.0)	(57.0, 0.0)	(58.0, 0.0)	(59.0, 0.0)	(60.0, 0.0)	(61.0, 0.0)	(62.0, 0.0)	(63.0, 0.0)	(64.0, 0.25)	(65.0, 0.0)	(66.0, 0.0)	(67.0, 0.0)	(68.0, 0.0)	(69.0, 0.0)	(70.0, 0.0)	(71.0, 0.0)	(72.0, 0.0)	(73.0, 0.0)	(74.0, 0.0)	(75.0, 0.0)	(76.0, 0.0)	(77.0, 0.0)	(78.0, 0.0)	(79.0, 0.0)	(80.0, 0.0)	(81.0, 0.0)	(82.0, 0.0)	(83.0, 0.0)	(84.0, 0.0)	(85.0, 0.0)	(86.0, 0.0)	(87.0, 0.0)	(88.0, 0.0)	(89.0, 0.0)	(90.0, 0.0)	(91.0, 0.0)	(92.0, 0.0)	(93.0, 0.0)	(94.0, 0.0)	(95.0, 0.0)	(96.0, 0.0)	(97.0, 0.0)	(98.0, 0.0)	(99.0, 0.0)	(100.0, 0.0)
FAY99780_pass_barcode01_98e12ebb_5ad7f319_137	(0.0, 0.0)	(1.0, 0.0)	(2.0, 0.0)	(3.0, 0.0)	(4.0, 0.0)	(5.0, 0.0)	(6.0, 0.0)	(7.0, 0.0)	(8.0, 0.0)	(9.0, 0.0)	(10.0, 0.0)	(11.0, 0.0)	(12.0, 0.0)	(13.0, 0.0)	(14.0, 0.0)	(15.0, 0.0)	(16.0, 0.0)	(17.0, 0.0)	(18.0, 0.0)	(19.0, 0.0)	(20.0, 0.0)	(21.0, 0.0)	(22.0, 0.0)	(23.0, 0.0)	(24.0, 0.09090909090909091)	(25.0, 0.18181818181818182)	(26.0, 0.0)	(27.0, 0.0)	(28.0, 0.4242424242424242)	(29.0, 0.6732891832229579)	(30.0, 0.4565004887585533)	(31.0, 0.259959348378731)	(32.0, 0.7770579367750178)	(33.0, 2.1473479313762556)	(34.0, 5.1119478192058825)	(35.0, 5.506207205612323)	(36.0, 4.662601734411025)	(37.0, 6.5644419831221)	(38.0, 6.715672386948176)	(39.0, 7.514517609592664)	(40.0, 5.122907348145251)	(41.0, 5.642754805840131)	(42.0, 2.767817837220822)	(43.0, 1.6077646414680251)	(44.0, 0.7151515151515151)	(45.0, 0.41428571428571426)	(46.0, 1.743290043290043)	(47.0, 1.7142857142857142)	(48.0, 1.0833333333333333)	(49.0, 1.0833333333333333)	(50.0, 0.532258064516129)	(51.0, 0.4242424242424242)	(52.0, 0.0)	(53.0, 0.0)	(54.0, 0.0)	(55.0, 0.0)	(56.0, 0.2)	(57.0, 0.0)	(58.0, 0.0)	(59.0, 0.0)	(60.0, 0.0)	(61.0, 0.0)	(62.0, 0.0)	(63.0, 0.0)	(64.0, 0.0)	(65.0, 0.0)	(66.0, 0.3333333333333333)	(67.0, 0.3333333333333333)	(68.0, 0.0)	(69.0, 0.0)	(70.0, 0.0)	(71.0, 0.0)	(72.0, 0.0)	(73.0, 0.0)	(74.0, 0.0)	(75.0, 0.0)	(76.0, 0.0)	(77.0, 0.0)	(78.0, 0.0)	(79.0, 0.0)	(80.0, 0.0)	(81.0, 0.0)	(82.0, 0.0)	(83.0, 0.0)	(84.0, 0.0)	(85.0, 0.0)	(86.0, 0.0)	(87.0, 0.0)	(88.0, 0.0)	(89.0, 0.0)	(90.0, 0.0)	(91.0, 0.0)	(92.0, 0.0)	(93.0, 0.0)	(94.0, 0.0)	(95.0, 0.0)	(96.0, 0.0)	(97.0, 0.0)	(98.0, 0.0)	(99.0, 0.0)	(100.0, 0.0)
FAY99780_pass_barcode01_98e12ebb_5ad7f319_138	(0.0, 0.0)	(1.0, 0.0)	(2.0, 0.0)	(3.0, 0.0)	(4.0, 0.5)	(5.0, 1.0)	(6.0, 1.0)	(7.0, 1.0)	(8.0, 1.0)	(9.0, 1.0)	(10.0, 1.0)	(11.0, 1.0)	(12.0, 1.0)	(13.0, 0.5)	(14.0, 0.0)	(15.0, 0.0)	(16.0, 0.0)	(17.0, 0.0)	(18.0, 0.0)	(19.0, 0.0)	(20.0, 0.0)	(21.0, 0.0)	(22.0, 0.0)	(23.0, 0.0)	(24.0, 0.0)	(25.0, 0.0)	(26.0, 0.0)	(27.0, 0.0)	(28.0, 0.0)	(29.0, 0.08191028162049654)	(30.0, 0.047619047619047616)	(31.0, 0.19090909090909092)	(32.0, 1.3858760699043942)	(33.0, 0.6280310962982314)	(34.0, 1.6771994253236566)	(35.0, 2.9173909798945563)	(36.0, 3.4133873253427307)	(37.0, 5.654376095286618)	(38.0, 7.0635699766069795)	(39.0, 7.976974352089127)	(40.0, 5.115891664585085)	(41.0, 2.9206936424234162)	(42.0, 2.1705347122013787)	(43.0, 1.5268468091048737)	(44.0, 1.1734848484848484)	(45.0, 1.75)	(46.0, 2.043234323432343)	(47.0, 1.032258064516129)	(48.0, 1.0)	(49.0, 1.1231671554252198)	(50.0, 0.6868552298968367)	(51.0, 0.125)	(52.0, 0.16666666666666666)	(53.0, 0.16666666666666666)	(54.0, 0.0)	(55.0, 0.0)	(56.0, 0.0)	(57.0, 0.0)	(58.0, 0.0)	(59.0, 0.0)	(60.0, 0.0)	(61.0, 0.0)	(62.0, 0.0)	(63.0, 0.0)	(64.0, 0.0)	(65.0, 0.0)	(66.0, 0.0)	(67.0, 0.0)	(68.0, 0.0)	(69.0, 0.0)	(70.0, 0.0)	(71.0, 0.0)	(72.0, 0.0)	(73.0, 0.0)	(74.0, 0.0)	(75.0, 0.0)	(76.0, 0.0)	(77.0, 0.0)	(78.0, 0.0)	(79.0, 0.0)	(80.0, 0.0)	(81.0, 0.0)	(82.0, 0.0)	(83.0, 0.0)	(84.0, 0.0)	(85.0, 0.0)	(86.0, 0.0)	(87.0, 0.0)	(88.0, 0.0)	(89.0, 0.0)	(90.0, 0.0)	(91.0, 0.0)	(92.0, 0.0)	(93.0, 0.0)	(94.0, 0.0)	(95.0, 0.0)	(96.0, 0.0)	(97.0, 0.0)	(98.0, 0.0)	(99.0, 0.0)	(100.0, 0.0)
FAY99780_pass_barcode01_98e12ebb_5ad7f319_139	(0.0, 0.0)	(1.0, 0.0)	(2.0, 0.0)	(3.0, 0.0)	(4.0, 0.0)	(5.0, 0.0)	(6.0, 0.0)	(7.0, 0.0)	(8.0, 0.0)	(9.0, 0.0)	(10.0, 0.0)	(11.0, 0.0)	(12.0, 0.0)	(13.0, 0.0)	(14.0, 0.0)	(15.0, 0.0)	(16.0, 0.0)	(17.0, 0.0)	(18.0, 0.0)	(19.0, 0.0)	(20.0, 0.0)	(21.0, 0.0)	(22.0, 0.0)	(23.0, 0.0)	(24.0, 0.0)	(25.0, 0.0)	(26.0, 0.0)	(27.0, 0.0)	(28.0, 0.0)	(29.0, 0.474390243902439)	(30.0, 0.1111111111111111)	(31.0, 0.5160029961556679)	(32.0, 0.6714849399075329)	(33.0, 0.8886854731556657)	(34.0, 1.4000009106577147)	(35.0, 3.483824062238498)	(36.0, 4.30983206653742)	(37.0, 5.898972784666369)	(38.0, 7.490853478332231)	(39.0, 7.384357090412133)	(40.0, 5.053024059732297)	(41.0, 3.472291142213158)	(42.0, 2.6202175006772706)	(43.0, 1.244047619047619)	(44.0, 1.4805916305916305)	(45.0, 1.2716602646180108)	(46.0, 1.674242424242424)	(47.0, 0.5909090909090909)	(48.0, 0.7083333333333333)	(49.0, 0.5833333333333333)	(50.0, 0.0)	(51.0, 0.0)	(52.0, 0.2)	(53.0, 0.0)	(54.0, 0.0)	(55.0, 0.09090909090909091)	(56.0, 0.0)	(57.0, 0.16666666666666666)	(58.0, 0.16666666666666666)	(59.0, 0.0)	(60.0, 0.0)	(61.0, 0.0)	(62.0, 0.0)	(63.0, 0.0)	(64.0, 0.0)	(65.0, 0.0)	(66.0, 0.0)	(67.0, 0.0)	(68.0, 0.0)	(69.0, 0.0)	(70.0, 0.0)	(71.0, 0.0)	(72.0, 0.0)	(73.0, 0.0)	(74.0, 0.0)	(75.0, 0.0)	(76.0, 0.0)	(77.0, 0.0)	(78.0, 0.0)	(79.0, 0.0)	(80.0, 0.0)	(81.0, 0.0)	(82.0, 0.0)	(83.0, 0.0)	(84.0, 0.0)	(85.0, 0.0)	(86.0, 0.0)	(87.0, 0.0)	(88.0, 0.0)	(89.0, 0.0)	(90.0, 0.0)	(91.0, 0.0)	(92.0, 0.0)	(93.0, 0.0)	(94.0, 0.0)	(95.0, 0.0)	(96.0, 0.0)	(97.0, 0.0)	(98.0, 0.0)	(99.0, 0.0)	(100.0, 0.0)
FAY99780_pass_barcode01_98e12ebb_5ad7f319_14	(0.0, 0.0)	(1.0, 0.0)	(2.0, 0.0)	(3.0, 0.0)	(4.0, 0.0)	(5.0, 0.0)	(6.0, 0.0)	(7.0, 0.0)	(8.0, 0.0)	(9.0, 0.0)	(10.0, 0.0)	(11.0, 0.0)	(12.0, 0.0)	(13.0, 0.0)	(14.0, 0.0)	(15.0, 0.0)	(16.0, 0.0)	(17.0, 0.0)	(18.0, 0.0)	(19.0, 0.5)	(20.0, 1.0)	(21.0, 1.0)	(22.0, 0.5)	(23.0, 0.0)	(24.0, 0.25)	(25.0, 0.7)	(26.0, 0.976190476190476)	(27.0, 0.38095238095238093)	(28.0, 0.7200286272866918)	(29.0, 0.9024789804787483)	(30.0, 1.1262399718972007)	(31.0, 2.875926823748251)	(32.0, 2.909549664955923)	(33.0, 4.254317229104521)	(34.0, 6.438880583573133)	(35.0, 7.309340469573525)	(36.0, 13.048978639628626)	(37.0, 14.459731887256133)	(38.0, 15.524487531954696)	(39.0, 13.043389595031318)	(40.0, 11.319998147096676)	(41.0, 10.607612998739636)	(42.0, 7.412356951764505)	(43.0, 6.264049767177551)	(44.0, 3.190159531826199)	(45.0, 3.0043838418537834)	(46.0, 0.7575757575757576)	(47.0, 0.5823784059078176)	(48.0, 0.3203463203463204)	(49.0, 0.09523809523809523)	(50.0, 0.047619047619047616)	(51.0, 0.024390243902439025)	(52.0, 0.4318181818181818)	(53.0, 0.0)	(54.0, 0.5833333333333333)	(55.0, 0.3333333333333333)	(56.0, 0.2909090909090909)	(57.0, 0.2)	(58.0, 0.0)	(59.0, 0.0)	(60.0, 0.0)	(61.0, 0.0)	(62.0, 0.0)	(63.0, 0.0)	(64.0, 0.0)	(65.0, 0.7)	(66.0, 0.5)	(67.0, 0.0)	(68.0, 0.0)	(69.0, 0.0)	(70.0, 0.0)	(71.0, 0.0)	(72.0, 0.0)	(73.0, 0.0)	(74.0, 0.0)	(75.0, 0.0)	(76.0, 0.0)	(77.0, 0.0)	(78.0, 0.0)	(79.0, 0.0)	(80.0, 0.0)	(81.0, 0.0)	(82.0, 0.0)	(83.0, 0.0)	(84.0, 0.0)	(85.0, 0.0)	(86.0, 0.0)	(87.0, 0.0)	(88.0, 0.0)	(89.0, 0.0)	(90.0, 0.0)	(91.0, 0.0)	(92.0, 0.0)	(93.0, 0.0)	(94.0, 0.0)	(95.0, 0.0)	(96.0, 0.0)	(97.0, 0.0)	(98.0, 0.0)	(99.0, 0.0)	(100.0, 0.0)
FAY99780_pass_barcode01_98e12ebb_5ad7f319_140	(0.0, 0.0)	(1.0, 0.0)	(2.0, 0.0)	(3.0, 0.0)	(4.0, 0.0)	(5.0, 0.0)	(6.0, 0.0)	(7.0, 0.0)	(8.0, 0.0)	(9.0, 0.0)	(10.0, 0.0)	(11.0, 0.0)	(12.0, 0.0)	(13.0, 0.0)	(14.0, 0.0)	(15.0, 0.0)	(16.0, 0.0)	(17.0, 0.0)	(18.0, 0.0)	(19.0, 0.0)	(20.0, 0.0)	(21.0, 0.0)	(22.0, 0.0)	(23.0, 0.0)	(24.0, 0.0)	(25.0, 0.0)	(26.0, 0.0)	(27.0, 0.0)	(28.0, 0.0)	(29.0, 0.12316715542521994)	(30.0, 0.20634920634920634)	(31.0, 0.14699908391991975)	(32.0, 0.2271657965231929)	(33.0, 1.1436493670014392)	(34.0, 2.1912731406022155)	(35.0, 3.3073172110564415)	(36.0, 4.609817204440942)	(37.0, 7.1570672250567515)	(38.0, 7.881427502176676)	(39.0, 4.357070678127181)	(40.0, 3.463901087570447)	(41.0, 4.30534913488157)	(42.0, 3.443839185505852)	(43.0, 4.109176315347423)	(44.0, 3.1917191719171916)	(45.0, 0.5)	(46.0, 0.3333333333333333)	(47.0, 0.125)	(48.0, 0.3333333333333333)	(49.0, 0.3333333333333333)	(50.0, 0.7575757575757576)	(51.0, 0.3333333333333333)	(52.0, 0.3333333333333333)	(53.0, 0.0)	(54.0, 0.0)	(55.0, 0.0)	(56.0, 0.0)	(57.0, 0.0)	(58.0, 0.0)	(59.0, 0.0)	(60.0, 0.0)	(61.0, 0.0)	(62.0, 0.0)	(63.0, 0.0)	(64.0, 0.0)	(65.0, 0.0)	(66.0, 0.0)	(67.0, 0.0)	(68.0, 0.0)	(69.0, 0.0)	(70.0, 0.0)	(71.0, 0.0)	(72.0, 0.0)	(73.0, 0.0)	(74.0, 0.0)	(75.0, 0.0)	(76.0, 0.0)	(77.0, 0.0)	(78.0, 0.0)	(79.0, 0.0)	(80.0, 0.0)	(81.0, 0.0)	(82.0, 0.5)	(83.0, 0.5)	(84.0, 0.0)	(85.0, 0.0)	(86.0, 0.0)	(87.0, 0.0)	(88.0, 0.0)	(89.0, 0.0)	(90.0, 0.0)	(91.0, 0.0)	(92.0, 0.0)	(93.0, 0.0)	(94.0, 0.0)	(95.0, 0.0)	(96.0, 0.0)	(97.0, 0.0)	(98.0, 0.0)	(99.0, 0.0)	(100.0, 0.0)
FAY99780_pass_barcode01_98e12ebb_5ad7f319_141	(0.0, 0.0)	(1.0, 0.0)	(2.0, 0.0)	(3.0, 0.0)	(4.0, 0.0)	(5.0, 0.0)	(6.0, 0.0)	(7.0, 0.0)	(8.0, 0.0)	(9.0, 0.0)	(10.0, 0.0)	(11.0, 0.0)	(12.0, 0.0)	(13.0, 0.0)	(14.0, 0.0)	(15.0, 0.0)	(16.0, 0.0)	(17.0, 0.0)	(18.0, 0.0)	(19.0, 0.0)	(20.0, 0.0)	(21.0, 0.0)	(22.0, 0.0)	(23.0, 0.0)	(24.0, 0.0)	(25.0, 0.0)	(26.0, 0.0)	(27.0, 0.2976190476190476)	(28.0, 0.532258064516129)	(29.0, 1.1818181818181817)	(30.0, 0.8404255319148937)	(31.0, 1.2597798542920493)	(32.0, 1.7291331026023975)	(33.0, 1.5154155765944386)	(34.0, 0.9036027583149657)	(35.0, 3.4594863533075806)	(36.0, 5.459621370703547)	(37.0, 6.7459943201538435)	(38.0, 7.054390732856128)	(39.0, 5.891739377663754)	(40.0, 5.167142835160331)	(41.0, 3.8451452463747544)	(42.0, 2.879018293534423)	(43.0, 3.4634338779500076)	(44.0, 2.5513778336358977)	(45.0, 1.6818181818181817)	(46.0, 0.9523809523809523)	(47.0, 0.0)	(48.0, 0.0)	(49.0, 0.3333333333333333)	(50.0, 0.3333333333333333)	(51.0, 0.3333333333333333)	(52.0, 0.3333333333333333)	(53.0, 0.0)	(54.0, 0.5)	(55.0, 0.5)	(56.0, 0.0)	(57.0, 0.0)	(58.0, 0.0)	(59.0, 0.0)	(60.0, 0.0)	(61.0, 0.0)	(62.0, 0.0)	(63.0, 0.0)	(64.0, 0.0)	(65.0, 0.0)	(66.0, 0.0)	(67.0, 0.0)	(68.0, 0.0)	(69.0, 0.0)	(70.0, 0.0)	(71.0, 0.0)	(72.0, 0.0)	(73.0, 0.0)	(74.0, 0.0)	(75.0, 0.3333333333333333)	(76.0, 0.3333333333333333)	(77.0, 0.0)	(78.0, 0.0)	(79.0, 0.0)	(80.0, 0.0)	(81.0, 0.0)	(82.0, 0.0)	(83.0, 0.0)	(84.0, 0.0)	(85.0, 0.0)	(86.0, 0.0)	(87.0, 0.0)	(88.0, 0.0)	(89.0, 0.0)	(90.0, 0.0)	(91.0, 0.0)	(92.0, 0.0)	(93.0, 0.0)	(94.0, 0.0)	(95.0, 0.0)	(96.0, 0.0)	(97.0, 0.0)	(98.0, 0.0)	(99.0, 0.0)	(100.0, 0.0)
FAY99780_pass_barcode01_98e12ebb_5ad7f319_142	(0.0, 0.0)	(1.0, 0.0)	(2.0, 0.0)	(3.0, 0.0)	(4.0, 0.0)	(5.0, 0.0)	(6.0, 0.0)	(7.0, 0.0)	(8.0, 0.0)	(9.0, 0.0)	(10.0, 0.0)	(11.0, 0.0)	(12.0, 0.0)	(13.0, 0.0)	(14.0, 0.0)	(15.0, 0.0)	(16.0, 0.0)	(17.0, 0.0)	(18.0, 0.0)	(19.0, 0.0)	(20.0, 0.0)	(21.0, 0.5)	(22.0, 0.5)	(23.0, 0.0)	(24.0, 0.0)	(25.0, 0.0)	(26.0, 0.125)	(27.0, 0.0)	(28.0, 0.2105169340463458)	(29.0, 0.14070178644348977)	(30.0, 0.07200929152148663)	(31.0, 0.11862159394774256)	(32.0, 1.0034532660070683)	(33.0, 1.8441372582025883)	(34.0, 2.2678503888569157)	(35.0, 2.6109808322632864)	(36.0, 3.395253585762251)	(37.0, 5.082275042803193)	(38.0, 6.421140968765016)	(39.0, 4.827086215432045)	(40.0, 2.073136969969755)	(41.0, 3.813502870043157)	(42.0, 3.303965542989933)	(43.0, 2.689553615783124)	(44.0, 1.5484848484848484)	(45.0, 1.3309523809523809)	(46.0, 0.0)	(47.0, 0.8333333333333333)	(48.0, 1.7575757575757573)	(49.0, 0.9438502673796791)	(50.0, 0.5075757575757576)	(51.0, 0.25)	(52.0, 0.0)	(53.0, 0.0)	(54.0, 0.09090909090909091)	(55.0, 0.0)	(56.0, 0.0)	(57.0, 0.0)	(58.0, 0.0)	(59.0, 0.3333333333333333)	(60.0, 0.3333333333333333)	(61.0, 0.0)	(62.0, 0.0)	(63.0, 0.0)	(64.0, 0.0)	(65.0, 0.0)	(66.0, 0.0)	(67.0, 0.0)	(68.0, 0.0)	(69.0, 0.0)	(70.0, 0.0)	(71.0, 0.0)	(72.0, 0.0)	(73.0, 0.0)	(74.0, 0.0)	(75.0, 0.0)	(76.0, 0.0)	(77.0, 0.0)	(78.0, 0.0)	(79.0, 0.0)	(80.0, 0.0)	(81.0, 0.0)	(82.0, 0.0)	(83.0, 0.0)	(84.0, 0.0)	(85.0, 0.0)	(86.0, 0.0)	(87.0, 0.0)	(88.0, 0.0)	(89.0, 0.0)	(90.0, 0.0)	(91.0, 0.0)	(92.0, 0.0)	(93.0, 0.0)	(94.0, 0.0)	(95.0, 0.0)	(96.0, 0.0)	(97.0, 0.0)	(98.0, 0.0)	(99.0, 0.0)	(100.0, 0.0)
FAY99780_pass_barcode01_98e12ebb_5ad7f319_143	(0.0, 0.0)	(1.0, 0.0)	(2.0, 0.0)	(3.0, 0.0)	(4.0, 0.0)	(5.0, 0.0)	(6.0, 0.0)	(7.0, 0.0)	(8.0, 0.0)	(9.0, 0.0)	(10.0, 0.0)	(11.0, 0.0)	(12.0, 0.0)	(13.0, 0.0)	(14.0, 0.0)	(15.0, 0.0)	(16.0, 0.0)	(17.0, 0.0)	(18.0, 0.0)	(19.0, 0.0)	(20.0, 0.0)	(21.0, 0.0)	(22.0, 0.0)	(23.0, 0.0)	(24.0, 0.0)	(25.0, 0.0)	(26.0, 0.0)	(27.0, 0.047619047619047616)	(28.0, 0.06722689075630252)	(29.0, 0.04500038572470206)	(30.0, 0.09090909090909091)	(31.0, 0.5767486280143777)	(32.0, 2.0098165772242274)	(33.0, 1.8646577781723388)	(34.0, 3.3327721079639625)	(35.0, 3.965387819208145)	(36.0, 5.619865020611176)	(37.0, 8.183306312348968)	(38.0, 7.68994798794523)	(39.0, 5.6591211261648136)	(40.0, 5.991602273152648)	(41.0, 4.723346977783257)	(42.0, 3.2174707006810332)	(43.0, 1.757092907092907)	(44.0, 1.749242424242424)	(45.0, 2.124242424242424)	(46.0, 1.0909090909090908)	(47.0, 0.8057511737089201)	(48.0, 1.0075757575757573)	(49.0, 0.25)	(50.0, 0.0)	(51.0, 0.047619047619047616)	(52.0, 0.0)	(53.0, 0.0)	(54.0, 0.0)	(55.0, 0.0)	(56.0, 0.0)	(57.0, 0.0)	(58.0, 0.0)	(59.0, 0.0)	(60.0, 0.0)	(61.0, 0.0)	(62.0, 0.0)	(63.0, 0.0)	(64.0, 0.0)	(65.0, 0.0)	(66.0, 0.0)	(67.0, 0.0)	(68.0, 0.0)	(69.0, 0.0)	(70.0, 0.0)	(71.0, 0.0)	(72.0, 0.0)	(73.0, 0.0)	(74.0, 0.0)	(75.0, 0.0)	(76.0, 0.0)	(77.0, 0.0)	(78.0, 0.0)	(79.0, 0.0)	(80.0, 0.0)	(81.0, 0.0)	(82.0, 0.0)	(83.0, 0.0)	(84.0, 0.0)	(85.0, 0.0)	(86.0, 0.0)	(87.0, 0.0)	(88.0, 0.0)	(89.0, 0.0)	(90.0, 0.0)	(91.0, 0.0)	(92.0, 0.0)	(93.0, 0.0)	(94.0, 0.0)	(95.0, 0.0)	(96.0, 0.0)	(97.0, 0.0)	(98.0, 0.0)	(99.0, 0.0)	(100.0, 0.0)
FAY99780_pass_barcode01_98e12ebb_5ad7f319_144	(0.0, 0.0)	(1.0, 0.0)	(2.0, 0.0)	(3.0, 0.0)	(4.0, 0.0)	(5.0, 0.0)	(6.0, 0.0)	(7.0, 0.0)	(8.0, 0.0)	(9.0, 0.0)	(10.0, 0.0)	(11.0, 0.0)	(12.0, 0.0)	(13.0, 0.0)	(14.0, 0.0)	(15.0, 0.0)	(16.0, 0.0)	(17.0, 0.5)	(18.0, 1.0)	(19.0, 1.0)	(20.0, 1.0)	(21.0, 1.0)	(22.0, 1.0)	(23.0, 1.0)	(24.0, 1.0)	(25.0, 1.0)	(26.0, 1.0)	(27.0, 1.0)	(28.0, 1.1385281385281385)	(29.0, 1.1629183824305775)	(30.0, 1.974726775956284)	(31.0, 2.7681642332179965)	(32.0, 2.0055728280175744)	(33.0, 2.3316053974000472)	(34.0, 3.2614613287171914)	(35.0, 4.332639155173932)	(36.0, 5.159966759816046)	(37.0, 5.873042449513334)	(38.0, 8.657034907093019)	(39.0, 8.240036281834918)	(40.0, 7.863534478079687)	(41.0, 6.348012824140404)	(42.0, 4.635841638732196)	(43.0, 4.356591376103571)	(44.0, 3.1871608066730017)	(45.0, 2.1032547699214366)	(46.0, 2.5517469779764865)	(47.0, 2.090909090909091)	(48.0, 2.0)	(49.0, 2.0)	(50.0, 1.532258064516129)	(51.0, 1.8333333333333333)	(52.0, 1.7)	(53.0, 1.0)	(54.0, 1.0)	(55.0, 1.0)	(56.0, 1.0)	(57.0, 1.0)	(58.0, 1.0)	(59.0, 1.0)	(60.0, 1.0)	(61.0, 1.0)	(62.0, 1.0)	(63.0, 0.5)	(64.0, 0.0)	(65.0, 0.0)	(66.0, 0.0)	(67.0, 0.0)	(68.0, 0.0)	(69.0, 0.0)	(70.0, 0.0)	(71.0, 0.0)	(72.0, 0.0)	(73.0, 0.0)	(74.0, 0.0)	(75.0, 0.0)	(76.0, 0.0)	(77.0, 0.0)	(78.0, 0.0)	(79.0, 0.0)	(80.0, 0.0)	(81.0, 0.0)	(82.0, 0.0)	(83.0, 0.0)	(84.0, 0.0)	(85.0, 0.0)	(86.0, 0.0)	(87.0, 0.0)	(88.0, 0.0)	(89.0, 0.0)	(90.0, 0.0)	(91.0, 0.0)	(92.0, 0.0)	(93.0, 0.0)	(94.0, 0.0)	(95.0, 0.0)	(96.0, 0.0)	(97.0, 0.0)	(98.0, 0.0)	(99.0, 0.0)	(100.0, 0.0)
FAY99780_pass_barcode01_98e12ebb_5ad7f319_145	(0.0, 0.0)	(1.0, 0.0)	(2.0, 0.0)	(3.0, 0.0)	(4.0, 0.0)	(5.0, 0.0)	(6.0, 0.0)	(7.0, 0.0)	(8.0, 0.0)	(9.0, 0.0)	(10.0, 0.0)	(11.0, 0.0)	(12.0, 0.0)	(13.0, 0.0)	(14.0, 0.0)	(15.0, 0.0)	(16.0, 0.0)	(17.0, 0.0)	(18.0, 0.0)	(19.0, 0.0)	(20.0, 0.0)	(21.0, 0.5)	(22.0, 1.0)	(23.0, 1.0)	(24.0, 1.0)	(25.0, 1.1111111111111112)	(26.0, 0.5)	(27.0, 0.2)	(28.0, 0.5629183824305776)	(29.0, 0.3648225712500993)	(30.0, 0.12192185136782133)	(31.0, 0.7909090909090909)	(32.0, 1.6723894020313246)	(33.0, 1.634119585868311)	(34.0, 1.6024129995770582)	(35.0, 2.5572326925403077)	(36.0, 4.703464574018901)	(37.0, 5.233200280761471)	(38.0, 4.273180843814935)	(39.0, 6.467177005786473)	(40.0, 6.280998340023133)	(41.0, 3.2339292537777924)	(42.0, 1.6101884031461493)	(43.0, 0.8995905688129789)	(44.0, 0.8428571428571429)	(45.0, 0.3655913978494624)	(46.0, 0.95)	(47.0, 1.5)	(48.0, 0.5)	(49.0, 0.0)	(50.0, 0.0)	(51.0, 0.0)	(52.0, 0.0)	(53.0, 0.0)	(54.0, 0.3333333333333333)	(55.0, 0.16666666666666666)	(56.0, 0.0)	(57.0, 0.0)	(58.0, 0.0)	(59.0, 0.0)	(60.0, 0.0)	(61.0, 0.0)	(62.0, 0.0)	(63.0, 0.0)	(64.0, 0.0)	(65.0, 0.0)	(66.0, 0.0)	(67.0, 0.0)	(68.0, 0.0)	(69.0, 0.0)	(70.0, 0.0)	(71.0, 0.0)	(72.0, 0.0)	(73.0, 0.0)	(74.0, 0.0)	(75.0, 0.0)	(76.0, 0.0)	(77.0, 0.0)	(78.0, 0.0)	(79.0, 0.0)	(80.0, 0.0)	(81.0, 0.0)	(82.0, 0.0)	(83.0, 0.0)	(84.0, 0.0)	(85.0, 0.0)	(86.0, 0.0)	(87.0, 0.0)	(88.0, 0.0)	(89.0, 0.0)	(90.0, 0.0)	(91.0, 0.0)	(92.0, 0.0)	(93.0, 0.0)	(94.0, 0.0)	(95.0, 0.0)	(96.0, 0.0)	(97.0, 0.0)	(98.0, 0.0)	(99.0, 0.0)	(100.0, 0.0)
FAY99780_pass_barcode01_98e12ebb_5ad7f319_146	(0.0, 0.0)	(1.0, 0.0)	(2.0, 0.0)	(3.0, 0.0)	(4.0, 0.0)	(5.0, 0.0)	(6.0, 0.0)	(7.0, 0.0)	(8.0, 0.0)	(9.0, 0.0)	(10.0, 0.0)	(11.0, 0.0)	(12.0, 0.0)	(13.0, 0.0)	(14.0, 0.0)	(15.0, 0.0)	(16.0, 0.0)	(17.0, 0.0)	(18.0, 0.0)	(19.0, 0.0)	(20.0, 0.0)	(21.0, 0.0)	(22.0, 0.0)	(23.0, 0.0)	(24.0, 0.0)	(25.0, 0.0)	(26.0, 0.0)	(27.0, 0.0)	(28.0, 0.0)	(29.0, 0.3746004068584714)	(30.0, 0.25)	(31.0, 1.1456796474499071)	(32.0, 1.3939789884911835)	(33.0, 1.6194299493696098)	(34.0, 3.090374429274849)	(35.0, 3.779875596747164)	(36.0, 6.124487567343285)	(37.0, 5.515293465899101)	(38.0, 6.231390686822956)	(39.0, 7.694052078286427)	(40.0, 6.09895909061461)	(41.0, 4.050240989785233)	(42.0, 3.370021645021645)	(43.0, 2.8325068870523418)	(44.0, 1.0583796701831891)	(45.0, 2.2167818740399383)	(46.0, 2.0)	(47.0, 0.4242424242424242)	(48.0, 0.0)	(49.0, 0.0)	(50.0, 0.0)	(51.0, 0.09090909090909091)	(52.0, 0.3333333333333333)	(53.0, 0.8333333333333333)	(54.0, 1.2261904761904763)	(55.0, 0.3333333333333333)	(56.0, 0.0)	(57.0, 0.0)	(58.0, 0.0)	(59.0, 0.0)	(60.0, 0.0)	(61.0, 0.0)	(62.0, 0.0)	(63.0, 0.0)	(64.0, 0.0)	(65.0, 0.0)	(66.0, 0.0)	(67.0, 0.16666666666666666)	(68.0, 0.0)	(69.0, 0.0)	(70.0, 0.0)	(71.0, 0.0)	(72.0, 0.0)	(73.0, 0.0)	(74.0, 0.0)	(75.0, 0.0)	(76.0, 0.0)	(77.0, 0.0)	(78.0, 0.0)	(79.0, 0.0)	(80.0, 0.0)	(81.0, 0.0)	(82.0, 0.0)	(83.0, 0.0)	(84.0, 0.0)	(85.0, 0.0)	(86.0, 0.0)	(87.0, 0.0)	(88.0, 0.0)	(89.0, 0.0)	(90.0, 0.0)	(91.0, 0.0)	(92.0, 0.0)	(93.0, 0.0)	(94.0, 0.0)	(95.0, 0.0)	(96.0, 0.0)	(97.0, 0.0)	(98.0, 0.0)	(99.0, 0.0)	(100.0, 0.0)
FAY99780_pass_barcode01_98e12ebb_5ad7f319_147	(0.0, 0.0)	(1.0, 0.0)	(2.0, 0.0)	(3.0, 0.0)	(4.0, 0.0)	(5.0, 0.0)	(6.0, 0.0)	(7.0, 0.0)	(8.0, 0.0)	(9.0, 0.0)	(10.0, 0.0)	(11.0, 0.0)	(12.0, 0.0)	(13.0, 0.0)	(14.0, 0.0)	(15.0, 0.0)	(16.0, 0.0)	(17.0, 0.0)	(18.0, 0.0)	(19.0, 0.0)	(20.0, 0.0)	(21.0, 0.0)	(22.0, 0.0)	(23.0, 0.0)	(24.0, 0.0)	(25.0, 0.0)	(26.0, 0.14285714285714285)	(27.0, 0.047619047619047616)	(28.0, 0.047619047619047616)	(29.0, 0.2123456790123457)	(30.0, 0.5912507331074393)	(31.0, 0.33558676127006437)	(32.0, 0.4923074641694657)	(33.0, 0.8812199549398476)	(34.0, 2.1774469166975794)	(35.0, 3.349235653680127)	(36.0, 5.201725507831162)	(37.0, 5.290436190966031)	(38.0, 7.199723076295573)	(39.0, 5.7585102204098195)	(40.0, 6.327446879779581)	(41.0, 4.331516002789305)	(42.0, 2.371772345301757)	(43.0, 2.47987012987013)	(44.0, 1.4837662337662338)	(45.0, 0.48376623376623373)	(46.0, 0.09090909090909091)	(47.0, 0.3333333333333333)	(48.0, 0.47619047619047616)	(49.0, 0.5833333333333333)	(50.0, 1.1155913978494623)	(51.0, 0.34090909090909094)	(52.0, 0.0)	(53.0, 0.0)	(54.0, 0.0)	(55.0, 0.0)	(56.0, 0.0)	(57.0, 0.0)	(58.0, 0.0)	(59.0, 0.0)	(60.0, 0.0)	(61.0, 0.0)	(62.0, 0.0)	(63.0, 0.0)	(64.0, 0.0)	(65.0, 0.0)	(66.0, 0.0)	(67.0, 0.0)	(68.0, 0.0)	(69.0, 0.0)	(70.0, 0.0)	(71.0, 0.0)	(72.0, 0.0)	(73.0, 0.0)	(74.0, 0.0)	(75.0, 0.0)	(76.0, 0.0)	(77.0, 0.0)	(78.0, 0.0)	(79.0, 0.0)	(80.0, 0.0)	(81.0, 0.0)	(82.0, 0.0)	(83.0, 0.0)	(84.0, 0.0)	(85.0, 0.0)	(86.0, 0.0)	(87.0, 0.0)	(88.0, 0.0)	(89.0, 0.0)	(90.0, 0.0)	(91.0, 0.0)	(92.0, 0.0)	(93.0, 0.0)	(94.0, 0.0)	(95.0, 0.0)	(96.0, 0.0)	(97.0, 0.0)	(98.0, 0.0)	(99.0, 0.0)	(100.0, 0.0)
FAY99780_pass_barcode01_98e12ebb_5ad7f319_148	(0.0, 0.0)	(1.0, 0.0)	(2.0, 0.0)	(3.0, 0.0)	(4.0, 0.0)	(5.0, 0.0)	(6.0, 0.0)	(7.0, 0.0)	(8.0, 0.0)	(9.0, 0.0)	(10.0, 0.0)	(11.0, 0.0)	(12.0, 0.0)	(13.0, 0.0)	(14.0, 0.0)	(15.0, 0.0)	(16.0, 0.0)	(17.0, 0.0)	(18.0, 0.0)	(19.0, 0.0)	(20.0, 0.0)	(21.0, 0.0)	(22.0, 0.0)	(23.0, 0.0)	(24.0, 0.0)	(25.0, 0.0)	(26.0, 0.0)	(27.0, 0.0)	(28.0, 0.11962833914053425)	(29.0, 0.03225806451612903)	(30.0, 0.09523809523809523)	(31.0, 0.3720611929309131)	(32.0, 1.4690703385572648)	(33.0, 2.5137986846116758)	(34.0, 1.0888713323082586)	(35.0, 2.741905315338777)	(36.0, 4.026063089743674)	(37.0, 6.270460465551001)	(38.0, 5.679502682928888)	(39.0, 5.108105526877274)	(40.0, 3.4720428268446515)	(41.0, 4.1068394632362075)	(42.0, 3.3107620648787686)	(43.0, 1.928246753246753)	(44.0, 1.9950368879946343)	(45.0, 1.0833333333333333)	(46.0, 1.1607142857142856)	(47.0, 0.14285714285714285)	(48.0, 0.5833333333333333)	(49.0, 0.5833333333333333)	(50.0, 0.0)	(51.0, 0.0)	(52.0, 0.3333333333333333)	(53.0, 0.3333333333333333)	(54.0, 0.5)	(55.0, 0.5)	(56.0, 0.0)	(57.0, 0.5)	(58.0, 0.5)	(59.0, 0.0)	(60.0, 0.0)	(61.0, 0.0)	(62.0, 0.0)	(63.0, 0.0)	(64.0, 0.0)	(65.0, 0.0)	(66.0, 0.0)	(67.0, 0.0)	(68.0, 0.0)	(69.0, 0.0)	(70.0, 0.0)	(71.0, 0.0)	(72.0, 0.0)	(73.0, 0.0)	(74.0, 0.0)	(75.0, 0.0)	(76.0, 0.0)	(77.0, 0.0)	(78.0, 0.0)	(79.0, 0.0)	(80.0, 0.0)	(81.0, 0.0)	(82.0, 0.0)	(83.0, 0.0)	(84.0, 0.0)	(85.0, 0.0)	(86.0, 0.0)	(87.0, 0.0)	(88.0, 0.0)	(89.0, 0.0)	(90.0, 0.0)	(91.0, 0.0)	(92.0, 0.0)	(93.0, 0.0)	(94.0, 0.0)	(95.0, 0.0)	(96.0, 0.0)	(97.0, 0.0)	(98.0, 0.0)	(99.0, 0.0)	(100.0, 0.0)
FAY99780_pass_barcode01_98e12ebb_5ad7f319_149	(0.0, 0.0)	(1.0, 0.0)	(2.0, 0.0)	(3.0, 0.0)	(4.0, 0.0)	(5.0, 0.0)	(6.0, 0.0)	(7.0, 0.0)	(8.0, 0.0)	(9.0, 0.0)	(10.0, 0.0)	(11.0, 0.0)	(12.0, 0.0)	(13.0, 0.0)	(14.0, 0.0)	(15.0, 0.0)	(16.0, 0.0)	(17.0, 0.0)	(18.0, 0.0)	(19.0, 0.0)	(20.0, 0.0)	(21.0, 0.0)	(22.0, 0.0)	(23.0, 0.5)	(24.0, 1.0)	(25.0, 1.0909090909090908)	(26.0, 1.0)	(27.0, 1.0)	(28.0, 1.0909090909090908)	(29.0, 1.0)	(30.0, 0.5)	(31.0, 0.20912397216951295)	(32.0, 0.5400132834952391)	(33.0, 0.5118857685931187)	(34.0, 1.296366683170202)	(35.0, 2.4040383498594537)	(36.0, 4.246068254297829)	(37.0, 6.030230920363133)	(38.0, 4.834887035432021)	(39.0, 5.989812754443445)	(40.0, 5.878335010991752)	(41.0, 4.881267161408122)	(42.0, 3.3416445561606856)	(43.0, 1.4477851029377744)	(44.0, 0.17511520737327188)	(45.0, 0.0)	(46.0, 0.3333333333333333)	(47.0, 0.0)	(48.0, 0.0)	(49.0, 0.5)	(50.0, 0.7976190476190477)	(51.0, 0.37316715542521994)	(52.0, 0.0)	(53.0, 0.0)	(54.0, 0.0)	(55.0, 0.0)	(56.0, 0.0)	(57.0, 0.0)	(58.0, 0.0)	(59.0, 0.0)	(60.0, 0.0)	(61.0, 0.0)	(62.0, 0.0)	(63.0, 0.0)	(64.0, 0.0)	(65.0, 0.0)	(66.0, 0.0)	(67.0, 0.0)	(68.0, 0.0)	(69.0, 0.0)	(70.0, 0.0)	(71.0, 0.4)	(72.0, 0.0)	(73.0, 0.0)	(74.0, 0.0)	(75.0, 0.2)	(76.0, 0.0)	(77.0, 0.0)	(78.0, 0.0)	(79.0, 0.0)	(80.0, 0.0)	(81.0, 0.0)	(82.0, 0.0)	(83.0, 0.0)	(84.0, 0.0)	(85.0, 0.0)	(86.0, 0.0)	(87.0, 0.0)	(88.0, 0.0)	(89.0, 0.0)	(90.0, 0.0)	(91.0, 0.0)	(92.0, 0.0)	(93.0, 0.0)	(94.0, 0.0)	(95.0, 0.0)	(96.0, 0.0)	(97.0, 0.0)	(98.0, 0.0)	(99.0, 0.0)	(100.0, 0.0)
FAY99780_pass_barcode01_98e12ebb_5ad7f319_15	(0.0, 0.0)	(1.0, 0.0)	(2.0, 0.0)	(3.0, 0.0)	(4.0, 0.0)	(5.0, 0.0)	(6.0, 0.0)	(7.0, 0.0)	(8.0, 0.0)	(9.0, 0.0)	(10.0, 0.0)	(11.0, 0.0)	(12.0, 0.0)	(13.0, 0.0)	(14.0, 0.0)	(15.0, 0.0)	(16.0, 0.0)	(17.0, 0.5)	(18.0, 1.0)	(19.0, 1.0)	(20.0, 1.0)	(21.0, 1.25)	(22.0, 1.25)	(23.0, 1.0)	(24.0, 1.0)	(25.0, 1.0)	(26.0, 1.032258064516129)	(27.0, 1.917457305502846)	(28.0, 1.852941176470588)	(29.0, 1.75989314781195)	(30.0, 2.1641126261407178)	(31.0, 3.3647936223623027)	(32.0, 4.679753182121286)	(33.0, 6.252050150051888)	(34.0, 8.415621417129735)	(35.0, 11.265014448012248)	(36.0, 11.86845793911953)	(37.0, 13.995583355946478)	(38.0, 18.20868158579512)	(39.0, 16.738524304639707)	(40.0, 14.94656298344954)	(41.0, 12.281976149411173)	(42.0, 11.058950692786954)	(43.0, 6.074278499278498)	(44.0, 5.711147186147185)	(45.0, 4.85)	(46.0, 3.3523809523809525)	(47.0, 2.207092907092907)	(48.0, 1.5)	(49.0, 2.3666666666666667)	(50.0, 0.5384747509446925)	(51.0, 0.024390243902439025)	(52.0, 0.25)	(53.0, 0.5)	(54.0, 0.5)	(55.0, 0.3333333333333333)	(56.0, 0.3333333333333333)	(57.0, 0.0)	(58.0, 0.3333333333333333)	(59.0, 0.3333333333333333)	(60.0, 0.0)	(61.0, 0.0)	(62.0, 0.0)	(63.0, 0.0)	(64.0, 0.0)	(65.0, 0.0)	(66.0, 0.0)	(67.0, 0.0)	(68.0, 0.0)	(69.0, 0.25)	(70.0, 0.0)	(71.0, 0.0)	(72.0, 0.0)	(73.0, 0.0)	(74.0, 0.0)	(75.0, 0.0)	(76.0, 0.0)	(77.0, 0.0)	(78.0, 0.0)	(79.0, 0.0)	(80.0, 0.0)	(81.0, 0.0)	(82.0, 0.0)	(83.0, 0.0)	(84.0, 0.0)	(85.0, 0.0)	(86.0, 0.0)	(87.0, 0.0)	(88.0, 0.0)	(89.0, 0.0)	(90.0, 0.0)	(91.0, 0.0)	(92.0, 0.0)	(93.0, 0.0)	(94.0, 0.0)	(95.0, 0.0)	(96.0, 0.0)	(97.0, 0.0)	(98.0, 0.0)	(99.0, 0.0)	(100.0, 0.0)
FAY99780_pass_barcode01_98e12ebb_5ad7f319_150	(0.0, 0.0)	(1.0, 0.0)	(2.0, 0.0)	(3.0, 0.0)	(4.0, 0.0)	(5.0, 0.0)	(6.0, 0.0)	(7.0, 0.0)	(8.0, 0.0)	(9.0, 0.0)	(10.0, 0.0)	(11.0, 0.0)	(12.0, 0.0)	(13.0, 0.0)	(14.0, 0.0)	(15.0, 0.0)	(16.0, 0.0)	(17.0, 0.0)	(18.0, 0.0)	(19.0, 0.0)	(20.0, 0.0)	(21.0, 0.0)	(22.0, 0.0)	(23.0, 0.0)	(24.0, 0.0)	(25.0, 0.0)	(26.0, 0.0)	(27.0, 0.0)	(28.0, 0.0)	(29.0, 0.047619047619047616)	(30.0, 0.10932260228034876)	(31.0, 0.18181818181818182)	(32.0, 0.26169529395335844)	(33.0, 0.6814663719114148)	(34.0, 2.465899947868227)	(35.0, 2.7538006987878116)	(36.0, 3.521764124529471)	(37.0, 4.170011905418836)	(38.0, 5.619375581344846)	(39.0, 6.20074205556155)	(40.0, 7.2024975974167385)	(41.0, 2.7054926436737263)	(42.0, 1.4968291941976153)	(43.0, 1.0346789004001515)	(44.0, 1.9595959595959593)	(45.0, 1.4206349206349205)	(46.0, 0.8385281385281386)	(47.0, 1.3333333333333333)	(48.0, 1.8333333333333333)	(49.0, 1.0)	(50.0, 0.0)	(51.0, 0.0)	(52.0, 0.0)	(53.0, 0.0)	(54.0, 0.0)	(55.0, 0.0)	(56.0, 0.0)	(57.0, 0.0)	(58.0, 0.0)	(59.0, 0.0)	(60.0, 0.0)	(61.0, 0.0)	(62.0, 0.0)	(63.0, 0.0)	(64.0, 0.0)	(65.0, 0.0)	(66.0, 0.0)	(67.0, 0.0)	(68.0, 0.0)	(69.0, 0.0)	(70.0, 0.0)	(71.0, 0.0)	(72.0, 0.0)	(73.0, 0.0)	(74.0, 0.0)	(75.0, 0.0)	(76.0, 0.0)	(77.0, 0.0)	(78.0, 0.0)	(79.0, 0.0)	(80.0, 0.0)	(81.0, 0.0)	(82.0, 0.0)	(83.0, 0.0)	(84.0, 0.0)	(85.0, 0.0)	(86.0, 0.0)	(87.0, 0.0)	(88.0, 0.0)	(89.0, 0.0)	(90.0, 0.0)	(91.0, 0.0)	(92.0, 0.0)	(93.0, 0.0)	(94.0, 0.0)	(95.0, 0.0)	(96.0, 0.0)	(97.0, 0.0)	(98.0, 0.0)	(99.0, 0.0)	(100.0, 0.0)
FAY99780_pass_barcode01_98e12ebb_5ad7f319_151	(0.0, 2.0)	(1.0, 2.0)	(2.0, 2.0)	(3.0, 2.0)	(4.0, 2.0)	(5.0, 2.0)	(6.0, 2.0)	(7.0, 2.0)	(8.0, 2.0)	(9.0, 2.0)	(10.0, 2.0)	(11.0, 2.0)	(12.0, 2.0)	(13.0, 2.0)	(14.0, 2.0)	(15.0, 2.0)	(16.0, 2.0)	(17.0, 2.0)	(18.0, 2.0)	(19.0, 2.0)	(20.0, 2.0)	(21.0, 2.5)	(22.0, 3.0)	(23.0, 3.0)	(24.0, 3.5)	(25.0, 3.25)	(26.0, 2.125)	(27.0, 2.032258064516129)	(28.0, 2.62316715542522)	(29.0, 4.077941176470588)	(30.0, 4.193899970886042)	(31.0, 3.4599262611557693)	(32.0, 4.503226132021263)	(33.0, 5.359145655679592)	(34.0, 5.890214714160484)	(35.0, 8.671796208793598)	(36.0, 8.00796908137179)	(37.0, 7.789530256346251)	(38.0, 8.714779408394868)	(39.0, 8.733216756646868)	(40.0, 7.555098230738927)	(41.0, 7.417012345552865)	(42.0, 6.419095230274091)	(43.0, 4.578354978354978)	(44.0, 2.8028138528138524)	(45.0, 3.1166666666666663)	(46.0, 3.840909090909091)	(47.0, 3.7777777777777777)	(48.0, 2.9444444444444446)	(49.0, 1.5)	(50.0, 1.0)	(51.0, 0.5)	(52.0, 0.3333333333333333)	(53.0, 0.3333333333333333)	(54.0, 0.0)	(55.0, 0.0)	(56.0, 0.5)	(57.0, 0.5)	(58.0, 0.0)	(59.0, 0.0)	(60.0, 0.0)	(61.0, 0.0)	(62.0, 0.0)	(63.0, 0.0)	(64.0, 0.0)	(65.0, 0.0)	(66.0, 0.0)	(67.0, 0.0)	(68.0, 0.0)	(69.0, 0.0)	(70.0, 0.0)	(71.0, 0.0)	(72.0, 0.0)	(73.0, 0.0)	(74.0, 0.0)	(75.0, 0.0)	(76.0, 0.0)	(77.0, 0.0)	(78.0, 0.0)	(79.0, 0.0)	(80.0, 0.0)	(81.0, 0.0)	(82.0, 0.0)	(83.0, 0.0)	(84.0, 0.0)	(85.0, 0.0)	(86.0, 0.0)	(87.0, 0.0)	(88.0, 0.0)	(89.0, 0.0)	(90.0, 0.0)	(91.0, 0.0)	(92.0, 0.0)	(93.0, 0.0)	(94.0, 0.0)	(95.0, 0.0)	(96.0, 0.0)	(97.0, 0.0)	(98.0, 0.0)	(99.0, 0.0)	(100.0, 0.0)
FAY99780_pass_barcode01_98e12ebb_5ad7f319_152	(0.0, 2.0)	(1.0, 2.0)	(2.0, 2.0)	(3.0, 2.5)	(4.0, 3.0)	(5.0, 3.0)	(6.0, 3.0)	(7.0, 3.0)	(8.0, 3.0)	(9.0, 3.0)	(10.0, 3.0)	(11.0, 3.0)	(12.0, 3.0)	(13.0, 2.0)	(14.0, 1.0)	(15.0, 1.0)	(16.0, 1.5)	(17.0, 3.5)	(18.0, 5.5)	(19.0, 7.0)	(20.0, 8.5)	(21.0, 9.0)	(22.0, 9.333333333333332)	(23.0, 9.5)	(24.0, 8.0)	(25.0, 7.0)	(26.0, 9.5)	(27.0, 10.083333333333334)	(28.0, 8.816666666666666)	(29.0, 9.166666666666666)	(30.0, 12.473809523809523)	(31.0, 21.457575757575757)	(32.0, 26.541666666666668)	(33.0, 28.598484848484848)	(34.0, 30.46363636363636)	(35.0, 30.523917748917746)	(36.0, 35.28459595959596)	(37.0, 39.269956533980924)	(38.0, 41.196767211283344)	(39.0, 42.90256132756133)	(40.0, 40.99090909090909)	(41.0, 39.098593073593065)	(42.0, 36.20963203463203)	(43.0, 29.342857142857138)	(44.0, 28.976190476190474)	(45.0, 24.083333333333332)	(46.0, 17.166666666666664)	(47.0, 19.916666666666664)	(48.0, 18.083333333333336)	(49.0, 12.5)	(50.0, 8.11111111111111)	(51.0, 6.583333333333333)	(52.0, 6.5)	(53.0, 7.0)	(54.0, 6.333333333333333)	(55.0, 4.5)	(56.0, 4.0)	(57.0, 5.0)	(58.0, 5.0)	(59.0, 3.0)	(60.0, 2.0)	(61.0, 2.0)	(62.0, 2.0)	(63.0, 1.5)	(64.0, 1.0)	(65.0, 1.5)	(66.0, 1.5)	(67.0, 1.0)	(68.0, 1.0)	(69.0, 1.5)	(70.0, 2.0)	(71.0, 2.0)	(72.0, 2.0)	(73.0, 2.0)	(74.0, 2.0)	(75.0, 2.0)	(76.0, 2.0)	(77.0, 2.0)	(78.0, 2.0)	(79.0, 2.0)	(80.0, 2.0)	(81.0, 1.5)	(82.0, 1.0)	(83.0, 1.5)	(84.0, 2.0)	(85.0, 2.0)	(86.0, 2.0)	(87.0, 2.0)	(88.0, 1.5)	(89.0, 1.0)	(90.0, 1.0)	(91.0, 1.0)	(92.0, 1.0)	(93.0, 1.0)	(94.0, 1.0)	(95.0, 1.0)	(96.0, 1.0)	(97.0, 1.0)	(98.0, 1.0)	(99.0, 1.0)	(100.0, 1.0)
FAY99780_pass_barcode01_98e12ebb_5ad7f319_153	(0.0, 0.0)	(1.0, 0.0)	(2.0, 0.0)	(3.0, 0.0)	(4.0, 0.0)	(5.0, 0.0)	(6.0, 0.0)	(7.0, 0.0)	(8.0, 0.0)	(9.0, 0.0)	(10.0, 0.5)	(11.0, 1.0)	(12.0, 1.0)	(13.0, 0.5)	(14.0, 0.0)	(15.0, 0.0)	(16.0, 0.0)	(17.0, 0.0)	(18.0, 0.0)	(19.0, 1.0)	(20.0, 1.0)	(21.0, 0.0)	(22.0, 1.0)	(23.0, 2.5)	(24.0, 2.5)	(25.0, 2.5)	(26.0, 4.0)	(27.0, 4.5)	(28.0, 4.0)	(29.0, 3.5)	(30.0, 3.0)	(31.0, 3.0)	(32.0, 2.0)	(33.0, 0.8333333333333333)	(34.0, 3.0)	(35.0, 6.0)	(36.0, 6.5)	(37.0, 6.0)	(38.0, 4.5)	(39.0, 5.2)	(40.0, 3.7)	(41.0, 1.5)	(42.0, 1.8333333333333333)	(43.0, 2.3333333333333335)	(44.0, 2.0)	(45.0, 3.5)	(46.0, 4.0)	(47.0, 3.0)	(48.0, 3.0)	(49.0, 2.0)	(50.0, 0.5)	(51.0, 0.0)	(52.0, 0.5)	(53.0, 1.0)	(54.0, 1.5)	(55.0, 1.5)	(56.0, 1.5)	(57.0, 1.5)	(58.0, 0.5)	(59.0, 0.0)	(60.0, 0.0)	(61.0, 0.0)	(62.0, 0.0)	(63.0, 0.5)	(64.0, 0.5)	(65.0, 0.0)	(66.0, 0.0)	(67.0, 0.0)	(68.0, 0.0)	(69.0, 0.0)	(70.0, 0.0)	(71.0, 0.0)	(72.0, 0.0)	(73.0, 0.0)	(74.0, 0.0)	(75.0, 0.0)	(76.0, 0.0)	(77.0, 0.0)	(78.0, 0.0)	(79.0, 0.0)	(80.0, 0.0)	(81.0, 0.0)	(82.0, 0.0)	(83.0, 0.0)	(84.0, 0.0)	(85.0, 0.0)	(86.0, 0.0)	(87.0, 0.0)	(88.0, 0.0)	(89.0, 0.0)	(90.0, 0.0)	(91.0, 0.0)	(92.0, 0.0)	(93.0, 0.0)	(94.0, 0.0)	(95.0, 0.0)	(96.0, 0.0)	(97.0, 0.0)	(98.0, 0.0)	(99.0, 0.0)	(100.0, 0.0)
FAY99780_pass_barcode01_98e12ebb_5ad7f319_154	(0.0, 0.0)	(1.0, 0.0)	(2.0, 0.0)	(3.0, 0.0)	(4.0, 0.0)	(5.0, 0.0)	(6.0, 0.0)	(7.0, 0.0)	(8.0, 0.0)	(9.0, 0.0)	(10.0, 0.0)	(11.0, 0.0)	(12.0, 0.0)	(13.0, 0.0)	(14.0, 0.0)	(15.0, 0.0)	(16.0, 0.0)	(17.0, 0.0)	(18.0, 0.0)	(19.0, 0.0)	(20.0, 0.0)	(21.0, 0.0)	(22.0, 0.0)	(23.0, 0.0)	(24.0, 0.0)	(25.0, 0.0)	(26.0, 0.0)	(27.0, 0.0)	(28.0, 0.5)	(29.0, 1.0)	(30.0, 1.0)	(31.0, 0.5)	(32.0, 0.0)	(33.0, 0.0)	(34.0, 0.0)	(35.0, 0.0)	(36.0, 0.0)	(37.0, 0.0)	(38.0, 0.0)	(39.0, 0.0)	(40.0, 0.5)	(41.0, 0.5)	(42.0, 0.0)	(43.0, 0.0)	(44.0, 0.5)	(45.0, 1.0)	(46.0, 1.0)	(47.0, 0.5)	(48.0, 0.0)	(49.0, 0.5)	(50.0, 1.0)	(51.0, 0.5)	(52.0, 0.0)	(53.0, 0.0)	(54.0, 0.0)	(55.0, 0.0)	(56.0, 0.0)	(57.0, 0.0)	(58.0, 0.0)	(59.0, 0.0)	(60.0, 0.0)	(61.0, 0.0)	(62.0, 0.0)	(63.0, 0.0)	(64.0, 0.0)	(65.0, 0.0)	(66.0, 0.0)	(67.0, 0.0)	(68.0, 0.0)	(69.0, 0.0)	(70.0, 0.0)	(71.0, 0.0)	(72.0, 0.0)	(73.0, 0.0)	(74.0, 0.0)	(75.0, 0.0)	(76.0, 0.0)	(77.0, 0.0)	(78.0, 0.0)	(79.0, 0.0)	(80.0, 0.0)	(81.0, 0.0)	(82.0, 0.0)	(83.0, 0.0)	(84.0, 0.0)	(85.0, 0.0)	(86.0, 0.0)	(87.0, 0.0)	(88.0, 0.0)	(89.0, 0.0)	(90.0, 0.0)	(91.0, 0.0)	(92.0, 0.0)	(93.0, 0.0)	(94.0, 0.0)	(95.0, 0.0)	(96.0, 0.0)	(97.0, 0.0)	(98.0, 0.0)	(99.0, 0.0)	(100.0, 0.0)
FAY99780_pass_barcode01_98e12ebb_5ad7f319_16	(0.0, 0.0)	(1.0, 0.0)	(2.0, 0.0)	(3.0, 0.0)	(4.0, 0.0)	(5.0, 0.0)	(6.0, 0.0)	(7.0, 0.0)	(8.0, 0.0)	(9.0, 0.0)	(10.0, 0.0)	(11.0, 0.0)	(12.0, 0.0)	(13.0, 0.0)	(14.0, 0.0)	(15.0, 0.0)	(16.0, 0.0)	(17.0, 0.0)	(18.0, 0.0)	(19.0, 0.0)	(20.0, 0.0)	(21.0, 0.0)	(22.0, 0.0)	(23.0, 0.0)	(24.0, 0.0)	(25.0, 0.0)	(26.0, 0.3909090909090909)	(27.0, 0.18181818181818182)	(28.0, 0.4070929070929071)	(29.0, 0.8873086263330165)	(30.0, 1.7424926553109958)	(31.0, 1.6451537253597124)	(32.0, 2.659545445901797)	(33.0, 3.3366630805769883)	(34.0, 5.739075437954621)	(35.0, 7.848632309987978)	(36.0, 11.708327584026295)	(37.0, 13.253641304375828)	(38.0, 12.831002324982546)	(39.0, 13.0755976453089)	(40.0, 10.908712268871803)	(41.0, 9.062080879485908)	(42.0, 8.20767814449178)	(43.0, 6.57793604245217)	(44.0, 4.255713876996332)	(45.0, 3.5956790123456788)	(46.0, 1.8409090909090908)	(47.0, 0.6049935979513444)	(48.0, 0.1111111111111111)	(49.0, 0.9163059163059162)	(50.0, 0.38211382113821135)	(51.0, 0.0)	(52.0, 1.0)	(53.0, 1.1428571428571428)	(54.0, 0.0)	(55.0, 0.3333333333333333)	(56.0, 0.3333333333333333)	(57.0, 0.3333333333333333)	(58.0, 0.3333333333333333)	(59.0, 0.0)	(60.0, 0.0)	(61.0, 0.0)	(62.0, 0.0)	(63.0, 0.0)	(64.0, 0.0)	(65.0, 0.0)	(66.0, 0.0)	(67.0, 0.0)	(68.0, 0.0)	(69.0, 0.0)	(70.0, 0.0)	(71.0, 0.0)	(72.0, 0.0)	(73.0, 0.0)	(74.0, 0.0)	(75.0, 0.0)	(76.0, 0.0)	(77.0, 0.0)	(78.0, 0.0)	(79.0, 0.0)	(80.0, 0.0)	(81.0, 0.0)	(82.0, 0.0)	(83.0, 0.0)	(84.0, 0.0)	(85.0, 0.0)	(86.0, 0.0)	(87.0, 0.0)	(88.0, 0.0)	(89.0, 0.0)	(90.0, 0.0)	(91.0, 0.0)	(92.0, 0.0)	(93.0, 0.0)	(94.0, 0.0)	(95.0, 0.0)	(96.0, 0.0)	(97.0, 0.0)	(98.0, 0.0)	(99.0, 0.0)	(100.0, 0.0)
FAY99780_pass_barcode01_98e12ebb_5ad7f319_17	(0.0, 0.0)	(1.0, 0.0)	(2.0, 0.0)	(3.0, 0.0)	(4.0, 0.0)	(5.0, 0.0)	(6.0, 0.0)	(7.0, 0.0)	(8.0, 0.0)	(9.0, 0.0)	(10.0, 0.0)	(11.0, 0.0)	(12.0, 0.0)	(13.0, 0.0)	(14.0, 0.0)	(15.0, 0.0)	(16.0, 0.0)	(17.0, 0.0)	(18.0, 0.0)	(19.0, 0.0)	(20.0, 0.0)	(21.0, 0.0)	(22.0, 0.0)	(23.0, 0.0)	(24.0, 0.0)	(25.0, 0.6428571428571428)	(26.0, 1.0218253968253967)	(27.0, 0.37662337662337664)	(28.0, 0.6926307551845573)	(29.0, 1.6129059031019815)	(30.0, 1.4750980280977959)	(31.0, 0.9014715938037495)	(32.0, 1.6862605589342092)	(33.0, 3.598475213630421)	(34.0, 5.681693943036057)	(35.0, 8.85742775078807)	(36.0, 11.34904883322811)	(37.0, 13.643886883126285)	(38.0, 12.005825198818444)	(39.0, 12.50224579993596)	(40.0, 12.451814025766893)	(41.0, 7.363453888259038)	(42.0, 7.398562117007997)	(43.0, 6.722383548649299)	(44.0, 5.205699855699856)	(45.0, 3.921861471861472)	(46.0, 3.481818181818182)	(47.0, 3.0)	(48.0, 1.5452380952380953)	(49.0, 0.5634786065202135)	(50.0, 1.1231671554252198)	(51.0, 1.6818181818181819)	(52.0, 1.0909090909090908)	(53.0, 1.0909090909090908)	(54.0, 1.1)	(55.0, 1.0)	(56.0, 1.25)	(57.0, 1.0)	(58.0, 1.5)	(59.0, 1.9)	(60.0, 1.2)	(61.0, 1.25)	(62.0, 1.0)	(63.0, 1.0)	(64.0, 1.0)	(65.0, 1.0)	(66.0, 1.0)	(67.0, 1.0)	(68.0, 1.0)	(69.0, 1.0)	(70.0, 1.0)	(71.0, 1.0)	(72.0, 1.0)	(73.0, 1.0)	(74.0, 1.0)	(75.0, 1.0)	(76.0, 1.0)	(77.0, 1.0)	(78.0, 1.0)	(79.0, 1.0)	(80.0, 1.0)	(81.0, 1.0)	(82.0, 1.0)	(83.0, 1.0)	(84.0, 1.0)	(85.0, 1.0)	(86.0, 1.0)	(87.0, 1.0)	(88.0, 1.0)	(89.0, 1.0)	(90.0, 1.0)	(91.0, 1.0)	(92.0, 1.0)	(93.0, 1.0)	(94.0, 1.0)	(95.0, 1.0)	(96.0, 1.0)	(97.0, 1.0)	(98.0, 1.0)	(99.0, 1.0)	(100.0, 1.0)
FAY99780_pass_barcode01_98e12ebb_5ad7f319_18	(0.0, 0.0)	(1.0, 0.0)	(2.0, 0.0)	(3.0, 0.0)	(4.0, 0.0)	(5.0, 0.0)	(6.0, 0.0)	(7.0, 0.0)	(8.0, 0.0)	(9.0, 0.0)	(10.0, 0.0)	(11.0, 0.0)	(12.0, 0.0)	(13.0, 0.0)	(14.0, 0.0)	(15.0, 0.0)	(16.0, 0.0)	(17.0, 0.0)	(18.0, 0.0)	(19.0, 0.0)	(20.0, 0.0)	(21.0, 0.0)	(22.0, 0.0)	(23.0, 0.0)	(24.0, 0.0)	(25.0, 0.26785714285714285)	(26.0, 0.0)	(27.0, 0.17078620304426756)	(28.0, 0.6938502673796791)	(29.0, 1.6436359275160308)	(30.0, 0.828684455747162)	(31.0, 0.5501728868720775)	(32.0, 1.6098102465651192)	(33.0, 2.8822071700903193)	(34.0, 5.55927795147751)	(35.0, 6.43925886632887)	(36.0, 8.713324050424886)	(37.0, 13.317036285762624)	(38.0, 14.327496634531139)	(39.0, 15.00081671330675)	(40.0, 10.597706751041452)	(41.0, 8.32898002118279)	(42.0, 7.499727514258496)	(43.0, 6.173885425546476)	(44.0, 4.050829725829726)	(45.0, 3.2358305274971944)	(46.0, 1.305194805194805)	(47.0, 1.976190476190476)	(48.0, 1.5)	(49.0, 1.3655913978494623)	(50.0, 1.3333333333333333)	(51.0, 0.09090909090909091)	(52.0, 0.5333333333333333)	(53.0, 0.3333333333333333)	(54.0, 0.1111111111111111)	(55.0, 0.0)	(56.0, 0.1111111111111111)	(57.0, 0.0)	(58.0, 0.0)	(59.0, 0.0)	(60.0, 0.0)	(61.0, 0.3333333333333333)	(62.0, 0.3333333333333333)	(63.0, 0.0)	(64.0, 0.5)	(65.0, 0.5)	(66.0, 0.0)	(67.0, 0.0)	(68.0, 0.0)	(69.0, 0.0)	(70.0, 0.0)	(71.0, 0.0)	(72.0, 0.0)	(73.0, 0.0)	(74.0, 0.0)	(75.0, 0.0)	(76.0, 0.0)	(77.0, 0.0)	(78.0, 0.16666666666666666)	(79.0, 0.0)	(80.0, 0.0)	(81.0, 0.0)	(82.0, 0.0)	(83.0, 0.0)	(84.0, 0.0)	(85.0, 0.0)	(86.0, 0.0)	(87.0, 0.0)	(88.0, 0.0)	(89.0, 0.0)	(90.0, 0.0)	(91.0, 0.0)	(92.0, 0.0)	(93.0, 0.0)	(94.0, 0.0)	(95.0, 0.0)	(96.0, 0.0)	(97.0, 0.0)	(98.0, 0.0)	(99.0, 0.0)	(100.0, 0.0)
FAY99780_pass_barcode01_98e12ebb_5ad7f319_19	(0.0, 0.0)	(1.0, 0.0)	(2.0, 0.0)	(3.0, 0.0)	(4.0, 0.0)	(5.0, 0.0)	(6.0, 0.0)	(7.0, 0.0)	(8.0, 0.0)	(9.0, 0.0)	(10.0, 0.0)	(11.0, 0.0)	(12.0, 0.0)	(13.0, 0.0)	(14.0, 0.0)	(15.0, 0.0)	(16.0, 0.0)	(17.0, 0.0)	(18.0, 0.0)	(19.0, 0.0)	(20.0, 0.0)	(21.0, 0.0)	(22.0, 0.0)	(23.0, 0.0)	(24.0, 0.0)	(25.0, 0.42467532467532465)	(26.0, 0.6428571428571428)	(27.0, 1.1385281385281385)	(28.0, 0.5)	(29.0, 0.643575688387555)	(30.0, 1.9172474272122209)	(31.0, 2.1349242369813966)	(32.0, 3.7169369151684357)	(33.0, 5.395775993058049)	(34.0, 5.355187243281042)	(35.0, 8.360692586144623)	(36.0, 9.952437949454453)	(37.0, 12.420600440634784)	(38.0, 12.851531196928963)	(39.0, 12.819735353928246)	(40.0, 11.119055320350453)	(41.0, 10.424689151794585)	(42.0, 9.519480025697264)	(43.0, 5.588210502234892)	(44.0, 3.9612569532232915)	(45.0, 2.9323989019110965)	(46.0, 2.6337662337662335)	(47.0, 2.033333333333333)	(48.0, 1.040909090909091)	(49.0, 0.3655913978494624)	(50.0, 0.35772357723577236)	(51.0, 0.6818181818181819)	(52.0, 0.8333333333333333)	(53.0, 0.6666666666666666)	(54.0, 0.5555555555555556)	(55.0, 0.3333333333333333)	(56.0, 0.0)	(57.0, 0.0)	(58.0, 0.0)	(59.0, 0.0)	(60.0, 0.0)	(61.0, 0.0)	(62.0, 0.0)	(63.0, 0.0)	(64.0, 0.0)	(65.0, 0.0)	(66.0, 0.0)	(67.0, 0.0)	(68.0, 0.0)	(69.0, 0.0)	(70.0, 0.0)	(71.0, 0.0)	(72.0, 0.0)	(73.0, 0.0)	(74.0, 0.0)	(75.0, 0.0)	(76.0, 0.0)	(77.0, 0.0)	(78.0, 0.0)	(79.0, 0.0)	(80.0, 0.0)	(81.0, 0.0)	(82.0, 0.0)	(83.0, 0.0)	(84.0, 0.0)	(85.0, 0.0)	(86.0, 0.0)	(87.0, 0.0)	(88.0, 0.0)	(89.0, 0.0)	(90.0, 0.0)	(91.0, 0.0)	(92.0, 0.0)	(93.0, 0.0)	(94.0, 0.0)	(95.0, 0.0)	(96.0, 0.0)	(97.0, 0.0)	(98.0, 0.0)	(99.0, 0.0)	(100.0, 0.0)
FAY99780_pass_barcode01_98e12ebb_5ad7f319_2	(0.0, 0.0)	(1.0, 0.0)	(2.0, 0.0)	(3.0, 0.0)	(4.0, 0.0)	(5.0, 0.0)	(6.0, 0.0)	(7.0, 0.0)	(8.0, 0.0)	(9.0, 0.0)	(10.0, 0.0)	(11.0, 0.0)	(12.0, 0.0)	(13.0, 0.5)	(14.0, 1.0)	(15.0, 1.0)	(16.0, 1.0)	(17.0, 1.0)	(18.0, 1.0)	(19.0, 1.0)	(20.0, 1.0)	(21.0, 1.1)	(22.0, 1.2)	(23.0, 1.2)	(24.0, 1.1428571428571428)	(25.0, 1.292929292929293)	(26.0, 1.7148338220918866)	(27.0, 2.083156477668673)	(28.0, 2.693073593073593)	(29.0, 3.420890965403161)	(30.0, 4.420779488370484)	(31.0, 3.5547281084910405)	(32.0, 3.6095029048153613)	(33.0, 5.054861411974803)	(34.0, 7.300952094273465)	(35.0, 12.895098636068472)	(36.0, 16.49281070583988)	(37.0, 16.45254256743959)	(38.0, 18.348632457805323)	(39.0, 18.996271193116858)	(40.0, 14.662440162829684)	(41.0, 13.423454672923034)	(42.0, 9.917167147477928)	(43.0, 8.618114487239895)	(44.0, 6.503085476614888)	(45.0, 3.5154761904761904)	(46.0, 1.7976190476190474)	(47.0, 0.9242424242424242)	(48.0, 1.158008658008658)	(49.0, 1.4583333333333333)	(50.0, 0.5909090909090909)	(51.0, 0.2196078431372549)	(52.0, 0.8333333333333333)	(53.0, 0.9242424242424242)	(54.0, 0.0)	(55.0, 1.0)	(56.0, 1.5)	(57.0, 0.3333333333333333)	(58.0, 0.0)	(59.0, 0.0)	(60.0, 0.0)	(61.0, 0.5)	(62.0, 0.5)	(63.0, 0.0)	(64.0, 0.0)	(65.0, 0.0)	(66.0, 0.0)	(67.0, 0.0)	(68.0, 0.25)	(69.0, 0.0)	(70.0, 0.0)	(71.0, 0.0)	(72.0, 0.0)	(73.0, 0.3333333333333333)	(74.0, 0.0)	(75.0, 0.0)	(76.0, 0.0)	(77.0, 0.0)	(78.0, 0.0)	(79.0, 0.0)	(80.0, 0.0)	(81.0, 0.0)	(82.0, 0.0)	(83.0, 0.0)	(84.0, 0.0)	(85.0, 0.0)	(86.0, 0.0)	(87.0, 0.0)	(88.0, 0.0)	(89.0, 0.0)	(90.0, 0.0)	(91.0, 0.0)	(92.0, 0.0)	(93.0, 0.0)	(94.0, 0.0)	(95.0, 0.0)	(96.0, 0.0)	(97.0, 0.0)	(98.0, 0.0)	(99.0, 0.0)	(100.0, 0.0)
FAY99780_pass_barcode01_98e12ebb_5ad7f319_20	(0.0, 0.0)	(1.0, 0.0)	(2.0, 0.0)	(3.0, 0.0)	(4.0, 0.0)	(5.0, 0.0)	(6.0, 0.0)	(7.0, 0.0)	(8.0, 0.0)	(9.0, 0.0)	(10.0, 0.0)	(11.0, 0.0)	(12.0, 0.0)	(13.0, 0.0)	(14.0, 0.0)	(15.0, 0.0)	(16.0, 0.0)	(17.0, 0.0)	(18.0, 0.0)	(19.0, 0.0)	(20.0, 0.0)	(21.0, 0.0)	(22.0, 0.0)	(23.0, 0.0)	(24.0, 0.1)	(25.0, 0.0)	(26.0, 0.503968253968254)	(27.0, 0.29460374352847474)	(28.0, 0.5211038961038961)	(29.0, 1.185679133789552)	(30.0, 1.2232700926376159)	(31.0, 2.4120866785383597)	(32.0, 1.1481761671720583)	(33.0, 3.6974683402460546)	(34.0, 6.014246796446962)	(35.0, 7.421795184217592)	(36.0, 10.2700963790382)	(37.0, 15.234957802333605)	(38.0, 17.427837611364563)	(39.0, 14.055448056717982)	(40.0, 14.896598258123651)	(41.0, 14.244137040509408)	(42.0, 8.648377503785982)	(43.0, 3.5564907387488036)	(44.0, 2.604076479076479)	(45.0, 2.1986326681448634)	(46.0, 3.5885281385281385)	(47.0, 3.2652993348115302)	(48.0, 2.4976190476190476)	(49.0, 1.380952380952381)	(50.0, 0.8333333333333333)	(51.0, 0.3333333333333333)	(52.0, 0.3333333333333333)	(53.0, 0.0)	(54.0, 0.4242424242424242)	(55.0, 0.0)	(56.0, 0.0)	(57.0, 0.0)	(58.0, 0.0)	(59.0, 0.0)	(60.0, 0.0)	(61.0, 0.0)	(62.0, 0.5)	(63.0, 0.5)	(64.0, 0.0)	(65.0, 0.2)	(66.0, 0.0)	(67.0, 0.0)	(68.0, 0.0)	(69.0, 0.0)	(70.0, 0.0)	(71.0, 0.0)	(72.0, 0.0)	(73.0, 0.0)	(74.0, 0.0)	(75.0, 0.0)	(76.0, 0.0)	(77.0, 0.0)	(78.0, 0.0)	(79.0, 0.0)	(80.0, 0.0)	(81.0, 0.0)	(82.0, 0.0)	(83.0, 0.0)	(84.0, 0.0)	(85.0, 0.0)	(86.0, 0.0)	(87.0, 0.0)	(88.0, 0.0)	(89.0, 0.0)	(90.0, 0.0)	(91.0, 0.0)	(92.0, 0.0)	(93.0, 0.0)	(94.0, 0.0)	(95.0, 0.0)	(96.0, 0.0)	(97.0, 0.0)	(98.0, 0.0)	(99.0, 0.0)	(100.0, 0.0)
FAY99780_pass_barcode01_98e12ebb_5ad7f319_21	(0.0, 0.0)	(1.0, 0.0)	(2.0, 0.0)	(3.0, 0.0)	(4.0, 0.0)	(5.0, 0.0)	(6.0, 0.0)	(7.0, 0.0)	(8.0, 0.0)	(9.0, 0.0)	(10.0, 0.0)	(11.0, 0.0)	(12.0, 0.0)	(13.0, 0.0)	(14.0, 0.0)	(15.0, 0.0)	(16.0, 0.0)	(17.0, 0.0)	(18.0, 0.0)	(19.0, 0.0)	(20.0, 0.0)	(21.0, 0.0)	(22.0, 0.0)	(23.0, 0.0)	(24.0, 0.0)	(25.0, 0.0)	(26.0, 0.27035330261136714)	(27.0, 0.14285714285714285)	(28.0, 0.06273601418133337)	(29.0, 0.16517393042782885)	(30.0, 0.8947773987080825)	(31.0, 1.430527530531369)	(32.0, 1.2850026452938406)	(33.0, 2.8932318535335866)	(34.0, 4.774000545909741)	(35.0, 7.948983980258424)	(36.0, 12.901533160894408)	(37.0, 16.6998699384825)	(38.0, 16.106769963801693)	(39.0, 14.41195943762715)	(40.0, 11.592032228556597)	(41.0, 9.748341310425044)	(42.0, 12.462970087690698)	(43.0, 8.448109304506048)	(44.0, 4.668686868686869)	(45.0, 2.051190476190476)	(46.0, 1.5242424242424242)	(47.0, 1.2739692001987084)	(48.0, 0.8577235772357723)	(49.0, 0.6666666666666666)	(50.0, 0.09090909090909091)	(51.0, 0.5909090909090909)	(52.0, 1.25)	(53.0, 1.25)	(54.0, 0.5909090909090909)	(55.0, 0.0)	(56.0, 0.0)	(57.0, 0.0)	(58.0, 0.0)	(59.0, 0.0)	(60.0, 0.0)	(61.0, 0.2)	(62.0, 0.2)	(63.0, 0.0)	(64.0, 0.0)	(65.0, 0.0)	(66.0, 0.0)	(67.0, 0.0)	(68.0, 0.0)	(69.0, 0.0)	(70.0, 0.0)	(71.0, 0.0)	(72.0, 0.0)	(73.0, 0.0)	(74.0, 0.0)	(75.0, 0.0)	(76.0, 0.0)	(77.0, 0.0)	(78.0, 0.0)	(79.0, 0.0)	(80.0, 0.0)	(81.0, 0.0)	(82.0, 0.0)	(83.0, 0.0)	(84.0, 0.0)	(85.0, 0.0)	(86.0, 0.0)	(87.0, 0.0)	(88.0, 0.0)	(89.0, 0.0)	(90.0, 0.0)	(91.0, 0.0)	(92.0, 0.0)	(93.0, 0.0)	(94.0, 0.0)	(95.0, 0.0)	(96.0, 0.0)	(97.0, 0.0)	(98.0, 0.0)	(99.0, 0.0)	(100.0, 0.0)
FAY99780_pass_barcode01_98e12ebb_5ad7f319_22	(0.0, 0.0)	(1.0, 0.0)	(2.0, 0.0)	(3.0, 0.0)	(4.0, 0.0)	(5.0, 0.0)	(6.0, 0.0)	(7.0, 0.0)	(8.0, 0.0)	(9.0, 0.0)	(10.0, 0.0)	(11.0, 0.0)	(12.0, 0.0)	(13.0, 0.0)	(14.0, 0.0)	(15.0, 0.0)	(16.0, 0.0)	(17.0, 0.0)	(18.0, 0.0)	(19.0, 0.0)	(20.0, 0.0)	(21.0, 0.0)	(22.0, 0.3333333333333333)	(23.0, 0.5)	(24.0, 1.0)	(25.0, 0.5909090909090909)	(26.0, 0.524390243902439)	(27.0, 1.0798771121351767)	(28.0, 1.0090342394940097)	(29.0, 0.46884616777089894)	(30.0, 1.0639619097640294)	(31.0, 2.054217348965438)	(32.0, 4.560320352659273)	(33.0, 4.571926987830863)	(34.0, 5.9997345011093035)	(35.0, 9.717375025181276)	(36.0, 12.236897788879922)	(37.0, 16.438748577061197)	(38.0, 18.146678981700926)	(39.0, 15.991649898476098)	(40.0, 14.227208196562094)	(41.0, 8.626144651867774)	(42.0, 6.698996319026199)	(43.0, 4.264549843991581)	(44.0, 3.079552436810501)	(45.0, 1.65)	(46.0, 2.124242424242424)	(47.0, 2.44367997593804)	(48.0, 1.6428571428571428)	(49.0, 0.9583333333333333)	(50.0, 1.0)	(51.0, 0.5909090909090909)	(52.0, 0.0)	(53.0, 0.5)	(54.0, 0.5)	(55.0, 0.2)	(56.0, 0.0)	(57.0, 0.0)	(58.0, 0.0)	(59.0, 0.0)	(60.0, 0.0)	(61.0, 0.0)	(62.0, 0.0)	(63.0, 0.0)	(64.0, 0.0)	(65.0, 0.0)	(66.0, 0.0)	(67.0, 0.0)	(68.0, 0.0)	(69.0, 0.0)	(70.0, 0.0)	(71.0, 0.0)	(72.0, 0.0)	(73.0, 0.0)	(74.0, 0.0)	(75.0, 0.0)	(76.0, 0.0)	(77.0, 0.0)	(78.0, 0.0)	(79.0, 0.0)	(80.0, 0.0)	(81.0, 0.25)	(82.0, 0.0)	(83.0, 0.0)	(84.0, 0.0)	(85.0, 0.0)	(86.0, 0.0)	(87.0, 0.0)	(88.0, 0.0)	(89.0, 0.0)	(90.0, 0.0)	(91.0, 0.0)	(92.0, 0.0)	(93.0, 0.0)	(94.0, 0.0)	(95.0, 0.0)	(96.0, 0.0)	(97.0, 0.0)	(98.0, 0.0)	(99.0, 0.0)	(100.0, 0.0)
FAY99780_pass_barcode01_98e12ebb_5ad7f319_23	(0.0, 0.0)	(1.0, 0.0)	(2.0, 0.0)	(3.0, 0.0)	(4.0, 0.0)	(5.0, 0.0)	(6.0, 0.0)	(7.0, 0.0)	(8.0, 0.0)	(9.0, 0.0)	(10.0, 0.0)	(11.0, 0.0)	(12.0, 0.0)	(13.0, 0.0)	(14.0, 0.0)	(15.0, 0.0)	(16.0, 0.0)	(17.0, 0.0)	(18.0, 0.0)	(19.0, 0.0)	(20.0, 0.0)	(21.0, 0.0)	(22.0, 0.0)	(23.0, 0.0)	(24.0, 0.0)	(25.0, 0.047619047619047616)	(26.0, 0.9087301587301587)	(27.0, 0.7707245547528789)	(28.0, 0.7376523434398197)	(29.0, 1.0924829355245425)	(30.0, 1.707923915336219)	(31.0, 0.739231988082988)	(32.0, 1.526974333925555)	(33.0, 2.2007407001525077)	(34.0, 4.174888362018861)	(35.0, 7.7442138579829285)	(36.0, 11.87447280797326)	(37.0, 14.92904457291354)	(38.0, 17.834636589340477)	(39.0, 12.9700004426663)	(40.0, 10.982413939709236)	(41.0, 9.109038064853845)	(42.0, 5.591105370817156)	(43.0, 2.7812410707572)	(44.0, 3.151370851370851)	(45.0, 2.4384920634920633)	(46.0, 0.540909090909091)	(47.0, 0.4587301587301587)	(48.0, 0.09090909090909091)	(49.0, 0.3333333333333333)	(50.0, 1.0952380952380953)	(51.0, 1.4362745098039216)	(52.0, 0.75)	(53.0, 0.5)	(54.0, 0.0)	(55.0, 0.0)	(56.0, 0.16666666666666666)	(57.0, 0.0)	(58.0, 0.0)	(59.0, 0.0)	(60.0, 0.0)	(61.0, 0.0)	(62.0, 0.0)	(63.0, 0.0)	(64.0, 0.0)	(65.0, 0.0)	(66.0, 0.0)	(67.0, 0.0)	(68.0, 0.0)	(69.0, 0.0)	(70.0, 0.0)	(71.0, 0.0)	(72.0, 0.0)	(73.0, 0.0)	(74.0, 0.0)	(75.0, 0.0)	(76.0, 0.0)	(77.0, 0.0)	(78.0, 0.0)	(79.0, 0.0)	(80.0, 0.0)	(81.0, 0.0)	(82.0, 0.0)	(83.0, 0.0)	(84.0, 0.0)	(85.0, 0.0)	(86.0, 0.0)	(87.0, 0.0)	(88.0, 0.0)	(89.0, 0.0)	(90.0, 0.0)	(91.0, 0.0)	(92.0, 0.0)	(93.0, 0.0)	(94.0, 0.0)	(95.0, 0.0)	(96.0, 0.0)	(97.0, 0.0)	(98.0, 0.0)	(99.0, 0.0)	(100.0, 0.0)
FAY99780_pass_barcode01_98e12ebb_5ad7f319_24	(0.0, 0.0)	(1.0, 0.0)	(2.0, 0.0)	(3.0, 0.0)	(4.0, 0.0)	(5.0, 0.0)	(6.0, 0.0)	(7.0, 0.0)	(8.0, 0.0)	(9.0, 0.0)	(10.0, 0.0)	(11.0, 0.0)	(12.0, 0.0)	(13.0, 0.0)	(14.0, 0.0)	(15.0, 0.0)	(16.0, 0.0)	(17.0, 0.0)	(18.0, 0.0)	(19.0, 0.0)	(20.0, 0.0)	(21.0, 0.0)	(22.0, 0.0)	(23.0, 0.0)	(24.0, 0.0)	(25.0, 0.0)	(26.0, 0.0)	(27.0, 0.0)	(28.0, 0.12316715542521994)	(29.0, 0.30498533724340177)	(30.0, 1.6902980074706724)	(31.0, 1.802548841623908)	(32.0, 3.4579256722251506)	(33.0, 3.427212106494555)	(34.0, 5.5066035166723095)	(35.0, 8.381233470604212)	(36.0, 13.047466382605277)	(37.0, 16.375264835990656)	(38.0, 15.456393187970768)	(39.0, 11.951227041889215)	(40.0, 10.713869879160141)	(41.0, 7.5634794864034625)	(42.0, 6.7193172006900355)	(43.0, 4.607831447012443)	(44.0, 2.4728354978354976)	(45.0, 2.290118000971922)	(46.0, 0.38181818181818183)	(47.0, 0.09090909090909091)	(48.0, 0.07200929152148663)	(49.0, 0.29523809523809524)	(50.0, 0.5798771121351767)	(51.0, 0.5476190476190477)	(52.0, 0.0)	(53.0, 0.3333333333333333)	(54.0, 0.4242424242424242)	(55.0, 0.0)	(56.0, 0.0)	(57.0, 0.0)	(58.0, 0.0)	(59.0, 0.0)	(60.0, 0.0)	(61.0, 0.0)	(62.0, 0.0)	(63.0, 0.0)	(64.0, 0.0)	(65.0, 0.0)	(66.0, 0.0)	(67.0, 0.0)	(68.0, 0.0)	(69.0, 0.0)	(70.0, 0.0)	(71.0, 0.0)	(72.0, 0.0)	(73.0, 0.0)	(74.0, 0.0)	(75.0, 0.0)	(76.0, 0.0)	(77.0, 0.0)	(78.0, 0.0)	(79.0, 0.0)	(80.0, 0.0)	(81.0, 0.0)	(82.0, 0.0)	(83.0, 0.0)	(84.0, 0.0)	(85.0, 0.0)	(86.0, 0.0)	(87.0, 0.0)	(88.0, 0.0)	(89.0, 0.0)	(90.0, 0.0)	(91.0, 0.0)	(92.0, 0.0)	(93.0, 0.0)	(94.0, 0.0)	(95.0, 0.0)	(96.0, 0.0)	(97.0, 0.0)	(98.0, 0.0)	(99.0, 0.0)	(100.0, 0.0)
FAY99780_pass_barcode01_98e12ebb_5ad7f319_25	(0.0, 0.0)	(1.0, 0.0)	(2.0, 0.0)	(3.0, 0.0)	(4.0, 0.0)	(5.0, 0.0)	(6.0, 0.0)	(7.0, 0.0)	(8.0, 0.0)	(9.0, 0.0)	(10.0, 0.0)	(11.0, 0.0)	(12.0, 0.0)	(13.0, 0.0)	(14.0, 0.0)	(15.0, 0.0)	(16.0, 0.0)	(17.0, 0.0)	(18.0, 0.0)	(19.0, 0.0)	(20.0, 0.0)	(21.0, 0.0)	(22.0, 0.0)	(23.0, 0.0)	(24.0, 0.0)	(25.0, 0.0)	(26.0, 0.125)	(27.0, 0.125)	(28.0, 0.21840525066331518)	(29.0, 0.20037718057520038)	(30.0, 0.5602415899421096)	(31.0, 1.4071731179205103)	(32.0, 1.4962122308835493)	(33.0, 3.1235104397916724)	(34.0, 5.189569042998516)	(35.0, 7.8574819406578005)	(36.0, 10.656072302256916)	(37.0, 13.859658196389844)	(38.0, 16.050002348508727)	(39.0, 15.661740165780117)	(40.0, 12.576688954898623)	(41.0, 9.197785416928582)	(42.0, 6.4869162825440085)	(43.0, 4.222889554479726)	(44.0, 1.7422179192352776)	(45.0, 0.9628577117824428)	(46.0, 1.43658810325477)	(47.0, 2.5466602646180108)	(48.0, 1.540909090909091)	(49.0, 1.2346390168970813)	(50.0, 0.7619047619047619)	(51.0, 0.5)	(52.0, 0.14285714285714285)	(53.0, 0.14285714285714285)	(54.0, 0.7818181818181819)	(55.0, 0.5)	(56.0, 0.0)	(57.0, 0.0)	(58.0, 0.25)	(59.0, 0.0)	(60.0, 0.0)	(61.0, 0.0)	(62.0, 0.0)	(63.0, 0.0)	(64.0, 0.0)	(65.0, 0.0)	(66.0, 0.0)	(67.0, 0.0)	(68.0, 0.0)	(69.0, 0.0)	(70.0, 0.0)	(71.0, 0.0)	(72.0, 0.0)	(73.0, 0.0)	(74.0, 0.0)	(75.0, 0.0)	(76.0, 0.0)	(77.0, 0.0)	(78.0, 0.25)	(79.0, 0.0)	(80.0, 0.0)	(81.0, 0.0)	(82.0, 0.0)	(83.0, 0.0)	(84.0, 0.0)	(85.0, 0.0)	(86.0, 0.0)	(87.0, 0.0)	(88.0, 0.0)	(89.0, 0.0)	(90.0, 0.0)	(91.0, 0.0)	(92.0, 0.0)	(93.0, 0.0)	(94.0, 0.0)	(95.0, 0.0)	(96.0, 0.0)	(97.0, 0.0)	(98.0, 0.0)	(99.0, 0.0)	(100.0, 0.0)
FAY99780_pass_barcode01_98e12ebb_5ad7f319_26	(0.0, 0.0)	(1.0, 0.0)	(2.0, 0.0)	(3.0, 0.0)	(4.0, 0.0)	(5.0, 0.0)	(6.0, 0.0)	(7.0, 0.0)	(8.0, 0.0)	(9.0, 0.0)	(10.0, 0.0)	(11.0, 0.0)	(12.0, 0.0)	(13.0, 0.0)	(14.0, 0.0)	(15.0, 0.0)	(16.0, 0.0)	(17.0, 0.0)	(18.0, 0.0)	(19.0, 0.0)	(20.0, 0.0)	(21.0, 0.0)	(22.0, 0.0)	(23.0, 0.0)	(24.0, 0.1)	(25.0, 0.09090909090909091)	(26.0, 0.13852813852813853)	(27.0, 0.11529933481152993)	(28.0, 1.5012429814410013)	(29.0, 1.8406996229576873)	(30.0, 0.2946111598650583)	(31.0, 0.9538371628997924)	(32.0, 2.086472622535354)	(33.0, 3.8326231993063984)	(34.0, 5.795614466444512)	(35.0, 6.9708240313842404)	(36.0, 10.301382523307467)	(37.0, 14.201961042205662)	(38.0, 15.127619649298648)	(39.0, 14.059659221619023)	(40.0, 14.452311903217824)	(41.0, 7.918004266348738)	(42.0, 7.084050776006967)	(43.0, 4.603569937131183)	(44.0, 4.135462008465709)	(45.0, 2.6742424242424243)	(46.0, 2.0151515151515147)	(47.0, 1.424242424242424)	(48.0, 0.39285714285714285)	(49.0, 1.0)	(50.0, 0.9642857142857143)	(51.0, 0.1111111111111111)	(52.0, 0.0)	(53.0, 0.5670995670995671)	(54.0, 0.0)	(55.0, 0.25)	(56.0, 0.25)	(57.0, 0.0)	(58.0, 0.0)	(59.0, 0.0)	(60.0, 0.0)	(61.0, 0.0)	(62.0, 0.0)	(63.0, 0.0)	(64.0, 0.0)	(65.0, 0.0)	(66.0, 0.0)	(67.0, 0.0)	(68.0, 0.0)	(69.0, 0.0)	(70.0, 0.0)	(71.0, 0.0)	(72.0, 0.0)	(73.0, 0.0)	(74.0, 0.3333333333333333)	(75.0, 0.3333333333333333)	(76.0, 0.0)	(77.0, 0.0)	(78.0, 0.0)	(79.0, 0.0)	(80.0, 0.0)	(81.0, 0.0)	(82.0, 0.0)	(83.0, 0.0)	(84.0, 0.0)	(85.0, 0.0)	(86.0, 0.0)	(87.0, 0.0)	(88.0, 0.0)	(89.0, 0.0)	(90.0, 0.0)	(91.0, 0.0)	(92.0, 0.0)	(93.0, 0.0)	(94.0, 0.0)	(95.0, 0.0)	(96.0, 0.0)	(97.0, 0.0)	(98.0, 0.0)	(99.0, 0.0)	(100.0, 0.0)
FAY99780_pass_barcode01_98e12ebb_5ad7f319_27	(0.0, 0.0)	(1.0, 0.0)	(2.0, 0.0)	(3.0, 0.0)	(4.0, 0.0)	(5.0, 0.0)	(6.0, 0.0)	(7.0, 0.0)	(8.0, 0.0)	(9.0, 0.0)	(10.0, 0.0)	(11.0, 0.0)	(12.0, 0.0)	(13.0, 0.0)	(14.0, 0.0)	(15.0, 0.0)	(16.0, 0.0)	(17.0, 0.0)	(18.0, 0.0)	(19.0, 0.0)	(20.0, 0.0)	(21.0, 0.0)	(22.0, 0.2)	(23.0, 0.0)	(24.0, 0.0)	(25.0, 0.5333333333333333)	(26.0, 0.43333333333333335)	(27.0, 0.15873015873015872)	(28.0, 0.9241532976827095)	(29.0, 0.7246207911657694)	(30.0, 0.9361678278663634)	(31.0, 0.8006598487782115)	(32.0, 1.5178508074976196)	(33.0, 3.942964053333808)	(34.0, 6.812735422551144)	(35.0, 8.806610023081243)	(36.0, 12.51242833728122)	(37.0, 13.508668932737148)	(38.0, 15.883853363818252)	(39.0, 12.83994517127611)	(40.0, 11.813699108623885)	(41.0, 9.677173316330373)	(42.0, 4.941514624413412)	(43.0, 3.5389404549019026)	(44.0, 2.9941628264208906)	(45.0, 2.690591397849462)	(46.0, 2.0277777777777777)	(47.0, 0.3333333333333333)	(48.0, 1.2140762463343109)	(49.0, 0.5)	(50.0, 0.04878048780487805)	(51.0, 0.0)	(52.0, 0.0)	(53.0, 0.0)	(54.0, 0.0)	(55.0, 0.0)	(56.0, 0.0)	(57.0, 0.0)	(58.0, 0.0)	(59.0, 0.0)	(60.0, 0.0)	(61.0, 0.0)	(62.0, 0.0)	(63.0, 0.0)	(64.0, 0.5)	(65.0, 1.0)	(66.0, 0.5)	(67.0, 0.0)	(68.0, 0.0)	(69.0, 0.0)	(70.0, 0.0)	(71.0, 0.0)	(72.0, 0.0)	(73.0, 0.0)	(74.0, 0.0)	(75.0, 0.0)	(76.0, 0.0)	(77.0, 0.0)	(78.0, 0.0)	(79.0, 0.0)	(80.0, 0.0)	(81.0, 0.0)	(82.0, 0.0)	(83.0, 0.0)	(84.0, 0.0)	(85.0, 0.0)	(86.0, 0.0)	(87.0, 0.0)	(88.0, 0.0)	(89.0, 0.0)	(90.0, 0.0)	(91.0, 0.0)	(92.0, 0.0)	(93.0, 0.0)	(94.0, 0.0)	(95.0, 0.0)	(96.0, 0.0)	(97.0, 0.0)	(98.0, 0.0)	(99.0, 0.0)	(100.0, 0.0)
FAY99780_pass_barcode01_98e12ebb_5ad7f319_28	(0.0, 0.0)	(1.0, 0.0)	(2.0, 0.0)	(3.0, 0.0)	(4.0, 0.0)	(5.0, 0.0)	(6.0, 0.0)	(7.0, 0.0)	(8.0, 0.0)	(9.0, 0.0)	(10.0, 0.0)	(11.0, 0.0)	(12.0, 0.0)	(13.0, 0.0)	(14.0, 0.0)	(15.0, 0.0)	(16.0, 0.0)	(17.0, 0.0)	(18.0, 0.0)	(19.0, 0.0)	(20.0, 0.0)	(21.0, 0.0)	(22.0, 0.0)	(23.0, 0.0)	(24.0, 0.0)	(25.0, 0.0)	(26.0, 0.17078620304426756)	(27.0, 1.5718614718614718)	(28.0, 2.6810675883256523)	(29.0, 1.8338453661034309)	(30.0, 2.765518548672374)	(31.0, 2.983029048534785)	(32.0, 1.8492320805185254)	(33.0, 2.282580996804696)	(34.0, 3.851069550714824)	(35.0, 5.723638294766196)	(36.0, 7.421876491113551)	(37.0, 9.972462394703287)	(38.0, 10.376098167455691)	(39.0, 9.103601234253407)	(40.0, 8.30063894020965)	(41.0, 7.044145631732432)	(42.0, 4.753374608553747)	(43.0, 4.445249631428493)	(44.0, 1.732258064516129)	(45.0, 1.0151515151515151)	(46.0, 0.6818181818181819)	(47.0, 0.8333333333333333)	(48.0, 0.047619047619047616)	(49.0, 0.03225806451612903)	(50.0, 0.09090909090909091)	(51.0, 0.3333333333333333)	(52.0, 0.8333333333333333)	(53.0, 0.5909090909090909)	(54.0, 0.0)	(55.0, 0.3333333333333333)	(56.0, 0.3333333333333333)	(57.0, 0.3333333333333333)	(58.0, 0.25)	(59.0, 0.0)	(60.0, 0.0)	(61.0, 0.0)	(62.0, 0.0)	(63.0, 0.0)	(64.0, 0.0)	(65.0, 0.0)	(66.0, 0.0)	(67.0, 0.0)	(68.0, 0.0)	(69.0, 0.0)	(70.0, 0.0)	(71.0, 0.0)	(72.0, 0.0)	(73.0, 0.0)	(74.0, 0.0)	(75.0, 0.0)	(76.0, 0.0)	(77.0, 0.0)	(78.0, 0.0)	(79.0, 0.0)	(80.0, 0.0)	(81.0, 0.0)	(82.0, 0.0)	(83.0, 0.0)	(84.0, 0.0)	(85.0, 0.0)	(86.0, 0.0)	(87.0, 0.0)	(88.0, 0.0)	(89.0, 0.0)	(90.0, 0.0)	(91.0, 0.0)	(92.0, 0.0)	(93.0, 0.0)	(94.0, 0.0)	(95.0, 0.0)	(96.0, 0.0)	(97.0, 0.0)	(98.0, 0.0)	(99.0, 0.0)	(100.0, 0.0)
FAY99780_pass_barcode01_98e12ebb_5ad7f319_29	(0.0, 0.0)	(1.0, 0.0)	(2.0, 0.0)	(3.0, 0.0)	(4.0, 0.0)	(5.0, 0.0)	(6.0, 0.0)	(7.0, 0.0)	(8.0, 0.0)	(9.0, 0.0)	(10.0, 0.0)	(11.0, 0.0)	(12.0, 0.0)	(13.0, 0.0)	(14.0, 0.0)	(15.0, 0.0)	(16.0, 0.0)	(17.0, 0.0)	(18.0, 0.0)	(19.0, 0.0)	(20.0, 0.0)	(21.0, 0.0)	(22.0, 0.0)	(23.0, 0.0)	(24.0, 0.5)	(25.0, 1.0)	(26.0, 0.5476190476190477)	(27.0, 0.5952380952380953)	(28.0, 1.3051948051948052)	(29.0, 2.304081300593093)	(30.0, 2.0483366068965156)	(31.0, 1.4429192370588853)	(32.0, 2.1590548436656176)	(33.0, 3.7166645717849467)	(34.0, 5.393108999204537)	(35.0, 8.689415383554078)	(36.0, 10.928901806059637)	(37.0, 12.40608575509609)	(38.0, 16.26057775380866)	(39.0, 15.648297721168184)	(40.0, 11.311833480870709)	(41.0, 10.859395274027893)	(42.0, 7.523929979933267)	(43.0, 5.690728715728714)	(44.0, 3.6505411255411255)	(45.0, 1.549242424242424)	(46.0, 1.590909090909091)	(47.0, 1.8583333333333334)	(48.0, 0.9242424242424242)	(49.0, 0.6)	(50.0, 0.9242424242424243)	(51.0, 0.5476190476190477)	(52.0, 0.1)	(53.0, 0.0)	(54.0, 0.1)	(55.0, 0.0)	(56.0, 0.0)	(57.0, 0.0)	(58.0, 0.0)	(59.0, 0.0)	(60.0, 0.0)	(61.0, 0.0)	(62.0, 0.0)	(63.0, 0.0)	(64.0, 0.0)	(65.0, 0.0)	(66.0, 0.0)	(67.0, 0.0)	(68.0, 0.0)	(69.0, 0.0)	(70.0, 0.0)	(71.0, 0.0)	(72.0, 0.0)	(73.0, 0.0)	(74.0, 0.0)	(75.0, 0.0)	(76.0, 0.0)	(77.0, 0.0)	(78.0, 0.0)	(79.0, 0.0)	(80.0, 0.0)	(81.0, 0.0)	(82.0, 0.0)	(83.0, 0.0)	(84.0, 0.0)	(85.0, 0.0)	(86.0, 0.0)	(87.0, 0.0)	(88.0, 0.0)	(89.0, 0.0)	(90.0, 0.0)	(91.0, 0.0)	(92.0, 0.0)	(93.0, 0.0)	(94.0, 0.0)	(95.0, 0.0)	(96.0, 0.0)	(97.0, 0.0)	(98.0, 0.0)	(99.0, 0.0)	(100.0, 0.0)
FAY99780_pass_barcode01_98e12ebb_5ad7f319_3	(0.0, 0.0)	(1.0, 0.0)	(2.0, 0.0)	(3.0, 0.0)	(4.0, 0.0)	(5.0, 0.0)	(6.0, 0.0)	(7.0, 0.0)	(8.0, 0.0)	(9.0, 0.0)	(10.0, 0.0)	(11.0, 0.0)	(12.0, 0.0)	(13.0, 0.0)	(14.0, 0.0)	(15.0, 0.5)	(16.0, 1.0)	(17.0, 1.0)	(18.0, 1.0)	(19.0, 1.0)	(20.0, 1.0)	(21.0, 1.3333333333333333)	(22.0, 1.3333333333333333)	(23.0, 1.0)	(24.0, 1.1666666666666667)	(25.0, 1.431060606060606)	(26.0, 0.9267830530125614)	(27.0, 0.39292929292929296)	(28.0, 0.423062539348928)	(29.0, 1.5813835480502147)	(30.0, 4.035100247147805)	(31.0, 4.359416633800985)	(32.0, 5.3893068394198425)	(33.0, 5.932357691348186)	(34.0, 10.573259572077053)	(35.0, 10.599945709197387)	(36.0, 14.764645330420848)	(37.0, 15.123125511102087)	(38.0, 18.331494610278494)	(39.0, 15.836639217902967)	(40.0, 16.036393658090557)	(41.0, 14.053272497730024)	(42.0, 8.606227004906678)	(43.0, 6.895913583467387)	(44.0, 5.603070159846062)	(45.0, 2.8511904761904763)	(46.0, 3.523969200198709)	(47.0, 2.821869488536155)	(48.0, 0.47619047619047616)	(49.0, 0.5)	(50.0, 0.8203463203463204)	(51.0, 0.5909090909090909)	(52.0, 1.7)	(53.0, 1.0909090909090908)	(54.0, 0.75)	(55.0, 0.5833333333333333)	(56.0, 0.0)	(57.0, 0.0)	(58.0, 0.0)	(59.0, 0.0)	(60.0, 0.0)	(61.0, 0.0)	(62.0, 0.0)	(63.0, 0.0)	(64.0, 0.0)	(65.0, 0.0)	(66.0, 0.0)	(67.0, 0.0)	(68.0, 0.0)	(69.0, 0.0)	(70.0, 0.0)	(71.0, 0.0)	(72.0, 0.0)	(73.0, 0.0)	(74.0, 0.0)	(75.0, 0.0)	(76.0, 0.0)	(77.0, 0.0)	(78.0, 0.0)	(79.0, 0.0)	(80.0, 0.0)	(81.0, 0.0)	(82.0, 0.0)	(83.0, 0.0)	(84.0, 0.0)	(85.0, 0.0)	(86.0, 0.0)	(87.0, 0.0)	(88.0, 0.0)	(89.0, 0.0)	(90.0, 0.0)	(91.0, 0.0)	(92.0, 0.0)	(93.0, 0.0)	(94.0, 0.0)	(95.0, 0.0)	(96.0, 0.0)	(97.0, 0.0)	(98.0, 0.0)	(99.0, 0.0)	(100.0, 0.0)
FAY99780_pass_barcode01_98e12ebb_5ad7f319_30	(0.0, 0.0)	(1.0, 0.0)	(2.0, 0.0)	(3.0, 0.0)	(4.0, 0.0)	(5.0, 0.0)	(6.0, 0.0)	(7.0, 0.0)	(8.0, 0.0)	(9.0, 0.0)	(10.0, 0.0)	(11.0, 0.0)	(12.0, 0.0)	(13.0, 0.0)	(14.0, 0.0)	(15.0, 0.0)	(16.0, 0.0)	(17.0, 0.0)	(18.0, 0.0)	(19.0, 0.0)	(20.0, 0.0)	(21.0, 0.0)	(22.0, 0.0)	(23.0, 0.0)	(24.0, 0.0)	(25.0, 0.0)	(26.0, 0.125)	(27.0, 0.09090909090909091)	(28.0, 0.09090909090909091)	(29.0, 0.9110855378557975)	(30.0, 1.4956560300201045)	(31.0, 1.3482108804843362)	(32.0, 3.4606501057874333)	(33.0, 3.297759224137712)	(34.0, 4.905349493059126)	(35.0, 5.837637822742091)	(36.0, 9.789526941750303)	(37.0, 14.296797745803298)	(38.0, 14.748910293704443)	(39.0, 11.207448755019287)	(40.0, 11.350986718824345)	(41.0, 10.060488741740237)	(42.0, 6.444732701702066)	(43.0, 4.937203624007144)	(44.0, 2.9981133955558508)	(45.0, 2.397335169193808)	(46.0, 1.2163934426229508)	(47.0, 0.7742424242424242)	(48.0, 0.2)	(49.0, 0.0)	(50.0, 0.8262626262626263)	(51.0, 0.3385281385281385)	(52.0, 0.0)	(53.0, 0.0)	(54.0, 0.0)	(55.0, 0.3333333333333333)	(56.0, 0.976190476190476)	(57.0, 0.5)	(58.0, 0.0)	(59.0, 0.0)	(60.0, 0.0)	(61.0, 0.0)	(62.0, 0.0)	(63.0, 0.0)	(64.0, 0.0)	(65.0, 0.0)	(66.0, 0.0)	(67.0, 0.0)	(68.0, 0.0)	(69.0, 0.0)	(70.0, 0.0)	(71.0, 0.0)	(72.0, 0.0)	(73.0, 0.0)	(74.0, 0.0)	(75.0, 0.0)	(76.0, 0.0)	(77.0, 0.0)	(78.0, 0.0)	(79.0, 0.0)	(80.0, 0.0)	(81.0, 0.0)	(82.0, 0.0)	(83.0, 0.0)	(84.0, 0.0)	(85.0, 0.0)	(86.0, 0.0)	(87.0, 0.0)	(88.0, 0.0)	(89.0, 0.0)	(90.0, 0.0)	(91.0, 0.0)	(92.0, 0.0)	(93.0, 0.0)	(94.0, 0.0)	(95.0, 0.0)	(96.0, 0.0)	(97.0, 0.0)	(98.0, 0.0)	(99.0, 0.0)	(100.0, 0.0)
FAY99780_pass_barcode01_98e12ebb_5ad7f319_31	(0.0, 0.0)	(1.0, 0.0)	(2.0, 0.0)	(3.0, 0.0)	(4.0, 0.0)	(5.0, 0.0)	(6.0, 0.0)	(7.0, 0.0)	(8.0, 0.0)	(9.0, 0.0)	(10.0, 0.0)	(11.0, 0.0)	(12.0, 0.0)	(13.0, 0.0)	(14.0, 0.0)	(15.0, 0.0)	(16.0, 0.0)	(17.0, 0.0)	(18.0, 0.0)	(19.0, 0.0)	(20.0, 0.0)	(21.0, 0.0)	(22.0, 0.0)	(23.0, 0.14285714285714285)	(24.0, 0.09090909090909091)	(25.0, 0.5909090909090909)	(26.0, 0.6231671554252199)	(27.0, 0.19047619047619047)	(28.0, 0.5572924060376289)	(29.0, 0.27070430296236747)	(30.0, 1.5165165929483335)	(31.0, 2.1247159498487624)	(32.0, 1.5026694718260103)	(33.0, 2.6165914579703484)	(34.0, 3.150438338116141)	(35.0, 7.104722302992045)	(36.0, 11.41693223359245)	(37.0, 14.707584698791177)	(38.0, 18.81157073544546)	(39.0, 15.866396379378479)	(40.0, 11.500933567245447)	(41.0, 9.179217009326795)	(42.0, 7.276343782364294)	(43.0, 4.811213477880145)	(44.0, 3.299691358024692)	(45.0, 3.437930239159747)	(46.0, 0.9999999999999999)	(47.0, 0.5909090909090909)	(48.0, 0.7868117797695263)	(49.0, 1.032258064516129)	(50.0, 1.556648308418568)	(51.0, 1.032258064516129)	(52.0, 0.0)	(53.0, 0.14285714285714285)	(54.0, 0.0)	(55.0, 0.0)	(56.0, 0.0)	(57.0, 0.0)	(58.0, 0.0)	(59.0, 0.0)	(60.0, 0.14285714285714285)	(61.0, 0.14285714285714285)	(62.0, 0.0)	(63.0, 0.0)	(64.0, 0.0)	(65.0, 0.0)	(66.0, 0.0)	(67.0, 0.0)	(68.0, 0.0)	(69.0, 0.0)	(70.0, 0.0)	(71.0, 0.0)	(72.0, 0.0)	(73.0, 0.0)	(74.0, 0.0)	(75.0, 0.0)	(76.0, 0.0)	(77.0, 0.0)	(78.0, 0.0)	(79.0, 0.0)	(80.0, 0.0)	(81.0, 0.0)	(82.0, 0.0)	(83.0, 0.0)	(84.0, 0.0)	(85.0, 0.0)	(86.0, 0.0)	(87.0, 0.0)	(88.0, 0.0)	(89.0, 0.0)	(90.0, 0.0)	(91.0, 0.0)	(92.0, 0.0)	(93.0, 0.0)	(94.0, 0.0)	(95.0, 0.0)	(96.0, 0.0)	(97.0, 0.0)	(98.0, 0.0)	(99.0, 0.0)	(100.0, 0.0)
FAY99780_pass_barcode01_98e12ebb_5ad7f319_32	(0.0, 0.0)	(1.0, 0.0)	(2.0, 0.0)	(3.0, 0.0)	(4.0, 0.0)	(5.0, 0.0)	(6.0, 0.0)	(7.0, 0.0)	(8.0, 0.0)	(9.0, 0.0)	(10.0, 0.0)	(11.0, 0.0)	(12.0, 0.0)	(13.0, 0.0)	(14.0, 0.0)	(15.0, 0.0)	(16.0, 0.0)	(17.0, 0.0)	(18.0, 0.0)	(19.0, 0.0)	(20.0, 0.0)	(21.0, 0.0)	(22.0, 0.0)	(23.0, 0.0)	(24.0, 0.0)	(25.0, 0.0)	(26.0, 0.12316715542521994)	(27.0, 0.16666666666666666)	(28.0, 0.15492158115108934)	(29.0, 0.7921611428561337)	(30.0, 1.2025431359030483)	(31.0, 0.7329497298215444)	(32.0, 2.5566512610132137)	(33.0, 4.980246961039278)	(34.0, 5.178904406408929)	(35.0, 5.558263470966776)	(36.0, 8.472983961127596)	(37.0, 11.77412626597822)	(38.0, 14.437040406026144)	(39.0, 14.13383983139824)	(40.0, 12.852181315611467)	(41.0, 11.456806762011333)	(42.0, 6.659998764138548)	(43.0, 3.2405244111569043)	(44.0, 3.594985656148939)	(45.0, 2.5049935979513442)	(46.0, 0.6309523809523809)	(47.0, 0.25)	(48.0, 0.5)	(49.0, 0.6)	(50.0, 0.3933691756272401)	(51.0, 0.5)	(52.0, 0.25)	(53.0, 0.702020202020202)	(54.0, 0.8333333333333333)	(55.0, 0.0)	(56.0, 0.0)	(57.0, 0.0)	(58.0, 0.0)	(59.0, 0.5)	(60.0, 0.5)	(61.0, 0.0)	(62.0, 0.0)	(63.0, 0.0)	(64.0, 0.0)	(65.0, 0.0)	(66.0, 0.0)	(67.0, 0.0)	(68.0, 0.0)	(69.0, 0.0)	(70.0, 0.0)	(71.0, 0.0)	(72.0, 0.0)	(73.0, 0.0)	(74.0, 0.0)	(75.0, 0.0)	(76.0, 0.0)	(77.0, 0.0)	(78.0, 0.0)	(79.0, 0.0)	(80.0, 0.0)	(81.0, 0.0)	(82.0, 0.0)	(83.0, 0.0)	(84.0, 0.0)	(85.0, 0.0)	(86.0, 0.0)	(87.0, 0.0)	(88.0, 0.0)	(89.0, 0.0)	(90.0, 0.0)	(91.0, 0.0)	(92.0, 0.0)	(93.0, 0.0)	(94.0, 0.0)	(95.0, 0.0)	(96.0, 0.0)	(97.0, 0.0)	(98.0, 0.0)	(99.0, 0.0)	(100.0, 0.0)
FAY99780_pass_barcode01_98e12ebb_5ad7f319_33	(0.0, 0.0)	(1.0, 0.0)	(2.0, 0.0)	(3.0, 0.0)	(4.0, 0.0)	(5.0, 0.0)	(6.0, 0.0)	(7.0, 0.0)	(8.0, 0.0)	(9.0, 0.0)	(10.0, 0.0)	(11.0, 0.0)	(12.0, 0.0)	(13.0, 0.0)	(14.0, 0.0)	(15.0, 0.0)	(16.0, 0.0)	(17.0, 0.0)	(18.0, 0.0)	(19.0, 0.0)	(20.0, 0.0)	(21.0, 0.0)	(22.0, 0.0)	(23.0, 0.0)	(24.0, 0.0)	(25.0, 0.0)	(26.0, 0.0)	(27.0, 0.0)	(28.0, 0.6385281385281385)	(29.0, 0.8978585134499113)	(30.0, 0.5112195077177735)	(31.0, 2.4598262534023307)	(32.0, 3.082257794347385)	(33.0, 2.1099971372925697)	(34.0, 4.220525746116592)	(35.0, 6.8115110865523185)	(36.0, 10.731716644926953)	(37.0, 12.392931586895074)	(38.0, 13.159123370418918)	(39.0, 12.681645081102287)	(40.0, 9.912921732921271)	(41.0, 6.476264846443342)	(42.0, 5.735679758764827)	(43.0, 3.6435217364794834)	(44.0, 1.5755411255411256)	(45.0, 1.489993498481071)	(46.0, 0.7575757575757576)	(47.0, 1.3666666666666665)	(48.0, 0.8409090909090909)	(49.0, 0.4409090909090909)	(50.0, 0.6353535353535353)	(51.0, 0.5909090909090909)	(52.0, 0.5)	(53.0, 0.0)	(54.0, 0.0)	(55.0, 0.0)	(56.0, 0.0)	(57.0, 0.0)	(58.0, 0.0)	(59.0, 0.0)	(60.0, 0.0)	(61.0, 0.0)	(62.0, 0.0)	(63.0, 0.0)	(64.0, 0.0)	(65.0, 0.0)	(66.0, 0.0)	(67.0, 0.0)	(68.0, 0.0)	(69.0, 0.0)	(70.0, 0.0)	(71.0, 0.0)	(72.0, 0.0)	(73.0, 0.0)	(74.0, 0.0)	(75.0, 0.0)	(76.0, 0.0)	(77.0, 0.0)	(78.0, 0.0)	(79.0, 0.0)	(80.0, 0.0)	(81.0, 0.0)	(82.0, 0.0)	(83.0, 0.0)	(84.0, 0.0)	(85.0, 0.0)	(86.0, 0.0)	(87.0, 0.0)	(88.0, 0.0)	(89.0, 0.0)	(90.0, 0.0)	(91.0, 0.0)	(92.0, 0.0)	(93.0, 0.0)	(94.0, 0.0)	(95.0, 0.0)	(96.0, 0.0)	(97.0, 0.0)	(98.0, 0.0)	(99.0, 0.0)	(100.0, 0.0)
FAY99780_pass_barcode01_98e12ebb_5ad7f319_34	(0.0, 0.0)	(1.0, 0.0)	(2.0, 0.0)	(3.0, 0.0)	(4.0, 0.0)	(5.0, 0.0)	(6.0, 0.0)	(7.0, 0.0)	(8.0, 0.0)	(9.0, 0.0)	(10.0, 0.0)	(11.0, 0.0)	(12.0, 0.0)	(13.0, 0.0)	(14.0, 0.0)	(15.0, 0.0)	(16.0, 0.0)	(17.0, 0.0)	(18.0, 0.0)	(19.0, 0.0)	(20.0, 0.0)	(21.0, 0.0)	(22.0, 0.0)	(23.0, 0.0)	(24.0, 0.0)	(25.0, 0.1111111111111111)	(26.0, 0.8333333333333333)	(27.0, 1.0474178403755867)	(28.0, 0.45653097470453213)	(29.0, 0.17078620304426756)	(30.0, 0.32021527827565865)	(31.0, 0.5829815498454188)	(32.0, 1.6291823944628503)	(33.0, 2.316798603199837)	(34.0, 5.066742284076628)	(35.0, 7.536994234333751)	(36.0, 12.403826712411298)	(37.0, 12.869278596062044)	(38.0, 12.828225762187337)	(39.0, 13.314784781320203)	(40.0, 11.907828660639893)	(41.0, 9.916435978367266)	(42.0, 5.886561827966382)	(43.0, 6.51510214101326)	(44.0, 5.885786435786435)	(45.0, 2.8143939393939394)	(46.0, 0.5)	(47.0, 0.19047619047619047)	(48.0, 0.0)	(49.0, 0.10730253353204174)	(50.0, 0.4809523809523809)	(51.0, 0.4809523809523809)	(52.0, 0.0)	(53.0, 0.0)	(54.0, 0.1)	(55.0, 0.0)	(56.0, 0.0)	(57.0, 0.0)	(58.0, 0.0)	(59.0, 0.0)	(60.0, 0.0)	(61.0, 0.0)	(62.0, 0.0)	(63.0, 0.25)	(64.0, 0.0)	(65.0, 0.0)	(66.0, 0.0)	(67.0, 0.0)	(68.0, 0.0)	(69.0, 0.0)	(70.0, 0.0)	(71.0, 0.0)	(72.0, 0.0)	(73.0, 0.0)	(74.0, 0.0)	(75.0, 0.0)	(76.0, 0.0)	(77.0, 0.0)	(78.0, 0.0)	(79.0, 0.0)	(80.0, 0.0)	(81.0, 0.0)	(82.0, 0.0)	(83.0, 0.0)	(84.0, 0.0)	(85.0, 0.0)	(86.0, 0.0)	(87.0, 0.0)	(88.0, 0.0)	(89.0, 0.0)	(90.0, 0.0)	(91.0, 0.0)	(92.0, 0.0)	(93.0, 0.0)	(94.0, 0.0)	(95.0, 0.0)	(96.0, 0.0)	(97.0, 0.0)	(98.0, 0.0)	(99.0, 0.0)	(100.0, 0.0)
FAY99780_pass_barcode01_98e12ebb_5ad7f319_35	(0.0, 0.0)	(1.0, 0.0)	(2.0, 0.0)	(3.0, 0.0)	(4.0, 0.0)	(5.0, 0.0)	(6.0, 0.0)	(7.0, 0.0)	(8.0, 0.0)	(9.0, 0.0)	(10.0, 0.0)	(11.0, 0.0)	(12.0, 0.0)	(13.0, 0.0)	(14.0, 0.0)	(15.0, 0.0)	(16.0, 0.0)	(17.0, 0.0)	(18.0, 0.0)	(19.0, 0.0)	(20.0, 0.0)	(21.0, 0.0)	(22.0, 0.0)	(23.0, 0.0)	(24.0, 0.0)	(25.0, 0.0)	(26.0, 0.4242424242424242)	(27.0, 0.0)	(28.0, 0.36529933481153)	(29.0, 0.5887598317175782)	(30.0, 0.64261312631651)	(31.0, 0.8552375961377569)	(32.0, 1.7569286411543996)	(33.0, 4.291182976113329)	(34.0, 5.8442531702387175)	(35.0, 5.372078148803309)	(36.0, 8.559043668099315)	(37.0, 9.263188774255589)	(38.0, 10.54183309365464)	(39.0, 12.342557012848747)	(40.0, 9.663073652256942)	(41.0, 7.954593629656315)	(42.0, 4.844907586790064)	(43.0, 2.5280372852953494)	(44.0, 1.0414654594232058)	(45.0, 0.3333333333333333)	(46.0, 0.8484848484848485)	(47.0, 0.4242424242424242)	(48.0, 0.8333333333333333)	(49.0, 0.5952380952380953)	(50.0, 0.5)	(51.0, 1.024390243902439)	(52.0, 1.25)	(53.0, 1.3333333333333333)	(54.0, 1.515151515151515)	(55.0, 1.0)	(56.0, 1.5333333333333332)	(57.0, 1.2)	(58.0, 1.0)	(59.0, 1.0)	(60.0, 1.0)	(61.0, 1.0)	(62.0, 1.0)	(63.0, 1.0)	(64.0, 1.0)	(65.0, 1.0)	(66.0, 1.0)	(67.0, 1.0)	(68.0, 1.0)	(69.0, 1.0)	(70.0, 1.0)	(71.0, 1.0)	(72.0, 1.0)	(73.0, 1.0)	(74.0, 1.0)	(75.0, 1.0)	(76.0, 1.0)	(77.0, 1.0)	(78.0, 1.0)	(79.0, 1.0)	(80.0, 1.0)	(81.0, 1.0)	(82.0, 1.0)	(83.0, 1.0)	(84.0, 1.0)	(85.0, 1.0)	(86.0, 1.0)	(87.0, 1.0)	(88.0, 1.0)	(89.0, 1.0)	(90.0, 1.0)	(91.0, 1.0)	(92.0, 1.0)	(93.0, 1.0)	(94.0, 1.0)	(95.0, 1.0)	(96.0, 1.0)	(97.0, 1.0)	(98.0, 1.0)	(99.0, 1.0)	(100.0, 1.0)
FAY99780_pass_barcode01_98e12ebb_5ad7f319_36	(0.0, 0.0)	(1.0, 0.0)	(2.0, 0.0)	(3.0, 0.0)	(4.0, 0.0)	(5.0, 0.0)	(6.0, 0.0)	(7.0, 0.0)	(8.0, 0.0)	(9.0, 0.0)	(10.0, 0.0)	(11.0, 0.0)	(12.0, 0.0)	(13.0, 0.0)	(14.0, 0.0)	(15.0, 0.0)	(16.0, 0.0)	(17.0, 0.0)	(18.0, 0.0)	(19.0, 0.0)	(20.0, 0.0)	(21.0, 0.0)	(22.0, 0.0)	(23.0, 0.0)	(24.0, 0.09090909090909091)	(25.0, 0.0)	(26.0, 0.5909090909090909)	(27.0, 1.024390243902439)	(28.0, 0.5909090909090909)	(29.0, 0.7065004887585533)	(30.0, 1.0627705627705626)	(31.0, 1.707021744572704)	(32.0, 1.897098606815524)	(33.0, 3.5776397349843028)	(34.0, 3.46756755094459)	(35.0, 5.050512016640768)	(36.0, 11.822307325588575)	(37.0, 13.978347974848392)	(38.0, 14.943115406126138)	(39.0, 12.867270818455165)	(40.0, 12.2214543425151)	(41.0, 10.301447753829871)	(42.0, 7.080601545308155)	(43.0, 4.546657630145202)	(44.0, 2.8541921394974827)	(45.0, 2.4823025335320423)	(46.0, 2.3333333333333335)	(47.0, 1.7142857142857142)	(48.0, 0.13550135501355012)	(49.0, 0.2)	(50.0, 0.2)	(51.0, 0.0)	(52.0, 0.282258064516129)	(53.0, 0.5909090909090909)	(54.0, 0.6428571428571428)	(55.0, 0.0)	(56.0, 0.0)	(57.0, 0.0)	(58.0, 0.0)	(59.0, 0.3333333333333333)	(60.0, 0.0)	(61.0, 0.0)	(62.0, 0.0)	(63.0, 0.0)	(64.0, 0.0)	(65.0, 0.0)	(66.0, 0.0)	(67.0, 0.0)	(68.0, 0.0)	(69.0, 0.0)	(70.0, 0.0)	(71.0, 0.0)	(72.0, 0.0)	(73.0, 0.0)	(74.0, 0.0)	(75.0, 0.0)	(76.0, 0.0)	(77.0, 0.0)	(78.0, 0.0)	(79.0, 0.0)	(80.0, 0.0)	(81.0, 0.0)	(82.0, 0.0)	(83.0, 0.0)	(84.0, 0.0)	(85.0, 0.0)	(86.0, 0.0)	(87.0, 0.0)	(88.0, 0.0)	(89.0, 0.0)	(90.0, 0.0)	(91.0, 0.0)	(92.0, 0.0)	(93.0, 0.0)	(94.0, 0.0)	(95.0, 0.0)	(96.0, 0.0)	(97.0, 0.0)	(98.0, 0.0)	(99.0, 0.0)	(100.0, 0.0)
FAY99780_pass_barcode01_98e12ebb_5ad7f319_37	(0.0, 0.0)	(1.0, 0.0)	(2.0, 0.0)	(3.0, 0.0)	(4.0, 0.0)	(5.0, 0.0)	(6.0, 0.0)	(7.0, 0.0)	(8.0, 0.0)	(9.0, 0.0)	(10.0, 0.0)	(11.0, 0.0)	(12.0, 0.0)	(13.0, 0.0)	(14.0, 0.0)	(15.0, 0.0)	(16.0, 0.0)	(17.0, 0.0)	(18.0, 0.0)	(19.0, 0.0)	(20.0, 0.0)	(21.0, 0.0)	(22.0, 0.0)	(23.0, 0.0)	(24.0, 0.2)	(25.0, 0.2)	(26.0, 0.12316715542521994)	(27.0, 0.0)	(28.0, 0.532258064516129)	(29.0, 1.3502065127603147)	(30.0, 1.2478507408084873)	(31.0, 2.297894603026756)	(32.0, 3.393203324257758)	(33.0, 4.563092516636663)	(34.0, 5.6350731506882905)	(35.0, 8.319655355096643)	(36.0, 11.28249182943144)	(37.0, 11.085176668696151)	(38.0, 11.376552109587951)	(39.0, 10.205625376083136)	(40.0, 7.10774985929863)	(41.0, 7.8445623417185395)	(42.0, 4.827472470199302)	(43.0, 2.791276115189158)	(44.0, 3.671212121212121)	(45.0, 4.400359016846175)	(46.0, 3.6480519480519473)	(47.0, 1.8095238095238095)	(48.0, 0.5)	(49.0, 1.3409090909090908)	(50.0, 0.874390243902439)	(51.0, 0.12316715542521994)	(52.0, 0.18181818181818182)	(53.0, 0.0)	(54.0, 0.0)	(55.0, 0.0)	(56.0, 0.0)	(57.0, 0.0)	(58.0, 0.0)	(59.0, 0.0)	(60.0, 0.0)	(61.0, 0.0)	(62.0, 0.0)	(63.0, 0.0)	(64.0, 0.0)	(65.0, 0.0)	(66.0, 0.0)	(67.0, 0.0)	(68.0, 0.0)	(69.0, 0.0)	(70.0, 0.0)	(71.0, 0.0)	(72.0, 0.0)	(73.0, 0.0)	(74.0, 0.0)	(75.0, 0.0)	(76.0, 0.0)	(77.0, 0.0)	(78.0, 0.0)	(79.0, 0.0)	(80.0, 0.0)	(81.0, 0.0)	(82.0, 0.0)	(83.0, 0.0)	(84.0, 0.0)	(85.0, 0.0)	(86.0, 0.0)	(87.0, 0.0)	(88.0, 0.0)	(89.0, 0.0)	(90.0, 0.0)	(91.0, 0.0)	(92.0, 0.0)	(93.0, 0.0)	(94.0, 0.0)	(95.0, 0.0)	(96.0, 0.0)	(97.0, 0.0)	(98.0, 0.0)	(99.0, 0.0)	(100.0, 0.0)
FAY99780_pass_barcode01_98e12ebb_5ad7f319_38	(0.0, 0.0)	(1.0, 0.0)	(2.0, 0.0)	(3.0, 0.0)	(4.0, 0.0)	(5.0, 0.0)	(6.0, 0.0)	(7.0, 0.0)	(8.0, 0.0)	(9.0, 0.0)	(10.0, 0.0)	(11.0, 0.5)	(12.0, 1.0)	(13.0, 1.0)	(14.0, 1.0)	(15.0, 1.0)	(16.0, 1.0)	(17.0, 1.0)	(18.0, 0.5)	(19.0, 0.0)	(20.0, 0.0)	(21.0, 0.0)	(22.0, 0.0)	(23.0, 0.0)	(24.0, 0.0)	(25.0, 0.23376623376623376)	(26.0, 0.34090909090909094)	(27.0, 0.25)	(28.0, 0.2727272727272727)	(29.0, 0.5083663964119371)	(30.0, 0.9208463992103849)	(31.0, 1.223837781352672)	(32.0, 1.8041424422119468)	(33.0, 1.9331960433036979)	(34.0, 3.1752718684602064)	(35.0, 6.222896037324996)	(36.0, 7.492530464200485)	(37.0, 8.673187457281044)	(38.0, 10.632936350118056)	(39.0, 11.566382056804489)	(40.0, 11.056695842170845)	(41.0, 9.328410169739149)	(42.0, 5.726610427676267)	(43.0, 2.0047717851469287)	(44.0, 1.9093153759820423)	(45.0, 4.312734487734488)	(46.0, 2.4565004887585533)	(47.0, 0.9444444444444444)	(48.0, 0.8409090909090909)	(49.0, 1.452020202020202)	(50.0, 1.0)	(51.0, 1.3333333333333333)	(52.0, 1.6666666666666665)	(53.0, 1.0909090909090908)	(54.0, 1.6666666666666665)	(55.0, 1.0909090909090908)	(56.0, 1.0)	(57.0, 1.25)	(58.0, 1.25)	(59.0, 1.0)	(60.0, 1.0)	(61.0, 1.0)	(62.0, 1.0)	(63.0, 1.0)	(64.0, 1.0)	(65.0, 1.0)	(66.0, 1.0)	(67.0, 1.0)	(68.0, 1.0)	(69.0, 1.0)	(70.0, 1.0)	(71.0, 1.0)	(72.0, 1.0)	(73.0, 1.0)	(74.0, 1.0)	(75.0, 1.0)	(76.0, 1.0)	(77.0, 1.0)	(78.0, 1.0)	(79.0, 1.0)	(80.0, 1.0)	(81.0, 1.0)	(82.0, 1.0)	(83.0, 1.0)	(84.0, 1.0)	(85.0, 1.0)	(86.0, 1.0)	(87.0, 1.0)	(88.0, 1.0)	(89.0, 1.0)	(90.0, 1.0)	(91.0, 1.0)	(92.0, 1.0)	(93.0, 1.0)	(94.0, 1.0)	(95.0, 1.0)	(96.0, 1.0)	(97.0, 1.0)	(98.0, 1.0)	(99.0, 1.0)	(100.0, 1.0)
FAY99780_pass_barcode01_98e12ebb_5ad7f319_39	(0.0, 0.0)	(1.0, 0.0)	(2.0, 0.0)	(3.0, 0.0)	(4.0, 0.0)	(5.0, 0.0)	(6.0, 0.0)	(7.0, 0.0)	(8.0, 0.0)	(9.0, 0.0)	(10.0, 0.0)	(11.0, 0.0)	(12.0, 0.0)	(13.0, 0.0)	(14.0, 0.0)	(15.0, 0.0)	(16.0, 0.0)	(17.0, 0.0)	(18.0, 0.0)	(19.0, 0.0)	(20.0, 0.0)	(21.0, 0.0)	(22.0, 0.0)	(23.0, 0.0)	(24.0, 0.0)	(25.0, 0.5)	(26.0, 1.3409090909090908)	(27.0, 1.0476190476190477)	(28.0, 1.2337662337662338)	(29.0, 1.674242424242424)	(30.0, 1.5941285038118778)	(31.0, 0.8253167827952698)	(32.0, 2.15757371100864)	(33.0, 2.7314998521337013)	(34.0, 3.089146065582089)	(35.0, 5.875405099654213)	(36.0, 8.919366186283598)	(37.0, 10.569293372676245)	(38.0, 14.199659117400712)	(39.0, 13.332646987885068)	(40.0, 7.944762570895648)	(41.0, 8.281407870150852)	(42.0, 6.65167445059918)	(43.0, 4.334921878718231)	(44.0, 3.2706203371096985)	(45.0, 2.2686225987752704)	(46.0, 1.9999999999999998)	(47.0, 1.9328504828504829)	(48.0, 1.3333333333333333)	(49.0, 1.1111111111111112)	(50.0, 0.6751152073732719)	(51.0, 0.07987711213517665)	(52.0, 0.0)	(53.0, 0.0)	(54.0, 0.3333333333333333)	(55.0, 0.0)	(56.0, 0.0)	(57.0, 0.0)	(58.0, 0.0)	(59.0, 0.0)	(60.0, 0.25)	(61.0, 0.0)	(62.0, 0.3333333333333333)	(63.0, 0.0)	(64.0, 0.0)	(65.0, 0.0)	(66.0, 0.0)	(67.0, 0.0)	(68.0, 0.0)	(69.0, 0.0)	(70.0, 0.0)	(71.0, 0.0)	(72.0, 0.0)	(73.0, 0.0)	(74.0, 0.0)	(75.0, 0.0)	(76.0, 0.0)	(77.0, 0.0)	(78.0, 0.0)	(79.0, 0.0)	(80.0, 0.0)	(81.0, 0.0)	(82.0, 0.0)	(83.0, 0.0)	(84.0, 0.0)	(85.0, 0.0)	(86.0, 0.0)	(87.0, 0.0)	(88.0, 0.0)	(89.0, 0.0)	(90.0, 0.0)	(91.0, 0.0)	(92.0, 0.0)	(93.0, 0.0)	(94.0, 0.0)	(95.0, 0.0)	(96.0, 0.0)	(97.0, 0.0)	(98.0, 0.0)	(99.0, 0.0)	(100.0, 0.0)
FAY99780_pass_barcode01_98e12ebb_5ad7f319_4	(0.0, 0.0)	(1.0, 0.0)	(2.0, 0.0)	(3.0, 0.0)	(4.0, 0.0)	(5.0, 0.0)	(6.0, 0.0)	(7.0, 0.0)	(8.0, 0.0)	(9.0, 0.0)	(10.0, 0.0)	(11.0, 0.0)	(12.0, 0.0)	(13.0, 0.0)	(14.0, 0.0)	(15.0, 0.0)	(16.0, 0.0)	(17.0, 0.0)	(18.0, 0.0)	(19.0, 0.0)	(20.0, 0.0)	(21.0, 0.0)	(22.0, 0.30000000000000004)	(23.0, 0.1)	(24.0, 0.14285714285714285)	(25.0, 0.0)	(26.0, 0.03225806451612903)	(27.0, 1.1238095238095238)	(28.0, 2.32034632034632)	(29.0, 3.408247523501422)	(30.0, 2.454904401875613)	(31.0, 3.2566010530822287)	(32.0, 2.614241304082468)	(33.0, 4.465893917011154)	(34.0, 7.980737566569044)	(35.0, 9.76209207607969)	(36.0, 13.454006124725518)	(37.0, 15.664633757633906)	(38.0, 16.261173410137705)	(39.0, 15.388844074712296)	(40.0, 14.35276233243522)	(41.0, 12.855332693980076)	(42.0, 8.883646280920914)	(43.0, 5.119379276637342)	(44.0, 5.214959647261844)	(45.0, 4.495634920634921)	(46.0, 4.431782106782108)	(47.0, 3.9916666666666667)	(48.0, 2.083333333333333)	(49.0, 1.1742424242424243)	(50.0, 0.5151515151515151)	(51.0, 0.3333333333333333)	(52.0, 1.1944444444444444)	(53.0, 0.3333333333333333)	(54.0, 0.09090909090909091)	(55.0, 0.0)	(56.0, 0.0)	(57.0, 0.16666666666666666)	(58.0, 0.0)	(59.0, 0.0)	(60.0, 0.0)	(61.0, 0.0)	(62.0, 0.0)	(63.0, 0.0)	(64.0, 0.0)	(65.0, 0.0)	(66.0, 0.0)	(67.0, 0.0)	(68.0, 0.0)	(69.0, 0.0)	(70.0, 0.0)	(71.0, 0.0)	(72.0, 0.0)	(73.0, 0.0)	(74.0, 0.0)	(75.0, 0.0)	(76.0, 0.0)	(77.0, 0.0)	(78.0, 0.25)	(79.0, 0.0)	(80.0, 0.0)	(81.0, 0.0)	(82.0, 0.0)	(83.0, 0.0)	(84.0, 0.0)	(85.0, 0.0)	(86.0, 0.0)	(87.0, 0.0)	(88.0, 0.0)	(89.0, 0.0)	(90.0, 0.0)	(91.0, 0.0)	(92.0, 0.0)	(93.0, 0.0)	(94.0, 0.0)	(95.0, 0.0)	(96.0, 0.0)	(97.0, 0.0)	(98.0, 0.0)	(99.0, 0.0)	(100.0, 0.0)
FAY99780_pass_barcode01_98e12ebb_5ad7f319_40	(0.0, 0.0)	(1.0, 0.0)	(2.0, 0.0)	(3.0, 0.0)	(4.0, 0.0)	(5.0, 0.0)	(6.0, 0.0)	(7.0, 0.0)	(8.0, 0.0)	(9.0, 0.0)	(10.0, 0.0)	(11.0, 0.0)	(12.0, 0.0)	(13.0, 0.0)	(14.0, 0.0)	(15.0, 0.0)	(16.0, 0.0)	(17.0, 0.0)	(18.0, 0.0)	(19.0, 0.0)	(20.0, 0.0)	(21.0, 0.0)	(22.0, 0.0)	(23.0, 0.0)	(24.0, 0.0)	(25.0, 0.30000000000000004)	(26.0, 0.2909090909090909)	(27.0, 0.3333333333333333)	(28.0, 0.6818181818181819)	(29.0, 1.1293838418537834)	(30.0, 1.4217337637710525)	(31.0, 0.64679938571596)	(32.0, 2.4035319343077024)	(33.0, 3.4460069962273225)	(34.0, 4.037213851915138)	(35.0, 6.056251101084628)	(36.0, 10.762144058921466)	(37.0, 14.940181658400299)	(38.0, 13.500279552031342)	(39.0, 14.563836377764774)	(40.0, 8.915958982981277)	(41.0, 7.733978786867458)	(42.0, 4.9473563053731064)	(43.0, 3.537943362072216)	(44.0, 2.7609498344792462)	(45.0, 3.019921436588103)	(46.0, 2.015151515151515)	(47.0, 0.6583333333333333)	(48.0, 0.3333333333333333)	(49.0, 0.34761904761904766)	(50.0, 0.03225806451612903)	(51.0, 0.7)	(52.0, 0.7)	(53.0, 0.1)	(54.0, 0.0)	(55.0, 0.25)	(56.0, 0.0)	(57.0, 0.0)	(58.0, 0.0)	(59.0, 0.0)	(60.0, 0.0)	(61.0, 0.0)	(62.0, 0.0)	(63.0, 0.0)	(64.0, 0.0)	(65.0, 0.0)	(66.0, 0.0)	(67.0, 0.0)	(68.0, 0.0)	(69.0, 0.0)	(70.0, 0.0)	(71.0, 0.0)	(72.0, 0.0)	(73.0, 0.0)	(74.0, 0.0)	(75.0, 0.0)	(76.0, 0.0)	(77.0, 0.0)	(78.0, 0.0)	(79.0, 0.0)	(80.0, 0.0)	(81.0, 0.0)	(82.0, 0.0)	(83.0, 0.0)	(84.0, 0.0)	(85.0, 0.0)	(86.0, 0.0)	(87.0, 0.0)	(88.0, 0.0)	(89.0, 0.0)	(90.0, 0.0)	(91.0, 0.0)	(92.0, 0.0)	(93.0, 0.0)	(94.0, 0.0)	(95.0, 0.0)	(96.0, 0.0)	(97.0, 0.0)	(98.0, 0.0)	(99.0, 0.0)	(100.0, 0.0)
FAY99780_pass_barcode01_98e12ebb_5ad7f319_41	(0.0, 0.0)	(1.0, 0.0)	(2.0, 0.0)	(3.0, 0.0)	(4.0, 0.0)	(5.0, 0.0)	(6.0, 0.0)	(7.0, 0.0)	(8.0, 0.0)	(9.0, 0.0)	(10.0, 0.0)	(11.0, 0.0)	(12.0, 0.0)	(13.0, 0.0)	(14.0, 0.0)	(15.0, 0.0)	(16.0, 0.0)	(17.0, 0.0)	(18.0, 0.0)	(19.0, 0.0)	(20.0, 0.0)	(21.0, 0.0)	(22.0, 0.0)	(23.0, 0.0)	(24.0, 0.0)	(25.0, 0.0)	(26.0, 0.5)	(27.0, 1.0)	(28.0, 1.2575757575757576)	(29.0, 0.905081257540274)	(30.0, 1.7884107703790497)	(31.0, 2.2753138321114106)	(32.0, 1.556445094210259)	(33.0, 3.4585253700697627)	(34.0, 4.5315702445384645)	(35.0, 6.928420770373063)	(36.0, 11.76002273561224)	(37.0, 10.255210539199624)	(38.0, 13.622703953618444)	(39.0, 11.339857638008526)	(40.0, 11.29450316895821)	(41.0, 8.070676252320588)	(42.0, 5.68712665090996)	(43.0, 2.535707034281053)	(44.0, 2.2559714795008907)	(45.0, 2.380952380952381)	(46.0, 1.1982116244411327)	(47.0, 0.8885281385281386)	(48.0, 1.25)	(49.0, 0.5909090909090909)	(50.0, 0.24761904761904763)	(51.0, 1.2909090909090908)	(52.0, 1.5)	(53.0, 0.5)	(54.0, 0.3333333333333333)	(55.0, 0.3333333333333333)	(56.0, 0.0)	(57.0, 0.0)	(58.0, 0.0)	(59.0, 0.0)	(60.0, 0.0)	(61.0, 0.0)	(62.0, 0.0)	(63.0, 0.6666666666666666)	(64.0, 0.6666666666666666)	(65.0, 0.0)	(66.0, 0.0)	(67.0, 0.0)	(68.0, 0.0)	(69.0, 0.0)	(70.0, 0.0)	(71.0, 0.0)	(72.0, 0.0)	(73.0, 0.0)	(74.0, 0.0)	(75.0, 0.0)	(76.0, 0.0)	(77.0, 0.0)	(78.0, 0.0)	(79.0, 0.0)	(80.0, 0.0)	(81.0, 0.0)	(82.0, 0.0)	(83.0, 0.0)	(84.0, 0.0)	(85.0, 0.0)	(86.0, 0.0)	(87.0, 0.0)	(88.0, 0.0)	(89.0, 0.0)	(90.0, 0.0)	(91.0, 0.0)	(92.0, 0.0)	(93.0, 0.0)	(94.0, 0.0)	(95.0, 0.0)	(96.0, 0.0)	(97.0, 0.0)	(98.0, 0.0)	(99.0, 0.0)	(100.0, 0.0)
FAY99780_pass_barcode01_98e12ebb_5ad7f319_42	(0.0, 0.0)	(1.0, 0.0)	(2.0, 0.0)	(3.0, 0.0)	(4.0, 0.0)	(5.0, 0.0)	(6.0, 0.0)	(7.0, 0.0)	(8.0, 0.0)	(9.0, 0.0)	(10.0, 0.0)	(11.0, 0.0)	(12.0, 0.0)	(13.0, 0.0)	(14.0, 0.0)	(15.0, 0.0)	(16.0, 0.0)	(17.0, 0.0)	(18.0, 0.0)	(19.0, 0.0)	(20.0, 0.0)	(21.0, 0.5)	(22.0, 1.0)	(23.0, 1.0)	(24.0, 1.0)	(25.0, 1.0)	(26.0, 0.8577235772357723)	(27.0, 0.2909090909090909)	(28.0, 0.2645161290322581)	(29.0, 0.6385281385281386)	(30.0, 1.4071810542398775)	(31.0, 1.9996436479253665)	(32.0, 2.3159793839524436)	(33.0, 4.733137453208487)	(34.0, 5.934491291594942)	(35.0, 6.1959227650856405)	(36.0, 9.154984050342579)	(37.0, 12.194337587025199)	(38.0, 13.05065624445838)	(39.0, 14.582207488528098)	(40.0, 10.977374638794533)	(41.0, 8.554787444279732)	(42.0, 5.303028702787622)	(43.0, 3.6778278173439456)	(44.0, 2.1545173961840627)	(45.0, 2.715151515151515)	(46.0, 2.9014260249554367)	(47.0, 1.440635866865375)	(48.0, 0.75)	(49.0, 0.8333333333333333)	(50.0, 0.4242424242424242)	(51.0, 0.0)	(52.0, 0.0)	(53.0, 0.0)	(54.0, 0.0)	(55.0, 0.0)	(56.0, 0.0)	(57.0, 0.0)	(58.0, 0.0)	(59.0, 0.0)	(60.0, 0.0)	(61.0, 0.0)	(62.0, 0.0)	(63.0, 0.0)	(64.0, 0.0)	(65.0, 0.0)	(66.0, 0.0)	(67.0, 0.0)	(68.0, 0.0)	(69.0, 0.0)	(70.0, 0.0)	(71.0, 0.0)	(72.0, 0.0)	(73.0, 0.0)	(74.0, 0.0)	(75.0, 0.0)	(76.0, 0.0)	(77.0, 0.0)	(78.0, 0.0)	(79.0, 0.0)	(80.0, 0.0)	(81.0, 0.0)	(82.0, 0.0)	(83.0, 0.0)	(84.0, 0.0)	(85.0, 0.0)	(86.0, 0.0)	(87.0, 0.0)	(88.0, 0.0)	(89.0, 0.0)	(90.0, 0.0)	(91.0, 0.0)	(92.0, 0.0)	(93.0, 0.0)	(94.0, 0.0)	(95.0, 0.0)	(96.0, 0.0)	(97.0, 0.0)	(98.0, 0.0)	(99.0, 0.0)	(100.0, 0.0)
FAY99780_pass_barcode01_98e12ebb_5ad7f319_43	(0.0, 0.0)	(1.0, 0.0)	(2.0, 0.0)	(3.0, 0.0)	(4.0, 0.0)	(5.0, 0.0)	(6.0, 0.0)	(7.0, 0.0)	(8.0, 0.0)	(9.0, 0.0)	(10.0, 0.0)	(11.0, 0.0)	(12.0, 0.0)	(13.0, 0.0)	(14.0, 0.0)	(15.0, 0.0)	(16.0, 0.0)	(17.0, 0.0)	(18.0, 0.0)	(19.0, 0.0)	(20.0, 0.0)	(21.0, 0.0)	(22.0, 0.0)	(23.0, 0.0)	(24.0, 0.0)	(25.0, 0.16666666666666666)	(26.0, 0.3910569105691057)	(27.0, 0.28292137969557324)	(28.0, 0.0)	(29.0, 0.5016131796129475)	(30.0, 0.36315242244351836)	(31.0, 0.9745832195929879)	(32.0, 1.0573390588427425)	(33.0, 3.054986870522253)	(34.0, 3.241299087113943)	(35.0, 6.586108655506409)	(36.0, 9.63582342102576)	(37.0, 12.252225818183065)	(38.0, 10.269878934293976)	(39.0, 11.421566282775947)	(40.0, 8.540023379844978)	(41.0, 7.7851288385488155)	(42.0, 7.235293616476413)	(43.0, 3.5633186705767352)	(44.0, 1.355194805194805)	(45.0, 1.2184136446431528)	(46.0, 2.333333333333333)	(47.0, 0.8409090909090909)	(48.0, 0.16666666666666666)	(49.0, 0.5833333333333333)	(50.0, 0.0)	(51.0, 0.0)	(52.0, 0.0)	(53.0, 0.5)	(54.0, 0.5)	(55.0, 0.0)	(56.0, 0.0)	(57.0, 0.0)	(58.0, 0.0)	(59.0, 0.0)	(60.0, 0.0)	(61.0, 0.0)	(62.0, 0.0)	(63.0, 0.0)	(64.0, 0.0)	(65.0, 0.0)	(66.0, 0.0)	(67.0, 0.0)	(68.0, 0.0)	(69.0, 0.0)	(70.0, 0.0)	(71.0, 0.0)	(72.0, 0.0)	(73.0, 0.0)	(74.0, 0.0)	(75.0, 0.0)	(76.0, 0.0)	(77.0, 0.0)	(78.0, 0.0)	(79.0, 0.0)	(80.0, 0.0)	(81.0, 0.0)	(82.0, 0.0)	(83.0, 0.0)	(84.0, 0.5)	(85.0, 0.5)	(86.0, 0.0)	(87.0, 0.0)	(88.0, 0.0)	(89.0, 0.0)	(90.0, 0.0)	(91.0, 0.0)	(92.0, 0.0)	(93.0, 0.0)	(94.0, 0.0)	(95.0, 0.0)	(96.0, 0.0)	(97.0, 0.0)	(98.0, 0.0)	(99.0, 0.0)	(100.0, 0.0)
FAY99780_pass_barcode01_98e12ebb_5ad7f319_44	(0.0, 0.0)	(1.0, 0.0)	(2.0, 0.0)	(3.0, 0.0)	(4.0, 0.0)	(5.0, 0.0)	(6.0, 0.0)	(7.0, 0.0)	(8.0, 0.0)	(9.0, 0.0)	(10.0, 0.0)	(11.0, 0.0)	(12.0, 0.0)	(13.0, 0.0)	(14.0, 0.0)	(15.0, 0.0)	(16.0, 0.0)	(17.0, 0.0)	(18.0, 0.0)	(19.0, 0.0)	(20.0, 0.0)	(21.0, 0.0)	(22.0, 0.0)	(23.0, 0.0)	(24.0, 0.0)	(25.0, 0.0)	(26.0, 0.0)	(27.0, 0.4201680672268907)	(28.0, 0.9201680672268909)	(29.0, 0.9957983193277312)	(30.0, 0.8641276976152703)	(31.0, 1.714985858806362)	(32.0, 1.0578783797221807)	(33.0, 2.2147624982421905)	(34.0, 3.546327967742909)	(35.0, 5.328399812754015)	(36.0, 8.903943152948223)	(37.0, 12.824612635094583)	(38.0, 10.882639369127023)	(39.0, 10.404820587626977)	(40.0, 9.065774302756227)	(41.0, 6.180319008343251)	(42.0, 5.792740301223423)	(43.0, 4.0053429138061)	(44.0, 4.680272596843616)	(45.0, 2.802655677655678)	(46.0, 0.8251956181533646)	(47.0, 0.49090909090909096)	(48.0, 0.625)	(49.0, 0.7861471861471861)	(50.0, 0.3655913978494624)	(51.0, 0.047619047619047616)	(52.0, 0.0)	(53.0, 0.4242424242424242)	(54.0, 0.3333333333333333)	(55.0, 0.0)	(56.0, 0.0)	(57.0, 0.0)	(58.0, 0.0)	(59.0, 0.0)	(60.0, 0.0)	(61.0, 0.0)	(62.0, 0.0)	(63.0, 0.0)	(64.0, 0.25)	(65.0, 0.0)	(66.0, 0.0)	(67.0, 0.0)	(68.0, 0.0)	(69.0, 0.0)	(70.0, 0.0)	(71.0, 0.0)	(72.0, 0.0)	(73.0, 0.0)	(74.0, 0.0)	(75.0, 0.0)	(76.0, 0.0)	(77.0, 0.0)	(78.0, 0.0)	(79.0, 0.0)	(80.0, 0.0)	(81.0, 0.0)	(82.0, 0.0)	(83.0, 0.0)	(84.0, 0.0)	(85.0, 0.0)	(86.0, 0.0)	(87.0, 0.0)	(88.0, 0.0)	(89.0, 0.0)	(90.0, 0.0)	(91.0, 0.0)	(92.0, 0.0)	(93.0, 0.0)	(94.0, 0.0)	(95.0, 0.0)	(96.0, 0.0)	(97.0, 0.0)	(98.0, 0.0)	(99.0, 0.0)	(100.0, 0.0)
FAY99780_pass_barcode01_98e12ebb_5ad7f319_45	(0.0, 0.0)	(1.0, 0.0)	(2.0, 0.0)	(3.0, 0.0)	(4.0, 0.0)	(5.0, 0.0)	(6.0, 0.0)	(7.0, 0.0)	(8.0, 0.0)	(9.0, 0.0)	(10.0, 0.0)	(11.0, 0.0)	(12.0, 0.0)	(13.0, 0.0)	(14.0, 0.0)	(15.0, 0.0)	(16.0, 0.0)	(17.0, 0.0)	(18.0, 0.0)	(19.0, 0.0)	(20.0, 0.0)	(21.0, 0.0)	(22.0, 0.5)	(23.0, 0.5)	(24.0, 0.0)	(25.0, 0.0)	(26.0, 0.0)	(27.0, 0.4196078431372549)	(28.0, 0.25664830841856806)	(29.0, 1.0363776008937298)	(30.0, 1.4736232851370192)	(31.0, 0.9457078279754392)	(32.0, 2.1260243778400794)	(33.0, 2.0971726979309784)	(34.0, 3.608723840098145)	(35.0, 6.746263570030202)	(36.0, 9.016287542277162)	(37.0, 10.527984919401867)	(38.0, 13.713549694279854)	(39.0, 12.570834132999401)	(40.0, 8.911984332740015)	(41.0, 7.960929797073192)	(42.0, 5.315379728412754)	(43.0, 3.7866522366522366)	(44.0, 3.190909090909091)	(45.0, 1.9749999999999996)	(46.0, 0.2)	(47.0, 0.2909090909090909)	(48.0, 0.23225806451612904)	(49.0, 0.740909090909091)	(50.0, 0.5409090909090909)	(51.0, 0.024390243902439025)	(52.0, 0.0)	(53.0, 0.0)	(54.0, 0.0)	(55.0, 0.0)	(56.0, 0.5)	(57.0, 0.5)	(58.0, 0.0)	(59.0, 0.0)	(60.0, 0.0)	(61.0, 0.0)	(62.0, 0.0)	(63.0, 0.0)	(64.0, 0.0)	(65.0, 0.0)	(66.0, 0.0)	(67.0, 0.0)	(68.0, 0.0)	(69.0, 0.0)	(70.0, 0.0)	(71.0, 0.0)	(72.0, 0.0)	(73.0, 0.0)	(74.0, 0.0)	(75.0, 0.0)	(76.0, 0.0)	(77.0, 0.0)	(78.0, 0.0)	(79.0, 0.0)	(80.0, 0.0)	(81.0, 0.0)	(82.0, 0.0)	(83.0, 0.0)	(84.0, 0.0)	(85.0, 0.0)	(86.0, 0.0)	(87.0, 0.0)	(88.0, 0.0)	(89.0, 0.0)	(90.0, 0.0)	(91.0, 0.0)	(92.0, 0.0)	(93.0, 0.0)	(94.0, 0.0)	(95.0, 0.0)	(96.0, 0.0)	(97.0, 0.0)	(98.0, 0.0)	(99.0, 0.0)	(100.0, 0.0)
FAY99780_pass_barcode01_98e12ebb_5ad7f319_46	(0.0, 0.0)	(1.0, 0.0)	(2.0, 0.0)	(3.0, 0.0)	(4.0, 0.0)	(5.0, 0.0)	(6.0, 0.0)	(7.0, 0.0)	(8.0, 0.0)	(9.0, 0.0)	(10.0, 0.0)	(11.0, 0.0)	(12.0, 0.0)	(13.0, 0.0)	(14.0, 0.0)	(15.0, 0.0)	(16.0, 0.0)	(17.0, 0.0)	(18.0, 0.0)	(19.0, 0.0)	(20.0, 0.0)	(21.0, 0.0)	(22.0, 0.0)	(23.0, 0.16666666666666666)	(24.0, 0.16666666666666666)	(25.0, 0.3333333333333333)	(26.0, 0.4242424242424242)	(27.0, 0.12316715542521994)	(28.0, 0.19590268886043533)	(29.0, 0.33537925489145004)	(30.0, 0.6910609376430639)	(31.0, 1.2376716298580408)	(32.0, 2.0837764068343883)	(33.0, 3.0579458674336575)	(34.0, 3.5981015656897988)	(35.0, 6.360834346548791)	(36.0, 8.45677135462663)	(37.0, 10.98776749309377)	(38.0, 10.616157428552214)	(39.0, 10.939910667196676)	(40.0, 8.941591086930798)	(41.0, 6.262034906501059)	(42.0, 5.092825550660923)	(43.0, 4.664393018338464)	(44.0, 3.8372434017595314)	(45.0, 2.005194805194805)	(46.0, 2.311631537861046)	(47.0, 1.3333333333333333)	(48.0, 1.9166666666666665)	(49.0, 0.5599647266313934)	(50.0, 0.75)	(51.0, 0.25)	(52.0, 0.0)	(53.0, 1.0353535353535352)	(54.0, 0.5)	(55.0, 0.0)	(56.0, 0.0)	(57.0, 0.0)	(58.0, 0.0)	(59.0, 0.0)	(60.0, 0.0)	(61.0, 0.0)	(62.0, 0.0)	(63.0, 0.0)	(64.0, 0.0)	(65.0, 0.0)	(66.0, 0.0)	(67.0, 0.0)	(68.0, 0.0)	(69.0, 0.0)	(70.0, 0.0)	(71.0, 0.0)	(72.0, 0.0)	(73.0, 0.0)	(74.0, 0.0)	(75.0, 0.0)	(76.0, 0.0)	(77.0, 0.0)	(78.0, 0.0)	(79.0, 0.0)	(80.0, 0.0)	(81.0, 0.0)	(82.0, 0.0)	(83.0, 0.0)	(84.0, 0.0)	(85.0, 0.0)	(86.0, 0.0)	(87.0, 0.0)	(88.0, 0.0)	(89.0, 0.0)	(90.0, 0.0)	(91.0, 0.0)	(92.0, 0.0)	(93.0, 0.0)	(94.0, 0.0)	(95.0, 0.0)	(96.0, 0.0)	(97.0, 0.0)	(98.0, 0.0)	(99.0, 0.0)	(100.0, 0.0)
FAY99780_pass_barcode01_98e12ebb_5ad7f319_47	(0.0, 0.0)	(1.0, 0.0)	(2.0, 0.0)	(3.0, 0.0)	(4.0, 0.0)	(5.0, 0.0)	(6.0, 0.0)	(7.0, 0.0)	(8.0, 0.0)	(9.0, 0.0)	(10.0, 0.0)	(11.0, 0.0)	(12.0, 0.0)	(13.0, 0.0)	(14.0, 0.0)	(15.0, 0.0)	(16.0, 0.0)	(17.0, 0.0)	(18.0, 0.0)	(19.0, 0.0)	(20.0, 0.0)	(21.0, 0.0)	(22.0, 0.0)	(23.0, 0.0)	(24.0, 0.16666666666666666)	(25.0, 0.0)	(26.0, 0.5)	(27.0, 0.6818181818181819)	(28.0, 0.9565004887585533)	(29.0, 1.3333333333333333)	(30.0, 1.3384664902367498)	(31.0, 1.2767407636891657)	(32.0, 1.7821770875455698)	(33.0, 3.177627635136049)	(34.0, 4.2855933317774335)	(35.0, 5.652567739199855)	(36.0, 6.950648172441323)	(37.0, 9.267955757121106)	(38.0, 9.505289318159253)	(39.0, 9.751168709238295)	(40.0, 9.828492479356372)	(41.0, 8.503210648208443)	(42.0, 5.813049548990987)	(43.0, 3.270593389780644)	(44.0, 2.2777777777777777)	(45.0, 1.856060606060606)	(46.0, 0.5909090909090909)	(47.0, 0.38095238095238093)	(48.0, 0.7651515151515151)	(49.0, 0.0)	(50.0, 0.11529933481152993)	(51.0, 0.09090909090909091)	(52.0, 0.0)	(53.0, 0.5)	(54.0, 1.0)	(55.0, 1.0)	(56.0, 0.5)	(57.0, 0.0)	(58.0, 0.5)	(59.0, 1.0)	(60.0, 1.0)	(61.0, 0.5)	(62.0, 0.0)	(63.0, 0.0)	(64.0, 0.0)	(65.0, 0.0)	(66.0, 0.0)	(67.0, 0.0)	(68.0, 0.0)	(69.0, 0.0)	(70.0, 0.0)	(71.0, 0.0)	(72.0, 0.0)	(73.0, 0.0)	(74.0, 0.0)	(75.0, 0.0)	(76.0, 0.0)	(77.0, 0.0)	(78.0, 0.0)	(79.0, 0.0)	(80.0, 0.0)	(81.0, 0.0)	(82.0, 0.0)	(83.0, 0.0)	(84.0, 0.0)	(85.0, 0.0)	(86.0, 0.0)	(87.0, 0.0)	(88.0, 0.0)	(89.0, 0.0)	(90.0, 0.0)	(91.0, 0.0)	(92.0, 0.0)	(93.0, 0.0)	(94.0, 0.0)	(95.0, 0.0)	(96.0, 0.0)	(97.0, 0.0)	(98.0, 0.0)	(99.0, 0.0)	(100.0, 0.0)
FAY99780_pass_barcode01_98e12ebb_5ad7f319_48	(0.0, 1.0)	(1.0, 1.0)	(2.0, 1.0)	(3.0, 1.0)	(4.0, 1.0)	(5.0, 1.0)	(6.0, 1.0)	(7.0, 1.0)	(8.0, 1.5)	(9.0, 2.0)	(10.0, 2.0)	(11.0, 2.0)	(12.0, 2.0)	(13.0, 1.5)	(14.0, 1.0)	(15.0, 1.0)	(16.0, 1.0)	(17.0, 0.5)	(18.0, 0.0)	(19.0, 0.0)	(20.0, 0.3333333333333333)	(21.0, 0.3333333333333333)	(22.0, 0.0)	(23.0, 0.0)	(24.0, 0.0)	(25.0, 0.0)	(26.0, 0.0)	(27.0, 0.09090909090909091)	(28.0, 0.014084507042253521)	(29.0, 0.5227851029377747)	(30.0, 0.2793068214986609)	(31.0, 1.1923757011527196)	(32.0, 1.535149441205305)	(33.0, 2.418931277305311)	(34.0, 5.105955743009061)	(35.0, 6.394719197873333)	(36.0, 8.910547533007703)	(37.0, 13.341018515884342)	(38.0, 13.166471474441382)	(39.0, 11.84965501001075)	(40.0, 11.416943425047796)	(41.0, 8.056615492151305)	(42.0, 6.540136769952243)	(43.0, 5.38407186033761)	(44.0, 5.285425685425685)	(45.0, 1.6748231443353392)	(46.0, 0.7282547699214367)	(47.0, 0.2976190476190476)	(48.0, 0.29523809523809524)	(49.0, 0.5611111111111111)	(50.0, 0.3246753246753247)	(51.0, 0.0)	(52.0, 0.0)	(53.0, 0.25)	(54.0, 0.0)	(55.0, 0.3333333333333333)	(56.0, 0.0)	(57.0, 0.0)	(58.0, 0.0)	(59.0, 0.0)	(60.0, 0.0)	(61.0, 0.0)	(62.0, 0.0)	(63.0, 0.25)	(64.0, 0.25)	(65.0, 0.0)	(66.0, 0.0)	(67.0, 0.0)	(68.0, 0.0)	(69.0, 0.0)	(70.0, 0.0)	(71.0, 0.0)	(72.0, 0.0)	(73.0, 0.0)	(74.0, 0.0)	(75.0, 0.5)	(76.0, 0.5)	(77.0, 0.0)	(78.0, 0.0)	(79.0, 0.0)	(80.0, 0.0)	(81.0, 0.0)	(82.0, 0.0)	(83.0, 0.0)	(84.0, 0.0)	(85.0, 0.0)	(86.0, 0.0)	(87.0, 0.0)	(88.0, 0.0)	(89.0, 0.0)	(90.0, 0.0)	(91.0, 0.0)	(92.0, 0.0)	(93.0, 0.0)	(94.0, 0.0)	(95.0, 0.0)	(96.0, 0.0)	(97.0, 0.0)	(98.0, 0.0)	(99.0, 0.0)	(100.0, 0.0)
FAY99780_pass_barcode01_98e12ebb_5ad7f319_49	(0.0, 0.0)	(1.0, 0.0)	(2.0, 0.0)	(3.0, 0.0)	(4.0, 0.0)	(5.0, 0.0)	(6.0, 0.0)	(7.0, 0.0)	(8.0, 0.0)	(9.0, 0.0)	(10.0, 0.0)	(11.0, 0.0)	(12.0, 0.0)	(13.0, 0.0)	(14.0, 0.0)	(15.0, 0.0)	(16.0, 0.0)	(17.0, 0.0)	(18.0, 0.0)	(19.0, 0.0)	(20.0, 0.0)	(21.0, 0.0)	(22.0, 0.0)	(23.0, 0.0)	(24.0, 0.2)	(25.0, 0.8333333333333333)	(26.0, 1.5333333333333332)	(27.0, 0.6)	(28.0, 0.1)	(29.0, 0.28181818181818186)	(30.0, 0.18442537375030665)	(31.0, 1.9123793579277235)	(32.0, 2.8196144733112045)	(33.0, 2.841522809482103)	(34.0, 3.3641787966511774)	(35.0, 4.942550956517973)	(36.0, 7.1405769477791265)	(37.0, 10.826196590737775)	(38.0, 12.831594140242222)	(39.0, 12.551188605971626)	(40.0, 11.889321291570653)	(41.0, 8.92876586796309)	(42.0, 5.305786249257479)	(43.0, 2.292565774823839)	(44.0, 1.413440698374473)	(45.0, 1.1385281385281385)	(46.0, 0.4242424242424242)	(47.0, 0.1111111111111111)	(48.0, 0.5)	(49.0, 0.5909090909090909)	(50.0, 0.047619047619047616)	(51.0, 0.0)	(52.0, 0.5)	(53.0, 0.5)	(54.0, 0.0)	(55.0, 0.0)	(56.0, 0.0)	(57.0, 0.0)	(58.0, 0.0)	(59.0, 0.0)	(60.0, 0.0)	(61.0, 0.0)	(62.0, 0.0)	(63.0, 0.0)	(64.0, 0.0)	(65.0, 0.0)	(66.0, 0.0)	(67.0, 0.0)	(68.0, 0.0)	(69.0, 0.0)	(70.0, 0.0)	(71.0, 0.0)	(72.0, 0.0)	(73.0, 0.0)	(74.0, 0.0)	(75.0, 0.0)	(76.0, 0.0)	(77.0, 0.0)	(78.0, 0.0)	(79.0, 0.0)	(80.0, 0.0)	(81.0, 0.0)	(82.0, 0.0)	(83.0, 0.0)	(84.0, 0.0)	(85.0, 0.0)	(86.0, 0.0)	(87.0, 0.0)	(88.0, 0.0)	(89.0, 0.0)	(90.0, 0.0)	(91.0, 0.0)	(92.0, 0.0)	(93.0, 0.0)	(94.0, 0.0)	(95.0, 0.0)	(96.0, 0.0)	(97.0, 0.0)	(98.0, 0.0)	(99.0, 0.0)	(100.0, 0.0)
FAY99780_pass_barcode01_98e12ebb_5ad7f319_5	(0.0, 0.0)	(1.0, 0.0)	(2.0, 0.0)	(3.0, 0.0)	(4.0, 0.0)	(5.0, 0.0)	(6.0, 0.0)	(7.0, 0.0)	(8.0, 0.0)	(9.0, 0.0)	(10.0, 0.0)	(11.0, 0.0)	(12.0, 0.0)	(13.0, 0.0)	(14.0, 0.0)	(15.0, 0.0)	(16.0, 0.0)	(17.0, 0.0)	(18.0, 0.0)	(19.0, 0.0)	(20.0, 0.0)	(21.0, 0.0)	(22.0, 0.5)	(23.0, 0.5)	(24.0, 0.3385281385281385)	(25.0, 1.15)	(26.0, 1.4677749985624746)	(27.0, 0.2727272727272727)	(28.0, 1.4478424801005445)	(29.0, 1.0492424242424243)	(30.0, 1.040153174870256)	(31.0, 2.0160576181604104)	(32.0, 2.273834582224852)	(33.0, 3.4737583705486266)	(34.0, 5.614900469933761)	(35.0, 9.086194366592196)	(36.0, 13.121444112978146)	(37.0, 16.72839148669305)	(38.0, 19.23567306180543)	(39.0, 15.796223591315597)	(40.0, 14.78602055917746)	(41.0, 12.256818625008812)	(42.0, 9.642459831341847)	(43.0, 7.458307141082891)	(44.0, 3.565134872392937)	(45.0, 3.270254525452546)	(46.0, 1.2666666666666666)	(47.0, 2.1944444444444446)	(48.0, 1.1742424242424243)	(49.0, 0.75)	(50.0, 0.41246498599439774)	(51.0, 0.6666666666666666)	(52.0, 0.3333333333333333)	(53.0, 0.4242424242424242)	(54.0, 0.7916666666666666)	(55.0, 0.3333333333333333)	(56.0, 0.3333333333333333)	(57.0, 0.5333333333333333)	(58.0, 0.3333333333333333)	(59.0, 0.0)	(60.0, 0.0)	(61.0, 0.0)	(62.0, 0.0)	(63.0, 0.0)	(64.0, 0.0)	(65.0, 0.0)	(66.0, 0.0)	(67.0, 0.0)	(68.0, 0.0)	(69.0, 0.0)	(70.0, 0.0)	(71.0, 0.0)	(72.0, 0.0)	(73.0, 0.0)	(74.0, 0.0)	(75.0, 0.0)	(76.0, 0.0)	(77.0, 0.0)	(78.0, 0.0)	(79.0, 0.0)	(80.0, 0.0)	(81.0, 0.0)	(82.0, 0.0)	(83.0, 0.0)	(84.0, 0.0)	(85.0, 0.0)	(86.0, 0.0)	(87.0, 0.0)	(88.0, 0.0)	(89.0, 0.0)	(90.0, 0.0)	(91.0, 0.0)	(92.0, 0.0)	(93.0, 0.0)	(94.0, 0.0)	(95.0, 0.0)	(96.0, 0.0)	(97.0, 0.0)	(98.0, 0.0)	(99.0, 0.0)	(100.0, 0.0)
FAY99780_pass_barcode01_98e12ebb_5ad7f319_50	(0.0, 0.0)	(1.0, 0.0)	(2.0, 0.0)	(3.0, 0.0)	(4.0, 0.0)	(5.0, 0.0)	(6.0, 0.0)	(7.0, 0.0)	(8.0, 0.0)	(9.0, 0.0)	(10.0, 0.0)	(11.0, 0.0)	(12.0, 0.0)	(13.0, 0.0)	(14.0, 0.0)	(15.0, 0.0)	(16.0, 0.0)	(17.0, 0.0)	(18.0, 0.0)	(19.0, 0.0)	(20.0, 0.0)	(21.0, 0.0)	(22.0, 0.0)	(23.0, 0.0)	(24.0, 0.0)	(25.0, 0.0)	(26.0, 0.5)	(27.0, 0.5)	(28.0, 0.61529933481153)	(29.0, 1.218804880949882)	(30.0, 0.6255076527344852)	(31.0, 0.7436069178344874)	(32.0, 2.360697142631263)	(33.0, 2.0614199810635125)	(34.0, 4.0074048194229155)	(35.0, 5.664493864641293)	(36.0, 7.690313202530685)	(37.0, 9.306455915141376)	(38.0, 11.77239831224429)	(39.0, 11.610976828193884)	(40.0, 9.304328452503963)	(41.0, 6.904180251100498)	(42.0, 6.589977052636388)	(43.0, 4.080735930735931)	(44.0, 1.184870710086521)	(45.0, 0.9928038885455919)	(46.0, 0.5293815095795293)	(47.0, 0.7941712204007285)	(48.0, 0.3333333333333333)	(49.0, 0.6666666666666666)	(50.0, 0.6666666666666666)	(51.0, 0.38095238095238093)	(52.0, 0.0)	(53.0, 0.38181818181818183)	(54.0, 0.2)	(55.0, 0.0)	(56.0, 0.0)	(57.0, 0.0)	(58.0, 0.0)	(59.0, 0.0)	(60.0, 0.0)	(61.0, 0.0)	(62.0, 0.0)	(63.0, 0.0)	(64.0, 0.0)	(65.0, 0.0)	(66.0, 0.0)	(67.0, 0.0)	(68.0, 0.0)	(69.0, 0.5)	(70.0, 0.5)	(71.0, 0.0)	(72.0, 0.0)	(73.0, 0.0)	(74.0, 0.0)	(75.0, 0.0)	(76.0, 0.0)	(77.0, 0.0)	(78.0, 0.0)	(79.0, 0.0)	(80.0, 0.0)	(81.0, 0.0)	(82.0, 0.0)	(83.0, 0.0)	(84.0, 0.3333333333333333)	(85.0, 0.0)	(86.0, 0.0)	(87.0, 0.0)	(88.0, 0.0)	(89.0, 0.0)	(90.0, 0.0)	(91.0, 0.0)	(92.0, 0.0)	(93.0, 0.0)	(94.0, 0.0)	(95.0, 0.0)	(96.0, 0.0)	(97.0, 0.0)	(98.0, 0.0)	(99.0, 0.0)	(100.0, 0.0)
FAY99780_pass_barcode01_98e12ebb_5ad7f319_51	(0.0, 0.0)	(1.0, 0.0)	(2.0, 0.0)	(3.0, 0.0)	(4.0, 0.0)	(5.0, 0.0)	(6.0, 0.0)	(7.0, 0.0)	(8.0, 0.0)	(9.0, 0.0)	(10.0, 0.0)	(11.0, 0.0)	(12.0, 0.0)	(13.0, 0.0)	(14.0, 0.0)	(15.0, 0.0)	(16.0, 0.0)	(17.0, 0.0)	(18.0, 0.0)	(19.0, 0.0)	(20.0, 0.0)	(21.0, 0.0)	(22.0, 0.0)	(23.0, 0.0)	(24.0, 0.0)	(25.0, 0.0)	(26.0, 0.0)	(27.0, 0.15873015873015872)	(28.0, 0.24963924963924963)	(29.0, 0.778616852146264)	(30.0, 0.7500857928024594)	(31.0, 0.7737306441656252)	(32.0, 2.547732222815436)	(33.0, 3.5233505764866484)	(34.0, 3.098877029828046)	(35.0, 5.232511898463237)	(36.0, 8.20889945591769)	(37.0, 9.650418110180288)	(38.0, 13.724969591941067)	(39.0, 10.866576013552486)	(40.0, 7.159962221129097)	(41.0, 4.909003428287672)	(42.0, 4.261942135610034)	(43.0, 4.021493828751893)	(44.0, 2.037425845759179)	(45.0, 2.8030338225460176)	(46.0, 2.3573025335320414)	(47.0, 2.333333333333333)	(48.0, 1.5)	(49.0, 0.5)	(50.0, 0.7678571428571428)	(51.0, 0.26785714285714285)	(52.0, 0.0)	(53.0, 0.0)	(54.0, 0.0)	(55.0, 0.0)	(56.0, 0.0)	(57.0, 0.0)	(58.0, 0.0)	(59.0, 0.0)	(60.0, 0.0)	(61.0, 0.14285714285714285)	(62.0, 0.0)	(63.0, 0.0)	(64.0, 0.0)	(65.0, 0.0)	(66.0, 0.0)	(67.0, 0.0)	(68.0, 0.0)	(69.0, 0.0)	(70.0, 0.0)	(71.0, 0.0)	(72.0, 0.0)	(73.0, 0.0)	(74.0, 0.0)	(75.0, 0.0)	(76.0, 0.0)	(77.0, 0.0)	(78.0, 0.0)	(79.0, 0.0)	(80.0, 0.0)	(81.0, 0.0)	(82.0, 0.0)	(83.0, 0.0)	(84.0, 0.0)	(85.0, 0.0)	(86.0, 0.0)	(87.0, 0.0)	(88.0, 0.0)	(89.0, 0.0)	(90.0, 0.0)	(91.0, 0.0)	(92.0, 0.0)	(93.0, 0.0)	(94.0, 0.0)	(95.0, 0.0)	(96.0, 0.0)	(97.0, 0.0)	(98.0, 0.0)	(99.0, 0.0)	(100.0, 0.0)
FAY99780_pass_barcode01_98e12ebb_5ad7f319_52	(0.0, 0.0)	(1.0, 0.0)	(2.0, 0.0)	(3.0, 0.0)	(4.0, 0.0)	(5.0, 0.0)	(6.0, 0.0)	(7.0, 0.0)	(8.0, 0.0)	(9.0, 0.0)	(10.0, 0.0)	(11.0, 0.0)	(12.0, 0.0)	(13.0, 0.0)	(14.0, 0.0)	(15.0, 0.0)	(16.0, 0.0)	(17.0, 0.0)	(18.0, 0.0)	(19.0, 0.0)	(20.0, 0.0)	(21.0, 0.0)	(22.0, 0.0)	(23.0, 0.0)	(24.0, 0.0)	(25.0, 0.0)	(26.0, 0.0)	(27.0, 0.047619047619047616)	(28.0, 0.19849286515953182)	(29.0, 0.45585915478388594)	(30.0, 0.6110855378557976)	(31.0, 0.6664060565782536)	(32.0, 1.9492211791781187)	(33.0, 2.7819052070781405)	(34.0, 5.18129545650049)	(35.0, 7.748460593436037)	(36.0, 9.786588722016432)	(37.0, 9.409036782210828)	(38.0, 13.169767753892806)	(39.0, 12.57141674045943)	(40.0, 10.68442403981121)	(41.0, 10.851794910816096)	(42.0, 5.405234361031722)	(43.0, 3.3269189591770236)	(44.0, 3.0850719173299814)	(45.0, 2.348484848484848)	(46.0, 0.6666666666666666)	(47.0, 0.7575757575757576)	(48.0, 1.5)	(49.0, 1.5)	(50.0, 0.5694444444444444)	(51.0, 0.09090909090909091)	(52.0, 0.3333333333333333)	(53.0, 0.6666666666666666)	(54.0, 0.5333333333333333)	(55.0, 0.2)	(56.0, 0.0)	(57.0, 0.0)	(58.0, 0.5)	(59.0, 1.0)	(60.0, 1.0)	(61.0, 1.0)	(62.0, 1.0)	(63.0, 1.0)	(64.0, 1.0)	(65.0, 1.0)	(66.0, 1.0)	(67.0, 1.0)	(68.0, 1.0)	(69.0, 1.0)	(70.0, 1.0)	(71.0, 1.0)	(72.0, 1.0)	(73.0, 1.0)	(74.0, 1.0)	(75.0, 0.5)	(76.0, 0.0)	(77.0, 0.0)	(78.0, 0.0)	(79.0, 0.0)	(80.0, 0.0)	(81.0, 0.0)	(82.0, 0.0)	(83.0, 0.0)	(84.0, 0.0)	(85.0, 0.0)	(86.0, 0.0)	(87.0, 0.0)	(88.0, 0.0)	(89.0, 0.0)	(90.0, 0.0)	(91.0, 0.0)	(92.0, 0.0)	(93.0, 0.0)	(94.0, 0.0)	(95.0, 0.0)	(96.0, 0.0)	(97.0, 0.0)	(98.0, 0.0)	(99.0, 0.0)	(100.0, 0.0)
FAY99780_pass_barcode01_98e12ebb_5ad7f319_53	(0.0, 0.0)	(1.0, 0.0)	(2.0, 0.0)	(3.0, 0.0)	(4.0, 0.0)	(5.0, 0.0)	(6.0, 0.0)	(7.0, 0.0)	(8.0, 0.0)	(9.0, 0.0)	(10.0, 0.0)	(11.0, 0.0)	(12.0, 0.0)	(13.0, 0.0)	(14.0, 0.0)	(15.0, 0.0)	(16.0, 0.0)	(17.0, 0.0)	(18.0, 0.0)	(19.0, 0.0)	(20.0, 0.0)	(21.0, 0.0)	(22.0, 0.0)	(23.0, 0.0)	(24.0, 0.09090909090909091)	(25.0, 0.2)	(26.0, 0.07987711213517665)	(27.0, 0.06451612903225806)	(28.0, 0.0)	(29.0, 0.7405801470076749)	(30.0, 0.6982300096246824)	(31.0, 1.4735127778205708)	(32.0, 2.715011805183612)	(33.0, 3.2352569389823946)	(34.0, 4.471515848445535)	(35.0, 6.700746390175479)	(36.0, 8.491936687138953)	(37.0, 12.129991703432403)	(38.0, 10.083700874531234)	(39.0, 13.31782297165286)	(40.0, 12.610762535232464)	(41.0, 8.93645215998048)	(42.0, 7.68011870144416)	(43.0, 3.9838731333230366)	(44.0, 2.263318670576735)	(45.0, 2.5385281385281386)	(46.0, 3.081818181818182)	(47.0, 2.562770562770562)	(48.0, 1.0909090909090908)	(49.0, 0.03225806451612903)	(50.0, 0.282258064516129)	(51.0, 0.09090909090909091)	(52.0, 0.03225806451612903)	(53.0, 0.0)	(54.0, 0.09090909090909091)	(55.0, 0.0)	(56.0, 0.0)	(57.0, 0.0)	(58.0, 0.0)	(59.0, 0.0)	(60.0, 0.0)	(61.0, 0.0)	(62.0, 0.0)	(63.0, 0.5)	(64.0, 0.5)	(65.0, 0.0)	(66.0, 0.0)	(67.0, 0.0)	(68.0, 0.0)	(69.0, 0.0)	(70.0, 0.0)	(71.0, 0.0)	(72.0, 0.0)	(73.0, 0.0)	(74.0, 0.0)	(75.0, 0.0)	(76.0, 0.0)	(77.0, 0.0)	(78.0, 0.0)	(79.0, 0.0)	(80.0, 0.0)	(81.0, 0.0)	(82.0, 0.0)	(83.0, 0.0)	(84.0, 0.0)	(85.0, 0.0)	(86.0, 0.0)	(87.0, 0.0)	(88.0, 0.0)	(89.0, 0.0)	(90.0, 0.0)	(91.0, 0.0)	(92.0, 0.0)	(93.0, 0.0)	(94.0, 0.0)	(95.0, 0.0)	(96.0, 0.0)	(97.0, 0.0)	(98.0, 0.0)	(99.0, 0.0)	(100.0, 0.0)
FAY99780_pass_barcode01_98e12ebb_5ad7f319_54	(0.0, 0.0)	(1.0, 0.0)	(2.0, 0.0)	(3.0, 0.0)	(4.0, 0.0)	(5.0, 0.0)	(6.0, 0.0)	(7.0, 0.0)	(8.0, 0.0)	(9.0, 0.0)	(10.0, 0.0)	(11.0, 0.0)	(12.0, 0.0)	(13.0, 0.0)	(14.0, 0.0)	(15.0, 0.0)	(16.0, 0.0)	(17.0, 0.0)	(18.0, 0.0)	(19.0, 0.0)	(20.0, 0.0)	(21.0, 0.0)	(22.0, 0.0)	(23.0, 0.0)	(24.0, 0.0)	(25.0, 0.2857142857142857)	(26.0, 0.25)	(27.0, 0.34090909090909094)	(28.0, 0.09639953542392565)	(29.0, 1.025707784195357)	(30.0, 1.4538274733396683)	(31.0, 1.7705271363226573)	(32.0, 1.977316076276973)	(33.0, 2.9318487669981717)	(34.0, 4.375401822435744)	(35.0, 5.927488156310732)	(36.0, 7.52141730864277)	(37.0, 12.661689705171101)	(38.0, 11.219655266855378)	(39.0, 9.85643743818786)	(40.0, 7.864011823899664)	(41.0, 5.176764812331531)	(42.0, 5.580525419971263)	(43.0, 3.7067565335267934)	(44.0, 2.083838383838384)	(45.0, 1.6666666666666665)	(46.0, 1.1833333333333333)	(47.0, 0.23376623376623376)	(48.0, 0.0)	(49.0, 0.13852813852813853)	(50.0, 0.07987711213517665)	(51.0, 0.047619047619047616)	(52.0, 0.0)	(53.0, 0.0)	(54.0, 0.125)	(55.0, 0.0)	(56.0, 0.0)	(57.0, 0.0)	(58.0, 0.0)	(59.0, 0.0)	(60.0, 0.0)	(61.0, 0.0)	(62.0, 0.0)	(63.0, 0.0)	(64.0, 0.0)	(65.0, 0.0)	(66.0, 0.0)	(67.0, 0.0)	(68.0, 0.0)	(69.0, 0.0)	(70.0, 0.0)	(71.0, 0.0)	(72.0, 0.0)	(73.0, 0.0)	(74.0, 0.0)	(75.0, 0.0)	(76.0, 0.0)	(77.0, 0.0)	(78.0, 0.0)	(79.0, 0.0)	(80.0, 0.0)	(81.0, 0.0)	(82.0, 0.0)	(83.0, 0.0)	(84.0, 0.0)	(85.0, 0.0)	(86.0, 0.0)	(87.0, 0.0)	(88.0, 0.0)	(89.0, 0.0)	(90.0, 0.0)	(91.0, 0.0)	(92.0, 0.0)	(93.0, 0.0)	(94.0, 0.0)	(95.0, 0.0)	(96.0, 0.0)	(97.0, 0.0)	(98.0, 0.0)	(99.0, 0.0)	(100.0, 0.0)
FAY99780_pass_barcode01_98e12ebb_5ad7f319_55	(0.0, 0.0)	(1.0, 0.0)	(2.0, 0.0)	(3.0, 0.0)	(4.0, 0.0)	(5.0, 0.0)	(6.0, 0.0)	(7.0, 0.0)	(8.0, 0.0)	(9.0, 0.0)	(10.0, 0.0)	(11.0, 0.0)	(12.0, 0.0)	(13.0, 0.0)	(14.0, 0.0)	(15.0, 0.0)	(16.0, 0.0)	(17.0, 0.0)	(18.0, 0.0)	(19.0, 0.0)	(20.0, 0.0)	(21.0, 0.0)	(22.0, 0.0)	(23.0, 0.0)	(24.0, 0.0)	(25.0, 0.0)	(26.0, 0.0)	(27.0, 0.16775941952967915)	(28.0, 0.09090909090909091)	(29.0, 0.379510747468494)	(30.0, 0.49614175732061905)	(31.0, 0.9330481935677492)	(32.0, 1.1875138416028919)	(33.0, 2.0535361421992877)	(34.0, 3.7987991456794115)	(35.0, 6.337712445417475)	(36.0, 9.3357898097013)	(37.0, 11.543734712462888)	(38.0, 10.979575254554552)	(39.0, 12.517703909859755)	(40.0, 10.089572539999695)	(41.0, 8.903172262028196)	(42.0, 4.881817090175975)	(43.0, 3.0859757118414977)	(44.0, 3.361219336219336)	(45.0, 0.9727272727272728)	(46.0, 0.9575757575757575)	(47.0, 0.5833333333333333)	(48.0, 0.5194805194805194)	(49.0, 0.5476190476190477)	(50.0, 1.4718614718614718)	(51.0, 0.8821138211382114)	(52.0, 0.0)	(53.0, 0.5)	(54.0, 0.5)	(55.0, 0.0)	(56.0, 0.0)	(57.0, 0.0)	(58.0, 0.0)	(59.0, 0.0)	(60.0, 0.0)	(61.0, 0.0)	(62.0, 0.0)	(63.0, 0.0)	(64.0, 0.0)	(65.0, 0.0)	(66.0, 0.0)	(67.0, 0.0)	(68.0, 0.0)	(69.0, 0.0)	(70.0, 0.0)	(71.0, 0.0)	(72.0, 0.0)	(73.0, 0.0)	(74.0, 0.0)	(75.0, 0.0)	(76.0, 0.0)	(77.0, 0.0)	(78.0, 0.0)	(79.0, 0.0)	(80.0, 0.0)	(81.0, 0.0)	(82.0, 0.0)	(83.0, 0.0)	(84.0, 0.0)	(85.0, 0.0)	(86.0, 0.0)	(87.0, 0.0)	(88.0, 0.0)	(89.0, 0.0)	(90.0, 0.0)	(91.0, 0.0)	(92.0, 0.0)	(93.0, 0.0)	(94.0, 0.0)	(95.0, 0.0)	(96.0, 0.0)	(97.0, 0.0)	(98.0, 0.0)	(99.0, 0.0)	(100.0, 0.0)
FAY99780_pass_barcode01_98e12ebb_5ad7f319_56	(0.0, 0.0)	(1.0, 0.0)	(2.0, 0.0)	(3.0, 0.0)	(4.0, 0.0)	(5.0, 0.0)	(6.0, 0.0)	(7.0, 0.0)	(8.0, 0.0)	(9.0, 0.0)	(10.0, 0.0)	(11.0, 0.0)	(12.0, 0.0)	(13.0, 0.0)	(14.0, 0.0)	(15.0, 0.0)	(16.0, 0.0)	(17.0, 0.0)	(18.0, 0.0)	(19.0, 0.0)	(20.0, 0.0)	(21.0, 0.0)	(22.0, 0.0)	(23.0, 0.0)	(24.0, 0.0)	(25.0, 0.5)	(26.0, 0.5)	(27.0, 0.0)	(28.0, 0.17078620304426756)	(29.0, 0.12938384185378346)	(30.0, 0.49358507957057574)	(31.0, 0.7454184671058486)	(32.0, 0.6765055542833249)	(33.0, 1.6216805972747623)	(34.0, 2.039349240418158)	(35.0, 4.093900878802139)	(36.0, 5.694308299126457)	(37.0, 9.136487451762678)	(38.0, 8.260473158313333)	(39.0, 8.021891186751258)	(40.0, 8.445860148969254)	(41.0, 8.089514113870377)	(42.0, 4.670476357027966)	(43.0, 1.9142091623649289)	(44.0, 1.8393939393939394)	(45.0, 3.1827235772357727)	(46.0, 2.140635866865375)	(47.0, 0.2478507408084873)	(48.0, 0.1450744377573646)	(49.0, 0.25)	(50.0, 0.130718954248366)	(51.0, 0.1111111111111111)	(52.0, 0.7)	(53.0, 0.5)	(54.0, 0.0)	(55.0, 0.0)	(56.0, 0.0)	(57.0, 0.0)	(58.0, 0.0)	(59.0, 0.0)	(60.0, 0.0)	(61.0, 0.0)	(62.0, 0.0)	(63.0, 0.0)	(64.0, 0.3333333333333333)	(65.0, 0.47619047619047616)	(66.0, 0.0)	(67.0, 0.0)	(68.0, 0.0)	(69.0, 0.0)	(70.0, 0.0)	(71.0, 0.0)	(72.0, 0.0)	(73.0, 0.0)	(74.0, 0.0)	(75.0, 0.0)	(76.0, 0.0)	(77.0, 0.0)	(78.0, 0.0)	(79.0, 0.0)	(80.0, 0.0)	(81.0, 0.0)	(82.0, 0.0)	(83.0, 0.0)	(84.0, 0.0)	(85.0, 0.0)	(86.0, 0.0)	(87.0, 0.0)	(88.0, 0.0)	(89.0, 0.0)	(90.0, 0.0)	(91.0, 0.0)	(92.0, 0.0)	(93.0, 0.0)	(94.0, 0.0)	(95.0, 0.0)	(96.0, 0.0)	(97.0, 0.0)	(98.0, 0.0)	(99.0, 0.0)	(100.0, 0.0)
FAY99780_pass_barcode01_98e12ebb_5ad7f319_57	(0.0, 0.0)	(1.0, 0.0)	(2.0, 0.0)	(3.0, 0.0)	(4.0, 0.0)	(5.0, 0.0)	(6.0, 0.0)	(7.0, 0.0)	(8.0, 0.0)	(9.0, 0.0)	(10.0, 0.0)	(11.0, 0.0)	(12.0, 0.0)	(13.0, 0.0)	(14.0, 0.0)	(15.0, 0.0)	(16.0, 0.0)	(17.0, 0.0)	(18.0, 0.0)	(19.0, 0.0)	(20.0, 0.0)	(21.0, 0.0)	(22.0, 0.0)	(23.0, 0.0)	(24.0, 0.0)	(25.0, 0.0)	(26.0, 0.5)	(27.0, 1.5)	(28.0, 1.9030442675603965)	(29.0, 1.0068181818181818)	(30.0, 1.4101698516968006)	(31.0, 1.5422650193216776)	(32.0, 1.6999291953647044)	(33.0, 2.2649243416096505)	(34.0, 2.8928993684254998)	(35.0, 5.239951213382964)	(36.0, 6.472849993624756)	(37.0, 10.370323454201293)	(38.0, 11.10181920774888)	(39.0, 9.971466108624728)	(40.0, 8.885087811237518)	(41.0, 7.118296944195957)	(42.0, 4.721786309831851)	(43.0, 4.464299678815808)	(44.0, 2.974242424242424)	(45.0, 1.4619047619047618)	(46.0, 1.9857142857142853)	(47.0, 1.0474178403755867)	(48.0, 0.5)	(49.0, 0.8722943722943723)	(50.0, 0.0)	(51.0, 0.0)	(52.0, 0.09090909090909091)	(53.0, 0.0)	(54.0, 0.18181818181818182)	(55.0, 0.0)	(56.0, 0.0)	(57.0, 0.0)	(58.0, 0.0)	(59.0, 0.0)	(60.0, 0.0)	(61.0, 0.0)	(62.0, 0.0)	(63.0, 0.0)	(64.0, 0.0)	(65.0, 0.0)	(66.0, 0.0)	(67.0, 0.0)	(68.0, 0.0)	(69.0, 0.0)	(70.0, 0.0)	(71.0, 0.0)	(72.0, 0.0)	(73.0, 0.0)	(74.0, 0.0)	(75.0, 0.0)	(76.0, 0.0)	(77.0, 0.0)	(78.0, 0.0)	(79.0, 0.0)	(80.0, 0.0)	(81.0, 0.0)	(82.0, 0.0)	(83.0, 0.0)	(84.0, 0.0)	(85.0, 0.0)	(86.0, 0.0)	(87.0, 0.0)	(88.0, 0.0)	(89.0, 0.0)	(90.0, 0.0)	(91.0, 0.0)	(92.0, 0.0)	(93.0, 0.0)	(94.0, 0.0)	(95.0, 0.0)	(96.0, 0.0)	(97.0, 0.0)	(98.0, 0.0)	(99.0, 0.0)	(100.0, 0.0)
FAY99780_pass_barcode01_98e12ebb_5ad7f319_58	(0.0, 0.0)	(1.0, 0.0)	(2.0, 0.0)	(3.0, 0.0)	(4.0, 0.0)	(5.0, 0.0)	(6.0, 0.0)	(7.0, 0.0)	(8.0, 0.0)	(9.0, 0.0)	(10.0, 0.0)	(11.0, 0.0)	(12.0, 0.0)	(13.0, 0.0)	(14.0, 0.0)	(15.0, 0.0)	(16.0, 0.0)	(17.0, 0.0)	(18.0, 0.0)	(19.0, 0.0)	(20.0, 0.3333333333333333)	(21.0, 0.3333333333333333)	(22.0, 0.0)	(23.0, 0.0)	(24.0, 0.0)	(25.0, 0.047619047619047616)	(26.0, 0.47619047619047616)	(27.0, 0.09090909090909091)	(28.0, 0.19090909090909092)	(29.0, 0.22733029381965553)	(30.0, 0.2966142000774788)	(31.0, 0.46326206838611417)	(32.0, 0.7583680345154514)	(33.0, 1.7459552888550387)	(34.0, 3.1321660279995203)	(35.0, 6.624628969639231)	(36.0, 7.785453045860756)	(37.0, 12.16086343935603)	(38.0, 10.729980410535166)	(39.0, 9.653596956851551)	(40.0, 11.30149946311543)	(41.0, 9.231517674691407)	(42.0, 4.795450086177271)	(43.0, 3.7303460876041528)	(44.0, 3.2500349486698945)	(45.0, 2.833492632417364)	(46.0, 1.8309523809523809)	(47.0, 1.5322580645161288)	(48.0, 0.5476190476190476)	(49.0, 0.7898338220918867)	(50.0, 0.5798771121351767)	(51.0, 0.024390243902439025)	(52.0, 0.09090909090909091)	(53.0, 0.3333333333333333)	(54.0, 0.4242424242424242)	(55.0, 0.25)	(56.0, 0.25)	(57.0, 0.0)	(58.0, 0.0)	(59.0, 0.0)	(60.0, 0.0)	(61.0, 0.0)	(62.0, 0.0)	(63.0, 0.0)	(64.0, 0.0)	(65.0, 0.0)	(66.0, 0.0)	(67.0, 0.0)	(68.0, 0.0)	(69.0, 0.0)	(70.0, 0.0)	(71.0, 0.0)	(72.0, 0.0)	(73.0, 0.0)	(74.0, 0.0)	(75.0, 0.0)	(76.0, 0.0)	(77.0, 0.0)	(78.0, 0.3333333333333333)	(79.0, 0.0)	(80.0, 0.0)	(81.0, 0.0)	(82.0, 0.0)	(83.0, 0.0)	(84.0, 0.0)	(85.0, 0.0)	(86.0, 0.0)	(87.0, 0.0)	(88.0, 0.0)	(89.0, 0.0)	(90.0, 0.0)	(91.0, 0.0)	(92.0, 0.0)	(93.0, 0.0)	(94.0, 0.0)	(95.0, 0.0)	(96.0, 0.0)	(97.0, 0.0)	(98.0, 0.0)	(99.0, 0.0)	(100.0, 0.0)
FAY99780_pass_barcode01_98e12ebb_5ad7f319_59	(0.0, 0.0)	(1.0, 0.0)	(2.0, 0.0)	(3.0, 0.0)	(4.0, 0.0)	(5.0, 0.0)	(6.0, 0.0)	(7.0, 0.0)	(8.0, 0.0)	(9.0, 0.0)	(10.0, 0.0)	(11.0, 0.0)	(12.0, 0.0)	(13.0, 0.0)	(14.0, 0.0)	(15.0, 0.0)	(16.0, 0.0)	(17.0, 0.0)	(18.0, 0.0)	(19.0, 0.0)	(20.0, 0.0)	(21.0, 0.0)	(22.0, 0.0)	(23.0, 0.0)	(24.0, 0.0)	(25.0, 0.0)	(26.0, 0.0)	(27.0, 0.0)	(28.0, 0.25757575757575757)	(29.0, 0.2233149750852347)	(30.0, 0.37662337662337664)	(31.0, 0.2966210420810662)	(32.0, 0.7572788960763953)	(33.0, 2.66072185392049)	(34.0, 3.2879605281220043)	(35.0, 6.579026456259309)	(36.0, 8.2538254498792)	(37.0, 11.981356064805034)	(38.0, 12.092360385592416)	(39.0, 10.713591257769723)	(40.0, 7.312090733568066)	(41.0, 7.001975830549003)	(42.0, 7.027444719557058)	(43.0, 4.229668922626669)	(44.0, 1.5957173325208514)	(45.0, 2.533333333333333)	(46.0, 2.6352314352314345)	(47.0, 1.4976190476190476)	(48.0, 0.4)	(49.0, 0.6666666666666666)	(50.0, 0.047619047619047616)	(51.0, 0.0)	(52.0, 0.5833333333333333)	(53.0, 0.25)	(54.0, 0.0)	(55.0, 0.0)	(56.0, 0.0)	(57.0, 0.0)	(58.0, 0.0)	(59.0, 0.0)	(60.0, 0.0)	(61.0, 0.0)	(62.0, 0.0)	(63.0, 0.0)	(64.0, 0.0)	(65.0, 0.0)	(66.0, 0.0)	(67.0, 0.0)	(68.0, 0.5)	(69.0, 0.5)	(70.0, 0.0)	(71.0, 0.0)	(72.0, 0.0)	(73.0, 0.0)	(74.0, 0.0)	(75.0, 0.0)	(76.0, 0.0)	(77.0, 0.0)	(78.0, 0.0)	(79.0, 0.0)	(80.0, 0.0)	(81.0, 0.0)	(82.0, 0.0)	(83.0, 0.0)	(84.0, 0.0)	(85.0, 0.0)	(86.0, 0.0)	(87.0, 0.0)	(88.0, 0.0)	(89.0, 0.0)	(90.0, 0.0)	(91.0, 0.0)	(92.0, 0.0)	(93.0, 0.0)	(94.0, 0.0)	(95.0, 0.0)	(96.0, 0.0)	(97.0, 0.0)	(98.0, 0.0)	(99.0, 0.0)	(100.0, 0.0)
FAY99780_pass_barcode01_98e12ebb_5ad7f319_6	(0.0, 0.0)	(1.0, 0.0)	(2.0, 0.0)	(3.0, 0.0)	(4.0, 0.0)	(5.0, 0.0)	(6.0, 0.0)	(7.0, 0.0)	(8.0, 0.0)	(9.0, 0.0)	(10.0, 0.0)	(11.0, 0.0)	(12.0, 0.0)	(13.0, 0.0)	(14.0, 0.0)	(15.0, 0.0)	(16.0, 0.0)	(17.0, 0.0)	(18.0, 0.0)	(19.0, 0.0)	(20.0, 0.0)	(21.0, 0.0)	(22.0, 0.0)	(23.0, 0.3333333333333333)	(24.0, 0.0)	(25.0, 0.0)	(26.0, 0.0)	(27.0, 0.5099151791024337)	(28.0, 0.22214847190739187)	(29.0, 1.1147800622225175)	(30.0, 1.3886072998230208)	(31.0, 2.2207202338878727)	(32.0, 2.753247158333406)	(33.0, 4.29996528600774)	(34.0, 4.310406409170679)	(35.0, 8.453726509010583)	(36.0, 10.095508760820994)	(37.0, 13.994890627638705)	(38.0, 13.446174662908573)	(39.0, 15.03422476038733)	(40.0, 14.342347741727602)	(41.0, 13.704938700742943)	(42.0, 6.904208203468536)	(43.0, 5.834994444711524)	(44.0, 4.754877112135176)	(45.0, 2.215151515151515)	(46.0, 1.515151515151515)	(47.0, 1.0)	(48.0, 0.0)	(49.0, 0.532258064516129)	(50.0, 0.5)	(51.0, 0.6861471861471863)	(52.0, 0.8333333333333333)	(53.0, 0.375)	(54.0, 0.0)	(55.0, 0.0)	(56.0, 0.0)	(57.0, 0.0)	(58.0, 0.0)	(59.0, 0.3333333333333333)	(60.0, 0.0)	(61.0, 0.0)	(62.0, 0.0)	(63.0, 0.0)	(64.0, 0.0)	(65.0, 0.0)	(66.0, 0.0)	(67.0, 0.0)	(68.0, 0.0)	(69.0, 0.0)	(70.0, 0.0)	(71.0, 0.0)	(72.0, 0.0)	(73.0, 0.0)	(74.0, 0.0)	(75.0, 0.0)	(76.0, 0.0)	(77.0, 0.0)	(78.0, 0.0)	(79.0, 0.0)	(80.0, 0.0)	(81.0, 0.0)	(82.0, 0.0)	(83.0, 0.0)	(84.0, 0.0)	(85.0, 0.0)	(86.0, 0.0)	(87.0, 0.0)	(88.0, 0.0)	(89.0, 0.0)	(90.0, 0.0)	(91.0, 0.0)	(92.0, 0.0)	(93.0, 0.0)	(94.0, 0.0)	(95.0, 0.0)	(96.0, 0.0)	(97.0, 0.0)	(98.0, 0.0)	(99.0, 0.0)	(100.0, 0.0)
FAY99780_pass_barcode01_98e12ebb_5ad7f319_60	(0.0, 0.0)	(1.0, 0.0)	(2.0, 0.0)	(3.0, 0.0)	(4.0, 0.0)	(5.0, 0.0)	(6.0, 0.0)	(7.0, 0.0)	(8.0, 0.0)	(9.0, 0.0)	(10.0, 0.0)	(11.0, 0.0)	(12.0, 0.0)	(13.0, 0.0)	(14.0, 0.0)	(15.0, 0.0)	(16.0, 0.0)	(17.0, 0.0)	(18.0, 0.0)	(19.0, 0.0)	(20.0, 0.0)	(21.0, 0.0)	(22.0, 0.0)	(23.0, 0.0)	(24.0, 0.0)	(25.0, 0.0)	(26.0, 0.125)	(27.0, 0.0)	(28.0, 0.6385281385281385)	(29.0, 1.7481671554252198)	(30.0, 1.4749834707157772)	(31.0, 0.8486414815315466)	(32.0, 1.27850315029124)	(33.0, 3.9644464897145073)	(34.0, 6.043388873430082)	(35.0, 6.66366473294899)	(36.0, 7.877641746375419)	(37.0, 9.015292153570156)	(38.0, 12.102547103166252)	(39.0, 11.001224057192271)	(40.0, 10.822992814833556)	(41.0, 7.997088739684038)	(42.0, 5.638297158391045)	(43.0, 4.446908048678308)	(44.0, 3.356933389191454)	(45.0, 2.047699214365881)	(46.0, 1.0)	(47.0, 1.0163934426229508)	(48.0, 0.75)	(49.0, 0.75)	(50.0, 0.5)	(51.0, 0.5476190476190477)	(52.0, 0.5)	(53.0, 0.5)	(54.0, 1.0)	(55.0, 0.5)	(56.0, 0.0)	(57.0, 0.0)	(58.0, 0.0)	(59.0, 0.0)	(60.0, 0.0)	(61.0, 0.0)	(62.0, 0.0)	(63.0, 0.0)	(64.0, 0.0)	(65.0, 0.0)	(66.0, 0.0)	(67.0, 0.0)	(68.0, 0.0)	(69.0, 0.0)	(70.0, 0.0)	(71.0, 0.0)	(72.0, 0.0)	(73.0, 0.0)	(74.0, 0.0)	(75.0, 0.0)	(76.0, 0.3333333333333333)	(77.0, 0.0)	(78.0, 0.0)	(79.0, 0.0)	(80.0, 0.0)	(81.0, 0.0)	(82.0, 0.0)	(83.0, 0.0)	(84.0, 0.0)	(85.0, 0.0)	(86.0, 0.0)	(87.0, 0.0)	(88.0, 0.0)	(89.0, 0.0)	(90.0, 0.0)	(91.0, 0.0)	(92.0, 0.0)	(93.0, 0.0)	(94.0, 0.0)	(95.0, 0.0)	(96.0, 0.0)	(97.0, 0.0)	(98.0, 0.0)	(99.0, 0.0)	(100.0, 0.0)
FAY99780_pass_barcode01_98e12ebb_5ad7f319_61	(0.0, 0.0)	(1.0, 0.0)	(2.0, 0.0)	(3.0, 0.0)	(4.0, 0.0)	(5.0, 0.0)	(6.0, 0.0)	(7.0, 0.0)	(8.0, 0.0)	(9.0, 0.0)	(10.0, 0.0)	(11.0, 0.0)	(12.0, 0.0)	(13.0, 0.0)	(14.0, 0.0)	(15.0, 0.0)	(16.0, 0.0)	(17.0, 0.0)	(18.0, 0.0)	(19.0, 0.0)	(20.0, 0.0)	(21.0, 0.0)	(22.0, 0.0)	(23.0, 0.0)	(24.0, 0.0)	(25.0, 0.125)	(26.0, 0.25757575757575757)	(27.0, 0.17078620304426756)	(28.0, 0.09090909090909091)	(29.0, 0.4197634199176593)	(30.0, 0.5590679406804852)	(31.0, 1.323295241732168)	(32.0, 1.4513097635974985)	(33.0, 2.003206916528787)	(34.0, 4.139658132393132)	(35.0, 5.007175790075992)	(36.0, 8.007843947632274)	(37.0, 11.964678424290343)	(38.0, 8.645686599900065)	(39.0, 8.972817466021835)	(40.0, 8.756525638856772)	(41.0, 5.664041516194863)	(42.0, 3.7705228459313216)	(43.0, 3.565575947145349)	(44.0, 3.607142857142857)	(45.0, 1.874242424242424)	(46.0, 0.6830601092896175)	(47.0, 0.20202020202020202)	(48.0, 0.455988455988456)	(49.0, 0.13852813852813853)	(50.0, 0.7691197691197692)	(51.0, 0.3333333333333333)	(52.0, 0.1)	(53.0, 0.16666666666666666)	(54.0, 0.45757575757575764)	(55.0, 0.0)	(56.0, 0.0)	(57.0, 0.0)	(58.0, 0.0)	(59.0, 0.0)	(60.0, 0.0)	(61.0, 0.0)	(62.0, 0.0)	(63.0, 0.0)	(64.0, 0.0)	(65.0, 0.0)	(66.0, 0.0)	(67.0, 0.0)	(68.0, 0.0)	(69.0, 0.0)	(70.0, 0.0)	(71.0, 0.0)	(72.0, 0.0)	(73.0, 0.0)	(74.0, 0.0)	(75.0, 0.0)	(76.0, 0.0)	(77.0, 0.0)	(78.0, 0.0)	(79.0, 0.0)	(80.0, 0.0)	(81.0, 0.0)	(82.0, 0.0)	(83.0, 0.0)	(84.0, 0.0)	(85.0, 0.0)	(86.0, 0.0)	(87.0, 0.0)	(88.0, 0.0)	(89.0, 0.0)	(90.0, 0.0)	(91.0, 0.0)	(92.0, 0.0)	(93.0, 0.0)	(94.0, 0.0)	(95.0, 0.0)	(96.0, 0.0)	(97.0, 0.0)	(98.0, 0.0)	(99.0, 0.0)	(100.0, 0.0)
FAY99780_pass_barcode01_98e12ebb_5ad7f319_62	(0.0, 0.0)	(1.0, 0.0)	(2.0, 0.0)	(3.0, 0.0)	(4.0, 0.0)	(5.0, 0.0)	(6.0, 0.0)	(7.0, 0.0)	(8.0, 0.0)	(9.0, 0.0)	(10.0, 0.0)	(11.0, 0.0)	(12.0, 0.0)	(13.0, 0.0)	(14.0, 0.0)	(15.0, 0.0)	(16.0, 0.0)	(17.0, 0.0)	(18.0, 0.0)	(19.0, 0.0)	(20.0, 0.0)	(21.0, 0.0)	(22.0, 0.0)	(23.0, 0.0)	(24.0, 0.0)	(25.0, 0.0)	(26.0, 0.7976190476190477)	(27.0, 0.5)	(28.0, 0.09090909090909091)	(29.0, 0.9242424242424242)	(30.0, 1.006261766195541)	(31.0, 0.7515876614377301)	(32.0, 0.9935857721967642)	(33.0, 1.513464390448893)	(34.0, 3.444274133536677)	(35.0, 3.3618341034795116)	(36.0, 6.389438289479917)	(37.0, 9.193111277558026)	(38.0, 10.237372215942582)	(39.0, 10.872704176905673)	(40.0, 5.95906181911358)	(41.0, 6.8129867529717725)	(42.0, 5.4706023651145586)	(43.0, 2.624680046538685)	(44.0, 2.2062084257206207)	(45.0, 1.7478750923872874)	(46.0, 0.8170995670995671)	(47.0, 0.49090909090909096)	(48.0, 0.5)	(49.0, 1.0640124902419985)	(50.0, 2.314516129032258)	(51.0, 1.7)	(52.0, 1.3111111111111111)	(53.0, 1.8333333333333333)	(54.0, 1.0)	(55.0, 1.1)	(56.0, 1.0)	(57.0, 1.0)	(58.0, 1.0)	(59.0, 1.0)	(60.0, 1.0)	(61.0, 0.5)	(62.0, 0.0)	(63.0, 0.125)	(64.0, 0.125)	(65.0, 0.0)	(66.0, 0.0)	(67.0, 0.0)	(68.0, 0.0)	(69.0, 0.0)	(70.0, 0.0)	(71.0, 0.0)	(72.0, 0.0)	(73.0, 0.0)	(74.0, 0.0)	(75.0, 0.0)	(76.0, 0.0)	(77.0, 0.0)	(78.0, 0.0)	(79.0, 0.0)	(80.0, 0.0)	(81.0, 0.0)	(82.0, 0.0)	(83.0, 0.0)	(84.0, 0.0)	(85.0, 0.0)	(86.0, 0.0)	(87.0, 0.0)	(88.0, 0.0)	(89.0, 0.0)	(90.0, 0.0)	(91.0, 0.0)	(92.0, 0.0)	(93.0, 0.0)	(94.0, 0.0)	(95.0, 0.0)	(96.0, 0.0)	(97.0, 0.0)	(98.0, 0.0)	(99.0, 0.0)	(100.0, 0.0)
FAY99780_pass_barcode01_98e12ebb_5ad7f319_63	(0.0, 0.0)	(1.0, 0.0)	(2.0, 0.0)	(3.0, 0.0)	(4.0, 0.0)	(5.0, 0.0)	(6.0, 0.0)	(7.0, 0.0)	(8.0, 0.0)	(9.0, 0.0)	(10.0, 0.0)	(11.0, 0.0)	(12.0, 0.0)	(13.0, 0.0)	(14.0, 0.0)	(15.0, 0.0)	(16.0, 0.0)	(17.0, 0.0)	(18.0, 0.0)	(19.0, 0.0)	(20.0, 0.0)	(21.0, 0.0)	(22.0, 0.0)	(23.0, 0.0)	(24.0, 0.5)	(25.0, 1.5)	(26.0, 2.0)	(27.0, 2.282258064516129)	(28.0, 2.2065004887585533)	(29.0, 1.4018162018162017)	(30.0, 1.775497239152049)	(31.0, 1.8767809192580815)	(32.0, 2.7575891507727954)	(33.0, 3.016740282134023)	(34.0, 3.860449176645203)	(35.0, 7.770885834189708)	(36.0, 8.930707602193543)	(37.0, 10.906725962251077)	(38.0, 12.604317491024629)	(39.0, 11.94724418697785)	(40.0, 10.008198324949129)	(41.0, 8.59046422289561)	(42.0, 8.856461551331394)	(43.0, 4.312853492479978)	(44.0, 4.6103896103896105)	(45.0, 5.537092119350183)	(46.0, 2.476410445922641)	(47.0, 1.0)	(48.0, 1.6666666666666665)	(49.0, 1.5833333333333333)	(50.0, 1.1385281385281385)	(51.0, 1.0909090909090908)	(52.0, 1.0)	(53.0, 1.0)	(54.0, 1.0)	(55.0, 1.3333333333333333)	(56.0, 1.5833333333333333)	(57.0, 1.0)	(58.0, 1.0)	(59.0, 1.0)	(60.0, 1.0)	(61.0, 1.0)	(62.0, 1.0)	(63.0, 1.0)	(64.0, 1.0)	(65.0, 1.0)	(66.0, 1.0)	(67.0, 1.0)	(68.0, 1.25)	(69.0, 1.0)	(70.0, 1.0)	(71.0, 1.0)	(72.0, 1.0)	(73.0, 1.5)	(74.0, 1.5)	(75.0, 0.5)	(76.0, 0.0)	(77.0, 0.0)	(78.0, 0.0)	(79.0, 0.0)	(80.0, 0.0)	(81.0, 0.0)	(82.0, 0.0)	(83.0, 0.0)	(84.0, 0.0)	(85.0, 0.0)	(86.0, 0.0)	(87.0, 0.0)	(88.0, 0.0)	(89.0, 0.0)	(90.0, 0.0)	(91.0, 0.0)	(92.0, 0.0)	(93.0, 0.0)	(94.0, 0.0)	(95.0, 0.0)	(96.0, 0.0)	(97.0, 0.0)	(98.0, 0.0)	(99.0, 0.0)	(100.0, 0.0)
FAY99780_pass_barcode01_98e12ebb_5ad7f319_64	(0.0, 0.0)	(1.0, 0.0)	(2.0, 0.0)	(3.0, 0.0)	(4.0, 0.0)	(5.0, 0.0)	(6.0, 0.0)	(7.0, 0.0)	(8.0, 0.0)	(9.0, 0.0)	(10.0, 0.0)	(11.0, 0.0)	(12.0, 0.0)	(13.0, 0.0)	(14.0, 0.0)	(15.0, 0.0)	(16.0, 0.0)	(17.0, 0.0)	(18.0, 0.0)	(19.0, 0.0)	(20.0, 0.0)	(21.0, 0.0)	(22.0, 0.0)	(23.0, 0.0)	(24.0, 0.0)	(25.0, 0.0)	(26.0, 0.4242424242424242)	(27.0, 0.3333333333333333)	(28.0, 0.5798771121351767)	(29.0, 1.0963308481011078)	(30.0, 0.7304373362248124)	(31.0, 0.49447691825656437)	(32.0, 2.617471169064075)	(33.0, 2.277211884933308)	(34.0, 3.0080641744106487)	(35.0, 3.334069928090501)	(36.0, 6.501240322261824)	(37.0, 9.80722186943407)	(38.0, 9.187249427141673)	(39.0, 9.789083372438618)	(40.0, 8.435059842394425)	(41.0, 7.4608983931180335)	(42.0, 3.8819184975541723)	(43.0, 4.056890331890332)	(44.0, 1.4970488293068938)	(45.0, 0.8062272647148374)	(46.0, 1.2575757575757573)	(47.0, 1.0909090909090908)	(48.0, 0.3333333333333333)	(49.0, 0.8333333333333333)	(50.0, 1.124242424242424)	(51.0, 0.38181818181818183)	(52.0, 0.0)	(53.0, 0.09090909090909091)	(54.0, 0.25757575757575757)	(55.0, 0.0)	(56.0, 0.3333333333333333)	(57.0, 0.0)	(58.0, 0.0)	(59.0, 0.0)	(60.0, 0.0)	(61.0, 0.0)	(62.0, 0.0)	(63.0, 0.0)	(64.0, 0.0)	(65.0, 0.0)	(66.0, 0.0)	(67.0, 0.0)	(68.0, 0.5)	(69.0, 0.5)	(70.0, 0.0)	(71.0, 0.3333333333333333)	(72.0, 0.0)	(73.0, 0.0)	(74.0, 0.0)	(75.0, 0.0)	(76.0, 0.0)	(77.0, 0.0)	(78.0, 0.0)	(79.0, 0.0)	(80.0, 0.0)	(81.0, 0.0)	(82.0, 0.0)	(83.0, 0.0)	(84.0, 0.0)	(85.0, 0.0)	(86.0, 0.0)	(87.0, 0.0)	(88.0, 0.0)	(89.0, 0.0)	(90.0, 0.0)	(91.0, 0.0)	(92.0, 0.0)	(93.0, 0.0)	(94.0, 0.0)	(95.0, 0.0)	(96.0, 0.0)	(97.0, 0.0)	(98.0, 0.0)	(99.0, 0.0)	(100.0, 0.0)
FAY99780_pass_barcode01_98e12ebb_5ad7f319_65	(0.0, 0.0)	(1.0, 0.0)	(2.0, 0.0)	(3.0, 0.0)	(4.0, 0.0)	(5.0, 0.0)	(6.0, 0.0)	(7.0, 0.0)	(8.0, 0.0)	(9.0, 0.0)	(10.0, 0.0)	(11.0, 0.0)	(12.0, 0.0)	(13.0, 0.0)	(14.0, 0.0)	(15.0, 0.0)	(16.0, 0.0)	(17.0, 0.0)	(18.0, 0.0)	(19.0, 0.0)	(20.0, 0.0)	(21.0, 0.0)	(22.0, 0.0)	(23.0, 0.0)	(24.0, 0.0)	(25.0, 0.0)	(26.0, 0.0)	(27.0, 0.048651507139079855)	(28.0, 0.02629443272196072)	(29.0, 0.21840525066331518)	(30.0, 0.7398059266983423)	(31.0, 1.1351529267857907)	(32.0, 1.7112560657456466)	(33.0, 2.7508167320539476)	(34.0, 2.6480057851089756)	(35.0, 4.5253196600757395)	(36.0, 6.621758246477196)	(37.0, 8.143242447514568)	(38.0, 7.506029082882653)	(39.0, 9.648048970842627)	(40.0, 8.283477969907219)	(41.0, 7.251698576799514)	(42.0, 6.463554276108077)	(43.0, 5.646847622063434)	(44.0, 3.131419622906781)	(45.0, 1.9999999999999998)	(46.0, 1.25)	(47.0, 0.8529411764705882)	(48.0, 0.6666666666666666)	(49.0, 0.5909090909090909)	(50.0, 1.0)	(51.0, 0.5)	(52.0, 0.5333333333333333)	(53.0, 0.3333333333333333)	(54.0, 0.8333333333333333)	(55.0, 1.0333333333333332)	(56.0, 0.3333333333333333)	(57.0, 0.3333333333333333)	(58.0, 0.0)	(59.0, 0.0)	(60.0, 0.0)	(61.0, 0.0)	(62.0, 0.25757575757575757)	(63.0, 0.25757575757575757)	(64.0, 0.0)	(65.0, 0.0)	(66.0, 0.0)	(67.0, 0.0)	(68.0, 0.0)	(69.0, 0.0)	(70.0, 0.0)	(71.0, 0.0)	(72.0, 0.6666666666666666)	(73.0, 0.6666666666666666)	(74.0, 0.0)	(75.0, 0.0)	(76.0, 0.0)	(77.0, 0.0)	(78.0, 0.0)	(79.0, 0.0)	(80.0, 0.0)	(81.0, 0.0)	(82.0, 0.0)	(83.0, 0.0)	(84.0, 0.0)	(85.0, 0.0)	(86.0, 0.0)	(87.0, 0.0)	(88.0, 0.0)	(89.0, 0.0)	(90.0, 0.0)	(91.0, 0.0)	(92.0, 0.0)	(93.0, 0.0)	(94.0, 0.0)	(95.0, 0.0)	(96.0, 0.0)	(97.0, 0.0)	(98.0, 0.0)	(99.0, 0.0)	(100.0, 0.0)
FAY99780_pass_barcode01_98e12ebb_5ad7f319_66	(0.0, 0.0)	(1.0, 0.0)	(2.0, 0.0)	(3.0, 0.0)	(4.0, 0.0)	(5.0, 0.0)	(6.0, 0.0)	(7.0, 0.0)	(8.0, 0.0)	(9.0, 0.0)	(10.0, 0.0)	(11.0, 0.0)	(12.0, 0.0)	(13.0, 0.0)	(14.0, 0.0)	(15.0, 0.0)	(16.0, 0.5)	(17.0, 0.5)	(18.0, 0.0)	(19.0, 0.0)	(20.0, 0.0)	(21.0, 0.0)	(22.0, 0.0)	(23.0, 0.0)	(24.0, 0.0)	(25.0, 0.0)	(26.0, 0.3333333333333333)	(27.0, 0.3333333333333333)	(28.0, 0.3666666666666667)	(29.0, 0.5476190476190477)	(30.0, 1.5796759048917157)	(31.0, 1.2216002717220007)	(32.0, 1.2692764328880886)	(33.0, 2.0908493051243537)	(34.0, 2.650144148988772)	(35.0, 4.043118734175015)	(36.0, 6.250140049029593)	(37.0, 10.010744326413727)	(38.0, 9.551340316693928)	(39.0, 11.915589373512285)	(40.0, 7.299643902086651)	(41.0, 4.387893088155284)	(42.0, 2.489203569991046)	(43.0, 1.4197039519620163)	(44.0, 1.7302308802308801)	(45.0, 2.0492424242424243)	(46.0, 1.7499999999999998)	(47.0, 1.0)	(48.0, 0.9166666666666665)	(49.0, 0.25)	(50.0, 0.0)	(51.0, 0.0)	(52.0, 0.0)	(53.0, 0.25)	(54.0, 0.25)	(55.0, 0.0)	(56.0, 0.0)	(57.0, 0.0)	(58.0, 0.0)	(59.0, 0.0)	(60.0, 0.0)	(61.0, 0.0)	(62.0, 0.0)	(63.0, 0.0)	(64.0, 0.0)	(65.0, 0.0)	(66.0, 0.0)	(67.0, 0.0)	(68.0, 0.0)	(69.0, 0.0)	(70.0, 0.0)	(71.0, 0.25)	(72.0, 0.25)	(73.0, 0.0)	(74.0, 0.0)	(75.0, 0.0)	(76.0, 0.0)	(77.0, 0.0)	(78.0, 0.0)	(79.0, 0.0)	(80.0, 0.0)	(81.0, 0.0)	(82.0, 0.0)	(83.0, 0.0)	(84.0, 0.0)	(85.0, 0.0)	(86.0, 0.0)	(87.0, 0.0)	(88.0, 0.0)	(89.0, 0.0)	(90.0, 0.0)	(91.0, 0.0)	(92.0, 0.0)	(93.0, 0.0)	(94.0, 0.0)	(95.0, 0.0)	(96.0, 0.0)	(97.0, 0.0)	(98.0, 0.0)	(99.0, 0.0)	(100.0, 0.0)
FAY99780_pass_barcode01_98e12ebb_5ad7f319_67	(0.0, 0.0)	(1.0, 0.0)	(2.0, 0.0)	(3.0, 0.0)	(4.0, 0.0)	(5.0, 0.0)	(6.0, 0.0)	(7.0, 0.0)	(8.0, 0.0)	(9.0, 0.0)	(10.0, 0.0)	(11.0, 0.0)	(12.0, 0.0)	(13.0, 0.0)	(14.0, 0.0)	(15.0, 0.0)	(16.0, 0.0)	(17.0, 0.0)	(18.0, 0.0)	(19.0, 0.0)	(20.0, 0.0)	(21.0, 0.0)	(22.0, 0.0)	(23.0, 0.0)	(24.0, 0.0)	(25.0, 0.0)	(26.0, 0.1989247311827957)	(27.0, 0.2813852813852814)	(28.0, 0.6726190476190477)	(29.0, 0.8491867043847242)	(30.0, 0.47705627705627707)	(31.0, 1.0306440874816776)	(32.0, 1.2427210185195936)	(33.0, 1.5677199861534359)	(34.0, 4.6250182538680225)	(35.0, 4.881075909347846)	(36.0, 9.619653732169537)	(37.0, 10.958364046121444)	(38.0, 12.148775529804299)	(39.0, 10.88990786909097)	(40.0, 9.693562131725558)	(41.0, 10.239361603538299)	(42.0, 6.33789744967716)	(43.0, 4.802172419841468)	(44.0, 2.3915890607763157)	(45.0, 2.715584415584416)	(46.0, 1.715151515151515)	(47.0, 1.1742424242424243)	(48.0, 0.8409090909090909)	(49.0, 1.952020202020202)	(50.0, 1.0)	(51.0, 0.4004329004329004)	(52.0, 0.0)	(53.0, 0.0)	(54.0, 0.0)	(55.0, 0.0)	(56.0, 0.0)	(57.0, 0.0)	(58.0, 0.0)	(59.0, 0.0)	(60.0, 0.0)	(61.0, 0.0)	(62.0, 0.0)	(63.0, 0.0)	(64.0, 0.0)	(65.0, 0.0)	(66.0, 0.0)	(67.0, 0.0)	(68.0, 0.0)	(69.0, 0.0)	(70.0, 0.0)	(71.0, 0.0)	(72.0, 0.0)	(73.0, 0.0)	(74.0, 0.0)	(75.0, 0.0)	(76.0, 0.0)	(77.0, 0.0)	(78.0, 0.0)	(79.0, 0.0)	(80.0, 0.0)	(81.0, 0.0)	(82.0, 0.0)	(83.0, 0.0)	(84.0, 0.0)	(85.0, 0.0)	(86.0, 0.0)	(87.0, 0.0)	(88.0, 0.0)	(89.0, 0.0)	(90.0, 0.0)	(91.0, 0.0)	(92.0, 0.0)	(93.0, 0.0)	(94.0, 0.0)	(95.0, 0.0)	(96.0, 0.0)	(97.0, 0.0)	(98.0, 0.0)	(99.0, 0.0)	(100.0, 0.0)
FAY99780_pass_barcode01_98e12ebb_5ad7f319_68	(0.0, 0.0)	(1.0, 0.0)	(2.0, 0.0)	(3.0, 0.0)	(4.0, 0.0)	(5.0, 0.0)	(6.0, 0.0)	(7.0, 0.0)	(8.0, 0.0)	(9.0, 0.0)	(10.0, 0.0)	(11.0, 0.0)	(12.0, 0.0)	(13.0, 0.0)	(14.0, 0.0)	(15.0, 0.0)	(16.0, 0.0)	(17.0, 0.0)	(18.0, 0.0)	(19.0, 0.0)	(20.0, 0.0)	(21.0, 0.0)	(22.0, 0.0)	(23.0, 0.0)	(24.0, 0.0)	(25.0, 0.3333333333333333)	(26.0, 0.3333333333333333)	(27.0, 0.29711751662971175)	(28.0, 0.35772357723577236)	(29.0, 0.7996448758743842)	(30.0, 0.6596020409396828)	(31.0, 0.7728767521060282)	(32.0, 1.9456879043057411)	(33.0, 2.46215277834465)	(34.0, 3.4138051396240225)	(35.0, 4.9363099805564525)	(36.0, 7.163244881717574)	(37.0, 9.721478691035783)	(38.0, 11.273910049941287)	(39.0, 14.094823017907858)	(40.0, 11.132939811244745)	(41.0, 8.235779141192397)	(42.0, 6.898124260403533)	(43.0, 4.6299853372434026)	(44.0, 4.281101904631316)	(45.0, 4.448917748917749)	(46.0, 1.2)	(47.0, 1.0)	(48.0, 1.25)	(49.0, 1.032258064516129)	(50.0, 1.3333333333333333)	(51.0, 1.9285714285714286)	(52.0, 1.5909090909090908)	(53.0, 1.0)	(54.0, 1.25)	(55.0, 1.25)	(56.0, 1.0)	(57.0, 1.0)	(58.0, 1.0)	(59.0, 1.0)	(60.0, 1.0)	(61.0, 1.0)	(62.0, 1.25)	(63.0, 0.75)	(64.0, 0.0)	(65.0, 0.0)	(66.0, 0.5)	(67.0, 0.5)	(68.0, 0.0)	(69.0, 0.0)	(70.0, 0.0)	(71.0, 0.0)	(72.0, 0.0)	(73.0, 0.0)	(74.0, 0.0)	(75.0, 0.0)	(76.0, 0.0)	(77.0, 0.0)	(78.0, 0.0)	(79.0, 0.0)	(80.0, 0.0)	(81.0, 0.0)	(82.0, 0.0)	(83.0, 0.0)	(84.0, 0.0)	(85.0, 0.0)	(86.0, 0.0)	(87.0, 0.0)	(88.0, 0.0)	(89.0, 0.0)	(90.0, 0.0)	(91.0, 0.0)	(92.0, 0.0)	(93.0, 0.0)	(94.0, 0.0)	(95.0, 0.0)	(96.0, 0.0)	(97.0, 0.0)	(98.0, 0.0)	(99.0, 0.0)	(100.0, 0.0)
FAY99780_pass_barcode01_98e12ebb_5ad7f319_69	(0.0, 0.0)	(1.0, 0.0)	(2.0, 0.0)	(3.0, 0.0)	(4.0, 0.0)	(5.0, 0.0)	(6.0, 0.0)	(7.0, 0.0)	(8.0, 0.0)	(9.0, 0.0)	(10.0, 0.0)	(11.0, 0.0)	(12.0, 0.0)	(13.0, 0.0)	(14.0, 0.0)	(15.0, 0.0)	(16.0, 0.0)	(17.0, 0.0)	(18.0, 0.0)	(19.0, 0.0)	(20.0, 0.0)	(21.0, 0.0)	(22.0, 0.0)	(23.0, 0.0)	(24.0, 0.0)	(25.0, 0.0)	(26.0, 0.0)	(27.0, 0.09090909090909091)	(28.0, 0.42857142857142855)	(29.0, 0.11051693404634581)	(30.0, 0.865357165022032)	(31.0, 1.846887488985308)	(32.0, 1.337586760531183)	(33.0, 3.344787188146047)	(34.0, 4.0684737536939135)	(35.0, 3.5674223868627806)	(36.0, 5.350303592048162)	(37.0, 9.696793344880717)	(38.0, 9.36335478879024)	(39.0, 10.490685130517917)	(40.0, 10.849822158749744)	(41.0, 7.485701222944561)	(42.0, 8.494673518502601)	(43.0, 6.025876062679581)	(44.0, 2.769119769119769)	(45.0, 1.6523070689737356)	(46.0, 1.9166666666666665)	(47.0, 0.5)	(48.0, 0.5974178403755868)	(49.0, 0.6742424242424243)	(50.0, 0.13852813852813853)	(51.0, 0.0)	(52.0, 0.16666666666666666)	(53.0, 0.0)	(54.0, 0.0)	(55.0, 0.0)	(56.0, 0.0)	(57.0, 0.0)	(58.0, 0.0)	(59.0, 0.0)	(60.0, 0.0)	(61.0, 0.0)	(62.0, 0.3333333333333333)	(63.0, 0.3333333333333333)	(64.0, 0.0)	(65.0, 0.0)	(66.0, 0.0)	(67.0, 0.0)	(68.0, 0.0)	(69.0, 0.0)	(70.0, 0.0)	(71.0, 0.0)	(72.0, 0.0)	(73.0, 0.0)	(74.0, 0.0)	(75.0, 0.0)	(76.0, 0.0)	(77.0, 0.0)	(78.0, 0.0)	(79.0, 0.0)	(80.0, 0.0)	(81.0, 0.0)	(82.0, 0.0)	(83.0, 0.0)	(84.0, 0.0)	(85.0, 0.0)	(86.0, 0.0)	(87.0, 0.0)	(88.0, 0.0)	(89.0, 0.0)	(90.0, 0.0)	(91.0, 0.0)	(92.0, 0.0)	(93.0, 0.0)	(94.0, 0.0)	(95.0, 0.0)	(96.0, 0.0)	(97.0, 0.0)	(98.0, 0.0)	(99.0, 0.0)	(100.0, 0.0)
FAY99780_pass_barcode01_98e12ebb_5ad7f319_7	(0.0, 0.0)	(1.0, 0.0)	(2.0, 0.0)	(3.0, 0.0)	(4.0, 0.0)	(5.0, 0.0)	(6.0, 0.0)	(7.0, 0.0)	(8.0, 0.0)	(9.0, 0.0)	(10.0, 0.0)	(11.0, 0.0)	(12.0, 0.0)	(13.0, 0.0)	(14.0, 0.0)	(15.0, 0.0)	(16.0, 0.0)	(17.0, 0.0)	(18.0, 0.0)	(19.0, 0.0)	(20.0, 0.0)	(21.0, 0.2)	(22.0, 0.0)	(23.0, 0.1)	(24.0, 0.0)	(25.0, 0.047619047619047616)	(26.0, 0.2159090909090909)	(27.0, 0.6176046176046176)	(28.0, 0.81068524970964)	(29.0, 1.5371796456672184)	(30.0, 2.1829875997766326)	(31.0, 3.0036685974163584)	(32.0, 3.6767173894266274)	(33.0, 4.266100629585985)	(34.0, 5.781266341467441)	(35.0, 9.027557626482217)	(36.0, 10.191336799637478)	(37.0, 16.28667706871028)	(38.0, 15.371246884461817)	(39.0, 15.794618375984845)	(40.0, 12.35277489538922)	(41.0, 10.081862771841363)	(42.0, 7.830593830460651)	(43.0, 5.147215372762142)	(44.0, 2.724105106363171)	(45.0, 2.6142857142857148)	(46.0, 4.112537136066548)	(47.0, 2.9634581105169335)	(48.0, 1.45)	(49.0, 1.3655913978494623)	(50.0, 0.61529933481153)	(51.0, 0.782258064516129)	(52.0, 0.5)	(53.0, 0.2909090909090909)	(54.0, 0.09090909090909091)	(55.0, 0.0)	(56.0, 0.0)	(57.0, 0.0)	(58.0, 0.0)	(59.0, 0.0)	(60.0, 0.0)	(61.0, 0.0)	(62.0, 0.0)	(63.0, 0.3333333333333333)	(64.0, 0.3333333333333333)	(65.0, 0.2)	(66.0, 0.0)	(67.0, 0.0)	(68.0, 0.0)	(69.0, 0.0)	(70.0, 0.0)	(71.0, 0.0)	(72.0, 0.0)	(73.0, 0.0)	(74.0, 0.0)	(75.0, 0.0)	(76.0, 0.0)	(77.0, 0.0)	(78.0, 0.0)	(79.0, 0.0)	(80.0, 0.0)	(81.0, 0.0)	(82.0, 0.0)	(83.0, 0.0)	(84.0, 0.0)	(85.0, 0.0)	(86.0, 0.0)	(87.0, 0.0)	(88.0, 0.0)	(89.0, 0.0)	(90.0, 0.0)	(91.0, 0.0)	(92.0, 0.0)	(93.0, 0.0)	(94.0, 0.0)	(95.0, 0.0)	(96.0, 0.0)	(97.0, 0.0)	(98.0, 0.0)	(99.0, 0.0)	(100.0, 0.0)
FAY99780_pass_barcode01_98e12ebb_5ad7f319_70	(0.0, 0.0)	(1.0, 0.0)	(2.0, 0.0)	(3.0, 0.0)	(4.0, 0.0)	(5.0, 0.0)	(6.0, 0.0)	(7.0, 0.0)	(8.0, 0.0)	(9.0, 0.0)	(10.0, 0.0)	(11.0, 0.0)	(12.0, 0.0)	(13.0, 0.0)	(14.0, 0.0)	(15.0, 0.0)	(16.0, 0.0)	(17.0, 0.0)	(18.0, 0.0)	(19.0, 0.0)	(20.0, 0.0)	(21.0, 0.0)	(22.0, 0.0)	(23.0, 0.2)	(24.0, 0.0)	(25.0, 0.0)	(26.0, 0.5)	(27.0, 0.6105169340463459)	(28.0, 0.37254901960784315)	(29.0, 0.7308907326609924)	(30.0, 1.615309011204954)	(31.0, 1.2214910881515246)	(32.0, 2.233777468039824)	(33.0, 2.0141235526369274)	(34.0, 2.691249789838087)	(35.0, 4.762434752549046)	(36.0, 5.2194901165430005)	(37.0, 6.743829353972995)	(38.0, 12.072011043971804)	(39.0, 10.889030670760329)	(40.0, 6.974178029066426)	(41.0, 4.632309217456712)	(42.0, 4.2347428427561855)	(43.0, 3.6466450216450212)	(44.0, 2.328968253968254)	(45.0, 2.740909090909091)	(46.0, 1.9999999999999998)	(47.0, 0.8333333333333333)	(48.0, 0.0)	(49.0, 0.3333333333333333)	(50.0, 0.20634920634920634)	(51.0, 0.5833333333333333)	(52.0, 0.25)	(53.0, 0.6)	(54.0, 0.75)	(55.0, 0.0)	(56.0, 0.0)	(57.0, 0.16666666666666666)	(58.0, 0.7)	(59.0, 0.5)	(60.0, 0.0)	(61.0, 0.0)	(62.0, 0.0)	(63.0, 0.0)	(64.0, 0.0)	(65.0, 0.0)	(66.0, 0.0)	(67.0, 0.0)	(68.0, 0.0)	(69.0, 0.0)	(70.0, 0.0)	(71.0, 0.0)	(72.0, 0.0)	(73.0, 0.0)	(74.0, 0.0)	(75.0, 0.0)	(76.0, 0.0)	(77.0, 0.0)	(78.0, 0.0)	(79.0, 0.0)	(80.0, 0.0)	(81.0, 0.0)	(82.0, 0.0)	(83.0, 0.0)	(84.0, 0.0)	(85.0, 0.0)	(86.0, 0.0)	(87.0, 0.0)	(88.0, 0.0)	(89.0, 0.0)	(90.0, 0.0)	(91.0, 0.0)	(92.0, 0.0)	(93.0, 0.0)	(94.0, 0.0)	(95.0, 0.0)	(96.0, 0.0)	(97.0, 0.0)	(98.0, 0.0)	(99.0, 0.0)	(100.0, 0.0)
FAY99780_pass_barcode01_98e12ebb_5ad7f319_71	(0.0, 1.0)	(1.0, 1.0)	(2.0, 1.0)	(3.0, 1.0)	(4.0, 1.0)	(5.0, 1.0)	(6.0, 1.0)	(7.0, 1.0)	(8.0, 1.0)	(9.0, 1.0)	(10.0, 1.0)	(11.0, 1.0)	(12.0, 1.0)	(13.0, 1.0)	(14.0, 1.0)	(15.0, 1.0)	(16.0, 1.0)	(17.0, 1.0)	(18.0, 1.0)	(19.0, 1.0)	(20.0, 1.0)	(21.0, 1.5)	(22.0, 2.0)	(23.0, 2.0)	(24.0, 1.6)	(25.0, 1.1)	(26.0, 1.0)	(27.0, 1.0392156862745099)	(28.0, 1.1428571428571428)	(29.0, 1.6385281385281385)	(30.0, 2.109996064541519)	(31.0, 1.679272119047971)	(32.0, 3.104292056987305)	(33.0, 2.9741792677658685)	(34.0, 4.235166351122438)	(35.0, 6.012278169041384)	(36.0, 9.16310571084305)	(37.0, 10.156218037393336)	(38.0, 11.056142137019389)	(39.0, 10.078902177580467)	(40.0, 8.516876027917585)	(41.0, 7.293651229640467)	(42.0, 4.178702913327325)	(43.0, 3.1244377983625293)	(44.0, 1.8405913978494624)	(45.0, 1.4976190476190476)	(46.0, 1.45)	(47.0, 2.2261904761904763)	(48.0, 1.8333333333333333)	(49.0, 1.0)	(50.0, 0.8577235772357723)	(51.0, 0.047619047619047616)	(52.0, 0.0)	(53.0, 0.0)	(54.0, 0.0)	(55.0, 0.25)	(56.0, 0.0)	(57.0, 0.0)	(58.0, 0.0)	(59.0, 0.0)	(60.0, 0.0)	(61.0, 0.5)	(62.0, 0.5)	(63.0, 0.0)	(64.0, 0.0)	(65.0, 0.2)	(66.0, 0.0)	(67.0, 0.0)	(68.0, 0.0)	(69.0, 0.0)	(70.0, 0.0)	(71.0, 0.0)	(72.0, 0.0)	(73.0, 0.0)	(74.0, 0.0)	(75.0, 0.0)	(76.0, 0.0)	(77.0, 0.0)	(78.0, 0.0)	(79.0, 0.0)	(80.0, 0.0)	(81.0, 0.0)	(82.0, 0.0)	(83.0, 0.0)	(84.0, 0.0)	(85.0, 0.0)	(86.0, 0.0)	(87.0, 0.0)	(88.0, 0.0)	(89.0, 0.0)	(90.0, 0.0)	(91.0, 0.0)	(92.0, 0.0)	(93.0, 0.0)	(94.0, 0.0)	(95.0, 0.0)	(96.0, 0.0)	(97.0, 0.0)	(98.0, 0.0)	(99.0, 0.0)	(100.0, 0.0)
FAY99780_pass_barcode01_98e12ebb_5ad7f319_72	(0.0, 0.0)	(1.0, 0.0)	(2.0, 0.0)	(3.0, 0.0)	(4.0, 0.0)	(5.0, 0.0)	(6.0, 0.0)	(7.0, 0.0)	(8.0, 0.0)	(9.0, 0.0)	(10.0, 0.0)	(11.0, 0.0)	(12.0, 0.0)	(13.0, 0.0)	(14.0, 0.0)	(15.0, 0.0)	(16.0, 0.0)	(17.0, 0.0)	(18.0, 0.0)	(19.0, 0.0)	(20.0, 0.0)	(21.0, 0.0)	(22.0, 0.0)	(23.0, 0.0)	(24.0, 0.0)	(25.0, 0.0)	(26.0, 0.047619047619047616)	(27.0, 0.18181818181818182)	(28.0, 0.5068181818181818)	(29.0, 0.047619047619047616)	(30.0, 0.26164190636991247)	(31.0, 1.1244066211116437)	(32.0, 1.0832835417711142)	(33.0, 1.4774380793465562)	(34.0, 2.0894073606017627)	(35.0, 5.15508236754183)	(36.0, 5.359775022103325)	(37.0, 6.847158648717859)	(38.0, 8.768133988996935)	(39.0, 8.5157848165138)	(40.0, 6.830993157969974)	(41.0, 5.1198416359884025)	(42.0, 5.317386189840331)	(43.0, 4.472409579667644)	(44.0, 3.032251082251082)	(45.0, 2.0928571428571425)	(46.0, 0.9166666666666666)	(47.0, 0.6742424242424243)	(48.0, 0.6666666666666666)	(49.0, 0.3655913978494624)	(50.0, 0.6029411764705882)	(51.0, 0.8885281385281386)	(52.0, 0.5)	(53.0, 0.0)	(54.0, 0.0)	(55.0, 0.0)	(56.0, 0.0)	(57.0, 0.0)	(58.0, 0.0)	(59.0, 0.0)	(60.0, 0.0)	(61.0, 0.0)	(62.0, 0.5)	(63.0, 0.5)	(64.0, 0.0)	(65.0, 0.0)	(66.0, 0.0)	(67.0, 0.0)	(68.0, 0.0)	(69.0, 0.0)	(70.0, 0.0)	(71.0, 0.0)	(72.0, 0.0)	(73.0, 0.0)	(74.0, 0.0)	(75.0, 0.0)	(76.0, 0.0)	(77.0, 0.0)	(78.0, 0.0)	(79.0, 0.0)	(80.0, 0.0)	(81.0, 0.0)	(82.0, 0.0)	(83.0, 0.0)	(84.0, 0.0)	(85.0, 0.0)	(86.0, 0.0)	(87.0, 0.0)	(88.0, 0.0)	(89.0, 0.0)	(90.0, 0.0)	(91.0, 0.0)	(92.0, 0.0)	(93.0, 0.0)	(94.0, 0.0)	(95.0, 0.0)	(96.0, 0.0)	(97.0, 0.0)	(98.0, 0.0)	(99.0, 0.0)	(100.0, 0.0)
FAY99780_pass_barcode01_98e12ebb_5ad7f319_73	(0.0, 0.0)	(1.0, 0.0)	(2.0, 0.0)	(3.0, 0.0)	(4.0, 0.0)	(5.0, 0.0)	(6.0, 0.0)	(7.0, 0.0)	(8.0, 0.0)	(9.0, 0.0)	(10.0, 0.0)	(11.0, 0.0)	(12.0, 0.0)	(13.0, 0.0)	(14.0, 0.0)	(15.0, 0.0)	(16.0, 0.0)	(17.0, 0.0)	(18.0, 0.0)	(19.0, 0.0)	(20.0, 0.0)	(21.0, 0.0)	(22.0, 0.0)	(23.0, 0.0)	(24.0, 0.0)	(25.0, 0.0)	(26.0, 0.0)	(27.0, 0.1111111111111111)	(28.0, 0.9444444444444444)	(29.0, 1.0833333333333333)	(30.0, 0.2904978442252758)	(31.0, 0.49708435486144237)	(32.0, 0.8291864038750392)	(33.0, 1.3942521162129926)	(34.0, 3.6665650535070835)	(35.0, 5.460195387235907)	(36.0, 6.1085431283496705)	(37.0, 7.846174846193538)	(38.0, 8.131137859474478)	(39.0, 7.273179297379725)	(40.0, 7.842212817186423)	(41.0, 6.3024608701328955)	(42.0, 5.313608586802865)	(43.0, 2.7228870802400214)	(44.0, 1.941399821552493)	(45.0, 1.0166666666666666)	(46.0, 1.7666666666666666)	(47.0, 1.0)	(48.0, 0.6666666666666666)	(49.0, 1.3333333333333333)	(50.0, 1.0909090909090908)	(51.0, 0.27439024390243905)	(52.0, 0.34090909090909094)	(53.0, 0.09090909090909091)	(54.0, 0.3333333333333333)	(55.0, 0.0)	(56.0, 0.3333333333333333)	(57.0, 0.0)	(58.0, 0.0)	(59.0, 0.0)	(60.0, 0.0)	(61.0, 0.0)	(62.0, 0.0)	(63.0, 0.0)	(64.0, 0.0)	(65.0, 0.0)	(66.0, 0.0)	(67.0, 0.0)	(68.0, 0.0)	(69.0, 0.0)	(70.0, 0.0)	(71.0, 0.0)	(72.0, 0.0)	(73.0, 0.0)	(74.0, 0.0)	(75.0, 0.0)	(76.0, 0.0)	(77.0, 0.0)	(78.0, 0.0)	(79.0, 0.0)	(80.0, 0.0)	(81.0, 0.0)	(82.0, 0.0)	(83.0, 0.0)	(84.0, 0.0)	(85.0, 0.0)	(86.0, 0.0)	(87.0, 0.0)	(88.0, 0.0)	(89.0, 0.0)	(90.0, 0.0)	(91.0, 0.0)	(92.0, 0.0)	(93.0, 0.0)	(94.0, 0.0)	(95.0, 0.0)	(96.0, 0.0)	(97.0, 0.0)	(98.0, 0.0)	(99.0, 0.0)	(100.0, 0.0)
FAY99780_pass_barcode01_98e12ebb_5ad7f319_74	(0.0, 0.0)	(1.0, 0.0)	(2.0, 0.0)	(3.0, 0.0)	(4.0, 0.0)	(5.0, 0.0)	(6.0, 0.0)	(7.0, 0.0)	(8.0, 0.0)	(9.0, 0.0)	(10.0, 0.0)	(11.0, 0.0)	(12.0, 0.0)	(13.0, 0.0)	(14.0, 0.0)	(15.0, 0.0)	(16.0, 0.0)	(17.0, 0.0)	(18.0, 0.0)	(19.0, 0.0)	(20.0, 0.0)	(21.0, 0.0)	(22.0, 0.0)	(23.0, 0.0)	(24.0, 0.0)	(25.0, 0.3333333333333333)	(26.0, 0.0)	(27.0, 0.0)	(28.0, 0.6105169340463459)	(29.0, 0.7)	(30.0, 0.44029933481152994)	(31.0, 0.31102182943350026)	(32.0, 0.6556187109649224)	(33.0, 1.573086700068856)	(34.0, 1.9551330906648514)	(35.0, 2.7100855648675166)	(36.0, 6.954069351297574)	(37.0, 8.105097241552174)	(38.0, 8.641629209020563)	(39.0, 9.53210164835207)	(40.0, 7.985845291223832)	(41.0, 5.191413004714296)	(42.0, 2.9477990773766174)	(43.0, 3.3733170818046543)	(44.0, 2.382575757575758)	(45.0, 0.1111111111111111)	(46.0, 0.25)	(47.0, 0.35)	(48.0, 0.39285714285714285)	(49.0, 0.09090909090909091)	(50.0, 0.24761904761904763)	(51.0, 0.3333333333333333)	(52.0, 0.9242424242424243)	(53.0, 0.5)	(54.0, 0.3333333333333333)	(55.0, 0.8333333333333333)	(56.0, 0.5)	(57.0, 0.0)	(58.0, 0.0)	(59.0, 0.0)	(60.0, 0.0)	(61.0, 0.0)	(62.0, 0.0)	(63.0, 0.0)	(64.0, 0.0)	(65.0, 0.0)	(66.0, 0.0)	(67.0, 0.0)	(68.0, 0.0)	(69.0, 0.5)	(70.0, 0.5)	(71.0, 0.0)	(72.0, 0.0)	(73.0, 0.0)	(74.0, 0.0)	(75.0, 0.0)	(76.0, 0.0)	(77.0, 0.0)	(78.0, 0.0)	(79.0, 0.0)	(80.0, 0.0)	(81.0, 0.0)	(82.0, 0.0)	(83.0, 0.0)	(84.0, 0.0)	(85.0, 0.0)	(86.0, 0.0)	(87.0, 0.0)	(88.0, 0.0)	(89.0, 0.0)	(90.0, 0.0)	(91.0, 0.0)	(92.0, 0.0)	(93.0, 0.0)	(94.0, 0.0)	(95.0, 0.0)	(96.0, 0.0)	(97.0, 0.0)	(98.0, 0.0)	(99.0, 0.0)	(100.0, 0.0)
FAY99780_pass_barcode01_98e12ebb_5ad7f319_75	(0.0, 0.0)	(1.0, 0.0)	(2.0, 0.0)	(3.0, 0.0)	(4.0, 0.0)	(5.0, 0.0)	(6.0, 0.0)	(7.0, 0.0)	(8.0, 0.0)	(9.0, 0.0)	(10.0, 0.0)	(11.0, 0.0)	(12.0, 0.0)	(13.0, 0.0)	(14.0, 0.0)	(15.0, 0.0)	(16.0, 0.0)	(17.0, 0.0)	(18.0, 0.0)	(19.0, 0.0)	(20.0, 0.25)	(21.0, 0.0)	(22.0, 0.0)	(23.0, 0.0)	(24.0, 0.14285714285714285)	(25.0, 0.14285714285714285)	(26.0, 0.13852813852813853)	(27.0, 0.09090909090909091)	(28.0, 0.0894351936644697)	(29.0, 0.3733268318144045)	(30.0, 0.7621938697516057)	(31.0, 0.44029610716070644)	(32.0, 1.3138708064107432)	(33.0, 2.0522308316993376)	(34.0, 3.3703210493525297)	(35.0, 4.368687109435735)	(36.0, 4.382846308595108)	(37.0, 7.072829263449026)	(38.0, 9.860505494496804)	(39.0, 7.451367862299963)	(40.0, 5.993151754291441)	(41.0, 3.449464220811343)	(42.0, 2.956415862367495)	(43.0, 1.2309917355371898)	(44.0, 1.081818181818182)	(45.0, 1.0818181818181818)	(46.0, 0.46071578694529514)	(47.0, 0.09090909090909091)	(48.0, 0.20620842572062084)	(49.0, 0.6833333333333332)	(50.0, 0.6309523809523809)	(51.0, 0.1111111111111111)	(52.0, 0.09090909090909091)	(53.0, 0.5)	(54.0, 1.0)	(55.0, 0.5)	(56.0, 0.0)	(57.0, 0.0)	(58.0, 0.0)	(59.0, 0.0)	(60.0, 0.0)	(61.0, 0.0)	(62.0, 0.0)	(63.0, 0.0)	(64.0, 0.0)	(65.0, 0.0)	(66.0, 0.0)	(67.0, 0.0)	(68.0, 0.0)	(69.0, 0.0)	(70.0, 0.0)	(71.0, 0.0)	(72.0, 0.0)	(73.0, 0.0)	(74.0, 0.0)	(75.0, 0.0)	(76.0, 0.0)	(77.0, 0.0)	(78.0, 0.0)	(79.0, 0.0)	(80.0, 0.0)	(81.0, 0.0)	(82.0, 0.0)	(83.0, 0.0)	(84.0, 0.0)	(85.0, 0.0)	(86.0, 0.0)	(87.0, 0.0)	(88.0, 0.0)	(89.0, 0.0)	(90.0, 0.0)	(91.0, 0.0)	(92.0, 0.0)	(93.0, 0.0)	(94.0, 0.0)	(95.0, 0.0)	(96.0, 0.0)	(97.0, 0.0)	(98.0, 0.0)	(99.0, 0.0)	(100.0, 0.0)
FAY99780_pass_barcode01_98e12ebb_5ad7f319_76	(0.0, 0.0)	(1.0, 0.0)	(2.0, 0.0)	(3.0, 0.0)	(4.0, 0.0)	(5.0, 0.0)	(6.0, 0.0)	(7.0, 0.0)	(8.0, 0.0)	(9.0, 0.0)	(10.0, 0.0)	(11.0, 0.0)	(12.0, 0.0)	(13.0, 0.0)	(14.0, 0.0)	(15.0, 0.0)	(16.0, 0.0)	(17.0, 0.0)	(18.0, 0.0)	(19.0, 0.0)	(20.0, 0.0)	(21.0, 0.0)	(22.0, 0.0)	(23.0, 0.0)	(24.0, 0.0)	(25.0, 0.0)	(26.0, 0.03225806451612903)	(27.0, 0.14285714285714285)	(28.0, 0.0)	(29.0, 0.10622710622710622)	(30.0, 0.8427749985624748)	(31.0, 0.8576690510910204)	(32.0, 1.8523146746294326)	(33.0, 4.096544816162044)	(34.0, 6.031556931750085)	(35.0, 5.105811599475394)	(36.0, 7.111877460521182)	(37.0, 7.634263676942498)	(38.0, 8.761708931398545)	(39.0, 11.144491980508223)	(40.0, 8.355611441477645)	(41.0, 6.70050093160312)	(42.0, 4.811909841866781)	(43.0, 1.1698908516444062)	(44.0, 1.665026110767814)	(45.0, 1.874242424242424)	(46.0, 0.8333333333333333)	(47.0, 1.0)	(48.0, 0.6910569105691057)	(49.0, 0.25)	(50.0, 0.2976190476190476)	(51.0, 0.5476190476190477)	(52.0, 1.8333333333333333)	(53.0, 2.0833333333333335)	(54.0, 0.5909090909090909)	(55.0, 0.0)	(56.0, 0.0)	(57.0, 0.0)	(58.0, 0.0)	(59.0, 0.0)	(60.0, 0.0)	(61.0, 0.0)	(62.0, 0.0)	(63.0, 0.14285714285714285)	(64.0, 0.25)	(65.0, 0.25)	(66.0, 0.0)	(67.0, 0.0)	(68.0, 0.0)	(69.0, 0.0)	(70.0, 0.0)	(71.0, 0.0)	(72.0, 0.0)	(73.0, 0.0)	(74.0, 0.0)	(75.0, 0.0)	(76.0, 0.0)	(77.0, 0.0)	(78.0, 0.0)	(79.0, 0.0)	(80.0, 0.0)	(81.0, 0.0)	(82.0, 0.0)	(83.0, 0.0)	(84.0, 0.0)	(85.0, 0.0)	(86.0, 0.0)	(87.0, 0.0)	(88.0, 0.0)	(89.0, 0.0)	(90.0, 0.0)	(91.0, 0.0)	(92.0, 0.0)	(93.0, 0.0)	(94.0, 0.0)	(95.0, 0.0)	(96.0, 0.0)	(97.0, 0.0)	(98.0, 0.0)	(99.0, 0.0)	(100.0, 0.0)
FAY99780_pass_barcode01_98e12ebb_5ad7f319_77	(0.0, 0.0)	(1.0, 0.0)	(2.0, 0.0)	(3.0, 0.0)	(4.0, 0.0)	(5.0, 0.0)	(6.0, 0.0)	(7.0, 0.0)	(8.0, 0.0)	(9.0, 0.0)	(10.0, 0.0)	(11.0, 0.0)	(12.0, 0.0)	(13.0, 0.0)	(14.0, 0.0)	(15.0, 0.0)	(16.0, 0.0)	(17.0, 0.0)	(18.0, 0.0)	(19.0, 0.0)	(20.0, 0.0)	(21.0, 0.0)	(22.0, 0.0)	(23.0, 0.0)	(24.0, 0.0)	(25.0, 0.0)	(26.0, 0.0)	(27.0, 0.0)	(28.0, 0.12369597615499256)	(29.0, 0.2014260249554367)	(30.0, 0.7411663380249768)	(31.0, 0.4467463163194042)	(32.0, 0.7655814036269445)	(33.0, 1.5792849041039119)	(34.0, 4.248712386688496)	(35.0, 5.776331811760074)	(36.0, 9.02799387617435)	(37.0, 8.34670838799524)	(38.0, 8.334112682084784)	(39.0, 7.91071598596348)	(40.0, 10.866209314605566)	(41.0, 7.467265936307894)	(42.0, 6.4235036160715095)	(43.0, 3.3786207597918674)	(44.0, 2.6195887445887447)	(45.0, 2.1655844155844157)	(46.0, 2.311111111111111)	(47.0, 1.1818181818181819)	(48.0, 0.0)	(49.0, 0.0)	(50.0, 0.0)	(51.0, 0.9583333333333333)	(52.0, 0.625)	(53.0, 0.0)	(54.0, 0.0)	(55.0, 0.5)	(56.0, 1.0)	(57.0, 0.5)	(58.0, 0.0)	(59.0, 0.5)	(60.0, 0.5)	(61.0, 0.5)	(62.0, 0.5)	(63.0, 0.0)	(64.0, 0.0)	(65.0, 0.0)	(66.0, 0.0)	(67.0, 0.0)	(68.0, 0.0)	(69.0, 0.0)	(70.0, 0.0)	(71.0, 0.2)	(72.0, 0.2)	(73.0, 0.0)	(74.0, 0.0)	(75.0, 0.0)	(76.0, 0.0)	(77.0, 0.0)	(78.0, 0.0)	(79.0, 0.0)	(80.0, 0.0)	(81.0, 0.0)	(82.0, 0.0)	(83.0, 0.0)	(84.0, 0.0)	(85.0, 0.0)	(86.0, 0.0)	(87.0, 0.0)	(88.0, 0.0)	(89.0, 0.0)	(90.0, 0.0)	(91.0, 0.0)	(92.0, 0.0)	(93.0, 0.0)	(94.0, 0.0)	(95.0, 0.0)	(96.0, 0.0)	(97.0, 0.0)	(98.0, 0.0)	(99.0, 0.0)	(100.0, 0.0)
FAY99780_pass_barcode01_98e12ebb_5ad7f319_78	(0.0, 0.0)	(1.0, 0.0)	(2.0, 0.0)	(3.0, 0.0)	(4.0, 0.0)	(5.0, 0.0)	(6.0, 0.0)	(7.0, 0.0)	(8.0, 0.0)	(9.0, 0.0)	(10.0, 0.0)	(11.0, 0.0)	(12.0, 0.0)	(13.0, 0.0)	(14.0, 0.0)	(15.0, 0.0)	(16.0, 0.0)	(17.0, 0.0)	(18.0, 0.0)	(19.0, 0.0)	(20.0, 0.0)	(21.0, 0.0)	(22.0, 0.0)	(23.0, 0.0)	(24.0, 0.0)	(25.0, 1.0)	(26.0, 2.25)	(27.0, 2.25)	(28.0, 1.1666666666666665)	(29.0, 1.6008100810081007)	(30.0, 2.148014990682952)	(31.0, 2.251783142993759)	(32.0, 1.5304199546485107)	(33.0, 2.3090700486582825)	(34.0, 4.908601187933206)	(35.0, 6.358474617225366)	(36.0, 10.49759377775249)	(37.0, 10.517172422957737)	(38.0, 12.89564662238491)	(39.0, 9.399637238446275)	(40.0, 9.184039461363977)	(41.0, 5.0874091973359805)	(42.0, 4.911794996013073)	(43.0, 2.331653182882691)	(44.0, 2.4075757575757577)	(45.0, 1.5075757575757573)	(46.0, 0.9914693149987268)	(47.0, 0.7575757575757576)	(48.0, 1.0)	(49.0, 1.004119536377601)	(50.0, 0.3333333333333333)	(51.0, 0.0)	(52.0, 0.2)	(53.0, 0.0)	(54.0, 0.0)	(55.0, 0.0)	(56.0, 0.0)	(57.0, 0.0)	(58.0, 0.0)	(59.0, 0.0)	(60.0, 0.0)	(61.0, 0.5)	(62.0, 0.5)	(63.0, 0.0)	(64.0, 0.0)	(65.0, 0.0)	(66.0, 0.0)	(67.0, 0.0)	(68.0, 0.0)	(69.0, 0.0)	(70.0, 0.0)	(71.0, 0.0)	(72.0, 0.0)	(73.0, 0.0)	(74.0, 0.0)	(75.0, 0.0)	(76.0, 0.0)	(77.0, 0.0)	(78.0, 0.0)	(79.0, 0.0)	(80.0, 0.0)	(81.0, 0.0)	(82.0, 0.0)	(83.0, 0.0)	(84.0, 0.0)	(85.0, 0.0)	(86.0, 0.0)	(87.0, 0.0)	(88.0, 0.0)	(89.0, 0.0)	(90.0, 0.0)	(91.0, 0.0)	(92.0, 0.0)	(93.0, 0.0)	(94.0, 0.0)	(95.0, 0.0)	(96.0, 0.0)	(97.0, 0.0)	(98.0, 0.0)	(99.0, 0.0)	(100.0, 0.0)
FAY99780_pass_barcode01_98e12ebb_5ad7f319_79	(0.0, 0.0)	(1.0, 0.0)	(2.0, 0.0)	(3.0, 0.0)	(4.0, 0.0)	(5.0, 0.0)	(6.0, 0.0)	(7.0, 0.0)	(8.0, 0.0)	(9.0, 0.0)	(10.0, 0.0)	(11.0, 0.0)	(12.0, 0.0)	(13.0, 0.0)	(14.0, 0.0)	(15.0, 0.0)	(16.0, 0.0)	(17.0, 0.0)	(18.0, 0.0)	(19.0, 0.0)	(20.0, 0.0)	(21.0, 0.0)	(22.0, 0.0)	(23.0, 0.0)	(24.0, 0.0)	(25.0, 0.0)	(26.0, 0.0)	(27.0, 0.07987711213517665)	(28.0, 0.09090909090909091)	(29.0, 0.21300923822504922)	(30.0, 0.2014260249554367)	(31.0, 0.21702679594163526)	(32.0, 1.1141644249737064)	(33.0, 1.4748617555126757)	(34.0, 1.2120791955437027)	(35.0, 4.551548709916641)	(36.0, 6.510790185814732)	(37.0, 7.799686275178804)	(38.0, 11.480485232056193)	(39.0, 10.072007555264657)	(40.0, 7.9088280514677525)	(41.0, 3.2617253783107163)	(42.0, 3.804055776770335)	(43.0, 3.721652003910068)	(44.0, 2.6865881032547696)	(45.0, 1.7575757575757576)	(46.0, 0.9166666666666665)	(47.0, 1.017247386759582)	(48.0, 0.5)	(49.0, 0.2)	(50.0, 0.09090909090909091)	(51.0, 0.12439024390243902)	(52.0, 0.14761904761904762)	(53.0, 0.3333333333333333)	(54.0, 0.3333333333333333)	(55.0, 0.2)	(56.0, 0.0)	(57.0, 0.0)	(58.0, 0.3333333333333333)	(59.0, 0.3333333333333333)	(60.0, 0.0)	(61.0, 0.0)	(62.0, 0.0)	(63.0, 0.0)	(64.0, 0.0)	(65.0, 0.0)	(66.0, 0.0)	(67.0, 0.0)	(68.0, 0.0)	(69.0, 0.0)	(70.0, 0.0)	(71.0, 0.0)	(72.0, 0.0)	(73.0, 0.0)	(74.0, 0.0)	(75.0, 0.0)	(76.0, 0.0)	(77.0, 0.0)	(78.0, 0.0)	(79.0, 0.0)	(80.0, 0.0)	(81.0, 0.0)	(82.0, 0.0)	(83.0, 0.0)	(84.0, 0.0)	(85.0, 0.0)	(86.0, 0.0)	(87.0, 0.0)	(88.0, 0.0)	(89.0, 0.0)	(90.0, 0.0)	(91.0, 0.0)	(92.0, 0.0)	(93.0, 0.0)	(94.0, 0.0)	(95.0, 0.0)	(96.0, 0.0)	(97.0, 0.0)	(98.0, 0.0)	(99.0, 0.0)	(100.0, 0.0)
FAY99780_pass_barcode01_98e12ebb_5ad7f319_8	(0.0, 0.0)	(1.0, 0.0)	(2.0, 0.0)	(3.0, 0.0)	(4.0, 0.0)	(5.0, 0.0)	(6.0, 0.0)	(7.0, 0.0)	(8.0, 0.0)	(9.0, 0.0)	(10.0, 0.0)	(11.0, 0.0)	(12.0, 0.0)	(13.0, 0.0)	(14.0, 0.0)	(15.0, 0.0)	(16.0, 0.0)	(17.0, 0.0)	(18.0, 0.0)	(19.0, 0.0)	(20.0, 0.0)	(21.0, 0.0)	(22.0, 0.0)	(23.0, 0.0)	(24.0, 0.16666666666666666)	(25.0, 0.047619047619047616)	(26.0, 0.2030442675603966)	(27.0, 0.8298771121351767)	(28.0, 1.1449729074289918)	(29.0, 2.16580438531658)	(30.0, 1.4924688829385924)	(31.0, 1.4191014495829604)	(32.0, 3.4130231034916023)	(33.0, 3.807216603212376)	(34.0, 5.092198089963405)	(35.0, 7.3785814023228635)	(36.0, 12.950778954267648)	(37.0, 15.115931580244208)	(38.0, 13.91823123342455)	(39.0, 15.56401493693099)	(40.0, 16.595752656784217)	(41.0, 17.27860821055215)	(42.0, 11.171280180844837)	(43.0, 6.393378321378089)	(44.0, 4.002453102453102)	(45.0, 3.5253968253968253)	(46.0, 2.681818181818182)	(47.0, 1.1013860943438407)	(48.0, 0.7003590168461751)	(49.0, 1.3253968253968254)	(50.0, 1.202020202020202)	(51.0, 1.272727272727273)	(52.0, 0.6428571428571428)	(53.0, 0.2)	(54.0, 0.2)	(55.0, 0.0)	(56.0, 0.0)	(57.0, 0.0)	(58.0, 0.0)	(59.0, 0.16666666666666666)	(60.0, 0.0)	(61.0, 0.0)	(62.0, 0.5)	(63.0, 0.5)	(64.0, 0.0)	(65.0, 0.0)	(66.0, 0.0)	(67.0, 0.0)	(68.0, 0.0)	(69.0, 0.0)	(70.0, 0.0)	(71.0, 0.0)	(72.0, 0.0)	(73.0, 0.0)	(74.0, 0.25)	(75.0, 0.0)	(76.0, 0.0)	(77.0, 0.0)	(78.0, 0.0)	(79.0, 0.0)	(80.0, 0.0)	(81.0, 0.0)	(82.0, 0.0)	(83.0, 0.0)	(84.0, 0.0)	(85.0, 0.0)	(86.0, 0.0)	(87.0, 0.0)	(88.0, 0.0)	(89.0, 0.0)	(90.0, 0.0)	(91.0, 0.0)	(92.0, 0.0)	(93.0, 0.0)	(94.0, 0.0)	(95.0, 0.0)	(96.0, 0.0)	(97.0, 0.0)	(98.0, 0.0)	(99.0, 0.0)	(100.0, 0.0)
FAY99780_pass_barcode01_98e12ebb_5ad7f319_80	(0.0, 0.0)	(1.0, 0.0)	(2.0, 0.0)	(3.0, 0.0)	(4.0, 0.0)	(5.0, 0.0)	(6.0, 0.0)	(7.0, 0.0)	(8.0, 0.0)	(9.0, 0.0)	(10.0, 0.0)	(11.0, 0.0)	(12.0, 0.0)	(13.0, 0.0)	(14.0, 0.0)	(15.0, 0.0)	(16.0, 0.0)	(17.0, 0.0)	(18.0, 0.0)	(19.0, 0.0)	(20.0, 0.0)	(21.0, 0.0)	(22.0, 0.0)	(23.0, 0.0)	(24.0, 0.0)	(25.0, 0.0)	(26.0, 0.0)	(27.0, 0.2976190476190476)	(28.0, 0.0)	(29.0, 0.30869566690731187)	(30.0, 0.6030010270586768)	(31.0, 1.0712156061008424)	(32.0, 1.4196337072811167)	(33.0, 2.550832200372898)	(34.0, 4.224436899540097)	(35.0, 3.555908258403882)	(36.0, 6.183950968132231)	(37.0, 8.975806907745676)	(38.0, 10.069826571605246)	(39.0, 6.068804157541442)	(40.0, 7.245597880332196)	(41.0, 5.69618709429568)	(42.0, 2.4323337341039935)	(43.0, 2.8266594516594514)	(44.0, 2.04500466853408)	(45.0, 2.257575757575758)	(46.0, 1.6666666666666665)	(47.0, 0.8333333333333333)	(48.0, 0.3655913978494624)	(49.0, 0.3333333333333333)	(50.0, 0.024390243902439025)	(51.0, 0.16666666666666666)	(52.0, 0.16666666666666666)	(53.0, 0.1111111111111111)	(54.0, 0.0)	(55.0, 0.0)	(56.0, 0.0)	(57.0, 0.0)	(58.0, 0.0)	(59.0, 0.0)	(60.0, 0.0)	(61.0, 0.0)	(62.0, 0.0)	(63.0, 0.0)	(64.0, 0.0)	(65.0, 0.0)	(66.0, 0.0)	(67.0, 0.0)	(68.0, 0.0)	(69.0, 0.0)	(70.0, 0.0)	(71.0, 0.0)	(72.0, 0.0)	(73.0, 0.0)	(74.0, 0.0)	(75.0, 0.0)	(76.0, 0.0)	(77.0, 0.0)	(78.0, 0.0)	(79.0, 0.0)	(80.0, 0.0)	(81.0, 0.0)	(82.0, 0.0)	(83.0, 0.0)	(84.0, 0.0)	(85.0, 0.0)	(86.0, 0.0)	(87.0, 0.0)	(88.0, 0.0)	(89.0, 0.0)	(90.0, 0.0)	(91.0, 0.0)	(92.0, 0.0)	(93.0, 0.0)	(94.0, 0.0)	(95.0, 0.0)	(96.0, 0.0)	(97.0, 0.0)	(98.0, 0.0)	(99.0, 0.0)	(100.0, 0.0)
FAY99780_pass_barcode01_98e12ebb_5ad7f319_81	(0.0, 0.0)	(1.0, 0.0)	(2.0, 0.0)	(3.0, 0.0)	(4.0, 0.0)	(5.0, 0.0)	(6.0, 0.0)	(7.0, 0.0)	(8.0, 0.0)	(9.0, 0.0)	(10.0, 0.0)	(11.0, 0.0)	(12.0, 0.0)	(13.0, 0.0)	(14.0, 0.0)	(15.0, 0.0)	(16.0, 0.0)	(17.0, 0.0)	(18.0, 0.0)	(19.0, 0.0)	(20.0, 0.0)	(21.0, 0.0)	(22.0, 0.0)	(23.0, 0.0)	(24.0, 0.0)	(25.0, 0.0)	(26.0, 0.09090909090909091)	(27.0, 0.11213517665130568)	(28.0, 0.09090909090909091)	(29.0, 0.16724738675958187)	(30.0, 0.04815611511230593)	(31.0, 1.2128972857443525)	(32.0, 1.201044064386107)	(33.0, 3.727040068290613)	(34.0, 5.949486001685175)	(35.0, 5.082403280575092)	(36.0, 7.369433914664616)	(37.0, 8.150427891306292)	(38.0, 7.123441839386059)	(39.0, 7.393507549121281)	(40.0, 4.455238228127486)	(41.0, 5.339367403069409)	(42.0, 6.870151851334645)	(43.0, 2.466139505655635)	(44.0, 3.0901515151515153)	(45.0, 2.608156477668673)	(46.0, 0.790909090909091)	(47.0, 0.2)	(48.0, 0.047619047619047616)	(49.0, 0.03225806451612903)	(50.0, 0.3136433459014104)	(51.0, 0.5909090909090909)	(52.0, 0.5)	(53.0, 0.09090909090909091)	(54.0, 0.0)	(55.0, 0.0)	(56.0, 0.0)	(57.0, 0.0)	(58.0, 0.0)	(59.0, 0.0)	(60.0, 0.0)	(61.0, 0.0)	(62.0, 0.0)	(63.0, 0.0)	(64.0, 0.0)	(65.0, 0.0)	(66.0, 0.0)	(67.0, 0.0)	(68.0, 0.0)	(69.0, 0.0)	(70.0, 0.0)	(71.0, 0.0)	(72.0, 0.0)	(73.0, 0.0)	(74.0, 0.3333333333333333)	(75.0, 0.0)	(76.0, 0.0)	(77.0, 0.0)	(78.0, 0.0)	(79.0, 0.0)	(80.0, 0.3333333333333333)	(81.0, 0.3333333333333333)	(82.0, 0.3333333333333333)	(83.0, 0.3333333333333333)	(84.0, 0.0)	(85.0, 0.0)	(86.0, 0.0)	(87.0, 0.0)	(88.0, 0.0)	(89.0, 0.0)	(90.0, 0.0)	(91.0, 0.0)	(92.0, 0.0)	(93.0, 0.0)	(94.0, 0.0)	(95.0, 0.0)	(96.0, 0.0)	(97.0, 0.0)	(98.0, 0.0)	(99.0, 0.0)	(100.0, 0.0)
FAY99780_pass_barcode01_98e12ebb_5ad7f319_82	(0.0, 0.0)	(1.0, 0.0)	(2.0, 0.0)	(3.0, 0.0)	(4.0, 0.0)	(5.0, 0.0)	(6.0, 0.0)	(7.0, 0.0)	(8.0, 0.0)	(9.0, 0.0)	(10.0, 0.0)	(11.0, 0.0)	(12.0, 0.0)	(13.0, 0.0)	(14.0, 0.0)	(15.0, 0.0)	(16.0, 0.0)	(17.0, 0.0)	(18.0, 0.0)	(19.0, 0.0)	(20.0, 0.0)	(21.0, 0.0)	(22.0, 0.0)	(23.0, 0.0)	(24.0, 0.0)	(25.0, 0.0)	(26.0, 0.16666666666666666)	(27.0, 0.8333333333333333)	(28.0, 0.6196283391405344)	(29.0, 0.05860805860805861)	(30.0, 1.0280887365763094)	(31.0, 1.638297494453453)	(32.0, 0.924570867086764)	(33.0, 1.6306228036217192)	(34.0, 3.384456262400948)	(35.0, 5.305618786590651)	(36.0, 6.953863719348437)	(37.0, 8.771784000981734)	(38.0, 10.249862672757)	(39.0, 9.093418195804087)	(40.0, 8.186432191656932)	(41.0, 6.55828184872782)	(42.0, 4.100043430912928)	(43.0, 4.089004153028543)	(44.0, 2.4218614718614715)	(45.0, 1.7216602646180108)	(46.0, 1.6666666666666665)	(47.0, 1.1944444444444444)	(48.0, 0.047619047619047616)	(49.0, 0.5476190476190477)	(50.0, 1.3333333333333333)	(51.0, 0.8333333333333333)	(52.0, 0.7294372294372294)	(53.0, 0.5)	(54.0, 0.0)	(55.0, 0.0)	(56.0, 0.0)	(57.0, 0.0)	(58.0, 0.0)	(59.0, 0.0)	(60.0, 0.0)	(61.0, 0.0)	(62.0, 0.0)	(63.0, 0.0)	(64.0, 0.0)	(65.0, 0.0)	(66.0, 0.0)	(67.0, 0.0)	(68.0, 0.0)	(69.0, 0.0)	(70.0, 0.0)	(71.0, 0.0)	(72.0, 0.0)	(73.0, 0.0)	(74.0, 0.0)	(75.0, 0.0)	(76.0, 0.0)	(77.0, 0.0)	(78.0, 0.0)	(79.0, 0.0)	(80.0, 0.0)	(81.0, 0.0)	(82.0, 0.0)	(83.0, 0.0)	(84.0, 0.0)	(85.0, 0.0)	(86.0, 0.0)	(87.0, 0.0)	(88.0, 0.0)	(89.0, 0.0)	(90.0, 0.0)	(91.0, 0.0)	(92.0, 0.0)	(93.0, 0.0)	(94.0, 0.0)	(95.0, 0.0)	(96.0, 0.0)	(97.0, 0.0)	(98.0, 0.0)	(99.0, 0.0)	(100.0, 0.0)
FAY99780_pass_barcode01_98e12ebb_5ad7f319_83	(0.0, 0.0)	(1.0, 0.0)	(2.0, 0.0)	(3.0, 0.0)	(4.0, 0.0)	(5.0, 0.0)	(6.0, 0.0)	(7.0, 0.0)	(8.0, 0.0)	(9.0, 0.0)	(10.0, 0.0)	(11.0, 0.0)	(12.0, 0.0)	(13.0, 0.0)	(14.0, 0.0)	(15.0, 0.0)	(16.0, 0.0)	(17.0, 0.0)	(18.0, 0.0)	(19.0, 0.0)	(20.0, 0.0)	(21.0, 0.0)	(22.0, 0.0)	(23.0, 0.0)	(24.0, 0.0)	(25.0, 0.0)	(26.0, 0.0)	(27.0, 0.0)	(28.0, 0.047619047619047616)	(29.0, 0.47186147186147187)	(30.0, 1.3185150562593846)	(31.0, 1.8678800763967804)	(32.0, 1.4765082388233113)	(33.0, 2.6873426232021376)	(34.0, 3.4652736292141606)	(35.0, 5.3369329382613)	(36.0, 7.317434356655336)	(37.0, 10.94451168130285)	(38.0, 11.501591270469605)	(39.0, 9.003551272830027)	(40.0, 7.679926685029937)	(41.0, 6.849919863610919)	(42.0, 4.664813449900555)	(43.0, 3.622374539041205)	(44.0, 2.936976911976912)	(45.0, 1.4916666666666667)	(46.0, 1.05)	(47.0, 0.09090909090909091)	(48.0, 0.0)	(49.0, 0.48983382209188653)	(50.0, 0.6444444444444444)	(51.0, 0.3333333333333333)	(52.0, 0.3333333333333333)	(53.0, 0.0)	(54.0, 0.0)	(55.0, 0.0)	(56.0, 0.0)	(57.0, 0.5)	(58.0, 0.5)	(59.0, 0.0)	(60.0, 0.0)	(61.0, 0.0)	(62.0, 0.0)	(63.0, 0.0)	(64.0, 0.0)	(65.0, 0.0)	(66.0, 0.0)	(67.0, 0.0)	(68.0, 0.0)	(69.0, 0.0)	(70.0, 0.0)	(71.0, 0.0)	(72.0, 0.0)	(73.0, 0.0)	(74.0, 0.0)	(75.0, 0.0)	(76.0, 0.0)	(77.0, 0.0)	(78.0, 0.0)	(79.0, 0.0)	(80.0, 0.0)	(81.0, 0.0)	(82.0, 0.0)	(83.0, 0.0)	(84.0, 0.0)	(85.0, 0.0)	(86.0, 0.0)	(87.0, 0.0)	(88.0, 0.0)	(89.0, 0.0)	(90.0, 0.0)	(91.0, 0.0)	(92.0, 0.0)	(93.0, 0.0)	(94.0, 0.0)	(95.0, 0.0)	(96.0, 0.0)	(97.0, 0.0)	(98.0, 0.0)	(99.0, 0.0)	(100.0, 0.0)
FAY99780_pass_barcode01_98e12ebb_5ad7f319_84	(0.0, 0.0)	(1.0, 0.0)	(2.0, 0.0)	(3.0, 0.0)	(4.0, 0.0)	(5.0, 0.0)	(6.0, 0.0)	(7.0, 0.0)	(8.0, 0.0)	(9.0, 0.0)	(10.0, 0.0)	(11.0, 0.0)	(12.0, 0.0)	(13.0, 0.0)	(14.0, 0.0)	(15.0, 0.0)	(16.0, 0.0)	(17.0, 0.0)	(18.0, 0.5)	(19.0, 0.5)	(20.0, 0.0)	(21.0, 0.0)	(22.0, 0.0)	(23.0, 0.0)	(24.0, 0.0)	(25.0, 0.0)	(26.0, 0.0)	(27.0, 0.34090909090909094)	(28.0, 0.6944444444444444)	(29.0, 0.18181818181818182)	(30.0, 0.35222845872712255)	(31.0, 1.0926373194075791)	(32.0, 1.3088437658607506)	(33.0, 1.379153631355513)	(34.0, 2.9704213852073384)	(35.0, 4.545570056792844)	(36.0, 7.255399488829232)	(37.0, 8.187102893942122)	(38.0, 9.763740171597266)	(39.0, 9.709728600939494)	(40.0, 5.474426897801589)	(41.0, 4.8072327156910095)	(42.0, 3.888437157498741)	(43.0, 2.949514899225114)	(44.0, 1.6937229437229437)	(45.0, 0.9232116244411327)	(46.0, 0.1111111111111111)	(47.0, 0.09090909090909091)	(48.0, 0.0)	(49.0, 0.0)	(50.0, 0.3333333333333333)	(51.0, 0.3333333333333333)	(52.0, 0.0)	(53.0, 0.25)	(54.0, 0.0)	(55.0, 0.0)	(56.0, 0.0)	(57.0, 0.0)	(58.0, 0.0)	(59.0, 0.0)	(60.0, 0.0)	(61.0, 0.0)	(62.0, 0.0)	(63.0, 0.0)	(64.0, 0.0)	(65.0, 0.0)	(66.0, 0.0)	(67.0, 0.0)	(68.0, 0.0)	(69.0, 0.0)	(70.0, 0.0)	(71.0, 0.0)	(72.0, 0.0)	(73.0, 0.0)	(74.0, 0.0)	(75.0, 0.0)	(76.0, 0.0)	(77.0, 0.0)	(78.0, 0.0)	(79.0, 0.0)	(80.0, 0.0)	(81.0, 0.0)	(82.0, 0.0)	(83.0, 0.0)	(84.0, 0.0)	(85.0, 0.0)	(86.0, 0.0)	(87.0, 0.0)	(88.0, 0.0)	(89.0, 0.0)	(90.0, 0.0)	(91.0, 0.0)	(92.0, 0.0)	(93.0, 0.0)	(94.0, 0.0)	(95.0, 0.0)	(96.0, 0.0)	(97.0, 0.0)	(98.0, 0.0)	(99.0, 0.0)	(100.0, 0.0)
FAY99780_pass_barcode01_98e12ebb_5ad7f319_85	(0.0, 0.0)	(1.0, 0.0)	(2.0, 0.0)	(3.0, 0.0)	(4.0, 0.0)	(5.0, 0.0)	(6.0, 0.0)	(7.0, 0.0)	(8.0, 0.0)	(9.0, 0.0)	(10.0, 0.0)	(11.0, 0.0)	(12.0, 0.0)	(13.0, 0.0)	(14.0, 0.0)	(15.0, 0.0)	(16.0, 0.0)	(17.0, 0.0)	(18.0, 0.0)	(19.0, 0.0)	(20.0, 0.0)	(21.0, 0.0)	(22.0, 0.0)	(23.0, 0.0)	(24.0, 0.0)	(25.0, 0.0)	(26.0, 0.18181818181818182)	(27.0, 0.22943722943722944)	(28.0, 0.6718614718614718)	(29.0, 0.48825491448442265)	(30.0, 0.39293467495165946)	(31.0, 0.23504665213414355)	(32.0, 1.345690006807805)	(33.0, 1.7418389796751848)	(34.0, 2.557076177594026)	(35.0, 3.8177173956031845)	(36.0, 5.4576943733373335)	(37.0, 7.682776158236796)	(38.0, 9.270902621212425)	(39.0, 8.274347371461905)	(40.0, 7.957561548243905)	(41.0, 7.034288506070587)	(42.0, 4.878963885317479)	(43.0, 3.824416568928764)	(44.0, 2.588786937699981)	(45.0, 1.1865881032547698)	(46.0, 0.9166666666666666)	(47.0, 0.6666666666666666)	(48.0, 0.7777777777777777)	(49.0, 0.14285714285714285)	(50.0, 0.3333333333333333)	(51.0, 0.4242424242424242)	(52.0, 0.0)	(53.0, 0.0)	(54.0, 0.0)	(55.0, 0.2)	(56.0, 0.0)	(57.0, 0.5)	(58.0, 1.0)	(59.0, 1.0)	(60.0, 1.0)	(61.0, 1.0)	(62.0, 1.0)	(63.0, 0.5)	(64.0, 0.125)	(65.0, 0.0)	(66.0, 0.0)	(67.0, 0.0)	(68.0, 0.0)	(69.0, 0.0)	(70.0, 0.0)	(71.0, 0.0)	(72.0, 0.0)	(73.0, 0.0)	(74.0, 0.0)	(75.0, 0.0)	(76.0, 0.0)	(77.0, 0.0)	(78.0, 0.0)	(79.0, 0.0)	(80.0, 0.0)	(81.0, 0.0)	(82.0, 0.0)	(83.0, 0.0)	(84.0, 0.0)	(85.0, 0.0)	(86.0, 0.0)	(87.0, 0.0)	(88.0, 0.0)	(89.0, 0.0)	(90.0, 0.0)	(91.0, 0.0)	(92.0, 0.0)	(93.0, 0.0)	(94.0, 0.0)	(95.0, 0.0)	(96.0, 0.0)	(97.0, 0.0)	(98.0, 0.0)	(99.0, 0.0)	(100.0, 0.0)
FAY99780_pass_barcode01_98e12ebb_5ad7f319_86	(0.0, 0.0)	(1.0, 0.0)	(2.0, 0.0)	(3.0, 0.0)	(4.0, 0.0)	(5.0, 0.0)	(6.0, 0.0)	(7.0, 0.0)	(8.0, 0.0)	(9.0, 0.0)	(10.0, 0.0)	(11.0, 0.0)	(12.0, 0.0)	(13.0, 0.0)	(14.0, 0.0)	(15.0, 0.0)	(16.0, 0.0)	(17.0, 0.0)	(18.0, 0.0)	(19.0, 0.0)	(20.0, 0.0)	(21.0, 0.0)	(22.0, 0.0)	(23.0, 0.0)	(24.0, 0.0)	(25.0, 0.19090909090909092)	(26.0, 0.0)	(27.0, 0.05186590765338393)	(28.0, 0.09090909090909091)	(29.0, 0.7041671516703527)	(30.0, 1.2832674571805007)	(31.0, 0.7805446315951362)	(32.0, 1.423596996756312)	(33.0, 2.3270423203038173)	(34.0, 4.741335441402431)	(35.0, 5.410778518094559)	(36.0, 7.903573111834431)	(37.0, 11.07856021844146)	(38.0, 11.323750670758656)	(39.0, 12.429523784506978)	(40.0, 7.7655770708636265)	(41.0, 6.9308776049986776)	(42.0, 4.870472418046723)	(43.0, 2.3511919261318095)	(44.0, 1.255952380952381)	(45.0, 2.4430926916221036)	(46.0, 1.5909090909090908)	(47.0, 0.7)	(48.0, 0.8428571428571429)	(49.0, 1.082972582972583)	(50.0, 0.13852813852813853)	(51.0, 1.0833333333333333)	(52.0, 1.0833333333333333)	(53.0, 0.9166666666666666)	(54.0, 0.5833333333333333)	(55.0, 0.3333333333333333)	(56.0, 0.3333333333333333)	(57.0, 0.0)	(58.0, 0.3333333333333333)	(59.0, 0.0)	(60.0, 0.0)	(61.0, 0.0)	(62.0, 0.0)	(63.0, 0.0)	(64.0, 0.0)	(65.0, 0.0)	(66.0, 0.0)	(67.0, 0.0)	(68.0, 0.0)	(69.0, 0.0)	(70.0, 0.0)	(71.0, 0.0)	(72.0, 0.0)	(73.0, 0.0)	(74.0, 0.0)	(75.0, 0.0)	(76.0, 0.0)	(77.0, 0.0)	(78.0, 0.0)	(79.0, 0.0)	(80.0, 0.0)	(81.0, 0.0)	(82.0, 0.0)	(83.0, 0.0)	(84.0, 0.0)	(85.0, 0.0)	(86.0, 0.0)	(87.0, 0.0)	(88.0, 0.0)	(89.0, 0.0)	(90.0, 0.0)	(91.0, 0.0)	(92.0, 0.0)	(93.0, 0.0)	(94.0, 0.0)	(95.0, 0.0)	(96.0, 0.0)	(97.0, 0.0)	(98.0, 0.0)	(99.0, 0.0)	(100.0, 0.0)
FAY99780_pass_barcode01_98e12ebb_5ad7f319_87	(0.0, 0.0)	(1.0, 0.0)	(2.0, 0.0)	(3.0, 0.0)	(4.0, 0.0)	(5.0, 0.0)	(6.0, 0.0)	(7.0, 0.0)	(8.0, 0.0)	(9.0, 0.0)	(10.0, 0.0)	(11.0, 0.0)	(12.0, 0.0)	(13.0, 0.0)	(14.0, 0.0)	(15.0, 0.0)	(16.0, 0.0)	(17.0, 0.0)	(18.0, 0.0)	(19.0, 0.0)	(20.0, 0.0)	(21.0, 0.0)	(22.0, 0.0)	(23.0, 0.0)	(24.0, 0.0)	(25.0, 0.0)	(26.0, 0.0)	(27.0, 0.5)	(28.0, 0.6385281385281385)	(29.0, 0.15149005087532535)	(30.0, 0.9212191425320113)	(31.0, 1.7487814314426002)	(32.0, 1.6249998702391648)	(33.0, 2.7404845135019227)	(34.0, 4.577501017958796)	(35.0, 4.161629098363886)	(36.0, 8.025764471089557)	(37.0, 9.219373295900485)	(38.0, 9.32123840847168)	(39.0, 9.433178434166866)	(40.0, 8.647731484603568)	(41.0, 6.4648455796561795)	(42.0, 6.77115076187201)	(43.0, 2.998628602356034)	(44.0, 2.352777777777778)	(45.0, 0.9825757575757574)	(46.0, 1.290151515151515)	(47.0, 1.1166666666666667)	(48.0, 0.3333333333333333)	(49.0, 0.3333333333333333)	(50.0, 0.0)	(51.0, 0.9242424242424243)	(52.0, 1.1666666666666665)	(53.0, 0.0)	(54.0, 0.0)	(55.0, 0.0)	(56.0, 0.0)	(57.0, 0.0)	(58.0, 0.0)	(59.0, 0.0)	(60.0, 0.0)	(61.0, 0.0)	(62.0, 0.0)	(63.0, 0.0)	(64.0, 0.0)	(65.0, 0.0)	(66.0, 0.0)	(67.0, 0.0)	(68.0, 0.0)	(69.0, 0.0)	(70.0, 0.0)	(71.0, 0.0)	(72.0, 0.0)	(73.0, 0.0)	(74.0, 0.0)	(75.0, 0.0)	(76.0, 0.0)	(77.0, 0.0)	(78.0, 0.0)	(79.0, 0.0)	(80.0, 0.0)	(81.0, 0.0)	(82.0, 0.0)	(83.0, 0.0)	(84.0, 0.0)	(85.0, 0.0)	(86.0, 0.0)	(87.0, 0.0)	(88.0, 0.0)	(89.0, 0.0)	(90.0, 0.0)	(91.0, 0.0)	(92.0, 0.0)	(93.0, 0.0)	(94.0, 0.0)	(95.0, 0.0)	(96.0, 0.0)	(97.0, 0.0)	(98.0, 0.0)	(99.0, 0.0)	(100.0, 0.0)
FAY99780_pass_barcode01_98e12ebb_5ad7f319_88	(0.0, 0.0)	(1.0, 0.0)	(2.0, 0.0)	(3.0, 0.0)	(4.0, 0.0)	(5.0, 0.0)	(6.0, 0.0)	(7.0, 0.0)	(8.0, 0.0)	(9.0, 0.0)	(10.0, 0.0)	(11.0, 0.0)	(12.0, 0.0)	(13.0, 0.0)	(14.0, 0.0)	(15.0, 0.0)	(16.0, 0.0)	(17.0, 0.0)	(18.0, 0.0)	(19.0, 0.0)	(20.0, 0.0)	(21.0, 0.0)	(22.0, 0.0)	(23.0, 0.0)	(24.0, 0.0)	(25.0, 0.0)	(26.0, 0.0)	(27.0, 0.0)	(28.0, 0.0)	(29.0, 1.0227272727272727)	(30.0, 1.1365385557258103)	(31.0, 0.41563744189949636)	(32.0, 1.1933165583044765)	(33.0, 2.583360347595229)	(34.0, 2.436757443902256)	(35.0, 4.610729958301934)	(36.0, 5.580738498039231)	(37.0, 7.806540399544412)	(38.0, 7.739789859914134)	(39.0, 6.614249499684631)	(40.0, 6.496594229164343)	(41.0, 4.137294519175517)	(42.0, 2.7260247290949726)	(43.0, 1.658008658008658)	(44.0, 1.3409090909090908)	(45.0, 0.8333333333333333)	(46.0, 0.4362745098039216)	(47.0, 0.0)	(48.0, 1.8333333333333333)	(49.0, 3.283333333333333)	(50.0, 1.4533740769034886)	(51.0, 0.09090909090909091)	(52.0, 0.25)	(53.0, 0.25)	(54.0, 0.0)	(55.0, 0.5)	(56.0, 0.5)	(57.0, 0.0)	(58.0, 0.0)	(59.0, 0.0)	(60.0, 0.0)	(61.0, 0.0)	(62.0, 0.0)	(63.0, 0.2)	(64.0, 0.0)	(65.0, 0.25)	(66.0, 0.0)	(67.0, 0.0)	(68.0, 0.0)	(69.0, 0.0)	(70.0, 0.0)	(71.0, 0.0)	(72.0, 0.0)	(73.0, 0.0)	(74.0, 0.0)	(75.0, 0.0)	(76.0, 0.0)	(77.0, 0.0)	(78.0, 0.0)	(79.0, 0.0)	(80.0, 0.0)	(81.0, 0.0)	(82.0, 0.0)	(83.0, 0.0)	(84.0, 0.0)	(85.0, 0.0)	(86.0, 0.0)	(87.0, 0.0)	(88.0, 0.0)	(89.0, 0.0)	(90.0, 0.0)	(91.0, 0.0)	(92.0, 0.0)	(93.0, 0.0)	(94.0, 0.0)	(95.0, 0.0)	(96.0, 0.0)	(97.0, 0.0)	(98.0, 0.0)	(99.0, 0.0)	(100.0, 0.0)
FAY99780_pass_barcode01_98e12ebb_5ad7f319_89	(0.0, 0.0)	(1.0, 0.0)	(2.0, 0.0)	(3.0, 0.0)	(4.0, 0.0)	(5.0, 0.0)	(6.0, 0.0)	(7.0, 0.0)	(8.0, 0.0)	(9.0, 0.0)	(10.0, 0.5)	(11.0, 1.0)	(12.0, 1.0)	(13.0, 1.0)	(14.0, 1.0)	(15.0, 1.0)	(16.0, 1.0)	(17.0, 1.0)	(18.0, 1.0)	(19.0, 1.0)	(20.0, 1.0)	(21.0, 1.0)	(22.0, 1.0)	(23.0, 1.0)	(24.0, 1.0)	(25.0, 1.0)	(26.0, 1.0)	(27.0, 1.282258064516129)	(28.0, 1.1152993348115299)	(29.0, 1.0476190476190477)	(30.0, 1.1385281385281385)	(31.0, 2.013083105829795)	(32.0, 0.8565389506272967)	(33.0, 2.4035287691662552)	(34.0, 3.4911014715474895)	(35.0, 6.172561478685015)	(36.0, 8.080445371340543)	(37.0, 9.186789307480943)	(38.0, 10.596195365731901)	(39.0, 9.181761805837558)	(40.0, 6.9919959950728305)	(41.0, 6.1964863360408815)	(42.0, 4.366443741743413)	(43.0, 4.464509146767211)	(44.0, 3.980120921787589)	(45.0, 1.1311479991057456)	(46.0, 0.8666666666666667)	(47.0, 0.9166666666666665)	(48.0, 1.0666666666666667)	(49.0, 0.0)	(50.0, 0.2)	(51.0, 0.9242424242424242)	(52.0, 0.5)	(53.0, 0.0)	(54.0, 0.3333333333333333)	(55.0, 0.3333333333333333)	(56.0, 0.0)	(57.0, 0.0)	(58.0, 0.0)	(59.0, 0.0)	(60.0, 0.0)	(61.0, 0.0)	(62.0, 0.0)	(63.0, 0.0)	(64.0, 0.0)	(65.0, 0.0)	(66.0, 0.0)	(67.0, 0.0)	(68.0, 0.0)	(69.0, 0.0)	(70.0, 0.0)	(71.0, 0.0)	(72.0, 0.0)	(73.0, 0.0)	(74.0, 0.0)	(75.0, 0.0)	(76.0, 0.0)	(77.0, 0.0)	(78.0, 0.0)	(79.0, 0.0)	(80.0, 0.0)	(81.0, 0.3333333333333333)	(82.0, 0.3333333333333333)	(83.0, 0.0)	(84.0, 0.0)	(85.0, 0.0)	(86.0, 0.0)	(87.0, 0.0)	(88.0, 0.0)	(89.0, 0.0)	(90.0, 0.0)	(91.0, 0.0)	(92.0, 0.0)	(93.0, 0.0)	(94.0, 0.0)	(95.0, 0.0)	(96.0, 0.0)	(97.0, 0.0)	(98.0, 0.0)	(99.0, 0.0)	(100.0, 0.0)
FAY99780_pass_barcode01_98e12ebb_5ad7f319_9	(0.0, 0.0)	(1.0, 0.0)	(2.0, 0.0)	(3.0, 0.0)	(4.0, 0.0)	(5.0, 0.0)	(6.0, 0.0)	(7.0, 0.0)	(8.0, 0.0)	(9.0, 0.0)	(10.0, 0.0)	(11.0, 0.0)	(12.0, 0.0)	(13.0, 0.0)	(14.0, 0.0)	(15.0, 0.0)	(16.0, 0.0)	(17.0, 0.0)	(18.0, 0.0)	(19.0, 0.0)	(20.0, 0.0)	(21.0, 0.0)	(22.0, 0.0)	(23.0, 0.0)	(24.0, 0.5)	(25.0, 0.75)	(26.0, 0.42078620304426756)	(27.0, 0.024390243902439025)	(28.0, 0.9141207153502235)	(29.0, 0.5720092915214866)	(30.0, 1.3509314762311475)	(31.0, 1.3797755994574918)	(32.0, 3.5893933165268113)	(33.0, 6.4525723380839555)	(34.0, 5.779216265466054)	(35.0, 8.335069703508271)	(36.0, 11.607382051817243)	(37.0, 14.754950307786023)	(38.0, 13.732583387099263)	(39.0, 12.956835661949839)	(40.0, 10.132280455057279)	(41.0, 8.616013534282247)	(42.0, 7.517115383401)	(43.0, 6.440699199790108)	(44.0, 3.4414141414141417)	(45.0, 1.9020202020202022)	(46.0, 1.3353535353535353)	(47.0, 0.6666666666666666)	(48.0, 0.4242424242424242)	(49.0, 0.38095238095238093)	(50.0, 0.18181818181818182)	(51.0, 0.0)	(52.0, 0.1)	(53.0, 0.1)	(54.0, 0.0)	(55.0, 0.0)	(56.0, 0.0)	(57.0, 0.0)	(58.0, 0.0)	(59.0, 0.0)	(60.0, 0.0)	(61.0, 0.0)	(62.0, 0.0)	(63.0, 0.0)	(64.0, 0.0)	(65.0, 0.0)	(66.0, 0.0)	(67.0, 0.0)	(68.0, 0.0)	(69.0, 0.0)	(70.0, 0.5)	(71.0, 1.0)	(72.0, 1.0)	(73.0, 1.0)	(74.0, 1.0)	(75.0, 1.0)	(76.0, 1.0)	(77.0, 1.0)	(78.0, 1.0)	(79.0, 1.0)	(80.0, 1.0)	(81.0, 1.0)	(82.0, 1.0)	(83.0, 1.0)	(84.0, 1.0)	(85.0, 1.0)	(86.0, 1.0)	(87.0, 1.0)	(88.0, 1.0)	(89.0, 1.0)	(90.0, 0.5)	(91.0, 0.0)	(92.0, 0.0)	(93.0, 0.0)	(94.0, 0.0)	(95.0, 0.0)	(96.0, 0.0)	(97.0, 0.0)	(98.0, 0.0)	(99.0, 0.0)	(100.0, 0.0)
FAY99780_pass_barcode01_98e12ebb_5ad7f319_90	(0.0, 0.0)	(1.0, 0.0)	(2.0, 0.0)	(3.0, 0.0)	(4.0, 0.0)	(5.0, 0.0)	(6.0, 0.0)	(7.0, 0.0)	(8.0, 0.0)	(9.0, 0.0)	(10.0, 0.0)	(11.0, 0.0)	(12.0, 0.0)	(13.0, 0.0)	(14.0, 0.0)	(15.0, 0.0)	(16.0, 0.0)	(17.0, 0.0)	(18.0, 0.0)	(19.0, 0.0)	(20.0, 0.0)	(21.0, 0.0)	(22.0, 0.0)	(23.0, 0.0)	(24.0, 0.0)	(25.0, 0.3333333333333333)	(26.0, 0.0)	(27.0, 0.0)	(28.0, 0.06722689075630252)	(29.0, 0.6715428964689224)	(30.0, 0.6504532696438521)	(31.0, 0.2748451296063951)	(32.0, 1.1557466408385313)	(33.0, 0.8428146242416703)	(34.0, 2.0135479620838423)	(35.0, 3.6591170192170663)	(36.0, 6.148439330438867)	(37.0, 9.43254157211778)	(38.0, 10.897187403057815)	(39.0, 12.15954596373811)	(40.0, 8.11798875029399)	(41.0, 5.210713174953)	(42.0, 3.7213054126681726)	(43.0, 1.7075757575757573)	(44.0, 1.0739247311827955)	(45.0, 0.7627705627705628)	(46.0, 0.8333333333333333)	(47.0, 1.010989010989011)	(48.0, 0.976190476190476)	(49.0, 0.7238095238095238)	(50.0, 0.3333333333333333)	(51.0, 0.3333333333333333)	(52.0, 0.0)	(53.0, 0.0)	(54.0, 0.0)	(55.0, 0.0)	(56.0, 0.0)	(57.0, 0.0)	(58.0, 0.0)	(59.0, 0.0)	(60.0, 0.0)	(61.0, 0.0)	(62.0, 0.0)	(63.0, 0.0)	(64.0, 0.0)	(65.0, 0.0)	(66.0, 0.0)	(67.0, 0.0)	(68.0, 0.0)	(69.0, 0.3333333333333333)	(70.0, 0.3333333333333333)	(71.0, 0.0)	(72.0, 0.0)	(73.0, 0.0)	(74.0, 0.0)	(75.0, 0.0)	(76.0, 0.0)	(77.0, 0.0)	(78.0, 0.0)	(79.0, 0.0)	(80.0, 0.0)	(81.0, 0.0)	(82.0, 0.0)	(83.0, 0.0)	(84.0, 0.0)	(85.0, 0.0)	(86.0, 0.0)	(87.0, 0.0)	(88.0, 0.0)	(89.0, 0.0)	(90.0, 0.0)	(91.0, 0.0)	(92.0, 0.0)	(93.0, 0.0)	(94.0, 0.0)	(95.0, 0.0)	(96.0, 0.0)	(97.0, 0.0)	(98.0, 0.0)	(99.0, 0.0)	(100.0, 0.0)
FAY99780_pass_barcode01_98e12ebb_5ad7f319_91	(0.0, 0.0)	(1.0, 0.0)	(2.0, 0.0)	(3.0, 0.0)	(4.0, 0.0)	(5.0, 0.0)	(6.0, 0.0)	(7.0, 0.0)	(8.0, 0.0)	(9.0, 0.0)	(10.0, 0.0)	(11.0, 0.0)	(12.0, 0.0)	(13.0, 0.0)	(14.0, 0.0)	(15.0, 0.0)	(16.0, 0.0)	(17.0, 0.0)	(18.0, 0.0)	(19.0, 0.0)	(20.0, 0.0)	(21.0, 0.0)	(22.0, 0.0)	(23.0, 0.0)	(24.0, 0.0)	(25.0, 0.0)	(26.0, 0.047619047619047616)	(27.0, 0.0)	(28.0, 0.01098901098901099)	(29.0, 0.282258064516129)	(30.0, 0.774390243902439)	(31.0, 1.0327998312909403)	(32.0, 1.2082113866368394)	(33.0, 1.3186905004313931)	(34.0, 3.0631737432778503)	(35.0, 3.358880705089185)	(36.0, 3.7880996546862336)	(37.0, 7.538853788983331)	(38.0, 10.00651279695116)	(39.0, 7.290439786823301)	(40.0, 7.43050198377945)	(41.0, 3.9948629773645488)	(42.0, 3.9655336693613457)	(43.0, 3.6504474991949247)	(44.0, 1.3261904761904764)	(45.0, 0.3333333333333333)	(46.0, 0.6073025335320418)	(47.0, 1.6166666666666665)	(48.0, 0.6309523809523809)	(49.0, 0.5)	(50.0, 0.5)	(51.0, 0.0)	(52.0, 0.0)	(53.0, 0.0)	(54.0, 0.0)	(55.0, 0.0)	(56.0, 0.0)	(57.0, 0.0)	(58.0, 0.0)	(59.0, 0.0)	(60.0, 0.0)	(61.0, 0.0)	(62.0, 0.0)	(63.0, 0.0)	(64.0, 0.0)	(65.0, 0.0)	(66.0, 0.0)	(67.0, 0.25)	(68.0, 0.0)	(69.0, 0.0)	(70.0, 0.0)	(71.0, 0.0)	(72.0, 0.0)	(73.0, 0.0)	(74.0, 0.0)	(75.0, 0.0)	(76.0, 0.0)	(77.0, 0.0)	(78.0, 0.0)	(79.0, 0.0)	(80.0, 0.0)	(81.0, 0.0)	(82.0, 0.0)	(83.0, 0.0)	(84.0, 0.0)	(85.0, 0.0)	(86.0, 0.0)	(87.0, 0.0)	(88.0, 0.0)	(89.0, 0.0)	(90.0, 0.0)	(91.0, 0.0)	(92.0, 0.0)	(93.0, 0.0)	(94.0, 0.0)	(95.0, 0.0)	(96.0, 0.0)	(97.0, 0.0)	(98.0, 0.0)	(99.0, 0.0)	(100.0, 0.0)
FAY99780_pass_barcode01_98e12ebb_5ad7f319_92	(0.0, 0.0)	(1.0, 0.0)	(2.0, 0.0)	(3.0, 0.0)	(4.0, 0.0)	(5.0, 0.0)	(6.0, 0.0)	(7.0, 0.0)	(8.0, 0.0)	(9.0, 0.5)	(10.0, 0.5)	(11.0, 0.0)	(12.0, 0.0)	(13.0, 0.0)	(14.0, 0.0)	(15.0, 0.0)	(16.0, 0.0)	(17.0, 0.0)	(18.0, 0.0)	(19.0, 0.0)	(20.0, 0.0)	(21.0, 0.0)	(22.0, 0.0)	(23.0, 0.3333333333333333)	(24.0, 0.5333333333333333)	(25.0, 0.2909090909090909)	(26.0, 0.09090909090909091)	(27.0, 0.0)	(28.0, 1.0639320029563932)	(29.0, 1.476108331895808)	(30.0, 1.0876486968787713)	(31.0, 0.2754393376884227)	(32.0, 0.8347216407959052)	(33.0, 1.558369963907358)	(34.0, 3.0511598571530456)	(35.0, 5.054797655808964)	(36.0, 5.907932647463658)	(37.0, 7.590554298493077)	(38.0, 7.309925179203384)	(39.0, 7.422269539202202)	(40.0, 6.633234110003634)	(41.0, 6.30554701716029)	(42.0, 4.278215687641511)	(43.0, 2.1320137999715465)	(44.0, 1.3991564243722352)	(45.0, 1.25)	(46.0, 0.6666666666666666)	(47.0, 0.3333333333333333)	(48.0, 0.3333333333333333)	(49.0, 0.3333333333333333)	(50.0, 0.4242424242424242)	(51.0, 0.0)	(52.0, 0.3333333333333333)	(53.0, 0.0)	(54.0, 0.14285714285714285)	(55.0, 0.0)	(56.0, 0.0)	(57.0, 0.0)	(58.0, 0.0)	(59.0, 0.0)	(60.0, 0.0)	(61.0, 0.0)	(62.0, 0.0)	(63.0, 0.0)	(64.0, 0.0)	(65.0, 0.0)	(66.0, 0.0)	(67.0, 0.0)	(68.0, 0.0)	(69.0, 0.0)	(70.0, 0.0)	(71.0, 0.0)	(72.0, 0.0)	(73.0, 0.0)	(74.0, 0.0)	(75.0, 0.0)	(76.0, 0.0)	(77.0, 0.0)	(78.0, 0.0)	(79.0, 0.0)	(80.0, 0.0)	(81.0, 0.0)	(82.0, 0.0)	(83.0, 0.0)	(84.0, 0.0)	(85.0, 0.0)	(86.0, 0.0)	(87.0, 0.0)	(88.0, 0.0)	(89.0, 0.0)	(90.0, 0.0)	(91.0, 0.0)	(92.0, 0.0)	(93.0, 0.0)	(94.0, 0.0)	(95.0, 0.0)	(96.0, 0.0)	(97.0, 0.0)	(98.0, 0.0)	(99.0, 0.0)	(100.0, 0.0)
FAY99780_pass_barcode01_98e12ebb_5ad7f319_93	(0.0, 0.0)	(1.0, 0.0)	(2.0, 0.0)	(3.0, 0.0)	(4.0, 0.0)	(5.0, 0.0)	(6.0, 0.0)	(7.0, 0.0)	(8.0, 0.0)	(9.0, 0.0)	(10.0, 0.0)	(11.0, 0.0)	(12.0, 0.0)	(13.0, 0.0)	(14.0, 0.0)	(15.0, 0.0)	(16.0, 0.0)	(17.0, 0.0)	(18.0, 0.0)	(19.0, 0.0)	(20.0, 0.0)	(21.0, 0.0)	(22.0, 0.0)	(23.0, 0.0)	(24.0, 0.5)	(25.0, 0.5)	(26.0, 0.0)	(27.0, 0.033692350179508425)	(28.0, 0.25)	(29.0, 0.13908450704225353)	(30.0, 0.9035200144355074)	(31.0, 0.503849502407246)	(32.0, 1.0969883106566696)	(33.0, 1.8218587909144388)	(34.0, 3.1307339156589804)	(35.0, 4.5992316697340305)	(36.0, 5.241986232757857)	(37.0, 7.650506234053609)	(38.0, 8.406537073063706)	(39.0, 7.176783096012882)	(40.0, 6.837518276426663)	(41.0, 3.854976009670968)	(42.0, 3.9607282502443786)	(43.0, 2.1144025813777265)	(44.0, 1.4)	(45.0, 2.340909090909091)	(46.0, 1.624242424242424)	(47.0, 0.25757575757575757)	(48.0, 0.5833333333333333)	(49.0, 0.0)	(50.0, 0.25)	(51.0, 0.0)	(52.0, 0.0)	(53.0, 0.0)	(54.0, 0.0)	(55.0, 0.0)	(56.0, 0.0)	(57.0, 0.0)	(58.0, 0.0)	(59.0, 0.0)	(60.0, 0.0)	(61.0, 0.0)	(62.0, 0.0)	(63.0, 0.0)	(64.0, 0.0)	(65.0, 0.0)	(66.0, 0.0)	(67.0, 0.0)	(68.0, 0.0)	(69.0, 0.0)	(70.0, 0.0)	(71.0, 0.0)	(72.0, 0.0)	(73.0, 0.0)	(74.0, 0.0)	(75.0, 0.0)	(76.0, 0.0)	(77.0, 0.0)	(78.0, 0.0)	(79.0, 0.0)	(80.0, 0.0)	(81.0, 0.0)	(82.0, 0.0)	(83.0, 0.0)	(84.0, 0.0)	(85.0, 0.0)	(86.0, 0.0)	(87.0, 0.0)	(88.0, 0.0)	(89.0, 0.0)	(90.0, 0.0)	(91.0, 0.0)	(92.0, 0.0)	(93.0, 0.0)	(94.0, 0.0)	(95.0, 0.0)	(96.0, 0.0)	(97.0, 0.0)	(98.0, 0.0)	(99.0, 0.0)	(100.0, 0.0)
FAY99780_pass_barcode01_98e12ebb_5ad7f319_94	(0.0, 0.0)	(1.0, 0.0)	(2.0, 0.0)	(3.0, 0.0)	(4.0, 0.0)	(5.0, 0.0)	(6.0, 0.0)	(7.0, 0.0)	(8.0, 0.0)	(9.0, 0.0)	(10.0, 0.0)	(11.0, 0.0)	(12.0, 0.0)	(13.0, 0.0)	(14.0, 0.0)	(15.0, 0.0)	(16.0, 0.0)	(17.0, 0.0)	(18.0, 0.0)	(19.0, 0.0)	(20.0, 0.0)	(21.0, 0.0)	(22.0, 0.5)	(23.0, 1.0)	(24.0, 1.0)	(25.0, 1.0)	(26.0, 1.0)	(27.0, 1.0)	(28.0, 1.0)	(29.0, 0.5599647266313933)	(30.0, 1.3283030667322393)	(31.0, 1.4724421919543869)	(32.0, 0.7270938465267688)	(33.0, 1.2729816734971557)	(34.0, 2.121399555726561)	(35.0, 2.771612308044657)	(36.0, 4.8244600504152855)	(37.0, 7.474056395533528)	(38.0, 7.488372188789206)	(39.0, 6.963220761276844)	(40.0, 6.129394389017154)	(41.0, 4.039235548259162)	(42.0, 3.830942132700705)	(43.0, 2.142857142857143)	(44.0, 2.6674767476747676)	(45.0, 1.5)	(46.0, 1.25)	(47.0, 0.5)	(48.0, 0.09090909090909091)	(49.0, 0.3333333333333333)	(50.0, 0.09090909090909091)	(51.0, 0.5)	(52.0, 0.5)	(53.0, 0.0)	(54.0, 0.0)	(55.0, 0.0)	(56.0, 0.0)	(57.0, 0.0)	(58.0, 0.0)	(59.0, 0.0)	(60.0, 0.0)	(61.0, 0.0)	(62.0, 0.0)	(63.0, 0.0)	(64.0, 0.5)	(65.0, 1.2)	(66.0, 1.4)	(67.0, 1.3333333333333333)	(68.0, 1.0)	(69.0, 1.0)	(70.0, 1.0)	(71.0, 1.0)	(72.0, 1.0)	(73.0, 1.0)	(74.0, 1.0)	(75.0, 1.0)	(76.0, 1.0)	(77.0, 1.0)	(78.0, 1.0)	(79.0, 0.5)	(80.0, 0.0)	(81.0, 0.0)	(82.0, 0.0)	(83.0, 0.0)	(84.0, 0.0)	(85.0, 0.0)	(86.0, 0.0)	(87.0, 0.0)	(88.0, 0.0)	(89.0, 0.0)	(90.0, 0.0)	(91.0, 0.0)	(92.0, 0.0)	(93.0, 0.0)	(94.0, 0.0)	(95.0, 0.0)	(96.0, 0.0)	(97.0, 0.0)	(98.0, 0.0)	(99.0, 0.0)	(100.0, 0.0)
FAY99780_pass_barcode01_98e12ebb_5ad7f319_95	(0.0, 0.0)	(1.0, 0.0)	(2.0, 0.0)	(3.0, 0.0)	(4.0, 0.0)	(5.0, 0.0)	(6.0, 0.0)	(7.0, 0.0)	(8.0, 0.0)	(9.0, 0.0)	(10.0, 0.0)	(11.0, 0.0)	(12.0, 0.0)	(13.0, 0.0)	(14.0, 0.0)	(15.0, 0.0)	(16.0, 0.0)	(17.0, 0.0)	(18.0, 0.0)	(19.0, 0.0)	(20.0, 0.0)	(21.0, 0.0)	(22.0, 0.0)	(23.0, 0.0)	(24.0, 0.0)	(25.0, 0.0)	(26.0, 0.0)	(27.0, 0.2)	(28.0, 0.047619047619047616)	(29.0, 0.12852861927425652)	(30.0, 0.24834722854524835)	(31.0, 0.41962031917309106)	(32.0, 1.9975648438300895)	(33.0, 2.4626487522597573)	(34.0, 3.4641553044741573)	(35.0, 5.010631399587342)	(36.0, 5.137997535368808)	(37.0, 8.174364900252764)	(38.0, 10.118775426540838)	(39.0, 8.702180134468653)	(40.0, 6.51293642159005)	(41.0, 3.0126919813996778)	(42.0, 3.2661687131587174)	(43.0, 4.07063871800714)	(44.0, 1.6203463203463204)	(45.0, 0.6670995670995671)	(46.0, 0.8333333333333333)	(47.0, 1.1666666666666665)	(48.0, 0.5)	(49.0, 0.7142857142857142)	(50.0, 0.6666666666666666)	(51.0, 0.0)	(52.0, 0.0)	(53.0, 0.0)	(54.0, 0.2)	(55.0, 0.0)	(56.0, 0.0)	(57.0, 0.0)	(58.0, 0.0)	(59.0, 0.0)	(60.0, 0.0)	(61.0, 0.0)	(62.0, 0.0)	(63.0, 0.0)	(64.0, 0.0)	(65.0, 0.0)	(66.0, 0.0)	(67.0, 0.0)	(68.0, 0.0)	(69.0, 0.0)	(70.0, 0.0)	(71.0, 0.0)	(72.0, 0.0)	(73.0, 0.0)	(74.0, 0.125)	(75.0, 0.0)	(76.0, 0.0)	(77.0, 0.0)	(78.0, 0.0)	(79.0, 0.0)	(80.0, 0.0)	(81.0, 0.0)	(82.0, 0.0)	(83.0, 0.0)	(84.0, 0.0)	(85.0, 0.0)	(86.0, 0.0)	(87.0, 0.0)	(88.0, 0.0)	(89.0, 0.0)	(90.0, 0.0)	(91.0, 0.0)	(92.0, 0.0)	(93.0, 0.0)	(94.0, 0.0)	(95.0, 0.0)	(96.0, 0.0)	(97.0, 0.0)	(98.0, 0.0)	(99.0, 0.0)	(100.0, 0.0)
FAY99780_pass_barcode01_98e12ebb_5ad7f319_96	(0.0, 0.0)	(1.0, 0.0)	(2.0, 0.0)	(3.0, 0.0)	(4.0, 0.0)	(5.0, 0.0)	(6.0, 0.0)	(7.0, 0.0)	(8.0, 0.0)	(9.0, 0.0)	(10.0, 0.0)	(11.0, 0.0)	(12.0, 0.0)	(13.0, 0.0)	(14.0, 0.0)	(15.0, 0.0)	(16.0, 0.0)	(17.0, 0.0)	(18.0, 0.0)	(19.0, 0.0)	(20.0, 0.5)	(21.0, 1.0)	(22.0, 1.0)	(23.0, 0.5)	(24.0, 0.0)	(25.0, 0.09090909090909091)	(26.0, 0.0)	(27.0, 0.0)	(28.0, 0.25396825396825395)	(29.0, 0.24336917562724014)	(30.0, 0.1785699646792663)	(31.0, 0.8969476488543384)	(32.0, 1.1190432535134058)	(33.0, 2.08490490720526)	(34.0, 2.776728501856481)	(35.0, 5.500695517109284)	(36.0, 4.54316086516776)	(37.0, 7.341527827016542)	(38.0, 10.190698217376093)	(39.0, 9.467309824923918)	(40.0, 6.845246984184977)	(41.0, 5.568381274341596)	(42.0, 4.59252714498616)	(43.0, 3.5560606060606066)	(44.0, 1.943290043290043)	(45.0, 2.100989268947015)	(46.0, 2.4080086580086575)	(47.0, 1.0833333333333333)	(48.0, 1.5075757575757573)	(49.0, 1.2575757575757576)	(50.0, 0.10499359795134443)	(51.0, 0.0)	(52.0, 0.0)	(53.0, 0.0)	(54.0, 0.0)	(55.0, 0.0)	(56.0, 0.0)	(57.0, 0.0)	(58.0, 0.0)	(59.0, 0.0)	(60.0, 0.0)	(61.0, 0.0)	(62.0, 0.0)	(63.0, 0.3333333333333333)	(64.0, 0.3333333333333333)	(65.0, 0.3333333333333333)	(66.0, 0.0)	(67.0, 0.0)	(68.0, 0.0)	(69.0, 0.0)	(70.0, 0.0)	(71.0, 0.0)	(72.0, 0.0)	(73.0, 0.0)	(74.0, 0.0)	(75.0, 0.3333333333333333)	(76.0, 0.0)	(77.0, 0.0)	(78.0, 0.0)	(79.0, 0.0)	(80.0, 0.0)	(81.0, 0.0)	(82.0, 0.0)	(83.0, 0.0)	(84.0, 0.0)	(85.0, 0.0)	(86.0, 0.0)	(87.0, 0.0)	(88.0, 0.0)	(89.0, 0.0)	(90.0, 0.0)	(91.0, 0.0)	(92.0, 0.0)	(93.0, 0.0)	(94.0, 0.0)	(95.0, 0.0)	(96.0, 0.0)	(97.0, 0.0)	(98.0, 0.0)	(99.0, 0.0)	(100.0, 0.0)
FAY99780_pass_barcode01_98e12ebb_5ad7f319_97	(0.0, 0.0)	(1.0, 0.0)	(2.0, 0.0)	(3.0, 0.0)	(4.0, 0.0)	(5.0, 0.0)	(6.0, 0.0)	(7.0, 0.0)	(8.0, 0.0)	(9.0, 0.0)	(10.0, 0.0)	(11.0, 0.0)	(12.0, 0.0)	(13.0, 0.0)	(14.0, 0.0)	(15.0, 0.0)	(16.0, 0.0)	(17.0, 0.0)	(18.0, 0.0)	(19.0, 0.0)	(20.0, 0.0)	(21.0, 0.0)	(22.0, 0.0)	(23.0, 0.0)	(24.0, 0.0)	(25.0, 0.0)	(26.0, 0.0)	(27.0, 0.0)	(28.0, 0.18181818181818182)	(29.0, 0.03225806451612903)	(30.0, 1.0942831678125795)	(31.0, 1.3570822432611052)	(32.0, 1.3920416305516707)	(33.0, 1.9523851796794724)	(34.0, 2.985816222945798)	(35.0, 4.8815050246041425)	(36.0, 5.3014212679299435)	(37.0, 8.383379644830399)	(38.0, 7.930312910182627)	(39.0, 7.73865745828505)	(40.0, 5.398074834182944)	(41.0, 5.485662085372299)	(42.0, 4.958951203625629)	(43.0, 2.4075757575757577)	(44.0, 1.540909090909091)	(45.0, 0.6761904761904762)	(46.0, 0.0)	(47.0, 0.5)	(48.0, 0.6742424242424243)	(49.0, 0.0)	(50.0, 0.09090909090909091)	(51.0, 0.0)	(52.0, 0.0)	(53.0, 0.0)	(54.0, 0.5)	(55.0, 0.5)	(56.0, 0.0)	(57.0, 0.0)	(58.0, 0.0)	(59.0, 0.0)	(60.0, 0.0)	(61.0, 0.5)	(62.0, 0.5)	(63.0, 0.0)	(64.0, 0.0)	(65.0, 0.0)	(66.0, 0.0)	(67.0, 0.0)	(68.0, 0.0)	(69.0, 0.0)	(70.0, 0.0)	(71.0, 0.0)	(72.0, 0.0)	(73.0, 0.0)	(74.0, 0.0)	(75.0, 0.0)	(76.0, 0.0)	(77.0, 0.0)	(78.0, 0.0)	(79.0, 0.0)	(80.0, 0.0)	(81.0, 0.0)	(82.0, 0.0)	(83.0, 0.0)	(84.0, 0.0)	(85.0, 0.0)	(86.0, 0.0)	(87.0, 0.0)	(88.0, 0.0)	(89.0, 0.0)	(90.0, 0.0)	(91.0, 0.0)	(92.0, 0.0)	(93.0, 0.0)	(94.0, 0.0)	(95.0, 0.0)	(96.0, 0.0)	(97.0, 0.0)	(98.0, 0.0)	(99.0, 0.0)	(100.0, 0.0)
FAY99780_pass_barcode01_98e12ebb_5ad7f319_98	(0.0, 0.0)	(1.0, 0.0)	(2.0, 0.0)	(3.0, 0.0)	(4.0, 0.0)	(5.0, 0.0)	(6.0, 0.0)	(7.0, 0.0)	(8.0, 0.0)	(9.0, 0.0)	(10.0, 0.0)	(11.0, 0.0)	(12.0, 0.0)	(13.0, 0.0)	(14.0, 0.0)	(15.0, 0.0)	(16.0, 0.0)	(17.0, 0.0)	(18.0, 0.0)	(19.0, 0.0)	(20.0, 0.0)	(21.0, 0.0)	(22.0, 0.0)	(23.0, 0.0)	(24.0, 0.0)	(25.0, 0.16666666666666666)	(26.0, 0.0)	(27.0, 0.0)	(28.0, 0.27705627705627706)	(29.0, 0.6486515071390798)	(30.0, 0.8294372294372294)	(31.0, 0.15093868641502856)	(32.0, 1.3989272863833706)	(33.0, 3.072522369594368)	(34.0, 3.9423752552087303)	(35.0, 3.047676028138999)	(36.0, 7.0697438094968685)	(37.0, 9.636753965633538)	(38.0, 8.79608473202446)	(39.0, 8.352766150296477)	(40.0, 5.449561593084572)	(41.0, 5.243928619780823)	(42.0, 4.195083857637659)	(43.0, 2.266793918659055)	(44.0, 1.032258064516129)	(45.0, 1.4541195363776007)	(46.0, 1.0)	(47.0, 0.8333333333333333)	(48.0, 0.3333333333333333)	(49.0, 0.024390243902439025)	(50.0, 0.34090909090909094)	(51.0, 0.0)	(52.0, 0.41666666666666663)	(53.0, 0.16666666666666666)	(54.0, 0.0)	(55.0, 0.0)	(56.0, 0.0)	(57.0, 0.0)	(58.0, 0.0)	(59.0, 0.0)	(60.0, 0.0)	(61.0, 0.0)	(62.0, 0.0)	(63.0, 0.0)	(64.0, 0.0)	(65.0, 0.0)	(66.0, 0.0)	(67.0, 0.0)	(68.0, 0.0)	(69.0, 0.0)	(70.0, 0.0)	(71.0, 0.0)	(72.0, 0.0)	(73.0, 0.0)	(74.0, 0.0)	(75.0, 0.0)	(76.0, 0.0)	(77.0, 0.0)	(78.0, 0.0)	(79.0, 0.0)	(80.0, 0.0)	(81.0, 0.0)	(82.0, 0.0)	(83.0, 0.0)	(84.0, 0.0)	(85.0, 0.0)	(86.0, 0.0)	(87.0, 0.0)	(88.0, 0.0)	(89.0, 0.0)	(90.0, 0.0)	(91.0, 0.0)	(92.0, 0.0)	(93.0, 0.0)	(94.0, 0.0)	(95.0, 0.0)	(96.0, 0.0)	(97.0, 0.0)	(98.0, 0.0)	(99.0, 0.0)	(100.0, 0.0)
FAY99780_pass_barcode01_98e12ebb_5ad7f319_99	(0.0, 0.0)	(1.0, 0.0)	(2.0, 0.0)	(3.0, 0.0)	(4.0, 0.0)	(5.0, 0.0)	(6.0, 0.0)	(7.0, 0.0)	(8.0, 0.0)	(9.0, 0.0)	(10.0, 0.0)	(11.0, 0.0)	(12.0, 0.0)	(13.0, 0.0)	(14.0, 0.0)	(15.0, 0.0)	(16.0, 0.0)	(17.0, 0.5)	(18.0, 0.5)	(19.0, 0.0)	(20.0, 0.0)	(21.0, 0.0)	(22.0, 0.0)	(23.0, 0.0)	(24.0, 0.0)	(25.0, 0.0)	(26.0, 0.0)	(27.0, 0.2159090909090909)	(28.0, 0.09090909090909091)	(29.0, 0.09991809991809993)	(30.0, 0.4790408832154563)	(31.0, 1.2604243435582845)	(32.0, 2.1114853364952224)	(33.0, 1.722784280838049)	(34.0, 2.5452485201159707)	(35.0, 2.138644417010617)	(36.0, 4.530369781188879)	(37.0, 7.079765591205095)	(38.0, 8.184134127717687)	(39.0, 9.046550517592625)	(40.0, 8.810539118191752)	(41.0, 7.476544689836183)	(42.0, 3.34611786063399)	(43.0, 1.4739772364333208)	(44.0, 2.045620337109699)	(45.0, 0.5880445795339413)	(46.0, 0.4444444444444444)	(47.0, 0.09090909090909091)	(48.0, 0.09090909090909091)	(49.0, 0.25)	(50.0, 0.18181818181818182)	(51.0, 0.09090909090909091)	(52.0, 0.09090909090909091)	(53.0, 0.5)	(54.0, 0.6428571428571428)	(55.0, 0.0)	(56.0, 0.0)	(57.0, 0.25)	(58.0, 0.25)	(59.0, 0.0)	(60.0, 0.0)	(61.0, 0.0)	(62.0, 0.0)	(63.0, 0.0)	(64.0, 0.0)	(65.0, 0.0)	(66.0, 0.0)	(67.0, 0.0)	(68.0, 0.0)	(69.0, 0.0)	(70.0, 0.0)	(71.0, 0.0)	(72.0, 0.0)	(73.0, 0.0)	(74.0, 0.0)	(75.0, 0.0)	(76.0, 0.0)	(77.0, 0.0)	(78.0, 0.0)	(79.0, 0.0)	(80.0, 0.0)	(81.0, 0.0)	(82.0, 0.0)	(83.0, 0.0)	(84.0, 0.0)	(85.0, 0.0)	(86.0, 0.0)	(87.0, 0.0)	(88.0, 0.0)	(89.0, 0.0)	(90.0, 0.0)	(91.0, 0.0)	(92.0, 0.0)	(93.0, 0.0)	(94.0, 0.0)	(95.0, 0.0)	(96.0, 0.0)	(97.0, 0.0)	(98.0, 0.0)	(99.0, 0.0)	(100.0, 0.0)
