Sample	0	1	2	3	4	5	6	7	8	9	10	11	12	13	14	15	16	17	18	19	20	21	22	23	24	25	26	27	28	29	30	31	32	33	34	35	36	37	38	39	40	41	42	43	44	45	46	47	48	49	50	51	52	53	54	55	56	57	58	59	60	61	62	63	64	65	66	67	68	69	70	71	72	73	74	75	76	77	78	79	80	81	82	83	84	85	86	87	88	89	90	91	92	93	94	95	96	97	98	99	100
FAY99780_pass_barcode01_98e12ebb_5ad7f319_0	(0.0, 0.0)	(1.0, 0.0)	(2.0, 0.0)	(3.0, 0.0)	(4.0, 0.0)	(5.0, 0.0)	(6.0, 0.0)	(7.0, 0.0)	(8.0, 0.0)	(9.0, 0.0)	(10.0, 0.0)	(11.0, 0.0)	(12.0, 0.0)	(13.0, 0.0)	(14.0, 0.0)	(15.0, 0.0)	(16.0, 0.0)	(17.0, 0.0)	(18.0, 0.0)	(19.0, 0.0)	(20.0, 0.0)	(21.0, 0.0)	(22.0, 0.0)	(23.0, 0.0)	(24.0, 0.0)	(25.0, 0.0)	(26.0, 0.2984655763890273)	(27.0, 1.0558875294580115)	(28.0, 1.1983261602176463)	(29.0, 1.0719873096806423)	(30.0, 3.1743269938523953)	(31.0, 2.433658222390704)	(32.0, 2.3921609827128325)	(33.0, 2.455849657323229)	(34.0, 3.6079107793260032)	(35.0, 6.36293604085543)	(36.0, 8.178996444218242)	(37.0, 10.601993285534013)	(38.0, 11.467265452474592)	(39.0, 9.495261447317331)	(40.0, 9.955904699005401)	(41.0, 6.248743770041107)	(42.0, 4.2109598149782865)	(43.0, 4.9968958140549065)	(44.0, 2.342954774653865)	(45.0, 1.9766561127218762)	(46.0, 2.4374688738437236)	(47.0, 1.1565541085074809)	(48.0, 0.44769836458354106)	(49.0, 0.0)	(50.0, 0.6783308554296076)	(51.0, 0.37986527904058026)	(52.0, 0.2984655763890273)	(53.0, 0.2984655763890273)	(54.0, 0.0)	(55.0, 0.0)	(56.0, 0.0)	(57.0, 0.0)	(58.0, 0.0)	(59.0, 0.0)	(60.0, 0.0)	(61.0, 0.0)	(62.0, 0.0)	(63.0, 0.0)	(64.0, 0.0)	(65.0, 0.0)	(66.0, 0.0)	(67.0, 0.0)	(68.0, 0.0)	(69.0, 0.0)	(70.0, 0.17907934583341642)	(71.0, 0.2984655763890273)	(72.0, 0.2984655763890273)	(73.0, 0.0)	(74.0, 0.0)	(75.0, 0.0)	(76.0, 0.0)	(77.0, 0.0)	(78.0, 0.0)	(79.0, 0.0)	(80.0, 0.0)	(81.0, 0.0)	(82.0, 0.0)	(83.0, 0.0)	(84.0, 0.0)	(85.0, 0.0)	(86.0, 0.0)	(87.0, 0.0)	(88.0, 0.0)	(89.0, 0.0)	(90.0, 0.0)	(91.0, 0.0)	(92.0, 0.0)	(93.0, 0.0)	(94.0, 0.0)	(95.0, 0.0)	(96.0, 0.0)	(97.0, 0.0)	(98.0, 0.0)	(99.0, 0.0)	(100.0, 0.0)
FAY99780_pass_barcode01_98e12ebb_5ad7f319_1	(0.0, 0.6129445849303405)	(1.0, 0.6129445849303405)	(2.0, 0.6129445849303405)	(3.0, 0.30647229246517027)	(4.0, 0.0)	(5.0, 0.0)	(6.0, 0.0)	(7.0, 0.0)	(8.0, 0.0)	(9.0, 0.0)	(10.0, 0.0)	(11.0, 0.0)	(12.0, 0.0)	(13.0, 0.0)	(14.0, 0.0)	(15.0, 0.0)	(16.0, 0.0)	(17.0, 0.0)	(18.0, 0.0)	(19.0, 0.0)	(20.0, 0.0)	(21.0, 0.0)	(22.0, 0.0)	(23.0, 0.16345188931475746)	(24.0, 0.15566846601405473)	(25.0, 0.26003709663711416)	(26.0, 0.08491007237130259)	(27.0, 0.41621307605710434)	(28.0, 0.9959071923010593)	(29.0, 1.022603042179986)	(30.0, 0.8559733421644763)	(31.0, 1.1998734743897626)	(32.0, 1.4363629506597686)	(33.0, 3.914343655339595)	(34.0, 5.467971474568847)	(35.0, 5.10542306731866)	(36.0, 7.866036229204814)	(37.0, 10.784770254055932)	(38.0, 10.158359104129396)	(39.0, 10.263992742726536)	(40.0, 8.901759588886753)	(41.0, 7.161409947538113)	(42.0, 5.338684542689249)	(43.0, 3.9318049824911405)	(44.0, 2.513085637439049)	(45.0, 2.7385488419566286)	(46.0, 1.992069901023607)	(47.0, 0.9371998375755886)	(48.0, 0.9410866354486036)	(49.0, 0.8172594465737874)	(50.0, 0.8464472839514227)	(51.0, 0.6129445849303405)	(52.0, 0.4086297232868937)	(53.0, 0.5618658695194787)	(54.0, 0.0)	(55.0, 0.0)	(56.0, 0.0)	(57.0, 0.0)	(58.0, 0.0)	(59.0, 0.0)	(60.0, 0.0)	(61.0, 0.0)	(62.0, 0.0)	(63.0, 0.0)	(64.0, 0.0)	(65.0, 0.0)	(66.0, 0.0)	(67.0, 0.0)	(68.0, 0.0)	(69.0, 0.0)	(70.0, 0.0)	(71.0, 0.0)	(72.0, 0.0)	(73.0, 0.0)	(74.0, 0.0)	(75.0, 0.0)	(76.0, 0.0)	(77.0, 0.0)	(78.0, 0.0)	(79.0, 0.0)	(80.0, 0.0)	(81.0, 0.0)	(82.0, 0.0)	(83.0, 0.0)	(84.0, 0.0)	(85.0, 0.0)	(86.0, 0.0)	(87.0, 0.0)	(88.0, 0.0)	(89.0, 0.0)	(90.0, 0.0)	(91.0, 0.0)	(92.0, 0.0)	(93.0, 0.0)	(94.0, 0.0)	(95.0, 0.0)	(96.0, 0.0)	(97.0, 0.0)	(98.0, 0.0)	(99.0, 0.0)	(100.0, 0.0)
FAY99780_pass_barcode01_98e12ebb_5ad7f319_10	(0.0, 0.0)	(1.0, 0.0)	(2.0, 0.0)	(3.0, 0.0)	(4.0, 0.0)	(5.0, 0.0)	(6.0, 0.0)	(7.0, 0.0)	(8.0, 0.0)	(9.0, 0.0)	(10.0, 0.0)	(11.0, 0.0)	(12.0, 0.0)	(13.0, 0.0)	(14.0, 0.0)	(15.0, 0.0)	(16.0, 0.0)	(17.0, 0.0)	(18.0, 0.0)	(19.0, 0.0)	(20.0, 0.0)	(21.0, 0.0)	(22.0, 0.0)	(23.0, 0.0)	(24.0, 0.0)	(25.0, 0.0)	(26.0, 0.1166458096700155)	(27.0, 0.3790988814275504)	(28.0, 1.5260279497143103)	(29.0, 1.2384404468354866)	(30.0, 0.6345783897939442)	(31.0, 0.8846517013139047)	(32.0, 2.343771144061088)	(33.0, 4.046680458449424)	(34.0, 3.937268724177887)	(35.0, 6.023756655876165)	(36.0, 9.291957843272138)	(37.0, 11.171870283255377)	(38.0, 12.774670472043395)	(39.0, 10.758845123477895)	(40.0, 8.307605645395016)	(41.0, 6.450525265996922)	(42.0, 5.622798395170432)	(43.0, 3.3876909211385335)	(44.0, 1.7675952526186411)	(45.0, 2.261299439973229)	(46.0, 1.528060106677203)	(47.0, 1.160903534334916)	(48.0, 1.0618934601745338)	(49.0, 0.9623279297776278)	(50.0, 0.5117140578976275)	(51.0, 0.21385065106169507)	(52.0, 0.0)	(53.0, 0.0)	(54.0, 0.35236755004483844)	(55.0, 0.21385065106169507)	(56.0, 0.0)	(57.0, 0.21385065106169507)	(58.0, 0.0)	(59.0, 0.0)	(60.0, 0.0)	(61.0, 0.0)	(62.0, 0.21385065106169507)	(63.0, 0.0)	(64.0, 0.0)	(65.0, 0.0)	(66.0, 0.0)	(67.0, 0.0)	(68.0, 0.0)	(69.0, 0.0)	(70.0, 0.0)	(71.0, 0.0)	(72.0, 0.3207759765925426)	(73.0, 0.3207759765925426)	(74.0, 0.0)	(75.0, 0.0)	(76.0, 0.0)	(77.0, 0.0)	(78.0, 0.0)	(79.0, 0.0)	(80.0, 0.0)	(81.0, 0.0)	(82.0, 0.0)	(83.0, 0.0)	(84.0, 0.0)	(85.0, 0.0)	(86.0, 0.0)	(87.0, 0.0)	(88.0, 0.0)	(89.0, 0.0)	(90.0, 0.0)	(91.0, 0.0)	(92.0, 0.0)	(93.0, 0.0)	(94.0, 0.0)	(95.0, 0.0)	(96.0, 0.0)	(97.0, 0.0)	(98.0, 0.0)	(99.0, 0.0)	(100.0, 0.0)
FAY99780_pass_barcode01_98e12ebb_5ad7f319_100	(0.0, 0.0)	(1.0, 0.0)	(2.0, 0.0)	(3.0, 0.0)	(4.0, 0.0)	(5.0, 0.0)	(6.0, 0.0)	(7.0, 0.0)	(8.0, 0.0)	(9.0, 0.0)	(10.0, 0.0)	(11.0, 0.0)	(12.0, 0.0)	(13.0, 0.0)	(14.0, 0.0)	(15.0, 0.0)	(16.0, 0.0)	(17.0, 0.0)	(18.0, 0.0)	(19.0, 0.0)	(20.0, 0.0)	(21.0, 0.0)	(22.0, 0.0)	(23.0, 0.0)	(24.0, 0.0)	(25.0, 0.0)	(26.0, 0.0)	(27.0, 0.22695840175976553)	(28.0, 0.05062822740185038)	(29.0, 0.3388639311328395)	(30.0, 1.1088348895359807)	(31.0, 2.093466338343694)	(32.0, 4.089593526353482)	(33.0, 4.555987233156874)	(34.0, 2.3785769412515543)	(35.0, 5.559104915650916)	(36.0, 8.646937658172666)	(37.0, 12.049308489176354)	(38.0, 11.573182126709698)	(39.0, 9.390304055060273)	(40.0, 8.292435562261092)	(41.0, 6.001981726402179)	(42.0, 5.943515771934348)	(43.0, 7.154813241335785)	(44.0, 4.170651339289376)	(45.0, 1.2943073459810712)	(46.0, 0.022105282386723407)	(47.0, 0.0)	(48.0, 0.5231583498191206)	(49.0, 0.07473690711701723)	(50.0, 0.07473690711701723)	(51.0, 0.0)	(52.0, 0.6801058547648569)	(53.0, 0.5231583498191206)	(54.0, 0.0)	(55.0, 0.0)	(56.0, 0.17438611660637354)	(57.0, 0.0)	(58.0, 0.784737524728681)	(59.0, 0.784737524728681)	(60.0, 0.3923687623643405)	(61.0, 0.0)	(62.0, 0.0)	(63.0, 0.0)	(64.0, 0.0)	(65.0, 0.0)	(66.0, 0.0)	(67.0, 0.0)	(68.0, 0.0)	(69.0, 0.0)	(70.0, 0.0)	(71.0, 0.0)	(72.0, 0.0)	(73.0, 0.0)	(74.0, 0.5231583498191206)	(75.0, 0.5231583498191206)	(76.0, 0.0)	(77.0, 0.0)	(78.0, 0.0)	(79.0, 0.0)	(80.0, 0.0)	(81.0, 0.0)	(82.0, 0.0)	(83.0, 0.0)	(84.0, 0.0)	(85.0, 0.0)	(86.0, 0.0)	(87.0, 0.0)	(88.0, 0.0)	(89.0, 0.0)	(90.0, 0.0)	(91.0, 0.0)	(92.0, 0.0)	(93.0, 0.0)	(94.0, 0.0)	(95.0, 0.0)	(96.0, 0.0)	(97.0, 0.0)	(98.0, 0.0)	(99.0, 0.0)	(100.0, 0.0)
FAY99780_pass_barcode01_98e12ebb_5ad7f319_101	(0.0, 0.0)	(1.0, 0.0)	(2.0, 0.0)	(3.0, 0.0)	(4.0, 0.0)	(5.0, 0.0)	(6.0, 0.0)	(7.0, 0.0)	(8.0, 0.0)	(9.0, 0.0)	(10.0, 0.0)	(11.0, 0.0)	(12.0, 0.0)	(13.0, 0.0)	(14.0, 0.0)	(15.0, 0.0)	(16.0, 0.0)	(17.0, 0.0)	(18.0, 0.0)	(19.0, 0.0)	(20.0, 0.0)	(21.0, 0.0)	(22.0, 0.0)	(23.0, 0.0)	(24.0, 0.3548710129824683)	(25.0, 0.0)	(26.0, 0.0)	(27.0, 0.7097420259649366)	(28.0, 0.7272665204332067)	(29.0, 0.7727139501905999)	(30.0, 0.5407558293066184)	(31.0, 1.7775118553922145)	(32.0, 2.0801506473042144)	(33.0, 3.302464077594519)	(34.0, 3.870515658003807)	(35.0, 6.980692334469714)	(36.0, 8.01562407893272)	(37.0, 9.673448013554948)	(38.0, 10.316496405509916)	(39.0, 12.432962280796634)	(40.0, 9.267356517152555)	(41.0, 6.472263038550382)	(42.0, 4.7989687812242545)	(43.0, 5.898232758635883)	(44.0, 3.725070269609909)	(45.0, 2.1765422129591387)	(46.0, 1.7643183089896048)	(47.0, 1.230219511672557)	(48.0, 0.9936388363509112)	(49.0, 0.7555318340917067)	(50.0, 0.12904400472089755)	(51.0, 0.3548710129824683)	(52.0, 0.0)	(53.0, 0.2027834359899819)	(54.0, 0.0)	(55.0, 0.2027834359899819)	(56.0, 0.0)	(57.0, 0.0)	(58.0, 0.0)	(59.0, 0.0)	(60.0, 0.473161350643291)	(61.0, 0.0)	(62.0, 0.0)	(63.0, 0.0)	(64.0, 0.0)	(65.0, 0.0)	(66.0, 0.0)	(67.0, 0.0)	(68.0, 0.0)	(69.0, 0.0)	(70.0, 0.0)	(71.0, 0.0)	(72.0, 0.0)	(73.0, 0.0)	(74.0, 0.0)	(75.0, 0.0)	(76.0, 0.0)	(77.0, 0.0)	(78.0, 0.0)	(79.0, 0.0)	(80.0, 0.0)	(81.0, 0.0)	(82.0, 0.0)	(83.0, 0.0)	(84.0, 0.0)	(85.0, 0.0)	(86.0, 0.0)	(87.0, 0.0)	(88.0, 0.0)	(89.0, 0.0)	(90.0, 0.0)	(91.0, 0.0)	(92.0, 0.0)	(93.0, 0.0)	(94.0, 0.0)	(95.0, 0.0)	(96.0, 0.0)	(97.0, 0.0)	(98.0, 0.0)	(99.0, 0.0)	(100.0, 0.0)
FAY99780_pass_barcode01_98e12ebb_5ad7f319_102	(0.0, 0.0)	(1.0, 0.0)	(2.0, 0.0)	(3.0, 0.0)	(4.0, 0.0)	(5.0, 0.0)	(6.0, 0.0)	(7.0, 0.0)	(8.0, 0.0)	(9.0, 0.0)	(10.0, 0.0)	(11.0, 0.0)	(12.0, 0.0)	(13.0, 0.0)	(14.0, 0.0)	(15.0, 0.0)	(16.0, 0.0)	(17.0, 0.0)	(18.0, 0.0)	(19.0, 0.0)	(20.0, 0.0)	(21.0, 0.0)	(22.0, 0.0)	(23.0, 0.0)	(24.0, 0.8895556531036137)	(25.0, 0.8895556531036137)	(26.0, 0.0)	(27.0, 0.16173739147338434)	(28.0, 0.16173739147338434)	(29.0, 0.44477782655180687)	(30.0, 1.7131777112646094)	(31.0, 1.867406015411885)	(32.0, 2.5964560158837706)	(33.0, 2.3314242589487684)	(34.0, 3.2458899982577534)	(35.0, 4.818863536537415)	(36.0, 6.9905783507660635)	(37.0, 10.973265908002523)	(38.0, 14.263801987874361)	(39.0, 10.831530924702184)	(40.0, 8.368027004220883)	(41.0, 6.603259160221113)	(42.0, 7.5690014356583095)	(43.0, 4.104984849700868)	(44.0, 2.399104640188534)	(45.0, 0.8895556531036137)	(46.0, 2.6686669593108414)	(47.0, 2.3721484082763036)	(48.0, 0.8154260153449793)	(49.0, 0.04339295868798116)	(50.0, 0.44477782655180687)	(51.0, 0.0)	(52.0, 0.5930371020690759)	(53.0, 0.5930371020690759)	(54.0, 0.0)	(55.0, 0.0)	(56.0, 0.0)	(57.0, 0.0)	(58.0, 0.0)	(59.0, 0.0)	(60.0, 0.0)	(61.0, 0.0)	(62.0, 0.0)	(63.0, 0.0)	(64.0, 0.0)	(65.0, 0.0)	(66.0, 0.0)	(67.0, 0.0)	(68.0, 0.3558222612414455)	(69.0, 0.0)	(70.0, 0.0)	(71.0, 0.0)	(72.0, 0.0)	(73.0, 0.0)	(74.0, 0.0)	(75.0, 0.0)	(76.0, 0.0)	(77.0, 0.0)	(78.0, 0.0)	(79.0, 0.0)	(80.0, 0.0)	(81.0, 0.0)	(82.0, 0.0)	(83.0, 0.0)	(84.0, 0.0)	(85.0, 0.0)	(86.0, 0.0)	(87.0, 0.0)	(88.0, 0.0)	(89.0, 0.0)	(90.0, 0.0)	(91.0, 0.0)	(92.0, 0.0)	(93.0, 0.0)	(94.0, 0.0)	(95.0, 0.0)	(96.0, 0.0)	(97.0, 0.0)	(98.0, 0.0)	(99.0, 0.0)	(100.0, 0.0)
FAY99780_pass_barcode01_98e12ebb_5ad7f319_103	(0.0, 0.0)	(1.0, 0.0)	(2.0, 0.0)	(3.0, 0.0)	(4.0, 0.0)	(5.0, 0.0)	(6.0, 0.0)	(7.0, 0.0)	(8.0, 0.0)	(9.0, 0.0)	(10.0, 0.0)	(11.0, 0.0)	(12.0, 0.0)	(13.0, 0.0)	(14.0, 0.0)	(15.0, 0.0)	(16.0, 0.0)	(17.0, 0.0)	(18.0, 0.0)	(19.0, 0.0)	(20.0, 0.0)	(21.0, 0.0)	(22.0, 0.0)	(23.0, 0.0)	(24.0, 0.0)	(25.0, 0.0)	(26.0, 0.4942125732612267)	(27.0, 0.04782702321882839)	(28.0, 0.024305536389896396)	(29.0, 1.2349965710607926)	(30.0, 1.5759404660769294)	(31.0, 1.279547955183898)	(32.0, 1.5283055713986784)	(33.0, 3.5740503919067415)	(34.0, 4.298868099621399)	(35.0, 4.20472313586338)	(36.0, 7.360110425768854)	(37.0, 9.004011971922608)	(38.0, 11.804616281911606)	(39.0, 11.741916171183679)	(40.0, 12.436901840759845)	(41.0, 8.442251055421792)	(42.0, 5.769348662690073)	(43.0, 4.418566473337985)	(44.0, 1.9856755175674285)	(45.0, 1.3815487843438838)	(46.0, 0.6289978205142884)	(47.0, 1.1108550794439846)	(48.0, 0.0)	(49.0, 1.3173653332709971)	(50.0, 1.9238989459097755)	(51.0, 1.1232103937755151)	(52.0, 0.0)	(53.0, 0.13478524725306182)	(54.0, 0.4942125732612267)	(55.0, 0.4942125732612267)	(56.0, 0.0)	(57.0, 0.0)	(58.0, 0.0)	(59.0, 0.0)	(60.0, 0.0)	(61.0, 0.0)	(62.0, 0.0)	(63.0, 0.0)	(64.0, 0.1647375244204089)	(65.0, 0.0)	(66.0, 0.0)	(67.0, 0.0)	(68.0, 0.0)	(69.0, 0.0)	(70.0, 0.0)	(71.0, 0.0)	(72.0, 0.0)	(73.0, 0.0)	(74.0, 0.0)	(75.0, 0.0)	(76.0, 0.0)	(77.0, 0.0)	(78.0, 0.0)	(79.0, 0.0)	(80.0, 0.0)	(81.0, 0.0)	(82.0, 0.0)	(83.0, 0.0)	(84.0, 0.0)	(85.0, 0.0)	(86.0, 0.0)	(87.0, 0.0)	(88.0, 0.0)	(89.0, 0.0)	(90.0, 0.0)	(91.0, 0.0)	(92.0, 0.0)	(93.0, 0.0)	(94.0, 0.0)	(95.0, 0.0)	(96.0, 0.0)	(97.0, 0.0)	(98.0, 0.0)	(99.0, 0.0)	(100.0, 0.0)
FAY99780_pass_barcode01_98e12ebb_5ad7f319_104	(0.0, 0.0)	(1.0, 0.0)	(2.0, 0.0)	(3.0, 0.0)	(4.0, 0.0)	(5.0, 0.0)	(6.0, 0.0)	(7.0, 0.0)	(8.0, 0.0)	(9.0, 0.0)	(10.0, 0.0)	(11.0, 0.0)	(12.0, 0.0)	(13.0, 0.0)	(14.0, 0.0)	(15.0, 0.0)	(16.0, 0.0)	(17.0, 0.0)	(18.0, 0.0)	(19.0, 0.0)	(20.0, 0.8479835968975179)	(21.0, 1.6959671937950358)	(22.0, 1.6959671937950358)	(23.0, 0.8479835968975179)	(24.0, 0.0)	(25.0, 1.0021624326970668)	(26.0, 1.6959671937950358)	(27.0, 0.8479835968975179)	(28.0, 1.0021624326970668)	(29.0, 0.8479835968975179)	(30.0, 0.0)	(31.0, 0.20032362591694816)	(32.0, 1.1032809898373515)	(33.0, 1.777281652461354)	(34.0, 2.2170604362480884)	(35.0, 5.785849737539909)	(36.0, 8.526713027722668)	(37.0, 9.840687433751349)	(38.0, 11.249598980510097)	(39.0, 9.008981871541293)	(40.0, 8.36923990091347)	(41.0, 5.263220519309534)	(42.0, 9.754326660851856)	(43.0, 6.255940468414543)	(44.0, 1.7524994335882036)	(45.0, 0.7195012337312272)	(46.0, 1.2661137575797041)	(47.0, 1.2848236316629058)	(48.0, 1.130644795863357)	(49.0, 1.9745903756327916)	(50.0, 0.33919343875900715)	(51.0, 0.0)	(52.0, 0.0)	(53.0, 0.0)	(54.0, 0.0)	(55.0, 0.0)	(56.0, 0.0)	(57.0, 0.0)	(58.0, 0.0)	(59.0, 0.0)	(60.0, 0.0)	(61.0, 0.0)	(62.0, 0.0)	(63.0, 0.0)	(64.0, 0.0)	(65.0, 0.8479835968975179)	(66.0, 0.8479835968975179)	(67.0, 0.0)	(68.0, 0.0)	(69.0, 0.0)	(70.0, 0.0)	(71.0, 0.0)	(72.0, 0.0)	(73.0, 0.0)	(74.0, 0.0)	(75.0, 0.0)	(76.0, 0.0)	(77.0, 0.0)	(78.0, 0.0)	(79.0, 0.0)	(80.0, 0.0)	(81.0, 0.0)	(82.0, 0.0)	(83.0, 0.0)	(84.0, 0.0)	(85.0, 0.0)	(86.0, 0.0)	(87.0, 0.0)	(88.0, 0.0)	(89.0, 0.0)	(90.0, 0.0)	(91.0, 0.0)	(92.0, 0.0)	(93.0, 0.0)	(94.0, 0.0)	(95.0, 0.0)	(96.0, 0.0)	(97.0, 0.0)	(98.0, 0.0)	(99.0, 0.0)	(100.0, 0.0)
FAY99780_pass_barcode01_98e12ebb_5ad7f319_105	(0.0, 0.0)	(1.0, 0.0)	(2.0, 0.0)	(3.0, 0.0)	(4.0, 0.0)	(5.0, 0.0)	(6.0, 0.0)	(7.0, 0.0)	(8.0, 0.0)	(9.0, 0.0)	(10.0, 0.0)	(11.0, 0.0)	(12.0, 0.0)	(13.0, 0.0)	(14.0, 0.0)	(15.0, 0.0)	(16.0, 0.0)	(17.0, 0.0)	(18.0, 0.0)	(19.0, 0.0)	(20.0, 0.0)	(21.0, 0.0)	(22.0, 0.0)	(23.0, 0.0)	(24.0, 0.0)	(25.0, 0.0)	(26.0, 0.0)	(27.0, 0.42583546712740256)	(28.0, 0.41048465674874623)	(29.0, 0.7999093463686382)	(30.0, 1.321524550397597)	(31.0, 1.3103050218486487)	(32.0, 1.6174466924073347)	(33.0, 3.0331139749583675)	(34.0, 4.176177898581012)	(35.0, 4.408866998148716)	(36.0, 7.790673063367763)	(37.0, 10.369920860601816)	(38.0, 12.470058105001717)	(39.0, 9.994320978034784)	(40.0, 6.656118035422466)	(41.0, 6.721031893627972)	(42.0, 6.974804205614669)	(43.0, 5.33797726365489)	(44.0, 4.252841227257796)	(45.0, 4.386523969877119)	(46.0, 3.0361709956071055)	(47.0, 1.3364342416561188)	(48.0, 1.5959360361524528)	(49.0, 0.7785053834890014)	(50.0, 0.5449537684423009)	(51.0, 0.05190035889926675)	(52.0, 0.0)	(53.0, 0.09908250335314564)	(54.0, 0.09908250335314564)	(55.0, 0.0)	(56.0, 0.0)	(57.0, 0.0)	(58.0, 0.0)	(59.0, 0.0)	(60.0, 0.0)	(61.0, 0.0)	(62.0, 0.0)	(63.0, 0.0)	(64.0, 0.0)	(65.0, 0.0)	(66.0, 0.0)	(67.0, 0.0)	(68.0, 0.0)	(69.0, 0.0)	(70.0, 0.0)	(71.0, 0.0)	(72.0, 0.0)	(73.0, 0.0)	(74.0, 0.0)	(75.0, 0.0)	(76.0, 0.0)	(77.0, 0.0)	(78.0, 0.0)	(79.0, 0.0)	(80.0, 0.0)	(81.0, 0.0)	(82.0, 0.0)	(83.0, 0.0)	(84.0, 0.0)	(85.0, 0.0)	(86.0, 0.0)	(87.0, 0.0)	(88.0, 0.0)	(89.0, 0.0)	(90.0, 0.0)	(91.0, 0.0)	(92.0, 0.0)	(93.0, 0.0)	(94.0, 0.0)	(95.0, 0.0)	(96.0, 0.0)	(97.0, 0.0)	(98.0, 0.0)	(99.0, 0.0)	(100.0, 0.0)
FAY99780_pass_barcode01_98e12ebb_5ad7f319_106	(0.0, 0.0)	(1.0, 0.0)	(2.0, 0.0)	(3.0, 0.0)	(4.0, 0.0)	(5.0, 0.0)	(6.0, 0.0)	(7.0, 0.0)	(8.0, 0.0)	(9.0, 0.0)	(10.0, 0.0)	(11.0, 0.0)	(12.0, 0.0)	(13.0, 0.0)	(14.0, 0.0)	(15.0, 0.0)	(16.0, 0.0)	(17.0, 0.0)	(18.0, 0.0)	(19.0, 0.0)	(20.0, 0.0)	(21.0, 0.0)	(22.0, 0.0)	(23.0, 0.0)	(24.0, 0.0)	(25.0, 0.6294916992511801)	(26.0, 0.9013176602914625)	(27.0, 0.0)	(28.0, 0.4291988858530774)	(29.0, 0.9934338942874564)	(30.0, 1.47040359042258)	(31.0, 2.0164433753007733)	(32.0, 2.169742606574718)	(33.0, 2.31831977724121)	(34.0, 3.098511083249151)	(35.0, 6.7190134838619215)	(36.0, 10.477328586476906)	(37.0, 10.00061697963535)	(38.0, 10.836263797790972)	(39.0, 11.272180169558244)	(40.0, 7.266874669353716)	(41.0, 7.10419300132336)	(42.0, 6.097862398074751)	(43.0, 6.386376310650342)	(44.0, 2.781105669484493)	(45.0, 1.5037857259889302)	(46.0, 2.4550176270796022)	(47.0, 1.0041891392816447)	(48.0, 0.809346470465803)	(49.0, 0.9442375488767702)	(50.0, 0.31474584962559005)	(51.0, 0.0)	(52.0, 0.0)	(53.0, 0.0)	(54.0, 0.0)	(55.0, 0.0)	(56.0, 0.0)	(57.0, 0.0)	(58.0, 0.0)	(59.0, 0.0)	(60.0, 0.0)	(61.0, 0.0)	(62.0, 0.0)	(63.0, 0.0)	(64.0, 0.0)	(65.0, 0.0)	(66.0, 0.0)	(67.0, 0.0)	(68.0, 0.0)	(69.0, 0.0)	(70.0, 0.0)	(71.0, 0.0)	(72.0, 0.0)	(73.0, 0.0)	(74.0, 0.0)	(75.0, 0.0)	(76.0, 0.0)	(77.0, 0.0)	(78.0, 0.0)	(79.0, 0.0)	(80.0, 0.0)	(81.0, 0.0)	(82.0, 0.0)	(83.0, 0.0)	(84.0, 0.0)	(85.0, 0.0)	(86.0, 0.0)	(87.0, 0.0)	(88.0, 0.0)	(89.0, 0.0)	(90.0, 0.0)	(91.0, 0.0)	(92.0, 0.0)	(93.0, 0.0)	(94.0, 0.0)	(95.0, 0.0)	(96.0, 0.0)	(97.0, 0.0)	(98.0, 0.0)	(99.0, 0.0)	(100.0, 0.0)
FAY99780_pass_barcode01_98e12ebb_5ad7f319_107	(0.0, 0.0)	(1.0, 0.0)	(2.0, 0.0)	(3.0, 0.0)	(4.0, 0.0)	(5.0, 0.0)	(6.0, 0.0)	(7.0, 0.0)	(8.0, 0.0)	(9.0, 0.0)	(10.0, 0.0)	(11.0, 0.0)	(12.0, 0.0)	(13.0, 0.0)	(14.0, 0.0)	(15.0, 0.0)	(16.0, 0.0)	(17.0, 0.0)	(18.0, 0.0)	(19.0, 0.0)	(20.0, 0.0)	(21.0, 0.7073553304266987)	(22.0, 0.7073553304266987)	(23.0, 0.0)	(24.0, 0.0)	(25.0, 0.0)	(26.0, 0.0)	(27.0, 0.6484090528911405)	(28.0, 0.4715702202844657)	(29.0, 0.9186993011029685)	(30.0, 2.2073619358204994)	(31.0, 2.6440855806737598)	(32.0, 1.7658580385370641)	(33.0, 1.9791487722135594)	(34.0, 2.9401438583106754)	(35.0, 4.549348025777389)	(36.0, 8.38075648280956)	(37.0, 13.801913794706774)	(38.0, 12.559189036915614)	(39.0, 12.199056934307066)	(40.0, 10.07965848009172)	(41.0, 5.887157888974846)	(42.0, 6.684750605227752)	(43.0, 5.158735727112503)	(44.0, 1.4245310869699852)	(45.0, 0.8841941630333734)	(46.0, 1.0105076148952838)	(47.0, 0.3174472702402746)	(48.0, 0.35367766521334937)	(49.0, 0.8005976239829453)	(50.0, 0.6001802803620473)	(51.0, 0.14147106608533974)	(52.0, 0.0)	(53.0, 0.17683883260667468)	(54.0, 0.0)	(55.0, 0.0)	(56.0, 0.0)	(57.0, 0.0)	(58.0, 0.0)	(59.0, 0.0)	(60.0, 0.0)	(61.0, 0.0)	(62.0, 0.0)	(63.0, 0.0)	(64.0, 0.0)	(65.0, 0.0)	(66.0, 0.0)	(67.0, 0.0)	(68.0, 0.0)	(69.0, 0.0)	(70.0, 0.0)	(71.0, 0.0)	(72.0, 0.0)	(73.0, 0.0)	(74.0, 0.0)	(75.0, 0.0)	(76.0, 0.0)	(77.0, 0.0)	(78.0, 0.0)	(79.0, 0.0)	(80.0, 0.0)	(81.0, 0.0)	(82.0, 0.0)	(83.0, 0.0)	(84.0, 0.0)	(85.0, 0.0)	(86.0, 0.0)	(87.0, 0.0)	(88.0, 0.0)	(89.0, 0.0)	(90.0, 0.0)	(91.0, 0.0)	(92.0, 0.0)	(93.0, 0.0)	(94.0, 0.0)	(95.0, 0.0)	(96.0, 0.0)	(97.0, 0.0)	(98.0, 0.0)	(99.0, 0.0)	(100.0, 0.0)
FAY99780_pass_barcode01_98e12ebb_5ad7f319_108	(0.0, 0.0)	(1.0, 0.0)	(2.0, 0.0)	(3.0, 0.0)	(4.0, 0.0)	(5.0, 0.0)	(6.0, 0.0)	(7.0, 0.0)	(8.0, 0.0)	(9.0, 0.0)	(10.0, 0.0)	(11.0, 0.0)	(12.0, 0.0)	(13.0, 0.0)	(14.0, 0.0)	(15.0, 0.0)	(16.0, 0.0)	(17.0, 0.0)	(18.0, 0.0)	(19.0, 0.0)	(20.0, 0.0)	(21.0, 0.0)	(22.0, 0.0)	(23.0, 0.0)	(24.0, 0.0)	(25.0, 0.0)	(26.0, 0.0)	(27.0, 0.0)	(28.0, 0.7126745596321916)	(29.0, 0.009913078083759994)	(30.0, 1.127089345850107)	(31.0, 1.3210619390886242)	(32.0, 1.4137024348523641)	(33.0, 2.6493156137873433)	(34.0, 3.777922678526062)	(35.0, 6.480566147806237)	(36.0, 7.851637856573506)	(37.0, 13.28635176930176)	(38.0, 12.160050681842057)	(39.0, 11.820903095965402)	(40.0, 9.286702664101101)	(41.0, 5.686924700382763)	(42.0, 5.079716378055019)	(43.0, 4.943436548502339)	(44.0, 2.5771098481666503)	(45.0, 2.9399885852933805)	(46.0, 2.7941662758758166)	(47.0, 1.1226560929858194)	(48.0, 0.7484373953238797)	(49.0, 0.0)	(50.0, 0.21383925580682273)	(51.0, 0.0)	(52.0, 0.0)	(53.0, 0.0)	(54.0, 0.0)	(55.0, 0.7484373953238797)	(56.0, 0.7484373953238797)	(57.0, 0.0)	(58.0, 0.0)	(59.0, 0.0)	(60.0, 0.0)	(61.0, 0.0)	(62.0, 0.0)	(63.0, 0.0)	(64.0, 0.0)	(65.0, 0.49895826354925304)	(66.0, 0.0)	(67.0, 0.0)	(68.0, 0.0)	(69.0, 0.0)	(70.0, 0.0)	(71.0, 0.0)	(72.0, 0.0)	(73.0, 0.0)	(74.0, 0.0)	(75.0, 0.0)	(76.0, 0.0)	(77.0, 0.0)	(78.0, 0.0)	(79.0, 0.0)	(80.0, 0.0)	(81.0, 0.0)	(82.0, 0.0)	(83.0, 0.0)	(84.0, 0.0)	(85.0, 0.0)	(86.0, 0.0)	(87.0, 0.0)	(88.0, 0.0)	(89.0, 0.0)	(90.0, 0.0)	(91.0, 0.0)	(92.0, 0.0)	(93.0, 0.0)	(94.0, 0.0)	(95.0, 0.0)	(96.0, 0.0)	(97.0, 0.0)	(98.0, 0.0)	(99.0, 0.0)	(100.0, 0.0)
FAY99780_pass_barcode01_98e12ebb_5ad7f319_109	(0.0, 0.0)	(1.0, 0.0)	(2.0, 0.0)	(3.0, 0.0)	(4.0, 0.0)	(5.0, 0.0)	(6.0, 0.0)	(7.0, 0.0)	(8.0, 0.0)	(9.0, 0.0)	(10.0, 0.0)	(11.0, 0.0)	(12.0, 0.0)	(13.0, 0.0)	(14.0, 0.0)	(15.0, 0.0)	(16.0, 0.0)	(17.0, 0.0)	(18.0, 0.0)	(19.0, 0.0)	(20.0, 0.0)	(21.0, 0.0)	(22.0, 0.0)	(23.0, 0.0)	(24.0, 0.0)	(25.0, 0.0)	(26.0, 0.0)	(27.0, 0.0)	(28.0, 0.41265141107503345)	(29.0, 0.5502018814333779)	(30.0, 1.448054365159128)	(31.0, 0.9410856797083218)	(32.0, 1.8509945170542674)	(33.0, 2.37107927042891)	(34.0, 3.124761196614548)	(35.0, 6.573823863831308)	(36.0, 10.198450712049889)	(37.0, 12.614487322882104)	(38.0, 13.632151030214287)	(39.0, 12.646990230417925)	(40.0, 10.364153797697236)	(41.0, 6.131430095181122)	(42.0, 3.7182968838696615)	(43.0, 5.71460833894459)	(44.0, 2.832479392501044)	(45.0, 0.9589232790696015)	(46.0, 1.8539060462373942)	(47.0, 1.2504588214394954)	(48.0, 0.27510094071668895)	(49.0, 0.0)	(50.0, 0.3001101171454789)	(51.0, 0.23580080632859055)	(52.0, 0.0)	(53.0, 0.0)	(54.0, 0.0)	(55.0, 0.0)	(56.0, 0.0)	(57.0, 0.0)	(58.0, 0.0)	(59.0, 0.0)	(60.0, 0.0)	(61.0, 0.0)	(62.0, 0.0)	(63.0, 0.0)	(64.0, 0.0)	(65.0, 0.0)	(66.0, 0.0)	(67.0, 0.0)	(68.0, 0.0)	(69.0, 0.0)	(70.0, 0.0)	(71.0, 0.0)	(72.0, 0.0)	(73.0, 0.0)	(74.0, 0.0)	(75.0, 0.0)	(76.0, 0.0)	(77.0, 0.0)	(78.0, 0.0)	(79.0, 0.0)	(80.0, 0.0)	(81.0, 0.0)	(82.0, 0.0)	(83.0, 0.0)	(84.0, 0.0)	(85.0, 0.0)	(86.0, 0.0)	(87.0, 0.0)	(88.0, 0.0)	(89.0, 0.0)	(90.0, 0.0)	(91.0, 0.0)	(92.0, 0.0)	(93.0, 0.0)	(94.0, 0.0)	(95.0, 0.0)	(96.0, 0.0)	(97.0, 0.0)	(98.0, 0.0)	(99.0, 0.0)	(100.0, 0.0)
FAY99780_pass_barcode01_98e12ebb_5ad7f319_11	(0.0, 0.0)	(1.0, 0.0)	(2.0, 0.0)	(3.0, 0.0)	(4.0, 0.0)	(5.0, 0.0)	(6.0, 0.0)	(7.0, 0.0)	(8.0, 0.0)	(9.0, 0.0)	(10.0, 0.0)	(11.0, 0.0)	(12.0, 0.0)	(13.0, 0.0)	(14.0, 0.0)	(15.0, 0.0)	(16.0, 0.0)	(17.0, 0.0)	(18.0, 0.0)	(19.0, 0.0)	(20.0, 0.0)	(21.0, 0.0)	(22.0, 0.07872372434903292)	(23.0, 0.0)	(24.0, 0.0)	(25.0, 0.0)	(26.0, 0.38324140353551944)	(27.0, 0.31104628440834237)	(28.0, 0.2699099120538272)	(29.0, 0.19476549433433085)	(30.0, 0.7140771101016467)	(31.0, 1.271430565430021)	(32.0, 2.1713167381192355)	(33.0, 2.8590731223809076)	(34.0, 3.2035177567230484)	(35.0, 7.7846910057890355)	(36.0, 10.347090802143729)	(37.0, 11.094681393757536)	(38.0, 13.052742777061901)	(39.0, 10.59869435610828)	(40.0, 7.167563386201372)	(41.0, 6.535790702258761)	(42.0, 5.074984912415497)	(43.0, 4.343032085076127)	(44.0, 3.2724991671814383)	(45.0, 1.7688237980120456)	(46.0, 0.14170270382825928)	(47.0, 0.3690576077563874)	(48.0, 0.8066625780699608)	(49.0, 1.055672136453566)	(50.0, 0.4186670794925842)	(51.0, 0.3005814929690348)	(52.0, 1.1100045133213643)	(53.0, 0.7020724871491029)	(54.0, 0.11808558652354939)	(55.0, 0.35425675957064817)	(56.0, 0.0)	(57.0, 0.35425675957064817)	(58.0, 0.35425675957064817)	(59.0, 0.0)	(60.0, 0.23617117304709878)	(61.0, 0.0)	(62.0, 0.0)	(63.0, 0.35425675957064817)	(64.0, 0.35425675957064817)	(65.0, 0.0)	(66.0, 0.0)	(67.0, 0.0)	(68.0, 0.0)	(69.0, 0.23617117304709878)	(70.0, 0.23617117304709878)	(71.0, 0.0)	(72.0, 0.0)	(73.0, 0.0)	(74.0, 0.0)	(75.0, 0.0)	(76.0, 0.0)	(77.0, 0.0)	(78.0, 0.0)	(79.0, 0.0)	(80.0, 0.0)	(81.0, 0.0)	(82.0, 0.0)	(83.0, 0.0)	(84.0, 0.0)	(85.0, 0.0)	(86.0, 0.0)	(87.0, 0.0)	(88.0, 0.0)	(89.0, 0.0)	(90.0, 0.0)	(91.0, 0.0)	(92.0, 0.0)	(93.0, 0.0)	(94.0, 0.0)	(95.0, 0.0)	(96.0, 0.0)	(97.0, 0.0)	(98.0, 0.0)	(99.0, 0.0)	(100.0, 0.0)
FAY99780_pass_barcode01_98e12ebb_5ad7f319_110	(0.0, 0.0)	(1.0, 0.0)	(2.0, 0.0)	(3.0, 0.0)	(4.0, 0.0)	(5.0, 0.0)	(6.0, 0.0)	(7.0, 0.0)	(8.0, 0.0)	(9.0, 0.0)	(10.0, 0.0)	(11.0, 0.0)	(12.0, 0.0)	(13.0, 0.0)	(14.0, 0.0)	(15.0, 0.0)	(16.0, 0.0)	(17.0, 0.0)	(18.0, 0.0)	(19.0, 0.0)	(20.0, 0.0)	(21.0, 0.0)	(22.0, 0.0)	(23.0, 0.0)	(24.0, 0.0)	(25.0, 0.0)	(26.0, 0.20877203830626756)	(27.0, 0.36535106703596826)	(28.0, 0.5810821732857783)	(29.0, 0.3096291890912832)	(30.0, 0.84442826426938)	(31.0, 1.2850258146045666)	(32.0, 2.5329292091353572)	(33.0, 4.433410366531467)	(34.0, 4.727591629605913)	(35.0, 7.3822188835478695)	(36.0, 9.386603845312884)	(37.0, 8.881400529630753)	(38.0, 8.892453203613734)	(39.0, 13.042768784434772)	(40.0, 9.083835613048953)	(41.0, 6.132578255382605)	(42.0, 5.755403328203754)	(43.0, 4.8778754045654145)	(44.0, 2.971522011892542)	(45.0, 2.3544846542317956)	(46.0, 0.36535106703596826)	(47.0, 0.8002928135073593)	(48.0, 1.2289081345755297)	(49.0, 1.242193627922292)	(50.0, 0.6089184450599471)	(51.0, 0.8524858230839258)	(52.0, 0.48713475604795764)	(53.0, 0.0)	(54.0, 0.0)	(55.0, 0.0)	(56.0, 0.0)	(57.0, 0.0)	(58.0, 0.0)	(59.0, 0.0)	(60.0, 0.0)	(61.0, 0.36535106703596826)	(62.0, 0.0)	(63.0, 0.0)	(64.0, 0.0)	(65.0, 0.0)	(66.0, 0.0)	(67.0, 0.0)	(68.0, 0.0)	(69.0, 0.0)	(70.0, 0.0)	(71.0, 0.0)	(72.0, 0.0)	(73.0, 0.0)	(74.0, 0.0)	(75.0, 0.0)	(76.0, 0.0)	(77.0, 0.0)	(78.0, 0.0)	(79.0, 0.0)	(80.0, 0.0)	(81.0, 0.0)	(82.0, 0.0)	(83.0, 0.0)	(84.0, 0.0)	(85.0, 0.0)	(86.0, 0.0)	(87.0, 0.0)	(88.0, 0.0)	(89.0, 0.0)	(90.0, 0.0)	(91.0, 0.0)	(92.0, 0.0)	(93.0, 0.0)	(94.0, 0.0)	(95.0, 0.0)	(96.0, 0.0)	(97.0, 0.0)	(98.0, 0.0)	(99.0, 0.0)	(100.0, 0.0)
FAY99780_pass_barcode01_98e12ebb_5ad7f319_111	(0.0, 0.0)	(1.0, 0.0)	(2.0, 0.0)	(3.0, 0.0)	(4.0, 0.0)	(5.0, 0.0)	(6.0, 0.0)	(7.0, 0.0)	(8.0, 0.0)	(9.0, 0.0)	(10.0, 0.0)	(11.0, 0.0)	(12.0, 0.0)	(13.0, 0.0)	(14.0, 0.0)	(15.0, 0.0)	(16.0, 0.0)	(17.0, 0.0)	(18.0, 0.0)	(19.0, 0.0)	(20.0, 0.0)	(21.0, 0.0)	(22.0, 0.0)	(23.0, 0.0)	(24.0, 0.0)	(25.0, 0.27095554775957337)	(26.0, 0.0)	(27.0, 0.0)	(28.0, 0.5253836016968618)	(29.0, 0.4437828200364552)	(30.0, 0.3309938070631972)	(31.0, 0.35532524228634393)	(32.0, 0.8648855321131516)	(33.0, 3.1390063813398434)	(34.0, 6.233174459123593)	(35.0, 8.190868969403363)	(36.0, 10.866982521322468)	(37.0, 10.61608501547676)	(38.0, 10.786795661405735)	(39.0, 9.016184917254114)	(40.0, 11.745968050447567)	(41.0, 8.030362421511898)	(42.0, 5.21348843101757)	(43.0, 3.0626318000755126)	(44.0, 2.425356745683688)	(45.0, 1.8966888343170132)	(46.0, 3.161148057195022)	(47.0, 1.4592891643622736)	(48.0, 0.0)	(49.0, 0.0)	(50.0, 0.284690621609137)	(51.0, 0.0)	(52.0, 0.07741587078844953)	(53.0, 0.0)	(54.0, 0.27095554775957337)	(55.0, 0.0)	(56.0, 0.32514665731148806)	(57.0, 0.40643332163935997)	(58.0, 0.0)	(59.0, 0.0)	(60.0, 0.0)	(61.0, 0.0)	(62.0, 0.0)	(63.0, 0.0)	(64.0, 0.0)	(65.0, 0.0)	(66.0, 0.0)	(67.0, 0.0)	(68.0, 0.0)	(69.0, 0.0)	(70.0, 0.0)	(71.0, 0.0)	(72.0, 0.0)	(73.0, 0.0)	(74.0, 0.0)	(75.0, 0.0)	(76.0, 0.0)	(77.0, 0.0)	(78.0, 0.0)	(79.0, 0.0)	(80.0, 0.0)	(81.0, 0.0)	(82.0, 0.0)	(83.0, 0.0)	(84.0, 0.0)	(85.0, 0.0)	(86.0, 0.0)	(87.0, 0.0)	(88.0, 0.0)	(89.0, 0.0)	(90.0, 0.0)	(91.0, 0.0)	(92.0, 0.0)	(93.0, 0.0)	(94.0, 0.0)	(95.0, 0.0)	(96.0, 0.0)	(97.0, 0.0)	(98.0, 0.0)	(99.0, 0.0)	(100.0, 0.0)
FAY99780_pass_barcode01_98e12ebb_5ad7f319_112	(0.0, 0.0)	(1.0, 0.0)	(2.0, 0.0)	(3.0, 0.0)	(4.0, 0.0)	(5.0, 0.0)	(6.0, 0.0)	(7.0, 0.0)	(8.0, 0.0)	(9.0, 0.0)	(10.0, 0.0)	(11.0, 0.0)	(12.0, 0.0)	(13.0, 0.0)	(14.0, 0.0)	(15.0, 0.0)	(16.0, 0.0)	(17.0, 0.0)	(18.0, 0.0)	(19.0, 0.0)	(20.0, 0.0)	(21.0, 0.0)	(22.0, 0.0)	(23.0, 0.0)	(24.0, 0.0)	(25.0, 0.0)	(26.0, 0.5269114121568627)	(27.0, 0.0)	(28.0, 0.30272427962929216)	(29.0, 0.5497534216090281)	(30.0, 0.27199965450426206)	(31.0, 1.015616044427892)	(32.0, 1.6578988541027437)	(33.0, 2.043923183979734)	(34.0, 5.093609123242515)	(35.0, 6.887733586754731)	(36.0, 8.150653122164538)	(37.0, 13.038335574665712)	(38.0, 10.908337460203398)	(39.0, 9.26547035430119)	(40.0, 9.94425745600034)	(41.0, 7.844180529089639)	(42.0, 5.20773349139039)	(43.0, 6.542448416780589)	(44.0, 2.580850505871131)	(45.0, 1.7124620895098037)	(46.0, 2.1603367898431367)	(47.0, 2.010659207378797)	(48.0, 1.6066479124783026)	(49.0, 0.22581917663865542)	(50.0, 0.45163835327731083)	(51.0, 0.0)	(52.0, 0.0)	(53.0, 0.0)	(54.0, 0.0)	(55.0, 0.0)	(56.0, 0.0)	(57.0, 0.0)	(58.0, 0.0)	(59.0, 0.0)	(60.0, 0.0)	(61.0, 0.0)	(62.0, 0.0)	(63.0, 0.0)	(64.0, 0.0)	(65.0, 0.0)	(66.0, 0.0)	(67.0, 0.0)	(68.0, 0.0)	(69.0, 0.0)	(70.0, 0.0)	(71.0, 0.0)	(72.0, 0.0)	(73.0, 0.0)	(74.0, 0.0)	(75.0, 0.0)	(76.0, 0.0)	(77.0, 0.0)	(78.0, 0.0)	(79.0, 0.0)	(80.0, 0.0)	(81.0, 0.0)	(82.0, 0.0)	(83.0, 0.0)	(84.0, 0.0)	(85.0, 0.0)	(86.0, 0.0)	(87.0, 0.0)	(88.0, 0.0)	(89.0, 0.0)	(90.0, 0.0)	(91.0, 0.0)	(92.0, 0.0)	(93.0, 0.0)	(94.0, 0.0)	(95.0, 0.0)	(96.0, 0.0)	(97.0, 0.0)	(98.0, 0.0)	(99.0, 0.0)	(100.0, 0.0)
FAY99780_pass_barcode01_98e12ebb_5ad7f319_113	(0.0, 0.0)	(1.0, 0.0)	(2.0, 0.0)	(3.0, 0.0)	(4.0, 0.0)	(5.0, 0.0)	(6.0, 0.0)	(7.0, 0.0)	(8.0, 0.0)	(9.0, 0.0)	(10.0, 0.0)	(11.0, 0.0)	(12.0, 0.0)	(13.0, 0.0)	(14.0, 0.0)	(15.0, 0.0)	(16.0, 0.0)	(17.0, 0.0)	(18.0, 0.0)	(19.0, 0.0)	(20.0, 0.0)	(21.0, 0.0)	(22.0, 0.0)	(23.0, 0.0)	(24.0, 0.0)	(25.0, 0.0)	(26.0, 0.0)	(27.0, 0.08041021143127389)	(28.0, 0.23392061507279677)	(29.0, 0.5686236262911991)	(30.0, 0.42060278976662)	(31.0, 2.4443033772433043)	(32.0, 1.6451102757853073)	(33.0, 1.877373442779288)	(34.0, 4.3749457945386805)	(35.0, 7.458811636222445)	(36.0, 8.739913337497205)	(37.0, 5.506119253222839)	(38.0, 11.637025385725233)	(39.0, 9.114118583139149)	(40.0, 10.230144202556026)	(41.0, 7.782435625481196)	(42.0, 5.755789653516661)	(43.0, 6.428796403930348)	(44.0, 2.1798477317096245)	(45.0, 2.1107680500709396)	(46.0, 1.97005018006621)	(47.0, 0.8443072200283758)	(48.0, 0.0)	(49.0, 0.0)	(50.0, 0.0)	(51.0, 0.8443072200283758)	(52.0, 0.9978176236698987)	(53.0, 0.0)	(54.0, 0.0)	(55.0, 0.0)	(56.0, 0.0)	(57.0, 0.0)	(58.0, 0.0)	(59.0, 0.0)	(60.0, 0.0)	(61.0, 0.0)	(62.0, 0.0)	(63.0, 0.0)	(64.0, 0.0)	(65.0, 0.0)	(66.0, 0.0)	(67.0, 0.0)	(68.0, 0.0)	(69.0, 0.8443072200283758)	(70.0, 1.6886144400567515)	(71.0, 1.6886144400567515)	(72.0, 1.6886144400567515)	(73.0, 0.8443072200283758)	(74.0, 0.0)	(75.0, 0.0)	(76.0, 0.0)	(77.0, 0.0)	(78.0, 0.0)	(79.0, 0.0)	(80.0, 0.0)	(81.0, 0.0)	(82.0, 0.0)	(83.0, 0.0)	(84.0, 0.0)	(85.0, 0.0)	(86.0, 0.0)	(87.0, 0.0)	(88.0, 0.0)	(89.0, 0.0)	(90.0, 0.0)	(91.0, 0.0)	(92.0, 0.0)	(93.0, 0.0)	(94.0, 0.0)	(95.0, 0.0)	(96.0, 0.0)	(97.0, 0.0)	(98.0, 0.0)	(99.0, 0.0)	(100.0, 0.0)
FAY99780_pass_barcode01_98e12ebb_5ad7f319_114	(0.0, 0.0)	(1.0, 0.0)	(2.0, 0.0)	(3.0, 0.0)	(4.0, 0.0)	(5.0, 0.0)	(6.0, 0.0)	(7.0, 0.0)	(8.0, 0.0)	(9.0, 0.0)	(10.0, 0.0)	(11.0, 0.0)	(12.0, 0.0)	(13.0, 0.0)	(14.0, 0.0)	(15.0, 0.0)	(16.0, 0.0)	(17.0, 0.0)	(18.0, 0.0)	(19.0, 0.0)	(20.0, 0.0)	(21.0, 0.0)	(22.0, 0.0)	(23.0, 0.0)	(24.0, 0.0)	(25.0, 0.0)	(26.0, 0.0)	(27.0, 0.0)	(28.0, 0.11236389575257529)	(29.0, 0.3554926378467436)	(30.0, 0.6017592026242018)	(31.0, 1.4757404263354263)	(32.0, 2.396222125628467)	(33.0, 1.1386972463063438)	(34.0, 3.3478261223148573)	(35.0, 6.69020227343353)	(36.0, 8.27038763222908)	(37.0, 12.64952138197731)	(38.0, 10.624631607400854)	(39.0, 8.966480883991244)	(40.0, 8.844875283213812)	(41.0, 7.753532098595869)	(42.0, 7.151640515718091)	(43.0, 6.0310008854532935)	(44.0, 3.3715280925562827)	(45.0, 2.009983741561796)	(46.0, 2.6043249941438384)	(47.0, 2.694129304286729)	(48.0, 0.8980431014289099)	(49.0, 0.0)	(50.0, 0.3592172405715639)	(51.0, 0.3592172405715639)	(52.0, 0.0)	(53.0, 0.0)	(54.0, 0.0)	(55.0, 0.0)	(56.0, 0.0)	(57.0, 0.0)	(58.0, 0.5388258608573459)	(59.0, 0.5388258608573459)	(60.0, 0.0)	(61.0, 0.0)	(62.0, 0.0)	(63.0, 0.0)	(64.0, 0.0)	(65.0, 0.0)	(66.0, 0.0)	(67.0, 0.0)	(68.0, 0.0)	(69.0, 0.0)	(70.0, 0.0)	(71.0, 0.0)	(72.0, 0.0)	(73.0, 0.0)	(74.0, 0.0)	(75.0, 0.0)	(76.0, 0.21553034434293838)	(77.0, 0.0)	(78.0, 0.0)	(79.0, 0.0)	(80.0, 0.0)	(81.0, 0.0)	(82.0, 0.0)	(83.0, 0.0)	(84.0, 0.0)	(85.0, 0.0)	(86.0, 0.0)	(87.0, 0.0)	(88.0, 0.0)	(89.0, 0.0)	(90.0, 0.0)	(91.0, 0.0)	(92.0, 0.0)	(93.0, 0.0)	(94.0, 0.0)	(95.0, 0.0)	(96.0, 0.0)	(97.0, 0.0)	(98.0, 0.0)	(99.0, 0.0)	(100.0, 0.0)
FAY99780_pass_barcode01_98e12ebb_5ad7f319_115	(0.0, 0.0)	(1.0, 0.0)	(2.0, 0.0)	(3.0, 0.0)	(4.0, 0.0)	(5.0, 0.0)	(6.0, 0.0)	(7.0, 0.0)	(8.0, 0.0)	(9.0, 0.0)	(10.0, 0.0)	(11.0, 0.0)	(12.0, 0.0)	(13.0, 0.0)	(14.0, 0.0)	(15.0, 0.0)	(16.0, 0.0)	(17.0, 0.0)	(18.0, 0.0)	(19.0, 0.0)	(20.0, 0.0)	(21.0, 0.0)	(22.0, 0.0)	(23.0, 0.0)	(24.0, 0.0)	(25.0, 0.0)	(26.0, 0.0)	(27.0, 0.0)	(28.0, 0.019462544137997577)	(29.0, 0.26923865520771595)	(30.0, 0.4746476200216689)	(31.0, 0.6055770352319313)	(32.0, 3.124619465733332)	(33.0, 3.417782297514429)	(34.0, 3.9493848222009644)	(35.0, 6.00688949482089)	(36.0, 6.650025518605829)	(37.0, 11.667707300252523)	(38.0, 15.857263097204296)	(39.0, 9.388593237168804)	(40.0, 9.074179133546965)	(41.0, 7.775293907634323)	(42.0, 7.387933834653154)	(43.0, 3.0670517409189224)	(44.0, 1.6965777761437317)	(45.0, 2.417247981939299)	(46.0, 0.887188700316513)	(47.0, 1.7582315649987479)	(48.0, 1.0894277755293766)	(49.0, 0.0)	(50.0, 0.0)	(51.0, 0.0)	(52.0, 0.2627443458629673)	(53.0, 0.0)	(54.0, 0.0)	(55.0, 0.0)	(56.0, 0.0)	(57.0, 0.0)	(58.0, 0.0)	(59.0, 0.788233037588902)	(60.0, 0.788233037588902)	(61.0, 0.0)	(62.0, 0.5254886917259346)	(63.0, 0.0)	(64.0, 0.0)	(65.0, 0.0)	(66.0, 0.0)	(67.0, 0.0)	(68.0, 0.0)	(69.0, 0.0)	(70.0, 0.5254886917259346)	(71.0, 0.0)	(72.0, 0.0)	(73.0, 0.0)	(74.0, 0.0)	(75.0, 0.0)	(76.0, 0.0)	(77.0, 0.0)	(78.0, 0.0)	(79.0, 0.0)	(80.0, 0.0)	(81.0, 0.0)	(82.0, 0.0)	(83.0, 0.5254886917259346)	(84.0, 0.0)	(85.0, 0.0)	(86.0, 0.0)	(87.0, 0.0)	(88.0, 0.0)	(89.0, 0.0)	(90.0, 0.0)	(91.0, 0.0)	(92.0, 0.0)	(93.0, 0.0)	(94.0, 0.0)	(95.0, 0.0)	(96.0, 0.0)	(97.0, 0.0)	(98.0, 0.0)	(99.0, 0.0)	(100.0, 0.0)
FAY99780_pass_barcode01_98e12ebb_5ad7f319_116	(0.0, 0.0)	(1.0, 0.0)	(2.0, 0.0)	(3.0, 0.0)	(4.0, 0.0)	(5.0, 0.0)	(6.0, 0.0)	(7.0, 0.0)	(8.0, 0.0)	(9.0, 0.0)	(10.0, 0.0)	(11.0, 0.0)	(12.0, 0.0)	(13.0, 0.0)	(14.0, 0.0)	(15.0, 0.0)	(16.0, 0.0)	(17.0, 0.0)	(18.0, 0.0)	(19.0, 0.0)	(20.0, 0.0)	(21.0, 0.0)	(22.0, 0.0)	(23.0, 0.0)	(24.0, 0.0)	(25.0, 0.0)	(26.0, 0.0)	(27.0, 0.0)	(28.0, 0.0)	(29.0, 0.21909232288347433)	(30.0, 1.0264366097485311)	(31.0, 3.044259548804999)	(32.0, 3.8785417212727595)	(33.0, 2.9163655336583454)	(34.0, 2.6716319882690827)	(35.0, 5.9480797514043875)	(36.0, 10.308772642879989)	(37.0, 9.959293733755258)	(38.0, 13.35205841419453)	(39.0, 14.685721233910105)	(40.0, 8.548702094489297)	(41.0, 5.4303016878245804)	(42.0, 4.783952133252006)	(43.0, 4.043480758924133)	(44.0, 2.3684226355885873)	(45.0, 1.7441976959045407)	(46.0, 1.6970572176368504)	(47.0, 0.7071071740153544)	(48.0, 0.4714047826769029)	(49.0, 0.7542476522830447)	(50.0, 0.5580600736101571)	(51.0, 0.1414214348030709)	(52.0, 0.2699863755331353)	(53.0, 0.0)	(54.0, 0.4714047826769029)	(55.0, 0.0)	(56.0, 0.0)	(57.0, 0.0)	(58.0, 0.0)	(59.0, 0.0)	(60.0, 0.0)	(61.0, 0.0)	(62.0, 0.0)	(63.0, 0.0)	(64.0, 0.0)	(65.0, 0.0)	(66.0, 0.0)	(67.0, 0.0)	(68.0, 0.0)	(69.0, 0.0)	(70.0, 0.0)	(71.0, 0.0)	(72.0, 0.0)	(73.0, 0.0)	(74.0, 0.0)	(75.0, 0.0)	(76.0, 0.0)	(77.0, 0.0)	(78.0, 0.0)	(79.0, 0.0)	(80.0, 0.0)	(81.0, 0.0)	(82.0, 0.0)	(83.0, 0.0)	(84.0, 0.0)	(85.0, 0.0)	(86.0, 0.0)	(87.0, 0.0)	(88.0, 0.0)	(89.0, 0.0)	(90.0, 0.0)	(91.0, 0.0)	(92.0, 0.0)	(93.0, 0.0)	(94.0, 0.0)	(95.0, 0.0)	(96.0, 0.0)	(97.0, 0.0)	(98.0, 0.0)	(99.0, 0.0)	(100.0, 0.0)
FAY99780_pass_barcode01_98e12ebb_5ad7f319_117	(0.0, 0.0)	(1.0, 0.0)	(2.0, 0.0)	(3.0, 0.0)	(4.0, 0.0)	(5.0, 0.0)	(6.0, 0.0)	(7.0, 0.0)	(8.0, 0.0)	(9.0, 0.0)	(10.0, 0.0)	(11.0, 0.0)	(12.0, 0.0)	(13.0, 0.0)	(14.0, 0.0)	(15.0, 0.0)	(16.0, 0.0)	(17.0, 0.0)	(18.0, 0.0)	(19.0, 0.0)	(20.0, 0.0)	(21.0, 0.0)	(22.0, 0.0)	(23.0, 0.0)	(24.0, 0.0)	(25.0, 0.0)	(26.0, 0.3630962206309861)	(27.0, 0.29327002435579647)	(28.0, 0.0)	(29.0, 0.3319969849506984)	(30.0, 0.5493373569442157)	(31.0, 0.9943733372490758)	(32.0, 1.2684633750753835)	(33.0, 1.1553121430512485)	(34.0, 2.539642864480536)	(35.0, 5.8599343398925585)	(36.0, 8.595439282104131)	(37.0, 11.078977467207023)	(38.0, 12.932146936820368)	(39.0, 10.903079460427513)	(40.0, 12.56232040302747)	(41.0, 8.236837620425206)	(42.0, 6.802202241211957)	(43.0, 4.050893910900051)	(44.0, 1.9917922487497846)	(45.0, 2.9327002435579645)	(46.0, 2.9815785809505972)	(47.0, 2.0280503596844834)	(48.0, 0.6220879304516894)	(49.0, 0.0)	(50.0, 0.2666091130507241)	(51.0, 0.0)	(52.0, 0.0)	(53.0, 0.0)	(54.0, 0.1832937652223728)	(55.0, 0.1832937652223728)	(56.0, 0.29327002435579647)	(57.0, 0.0)	(58.0, 0.0)	(59.0, 0.0)	(60.0, 0.0)	(61.0, 0.0)	(62.0, 0.0)	(63.0, 0.0)	(64.0, 0.0)	(65.0, 0.0)	(66.0, 0.0)	(67.0, 0.0)	(68.0, 0.0)	(69.0, 0.0)	(70.0, 0.0)	(71.0, 0.0)	(72.0, 0.0)	(73.0, 0.0)	(74.0, 0.0)	(75.0, 0.0)	(76.0, 0.0)	(77.0, 0.0)	(78.0, 0.0)	(79.0, 0.0)	(80.0, 0.0)	(81.0, 0.0)	(82.0, 0.0)	(83.0, 0.0)	(84.0, 0.0)	(85.0, 0.0)	(86.0, 0.0)	(87.0, 0.0)	(88.0, 0.0)	(89.0, 0.0)	(90.0, 0.0)	(91.0, 0.0)	(92.0, 0.0)	(93.0, 0.0)	(94.0, 0.0)	(95.0, 0.0)	(96.0, 0.0)	(97.0, 0.0)	(98.0, 0.0)	(99.0, 0.0)	(100.0, 0.0)
FAY99780_pass_barcode01_98e12ebb_5ad7f319_118	(0.0, 0.0)	(1.0, 0.0)	(2.0, 0.0)	(3.0, 0.0)	(4.0, 0.0)	(5.0, 0.0)	(6.0, 0.0)	(7.0, 0.0)	(8.0, 0.0)	(9.0, 0.0)	(10.0, 0.0)	(11.0, 0.0)	(12.0, 0.0)	(13.0, 0.0)	(14.0, 0.0)	(15.0, 0.0)	(16.0, 0.0)	(17.0, 0.0)	(18.0, 0.0)	(19.0, 0.0)	(20.0, 0.0)	(21.0, 0.0)	(22.0, 0.0)	(23.0, 0.0)	(24.0, 0.0)	(25.0, 0.0)	(26.0, 0.0)	(27.0, 0.0)	(28.0, 0.14690423682092169)	(29.0, 0.573650699416909)	(30.0, 0.3707583119766119)	(31.0, 1.4196677134190918)	(32.0, 1.3911671758251296)	(33.0, 1.7370880062598115)	(34.0, 4.508480595040451)	(35.0, 7.064819090181879)	(36.0, 8.056550012387504)	(37.0, 11.543545144895507)	(38.0, 10.001499578119253)	(39.0, 12.877295846700445)	(40.0, 10.890631765295462)	(41.0, 10.037007957425677)	(42.0, 4.872371640178889)	(43.0, 4.835337180929606)	(44.0, 2.9625687758885872)	(45.0, 2.100289071073325)	(46.0, 2.2892576904593627)	(47.0, 0.8079733025150693)	(48.0, 0.0)	(49.0, 0.19903154666060358)	(50.0, 0.05212730983968188)	(51.0, 0.07694983833476851)	(52.0, 0.8618381893494071)	(53.0, 0.3231893210060277)	(54.0, 0.0)	(55.0, 0.0)	(56.0, 0.0)	(57.0, 0.0)	(58.0, 0.0)	(59.0, 0.0)	(60.0, 0.0)	(61.0, 0.0)	(62.0, 0.0)	(63.0, 0.0)	(64.0, 0.0)	(65.0, 0.0)	(66.0, 0.0)	(67.0, 0.0)	(68.0, 0.0)	(69.0, 0.0)	(70.0, 0.0)	(71.0, 0.0)	(72.0, 0.0)	(73.0, 0.0)	(74.0, 0.0)	(75.0, 0.0)	(76.0, 0.0)	(77.0, 0.0)	(78.0, 0.0)	(79.0, 0.0)	(80.0, 0.0)	(81.0, 0.0)	(82.0, 0.0)	(83.0, 0.0)	(84.0, 0.0)	(85.0, 0.0)	(86.0, 0.0)	(87.0, 0.0)	(88.0, 0.0)	(89.0, 0.0)	(90.0, 0.0)	(91.0, 0.0)	(92.0, 0.0)	(93.0, 0.0)	(94.0, 0.0)	(95.0, 0.0)	(96.0, 0.0)	(97.0, 0.0)	(98.0, 0.0)	(99.0, 0.0)	(100.0, 0.0)
FAY99780_pass_barcode01_98e12ebb_5ad7f319_119	(0.0, 0.0)	(1.0, 0.0)	(2.0, 0.0)	(3.0, 0.0)	(4.0, 0.0)	(5.0, 0.0)	(6.0, 0.0)	(7.0, 0.0)	(8.0, 0.0)	(9.0, 0.0)	(10.0, 0.0)	(11.0, 0.0)	(12.0, 0.0)	(13.0, 0.0)	(14.0, 0.0)	(15.0, 0.0)	(16.0, 0.0)	(17.0, 0.0)	(18.0, 0.0)	(19.0, 0.0)	(20.0, 0.0)	(21.0, 0.0)	(22.0, 0.7447852799741054)	(23.0, 1.4895705599482107)	(24.0, 1.4895705599482107)	(25.0, 0.910293119968351)	(26.0, 0.13541550544983733)	(27.0, 0.13541550544983733)	(28.0, 0.18619631999352634)	(29.0, 1.5059339893039452)	(30.0, 2.0279181143925915)	(31.0, 3.097251149308838)	(32.0, 3.952620202159121)	(33.0, 4.8254100981912)	(34.0, 5.289418096618805)	(35.0, 6.208251053579623)	(36.0, 5.790167096303983)	(37.0, 9.013957626272274)	(38.0, 9.832886742091898)	(39.0, 11.652121702561605)	(40.0, 9.991540993679557)	(41.0, 4.158180061284654)	(42.0, 3.0442381353277566)	(43.0, 4.350061903640966)	(44.0, 2.132794210834938)	(45.0, 2.358486719918)	(46.0, 1.3385767666762984)	(47.0, 2.1440788362890912)	(48.0, 1.512139810856517)	(49.0, 0.0)	(50.0, 0.18619631999352634)	(51.0, 0.0)	(52.0, 0.0)	(53.0, 0.0)	(54.0, 0.0)	(55.0, 0.0)	(56.0, 0.0)	(57.0, 0.0)	(58.0, 0.0)	(59.0, 0.4965235199827369)	(60.0, 0.0)	(61.0, 0.0)	(62.0, 0.0)	(63.0, 0.0)	(64.0, 0.0)	(65.0, 0.0)	(66.0, 0.0)	(67.0, 0.0)	(68.0, 0.0)	(69.0, 0.0)	(70.0, 0.0)	(71.0, 0.0)	(72.0, 0.0)	(73.0, 0.0)	(74.0, 0.0)	(75.0, 0.0)	(76.0, 0.0)	(77.0, 0.0)	(78.0, 0.0)	(79.0, 0.0)	(80.0, 0.0)	(81.0, 0.0)	(82.0, 0.0)	(83.0, 0.0)	(84.0, 0.0)	(85.0, 0.0)	(86.0, 0.0)	(87.0, 0.0)	(88.0, 0.0)	(89.0, 0.0)	(90.0, 0.0)	(91.0, 0.0)	(92.0, 0.0)	(93.0, 0.0)	(94.0, 0.0)	(95.0, 0.0)	(96.0, 0.0)	(97.0, 0.0)	(98.0, 0.0)	(99.0, 0.0)	(100.0, 0.0)
FAY99780_pass_barcode01_98e12ebb_5ad7f319_12	(0.0, 0.0)	(1.0, 0.0)	(2.0, 0.0)	(3.0, 0.0)	(4.0, 0.0)	(5.0, 0.0)	(6.0, 0.0)	(7.0, 0.0)	(8.0, 0.0)	(9.0, 0.0)	(10.0, 0.0)	(11.0, 0.0)	(12.0, 0.0)	(13.0, 0.0)	(14.0, 0.0)	(15.0, 0.0)	(16.0, 0.0)	(17.0, 0.0)	(18.0, 0.0)	(19.0, 0.0)	(20.0, 0.0)	(21.0, 0.0)	(22.0, 0.0)	(23.0, 0.25066971712555886)	(24.0, 0.0)	(25.0, 0.4700057196104228)	(26.0, 0.34329254515435764)	(27.0, 0.6114821887456814)	(28.0, 1.3441628149135607)	(29.0, 1.427026889636217)	(30.0, 1.2286435093215788)	(31.0, 1.7177554642983757)	(32.0, 2.1042285983447933)	(33.0, 3.772742729612308)	(34.0, 4.3790134674406875)	(35.0, 5.707789824014379)	(36.0, 6.608476296291185)	(37.0, 10.312608314600876)	(38.0, 12.830482873233674)	(39.0, 13.670030823710707)	(40.0, 8.632141100748651)	(41.0, 7.504576697609937)	(42.0, 4.312530115766869)	(43.0, 2.42496200264441)	(44.0, 2.0268141184807615)	(45.0, 1.8296447762011976)	(46.0, 0.9141692966244811)	(47.0, 0.9627995953231692)	(48.0, 0.9457084782464265)	(49.0, 1.038488828091601)	(50.0, 0.632371331839478)	(51.0, 0.13672893661394117)	(52.0, 0.06836446830697059)	(53.0, 0.0)	(54.0, 0.0)	(55.0, 0.15040183027533532)	(56.0, 0.451205490826006)	(57.0, 0.43867200496972797)	(58.0, 0.5013394342511177)	(59.0, 0.25066971712555886)	(60.0, 0.0)	(61.0, 0.0)	(62.0, 0.0)	(63.0, 0.0)	(64.0, 0.0)	(65.0, 0.0)	(66.0, 0.0)	(67.0, 0.0)	(68.0, 0.0)	(69.0, 0.0)	(70.0, 0.0)	(71.0, 0.0)	(72.0, 0.0)	(73.0, 0.0)	(74.0, 0.0)	(75.0, 0.0)	(76.0, 0.0)	(77.0, 0.0)	(78.0, 0.0)	(79.0, 0.0)	(80.0, 0.0)	(81.0, 0.0)	(82.0, 0.0)	(83.0, 0.0)	(84.0, 0.0)	(85.0, 0.0)	(86.0, 0.0)	(87.0, 0.0)	(88.0, 0.0)	(89.0, 0.0)	(90.0, 0.0)	(91.0, 0.0)	(92.0, 0.0)	(93.0, 0.0)	(94.0, 0.0)	(95.0, 0.0)	(96.0, 0.0)	(97.0, 0.0)	(98.0, 0.0)	(99.0, 0.0)	(100.0, 0.0)
FAY99780_pass_barcode01_98e12ebb_5ad7f319_120	(0.0, 0.0)	(1.0, 0.0)	(2.0, 0.0)	(3.0, 0.0)	(4.0, 0.0)	(5.0, 0.0)	(6.0, 0.0)	(7.0, 0.0)	(8.0, 0.0)	(9.0, 0.0)	(10.0, 0.0)	(11.0, 0.0)	(12.0, 0.0)	(13.0, 0.0)	(14.0, 0.0)	(15.0, 0.0)	(16.0, 0.0)	(17.0, 0.0)	(18.0, 0.0)	(19.0, 0.0)	(20.0, 0.0)	(21.0, 0.0)	(22.0, 0.0)	(23.0, 0.0)	(24.0, 0.0)	(25.0, 0.5171880914820595)	(26.0, 0.5171880914820595)	(27.0, 0.0)	(28.0, 0.52894236628847)	(29.0, 1.1299340837051224)	(30.0, 1.3051528633083402)	(31.0, 1.9276686093095863)	(32.0, 2.7934719192651256)	(33.0, 4.125628731776009)	(34.0, 5.841534102245315)	(35.0, 5.838724548700837)	(36.0, 6.205524505057966)	(37.0, 8.867479807485726)	(38.0, 12.07654744903274)	(39.0, 11.32449055127812)	(40.0, 8.475321328588425)	(41.0, 7.852971818903344)	(42.0, 4.29550585563188)	(43.0, 2.6646703750690146)	(44.0, 2.778710564235429)	(45.0, 2.936889519487409)	(46.0, 2.918418516220193)	(47.0, 0.9551296205596098)	(48.0, 0.19394553430577233)	(49.0, 0.0)	(50.0, 0.825832597689095)	(51.0, 1.5515642744461786)	(52.0, 0.7757821372230893)	(53.0, 0.0)	(54.0, 0.0)	(55.0, 0.0)	(56.0, 0.0)	(57.0, 0.0)	(58.0, 0.38789106861154465)	(59.0, 0.38789106861154465)	(60.0, 0.0)	(61.0, 0.0)	(62.0, 0.0)	(63.0, 0.0)	(64.0, 0.0)	(65.0, 0.0)	(66.0, 0.0)	(67.0, 0.0)	(68.0, 0.0)	(69.0, 0.0)	(70.0, 0.0)	(71.0, 0.0)	(72.0, 0.0)	(73.0, 0.0)	(74.0, 0.0)	(75.0, 0.0)	(76.0, 0.0)	(77.0, 0.0)	(78.0, 0.0)	(79.0, 0.0)	(80.0, 0.0)	(81.0, 0.0)	(82.0, 0.0)	(83.0, 0.0)	(84.0, 0.0)	(85.0, 0.0)	(86.0, 0.0)	(87.0, 0.0)	(88.0, 0.0)	(89.0, 0.0)	(90.0, 0.0)	(91.0, 0.0)	(92.0, 0.0)	(93.0, 0.0)	(94.0, 0.0)	(95.0, 0.0)	(96.0, 0.0)	(97.0, 0.0)	(98.0, 0.0)	(99.0, 0.0)	(100.0, 0.0)
FAY99780_pass_barcode01_98e12ebb_5ad7f319_121	(0.0, 0.0)	(1.0, 0.0)	(2.0, 0.0)	(3.0, 0.0)	(4.0, 0.0)	(5.0, 0.0)	(6.0, 0.0)	(7.0, 0.0)	(8.0, 0.0)	(9.0, 0.0)	(10.0, 0.0)	(11.0, 0.0)	(12.0, 0.0)	(13.0, 0.0)	(14.0, 0.0)	(15.0, 0.0)	(16.0, 0.0)	(17.0, 0.0)	(18.0, 0.0)	(19.0, 0.0)	(20.0, 0.0)	(21.0, 0.0)	(22.0, 0.0)	(23.0, 0.0)	(24.0, 0.0)	(25.0, 0.0)	(26.0, 0.0)	(27.0, 0.0)	(28.0, 0.8249651449793493)	(29.0, 0.0)	(30.0, 1.3744847050998392)	(31.0, 0.4344658620818575)	(32.0, 1.3209978836655347)	(33.0, 2.2316086883197457)	(34.0, 5.980615936148177)	(35.0, 6.093965904096548)	(36.0, 12.065301481708426)	(37.0, 11.238751075686546)	(38.0, 13.113425706103191)	(39.0, 9.649941175741104)	(40.0, 10.64857678021013)	(41.0, 6.866746397682139)	(42.0, 5.458265994293125)	(43.0, 4.964416351651922)	(44.0, 3.596438958484353)	(45.0, 0.20453681280479732)	(46.0, 0.0)	(47.0, 0.5624762352131927)	(48.0, 0.22499049408527708)	(49.0, 0.07257757873718614)	(50.0, 0.0)	(51.0, 0.07257757873718614)	(52.0, 0.0)	(53.0, 0.7499683136175901)	(54.0, 1.1249524704263854)	(55.0, 1.1249524704263854)	(56.0, 0.0)	(57.0, 0.0)	(58.0, 0.0)	(59.0, 0.0)	(60.0, 0.0)	(61.0, 0.0)	(62.0, 0.0)	(63.0, 0.0)	(64.0, 0.0)	(65.0, 0.0)	(66.0, 0.0)	(67.0, 0.0)	(68.0, 0.0)	(69.0, 0.0)	(70.0, 0.0)	(71.0, 0.0)	(72.0, 0.0)	(73.0, 0.0)	(74.0, 0.0)	(75.0, 0.0)	(76.0, 0.0)	(77.0, 0.0)	(78.0, 0.0)	(79.0, 0.0)	(80.0, 0.0)	(81.0, 0.0)	(82.0, 0.0)	(83.0, 0.0)	(84.0, 0.0)	(85.0, 0.0)	(86.0, 0.0)	(87.0, 0.0)	(88.0, 0.0)	(89.0, 0.0)	(90.0, 0.0)	(91.0, 0.0)	(92.0, 0.0)	(93.0, 0.0)	(94.0, 0.0)	(95.0, 0.0)	(96.0, 0.0)	(97.0, 0.0)	(98.0, 0.0)	(99.0, 0.0)	(100.0, 0.0)
FAY99780_pass_barcode01_98e12ebb_5ad7f319_122	(0.0, 0.0)	(1.0, 0.0)	(2.0, 0.0)	(3.0, 0.0)	(4.0, 0.0)	(5.0, 0.0)	(6.0, 0.0)	(7.0, 0.0)	(8.0, 0.0)	(9.0, 0.0)	(10.0, 0.0)	(11.0, 0.0)	(12.0, 0.0)	(13.0, 0.0)	(14.0, 0.0)	(15.0, 0.0)	(16.0, 0.0)	(17.0, 0.0)	(18.0, 0.0)	(19.0, 0.0)	(20.0, 0.0)	(21.0, 0.0)	(22.0, 0.0)	(23.0, 0.6102221094072164)	(24.0, 0.6102221094072164)	(25.0, 0.0)	(26.0, 0.0)	(27.0, 0.0)	(28.0, 0.1664242116565136)	(29.0, 0.1664242116565136)	(30.0, 0.8630357841046168)	(31.0, 0.36461018298289527)	(32.0, 1.2437045116214702)	(33.0, 3.5440059138169673)	(34.0, 4.1978810315424555)	(35.0, 6.932913716843403)	(36.0, 6.067032293202798)	(37.0, 11.648708508954876)	(38.0, 11.84192823827279)	(39.0, 10.45923794202613)	(40.0, 10.913103137019037)	(41.0, 8.377360786135847)	(42.0, 5.638705448449004)	(43.0, 2.8208903875779052)	(44.0, 4.000357888732373)	(45.0, 3.7666326526917855)	(46.0, 2.410377332158505)	(47.0, 0.9153331641108247)	(48.0, 0.6102221094072164)	(49.0, 0.9153331641108247)	(50.0, 0.9153331641108247)	(51.0, 0.0)	(52.0, 0.0)	(53.0, 0.0)	(54.0, 0.0)	(55.0, 0.0)	(56.0, 0.0)	(57.0, 0.0)	(58.0, 0.0)	(59.0, 0.0)	(60.0, 0.0)	(61.0, 0.0)	(62.0, 0.0)	(63.0, 0.0)	(64.0, 0.0)	(65.0, 0.0)	(66.0, 0.0)	(67.0, 0.0)	(68.0, 0.0)	(69.0, 0.0)	(70.0, 0.0)	(71.0, 0.0)	(72.0, 0.0)	(73.0, 0.0)	(74.0, 0.0)	(75.0, 0.0)	(76.0, 0.0)	(77.0, 0.0)	(78.0, 0.0)	(79.0, 0.0)	(80.0, 0.0)	(81.0, 0.0)	(82.0, 0.0)	(83.0, 0.0)	(84.0, 0.0)	(85.0, 0.0)	(86.0, 0.0)	(87.0, 0.0)	(88.0, 0.0)	(89.0, 0.0)	(90.0, 0.0)	(91.0, 0.0)	(92.0, 0.0)	(93.0, 0.0)	(94.0, 0.0)	(95.0, 0.0)	(96.0, 0.0)	(97.0, 0.0)	(98.0, 0.0)	(99.0, 0.0)	(100.0, 0.0)
FAY99780_pass_barcode01_98e12ebb_5ad7f319_123	(0.0, 1.3992944557961602)	(1.0, 1.3992944557961602)	(2.0, 1.3992944557961602)	(3.0, 1.3992944557961602)	(4.0, 1.3992944557961602)	(5.0, 1.3992944557961602)	(6.0, 1.3992944557961602)	(7.0, 1.3992944557961602)	(8.0, 1.3992944557961602)	(9.0, 1.3992944557961602)	(10.0, 1.3992944557961602)	(11.0, 1.3992944557961602)	(12.0, 1.3992944557961602)	(13.0, 1.3992944557961602)	(14.0, 1.3992944557961602)	(15.0, 1.3992944557961602)	(16.0, 1.3992944557961602)	(17.0, 0.6996472278980801)	(18.0, 0.0)	(19.0, 0.0)	(20.0, 0.0)	(21.0, 0.0)	(22.0, 0.0)	(23.0, 0.0)	(24.0, 0.6996472278980801)	(25.0, 1.0494708418471201)	(26.0, 0.279858891159232)	(27.0, 0.559717782318464)	(28.0, 0.6996472278980801)	(29.0, 1.8716685487621356)	(30.0, 1.0897731015186682)	(31.0, 0.98900750116457)	(32.0, 1.6095130176476364)	(33.0, 2.7407231693527834)	(34.0, 1.716134770010384)	(35.0, 3.5615169287965265)	(36.0, 7.072922228834863)	(37.0, 6.4992259809478234)	(38.0, 8.485537861968393)	(39.0, 8.1735356656612)	(40.0, 6.254688262687956)	(41.0, 5.799396944379243)	(42.0, 5.182431478329062)	(43.0, 4.554976043445551)	(44.0, 2.376155451115667)	(45.0, 2.109542399268453)	(46.0, 0.0)	(47.0, 0.34982361394904005)	(48.0, 1.2127218616900053)	(49.0, 0.0)	(50.0, 0.0)	(51.0, 0.0)	(52.0, 0.0)	(53.0, 0.39979841594176)	(54.0, 0.17491180697452002)	(55.0, 0.0)	(56.0, 0.0)	(57.0, 0.0)	(58.0, 0.0)	(59.0, 0.0)	(60.0, 0.0)	(61.0, 0.0)	(62.0, 0.0)	(63.0, 0.0)	(64.0, 0.0)	(65.0, 0.0)	(66.0, 0.0)	(67.0, 0.0)	(68.0, 0.0)	(69.0, 0.0)	(70.0, 0.0)	(71.0, 0.0)	(72.0, 0.0)	(73.0, 0.0)	(74.0, 0.0)	(75.0, 0.0)	(76.0, 0.0)	(77.0, 0.0)	(78.0, 0.0)	(79.0, 0.0)	(80.0, 0.0)	(81.0, 0.0)	(82.0, 0.0)	(83.0, 0.0)	(84.0, 0.0)	(85.0, 0.0)	(86.0, 0.0)	(87.0, 0.0)	(88.0, 0.0)	(89.0, 0.0)	(90.0, 0.0)	(91.0, 0.0)	(92.0, 0.0)	(93.0, 0.0)	(94.0, 0.0)	(95.0, 0.0)	(96.0, 0.0)	(97.0, 0.0)	(98.0, 0.0)	(99.0, 0.0)	(100.0, 0.0)
FAY99780_pass_barcode01_98e12ebb_5ad7f319_124	(0.0, 0.0)	(1.0, 0.0)	(2.0, 0.0)	(3.0, 0.0)	(4.0, 0.0)	(5.0, 0.0)	(6.0, 0.0)	(7.0, 0.0)	(8.0, 0.0)	(9.0, 0.0)	(10.0, 0.0)	(11.0, 0.0)	(12.0, 0.0)	(13.0, 0.0)	(14.0, 0.0)	(15.0, 0.0)	(16.0, 0.0)	(17.0, 0.0)	(18.0, 0.0)	(19.0, 0.0)	(20.0, 0.0)	(21.0, 0.0)	(22.0, 0.0)	(23.0, 0.0)	(24.0, 0.0)	(25.0, 0.0)	(26.0, 0.3047077163614359)	(27.0, 0.5078461939357265)	(28.0, 0.0790197113903787)	(29.0, 0.30306950283261097)	(30.0, 0.5569925998004742)	(31.0, 1.2856904235055595)	(32.0, 1.151540464087966)	(33.0, 2.580363509590678)	(34.0, 5.081057154159967)	(35.0, 6.497203583383046)	(36.0, 9.572248805369089)	(37.0, 12.120194331026129)	(38.0, 12.793289748478509)	(39.0, 11.334712448040953)	(40.0, 11.923281633308513)	(41.0, 8.34755513034304)	(42.0, 4.424208389595451)	(43.0, 2.145155513994741)	(44.0, 2.0166054380590785)	(45.0, 2.200239360426923)	(46.0, 0.5193881528888112)	(47.0, 0.0)	(48.0, 0.7617692909035898)	(49.0, 0.7617692909035898)	(50.0, 1.1517226183899512)	(51.0, 0.550166710097037)	(52.0, 0.5078461939357265)	(53.0, 0.3047077163614359)	(54.0, 0.21764836882959704)	(55.0, 0.0)	(56.0, 0.0)	(57.0, 0.0)	(58.0, 0.0)	(59.0, 0.0)	(60.0, 0.0)	(61.0, 0.0)	(62.0, 0.0)	(63.0, 0.0)	(64.0, 0.0)	(65.0, 0.0)	(66.0, 0.0)	(67.0, 0.0)	(68.0, 0.0)	(69.0, 0.0)	(70.0, 0.0)	(71.0, 0.0)	(72.0, 0.0)	(73.0, 0.0)	(74.0, 0.0)	(75.0, 0.0)	(76.0, 0.0)	(77.0, 0.0)	(78.0, 0.0)	(79.0, 0.0)	(80.0, 0.0)	(81.0, 0.0)	(82.0, 0.0)	(83.0, 0.0)	(84.0, 0.0)	(85.0, 0.0)	(86.0, 0.0)	(87.0, 0.0)	(88.0, 0.0)	(89.0, 0.0)	(90.0, 0.0)	(91.0, 0.0)	(92.0, 0.0)	(93.0, 0.0)	(94.0, 0.0)	(95.0, 0.0)	(96.0, 0.0)	(97.0, 0.0)	(98.0, 0.0)	(99.0, 0.0)	(100.0, 0.0)
FAY99780_pass_barcode01_98e12ebb_5ad7f319_125	(0.0, 0.0)	(1.0, 0.0)	(2.0, 0.0)	(3.0, 0.0)	(4.0, 0.0)	(5.0, 0.0)	(6.0, 0.0)	(7.0, 0.0)	(8.0, 0.0)	(9.0, 0.0)	(10.0, 0.0)	(11.0, 0.0)	(12.0, 0.0)	(13.0, 0.0)	(14.0, 0.0)	(15.0, 0.0)	(16.0, 0.0)	(17.0, 0.0)	(18.0, 0.0)	(19.0, 0.0)	(20.0, 0.0)	(21.0, 0.5761649419337913)	(22.0, 1.1523298838675826)	(23.0, 1.1523298838675826)	(24.0, 1.1523298838675826)	(25.0, 1.1523298838675826)	(26.0, 1.1523298838675826)	(27.0, 1.6499268791740387)	(28.0, 1.2963711193510303)	(29.0, 1.3844391118123898)	(30.0, 1.5411869100323659)	(31.0, 1.9873629048663033)	(32.0, 1.8684127403575364)	(33.0, 2.0889922996477983)	(34.0, 4.245814998052434)	(35.0, 5.447139241078973)	(36.0, 7.071833124213669)	(37.0, 12.173778764899502)	(38.0, 9.796629826997133)	(39.0, 7.838169581717493)	(40.0, 7.177723938887122)	(41.0, 6.150464327924684)	(42.0, 3.7233881476495077)	(43.0, 4.456178174182234)	(44.0, 4.714575641745681)	(45.0, 2.8982842533639195)	(46.0, 1.7831358202946255)	(47.0, 1.1523298838675826)	(48.0, 0.9602749032229854)	(49.0, 0.5761649419337913)	(50.0, 0.5761649419337913)	(51.0, 0.11523298838675826)	(52.0, 0.0)	(53.0, 0.19205498064459708)	(54.0, 0.33522323894329675)	(55.0, 0.23046597677351652)	(56.0, 0.23046597677351652)	(57.0, 0.0)	(58.0, 0.0)	(59.0, 0.0)	(60.0, 0.0)	(61.0, 0.0)	(62.0, 0.0)	(63.0, 0.0)	(64.0, 0.0)	(65.0, 0.0)	(66.0, 0.0)	(67.0, 0.0)	(68.0, 0.0)	(69.0, 0.0)	(70.0, 0.0)	(71.0, 0.0)	(72.0, 0.0)	(73.0, 0.0)	(74.0, 0.0)	(75.0, 0.0)	(76.0, 0.0)	(77.0, 0.0)	(78.0, 0.0)	(79.0, 0.0)	(80.0, 0.0)	(81.0, 0.0)	(82.0, 0.0)	(83.0, 0.0)	(84.0, 0.0)	(85.0, 0.0)	(86.0, 0.0)	(87.0, 0.0)	(88.0, 0.0)	(89.0, 0.0)	(90.0, 0.0)	(91.0, 0.0)	(92.0, 0.0)	(93.0, 0.0)	(94.0, 0.0)	(95.0, 0.0)	(96.0, 0.0)	(97.0, 0.0)	(98.0, 0.0)	(99.0, 0.0)	(100.0, 0.0)
FAY99780_pass_barcode01_98e12ebb_5ad7f319_126	(0.0, 0.0)	(1.0, 0.0)	(2.0, 0.0)	(3.0, 0.0)	(4.0, 0.0)	(5.0, 0.0)	(6.0, 0.0)	(7.0, 0.0)	(8.0, 0.0)	(9.0, 0.0)	(10.0, 0.0)	(11.0, 0.0)	(12.0, 0.0)	(13.0, 0.0)	(14.0, 0.0)	(15.0, 0.0)	(16.0, 0.0)	(17.0, 0.0)	(18.0, 0.0)	(19.0, 0.0)	(20.0, 0.0)	(21.0, 0.0)	(22.0, 0.0)	(23.0, 0.0)	(24.0, 0.0)	(25.0, 0.10777337327048389)	(26.0, 0.0)	(27.0, 0.17243739723277424)	(28.0, 0.0)	(29.0, 0.42488186225478186)	(30.0, 0.37807844235788124)	(31.0, 0.9323031642849912)	(32.0, 1.415247754828698)	(33.0, 0.9420052509389389)	(34.0, 2.0687894827044335)	(35.0, 4.394432392849152)	(36.0, 4.759651917987475)	(37.0, 6.174283366026482)	(38.0, 6.754837841722518)	(39.0, 7.115606548800395)	(40.0, 6.405487769866794)	(41.0, 4.831446495465299)	(42.0, 2.9009179004152097)	(43.0, 2.2003186066091116)	(44.0, 1.4138433808789852)	(45.0, 1.5078941229878957)	(46.0, 0.8211304630132106)	(47.0, 0.10777337327048389)	(48.0, 0.0)	(49.0, 0.027812483424641)	(50.0, 0.45890597650657655)	(51.0, 0.8621869861638711)	(52.0, 0.8621869861638711)	(53.0, 0.8621869861638711)	(54.0, 0.8621869861638711)	(55.0, 0.8621869861638711)	(56.0, 0.8621869861638711)	(57.0, 1.1495826482184948)	(58.0, 1.1495826482184948)	(59.0, 0.8621869861638711)	(60.0, 0.8621869861638711)	(61.0, 0.8621869861638711)	(62.0, 0.8621869861638711)	(63.0, 0.8621869861638711)	(64.0, 0.8621869861638711)	(65.0, 0.8621869861638711)	(66.0, 0.8621869861638711)	(67.0, 0.8621869861638711)	(68.0, 0.8621869861638711)	(69.0, 0.8621869861638711)	(70.0, 0.8621869861638711)	(71.0, 0.8621869861638711)	(72.0, 0.8621869861638711)	(73.0, 0.8621869861638711)	(74.0, 0.8621869861638711)	(75.0, 0.8621869861638711)	(76.0, 0.8621869861638711)	(77.0, 0.8621869861638711)	(78.0, 0.8621869861638711)	(79.0, 0.8621869861638711)	(80.0, 0.8621869861638711)	(81.0, 0.8621869861638711)	(82.0, 0.8621869861638711)	(83.0, 0.8621869861638711)	(84.0, 0.8621869861638711)	(85.0, 0.8621869861638711)	(86.0, 0.8621869861638711)	(87.0, 0.8621869861638711)	(88.0, 0.8621869861638711)	(89.0, 0.8621869861638711)	(90.0, 0.8621869861638711)	(91.0, 0.8621869861638711)	(92.0, 0.8621869861638711)	(93.0, 0.8621869861638711)	(94.0, 0.8621869861638711)	(95.0, 0.8621869861638711)	(96.0, 0.8621869861638711)	(97.0, 0.8621869861638711)	(98.0, 0.8621869861638711)	(99.0, 0.8621869861638711)	(100.0, 0.8621869861638711)
FAY99780_pass_barcode01_98e12ebb_5ad7f319_127	(0.0, 1.5500081995891726)	(1.0, 1.5500081995891726)	(2.0, 1.5500081995891726)	(3.0, 1.5500081995891726)	(4.0, 1.5500081995891726)	(5.0, 1.5500081995891726)	(6.0, 1.5500081995891726)	(7.0, 1.5500081995891726)	(8.0, 1.5500081995891726)	(9.0, 1.5500081995891726)	(10.0, 0.7750040997945863)	(11.0, 0.0)	(12.0, 0.0)	(13.0, 0.0)	(14.0, 0.0)	(15.0, 0.0)	(16.0, 0.0)	(17.0, 0.0)	(18.0, 0.0)	(19.0, 0.0)	(20.0, 0.0)	(21.0, 0.0)	(22.0, 0.0)	(23.0, 0.0)	(24.0, 0.0)	(25.0, 0.0)	(26.0, 0.0)	(27.0, 0.0)	(28.0, 0.0)	(29.0, 0.050000264502876535)	(30.0, 0.49986676325614243)	(31.0, 1.7306697568543903)	(32.0, 2.080589111354182)	(33.0, 4.55052537427861)	(34.0, 4.171648875551628)	(35.0, 6.063608166346549)	(36.0, 5.86299267996397)	(37.0, 6.310201732899552)	(38.0, 8.726703867929258)	(39.0, 7.189275408661376)	(40.0, 8.896266100880744)	(41.0, 8.007852885725256)	(42.0, 9.325999895834828)	(43.0, 3.1240046213148442)	(44.0, 2.754649153280579)	(45.0, 2.1355668527673046)	(46.0, 0.5166693998630575)	(47.0, 0.38750204989729314)	(48.0, 0.5284118862235816)	(49.0, 0.07380991426615108)	(50.0, 0.0)	(51.0, 0.0)	(52.0, 0.0)	(53.0, 0.0)	(54.0, 0.2214297427984532)	(55.0, 0.0)	(56.0, 0.0)	(57.0, 0.0)	(58.0, 0.0)	(59.0, 0.0)	(60.0, 0.0)	(61.0, 0.0)	(62.0, 0.0)	(63.0, 0.0)	(64.0, 0.0)	(65.0, 0.0)	(66.0, 0.0)	(67.0, 0.0)	(68.0, 0.0)	(69.0, 0.0)	(70.0, 0.0)	(71.0, 0.0)	(72.0, 0.5166693998630575)	(73.0, 0.0)	(74.0, 0.0)	(75.0, 0.0)	(76.0, 0.0)	(77.0, 0.0)	(78.0, 0.0)	(79.0, 0.0)	(80.0, 0.0)	(81.0, 0.0)	(82.0, 0.0)	(83.0, 0.0)	(84.0, 0.0)	(85.0, 0.0)	(86.0, 0.0)	(87.0, 0.0)	(88.0, 0.0)	(89.0, 0.0)	(90.0, 0.0)	(91.0, 0.0)	(92.0, 0.0)	(93.0, 0.0)	(94.0, 0.0)	(95.0, 0.0)	(96.0, 0.0)	(97.0, 0.0)	(98.0, 0.0)	(99.0, 0.0)	(100.0, 0.0)
FAY99780_pass_barcode01_98e12ebb_5ad7f319_128	(0.0, 0.0)	(1.0, 0.0)	(2.0, 0.0)	(3.0, 0.0)	(4.0, 0.0)	(5.0, 0.0)	(6.0, 0.0)	(7.0, 0.0)	(8.0, 0.0)	(9.0, 0.0)	(10.0, 0.0)	(11.0, 0.0)	(12.0, 0.0)	(13.0, 0.0)	(14.0, 0.0)	(15.0, 0.0)	(16.0, 0.0)	(17.0, 0.0)	(18.0, 0.0)	(19.0, 0.0)	(20.0, 0.0)	(21.0, 0.0)	(22.0, 0.6079189420898428)	(23.0, 0.0)	(24.0, 0.0)	(25.0, 0.0)	(26.0, 0.22796960328369106)	(27.0, 0.25048511965738895)	(28.0, 0.13132743696714372)	(29.0, 0.3049811835526355)	(30.0, 0.06253887209134824)	(31.0, 1.6855934303400186)	(32.0, 2.2824109311150362)	(33.0, 2.9027137920477255)	(34.0, 1.889314909481319)	(35.0, 6.429050565369511)	(36.0, 7.0276786712232475)	(37.0, 9.707564703219353)	(38.0, 12.305694499224082)	(39.0, 12.178395933149778)	(40.0, 11.606525973474323)	(41.0, 8.547160908228511)	(42.0, 4.213221870206492)	(43.0, 4.9964023020652215)	(44.0, 2.8989376337151223)	(45.0, 3.8997883377264038)	(46.0, 1.3374216725976542)	(47.0, 1.2746687495432187)	(48.0, 0.6079189420898428)	(49.0, 0.6079189420898428)	(50.0, 0.4263327645824872)	(51.0, 0.08684556315569182)	(52.0, 0.36475136525390567)	(53.0, 0.5305474403693172)	(54.0, 0.0)	(55.0, 0.6079189420898428)	(56.0, 0.0)	(57.0, 0.0)	(58.0, 0.0)	(59.0, 0.0)	(60.0, 0.0)	(61.0, 0.0)	(62.0, 0.0)	(63.0, 0.0)	(64.0, 0.0)	(65.0, 0.0)	(66.0, 0.0)	(67.0, 0.0)	(68.0, 0.0)	(69.0, 0.0)	(70.0, 0.0)	(71.0, 0.0)	(72.0, 0.0)	(73.0, 0.0)	(74.0, 0.0)	(75.0, 0.0)	(76.0, 0.0)	(77.0, 0.0)	(78.0, 0.0)	(79.0, 0.0)	(80.0, 0.0)	(81.0, 0.0)	(82.0, 0.0)	(83.0, 0.0)	(84.0, 0.0)	(85.0, 0.0)	(86.0, 0.0)	(87.0, 0.0)	(88.0, 0.0)	(89.0, 0.0)	(90.0, 0.0)	(91.0, 0.0)	(92.0, 0.0)	(93.0, 0.0)	(94.0, 0.0)	(95.0, 0.0)	(96.0, 0.0)	(97.0, 0.0)	(98.0, 0.0)	(99.0, 0.0)	(100.0, 0.0)
FAY99780_pass_barcode01_98e12ebb_5ad7f319_129	(0.0, 0.0)	(1.0, 0.0)	(2.0, 0.0)	(3.0, 0.0)	(4.0, 0.0)	(5.0, 0.0)	(6.0, 0.0)	(7.0, 0.0)	(8.0, 0.0)	(9.0, 0.0)	(10.0, 0.0)	(11.0, 0.0)	(12.0, 0.0)	(13.0, 0.0)	(14.0, 0.0)	(15.0, 0.0)	(16.0, 0.0)	(17.0, 0.0)	(18.0, 0.0)	(19.0, 0.0)	(20.0, 0.0)	(21.0, 0.0)	(22.0, 0.6567107603658879)	(23.0, 0.0)	(24.0, 0.0)	(25.0, 0.0)	(26.0, 0.0)	(27.0, 0.3582058692904844)	(28.0, 0.09130099621624796)	(29.0, 0.3098191893661649)	(30.0, 0.8714279980723624)	(31.0, 0.7458651313549445)	(32.0, 1.6369210157288518)	(33.0, 4.289762392674241)	(34.0, 4.940105741167622)	(35.0, 6.840957213814111)	(36.0, 11.070402656197615)	(37.0, 13.44921981691162)	(38.0, 12.862075769615178)	(39.0, 9.368591757986682)	(40.0, 8.47445702693705)	(41.0, 6.099561489318216)	(42.0, 5.605857731548383)	(43.0, 4.396479537388903)	(44.0, 2.648415663843791)	(45.0, 1.3134215207317759)	(46.0, 1.974403570595979)	(47.0, 0.0)	(48.0, 0.8993663492400871)	(49.0, 0.0)	(50.0, 0.4399600412679415)	(51.0, 0.0)	(52.0, 0.0)	(53.0, 0.0)	(54.0, 0.0)	(55.0, 0.0)	(56.0, 0.0)	(57.0, 0.0)	(58.0, 0.0)	(59.0, 0.0)	(60.0, 0.6567107603658879)	(61.0, 0.0)	(62.0, 0.0)	(63.0, 0.0)	(64.0, 0.0)	(65.0, 0.0)	(66.0, 0.0)	(67.0, 0.0)	(68.0, 0.0)	(69.0, 0.0)	(70.0, 0.0)	(71.0, 0.0)	(72.0, 0.0)	(73.0, 0.0)	(74.0, 0.0)	(75.0, 0.0)	(76.0, 0.0)	(77.0, 0.0)	(78.0, 0.0)	(79.0, 0.0)	(80.0, 0.0)	(81.0, 0.0)	(82.0, 0.0)	(83.0, 0.0)	(84.0, 0.0)	(85.0, 0.0)	(86.0, 0.0)	(87.0, 0.0)	(88.0, 0.0)	(89.0, 0.0)	(90.0, 0.0)	(91.0, 0.0)	(92.0, 0.0)	(93.0, 0.0)	(94.0, 0.0)	(95.0, 0.0)	(96.0, 0.0)	(97.0, 0.0)	(98.0, 0.0)	(99.0, 0.0)	(100.0, 0.0)
FAY99780_pass_barcode01_98e12ebb_5ad7f319_13	(0.0, 0.0)	(1.0, 0.0)	(2.0, 0.0)	(3.0, 0.0)	(4.0, 0.0)	(5.0, 0.0)	(6.0, 0.0)	(7.0, 0.0)	(8.0, 0.0)	(9.0, 0.0)	(10.0, 0.0)	(11.0, 0.0)	(12.0, 0.0)	(13.0, 0.0)	(14.0, 0.0)	(15.0, 0.0)	(16.0, 0.3165509795336482)	(17.0, 0.3165509795336482)	(18.0, 0.0)	(19.0, 0.0)	(20.0, 0.0)	(21.0, 0.3165509795336482)	(22.0, 0.3165509795336482)	(23.0, 0.0)	(24.0, 0.0)	(25.0, 0.14948240700200052)	(26.0, 0.07034466211858847)	(27.0, 0.36712133571106664)	(28.0, 0.9054591330167012)	(29.0, 0.7036434898104243)	(30.0, 0.8333732785073225)	(31.0, 2.084958007446589)	(32.0, 3.068142420294212)	(33.0, 3.5997080393721466)	(34.0, 2.853211035890335)	(35.0, 5.847665694209439)	(36.0, 9.235732969611112)	(37.0, 10.249811152948846)	(38.0, 12.611907497696793)	(39.0, 10.180393661049475)	(40.0, 9.766963780816058)	(41.0, 7.379584699370617)	(42.0, 4.231782761266181)	(43.0, 2.812306358788405)	(44.0, 1.8211958952390406)	(45.0, 1.8076979422156363)	(46.0, 2.2993112058853167)	(47.0, 1.6828710974596313)	(48.0, 0.8947063016004801)	(49.0, 0.6113178056370238)	(50.0, 0.6027258549706332)	(51.0, 0.3741057030852206)	(52.0, 0.0)	(53.0, 0.0)	(54.0, 0.0)	(55.0, 0.3165509795336482)	(56.0, 0.3165509795336482)	(57.0, 0.21103398635576542)	(58.0, 0.21103398635576542)	(59.0, 0.0)	(60.0, 0.0)	(61.0, 0.0)	(62.0, 0.0)	(63.0, 0.0)	(64.0, 0.0)	(65.0, 0.0)	(66.0, 0.0)	(67.0, 0.0)	(68.0, 0.0)	(69.0, 0.0)	(70.0, 0.0)	(71.0, 0.0)	(72.0, 0.0)	(73.0, 0.0)	(74.0, 0.0)	(75.0, 0.0)	(76.0, 0.0)	(77.0, 0.3165509795336482)	(78.0, 0.3165509795336482)	(79.0, 0.0)	(80.0, 0.0)	(81.0, 0.0)	(82.0, 0.0)	(83.0, 0.0)	(84.0, 0.0)	(85.0, 0.0)	(86.0, 0.0)	(87.0, 0.0)	(88.0, 0.0)	(89.0, 0.0)	(90.0, 0.0)	(91.0, 0.0)	(92.0, 0.0)	(93.0, 0.0)	(94.0, 0.0)	(95.0, 0.0)	(96.0, 0.0)	(97.0, 0.0)	(98.0, 0.0)	(99.0, 0.0)	(100.0, 0.0)
FAY99780_pass_barcode01_98e12ebb_5ad7f319_130	(0.0, 0.0)	(1.0, 0.0)	(2.0, 0.0)	(3.0, 0.0)	(4.0, 0.0)	(5.0, 0.0)	(6.0, 0.0)	(7.0, 0.0)	(8.0, 0.0)	(9.0, 0.0)	(10.0, 0.0)	(11.0, 0.0)	(12.0, 0.0)	(13.0, 0.0)	(14.0, 0.0)	(15.0, 0.0)	(16.0, 0.0)	(17.0, 0.0)	(18.0, 0.0)	(19.0, 0.0)	(20.0, 0.0)	(21.0, 0.0)	(22.0, 0.8109797934641776)	(23.0, 0.8109797934641776)	(24.0, 0.0)	(25.0, 0.0)	(26.0, 0.4054898967320888)	(27.0, 0.990233794158577)	(28.0, 0.0)	(29.0, 0.05839263058051295)	(30.0, 1.022609754806411)	(31.0, 2.106795208471839)	(32.0, 1.0986439459984565)	(33.0, 3.4831748538690457)	(34.0, 4.383344193867542)	(35.0, 6.902254099736564)	(36.0, 7.480694592043295)	(37.0, 9.906164097458893)	(38.0, 13.59680899665165)	(39.0, 12.437384241251427)	(40.0, 9.109803732716305)	(41.0, 4.545107390332897)	(42.0, 5.546620691583244)	(43.0, 4.302932397659607)	(44.0, 2.276711671261987)	(45.0, 2.582714927834115)	(46.0, 1.970926649570516)	(47.0, 1.55456479917657)	(48.0, 0.91279110952678)	(49.0, 0.18021773188092832)	(50.0, 0.540653195642785)	(51.0, 0.442352614616824)	(52.0, 0.0)	(53.0, 0.0)	(54.0, 0.0)	(55.0, 0.0)	(56.0, 0.0)	(57.0, 0.0)	(58.0, 0.0)	(59.0, 0.0)	(60.0, 0.0)	(61.0, 0.0)	(62.0, 0.540653195642785)	(63.0, 0.0)	(64.0, 0.0)	(65.0, 0.0)	(66.0, 0.0)	(67.0, 0.0)	(68.0, 0.0)	(69.0, 0.0)	(70.0, 0.0)	(71.0, 0.0)	(72.0, 0.0)	(73.0, 0.0)	(74.0, 0.0)	(75.0, 0.0)	(76.0, 0.0)	(77.0, 0.0)	(78.0, 0.0)	(79.0, 0.0)	(80.0, 0.0)	(81.0, 0.0)	(82.0, 0.0)	(83.0, 0.0)	(84.0, 0.0)	(85.0, 0.0)	(86.0, 0.0)	(87.0, 0.0)	(88.0, 0.0)	(89.0, 0.0)	(90.0, 0.0)	(91.0, 0.0)	(92.0, 0.0)	(93.0, 0.0)	(94.0, 0.0)	(95.0, 0.0)	(96.0, 0.0)	(97.0, 0.0)	(98.0, 0.0)	(99.0, 0.0)	(100.0, 0.0)
FAY99780_pass_barcode01_98e12ebb_5ad7f319_131	(0.0, 0.0)	(1.0, 0.0)	(2.0, 0.0)	(3.0, 0.0)	(4.0, 0.0)	(5.0, 0.0)	(6.0, 0.0)	(7.0, 0.0)	(8.0, 0.0)	(9.0, 0.0)	(10.0, 0.0)	(11.0, 0.0)	(12.0, 0.0)	(13.0, 0.0)	(14.0, 0.0)	(15.0, 0.0)	(16.0, 0.0)	(17.0, 0.0)	(18.0, 0.0)	(19.0, 0.0)	(20.0, 0.0)	(21.0, 0.0)	(22.0, 0.0)	(23.0, 0.0)	(24.0, 0.0)	(25.0, 0.0)	(26.0, 0.0)	(27.0, 0.28294630355113987)	(28.0, 0.5753538328307796)	(29.0, 0.22902892393874708)	(30.0, 0.4775620969027715)	(31.0, 0.11412960143239252)	(32.0, 1.2701005563441996)	(33.0, 2.535938768830866)	(34.0, 3.2446828078412664)	(35.0, 5.2111301206557314)	(36.0, 8.160266742819148)	(37.0, 8.399582954082838)	(38.0, 12.480748609103681)	(39.0, 12.666185820207188)	(40.0, 8.69377323709221)	(41.0, 3.7384275695863556)	(42.0, 6.754099042237112)	(43.0, 4.348899934912744)	(44.0, 3.8763643586506156)	(45.0, 5.175345115862667)	(46.0, 2.516396641582234)	(47.0, 1.697677821306839)	(48.0, 1.7785196223214506)	(49.0, 1.0031732580449504)	(50.0, 1.5562046695312688)	(51.0, 0.24252540304383416)	(52.0, 0.0)	(53.0, 0.0)	(54.0, 0.8488389106534195)	(55.0, 1.2732583659801293)	(56.0, 0.8488389106534195)	(57.0, 0.0)	(58.0, 0.0)	(59.0, 0.0)	(60.0, 0.0)	(61.0, 0.0)	(62.0, 0.0)	(63.0, 0.0)	(64.0, 0.0)	(65.0, 0.0)	(66.0, 0.0)	(67.0, 0.0)	(68.0, 0.0)	(69.0, 0.0)	(70.0, 0.0)	(71.0, 0.0)	(72.0, 0.0)	(73.0, 0.0)	(74.0, 0.0)	(75.0, 0.0)	(76.0, 0.0)	(77.0, 0.0)	(78.0, 0.0)	(79.0, 0.0)	(80.0, 0.0)	(81.0, 0.0)	(82.0, 0.0)	(83.0, 0.0)	(84.0, 0.0)	(85.0, 0.0)	(86.0, 0.0)	(87.0, 0.0)	(88.0, 0.0)	(89.0, 0.0)	(90.0, 0.0)	(91.0, 0.0)	(92.0, 0.0)	(93.0, 0.0)	(94.0, 0.0)	(95.0, 0.0)	(96.0, 0.0)	(97.0, 0.0)	(98.0, 0.0)	(99.0, 0.0)	(100.0, 0.0)
FAY99780_pass_barcode01_98e12ebb_5ad7f319_132	(0.0, 0.0)	(1.0, 0.0)	(2.0, 0.0)	(3.0, 0.0)	(4.0, 0.0)	(5.0, 0.0)	(6.0, 0.0)	(7.0, 0.0)	(8.0, 0.0)	(9.0, 0.0)	(10.0, 0.0)	(11.0, 0.0)	(12.0, 0.0)	(13.0, 0.0)	(14.0, 0.0)	(15.0, 0.0)	(16.0, 0.0)	(17.0, 0.0)	(18.0, 0.0)	(19.0, 0.0)	(20.0, 0.0)	(21.0, 0.0)	(22.0, 0.0)	(23.0, 0.0)	(24.0, 0.0)	(25.0, 1.1806246380540169)	(26.0, 2.3612492761080337)	(27.0, 1.1806246380540169)	(28.0, 0.27225047085946286)	(29.0, 0.0)	(30.0, 0.0)	(31.0, 0.39248175890127446)	(32.0, 0.6627813574056985)	(33.0, 1.8892203984089337)	(34.0, 2.8133338556746703)	(35.0, 4.007348221373977)	(36.0, 8.002049058479741)	(37.0, 11.26317676960639)	(38.0, 10.249657730621053)	(39.0, 10.710647802284694)	(40.0, 10.520232254505943)	(41.0, 10.845344676310233)	(42.0, 9.179072400592393)	(43.0, 6.805519318370644)	(44.0, 2.772679074217767)	(45.0, 2.1036584459871572)	(46.0, 1.2138816701118764)	(47.0, 0.7870830920360111)	(48.0, 0.7870830920360111)	(49.0, 0.0)	(50.0, 0.0)	(51.0, 0.0)	(52.0, 0.0)	(53.0, 0.0)	(54.0, 0.0)	(55.0, 0.0)	(56.0, 0.0)	(57.0, 0.0)	(58.0, 0.0)	(59.0, 0.0)	(60.0, 0.0)	(61.0, 0.0)	(62.0, 0.0)	(63.0, 0.0)	(64.0, 0.0)	(65.0, 0.0)	(66.0, 0.0)	(67.0, 0.0)	(68.0, 0.0)	(69.0, 0.0)	(70.0, 0.0)	(71.0, 0.0)	(72.0, 0.0)	(73.0, 0.0)	(74.0, 0.0)	(75.0, 0.0)	(76.0, 0.0)	(77.0, 0.0)	(78.0, 0.0)	(79.0, 0.0)	(80.0, 0.0)	(81.0, 0.0)	(82.0, 0.0)	(83.0, 0.0)	(84.0, 0.0)	(85.0, 0.0)	(86.0, 0.0)	(87.0, 0.0)	(88.0, 0.0)	(89.0, 0.0)	(90.0, 0.0)	(91.0, 0.0)	(92.0, 0.0)	(93.0, 0.0)	(94.0, 0.0)	(95.0, 0.0)	(96.0, 0.0)	(97.0, 0.0)	(98.0, 0.0)	(99.0, 0.0)	(100.0, 0.0)
FAY99780_pass_barcode01_98e12ebb_5ad7f319_133	(0.0, 0.0)	(1.0, 0.0)	(2.0, 0.0)	(3.0, 0.0)	(4.0, 0.0)	(5.0, 0.0)	(6.0, 0.0)	(7.0, 0.0)	(8.0, 0.0)	(9.0, 0.0)	(10.0, 0.0)	(11.0, 0.0)	(12.0, 0.0)	(13.0, 0.0)	(14.0, 0.0)	(15.0, 0.0)	(16.0, 0.0)	(17.0, 0.0)	(18.0, 0.0)	(19.0, 0.0)	(20.0, 0.0)	(21.0, 0.0)	(22.0, 0.0)	(23.0, 0.0)	(24.0, 0.0)	(25.0, 0.0)	(26.0, 0.0)	(27.0, 0.45800504145220144)	(28.0, 0.5264606293641356)	(29.0, 0.49685368336109365)	(30.0, 0.9570603786132644)	(31.0, 1.0567003937826076)	(32.0, 1.328273376348557)	(33.0, 3.3321777812560094)	(34.0, 3.934676391714722)	(35.0, 6.510964884681704)	(36.0, 9.164981538558086)	(37.0, 11.4282613053006)	(38.0, 10.240499146450485)	(39.0, 9.421157013427926)	(40.0, 8.953356775607546)	(41.0, 9.233420392365185)	(42.0, 5.932093309619142)	(43.0, 4.898748679618903)	(44.0, 3.4870094868614943)	(45.0, 2.0074896297417917)	(46.0, 2.1325275552514236)	(47.0, 1.4895573052684095)	(48.0, 0.2649886311259166)	(49.0, 0.0)	(50.0, 0.20526228860544882)	(51.0, 0.4416477185431943)	(52.0, 0.4416477185431943)	(53.0, 0.0)	(54.0, 0.0)	(55.0, 0.33123578890739575)	(56.0, 0.0)	(57.0, 0.0)	(58.0, 0.0)	(59.0, 0.0)	(60.0, 0.0)	(61.0, 0.0)	(62.0, 0.0)	(63.0, 0.0)	(64.0, 0.0)	(65.0, 0.0)	(66.0, 0.0)	(67.0, 0.0)	(68.0, 0.0)	(69.0, 0.6624715778147915)	(70.0, 0.6624715778147915)	(71.0, 0.0)	(72.0, 0.0)	(73.0, 0.0)	(74.0, 0.0)	(75.0, 0.0)	(76.0, 0.0)	(77.0, 0.0)	(78.0, 0.0)	(79.0, 0.0)	(80.0, 0.0)	(81.0, 0.0)	(82.0, 0.0)	(83.0, 0.0)	(84.0, 0.0)	(85.0, 0.0)	(86.0, 0.0)	(87.0, 0.0)	(88.0, 0.0)	(89.0, 0.0)	(90.0, 0.0)	(91.0, 0.0)	(92.0, 0.0)	(93.0, 0.0)	(94.0, 0.0)	(95.0, 0.0)	(96.0, 0.0)	(97.0, 0.0)	(98.0, 0.0)	(99.0, 0.0)	(100.0, 0.0)
FAY99780_pass_barcode01_98e12ebb_5ad7f319_134	(0.0, 0.0)	(1.0, 0.0)	(2.0, 0.0)	(3.0, 0.0)	(4.0, 0.0)	(5.0, 0.0)	(6.0, 0.0)	(7.0, 0.0)	(8.0, 0.0)	(9.0, 0.0)	(10.0, 0.0)	(11.0, 0.0)	(12.0, 0.0)	(13.0, 0.0)	(14.0, 0.0)	(15.0, 0.0)	(16.0, 0.0)	(17.0, 0.0)	(18.0, 0.0)	(19.0, 0.0)	(20.0, 0.0)	(21.0, 0.0)	(22.0, 0.0)	(23.0, 0.782619551993231)	(24.0, 2.3478586559796932)	(25.0, 2.3478586559796932)	(26.0, 1.565239103986462)	(27.0, 1.565239103986462)	(28.0, 0.8331111359927944)	(29.0, 0.14229446399876927)	(30.0, 1.4512640284109775)	(31.0, 0.6026696719587746)	(32.0, 1.5302456174807229)	(33.0, 2.257921038364702)	(34.0, 4.306220765379047)	(35.0, 7.223998391216433)	(36.0, 8.831141989716192)	(37.0, 11.528452491273793)	(38.0, 13.773305669912355)	(39.0, 10.913475358309153)	(40.0, 9.901501997982301)	(41.0, 6.68831147695655)	(42.0, 3.487545957824476)	(43.0, 3.452584665412761)	(44.0, 2.0396644113342255)	(45.0, 1.055350607990872)	(46.0, 0.0)	(47.0, 0.0)	(48.0, 0.3913097759966155)	(49.0, 0.3913097759966155)	(50.0, 0.0)	(51.0, 0.14229446399876927)	(52.0, 0.0)	(53.0, 0.0)	(54.0, 0.0)	(55.0, 0.22360558628378027)	(56.0, 0.22360558628378027)	(57.0, 0.0)	(58.0, 0.0)	(59.0, 0.0)	(60.0, 0.0)	(61.0, 0.0)	(62.0, 0.0)	(63.0, 0.0)	(64.0, 0.0)	(65.0, 0.0)	(66.0, 0.0)	(67.0, 0.0)	(68.0, 0.0)	(69.0, 0.0)	(70.0, 0.0)	(71.0, 0.0)	(72.0, 0.0)	(73.0, 0.0)	(74.0, 0.0)	(75.0, 0.0)	(76.0, 0.0)	(77.0, 0.0)	(78.0, 0.0)	(79.0, 0.0)	(80.0, 0.0)	(81.0, 0.0)	(82.0, 0.0)	(83.0, 0.0)	(84.0, 0.0)	(85.0, 0.0)	(86.0, 0.0)	(87.0, 0.0)	(88.0, 0.0)	(89.0, 0.0)	(90.0, 0.0)	(91.0, 0.0)	(92.0, 0.0)	(93.0, 0.0)	(94.0, 0.0)	(95.0, 0.0)	(96.0, 0.0)	(97.0, 0.0)	(98.0, 0.0)	(99.0, 0.0)	(100.0, 0.0)
FAY99780_pass_barcode01_98e12ebb_5ad7f319_135	(0.0, 0.0)	(1.0, 0.0)	(2.0, 0.0)	(3.0, 0.0)	(4.0, 0.0)	(5.0, 0.0)	(6.0, 0.0)	(7.0, 0.0)	(8.0, 0.0)	(9.0, 0.0)	(10.0, 0.0)	(11.0, 0.0)	(12.0, 0.0)	(13.0, 0.0)	(14.0, 0.0)	(15.0, 0.0)	(16.0, 0.0)	(17.0, 0.0)	(18.0, 0.0)	(19.0, 0.0)	(20.0, 0.0)	(21.0, 0.0)	(22.0, 0.0)	(23.0, 0.0)	(24.0, 0.0)	(25.0, 0.0)	(26.0, 0.2871401108732746)	(27.0, 0.27328685991009033)	(28.0, 0.14906555995095838)	(29.0, 0.14906555995095838)	(30.0, 0.45738128332778527)	(31.0, 0.7963619804015089)	(32.0, 1.2190142882934152)	(33.0, 2.2200977443460452)	(34.0, 4.150904172988421)	(35.0, 8.347788890501917)	(36.0, 11.170821151122855)	(37.0, 11.362251715793047)	(38.0, 11.156654594357592)	(39.0, 9.004631235662226)	(40.0, 7.843131979646922)	(41.0, 8.261272503130138)	(42.0, 6.4195744771986405)	(43.0, 5.217897670332125)	(44.0, 2.9365915310338795)	(45.0, 4.06700536066198)	(46.0, 0.7112556717660012)	(47.0, 0.38331143987389293)	(48.0, 0.8198605797302712)	(49.0, 0.8198605797302712)	(50.0, 0.14906555995095838)	(51.0, 0.07808195997431151)	(52.0, 0.4099302898651356)	(53.0, 0.9565040096853161)	(54.0, 0.18219123994006023)	(55.0, 0.0)	(56.0, 0.0)	(57.0, 0.0)	(58.0, 0.0)	(59.0, 0.0)	(60.0, 0.0)	(61.0, 0.0)	(62.0, 0.0)	(63.0, 0.0)	(64.0, 0.0)	(65.0, 0.0)	(66.0, 0.0)	(67.0, 0.0)	(68.0, 0.0)	(69.0, 0.0)	(70.0, 0.0)	(71.0, 0.0)	(72.0, 0.0)	(73.0, 0.0)	(74.0, 0.0)	(75.0, 0.0)	(76.0, 0.0)	(77.0, 0.0)	(78.0, 0.0)	(79.0, 0.0)	(80.0, 0.0)	(81.0, 0.0)	(82.0, 0.0)	(83.0, 0.0)	(84.0, 0.0)	(85.0, 0.0)	(86.0, 0.0)	(87.0, 0.0)	(88.0, 0.0)	(89.0, 0.0)	(90.0, 0.0)	(91.0, 0.0)	(92.0, 0.0)	(93.0, 0.0)	(94.0, 0.0)	(95.0, 0.0)	(96.0, 0.0)	(97.0, 0.0)	(98.0, 0.0)	(99.0, 0.0)	(100.0, 0.0)
FAY99780_pass_barcode01_98e12ebb_5ad7f319_136	(0.0, 0.0)	(1.0, 0.0)	(2.0, 0.0)	(3.0, 0.0)	(4.0, 0.0)	(5.0, 0.0)	(6.0, 0.0)	(7.0, 0.0)	(8.0, 0.0)	(9.0, 0.0)	(10.0, 0.0)	(11.0, 0.0)	(12.0, 0.0)	(13.0, 0.0)	(14.0, 0.0)	(15.0, 0.0)	(16.0, 0.0)	(17.0, 0.0)	(18.0, 0.0)	(19.0, 0.0)	(20.0, 0.0)	(21.0, 0.0)	(22.0, 0.0)	(23.0, 0.0)	(24.0, 0.0)	(25.0, 0.0)	(26.0, 0.0)	(27.0, 0.12525464296004246)	(28.0, 0.0)	(29.0, 0.047246498986618285)	(30.0, 1.2057462365672929)	(31.0, 1.5216677113234407)	(32.0, 2.545907837902089)	(33.0, 2.380760237470526)	(34.0, 2.7047431467442715)	(35.0, 4.908306854466606)	(36.0, 6.61235333708191)	(37.0, 11.99180827067721)	(38.0, 13.437527359692849)	(39.0, 13.459063704164206)	(40.0, 7.959249030421027)	(41.0, 5.5384961769932985)	(42.0, 5.019759579537864)	(43.0, 5.334207550725712)	(44.0, 4.645754352456051)	(45.0, 2.3964394268553515)	(46.0, 1.4040449025139996)	(47.0, 2.7359192726557837)	(48.0, 2.8671384224234475)	(49.0, 0.6889005362802335)	(50.0, 0.12525464296004246)	(51.0, 0.0)	(52.0, 0.0)	(53.0, 0.0)	(54.0, 0.0)	(55.0, 0.0)	(56.0, 0.0)	(57.0, 0.0)	(58.0, 0.0)	(59.0, 0.0)	(60.0, 0.0)	(61.0, 0.0)	(62.0, 0.0)	(63.0, 0.0)	(64.0, 0.34445026814011676)	(65.0, 0.0)	(66.0, 0.0)	(67.0, 0.0)	(68.0, 0.0)	(69.0, 0.0)	(70.0, 0.0)	(71.0, 0.0)	(72.0, 0.0)	(73.0, 0.0)	(74.0, 0.0)	(75.0, 0.0)	(76.0, 0.0)	(77.0, 0.0)	(78.0, 0.0)	(79.0, 0.0)	(80.0, 0.0)	(81.0, 0.0)	(82.0, 0.0)	(83.0, 0.0)	(84.0, 0.0)	(85.0, 0.0)	(86.0, 0.0)	(87.0, 0.0)	(88.0, 0.0)	(89.0, 0.0)	(90.0, 0.0)	(91.0, 0.0)	(92.0, 0.0)	(93.0, 0.0)	(94.0, 0.0)	(95.0, 0.0)	(96.0, 0.0)	(97.0, 0.0)	(98.0, 0.0)	(99.0, 0.0)	(100.0, 0.0)
FAY99780_pass_barcode01_98e12ebb_5ad7f319_137	(0.0, 0.0)	(1.0, 0.0)	(2.0, 0.0)	(3.0, 0.0)	(4.0, 0.0)	(5.0, 0.0)	(6.0, 0.0)	(7.0, 0.0)	(8.0, 0.0)	(9.0, 0.0)	(10.0, 0.0)	(11.0, 0.0)	(12.0, 0.0)	(13.0, 0.0)	(14.0, 0.0)	(15.0, 0.0)	(16.0, 0.0)	(17.0, 0.0)	(18.0, 0.0)	(19.0, 0.0)	(20.0, 0.0)	(21.0, 0.0)	(22.0, 0.0)	(23.0, 0.0)	(24.0, 0.14028183836185176)	(25.0, 0.2805636767237035)	(26.0, 0.0)	(27.0, 0.0)	(28.0, 0.6546485790219748)	(29.0, 1.0389526880883282)	(30.0, 0.7044260055374707)	(31.0, 0.40114332818909204)	(32.0, 1.1990782747291377)	(33.0, 3.313573069575787)	(34.0, 7.888247814568662)	(35.0, 8.496629561250286)	(36.0, 7.194861771375709)	(37.0, 10.129591881332969)	(38.0, 10.362955551047168)	(39.0, 11.595653791437835)	(40.0, 7.905159466107802)	(41.0, 8.707336193472702)	(42.0, 4.271020319016676)	(43.0, 2.4809419751414987)	(44.0, 1.1035504617799003)	(45.0, 0.6392843776775816)	(46.0, 2.690071252777033)	(47.0, 2.645314666252062)	(48.0, 1.6716919071454002)	(49.0, 1.6716919071454002)	(50.0, 0.8213275375056804)	(51.0, 0.6546485790219748)	(52.0, 0.0)	(53.0, 0.0)	(54.0, 0.0)	(55.0, 0.0)	(56.0, 0.30862004439607393)	(57.0, 0.0)	(58.0, 0.0)	(59.0, 0.0)	(60.0, 0.0)	(61.0, 0.0)	(62.0, 0.0)	(63.0, 0.0)	(64.0, 0.0)	(65.0, 0.0)	(66.0, 0.5143667406601231)	(67.0, 0.5143667406601231)	(68.0, 0.0)	(69.0, 0.0)	(70.0, 0.0)	(71.0, 0.0)	(72.0, 0.0)	(73.0, 0.0)	(74.0, 0.0)	(75.0, 0.0)	(76.0, 0.0)	(77.0, 0.0)	(78.0, 0.0)	(79.0, 0.0)	(80.0, 0.0)	(81.0, 0.0)	(82.0, 0.0)	(83.0, 0.0)	(84.0, 0.0)	(85.0, 0.0)	(86.0, 0.0)	(87.0, 0.0)	(88.0, 0.0)	(89.0, 0.0)	(90.0, 0.0)	(91.0, 0.0)	(92.0, 0.0)	(93.0, 0.0)	(94.0, 0.0)	(95.0, 0.0)	(96.0, 0.0)	(97.0, 0.0)	(98.0, 0.0)	(99.0, 0.0)	(100.0, 0.0)
FAY99780_pass_barcode01_98e12ebb_5ad7f319_138	(0.0, 0.0)	(1.0, 0.0)	(2.0, 0.0)	(3.0, 0.0)	(4.0, 0.819154539296893)	(5.0, 1.638309078593786)	(6.0, 1.638309078593786)	(7.0, 1.638309078593786)	(8.0, 1.638309078593786)	(9.0, 1.638309078593786)	(10.0, 1.638309078593786)	(11.0, 1.638309078593786)	(12.0, 1.638309078593786)	(13.0, 0.819154539296893)	(14.0, 0.0)	(15.0, 0.0)	(16.0, 0.0)	(17.0, 0.0)	(18.0, 0.0)	(19.0, 0.0)	(20.0, 0.0)	(21.0, 0.0)	(22.0, 0.0)	(23.0, 0.0)	(24.0, 0.0)	(25.0, 0.0)	(26.0, 0.0)	(27.0, 0.0)	(28.0, 0.0)	(29.0, 0.1341943580090332)	(30.0, 0.07801471802827552)	(31.0, 0.31276809682245005)	(32.0, 2.270493347130245)	(33.0, 1.0289090467046007)	(34.0, 2.747771045120027)	(35.0, 4.779588128168872)	(36.0, 5.592183443865957)	(37.0, 9.263615690691747)	(38.0, 11.57231081995771)	(39.0, 13.0687495007374)	(40.0, 8.38141175919202)	(41.0, 4.784998910173435)	(42.0, 3.556006724402469)	(43.0, 2.5014469889784676)	(44.0, 1.9225308808649804)	(45.0, 2.867040887539125)	(46.0, 3.3474493417736397)	(47.0, 1.691157758548424)	(48.0, 1.638309078593786)	(49.0, 1.8400949475114954)	(50.0, 1.1252811588196094)	(51.0, 0.20478863482422324)	(52.0, 0.2730515130989643)	(53.0, 0.2730515130989643)	(54.0, 0.0)	(55.0, 0.0)	(56.0, 0.0)	(57.0, 0.0)	(58.0, 0.0)	(59.0, 0.0)	(60.0, 0.0)	(61.0, 0.0)	(62.0, 0.0)	(63.0, 0.0)	(64.0, 0.0)	(65.0, 0.0)	(66.0, 0.0)	(67.0, 0.0)	(68.0, 0.0)	(69.0, 0.0)	(70.0, 0.0)	(71.0, 0.0)	(72.0, 0.0)	(73.0, 0.0)	(74.0, 0.0)	(75.0, 0.0)	(76.0, 0.0)	(77.0, 0.0)	(78.0, 0.0)	(79.0, 0.0)	(80.0, 0.0)	(81.0, 0.0)	(82.0, 0.0)	(83.0, 0.0)	(84.0, 0.0)	(85.0, 0.0)	(86.0, 0.0)	(87.0, 0.0)	(88.0, 0.0)	(89.0, 0.0)	(90.0, 0.0)	(91.0, 0.0)	(92.0, 0.0)	(93.0, 0.0)	(94.0, 0.0)	(95.0, 0.0)	(96.0, 0.0)	(97.0, 0.0)	(98.0, 0.0)	(99.0, 0.0)	(100.0, 0.0)
FAY99780_pass_barcode01_98e12ebb_5ad7f319_139	(0.0, 0.0)	(1.0, 0.0)	(2.0, 0.0)	(3.0, 0.0)	(4.0, 0.0)	(5.0, 0.0)	(6.0, 0.0)	(7.0, 0.0)	(8.0, 0.0)	(9.0, 0.0)	(10.0, 0.0)	(11.0, 0.0)	(12.0, 0.0)	(13.0, 0.0)	(14.0, 0.0)	(15.0, 0.0)	(16.0, 0.0)	(17.0, 0.0)	(18.0, 0.0)	(19.0, 0.0)	(20.0, 0.0)	(21.0, 0.0)	(22.0, 0.0)	(23.0, 0.0)	(24.0, 0.0)	(25.0, 0.0)	(26.0, 0.0)	(27.0, 0.0)	(28.0, 0.0)	(29.0, 0.9131246507089819)	(30.0, 0.21387095503609405)	(31.0, 0.993222482303688)	(32.0, 1.2925001285134046)	(33.0, 1.7105760978345481)	(34.0, 2.6947757863239015)	(35.0, 6.705799014318051)	(36.0, 8.295731101039868)	(37.0, 11.35457048869671)	(38.0, 14.41868388701725)	(39.0, 14.21369552928596)	(40.0, 9.726255733277767)	(41.0, 6.683600004736482)	(42.0, 5.043495773449217)	(43.0, 2.3945908715648385)	(44.0, 2.8498999144777177)	(45.0, 2.4477407574777543)	(46.0, 3.2226464361120533)	(47.0, 1.1374046245101366)	(48.0, 1.3634273383550994)	(49.0, 1.1228225139394936)	(50.0, 0.0)	(51.0, 0.0)	(52.0, 0.3849677190649693)	(53.0, 0.0)	(54.0, 0.0)	(55.0, 0.1749853268477133)	(56.0, 0.0)	(57.0, 0.32080643255414104)	(58.0, 0.32080643255414104)	(59.0, 0.0)	(60.0, 0.0)	(61.0, 0.0)	(62.0, 0.0)	(63.0, 0.0)	(64.0, 0.0)	(65.0, 0.0)	(66.0, 0.0)	(67.0, 0.0)	(68.0, 0.0)	(69.0, 0.0)	(70.0, 0.0)	(71.0, 0.0)	(72.0, 0.0)	(73.0, 0.0)	(74.0, 0.0)	(75.0, 0.0)	(76.0, 0.0)	(77.0, 0.0)	(78.0, 0.0)	(79.0, 0.0)	(80.0, 0.0)	(81.0, 0.0)	(82.0, 0.0)	(83.0, 0.0)	(84.0, 0.0)	(85.0, 0.0)	(86.0, 0.0)	(87.0, 0.0)	(88.0, 0.0)	(89.0, 0.0)	(90.0, 0.0)	(91.0, 0.0)	(92.0, 0.0)	(93.0, 0.0)	(94.0, 0.0)	(95.0, 0.0)	(96.0, 0.0)	(97.0, 0.0)	(98.0, 0.0)	(99.0, 0.0)	(100.0, 0.0)
FAY99780_pass_barcode01_98e12ebb_5ad7f319_14	(0.0, 0.0)	(1.0, 0.0)	(2.0, 0.0)	(3.0, 0.0)	(4.0, 0.0)	(5.0, 0.0)	(6.0, 0.0)	(7.0, 0.0)	(8.0, 0.0)	(9.0, 0.0)	(10.0, 0.0)	(11.0, 0.0)	(12.0, 0.0)	(13.0, 0.0)	(14.0, 0.0)	(15.0, 0.0)	(16.0, 0.0)	(17.0, 0.0)	(18.0, 0.0)	(19.0, 0.37150967797131446)	(20.0, 0.7430193559426289)	(21.0, 0.7430193559426289)	(22.0, 0.37150967797131446)	(23.0, 0.0)	(24.0, 0.18575483898565723)	(25.0, 0.5201135491598402)	(26.0, 0.7253284188963758)	(27.0, 0.2830549927400491)	(28.0, 0.5349952069068129)	(29.0, 0.67055935082708)	(30.0, 0.8368180985559026)	(31.0, 2.136869296319556)	(32.0, 2.161851718138642)	(33.0, 3.1610400475448706)	(34.0, 4.784212904198007)	(35.0, 5.4309814480679135)	(36.0, 9.695643704525983)	(37.0, 10.743860673972145)	(38.0, 11.534994727332352)	(39.0, 9.691490936208957)	(40.0, 8.410977732527524)	(41.0, 7.881661778412183)	(42.0, 5.507524688316931)	(43.0, 4.654310223600838)	(44.0, 2.370350280691741)	(45.0, 2.2323153471786394)	(46.0, 0.5628934514716886)	(47.0, 0.4327184280725216)	(48.0, 0.23802351662231402)	(49.0, 0.07076374818501227)	(50.0, 0.035381874092506135)	(51.0, 0.018122423315673878)	(52.0, 0.3208492673388625)	(53.0, 0.0)	(54.0, 0.43342795763320013)	(55.0, 0.24767311864754296)	(56.0, 0.2161510853651284)	(57.0, 0.14860387118852578)	(58.0, 0.0)	(59.0, 0.0)	(60.0, 0.0)	(61.0, 0.0)	(62.0, 0.0)	(63.0, 0.0)	(64.0, 0.0)	(65.0, 0.5201135491598402)	(66.0, 0.37150967797131446)	(67.0, 0.0)	(68.0, 0.0)	(69.0, 0.0)	(70.0, 0.0)	(71.0, 0.0)	(72.0, 0.0)	(73.0, 0.0)	(74.0, 0.0)	(75.0, 0.0)	(76.0, 0.0)	(77.0, 0.0)	(78.0, 0.0)	(79.0, 0.0)	(80.0, 0.0)	(81.0, 0.0)	(82.0, 0.0)	(83.0, 0.0)	(84.0, 0.0)	(85.0, 0.0)	(86.0, 0.0)	(87.0, 0.0)	(88.0, 0.0)	(89.0, 0.0)	(90.0, 0.0)	(91.0, 0.0)	(92.0, 0.0)	(93.0, 0.0)	(94.0, 0.0)	(95.0, 0.0)	(96.0, 0.0)	(97.0, 0.0)	(98.0, 0.0)	(99.0, 0.0)	(100.0, 0.0)
FAY99780_pass_barcode01_98e12ebb_5ad7f319_140	(0.0, 0.0)	(1.0, 0.0)	(2.0, 0.0)	(3.0, 0.0)	(4.0, 0.0)	(5.0, 0.0)	(6.0, 0.0)	(7.0, 0.0)	(8.0, 0.0)	(9.0, 0.0)	(10.0, 0.0)	(11.0, 0.0)	(12.0, 0.0)	(13.0, 0.0)	(14.0, 0.0)	(15.0, 0.0)	(16.0, 0.0)	(17.0, 0.0)	(18.0, 0.0)	(19.0, 0.0)	(20.0, 0.0)	(21.0, 0.0)	(22.0, 0.0)	(23.0, 0.0)	(24.0, 0.0)	(25.0, 0.0)	(26.0, 0.0)	(27.0, 0.0)	(28.0, 0.0)	(29.0, 0.22844890494583833)	(30.0, 0.38273393636617586)	(31.0, 0.2726520689189416)	(32.0, 0.42134428839984617)	(33.0, 2.1212265934980157)	(34.0, 4.064346113049076)	(35.0, 6.134370746534751)	(36.0, 8.55023150221575)	(37.0, 13.274839096049904)	(38.0, 14.618373510910857)	(39.0, 8.08144039499318)	(40.0, 6.424800569309356)	(41.0, 7.985507921146752)	(42.0, 6.387590003375893)	(43.0, 7.621649020224722)	(44.0, 5.919960944148096)	(45.0, 0.9273937688872722)	(46.0, 0.6182625125915148)	(47.0, 0.23184844222181805)	(48.0, 0.6182625125915148)	(49.0, 0.6182625125915148)	(50.0, 1.4051420740716247)	(51.0, 0.6182625125915148)	(52.0, 0.6182625125915148)	(53.0, 0.0)	(54.0, 0.0)	(55.0, 0.0)	(56.0, 0.0)	(57.0, 0.0)	(58.0, 0.0)	(59.0, 0.0)	(60.0, 0.0)	(61.0, 0.0)	(62.0, 0.0)	(63.0, 0.0)	(64.0, 0.0)	(65.0, 0.0)	(66.0, 0.0)	(67.0, 0.0)	(68.0, 0.0)	(69.0, 0.0)	(70.0, 0.0)	(71.0, 0.0)	(72.0, 0.0)	(73.0, 0.0)	(74.0, 0.0)	(75.0, 0.0)	(76.0, 0.0)	(77.0, 0.0)	(78.0, 0.0)	(79.0, 0.0)	(80.0, 0.0)	(81.0, 0.0)	(82.0, 0.9273937688872722)	(83.0, 0.9273937688872722)	(84.0, 0.0)	(85.0, 0.0)	(86.0, 0.0)	(87.0, 0.0)	(88.0, 0.0)	(89.0, 0.0)	(90.0, 0.0)	(91.0, 0.0)	(92.0, 0.0)	(93.0, 0.0)	(94.0, 0.0)	(95.0, 0.0)	(96.0, 0.0)	(97.0, 0.0)	(98.0, 0.0)	(99.0, 0.0)	(100.0, 0.0)
FAY99780_pass_barcode01_98e12ebb_5ad7f319_141	(0.0, 0.0)	(1.0, 0.0)	(2.0, 0.0)	(3.0, 0.0)	(4.0, 0.0)	(5.0, 0.0)	(6.0, 0.0)	(7.0, 0.0)	(8.0, 0.0)	(9.0, 0.0)	(10.0, 0.0)	(11.0, 0.0)	(12.0, 0.0)	(13.0, 0.0)	(14.0, 0.0)	(15.0, 0.0)	(16.0, 0.0)	(17.0, 0.0)	(18.0, 0.0)	(19.0, 0.0)	(20.0, 0.0)	(21.0, 0.0)	(22.0, 0.0)	(23.0, 0.0)	(24.0, 0.0)	(25.0, 0.0)	(26.0, 0.0)	(27.0, 0.49265214009016334)	(28.0, 0.8810527305354403)	(29.0, 1.9562768617398485)	(30.0, 1.3911657879312016)	(31.0, 2.0853276906317593)	(32.0, 2.8622533749526586)	(33.0, 2.508484362502336)	(34.0, 1.4957437577888149)	(35.0, 5.7265264747141735)	(36.0, 9.037372351926553)	(37.0, 11.166719890569187)	(38.0, 11.677211923687924)	(39.0, 9.752662124552039)	(40.0, 8.55322935900146)	(41.0, 6.364911956202378)	(42.0, 4.765671199526037)	(43.0, 5.733060856430358)	(44.0, 4.223324279728947)	(45.0, 2.7839324570913226)	(46.0, 1.5764868482885226)	(47.0, 0.0)	(48.0, 0.0)	(49.0, 0.5517703969009828)	(50.0, 0.5517703969009828)	(51.0, 0.5517703969009828)	(52.0, 0.5517703969009828)	(53.0, 0.0)	(54.0, 0.8276555953514744)	(55.0, 0.8276555953514744)	(56.0, 0.0)	(57.0, 0.0)	(58.0, 0.0)	(59.0, 0.0)	(60.0, 0.0)	(61.0, 0.0)	(62.0, 0.0)	(63.0, 0.0)	(64.0, 0.0)	(65.0, 0.0)	(66.0, 0.0)	(67.0, 0.0)	(68.0, 0.0)	(69.0, 0.0)	(70.0, 0.0)	(71.0, 0.0)	(72.0, 0.0)	(73.0, 0.0)	(74.0, 0.0)	(75.0, 0.5517703969009828)	(76.0, 0.5517703969009828)	(77.0, 0.0)	(78.0, 0.0)	(79.0, 0.0)	(80.0, 0.0)	(81.0, 0.0)	(82.0, 0.0)	(83.0, 0.0)	(84.0, 0.0)	(85.0, 0.0)	(86.0, 0.0)	(87.0, 0.0)	(88.0, 0.0)	(89.0, 0.0)	(90.0, 0.0)	(91.0, 0.0)	(92.0, 0.0)	(93.0, 0.0)	(94.0, 0.0)	(95.0, 0.0)	(96.0, 0.0)	(97.0, 0.0)	(98.0, 0.0)	(99.0, 0.0)	(100.0, 0.0)
FAY99780_pass_barcode01_98e12ebb_5ad7f319_142	(0.0, 0.0)	(1.0, 0.0)	(2.0, 0.0)	(3.0, 0.0)	(4.0, 0.0)	(5.0, 0.0)	(6.0, 0.0)	(7.0, 0.0)	(8.0, 0.0)	(9.0, 0.0)	(10.0, 0.0)	(11.0, 0.0)	(12.0, 0.0)	(13.0, 0.0)	(14.0, 0.0)	(15.0, 0.0)	(16.0, 0.0)	(17.0, 0.0)	(18.0, 0.0)	(19.0, 0.0)	(20.0, 0.0)	(21.0, 1.021898586384507)	(22.0, 1.021898586384507)	(23.0, 0.0)	(24.0, 0.0)	(25.0, 0.0)	(26.0, 0.25547464659612673)	(27.0, 0.0)	(28.0, 0.4302539146239226)	(29.0, 0.28756591333675396)	(30.0, 0.1471723864247141)	(31.0, 0.2424384783397502)	(32.0, 2.0508549480710796)	(33.0, 3.7690425145124515)	(34.0, 4.6350262130088735)	(35.0, 5.336315243133792)	(36.0, 6.939209679414746)	(37.0, 10.387139363715686)	(38.0, 13.123509757913226)	(39.0, 9.865585159812293)	(40.0, 4.237071477987106)	(41.0, 7.794026384140724)	(42.0, 6.752635435689065)	(43.0, 5.4969020759482285)	(44.0, 3.1647889554089885)	(45.0, 2.720196713280664)	(46.0, 0.0)	(47.0, 1.7031643106408447)	(48.0, 3.592128364260691)	(49.0, 1.9290385079878662)	(50.0, 1.0373818982994238)	(51.0, 0.5109492931922535)	(52.0, 0.0)	(53.0, 0.0)	(54.0, 0.18579974297900126)	(55.0, 0.0)	(56.0, 0.0)	(57.0, 0.0)	(58.0, 0.0)	(59.0, 0.681265724256338)	(60.0, 0.681265724256338)	(61.0, 0.0)	(62.0, 0.0)	(63.0, 0.0)	(64.0, 0.0)	(65.0, 0.0)	(66.0, 0.0)	(67.0, 0.0)	(68.0, 0.0)	(69.0, 0.0)	(70.0, 0.0)	(71.0, 0.0)	(72.0, 0.0)	(73.0, 0.0)	(74.0, 0.0)	(75.0, 0.0)	(76.0, 0.0)	(77.0, 0.0)	(78.0, 0.0)	(79.0, 0.0)	(80.0, 0.0)	(81.0, 0.0)	(82.0, 0.0)	(83.0, 0.0)	(84.0, 0.0)	(85.0, 0.0)	(86.0, 0.0)	(87.0, 0.0)	(88.0, 0.0)	(89.0, 0.0)	(90.0, 0.0)	(91.0, 0.0)	(92.0, 0.0)	(93.0, 0.0)	(94.0, 0.0)	(95.0, 0.0)	(96.0, 0.0)	(97.0, 0.0)	(98.0, 0.0)	(99.0, 0.0)	(100.0, 0.0)
FAY99780_pass_barcode01_98e12ebb_5ad7f319_143	(0.0, 0.0)	(1.0, 0.0)	(2.0, 0.0)	(3.0, 0.0)	(4.0, 0.0)	(5.0, 0.0)	(6.0, 0.0)	(7.0, 0.0)	(8.0, 0.0)	(9.0, 0.0)	(10.0, 0.0)	(11.0, 0.0)	(12.0, 0.0)	(13.0, 0.0)	(14.0, 0.0)	(15.0, 0.0)	(16.0, 0.0)	(17.0, 0.0)	(18.0, 0.0)	(19.0, 0.0)	(20.0, 0.0)	(21.0, 0.0)	(22.0, 0.0)	(23.0, 0.0)	(24.0, 0.0)	(25.0, 0.0)	(26.0, 0.0)	(27.0, 0.07690758521857957)	(28.0, 0.10857541442622998)	(29.0, 0.07267829099982098)	(30.0, 0.14682357178092464)	(31.0, 0.9314832294330065)	(32.0, 3.24597293341831)	(33.0, 3.0115328665438046)	(34.0, 5.382624553054215)	(35.0, 6.404336434239825)	(36.0, 9.076415207780938)	(37.0, 13.216524879321087)	(38.0, 12.419721934396188)	(39.0, 9.139816145728473)	(40.0, 9.676792910784771)	(41.0, 7.6284854144265095)	(42.0, 5.1964059441191)	(43.0, 2.8378092222733993)	(44.0, 2.8251302270179584)	(45.0, 3.4307774606142725)	(46.0, 1.7618828613710957)	(47.0, 1.3013359181967752)	(48.0, 1.627294587238581)	(49.0, 0.4037648223975428)	(50.0, 0.0)	(51.0, 0.07690758521857957)	(52.0, 0.0)	(53.0, 0.0)	(54.0, 0.0)	(55.0, 0.0)	(56.0, 0.0)	(57.0, 0.0)	(58.0, 0.0)	(59.0, 0.0)	(60.0, 0.0)	(61.0, 0.0)	(62.0, 0.0)	(63.0, 0.0)	(64.0, 0.0)	(65.0, 0.0)	(66.0, 0.0)	(67.0, 0.0)	(68.0, 0.0)	(69.0, 0.0)	(70.0, 0.0)	(71.0, 0.0)	(72.0, 0.0)	(73.0, 0.0)	(74.0, 0.0)	(75.0, 0.0)	(76.0, 0.0)	(77.0, 0.0)	(78.0, 0.0)	(79.0, 0.0)	(80.0, 0.0)	(81.0, 0.0)	(82.0, 0.0)	(83.0, 0.0)	(84.0, 0.0)	(85.0, 0.0)	(86.0, 0.0)	(87.0, 0.0)	(88.0, 0.0)	(89.0, 0.0)	(90.0, 0.0)	(91.0, 0.0)	(92.0, 0.0)	(93.0, 0.0)	(94.0, 0.0)	(95.0, 0.0)	(96.0, 0.0)	(97.0, 0.0)	(98.0, 0.0)	(99.0, 0.0)	(100.0, 0.0)
FAY99780_pass_barcode01_98e12ebb_5ad7f319_144	(0.0, 0.0)	(1.0, 0.0)	(2.0, 0.0)	(3.0, 0.0)	(4.0, 0.0)	(5.0, 0.0)	(6.0, 0.0)	(7.0, 0.0)	(8.0, 0.0)	(9.0, 0.0)	(10.0, 0.0)	(11.0, 0.0)	(12.0, 0.0)	(13.0, 0.0)	(14.0, 0.0)	(15.0, 0.0)	(16.0, 0.0)	(17.0, 0.45409820909905524)	(18.0, 0.9081964181981105)	(19.0, 0.9081964181981105)	(20.0, 0.9081964181981105)	(21.0, 0.9081964181981105)	(22.0, 0.9081964181981105)	(23.0, 0.9081964181981105)	(24.0, 0.9081964181981105)	(25.0, 0.9081964181981105)	(26.0, 0.9081964181981105)	(27.0, 0.9081964181981105)	(28.0, 1.0340071774290174)	(29.0, 1.056158309580191)	(30.0, 1.7934397848433998)	(31.0, 2.5140368415927035)	(32.0, 1.8214540588410162)	(33.0, 2.1175556705701046)	(34.0, 2.9620474968326036)	(35.0, 3.9348873620738525)	(36.0, 4.686263329286243)	(37.0, 5.333876116573467)	(38.0, 7.862288094837893)	(39.0, 7.483571436984948)	(40.0, 7.14163384736932)	(41.0, 5.765242509559987)	(42.0, 4.21025477163024)	(43.0, 3.9566406833300407)	(44.0, 2.894568028841821)	(45.0, 1.9101684486007398)	(46.0, 2.317487465546098)	(47.0, 1.8989561471415037)	(48.0, 1.816392836396221)	(49.0, 1.816392836396221)	(50.0, 1.3915912859487176)	(51.0, 1.6650267666965357)	(52.0, 1.5439339109367878)	(53.0, 0.9081964181981105)	(54.0, 0.9081964181981105)	(55.0, 0.9081964181981105)	(56.0, 0.9081964181981105)	(57.0, 0.9081964181981105)	(58.0, 0.9081964181981105)	(59.0, 0.9081964181981105)	(60.0, 0.9081964181981105)	(61.0, 0.9081964181981105)	(62.0, 0.9081964181981105)	(63.0, 0.45409820909905524)	(64.0, 0.0)	(65.0, 0.0)	(66.0, 0.0)	(67.0, 0.0)	(68.0, 0.0)	(69.0, 0.0)	(70.0, 0.0)	(71.0, 0.0)	(72.0, 0.0)	(73.0, 0.0)	(74.0, 0.0)	(75.0, 0.0)	(76.0, 0.0)	(77.0, 0.0)	(78.0, 0.0)	(79.0, 0.0)	(80.0, 0.0)	(81.0, 0.0)	(82.0, 0.0)	(83.0, 0.0)	(84.0, 0.0)	(85.0, 0.0)	(86.0, 0.0)	(87.0, 0.0)	(88.0, 0.0)	(89.0, 0.0)	(90.0, 0.0)	(91.0, 0.0)	(92.0, 0.0)	(93.0, 0.0)	(94.0, 0.0)	(95.0, 0.0)	(96.0, 0.0)	(97.0, 0.0)	(98.0, 0.0)	(99.0, 0.0)	(100.0, 0.0)
FAY99780_pass_barcode01_98e12ebb_5ad7f319_145	(0.0, 0.0)	(1.0, 0.0)	(2.0, 0.0)	(3.0, 0.0)	(4.0, 0.0)	(5.0, 0.0)	(6.0, 0.0)	(7.0, 0.0)	(8.0, 0.0)	(9.0, 0.0)	(10.0, 0.0)	(11.0, 0.0)	(12.0, 0.0)	(13.0, 0.0)	(14.0, 0.0)	(15.0, 0.0)	(16.0, 0.0)	(17.0, 0.0)	(18.0, 0.0)	(19.0, 0.0)	(20.0, 0.0)	(21.0, 0.9619451516379505)	(22.0, 1.923890303275901)	(23.0, 1.923890303275901)	(24.0, 1.923890303275901)	(25.0, 2.137655892528779)	(26.0, 0.9619451516379505)	(27.0, 0.3847780606551802)	(28.0, 1.0829932174939434)	(29.0, 0.7018786072442476)	(30.0, 0.23456426760399707)	(31.0, 1.521622330772758)	(32.0, 3.217493753869448)	(33.0, 3.1438668256452744)	(34.0, 3.082866831729553)	(35.0, 4.9198351803984215)	(36.0, 9.048949885756679)	(37.0, 10.068103275257716)	(38.0, 8.221131189559886)	(39.0, 12.44213913100147)	(40.0, 12.083951801262534)	(41.0, 6.221725132823365)	(42.0, 3.097825855260184)	(43.0, 1.7307135722577422)	(44.0, 1.6215646841896878)	(45.0, 0.7033577452836628)	(46.0, 1.8276957881121059)	(47.0, 2.8858354549138516)	(48.0, 0.9619451516379505)	(49.0, 0.0)	(50.0, 0.0)	(51.0, 0.0)	(52.0, 0.0)	(53.0, 0.0)	(54.0, 0.6412967677586336)	(55.0, 0.3206483838793168)	(56.0, 0.0)	(57.0, 0.0)	(58.0, 0.0)	(59.0, 0.0)	(60.0, 0.0)	(61.0, 0.0)	(62.0, 0.0)	(63.0, 0.0)	(64.0, 0.0)	(65.0, 0.0)	(66.0, 0.0)	(67.0, 0.0)	(68.0, 0.0)	(69.0, 0.0)	(70.0, 0.0)	(71.0, 0.0)	(72.0, 0.0)	(73.0, 0.0)	(74.0, 0.0)	(75.0, 0.0)	(76.0, 0.0)	(77.0, 0.0)	(78.0, 0.0)	(79.0, 0.0)	(80.0, 0.0)	(81.0, 0.0)	(82.0, 0.0)	(83.0, 0.0)	(84.0, 0.0)	(85.0, 0.0)	(86.0, 0.0)	(87.0, 0.0)	(88.0, 0.0)	(89.0, 0.0)	(90.0, 0.0)	(91.0, 0.0)	(92.0, 0.0)	(93.0, 0.0)	(94.0, 0.0)	(95.0, 0.0)	(96.0, 0.0)	(97.0, 0.0)	(98.0, 0.0)	(99.0, 0.0)	(100.0, 0.0)
FAY99780_pass_barcode01_98e12ebb_5ad7f319_146	(0.0, 0.0)	(1.0, 0.0)	(2.0, 0.0)	(3.0, 0.0)	(4.0, 0.0)	(5.0, 0.0)	(6.0, 0.0)	(7.0, 0.0)	(8.0, 0.0)	(9.0, 0.0)	(10.0, 0.0)	(11.0, 0.0)	(12.0, 0.0)	(13.0, 0.0)	(14.0, 0.0)	(15.0, 0.0)	(16.0, 0.0)	(17.0, 0.0)	(18.0, 0.0)	(19.0, 0.0)	(20.0, 0.0)	(21.0, 0.0)	(22.0, 0.0)	(23.0, 0.0)	(24.0, 0.0)	(25.0, 0.0)	(26.0, 0.0)	(27.0, 0.0)	(28.0, 0.0)	(29.0, 0.6017284608309635)	(30.0, 0.4015802237624797)	(31.0, 1.8403291567322104)	(32.0, 2.2391775764739386)	(33.0, 2.6013241657420365)	(34.0, 4.9641330192721576)	(35.0, 6.07169315174425)	(36.0, 9.837892350896965)	(37.0, 8.859331136606013)	(38.0, 10.00961306546318)	(39.0, 12.359116620953742)	(40.0, 9.796885425308899)	(41.0, 6.505986731879684)	(42.0, 5.4133361851687685)	(43.0, 4.549914998044978)	(44.0, 1.7000973791112983)	(45.0, 3.5608630440382703)	(46.0, 3.2126417900998376)	(47.0, 0.6814694706272382)	(48.0, 0.0)	(49.0, 0.0)	(50.0, 0.0)	(51.0, 0.14602917227726536)	(52.0, 0.5354402983499729)	(53.0, 1.3386007458749323)	(54.0, 1.9696553832159722)	(55.0, 0.5354402983499729)	(56.0, 0.0)	(57.0, 0.0)	(58.0, 0.0)	(59.0, 0.0)	(60.0, 0.0)	(61.0, 0.0)	(62.0, 0.0)	(63.0, 0.0)	(64.0, 0.0)	(65.0, 0.0)	(66.0, 0.0)	(67.0, 0.26772014917498643)	(68.0, 0.0)	(69.0, 0.0)	(70.0, 0.0)	(71.0, 0.0)	(72.0, 0.0)	(73.0, 0.0)	(74.0, 0.0)	(75.0, 0.0)	(76.0, 0.0)	(77.0, 0.0)	(78.0, 0.0)	(79.0, 0.0)	(80.0, 0.0)	(81.0, 0.0)	(82.0, 0.0)	(83.0, 0.0)	(84.0, 0.0)	(85.0, 0.0)	(86.0, 0.0)	(87.0, 0.0)	(88.0, 0.0)	(89.0, 0.0)	(90.0, 0.0)	(91.0, 0.0)	(92.0, 0.0)	(93.0, 0.0)	(94.0, 0.0)	(95.0, 0.0)	(96.0, 0.0)	(97.0, 0.0)	(98.0, 0.0)	(99.0, 0.0)	(100.0, 0.0)
FAY99780_pass_barcode01_98e12ebb_5ad7f319_147	(0.0, 0.0)	(1.0, 0.0)	(2.0, 0.0)	(3.0, 0.0)	(4.0, 0.0)	(5.0, 0.0)	(6.0, 0.0)	(7.0, 0.0)	(8.0, 0.0)	(9.0, 0.0)	(10.0, 0.0)	(11.0, 0.0)	(12.0, 0.0)	(13.0, 0.0)	(14.0, 0.0)	(15.0, 0.0)	(16.0, 0.0)	(17.0, 0.0)	(18.0, 0.0)	(19.0, 0.0)	(20.0, 0.0)	(21.0, 0.0)	(22.0, 0.0)	(23.0, 0.0)	(24.0, 0.0)	(25.0, 0.0)	(26.0, 0.2739545775718691)	(27.0, 0.09131819252395637)	(28.0, 0.09131819252395637)	(29.0, 0.4072114955512721)	(30.0, 1.133830913792545)	(31.0, 0.6435487059571652)	(32.0, 0.9440891836741685)	(33.0, 1.6898996835241324)	(34.0, 4.17565085174338)	(35.0, 6.422769070848075)	(36.0, 9.975255598998915)	(37.0, 10.14537448306919)	(38.0, 13.80677965800694)	(39.0, 11.042991644129641)	(40.0, 12.134031259409193)	(41.0, 8.306470457529546)	(42.0, 4.548305236676488)	(43.0, 4.755602417031673)	(44.0, 2.8453918625078223)	(45.0, 0.9277098195047385)	(46.0, 0.17433473118209852)	(47.0, 0.6392273476676946)	(48.0, 0.9131819252395637)	(49.0, 1.1186478584184654)	(50.0, 2.1393495909846227)	(51.0, 0.6537552419328695)	(52.0, 0.0)	(53.0, 0.0)	(54.0, 0.0)	(55.0, 0.0)	(56.0, 0.0)	(57.0, 0.0)	(58.0, 0.0)	(59.0, 0.0)	(60.0, 0.0)	(61.0, 0.0)	(62.0, 0.0)	(63.0, 0.0)	(64.0, 0.0)	(65.0, 0.0)	(66.0, 0.0)	(67.0, 0.0)	(68.0, 0.0)	(69.0, 0.0)	(70.0, 0.0)	(71.0, 0.0)	(72.0, 0.0)	(73.0, 0.0)	(74.0, 0.0)	(75.0, 0.0)	(76.0, 0.0)	(77.0, 0.0)	(78.0, 0.0)	(79.0, 0.0)	(80.0, 0.0)	(81.0, 0.0)	(82.0, 0.0)	(83.0, 0.0)	(84.0, 0.0)	(85.0, 0.0)	(86.0, 0.0)	(87.0, 0.0)	(88.0, 0.0)	(89.0, 0.0)	(90.0, 0.0)	(91.0, 0.0)	(92.0, 0.0)	(93.0, 0.0)	(94.0, 0.0)	(95.0, 0.0)	(96.0, 0.0)	(97.0, 0.0)	(98.0, 0.0)	(99.0, 0.0)	(100.0, 0.0)
FAY99780_pass_barcode01_98e12ebb_5ad7f319_148	(0.0, 0.0)	(1.0, 0.0)	(2.0, 0.0)	(3.0, 0.0)	(4.0, 0.0)	(5.0, 0.0)	(6.0, 0.0)	(7.0, 0.0)	(8.0, 0.0)	(9.0, 0.0)	(10.0, 0.0)	(11.0, 0.0)	(12.0, 0.0)	(13.0, 0.0)	(14.0, 0.0)	(15.0, 0.0)	(16.0, 0.0)	(17.0, 0.0)	(18.0, 0.0)	(19.0, 0.0)	(20.0, 0.0)	(21.0, 0.0)	(22.0, 0.0)	(23.0, 0.0)	(24.0, 0.0)	(25.0, 0.0)	(26.0, 0.0)	(27.0, 0.0)	(28.0, 0.236652884944833)	(29.0, 0.06381401000234926)	(30.0, 0.18840326762598356)	(31.0, 0.7360242173025581)	(32.0, 2.906165347644286)	(33.0, 4.97288280651476)	(34.0, 2.1540426288269083)	(35.0, 5.424131169774224)	(36.0, 7.964496138648753)	(37.0, 12.404440032908225)	(38.0, 11.235387071520602)	(39.0, 10.105029612741262)	(40.0, 6.868514246106338)	(41.0, 8.12429073213494)	(42.0, 6.549463109230741)	(43.0, 3.81452388555926)	(44.0, 3.946650421691906)	(45.0, 2.143087169245563)	(46.0, 2.2961648241916746)	(47.0, 0.2826049014389753)	(48.0, 1.1539700142091491)	(49.0, 1.1539700142091491)	(50.0, 0.0)	(51.0, 0.0)	(52.0, 0.6594114366909425)	(53.0, 0.6594114366909425)	(54.0, 0.9891171550364137)	(55.0, 0.9891171550364137)	(56.0, 0.0)	(57.0, 0.9891171550364137)	(58.0, 0.9891171550364137)	(59.0, 0.0)	(60.0, 0.0)	(61.0, 0.0)	(62.0, 0.0)	(63.0, 0.0)	(64.0, 0.0)	(65.0, 0.0)	(66.0, 0.0)	(67.0, 0.0)	(68.0, 0.0)	(69.0, 0.0)	(70.0, 0.0)	(71.0, 0.0)	(72.0, 0.0)	(73.0, 0.0)	(74.0, 0.0)	(75.0, 0.0)	(76.0, 0.0)	(77.0, 0.0)	(78.0, 0.0)	(79.0, 0.0)	(80.0, 0.0)	(81.0, 0.0)	(82.0, 0.0)	(83.0, 0.0)	(84.0, 0.0)	(85.0, 0.0)	(86.0, 0.0)	(87.0, 0.0)	(88.0, 0.0)	(89.0, 0.0)	(90.0, 0.0)	(91.0, 0.0)	(92.0, 0.0)	(93.0, 0.0)	(94.0, 0.0)	(95.0, 0.0)	(96.0, 0.0)	(97.0, 0.0)	(98.0, 0.0)	(99.0, 0.0)	(100.0, 0.0)
FAY99780_pass_barcode01_98e12ebb_5ad7f319_149	(0.0, 0.0)	(1.0, 0.0)	(2.0, 0.0)	(3.0, 0.0)	(4.0, 0.0)	(5.0, 0.0)	(6.0, 0.0)	(7.0, 0.0)	(8.0, 0.0)	(9.0, 0.0)	(10.0, 0.0)	(11.0, 0.0)	(12.0, 0.0)	(13.0, 0.0)	(14.0, 0.0)	(15.0, 0.0)	(16.0, 0.0)	(17.0, 0.0)	(18.0, 0.0)	(19.0, 0.0)	(20.0, 0.0)	(21.0, 0.0)	(22.0, 0.0)	(23.0, 0.9695087222892449)	(24.0, 1.9390174445784898)	(25.0, 2.115291757721989)	(26.0, 1.9390174445784898)	(27.0, 1.9390174445784898)	(28.0, 2.115291757721989)	(29.0, 1.9390174445784898)	(30.0, 0.9695087222892449)	(31.0, 0.4054950301162322)	(32.0, 1.0470951770013783)	(33.0, 0.9925554349335253)	(34.0, 2.513677613237378)	(35.0, 4.661472297813168)	(36.0, 8.233200415954427)	(37.0, 11.692722949420716)	(38.0, 9.37493030426907)	(39.0, 11.614351420624576)	(40.0, 11.398194131389497)	(41.0, 9.464862177618476)	(42.0, 6.479507087976315)	(43.0, 2.807280570597209)	(44.0, 0.339551441907754)	(45.0, 0.0)	(46.0, 0.6463391481928299)	(47.0, 0.0)	(48.0, 0.0)	(49.0, 0.9695087222892449)	(50.0, 1.5465972474614147)	(51.0, 0.7235776241132341)	(52.0, 0.0)	(53.0, 0.0)	(54.0, 0.0)	(55.0, 0.0)	(56.0, 0.0)	(57.0, 0.0)	(58.0, 0.0)	(59.0, 0.0)	(60.0, 0.0)	(61.0, 0.0)	(62.0, 0.0)	(63.0, 0.0)	(64.0, 0.0)	(65.0, 0.0)	(66.0, 0.0)	(67.0, 0.0)	(68.0, 0.0)	(69.0, 0.0)	(70.0, 0.0)	(71.0, 0.775606977831396)	(72.0, 0.0)	(73.0, 0.0)	(74.0, 0.0)	(75.0, 0.387803488915698)	(76.0, 0.0)	(77.0, 0.0)	(78.0, 0.0)	(79.0, 0.0)	(80.0, 0.0)	(81.0, 0.0)	(82.0, 0.0)	(83.0, 0.0)	(84.0, 0.0)	(85.0, 0.0)	(86.0, 0.0)	(87.0, 0.0)	(88.0, 0.0)	(89.0, 0.0)	(90.0, 0.0)	(91.0, 0.0)	(92.0, 0.0)	(93.0, 0.0)	(94.0, 0.0)	(95.0, 0.0)	(96.0, 0.0)	(97.0, 0.0)	(98.0, 0.0)	(99.0, 0.0)	(100.0, 0.0)
FAY99780_pass_barcode01_98e12ebb_5ad7f319_15	(0.0, 0.0)	(1.0, 0.0)	(2.0, 0.0)	(3.0, 0.0)	(4.0, 0.0)	(5.0, 0.0)	(6.0, 0.0)	(7.0, 0.0)	(8.0, 0.0)	(9.0, 0.0)	(10.0, 0.0)	(11.0, 0.0)	(12.0, 0.0)	(13.0, 0.0)	(14.0, 0.0)	(15.0, 0.0)	(16.0, 0.0)	(17.0, 0.27737651152352233)	(18.0, 0.5547530230470447)	(19.0, 0.5547530230470447)	(20.0, 0.5547530230470447)	(21.0, 0.6934412788088058)	(22.0, 0.6934412788088058)	(23.0, 0.5547530230470447)	(24.0, 0.5547530230470447)	(25.0, 0.5547530230470447)	(26.0, 0.5726482818550138)	(27.0, 1.0637152367913445)	(28.0, 1.0279247191754062)	(29.0, 0.9763060439884585)	(30.0, 1.200548021565842)	(31.0, 1.8666294339349034)	(32.0, 2.5961072248958104)	(33.0, 3.4683437209830137)	(34.0, 4.668591421972175)	(35.0, 6.249300819703429)	(36.0, 6.584062920633256)	(37.0, 7.76409217601821)	(38.0, 10.101321155420898)	(39.0, 9.285746959345307)	(40.0, 8.291650999231686)	(41.0, 6.813463397877549)	(42.0, 6.134986328551772)	(43.0, 3.3697243603044122)	(44.0, 3.168276166581774)	(45.0, 2.6905521617781663)	(46.0, 1.859743467738664)	(47.0, 1.2243914623554801)	(48.0, 0.832129534570567)	(49.0, 1.3129154878780056)	(50.0, 0.29872049592107264)	(51.0, 0.013530561537732796)	(52.0, 0.13868825576176116)	(53.0, 0.27737651152352233)	(54.0, 0.27737651152352233)	(55.0, 0.18491767434901488)	(56.0, 0.18491767434901488)	(57.0, 0.0)	(58.0, 0.18491767434901488)	(59.0, 0.18491767434901488)	(60.0, 0.0)	(61.0, 0.0)	(62.0, 0.0)	(63.0, 0.0)	(64.0, 0.0)	(65.0, 0.0)	(66.0, 0.0)	(67.0, 0.0)	(68.0, 0.0)	(69.0, 0.13868825576176116)	(70.0, 0.0)	(71.0, 0.0)	(72.0, 0.0)	(73.0, 0.0)	(74.0, 0.0)	(75.0, 0.0)	(76.0, 0.0)	(77.0, 0.0)	(78.0, 0.0)	(79.0, 0.0)	(80.0, 0.0)	(81.0, 0.0)	(82.0, 0.0)	(83.0, 0.0)	(84.0, 0.0)	(85.0, 0.0)	(86.0, 0.0)	(87.0, 0.0)	(88.0, 0.0)	(89.0, 0.0)	(90.0, 0.0)	(91.0, 0.0)	(92.0, 0.0)	(93.0, 0.0)	(94.0, 0.0)	(95.0, 0.0)	(96.0, 0.0)	(97.0, 0.0)	(98.0, 0.0)	(99.0, 0.0)	(100.0, 0.0)
FAY99780_pass_barcode01_98e12ebb_5ad7f319_150	(0.0, 0.0)	(1.0, 0.0)	(2.0, 0.0)	(3.0, 0.0)	(4.0, 0.0)	(5.0, 0.0)	(6.0, 0.0)	(7.0, 0.0)	(8.0, 0.0)	(9.0, 0.0)	(10.0, 0.0)	(11.0, 0.0)	(12.0, 0.0)	(13.0, 0.0)	(14.0, 0.0)	(15.0, 0.0)	(16.0, 0.0)	(17.0, 0.0)	(18.0, 0.0)	(19.0, 0.0)	(20.0, 0.0)	(21.0, 0.0)	(22.0, 0.0)	(23.0, 0.0)	(24.0, 0.0)	(25.0, 0.0)	(26.0, 0.0)	(27.0, 0.0)	(28.0, 0.0)	(29.0, 0.10166659647425712)	(30.0, 0.2334035947225903)	(31.0, 0.3881815501744363)	(32.0, 0.5587190668409321)	(33.0, 1.4549296995217704)	(34.0, 5.2646927538620245)	(35.0, 5.8793604326979425)	(36.0, 7.518961214647116)	(37.0, 8.90296927130236)	(38.0, 11.99735858298349)	(39.0, 13.238575148478365)	(40.0, 15.377321753710854)	(41.0, 5.776222806237405)	(42.0, 3.1957281232249044)	(43.0, 2.2090379271956158)	(44.0, 4.183734485213368)	(45.0, 3.033053461482004)	(46.0, 1.790256339733055)	(47.0, 2.8466647012791992)	(48.0, 3.914163964258899)	(49.0, 2.1349985259593995)	(50.0, 0.0)	(51.0, 0.0)	(52.0, 0.0)	(53.0, 0.0)	(54.0, 0.0)	(55.0, 0.0)	(56.0, 0.0)	(57.0, 0.0)	(58.0, 0.0)	(59.0, 0.0)	(60.0, 0.0)	(61.0, 0.0)	(62.0, 0.0)	(63.0, 0.0)	(64.0, 0.0)	(65.0, 0.0)	(66.0, 0.0)	(67.0, 0.0)	(68.0, 0.0)	(69.0, 0.0)	(70.0, 0.0)	(71.0, 0.0)	(72.0, 0.0)	(73.0, 0.0)	(74.0, 0.0)	(75.0, 0.0)	(76.0, 0.0)	(77.0, 0.0)	(78.0, 0.0)	(79.0, 0.0)	(80.0, 0.0)	(81.0, 0.0)	(82.0, 0.0)	(83.0, 0.0)	(84.0, 0.0)	(85.0, 0.0)	(86.0, 0.0)	(87.0, 0.0)	(88.0, 0.0)	(89.0, 0.0)	(90.0, 0.0)	(91.0, 0.0)	(92.0, 0.0)	(93.0, 0.0)	(94.0, 0.0)	(95.0, 0.0)	(96.0, 0.0)	(97.0, 0.0)	(98.0, 0.0)	(99.0, 0.0)	(100.0, 0.0)
FAY99780_pass_barcode01_98e12ebb_5ad7f319_151	(0.0, 1.1077208077231624)	(1.0, 1.1077208077231624)	(2.0, 1.1077208077231624)	(3.0, 1.1077208077231624)	(4.0, 1.1077208077231624)	(5.0, 1.1077208077231624)	(6.0, 1.1077208077231624)	(7.0, 1.1077208077231624)	(8.0, 1.1077208077231624)	(9.0, 1.1077208077231624)	(10.0, 1.1077208077231624)	(11.0, 1.1077208077231624)	(12.0, 1.1077208077231624)	(13.0, 1.1077208077231624)	(14.0, 1.1077208077231624)	(15.0, 1.1077208077231624)	(16.0, 1.1077208077231624)	(17.0, 1.1077208077231624)	(18.0, 1.1077208077231624)	(19.0, 1.1077208077231624)	(20.0, 1.1077208077231624)	(21.0, 1.384651009653953)	(22.0, 1.6615812115847437)	(23.0, 1.6615812115847437)	(24.0, 1.9385114135155344)	(25.0, 1.800046312550139)	(26.0, 1.1769533582058602)	(27.0, 1.1255872723638587)	(28.0, 1.4528684201002475)	(29.0, 2.258610146923772)	(30.0, 2.3228351316300166)	(31.0, 1.916316156335025)	(32.0, 2.494158644161323)	(33.0, 2.9682185772077374)	(34.0, 3.262356700416354)	(35.0, 4.802964550407751)	(36.0, 4.435296989519635)	(37.0, 4.314312373671941)	(38.0, 4.8267712426981735)	(39.0, 4.8369829598471625)	(40.0, 4.184469757290979)	(41.0, 4.107989453154244)	(42.0, 3.5552826766655574)	(43.0, 2.5357695373333695)	(44.0, 1.5523676124683148)	(45.0, 1.726198258701928)	(46.0, 2.1273274602865277)	(47.0, 2.0923615256993067)	(48.0, 1.6308111891479893)	(49.0, 0.8307906057923719)	(50.0, 0.5538604038615812)	(51.0, 0.2769302019307906)	(52.0, 0.18462013462052707)	(53.0, 0.18462013462052707)	(54.0, 0.0)	(55.0, 0.0)	(56.0, 0.2769302019307906)	(57.0, 0.2769302019307906)	(58.0, 0.0)	(59.0, 0.0)	(60.0, 0.0)	(61.0, 0.0)	(62.0, 0.0)	(63.0, 0.0)	(64.0, 0.0)	(65.0, 0.0)	(66.0, 0.0)	(67.0, 0.0)	(68.0, 0.0)	(69.0, 0.0)	(70.0, 0.0)	(71.0, 0.0)	(72.0, 0.0)	(73.0, 0.0)	(74.0, 0.0)	(75.0, 0.0)	(76.0, 0.0)	(77.0, 0.0)	(78.0, 0.0)	(79.0, 0.0)	(80.0, 0.0)	(81.0, 0.0)	(82.0, 0.0)	(83.0, 0.0)	(84.0, 0.0)	(85.0, 0.0)	(86.0, 0.0)	(87.0, 0.0)	(88.0, 0.0)	(89.0, 0.0)	(90.0, 0.0)	(91.0, 0.0)	(92.0, 0.0)	(93.0, 0.0)	(94.0, 0.0)	(95.0, 0.0)	(96.0, 0.0)	(97.0, 0.0)	(98.0, 0.0)	(99.0, 0.0)	(100.0, 0.0)
FAY99780_pass_barcode01_98e12ebb_5ad7f319_152	(0.0, 0.2382345112561472)	(1.0, 0.2382345112561472)	(2.0, 0.2382345112561472)	(3.0, 0.297793139070184)	(4.0, 0.35735176688422077)	(5.0, 0.35735176688422077)	(6.0, 0.35735176688422077)	(7.0, 0.35735176688422077)	(8.0, 0.35735176688422077)	(9.0, 0.35735176688422077)	(10.0, 0.35735176688422077)	(11.0, 0.35735176688422077)	(12.0, 0.35735176688422077)	(13.0, 0.2382345112561472)	(14.0, 0.1191172556280736)	(15.0, 0.1191172556280736)	(16.0, 0.17867588344211038)	(17.0, 0.41691039469825764)	(18.0, 0.6551449059544048)	(19.0, 0.8338207893965153)	(20.0, 1.0124966728386255)	(21.0, 1.0720553006526623)	(22.0, 1.1117610525286867)	(23.0, 1.131613928466699)	(24.0, 0.9529380450245888)	(25.0, 0.8338207893965153)	(26.0, 1.131613928466699)	(27.0, 1.201098994249742)	(28.0, 1.0502171371208489)	(29.0, 1.0919081765906744)	(30.0, 1.485845957703518)	(31.0, 2.5559675366739065)	(32.0, 3.161570493128454)	(33.0, 3.406573030272559)	(34.0, 3.6287447600879505)	(35.0, 3.6359253132681277)	(36.0, 4.203004236652485)	(37.0, 4.677729450961545)	(38.0, 4.907245850956678)	(39.0, 5.1104353647542275)	(40.0, 4.882724596608944)	(41.0, 4.6573171058452125)	(42.0, 4.313191995267746)	(43.0, 3.495240615143759)	(44.0, 3.451564288080132)	(45.0, 2.8687405730427726)	(46.0, 2.044846221615263)	(47.0, 2.372418674592465)	(48.0, 2.154037039274331)	(49.0, 1.48896569535092)	(50.0, 0.9661732956499303)	(51.0, 0.7841885995514843)	(52.0, 0.7742621615824783)	(53.0, 0.8338207893965153)	(54.0, 0.7544092856444661)	(55.0, 0.5360276503263312)	(56.0, 0.4764690225122944)	(57.0, 0.595586278140368)	(58.0, 0.595586278140368)	(59.0, 0.35735176688422077)	(60.0, 0.2382345112561472)	(61.0, 0.2382345112561472)	(62.0, 0.2382345112561472)	(63.0, 0.17867588344211038)	(64.0, 0.1191172556280736)	(65.0, 0.17867588344211038)	(66.0, 0.17867588344211038)	(67.0, 0.1191172556280736)	(68.0, 0.1191172556280736)	(69.0, 0.17867588344211038)	(70.0, 0.2382345112561472)	(71.0, 0.2382345112561472)	(72.0, 0.2382345112561472)	(73.0, 0.2382345112561472)	(74.0, 0.2382345112561472)	(75.0, 0.2382345112561472)	(76.0, 0.2382345112561472)	(77.0, 0.2382345112561472)	(78.0, 0.2382345112561472)	(79.0, 0.2382345112561472)	(80.0, 0.2382345112561472)	(81.0, 0.17867588344211038)	(82.0, 0.1191172556280736)	(83.0, 0.17867588344211038)	(84.0, 0.2382345112561472)	(85.0, 0.2382345112561472)	(86.0, 0.2382345112561472)	(87.0, 0.2382345112561472)	(88.0, 0.17867588344211038)	(89.0, 0.1191172556280736)	(90.0, 0.1191172556280736)	(91.0, 0.1191172556280736)	(92.0, 0.1191172556280736)	(93.0, 0.1191172556280736)	(94.0, 0.1191172556280736)	(95.0, 0.1191172556280736)	(96.0, 0.1191172556280736)	(97.0, 0.1191172556280736)	(98.0, 0.1191172556280736)	(99.0, 0.1191172556280736)	(100.0, 0.1191172556280736)
FAY99780_pass_barcode01_98e12ebb_5ad7f319_153	(0.0, 0.0)	(1.0, 0.0)	(2.0, 0.0)	(3.0, 0.0)	(4.0, 0.0)	(5.0, 0.0)	(6.0, 0.0)	(7.0, 0.0)	(8.0, 0.0)	(9.0, 0.0)	(10.0, 0.4721435316336166)	(11.0, 0.9442870632672332)	(12.0, 0.9442870632672332)	(13.0, 0.4721435316336166)	(14.0, 0.0)	(15.0, 0.0)	(16.0, 0.0)	(17.0, 0.0)	(18.0, 0.0)	(19.0, 0.9442870632672332)	(20.0, 0.9442870632672332)	(21.0, 0.0)	(22.0, 0.9442870632672332)	(23.0, 2.360717658168083)	(24.0, 2.360717658168083)	(25.0, 2.360717658168083)	(26.0, 3.777148253068933)	(27.0, 4.2492917847025495)	(28.0, 3.777148253068933)	(29.0, 3.3050047214353158)	(30.0, 2.8328611898016995)	(31.0, 2.8328611898016995)	(32.0, 1.8885741265344664)	(33.0, 0.7869058860560276)	(34.0, 2.8328611898016995)	(35.0, 5.665722379603399)	(36.0, 6.137865911237015)	(37.0, 5.665722379603399)	(38.0, 4.2492917847025495)	(39.0, 4.910292728989613)	(40.0, 3.493862134088763)	(41.0, 1.4164305949008498)	(42.0, 1.7311929493232607)	(43.0, 2.2033364809568776)	(44.0, 1.8885741265344664)	(45.0, 3.3050047214353158)	(46.0, 3.777148253068933)	(47.0, 2.8328611898016995)	(48.0, 2.8328611898016995)	(49.0, 1.8885741265344664)	(50.0, 0.4721435316336166)	(51.0, 0.0)	(52.0, 0.4721435316336166)	(53.0, 0.9442870632672332)	(54.0, 1.4164305949008498)	(55.0, 1.4164305949008498)	(56.0, 1.4164305949008498)	(57.0, 1.4164305949008498)	(58.0, 0.4721435316336166)	(59.0, 0.0)	(60.0, 0.0)	(61.0, 0.0)	(62.0, 0.0)	(63.0, 0.4721435316336166)	(64.0, 0.4721435316336166)	(65.0, 0.0)	(66.0, 0.0)	(67.0, 0.0)	(68.0, 0.0)	(69.0, 0.0)	(70.0, 0.0)	(71.0, 0.0)	(72.0, 0.0)	(73.0, 0.0)	(74.0, 0.0)	(75.0, 0.0)	(76.0, 0.0)	(77.0, 0.0)	(78.0, 0.0)	(79.0, 0.0)	(80.0, 0.0)	(81.0, 0.0)	(82.0, 0.0)	(83.0, 0.0)	(84.0, 0.0)	(85.0, 0.0)	(86.0, 0.0)	(87.0, 0.0)	(88.0, 0.0)	(89.0, 0.0)	(90.0, 0.0)	(91.0, 0.0)	(92.0, 0.0)	(93.0, 0.0)	(94.0, 0.0)	(95.0, 0.0)	(96.0, 0.0)	(97.0, 0.0)	(98.0, 0.0)	(99.0, 0.0)	(100.0, 0.0)
FAY99780_pass_barcode01_98e12ebb_5ad7f319_154	(0.0, 0.0)	(1.0, 0.0)	(2.0, 0.0)	(3.0, 0.0)	(4.0, 0.0)	(5.0, 0.0)	(6.0, 0.0)	(7.0, 0.0)	(8.0, 0.0)	(9.0, 0.0)	(10.0, 0.0)	(11.0, 0.0)	(12.0, 0.0)	(13.0, 0.0)	(14.0, 0.0)	(15.0, 0.0)	(16.0, 0.0)	(17.0, 0.0)	(18.0, 0.0)	(19.0, 0.0)	(20.0, 0.0)	(21.0, 0.0)	(22.0, 0.0)	(23.0, 0.0)	(24.0, 0.0)	(25.0, 0.0)	(26.0, 0.0)	(27.0, 0.0)	(28.0, 5.555555555555555)	(29.0, 11.11111111111111)	(30.0, 11.11111111111111)	(31.0, 5.555555555555555)	(32.0, 0.0)	(33.0, 0.0)	(34.0, 0.0)	(35.0, 0.0)	(36.0, 0.0)	(37.0, 0.0)	(38.0, 0.0)	(39.0, 0.0)	(40.0, 5.555555555555555)	(41.0, 5.555555555555555)	(42.0, 0.0)	(43.0, 0.0)	(44.0, 5.555555555555555)	(45.0, 11.11111111111111)	(46.0, 11.11111111111111)	(47.0, 5.555555555555555)	(48.0, 0.0)	(49.0, 5.555555555555555)	(50.0, 11.11111111111111)	(51.0, 5.555555555555555)	(52.0, 0.0)	(53.0, 0.0)	(54.0, 0.0)	(55.0, 0.0)	(56.0, 0.0)	(57.0, 0.0)	(58.0, 0.0)	(59.0, 0.0)	(60.0, 0.0)	(61.0, 0.0)	(62.0, 0.0)	(63.0, 0.0)	(64.0, 0.0)	(65.0, 0.0)	(66.0, 0.0)	(67.0, 0.0)	(68.0, 0.0)	(69.0, 0.0)	(70.0, 0.0)	(71.0, 0.0)	(72.0, 0.0)	(73.0, 0.0)	(74.0, 0.0)	(75.0, 0.0)	(76.0, 0.0)	(77.0, 0.0)	(78.0, 0.0)	(79.0, 0.0)	(80.0, 0.0)	(81.0, 0.0)	(82.0, 0.0)	(83.0, 0.0)	(84.0, 0.0)	(85.0, 0.0)	(86.0, 0.0)	(87.0, 0.0)	(88.0, 0.0)	(89.0, 0.0)	(90.0, 0.0)	(91.0, 0.0)	(92.0, 0.0)	(93.0, 0.0)	(94.0, 0.0)	(95.0, 0.0)	(96.0, 0.0)	(97.0, 0.0)	(98.0, 0.0)	(99.0, 0.0)	(100.0, 0.0)
FAY99780_pass_barcode01_98e12ebb_5ad7f319_16	(0.0, 0.0)	(1.0, 0.0)	(2.0, 0.0)	(3.0, 0.0)	(4.0, 0.0)	(5.0, 0.0)	(6.0, 0.0)	(7.0, 0.0)	(8.0, 0.0)	(9.0, 0.0)	(10.0, 0.0)	(11.0, 0.0)	(12.0, 0.0)	(13.0, 0.0)	(14.0, 0.0)	(15.0, 0.0)	(16.0, 0.0)	(17.0, 0.0)	(18.0, 0.0)	(19.0, 0.0)	(20.0, 0.0)	(21.0, 0.0)	(22.0, 0.0)	(23.0, 0.0)	(24.0, 0.0)	(25.0, 0.0)	(26.0, 0.31111771256332327)	(27.0, 0.14470591282015038)	(28.0, 0.32399812897918284)	(29.0, 0.7061934259969208)	(30.0, 1.386819446480519)	(31.0, 1.3093490935670649)	(32.0, 2.116685732897414)	(33.0, 2.655591822665034)	(34.0, 4.567629824961102)	(35.0, 6.246589265435947)	(36.0, 9.318453268541289)	(37.0, 10.548341447273039)	(38.0, 10.21197047108739)	(39.0, 10.406639611133883)	(40.0, 8.682053416077073)	(41.0, 7.212351771438217)	(42.0, 6.532347569179746)	(43.0, 5.235264317225847)	(44.0, 3.3870482869967447)	(45.0, 2.86173807529356)	(46.0, 1.4651473673040225)	(47.0, 0.4815038296304299)	(48.0, 0.08843139116786967)	(49.0, 0.7292718622285356)	(50.0, 0.30411771108950303)	(51.0, 0.0)	(52.0, 0.795882520510827)	(53.0, 0.9095800234409451)	(54.0, 0.0)	(55.0, 0.265294173503609)	(56.0, 0.265294173503609)	(57.0, 0.265294173503609)	(58.0, 0.265294173503609)	(59.0, 0.0)	(60.0, 0.0)	(61.0, 0.0)	(62.0, 0.0)	(63.0, 0.0)	(64.0, 0.0)	(65.0, 0.0)	(66.0, 0.0)	(67.0, 0.0)	(68.0, 0.0)	(69.0, 0.0)	(70.0, 0.0)	(71.0, 0.0)	(72.0, 0.0)	(73.0, 0.0)	(74.0, 0.0)	(75.0, 0.0)	(76.0, 0.0)	(77.0, 0.0)	(78.0, 0.0)	(79.0, 0.0)	(80.0, 0.0)	(81.0, 0.0)	(82.0, 0.0)	(83.0, 0.0)	(84.0, 0.0)	(85.0, 0.0)	(86.0, 0.0)	(87.0, 0.0)	(88.0, 0.0)	(89.0, 0.0)	(90.0, 0.0)	(91.0, 0.0)	(92.0, 0.0)	(93.0, 0.0)	(94.0, 0.0)	(95.0, 0.0)	(96.0, 0.0)	(97.0, 0.0)	(98.0, 0.0)	(99.0, 0.0)	(100.0, 0.0)
FAY99780_pass_barcode01_98e12ebb_5ad7f319_17	(0.0, 0.0)	(1.0, 0.0)	(2.0, 0.0)	(3.0, 0.0)	(4.0, 0.0)	(5.0, 0.0)	(6.0, 0.0)	(7.0, 0.0)	(8.0, 0.0)	(9.0, 0.0)	(10.0, 0.0)	(11.0, 0.0)	(12.0, 0.0)	(13.0, 0.0)	(14.0, 0.0)	(15.0, 0.0)	(16.0, 0.0)	(17.0, 0.0)	(18.0, 0.0)	(19.0, 0.0)	(20.0, 0.0)	(21.0, 0.0)	(22.0, 0.0)	(23.0, 0.0)	(24.0, 0.0)	(25.0, 0.3534330089073906)	(26.0, 0.5617839493435375)	(27.0, 0.2070617627942289)	(28.0, 0.3807977784592743)	(29.0, 0.8867509566499507)	(30.0, 0.8109862981172752)	(31.0, 0.4956152721996004)	(32.0, 0.9270802226715179)	(33.0, 1.978386545694323)	(34.0, 3.1237082892993135)	(35.0, 4.869678086219098)	(36.0, 6.239533187011789)	(37.0, 7.501199991126181)	(38.0, 6.6006187713426705)	(39.0, 6.873543212932905)	(40.0, 6.845816596083177)	(41.0, 4.048314143499447)	(42.0, 4.067616109825909)	(43.0, 3.6958634916445883)	(44.0, 2.86201403206253)	(45.0, 2.156179356361283)	(46.0, 1.9142502967287158)	(47.0, 1.649354041567823)	(48.0, 0.8495482325218389)	(49.0, 0.30979190566703974)	(50.0, 0.6175000957189405)	(51.0, 0.924637871788022)	(52.0, 0.5997651060246628)	(53.0, 0.5997651060246628)	(54.0, 0.6047631485748685)	(55.0, 0.5497846805226076)	(56.0, 0.6872308506532595)	(57.0, 0.5497846805226076)	(58.0, 0.8246770207839115)	(59.0, 1.0445908929929546)	(60.0, 0.6597416166271292)	(61.0, 0.6872308506532595)	(62.0, 0.5497846805226076)	(63.0, 0.5497846805226076)	(64.0, 0.5497846805226076)	(65.0, 0.5497846805226076)	(66.0, 0.5497846805226076)	(67.0, 0.5497846805226076)	(68.0, 0.5497846805226076)	(69.0, 0.5497846805226076)	(70.0, 0.5497846805226076)	(71.0, 0.5497846805226076)	(72.0, 0.5497846805226076)	(73.0, 0.5497846805226076)	(74.0, 0.5497846805226076)	(75.0, 0.5497846805226076)	(76.0, 0.5497846805226076)	(77.0, 0.5497846805226076)	(78.0, 0.5497846805226076)	(79.0, 0.5497846805226076)	(80.0, 0.5497846805226076)	(81.0, 0.5497846805226076)	(82.0, 0.5497846805226076)	(83.0, 0.5497846805226076)	(84.0, 0.5497846805226076)	(85.0, 0.5497846805226076)	(86.0, 0.5497846805226076)	(87.0, 0.5497846805226076)	(88.0, 0.5497846805226076)	(89.0, 0.5497846805226076)	(90.0, 0.5497846805226076)	(91.0, 0.5497846805226076)	(92.0, 0.5497846805226076)	(93.0, 0.5497846805226076)	(94.0, 0.5497846805226076)	(95.0, 0.5497846805226076)	(96.0, 0.5497846805226076)	(97.0, 0.5497846805226076)	(98.0, 0.5497846805226076)	(99.0, 0.5497846805226076)	(100.0, 0.5497846805226076)
FAY99780_pass_barcode01_98e12ebb_5ad7f319_18	(0.0, 0.0)	(1.0, 0.0)	(2.0, 0.0)	(3.0, 0.0)	(4.0, 0.0)	(5.0, 0.0)	(6.0, 0.0)	(7.0, 0.0)	(8.0, 0.0)	(9.0, 0.0)	(10.0, 0.0)	(11.0, 0.0)	(12.0, 0.0)	(13.0, 0.0)	(14.0, 0.0)	(15.0, 0.0)	(16.0, 0.0)	(17.0, 0.0)	(18.0, 0.0)	(19.0, 0.0)	(20.0, 0.0)	(21.0, 0.0)	(22.0, 0.0)	(23.0, 0.0)	(24.0, 0.0)	(25.0, 0.21886504317968192)	(26.0, 0.0)	(27.0, 0.13954875089410282)	(28.0, 0.566942389926406)	(29.0, 1.3430086067905644)	(30.0, 0.6771148876405529)	(31.0, 0.4495441538617774)	(32.0, 1.3153697727354583)	(33.0, 2.3550404144758645)	(34.0, 4.542464673219121)	(35.0, 5.26149370067708)	(36.0, 7.119623632929933)	(37.0, 10.881299227712956)	(38.0, 11.706942499740713)	(39.0, 12.257109751369937)	(40.0, 8.65934550384323)	(41.0, 6.805577602054483)	(42.0, 6.127998561977728)	(43.0, 5.044658080928249)	(44.0, 3.3099174186671116)	(45.0, 2.643984702325144)	(46.0, 1.0664696649482681)	(47.0, 1.614737651903431)	(48.0, 1.2256442418062186)	(49.0, 1.115819488956199)	(50.0, 1.0894615482721943)	(51.0, 0.07428146920037688)	(52.0, 0.4357846193088778)	(53.0, 0.2723653870680486)	(54.0, 0.09078846235601619)	(55.0, 0.0)	(56.0, 0.09078846235601619)	(57.0, 0.0)	(58.0, 0.0)	(59.0, 0.0)	(60.0, 0.0)	(61.0, 0.2723653870680486)	(62.0, 0.2723653870680486)	(63.0, 0.0)	(64.0, 0.4085480806020729)	(65.0, 0.4085480806020729)	(66.0, 0.0)	(67.0, 0.0)	(68.0, 0.0)	(69.0, 0.0)	(70.0, 0.0)	(71.0, 0.0)	(72.0, 0.0)	(73.0, 0.0)	(74.0, 0.0)	(75.0, 0.0)	(76.0, 0.0)	(77.0, 0.0)	(78.0, 0.1361826935340243)	(79.0, 0.0)	(80.0, 0.0)	(81.0, 0.0)	(82.0, 0.0)	(83.0, 0.0)	(84.0, 0.0)	(85.0, 0.0)	(86.0, 0.0)	(87.0, 0.0)	(88.0, 0.0)	(89.0, 0.0)	(90.0, 0.0)	(91.0, 0.0)	(92.0, 0.0)	(93.0, 0.0)	(94.0, 0.0)	(95.0, 0.0)	(96.0, 0.0)	(97.0, 0.0)	(98.0, 0.0)	(99.0, 0.0)	(100.0, 0.0)
FAY99780_pass_barcode01_98e12ebb_5ad7f319_19	(0.0, 0.0)	(1.0, 0.0)	(2.0, 0.0)	(3.0, 0.0)	(4.0, 0.0)	(5.0, 0.0)	(6.0, 0.0)	(7.0, 0.0)	(8.0, 0.0)	(9.0, 0.0)	(10.0, 0.0)	(11.0, 0.0)	(12.0, 0.0)	(13.0, 0.0)	(14.0, 0.0)	(15.0, 0.0)	(16.0, 0.0)	(17.0, 0.0)	(18.0, 0.0)	(19.0, 0.0)	(20.0, 0.0)	(21.0, 0.0)	(22.0, 0.0)	(23.0, 0.0)	(24.0, 0.0)	(25.0, 0.3233851780334063)	(26.0, 0.4895280217936884)	(27.0, 0.8669755537490914)	(28.0, 0.3807440169506466)	(29.0, 0.49007518561691055)	(30.0, 1.459960973850147)	(31.0, 1.6257192597471821)	(32.0, 2.8304029836667497)	(33.0, 4.108818852325571)	(34.0, 4.0779110050593665)	(35.0, 6.366567359476387)	(36.0, 7.578662406654689)	(37.0, 9.458138609412517)	(38.0, 9.78628722377057)	(39.0, 9.762075069797719)	(40.0, 8.467027574733379)	(41.0, 7.938276046232199)	(42.0, 7.248970128530842)	(43.0, 4.255355428373406)	(44.0, 3.0164497690878314)	(45.0, 2.2329866744305917)	(46.0, 2.0055814711062627)	(47.0, 1.5483590022659626)	(48.0, 0.7926398171063461)	(49.0, 0.27839347475961257)	(50.0, 0.2724022235094057)	(51.0, 0.5191963867508818)	(52.0, 0.6345733615844109)	(53.0, 0.5076586892675287)	(54.0, 0.4230489077229406)	(55.0, 0.25382934463376433)	(56.0, 0.0)	(57.0, 0.0)	(58.0, 0.0)	(59.0, 0.0)	(60.0, 0.0)	(61.0, 0.0)	(62.0, 0.0)	(63.0, 0.0)	(64.0, 0.0)	(65.0, 0.0)	(66.0, 0.0)	(67.0, 0.0)	(68.0, 0.0)	(69.0, 0.0)	(70.0, 0.0)	(71.0, 0.0)	(72.0, 0.0)	(73.0, 0.0)	(74.0, 0.0)	(75.0, 0.0)	(76.0, 0.0)	(77.0, 0.0)	(78.0, 0.0)	(79.0, 0.0)	(80.0, 0.0)	(81.0, 0.0)	(82.0, 0.0)	(83.0, 0.0)	(84.0, 0.0)	(85.0, 0.0)	(86.0, 0.0)	(87.0, 0.0)	(88.0, 0.0)	(89.0, 0.0)	(90.0, 0.0)	(91.0, 0.0)	(92.0, 0.0)	(93.0, 0.0)	(94.0, 0.0)	(95.0, 0.0)	(96.0, 0.0)	(97.0, 0.0)	(98.0, 0.0)	(99.0, 0.0)	(100.0, 0.0)
FAY99780_pass_barcode01_98e12ebb_5ad7f319_2	(0.0, 0.0)	(1.0, 0.0)	(2.0, 0.0)	(3.0, 0.0)	(4.0, 0.0)	(5.0, 0.0)	(6.0, 0.0)	(7.0, 0.0)	(8.0, 0.0)	(9.0, 0.0)	(10.0, 0.0)	(11.0, 0.0)	(12.0, 0.0)	(13.0, 0.25070621204568927)	(14.0, 0.5014124240913785)	(15.0, 0.5014124240913785)	(16.0, 0.5014124240913785)	(17.0, 0.5014124240913785)	(18.0, 0.5014124240913785)	(19.0, 0.5014124240913785)	(20.0, 0.5014124240913785)	(21.0, 0.5515536665005164)	(22.0, 0.6016949089096542)	(23.0, 0.6016949089096542)	(24.0, 0.5730427703901468)	(25.0, 0.6482908109464288)	(26.0, 0.8598389836489766)	(27.0, 1.044520539229507)	(28.0, 1.350340558559509)	(29.0, 1.715277231515095)	(30.0, 2.2166337596372885)	(31.0, 1.7823848378642533)	(32.0, 1.8098496012683425)	(33.0, 2.5345703140242546)	(34.0, 3.6607880877646846)	(35.0, 6.46576266600852)	(36.0, 8.269700196095412)	(37.0, 8.249509251206478)	(38.0, 9.200232279429915)	(39.0, 9.524966387637948)	(40.0, 7.3519296651392185)	(41.0, 6.730686947231081)	(42.0, 4.972590819536289)	(43.0, 4.321229676143983)	(44.0, 3.260727852902908)	(45.0, 1.7627034385021914)	(46.0, 0.9013485242595017)	(47.0, 0.46342663438748616)	(48.0, 0.5806399283309253)	(49.0, 0.731226451799927)	(50.0, 0.29628915969036)	(51.0, 0.11011410097693018)	(52.0, 0.4178436867428154)	(53.0, 0.46342663438748616)	(54.0, 0.0)	(55.0, 0.5014124240913785)	(56.0, 0.7521186361370678)	(57.0, 0.16713747469712614)	(58.0, 0.0)	(59.0, 0.0)	(60.0, 0.0)	(61.0, 0.25070621204568927)	(62.0, 0.25070621204568927)	(63.0, 0.0)	(64.0, 0.0)	(65.0, 0.0)	(66.0, 0.0)	(67.0, 0.0)	(68.0, 0.12535310602284463)	(69.0, 0.0)	(70.0, 0.0)	(71.0, 0.0)	(72.0, 0.0)	(73.0, 0.16713747469712614)	(74.0, 0.0)	(75.0, 0.0)	(76.0, 0.0)	(77.0, 0.0)	(78.0, 0.0)	(79.0, 0.0)	(80.0, 0.0)	(81.0, 0.0)	(82.0, 0.0)	(83.0, 0.0)	(84.0, 0.0)	(85.0, 0.0)	(86.0, 0.0)	(87.0, 0.0)	(88.0, 0.0)	(89.0, 0.0)	(90.0, 0.0)	(91.0, 0.0)	(92.0, 0.0)	(93.0, 0.0)	(94.0, 0.0)	(95.0, 0.0)	(96.0, 0.0)	(97.0, 0.0)	(98.0, 0.0)	(99.0, 0.0)	(100.0, 0.0)
FAY99780_pass_barcode01_98e12ebb_5ad7f319_20	(0.0, 0.0)	(1.0, 0.0)	(2.0, 0.0)	(3.0, 0.0)	(4.0, 0.0)	(5.0, 0.0)	(6.0, 0.0)	(7.0, 0.0)	(8.0, 0.0)	(9.0, 0.0)	(10.0, 0.0)	(11.0, 0.0)	(12.0, 0.0)	(13.0, 0.0)	(14.0, 0.0)	(15.0, 0.0)	(16.0, 0.0)	(17.0, 0.0)	(18.0, 0.0)	(19.0, 0.0)	(20.0, 0.0)	(21.0, 0.0)	(22.0, 0.0)	(23.0, 0.0)	(24.0, 0.07066354160466405)	(25.0, 0.0)	(26.0, 0.35612181681715616)	(27.0, 0.20817743887714155)	(28.0, 0.36823046842690194)	(29.0, 0.8378428680032005)	(30.0, 0.8644059708483942)	(31.0, 1.704465873629513)	(32.0, 0.8113419435844645)	(33.0, 2.612762078929052)	(34.0, 4.249879787214474)	(35.0, 5.244503327812551)	(36.0, 7.257213827640756)	(37.0, 10.76556074510502)	(38.0, 12.315127281299889)	(39.0, 9.932077385280856)	(40.0, 10.526463907808866)	(41.0, 10.065411703845728)	(42.0, 6.1112498355162135)	(43.0, 2.513142312841785)	(44.0, 1.8401326662094784)	(45.0, 1.5536317101882808)	(46.0, 2.5357810741639075)	(47.0, 2.307376153971364)	(48.0, 1.7649060748402996)	(49.0, 0.9758298602548845)	(50.0, 0.5888628467055337)	(51.0, 0.2355451386822135)	(52.0, 0.2355451386822135)	(53.0, 0.0)	(54.0, 0.2997847219591808)	(55.0, 0.0)	(56.0, 0.0)	(57.0, 0.0)	(58.0, 0.0)	(59.0, 0.0)	(60.0, 0.0)	(61.0, 0.0)	(62.0, 0.35331770802332024)	(63.0, 0.35331770802332024)	(64.0, 0.0)	(65.0, 0.1413270832093281)	(66.0, 0.0)	(67.0, 0.0)	(68.0, 0.0)	(69.0, 0.0)	(70.0, 0.0)	(71.0, 0.0)	(72.0, 0.0)	(73.0, 0.0)	(74.0, 0.0)	(75.0, 0.0)	(76.0, 0.0)	(77.0, 0.0)	(78.0, 0.0)	(79.0, 0.0)	(80.0, 0.0)	(81.0, 0.0)	(82.0, 0.0)	(83.0, 0.0)	(84.0, 0.0)	(85.0, 0.0)	(86.0, 0.0)	(87.0, 0.0)	(88.0, 0.0)	(89.0, 0.0)	(90.0, 0.0)	(91.0, 0.0)	(92.0, 0.0)	(93.0, 0.0)	(94.0, 0.0)	(95.0, 0.0)	(96.0, 0.0)	(97.0, 0.0)	(98.0, 0.0)	(99.0, 0.0)	(100.0, 0.0)
FAY99780_pass_barcode01_98e12ebb_5ad7f319_21	(0.0, 0.0)	(1.0, 0.0)	(2.0, 0.0)	(3.0, 0.0)	(4.0, 0.0)	(5.0, 0.0)	(6.0, 0.0)	(7.0, 0.0)	(8.0, 0.0)	(9.0, 0.0)	(10.0, 0.0)	(11.0, 0.0)	(12.0, 0.0)	(13.0, 0.0)	(14.0, 0.0)	(15.0, 0.0)	(16.0, 0.0)	(17.0, 0.0)	(18.0, 0.0)	(19.0, 0.0)	(20.0, 0.0)	(21.0, 0.0)	(22.0, 0.0)	(23.0, 0.0)	(24.0, 0.0)	(25.0, 0.0)	(26.0, 0.19668575999654794)	(27.0, 0.10393054363453953)	(28.0, 0.04564131641531111)	(29.0, 0.12016631468532504)	(30.0, 0.6509629103574109)	(31.0, 1.0407285275261036)	(32.0, 0.9348571644804715)	(33.0, 2.1048661157895845)	(34.0, 3.4731513043359157)	(35.0, 5.782995584873526)	(36.0, 9.386043485915565)	(37.0, 12.149385929328133)	(38.0, 11.717897509740677)	(39.0, 10.484899454340656)	(40.0, 8.43336347940093)	(41.0, 7.0920528834926)	(42.0, 9.066982795602893)	(43.0, 6.146116148909276)	(44.0, 3.3965341502544364)	(45.0, 1.4922693890192633)	(46.0, 1.108907406476405)	(47.0, 0.926830180852179)	(48.0, 0.6240057436919304)	(49.0, 0.4850092036278511)	(50.0, 0.06613761867652515)	(51.0, 0.4298945213974136)	(52.0, 0.9093922568022208)	(53.0, 0.9093922568022208)	(54.0, 0.4298945213974136)	(55.0, 0.0)	(56.0, 0.0)	(57.0, 0.0)	(58.0, 0.0)	(59.0, 0.0)	(60.0, 0.0)	(61.0, 0.14550276108835533)	(62.0, 0.14550276108835533)	(63.0, 0.0)	(64.0, 0.0)	(65.0, 0.0)	(66.0, 0.0)	(67.0, 0.0)	(68.0, 0.0)	(69.0, 0.0)	(70.0, 0.0)	(71.0, 0.0)	(72.0, 0.0)	(73.0, 0.0)	(74.0, 0.0)	(75.0, 0.0)	(76.0, 0.0)	(77.0, 0.0)	(78.0, 0.0)	(79.0, 0.0)	(80.0, 0.0)	(81.0, 0.0)	(82.0, 0.0)	(83.0, 0.0)	(84.0, 0.0)	(85.0, 0.0)	(86.0, 0.0)	(87.0, 0.0)	(88.0, 0.0)	(89.0, 0.0)	(90.0, 0.0)	(91.0, 0.0)	(92.0, 0.0)	(93.0, 0.0)	(94.0, 0.0)	(95.0, 0.0)	(96.0, 0.0)	(97.0, 0.0)	(98.0, 0.0)	(99.0, 0.0)	(100.0, 0.0)
FAY99780_pass_barcode01_98e12ebb_5ad7f319_22	(0.0, 0.0)	(1.0, 0.0)	(2.0, 0.0)	(3.0, 0.0)	(4.0, 0.0)	(5.0, 0.0)	(6.0, 0.0)	(7.0, 0.0)	(8.0, 0.0)	(9.0, 0.0)	(10.0, 0.0)	(11.0, 0.0)	(12.0, 0.0)	(13.0, 0.0)	(14.0, 0.0)	(15.0, 0.0)	(16.0, 0.0)	(17.0, 0.0)	(18.0, 0.0)	(19.0, 0.0)	(20.0, 0.0)	(21.0, 0.0)	(22.0, 0.22981472628045735)	(23.0, 0.3447220894206861)	(24.0, 0.6894441788413722)	(25.0, 0.40739883295171986)	(26.0, 0.3615378010997439)	(27.0, 0.7445149888256292)	(28.0, 0.6956727826707759)	(29.0, 0.3232432611417316)	(30.0, 0.7335423451957593)	(31.0, 1.4162681933191767)	(32.0, 3.1440863207927694)	(33.0, 3.152088447847757)	(34.0, 4.136482026383553)	(35.0, 6.699587644729762)	(36.0, 8.43665794762012)	(37.0, 11.333599513891732)	(38.0, 12.511122189236781)	(39.0, 11.025349932573565)	(40.0, 9.808865872283992)	(41.0, 5.947245216073871)	(42.0, 4.618584016232393)	(43.0, 2.9401690653188775)	(44.0, 2.1231795009957626)	(45.0, 1.1375828950882638)	(46.0, 1.4645465738418237)	(47.0, 1.684780934361706)	(48.0, 1.1326582938108256)	(49.0, 0.6607173380563149)	(50.0, 0.6894441788413722)	(51.0, 0.40739883295171986)	(52.0, 0.0)	(53.0, 0.3447220894206861)	(54.0, 0.3447220894206861)	(55.0, 0.13788883576827443)	(56.0, 0.0)	(57.0, 0.0)	(58.0, 0.0)	(59.0, 0.0)	(60.0, 0.0)	(61.0, 0.0)	(62.0, 0.0)	(63.0, 0.0)	(64.0, 0.0)	(65.0, 0.0)	(66.0, 0.0)	(67.0, 0.0)	(68.0, 0.0)	(69.0, 0.0)	(70.0, 0.0)	(71.0, 0.0)	(72.0, 0.0)	(73.0, 0.0)	(74.0, 0.0)	(75.0, 0.0)	(76.0, 0.0)	(77.0, 0.0)	(78.0, 0.0)	(79.0, 0.0)	(80.0, 0.0)	(81.0, 0.17236104471034305)	(82.0, 0.0)	(83.0, 0.0)	(84.0, 0.0)	(85.0, 0.0)	(86.0, 0.0)	(87.0, 0.0)	(88.0, 0.0)	(89.0, 0.0)	(90.0, 0.0)	(91.0, 0.0)	(92.0, 0.0)	(93.0, 0.0)	(94.0, 0.0)	(95.0, 0.0)	(96.0, 0.0)	(97.0, 0.0)	(98.0, 0.0)	(99.0, 0.0)	(100.0, 0.0)
FAY99780_pass_barcode01_98e12ebb_5ad7f319_23	(0.0, 0.0)	(1.0, 0.0)	(2.0, 0.0)	(3.0, 0.0)	(4.0, 0.0)	(5.0, 0.0)	(6.0, 0.0)	(7.0, 0.0)	(8.0, 0.0)	(9.0, 0.0)	(10.0, 0.0)	(11.0, 0.0)	(12.0, 0.0)	(13.0, 0.0)	(14.0, 0.0)	(15.0, 0.0)	(16.0, 0.0)	(17.0, 0.0)	(18.0, 0.0)	(19.0, 0.0)	(20.0, 0.0)	(21.0, 0.0)	(22.0, 0.0)	(23.0, 0.0)	(24.0, 0.0)	(25.0, 0.04012219234126938)	(26.0, 0.7656651705125573)	(27.0, 0.6493863353866185)	(28.0, 0.6215208132940914)	(29.0, 0.9204890198420761)	(30.0, 1.4390386885428468)	(31.0, 0.6228517682243765)	(32.0, 1.2865767164447992)	(33.0, 1.8542693749603538)	(34.0, 3.5176191511492045)	(35.0, 6.525011596780211)	(36.0, 10.005027521006202)	(37.0, 12.578705954342237)	(38.0, 15.026859111057341)	(39.0, 10.928081900967133)	(40.0, 9.253409013669492)	(41.0, 7.674966122922214)	(42.0, 4.710875506852834)	(43.0, 2.3433792729555263)	(44.0, 2.6552380561847935)	(45.0, 2.0545905994758358)	(46.0, 0.45575163027650994)	(47.0, 0.3865104528875617)	(48.0, 0.07659691265151428)	(49.0, 0.28085534638888565)	(50.0, 0.9228104238491958)	(51.0, 1.210156124881522)	(52.0, 0.6319245293749928)	(53.0, 0.42128301958332853)	(54.0, 0.0)	(55.0, 0.0)	(56.0, 0.14042767319444283)	(57.0, 0.0)	(58.0, 0.0)	(59.0, 0.0)	(60.0, 0.0)	(61.0, 0.0)	(62.0, 0.0)	(63.0, 0.0)	(64.0, 0.0)	(65.0, 0.0)	(66.0, 0.0)	(67.0, 0.0)	(68.0, 0.0)	(69.0, 0.0)	(70.0, 0.0)	(71.0, 0.0)	(72.0, 0.0)	(73.0, 0.0)	(74.0, 0.0)	(75.0, 0.0)	(76.0, 0.0)	(77.0, 0.0)	(78.0, 0.0)	(79.0, 0.0)	(80.0, 0.0)	(81.0, 0.0)	(82.0, 0.0)	(83.0, 0.0)	(84.0, 0.0)	(85.0, 0.0)	(86.0, 0.0)	(87.0, 0.0)	(88.0, 0.0)	(89.0, 0.0)	(90.0, 0.0)	(91.0, 0.0)	(92.0, 0.0)	(93.0, 0.0)	(94.0, 0.0)	(95.0, 0.0)	(96.0, 0.0)	(97.0, 0.0)	(98.0, 0.0)	(99.0, 0.0)	(100.0, 0.0)
FAY99780_pass_barcode01_98e12ebb_5ad7f319_24	(0.0, 0.0)	(1.0, 0.0)	(2.0, 0.0)	(3.0, 0.0)	(4.0, 0.0)	(5.0, 0.0)	(6.0, 0.0)	(7.0, 0.0)	(8.0, 0.0)	(9.0, 0.0)	(10.0, 0.0)	(11.0, 0.0)	(12.0, 0.0)	(13.0, 0.0)	(14.0, 0.0)	(15.0, 0.0)	(16.0, 0.0)	(17.0, 0.0)	(18.0, 0.0)	(19.0, 0.0)	(20.0, 0.0)	(21.0, 0.0)	(22.0, 0.0)	(23.0, 0.0)	(24.0, 0.0)	(25.0, 0.0)	(26.0, 0.0)	(27.0, 0.0)	(28.0, 0.10383616053800986)	(29.0, 0.2571181118084053)	(30.0, 1.425006972474614)	(31.0, 1.5196401203736702)	(32.0, 2.915206769126658)	(33.0, 2.889313675055543)	(34.0, 4.642346125493743)	(35.0, 7.065805012348293)	(36.0, 10.999676084433439)	(37.0, 13.805179006465773)	(38.0, 13.030523591000343)	(39.0, 10.075490705809626)	(40.0, 9.032335844041304)	(41.0, 6.376396917382422)	(42.0, 5.664725284495751)	(43.0, 3.884635674277365)	(44.0, 2.084725776534087)	(45.0, 1.9306856570563853)	(46.0, 0.3218920976678305)	(47.0, 0.07664097563519774)	(48.0, 0.06070748592706719)	(49.0, 0.24890069230097553)	(50.0, 0.48886582384816996)	(51.0, 0.46167063894535787)	(52.0, 0.0)	(53.0, 0.2810169106623917)	(54.0, 0.35765788629758943)	(55.0, 0.0)	(56.0, 0.0)	(57.0, 0.0)	(58.0, 0.0)	(59.0, 0.0)	(60.0, 0.0)	(61.0, 0.0)	(62.0, 0.0)	(63.0, 0.0)	(64.0, 0.0)	(65.0, 0.0)	(66.0, 0.0)	(67.0, 0.0)	(68.0, 0.0)	(69.0, 0.0)	(70.0, 0.0)	(71.0, 0.0)	(72.0, 0.0)	(73.0, 0.0)	(74.0, 0.0)	(75.0, 0.0)	(76.0, 0.0)	(77.0, 0.0)	(78.0, 0.0)	(79.0, 0.0)	(80.0, 0.0)	(81.0, 0.0)	(82.0, 0.0)	(83.0, 0.0)	(84.0, 0.0)	(85.0, 0.0)	(86.0, 0.0)	(87.0, 0.0)	(88.0, 0.0)	(89.0, 0.0)	(90.0, 0.0)	(91.0, 0.0)	(92.0, 0.0)	(93.0, 0.0)	(94.0, 0.0)	(95.0, 0.0)	(96.0, 0.0)	(97.0, 0.0)	(98.0, 0.0)	(99.0, 0.0)	(100.0, 0.0)
FAY99780_pass_barcode01_98e12ebb_5ad7f319_25	(0.0, 0.0)	(1.0, 0.0)	(2.0, 0.0)	(3.0, 0.0)	(4.0, 0.0)	(5.0, 0.0)	(6.0, 0.0)	(7.0, 0.0)	(8.0, 0.0)	(9.0, 0.0)	(10.0, 0.0)	(11.0, 0.0)	(12.0, 0.0)	(13.0, 0.0)	(14.0, 0.0)	(15.0, 0.0)	(16.0, 0.0)	(17.0, 0.0)	(18.0, 0.0)	(19.0, 0.0)	(20.0, 0.0)	(21.0, 0.0)	(22.0, 0.0)	(23.0, 0.0)	(24.0, 0.0)	(25.0, 0.0)	(26.0, 0.10262048943803215)	(27.0, 0.10262048943803215)	(28.0, 0.179302829751244)	(29.0, 0.1645024347427201)	(30.0, 0.4599381293072048)	(31.0, 1.155238352680356)	(32.0, 1.2283362514915184)	(33.0, 2.5642893607697963)	(34.0, 4.260448921319743)	(35.0, 6.450709140006418)	(36.0, 8.748250841157303)	(37.0, 11.378279260458878)	(38.0, 13.176472771884248)	(39.0, 12.857723530109139)	(40.0, 10.32500780849272)	(41.0, 7.551049929849646)	(42.0, 5.32552419086565)	(43.0, 3.466839943387704)	(44.0, 1.4302980446370734)	(45.0, 0.7904714371383839)	(46.0, 1.1793869942148703)	(47.0, 2.09071618229991)	(48.0, 1.265030760708833)	(49.0, 1.0135940815461546)	(50.0, 0.6254963165746722)	(51.0, 0.4104819577521286)	(52.0, 0.11728055935775103)	(53.0, 0.11728055935775103)	(54.0, 0.6418445157578739)	(55.0, 0.4104819577521286)	(56.0, 0.0)	(57.0, 0.0)	(58.0, 0.2052409788760643)	(59.0, 0.0)	(60.0, 0.0)	(61.0, 0.0)	(62.0, 0.0)	(63.0, 0.0)	(64.0, 0.0)	(65.0, 0.0)	(66.0, 0.0)	(67.0, 0.0)	(68.0, 0.0)	(69.0, 0.0)	(70.0, 0.0)	(71.0, 0.0)	(72.0, 0.0)	(73.0, 0.0)	(74.0, 0.0)	(75.0, 0.0)	(76.0, 0.0)	(77.0, 0.0)	(78.0, 0.2052409788760643)	(79.0, 0.0)	(80.0, 0.0)	(81.0, 0.0)	(82.0, 0.0)	(83.0, 0.0)	(84.0, 0.0)	(85.0, 0.0)	(86.0, 0.0)	(87.0, 0.0)	(88.0, 0.0)	(89.0, 0.0)	(90.0, 0.0)	(91.0, 0.0)	(92.0, 0.0)	(93.0, 0.0)	(94.0, 0.0)	(95.0, 0.0)	(96.0, 0.0)	(97.0, 0.0)	(98.0, 0.0)	(99.0, 0.0)	(100.0, 0.0)
FAY99780_pass_barcode01_98e12ebb_5ad7f319_26	(0.0, 0.0)	(1.0, 0.0)	(2.0, 0.0)	(3.0, 0.0)	(4.0, 0.0)	(5.0, 0.0)	(6.0, 0.0)	(7.0, 0.0)	(8.0, 0.0)	(9.0, 0.0)	(10.0, 0.0)	(11.0, 0.0)	(12.0, 0.0)	(13.0, 0.0)	(14.0, 0.0)	(15.0, 0.0)	(16.0, 0.0)	(17.0, 0.0)	(18.0, 0.0)	(19.0, 0.0)	(20.0, 0.0)	(21.0, 0.0)	(22.0, 0.0)	(23.0, 0.0)	(24.0, 0.07941528766107112)	(25.0, 0.0721957160555192)	(26.0, 0.11001251970364831)	(27.0, 0.091565298411878)	(28.0, 1.1922164322030118)	(29.0, 1.4617969005480986)	(30.0, 0.23396630008845418)	(31.0, 0.7574925267350696)	(32.0, 1.656978235155946)	(33.0, 3.043688738694123)	(34.0, 4.602603900253561)	(35.0, 5.535899956870868)	(36.0, 8.180872563951931)	(37.0, 11.278528215180879)	(38.0, 12.013642660763239)	(39.0, 11.165518815015059)	(40.0, 11.477345071615657)	(41.0, 6.288105865136734)	(42.0, 5.625819301822273)	(43.0, 3.655938308251319)	(44.0, 3.2841890501373525)	(45.0, 2.123757313966523)	(46.0, 1.6003383725640086)	(47.0, 1.131066218203134)	(48.0, 0.31198863009706507)	(49.0, 0.7941528766107111)	(50.0, 0.7657902738746144)	(51.0, 0.08823920851230123)	(52.0, 0.0)	(53.0, 0.4503637525368102)	(54.0, 0.0)	(55.0, 0.19853821915267778)	(56.0, 0.19853821915267778)	(57.0, 0.0)	(58.0, 0.0)	(59.0, 0.0)	(60.0, 0.0)	(61.0, 0.0)	(62.0, 0.0)	(63.0, 0.0)	(64.0, 0.0)	(65.0, 0.0)	(66.0, 0.0)	(67.0, 0.0)	(68.0, 0.0)	(69.0, 0.0)	(70.0, 0.0)	(71.0, 0.0)	(72.0, 0.0)	(73.0, 0.0)	(74.0, 0.2647176255369037)	(75.0, 0.2647176255369037)	(76.0, 0.0)	(77.0, 0.0)	(78.0, 0.0)	(79.0, 0.0)	(80.0, 0.0)	(81.0, 0.0)	(82.0, 0.0)	(83.0, 0.0)	(84.0, 0.0)	(85.0, 0.0)	(86.0, 0.0)	(87.0, 0.0)	(88.0, 0.0)	(89.0, 0.0)	(90.0, 0.0)	(91.0, 0.0)	(92.0, 0.0)	(93.0, 0.0)	(94.0, 0.0)	(95.0, 0.0)	(96.0, 0.0)	(97.0, 0.0)	(98.0, 0.0)	(99.0, 0.0)	(100.0, 0.0)
FAY99780_pass_barcode01_98e12ebb_5ad7f319_27	(0.0, 0.0)	(1.0, 0.0)	(2.0, 0.0)	(3.0, 0.0)	(4.0, 0.0)	(5.0, 0.0)	(6.0, 0.0)	(7.0, 0.0)	(8.0, 0.0)	(9.0, 0.0)	(10.0, 0.0)	(11.0, 0.0)	(12.0, 0.0)	(13.0, 0.0)	(14.0, 0.0)	(15.0, 0.0)	(16.0, 0.0)	(17.0, 0.0)	(18.0, 0.0)	(19.0, 0.0)	(20.0, 0.0)	(21.0, 0.0)	(22.0, 0.16351076678201806)	(23.0, 0.0)	(24.0, 0.0)	(25.0, 0.43602871141871474)	(26.0, 0.3542733280277058)	(27.0, 0.12977044982699845)	(28.0, 0.755545071641152)	(29.0, 0.5924165059485376)	(30.0, 0.7653675968554269)	(31.0, 0.6545825290264999)	(32.0, 1.2409247469732052)	(33.0, 3.2235853787727238)	(34.0, 5.569777964121767)	(35.0, 7.199877788121098)	(36.0, 10.229583758669516)	(37.0, 11.044064076981384)	(38.0, 12.985905214855295)	(39.0, 10.497346401972134)	(40.0, 9.658334998915672)	(41.0, 7.911610146178319)	(42.0, 4.0399542265119655)	(43.0, 2.8932743368845695)	(44.0, 2.4478892980914715)	(45.0, 2.199703312797337)	(46.0, 1.657817496539905)	(47.0, 0.27251794463669676)	(48.0, 0.9925726898497871)	(49.0, 0.40877691695504514)	(50.0, 0.03988067482488245)	(51.0, 0.0)	(52.0, 0.0)	(53.0, 0.0)	(54.0, 0.0)	(55.0, 0.0)	(56.0, 0.0)	(57.0, 0.0)	(58.0, 0.0)	(59.0, 0.0)	(60.0, 0.0)	(61.0, 0.0)	(62.0, 0.0)	(63.0, 0.0)	(64.0, 0.40877691695504514)	(65.0, 0.8175538339100903)	(66.0, 0.40877691695504514)	(67.0, 0.0)	(68.0, 0.0)	(69.0, 0.0)	(70.0, 0.0)	(71.0, 0.0)	(72.0, 0.0)	(73.0, 0.0)	(74.0, 0.0)	(75.0, 0.0)	(76.0, 0.0)	(77.0, 0.0)	(78.0, 0.0)	(79.0, 0.0)	(80.0, 0.0)	(81.0, 0.0)	(82.0, 0.0)	(83.0, 0.0)	(84.0, 0.0)	(85.0, 0.0)	(86.0, 0.0)	(87.0, 0.0)	(88.0, 0.0)	(89.0, 0.0)	(90.0, 0.0)	(91.0, 0.0)	(92.0, 0.0)	(93.0, 0.0)	(94.0, 0.0)	(95.0, 0.0)	(96.0, 0.0)	(97.0, 0.0)	(98.0, 0.0)	(99.0, 0.0)	(100.0, 0.0)
FAY99780_pass_barcode01_98e12ebb_5ad7f319_28	(0.0, 0.0)	(1.0, 0.0)	(2.0, 0.0)	(3.0, 0.0)	(4.0, 0.0)	(5.0, 0.0)	(6.0, 0.0)	(7.0, 0.0)	(8.0, 0.0)	(9.0, 0.0)	(10.0, 0.0)	(11.0, 0.0)	(12.0, 0.0)	(13.0, 0.0)	(14.0, 0.0)	(15.0, 0.0)	(16.0, 0.0)	(17.0, 0.0)	(18.0, 0.0)	(19.0, 0.0)	(20.0, 0.0)	(21.0, 0.0)	(22.0, 0.0)	(23.0, 0.0)	(24.0, 0.0)	(25.0, 0.0)	(26.0, 0.1805904603956304)	(27.0, 1.6620967140304623)	(28.0, 2.8349785960288276)	(29.0, 1.939120216128769)	(30.0, 2.9242775999180037)	(31.0, 3.154274640726125)	(32.0, 1.9553902296934933)	(33.0, 2.41361623922532)	(34.0, 4.0721464075111475)	(35.0, 6.052212979534251)	(36.0, 7.847941277682089)	(37.0, 10.54494767748176)	(38.0, 10.971754812567543)	(39.0, 9.626208141215734)	(40.0, 8.777150502033324)	(41.0, 7.448526169287225)	(42.0, 5.026249742018802)	(43.0, 4.700436353779122)	(44.0, 1.8317011317004712)	(45.0, 1.073427924649252)	(46.0, 0.7209590538689007)	(47.0, 0.8811721769508785)	(48.0, 0.05035269582576448)	(49.0, 0.034109890720679166)	(50.0, 0.09612787384918675)	(51.0, 0.35246887078035133)	(52.0, 0.8811721769508785)	(53.0, 0.6248311800197139)	(54.0, 0.0)	(55.0, 0.35246887078035133)	(56.0, 0.35246887078035133)	(57.0, 0.35246887078035133)	(58.0, 0.26435165308526354)	(59.0, 0.0)	(60.0, 0.0)	(61.0, 0.0)	(62.0, 0.0)	(63.0, 0.0)	(64.0, 0.0)	(65.0, 0.0)	(66.0, 0.0)	(67.0, 0.0)	(68.0, 0.0)	(69.0, 0.0)	(70.0, 0.0)	(71.0, 0.0)	(72.0, 0.0)	(73.0, 0.0)	(74.0, 0.0)	(75.0, 0.0)	(76.0, 0.0)	(77.0, 0.0)	(78.0, 0.0)	(79.0, 0.0)	(80.0, 0.0)	(81.0, 0.0)	(82.0, 0.0)	(83.0, 0.0)	(84.0, 0.0)	(85.0, 0.0)	(86.0, 0.0)	(87.0, 0.0)	(88.0, 0.0)	(89.0, 0.0)	(90.0, 0.0)	(91.0, 0.0)	(92.0, 0.0)	(93.0, 0.0)	(94.0, 0.0)	(95.0, 0.0)	(96.0, 0.0)	(97.0, 0.0)	(98.0, 0.0)	(99.0, 0.0)	(100.0, 0.0)
FAY99780_pass_barcode01_98e12ebb_5ad7f319_29	(0.0, 0.0)	(1.0, 0.0)	(2.0, 0.0)	(3.0, 0.0)	(4.0, 0.0)	(5.0, 0.0)	(6.0, 0.0)	(7.0, 0.0)	(8.0, 0.0)	(9.0, 0.0)	(10.0, 0.0)	(11.0, 0.0)	(12.0, 0.0)	(13.0, 0.0)	(14.0, 0.0)	(15.0, 0.0)	(16.0, 0.0)	(17.0, 0.0)	(18.0, 0.0)	(19.0, 0.0)	(20.0, 0.0)	(21.0, 0.0)	(22.0, 0.0)	(23.0, 0.0)	(24.0, 0.3782820318941614)	(25.0, 0.7565640637883227)	(26.0, 0.4143088920745577)	(27.0, 0.45033575225495404)	(28.0, 0.98746348585359)	(29.0, 1.7431851120753943)	(30.0, 1.549697867320012)	(31.0, 1.0916608417076163)	(32.0, 1.6334633064655213)	(33.0, 2.8118948521677054)	(34.0, 4.080232460891558)	(35.0, 6.574099414526439)	(36.0, 8.268414363136017)	(37.0, 9.38599865458192)	(38.0, 12.302168784967476)	(39.0, 11.83893971529655)	(40.0, 8.55812670718435)	(41.0, 8.21582821880225)	(42.0, 5.692335041277106)	(43.0, 4.305400843088618)	(44.0, 2.7618682289657914)	(45.0, 1.172101144278121)	(46.0, 1.203624646935968)	(47.0, 1.4059482185399663)	(48.0, 0.6992486044104195)	(49.0, 0.45393843827299357)	(50.0, 0.6992486044104195)	(51.0, 0.4143088920745577)	(52.0, 0.07565640637883228)	(53.0, 0.0)	(54.0, 0.07565640637883228)	(55.0, 0.0)	(56.0, 0.0)	(57.0, 0.0)	(58.0, 0.0)	(59.0, 0.0)	(60.0, 0.0)	(61.0, 0.0)	(62.0, 0.0)	(63.0, 0.0)	(64.0, 0.0)	(65.0, 0.0)	(66.0, 0.0)	(67.0, 0.0)	(68.0, 0.0)	(69.0, 0.0)	(70.0, 0.0)	(71.0, 0.0)	(72.0, 0.0)	(73.0, 0.0)	(74.0, 0.0)	(75.0, 0.0)	(76.0, 0.0)	(77.0, 0.0)	(78.0, 0.0)	(79.0, 0.0)	(80.0, 0.0)	(81.0, 0.0)	(82.0, 0.0)	(83.0, 0.0)	(84.0, 0.0)	(85.0, 0.0)	(86.0, 0.0)	(87.0, 0.0)	(88.0, 0.0)	(89.0, 0.0)	(90.0, 0.0)	(91.0, 0.0)	(92.0, 0.0)	(93.0, 0.0)	(94.0, 0.0)	(95.0, 0.0)	(96.0, 0.0)	(97.0, 0.0)	(98.0, 0.0)	(99.0, 0.0)	(100.0, 0.0)
FAY99780_pass_barcode01_98e12ebb_5ad7f319_3	(0.0, 0.0)	(1.0, 0.0)	(2.0, 0.0)	(3.0, 0.0)	(4.0, 0.0)	(5.0, 0.0)	(6.0, 0.0)	(7.0, 0.0)	(8.0, 0.0)	(9.0, 0.0)	(10.0, 0.0)	(11.0, 0.0)	(12.0, 0.0)	(13.0, 0.0)	(14.0, 0.0)	(15.0, 0.2674691624315021)	(16.0, 0.5349383248630042)	(17.0, 0.5349383248630042)	(18.0, 0.5349383248630042)	(19.0, 0.5349383248630042)	(20.0, 0.5349383248630042)	(21.0, 0.7132510998173388)	(22.0, 0.7132510998173388)	(23.0, 0.5349383248630042)	(24.0, 0.6240947123401717)	(25.0, 0.7655291633834961)	(26.0, 0.4957717738899604)	(27.0, 0.21019293774920067)	(28.0, 0.22631236611160435)	(29.0, 0.845942666159896)	(30.0, 2.1585297668635413)	(31.0, 2.332019031465416)	(32.0, 2.882946772851982)	(33.0, 3.1734454858979575)	(34.0, 5.656041763828624)	(35.0, 5.6703172013168395)	(36.0, 7.898174640251705)	(37.0, 8.089939427601914)	(38.0, 9.806219019057567)	(39.0, 8.47162525468477)	(40.0, 8.578481560302667)	(41.0, 7.517634048779026)	(42.0, 4.603800657395529)	(43.0, 3.68888846074008)	(44.0, 2.9972969653979376)	(45.0, 1.5252110571986845)	(46.0, 1.8851061808231178)	(47.0, 1.5095261371795532)	(48.0, 0.2547325356490496)	(49.0, 0.2674691624315021)	(50.0, 0.43883468641359)	(51.0, 0.31609991923722974)	(52.0, 0.9093951522671071)	(53.0, 0.5835690816687318)	(54.0, 0.40120374364725314)	(55.0, 0.3120473561700857)	(56.0, 0.0)	(57.0, 0.0)	(58.0, 0.0)	(59.0, 0.0)	(60.0, 0.0)	(61.0, 0.0)	(62.0, 0.0)	(63.0, 0.0)	(64.0, 0.0)	(65.0, 0.0)	(66.0, 0.0)	(67.0, 0.0)	(68.0, 0.0)	(69.0, 0.0)	(70.0, 0.0)	(71.0, 0.0)	(72.0, 0.0)	(73.0, 0.0)	(74.0, 0.0)	(75.0, 0.0)	(76.0, 0.0)	(77.0, 0.0)	(78.0, 0.0)	(79.0, 0.0)	(80.0, 0.0)	(81.0, 0.0)	(82.0, 0.0)	(83.0, 0.0)	(84.0, 0.0)	(85.0, 0.0)	(86.0, 0.0)	(87.0, 0.0)	(88.0, 0.0)	(89.0, 0.0)	(90.0, 0.0)	(91.0, 0.0)	(92.0, 0.0)	(93.0, 0.0)	(94.0, 0.0)	(95.0, 0.0)	(96.0, 0.0)	(97.0, 0.0)	(98.0, 0.0)	(99.0, 0.0)	(100.0, 0.0)
FAY99780_pass_barcode01_98e12ebb_5ad7f319_30	(0.0, 0.0)	(1.0, 0.0)	(2.0, 0.0)	(3.0, 0.0)	(4.0, 0.0)	(5.0, 0.0)	(6.0, 0.0)	(7.0, 0.0)	(8.0, 0.0)	(9.0, 0.0)	(10.0, 0.0)	(11.0, 0.0)	(12.0, 0.0)	(13.0, 0.0)	(14.0, 0.0)	(15.0, 0.0)	(16.0, 0.0)	(17.0, 0.0)	(18.0, 0.0)	(19.0, 0.0)	(20.0, 0.0)	(21.0, 0.0)	(22.0, 0.0)	(23.0, 0.0)	(24.0, 0.0)	(25.0, 0.0)	(26.0, 0.10873379239119461)	(27.0, 0.07907912173905063)	(28.0, 0.07907912173905063)	(29.0, 0.7925262857906573)	(30.0, 1.301026818054755)	(31.0, 1.172768655825068)	(32.0, 3.0103168811300516)	(33.0, 2.868622934668296)	(34.0, 4.267018027076342)	(35.0, 5.077987992584191)	(36.0, 8.51561912073827)	(37.0, 12.4363603036086)	(38.0, 12.829639598976094)	(39.0, 9.749027249305758)	(40.0, 9.873886666558828)	(41.0, 8.75132075358667)	(42.0, 5.606081820828922)	(43.0, 4.294726990766772)	(44.0, 2.6079699161410352)	(45.0, 2.0853707566338313)	(46.0, 1.0581045764493955)	(47.0, 0.6734905201442477)	(48.0, 0.17397406782591138)	(49.0, 0.0)	(50.0, 0.718741350917149)	(51.0, 0.29447558666636947)	(52.0, 0.0)	(53.0, 0.0)	(54.0, 0.0)	(55.0, 0.2899567797098523)	(56.0, 0.8491591405788531)	(57.0, 0.43493516956477846)	(58.0, 0.0)	(59.0, 0.0)	(60.0, 0.0)	(61.0, 0.0)	(62.0, 0.0)	(63.0, 0.0)	(64.0, 0.0)	(65.0, 0.0)	(66.0, 0.0)	(67.0, 0.0)	(68.0, 0.0)	(69.0, 0.0)	(70.0, 0.0)	(71.0, 0.0)	(72.0, 0.0)	(73.0, 0.0)	(74.0, 0.0)	(75.0, 0.0)	(76.0, 0.0)	(77.0, 0.0)	(78.0, 0.0)	(79.0, 0.0)	(80.0, 0.0)	(81.0, 0.0)	(82.0, 0.0)	(83.0, 0.0)	(84.0, 0.0)	(85.0, 0.0)	(86.0, 0.0)	(87.0, 0.0)	(88.0, 0.0)	(89.0, 0.0)	(90.0, 0.0)	(91.0, 0.0)	(92.0, 0.0)	(93.0, 0.0)	(94.0, 0.0)	(95.0, 0.0)	(96.0, 0.0)	(97.0, 0.0)	(98.0, 0.0)	(99.0, 0.0)	(100.0, 0.0)
FAY99780_pass_barcode01_98e12ebb_5ad7f319_31	(0.0, 0.0)	(1.0, 0.0)	(2.0, 0.0)	(3.0, 0.0)	(4.0, 0.0)	(5.0, 0.0)	(6.0, 0.0)	(7.0, 0.0)	(8.0, 0.0)	(9.0, 0.0)	(10.0, 0.0)	(11.0, 0.0)	(12.0, 0.0)	(13.0, 0.0)	(14.0, 0.0)	(15.0, 0.0)	(16.0, 0.0)	(17.0, 0.0)	(18.0, 0.0)	(19.0, 0.0)	(20.0, 0.0)	(21.0, 0.0)	(22.0, 0.0)	(23.0, 0.1122938551264444)	(24.0, 0.07145972598955554)	(25.0, 0.46448821893211095)	(26.0, 0.4898448958961468)	(27.0, 0.14972514016859254)	(28.0, 0.4380635889465999)	(29.0, 0.21278900845272844)	(30.0, 1.1920684620977247)	(31.0, 1.6701478154001386)	(32.0, 1.1811838358051252)	(33.0, 2.0567899947449)	(34.0, 2.4764240642764714)	(35.0, 5.58471659904065)	(36.0, 8.974359339592247)	(37.0, 11.560999697981767)	(38.0, 14.786966592068818)	(39.0, 12.471891714832681)	(40.0, 9.040389174733852)	(41.0, 7.215387655136761)	(42.0, 5.719620861829144)	(43.0, 3.781887964872288)	(44.0, 2.5937454432400373)	(45.0, 2.702409081477189)	(46.0, 0.7860569858851107)	(47.0, 0.46448821893211095)	(48.0, 0.6184788960645335)	(49.0, 0.8114136628491466)	(50.0, 1.223614277398656)	(51.0, 0.8114136628491466)	(52.0, 0.0)	(53.0, 0.1122938551264444)	(54.0, 0.0)	(55.0, 0.0)	(56.0, 0.0)	(57.0, 0.0)	(58.0, 0.0)	(59.0, 0.0)	(60.0, 0.1122938551264444)	(61.0, 0.1122938551264444)	(62.0, 0.0)	(63.0, 0.0)	(64.0, 0.0)	(65.0, 0.0)	(66.0, 0.0)	(67.0, 0.0)	(68.0, 0.0)	(69.0, 0.0)	(70.0, 0.0)	(71.0, 0.0)	(72.0, 0.0)	(73.0, 0.0)	(74.0, 0.0)	(75.0, 0.0)	(76.0, 0.0)	(77.0, 0.0)	(78.0, 0.0)	(79.0, 0.0)	(80.0, 0.0)	(81.0, 0.0)	(82.0, 0.0)	(83.0, 0.0)	(84.0, 0.0)	(85.0, 0.0)	(86.0, 0.0)	(87.0, 0.0)	(88.0, 0.0)	(89.0, 0.0)	(90.0, 0.0)	(91.0, 0.0)	(92.0, 0.0)	(93.0, 0.0)	(94.0, 0.0)	(95.0, 0.0)	(96.0, 0.0)	(97.0, 0.0)	(98.0, 0.0)	(99.0, 0.0)	(100.0, 0.0)
FAY99780_pass_barcode01_98e12ebb_5ad7f319_32	(0.0, 0.0)	(1.0, 0.0)	(2.0, 0.0)	(3.0, 0.0)	(4.0, 0.0)	(5.0, 0.0)	(6.0, 0.0)	(7.0, 0.0)	(8.0, 0.0)	(9.0, 0.0)	(10.0, 0.0)	(11.0, 0.0)	(12.0, 0.0)	(13.0, 0.0)	(14.0, 0.0)	(15.0, 0.0)	(16.0, 0.0)	(17.0, 0.0)	(18.0, 0.0)	(19.0, 0.0)	(20.0, 0.0)	(21.0, 0.0)	(22.0, 0.0)	(23.0, 0.0)	(24.0, 0.0)	(25.0, 0.0)	(26.0, 0.10596516150837823)	(27.0, 0.14338936537443245)	(28.0, 0.13328464322435002)	(29.0, 0.6815249012905569)	(30.0, 1.0345913825551079)	(31.0, 0.630583179662838)	(32.0, 2.199579610802563)	(33.0, 4.284686706908207)	(34.0, 4.455598897018969)	(35.0, 4.781975230114897)	(36.0, 7.289614758082985)	(37.0, 10.129706958702318)	(38.0, 12.420708370230765)	(39.0, 12.159853942368413)	(40.0, 11.057196735136001)	(41.0, 9.856705504933869)	(42.0, 5.729837977105985)	(43.0, 2.7879404327768698)	(44.0, 3.092896270592304)	(45.0, 2.155136653663557)	(46.0, 0.5428311689174943)	(47.0, 0.21508404806164869)	(48.0, 0.43016809612329737)	(49.0, 0.5162017153479568)	(50.0, 0.33842973870632176)	(51.0, 0.43016809612329737)	(52.0, 0.21508404806164869)	(53.0, 0.6039733874862457)	(54.0, 0.7169468268721623)	(55.0, 0.0)	(56.0, 0.0)	(57.0, 0.0)	(58.0, 0.0)	(59.0, 0.43016809612329737)	(60.0, 0.43016809612329737)	(61.0, 0.0)	(62.0, 0.0)	(63.0, 0.0)	(64.0, 0.0)	(65.0, 0.0)	(66.0, 0.0)	(67.0, 0.0)	(68.0, 0.0)	(69.0, 0.0)	(70.0, 0.0)	(71.0, 0.0)	(72.0, 0.0)	(73.0, 0.0)	(74.0, 0.0)	(75.0, 0.0)	(76.0, 0.0)	(77.0, 0.0)	(78.0, 0.0)	(79.0, 0.0)	(80.0, 0.0)	(81.0, 0.0)	(82.0, 0.0)	(83.0, 0.0)	(84.0, 0.0)	(85.0, 0.0)	(86.0, 0.0)	(87.0, 0.0)	(88.0, 0.0)	(89.0, 0.0)	(90.0, 0.0)	(91.0, 0.0)	(92.0, 0.0)	(93.0, 0.0)	(94.0, 0.0)	(95.0, 0.0)	(96.0, 0.0)	(97.0, 0.0)	(98.0, 0.0)	(99.0, 0.0)	(100.0, 0.0)
FAY99780_pass_barcode01_98e12ebb_5ad7f319_33	(0.0, 0.0)	(1.0, 0.0)	(2.0, 0.0)	(3.0, 0.0)	(4.0, 0.0)	(5.0, 0.0)	(6.0, 0.0)	(7.0, 0.0)	(8.0, 0.0)	(9.0, 0.0)	(10.0, 0.0)	(11.0, 0.0)	(12.0, 0.0)	(13.0, 0.0)	(14.0, 0.0)	(15.0, 0.0)	(16.0, 0.0)	(17.0, 0.0)	(18.0, 0.0)	(19.0, 0.0)	(20.0, 0.0)	(21.0, 0.0)	(22.0, 0.0)	(23.0, 0.0)	(24.0, 0.0)	(25.0, 0.0)	(26.0, 0.0)	(27.0, 0.0)	(28.0, 0.6159630302366651)	(29.0, 0.8661288630806727)	(30.0, 0.4931533915103404)	(31.0, 2.3728978277981287)	(32.0, 2.9733331022077265)	(33.0, 2.0354314117985357)	(34.0, 4.071375513320899)	(35.0, 6.570797363816588)	(36.0, 10.352465780893946)	(37.0, 11.954974625512415)	(38.0, 12.694089762724156)	(39.0, 12.233485200116096)	(40.0, 9.562606470536931)	(41.0, 6.24739847585376)	(42.0, 5.532985112950034)	(43.0, 3.5147623951362617)	(44.0, 1.5198626769805714)	(45.0, 1.4373382392714802)	(46.0, 0.7308035951960434)	(47.0, 1.3183696857336622)	(48.0, 0.8111919906676082)	(49.0, 0.42532769240409724)	(50.0, 0.6129006151710816)	(51.0, 0.5700268042529139)	(52.0, 0.4823303728293886)	(53.0, 0.0)	(54.0, 0.0)	(55.0, 0.0)	(56.0, 0.0)	(57.0, 0.0)	(58.0, 0.0)	(59.0, 0.0)	(60.0, 0.0)	(61.0, 0.0)	(62.0, 0.0)	(63.0, 0.0)	(64.0, 0.0)	(65.0, 0.0)	(66.0, 0.0)	(67.0, 0.0)	(68.0, 0.0)	(69.0, 0.0)	(70.0, 0.0)	(71.0, 0.0)	(72.0, 0.0)	(73.0, 0.0)	(74.0, 0.0)	(75.0, 0.0)	(76.0, 0.0)	(77.0, 0.0)	(78.0, 0.0)	(79.0, 0.0)	(80.0, 0.0)	(81.0, 0.0)	(82.0, 0.0)	(83.0, 0.0)	(84.0, 0.0)	(85.0, 0.0)	(86.0, 0.0)	(87.0, 0.0)	(88.0, 0.0)	(89.0, 0.0)	(90.0, 0.0)	(91.0, 0.0)	(92.0, 0.0)	(93.0, 0.0)	(94.0, 0.0)	(95.0, 0.0)	(96.0, 0.0)	(97.0, 0.0)	(98.0, 0.0)	(99.0, 0.0)	(100.0, 0.0)
FAY99780_pass_barcode01_98e12ebb_5ad7f319_34	(0.0, 0.0)	(1.0, 0.0)	(2.0, 0.0)	(3.0, 0.0)	(4.0, 0.0)	(5.0, 0.0)	(6.0, 0.0)	(7.0, 0.0)	(8.0, 0.0)	(9.0, 0.0)	(10.0, 0.0)	(11.0, 0.0)	(12.0, 0.0)	(13.0, 0.0)	(14.0, 0.0)	(15.0, 0.0)	(16.0, 0.0)	(17.0, 0.0)	(18.0, 0.0)	(19.0, 0.0)	(20.0, 0.0)	(21.0, 0.0)	(22.0, 0.0)	(23.0, 0.0)	(24.0, 0.0)	(25.0, 0.09535469867334709)	(26.0, 0.7151602400501031)	(27.0, 0.8988859129869183)	(28.0, 0.3917913617520009)	(29.0, 0.14656740235966087)	(30.0, 0.27480628233519677)	(31.0, 0.5003102701586771)	(32.0, 1.3981517667713448)	(33.0, 1.988258694254567)	(34.0, 4.348239153782699)	(35.0, 6.468190327058842)	(36.0, 10.644868427025536)	(37.0, 11.044315644037663)	(38.0, 11.009084418603376)	(39.0, 11.426645616509301)	(40.0, 10.21920672410247)	(41.0, 8.510208881676737)	(42.0, 5.051801963949855)	(43.0, 5.591210413341582)	(44.0, 5.051136528360802)	(45.0, 2.4152911743510304)	(46.0, 0.4290961440300619)	(47.0, 0.16346519772573787)	(48.0, 0.0)	(49.0, 0.09208620676651107)	(50.0, 0.41274962425748807)	(51.0, 0.41274962425748807)	(52.0, 0.0)	(53.0, 0.0)	(54.0, 0.0858192288060124)	(55.0, 0.0)	(56.0, 0.0)	(57.0, 0.0)	(58.0, 0.0)	(59.0, 0.0)	(60.0, 0.0)	(61.0, 0.0)	(62.0, 0.0)	(63.0, 0.21454807201503096)	(64.0, 0.0)	(65.0, 0.0)	(66.0, 0.0)	(67.0, 0.0)	(68.0, 0.0)	(69.0, 0.0)	(70.0, 0.0)	(71.0, 0.0)	(72.0, 0.0)	(73.0, 0.0)	(74.0, 0.0)	(75.0, 0.0)	(76.0, 0.0)	(77.0, 0.0)	(78.0, 0.0)	(79.0, 0.0)	(80.0, 0.0)	(81.0, 0.0)	(82.0, 0.0)	(83.0, 0.0)	(84.0, 0.0)	(85.0, 0.0)	(86.0, 0.0)	(87.0, 0.0)	(88.0, 0.0)	(89.0, 0.0)	(90.0, 0.0)	(91.0, 0.0)	(92.0, 0.0)	(93.0, 0.0)	(94.0, 0.0)	(95.0, 0.0)	(96.0, 0.0)	(97.0, 0.0)	(98.0, 0.0)	(99.0, 0.0)	(100.0, 0.0)
FAY99780_pass_barcode01_98e12ebb_5ad7f319_35	(0.0, 0.0)	(1.0, 0.0)	(2.0, 0.0)	(3.0, 0.0)	(4.0, 0.0)	(5.0, 0.0)	(6.0, 0.0)	(7.0, 0.0)	(8.0, 0.0)	(9.0, 0.0)	(10.0, 0.0)	(11.0, 0.0)	(12.0, 0.0)	(13.0, 0.0)	(14.0, 0.0)	(15.0, 0.0)	(16.0, 0.0)	(17.0, 0.0)	(18.0, 0.0)	(19.0, 0.0)	(20.0, 0.0)	(21.0, 0.0)	(22.0, 0.0)	(23.0, 0.0)	(24.0, 0.0)	(25.0, 0.0)	(26.0, 0.2981949947834532)	(27.0, 0.0)	(28.0, 0.25676459263366164)	(29.0, 0.41383233951964926)	(30.0, 0.451685184931507)	(31.0, 0.6011364162231484)	(32.0, 1.2349244136049913)	(33.0, 3.016221886488542)	(34.0, 4.1078566028009265)	(35.0, 3.775970350959806)	(36.0, 6.0160508146205265)	(37.0, 6.510986102226464)	(38.0, 7.409730108873037)	(39.0, 8.675437706714991)	(40.0, 6.792060465127653)	(41.0, 5.591190013906801)	(42.0, 3.4054283824844855)	(43.0, 1.7769275820238375)	(44.0, 0.7320337842082167)	(45.0, 0.23429606732985608)	(46.0, 0.5963899895669064)	(47.0, 0.2981949947834532)	(48.0, 0.5857401683246402)	(49.0, 0.4183858345176002)	(50.0, 0.3514441009947841)	(51.0, 0.7200318166722407)	(52.0, 0.8786102524869603)	(53.0, 0.9371842693194243)	(54.0, 1.0649821242266184)	(55.0, 0.7028882019895683)	(56.0, 1.0777619097173379)	(57.0, 0.8434658423874818)	(58.0, 0.7028882019895683)	(59.0, 0.7028882019895683)	(60.0, 0.7028882019895683)	(61.0, 0.7028882019895683)	(62.0, 0.7028882019895683)	(63.0, 0.7028882019895683)	(64.0, 0.7028882019895683)	(65.0, 0.7028882019895683)	(66.0, 0.7028882019895683)	(67.0, 0.7028882019895683)	(68.0, 0.7028882019895683)	(69.0, 0.7028882019895683)	(70.0, 0.7028882019895683)	(71.0, 0.7028882019895683)	(72.0, 0.7028882019895683)	(73.0, 0.7028882019895683)	(74.0, 0.7028882019895683)	(75.0, 0.7028882019895683)	(76.0, 0.7028882019895683)	(77.0, 0.7028882019895683)	(78.0, 0.7028882019895683)	(79.0, 0.7028882019895683)	(80.0, 0.7028882019895683)	(81.0, 0.7028882019895683)	(82.0, 0.7028882019895683)	(83.0, 0.7028882019895683)	(84.0, 0.7028882019895683)	(85.0, 0.7028882019895683)	(86.0, 0.7028882019895683)	(87.0, 0.7028882019895683)	(88.0, 0.7028882019895683)	(89.0, 0.7028882019895683)	(90.0, 0.7028882019895683)	(91.0, 0.7028882019895683)	(92.0, 0.7028882019895683)	(93.0, 0.7028882019895683)	(94.0, 0.7028882019895683)	(95.0, 0.7028882019895683)	(96.0, 0.7028882019895683)	(97.0, 0.7028882019895683)	(98.0, 0.7028882019895683)	(99.0, 0.7028882019895683)	(100.0, 0.7028882019895683)
FAY99780_pass_barcode01_98e12ebb_5ad7f319_36	(0.0, 0.0)	(1.0, 0.0)	(2.0, 0.0)	(3.0, 0.0)	(4.0, 0.0)	(5.0, 0.0)	(6.0, 0.0)	(7.0, 0.0)	(8.0, 0.0)	(9.0, 0.0)	(10.0, 0.0)	(11.0, 0.0)	(12.0, 0.0)	(13.0, 0.0)	(14.0, 0.0)	(15.0, 0.0)	(16.0, 0.0)	(17.0, 0.0)	(18.0, 0.0)	(19.0, 0.0)	(20.0, 0.0)	(21.0, 0.0)	(22.0, 0.0)	(23.0, 0.0)	(24.0, 0.07620438510261385)	(25.0, 0.0)	(26.0, 0.49532850316699)	(27.0, 0.8586933150587219)	(28.0, 0.49532850316699)	(29.0, 0.5922227885259588)	(30.0, 0.8908655496519855)	(31.0, 1.4309079664214948)	(32.0, 1.5902395609254265)	(33.0, 2.998950197354729)	(34.0, 2.9066823832365998)	(35.0, 4.233582789496191)	(36.0, 9.91002826264665)	(37.0, 11.717325533910582)	(38.0, 12.52604013145362)	(39.0, 10.785967067361009)	(40.0, 10.244612545541363)	(41.0, 8.635170409220388)	(42.0, 5.935301756085078)	(43.0, 3.8112277387505493)	(44.0, 2.3925215265063144)	(45.0, 2.0807857202711677)	(46.0, 1.955912550967089)	(47.0, 1.436996976220718)	(48.0, 0.11358377183316426)	(49.0, 0.1676496472257505)	(50.0, 0.1676496472257505)	(51.0, 0.0)	(52.0, 0.2366023247137607)	(53.0, 0.49532850316699)	(54.0, 0.5388738660827692)	(55.0, 0.0)	(56.0, 0.0)	(57.0, 0.0)	(58.0, 0.0)	(59.0, 0.27941607870958407)	(60.0, 0.0)	(61.0, 0.0)	(62.0, 0.0)	(63.0, 0.0)	(64.0, 0.0)	(65.0, 0.0)	(66.0, 0.0)	(67.0, 0.0)	(68.0, 0.0)	(69.0, 0.0)	(70.0, 0.0)	(71.0, 0.0)	(72.0, 0.0)	(73.0, 0.0)	(74.0, 0.0)	(75.0, 0.0)	(76.0, 0.0)	(77.0, 0.0)	(78.0, 0.0)	(79.0, 0.0)	(80.0, 0.0)	(81.0, 0.0)	(82.0, 0.0)	(83.0, 0.0)	(84.0, 0.0)	(85.0, 0.0)	(86.0, 0.0)	(87.0, 0.0)	(88.0, 0.0)	(89.0, 0.0)	(90.0, 0.0)	(91.0, 0.0)	(92.0, 0.0)	(93.0, 0.0)	(94.0, 0.0)	(95.0, 0.0)	(96.0, 0.0)	(97.0, 0.0)	(98.0, 0.0)	(99.0, 0.0)	(100.0, 0.0)
FAY99780_pass_barcode01_98e12ebb_5ad7f319_37	(0.0, 0.0)	(1.0, 0.0)	(2.0, 0.0)	(3.0, 0.0)	(4.0, 0.0)	(5.0, 0.0)	(6.0, 0.0)	(7.0, 0.0)	(8.0, 0.0)	(9.0, 0.0)	(10.0, 0.0)	(11.0, 0.0)	(12.0, 0.0)	(13.0, 0.0)	(14.0, 0.0)	(15.0, 0.0)	(16.0, 0.0)	(17.0, 0.0)	(18.0, 0.0)	(19.0, 0.0)	(20.0, 0.0)	(21.0, 0.0)	(22.0, 0.0)	(23.0, 0.0)	(24.0, 0.18028942621510494)	(25.0, 0.18028942621510494)	(26.0, 0.11102867890079775)	(27.0, 0.0)	(28.0, 0.479802505249876)	(29.0, 1.2171397872872742)	(30.0, 1.1248714703122789)	(31.0, 2.0714304974124005)	(32.0, 3.058793401808089)	(33.0, 4.113386657954315)	(34.0, 5.0797205250886766)	(35.0, 7.499729451388994)	(36.0, 10.17056989102402)	(37.0, 9.992700705461486)	(38.0, 10.255360260719266)	(39.0, 9.199831716101714)	(40.0, 6.407260719067214)	(41.0, 7.071458217485277)	(42.0, 4.351711208607237)	(43.0, 2.5161878460769023)	(44.0, 3.3094036342363573)	(45.0, 3.9666910114383)	(46.0, 3.2885259625859065)	(47.0, 1.631190046708092)	(48.0, 0.45072356553776227)	(49.0, 1.2087586530330896)	(50.0, 0.7882165768062819)	(51.0, 0.11102867890079775)	(52.0, 0.16389947837736812)	(53.0, 0.0)	(54.0, 0.0)	(55.0, 0.0)	(56.0, 0.0)	(57.0, 0.0)	(58.0, 0.0)	(59.0, 0.0)	(60.0, 0.0)	(61.0, 0.0)	(62.0, 0.0)	(63.0, 0.0)	(64.0, 0.0)	(65.0, 0.0)	(66.0, 0.0)	(67.0, 0.0)	(68.0, 0.0)	(69.0, 0.0)	(70.0, 0.0)	(71.0, 0.0)	(72.0, 0.0)	(73.0, 0.0)	(74.0, 0.0)	(75.0, 0.0)	(76.0, 0.0)	(77.0, 0.0)	(78.0, 0.0)	(79.0, 0.0)	(80.0, 0.0)	(81.0, 0.0)	(82.0, 0.0)	(83.0, 0.0)	(84.0, 0.0)	(85.0, 0.0)	(86.0, 0.0)	(87.0, 0.0)	(88.0, 0.0)	(89.0, 0.0)	(90.0, 0.0)	(91.0, 0.0)	(92.0, 0.0)	(93.0, 0.0)	(94.0, 0.0)	(95.0, 0.0)	(96.0, 0.0)	(97.0, 0.0)	(98.0, 0.0)	(99.0, 0.0)	(100.0, 0.0)
FAY99780_pass_barcode01_98e12ebb_5ad7f319_38	(0.0, 0.0)	(1.0, 0.0)	(2.0, 0.0)	(3.0, 0.0)	(4.0, 0.0)	(5.0, 0.0)	(6.0, 0.0)	(7.0, 0.0)	(8.0, 0.0)	(9.0, 0.0)	(10.0, 0.0)	(11.0, 0.3212709105943958)	(12.0, 0.6425418211887916)	(13.0, 0.6425418211887916)	(14.0, 0.6425418211887916)	(15.0, 0.6425418211887916)	(16.0, 0.6425418211887916)	(17.0, 0.6425418211887916)	(18.0, 0.3212709105943958)	(19.0, 0.0)	(20.0, 0.0)	(21.0, 0.0)	(22.0, 0.0)	(23.0, 0.0)	(24.0, 0.0)	(25.0, 0.15020458157660063)	(26.0, 0.21904834813254262)	(27.0, 0.1606354552971979)	(28.0, 0.17523867850603403)	(29.0, 0.32664667018170923)	(30.0, 0.5916823223837817)	(31.0, 0.7863669568699959)	(32.0, 1.1592369705028585)	(33.0, 1.242159306379324)	(34.0, 2.040244969129958)	(35.0, 3.998470952891317)	(36.0, 4.814264169779881)	(37.0, 5.572885664313146)	(38.0, 6.832106286989357)	(39.0, 7.431884191344517)	(40.0, 7.104389482758994)	(41.0, 5.9938936592602365)	(42.0, 3.679586693437833)	(43.0, 1.2881497138962124)	(44.0, 1.2268149789072638)	(45.0, 2.771112272052628)	(46.0, 1.5784042977980774)	(47.0, 0.6068450533449699)	(48.0, 0.5403192587269383)	(49.0, 0.9329837050089776)	(50.0, 0.6425418211887916)	(51.0, 0.856722428251722)	(52.0, 1.0709030353146525)	(53.0, 0.7009547140241361)	(54.0, 1.0709030353146525)	(55.0, 0.7009547140241361)	(56.0, 0.6425418211887916)	(57.0, 0.8031772764859894)	(58.0, 0.8031772764859894)	(59.0, 0.6425418211887916)	(60.0, 0.6425418211887916)	(61.0, 0.6425418211887916)	(62.0, 0.6425418211887916)	(63.0, 0.6425418211887916)	(64.0, 0.6425418211887916)	(65.0, 0.6425418211887916)	(66.0, 0.6425418211887916)	(67.0, 0.6425418211887916)	(68.0, 0.6425418211887916)	(69.0, 0.6425418211887916)	(70.0, 0.6425418211887916)	(71.0, 0.6425418211887916)	(72.0, 0.6425418211887916)	(73.0, 0.6425418211887916)	(74.0, 0.6425418211887916)	(75.0, 0.6425418211887916)	(76.0, 0.6425418211887916)	(77.0, 0.6425418211887916)	(78.0, 0.6425418211887916)	(79.0, 0.6425418211887916)	(80.0, 0.6425418211887916)	(81.0, 0.6425418211887916)	(82.0, 0.6425418211887916)	(83.0, 0.6425418211887916)	(84.0, 0.6425418211887916)	(85.0, 0.6425418211887916)	(86.0, 0.6425418211887916)	(87.0, 0.6425418211887916)	(88.0, 0.6425418211887916)	(89.0, 0.6425418211887916)	(90.0, 0.6425418211887916)	(91.0, 0.6425418211887916)	(92.0, 0.6425418211887916)	(93.0, 0.6425418211887916)	(94.0, 0.6425418211887916)	(95.0, 0.6425418211887916)	(96.0, 0.6425418211887916)	(97.0, 0.6425418211887916)	(98.0, 0.6425418211887916)	(99.0, 0.6425418211887916)	(100.0, 0.6425418211887916)
FAY99780_pass_barcode01_98e12ebb_5ad7f319_39	(0.0, 0.0)	(1.0, 0.0)	(2.0, 0.0)	(3.0, 0.0)	(4.0, 0.0)	(5.0, 0.0)	(6.0, 0.0)	(7.0, 0.0)	(8.0, 0.0)	(9.0, 0.0)	(10.0, 0.0)	(11.0, 0.0)	(12.0, 0.0)	(13.0, 0.0)	(14.0, 0.0)	(15.0, 0.0)	(16.0, 0.0)	(17.0, 0.0)	(18.0, 0.0)	(19.0, 0.0)	(20.0, 0.0)	(21.0, 0.0)	(22.0, 0.0)	(23.0, 0.0)	(24.0, 0.0)	(25.0, 0.4549940948732751)	(26.0, 1.2202114362510559)	(27.0, 0.953320960686862)	(28.0, 1.1227127016353542)	(29.0, 1.5235408328332392)	(30.0, 1.450638111407147)	(31.0, 0.7510285251433142)	(32.0, 1.9633665955254989)	(33.0, 2.485632605736116)	(34.0, 2.811086436081723)	(35.0, 5.346549250661986)	(36.0, 8.116517889542802)	(37.0, 9.617932143101866)	(38.0, 12.92152209526157)	(39.0, 12.132551297035327)	(40.0, 7.229640109855478)	(41.0, 7.535983356311407)	(42.0, 6.052945192084127)	(43.0, 3.9447277131075174)	(44.0, 2.976225879914706)	(45.0, 2.0644197718776227)	(46.0, 1.8199763794931)	(47.0, 1.7588711119398563)	(48.0, 1.2133175863287333)	(49.0, 1.011097988607278)	(50.0, 0.6143468654279705)	(51.0, 0.07268722867407158)	(52.0, 0.0)	(53.0, 0.0)	(54.0, 0.30332939658218333)	(55.0, 0.0)	(56.0, 0.0)	(57.0, 0.0)	(58.0, 0.0)	(59.0, 0.0)	(60.0, 0.22749704743663754)	(61.0, 0.0)	(62.0, 0.30332939658218333)	(63.0, 0.0)	(64.0, 0.0)	(65.0, 0.0)	(66.0, 0.0)	(67.0, 0.0)	(68.0, 0.0)	(69.0, 0.0)	(70.0, 0.0)	(71.0, 0.0)	(72.0, 0.0)	(73.0, 0.0)	(74.0, 0.0)	(75.0, 0.0)	(76.0, 0.0)	(77.0, 0.0)	(78.0, 0.0)	(79.0, 0.0)	(80.0, 0.0)	(81.0, 0.0)	(82.0, 0.0)	(83.0, 0.0)	(84.0, 0.0)	(85.0, 0.0)	(86.0, 0.0)	(87.0, 0.0)	(88.0, 0.0)	(89.0, 0.0)	(90.0, 0.0)	(91.0, 0.0)	(92.0, 0.0)	(93.0, 0.0)	(94.0, 0.0)	(95.0, 0.0)	(96.0, 0.0)	(97.0, 0.0)	(98.0, 0.0)	(99.0, 0.0)	(100.0, 0.0)
FAY99780_pass_barcode01_98e12ebb_5ad7f319_4	(0.0, 0.0)	(1.0, 0.0)	(2.0, 0.0)	(3.0, 0.0)	(4.0, 0.0)	(5.0, 0.0)	(6.0, 0.0)	(7.0, 0.0)	(8.0, 0.0)	(9.0, 0.0)	(10.0, 0.0)	(11.0, 0.0)	(12.0, 0.0)	(13.0, 0.0)	(14.0, 0.0)	(15.0, 0.0)	(16.0, 0.0)	(17.0, 0.0)	(18.0, 0.0)	(19.0, 0.0)	(20.0, 0.0)	(21.0, 0.0)	(22.0, 0.1826848561277533)	(23.0, 0.060894952042584424)	(24.0, 0.08699278863226345)	(25.0, 0.0)	(26.0, 0.019643532916962716)	(27.0, 0.6843432705738058)	(28.0, 1.4129737789967636)	(29.0, 2.075450694928762)	(30.0, 1.4949128582134485)	(31.0, 1.9831056494927224)	(32.0, 1.5919409883984523)	(33.0, 2.7195039590366368)	(34.0, 4.859866313806737)	(35.0, 5.9446212880816605)	(36.0, 8.192810577457974)	(37.0, 9.538971214357657)	(38.0, 9.902233749664845)	(39.0, 9.371029219204146)	(40.0, 8.740107739122548)	(41.0, 7.828248678913842)	(42.0, 5.409692142399624)	(43.0, 3.1174435553863145)	(44.0, 3.1756471762402287)	(45.0, 2.737614728930313)	(46.0, 2.698731588556802)	(47.0, 2.4307235023664946)	(48.0, 1.2686448342205086)	(49.0, 0.715054361106105)	(50.0, 0.3137012680981622)	(51.0, 0.2029831734752814)	(52.0, 0.7273563716197583)	(53.0, 0.2029831734752814)	(54.0, 0.05535904731144038)	(55.0, 0.0)	(56.0, 0.0)	(57.0, 0.1014915867376407)	(58.0, 0.0)	(59.0, 0.0)	(60.0, 0.0)	(61.0, 0.0)	(62.0, 0.0)	(63.0, 0.0)	(64.0, 0.0)	(65.0, 0.0)	(66.0, 0.0)	(67.0, 0.0)	(68.0, 0.0)	(69.0, 0.0)	(70.0, 0.0)	(71.0, 0.0)	(72.0, 0.0)	(73.0, 0.0)	(74.0, 0.0)	(75.0, 0.0)	(76.0, 0.0)	(77.0, 0.0)	(78.0, 0.15223738010646104)	(79.0, 0.0)	(80.0, 0.0)	(81.0, 0.0)	(82.0, 0.0)	(83.0, 0.0)	(84.0, 0.0)	(85.0, 0.0)	(86.0, 0.0)	(87.0, 0.0)	(88.0, 0.0)	(89.0, 0.0)	(90.0, 0.0)	(91.0, 0.0)	(92.0, 0.0)	(93.0, 0.0)	(94.0, 0.0)	(95.0, 0.0)	(96.0, 0.0)	(97.0, 0.0)	(98.0, 0.0)	(99.0, 0.0)	(100.0, 0.0)
FAY99780_pass_barcode01_98e12ebb_5ad7f319_40	(0.0, 0.0)	(1.0, 0.0)	(2.0, 0.0)	(3.0, 0.0)	(4.0, 0.0)	(5.0, 0.0)	(6.0, 0.0)	(7.0, 0.0)	(8.0, 0.0)	(9.0, 0.0)	(10.0, 0.0)	(11.0, 0.0)	(12.0, 0.0)	(13.0, 0.0)	(14.0, 0.0)	(15.0, 0.0)	(16.0, 0.0)	(17.0, 0.0)	(18.0, 0.0)	(19.0, 0.0)	(20.0, 0.0)	(21.0, 0.0)	(22.0, 0.0)	(23.0, 0.0)	(24.0, 0.0)	(25.0, 0.27133059324369413)	(26.0, 0.26310845405449124)	(27.0, 0.30147843693743787)	(28.0, 0.616660439190214)	(29.0, 1.0214546260334314)	(30.0, 1.2858662185286325)	(31.0, 0.5849882034532278)	(32.0, 2.1738391520529086)	(33.0, 3.116690408694266)	(34.0, 3.6513987649726456)	(35.0, 5.4774873469668925)	(36.0, 9.733663106937533)	(37.0, 13.512427841807703)	(38.0, 12.21012953269459)	(39.0, 13.172047880943364)	(40.0, 8.06390813396251)	(41.0, 6.99488350791631)	(42.0, 4.474563737749385)	(43.0, 3.199840904312147)	(44.0, 2.497100521684443)	(45.0, 2.7313235831293294)	(46.0, 1.8225741869399652)	(47.0, 0.5954199129514398)	(48.0, 0.30147843693743787)	(49.0, 0.3143989413776138)	(50.0, 0.029175332606848826)	(51.0, 0.6331047175686195)	(52.0, 0.6331047175686195)	(53.0, 0.09044353108123138)	(54.0, 0.0)	(55.0, 0.2261088277030784)	(56.0, 0.0)	(57.0, 0.0)	(58.0, 0.0)	(59.0, 0.0)	(60.0, 0.0)	(61.0, 0.0)	(62.0, 0.0)	(63.0, 0.0)	(64.0, 0.0)	(65.0, 0.0)	(66.0, 0.0)	(67.0, 0.0)	(68.0, 0.0)	(69.0, 0.0)	(70.0, 0.0)	(71.0, 0.0)	(72.0, 0.0)	(73.0, 0.0)	(74.0, 0.0)	(75.0, 0.0)	(76.0, 0.0)	(77.0, 0.0)	(78.0, 0.0)	(79.0, 0.0)	(80.0, 0.0)	(81.0, 0.0)	(82.0, 0.0)	(83.0, 0.0)	(84.0, 0.0)	(85.0, 0.0)	(86.0, 0.0)	(87.0, 0.0)	(88.0, 0.0)	(89.0, 0.0)	(90.0, 0.0)	(91.0, 0.0)	(92.0, 0.0)	(93.0, 0.0)	(94.0, 0.0)	(95.0, 0.0)	(96.0, 0.0)	(97.0, 0.0)	(98.0, 0.0)	(99.0, 0.0)	(100.0, 0.0)
FAY99780_pass_barcode01_98e12ebb_5ad7f319_41	(0.0, 0.0)	(1.0, 0.0)	(2.0, 0.0)	(3.0, 0.0)	(4.0, 0.0)	(5.0, 0.0)	(6.0, 0.0)	(7.0, 0.0)	(8.0, 0.0)	(9.0, 0.0)	(10.0, 0.0)	(11.0, 0.0)	(12.0, 0.0)	(13.0, 0.0)	(14.0, 0.0)	(15.0, 0.0)	(16.0, 0.0)	(17.0, 0.0)	(18.0, 0.0)	(19.0, 0.0)	(20.0, 0.0)	(21.0, 0.0)	(22.0, 0.0)	(23.0, 0.0)	(24.0, 0.0)	(25.0, 0.0)	(26.0, 0.4429865190192188)	(27.0, 0.8859730380384376)	(28.0, 1.1141782145028836)	(29.0, 0.8018775914146061)	(30.0, 1.5844837234933893)	(31.0, 2.015866708326626)	(32.0, 1.3789683886574855)	(33.0, 3.0641602292537193)	(34.0, 4.014849056638329)	(35.0, 6.138393998736035)	(36.0, 10.419063070471474)	(37.0, 9.085840037138494)	(38.0, 12.069348408085567)	(39.0, 10.046808122469795)	(40.0, 10.006625285736666)	(41.0, 7.150401558293143)	(42.0, 5.038640876616062)	(43.0, 2.246568064737421)	(44.0, 1.9987299054214729)	(45.0, 2.1094596143772324)	(46.0, 1.0615831931190818)	(47.0, 0.7872119742744127)	(48.0, 1.107466297548047)	(49.0, 0.5235295224772586)	(50.0, 0.21938379989523216)	(51.0, 1.1437106491041646)	(52.0, 1.3289595570576562)	(53.0, 0.4429865190192188)	(54.0, 0.29532434601281254)	(55.0, 0.29532434601281254)	(56.0, 0.0)	(57.0, 0.0)	(58.0, 0.0)	(59.0, 0.0)	(60.0, 0.0)	(61.0, 0.0)	(62.0, 0.0)	(63.0, 0.5906486920256251)	(64.0, 0.5906486920256251)	(65.0, 0.0)	(66.0, 0.0)	(67.0, 0.0)	(68.0, 0.0)	(69.0, 0.0)	(70.0, 0.0)	(71.0, 0.0)	(72.0, 0.0)	(73.0, 0.0)	(74.0, 0.0)	(75.0, 0.0)	(76.0, 0.0)	(77.0, 0.0)	(78.0, 0.0)	(79.0, 0.0)	(80.0, 0.0)	(81.0, 0.0)	(82.0, 0.0)	(83.0, 0.0)	(84.0, 0.0)	(85.0, 0.0)	(86.0, 0.0)	(87.0, 0.0)	(88.0, 0.0)	(89.0, 0.0)	(90.0, 0.0)	(91.0, 0.0)	(92.0, 0.0)	(93.0, 0.0)	(94.0, 0.0)	(95.0, 0.0)	(96.0, 0.0)	(97.0, 0.0)	(98.0, 0.0)	(99.0, 0.0)	(100.0, 0.0)
FAY99780_pass_barcode01_98e12ebb_5ad7f319_42	(0.0, 0.0)	(1.0, 0.0)	(2.0, 0.0)	(3.0, 0.0)	(4.0, 0.0)	(5.0, 0.0)	(6.0, 0.0)	(7.0, 0.0)	(8.0, 0.0)	(9.0, 0.0)	(10.0, 0.0)	(11.0, 0.0)	(12.0, 0.0)	(13.0, 0.0)	(14.0, 0.0)	(15.0, 0.0)	(16.0, 0.0)	(17.0, 0.0)	(18.0, 0.0)	(19.0, 0.0)	(20.0, 0.0)	(21.0, 0.4242589824472189)	(22.0, 0.8485179648944378)	(23.0, 0.8485179648944378)	(24.0, 0.8485179648944378)	(25.0, 0.8485179648944378)	(26.0, 0.7277938641980746)	(27.0, 0.2468415897874728)	(28.0, 0.2244466874882061)	(29.0, 0.5418025966317298)	(30.0, 1.1940184043816302)	(31.0, 1.6967335586517216)	(32.0, 1.965150113608801)	(33.0, 4.0161521593621075)	(34.0, 5.035522473427903)	(35.0, 5.257351775273586)	(36.0, 7.768168435037722)	(37.0, 10.34711451257837)	(38.0, 11.07371627708471)	(39.0, 12.37326502183429)	(40.0, 9.31449958839375)	(41.0, 7.258890832324727)	(42.0, 4.499715122666143)	(43.0, 3.1207029748048365)	(44.0, 1.8281467163397638)	(45.0, 2.3038548380164126)	(46.0, 2.461912105986945)	(47.0, 1.2224054139065421)	(48.0, 0.6363884736708283)	(49.0, 0.7070983040786981)	(50.0, 0.3599773184400645)	(51.0, 0.0)	(52.0, 0.0)	(53.0, 0.0)	(54.0, 0.0)	(55.0, 0.0)	(56.0, 0.0)	(57.0, 0.0)	(58.0, 0.0)	(59.0, 0.0)	(60.0, 0.0)	(61.0, 0.0)	(62.0, 0.0)	(63.0, 0.0)	(64.0, 0.0)	(65.0, 0.0)	(66.0, 0.0)	(67.0, 0.0)	(68.0, 0.0)	(69.0, 0.0)	(70.0, 0.0)	(71.0, 0.0)	(72.0, 0.0)	(73.0, 0.0)	(74.0, 0.0)	(75.0, 0.0)	(76.0, 0.0)	(77.0, 0.0)	(78.0, 0.0)	(79.0, 0.0)	(80.0, 0.0)	(81.0, 0.0)	(82.0, 0.0)	(83.0, 0.0)	(84.0, 0.0)	(85.0, 0.0)	(86.0, 0.0)	(87.0, 0.0)	(88.0, 0.0)	(89.0, 0.0)	(90.0, 0.0)	(91.0, 0.0)	(92.0, 0.0)	(93.0, 0.0)	(94.0, 0.0)	(95.0, 0.0)	(96.0, 0.0)	(97.0, 0.0)	(98.0, 0.0)	(99.0, 0.0)	(100.0, 0.0)
FAY99780_pass_barcode01_98e12ebb_5ad7f319_43	(0.0, 0.0)	(1.0, 0.0)	(2.0, 0.0)	(3.0, 0.0)	(4.0, 0.0)	(5.0, 0.0)	(6.0, 0.0)	(7.0, 0.0)	(8.0, 0.0)	(9.0, 0.0)	(10.0, 0.0)	(11.0, 0.0)	(12.0, 0.0)	(13.0, 0.0)	(14.0, 0.0)	(15.0, 0.0)	(16.0, 0.0)	(17.0, 0.0)	(18.0, 0.0)	(19.0, 0.0)	(20.0, 0.0)	(21.0, 0.0)	(22.0, 0.0)	(23.0, 0.0)	(24.0, 0.0)	(25.0, 0.17393572357186057)	(26.0, 0.4081126001856826)	(27.0, 0.2952608093477918)	(28.0, 0.0)	(29.0, 0.5234907080949581)	(30.0, 0.37899107618752403)	(31.0, 1.017089024885399)	(32.0, 1.1034542055636147)	(33.0, 3.188228110960932)	(34.0, 3.3826662121798488)	(35.0, 6.873357447110405)	(36.0, 10.056083513680779)	(37.0, 12.786598578309016)	(38.0, 10.717792940590986)	(39.0, 11.9197103743116)	(40.0, 8.912490875363655)	(41.0, 8.12467210579888)	(42.0, 7.550856182620132)	(43.0, 3.718730467703308)	(44.0, 1.4143007341343101)	(45.0, 1.2715539533450075)	(46.0, 2.4351001300060475)	(47.0, 0.8775847871125693)	(48.0, 0.17393572357186057)	(49.0, 0.6087750325015119)	(50.0, 0.0)	(51.0, 0.0)	(52.0, 0.0)	(53.0, 0.5218071707155817)	(54.0, 0.5218071707155817)	(55.0, 0.0)	(56.0, 0.0)	(57.0, 0.0)	(58.0, 0.0)	(59.0, 0.0)	(60.0, 0.0)	(61.0, 0.0)	(62.0, 0.0)	(63.0, 0.0)	(64.0, 0.0)	(65.0, 0.0)	(66.0, 0.0)	(67.0, 0.0)	(68.0, 0.0)	(69.0, 0.0)	(70.0, 0.0)	(71.0, 0.0)	(72.0, 0.0)	(73.0, 0.0)	(74.0, 0.0)	(75.0, 0.0)	(76.0, 0.0)	(77.0, 0.0)	(78.0, 0.0)	(79.0, 0.0)	(80.0, 0.0)	(81.0, 0.0)	(82.0, 0.0)	(83.0, 0.0)	(84.0, 0.5218071707155817)	(85.0, 0.5218071707155817)	(86.0, 0.0)	(87.0, 0.0)	(88.0, 0.0)	(89.0, 0.0)	(90.0, 0.0)	(91.0, 0.0)	(92.0, 0.0)	(93.0, 0.0)	(94.0, 0.0)	(95.0, 0.0)	(96.0, 0.0)	(97.0, 0.0)	(98.0, 0.0)	(99.0, 0.0)	(100.0, 0.0)
FAY99780_pass_barcode01_98e12ebb_5ad7f319_44	(0.0, 0.0)	(1.0, 0.0)	(2.0, 0.0)	(3.0, 0.0)	(4.0, 0.0)	(5.0, 0.0)	(6.0, 0.0)	(7.0, 0.0)	(8.0, 0.0)	(9.0, 0.0)	(10.0, 0.0)	(11.0, 0.0)	(12.0, 0.0)	(13.0, 0.0)	(14.0, 0.0)	(15.0, 0.0)	(16.0, 0.0)	(17.0, 0.0)	(18.0, 0.0)	(19.0, 0.0)	(20.0, 0.0)	(21.0, 0.0)	(22.0, 0.0)	(23.0, 0.0)	(24.0, 0.0)	(25.0, 0.0)	(26.0, 0.0)	(27.0, 0.4342652944244207)	(28.0, 0.9510409947894818)	(29.0, 1.0292087477858773)	(30.0, 0.8931203922799575)	(31.0, 1.7725260366016657)	(32.0, 1.093371681163971)	(33.0, 2.2890708823427595)	(34.0, 3.6653122385090886)	(35.0, 5.507175090122029)	(36.0, 9.202682917751009)	(37.0, 13.25489635282322)	(38.0, 11.247767163602001)	(39.0, 10.753916892687467)	(40.0, 9.369943729316837)	(41.0, 6.387677368032163)	(42.0, 5.987094852395295)	(43.0, 4.13972777896876)	(44.0, 4.837302298266522)	(45.0, 2.8966887014052536)	(46.0, 0.8528820870187683)	(47.0, 0.5073797785402414)	(48.0, 0.6459696254563259)	(49.0, 0.8125235254224678)	(50.0, 0.3778575013421949)	(51.0, 0.04921673336810102)	(52.0, 0.0)	(53.0, 0.4384763518248999)	(54.0, 0.3445171335767071)	(55.0, 0.0)	(56.0, 0.0)	(57.0, 0.0)	(58.0, 0.0)	(59.0, 0.0)	(60.0, 0.0)	(61.0, 0.0)	(62.0, 0.0)	(63.0, 0.0)	(64.0, 0.25838785018253035)	(65.0, 0.0)	(66.0, 0.0)	(67.0, 0.0)	(68.0, 0.0)	(69.0, 0.0)	(70.0, 0.0)	(71.0, 0.0)	(72.0, 0.0)	(73.0, 0.0)	(74.0, 0.0)	(75.0, 0.0)	(76.0, 0.0)	(77.0, 0.0)	(78.0, 0.0)	(79.0, 0.0)	(80.0, 0.0)	(81.0, 0.0)	(82.0, 0.0)	(83.0, 0.0)	(84.0, 0.0)	(85.0, 0.0)	(86.0, 0.0)	(87.0, 0.0)	(88.0, 0.0)	(89.0, 0.0)	(90.0, 0.0)	(91.0, 0.0)	(92.0, 0.0)	(93.0, 0.0)	(94.0, 0.0)	(95.0, 0.0)	(96.0, 0.0)	(97.0, 0.0)	(98.0, 0.0)	(99.0, 0.0)	(100.0, 0.0)
FAY99780_pass_barcode01_98e12ebb_5ad7f319_45	(0.0, 0.0)	(1.0, 0.0)	(2.0, 0.0)	(3.0, 0.0)	(4.0, 0.0)	(5.0, 0.0)	(6.0, 0.0)	(7.0, 0.0)	(8.0, 0.0)	(9.0, 0.0)	(10.0, 0.0)	(11.0, 0.0)	(12.0, 0.0)	(13.0, 0.0)	(14.0, 0.0)	(15.0, 0.0)	(16.0, 0.0)	(17.0, 0.0)	(18.0, 0.0)	(19.0, 0.0)	(20.0, 0.0)	(21.0, 0.0)	(22.0, 0.5014590633062507)	(23.0, 0.5014590633062507)	(24.0, 0.0)	(25.0, 0.0)	(26.0, 0.0)	(27.0, 0.4208323119511281)	(28.0, 0.25739724067741776)	(29.0, 1.039401881951498)	(30.0, 1.4779235044621795)	(31.0, 0.9484675231559053)	(32.0, 2.1322283861558815)	(33.0, 2.103292513391822)	(34.0, 3.619254553173104)	(35.0, 6.765950021288856)	(36.0, 9.042598210900247)	(37.0, 10.558706912371187)	(38.0, 13.753567568594594)	(39.0, 12.607517418624248)	(40.0, 8.93799063139158)	(41.0, 7.984160798174286)	(42.0, 5.330890679453786)	(43.0, 3.7977021673162996)	(44.0, 3.2002205676453457)	(45.0, 1.9807633000596898)	(46.0, 0.2005836253225003)	(47.0, 0.29175800046909134)	(48.0, 0.23293582295516166)	(49.0, 0.7430711574447171)	(50.0, 0.5424875321222167)	(51.0, 0.024461417722256133)	(52.0, 0.0)	(53.0, 0.0)	(54.0, 0.0)	(55.0, 0.0)	(56.0, 0.5014590633062507)	(57.0, 0.5014590633062507)	(58.0, 0.0)	(59.0, 0.0)	(60.0, 0.0)	(61.0, 0.0)	(62.0, 0.0)	(63.0, 0.0)	(64.0, 0.0)	(65.0, 0.0)	(66.0, 0.0)	(67.0, 0.0)	(68.0, 0.0)	(69.0, 0.0)	(70.0, 0.0)	(71.0, 0.0)	(72.0, 0.0)	(73.0, 0.0)	(74.0, 0.0)	(75.0, 0.0)	(76.0, 0.0)	(77.0, 0.0)	(78.0, 0.0)	(79.0, 0.0)	(80.0, 0.0)	(81.0, 0.0)	(82.0, 0.0)	(83.0, 0.0)	(84.0, 0.0)	(85.0, 0.0)	(86.0, 0.0)	(87.0, 0.0)	(88.0, 0.0)	(89.0, 0.0)	(90.0, 0.0)	(91.0, 0.0)	(92.0, 0.0)	(93.0, 0.0)	(94.0, 0.0)	(95.0, 0.0)	(96.0, 0.0)	(97.0, 0.0)	(98.0, 0.0)	(99.0, 0.0)	(100.0, 0.0)
FAY99780_pass_barcode01_98e12ebb_5ad7f319_46	(0.0, 0.0)	(1.0, 0.0)	(2.0, 0.0)	(3.0, 0.0)	(4.0, 0.0)	(5.0, 0.0)	(6.0, 0.0)	(7.0, 0.0)	(8.0, 0.0)	(9.0, 0.0)	(10.0, 0.0)	(11.0, 0.0)	(12.0, 0.0)	(13.0, 0.0)	(14.0, 0.0)	(15.0, 0.0)	(16.0, 0.0)	(17.0, 0.0)	(18.0, 0.0)	(19.0, 0.0)	(20.0, 0.0)	(21.0, 0.0)	(22.0, 0.0)	(23.0, 0.1679504996730382)	(24.0, 0.1679504996730382)	(25.0, 0.3359009993460764)	(26.0, 0.4275103628040972)	(27.0, 0.1241159117818347)	(28.0, 0.19741172688841113)	(29.0, 0.33796268063394175)	(30.0, 0.6963841786900253)	(31.0, 1.2472054119948095)	(32.0, 2.0998277324083423)	(33.0, 3.081501218451511)	(34.0, 3.625817734991657)	(35.0, 6.409831841041759)	(36.0, 8.521913847781073)	(37.0, 11.072406244537591)	(38.0, 10.697933668397885)	(39.0, 11.024180777604496)	(40.0, 9.010468145532075)	(41.0, 6.3102713491011615)	(42.0, 5.132055575886708)	(43.0, 4.700322828608256)	(44.0, 3.866801680155494)	(45.0, 2.0206408168454884)	(46.0, 2.329438031062299)	(47.0, 1.3436039973843057)	(48.0, 1.9314307462399396)	(49.0, 0.5642781338221127)	(50.0, 0.755777248528672)	(51.0, 0.2519257495095574)	(52.0, 0.0)	(53.0, 1.0433288616052372)	(54.0, 0.5038514990191147)	(55.0, 0.0)	(56.0, 0.0)	(57.0, 0.0)	(58.0, 0.0)	(59.0, 0.0)	(60.0, 0.0)	(61.0, 0.0)	(62.0, 0.0)	(63.0, 0.0)	(64.0, 0.0)	(65.0, 0.0)	(66.0, 0.0)	(67.0, 0.0)	(68.0, 0.0)	(69.0, 0.0)	(70.0, 0.0)	(71.0, 0.0)	(72.0, 0.0)	(73.0, 0.0)	(74.0, 0.0)	(75.0, 0.0)	(76.0, 0.0)	(77.0, 0.0)	(78.0, 0.0)	(79.0, 0.0)	(80.0, 0.0)	(81.0, 0.0)	(82.0, 0.0)	(83.0, 0.0)	(84.0, 0.0)	(85.0, 0.0)	(86.0, 0.0)	(87.0, 0.0)	(88.0, 0.0)	(89.0, 0.0)	(90.0, 0.0)	(91.0, 0.0)	(92.0, 0.0)	(93.0, 0.0)	(94.0, 0.0)	(95.0, 0.0)	(96.0, 0.0)	(97.0, 0.0)	(98.0, 0.0)	(99.0, 0.0)	(100.0, 0.0)
FAY99780_pass_barcode01_98e12ebb_5ad7f319_47	(0.0, 0.0)	(1.0, 0.0)	(2.0, 0.0)	(3.0, 0.0)	(4.0, 0.0)	(5.0, 0.0)	(6.0, 0.0)	(7.0, 0.0)	(8.0, 0.0)	(9.0, 0.0)	(10.0, 0.0)	(11.0, 0.0)	(12.0, 0.0)	(13.0, 0.0)	(14.0, 0.0)	(15.0, 0.0)	(16.0, 0.0)	(17.0, 0.0)	(18.0, 0.0)	(19.0, 0.0)	(20.0, 0.0)	(21.0, 0.0)	(22.0, 0.0)	(23.0, 0.0)	(24.0, 0.1733962450984752)	(25.0, 0.0)	(26.0, 0.5201887352954256)	(27.0, 0.7093482754028533)	(28.0, 0.9951215591135367)	(29.0, 1.3871699607878016)	(30.0, 1.3925103815831241)	(31.0, 1.328292326327166)	(32.0, 1.85413689048563)	(33.0, 3.305932201522431)	(34.0, 4.458634750495626)	(35.0, 5.880804126852191)	(36.0, 7.231297764611426)	(37.0, 9.642172368141575)	(38.0, 9.889088858060761)	(39.0, 10.144896237021992)	(40.0, 10.225342145393986)	(41.0, 8.846548786084291)	(42.0, 6.047765786198532)	(43.0, 3.4026516781911447)	(44.0, 2.3697486830124945)	(45.0, 1.9310036385966556)	(46.0, 0.6147685053491394)	(47.0, 0.3963342745108005)	(48.0, 0.7960463979520908)	(49.0, 0.0)	(50.0, 0.1199548303120272)	(51.0, 0.09457977005371376)	(52.0, 0.0)	(53.0, 0.5201887352954256)	(54.0, 1.0403774705908513)	(55.0, 1.0403774705908513)	(56.0, 0.5201887352954256)	(57.0, 0.0)	(58.0, 0.5201887352954256)	(59.0, 1.0403774705908513)	(60.0, 1.0403774705908513)	(61.0, 0.5201887352954256)	(62.0, 0.0)	(63.0, 0.0)	(64.0, 0.0)	(65.0, 0.0)	(66.0, 0.0)	(67.0, 0.0)	(68.0, 0.0)	(69.0, 0.0)	(70.0, 0.0)	(71.0, 0.0)	(72.0, 0.0)	(73.0, 0.0)	(74.0, 0.0)	(75.0, 0.0)	(76.0, 0.0)	(77.0, 0.0)	(78.0, 0.0)	(79.0, 0.0)	(80.0, 0.0)	(81.0, 0.0)	(82.0, 0.0)	(83.0, 0.0)	(84.0, 0.0)	(85.0, 0.0)	(86.0, 0.0)	(87.0, 0.0)	(88.0, 0.0)	(89.0, 0.0)	(90.0, 0.0)	(91.0, 0.0)	(92.0, 0.0)	(93.0, 0.0)	(94.0, 0.0)	(95.0, 0.0)	(96.0, 0.0)	(97.0, 0.0)	(98.0, 0.0)	(99.0, 0.0)	(100.0, 0.0)
FAY99780_pass_barcode01_98e12ebb_5ad7f319_48	(0.0, 0.7654809480918701)	(1.0, 0.7654809480918701)	(2.0, 0.7654809480918701)	(3.0, 0.7654809480918701)	(4.0, 0.7654809480918701)	(5.0, 0.7654809480918701)	(6.0, 0.7654809480918701)	(7.0, 0.7654809480918701)	(8.0, 1.148221422137805)	(9.0, 1.5309618961837401)	(10.0, 1.5309618961837401)	(11.0, 1.5309618961837401)	(12.0, 1.5309618961837401)	(13.0, 1.148221422137805)	(14.0, 0.7654809480918701)	(15.0, 0.7654809480918701)	(16.0, 0.7654809480918701)	(17.0, 0.38274047404593503)	(18.0, 0.0)	(19.0, 0.0)	(20.0, 0.25516031603062334)	(21.0, 0.25516031603062334)	(22.0, 0.0)	(23.0, 0.0)	(24.0, 0.0)	(25.0, 0.0)	(26.0, 0.0)	(27.0, 0.06958917709926092)	(28.0, 0.010781421804110847)	(29.0, 0.40018203624511367)	(30.0, 0.21380405052932164)	(31.0, 0.9127408822000921)	(32.0, 1.1751276497165415)	(33.0, 1.8516458075207476)	(34.0, 3.9085118430737054)	(35.0, 4.895035714369362)	(36.0, 6.82085437358441)	(37.0, 10.212295502050338)	(38.0, 10.07868306727995)	(39.0, 9.070685151624607)	(40.0, 8.73945267731683)	(41.0, 6.16718566534363)	(42.0, 5.006350095313543)	(43.0, 4.121404432245992)	(44.0, 4.045892664748775)	(45.0, 1.2820452084120224)	(46.0, 0.557465151731888)	(47.0, 0.227821710741628)	(48.0, 0.22599913705569497)	(49.0, 0.42951986531821595)	(50.0, 0.24853277535450327)	(51.0, 0.0)	(52.0, 0.0)	(53.0, 0.19137023702296752)	(54.0, 0.0)	(55.0, 0.25516031603062334)	(56.0, 0.0)	(57.0, 0.0)	(58.0, 0.0)	(59.0, 0.0)	(60.0, 0.0)	(61.0, 0.0)	(62.0, 0.0)	(63.0, 0.19137023702296752)	(64.0, 0.19137023702296752)	(65.0, 0.0)	(66.0, 0.0)	(67.0, 0.0)	(68.0, 0.0)	(69.0, 0.0)	(70.0, 0.0)	(71.0, 0.0)	(72.0, 0.0)	(73.0, 0.0)	(74.0, 0.0)	(75.0, 0.38274047404593503)	(76.0, 0.38274047404593503)	(77.0, 0.0)	(78.0, 0.0)	(79.0, 0.0)	(80.0, 0.0)	(81.0, 0.0)	(82.0, 0.0)	(83.0, 0.0)	(84.0, 0.0)	(85.0, 0.0)	(86.0, 0.0)	(87.0, 0.0)	(88.0, 0.0)	(89.0, 0.0)	(90.0, 0.0)	(91.0, 0.0)	(92.0, 0.0)	(93.0, 0.0)	(94.0, 0.0)	(95.0, 0.0)	(96.0, 0.0)	(97.0, 0.0)	(98.0, 0.0)	(99.0, 0.0)	(100.0, 0.0)
FAY99780_pass_barcode01_98e12ebb_5ad7f319_49	(0.0, 0.0)	(1.0, 0.0)	(2.0, 0.0)	(3.0, 0.0)	(4.0, 0.0)	(5.0, 0.0)	(6.0, 0.0)	(7.0, 0.0)	(8.0, 0.0)	(9.0, 0.0)	(10.0, 0.0)	(11.0, 0.0)	(12.0, 0.0)	(13.0, 0.0)	(14.0, 0.0)	(15.0, 0.0)	(16.0, 0.0)	(17.0, 0.0)	(18.0, 0.0)	(19.0, 0.0)	(20.0, 0.0)	(21.0, 0.0)	(22.0, 0.0)	(23.0, 0.0)	(24.0, 0.20702861614520837)	(25.0, 0.862619233938368)	(26.0, 1.5872193904465974)	(27.0, 0.6210858484356251)	(28.0, 0.10351430807260419)	(29.0, 0.29172214093188453)	(30.0, 0.19090664954794412)	(31.0, 1.9795862600821934)	(32.0, 2.918704412363096)	(33.0, 2.941382674960622)	(34.0, 3.4824064036787274)	(35.0, 5.11624742377546)	(36.0, 7.391518819885441)	(37.0, 11.20666249148207)	(38.0, 13.28253588895656)	(39.0, 12.992276040359062)	(40.0, 12.307148669498167)	(41.0, 9.242550207644843)	(42.0, 5.492247923730257)	(43.0, 2.373133598918234)	(44.0, 1.46311335893892)	(45.0, 1.178539524809303)	(46.0, 0.43915161000498737)	(47.0, 0.11501589785844908)	(48.0, 0.5175715403630209)	(49.0, 0.6116754567926611)	(50.0, 0.049292527653621035)	(51.0, 0.0)	(52.0, 0.5175715403630209)	(53.0, 0.5175715403630209)	(54.0, 0.0)	(55.0, 0.0)	(56.0, 0.0)	(57.0, 0.0)	(58.0, 0.0)	(59.0, 0.0)	(60.0, 0.0)	(61.0, 0.0)	(62.0, 0.0)	(63.0, 0.0)	(64.0, 0.0)	(65.0, 0.0)	(66.0, 0.0)	(67.0, 0.0)	(68.0, 0.0)	(69.0, 0.0)	(70.0, 0.0)	(71.0, 0.0)	(72.0, 0.0)	(73.0, 0.0)	(74.0, 0.0)	(75.0, 0.0)	(76.0, 0.0)	(77.0, 0.0)	(78.0, 0.0)	(79.0, 0.0)	(80.0, 0.0)	(81.0, 0.0)	(82.0, 0.0)	(83.0, 0.0)	(84.0, 0.0)	(85.0, 0.0)	(86.0, 0.0)	(87.0, 0.0)	(88.0, 0.0)	(89.0, 0.0)	(90.0, 0.0)	(91.0, 0.0)	(92.0, 0.0)	(93.0, 0.0)	(94.0, 0.0)	(95.0, 0.0)	(96.0, 0.0)	(97.0, 0.0)	(98.0, 0.0)	(99.0, 0.0)	(100.0, 0.0)
FAY99780_pass_barcode01_98e12ebb_5ad7f319_5	(0.0, 0.0)	(1.0, 0.0)	(2.0, 0.0)	(3.0, 0.0)	(4.0, 0.0)	(5.0, 0.0)	(6.0, 0.0)	(7.0, 0.0)	(8.0, 0.0)	(9.0, 0.0)	(10.0, 0.0)	(11.0, 0.0)	(12.0, 0.0)	(13.0, 0.0)	(14.0, 0.0)	(15.0, 0.0)	(16.0, 0.0)	(17.0, 0.0)	(18.0, 0.0)	(19.0, 0.0)	(20.0, 0.0)	(21.0, 0.0)	(22.0, 0.32125664775676177)	(23.0, 0.32125664775676177)	(24.0, 0.21750882990977288)	(25.0, 0.738890289840552)	(26.0, 0.9430649513987328)	(27.0, 0.17523089877641548)	(28.0, 0.9302580432738741)	(29.0, 0.6741522077925985)	(30.0, 0.6683122442247424)	(31.0, 1.2953438241893902)	(32.0, 1.4609689508779056)	(33.0, 2.2319359384788857)	(34.0, 3.6076482049175724)	(35.0, 5.838000686155564)	(36.0, 8.43070229892611)	(37.0, 10.748213942755521)	(38.0, 12.359175690361315)	(39.0, 10.14928367632465)	(40.0, 9.500214797007821)	(41.0, 7.875168927265946)	(42.0, 6.195408643092224)	(43.0, 4.792061500169214)	(44.0, 2.2906465558113713)	(45.0, 2.1011820123165292)	(46.0, 0.8138501743171298)	(47.0, 1.4099597318213435)	(48.0, 0.754466369731789)	(49.0, 0.4818849716351426)	(50.0, 0.2650142374351998)	(51.0, 0.42834219700901566)	(52.0, 0.21417109850450783)	(53.0, 0.27258139809664633)	(54.0, 0.508656358948206)	(55.0, 0.21417109850450783)	(56.0, 0.21417109850450783)	(57.0, 0.3426737576072125)	(58.0, 0.21417109850450783)	(59.0, 0.0)	(60.0, 0.0)	(61.0, 0.0)	(62.0, 0.0)	(63.0, 0.0)	(64.0, 0.0)	(65.0, 0.0)	(66.0, 0.0)	(67.0, 0.0)	(68.0, 0.0)	(69.0, 0.0)	(70.0, 0.0)	(71.0, 0.0)	(72.0, 0.0)	(73.0, 0.0)	(74.0, 0.0)	(75.0, 0.0)	(76.0, 0.0)	(77.0, 0.0)	(78.0, 0.0)	(79.0, 0.0)	(80.0, 0.0)	(81.0, 0.0)	(82.0, 0.0)	(83.0, 0.0)	(84.0, 0.0)	(85.0, 0.0)	(86.0, 0.0)	(87.0, 0.0)	(88.0, 0.0)	(89.0, 0.0)	(90.0, 0.0)	(91.0, 0.0)	(92.0, 0.0)	(93.0, 0.0)	(94.0, 0.0)	(95.0, 0.0)	(96.0, 0.0)	(97.0, 0.0)	(98.0, 0.0)	(99.0, 0.0)	(100.0, 0.0)
FAY99780_pass_barcode01_98e12ebb_5ad7f319_50	(0.0, 0.0)	(1.0, 0.0)	(2.0, 0.0)	(3.0, 0.0)	(4.0, 0.0)	(5.0, 0.0)	(6.0, 0.0)	(7.0, 0.0)	(8.0, 0.0)	(9.0, 0.0)	(10.0, 0.0)	(11.0, 0.0)	(12.0, 0.0)	(13.0, 0.0)	(14.0, 0.0)	(15.0, 0.0)	(16.0, 0.0)	(17.0, 0.0)	(18.0, 0.0)	(19.0, 0.0)	(20.0, 0.0)	(21.0, 0.0)	(22.0, 0.0)	(23.0, 0.0)	(24.0, 0.0)	(25.0, 0.0)	(26.0, 0.5375153551320727)	(27.0, 0.5375153551320727)	(28.0, 0.6614656809274952)	(29.0, 1.3102526768409588)	(30.0, 0.672439936194812)	(31.0, 0.799400273036941)	(32.0, 2.537821925961425)	(33.0, 2.216089786395409)	(34.0, 4.308083249340176)	(35.0, 6.089504862592223)	(36.0, 8.267322864270298)	(37.0, 10.00472591249639)	(38.0, 12.655689719124405)	(39.0, 12.482156666473806)	(40.0, 10.002438824826232)	(41.0, 7.4222057991322545)	(42.0, 7.0844277115201155)	(43.0, 4.386916446019466)	(44.0, 1.273772401035495)	(45.0, 1.0672946694561731)	(46.0, 0.5691013802439869)	(47.0, 0.8537584511387383)	(48.0, 0.35834357008804846)	(49.0, 0.7166871401760969)	(50.0, 0.7166871401760969)	(51.0, 0.40953550867205535)	(52.0, 0.0)	(53.0, 0.41046627119176465)	(54.0, 0.21500614205282909)	(55.0, 0.0)	(56.0, 0.0)	(57.0, 0.0)	(58.0, 0.0)	(59.0, 0.0)	(60.0, 0.0)	(61.0, 0.0)	(62.0, 0.0)	(63.0, 0.0)	(64.0, 0.0)	(65.0, 0.0)	(66.0, 0.0)	(67.0, 0.0)	(68.0, 0.0)	(69.0, 0.5375153551320727)	(70.0, 0.5375153551320727)	(71.0, 0.0)	(72.0, 0.0)	(73.0, 0.0)	(74.0, 0.0)	(75.0, 0.0)	(76.0, 0.0)	(77.0, 0.0)	(78.0, 0.0)	(79.0, 0.0)	(80.0, 0.0)	(81.0, 0.0)	(82.0, 0.0)	(83.0, 0.0)	(84.0, 0.35834357008804846)	(85.0, 0.0)	(86.0, 0.0)	(87.0, 0.0)	(88.0, 0.0)	(89.0, 0.0)	(90.0, 0.0)	(91.0, 0.0)	(92.0, 0.0)	(93.0, 0.0)	(94.0, 0.0)	(95.0, 0.0)	(96.0, 0.0)	(97.0, 0.0)	(98.0, 0.0)	(99.0, 0.0)	(100.0, 0.0)
FAY99780_pass_barcode01_98e12ebb_5ad7f319_51	(0.0, 0.0)	(1.0, 0.0)	(2.0, 0.0)	(3.0, 0.0)	(4.0, 0.0)	(5.0, 0.0)	(6.0, 0.0)	(7.0, 0.0)	(8.0, 0.0)	(9.0, 0.0)	(10.0, 0.0)	(11.0, 0.0)	(12.0, 0.0)	(13.0, 0.0)	(14.0, 0.0)	(15.0, 0.0)	(16.0, 0.0)	(17.0, 0.0)	(18.0, 0.0)	(19.0, 0.0)	(20.0, 0.0)	(21.0, 0.0)	(22.0, 0.0)	(23.0, 0.0)	(24.0, 0.0)	(25.0, 0.0)	(26.0, 0.0)	(27.0, 0.17136636086730878)	(28.0, 0.2695125493640402)	(29.0, 0.8406010397122675)	(30.0, 0.8097986777002143)	(31.0, 0.8353258501277454)	(32.0, 2.7505522767760433)	(33.0, 3.803837728019184)	(34.0, 3.34557266007464)	(35.0, 5.64906209007759)	(36.0, 8.862394126863347)	(37.0, 10.418669304054275)	(38.0, 14.817587979508101)	(39.0, 11.731643195142006)	(40.0, 7.729953019628533)	(41.0, 5.299799733842048)	(42.0, 4.601227138241188)	(43.0, 4.3416372049063785)	(44.0, 2.1996213921659202)	(45.0, 3.026177945013465)	(46.0, 2.5449628467984406)	(47.0, 2.5190855047494387)	(48.0, 1.6194121101960681)	(49.0, 0.5398040367320227)	(50.0, 0.8289847706956063)	(51.0, 0.28918073396358357)	(52.0, 0.0)	(53.0, 0.0)	(54.0, 0.0)	(55.0, 0.0)	(56.0, 0.0)	(57.0, 0.0)	(58.0, 0.0)	(59.0, 0.0)	(60.0, 0.0)	(61.0, 0.15422972478057792)	(62.0, 0.0)	(63.0, 0.0)	(64.0, 0.0)	(65.0, 0.0)	(66.0, 0.0)	(67.0, 0.0)	(68.0, 0.0)	(69.0, 0.0)	(70.0, 0.0)	(71.0, 0.0)	(72.0, 0.0)	(73.0, 0.0)	(74.0, 0.0)	(75.0, 0.0)	(76.0, 0.0)	(77.0, 0.0)	(78.0, 0.0)	(79.0, 0.0)	(80.0, 0.0)	(81.0, 0.0)	(82.0, 0.0)	(83.0, 0.0)	(84.0, 0.0)	(85.0, 0.0)	(86.0, 0.0)	(87.0, 0.0)	(88.0, 0.0)	(89.0, 0.0)	(90.0, 0.0)	(91.0, 0.0)	(92.0, 0.0)	(93.0, 0.0)	(94.0, 0.0)	(95.0, 0.0)	(96.0, 0.0)	(97.0, 0.0)	(98.0, 0.0)	(99.0, 0.0)	(100.0, 0.0)
FAY99780_pass_barcode01_98e12ebb_5ad7f319_52	(0.0, 0.0)	(1.0, 0.0)	(2.0, 0.0)	(3.0, 0.0)	(4.0, 0.0)	(5.0, 0.0)	(6.0, 0.0)	(7.0, 0.0)	(8.0, 0.0)	(9.0, 0.0)	(10.0, 0.0)	(11.0, 0.0)	(12.0, 0.0)	(13.0, 0.0)	(14.0, 0.0)	(15.0, 0.0)	(16.0, 0.0)	(17.0, 0.0)	(18.0, 0.0)	(19.0, 0.0)	(20.0, 0.0)	(21.0, 0.0)	(22.0, 0.0)	(23.0, 0.0)	(24.0, 0.0)	(25.0, 0.0)	(26.0, 0.0)	(27.0, 0.03837243645457214)	(28.0, 0.15994975195542194)	(29.0, 0.36734095543277223)	(30.0, 0.4924256603632723)	(31.0, 0.5370041052388119)	(32.0, 1.5707236825122892)	(33.0, 2.2417180964062355)	(34.0, 4.175197543795497)	(35.0, 6.243873546589994)	(36.0, 7.8862403306947675)	(37.0, 7.582000986506457)	(38.0, 10.612477601412225)	(39.0, 10.130313690361703)	(40.0, 8.609735032948532)	(41.0, 8.744606023300141)	(42.0, 4.355652252855952)	(43.0, 2.6809017133611643)	(44.0, 2.486016248216125)	(45.0, 1.8924587978732168)	(46.0, 0.5372141103640099)	(47.0, 0.6104705799591023)	(48.0, 1.2087317483190225)	(49.0, 1.2087317483190225)	(50.0, 0.45887038593592516)	(51.0, 0.07325646959509227)	(52.0, 0.26860705518200495)	(53.0, 0.5372141103640099)	(54.0, 0.429771288291208)	(55.0, 0.16116423310920303)	(56.0, 0.0)	(57.0, 0.0)	(58.0, 0.4029105827730075)	(59.0, 0.805821165546015)	(60.0, 0.805821165546015)	(61.0, 0.805821165546015)	(62.0, 0.805821165546015)	(63.0, 0.805821165546015)	(64.0, 0.805821165546015)	(65.0, 0.805821165546015)	(66.0, 0.805821165546015)	(67.0, 0.805821165546015)	(68.0, 0.805821165546015)	(69.0, 0.805821165546015)	(70.0, 0.805821165546015)	(71.0, 0.805821165546015)	(72.0, 0.805821165546015)	(73.0, 0.805821165546015)	(74.0, 0.805821165546015)	(75.0, 0.4029105827730075)	(76.0, 0.0)	(77.0, 0.0)	(78.0, 0.0)	(79.0, 0.0)	(80.0, 0.0)	(81.0, 0.0)	(82.0, 0.0)	(83.0, 0.0)	(84.0, 0.0)	(85.0, 0.0)	(86.0, 0.0)	(87.0, 0.0)	(88.0, 0.0)	(89.0, 0.0)	(90.0, 0.0)	(91.0, 0.0)	(92.0, 0.0)	(93.0, 0.0)	(94.0, 0.0)	(95.0, 0.0)	(96.0, 0.0)	(97.0, 0.0)	(98.0, 0.0)	(99.0, 0.0)	(100.0, 0.0)
FAY99780_pass_barcode01_98e12ebb_5ad7f319_53	(0.0, 0.0)	(1.0, 0.0)	(2.0, 0.0)	(3.0, 0.0)	(4.0, 0.0)	(5.0, 0.0)	(6.0, 0.0)	(7.0, 0.0)	(8.0, 0.0)	(9.0, 0.0)	(10.0, 0.0)	(11.0, 0.0)	(12.0, 0.0)	(13.0, 0.0)	(14.0, 0.0)	(15.0, 0.0)	(16.0, 0.0)	(17.0, 0.0)	(18.0, 0.0)	(19.0, 0.0)	(20.0, 0.0)	(21.0, 0.0)	(22.0, 0.0)	(23.0, 0.0)	(24.0, 0.0820695799551206)	(25.0, 0.18055307590126535)	(26.0, 0.07211029145058215)	(27.0, 0.05824292771008558)	(28.0, 0.0)	(29.0, 0.6685701174682348)	(30.0, 0.6303378796215324)	(31.0, 1.3302363220766091)	(32.0, 2.45101866267074)	(33.0, 2.920677958320918)	(34.0, 4.036729701890487)	(35.0, 6.049201857902414)	(36.0, 7.666226446108694)	(37.0, 10.950536563557746)	(38.0, 9.103216046824466)	(39.0, 12.02286950920227)	(40.0, 11.3845598259833)	(41.0, 8.06751962564491)	(42.0, 6.933345274162874)	(43.0, 3.5965027411094295)	(44.0, 2.0432457385869607)	(45.0, 2.2916953183658437)	(46.0, 2.7821587604785885)	(47.0, 2.3135805396872087)	(48.0, 0.9848349594614472)	(49.0, 0.02912146385504279)	(50.0, 0.25481280873162443)	(51.0, 0.0820695799551206)	(52.0, 0.02912146385504279)	(53.0, 0.0)	(54.0, 0.0820695799551206)	(55.0, 0.0)	(56.0, 0.0)	(57.0, 0.0)	(58.0, 0.0)	(59.0, 0.0)	(60.0, 0.0)	(61.0, 0.0)	(62.0, 0.0)	(63.0, 0.45138268975316326)	(64.0, 0.45138268975316326)	(65.0, 0.0)	(66.0, 0.0)	(67.0, 0.0)	(68.0, 0.0)	(69.0, 0.0)	(70.0, 0.0)	(71.0, 0.0)	(72.0, 0.0)	(73.0, 0.0)	(74.0, 0.0)	(75.0, 0.0)	(76.0, 0.0)	(77.0, 0.0)	(78.0, 0.0)	(79.0, 0.0)	(80.0, 0.0)	(81.0, 0.0)	(82.0, 0.0)	(83.0, 0.0)	(84.0, 0.0)	(85.0, 0.0)	(86.0, 0.0)	(87.0, 0.0)	(88.0, 0.0)	(89.0, 0.0)	(90.0, 0.0)	(91.0, 0.0)	(92.0, 0.0)	(93.0, 0.0)	(94.0, 0.0)	(95.0, 0.0)	(96.0, 0.0)	(97.0, 0.0)	(98.0, 0.0)	(99.0, 0.0)	(100.0, 0.0)
FAY99780_pass_barcode01_98e12ebb_5ad7f319_54	(0.0, 0.0)	(1.0, 0.0)	(2.0, 0.0)	(3.0, 0.0)	(4.0, 0.0)	(5.0, 0.0)	(6.0, 0.0)	(7.0, 0.0)	(8.0, 0.0)	(9.0, 0.0)	(10.0, 0.0)	(11.0, 0.0)	(12.0, 0.0)	(13.0, 0.0)	(14.0, 0.0)	(15.0, 0.0)	(16.0, 0.0)	(17.0, 0.0)	(18.0, 0.0)	(19.0, 0.0)	(20.0, 0.0)	(21.0, 0.0)	(22.0, 0.0)	(23.0, 0.0)	(24.0, 0.0)	(25.0, 0.31894508710011027)	(26.0, 0.2790769512125965)	(27.0, 0.38055947892626796)	(28.0, 0.10761155377767948)	(29.0, 1.1450056049930724)	(30.0, 1.6229189553949883)	(31.0, 1.9764532609763859)	(32.0, 2.2072933686041263)	(33.0, 3.2728456612410395)	(34.0, 4.884295203741623)	(35.0, 6.616901292047894)	(36.0, 8.39621684517471)	(37.0, 14.134343040476283)	(38.0, 12.524588742121399)	(39.0, 11.002818040268652)	(40.0, 8.778657776454914)	(41.0, 5.778862963880532)	(42.0, 6.229584081479899)	(43.0, 4.137881249056121)	(44.0, 2.3262050519256023)	(45.0, 1.8605130080839767)	(46.0, 1.3209642357396234)	(47.0, 0.2609550712637266)	(48.0, 0.0)	(49.0, 0.1546400422303565)	(50.0, 0.08916744370540718)	(51.0, 0.05315751451668505)	(52.0, 0.0)	(53.0, 0.0)	(54.0, 0.13953847560629826)	(55.0, 0.0)	(56.0, 0.0)	(57.0, 0.0)	(58.0, 0.0)	(59.0, 0.0)	(60.0, 0.0)	(61.0, 0.0)	(62.0, 0.0)	(63.0, 0.0)	(64.0, 0.0)	(65.0, 0.0)	(66.0, 0.0)	(67.0, 0.0)	(68.0, 0.0)	(69.0, 0.0)	(70.0, 0.0)	(71.0, 0.0)	(72.0, 0.0)	(73.0, 0.0)	(74.0, 0.0)	(75.0, 0.0)	(76.0, 0.0)	(77.0, 0.0)	(78.0, 0.0)	(79.0, 0.0)	(80.0, 0.0)	(81.0, 0.0)	(82.0, 0.0)	(83.0, 0.0)	(84.0, 0.0)	(85.0, 0.0)	(86.0, 0.0)	(87.0, 0.0)	(88.0, 0.0)	(89.0, 0.0)	(90.0, 0.0)	(91.0, 0.0)	(92.0, 0.0)	(93.0, 0.0)	(94.0, 0.0)	(95.0, 0.0)	(96.0, 0.0)	(97.0, 0.0)	(98.0, 0.0)	(99.0, 0.0)	(100.0, 0.0)
FAY99780_pass_barcode01_98e12ebb_5ad7f319_55	(0.0, 0.0)	(1.0, 0.0)	(2.0, 0.0)	(3.0, 0.0)	(4.0, 0.0)	(5.0, 0.0)	(6.0, 0.0)	(7.0, 0.0)	(8.0, 0.0)	(9.0, 0.0)	(10.0, 0.0)	(11.0, 0.0)	(12.0, 0.0)	(13.0, 0.0)	(14.0, 0.0)	(15.0, 0.0)	(16.0, 0.0)	(17.0, 0.0)	(18.0, 0.0)	(19.0, 0.0)	(20.0, 0.0)	(21.0, 0.0)	(22.0, 0.0)	(23.0, 0.0)	(24.0, 0.0)	(25.0, 0.0)	(26.0, 0.0)	(27.0, 0.1728085347456275)	(28.0, 0.0936452143140477)	(29.0, 0.39093301809288705)	(30.0, 0.5110743131388138)	(31.0, 0.9611304785718563)	(32.0, 1.22325487017581)	(33.0, 2.1153421535168455)	(34.0, 3.9131329614648678)	(35.0, 6.528460842331195)	(36.0, 9.616772412724188)	(37.0, 11.891170622464086)	(38.0, 11.310031455689733)	(39.0, 12.894453718944703)	(40.0, 10.393242011299423)	(41.0, 9.171134220077667)	(42.0, 5.028746884166608)	(43.0, 3.1788554259367725)	(44.0, 3.4623831560645892)	(45.0, 1.0020037931603105)	(46.0, 0.9863962574413023)	(47.0, 0.600890125181806)	(48.0, 0.5351155103659868)	(49.0, 0.5641009338441445)	(50.0, 1.5161606127036293)	(51.0, 0.9086631161285847)	(52.0, 0.0)	(53.0, 0.5150486787272623)	(54.0, 0.5150486787272623)	(55.0, 0.0)	(56.0, 0.0)	(57.0, 0.0)	(58.0, 0.0)	(59.0, 0.0)	(60.0, 0.0)	(61.0, 0.0)	(62.0, 0.0)	(63.0, 0.0)	(64.0, 0.0)	(65.0, 0.0)	(66.0, 0.0)	(67.0, 0.0)	(68.0, 0.0)	(69.0, 0.0)	(70.0, 0.0)	(71.0, 0.0)	(72.0, 0.0)	(73.0, 0.0)	(74.0, 0.0)	(75.0, 0.0)	(76.0, 0.0)	(77.0, 0.0)	(78.0, 0.0)	(79.0, 0.0)	(80.0, 0.0)	(81.0, 0.0)	(82.0, 0.0)	(83.0, 0.0)	(84.0, 0.0)	(85.0, 0.0)	(86.0, 0.0)	(87.0, 0.0)	(88.0, 0.0)	(89.0, 0.0)	(90.0, 0.0)	(91.0, 0.0)	(92.0, 0.0)	(93.0, 0.0)	(94.0, 0.0)	(95.0, 0.0)	(96.0, 0.0)	(97.0, 0.0)	(98.0, 0.0)	(99.0, 0.0)	(100.0, 0.0)
FAY99780_pass_barcode01_98e12ebb_5ad7f319_56	(0.0, 0.0)	(1.0, 0.0)	(2.0, 0.0)	(3.0, 0.0)	(4.0, 0.0)	(5.0, 0.0)	(6.0, 0.0)	(7.0, 0.0)	(8.0, 0.0)	(9.0, 0.0)	(10.0, 0.0)	(11.0, 0.0)	(12.0, 0.0)	(13.0, 0.0)	(14.0, 0.0)	(15.0, 0.0)	(16.0, 0.0)	(17.0, 0.0)	(18.0, 0.0)	(19.0, 0.0)	(20.0, 0.0)	(21.0, 0.0)	(22.0, 0.0)	(23.0, 0.0)	(24.0, 0.0)	(25.0, 0.6643559288769225)	(26.0, 0.6643559288769225)	(27.0, 0.0)	(28.0, 0.22692565312567411)	(29.0, 0.1719138448728703)	(30.0, 0.655832348035799)	(31.0, 0.9904463562322354)	(32.0, 0.8988809518125912)	(33.0, 2.1547462390883143)	(34.0, 2.7097075178449033)	(35.0, 5.4396146421332885)	(36.0, 7.5660949587554525)	(37.0, 12.13975921537628)	(38.0, 10.97578863610828)	(39.0, 10.65878194144746)	(40.0, 11.222114528866104)	(41.0, 10.748633326566658)	(42.0, 6.205717316942039)	(43.0, 2.5434324122553362)	(44.0, 2.4440245383532844)	(45.0, 4.228922557025906)	(46.0, 2.8442882594372048)	(47.0, 0.32932221826531183)	(48.0, 0.19276212570518245)	(49.0, 0.33217796443846126)	(50.0, 0.17368782454298626)	(51.0, 0.14763465086153832)	(52.0, 0.9300983004276915)	(53.0, 0.6643559288769225)	(54.0, 0.0)	(55.0, 0.0)	(56.0, 0.0)	(57.0, 0.0)	(58.0, 0.0)	(59.0, 0.0)	(60.0, 0.0)	(61.0, 0.0)	(62.0, 0.0)	(63.0, 0.0)	(64.0, 0.44290395258461496)	(65.0, 0.6327199322637357)	(66.0, 0.0)	(67.0, 0.0)	(68.0, 0.0)	(69.0, 0.0)	(70.0, 0.0)	(71.0, 0.0)	(72.0, 0.0)	(73.0, 0.0)	(74.0, 0.0)	(75.0, 0.0)	(76.0, 0.0)	(77.0, 0.0)	(78.0, 0.0)	(79.0, 0.0)	(80.0, 0.0)	(81.0, 0.0)	(82.0, 0.0)	(83.0, 0.0)	(84.0, 0.0)	(85.0, 0.0)	(86.0, 0.0)	(87.0, 0.0)	(88.0, 0.0)	(89.0, 0.0)	(90.0, 0.0)	(91.0, 0.0)	(92.0, 0.0)	(93.0, 0.0)	(94.0, 0.0)	(95.0, 0.0)	(96.0, 0.0)	(97.0, 0.0)	(98.0, 0.0)	(99.0, 0.0)	(100.0, 0.0)
FAY99780_pass_barcode01_98e12ebb_5ad7f319_57	(0.0, 0.0)	(1.0, 0.0)	(2.0, 0.0)	(3.0, 0.0)	(4.0, 0.0)	(5.0, 0.0)	(6.0, 0.0)	(7.0, 0.0)	(8.0, 0.0)	(9.0, 0.0)	(10.0, 0.0)	(11.0, 0.0)	(12.0, 0.0)	(13.0, 0.0)	(14.0, 0.0)	(15.0, 0.0)	(16.0, 0.0)	(17.0, 0.0)	(18.0, 0.0)	(19.0, 0.0)	(20.0, 0.0)	(21.0, 0.0)	(22.0, 0.0)	(23.0, 0.0)	(24.0, 0.0)	(25.0, 0.0)	(26.0, 0.5424156455983068)	(27.0, 1.62724693679492)	(28.0, 2.064481969981858)	(29.0, 1.092227868182045)	(30.0, 1.529796381022777)	(31.0, 1.6730973522781054)	(32.0, 1.8441363839503127)	(33.0, 2.4570607979710366)	(34.0, 3.138307757150902)	(35.0, 5.684463040621503)	(36.0, 7.021950216305934)	(37.0, 11.250051382947712)	(38.0, 12.043600865773582)	(39.0, 10.817358453742635)	(40.0, 9.63882128266009)	(41.0, 7.722151265093008)	(42.0, 5.122341539249379)	(43.0, 4.8430119848583795)	(44.0, 3.2265512494226547)	(45.0, 1.5859200304636205)	(46.0, 2.1541649925189894)	(47.0, 1.136271648197016)	(48.0, 0.5424156455983068)	(49.0, 0.9462922301996434)	(50.0, 0.0)	(51.0, 0.0)	(52.0, 0.09862102647241941)	(53.0, 0.0)	(54.0, 0.19724205294483882)	(55.0, 0.0)	(56.0, 0.0)	(57.0, 0.0)	(58.0, 0.0)	(59.0, 0.0)	(60.0, 0.0)	(61.0, 0.0)	(62.0, 0.0)	(63.0, 0.0)	(64.0, 0.0)	(65.0, 0.0)	(66.0, 0.0)	(67.0, 0.0)	(68.0, 0.0)	(69.0, 0.0)	(70.0, 0.0)	(71.0, 0.0)	(72.0, 0.0)	(73.0, 0.0)	(74.0, 0.0)	(75.0, 0.0)	(76.0, 0.0)	(77.0, 0.0)	(78.0, 0.0)	(79.0, 0.0)	(80.0, 0.0)	(81.0, 0.0)	(82.0, 0.0)	(83.0, 0.0)	(84.0, 0.0)	(85.0, 0.0)	(86.0, 0.0)	(87.0, 0.0)	(88.0, 0.0)	(89.0, 0.0)	(90.0, 0.0)	(91.0, 0.0)	(92.0, 0.0)	(93.0, 0.0)	(94.0, 0.0)	(95.0, 0.0)	(96.0, 0.0)	(97.0, 0.0)	(98.0, 0.0)	(99.0, 0.0)	(100.0, 0.0)
FAY99780_pass_barcode01_98e12ebb_5ad7f319_58	(0.0, 0.0)	(1.0, 0.0)	(2.0, 0.0)	(3.0, 0.0)	(4.0, 0.0)	(5.0, 0.0)	(6.0, 0.0)	(7.0, 0.0)	(8.0, 0.0)	(9.0, 0.0)	(10.0, 0.0)	(11.0, 0.0)	(12.0, 0.0)	(13.0, 0.0)	(14.0, 0.0)	(15.0, 0.0)	(16.0, 0.0)	(17.0, 0.0)	(18.0, 0.0)	(19.0, 0.0)	(20.0, 0.3430075072795507)	(21.0, 0.3430075072795507)	(22.0, 0.0)	(23.0, 0.0)	(24.0, 0.0)	(25.0, 0.04900107246850724)	(26.0, 0.4900107246850724)	(27.0, 0.09354750198533202)	(28.0, 0.19644975416919724)	(29.0, 0.2339279922366237)	(30.0, 0.30522269217688175)	(31.0, 0.47670710188286936)	(32.0, 0.7803777873589118)	(33.0, 1.7966273143551443)	(34.0, 3.223069384949421)	(35.0, 6.816892408583552)	(36.0, 8.01140652690805)	(37.0, 12.513802364101606)	(38.0, 11.041391501328231)	(39.0, 9.933768685353321)	(40.0, 11.629497478093214)	(41.0, 9.49943959800904)	(42.0, 4.934626141029518)	(43.0, 3.8386101383973745)	(44.0, 3.344359158944049)	(45.0, 2.915727734221357)	(46.0, 1.8840912364141034)	(47.0, 1.5767280576559988)	(48.0, 0.5635123333878332)	(49.0, 0.8127567914424545)	(50.0, 0.5967066082858544)	(51.0, 0.025098110288747616)	(52.0, 0.09354750198533202)	(53.0, 0.3430075072795507)	(54.0, 0.4365550092648826)	(55.0, 0.25725563045966304)	(56.0, 0.25725563045966304)	(57.0, 0.0)	(58.0, 0.0)	(59.0, 0.0)	(60.0, 0.0)	(61.0, 0.0)	(62.0, 0.0)	(63.0, 0.0)	(64.0, 0.0)	(65.0, 0.0)	(66.0, 0.0)	(67.0, 0.0)	(68.0, 0.0)	(69.0, 0.0)	(70.0, 0.0)	(71.0, 0.0)	(72.0, 0.0)	(73.0, 0.0)	(74.0, 0.0)	(75.0, 0.0)	(76.0, 0.0)	(77.0, 0.0)	(78.0, 0.3430075072795507)	(79.0, 0.0)	(80.0, 0.0)	(81.0, 0.0)	(82.0, 0.0)	(83.0, 0.0)	(84.0, 0.0)	(85.0, 0.0)	(86.0, 0.0)	(87.0, 0.0)	(88.0, 0.0)	(89.0, 0.0)	(90.0, 0.0)	(91.0, 0.0)	(92.0, 0.0)	(93.0, 0.0)	(94.0, 0.0)	(95.0, 0.0)	(96.0, 0.0)	(97.0, 0.0)	(98.0, 0.0)	(99.0, 0.0)	(100.0, 0.0)
FAY99780_pass_barcode01_98e12ebb_5ad7f319_59	(0.0, 0.0)	(1.0, 0.0)	(2.0, 0.0)	(3.0, 0.0)	(4.0, 0.0)	(5.0, 0.0)	(6.0, 0.0)	(7.0, 0.0)	(8.0, 0.0)	(9.0, 0.0)	(10.0, 0.0)	(11.0, 0.0)	(12.0, 0.0)	(13.0, 0.0)	(14.0, 0.0)	(15.0, 0.0)	(16.0, 0.0)	(17.0, 0.0)	(18.0, 0.0)	(19.0, 0.0)	(20.0, 0.0)	(21.0, 0.0)	(22.0, 0.0)	(23.0, 0.0)	(24.0, 0.0)	(25.0, 0.0)	(26.0, 0.0)	(27.0, 0.0)	(28.0, 0.27325816253751284)	(29.0, 0.23691142494632425)	(30.0, 0.39955395194560706)	(31.0, 0.3146807047833101)	(32.0, 0.8033855422492912)	(33.0, 2.8227189222645515)	(34.0, 3.4881467917113116)	(35.0, 6.979588054572049)	(36.0, 8.756356566964538)	(37.0, 12.710836508025672)	(38.0, 12.828599285926707)	(39.0, 11.365884308483745)	(40.0, 7.757284679924551)	(41.0, 7.42828854545889)	(42.0, 7.455308098376895)	(43.0, 4.487190754351354)	(44.0, 1.6928719935363534)	(45.0, 2.687574398604244)	(46.0, 2.795676528838864)	(47.0, 1.588801030753825)	(48.0, 0.42435385241119644)	(49.0, 0.7072564206853273)	(50.0, 0.050518315763237676)	(51.0, 0.0)	(52.0, 0.6188493680996614)	(53.0, 0.2652211577569978)	(54.0, 0.0)	(55.0, 0.0)	(56.0, 0.0)	(57.0, 0.0)	(58.0, 0.0)	(59.0, 0.0)	(60.0, 0.0)	(61.0, 0.0)	(62.0, 0.0)	(63.0, 0.0)	(64.0, 0.0)	(65.0, 0.0)	(66.0, 0.0)	(67.0, 0.0)	(68.0, 0.5304423155139956)	(69.0, 0.5304423155139956)	(70.0, 0.0)	(71.0, 0.0)	(72.0, 0.0)	(73.0, 0.0)	(74.0, 0.0)	(75.0, 0.0)	(76.0, 0.0)	(77.0, 0.0)	(78.0, 0.0)	(79.0, 0.0)	(80.0, 0.0)	(81.0, 0.0)	(82.0, 0.0)	(83.0, 0.0)	(84.0, 0.0)	(85.0, 0.0)	(86.0, 0.0)	(87.0, 0.0)	(88.0, 0.0)	(89.0, 0.0)	(90.0, 0.0)	(91.0, 0.0)	(92.0, 0.0)	(93.0, 0.0)	(94.0, 0.0)	(95.0, 0.0)	(96.0, 0.0)	(97.0, 0.0)	(98.0, 0.0)	(99.0, 0.0)	(100.0, 0.0)
FAY99780_pass_barcode01_98e12ebb_5ad7f319_6	(0.0, 0.0)	(1.0, 0.0)	(2.0, 0.0)	(3.0, 0.0)	(4.0, 0.0)	(5.0, 0.0)	(6.0, 0.0)	(7.0, 0.0)	(8.0, 0.0)	(9.0, 0.0)	(10.0, 0.0)	(11.0, 0.0)	(12.0, 0.0)	(13.0, 0.0)	(14.0, 0.0)	(15.0, 0.0)	(16.0, 0.0)	(17.0, 0.0)	(18.0, 0.0)	(19.0, 0.0)	(20.0, 0.0)	(21.0, 0.0)	(22.0, 0.0)	(23.0, 0.25308243669933395)	(24.0, 0.0)	(25.0, 0.0)	(26.0, 0.0)	(27.0, 0.38715172811166365)	(28.0, 0.16866562973806884)	(29.0, 0.8463937635933296)	(30.0, 1.0542963571730781)	(31.0, 1.686075864059573)	(32.0, 2.090395498999606)	(33.0, 3.2647370769161626)	(34.0, 3.2726644715920252)	(35.0, 6.418469112270457)	(36.0, 7.664987870724153)	(37.0, 10.625583064150424)	(38.0, 10.208971943921243)	(39.0, 11.414694708732858)	(40.0, 10.889388943396835)	(41.0, 10.405437843597085)	(42.0, 5.242001506840045)	(43.0, 4.430203836584009)	(44.0, 3.6101276572351884)	(45.0, 1.681847829338301)	(46.0, 1.1503747122696997)	(47.0, 0.759247310098002)	(48.0, 0.0)	(49.0, 0.40411550376183974)	(50.0, 0.379623655049001)	(51.0, 0.5209554054135642)	(52.0, 0.6327060917483349)	(53.0, 0.28471774128675076)	(54.0, 0.0)	(55.0, 0.0)	(56.0, 0.0)	(57.0, 0.0)	(58.0, 0.0)	(59.0, 0.25308243669933395)	(60.0, 0.0)	(61.0, 0.0)	(62.0, 0.0)	(63.0, 0.0)	(64.0, 0.0)	(65.0, 0.0)	(66.0, 0.0)	(67.0, 0.0)	(68.0, 0.0)	(69.0, 0.0)	(70.0, 0.0)	(71.0, 0.0)	(72.0, 0.0)	(73.0, 0.0)	(74.0, 0.0)	(75.0, 0.0)	(76.0, 0.0)	(77.0, 0.0)	(78.0, 0.0)	(79.0, 0.0)	(80.0, 0.0)	(81.0, 0.0)	(82.0, 0.0)	(83.0, 0.0)	(84.0, 0.0)	(85.0, 0.0)	(86.0, 0.0)	(87.0, 0.0)	(88.0, 0.0)	(89.0, 0.0)	(90.0, 0.0)	(91.0, 0.0)	(92.0, 0.0)	(93.0, 0.0)	(94.0, 0.0)	(95.0, 0.0)	(96.0, 0.0)	(97.0, 0.0)	(98.0, 0.0)	(99.0, 0.0)	(100.0, 0.0)
FAY99780_pass_barcode01_98e12ebb_5ad7f319_60	(0.0, 0.0)	(1.0, 0.0)	(2.0, 0.0)	(3.0, 0.0)	(4.0, 0.0)	(5.0, 0.0)	(6.0, 0.0)	(7.0, 0.0)	(8.0, 0.0)	(9.0, 0.0)	(10.0, 0.0)	(11.0, 0.0)	(12.0, 0.0)	(13.0, 0.0)	(14.0, 0.0)	(15.0, 0.0)	(16.0, 0.0)	(17.0, 0.0)	(18.0, 0.0)	(19.0, 0.0)	(20.0, 0.0)	(21.0, 0.0)	(22.0, 0.0)	(23.0, 0.0)	(24.0, 0.0)	(25.0, 0.0)	(26.0, 0.11962948118791153)	(27.0, 0.0)	(28.0, 0.6110943194880328)	(29.0, 1.6730586386661292)	(30.0, 1.411612058899788)	(31.0, 0.8121803212012761)	(32.0, 1.2235733485316123)	(33.0, 3.794117414094268)	(34.0, 5.783739804361903)	(35.0, 6.377366038502966)	(36.0, 7.539185560824997)	(37.0, 8.627957784712379)	(38.0, 11.582571448032322)	(39.0, 10.52856581115106)	(40.0, 10.357992122712261)	(41.0, 7.653500615536727)	(42.0, 5.396052510732773)	(43.0, 4.255850422029872)	(44.0, 3.212705597850809)	(45.0, 1.959721557147875)	(46.0, 0.9570358495032922)	(47.0, 0.9727249617902315)	(48.0, 0.7177768871274691)	(49.0, 0.7177768871274691)	(50.0, 0.4785179247516461)	(51.0, 0.524091060442279)	(52.0, 0.4785179247516461)	(53.0, 0.4785179247516461)	(54.0, 0.9570358495032922)	(55.0, 0.4785179247516461)	(56.0, 0.0)	(57.0, 0.0)	(58.0, 0.0)	(59.0, 0.0)	(60.0, 0.0)	(61.0, 0.0)	(62.0, 0.0)	(63.0, 0.0)	(64.0, 0.0)	(65.0, 0.0)	(66.0, 0.0)	(67.0, 0.0)	(68.0, 0.0)	(69.0, 0.0)	(70.0, 0.0)	(71.0, 0.0)	(72.0, 0.0)	(73.0, 0.0)	(74.0, 0.0)	(75.0, 0.0)	(76.0, 0.3190119498344307)	(77.0, 0.0)	(78.0, 0.0)	(79.0, 0.0)	(80.0, 0.0)	(81.0, 0.0)	(82.0, 0.0)	(83.0, 0.0)	(84.0, 0.0)	(85.0, 0.0)	(86.0, 0.0)	(87.0, 0.0)	(88.0, 0.0)	(89.0, 0.0)	(90.0, 0.0)	(91.0, 0.0)	(92.0, 0.0)	(93.0, 0.0)	(94.0, 0.0)	(95.0, 0.0)	(96.0, 0.0)	(97.0, 0.0)	(98.0, 0.0)	(99.0, 0.0)	(100.0, 0.0)
FAY99780_pass_barcode01_98e12ebb_5ad7f319_61	(0.0, 0.0)	(1.0, 0.0)	(2.0, 0.0)	(3.0, 0.0)	(4.0, 0.0)	(5.0, 0.0)	(6.0, 0.0)	(7.0, 0.0)	(8.0, 0.0)	(9.0, 0.0)	(10.0, 0.0)	(11.0, 0.0)	(12.0, 0.0)	(13.0, 0.0)	(14.0, 0.0)	(15.0, 0.0)	(16.0, 0.0)	(17.0, 0.0)	(18.0, 0.0)	(19.0, 0.0)	(20.0, 0.0)	(21.0, 0.0)	(22.0, 0.0)	(23.0, 0.0)	(24.0, 0.0)	(25.0, 0.14937301866277475)	(26.0, 0.30779894754753584)	(27.0, 0.20408680555740652)	(28.0, 0.10863492266383619)	(29.0, 0.5016106332584855)	(30.0, 0.6680773274962013)	(31.0, 1.5813168387169612)	(32.0, 1.7342921632265311)	(33.0, 2.393800513024432)	(34.0, 4.9468258517397325)	(35.0, 5.983495701910521)	(36.0, 9.569246587506107)	(37.0, 14.29760106852496)	(38.0, 10.331458446714993)	(39.0, 10.722374646478007)	(40.0, 10.463909341392146)	(41.0, 6.76843983284245)	(42.0, 4.505715035469743)	(43.0, 4.260806739971864)	(44.0, 4.310478538554357)	(45.0, 2.2396899889194226)	(46.0, 0.81624600362172)	(47.0, 0.2414109392529693)	(48.0, 0.5448989771709879)	(49.0, 0.16553892977346465)	(50.0, 0.9190859330130905)	(51.0, 0.3983280497673994)	(52.0, 0.1194984149302198)	(53.0, 0.1991640248836997)	(54.0, 0.5467957774079756)	(55.0, 0.0)	(56.0, 0.0)	(57.0, 0.0)	(58.0, 0.0)	(59.0, 0.0)	(60.0, 0.0)	(61.0, 0.0)	(62.0, 0.0)	(63.0, 0.0)	(64.0, 0.0)	(65.0, 0.0)	(66.0, 0.0)	(67.0, 0.0)	(68.0, 0.0)	(69.0, 0.0)	(70.0, 0.0)	(71.0, 0.0)	(72.0, 0.0)	(73.0, 0.0)	(74.0, 0.0)	(75.0, 0.0)	(76.0, 0.0)	(77.0, 0.0)	(78.0, 0.0)	(79.0, 0.0)	(80.0, 0.0)	(81.0, 0.0)	(82.0, 0.0)	(83.0, 0.0)	(84.0, 0.0)	(85.0, 0.0)	(86.0, 0.0)	(87.0, 0.0)	(88.0, 0.0)	(89.0, 0.0)	(90.0, 0.0)	(91.0, 0.0)	(92.0, 0.0)	(93.0, 0.0)	(94.0, 0.0)	(95.0, 0.0)	(96.0, 0.0)	(97.0, 0.0)	(98.0, 0.0)	(99.0, 0.0)	(100.0, 0.0)
FAY99780_pass_barcode01_98e12ebb_5ad7f319_62	(0.0, 0.0)	(1.0, 0.0)	(2.0, 0.0)	(3.0, 0.0)	(4.0, 0.0)	(5.0, 0.0)	(6.0, 0.0)	(7.0, 0.0)	(8.0, 0.0)	(9.0, 0.0)	(10.0, 0.0)	(11.0, 0.0)	(12.0, 0.0)	(13.0, 0.0)	(14.0, 0.0)	(15.0, 0.0)	(16.0, 0.0)	(17.0, 0.0)	(18.0, 0.0)	(19.0, 0.0)	(20.0, 0.0)	(21.0, 0.0)	(22.0, 0.0)	(23.0, 0.0)	(24.0, 0.0)	(25.0, 0.0)	(26.0, 0.8596996756677701)	(27.0, 0.5389162145977064)	(28.0, 0.09798476629049209)	(29.0, 0.9961784572866696)	(30.0, 1.084581563865007)	(31.0, 0.8100855548807283)	(32.0, 1.0709189664608387)	(33.0, 1.6312610004582853)	(34.0, 3.712350356164763)	(35.0, 3.623493818305305)	(36.0, 6.886743792744324)	(37.0, 9.908633460154114)	(38.0, 11.034171764087022)	(39.0, 11.718953154917354)	(40.0, 6.422870076220827)	(41.0, 7.343258062031735)	(42.0, 5.896392636353596)	(43.0, 2.8289652704215205)	(44.0, 2.377922986805845)	(45.0, 1.8839164567579472)	(46.0, 0.8806964113014468)	(47.0, 0.5291177379686574)	(48.0, 0.5389162145977064)	(49.0, 1.146827167051794)	(50.0, 2.4946605417668026)	(51.0, 1.8323151296322022)	(52.0, 1.413158073833986)	(53.0, 1.9760261201915905)	(54.0, 1.0778324291954129)	(55.0, 1.1856156721149544)	(56.0, 1.0778324291954129)	(57.0, 1.0778324291954129)	(58.0, 1.0778324291954129)	(59.0, 1.0778324291954129)	(60.0, 1.0778324291954129)	(61.0, 0.5389162145977064)	(62.0, 0.0)	(63.0, 0.1347290536494266)	(64.0, 0.1347290536494266)	(65.0, 0.0)	(66.0, 0.0)	(67.0, 0.0)	(68.0, 0.0)	(69.0, 0.0)	(70.0, 0.0)	(71.0, 0.0)	(72.0, 0.0)	(73.0, 0.0)	(74.0, 0.0)	(75.0, 0.0)	(76.0, 0.0)	(77.0, 0.0)	(78.0, 0.0)	(79.0, 0.0)	(80.0, 0.0)	(81.0, 0.0)	(82.0, 0.0)	(83.0, 0.0)	(84.0, 0.0)	(85.0, 0.0)	(86.0, 0.0)	(87.0, 0.0)	(88.0, 0.0)	(89.0, 0.0)	(90.0, 0.0)	(91.0, 0.0)	(92.0, 0.0)	(93.0, 0.0)	(94.0, 0.0)	(95.0, 0.0)	(96.0, 0.0)	(97.0, 0.0)	(98.0, 0.0)	(99.0, 0.0)	(100.0, 0.0)
FAY99780_pass_barcode01_98e12ebb_5ad7f319_63	(0.0, 0.0)	(1.0, 0.0)	(2.0, 0.0)	(3.0, 0.0)	(4.0, 0.0)	(5.0, 0.0)	(6.0, 0.0)	(7.0, 0.0)	(8.0, 0.0)	(9.0, 0.0)	(10.0, 0.0)	(11.0, 0.0)	(12.0, 0.0)	(13.0, 0.0)	(14.0, 0.0)	(15.0, 0.0)	(16.0, 0.0)	(17.0, 0.0)	(18.0, 0.0)	(19.0, 0.0)	(20.0, 0.0)	(21.0, 0.0)	(22.0, 0.0)	(23.0, 0.0)	(24.0, 0.32921705293097103)	(25.0, 0.987651158792913)	(26.0, 1.3168682117238841)	(27.0, 1.5027165480558837)	(28.0, 1.452835176399676)	(29.0, 0.9230035974256345)	(30.0, 1.169047937121426)	(31.0, 1.2357365664704485)	(32.0, 1.8156907468236776)	(33.0, 1.986324690284618)	(34.0, 2.541851401849854)	(35.0, 5.116616265989932)	(36.0, 5.880282474764754)	(37.0, 7.1813603568360165)	(38.0, 8.299112517202838)	(39.0, 7.866473043767044)	(40.0, 6.589739115376865)	(41.0, 5.656254629541273)	(42.0, 5.831396342651554)	(43.0, 2.839729833034608)	(44.0, 3.0356377607920706)	(45.0, 3.6458102986795438)	(46.0, 1.6305530977082472)	(47.0, 0.6584341058619421)	(48.0, 1.0973901764365699)	(49.0, 1.0425206676147416)	(50.0, 0.7496457568904361)	(51.0, 0.7182917518493912)	(52.0, 0.6584341058619421)	(53.0, 0.6584341058619421)	(54.0, 0.6584341058619421)	(55.0, 0.877912141149256)	(56.0, 1.0425206676147416)	(57.0, 0.6584341058619421)	(58.0, 0.6584341058619421)	(59.0, 0.6584341058619421)	(60.0, 0.6584341058619421)	(61.0, 0.6584341058619421)	(62.0, 0.6584341058619421)	(63.0, 0.6584341058619421)	(64.0, 0.6584341058619421)	(65.0, 0.6584341058619421)	(66.0, 0.6584341058619421)	(67.0, 0.6584341058619421)	(68.0, 0.8230426323274275)	(69.0, 0.6584341058619421)	(70.0, 0.6584341058619421)	(71.0, 0.6584341058619421)	(72.0, 0.6584341058619421)	(73.0, 0.987651158792913)	(74.0, 0.987651158792913)	(75.0, 0.32921705293097103)	(76.0, 0.0)	(77.0, 0.0)	(78.0, 0.0)	(79.0, 0.0)	(80.0, 0.0)	(81.0, 0.0)	(82.0, 0.0)	(83.0, 0.0)	(84.0, 0.0)	(85.0, 0.0)	(86.0, 0.0)	(87.0, 0.0)	(88.0, 0.0)	(89.0, 0.0)	(90.0, 0.0)	(91.0, 0.0)	(92.0, 0.0)	(93.0, 0.0)	(94.0, 0.0)	(95.0, 0.0)	(96.0, 0.0)	(97.0, 0.0)	(98.0, 0.0)	(99.0, 0.0)	(100.0, 0.0)
FAY99780_pass_barcode01_98e12ebb_5ad7f319_64	(0.0, 0.0)	(1.0, 0.0)	(2.0, 0.0)	(3.0, 0.0)	(4.0, 0.0)	(5.0, 0.0)	(6.0, 0.0)	(7.0, 0.0)	(8.0, 0.0)	(9.0, 0.0)	(10.0, 0.0)	(11.0, 0.0)	(12.0, 0.0)	(13.0, 0.0)	(14.0, 0.0)	(15.0, 0.0)	(16.0, 0.0)	(17.0, 0.0)	(18.0, 0.0)	(19.0, 0.0)	(20.0, 0.0)	(21.0, 0.0)	(22.0, 0.0)	(23.0, 0.0)	(24.0, 0.0)	(25.0, 0.0)	(26.0, 0.5089603083565764)	(27.0, 0.39989738513731)	(28.0, 0.6956740225314956)	(29.0, 1.3152595182030073)	(30.0, 0.876299942288894)	(31.0, 0.5932200798646665)	(32.0, 3.140159628543065)	(33.0, 2.731953234565304)	(34.0, 3.6087509930161197)	(35.0, 3.999857538324992)	(36.0, 7.799487015065239)	(37.0, 11.765647143144378)	(38.0, 11.021871067554613)	(39.0, 11.743886530587972)	(40.0, 10.119475123350783)	(41.0, 8.950781274549179)	(42.0, 4.657107169464206)	(43.0, 4.867019506535334)	(44.0, 1.795997736788094)	(45.0, 0.967224524957608)	(46.0, 1.5087037711998512)	(47.0, 1.3087550786311963)	(48.0, 0.39989738513731)	(49.0, 0.999743462843275)	(50.0, 1.3487448171449272)	(51.0, 0.4580642775209188)	(52.0, 0.0)	(53.0, 0.10906292321926639)	(54.0, 0.3090116157879214)	(55.0, 0.0)	(56.0, 0.39989738513731)	(57.0, 0.0)	(58.0, 0.0)	(59.0, 0.0)	(60.0, 0.0)	(61.0, 0.0)	(62.0, 0.0)	(63.0, 0.0)	(64.0, 0.0)	(65.0, 0.0)	(66.0, 0.0)	(67.0, 0.0)	(68.0, 0.5998460777059651)	(69.0, 0.5998460777059651)	(70.0, 0.0)	(71.0, 0.39989738513731)	(72.0, 0.0)	(73.0, 0.0)	(74.0, 0.0)	(75.0, 0.0)	(76.0, 0.0)	(77.0, 0.0)	(78.0, 0.0)	(79.0, 0.0)	(80.0, 0.0)	(81.0, 0.0)	(82.0, 0.0)	(83.0, 0.0)	(84.0, 0.0)	(85.0, 0.0)	(86.0, 0.0)	(87.0, 0.0)	(88.0, 0.0)	(89.0, 0.0)	(90.0, 0.0)	(91.0, 0.0)	(92.0, 0.0)	(93.0, 0.0)	(94.0, 0.0)	(95.0, 0.0)	(96.0, 0.0)	(97.0, 0.0)	(98.0, 0.0)	(99.0, 0.0)	(100.0, 0.0)
FAY99780_pass_barcode01_98e12ebb_5ad7f319_65	(0.0, 0.0)	(1.0, 0.0)	(2.0, 0.0)	(3.0, 0.0)	(4.0, 0.0)	(5.0, 0.0)	(6.0, 0.0)	(7.0, 0.0)	(8.0, 0.0)	(9.0, 0.0)	(10.0, 0.0)	(11.0, 0.0)	(12.0, 0.0)	(13.0, 0.0)	(14.0, 0.0)	(15.0, 0.0)	(16.0, 0.0)	(17.0, 0.0)	(18.0, 0.0)	(19.0, 0.0)	(20.0, 0.0)	(21.0, 0.0)	(22.0, 0.0)	(23.0, 0.0)	(24.0, 0.0)	(25.0, 0.0)	(26.0, 0.0)	(27.0, 0.05490596231974987)	(28.0, 0.0296747463161627)	(29.0, 0.2464826100674485)	(30.0, 0.834912600325151)	(31.0, 1.2810839271038703)	(32.0, 1.9312487236351399)	(33.0, 3.1044514079887566)	(34.0, 2.988423471528715)	(35.0, 5.107077773164359)	(36.0, 7.473026636815637)	(37.0, 9.1901071369827)	(38.0, 8.470976013498605)	(39.0, 10.888365939781359)	(40.0, 9.348370811864754)	(41.0, 8.1839497319932)	(42.0, 7.29448455771642)	(43.0, 6.372785161126828)	(44.0, 3.533983178180671)	(45.0, 2.2571124944923255)	(46.0, 1.4106953090577035)	(47.0, 0.9625920932393741)	(48.0, 0.752370831497442)	(49.0, 0.6668741461000054)	(50.0, 1.128556247246163)	(51.0, 0.5642781236230815)	(52.0, 0.6018966651979535)	(53.0, 0.376185415748721)	(54.0, 0.9404635393718023)	(55.0, 1.166174788821035)	(56.0, 0.376185415748721)	(57.0, 0.376185415748721)	(58.0, 0.0)	(59.0, 0.0)	(60.0, 0.0)	(61.0, 0.0)	(62.0, 0.2906887303512844)	(63.0, 0.2906887303512844)	(64.0, 0.0)	(65.0, 0.0)	(66.0, 0.0)	(67.0, 0.0)	(68.0, 0.0)	(69.0, 0.0)	(70.0, 0.0)	(71.0, 0.0)	(72.0, 0.752370831497442)	(73.0, 0.752370831497442)	(74.0, 0.0)	(75.0, 0.0)	(76.0, 0.0)	(77.0, 0.0)	(78.0, 0.0)	(79.0, 0.0)	(80.0, 0.0)	(81.0, 0.0)	(82.0, 0.0)	(83.0, 0.0)	(84.0, 0.0)	(85.0, 0.0)	(86.0, 0.0)	(87.0, 0.0)	(88.0, 0.0)	(89.0, 0.0)	(90.0, 0.0)	(91.0, 0.0)	(92.0, 0.0)	(93.0, 0.0)	(94.0, 0.0)	(95.0, 0.0)	(96.0, 0.0)	(97.0, 0.0)	(98.0, 0.0)	(99.0, 0.0)	(100.0, 0.0)
FAY99780_pass_barcode01_98e12ebb_5ad7f319_66	(0.0, 0.0)	(1.0, 0.0)	(2.0, 0.0)	(3.0, 0.0)	(4.0, 0.0)	(5.0, 0.0)	(6.0, 0.0)	(7.0, 0.0)	(8.0, 0.0)	(9.0, 0.0)	(10.0, 0.0)	(11.0, 0.0)	(12.0, 0.0)	(13.0, 0.0)	(14.0, 0.0)	(15.0, 0.0)	(16.0, 0.6455276524390289)	(17.0, 0.6455276524390289)	(18.0, 0.0)	(19.0, 0.0)	(20.0, 0.0)	(21.0, 0.0)	(22.0, 0.0)	(23.0, 0.0)	(24.0, 0.0)	(25.0, 0.0)	(26.0, 0.43035176829268595)	(27.0, 0.43035176829268595)	(28.0, 0.4733869451219546)	(29.0, 0.7070064764808413)	(30.0, 2.039448956998496)	(31.0, 1.577153511247166)	(32.0, 1.638706072036865)	(33.0, 2.699402087081398)	(34.0, 3.4214826622435)	(35.0, 5.219889890008512)	(36.0, 8.06927646653046)	(37.0, 12.924424568394363)	(38.0, 12.331308584563365)	(39.0, 15.383684871421648)	(40.0, 9.424243983509738)	(41.0, 5.665012648700643)	(42.0, 3.21369947395834)	(43.0, 1.8329163185369046)	(44.0, 2.233823756585909)	(45.0, 2.645685302799354)	(46.0, 2.2593467835366012)	(47.0, 1.2910553048780578)	(48.0, 1.1834673628048862)	(49.0, 0.32276382621951444)	(50.0, 0.0)	(51.0, 0.0)	(52.0, 0.0)	(53.0, 0.32276382621951444)	(54.0, 0.32276382621951444)	(55.0, 0.0)	(56.0, 0.0)	(57.0, 0.0)	(58.0, 0.0)	(59.0, 0.0)	(60.0, 0.0)	(61.0, 0.0)	(62.0, 0.0)	(63.0, 0.0)	(64.0, 0.0)	(65.0, 0.0)	(66.0, 0.0)	(67.0, 0.0)	(68.0, 0.0)	(69.0, 0.0)	(70.0, 0.0)	(71.0, 0.32276382621951444)	(72.0, 0.32276382621951444)	(73.0, 0.0)	(74.0, 0.0)	(75.0, 0.0)	(76.0, 0.0)	(77.0, 0.0)	(78.0, 0.0)	(79.0, 0.0)	(80.0, 0.0)	(81.0, 0.0)	(82.0, 0.0)	(83.0, 0.0)	(84.0, 0.0)	(85.0, 0.0)	(86.0, 0.0)	(87.0, 0.0)	(88.0, 0.0)	(89.0, 0.0)	(90.0, 0.0)	(91.0, 0.0)	(92.0, 0.0)	(93.0, 0.0)	(94.0, 0.0)	(95.0, 0.0)	(96.0, 0.0)	(97.0, 0.0)	(98.0, 0.0)	(99.0, 0.0)	(100.0, 0.0)
FAY99780_pass_barcode01_98e12ebb_5ad7f319_67	(0.0, 0.0)	(1.0, 0.0)	(2.0, 0.0)	(3.0, 0.0)	(4.0, 0.0)	(5.0, 0.0)	(6.0, 0.0)	(7.0, 0.0)	(8.0, 0.0)	(9.0, 0.0)	(10.0, 0.0)	(11.0, 0.0)	(12.0, 0.0)	(13.0, 0.0)	(14.0, 0.0)	(15.0, 0.0)	(16.0, 0.0)	(17.0, 0.0)	(18.0, 0.0)	(19.0, 0.0)	(20.0, 0.0)	(21.0, 0.0)	(22.0, 0.0)	(23.0, 0.0)	(24.0, 0.0)	(25.0, 0.0)	(26.0, 0.1936836974188586)	(27.0, 0.27397167448157256)	(28.0, 0.6548976757319129)	(29.0, 0.8268133365128478)	(30.0, 0.46448736196721996)	(31.0, 1.0034898948934774)	(32.0, 1.2099792735465644)	(33.0, 1.5264155524061866)	(34.0, 4.5031637379251395)	(35.0, 4.7524750888610034)	(36.0, 9.36620646240118)	(37.0, 10.669646018846795)	(38.0, 11.828693947370551)	(39.0, 10.602993444279592)	(40.0, 9.438167610777278)	(41.0, 9.969587003033793)	(42.0, 6.170914016653918)	(43.0, 4.675650455262267)	(44.0, 2.3285782981503593)	(45.0, 2.6440374061890846)	(46.0, 1.669962729686139)	(47.0, 1.1433048723557933)	(48.0, 0.8187538118160842)	(49.0, 1.900590680281781)	(50.0, 0.9736531816191271)	(51.0, 0.3898827675314686)	(52.0, 0.0)	(53.0, 0.0)	(54.0, 0.0)	(55.0, 0.0)	(56.0, 0.0)	(57.0, 0.0)	(58.0, 0.0)	(59.0, 0.0)	(60.0, 0.0)	(61.0, 0.0)	(62.0, 0.0)	(63.0, 0.0)	(64.0, 0.0)	(65.0, 0.0)	(66.0, 0.0)	(67.0, 0.0)	(68.0, 0.0)	(69.0, 0.0)	(70.0, 0.0)	(71.0, 0.0)	(72.0, 0.0)	(73.0, 0.0)	(74.0, 0.0)	(75.0, 0.0)	(76.0, 0.0)	(77.0, 0.0)	(78.0, 0.0)	(79.0, 0.0)	(80.0, 0.0)	(81.0, 0.0)	(82.0, 0.0)	(83.0, 0.0)	(84.0, 0.0)	(85.0, 0.0)	(86.0, 0.0)	(87.0, 0.0)	(88.0, 0.0)	(89.0, 0.0)	(90.0, 0.0)	(91.0, 0.0)	(92.0, 0.0)	(93.0, 0.0)	(94.0, 0.0)	(95.0, 0.0)	(96.0, 0.0)	(97.0, 0.0)	(98.0, 0.0)	(99.0, 0.0)	(100.0, 0.0)
FAY99780_pass_barcode01_98e12ebb_5ad7f319_68	(0.0, 0.0)	(1.0, 0.0)	(2.0, 0.0)	(3.0, 0.0)	(4.0, 0.0)	(5.0, 0.0)	(6.0, 0.0)	(7.0, 0.0)	(8.0, 0.0)	(9.0, 0.0)	(10.0, 0.0)	(11.0, 0.0)	(12.0, 0.0)	(13.0, 0.0)	(14.0, 0.0)	(15.0, 0.0)	(16.0, 0.0)	(17.0, 0.0)	(18.0, 0.0)	(19.0, 0.0)	(20.0, 0.0)	(21.0, 0.0)	(22.0, 0.0)	(23.0, 0.0)	(24.0, 0.0)	(25.0, 0.27771537514721806)	(26.0, 0.27771537514721806)	(27.0, 0.2475423077808906)	(28.0, 0.29803601235311206)	(29.0, 0.6662210300640157)	(30.0, 0.549544884742304)	(31.0, 0.6439192714610673)	(32.0, 1.6210423387910202)	(33.0, 2.0513330475232494)	(34.0, 2.84419852509056)	(35.0, 4.112667534279576)	(36.0, 5.968029718792757)	(37.0, 8.099412305000065)	(38.0, 9.39281447668631)	(39.0, 11.743047186155774)	(40.0, 9.275365668513698)	(41.0, 6.86160748147764)	(42.0, 5.74714550037028)	(43.0, 3.857454344576011)	(44.0, 3.5667834644644674)	(45.0, 3.7065985849194285)	(46.0, 0.999775350529985)	(47.0, 0.8331461254416541)	(48.0, 1.0414326568020678)	(49.0, 0.860021806907514)	(50.0, 1.1108615005888722)	(51.0, 1.6067818133517617)	(52.0, 1.3254597450208134)	(53.0, 0.8331461254416541)	(54.0, 1.0414326568020678)	(55.0, 1.0414326568020678)	(56.0, 0.8331461254416541)	(57.0, 0.8331461254416541)	(58.0, 0.8331461254416541)	(59.0, 0.8331461254416541)	(60.0, 0.8331461254416541)	(61.0, 0.8331461254416541)	(62.0, 1.0414326568020678)	(63.0, 0.6248595940812406)	(64.0, 0.0)	(65.0, 0.0)	(66.0, 0.41657306272082706)	(67.0, 0.41657306272082706)	(68.0, 0.0)	(69.0, 0.0)	(70.0, 0.0)	(71.0, 0.0)	(72.0, 0.0)	(73.0, 0.0)	(74.0, 0.0)	(75.0, 0.0)	(76.0, 0.0)	(77.0, 0.0)	(78.0, 0.0)	(79.0, 0.0)	(80.0, 0.0)	(81.0, 0.0)	(82.0, 0.0)	(83.0, 0.0)	(84.0, 0.0)	(85.0, 0.0)	(86.0, 0.0)	(87.0, 0.0)	(88.0, 0.0)	(89.0, 0.0)	(90.0, 0.0)	(91.0, 0.0)	(92.0, 0.0)	(93.0, 0.0)	(94.0, 0.0)	(95.0, 0.0)	(96.0, 0.0)	(97.0, 0.0)	(98.0, 0.0)	(99.0, 0.0)	(100.0, 0.0)
FAY99780_pass_barcode01_98e12ebb_5ad7f319_69	(0.0, 0.0)	(1.0, 0.0)	(2.0, 0.0)	(3.0, 0.0)	(4.0, 0.0)	(5.0, 0.0)	(6.0, 0.0)	(7.0, 0.0)	(8.0, 0.0)	(9.0, 0.0)	(10.0, 0.0)	(11.0, 0.0)	(12.0, 0.0)	(13.0, 0.0)	(14.0, 0.0)	(15.0, 0.0)	(16.0, 0.0)	(17.0, 0.0)	(18.0, 0.0)	(19.0, 0.0)	(20.0, 0.0)	(21.0, 0.0)	(22.0, 0.0)	(23.0, 0.0)	(24.0, 0.0)	(25.0, 0.0)	(26.0, 0.0)	(27.0, 0.09828080244120022)	(28.0, 0.46332378293708665)	(29.0, 0.11947862257557673)	(30.0, 0.9355279623426814)	(31.0, 1.996649428796983)	(32.0, 1.446050101757032)	(33.0, 3.6160120573064307)	(34.0, 4.3983815174639975)	(35.0, 3.8567004831033342)	(36.0, 5.784153433635821)	(37.0, 10.483094941455034)	(38.0, 10.122618244023554)	(39.0, 11.341362480637947)	(40.0, 11.72962150916864)	(41.0, 8.092707953286718)	(42.0, 9.183496628618942)	(43.0, 6.514507283365062)	(44.0, 2.9936644426137016)	(45.0, 1.786290710798069)	(46.0, 2.0720869181353043)	(47.0, 0.5405444134266011)	(48.0, 0.6458617521928167)	(49.0, 0.7289159514389016)	(50.0, 0.1497612227675432)	(51.0, 0.0)	(52.0, 0.18018147114220037)	(53.0, 0.0)	(54.0, 0.0)	(55.0, 0.0)	(56.0, 0.0)	(57.0, 0.0)	(58.0, 0.0)	(59.0, 0.0)	(60.0, 0.0)	(61.0, 0.0)	(62.0, 0.36036294228440074)	(63.0, 0.36036294228440074)	(64.0, 0.0)	(65.0, 0.0)	(66.0, 0.0)	(67.0, 0.0)	(68.0, 0.0)	(69.0, 0.0)	(70.0, 0.0)	(71.0, 0.0)	(72.0, 0.0)	(73.0, 0.0)	(74.0, 0.0)	(75.0, 0.0)	(76.0, 0.0)	(77.0, 0.0)	(78.0, 0.0)	(79.0, 0.0)	(80.0, 0.0)	(81.0, 0.0)	(82.0, 0.0)	(83.0, 0.0)	(84.0, 0.0)	(85.0, 0.0)	(86.0, 0.0)	(87.0, 0.0)	(88.0, 0.0)	(89.0, 0.0)	(90.0, 0.0)	(91.0, 0.0)	(92.0, 0.0)	(93.0, 0.0)	(94.0, 0.0)	(95.0, 0.0)	(96.0, 0.0)	(97.0, 0.0)	(98.0, 0.0)	(99.0, 0.0)	(100.0, 0.0)
FAY99780_pass_barcode01_98e12ebb_5ad7f319_7	(0.0, 0.0)	(1.0, 0.0)	(2.0, 0.0)	(3.0, 0.0)	(4.0, 0.0)	(5.0, 0.0)	(6.0, 0.0)	(7.0, 0.0)	(8.0, 0.0)	(9.0, 0.0)	(10.0, 0.0)	(11.0, 0.0)	(12.0, 0.0)	(13.0, 0.0)	(14.0, 0.0)	(15.0, 0.0)	(16.0, 0.0)	(17.0, 0.0)	(18.0, 0.0)	(19.0, 0.0)	(20.0, 0.0)	(21.0, 0.1399583636695758)	(22.0, 0.0)	(23.0, 0.0699791818347879)	(24.0, 0.0)	(25.0, 0.03332341992132757)	(26.0, 0.15109141532511025)	(27.0, 0.43219465837358184)	(28.0, 0.5673109050021133)	(29.0, 1.0757057393688112)	(30.0, 1.5276368618785616)	(31.0, 2.101942709500417)	(32.0, 2.5729367474981264)	(33.0, 2.9853823168330083)	(34.0, 4.04568288544889)	(35.0, 6.317410966676254)	(36.0, 7.1318141104139645)	(37.0, 11.39728336075747)	(38.0, 10.756672807551706)	(39.0, 11.05294471344126)	(40.0, 8.644370805686453)	(41.0, 7.055205081440656)	(42.0, 5.479785495361742)	(43.0, 3.601979205133375)	(44.0, 1.9063064657526256)	(45.0, 1.829455753680884)	(46.0, 2.8779198404711885)	(47.0, 2.073803739756415)	(48.0, 1.0146981366044245)	(49.0, 0.9556296874212972)	(50.0, 0.430581440336001)	(51.0, 0.5474177933850344)	(52.0, 0.3498959091739395)	(53.0, 0.20357580170120115)	(54.0, 0.06361743803162537)	(55.0, 0.0)	(56.0, 0.0)	(57.0, 0.0)	(58.0, 0.0)	(59.0, 0.0)	(60.0, 0.0)	(61.0, 0.0)	(62.0, 0.0)	(63.0, 0.23326393944929302)	(64.0, 0.23326393944929302)	(65.0, 0.1399583636695758)	(66.0, 0.0)	(67.0, 0.0)	(68.0, 0.0)	(69.0, 0.0)	(70.0, 0.0)	(71.0, 0.0)	(72.0, 0.0)	(73.0, 0.0)	(74.0, 0.0)	(75.0, 0.0)	(76.0, 0.0)	(77.0, 0.0)	(78.0, 0.0)	(79.0, 0.0)	(80.0, 0.0)	(81.0, 0.0)	(82.0, 0.0)	(83.0, 0.0)	(84.0, 0.0)	(85.0, 0.0)	(86.0, 0.0)	(87.0, 0.0)	(88.0, 0.0)	(89.0, 0.0)	(90.0, 0.0)	(91.0, 0.0)	(92.0, 0.0)	(93.0, 0.0)	(94.0, 0.0)	(95.0, 0.0)	(96.0, 0.0)	(97.0, 0.0)	(98.0, 0.0)	(99.0, 0.0)	(100.0, 0.0)
FAY99780_pass_barcode01_98e12ebb_5ad7f319_70	(0.0, 0.0)	(1.0, 0.0)	(2.0, 0.0)	(3.0, 0.0)	(4.0, 0.0)	(5.0, 0.0)	(6.0, 0.0)	(7.0, 0.0)	(8.0, 0.0)	(9.0, 0.0)	(10.0, 0.0)	(11.0, 0.0)	(12.0, 0.0)	(13.0, 0.0)	(14.0, 0.0)	(15.0, 0.0)	(16.0, 0.0)	(17.0, 0.0)	(18.0, 0.0)	(19.0, 0.0)	(20.0, 0.0)	(21.0, 0.0)	(22.0, 0.0)	(23.0, 0.23993050116632825)	(24.0, 0.0)	(25.0, 0.0)	(26.0, 0.5998262529158206)	(27.0, 0.7324081697813496)	(28.0, 0.4469293649176702)	(29.0, 0.8768148989258836)	(30.0, 1.9378095029844535)	(31.0, 1.4653648447519945)	(32.0, 2.6797567370042334)	(33.0, 2.4162483669754176)	(34.0, 3.2285645541981385)	(35.0, 5.713266784755155)	(36.0, 6.261574397474296)	(37.0, 8.090251783394681)	(38.0, 14.48221829932802)	(39.0, 13.063052930255225)	(40.0, 8.366590148685514)	(41.0, 5.557161360508953)	(42.0, 5.080219862865065)	(43.0, 4.374706838094928)	(44.0, 2.793952601875358)	(45.0, 3.2881384591658165)	(46.0, 2.399305011663282)	(47.0, 0.9997104215263675)	(48.0, 0.0)	(49.0, 0.39988416861054704)	(50.0, 0.24754734247319576)	(51.0, 0.6997972950684572)	(52.0, 0.2999131264579103)	(53.0, 0.7197915034989846)	(54.0, 0.8997393793737308)	(55.0, 0.0)	(56.0, 0.0)	(57.0, 0.19994208430527352)	(58.0, 0.8397567540821487)	(59.0, 0.5998262529158206)	(60.0, 0.0)	(61.0, 0.0)	(62.0, 0.0)	(63.0, 0.0)	(64.0, 0.0)	(65.0, 0.0)	(66.0, 0.0)	(67.0, 0.0)	(68.0, 0.0)	(69.0, 0.0)	(70.0, 0.0)	(71.0, 0.0)	(72.0, 0.0)	(73.0, 0.0)	(74.0, 0.0)	(75.0, 0.0)	(76.0, 0.0)	(77.0, 0.0)	(78.0, 0.0)	(79.0, 0.0)	(80.0, 0.0)	(81.0, 0.0)	(82.0, 0.0)	(83.0, 0.0)	(84.0, 0.0)	(85.0, 0.0)	(86.0, 0.0)	(87.0, 0.0)	(88.0, 0.0)	(89.0, 0.0)	(90.0, 0.0)	(91.0, 0.0)	(92.0, 0.0)	(93.0, 0.0)	(94.0, 0.0)	(95.0, 0.0)	(96.0, 0.0)	(97.0, 0.0)	(98.0, 0.0)	(99.0, 0.0)	(100.0, 0.0)
FAY99780_pass_barcode01_98e12ebb_5ad7f319_71	(0.0, 0.7697820640035977)	(1.0, 0.7697820640035977)	(2.0, 0.7697820640035977)	(3.0, 0.7697820640035977)	(4.0, 0.7697820640035977)	(5.0, 0.7697820640035977)	(6.0, 0.7697820640035977)	(7.0, 0.7697820640035977)	(8.0, 0.7697820640035977)	(9.0, 0.7697820640035977)	(10.0, 0.7697820640035977)	(11.0, 0.7697820640035977)	(12.0, 0.7697820640035977)	(13.0, 0.7697820640035977)	(14.0, 0.7697820640035977)	(15.0, 0.7697820640035977)	(16.0, 0.7697820640035977)	(17.0, 0.7697820640035977)	(18.0, 0.7697820640035977)	(19.0, 0.7697820640035977)	(20.0, 0.7697820640035977)	(21.0, 1.1546730960053966)	(22.0, 1.5395641280071954)	(23.0, 1.5395641280071954)	(24.0, 1.2316513024057565)	(25.0, 0.8467602704039576)	(26.0, 0.7697820640035977)	(27.0, 0.7999695959253076)	(28.0, 0.8797509302898261)	(29.0, 1.2613095724041634)	(30.0, 1.624237125602239)	(31.0, 1.2926735578244424)	(32.0, 2.389628346897662)	(33.0, 2.2894698554575195)	(34.0, 3.2601550951656164)	(35.0, 4.628143898328449)	(36.0, 7.053594426775916)	(37.0, 7.81807448329521)	(38.0, 8.510819914151933)	(39.0, 7.758558121148249)	(40.0, 6.556138407633163)	(41.0, 5.614521897675018)	(42.0, 3.2166905534789554)	(43.0, 2.4051361772743647)	(44.0, 1.4168542452238264)	(45.0, 1.152840281567293)	(46.0, 1.1161839928052169)	(47.0, 1.713681499627057)	(48.0, 1.4112671173399292)	(49.0, 0.7697820640035977)	(50.0, 0.6602602256291021)	(51.0, 0.036656288762076085)	(52.0, 0.0)	(53.0, 0.0)	(54.0, 0.0)	(55.0, 0.19244551600089943)	(56.0, 0.0)	(57.0, 0.0)	(58.0, 0.0)	(59.0, 0.0)	(60.0, 0.0)	(61.0, 0.38489103200179886)	(62.0, 0.38489103200179886)	(63.0, 0.0)	(64.0, 0.0)	(65.0, 0.15395641280071956)	(66.0, 0.0)	(67.0, 0.0)	(68.0, 0.0)	(69.0, 0.0)	(70.0, 0.0)	(71.0, 0.0)	(72.0, 0.0)	(73.0, 0.0)	(74.0, 0.0)	(75.0, 0.0)	(76.0, 0.0)	(77.0, 0.0)	(78.0, 0.0)	(79.0, 0.0)	(80.0, 0.0)	(81.0, 0.0)	(82.0, 0.0)	(83.0, 0.0)	(84.0, 0.0)	(85.0, 0.0)	(86.0, 0.0)	(87.0, 0.0)	(88.0, 0.0)	(89.0, 0.0)	(90.0, 0.0)	(91.0, 0.0)	(92.0, 0.0)	(93.0, 0.0)	(94.0, 0.0)	(95.0, 0.0)	(96.0, 0.0)	(97.0, 0.0)	(98.0, 0.0)	(99.0, 0.0)	(100.0, 0.0)
FAY99780_pass_barcode01_98e12ebb_5ad7f319_72	(0.0, 0.0)	(1.0, 0.0)	(2.0, 0.0)	(3.0, 0.0)	(4.0, 0.0)	(5.0, 0.0)	(6.0, 0.0)	(7.0, 0.0)	(8.0, 0.0)	(9.0, 0.0)	(10.0, 0.0)	(11.0, 0.0)	(12.0, 0.0)	(13.0, 0.0)	(14.0, 0.0)	(15.0, 0.0)	(16.0, 0.0)	(17.0, 0.0)	(18.0, 0.0)	(19.0, 0.0)	(20.0, 0.0)	(21.0, 0.0)	(22.0, 0.0)	(23.0, 0.0)	(24.0, 0.0)	(25.0, 0.0)	(26.0, 0.06439674148318425)	(27.0, 0.24587846748124897)	(28.0, 0.6853862281039814)	(29.0, 0.06439674148318425)	(30.0, 0.3538266103190858)	(31.0, 1.5205705725358516)	(32.0, 1.464958534040876)	(33.0, 1.9979861591149413)	(34.0, 2.825571538728415)	(35.0, 6.971380637489364)	(36.0, 7.248192976634736)	(37.0, 9.259628813312498)	(38.0, 11.857424413366491)	(39.0, 11.516164660464762)	(40.0, 9.237767709811049)	(41.0, 6.923723483619354)	(42.0, 7.190869220501439)	(43.0, 6.0481806736842545)	(44.0, 4.1006088701724)	(45.0, 2.8302367881859474)	(46.0, 1.2396372735512968)	(47.0, 0.9117993169096317)	(48.0, 0.9015543807645795)	(49.0, 0.4944007894515436)	(50.0, 0.8153763884856122)	(51.0, 1.2015846535839607)	(52.0, 0.6761657855734347)	(53.0, 0.0)	(54.0, 0.0)	(55.0, 0.0)	(56.0, 0.0)	(57.0, 0.0)	(58.0, 0.0)	(59.0, 0.0)	(60.0, 0.0)	(61.0, 0.0)	(62.0, 0.6761657855734347)	(63.0, 0.6761657855734347)	(64.0, 0.0)	(65.0, 0.0)	(66.0, 0.0)	(67.0, 0.0)	(68.0, 0.0)	(69.0, 0.0)	(70.0, 0.0)	(71.0, 0.0)	(72.0, 0.0)	(73.0, 0.0)	(74.0, 0.0)	(75.0, 0.0)	(76.0, 0.0)	(77.0, 0.0)	(78.0, 0.0)	(79.0, 0.0)	(80.0, 0.0)	(81.0, 0.0)	(82.0, 0.0)	(83.0, 0.0)	(84.0, 0.0)	(85.0, 0.0)	(86.0, 0.0)	(87.0, 0.0)	(88.0, 0.0)	(89.0, 0.0)	(90.0, 0.0)	(91.0, 0.0)	(92.0, 0.0)	(93.0, 0.0)	(94.0, 0.0)	(95.0, 0.0)	(96.0, 0.0)	(97.0, 0.0)	(98.0, 0.0)	(99.0, 0.0)	(100.0, 0.0)
FAY99780_pass_barcode01_98e12ebb_5ad7f319_73	(0.0, 0.0)	(1.0, 0.0)	(2.0, 0.0)	(3.0, 0.0)	(4.0, 0.0)	(5.0, 0.0)	(6.0, 0.0)	(7.0, 0.0)	(8.0, 0.0)	(9.0, 0.0)	(10.0, 0.0)	(11.0, 0.0)	(12.0, 0.0)	(13.0, 0.0)	(14.0, 0.0)	(15.0, 0.0)	(16.0, 0.0)	(17.0, 0.0)	(18.0, 0.0)	(19.0, 0.0)	(20.0, 0.0)	(21.0, 0.0)	(22.0, 0.0)	(23.0, 0.0)	(24.0, 0.0)	(25.0, 0.0)	(26.0, 0.0)	(27.0, 0.14618845896767188)	(28.0, 1.242601901225211)	(29.0, 1.425337474934801)	(30.0, 0.38220688962651483)	(31.0, 0.6540119623272026)	(32.0, 1.0909573432149382)	(33.0, 1.834412114534335)	(34.0, 4.8240854538922795)	(35.0, 7.18395794390167)	(36.0, 8.036986558238999)	(37.0, 10.32318188600349)	(38.0, 10.698106619972414)	(39.0, 9.56929385951565)	(40.0, 10.317969059769073)	(41.0, 8.292123380779024)	(42.0, 6.991094257758896)	(43.0, 3.58249199582945)	(44.0, 2.5542922333758495)	(45.0, 1.3376243995541977)	(46.0, 2.3243964975859828)	(47.0, 1.315696130709047)	(48.0, 0.8771307538060312)	(49.0, 1.7542615076120625)	(50.0, 1.4353048698644149)	(51.0, 0.36101418220675074)	(52.0, 0.4485327718326297)	(53.0, 0.11960873915536792)	(54.0, 0.4385653769030156)	(55.0, 0.0)	(56.0, 0.4385653769030156)	(57.0, 0.0)	(58.0, 0.0)	(59.0, 0.0)	(60.0, 0.0)	(61.0, 0.0)	(62.0, 0.0)	(63.0, 0.0)	(64.0, 0.0)	(65.0, 0.0)	(66.0, 0.0)	(67.0, 0.0)	(68.0, 0.0)	(69.0, 0.0)	(70.0, 0.0)	(71.0, 0.0)	(72.0, 0.0)	(73.0, 0.0)	(74.0, 0.0)	(75.0, 0.0)	(76.0, 0.0)	(77.0, 0.0)	(78.0, 0.0)	(79.0, 0.0)	(80.0, 0.0)	(81.0, 0.0)	(82.0, 0.0)	(83.0, 0.0)	(84.0, 0.0)	(85.0, 0.0)	(86.0, 0.0)	(87.0, 0.0)	(88.0, 0.0)	(89.0, 0.0)	(90.0, 0.0)	(91.0, 0.0)	(92.0, 0.0)	(93.0, 0.0)	(94.0, 0.0)	(95.0, 0.0)	(96.0, 0.0)	(97.0, 0.0)	(98.0, 0.0)	(99.0, 0.0)	(100.0, 0.0)
FAY99780_pass_barcode01_98e12ebb_5ad7f319_74	(0.0, 0.0)	(1.0, 0.0)	(2.0, 0.0)	(3.0, 0.0)	(4.0, 0.0)	(5.0, 0.0)	(6.0, 0.0)	(7.0, 0.0)	(8.0, 0.0)	(9.0, 0.0)	(10.0, 0.0)	(11.0, 0.0)	(12.0, 0.0)	(13.0, 0.0)	(14.0, 0.0)	(15.0, 0.0)	(16.0, 0.0)	(17.0, 0.0)	(18.0, 0.0)	(19.0, 0.0)	(20.0, 0.0)	(21.0, 0.0)	(22.0, 0.0)	(23.0, 0.0)	(24.0, 0.0)	(25.0, 0.4743629456561622)	(26.0, 0.0)	(27.0, 0.0)	(28.0, 0.8688198336215807)	(29.0, 0.9961621858779406)	(30.0, 0.6265850682949384)	(31.0, 0.442611693520331)	(32.0, 0.9330036688818498)	(33.0, 2.238642122451583)	(34.0, 2.782328076112846)	(35.0, 3.8566925145923983)	(36.0, 9.896258465336263)	(37.0, 11.534273406996974)	(38.0, 12.297806060577976)	(39.0, 13.565027448618741)	(40.0, 11.364567287697989)	(41.0, 7.3878418951019444)	(42.0, 4.194979960640668)	(43.0, 4.800529882671315)	(44.0, 3.3906169638377963)	(45.0, 0.15812098188538742)	(46.0, 0.35577220924212166)	(47.0, 0.4980810929389703)	(48.0, 0.559070614523334)	(49.0, 0.1293717124516806)	(50.0, 0.35238390248743484)	(51.0, 0.4743629456561622)	(52.0, 1.3152790765920863)	(53.0, 0.7115444184842433)	(54.0, 0.4743629456561622)	(55.0, 1.1859073641404054)	(56.0, 0.7115444184842433)	(57.0, 0.0)	(58.0, 0.0)	(59.0, 0.0)	(60.0, 0.0)	(61.0, 0.0)	(62.0, 0.0)	(63.0, 0.0)	(64.0, 0.0)	(65.0, 0.0)	(66.0, 0.0)	(67.0, 0.0)	(68.0, 0.0)	(69.0, 0.7115444184842433)	(70.0, 0.7115444184842433)	(71.0, 0.0)	(72.0, 0.0)	(73.0, 0.0)	(74.0, 0.0)	(75.0, 0.0)	(76.0, 0.0)	(77.0, 0.0)	(78.0, 0.0)	(79.0, 0.0)	(80.0, 0.0)	(81.0, 0.0)	(82.0, 0.0)	(83.0, 0.0)	(84.0, 0.0)	(85.0, 0.0)	(86.0, 0.0)	(87.0, 0.0)	(88.0, 0.0)	(89.0, 0.0)	(90.0, 0.0)	(91.0, 0.0)	(92.0, 0.0)	(93.0, 0.0)	(94.0, 0.0)	(95.0, 0.0)	(96.0, 0.0)	(97.0, 0.0)	(98.0, 0.0)	(99.0, 0.0)	(100.0, 0.0)
FAY99780_pass_barcode01_98e12ebb_5ad7f319_75	(0.0, 0.0)	(1.0, 0.0)	(2.0, 0.0)	(3.0, 0.0)	(4.0, 0.0)	(5.0, 0.0)	(6.0, 0.0)	(7.0, 0.0)	(8.0, 0.0)	(9.0, 0.0)	(10.0, 0.0)	(11.0, 0.0)	(12.0, 0.0)	(13.0, 0.0)	(14.0, 0.0)	(15.0, 0.0)	(16.0, 0.0)	(17.0, 0.0)	(18.0, 0.0)	(19.0, 0.0)	(20.0, 0.40082819827910027)	(21.0, 0.0)	(22.0, 0.0)	(23.0, 0.0)	(24.0, 0.2290446847309144)	(25.0, 0.2290446847309144)	(26.0, 0.22210393670876552)	(27.0, 0.14575570846512736)	(28.0, 0.14339259015708716)	(29.0, 0.5985596854616497)	(30.0, 1.2220351822076454)	(31.0, 0.7059323813701105)	(32.0, 2.106545872420507)	(33.0, 3.29036794689146)	(34.0, 5.403678855336404)	(35.0, 7.004371931681024)	(36.0, 7.027073556833531)	(37.0, 11.339957641615875)	(38.0, 15.80947460592129)	(39.0, 11.946873419841939)	(40.0, 9.608896878743469)	(41.0, 5.530570114624124)	(42.0, 4.740059373906061)	(43.0, 1.9736647978073378)	(44.0, 1.7344929307350159)	(45.0, 1.7344929307350154)	(46.0, 0.7386715152000819)	(47.0, 0.14575570846512736)	(48.0, 0.3306166070062645)	(49.0, 1.0955970752962072)	(50.0, 1.0116140242282052)	(51.0, 0.17814586590182233)	(52.0, 0.14575570846512736)	(53.0, 0.8016563965582005)	(54.0, 1.603312793116401)	(55.0, 0.8016563965582005)	(56.0, 0.0)	(57.0, 0.0)	(58.0, 0.0)	(59.0, 0.0)	(60.0, 0.0)	(61.0, 0.0)	(62.0, 0.0)	(63.0, 0.0)	(64.0, 0.0)	(65.0, 0.0)	(66.0, 0.0)	(67.0, 0.0)	(68.0, 0.0)	(69.0, 0.0)	(70.0, 0.0)	(71.0, 0.0)	(72.0, 0.0)	(73.0, 0.0)	(74.0, 0.0)	(75.0, 0.0)	(76.0, 0.0)	(77.0, 0.0)	(78.0, 0.0)	(79.0, 0.0)	(80.0, 0.0)	(81.0, 0.0)	(82.0, 0.0)	(83.0, 0.0)	(84.0, 0.0)	(85.0, 0.0)	(86.0, 0.0)	(87.0, 0.0)	(88.0, 0.0)	(89.0, 0.0)	(90.0, 0.0)	(91.0, 0.0)	(92.0, 0.0)	(93.0, 0.0)	(94.0, 0.0)	(95.0, 0.0)	(96.0, 0.0)	(97.0, 0.0)	(98.0, 0.0)	(99.0, 0.0)	(100.0, 0.0)
FAY99780_pass_barcode01_98e12ebb_5ad7f319_76	(0.0, 0.0)	(1.0, 0.0)	(2.0, 0.0)	(3.0, 0.0)	(4.0, 0.0)	(5.0, 0.0)	(6.0, 0.0)	(7.0, 0.0)	(8.0, 0.0)	(9.0, 0.0)	(10.0, 0.0)	(11.0, 0.0)	(12.0, 0.0)	(13.0, 0.0)	(14.0, 0.0)	(15.0, 0.0)	(16.0, 0.0)	(17.0, 0.0)	(18.0, 0.0)	(19.0, 0.0)	(20.0, 0.0)	(21.0, 0.0)	(22.0, 0.0)	(23.0, 0.0)	(24.0, 0.0)	(25.0, 0.0)	(26.0, 0.0370494475378153)	(27.0, 0.1640761248103249)	(28.0, 0.0)	(29.0, 0.12200532357690827)	(30.0, 0.967954790958106)	(31.0, 0.9850610999093423)	(32.0, 2.1274442961974662)	(33.0, 4.705016389833851)	(34.0, 6.9274414155408515)	(35.0, 5.864192468774705)	(36.0, 8.16822505693747)	(37.0, 8.76820279925063)	(38.0, 10.063110737259203)	(39.0, 12.799815399990724)	(40.0, 9.596694420169253)	(41.0, 7.695745590017883)	(42.0, 5.526636638531153)	(43.0, 1.3436581017220541)	(44.0, 1.9123372237395277)	(45.0, 2.152629037473641)	(46.0, 0.9571107280602285)	(47.0, 1.1485328736722744)	(48.0, 0.7937015793670187)	(49.0, 0.2871332184180686)	(50.0, 0.3418252600215102)	(51.0, 0.6289584784395789)	(52.0, 2.1056436017325026)	(53.0, 2.392776820150572)	(54.0, 0.6786785162608894)	(55.0, 0.0)	(56.0, 0.0)	(57.0, 0.0)	(58.0, 0.0)	(59.0, 0.0)	(60.0, 0.0)	(61.0, 0.0)	(62.0, 0.0)	(63.0, 0.1640761248103249)	(64.0, 0.2871332184180686)	(65.0, 0.2871332184180686)	(66.0, 0.0)	(67.0, 0.0)	(68.0, 0.0)	(69.0, 0.0)	(70.0, 0.0)	(71.0, 0.0)	(72.0, 0.0)	(73.0, 0.0)	(74.0, 0.0)	(75.0, 0.0)	(76.0, 0.0)	(77.0, 0.0)	(78.0, 0.0)	(79.0, 0.0)	(80.0, 0.0)	(81.0, 0.0)	(82.0, 0.0)	(83.0, 0.0)	(84.0, 0.0)	(85.0, 0.0)	(86.0, 0.0)	(87.0, 0.0)	(88.0, 0.0)	(89.0, 0.0)	(90.0, 0.0)	(91.0, 0.0)	(92.0, 0.0)	(93.0, 0.0)	(94.0, 0.0)	(95.0, 0.0)	(96.0, 0.0)	(97.0, 0.0)	(98.0, 0.0)	(99.0, 0.0)	(100.0, 0.0)
FAY99780_pass_barcode01_98e12ebb_5ad7f319_77	(0.0, 0.0)	(1.0, 0.0)	(2.0, 0.0)	(3.0, 0.0)	(4.0, 0.0)	(5.0, 0.0)	(6.0, 0.0)	(7.0, 0.0)	(8.0, 0.0)	(9.0, 0.0)	(10.0, 0.0)	(11.0, 0.0)	(12.0, 0.0)	(13.0, 0.0)	(14.0, 0.0)	(15.0, 0.0)	(16.0, 0.0)	(17.0, 0.0)	(18.0, 0.0)	(19.0, 0.0)	(20.0, 0.0)	(21.0, 0.0)	(22.0, 0.0)	(23.0, 0.0)	(24.0, 0.0)	(25.0, 0.0)	(26.0, 0.0)	(27.0, 0.0)	(28.0, 0.1375936021023562)	(29.0, 0.22405686257773236)	(30.0, 0.8244386711341944)	(31.0, 0.49693964831421444)	(32.0, 0.8515968449581415)	(33.0, 1.7567224533581633)	(34.0, 4.726068379531307)	(35.0, 6.425320577304965)	(36.0, 10.042316943474033)	(37.0, 9.284486921087794)	(38.0, 9.270476048615514)	(39.0, 8.799509422631088)	(40.0, 12.087061578473257)	(41.0, 8.306236386747308)	(42.0, 7.1452041378074895)	(43.0, 3.75821926410174)	(44.0, 2.9139076516371114)	(45.0, 2.4088945304382814)	(46.0, 2.5707716008328845)	(47.0, 1.3145991140622706)	(48.0, 0.0)	(49.0, 0.0)	(50.0, 0.0)	(51.0, 1.0660050508261358)	(52.0, 0.695220685321393)	(53.0, 0.0)	(54.0, 0.0)	(55.0, 0.5561765482571144)	(56.0, 1.1123530965142288)	(57.0, 0.5561765482571144)	(58.0, 0.0)	(59.0, 0.5561765482571144)	(60.0, 0.5561765482571144)	(61.0, 0.5561765482571144)	(62.0, 0.5561765482571144)	(63.0, 0.0)	(64.0, 0.0)	(65.0, 0.0)	(66.0, 0.0)	(67.0, 0.0)	(68.0, 0.0)	(69.0, 0.0)	(70.0, 0.0)	(71.0, 0.22247061930284578)	(72.0, 0.22247061930284578)	(73.0, 0.0)	(74.0, 0.0)	(75.0, 0.0)	(76.0, 0.0)	(77.0, 0.0)	(78.0, 0.0)	(79.0, 0.0)	(80.0, 0.0)	(81.0, 0.0)	(82.0, 0.0)	(83.0, 0.0)	(84.0, 0.0)	(85.0, 0.0)	(86.0, 0.0)	(87.0, 0.0)	(88.0, 0.0)	(89.0, 0.0)	(90.0, 0.0)	(91.0, 0.0)	(92.0, 0.0)	(93.0, 0.0)	(94.0, 0.0)	(95.0, 0.0)	(96.0, 0.0)	(97.0, 0.0)	(98.0, 0.0)	(99.0, 0.0)	(100.0, 0.0)
FAY99780_pass_barcode01_98e12ebb_5ad7f319_78	(0.0, 0.0)	(1.0, 0.0)	(2.0, 0.0)	(3.0, 0.0)	(4.0, 0.0)	(5.0, 0.0)	(6.0, 0.0)	(7.0, 0.0)	(8.0, 0.0)	(9.0, 0.0)	(10.0, 0.0)	(11.0, 0.0)	(12.0, 0.0)	(13.0, 0.0)	(14.0, 0.0)	(15.0, 0.0)	(16.0, 0.0)	(17.0, 0.0)	(18.0, 0.0)	(19.0, 0.0)	(20.0, 0.0)	(21.0, 0.0)	(22.0, 0.0)	(23.0, 0.0)	(24.0, 0.0)	(25.0, 0.982314053862358)	(26.0, 2.2102066211903053)	(27.0, 2.2102066211903053)	(28.0, 1.1460330628394175)	(29.0, 1.5724982401387972)	(30.0, 2.110025313254886)	(31.0, 2.2119582276131213)	(32.0, 1.5033530297626245)	(33.0, 2.2682319601496697)	(34.0, 4.821787931712254)	(35.0, 6.246018977627554)	(36.0, 10.311933899624313)	(37.0, 10.331166277965012)	(38.0, 12.667574910811346)	(39.0, 9.23339576053374)	(40.0, 9.021611034124314)	(41.0, 4.997433552291752)	(42.0, 4.824925254274446)	(43.0, 2.290415690278566)	(44.0, 2.3649955024049802)	(45.0, 1.4809128539288576)	(46.0, 0.9739342420965346)	(47.0, 0.7441773135320894)	(48.0, 0.982314053862358)	(49.0, 0.9863607323414727)	(50.0, 0.3274380179541193)	(51.0, 0.0)	(52.0, 0.19646281077247163)	(53.0, 0.0)	(54.0, 0.0)	(55.0, 0.0)	(56.0, 0.0)	(57.0, 0.0)	(58.0, 0.0)	(59.0, 0.0)	(60.0, 0.0)	(61.0, 0.491157026931179)	(62.0, 0.491157026931179)	(63.0, 0.0)	(64.0, 0.0)	(65.0, 0.0)	(66.0, 0.0)	(67.0, 0.0)	(68.0, 0.0)	(69.0, 0.0)	(70.0, 0.0)	(71.0, 0.0)	(72.0, 0.0)	(73.0, 0.0)	(74.0, 0.0)	(75.0, 0.0)	(76.0, 0.0)	(77.0, 0.0)	(78.0, 0.0)	(79.0, 0.0)	(80.0, 0.0)	(81.0, 0.0)	(82.0, 0.0)	(83.0, 0.0)	(84.0, 0.0)	(85.0, 0.0)	(86.0, 0.0)	(87.0, 0.0)	(88.0, 0.0)	(89.0, 0.0)	(90.0, 0.0)	(91.0, 0.0)	(92.0, 0.0)	(93.0, 0.0)	(94.0, 0.0)	(95.0, 0.0)	(96.0, 0.0)	(97.0, 0.0)	(98.0, 0.0)	(99.0, 0.0)	(100.0, 0.0)
FAY99780_pass_barcode01_98e12ebb_5ad7f319_79	(0.0, 0.0)	(1.0, 0.0)	(2.0, 0.0)	(3.0, 0.0)	(4.0, 0.0)	(5.0, 0.0)	(6.0, 0.0)	(7.0, 0.0)	(8.0, 0.0)	(9.0, 0.0)	(10.0, 0.0)	(11.0, 0.0)	(12.0, 0.0)	(13.0, 0.0)	(14.0, 0.0)	(15.0, 0.0)	(16.0, 0.0)	(17.0, 0.0)	(18.0, 0.0)	(19.0, 0.0)	(20.0, 0.0)	(21.0, 0.0)	(22.0, 0.0)	(23.0, 0.0)	(24.0, 0.0)	(25.0, 0.0)	(26.0, 0.0)	(27.0, 0.10988967087384646)	(28.0, 0.12506674080222735)	(29.0, 0.2930440830412934)	(30.0, 0.2771086609931704)	(31.0, 0.29857117438687425)	(32.0, 1.5327940468417414)	(33.0, 2.0290176818540404)	(34.0, 1.6674987403892017)	(35.0, 6.261720990270425)	(36.0, 8.957116394456744)	(37.0, 10.730294758881254)	(38.0, 15.794095578815078)	(39.0, 13.856404740995965)	(40.0, 10.880444827585324)	(41.0, 4.4872669870295665)	(42.0, 5.233369436136063)	(43.0, 5.1200037518202155)	(44.0, 3.6960309974732306)	(45.0, 2.4179569888430623)	(46.0, 1.2610896364224589)	(47.0, 1.3994619677676412)	(48.0, 0.6878670744122505)	(49.0, 0.2751468297649002)	(50.0, 0.12506674080222735)	(51.0, 0.17112790631719402)	(52.0, 0.20308456482647394)	(53.0, 0.4585780496081669)	(54.0, 0.4585780496081669)	(55.0, 0.2751468297649002)	(56.0, 0.0)	(57.0, 0.0)	(58.0, 0.4585780496081669)	(59.0, 0.4585780496081669)	(60.0, 0.0)	(61.0, 0.0)	(62.0, 0.0)	(63.0, 0.0)	(64.0, 0.0)	(65.0, 0.0)	(66.0, 0.0)	(67.0, 0.0)	(68.0, 0.0)	(69.0, 0.0)	(70.0, 0.0)	(71.0, 0.0)	(72.0, 0.0)	(73.0, 0.0)	(74.0, 0.0)	(75.0, 0.0)	(76.0, 0.0)	(77.0, 0.0)	(78.0, 0.0)	(79.0, 0.0)	(80.0, 0.0)	(81.0, 0.0)	(82.0, 0.0)	(83.0, 0.0)	(84.0, 0.0)	(85.0, 0.0)	(86.0, 0.0)	(87.0, 0.0)	(88.0, 0.0)	(89.0, 0.0)	(90.0, 0.0)	(91.0, 0.0)	(92.0, 0.0)	(93.0, 0.0)	(94.0, 0.0)	(95.0, 0.0)	(96.0, 0.0)	(97.0, 0.0)	(98.0, 0.0)	(99.0, 0.0)	(100.0, 0.0)
FAY99780_pass_barcode01_98e12ebb_5ad7f319_8	(0.0, 0.0)	(1.0, 0.0)	(2.0, 0.0)	(3.0, 0.0)	(4.0, 0.0)	(5.0, 0.0)	(6.0, 0.0)	(7.0, 0.0)	(8.0, 0.0)	(9.0, 0.0)	(10.0, 0.0)	(11.0, 0.0)	(12.0, 0.0)	(13.0, 0.0)	(14.0, 0.0)	(15.0, 0.0)	(16.0, 0.0)	(17.0, 0.0)	(18.0, 0.0)	(19.0, 0.0)	(20.0, 0.0)	(21.0, 0.0)	(22.0, 0.0)	(23.0, 0.0)	(24.0, 0.10793100931438097)	(25.0, 0.03083743123268028)	(26.0, 0.131488636399757)	(27.0, 0.5374168459179202)	(28.0, 0.7414684892185943)	(29.0, 1.402544719708386)	(30.0, 0.9665020374352139)	(31.0, 0.9189903106379402)	(32.0, 2.2102261702388977)	(33.0, 2.4655003839790854)	(34.0, 3.2976364768710806)	(35.0, 4.778266428366164)	(36.0, 8.386743863649304)	(37.0, 9.7888665130973)	(38.0, 9.01325246936672)	(39.0, 10.07903904676238)	(40.0, 10.747178007471241)	(41.0, 11.189385742275864)	(42.0, 7.234365271513942)	(43.0, 4.1402626509301195)	(44.0, 2.591932818487433)	(45.0, 2.2829978255927634)	(46.0, 1.7367080589677668)	(47.0, 0.7132422768441286)	(48.0, 0.45354273342381135)	(49.0, 0.8583085026429346)	(50.0, 0.7784115217218992)	(51.0, 0.824200434764364)	(52.0, 0.4163053216411838)	(53.0, 0.1295172111772572)	(54.0, 0.1295172111772572)	(55.0, 0.0)	(56.0, 0.0)	(57.0, 0.0)	(58.0, 0.0)	(59.0, 0.10793100931438097)	(60.0, 0.0)	(61.0, 0.0)	(62.0, 0.3237930279431429)	(63.0, 0.3237930279431429)	(64.0, 0.0)	(65.0, 0.0)	(66.0, 0.0)	(67.0, 0.0)	(68.0, 0.0)	(69.0, 0.0)	(70.0, 0.0)	(71.0, 0.0)	(72.0, 0.0)	(73.0, 0.0)	(74.0, 0.16189651397157145)	(75.0, 0.0)	(76.0, 0.0)	(77.0, 0.0)	(78.0, 0.0)	(79.0, 0.0)	(80.0, 0.0)	(81.0, 0.0)	(82.0, 0.0)	(83.0, 0.0)	(84.0, 0.0)	(85.0, 0.0)	(86.0, 0.0)	(87.0, 0.0)	(88.0, 0.0)	(89.0, 0.0)	(90.0, 0.0)	(91.0, 0.0)	(92.0, 0.0)	(93.0, 0.0)	(94.0, 0.0)	(95.0, 0.0)	(96.0, 0.0)	(97.0, 0.0)	(98.0, 0.0)	(99.0, 0.0)	(100.0, 0.0)
FAY99780_pass_barcode01_98e12ebb_5ad7f319_80	(0.0, 0.0)	(1.0, 0.0)	(2.0, 0.0)	(3.0, 0.0)	(4.0, 0.0)	(5.0, 0.0)	(6.0, 0.0)	(7.0, 0.0)	(8.0, 0.0)	(9.0, 0.0)	(10.0, 0.0)	(11.0, 0.0)	(12.0, 0.0)	(13.0, 0.0)	(14.0, 0.0)	(15.0, 0.0)	(16.0, 0.0)	(17.0, 0.0)	(18.0, 0.0)	(19.0, 0.0)	(20.0, 0.0)	(21.0, 0.0)	(22.0, 0.0)	(23.0, 0.0)	(24.0, 0.0)	(25.0, 0.0)	(26.0, 0.0)	(27.0, 0.4162454735575746)	(28.0, 0.0)	(29.0, 0.4317370648315379)	(30.0, 0.8433480654941755)	(31.0, 1.4981858547388638)	(32.0, 1.9854781120121592)	(33.0, 3.5675551202260265)	(34.0, 5.908233198884217)	(35.0, 4.973239208940623)	(36.0, 8.648779773268394)	(37.0, 12.553427029503187)	(38.0, 14.08350629259999)	(39.0, 8.48773719522629)	(40.0, 10.133582998246288)	(41.0, 7.966600637646504)	(42.0, 3.401824967527326)	(43.0, 3.953322918861061)	(44.0, 2.8601124272495677)	(45.0, 3.1574111194221843)	(46.0, 2.3309746519224173)	(47.0, 1.1654873259612086)	(48.0, 0.5113105688087884)	(49.0, 0.4661949303844835)	(50.0, 0.0341118241744744)	(51.0, 0.23309746519224175)	(52.0, 0.23309746519224175)	(53.0, 0.15539831012816116)	(54.0, 0.0)	(55.0, 0.0)	(56.0, 0.0)	(57.0, 0.0)	(58.0, 0.0)	(59.0, 0.0)	(60.0, 0.0)	(61.0, 0.0)	(62.0, 0.0)	(63.0, 0.0)	(64.0, 0.0)	(65.0, 0.0)	(66.0, 0.0)	(67.0, 0.0)	(68.0, 0.0)	(69.0, 0.0)	(70.0, 0.0)	(71.0, 0.0)	(72.0, 0.0)	(73.0, 0.0)	(74.0, 0.0)	(75.0, 0.0)	(76.0, 0.0)	(77.0, 0.0)	(78.0, 0.0)	(79.0, 0.0)	(80.0, 0.0)	(81.0, 0.0)	(82.0, 0.0)	(83.0, 0.0)	(84.0, 0.0)	(85.0, 0.0)	(86.0, 0.0)	(87.0, 0.0)	(88.0, 0.0)	(89.0, 0.0)	(90.0, 0.0)	(91.0, 0.0)	(92.0, 0.0)	(93.0, 0.0)	(94.0, 0.0)	(95.0, 0.0)	(96.0, 0.0)	(97.0, 0.0)	(98.0, 0.0)	(99.0, 0.0)	(100.0, 0.0)
FAY99780_pass_barcode01_98e12ebb_5ad7f319_81	(0.0, 0.0)	(1.0, 0.0)	(2.0, 0.0)	(3.0, 0.0)	(4.0, 0.0)	(5.0, 0.0)	(6.0, 0.0)	(7.0, 0.0)	(8.0, 0.0)	(9.0, 0.0)	(10.0, 0.0)	(11.0, 0.0)	(12.0, 0.0)	(13.0, 0.0)	(14.0, 0.0)	(15.0, 0.0)	(16.0, 0.0)	(17.0, 0.0)	(18.0, 0.0)	(19.0, 0.0)	(20.0, 0.0)	(21.0, 0.0)	(22.0, 0.0)	(23.0, 0.0)	(24.0, 0.0)	(25.0, 0.0)	(26.0, 0.11840026006185915)	(27.0, 0.1460451748535682)	(28.0, 0.11840026006185915)	(29.0, 0.21782347495700916)	(30.0, 0.06271866208152431)	(31.0, 1.5796808946649987)	(32.0, 1.564243225259741)	(33.0, 4.8541076468123565)	(34.0, 7.748627588173068)	(35.0, 6.619336571752707)	(36.0, 9.597971812054727)	(37.0, 10.615140601407047)	(38.0, 9.277591029507214)	(39.0, 9.629325382438065)	(40.0, 5.80251501332614)	(41.0, 6.954007379981547)	(42.0, 8.947705424487335)	(43.0, 3.2119071470029708)	(44.0, 4.024622173269362)	(45.0, 3.396870457617928)	(46.0, 1.0300822625381747)	(47.0, 0.26048057213609016)	(48.0, 0.062019183841926215)	(49.0, 0.04201299550582099)	(50.0, 0.408489990935385)	(51.0, 0.7696016904020845)	(52.0, 0.6512014303402253)	(53.0, 0.11840026006185915)	(54.0, 0.0)	(55.0, 0.0)	(56.0, 0.0)	(57.0, 0.0)	(58.0, 0.0)	(59.0, 0.0)	(60.0, 0.0)	(61.0, 0.0)	(62.0, 0.0)	(63.0, 0.0)	(64.0, 0.0)	(65.0, 0.0)	(66.0, 0.0)	(67.0, 0.0)	(68.0, 0.0)	(69.0, 0.0)	(70.0, 0.0)	(71.0, 0.0)	(72.0, 0.0)	(73.0, 0.0)	(74.0, 0.43413428689348355)	(75.0, 0.0)	(76.0, 0.0)	(77.0, 0.0)	(78.0, 0.0)	(79.0, 0.0)	(80.0, 0.43413428689348355)	(81.0, 0.43413428689348355)	(82.0, 0.43413428689348355)	(83.0, 0.43413428689348355)	(84.0, 0.0)	(85.0, 0.0)	(86.0, 0.0)	(87.0, 0.0)	(88.0, 0.0)	(89.0, 0.0)	(90.0, 0.0)	(91.0, 0.0)	(92.0, 0.0)	(93.0, 0.0)	(94.0, 0.0)	(95.0, 0.0)	(96.0, 0.0)	(97.0, 0.0)	(98.0, 0.0)	(99.0, 0.0)	(100.0, 0.0)
FAY99780_pass_barcode01_98e12ebb_5ad7f319_82	(0.0, 0.0)	(1.0, 0.0)	(2.0, 0.0)	(3.0, 0.0)	(4.0, 0.0)	(5.0, 0.0)	(6.0, 0.0)	(7.0, 0.0)	(8.0, 0.0)	(9.0, 0.0)	(10.0, 0.0)	(11.0, 0.0)	(12.0, 0.0)	(13.0, 0.0)	(14.0, 0.0)	(15.0, 0.0)	(16.0, 0.0)	(17.0, 0.0)	(18.0, 0.0)	(19.0, 0.0)	(20.0, 0.0)	(21.0, 0.0)	(22.0, 0.0)	(23.0, 0.0)	(24.0, 0.0)	(25.0, 0.0)	(26.0, 0.19703216813075713)	(27.0, 0.9851608406537855)	(28.0, 0.7325202905767173)	(29.0, 0.06928603714488163)	(30.0, 1.2153993167906463)	(31.0, 1.9367838442521053)	(32.0, 1.093021215195835)	(33.0, 1.9277108784062469)	(34.0, 4.001080531947465)	(35.0, 6.272265436783396)	(36.0, 8.2208090730542)	(37.0, 10.369941720528711)	(38.0, 12.117315992734973)	(39.0, 10.750175417033741)	(40.0, 9.677942903865548)	(41.0, 7.753154951204594)	(42.0, 4.847042679738254)	(43.0, 4.833992122601304)	(44.0, 2.863107700279274)	(45.0, 2.035334728333558)	(46.0, 1.970321681307571)	(47.0, 1.4120638716037592)	(48.0, 0.05629490518021631)	(49.0, 0.6473914095724878)	(50.0, 1.576257345046057)	(51.0, 0.9851608406537855)	(52.0, 0.862335592987859)	(53.0, 0.5910965043922713)	(54.0, 0.0)	(55.0, 0.0)	(56.0, 0.0)	(57.0, 0.0)	(58.0, 0.0)	(59.0, 0.0)	(60.0, 0.0)	(61.0, 0.0)	(62.0, 0.0)	(63.0, 0.0)	(64.0, 0.0)	(65.0, 0.0)	(66.0, 0.0)	(67.0, 0.0)	(68.0, 0.0)	(69.0, 0.0)	(70.0, 0.0)	(71.0, 0.0)	(72.0, 0.0)	(73.0, 0.0)	(74.0, 0.0)	(75.0, 0.0)	(76.0, 0.0)	(77.0, 0.0)	(78.0, 0.0)	(79.0, 0.0)	(80.0, 0.0)	(81.0, 0.0)	(82.0, 0.0)	(83.0, 0.0)	(84.0, 0.0)	(85.0, 0.0)	(86.0, 0.0)	(87.0, 0.0)	(88.0, 0.0)	(89.0, 0.0)	(90.0, 0.0)	(91.0, 0.0)	(92.0, 0.0)	(93.0, 0.0)	(94.0, 0.0)	(95.0, 0.0)	(96.0, 0.0)	(97.0, 0.0)	(98.0, 0.0)	(99.0, 0.0)	(100.0, 0.0)
FAY99780_pass_barcode01_98e12ebb_5ad7f319_83	(0.0, 0.0)	(1.0, 0.0)	(2.0, 0.0)	(3.0, 0.0)	(4.0, 0.0)	(5.0, 0.0)	(6.0, 0.0)	(7.0, 0.0)	(8.0, 0.0)	(9.0, 0.0)	(10.0, 0.0)	(11.0, 0.0)	(12.0, 0.0)	(13.0, 0.0)	(14.0, 0.0)	(15.0, 0.0)	(16.0, 0.0)	(17.0, 0.0)	(18.0, 0.0)	(19.0, 0.0)	(20.0, 0.0)	(21.0, 0.0)	(22.0, 0.0)	(23.0, 0.0)	(24.0, 0.0)	(25.0, 0.0)	(26.0, 0.0)	(27.0, 0.0)	(28.0, 0.05497049753036585)	(29.0, 0.5447076573463526)	(30.0, 1.5220680015209906)	(31.0, 2.1562442396583648)	(32.0, 1.7044522424118351)	(33.0, 3.10221578167158)	(34.0, 4.000244125011938)	(35.0, 6.160851036950841)	(36.0, 8.447103151853865)	(37.0, 12.63413029931049)	(38.0, 13.277212085101167)	(39.0, 10.393523553160133)	(40.0, 8.865557208329408)	(41.0, 7.9074135618623895)	(42.0, 5.384969440774894)	(43.0, 4.181598343700919)	(44.0, 3.390388723817936)	(45.0, 1.7219508351387105)	(46.0, 1.2120994705445671)	(47.0, 0.10494367710342573)	(48.0, 0.0)	(49.0, 0.5654545870594261)	(50.0, 0.7439340665776178)	(51.0, 0.384793482712561)	(52.0, 0.384793482712561)	(53.0, 0.0)	(54.0, 0.0)	(55.0, 0.0)	(56.0, 0.0)	(57.0, 0.5771902240688415)	(58.0, 0.5771902240688415)	(59.0, 0.0)	(60.0, 0.0)	(61.0, 0.0)	(62.0, 0.0)	(63.0, 0.0)	(64.0, 0.0)	(65.0, 0.0)	(66.0, 0.0)	(67.0, 0.0)	(68.0, 0.0)	(69.0, 0.0)	(70.0, 0.0)	(71.0, 0.0)	(72.0, 0.0)	(73.0, 0.0)	(74.0, 0.0)	(75.0, 0.0)	(76.0, 0.0)	(77.0, 0.0)	(78.0, 0.0)	(79.0, 0.0)	(80.0, 0.0)	(81.0, 0.0)	(82.0, 0.0)	(83.0, 0.0)	(84.0, 0.0)	(85.0, 0.0)	(86.0, 0.0)	(87.0, 0.0)	(88.0, 0.0)	(89.0, 0.0)	(90.0, 0.0)	(91.0, 0.0)	(92.0, 0.0)	(93.0, 0.0)	(94.0, 0.0)	(95.0, 0.0)	(96.0, 0.0)	(97.0, 0.0)	(98.0, 0.0)	(99.0, 0.0)	(100.0, 0.0)
FAY99780_pass_barcode01_98e12ebb_5ad7f319_84	(0.0, 0.0)	(1.0, 0.0)	(2.0, 0.0)	(3.0, 0.0)	(4.0, 0.0)	(5.0, 0.0)	(6.0, 0.0)	(7.0, 0.0)	(8.0, 0.0)	(9.0, 0.0)	(10.0, 0.0)	(11.0, 0.0)	(12.0, 0.0)	(13.0, 0.0)	(14.0, 0.0)	(15.0, 0.0)	(16.0, 0.0)	(17.0, 0.0)	(18.0, 0.7180067267383116)	(19.0, 0.7180067267383116)	(20.0, 0.0)	(21.0, 0.0)	(22.0, 0.0)	(23.0, 0.0)	(24.0, 0.0)	(25.0, 0.0)	(26.0, 0.0)	(27.0, 0.4895500409579397)	(28.0, 0.9972315649143215)	(29.0, 0.2610933551775678)	(30.0, 0.5058048054294834)	(31.0, 1.5690418904399177)	(32.0, 1.8795172562750448)	(33.0, 1.9804831690376556)	(34.0, 4.2655650716524045)	(35.0, 6.527499755275021)	(36.0, 10.418851276306192)	(37.0, 11.75678990069828)	(38.0, 14.020862242663826)	(39.0, 13.943300900555863)	(40.0, 7.861350675317376)	(41.0, 6.903250853725251)	(42.0, 5.5838480711665905)	(43.0, 4.23554307651701)	(44.0, 2.4322089336481763)	(45.0, 1.325744313103474)	(46.0, 0.15955705038629145)	(47.0, 0.1305466775887839)	(48.0, 0.0)	(49.0, 0.0)	(50.0, 0.4786711511588744)	(51.0, 0.4786711511588744)	(52.0, 0.0)	(53.0, 0.3590033633691558)	(54.0, 0.0)	(55.0, 0.0)	(56.0, 0.0)	(57.0, 0.0)	(58.0, 0.0)	(59.0, 0.0)	(60.0, 0.0)	(61.0, 0.0)	(62.0, 0.0)	(63.0, 0.0)	(64.0, 0.0)	(65.0, 0.0)	(66.0, 0.0)	(67.0, 0.0)	(68.0, 0.0)	(69.0, 0.0)	(70.0, 0.0)	(71.0, 0.0)	(72.0, 0.0)	(73.0, 0.0)	(74.0, 0.0)	(75.0, 0.0)	(76.0, 0.0)	(77.0, 0.0)	(78.0, 0.0)	(79.0, 0.0)	(80.0, 0.0)	(81.0, 0.0)	(82.0, 0.0)	(83.0, 0.0)	(84.0, 0.0)	(85.0, 0.0)	(86.0, 0.0)	(87.0, 0.0)	(88.0, 0.0)	(89.0, 0.0)	(90.0, 0.0)	(91.0, 0.0)	(92.0, 0.0)	(93.0, 0.0)	(94.0, 0.0)	(95.0, 0.0)	(96.0, 0.0)	(97.0, 0.0)	(98.0, 0.0)	(99.0, 0.0)	(100.0, 0.0)
FAY99780_pass_barcode01_98e12ebb_5ad7f319_85	(0.0, 0.0)	(1.0, 0.0)	(2.0, 0.0)	(3.0, 0.0)	(4.0, 0.0)	(5.0, 0.0)	(6.0, 0.0)	(7.0, 0.0)	(8.0, 0.0)	(9.0, 0.0)	(10.0, 0.0)	(11.0, 0.0)	(12.0, 0.0)	(13.0, 0.0)	(14.0, 0.0)	(15.0, 0.0)	(16.0, 0.0)	(17.0, 0.0)	(18.0, 0.0)	(19.0, 0.0)	(20.0, 0.0)	(21.0, 0.0)	(22.0, 0.0)	(23.0, 0.0)	(24.0, 0.0)	(25.0, 0.0)	(26.0, 0.22897704414250117)	(27.0, 0.2889472223702991)	(28.0, 0.846124696450385)	(29.0, 0.6148954190868101)	(30.0, 0.49485161226339003)	(31.0, 0.2960115820269679)	(32.0, 1.694726660500244)	(33.0, 2.1936262751601765)	(34.0, 3.2203145963597697)	(35.0, 4.807933045391437)	(36.0, 6.873276989919684)	(37.0, 9.67548656536848)	(38.0, 11.675531333060029)	(39.0, 10.420495818290915)	(40.0, 10.021544070444028)	(41.0, 8.858798243710874)	(42.0, 6.14443900915905)	(43.0, 4.816369808376029)	(44.0, 3.260250295000924)	(45.0, 1.4943579007386376)	(46.0, 1.15442593088511)	(47.0, 0.8395824951891707)	(48.0, 0.9795129110540325)	(49.0, 0.17991053468339374)	(50.0, 0.41979124759458536)	(51.0, 0.5342797696658359)	(52.0, 0.0)	(53.0, 0.0)	(54.0, 0.0)	(55.0, 0.25187474855675124)	(56.0, 0.0)	(57.0, 0.6296868713918782)	(58.0, 1.2593737427837564)	(59.0, 1.2593737427837564)	(60.0, 1.2593737427837564)	(61.0, 1.2593737427837564)	(62.0, 1.2593737427837564)	(63.0, 0.6296868713918782)	(64.0, 0.15742171784796954)	(65.0, 0.0)	(66.0, 0.0)	(67.0, 0.0)	(68.0, 0.0)	(69.0, 0.0)	(70.0, 0.0)	(71.0, 0.0)	(72.0, 0.0)	(73.0, 0.0)	(74.0, 0.0)	(75.0, 0.0)	(76.0, 0.0)	(77.0, 0.0)	(78.0, 0.0)	(79.0, 0.0)	(80.0, 0.0)	(81.0, 0.0)	(82.0, 0.0)	(83.0, 0.0)	(84.0, 0.0)	(85.0, 0.0)	(86.0, 0.0)	(87.0, 0.0)	(88.0, 0.0)	(89.0, 0.0)	(90.0, 0.0)	(91.0, 0.0)	(92.0, 0.0)	(93.0, 0.0)	(94.0, 0.0)	(95.0, 0.0)	(96.0, 0.0)	(97.0, 0.0)	(98.0, 0.0)	(99.0, 0.0)	(100.0, 0.0)
FAY99780_pass_barcode01_98e12ebb_5ad7f319_86	(0.0, 0.0)	(1.0, 0.0)	(2.0, 0.0)	(3.0, 0.0)	(4.0, 0.0)	(5.0, 0.0)	(6.0, 0.0)	(7.0, 0.0)	(8.0, 0.0)	(9.0, 0.0)	(10.0, 0.0)	(11.0, 0.0)	(12.0, 0.0)	(13.0, 0.0)	(14.0, 0.0)	(15.0, 0.0)	(16.0, 0.0)	(17.0, 0.0)	(18.0, 0.0)	(19.0, 0.0)	(20.0, 0.0)	(21.0, 0.0)	(22.0, 0.0)	(23.0, 0.0)	(24.0, 0.0)	(25.0, 0.20227937196986812)	(26.0, 0.0)	(27.0, 0.05495496928310021)	(28.0, 0.09632351046184195)	(29.0, 0.7461063720088512)	(30.0, 1.35969708970774)	(31.0, 0.8270327888612754)	(32.0, 1.5083844623155374)	(33.0, 2.4656377381342707)	(34.0, 5.02372281392332)	(35.0, 5.7330369931383)	(36.0, 8.374298980560882)	(37.0, 11.738383922135112)	(38.0, 11.998177578223224)	(39.0, 13.169809007219383)	(40.0, 8.228084086503298)	(41.0, 7.343671076443198)	(42.0, 5.160551010052198)	(43.0, 2.4912256610401124)	(44.0, 1.3307551653686616)	(45.0, 2.588599908847824)	(46.0, 1.6856614330822342)	(47.0, 0.741691030556183)	(48.0, 0.8930565469962204)	(49.0, 1.1474729301843234)	(50.0, 0.14677868260852106)	(51.0, 1.1478551663369498)	(52.0, 1.1478551663369498)	(53.0, 0.9712620638235729)	(54.0, 0.6180758587968191)	(55.0, 0.3531862050267538)	(56.0, 0.3531862050267538)	(57.0, 0.0)	(58.0, 0.3531862050267538)	(59.0, 0.0)	(60.0, 0.0)	(61.0, 0.0)	(62.0, 0.0)	(63.0, 0.0)	(64.0, 0.0)	(65.0, 0.0)	(66.0, 0.0)	(67.0, 0.0)	(68.0, 0.0)	(69.0, 0.0)	(70.0, 0.0)	(71.0, 0.0)	(72.0, 0.0)	(73.0, 0.0)	(74.0, 0.0)	(75.0, 0.0)	(76.0, 0.0)	(77.0, 0.0)	(78.0, 0.0)	(79.0, 0.0)	(80.0, 0.0)	(81.0, 0.0)	(82.0, 0.0)	(83.0, 0.0)	(84.0, 0.0)	(85.0, 0.0)	(86.0, 0.0)	(87.0, 0.0)	(88.0, 0.0)	(89.0, 0.0)	(90.0, 0.0)	(91.0, 0.0)	(92.0, 0.0)	(93.0, 0.0)	(94.0, 0.0)	(95.0, 0.0)	(96.0, 0.0)	(97.0, 0.0)	(98.0, 0.0)	(99.0, 0.0)	(100.0, 0.0)
FAY99780_pass_barcode01_98e12ebb_5ad7f319_87	(0.0, 0.0)	(1.0, 0.0)	(2.0, 0.0)	(3.0, 0.0)	(4.0, 0.0)	(5.0, 0.0)	(6.0, 0.0)	(7.0, 0.0)	(8.0, 0.0)	(9.0, 0.0)	(10.0, 0.0)	(11.0, 0.0)	(12.0, 0.0)	(13.0, 0.0)	(14.0, 0.0)	(15.0, 0.0)	(16.0, 0.0)	(17.0, 0.0)	(18.0, 0.0)	(19.0, 0.0)	(20.0, 0.0)	(21.0, 0.0)	(22.0, 0.0)	(23.0, 0.0)	(24.0, 0.0)	(25.0, 0.0)	(26.0, 0.0)	(27.0, 0.5783938092958735)	(28.0, 0.7386414447717865)	(29.0, 0.17524181519241025)	(30.0, 1.0656548980907365)	(31.0, 2.022968707515952)	(32.0, 1.8797797301058614)	(33.0, 3.1701585541614516)	(34.0, 5.2951965016658535)	(35.0, 4.81412101415848)	(36.0, 9.284104969889942)	(37.0, 10.664856879873069)	(38.0, 10.782693180861882)	(39.0, 10.912184016610913)	(40.0, 10.003588710295436)	(41.0, 7.478453322653856)	(42.0, 7.8327833649516165)	(43.0, 3.468776439960535)	(44.0, 2.721664202631138)	(45.0, 1.1366314706920422)	(46.0, 1.4924312988346555)	(47.0, 1.2917461740941176)	(48.0, 0.38559587286391567)	(49.0, 0.38559587286391567)	(50.0, 0.0)	(51.0, 1.0691521929408572)	(52.0, 1.3495855550237048)	(53.0, 0.0)	(54.0, 0.0)	(55.0, 0.0)	(56.0, 0.0)	(57.0, 0.0)	(58.0, 0.0)	(59.0, 0.0)	(60.0, 0.0)	(61.0, 0.0)	(62.0, 0.0)	(63.0, 0.0)	(64.0, 0.0)	(65.0, 0.0)	(66.0, 0.0)	(67.0, 0.0)	(68.0, 0.0)	(69.0, 0.0)	(70.0, 0.0)	(71.0, 0.0)	(72.0, 0.0)	(73.0, 0.0)	(74.0, 0.0)	(75.0, 0.0)	(76.0, 0.0)	(77.0, 0.0)	(78.0, 0.0)	(79.0, 0.0)	(80.0, 0.0)	(81.0, 0.0)	(82.0, 0.0)	(83.0, 0.0)	(84.0, 0.0)	(85.0, 0.0)	(86.0, 0.0)	(87.0, 0.0)	(88.0, 0.0)	(89.0, 0.0)	(90.0, 0.0)	(91.0, 0.0)	(92.0, 0.0)	(93.0, 0.0)	(94.0, 0.0)	(95.0, 0.0)	(96.0, 0.0)	(97.0, 0.0)	(98.0, 0.0)	(99.0, 0.0)	(100.0, 0.0)
FAY99780_pass_barcode01_98e12ebb_5ad7f319_88	(0.0, 0.0)	(1.0, 0.0)	(2.0, 0.0)	(3.0, 0.0)	(4.0, 0.0)	(5.0, 0.0)	(6.0, 0.0)	(7.0, 0.0)	(8.0, 0.0)	(9.0, 0.0)	(10.0, 0.0)	(11.0, 0.0)	(12.0, 0.0)	(13.0, 0.0)	(14.0, 0.0)	(15.0, 0.0)	(16.0, 0.0)	(17.0, 0.0)	(18.0, 0.0)	(19.0, 0.0)	(20.0, 0.0)	(21.0, 0.0)	(22.0, 0.0)	(23.0, 0.0)	(24.0, 0.0)	(25.0, 0.0)	(26.0, 0.0)	(27.0, 0.0)	(28.0, 0.0)	(29.0, 1.5178549893935471)	(30.0, 1.686765145947745)	(31.0, 0.6168578679666785)	(32.0, 1.77103079212731)	(33.0, 3.8340293620433363)	(34.0, 3.6164523454095967)	(35.0, 6.8428990392447835)	(36.0, 8.282512845443954)	(37.0, 11.585880822120764)	(38.0, 11.486814685600958)	(39.0, 9.816372235208087)	(40.0, 9.641757121140147)	(41.0, 6.14026172566511)	(42.0, 4.045761119905508)	(43.0, 2.4606918981491153)	(44.0, 1.9900765416493174)	(45.0, 1.2367707320984458)	(46.0, 0.647485853863304)	(47.0, 0.0)	(48.0, 2.720895610616581)	(49.0, 4.872876684467877)	(50.0, 2.1569886253257966)	(51.0, 0.13492044350164864)	(52.0, 0.3710312196295337)	(53.0, 0.3710312196295337)	(54.0, 0.0)	(55.0, 0.7420624392590675)	(56.0, 0.7420624392590675)	(57.0, 0.0)	(58.0, 0.0)	(59.0, 0.0)	(60.0, 0.0)	(61.0, 0.0)	(62.0, 0.0)	(63.0, 0.29682497570362704)	(64.0, 0.0)	(65.0, 0.3710312196295337)	(66.0, 0.0)	(67.0, 0.0)	(68.0, 0.0)	(69.0, 0.0)	(70.0, 0.0)	(71.0, 0.0)	(72.0, 0.0)	(73.0, 0.0)	(74.0, 0.0)	(75.0, 0.0)	(76.0, 0.0)	(77.0, 0.0)	(78.0, 0.0)	(79.0, 0.0)	(80.0, 0.0)	(81.0, 0.0)	(82.0, 0.0)	(83.0, 0.0)	(84.0, 0.0)	(85.0, 0.0)	(86.0, 0.0)	(87.0, 0.0)	(88.0, 0.0)	(89.0, 0.0)	(90.0, 0.0)	(91.0, 0.0)	(92.0, 0.0)	(93.0, 0.0)	(94.0, 0.0)	(95.0, 0.0)	(96.0, 0.0)	(97.0, 0.0)	(98.0, 0.0)	(99.0, 0.0)	(100.0, 0.0)
FAY99780_pass_barcode01_98e12ebb_5ad7f319_89	(0.0, 0.0)	(1.0, 0.0)	(2.0, 0.0)	(3.0, 0.0)	(4.0, 0.0)	(5.0, 0.0)	(6.0, 0.0)	(7.0, 0.0)	(8.0, 0.0)	(9.0, 0.0)	(10.0, 0.47168035795824664)	(11.0, 0.9433607159164933)	(12.0, 0.9433607159164933)	(13.0, 0.9433607159164933)	(14.0, 0.9433607159164933)	(15.0, 0.9433607159164933)	(16.0, 0.9433607159164933)	(17.0, 0.9433607159164933)	(18.0, 0.9433607159164933)	(19.0, 0.9433607159164933)	(20.0, 0.9433607159164933)	(21.0, 0.9433607159164933)	(22.0, 0.9433607159164933)	(23.0, 0.9433607159164933)	(24.0, 0.9433607159164933)	(25.0, 0.9433607159164933)	(26.0, 0.9433607159164933)	(27.0, 1.2096318857316326)	(28.0, 1.0521295789489935)	(29.0, 0.9882826547696597)	(30.0, 1.0740427198529772)	(31.0, 1.8990635199149934)	(32.0, 0.8080251976741285)	(33.0, 2.2673946204065665)	(34.0, 3.2933679835361627)	(35.0, 5.822952015570864)	(36.0, 7.622774730431929)	(37.0, 8.666456138079209)	(38.0, 9.996034446207876)	(39.0, 8.661713390529634)	(40.0, 6.59597434759716)	(41.0, 5.845521786134294)	(42.0, 4.119131494220158)	(43.0, 4.211642544910049)	(44.0, 3.754689722211753)	(45.0, 1.067080586243905)	(46.0, 0.8175792871276276)	(47.0, 0.8647473229234521)	(48.0, 1.0062514303109262)	(49.0, 0.0)	(50.0, 0.18867214318329867)	(51.0, 0.8718939950137287)	(52.0, 0.47168035795824664)	(53.0, 0.0)	(54.0, 0.31445357197216445)	(55.0, 0.31445357197216445)	(56.0, 0.0)	(57.0, 0.0)	(58.0, 0.0)	(59.0, 0.0)	(60.0, 0.0)	(61.0, 0.0)	(62.0, 0.0)	(63.0, 0.0)	(64.0, 0.0)	(65.0, 0.0)	(66.0, 0.0)	(67.0, 0.0)	(68.0, 0.0)	(69.0, 0.0)	(70.0, 0.0)	(71.0, 0.0)	(72.0, 0.0)	(73.0, 0.0)	(74.0, 0.0)	(75.0, 0.0)	(76.0, 0.0)	(77.0, 0.0)	(78.0, 0.0)	(79.0, 0.0)	(80.0, 0.0)	(81.0, 0.31445357197216445)	(82.0, 0.31445357197216445)	(83.0, 0.0)	(84.0, 0.0)	(85.0, 0.0)	(86.0, 0.0)	(87.0, 0.0)	(88.0, 0.0)	(89.0, 0.0)	(90.0, 0.0)	(91.0, 0.0)	(92.0, 0.0)	(93.0, 0.0)	(94.0, 0.0)	(95.0, 0.0)	(96.0, 0.0)	(97.0, 0.0)	(98.0, 0.0)	(99.0, 0.0)	(100.0, 0.0)
FAY99780_pass_barcode01_98e12ebb_5ad7f319_9	(0.0, 0.0)	(1.0, 0.0)	(2.0, 0.0)	(3.0, 0.0)	(4.0, 0.0)	(5.0, 0.0)	(6.0, 0.0)	(7.0, 0.0)	(8.0, 0.0)	(9.0, 0.0)	(10.0, 0.0)	(11.0, 0.0)	(12.0, 0.0)	(13.0, 0.0)	(14.0, 0.0)	(15.0, 0.0)	(16.0, 0.0)	(17.0, 0.0)	(18.0, 0.0)	(19.0, 0.0)	(20.0, 0.0)	(21.0, 0.0)	(22.0, 0.0)	(23.0, 0.0)	(24.0, 0.3463597079768359)	(25.0, 0.5195395619652539)	(26.0, 0.29148677281418817)	(27.0, 0.016895595511065165)	(28.0, 0.6332291680485596)	(29.0, 0.3962419423428378)	(30.0, 0.9358164632082722)	(31.0, 0.9557973474033211)	(32.0, 2.486442441852466)	(33.0, 4.469822141436336)	(34.0, 4.003375316083606)	(35.0, 5.773864616947394)	(36.0, 8.040658915685974)	(37.0, 10.221040559634984)	(38.0, 9.512827143446497)	(39.0, 8.9754516323536)	(40.0, 7.018827399106082)	(41.0, 5.96847986331693)	(42.0, 5.207251778045903)	(43.0, 4.461597388011886)	(44.0, 2.383934394095111)	(45.0, 1.3175663234755193)	(46.0, 0.9250253211017719)	(47.0, 0.4618129439691145)	(48.0, 0.2938809643439819)	(49.0, 0.263893110839494)	(50.0, 0.1259489847188494)	(51.0, 0.0)	(52.0, 0.06927194159536719)	(53.0, 0.06927194159536719)	(54.0, 0.0)	(55.0, 0.0)	(56.0, 0.0)	(57.0, 0.0)	(58.0, 0.0)	(59.0, 0.0)	(60.0, 0.0)	(61.0, 0.0)	(62.0, 0.0)	(63.0, 0.0)	(64.0, 0.0)	(65.0, 0.0)	(66.0, 0.0)	(67.0, 0.0)	(68.0, 0.0)	(69.0, 0.0)	(70.0, 0.3463597079768359)	(71.0, 0.6927194159536718)	(72.0, 0.6927194159536718)	(73.0, 0.6927194159536718)	(74.0, 0.6927194159536718)	(75.0, 0.6927194159536718)	(76.0, 0.6927194159536718)	(77.0, 0.6927194159536718)	(78.0, 0.6927194159536718)	(79.0, 0.6927194159536718)	(80.0, 0.6927194159536718)	(81.0, 0.6927194159536718)	(82.0, 0.6927194159536718)	(83.0, 0.6927194159536718)	(84.0, 0.6927194159536718)	(85.0, 0.6927194159536718)	(86.0, 0.6927194159536718)	(87.0, 0.6927194159536718)	(88.0, 0.6927194159536718)	(89.0, 0.6927194159536718)	(90.0, 0.3463597079768359)	(91.0, 0.0)	(92.0, 0.0)	(93.0, 0.0)	(94.0, 0.0)	(95.0, 0.0)	(96.0, 0.0)	(97.0, 0.0)	(98.0, 0.0)	(99.0, 0.0)	(100.0, 0.0)
FAY99780_pass_barcode01_98e12ebb_5ad7f319_90	(0.0, 0.0)	(1.0, 0.0)	(2.0, 0.0)	(3.0, 0.0)	(4.0, 0.0)	(5.0, 0.0)	(6.0, 0.0)	(7.0, 0.0)	(8.0, 0.0)	(9.0, 0.0)	(10.0, 0.0)	(11.0, 0.0)	(12.0, 0.0)	(13.0, 0.0)	(14.0, 0.0)	(15.0, 0.0)	(16.0, 0.0)	(17.0, 0.0)	(18.0, 0.0)	(19.0, 0.0)	(20.0, 0.0)	(21.0, 0.0)	(22.0, 0.0)	(23.0, 0.0)	(24.0, 0.0)	(25.0, 0.4518041772480432)	(26.0, 0.0)	(27.0, 0.0)	(28.0, 0.09112017020128603)	(29.0, 0.9102176574777281)	(30.0, 0.8816325129892209)	(31.0, 0.37252853295734756)	(32.0, 1.5665134805137273)	(33.0, 1.1423615036343797)	(34.0, 2.729188141076294)	(35.0, 4.959613062965038)	(36.0, 8.333671719145327)	(37.0, 12.784985053045913)	(38.0, 14.770184366868833)	(39.0, 16.481200979569387)	(40.0, 11.003223684706342)	(41.0, 7.062665936655539)	(42.0, 5.043903990777702)	(43.0, 2.3144695807206577)	(44.0, 1.455611038795107)	(45.0, 1.0338687796247432)	(46.0, 1.129510443120108)	(47.0, 1.3703071749501092)	(48.0, 1.323140804797841)	(49.0, 0.9810604991671797)	(50.0, 0.4518041772480432)	(51.0, 0.4518041772480432)	(52.0, 0.0)	(53.0, 0.0)	(54.0, 0.0)	(55.0, 0.0)	(56.0, 0.0)	(57.0, 0.0)	(58.0, 0.0)	(59.0, 0.0)	(60.0, 0.0)	(61.0, 0.0)	(62.0, 0.0)	(63.0, 0.0)	(64.0, 0.0)	(65.0, 0.0)	(66.0, 0.0)	(67.0, 0.0)	(68.0, 0.0)	(69.0, 0.4518041772480432)	(70.0, 0.4518041772480432)	(71.0, 0.0)	(72.0, 0.0)	(73.0, 0.0)	(74.0, 0.0)	(75.0, 0.0)	(76.0, 0.0)	(77.0, 0.0)	(78.0, 0.0)	(79.0, 0.0)	(80.0, 0.0)	(81.0, 0.0)	(82.0, 0.0)	(83.0, 0.0)	(84.0, 0.0)	(85.0, 0.0)	(86.0, 0.0)	(87.0, 0.0)	(88.0, 0.0)	(89.0, 0.0)	(90.0, 0.0)	(91.0, 0.0)	(92.0, 0.0)	(93.0, 0.0)	(94.0, 0.0)	(95.0, 0.0)	(96.0, 0.0)	(97.0, 0.0)	(98.0, 0.0)	(99.0, 0.0)	(100.0, 0.0)
FAY99780_pass_barcode01_98e12ebb_5ad7f319_91	(0.0, 0.0)	(1.0, 0.0)	(2.0, 0.0)	(3.0, 0.0)	(4.0, 0.0)	(5.0, 0.0)	(6.0, 0.0)	(7.0, 0.0)	(8.0, 0.0)	(9.0, 0.0)	(10.0, 0.0)	(11.0, 0.0)	(12.0, 0.0)	(13.0, 0.0)	(14.0, 0.0)	(15.0, 0.0)	(16.0, 0.0)	(17.0, 0.0)	(18.0, 0.0)	(19.0, 0.0)	(20.0, 0.0)	(21.0, 0.0)	(22.0, 0.0)	(23.0, 0.0)	(24.0, 0.0)	(25.0, 0.0)	(26.0, 0.0737974205702562)	(27.0, 0.0)	(28.0, 0.017030173977751435)	(29.0, 0.43742825902530896)	(30.0, 1.200108052810203)	(31.0, 1.600577233808011)	(32.0, 1.8724205605856366)	(33.0, 2.04363510670908)	(34.0, 4.747140741261273)	(35.0, 5.205411372814491)	(36.0, 5.870591650957369)	(37.0, 11.683307237348721)	(38.0, 15.507551499683366)	(39.0, 11.298328672896892)	(40.0, 11.515389478846998)	(41.0, 6.191022248483468)	(42.0, 6.145569275650782)	(43.0, 5.657265796722285)	(44.0, 2.0552581628816355)	(45.0, 0.5165819439917935)	(46.0, 0.9411645700893704)	(47.0, 2.5054224283601982)	(48.0, 0.9778158225558948)	(49.0, 0.7748729159876903)	(50.0, 0.7748729159876903)	(51.0, 0.0)	(52.0, 0.0)	(53.0, 0.0)	(54.0, 0.0)	(55.0, 0.0)	(56.0, 0.0)	(57.0, 0.0)	(58.0, 0.0)	(59.0, 0.0)	(60.0, 0.0)	(61.0, 0.0)	(62.0, 0.0)	(63.0, 0.0)	(64.0, 0.0)	(65.0, 0.0)	(66.0, 0.0)	(67.0, 0.38743645799384513)	(68.0, 0.0)	(69.0, 0.0)	(70.0, 0.0)	(71.0, 0.0)	(72.0, 0.0)	(73.0, 0.0)	(74.0, 0.0)	(75.0, 0.0)	(76.0, 0.0)	(77.0, 0.0)	(78.0, 0.0)	(79.0, 0.0)	(80.0, 0.0)	(81.0, 0.0)	(82.0, 0.0)	(83.0, 0.0)	(84.0, 0.0)	(85.0, 0.0)	(86.0, 0.0)	(87.0, 0.0)	(88.0, 0.0)	(89.0, 0.0)	(90.0, 0.0)	(91.0, 0.0)	(92.0, 0.0)	(93.0, 0.0)	(94.0, 0.0)	(95.0, 0.0)	(96.0, 0.0)	(97.0, 0.0)	(98.0, 0.0)	(99.0, 0.0)	(100.0, 0.0)
FAY99780_pass_barcode01_98e12ebb_5ad7f319_92	(0.0, 0.0)	(1.0, 0.0)	(2.0, 0.0)	(3.0, 0.0)	(4.0, 0.0)	(5.0, 0.0)	(6.0, 0.0)	(7.0, 0.0)	(8.0, 0.0)	(9.0, 0.7199775419356477)	(10.0, 0.7199775419356477)	(11.0, 0.0)	(12.0, 0.0)	(13.0, 0.0)	(14.0, 0.0)	(15.0, 0.0)	(16.0, 0.0)	(17.0, 0.0)	(18.0, 0.0)	(19.0, 0.0)	(20.0, 0.0)	(21.0, 0.0)	(22.0, 0.0)	(23.0, 0.47998502795709846)	(24.0, 0.7679760447313576)	(25.0, 0.4188960243989223)	(26.0, 0.13090500762466323)	(27.0, 0.0)	(28.0, 1.5320142965504286)	(29.0, 2.125529696858146)	(30.0, 1.5661652705365765)	(31.0, 0.3966202746025868)	(32.0, 1.2019616702814528)	(33.0, 2.2439827520807274)	(34.0, 4.393533148011543)	(35.0, 7.278681582422824)	(36.0, 8.507157650884496)	(37.0, 10.93005725151622)	(38.0, 10.525963924512704)	(39.0, 10.687734756837267)	(40.0, 9.55155917920822)	(41.0, 9.079704483949442)	(42.0, 6.160438429317324)	(43.0, 3.0700041101527873)	(44.0, 2.014722406405984)	(45.0, 1.7999438548391193)	(46.0, 0.9599700559141969)	(47.0, 0.47998502795709846)	(48.0, 0.47998502795709846)	(49.0, 0.47998502795709846)	(50.0, 0.6108900355817616)	(51.0, 0.0)	(52.0, 0.47998502795709846)	(53.0, 0.0)	(54.0, 0.20570786912447075)	(55.0, 0.0)	(56.0, 0.0)	(57.0, 0.0)	(58.0, 0.0)	(59.0, 0.0)	(60.0, 0.0)	(61.0, 0.0)	(62.0, 0.0)	(63.0, 0.0)	(64.0, 0.0)	(65.0, 0.0)	(66.0, 0.0)	(67.0, 0.0)	(68.0, 0.0)	(69.0, 0.0)	(70.0, 0.0)	(71.0, 0.0)	(72.0, 0.0)	(73.0, 0.0)	(74.0, 0.0)	(75.0, 0.0)	(76.0, 0.0)	(77.0, 0.0)	(78.0, 0.0)	(79.0, 0.0)	(80.0, 0.0)	(81.0, 0.0)	(82.0, 0.0)	(83.0, 0.0)	(84.0, 0.0)	(85.0, 0.0)	(86.0, 0.0)	(87.0, 0.0)	(88.0, 0.0)	(89.0, 0.0)	(90.0, 0.0)	(91.0, 0.0)	(92.0, 0.0)	(93.0, 0.0)	(94.0, 0.0)	(95.0, 0.0)	(96.0, 0.0)	(97.0, 0.0)	(98.0, 0.0)	(99.0, 0.0)	(100.0, 0.0)
FAY99780_pass_barcode01_98e12ebb_5ad7f319_93	(0.0, 0.0)	(1.0, 0.0)	(2.0, 0.0)	(3.0, 0.0)	(4.0, 0.0)	(5.0, 0.0)	(6.0, 0.0)	(7.0, 0.0)	(8.0, 0.0)	(9.0, 0.0)	(10.0, 0.0)	(11.0, 0.0)	(12.0, 0.0)	(13.0, 0.0)	(14.0, 0.0)	(15.0, 0.0)	(16.0, 0.0)	(17.0, 0.0)	(18.0, 0.0)	(19.0, 0.0)	(20.0, 0.0)	(21.0, 0.0)	(22.0, 0.0)	(23.0, 0.0)	(24.0, 0.7671246294964139)	(25.0, 0.7671246294964139)	(26.0, 0.0)	(27.0, 0.05169246329663767)	(28.0, 0.38356231474820696)	(29.0, 0.21339030186696023)	(30.0, 1.3862249126328665)	(31.0, 0.7730307257122222)	(32.0, 1.6830535027487894)	(33.0, 2.795185499950047)	(34.0, 4.803326190203505)	(35.0, 7.056367781225783)	(36.0, 8.042513493259348)	(37.0, 11.73778352051676)	(38.0, 12.897723275043727)	(39.0, 11.010974147010016)	(40.0, 10.490457348957525)	(41.0, 5.9144940862728115)	(42.0, 6.076744383009398)	(43.0, 3.244020593691299)	(44.0, 2.147948962589959)	(45.0, 3.591538038096847)	(46.0, 2.4919927358186533)	(47.0, 0.39518541519512235)	(48.0, 0.8949787344124829)	(49.0, 0.0)	(50.0, 0.38356231474820696)	(51.0, 0.0)	(52.0, 0.0)	(53.0, 0.0)	(54.0, 0.0)	(55.0, 0.0)	(56.0, 0.0)	(57.0, 0.0)	(58.0, 0.0)	(59.0, 0.0)	(60.0, 0.0)	(61.0, 0.0)	(62.0, 0.0)	(63.0, 0.0)	(64.0, 0.0)	(65.0, 0.0)	(66.0, 0.0)	(67.0, 0.0)	(68.0, 0.0)	(69.0, 0.0)	(70.0, 0.0)	(71.0, 0.0)	(72.0, 0.0)	(73.0, 0.0)	(74.0, 0.0)	(75.0, 0.0)	(76.0, 0.0)	(77.0, 0.0)	(78.0, 0.0)	(79.0, 0.0)	(80.0, 0.0)	(81.0, 0.0)	(82.0, 0.0)	(83.0, 0.0)	(84.0, 0.0)	(85.0, 0.0)	(86.0, 0.0)	(87.0, 0.0)	(88.0, 0.0)	(89.0, 0.0)	(90.0, 0.0)	(91.0, 0.0)	(92.0, 0.0)	(93.0, 0.0)	(94.0, 0.0)	(95.0, 0.0)	(96.0, 0.0)	(97.0, 0.0)	(98.0, 0.0)	(99.0, 0.0)	(100.0, 0.0)
FAY99780_pass_barcode01_98e12ebb_5ad7f319_94	(0.0, 0.0)	(1.0, 0.0)	(2.0, 0.0)	(3.0, 0.0)	(4.0, 0.0)	(5.0, 0.0)	(6.0, 0.0)	(7.0, 0.0)	(8.0, 0.0)	(9.0, 0.0)	(10.0, 0.0)	(11.0, 0.0)	(12.0, 0.0)	(13.0, 0.0)	(14.0, 0.0)	(15.0, 0.0)	(16.0, 0.0)	(17.0, 0.0)	(18.0, 0.0)	(19.0, 0.0)	(20.0, 0.0)	(21.0, 0.0)	(22.0, 0.6023203966298478)	(23.0, 1.2046407932596956)	(24.0, 1.2046407932596956)	(25.0, 1.2046407932596956)	(26.0, 1.2046407932596956)	(27.0, 1.2046407932596956)	(28.0, 1.2046407932596956)	(29.0, 0.6745563524866903)	(30.0, 1.6001280599976113)	(31.0, 1.7737639301449777)	(32.0, 0.8758869080542502)	(33.0, 1.5334856529666687)	(34.0, 2.5555244436312106)	(35.0, 3.3387972493712517)	(36.0, 5.811741382181981)	(37.0, 9.00355322518321)	(38.0, 9.020798613726873)	(39.0, 8.38817978150692)	(40.0, 7.383718518987152)	(41.0, 4.865827915017679)	(42.0, 4.614909169668568)	(43.0, 2.5813731284136336)	(44.0, 3.2133513053207254)	(45.0, 1.8069611898895437)	(46.0, 1.5058009915746196)	(47.0, 0.6023203966298478)	(48.0, 0.10951279938724506)	(49.0, 0.40154693108656525)	(50.0, 0.10951279938724506)	(51.0, 0.6023203966298478)	(52.0, 0.6023203966298478)	(53.0, 0.0)	(54.0, 0.0)	(55.0, 0.0)	(56.0, 0.0)	(57.0, 0.0)	(58.0, 0.0)	(59.0, 0.0)	(60.0, 0.0)	(61.0, 0.0)	(62.0, 0.0)	(63.0, 0.0)	(64.0, 0.6023203966298478)	(65.0, 1.4455689519116348)	(66.0, 1.686497110563574)	(67.0, 1.606187724346261)	(68.0, 1.2046407932596956)	(69.0, 1.2046407932596956)	(70.0, 1.2046407932596956)	(71.0, 1.2046407932596956)	(72.0, 1.2046407932596956)	(73.0, 1.2046407932596956)	(74.0, 1.2046407932596956)	(75.0, 1.2046407932596956)	(76.0, 1.2046407932596956)	(77.0, 1.2046407932596956)	(78.0, 1.2046407932596956)	(79.0, 0.6023203966298478)	(80.0, 0.0)	(81.0, 0.0)	(82.0, 0.0)	(83.0, 0.0)	(84.0, 0.0)	(85.0, 0.0)	(86.0, 0.0)	(87.0, 0.0)	(88.0, 0.0)	(89.0, 0.0)	(90.0, 0.0)	(91.0, 0.0)	(92.0, 0.0)	(93.0, 0.0)	(94.0, 0.0)	(95.0, 0.0)	(96.0, 0.0)	(97.0, 0.0)	(98.0, 0.0)	(99.0, 0.0)	(100.0, 0.0)
FAY99780_pass_barcode01_98e12ebb_5ad7f319_95	(0.0, 0.0)	(1.0, 0.0)	(2.0, 0.0)	(3.0, 0.0)	(4.0, 0.0)	(5.0, 0.0)	(6.0, 0.0)	(7.0, 0.0)	(8.0, 0.0)	(9.0, 0.0)	(10.0, 0.0)	(11.0, 0.0)	(12.0, 0.0)	(13.0, 0.0)	(14.0, 0.0)	(15.0, 0.0)	(16.0, 0.0)	(17.0, 0.0)	(18.0, 0.0)	(19.0, 0.0)	(20.0, 0.0)	(21.0, 0.0)	(22.0, 0.0)	(23.0, 0.0)	(24.0, 0.0)	(25.0, 0.0)	(26.0, 0.0)	(27.0, 0.28790123443332255)	(28.0, 0.06854791296031487)	(29.0, 0.18501774074534488)	(30.0, 0.3574973683313573)	(31.0, 0.6040460394161885)	(32.0, 2.875506921996449)	(33.0, 3.5449980787563278)	(34.0, 4.986672942134261)	(35.0, 7.2128348261578115)	(36.0, 7.396179164740242)	(37.0, 11.767048727455968)	(38.0, 14.566039681273383)	(39.0, 12.526842014873306)	(40.0, 9.375412177807608)	(41.0, 4.336788702061697)	(42.0, 4.701670021929456)	(43.0, 5.859709559231664)	(44.0, 2.332498529185987)	(45.0, 0.9602939442895021)	(46.0, 1.1995884768055105)	(47.0, 1.6794238675277142)	(48.0, 0.7197530860833062)	(49.0, 1.0282186944047231)	(50.0, 0.9596707814444083)	(51.0, 0.0)	(52.0, 0.0)	(53.0, 0.0)	(54.0, 0.28790123443332255)	(55.0, 0.0)	(56.0, 0.0)	(57.0, 0.0)	(58.0, 0.0)	(59.0, 0.0)	(60.0, 0.0)	(61.0, 0.0)	(62.0, 0.0)	(63.0, 0.0)	(64.0, 0.0)	(65.0, 0.0)	(66.0, 0.0)	(67.0, 0.0)	(68.0, 0.0)	(69.0, 0.0)	(70.0, 0.0)	(71.0, 0.0)	(72.0, 0.0)	(73.0, 0.0)	(74.0, 0.17993827152082656)	(75.0, 0.0)	(76.0, 0.0)	(77.0, 0.0)	(78.0, 0.0)	(79.0, 0.0)	(80.0, 0.0)	(81.0, 0.0)	(82.0, 0.0)	(83.0, 0.0)	(84.0, 0.0)	(85.0, 0.0)	(86.0, 0.0)	(87.0, 0.0)	(88.0, 0.0)	(89.0, 0.0)	(90.0, 0.0)	(91.0, 0.0)	(92.0, 0.0)	(93.0, 0.0)	(94.0, 0.0)	(95.0, 0.0)	(96.0, 0.0)	(97.0, 0.0)	(98.0, 0.0)	(99.0, 0.0)	(100.0, 0.0)
FAY99780_pass_barcode01_98e12ebb_5ad7f319_96	(0.0, 0.0)	(1.0, 0.0)	(2.0, 0.0)	(3.0, 0.0)	(4.0, 0.0)	(5.0, 0.0)	(6.0, 0.0)	(7.0, 0.0)	(8.0, 0.0)	(9.0, 0.0)	(10.0, 0.0)	(11.0, 0.0)	(12.0, 0.0)	(13.0, 0.0)	(14.0, 0.0)	(15.0, 0.0)	(16.0, 0.0)	(17.0, 0.0)	(18.0, 0.0)	(19.0, 0.0)	(20.0, 0.6250847864395221)	(21.0, 1.2501695728790443)	(22.0, 1.2501695728790443)	(23.0, 0.6250847864395221)	(24.0, 0.0)	(25.0, 0.1136517793526404)	(26.0, 0.0)	(27.0, 0.0)	(28.0, 0.3175033835883287)	(29.0, 0.3042527383458319)	(30.0, 0.22324273647210435)	(31.0, 1.1213366590630913)	(32.0, 1.3989938262780306)	(33.0, 2.606484677334224)	(34.0, 3.4713814851669857)	(35.0, 6.876802165162187)	(36.0, 5.679721478327568)	(37.0, 9.178154707780887)	(38.0, 12.740100837756307)	(39.0, 11.835742680138713)	(40.0, 8.557719498470098)	(41.0, 6.961420839371302)	(42.0, 5.741437699282765)	(43.0, 4.445678769010784)	(44.0, 2.4294420834000126)	(45.0, 2.6265928569829455)	(46.0, 3.010419155471724)	(47.0, 1.3543503706189646)	(48.0, 1.8847253409312863)	(49.0, 1.5721829477115252)	(50.0, 0.13125980150586636)	(51.0, 0.0)	(52.0, 0.0)	(53.0, 0.0)	(54.0, 0.0)	(55.0, 0.0)	(56.0, 0.0)	(57.0, 0.0)	(58.0, 0.0)	(59.0, 0.0)	(60.0, 0.0)	(61.0, 0.0)	(62.0, 0.0)	(63.0, 0.4167231909596814)	(64.0, 0.4167231909596814)	(65.0, 0.4167231909596814)	(66.0, 0.0)	(67.0, 0.0)	(68.0, 0.0)	(69.0, 0.0)	(70.0, 0.0)	(71.0, 0.0)	(72.0, 0.0)	(73.0, 0.0)	(74.0, 0.0)	(75.0, 0.4167231909596814)	(76.0, 0.0)	(77.0, 0.0)	(78.0, 0.0)	(79.0, 0.0)	(80.0, 0.0)	(81.0, 0.0)	(82.0, 0.0)	(83.0, 0.0)	(84.0, 0.0)	(85.0, 0.0)	(86.0, 0.0)	(87.0, 0.0)	(88.0, 0.0)	(89.0, 0.0)	(90.0, 0.0)	(91.0, 0.0)	(92.0, 0.0)	(93.0, 0.0)	(94.0, 0.0)	(95.0, 0.0)	(96.0, 0.0)	(97.0, 0.0)	(98.0, 0.0)	(99.0, 0.0)	(100.0, 0.0)
FAY99780_pass_barcode01_98e12ebb_5ad7f319_97	(0.0, 0.0)	(1.0, 0.0)	(2.0, 0.0)	(3.0, 0.0)	(4.0, 0.0)	(5.0, 0.0)	(6.0, 0.0)	(7.0, 0.0)	(8.0, 0.0)	(9.0, 0.0)	(10.0, 0.0)	(11.0, 0.0)	(12.0, 0.0)	(13.0, 0.0)	(14.0, 0.0)	(15.0, 0.0)	(16.0, 0.0)	(17.0, 0.0)	(18.0, 0.0)	(19.0, 0.0)	(20.0, 0.0)	(21.0, 0.0)	(22.0, 0.0)	(23.0, 0.0)	(24.0, 0.0)	(25.0, 0.0)	(26.0, 0.0)	(27.0, 0.0)	(28.0, 0.2715184348081796)	(29.0, 0.04817262553048347)	(30.0, 1.6341492912877447)	(31.0, 2.0266006562792565)	(32.0, 2.078807305933687)	(33.0, 2.9155971247109123)	(34.0, 4.458872811135125)	(35.0, 7.2898023208382945)	(36.0, 7.916884827099231)	(37.0, 12.519331657619063)	(38.0, 11.842743819015375)	(39.0, 11.55653488324611)	(40.0, 8.06122256475127)	(41.0, 8.192021108187737)	(42.0, 7.40545668004213)	(43.0, 3.5953566075849777)	(44.0, 2.301118734999322)	(45.0, 1.0097899885008965)	(46.0, 0.0)	(47.0, 0.7466756957224938)	(48.0, 1.006880862413666)	(49.0, 0.0)	(50.0, 0.1357592174040898)	(51.0, 0.0)	(52.0, 0.0)	(53.0, 0.0)	(54.0, 0.7466756957224938)	(55.0, 0.7466756957224938)	(56.0, 0.0)	(57.0, 0.0)	(58.0, 0.0)	(59.0, 0.0)	(60.0, 0.0)	(61.0, 0.7466756957224938)	(62.0, 0.7466756957224938)	(63.0, 0.0)	(64.0, 0.0)	(65.0, 0.0)	(66.0, 0.0)	(67.0, 0.0)	(68.0, 0.0)	(69.0, 0.0)	(70.0, 0.0)	(71.0, 0.0)	(72.0, 0.0)	(73.0, 0.0)	(74.0, 0.0)	(75.0, 0.0)	(76.0, 0.0)	(77.0, 0.0)	(78.0, 0.0)	(79.0, 0.0)	(80.0, 0.0)	(81.0, 0.0)	(82.0, 0.0)	(83.0, 0.0)	(84.0, 0.0)	(85.0, 0.0)	(86.0, 0.0)	(87.0, 0.0)	(88.0, 0.0)	(89.0, 0.0)	(90.0, 0.0)	(91.0, 0.0)	(92.0, 0.0)	(93.0, 0.0)	(94.0, 0.0)	(95.0, 0.0)	(96.0, 0.0)	(97.0, 0.0)	(98.0, 0.0)	(99.0, 0.0)	(100.0, 0.0)
FAY99780_pass_barcode01_98e12ebb_5ad7f319_98	(0.0, 0.0)	(1.0, 0.0)	(2.0, 0.0)	(3.0, 0.0)	(4.0, 0.0)	(5.0, 0.0)	(6.0, 0.0)	(7.0, 0.0)	(8.0, 0.0)	(9.0, 0.0)	(10.0, 0.0)	(11.0, 0.0)	(12.0, 0.0)	(13.0, 0.0)	(14.0, 0.0)	(15.0, 0.0)	(16.0, 0.0)	(17.0, 0.0)	(18.0, 0.0)	(19.0, 0.0)	(20.0, 0.0)	(21.0, 0.0)	(22.0, 0.0)	(23.0, 0.0)	(24.0, 0.0)	(25.0, 0.2375974887065862)	(26.0, 0.0)	(27.0, 0.0)	(28.0, 0.3949672539538056)	(29.0, 0.9247078148519259)	(30.0, 1.1824332165242055)	(31.0, 0.21517591704529024)	(32.0, 1.994289660766849)	(33.0, 4.380141594062588)	(34.0, 5.620190761059487)	(35.0, 4.344721024062536)	(36.0, 10.078520249612339)	(37.0, 13.738011249106584)	(38.0, 12.539565856676141)	(39.0, 11.907577566382937)	(40.0, 7.768812894412545)	(41.0, 7.47566562609911)	(42.0, 5.9804483369294745)	(43.0, 3.2315072549325183)	(44.0, 1.471571542956921)	(45.0, 2.07297090073502)	(46.0, 1.4255849322395173)	(47.0, 1.187987443532931)	(48.0, 0.4751949774131724)	(49.0, 0.034770364200963834)	(50.0, 0.48599486326347185)	(51.0, 0.0)	(52.0, 0.5939937217664655)	(53.0, 0.2375974887065862)	(54.0, 0.0)	(55.0, 0.0)	(56.0, 0.0)	(57.0, 0.0)	(58.0, 0.0)	(59.0, 0.0)	(60.0, 0.0)	(61.0, 0.0)	(62.0, 0.0)	(63.0, 0.0)	(64.0, 0.0)	(65.0, 0.0)	(66.0, 0.0)	(67.0, 0.0)	(68.0, 0.0)	(69.0, 0.0)	(70.0, 0.0)	(71.0, 0.0)	(72.0, 0.0)	(73.0, 0.0)	(74.0, 0.0)	(75.0, 0.0)	(76.0, 0.0)	(77.0, 0.0)	(78.0, 0.0)	(79.0, 0.0)	(80.0, 0.0)	(81.0, 0.0)	(82.0, 0.0)	(83.0, 0.0)	(84.0, 0.0)	(85.0, 0.0)	(86.0, 0.0)	(87.0, 0.0)	(88.0, 0.0)	(89.0, 0.0)	(90.0, 0.0)	(91.0, 0.0)	(92.0, 0.0)	(93.0, 0.0)	(94.0, 0.0)	(95.0, 0.0)	(96.0, 0.0)	(97.0, 0.0)	(98.0, 0.0)	(99.0, 0.0)	(100.0, 0.0)
FAY99780_pass_barcode01_98e12ebb_5ad7f319_99	(0.0, 0.0)	(1.0, 0.0)	(2.0, 0.0)	(3.0, 0.0)	(4.0, 0.0)	(5.0, 0.0)	(6.0, 0.0)	(7.0, 0.0)	(8.0, 0.0)	(9.0, 0.0)	(10.0, 0.0)	(11.0, 0.0)	(12.0, 0.0)	(13.0, 0.0)	(14.0, 0.0)	(15.0, 0.0)	(16.0, 0.0)	(17.0, 0.7448369685022849)	(18.0, 0.7448369685022849)	(19.0, 0.0)	(20.0, 0.0)	(21.0, 0.0)	(22.0, 0.0)	(23.0, 0.0)	(24.0, 0.0)	(25.0, 0.0)	(26.0, 0.0)	(27.0, 0.32163414548962305)	(28.0, 0.1354249033640518)	(29.0, 0.14884538928301191)	(30.0, 0.7136147184857151)	(31.0, 1.87762129416487)	(32.0, 3.1454246741442566)	(33.0, 2.5663868422456027)	(34.0, 3.7915903836162133)	(35.0, 3.185882848541049)	(36.0, 6.74877378803017)	(37.0, 10.54654228131998)	(38.0, 12.191691307010668)	(39.0, 13.476410525852934)	(40.0, 13.124830495329478)	(41.0, 11.137613763298877)	(42.0, 4.984624567131944)	(43.0, 2.1957454728527406)	(44.0, 3.04730730119882)	(45.0, 0.8759946839285233)	(46.0, 0.6620773053353644)	(47.0, 0.1354249033640518)	(48.0, 0.1354249033640518)	(49.0, 0.37241848425114243)	(50.0, 0.2708498067281036)	(51.0, 0.1354249033640518)	(52.0, 0.1354249033640518)	(53.0, 0.7448369685022849)	(54.0, 0.957647530931509)	(55.0, 0.0)	(56.0, 0.0)	(57.0, 0.37241848425114243)	(58.0, 0.37241848425114243)	(59.0, 0.0)	(60.0, 0.0)	(61.0, 0.0)	(62.0, 0.0)	(63.0, 0.0)	(64.0, 0.0)	(65.0, 0.0)	(66.0, 0.0)	(67.0, 0.0)	(68.0, 0.0)	(69.0, 0.0)	(70.0, 0.0)	(71.0, 0.0)	(72.0, 0.0)	(73.0, 0.0)	(74.0, 0.0)	(75.0, 0.0)	(76.0, 0.0)	(77.0, 0.0)	(78.0, 0.0)	(79.0, 0.0)	(80.0, 0.0)	(81.0, 0.0)	(82.0, 0.0)	(83.0, 0.0)	(84.0, 0.0)	(85.0, 0.0)	(86.0, 0.0)	(87.0, 0.0)	(88.0, 0.0)	(89.0, 0.0)	(90.0, 0.0)	(91.0, 0.0)	(92.0, 0.0)	(93.0, 0.0)	(94.0, 0.0)	(95.0, 0.0)	(96.0, 0.0)	(97.0, 0.0)	(98.0, 0.0)	(99.0, 0.0)	(100.0, 0.0)
