Sample	0	1	2	3	4	5	6	7	8	9	10	11	12	13	14	15	16	17	18	19	20	21	22	23	24	25	26	27	28	29	30	31	32	33	34	35	36	37	38	39	40	41	42	43	44	45	46	47	48	49	50	51	52	53	54	55	56	57	58	59	60	61	62	63	64	65	66	67	68	69	70	71	72	73	74	75	76	77	78	79	80	81	82	83	84	85	86	87	88	89	90	91	92	93	94	95	96	97	98	99	100
FAY99780_pass_barcode08_98e12ebb_5ad7f319_0	(0.0, 0.0)	(1.0, 0.0)	(2.0, 0.0)	(3.0, 0.0)	(4.0, 0.0)	(5.0, 0.0)	(6.0, 0.0)	(7.0, 0.0)	(8.0, 0.0)	(9.0, 0.0)	(10.0, 0.0)	(11.0, 0.0)	(12.0, 0.0)	(13.0, 0.0)	(14.0, 0.0)	(15.0, 0.0)	(16.0, 0.0)	(17.0, 0.0)	(18.0, 0.0)	(19.0, 0.0)	(20.0, 0.0)	(21.0, 0.0)	(22.0, 0.0)	(23.0, 0.0)	(24.0, 0.0)	(25.0, 0.4666643419002636)	(26.0, 0.4666643419002636)	(27.0, 0.629996861565356)	(28.0, 1.854990759053548)	(29.0, 2.2401501306403553)	(30.0, 1.2818117962585163)	(31.0, 1.8990814484993193)	(32.0, 3.2969630477683878)	(33.0, 2.8878644014996824)	(34.0, 5.589012561440354)	(35.0, 7.918850150395093)	(36.0, 5.5636944340357015)	(37.0, 4.432671918474321)	(38.0, 8.485325300709441)	(39.0, 9.01667956786662)	(40.0, 6.22794877241224)	(41.0, 7.30556966668994)	(42.0, 8.5288969058142)	(43.0, 5.333306764574441)	(44.0, 3.6833149842842228)	(45.0, 3.383316478776911)	(46.0, 2.146655972741213)	(47.0, 1.3999930257007909)	(48.0, 1.8666573676010545)	(49.0, 1.8666573676010545)	(50.0, 0.827268606095922)	(51.0, 0.0)	(52.0, 0.0)	(53.0, 0.0)	(54.0, 0.0)	(55.0, 0.0)	(56.0, 0.0)	(57.0, 0.0)	(58.0, 0.0)	(59.0, 0.0)	(60.0, 0.0)	(61.0, 0.0)	(62.0, 0.0)	(63.0, 0.0)	(64.0, 0.6999965128503954)	(65.0, 0.6999965128503954)	(66.0, 0.0)	(67.0, 0.0)	(68.0, 0.0)	(69.0, 0.0)	(70.0, 0.0)	(71.0, 0.0)	(72.0, 0.0)	(73.0, 0.0)	(74.0, 0.0)	(75.0, 0.0)	(76.0, 0.0)	(77.0, 0.0)	(78.0, 0.0)	(79.0, 0.0)	(80.0, 0.0)	(81.0, 0.0)	(82.0, 0.0)	(83.0, 0.0)	(84.0, 0.0)	(85.0, 0.0)	(86.0, 0.0)	(87.0, 0.0)	(88.0, 0.0)	(89.0, 0.0)	(90.0, 0.0)	(91.0, 0.0)	(92.0, 0.0)	(93.0, 0.0)	(94.0, 0.0)	(95.0, 0.0)	(96.0, 0.0)	(97.0, 0.0)	(98.0, 0.0)	(99.0, 0.0)	(100.0, 0.0)
FAY99780_pass_barcode08_98e12ebb_5ad7f319_1	(0.0, 0.0)	(1.0, 0.0)	(2.0, 0.0)	(3.0, 0.0)	(4.0, 0.0)	(5.0, 0.0)	(6.0, 0.0)	(7.0, 0.0)	(8.0, 0.0)	(9.0, 0.0)	(10.0, 0.0)	(11.0, 0.0)	(12.0, 0.0)	(13.0, 0.0)	(14.0, 0.0)	(15.0, 0.0)	(16.0, 0.0)	(17.0, 0.0)	(18.0, 0.0)	(19.0, 0.0)	(20.0, 0.0)	(21.0, 0.0)	(22.0, 0.0)	(23.0, 0.0)	(24.0, 0.0)	(25.0, 0.21138834156044667)	(26.0, 0.3170825123406701)	(27.0, 1.0953759517223147)	(28.0, 1.2074758298225514)	(29.0, 0.3170825123406701)	(30.0, 1.2683300493626803)	(31.0, 1.7082648770907525)	(32.0, 2.226395089175276)	(33.0, 3.1245320995669412)	(34.0, 5.8172247784449205)	(35.0, 7.007536261772852)	(36.0, 9.647169971357842)	(37.0, 13.811862986112649)	(38.0, 8.880130133162437)	(39.0, 9.086770538067295)	(40.0, 8.386899928101013)	(41.0, 4.7334975696421155)	(42.0, 4.134822199909062)	(43.0, 3.584841059751693)	(44.0, 3.7747918135794056)	(45.0, 4.343069562969178)	(46.0, 1.7968009032637968)	(47.0, 0.0)	(48.0, 0.126833004936268)	(49.0, 1.0569417078022334)	(50.0, 1.3836327811229236)	(51.0, 0.6341650246813402)	(52.0, 0.0)	(53.0, 0.0)	(54.0, 0.0)	(55.0, 0.0)	(56.0, 0.0)	(57.0, 0.0)	(58.0, 0.0)	(59.0, 0.0)	(60.0, 0.0)	(61.0, 0.0)	(62.0, 0.0)	(63.0, 0.0)	(64.0, 0.0)	(65.0, 0.0)	(66.0, 0.0)	(67.0, 0.0)	(68.0, 0.0)	(69.0, 0.0)	(70.0, 0.0)	(71.0, 0.3170825123406701)	(72.0, 0.0)	(73.0, 0.0)	(74.0, 0.0)	(75.0, 0.0)	(76.0, 0.0)	(77.0, 0.0)	(78.0, 0.0)	(79.0, 0.0)	(80.0, 0.0)	(81.0, 0.0)	(82.0, 0.0)	(83.0, 0.0)	(84.0, 0.0)	(85.0, 0.0)	(86.0, 0.0)	(87.0, 0.0)	(88.0, 0.0)	(89.0, 0.0)	(90.0, 0.0)	(91.0, 0.0)	(92.0, 0.0)	(93.0, 0.0)	(94.0, 0.0)	(95.0, 0.0)	(96.0, 0.0)	(97.0, 0.0)	(98.0, 0.0)	(99.0, 0.0)	(100.0, 0.0)
FAY99780_pass_barcode08_98e12ebb_5ad7f319_10	(0.0, 0.0)	(1.0, 0.0)	(2.0, 0.0)	(3.0, 0.0)	(4.0, 0.0)	(5.0, 0.0)	(6.0, 0.0)	(7.0, 0.0)	(8.0, 0.0)	(9.0, 0.0)	(10.0, 0.0)	(11.0, 0.0)	(12.0, 0.0)	(13.0, 0.0)	(14.0, 0.0)	(15.0, 0.0)	(16.0, 0.0)	(17.0, 0.0)	(18.0, 0.0)	(19.0, 0.0)	(20.0, 0.0)	(21.0, 0.0)	(22.0, 0.0)	(23.0, 0.0)	(24.0, 0.0)	(25.0, 1.0273755296200127)	(26.0, 1.0804013634068521)	(27.0, 0.2277126715001933)	(28.0, 0.5877833333098739)	(29.0, 1.0019357546008505)	(30.0, 1.2460152743651203)	(31.0, 1.1273913856247244)	(32.0, 1.0144901780796367)	(33.0, 3.6581285200335274)	(34.0, 3.7663513016694163)	(35.0, 5.302458770129657)	(36.0, 9.491067694476012)	(37.0, 8.216408785623393)	(38.0, 12.119130948657752)	(39.0, 10.915035378437075)	(40.0, 7.372218663934708)	(41.0, 9.163661808019599)	(42.0, 4.871684416529402)	(43.0, 3.371867243274086)	(44.0, 2.2589808614917612)	(45.0, 1.9302206920133573)	(46.0, 1.9177676552906902)	(47.0, 0.0)	(48.0, 0.0)	(49.0, 1.9725610168704242)	(50.0, 2.4657012710880304)	(51.0, 1.0045449622951235)	(52.0, 0.14943644067200185)	(53.0, 0.0)	(54.0, 0.0)	(55.0, 0.54793361579734)	(56.0, 1.3698340394933501)	(57.0, 0.8219004236960101)	(58.0, 0.0)	(59.0, 0.0)	(60.0, 0.0)	(61.0, 0.0)	(62.0, 0.0)	(63.0, 0.0)	(64.0, 0.0)	(65.0, 0.0)	(66.0, 0.0)	(67.0, 0.0)	(68.0, 0.0)	(69.0, 0.0)	(70.0, 0.0)	(71.0, 0.0)	(72.0, 0.0)	(73.0, 0.0)	(74.0, 0.0)	(75.0, 0.0)	(76.0, 0.0)	(77.0, 0.0)	(78.0, 0.0)	(79.0, 0.0)	(80.0, 0.0)	(81.0, 0.0)	(82.0, 0.0)	(83.0, 0.0)	(84.0, 0.0)	(85.0, 0.0)	(86.0, 0.0)	(87.0, 0.0)	(88.0, 0.0)	(89.0, 0.0)	(90.0, 0.0)	(91.0, 0.0)	(92.0, 0.0)	(93.0, 0.0)	(94.0, 0.0)	(95.0, 0.0)	(96.0, 0.0)	(97.0, 0.0)	(98.0, 0.0)	(99.0, 0.0)	(100.0, 0.0)
FAY99780_pass_barcode08_98e12ebb_5ad7f319_100	(0.0, 0.0)	(1.0, 0.0)	(2.0, 0.0)	(3.0, 0.0)	(4.0, 0.0)	(5.0, 0.0)	(6.0, 0.0)	(7.0, 0.0)	(8.0, 0.0)	(9.0, 0.0)	(10.0, 0.0)	(11.0, 0.0)	(12.0, 0.0)	(13.0, 0.0)	(14.0, 0.0)	(15.0, 0.0)	(16.0, 0.0)	(17.0, 0.0)	(18.0, 0.0)	(19.0, 0.0)	(20.0, 0.0)	(21.0, 0.0)	(22.0, 0.0)	(23.0, 0.0)	(24.0, 0.0)	(25.0, 0.0)	(26.0, 0.0)	(27.0, 0.0)	(28.0, 0.0)	(29.0, 0.0)	(30.0, 0.13730174142011414)	(31.0, 1.0746981760247114)	(32.0, 2.8146856991123395)	(33.0, 4.271173854526026)	(34.0, 2.352679208096425)	(35.0, 7.210826478808493)	(36.0, 8.138163418794184)	(37.0, 5.032379878025305)	(38.0, 9.76009882918292)	(39.0, 12.286694714274994)	(40.0, 7.321021924138055)	(41.0, 14.421633096446044)	(42.0, 6.559070613992088)	(43.0, 1.4073428495561697)	(44.0, 0.5117610362022436)	(45.0, 1.688811419467404)	(46.0, 0.0)	(47.0, 2.8146856991123395)	(48.0, 5.629371398224679)	(49.0, 2.8146856991123395)	(50.0, 1.8764571327415596)	(51.0, 1.8764571327415596)	(52.0, 0.0)	(53.0, 0.0)	(54.0, 0.0)	(55.0, 0.0)	(56.0, 0.0)	(57.0, 0.0)	(58.0, 0.0)	(59.0, 0.0)	(60.0, 0.0)	(61.0, 0.0)	(62.0, 0.0)	(63.0, 0.0)	(64.0, 0.0)	(65.0, 0.0)	(66.0, 0.0)	(67.0, 0.0)	(68.0, 0.0)	(69.0, 0.0)	(70.0, 0.0)	(71.0, 0.0)	(72.0, 0.0)	(73.0, 0.0)	(74.0, 0.0)	(75.0, 0.0)	(76.0, 0.0)	(77.0, 0.0)	(78.0, 0.0)	(79.0, 0.0)	(80.0, 0.0)	(81.0, 0.0)	(82.0, 0.0)	(83.0, 0.0)	(84.0, 0.0)	(85.0, 0.0)	(86.0, 0.0)	(87.0, 0.0)	(88.0, 0.0)	(89.0, 0.0)	(90.0, 0.0)	(91.0, 0.0)	(92.0, 0.0)	(93.0, 0.0)	(94.0, 0.0)	(95.0, 0.0)	(96.0, 0.0)	(97.0, 0.0)	(98.0, 0.0)	(99.0, 0.0)	(100.0, 0.0)
FAY99780_pass_barcode08_98e12ebb_5ad7f319_101	(0.0, 0.0)	(1.0, 0.0)	(2.0, 0.0)	(3.0, 0.0)	(4.0, 0.0)	(5.0, 0.0)	(6.0, 0.0)	(7.0, 0.0)	(8.0, 0.0)	(9.0, 0.0)	(10.0, 0.0)	(11.0, 0.0)	(12.0, 0.0)	(13.0, 0.0)	(14.0, 0.0)	(15.0, 0.0)	(16.0, 0.0)	(17.0, 0.0)	(18.0, 0.0)	(19.0, 0.0)	(20.0, 0.0)	(21.0, 0.0)	(22.0, 0.0)	(23.0, 0.0)	(24.0, 0.0)	(25.0, 0.0)	(26.0, 0.0)	(27.0, 0.5255767508142775)	(28.0, 0.0)	(29.0, 0.0)	(30.0, 1.445336064739263)	(31.0, 0.8259063227081501)	(32.0, 0.0)	(33.0, 4.520417548286137)	(34.0, 4.8728473039780855)	(35.0, 8.008439321647762)	(36.0, 4.709987299836156)	(37.0, 8.78489588754121)	(38.0, 7.74003001664557)	(39.0, 5.868222541062263)	(40.0, 7.7999196720109065)	(41.0, 6.835380198914458)	(42.0, 1.7644362348765028)	(43.0, 4.939192038354057)	(44.0, 4.817786882464209)	(45.0, 2.890672129478526)	(46.0, 8.672016388435576)	(47.0, 5.343363633278487)	(48.0, 0.0)	(49.0, 0.0)	(50.0, 4.817786882464209)	(51.0, 4.817786882464209)	(52.0, 0.0)	(53.0, 0.0)	(54.0, 0.0)	(55.0, 0.0)	(56.0, 0.0)	(57.0, 0.0)	(58.0, 0.0)	(59.0, 0.0)	(60.0, 0.0)	(61.0, 0.0)	(62.0, 0.0)	(63.0, 0.0)	(64.0, 0.0)	(65.0, 0.0)	(66.0, 0.0)	(67.0, 0.0)	(68.0, 0.0)	(69.0, 0.0)	(70.0, 0.0)	(71.0, 0.0)	(72.0, 0.0)	(73.0, 0.0)	(74.0, 0.0)	(75.0, 0.0)	(76.0, 0.0)	(77.0, 0.0)	(78.0, 0.0)	(79.0, 0.0)	(80.0, 0.0)	(81.0, 0.0)	(82.0, 0.0)	(83.0, 0.0)	(84.0, 0.0)	(85.0, 0.0)	(86.0, 0.0)	(87.0, 0.0)	(88.0, 0.0)	(89.0, 0.0)	(90.0, 0.0)	(91.0, 0.0)	(92.0, 0.0)	(93.0, 0.0)	(94.0, 0.0)	(95.0, 0.0)	(96.0, 0.0)	(97.0, 0.0)	(98.0, 0.0)	(99.0, 0.0)	(100.0, 0.0)
FAY99780_pass_barcode08_98e12ebb_5ad7f319_102	(0.0, 0.0)	(1.0, 0.0)	(2.0, 0.0)	(3.0, 0.0)	(4.0, 0.0)	(5.0, 0.0)	(6.0, 0.0)	(7.0, 0.0)	(8.0, 0.0)	(9.0, 0.0)	(10.0, 0.0)	(11.0, 0.0)	(12.0, 0.0)	(13.0, 0.0)	(14.0, 0.0)	(15.0, 0.0)	(16.0, 0.0)	(17.0, 0.0)	(18.0, 0.0)	(19.0, 0.0)	(20.0, 0.0)	(21.0, 0.0)	(22.0, 0.0)	(23.0, 0.0)	(24.0, 0.0)	(25.0, 0.0)	(26.0, 0.0)	(27.0, 3.002997269866206)	(28.0, 3.002997269866206)	(29.0, 3.670329996503141)	(30.0, 6.6733272663693475)	(31.0, 3.002997269866206)	(32.0, 0.19374175934620683)	(33.0, 0.7397412629582443)	(34.0, 1.0919990072240748)	(35.0, 3.194444424058925)	(36.0, 6.0178525561663685)	(37.0, 8.10717602397576)	(38.0, 12.999306945829625)	(39.0, 6.923775615527758)	(40.0, 6.8032028313548665)	(41.0, 8.638100748939676)	(42.0, 1.2011989079464824)	(43.0, 5.968077907537132)	(44.0, 3.7537465873327576)	(45.0, 0.0)	(46.0, 0.0)	(47.0, 0.0)	(48.0, 0.0)	(49.0, 0.0)	(50.0, 3.002997269866206)	(51.0, 3.002997269866206)	(52.0, 1.501498634933103)	(53.0, 1.501498634933103)	(54.0, 0.0)	(55.0, 0.0)	(56.0, 0.0)	(57.0, 0.0)	(58.0, 0.0)	(59.0, 0.0)	(60.0, 0.0)	(61.0, 3.002997269866206)	(62.0, 3.002997269866206)	(63.0, 0.0)	(64.0, 0.0)	(65.0, 0.0)	(66.0, 0.0)	(67.0, 0.0)	(68.0, 0.0)	(69.0, 0.0)	(70.0, 0.0)	(71.0, 0.0)	(72.0, 0.0)	(73.0, 0.0)	(74.0, 0.0)	(75.0, 0.0)	(76.0, 0.0)	(77.0, 0.0)	(78.0, 0.0)	(79.0, 0.0)	(80.0, 0.0)	(81.0, 0.0)	(82.0, 0.0)	(83.0, 0.0)	(84.0, 0.0)	(85.0, 0.0)	(86.0, 0.0)	(87.0, 0.0)	(88.0, 0.0)	(89.0, 0.0)	(90.0, 0.0)	(91.0, 0.0)	(92.0, 0.0)	(93.0, 0.0)	(94.0, 0.0)	(95.0, 0.0)	(96.0, 0.0)	(97.0, 0.0)	(98.0, 0.0)	(99.0, 0.0)	(100.0, 0.0)
FAY99780_pass_barcode08_98e12ebb_5ad7f319_103	(0.0, 0.0)	(1.0, 0.0)	(2.0, 0.0)	(3.0, 0.0)	(4.0, 0.0)	(5.0, 0.0)	(6.0, 0.0)	(7.0, 0.0)	(8.0, 0.0)	(9.0, 0.0)	(10.0, 0.0)	(11.0, 0.0)	(12.0, 0.0)	(13.0, 0.0)	(14.0, 0.0)	(15.0, 0.0)	(16.0, 0.0)	(17.0, 0.0)	(18.0, 0.0)	(19.0, 0.0)	(20.0, 0.0)	(21.0, 0.0)	(22.0, 0.0)	(23.0, 0.0)	(24.0, 0.0)	(25.0, 0.0)	(26.0, 0.0)	(27.0, 0.0)	(28.0, 0.0)	(29.0, 0.0)	(30.0, 0.0)	(31.0, 3.8044832693615653)	(32.0, 2.0414300469744986)	(33.0, 0.0)	(34.0, 0.5187931730947589)	(35.0, 4.13881637874279)	(36.0, 5.042530558799358)	(37.0, 6.037218358362575)	(38.0, 8.625474314188105)	(39.0, 11.136021504099814)	(40.0, 7.4338367415153)	(41.0, 1.3340395879579514)	(42.0, 6.225518077137107)	(43.0, 13.949771987659073)	(44.0, 14.926460568906464)	(45.0, 4.755604086701956)	(46.0, 2.853362452021174)	(47.0, 5.274397259796716)	(48.0, 1.9022416346807827)	(49.0, 0.0)	(50.0, 0.0)	(51.0, 0.0)	(52.0, 0.0)	(53.0, 0.0)	(54.0, 0.0)	(55.0, 0.0)	(56.0, 0.0)	(57.0, 0.0)	(58.0, 0.0)	(59.0, 0.0)	(60.0, 0.0)	(61.0, 0.0)	(62.0, 0.0)	(63.0, 0.0)	(64.0, 0.0)	(65.0, 0.0)	(66.0, 0.0)	(67.0, 0.0)	(68.0, 0.0)	(69.0, 0.0)	(70.0, 0.0)	(71.0, 0.0)	(72.0, 0.0)	(73.0, 0.0)	(74.0, 0.0)	(75.0, 0.0)	(76.0, 0.0)	(77.0, 0.0)	(78.0, 0.0)	(79.0, 0.0)	(80.0, 0.0)	(81.0, 0.0)	(82.0, 0.0)	(83.0, 0.0)	(84.0, 0.0)	(85.0, 0.0)	(86.0, 0.0)	(87.0, 0.0)	(88.0, 0.0)	(89.0, 0.0)	(90.0, 0.0)	(91.0, 0.0)	(92.0, 0.0)	(93.0, 0.0)	(94.0, 0.0)	(95.0, 0.0)	(96.0, 0.0)	(97.0, 0.0)	(98.0, 0.0)	(99.0, 0.0)	(100.0, 0.0)
FAY99780_pass_barcode08_98e12ebb_5ad7f319_104	(0.0, 0.0)	(1.0, 0.0)	(2.0, 0.0)	(3.0, 0.0)	(4.0, 0.0)	(5.0, 0.0)	(6.0, 0.0)	(7.0, 0.0)	(8.0, 0.0)	(9.0, 0.0)	(10.0, 0.0)	(11.0, 0.0)	(12.0, 0.0)	(13.0, 0.0)	(14.0, 0.0)	(15.0, 0.0)	(16.0, 0.0)	(17.0, 0.0)	(18.0, 0.0)	(19.0, 0.0)	(20.0, 0.0)	(21.0, 0.0)	(22.0, 0.0)	(23.0, 0.0)	(24.0, 0.0)	(25.0, 0.0)	(26.0, 0.0)	(27.0, 0.0)	(28.0, 0.5799996876273102)	(29.0, 0.0)	(30.0, 0.0)	(31.0, 0.9114280805572018)	(32.0, 1.494694535498337)	(33.0, 1.9268878511173975)	(34.0, 2.5887156926200454)	(35.0, 2.7114985396576756)	(36.0, 3.6722423928972834)	(37.0, 10.930957122736206)	(38.0, 18.00855912796141)	(39.0, 15.55681716158079)	(40.0, 11.350501823423981)	(41.0, 4.301664349902551)	(42.0, 1.2759993127800826)	(43.0, 2.7674270809645947)	(44.0, 0.9114280805572018)	(45.0, 5.164759123157477)	(46.0, 6.759758264132579)	(47.0, 2.1266655213001378)	(48.0, 0.0)	(49.0, 0.0)	(50.0, 0.0)	(51.0, 0.0)	(52.0, 0.0)	(53.0, 0.5799996876273102)	(54.0, 0.0)	(55.0, 0.0)	(56.0, 0.0)	(57.0, 3.1899982819502064)	(58.0, 3.1899982819502064)	(59.0, 0.0)	(60.0, 0.0)	(61.0, 0.0)	(62.0, 0.0)	(63.0, 0.0)	(64.0, 0.0)	(65.0, 0.0)	(66.0, 0.0)	(67.0, 0.0)	(68.0, 0.0)	(69.0, 0.0)	(70.0, 0.0)	(71.0, 0.0)	(72.0, 0.0)	(73.0, 0.0)	(74.0, 0.0)	(75.0, 0.0)	(76.0, 0.0)	(77.0, 0.0)	(78.0, 0.0)	(79.0, 0.0)	(80.0, 0.0)	(81.0, 0.0)	(82.0, 0.0)	(83.0, 0.0)	(84.0, 0.0)	(85.0, 0.0)	(86.0, 0.0)	(87.0, 0.0)	(88.0, 0.0)	(89.0, 0.0)	(90.0, 0.0)	(91.0, 0.0)	(92.0, 0.0)	(93.0, 0.0)	(94.0, 0.0)	(95.0, 0.0)	(96.0, 0.0)	(97.0, 0.0)	(98.0, 0.0)	(99.0, 0.0)	(100.0, 0.0)
FAY99780_pass_barcode08_98e12ebb_5ad7f319_105	(0.0, 0.0)	(1.0, 0.0)	(2.0, 0.0)	(3.0, 0.0)	(4.0, 0.0)	(5.0, 0.0)	(6.0, 0.0)	(7.0, 0.0)	(8.0, 0.0)	(9.0, 0.0)	(10.0, 0.0)	(11.0, 0.0)	(12.0, 0.0)	(13.0, 0.0)	(14.0, 0.0)	(15.0, 0.0)	(16.0, 0.0)	(17.0, 0.0)	(18.0, 0.0)	(19.0, 0.0)	(20.0, 0.0)	(21.0, 0.0)	(22.0, 0.0)	(23.0, 0.15000678776839294)	(24.0, 0.0)	(25.0, 0.0)	(26.0, 0.0)	(27.0, 0.0)	(28.0, 0.0)	(29.0, 0.0)	(30.0, 0.0)	(31.0, 0.22143859146762768)	(32.0, 0.4227464018927438)	(33.0, 1.274294806479637)	(34.0, 4.181266457304238)	(35.0, 4.76444246422463)	(36.0, 5.863570325256264)	(37.0, 4.257666389005936)	(38.0, 6.055090740823364)	(39.0, 10.375534837261643)	(40.0, 8.751537911703199)	(41.0, 10.6129802346138)	(42.0, 9.668399677461565)	(43.0, 6.350287348861968)	(44.0, 1.1625526052050452)	(45.0, 0.0)	(46.0, 2.9894209848129734)	(47.0, 4.650210420820181)	(48.0, 4.650210420820181)	(49.0, 6.975315631230272)	(50.0, 4.650210420820181)	(51.0, 0.0)	(52.0, 0.0)	(53.0, 1.9728165421661374)	(54.0, 0.0)	(55.0, 0.0)	(56.0, 0.0)	(57.0, 0.0)	(58.0, 0.0)	(59.0, 0.0)	(60.0, 0.0)	(61.0, 0.0)	(62.0, 0.0)	(63.0, 0.0)	(64.0, 0.0)	(65.0, 0.0)	(66.0, 0.0)	(67.0, 0.0)	(68.0, 0.0)	(69.0, 0.0)	(70.0, 0.0)	(71.0, 0.0)	(72.0, 0.0)	(73.0, 0.0)	(74.0, 0.0)	(75.0, 0.0)	(76.0, 0.0)	(77.0, 0.0)	(78.0, 0.0)	(79.0, 0.0)	(80.0, 0.0)	(81.0, 0.0)	(82.0, 0.0)	(83.0, 0.0)	(84.0, 0.0)	(85.0, 0.0)	(86.0, 0.0)	(87.0, 0.0)	(88.0, 0.0)	(89.0, 0.0)	(90.0, 0.0)	(91.0, 0.0)	(92.0, 0.0)	(93.0, 0.0)	(94.0, 0.0)	(95.0, 0.0)	(96.0, 0.0)	(97.0, 0.0)	(98.0, 0.0)	(99.0, 0.0)	(100.0, 0.0)
FAY99780_pass_barcode08_98e12ebb_5ad7f319_106	(0.0, 0.0)	(1.0, 0.0)	(2.0, 0.0)	(3.0, 0.0)	(4.0, 0.0)	(5.0, 0.0)	(6.0, 0.0)	(7.0, 0.0)	(8.0, 0.0)	(9.0, 0.0)	(10.0, 0.0)	(11.0, 0.0)	(12.0, 0.0)	(13.0, 0.0)	(14.0, 0.0)	(15.0, 0.0)	(16.0, 0.0)	(17.0, 0.0)	(18.0, 0.0)	(19.0, 0.0)	(20.0, 0.0)	(21.0, 0.0)	(22.0, 0.0)	(23.0, 0.0)	(24.0, 0.0)	(25.0, 0.6584810421868605)	(26.0, 0.0)	(27.0, 0.0)	(28.0, 0.6584810421868605)	(29.0, 0.6584810421868605)	(30.0, 0.0)	(31.0, 1.0010521573352578)	(32.0, 1.013988273617721)	(33.0, 0.6584810421868605)	(34.0, 2.7297032294291674)	(35.0, 5.659576562615863)	(36.0, 4.122308161226869)	(37.0, 6.450224878122546)	(38.0, 5.91173301054151)	(39.0, 4.472646423786674)	(40.0, 12.383367315136704)	(41.0, 12.706713504650455)	(42.0, 13.52793715110902)	(43.0, 5.9562603361447835)	(44.0, 2.804958205679094)	(45.0, 0.0)	(46.0, 2.163580567185399)	(47.0, 1.9754431265605814)	(48.0, 0.0)	(49.0, 1.9754431265605814)	(50.0, 3.2924052109343025)	(51.0, 1.316962084373721)	(52.0, 0.0)	(53.0, 0.0)	(54.0, 1.9754431265605814)	(55.0, 1.9754431265605814)	(56.0, 0.0)	(57.0, 0.0)	(58.0, 1.9754431265605814)	(59.0, 1.9754431265605814)	(60.0, 0.0)	(61.0, 0.0)	(62.0, 0.0)	(63.0, 0.0)	(64.0, 0.0)	(65.0, 0.0)	(66.0, 0.0)	(67.0, 0.0)	(68.0, 0.0)	(69.0, 0.0)	(70.0, 0.0)	(71.0, 0.0)	(72.0, 0.0)	(73.0, 0.0)	(74.0, 0.0)	(75.0, 0.0)	(76.0, 0.0)	(77.0, 0.0)	(78.0, 0.0)	(79.0, 0.0)	(80.0, 0.0)	(81.0, 0.0)	(82.0, 0.0)	(83.0, 0.0)	(84.0, 0.0)	(85.0, 0.0)	(86.0, 0.0)	(87.0, 0.0)	(88.0, 0.0)	(89.0, 0.0)	(90.0, 0.0)	(91.0, 0.0)	(92.0, 0.0)	(93.0, 0.0)	(94.0, 0.0)	(95.0, 0.0)	(96.0, 0.0)	(97.0, 0.0)	(98.0, 0.0)	(99.0, 0.0)	(100.0, 0.0)
FAY99780_pass_barcode08_98e12ebb_5ad7f319_107	(0.0, 0.0)	(1.0, 0.0)	(2.0, 0.0)	(3.0, 0.0)	(4.0, 0.0)	(5.0, 0.0)	(6.0, 0.0)	(7.0, 0.0)	(8.0, 0.0)	(9.0, 0.0)	(10.0, 0.0)	(11.0, 0.0)	(12.0, 0.0)	(13.0, 0.0)	(14.0, 0.0)	(15.0, 0.0)	(16.0, 0.0)	(17.0, 0.0)	(18.0, 0.0)	(19.0, 0.0)	(20.0, 0.0)	(21.0, 0.0)	(22.0, 0.0)	(23.0, 0.0)	(24.0, 0.0)	(25.0, 0.0)	(26.0, 0.0)	(27.0, 0.0)	(28.0, 0.0)	(29.0, 0.23934130437754234)	(30.0, 0.0)	(31.0, 1.2565418479820973)	(32.0, 2.261775326367775)	(33.0, 1.4723116602618513)	(34.0, 3.2327295421402265)	(35.0, 2.982453847302218)	(36.0, 3.291653239276799)	(37.0, 12.05312684802262)	(38.0, 10.95643026470873)	(39.0, 5.670743108263551)	(40.0, 4.421321734898047)	(41.0, 7.328593306405254)	(42.0, 9.551893874703735)	(43.0, 5.76812543549877)	(44.0, 4.142780395771278)	(45.0, 5.863861957249786)	(46.0, 5.863861957249786)	(47.0, 4.188472826606991)	(48.0, 2.5130836959641947)	(49.0, 0.8376945653213982)	(50.0, 1.0770358696989404)	(51.0, 2.5130836959641947)	(52.0, 2.5130836959641947)	(53.0, 0.0)	(54.0, 0.0)	(55.0, 0.0)	(56.0, 0.0)	(57.0, 0.0)	(58.0, 0.0)	(59.0, 0.0)	(60.0, 0.0)	(61.0, 0.0)	(62.0, 0.0)	(63.0, 0.0)	(64.0, 0.0)	(65.0, 0.0)	(66.0, 0.0)	(67.0, 0.0)	(68.0, 0.0)	(69.0, 0.0)	(70.0, 0.0)	(71.0, 0.0)	(72.0, 0.0)	(73.0, 0.0)	(74.0, 0.0)	(75.0, 0.0)	(76.0, 0.0)	(77.0, 0.0)	(78.0, 0.0)	(79.0, 0.0)	(80.0, 0.0)	(81.0, 0.0)	(82.0, 0.0)	(83.0, 0.0)	(84.0, 0.0)	(85.0, 0.0)	(86.0, 0.0)	(87.0, 0.0)	(88.0, 0.0)	(89.0, 0.0)	(90.0, 0.0)	(91.0, 0.0)	(92.0, 0.0)	(93.0, 0.0)	(94.0, 0.0)	(95.0, 0.0)	(96.0, 0.0)	(97.0, 0.0)	(98.0, 0.0)	(99.0, 0.0)	(100.0, 0.0)
FAY99780_pass_barcode08_98e12ebb_5ad7f319_108	(0.0, 1.66616192741864)	(1.0, 1.66616192741864)	(2.0, 1.66616192741864)	(3.0, 1.66616192741864)	(4.0, 1.66616192741864)	(5.0, 1.66616192741864)	(6.0, 1.66616192741864)	(7.0, 1.66616192741864)	(8.0, 1.66616192741864)	(9.0, 1.66616192741864)	(10.0, 1.66616192741864)	(11.0, 1.66616192741864)	(12.0, 1.66616192741864)	(13.0, 1.66616192741864)	(14.0, 1.66616192741864)	(15.0, 1.66616192741864)	(16.0, 1.66616192741864)	(17.0, 1.66616192741864)	(18.0, 1.66616192741864)	(19.0, 1.66616192741864)	(20.0, 1.66616192741864)	(21.0, 1.66616192741864)	(22.0, 1.66616192741864)	(23.0, 1.66616192741864)	(24.0, 1.66616192741864)	(25.0, 1.66616192741864)	(26.0, 1.66616192741864)	(27.0, 1.66616192741864)	(28.0, 1.66616192741864)	(29.0, 1.66616192741864)	(30.0, 1.66616192741864)	(31.0, 1.66616192741864)	(32.0, 1.66616192741864)	(33.0, 2.0195902150528973)	(34.0, 2.1900058380786134)	(35.0, 2.416146329365293)	(36.0, 3.125693434289456)	(37.0, 2.915480536523169)	(38.0, 3.4091717291090653)	(39.0, 3.081028349169469)	(40.0, 3.16096883139659)	(41.0, 3.6262463593494427)	(42.0, 2.968076333908096)	(43.0, 2.360396063843073)	(44.0, 1.9438555819884134)	(45.0, 1.8327781201605042)	(46.0, 1.9438555819884134)	(47.0, 1.9438555819884134)	(48.0, 1.66616192741864)	(49.0, 1.66616192741864)	(50.0, 1.24962144556398)	(51.0, 0.41654048185466)	(52.0, 0.03967052208139619)	(53.0, 0.0)	(54.0, 0.0)	(55.0, 0.20827024092733)	(56.0, 0.41654048185466)	(57.0, 0.41654048185466)	(58.0, 0.0)	(59.0, 0.0)	(60.0, 0.0)	(61.0, 0.0)	(62.0, 0.0)	(63.0, 0.0)	(64.0, 0.0)	(65.0, 0.0)	(66.0, 0.0)	(67.0, 0.0)	(68.0, 0.0)	(69.0, 0.0)	(70.0, 0.0)	(71.0, 0.0)	(72.0, 0.0)	(73.0, 0.0)	(74.0, 0.0)	(75.0, 0.0)	(76.0, 0.0)	(77.0, 0.0)	(78.0, 0.0)	(79.0, 0.0)	(80.0, 0.0)	(81.0, 0.0)	(82.0, 0.0)	(83.0, 0.0)	(84.0, 0.0)	(85.0, 0.0)	(86.0, 0.0)	(87.0, 0.0)	(88.0, 0.0)	(89.0, 0.0)	(90.0, 0.0)	(91.0, 0.0)	(92.0, 0.0)	(93.0, 0.0)	(94.0, 0.0)	(95.0, 0.0)	(96.0, 0.0)	(97.0, 0.0)	(98.0, 0.0)	(99.0, 0.0)	(100.0, 0.0)
FAY99780_pass_barcode08_98e12ebb_5ad7f319_109	(0.0, 0.0)	(1.0, 0.0)	(2.0, 0.0)	(3.0, 0.0)	(4.0, 0.0)	(5.0, 0.0)	(6.0, 0.0)	(7.0, 0.0)	(8.0, 0.0)	(9.0, 0.0)	(10.0, 0.0)	(11.0, 0.0)	(12.0, 0.0)	(13.0, 0.0)	(14.0, 0.0)	(15.0, 0.0)	(16.0, 0.0)	(17.0, 0.0)	(18.0, 0.0)	(19.0, 0.0)	(20.0, 0.0)	(21.0, 0.0)	(22.0, 0.0)	(23.0, 0.0)	(24.0, 0.0)	(25.0, 0.0)	(26.0, 0.0)	(27.0, 0.0)	(28.0, 0.0)	(29.0, 1.3963217835307744)	(30.0, 0.0)	(31.0, 0.49281945301086155)	(32.0, 1.019309800326813)	(33.0, 0.05367340577346017)	(34.0, 3.795664834649192)	(35.0, 3.7469263470357275)	(36.0, 7.035985898267222)	(37.0, 11.087753169758942)	(38.0, 19.22108302846007)	(39.0, 13.817681529712155)	(40.0, 6.415968482172829)	(41.0, 7.6485832189171)	(42.0, 9.489121229759137)	(43.0, 6.365584601390295)	(44.0, 5.100681338662417)	(45.0, 2.710506991559738)	(46.0, 0.0)	(47.0, 0.0)	(48.0, 0.6023348870132751)	(49.0, 0.0)	(50.0, 0.0)	(51.0, 0.0)	(52.0, 0.0)	(53.0, 0.0)	(54.0, 0.0)	(55.0, 0.0)	(56.0, 0.0)	(57.0, 0.0)	(58.0, 0.0)	(59.0, 0.0)	(60.0, 0.0)	(61.0, 0.0)	(62.0, 0.0)	(63.0, 0.0)	(64.0, 0.0)	(65.0, 0.0)	(66.0, 0.0)	(67.0, 0.0)	(68.0, 0.0)	(69.0, 0.0)	(70.0, 0.0)	(71.0, 0.0)	(72.0, 0.0)	(73.0, 0.0)	(74.0, 0.0)	(75.0, 0.0)	(76.0, 0.0)	(77.0, 0.0)	(78.0, 0.0)	(79.0, 0.0)	(80.0, 0.0)	(81.0, 0.0)	(82.0, 0.0)	(83.0, 0.0)	(84.0, 0.0)	(85.0, 0.0)	(86.0, 0.0)	(87.0, 0.0)	(88.0, 0.0)	(89.0, 0.0)	(90.0, 0.0)	(91.0, 0.0)	(92.0, 0.0)	(93.0, 0.0)	(94.0, 0.0)	(95.0, 0.0)	(96.0, 0.0)	(97.0, 0.0)	(98.0, 0.0)	(99.0, 0.0)	(100.0, 0.0)
FAY99780_pass_barcode08_98e12ebb_5ad7f319_11	(0.0, 0.0)	(1.0, 0.0)	(2.0, 0.0)	(3.0, 0.0)	(4.0, 0.0)	(5.0, 0.0)	(6.0, 0.0)	(7.0, 0.0)	(8.0, 0.0)	(9.0, 0.0)	(10.0, 0.0)	(11.0, 0.0)	(12.0, 0.0)	(13.0, 0.0)	(14.0, 0.0)	(15.0, 0.0)	(16.0, 0.0)	(17.0, 0.0)	(18.0, 0.0)	(19.0, 0.0)	(20.0, 0.0)	(21.0, 0.0)	(22.0, 0.0)	(23.0, 0.0)	(24.0, 0.0)	(25.0, 0.0)	(26.0, 0.0)	(27.0, 0.0)	(28.0, 0.0)	(29.0, 2.5697058636206638)	(30.0, 2.0903676306649683)	(31.0, 0.35626217364702395)	(32.0, 2.074257740613243)	(33.0, 0.7825044171175706)	(34.0, 2.4165171682061133)	(35.0, 5.226987650961677)	(36.0, 7.590228427919714)	(37.0, 5.298721534196407)	(38.0, 9.431097803708376)	(39.0, 9.1848980597564)	(40.0, 8.946071541255405)	(41.0, 9.1339372496327)	(42.0, 6.4718473599775255)	(43.0, 4.653624152593382)	(44.0, 4.183017439653185)	(45.0, 3.0190593701700124)	(46.0, 5.610846487183764)	(47.0, 6.375961917254279)	(48.0, 2.5503847669017112)	(49.0, 0.0)	(50.0, 0.31412363697909645)	(51.0, 0.23185316062742828)	(52.0, 0.8501282556339038)	(53.0, 0.0)	(54.0, 0.0)	(55.0, 0.0)	(56.0, 0.0)	(57.0, 0.0)	(58.0, 0.0)	(59.0, 0.0)	(60.0, 0.0)	(61.0, 0.0)	(62.0, 0.0)	(63.0, 0.6375961917254278)	(64.0, 0.0)	(65.0, 0.0)	(66.0, 0.0)	(67.0, 0.0)	(68.0, 0.0)	(69.0, 0.0)	(70.0, 0.0)	(71.0, 0.0)	(72.0, 0.0)	(73.0, 0.0)	(74.0, 0.0)	(75.0, 0.0)	(76.0, 0.0)	(77.0, 0.0)	(78.0, 0.0)	(79.0, 0.0)	(80.0, 0.0)	(81.0, 0.0)	(82.0, 0.0)	(83.0, 0.0)	(84.0, 0.0)	(85.0, 0.0)	(86.0, 0.0)	(87.0, 0.0)	(88.0, 0.0)	(89.0, 0.0)	(90.0, 0.0)	(91.0, 0.0)	(92.0, 0.0)	(93.0, 0.0)	(94.0, 0.0)	(95.0, 0.0)	(96.0, 0.0)	(97.0, 0.0)	(98.0, 0.0)	(99.0, 0.0)	(100.0, 0.0)
FAY99780_pass_barcode08_98e12ebb_5ad7f319_110	(0.0, 0.0)	(1.0, 0.0)	(2.0, 0.0)	(3.0, 0.0)	(4.0, 0.0)	(5.0, 0.0)	(6.0, 0.0)	(7.0, 0.0)	(8.0, 0.0)	(9.0, 0.0)	(10.0, 0.0)	(11.0, 0.0)	(12.0, 0.0)	(13.0, 2.620838133633426)	(14.0, 5.241676267266852)	(15.0, 5.241676267266852)	(16.0, 5.241676267266852)	(17.0, 5.241676267266852)	(18.0, 2.620838133633426)	(19.0, 0.0)	(20.0, 0.0)	(21.0, 0.0)	(22.0, 0.0)	(23.0, 0.0)	(24.0, 0.0)	(25.0, 0.0)	(26.0, 0.0)	(27.0, 0.0)	(28.0, 0.0)	(29.0, 0.0)	(30.0, 0.0)	(31.0, 0.0)	(32.0, 0.0)	(33.0, 0.9757232878462107)	(34.0, 1.6791517046655717)	(35.0, 5.198297376909117)	(36.0, 6.422999862581714)	(37.0, 11.810690345567345)	(38.0, 12.207199009712369)	(39.0, 5.61988970141998)	(40.0, 6.7725785421511375)	(41.0, 6.417082460532752)	(42.0, 4.239025237520779)	(43.0, 1.703544786861727)	(44.0, 2.096670506906741)	(45.0, 4.97959245390351)	(46.0, 2.620838133633426)	(47.0, 0.0)	(48.0, 0.0)	(49.0, 0.0)	(50.0, 0.0)	(51.0, 1.0483352534533705)	(52.0, 0.0)	(53.0, 0.0)	(54.0, 0.0)	(55.0, 0.0)	(56.0, 0.0)	(57.0, 0.0)	(58.0, 0.0)	(59.0, 0.0)	(60.0, 0.0)	(61.0, 0.0)	(62.0, 0.0)	(63.0, 0.0)	(64.0, 0.0)	(65.0, 0.0)	(66.0, 0.0)	(67.0, 0.0)	(68.0, 0.0)	(69.0, 0.0)	(70.0, 0.0)	(71.0, 0.0)	(72.0, 0.0)	(73.0, 0.0)	(74.0, 0.0)	(75.0, 0.0)	(76.0, 0.0)	(77.0, 0.0)	(78.0, 0.0)	(79.0, 0.0)	(80.0, 0.0)	(81.0, 0.0)	(82.0, 0.0)	(83.0, 0.0)	(84.0, 0.0)	(85.0, 0.0)	(86.0, 0.0)	(87.0, 0.0)	(88.0, 0.0)	(89.0, 0.0)	(90.0, 0.0)	(91.0, 0.0)	(92.0, 0.0)	(93.0, 0.0)	(94.0, 0.0)	(95.0, 0.0)	(96.0, 0.0)	(97.0, 0.0)	(98.0, 0.0)	(99.0, 0.0)	(100.0, 0.0)
FAY99780_pass_barcode08_98e12ebb_5ad7f319_111	(0.0, 0.0)	(1.0, 0.0)	(2.0, 0.0)	(3.0, 0.0)	(4.0, 0.0)	(5.0, 0.0)	(6.0, 0.0)	(7.0, 0.0)	(8.0, 0.0)	(9.0, 0.0)	(10.0, 0.0)	(11.0, 0.0)	(12.0, 0.0)	(13.0, 0.0)	(14.0, 0.0)	(15.0, 0.0)	(16.0, 0.0)	(17.0, 0.0)	(18.0, 0.0)	(19.0, 0.0)	(20.0, 0.0)	(21.0, 0.0)	(22.0, 0.0)	(23.0, 0.0)	(24.0, 0.0)	(25.0, 0.0)	(26.0, 0.0)	(27.0, 0.0)	(28.0, 0.0)	(29.0, 0.5916929562362887)	(30.0, 0.973150686264079)	(31.0, 0.30993440564757974)	(32.0, 0.5916929562362887)	(33.0, 2.34646863527038)	(34.0, 3.950300324181213)	(35.0, 4.690167642199487)	(36.0, 10.28446334577228)	(37.0, 10.06923868645342)	(38.0, 13.646601873058046)	(39.0, 9.005655172893839)	(40.0, 4.658789629844825)	(41.0, 6.410579523346514)	(42.0, 9.685450176486867)	(43.0, 3.316298140429103)	(44.0, 1.5214961731790277)	(45.0, 0.0)	(46.0, 0.5916929562362887)	(47.0, 3.2543112592995875)	(48.0, 5.423852098832645)	(49.0, 3.2543112592995875)	(50.0, 3.2543112592995875)	(51.0, 0.0)	(52.0, 2.169540839533058)	(53.0, 0.0)	(54.0, 0.0)	(55.0, 0.0)	(56.0, 0.0)	(57.0, 0.0)	(58.0, 0.0)	(59.0, 0.0)	(60.0, 0.0)	(61.0, 0.0)	(62.0, 0.0)	(63.0, 0.0)	(64.0, 0.0)	(65.0, 0.0)	(66.0, 0.0)	(67.0, 0.0)	(68.0, 0.0)	(69.0, 0.0)	(70.0, 0.0)	(71.0, 0.0)	(72.0, 0.0)	(73.0, 0.0)	(74.0, 0.0)	(75.0, 0.0)	(76.0, 0.0)	(77.0, 0.0)	(78.0, 0.0)	(79.0, 0.0)	(80.0, 0.0)	(81.0, 0.0)	(82.0, 0.0)	(83.0, 0.0)	(84.0, 0.0)	(85.0, 0.0)	(86.0, 0.0)	(87.0, 0.0)	(88.0, 0.0)	(89.0, 0.0)	(90.0, 0.0)	(91.0, 0.0)	(92.0, 0.0)	(93.0, 0.0)	(94.0, 0.0)	(95.0, 0.0)	(96.0, 0.0)	(97.0, 0.0)	(98.0, 0.0)	(99.0, 0.0)	(100.0, 0.0)
FAY99780_pass_barcode08_98e12ebb_5ad7f319_112	(0.0, 0.0)	(1.0, 0.0)	(2.0, 0.0)	(3.0, 0.0)	(4.0, 0.0)	(5.0, 0.0)	(6.0, 0.0)	(7.0, 0.0)	(8.0, 0.0)	(9.0, 0.0)	(10.0, 0.0)	(11.0, 0.0)	(12.0, 0.0)	(13.0, 0.0)	(14.0, 0.0)	(15.0, 0.0)	(16.0, 0.0)	(17.0, 0.0)	(18.0, 0.0)	(19.0, 0.0)	(20.0, 0.0)	(21.0, 0.0)	(22.0, 2.3817839771132605)	(23.0, 2.3817839771132605)	(24.0, 0.0)	(25.0, 0.0)	(26.0, 0.0)	(27.0, 0.0)	(28.0, 0.0)	(29.0, 0.0)	(30.0, 0.433051632202411)	(31.0, 0.433051632202411)	(32.0, 0.0)	(33.0, 1.2269796245734979)	(34.0, 2.479402656746914)	(35.0, 6.807091286282509)	(36.0, 8.75218624766587)	(37.0, 7.2537196810905575)	(38.0, 9.624310621949459)	(39.0, 16.828587822873274)	(40.0, 15.669800356675317)	(41.0, 5.173935929504044)	(42.0, 4.369009800442102)	(43.0, 4.871830862277124)	(44.0, 4.763567954226521)	(45.0, 1.1908919885566303)	(46.0, 0.5954459942783151)	(47.0, 2.3817839771132605)	(48.0, 2.3817839771132605)	(49.0, 0.0)	(50.0, 0.0)	(51.0, 0.0)	(52.0, 0.0)	(53.0, 0.0)	(54.0, 0.0)	(55.0, 0.0)	(56.0, 0.0)	(57.0, 0.0)	(58.0, 0.0)	(59.0, 0.0)	(60.0, 0.0)	(61.0, 0.0)	(62.0, 0.0)	(63.0, 0.0)	(64.0, 0.0)	(65.0, 0.0)	(66.0, 0.0)	(67.0, 0.0)	(68.0, 0.0)	(69.0, 0.0)	(70.0, 0.0)	(71.0, 0.0)	(72.0, 0.0)	(73.0, 0.0)	(74.0, 0.0)	(75.0, 0.0)	(76.0, 0.0)	(77.0, 0.0)	(78.0, 0.0)	(79.0, 0.0)	(80.0, 0.0)	(81.0, 0.0)	(82.0, 0.0)	(83.0, 0.0)	(84.0, 0.0)	(85.0, 0.0)	(86.0, 0.0)	(87.0, 0.0)	(88.0, 0.0)	(89.0, 0.0)	(90.0, 0.0)	(91.0, 0.0)	(92.0, 0.0)	(93.0, 0.0)	(94.0, 0.0)	(95.0, 0.0)	(96.0, 0.0)	(97.0, 0.0)	(98.0, 0.0)	(99.0, 0.0)	(100.0, 0.0)
FAY99780_pass_barcode08_98e12ebb_5ad7f319_113	(0.0, 0.0)	(1.0, 0.0)	(2.0, 0.0)	(3.0, 0.0)	(4.0, 0.0)	(5.0, 0.0)	(6.0, 0.0)	(7.0, 0.0)	(8.0, 0.0)	(9.0, 0.0)	(10.0, 0.0)	(11.0, 0.0)	(12.0, 0.0)	(13.0, 0.0)	(14.0, 0.0)	(15.0, 0.0)	(16.0, 0.0)	(17.0, 0.0)	(18.0, 0.0)	(19.0, 0.0)	(20.0, 0.0)	(21.0, 0.0)	(22.0, 0.0)	(23.0, 0.0)	(24.0, 0.0)	(25.0, 0.0)	(26.0, 0.0)	(27.0, 1.245568277799703)	(28.0, 0.0)	(29.0, 0.0)	(30.0, 0.0)	(31.0, 3.484868624226492)	(32.0, 0.0)	(33.0, 0.16335321676061682)	(34.0, 1.3803700394663376)	(35.0, 3.320696876844749)	(36.0, 15.142890907052767)	(37.0, 15.38037686949335)	(38.0, 9.799050538291898)	(39.0, 4.439991493457934)	(40.0, 6.534505533246573)	(41.0, 10.573490713766368)	(42.0, 5.888140949598597)	(43.0, 5.057762097732128)	(44.0, 10.794925074264093)	(45.0, 4.982273111198812)	(46.0, 0.0)	(47.0, 0.0)	(48.0, 0.0)	(49.0, 0.0)	(50.0, 0.0)	(51.0, 0.9058678383997841)	(52.0, 0.0)	(53.0, 0.0)	(54.0, 0.0)	(55.0, 0.9058678383997841)	(56.0, 0.0)	(57.0, 0.0)	(58.0, 0.0)	(59.0, 0.0)	(60.0, 0.0)	(61.0, 0.0)	(62.0, 0.0)	(63.0, 0.0)	(64.0, 0.0)	(65.0, 0.0)	(66.0, 0.0)	(67.0, 0.0)	(68.0, 0.0)	(69.0, 0.0)	(70.0, 0.0)	(71.0, 0.0)	(72.0, 0.0)	(73.0, 0.0)	(74.0, 0.0)	(75.0, 0.0)	(76.0, 0.0)	(77.0, 0.0)	(78.0, 0.0)	(79.0, 0.0)	(80.0, 0.0)	(81.0, 0.0)	(82.0, 0.0)	(83.0, 0.0)	(84.0, 0.0)	(85.0, 0.0)	(86.0, 0.0)	(87.0, 0.0)	(88.0, 0.0)	(89.0, 0.0)	(90.0, 0.0)	(91.0, 0.0)	(92.0, 0.0)	(93.0, 0.0)	(94.0, 0.0)	(95.0, 0.0)	(96.0, 0.0)	(97.0, 0.0)	(98.0, 0.0)	(99.0, 0.0)	(100.0, 0.0)
FAY99780_pass_barcode08_98e12ebb_5ad7f319_114	(0.0, 0.0)	(1.0, 0.0)	(2.0, 0.0)	(3.0, 0.0)	(4.0, 0.0)	(5.0, 0.0)	(6.0, 0.0)	(7.0, 0.0)	(8.0, 0.0)	(9.0, 0.0)	(10.0, 0.0)	(11.0, 0.0)	(12.0, 0.0)	(13.0, 0.0)	(14.0, 0.0)	(15.0, 0.0)	(16.0, 0.0)	(17.0, 0.0)	(18.0, 0.0)	(19.0, 0.0)	(20.0, 0.0)	(21.0, 0.0)	(22.0, 0.0)	(23.0, 0.0)	(24.0, 0.0)	(25.0, 1.8349376995100377)	(26.0, 0.0)	(27.0, 0.0)	(28.0, 0.0)	(29.0, 1.8349376995100377)	(30.0, 1.8349376995100377)	(31.0, 0.2621339570728625)	(32.0, 1.2385829471692755)	(33.0, 0.840104090337228)	(34.0, 0.712233867374856)	(35.0, 3.0836307657156716)	(36.0, 5.584770677831073)	(37.0, 8.954682805945314)	(38.0, 8.677574818193474)	(39.0, 7.262555119035599)	(40.0, 11.58079892141337)	(41.0, 8.98926360169687)	(42.0, 3.5280847586033914)	(43.0, 5.504813098530113)	(44.0, 5.688306868481117)	(45.0, 3.6698753990200754)	(46.0, 3.6698753990200754)	(47.0, 2.7524065492650567)	(48.0, 2.820367204802466)	(49.0, 1.8349376995100377)	(50.0, 1.8349376995100377)	(51.0, 0.5004375544118286)	(52.0, 0.0)	(53.0, 0.0)	(54.0, 0.0)	(55.0, 0.0)	(56.0, 0.0)	(57.0, 0.0)	(58.0, 0.0)	(59.0, 0.0)	(60.0, 0.0)	(61.0, 0.0)	(62.0, 0.0)	(63.0, 0.0)	(64.0, 0.0)	(65.0, 0.0)	(66.0, 0.0)	(67.0, 0.0)	(68.0, 0.0)	(69.0, 0.0)	(70.0, 0.0)	(71.0, 0.0)	(72.0, 2.7524065492650567)	(73.0, 2.7524065492650567)	(74.0, 0.0)	(75.0, 0.0)	(76.0, 0.0)	(77.0, 0.0)	(78.0, 0.0)	(79.0, 0.0)	(80.0, 0.0)	(81.0, 0.0)	(82.0, 0.0)	(83.0, 0.0)	(84.0, 0.0)	(85.0, 0.0)	(86.0, 0.0)	(87.0, 0.0)	(88.0, 0.0)	(89.0, 0.0)	(90.0, 0.0)	(91.0, 0.0)	(92.0, 0.0)	(93.0, 0.0)	(94.0, 0.0)	(95.0, 0.0)	(96.0, 0.0)	(97.0, 0.0)	(98.0, 0.0)	(99.0, 0.0)	(100.0, 0.0)
FAY99780_pass_barcode08_98e12ebb_5ad7f319_115	(0.0, 0.0)	(1.0, 0.0)	(2.0, 0.0)	(3.0, 0.0)	(4.0, 0.0)	(5.0, 0.0)	(6.0, 0.0)	(7.0, 0.0)	(8.0, 0.0)	(9.0, 0.0)	(10.0, 0.0)	(11.0, 0.0)	(12.0, 0.0)	(13.0, 0.0)	(14.0, 0.0)	(15.0, 0.0)	(16.0, 0.0)	(17.0, 0.0)	(18.0, 0.0)	(19.0, 0.0)	(20.0, 0.0)	(21.0, 0.0)	(22.0, 0.0)	(23.0, 0.0)	(24.0, 0.0)	(25.0, 0.0)	(26.0, 0.0)	(27.0, 0.19982411686990204)	(28.0, 0.0)	(29.0, 0.38148240493344937)	(30.0, 0.0)	(31.0, 0.0)	(32.0, 1.317960179624917)	(33.0, 0.10234893790897423)	(34.0, 3.3867760207593403)	(35.0, 2.796279746228359)	(36.0, 5.214272166180496)	(37.0, 6.307842838550873)	(38.0, 9.856695941391779)	(39.0, 11.594516378758742)	(40.0, 9.672187696459028)	(41.0, 9.293245849971282)	(42.0, 7.378505515421133)	(43.0, 10.327576440226105)	(44.0, 6.084644358688517)	(45.0, 2.0981532271339716)	(46.0, 3.496922045223285)	(47.0, 2.0981532271339716)	(48.0, 4.196306454267943)	(49.0, 4.196306454267943)	(50.0, 0.0)	(51.0, 0.0)	(52.0, 0.0)	(53.0, 0.0)	(54.0, 0.0)	(55.0, 0.0)	(56.0, 0.0)	(57.0, 0.0)	(58.0, 0.0)	(59.0, 0.0)	(60.0, 0.0)	(61.0, 0.0)	(62.0, 0.0)	(63.0, 0.0)	(64.0, 0.0)	(65.0, 0.0)	(66.0, 0.0)	(67.0, 0.0)	(68.0, 0.0)	(69.0, 0.0)	(70.0, 0.0)	(71.0, 0.0)	(72.0, 0.0)	(73.0, 0.0)	(74.0, 0.0)	(75.0, 0.0)	(76.0, 0.0)	(77.0, 0.0)	(78.0, 0.0)	(79.0, 0.0)	(80.0, 0.0)	(81.0, 0.0)	(82.0, 0.0)	(83.0, 0.0)	(84.0, 0.0)	(85.0, 0.0)	(86.0, 0.0)	(87.0, 0.0)	(88.0, 0.0)	(89.0, 0.0)	(90.0, 0.0)	(91.0, 0.0)	(92.0, 0.0)	(93.0, 0.0)	(94.0, 0.0)	(95.0, 0.0)	(96.0, 0.0)	(97.0, 0.0)	(98.0, 0.0)	(99.0, 0.0)	(100.0, 0.0)
FAY99780_pass_barcode08_98e12ebb_5ad7f319_116	(0.0, 0.0)	(1.0, 0.0)	(2.0, 0.0)	(3.0, 0.0)	(4.0, 0.0)	(5.0, 0.0)	(6.0, 0.0)	(7.0, 0.0)	(8.0, 0.0)	(9.0, 0.0)	(10.0, 0.0)	(11.0, 0.0)	(12.0, 0.0)	(13.0, 0.0)	(14.0, 0.0)	(15.0, 0.0)	(16.0, 0.0)	(17.0, 0.0)	(18.0, 0.0)	(19.0, 0.0)	(20.0, 0.0)	(21.0, 0.0)	(22.0, 0.0)	(23.0, 0.0)	(24.0, 0.0)	(25.0, 0.0)	(26.0, 0.2875504616571759)	(27.0, 0.0)	(28.0, 0.0)	(29.0, 0.6709510772000771)	(30.0, 0.0)	(31.0, 0.0)	(32.0, 0.14728194377562667)	(33.0, 0.31068670569855783)	(34.0, 4.173861214443279)	(35.0, 6.930396480435588)	(36.0, 8.824128540880134)	(37.0, 10.313551183984583)	(38.0, 7.282255179985732)	(39.0, 9.042965985891241)	(40.0, 10.90404899768041)	(41.0, 7.378283436612537)	(42.0, 6.239845017960716)	(43.0, 11.272964789721884)	(44.0, 5.15053621027118)	(45.0, 2.012853231600231)	(46.0, 0.0)	(47.0, 0.0)	(48.0, 0.0)	(49.0, 3.019279847400347)	(50.0, 3.019279847400347)	(51.0, 0.0)	(52.0, 0.0)	(53.0, 0.0)	(54.0, 0.0)	(55.0, 0.0)	(56.0, 0.0)	(57.0, 0.0)	(58.0, 0.0)	(59.0, 0.0)	(60.0, 1.5096399237001734)	(61.0, 1.5096399237001734)	(62.0, 0.0)	(63.0, 0.0)	(64.0, 0.0)	(65.0, 0.0)	(66.0, 0.0)	(67.0, 0.0)	(68.0, 0.0)	(69.0, 0.0)	(70.0, 0.0)	(71.0, 0.0)	(72.0, 0.0)	(73.0, 0.0)	(74.0, 0.0)	(75.0, 0.0)	(76.0, 0.0)	(77.0, 0.0)	(78.0, 0.0)	(79.0, 0.0)	(80.0, 0.0)	(81.0, 0.0)	(82.0, 0.0)	(83.0, 0.0)	(84.0, 0.0)	(85.0, 0.0)	(86.0, 0.0)	(87.0, 0.0)	(88.0, 0.0)	(89.0, 0.0)	(90.0, 0.0)	(91.0, 0.0)	(92.0, 0.0)	(93.0, 0.0)	(94.0, 0.0)	(95.0, 0.0)	(96.0, 0.0)	(97.0, 0.0)	(98.0, 0.0)	(99.0, 0.0)	(100.0, 0.0)
FAY99780_pass_barcode08_98e12ebb_5ad7f319_117	(0.0, 0.0)	(1.0, 0.0)	(2.0, 0.0)	(3.0, 0.0)	(4.0, 0.0)	(5.0, 0.0)	(6.0, 0.0)	(7.0, 0.0)	(8.0, 0.0)	(9.0, 0.0)	(10.0, 0.0)	(11.0, 0.0)	(12.0, 0.0)	(13.0, 0.0)	(14.0, 0.0)	(15.0, 0.0)	(16.0, 0.0)	(17.0, 0.0)	(18.0, 0.0)	(19.0, 0.0)	(20.0, 0.0)	(21.0, 0.0)	(22.0, 0.0)	(23.0, 0.0)	(24.0, 0.0)	(25.0, 0.0)	(26.0, 0.0)	(27.0, 0.0)	(28.0, 0.0)	(29.0, 0.0)	(30.0, 0.0)	(31.0, 0.0)	(32.0, 0.821538666004063)	(33.0, 0.7727354086564959)	(34.0, 9.00066341186324)	(35.0, 7.011487245478961)	(36.0, 6.868066033106237)	(37.0, 12.261529425344241)	(38.0, 6.6728288378181215)	(39.0, 7.659261719093608)	(40.0, 11.260973752636295)	(41.0, 12.617572268353388)	(42.0, 10.005167325263766)	(43.0, 2.273901664832674)	(44.0, 0.6063737772887131)	(45.0, 0.6670111550175845)	(46.0, 4.0020669301055065)	(47.0, 5.2754518624118045)	(48.0, 0.0)	(49.0, 2.2233705167252813)	(50.0, 0.0)	(51.0, 0.0)	(52.0, 0.0)	(53.0, 0.0)	(54.0, 0.0)	(55.0, 0.0)	(56.0, 0.0)	(57.0, 0.0)	(58.0, 0.0)	(59.0, 0.0)	(60.0, 0.0)	(61.0, 0.0)	(62.0, 0.0)	(63.0, 0.0)	(64.0, 0.0)	(65.0, 0.0)	(66.0, 0.0)	(67.0, 0.0)	(68.0, 0.0)	(69.0, 0.0)	(70.0, 0.0)	(71.0, 0.0)	(72.0, 0.0)	(73.0, 0.0)	(74.0, 0.0)	(75.0, 0.0)	(76.0, 0.0)	(77.0, 0.0)	(78.0, 0.0)	(79.0, 0.0)	(80.0, 0.0)	(81.0, 0.0)	(82.0, 0.0)	(83.0, 0.0)	(84.0, 0.0)	(85.0, 0.0)	(86.0, 0.0)	(87.0, 0.0)	(88.0, 0.0)	(89.0, 0.0)	(90.0, 0.0)	(91.0, 0.0)	(92.0, 0.0)	(93.0, 0.0)	(94.0, 0.0)	(95.0, 0.0)	(96.0, 0.0)	(97.0, 0.0)	(98.0, 0.0)	(99.0, 0.0)	(100.0, 0.0)
FAY99780_pass_barcode08_98e12ebb_5ad7f319_118	(0.0, 0.0)	(1.0, 0.0)	(2.0, 0.0)	(3.0, 0.0)	(4.0, 0.0)	(5.0, 0.0)	(6.0, 0.0)	(7.0, 0.0)	(8.0, 0.0)	(9.0, 0.0)	(10.0, 0.0)	(11.0, 0.0)	(12.0, 0.0)	(13.0, 0.0)	(14.0, 0.0)	(15.0, 0.0)	(16.0, 0.0)	(17.0, 0.0)	(18.0, 0.0)	(19.0, 0.0)	(20.0, 0.0)	(21.0, 0.0)	(22.0, 0.0)	(23.0, 0.0)	(24.0, 0.0)	(25.0, 0.0)	(26.0, 0.0)	(27.0, 0.0)	(28.0, 0.0)	(29.0, 0.0)	(30.0, 0.0)	(31.0, 0.0)	(32.0, 0.5534636519499879)	(33.0, 0.749853980061274)	(34.0, 7.537948164730497)	(35.0, 5.260781290322186)	(36.0, 7.081047548120499)	(37.0, 9.651096512215917)	(38.0, 5.891319468191517)	(39.0, 7.545666164271012)	(40.0, 13.369505116667202)	(41.0, 12.730563935747202)	(42.0, 4.261670120014907)	(43.0, 8.117466895266489)	(44.0, 3.5513917666790893)	(45.0, 3.5513917666790893)	(46.0, 0.0)	(47.0, 0.0)	(48.0, 0.0)	(49.0, 0.0)	(50.0, 0.0)	(51.0, 0.0)	(52.0, 0.0)	(53.0, 2.029366723816622)	(54.0, 2.029366723816622)	(55.0, 0.0)	(56.0, 0.0)	(57.0, 0.0)	(58.0, 0.0)	(59.0, 0.0)	(60.0, 0.0)	(61.0, 0.0)	(62.0, 0.0)	(63.0, 0.0)	(64.0, 0.0)	(65.0, 3.0440500857249337)	(66.0, 3.0440500857249337)	(67.0, 0.0)	(68.0, 0.0)	(69.0, 0.0)	(70.0, 0.0)	(71.0, 0.0)	(72.0, 0.0)	(73.0, 0.0)	(74.0, 0.0)	(75.0, 0.0)	(76.0, 0.0)	(77.0, 0.0)	(78.0, 0.0)	(79.0, 0.0)	(80.0, 0.0)	(81.0, 0.0)	(82.0, 0.0)	(83.0, 0.0)	(84.0, 0.0)	(85.0, 0.0)	(86.0, 0.0)	(87.0, 0.0)	(88.0, 0.0)	(89.0, 0.0)	(90.0, 0.0)	(91.0, 0.0)	(92.0, 0.0)	(93.0, 0.0)	(94.0, 0.0)	(95.0, 0.0)	(96.0, 0.0)	(97.0, 0.0)	(98.0, 0.0)	(99.0, 0.0)	(100.0, 0.0)
FAY99780_pass_barcode08_98e12ebb_5ad7f319_119	(0.0, 0.0)	(1.0, 0.0)	(2.0, 0.0)	(3.0, 0.0)	(4.0, 0.0)	(5.0, 0.0)	(6.0, 0.0)	(7.0, 0.0)	(8.0, 0.0)	(9.0, 0.0)	(10.0, 0.0)	(11.0, 0.0)	(12.0, 0.0)	(13.0, 0.0)	(14.0, 0.0)	(15.0, 0.0)	(16.0, 0.0)	(17.0, 0.0)	(18.0, 0.0)	(19.0, 0.0)	(20.0, 0.0)	(21.0, 0.0)	(22.0, 0.0)	(23.0, 0.0)	(24.0, 0.0)	(25.0, 0.0)	(26.0, 0.0)	(27.0, 0.6637637208319694)	(28.0, 0.7743910076372977)	(29.0, 0.0)	(30.0, 0.0)	(31.0, 0.5722772255853343)	(32.0, 2.02223585810579)	(33.0, 2.062281934777402)	(34.0, 1.6105538469889789)	(35.0, 5.818413556020737)	(36.0, 6.918224120883271)	(37.0, 11.404636754169333)	(38.0, 11.960382369393901)	(39.0, 10.252343376928444)	(40.0, 11.845472518677628)	(41.0, 4.836423838607487)	(42.0, 6.920939260182035)	(43.0, 2.5132508156955935)	(44.0, 3.48475953436784)	(45.0, 3.48475953436784)	(46.0, 0.0)	(47.0, 0.46463460458237865)	(48.0, 3.8719550381864885)	(49.0, 3.8719550381864885)	(50.0, 0.0)	(51.0, 2.323173022911893)	(52.0, 2.323173022911893)	(53.0, 0.0)	(54.0, 0.0)	(55.0, 0.0)	(56.0, 0.0)	(57.0, 0.0)	(58.0, 0.0)	(59.0, 0.0)	(60.0, 0.0)	(61.0, 0.0)	(62.0, 0.0)	(63.0, 0.0)	(64.0, 0.0)	(65.0, 0.0)	(66.0, 0.0)	(67.0, 0.0)	(68.0, 0.0)	(69.0, 0.0)	(70.0, 0.0)	(71.0, 0.0)	(72.0, 0.0)	(73.0, 0.0)	(74.0, 0.0)	(75.0, 0.0)	(76.0, 0.0)	(77.0, 0.0)	(78.0, 0.0)	(79.0, 0.0)	(80.0, 0.0)	(81.0, 0.0)	(82.0, 0.0)	(83.0, 0.0)	(84.0, 0.0)	(85.0, 0.0)	(86.0, 0.0)	(87.0, 0.0)	(88.0, 0.0)	(89.0, 0.0)	(90.0, 0.0)	(91.0, 0.0)	(92.0, 0.0)	(93.0, 0.0)	(94.0, 0.0)	(95.0, 0.0)	(96.0, 0.0)	(97.0, 0.0)	(98.0, 0.0)	(99.0, 0.0)	(100.0, 0.0)
FAY99780_pass_barcode08_98e12ebb_5ad7f319_12	(0.0, 0.0)	(1.0, 0.0)	(2.0, 0.0)	(3.0, 0.0)	(4.0, 0.0)	(5.0, 0.0)	(6.0, 0.0)	(7.0, 0.0)	(8.0, 0.0)	(9.0, 0.0)	(10.0, 0.0)	(11.0, 0.0)	(12.0, 0.0)	(13.0, 0.0)	(14.0, 0.0)	(15.0, 0.0)	(16.0, 0.0)	(17.0, 0.0)	(18.0, 0.0)	(19.0, 0.0)	(20.0, 0.0)	(21.0, 0.0)	(22.0, 0.0)	(23.0, 0.0)	(24.0, 0.0)	(25.0, 0.0)	(26.0, 0.0)	(27.0, 0.05485332190339447)	(28.0, 0.0)	(29.0, 0.4497972396078347)	(30.0, 0.0)	(31.0, 0.9580809377001638)	(32.0, 1.0213358189274535)	(33.0, 1.0579381754338102)	(34.0, 1.4152108013193314)	(35.0, 4.111491268222165)	(36.0, 6.61395690880168)	(37.0, 10.44180551914815)	(38.0, 12.647361131168877)	(39.0, 6.198842566820482)	(40.0, 9.879129945156407)	(41.0, 9.878804975688055)	(42.0, 6.8510047301264425)	(43.0, 5.722420437233007)	(44.0, 5.435049978594668)	(45.0, 2.757685457119462)	(46.0, 0.5257370333078586)	(47.0, 0.2811232747548966)	(48.0, 0.2044532907308339)	(49.0, 1.1244930990195865)	(50.0, 2.248986198039173)	(51.0, 2.248986198039173)	(52.0, 2.248986198039173)	(53.0, 2.248986198039173)	(54.0, 2.248986198039173)	(55.0, 1.1244930990195865)	(56.0, 0.0)	(57.0, 0.0)	(58.0, 0.0)	(59.0, 0.0)	(60.0, 0.0)	(61.0, 0.0)	(62.0, 0.0)	(63.0, 0.0)	(64.0, 0.0)	(65.0, 0.0)	(66.0, 0.0)	(67.0, 0.0)	(68.0, 0.0)	(69.0, 0.0)	(70.0, 0.0)	(71.0, 0.0)	(72.0, 0.0)	(73.0, 0.0)	(74.0, 0.0)	(75.0, 0.0)	(76.0, 0.0)	(77.0, 0.0)	(78.0, 0.0)	(79.0, 0.0)	(80.0, 0.0)	(81.0, 0.0)	(82.0, 0.0)	(83.0, 0.0)	(84.0, 0.0)	(85.0, 0.0)	(86.0, 0.0)	(87.0, 0.0)	(88.0, 0.0)	(89.0, 0.0)	(90.0, 0.0)	(91.0, 0.0)	(92.0, 0.0)	(93.0, 0.0)	(94.0, 0.0)	(95.0, 0.0)	(96.0, 0.0)	(97.0, 0.0)	(98.0, 0.0)	(99.0, 0.0)	(100.0, 0.0)
FAY99780_pass_barcode08_98e12ebb_5ad7f319_120	(0.0, 0.0)	(1.0, 0.0)	(2.0, 0.0)	(3.0, 0.0)	(4.0, 0.0)	(5.0, 0.0)	(6.0, 0.0)	(7.0, 0.0)	(8.0, 0.0)	(9.0, 0.0)	(10.0, 0.0)	(11.0, 0.0)	(12.0, 0.0)	(13.0, 0.0)	(14.0, 0.0)	(15.0, 0.0)	(16.0, 0.0)	(17.0, 0.0)	(18.0, 0.0)	(19.0, 0.0)	(20.0, 0.0)	(21.0, 0.0)	(22.0, 0.0)	(23.0, 0.0)	(24.0, 0.0)	(25.0, 0.0)	(26.0, 0.0)	(27.0, 0.0)	(28.0, 0.0)	(29.0, 0.0)	(30.0, 0.0)	(31.0, 0.40164222489597845)	(32.0, 0.8836128947711526)	(33.0, 0.0)	(34.0, 3.5277575420030107)	(35.0, 3.7129747840412777)	(36.0, 3.9929084392596272)	(37.0, 9.950130752211939)	(38.0, 8.887278244587893)	(39.0, 10.350471309916824)	(40.0, 10.304811158524153)	(41.0, 9.605282169401635)	(42.0, 3.371563343432353)	(43.0, 2.3580542529111117)	(44.0, 5.997857225113279)	(45.0, 8.099784868735565)	(46.0, 8.836128947711526)	(47.0, 4.418064473855763)	(48.0, 3.092645131699034)	(49.0, 2.2090322369278814)	(50.0, 0.0)	(51.0, 0.0)	(52.0, 0.0)	(53.0, 0.0)	(54.0, 0.0)	(55.0, 0.0)	(56.0, 0.0)	(57.0, 0.0)	(58.0, 0.0)	(59.0, 0.0)	(60.0, 0.0)	(61.0, 0.0)	(62.0, 0.0)	(63.0, 0.0)	(64.0, 0.0)	(65.0, 0.0)	(66.0, 0.0)	(67.0, 0.0)	(68.0, 0.0)	(69.0, 0.0)	(70.0, 0.0)	(71.0, 0.0)	(72.0, 0.0)	(73.0, 0.0)	(74.0, 0.0)	(75.0, 0.0)	(76.0, 0.0)	(77.0, 0.0)	(78.0, 0.0)	(79.0, 0.0)	(80.0, 0.0)	(81.0, 0.0)	(82.0, 0.0)	(83.0, 0.0)	(84.0, 0.0)	(85.0, 0.0)	(86.0, 0.0)	(87.0, 0.0)	(88.0, 0.0)	(89.0, 0.0)	(90.0, 0.0)	(91.0, 0.0)	(92.0, 0.0)	(93.0, 0.0)	(94.0, 0.0)	(95.0, 0.0)	(96.0, 0.0)	(97.0, 0.0)	(98.0, 0.0)	(99.0, 0.0)	(100.0, 0.0)
FAY99780_pass_barcode08_98e12ebb_5ad7f319_121	(0.0, 0.0)	(1.0, 0.0)	(2.0, 0.0)	(3.0, 0.0)	(4.0, 0.0)	(5.0, 0.0)	(6.0, 0.0)	(7.0, 0.0)	(8.0, 0.0)	(9.0, 0.0)	(10.0, 0.0)	(11.0, 0.0)	(12.0, 0.0)	(13.0, 0.0)	(14.0, 0.0)	(15.0, 0.0)	(16.0, 0.0)	(17.0, 0.0)	(18.0, 0.0)	(19.0, 0.0)	(20.0, 0.0)	(21.0, 0.0)	(22.0, 0.0)	(23.0, 0.0)	(24.0, 0.0)	(25.0, 0.0)	(26.0, 0.0)	(27.0, 0.0)	(28.0, 0.0)	(29.0, 0.14441547807829305)	(30.0, 0.0)	(31.0, 0.14441547807829305)	(32.0, 0.14441547807829305)	(33.0, 1.8411410516907922)	(34.0, 3.4599229035309493)	(35.0, 1.9584239247967996)	(36.0, 4.871788033743802)	(37.0, 5.364208204155598)	(38.0, 8.711324503917563)	(39.0, 9.770181364029568)	(40.0, 15.942924190144279)	(41.0, 11.093859614492056)	(42.0, 10.552645291006698)	(43.0, 8.054992101147215)	(44.0, 6.753142832042084)	(45.0, 2.238439910213542)	(46.0, 0.0)	(47.0, 0.0)	(48.0, 2.238439910213542)	(49.0, 4.476879820427084)	(50.0, 2.238439910213542)	(51.0, 0.0)	(52.0, 0.0)	(53.0, 0.0)	(54.0, 0.0)	(55.0, 0.0)	(56.0, 0.0)	(57.0, 0.0)	(58.0, 0.0)	(59.0, 0.0)	(60.0, 0.0)	(61.0, 0.0)	(62.0, 0.0)	(63.0, 0.0)	(64.0, 0.0)	(65.0, 0.0)	(66.0, 0.0)	(67.0, 0.0)	(68.0, 0.0)	(69.0, 0.0)	(70.0, 0.0)	(71.0, 0.0)	(72.0, 0.0)	(73.0, 0.0)	(74.0, 0.0)	(75.0, 0.0)	(76.0, 0.0)	(77.0, 0.0)	(78.0, 0.0)	(79.0, 0.0)	(80.0, 0.0)	(81.0, 0.0)	(82.0, 0.0)	(83.0, 0.0)	(84.0, 0.0)	(85.0, 0.0)	(86.0, 0.0)	(87.0, 0.0)	(88.0, 0.0)	(89.0, 0.0)	(90.0, 0.0)	(91.0, 0.0)	(92.0, 0.0)	(93.0, 0.0)	(94.0, 0.0)	(95.0, 0.0)	(96.0, 0.0)	(97.0, 0.0)	(98.0, 0.0)	(99.0, 0.0)	(100.0, 0.0)
FAY99780_pass_barcode08_98e12ebb_5ad7f319_122	(0.0, 0.0)	(1.0, 0.0)	(2.0, 0.0)	(3.0, 0.0)	(4.0, 0.0)	(5.0, 0.0)	(6.0, 0.0)	(7.0, 0.0)	(8.0, 0.0)	(9.0, 0.0)	(10.0, 0.0)	(11.0, 0.0)	(12.0, 0.0)	(13.0, 0.0)	(14.0, 0.0)	(15.0, 0.0)	(16.0, 0.0)	(17.0, 0.0)	(18.0, 0.0)	(19.0, 0.0)	(20.0, 0.0)	(21.0, 0.0)	(22.0, 0.0)	(23.0, 0.0)	(24.0, 0.0)	(25.0, 0.0)	(26.0, 0.0)	(27.0, 0.3416933229605682)	(28.0, 0.0)	(29.0, 0.0)	(30.0, 0.0)	(31.0, 0.6523236165610848)	(32.0, 3.5877798910859666)	(33.0, 6.148976763482485)	(34.0, 3.905536409069083)	(35.0, 4.641293722392972)	(36.0, 5.97132981719635)	(37.0, 11.2279502314564)	(38.0, 5.84020038927121)	(39.0, 8.50635404219808)	(40.0, 6.911524032611494)	(41.0, 4.952878215658824)	(42.0, 0.6523236165610848)	(43.0, 6.7769175720512695)	(44.0, 7.175559782171933)	(45.0, 6.154646805033649)	(46.0, 3.5877798910859666)	(47.0, 3.5877798910859666)	(48.0, 0.6523236165610848)	(49.0, 0.0)	(50.0, 0.0)	(51.0, 4.484724863857458)	(52.0, 4.240103507647051)	(53.0, 0.0)	(54.0, 0.0)	(55.0, 0.0)	(56.0, 0.0)	(57.0, 0.0)	(58.0, 0.0)	(59.0, 0.0)	(60.0, 0.0)	(61.0, 0.0)	(62.0, 0.0)	(63.0, 0.0)	(64.0, 0.0)	(65.0, 0.0)	(66.0, 0.0)	(67.0, 0.0)	(68.0, 0.0)	(69.0, 0.0)	(70.0, 0.0)	(71.0, 0.0)	(72.0, 0.0)	(73.0, 0.0)	(74.0, 0.0)	(75.0, 0.0)	(76.0, 0.0)	(77.0, 0.0)	(78.0, 0.0)	(79.0, 0.0)	(80.0, 0.0)	(81.0, 0.0)	(82.0, 0.0)	(83.0, 0.0)	(84.0, 0.0)	(85.0, 0.0)	(86.0, 0.0)	(87.0, 0.0)	(88.0, 0.0)	(89.0, 0.0)	(90.0, 0.0)	(91.0, 0.0)	(92.0, 0.0)	(93.0, 0.0)	(94.0, 0.0)	(95.0, 0.0)	(96.0, 0.0)	(97.0, 0.0)	(98.0, 0.0)	(99.0, 0.0)	(100.0, 0.0)
FAY99780_pass_barcode08_98e12ebb_5ad7f319_123	(0.0, 0.0)	(1.0, 0.0)	(2.0, 0.0)	(3.0, 0.0)	(4.0, 0.0)	(5.0, 0.0)	(6.0, 0.0)	(7.0, 0.0)	(8.0, 0.0)	(9.0, 0.0)	(10.0, 0.0)	(11.0, 0.0)	(12.0, 0.0)	(13.0, 0.0)	(14.0, 0.0)	(15.0, 0.0)	(16.0, 0.0)	(17.0, 0.0)	(18.0, 0.0)	(19.0, 0.0)	(20.0, 0.0)	(21.0, 0.0)	(22.0, 0.0)	(23.0, 0.0)	(24.0, 0.0)	(25.0, 0.0)	(26.0, 0.0)	(27.0, 0.0)	(28.0, 0.27042731737349074)	(29.0, 0.9464956108072174)	(30.0, 0.0)	(31.0, 1.6901707335843168)	(32.0, 0.27042731737349074)	(33.0, 0.0)	(34.0, 1.0578480356080666)	(35.0, 2.2476560539418067)	(36.0, 3.3041301322724683)	(37.0, 11.799237545484797)	(38.0, 15.074895106962726)	(39.0, 11.781314363738908)	(40.0, 17.933038774336403)	(41.0, 15.448775112500144)	(42.0, 6.8147683978119655)	(43.0, 2.0507404900823043)	(44.0, 0.5162703331675732)	(45.0, 1.0325406663351464)	(46.0, 0.0)	(47.0, 1.135794732968661)	(48.0, 0.9464956108072174)	(49.0, 0.0)	(50.0, 2.8394868324216525)	(51.0, 2.8394868324216525)	(52.0, 0.0)	(53.0, 0.0)	(54.0, 0.0)	(55.0, 0.0)	(56.0, 0.0)	(57.0, 0.0)	(58.0, 0.0)	(59.0, 0.0)	(60.0, 0.0)	(61.0, 0.0)	(62.0, 0.0)	(63.0, 0.0)	(64.0, 0.0)	(65.0, 0.0)	(66.0, 0.0)	(67.0, 0.0)	(68.0, 0.0)	(69.0, 0.0)	(70.0, 0.0)	(71.0, 0.0)	(72.0, 0.0)	(73.0, 0.0)	(74.0, 0.0)	(75.0, 0.0)	(76.0, 0.0)	(77.0, 0.0)	(78.0, 0.0)	(79.0, 0.0)	(80.0, 0.0)	(81.0, 0.0)	(82.0, 0.0)	(83.0, 0.0)	(84.0, 0.0)	(85.0, 0.0)	(86.0, 0.0)	(87.0, 0.0)	(88.0, 0.0)	(89.0, 0.0)	(90.0, 0.0)	(91.0, 0.0)	(92.0, 0.0)	(93.0, 0.0)	(94.0, 0.0)	(95.0, 0.0)	(96.0, 0.0)	(97.0, 0.0)	(98.0, 0.0)	(99.0, 0.0)	(100.0, 0.0)
FAY99780_pass_barcode08_98e12ebb_5ad7f319_124	(0.0, 0.0)	(1.0, 0.0)	(2.0, 0.0)	(3.0, 0.0)	(4.0, 0.0)	(5.0, 0.0)	(6.0, 0.0)	(7.0, 0.0)	(8.0, 0.0)	(9.0, 0.0)	(10.0, 0.0)	(11.0, 0.0)	(12.0, 0.0)	(13.0, 0.0)	(14.0, 0.0)	(15.0, 0.0)	(16.0, 0.0)	(17.0, 1.0430227475499239)	(18.0, 2.0860454950998477)	(19.0, 2.0860454950998477)	(20.0, 2.0860454950998477)	(21.0, 2.0860454950998477)	(22.0, 2.0860454950998477)	(23.0, 2.0860454950998477)	(24.0, 2.0860454950998477)	(25.0, 2.0860454950998477)	(26.0, 2.0860454950998477)	(27.0, 2.0860454950998477)	(28.0, 2.0860454950998477)	(29.0, 2.275685994654379)	(30.0, 2.41409297215184)	(31.0, 2.726082181096392)	(32.0, 2.451343784564337)	(33.0, 3.028980201218213)	(34.0, 3.919613261626102)	(35.0, 3.6174311721072097)	(36.0, 6.538775617623541)	(37.0, 5.444206620727782)	(38.0, 4.4703469970511875)	(39.0, 5.779996894831931)	(40.0, 4.342505840549088)	(41.0, 4.1360840848921185)	(42.0, 4.167124215211363)	(43.0, 3.024765967894779)	(44.0, 3.476742491833079)	(45.0, 2.7813939934664633)	(46.0, 2.6075568688748096)	(47.0, 2.6075568688748096)	(48.0, 2.0860454950998477)	(49.0, 2.3178283278887197)	(50.0, 1.7963169541137576)	(51.0, 0.0)	(52.0, 0.0)	(53.0, 0.0)	(54.0, 0.0)	(55.0, 0.0)	(56.0, 0.0)	(57.0, 0.0)	(58.0, 0.0)	(59.0, 0.0)	(60.0, 0.0)	(61.0, 0.0)	(62.0, 0.0)	(63.0, 0.0)	(64.0, 0.0)	(65.0, 0.0)	(66.0, 0.0)	(67.0, 0.0)	(68.0, 0.0)	(69.0, 0.0)	(70.0, 0.0)	(71.0, 0.0)	(72.0, 0.0)	(73.0, 0.0)	(74.0, 0.0)	(75.0, 0.0)	(76.0, 0.0)	(77.0, 0.0)	(78.0, 0.0)	(79.0, 0.0)	(80.0, 0.0)	(81.0, 0.0)	(82.0, 0.0)	(83.0, 0.0)	(84.0, 0.0)	(85.0, 0.0)	(86.0, 0.0)	(87.0, 0.0)	(88.0, 0.0)	(89.0, 0.0)	(90.0, 0.0)	(91.0, 0.0)	(92.0, 0.0)	(93.0, 0.0)	(94.0, 0.0)	(95.0, 0.0)	(96.0, 0.0)	(97.0, 0.0)	(98.0, 0.0)	(99.0, 0.0)	(100.0, 0.0)
FAY99780_pass_barcode08_98e12ebb_5ad7f319_125	(0.0, 0.0)	(1.0, 0.0)	(2.0, 0.0)	(3.0, 0.0)	(4.0, 0.0)	(5.0, 0.0)	(6.0, 0.0)	(7.0, 0.0)	(8.0, 0.0)	(9.0, 0.0)	(10.0, 0.0)	(11.0, 0.0)	(12.0, 0.0)	(13.0, 0.0)	(14.0, 0.0)	(15.0, 0.0)	(16.0, 0.0)	(17.0, 0.0)	(18.0, 0.0)	(19.0, 0.0)	(20.0, 0.0)	(21.0, 0.0)	(22.0, 0.0)	(23.0, 0.0)	(24.0, 0.0)	(25.0, 0.0)	(26.0, 0.0)	(27.0, 0.0)	(28.0, 0.0)	(29.0, 0.0)	(30.0, 0.0)	(31.0, 0.0)	(32.0, 0.991802398316125)	(33.0, 1.8899731016863222)	(34.0, 3.7012637129751407)	(35.0, 2.793884487053955)	(36.0, 7.601790811874907)	(37.0, 6.291190612972924)	(38.0, 8.18456131797417)	(39.0, 12.443564176081976)	(40.0, 19.784142223843517)	(41.0, 8.496209356204565)	(42.0, 4.706293111240459)	(43.0, 3.398483742481827)	(44.0, 5.006694799191978)	(45.0, 6.341813412309838)	(46.0, 1.3351186131178605)	(47.0, 1.5020084397575932)	(48.0, 1.3351186131178605)	(49.0, 0.19073123044540866)	(50.0, 0.0)	(51.0, 0.0)	(52.0, 0.0)	(53.0, 0.0)	(54.0, 0.0)	(55.0, 0.0)	(56.0, 0.0)	(57.0, 0.0)	(58.0, 0.0)	(59.0, 0.0)	(60.0, 0.0)	(61.0, 0.0)	(62.0, 0.0)	(63.0, 0.0)	(64.0, 0.0)	(65.0, 0.0)	(66.0, 0.0)	(67.0, 0.0)	(68.0, 0.0)	(69.0, 0.0)	(70.0, 0.0)	(71.0, 0.0)	(72.0, 0.0)	(73.0, 2.002677919676791)	(74.0, 2.002677919676791)	(75.0, 0.0)	(76.0, 0.0)	(77.0, 0.0)	(78.0, 0.0)	(79.0, 0.0)	(80.0, 0.0)	(81.0, 0.0)	(82.0, 0.0)	(83.0, 0.0)	(84.0, 0.0)	(85.0, 0.0)	(86.0, 0.0)	(87.0, 0.0)	(88.0, 0.0)	(89.0, 0.0)	(90.0, 0.0)	(91.0, 0.0)	(92.0, 0.0)	(93.0, 0.0)	(94.0, 0.0)	(95.0, 0.0)	(96.0, 0.0)	(97.0, 0.0)	(98.0, 0.0)	(99.0, 0.0)	(100.0, 0.0)
FAY99780_pass_barcode08_98e12ebb_5ad7f319_126	(0.0, 0.0)	(1.0, 0.0)	(2.0, 0.0)	(3.0, 0.0)	(4.0, 0.0)	(5.0, 0.0)	(6.0, 0.0)	(7.0, 0.0)	(8.0, 0.0)	(9.0, 0.0)	(10.0, 0.0)	(11.0, 0.0)	(12.0, 0.0)	(13.0, 0.0)	(14.0, 0.0)	(15.0, 0.0)	(16.0, 0.0)	(17.0, 0.0)	(18.0, 0.0)	(19.0, 0.0)	(20.0, 0.0)	(21.0, 0.0)	(22.0, 0.0)	(23.0, 0.0)	(24.0, 0.0)	(25.0, 0.0)	(26.0, 1.5717712901000123)	(27.0, 0.0)	(28.0, 0.0)	(29.0, 0.42866489730000346)	(30.0, 0.1521068990419367)	(31.0, 0.0)	(32.0, 1.4467440283875115)	(33.0, 0.4958869038428785)	(34.0, 2.6238714447827594)	(35.0, 5.3277418142068145)	(36.0, 5.28953874496718)	(37.0, 3.985775048576273)	(38.0, 5.500705026776317)	(39.0, 5.721726472955738)	(40.0, 4.054521334104975)	(41.0, 12.549628057915466)	(42.0, 9.152692573448244)	(43.0, 4.762000146243603)	(44.0, 0.0)	(45.0, 4.7153138703000375)	(46.0, 5.894142337875047)	(47.0, 1.5717712901000123)	(48.0, 0.0)	(49.0, 3.536485402725028)	(50.0, 2.3576569351500187)	(51.0, 2.3576569351500187)	(52.0, 7.072970805450056)	(53.0, 4.7153138703000375)	(54.0, 0.0)	(55.0, 0.0)	(56.0, 2.3576569351500187)	(57.0, 2.3576569351500187)	(58.0, 0.0)	(59.0, 0.0)	(60.0, 0.0)	(61.0, 0.0)	(62.0, 0.0)	(63.0, 0.0)	(64.0, 0.0)	(65.0, 0.0)	(66.0, 0.0)	(67.0, 0.0)	(68.0, 0.0)	(69.0, 0.0)	(70.0, 0.0)	(71.0, 0.0)	(72.0, 0.0)	(73.0, 0.0)	(74.0, 0.0)	(75.0, 0.0)	(76.0, 0.0)	(77.0, 0.0)	(78.0, 0.0)	(79.0, 0.0)	(80.0, 0.0)	(81.0, 0.0)	(82.0, 0.0)	(83.0, 0.0)	(84.0, 0.0)	(85.0, 0.0)	(86.0, 0.0)	(87.0, 0.0)	(88.0, 0.0)	(89.0, 0.0)	(90.0, 0.0)	(91.0, 0.0)	(92.0, 0.0)	(93.0, 0.0)	(94.0, 0.0)	(95.0, 0.0)	(96.0, 0.0)	(97.0, 0.0)	(98.0, 0.0)	(99.0, 0.0)	(100.0, 0.0)
FAY99780_pass_barcode08_98e12ebb_5ad7f319_127	(0.0, 1.3711110129746131)	(1.0, 1.3711110129746131)	(2.0, 1.3711110129746131)	(3.0, 1.3711110129746131)	(4.0, 1.3711110129746131)	(5.0, 1.3711110129746131)	(6.0, 1.3711110129746131)	(7.0, 1.3711110129746131)	(8.0, 1.3711110129746131)	(9.0, 1.3711110129746131)	(10.0, 1.3711110129746131)	(11.0, 1.3711110129746131)	(12.0, 1.3711110129746131)	(13.0, 1.3711110129746131)	(14.0, 1.3711110129746131)	(15.0, 1.3711110129746131)	(16.0, 1.3711110129746131)	(17.0, 1.3711110129746131)	(18.0, 1.3711110129746131)	(19.0, 1.3711110129746131)	(20.0, 1.3711110129746131)	(21.0, 1.3711110129746131)	(22.0, 1.3711110129746131)	(23.0, 1.3711110129746131)	(24.0, 1.3711110129746131)	(25.0, 1.3711110129746131)	(26.0, 1.3711110129746131)	(27.0, 1.3711110129746131)	(28.0, 1.3711110129746131)	(29.0, 1.3711110129746131)	(30.0, 1.3711110129746131)	(31.0, 1.3711110129746131)	(32.0, 1.5996295151370485)	(33.0, 1.5996295151370485)	(34.0, 1.4088241188705792)	(35.0, 2.086398535541495)	(36.0, 2.4045046985015697)	(37.0, 3.416065628628162)	(38.0, 2.6794137427546856)	(39.0, 4.757183981874405)	(40.0, 5.982001186599563)	(41.0, 5.328195641975699)	(42.0, 4.279740563848074)	(43.0, 3.035755651262101)	(44.0, 2.866868481674191)	(45.0, 3.3124795608909405)	(46.0, 3.0164442285441493)	(47.0, 2.7422220259492263)	(48.0, 2.0566665194619196)	(49.0, 1.4957574686995778)	(50.0, 0.6855555064873066)	(51.0, 0.0)	(52.0, 0.0)	(53.0, 0.6855555064873066)	(54.0, 0.6855555064873066)	(55.0, 0.0)	(56.0, 0.0)	(57.0, 0.0)	(58.0, 0.0)	(59.0, 0.0)	(60.0, 0.0)	(61.0, 0.0)	(62.0, 0.0)	(63.0, 0.0)	(64.0, 0.0)	(65.0, 0.0)	(66.0, 0.0)	(67.0, 0.0)	(68.0, 0.0)	(69.0, 0.0)	(70.0, 0.0)	(71.0, 0.0)	(72.0, 0.0)	(73.0, 0.0)	(74.0, 0.0)	(75.0, 0.0)	(76.0, 0.0)	(77.0, 0.0)	(78.0, 0.0)	(79.0, 0.0)	(80.0, 0.0)	(81.0, 0.0)	(82.0, 0.0)	(83.0, 0.0)	(84.0, 0.0)	(85.0, 0.0)	(86.0, 0.0)	(87.0, 0.0)	(88.0, 0.0)	(89.0, 0.0)	(90.0, 0.0)	(91.0, 0.0)	(92.0, 0.0)	(93.0, 0.0)	(94.0, 0.0)	(95.0, 0.0)	(96.0, 0.0)	(97.0, 0.0)	(98.0, 0.0)	(99.0, 0.0)	(100.0, 0.0)
FAY99780_pass_barcode08_98e12ebb_5ad7f319_128	(0.0, 0.0)	(1.0, 0.0)	(2.0, 0.0)	(3.0, 0.0)	(4.0, 0.0)	(5.0, 0.0)	(6.0, 0.0)	(7.0, 0.0)	(8.0, 0.0)	(9.0, 0.0)	(10.0, 0.0)	(11.0, 0.0)	(12.0, 0.0)	(13.0, 0.0)	(14.0, 0.0)	(15.0, 0.0)	(16.0, 0.0)	(17.0, 0.0)	(18.0, 0.0)	(19.0, 0.0)	(20.0, 0.0)	(21.0, 0.0)	(22.0, 0.0)	(23.0, 0.0)	(24.0, 0.0)	(25.0, 0.0)	(26.0, 0.0)	(27.0, 0.0)	(28.0, 0.0)	(29.0, 0.1258993889706234)	(30.0, 4.377865116478496)	(31.0, 6.420868837501794)	(32.0, 3.210434418750897)	(33.0, 1.09464038241125)	(34.0, 0.06357295878714647)	(35.0, 2.3249227204953073)	(36.0, 4.696804521295205)	(37.0, 9.591640367658101)	(38.0, 12.479872769287535)	(39.0, 11.180000075934576)	(40.0, 15.772546714858565)	(41.0, 13.079393209898136)	(42.0, 6.9559412406269425)	(43.0, 0.0)	(44.0, 0.0)	(45.0, 1.4912985687100941)	(46.0, 0.0)	(47.0, 0.7134298708335326)	(48.0, 3.210434418750897)	(49.0, 3.210434418750897)	(50.0, 0.0)	(51.0, 0.0)	(52.0, 0.0)	(53.0, 0.0)	(54.0, 0.0)	(55.0, 0.0)	(56.0, 0.0)	(57.0, 0.0)	(58.0, 0.0)	(59.0, 0.0)	(60.0, 0.0)	(61.0, 0.0)	(62.0, 0.0)	(63.0, 0.0)	(64.0, 0.0)	(65.0, 0.0)	(66.0, 0.0)	(67.0, 0.0)	(68.0, 0.0)	(69.0, 0.0)	(70.0, 0.0)	(71.0, 0.0)	(72.0, 0.0)	(73.0, 0.0)	(74.0, 0.0)	(75.0, 0.0)	(76.0, 0.0)	(77.0, 0.0)	(78.0, 0.0)	(79.0, 0.0)	(80.0, 0.0)	(81.0, 0.0)	(82.0, 0.0)	(83.0, 0.0)	(84.0, 0.0)	(85.0, 0.0)	(86.0, 0.0)	(87.0, 0.0)	(88.0, 0.0)	(89.0, 0.0)	(90.0, 0.0)	(91.0, 0.0)	(92.0, 0.0)	(93.0, 0.0)	(94.0, 0.0)	(95.0, 0.0)	(96.0, 0.0)	(97.0, 0.0)	(98.0, 0.0)	(99.0, 0.0)	(100.0, 0.0)
FAY99780_pass_barcode08_98e12ebb_5ad7f319_129	(0.0, 2.812778571571955)	(1.0, 2.812778571571955)	(2.0, 2.812778571571955)	(3.0, 2.812778571571955)	(4.0, 2.812778571571955)	(5.0, 2.812778571571955)	(6.0, 2.812778571571955)	(7.0, 2.812778571571955)	(8.0, 2.812778571571955)	(9.0, 2.812778571571955)	(10.0, 1.4063892857859774)	(11.0, 0.0)	(12.0, 0.0)	(13.0, 0.0)	(14.0, 0.0)	(15.0, 0.0)	(16.0, 0.0)	(17.0, 0.0)	(18.0, 0.0)	(19.0, 0.0)	(20.0, 0.0)	(21.0, 0.0)	(22.0, 0.0)	(23.0, 0.0)	(24.0, 0.0)	(25.0, 0.0)	(26.0, 0.0)	(27.0, 0.0)	(28.0, 0.0)	(29.0, 0.0551525210112148)	(30.0, 0.06860435540419403)	(31.0, 0.0)	(32.0, 0.9589017857631665)	(33.0, 1.367322916736367)	(34.0, 1.934546301119023)	(35.0, 6.332215244431884)	(36.0, 7.466150192496361)	(37.0, 6.008080209761503)	(38.0, 2.9349705825812222)	(39.0, 3.826435788677872)	(40.0, 3.2534289271184362)	(41.0, 6.9578040800627985)	(42.0, 5.579895153345663)	(43.0, 3.7047094389643607)	(44.0, 3.750371428762606)	(45.0, 4.078528928779335)	(46.0, 3.0471767858696177)	(47.0, 2.5783803572742916)	(48.0, 0.9375928571906516)	(49.0, 0.0)	(50.0, 1.4063892857859774)	(51.0, 1.4063892857859774)	(52.0, 1.4063892857859774)	(53.0, 1.4063892857859774)	(54.0, 0.0)	(55.0, 0.0)	(56.0, 0.0)	(57.0, 0.0)	(58.0, 0.0)	(59.0, 0.0)	(60.0, 0.0)	(61.0, 0.0)	(62.0, 0.0)	(63.0, 0.0)	(64.0, 0.0)	(65.0, 0.0)	(66.0, 0.0)	(67.0, 0.0)	(68.0, 0.0)	(69.0, 0.0)	(70.0, 0.0)	(71.0, 0.0)	(72.0, 0.0)	(73.0, 0.0)	(74.0, 0.0)	(75.0, 0.0)	(76.0, 0.0)	(77.0, 0.0)	(78.0, 0.0)	(79.0, 0.0)	(80.0, 0.0)	(81.0, 0.0)	(82.0, 0.0)	(83.0, 0.0)	(84.0, 0.0)	(85.0, 0.0)	(86.0, 0.0)	(87.0, 0.0)	(88.0, 0.0)	(89.0, 0.0)	(90.0, 0.0)	(91.0, 0.0)	(92.0, 0.0)	(93.0, 0.0)	(94.0, 0.0)	(95.0, 0.0)	(96.0, 0.0)	(97.0, 0.0)	(98.0, 0.0)	(99.0, 0.0)	(100.0, 0.0)
FAY99780_pass_barcode08_98e12ebb_5ad7f319_13	(0.0, 0.0)	(1.0, 0.0)	(2.0, 0.0)	(3.0, 0.0)	(4.0, 0.0)	(5.0, 0.0)	(6.0, 0.0)	(7.0, 0.0)	(8.0, 0.0)	(9.0, 0.0)	(10.0, 0.0)	(11.0, 0.0)	(12.0, 0.0)	(13.0, 0.7221129109054769)	(14.0, 1.4442258218109538)	(15.0, 1.4442258218109538)	(16.0, 1.4442258218109538)	(17.0, 1.4442258218109538)	(18.0, 1.4442258218109538)	(19.0, 1.4442258218109538)	(20.0, 1.4442258218109538)	(21.0, 1.4442258218109538)	(22.0, 1.4442258218109538)	(23.0, 1.4442258218109538)	(24.0, 1.4442258218109538)	(25.0, 1.4442258218109538)	(26.0, 1.4442258218109538)	(27.0, 1.4442258218109538)	(28.0, 2.1663387327164307)	(29.0, 2.4420545714257944)	(30.0, 2.1194482839563342)	(31.0, 1.624754049537323)	(32.0, 2.0308785172215837)	(33.0, 2.5325851993780852)	(34.0, 3.60399989170097)	(35.0, 4.049334126329583)	(36.0, 4.937019740415118)	(37.0, 5.278291663575389)	(38.0, 8.280793822126094)	(39.0, 7.323492258487079)	(40.0, 3.9061450836272256)	(41.0, 3.2705030643469475)	(42.0, 4.018198855748484)	(43.0, 6.03136212251527)	(44.0, 5.838798679607141)	(45.0, 2.624302115606701)	(46.0, 2.045986580898851)	(47.0, 1.5645779736285332)	(48.0, 0.7221129109054769)	(49.0, 0.7221129109054769)	(50.0, 0.0)	(51.0, 0.0)	(52.0, 0.48140860727031787)	(53.0, 0.0)	(54.0, 0.0)	(55.0, 0.0)	(56.0, 0.7221129109054769)	(57.0, 0.7221129109054769)	(58.0, 0.0)	(59.0, 0.0)	(60.0, 0.0)	(61.0, 0.0)	(62.0, 0.0)	(63.0, 0.0)	(64.0, 0.0)	(65.0, 0.0)	(66.0, 0.0)	(67.0, 0.0)	(68.0, 0.0)	(69.0, 0.0)	(70.0, 0.0)	(71.0, 0.0)	(72.0, 0.0)	(73.0, 0.0)	(74.0, 0.0)	(75.0, 0.0)	(76.0, 0.0)	(77.0, 0.0)	(78.0, 0.0)	(79.0, 0.0)	(80.0, 0.0)	(81.0, 0.0)	(82.0, 0.0)	(83.0, 0.0)	(84.0, 0.0)	(85.0, 0.0)	(86.0, 0.0)	(87.0, 0.0)	(88.0, 0.0)	(89.0, 0.0)	(90.0, 0.0)	(91.0, 0.0)	(92.0, 0.0)	(93.0, 0.0)	(94.0, 0.0)	(95.0, 0.0)	(96.0, 0.0)	(97.0, 0.0)	(98.0, 0.0)	(99.0, 0.0)	(100.0, 0.0)
FAY99780_pass_barcode08_98e12ebb_5ad7f319_130	(0.0, 0.0)	(1.0, 0.0)	(2.0, 0.0)	(3.0, 0.0)	(4.0, 0.0)	(5.0, 0.0)	(6.0, 0.0)	(7.0, 0.0)	(8.0, 0.0)	(9.0, 0.0)	(10.0, 0.0)	(11.0, 0.0)	(12.0, 0.0)	(13.0, 0.0)	(14.0, 0.0)	(15.0, 0.0)	(16.0, 0.0)	(17.0, 0.0)	(18.0, 0.0)	(19.0, 0.0)	(20.0, 0.0)	(21.0, 0.0)	(22.0, 0.0)	(23.0, 0.0)	(24.0, 0.0)	(25.0, 0.0)	(26.0, 0.0)	(27.0, 0.0)	(28.0, 0.0)	(29.0, 0.0)	(30.0, 0.0)	(31.0, 0.13489520114826922)	(32.0, 4.604031865277885)	(33.0, 1.127925271971136)	(34.0, 4.145710425151307)	(35.0, 2.083555127495114)	(36.0, 8.699526531567637)	(37.0, 11.082125551599384)	(38.0, 6.633832983068501)	(39.0, 14.69042890891574)	(40.0, 10.087754769203789)	(41.0, 6.697240157008958)	(42.0, 11.466092097602884)	(43.0, 6.358469254125236)	(44.0, 2.91864162484437)	(45.0, 4.683333391978643)	(46.0, 2.293218419520577)	(47.0, 0.0)	(48.0, 0.0)	(49.0, 0.0)	(50.0, 0.0)	(51.0, 2.293218419520577)	(52.0, 0.0)	(53.0, 0.0)	(54.0, 0.0)	(55.0, 0.0)	(56.0, 0.0)	(57.0, 0.0)	(58.0, 0.0)	(59.0, 0.0)	(60.0, 0.0)	(61.0, 0.0)	(62.0, 0.0)	(63.0, 0.0)	(64.0, 0.0)	(65.0, 0.0)	(66.0, 0.0)	(67.0, 0.0)	(68.0, 0.0)	(69.0, 0.0)	(70.0, 0.0)	(71.0, 0.0)	(72.0, 0.0)	(73.0, 0.0)	(74.0, 0.0)	(75.0, 0.0)	(76.0, 0.0)	(77.0, 0.0)	(78.0, 0.0)	(79.0, 0.0)	(80.0, 0.0)	(81.0, 0.0)	(82.0, 0.0)	(83.0, 0.0)	(84.0, 0.0)	(85.0, 0.0)	(86.0, 0.0)	(87.0, 0.0)	(88.0, 0.0)	(89.0, 0.0)	(90.0, 0.0)	(91.0, 0.0)	(92.0, 0.0)	(93.0, 0.0)	(94.0, 0.0)	(95.0, 0.0)	(96.0, 0.0)	(97.0, 0.0)	(98.0, 0.0)	(99.0, 0.0)	(100.0, 0.0)
FAY99780_pass_barcode08_98e12ebb_5ad7f319_131	(0.0, 0.0)	(1.0, 0.0)	(2.0, 0.0)	(3.0, 0.0)	(4.0, 0.0)	(5.0, 0.0)	(6.0, 0.0)	(7.0, 0.0)	(8.0, 0.0)	(9.0, 0.0)	(10.0, 0.0)	(11.0, 0.0)	(12.0, 0.0)	(13.0, 0.0)	(14.0, 0.0)	(15.0, 0.0)	(16.0, 0.0)	(17.0, 0.0)	(18.0, 0.0)	(19.0, 0.0)	(20.0, 0.0)	(21.0, 0.0)	(22.0, 0.0)	(23.0, 0.0)	(24.0, 0.0)	(25.0, 0.0)	(26.0, 0.0)	(27.0, 0.0)	(28.0, 0.0)	(29.0, 0.0)	(30.0, 0.7621753160116462)	(31.0, 2.095982119032027)	(32.0, 4.890624944408064)	(33.0, 5.233603836613305)	(34.0, 5.552991588084852)	(35.0, 6.201059266370213)	(36.0, 5.924430336747438)	(37.0, 7.57236993648357)	(38.0, 3.8023006567180753)	(39.0, 10.578816703585249)	(40.0, 6.856065515459601)	(41.0, 8.966448181937011)	(42.0, 15.150956460431509)	(43.0, 7.748782379451737)	(44.0, 0.0)	(45.0, 0.0)	(46.0, 0.0)	(47.0, 0.0)	(48.0, 2.794642825376036)	(49.0, 4.471428520601658)	(50.0, 0.0)	(51.0, 0.0)	(52.0, 0.0)	(53.0, 1.397321412688018)	(54.0, 0.0)	(55.0, 0.0)	(56.0, 0.0)	(57.0, 0.0)	(58.0, 0.0)	(59.0, 0.0)	(60.0, 0.0)	(61.0, 0.0)	(62.0, 0.0)	(63.0, 0.0)	(64.0, 0.0)	(65.0, 0.0)	(66.0, 0.0)	(67.0, 0.0)	(68.0, 0.0)	(69.0, 0.0)	(70.0, 0.0)	(71.0, 0.0)	(72.0, 0.0)	(73.0, 0.0)	(74.0, 0.0)	(75.0, 0.0)	(76.0, 0.0)	(77.0, 0.0)	(78.0, 0.0)	(79.0, 0.0)	(80.0, 0.0)	(81.0, 0.0)	(82.0, 0.0)	(83.0, 0.0)	(84.0, 0.0)	(85.0, 0.0)	(86.0, 0.0)	(87.0, 0.0)	(88.0, 0.0)	(89.0, 0.0)	(90.0, 0.0)	(91.0, 0.0)	(92.0, 0.0)	(93.0, 0.0)	(94.0, 0.0)	(95.0, 0.0)	(96.0, 0.0)	(97.0, 0.0)	(98.0, 0.0)	(99.0, 0.0)	(100.0, 0.0)
FAY99780_pass_barcode08_98e12ebb_5ad7f319_132	(0.0, 0.0)	(1.0, 0.0)	(2.0, 0.0)	(3.0, 0.0)	(4.0, 0.0)	(5.0, 0.0)	(6.0, 0.0)	(7.0, 0.0)	(8.0, 0.0)	(9.0, 0.0)	(10.0, 0.0)	(11.0, 0.0)	(12.0, 0.0)	(13.0, 0.0)	(14.0, 0.0)	(15.0, 0.0)	(16.0, 0.0)	(17.0, 0.0)	(18.0, 0.0)	(19.0, 0.0)	(20.0, 0.0)	(21.0, 0.0)	(22.0, 0.0)	(23.0, 0.0)	(24.0, 0.0)	(25.0, 0.0)	(26.0, 0.0)	(27.0, 2.120360316802961)	(28.0, 4.240720633605922)	(29.0, 4.240720633605922)	(30.0, 4.240720633605922)	(31.0, 2.120360316802961)	(32.0, 0.299958109997746)	(33.0, 2.707819452194258)	(34.0, 2.977071555915268)	(35.0, 3.202294075047755)	(36.0, 2.9969527092125077)	(37.0, 4.2540958371620965)	(38.0, 6.21355989226189)	(39.0, 10.211460178573155)	(40.0, 7.0663378811781214)	(41.0, 4.626240691206459)	(42.0, 4.025471934778954)	(43.0, 2.120360316802961)	(44.0, 4.240720633605922)	(45.0, 7.7746544949441905)	(46.0, 7.7746544949441905)	(47.0, 3.5339338613382676)	(48.0, 4.770810712806662)	(49.0, 0.0)	(50.0, 0.0)	(51.0, 2.120360316802961)	(52.0, 2.120360316802961)	(53.0, 0.0)	(54.0, 0.0)	(55.0, 0.0)	(56.0, 0.0)	(57.0, 0.0)	(58.0, 0.0)	(59.0, 0.0)	(60.0, 0.0)	(61.0, 0.0)	(62.0, 0.0)	(63.0, 0.0)	(64.0, 0.0)	(65.0, 0.0)	(66.0, 0.0)	(67.0, 0.0)	(68.0, 0.0)	(69.0, 0.0)	(70.0, 0.0)	(71.0, 0.0)	(72.0, 0.0)	(73.0, 0.0)	(74.0, 0.0)	(75.0, 0.0)	(76.0, 0.0)	(77.0, 0.0)	(78.0, 0.0)	(79.0, 0.0)	(80.0, 0.0)	(81.0, 0.0)	(82.0, 0.0)	(83.0, 0.0)	(84.0, 0.0)	(85.0, 0.0)	(86.0, 0.0)	(87.0, 0.0)	(88.0, 0.0)	(89.0, 0.0)	(90.0, 0.0)	(91.0, 0.0)	(92.0, 0.0)	(93.0, 0.0)	(94.0, 0.0)	(95.0, 0.0)	(96.0, 0.0)	(97.0, 0.0)	(98.0, 0.0)	(99.0, 0.0)	(100.0, 0.0)
FAY99780_pass_barcode08_98e12ebb_5ad7f319_133	(0.0, 0.0)	(1.0, 0.0)	(2.0, 0.0)	(3.0, 0.0)	(4.0, 0.0)	(5.0, 0.0)	(6.0, 0.0)	(7.0, 0.0)	(8.0, 0.0)	(9.0, 0.0)	(10.0, 0.0)	(11.0, 0.0)	(12.0, 0.0)	(13.0, 0.0)	(14.0, 0.0)	(15.0, 0.0)	(16.0, 0.0)	(17.0, 0.0)	(18.0, 0.0)	(19.0, 0.0)	(20.0, 0.0)	(21.0, 0.0)	(22.0, 0.0)	(23.0, 0.0)	(24.0, 0.0)	(25.0, 0.0)	(26.0, 0.0)	(27.0, 0.0)	(28.0, 0.0)	(29.0, 0.0)	(30.0, 0.1175011384949707)	(31.0, 0.0)	(32.0, 1.9125222812337714)	(33.0, 0.9382287876795388)	(34.0, 0.37979752431068925)	(35.0, 4.1698113812617335)	(36.0, 5.662935359638649)	(37.0, 6.851381324945424)	(38.0, 10.365162429851413)	(39.0, 15.060247665519407)	(40.0, 5.908497437939625)	(41.0, 5.923599553687967)	(42.0, 5.89863268118669)	(43.0, 10.348111628818442)	(44.0, 11.258745452154466)	(45.0, 9.43747780548242)	(46.0, 3.6425352933440918)	(47.0, 1.2141784311146973)	(48.0, 0.9106338233360229)	(49.0, 0.0)	(50.0, 0.0)	(51.0, 0.0)	(52.0, 0.0)	(53.0, 0.0)	(54.0, 0.0)	(55.0, 0.0)	(56.0, 0.0)	(57.0, 0.0)	(58.0, 0.0)	(59.0, 0.0)	(60.0, 0.0)	(61.0, 0.0)	(62.0, 0.0)	(63.0, 0.0)	(64.0, 0.0)	(65.0, 0.0)	(66.0, 0.0)	(67.0, 0.0)	(68.0, 0.0)	(69.0, 0.0)	(70.0, 0.0)	(71.0, 0.0)	(72.0, 0.0)	(73.0, 0.0)	(74.0, 0.0)	(75.0, 0.0)	(76.0, 0.0)	(77.0, 0.0)	(78.0, 0.0)	(79.0, 0.0)	(80.0, 0.0)	(81.0, 0.0)	(82.0, 0.0)	(83.0, 0.0)	(84.0, 0.0)	(85.0, 0.0)	(86.0, 0.0)	(87.0, 0.0)	(88.0, 0.0)	(89.0, 0.0)	(90.0, 0.0)	(91.0, 0.0)	(92.0, 0.0)	(93.0, 0.0)	(94.0, 0.0)	(95.0, 0.0)	(96.0, 0.0)	(97.0, 0.0)	(98.0, 0.0)	(99.0, 0.0)	(100.0, 0.0)
FAY99780_pass_barcode08_98e12ebb_5ad7f319_134	(0.0, 0.0)	(1.0, 0.0)	(2.0, 0.0)	(3.0, 0.0)	(4.0, 0.0)	(5.0, 0.0)	(6.0, 0.0)	(7.0, 0.0)	(8.0, 0.0)	(9.0, 0.0)	(10.0, 0.0)	(11.0, 0.0)	(12.0, 0.0)	(13.0, 0.0)	(14.0, 0.0)	(15.0, 0.0)	(16.0, 0.0)	(17.0, 0.0)	(18.0, 0.0)	(19.0, 0.0)	(20.0, 0.0)	(21.0, 0.0)	(22.0, 0.0)	(23.0, 0.0)	(24.0, 0.0)	(25.0, 0.0)	(26.0, 0.0)	(27.0, 0.0)	(28.0, 0.0)	(29.0, 0.0)	(30.0, 0.43240097919737774)	(31.0, 0.2837631425982791)	(32.0, 0.43240097919737774)	(33.0, 0.5675262851965582)	(34.0, 1.466579571155454)	(35.0, 3.201735534275279)	(36.0, 5.913126786450121)	(37.0, 5.995224944298514)	(38.0, 9.96923463428735)	(39.0, 11.768827327990607)	(40.0, 10.553624211800999)	(41.0, 11.31860502930253)	(42.0, 9.153110029225079)	(43.0, 3.641626996677916)	(44.0, 3.1213945685810702)	(45.0, 3.168688425680784)	(46.0, 1.8444604268888145)	(47.0, 3.1213945685810702)	(48.0, 1.5606972842905351)	(49.0, 0.0)	(50.0, 0.0)	(51.0, 0.0)	(52.0, 0.0)	(53.0, 0.0)	(54.0, 1.5606972842905351)	(55.0, 3.1213945685810702)	(56.0, 1.5606972842905351)	(57.0, 0.0)	(58.0, 0.0)	(59.0, 1.5606972842905351)	(60.0, 3.1213945685810702)	(61.0, 1.5606972842905351)	(62.0, 0.0)	(63.0, 0.0)	(64.0, 0.0)	(65.0, 0.0)	(66.0, 0.0)	(67.0, 0.0)	(68.0, 0.0)	(69.0, 0.0)	(70.0, 0.0)	(71.0, 0.0)	(72.0, 0.0)	(73.0, 0.0)	(74.0, 0.0)	(75.0, 0.0)	(76.0, 0.0)	(77.0, 0.0)	(78.0, 0.0)	(79.0, 0.0)	(80.0, 0.0)	(81.0, 0.0)	(82.0, 0.0)	(83.0, 0.0)	(84.0, 0.0)	(85.0, 0.0)	(86.0, 0.0)	(87.0, 0.0)	(88.0, 0.0)	(89.0, 0.0)	(90.0, 0.0)	(91.0, 0.0)	(92.0, 0.0)	(93.0, 0.0)	(94.0, 0.0)	(95.0, 0.0)	(96.0, 0.0)	(97.0, 0.0)	(98.0, 0.0)	(99.0, 0.0)	(100.0, 0.0)
FAY99780_pass_barcode08_98e12ebb_5ad7f319_135	(0.0, 0.0)	(1.0, 0.0)	(2.0, 0.0)	(3.0, 0.0)	(4.0, 0.0)	(5.0, 0.0)	(6.0, 0.0)	(7.0, 0.0)	(8.0, 0.0)	(9.0, 0.0)	(10.0, 0.0)	(11.0, 0.0)	(12.0, 0.0)	(13.0, 0.0)	(14.0, 0.0)	(15.0, 0.0)	(16.0, 0.0)	(17.0, 0.0)	(18.0, 0.0)	(19.0, 0.0)	(20.0, 0.0)	(21.0, 0.0)	(22.0, 0.0)	(23.0, 0.0)	(24.0, 0.0)	(25.0, 0.0)	(26.0, 0.0)	(27.0, 0.0)	(28.0, 2.570050886250732)	(29.0, 2.570050886250732)	(30.0, 0.10078630926473459)	(31.0, 0.0)	(32.0, 1.2727871055717912)	(33.0, 0.0)	(34.0, 2.1603059877847506)	(35.0, 10.34738421917296)	(36.0, 6.364529873605372)	(37.0, 12.909253163469126)	(38.0, 8.647177975235552)	(39.0, 7.275010118583969)	(40.0, 7.649402639751413)	(41.0, 18.924633756652426)	(42.0, 10.747485524321242)	(43.0, 3.6715012660724735)	(44.0, 2.570050886250732)	(45.0, 0.0)	(46.0, 0.0)	(47.0, 1.285025443125366)	(48.0, 0.46728197931831494)	(49.0, 0.0)	(50.0, 0.46728197931831494)	(51.0, 0.0)	(52.0, 0.0)	(53.0, 0.0)	(54.0, 0.0)	(55.0, 0.0)	(56.0, 0.0)	(57.0, 0.0)	(58.0, 0.0)	(59.0, 0.0)	(60.0, 0.0)	(61.0, 0.0)	(62.0, 0.0)	(63.0, 0.0)	(64.0, 0.0)	(65.0, 0.0)	(66.0, 0.0)	(67.0, 0.0)	(68.0, 0.0)	(69.0, 0.0)	(70.0, 0.0)	(71.0, 0.0)	(72.0, 0.0)	(73.0, 0.0)	(74.0, 0.0)	(75.0, 0.0)	(76.0, 0.0)	(77.0, 0.0)	(78.0, 0.0)	(79.0, 0.0)	(80.0, 0.0)	(81.0, 0.0)	(82.0, 0.0)	(83.0, 0.0)	(84.0, 0.0)	(85.0, 0.0)	(86.0, 0.0)	(87.0, 0.0)	(88.0, 0.0)	(89.0, 0.0)	(90.0, 0.0)	(91.0, 0.0)	(92.0, 0.0)	(93.0, 0.0)	(94.0, 0.0)	(95.0, 0.0)	(96.0, 0.0)	(97.0, 0.0)	(98.0, 0.0)	(99.0, 0.0)	(100.0, 0.0)
FAY99780_pass_barcode08_98e12ebb_5ad7f319_136	(0.0, 0.0)	(1.0, 0.0)	(2.0, 0.0)	(3.0, 0.0)	(4.0, 0.0)	(5.0, 0.0)	(6.0, 0.0)	(7.0, 0.0)	(8.0, 0.0)	(9.0, 0.0)	(10.0, 0.0)	(11.0, 0.0)	(12.0, 0.0)	(13.0, 0.0)	(14.0, 0.0)	(15.0, 0.0)	(16.0, 0.0)	(17.0, 0.0)	(18.0, 0.0)	(19.0, 0.0)	(20.0, 0.0)	(21.0, 0.0)	(22.0, 0.0)	(23.0, 0.0)	(24.0, 0.0)	(25.0, 0.49497355813078)	(26.0, 0.0)	(27.0, 0.0)	(28.0, 0.4499759619370726)	(29.0, 0.0)	(30.0, 1.4731355896749403)	(31.0, 0.15966888971960644)	(32.0, 0.0)	(33.0, 0.06110784668281234)	(34.0, 0.7306752524787704)	(35.0, 2.9327004757359054)	(36.0, 5.078496124423068)	(37.0, 13.990378552538813)	(38.0, 14.911539861563478)	(39.0, 12.16178350333136)	(40.0, 13.133618668459219)	(41.0, 11.485670988809519)	(42.0, 11.469030172705626)	(43.0, 4.674750271235144)	(44.0, 0.0)	(45.0, 3.1819728736978705)	(46.0, 2.4748677906539)	(47.0, 0.4499759619370726)	(48.0, 0.4499759619370726)	(49.0, 0.0)	(50.0, 0.23570169434799043)	(51.0, 0.0)	(52.0, 0.0)	(53.0, 0.0)	(54.0, 0.0)	(55.0, 0.0)	(56.0, 0.0)	(57.0, 0.0)	(58.0, 0.0)	(59.0, 0.0)	(60.0, 0.0)	(61.0, 0.0)	(62.0, 0.0)	(63.0, 0.0)	(64.0, 0.0)	(65.0, 0.0)	(66.0, 0.0)	(67.0, 0.0)	(68.0, 0.0)	(69.0, 0.0)	(70.0, 0.0)	(71.0, 0.0)	(72.0, 0.0)	(73.0, 0.0)	(74.0, 0.0)	(75.0, 0.0)	(76.0, 0.0)	(77.0, 0.0)	(78.0, 0.0)	(79.0, 0.0)	(80.0, 0.0)	(81.0, 0.0)	(82.0, 0.0)	(83.0, 0.0)	(84.0, 0.0)	(85.0, 0.0)	(86.0, 0.0)	(87.0, 0.0)	(88.0, 0.0)	(89.0, 0.0)	(90.0, 0.0)	(91.0, 0.0)	(92.0, 0.0)	(93.0, 0.0)	(94.0, 0.0)	(95.0, 0.0)	(96.0, 0.0)	(97.0, 0.0)	(98.0, 0.0)	(99.0, 0.0)	(100.0, 0.0)
FAY99780_pass_barcode08_98e12ebb_5ad7f319_137	(0.0, 0.0)	(1.0, 0.0)	(2.0, 0.0)	(3.0, 0.0)	(4.0, 0.0)	(5.0, 0.0)	(6.0, 0.0)	(7.0, 0.0)	(8.0, 0.0)	(9.0, 0.0)	(10.0, 0.0)	(11.0, 0.0)	(12.0, 0.0)	(13.0, 0.0)	(14.0, 0.0)	(15.0, 0.0)	(16.0, 0.0)	(17.0, 0.0)	(18.0, 0.0)	(19.0, 0.0)	(20.0, 0.0)	(21.0, 0.0)	(22.0, 0.0)	(23.0, 0.0)	(24.0, 0.0)	(25.0, 0.0)	(26.0, 0.0)	(27.0, 0.0)	(28.0, 0.0)	(29.0, 0.17714090437056265)	(30.0, 0.0)	(31.0, 0.0)	(32.0, 0.0)	(33.0, 0.6864210044359303)	(34.0, 2.0130678715166055)	(35.0, 3.5596185115851373)	(36.0, 7.0352583642785955)	(37.0, 10.714833095654598)	(38.0, 11.913014053244012)	(39.0, 5.849968700888221)	(40.0, 7.481970692061311)	(41.0, 9.03399584264185)	(42.0, 15.142863370586584)	(43.0, 9.880302336577786)	(44.0, 6.860049917059692)	(45.0, 1.8304560118291475)	(46.0, 1.8304560118291475)	(47.0, 0.0)	(48.0, 0.0)	(49.0, 0.0)	(50.0, 0.49921527595340387)	(51.0, 2.7456840177437214)	(52.0, 2.7456840177437214)	(53.0, 0.0)	(54.0, 0.0)	(55.0, 0.0)	(56.0, 0.0)	(57.0, 0.0)	(58.0, 0.0)	(59.0, 0.0)	(60.0, 0.0)	(61.0, 0.0)	(62.0, 0.0)	(63.0, 0.0)	(64.0, 0.0)	(65.0, 0.0)	(66.0, 0.0)	(67.0, 0.0)	(68.0, 0.0)	(69.0, 0.0)	(70.0, 0.0)	(71.0, 0.0)	(72.0, 0.0)	(73.0, 0.0)	(74.0, 0.0)	(75.0, 0.0)	(76.0, 0.0)	(77.0, 0.0)	(78.0, 0.0)	(79.0, 0.0)	(80.0, 0.0)	(81.0, 0.0)	(82.0, 0.0)	(83.0, 0.0)	(84.0, 0.0)	(85.0, 0.0)	(86.0, 0.0)	(87.0, 0.0)	(88.0, 0.0)	(89.0, 0.0)	(90.0, 0.0)	(91.0, 0.0)	(92.0, 0.0)	(93.0, 0.0)	(94.0, 0.0)	(95.0, 0.0)	(96.0, 0.0)	(97.0, 0.0)	(98.0, 0.0)	(99.0, 0.0)	(100.0, 0.0)
FAY99780_pass_barcode08_98e12ebb_5ad7f319_138	(0.0, 0.0)	(1.0, 0.0)	(2.0, 0.0)	(3.0, 0.0)	(4.0, 0.0)	(5.0, 0.0)	(6.0, 0.0)	(7.0, 0.0)	(8.0, 0.0)	(9.0, 0.0)	(10.0, 0.0)	(11.0, 0.0)	(12.0, 0.0)	(13.0, 0.0)	(14.0, 0.0)	(15.0, 0.0)	(16.0, 0.0)	(17.0, 0.0)	(18.0, 0.0)	(19.0, 0.0)	(20.0, 0.0)	(21.0, 0.0)	(22.0, 0.0)	(23.0, 0.0)	(24.0, 0.0)	(25.0, 0.0)	(26.0, 0.0)	(27.0, 0.525352829421986)	(28.0, 0.0)	(29.0, 0.0)	(30.0, 1.926293707880615)	(31.0, 0.0)	(32.0, 0.1864155201174789)	(33.0, 1.926293707880615)	(34.0, 3.1145917744303455)	(35.0, 3.6716636543611187)	(36.0, 11.78105000504573)	(37.0, 10.122376598891801)	(38.0, 6.271789204839686)	(39.0, 7.876386450620167)	(40.0, 11.318315748663565)	(41.0, 10.409948359345332)	(42.0, 5.159715288965933)	(43.0, 5.9652966437593244)	(44.0, 6.260454550611999)	(45.0, 8.186748258492614)	(46.0, 3.3710139887910757)	(47.0, 1.926293707880615)	(48.0, 0.0)	(49.0, 0.0)	(50.0, 0.0)	(51.0, 0.0)	(52.0, 0.0)	(53.0, 0.0)	(54.0, 0.0)	(55.0, 0.0)	(56.0, 0.0)	(57.0, 0.0)	(58.0, 0.0)	(59.0, 0.0)	(60.0, 0.0)	(61.0, 0.0)	(62.0, 0.0)	(63.0, 0.0)	(64.0, 0.0)	(65.0, 0.0)	(66.0, 0.0)	(67.0, 0.0)	(68.0, 0.0)	(69.0, 0.0)	(70.0, 0.0)	(71.0, 0.0)	(72.0, 0.0)	(73.0, 0.0)	(74.0, 0.0)	(75.0, 0.0)	(76.0, 0.0)	(77.0, 0.0)	(78.0, 0.0)	(79.0, 0.0)	(80.0, 0.0)	(81.0, 0.0)	(82.0, 0.0)	(83.0, 0.0)	(84.0, 0.0)	(85.0, 0.0)	(86.0, 0.0)	(87.0, 0.0)	(88.0, 0.0)	(89.0, 0.0)	(90.0, 0.0)	(91.0, 0.0)	(92.0, 0.0)	(93.0, 0.0)	(94.0, 0.0)	(95.0, 0.0)	(96.0, 0.0)	(97.0, 0.0)	(98.0, 0.0)	(99.0, 0.0)	(100.0, 0.0)
FAY99780_pass_barcode08_98e12ebb_5ad7f319_139	(0.0, 0.0)	(1.0, 0.0)	(2.0, 0.0)	(3.0, 0.0)	(4.0, 0.0)	(5.0, 0.0)	(6.0, 0.0)	(7.0, 0.0)	(8.0, 0.0)	(9.0, 0.0)	(10.0, 0.0)	(11.0, 0.0)	(12.0, 0.0)	(13.0, 0.0)	(14.0, 0.0)	(15.0, 0.0)	(16.0, 0.0)	(17.0, 0.0)	(18.0, 0.0)	(19.0, 0.0)	(20.0, 0.0)	(21.0, 0.0)	(22.0, 0.0)	(23.0, 0.0)	(24.0, 0.0)	(25.0, 0.0)	(26.0, 0.0)	(27.0, 0.0)	(28.0, 0.0)	(29.0, 2.070485809560819)	(30.0, 2.070485809560819)	(31.0, 0.39437824944015604)	(32.0, 0.7529039307493889)	(33.0, 3.312777295297311)	(34.0, 2.167345570237104)	(35.0, 5.54519890471198)	(36.0, 7.481184652946611)	(37.0, 15.608476027013424)	(38.0, 11.904164923500534)	(39.0, 5.4008846674944975)	(40.0, 5.68320867762932)	(41.0, 7.852666561598262)	(42.0, 4.910009205529943)	(43.0, 0.0)	(44.0, 4.140971619121638)	(45.0, 4.140971619121638)	(46.0, 12.422914857364916)	(47.0, 4.140971619121638)	(48.0, 0.0)	(49.0, 0.0)	(50.0, 0.0)	(51.0, 0.0)	(52.0, 0.0)	(53.0, 0.0)	(54.0, 0.0)	(55.0, 0.0)	(56.0, 0.0)	(57.0, 0.0)	(58.0, 0.0)	(59.0, 0.0)	(60.0, 0.0)	(61.0, 0.0)	(62.0, 0.0)	(63.0, 0.0)	(64.0, 0.0)	(65.0, 0.0)	(66.0, 0.0)	(67.0, 0.0)	(68.0, 0.0)	(69.0, 0.0)	(70.0, 0.0)	(71.0, 0.0)	(72.0, 0.0)	(73.0, 0.0)	(74.0, 0.0)	(75.0, 0.0)	(76.0, 0.0)	(77.0, 0.0)	(78.0, 0.0)	(79.0, 0.0)	(80.0, 0.0)	(81.0, 0.0)	(82.0, 0.0)	(83.0, 0.0)	(84.0, 0.0)	(85.0, 0.0)	(86.0, 0.0)	(87.0, 0.0)	(88.0, 0.0)	(89.0, 0.0)	(90.0, 0.0)	(91.0, 0.0)	(92.0, 0.0)	(93.0, 0.0)	(94.0, 0.0)	(95.0, 0.0)	(96.0, 0.0)	(97.0, 0.0)	(98.0, 0.0)	(99.0, 0.0)	(100.0, 0.0)
FAY99780_pass_barcode08_98e12ebb_5ad7f319_14	(0.0, 0.0)	(1.0, 0.0)	(2.0, 0.0)	(3.0, 0.0)	(4.0, 0.0)	(5.0, 0.0)	(6.0, 0.0)	(7.0, 0.0)	(8.0, 0.0)	(9.0, 0.0)	(10.0, 0.0)	(11.0, 0.0)	(12.0, 0.0)	(13.0, 0.0)	(14.0, 0.0)	(15.0, 0.0)	(16.0, 0.0)	(17.0, 0.0)	(18.0, 0.0)	(19.0, 0.0)	(20.0, 0.0)	(21.0, 0.0)	(22.0, 0.0)	(23.0, 0.0)	(24.0, 0.0)	(25.0, 0.8126999164300366)	(26.0, 0.0)	(27.0, 0.2014958470487694)	(28.0, 0.24627270194849593)	(29.0, 0.7556094264328853)	(30.0, 0.31663633107663763)	(31.0, 0.44939974143104294)	(32.0, 2.238827916020015)	(33.0, 1.8370168565260283)	(34.0, 1.0756504492415297)	(35.0, 5.479107129797957)	(36.0, 5.707071632515684)	(37.0, 5.354418993062054)	(38.0, 10.720648180274063)	(39.0, 5.948615849588184)	(40.0, 7.7078953132363)	(41.0, 11.812828507053919)	(42.0, 10.997995150067474)	(43.0, 8.198497690672509)	(44.0, 6.427717520855744)	(45.0, 1.6623407381523476)	(46.0, 2.2599142061156097)	(47.0, 2.7705678969205794)	(48.0, 0.5541135793841159)	(49.0, 0.0)	(50.0, 0.0)	(51.0, 0.5541135793841159)	(52.0, 1.1082271587682317)	(53.0, 1.1082271587682317)	(54.0, 0.7388181058454878)	(55.0, 0.7388181058454878)	(56.0, 0.0)	(57.0, 0.0)	(58.0, 0.0)	(59.0, 0.0)	(60.0, 0.0)	(61.0, 0.0)	(62.0, 0.0)	(63.0, 0.0)	(64.0, 0.0)	(65.0, 0.0)	(66.0, 1.1082271587682317)	(67.0, 1.1082271587682317)	(68.0, 0.0)	(69.0, 0.0)	(70.0, 0.0)	(71.0, 0.0)	(72.0, 0.0)	(73.0, 0.0)	(74.0, 0.0)	(75.0, 0.0)	(76.0, 0.0)	(77.0, 0.0)	(78.0, 0.0)	(79.0, 0.0)	(80.0, 0.0)	(81.0, 0.0)	(82.0, 0.0)	(83.0, 0.0)	(84.0, 0.0)	(85.0, 0.0)	(86.0, 0.0)	(87.0, 0.0)	(88.0, 0.0)	(89.0, 0.0)	(90.0, 0.0)	(91.0, 0.0)	(92.0, 0.0)	(93.0, 0.0)	(94.0, 0.0)	(95.0, 0.0)	(96.0, 0.0)	(97.0, 0.0)	(98.0, 0.0)	(99.0, 0.0)	(100.0, 0.0)
FAY99780_pass_barcode08_98e12ebb_5ad7f319_140	(0.0, 0.0)	(1.0, 0.0)	(2.0, 0.0)	(3.0, 0.0)	(4.0, 0.0)	(5.0, 0.0)	(6.0, 0.0)	(7.0, 0.0)	(8.0, 0.0)	(9.0, 0.0)	(10.0, 0.0)	(11.0, 0.0)	(12.0, 0.0)	(13.0, 0.0)	(14.0, 0.0)	(15.0, 0.0)	(16.0, 0.0)	(17.0, 0.0)	(18.0, 0.0)	(19.0, 0.0)	(20.0, 0.0)	(21.0, 0.0)	(22.0, 0.0)	(23.0, 0.0)	(24.0, 0.0)	(25.0, 0.0)	(26.0, 0.0)	(27.0, 0.0)	(28.0, 0.0)	(29.0, 0.4370125967804484)	(30.0, 0.0)	(31.0, 0.0)	(32.0, 0.8502189254408994)	(33.0, 1.4184824044876068)	(34.0, 3.1896717034058684)	(35.0, 1.785548099135728)	(36.0, 4.964850143520487)	(37.0, 8.243825406037065)	(38.0, 10.26071211885909)	(39.0, 4.971616698013519)	(40.0, 8.435730459439736)	(41.0, 12.406995723833491)	(42.0, 12.704580492117321)	(43.0, 11.216656650698177)	(44.0, 5.4938726452399225)	(45.0, 3.2047590430566215)	(46.0, 0.8011897607641554)	(47.0, 0.0)	(48.0, 2.4035692822924664)	(49.0, 2.4035692822924664)	(50.0, 0.0)	(51.0, 0.0)	(52.0, 0.0)	(53.0, 2.4035692822924664)	(54.0, 2.4035692822924664)	(55.0, 0.0)	(56.0, 0.0)	(57.0, 0.0)	(58.0, 0.0)	(59.0, 0.0)	(60.0, 0.0)	(61.0, 0.0)	(62.0, 0.0)	(63.0, 0.0)	(64.0, 0.0)	(65.0, 0.0)	(66.0, 0.0)	(67.0, 0.0)	(68.0, 0.0)	(69.0, 0.0)	(70.0, 0.0)	(71.0, 0.0)	(72.0, 0.0)	(73.0, 0.0)	(74.0, 0.0)	(75.0, 0.0)	(76.0, 0.0)	(77.0, 0.0)	(78.0, 0.0)	(79.0, 0.0)	(80.0, 0.0)	(81.0, 0.0)	(82.0, 0.0)	(83.0, 0.0)	(84.0, 0.0)	(85.0, 0.0)	(86.0, 0.0)	(87.0, 0.0)	(88.0, 0.0)	(89.0, 0.0)	(90.0, 0.0)	(91.0, 0.0)	(92.0, 0.0)	(93.0, 0.0)	(94.0, 0.0)	(95.0, 0.0)	(96.0, 0.0)	(97.0, 0.0)	(98.0, 0.0)	(99.0, 0.0)	(100.0, 0.0)
FAY99780_pass_barcode08_98e12ebb_5ad7f319_141	(0.0, 0.0)	(1.0, 0.0)	(2.0, 0.0)	(3.0, 0.0)	(4.0, 0.0)	(5.0, 0.0)	(6.0, 0.0)	(7.0, 0.0)	(8.0, 0.0)	(9.0, 0.0)	(10.0, 0.0)	(11.0, 0.0)	(12.0, 0.0)	(13.0, 0.0)	(14.0, 0.0)	(15.0, 0.0)	(16.0, 0.0)	(17.0, 0.0)	(18.0, 0.0)	(19.0, 0.0)	(20.0, 0.0)	(21.0, 0.0)	(22.0, 0.0)	(23.0, 0.0)	(24.0, 0.0)	(25.0, 0.0)	(26.0, 0.0)	(27.0, 0.0)	(28.0, 0.0)	(29.0, 0.0)	(30.0, 3.4315400068411375)	(31.0, 3.9257455362816738)	(32.0, 0.0)	(33.0, 0.3061190607456849)	(34.0, 1.687155572166305)	(35.0, 5.491217071591596)	(36.0, 5.6598127385561625)	(37.0, 12.053071426669149)	(38.0, 10.946588183349636)	(39.0, 4.183363208593305)	(40.0, 2.058924004104683)	(41.0, 3.4151993401418945)	(42.0, 6.343149709615437)	(43.0, 13.72616002736455)	(44.0, 7.843520015636886)	(45.0, 6.69967334668984)	(46.0, 1.3726160027364553)	(47.0, 1.3726160027364553)	(48.0, 0.623916364880207)	(49.0, 0.623916364880207)	(50.0, 0.0)	(51.0, 4.804156009577593)	(52.0, 3.4315400068411375)	(53.0, 0.0)	(54.0, 0.0)	(55.0, 0.0)	(56.0, 0.0)	(57.0, 0.0)	(58.0, 0.0)	(59.0, 0.0)	(60.0, 0.0)	(61.0, 0.0)	(62.0, 0.0)	(63.0, 0.0)	(64.0, 0.0)	(65.0, 0.0)	(66.0, 0.0)	(67.0, 0.0)	(68.0, 0.0)	(69.0, 0.0)	(70.0, 0.0)	(71.0, 0.0)	(72.0, 0.0)	(73.0, 0.0)	(74.0, 0.0)	(75.0, 0.0)	(76.0, 0.0)	(77.0, 0.0)	(78.0, 0.0)	(79.0, 0.0)	(80.0, 0.0)	(81.0, 0.0)	(82.0, 0.0)	(83.0, 0.0)	(84.0, 0.0)	(85.0, 0.0)	(86.0, 0.0)	(87.0, 0.0)	(88.0, 0.0)	(89.0, 0.0)	(90.0, 0.0)	(91.0, 0.0)	(92.0, 0.0)	(93.0, 0.0)	(94.0, 0.0)	(95.0, 0.0)	(96.0, 0.0)	(97.0, 0.0)	(98.0, 0.0)	(99.0, 0.0)	(100.0, 0.0)
FAY99780_pass_barcode08_98e12ebb_5ad7f319_142	(0.0, 0.0)	(1.0, 0.0)	(2.0, 0.0)	(3.0, 0.0)	(4.0, 0.0)	(5.0, 0.0)	(6.0, 0.0)	(7.0, 0.0)	(8.0, 0.0)	(9.0, 0.0)	(10.0, 0.0)	(11.0, 0.0)	(12.0, 0.0)	(13.0, 0.0)	(14.0, 0.0)	(15.0, 0.0)	(16.0, 0.0)	(17.0, 0.0)	(18.0, 0.0)	(19.0, 0.0)	(20.0, 0.0)	(21.0, 0.0)	(22.0, 0.0)	(23.0, 1.1118118205911163)	(24.0, 1.1118118205911163)	(25.0, 0.0)	(26.0, 0.0)	(27.0, 0.0)	(28.0, 0.0)	(29.0, 0.31766052016889035)	(30.0, 1.2706420806755614)	(31.0, 0.0)	(32.0, 1.3643591210149808)	(33.0, 1.3341741847093396)	(34.0, 2.287155745216011)	(35.0, 3.5540853555973353)	(36.0, 5.696066085070055)	(37.0, 11.46895565540505)	(38.0, 11.870365878598076)	(39.0, 17.34817299153231)	(40.0, 9.434517449016043)	(41.0, 8.225156820354947)	(42.0, 4.481901157291982)	(43.0, 4.002522554128019)	(44.0, 1.3341741847093396)	(45.0, 1.1118118205911163)	(46.0, 6.3373273773693635)	(47.0, 6.3373273773693635)	(48.0, 0.0)	(49.0, 0.0)	(50.0, 0.0)	(51.0, 0.0)	(52.0, 0.0)	(53.0, 0.0)	(54.0, 0.0)	(55.0, 0.0)	(56.0, 0.0)	(57.0, 0.0)	(58.0, 0.0)	(59.0, 0.0)	(60.0, 0.0)	(61.0, 0.0)	(62.0, 0.0)	(63.0, 0.0)	(64.0, 0.0)	(65.0, 0.0)	(66.0, 0.0)	(67.0, 0.0)	(68.0, 0.0)	(69.0, 0.0)	(70.0, 0.0)	(71.0, 0.0)	(72.0, 0.0)	(73.0, 0.0)	(74.0, 0.0)	(75.0, 0.0)	(76.0, 0.0)	(77.0, 0.0)	(78.0, 0.0)	(79.0, 0.0)	(80.0, 0.0)	(81.0, 0.0)	(82.0, 0.0)	(83.0, 0.0)	(84.0, 0.0)	(85.0, 0.0)	(86.0, 0.0)	(87.0, 0.0)	(88.0, 0.0)	(89.0, 0.0)	(90.0, 0.0)	(91.0, 0.0)	(92.0, 0.0)	(93.0, 0.0)	(94.0, 0.0)	(95.0, 0.0)	(96.0, 0.0)	(97.0, 0.0)	(98.0, 0.0)	(99.0, 0.0)	(100.0, 0.0)
FAY99780_pass_barcode08_98e12ebb_5ad7f319_143	(0.0, 0.0)	(1.0, 0.0)	(2.0, 0.0)	(3.0, 0.0)	(4.0, 0.0)	(5.0, 0.0)	(6.0, 0.0)	(7.0, 0.0)	(8.0, 0.0)	(9.0, 0.0)	(10.0, 0.0)	(11.0, 0.0)	(12.0, 0.0)	(13.0, 0.0)	(14.0, 0.0)	(15.0, 0.0)	(16.0, 0.0)	(17.0, 0.0)	(18.0, 0.0)	(19.0, 0.0)	(20.0, 0.0)	(21.0, 0.0)	(22.0, 0.0)	(23.0, 0.0)	(24.0, 0.0)	(25.0, 0.0)	(26.0, 0.0)	(27.0, 0.0)	(28.0, 0.0)	(29.0, 0.0)	(30.0, 0.0)	(31.0, 0.0)	(32.0, 0.3895397561740368)	(33.0, 0.5047557403945265)	(34.0, 4.18583886088186)	(35.0, 6.008460437064551)	(36.0, 8.939746182532092)	(37.0, 10.883533493619037)	(38.0, 9.657035682899778)	(39.0, 6.697275772784302)	(40.0, 4.471608918942022)	(41.0, 9.865389430983372)	(42.0, 12.949245834027828)	(43.0, 3.859984856633637)	(44.0, 1.5581590246961472)	(45.0, 4.090167439827386)	(46.0, 8.378646028252463)	(47.0, 3.4704451004596)	(48.0, 0.0)	(49.0, 0.0)	(50.0, 2.045083719913693)	(51.0, 2.045083719913693)	(52.0, 0.0)	(53.0, 0.0)	(54.0, 0.0)	(55.0, 0.0)	(56.0, 0.0)	(57.0, 0.0)	(58.0, 0.0)	(59.0, 0.0)	(60.0, 0.0)	(61.0, 0.0)	(62.0, 0.0)	(63.0, 0.0)	(64.0, 0.0)	(65.0, 0.0)	(66.0, 0.0)	(67.0, 0.0)	(68.0, 0.0)	(69.0, 0.0)	(70.0, 0.0)	(71.0, 0.0)	(72.0, 0.0)	(73.0, 0.0)	(74.0, 0.0)	(75.0, 0.0)	(76.0, 0.0)	(77.0, 0.0)	(78.0, 0.0)	(79.0, 0.0)	(80.0, 0.0)	(81.0, 0.0)	(82.0, 0.0)	(83.0, 0.0)	(84.0, 0.0)	(85.0, 0.0)	(86.0, 0.0)	(87.0, 0.0)	(88.0, 0.0)	(89.0, 0.0)	(90.0, 0.0)	(91.0, 0.0)	(92.0, 0.0)	(93.0, 0.0)	(94.0, 0.0)	(95.0, 0.0)	(96.0, 0.0)	(97.0, 0.0)	(98.0, 0.0)	(99.0, 0.0)	(100.0, 0.0)
FAY99780_pass_barcode08_98e12ebb_5ad7f319_144	(0.0, 0.0)	(1.0, 0.0)	(2.0, 0.0)	(3.0, 0.0)	(4.0, 0.0)	(5.0, 0.0)	(6.0, 0.0)	(7.0, 0.0)	(8.0, 0.0)	(9.0, 0.0)	(10.0, 0.0)	(11.0, 0.0)	(12.0, 0.0)	(13.0, 0.0)	(14.0, 0.0)	(15.0, 0.0)	(16.0, 0.0)	(17.0, 0.0)	(18.0, 0.0)	(19.0, 0.0)	(20.0, 2.727698209418535)	(21.0, 5.45539641883707)	(22.0, 2.727698209418535)	(23.0, 0.0)	(24.0, 0.0)	(25.0, 0.0)	(26.0, 0.0)	(27.0, 0.0)	(28.0, 0.0)	(29.0, 0.0)	(30.0, 1.3638491047092676)	(31.0, 1.3638491047092676)	(32.0, 0.0)	(33.0, 2.4903911315707834)	(34.0, 4.097571338992019)	(35.0, 4.614050368868118)	(36.0, 7.3931248870863415)	(37.0, 9.957925938023065)	(38.0, 9.694430076591454)	(39.0, 15.906671584736642)	(40.0, 9.811398732305834)	(41.0, 4.414391503812953)	(42.0, 3.4096227617731687)	(43.0, 6.178649731940469)	(44.0, 4.909856776953363)	(45.0, 0.25978078184938425)	(46.0, 0.0)	(47.0, 0.0)	(48.0, 0.0)	(49.0, 0.4959451289851882)	(50.0, 0.0)	(51.0, 0.0)	(52.0, 0.0)	(53.0, 0.0)	(54.0, 0.0)	(55.0, 0.0)	(56.0, 0.0)	(57.0, 0.0)	(58.0, 0.0)	(59.0, 0.0)	(60.0, 0.0)	(61.0, 0.0)	(62.0, 0.0)	(63.0, 0.0)	(64.0, 0.0)	(65.0, 0.0)	(66.0, 0.0)	(67.0, 0.0)	(68.0, 0.0)	(69.0, 0.0)	(70.0, 0.0)	(71.0, 0.0)	(72.0, 1.3638491047092676)	(73.0, 1.3638491047092676)	(74.0, 0.0)	(75.0, 0.0)	(76.0, 0.0)	(77.0, 0.0)	(78.0, 0.0)	(79.0, 0.0)	(80.0, 0.0)	(81.0, 0.0)	(82.0, 0.0)	(83.0, 0.0)	(84.0, 0.0)	(85.0, 0.0)	(86.0, 0.0)	(87.0, 0.0)	(88.0, 0.0)	(89.0, 0.0)	(90.0, 0.0)	(91.0, 0.0)	(92.0, 0.0)	(93.0, 0.0)	(94.0, 0.0)	(95.0, 0.0)	(96.0, 0.0)	(97.0, 0.0)	(98.0, 0.0)	(99.0, 0.0)	(100.0, 0.0)
FAY99780_pass_barcode08_98e12ebb_5ad7f319_145	(0.0, 0.0)	(1.0, 0.0)	(2.0, 0.0)	(3.0, 0.0)	(4.0, 0.0)	(5.0, 0.0)	(6.0, 0.0)	(7.0, 0.0)	(8.0, 0.0)	(9.0, 0.0)	(10.0, 0.0)	(11.0, 0.0)	(12.0, 0.0)	(13.0, 0.0)	(14.0, 0.0)	(15.0, 0.0)	(16.0, 0.0)	(17.0, 0.0)	(18.0, 0.0)	(19.0, 0.0)	(20.0, 0.0)	(21.0, 0.0)	(22.0, 0.0)	(23.0, 0.0)	(24.0, 0.0)	(25.0, 0.0)	(26.0, 0.0)	(27.0, 0.0)	(28.0, 0.0)	(29.0, 0.09670427721430853)	(30.0, 0.0)	(31.0, 0.2348532446633207)	(32.0, 1.3138306514976754)	(33.0, 1.6813357288396824)	(34.0, 1.4689200681888033)	(35.0, 6.839127428548554)	(36.0, 5.2604086361319125)	(37.0, 8.086342126346524)	(38.0, 13.456142076716008)	(39.0, 7.129117243786036)	(40.0, 4.31386596287257)	(41.0, 7.544195599354199)	(42.0, 8.01436697413582)	(43.0, 9.079212935734285)	(44.0, 5.7539044942513575)	(45.0, 0.0)	(46.0, 0.0)	(47.0, 0.0)	(48.0, 0.0)	(49.0, 2.465959068964868)	(50.0, 2.465959068964868)	(51.0, 0.0)	(52.0, 0.0)	(53.0, 0.0)	(54.0, 0.0)	(55.0, 0.0)	(56.0, 0.0)	(57.0, 0.0)	(58.0, 0.0)	(59.0, 2.465959068964868)	(60.0, 2.465959068964868)	(61.0, 0.0)	(62.0, 0.0)	(63.0, 2.465959068964868)	(64.0, 2.465959068964868)	(65.0, 0.0)	(66.0, 0.0)	(67.0, 0.0)	(68.0, 0.0)	(69.0, 0.0)	(70.0, 2.465959068964868)	(71.0, 2.465959068964868)	(72.0, 0.0)	(73.0, 0.0)	(74.0, 0.0)	(75.0, 0.0)	(76.0, 0.0)	(77.0, 0.0)	(78.0, 0.0)	(79.0, 0.0)	(80.0, 0.0)	(81.0, 0.0)	(82.0, 0.0)	(83.0, 0.0)	(84.0, 0.0)	(85.0, 0.0)	(86.0, 0.0)	(87.0, 0.0)	(88.0, 0.0)	(89.0, 0.0)	(90.0, 0.0)	(91.0, 0.0)	(92.0, 0.0)	(93.0, 0.0)	(94.0, 0.0)	(95.0, 0.0)	(96.0, 0.0)	(97.0, 0.0)	(98.0, 0.0)	(99.0, 0.0)	(100.0, 0.0)
FAY99780_pass_barcode08_98e12ebb_5ad7f319_146	(0.0, 0.0)	(1.0, 0.0)	(2.0, 0.0)	(3.0, 0.0)	(4.0, 0.0)	(5.0, 0.0)	(6.0, 0.0)	(7.0, 0.0)	(8.0, 0.0)	(9.0, 0.0)	(10.0, 0.0)	(11.0, 0.0)	(12.0, 0.0)	(13.0, 0.0)	(14.0, 0.0)	(15.0, 0.0)	(16.0, 0.0)	(17.0, 0.0)	(18.0, 0.0)	(19.0, 0.0)	(20.0, 0.0)	(21.0, 0.0)	(22.0, 0.0)	(23.0, 0.0)	(24.0, 0.0)	(25.0, 0.0)	(26.0, 0.0)	(27.0, 0.0)	(28.0, 0.0)	(29.0, 0.0)	(30.0, 0.0)	(31.0, 0.0)	(32.0, 0.3139739773096394)	(33.0, 0.0)	(34.0, 0.3139739773096394)	(35.0, 4.969749877615088)	(36.0, 8.79083976413271)	(37.0, 12.429294784094317)	(38.0, 5.906149480773762)	(39.0, 8.112379296237693)	(40.0, 6.436466534847607)	(41.0, 11.151784812261463)	(42.0, 13.040385857593687)	(43.0, 2.857163193517718)	(44.0, 3.699660032631917)	(45.0, 0.0)	(46.0, 0.0)	(47.0, 0.0)	(48.0, 3.2967267617512133)	(49.0, 3.2967267617512133)	(50.0, 0.0)	(51.0, 0.0)	(52.0, 0.0)	(53.0, 2.1978178411674754)	(54.0, 0.0)	(55.0, 3.2967267617512133)	(56.0, 3.2967267617512133)	(57.0, 0.0)	(58.0, 0.0)	(59.0, 0.0)	(60.0, 0.0)	(61.0, 3.2967267617512133)	(62.0, 3.2967267617512133)	(63.0, 0.0)	(64.0, 0.0)	(65.0, 0.0)	(66.0, 0.0)	(67.0, 0.0)	(68.0, 0.0)	(69.0, 0.0)	(70.0, 0.0)	(71.0, 0.0)	(72.0, 0.0)	(73.0, 0.0)	(74.0, 0.0)	(75.0, 0.0)	(76.0, 0.0)	(77.0, 0.0)	(78.0, 0.0)	(79.0, 0.0)	(80.0, 0.0)	(81.0, 0.0)	(82.0, 0.0)	(83.0, 0.0)	(84.0, 0.0)	(85.0, 0.0)	(86.0, 0.0)	(87.0, 0.0)	(88.0, 0.0)	(89.0, 0.0)	(90.0, 0.0)	(91.0, 0.0)	(92.0, 0.0)	(93.0, 0.0)	(94.0, 0.0)	(95.0, 0.0)	(96.0, 0.0)	(97.0, 0.0)	(98.0, 0.0)	(99.0, 0.0)	(100.0, 0.0)
FAY99780_pass_barcode08_98e12ebb_5ad7f319_147	(0.0, 0.0)	(1.0, 0.0)	(2.0, 0.0)	(3.0, 0.0)	(4.0, 0.0)	(5.0, 0.0)	(6.0, 0.0)	(7.0, 0.0)	(8.0, 0.0)	(9.0, 0.0)	(10.0, 0.0)	(11.0, 0.0)	(12.0, 0.0)	(13.0, 0.0)	(14.0, 0.0)	(15.0, 0.0)	(16.0, 0.0)	(17.0, 0.0)	(18.0, 0.0)	(19.0, 0.0)	(20.0, 0.0)	(21.0, 0.0)	(22.0, 0.0)	(23.0, 0.0)	(24.0, 0.0)	(25.0, 0.0)	(26.0, 0.0)	(27.0, 0.0)	(28.0, 0.0)	(29.0, 0.0)	(30.0, 0.0)	(31.0, 0.6095820805388918)	(32.0, 0.0)	(33.0, 0.8675717464048552)	(34.0, 1.88400318450591)	(35.0, 3.203973194704082)	(36.0, 9.526517566678113)	(37.0, 13.140851012451263)	(38.0, 13.38995582884106)	(39.0, 10.980036573949716)	(40.0, 10.335187092773031)	(41.0, 7.184756067442484)	(42.0, 6.400611845658364)	(43.0, 7.896858770617462)	(44.0, 5.070614579028055)	(45.0, 2.925993986586681)	(46.0, 1.0972477449700055)	(47.0, 0.0)	(48.0, 0.0)	(49.0, 2.743119362425013)	(50.0, 2.743119362425013)	(51.0, 0.0)	(52.0, 0.0)	(53.0, 0.0)	(54.0, 0.0)	(55.0, 0.0)	(56.0, 0.0)	(57.0, 0.0)	(58.0, 0.0)	(59.0, 0.0)	(60.0, 0.0)	(61.0, 0.0)	(62.0, 0.0)	(63.0, 0.0)	(64.0, 0.0)	(65.0, 0.0)	(66.0, 0.0)	(67.0, 0.0)	(68.0, 0.0)	(69.0, 0.0)	(70.0, 0.0)	(71.0, 0.0)	(72.0, 0.0)	(73.0, 0.0)	(74.0, 0.0)	(75.0, 0.0)	(76.0, 0.0)	(77.0, 0.0)	(78.0, 0.0)	(79.0, 0.0)	(80.0, 0.0)	(81.0, 0.0)	(82.0, 0.0)	(83.0, 0.0)	(84.0, 0.0)	(85.0, 0.0)	(86.0, 0.0)	(87.0, 0.0)	(88.0, 0.0)	(89.0, 0.0)	(90.0, 0.0)	(91.0, 0.0)	(92.0, 0.0)	(93.0, 0.0)	(94.0, 0.0)	(95.0, 0.0)	(96.0, 0.0)	(97.0, 0.0)	(98.0, 0.0)	(99.0, 0.0)	(100.0, 0.0)
FAY99780_pass_barcode08_98e12ebb_5ad7f319_148	(0.0, 0.0)	(1.0, 0.0)	(2.0, 0.0)	(3.0, 0.0)	(4.0, 0.0)	(5.0, 0.0)	(6.0, 0.0)	(7.0, 0.0)	(8.0, 0.0)	(9.0, 0.0)	(10.0, 0.0)	(11.0, 0.0)	(12.0, 0.0)	(13.0, 0.0)	(14.0, 0.0)	(15.0, 0.0)	(16.0, 0.0)	(17.0, 0.0)	(18.0, 0.0)	(19.0, 0.0)	(20.0, 0.0)	(21.0, 0.0)	(22.0, 0.0)	(23.0, 0.0)	(24.0, 0.0)	(25.0, 0.0)	(26.0, 0.0)	(27.0, 0.0)	(28.0, 0.0)	(29.0, 2.8972368794837378)	(30.0, 2.8972368794837378)	(31.0, 0.0)	(32.0, 0.46284583020938364)	(33.0, 0.18691850835378954)	(34.0, 3.4240072212080537)	(35.0, 2.6136858972203685)	(36.0, 5.718007096459107)	(37.0, 9.716784953398157)	(38.0, 13.374808799882807)	(39.0, 13.279764073297153)	(40.0, 19.868801035926033)	(41.0, 10.302544718860974)	(42.0, 3.9098469949054033)	(43.0, 1.6900548463655136)	(44.0, 0.0)	(45.0, 0.0)	(46.0, 2.8972368794837378)	(47.0, 4.828728132472896)	(48.0, 1.9314912529891586)	(49.0, 0.0)	(50.0, 0.0)	(51.0, 0.0)	(52.0, 0.0)	(53.0, 0.0)	(54.0, 0.0)	(55.0, 0.0)	(56.0, 0.0)	(57.0, 0.0)	(58.0, 0.0)	(59.0, 0.0)	(60.0, 0.0)	(61.0, 0.0)	(62.0, 0.0)	(63.0, 0.0)	(64.0, 0.0)	(65.0, 0.0)	(66.0, 0.0)	(67.0, 0.0)	(68.0, 0.0)	(69.0, 0.0)	(70.0, 0.0)	(71.0, 0.0)	(72.0, 0.0)	(73.0, 0.0)	(74.0, 0.0)	(75.0, 0.0)	(76.0, 0.0)	(77.0, 0.0)	(78.0, 0.0)	(79.0, 0.0)	(80.0, 0.0)	(81.0, 0.0)	(82.0, 0.0)	(83.0, 0.0)	(84.0, 0.0)	(85.0, 0.0)	(86.0, 0.0)	(87.0, 0.0)	(88.0, 0.0)	(89.0, 0.0)	(90.0, 0.0)	(91.0, 0.0)	(92.0, 0.0)	(93.0, 0.0)	(94.0, 0.0)	(95.0, 0.0)	(96.0, 0.0)	(97.0, 0.0)	(98.0, 0.0)	(99.0, 0.0)	(100.0, 0.0)
FAY99780_pass_barcode08_98e12ebb_5ad7f319_149	(0.0, 0.0)	(1.0, 0.0)	(2.0, 0.0)	(3.0, 0.0)	(4.0, 0.0)	(5.0, 0.0)	(6.0, 0.0)	(7.0, 0.0)	(8.0, 0.0)	(9.0, 0.0)	(10.0, 0.0)	(11.0, 0.0)	(12.0, 0.0)	(13.0, 0.0)	(14.0, 0.0)	(15.0, 0.0)	(16.0, 0.0)	(17.0, 0.0)	(18.0, 0.0)	(19.0, 0.0)	(20.0, 0.0)	(21.0, 0.0)	(22.0, 0.0)	(23.0, 0.0)	(24.0, 0.0)	(25.0, 0.0)	(26.0, 0.0)	(27.0, 0.0)	(28.0, 0.0)	(29.0, 0.0)	(30.0, 0.0)	(31.0, 0.0)	(32.0, 4.372641111847636)	(33.0, 2.466618063093538)	(34.0, 3.888126849454262)	(35.0, 11.801225371867513)	(36.0, 9.009196200818947)	(37.0, 10.244112417039451)	(38.0, 5.7492785094368335)	(39.0, 10.442492334029762)	(40.0, 12.39253306651975)	(41.0, 9.550517226259563)	(42.0, 3.138822448469649)	(43.0, 1.8499635473201537)	(44.0, 0.0)	(45.0, 4.863613842148146)	(46.0, 5.297622885507713)	(47.0, 0.0)	(48.0, 0.0)	(49.0, 0.0)	(50.0, 0.0)	(51.0, 0.0)	(52.0, 0.0)	(53.0, 0.0)	(54.0, 0.0)	(55.0, 0.0)	(56.0, 0.0)	(57.0, 2.466618063093538)	(58.0, 2.466618063093538)	(59.0, 0.0)	(60.0, 0.0)	(61.0, 0.0)	(62.0, 0.0)	(63.0, 0.0)	(64.0, 0.0)	(65.0, 0.0)	(66.0, 0.0)	(67.0, 0.0)	(68.0, 0.0)	(69.0, 0.0)	(70.0, 0.0)	(71.0, 0.0)	(72.0, 0.0)	(73.0, 0.0)	(74.0, 0.0)	(75.0, 0.0)	(76.0, 0.0)	(77.0, 0.0)	(78.0, 0.0)	(79.0, 0.0)	(80.0, 0.0)	(81.0, 0.0)	(82.0, 0.0)	(83.0, 0.0)	(84.0, 0.0)	(85.0, 0.0)	(86.0, 0.0)	(87.0, 0.0)	(88.0, 0.0)	(89.0, 0.0)	(90.0, 0.0)	(91.0, 0.0)	(92.0, 0.0)	(93.0, 0.0)	(94.0, 0.0)	(95.0, 0.0)	(96.0, 0.0)	(97.0, 0.0)	(98.0, 0.0)	(99.0, 0.0)	(100.0, 0.0)
FAY99780_pass_barcode08_98e12ebb_5ad7f319_15	(0.0, 0.0)	(1.0, 0.0)	(2.0, 0.0)	(3.0, 0.0)	(4.0, 0.0)	(5.0, 0.0)	(6.0, 0.0)	(7.0, 0.0)	(8.0, 0.0)	(9.0, 0.0)	(10.0, 0.0)	(11.0, 0.0)	(12.0, 0.0)	(13.0, 0.0)	(14.0, 0.0)	(15.0, 0.0)	(16.0, 0.0)	(17.0, 0.0)	(18.0, 0.0)	(19.0, 0.0)	(20.0, 0.0)	(21.0, 0.0)	(22.0, 0.0)	(23.0, 0.0)	(24.0, 0.0)	(25.0, 0.0)	(26.0, 0.0)	(27.0, 0.0)	(28.0, 1.3654296551550558)	(29.0, 2.0026301608940815)	(30.0, 1.401841112625857)	(31.0, 1.884819669983967)	(32.0, 2.03383998158334)	(33.0, 1.3378460651253314)	(34.0, 2.1189293164129213)	(35.0, 2.7984099378004332)	(36.0, 5.9929101115835035)	(37.0, 10.677118275299405)	(38.0, 12.48938752712821)	(39.0, 9.710398762551932)	(40.0, 10.326531477366863)	(41.0, 8.4744919086703)	(42.0, 9.35589274839283)	(43.0, 7.575100297987991)	(44.0, 3.4044712735199387)	(45.0, 0.6866160551636851)	(46.0, 1.4694623907859168)	(47.0, 1.3654296551550558)	(48.0, 0.0)	(49.0, 0.6675433869646937)	(50.0, 1.2874051034319094)	(51.0, 1.5734951264167782)	(52.0, 0.0)	(53.0, 0.0)	(54.0, 0.0)	(55.0, 0.0)	(56.0, 0.0)	(57.0, 0.0)	(58.0, 0.0)	(59.0, 0.0)	(60.0, 0.0)	(61.0, 0.0)	(62.0, 0.0)	(63.0, 0.0)	(64.0, 0.0)	(65.0, 0.0)	(66.0, 0.0)	(67.0, 0.0)	(68.0, 0.0)	(69.0, 0.0)	(70.0, 0.0)	(71.0, 0.0)	(72.0, 0.0)	(73.0, 0.0)	(74.0, 0.0)	(75.0, 0.0)	(76.0, 0.0)	(77.0, 0.0)	(78.0, 0.0)	(79.0, 0.0)	(80.0, 0.0)	(81.0, 0.0)	(82.0, 0.0)	(83.0, 0.0)	(84.0, 0.0)	(85.0, 0.0)	(86.0, 0.0)	(87.0, 0.0)	(88.0, 0.0)	(89.0, 0.0)	(90.0, 0.0)	(91.0, 0.0)	(92.0, 0.0)	(93.0, 0.0)	(94.0, 0.0)	(95.0, 0.0)	(96.0, 0.0)	(97.0, 0.0)	(98.0, 0.0)	(99.0, 0.0)	(100.0, 0.0)
FAY99780_pass_barcode08_98e12ebb_5ad7f319_150	(0.0, 0.0)	(1.0, 0.0)	(2.0, 0.0)	(3.0, 0.0)	(4.0, 0.0)	(5.0, 0.0)	(6.0, 0.0)	(7.0, 0.0)	(8.0, 0.0)	(9.0, 0.0)	(10.0, 0.0)	(11.0, 0.0)	(12.0, 0.0)	(13.0, 0.0)	(14.0, 0.0)	(15.0, 0.0)	(16.0, 0.0)	(17.0, 0.0)	(18.0, 0.0)	(19.0, 0.0)	(20.0, 0.0)	(21.0, 0.0)	(22.0, 0.0)	(23.0, 0.0)	(24.0, 0.0)	(25.0, 0.0)	(26.0, 0.0)	(27.0, 0.0)	(28.0, 0.0)	(29.0, 0.0)	(30.0, 0.0)	(31.0, 2.851469248947774)	(32.0, 3.369918203301915)	(33.0, 3.39460624874735)	(34.0, 4.7102999909674255)	(35.0, 4.273089199180755)	(36.0, 7.282631204843709)	(37.0, 9.41509326933763)	(38.0, 7.309996236422115)	(39.0, 12.356856895369157)	(40.0, 4.314235941589814)	(41.0, 4.845135919985819)	(42.0, 7.033624147404509)	(43.0, 4.985750777705653)	(44.0, 6.748477222509732)	(45.0, 2.851469248947774)	(46.0, 5.702938497895548)	(47.0, 4.752448748246289)	(48.0, 1.9009794992985158)	(49.0, 0.0)	(50.0, 0.0)	(51.0, 0.0)	(52.0, 0.0)	(53.0, 0.0)	(54.0, 1.9009794992985158)	(55.0, 0.0)	(56.0, 0.0)	(57.0, 0.0)	(58.0, 0.0)	(59.0, 0.0)	(60.0, 0.0)	(61.0, 0.0)	(62.0, 0.0)	(63.0, 0.0)	(64.0, 0.0)	(65.0, 0.0)	(66.0, 0.0)	(67.0, 0.0)	(68.0, 0.0)	(69.0, 0.0)	(70.0, 0.0)	(71.0, 0.0)	(72.0, 0.0)	(73.0, 0.0)	(74.0, 0.0)	(75.0, 0.0)	(76.0, 0.0)	(77.0, 0.0)	(78.0, 0.0)	(79.0, 0.0)	(80.0, 0.0)	(81.0, 0.0)	(82.0, 0.0)	(83.0, 0.0)	(84.0, 0.0)	(85.0, 0.0)	(86.0, 0.0)	(87.0, 0.0)	(88.0, 0.0)	(89.0, 0.0)	(90.0, 0.0)	(91.0, 0.0)	(92.0, 0.0)	(93.0, 0.0)	(94.0, 0.0)	(95.0, 0.0)	(96.0, 0.0)	(97.0, 0.0)	(98.0, 0.0)	(99.0, 0.0)	(100.0, 0.0)
FAY99780_pass_barcode08_98e12ebb_5ad7f319_151	(0.0, 0.0)	(1.0, 0.0)	(2.0, 0.0)	(3.0, 0.0)	(4.0, 0.0)	(5.0, 0.0)	(6.0, 0.0)	(7.0, 0.0)	(8.0, 0.0)	(9.0, 0.0)	(10.0, 0.0)	(11.0, 0.0)	(12.0, 0.0)	(13.0, 0.0)	(14.0, 0.0)	(15.0, 0.0)	(16.0, 0.0)	(17.0, 0.0)	(18.0, 0.0)	(19.0, 0.0)	(20.0, 0.0)	(21.0, 0.0)	(22.0, 0.0)	(23.0, 0.0)	(24.0, 1.9575089426527632)	(25.0, 1.9575089426527632)	(26.0, 0.0)	(27.0, 0.0)	(28.0, 1.9575089426527632)	(29.0, 2.052997183757776)	(30.0, 0.7830035770611053)	(31.0, 2.0342739992273815)	(32.0, 5.87252682795829)	(33.0, 6.3619040636214805)	(34.0, 6.787725814133608)	(35.0, 7.624016536771776)	(36.0, 5.106862297219566)	(37.0, 8.110058192330245)	(38.0, 9.793098426218966)	(39.0, 4.077699750947757)	(40.0, 8.380002568784924)	(41.0, 10.08331690652597)	(42.0, 5.87252682795829)	(43.0, 4.567520866189781)	(44.0, 1.9575089426527632)	(45.0, 0.0)	(46.0, 0.0)	(47.0, 2.349010731183316)	(48.0, 1.9575089426527632)	(49.0, 0.0)	(50.0, 0.0)	(51.0, 0.0)	(52.0, 0.0)	(53.0, 0.355910716845957)	(54.0, 0.0)	(55.0, 0.0)	(56.0, 0.0)	(57.0, 0.0)	(58.0, 0.0)	(59.0, 0.0)	(60.0, 0.0)	(61.0, 0.0)	(62.0, 0.0)	(63.0, 0.0)	(64.0, 0.0)	(65.0, 0.0)	(66.0, 0.0)	(67.0, 0.0)	(68.0, 0.0)	(69.0, 0.0)	(70.0, 0.0)	(71.0, 0.0)	(72.0, 0.0)	(73.0, 0.0)	(74.0, 0.0)	(75.0, 0.0)	(76.0, 0.0)	(77.0, 0.0)	(78.0, 0.0)	(79.0, 0.0)	(80.0, 0.0)	(81.0, 0.0)	(82.0, 0.0)	(83.0, 0.0)	(84.0, 0.0)	(85.0, 0.0)	(86.0, 0.0)	(87.0, 0.0)	(88.0, 0.0)	(89.0, 0.0)	(90.0, 0.0)	(91.0, 0.0)	(92.0, 0.0)	(93.0, 0.0)	(94.0, 0.0)	(95.0, 0.0)	(96.0, 0.0)	(97.0, 0.0)	(98.0, 0.0)	(99.0, 0.0)	(100.0, 0.0)
FAY99780_pass_barcode08_98e12ebb_5ad7f319_152	(0.0, 0.0)	(1.0, 0.0)	(2.0, 0.0)	(3.0, 0.0)	(4.0, 0.0)	(5.0, 0.0)	(6.0, 0.0)	(7.0, 0.0)	(8.0, 0.0)	(9.0, 0.0)	(10.0, 0.0)	(11.0, 0.0)	(12.0, 0.0)	(13.0, 0.09566982892495138)	(14.0, 0.19133965784990276)	(15.0, 0.19133965784990276)	(16.0, 0.19133965784990276)	(17.0, 0.19133965784990276)	(18.0, 0.19133965784990276)	(19.0, 0.2296075894198833)	(20.0, 0.19133965784990276)	(21.0, 0.3826793156998055)	(22.0, 0.5740189735497082)	(23.0, 0.5740189735497082)	(24.0, 0.6696888024746596)	(25.0, 0.8610284603245625)	(26.0, 1.052368118174465)	(27.0, 1.052368118174465)	(28.0, 1.052368118174465)	(29.0, 1.4350474338742707)	(30.0, 1.6263870917241734)	(31.0, 1.6136311145341797)	(32.0, 1.4509924053617624)	(33.0, 1.0045332037119894)	(34.0, 1.657821464085229)	(35.0, 2.1001805302096463)	(36.0, 2.1562916441584874)	(37.0, 2.163815461873365)	(38.0, 2.154165647960155)	(39.0, 2.943296782304754)	(40.0, 2.5941019067286817)	(41.0, 2.229107013951367)	(42.0, 2.201565699563881)	(43.0, 1.7380018921366165)	(44.0, 1.1480379470994164)	(45.0, 0.9566982892495137)	(46.0, 1.3074876619743354)	(47.0, 1.0204781751994814)	(48.0, 0.5261840590872325)	(49.0, 0.2870094867748541)	(50.0, 0.9566982892495137)	(51.0, 2.009066407423979)	(52.0, 2.10473623634893)	(53.0, 1.722056920649125)	(54.0, 1.548111777149213)	(55.0, 1.530717262799222)	(56.0, 1.6263870917241734)	(57.0, 1.722056920649125)	(58.0, 1.722056920649125)	(59.0, 1.6263870917241734)	(60.0, 1.530717262799222)	(61.0, 1.530717262799222)	(62.0, 1.4350474338742707)	(63.0, 1.3393776049493191)	(64.0, 1.3393776049493191)	(65.0, 1.2437077760243678)	(66.0, 1.1480379470994164)	(67.0, 1.1480379470994164)	(68.0, 1.052368118174465)	(69.0, 0.9566982892495137)	(70.0, 0.8610284603245625)	(71.0, 0.765358631399611)	(72.0, 0.765358631399611)	(73.0, 0.765358631399611)	(74.0, 0.765358631399611)	(75.0, 0.8610284603245625)	(76.0, 0.9566982892495137)	(77.0, 0.9566982892495137)	(78.0, 0.9566982892495137)	(79.0, 0.9566982892495137)	(80.0, 0.9566982892495137)	(81.0, 0.9566982892495137)	(82.0, 0.9566982892495137)	(83.0, 0.9566982892495137)	(84.0, 0.9566982892495137)	(85.0, 0.9566982892495137)	(86.0, 0.9566982892495137)	(87.0, 0.9566982892495137)	(88.0, 0.9566982892495137)	(89.0, 0.9566982892495137)	(90.0, 0.9566982892495137)	(91.0, 0.9566982892495137)	(92.0, 0.9566982892495137)	(93.0, 0.9566982892495137)	(94.0, 0.9566982892495137)	(95.0, 0.9566982892495137)	(96.0, 0.9566982892495137)	(97.0, 0.9566982892495137)	(98.0, 0.9566982892495137)	(99.0, 0.9566982892495137)	(100.0, 0.9566982892495137)
FAY99780_pass_barcode08_98e12ebb_5ad7f319_153	(0.0, 0.0)	(1.0, 0.0)	(2.0, 0.0)	(3.0, 0.0)	(4.0, 0.0)	(5.0, 0.0)	(6.0, 0.0)	(7.0, 0.0)	(8.0, 0.0)	(9.0, 0.0)	(10.0, 0.0)	(11.0, 0.0)	(12.0, 0.0)	(13.0, 0.0)	(14.0, 0.0)	(15.0, 0.0)	(16.0, 0.0)	(17.0, 0.0)	(18.0, 0.0)	(19.0, 0.0)	(20.0, 0.0)	(21.0, 0.0)	(22.0, 0.0)	(23.0, 0.0)	(24.0, 0.0)	(25.0, 0.0)	(26.0, 0.0)	(27.0, 0.0)	(28.0, 0.0)	(29.0, 0.0)	(30.0, 0.9803921568627451)	(31.0, 1.9607843137254901)	(32.0, 5.88235294117647)	(33.0, 9.803921568627452)	(34.0, 8.823529411764707)	(35.0, 5.88235294117647)	(36.0, 3.9215686274509802)	(37.0, 4.901960784313726)	(38.0, 4.901960784313726)	(39.0, 2.941176470588235)	(40.0, 0.9803921568627451)	(41.0, 0.9803921568627451)	(42.0, 2.941176470588235)	(43.0, 3.9215686274509802)	(44.0, 1.9607843137254901)	(45.0, 0.9803921568627451)	(46.0, 1.9607843137254901)	(47.0, 0.9803921568627451)	(48.0, 0.9803921568627451)	(49.0, 0.9803921568627451)	(50.0, 0.0)	(51.0, 0.0)	(52.0, 0.9803921568627451)	(53.0, 0.9803921568627451)	(54.0, 0.0)	(55.0, 0.0)	(56.0, 0.0)	(57.0, 0.0)	(58.0, 0.0)	(59.0, 0.9803921568627451)	(60.0, 1.9607843137254901)	(61.0, 2.941176470588235)	(62.0, 3.9215686274509802)	(63.0, 3.9215686274509802)	(64.0, 3.9215686274509802)	(65.0, 3.9215686274509802)	(66.0, 3.9215686274509802)	(67.0, 3.9215686274509802)	(68.0, 1.9607843137254901)	(69.0, 0.0)	(70.0, 0.0)	(71.0, 0.0)	(72.0, 0.0)	(73.0, 0.0)	(74.0, 0.0)	(75.0, 0.0)	(76.0, 0.0)	(77.0, 0.0)	(78.0, 0.0)	(79.0, 0.0)	(80.0, 0.0)	(81.0, 0.0)	(82.0, 0.0)	(83.0, 0.0)	(84.0, 0.0)	(85.0, 0.0)	(86.0, 0.0)	(87.0, 0.0)	(88.0, 0.0)	(89.0, 0.0)	(90.0, 0.0)	(91.0, 0.0)	(92.0, 0.0)	(93.0, 0.0)	(94.0, 0.0)	(95.0, 0.0)	(96.0, 0.0)	(97.0, 0.0)	(98.0, 0.0)	(99.0, 0.0)	(100.0, 0.0)
FAY99780_pass_barcode08_98e12ebb_5ad7f319_16	(0.0, 0.0)	(1.0, 0.0)	(2.0, 0.0)	(3.0, 0.0)	(4.0, 0.0)	(5.0, 0.0)	(6.0, 0.0)	(7.0, 0.0)	(8.0, 0.0)	(9.0, 0.0)	(10.0, 0.0)	(11.0, 0.0)	(12.0, 0.0)	(13.0, 0.0)	(14.0, 0.0)	(15.0, 0.0)	(16.0, 0.0)	(17.0, 0.0)	(18.0, 0.0)	(19.0, 0.0)	(20.0, 0.0)	(21.0, 0.0)	(22.0, 0.0)	(23.0, 0.0)	(24.0, 0.0)	(25.0, 0.0)	(26.0, 0.1270453108507808)	(27.0, 0.8708472479108619)	(28.0, 1.1857562346072874)	(29.0, 0.1270453108507808)	(30.0, 0.0)	(31.0, 0.6771993953110356)	(32.0, 1.6835335457331786)	(33.0, 4.7184820942875225)	(34.0, 4.276825774530528)	(35.0, 3.892668371049282)	(36.0, 5.512170443113744)	(37.0, 10.413962542866898)	(38.0, 9.443492567762297)	(39.0, 11.86707320771704)	(40.0, 7.786954301238526)	(41.0, 8.468830561920852)	(42.0, 5.964035391105272)	(43.0, 2.0649123101916773)	(44.0, 1.5563050579220645)	(45.0, 2.021175399898785)	(46.0, 0.8893171759554656)	(47.0, 0.8893171759554656)	(48.0, 1.3339757639331984)	(49.0, 5.3359030557327936)	(50.0, 3.557268703821862)	(51.0, 0.8893171759554656)	(52.0, 0.0)	(53.0, 0.0)	(54.0, 0.0)	(55.0, 0.8893171759554656)	(56.0, 0.8893171759554656)	(57.0, 1.3339757639331984)	(58.0, 1.3339757639331984)	(59.0, 0.0)	(60.0, 0.0)	(61.0, 0.0)	(62.0, 0.0)	(63.0, 0.0)	(64.0, 0.0)	(65.0, 0.0)	(66.0, 0.0)	(67.0, 0.0)	(68.0, 0.0)	(69.0, 0.0)	(70.0, 0.0)	(71.0, 0.0)	(72.0, 0.0)	(73.0, 0.0)	(74.0, 0.0)	(75.0, 0.0)	(76.0, 0.0)	(77.0, 0.0)	(78.0, 0.0)	(79.0, 0.0)	(80.0, 0.0)	(81.0, 0.0)	(82.0, 0.0)	(83.0, 0.0)	(84.0, 0.0)	(85.0, 0.0)	(86.0, 0.0)	(87.0, 0.0)	(88.0, 0.0)	(89.0, 0.0)	(90.0, 0.0)	(91.0, 0.0)	(92.0, 0.0)	(93.0, 0.0)	(94.0, 0.0)	(95.0, 0.0)	(96.0, 0.0)	(97.0, 0.0)	(98.0, 0.0)	(99.0, 0.0)	(100.0, 0.0)
FAY99780_pass_barcode08_98e12ebb_5ad7f319_17	(0.0, 0.0)	(1.0, 0.0)	(2.0, 0.0)	(3.0, 0.0)	(4.0, 0.0)	(5.0, 0.0)	(6.0, 0.0)	(7.0, 0.0)	(8.0, 0.0)	(9.0, 0.0)	(10.0, 0.0)	(11.0, 0.0)	(12.0, 0.0)	(13.0, 0.0)	(14.0, 0.0)	(15.0, 0.0)	(16.0, 0.0)	(17.0, 0.0)	(18.0, 0.0)	(19.0, 0.0)	(20.0, 0.0)	(21.0, 0.0)	(22.0, 0.0)	(23.0, 0.0)	(24.0, 0.0)	(25.0, 0.0)	(26.0, 0.35543030567737977)	(27.0, 0.0)	(28.0, 0.6220030349354146)	(29.0, 0.0)	(30.0, 1.9451731274343877)	(31.0, 1.8022917207396891)	(32.0, 1.5063052969198398)	(33.0, 4.40804579364845)	(34.0, 4.703934436500226)	(35.0, 5.921124067157713)	(36.0, 7.839193012605962)	(37.0, 6.656719117322357)	(38.0, 9.87126879226217)	(39.0, 8.9930271091786)	(40.0, 8.071559471332478)	(41.0, 6.4198389301653505)	(42.0, 10.382360769700757)	(43.0, 5.252470072787946)	(44.0, 3.870241106264802)	(45.0, 1.6586747598277722)	(46.0, 2.156277187776104)	(47.0, 1.5994363755482088)	(48.0, 1.2440060698708293)	(49.0, 2.191820218343842)	(50.0, 0.04078708425805998)	(51.0, 0.0)	(52.0, 0.0)	(53.0, 0.0)	(54.0, 0.0)	(55.0, 0.0)	(56.0, 1.2440060698708293)	(57.0, 1.2440060698708293)	(58.0, 0.0)	(59.0, 0.0)	(60.0, 0.0)	(61.0, 0.0)	(62.0, 0.0)	(63.0, 0.0)	(64.0, 0.0)	(65.0, 0.0)	(66.0, 0.0)	(67.0, 0.0)	(68.0, 0.0)	(69.0, 0.0)	(70.0, 0.0)	(71.0, 0.0)	(72.0, 0.0)	(73.0, 0.0)	(74.0, 0.0)	(75.0, 0.0)	(76.0, 0.0)	(77.0, 0.0)	(78.0, 0.0)	(79.0, 0.0)	(80.0, 0.0)	(81.0, 0.0)	(82.0, 0.0)	(83.0, 0.0)	(84.0, 0.0)	(85.0, 0.0)	(86.0, 0.0)	(87.0, 0.0)	(88.0, 0.0)	(89.0, 0.0)	(90.0, 0.0)	(91.0, 0.0)	(92.0, 0.0)	(93.0, 0.0)	(94.0, 0.0)	(95.0, 0.0)	(96.0, 0.0)	(97.0, 0.0)	(98.0, 0.0)	(99.0, 0.0)	(100.0, 0.0)
FAY99780_pass_barcode08_98e12ebb_5ad7f319_18	(0.0, 0.0)	(1.0, 0.0)	(2.0, 0.0)	(3.0, 0.0)	(4.0, 0.0)	(5.0, 0.0)	(6.0, 0.0)	(7.0, 0.0)	(8.0, 0.0)	(9.0, 0.0)	(10.0, 0.0)	(11.0, 0.0)	(12.0, 0.0)	(13.0, 0.0)	(14.0, 0.0)	(15.0, 0.0)	(16.0, 0.0)	(17.0, 0.0)	(18.0, 0.0)	(19.0, 0.0)	(20.0, 0.0)	(21.0, 0.0)	(22.0, 0.0)	(23.0, 0.8580838654191083)	(24.0, 1.7161677308382166)	(25.0, 1.7161677308382166)	(26.0, 1.7161677308382166)	(27.0, 2.0021956859779197)	(28.0, 2.629611845639203)	(29.0, 4.0043913719558395)	(30.0, 3.432335461676433)	(31.0, 2.485978759941344)	(32.0, 1.4390549327418294)	(33.0, 0.2926957877170165)	(34.0, 1.5959609952756169)	(35.0, 4.2031639796907)	(36.0, 4.0219607380149975)	(37.0, 6.188887158657738)	(38.0, 8.505374703926323)	(39.0, 7.8490933362721425)	(40.0, 5.74228040350665)	(41.0, 6.626305099492081)	(42.0, 6.4148269575422425)	(43.0, 5.753026528200042)	(44.0, 3.275355799911967)	(45.0, 3.30232275479475)	(46.0, 4.446434575353561)	(47.0, 2.9174851424249684)	(48.0, 0.0)	(49.0, 1.7161677308382166)	(50.0, 1.7161677308382166)	(51.0, 0.0)	(52.0, 0.0)	(53.0, 0.0)	(54.0, 0.0)	(55.0, 1.7161677308382166)	(56.0, 1.7161677308382166)	(57.0, 0.0)	(58.0, 0.0)	(59.0, 0.0)	(60.0, 0.0)	(61.0, 0.0)	(62.0, 0.0)	(63.0, 0.0)	(64.0, 0.0)	(65.0, 0.0)	(66.0, 0.0)	(67.0, 0.0)	(68.0, 0.0)	(69.0, 0.0)	(70.0, 0.0)	(71.0, 0.0)	(72.0, 0.0)	(73.0, 0.0)	(74.0, 0.0)	(75.0, 0.0)	(76.0, 0.0)	(77.0, 0.0)	(78.0, 0.0)	(79.0, 0.0)	(80.0, 0.0)	(81.0, 0.0)	(82.0, 0.0)	(83.0, 0.0)	(84.0, 0.0)	(85.0, 0.0)	(86.0, 0.0)	(87.0, 0.0)	(88.0, 0.0)	(89.0, 0.0)	(90.0, 0.0)	(91.0, 0.0)	(92.0, 0.0)	(93.0, 0.0)	(94.0, 0.0)	(95.0, 0.0)	(96.0, 0.0)	(97.0, 0.0)	(98.0, 0.0)	(99.0, 0.0)	(100.0, 0.0)
FAY99780_pass_barcode08_98e12ebb_5ad7f319_19	(0.0, 1.1550528313369608)	(1.0, 1.1550528313369608)	(2.0, 1.1550528313369608)	(3.0, 1.1550528313369608)	(4.0, 1.1550528313369608)	(5.0, 1.1550528313369608)	(6.0, 1.1550528313369608)	(7.0, 1.1550528313369608)	(8.0, 1.1550528313369608)	(9.0, 1.1550528313369608)	(10.0, 1.1550528313369608)	(11.0, 1.1550528313369608)	(12.0, 1.1550528313369608)	(13.0, 1.1550528313369608)	(14.0, 1.1550528313369608)	(15.0, 1.1550528313369608)	(16.0, 1.1550528313369608)	(17.0, 1.1550528313369608)	(18.0, 1.1550528313369608)	(19.0, 1.1550528313369608)	(20.0, 1.1550528313369608)	(21.0, 1.1550528313369608)	(22.0, 1.1550528313369608)	(23.0, 1.1550528313369608)	(24.0, 1.1550528313369608)	(25.0, 1.1550528313369608)	(26.0, 1.4025641523377381)	(27.0, 1.4044392381028956)	(28.0, 1.5881976430883213)	(29.0, 2.1263472576884963)	(30.0, 3.0211462497066206)	(31.0, 3.1864790807359338)	(32.0, 2.8222124194246883)	(33.0, 1.7889964919494812)	(34.0, 2.9229635489024743)	(35.0, 3.2355595387103455)	(36.0, 3.604758578956477)	(37.0, 5.297571141527613)	(38.0, 3.574578633487549)	(39.0, 5.6219994482451305)	(40.0, 5.8056825666787475)	(41.0, 3.209432300807914)	(42.0, 3.582306176042185)	(43.0, 1.99151154493945)	(44.0, 1.782164848350715)	(45.0, 1.860918450487326)	(46.0, 1.860918450487326)	(47.0, 2.8876320783424023)	(48.0, 2.3101056626739216)	(49.0, 1.1550528313369608)	(50.0, 1.1550528313369608)	(51.0, 0.5775264156684804)	(52.0, 0.0)	(53.0, 0.0)	(54.0, 0.0)	(55.0, 0.0)	(56.0, 0.0)	(57.0, 0.0)	(58.0, 0.0)	(59.0, 0.0)	(60.0, 0.0)	(61.0, 0.0)	(62.0, 0.0)	(63.0, 0.0)	(64.0, 0.0)	(65.0, 0.0)	(66.0, 0.0)	(67.0, 0.0)	(68.0, 0.0)	(69.0, 0.0)	(70.0, 0.0)	(71.0, 0.0)	(72.0, 0.0)	(73.0, 0.19250880522282682)	(74.0, 0.0)	(75.0, 0.0)	(76.0, 0.0)	(77.0, 0.0)	(78.0, 0.0)	(79.0, 0.0)	(80.0, 0.0)	(81.0, 0.0)	(82.0, 0.0)	(83.0, 0.0)	(84.0, 0.0)	(85.0, 0.0)	(86.0, 0.0)	(87.0, 0.0)	(88.0, 0.0)	(89.0, 0.0)	(90.0, 0.0)	(91.0, 0.0)	(92.0, 0.0)	(93.0, 0.0)	(94.0, 0.0)	(95.0, 0.0)	(96.0, 0.0)	(97.0, 0.0)	(98.0, 0.0)	(99.0, 0.0)	(100.0, 0.0)
FAY99780_pass_barcode08_98e12ebb_5ad7f319_2	(0.0, 0.0)	(1.0, 0.0)	(2.0, 0.0)	(3.0, 0.0)	(4.0, 0.0)	(5.0, 0.0)	(6.0, 0.0)	(7.0, 0.0)	(8.0, 0.0)	(9.0, 0.0)	(10.0, 0.0)	(11.0, 0.0)	(12.0, 0.0)	(13.0, 0.0)	(14.0, 0.0)	(15.0, 0.0)	(16.0, 0.0)	(17.0, 0.0)	(18.0, 0.6116022647218733)	(19.0, 1.2232045294437466)	(20.0, 1.2232045294437466)	(21.0, 1.2232045294437466)	(22.0, 1.2232045294437466)	(23.0, 1.2232045294437466)	(24.0, 0.6116022647218733)	(25.0, 0.233520864711988)	(26.0, 0.0)	(27.0, 0.22240082353522664)	(28.0, 1.622290451676403)	(29.0, 1.314547724824286)	(30.0, 1.2477665724992837)	(31.0, 2.307068372823556)	(32.0, 1.89411368044168)	(33.0, 2.5562295739239556)	(34.0, 4.6718464444370795)	(35.0, 5.720298478495175)	(36.0, 7.773037729035387)	(37.0, 10.195384934045656)	(38.0, 6.55669884475444)	(39.0, 7.317456256397055)	(40.0, 9.284204126892002)	(41.0, 7.204452705956804)	(42.0, 3.8334634629030124)	(43.0, 3.5186987437894786)	(44.0, 3.4050713389078897)	(45.0, 3.0580113236093664)	(46.0, 1.8348067941656196)	(47.0, 0.12232045294437466)	(48.0, 0.6116022647218733)	(49.0, 1.5684638724319009)	(50.0, 1.4270719510177041)	(51.0, 1.0193371078697886)	(52.0, 1.5290056618046832)	(53.0, 0.6116022647218733)	(54.0, 0.0)	(55.0, 0.0)	(56.0, 0.0)	(57.0, 0.0)	(58.0, 0.0)	(59.0, 0.0)	(60.0, 0.0)	(61.0, 0.0)	(62.0, 0.0)	(63.0, 0.0)	(64.0, 0.0)	(65.0, 0.0)	(66.0, 0.0)	(67.0, 0.0)	(68.0, 0.0)	(69.0, 0.0)	(70.0, 0.0)	(71.0, 0.0)	(72.0, 0.0)	(73.0, 0.0)	(74.0, 0.0)	(75.0, 0.0)	(76.0, 0.0)	(77.0, 0.0)	(78.0, 0.0)	(79.0, 0.0)	(80.0, 0.0)	(81.0, 0.0)	(82.0, 0.0)	(83.0, 0.0)	(84.0, 0.0)	(85.0, 0.0)	(86.0, 0.0)	(87.0, 0.0)	(88.0, 0.0)	(89.0, 0.0)	(90.0, 0.0)	(91.0, 0.0)	(92.0, 0.0)	(93.0, 0.0)	(94.0, 0.0)	(95.0, 0.0)	(96.0, 0.0)	(97.0, 0.0)	(98.0, 0.0)	(99.0, 0.0)	(100.0, 0.0)
FAY99780_pass_barcode08_98e12ebb_5ad7f319_20	(0.0, 0.0)	(1.0, 0.0)	(2.0, 0.0)	(3.0, 0.0)	(4.0, 0.0)	(5.0, 0.0)	(6.0, 0.0)	(7.0, 0.0)	(8.0, 0.0)	(9.0, 0.0)	(10.0, 0.0)	(11.0, 0.0)	(12.0, 0.0)	(13.0, 0.0)	(14.0, 0.0)	(15.0, 0.0)	(16.0, 0.0)	(17.0, 0.0)	(18.0, 0.0)	(19.0, 0.0)	(20.0, 0.0)	(21.0, 0.0)	(22.0, 0.0)	(23.0, 0.0)	(24.0, 0.0)	(25.0, 0.0)	(26.0, 0.10894469647536614)	(27.0, 0.0)	(28.0, 0.025141083802007573)	(29.0, 0.774497751306694)	(30.0, 0.8207167134477583)	(31.0, 0.3272822370874533)	(32.0, 0.7636032816591574)	(33.0, 2.524133730920851)	(34.0, 2.427105760378643)	(35.0, 4.5053704669498975)	(36.0, 9.940579572788172)	(37.0, 7.285946533348667)	(38.0, 14.014601527676485)	(39.0, 12.875338159493538)	(40.0, 12.30685338858458)	(41.0, 8.308782291622627)	(42.0, 7.22914893411227)	(43.0, 5.258694723788939)	(44.0, 3.6397432686088234)	(45.0, 2.669145063646471)	(46.0, 1.9065321883189075)	(47.0, 0.0)	(48.0, 0.0)	(49.0, 0.0)	(50.0, 0.0)	(51.0, 1.1439193129913447)	(52.0, 1.1439193129913447)	(53.0, 0.0)	(54.0, 0.0)	(55.0, 0.0)	(56.0, 0.0)	(57.0, 0.0)	(58.0, 0.0)	(59.0, 0.0)	(60.0, 0.0)	(61.0, 0.0)	(62.0, 0.0)	(63.0, 0.0)	(64.0, 0.0)	(65.0, 0.0)	(66.0, 0.0)	(67.0, 0.0)	(68.0, 0.0)	(69.0, 0.0)	(70.0, 0.0)	(71.0, 0.0)	(72.0, 0.0)	(73.0, 0.0)	(74.0, 0.0)	(75.0, 0.0)	(76.0, 0.0)	(77.0, 0.0)	(78.0, 0.0)	(79.0, 0.0)	(80.0, 0.0)	(81.0, 0.0)	(82.0, 0.0)	(83.0, 0.0)	(84.0, 0.0)	(85.0, 0.0)	(86.0, 0.0)	(87.0, 0.0)	(88.0, 0.0)	(89.0, 0.0)	(90.0, 0.0)	(91.0, 0.0)	(92.0, 0.0)	(93.0, 0.0)	(94.0, 0.0)	(95.0, 0.0)	(96.0, 0.0)	(97.0, 0.0)	(98.0, 0.0)	(99.0, 0.0)	(100.0, 0.0)
FAY99780_pass_barcode08_98e12ebb_5ad7f319_21	(0.0, 0.0)	(1.0, 0.0)	(2.0, 0.0)	(3.0, 0.0)	(4.0, 0.0)	(5.0, 0.0)	(6.0, 0.0)	(7.0, 0.0)	(8.0, 0.0)	(9.0, 0.0)	(10.0, 0.0)	(11.0, 0.0)	(12.0, 0.0)	(13.0, 0.0)	(14.0, 0.0)	(15.0, 0.0)	(16.0, 0.0)	(17.0, 0.0)	(18.0, 0.0)	(19.0, 0.0)	(20.0, 0.0)	(21.0, 0.0)	(22.0, 0.0)	(23.0, 0.0)	(24.0, 0.0)	(25.0, 0.0)	(26.0, 0.0)	(27.0, 0.0)	(28.0, 1.562102875454656)	(29.0, 1.1569157814800697)	(30.0, 0.32053077928452145)	(31.0, 0.5053723847564867)	(32.0, 1.0074759729164118)	(33.0, 2.6734192258767133)	(34.0, 3.3364055456697903)	(35.0, 2.05166804252758)	(36.0, 5.196313515530556)	(37.0, 6.0510050075193105)	(38.0, 8.020747826414212)	(39.0, 9.579861347682044)	(40.0, 9.72271582295407)	(41.0, 12.60913913139916)	(42.0, 11.164358779588559)	(43.0, 8.810088966240652)	(44.0, 6.7662044189591946)	(45.0, 3.6810956683456757)	(46.0, 3.4707473444402086)	(47.0, 2.3138315629601394)	(48.0, 0.0)	(49.0, 0.0)	(50.0, 0.0)	(51.0, 0.0)	(52.0, 0.0)	(53.0, 0.0)	(54.0, 0.0)	(55.0, 0.0)	(56.0, 0.0)	(57.0, 0.0)	(58.0, 0.0)	(59.0, 0.0)	(60.0, 0.0)	(61.0, 0.0)	(62.0, 0.0)	(63.0, 0.0)	(64.0, 0.0)	(65.0, 0.0)	(66.0, 0.0)	(67.0, 0.0)	(68.0, 0.0)	(69.0, 0.0)	(70.0, 0.0)	(71.0, 0.0)	(72.0, 0.0)	(73.0, 0.0)	(74.0, 0.0)	(75.0, 0.0)	(76.0, 0.0)	(77.0, 0.0)	(78.0, 0.0)	(79.0, 0.0)	(80.0, 0.0)	(81.0, 0.0)	(82.0, 0.0)	(83.0, 0.0)	(84.0, 0.0)	(85.0, 0.0)	(86.0, 0.0)	(87.0, 0.0)	(88.0, 0.0)	(89.0, 0.0)	(90.0, 0.0)	(91.0, 0.0)	(92.0, 0.0)	(93.0, 0.0)	(94.0, 0.0)	(95.0, 0.0)	(96.0, 0.0)	(97.0, 0.0)	(98.0, 0.0)	(99.0, 0.0)	(100.0, 0.0)
FAY99780_pass_barcode08_98e12ebb_5ad7f319_22	(0.0, 0.0)	(1.0, 0.0)	(2.0, 0.0)	(3.0, 0.0)	(4.0, 0.0)	(5.0, 0.0)	(6.0, 0.0)	(7.0, 0.0)	(8.0, 0.0)	(9.0, 0.0)	(10.0, 0.0)	(11.0, 0.0)	(12.0, 0.0)	(13.0, 0.0)	(14.0, 0.0)	(15.0, 0.0)	(16.0, 0.0)	(17.0, 0.0)	(18.0, 0.0)	(19.0, 0.0)	(20.0, 0.0)	(21.0, 0.0)	(22.0, 0.0)	(23.0, 0.0)	(24.0, 0.0)	(25.0, 0.0)	(26.0, 0.0)	(27.0, 0.0)	(28.0, 0.3429222495976984)	(29.0, 0.2880371264226506)	(30.0, 1.2074030144565426)	(31.0, 2.2686381000767173)	(32.0, 2.697655030168561)	(33.0, 2.639851866611106)	(34.0, 2.5934183308721037)	(35.0, 8.636304364978415)	(36.0, 12.735347583032281)	(37.0, 11.735289879412363)	(38.0, 10.995904917781225)	(39.0, 7.4777478038689855)	(40.0, 8.676857673455704)	(41.0, 7.950193355419718)	(42.0, 5.4902198546702214)	(43.0, 0.9144593322605291)	(44.0, 0.39191114239736957)	(45.0, 1.3716889983907936)	(46.0, 2.7433779967815872)	(47.0, 1.3716889983907936)	(48.0, 0.0)	(49.0, 1.9174147289333674)	(50.0, 1.8958303229791456)	(51.0, 0.0)	(52.0, 0.9144593322605291)	(53.0, 0.9144593322605291)	(54.0, 0.0)	(55.0, 0.0)	(56.0, 0.0)	(57.0, 0.0)	(58.0, 0.0)	(59.0, 0.0)	(60.0, 0.0)	(61.0, 0.0)	(62.0, 0.0)	(63.0, 0.0)	(64.0, 0.0)	(65.0, 0.0)	(66.0, 0.0)	(67.0, 0.9144593322605291)	(68.0, 0.9144593322605291)	(69.0, 0.0)	(70.0, 0.0)	(71.0, 0.0)	(72.0, 0.0)	(73.0, 0.0)	(74.0, 0.0)	(75.0, 0.0)	(76.0, 0.0)	(77.0, 0.0)	(78.0, 0.0)	(79.0, 0.0)	(80.0, 0.0)	(81.0, 0.0)	(82.0, 0.0)	(83.0, 0.0)	(84.0, 0.0)	(85.0, 0.0)	(86.0, 0.0)	(87.0, 0.0)	(88.0, 0.0)	(89.0, 0.0)	(90.0, 0.0)	(91.0, 0.0)	(92.0, 0.0)	(93.0, 0.0)	(94.0, 0.0)	(95.0, 0.0)	(96.0, 0.0)	(97.0, 0.0)	(98.0, 0.0)	(99.0, 0.0)	(100.0, 0.0)
FAY99780_pass_barcode08_98e12ebb_5ad7f319_23	(0.0, 0.0)	(1.0, 0.0)	(2.0, 0.0)	(3.0, 0.0)	(4.0, 0.0)	(5.0, 0.0)	(6.0, 0.0)	(7.0, 0.0)	(8.0, 0.0)	(9.0, 0.0)	(10.0, 0.0)	(11.0, 0.0)	(12.0, 0.0)	(13.0, 0.0)	(14.0, 0.0)	(15.0, 0.0)	(16.0, 0.0)	(17.0, 0.0)	(18.0, 0.0)	(19.0, 0.0)	(20.0, 0.0)	(21.0, 0.0)	(22.0, 1.2836933870015352)	(23.0, 1.2836933870015352)	(24.0, 0.0)	(25.0, 0.0)	(26.0, 0.0)	(27.0, 0.8557955913343568)	(28.0, 0.0)	(29.0, 0.0)	(30.0, 0.06261918960983098)	(31.0, 0.0)	(32.0, 0.8705398702173168)	(33.0, 2.3357241344219317)	(34.0, 3.4540099999548484)	(35.0, 6.2084570583087)	(36.0, 6.898661226605646)	(37.0, 10.80924064914837)	(38.0, 12.005483840608035)	(39.0, 14.073800961829322)	(40.0, 9.096733075777298)	(41.0, 9.635418864470235)	(42.0, 7.2275082201604075)	(43.0, 2.86497024098979)	(44.0, 0.6418466935007676)	(45.0, 0.0)	(46.0, 1.2836933870015352)	(47.0, 1.2836933870015352)	(48.0, 2.139488978335892)	(49.0, 1.4059499000493005)	(50.0, 0.0)	(51.0, 0.0)	(52.0, 0.8557955913343568)	(53.0, 0.8557955913343568)	(54.0, 1.2836933870015352)	(55.0, 1.2836933870015352)	(56.0, 0.0)	(57.0, 0.0)	(58.0, 0.0)	(59.0, 0.0)	(60.0, 0.0)	(61.0, 0.0)	(62.0, 0.0)	(63.0, 0.0)	(64.0, 0.0)	(65.0, 0.0)	(66.0, 0.0)	(67.0, 0.0)	(68.0, 0.0)	(69.0, 0.0)	(70.0, 0.0)	(71.0, 0.0)	(72.0, 0.0)	(73.0, 0.0)	(74.0, 0.0)	(75.0, 0.0)	(76.0, 0.0)	(77.0, 0.0)	(78.0, 0.0)	(79.0, 0.0)	(80.0, 0.0)	(81.0, 0.0)	(82.0, 0.0)	(83.0, 0.0)	(84.0, 0.0)	(85.0, 0.0)	(86.0, 0.0)	(87.0, 0.0)	(88.0, 0.0)	(89.0, 0.0)	(90.0, 0.0)	(91.0, 0.0)	(92.0, 0.0)	(93.0, 0.0)	(94.0, 0.0)	(95.0, 0.0)	(96.0, 0.0)	(97.0, 0.0)	(98.0, 0.0)	(99.0, 0.0)	(100.0, 0.0)
FAY99780_pass_barcode08_98e12ebb_5ad7f319_24	(0.0, 0.0)	(1.0, 0.0)	(2.0, 0.0)	(3.0, 0.0)	(4.0, 0.0)	(5.0, 0.0)	(6.0, 0.0)	(7.0, 0.0)	(8.0, 0.0)	(9.0, 0.0)	(10.0, 0.0)	(11.0, 0.0)	(12.0, 0.0)	(13.0, 0.0)	(14.0, 0.0)	(15.0, 0.0)	(16.0, 0.0)	(17.0, 0.0)	(18.0, 0.0)	(19.0, 0.0)	(20.0, 0.0)	(21.0, 0.0)	(22.0, 0.0)	(23.0, 0.0)	(24.0, 0.0)	(25.0, 0.0)	(26.0, 0.0)	(27.0, 0.0)	(28.0, 0.0)	(29.0, 0.6191803287177544)	(30.0, 0.024948657933682415)	(31.0, 0.2522586524405666)	(32.0, 1.1266541018093092)	(33.0, 1.413044961288181)	(34.0, 4.00372509057439)	(35.0, 6.249940478291747)	(36.0, 4.153743216693248)	(37.0, 5.856379742550172)	(38.0, 7.399633104731109)	(39.0, 8.788443527738474)	(40.0, 7.281959675943235)	(41.0, 7.024635799292568)	(42.0, 4.338291358889508)	(43.0, 2.57131830953623)	(44.0, 2.2703278719650997)	(45.0, 1.2084003189491659)	(46.0, 3.0271038292867996)	(47.0, 1.1351639359825498)	(48.0, 0.0)	(49.0, 0.7567759573216999)	(50.0, 0.9838087445182099)	(51.0, 1.1351639359825498)	(52.0, 3.4054918079476497)	(53.0, 2.2703278719650997)	(54.0, 1.1351639359825498)	(55.0, 2.2703278719650997)	(56.0, 2.2703278719650997)	(57.0, 2.2703278719650997)	(58.0, 2.2703278719650997)	(59.0, 2.2703278719650997)	(60.0, 2.2703278719650997)	(61.0, 2.2703278719650997)	(62.0, 2.2703278719650997)	(63.0, 1.1351639359825498)	(64.0, 0.0)	(65.0, 0.7567759573216999)	(66.0, 0.7567759573216999)	(67.0, 0.0)	(68.0, 0.0)	(69.0, 0.0)	(70.0, 0.0)	(71.0, 0.0)	(72.0, 0.0)	(73.0, 0.0)	(74.0, 0.7567759573216999)	(75.0, 0.0)	(76.0, 0.0)	(77.0, 0.0)	(78.0, 0.0)	(79.0, 0.0)	(80.0, 0.0)	(81.0, 0.0)	(82.0, 0.0)	(83.0, 0.0)	(84.0, 0.0)	(85.0, 0.0)	(86.0, 0.0)	(87.0, 0.0)	(88.0, 0.0)	(89.0, 0.0)	(90.0, 0.0)	(91.0, 0.0)	(92.0, 0.0)	(93.0, 0.0)	(94.0, 0.0)	(95.0, 0.0)	(96.0, 0.0)	(97.0, 0.0)	(98.0, 0.0)	(99.0, 0.0)	(100.0, 0.0)
FAY99780_pass_barcode08_98e12ebb_5ad7f319_25	(0.0, 0.0)	(1.0, 0.0)	(2.0, 0.0)	(3.0, 0.0)	(4.0, 0.0)	(5.0, 0.0)	(6.0, 0.0)	(7.0, 0.0)	(8.0, 0.0)	(9.0, 0.0)	(10.0, 0.0)	(11.0, 0.0)	(12.0, 0.0)	(13.0, 0.0)	(14.0, 0.0)	(15.0, 0.0)	(16.0, 0.0)	(17.0, 0.0)	(18.0, 0.0)	(19.0, 0.0)	(20.0, 0.0)	(21.0, 0.0)	(22.0, 0.0)	(23.0, 0.0)	(24.0, 0.0)	(25.0, 0.4703382691888404)	(26.0, 0.0)	(27.0, 0.0)	(28.0, 0.4165853241386873)	(29.0, 2.226922028633303)	(30.0, 3.3351259087935956)	(31.0, 3.078577761963319)	(32.0, 3.525927845952314)	(33.0, 2.5693485098703466)	(34.0, 1.8116213434991615)	(35.0, 3.0398065542038344)	(36.0, 8.745778882926482)	(37.0, 10.068778036038745)	(38.0, 9.391860696694309)	(39.0, 10.156889581668946)	(40.0, 10.561020636840253)	(41.0, 4.971634129723501)	(42.0, 0.9406765383776808)	(43.0, 2.6554807897548374)	(44.0, 3.5275370189163033)	(45.0, 3.831536144123724)	(46.0, 5.267788614915013)	(47.0, 1.4110148075665214)	(48.0, 1.8813530767553617)	(49.0, 1.4110148075665214)	(50.0, 0.0)	(51.0, 0.0)	(52.0, 0.0)	(53.0, 0.0)	(54.0, 0.9406765383776808)	(55.0, 0.9406765383776808)	(56.0, 0.0)	(57.0, 0.0)	(58.0, 0.0)	(59.0, 1.4110148075665214)	(60.0, 1.4110148075665214)	(61.0, 0.0)	(62.0, 0.0)	(63.0, 0.0)	(64.0, 0.0)	(65.0, 0.0)	(66.0, 0.0)	(67.0, 0.0)	(68.0, 0.0)	(69.0, 0.0)	(70.0, 0.0)	(71.0, 0.0)	(72.0, 0.0)	(73.0, 0.0)	(74.0, 0.0)	(75.0, 0.0)	(76.0, 0.0)	(77.0, 0.0)	(78.0, 0.0)	(79.0, 0.0)	(80.0, 0.0)	(81.0, 0.0)	(82.0, 0.0)	(83.0, 0.0)	(84.0, 0.0)	(85.0, 0.0)	(86.0, 0.0)	(87.0, 0.0)	(88.0, 0.0)	(89.0, 0.0)	(90.0, 0.0)	(91.0, 0.0)	(92.0, 0.0)	(93.0, 0.0)	(94.0, 0.0)	(95.0, 0.0)	(96.0, 0.0)	(97.0, 0.0)	(98.0, 0.0)	(99.0, 0.0)	(100.0, 0.0)
FAY99780_pass_barcode08_98e12ebb_5ad7f319_26	(0.0, 0.0)	(1.0, 0.0)	(2.0, 0.0)	(3.0, 0.0)	(4.0, 0.0)	(5.0, 0.0)	(6.0, 0.0)	(7.0, 0.0)	(8.0, 0.0)	(9.0, 0.0)	(10.0, 0.0)	(11.0, 0.0)	(12.0, 0.0)	(13.0, 0.0)	(14.0, 0.0)	(15.0, 0.0)	(16.0, 0.0)	(17.0, 0.0)	(18.0, 0.0)	(19.0, 0.0)	(20.0, 0.0)	(21.0, 0.0)	(22.0, 0.0)	(23.0, 0.0)	(24.0, 0.0)	(25.0, 0.0)	(26.0, 0.0)	(27.0, 0.0)	(28.0, 0.2349683440553379)	(29.0, 0.0)	(30.0, 0.04837583554080486)	(31.0, 2.682207931891116)	(32.0, 3.976322430591017)	(33.0, 3.1449572338504628)	(34.0, 1.2467691613987986)	(35.0, 3.417942650522631)	(36.0, 9.369698523261283)	(37.0, 9.083269202187093)	(38.0, 8.341810987831042)	(39.0, 10.792884581196333)	(40.0, 11.438536588752381)	(41.0, 9.344281054327965)	(42.0, 6.533188002665918)	(43.0, 2.9344342058729134)	(44.0, 4.9530258888937695)	(45.0, 0.9251878547178929)	(46.0, 0.8223892041936826)	(47.0, 2.878362214677889)	(48.0, 1.233583806290524)	(49.0, 1.233583806290524)	(50.0, 1.4578717710706193)	(51.0, 0.616791903145262)	(52.0, 0.0)	(53.0, 0.0)	(54.0, 0.8223892041936826)	(55.0, 1.233583806290524)	(56.0, 1.233583806290524)	(57.0, 0.0)	(58.0, 0.0)	(59.0, 0.0)	(60.0, 0.0)	(61.0, 0.0)	(62.0, 0.0)	(63.0, 0.0)	(64.0, 0.0)	(65.0, 0.0)	(66.0, 0.0)	(67.0, 0.0)	(68.0, 0.0)	(69.0, 0.0)	(70.0, 0.0)	(71.0, 0.0)	(72.0, 0.0)	(73.0, 0.0)	(74.0, 0.0)	(75.0, 0.0)	(76.0, 0.0)	(77.0, 0.0)	(78.0, 0.0)	(79.0, 0.0)	(80.0, 0.0)	(81.0, 0.0)	(82.0, 0.0)	(83.0, 0.0)	(84.0, 0.0)	(85.0, 0.0)	(86.0, 0.0)	(87.0, 0.0)	(88.0, 0.0)	(89.0, 0.0)	(90.0, 0.0)	(91.0, 0.0)	(92.0, 0.0)	(93.0, 0.0)	(94.0, 0.0)	(95.0, 0.0)	(96.0, 0.0)	(97.0, 0.0)	(98.0, 0.0)	(99.0, 0.0)	(100.0, 0.0)
FAY99780_pass_barcode08_98e12ebb_5ad7f319_27	(0.0, 0.0)	(1.0, 0.0)	(2.0, 0.0)	(3.0, 0.0)	(4.0, 0.0)	(5.0, 0.0)	(6.0, 0.0)	(7.0, 0.0)	(8.0, 0.0)	(9.0, 0.0)	(10.0, 0.0)	(11.0, 0.0)	(12.0, 0.0)	(13.0, 0.0)	(14.0, 0.0)	(15.0, 0.0)	(16.0, 0.0)	(17.0, 0.0)	(18.0, 0.0)	(19.0, 0.0)	(20.0, 0.0)	(21.0, 0.0)	(22.0, 0.0)	(23.0, 0.0)	(24.0, 0.0)	(25.0, 0.22739477683862913)	(26.0, 0.0)	(27.0, 0.5002685090449841)	(28.0, 0.0)	(29.0, 0.35733464931784575)	(30.0, 1.8354006987689349)	(31.0, 1.2506712726124602)	(32.0, 0.6598214901435585)	(33.0, 0.6278911009016227)	(34.0, 2.6475249017640397)	(35.0, 4.837231634001551)	(36.0, 6.1651652562515435)	(37.0, 5.460421101283941)	(38.0, 8.29314832484759)	(39.0, 7.902660470272433)	(40.0, 9.07567522837941)	(41.0, 12.404638748554596)	(42.0, 10.995349584350715)	(43.0, 6.1491337570112625)	(44.0, 4.4607275389844405)	(45.0, 4.387275416624662)	(46.0, 2.709787757326997)	(47.0, 3.9604590299394573)	(48.0, 3.484012830848996)	(49.0, 1.608005921930306)	(50.0, 0.0)	(51.0, 0.0)	(52.0, 0.0)	(53.0, 0.0)	(54.0, 0.0)	(55.0, 0.0)	(56.0, 0.0)	(57.0, 0.0)	(58.0, 0.0)	(59.0, 0.0)	(60.0, 0.0)	(61.0, 0.0)	(62.0, 0.0)	(63.0, 0.0)	(64.0, 0.0)	(65.0, 0.0)	(66.0, 0.0)	(67.0, 0.0)	(68.0, 0.0)	(69.0, 0.0)	(70.0, 0.0)	(71.0, 0.0)	(72.0, 0.0)	(73.0, 0.0)	(74.0, 0.0)	(75.0, 0.0)	(76.0, 0.0)	(77.0, 0.0)	(78.0, 0.0)	(79.0, 0.0)	(80.0, 0.0)	(81.0, 0.0)	(82.0, 0.0)	(83.0, 0.0)	(84.0, 0.0)	(85.0, 0.0)	(86.0, 0.0)	(87.0, 0.0)	(88.0, 0.0)	(89.0, 0.0)	(90.0, 0.0)	(91.0, 0.0)	(92.0, 0.0)	(93.0, 0.0)	(94.0, 0.0)	(95.0, 0.0)	(96.0, 0.0)	(97.0, 0.0)	(98.0, 0.0)	(99.0, 0.0)	(100.0, 0.0)
FAY99780_pass_barcode08_98e12ebb_5ad7f319_28	(0.0, 0.0)	(1.0, 0.0)	(2.0, 0.0)	(3.0, 0.0)	(4.0, 0.0)	(5.0, 0.0)	(6.0, 0.0)	(7.0, 0.0)	(8.0, 0.0)	(9.0, 0.0)	(10.0, 0.0)	(11.0, 0.0)	(12.0, 0.0)	(13.0, 0.0)	(14.0, 0.0)	(15.0, 0.0)	(16.0, 0.0)	(17.0, 0.0)	(18.0, 0.0)	(19.0, 0.0)	(20.0, 0.0)	(21.0, 0.0)	(22.0, 0.0)	(23.0, 0.0)	(24.0, 1.4301918631669157)	(25.0, 1.4301918631669157)	(26.0, 0.0)	(27.0, 0.0)	(28.0, 0.0)	(29.0, 0.20431312330955936)	(30.0, 1.4626962236934367)	(31.0, 0.39005232631824976)	(32.0, 2.9643976800186977)	(33.0, 6.602129928879867)	(34.0, 8.258495286714854)	(35.0, 5.99032599161323)	(36.0, 5.373244959929587)	(37.0, 9.362966484488517)	(38.0, 10.476658767902642)	(39.0, 11.84483579718673)	(40.0, 6.131811613761775)	(41.0, 5.1649728456001265)	(42.0, 5.845057936014311)	(43.0, 4.374704522628212)	(44.0, 2.6816097434379667)	(45.0, 0.0)	(46.0, 0.0)	(47.0, 2.1452877947503732)	(48.0, 3.5754796579172887)	(49.0, 0.0)	(50.0, 0.0)	(51.0, 0.0)	(52.0, 2.1452877947503732)	(53.0, 2.1452877947503732)	(54.0, 0.0)	(55.0, 0.0)	(56.0, 0.0)	(57.0, 0.0)	(58.0, 0.0)	(59.0, 0.0)	(60.0, 0.0)	(61.0, 0.0)	(62.0, 0.0)	(63.0, 0.0)	(64.0, 0.0)	(65.0, 0.0)	(66.0, 0.0)	(67.0, 0.0)	(68.0, 0.0)	(69.0, 0.0)	(70.0, 0.0)	(71.0, 0.0)	(72.0, 0.0)	(73.0, 0.0)	(74.0, 0.0)	(75.0, 0.0)	(76.0, 0.0)	(77.0, 0.0)	(78.0, 0.0)	(79.0, 0.0)	(80.0, 0.0)	(81.0, 0.0)	(82.0, 0.0)	(83.0, 0.0)	(84.0, 0.0)	(85.0, 0.0)	(86.0, 0.0)	(87.0, 0.0)	(88.0, 0.0)	(89.0, 0.0)	(90.0, 0.0)	(91.0, 0.0)	(92.0, 0.0)	(93.0, 0.0)	(94.0, 0.0)	(95.0, 0.0)	(96.0, 0.0)	(97.0, 0.0)	(98.0, 0.0)	(99.0, 0.0)	(100.0, 0.0)
FAY99780_pass_barcode08_98e12ebb_5ad7f319_29	(0.0, 0.0)	(1.0, 0.0)	(2.0, 0.0)	(3.0, 0.0)	(4.0, 0.0)	(5.0, 0.0)	(6.0, 0.0)	(7.0, 0.0)	(8.0, 0.0)	(9.0, 0.0)	(10.0, 0.0)	(11.0, 0.0)	(12.0, 0.0)	(13.0, 0.0)	(14.0, 0.0)	(15.0, 0.0)	(16.0, 0.0)	(17.0, 0.0)	(18.0, 0.0)	(19.0, 0.0)	(20.0, 0.0)	(21.0, 0.0)	(22.0, 0.0)	(23.0, 0.0)	(24.0, 0.0)	(25.0, 0.0)	(26.0, 0.0)	(27.0, 0.4555314609582352)	(28.0, 0.0)	(29.0, 1.9546440870207915)	(30.0, 0.293278079186226)	(31.0, 0.5521593466160427)	(32.0, 0.8665733435371699)	(33.0, 1.7385418461231377)	(34.0, 1.518518530112453)	(35.0, 3.250315772791659)	(36.0, 8.234945576933086)	(37.0, 8.573262123210812)	(38.0, 12.5543940132846)	(39.0, 6.175882601498768)	(40.0, 8.324417206960108)	(41.0, 6.234117884984302)	(42.0, 4.818970697591513)	(43.0, 6.917570614265772)	(44.0, 6.149674722936176)	(45.0, 3.1659436536597347)	(46.0, 0.0)	(47.0, 0.0)	(48.0, 1.3665943828747058)	(49.0, 2.277657304791176)	(50.0, 0.9110629219164704)	(51.0, 0.0)	(52.0, 0.0)	(53.0, 0.0)	(54.0, 0.0)	(55.0, 0.0)	(56.0, 0.0)	(57.0, 2.7331887657494116)	(58.0, 2.7331887657494116)	(59.0, 0.0)	(60.0, 0.0)	(61.0, 0.0)	(62.0, 0.0)	(63.0, 0.0)	(64.0, 1.3665943828747058)	(65.0, 1.3665943828747058)	(66.0, 1.3665943828747058)	(67.0, 1.3665943828747058)	(68.0, 0.0)	(69.0, 0.0)	(70.0, 0.0)	(71.0, 0.0)	(72.0, 0.0)	(73.0, 1.3665943828747058)	(74.0, 1.3665943828747058)	(75.0, 0.0)	(76.0, 0.0)	(77.0, 0.0)	(78.0, 0.0)	(79.0, 0.0)	(80.0, 0.0)	(81.0, 0.0)	(82.0, 0.0)	(83.0, 0.0)	(84.0, 0.0)	(85.0, 0.0)	(86.0, 0.0)	(87.0, 0.0)	(88.0, 0.0)	(89.0, 0.0)	(90.0, 0.0)	(91.0, 0.0)	(92.0, 0.0)	(93.0, 0.0)	(94.0, 0.0)	(95.0, 0.0)	(96.0, 0.0)	(97.0, 0.0)	(98.0, 0.0)	(99.0, 0.0)	(100.0, 0.0)
FAY99780_pass_barcode08_98e12ebb_5ad7f319_3	(0.0, 0.0)	(1.0, 0.0)	(2.0, 0.0)	(3.0, 0.0)	(4.0, 0.0)	(5.0, 0.0)	(6.0, 0.0)	(7.0, 0.0)	(8.0, 0.0)	(9.0, 0.0)	(10.0, 0.0)	(11.0, 0.0)	(12.0, 0.0)	(13.0, 0.0)	(14.0, 0.0)	(15.0, 0.0)	(16.0, 0.7041607211621033)	(17.0, 1.4083214423242065)	(18.0, 1.4083214423242065)	(19.0, 1.4083214423242065)	(20.0, 1.4083214423242065)	(21.0, 1.4083214423242065)	(22.0, 0.9053494986369898)	(23.0, 0.35208036058105163)	(24.0, 0.35208036058105163)	(25.0, 0.0)	(26.0, 0.0)	(27.0, 0.17345894597541545)	(28.0, 0.422496432697262)	(29.0, 0.5834474546771712)	(30.0, 1.024945049691506)	(31.0, 2.1795333892352007)	(32.0, 3.887813397769709)	(33.0, 2.8962046959457712)	(34.0, 3.537342139561031)	(35.0, 5.433373492902497)	(36.0, 5.94106022508258)	(37.0, 7.421361019810946)	(38.0, 6.205042097052505)	(39.0, 8.472472370462587)	(40.0, 7.256788589865865)	(41.0, 9.876565537295605)	(42.0, 8.494129218693509)	(43.0, 7.5195829738643996)	(44.0, 4.7029400892159865)	(45.0, 3.2860833654231483)	(46.0, 0.8606408814203486)	(47.0, 0.0)	(48.0, 0.0)	(49.0, 0.0)	(50.0, 0.0)	(51.0, 0.0)	(52.0, 0.0)	(53.0, 0.46944048077473544)	(54.0, 0.0)	(55.0, 0.0)	(56.0, 0.0)	(57.0, 0.0)	(58.0, 0.0)	(59.0, 0.0)	(60.0, 0.0)	(61.0, 0.0)	(62.0, 0.0)	(63.0, 0.0)	(64.0, 0.0)	(65.0, 0.0)	(66.0, 0.0)	(67.0, 0.0)	(68.0, 0.0)	(69.0, 0.0)	(70.0, 0.0)	(71.0, 0.0)	(72.0, 0.0)	(73.0, 0.0)	(74.0, 0.0)	(75.0, 0.0)	(76.0, 0.0)	(77.0, 0.0)	(78.0, 0.0)	(79.0, 0.0)	(80.0, 0.0)	(81.0, 0.0)	(82.0, 0.0)	(83.0, 0.0)	(84.0, 0.0)	(85.0, 0.0)	(86.0, 0.0)	(87.0, 0.0)	(88.0, 0.0)	(89.0, 0.0)	(90.0, 0.0)	(91.0, 0.0)	(92.0, 0.0)	(93.0, 0.0)	(94.0, 0.0)	(95.0, 0.0)	(96.0, 0.0)	(97.0, 0.0)	(98.0, 0.0)	(99.0, 0.0)	(100.0, 0.0)
FAY99780_pass_barcode08_98e12ebb_5ad7f319_30	(0.0, 0.0)	(1.0, 0.0)	(2.0, 0.0)	(3.0, 0.0)	(4.0, 0.0)	(5.0, 0.0)	(6.0, 0.0)	(7.0, 0.0)	(8.0, 0.0)	(9.0, 0.0)	(10.0, 0.0)	(11.0, 0.0)	(12.0, 0.0)	(13.0, 0.0)	(14.0, 0.0)	(15.0, 0.0)	(16.0, 0.0)	(17.0, 0.0)	(18.0, 0.0)	(19.0, 0.0)	(20.0, 0.0)	(21.0, 0.0)	(22.0, 0.0)	(23.0, 0.0)	(24.0, 0.0)	(25.0, 0.772396046937555)	(26.0, 0.0)	(27.0, 0.24576237857104025)	(28.0, 0.9011287214271475)	(29.0, 0.6865742639444934)	(30.0, 0.620257431631673)	(31.0, 0.24576237857104025)	(32.0, 1.8543545369292618)	(33.0, 2.6208802229040224)	(34.0, 1.9129595759098856)	(35.0, 5.153993820283255)	(36.0, 8.952342840388894)	(37.0, 16.487797890988098)	(38.0, 11.735985554105895)	(39.0, 9.714635766465056)	(40.0, 5.731672090812785)	(41.0, 8.007840739460677)	(42.0, 5.23415351504275)	(43.0, 7.0738604632031095)	(44.0, 1.1468910999981878)	(45.0, 2.2528218035678687)	(46.0, 2.2528218035678687)	(47.0, 0.0)	(48.0, 0.9011287214271475)	(49.0, 0.08720600529940138)	(50.0, 0.0)	(51.0, 1.3516930821407214)	(52.0, 1.3516930821407214)	(53.0, 0.0)	(54.0, 0.0)	(55.0, 0.0)	(56.0, 0.0)	(57.0, 0.0)	(58.0, 0.0)	(59.0, 0.0)	(60.0, 0.0)	(61.0, 0.0)	(62.0, 0.0)	(63.0, 1.3516930821407214)	(64.0, 1.3516930821407214)	(65.0, 0.0)	(66.0, 0.0)	(67.0, 0.0)	(68.0, 0.0)	(69.0, 0.0)	(70.0, 0.0)	(71.0, 0.0)	(72.0, 0.0)	(73.0, 0.0)	(74.0, 0.0)	(75.0, 0.0)	(76.0, 0.0)	(77.0, 0.0)	(78.0, 0.0)	(79.0, 0.0)	(80.0, 0.0)	(81.0, 0.0)	(82.0, 0.0)	(83.0, 0.0)	(84.0, 0.0)	(85.0, 0.0)	(86.0, 0.0)	(87.0, 0.0)	(88.0, 0.0)	(89.0, 0.0)	(90.0, 0.0)	(91.0, 0.0)	(92.0, 0.0)	(93.0, 0.0)	(94.0, 0.0)	(95.0, 0.0)	(96.0, 0.0)	(97.0, 0.0)	(98.0, 0.0)	(99.0, 0.0)	(100.0, 0.0)
FAY99780_pass_barcode08_98e12ebb_5ad7f319_31	(0.0, 0.0)	(1.0, 0.0)	(2.0, 0.0)	(3.0, 0.0)	(4.0, 0.0)	(5.0, 0.0)	(6.0, 0.0)	(7.0, 0.0)	(8.0, 0.0)	(9.0, 0.0)	(10.0, 0.0)	(11.0, 0.0)	(12.0, 0.0)	(13.0, 0.0)	(14.0, 0.0)	(15.0, 0.0)	(16.0, 0.0)	(17.0, 0.0)	(18.0, 0.0)	(19.0, 0.0)	(20.0, 0.0)	(21.0, 0.0)	(22.0, 0.0)	(23.0, 0.0)	(24.0, 0.0)	(25.0, 0.0)	(26.0, 0.0)	(27.0, 0.0)	(28.0, 0.14995510880798224)	(29.0, 0.0)	(30.0, 0.0)	(31.0, 1.6858589505382242)	(32.0, 0.7485362456200105)	(33.0, 1.015891763651492)	(34.0, 3.1365379193882643)	(35.0, 5.631424428273992)	(36.0, 8.774488926337263)	(37.0, 10.614035165193698)	(38.0, 11.332171537212595)	(39.0, 10.464702666936104)	(40.0, 10.32181062670869)	(41.0, 3.9973862133524634)	(42.0, 6.870670439929367)	(43.0, 6.870670439929367)	(44.0, 6.2906168144948555)	(45.0, 4.98600736786541)	(46.0, 3.4353352199646836)	(47.0, 2.624214404139689)	(48.0, 0.0)	(49.0, 0.0)	(50.0, 0.0)	(51.0, 0.0)	(52.0, 1.0496857616558757)	(53.0, 0.0)	(54.0, 0.0)	(55.0, 0.0)	(56.0, 0.0)	(57.0, 0.0)	(58.0, 0.0)	(59.0, 0.0)	(60.0, 0.0)	(61.0, 0.0)	(62.0, 0.0)	(63.0, 0.0)	(64.0, 0.0)	(65.0, 0.0)	(66.0, 0.0)	(67.0, 0.0)	(68.0, 0.0)	(69.0, 0.0)	(70.0, 0.0)	(71.0, 0.0)	(72.0, 0.0)	(73.0, 0.0)	(74.0, 0.0)	(75.0, 0.0)	(76.0, 0.0)	(77.0, 0.0)	(78.0, 0.0)	(79.0, 0.0)	(80.0, 0.0)	(81.0, 0.0)	(82.0, 0.0)	(83.0, 0.0)	(84.0, 0.0)	(85.0, 0.0)	(86.0, 0.0)	(87.0, 0.0)	(88.0, 0.0)	(89.0, 0.0)	(90.0, 0.0)	(91.0, 0.0)	(92.0, 0.0)	(93.0, 0.0)	(94.0, 0.0)	(95.0, 0.0)	(96.0, 0.0)	(97.0, 0.0)	(98.0, 0.0)	(99.0, 0.0)	(100.0, 0.0)
FAY99780_pass_barcode08_98e12ebb_5ad7f319_32	(0.0, 0.0)	(1.0, 0.0)	(2.0, 0.0)	(3.0, 0.0)	(4.0, 0.0)	(5.0, 0.0)	(6.0, 0.0)	(7.0, 0.0)	(8.0, 0.0)	(9.0, 0.0)	(10.0, 0.0)	(11.0, 0.0)	(12.0, 0.0)	(13.0, 0.0)	(14.0, 0.0)	(15.0, 0.0)	(16.0, 0.0)	(17.0, 0.0)	(18.0, 0.0)	(19.0, 0.0)	(20.0, 0.0)	(21.0, 0.0)	(22.0, 0.0)	(23.0, 0.0)	(24.0, 0.0)	(25.0, 0.0)	(26.0, 0.11994187463934718)	(27.0, 0.0)	(28.0, 0.3598256239180415)	(29.0, 0.02767889414754166)	(30.0, 0.5888055664113407)	(31.0, 1.7631455571984034)	(32.0, 1.9023147552532191)	(33.0, 0.34892181713264636)	(34.0, 3.6543433978976627)	(35.0, 6.310172182266285)	(36.0, 5.654865646011449)	(37.0, 6.955026477802398)	(38.0, 11.69899502238752)	(39.0, 13.01744688198348)	(40.0, 9.122452390753244)	(41.0, 4.913692301468267)	(42.0, 5.298614042306252)	(43.0, 4.007148993632735)	(44.0, 2.327962748681875)	(45.0, 2.6027386796738337)	(46.0, 1.7631455571984034)	(47.0, 1.2593896837131455)	(48.0, 0.5037558734852583)	(49.0, 0.4579598849865984)	(50.0, 0.2289799424932992)	(51.0, 1.2593896837131455)	(52.0, 1.2593896837131455)	(53.0, 0.0)	(54.0, 1.2593896837131455)	(55.0, 2.518779367426291)	(56.0, 2.518779367426291)	(57.0, 2.518779367426291)	(58.0, 2.518779367426291)	(59.0, 1.2593896837131455)	(60.0, 0.0)	(61.0, 0.0)	(62.0, 0.0)	(63.0, 0.0)	(64.0, 0.0)	(65.0, 0.0)	(66.0, 0.0)	(67.0, 0.0)	(68.0, 0.0)	(69.0, 0.0)	(70.0, 0.0)	(71.0, 0.0)	(72.0, 0.0)	(73.0, 0.0)	(74.0, 0.0)	(75.0, 0.0)	(76.0, 0.0)	(77.0, 0.0)	(78.0, 0.0)	(79.0, 0.0)	(80.0, 0.0)	(81.0, 0.0)	(82.0, 0.0)	(83.0, 0.0)	(84.0, 0.0)	(85.0, 0.0)	(86.0, 0.0)	(87.0, 0.0)	(88.0, 0.0)	(89.0, 0.0)	(90.0, 0.0)	(91.0, 0.0)	(92.0, 0.0)	(93.0, 0.0)	(94.0, 0.0)	(95.0, 0.0)	(96.0, 0.0)	(97.0, 0.0)	(98.0, 0.0)	(99.0, 0.0)	(100.0, 0.0)
FAY99780_pass_barcode08_98e12ebb_5ad7f319_33	(0.0, 0.0)	(1.0, 0.0)	(2.0, 0.0)	(3.0, 0.0)	(4.0, 0.0)	(5.0, 0.0)	(6.0, 0.0)	(7.0, 0.0)	(8.0, 0.0)	(9.0, 0.0)	(10.0, 0.0)	(11.0, 0.0)	(12.0, 0.0)	(13.0, 0.0)	(14.0, 0.0)	(15.0, 0.0)	(16.0, 0.0)	(17.0, 0.0)	(18.0, 0.0)	(19.0, 0.0)	(20.0, 0.0)	(21.0, 0.0)	(22.0, 0.0)	(23.0, 0.0)	(24.0, 0.0)	(25.0, 0.0)	(26.0, 0.0)	(27.0, 0.0)	(28.0, 0.05386262025066089)	(29.0, 0.0)	(30.0, 0.0)	(31.0, 0.7961716638517776)	(32.0, 2.2420517462380487)	(33.0, 2.484436119156256)	(34.0, 3.6186587119310887)	(35.0, 4.681796542821362)	(36.0, 6.210910485300496)	(37.0, 8.173364169304525)	(38.0, 4.928229992761243)	(39.0, 8.045342791236035)	(40.0, 6.61721178011067)	(41.0, 4.1976058685116024)	(42.0, 4.905543968616845)	(43.0, 6.689344428302296)	(44.0, 4.438019283072599)	(45.0, 5.036154993436792)	(46.0, 5.49398726556741)	(47.0, 8.633408560177358)	(48.0, 9.320156968373285)	(49.0, 3.4337420409796318)	(50.0, 0.0)	(51.0, 0.0)	(52.0, 0.0)	(53.0, 0.0)	(54.0, 0.0)	(55.0, 0.0)	(56.0, 0.0)	(57.0, 0.0)	(58.0, 0.0)	(59.0, 0.0)	(60.0, 0.0)	(61.0, 0.0)	(62.0, 0.0)	(63.0, 0.0)	(64.0, 0.0)	(65.0, 0.0)	(66.0, 0.0)	(67.0, 0.0)	(68.0, 0.0)	(69.0, 0.0)	(70.0, 0.0)	(71.0, 0.0)	(72.0, 0.0)	(73.0, 0.0)	(74.0, 0.0)	(75.0, 0.0)	(76.0, 0.0)	(77.0, 0.0)	(78.0, 0.0)	(79.0, 0.0)	(80.0, 0.0)	(81.0, 0.0)	(82.0, 0.0)	(83.0, 0.0)	(84.0, 0.0)	(85.0, 0.0)	(86.0, 0.0)	(87.0, 0.0)	(88.0, 0.0)	(89.0, 0.0)	(90.0, 0.0)	(91.0, 0.0)	(92.0, 0.0)	(93.0, 0.0)	(94.0, 0.0)	(95.0, 0.0)	(96.0, 0.0)	(97.0, 0.0)	(98.0, 0.0)	(99.0, 0.0)	(100.0, 0.0)
FAY99780_pass_barcode08_98e12ebb_5ad7f319_34	(0.0, 0.0)	(1.0, 0.0)	(2.0, 0.0)	(3.0, 0.0)	(4.0, 0.0)	(5.0, 0.0)	(6.0, 0.0)	(7.0, 0.0)	(8.0, 0.0)	(9.0, 0.0)	(10.0, 0.0)	(11.0, 0.0)	(12.0, 0.0)	(13.0, 0.0)	(14.0, 0.0)	(15.0, 0.0)	(16.0, 0.0)	(17.0, 0.0)	(18.0, 0.0)	(19.0, 0.0)	(20.0, 0.0)	(21.0, 0.0)	(22.0, 0.0)	(23.0, 0.0)	(24.0, 0.0)	(25.0, 0.3555560993974252)	(26.0, 0.7934844329661014)	(27.0, 1.7777804969871258)	(28.0, 1.7777804969871258)	(29.0, 0.25603342813751867)	(30.0, 0.5925934989957086)	(31.0, 1.0441259827410956)	(32.0, 0.9805148857208809)	(33.0, 6.364824440613778)	(34.0, 7.408340780872578)	(35.0, 2.7922767169085683)	(36.0, 5.71763825584771)	(37.0, 9.392705996373786)	(38.0, 10.420998762613708)	(39.0, 10.743270227804317)	(40.0, 7.010924299167373)	(41.0, 10.165227259038762)	(42.0, 3.0959201082332153)	(43.0, 3.99602984149617)	(44.0, 2.5454584388679304)	(45.0, 1.6000024472884133)	(46.0, 0.8258077147295037)	(47.0, 1.212123066127586)	(48.0, 2.07407724648498)	(49.0, 1.1851869979914171)	(50.0, 1.1851869979914171)	(51.0, 2.4004132977752435)	(52.0, 2.28571778184059)	(53.0, 0.0)	(54.0, 0.0)	(55.0, 0.0)	(56.0, 0.0)	(57.0, 0.0)	(58.0, 0.0)	(59.0, 0.0)	(60.0, 0.0)	(61.0, 0.0)	(62.0, 0.0)	(63.0, 0.0)	(64.0, 0.0)	(65.0, 0.0)	(66.0, 0.0)	(67.0, 0.0)	(68.0, 0.0)	(69.0, 0.0)	(70.0, 0.0)	(71.0, 0.0)	(72.0, 0.0)	(73.0, 0.0)	(74.0, 0.0)	(75.0, 0.0)	(76.0, 0.0)	(77.0, 0.0)	(78.0, 0.0)	(79.0, 0.0)	(80.0, 0.0)	(81.0, 0.0)	(82.0, 0.0)	(83.0, 0.0)	(84.0, 0.0)	(85.0, 0.0)	(86.0, 0.0)	(87.0, 0.0)	(88.0, 0.0)	(89.0, 0.0)	(90.0, 0.0)	(91.0, 0.0)	(92.0, 0.0)	(93.0, 0.0)	(94.0, 0.0)	(95.0, 0.0)	(96.0, 0.0)	(97.0, 0.0)	(98.0, 0.0)	(99.0, 0.0)	(100.0, 0.0)
FAY99780_pass_barcode08_98e12ebb_5ad7f319_35	(0.0, 0.0)	(1.0, 0.0)	(2.0, 0.0)	(3.0, 0.0)	(4.0, 0.0)	(5.0, 0.0)	(6.0, 0.0)	(7.0, 0.0)	(8.0, 0.0)	(9.0, 0.0)	(10.0, 0.0)	(11.0, 0.0)	(12.0, 0.0)	(13.0, 0.0)	(14.0, 0.0)	(15.0, 0.0)	(16.0, 0.0)	(17.0, 0.0)	(18.0, 0.0)	(19.0, 0.0)	(20.0, 0.0)	(21.0, 0.0)	(22.0, 0.0)	(23.0, 0.0)	(24.0, 0.0)	(25.0, 0.0)	(26.0, 0.30471201908777645)	(27.0, 0.0)	(28.0, 0.0)	(29.0, 0.0)	(30.0, 0.0)	(31.0, 0.6094240381755529)	(32.0, 0.6253094988862901)	(33.0, 2.048825575961621)	(34.0, 1.4733532111064067)	(35.0, 3.7148234624915446)	(36.0, 6.569751880636831)	(37.0, 8.602223029463927)	(38.0, 8.687205277088749)	(39.0, 14.227773261111148)	(40.0, 9.953149744734768)	(41.0, 7.292103556807645)	(42.0, 8.128211146578773)	(43.0, 7.38080224012614)	(44.0, 2.7931935083046167)	(45.0, 4.07008196924387)	(46.0, 4.748428964117848)	(47.0, 3.6311515607960017)	(48.0, 0.6703664419931082)	(49.0, 1.1172774033218469)	(50.0, 1.6759161049827702)	(51.0, 1.6759161049827702)	(52.0, 0.0)	(53.0, 0.0)	(54.0, 0.0)	(55.0, 0.0)	(56.0, 0.0)	(57.0, 0.0)	(58.0, 0.0)	(59.0, 0.0)	(60.0, 0.0)	(61.0, 0.0)	(62.0, 0.0)	(63.0, 0.0)	(64.0, 0.0)	(65.0, 0.0)	(66.0, 0.0)	(67.0, 0.0)	(68.0, 0.0)	(69.0, 0.0)	(70.0, 0.0)	(71.0, 0.0)	(72.0, 0.0)	(73.0, 0.0)	(74.0, 0.0)	(75.0, 0.0)	(76.0, 0.0)	(77.0, 0.0)	(78.0, 0.0)	(79.0, 0.0)	(80.0, 0.0)	(81.0, 0.0)	(82.0, 0.0)	(83.0, 0.0)	(84.0, 0.0)	(85.0, 0.0)	(86.0, 0.0)	(87.0, 0.0)	(88.0, 0.0)	(89.0, 0.0)	(90.0, 0.0)	(91.0, 0.0)	(92.0, 0.0)	(93.0, 0.0)	(94.0, 0.0)	(95.0, 0.0)	(96.0, 0.0)	(97.0, 0.0)	(98.0, 0.0)	(99.0, 0.0)	(100.0, 0.0)
FAY99780_pass_barcode08_98e12ebb_5ad7f319_36	(0.0, 0.0)	(1.0, 0.0)	(2.0, 0.0)	(3.0, 0.0)	(4.0, 0.0)	(5.0, 0.0)	(6.0, 0.0)	(7.0, 0.0)	(8.0, 0.0)	(9.0, 0.0)	(10.0, 0.0)	(11.0, 0.0)	(12.0, 0.0)	(13.0, 0.0)	(14.0, 0.0)	(15.0, 0.0)	(16.0, 0.0)	(17.0, 0.0)	(18.0, 0.0)	(19.0, 0.0)	(20.0, 0.0)	(21.0, 0.0)	(22.0, 0.0)	(23.0, 0.0)	(24.0, 0.0)	(25.0, 0.0)	(26.0, 0.0)	(27.0, 1.2542095384618563)	(28.0, 1.8813143076927843)	(29.0, 0.0)	(30.0, 2.3544203839779096)	(31.0, 1.7558933538465986)	(32.0, 0.22803809790215568)	(33.0, 1.73742755884648)	(34.0, 1.233948313735358)	(35.0, 3.90391679403257)	(36.0, 7.071328067547913)	(37.0, 7.022900031062503)	(38.0, 8.71988130588133)	(39.0, 11.614622144115991)	(40.0, 14.391404706634683)	(41.0, 14.044802885167174)	(42.0, 4.946254933068186)	(43.0, 3.7626286153855686)	(44.0, 2.5084190769237127)	(45.0, 4.222505446154916)	(46.0, 3.3445587692316163)	(47.0, 1.373658065934414)	(48.0, 0.11944852747255773)	(49.0, 0.0)	(50.0, 0.0)	(51.0, 0.0)	(52.0, 1.2542095384618563)	(53.0, 1.2542095384618563)	(54.0, 0.0)	(55.0, 0.0)	(56.0, 0.0)	(57.0, 0.0)	(58.0, 0.0)	(59.0, 0.0)	(60.0, 0.0)	(61.0, 0.0)	(62.0, 0.0)	(63.0, 0.0)	(64.0, 0.0)	(65.0, 0.0)	(66.0, 0.0)	(67.0, 0.0)	(68.0, 0.0)	(69.0, 0.0)	(70.0, 0.0)	(71.0, 0.0)	(72.0, 0.0)	(73.0, 0.0)	(74.0, 0.0)	(75.0, 0.0)	(76.0, 0.0)	(77.0, 0.0)	(78.0, 0.0)	(79.0, 0.0)	(80.0, 0.0)	(81.0, 0.0)	(82.0, 0.0)	(83.0, 0.0)	(84.0, 0.0)	(85.0, 0.0)	(86.0, 0.0)	(87.0, 0.0)	(88.0, 0.0)	(89.0, 0.0)	(90.0, 0.0)	(91.0, 0.0)	(92.0, 0.0)	(93.0, 0.0)	(94.0, 0.0)	(95.0, 0.0)	(96.0, 0.0)	(97.0, 0.0)	(98.0, 0.0)	(99.0, 0.0)	(100.0, 0.0)
FAY99780_pass_barcode08_98e12ebb_5ad7f319_37	(0.0, 0.0)	(1.0, 0.0)	(2.0, 0.0)	(3.0, 0.0)	(4.0, 0.0)	(5.0, 0.0)	(6.0, 0.0)	(7.0, 0.0)	(8.0, 0.0)	(9.0, 0.0)	(10.0, 0.0)	(11.0, 0.0)	(12.0, 0.0)	(13.0, 0.0)	(14.0, 0.0)	(15.0, 0.0)	(16.0, 0.0)	(17.0, 0.0)	(18.0, 0.0)	(19.0, 0.0)	(20.0, 0.0)	(21.0, 0.0)	(22.0, 0.0)	(23.0, 0.0)	(24.0, 0.0)	(25.0, 0.0)	(26.0, 0.0)	(27.0, 0.0)	(28.0, 2.5448082188303656)	(29.0, 2.5448082188303656)	(30.0, 0.0)	(31.0, 0.18850431250595298)	(32.0, 2.1041688534569123)	(33.0, 0.4875683390916439)	(34.0, 4.052013521022392)	(35.0, 10.556760554801144)	(36.0, 8.998709534186094)	(37.0, 7.632927274845369)	(38.0, 6.228370681368175)	(39.0, 6.613843888931567)	(40.0, 13.22920784406612)	(41.0, 7.3974410034647065)	(42.0, 7.798112407990374)	(43.0, 8.101857307655967)	(44.0, 3.2438450443732747)	(45.0, 0.0)	(46.0, 0.3598718693295466)	(47.0, 0.0)	(48.0, 1.9792952813125066)	(49.0, 1.9792952813125066)	(50.0, 0.0)	(51.0, 0.0)	(52.0, 0.0)	(53.0, 0.0)	(54.0, 0.0)	(55.0, 0.0)	(56.0, 0.0)	(57.0, 0.0)	(58.0, 0.0)	(59.0, 0.0)	(60.0, 1.9792952813125066)	(61.0, 1.9792952813125066)	(62.0, 0.0)	(63.0, 0.0)	(64.0, 0.0)	(65.0, 0.0)	(66.0, 0.0)	(67.0, 0.0)	(68.0, 0.0)	(69.0, 0.0)	(70.0, 0.0)	(71.0, 0.0)	(72.0, 0.0)	(73.0, 0.0)	(74.0, 0.0)	(75.0, 0.0)	(76.0, 0.0)	(77.0, 0.0)	(78.0, 0.0)	(79.0, 0.0)	(80.0, 0.0)	(81.0, 0.0)	(82.0, 0.0)	(83.0, 0.0)	(84.0, 0.0)	(85.0, 0.0)	(86.0, 0.0)	(87.0, 0.0)	(88.0, 0.0)	(89.0, 0.0)	(90.0, 0.0)	(91.0, 0.0)	(92.0, 0.0)	(93.0, 0.0)	(94.0, 0.0)	(95.0, 0.0)	(96.0, 0.0)	(97.0, 0.0)	(98.0, 0.0)	(99.0, 0.0)	(100.0, 0.0)
FAY99780_pass_barcode08_98e12ebb_5ad7f319_38	(0.0, 0.0)	(1.0, 0.0)	(2.0, 0.0)	(3.0, 0.0)	(4.0, 0.0)	(5.0, 0.0)	(6.0, 0.0)	(7.0, 0.0)	(8.0, 0.0)	(9.0, 0.0)	(10.0, 0.0)	(11.0, 0.0)	(12.0, 0.0)	(13.0, 0.0)	(14.0, 0.0)	(15.0, 0.0)	(16.0, 0.0)	(17.0, 0.0)	(18.0, 0.0)	(19.0, 0.0)	(20.0, 0.0)	(21.0, 0.0)	(22.0, 0.0)	(23.0, 0.0)	(24.0, 0.0)	(25.0, 0.0)	(26.0, 0.0)	(27.0, 0.4047224383203445)	(28.0, 0.6070836574805167)	(29.0, 0.0)	(30.0, 0.0)	(31.0, 0.33113654044391827)	(32.0, 1.7420343304458508)	(33.0, 1.9978571273449734)	(34.0, 4.729595868288023)	(35.0, 7.555602253442638)	(36.0, 6.586233158224999)	(37.0, 8.913165620582523)	(38.0, 7.50947333617875)	(39.0, 7.731365866007989)	(40.0, 9.04738614390661)	(41.0, 7.00038414905131)	(42.0, 8.568316574283532)	(43.0, 10.554977226649894)	(44.0, 9.191251515920937)	(45.0, 6.618788707206413)	(46.0, 0.9106254862207752)	(47.0, 0.0)	(48.0, 0.0)	(49.0, 0.0)	(50.0, 0.0)	(51.0, 0.0)	(52.0, 0.0)	(53.0, 0.0)	(54.0, 0.0)	(55.0, 0.0)	(56.0, 0.0)	(57.0, 0.0)	(58.0, 0.0)	(59.0, 0.0)	(60.0, 0.0)	(61.0, 0.0)	(62.0, 0.0)	(63.0, 0.0)	(64.0, 0.0)	(65.0, 0.0)	(66.0, 0.0)	(67.0, 0.0)	(68.0, 0.0)	(69.0, 0.0)	(70.0, 0.0)	(71.0, 0.0)	(72.0, 0.0)	(73.0, 0.0)	(74.0, 0.0)	(75.0, 0.0)	(76.0, 0.0)	(77.0, 0.0)	(78.0, 0.0)	(79.0, 0.0)	(80.0, 0.0)	(81.0, 0.0)	(82.0, 0.0)	(83.0, 0.0)	(84.0, 0.0)	(85.0, 0.0)	(86.0, 0.0)	(87.0, 0.0)	(88.0, 0.0)	(89.0, 0.0)	(90.0, 0.0)	(91.0, 0.0)	(92.0, 0.0)	(93.0, 0.0)	(94.0, 0.0)	(95.0, 0.0)	(96.0, 0.0)	(97.0, 0.0)	(98.0, 0.0)	(99.0, 0.0)	(100.0, 0.0)
FAY99780_pass_barcode08_98e12ebb_5ad7f319_39	(0.0, 0.0)	(1.0, 0.0)	(2.0, 0.0)	(3.0, 0.0)	(4.0, 0.0)	(5.0, 0.0)	(6.0, 0.0)	(7.0, 0.0)	(8.0, 0.0)	(9.0, 0.0)	(10.0, 0.0)	(11.0, 0.0)	(12.0, 0.0)	(13.0, 0.0)	(14.0, 0.0)	(15.0, 0.0)	(16.0, 0.0)	(17.0, 0.0)	(18.0, 0.0)	(19.0, 0.0)	(20.0, 0.0)	(21.0, 0.0)	(22.0, 0.0)	(23.0, 0.0)	(24.0, 0.0)	(25.0, 0.3674212025691881)	(26.0, 2.020816614130535)	(27.0, 2.6153709237424936)	(28.0, 0.0)	(29.0, 0.0806534347103096)	(30.0, 0.5387370119394272)	(31.0, 0.5248874322416973)	(32.0, 1.029155900502365)	(33.0, 2.9365278806748814)	(34.0, 2.196663735822848)	(35.0, 3.982899981568702)	(36.0, 6.8542840988312035)	(37.0, 6.980453057835898)	(38.0, 5.907242656999216)	(39.0, 9.449807789359971)	(40.0, 11.753494873339998)	(41.0, 11.646683187513212)	(42.0, 4.330968184308386)	(43.0, 0.8857475419078642)	(44.0, 1.6533954115613467)	(45.0, 3.968148987747232)	(46.0, 3.6074081706793013)	(47.0, 3.938087252991571)	(48.0, 3.6374699054349624)	(49.0, 4.409054430830257)	(50.0, 2.7556590192689105)	(51.0, 0.0)	(52.0, 0.8266977057806734)	(53.0, 0.0)	(54.0, 0.0)	(55.0, 0.0)	(56.0, 0.0)	(57.0, 0.0)	(58.0, 0.0)	(59.0, 1.1022636077075643)	(60.0, 0.0)	(61.0, 0.0)	(62.0, 0.0)	(63.0, 0.0)	(64.0, 0.0)	(65.0, 0.0)	(66.0, 0.0)	(67.0, 0.0)	(68.0, 0.0)	(69.0, 0.0)	(70.0, 0.0)	(71.0, 0.0)	(72.0, 0.0)	(73.0, 0.0)	(74.0, 0.0)	(75.0, 0.0)	(76.0, 0.0)	(77.0, 0.0)	(78.0, 0.0)	(79.0, 0.0)	(80.0, 0.0)	(81.0, 0.0)	(82.0, 0.0)	(83.0, 0.0)	(84.0, 0.0)	(85.0, 0.0)	(86.0, 0.0)	(87.0, 0.0)	(88.0, 0.0)	(89.0, 0.0)	(90.0, 0.0)	(91.0, 0.0)	(92.0, 0.0)	(93.0, 0.0)	(94.0, 0.0)	(95.0, 0.0)	(96.0, 0.0)	(97.0, 0.0)	(98.0, 0.0)	(99.0, 0.0)	(100.0, 0.0)
FAY99780_pass_barcode08_98e12ebb_5ad7f319_4	(0.0, 0.0)	(1.0, 0.0)	(2.0, 0.0)	(3.0, 0.0)	(4.0, 0.0)	(5.0, 0.0)	(6.0, 0.0)	(7.0, 0.0)	(8.0, 0.0)	(9.0, 0.0)	(10.0, 0.0)	(11.0, 0.0)	(12.0, 0.0)	(13.0, 0.0)	(14.0, 0.0)	(15.0, 0.0)	(16.0, 0.0)	(17.0, 0.0)	(18.0, 0.0)	(19.0, 0.0)	(20.0, 0.0)	(21.0, 0.0)	(22.0, 0.0)	(23.0, 0.15676061135835756)	(24.0, 0.0)	(25.0, 0.0)	(26.0, 1.0346200349651598)	(27.0, 1.4630990393446703)	(28.0, 0.2388733125460686)	(29.0, 0.15676061135835756)	(30.0, 2.3798556917533156)	(31.0, 0.8070803621138172)	(32.0, 2.5904856088424584)	(33.0, 2.4003511554344072)	(34.0, 4.763469767764375)	(35.0, 4.17591577841703)	(36.0, 3.5548870186050614)	(37.0, 8.549050962661171)	(38.0, 10.396122502658061)	(39.0, 11.221971919521273)	(40.0, 12.721077235948194)	(41.0, 8.886616452983427)	(42.0, 8.81518375203715)	(43.0, 6.0052377534530805)	(44.0, 3.3599024367807964)	(45.0, 0.8621833624709665)	(46.0, 1.724366724941933)	(47.0, 1.436972270784944)	(48.0, 1.436972270784944)	(49.0, 0.8621833624709665)	(50.0, 0.0)	(51.0, 0.0)	(52.0, 0.0)	(53.0, 0.0)	(54.0, 0.0)	(55.0, 0.0)	(56.0, 0.0)	(57.0, 0.0)	(58.0, 0.0)	(59.0, 0.0)	(60.0, 0.0)	(61.0, 0.0)	(62.0, 0.0)	(63.0, 0.0)	(64.0, 0.0)	(65.0, 0.0)	(66.0, 0.0)	(67.0, 0.0)	(68.0, 0.0)	(69.0, 0.0)	(70.0, 0.0)	(71.0, 0.0)	(72.0, 0.0)	(73.0, 0.0)	(74.0, 0.0)	(75.0, 0.0)	(76.0, 0.0)	(77.0, 0.0)	(78.0, 0.0)	(79.0, 0.0)	(80.0, 0.0)	(81.0, 0.0)	(82.0, 0.0)	(83.0, 0.0)	(84.0, 0.0)	(85.0, 0.0)	(86.0, 0.0)	(87.0, 0.0)	(88.0, 0.0)	(89.0, 0.0)	(90.0, 0.0)	(91.0, 0.0)	(92.0, 0.0)	(93.0, 0.0)	(94.0, 0.0)	(95.0, 0.0)	(96.0, 0.0)	(97.0, 0.0)	(98.0, 0.0)	(99.0, 0.0)	(100.0, 0.0)
FAY99780_pass_barcode08_98e12ebb_5ad7f319_40	(0.0, 0.0)	(1.0, 0.0)	(2.0, 0.0)	(3.0, 0.0)	(4.0, 0.0)	(5.0, 0.0)	(6.0, 0.0)	(7.0, 0.0)	(8.0, 0.0)	(9.0, 0.0)	(10.0, 0.0)	(11.0, 0.0)	(12.0, 0.0)	(13.0, 0.0)	(14.0, 0.0)	(15.0, 0.0)	(16.0, 0.0)	(17.0, 0.0)	(18.0, 0.0)	(19.0, 0.0)	(20.0, 0.0)	(21.0, 0.0)	(22.0, 0.0)	(23.0, 0.0)	(24.0, 0.0)	(25.0, 0.2798711164175281)	(26.0, 0.0)	(27.0, 0.9329037213917603)	(28.0, 0.9329037213917603)	(29.0, 1.3993555820876404)	(30.0, 4.288347751558898)	(31.0, 4.331338706461745)	(32.0, 3.165925650073446)	(33.0, 2.3767842538185526)	(34.0, 2.9757193944811444)	(35.0, 4.614453354184087)	(36.0, 6.124937368418438)	(37.0, 9.128770521262918)	(38.0, 10.893478157045463)	(39.0, 12.007682002207938)	(40.0, 10.862367945605401)	(41.0, 5.926219978705684)	(42.0, 4.959998267264218)	(43.0, 6.483680863672733)	(44.0, 4.195946510532486)	(45.0, 0.13327196019882287)	(46.0, 1.8658074427835205)	(47.0, 1.8658074427835205)	(48.0, 0.2544282876522983)	(49.0, 0.0)	(50.0, 0.0)	(51.0, 0.0)	(52.0, 0.0)	(53.0, 0.0)	(54.0, 0.0)	(55.0, 0.0)	(56.0, 0.0)	(57.0, 0.0)	(58.0, 0.0)	(59.0, 0.0)	(60.0, 0.0)	(61.0, 0.0)	(62.0, 0.0)	(63.0, 0.0)	(64.0, 0.0)	(65.0, 0.0)	(66.0, 0.0)	(67.0, 0.0)	(68.0, 0.0)	(69.0, 0.0)	(70.0, 0.0)	(71.0, 0.0)	(72.0, 0.0)	(73.0, 0.0)	(74.0, 0.0)	(75.0, 0.0)	(76.0, 0.0)	(77.0, 0.0)	(78.0, 0.0)	(79.0, 0.0)	(80.0, 0.0)	(81.0, 0.0)	(82.0, 0.0)	(83.0, 0.0)	(84.0, 0.0)	(85.0, 0.0)	(86.0, 0.0)	(87.0, 0.0)	(88.0, 0.0)	(89.0, 0.0)	(90.0, 0.0)	(91.0, 0.0)	(92.0, 0.0)	(93.0, 0.0)	(94.0, 0.0)	(95.0, 0.0)	(96.0, 0.0)	(97.0, 0.0)	(98.0, 0.0)	(99.0, 0.0)	(100.0, 0.0)
FAY99780_pass_barcode08_98e12ebb_5ad7f319_41	(0.0, 0.0)	(1.0, 0.0)	(2.0, 0.0)	(3.0, 0.0)	(4.0, 0.0)	(5.0, 0.0)	(6.0, 0.0)	(7.0, 0.0)	(8.0, 0.0)	(9.0, 0.0)	(10.0, 0.0)	(11.0, 0.0)	(12.0, 0.0)	(13.0, 0.0)	(14.0, 0.0)	(15.0, 0.0)	(16.0, 0.0)	(17.0, 0.0)	(18.0, 0.0)	(19.0, 0.0)	(20.0, 0.0)	(21.0, 0.0)	(22.0, 0.0)	(23.0, 0.0)	(24.0, 0.0)	(25.0, 0.0)	(26.0, 0.0)	(27.0, 0.9253689187497172)	(28.0, 0.0)	(29.0, 1.494198636451749)	(30.0, 0.613568006305722)	(31.0, 1.673829073620812)	(32.0, 1.7963043716906275)	(33.0, 1.5241370426465928)	(34.0, 1.166431410188719)	(35.0, 4.569032346383209)	(36.0, 7.6307494164205725)	(37.0, 11.363291438991151)	(38.0, 11.056470688757909)	(39.0, 11.907291093229444)	(40.0, 13.538476652789951)	(41.0, 6.7010439325906255)	(42.0, 4.054948809949801)	(43.0, 2.4495059613963104)	(44.0, 3.2932246814328168)	(45.0, 2.993840619484379)	(46.0, 4.063069412157371)	(47.0, 0.0)	(48.0, 0.0)	(49.0, 0.0)	(50.0, 0.0)	(51.0, 0.0)	(52.0, 0.0)	(53.0, 0.0)	(54.0, 0.0)	(55.0, 0.0)	(56.0, 0.0)	(57.0, 0.0)	(58.0, 0.0)	(59.0, 0.0)	(60.0, 0.0)	(61.0, 0.0)	(62.0, 0.0)	(63.0, 1.7963043716906275)	(64.0, 3.592608743381255)	(65.0, 1.7963043716906275)	(66.0, 0.0)	(67.0, 0.0)	(68.0, 0.0)	(69.0, 0.0)	(70.0, 0.0)	(71.0, 0.0)	(72.0, 0.0)	(73.0, 0.0)	(74.0, 0.0)	(75.0, 0.0)	(76.0, 0.0)	(77.0, 0.0)	(78.0, 0.0)	(79.0, 0.0)	(80.0, 0.0)	(81.0, 0.0)	(82.0, 0.0)	(83.0, 0.0)	(84.0, 0.0)	(85.0, 0.0)	(86.0, 0.0)	(87.0, 0.0)	(88.0, 0.0)	(89.0, 0.0)	(90.0, 0.0)	(91.0, 0.0)	(92.0, 0.0)	(93.0, 0.0)	(94.0, 0.0)	(95.0, 0.0)	(96.0, 0.0)	(97.0, 0.0)	(98.0, 0.0)	(99.0, 0.0)	(100.0, 0.0)
FAY99780_pass_barcode08_98e12ebb_5ad7f319_42	(0.0, 0.0)	(1.0, 0.0)	(2.0, 0.0)	(3.0, 0.0)	(4.0, 0.0)	(5.0, 0.0)	(6.0, 0.0)	(7.0, 0.0)	(8.0, 0.0)	(9.0, 0.0)	(10.0, 0.0)	(11.0, 0.0)	(12.0, 0.0)	(13.0, 0.0)	(14.0, 0.0)	(15.0, 0.0)	(16.0, 0.0)	(17.0, 0.0)	(18.0, 0.0)	(19.0, 0.0)	(20.0, 0.0)	(21.0, 0.0)	(22.0, 0.0)	(23.0, 0.0)	(24.0, 0.0)	(25.0, 0.0)	(26.0, 0.0)	(27.0, 0.0)	(28.0, 0.0)	(29.0, 0.8782794372702766)	(30.0, 0.28061770038743095)	(31.0, 1.6653214273492343)	(32.0, 0.0)	(33.0, 0.09698199730817579)	(34.0, 5.413577748882915)	(35.0, 6.008006925814301)	(36.0, 9.315120948305994)	(37.0, 10.434594988187348)	(38.0, 13.354708251857094)	(39.0, 11.401858615305581)	(40.0, 7.806043574660233)	(41.0, 11.082187420316494)	(42.0, 2.970969948296985)	(43.0, 3.419966899673653)	(44.0, 4.454131431870688)	(45.0, 6.147956060891937)	(46.0, 1.7565588745405532)	(47.0, 0.0)	(48.0, 1.7565588745405532)	(49.0, 1.7565588745405532)	(50.0, 0.0)	(51.0, 0.0)	(52.0, 0.0)	(53.0, 0.0)	(54.0, 0.0)	(55.0, 0.0)	(56.0, 0.0)	(57.0, 0.0)	(58.0, 0.0)	(59.0, 0.0)	(60.0, 0.0)	(61.0, 0.0)	(62.0, 0.0)	(63.0, 0.0)	(64.0, 0.0)	(65.0, 0.0)	(66.0, 0.0)	(67.0, 0.0)	(68.0, 0.0)	(69.0, 0.0)	(70.0, 0.0)	(71.0, 0.0)	(72.0, 0.0)	(73.0, 0.0)	(74.0, 0.0)	(75.0, 0.0)	(76.0, 0.0)	(77.0, 0.0)	(78.0, 0.0)	(79.0, 0.0)	(80.0, 0.0)	(81.0, 0.0)	(82.0, 0.0)	(83.0, 0.0)	(84.0, 0.0)	(85.0, 0.0)	(86.0, 0.0)	(87.0, 0.0)	(88.0, 0.0)	(89.0, 0.0)	(90.0, 0.0)	(91.0, 0.0)	(92.0, 0.0)	(93.0, 0.0)	(94.0, 0.0)	(95.0, 0.0)	(96.0, 0.0)	(97.0, 0.0)	(98.0, 0.0)	(99.0, 0.0)	(100.0, 0.0)
FAY99780_pass_barcode08_98e12ebb_5ad7f319_43	(0.0, 0.0)	(1.0, 0.0)	(2.0, 0.0)	(3.0, 0.0)	(4.0, 0.0)	(5.0, 0.0)	(6.0, 0.0)	(7.0, 0.0)	(8.0, 0.0)	(9.0, 0.0)	(10.0, 0.0)	(11.0, 0.0)	(12.0, 0.0)	(13.0, 0.0)	(14.0, 0.0)	(15.0, 0.0)	(16.0, 0.0)	(17.0, 0.0)	(18.0, 0.0)	(19.0, 0.0)	(20.0, 0.0)	(21.0, 0.0)	(22.0, 0.0)	(23.0, 0.0)	(24.0, 0.0)	(25.0, 0.0)	(26.0, 0.0)	(27.0, 0.0)	(28.0, 0.0)	(29.0, 0.0)	(30.0, 0.0)	(31.0, 0.5226993308951877)	(32.0, 2.210609436288343)	(33.0, 2.145865892720475)	(34.0, 3.123174192599699)	(35.0, 6.243455821441053)	(36.0, 8.521825507317484)	(37.0, 9.475559221446868)	(38.0, 13.193815723766317)	(39.0, 14.354997710172135)	(40.0, 4.76735912974395)	(41.0, 5.147886840917009)	(42.0, 5.292013258657384)	(43.0, 4.4782021491773465)	(44.0, 2.229658371058516)	(45.0, 1.0906322577332281)	(46.0, 7.3865548364659555)	(47.0, 4.089870966499606)	(48.0, 0.8179741932999212)	(49.0, 0.8179741932999212)	(50.0, 0.0)	(51.0, 0.0)	(52.0, 1.6359483865998423)	(53.0, 1.6359483865998423)	(54.0, 0.0)	(55.0, 0.0)	(56.0, 0.0)	(57.0, 0.0)	(58.0, 0.0)	(59.0, 0.0)	(60.0, 0.0)	(61.0, 0.0)	(62.0, 0.8179741932999212)	(63.0, 0.0)	(64.0, 0.0)	(65.0, 0.0)	(66.0, 0.0)	(67.0, 0.0)	(68.0, 0.0)	(69.0, 0.0)	(70.0, 0.0)	(71.0, 0.0)	(72.0, 0.0)	(73.0, 0.0)	(74.0, 0.0)	(75.0, 0.0)	(76.0, 0.0)	(77.0, 0.0)	(78.0, 0.0)	(79.0, 0.0)	(80.0, 0.0)	(81.0, 0.0)	(82.0, 0.0)	(83.0, 0.0)	(84.0, 0.0)	(85.0, 0.0)	(86.0, 0.0)	(87.0, 0.0)	(88.0, 0.0)	(89.0, 0.0)	(90.0, 0.0)	(91.0, 0.0)	(92.0, 0.0)	(93.0, 0.0)	(94.0, 0.0)	(95.0, 0.0)	(96.0, 0.0)	(97.0, 0.0)	(98.0, 0.0)	(99.0, 0.0)	(100.0, 0.0)
FAY99780_pass_barcode08_98e12ebb_5ad7f319_44	(0.0, 0.0)	(1.0, 0.0)	(2.0, 0.0)	(3.0, 0.0)	(4.0, 0.0)	(5.0, 0.0)	(6.0, 0.0)	(7.0, 0.0)	(8.0, 0.0)	(9.0, 0.0)	(10.0, 0.0)	(11.0, 0.0)	(12.0, 0.0)	(13.0, 0.0)	(14.0, 0.0)	(15.0, 0.0)	(16.0, 0.0)	(17.0, 0.0)	(18.0, 0.0)	(19.0, 0.0)	(20.0, 0.0)	(21.0, 0.0)	(22.0, 0.0)	(23.0, 0.0)	(24.0, 0.0)	(25.0, 0.0)	(26.0, 0.0)	(27.0, 0.2776755368951114)	(28.0, 0.0)	(29.0, 0.0)	(30.0, 0.0744983147767372)	(31.0, 0.35108401216623275)	(32.0, 0.7885211239355949)	(33.0, 1.1902798929101421)	(34.0, 1.8984177461051612)	(35.0, 5.615017362203724)	(36.0, 9.02572019166536)	(37.0, 8.923205715380295)	(38.0, 9.992807785348603)	(39.0, 10.093181924093935)	(40.0, 16.091765554371705)	(41.0, 9.333404979721243)	(42.0, 6.179997012700569)	(43.0, 7.051966938789775)	(44.0, 3.586642351561855)	(45.0, 2.121132573504323)	(46.0, 1.5272154529231123)	(47.0, 1.5272154529231123)	(48.0, 0.0)	(49.0, 1.018143635282075)	(50.0, 0.0)	(51.0, 0.0)	(52.0, 1.5272154529231123)	(53.0, 1.804890989818224)	(54.0, 0.0)	(55.0, 0.0)	(56.0, 0.0)	(57.0, 0.0)	(58.0, 0.0)	(59.0, 0.0)	(60.0, 0.0)	(61.0, 0.0)	(62.0, 0.0)	(63.0, 0.0)	(64.0, 0.0)	(65.0, 0.0)	(66.0, 0.0)	(67.0, 0.0)	(68.0, 0.0)	(69.0, 0.0)	(70.0, 0.0)	(71.0, 0.0)	(72.0, 0.0)	(73.0, 0.0)	(74.0, 0.0)	(75.0, 0.0)	(76.0, 0.0)	(77.0, 0.0)	(78.0, 0.0)	(79.0, 0.0)	(80.0, 0.0)	(81.0, 0.0)	(82.0, 0.0)	(83.0, 0.0)	(84.0, 0.0)	(85.0, 0.0)	(86.0, 0.0)	(87.0, 0.0)	(88.0, 0.0)	(89.0, 0.0)	(90.0, 0.0)	(91.0, 0.0)	(92.0, 0.0)	(93.0, 0.0)	(94.0, 0.0)	(95.0, 0.0)	(96.0, 0.0)	(97.0, 0.0)	(98.0, 0.0)	(99.0, 0.0)	(100.0, 0.0)
FAY99780_pass_barcode08_98e12ebb_5ad7f319_45	(0.0, 1.3577971637127275)	(1.0, 1.3577971637127275)	(2.0, 1.3577971637127275)	(3.0, 1.3577971637127275)	(4.0, 1.3577971637127275)	(5.0, 1.3577971637127275)	(6.0, 1.3577971637127275)	(7.0, 1.3577971637127275)	(8.0, 1.3577971637127275)	(9.0, 1.3577971637127275)	(10.0, 1.3577971637127275)	(11.0, 1.3577971637127275)	(12.0, 1.3577971637127275)	(13.0, 1.3577971637127275)	(14.0, 1.3577971637127275)	(15.0, 1.3577971637127275)	(16.0, 1.3577971637127275)	(17.0, 1.3577971637127275)	(18.0, 1.3577971637127275)	(19.0, 1.3577971637127275)	(20.0, 1.3577971637127275)	(21.0, 1.3577971637127275)	(22.0, 1.3577971637127275)	(23.0, 1.3577971637127275)	(24.0, 1.3577971637127275)	(25.0, 1.3577971637127275)	(26.0, 1.3577971637127275)	(27.0, 1.422454171508572)	(28.0, 1.3577971637127275)	(29.0, 1.3577971637127275)	(30.0, 1.4812332695047936)	(31.0, 1.55176818710026)	(32.0, 1.8795401801249938)	(33.0, 1.9535440187699287)	(34.0, 2.088421351805767)	(35.0, 3.8472253414707303)	(36.0, 4.089512053161588)	(37.0, 5.153040591777163)	(38.0, 5.563163333619866)	(39.0, 4.779885553327692)	(40.0, 4.895417176615346)	(41.0, 2.0626119842310615)	(42.0, 3.6515399277249743)	(43.0, 2.4070040629452896)	(44.0, 1.4015970722195898)	(45.0, 2.0366957455690913)	(46.0, 2.9871537601680007)	(47.0, 2.4316912841037026)	(48.0, 2.0366957455690913)	(49.0, 2.0366957455690913)	(50.0, 0.743555589652208)	(51.0, 0.0)	(52.0, 0.12343610579206615)	(53.0, 0.0)	(54.0, 0.0)	(55.0, 0.0)	(56.0, 0.0)	(57.0, 0.0)	(58.0, 0.0)	(59.0, 0.0)	(60.0, 0.0)	(61.0, 0.0)	(62.0, 0.0)	(63.0, 0.0)	(64.0, 0.0)	(65.0, 0.0)	(66.0, 0.0)	(67.0, 0.0)	(68.0, 0.0)	(69.0, 0.0)	(70.0, 0.0)	(71.0, 0.0)	(72.0, 0.0)	(73.0, 0.0)	(74.0, 0.0)	(75.0, 0.0)	(76.0, 0.0)	(77.0, 0.0)	(78.0, 0.0)	(79.0, 0.0)	(80.0, 0.0)	(81.0, 0.0)	(82.0, 0.0)	(83.0, 0.0)	(84.0, 0.0)	(85.0, 0.0)	(86.0, 0.0)	(87.0, 0.0)	(88.0, 0.0)	(89.0, 0.0)	(90.0, 0.0)	(91.0, 0.0)	(92.0, 0.0)	(93.0, 0.0)	(94.0, 0.0)	(95.0, 0.0)	(96.0, 0.0)	(97.0, 0.0)	(98.0, 0.0)	(99.0, 0.0)	(100.0, 0.0)
FAY99780_pass_barcode08_98e12ebb_5ad7f319_46	(0.0, 0.0)	(1.0, 0.0)	(2.0, 0.0)	(3.0, 0.0)	(4.0, 0.0)	(5.0, 0.0)	(6.0, 0.0)	(7.0, 0.0)	(8.0, 0.0)	(9.0, 0.0)	(10.0, 0.0)	(11.0, 0.0)	(12.0, 0.0)	(13.0, 0.0)	(14.0, 0.0)	(15.0, 0.0)	(16.0, 0.0)	(17.0, 0.0)	(18.0, 0.0)	(19.0, 0.0)	(20.0, 0.0)	(21.0, 0.0)	(22.0, 0.0)	(23.0, 0.0)	(24.0, 0.0)	(25.0, 0.0)	(26.0, 0.0)	(27.0, 0.1168615917378778)	(28.0, 0.0)	(29.0, 0.0)	(30.0, 0.0)	(31.0, 0.5175299062677445)	(32.0, 1.2263890506102313)	(33.0, 0.0)	(34.0, 2.205383123300048)	(35.0, 3.746102859725897)	(36.0, 3.5329642434372874)	(37.0, 8.59890597906002)	(38.0, 9.640979776026814)	(39.0, 10.038008074686704)	(40.0, 9.715568448480148)	(41.0, 8.244503553214802)	(42.0, 12.047207530195259)	(43.0, 7.926048928112668)	(44.0, 1.207569781291404)	(45.0, 2.1132471172599567)	(46.0, 2.1132471172599567)	(47.0, 1.811354671937106)	(48.0, 6.15860588458616)	(49.0, 5.434064015811318)	(50.0, 1.983864640693021)	(51.0, 0.17250996875591484)	(52.0, 0.7245418687748424)	(53.0, 0.7245418687748424)	(54.0, 0.0)	(55.0, 0.0)	(56.0, 0.0)	(57.0, 0.0)	(58.0, 0.0)	(59.0, 0.0)	(60.0, 0.0)	(61.0, 0.0)	(62.0, 0.0)	(63.0, 0.0)	(64.0, 0.0)	(65.0, 0.0)	(66.0, 0.0)	(67.0, 0.0)	(68.0, 0.0)	(69.0, 0.0)	(70.0, 0.0)	(71.0, 0.0)	(72.0, 0.0)	(73.0, 0.0)	(74.0, 0.0)	(75.0, 0.0)	(76.0, 0.0)	(77.0, 0.0)	(78.0, 0.0)	(79.0, 0.0)	(80.0, 0.0)	(81.0, 0.0)	(82.0, 0.0)	(83.0, 0.0)	(84.0, 0.0)	(85.0, 0.0)	(86.0, 0.0)	(87.0, 0.0)	(88.0, 0.0)	(89.0, 0.0)	(90.0, 0.0)	(91.0, 0.0)	(92.0, 0.0)	(93.0, 0.0)	(94.0, 0.0)	(95.0, 0.0)	(96.0, 0.0)	(97.0, 0.0)	(98.0, 0.0)	(99.0, 0.0)	(100.0, 0.0)
FAY99780_pass_barcode08_98e12ebb_5ad7f319_47	(0.0, 0.0)	(1.0, 0.0)	(2.0, 0.0)	(3.0, 0.0)	(4.0, 0.0)	(5.0, 0.0)	(6.0, 0.0)	(7.0, 0.0)	(8.0, 0.0)	(9.0, 0.0)	(10.0, 0.0)	(11.0, 0.0)	(12.0, 0.0)	(13.0, 0.0)	(14.0, 0.0)	(15.0, 0.0)	(16.0, 0.0)	(17.0, 0.0)	(18.0, 0.0)	(19.0, 0.0)	(20.0, 0.0)	(21.0, 0.0)	(22.0, 0.0)	(23.0, 0.0)	(24.0, 0.0)	(25.0, 0.0)	(26.0, 0.0)	(27.0, 0.0)	(28.0, 0.0)	(29.0, 0.0)	(30.0, 0.4926612286055813)	(31.0, 0.11198363292491363)	(32.0, 0.8347870818039017)	(33.0, 2.4137943624849862)	(34.0, 3.9113927505321313)	(35.0, 5.836834842899002)	(36.0, 8.050937373135257)	(37.0, 9.651854178793169)	(38.0, 16.15728573942164)	(39.0, 11.840396922684548)	(40.0, 7.397913828926166)	(41.0, 15.301961506963407)	(42.0, 12.934230797235452)	(43.0, 0.5491589528337432)	(44.0, 1.1478322374803647)	(45.0, 0.0)	(46.0, 1.530442983307153)	(47.0, 0.9182657899842919)	(48.0, 0.9182657899842919)	(49.0, 0.0)	(50.0, 0.0)	(51.0, 0.0)	(52.0, 0.0)	(53.0, 0.0)	(54.0, 0.0)	(55.0, 0.0)	(56.0, 0.0)	(57.0, 0.0)	(58.0, 0.0)	(59.0, 0.0)	(60.0, 0.0)	(61.0, 0.0)	(62.0, 0.0)	(63.0, 0.0)	(64.0, 0.0)	(65.0, 0.0)	(66.0, 0.0)	(67.0, 0.0)	(68.0, 0.0)	(69.0, 0.0)	(70.0, 0.0)	(71.0, 0.0)	(72.0, 0.0)	(73.0, 0.0)	(74.0, 0.0)	(75.0, 0.0)	(76.0, 0.0)	(77.0, 0.0)	(78.0, 0.0)	(79.0, 0.0)	(80.0, 0.0)	(81.0, 0.0)	(82.0, 0.0)	(83.0, 0.0)	(84.0, 0.0)	(85.0, 0.0)	(86.0, 0.0)	(87.0, 0.0)	(88.0, 0.0)	(89.0, 0.0)	(90.0, 0.0)	(91.0, 0.0)	(92.0, 0.0)	(93.0, 0.0)	(94.0, 0.0)	(95.0, 0.0)	(96.0, 0.0)	(97.0, 0.0)	(98.0, 0.0)	(99.0, 0.0)	(100.0, 0.0)
FAY99780_pass_barcode08_98e12ebb_5ad7f319_48	(0.0, 0.0)	(1.0, 0.0)	(2.0, 0.0)	(3.0, 0.0)	(4.0, 0.0)	(5.0, 0.0)	(6.0, 0.0)	(7.0, 0.0)	(8.0, 0.0)	(9.0, 0.0)	(10.0, 0.0)	(11.0, 0.0)	(12.0, 0.0)	(13.0, 0.0)	(14.0, 0.0)	(15.0, 0.0)	(16.0, 0.0)	(17.0, 0.0)	(18.0, 0.0)	(19.0, 0.0)	(20.0, 0.0)	(21.0, 0.0)	(22.0, 0.0)	(23.0, 0.0)	(24.0, 0.0)	(25.0, 1.8023475633405994)	(26.0, 1.8023475633405994)	(27.0, 0.0)	(28.0, 0.0)	(29.0, 0.0)	(30.0, 0.0)	(31.0, 1.6494211034207913)	(32.0, 2.944669536767171)	(33.0, 7.23896809042701)	(34.0, 5.926258139989784)	(35.0, 4.838052833206209)	(36.0, 9.520579024849116)	(37.0, 6.691023060805337)	(38.0, 8.779221380159173)	(39.0, 10.375605983141778)	(40.0, 7.946318987839572)	(41.0, 5.380669839091476)	(42.0, 3.932394683652217)	(43.0, 2.5806340111467674)	(44.0, 5.554507490658756)	(45.0, 3.424460370347139)	(46.0, 1.8023475633405994)	(47.0, 3.604695126681199)	(48.0, 3.0039126055676655)	(49.0, 1.2015650422270663)	(50.0, 0.0)	(51.0, 0.0)	(52.0, 0.0)	(53.0, 0.0)	(54.0, 0.0)	(55.0, 0.0)	(56.0, 0.0)	(57.0, 0.0)	(58.0, 0.0)	(59.0, 0.0)	(60.0, 0.0)	(61.0, 0.0)	(62.0, 0.0)	(63.0, 0.0)	(64.0, 0.0)	(65.0, 0.0)	(66.0, 0.0)	(67.0, 0.0)	(68.0, 0.0)	(69.0, 0.0)	(70.0, 0.0)	(71.0, 0.0)	(72.0, 0.0)	(73.0, 0.0)	(74.0, 0.0)	(75.0, 0.0)	(76.0, 0.0)	(77.0, 0.0)	(78.0, 0.0)	(79.0, 0.0)	(80.0, 0.0)	(81.0, 0.0)	(82.0, 0.0)	(83.0, 0.0)	(84.0, 0.0)	(85.0, 0.0)	(86.0, 0.0)	(87.0, 0.0)	(88.0, 0.0)	(89.0, 0.0)	(90.0, 0.0)	(91.0, 0.0)	(92.0, 0.0)	(93.0, 0.0)	(94.0, 0.0)	(95.0, 0.0)	(96.0, 0.0)	(97.0, 0.0)	(98.0, 0.0)	(99.0, 0.0)	(100.0, 0.0)
FAY99780_pass_barcode08_98e12ebb_5ad7f319_49	(0.0, 0.0)	(1.0, 0.0)	(2.0, 0.0)	(3.0, 0.0)	(4.0, 0.0)	(5.0, 0.0)	(6.0, 0.0)	(7.0, 0.0)	(8.0, 0.0)	(9.0, 0.0)	(10.0, 0.0)	(11.0, 0.0)	(12.0, 0.0)	(13.0, 0.0)	(14.0, 0.0)	(15.0, 0.0)	(16.0, 0.0)	(17.0, 0.0)	(18.0, 0.0)	(19.0, 0.0)	(20.0, 0.0)	(21.0, 0.0)	(22.0, 0.0)	(23.0, 0.0)	(24.0, 0.0)	(25.0, 0.0)	(26.0, 0.0)	(27.0, 0.0)	(28.0, 0.0)	(29.0, 0.7757556992547863)	(30.0, 0.9772506860742112)	(31.0, 0.01679124890161875)	(32.0, 1.8721027724339354)	(33.0, 0.034943950416882266)	(34.0, 1.8598551264312064)	(35.0, 3.1592852923883514)	(36.0, 6.957595969466812)	(37.0, 13.009736718795423)	(38.0, 10.895474413968117)	(39.0, 15.43852891452883)	(40.0, 9.751518558027415)	(41.0, 7.70055295305773)	(42.0, 6.840754802519477)	(43.0, 2.346636158117071)	(44.0, 6.266521172743636)	(45.0, 4.632985426104973)	(46.0, 3.232315413561609)	(47.0, 3.232315413561609)	(48.0, 0.35261622693399375)	(49.0, 0.0)	(50.0, 0.6464630827123218)	(51.0, 0.0)	(52.0, 0.0)	(53.0, 0.0)	(54.0, 0.0)	(55.0, 0.0)	(56.0, 0.0)	(57.0, 0.0)	(58.0, 0.0)	(59.0, 0.0)	(60.0, 0.0)	(61.0, 0.0)	(62.0, 0.0)	(63.0, 0.0)	(64.0, 0.0)	(65.0, 0.0)	(66.0, 0.0)	(67.0, 0.0)	(68.0, 0.0)	(69.0, 0.0)	(70.0, 0.0)	(71.0, 0.0)	(72.0, 0.0)	(73.0, 0.0)	(74.0, 0.0)	(75.0, 0.0)	(76.0, 0.0)	(77.0, 0.0)	(78.0, 0.0)	(79.0, 0.0)	(80.0, 0.0)	(81.0, 0.0)	(82.0, 0.0)	(83.0, 0.0)	(84.0, 0.0)	(85.0, 0.0)	(86.0, 0.0)	(87.0, 0.0)	(88.0, 0.0)	(89.0, 0.0)	(90.0, 0.0)	(91.0, 0.0)	(92.0, 0.0)	(93.0, 0.0)	(94.0, 0.0)	(95.0, 0.0)	(96.0, 0.0)	(97.0, 0.0)	(98.0, 0.0)	(99.0, 0.0)	(100.0, 0.0)
FAY99780_pass_barcode08_98e12ebb_5ad7f319_5	(0.0, 0.0)	(1.0, 0.0)	(2.0, 0.0)	(3.0, 0.0)	(4.0, 0.0)	(5.0, 0.0)	(6.0, 0.0)	(7.0, 0.0)	(8.0, 0.0)	(9.0, 0.0)	(10.0, 0.0)	(11.0, 0.0)	(12.0, 0.0)	(13.0, 0.0)	(14.0, 0.0)	(15.0, 0.0)	(16.0, 0.0)	(17.0, 0.0)	(18.0, 0.0)	(19.0, 0.0)	(20.0, 0.0)	(21.0, 0.0)	(22.0, 0.5957939429708335)	(23.0, 0.0)	(24.0, 0.0)	(25.0, 0.0)	(26.0, 0.0)	(27.0, 0.0)	(28.0, 0.6731697797202926)	(29.0, 1.4136565374126142)	(30.0, 1.7909927012941422)	(31.0, 1.1689554536924505)	(32.0, 2.6483790798771745)	(33.0, 4.079257414170244)	(34.0, 5.0117660470380985)	(35.0, 9.140694932990993)	(36.0, 7.545543591207333)	(37.0, 7.508843381622779)	(38.0, 7.847510223826143)	(39.0, 8.774020826458973)	(40.0, 7.2391603125281065)	(41.0, 8.217711467199347)	(42.0, 6.105153249842616)	(43.0, 5.465055349614283)	(44.0, 2.879670724359029)	(45.0, 1.8122065765362856)	(46.0, 1.9498710860863644)	(47.0, 0.5957939429708335)	(48.0, 0.4468454572281252)	(49.0, 0.0)	(50.0, 0.1787381828912501)	(51.0, 0.0)	(52.0, 0.0)	(53.0, 0.8936909144562504)	(54.0, 0.8936909144562504)	(55.0, 0.0)	(56.0, 0.8936909144562504)	(57.0, 0.8936909144562504)	(58.0, 0.0)	(59.0, 0.0)	(60.0, 0.8936909144562504)	(61.0, 0.8936909144562504)	(62.0, 0.0)	(63.0, 0.0)	(64.0, 0.3574763657825002)	(65.0, 0.0)	(66.0, 0.0)	(67.0, 0.0)	(68.0, 0.0)	(69.0, 0.0)	(70.0, 0.0)	(71.0, 0.0)	(72.0, 0.0)	(73.0, 0.0)	(74.0, 0.0)	(75.0, 0.5957939429708335)	(76.0, 0.5957939429708335)	(77.0, 0.0)	(78.0, 0.0)	(79.0, 0.0)	(80.0, 0.0)	(81.0, 0.0)	(82.0, 0.0)	(83.0, 0.0)	(84.0, 0.0)	(85.0, 0.0)	(86.0, 0.0)	(87.0, 0.0)	(88.0, 0.0)	(89.0, 0.0)	(90.0, 0.0)	(91.0, 0.0)	(92.0, 0.0)	(93.0, 0.0)	(94.0, 0.0)	(95.0, 0.0)	(96.0, 0.0)	(97.0, 0.0)	(98.0, 0.0)	(99.0, 0.0)	(100.0, 0.0)
FAY99780_pass_barcode08_98e12ebb_5ad7f319_50	(0.0, 0.0)	(1.0, 0.0)	(2.0, 0.0)	(3.0, 0.0)	(4.0, 0.0)	(5.0, 0.0)	(6.0, 0.0)	(7.0, 0.0)	(8.0, 0.0)	(9.0, 0.0)	(10.0, 0.0)	(11.0, 0.0)	(12.0, 0.0)	(13.0, 0.0)	(14.0, 0.0)	(15.0, 0.0)	(16.0, 0.0)	(17.0, 0.7298956760608348)	(18.0, 1.4597913521216697)	(19.0, 1.4597913521216697)	(20.0, 1.4597913521216697)	(21.0, 1.4597913521216697)	(22.0, 1.4597913521216697)	(23.0, 1.4597913521216697)	(24.0, 1.4597913521216697)	(25.0, 1.4597913521216697)	(26.0, 1.4597913521216697)	(27.0, 1.4597913521216697)	(28.0, 1.4597913521216697)	(29.0, 1.4597913521216697)	(30.0, 1.5293052260322255)	(31.0, 1.5068813957384977)	(32.0, 2.497721097667613)	(33.0, 3.379853946530926)	(34.0, 3.6500203309698094)	(35.0, 4.381822032605612)	(36.0, 5.454222266078404)	(37.0, 7.795856192473457)	(38.0, 6.385206394675161)	(39.0, 4.766542187645295)	(40.0, 4.089870778508832)	(41.0, 3.8519515232582022)	(42.0, 4.424217320122996)	(43.0, 5.120413177861887)	(44.0, 5.6445265615371225)	(45.0, 3.6494783803041746)	(46.0, 2.9195827042433393)	(47.0, 3.406179821617229)	(48.0, 2.9195827042433393)	(49.0, 2.1896870281825045)	(50.0, 0.7298956760608348)	(51.0, 0.0)	(52.0, 0.0)	(53.0, 0.0)	(54.0, 0.0)	(55.0, 0.0)	(56.0, 0.7298956760608348)	(57.0, 0.7298956760608348)	(58.0, 0.0)	(59.0, 0.0)	(60.0, 0.0)	(61.0, 0.0)	(62.0, 0.0)	(63.0, 0.0)	(64.0, 0.0)	(65.0, 0.0)	(66.0, 0.0)	(67.0, 0.0)	(68.0, 0.0)	(69.0, 0.0)	(70.0, 0.0)	(71.0, 0.0)	(72.0, 0.0)	(73.0, 0.0)	(74.0, 0.0)	(75.0, 0.0)	(76.0, 0.0)	(77.0, 0.0)	(78.0, 0.0)	(79.0, 0.0)	(80.0, 0.0)	(81.0, 0.0)	(82.0, 0.0)	(83.0, 0.0)	(84.0, 0.0)	(85.0, 0.0)	(86.0, 0.0)	(87.0, 0.0)	(88.0, 0.0)	(89.0, 0.0)	(90.0, 0.0)	(91.0, 0.0)	(92.0, 0.0)	(93.0, 0.0)	(94.0, 0.0)	(95.0, 0.0)	(96.0, 0.0)	(97.0, 0.0)	(98.0, 0.0)	(99.0, 0.0)	(100.0, 0.0)
FAY99780_pass_barcode08_98e12ebb_5ad7f319_51	(0.0, 0.0)	(1.0, 0.0)	(2.0, 0.0)	(3.0, 0.0)	(4.0, 0.0)	(5.0, 0.0)	(6.0, 0.0)	(7.0, 0.0)	(8.0, 0.0)	(9.0, 0.0)	(10.0, 0.0)	(11.0, 0.0)	(12.0, 0.0)	(13.0, 0.0)	(14.0, 0.0)	(15.0, 0.0)	(16.0, 0.0)	(17.0, 0.0)	(18.0, 0.0)	(19.0, 0.0)	(20.0, 0.0)	(21.0, 0.0)	(22.0, 0.0)	(23.0, 0.0)	(24.0, 0.0)	(25.0, 0.0)	(26.0, 1.3527958714666688)	(27.0, 2.7055917429333376)	(28.0, 1.3527958714666688)	(29.0, 0.0)	(30.0, 0.0)	(31.0, 1.2381696564034625)	(32.0, 0.5411183485866675)	(33.0, 1.5718199649422244)	(34.0, 3.2927223071206226)	(35.0, 3.4323098791531588)	(36.0, 7.002312977767747)	(37.0, 8.32750056623214)	(38.0, 9.435195295549303)	(39.0, 10.939944765916769)	(40.0, 11.650259739581196)	(41.0, 7.005905289120855)	(42.0, 5.677643278731322)	(43.0, 3.8329216358222276)	(44.0, 2.558621327267823)	(45.0, 3.652548852960006)	(46.0, 2.0291938072000035)	(47.0, 0.0)	(48.0, 0.0)	(49.0, 0.0)	(50.0, 1.3527958714666688)	(51.0, 3.156523700088894)	(52.0, 3.156523700088894)	(53.0, 1.3527958714666688)	(54.0, 0.0)	(55.0, 0.0)	(56.0, 1.3527958714666688)	(57.0, 1.3527958714666688)	(58.0, 0.0)	(59.0, 0.0)	(60.0, 0.0)	(61.0, 0.0)	(62.0, 0.0)	(63.0, 0.0)	(64.0, 0.0)	(65.0, 0.0)	(66.0, 0.0)	(67.0, 0.0)	(68.0, 0.0)	(69.0, 0.0)	(70.0, 0.0)	(71.0, 0.0)	(72.0, 0.0)	(73.0, 0.0)	(74.0, 0.3381989678666672)	(75.0, 0.3381989678666672)	(76.0, 0.0)	(77.0, 0.0)	(78.0, 0.0)	(79.0, 0.0)	(80.0, 0.0)	(81.0, 0.0)	(82.0, 0.0)	(83.0, 0.0)	(84.0, 0.0)	(85.0, 0.0)	(86.0, 0.0)	(87.0, 0.0)	(88.0, 0.0)	(89.0, 0.0)	(90.0, 0.0)	(91.0, 0.0)	(92.0, 0.0)	(93.0, 0.0)	(94.0, 0.0)	(95.0, 0.0)	(96.0, 0.0)	(97.0, 0.0)	(98.0, 0.0)	(99.0, 0.0)	(100.0, 0.0)
FAY99780_pass_barcode08_98e12ebb_5ad7f319_52	(0.0, 0.0)	(1.0, 0.0)	(2.0, 0.0)	(3.0, 0.0)	(4.0, 0.0)	(5.0, 0.0)	(6.0, 0.0)	(7.0, 0.0)	(8.0, 0.0)	(9.0, 0.0)	(10.0, 0.0)	(11.0, 0.0)	(12.0, 0.0)	(13.0, 0.0)	(14.0, 0.0)	(15.0, 0.0)	(16.0, 0.0)	(17.0, 0.0)	(18.0, 0.0)	(19.0, 0.0)	(20.0, 0.0)	(21.0, 0.0)	(22.0, 0.0)	(23.0, 0.0)	(24.0, 0.0)	(25.0, 0.0)	(26.0, 0.0)	(27.0, 1.0019459811830413)	(28.0, 0.6441081307605266)	(29.0, 0.29277642307296664)	(30.0, 1.1223096217797055)	(31.0, 0.37132619511693327)	(32.0, 1.0545290618281624)	(33.0, 3.529319853114236)	(34.0, 3.936359077464284)	(35.0, 5.858234720989633)	(36.0, 9.865711188933139)	(37.0, 12.924747246892283)	(38.0, 9.366945225889124)	(39.0, 5.993969038085542)	(40.0, 8.268853253566524)	(41.0, 8.931977846975267)	(42.0, 4.829649169501279)	(43.0, 4.8796070512161105)	(44.0, 5.48347182931798)	(45.0, 0.8051351634506583)	(46.0, 2.6837838781688603)	(47.0, 3.220540653802633)	(48.0, 1.6102703269013166)	(49.0, 1.6102703269013166)	(50.0, 1.6102703269013166)	(51.0, 0.1038884081871817)	(52.0, 0.0)	(53.0, 0.0)	(54.0, 0.0)	(55.0, 0.0)	(56.0, 0.0)	(57.0, 0.0)	(58.0, 0.0)	(59.0, 0.0)	(60.0, 0.0)	(61.0, 0.0)	(62.0, 0.0)	(63.0, 0.0)	(64.0, 0.0)	(65.0, 0.0)	(66.0, 0.0)	(67.0, 0.0)	(68.0, 0.0)	(69.0, 0.0)	(70.0, 0.0)	(71.0, 0.0)	(72.0, 0.0)	(73.0, 0.0)	(74.0, 0.0)	(75.0, 0.0)	(76.0, 0.0)	(77.0, 0.0)	(78.0, 0.0)	(79.0, 0.0)	(80.0, 0.0)	(81.0, 0.0)	(82.0, 0.0)	(83.0, 0.0)	(84.0, 0.0)	(85.0, 0.0)	(86.0, 0.0)	(87.0, 0.0)	(88.0, 0.0)	(89.0, 0.0)	(90.0, 0.0)	(91.0, 0.0)	(92.0, 0.0)	(93.0, 0.0)	(94.0, 0.0)	(95.0, 0.0)	(96.0, 0.0)	(97.0, 0.0)	(98.0, 0.0)	(99.0, 0.0)	(100.0, 0.0)
FAY99780_pass_barcode08_98e12ebb_5ad7f319_53	(0.0, 0.0)	(1.0, 0.0)	(2.0, 0.0)	(3.0, 0.0)	(4.0, 0.0)	(5.0, 0.0)	(6.0, 0.0)	(7.0, 0.0)	(8.0, 0.0)	(9.0, 0.0)	(10.0, 0.0)	(11.0, 0.0)	(12.0, 0.0)	(13.0, 0.0)	(14.0, 0.0)	(15.0, 0.0)	(16.0, 0.0)	(17.0, 0.0)	(18.0, 0.0)	(19.0, 0.0)	(20.0, 0.0)	(21.0, 0.0)	(22.0, 0.0)	(23.0, 0.0)	(24.0, 0.0)	(25.0, 0.0)	(26.0, 0.0)	(27.0, 0.0)	(28.0, 0.0)	(29.0, 0.06625990706775949)	(30.0, 0.2368314194971802)	(31.0, 0.04027562978628517)	(32.0, 0.6995057433011953)	(33.0, 1.7250522991580326)	(34.0, 3.3662589021803364)	(35.0, 3.3007440216077786)	(36.0, 3.8898136711232283)	(37.0, 4.633257740433152)	(38.0, 5.647270703652831)	(39.0, 5.989445982034874)	(40.0, 6.061081840373244)	(41.0, 4.200827911196656)	(42.0, 1.4167548706959026)	(43.0, 1.5398018374786904)	(44.0, 1.5405428393254077)	(45.0, 2.2252285456922554)	(46.0, 1.7272753046981848)	(47.0, 1.5405428393254077)	(48.0, 3.2522571052425273)	(49.0, 2.7387428254673916)	(50.0, 1.027028559550272)	(51.0, 0.0)	(52.0, 0.0)	(53.0, 0.0)	(54.0, 0.0)	(55.0, 0.0)	(56.0, 0.0)	(57.0, 0.0)	(58.0, 0.0)	(59.0, 0.0)	(60.0, 0.0)	(61.0, 0.0)	(62.0, 0.0)	(63.0, 0.0)	(64.0, 0.0)	(65.0, 0.0)	(66.0, 0.0)	(67.0, 0.0)	(68.0, 0.0)	(69.0, 0.0)	(70.0, 2.054057119100544)	(71.0, 3.0810856786508154)	(72.0, 2.054057119100544)	(73.0, 2.054057119100544)	(74.0, 2.054057119100544)	(75.0, 2.054057119100544)	(76.0, 2.054057119100544)	(77.0, 2.054057119100544)	(78.0, 2.054057119100544)	(79.0, 2.054057119100544)	(80.0, 2.054057119100544)	(81.0, 2.054057119100544)	(82.0, 2.054057119100544)	(83.0, 2.054057119100544)	(84.0, 2.054057119100544)	(85.0, 2.054057119100544)	(86.0, 2.054057119100544)	(87.0, 2.054057119100544)	(88.0, 2.054057119100544)	(89.0, 2.054057119100544)	(90.0, 1.027028559550272)	(91.0, 0.0)	(92.0, 0.0)	(93.0, 0.0)	(94.0, 0.0)	(95.0, 0.0)	(96.0, 0.0)	(97.0, 0.0)	(98.0, 0.0)	(99.0, 0.0)	(100.0, 0.0)
FAY99780_pass_barcode08_98e12ebb_5ad7f319_54	(0.0, 0.0)	(1.0, 0.0)	(2.0, 0.0)	(3.0, 0.0)	(4.0, 0.0)	(5.0, 0.0)	(6.0, 0.0)	(7.0, 0.0)	(8.0, 0.0)	(9.0, 0.0)	(10.0, 0.0)	(11.0, 0.0)	(12.0, 0.0)	(13.0, 0.0)	(14.0, 0.0)	(15.0, 0.0)	(16.0, 0.0)	(17.0, 0.0)	(18.0, 0.0)	(19.0, 0.0)	(20.0, 0.0)	(21.0, 0.0)	(22.0, 0.0)	(23.0, 0.0)	(24.0, 0.0)	(25.0, 1.2790581197099407)	(26.0, 1.2790581197099407)	(27.0, 0.0)	(28.0, 0.062393079010241013)	(29.0, 0.2325560217654438)	(30.0, 0.7493471812442076)	(31.0, 0.24668926065726632)	(32.0, 0.7607469862327096)	(33.0, 1.0852614349054042)	(34.0, 1.3760138029945583)	(35.0, 2.4633706821322523)	(36.0, 5.244511030329066)	(37.0, 8.813794112935108)	(38.0, 14.450211558062605)	(39.0, 12.194594800482099)	(40.0, 6.359573948820091)	(41.0, 4.098901171081872)	(42.0, 4.022323910751107)	(43.0, 3.496521222260328)	(44.0, 6.480561139863698)	(45.0, 4.155000922209261)	(46.0, 2.5581162394198813)	(47.0, 3.4108216525598416)	(48.0, 3.4108216525598416)	(49.0, 2.5581162394198813)	(50.0, 1.8783691578796686)	(51.0, 0.0)	(52.0, 2.5581162394198813)	(53.0, 2.5581162394198813)	(54.0, 0.0)	(55.0, 0.0)	(56.0, 0.8527054131399604)	(57.0, 0.0)	(58.0, 0.8527054131399604)	(59.0, 0.0)	(60.0, 0.0)	(61.0, 0.0)	(62.0, 0.0)	(63.0, 0.0)	(64.0, 0.0)	(65.0, 0.0)	(66.0, 0.0)	(67.0, 0.0)	(68.0, 0.0)	(69.0, 0.5116232478839763)	(70.0, 0.0)	(71.0, 0.0)	(72.0, 0.0)	(73.0, 0.0)	(74.0, 0.0)	(75.0, 0.0)	(76.0, 0.0)	(77.0, 0.0)	(78.0, 0.0)	(79.0, 0.0)	(80.0, 0.0)	(81.0, 0.0)	(82.0, 0.0)	(83.0, 0.0)	(84.0, 0.0)	(85.0, 0.0)	(86.0, 0.0)	(87.0, 0.0)	(88.0, 0.0)	(89.0, 0.0)	(90.0, 0.0)	(91.0, 0.0)	(92.0, 0.0)	(93.0, 0.0)	(94.0, 0.0)	(95.0, 0.0)	(96.0, 0.0)	(97.0, 0.0)	(98.0, 0.0)	(99.0, 0.0)	(100.0, 0.0)
FAY99780_pass_barcode08_98e12ebb_5ad7f319_55	(0.0, 0.0)	(1.0, 0.0)	(2.0, 0.0)	(3.0, 0.0)	(4.0, 0.0)	(5.0, 0.0)	(6.0, 0.0)	(7.0, 0.0)	(8.0, 0.0)	(9.0, 0.0)	(10.0, 0.0)	(11.0, 0.0)	(12.0, 0.0)	(13.0, 0.0)	(14.0, 0.0)	(15.0, 0.0)	(16.0, 0.0)	(17.0, 0.0)	(18.0, 0.0)	(19.0, 0.0)	(20.0, 0.0)	(21.0, 0.0)	(22.0, 0.0)	(23.0, 0.0)	(24.0, 0.0)	(25.0, 0.3595088443480028)	(26.0, 0.0)	(27.0, 1.318199095942677)	(28.0, 1.318199095942677)	(29.0, 0.0)	(30.0, 0.0)	(31.0, 0.1275676544460655)	(32.0, 2.512567367721042)	(33.0, 3.083101276810183)	(34.0, 3.109323516890763)	(35.0, 1.6574683619243045)	(36.0, 7.54864138900299)	(37.0, 5.9574587282506535)	(38.0, 12.167186319969703)	(39.0, 11.476696363820073)	(40.0, 8.622551267931318)	(41.0, 9.909367446963698)	(42.0, 12.328442778579905)	(43.0, 5.7970801151115445)	(44.0, 2.578477322518176)	(45.0, 4.745516745393637)	(46.0, 4.393996986475591)	(47.0, 0.0)	(48.0, 0.9886493219570077)	(49.0, 0.0)	(50.0, 0.0)	(51.0, 0.0)	(52.0, 0.0)	(53.0, 0.0)	(54.0, 0.0)	(55.0, 0.0)	(56.0, 0.0)	(57.0, 0.0)	(58.0, 0.0)	(59.0, 0.0)	(60.0, 0.0)	(61.0, 0.0)	(62.0, 0.0)	(63.0, 0.0)	(64.0, 0.0)	(65.0, 0.0)	(66.0, 0.0)	(67.0, 0.0)	(68.0, 0.0)	(69.0, 0.0)	(70.0, 0.0)	(71.0, 0.0)	(72.0, 0.0)	(73.0, 0.0)	(74.0, 0.0)	(75.0, 0.0)	(76.0, 0.0)	(77.0, 0.0)	(78.0, 0.0)	(79.0, 0.0)	(80.0, 0.0)	(81.0, 0.0)	(82.0, 0.0)	(83.0, 0.0)	(84.0, 0.0)	(85.0, 0.0)	(86.0, 0.0)	(87.0, 0.0)	(88.0, 0.0)	(89.0, 0.0)	(90.0, 0.0)	(91.0, 0.0)	(92.0, 0.0)	(93.0, 0.0)	(94.0, 0.0)	(95.0, 0.0)	(96.0, 0.0)	(97.0, 0.0)	(98.0, 0.0)	(99.0, 0.0)	(100.0, 0.0)
FAY99780_pass_barcode08_98e12ebb_5ad7f319_56	(0.0, 0.0)	(1.0, 0.0)	(2.0, 0.0)	(3.0, 0.0)	(4.0, 0.0)	(5.0, 0.0)	(6.0, 0.0)	(7.0, 0.0)	(8.0, 0.0)	(9.0, 0.0)	(10.0, 0.0)	(11.0, 0.0)	(12.0, 0.0)	(13.0, 0.0)	(14.0, 0.0)	(15.0, 0.0)	(16.0, 0.0)	(17.0, 0.0)	(18.0, 0.0)	(19.0, 0.0)	(20.0, 0.0)	(21.0, 0.0)	(22.0, 0.0)	(23.0, 0.0)	(24.0, 0.0)	(25.0, 0.0)	(26.0, 0.0)	(27.0, 0.44653351455095586)	(28.0, 2.455934330030257)	(29.0, 5.008179810257778)	(30.0, 5.403055526066566)	(31.0, 5.894242392072616)	(32.0, 2.947121196036308)	(33.0, 1.2342563694454234)	(34.0, 2.946001365674566)	(35.0, 8.826749791019022)	(36.0, 8.354590320511896)	(37.0, 4.734856574255737)	(38.0, 10.049764191251912)	(39.0, 14.779698810198932)	(40.0, 15.395041011729402)	(41.0, 5.366064996234028)	(42.0, 2.1093392687359436)	(43.0, 0.44653351455095586)	(44.0, 1.6372895533535043)	(45.0, 0.0)	(46.0, 0.0)	(47.0, 0.0)	(48.0, 0.0)	(49.0, 0.0)	(50.0, 0.0)	(51.0, 0.0)	(52.0, 0.0)	(53.0, 0.0)	(54.0, 0.9823737320121028)	(55.0, 0.9823737320121028)	(56.0, 0.0)	(57.0, 0.0)	(58.0, 0.0)	(59.0, 0.0)	(60.0, 0.0)	(61.0, 0.0)	(62.0, 0.0)	(63.0, 0.0)	(64.0, 0.0)	(65.0, 0.0)	(66.0, 0.0)	(67.0, 0.0)	(68.0, 0.0)	(69.0, 0.0)	(70.0, 0.0)	(71.0, 0.0)	(72.0, 0.0)	(73.0, 0.0)	(74.0, 0.0)	(75.0, 0.0)	(76.0, 0.0)	(77.0, 0.0)	(78.0, 0.0)	(79.0, 0.0)	(80.0, 0.0)	(81.0, 0.0)	(82.0, 0.0)	(83.0, 0.0)	(84.0, 0.0)	(85.0, 0.0)	(86.0, 0.0)	(87.0, 0.0)	(88.0, 0.0)	(89.0, 0.0)	(90.0, 0.0)	(91.0, 0.0)	(92.0, 0.0)	(93.0, 0.0)	(94.0, 0.0)	(95.0, 0.0)	(96.0, 0.0)	(97.0, 0.0)	(98.0, 0.0)	(99.0, 0.0)	(100.0, 0.0)
FAY99780_pass_barcode08_98e12ebb_5ad7f319_57	(0.0, 0.0)	(1.0, 0.0)	(2.0, 0.0)	(3.0, 0.0)	(4.0, 0.0)	(5.0, 0.0)	(6.0, 0.0)	(7.0, 0.0)	(8.0, 0.0)	(9.0, 0.0)	(10.0, 0.0)	(11.0, 0.0)	(12.0, 0.0)	(13.0, 0.0)	(14.0, 0.0)	(15.0, 0.0)	(16.0, 0.0)	(17.0, 0.0)	(18.0, 0.0)	(19.0, 0.0)	(20.0, 0.0)	(21.0, 0.0)	(22.0, 0.0)	(23.0, 0.0)	(24.0, 0.0)	(25.0, 0.0)	(26.0, 0.0)	(27.0, 0.0)	(28.0, 0.0)	(29.0, 0.0)	(30.0, 0.5209665797847957)	(31.0, 1.699930061592185)	(32.0, 2.275847264223948)	(33.0, 6.499033919244834)	(34.0, 5.190224594767543)	(35.0, 5.765120113482103)	(36.0, 6.197007086152092)	(37.0, 7.142230604059628)	(38.0, 9.412223083954705)	(39.0, 12.129636852554041)	(40.0, 8.088559747813752)	(41.0, 7.616185588911575)	(42.0, 8.082175628832712)	(43.0, 6.129170200263421)	(44.0, 2.964193519265327)	(45.0, 1.5692789219639969)	(46.0, 0.581214415542221)	(47.0, 2.324857662168884)	(48.0, 4.068500908795547)	(49.0, 1.7436432466266631)	(50.0, 0.0)	(51.0, 0.0)	(52.0, 0.0)	(53.0, 0.0)	(54.0, 0.0)	(55.0, 0.0)	(56.0, 0.0)	(57.0, 0.0)	(58.0, 0.0)	(59.0, 0.0)	(60.0, 0.0)	(61.0, 0.0)	(62.0, 0.0)	(63.0, 0.0)	(64.0, 0.0)	(65.0, 0.0)	(66.0, 0.0)	(67.0, 0.0)	(68.0, 0.0)	(69.0, 0.0)	(70.0, 0.0)	(71.0, 0.0)	(72.0, 0.0)	(73.0, 0.0)	(74.0, 0.0)	(75.0, 0.0)	(76.0, 0.0)	(77.0, 0.0)	(78.0, 0.0)	(79.0, 0.0)	(80.0, 0.0)	(81.0, 0.0)	(82.0, 0.0)	(83.0, 0.0)	(84.0, 0.0)	(85.0, 0.0)	(86.0, 0.0)	(87.0, 0.0)	(88.0, 0.0)	(89.0, 0.0)	(90.0, 0.0)	(91.0, 0.0)	(92.0, 0.0)	(93.0, 0.0)	(94.0, 0.0)	(95.0, 0.0)	(96.0, 0.0)	(97.0, 0.0)	(98.0, 0.0)	(99.0, 0.0)	(100.0, 0.0)
FAY99780_pass_barcode08_98e12ebb_5ad7f319_58	(0.0, 0.0)	(1.0, 0.0)	(2.0, 0.0)	(3.0, 0.0)	(4.0, 0.0)	(5.0, 0.0)	(6.0, 0.0)	(7.0, 0.0)	(8.0, 0.0)	(9.0, 0.0)	(10.0, 0.0)	(11.0, 0.0)	(12.0, 0.0)	(13.0, 0.0)	(14.0, 0.0)	(15.0, 0.0)	(16.0, 0.0)	(17.0, 0.0)	(18.0, 0.0)	(19.0, 0.0)	(20.0, 0.0)	(21.0, 1.4053473243312546)	(22.0, 1.4053473243312546)	(23.0, 0.0)	(24.0, 0.0)	(25.0, 0.0)	(26.0, 0.0)	(27.0, 0.0)	(28.0, 0.2555176953329554)	(29.0, 0.0)	(30.0, 0.46844910811041823)	(31.0, 0.0)	(32.0, 0.803055613903574)	(33.0, 0.31062935511065165)	(34.0, 3.815827332809411)	(35.0, 4.1368538702723185)	(36.0, 7.424636750567462)	(37.0, 7.474807436756032)	(38.0, 10.387638941054378)	(39.0, 8.175340267270627)	(40.0, 6.198766110574457)	(41.0, 6.871957801420399)	(42.0, 9.645821326723206)	(43.0, 7.854330045984678)	(44.0, 6.24598810813891)	(45.0, 3.747592864883346)	(46.0, 0.2555176953329554)	(47.0, 1.873796432441673)	(48.0, 3.747592864883346)	(49.0, 2.8106946486625093)	(50.0, 0.0)	(51.0, 0.0)	(52.0, 0.0)	(53.0, 0.0)	(54.0, 0.0)	(55.0, 0.0)	(56.0, 1.4053473243312546)	(57.0, 1.4053473243312546)	(58.0, 0.0)	(59.0, 0.0)	(60.0, 0.0)	(61.0, 0.0)	(62.0, 0.0)	(63.0, 0.0)	(64.0, 0.0)	(65.0, 0.9368982162208365)	(66.0, 0.9368982162208365)	(67.0, 0.0)	(68.0, 0.0)	(69.0, 0.0)	(70.0, 0.0)	(71.0, 0.0)	(72.0, 0.0)	(73.0, 0.0)	(74.0, 0.0)	(75.0, 0.0)	(76.0, 0.0)	(77.0, 0.0)	(78.0, 0.0)	(79.0, 0.0)	(80.0, 0.0)	(81.0, 0.0)	(82.0, 0.0)	(83.0, 0.0)	(84.0, 0.0)	(85.0, 0.0)	(86.0, 0.0)	(87.0, 0.0)	(88.0, 0.0)	(89.0, 0.0)	(90.0, 0.0)	(91.0, 0.0)	(92.0, 0.0)	(93.0, 0.0)	(94.0, 0.0)	(95.0, 0.0)	(96.0, 0.0)	(97.0, 0.0)	(98.0, 0.0)	(99.0, 0.0)	(100.0, 0.0)
FAY99780_pass_barcode08_98e12ebb_5ad7f319_59	(0.0, 0.0)	(1.0, 0.0)	(2.0, 0.0)	(3.0, 0.0)	(4.0, 0.0)	(5.0, 0.0)	(6.0, 0.0)	(7.0, 0.0)	(8.0, 0.0)	(9.0, 0.0)	(10.0, 0.0)	(11.0, 0.0)	(12.0, 0.0)	(13.0, 0.0)	(14.0, 0.0)	(15.0, 0.0)	(16.0, 0.0)	(17.0, 0.0)	(18.0, 0.0)	(19.0, 0.0)	(20.0, 0.0)	(21.0, 0.0)	(22.0, 0.0)	(23.0, 0.0)	(24.0, 0.0)	(25.0, 0.0)	(26.0, 0.0)	(27.0, 0.07399560319466303)	(28.0, 0.0)	(29.0, 0.7547551525855629)	(30.0, 0.0920433112909223)	(31.0, 0.0)	(32.0, 0.3014383097883968)	(33.0, 0.4878491262964155)	(34.0, 2.7328194345460877)	(35.0, 4.320772208968966)	(36.0, 9.301323088808088)	(37.0, 8.6756960420402)	(38.0, 8.979950581646658)	(39.0, 14.486586364296608)	(40.0, 15.198587749298301)	(41.0, 11.349916499108655)	(42.0, 7.735572900381187)	(43.0, 4.2216733913561155)	(44.0, 1.3837177797401987)	(45.0, 2.64164303404947)	(46.0, 2.2013691950412246)	(47.0, 0.9434439407319535)	(48.0, 0.0)	(49.0, 0.0)	(50.0, 0.0)	(51.0, 0.0)	(52.0, 0.0)	(53.0, 0.34307052390252857)	(54.0, 0.0)	(55.0, 0.0)	(56.0, 1.886887881463907)	(57.0, 1.886887881463907)	(58.0, 0.0)	(59.0, 0.0)	(60.0, 0.0)	(61.0, 0.0)	(62.0, 0.0)	(63.0, 0.0)	(64.0, 0.0)	(65.0, 0.0)	(66.0, 0.0)	(67.0, 0.0)	(68.0, 0.0)	(69.0, 0.0)	(70.0, 0.0)	(71.0, 0.0)	(72.0, 0.0)	(73.0, 0.0)	(74.0, 0.0)	(75.0, 0.0)	(76.0, 0.0)	(77.0, 0.0)	(78.0, 0.0)	(79.0, 0.0)	(80.0, 0.0)	(81.0, 0.0)	(82.0, 0.0)	(83.0, 0.0)	(84.0, 0.0)	(85.0, 0.0)	(86.0, 0.0)	(87.0, 0.0)	(88.0, 0.0)	(89.0, 0.0)	(90.0, 0.0)	(91.0, 0.0)	(92.0, 0.0)	(93.0, 0.0)	(94.0, 0.0)	(95.0, 0.0)	(96.0, 0.0)	(97.0, 0.0)	(98.0, 0.0)	(99.0, 0.0)	(100.0, 0.0)
FAY99780_pass_barcode08_98e12ebb_5ad7f319_6	(0.0, 0.0)	(1.0, 0.0)	(2.0, 0.0)	(3.0, 0.0)	(4.0, 0.0)	(5.0, 0.0)	(6.0, 0.0)	(7.0, 0.0)	(8.0, 0.0)	(9.0, 0.0)	(10.0, 0.0)	(11.0, 0.0)	(12.0, 0.0)	(13.0, 0.0)	(14.0, 0.0)	(15.0, 0.0)	(16.0, 0.0)	(17.0, 0.0)	(18.0, 0.0)	(19.0, 0.0)	(20.0, 0.0)	(21.0, 0.0)	(22.0, 0.4305214724819538)	(23.0, 0.8610429449639077)	(24.0, 0.4305214724819538)	(25.0, 0.0)	(26.0, 0.17220858899278157)	(27.0, 0.3075153374871099)	(28.0, 0.0)	(29.0, 0.04100204499828132)	(30.0, 0.2765398236398403)	(31.0, 0.5242835018530237)	(32.0, 0.4308942183455747)	(33.0, 2.012509169448144)	(34.0, 2.0159357330648118)	(35.0, 2.0032647727576594)	(36.0, 3.7914457984477075)	(37.0, 3.282897321728795)	(38.0, 4.199296940166784)	(39.0, 5.775458645299326)	(40.0, 3.8653914796890114)	(41.0, 3.3171082986429514)	(42.0, 3.0643126826707956)	(43.0, 2.382218814400145)	(44.0, 3.3293660538604435)	(45.0, 2.654882413638716)	(46.0, 2.3678680986507463)	(47.0, 1.578578732433831)	(48.0, 1.2673359363105134)	(49.0, 1.2915644174458616)	(50.0, 1.7220858899278153)	(51.0, 2.1526073624097695)	(52.0, 2.1526073624097695)	(53.0, 1.7220858899278153)	(54.0, 0.8610429449639077)	(55.0, 0.8610429449639077)	(56.0, 0.9686733130843962)	(57.0, 0.8610429449639077)	(58.0, 0.8610429449639077)	(59.0, 0.8610429449639077)	(60.0, 0.8610429449639077)	(61.0, 0.8610429449639077)	(62.0, 0.8610429449639077)	(63.0, 0.8610429449639077)	(64.0, 0.8610429449639077)	(65.0, 0.8610429449639077)	(66.0, 0.8610429449639077)	(67.0, 0.8610429449639077)	(68.0, 0.8610429449639077)	(69.0, 0.8610429449639077)	(70.0, 0.8610429449639077)	(71.0, 0.8610429449639077)	(72.0, 0.8610429449639077)	(73.0, 0.8610429449639077)	(74.0, 0.8610429449639077)	(75.0, 0.8610429449639077)	(76.0, 0.8610429449639077)	(77.0, 0.8610429449639077)	(78.0, 0.8610429449639077)	(79.0, 0.8610429449639077)	(80.0, 0.8610429449639077)	(81.0, 0.8610429449639077)	(82.0, 0.8610429449639077)	(83.0, 0.8610429449639077)	(84.0, 0.8610429449639077)	(85.0, 0.8610429449639077)	(86.0, 0.8610429449639077)	(87.0, 0.8610429449639077)	(88.0, 0.8610429449639077)	(89.0, 0.8610429449639077)	(90.0, 0.8610429449639077)	(91.0, 0.8610429449639077)	(92.0, 0.8610429449639077)	(93.0, 0.8610429449639077)	(94.0, 0.8610429449639077)	(95.0, 0.8610429449639077)	(96.0, 0.8610429449639077)	(97.0, 0.8610429449639077)	(98.0, 0.8610429449639077)	(99.0, 0.8610429449639077)	(100.0, 0.8610429449639077)
FAY99780_pass_barcode08_98e12ebb_5ad7f319_60	(0.0, 0.0)	(1.0, 0.0)	(2.0, 0.0)	(3.0, 0.0)	(4.0, 0.0)	(5.0, 0.0)	(6.0, 0.0)	(7.0, 0.0)	(8.0, 0.0)	(9.0, 0.0)	(10.0, 0.0)	(11.0, 0.0)	(12.0, 0.0)	(13.0, 0.0)	(14.0, 0.0)	(15.0, 0.0)	(16.0, 0.0)	(17.0, 0.0)	(18.0, 0.0)	(19.0, 0.0)	(20.0, 0.0)	(21.0, 0.0)	(22.0, 0.0)	(23.0, 0.0)	(24.0, 0.0)	(25.0, 0.0)	(26.0, 0.0)	(27.0, 0.0)	(28.0, 0.0)	(29.0, 0.0)	(30.0, 0.0)	(31.0, 0.8735420097288936)	(32.0, 1.6552069007652148)	(33.0, 3.4960138866451356)	(34.0, 1.0907881095397314)	(35.0, 4.666587212578581)	(36.0, 8.014020918410331)	(37.0, 7.886478580372204)	(38.0, 9.59350349235055)	(39.0, 14.759895073340873)	(40.0, 12.996099508048736)	(41.0, 11.689818113197196)	(42.0, 6.647933214677662)	(43.0, 7.788652479092331)	(44.0, 1.9397190226466978)	(45.0, 0.3509360073867381)	(46.0, 2.3395733825782536)	(47.0, 1.4037440295469523)	(48.0, 0.0)	(49.0, 0.0)	(50.0, 0.0)	(51.0, 0.0)	(52.0, 0.0)	(53.0, 0.0)	(54.0, 0.0)	(55.0, 0.0)	(56.0, 1.4037440295469523)	(57.0, 1.4037440295469523)	(58.0, 0.0)	(59.0, 0.0)	(60.0, 0.0)	(61.0, 0.0)	(62.0, 0.0)	(63.0, 0.0)	(64.0, 0.0)	(65.0, 0.0)	(66.0, 0.0)	(67.0, 0.0)	(68.0, 0.0)	(69.0, 0.0)	(70.0, 0.0)	(71.0, 0.0)	(72.0, 0.0)	(73.0, 0.0)	(74.0, 0.0)	(75.0, 0.0)	(76.0, 0.0)	(77.0, 0.0)	(78.0, 0.0)	(79.0, 0.0)	(80.0, 0.0)	(81.0, 0.0)	(82.0, 0.0)	(83.0, 0.0)	(84.0, 0.0)	(85.0, 0.0)	(86.0, 0.0)	(87.0, 0.0)	(88.0, 0.0)	(89.0, 0.0)	(90.0, 0.0)	(91.0, 0.0)	(92.0, 0.0)	(93.0, 0.0)	(94.0, 0.0)	(95.0, 0.0)	(96.0, 0.0)	(97.0, 0.0)	(98.0, 0.0)	(99.0, 0.0)	(100.0, 0.0)
FAY99780_pass_barcode08_98e12ebb_5ad7f319_61	(0.0, 0.0)	(1.0, 0.0)	(2.0, 0.0)	(3.0, 0.0)	(4.0, 0.0)	(5.0, 0.0)	(6.0, 0.0)	(7.0, 0.0)	(8.0, 0.0)	(9.0, 0.0)	(10.0, 0.0)	(11.0, 0.0)	(12.0, 0.0)	(13.0, 0.0)	(14.0, 0.0)	(15.0, 0.0)	(16.0, 0.0)	(17.0, 0.0)	(18.0, 0.0)	(19.0, 0.0)	(20.0, 0.0)	(21.0, 0.0)	(22.0, 0.0)	(23.0, 0.0)	(24.0, 0.0)	(25.0, 0.0)	(26.0, 0.0)	(27.0, 0.0)	(28.0, 0.32410975455448504)	(29.0, 1.188402433366445)	(30.0, 1.188402433366445)	(31.0, 0.02084916549765693)	(32.0, 1.7927609358049361)	(33.0, 7.843456060218536)	(34.0, 5.668238713599169)	(35.0, 3.0576990561019035)	(36.0, 8.111507398515046)	(37.0, 9.630100688810519)	(38.0, 10.20903942881845)	(39.0, 8.603939007734121)	(40.0, 9.748029316861901)	(41.0, 5.839157803143579)	(42.0, 4.828849497915928)	(43.0, 1.9581631004333466)	(44.0, 4.008157297990465)	(45.0, 2.4956451100695345)	(46.0, 0.32410975455448504)	(47.0, 1.7826036500496676)	(48.0, 1.7826036500496676)	(49.0, 0.0)	(50.0, 0.0)	(51.0, 0.0869562756121789)	(52.0, 0.0)	(53.0, 1.188402433366445)	(54.0, 1.188402433366445)	(55.0, 0.0)	(56.0, 1.188402433366445)	(57.0, 0.0)	(58.0, 0.0)	(59.0, 1.188402433366445)	(60.0, 1.188402433366445)	(61.0, 0.0)	(62.0, 1.7826036500496676)	(63.0, 1.7826036500496676)	(64.0, 0.0)	(65.0, 0.0)	(66.0, 0.0)	(67.0, 0.0)	(68.0, 0.0)	(69.0, 0.0)	(70.0, 0.0)	(71.0, 0.0)	(72.0, 0.0)	(73.0, 0.0)	(74.0, 0.0)	(75.0, 0.0)	(76.0, 0.0)	(77.0, 0.0)	(78.0, 0.0)	(79.0, 0.0)	(80.0, 0.0)	(81.0, 0.0)	(82.0, 0.0)	(83.0, 0.0)	(84.0, 0.0)	(85.0, 0.0)	(86.0, 0.0)	(87.0, 0.0)	(88.0, 0.0)	(89.0, 0.0)	(90.0, 0.0)	(91.0, 0.0)	(92.0, 0.0)	(93.0, 0.0)	(94.0, 0.0)	(95.0, 0.0)	(96.0, 0.0)	(97.0, 0.0)	(98.0, 0.0)	(99.0, 0.0)	(100.0, 0.0)
FAY99780_pass_barcode08_98e12ebb_5ad7f319_62	(0.0, 0.0)	(1.0, 0.0)	(2.0, 0.0)	(3.0, 0.0)	(4.0, 0.0)	(5.0, 0.0)	(6.0, 0.0)	(7.0, 0.0)	(8.0, 0.0)	(9.0, 0.0)	(10.0, 0.0)	(11.0, 0.0)	(12.0, 0.0)	(13.0, 0.0)	(14.0, 0.0)	(15.0, 0.0)	(16.0, 0.0)	(17.0, 0.0)	(18.0, 0.0)	(19.0, 0.0)	(20.0, 0.0)	(21.0, 0.0)	(22.0, 0.0)	(23.0, 0.0)	(24.0, 0.0)	(25.0, 0.0)	(26.0, 0.0)	(27.0, 0.0)	(28.0, 0.0)	(29.0, 0.0)	(30.0, 0.35819643399398854)	(31.0, 2.1093790001868213)	(32.0, 2.726598520320758)	(33.0, 2.535136533577736)	(34.0, 5.222845147093299)	(35.0, 6.918691280558137)	(36.0, 5.420849820291124)	(37.0, 7.975434789471643)	(38.0, 12.591613379585478)	(39.0, 7.627746565214837)	(40.0, 12.46489162249122)	(41.0, 9.726583447718665)	(42.0, 6.833863522329518)	(43.0, 3.9401607739338735)	(44.0, 1.9961741669267639)	(45.0, 0.0)	(46.0, 3.641663745605549)	(47.0, 1.9700803869669368)	(48.0, 0.0)	(49.0, 3.6118140427727172)	(50.0, 2.3282768209609253)	(51.0, 0.0)	(52.0, 0.0)	(53.0, 0.0)	(54.0, 0.0)	(55.0, 0.0)	(56.0, 0.0)	(57.0, 0.0)	(58.0, 0.0)	(59.0, 0.0)	(60.0, 0.0)	(61.0, 0.0)	(62.0, 0.0)	(63.0, 0.0)	(64.0, 0.0)	(65.0, 0.0)	(66.0, 0.0)	(67.0, 0.0)	(68.0, 0.0)	(69.0, 0.0)	(70.0, 0.0)	(71.0, 0.0)	(72.0, 0.0)	(73.0, 0.0)	(74.0, 0.0)	(75.0, 0.0)	(76.0, 0.0)	(77.0, 0.0)	(78.0, 0.0)	(79.0, 0.0)	(80.0, 0.0)	(81.0, 0.0)	(82.0, 0.0)	(83.0, 0.0)	(84.0, 0.0)	(85.0, 0.0)	(86.0, 0.0)	(87.0, 0.0)	(88.0, 0.0)	(89.0, 0.0)	(90.0, 0.0)	(91.0, 0.0)	(92.0, 0.0)	(93.0, 0.0)	(94.0, 0.0)	(95.0, 0.0)	(96.0, 0.0)	(97.0, 0.0)	(98.0, 0.0)	(99.0, 0.0)	(100.0, 0.0)
FAY99780_pass_barcode08_98e12ebb_5ad7f319_63	(0.0, 0.0)	(1.0, 0.0)	(2.0, 0.0)	(3.0, 0.0)	(4.0, 0.0)	(5.0, 0.0)	(6.0, 0.0)	(7.0, 0.0)	(8.0, 0.0)	(9.0, 0.0)	(10.0, 0.0)	(11.0, 0.0)	(12.0, 0.0)	(13.0, 0.0)	(14.0, 0.0)	(15.0, 0.0)	(16.0, 0.0)	(17.0, 0.0)	(18.0, 0.0)	(19.0, 0.0)	(20.0, 0.0)	(21.0, 0.0)	(22.0, 0.0)	(23.0, 0.0)	(24.0, 0.0)	(25.0, 0.0)	(26.0, 0.0)	(27.0, 0.0)	(28.0, 0.0)	(29.0, 0.0)	(30.0, 0.0)	(31.0, 0.06325910134973367)	(32.0, 0.04893925502429644)	(33.0, 1.2955555511886474)	(34.0, 2.7941842939326587)	(35.0, 2.5125569181704446)	(36.0, 5.681726108611866)	(37.0, 5.586352801295463)	(38.0, 9.891466081313498)	(39.0, 7.797297802435919)	(40.0, 8.311689026730965)	(41.0, 4.7551145251588585)	(42.0, 5.397184174929492)	(43.0, 5.863738406161119)	(44.0, 3.71122683934248)	(45.0, 5.195717575079471)	(46.0, 6.828657384390163)	(47.0, 4.453472207210976)	(48.0, 2.226736103605488)	(49.0, 3.853586538501294)	(50.0, 3.3401041554082322)	(51.0, 1.4844907357369919)	(52.0, 1.4844907357369919)	(53.0, 1.4844907357369919)	(54.0, 0.0)	(55.0, 0.0)	(56.0, 0.0)	(57.0, 1.4844907357369919)	(58.0, 0.0)	(59.0, 0.0)	(60.0, 0.0)	(61.0, 0.0)	(62.0, 0.0)	(63.0, 0.0)	(64.0, 0.0)	(65.0, 0.0)	(66.0, 0.0)	(67.0, 0.0)	(68.0, 0.0)	(69.0, 0.0)	(70.0, 0.0)	(71.0, 0.0)	(72.0, 2.226736103605488)	(73.0, 2.226736103605488)	(74.0, 0.0)	(75.0, 0.0)	(76.0, 0.0)	(77.0, 0.0)	(78.0, 0.0)	(79.0, 0.0)	(80.0, 0.0)	(81.0, 0.0)	(82.0, 0.0)	(83.0, 0.0)	(84.0, 0.0)	(85.0, 0.0)	(86.0, 0.0)	(87.0, 0.0)	(88.0, 0.0)	(89.0, 0.0)	(90.0, 0.0)	(91.0, 0.0)	(92.0, 0.0)	(93.0, 0.0)	(94.0, 0.0)	(95.0, 0.0)	(96.0, 0.0)	(97.0, 0.0)	(98.0, 0.0)	(99.0, 0.0)	(100.0, 0.0)
FAY99780_pass_barcode08_98e12ebb_5ad7f319_64	(0.0, 0.0)	(1.0, 0.0)	(2.0, 0.0)	(3.0, 0.0)	(4.0, 0.0)	(5.0, 0.0)	(6.0, 0.0)	(7.0, 0.0)	(8.0, 0.0)	(9.0, 0.0)	(10.0, 0.0)	(11.0, 0.0)	(12.0, 0.0)	(13.0, 0.0)	(14.0, 0.0)	(15.0, 0.0)	(16.0, 0.0)	(17.0, 0.0)	(18.0, 0.0)	(19.0, 0.0)	(20.0, 0.0)	(21.0, 0.0)	(22.0, 0.0)	(23.0, 0.0)	(24.0, 0.0)	(25.0, 0.0)	(26.0, 0.0)	(27.0, 0.0)	(28.0, 0.0)	(29.0, 1.2354178204239383)	(30.0, 2.448176462323354)	(31.0, 3.160146147794942)	(32.0, 2.178757406348055)	(33.0, 2.2857974112508868)	(34.0, 3.44317062957374)	(35.0, 10.368418277952589)	(36.0, 8.719964141053905)	(37.0, 11.529617732177828)	(38.0, 13.159386430238799)	(39.0, 8.093189916468356)	(40.0, 8.122128195401785)	(41.0, 9.639107971157417)	(42.0, 3.8471344407938424)	(43.0, 0.14074882100465277)	(44.0, 0.9617836101984606)	(45.0, 0.0)	(46.0, 0.9617836101984606)	(47.0, 0.9617836101984606)	(48.0, 0.0)	(49.0, 2.8853508305953817)	(50.0, 3.409960072521815)	(51.0, 0.5246092419264331)	(52.0, 0.0)	(53.0, 1.9235672203969212)	(54.0, 0.0)	(55.0, 0.0)	(56.0, 0.0)	(57.0, 0.0)	(58.0, 0.0)	(59.0, 0.0)	(60.0, 0.0)	(61.0, 0.0)	(62.0, 0.0)	(63.0, 0.0)	(64.0, 0.0)	(65.0, 0.0)	(66.0, 0.0)	(67.0, 0.0)	(68.0, 0.0)	(69.0, 0.0)	(70.0, 0.0)	(71.0, 0.0)	(72.0, 0.0)	(73.0, 0.0)	(74.0, 0.0)	(75.0, 0.0)	(76.0, 0.0)	(77.0, 0.0)	(78.0, 0.0)	(79.0, 0.0)	(80.0, 0.0)	(81.0, 0.0)	(82.0, 0.0)	(83.0, 0.0)	(84.0, 0.0)	(85.0, 0.0)	(86.0, 0.0)	(87.0, 0.0)	(88.0, 0.0)	(89.0, 0.0)	(90.0, 0.0)	(91.0, 0.0)	(92.0, 0.0)	(93.0, 0.0)	(94.0, 0.0)	(95.0, 0.0)	(96.0, 0.0)	(97.0, 0.0)	(98.0, 0.0)	(99.0, 0.0)	(100.0, 0.0)
FAY99780_pass_barcode08_98e12ebb_5ad7f319_65	(0.0, 0.0)	(1.0, 0.0)	(2.0, 0.0)	(3.0, 0.0)	(4.0, 0.0)	(5.0, 0.0)	(6.0, 0.0)	(7.0, 0.0)	(8.0, 0.0)	(9.0, 0.0)	(10.0, 0.0)	(11.0, 0.0)	(12.0, 0.0)	(13.0, 0.0)	(14.0, 0.0)	(15.0, 0.0)	(16.0, 0.0)	(17.0, 0.0)	(18.0, 0.0)	(19.0, 0.0)	(20.0, 0.0)	(21.0, 0.0)	(22.0, 0.0)	(23.0, 0.0)	(24.0, 0.0)	(25.0, 1.512458651116405)	(26.0, 1.512458651116405)	(27.0, 0.45373759533492164)	(28.0, 0.45373759533492164)	(29.0, 0.0)	(30.0, 0.0)	(31.0, 0.0)	(32.0, 0.971381894238142)	(33.0, 1.4035129374142579)	(34.0, 2.734242645257674)	(35.0, 8.787426183546465)	(36.0, 13.251172929071231)	(37.0, 15.797593622936635)	(38.0, 7.848354316017299)	(39.0, 9.058498696544866)	(40.0, 9.417452256653224)	(41.0, 6.427903919699797)	(42.0, 6.0429597924150915)	(43.0, 3.327409032456092)	(44.0, 1.512458651116405)	(45.0, 2.2686879766746078)	(46.0, 4.5373759533492155)	(47.0, 2.2686879766746078)	(48.0, 0.4124887230317469)	(49.0, 0.0)	(50.0, 0.0)	(51.0, 0.0)	(52.0, 0.0)	(53.0, 0.0)	(54.0, 0.0)	(55.0, 0.0)	(56.0, 0.0)	(57.0, 0.0)	(58.0, 0.0)	(59.0, 0.0)	(60.0, 0.0)	(61.0, 0.0)	(62.0, 0.0)	(63.0, 0.0)	(64.0, 0.0)	(65.0, 0.0)	(66.0, 0.0)	(67.0, 0.0)	(68.0, 0.0)	(69.0, 0.0)	(70.0, 0.0)	(71.0, 0.0)	(72.0, 0.0)	(73.0, 0.0)	(74.0, 0.0)	(75.0, 0.0)	(76.0, 0.0)	(77.0, 0.0)	(78.0, 0.0)	(79.0, 0.0)	(80.0, 0.0)	(81.0, 0.0)	(82.0, 0.0)	(83.0, 0.0)	(84.0, 0.0)	(85.0, 0.0)	(86.0, 0.0)	(87.0, 0.0)	(88.0, 0.0)	(89.0, 0.0)	(90.0, 0.0)	(91.0, 0.0)	(92.0, 0.0)	(93.0, 0.0)	(94.0, 0.0)	(95.0, 0.0)	(96.0, 0.0)	(97.0, 0.0)	(98.0, 0.0)	(99.0, 0.0)	(100.0, 0.0)
FAY99780_pass_barcode08_98e12ebb_5ad7f319_66	(0.0, 0.0)	(1.0, 0.0)	(2.0, 0.0)	(3.0, 0.0)	(4.0, 0.0)	(5.0, 0.0)	(6.0, 0.0)	(7.0, 0.0)	(8.0, 0.0)	(9.0, 0.0)	(10.0, 0.0)	(11.0, 0.0)	(12.0, 0.0)	(13.0, 0.0)	(14.0, 0.0)	(15.0, 0.0)	(16.0, 0.0)	(17.0, 0.0)	(18.0, 0.0)	(19.0, 0.0)	(20.0, 0.0)	(21.0, 0.0)	(22.0, 0.0)	(23.0, 0.0)	(24.0, 0.0)	(25.0, 0.0)	(26.0, 0.0)	(27.0, 0.0)	(28.0, 0.7860533397649413)	(29.0, 0.7860533397649413)	(30.0, 0.0)	(31.0, 0.6949776408616949)	(32.0, 2.2495185007907263)	(33.0, 4.7512557425792)	(34.0, 3.856128949114157)	(35.0, 3.030375945724724)	(36.0, 9.340829752469912)	(37.0, 13.784430541704932)	(38.0, 12.05586739316832)	(39.0, 13.418843362195757)	(40.0, 10.879556038230431)	(41.0, 5.141490629664851)	(42.0, 2.769902244885983)	(43.0, 5.974005382213552)	(44.0, 2.0961422393731763)	(45.0, 0.0)	(46.0, 2.0961422393731763)	(47.0, 0.0)	(48.0, 0.0)	(49.0, 0.0)	(50.0, 0.0)	(51.0, 0.0)	(52.0, 0.0)	(53.0, 0.0)	(54.0, 0.0)	(55.0, 0.0)	(56.0, 0.0)	(57.0, 0.0)	(58.0, 0.0)	(59.0, 0.0)	(60.0, 0.0)	(61.0, 0.0)	(62.0, 0.0)	(63.0, 3.144213359059765)	(64.0, 3.144213359059765)	(65.0, 0.0)	(66.0, 0.0)	(67.0, 0.0)	(68.0, 0.0)	(69.0, 0.0)	(70.0, 0.0)	(71.0, 0.0)	(72.0, 0.0)	(73.0, 0.0)	(74.0, 0.0)	(75.0, 0.0)	(76.0, 0.0)	(77.0, 0.0)	(78.0, 0.0)	(79.0, 0.0)	(80.0, 0.0)	(81.0, 0.0)	(82.0, 0.0)	(83.0, 0.0)	(84.0, 0.0)	(85.0, 0.0)	(86.0, 0.0)	(87.0, 0.0)	(88.0, 0.0)	(89.0, 0.0)	(90.0, 0.0)	(91.0, 0.0)	(92.0, 0.0)	(93.0, 0.0)	(94.0, 0.0)	(95.0, 0.0)	(96.0, 0.0)	(97.0, 0.0)	(98.0, 0.0)	(99.0, 0.0)	(100.0, 0.0)
FAY99780_pass_barcode08_98e12ebb_5ad7f319_67	(0.0, 0.0)	(1.0, 0.0)	(2.0, 0.0)	(3.0, 0.0)	(4.0, 0.0)	(5.0, 0.0)	(6.0, 0.0)	(7.0, 0.0)	(8.0, 0.0)	(9.0, 0.0)	(10.0, 0.0)	(11.0, 0.0)	(12.0, 0.0)	(13.0, 0.0)	(14.0, 0.0)	(15.0, 0.0)	(16.0, 0.0)	(17.0, 0.0)	(18.0, 0.0)	(19.0, 0.0)	(20.0, 0.0)	(21.0, 0.0)	(22.0, 0.0)	(23.0, 0.0)	(24.0, 0.0)	(25.0, 0.17049063951826435)	(26.0, 0.0)	(27.0, 0.17049063951826435)	(28.0, 0.0)	(29.0, 0.0)	(30.0, 0.3254821299894138)	(31.0, 0.44753792873544396)	(32.0, 2.6217060599469875)	(33.0, 2.1311329939783046)	(34.0, 3.340607287643285)	(35.0, 8.3612364279171)	(36.0, 11.565854991325276)	(37.0, 11.11863919465962)	(38.0, 11.381890324673751)	(39.0, 6.2077679350258945)	(40.0, 8.147036967766425)	(41.0, 7.592068220177206)	(42.0, 7.087132088836838)	(43.0, 7.578308926586849)	(44.0, 6.563889621453177)	(45.0, 2.1156338449311898)	(46.0, 1.9094951626045606)	(47.0, 0.7160606859767102)	(48.0, 0.0)	(49.0, 0.0)	(50.0, 0.44753792873544396)	(51.0, 0.0)	(52.0, 0.0)	(53.0, 0.0)	(54.0, 0.0)	(55.0, 0.0)	(56.0, 0.0)	(57.0, 0.0)	(58.0, 0.0)	(59.0, 0.0)	(60.0, 0.0)	(61.0, 0.0)	(62.0, 0.0)	(63.0, 0.0)	(64.0, 0.0)	(65.0, 0.0)	(66.0, 0.0)	(67.0, 0.0)	(68.0, 0.0)	(69.0, 0.0)	(70.0, 0.0)	(71.0, 0.0)	(72.0, 0.0)	(73.0, 0.0)	(74.0, 0.0)	(75.0, 0.0)	(76.0, 0.0)	(77.0, 0.0)	(78.0, 0.0)	(79.0, 0.0)	(80.0, 0.0)	(81.0, 0.0)	(82.0, 0.0)	(83.0, 0.0)	(84.0, 0.0)	(85.0, 0.0)	(86.0, 0.0)	(87.0, 0.0)	(88.0, 0.0)	(89.0, 0.0)	(90.0, 0.0)	(91.0, 0.0)	(92.0, 0.0)	(93.0, 0.0)	(94.0, 0.0)	(95.0, 0.0)	(96.0, 0.0)	(97.0, 0.0)	(98.0, 0.0)	(99.0, 0.0)	(100.0, 0.0)
FAY99780_pass_barcode08_98e12ebb_5ad7f319_68	(0.0, 0.0)	(1.0, 0.0)	(2.0, 0.0)	(3.0, 0.0)	(4.0, 0.0)	(5.0, 0.0)	(6.0, 0.0)	(7.0, 0.0)	(8.0, 0.0)	(9.0, 0.0)	(10.0, 0.0)	(11.0, 0.0)	(12.0, 0.0)	(13.0, 0.0)	(14.0, 0.0)	(15.0, 0.0)	(16.0, 0.0)	(17.0, 0.0)	(18.0, 0.0)	(19.0, 0.0)	(20.0, 0.0)	(21.0, 0.0)	(22.0, 0.0)	(23.0, 0.0)	(24.0, 1.7010079851542645)	(25.0, 1.7010079851542645)	(26.0, 1.7010079851542645)	(27.0, 1.7010079851542645)	(28.0, 0.42525199628856614)	(29.0, 0.3092741791189572)	(30.0, 0.0)	(31.0, 0.0)	(32.0, 1.0530049431907353)	(33.0, 1.7250698628154104)	(34.0, 1.6734128519748828)	(35.0, 11.370120630697341)	(36.0, 8.724035057080425)	(37.0, 9.070457310634614)	(38.0, 6.76866926153516)	(39.0, 9.14910355522945)	(40.0, 10.507445480661765)	(41.0, 9.301064726904738)	(42.0, 5.512152822717983)	(43.0, 7.089006005662384)	(44.0, 4.025718898198426)	(45.0, 2.126259981442831)	(46.0, 2.8350133085904408)	(47.0, 0.0)	(48.0, 1.5309071866388384)	(49.0, 0.0)	(50.0, 0.0)	(51.0, 0.0)	(52.0, 0.0)	(53.0, 0.0)	(54.0, 0.0)	(55.0, 0.0)	(56.0, 0.0)	(57.0, 0.0)	(58.0, 0.0)	(59.0, 0.0)	(60.0, 0.0)	(61.0, 0.0)	(62.0, 0.0)	(63.0, 0.0)	(64.0, 0.0)	(65.0, 0.0)	(66.0, 0.0)	(67.0, 0.0)	(68.0, 0.0)	(69.0, 0.0)	(70.0, 0.0)	(71.0, 0.0)	(72.0, 0.0)	(73.0, 0.0)	(74.0, 0.0)	(75.0, 0.0)	(76.0, 0.0)	(77.0, 0.0)	(78.0, 0.0)	(79.0, 0.0)	(80.0, 0.0)	(81.0, 0.0)	(82.0, 0.0)	(83.0, 0.0)	(84.0, 0.0)	(85.0, 0.0)	(86.0, 0.0)	(87.0, 0.0)	(88.0, 0.0)	(89.0, 0.0)	(90.0, 0.0)	(91.0, 0.0)	(92.0, 0.0)	(93.0, 0.0)	(94.0, 0.0)	(95.0, 0.0)	(96.0, 0.0)	(97.0, 0.0)	(98.0, 0.0)	(99.0, 0.0)	(100.0, 0.0)
FAY99780_pass_barcode08_98e12ebb_5ad7f319_69	(0.0, 0.0)	(1.0, 0.0)	(2.0, 0.0)	(3.0, 0.0)	(4.0, 0.0)	(5.0, 0.0)	(6.0, 0.0)	(7.0, 0.0)	(8.0, 0.0)	(9.0, 0.0)	(10.0, 0.0)	(11.0, 0.0)	(12.0, 0.0)	(13.0, 0.0)	(14.0, 0.0)	(15.0, 0.0)	(16.0, 0.0)	(17.0, 0.0)	(18.0, 0.0)	(19.0, 0.0)	(20.0, 0.0)	(21.0, 0.0)	(22.0, 0.0)	(23.0, 0.6549914964721308)	(24.0, 0.0)	(25.0, 0.0)	(26.0, 0.0)	(27.0, 0.9186893716751965)	(28.0, 0.0)	(29.0, 0.43666099764808725)	(30.0, 0.0)	(31.0, 0.0)	(32.0, 2.456218111770491)	(33.0, 3.624286280479124)	(34.0, 1.9577715037513765)	(35.0, 1.8556073777129491)	(36.0, 6.9673318076372714)	(37.0, 11.607418459643172)	(38.0, 8.416516073145146)	(39.0, 9.83767829618319)	(40.0, 11.977842518437145)	(41.0, 5.859649418449642)	(42.0, 6.551294378192292)	(43.0, 9.16988095060983)	(44.0, 6.3861670906032755)	(45.0, 4.117089406396252)	(46.0, 1.9649744894163927)	(47.0, 0.0)	(48.0, 1.9649744894163927)	(49.0, 3.274957482360654)	(50.0, 0.0)	(51.0, 0.0)	(52.0, 0.0)	(53.0, 0.0)	(54.0, 0.0)	(55.0, 0.0)	(56.0, 0.0)	(57.0, 0.0)	(58.0, 0.0)	(59.0, 0.0)	(60.0, 0.0)	(61.0, 0.0)	(62.0, 0.0)	(63.0, 0.0)	(64.0, 0.0)	(65.0, 0.0)	(66.0, 0.0)	(67.0, 0.0)	(68.0, 0.0)	(69.0, 0.0)	(70.0, 0.0)	(71.0, 0.0)	(72.0, 0.0)	(73.0, 0.0)	(74.0, 0.0)	(75.0, 0.0)	(76.0, 0.0)	(77.0, 0.0)	(78.0, 0.0)	(79.0, 0.0)	(80.0, 0.0)	(81.0, 0.0)	(82.0, 0.0)	(83.0, 0.0)	(84.0, 0.0)	(85.0, 0.0)	(86.0, 0.0)	(87.0, 0.0)	(88.0, 0.0)	(89.0, 0.0)	(90.0, 0.0)	(91.0, 0.0)	(92.0, 0.0)	(93.0, 0.0)	(94.0, 0.0)	(95.0, 0.0)	(96.0, 0.0)	(97.0, 0.0)	(98.0, 0.0)	(99.0, 0.0)	(100.0, 0.0)
FAY99780_pass_barcode08_98e12ebb_5ad7f319_7	(0.0, 0.0)	(1.0, 0.0)	(2.0, 0.0)	(3.0, 0.0)	(4.0, 0.0)	(5.0, 0.0)	(6.0, 0.0)	(7.0, 0.0)	(8.0, 0.0)	(9.0, 0.0)	(10.0, 0.0)	(11.0, 0.0)	(12.0, 0.0)	(13.0, 0.0)	(14.0, 0.0)	(15.0, 0.0)	(16.0, 0.0)	(17.0, 0.0)	(18.0, 0.0)	(19.0, 0.0)	(20.0, 0.0)	(21.0, 0.0)	(22.0, 0.0)	(23.0, 0.0)	(24.0, 0.0)	(25.0, 0.0)	(26.0, 0.3284016102134625)	(27.0, 0.6841700212780468)	(28.0, 0.6841700212780468)	(29.0, 0.0)	(30.0, 0.0)	(31.0, 0.9831529617855704)	(32.0, 2.7535004913906884)	(33.0, 4.84853591778502)	(34.0, 6.244420999248013)	(35.0, 3.7622958210448525)	(36.0, 6.6796591256495645)	(37.0, 7.947227599000837)	(38.0, 7.031857584164867)	(39.0, 10.590720771539495)	(40.0, 12.802749725342816)	(41.0, 9.696584337437013)	(42.0, 5.435428378871186)	(43.0, 2.567005919835232)	(44.0, 5.632087615160882)	(45.0, 1.9923031019616726)	(46.0, 2.7585735257930852)	(47.0, 3.448216907241356)	(48.0, 1.1494056357471187)	(49.0, 0.2554234746104708)	(50.0, 0.0)	(51.0, 0.0)	(52.0, 0.0)	(53.0, 0.0)	(54.0, 0.5747028178735594)	(55.0, 0.5747028178735594)	(56.0, 0.5747028178735594)	(57.0, 0.0)	(58.0, 0.0)	(59.0, 0.0)	(60.0, 0.0)	(61.0, 0.0)	(62.0, 0.0)	(63.0, 0.0)	(64.0, 0.0)	(65.0, 0.0)	(66.0, 0.0)	(67.0, 0.0)	(68.0, 0.0)	(69.0, 0.0)	(70.0, 0.0)	(71.0, 0.0)	(72.0, 0.0)	(73.0, 0.0)	(74.0, 0.0)	(75.0, 0.0)	(76.0, 0.0)	(77.0, 0.0)	(78.0, 0.0)	(79.0, 0.0)	(80.0, 0.0)	(81.0, 0.0)	(82.0, 0.0)	(83.0, 0.0)	(84.0, 0.0)	(85.0, 0.0)	(86.0, 0.0)	(87.0, 0.0)	(88.0, 0.0)	(89.0, 0.0)	(90.0, 0.0)	(91.0, 0.0)	(92.0, 0.0)	(93.0, 0.0)	(94.0, 0.0)	(95.0, 0.0)	(96.0, 0.0)	(97.0, 0.0)	(98.0, 0.0)	(99.0, 0.0)	(100.0, 0.0)
FAY99780_pass_barcode08_98e12ebb_5ad7f319_70	(0.0, 0.0)	(1.0, 0.0)	(2.0, 0.0)	(3.0, 0.0)	(4.0, 0.0)	(5.0, 0.0)	(6.0, 0.0)	(7.0, 0.0)	(8.0, 0.0)	(9.0, 0.0)	(10.0, 0.0)	(11.0, 0.0)	(12.0, 0.0)	(13.0, 0.0)	(14.0, 0.0)	(15.0, 0.0)	(16.0, 0.0)	(17.0, 0.0)	(18.0, 0.0)	(19.0, 0.0)	(20.0, 0.0)	(21.0, 0.0)	(22.0, 0.0)	(23.0, 0.0)	(24.0, 0.0)	(25.0, 0.0)	(26.0, 0.0)	(27.0, 0.0)	(28.0, 0.0)	(29.0, 0.0)	(30.0, 0.6327671803338856)	(31.0, 0.6327671803338856)	(32.0, 1.388998370158)	(33.0, 0.7782793257730224)	(34.0, 3.795343585654039)	(35.0, 4.961112066707429)	(36.0, 6.655853076647037)	(37.0, 6.4699465190750916)	(38.0, 7.770578485597023)	(39.0, 15.150412063725266)	(40.0, 10.645348362583306)	(41.0, 7.626638398938428)	(42.0, 2.577717597741478)	(43.0, 2.9212751492081046)	(44.0, 4.268302252797664)	(45.0, 6.294800780983848)	(46.0, 2.2434472757292307)	(47.0, 0.0)	(48.0, 0.0)	(49.0, 1.8983015410016568)	(50.0, 1.8983015410016568)	(51.0, 0.0)	(52.0, 0.0)	(53.0, 0.0)	(54.0, 0.0)	(55.0, 0.0)	(56.0, 0.0)	(57.0, 1.8983015410016568)	(58.0, 1.8983015410016568)	(59.0, 0.0)	(60.0, 0.0)	(61.0, 0.0)	(62.0, 0.0)	(63.0, 0.0)	(64.0, 1.8983015410016568)	(65.0, 3.7966030820033136)	(66.0, 1.8983015410016568)	(67.0, 0.0)	(68.0, 0.0)	(69.0, 0.0)	(70.0, 0.0)	(71.0, 0.0)	(72.0, 0.0)	(73.0, 0.0)	(74.0, 0.0)	(75.0, 0.0)	(76.0, 0.0)	(77.0, 0.0)	(78.0, 0.0)	(79.0, 0.0)	(80.0, 0.0)	(81.0, 0.0)	(82.0, 0.0)	(83.0, 0.0)	(84.0, 0.0)	(85.0, 0.0)	(86.0, 0.0)	(87.0, 0.0)	(88.0, 0.0)	(89.0, 0.0)	(90.0, 0.0)	(91.0, 0.0)	(92.0, 0.0)	(93.0, 0.0)	(94.0, 0.0)	(95.0, 0.0)	(96.0, 0.0)	(97.0, 0.0)	(98.0, 0.0)	(99.0, 0.0)	(100.0, 0.0)
FAY99780_pass_barcode08_98e12ebb_5ad7f319_71	(0.0, 0.0)	(1.0, 0.0)	(2.0, 0.0)	(3.0, 0.0)	(4.0, 0.0)	(5.0, 0.0)	(6.0, 0.0)	(7.0, 0.0)	(8.0, 0.0)	(9.0, 0.0)	(10.0, 0.0)	(11.0, 0.0)	(12.0, 0.0)	(13.0, 0.0)	(14.0, 0.0)	(15.0, 0.0)	(16.0, 0.0)	(17.0, 0.0)	(18.0, 0.0)	(19.0, 0.0)	(20.0, 0.0)	(21.0, 0.0)	(22.0, 0.0)	(23.0, 2.131371050942673)	(24.0, 4.262742101885346)	(25.0, 2.131371050942673)	(26.0, 0.0)	(27.0, 0.0)	(28.0, 0.0)	(29.0, 0.0)	(30.0, 0.2029877191373974)	(31.0, 0.0)	(32.0, 0.9125518282628453)	(33.0, 2.171968594770152)	(34.0, 3.0300530438509687)	(35.0, 2.939176649133183)	(36.0, 5.968262566512738)	(37.0, 10.604166512495285)	(38.0, 7.121576491378836)	(39.0, 7.578408475283495)	(40.0, 6.651583253935259)	(41.0, 7.61419236770386)	(42.0, 4.863401216241917)	(43.0, 4.682557611919509)	(44.0, 3.5522850849044545)	(45.0, 4.366711421443525)	(46.0, 3.197056576414009)	(47.0, 4.65026411114765)	(48.0, 2.131371050942673)	(49.0, 0.0)	(50.0, 0.0)	(51.0, 2.131371050942673)	(52.0, 2.131371050942673)	(53.0, 0.0)	(54.0, 1.0656855254713364)	(55.0, 1.0656855254713364)	(56.0, 0.0)	(57.0, 1.4209140339617818)	(58.0, 1.4209140339617818)	(59.0, 0.0)	(60.0, 0.0)	(61.0, 0.0)	(62.0, 0.0)	(63.0, 0.0)	(64.0, 0.0)	(65.0, 0.0)	(66.0, 0.0)	(67.0, 0.0)	(68.0, 0.0)	(69.0, 0.0)	(70.0, 0.0)	(71.0, 0.0)	(72.0, 0.0)	(73.0, 0.0)	(74.0, 0.0)	(75.0, 0.0)	(76.0, 0.0)	(77.0, 0.0)	(78.0, 0.0)	(79.0, 0.0)	(80.0, 0.0)	(81.0, 0.0)	(82.0, 0.0)	(83.0, 0.0)	(84.0, 0.0)	(85.0, 0.0)	(86.0, 0.0)	(87.0, 0.0)	(88.0, 0.0)	(89.0, 0.0)	(90.0, 0.0)	(91.0, 0.0)	(92.0, 0.0)	(93.0, 0.0)	(94.0, 0.0)	(95.0, 0.0)	(96.0, 0.0)	(97.0, 0.0)	(98.0, 0.0)	(99.0, 0.0)	(100.0, 0.0)
FAY99780_pass_barcode08_98e12ebb_5ad7f319_72	(0.0, 0.0)	(1.0, 0.0)	(2.0, 0.0)	(3.0, 0.0)	(4.0, 0.0)	(5.0, 0.0)	(6.0, 0.0)	(7.0, 0.0)	(8.0, 0.0)	(9.0, 0.0)	(10.0, 0.0)	(11.0, 0.0)	(12.0, 0.0)	(13.0, 0.0)	(14.0, 0.0)	(15.0, 0.0)	(16.0, 0.0)	(17.0, 0.0)	(18.0, 0.0)	(19.0, 0.0)	(20.0, 0.0)	(21.0, 0.0)	(22.0, 0.0)	(23.0, 0.0)	(24.0, 0.0)	(25.0, 0.0)	(26.0, 0.0)	(27.0, 0.0)	(28.0, 0.0)	(29.0, 0.07027438322696261)	(30.0, 1.962663131553027)	(31.0, 2.2776327539372883)	(32.0, 0.4542368153121898)	(33.0, 1.2218159811051454)	(34.0, 2.53949725500491)	(35.0, 3.5456732688500088)	(36.0, 4.955291079645567)	(37.0, 10.564666118100734)	(38.0, 10.444002980946978)	(39.0, 6.9415953138901605)	(40.0, 5.832301880819428)	(41.0, 6.119940492024439)	(42.0, 9.089818753029482)	(43.0, 9.706649183224208)	(44.0, 5.463404793559593)	(45.0, 0.7167987089150186)	(46.0, 2.2372808187347553)	(47.0, 1.5204821098197363)	(48.0, 1.7919967722875463)	(49.0, 1.7919967722875463)	(50.0, 0.0)	(51.0, 0.0)	(52.0, 0.0)	(53.0, 1.7919967722875463)	(54.0, 3.5839935445750926)	(55.0, 1.7919967722875463)	(56.0, 0.0)	(57.0, 0.0)	(58.0, 0.0)	(59.0, 0.0)	(60.0, 0.0)	(61.0, 0.0)	(62.0, 0.0)	(63.0, 0.0)	(64.0, 0.0)	(65.0, 0.0)	(66.0, 0.0)	(67.0, 0.0)	(68.0, 0.0)	(69.0, 0.0)	(70.0, 0.0)	(71.0, 0.0)	(72.0, 0.0)	(73.0, 0.0)	(74.0, 0.0)	(75.0, 0.0)	(76.0, 0.0)	(77.0, 0.0)	(78.0, 1.7919967722875463)	(79.0, 1.7919967722875463)	(80.0, 0.0)	(81.0, 0.0)	(82.0, 0.0)	(83.0, 0.0)	(84.0, 0.0)	(85.0, 0.0)	(86.0, 0.0)	(87.0, 0.0)	(88.0, 0.0)	(89.0, 0.0)	(90.0, 0.0)	(91.0, 0.0)	(92.0, 0.0)	(93.0, 0.0)	(94.0, 0.0)	(95.0, 0.0)	(96.0, 0.0)	(97.0, 0.0)	(98.0, 0.0)	(99.0, 0.0)	(100.0, 0.0)
FAY99780_pass_barcode08_98e12ebb_5ad7f319_73	(0.0, 0.0)	(1.0, 0.0)	(2.0, 0.0)	(3.0, 0.0)	(4.0, 0.0)	(5.0, 0.0)	(6.0, 0.0)	(7.0, 0.0)	(8.0, 0.0)	(9.0, 0.0)	(10.0, 0.0)	(11.0, 0.0)	(12.0, 0.0)	(13.0, 0.0)	(14.0, 0.0)	(15.0, 0.0)	(16.0, 0.0)	(17.0, 0.0)	(18.0, 0.0)	(19.0, 0.0)	(20.0, 0.0)	(21.0, 0.0)	(22.0, 0.0)	(23.0, 0.0)	(24.0, 0.0)	(25.0, 0.0)	(26.0, 0.0)	(27.0, 0.0)	(28.0, 0.0)	(29.0, 0.0)	(30.0, 0.9524714844500481)	(31.0, 0.0)	(32.0, 0.0)	(33.0, 0.4762357422250241)	(34.0, 4.35192414548319)	(35.0, 2.9217911305181)	(36.0, 7.538638890624879)	(37.0, 10.08608750999549)	(38.0, 12.35413807048791)	(39.0, 7.82689597776088)	(40.0, 10.507572681460866)	(41.0, 13.608436334080062)	(42.0, 5.637724072244808)	(43.0, 4.708497427593839)	(44.0, 3.7106701581699784)	(45.0, 3.492395442983509)	(46.0, 2.619296582237632)	(47.0, 3.0955323244626567)	(48.0, 2.619296582237632)	(49.0, 0.0)	(50.0, 0.0)	(51.0, 0.0)	(52.0, 0.0)	(53.0, 1.7461977214917546)	(54.0, 1.7461977214917546)	(55.0, 0.0)	(56.0, 0.0)	(57.0, 0.0)	(58.0, 0.0)	(59.0, 0.0)	(60.0, 0.0)	(61.0, 0.0)	(62.0, 0.0)	(63.0, 0.0)	(64.0, 0.0)	(65.0, 0.0)	(66.0, 0.0)	(67.0, 0.0)	(68.0, 0.0)	(69.0, 0.0)	(70.0, 0.0)	(71.0, 0.0)	(72.0, 0.0)	(73.0, 0.0)	(74.0, 0.0)	(75.0, 0.0)	(76.0, 0.0)	(77.0, 0.0)	(78.0, 0.0)	(79.0, 0.0)	(80.0, 0.0)	(81.0, 0.0)	(82.0, 0.0)	(83.0, 0.0)	(84.0, 0.0)	(85.0, 0.0)	(86.0, 0.0)	(87.0, 0.0)	(88.0, 0.0)	(89.0, 0.0)	(90.0, 0.0)	(91.0, 0.0)	(92.0, 0.0)	(93.0, 0.0)	(94.0, 0.0)	(95.0, 0.0)	(96.0, 0.0)	(97.0, 0.0)	(98.0, 0.0)	(99.0, 0.0)	(100.0, 0.0)
FAY99780_pass_barcode08_98e12ebb_5ad7f319_74	(0.0, 0.0)	(1.0, 0.0)	(2.0, 0.0)	(3.0, 0.0)	(4.0, 0.0)	(5.0, 0.0)	(6.0, 0.0)	(7.0, 0.0)	(8.0, 0.0)	(9.0, 0.0)	(10.0, 0.0)	(11.0, 0.0)	(12.0, 0.0)	(13.0, 0.0)	(14.0, 0.0)	(15.0, 0.0)	(16.0, 0.0)	(17.0, 0.0)	(18.0, 0.0)	(19.0, 0.0)	(20.0, 0.0)	(21.0, 0.0)	(22.0, 0.0)	(23.0, 0.0)	(24.0, 0.0)	(25.0, 0.0)	(26.0, 0.0)	(27.0, 0.0)	(28.0, 0.0)	(29.0, 0.5334400379592443)	(30.0, 0.0)	(31.0, 0.0)	(32.0, 0.2051014562086582)	(33.0, 1.5703342457900922)	(34.0, 1.9081475192950745)	(35.0, 3.7576829014425766)	(36.0, 7.037974102203057)	(37.0, 4.00710072254224)	(38.0, 13.025768598747046)	(39.0, 10.409611748716346)	(40.0, 13.727613675260708)	(41.0, 9.636419511932138)	(42.0, 4.000800284694333)	(43.0, 2.850093917096534)	(44.0, 6.014536427990479)	(45.0, 6.601320469745649)	(46.0, 8.80176062632753)	(47.0, 4.445333649660369)	(48.0, 0.0)	(49.0, 1.466960104387922)	(50.0, 0.0)	(51.0, 0.0)	(52.0, 0.0)	(53.0, 0.0)	(54.0, 0.0)	(55.0, 0.0)	(56.0, 0.0)	(57.0, 0.0)	(58.0, 0.0)	(59.0, 0.0)	(60.0, 0.0)	(61.0, 0.0)	(62.0, 0.0)	(63.0, 0.0)	(64.0, 0.0)	(65.0, 0.0)	(66.0, 0.0)	(67.0, 0.0)	(68.0, 0.0)	(69.0, 0.0)	(70.0, 0.0)	(71.0, 0.0)	(72.0, 0.0)	(73.0, 0.0)	(74.0, 0.0)	(75.0, 0.0)	(76.0, 0.0)	(77.0, 0.0)	(78.0, 0.0)	(79.0, 0.0)	(80.0, 0.0)	(81.0, 0.0)	(82.0, 0.0)	(83.0, 0.0)	(84.0, 0.0)	(85.0, 0.0)	(86.0, 0.0)	(87.0, 0.0)	(88.0, 0.0)	(89.0, 0.0)	(90.0, 0.0)	(91.0, 0.0)	(92.0, 0.0)	(93.0, 0.0)	(94.0, 0.0)	(95.0, 0.0)	(96.0, 0.0)	(97.0, 0.0)	(98.0, 0.0)	(99.0, 0.0)	(100.0, 0.0)
FAY99780_pass_barcode08_98e12ebb_5ad7f319_75	(0.0, 0.0)	(1.0, 0.0)	(2.0, 0.0)	(3.0, 0.0)	(4.0, 0.0)	(5.0, 0.0)	(6.0, 0.0)	(7.0, 0.0)	(8.0, 0.0)	(9.0, 0.0)	(10.0, 0.0)	(11.0, 0.0)	(12.0, 0.0)	(13.0, 0.0)	(14.0, 0.0)	(15.0, 0.0)	(16.0, 0.0)	(17.0, 0.0)	(18.0, 0.0)	(19.0, 0.0)	(20.0, 0.0)	(21.0, 0.0)	(22.0, 0.0)	(23.0, 0.0)	(24.0, 0.0)	(25.0, 0.0)	(26.0, 0.0)	(27.0, 0.0)	(28.0, 0.0)	(29.0, 1.066853894166723)	(30.0, 0.0)	(31.0, 0.0)	(32.0, 1.4002457360938239)	(33.0, 1.5402703097032062)	(34.0, 3.390464290499821)	(35.0, 8.277042528780697)	(36.0, 7.596901374056031)	(37.0, 9.872621189301213)	(38.0, 8.347895170968778)	(39.0, 5.833168647657811)	(40.0, 11.067167130019213)	(41.0, 11.352786007717613)	(42.0, 10.76866404000082)	(43.0, 2.6954730419806108)	(44.0, 2.8880068306935116)	(45.0, 0.7001228680469119)	(46.0, 3.8506757742580153)	(47.0, 3.8506757742580153)	(48.0, 0.366731026119811)	(49.0, 0.0)	(50.0, 0.0)	(51.0, 0.0)	(52.0, 0.0)	(53.0, 2.5671171828386767)	(54.0, 2.5671171828386767)	(55.0, 0.0)	(56.0, 0.0)	(57.0, 0.0)	(58.0, 0.0)	(59.0, 0.0)	(60.0, 0.0)	(61.0, 0.0)	(62.0, 0.0)	(63.0, 0.0)	(64.0, 0.0)	(65.0, 0.0)	(66.0, 0.0)	(67.0, 0.0)	(68.0, 0.0)	(69.0, 0.0)	(70.0, 0.0)	(71.0, 0.0)	(72.0, 0.0)	(73.0, 0.0)	(74.0, 0.0)	(75.0, 0.0)	(76.0, 0.0)	(77.0, 0.0)	(78.0, 0.0)	(79.0, 0.0)	(80.0, 0.0)	(81.0, 0.0)	(82.0, 0.0)	(83.0, 0.0)	(84.0, 0.0)	(85.0, 0.0)	(86.0, 0.0)	(87.0, 0.0)	(88.0, 0.0)	(89.0, 0.0)	(90.0, 0.0)	(91.0, 0.0)	(92.0, 0.0)	(93.0, 0.0)	(94.0, 0.0)	(95.0, 0.0)	(96.0, 0.0)	(97.0, 0.0)	(98.0, 0.0)	(99.0, 0.0)	(100.0, 0.0)
FAY99780_pass_barcode08_98e12ebb_5ad7f319_76	(0.0, 0.0)	(1.0, 0.0)	(2.0, 0.0)	(3.0, 0.0)	(4.0, 0.0)	(5.0, 0.0)	(6.0, 0.0)	(7.0, 0.0)	(8.0, 0.0)	(9.0, 0.0)	(10.0, 0.0)	(11.0, 0.0)	(12.0, 0.0)	(13.0, 0.0)	(14.0, 0.0)	(15.0, 0.0)	(16.0, 0.0)	(17.0, 0.0)	(18.0, 0.0)	(19.0, 0.0)	(20.0, 0.0)	(21.0, 0.0)	(22.0, 0.0)	(23.0, 0.0)	(24.0, 0.0)	(25.0, 0.0)	(26.0, 0.0)	(27.0, 0.1316616082393603)	(28.0, 0.49073872161943377)	(29.0, 0.25705361608637006)	(30.0, 0.0)	(31.0, 0.622400329858794)	(32.0, 0.0)	(33.0, 1.4722161648583012)	(34.0, 2.523355714509397)	(35.0, 2.7457266426669085)	(36.0, 3.729898798477692)	(37.0, 11.590620920215889)	(38.0, 6.872659826169973)	(39.0, 8.230307417684731)	(40.0, 13.108311532372566)	(41.0, 14.251870373697722)	(42.0, 6.320051370287761)	(43.0, 7.827282609829968)	(44.0, 8.048115034558712)	(45.0, 5.479915724750343)	(46.0, 0.8996876563022952)	(47.0, 0.0)	(48.0, 0.0)	(49.0, 0.0)	(50.0, 0.0)	(51.0, 0.0)	(52.0, 0.0)	(53.0, 2.6990629689068855)	(54.0, 2.6990629689068855)	(55.0, 0.0)	(56.0, 0.0)	(57.0, 0.0)	(58.0, 0.0)	(59.0, 0.0)	(60.0, 0.0)	(61.0, 0.0)	(62.0, 0.0)	(63.0, 0.0)	(64.0, 0.0)	(65.0, 0.0)	(66.0, 0.0)	(67.0, 0.0)	(68.0, 0.0)	(69.0, 0.0)	(70.0, 0.0)	(71.0, 0.0)	(72.0, 0.0)	(73.0, 0.0)	(74.0, 0.0)	(75.0, 0.0)	(76.0, 0.0)	(77.0, 0.0)	(78.0, 0.0)	(79.0, 0.0)	(80.0, 0.0)	(81.0, 0.0)	(82.0, 0.0)	(83.0, 0.0)	(84.0, 0.0)	(85.0, 0.0)	(86.0, 0.0)	(87.0, 0.0)	(88.0, 0.0)	(89.0, 0.0)	(90.0, 0.0)	(91.0, 0.0)	(92.0, 0.0)	(93.0, 0.0)	(94.0, 0.0)	(95.0, 0.0)	(96.0, 0.0)	(97.0, 0.0)	(98.0, 0.0)	(99.0, 0.0)	(100.0, 0.0)
FAY99780_pass_barcode08_98e12ebb_5ad7f319_77	(0.0, 0.0)	(1.0, 0.0)	(2.0, 0.0)	(3.0, 0.0)	(4.0, 0.0)	(5.0, 0.0)	(6.0, 0.0)	(7.0, 0.0)	(8.0, 0.0)	(9.0, 0.0)	(10.0, 0.0)	(11.0, 0.0)	(12.0, 0.0)	(13.0, 0.0)	(14.0, 0.0)	(15.0, 0.0)	(16.0, 0.0)	(17.0, 0.0)	(18.0, 0.0)	(19.0, 0.0)	(20.0, 0.0)	(21.0, 0.0)	(22.0, 0.0)	(23.0, 0.0)	(24.0, 0.0)	(25.0, 0.0)	(26.0, 0.0)	(27.0, 0.0)	(28.0, 0.0)	(29.0, 0.014636001237935061)	(30.0, 0.0)	(31.0, 0.03248478323541684)	(32.0, 0.5868723854557398)	(33.0, 0.7164582224616449)	(34.0, 0.30558196524052295)	(35.0, 1.5627803648129859)	(36.0, 3.213417262475213)	(37.0, 4.193869599691989)	(38.0, 5.007256657456175)	(39.0, 1.9444224048823961)	(40.0, 3.038992667989776)	(41.0, 2.416547946819513)	(42.0, 2.0950622660924156)	(43.0, 0.9323132788564633)	(44.0, 1.896914463474189)	(45.0, 0.6659380563260453)	(46.0, 0.12107964660473551)	(47.0, 0.0)	(48.0, 1.3318761126520906)	(49.0, 1.3318761126520906)	(50.0, 0.6659380563260453)	(51.0, 1.997814168978136)	(52.0, 1.997814168978136)	(53.0, 1.3318761126520906)	(54.0, 1.3318761126520906)	(55.0, 1.3318761126520906)	(56.0, 1.3318761126520906)	(57.0, 1.3318761126520906)	(58.0, 1.3318761126520906)	(59.0, 1.3318761126520906)	(60.0, 1.3318761126520906)	(61.0, 1.3318761126520906)	(62.0, 1.3318761126520906)	(63.0, 1.3318761126520906)	(64.0, 1.3318761126520906)	(65.0, 1.3318761126520906)	(66.0, 1.3318761126520906)	(67.0, 1.3318761126520906)	(68.0, 1.3318761126520906)	(69.0, 1.3318761126520906)	(70.0, 1.3318761126520906)	(71.0, 1.3318761126520906)	(72.0, 1.3318761126520906)	(73.0, 1.3318761126520906)	(74.0, 1.3318761126520906)	(75.0, 1.3318761126520906)	(76.0, 1.3318761126520906)	(77.0, 1.3318761126520906)	(78.0, 1.3318761126520906)	(79.0, 1.3318761126520906)	(80.0, 1.3318761126520906)	(81.0, 1.3318761126520906)	(82.0, 1.3318761126520906)	(83.0, 1.3318761126520906)	(84.0, 1.3318761126520906)	(85.0, 1.3318761126520906)	(86.0, 1.3318761126520906)	(87.0, 1.3318761126520906)	(88.0, 1.3318761126520906)	(89.0, 1.3318761126520906)	(90.0, 1.3318761126520906)	(91.0, 1.3318761126520906)	(92.0, 1.3318761126520906)	(93.0, 1.3318761126520906)	(94.0, 1.3318761126520906)	(95.0, 1.3318761126520906)	(96.0, 1.3318761126520906)	(97.0, 1.3318761126520906)	(98.0, 1.3318761126520906)	(99.0, 1.3318761126520906)	(100.0, 1.3318761126520906)
FAY99780_pass_barcode08_98e12ebb_5ad7f319_78	(0.0, 0.0)	(1.0, 0.0)	(2.0, 0.0)	(3.0, 0.0)	(4.0, 0.0)	(5.0, 0.0)	(6.0, 0.0)	(7.0, 0.0)	(8.0, 0.0)	(9.0, 0.0)	(10.0, 0.0)	(11.0, 0.0)	(12.0, 0.0)	(13.0, 0.0)	(14.0, 0.0)	(15.0, 0.0)	(16.0, 0.0)	(17.0, 0.0)	(18.0, 0.0)	(19.0, 0.0)	(20.0, 0.0)	(21.0, 0.0)	(22.0, 0.0)	(23.0, 0.0)	(24.0, 0.0)	(25.0, 0.0)	(26.0, 0.0)	(27.0, 0.0)	(28.0, 0.0)	(29.0, 0.0)	(30.0, 1.7382751192051085)	(31.0, 2.5940882200828517)	(32.0, 0.4462984177024307)	(33.0, 2.342441776900283)	(34.0, 2.5049851302836412)	(35.0, 4.012548842428137)	(36.0, 5.513688313855074)	(37.0, 13.758842694894524)	(38.0, 11.842472731518626)	(39.0, 9.378022713266166)	(40.0, 13.924912328410995)	(41.0, 13.74748417138181)	(42.0, 5.661774618019136)	(43.0, 2.826914256360349)	(44.0, 2.8783126973850823)	(45.0, 0.620812542573253)	(46.0, 0.620812542573253)	(47.0, 0.0)	(48.0, 0.0)	(49.0, 0.0)	(50.0, 0.0)	(51.0, 0.0)	(52.0, 0.0)	(53.0, 0.0)	(54.0, 0.0)	(55.0, 2.7936564415796385)	(56.0, 2.7936564415796385)	(57.0, 0.0)	(58.0, 0.0)	(59.0, 0.0)	(60.0, 0.0)	(61.0, 0.0)	(62.0, 0.0)	(63.0, 0.0)	(64.0, 0.0)	(65.0, 0.0)	(66.0, 0.0)	(67.0, 0.0)	(68.0, 0.0)	(69.0, 0.0)	(70.0, 0.0)	(71.0, 0.0)	(72.0, 0.0)	(73.0, 0.0)	(74.0, 0.0)	(75.0, 0.0)	(76.0, 0.0)	(77.0, 0.0)	(78.0, 0.0)	(79.0, 0.0)	(80.0, 0.0)	(81.0, 0.0)	(82.0, 0.0)	(83.0, 0.0)	(84.0, 0.0)	(85.0, 0.0)	(86.0, 0.0)	(87.0, 0.0)	(88.0, 0.0)	(89.0, 0.0)	(90.0, 0.0)	(91.0, 0.0)	(92.0, 0.0)	(93.0, 0.0)	(94.0, 0.0)	(95.0, 0.0)	(96.0, 0.0)	(97.0, 0.0)	(98.0, 0.0)	(99.0, 0.0)	(100.0, 0.0)
FAY99780_pass_barcode08_98e12ebb_5ad7f319_79	(0.0, 0.0)	(1.0, 0.0)	(2.0, 0.0)	(3.0, 0.0)	(4.0, 0.0)	(5.0, 0.0)	(6.0, 0.0)	(7.0, 0.0)	(8.0, 0.0)	(9.0, 0.0)	(10.0, 0.0)	(11.0, 0.0)	(12.0, 0.0)	(13.0, 0.0)	(14.0, 0.0)	(15.0, 0.0)	(16.0, 0.0)	(17.0, 0.0)	(18.0, 0.0)	(19.0, 0.0)	(20.0, 0.0)	(21.0, 0.0)	(22.0, 0.0)	(23.0, 0.0)	(24.0, 0.0)	(25.0, 0.0)	(26.0, 0.0)	(27.0, 0.0)	(28.0, 0.0)	(29.0, 2.0428219484058023)	(30.0, 2.0428219484058023)	(31.0, 1.9647482869296442)	(32.0, 0.5836634138302292)	(33.0, 3.947145502494731)	(34.0, 8.520159334162642)	(35.0, 5.013921767432535)	(36.0, 4.848051875181205)	(37.0, 8.037646916262425)	(38.0, 9.313446720778144)	(39.0, 9.72310021197273)	(40.0, 8.267680690755776)	(41.0, 8.199380730202604)	(42.0, 5.715037593754328)	(43.0, 7.480619420590771)	(44.0, 7.149876819420308)	(45.0, 3.0642329226087037)	(46.0, 0.0)	(47.0, 0.0)	(48.0, 0.0)	(49.0, 0.0)	(50.0, 2.0428219484058023)	(51.0, 2.0428219484058023)	(52.0, 0.0)	(53.0, 0.0)	(54.0, 0.0)	(55.0, 0.0)	(56.0, 0.0)	(57.0, 0.0)	(58.0, 0.0)	(59.0, 0.0)	(60.0, 0.0)	(61.0, 0.0)	(62.0, 0.0)	(63.0, 0.0)	(64.0, 0.0)	(65.0, 0.0)	(66.0, 0.0)	(67.0, 0.0)	(68.0, 0.0)	(69.0, 0.0)	(70.0, 0.0)	(71.0, 0.0)	(72.0, 0.0)	(73.0, 0.0)	(74.0, 0.0)	(75.0, 0.0)	(76.0, 0.0)	(77.0, 0.0)	(78.0, 0.0)	(79.0, 0.0)	(80.0, 0.0)	(81.0, 0.0)	(82.0, 0.0)	(83.0, 0.0)	(84.0, 0.0)	(85.0, 0.0)	(86.0, 0.0)	(87.0, 0.0)	(88.0, 0.0)	(89.0, 0.0)	(90.0, 0.0)	(91.0, 0.0)	(92.0, 0.0)	(93.0, 0.0)	(94.0, 0.0)	(95.0, 0.0)	(96.0, 0.0)	(97.0, 0.0)	(98.0, 0.0)	(99.0, 0.0)	(100.0, 0.0)
FAY99780_pass_barcode08_98e12ebb_5ad7f319_8	(0.0, 0.0)	(1.0, 0.0)	(2.0, 0.0)	(3.0, 0.0)	(4.0, 0.0)	(5.0, 0.0)	(6.0, 0.0)	(7.0, 0.0)	(8.0, 0.0)	(9.0, 0.0)	(10.0, 0.0)	(11.0, 0.0)	(12.0, 0.0)	(13.0, 0.0)	(14.0, 0.0)	(15.0, 0.0)	(16.0, 0.0)	(17.0, 0.0)	(18.0, 0.0)	(19.0, 0.0)	(20.0, 0.0)	(21.0, 0.0)	(22.0, 0.0)	(23.0, 0.0)	(24.0, 0.7988747243094668)	(25.0, 0.7988747243094668)	(26.0, 0.0)	(27.0, 0.0)	(28.0, 0.22190964564151858)	(29.0, 0.36371365883179774)	(30.0, 0.8750861177621096)	(31.0, 0.02910290434642867)	(32.0, 0.9686532151018667)	(33.0, 2.2594560601693416)	(34.0, 3.792521889135193)	(35.0, 4.221083154492587)	(36.0, 5.194859454759829)	(37.0, 6.7764247046281865)	(38.0, 7.1190174741086745)	(39.0, 9.693934465333193)	(40.0, 11.323213944738972)	(41.0, 10.37644644474433)	(42.0, 7.259615550272535)	(43.0, 7.249048424289607)	(44.0, 2.6629157476982224)	(45.0, 0.9602635575032988)	(46.0, 3.8883451630932653)	(47.0, 4.290253149069359)	(48.0, 0.5917590550440496)	(49.0, 1.4793976376101237)	(50.0, 3.2546748027422723)	(51.0, 1.7752771651321486)	(52.0, 0.0)	(53.0, 0.8876385825660743)	(54.0, 0.8876385825660743)	(55.0, 0.0)	(56.0, 0.0)	(57.0, 0.0)	(58.0, 0.0)	(59.0, 0.0)	(60.0, 0.0)	(61.0, 0.0)	(62.0, 0.0)	(63.0, 0.0)	(64.0, 0.0)	(65.0, 0.0)	(66.0, 0.0)	(67.0, 0.0)	(68.0, 0.0)	(69.0, 0.0)	(70.0, 0.0)	(71.0, 0.0)	(72.0, 0.0)	(73.0, 0.0)	(74.0, 0.0)	(75.0, 0.0)	(76.0, 0.0)	(77.0, 0.0)	(78.0, 0.0)	(79.0, 0.0)	(80.0, 0.0)	(81.0, 0.0)	(82.0, 0.0)	(83.0, 0.0)	(84.0, 0.0)	(85.0, 0.0)	(86.0, 0.0)	(87.0, 0.0)	(88.0, 0.0)	(89.0, 0.0)	(90.0, 0.0)	(91.0, 0.0)	(92.0, 0.0)	(93.0, 0.0)	(94.0, 0.0)	(95.0, 0.0)	(96.0, 0.0)	(97.0, 0.0)	(98.0, 0.0)	(99.0, 0.0)	(100.0, 0.0)
FAY99780_pass_barcode08_98e12ebb_5ad7f319_80	(0.0, 0.0)	(1.0, 0.0)	(2.0, 0.0)	(3.0, 0.0)	(4.0, 0.0)	(5.0, 0.0)	(6.0, 0.0)	(7.0, 0.0)	(8.0, 0.0)	(9.0, 0.0)	(10.0, 0.0)	(11.0, 0.0)	(12.0, 0.0)	(13.0, 0.0)	(14.0, 0.0)	(15.0, 0.0)	(16.0, 0.0)	(17.0, 0.0)	(18.0, 0.0)	(19.0, 0.0)	(20.0, 0.0)	(21.0, 0.0)	(22.0, 0.0)	(23.0, 0.0)	(24.0, 0.0)	(25.0, 0.0)	(26.0, 0.0)	(27.0, 0.0)	(28.0, 0.910966802903784)	(29.0, 0.1735174862673874)	(30.0, 0.0)	(31.0, 0.1735174862673874)	(32.0, 1.8787211467678038)	(33.0, 0.9090707509015243)	(34.0, 0.7363490498315826)	(35.0, 3.8851666088525674)	(36.0, 6.912735571221919)	(37.0, 6.801576665125081)	(38.0, 9.340966962927517)	(39.0, 5.161712702129222)	(40.0, 9.810545145903822)	(41.0, 8.214869900990788)	(42.0, 6.687521663914445)	(43.0, 6.375772028192167)	(44.0, 2.450934493526847)	(45.0, 5.769456418390631)	(46.0, 4.858489615486847)	(47.0, 1.821933605807568)	(48.0, 1.821933605807568)	(49.0, 1.821933605807568)	(50.0, 5.465800817422703)	(51.0, 6.19457425974573)	(52.0, 1.821933605807568)	(53.0, 0.0)	(54.0, 0.0)	(55.0, 0.0)	(56.0, 0.0)	(57.0, 0.0)	(58.0, 0.0)	(59.0, 0.0)	(60.0, 0.0)	(61.0, 0.0)	(62.0, 0.0)	(63.0, 0.0)	(64.0, 0.0)	(65.0, 0.0)	(66.0, 0.0)	(67.0, 0.0)	(68.0, 0.0)	(69.0, 0.0)	(70.0, 0.0)	(71.0, 0.0)	(72.0, 0.0)	(73.0, 0.0)	(74.0, 0.0)	(75.0, 0.0)	(76.0, 0.0)	(77.0, 0.0)	(78.0, 0.0)	(79.0, 0.0)	(80.0, 0.0)	(81.0, 0.0)	(82.0, 0.0)	(83.0, 0.0)	(84.0, 0.0)	(85.0, 0.0)	(86.0, 0.0)	(87.0, 0.0)	(88.0, 0.0)	(89.0, 0.0)	(90.0, 0.0)	(91.0, 0.0)	(92.0, 0.0)	(93.0, 0.0)	(94.0, 0.0)	(95.0, 0.0)	(96.0, 0.0)	(97.0, 0.0)	(98.0, 0.0)	(99.0, 0.0)	(100.0, 0.0)
FAY99780_pass_barcode08_98e12ebb_5ad7f319_81	(0.0, 0.0)	(1.0, 0.0)	(2.0, 0.0)	(3.0, 0.0)	(4.0, 0.0)	(5.0, 0.0)	(6.0, 0.0)	(7.0, 0.0)	(8.0, 0.0)	(9.0, 0.0)	(10.0, 0.0)	(11.0, 0.0)	(12.0, 0.0)	(13.0, 0.0)	(14.0, 0.0)	(15.0, 0.0)	(16.0, 0.0)	(17.0, 0.0)	(18.0, 0.0)	(19.0, 0.0)	(20.0, 0.0)	(21.0, 0.0)	(22.0, 0.0)	(23.0, 0.0)	(24.0, 0.0)	(25.0, 0.0)	(26.0, 0.0)	(27.0, 0.0)	(28.0, 0.0)	(29.0, 0.0)	(30.0, 0.2571024554202177)	(31.0, 0.0)	(32.0, 1.4830422123629632)	(33.0, 2.142520461835147)	(34.0, 3.2987144239841184)	(35.0, 4.362974517033608)	(36.0, 5.20216363765305)	(37.0, 6.957617274160074)	(38.0, 7.278134733547663)	(39.0, 7.6387110367306486)	(40.0, 7.472159453204412)	(41.0, 9.136596185656094)	(42.0, 9.07255390803288)	(43.0, 8.005632731159865)	(44.0, 4.831383641438258)	(45.0, 2.356772508018662)	(46.0, 2.1210952572167963)	(47.0, 1.4140635048111974)	(48.0, 1.8854180064149295)	(49.0, 0.9427090032074648)	(50.0, 0.0)	(51.0, 0.0)	(52.0, 0.0)	(53.0, 2.8281270096223947)	(54.0, 2.8281270096223947)	(55.0, 1.4140635048111974)	(56.0, 1.4140635048111974)	(57.0, 0.0)	(58.0, 0.0)	(59.0, 0.0)	(60.0, 1.4140635048111974)	(61.0, 1.4140635048111974)	(62.0, 0.0)	(63.0, 0.0)	(64.0, 0.0)	(65.0, 1.4140635048111974)	(66.0, 1.4140635048111974)	(67.0, 0.0)	(68.0, 0.0)	(69.0, 0.0)	(70.0, 0.0)	(71.0, 0.0)	(72.0, 0.0)	(73.0, 0.0)	(74.0, 0.0)	(75.0, 0.0)	(76.0, 0.0)	(77.0, 0.0)	(78.0, 0.0)	(79.0, 0.0)	(80.0, 0.0)	(81.0, 0.0)	(82.0, 0.0)	(83.0, 0.0)	(84.0, 0.0)	(85.0, 0.0)	(86.0, 0.0)	(87.0, 0.0)	(88.0, 0.0)	(89.0, 0.0)	(90.0, 0.0)	(91.0, 0.0)	(92.0, 0.0)	(93.0, 0.0)	(94.0, 0.0)	(95.0, 0.0)	(96.0, 0.0)	(97.0, 0.0)	(98.0, 0.0)	(99.0, 0.0)	(100.0, 0.0)
FAY99780_pass_barcode08_98e12ebb_5ad7f319_82	(0.0, 0.0)	(1.0, 0.0)	(2.0, 0.0)	(3.0, 0.0)	(4.0, 0.0)	(5.0, 0.0)	(6.0, 0.0)	(7.0, 0.0)	(8.0, 0.0)	(9.0, 0.0)	(10.0, 0.0)	(11.0, 0.0)	(12.0, 0.0)	(13.0, 0.0)	(14.0, 0.0)	(15.0, 0.0)	(16.0, 0.0)	(17.0, 0.0)	(18.0, 0.0)	(19.0, 0.0)	(20.0, 0.0)	(21.0, 0.0)	(22.0, 0.0)	(23.0, 0.0)	(24.0, 0.0)	(25.0, 0.0)	(26.0, 0.0)	(27.0, 0.0)	(28.0, 0.0)	(29.0, 0.39435308887537013)	(30.0, 0.0)	(31.0, 0.0)	(32.0, 0.7659300092513377)	(33.0, 0.2457337894486964)	(34.0, 4.054830792612111)	(35.0, 2.1182827608900574)	(36.0, 6.706682629765963)	(37.0, 6.322045651442747)	(38.0, 8.252680555919781)	(39.0, 8.51964129537006)	(40.0, 9.93766674926548)	(41.0, 6.910278204406523)	(42.0, 10.636579147166234)	(43.0, 9.230053130177415)	(44.0, 8.588133935508061)	(45.0, 9.364320967580216)	(46.0, 4.337883977629072)	(47.0, 3.614903314690893)	(48.0, 0.0)	(49.0, 0.0)	(50.0, 0.0)	(51.0, 0.0)	(52.0, 0.0)	(53.0, 0.0)	(54.0, 0.0)	(55.0, 0.0)	(56.0, 0.0)	(57.0, 0.0)	(58.0, 0.0)	(59.0, 0.0)	(60.0, 0.0)	(61.0, 0.0)	(62.0, 0.0)	(63.0, 0.0)	(64.0, 0.0)	(65.0, 0.0)	(66.0, 0.0)	(67.0, 0.0)	(68.0, 0.0)	(69.0, 0.0)	(70.0, 0.0)	(71.0, 0.0)	(72.0, 0.0)	(73.0, 0.0)	(74.0, 0.0)	(75.0, 0.0)	(76.0, 0.0)	(77.0, 0.0)	(78.0, 0.0)	(79.0, 0.0)	(80.0, 0.0)	(81.0, 0.0)	(82.0, 0.0)	(83.0, 0.0)	(84.0, 0.0)	(85.0, 0.0)	(86.0, 0.0)	(87.0, 0.0)	(88.0, 0.0)	(89.0, 0.0)	(90.0, 0.0)	(91.0, 0.0)	(92.0, 0.0)	(93.0, 0.0)	(94.0, 0.0)	(95.0, 0.0)	(96.0, 0.0)	(97.0, 0.0)	(98.0, 0.0)	(99.0, 0.0)	(100.0, 0.0)
FAY99780_pass_barcode08_98e12ebb_5ad7f319_83	(0.0, 0.0)	(1.0, 0.0)	(2.0, 0.0)	(3.0, 0.0)	(4.0, 0.0)	(5.0, 0.0)	(6.0, 0.0)	(7.0, 0.0)	(8.0, 0.0)	(9.0, 0.0)	(10.0, 0.0)	(11.0, 0.0)	(12.0, 0.0)	(13.0, 0.0)	(14.0, 0.0)	(15.0, 0.0)	(16.0, 0.0)	(17.0, 0.0)	(18.0, 0.0)	(19.0, 0.0)	(20.0, 0.0)	(21.0, 0.0)	(22.0, 0.0)	(23.0, 0.0)	(24.0, 0.0)	(25.0, 0.0)	(26.0, 0.0)	(27.0, 2.336000288251362)	(28.0, 0.0)	(29.0, 0.20565028548031195)	(30.0, 0.0)	(31.0, 0.8226011419212478)	(32.0, 2.1845832957601554)	(33.0, 2.657266161056581)	(34.0, 2.3479090362207726)	(35.0, 4.45466561571103)	(36.0, 5.963359716840244)	(37.0, 9.891096290145768)	(38.0, 8.174775952440816)	(39.0, 5.366012140616738)	(40.0, 6.321419616611418)	(41.0, 7.838871703579328)	(42.0, 7.962746889530154)	(43.0, 4.606566394758988)	(44.0, 8.789991747575153)	(45.0, 7.91753599099201)	(46.0, 4.423989068137443)	(47.0, 2.8791039967243672)	(48.0, 2.1593279975432758)	(49.0, 2.5911935970519306)	(50.0, 0.1053330730508915)	(51.0, 0.0)	(52.0, 0.0)	(53.0, 0.0)	(54.0, 0.0)	(55.0, 0.0)	(56.0, 0.0)	(57.0, 0.0)	(58.0, 0.0)	(59.0, 0.0)	(60.0, 0.0)	(61.0, 0.0)	(62.0, 0.0)	(63.0, 0.0)	(64.0, 0.0)	(65.0, 0.0)	(66.0, 0.0)	(67.0, 0.0)	(68.0, 0.0)	(69.0, 0.0)	(70.0, 0.0)	(71.0, 0.0)	(72.0, 0.0)	(73.0, 0.0)	(74.0, 0.0)	(75.0, 0.0)	(76.0, 0.0)	(77.0, 0.0)	(78.0, 0.0)	(79.0, 0.0)	(80.0, 0.0)	(81.0, 0.0)	(82.0, 0.0)	(83.0, 0.0)	(84.0, 0.0)	(85.0, 0.0)	(86.0, 0.0)	(87.0, 0.0)	(88.0, 0.0)	(89.0, 0.0)	(90.0, 0.0)	(91.0, 0.0)	(92.0, 0.0)	(93.0, 0.0)	(94.0, 0.0)	(95.0, 0.0)	(96.0, 0.0)	(97.0, 0.0)	(98.0, 0.0)	(99.0, 0.0)	(100.0, 0.0)
FAY99780_pass_barcode08_98e12ebb_5ad7f319_84	(0.0, 0.0)	(1.0, 0.0)	(2.0, 0.0)	(3.0, 0.0)	(4.0, 0.0)	(5.0, 0.0)	(6.0, 0.0)	(7.0, 0.0)	(8.0, 0.0)	(9.0, 0.0)	(10.0, 0.0)	(11.0, 0.0)	(12.0, 0.0)	(13.0, 0.0)	(14.0, 0.0)	(15.0, 0.0)	(16.0, 0.0)	(17.0, 0.0)	(18.0, 0.0)	(19.0, 2.167885057515337)	(20.0, 4.335770115030674)	(21.0, 2.167885057515337)	(22.0, 0.0)	(23.0, 0.0)	(24.0, 0.0)	(25.0, 0.0)	(26.0, 0.0)	(27.0, 0.0)	(28.0, 0.0)	(29.0, 0.0)	(30.0, 0.3941609195482431)	(31.0, 0.5340244716460067)	(32.0, 0.3941609195482431)	(33.0, 0.47917601984296215)	(34.0, 1.6587605364321893)	(35.0, 2.9818586389951216)	(36.0, 12.169659258816544)	(37.0, 7.127426527244812)	(38.0, 8.340388970138259)	(39.0, 13.524317268755143)	(40.0, 11.6035230925226)	(41.0, 4.5459892721230695)	(42.0, 7.331393103597321)	(43.0, 3.791781945361753)	(44.0, 5.829202043541239)	(45.0, 8.454751724309812)	(46.0, 2.167885057515337)	(47.0, 0.0)	(48.0, 0.0)	(49.0, 0.0)	(50.0, 0.0)	(51.0, 0.0)	(52.0, 0.0)	(53.0, 0.0)	(54.0, 0.0)	(55.0, 0.0)	(56.0, 0.0)	(57.0, 0.0)	(58.0, 0.0)	(59.0, 0.0)	(60.0, 0.0)	(61.0, 0.0)	(62.0, 0.0)	(63.0, 0.0)	(64.0, 0.0)	(65.0, 0.0)	(66.0, 0.0)	(67.0, 0.0)	(68.0, 0.0)	(69.0, 0.0)	(70.0, 0.0)	(71.0, 0.0)	(72.0, 0.0)	(73.0, 0.0)	(74.0, 0.0)	(75.0, 0.0)	(76.0, 0.0)	(77.0, 0.0)	(78.0, 0.0)	(79.0, 0.0)	(80.0, 0.0)	(81.0, 0.0)	(82.0, 0.0)	(83.0, 0.0)	(84.0, 0.0)	(85.0, 0.0)	(86.0, 0.0)	(87.0, 0.0)	(88.0, 0.0)	(89.0, 0.0)	(90.0, 0.0)	(91.0, 0.0)	(92.0, 0.0)	(93.0, 0.0)	(94.0, 0.0)	(95.0, 0.0)	(96.0, 0.0)	(97.0, 0.0)	(98.0, 0.0)	(99.0, 0.0)	(100.0, 0.0)
FAY99780_pass_barcode08_98e12ebb_5ad7f319_85	(0.0, 0.0)	(1.0, 0.0)	(2.0, 0.0)	(3.0, 0.0)	(4.0, 0.0)	(5.0, 0.0)	(6.0, 0.0)	(7.0, 0.0)	(8.0, 0.0)	(9.0, 0.0)	(10.0, 0.0)	(11.0, 0.0)	(12.0, 0.0)	(13.0, 0.0)	(14.0, 0.0)	(15.0, 0.0)	(16.0, 0.0)	(17.0, 0.0)	(18.0, 0.0)	(19.0, 0.0)	(20.0, 0.0)	(21.0, 0.0)	(22.0, 0.0)	(23.0, 0.0)	(24.0, 0.0)	(25.0, 0.0)	(26.0, 0.0)	(27.0, 0.0)	(28.0, 0.0)	(29.0, 0.4356655908365319)	(30.0, 0.24679718757065536)	(31.0, 0.6059433393677116)	(32.0, 0.5445819885456649)	(33.0, 0.48909465577274375)	(34.0, 2.220735916784604)	(35.0, 1.1738949151914697)	(36.0, 2.1847061202354965)	(37.0, 7.471720148400405)	(38.0, 10.612278957709579)	(39.0, 7.004746611575179)	(40.0, 8.08024824616378)	(41.0, 2.728410770895452)	(42.0, 5.8073028792964845)	(43.0, 9.368696201214163)	(44.0, 5.808874544487091)	(45.0, 3.267491931273989)	(46.0, 2.1783279541826595)	(47.0, 2.1783279541826595)	(48.0, 2.1783279541826595)	(49.0, 2.1783279541826595)	(50.0, 0.0)	(51.0, 0.0)	(52.0, 3.6305465903044323)	(53.0, 4.356655908365319)	(54.0, 4.356655908365319)	(55.0, 4.356655908365319)	(56.0, 4.356655908365319)	(57.0, 2.1783279541826595)	(58.0, 0.0)	(59.0, 0.0)	(60.0, 0.0)	(61.0, 0.0)	(62.0, 0.0)	(63.0, 0.0)	(64.0, 0.0)	(65.0, 0.0)	(66.0, 0.0)	(67.0, 0.0)	(68.0, 0.0)	(69.0, 0.0)	(70.0, 0.0)	(71.0, 0.0)	(72.0, 0.0)	(73.0, 0.0)	(74.0, 0.0)	(75.0, 0.0)	(76.0, 0.0)	(77.0, 0.0)	(78.0, 0.0)	(79.0, 0.0)	(80.0, 0.0)	(81.0, 0.0)	(82.0, 0.0)	(83.0, 0.0)	(84.0, 0.0)	(85.0, 0.0)	(86.0, 0.0)	(87.0, 0.0)	(88.0, 0.0)	(89.0, 0.0)	(90.0, 0.0)	(91.0, 0.0)	(92.0, 0.0)	(93.0, 0.0)	(94.0, 0.0)	(95.0, 0.0)	(96.0, 0.0)	(97.0, 0.0)	(98.0, 0.0)	(99.0, 0.0)	(100.0, 0.0)
FAY99780_pass_barcode08_98e12ebb_5ad7f319_86	(0.0, 0.0)	(1.0, 0.0)	(2.0, 0.0)	(3.0, 0.0)	(4.0, 0.0)	(5.0, 0.0)	(6.0, 0.0)	(7.0, 0.0)	(8.0, 0.0)	(9.0, 0.0)	(10.0, 0.0)	(11.0, 0.0)	(12.0, 0.0)	(13.0, 0.0)	(14.0, 0.0)	(15.0, 0.0)	(16.0, 0.0)	(17.0, 0.0)	(18.0, 0.0)	(19.0, 0.0)	(20.0, 0.0)	(21.0, 0.0)	(22.0, 0.0)	(23.0, 0.0)	(24.0, 0.0)	(25.0, 0.0)	(26.0, 0.0)	(27.0, 0.0)	(28.0, 0.11596278710365926)	(29.0, 0.0)	(30.0, 0.0)	(31.0, 0.0)	(32.0, 0.0)	(33.0, 2.053068435312513)	(34.0, 2.894363395647339)	(35.0, 3.175824156077401)	(36.0, 8.46941069445216)	(37.0, 6.444008472381646)	(38.0, 5.65841628445318)	(39.0, 10.328832529527839)	(40.0, 8.126170486913452)	(41.0, 8.750839730129023)	(42.0, 5.489289855624555)	(43.0, 6.807542706562543)	(44.0, 11.247143437365661)	(45.0, 7.443564020365638)	(46.0, 3.962061892708358)	(47.0, 3.962061892708358)	(48.0, 0.950894854250006)	(49.0, 0.950894854250006)	(50.0, 0.0)	(51.0, 0.0)	(52.0, 1.5848247570833431)	(53.0, 1.5848247570833431)	(54.0, 0.0)	(55.0, 0.0)	(56.0, 0.0)	(57.0, 0.0)	(58.0, 0.0)	(59.0, 0.0)	(60.0, 0.0)	(61.0, 0.0)	(62.0, 0.0)	(63.0, 0.0)	(64.0, 0.0)	(65.0, 0.0)	(66.0, 0.0)	(67.0, 0.0)	(68.0, 0.0)	(69.0, 0.0)	(70.0, 0.0)	(71.0, 0.0)	(72.0, 0.0)	(73.0, 0.0)	(74.0, 0.0)	(75.0, 0.0)	(76.0, 0.0)	(77.0, 0.0)	(78.0, 0.0)	(79.0, 0.0)	(80.0, 0.0)	(81.0, 0.0)	(82.0, 0.0)	(83.0, 0.0)	(84.0, 0.0)	(85.0, 0.0)	(86.0, 0.0)	(87.0, 0.0)	(88.0, 0.0)	(89.0, 0.0)	(90.0, 0.0)	(91.0, 0.0)	(92.0, 0.0)	(93.0, 0.0)	(94.0, 0.0)	(95.0, 0.0)	(96.0, 0.0)	(97.0, 0.0)	(98.0, 0.0)	(99.0, 0.0)	(100.0, 0.0)
FAY99780_pass_barcode08_98e12ebb_5ad7f319_87	(0.0, 0.0)	(1.0, 0.0)	(2.0, 0.0)	(3.0, 0.0)	(4.0, 0.0)	(5.0, 0.0)	(6.0, 0.0)	(7.0, 0.0)	(8.0, 0.0)	(9.0, 0.0)	(10.0, 0.0)	(11.0, 0.0)	(12.0, 0.0)	(13.0, 0.0)	(14.0, 0.0)	(15.0, 0.0)	(16.0, 0.0)	(17.0, 0.0)	(18.0, 0.0)	(19.0, 0.0)	(20.0, 0.0)	(21.0, 0.0)	(22.0, 0.0)	(23.0, 0.0)	(24.0, 0.0)	(25.0, 1.2665645492584512)	(26.0, 1.3891353120899146)	(27.0, 0.12257076283146302)	(28.0, 0.0)	(29.0, 0.0)	(30.0, 0.42218818308615047)	(31.0, 0.0)	(32.0, 0.0)	(33.0, 0.9010410243860527)	(34.0, 4.439952044014213)	(35.0, 6.443697430893762)	(36.0, 9.05906769539172)	(37.0, 8.941379148046686)	(38.0, 9.644989677268716)	(39.0, 9.665670128135103)	(40.0, 9.428821321617372)	(41.0, 10.649833992433564)	(42.0, 9.654676132301923)	(43.0, 2.5331290985169024)	(44.0, 2.590700214392287)	(45.0, 5.066258197033805)	(46.0, 3.799693647775354)	(47.0, 0.0)	(48.0, 0.0)	(49.0, 0.0)	(50.0, 0.18093779275120733)	(51.0, 0.0)	(52.0, 0.0)	(53.0, 0.0)	(54.0, 0.0)	(55.0, 1.899846823887677)	(56.0, 1.899846823887677)	(57.0, 0.0)	(58.0, 0.0)	(59.0, 0.0)	(60.0, 0.0)	(61.0, 0.0)	(62.0, 0.0)	(63.0, 0.0)	(64.0, 0.0)	(65.0, 0.0)	(66.0, 0.0)	(67.0, 0.0)	(68.0, 0.0)	(69.0, 0.0)	(70.0, 0.0)	(71.0, 0.0)	(72.0, 0.0)	(73.0, 0.0)	(74.0, 0.0)	(75.0, 0.0)	(76.0, 0.0)	(77.0, 0.0)	(78.0, 0.0)	(79.0, 0.0)	(80.0, 0.0)	(81.0, 0.0)	(82.0, 0.0)	(83.0, 0.0)	(84.0, 0.0)	(85.0, 0.0)	(86.0, 0.0)	(87.0, 0.0)	(88.0, 0.0)	(89.0, 0.0)	(90.0, 0.0)	(91.0, 0.0)	(92.0, 0.0)	(93.0, 0.0)	(94.0, 0.0)	(95.0, 0.0)	(96.0, 0.0)	(97.0, 0.0)	(98.0, 0.0)	(99.0, 0.0)	(100.0, 0.0)
FAY99780_pass_barcode08_98e12ebb_5ad7f319_88	(0.0, 1.251172564904015)	(1.0, 1.251172564904015)	(2.0, 1.251172564904015)	(3.0, 1.251172564904015)	(4.0, 1.251172564904015)	(5.0, 1.251172564904015)	(6.0, 1.251172564904015)	(7.0, 1.251172564904015)	(8.0, 1.251172564904015)	(9.0, 1.251172564904015)	(10.0, 1.251172564904015)	(11.0, 1.251172564904015)	(12.0, 1.251172564904015)	(13.0, 1.251172564904015)	(14.0, 1.251172564904015)	(15.0, 1.251172564904015)	(16.0, 1.251172564904015)	(17.0, 1.251172564904015)	(18.0, 1.251172564904015)	(19.0, 1.251172564904015)	(20.0, 1.251172564904015)	(21.0, 1.251172564904015)	(22.0, 1.251172564904015)	(23.0, 1.251172564904015)	(24.0, 1.251172564904015)	(25.0, 1.251172564904015)	(26.0, 1.251172564904015)	(27.0, 1.251172564904015)	(28.0, 1.251172564904015)	(29.0, 1.251172564904015)	(30.0, 1.257397304032891)	(31.0, 1.781973046984506)	(32.0, 1.7885236886855744)	(33.0, 1.5436544631932652)	(34.0, 1.519381274103417)	(35.0, 2.8325166042023264)	(36.0, 4.28202745239676)	(37.0, 3.4025717663250528)	(38.0, 3.297044671940523)	(39.0, 2.692300760997685)	(40.0, 3.4901056764656864)	(41.0, 3.1341547074085945)	(42.0, 2.3682909264254572)	(43.0, 4.252641373829668)	(44.0, 3.805519227798073)	(45.0, 1.9810232277646906)	(46.0, 1.251172564904015)	(47.0, 1.7278097324864972)	(48.0, 2.293816368990694)	(49.0, 1.8767588473560228)	(50.0, 1.251172564904015)	(51.0, 1.251172564904015)	(52.0, 1.251172564904015)	(53.0, 1.251172564904015)	(54.0, 1.251172564904015)	(55.0, 1.251172564904015)	(56.0, 1.251172564904015)	(57.0, 1.251172564904015)	(58.0, 1.251172564904015)	(59.0, 0.6255862824520075)	(60.0, 0.0)	(61.0, 0.0)	(62.0, 0.0)	(63.0, 0.0)	(64.0, 0.0)	(65.0, 0.0)	(66.0, 0.0)	(67.0, 0.0)	(68.0, 0.0)	(69.0, 0.0)	(70.0, 0.0)	(71.0, 0.0)	(72.0, 0.0)	(73.0, 0.0)	(74.0, 0.0)	(75.0, 0.0)	(76.0, 0.0)	(77.0, 0.0)	(78.0, 0.0)	(79.0, 0.0)	(80.0, 0.0)	(81.0, 0.0)	(82.0, 0.0)	(83.0, 0.0)	(84.0, 0.0)	(85.0, 0.0)	(86.0, 0.0)	(87.0, 0.0)	(88.0, 0.0)	(89.0, 0.0)	(90.0, 0.0)	(91.0, 0.0)	(92.0, 0.0)	(93.0, 0.0)	(94.0, 0.0)	(95.0, 0.0)	(96.0, 0.0)	(97.0, 0.0)	(98.0, 0.0)	(99.0, 0.0)	(100.0, 0.0)
FAY99780_pass_barcode08_98e12ebb_5ad7f319_89	(0.0, 0.0)	(1.0, 0.0)	(2.0, 0.0)	(3.0, 0.0)	(4.0, 0.0)	(5.0, 0.0)	(6.0, 0.0)	(7.0, 0.0)	(8.0, 0.0)	(9.0, 0.0)	(10.0, 0.0)	(11.0, 0.0)	(12.0, 0.0)	(13.0, 0.0)	(14.0, 0.0)	(15.0, 0.0)	(16.0, 0.0)	(17.0, 0.0)	(18.0, 0.0)	(19.0, 0.0)	(20.0, 0.0)	(21.0, 0.0)	(22.0, 0.0)	(23.0, 0.0)	(24.0, 0.0)	(25.0, 0.0)	(26.0, 0.0)	(27.0, 0.0)	(28.0, 0.24830903150893546)	(29.0, 0.0)	(30.0, 0.0)	(31.0, 1.5395159953554)	(32.0, 2.302912356688656)	(33.0, 0.0)	(34.0, 1.4583201482721175)	(35.0, 1.8355928146969527)	(36.0, 9.113087064419801)	(37.0, 10.725385079849394)	(38.0, 16.635045031491494)	(39.0, 12.66097792131872)	(40.0, 1.3995599957776363)	(41.0, 3.7855564856799555)	(42.0, 2.7796816582805834)	(43.0, 11.879598535588746)	(44.0, 9.909106922485947)	(45.0, 4.490254986453249)	(46.0, 2.565859992259)	(47.0, 0.0)	(48.0, 1.5395159953554)	(49.0, 0.0)	(50.0, 0.0)	(51.0, 2.565859992259)	(52.0, 2.565859992259)	(53.0, 0.0)	(54.0, 0.0)	(55.0, 0.0)	(56.0, 0.0)	(57.0, 0.0)	(58.0, 0.0)	(59.0, 0.0)	(60.0, 0.0)	(61.0, 0.0)	(62.0, 0.0)	(63.0, 0.0)	(64.0, 0.0)	(65.0, 0.0)	(66.0, 0.0)	(67.0, 0.0)	(68.0, 0.0)	(69.0, 0.0)	(70.0, 0.0)	(71.0, 0.0)	(72.0, 0.0)	(73.0, 0.0)	(74.0, 0.0)	(75.0, 0.0)	(76.0, 0.0)	(77.0, 0.0)	(78.0, 0.0)	(79.0, 0.0)	(80.0, 0.0)	(81.0, 0.0)	(82.0, 0.0)	(83.0, 0.0)	(84.0, 0.0)	(85.0, 0.0)	(86.0, 0.0)	(87.0, 0.0)	(88.0, 0.0)	(89.0, 0.0)	(90.0, 0.0)	(91.0, 0.0)	(92.0, 0.0)	(93.0, 0.0)	(94.0, 0.0)	(95.0, 0.0)	(96.0, 0.0)	(97.0, 0.0)	(98.0, 0.0)	(99.0, 0.0)	(100.0, 0.0)
FAY99780_pass_barcode08_98e12ebb_5ad7f319_9	(0.0, 0.0)	(1.0, 0.0)	(2.0, 0.0)	(3.0, 0.0)	(4.0, 0.0)	(5.0, 0.0)	(6.0, 0.0)	(7.0, 0.0)	(8.0, 0.0)	(9.0, 0.0)	(10.0, 0.0)	(11.0, 0.0)	(12.0, 0.0)	(13.0, 0.0)	(14.0, 0.0)	(15.0, 0.0)	(16.0, 0.0)	(17.0, 0.0)	(18.0, 0.0)	(19.0, 0.0)	(20.0, 0.0)	(21.0, 0.0)	(22.0, 0.0)	(23.0, 0.0)	(24.0, 0.0)	(25.0, 0.0)	(26.0, 0.3342265004024091)	(27.0, 0.0)	(28.0, 2.3395855028168633)	(29.0, 4.089986533333438)	(30.0, 1.1697927514084316)	(31.0, 1.316179108520234)	(32.0, 3.2686758876383712)	(33.0, 3.1975179211477944)	(34.0, 3.0287298572692625)	(35.0, 6.182078371335824)	(36.0, 5.062940437705016)	(37.0, 6.953952375082804)	(38.0, 9.145066282455774)	(39.0, 7.861656109488442)	(40.0, 9.68085938533981)	(41.0, 10.377678080644921)	(42.0, 6.844454056448961)	(43.0, 3.5316600209187894)	(44.0, 0.9925514254374571)	(45.0, 2.3395855028168633)	(46.0, 2.9244818785210795)	(47.0, 0.7798618342722878)	(48.0, 1.5597236685445757)	(49.0, 0.0)	(50.0, 0.0)	(51.0, 1.1697927514084316)	(52.0, 1.1697927514084316)	(53.0, 0.0)	(54.0, 0.0)	(55.0, 0.0)	(56.0, 1.1697927514084316)	(57.0, 1.1697927514084316)	(58.0, 0.0)	(59.0, 0.0)	(60.0, 0.0)	(61.0, 0.0)	(62.0, 1.1697927514084316)	(63.0, 1.1697927514084316)	(64.0, 0.0)	(65.0, 0.0)	(66.0, 0.0)	(67.0, 0.0)	(68.0, 0.0)	(69.0, 0.0)	(70.0, 0.0)	(71.0, 0.0)	(72.0, 0.0)	(73.0, 0.0)	(74.0, 0.0)	(75.0, 0.0)	(76.0, 0.0)	(77.0, 0.0)	(78.0, 0.0)	(79.0, 0.0)	(80.0, 0.0)	(81.0, 0.0)	(82.0, 0.0)	(83.0, 0.0)	(84.0, 0.0)	(85.0, 0.0)	(86.0, 0.0)	(87.0, 0.0)	(88.0, 0.0)	(89.0, 0.0)	(90.0, 0.0)	(91.0, 0.0)	(92.0, 0.0)	(93.0, 0.0)	(94.0, 0.0)	(95.0, 0.0)	(96.0, 0.0)	(97.0, 0.0)	(98.0, 0.0)	(99.0, 0.0)	(100.0, 0.0)
FAY99780_pass_barcode08_98e12ebb_5ad7f319_90	(0.0, 0.0)	(1.0, 0.0)	(2.0, 0.0)	(3.0, 0.0)	(4.0, 0.0)	(5.0, 0.0)	(6.0, 0.0)	(7.0, 0.0)	(8.0, 0.0)	(9.0, 0.0)	(10.0, 0.0)	(11.0, 0.0)	(12.0, 0.0)	(13.0, 0.0)	(14.0, 0.0)	(15.0, 0.0)	(16.0, 0.0)	(17.0, 0.0)	(18.0, 0.0)	(19.0, 0.0)	(20.0, 0.0)	(21.0, 0.0)	(22.0, 0.0)	(23.0, 0.0)	(24.0, 0.0)	(25.0, 0.0)	(26.0, 0.0)	(27.0, 0.0)	(28.0, 0.0)	(29.0, 0.0)	(30.0, 2.4774282262603706)	(31.0, 2.8917549746664997)	(32.0, 1.0697985522487965)	(33.0, 0.45044149568370373)	(34.0, 5.147902807813758)	(35.0, 3.4257868670910607)	(36.0, 6.877708267473583)	(37.0, 13.242857473750128)	(38.0, 11.813727986334525)	(39.0, 4.807304513620162)	(40.0, 7.748435084818089)	(41.0, 11.062171164702264)	(42.0, 6.55392376219789)	(43.0, 1.2546461274469722)	(44.0, 4.129047043767285)	(45.0, 2.4774282262603706)	(46.0, 5.6037067022556)	(47.0, 3.716142339390556)	(48.0, 3.5981695667114897)	(49.0, 0.0)	(50.0, 1.6516188175069138)	(51.0, 0.0)	(52.0, 0.0)	(53.0, 0.0)	(54.0, 0.0)	(55.0, 0.0)	(56.0, 0.0)	(57.0, 0.0)	(58.0, 0.0)	(59.0, 0.0)	(60.0, 0.0)	(61.0, 0.0)	(62.0, 0.0)	(63.0, 0.0)	(64.0, 0.0)	(65.0, 0.0)	(66.0, 0.0)	(67.0, 0.0)	(68.0, 0.0)	(69.0, 0.0)	(70.0, 0.0)	(71.0, 0.0)	(72.0, 0.0)	(73.0, 0.0)	(74.0, 0.0)	(75.0, 0.0)	(76.0, 0.0)	(77.0, 0.0)	(78.0, 0.0)	(79.0, 0.0)	(80.0, 0.0)	(81.0, 0.0)	(82.0, 0.0)	(83.0, 0.0)	(84.0, 0.0)	(85.0, 0.0)	(86.0, 0.0)	(87.0, 0.0)	(88.0, 0.0)	(89.0, 0.0)	(90.0, 0.0)	(91.0, 0.0)	(92.0, 0.0)	(93.0, 0.0)	(94.0, 0.0)	(95.0, 0.0)	(96.0, 0.0)	(97.0, 0.0)	(98.0, 0.0)	(99.0, 0.0)	(100.0, 0.0)
FAY99780_pass_barcode08_98e12ebb_5ad7f319_91	(0.0, 0.0)	(1.0, 0.0)	(2.0, 0.0)	(3.0, 0.0)	(4.0, 0.0)	(5.0, 0.0)	(6.0, 0.0)	(7.0, 0.0)	(8.0, 0.0)	(9.0, 0.0)	(10.0, 0.0)	(11.0, 0.0)	(12.0, 0.0)	(13.0, 0.0)	(14.0, 0.0)	(15.0, 0.0)	(16.0, 0.0)	(17.0, 0.0)	(18.0, 0.0)	(19.0, 0.0)	(20.0, 0.0)	(21.0, 0.0)	(22.0, 0.0)	(23.0, 0.0)	(24.0, 0.0)	(25.0, 0.0)	(26.0, 0.0)	(27.0, 0.0)	(28.0, 0.44152522552626156)	(29.0, 0.0)	(30.0, 1.2509881389910742)	(31.0, 0.5211445284900137)	(32.0, 1.0397206923682933)	(33.0, 0.5981954668420317)	(34.0, 3.7225290183626387)	(35.0, 5.897116555825973)	(36.0, 6.444056873347102)	(37.0, 9.741118670321274)	(38.0, 8.8945714511591)	(39.0, 6.878648995012888)	(40.0, 10.993171612694065)	(41.0, 12.490958880245334)	(42.0, 7.264141210443969)	(43.0, 4.2207709059236675)	(44.0, 6.360841261343306)	(45.0, 1.6189258269296256)	(46.0, 0.693825354398411)	(47.0, 0.0)	(48.0, 0.0)	(49.0, 2.4283887403944386)	(50.0, 4.856777480788877)	(51.0, 3.642583110591658)	(52.0, 0.0)	(53.0, 0.0)	(54.0, 0.0)	(55.0, 0.0)	(56.0, 0.0)	(57.0, 0.0)	(58.0, 0.0)	(59.0, 0.0)	(60.0, 0.0)	(61.0, 0.0)	(62.0, 0.0)	(63.0, 0.0)	(64.0, 0.0)	(65.0, 0.0)	(66.0, 0.0)	(67.0, 0.0)	(68.0, 0.0)	(69.0, 0.0)	(70.0, 0.0)	(71.0, 0.0)	(72.0, 0.0)	(73.0, 0.0)	(74.0, 0.0)	(75.0, 0.0)	(76.0, 0.0)	(77.0, 0.0)	(78.0, 0.0)	(79.0, 0.0)	(80.0, 0.0)	(81.0, 0.0)	(82.0, 0.0)	(83.0, 0.0)	(84.0, 0.0)	(85.0, 0.0)	(86.0, 0.0)	(87.0, 0.0)	(88.0, 0.0)	(89.0, 0.0)	(90.0, 0.0)	(91.0, 0.0)	(92.0, 0.0)	(93.0, 0.0)	(94.0, 0.0)	(95.0, 0.0)	(96.0, 0.0)	(97.0, 0.0)	(98.0, 0.0)	(99.0, 0.0)	(100.0, 0.0)
FAY99780_pass_barcode08_98e12ebb_5ad7f319_92	(0.0, 0.0)	(1.0, 0.0)	(2.0, 0.0)	(3.0, 0.0)	(4.0, 0.0)	(5.0, 0.0)	(6.0, 0.0)	(7.0, 0.0)	(8.0, 0.0)	(9.0, 0.0)	(10.0, 0.0)	(11.0, 0.0)	(12.0, 0.0)	(13.0, 0.0)	(14.0, 0.0)	(15.0, 0.0)	(16.0, 0.0)	(17.0, 0.0)	(18.0, 0.0)	(19.0, 0.0)	(20.0, 0.0)	(21.0, 0.0)	(22.0, 0.0)	(23.0, 0.0)	(24.0, 0.0)	(25.0, 0.0)	(26.0, 0.0)	(27.0, 0.0)	(28.0, 0.0)	(29.0, 0.124395771721683)	(30.0, 0.0)	(31.0, 0.0)	(32.0, 0.4446252417191862)	(33.0, 0.00986258036668075)	(34.0, 4.314548525495776)	(35.0, 3.6336982718372157)	(36.0, 5.5467681314055115)	(37.0, 7.586775492536163)	(38.0, 13.68014733221396)	(39.0, 7.279980279329937)	(40.0, 7.205550512256361)	(41.0, 6.6000348676603915)	(42.0, 9.251150194958495)	(43.0, 9.187852851519306)	(44.0, 6.817332560961519)	(45.0, 3.213557436143477)	(46.0, 1.2854229744573908)	(47.0, 1.2854229744573908)	(48.0, 3.8562689233721734)	(49.0, 6.266437000479781)	(50.0, 2.4101680771076084)	(51.0, 0.0)	(52.0, 0.0)	(53.0, 0.0)	(54.0, 0.0)	(55.0, 0.0)	(56.0, 0.0)	(57.0, 0.0)	(58.0, 0.0)	(59.0, 0.0)	(60.0, 0.0)	(61.0, 0.0)	(62.0, 0.0)	(63.0, 0.0)	(64.0, 0.0)	(65.0, 0.0)	(66.0, 0.0)	(67.0, 0.0)	(68.0, 0.0)	(69.0, 0.0)	(70.0, 0.0)	(71.0, 0.0)	(72.0, 0.0)	(73.0, 0.0)	(74.0, 0.0)	(75.0, 0.0)	(76.0, 0.0)	(77.0, 0.0)	(78.0, 0.0)	(79.0, 0.0)	(80.0, 0.0)	(81.0, 0.0)	(82.0, 0.0)	(83.0, 0.0)	(84.0, 0.0)	(85.0, 0.0)	(86.0, 0.0)	(87.0, 0.0)	(88.0, 0.0)	(89.0, 0.0)	(90.0, 0.0)	(91.0, 0.0)	(92.0, 0.0)	(93.0, 0.0)	(94.0, 0.0)	(95.0, 0.0)	(96.0, 0.0)	(97.0, 0.0)	(98.0, 0.0)	(99.0, 0.0)	(100.0, 0.0)
FAY99780_pass_barcode08_98e12ebb_5ad7f319_93	(0.0, 0.0)	(1.0, 0.0)	(2.0, 0.0)	(3.0, 0.0)	(4.0, 0.0)	(5.0, 0.0)	(6.0, 0.0)	(7.0, 0.0)	(8.0, 0.0)	(9.0, 0.0)	(10.0, 0.0)	(11.0, 0.0)	(12.0, 0.0)	(13.0, 0.0)	(14.0, 0.0)	(15.0, 0.0)	(16.0, 0.0)	(17.0, 0.0)	(18.0, 0.0)	(19.0, 0.0)	(20.0, 0.0)	(21.0, 0.0)	(22.0, 0.0)	(23.0, 0.0)	(24.0, 0.0)	(25.0, 0.0)	(26.0, 0.0)	(27.0, 0.0)	(28.0, 1.1956269331142289)	(29.0, 0.047351561707494216)	(30.0, 0.9565015464913833)	(31.0, 0.15427444298248116)	(32.0, 0.434773430223356)	(33.0, 3.0019420459160004)	(34.0, 6.618217771177752)	(35.0, 8.355513410868882)	(36.0, 4.70763461065916)	(37.0, 8.388191195048309)	(38.0, 16.227703874868887)	(39.0, 11.331622793908483)	(40.0, 8.878176962644316)	(41.0, 7.569913884935824)	(42.0, 6.462078900403094)	(43.0, 4.668638500731751)	(44.0, 4.306327308878954)	(45.0, 0.0)	(46.0, 0.0)	(47.0, 2.3912538662284577)	(48.0, 2.3912538662284577)	(49.0, 0.0)	(50.0, 0.0)	(51.0, 0.0)	(52.0, 0.0)	(53.0, 0.0)	(54.0, 0.9565015464913833)	(55.0, 0.9565015464913833)	(56.0, 0.0)	(57.0, 0.0)	(58.0, 0.0)	(59.0, 0.0)	(60.0, 0.0)	(61.0, 0.0)	(62.0, 0.0)	(63.0, 0.0)	(64.0, 0.0)	(65.0, 0.0)	(66.0, 0.0)	(67.0, 0.0)	(68.0, 0.0)	(69.0, 0.0)	(70.0, 0.0)	(71.0, 0.0)	(72.0, 0.0)	(73.0, 0.0)	(74.0, 0.0)	(75.0, 0.0)	(76.0, 0.0)	(77.0, 0.0)	(78.0, 0.0)	(79.0, 0.0)	(80.0, 0.0)	(81.0, 0.0)	(82.0, 0.0)	(83.0, 0.0)	(84.0, 0.0)	(85.0, 0.0)	(86.0, 0.0)	(87.0, 0.0)	(88.0, 0.0)	(89.0, 0.0)	(90.0, 0.0)	(91.0, 0.0)	(92.0, 0.0)	(93.0, 0.0)	(94.0, 0.0)	(95.0, 0.0)	(96.0, 0.0)	(97.0, 0.0)	(98.0, 0.0)	(99.0, 0.0)	(100.0, 0.0)
FAY99780_pass_barcode08_98e12ebb_5ad7f319_94	(0.0, 0.0)	(1.0, 0.0)	(2.0, 0.0)	(3.0, 0.0)	(4.0, 0.0)	(5.0, 0.0)	(6.0, 0.0)	(7.0, 0.0)	(8.0, 0.0)	(9.0, 0.0)	(10.0, 0.0)	(11.0, 0.0)	(12.0, 0.0)	(13.0, 0.0)	(14.0, 0.0)	(15.0, 0.0)	(16.0, 0.0)	(17.0, 0.0)	(18.0, 0.0)	(19.0, 0.0)	(20.0, 0.0)	(21.0, 0.0)	(22.0, 0.0)	(23.0, 0.0)	(24.0, 0.0)	(25.0, 0.0)	(26.0, 0.0)	(27.0, 0.0)	(28.0, 0.0)	(29.0, 0.0)	(30.0, 0.07401943068212899)	(31.0, 0.021893071046826883)	(32.0, 0.010294093008772905)	(33.0, 0.0379123913249929)	(34.0, 0.15096453056118006)	(35.0, 0.653293875148558)	(36.0, 3.3269497009789624)	(37.0, 2.0815429884816683)	(38.0, 1.664001760313761)	(39.0, 2.011379379481225)	(40.0, 2.1638479855072905)	(41.0, 1.5094917079789623)	(42.0, 1.7487424564426521)	(43.0, 0.9185138443736915)	(44.0, 0.15544080443247088)	(45.0, 0.0)	(46.0, 0.0)	(47.0, 0.7772040221623544)	(48.0, 0.7772040221623544)	(49.0, 0.0)	(50.0, 0.7772040221623544)	(51.0, 1.8652896531896506)	(52.0, 1.5544080443247088)	(53.0, 2.331612066487063)	(54.0, 2.331612066487063)	(55.0, 1.5544080443247088)	(56.0, 1.5544080443247088)	(57.0, 1.5544080443247088)	(58.0, 1.5544080443247088)	(59.0, 1.5544080443247088)	(60.0, 1.5544080443247088)	(61.0, 2.331612066487063)	(62.0, 2.331612066487063)	(63.0, 1.5544080443247088)	(64.0, 1.5544080443247088)	(65.0, 1.5544080443247088)	(66.0, 1.5544080443247088)	(67.0, 1.5544080443247088)	(68.0, 1.5544080443247088)	(69.0, 1.5544080443247088)	(70.0, 1.5544080443247088)	(71.0, 1.5544080443247088)	(72.0, 1.5544080443247088)	(73.0, 1.5544080443247088)	(74.0, 1.5544080443247088)	(75.0, 1.5544080443247088)	(76.0, 1.5544080443247088)	(77.0, 1.5544080443247088)	(78.0, 1.5544080443247088)	(79.0, 1.5544080443247088)	(80.0, 1.5544080443247088)	(81.0, 1.5544080443247088)	(82.0, 1.5544080443247088)	(83.0, 1.5544080443247088)	(84.0, 1.5544080443247088)	(85.0, 1.5544080443247088)	(86.0, 1.5544080443247088)	(87.0, 1.5544080443247088)	(88.0, 1.5544080443247088)	(89.0, 1.5544080443247088)	(90.0, 1.5544080443247088)	(91.0, 1.5544080443247088)	(92.0, 1.5544080443247088)	(93.0, 1.5544080443247088)	(94.0, 1.5544080443247088)	(95.0, 1.5544080443247088)	(96.0, 1.5544080443247088)	(97.0, 1.5544080443247088)	(98.0, 1.5544080443247088)	(99.0, 1.5544080443247088)	(100.0, 1.5544080443247088)
FAY99780_pass_barcode08_98e12ebb_5ad7f319_95	(0.0, 0.0)	(1.0, 0.0)	(2.0, 0.0)	(3.0, 0.0)	(4.0, 0.0)	(5.0, 0.0)	(6.0, 0.0)	(7.0, 0.0)	(8.0, 0.0)	(9.0, 0.0)	(10.0, 0.0)	(11.0, 0.0)	(12.0, 0.0)	(13.0, 0.0)	(14.0, 0.0)	(15.0, 0.0)	(16.0, 0.0)	(17.0, 0.0)	(18.0, 0.0)	(19.0, 0.0)	(20.0, 0.0)	(21.0, 0.0)	(22.0, 0.0)	(23.0, 0.0)	(24.0, 0.0)	(25.0, 0.0)	(26.0, 0.0)	(27.0, 0.0)	(28.0, 0.0)	(29.0, 0.48996669973006707)	(30.0, 0.6214211801454509)	(31.0, 0.5724393553989169)	(32.0, 0.0)	(33.0, 0.9799333994601341)	(34.0, 4.834338104003328)	(35.0, 5.732132878423499)	(36.0, 9.380129719205819)	(37.0, 14.410486482773013)	(38.0, 8.893215413712213)	(39.0, 10.048444664967459)	(40.0, 3.6152919234306857)	(41.0, 8.767293025487374)	(42.0, 1.6040576479258148)	(43.0, 4.4464478000503584)	(44.0, 8.30901861625572)	(45.0, 1.3474084242576845)	(46.0, 1.3959636827894928)	(47.0, 4.042225272773053)	(48.0, 4.042225272773053)	(49.0, 2.694816848515369)	(50.0, 3.772743587921516)	(51.0, 0.0)	(52.0, 0.0)	(53.0, 0.0)	(54.0, 0.0)	(55.0, 0.0)	(56.0, 0.0)	(57.0, 0.0)	(58.0, 0.0)	(59.0, 0.0)	(60.0, 0.0)	(61.0, 0.0)	(62.0, 0.0)	(63.0, 0.0)	(64.0, 0.0)	(65.0, 0.0)	(66.0, 0.0)	(67.0, 0.0)	(68.0, 0.0)	(69.0, 0.0)	(70.0, 0.0)	(71.0, 0.0)	(72.0, 0.0)	(73.0, 0.0)	(74.0, 0.0)	(75.0, 0.0)	(76.0, 0.0)	(77.0, 0.0)	(78.0, 0.0)	(79.0, 0.0)	(80.0, 0.0)	(81.0, 0.0)	(82.0, 0.0)	(83.0, 0.0)	(84.0, 0.0)	(85.0, 0.0)	(86.0, 0.0)	(87.0, 0.0)	(88.0, 0.0)	(89.0, 0.0)	(90.0, 0.0)	(91.0, 0.0)	(92.0, 0.0)	(93.0, 0.0)	(94.0, 0.0)	(95.0, 0.0)	(96.0, 0.0)	(97.0, 0.0)	(98.0, 0.0)	(99.0, 0.0)	(100.0, 0.0)
FAY99780_pass_barcode08_98e12ebb_5ad7f319_96	(0.0, 0.0)	(1.0, 0.0)	(2.0, 0.0)	(3.0, 0.0)	(4.0, 0.0)	(5.0, 0.0)	(6.0, 0.0)	(7.0, 0.0)	(8.0, 0.0)	(9.0, 0.0)	(10.0, 0.0)	(11.0, 0.0)	(12.0, 0.0)	(13.0, 0.0)	(14.0, 0.0)	(15.0, 0.0)	(16.0, 0.0)	(17.0, 0.0)	(18.0, 0.0)	(19.0, 0.0)	(20.0, 0.0)	(21.0, 0.0)	(22.0, 0.0)	(23.0, 0.0)	(24.0, 0.0)	(25.0, 0.0)	(26.0, 0.0)	(27.0, 0.0)	(28.0, 0.0)	(29.0, 1.184350423085915)	(30.0, 1.6994368006215428)	(31.0, 1.7623789043482663)	(32.0, 0.34274355642787413)	(33.0, 0.9393532286545875)	(34.0, 1.9632161615894026)	(35.0, 2.829162469401765)	(36.0, 2.6197037000782575)	(37.0, 11.265447772572697)	(38.0, 16.74280070416769)	(39.0, 17.113312075271946)	(40.0, 8.994763482781387)	(41.0, 6.936275864187443)	(42.0, 2.7190988809944683)	(43.0, 4.835302325577961)	(44.0, 1.0196620803729257)	(45.0, 2.336725600854621)	(46.0, 4.885880801786935)	(47.0, 4.248592001553857)	(48.0, 0.4634827638058753)	(49.0, 0.0)	(50.0, 0.0)	(51.0, 0.0)	(52.0, 0.0)	(53.0, 1.6994368006215428)	(54.0, 0.0)	(55.0, 1.6994368006215428)	(56.0, 1.6994368006215428)	(57.0, 0.0)	(58.0, 0.0)	(59.0, 0.0)	(60.0, 0.0)	(61.0, 0.0)	(62.0, 0.0)	(63.0, 0.0)	(64.0, 0.0)	(65.0, 0.0)	(66.0, 0.0)	(67.0, 0.0)	(68.0, 0.0)	(69.0, 0.0)	(70.0, 0.0)	(71.0, 0.0)	(72.0, 0.0)	(73.0, 0.0)	(74.0, 0.0)	(75.0, 0.0)	(76.0, 0.0)	(77.0, 0.0)	(78.0, 0.0)	(79.0, 0.0)	(80.0, 0.0)	(81.0, 0.0)	(82.0, 0.0)	(83.0, 0.0)	(84.0, 0.0)	(85.0, 0.0)	(86.0, 0.0)	(87.0, 0.0)	(88.0, 0.0)	(89.0, 0.0)	(90.0, 0.0)	(91.0, 0.0)	(92.0, 0.0)	(93.0, 0.0)	(94.0, 0.0)	(95.0, 0.0)	(96.0, 0.0)	(97.0, 0.0)	(98.0, 0.0)	(99.0, 0.0)	(100.0, 0.0)
FAY99780_pass_barcode08_98e12ebb_5ad7f319_97	(0.0, 0.0)	(1.0, 0.0)	(2.0, 0.0)	(3.0, 0.0)	(4.0, 0.0)	(5.0, 0.0)	(6.0, 0.0)	(7.0, 0.0)	(8.0, 0.0)	(9.0, 0.0)	(10.0, 0.0)	(11.0, 0.0)	(12.0, 0.0)	(13.0, 0.0)	(14.0, 0.0)	(15.0, 0.0)	(16.0, 0.0)	(17.0, 0.0)	(18.0, 0.0)	(19.0, 0.0)	(20.0, 0.0)	(21.0, 0.0)	(22.0, 0.0)	(23.0, 0.0)	(24.0, 0.0)	(25.0, 0.0)	(26.0, 0.0)	(27.0, 0.0)	(28.0, 0.0)	(29.0, 0.0)	(30.0, 0.0)	(31.0, 0.12841648357676433)	(32.0, 3.948806869985502)	(33.0, 6.880496818914134)	(34.0, 4.367049906431298)	(35.0, 4.114328409316305)	(36.0, 9.26852327211016)	(37.0, 13.793867588979452)	(38.0, 9.241462574459232)	(39.0, 6.916025873629489)	(40.0, 5.791123855906641)	(41.0, 5.187961079691391)	(42.0, 5.4405783542022474)	(43.0, 4.738568243982603)	(44.0, 0.877512637774556)	(45.0, 3.510050551098224)	(46.0, 3.510050551098224)	(47.0, 1.755025275549112)	(48.0, 0.0)	(49.0, 2.6325379133236684)	(50.0, 5.265075826647337)	(51.0, 2.6325379133236684)	(52.0, 0.0)	(53.0, 0.0)	(54.0, 0.0)	(55.0, 0.0)	(56.0, 0.0)	(57.0, 0.0)	(58.0, 0.0)	(59.0, 0.0)	(60.0, 0.0)	(61.0, 0.0)	(62.0, 0.0)	(63.0, 0.0)	(64.0, 0.0)	(65.0, 0.0)	(66.0, 0.0)	(67.0, 0.0)	(68.0, 0.0)	(69.0, 0.0)	(70.0, 0.0)	(71.0, 0.0)	(72.0, 0.0)	(73.0, 0.0)	(74.0, 0.0)	(75.0, 0.0)	(76.0, 0.0)	(77.0, 0.0)	(78.0, 0.0)	(79.0, 0.0)	(80.0, 0.0)	(81.0, 0.0)	(82.0, 0.0)	(83.0, 0.0)	(84.0, 0.0)	(85.0, 0.0)	(86.0, 0.0)	(87.0, 0.0)	(88.0, 0.0)	(89.0, 0.0)	(90.0, 0.0)	(91.0, 0.0)	(92.0, 0.0)	(93.0, 0.0)	(94.0, 0.0)	(95.0, 0.0)	(96.0, 0.0)	(97.0, 0.0)	(98.0, 0.0)	(99.0, 0.0)	(100.0, 0.0)
FAY99780_pass_barcode08_98e12ebb_5ad7f319_98	(0.0, 0.0)	(1.0, 0.0)	(2.0, 0.0)	(3.0, 0.0)	(4.0, 0.0)	(5.0, 0.0)	(6.0, 0.0)	(7.0, 0.0)	(8.0, 0.0)	(9.0, 0.0)	(10.0, 0.0)	(11.0, 0.0)	(12.0, 0.0)	(13.0, 0.0)	(14.0, 0.0)	(15.0, 0.0)	(16.0, 0.0)	(17.0, 0.0)	(18.0, 0.0)	(19.0, 0.0)	(20.0, 0.0)	(21.0, 0.0)	(22.0, 0.0)	(23.0, 0.0)	(24.0, 0.0)	(25.0, 0.0)	(26.0, 0.0)	(27.0, 0.0)	(28.0, 0.0)	(29.0, 0.0)	(30.0, 0.0)	(31.0, 0.0)	(32.0, 0.0)	(33.0, 0.4615501904903427)	(34.0, 3.5444878725348654)	(35.0, 6.436279593776215)	(36.0, 3.302681388640888)	(37.0, 8.986580655417942)	(38.0, 10.196933582823513)	(39.0, 12.64436562227933)	(40.0, 12.28868763129361)	(41.0, 8.073465236831073)	(42.0, 3.9488182964173757)	(43.0, 5.830917406527995)	(44.0, 2.707761117543343)	(45.0, 0.0)	(46.0, 3.807789071545326)	(47.0, 2.5385260476968843)	(48.0, 0.0)	(49.0, 0.0)	(50.0, 0.0)	(51.0, 2.5385260476968843)	(52.0, 5.077052095393769)	(53.0, 5.077052095393769)	(54.0, 2.5385260476968843)	(55.0, 0.0)	(56.0, 0.0)	(57.0, 0.0)	(58.0, 0.0)	(59.0, 0.0)	(60.0, 0.0)	(61.0, 0.0)	(62.0, 0.0)	(63.0, 0.0)	(64.0, 0.0)	(65.0, 0.0)	(66.0, 0.0)	(67.0, 0.0)	(68.0, 0.0)	(69.0, 0.0)	(70.0, 0.0)	(71.0, 0.0)	(72.0, 0.0)	(73.0, 0.0)	(74.0, 0.0)	(75.0, 0.0)	(76.0, 0.0)	(77.0, 0.0)	(78.0, 0.0)	(79.0, 0.0)	(80.0, 0.0)	(81.0, 0.0)	(82.0, 0.0)	(83.0, 0.0)	(84.0, 0.0)	(85.0, 0.0)	(86.0, 0.0)	(87.0, 0.0)	(88.0, 0.0)	(89.0, 0.0)	(90.0, 0.0)	(91.0, 0.0)	(92.0, 0.0)	(93.0, 0.0)	(94.0, 0.0)	(95.0, 0.0)	(96.0, 0.0)	(97.0, 0.0)	(98.0, 0.0)	(99.0, 0.0)	(100.0, 0.0)
FAY99780_pass_barcode08_98e12ebb_5ad7f319_99	(0.0, 0.0)	(1.0, 0.0)	(2.0, 0.0)	(3.0, 0.0)	(4.0, 0.0)	(5.0, 0.0)	(6.0, 0.0)	(7.0, 0.0)	(8.0, 0.0)	(9.0, 0.0)	(10.0, 0.0)	(11.0, 0.0)	(12.0, 0.0)	(13.0, 0.0)	(14.0, 0.0)	(15.0, 0.0)	(16.0, 0.0)	(17.0, 0.0)	(18.0, 0.0)	(19.0, 0.0)	(20.0, 0.0)	(21.0, 0.0)	(22.0, 0.0)	(23.0, 0.0)	(24.0, 0.0)	(25.0, 0.0)	(26.0, 0.0)	(27.0, 0.0)	(28.0, 0.0)	(29.0, 0.0)	(30.0, 0.0)	(31.0, 0.6917442532300436)	(32.0, 0.0)	(33.0, 1.6608237600592293)	(34.0, 3.962445548079193)	(35.0, 6.317351410232532)	(36.0, 8.39919509269021)	(37.0, 7.798727149977447)	(38.0, 13.82698209201597)	(39.0, 11.298264830357176)	(40.0, 6.786401027069844)	(41.0, 7.542948105705297)	(42.0, 10.270407328144572)	(43.0, 6.5030335326695345)	(44.0, 2.7669770129201745)	(45.0, 0.0)	(46.0, 0.0)	(47.0, 0.0)	(48.0, 0.0)	(49.0, 1.10679080516807)	(50.0, 2.7669770129201745)	(51.0, 2.7669770129201745)	(52.0, 0.0)	(53.0, 0.0)	(54.0, 0.0)	(55.0, 0.0)	(56.0, 0.0)	(57.0, 0.0)	(58.0, 2.7669770129201745)	(59.0, 2.7669770129201745)	(60.0, 0.0)	(61.0, 0.0)	(62.0, 0.0)	(63.0, 0.0)	(64.0, 0.0)	(65.0, 0.0)	(66.0, 0.0)	(67.0, 0.0)	(68.0, 0.0)	(69.0, 0.0)	(70.0, 0.0)	(71.0, 0.0)	(72.0, 0.0)	(73.0, 0.0)	(74.0, 0.0)	(75.0, 0.0)	(76.0, 0.0)	(77.0, 0.0)	(78.0, 0.0)	(79.0, 0.0)	(80.0, 0.0)	(81.0, 0.0)	(82.0, 0.0)	(83.0, 0.0)	(84.0, 0.0)	(85.0, 0.0)	(86.0, 0.0)	(87.0, 0.0)	(88.0, 0.0)	(89.0, 0.0)	(90.0, 0.0)	(91.0, 0.0)	(92.0, 0.0)	(93.0, 0.0)	(94.0, 0.0)	(95.0, 0.0)	(96.0, 0.0)	(97.0, 0.0)	(98.0, 0.0)	(99.0, 0.0)	(100.0, 0.0)
