Sample	0	1	2	3	4	5	6	7	8	9	10	11	12	13	14	15	16	17	18	19	20	21	22	23	24	25	26	27	28	29	30	31	32	33	34	35	36	37	38	39	40	41	42	43	44	45	46	47	48	49	50	51	52	53	54	55	56	57	58	59	60	61	62	63	64	65	66	67	68	69	70	71	72	73
FAY99780_pass_barcode08_98e12ebb_5ad7f319_0	(1, 24.164335664335663)	(2, 23.60839160839161)	(3, 25.685314685314687)	(4, 26.18881118881119)	(5, 27.384615384615383)	(6, 27.933566433566433)	(7, 28.104895104895103)	(8, 28.465034965034967)	(9, 29.573426573426573)	(10, 29.037594688385628)	(1000, 29.028151417122206)	(2000, 28.597869022652933)	(3000, 27.71096522342332)	(4000, 28.079521112958016)	(5000, 28.60129191451594)	(6000, 28.392232034632052)	(7000, 25.803898692810503)	(8000, 28.513889705882356)	(9000, 29.9321875)	(10000, 29.51716249999999)	(11000, 29.612133333333322)	(12000, 29.296214285714253)	(13000, 29.4921428571429)	(14000, 30.359725274725278)	(15000, 30.880076923076945)	(16000, 30.189999999999934)	(17000, 29.88715384615385)	(18000, 30.41607692307691)	(19000, 29.23584615384612)	(20000, 30.074307692307688)	(21000, 30.14437179487177)	(22000, 30.61784090909088)	(23000, 29.335199999999993)	(24000, 29.602313888888883)	(25000, 28.147874999999967)	(26000, 28.331904761904745)	(27000, 29.733183333333358)	(28000, 30.22758333333335)	(29000, 28.718333333333366)	(30000, 28.908333333333335)	(31000, 30.000333333333312)	(32000, 28.80566666666667)	(33000, 31.5385)	(34000, 30.1475)	(35000, 28.468)	(36000, 32.418)	(37000, 27.311)	(38000, 29.681)	(39000, 27.114)	(40000, 29.45859872611465)																								
FAY99780_pass_barcode08_98e12ebb_5ad7f319_1	(1, 25.539641943734015)	(2, 24.915601023017903)	(3, 27.296675191815858)	(4, 27.44757033248082)	(5, 28.171355498721226)	(6, 28.55242966751918)	(7, 29.076726342710998)	(8, 29.69820971867008)	(9, 29.946291560102303)	(10, 28.9921874711776)	(1000, 29.02643209939604)	(2000, 28.99224366423114)	(3000, 29.285235376084753)	(4000, 29.57388938378118)	(5000, 29.752322524370193)	(6000, 30.445934333293977)	(7000, 30.29090033726437)	(8000, 30.878688894359975)	(9000, 30.526936554621834)	(10000, 30.841818181818184)	(11000, 30.303875099647737)	(12000, 31.744458128078847)	(13000, 31.691097883597863)	(14000, 31.97965943019942)	(15000, 31.392040000000016)	(16000, 31.05248333333335)	(17000, 31.32142292490118)	(18000, 30.64186363636363)	(19000, 31.4120454545454)	(20000, 31.08017965367964)	(21000, 31.12976190476193)	(22000, 30.699323558897238)	(23000, 31.899552102683177)	(24000, 30.96867069597068)	(25000, 30.05741666666665)	(26000, 30.668643939393966)	(27000, 30.84427272727274)	(28000, 30.572736363636317)	(29000, 31.896599999999996)	(30000, 32.259833333333326)	(31000, 32.26901785714289)	(32000, 32.33934285714287)	(33000, 31.89340000000001)	(34000, 31.29319999999998)	(35000, 30.78154999999998)	(36000, 31.0895)	(37000, 31.721416666666645)	(38000, 32.3835)	(39000, 31.0955)	(40000, 29.706)	(41000, 33.1865)	(42000, 32.802)	(43000, 19.43617021276596)																					
FAY99780_pass_barcode08_98e12ebb_5ad7f319_10	(1, 24.196629213483146)	(2, 23.9438202247191)	(3, 26.68258426966292)	(4, 27.21067415730337)	(5, 27.853932584269664)	(6, 28.1123595505618)	(7, 28.348314606741575)	(8, 28.34269662921348)	(9, 28.6938202247191)	(10, 29.02948421015781)	(1000, 29.29763979594643)	(2000, 29.305108373127265)	(3000, 29.305487711790207)	(4000, 29.438869533525818)	(5000, 29.832671047474346)	(6000, 29.59510637081057)	(7000, 30.09826752715424)	(8000, 29.90556872461544)	(9000, 29.662316073612917)	(10000, 30.264600890806776)	(11000, 29.263827428698757)	(12000, 30.6324375)	(13000, 30.359768346774217)	(14000, 30.470503776683103)	(15000, 31.072335368335334)	(16000, 30.213046794871772)	(17000, 30.862117875964636)	(18000, 30.572799999999994)	(19000, 29.809857894736883)	(20000, 31.01158187134503)	(21000, 31.66716666666663)	(22000, 31.331849673202637)	(23000, 32.393375)	(24000, 31.593441666666674)	(25000, 31.338397252747253)	(26000, 31.64449999999998)	(27000, 30.153818181818142)	(28000, 29.367545454545457)	(29000, 29.7837909090909)	(30000, 31.29420000000008)	(31000, 29.63934365079364)	(32000, 33.19120000000004)	(33000, 32.66305000000001)	(34000, 33.4415)	(35000, 32.208583333333316)	(36000, 32.18633333333333)	(37000, 34.082)	(38000, 30.9205)	(39000, 36.826)	(40000, 31.835)	(41000, 26.106)	(42000, 33.335)	(43000, 32.294)	(44000, 32.588)	(45000, 30.764)	(46000, 25.64578313253012)																		
FAY99780_pass_barcode08_98e12ebb_5ad7f319_100	(1, 24.830357142857142)	(2, 24.080357142857142)	(3, 27.178571428571427)	(4, 27.098214285714285)	(5, 27.553571428571427)	(6, 27.776785714285715)	(7, 27.669642857142858)	(8, 28.258928571428573)	(9, 28.901785714285715)	(10, 28.671077125826283)	(1000, 27.949202267239976)	(2000, 29.04287699534865)	(3000, 28.869720576721768)	(4000, 29.083481617647063)	(5000, 29.145375)	(6000, 28.007986904761882)	(7000, 27.622879120879137)	(8000, 29.229720279720276)	(9000, 28.549500000000023)	(10000, 29.18950000000004)	(11000, 28.826299999999964)	(12000, 30.02269999999999)	(13000, 28.599299999999978)	(14000, 28.10509999999999)	(15000, 28.351599999999994)	(16000, 28.892577777777767)	(17000, 27.52855555555556)	(18000, 25.955624999999994)	(19000, 27.007142857142874)	(20000, 29.10485714285713)	(21000, 27.844285714285718)	(22000, 26.707142857142863)	(23000, 28.292095238095257)	(24000, 27.69616666666662)	(25000, 27.21766666666669)	(26000, 29.064266666666654)	(27000, 27.695999999999966)	(28000, 27.438199999999966)	(29000, 26.302200000000006)	(30000, 23.392600000000005)	(31000, 24.3705)	(32000, 23.65233333333334)	(33000, 31.051666666666634)	(34000, 30.35833333333332)	(35000, 31.223666666666688)	(36000, 29.645333333333333)	(37000, 32.4015)	(38000, 28.9535)	(39000, 29.035)	(40000, 29.599)	(41000, 30.8185)	(42000, 27.489)	(43000, 30.063)	(44000, 31.193)	(45000, 31.179)	(46000, 26.503)	(47000, 29.622)	(48000, 30.376963350785342)																
FAY99780_pass_barcode08_98e12ebb_5ad7f319_101	(1, 22.91891891891892)	(2, 22.954954954954953)	(3, 26.17117117117117)	(4, 26.28828828828829)	(5, 26.855855855855857)	(6, 27.35135135135135)	(7, 27.846846846846848)	(8, 28.513513513513512)	(9, 28.936936936936938)	(10, 28.400712261050856)	(1000, 27.48918586028143)	(2000, 27.06208117951257)	(3000, 26.79752214712587)	(4000, 26.91804455744477)	(5000, 27.383394588921536)	(6000, 29.22442628161313)	(7000, 29.109052631578965)	(8000, 28.423114035087707)	(9000, 27.820111111111142)	(10000, 29.16404983660131)	(11000, 28.98920416666665)	(12000, 28.939604761904775)	(13000, 29.27771428571431)	(14000, 29.26124175824177)	(15000, 28.977769230769212)	(16000, 28.111230769230747)	(17000, 28.417974358974362)	(18000, 29.19958333333332)	(19000, 28.973833333333314)	(20000, 28.714424242424254)	(21000, 29.271)	(22000, 27.152000000000008)	(23000, 27.05692222222225)	(24000, 27.857299603174592)	(25000, 27.627900000000004)	(26000, 27.72259999999998)	(27000, 28.77898333333331)	(28000, 32.34016666666667)	(29000, 30.8385)	(30000, 34.9615)	(31000, 33.5765)	(32000, 30.02)	(33000, 32.43)	(34000, 34.513)	(35000, 33.81666666666667)																													
FAY99780_pass_barcode08_98e12ebb_5ad7f319_102	(1, 24.20689655172414)	(2, 24.126436781609197)	(3, 27.42528735632184)	(4, 27.49425287356322)	(5, 29.149425287356323)	(6, 30.2183908045977)	(7, 30.344827586206897)	(8, 30.413793103448278)	(9, 30.103448275862068)	(10, 28.14042571829358)	(1000, 27.293067671729474)	(2000, 27.840615300127727)	(3000, 29.654611699799933)	(4000, 30.025766150516155)	(5000, 29.436431313131326)	(6000, 29.78859722222222)	(7000, 30.106125)	(8000, 31.155500000000035)	(9000, 29.08114285714288)	(10000, 31.43171428571432)	(11000, 31.10114285714286)	(12000, 30.622142857142812)	(13000, 30.1977857142857)	(14000, 29.152666666666658)	(15000, 29.58733333333331)	(16000, 30.963333333333374)	(17000, 30.581533333333333)	(18000, 30.79020000000002)	(19000, 31.040800000000015)	(20000, 30.839049999999975)	(21000, 29.782750000000043)	(22000, 29.903333333333297)	(23000, 29.928833333333333)	(24000, 31.748)	(25000, 32.29)	(26000, 29.446)	(27000, 29.859)	(28000, 29.501)	(29000, 29.116)	(30000, 28.725)	(31000, 32.752)	(32000, 32.863)	(33000, 32.368)	(34000, 28.376)	(35000, 27.502)	(36000, 28.654)	(37000, 31.422)	(38000, 26.166)	(39000, 26.711)	(40000, 25.266666666666666)																								
FAY99780_pass_barcode08_98e12ebb_5ad7f319_103	(1, 21.774193548387096)	(2, 20.602150537634408)	(3, 22.516129032258064)	(4, 23.9247311827957)	(5, 24.580645161290324)	(6, 24.43010752688172)	(7, 26.043010752688172)	(8, 27.06451612903226)	(9, 27.096774193548388)	(10, 28.587036852983577)	(1000, 29.287879744997213)	(2000, 29.73550620148309)	(3000, 29.514831365696917)	(4000, 28.422659891824438)	(5000, 28.425406432748556)	(6000, 27.232055555555544)	(7000, 28.55660580065362)	(8000, 28.29630000000001)	(9000, 28.499266666666678)	(10000, 27.992399999999996)	(11000, 28.039399999999986)	(12000, 29.611400000000028)	(13000, 29.643933333333344)	(14000, 28.812042857142828)	(15000, 28.518971611721618)	(16000, 28.76100000000003)	(17000, 27.888333333333357)	(18000, 27.266333333333332)	(19000, 27.415833333333342)	(20000, 27.352583333333303)	(21000, 27.72062121212121)	(22000, 26.956000000000014)	(23000, 27.076818181818204)	(24000, 26.080545454545433)	(25000, 27.909090909090924)	(26000, 28.393636363636354)	(27000, 27.64336363636362)	(28000, 28.135909090909077)	(29000, 27.04890909090911)	(30000, 27.6961818181818)	(31000, 27.73757070707068)	(32000, 26.939333333333316)	(33000, 27.297111111111143)	(34000, 27.323222222222242)	(35000, 27.793666666666635)	(36000, 27.27204166666666)	(37000, 26.81008928571425)	(38000, 27.580285714285743)	(39000, 25.681428571428594)	(40000, 25.812999999999988)	(41000, 27.264476190476177)	(42000, 26.00283333333334)	(43000, 24.908999999999992)	(44000, 28.359300000000015)	(45000, 27.4848)	(46000, 29.46119999999998)	(47000, 27.344399999999982)	(48000, 25.277)	(49000, 27.681416666666678)	(50000, 28.482666666666628)	(51000, 20.42466666666663)	(52000, 21.335000000000008)	(53000, 22.835)	(54000, 21.52383333333334)	(55000, 7.13)	(56000, 6.424460431654676)								
FAY99780_pass_barcode08_98e12ebb_5ad7f319_104	(1, 22.825242718446603)	(2, 22.49514563106796)	(3, 25.485436893203882)	(4, 24.92233009708738)	(5, 26.650485436893202)	(6, 27.24271844660194)	(7, 26.97087378640777)	(8, 27.640776699029125)	(9, 27.864077669902912)	(10, 28.828869222701048)	(500, 29.155008171856743)	(1000, 28.96838334130159)	(1500, 28.825928063426367)	(2000, 29.57644237760027)	(2500, 28.94984703955384)	(3000, 28.533983251231522)	(3500, 28.371506137566136)	(4000, 27.84080345191043)	(4500, 27.462287012986987)	(5000, 28.040368421052623)	(5500, 27.50637323701412)	(6000, 27.374823529411746)	(6500, 27.407749999999997)	(7000, 27.41014523809522)	(7500, 28.592571428571446)	(8000, 26.468999999999994)	(8500, 27.700901098901067)	(9000, 28.33461538461537)	(9500, 28.96646153846155)	(10000, 29.3497435897436)	(10500, 28.67086363636364)	(11000, 28.42109090909091)	(11500, 27.605272727272745)	(12000, 27.126927272727254)	(12500, 25.825999999999993)	(13000, 27.332199999999975)	(13500, 25.612222222222247)	(14000, 24.766888888888875)	(14500, 25.967999999999996)	(15000, 24.162666666666667)	(15500, 23.735666666666667)	(16000, 22.45375)	(16500, 23.08435714285712)	(17000, 23.51909523809525)	(17500, 26.03833333333334)	(18000, 26.812666666666658)	(18500, 25.63680000000001)	(19000, 28.467200000000005)	(19500, 28.714399999999998)	(20000, 29.66560000000001)	(20500, 28.617699999999996)	(21000, 27.4905)	(21500, 29.561)	(22000, 25.955)	(22500, 26.6435)	(23000, 19.6615)	(23500, 25.707833333333333)	(24000, 27.28)	(24500, 26.417)	(25000, 22.957)	(25500, 22.875)	(26000, 24.21)	(26500, 25.119)	(27000, 32.62)	(27500, 29.018)	(28000, 32.832402234636874)								
FAY99780_pass_barcode08_98e12ebb_5ad7f319_105	(1, 24.382113821138212)	(2, 23.601626016260163)	(3, 25.75609756097561)	(4, 26.11382113821138)	(5, 26.902439024390244)	(6, 27.59349593495935)	(7, 28.577235772357724)	(8, 29.276422764227643)	(9, 28.869918699186993)	(10, 28.72695871715664)	(1000, 28.945140639165245)	(2000, 28.810911981224272)	(3000, 28.818387131916804)	(4000, 28.546618027924385)	(5000, 28.1901424613906)	(6000, 29.11392655658757)	(7000, 28.65512499999999)	(8000, 28.95702083333335)	(9000, 29.33511428571429)	(10000, 28.04342857142856)	(11000, 28.58862820512823)	(12000, 27.931499999999986)	(13000, 27.89726818181819)	(14000, 29.558533333333326)	(15000, 29.754444444444452)	(16000, 30.094736111111104)	(17000, 30.969125)	(18000, 30.15541071428571)	(19000, 28.681571428571413)	(20000, 31.119714285714245)	(21000, 27.41557142857144)	(22000, 30.04471428571433)	(23000, 30.85585714285716)	(24000, 31.700866666666624)	(25000, 29.501399999999997)	(26000, 31.235899999999965)	(27000, 29.526)	(28000, 31.2035)	(29000, 29.56875)	(30000, 29.802083333333357)	(31000, 29.810333333333354)	(32000, 27.117000000000008)	(33000, 28.5935)	(34000, 28.3485)	(35000, 29.178)	(36000, 26.0315)	(37000, 28.9115)	(38000, 27.058)	(39000, 28.401)	(40000, 27.674)	(41000, 29.225)	(42000, 29.2235)	(43000, 28.7585)	(44000, 28.6865)	(45000, 28.568376068376068)																			
FAY99780_pass_barcode08_98e12ebb_5ad7f319_106	(1, 24.614754098360656)	(2, 24.057377049180328)	(3, 27.19672131147541)	(4, 27.131147540983605)	(5, 28.352459016393443)	(6, 27.9672131147541)	(7, 27.60655737704918)	(8, 27.959016393442624)	(9, 27.59016393442623)	(10, 28.67579555526593)	(1000, 28.743978508343545)	(2000, 29.179982740664002)	(3000, 29.422172413793085)	(4000, 28.990309680504687)	(5000, 29.361666196122727)	(6000, 29.071019005847937)	(7000, 29.28555555555557)	(8000, 29.082444444444445)	(9000, 29.616467320261407)	(10000, 29.593080882352943)	(11000, 28.4495625)	(12000, 28.1378125)	(13000, 30.4339910714286)	(14000, 29.48878571428573)	(15000, 28.97133974358968)	(16000, 27.71667929292929)	(17000, 26.327547619047603)	(18000, 26.75773809523808)	(19000, 24.990300000000005)	(20000, 23.66819999999999)	(21000, 22.295349999999996)	(22000, 20.213)	(23000, 22.91825)	(24000, 19.481500000000008)	(25000, 18.010333333333325)	(26000, 17.179)	(27000, 18.411833333333323)	(28000, 13.984)	(29000, 15.213)	(30000, 13.472)	(31000, 12.42)	(32000, 13.216)	(33000, 13.744493392070485)																															
FAY99780_pass_barcode08_98e12ebb_5ad7f319_107	(1, 24.979310344827585)	(2, 24.28965517241379)	(3, 26.56551724137931)	(4, 26.082758620689656)	(5, 27.379310344827587)	(6, 26.93793103448276)	(7, 27.082758620689656)	(8, 27.544827586206896)	(9, 27.896551724137932)	(10, 29.064781197437)	(2000, 29.083661664601667)	(4000, 29.437261213513597)	(6000, 29.30589383517331)	(8000, 29.12796300962766)	(10000, 29.698005535117044)	(12000, 30.1140400903444)	(14000, 29.600357142857128)	(16000, 29.27393571428578)	(18000, 29.120022368421065)	(20000, 29.585584795321598)	(22000, 29.804777777777815)	(24000, 30.168371323529414)	(26000, 29.763730128205115)	(28000, 30.083249999999982)	(30000, 30.19652651515158)	(32000, 29.128645454545477)	(34000, 29.111800000000038)	(36000, 29.877583333333334)	(38000, 30.807236111111106)	(40000, 29.372160714285705)	(42000, 28.926416666666647)	(44000, 27.52289999999999)	(46000, 29.107875)	(48000, 26.883874999999968)	(50000, 25.711666666666616)	(52000, 25.4545)	(54000, 26.624)	(56000, 25.24475)	(58000, 28.40425)	(60000, 25.62975)	(62000, 23.232)	(64000, 26.29775)	(66000, 24.74375)	(68000, 30.92825)	(70000, 35.4725)	(72000, 33.52288218111003)																												
FAY99780_pass_barcode08_98e12ebb_5ad7f319_108	(1, 25.319148936170212)	(2, 25.054347826086957)	(3, 27.42391304347826)	(4, 28.17391304347826)	(5, 28.57608695652174)	(6, 29.66304347826087)	(7, 30.73913043478261)	(8, 31.26086956521739)	(9, 30.92391304347826)	(10, 29.507139048813578)	(500, 28.859366805487106)	(1000, 28.72483275716367)	(1500, 29.497910525228875)	(2000, 29.34006712572009)	(2500, 29.862109246986794)	(3000, 29.357875864875858)	(3500, 30.087562251950963)	(4000, 30.67488537549407)	(4500, 29.83838095238095)	(5000, 30.090171428571427)	(5500, 30.05171929824561)	(6000, 29.143283496732025)	(6500, 29.883)	(7000, 28.7999892857143)	(7500, 31.89735164835163)	(8000, 30.575538461538475)	(8500, 30.331833333333336)	(9000, 30.700999999999993)	(9500, 29.72369696969697)	(10000, 29.08036363636364)	(10500, 31.165254545454562)	(11000, 29.490000000000016)	(11500, 30.04375)	(12000, 30.75325)	(12500, 32.4765)	(13000, 32.274000000000015)	(13500, 31.58776190476192)	(14000, 32.11633333333333)	(14500, 32.77600000000001)	(15000, 30.983000000000004)	(15500, 32.8503333333333)	(16000, 27.913333333333334)	(16500, 32.68760000000003)	(17000, 31.006399999999996)	(17500, 32.09739999999998)	(18000, 30.03433333333333)	(18500, 32.56466666666666)	(19000, 30.419333333333334)	(19500, 30.103)	(20000, 31.599)	(20500, 33.027)	(21000, 31.397)	(21500, 33.303)	(22000, 32.087)	(22500, 33.033)	(23000, 32.976)	(23500, 29.317)	(24000, 33.065)	(24500, 31.273)	(25000, 30.478)	(25500, 30.854)	(26000, 31.297)	(26500, 32.593)	(27000, 33.222)	(27500, 36.032)	(28000, 38.166)	(28500, 32.52)	(29000, 32.004)	(29500, 32.716)	(30000, 27.974)	(30500, 32.8568281938326)			
FAY99780_pass_barcode08_98e12ebb_5ad7f319_109	(1, 25.68421052631579)	(2, 25.76691729323308)	(3, 28.917293233082706)	(4, 29.48872180451128)	(5, 30.022556390977442)	(6, 30.127819548872182)	(7, 29.917293233082706)	(8, 30.278195488721803)	(9, 30.353383458646615)	(10, 28.515431206501418)	(1000, 28.02865725347718)	(2000, 28.90782570318817)	(3000, 29.04034293288495)	(4000, 29.567518145161287)	(5000, 29.89728607182586)	(6000, 29.71803144078144)	(7000, 29.761913846153835)	(8000, 28.9635436956522)	(9000, 29.27071739130432)	(10000, 29.515653478392952)	(11000, 29.94622222222222)	(12000, 29.783993464052287)	(13000, 30.134235294117612)	(14000, 29.34366176470591)	(15000, 29.29619670329667)	(16000, 30.02973076923078)	(17000, 30.287575757575738)	(18000, 28.882363636363625)	(19000, 30.255600000000005)	(20000, 29.49038888888888)	(21000, 28.807000000000023)	(22000, 29.00722222222221)	(23000, 31.313777777777762)	(24000, 29.336321428571424)	(25000, 30.203714285714327)	(26000, 29.92357142857143)	(27000, 29.557476190476176)	(28000, 30.12349999999998)	(29000, 30.78266666666664)	(30000, 31.255000000000024)	(31000, 30.14375)	(32000, 30.08225)	(33000, 30.047666666666657)	(34000, 27.982)	(35000, 30.94)	(36000, 29.871)	(37000, 28.321)	(38000, 25.802)	(39000, 25.302)	(40000, 32.74)	(41000, 30.355)	(42000, 30.892)	(43000, 27.689)	(44000, 30.287)	(45000, 32.247)	(46000, 31.293)	(47000, 29.916)	(48000, 31.506)	(49000, 27.57439446366782)															
FAY99780_pass_barcode08_98e12ebb_5ad7f319_11	(1, 24.89236111111111)	(2, 24.645833333333332)	(3, 27.413194444444443)	(4, 28.350694444444443)	(5, 29.03125)	(6, 29.48263888888889)	(7, 30.100694444444443)	(8, 30.583333333333332)	(9, 30.770833333333332)	(10, 29.734468515759257)	(1000, 29.961475378912898)	(2000, 30.166169923911134)	(3000, 30.69990182474744)	(4000, 30.386147614085832)	(5000, 30.053478760961816)	(6000, 30.911159473057836)	(7000, 29.450413636363617)	(8000, 30.344347341824367)	(9000, 30.499368261413426)	(10000, 29.903577780209332)	(11000, 30.3230091806092)	(12000, 30.768359154570902)	(13000, 30.84393939393941)	(14000, 30.536920454545463)	(15000, 30.89709375)	(16000, 29.655402553763427)	(17000, 29.200910426929347)	(18000, 30.047827509157518)	(19000, 29.92260333333334)	(20000, 29.822117918313555)	(21000, 31.13809956709958)	(22000, 30.710466416040106)	(23000, 30.92852631578951)	(24000, 31.485596491228055)	(25000, 30.27812091503271)	(26000, 30.385588235294065)	(27000, 30.553691176470593)	(28000, 30.321891666666676)	(29000, 29.82096300366297)	(30000, 29.995939393939356)	(31000, 30.292890909090882)	(32000, 29.89044444444448)	(33000, 29.34158333333333)	(34000, 28.220142857142868)	(35000, 28.122285714285763)	(36000, 27.764047619047606)	(37000, 28.740849999999984)	(38000, 28.6295)	(39000, 26.194166666666664)	(40000, 24.47566666666665)	(41000, 19.492)	(42000, 22.097)	(43000, 20.597)	(44000, 20.6005)	(45000, 22.283)	(46000, 15.69)	(47000, 12.599)	(48000, 17.38855421686747)																
FAY99780_pass_barcode08_98e12ebb_5ad7f319_110	(1, 23.50515463917526)	(2, 22.288659793814432)	(3, 24.896907216494846)	(4, 25.103092783505154)	(5, 26.298969072164947)	(6, 27.45360824742268)	(7, 28.02061855670103)	(8, 28.97938144329897)	(9, 29.463917525773194)	(10, 28.387857253490164)	(1000, 28.0433107941046)	(2000, 28.349150665843357)	(3000, 27.801262406495134)	(4000, 27.342835365142136)	(5000, 27.075983959899787)	(6000, 26.01121364379085)	(7000, 26.5489023809524)	(8000, 26.27497802197803)	(9000, 27.02215384615384)	(10000, 26.821846153846124)	(11000, 27.29002564102567)	(12000, 28.33266666666665)	(13000, 27.341477272727303)	(14000, 27.426448232323228)	(15000, 24.778613095238118)	(16000, 26.549000000000003)	(17000, 25.633766666666702)	(18000, 27.10559999999999)	(19000, 25.668600000000005)	(20000, 25.5938)	(21000, 25.668)	(22000, 25.997)	(23000, 25.168)	(24000, 25.73575)	(25000, 26.65575)	(26000, 27.36683333333332)	(27000, 26.028333333333297)	(28000, 27.360666666666667)	(29000, 27.078999999999983)	(30000, 27.18300000000003)	(31000, 27.274666666666633)	(32000, 23.554)	(33000, 25.379)	(34000, 26.014)	(35000, 25.9325)	(36000, 25.859)	(37000, 25.34)	(38000, 22.537)	(39000, 16.785)	(40000, 15.578)	(41000, 25.545)	(42000, 21.32)	(43000, 20.669753086419753)																					
FAY99780_pass_barcode08_98e12ebb_5ad7f319_111	(1, 24.161016949152543)	(2, 23.661016949152543)	(3, 27.152542372881356)	(4, 27.39830508474576)	(5, 27.64406779661017)	(6, 28.25423728813559)	(7, 29.161016949152543)	(8, 29.703389830508474)	(9, 30.6864406779661)	(10, 29.07146404632283)	(2000, 28.942240814063567)	(4000, 29.754354393770853)	(6000, 30.010295566502432)	(8000, 29.450893554706134)	(10000, 30.49521541501977)	(12000, 30.24634740259739)	(14000, 30.257190476190466)	(16000, 30.629563345864646)	(18000, 31.13450000000007)	(20000, 30.394738304093604)	(22000, 30.00085130718955)	(24000, 29.938393382352952)	(26000, 29.327312499999938)	(28000, 29.7875185897436)	(30000, 30.04399999999999)	(32000, 30.377625000000013)	(34000, 30.696291666666667)	(36000, 30.48412500000002)	(38000, 29.56527272727276)	(40000, 30.734336111111112)	(42000, 30.027)	(44000, 30.506705357142835)	(46000, 31.41975)	(48000, 30.651416666666627)	(50000, 30.045966666666665)	(52000, 30.75459999999999)	(54000, 29.3148416666667)	(56000, 28.59633333333334)	(58000, 30.11975)	(60000, 28.728)	(62000, 27.188)	(64000, 27.2535)	(66000, 27.6895)	(68000, 24.2285)	(70000, 28.374)	(72000, 25.9235)	(74000, 23.959)	(76000, 24.7065)	(78000, 23.8525)	(80000, 26.272)	(82000, 23.808)	(84000, 25.0065)	(86000, 28.1675)	(88000, 29.4745)	(90000, 28.334)	(92000, 29.9965)	(94000, 29.58)	(96000, 28.8875)	(98000, 27.637214137214137)															
FAY99780_pass_barcode08_98e12ebb_5ad7f319_112	(1, 24.87786259541985)	(2, 24.18320610687023)	(3, 26.31297709923664)	(4, 26.977099236641223)	(5, 28.015267175572518)	(6, 28.366412213740457)	(7, 27.717557251908396)	(8, 28.12213740458015)	(9, 28.015267175572518)	(10, 28.79606808405179)	(1000, 29.315506364749588)	(2000, 28.575968120655922)	(3000, 28.691168558776194)	(4000, 30.039734142668923)	(5000, 28.79317051943587)	(6000, 30.14168095238094)	(7000, 30.452857142857162)	(8000, 29.672384615384594)	(9000, 29.025166666666664)	(10000, 28.72298030303031)	(11000, 29.72780000000005)	(12000, 29.9784)	(13000, 29.646200000000004)	(14000, 29.006299999999946)	(15000, 28.63130000000004)	(16000, 29.443800000000014)	(17000, 28.262699999999988)	(18000, 29.4593)	(19000, 29.958400000000022)	(20000, 28.592099999999984)	(21000, 29.338199999999958)	(22000, 29.08569999999998)	(23000, 27.91619999999998)	(24000, 28.034571428571436)	(25000, 27.669142857142845)	(26000, 27.1372857142857)	(27000, 26.76311904761905)	(28000, 30.308833333333357)	(29000, 30.261599999999998)	(30000, 29.91709999999999)	(31000, 28.776)	(32000, 30.292)	(33000, 30.3655)	(34000, 31.3295)	(35000, 30.34825)	(36000, 29.89725)	(37000, 30.222)	(38000, 32.04675)	(39000, 32.758)	(40000, 29.708)	(41000, 31.4555)	(42000, 31.3045)	(43000, 29.3295)	(44000, 29.7085)	(45000, 29.313)	(46000, 29.3305)	(47000, 30.06)	(48000, 33.461)	(49000, 32.689)	(50000, 31.94)	(51000, 34.642)	(52000, 34.55)	(53000, 33.509)	(54000, 33.518)	(55000, 35.642)	(56000, 14.0)								
FAY99780_pass_barcode08_98e12ebb_5ad7f319_113	(1, 23.19047619047619)	(2, 22.206349206349206)	(3, 24.26984126984127)	(4, 25.80952380952381)	(5, 25.841269841269842)	(6, 25.761904761904763)	(7, 25.61904761904762)	(8, 25.285714285714285)	(9, 26.126984126984127)	(10, 27.89844724073889)	(1000, 28.925070213019048)	(2000, 29.208638551830838)	(3000, 28.526866013071917)	(4000, 27.728829040077578)	(5000, 26.33949125874125)	(6000, 26.32955757575753)	(7000, 27.288444444444433)	(8000, 27.362569444444432)	(9000, 24.152)	(10000, 25.05525)	(11000, 26.100285714285715)	(12000, 26.550023809523825)	(13000, 25.947666666666684)	(14000, 25.98200000000002)	(15000, 25.221999999999998)	(16000, 24.553733333333337)	(17000, 24.53025)	(18000, 23.526)	(19000, 24.36925)	(20000, 25.3515)	(21000, 24.03525)	(22000, 23.43825)	(23000, 24.566999999999993)	(24000, 22.348)	(25000, 20.689000000000036)	(26000, 22.732666666666667)	(27000, 22.761166666666664)	(28000, 22.2165)	(29000, 22.2095)	(30000, 23.053)	(31000, 22.792)	(32000, 20.8155)	(33000, 23.341)	(34000, 21.4455)	(35000, 20.795)	(36000, 22.9905)	(37000, 22.4675)	(38000, 22.364)	(39000, 21.9355)	(40000, 24.1785)	(41000, 28.437414030261348)																							
FAY99780_pass_barcode08_98e12ebb_5ad7f319_114	(1, 25.9126213592233)	(2, 25.40776699029126)	(3, 26.650485436893202)	(4, 26.92233009708738)	(5, 28.0)	(6, 28.174757281553397)	(7, 28.660194174757283)	(8, 30.145631067961165)	(9, 29.446601941747574)	(10, 29.048447471549142)	(1000, 29.164756545949526)	(2000, 28.760899923821384)	(3000, 28.354863019180144)	(4000, 27.077234950120385)	(5000, 26.023650000000032)	(6000, 28.54874285714283)	(7000, 29.70627289377289)	(8000, 28.5161121212121)	(9000, 27.401388888888913)	(10000, 29.34184325396825)	(11000, 28.743)	(12000, 28.11033333333334)	(13000, 29.051833333333335)	(14000, 28.299833333333318)	(15000, 29.093833333333293)	(16000, 28.522833333333345)	(17000, 27.689349999999997)	(18000, 28.139)	(19000, 29.2625)	(20000, 26.05433333333332)	(21000, 24.546000000000003)	(22000, 26.85566666666667)	(23000, 26.253166666666665)	(24000, 25.401)	(25000, 24.8855)	(26000, 25.6675)	(27000, 25.5365)	(28000, 26.6985)	(29000, 28.526)	(30000, 24.5355)	(31000, 27.1595)	(32000, 27.716)	(33000, 30.1965)	(34000, 31.963)	(35000, 34.178)	(36000, 28.228)	(37000, 29.783)	(38000, 33.769)	(39000, 31.382826475849733)																									
FAY99780_pass_barcode08_98e12ebb_5ad7f319_115	(1, 25.697986577181208)	(2, 25.013422818791945)	(3, 28.355704697986578)	(4, 29.093959731543624)	(5, 29.711409395973153)	(6, 29.79194630872483)	(7, 29.395973154362416)	(8, 29.892617449664428)	(9, 29.966442953020135)	(10, 29.159797200408462)	(1000, 28.302865301903402)	(2000, 28.542312573597076)	(3000, 27.677693395393824)	(4000, 27.696497707958926)	(5000, 27.33812328001376)	(6000, 27.74868333333333)	(7000, 27.474333333333337)	(8000, 27.948285714285735)	(9000, 27.615087912087915)	(10000, 28.738532051282032)	(11000, 28.31542424242422)	(12000, 29.10672727272729)	(13000, 28.07159090909092)	(14000, 28.060800000000025)	(15000, 28.807700000000004)	(16000, 29.408100000000008)	(17000, 28.857655555555557)	(18000, 27.292888888888854)	(19000, 29.022666666666673)	(20000, 28.600333333333317)	(21000, 27.59411111111107)	(22000, 27.42566666666667)	(23000, 28.527222222222278)	(24000, 28.903583333333337)	(25000, 31.13769642857143)	(26000, 30.694047619047627)	(27000, 30.792833333333306)	(28000, 30.39033333333334)	(29000, 30.639166666666693)	(30000, 31.344833333333384)	(31000, 29.74853333333336)	(32000, 30.14300000000001)	(33000, 30.4327)	(34000, 29.51325)	(35000, 26.817249999999987)	(36000, 21.860166666666686)	(37000, 28.39)	(38000, 24.967268623024832)																										
FAY99780_pass_barcode08_98e12ebb_5ad7f319_116	(1, 24.243243243243242)	(2, 23.46846846846847)	(3, 26.0)	(4, 26.414414414414413)	(5, 27.56756756756757)	(6, 28.135135135135137)	(7, 28.594594594594593)	(8, 28.26126126126126)	(9, 27.963963963963963)	(10, 27.750868780869883)	(2000, 27.398759964907857)	(4000, 27.66535210647614)	(6000, 28.926452819548896)	(8000, 28.802075163398687)	(10000, 29.084611764705965)	(12000, 29.922659340659315)	(14000, 28.680304487179473)	(16000, 29.33270454545453)	(18000, 29.194454545454594)	(20000, 29.80153636363641)	(22000, 29.671304166666637)	(24000, 29.04291964285717)	(26000, 26.733464285714334)	(28000, 26.384749999999993)	(30000, 25.332850000000033)	(32000, 29.62592499999998)	(34000, 31.1815)	(36000, 30.4395)	(38000, 30.02325)	(40000, 26.415)	(42000, 27.098625)	(44000, 24.399375)	(46000, 27.79904166666671)	(48000, 30.077666666666715)	(50000, 30.459833333333293)	(52000, 30.375833333333354)	(54000, 31.121583333333323)	(56000, 30.036)	(58000, 30.67925)	(60000, 31.3935)	(62000, 30.50975)	(64000, 27.9735)	(66000, 28.8055)	(68000, 29.8055)	(70000, 28.4245)	(72000, 29.6735)	(74000, 32.15294117647059)																											
FAY99780_pass_barcode08_98e12ebb_5ad7f319_117	(1, 23.778761061946902)	(2, 23.07079646017699)	(3, 25.72566371681416)	(4, 26.41592920353982)	(5, 27.495575221238937)	(6, 29.061946902654867)	(7, 28.946902654867255)	(8, 29.4070796460177)	(9, 30.24778761061947)	(10, 28.76934093644959)	(1000, 28.92163458468142)	(2000, 28.76799416864274)	(3000, 28.91682848891241)	(4000, 28.56079902331222)	(5000, 27.882893162393163)	(6000, 28.65037248049052)	(7000, 28.23586561264821)	(8000, 27.747954545454547)	(9000, 27.639590852130357)	(10000, 28.137026487788084)	(11000, 28.523507352941174)	(12000, 28.1150625)	(13000, 27.581945833333336)	(14000, 27.150866666666644)	(15000, 28.282819413919412)	(16000, 28.935326923076904)	(17000, 27.37141666666668)	(18000, 27.929333333333307)	(19000, 27.6102651515152)	(20000, 27.194818181818167)	(21000, 25.572809090909075)	(22000, 27.368404761904774)	(23000, 25.679571428571464)	(24000, 26.092000000000013)	(25000, 25.98297619047617)	(26000, 26.803166666666666)	(27000, 26.374233333333308)	(28000, 27.15439999999999)	(29000, 26.374299999999998)	(30000, 25.96925)	(31000, 24.58325)	(32000, 25.24525)	(33000, 25.89525)	(34000, 24.48575)	(35000, 26.35825)	(36000, 26.466)	(37000, 25.772)	(38000, 25.081750000000024)	(39000, 21.63700000000001)	(40000, 22.65450000000001)	(41000, 28.864)	(42000, 25.175)	(43000, 25.509)	(44000, 27.6135)	(45000, 25.91)	(46000, 26.4665)	(47000, 28.279)	(48000, 26.4475)	(49000, 31.145)	(50000, 30.478)	(51000, 28.355)	(52000, 28.235)	(53000, 29.093)	(54000, 18.46875)										
FAY99780_pass_barcode08_98e12ebb_5ad7f319_118	(1, 24.18421052631579)	(2, 23.605263157894736)	(3, 27.526315789473685)	(4, 27.842105263157894)	(5, 28.07894736842105)	(6, 28.05263157894737)	(7, 28.17543859649123)	(8, 28.57017543859649)	(9, 28.36842105263158)	(10, 27.66522028585761)	(1000, 26.672761567988815)	(2000, 27.728599854826214)	(3000, 28.331406272842834)	(4000, 27.933090454030687)	(5000, 27.98022727272725)	(6000, 28.109554112554108)	(7000, 28.648047619047563)	(8000, 28.758749999999992)	(9000, 28.177323684210524)	(10000, 28.126473684210485)	(11000, 27.945736842105276)	(12000, 27.938736842105257)	(13000, 27.814540935672536)	(14000, 28.371601307189554)	(15000, 28.513025735294118)	(16000, 28.11901428571429)	(17000, 28.735785714285736)	(18000, 26.52258791208789)	(19000, 27.449762820512827)	(20000, 28.17983333333337)	(21000, 26.695356060606063)	(22000, 26.87267272727274)	(23000, 26.073711111111113)	(24000, 24.672196428571457)	(25000, 26.290285714285677)	(26000, 26.843000000000004)	(27000, 25.86857142857141)	(28000, 26.582999999999984)	(29000, 24.971380952380954)	(30000, 25.75649999999997)	(31000, 24.398666666666674)	(32000, 23.84435000000002)	(33000, 21.87875)	(34000, 23.76425)	(35000, 23.4365)	(36000, 21.69108333333332)	(37000, 21.51333333333332)	(38000, 26.866833333333336)	(39000, 25.0195)	(40000, 30.202)	(41000, 29.717)	(42000, 30.479915433403807)																						
FAY99780_pass_barcode08_98e12ebb_5ad7f319_119	(1, 24.216)	(2, 22.608)	(3, 25.072)	(4, 26.088)	(5, 27.464)	(6, 28.432)	(7, 28.584)	(8, 29.216)	(9, 28.664)	(10, 28.458643017377955)	(1000, 28.578535008133855)	(2000, 28.278656080144668)	(3000, 28.813481413747517)	(4000, 29.276415191903734)	(5000, 28.4188039016737)	(6000, 29.12240173260691)	(7000, 28.225191176470588)	(8000, 27.560386904761888)	(9000, 27.620104395604475)	(10000, 28.117923076923063)	(11000, 27.617000000000054)	(12000, 27.434166666666645)	(13000, 26.57942424242425)	(14000, 27.330883838383812)	(15000, 28.811111111111074)	(16000, 27.43873611111111)	(17000, 28.469625)	(18000, 28.16851785714284)	(19000, 26.019714285714304)	(20000, 25.79300000000001)	(21000, 26.135428571428584)	(22000, 25.1530476190476)	(23000, 24.963166666666652)	(24000, 24.650733333333328)	(25000, 25.087200000000024)	(26000, 24.568599999999996)	(27000, 26.824150000000007)	(28000, 27.7605)	(29000, 26.6875)	(30000, 26.76)	(31000, 25.8885)	(32000, 27.029)	(33000, 25.74175)	(34000, 27.0905)	(35000, 25.99775)	(36000, 26.592)	(37000, 27.77566666666667)	(38000, 31.995333333333335)	(39000, 30.559666666666647)	(40000, 31.549333333333355)	(41000, 30.82233333333331)	(42000, 29.437333333333306)	(43000, 31.825666666666667)	(44000, 29.681666666666636)	(45000, 29.2795)	(46000, 31.451)	(47000, 26.251)	(48000, 22.897)	(49000, 27.796)	(50000, 27.942)	(51000, 28.067632850241544)													
FAY99780_pass_barcode08_98e12ebb_5ad7f319_12	(1, 24.795221843003414)	(2, 24.133105802047783)	(3, 26.436860068259385)	(4, 26.849829351535835)	(5, 27.576791808873722)	(6, 27.607508532423207)	(7, 28.14334470989761)	(8, 28.610921501706486)	(9, 28.730375426621162)	(10, 29.34562189393981)	(1000, 29.698506071948355)	(2000, 29.318546065617195)	(3000, 29.326992963614266)	(4000, 29.266310096068835)	(5000, 29.262734414326005)	(6000, 29.234028344971126)	(7000, 28.539276738990164)	(8000, 28.592793965941297)	(9000, 29.331577300064907)	(10000, 29.297103007747584)	(11000, 29.17932177934233)	(12000, 28.236267992424224)	(13000, 28.231796370967743)	(14000, 27.71861533185019)	(15000, 28.32391319902318)	(16000, 28.18075543478262)	(17000, 28.80731818181817)	(18000, 28.835989177489186)	(19000, 28.20525238095241)	(20000, 27.508063157894703)	(21000, 28.30736842105263)	(22000, 28.077631578947383)	(23000, 27.257391812865503)	(24000, 28.519166666666678)	(25000, 26.773888888888912)	(26000, 27.109722222222203)	(27000, 28.535531862745106)	(28000, 27.887016666666664)	(29000, 27.607400000000016)	(30000, 28.478342857142874)	(31000, 29.64183233433232)	(32000, 28.989362626262608)	(33000, 28.940986111111116)	(34000, 29.0325)	(35000, 27.5605)	(36000, 27.047428571428593)	(37000, 27.735428571428585)	(38000, 26.743714285714233)	(39000, 27.369285714285684)	(40000, 27.227428571428568)	(41000, 29.00816666666664)	(42000, 29.51416666666666)	(43000, 29.441899999999997)	(44000, 32.25035)	(45000, 31.39049999999999)	(46000, 32.05633333333335)	(47000, 30.87633333333333)	(48000, 29.869)	(49000, 30.07)	(50000, 30.863)	(51000, 28.812)	(52000, 28.3585)	(53000, 29.768)	(54000, 29.02134831460674)										
FAY99780_pass_barcode08_98e12ebb_5ad7f319_120	(1, 22.87121212121212)	(2, 21.992424242424242)	(3, 23.954545454545453)	(4, 25.189393939393938)	(5, 25.734848484848484)	(6, 26.939393939393938)	(7, 27.689393939393938)	(8, 28.196969696969695)	(9, 28.931818181818183)	(10, 28.062807158750697)	(2000, 28.32435762989193)	(4000, 28.203756808384835)	(6000, 27.32899675894284)	(8000, 27.151789473684158)	(10000, 27.306395854833184)	(12000, 27.3072941176471)	(14000, 26.88161764705887)	(16000, 27.92177757352941)	(18000, 26.940455082417543)	(20000, 25.62065384615388)	(22000, 27.073657634032607)	(24000, 28.371772727272763)	(26000, 28.803972727272715)	(28000, 27.451700000000017)	(30000, 27.655311111111068)	(32000, 26.486055555555495)	(34000, 24.79504166666666)	(36000, 24.4095625)	(38000, 25.056)	(40000, 22.212875)	(42000, 21.6869375)	(44000, 21.2935625)	(46000, 22.28977678571428)	(48000, 23.062238095238076)	(50000, 23.179199999999984)	(52000, 24.31410000000002)	(54000, 20.352833333333326)	(56000, 19.26483333333333)	(58000, 20.363833333333325)	(60000, 20.25066666666671)	(62000, 20.138999999999992)	(64000, 19.954)	(66000, 22.179583333333344)	(68000, 31.754)	(70000, 33.218)	(72000, 33.009)	(74000, 33.311)	(76000, 32.076)	(78000, 34.7115)	(80000, 34.09705882352941)																								
FAY99780_pass_barcode08_98e12ebb_5ad7f319_121	(1, 23.338709677419356)	(2, 23.161290322580644)	(3, 26.774193548387096)	(4, 27.10483870967742)	(5, 28.008064516129032)	(6, 28.669354838709676)	(7, 28.048387096774192)	(8, 28.25)	(9, 28.846774193548388)	(10, 27.970031610212853)	(1000, 28.71534395986382)	(2000, 28.560053801978246)	(3000, 28.10764313745531)	(4000, 27.541835899798507)	(5000, 26.82332916666666)	(6000, 28.344304395604375)	(7000, 26.979249999999997)	(8000, 27.717242424242425)	(9000, 28.141963636363652)	(10000, 29.694111111111127)	(11000, 30.505694444444448)	(12000, 29.926821428571365)	(13000, 31.51314285714285)	(14000, 31.12747619047618)	(15000, 31.385666666666673)	(16000, 30.584866666666706)	(17000, 31.115000000000013)	(18000, 30.22360000000003)	(19000, 30.632900000000006)	(20000, 30.068333333333335)	(21000, 29.70799999999998)	(22000, 31.325666666666674)	(23000, 29.724000000000014)	(24000, 29.84733333333333)	(25000, 31.64233333333334)	(26000, 29.68966666666667)	(27000, 29.537)	(28000, 27.824)	(29000, 30.3705)	(30000, 28.962)	(31000, 29.235)	(32000, 30.6485)	(33000, 29.1655)	(34000, 26.8735)	(35000, 30.871)	(36000, 30.219)	(37000, 27.223)	(38000, 26.897)	(39000, 31.262)	(40000, 30.644)	(41000, 33.355)	(42000, 32.766)	(43000, 29.161)	(44000, 31.901)	(45000, 25.141)	(46000, 30.0)																		
FAY99780_pass_barcode08_98e12ebb_5ad7f319_122	(1, 23.896551724137932)	(2, 22.93103448275862)	(3, 25.770114942528735)	(4, 25.919540229885058)	(5, 26.264367816091955)	(6, 27.137931034482758)	(7, 27.333333333333332)	(8, 28.39080459770115)	(9, 29.436781609195403)	(10, 28.53627572432971)	(1000, 28.212414774515405)	(2000, 29.588031630176978)	(3000, 29.687723837756437)	(4000, 29.937963074352577)	(5000, 29.909973529411776)	(6000, 29.48088937728936)	(7000, 29.98776223776219)	(8000, 28.284918181818153)	(9000, 29.20606666666669)	(10000, 30.302888888888898)	(11000, 30.635422619047596)	(12000, 29.555571428571415)	(13000, 28.951714285714296)	(14000, 29.62819047619049)	(15000, 30.958666666666627)	(16000, 30.534133333333326)	(17000, 30.089799999999997)	(18000, 26.70559999999999)	(19000, 29.199999999999992)	(20000, 28.60175)	(21000, 28.656)	(22000, 29.79575)	(23000, 29.4265)	(24000, 30.49625)	(25000, 30.9775)	(26000, 30.61925)	(27000, 30.1505)	(28000, 30.506)	(29000, 30.8345)	(30000, 32.81925)	(31000, 31.0015)	(32000, 30.48025)	(33000, 31.6535)	(34000, 29.005750000000003)	(35000, 28.667666666666626)	(36000, 30.42)	(37000, 29.481)	(38000, 28.3695)	(39000, 29.7355)	(40000, 30.434)	(41000, 27.7575)	(42000, 29.9265)	(43000, 32.187)	(44000, 31.127)	(45000, 32.229)	(46000, 31.145)	(47000, 28.16304347826087)																	
FAY99780_pass_barcode08_98e12ebb_5ad7f319_123	(1, 23.542168674698797)	(2, 22.626506024096386)	(3, 25.373493975903614)	(4, 26.228915662650603)	(5, 26.819277108433734)	(6, 27.49397590361446)	(7, 27.602409638554217)	(8, 28.120481927710845)	(9, 29.80722891566265)	(10, 29.095431211227293)	(1000, 29.317177514295278)	(2000, 30.190033395501487)	(3000, 29.85950087719298)	(4000, 29.39300720121385)	(5000, 29.664083749583746)	(6000, 29.043536363636367)	(7000, 28.42370000000003)	(8000, 29.995466666666683)	(9000, 27.566555555555578)	(10000, 28.30941666666666)	(11000, 27.83775)	(12000, 28.019107142857163)	(13000, 27.542999999999996)	(14000, 26.631571428571423)	(15000, 27.616428571428592)	(16000, 28.378571428571465)	(17000, 27.714857142857152)	(18000, 28.68097619047616)	(19000, 25.30023333333337)	(20000, 27.205400000000065)	(21000, 26.665000000000003)	(22000, 27.75039999999998)	(23000, 28.865999999999993)	(24000, 28.17799999999994)	(25000, 27.302199999999992)	(26000, 27.295199999999994)	(27000, 26.649800000000013)	(28000, 25.874750000000002)	(29000, 25.30725)	(30000, 25.45125)	(31000, 26.43475)	(32000, 29.415583333333338)	(33000, 30.447999999999993)	(34000, 29.018000000000026)	(35000, 30.96033333333334)	(36000, 31.534666666666652)	(37000, 33.52199999999998)	(38000, 31.039333333333328)	(39000, 30.8555)	(40000, 30.7965)	(41000, 28.9205)	(42000, 31.269)	(43000, 29.257)	(44000, 28.885)	(45000, 28.604)	(46000, 29.301007556675064)																		
FAY99780_pass_barcode08_98e12ebb_5ad7f319_124	(1, 22.675675675675677)	(2, 22.126126126126128)	(3, 24.26126126126126)	(4, 24.227272727272727)	(5, 24.51818181818182)	(6, 24.927272727272726)	(7, 25.37272727272727)	(8, 26.618181818181817)	(9, 27.509090909090908)	(10, 27.85051341463744)	(1000, 27.539438660319934)	(2000, 27.033410822609817)	(3000, 27.574781710107946)	(4000, 27.139280117056867)	(5000, 27.738295666061976)	(6000, 28.327644408532635)	(7000, 30.081923076923054)	(8000, 28.875000000000018)	(9000, 28.891000000000044)	(10000, 29.07730769230771)	(11000, 28.525166666666674)	(12000, 28.23171212121211)	(13000, 28.691490909090916)	(14000, 28.537444444444453)	(15000, 26.825777777777777)	(16000, 28.017000000000017)	(17000, 26.894666666666676)	(18000, 28.077875)	(19000, 26.5675)	(20000, 26.23132142857145)	(21000, 27.12633333333327)	(22000, 25.456666666666667)	(23000, 24.491166666666675)	(24000, 26.025066666666685)	(25000, 25.10740000000002)	(26000, 23.94365)	(27000, 21.57)	(28000, 20.88525)	(29000, 23.140583333333336)	(30000, 28.758666666666656)	(31000, 24.997500000000002)	(32000, 26.475)	(33000, 23.412)	(34000, 24.416)	(35000, 24.965)	(36000, 24.3345)	(37000, 26.1095)	(38000, 28.869249394673123)																										
FAY99780_pass_barcode08_98e12ebb_5ad7f319_125	(1, 24.303030303030305)	(2, 23.78030303030303)	(3, 25.78787878787879)	(4, 26.068181818181817)	(5, 27.727272727272727)	(6, 28.03030303030303)	(7, 28.71969696969697)	(8, 29.310606060606062)	(9, 28.96969696969697)	(10, 28.26931902454834)	(1000, 28.363709406092116)	(2000, 27.87359382889773)	(3000, 27.829797335765587)	(4000, 27.455408931553755)	(5000, 28.036049230769237)	(6000, 27.168821682665165)	(7000, 27.353805826453375)	(8000, 26.449519047619024)	(9000, 26.92578571428575)	(10000, 26.702384615384666)	(11000, 26.62326573426576)	(12000, 29.21109090909091)	(13000, 26.83785454545452)	(14000, 26.700700000000033)	(15000, 27.145500000000055)	(16000, 28.501100000000015)	(17000, 27.14329999999997)	(18000, 27.561700000000013)	(19000, 26.140811111111073)	(20000, 26.29000000000002)	(21000, 26.891888888888914)	(22000, 27.22301388888886)	(23000, 28.824375)	(24000, 27.887)	(25000, 27.65275)	(26000, 28.15246428571423)	(27000, 27.512857142857126)	(28000, 25.24257142857138)	(29000, 24.652142857142895)	(30000, 23.693047619047633)	(31000, 25.276000000000014)	(32000, 23.852333333333323)	(33000, 22.501366666666648)	(34000, 22.91755)	(35000, 24.072)	(36000, 23.262)	(37000, 23.33)	(38000, 22.361)	(39000, 22.86325)	(40000, 20.7945)	(41000, 22.7695)	(42000, 23.94075)	(43000, 22.538)	(44000, 22.29125)	(45000, 22.4435)	(46000, 22.812)	(47000, 23.61575)	(48000, 23.649750000000033)	(49000, 21.659999999999986)	(50000, 21.46133333333334)	(51000, 19.013)	(52000, 28.517)	(53000, 35.449)	(54000, 19.782)	(55000, 2.916)	(56000, 32.667)	(57000, 33.608)	(58000, 33.29505582137161)						
FAY99780_pass_barcode08_98e12ebb_5ad7f319_126	(1, 25.0)	(2, 24.495726495726494)	(3, 26.478632478632477)	(4, 26.47008547008547)	(5, 26.786324786324787)	(6, 27.871794871794872)	(7, 27.58974358974359)	(8, 28.102564102564102)	(9, 29.58974358974359)	(10, 29.23476474402427)	(1000, 29.02245501548079)	(2000, 29.596547945290805)	(3000, 29.73647808871241)	(4000, 29.74915698005695)	(5000, 29.897269151386336)	(6000, 29.900210526315778)	(7000, 29.081324561403513)	(8000, 29.09553921568628)	(9000, 28.870647058823533)	(10000, 29.01436397058824)	(11000, 28.71725)	(12000, 29.418965476190458)	(13000, 28.154709706959714)	(14000, 28.891371212121165)	(15000, 30.142299999999995)	(16000, 27.441500000000016)	(17000, 27.102899999999963)	(18000, 27.554299999999998)	(19000, 26.788388888888882)	(20000, 26.841375000000006)	(21000, 26.06075)	(22000, 24.687898809523784)	(23000, 22.78983333333333)	(24000, 23.86796666666667)	(25000, 24.55160000000001)	(26000, 23.728799999999985)	(27000, 23.542599999999968)	(28000, 23.855450000000005)	(29000, 26.74275)	(30000, 27.216333333333335)	(31000, 28.085333333333335)	(32000, 28.772666666666666)	(33000, 28.03766666666667)	(34000, 30.357)	(35000, 32.0355)	(36000, 29.921)	(37000, 31.156)	(38000, 20.255)	(39000, 10.926)	(40000, 13.836)	(41000, 14.685939553219448)																							
FAY99780_pass_barcode08_98e12ebb_5ad7f319_127	(1, 26.09090909090909)	(2, 25.285714285714285)	(3, 27.887755102040817)	(4, 28.602040816326532)	(5, 28.397959183673468)	(6, 28.6734693877551)	(7, 28.836734693877553)	(8, 28.755102040816325)	(9, 28.775510204081634)	(10, 28.120609560197714)	(1000, 27.576328003770755)	(2000, 27.475794878799512)	(3000, 27.53203282051281)	(4000, 25.848176296909465)	(5000, 26.84558823529413)	(6000, 27.13705514705883)	(7000, 26.427443452380935)	(8000, 25.46393406593407)	(9000, 25.646692307692327)	(10000, 26.376538461538487)	(11000, 25.936846153846115)	(12000, 25.564769230769215)	(13000, 24.120000000000005)	(14000, 23.108615384615383)	(15000, 26.31476771561772)	(16000, 27.74370000000001)	(17000, 26.58669999999999)	(18000, 27.234)	(19000, 25.6555)	(20000, 26.175125)	(21000, 25.850375)	(22000, 26.164125)	(23000, 24.800375)	(24000, 26.437125)	(25000, 26.84907142857143)	(26000, 26.36533333333334)	(27000, 26.357500000000012)	(28000, 26.808366666666682)	(29000, 27.90360000000004)	(30000, 27.95080000000004)	(31000, 25.562799999999992)	(32000, 26.986099999999993)	(33000, 30.36475000000003)	(34000, 28.766333333333357)	(35000, 28.009666666666668)	(36000, 24.535)	(37000, 24.381)	(38000, 26.432)	(39000, 23.044)	(40000, 24.591)	(41000, 21.249)	(42000, 19.911)	(43000, 19.0327868852459)																					
FAY99780_pass_barcode08_98e12ebb_5ad7f319_128	(1, 25.24175824175824)	(2, 24.89010989010989)	(3, 28.197802197802197)	(4, 28.593406593406595)	(5, 29.89010989010989)	(6, 30.12087912087912)	(7, 30.24175824175824)	(8, 30.604395604395606)	(9, 30.47252747252747)	(10, 29.30929322875305)	(1000, 29.87762237421276)	(2000, 29.319218183560324)	(3000, 30.213112136522035)	(4000, 30.507981617647058)	(5000, 28.919446794871828)	(6000, 28.81889393939393)	(7000, 28.919272727272723)	(8000, 29.44702727272729)	(9000, 28.935711111111107)	(10000, 28.69752380952381)	(11000, 26.93828571428576)	(12000, 26.9075714285714)	(13000, 27.004428571428555)	(14000, 27.498714285714247)	(15000, 27.88357142857139)	(16000, 28.251857142857126)	(17000, 27.620999999999952)	(18000, 27.83602380952379)	(19000, 27.34783333333337)	(20000, 28.262333333333313)	(21000, 27.793666666666656)	(22000, 27.34083333333333)	(23000, 27.46249999999997)	(24000, 26.877000000000013)	(25000, 29.633733333333318)	(26000, 28.374199999999988)	(27000, 28.2201)	(28000, 27.22375)	(29000, 26.604750000000028)	(30000, 28.261833333333332)	(31000, 26.1545)	(32000, 28.6495)	(33000, 33.072)	(34000, 30.847)	(35000, 32.055)	(36000, 32.163)	(37000, 30.66)	(38000, 26.6231884057971)																										
FAY99780_pass_barcode08_98e12ebb_5ad7f319_129	(1, 22.716814159292035)	(2, 21.628318584070797)	(3, 24.079646017699115)	(4, 23.964601769911503)	(5, 24.946902654867255)	(6, 25.839285714285715)	(7, 26.705357142857142)	(8, 27.375)	(9, 28.294642857142858)	(10, 27.982283080571467)	(1000, 27.98654260954483)	(2000, 27.622014706490543)	(3000, 27.13576573969508)	(4000, 27.419176315789475)	(5000, 26.781187521499824)	(6000, 26.24360416666664)	(7000, 28.26530219780218)	(8000, 27.93166666666672)	(9000, 28.322083333333353)	(10000, 27.42540151515151)	(11000, 28.212363636363644)	(12000, 28.27234545454545)	(13000, 28.146267460317485)	(14000, 27.5801428571429)	(15000, 27.775857142857138)	(16000, 29.298428571428584)	(17000, 28.168571428571443)	(18000, 27.516571428571428)	(19000, 27.95328571428572)	(20000, 28.61328571428572)	(21000, 26.77926190476189)	(22000, 27.29033333333335)	(23000, 26.728500000000004)	(24000, 25.337599999999984)	(25000, 26.698)	(26000, 27.100600000000007)	(27000, 27.716450000000005)	(28000, 29.64775)	(29000, 28.88375)	(30000, 28.320833333333333)	(31000, 27.874)	(32000, 24.223)	(33000, 25.883)	(34000, 23.303)	(35000, 27.917)	(36000, 27.526)	(37000, 25.608)	(38000, 27.314)	(39000, 24.209134615384617)																									
FAY99780_pass_barcode08_98e12ebb_5ad7f319_13	(1, 25.328125)	(2, 24.578125)	(3, 27.3046875)	(4, 27.98046875)	(5, 28.733333333333334)	(6, 29.20392156862745)	(7, 28.901960784313726)	(8, 29.63921568627451)	(9, 29.545098039215688)	(10, 28.691086943683416)	(2000, 28.721904436863266)	(4000, 28.474376802009747)	(6000, 28.843406623245077)	(8000, 29.518597013217967)	(10000, 29.647638668611105)	(12000, 30.39312492528587)	(14000, 30.545926724137978)	(16000, 30.40113262311763)	(18000, 30.19314931159429)	(20000, 30.566176877470358)	(22000, 29.670820921622195)	(24000, 29.633047452270397)	(26000, 30.87676666666663)	(28000, 30.161092032967005)	(30000, 29.76235227272725)	(32000, 30.696829292929262)	(34000, 30.01044444444447)	(36000, 30.62688888888888)	(38000, 30.673243055555545)	(40000, 30.670375)	(42000, 29.449705357142793)	(44000, 29.44916666666664)	(46000, 30.91690000000002)	(48000, 30.67150000000003)	(50000, 30.083624999999962)	(52000, 28.37525)	(54000, 27.847)	(56000, 25.979249999999993)	(58000, 23.90475)	(60000, 31.831)	(62000, 32.4605)	(64000, 25.868)	(66000, 2.556668753913588)																															
FAY99780_pass_barcode08_98e12ebb_5ad7f319_130	(1, 24.767676767676768)	(2, 24.19191919191919)	(3, 25.363636363636363)	(4, 26.707070707070706)	(5, 27.303030303030305)	(6, 28.07070707070707)	(7, 28.31313131313131)	(8, 28.949494949494948)	(9, 28.91919191919192)	(10, 29.002604832337852)	(1000, 29.266865264059156)	(2000, 28.472573868955738)	(3000, 28.915054412124103)	(4000, 28.756873727421997)	(5000, 27.915103174603182)	(6000, 29.338333963299206)	(7000, 30.463419047619038)	(8000, 29.527999999999967)	(9000, 29.80765)	(10000, 30.353150000000014)	(11000, 30.003499999999953)	(12000, 29.481300000000008)	(13000, 29.625399999999996)	(14000, 29.319650000000014)	(15000, 29.68981052631582)	(16000, 29.741947368421087)	(17000, 30.344736842105252)	(18000, 29.382368421052664)	(19000, 29.712157894736837)	(20000, 29.873947024423785)	(21000, 30.304588235294073)	(22000, 30.745352941176435)	(23000, 30.563999999999997)	(24000, 30.85170588235292)	(25000, 29.723590931372552)	(26000, 29.955625274725254)	(27000, 31.182004079254096)	(28000, 29.762363636363588)	(29000, 29.61490909090913)	(30000, 29.47827272727274)	(31000, 29.755818181818242)	(32000, 28.56663636363634)	(33000, 31.150328282828298)	(34000, 31.606333333333303)	(35000, 30.830777777777772)	(36000, 31.809402777777787)	(37000, 30.9905)	(38000, 31.638625)	(39000, 30.768160714285724)	(40000, 28.909285714285694)	(41000, 28.52171428571426)	(42000, 30.90085714285712)	(43000, 31.204380952380955)	(44000, 31.499000000000045)	(45000, 32.6217166666667)	(46000, 32.397)	(47000, 33.740666666666684)	(48000, 31.430833333333332)	(49000, 30.4435)	(50000, 30.067)	(51000, 26.9765)	(52000, 23.0065)	(53000, 24.923)	(54000, 25.375)	(55000, 31.712)	(56000, 33.89705882352941)								
FAY99780_pass_barcode08_98e12ebb_5ad7f319_131	(1, 25.709302325581394)	(2, 24.63953488372093)	(3, 27.662790697674417)	(4, 27.197674418604652)	(5, 27.8953488372093)	(6, 27.941860465116278)	(7, 29.093023255813954)	(8, 30.24418604651163)	(9, 30.25581395348837)	(10, 28.666634209017502)	(1000, 28.536161219301665)	(2000, 28.23093768622295)	(3000, 28.442999326945188)	(4000, 28.532171033314476)	(5000, 28.498461403508788)	(6000, 27.576729119981284)	(7000, 28.003181318681296)	(8000, 29.220307692307724)	(9000, 29.54023601398598)	(10000, 29.80400000000002)	(11000, 29.20081818181819)	(12000, 30.203545454545473)	(13000, 29.525272727272704)	(14000, 30.02550000000001)	(15000, 30.394288888888912)	(16000, 29.834597222222197)	(17000, 28.8175)	(18000, 30.0905)	(19000, 30.002)	(20000, 29.276125)	(21000, 29.795035714285728)	(22000, 29.05671428571429)	(23000, 29.268428571428583)	(24000, 28.770238095238103)	(25000, 27.996166666666685)	(26000, 28.53140000000001)	(27000, 29.489599999999992)	(28000, 30.300399999999982)	(29000, 29.369499999999984)	(30000, 30.28599999999999)	(31000, 28.71466666666666)	(32000, 30.69233333333337)	(33000, 30.57699999999999)	(34000, 29.29866666666668)	(35000, 31.466333333333303)	(36000, 30.402666666666637)	(37000, 31.174666666666656)	(38000, 30.236333333333317)	(39000, 29.26266666666667)	(40000, 30.249666666666652)	(41000, 29.218666666666692)	(42000, 30.900333333333297)	(43000, 29.757333333333335)	(44000, 32.51416666666666)	(45000, 32.381)	(46000, 29.954)	(47000, 30.709)	(48000, 35.824)	(49000, 35.0200364298725)															
FAY99780_pass_barcode08_98e12ebb_5ad7f319_132	(1, 23.772151898734176)	(2, 22.734177215189874)	(3, 25.050632911392405)	(4, 25.088607594936708)	(5, 26.27848101265823)	(6, 26.11392405063291)	(7, 26.481012658227847)	(8, 26.0)	(9, 27.164556962025316)	(10, 28.226832231350723)	(500, 28.24330589466659)	(1000, 28.799498455627074)	(1500, 28.859947240537224)	(2000, 27.083699275362306)	(2500, 28.696853002070387)	(3000, 28.721529991645763)	(3500, 29.70133006535948)	(4000, 30.018809523809548)	(4500, 31.013900266400245)	(5000, 29.90563636363635)	(5500, 30.488127272727294)	(6000, 29.83620000000001)	(6500, 29.798555555555566)	(7000, 30.307063492063474)	(7500, 30.956571428571436)	(8000, 29.055428571428557)	(8500, 27.526857142857114)	(9000, 27.463142857142888)	(9500, 26.221666666666653)	(10000, 26.454999999999995)	(10500, 27.682000000000006)	(11000, 26.469133333333318)	(11500, 25.67560000000001)	(12000, 26.41239999999997)	(12500, 26.809599999999996)	(13000, 26.438000000000002)	(13500, 24.720000000000024)	(14000, 26.527600000000017)	(14500, 27.755599999999994)	(15000, 25.9684)	(15500, 27.44320000000003)	(16000, 27.645500000000027)	(16500, 29.3625)	(17000, 26.287999999999986)	(17500, 28.872666666666646)	(18000, 30.048666666666666)	(18500, 31.848)	(19000, 30.896)	(19500, 26.823)	(20000, 29.218)	(20500, 30.517)	(21000, 29.573)	(21500, 31.258)	(22000, 32.389)	(22500, 32.467)	(23000, 30.973)	(23500, 28.415)	(24000, 26.774)	(24500, 29.439)	(25000, 31.037)	(25500, 28.209)	(26000, 32.118)	(26500, 27.249)	(27000, 27.017)	(27500, 29.372)	(28000, 29.705)	(28500, 28.874)	(29000, 26.087)	(29500, 28.446)	(30000, 27.494)	(30500, 29.082)	(31000, 24.82)	(31500, 32.38333333333333)	
FAY99780_pass_barcode08_98e12ebb_5ad7f319_133	(1, 22.905982905982906)	(2, 22.39316239316239)	(3, 25.65811965811966)	(4, 26.153846153846153)	(5, 26.974358974358974)	(6, 27.213675213675213)	(7, 27.52991452991453)	(8, 28.256410256410255)	(9, 27.897435897435898)	(10, 29.159027921234063)	(500, 29.590557707430943)	(1000, 29.486103946903633)	(1500, 30.53177157572343)	(2000, 31.128427288911844)	(2500, 29.209322009455903)	(3000, 29.31160173160175)	(3500, 30.777995739348334)	(4000, 30.25082456140348)	(4500, 30.226712418300643)	(5000, 29.334632352941185)	(5500, 28.741304029304025)	(6000, 30.390545454545475)	(6500, 31.601818181818196)	(7000, 31.161454545454568)	(7500, 30.74654545454545)	(8000, 30.118511111111133)	(8500, 29.336035714285728)	(9000, 28.994000000000003)	(9500, 30.424999999999986)	(10000, 27.69599999999999)	(10500, 29.91873333333332)	(11000, 28.5368)	(11500, 28.2208)	(12000, 29.781533333333336)	(12500, 27.537999999999986)	(13000, 30.719333333333335)	(13500, 30.893999999999977)	(14000, 28.98466666666666)	(14500, 28.74466666666669)	(15000, 29.638000000000005)	(15500, 30.048)	(16000, 28.719)	(16500, 28.595)	(17000, 28.033)	(17500, 27.671)	(18000, 27.541)	(18500, 24.25)	(19000, 28.336)	(19500, 28.222)	(20000, 29.783)	(20500, 31.518)	(21000, 25.986)	(21500, 30.988)	(22000, 28.237)	(22500, 28.7)	(23000, 27.989)	(23500, 16.623)	(24000, 15.512)	(24500, 14.627)	(25000, 26.411)	(25500, 28.106)	(26000, 23.486)	(26500, 16.163636363636364)											
FAY99780_pass_barcode08_98e12ebb_5ad7f319_134	(1, 24.37037037037037)	(2, 24.324074074074073)	(3, 27.685185185185187)	(4, 27.64814814814815)	(5, 28.5)	(6, 28.87962962962963)	(7, 29.38888888888889)	(8, 29.037037037037038)	(9, 29.10185185185185)	(10, 28.971622872299214)	(1000, 28.863301043075975)	(2000, 27.846481789539418)	(3000, 28.716973681809897)	(4000, 28.55124748505118)	(5000, 28.64262380952383)	(6000, 29.060389473684232)	(7000, 27.401678362573083)	(8000, 28.849555555555558)	(9000, 29.892317401960785)	(10000, 28.2733125)	(11000, 27.208125)	(12000, 29.17507500000002)	(13000, 27.92198571428572)	(14000, 28.691928571428562)	(15000, 28.38551098901096)	(16000, 28.568032051282042)	(17000, 28.334992424242447)	(18000, 29.748363636363663)	(19000, 28.82281818181819)	(20000, 28.896090909090884)	(21000, 26.643727272727265)	(22000, 26.452400000000065)	(23000, 28.580633333333317)	(24000, 27.471791666666658)	(25000, 26.8085)	(26000, 27.305214285714293)	(27000, 29.69926190476187)	(28000, 33.03680000000002)	(29000, 31.052449999999997)	(30000, 29.3785)	(31000, 30.5795)	(32000, 30.17425)	(33000, 31.741166666666672)	(34000, 29.0485)	(35000, 29.082)	(36000, 29.051)	(37000, 27.918)	(38000, 27.346)	(39000, 28.538)	(40000, 32.195)	(41000, 32.184)	(42000, 31.533)	(43000, 31.248)	(44000, 31.139)	(45000, 28.04192546583851)																			
FAY99780_pass_barcode08_98e12ebb_5ad7f319_135	(1, 24.15447154471545)	(2, 23.96747967479675)	(3, 26.764227642276424)	(4, 27.70731707317073)	(5, 28.910569105691057)	(6, 29.398373983739837)	(7, 29.211382113821138)	(8, 29.5609756097561)	(9, 29.528455284552845)	(10, 28.36598085144008)	(1000, 28.680835963275648)	(2000, 29.203650475074905)	(3000, 29.611239574474087)	(4000, 29.630866611142498)	(5000, 30.114101927613188)	(6000, 31.69306396520151)	(7000, 31.447384615384593)	(8000, 30.631929487179445)	(9000, 30.932750000000024)	(10000, 31.38624242424243)	(11000, 30.9501)	(12000, 30.902199999999965)	(13000, 31.115700000000007)	(14000, 29.9585333333333)	(15000, 29.69477777777778)	(16000, 30.426888888888893)	(17000, 29.920888888888868)	(18000, 31.402027777777782)	(19000, 32.0742452380952)	(20000, 30.34580000000001)	(21000, 31.77160000000002)	(22000, 31.511199999999995)	(23000, 29.804049999999997)	(24000, 30.8565)	(25000, 32.49075)	(26000, 30.64475)	(27000, 30.12975)	(28000, 31.4735)	(29000, 31.02875)	(30000, 30.693)	(31000, 32.642583333333334)	(32000, 31.8145)	(33000, 33.4355)	(34000, 32.413)	(35000, 32.099)	(36000, 31.704)	(37000, 32.408)	(38000, 33.937)	(39000, 31.48)	(40000, 32.5555)	(41000, 31.2385)	(42000, 31.777)	(43000, 32.2995)	(44000, 33.59)	(45000, 31.851301115241636)																			
FAY99780_pass_barcode08_98e12ebb_5ad7f319_136	(1, 25.036036036036037)	(2, 25.09009009009009)	(3, 27.44144144144144)	(4, 27.38738738738739)	(5, 28.08108108108108)	(6, 28.855855855855857)	(7, 28.71171171171171)	(8, 29.72072072072072)	(9, 29.83783783783784)	(10, 28.429697359508314)	(1000, 27.467214444056044)	(2000, 27.530132903258174)	(3000, 27.526453235147496)	(4000, 29.012347794117655)	(5000, 28.94455238095237)	(6000, 28.773236263736262)	(7000, 27.300553030303032)	(8000, 27.695499999999985)	(9000, 27.61466666666665)	(10000, 29.12455555555558)	(11000, 27.971694444444424)	(12000, 27.552535714285707)	(13000, 29.539857142857155)	(14000, 28.465142857142826)	(15000, 28.791571428571423)	(16000, 27.339499999999994)	(17000, 28.06766666666671)	(18000, 25.02760000000002)	(19000, 25.96625000000001)	(20000, 28.52191666666665)	(21000, 25.607666666666685)	(22000, 29.506000000000036)	(23000, 31.856333333333335)	(24000, 29.2425)	(25000, 32.854)	(26000, 32.934)	(27000, 35.991)	(28000, 34.021)	(29000, 31.873)	(30000, 33.027)	(31000, 32.304)	(32000, 12.031)	(33000, 7.53932584269663)																															
FAY99780_pass_barcode08_98e12ebb_5ad7f319_137	(1, 22.782608695652176)	(2, 22.191304347826087)	(3, 26.36521739130435)	(4, 26.36521739130435)	(5, 26.42608695652174)	(6, 26.965217391304346)	(7, 27.14782608695652)	(8, 28.704347826086956)	(9, 27.817391304347826)	(10, 28.430819972673916)	(1000, 28.221545231750735)	(2000, 26.854319572804457)	(3000, 27.519952719542655)	(4000, 26.83141857012797)	(5000, 26.768674573180448)	(6000, 27.69440000000001)	(7000, 26.621726315789502)	(8000, 27.69910233918127)	(9000, 27.453687091503262)	(10000, 26.6885)	(11000, 26.649441666666675)	(12000, 27.230819047619043)	(13000, 27.984703296703305)	(14000, 28.37176923076923)	(15000, 28.282692307692336)	(16000, 28.164384615384588)	(17000, 28.035333916083903)	(18000, 26.20663636363639)	(19000, 27.357272727272726)	(20000, 27.27919090909092)	(21000, 25.36540000000001)	(22000, 25.620300000000007)	(23000, 23.713563888888913)	(24000, 22.90187499999999)	(25000, 23.95773333333333)	(26000, 20.91575)	(27000, 23.49924999999997)	(28000, 27.288999999999984)	(29000, 22.593666666666675)	(30000, 25.10866666666666)	(31000, 21.071666666666665)	(32000, 19.251)	(33000, 20.3735)	(34000, 22.959)	(35000, 20.683)	(36000, 25.956)	(37000, 20.09)	(38000, 23.897)	(39000, 28.447)	(40000, 33.257)	(41000, 30.948)	(42000, 28.95)	(43000, 32.927)	(44000, 26.213)	(45000, 24.717)	(46000, 6.722641509433962)																		
FAY99780_pass_barcode08_98e12ebb_5ad7f319_138	(1, 25.894736842105264)	(2, 25.621052631578948)	(3, 28.147368421052633)	(4, 28.936842105263157)	(5, 30.74736842105263)	(6, 30.526315789473685)	(7, 30.726315789473684)	(8, 31.4)	(9, 30.936842105263157)	(10, 28.606143993054086)	(500, 27.953153407356137)	(1000, 27.23012976398213)	(1500, 28.33268305604678)	(2000, 28.619304232804208)	(2500, 28.6968205128205)	(3000, 28.18005440458094)	(3500, 28.259320663959397)	(4000, 27.515176470588248)	(4500, 27.549709803921573)	(5000, 27.13941941391942)	(5500, 28.679166666666706)	(6000, 28.929772727272706)	(6500, 28.766345454545455)	(7000, 28.361600000000003)	(7500, 28.55899999999999)	(8000, 27.923600000000018)	(8500, 28.904088888888875)	(9000, 25.750317460317486)	(9500, 26.862571428571428)	(10000, 24.859142857142857)	(10500, 27.859142857142846)	(11000, 27.40371428571426)	(11500, 26.154285714285717)	(12000, 26.314171428571402)	(12500, 27.7355)	(13000, 27.484)	(13500, 27.399666666666683)	(14000, 27.80133333333333)	(14500, 27.28666666666668)	(15000, 23.166666666666693)	(15500, 20.58266666666665)	(16000, 13.877666666666668)	(16500, 4.426)	(17000, 3.786)	(17500, 4.264)	(18000, 5.098265895953757)																												
FAY99780_pass_barcode08_98e12ebb_5ad7f319_139	(1, 26.8953488372093)	(2, 26.127906976744185)	(3, 27.023255813953487)	(4, 27.13953488372093)	(5, 28.174418604651162)	(6, 28.61627906976744)	(7, 28.08139534883721)	(8, 27.91860465116279)	(9, 27.197674418604652)	(10, 29.160190950949886)	(1000, 29.024840241193502)	(2000, 29.895023731716638)	(3000, 29.183860783651514)	(4000, 29.14996018231853)	(5000, 30.446191666666657)	(6000, 30.26296212121209)	(7000, 29.691299999999988)	(8000, 29.65408333333329)	(9000, 28.767125)	(10000, 29.46575)	(11000, 29.684)	(12000, 29.73075)	(13000, 28.85775)	(14000, 28.18919642857142)	(15000, 29.74128571428568)	(16000, 28.382142857142846)	(17000, 28.51002380952379)	(18000, 29.121666666666687)	(19000, 26.39053333333331)	(20000, 27.84455)	(21000, 27.851)	(22000, 23.81516666666667)	(23000, 24.081)	(24000, 23.8665)	(25000, 21.694)	(26000, 24.5315)	(27000, 25.736)	(28000, 27.766)	(29000, 27.209)	(30000, 27.7385)	(31000, 27.648)	(32000, 27.2255)	(33000, 25.6495)	(34000, 25.26)	(35000, 24.6095)	(36000, 25.319)	(37000, 25.918)	(38000, 23.986)	(39000, 18.195)	(40000, 11.201438848920864)																								
FAY99780_pass_barcode08_98e12ebb_5ad7f319_14	(1, 25.07829181494662)	(2, 24.09608540925267)	(3, 26.405693950177938)	(4, 26.402135231316727)	(5, 26.90391459074733)	(6, 28.02135231316726)	(7, 28.676156583629894)	(8, 28.843416370106763)	(9, 28.87544483985765)	(10, 29.23449933919279)	(1000, 30.034837026090162)	(2000, 29.683475875689904)	(3000, 29.367521861136822)	(4000, 29.912561979029817)	(5000, 30.37625647277636)	(6000, 30.310511628959322)	(7000, 30.81569918367348)	(8000, 30.428288789984112)	(9000, 30.373623004018985)	(10000, 30.28519683507546)	(11000, 29.83448782051283)	(12000, 29.50884750337381)	(13000, 29.907607695842685)	(14000, 30.074231729055242)	(15000, 30.229388349218034)	(16000, 30.157307526881723)	(17000, 29.950212643678135)	(18000, 28.464625615763534)	(19000, 29.203223036223054)	(20000, 28.57799269230772)	(21000, 29.309851284584976)	(22000, 29.579725541125544)	(23000, 28.90664999999999)	(24000, 28.895500000000006)	(25000, 28.845800000000047)	(26000, 27.91586345029241)	(27000, 28.495777777777825)	(28000, 29.678272058823516)	(29000, 28.829428571428565)	(30000, 29.187785714285724)	(31000, 29.513252747252718)	(32000, 30.522166666666628)	(33000, 29.76741666666668)	(34000, 29.118287878787847)	(35000, 27.40549999999999)	(36000, 28.097099999999983)	(37000, 26.84066150793651)	(38000, 26.559499999999982)	(39000, 25.027099999999997)	(40000, 25.19025)	(41000, 24.08725)	(42000, 26.9615)	(43000, 26.74375)	(44000, 21.94358333333333)	(45000, 20.583)	(46000, 21.38)	(47000, 30.639)	(48000, 30.641)	(49000, 27.133333333333333)															
FAY99780_pass_barcode08_98e12ebb_5ad7f319_140	(1, 26.37864077669903)	(2, 24.87378640776699)	(3, 27.466019417475728)	(4, 27.776699029126213)	(5, 28.980582524271846)	(6, 28.699029126213592)	(7, 29.825242718446603)	(8, 30.59223300970874)	(9, 30.980582524271846)	(10, 28.78574132552407)	(5000, 29.854630535597405)	(10000, 29.73382329670327)	(15000, 28.393677505827608)	(20000, 28.824824444444438)	(25000, 28.830444444444485)	(30000, 28.699250793650815)	(35000, 28.24725714285723)	(40000, 24.53707142857142)	(45000, 26.953366666666668)	(50000, 27.7098)	(55000, 26.77695)	(60000, 28.46666666666665)	(65000, 28.997799999999987)	(70000, 30.2202)	(75000, 28.7203)	(80000, 15.166)	(85000, 15.0156)	(90000, 14.833)	(95000, 14.1468)	(100000, 14.489)	(105000, 13.8584)	(110000, 13.7372)	(115000, 13.932)	(120000, 14.4994)	(125000, 13.8558)	(130000, 13.698)	(135000, 14.0752)	(140000, 14.7838)	(145000, 13.9878)	(150000, 19.3974)	(155000, 27.19631093544137)																																	
FAY99780_pass_barcode08_98e12ebb_5ad7f319_141	(1, 23.611940298507463)	(2, 23.37313432835821)	(3, 25.46268656716418)	(4, 25.64179104477612)	(5, 27.328358208955223)	(6, 27.53731343283582)	(7, 27.507462686567163)	(8, 28.08955223880597)	(9, 28.223880597014926)	(10, 28.957514144286158)	(500, 28.959827797493727)	(1000, 29.590088379581626)	(1500, 29.154377357145624)	(2000, 28.92701330698288)	(2500, 29.242335878912954)	(3000, 30.085779223227743)	(3500, 30.07076923076924)	(4000, 28.554461538461517)	(4500, 29.214474358974364)	(5000, 27.781666666666666)	(5500, 28.56683333333335)	(6000, 28.539712121212098)	(6500, 28.302757575757575)	(7000, 28.36466666666665)	(7500, 27.16047222222221)	(8000, 29.35553571428572)	(8500, 28.962571428571454)	(9000, 28.793095238095237)	(9500, 29.644566666666666)	(10000, 28.7695)	(10500, 28.862)	(11000, 29.62)	(11500, 27.1295)	(12000, 27.5935)	(12500, 27.6315)	(13000, 29.8535)	(13500, 31.47)	(14000, 28.369)	(14500, 29.816)	(15000, 27.6655)	(15500, 28.439)	(16000, 28.933)	(16500, 28.503)	(17000, 26.240166666666653)	(17500, 28.87733333333332)	(18000, 26.97466666666667)	(18500, 28.16466666666668)	(19000, 28.32133333333335)	(19500, 28.280666666666672)	(20000, 25.055666666666664)	(20500, 24.345)	(21000, 28.287)	(21500, 25.565)	(22000, 28.519)	(22500, 28.539)	(23000, 26.52)	(23500, 25.878)	(24000, 27.804)	(24500, 22.962)	(25000, 25.552)	(25500, 18.892156862745097)													
FAY99780_pass_barcode08_98e12ebb_5ad7f319_142	(1, 23.180555555555557)	(2, 22.458333333333332)	(3, 25.541666666666668)	(4, 25.694444444444443)	(5, 27.09722222222222)	(6, 27.90277777777778)	(7, 28.11111111111111)	(8, 27.23611111111111)	(9, 26.77777777777778)	(10, 28.69279767861365)	(1000, 29.718873301239658)	(2000, 28.13370418939504)	(3000, 28.02112181372548)	(4000, 27.983400732600753)	(5000, 26.574487179487182)	(6000, 27.332416666666674)	(7000, 27.325083333333346)	(8000, 26.985500000000005)	(9000, 27.229699999999955)	(10000, 27.7057)	(11000, 28.250722222222226)	(12000, 27.39000000000003)	(13000, 28.034097222222222)	(14000, 29.43375)	(15000, 29.270011904761894)	(16000, 28.010833333333316)	(17000, 28.257166666666656)	(18000, 27.947)	(19000, 27.82416666666665)	(20000, 26.88449999999998)	(21000, 26.202600000000015)	(22000, 28.705)	(23000, 28.80675)	(24000, 29.01575)	(25000, 28.198)	(26000, 28.34675)	(27000, 28.927)	(28000, 28.02758333333335)	(29000, 23.748999999999988)	(30000, 19.7495)	(31000, 30.341)	(32000, 28.909)	(33000, 29.702)	(34000, 31.512)	(35000, 27.902)	(36000, 24.021)	(37000, 28.853)	(38000, 30.694)	(39000, 29.249)	(40000, 28.661)	(41000, 29.851)	(42000, 28.841)	(43000, 30.941011235955056)																					
FAY99780_pass_barcode08_98e12ebb_5ad7f319_143	(1, 23.83132530120482)	(2, 22.843373493975903)	(3, 24.566265060240966)	(4, 24.91566265060241)	(5, 25.80722891566265)	(6, 26.08433734939759)	(7, 26.42168674698795)	(8, 27.85542168674699)	(9, 27.49397590361446)	(10, 29.611550757096584)	(1000, 29.473390515112417)	(2000, 28.93014718274451)	(3000, 28.611934280617433)	(4000, 28.953895329670317)	(5000, 29.39369230769231)	(6000, 29.08710256410255)	(7000, 28.409265151515175)	(8000, 28.297918181818194)	(9000, 28.216311111111125)	(10000, 29.77755555555556)	(11000, 28.757888888888882)	(12000, 28.83455555555553)	(13000, 28.858999999999995)	(14000, 29.2437777777778)	(15000, 29.239666666666658)	(16000, 30.10844444444447)	(17000, 29.49999999999997)	(18000, 29.1907777777778)	(19000, 28.52666666666665)	(20000, 29.488222222222234)	(21000, 29.70466666666664)	(22000, 29.44455555555558)	(23000, 29.44055555555554)	(24000, 29.619861111111113)	(25000, 29.31545238095233)	(26000, 28.20086666666666)	(27000, 28.999)	(28000, 27.167)	(29000, 27.54725)	(30000, 26.468666666666664)	(31000, 27.138500000000022)	(32000, 26.986)	(33000, 23.889)	(34000, 23.9)	(35000, 22.37)	(36000, 22.948)	(37000, 21.803)	(38000, 19.898)	(39000, 22.04)	(40000, 23.21510673234811)																								
FAY99780_pass_barcode08_98e12ebb_5ad7f319_144	(1, 24.857142857142858)	(2, 24.485714285714284)	(3, 27.17142857142857)	(4, 28.314285714285713)	(5, 29.34285714285714)	(6, 29.676190476190477)	(7, 29.733333333333334)	(8, 30.228571428571428)	(9, 29.923809523809524)	(10, 29.077825851529276)	(1000, 28.903395255451905)	(2000, 28.97144113948296)	(3000, 30.45771528560202)	(4000, 30.3434507152268)	(5000, 28.031720485036146)	(6000, 29.124294362745093)	(7000, 28.564911355311338)	(8000, 29.606645454545458)	(9000, 28.38030000000001)	(10000, 28.66283333333331)	(11000, 27.960920634920654)	(12000, 27.061857142857125)	(13000, 27.212142857142926)	(14000, 28.3468571428571)	(15000, 27.806999999999995)	(16000, 24.49573809523808)	(17000, 24.432333333333336)	(18000, 25.769233333333325)	(19000, 26.102549999999997)	(20000, 25.01125)	(21000, 23.21975)	(22000, 24.585916666666673)	(23000, 25.541333333333366)	(24000, 21.296666666666685)	(25000, 20.191999999999993)	(26000, 15.38)	(27000, 21.512)	(28000, 19.464)	(29000, 23.63)	(30000, 19.619)	(31000, 21.943)	(32000, 21.587)	(33000, 21.429)	(34000, 21.173728813559322)																														
FAY99780_pass_barcode08_98e12ebb_5ad7f319_145	(1, 25.318181818181817)	(2, 25.0)	(3, 27.693181818181817)	(4, 27.545454545454547)	(5, 27.272727272727273)	(6, 28.318181818181817)	(7, 28.681818181818183)	(8, 29.147727272727273)	(9, 29.09090909090909)	(10, 27.803812768326218)	(1000, 27.447445483565602)	(2000, 28.416347591973246)	(3000, 27.965259986428528)	(4000, 26.507319229446214)	(5000, 26.006822058823577)	(6000, 27.27099643689643)	(7000, 28.367199999999972)	(8000, 27.579399999999993)	(9000, 27.95388888888888)	(10000, 28.0802222222222)	(11000, 26.184611111111145)	(12000, 25.687107142857123)	(13000, 25.6524761904762)	(14000, 22.671333333333294)	(15000, 21.62299999999998)	(16000, 23.533199999999983)	(17000, 23.06219999999998)	(18000, 22.46380000000002)	(19000, 23.124799999999986)	(20000, 25.70425)	(21000, 24.964)	(22000, 25.08475)	(23000, 26.331)	(24000, 26.91425)	(25000, 26.203250000000004)	(26000, 23.719000000000005)	(27000, 25.749333333333333)	(28000, 24.50633333333332)	(29000, 21.70566666666667)	(30000, 20.784)	(31000, 22.0995)	(32000, 21.334)	(33000, 22.137)	(34000, 20.725)	(35000, 22.8755)	(36000, 22.857)	(37000, 23.0030549898167)																											
FAY99780_pass_barcode08_98e12ebb_5ad7f319_146	(1, 24.325)	(2, 24.1375)	(3, 28.0375)	(4, 28.2)	(5, 28.825)	(6, 28.3625)	(7, 28.5)	(8, 28.9875)	(9, 29.675)	(10, 29.59048869541665)	(1000, 30.509645981325693)	(2000, 30.44086400639617)	(3000, 30.530865703474305)	(4000, 30.067087710084053)	(5000, 30.456263736263725)	(6000, 30.534942307692294)	(7000, 29.30533333333334)	(8000, 29.706636363636356)	(9000, 30.09438181818181)	(10000, 30.47437777777779)	(11000, 30.30622222222225)	(12000, 30.108874999999987)	(13000, 28.7745)	(14000, 29.589)	(15000, 30.372708333333325)	(16000, 29.112000000000023)	(17000, 29.090833333333308)	(18000, 31.074666666666662)	(19000, 30.937833333333366)	(20000, 30.29933333333333)	(21000, 28.751)	(22000, 29.662333333333358)	(23000, 28.07500000000001)	(24000, 29.547833333333383)	(25000, 29.640500000000024)	(26000, 29.107833333333367)	(27000, 29.481999999999996)	(28000, 28.912200000000013)	(29000, 29.034800000000022)	(30000, 28.324800000000053)	(31000, 29.591199999999972)	(32000, 29.7596)	(33000, 28.259050000000002)	(34000, 28.543833333333335)	(35000, 30.191999999999993)	(36000, 29.985999999999994)	(37000, 28.195333333333352)	(38000, 30.09033333333331)	(39000, 29.36366666666665)	(40000, 27.700666666666642)	(41000, 24.335499999999985)	(42000, 29.2365)	(43000, 31.059)	(44000, 31.4185)	(45000, 27.482)	(46000, 29.2235)	(47000, 32.342)	(48000, 32.40628272251309)																
FAY99780_pass_barcode08_98e12ebb_5ad7f319_147	(1, 23.638297872340427)	(2, 22.840425531914892)	(3, 25.414893617021278)	(4, 26.404255319148938)	(5, 27.148936170212767)	(6, 27.95744680851064)	(7, 28.74468085106383)	(8, 29.361702127659573)	(9, 29.24468085106383)	(10, 27.760989946330053)	(1000, 27.931371603304736)	(2000, 26.942033974623907)	(3000, 27.753555481652832)	(4000, 24.837553418803413)	(5000, 24.87162896825397)	(6000, 25.71166666666668)	(7000, 26.7571666666667)	(8000, 25.929000000000045)	(9000, 26.427666666666678)	(10000, 28.1436666666667)	(11000, 27.552799999999973)	(12000, 27.826200000000014)	(13000, 27.19870000000001)	(14000, 26.93325)	(15000, 26.3005)	(16000, 27.20175)	(17000, 25.14275)	(18000, 27.7845)	(19000, 27.18525)	(20000, 26.1495)	(21000, 27.849249999999966)	(22000, 26.912666666666695)	(23000, 26.131333333333348)	(24000, 26.930000000000014)	(25000, 27.609333333333314)	(26000, 24.86900000000001)	(27000, 24.3015)	(28000, 23.067)	(29000, 22.785)	(30000, 21.649)	(31000, 21.62)	(32000, 21.066)	(33000, 19.82)	(34000, 22.11)	(35000, 20.88)	(36000, 17.667)	(37000, 18.127)	(38000, 20.852)	(39000, 18.08)	(40000, 19.67)	(41000, 16.247)	(42000, 23.76)	(43000, 24.192)	(44000, 21.821)	(45000, 22.953)	(46000, 12.466666666666667)																		
FAY99780_pass_barcode08_98e12ebb_5ad7f319_148	(1, 24.023255813953487)	(2, 22.88372093023256)	(3, 26.558139534883722)	(4, 27.77906976744186)	(5, 29.186046511627907)	(6, 29.941860465116278)	(7, 30.290697674418606)	(8, 30.24418604651163)	(9, 31.069767441860463)	(10, 28.31204978932421)	(500, 28.732791178597026)	(1000, 28.39767964148364)	(1500, 29.062866070200513)	(2000, 28.655819020689435)	(2500, 28.971601588530145)	(3000, 27.719057142857167)	(3500, 28.6157085248085)	(4000, 27.617955555555568)	(4500, 28.584000000000017)	(5000, 28.620833333333337)	(5500, 28.3585)	(6000, 28.04425)	(6500, 27.263)	(7000, 27.38164285714287)	(7500, 27.4962857142857)	(8000, 28.377142857142836)	(8500, 28.135142857142867)	(9000, 26.59914285714284)	(9500, 26.937142857142863)	(10000, 30.979190476190425)	(10500, 27.606666666666666)	(11000, 30.269933333333334)	(11500, 28.468)	(12000, 29.747166666666654)	(12500, 30.07833333333332)	(13000, 24.394)	(13500, 23.397)	(14000, 28.206)	(14500, 31.354)	(15000, 31.07)	(15500, 32.41)	(16000, 27.02)	(16500, 29.936)	(17000, 31.704)	(17500, 32.51)	(18000, 30.212)	(18500, 31.328)	(19000, 33.14)	(19500, 32.658)	(20000, 28.884)	(20500, 31.47)	(21000, 29.382)	(21500, 30.6)	(22000, 26.478)	(22500, 29.21)	(23000, 30.118)	(23500, 33.36)	(24000, 33.11)	(24500, 31.714)	(25000, 31.672)	(25500, 28.38)	(26000, 26.36)	(26500, 28.594)	(27000, 29.746)	(27500, 30.756)	(28000, 31.092)	(28500, 27.328)	(29000, 30.242)	(29500, 27.732)	(30000, 30.63)	(30500, 25.032)	(31000, 27.18840579710145)		
FAY99780_pass_barcode08_98e12ebb_5ad7f319_149	(1, 22.333333333333332)	(2, 21.555555555555557)	(3, 24.28395061728395)	(4, 24.71604938271605)	(5, 24.753086419753085)	(6, 25.11111111111111)	(7, 25.209876543209877)	(8, 26.08641975308642)	(9, 26.962962962962962)	(10, 27.44846855802476)	(1000, 28.085601614239376)	(2000, 26.67707923019008)	(3000, 26.856578386530035)	(4000, 27.39163667582416)	(5000, 27.722743589743605)	(6000, 27.851727272727246)	(7000, 26.801111111111126)	(8000, 27.601666666666663)	(9000, 28.408555555555548)	(10000, 27.49048412698414)	(11000, 26.516428571428612)	(12000, 27.352328571428576)	(13000, 26.530799999999992)	(14000, 25.403299999999987)	(15000, 25.739000000000015)	(16000, 28.667000000000023)	(17000, 28.123666666666633)	(18000, 29.13133333333335)	(19000, 28.855333333333295)	(20000, 29.317333333333366)	(21000, 28.245666666666654)	(22000, 29.796333333333322)	(23000, 29.116)	(24000, 28.956)	(25000, 26.816)	(26000, 26.139)	(27000, 27.5995)	(28000, 25.0325)	(29000, 22.042)	(30000, 27.1965)	(31000, 29.2715)	(32000, 28.603)	(33000, 25.1845)	(34000, 23.445)	(35000, 15.9415)	(36000, 17.082)	(37000, 17.872)	(38000, 16.271)	(39000, 21.347)	(40000, 20.38)	(41000, 18.277)	(42000, 17.805)	(43000, 18.909)	(44000, 23.178)	(45000, 19.743)	(46000, 18.386)	(47000, 18.643)	(48000, 19.633)	(49000, 22.068)	(50000, 21.609)	(51000, 20.235)	(52000, 20.152)	(53000, 22.357)	(54000, 14.454545454545455)										
FAY99780_pass_barcode08_98e12ebb_5ad7f319_15	(1, 23.850574712643677)	(2, 23.444444444444443)	(3, 26.007662835249043)	(4, 26.118773946360154)	(5, 26.93103448275862)	(6, 26.946360153256705)	(7, 27.693486590038315)	(8, 28.20689655172414)	(9, 28.689655172413794)	(10, 29.126101606427056)	(1000, 29.819563606412515)	(2000, 29.265877134389225)	(3000, 29.736733085300585)	(4000, 29.001075862648847)	(5000, 30.76607494192801)	(6000, 29.918049358974375)	(7000, 29.78766448058819)	(8000, 30.078235543425567)	(9000, 29.755271264367824)	(10000, 29.193169150772636)	(11000, 29.926186153846203)	(12000, 29.09191666666664)	(13000, 28.300666666666643)	(14000, 29.328512187088258)	(15000, 29.25315151515152)	(16000, 29.764073809523776)	(17000, 28.820705263157897)	(18000, 29.249345029239787)	(19000, 30.385239379084947)	(20000, 31.62753869047618)	(21000, 30.808901098901153)	(22000, 30.08302564102563)	(23000, 29.79966666666667)	(24000, 30.187416666666643)	(25000, 29.63299999999999)	(26000, 29.937537878787854)	(27000, 29.871636363636345)	(28000, 28.92974848484849)	(29000, 29.182676587301565)	(30000, 27.89976666666668)	(31000, 29.028999999999993)	(32000, 28.11859999999998)	(33000, 29.687950000000015)	(34000, 31.40025)	(35000, 31.6835)	(36000, 29.714333333333332)	(37000, 29.064166666666708)	(38000, 31.0345)	(39000, 29.7205)	(40000, 30.774)	(41000, 27.5585)	(42000, 28.995)	(43000, 26.406)	(44000, 31.552437223042837)																				
FAY99780_pass_barcode08_98e12ebb_5ad7f319_150	(1, 23.875)	(2, 23.471153846153847)	(3, 25.807692307692307)	(4, 25.557692307692307)	(5, 26.326923076923077)	(6, 26.96153846153846)	(7, 26.384615384615383)	(8, 27.23076923076923)	(9, 27.201923076923077)	(10, 28.24629853425721)	(1000, 27.65588254603937)	(2000, 26.318449697001636)	(3000, 25.251313619219616)	(4000, 25.93135833333335)	(5000, 27.235444871794872)	(6000, 27.846167676767646)	(7000, 27.594920634920634)	(8000, 26.89671428571425)	(9000, 24.77490476190477)	(10000, 26.269333333333307)	(11000, 25.654000000000025)	(12000, 23.82916666666668)	(13000, 22.60449999999996)	(14000, 26.662866666666662)	(15000, 24.221000000000018)	(16000, 22.197400000000002)	(17000, 23.03675)	(18000, 21.66775)	(19000, 23.2435)	(20000, 27.29533333333336)	(21000, 25.96800000000001)	(22000, 24.565333333333335)	(23000, 24.75166666666665)	(24000, 27.33566666666667)	(25000, 26.68600000000001)	(26000, 26.70899999999997)	(27000, 25.230333333333324)	(28000, 25.848333333333354)	(29000, 26.487999999999982)	(30000, 22.9835)	(31000, 19.598)	(32000, 18.087)	(33000, 17.793)	(34000, 17.267)	(35000, 18.041)	(36000, 16.12037037037037)																												
FAY99780_pass_barcode08_98e12ebb_5ad7f319_151	(1, 22.240506329113924)	(2, 22.17721518987342)	(3, 24.40506329113924)	(4, 24.70886075949367)	(5, 25.075949367088608)	(6, 25.962025316455698)	(7, 27.11392405063291)	(8, 27.50632911392405)	(9, 27.59493670886076)	(10, 28.178473039170473)	(1000, 27.954097728054865)	(2000, 28.580438839572572)	(3000, 30.064097385620897)	(4000, 29.364857142857126)	(5000, 29.384207875457857)	(6000, 28.336583333333305)	(7000, 27.650083333333317)	(8000, 30.483509090909028)	(9000, 30.280499999999936)	(10000, 29.81129999999996)	(11000, 28.89599999999998)	(12000, 29.607299999999984)	(13000, 31.201799999999988)	(14000, 29.15740000000002)	(15000, 29.012199999999996)	(16000, 28.595399999999987)	(17000, 29.577899999999982)	(18000, 29.685299999999994)	(19000, 30.31789999999997)	(20000, 30.45820000000001)	(21000, 30.04919999999995)	(22000, 30.136099999999985)	(23000, 29.710500000000046)	(24000, 29.91550000000002)	(25000, 30.096900000000012)	(26000, 29.334899999999983)	(27000, 30.315200000000036)	(28000, 30.46179999999999)	(29000, 29.984599999999986)	(30000, 30.241899999999998)	(31000, 29.61910000000001)	(32000, 30.58769999999997)	(33000, 28.95860000000001)	(34000, 29.827999999999978)	(35000, 29.196199999999994)	(36000, 29.839700000000008)	(37000, 29.815700000000042)	(38000, 28.98809999999995)	(39000, 27.83790000000001)	(40000, 28.071299999999972)	(41000, 27.412425)	(42000, 25.385875)	(43000, 26.29425)	(44000, 28.15771428571427)	(45000, 27.908976190476206)	(46000, 26.786833333333345)	(47000, 27.95610000000002)	(48000, 27.425399999999982)	(49000, 33.4032)	(50000, 33.4245)	(51000, 32.51558333333333)	(52000, 33.075)	(53000, 30.98)	(54000, 34.0825)	(55000, 32.724137931034484)									
FAY99780_pass_barcode08_98e12ebb_5ad7f319_152	(1, 22.933333333333334)	(2, 22.63975155279503)	(3, 24.91875)	(4, 25.13125)	(5, 25.37735849056604)	(6, 26.019108280254777)	(7, 26.312101910828027)	(8, 26.42948717948718)	(9, 26.814102564102566)	(10, 24.72429747827612)	(50, 26.11359513648784)	(100, 28.202016807312965)	(150, 28.864381739999818)	(200, 29.614367200541516)	(250, 28.9249511904394)	(300, 27.476324524533258)	(350, 27.856162540967105)	(400, 26.281698681164748)	(450, 25.861689743589753)	(500, 29.036123188405796)	(550, 30.578571805006586)	(600, 30.60508187134503)	(650, 29.642222222222227)	(700, 30.154571895424837)	(750, 29.98873992673993)	(800, 28.36287878787879)	(850, 28.172727272727272)	(900, 35.04967676767677)	(950, 28.616111111111113)	(1000, 30.350357142857145)	(1050, 31.79047619047619)	(1100, 30.089999999999996)	(1150, 27.08333333333333)	(1200, 28.973000000000003)	(1250, 33.90833333333333)	(1300, 38.88)	(1350, 33.08)	(1400, 39.22)	(1450, 31.88)	(1500, 36.6)	(1550, 33.14)	(1600, 21.42)	(1650, 32.7)	(1700, 29.58)	(1750, 8.6)	(1800, 14.12)	(1850, 30.26)	(1900, 30.04)	(1950, 22.7)	(2000, 23.64)	(2050, 16.375)																							
FAY99780_pass_barcode08_98e12ebb_5ad7f319_153	(1, 24.529411764705884)	(2, 22.41176470588235)	(3, 24.294117647058822)	(4, 22.235294117647058)	(5, 23.647058823529413)	(6, 23.941176470588236)	(7, 22.176470588235293)	(8, 22.0)	(9, 21.294117647058822)	(10, 16.70294117647059)	(15, 19.47142857142857)	(20, 17.553846153846155)	(25, 20.521794871794874)	(30, 23.75)	(35, 24.54242424242424)	(40, 27.93272727272727)	(45, 26.46)	(50, 25.78)	(55, 27.080000000000002)	(60, 27.560000000000002)	(65, 28.642222222222223)	(70, 24.434126984126983)	(75, 20.2)	(80, 26.91904761904762)	(85, 21.93333333333333)	(90, 25.76)	(95, 27.48)	(100, 26.880000000000003)	(105, 23.15)	(110, 24.033333333333335)	(115, 25.266666666666666)	(120, 21.2)	(125, 13.6)	(130, 10.0)	(135, 7.2)	(140, 16.0)	(145, 12.4)	(150, 8.0)																																				
FAY99780_pass_barcode08_98e12ebb_5ad7f319_16	(1, 25.23972602739726)	(2, 25.034246575342465)	(3, 27.72945205479452)	(4, 27.743150684931507)	(5, 28.616438356164384)	(6, 29.017123287671232)	(7, 29.136986301369863)	(8, 29.34931506849315)	(9, 29.267123287671232)	(10, 29.29521617365856)	(1000, 29.586840305324174)	(2000, 29.686813086000555)	(3000, 29.593746870299032)	(4000, 29.543094327497506)	(5000, 30.369774926384157)	(6000, 29.983099849335154)	(7000, 29.47780121756827)	(8000, 29.08437563051904)	(9000, 30.33946905148126)	(10000, 30.290504307723047)	(11000, 30.08485381976563)	(12000, 30.59490951987009)	(13000, 31.000606707317118)	(14000, 30.515424426450707)	(15000, 30.652839260312934)	(16000, 31.02628348348345)	(17000, 30.158171428571443)	(18000, 30.820268067226884)	(19000, 29.951672905525854)	(20000, 29.165)	(21000, 30.33406046554251)	(22000, 30.80334252873563)	(23000, 30.764375717513637)	(24000, 30.88557653846153)	(25000, 30.0211666666667)	(26000, 29.78235869565218)	(27000, 29.662976284584964)	(28000, 30.564682057416274)	(29000, 30.516686962504295)	(30000, 30.27420955882353)	(31000, 30.1929375)	(32000, 31.7446875)	(33000, 30.332125)	(34000, 30.425676190476178)	(35000, 29.5029285714286)	(36000, 30.038214285714286)	(37000, 30.92457142857144)	(38000, 30.22181868131866)	(39000, 30.851358974358938)	(40000, 30.510833333333323)	(41000, 29.668583333333327)	(42000, 29.707833333333355)	(43000, 29.633358333333334)	(44000, 30.941375)	(45000, 30.076232142857176)	(46000, 32.42357142857144)	(47000, 33.21899999999999)	(48000, 32.77961904761906)	(49000, 34.06776666666667)	(50000, 33.336800000000046)	(51000, 32.55059999999998)	(52000, 33.47199999999999)	(53000, 31.307783333333326)	(54000, 30.367999999999984)	(55000, 31.947333333333322)	(56000, 32.59966666666663)	(57000, 31.712)	(58000, 30.8)	(59000, 27.8925)	(60000, 30.0545)	(61000, 32.682)	(62000, 31.107)	(63000, 33.17898383371824)	
FAY99780_pass_barcode08_98e12ebb_5ad7f319_17	(1, 25.41501976284585)	(2, 25.027667984189723)	(3, 28.221343873517785)	(4, 28.106719367588934)	(5, 28.727272727272727)	(6, 29.31225296442688)	(7, 29.83399209486166)	(8, 29.849802371541504)	(9, 29.861660079051383)	(10, 29.85627332110713)	(1000, 30.32777821838109)	(2000, 30.21238864987129)	(3000, 30.460970314620013)	(4000, 30.184257567047062)	(5000, 30.314646546911078)	(6000, 30.374654913721553)	(7000, 30.54001934739394)	(8000, 30.615875259875242)	(9000, 29.70215939510936)	(10000, 29.655524369747884)	(11000, 29.55670172071762)	(12000, 30.154837880714048)	(13000, 28.718125860805873)	(14000, 29.82314884057972)	(15000, 29.088312252964442)	(16000, 30.164409090909068)	(17000, 29.707850649350632)	(18000, 30.14821428571429)	(19000, 29.9632)	(20000, 30.83999851651186)	(21000, 29.092875)	(22000, 31.1041875)	(23000, 30.608585119047596)	(24000, 31.36296495726494)	(25000, 31.955708333333316)	(26000, 31.43072023809524)	(27000, 31.340900000000033)	(28000, 30.88316666666666)	(29000, 31.46166666666665)	(30000, 31.765000000000015)	(31000, 28.59400000000001)	(32000, 32.0985)	(33000, 32.688)	(34000, 31.167)	(35000, 29.257)	(36000, 33.321)	(37000, 30.927)	(38000, 30.434)	(39000, 31.15406162464986)																									
FAY99780_pass_barcode08_98e12ebb_5ad7f319_18	(1, 25.519083969465647)	(2, 24.755725190839694)	(3, 28.0381679389313)	(4, 28.15267175572519)	(5, 28.68320610687023)	(6, 28.759541984732824)	(7, 28.736641221374047)	(8, 28.935114503816795)	(9, 29.50763358778626)	(10, 29.23729358752762)	(2000, 29.56837838440225)	(4000, 28.807207113864635)	(6000, 29.32277297348086)	(8000, 29.85498434296365)	(10000, 29.777329502814244)	(12000, 29.868314476419723)	(14000, 29.699011786786905)	(16000, 29.409236890190176)	(18000, 29.94515391808064)	(20000, 29.685487179487115)	(22000, 29.736332918060235)	(24000, 30.171640949458645)	(26000, 30.027750623495002)	(28000, 29.710652266483503)	(30000, 30.104820512820517)	(32000, 29.37491439393939)	(34000, 27.07613194444447)	(36000, 28.099988095238114)	(38000, 27.50950000000002)	(40000, 25.420950000000023)	(42000, 26.188375000000033)	(44000, 25.915999999999997)	(46000, 21.41291666666667)	(48000, 23.6335)	(50000, 23.05025)	(52000, 21.62325)	(54000, 22.263)	(56000, 19.811)	(58000, 16.39425)	(60000, 16.821)	(62000, 15.67)	(64000, 15.8445)	(66000, 14.01705115346038)																															
FAY99780_pass_barcode08_98e12ebb_5ad7f319_19	(1, 24.504065040650406)	(2, 23.877551020408163)	(3, 26.76326530612245)	(4, 27.35918367346939)	(5, 28.70204081632653)	(6, 29.085714285714285)	(7, 29.016326530612243)	(8, 29.33061224489796)	(9, 29.804081632653062)	(10, 29.096593555501286)	(2000, 28.59199746487558)	(4000, 29.361174941964244)	(6000, 30.162857448066504)	(8000, 30.499708483396656)	(10000, 30.325824681947534)	(12000, 30.45791887282172)	(14000, 29.983172677483942)	(16000, 29.73631578947361)	(18000, 30.58871635276921)	(20000, 29.623743750000003)	(22000, 30.914973809523808)	(24000, 30.63121428571422)	(26000, 30.501999999999963)	(28000, 30.48982692307689)	(30000, 29.394749999999984)	(32000, 26.703603030303064)	(34000, 27.50474444444444)	(36000, 28.062000000000026)	(38000, 27.538777777777845)	(40000, 28.227611111111123)	(42000, 27.81963888888889)	(44000, 26.541309523809534)	(46000, 28.01250000000002)	(48000, 26.79496666666665)	(50000, 26.79365)	(52000, 25.369625)	(54000, 26.894875)	(56000, 25.86883333333332)	(58000, 30.55575)	(60000, 31.55075)	(62000, 32.1555)	(64000, 30.70475)	(66000, 31.59725)	(68000, 32.728235294117646)																														
FAY99780_pass_barcode08_98e12ebb_5ad7f319_2	(1, 25.778054862842893)	(2, 25.26932668329177)	(3, 28.219451371571072)	(4, 28.423940149625935)	(5, 28.977556109725686)	(6, 29.266832917705734)	(7, 29.366583541147133)	(8, 29.77556109725686)	(9, 29.783042394014963)	(10, 29.36288699164313)	(1000, 29.62876668738647)	(2000, 29.67935323260655)	(3000, 30.225145019754077)	(4000, 29.917891647923806)	(5000, 28.77380191876753)	(6000, 29.466625627813354)	(7000, 30.451557229044848)	(8000, 30.48572166199815)	(9000, 29.681784926470602)	(10000, 29.035625)	(11000, 27.513762842458707)	(12000, 27.940688034188064)	(13000, 28.34552397435894)	(14000, 29.350166666666667)	(15000, 29.20126004611329)	(16000, 28.907859307359324)	(17000, 29.724223809523814)	(18000, 27.577999707602324)	(19000, 30.0511660130719)	(20000, 29.714589377289375)	(21000, 29.884916666666648)	(22000, 27.831979292929287)	(23000, 27.893972222222228)	(24000, 28.694625)	(25000, 27.33010714285712)	(26000, 27.795142857142864)	(27000, 27.271119047619003)	(28000, 25.650166666666664)	(29000, 25.61320000000001)	(30000, 25.54439999999998)	(31000, 26.83700000000002)	(32000, 25.261499999999998)	(33000, 26.457)	(34000, 25.07375)	(35000, 18.896583333333336)	(36000, 12.179)	(37000, 12.957)	(38000, 13.686)	(39000, 15.584)	(40000, 11.416)	(41000, 14.951)	(42000, 17.022964509394573)																						
FAY99780_pass_barcode08_98e12ebb_5ad7f319_20	(1, 24.417241379310344)	(2, 23.96551724137931)	(3, 26.25862068965517)	(4, 26.989655172413794)	(5, 27.46206896551724)	(6, 27.906896551724138)	(7, 28.22758620689655)	(8, 28.724137931034484)	(9, 28.979310344827585)	(10, 29.438752356567665)	(1000, 28.725626179688916)	(2000, 28.899971980763663)	(3000, 29.393538345162746)	(4000, 29.520406669096403)	(5000, 29.78485142305021)	(6000, 29.860515318338916)	(7000, 29.146159077259032)	(8000, 29.072767307408935)	(9000, 28.81947591916003)	(10000, 29.1955789473684)	(11000, 29.361564885185928)	(12000, 28.757977845683733)	(13000, 28.57312636473184)	(14000, 29.045165024630517)	(15000, 29.854428571428556)	(16000, 28.96585748880748)	(17000, 29.076509999999985)	(18000, 29.5395579710145)	(19000, 30.539826086956555)	(20000, 30.826637681159404)	(21000, 30.13570810359234)	(22000, 31.32853921568628)	(23000, 30.897227941176467)	(24000, 30.5718125)	(25000, 29.960008333333324)	(26000, 30.866966666666634)	(27000, 30.225285714285704)	(28000, 27.625259407259417)	(29000, 29.264163636363655)	(30000, 29.19921230158728)	(31000, 29.872857142857146)	(32000, 29.343976190476184)	(33000, 30.188133333333337)	(34000, 30.54725)	(35000, 31.72275)	(36000, 32.18725)	(37000, 31.41183333333333)	(38000, 27.336666666666673)	(39000, 30.01033333333332)	(40000, 27.877333333333365)	(41000, 28.385)	(42000, 27.148)	(43000, 32.295)	(44000, 29.516)	(45000, 27.66304347826087)																			
FAY99780_pass_barcode08_98e12ebb_5ad7f319_21	(1, 24.468503937007874)	(2, 23.716535433070867)	(3, 26.87795275590551)	(4, 26.84251968503937)	(5, 27.586614173228348)	(6, 28.20472440944882)	(7, 28.62204724409449)	(8, 29.25984251968504)	(9, 29.27952755905512)	(10, 29.180029732104778)	(1000, 29.200729256120354)	(2000, 29.144241975882643)	(3000, 28.815157372467624)	(4000, 29.43654702031151)	(5000, 29.171430437110246)	(6000, 29.58844695220279)	(7000, 28.57847674881858)	(8000, 27.98491896135266)	(9000, 27.290858127789523)	(10000, 27.54087736318795)	(11000, 28.19548435242646)	(12000, 27.870977637191263)	(13000, 28.610435328605853)	(14000, 29.18355596255599)	(15000, 29.783250769230794)	(16000, 30.586313840579695)	(17000, 31.01173913043479)	(18000, 29.994695652173927)	(19000, 30.836886787125888)	(20000, 30.025402380952382)	(21000, 28.834224234606104)	(22000, 29.592805147058815)	(23000, 30.916683333333324)	(24000, 31.148066666666686)	(25000, 30.19071904761904)	(26000, 29.603660256410237)	(27000, 27.58506060606059)	(28000, 27.867818181818173)	(29000, 29.17263030303035)	(30000, 30.42255555555556)	(31000, 31.112430555555555)	(32000, 29.90289285714286)	(33000, 30.959571428571426)	(34000, 29.536999999999953)	(35000, 28.038952380952374)	(36000, 26.157933333333347)	(37000, 28.911916666666666)	(38000, 29.958166666666635)	(39000, 30.215)	(40000, 26.167)	(41000, 25.0125)	(42000, 21.803)	(43000, 24.026)	(44000, 24.27)	(45000, 19.01)	(46000, 23.42)	(47000, 24.61)	(48000, 23.314)	(49000, 24.064)	(50000, 24.377)	(51000, 25.576499388004898)													
FAY99780_pass_barcode08_98e12ebb_5ad7f319_22	(1, 24.83467741935484)	(2, 24.193548387096776)	(3, 26.245967741935484)	(4, 26.383064516129032)	(5, 26.653225806451612)	(6, 27.576612903225808)	(7, 28.197580645161292)	(8, 28.701612903225808)	(9, 28.923387096774192)	(10, 29.693079390703915)	(1000, 30.07041977307073)	(2000, 30.129476584801573)	(3000, 29.734155984476107)	(4000, 30.648691437369973)	(5000, 30.504069426193098)	(6000, 30.80355533047022)	(7000, 31.361844044797742)	(8000, 30.888145250513702)	(9000, 30.93658073035176)	(10000, 31.494231727786897)	(11000, 31.50240170940172)	(12000, 31.74153846153847)	(13000, 31.188815384615424)	(14000, 31.29046949275364)	(15000, 29.112758893280613)	(16000, 28.459593073593105)	(17000, 29.10652343358397)	(18000, 30.02809765221876)	(19000, 30.370623214285725)	(20000, 31.11792857142856)	(21000, 30.93026456876457)	(22000, 30.92082727272728)	(23000, 29.79609999999998)	(24000, 29.009600000000013)	(25000, 29.09379999999999)	(26000, 29.857555555555575)	(27000, 31.048666666666684)	(28000, 31.36888888888889)	(29000, 30.480492063492058)	(30000, 30.21554761904766)	(31000, 28.96033333333337)	(32000, 31.634199999999982)	(33000, 30.577600000000036)	(34000, 31.44080000000002)	(35000, 29.351400000000023)	(36000, 29.170599999999983)	(37000, 31.797500000000014)	(38000, 29.58775)	(39000, 29.44608333333336)	(40000, 30.771666666666672)	(41000, 24.658)	(42000, 26.3995)	(43000, 27.1195)	(44000, 27.946)	(45000, 25.016)	(46000, 24.769)	(47000, 22.418899858956276)																	
FAY99780_pass_barcode08_98e12ebb_5ad7f319_23	(1, 24.1)	(2, 23.666666666666668)	(3, 26.35)	(4, 26.283333333333335)	(5, 27.158333333333335)	(6, 27.875)	(7, 28.7625)	(8, 29.3875)	(9, 28.958333333333332)	(10, 29.77247577836902)	(2000, 29.618984371383156)	(4000, 29.66822146652685)	(6000, 30.58036929924954)	(8000, 30.31258989902548)	(10000, 29.971187447221638)	(12000, 29.84981737901171)	(14000, 29.90180555643832)	(16000, 30.237865935614334)	(18000, 30.541565217391227)	(20000, 30.075546320346316)	(22000, 29.591743421052705)	(24000, 29.830157894736782)	(26000, 29.553862947196457)	(28000, 29.946119047619057)	(30000, 30.488590659340705)	(32000, 26.929575466200525)	(34000, 28.210681818181804)	(36000, 29.36635000000003)	(38000, 28.896250000000006)	(40000, 29.20310000000002)	(42000, 29.400449999999957)	(44000, 27.09967361111111)	(46000, 27.8806875)	(48000, 27.505758928571435)	(50000, 27.8148571428571)	(52000, 28.4194285714286)	(54000, 25.94954880952377)	(56000, 22.834333333333365)	(58000, 23.318666666666672)	(60000, 22.748833333333348)	(62000, 24.06483333333331)	(64000, 16.14)	(66000, 13.61)	(68000, 14.4795)	(70000, 12.8885)	(72000, 16.529)	(74000, 14.8135)	(76000, 23.8585)	(78000, 28.99)	(80000, 29.1215)	(82000, 32.086)	(84000, 30.301)	(86000, 30.449)	(88000, 31.744)	(90000, 27.072)	(92000, 30.4635)	(94000, 30.905998209489706)																	
FAY99780_pass_barcode08_98e12ebb_5ad7f319_24	(1, 26.783132530120483)	(2, 26.497991967871485)	(3, 29.092369477911646)	(4, 28.72690763052209)	(5, 29.016064257028113)	(6, 29.602409638554217)	(7, 30.413654618473895)	(8, 31.21285140562249)	(9, 30.690763052208837)	(10, 29.907237788592)	(1000, 29.99436576102002)	(2000, 29.82509953075091)	(3000, 30.26269383720301)	(4000, 29.90018046869798)	(5000, 30.214722844206733)	(6000, 30.467829426266974)	(7000, 30.584844621481924)	(8000, 30.922050058726793)	(9000, 30.758427222267226)	(10000, 31.13970026990557)	(11000, 30.140708392603084)	(12000, 30.869517445176275)	(13000, 31.190588346702324)	(14000, 30.43206901881723)	(15000, 30.407833333333315)	(16000, 29.7000492154716)	(17000, 30.123842507122497)	(18000, 29.878489776021052)	(19000, 30.24134848484851)	(20000, 29.44221524644949)	(21000, 30.65211111111109)	(22000, 30.366722222222243)	(23000, 29.81307189542479)	(24000, 30.696267892156875)	(25000, 30.344533333333313)	(26000, 30.34691666666666)	(27000, 30.18004545454547)	(28000, 30.551100000000027)	(29000, 30.653355555555517)	(30000, 31.12804365079366)	(31000, 31.419714285714317)	(32000, 30.196142857142817)	(33000, 30.410952380952395)	(34000, 30.11199999999996)	(35000, 31.445033333333335)	(36000, 31.770799999999998)	(37000, 32.48920000000001)	(38000, 31.07320000000003)	(39000, 30.840299999999985)	(40000, 29.002)	(41000, 29.19325)	(42000, 30.133)	(43000, 29.07291666666664)	(44000, 28.424333333333344)	(45000, 29.661000000000044)	(46000, 28.24466666666664)	(47000, 29.431666666666665)	(48000, 22.90133333333334)	(49000, 27.036999999999992)	(50000, 27.5595)	(51000, 29.7975)	(52000, 29.343)	(53000, 28.216)	(54000, 28.956)	(55000, 26.2715)	(56000, 25.802)	(57000, 24.951)	(58000, 24.989)	(59000, 27.418)	(60000, 21.106)	(61000, 19.658)	(62000, 22.687374749498996)		
FAY99780_pass_barcode08_98e12ebb_5ad7f319_25	(1, 24.441176470588236)	(2, 23.991596638655462)	(3, 26.865546218487395)	(4, 27.474789915966387)	(5, 28.01260504201681)	(6, 27.873949579831933)	(7, 28.462184873949578)	(8, 28.218487394957982)	(9, 28.18487394957983)	(10, 28.857081475098223)	(2000, 28.111190876175296)	(4000, 28.39504664456836)	(6000, 28.74502103814724)	(8000, 28.893720103582766)	(10000, 29.53957518671537)	(12000, 29.91545417947191)	(14000, 29.181183333333387)	(16000, 28.92847005503951)	(18000, 29.46625367647061)	(20000, 29.191125)	(22000, 29.27290625)	(24000, 27.333347916666636)	(26000, 27.525400000000044)	(28000, 26.654274944499903)	(30000, 26.76213194444438)	(32000, 26.047583333333414)	(34000, 25.849499999999928)	(36000, 24.236933333333315)	(38000, 22.800500000000003)	(40000, 22.72850000000002)	(42000, 23.904000000000043)	(44000, 24.88379999999996)	(46000, 25.243924999999937)	(48000, 25.2465)	(50000, 25.87883333333333)	(52000, 25.117)	(54000, 26.5235)	(56000, 29.581)	(58000, 28.414)	(60000, 27.807)	(62000, 31.535)	(64000, 27.332)	(66000, 29.0765)	(68000, 29.817073170731707)																														
FAY99780_pass_barcode08_98e12ebb_5ad7f319_26	(1, 23.98326359832636)	(2, 23.06276150627615)	(3, 24.748953974895397)	(4, 26.497907949790793)	(5, 27.510460251046027)	(6, 27.456066945606693)	(7, 27.84518828451883)	(8, 27.761506276150627)	(9, 27.598326359832637)	(10, 29.644860086048045)	(1000, 30.022264456776124)	(2000, 30.203536809449577)	(3000, 28.828536780840082)	(4000, 29.148247865627297)	(5000, 29.145556228600963)	(6000, 29.9957794509207)	(7000, 30.197605263157904)	(8000, 30.02997368421055)	(9000, 29.263894164881943)	(10000, 29.4096896551724)	(11000, 29.193269311467635)	(12000, 28.662605)	(13000, 29.704083333333298)	(14000, 29.232392598343683)	(15000, 28.84938095238095)	(16000, 28.144904761904776)	(17000, 29.112407518797003)	(18000, 28.21974361577961)	(19000, 28.11828021978018)	(20000, 28.486470629370647)	(21000, 29.28700000000001)	(22000, 29.747944444444446)	(23000, 29.134444444444448)	(24000, 30.896444444444477)	(25000, 28.948777777777767)	(26000, 30.1332400793651)	(27000, 30.976333333333333)	(28000, 29.205499999999986)	(29000, 30.71870000000003)	(30000, 31.661600000000025)	(31000, 30.93145)	(32000, 31.3685)	(33000, 31.11108333333331)	(34000, 34.01833333333334)	(35000, 32.36066666666665)	(36000, 30.6475)	(37000, 33.579)	(38000, 33.3135)	(39000, 35.967)	(40000, 33.44025157232704)																								
FAY99780_pass_barcode08_98e12ebb_5ad7f319_27	(1, 24.818548387096776)	(2, 23.943548387096776)	(3, 25.991935483870968)	(4, 25.943548387096776)	(5, 26.907258064516128)	(6, 27.725806451612904)	(7, 28.754032258064516)	(8, 29.02016129032258)	(9, 29.298387096774192)	(10, 29.22304512181716)	(1000, 29.15556907608027)	(2000, 28.41037228835934)	(3000, 28.37633505187098)	(4000, 28.35999931501268)	(5000, 28.343630722812453)	(6000, 28.247287874075646)	(7000, 27.785846575879837)	(8000, 28.200096332439553)	(9000, 27.9444008562206)	(10000, 28.837673155929036)	(11000, 28.623588068181817)	(12000, 28.51909375)	(13000, 28.82393749999999)	(14000, 28.639874193548415)	(15000, 29.003557142857076)	(16000, 28.64566931216933)	(17000, 28.78507692307693)	(18000, 28.078346153846162)	(19000, 28.365773846153846)	(20000, 28.355320000000003)	(21000, 27.81778021739134)	(22000, 28.601086956521755)	(23000, 28.51764464520988)	(24000, 29.173059273182957)	(25000, 28.697095734434107)	(26000, 29.84798937728937)	(27000, 30.50430769230768)	(28000, 30.62415384615385)	(29000, 30.89146153846157)	(30000, 30.765538461538494)	(31000, 31.197384615384635)	(32000, 29.898230769230743)	(33000, 28.66171794871796)	(34000, 29.27233333333333)	(35000, 29.946628787878787)	(36000, 29.184344444444424)	(37000, 30.167670634920665)	(38000, 33.414142857142906)	(39000, 31.686966666666667)	(40000, 31.401799999999955)	(41000, 31.03578333333336)	(42000, 31.480666666666696)	(43000, 30.85966666666668)	(44000, 29.921666666666688)	(45000, 30.26566666666666)	(46000, 27.9365)	(47000, 30.7505)	(48000, 30.0555)	(49000, 30.9785)	(50000, 25.59406494960806)														
FAY99780_pass_barcode08_98e12ebb_5ad7f319_28	(1, 23.926829268292682)	(2, 23.567073170731707)	(3, 26.640243902439025)	(4, 26.835365853658537)	(5, 27.3109756097561)	(6, 28.323170731707318)	(7, 28.432926829268293)	(8, 28.158536585365855)	(9, 27.98170731707317)	(10, 29.942889121622454)	(1000, 30.285326328400185)	(2000, 29.609822601792132)	(3000, 30.155184724145865)	(4000, 30.848595936338974)	(5000, 28.463583461773894)	(6000, 28.847198428383205)	(7000, 29.664523809523775)	(8000, 30.973102380952334)	(9000, 31.10232545579634)	(10000, 30.40217647058827)	(11000, 29.60741176470591)	(12000, 28.684544117647054)	(13000, 26.932625)	(14000, 27.4104375)	(15000, 26.21197559523808)	(16000, 26.224678904428924)	(17000, 26.378118181818152)	(18000, 28.6379111111111)	(19000, 27.248888888888864)	(20000, 27.645428571428592)	(21000, 28.870833333333334)	(22000, 28.089166666666646)	(23000, 28.50816666666665)	(24000, 27.00883333333331)	(25000, 30.176766666666683)	(26000, 26.62979999999998)	(27000, 29.843399999999978)	(28000, 24.3654)	(29000, 28.777416666666674)	(30000, 24.888666666666676)	(31000, 28.5215)	(32000, 29.7295)	(33000, 31.1235)	(34000, 28.9005)	(35000, 29.876)	(36000, 28.3145)	(37000, 31.245)	(38000, 31.387)	(39000, 33.72)	(40000, 32.481)	(41000, 28.671)	(42000, 35.0)	(43000, 33.118)	(44000, 29.98428290766208)																				
FAY99780_pass_barcode08_98e12ebb_5ad7f319_29	(1, 24.236286919831223)	(2, 23.350210970464136)	(3, 26.20253164556962)	(4, 26.856540084388186)	(5, 27.645569620253166)	(6, 28.430379746835442)	(7, 28.966244725738395)	(8, 29.11392405063291)	(9, 29.68776371308017)	(10, 29.670987308748273)	(2000, 29.470476424256006)	(4000, 29.374929172127796)	(6000, 30.230229342454372)	(8000, 30.43324058175278)	(10000, 30.56957017765984)	(12000, 30.430277575500615)	(14000, 30.382069154869203)	(16000, 31.118876134643756)	(18000, 31.095064159298573)	(20000, 31.615738989271605)	(22000, 31.134813364600202)	(24000, 31.169491666666637)	(26000, 31.45546978021977)	(28000, 31.92989423076919)	(30000, 31.205708333333355)	(32000, 31.34437499999995)	(34000, 30.65372727272728)	(36000, 28.144909090909145)	(38000, 27.108351388888885)	(40000, 26.676625)	(42000, 23.881497023809498)	(44000, 24.032749999999982)	(46000, 25.623199999999954)	(48000, 25.668999999999947)	(50000, 25.266499999999965)	(52000, 25.169500000000042)	(54000, 24.662199999999977)	(56000, 23.661400000000008)	(58000, 19.596291666666684)	(60000, 18.970666666666645)	(62000, 16.279916666666665)	(64000, 13.822)	(66000, 13.7115)	(68000, 12.4675)	(70000, 12.745)	(72000, 16.410102739726028)																												
FAY99780_pass_barcode08_98e12ebb_5ad7f319_3	(1, 25.205263157894738)	(2, 24.38684210526316)	(3, 26.66315789473684)	(4, 26.95)	(5, 27.91578947368421)	(6, 28.852631578947367)	(7, 29.0)	(8, 29.61315789473684)	(9, 29.605263157894736)	(10, 28.7272183468533)	(1000, 28.26909227797519)	(2000, 28.334976925409254)	(3000, 28.78138149446007)	(4000, 28.664242950089164)	(5000, 28.82045263228169)	(6000, 29.32520268821799)	(7000, 29.35419808959157)	(8000, 29.251351211696576)	(9000, 29.258903300779796)	(10000, 28.78451509581105)	(11000, 28.54134375)	(12000, 28.313875)	(13000, 28.731500604838704)	(14000, 29.27815172413795)	(15000, 30.194977741288096)	(16000, 28.97799431623931)	(17000, 28.57604166666665)	(18000, 29.048975131752307)	(19000, 30.06133484848484)	(20000, 29.338850000000015)	(21000, 28.451399999999982)	(22000, 29.1695831613347)	(23000, 28.89970588235297)	(24000, 29.26526078431371)	(25000, 29.062504761904755)	(26000, 28.544928571428613)	(27000, 28.78307142857147)	(28000, 28.817401098901126)	(29000, 27.658413752913763)	(30000, 28.54318181818183)	(31000, 28.66954545454545)	(32000, 28.256481818181793)	(33000, 28.28437777777777)	(34000, 27.98401388888889)	(35000, 27.89975)	(36000, 28.122125000000025)	(37000, 26.37925238095243)	(38000, 24.85700000000004)	(39000, 24.581400000000013)	(40000, 23.992650000000015)	(41000, 27.747)	(42000, 27.25725)	(43000, 28.83325)	(44000, 27.60975)	(45000, 28.6885)	(46000, 26.79725)	(47000, 26.56616666666667)	(48000, 24.103666666666665)	(49000, 23.881)	(50000, 22.3785)	(51000, 23.557)	(52000, 23.2815)	(53000, 15.599)	(54000, 15.324742268041238)										
FAY99780_pass_barcode08_98e12ebb_5ad7f319_30	(1, 24.5)	(2, 23.732558139534884)	(3, 26.8062015503876)	(4, 27.162790697674417)	(5, 27.6046511627907)	(6, 27.558139534883722)	(7, 28.11627906976744)	(8, 28.8062015503876)	(9, 29.608527131782946)	(10, 29.443295574691582)	(1000, 29.30356154407777)	(2000, 30.238943413152732)	(3000, 30.42060899957982)	(4000, 30.262150047762493)	(5000, 30.57824781645508)	(6000, 30.963350349943553)	(7000, 31.470568571428583)	(8000, 31.107940313359386)	(9000, 31.253383328194047)	(10000, 31.252776465653174)	(11000, 30.956505225657935)	(12000, 30.41623040145412)	(13000, 30.625926249893897)	(14000, 31.14729734848485)	(15000, 31.22130745967742)	(16000, 31.03894879230892)	(17000, 30.806964285714265)	(18000, 29.673099206349182)	(19000, 29.831938746438766)	(20000, 30.547423076923053)	(21000, 30.92587420289856)	(22000, 30.655090909090898)	(23000, 30.644287012987007)	(24000, 30.099031871345)	(25000, 30.160836601307224)	(26000, 30.618796813725485)	(27000, 30.012866666666646)	(28000, 30.039204761904756)	(29000, 29.859999999999953)	(30000, 30.162654623154612)	(31000, 31.15515277777778)	(32000, 29.073125)	(33000, 28.412625)	(34000, 28.139678571428558)	(35000, 29.016428571428538)	(36000, 31.32869047619043)	(37000, 32.166033333333324)	(38000, 32.76219999999999)	(39000, 30.95155000000001)	(40000, 32.709166666666675)	(41000, 25.742)	(42000, 26.861)	(43000, 30.177)	(44000, 27.009)	(45000, 28.939)	(46000, 28.262)	(47000, 28.33245382585752)																	
FAY99780_pass_barcode08_98e12ebb_5ad7f319_31	(1, 24.775510204081634)	(2, 24.118367346938776)	(3, 27.26938775510204)	(4, 28.39183673469388)	(5, 29.187755102040818)	(6, 29.453061224489797)	(7, 29.477551020408164)	(8, 28.90612244897959)	(9, 29.102040816326532)	(10, 29.641779567132712)	(2000, 29.66434408726238)	(4000, 29.670901131352743)	(6000, 29.78853182427575)	(8000, 29.678433002415616)	(10000, 28.878194985656002)	(12000, 28.894977596544916)	(14000, 29.00927837799238)	(16000, 28.570650836185614)	(18000, 29.05620916080873)	(20000, 29.741241135653404)	(22000, 29.340342541717554)	(24000, 30.059269230769274)	(26000, 29.95852115384613)	(28000, 31.022614092791315)	(30000, 31.30802907421741)	(32000, 31.181797161172238)	(34000, 30.76666969696963)	(36000, 30.822438888888897)	(38000, 32.11125)	(40000, 30.617625)	(42000, 30.87275)	(44000, 31.148875)	(46000, 29.831720833333353)	(48000, 29.7105)	(50000, 30.417125)	(52000, 30.371125)	(54000, 31.0395)	(56000, 30.363)	(58000, 29.20395833333329)	(60000, 30.06366666666666)	(62000, 29.86633333333339)	(64000, 27.65758333333336)	(66000, 31.27433155080214)																															
FAY99780_pass_barcode08_98e12ebb_5ad7f319_32	(1, 25.108695652173914)	(2, 24.543478260869566)	(3, 27.004347826086956)	(4, 27.56086956521739)	(5, 28.443478260869565)	(6, 29.18695652173913)	(7, 28.860869565217392)	(8, 29.608695652173914)	(9, 29.343478260869563)	(10, 29.571407299079972)	(1000, 30.1665569910624)	(2000, 30.01043423554001)	(3000, 30.143128067754404)	(4000, 30.24138623409652)	(5000, 30.809169995231127)	(6000, 30.505435747557396)	(7000, 30.662268292682935)	(8000, 30.088683270794245)	(9000, 29.724899956926286)	(10000, 29.569725210084055)	(11000, 29.64514250977524)	(12000, 29.67363333333332)	(13000, 30.779079958036895)	(14000, 30.21217028490031)	(15000, 30.677458333333345)	(16000, 29.541108865047974)	(17000, 30.768721052631587)	(18000, 30.863999999999987)	(19000, 30.901666666666646)	(20000, 30.867888888888885)	(21000, 30.11665686274518)	(22000, 30.589029656862756)	(23000, 29.701888644688623)	(24000, 30.25051363636364)	(25000, 29.531336111111138)	(26000, 32.031785714285725)	(27000, 30.096000000000036)	(28000, 32.6163666666667)	(29000, 32.39915000000002)	(30000, 32.17875)	(31000, 32.863)	(32000, 31.40275)	(33000, 31.216)	(34000, 32.292)	(35000, 31.34175)	(36000, 32.81166666666668)	(37000, 33.124)	(38000, 30.879333333333335)	(39000, 29.907999999999998)	(40000, 29.495)	(41000, 33.9535)	(42000, 33.538)	(43000, 33.321)	(44000, 33.1715)	(45000, 33.8435)	(46000, 30.623477297895903)																		
FAY99780_pass_barcode08_98e12ebb_5ad7f319_33	(1, 25.677884615384617)	(2, 25.634615384615383)	(3, 28.514423076923077)	(4, 28.64423076923077)	(5, 29.490384615384617)	(6, 29.408653846153847)	(7, 30.20673076923077)	(8, 29.923076923076923)	(9, 29.60096153846154)	(10, 29.4080200879741)	(1000, 29.245814168281395)	(2000, 28.929549031944862)	(3000, 29.39646836874053)	(4000, 29.263308284568062)	(5000, 29.201344452351208)	(6000, 29.508951317727195)	(7000, 28.888274120379652)	(8000, 29.80717517475459)	(9000, 29.654668468963816)	(10000, 29.47005053763447)	(11000, 29.659323481116573)	(12000, 29.36890201465203)	(13000, 29.38873076923083)	(14000, 29.778295384615404)	(15000, 29.181725000000004)	(16000, 28.28423863636362)	(17000, 29.02222727272727)	(18000, 28.99719401913872)	(19000, 28.685947368421058)	(20000, 29.184526315789476)	(21000, 28.25373684210522)	(22000, 28.538494152046805)	(23000, 28.301444444444495)	(24000, 27.362176470588217)	(25000, 26.449949334733933)	(26000, 27.057428571428566)	(27000, 28.286521978021952)	(28000, 28.69623076923082)	(29000, 27.746809440559453)	(30000, 27.299029437229468)	(31000, 26.844076190476194)	(32000, 24.612000000000002)	(33000, 25.99339999999996)	(34000, 25.41580000000002)	(35000, 25.30225)	(36000, 25.25475)	(37000, 25.63225)	(38000, 24.69)	(39000, 26.54025)	(40000, 25.94825)	(41000, 26.28025)	(42000, 25.0185)	(43000, 24.58325)	(44000, 22.18391666666669)	(45000, 22.272000000000034)	(46000, 25.578333333333333)	(47000, 26.144)	(48000, 16.615)	(49000, 18.52)	(50000, 17.297)	(51000, 19.8)													
FAY99780_pass_barcode08_98e12ebb_5ad7f319_34	(1, 23.462184873949578)	(2, 22.659663865546218)	(3, 26.281512605042018)	(4, 26.428571428571427)	(5, 27.361344537815125)	(6, 28.31512605042017)	(7, 29.22689075630252)	(8, 29.80672268907563)	(9, 30.113445378151262)	(10, 29.004035225348648)	(1000, 29.225481165393063)	(2000, 28.910262869701846)	(3000, 28.802047305712925)	(4000, 28.674133358979045)	(5000, 29.45489416153137)	(6000, 29.690012177335607)	(7000, 29.79686720617485)	(8000, 29.710522182864814)	(9000, 29.076153765726126)	(10000, 29.320894703103907)	(11000, 30.08863157894733)	(12000, 29.924332425193892)	(13000, 29.486478721033876)	(14000, 30.07364052419355)	(15000, 29.351180630850646)	(16000, 29.168936594202904)	(17000, 29.091487389422177)	(18000, 29.72551428571431)	(19000, 30.63185)	(20000, 30.294749122807005)	(21000, 29.801933006535965)	(22000, 29.784933333333345)	(23000, 28.87229523809525)	(24000, 29.6031098901099)	(25000, 28.654467948717983)	(26000, 29.341833333333327)	(27000, 28.670166666666663)	(28000, 29.049750000000003)	(29000, 30.39154545454552)	(30000, 31.690799999999946)	(31000, 30.37303055555553)	(32000, 29.13833928571428)	(33000, 30.115166666666642)	(34000, 25.529899999999998)	(35000, 23.91883333333332)	(36000, 24.117999999999938)	(37000, 25.688333333333347)	(38000, 25.587666666666664)	(39000, 21.499)	(40000, 18.917)	(41000, 18.806)	(42000, 21.728)	(43000, 18.651)	(44000, 21.82)	(45000, 16.451)	(46000, 20.069)	(47000, 16.361)	(48000, 24.288)	(49000, 20.151)	(50000, 18.071)	(51000, 22.526)	(52000, 17.272)	(53000, 24.29591836734694)											
FAY99780_pass_barcode08_98e12ebb_5ad7f319_35	(1, 24.57487922705314)	(2, 24.246376811594203)	(3, 26.942028985507246)	(4, 27.14009661835749)	(5, 28.14975845410628)	(6, 28.85024154589372)	(7, 28.758454106280194)	(8, 28.85990338164251)	(9, 29.685990338164252)	(10, 28.728090711629296)	(1000, 28.869038314252933)	(2000, 28.68134808694889)	(3000, 29.33305903703524)	(4000, 29.45494142757104)	(5000, 28.95478745409697)	(6000, 29.030007072384976)	(7000, 29.793955528466054)	(8000, 29.606573856223047)	(9000, 29.769161393906227)	(10000, 29.222491623931642)	(11000, 29.88632353660831)	(12000, 30.513865789473726)	(13000, 30.63915789473685)	(14000, 30.656631578947337)	(15000, 30.974885620915046)	(16000, 31.14035294117644)	(17000, 30.157001136608486)	(18000, 31.09554487179487)	(19000, 30.943484848484815)	(20000, 30.562818181818187)	(21000, 29.719175757575766)	(22000, 30.984000000000005)	(23000, 30.984888888888907)	(24000, 31.427000000000014)	(25000, 31.574444444444435)	(26000, 30.876444444444488)	(27000, 32.31091666666667)	(28000, 32.09648214285715)	(29000, 32.46480952380952)	(30000, 32.553166666666684)	(31000, 31.243)	(32000, 32.85425)	(33000, 33.2135)	(34000, 32.9475)	(35000, 33.3075)	(36000, 33.29233333333335)	(37000, 32.53066666666668)	(38000, 33.4745)	(39000, 31.2835)	(40000, 29.848)	(41000, 23.932)	(42000, 19.525)																						
FAY99780_pass_barcode08_98e12ebb_5ad7f319_36	(1, 24.370892018779344)	(2, 23.887323943661972)	(3, 27.28638497652582)	(4, 27.31924882629108)	(5, 27.7981220657277)	(6, 28.089201877934272)	(7, 28.43661971830986)	(8, 28.72300469483568)	(9, 29.356807511737088)	(10, 29.515866314118398)	(2000, 29.47534379645217)	(4000, 29.432766287217603)	(6000, 29.64578570532599)	(8000, 29.803256447441587)	(10000, 29.630894736842123)	(12000, 29.789335215854983)	(14000, 29.625581512605)	(16000, 30.321642063489197)	(18000, 30.90629080086582)	(20000, 31.426850000000083)	(22000, 30.41441271929824)	(24000, 30.439790425464988)	(26000, 30.594801282051286)	(28000, 30.42781818181818)	(30000, 31.230712626262605)	(32000, 30.827854166666672)	(34000, 29.956455357142882)	(36000, 29.38371428571429)	(38000, 28.74351904761898)	(40000, 26.802800000000005)	(42000, 26.87115)	(44000, 25.89787500000001)	(46000, 22.004000000000037)	(48000, 25.21883333333337)	(50000, 25.458833333333338)	(52000, 24.616333333333333)	(54000, 24.59483333333336)	(56000, 14.23125)	(58000, 16.1535)	(60000, 15.353)	(62000, 17.2805)	(64000, 14.5875)	(66000, 14.6685)	(68000, 16.449)	(70000, 14.1935)	(72000, 16.0915)	(74000, 13.237)	(76000, 15.328185328185327)																										
FAY99780_pass_barcode08_98e12ebb_5ad7f319_37	(1, 23.31791907514451)	(2, 22.90173410404624)	(3, 25.728323699421967)	(4, 26.69364161849711)	(5, 28.063583815028903)	(6, 28.173410404624278)	(7, 27.589595375722542)	(8, 27.664739884393065)	(9, 27.838150289017342)	(10, 28.94063401954891)	(1000, 29.297613380990292)	(2000, 29.009611824411074)	(3000, 29.49102793158719)	(4000, 30.021004895921678)	(5000, 28.77228095254035)	(6000, 28.650814370596745)	(7000, 28.60612121212119)	(8000, 28.56432452346045)	(9000, 27.749400000000012)	(10000, 28.254922660098522)	(11000, 29.177929588929622)	(12000, 29.602880000000017)	(13000, 29.98343333333332)	(14000, 29.332393398268433)	(15000, 27.945126190476156)	(16000, 28.429257464740264)	(17000, 28.664482808123264)	(18000, 28.367631868131838)	(19000, 28.437429487179458)	(20000, 29.016121212121206)	(21000, 28.633936363636373)	(22000, 27.988300000000017)	(23000, 27.302899999999983)	(24000, 27.839555555555542)	(25000, 29.192625)	(26000, 29.54662500000002)	(27000, 26.18193809523809)	(28000, 25.05375)	(29000, 25.5855)	(30000, 28.06725)	(31000, 24.10300000000001)	(32000, 27.43400000000004)	(33000, 26.50233333333334)	(34000, 23.936333333333327)	(35000, 23.696)	(36000, 24.9565)	(37000, 22.5925)	(38000, 23.508)	(39000, 24.724)	(40000, 18.05)	(41000, 18.06)	(42000, 19.216)	(43000, 23.458)	(44000, 23.609)	(45000, 29.122555410691003)																			
FAY99780_pass_barcode08_98e12ebb_5ad7f319_38	(1, 23.932960893854748)	(2, 23.424581005586592)	(3, 26.43016759776536)	(4, 26.65921787709497)	(5, 26.988826815642458)	(6, 27.71508379888268)	(7, 28.75977653631285)	(8, 29.06145251396648)	(9, 29.782122905027933)	(10, 29.283579745168787)	(1000, 29.30349619194133)	(2000, 29.13795564236322)	(3000, 29.247869182524568)	(4000, 29.148039530338664)	(5000, 29.446294103631192)	(6000, 29.301833333333313)	(7000, 28.904077586206895)	(8000, 29.868842641432664)	(9000, 30.569900724637698)	(10000, 30.440956521739135)	(11000, 29.146956521739117)	(12000, 30.2823043478261)	(13000, 30.055581027668005)	(14000, 29.73086385281386)	(15000, 30.00302105263159)	(16000, 29.483842105263186)	(17000, 30.278166666666696)	(18000, 30.497625000000017)	(19000, 30.413375)	(20000, 30.886769642857164)	(21000, 30.476857142857128)	(22000, 30.70578571428572)	(23000, 30.266005494505517)	(24000, 31.40107692307691)	(25000, 30.702416666666668)	(26000, 30.846484848484824)	(27000, 30.56814545454545)	(28000, 28.997433333333348)	(29000, 29.026541666666677)	(30000, 31.706267857142862)	(31000, 31.761571428571397)	(32000, 31.418500000000027)	(33000, 32.46233333333334)	(34000, 30.306833333333305)	(35000, 30.118666666666673)	(36000, 30.166133333333335)	(37000, 30.880399999999998)	(38000, 29.106583333333333)	(39000, 29.994333333333365)	(40000, 32.63733333333332)	(41000, 31.570666666666657)	(42000, 33.93466666666665)	(43000, 31.191833333333335)	(44000, 30.732)	(45000, 31.38)	(46000, 32.0645)	(47000, 32.828)	(48000, 31.422)	(49000, 32.135)	(50000, 29.554)	(51000, 32.30939226519337)													
FAY99780_pass_barcode08_98e12ebb_5ad7f319_39	(1, 25.595959595959595)	(2, 24.353535353535353)	(3, 26.085858585858585)	(4, 26.136363636363637)	(5, 26.535353535353536)	(6, 27.45959595959596)	(7, 28.303030303030305)	(8, 28.51010101010101)	(9, 28.47979797979798)	(10, 29.454333048594016)	(2000, 29.388083520980228)	(4000, 29.313063639631523)	(6000, 28.959103282874757)	(8000, 28.715010914066916)	(10000, 30.018123941810014)	(12000, 29.889465240641695)	(14000, 30.31835436480349)	(16000, 30.20679401569058)	(18000, 30.064995534188018)	(20000, 30.679979166666687)	(22000, 29.875270833333378)	(24000, 30.508291666666715)	(26000, 30.691401432806256)	(28000, 30.593158492823004)	(30000, 30.31577650713796)	(32000, 30.812100000000008)	(34000, 30.248695238095188)	(36000, 29.468326923076944)	(38000, 27.668345571095617)	(40000, 29.36465454545452)	(42000, 29.526083333333297)	(44000, 27.82172222222224)	(46000, 28.37772916666668)	(48000, 24.80085000000002)	(50000, 25.295499999999986)	(52000, 23.952124999999995)	(54000, 23.831875)	(56000, 24.30425)	(58000, 24.174625)	(60000, 22.762875)	(62000, 20.508333333333333)	(64000, 23.998804267844005)																																
FAY99780_pass_barcode08_98e12ebb_5ad7f319_4	(1, 25.22514619883041)	(2, 24.839181286549707)	(3, 27.172514619883042)	(4, 27.34795321637427)	(5, 28.204678362573098)	(6, 28.625730994152047)	(7, 28.953216374269005)	(8, 29.628654970760234)	(9, 30.01169590643275)	(10, 29.21322603892411)	(1000, 29.4310583029734)	(2000, 29.39889282783362)	(3000, 29.082605406100747)	(4000, 29.459922563410267)	(5000, 29.463491164988902)	(6000, 29.57168753962887)	(7000, 29.529539147022117)	(8000, 30.273530851998256)	(9000, 29.629165206886157)	(10000, 29.206880952380917)	(11000, 29.869389897703936)	(12000, 29.225021592442644)	(13000, 29.334842105263153)	(14000, 29.362391011710518)	(15000, 28.762080436720133)	(16000, 29.22734375)	(17000, 29.325726814516173)	(18000, 29.555679612267618)	(19000, 29.39755341880342)	(20000, 29.229500000000023)	(21000, 28.68964769230772)	(22000, 29.902622536231906)	(23000, 30.0983913043478)	(24000, 29.733582062864674)	(25000, 30.70538095238091)	(26000, 30.501476190476197)	(27000, 30.701607142857146)	(28000, 30.47689736842107)	(29000, 29.94158978328172)	(30000, 30.18292647058825)	(31000, 30.490162500000004)	(32000, 30.460966666666703)	(33000, 29.608329670329677)	(34000, 29.32172503885005)	(35000, 30.489875)	(36000, 28.645920238095258)	(37000, 26.929466666666666)	(38000, 24.666333333333363)	(39000, 22.994)	(40000, 20.3785)	(41000, 22.309)	(42000, 21.2385)	(43000, 23.117)	(44000, 25.209)	(45000, 16.328)	(46000, 6.60738255033557)																		
FAY99780_pass_barcode08_98e12ebb_5ad7f319_40	(1, 24.833333333333332)	(2, 24.333333333333332)	(3, 26.52857142857143)	(4, 26.51904761904762)	(5, 27.090476190476192)	(6, 27.285714285714285)	(7, 27.952380952380953)	(8, 28.571428571428573)	(9, 29.271428571428572)	(10, 29.027895041633432)	(1000, 29.374877508191414)	(2000, 29.475330429997484)	(3000, 29.64991152105065)	(4000, 28.999484528265697)	(5000, 29.873091575855895)	(6000, 30.053236269673448)	(7000, 30.000197415120315)	(8000, 29.913902740088268)	(9000, 29.907001501501494)	(10000, 29.663684080298797)	(11000, 29.87988528225806)	(12000, 29.220808538587875)	(13000, 30.511107142857146)	(14000, 30.41225834757834)	(15000, 29.6229169207604)	(16000, 31.091987960096272)	(17000, 31.10200000000001)	(18000, 30.251411519607817)	(19000, 30.216757142857148)	(20000, 29.052939560439548)	(21000, 28.90676923076923)	(22000, 29.78430128205125)	(23000, 29.664446969696982)	(24000, 28.53809090909091)	(25000, 29.13627272727272)	(26000, 28.286454545454575)	(27000, 27.900945454545436)	(28000, 27.91110000000002)	(29000, 28.176268650793684)	(30000, 26.767666666666635)	(31000, 27.936666666666646)	(32000, 27.339666666666698)	(33000, 27.63166666666666)	(34000, 27.085833333333355)	(35000, 27.059500000000018)	(36000, 26.18336666666662)	(37000, 27.0933)	(38000, 30.04875)	(39000, 28.002)	(40000, 28.37175)	(41000, 28.50525)	(42000, 28.366749999999996)	(43000, 26.052333333333323)	(44000, 26.713666666666665)	(45000, 24.824)	(46000, 18.796661608497725)																		
FAY99780_pass_barcode08_98e12ebb_5ad7f319_41	(1, 24.129807692307693)	(2, 23.889423076923077)	(3, 27.14423076923077)	(4, 27.08653846153846)	(5, 28.033653846153847)	(6, 28.509615384615383)	(7, 28.75)	(8, 28.764423076923077)	(9, 28.634615384615383)	(10, 29.9603480665831)	(1000, 29.797560534771016)	(2000, 29.690894500948662)	(3000, 29.96700061269671)	(4000, 29.987366918876887)	(5000, 31.075935739614966)	(6000, 30.70253450922604)	(7000, 30.83197842624848)	(8000, 30.510794102063954)	(9000, 30.62128728041804)	(10000, 30.203984056358895)	(11000, 29.44150924522477)	(12000, 30.730516923076927)	(13000, 29.788452292490156)	(14000, 29.611163943950796)	(15000, 30.29905263157895)	(16000, 29.525666666666684)	(17000, 30.320679738562063)	(18000, 30.101298809523797)	(19000, 30.143516483516482)	(20000, 30.004012820512813)	(21000, 30.540439393939415)	(22000, 31.196972727272748)	(23000, 31.331544444444454)	(24000, 31.804222222222243)	(25000, 31.30555555555557)	(26000, 31.703)	(27000, 31.897749999999995)	(28000, 32.636)	(29000, 32.2767761904762)	(30000, 31.77640000000005)	(31000, 31.656200000000034)	(32000, 31.774800000000013)	(33000, 32.58060000000002)	(34000, 33.20020000000004)	(35000, 33.66599999999997)	(36000, 32.60540000000004)	(37000, 32.32766666666664)	(38000, 31.342666666666684)	(39000, 30.6345)	(40000, 33.3505)	(41000, 33.5315)	(42000, 32.5615)	(43000, 33.861)	(44000, 29.757493188010898)																				
FAY99780_pass_barcode08_98e12ebb_5ad7f319_42	(1, 24.441314553990612)	(2, 23.774647887323944)	(3, 25.746478873239436)	(4, 25.507042253521128)	(5, 26.774647887323944)	(6, 26.690140845070424)	(7, 26.995305164319248)	(8, 27.629107981220656)	(9, 27.863849765258216)	(10, 29.535837511539658)	(2000, 29.168257102764635)	(4000, 29.710836205734118)	(6000, 29.50812650291892)	(8000, 29.720283045904747)	(10000, 28.77805367867865)	(12000, 29.083731512605016)	(14000, 29.71479022033672)	(16000, 30.440043103448236)	(18000, 30.40822352216749)	(20000, 30.494452584452635)	(22000, 28.53625388517277)	(24000, 29.802359556747586)	(26000, 29.44806973684217)	(28000, 30.354081181200524)	(30000, 31.330989285714246)	(32000, 30.86607196969694)	(34000, 31.768272727272784)	(36000, 31.01676363636365)	(38000, 31.060549999999974)	(40000, 31.303450000000023)	(42000, 30.84155277777778)	(44000, 31.0661875)	(46000, 30.872785714285694)	(48000, 31.214357142857214)	(50000, 31.421869047619012)	(52000, 32.025249999999986)	(54000, 28.88788333333336)	(56000, 27.25165)	(58000, 21.04783333333333)	(60000, 20.89975)	(62000, 21.0775)	(64000, 19.25825)	(66000, 19.814)	(68000, 18.6845)	(70000, 21.75275)	(72000, 19.87425)	(74000, 19.79725)	(76000, 20.0735)	(78000, 20.5375)	(80000, 21.507)	(82000, 21.015)	(84000, 22.3885)	(86000, 20.1465)	(88000, 20.106)	(90000, 20.13075)	(92000, 14.1845)	(94000, 12.7545)	(96000, 13.501)	(98000, 14.9915)	(100000, 13.098)	(102000, 11.428571428571429)													
FAY99780_pass_barcode08_98e12ebb_5ad7f319_43	(1, 24.067961165048544)	(2, 23.29126213592233)	(3, 26.393203883495147)	(4, 26.42233009708738)	(5, 27.106796116504853)	(6, 27.553398058252426)	(7, 27.868932038834952)	(8, 27.91747572815534)	(9, 27.87864077669903)	(10, 28.782226140937514)	(2000, 28.88219012225178)	(4000, 29.098221497437073)	(6000, 28.700319978094516)	(8000, 29.641608844553236)	(10000, 29.465462487544432)	(12000, 28.976571262541796)	(14000, 28.462128284396794)	(16000, 28.719152128482996)	(18000, 29.256125)	(20000, 29.425633333333334)	(22000, 28.461166666666717)	(24000, 27.693697619047587)	(26000, 27.714783916083885)	(28000, 28.552633333333304)	(30000, 28.675159722222226)	(32000, 29.437375)	(34000, 29.37204464285712)	(36000, 31.24178571428576)	(38000, 30.351785714285686)	(40000, 31.188999999999968)	(42000, 30.368333333333336)	(44000, 30.001833333333366)	(46000, 30.777583333333276)	(48000, 29.746083333333395)	(50000, 30.495716666666667)	(52000, 29.392833333333385)	(54000, 30.125333333333355)	(56000, 28.763416666666675)	(58000, 29.27575)	(60000, 31.7215)	(62000, 31.73375)	(64000, 29.7735)	(66000, 32.57)	(68000, 27.220588235294116)																														
FAY99780_pass_barcode08_98e12ebb_5ad7f319_44	(1, 25.721052631578946)	(2, 25.352631578947367)	(3, 27.96315789473684)	(4, 28.510526315789473)	(5, 28.91578947368421)	(6, 29.305263157894736)	(7, 29.36315789473684)	(8, 30.294736842105262)	(9, 30.431578947368422)	(10, 29.34254691256167)	(500, 30.13315011621531)	(1000, 30.201983724739677)	(1500, 30.424554502430688)	(2000, 30.179092692856603)	(2500, 30.50962231962337)	(3000, 29.9744500931382)	(3500, 30.226006520650124)	(4000, 31.0220497736097)	(4500, 31.44141643056185)	(5000, 31.37695310446022)	(5500, 31.12919578733252)	(6000, 31.67771323692994)	(6500, 31.86696551724137)	(7000, 31.66023316912975)	(7500, 30.99244444444444)	(8000, 31.81202792022794)	(8500, 30.966146666666674)	(9000, 32.29291666666669)	(9500, 30.62741666666666)	(10000, 32.30753392621872)	(10500, 31.855619047619054)	(11000, 30.14676190476191)	(11500, 31.038442857142854)	(12000, 31.6031812865497)	(12500, 30.203555555555575)	(13000, 30.15800000000002)	(13500, 31.647000000000006)	(14000, 30.3634362745098)	(14500, 30.771910714285724)	(15000, 30.52685347985348)	(15500, 31.224318181818173)	(16000, 30.682727272727277)	(16500, 30.262909090909066)	(17000, 31.442727272727264)	(17500, 30.06872727272729)	(18000, 29.81618181818183)	(18500, 29.73072727272726)	(19000, 30.588363636363628)	(19500, 31.126909090909102)	(20000, 30.015999999999995)	(20500, 29.967090909090903)	(21000, 29.871181818181835)	(21500, 30.139600000000005)	(22000, 31.312199999999997)	(22500, 30.080199999999994)	(23000, 31.241399999999995)	(23500, 30.60500000000001)	(24000, 31.00240000000001)	(24500, 30.837644444444432)	(25000, 31.311999999999998)	(25500, 31.337666666666664)	(26000, 32.18121428571428)	(26500, 31.502619047619046)	(27000, 32.80400000000001)	(27500, 29.808400000000038)	(28000, 30.823899999999995)	(28500, 28.62333333333335)	(29000, 28.450000000000006)	(29500, 29.199333333333364)	(30000, 25.709)	(30500, 27.472)	(31000, 34.33)	(31500, 28.254)	(32000, 28.680487804878048)
FAY99780_pass_barcode08_98e12ebb_5ad7f319_45	(1, 24.283505154639176)	(2, 23.637305699481864)	(3, 26.65284974093264)	(4, 27.72020725388601)	(5, 28.911917098445596)	(6, 29.11917098445596)	(7, 29.507772020725387)	(8, 29.367875647668395)	(9, 29.53886010362694)	(10, 29.25193680656236)	(1000, 29.34379189527566)	(2000, 29.96329813906167)	(3000, 29.678728545778576)	(4000, 29.336970211212208)	(5000, 29.661652477512057)	(6000, 30.10881482735329)	(7000, 29.61556984126984)	(8000, 29.31530492424241)	(9000, 30.366817505819245)	(10000, 30.580090484330462)	(11000, 30.100240000000028)	(12000, 29.027053405797076)	(13000, 30.944414925654055)	(14000, 30.723206892230557)	(15000, 29.772000000000023)	(16000, 29.32859423374613)	(17000, 30.2044375)	(18000, 29.641875)	(19000, 29.17762916666671)	(20000, 29.468157142857155)	(21000, 30.34300000000002)	(22000, 29.46138461538459)	(23000, 29.206961538461538)	(24000, 30.025583333333334)	(25000, 29.744524242424262)	(26000, 28.5905972222222)	(27000, 29.082125)	(28000, 29.32980357142858)	(29000, 28.98157142857144)	(30000, 29.61442857142857)	(31000, 28.84257142857145)	(32000, 28.698857142857157)	(33000, 29.173738095238114)	(34000, 29.102666666666654)	(35000, 27.010333333333328)	(36000, 27.46199999999997)	(37000, 28.69766666666667)	(38000, 27.668833333333325)	(39000, 28.09406666666672)	(40000, 28.1684)	(41000, 28.188600000000008)	(42000, 27.365916666666614)	(43000, 28.983666666666668)	(44000, 24.785306704707562)																				
FAY99780_pass_barcode08_98e12ebb_5ad7f319_46	(1, 25.503184713375795)	(2, 25.0)	(3, 27.955414012738853)	(4, 28.1656050955414)	(5, 28.88535031847134)	(6, 29.484076433121018)	(7, 30.11464968152866)	(8, 31.006369426751593)	(9, 30.67515923566879)	(10, 29.469234326097475)	(1000, 30.180446819871438)	(2000, 30.22695268853731)	(3000, 29.92245081052541)	(4000, 29.87794142381247)	(5000, 29.377087058362857)	(6000, 29.3568041871921)	(7000, 28.820835978835948)	(8000, 29.076417378917352)	(9000, 29.364909764872817)	(10000, 29.656227272727282)	(11000, 29.575775142401437)	(12000, 30.81694736842102)	(13000, 30.4668245614035)	(14000, 30.000376225490196)	(15000, 28.598672619047623)	(16000, 29.485939560439565)	(17000, 30.45692307692306)	(18000, 30.883461538461553)	(19000, 30.842820512820477)	(20000, 30.214287878787868)	(21000, 29.390072727272774)	(22000, 28.287200000000006)	(23000, 28.962855555555585)	(24000, 28.32666666666665)	(25000, 28.178222222222217)	(26000, 28.17949999999999)	(27000, 25.77933333333336)	(28000, 27.218066666666683)	(29000, 30.63879999999999)	(30000, 29.053000000000004)	(31000, 28.91025)	(32000, 29.2255)	(33000, 29.248)	(34000, 31.607)	(35000, 33.483)	(36000, 29.869)	(37000, 30.086)	(38000, 31.0725)	(39000, 31.537)	(40000, 28.103)	(41000, 31.081)	(42000, 33.042)	(43000, 29.721)	(44000, 32.576)	(45000, 32.07651434643996)																			
FAY99780_pass_barcode08_98e12ebb_5ad7f319_47	(1, 24.474025974025974)	(2, 23.876623376623378)	(3, 25.837662337662337)	(4, 26.0)	(5, 26.57792207792208)	(6, 27.525974025974026)	(7, 28.967532467532468)	(8, 29.42207792207792)	(9, 29.064935064935064)	(10, 29.332281153495703)	(2000, 29.413166431072533)	(4000, 29.536114335809778)	(6000, 29.479589525909102)	(8000, 29.55886487058241)	(10000, 30.139733695652204)	(12000, 30.257246753246772)	(14000, 30.100523809523803)	(16000, 29.113119047619044)	(18000, 29.451402923976634)	(20000, 30.162642973856165)	(22000, 30.420337499999995)	(24000, 30.011678571428586)	(26000, 29.900725274725268)	(28000, 30.901971153846166)	(30000, 29.46621666666669)	(32000, 28.340916666666722)	(34000, 28.86932638888888)	(36000, 29.614928571428564)	(38000, 29.697000000000088)	(40000, 30.173976190476164)	(42000, 29.9495)	(44000, 29.38608333333333)	(46000, 29.79358333333334)	(48000, 29.471316666666652)	(50000, 29.068999999999946)	(52000, 29.07472500000001)	(54000, 30.24629166666668)	(56000, 27.813666666666634)	(58000, 27.90525)	(60000, 29.612)	(62000, 25.87825)	(64000, 26.718)	(66000, 33.6155)	(68000, 31.827)	(70000, 32.186)	(72000, 29.801184990125083)																												
FAY99780_pass_barcode08_98e12ebb_5ad7f319_48	(1, 25.49019607843137)	(2, 24.42156862745098)	(3, 26.92156862745098)	(4, 27.40686274509804)	(5, 27.686274509803923)	(6, 27.897058823529413)	(7, 28.813725490196077)	(8, 29.274509803921568)	(9, 29.745098039215687)	(10, 29.736888646731508)	(1000, 29.618905779605647)	(2000, 29.545827084646266)	(3000, 29.811069136463335)	(4000, 29.93293813953969)	(5000, 29.641066806229443)	(6000, 29.330223940400696)	(7000, 30.42706336660829)	(8000, 30.54302691851516)	(9000, 30.96233150408257)	(10000, 30.83454838709673)	(11000, 31.032475268817205)	(12000, 29.95014482758623)	(13000, 31.158635467980286)	(14000, 29.505519841269827)	(15000, 29.579808212560373)	(16000, 29.62774110671936)	(17000, 31.267489826839807)	(18000, 30.660394736842093)	(19000, 30.651551083591293)	(20000, 30.352470588235267)	(21000, 30.459999999999955)	(22000, 31.077745588235302)	(23000, 31.52640000000002)	(24000, 31.904195238095273)	(25000, 31.135390109890125)	(26000, 30.92123076923081)	(27000, 32.459538461538436)	(28000, 31.796987179487182)	(29000, 30.83371212121208)	(30000, 30.64245454545456)	(31000, 29.638158116883115)	(32000, 30.441561904761908)	(33000, 30.57185)	(34000, 29.938416666666676)	(35000, 32.565833333333345)	(36000, 30.567)	(37000, 28.8165)	(38000, 29.416)	(39000, 31.7935)	(40000, 31.0955)	(41000, 32.462)	(42000, 32.463)	(43000, 30.847)	(44000, 32.015)	(45000, 32.428)	(46000, 34.279)	(47000, 33.201)	(48000, 33.273)	(49000, 31.847)	(50000, 33.243)	(51000, 33.10538373424971)													
FAY99780_pass_barcode08_98e12ebb_5ad7f319_49	(1, 23.995)	(2, 23.78)	(3, 26.355)	(4, 26.64)	(5, 27.63)	(6, 27.865)	(7, 28.455)	(8, 29.23)	(9, 29.71)	(10, 29.85183948395083)	(2000, 30.180219085485557)	(4000, 30.510030112166113)	(6000, 30.49231549303718)	(8000, 30.408516623569227)	(10000, 30.434103174603177)	(12000, 30.317238098290602)	(14000, 29.805132446358)	(16000, 30.185619047619053)	(18000, 30.012689285714256)	(20000, 29.744232894736857)	(22000, 29.71823269263841)	(24000, 29.34753125)	(26000, 29.0640985119048)	(28000, 28.275035714285693)	(30000, 28.046057484182462)	(32000, 29.216781818181783)	(34000, 28.656499999999983)	(36000, 28.425294444444507)	(38000, 28.715201388888946)	(40000, 28.173654761904753)	(42000, 29.3256666666667)	(44000, 25.537433333333322)	(46000, 29.247425000000014)	(48000, 29.972999999999953)	(50000, 29.759833333333358)	(52000, 31.20925)	(54000, 31.995)	(56000, 19.809)	(58000, 15.4755)	(60000, 14.7325)	(62000, 14.773)	(64000, 13.735)	(66000, 15.959)	(68000, 15.185)	(70000, 16.3275)	(72000, 15.016)	(74000, 13.301)	(76000, 13.679)	(78000, 13.903)	(80000, 13.689)	(82000, 14.168)	(84000, 15.9325)	(86000, 14.587)	(88000, 13.911646586345382)																				
FAY99780_pass_barcode08_98e12ebb_5ad7f319_5	(1, 24.646706586826348)	(2, 24.08383233532934)	(3, 26.320359281437124)	(4, 26.85928143712575)	(5, 27.57185628742515)	(6, 27.580838323353294)	(7, 28.320359281437124)	(8, 28.377245508982035)	(9, 28.54491017964072)	(10, 29.03420622789111)	(2000, 29.689094973577024)	(4000, 30.40111092570363)	(6000, 30.650141263997583)	(8000, 31.11096085082149)	(10000, 30.805981405940244)	(12000, 30.459919407687167)	(14000, 29.959893716218158)	(16000, 29.940118760262713)	(18000, 29.5747858160358)	(20000, 30.112646217948786)	(22000, 29.44470108695651)	(24000, 29.85648583662715)	(26000, 30.676409064327487)	(28000, 29.627706699346433)	(30000, 30.2005625)	(32000, 30.084272916666677)	(34000, 30.670023809523837)	(36000, 30.181912545787547)	(38000, 26.728136363636388)	(40000, 28.14305757575757)	(42000, 29.653222222222215)	(44000, 28.550541666666643)	(46000, 27.521160714285696)	(48000, 27.03179761904763)	(50000, 27.249666666666656)	(52000, 26.57276666666666)	(54000, 25.4695)	(56000, 24.8934583333333)	(58000, 17.836166666666653)	(60000, 18.659333333333343)	(62000, 29.0865)	(64000, 22.8175)	(66000, 16.14125)	(68000, 14.15975)	(70000, 22.5215)	(72000, 21.683)	(74000, 24.778378378378378)																											
FAY99780_pass_barcode08_98e12ebb_5ad7f319_50	(1, 26.02)	(2, 26.055)	(3, 28.87)	(4, 28.85427135678392)	(5, 29.582914572864322)	(6, 29.55276381909548)	(7, 29.5678391959799)	(8, 30.14572864321608)	(9, 30.366834170854272)	(10, 30.048317224844265)	(1000, 30.28476553032037)	(2000, 30.00721185786175)	(3000, 30.137745202345407)	(4000, 30.582742815178037)	(5000, 30.484253823602636)	(6000, 30.336803864734303)	(7000, 29.332121457095866)	(8000, 29.884936353077823)	(9000, 29.707482209942725)	(10000, 29.940857893607905)	(11000, 30.221828571428578)	(12000, 29.690347058823562)	(13000, 30.34973357447818)	(14000, 29.989774193548385)	(15000, 29.8542021505376)	(16000, 30.53898193760264)	(17000, 30.61814916564914)	(18000, 28.93840923076922)	(19000, 29.241336666666665)	(20000, 28.58890908347946)	(21000, 29.744998968008236)	(22000, 29.733734523809506)	(23000, 29.59144597069593)	(24000, 28.430750000000025)	(25000, 29.69966515151514)	(26000, 29.09619999999999)	(27000, 29.64162222222225)	(28000, 29.675555555555523)	(29000, 29.95570833333335)	(30000, 29.960630952380946)	(31000, 28.484333333333343)	(32000, 28.850166666666667)	(33000, 29.46405)	(34000, 28.068666666666658)	(35000, 33.600833333333334)	(36000, 31.303)	(37000, 32.186)	(38000, 30.213)	(39000, 34.754)	(40000, 31.713)	(41000, 36.531)	(42000, 32.985)	(43000, 32.075)	(44000, 31.464524765729585)																				
FAY99780_pass_barcode08_98e12ebb_5ad7f319_51	(1, 25.678048780487806)	(2, 25.380487804878047)	(3, 27.278048780487804)	(4, 27.29268292682927)	(5, 28.121951219512194)	(6, 28.809756097560975)	(7, 29.44390243902439)	(8, 29.785365853658536)	(9, 29.93658536585366)	(10, 29.696506922898624)	(1000, 29.382483822717507)	(2000, 28.310805558002915)	(3000, 28.659991292164623)	(4000, 29.25489322072558)	(5000, 29.408995988120438)	(6000, 29.888908083176972)	(7000, 30.492765856950065)	(8000, 29.844524616721905)	(9000, 29.02896984126982)	(10000, 29.935188018843874)	(11000, 30.078333669354862)	(12000, 29.834397849462377)	(13000, 29.846876272577994)	(14000, 30.16845767195766)	(15000, 29.216141923076933)	(16000, 29.628583333333342)	(17000, 29.481250000000014)	(18000, 29.48083333333334)	(19000, 28.336217391304324)	(20000, 28.284731225296465)	(21000, 28.55642640692638)	(22000, 27.45227443609021)	(23000, 28.890736842105262)	(24000, 28.017052631578974)	(25000, 29.214614035087717)	(26000, 29.55738888888885)	(27000, 28.894245915032677)	(28000, 29.34936666666664)	(29000, 28.902357142857184)	(30000, 28.359788461538443)	(31000, 28.992666666666647)	(32000, 28.285084848484868)	(33000, 27.152805555555567)	(34000, 27.223125)	(35000, 26.79373214285713)	(36000, 28.87628571428569)	(37000, 27.954961904761866)	(38000, 26.81425)	(39000, 27.193333333333353)	(40000, 26.043666666666663)	(41000, 30.207500000000003)	(42000, 26.132)	(43000, 28.123)	(44000, 26.428)	(45000, 27.787)	(46000, 28.311)	(47000, 29.165)	(48000, 28.685)	(49000, 24.01904761904762)															
FAY99780_pass_barcode08_98e12ebb_5ad7f319_52	(1, 25.786363636363635)	(2, 25.490909090909092)	(3, 28.277272727272727)	(4, 28.654545454545456)	(5, 29.8)	(6, 30.118181818181817)	(7, 30.045454545454547)	(8, 30.618181818181817)	(9, 30.863636363636363)	(10, 29.715022933587214)	(1000, 29.32772556871308)	(2000, 29.449588900829394)	(3000, 29.128419866627024)	(4000, 29.51104177729802)	(5000, 29.32855187587626)	(6000, 29.73656058563389)	(7000, 30.30079687947561)	(8000, 29.90446174692646)	(9000, 29.25212007575757)	(10000, 30.078698357963848)	(11000, 29.98089285714287)	(12000, 29.000894088053663)	(13000, 29.40732831733484)	(14000, 29.36928684210521)	(15000, 29.721494152046773)	(16000, 30.183551062091503)	(17000, 30.441875)	(18000, 30.7343125)	(19000, 30.62484583333333)	(20000, 30.307666666666663)	(21000, 29.784133333333354)	(22000, 30.123733333333366)	(23000, 30.05120000000003)	(24000, 31.06126666666669)	(25000, 28.97976666666664)	(26000, 29.49535714285713)	(27000, 30.35557142857141)	(28000, 30.462670745920715)	(29000, 28.951109090909064)	(30000, 28.526299999999992)	(31000, 28.75684444444443)	(32000, 27.919111111111086)	(33000, 30.19077777777776)	(34000, 30.972339285714334)	(35000, 31.20985714285713)	(36000, 30.027738095238124)	(37000, 29.172266666666676)	(38000, 29.0545)	(39000, 29.99200000000001)	(40000, 30.548333333333343)	(41000, 29.276999999999987)	(42000, 31.000666666666685)	(43000, 29.686333333333344)	(44000, 28.029333333333348)	(45000, 28.40400000000002)	(46000, 29.587333333333348)	(47000, 29.0165)	(48000, 28.28)	(49000, 27.5485)	(50000, 29.2995)	(51000, 31.106)	(52000, 29.739)	(53000, 27.484)	(54000, 28.56)	(55000, 30.877)	(56000, 30.601)	(57000, 25.652)	(58000, 31.09727626459144)						
FAY99780_pass_barcode08_98e12ebb_5ad7f319_53	(1, 26.113861386138613)	(2, 25.45049504950495)	(3, 28.940594059405942)	(4, 29.54950495049505)	(5, 30.128712871287128)	(6, 30.16417910447761)	(7, 30.17412935323383)	(8, 30.069651741293534)	(9, 29.44776119402985)	(10, 29.75598638997747)	(1000, 30.430534858055005)	(2000, 30.22830665478279)	(3000, 29.95778778703233)	(4000, 29.385027284573397)	(5000, 29.798631179312338)	(6000, 29.901239024390243)	(7000, 29.664591535144154)	(8000, 29.748369824293334)	(9000, 29.385878787878777)	(10000, 29.51021212121213)	(11000, 29.47580168010743)	(12000, 29.51955402298849)	(13000, 29.120179802955672)	(14000, 29.392429076905387)	(15000, 29.533832109919043)	(16000, 29.673723809523757)	(17000, 29.72392631578947)	(18000, 29.34765269607842)	(19000, 29.630700732600733)	(20000, 29.85438461538467)	(21000, 27.32266666666665)	(22000, 27.89649999999999)	(23000, 30.074490909090866)	(24000, 29.082806349206297)	(25000, 27.288333333333313)	(26000, 27.905200000000026)	(27000, 27.117999999999956)	(28000, 26.728400000000004)	(29000, 26.75245)	(30000, 27.661999999999985)	(31000, 27.320333333333366)	(32000, 26.64249999999999)	(33000, 29.447976878612717)																															
FAY99780_pass_barcode08_98e12ebb_5ad7f319_54	(1, 25.11574074074074)	(2, 24.175925925925927)	(3, 26.708333333333332)	(4, 27.59722222222222)	(5, 28.074074074074073)	(6, 28.430555555555557)	(7, 28.421296296296298)	(8, 29.060185185185187)	(9, 29.787037037037038)	(10, 29.177148701342286)	(1000, 29.916179521711975)	(2000, 28.94761249402297)	(3000, 28.735993388497718)	(4000, 29.712016388690525)	(5000, 28.836463727216312)	(6000, 29.415707746683022)	(7000, 29.69651510338964)	(8000, 29.968538088929254)	(9000, 29.36353244745846)	(10000, 28.97134031198691)	(11000, 30.154225443630462)	(12000, 31.068188405797095)	(13000, 30.66372484521583)	(14000, 29.749497076023378)	(15000, 30.372499999999985)	(16000, 30.904225490196023)	(17000, 31.076617647058818)	(18000, 30.350970833333342)	(19000, 30.62928095238101)	(20000, 30.25196153846155)	(21000, 30.471461538461565)	(22000, 29.836730769230762)	(23000, 30.18508333333331)	(24000, 30.370916666666663)	(25000, 30.233833333333333)	(26000, 29.329166666666655)	(27000, 29.230750000000025)	(28000, 29.914666666666704)	(29000, 30.614098484848483)	(30000, 29.421636363636352)	(31000, 29.562242424242424)	(32000, 30.146333333333327)	(33000, 29.21722222222227)	(34000, 27.603999999999985)	(35000, 29.589222222222205)	(36000, 29.57786507936504)	(37000, 28.062183333333362)	(38000, 30.044666666666675)	(39000, 30.1555)	(40000, 30.4185)	(41000, 28.8965)	(42000, 31.062)	(43000, 30.589662447257385)																					
FAY99780_pass_barcode08_98e12ebb_5ad7f319_55	(1, 24.144278606965173)	(2, 23.44776119402985)	(3, 26.422885572139304)	(4, 26.71641791044776)	(5, 26.771144278606965)	(6, 27.27860696517413)	(7, 27.64676616915423)	(8, 28.34825870646766)	(9, 28.761194029850746)	(10, 28.989936332786453)	(1000, 29.353457745858268)	(2000, 29.859947498327777)	(3000, 30.17891392278185)	(4000, 29.673795730793387)	(5000, 29.980262622724045)	(6000, 29.76803143752977)	(7000, 29.64429139685477)	(8000, 29.77745652173911)	(9000, 29.189941673694136)	(10000, 29.469170731707287)	(11000, 29.238089352720475)	(12000, 28.976520516467918)	(13000, 29.32088397006633)	(14000, 30.068947525659823)	(15000, 30.790240640394117)	(16000, 30.04812047212048)	(17000, 30.534062051282085)	(18000, 30.7106775362319)	(19000, 30.14583414266887)	(20000, 29.53912368421053)	(21000, 30.625263157894736)	(22000, 30.597631578947375)	(23000, 30.161175438596548)	(24000, 31.097901960784323)	(25000, 30.93505882352942)	(26000, 31.57041299019609)	(27000, 30.22082014652015)	(28000, 31.769121794871776)	(29000, 29.34883333333332)	(30000, 30.950790909090912)	(31000, 31.189255555555558)	(32000, 30.80744444444443)	(33000, 31.248333333333317)	(34000, 30.185531746031735)	(35000, 28.46133333333334)	(36000, 28.23903333333332)	(37000, 25.324)	(38000, 26.838)	(39000, 27.2595)	(40000, 26.59716666666669)	(41000, 26.76433333333335)	(42000, 26.091666666666665)	(43000, 25.41466666666667)	(44000, 26.547333333333334)	(45000, 24.45100000000003)	(46000, 24.148333333333326)	(47000, 23.70500000000002)	(48000, 23.33733333333338)	(49000, 25.641166666666663)	(50000, 33.892)	(51000, 33.903)	(52000, 30.983)	(53000, 32.463)	(54000, 34.436144578313254)										
FAY99780_pass_barcode08_98e12ebb_5ad7f319_56	(1, 25.883870967741935)	(2, 25.258064516129032)	(3, 27.18064516129032)	(4, 28.38064516129032)	(5, 28.87741935483871)	(6, 29.058064516129033)	(7, 29.6)	(8, 29.70967741935484)	(9, 29.8)	(10, 29.37586624570898)	(2000, 29.76117503469414)	(4000, 30.193209570250776)	(6000, 30.078725892526784)	(8000, 29.750248545966194)	(10000, 29.603973270841664)	(12000, 30.056719047619005)	(14000, 30.21175778412169)	(16000, 29.623911201984516)	(18000, 30.18704923076926)	(20000, 29.402380000000015)	(22000, 29.48647000000008)	(24000, 29.265553442028956)	(26000, 29.19852964426881)	(28000, 28.349270562770577)	(30000, 28.288923997493757)	(32000, 26.97975950292396)	(34000, 24.39490624999999)	(36000, 26.334842490842437)	(38000, 27.28657692307691)	(40000, 26.135990384615408)	(42000, 25.38300000000003)	(44000, 25.50358560606067)	(46000, 24.204666666666693)	(48000, 25.59597916666666)	(50000, 24.518529761904745)	(52000, 22.85858333333329)	(54000, 23.85700000000003)	(56000, 24.843166666666658)	(58000, 23.83266666666668)	(60000, 21.07208333333333)	(62000, 20.05175)	(64000, 28.90825)	(66000, 31.743)	(68000, 30.4485)	(70000, 29.91)	(72000, 29.211)	(74000, 26.511)	(76000, 26.2015)	(78000, 21.443970117395946)																									
FAY99780_pass_barcode08_98e12ebb_5ad7f319_57	(1, 24.24418604651163)	(2, 23.593023255813954)	(3, 26.28488372093023)	(4, 26.377906976744185)	(5, 27.308139534883722)	(6, 27.726744186046513)	(7, 28.16860465116279)	(8, 28.709302325581394)	(9, 28.273255813953487)	(10, 29.267728687391305)	(1000, 30.315047187799607)	(2000, 30.203537816688964)	(3000, 29.90574069187421)	(4000, 29.809808454918215)	(5000, 29.97812481886142)	(6000, 28.87646569081074)	(7000, 29.198085343347575)	(8000, 29.39368851851854)	(9000, 28.928239999999988)	(10000, 29.0014747826087)	(11000, 28.896377470355713)	(12000, 29.021480025822132)	(13000, 28.345058823529396)	(14000, 28.988832598039192)	(15000, 28.159424175824185)	(16000, 28.763769230769245)	(17000, 29.11284615384617)	(18000, 27.398999999999976)	(19000, 28.791139743589756)	(20000, 27.716900000000013)	(21000, 28.556811111111088)	(22000, 27.5152222222222)	(23000, 28.14177777777779)	(24000, 28.139555555555575)	(25000, 27.61525)	(26000, 29.078124999999996)	(27000, 29.884285714285692)	(28000, 28.015000000000015)	(29000, 28.383857142857156)	(30000, 28.782142857142862)	(31000, 28.417016666666658)	(32000, 29.14508333333332)	(33000, 26.956000000000003)	(34000, 31.660666666666664)	(35000, 34.31)	(36000, 29.994)	(37000, 31.855345911949687)																											
FAY99780_pass_barcode08_98e12ebb_5ad7f319_58	(1, 24.114155251141554)	(2, 23.990867579908677)	(3, 26.534246575342465)	(4, 26.28310502283105)	(5, 27.073059360730593)	(6, 27.881278538812786)	(7, 28.328767123287673)	(8, 28.689497716894977)	(9, 28.995433789954337)	(10, 29.38033254165483)	(1000, 29.332947674476294)	(2000, 29.314208999468647)	(3000, 29.284276173988253)	(4000, 29.26589117169483)	(5000, 29.371924800265997)	(6000, 29.782161931298013)	(7000, 29.91810570456201)	(8000, 30.028201062341594)	(9000, 30.69245459933617)	(10000, 31.042027777777793)	(11000, 30.51709877344878)	(12000, 28.795676492820323)	(13000, 29.493586206896513)	(14000, 29.349744473916914)	(15000, 29.350433846153816)	(16000, 29.77779086956519)	(17000, 29.490595990965577)	(18000, 29.194995238095256)	(19000, 29.485499999999977)	(20000, 29.49385000000003)	(21000, 30.00078684210528)	(22000, 28.58705847953213)	(23000, 29.09322875816992)	(24000, 29.008033088235308)	(25000, 29.30691982600732)	(26000, 27.97296969696971)	(27000, 28.2472)	(28000, 26.113986111111114)	(29000, 28.099499999999995)	(30000, 30.030404761904748)	(31000, 29.530166666666677)	(32000, 30.018583333333307)	(33000, 29.32925)	(34000, 30.7065)	(35000, 28.897916666666674)	(36000, 31.081333333333323)	(37000, 30.07199999999997)	(38000, 27.960999999999995)	(39000, 24.697)	(40000, 26.932)	(41000, 23.733)	(42000, 29.80952380952381)																						
FAY99780_pass_barcode08_98e12ebb_5ad7f319_59	(1, 26.64327485380117)	(2, 26.35672514619883)	(3, 28.614035087719298)	(4, 29.608187134502923)	(5, 30.087719298245613)	(6, 30.795321637426902)	(7, 31.076023391812864)	(8, 30.707602339181285)	(9, 31.204678362573098)	(10, 29.052172530005993)	(1000, 29.309955624804516)	(2000, 29.355805589430286)	(3000, 29.490209144616127)	(4000, 30.190409395866514)	(5000, 30.2706059772645)	(6000, 29.830107501745417)	(7000, 30.26435833333331)	(8000, 29.93939332044595)	(9000, 29.969985714285706)	(10000, 29.92095824682514)	(11000, 30.14574086021509)	(12000, 30.105112643678158)	(13000, 29.678732758620704)	(14000, 29.259425925925942)	(15000, 29.730438034188055)	(16000, 28.829552536231876)	(17000, 28.716585450781103)	(18000, 29.52523809523808)	(19000, 30.017592857142837)	(20000, 30.384900000000005)	(21000, 30.68265000000002)	(22000, 30.709446796525633)	(23000, 31.566629761904817)	(24000, 31.423461538461538)	(25000, 31.37930769230768)	(26000, 29.760096153846135)	(27000, 31.142000000000042)	(28000, 31.30874999999999)	(29000, 30.98783333333332)	(30000, 31.093537878787885)	(31000, 30.519818181818152)	(32000, 31.770727272727253)	(33000, 31.89663636363637)	(34000, 32.2083181818182)	(35000, 32.320255555555555)	(36000, 32.45095833333334)	(37000, 32.234125)	(38000, 31.872839285714278)	(39000, 30.431142857142888)	(40000, 31.56438095238093)	(41000, 33.78083333333335)	(42000, 33.06033333333334)	(43000, 32.46816666666665)	(44000, 32.13371666666666)	(45000, 33.58975)	(46000, 32.247)	(47000, 32.95425)	(48000, 33.02125)	(49000, 32.59375)	(50000, 31.60125)	(51000, 29.86233333333333)	(52000, 30.861999999999988)	(53000, 30.3185)	(54000, 34.628)	(55000, 36.743169398907106)									
FAY99780_pass_barcode08_98e12ebb_5ad7f319_6	(1, 24.94224924012158)	(2, 24.39329268292683)	(3, 27.554878048780488)	(4, 28.213414634146343)	(5, 28.88109756097561)	(6, 29.557926829268293)	(7, 30.0609756097561)	(8, 30.259146341463413)	(9, 30.64329268292683)	(10, 29.485510830378864)	(1000, 28.627332800675067)	(2000, 28.51353457085791)	(3000, 29.42446120331686)	(4000, 28.972905082203393)	(5000, 28.47633006089576)	(6000, 28.506551379604236)	(7000, 27.928580680416008)	(8000, 28.50076643510055)	(9000, 28.255869671558386)	(10000, 28.33817144140242)	(11000, 28.856932855380837)	(12000, 28.128488110216512)	(13000, 28.990884615384648)	(14000, 29.067737225079345)	(15000, 29.143913534963527)	(16000, 28.449354621848762)	(17000, 28.26172708584898)	(18000, 28.132681720430107)	(19000, 27.945041379310325)	(20000, 28.861457812302678)	(21000, 28.425975384615363)	(22000, 28.87572)	(23000, 29.135241086956544)	(24000, 30.076424901185778)	(25000, 30.022208658008687)	(26000, 29.63434736842105)	(27000, 29.059736842105274)	(28000, 29.00639907980737)	(29000, 29.57076785714288)	(30000, 30.058428571428525)	(31000, 28.862428571428573)	(32000, 29.715576923076917)	(33000, 28.850660256410276)	(34000, 28.269333333333314)	(35000, 28.39716666666669)	(36000, 29.592499999999994)	(37000, 29.40891666666666)	(38000, 28.929166666666628)	(39000, 27.552333333333394)	(40000, 29.939166666666633)	(41000, 28.653030303030313)	(42000, 28.23818181818179)	(43000, 27.93892727272728)	(44000, 28.263477777777776)	(45000, 27.735333333333315)	(46000, 27.94584722222225)	(47000, 27.038178571428585)	(48000, 27.022285714285704)	(49000, 27.488714285714305)	(50000, 27.17096666666667)	(51000, 25.904949999999985)	(52000, 27.42125)	(53000, 25.338250000000002)	(54000, 31.697)	(55000, 33.657)	(56000, 29.312629399585923)								
FAY99780_pass_barcode08_98e12ebb_5ad7f319_60	(1, 24.036649214659686)	(2, 23.513089005235603)	(3, 26.94764397905759)	(4, 26.664921465968586)	(5, 27.727748691099478)	(6, 28.717277486910994)	(7, 29.12041884816754)	(8, 29.392670157068064)	(9, 29.544502617801047)	(10, 29.234213473661566)	(1000, 29.082652723258352)	(2000, 28.886907430840882)	(3000, 29.76142489531618)	(4000, 29.386769386193812)	(5000, 28.777389318109908)	(6000, 29.249825287356323)	(7000, 29.262374949124908)	(8000, 28.793325769230766)	(9000, 29.10558333333333)	(10000, 27.258645545847465)	(11000, 28.744339460784293)	(12000, 28.39575)	(13000, 28.113408333333336)	(14000, 29.957239010989007)	(15000, 29.93503787878787)	(16000, 28.28885454545456)	(17000, 25.840111111111113)	(18000, 28.594124999999984)	(19000, 28.297375)	(20000, 26.970625)	(21000, 29.960803571428574)	(22000, 29.764166666666643)	(23000, 30.850500000000018)	(24000, 29.70349999999996)	(25000, 28.541833333333322)	(26000, 29.95183333333329)	(27000, 29.908833333333313)	(28000, 28.08083333333333)	(29000, 27.176833333333356)	(30000, 29.764499999999945)	(31000, 29.863699999999994)	(32000, 29.3481)	(33000, 29.0845)	(34000, 28.37375)	(35000, 27.90775)	(36000, 25.667083333333355)	(37000, 24.802999999999994)	(38000, 24.598999999999993)	(39000, 20.74133333333333)	(40000, 25.38583333333333)	(41000, 29.8195)	(42000, 26.5695)	(43000, 25.939)	(44000, 26.993)	(45000, 14.565)	(46000, 1.6147186147186148)																		
FAY99780_pass_barcode08_98e12ebb_5ad7f319_61	(1, 25.615384615384617)	(2, 24.928994082840237)	(3, 26.485207100591715)	(4, 26.473372781065088)	(5, 26.911242603550296)	(6, 27.19526627218935)	(7, 28.159763313609467)	(8, 28.952662721893493)	(9, 29.11242603550296)	(10, 29.110217106944482)	(1000, 29.19640528903138)	(2000, 29.254506923209902)	(3000, 29.518687993405212)	(4000, 29.90582752914746)	(5000, 29.94365666883536)	(6000, 29.986671016079782)	(7000, 29.85907635643159)	(8000, 30.27722630825057)	(9000, 29.573627231977312)	(10000, 30.0458956043956)	(11000, 29.880441923076916)	(12000, 29.32232267080742)	(13000, 29.40094999999998)	(14000, 29.875152631578942)	(15000, 29.899243206054344)	(16000, 30.358764705882418)	(17000, 29.48805063025209)	(18000, 28.528478021977975)	(19000, 30.749461538461535)	(20000, 30.645307692307675)	(21000, 31.347243589743613)	(22000, 30.9230833333333)	(23000, 31.329833333333344)	(24000, 30.73820454545455)	(25000, 31.147272727272732)	(26000, 31.168909090909068)	(27000, 30.924018181818205)	(28000, 30.713188888888908)	(29000, 28.035125000000004)	(30000, 30.378)	(31000, 30.11957142857143)	(32000, 30.384714285714324)	(33000, 29.974166666666637)	(34000, 30.627166666666678)	(35000, 28.43196666666662)	(36000, 29.0956)	(37000, 29.79429999999999)	(38000, 29.78308333333335)	(39000, 26.214666666666655)	(40000, 31.037666666666677)	(41000, 26.275)	(42000, 23.007)	(43000, 22.591)	(44000, 25.046439628482972)																				
FAY99780_pass_barcode08_98e12ebb_5ad7f319_62	(1, 27.227272727272727)	(2, 26.550505050505052)	(3, 28.373737373737374)	(4, 28.51010101010101)	(5, 29.272727272727273)	(6, 28.92929292929293)	(7, 29.252525252525253)	(8, 28.883838383838384)	(9, 29.17676767676768)	(10, 29.001068260620283)	(2000, 28.5680562323979)	(4000, 28.551686095035976)	(6000, 28.95909460648076)	(8000, 28.772740862823817)	(10000, 29.181411208566193)	(12000, 28.520779487179553)	(14000, 28.942718459350036)	(16000, 28.740431495571173)	(18000, 28.334979060671312)	(20000, 28.30125097374844)	(22000, 28.00319976943354)	(24000, 27.385141774891753)	(26000, 27.106613596491208)	(28000, 26.439205452356415)	(30000, 25.581441176470637)	(32000, 26.26661041666662)	(34000, 26.615533333333367)	(36000, 27.089888095238074)	(38000, 26.162662087912082)	(40000, 26.95752884615385)	(42000, 26.992655303030293)	(44000, 26.687812626262627)	(46000, 25.20718650793652)	(48000, 25.007166666666684)	(50000, 24.45585)	(52000, 23.730375)	(54000, 23.219125)	(56000, 22.77175)	(58000, 17.045083333333327)	(60000, 19.219666666666672)	(62000, 15.73725)	(64000, 11.4995)	(66000, 12.106)	(68000, 13.285)	(70000, 13.255)	(72000, 12.733)	(74000, 13.932881355932203)																											
FAY99780_pass_barcode08_98e12ebb_5ad7f319_63	(1, 24.79194630872483)	(2, 24.322147651006713)	(3, 27.879194630872483)	(4, 27.85234899328859)	(5, 28.375838926174495)	(6, 28.76510067114094)	(7, 28.536912751677853)	(8, 29.187919463087248)	(9, 29.013422818791945)	(10, 29.32325486529093)	(1000, 28.992107385760935)	(2000, 28.357630967398467)	(3000, 28.920600349205483)	(4000, 27.831474075501543)	(5000, 28.29507055317278)	(6000, 29.63499887873041)	(7000, 29.183258064516163)	(8000, 28.953318340484152)	(9000, 28.817526153846117)	(10000, 29.244006666666667)	(11000, 29.692848155467697)	(12000, 28.69995454545456)	(13000, 28.472954545454566)	(14000, 28.96610173160174)	(15000, 28.702145238095206)	(16000, 29.654184210526356)	(17000, 28.85543274853801)	(18000, 28.1630751633987)	(19000, 28.29084761904758)	(20000, 27.685219780219757)	(21000, 28.337615384615376)	(22000, 28.307435897435905)	(23000, 27.846250000000005)	(24000, 28.61058333333336)	(25000, 28.04389999999999)	(26000, 29.633541666666655)	(27000, 30.15885714285715)	(28000, 29.93000000000007)	(29000, 30.08489999999999)	(30000, 31.448200000000025)	(31000, 29.84701666666666)	(32000, 23.738)	(33000, 30.07)	(34000, 30.6455)	(35000, 27.999)	(36000, 28.807)	(37000, 29.761)	(38000, 25.725)	(39000, 32.547)	(40000, 27.569)	(41000, 29.213)	(42000, 23.992)	(43000, 21.066)	(44000, 23.002)	(45000, 19.374)	(46000, 30.086)	(47000, 26.04)	(48000, 32.419)	(49000, 30.612573099415204)															
FAY99780_pass_barcode08_98e12ebb_5ad7f319_64	(1, 24.783783783783782)	(2, 23.66891891891892)	(3, 25.56081081081081)	(4, 26.094594594594593)	(5, 27.31756756756757)	(6, 27.31081081081081)	(7, 27.89864864864865)	(8, 28.22972972972973)	(9, 27.7972972972973)	(10, 28.82500895163561)	(1000, 29.378648941180465)	(2000, 28.762631674198317)	(3000, 29.34643111556013)	(4000, 29.394655688809685)	(5000, 29.74112697283755)	(6000, 29.221096256684504)	(7000, 29.68879134160013)	(8000, 29.318984446268928)	(9000, 28.28216450142451)	(10000, 28.09292833333334)	(11000, 29.132684029738396)	(12000, 28.664762248759192)	(13000, 29.67055539215686)	(14000, 28.75379999999999)	(15000, 27.581271428571455)	(16000, 28.442456043956007)	(17000, 29.12281643356642)	(18000, 27.82161706349205)	(19000, 28.358000000000004)	(20000, 29.985333333333347)	(21000, 30.199400000000008)	(22000, 29.498000000000044)	(23000, 28.27299999999997)	(24000, 29.000799999999987)	(25000, 26.99919999999998)	(26000, 28.96459999999996)	(27000, 29.18125)	(28000, 29.66675)	(29000, 29.4785)	(30000, 29.6875)	(31000, 30.42125)	(32000, 29.373)	(33000, 28.31675)	(34000, 28.18691666666667)	(35000, 26.611)	(36000, 27.3045)	(37000, 30.4655)	(38000, 28.746)	(39000, 26.1835)	(40000, 26.5615)	(41000, 28.5805)	(42000, 27.2355)	(43000, 29.055)	(44000, 27.942)	(45000, 26.697)	(46000, 27.212)	(47000, 29.071)	(48000, 24.641)	(49000, 25.432806324110672)															
FAY99780_pass_barcode08_98e12ebb_5ad7f319_65	(1, 24.76158940397351)	(2, 24.56291390728477)	(3, 27.781456953642383)	(4, 28.357615894039736)	(5, 30.0)	(6, 29.90066225165563)	(7, 29.09271523178808)	(8, 29.132450331125828)	(9, 28.649006622516556)	(10, 29.295949118996834)	(1000, 29.45067354711852)	(2000, 29.936891561576036)	(3000, 29.366586605161135)	(4000, 29.17984027936102)	(5000, 28.512220291194875)	(6000, 29.63667046838486)	(7000, 29.81598180967499)	(8000, 28.68377216748769)	(9000, 29.389518823768846)	(10000, 29.71213461538461)	(11000, 29.819869565217424)	(12000, 29.962254564276275)	(13000, 28.791047619047607)	(14000, 29.611047619047646)	(15000, 29.205142857142828)	(16000, 28.99033333333333)	(17000, 28.612585338345895)	(18000, 29.422421052631606)	(19000, 29.746713450292372)	(20000, 29.173172385620912)	(21000, 27.668654166666666)	(22000, 26.849800000000002)	(23000, 26.798015384615365)	(24000, 27.13699999999995)	(25000, 26.604083333333346)	(26000, 27.082999999999988)	(27000, 27.840090909090907)	(28000, 28.144509090909086)	(29000, 26.536163888888904)	(30000, 26.135232142857138)	(31000, 25.551142857142835)	(32000, 24.409142857142793)	(33000, 28.06257142857146)	(34000, 29.130714285714266)	(35000, 29.003571428571462)	(36000, 27.045)	(37000, 28.448285714285724)	(38000, 27.694857142857135)	(39000, 27.955995238095223)	(40000, 29.8669)	(41000, 30.093)	(42000, 29.579749999999997)	(43000, 28.0115)	(44000, 27.131)	(45000, 29.7385)	(46000, 28.505)	(47000, 31.099)	(48000, 28.4925)	(49000, 29.204)	(50000, 29.0485)	(51000, 31.0905)	(52000, 28.4075)	(53000, 30.334)	(54000, 29.19)	(55000, 26.8085)	(56000, 29.9465)	(57000, 28.658)	(58000, 29.919)	(59000, 31.775)	(60000, 27.0035)	(61000, 27.95278450363196)			
FAY99780_pass_barcode08_98e12ebb_5ad7f319_66	(1, 26.436363636363637)	(2, 25.62727272727273)	(3, 28.036363636363635)	(4, 28.663636363636364)	(5, 29.0)	(6, 29.6)	(7, 29.318181818181817)	(8, 29.89090909090909)	(9, 29.927272727272726)	(10, 29.444927513278316)	(1000, 30.36504802301818)	(2000, 30.441075873228197)	(3000, 30.471474388504156)	(4000, 30.182363016925603)	(5000, 31.190380632411067)	(6000, 31.286821052631584)	(7000, 31.036146714826245)	(8000, 31.880647058823524)	(9000, 31.83988235294118)	(10000, 30.987993966817466)	(11000, 31.15647727272728)	(12000, 31.891627272727302)	(13000, 32.49150000000003)	(14000, 31.715277777777832)	(15000, 32.069402777777775)	(16000, 32.20683928571429)	(17000, 31.92257142857141)	(18000, 31.749714285714273)	(19000, 32.76871428571428)	(20000, 32.64619047619045)	(21000, 32.755000000000024)	(22000, 32.76400000000001)	(23000, 31.897500000000022)	(24000, 32.53800000000003)	(25000, 32.32239999999999)	(26000, 30.5571)	(27000, 31.3025)	(28000, 33.52575)	(29000, 31.73725)	(30000, 32.9965)	(31000, 32.335)	(32000, 31.45525)	(33000, 32.1525)	(34000, 31.90825)	(35000, 29.709916666666686)	(36000, 31.946)	(37000, 30.6115)	(38000, 33.9865)	(39000, 31.989)	(40000, 31.151)	(41000, 32.776)	(42000, 33.516523867809056)																						
FAY99780_pass_barcode08_98e12ebb_5ad7f319_67	(1, 23.838709677419356)	(2, 23.365591397849464)	(3, 25.586021505376344)	(4, 25.50537634408602)	(5, 26.747311827956988)	(6, 27.35483870967742)	(7, 27.887096774193548)	(8, 28.634408602150536)	(9, 28.607526881720432)	(10, 28.720198279607633)	(1000, 29.382082854977547)	(2000, 29.066094553522113)	(3000, 29.603524339328263)	(4000, 29.087587978879068)	(5000, 29.201982836272734)	(6000, 30.5982105853118)	(7000, 30.44621191369607)	(8000, 30.122341448736176)	(9000, 29.942135396320644)	(10000, 28.818870564875496)	(11000, 29.448566666666633)	(12000, 28.913943678160926)	(13000, 29.347758620689646)	(14000, 29.182606139390636)	(15000, 27.247475441595434)	(16000, 27.431874703557323)	(17000, 27.637432251082238)	(18000, 29.807350000000046)	(19000, 29.932549999999992)	(20000, 30.225684193326423)	(21000, 29.29158823529412)	(22000, 30.157764705882386)	(23000, 29.948734348739492)	(24000, 28.4320714285714)	(25000, 29.446357142857153)	(26000, 29.92035714285714)	(27000, 29.90950000000003)	(28000, 29.57374725274723)	(29000, 30.8152348484848)	(30000, 31.446804040404)	(31000, 30.410603174603185)	(32000, 30.350095238095243)	(33000, 32.246966666666665)	(34000, 28.844600000000018)	(35000, 31.13859999999999)	(36000, 29.056649999999998)	(37000, 27.83825)	(38000, 25.6005)	(39000, 31.669666666666668)	(40000, 28.303)	(41000, 33.55844155844156)																							
FAY99780_pass_barcode08_98e12ebb_5ad7f319_68	(1, 25.661016949152543)	(2, 25.09039548022599)	(3, 27.71186440677966)	(4, 28.192090395480225)	(5, 29.44632768361582)	(6, 29.593220338983052)	(7, 29.429378531073446)	(8, 29.677966101694917)	(9, 29.293785310734464)	(10, 29.42639695520998)	(2000, 28.955682924396655)	(4000, 28.740158518518147)	(6000, 29.0097252684142)	(8000, 28.531150134952775)	(10000, 28.30104183587614)	(12000, 28.592678886528958)	(14000, 27.611768279569873)	(16000, 26.60760186834238)	(18000, 25.651516038816236)	(20000, 26.83402683982689)	(22000, 28.95485657894731)	(24000, 28.031963020295844)	(26000, 27.779889863445387)	(28000, 28.72314285714285)	(30000, 27.461107142857106)	(32000, 28.569381526806527)	(34000, 28.21490000000004)	(36000, 28.288400000000003)	(38000, 27.735000000000003)	(40000, 28.205950000000016)	(42000, 29.291599999999985)	(44000, 27.925100000000036)	(46000, 28.154250000000015)	(48000, 29.040188888888892)	(50000, 30.407347222222178)	(52000, 28.448145238095258)	(54000, 29.292599999999986)	(56000, 28.691100000000045)	(58000, 28.857900000000015)	(60000, 29.279725000000024)	(62000, 28.12408333333333)	(64000, 29.534)	(66000, 27.6375)	(68000, 28.053164556962024)																														
FAY99780_pass_barcode08_98e12ebb_5ad7f319_69	(1, 24.542168674698797)	(2, 24.096385542168676)	(3, 26.837349397590362)	(4, 27.096385542168676)	(5, 27.92168674698795)	(6, 28.5)	(7, 29.481927710843372)	(8, 29.93975903614458)	(9, 30.180722891566266)	(10, 28.733881020491406)	(1000, 28.81881807008721)	(2000, 28.510087751801684)	(3000, 28.259575067806082)	(4000, 28.441637708473575)	(5000, 28.122654133244186)	(6000, 28.491397835558022)	(7000, 28.411860659200322)	(8000, 29.66948137681156)	(9000, 29.246375494071145)	(10000, 28.773500000000016)	(11000, 28.080254007567945)	(12000, 29.28584191176471)	(13000, 28.436816071428584)	(14000, 28.860641941391922)	(15000, 29.953128787878782)	(16000, 29.29267777777777)	(17000, 29.279333333333334)	(18000, 28.138875)	(19000, 27.4225)	(20000, 27.319375)	(21000, 27.841946428571408)	(22000, 29.0782857142857)	(23000, 28.813142857142843)	(24000, 28.41728571428571)	(25000, 28.114428571428554)	(26000, 28.746285714285715)	(27000, 27.413571428571416)	(28000, 27.42097619047619)	(29000, 28.06800000000001)	(30000, 29.344166666666656)	(31000, 27.00755000000001)	(32000, 21.03583333333336)	(33000, 22.337)	(34000, 24.6725)	(35000, 21.3725)	(36000, 20.176)	(37000, 22.643)	(38000, 22.0435)	(39000, 24.458)	(40000, 24.121)	(41000, 23.186)	(42000, 21.4)	(43000, 19.117)	(44000, 18.329)	(45000, 18.74)	(46000, 16.292)	(47000, 14.859)	(48000, 16.318)	(49000, 18.411)	(50000, 19.321)	(51000, 14.969)	(52000, 18.832)	(53000, 21.41)											
FAY99780_pass_barcode08_98e12ebb_5ad7f319_7	(1, 24.763698630136986)	(2, 24.208904109589042)	(3, 27.113013698630137)	(4, 27.753424657534246)	(5, 28.595890410958905)	(6, 28.70205479452055)	(7, 28.763698630136986)	(8, 29.674657534246574)	(9, 29.705479452054796)	(10, 29.13366995337765)	(2000, 28.37561174159542)	(4000, 28.807325964125678)	(6000, 29.27815145813102)	(8000, 29.04949672555731)	(10000, 29.23296769634898)	(12000, 29.12486909564012)	(14000, 29.0871596728307)	(16000, 28.43574158995101)	(18000, 28.46331698845276)	(20000, 28.237180301180324)	(22000, 28.724396153846136)	(24000, 29.28797270609822)	(26000, 29.265810651628996)	(28000, 28.62482748538013)	(30000, 28.69573366013077)	(32000, 28.412548039215693)	(34000, 27.437843681318697)	(36000, 26.890375000000002)	(38000, 26.028344444444425)	(40000, 24.847444444444445)	(42000, 25.432042658730225)	(44000, 24.25807142857141)	(46000, 21.13225000000004)	(48000, 19.808074999999988)	(50000, 18.79725)	(52000, 17.830375)	(54000, 17.597625)	(56000, 18.94795833333331)	(58000, 18.277166666666602)	(60000, 18.969999999999985)	(62000, 21.4425)	(64000, 17.54794163626889)																																
FAY99780_pass_barcode08_98e12ebb_5ad7f319_70	(1, 23.4585635359116)	(2, 23.011049723756905)	(3, 25.524861878453038)	(4, 25.718232044198896)	(5, 27.016574585635357)	(6, 27.701657458563535)	(7, 28.34254143646409)	(8, 29.331491712707184)	(9, 29.640883977900554)	(10, 28.38999655399113)	(1000, 28.65362286966199)	(2000, 29.291622090058322)	(3000, 29.161419128708996)	(4000, 29.875567134525003)	(5000, 29.42313321768102)	(6000, 29.02678077956988)	(7000, 29.439319868637142)	(8000, 29.40178571428572)	(9000, 29.460751322751346)	(10000, 30.512091168091168)	(11000, 30.856349459308824)	(12000, 30.201363636363663)	(13000, 29.583727272727263)	(14000, 29.9385800865801)	(15000, 30.458407142857112)	(16000, 29.899099999999994)	(17000, 29.25786255589952)	(18000, 28.45993382352941)	(19000, 27.2325625)	(20000, 27.895406547619036)	(21000, 25.8760659340659)	(22000, 27.5233076923077)	(23000, 26.478352564102543)	(24000, 26.29831515151518)	(25000, 26.16480000000002)	(26000, 25.6056)	(27000, 28.519866666666672)	(28000, 29.908888888888917)	(29000, 29.430041666666668)	(30000, 29.266875)	(31000, 31.28865476190478)	(32000, 30.60333333333333)	(33000, 27.82816666666669)	(34000, 29.11850000000002)	(35000, 27.644333333333353)	(36000, 29.243166666666706)	(37000, 28.315666666666647)	(38000, 30.12116666666663)	(39000, 28.332466666666686)	(40000, 31.26915)	(41000, 31.3115)	(42000, 30.50775)	(43000, 32.3425)	(44000, 31.01475)	(45000, 30.6775)	(46000, 32.15983333333333)	(47000, 31.738333333333344)	(48000, 30.183833333333332)	(49000, 29.5565)	(50000, 26.674)	(51000, 28.434)	(52000, 31.061598951507207)												
FAY99780_pass_barcode08_98e12ebb_5ad7f319_71	(1, 25.1890243902439)	(2, 24.926829268292682)	(3, 28.054878048780488)	(4, 28.152439024390244)	(5, 28.51829268292683)	(6, 28.475609756097562)	(7, 28.591463414634145)	(8, 29.451219512195124)	(9, 29.829268292682926)	(10, 28.905150650859667)	(1000, 28.75655748312817)	(2000, 28.859980873757795)	(3000, 29.696501128581296)	(4000, 29.41383863455198)	(5000, 29.44891599821749)	(6000, 28.845850429048145)	(7000, 29.145234940984945)	(8000, 29.335011700111473)	(9000, 28.450915019762824)	(10000, 27.699662337662325)	(11000, 28.099666666666675)	(12000, 28.042545238095226)	(13000, 28.975741812865536)	(14000, 29.509444444444455)	(15000, 28.8772618464052)	(16000, 28.848)	(17000, 29.24694999999998)	(18000, 29.17911428571428)	(19000, 29.890693223443257)	(20000, 30.77483333333335)	(21000, 29.832416666666663)	(22000, 29.940083333333334)	(23000, 29.130416666666665)	(24000, 28.126159090909074)	(25000, 28.018909090909055)	(26000, 28.69830000000003)	(27000, 28.450500000000037)	(28000, 27.348922222222203)	(29000, 27.909777777777776)	(30000, 27.05016666666667)	(31000, 30.18825)	(32000, 29.833875)	(33000, 29.404999999999934)	(34000, 28.268942857142846)	(35000, 28.588600000000014)	(36000, 30.04839999999999)	(37000, 29.536116666666686)	(38000, 30.311)	(39000, 30.33)	(40000, 22.381)	(41000, 14.2015)	(42000, 1.9865470852017937)																						
FAY99780_pass_barcode08_98e12ebb_5ad7f319_72	(1, 25.73248407643312)	(2, 25.337579617834393)	(3, 26.853503184713375)	(4, 27.477707006369428)	(5, 28.605095541401273)	(6, 28.719745222929937)	(7, 28.598726114649683)	(8, 29.006369426751593)	(9, 28.8343949044586)	(10, 28.879155097887605)	(1000, 29.028339591533186)	(2000, 29.16648703456896)	(3000, 29.254143862816317)	(4000, 30.02242424887771)	(5000, 29.507597062649687)	(6000, 29.034076005223707)	(7000, 29.655054248559097)	(8000, 29.204503567447045)	(9000, 30.450739130434858)	(10000, 30.833591624317684)	(11000, 29.95809511953907)	(12000, 29.38920000000002)	(13000, 29.344800000000003)	(14000, 29.458585714285665)	(15000, 29.266670329670326)	(16000, 30.085538461538462)	(17000, 29.426230769230788)	(18000, 28.696384615384638)	(19000, 29.05844230769227)	(20000, 30.272083333333317)	(21000, 30.453750000000017)	(22000, 30.74483333333335)	(23000, 30.71816666666668)	(24000, 30.105000000000015)	(25000, 31.077666666666687)	(26000, 30.43383333333335)	(27000, 30.25967424242423)	(28000, 30.342672222222244)	(29000, 31.452320238095226)	(30000, 29.63059999999997)	(31000, 31.457800000000017)	(32000, 28.628249999999998)	(33000, 26.23175)	(34000, 26.87975)	(35000, 30.496833333333296)	(36000, 31.959000000000007)	(37000, 32.078666666666685)	(38000, 33.686)	(39000, 31.384)	(40000, 31.8135)	(41000, 30.0455)	(42000, 30.8915)	(43000, 32.9715)	(44000, 28.754)	(45000, 30.917)	(46000, 28.789408866995075)																		
FAY99780_pass_barcode08_98e12ebb_5ad7f319_73	(1, 24.23076923076923)	(2, 24.06153846153846)	(3, 27.776923076923076)	(4, 28.53846153846154)	(5, 28.869230769230768)	(6, 28.8)	(7, 29.076923076923077)	(8, 29.56923076923077)	(9, 29.715384615384615)	(10, 28.868742744846166)	(1000, 28.992420327489352)	(2000, 30.75552974588902)	(3000, 30.020467265219352)	(4000, 29.833458620689616)	(5000, 30.82277208328069)	(6000, 30.955844018952117)	(7000, 30.287216807829864)	(8000, 29.8326684210526)	(9000, 31.208764705882363)	(10000, 30.07171600140057)	(11000, 29.96067032967029)	(12000, 30.03484615384616)	(13000, 30.12305769230766)	(14000, 30.678575757575743)	(15000, 30.457799999999967)	(16000, 29.759077777777797)	(17000, 29.217053571428572)	(18000, 30.49142857142854)	(19000, 31.07942857142862)	(20000, 30.48957142857142)	(21000, 31.415571428571447)	(22000, 32.02378571428572)	(23000, 30.830666666666684)	(24000, 31.90616666666667)	(25000, 30.960333333333306)	(26000, 32.07500000000004)	(27000, 31.359666666666655)	(28000, 27.98723333333331)	(29000, 28.39219999999999)	(30000, 24.91775000000001)	(31000, 26.3365)	(32000, 27.03025)	(33000, 24.734)	(34000, 25.24008333333335)	(35000, 24.961999999999986)	(36000, 25.08133333333332)	(37000, 24.238000000000024)	(38000, 25.39966666666667)	(39000, 23.805333333333337)	(40000, 29.01)	(41000, 27.386237513873475)																							
FAY99780_pass_barcode08_98e12ebb_5ad7f319_74	(1, 24.5609756097561)	(2, 23.691056910569106)	(3, 26.08130081300813)	(4, 26.13821138211382)	(5, 27.333333333333332)	(6, 27.170731707317074)	(7, 28.235772357723576)	(8, 29.056910569105693)	(9, 28.943089430894307)	(10, 28.866399862529157)	(1000, 28.906300604248358)	(2000, 29.432490860696614)	(3000, 29.304974485332686)	(4000, 29.141459906951308)	(5000, 29.6438944159544)	(6000, 30.568145710040636)	(7000, 30.205716911764707)	(8000, 31.1950625)	(9000, 29.768769734432226)	(10000, 29.774000000000008)	(11000, 29.84341666666665)	(12000, 29.535333333333302)	(13000, 29.18433333333338)	(14000, 28.83880303030307)	(15000, 28.670800000000003)	(16000, 29.825233333333312)	(17000, 30.782111111111092)	(18000, 31.237555555555602)	(19000, 30.087555555555543)	(20000, 30.650666666666677)	(21000, 30.84266666666663)	(22000, 30.989666666666665)	(23000, 32.20211111111112)	(24000, 29.76184722222222)	(25000, 28.251375)	(26000, 30.756125)	(27000, 30.871625)	(28000, 30.199065476190516)	(29000, 29.65683333333338)	(30000, 30.937833333333298)	(31000, 28.863866666666667)	(32000, 29.75825)	(33000, 29.23725)	(34000, 29.921000000000006)	(35000, 26.817333333333337)	(36000, 26.3605)	(37000, 25.9715)	(38000, 26.813)	(39000, 25.614)	(40000, 30.708)	(41000, 24.419)	(42000, 26.845)	(43000, 25.03)	(44000, 28.242)	(45000, 20.396273291925464)																			
FAY99780_pass_barcode08_98e12ebb_5ad7f319_75	(1, 22.8265306122449)	(2, 22.459183673469386)	(3, 24.357142857142858)	(4, 25.3265306122449)	(5, 26.051020408163264)	(6, 27.1734693877551)	(7, 28.744897959183675)	(8, 28.959183673469386)	(9, 29.397959183673468)	(10, 28.998415973936158)	(1000, 29.276828743705277)	(2000, 29.24504523377575)	(3000, 29.4357170839038)	(4000, 29.195149014778305)	(5000, 30.483503968253963)	(6000, 29.939756980056934)	(7000, 29.690811146245057)	(8000, 29.764545454545438)	(9000, 30.212318181818155)	(10000, 30.05618452950555)	(11000, 30.313157894736868)	(12000, 29.85187925696599)	(13000, 29.93827573529412)	(14000, 29.9478125)	(15000, 28.890758333333363)	(16000, 30.231266666666688)	(17000, 30.480880952380982)	(18000, 29.539005494505517)	(19000, 30.647153846153874)	(20000, 30.587275641025606)	(21000, 29.580750000000002)	(22000, 29.945893939393937)	(23000, 28.392317171717167)	(24000, 28.114777777777785)	(25000, 28.432222222222194)	(26000, 27.047236111111125)	(27000, 26.794339285714297)	(28000, 28.26028571428574)	(29000, 25.285571428571476)	(30000, 25.92371428571426)	(31000, 25.923285714285704)	(32000, 22.588571428571434)	(33000, 22.301999999999985)	(34000, 22.380857142857163)	(35000, 21.723690476190477)	(36000, 20.843666666666667)	(37000, 21.181833333333348)	(38000, 21.256833333333326)	(39000, 21.825833333333318)	(40000, 22.543166666666664)	(41000, 21.15433333333337)	(42000, 18.442999999999973)	(43000, 18.87636666666668)	(44000, 20.169700000000002)	(45000, 21.10925)	(46000, 21.894)	(47000, 20.42075)	(48000, 21.48825)	(49000, 22.48575)	(50000, 21.4825)	(51000, 21.63058333333336)	(52000, 14.561499999999995)	(53000, 15.03)	(54000, 13.578)	(55000, 13.9425)	(56000, 11.119)	(57000, 12.322)	(58000, 12.939)	(59000, 10.382)	(60000, 12.461)	(61000, 12.539)	(62000, 12.005)	(63000, 12.697788697788697)	
FAY99780_pass_barcode08_98e12ebb_5ad7f319_76	(1, 22.138686131386862)	(2, 21.8978102189781)	(3, 25.576642335766422)	(4, 25.474452554744527)	(5, 26.364963503649633)	(6, 26.686131386861312)	(7, 26.51824817518248)	(8, 27.072992700729927)	(9, 27.248175182481752)	(10, 28.978680226852966)	(1000, 29.296330677856034)	(2000, 29.25837035030792)	(3000, 28.716983583733064)	(4000, 28.32410166449129)	(5000, 29.34749427536227)	(6000, 29.040806324110694)	(7000, 28.57626623376624)	(8000, 28.95591766917296)	(9000, 29.15015789473685)	(10000, 28.80404385964911)	(11000, 28.305745098039193)	(12000, 29.296933998599414)	(13000, 28.77207142857145)	(14000, 30.66731043956042)	(15000, 30.341499999999975)	(16000, 30.528999999999968)	(17000, 29.507999999999996)	(18000, 31.603916666666642)	(19000, 30.382166666666663)	(20000, 29.32343939393943)	(21000, 29.887989393939403)	(22000, 31.34725)	(23000, 31.41560714285714)	(24000, 29.835666666666654)	(25000, 29.85496666666668)	(26000, 30.525000000000006)	(27000, 28.65199999999995)	(28000, 30.403999999999996)	(29000, 29.56666666666667)	(30000, 30.471833333333336)	(31000, 29.526)	(32000, 32.0755)	(33000, 30.5785)	(34000, 28.877)	(35000, 27.011)	(36000, 29.408)	(37000, 28.261)	(38000, 27.988)	(39000, 30.116)	(40000, 24.53206239168111)																								
FAY99780_pass_barcode08_98e12ebb_5ad7f319_77	(1, 25.159235668789808)	(2, 24.26923076923077)	(3, 25.91025641025641)	(4, 26.365384615384617)	(5, 26.96153846153846)	(6, 27.974358974358974)	(7, 28.576923076923077)	(8, 29.21153846153846)	(9, 29.67948717948718)	(10, 29.814741670809298)	(1000, 30.115906988668232)	(2000, 29.65210906240115)	(3000, 29.30651423314492)	(4000, 29.649957051246048)	(5000, 30.370175356506266)	(6000, 30.632846839080482)	(7000, 30.333175343494243)	(8000, 30.458392107023396)	(9000, 29.202905740636183)	(10000, 30.17167105263157)	(11000, 29.40657342191262)	(12000, 30.120875)	(13000, 29.51935833333334)	(14000, 29.86726630036633)	(15000, 29.8901858974359)	(16000, 30.04941666666663)	(17000, 28.510585353535358)	(18000, 28.652333333333353)	(19000, 29.141652777777782)	(20000, 29.286714285714268)	(21000, 28.88271428571426)	(22000, 27.52157142857143)	(23000, 28.315999999999992)	(24000, 28.720428571428563)	(25000, 29.0902142857143)	(26000, 27.184899999999995)	(27000, 25.887949999999996)	(28000, 29.8615)	(29000, 26.59233333333336)	(30000, 29.869666666666674)	(31000, 29.743333333333336)	(32000, 33.1775)	(33000, 28.5895)	(34000, 28.9535)	(35000, 26.0865)	(36000, 28.3585)	(37000, 28.9375)	(38000, 29.9295)	(39000, 32.436)	(40000, 29.1575)	(41000, 31.719)	(42000, 33.332)	(43000, 30.322)	(44000, 28.188)	(45000, 26.78401727861771)																			
FAY99780_pass_barcode08_98e12ebb_5ad7f319_78	(1, 26.24)	(2, 25.673333333333332)	(3, 27.833333333333332)	(4, 27.513333333333332)	(5, 28.046666666666667)	(6, 27.946666666666665)	(7, 28.14)	(8, 28.533333333333335)	(9, 29.1)	(10, 28.491447636954454)	(1000, 28.427254260024608)	(2000, 28.879592056069516)	(3000, 29.190058410616306)	(4000, 29.805818339152825)	(5000, 29.442576923076963)	(6000, 29.15914439946013)	(7000, 29.678374484236574)	(8000, 28.475822224857698)	(9000, 27.76401923830715)	(10000, 28.33106621082623)	(11000, 29.44311166666665)	(12000, 30.23808333333331)	(13000, 29.38548510728406)	(14000, 30.05751904761902)	(15000, 29.713599999999996)	(16000, 28.182849999999974)	(17000, 29.833323684210512)	(18000, 29.568315789473647)	(19000, 29.381672514619876)	(20000, 29.39870261437906)	(21000, 30.386849264705887)	(22000, 30.2539087912088)	(23000, 31.002538461538443)	(24000, 30.275692307692303)	(25000, 30.913461538461537)	(26000, 29.818461538461495)	(27000, 29.19028846153843)	(28000, 28.377712121212056)	(29000, 29.29590909090911)	(30000, 29.966163636363603)	(31000, 29.47439999999999)	(32000, 30.354622222222222)	(33000, 30.80916865079368)	(34000, 28.857571428571426)	(35000, 30.37671428571429)	(36000, 29.14957142857144)	(37000, 30.14171428571432)	(38000, 28.633714285714294)	(39000, 29.401690476190517)	(40000, 29.23293333333333)	(41000, 27.24675)	(42000, 30.56816666666665)	(43000, 30.079)	(44000, 27.6495)	(45000, 30.358)	(46000, 31.508)	(47000, 30.639)	(48000, 29.763)	(49000, 31.148)	(50000, 27.954)	(51000, 28.03)	(52000, 28.768)	(53000, 32.804)	(54000, 30.44)	(55000, 30.573)	(56000, 30.83)	(57000, 26.898)	(58000, 27.908)	(59000, 28.251805985552117)					
FAY99780_pass_barcode08_98e12ebb_5ad7f319_79	(1, 26.44295302013423)	(2, 26.12751677852349)	(3, 28.536912751677853)	(4, 28.483221476510067)	(5, 28.738255033557046)	(6, 29.436241610738254)	(7, 29.74496644295302)	(8, 29.610738255033556)	(9, 30.536912751677853)	(10, 29.863100850803786)	(1000, 30.348514404624776)	(2000, 30.196579420838045)	(3000, 29.973240374757054)	(4000, 28.691247529367214)	(5000, 29.983450843214786)	(6000, 30.612577922077968)	(7000, 29.66214285714285)	(8000, 31.259380952380948)	(9000, 30.406643984962372)	(10000, 29.81976023391815)	(11000, 30.04507093837537)	(12000, 30.029758241758216)	(13000, 30.88087179487181)	(14000, 29.910742424242407)	(15000, 29.72436363636364)	(16000, 29.20954545454546)	(17000, 30.694818181818196)	(18000, 29.954900000000013)	(19000, 28.05075555555558)	(20000, 28.75700000000002)	(21000, 28.633097222222222)	(22000, 28.272125)	(23000, 24.7745)	(24000, 26.820375)	(25000, 26.105749999999986)	(26000, 28.88623809523811)	(27000, 30.142400000000006)	(28000, 29.93240000000004)	(29000, 29.522400000000005)	(30000, 31.311600000000034)	(31000, 29.532000000000007)	(32000, 28.176050000000004)	(33000, 28.57025)	(34000, 29.3225)	(35000, 29.0025)	(36000, 29.01775)	(37000, 28.870000000000015)	(38000, 28.334666666666656)	(39000, 26.333666666666666)	(40000, 24.1975)	(41000, 23.919)	(42000, 23.3195)	(43000, 22.201)	(44000, 18.308)	(45000, 18.752)	(46000, 19.326)	(47000, 17.4005)	(48000, 18.1425)	(49000, 8.337)	(50000, 7.055)	(51000, 8.63)	(52000, 8.358)	(53000, 7.977)	(54000, 7.969)	(55000, 9.409)	(56000, 9.028)	(57000, 9.236)	(58000, 8.778)	(59000, 6.7026143790849675)					
FAY99780_pass_barcode08_98e12ebb_5ad7f319_8	(1, 23.33450704225352)	(2, 23.010563380281692)	(3, 25.8943661971831)	(4, 26.278169014084508)	(5, 27.017605633802816)	(6, 27.017605633802816)	(7, 27.29225352112676)	(8, 27.806338028169016)	(9, 28.3556338028169)	(10, 29.179455723554824)	(1000, 28.531815222046454)	(2000, 27.92912117205825)	(3000, 28.390799087530226)	(4000, 28.32562472813518)	(5000, 27.786130013601582)	(6000, 28.151062481485138)	(7000, 28.81504204204202)	(8000, 28.25862857142855)	(9000, 29.033204506846737)	(10000, 28.85040752688172)	(11000, 28.796494252873586)	(12000, 28.507206896551736)	(13000, 28.00858111476006)	(14000, 28.469239999999985)	(15000, 28.02943166666667)	(16000, 27.978801712779966)	(17000, 27.30971645021643)	(18000, 27.54271741854639)	(19000, 27.229394736842146)	(20000, 27.911222222222204)	(21000, 28.15115032679739)	(22000, 27.75911764705886)	(23000, 28.59956617647059)	(24000, 27.917625)	(25000, 27.695125)	(26000, 29.14047522893772)	(27000, 28.06291666666666)	(28000, 27.584916666666686)	(29000, 27.07213636363635)	(30000, 27.852545454545478)	(31000, 28.257468686868695)	(32000, 27.271222222222246)	(33000, 27.286541666666686)	(34000, 27.994125)	(35000, 28.31525)	(36000, 26.499196428571437)	(37000, 26.971142857142862)	(38000, 28.45042857142857)	(39000, 26.169195238095234)	(40000, 25.021650000000026)	(41000, 27.7285)	(42000, 28.276)	(43000, 26.934666666666686)	(44000, 27.474000000000004)	(45000, 25.73966666666667)	(46000, 28.026000000000014)	(47000, 31.763)	(48000, 32.0915)	(49000, 32.0145)	(50000, 32.275)	(51000, 33.329)	(52000, 35.036)	(53000, 31.101)	(54000, 35.286)	(55000, 30.86)	(56000, 32.353)	(57000, 31.187)	(58000, 35.083)	(59000, 33.456)	(60000, 34.62703962703963)				
FAY99780_pass_barcode08_98e12ebb_5ad7f319_80	(1, 24.54140127388535)	(2, 23.898089171974522)	(3, 25.75796178343949)	(4, 26.133757961783438)	(5, 26.961783439490446)	(6, 27.821656050955415)	(7, 28.923566878980893)	(8, 29.67515923566879)	(9, 29.343949044585987)	(10, 29.33164734777289)	(2000, 29.476499773537924)	(4000, 29.88322465926207)	(6000, 29.811044017456165)	(8000, 29.94267165242168)	(10000, 30.69619230769227)	(12000, 30.029295125417978)	(14000, 29.790245783844828)	(16000, 28.973839262820505)	(18000, 28.90215705128211)	(20000, 28.910791666666697)	(22000, 28.58612500000002)	(24000, 29.12563636363642)	(26000, 29.265559090909083)	(28000, 29.90074999999998)	(30000, 30.285811111111148)	(32000, 30.280944444444437)	(34000, 28.0063333333334)	(36000, 28.36202083333335)	(38000, 29.1985625)	(40000, 28.120958333333366)	(42000, 23.7754)	(44000, 23.200199999999988)	(46000, 21.86209999999994)	(48000, 27.4707)	(50000, 22.393499999999985)	(52000, 19.169000000000025)	(54000, 17.19966666666665)	(56000, 13.55675)	(58000, 14.018)	(60000, 16.68675)	(62000, 12.4755)	(64000, 10.018043025676613)																																
FAY99780_pass_barcode08_98e12ebb_5ad7f319_81	(1, 24.21518987341772)	(2, 23.753164556962027)	(3, 26.22151898734177)	(4, 26.259493670886076)	(5, 27.341772151898734)	(6, 28.145569620253166)	(7, 28.658227848101266)	(8, 29.056962025316455)	(9, 29.18354430379747)	(10, 28.39442456274475)	(1000, 27.861319116638747)	(2000, 28.144911546150635)	(3000, 28.918704923913758)	(4000, 28.757609235941537)	(5000, 28.715237541717514)	(6000, 28.150479999999984)	(7000, 27.918999999999983)	(8000, 28.278326521739118)	(9000, 27.989584980237115)	(10000, 29.150865584415584)	(11000, 28.88337573099418)	(12000, 29.571601715686246)	(13000, 28.998103983516426)	(14000, 29.51115384615383)	(15000, 29.69720512820514)	(16000, 29.57612878787879)	(17000, 29.036999999999985)	(18000, 27.199972727272748)	(19000, 25.522100000000034)	(20000, 25.90604444444444)	(21000, 27.656555555555567)	(22000, 27.855958333333337)	(23000, 28.405017857142838)	(24000, 28.183547619047612)	(25000, 27.296666666666663)	(26000, 25.295566666666645)	(27000, 26.57175)	(28000, 25.407416666666663)	(29000, 22.259)	(30000, 23.475000000000005)	(31000, 22.454666666666675)	(32000, 23.33866666666666)	(33000, 20.615333333333346)	(34000, 21.78266666666664)	(35000, 22.567333333333355)	(36000, 20.642666666666646)	(37000, 22.723333333333336)	(38000, 21.8575)	(39000, 22.912)	(40000, 23.2165)	(41000, 16.7805)	(42000, 14.492)	(43000, 14.412)	(44000, 13.279749478079331)																				
FAY99780_pass_barcode08_98e12ebb_5ad7f319_82	(1, 24.776470588235295)	(2, 24.070588235294117)	(3, 26.51764705882353)	(4, 26.45294117647059)	(5, 27.058823529411764)	(6, 27.28235294117647)	(7, 27.11764705882353)	(8, 27.647058823529413)	(9, 27.870588235294118)	(10, 28.780167863551657)	(1000, 29.018149806996355)	(2000, 28.99386182432321)	(3000, 28.454133452261036)	(4000, 28.992004462229083)	(5000, 29.258549502751908)	(6000, 29.58995157305935)	(7000, 29.341701112347064)	(8000, 29.132860837438415)	(9000, 29.42653571428575)	(10000, 29.491536935286966)	(11000, 30.036728333333336)	(12000, 29.846581027667934)	(13000, 29.61050853269537)	(14000, 28.576026357560544)	(15000, 29.5272637362637)	(16000, 28.319491841491825)	(17000, 29.401000000000007)	(18000, 28.883008080808057)	(19000, 29.274222222222196)	(20000, 28.549444444444475)	(21000, 28.313666666666684)	(22000, 28.96513888888886)	(23000, 27.816625)	(24000, 28.79053571428574)	(25000, 27.626714285714296)	(26000, 27.806000000000008)	(27000, 27.52514285714281)	(28000, 27.605166666666662)	(29000, 27.515333333333334)	(30000, 27.380366666666678)	(31000, 27.79375)	(32000, 23.32816666666665)	(33000, 22.699)	(34000, 22.201)	(35000, 19.902)	(36000, 20.263)	(37000, 21.539)	(38000, 15.933)	(39000, 14.194)	(40000, 16.003)	(41000, 19.955)	(42000, 19.589)	(43000, 18.576)	(44000, 19.892)	(45000, 19.81)	(46000, 20.441)	(47000, 19.525)	(48000, 20.438)	(49000, 19.999)	(50000, 19.008)	(51000, 19.136)	(52000, 20.9)	(53000, 20.465)	(54000, 18.663)	(55000, 20.728)	(56000, 21.682)	(57000, 24.0)							
FAY99780_pass_barcode08_98e12ebb_5ad7f319_83	(1, 24.746835443037973)	(2, 23.955696202531644)	(3, 26.981012658227847)	(4, 26.873417721518987)	(5, 27.556962025316455)	(6, 28.544303797468356)	(7, 29.0126582278481)	(8, 28.810126582278482)	(9, 28.620253164556964)	(10, 28.9243117357587)	(2000, 29.220379695148914)	(4000, 29.88039691417134)	(6000, 29.969118345340586)	(8000, 29.991144847008712)	(10000, 29.824744824512514)	(12000, 29.971282196969614)	(14000, 30.52407778897851)	(16000, 31.317575672954177)	(18000, 30.80304435911918)	(20000, 31.13340476190478)	(22000, 30.455839285714276)	(24000, 30.91426432748535)	(26000, 30.710580065359462)	(28000, 30.259205882352955)	(30000, 29.58397058823527)	(32000, 30.315386589635803)	(34000, 29.859029387279374)	(36000, 29.99634090909095)	(38000, 30.32714999999998)	(40000, 29.831949999999935)	(42000, 30.20582222222229)	(44000, 29.430277777777754)	(46000, 30.061444444444472)	(48000, 30.389166666666657)	(50000, 30.086111111111133)	(52000, 29.515555555555515)	(54000, 28.8155625)	(56000, 28.4969375)	(58000, 28.296494047619017)	(60000, 29.066266666666653)	(62000, 28.785899999999994)	(64000, 28.83725)	(66000, 31.4715)	(68000, 30.797)	(70000, 32.174)	(72000, 31.6835)	(74000, 31.588915956151034)																											
FAY99780_pass_barcode08_98e12ebb_5ad7f319_84	(1, 24.825174825174827)	(2, 24.524475524475523)	(3, 26.356643356643357)	(4, 26.76923076923077)	(5, 27.167832167832167)	(6, 27.797202797202797)	(7, 28.097902097902097)	(8, 28.53146853146853)	(9, 28.832167832167833)	(10, 28.734036168764177)	(1000, 28.780280038027215)	(2000, 28.030900017370854)	(3000, 28.559227652314476)	(4000, 28.35648305019045)	(5000, 28.31973183767706)	(6000, 28.439969855072448)	(7000, 28.84499934123846)	(8000, 28.51596904761907)	(9000, 29.09913157894731)	(10000, 27.54761403508774)	(11000, 27.339055555555525)	(12000, 27.587333333333294)	(13000, 28.220188725490196)	(14000, 27.908408333333377)	(15000, 27.811466666666675)	(16000, 26.71673443223444)	(17000, 27.21397925407924)	(18000, 31.27842222222221)	(19000, 31.597208333333334)	(20000, 30.770267857142844)	(21000, 31.523999999999983)	(22000, 30.73071428571429)	(23000, 30.599714285714274)	(24000, 31.56657142857137)	(25000, 30.28942857142861)	(26000, 31.60157142857141)	(27000, 32.11133333333332)	(28000, 31.646566666666633)	(29000, 29.176299999999998)	(30000, 28.02183333333333)	(31000, 25.574)	(32000, 19.592)	(33000, 26.188)	(34000, 26.01772151898734)																														
FAY99780_pass_barcode08_98e12ebb_5ad7f319_85	(1, 22.166666666666668)	(2, 22.166666666666668)	(3, 25.676470588235293)	(4, 27.38235294117647)	(5, 27.735294117647058)	(6, 27.068627450980394)	(7, 26.931372549019606)	(8, 27.686274509803923)	(9, 28.068627450980394)	(10, 28.670317734256418)	(1000, 27.585960170961375)	(2000, 28.16955032675382)	(3000, 28.395218491077706)	(4000, 28.242151111111095)	(5000, 28.915547101449313)	(6000, 29.624073894221706)	(7000, 27.96596556587549)	(8000, 29.080069852941172)	(9000, 29.0231875)	(10000, 29.596908333333346)	(11000, 29.768257142857117)	(12000, 29.23328571428572)	(13000, 28.490789377289417)	(14000, 28.68316666666666)	(15000, 30.26600000000002)	(16000, 29.87106212121216)	(17000, 27.875064285714295)	(18000, 27.76914285714284)	(19000, 28.893547619047567)	(20000, 29.04566666666661)	(21000, 28.927566666666678)	(22000, 28.690600000000053)	(23000, 23.160399999999992)	(24000, 23.6175)	(25000, 27.22925)	(26000, 27.347)	(27000, 28.08675)	(28000, 26.5765)	(29000, 27.79925)	(30000, 29.044416666666617)	(31000, 28.9875)	(32000, 27.6805)	(33000, 28.21)	(34000, 28.935)	(35000, 29.505)	(36000, 30.925)	(37000, 31.901)	(38000, 20.885555555555555)																										
FAY99780_pass_barcode08_98e12ebb_5ad7f319_86	(1, 25.441860465116278)	(2, 24.697674418604652)	(3, 27.844961240310077)	(4, 28.302325581395348)	(5, 27.767441860465116)	(6, 29.069767441860463)	(7, 29.27906976744186)	(8, 30.023255813953487)	(9, 30.612403100775193)	(10, 29.66315737141584)	(1000, 30.064870979402553)	(2000, 29.782179548485594)	(3000, 30.289505769313998)	(4000, 29.46092382426002)	(5000, 28.384221538461496)	(6000, 29.445784420289883)	(7000, 29.888622529644227)	(8000, 29.89336875142401)	(9000, 29.221210526315815)	(10000, 28.068038011695922)	(11000, 27.1591568627451)	(12000, 27.467882352941164)	(13000, 29.068085049019615)	(14000, 28.371666666666666)	(15000, 29.319399999999952)	(16000, 28.549642857142842)	(17000, 28.331647435897462)	(18000, 26.435863636363653)	(19000, 27.778666666666687)	(20000, 28.105666666666647)	(21000, 26.583051587301576)	(22000, 25.280714285714268)	(23000, 26.441023809523816)	(24000, 27.006500000000003)	(25000, 25.811166666666637)	(26000, 26.253666666666685)	(27000, 27.30135)	(28000, 26.9915)	(29000, 27.1255)	(30000, 26.7085)	(31000, 25.79425)	(32000, 28.15225)	(33000, 26.95475)	(34000, 27.01325)	(35000, 26.87475)	(36000, 24.89075)	(37000, 23.691249999999993)	(38000, 23.701999999999988)	(39000, 27.503)	(40000, 30.4475)	(41000, 28.765)	(42000, 23.21518987341772)																						
FAY99780_pass_barcode08_98e12ebb_5ad7f319_87	(1, 23.462962962962962)	(2, 23.049382716049383)	(3, 25.88888888888889)	(4, 26.987654320987655)	(5, 28.030864197530864)	(6, 28.166666666666668)	(7, 28.117283950617285)	(8, 28.037037037037038)	(9, 28.08641975308642)	(10, 27.627249908784364)	(1000, 27.197265405472024)	(2000, 27.528968395913438)	(3000, 27.77407451856395)	(4000, 27.213559220343516)	(5000, 27.671908244737303)	(6000, 27.62151073414903)	(7000, 27.568683178252154)	(8000, 26.954356623931638)	(9000, 27.482708333333363)	(10000, 27.407954710144928)	(11000, 27.7281304347826)	(12000, 27.302636363636385)	(13000, 27.88345000000002)	(14000, 26.117699999999974)	(15000, 27.12422368421051)	(16000, 26.461855069659443)	(17000, 26.5031875)	(18000, 25.7749375)	(19000, 25.41875)	(20000, 25.077375)	(21000, 25.3311875)	(22000, 25.517375)	(23000, 25.4525625)	(24000, 25.467212499999963)	(25000, 24.30347289377289)	(26000, 25.007641025641018)	(27000, 24.48016666666666)	(28000, 24.471249999999998)	(29000, 22.393356060606045)	(30000, 23.359727272727312)	(31000, 24.15130000000001)	(32000, 24.647366666666645)	(33000, 23.132666666666672)	(34000, 24.857125)	(35000, 25.13657142857144)	(36000, 27.05828571428569)	(37000, 24.249428571428606)	(38000, 25.141214285714245)	(39000, 27.251999999999953)	(40000, 22.23888333333333)	(41000, 22.1475)	(42000, 22.89825)	(43000, 23.791666666666664)	(44000, 24.108999999999966)	(45000, 25.261999999999986)	(46000, 25.147333333333297)	(47000, 25.138666666666683)	(48000, 25.166666666666654)	(49000, 24.465666666666653)	(50000, 26.19866666666667)	(51000, 22.508333333333326)	(52000, 23.898666666666667)	(53000, 23.37066666666663)	(54000, 25.22666666666664)	(55000, 23.022000000000038)	(56000, 24.894000000000016)	(57000, 23.81266666666665)	(58000, 22.578833333333332)	(59000, 22.0615)	(60000, 15.941)	(61000, 14.689)	(62000, 14.305)	(63000, 14.223665223665224)	
FAY99780_pass_barcode08_98e12ebb_5ad7f319_88	(1, 24.206106870229007)	(2, 23.76153846153846)	(3, 26.807692307692307)	(4, 26.746153846153845)	(5, 28.2)	(6, 28.138461538461538)	(7, 28.146153846153847)	(8, 29.03076923076923)	(9, 28.5)	(10, 30.137582125436026)	(1000, 29.84516473493254)	(2000, 29.520169660929117)	(3000, 29.71502845765045)	(4000, 30.56799037133576)	(5000, 30.239113318737427)	(6000, 29.514712037037047)	(7000, 29.699228260869592)	(8000, 29.834069169960475)	(9000, 30.903068694463435)	(10000, 30.53547368421049)	(11000, 31.23921977124184)	(12000, 30.52275)	(13000, 30.090950000000014)	(14000, 31.61522957042958)	(15000, 31.30483636363638)	(16000, 31.091988888888952)	(17000, 31.58216666666669)	(18000, 32.41075)	(19000, 32.80975595238092)	(20000, 32.34713333333332)	(21000, 30.9084)	(22000, 31.077799999999954)	(23000, 32.58079999999998)	(24000, 31.5215)	(25000, 31.88)	(26000, 32.4475)	(27000, 30.521)	(28000, 30.516833333333327)	(29000, 32.655666666666676)	(30000, 34.14733333333332)	(31000, 31.727666666666646)	(32000, 31.207666666666633)	(33000, 33.4786666666667)	(34000, 33.18816666666669)	(35000, 32.7085)	(36000, 33.8325)	(37000, 34.301)	(38000, 32.393)	(39000, 33.612)	(40000, 31.553)	(41000, 33.479)	(42000, 31.819)	(43000, 27.310077519379846)																					
FAY99780_pass_barcode08_98e12ebb_5ad7f319_89	(1, 24.6)	(2, 24.0)	(3, 27.80952380952381)	(4, 28.17142857142857)	(5, 29.21904761904762)	(6, 29.38095238095238)	(7, 29.123809523809523)	(8, 29.114285714285714)	(9, 29.438095238095237)	(10, 29.187211677220322)	(1000, 29.13969650943968)	(2000, 29.806362226164335)	(3000, 29.242396423831)	(4000, 30.000482350760056)	(5000, 31.225187351409776)	(6000, 30.622161620553367)	(7000, 30.77554545454547)	(8000, 31.045855228981587)	(9000, 30.6552543859649)	(10000, 29.4386862745098)	(11000, 30.185945938375397)	(12000, 30.26109890109892)	(13000, 29.712724358974338)	(14000, 29.95274999999999)	(15000, 28.873249999999977)	(16000, 30.387424242424252)	(17000, 28.530093939393982)	(18000, 29.358888888888846)	(19000, 30.222333333333346)	(20000, 30.770680555555554)	(21000, 30.270982142857125)	(22000, 30.506790476190478)	(23000, 28.646400000000018)	(24000, 29.526983333333334)	(25000, 27.21433333333333)	(26000, 30.089)	(27000, 23.135333333333314)	(28000, 29.593)	(29000, 27.927)	(30000, 25.98)	(31000, 24.139)	(32000, 27.543)	(33000, 27.939)	(34000, 27.26)	(35000, 29.187)	(36000, 23.463)	(37000, 20.604)	(38000, 30.412)	(39000, 31.457)	(40000, 28.802)	(41000, 28.91)	(42000, 31.609)	(43000, 26.022)	(44000, 30.963)	(45000, 29.783)	(46000, 32.446)	(47000, 27.128755364806867)																	
FAY99780_pass_barcode08_98e12ebb_5ad7f319_9	(1, 24.60337552742616)	(2, 23.9873417721519)	(3, 26.333333333333332)	(4, 26.417721518987342)	(5, 27.949367088607595)	(6, 28.40084388185654)	(7, 28.780590717299578)	(8, 29.236286919831223)	(9, 29.341772151898734)	(10, 29.31328007358525)	(2000, 29.443746031148155)	(4000, 29.1769520503498)	(6000, 29.119113563151313)	(8000, 29.867256362889954)	(10000, 29.59099478521881)	(12000, 29.765195652173887)	(14000, 29.38153442028985)	(16000, 30.290384709322385)	(18000, 28.70132587535016)	(20000, 29.53835714285713)	(22000, 28.42360164835172)	(24000, 26.55443327505826)	(26000, 26.423727272727273)	(28000, 25.494856060606057)	(30000, 25.763659722222197)	(32000, 24.9475625)	(34000, 24.727321428571404)	(36000, 25.035785714285723)	(38000, 24.16239285714287)	(40000, 23.42883333333333)	(42000, 23.6375)	(44000, 23.97666666666661)	(46000, 24.718416666666695)	(48000, 24.116383333333275)	(50000, 25.480100000000025)	(52000, 25.046299999999942)	(54000, 24.20227500000001)	(56000, 21.20091666666668)	(58000, 23.2245)	(60000, 24.27275)	(62000, 24.3205)	(64000, 18.507)	(66000, 14.660278745644598)																															
FAY99780_pass_barcode08_98e12ebb_5ad7f319_90	(1, 24.0703125)	(2, 23.6015625)	(3, 26.609375)	(4, 26.5546875)	(5, 26.65625)	(6, 27.859375)	(7, 28.015625)	(8, 28.359375)	(9, 27.7109375)	(10, 28.343914518539947)	(1000, 28.505052124795707)	(2000, 28.628229434300028)	(3000, 29.10372869026397)	(4000, 29.48798161045945)	(5000, 28.248110456062296)	(6000, 28.5282560207991)	(7000, 28.330383190883158)	(8000, 28.423018461538472)	(9000, 28.949971666666617)	(10000, 29.382291666666642)	(11000, 29.039069169960463)	(12000, 29.266679653679695)	(13000, 29.635714327485413)	(14000, 29.078856617647055)	(15000, 30.162597252747233)	(16000, 30.209666666666674)	(17000, 30.543212121212168)	(18000, 30.1491818181818)	(19000, 28.970454545454487)	(20000, 27.855877777777774)	(21000, 29.485069444444452)	(22000, 29.393)	(23000, 29.892625)	(24000, 28.297125)	(25000, 26.7915)	(26000, 27.599000000000025)	(27000, 28.002142857142843)	(28000, 29.05547619047621)	(29000, 27.14489999999999)	(30000, 26.8075)	(31000, 25.81216666666667)	(32000, 26.47066666666668)	(33000, 22.923999999999996)	(34000, 22.0955)	(35000, 24.8545)	(36000, 22.7435)	(37000, 22.8355)	(38000, 23.0315)	(39000, 27.066)	(40000, 24.355)	(41000, 28.937)	(42000, 24.853543307086614)																						
FAY99780_pass_barcode08_98e12ebb_5ad7f319_91	(1, 25.166666666666668)	(2, 24.181818181818183)	(3, 27.143939393939394)	(4, 27.803030303030305)	(5, 28.318181818181817)	(6, 29.136363636363637)	(7, 28.696969696969695)	(8, 29.234848484848484)	(9, 29.568181818181817)	(10, 28.650556917693173)	(1000, 28.67968823134746)	(2000, 29.115733407796572)	(3000, 29.261568580140622)	(4000, 29.435839186238873)	(5000, 29.668115591789075)	(6000, 29.29190287952787)	(7000, 29.289004776021102)	(8000, 29.694318181818197)	(9000, 29.139883116883134)	(10000, 28.720763659147867)	(11000, 28.241684210526312)	(12000, 28.568502923976578)	(13000, 28.447611111111115)	(14000, 27.940000000000026)	(15000, 28.606888888888935)	(16000, 28.800612336601308)	(17000, 28.570278571428553)	(18000, 29.71886263736266)	(19000, 29.067923076923083)	(20000, 29.515615384615373)	(21000, 28.9718461538462)	(22000, 28.23658974358977)	(23000, 28.62899242424243)	(24000, 28.2712)	(25000, 28.82985912698412)	(26000, 28.53614285714285)	(27000, 28.507166666666684)	(28000, 25.450133333333348)	(29000, 26.365399999999973)	(30000, 27.091800000000035)	(31000, 25.868599999999986)	(32000, 25.99480000000003)	(33000, 24.770599999999973)	(34000, 26.531199999999995)	(35000, 28.45200000000002)	(36000, 30.14899999999996)	(37000, 31.59966666666667)	(38000, 29.995333333333324)	(39000, 31.339333333333347)	(40000, 30.24766666666668)	(41000, 30.644333333333293)	(42000, 30.647666666666677)	(43000, 29.22066666666665)	(44000, 31.678833333333333)	(45000, 32.769)	(46000, 33.8805)	(47000, 31.858)	(48000, 32.96153846153846)																
FAY99780_pass_barcode08_98e12ebb_5ad7f319_92	(1, 26.984496124031008)	(2, 26.364341085271317)	(3, 27.844961240310077)	(4, 27.26356589147287)	(5, 27.550387596899224)	(6, 27.899224806201552)	(7, 28.170542635658915)	(8, 28.387596899224807)	(9, 28.046511627906977)	(10, 28.286719313992645)	(1000, 28.1409553746184)	(2000, 27.94797380923445)	(3000, 28.074192568183477)	(4000, 28.083045397143604)	(5000, 27.548970443349752)	(6000, 27.57479924704924)	(7000, 27.440266956521732)	(8000, 27.522837119973854)	(9000, 28.11998851909185)	(10000, 28.358789743589785)	(11000, 28.449089743589777)	(12000, 27.629409090909103)	(13000, 26.960717171717196)	(14000, 27.83433333333333)	(15000, 25.76073611111111)	(16000, 22.314190476190426)	(17000, 24.24233333333332)	(18000, 25.693366666666666)	(19000, 26.658000000000012)	(20000, 26.034599999999994)	(21000, 25.06820000000001)	(22000, 26.998599999999982)	(23000, 25.207999999999995)	(24000, 23.33079999999997)	(25000, 23.95240000000002)	(26000, 22.478600000000007)	(27000, 22.24675)	(28000, 22.23433333333334)	(29000, 22.184333333333335)	(30000, 22.67433333333335)	(31000, 20.155333333333342)	(32000, 21.63433333333336)	(33000, 22.708333333333346)	(34000, 22.12333333333334)	(35000, 23.050000000000008)	(36000, 20.496666666666663)	(37000, 21.51099999999998)	(38000, 21.19300000000001)	(39000, 16.747166666666665)	(40000, 16.0285)	(41000, 16.378)	(42000, 15.9825)	(43000, 17.605)	(44000, 14.418)	(45000, 15.2735)	(46000, 20.3365)	(47000, 18.246)	(48000, 18.234)	(49000, 20.455)	(50000, 18.515)	(51000, 21.591)	(52000, 17.6)	(53000, 17.833)	(54000, 18.936)	(55000, 18.165)	(56000, 20.022446689113355)								
FAY99780_pass_barcode08_98e12ebb_5ad7f319_93	(1, 26.084615384615386)	(2, 25.43076923076923)	(3, 27.553846153846155)	(4, 27.853846153846153)	(5, 27.976923076923075)	(6, 28.123076923076923)	(7, 28.376923076923077)	(8, 28.99230769230769)	(9, 28.515384615384615)	(10, 28.492087039115347)	(1000, 28.6676175606791)	(2000, 28.38972570557516)	(3000, 28.86232327929364)	(4000, 28.64029203223652)	(5000, 28.755052640374334)	(6000, 28.88009877991272)	(7000, 28.741629629629664)	(8000, 28.452736524216554)	(9000, 28.541294130434792)	(10000, 27.94688932806324)	(11000, 28.236471861471866)	(12000, 28.366523809523812)	(13000, 28.61613095238097)	(14000, 28.66935000000004)	(15000, 28.88349829291364)	(16000, 28.2445625)	(17000, 27.941247619047665)	(18000, 27.8059120879121)	(19000, 27.63795163170168)	(20000, 28.758318181818176)	(21000, 28.483700000000056)	(22000, 27.332877777777803)	(23000, 26.74020833333332)	(24000, 26.538465476190485)	(25000, 28.981600000000025)	(26000, 28.034600000000022)	(27000, 27.76940000000002)	(28000, 26.923199999999984)	(29000, 26.14425)	(30000, 26.222249999999995)	(31000, 25.34266666666669)	(32000, 22.790999999999983)	(33000, 25.054)	(34000, 29.1395)	(35000, 28.271)	(36000, 31.4365)	(37000, 28.398)	(38000, 27.5935)	(39000, 27.141)	(40000, 26.434)	(41000, 31.992)	(42000, 29.116)	(43000, 25.9965)	(44000, 28.205)	(45000, 29.982)	(46000, 31.927)	(47000, 28.107)	(48000, 30.482)	(49000, 30.565)	(50000, 31.762)	(51000, 18.625)													
FAY99780_pass_barcode08_98e12ebb_5ad7f319_94	(1, 22.45)	(2, 21.818181818181817)	(3, 25.525252525252526)	(4, 26.707070707070706)	(5, 28.373737373737374)	(6, 29.050505050505052)	(7, 28.717171717171716)	(8, 28.939393939393938)	(9, 29.484848484848484)	(10, 28.405353172535584)	(2000, 29.592294387415397)	(4000, 29.79887856367907)	(6000, 30.23622529644269)	(8000, 30.01843214285715)	(10000, 30.06134064327482)	(12000, 29.400377450980393)	(14000, 29.828261519607864)	(16000, 29.854995254745234)	(18000, 29.90104545454543)	(20000, 29.62290909090901)	(22000, 30.173404545454524)	(24000, 29.4746875)	(26000, 29.232223214285696)	(28000, 31.476404761904664)	(30000, 31.055066666666633)	(32000, 30.5517)	(34000, 30.796249999999976)	(36000, 26.942166666666616)	(38000, 31.882333333333335)	(40000, 31.6405)	(42000, 31.63375)	(44000, 32.50275)	(46000, 32.79875)	(48000, 30.799)	(50000, 31.63875)	(52000, 32.185)	(54000, 31.89375)	(56000, 32.3555)	(58000, 32.2275)	(60000, 32.0415)	(62000, 30.1695)	(64000, 32.382)	(66000, 32.1945)	(68000, 25.157894736842106)																														
FAY99780_pass_barcode08_98e12ebb_5ad7f319_95	(1, 24.393700787401574)	(2, 23.724409448818896)	(3, 26.511811023622048)	(4, 27.291338582677167)	(5, 28.173228346456693)	(6, 28.921259842519685)	(7, 28.181102362204726)	(8, 28.496062992125985)	(9, 28.496062992125985)	(10, 29.036539636089906)	(1000, 29.112474989545454)	(2000, 29.568354448015153)	(3000, 30.443818884735144)	(4000, 30.488385869565224)	(5000, 30.181818181818183)	(6000, 30.74329210526313)	(7000, 30.929210526315764)	(8000, 29.860181286549707)	(9000, 31.054848039215663)	(10000, 31.812133333333353)	(11000, 30.919447619047638)	(12000, 29.9248498168498)	(13000, 30.52923636363635)	(14000, 30.594400000000046)	(15000, 31.573700000000013)	(16000, 30.71202222222221)	(17000, 29.46168055555556)	(18000, 29.713273809523795)	(19000, 30.508333333333375)	(20000, 29.63549999999995)	(21000, 30.83416666666667)	(22000, 29.153333333333332)	(23000, 28.914600000000025)	(24000, 29.961399999999998)	(25000, 29.498400000000025)	(26000, 29.314466666666664)	(27000, 30.347000000000026)	(28000, 29.28516666666669)	(29000, 29.591)	(30000, 28.2865)	(31000, 30.427)	(32000, 27.755)	(33000, 27.034)	(34000, 30.775)	(35000, 31.201)	(36000, 34.179)	(37000, 26.986)	(38000, 27.722)	(39000, 28.483)	(40000, 28.542)	(41000, 30.18370607028754)																							
FAY99780_pass_barcode08_98e12ebb_5ad7f319_96	(1, 25.15929203539823)	(2, 25.04424778761062)	(3, 27.04424778761062)	(4, 27.884955752212388)	(5, 28.63716814159292)	(6, 28.654867256637168)	(7, 28.831858407079647)	(8, 28.52212389380531)	(9, 28.008849557522122)	(10, 28.879359774490972)	(1000, 28.586422005121616)	(2000, 29.303044903916156)	(3000, 28.75863669293181)	(4000, 29.435548461538474)	(5000, 29.340379267833605)	(6000, 29.258340350877198)	(7000, 29.23254248366015)	(8000, 28.980638585434175)	(9000, 29.448076923076894)	(10000, 28.127363636363636)	(11000, 28.280818181818198)	(12000, 28.73481818181819)	(13000, 26.842285858585893)	(14000, 27.74022222222222)	(15000, 27.1035)	(16000, 27.309)	(17000, 27.49975)	(18000, 28.525625)	(19000, 28.425553571428576)	(20000, 28.972285714285714)	(21000, 29.147666666666673)	(22000, 27.9605)	(23000, 29.219666666666676)	(24000, 28.658666666666686)	(25000, 27.69866666666666)	(26000, 29.427166666666693)	(27000, 28.595166666666675)	(28000, 29.05339999999998)	(29000, 30.4139)	(30000, 26.775250000000018)	(31000, 31.456833333333332)	(32000, 30.8525)	(33000, 32.21)	(34000, 29.3575)	(35000, 32.474)	(36000, 31.15)	(37000, 27.567)	(38000, 31.1905)	(39000, 31.3525)	(40000, 29.639)	(41000, 30.866)	(42000, 33.858)	(43000, 40.44827586206897)																					
FAY99780_pass_barcode08_98e12ebb_5ad7f319_97	(1, 26.504273504273506)	(2, 25.273504273504273)	(3, 27.923076923076923)	(4, 28.521367521367523)	(5, 28.23931623931624)	(6, 29.0)	(7, 29.29059829059829)	(8, 29.564102564102566)	(9, 29.39316239316239)	(10, 28.89255531273607)	(1000, 28.84699117244534)	(2000, 29.394987466360572)	(3000, 29.00047234286796)	(4000, 28.821821616812144)	(5000, 28.61139883232983)	(6000, 28.015111111111143)	(7000, 28.995986631214357)	(8000, 28.61336842105263)	(9000, 28.495953216374293)	(10000, 28.463666666666672)	(11000, 27.57591503267977)	(12000, 28.198290441176475)	(13000, 29.666120833333338)	(14000, 28.781170695970694)	(15000, 28.47100000000001)	(16000, 29.633762820512842)	(17000, 28.909583333333323)	(18000, 28.430727272727292)	(19000, 28.86781818181815)	(20000, 27.28290909090905)	(21000, 26.949018181818186)	(22000, 27.897299999999987)	(23000, 28.533633333333356)	(24000, 27.448763888888887)	(25000, 27.99816071428571)	(26000, 28.044000000000015)	(27000, 28.206333333333358)	(28000, 27.539666666666655)	(29000, 28.240033333333326)	(30000, 25.980799999999988)	(31000, 24.23041666666667)	(32000, 25.57066666666664)	(33000, 24.630666666666638)	(34000, 25.954666666666657)	(35000, 25.10733333333334)	(36000, 22.946333333333328)	(37000, 23.373333333333324)	(38000, 20.581333333333333)	(39000, 20.9225)	(40000, 17.0965)	(41000, 20.78050171037628)																							
FAY99780_pass_barcode08_98e12ebb_5ad7f319_98	(1, 24.478632478632477)	(2, 24.017094017094017)	(3, 26.803418803418804)	(4, 27.77777777777778)	(5, 29.102564102564102)	(6, 30.162393162393162)	(7, 31.00854700854701)	(8, 31.316239316239315)	(9, 30.692307692307693)	(10, 28.273320410204853)	(1000, 27.434086632796365)	(2000, 27.120368299328096)	(3000, 28.158131367430265)	(4000, 29.3999954627717)	(5000, 28.264691623931622)	(6000, 28.552784112554104)	(7000, 28.758280325814503)	(8000, 29.714542483660097)	(9000, 29.06176911764704)	(10000, 29.225333333333317)	(11000, 29.09294945054945)	(12000, 27.694848484848478)	(13000, 27.50400909090906)	(14000, 26.985797222222242)	(15000, 26.233226190476216)	(16000, 28.685666666666666)	(17000, 28.269449999999978)	(18000, 27.53725)	(19000, 27.27925)	(20000, 28.30925)	(21000, 28.1825)	(22000, 29.09325)	(23000, 29.455)	(24000, 29.5785)	(25000, 29.387083333333337)	(26000, 27.8)	(27000, 27.54)	(28000, 27.4195)	(29000, 29.66)	(30000, 27.585)	(31000, 26.345)	(32000, 27.651)	(33000, 26.4955)	(34000, 25.9515)	(35000, 28.343)	(36000, 28.166)	(37000, 29.181)	(38000, 29.947)	(39000, 27.95)	(40000, 27.687)	(41000, 27.202)	(42000, 26.503)	(43000, 28.83747178329571)																					
FAY99780_pass_barcode08_98e12ebb_5ad7f319_99	(1, 24.398373983739837)	(2, 23.96747967479675)	(3, 26.56910569105691)	(4, 27.097560975609756)	(5, 27.4390243902439)	(6, 27.89430894308943)	(7, 27.747967479674795)	(8, 28.764227642276424)	(9, 28.788617886178862)	(10, 28.775102308609554)	(1000, 28.12348970356843)	(2000, 27.193885348060615)	(3000, 27.78575424288654)	(4000, 28.350042990197135)	(5000, 28.64461295075296)	(6000, 28.08678909467342)	(7000, 28.65819239766083)	(8000, 28.677666666666674)	(9000, 29.219333333333335)	(10000, 29.006222222222238)	(11000, 29.410388888888832)	(12000, 28.919547794117648)	(13000, 28.38936048534798)	(14000, 28.394614801864794)	(15000, 27.702727272727262)	(16000, 28.880599999999983)	(17000, 29.222744444444427)	(18000, 27.35606944444445)	(19000, 25.560375)	(20000, 26.316875)	(21000, 28.129375)	(22000, 28.476875000000035)	(23000, 28.519452380952387)	(24000, 29.104166666666703)	(25000, 28.30699999999997)	(26000, 28.815166666666688)	(27000, 28.748400000000046)	(28000, 28.0742)	(29000, 30.14875)	(30000, 28.908333333333307)	(31000, 28.50533333333337)	(32000, 28.68966666666665)	(33000, 30.185666666666688)	(34000, 30.354666666666695)	(35000, 29.733333333333334)	(36000, 29.992333333333296)	(37000, 30.43799999999998)	(38000, 28.570000000000018)	(39000, 29.312999999999988)	(40000, 28.440666666666683)	(41000, 30.491333333333305)	(42000, 27.043)	(43000, 25.5415)	(44000, 26.98)	(45000, 27.068)	(46000, 29.5125)	(47000, 31.1005)	(48000, 28.355)	(49000, 28.163)	(50000, 32.396)	(51000, 33.1)	(52000, 33.19262981574539)												
