Sample	0	1	2	3	4	5	6	7	8	9	10	11	12	13	14	15	16	17	18	19	20	21	22	23	24	25	26	27	28	29	30	31	32	33	34	35	36	37	38	39	40	41	42	43	44	45	46	47	48	49	50	51	52	53	54	55	56	57	58	59	60	61	62	63	64	65	66	67	68	69	70	71	72
FAY99780_pass_barcode08_98e12ebb_5ad7f319_0 - polya	(1, 0.0)	(2, 0.0)	(3, 0.0)	(4, 0.0)	(5, 0.0)	(6, 0.0)	(7, 0.0)	(8, 0.0)	(9, 0.0)	(10, 0.3242212333121398)	(1000, 0.3496503496503468)	(2000, 0.3496503496503468)	(3000, 0.4583916083916046)	(4000, 0.6993006993006936)	(5000, 0.6993006993006936)	(6000, 0.6993006993006936)	(7000, 0.6993006993006936)	(8000, 0.6993006993006936)	(9000, 0.6993006993006936)	(10000, 0.6993006993006936)	(11000, 0.6993006993006936)	(12000, 0.6993006993006936)	(13000, 0.6993006993006936)	(14000, 0.6993006993006936)	(15000, 0.6993006993006936)	(16000, 0.6993006993006936)	(17000, 0.6993006993006936)	(18000, 0.6993006993006936)	(19000, 0.6993006993006936)	(20000, 0.6993006993006936)	(21000, 0.6993006993006936)	(22000, 0.6993006993006936)	(23000, 0.6993006993006936)	(24000, 0.6993006993006936)	(25000, 0.6993006993006936)	(26000, 0.6993006993006936)	(27000, 0.6993006993006936)	(28000, 0.6993006993006936)	(29000, 0.6993006993006936)	(30000, 0.6993006993006936)	(31000, 0.6993006993006936)	(32000, 0.6993006993006936)	(33000, 0.6993006993006936)	(34000, 0.6993006993006936)	(35000, 0.6993006993006936)	(36000, 0.6993006993006936)	(37000, 0.6993006993006936)	(38000, 0.6993006993006936)	(39000, 0.6993006993006936)	(40000, 0.6993006993006973)																							
FAY99780_pass_barcode08_98e12ebb_5ad7f319_1 - polya	(1, 0.0)	(2, 0.0)	(3, 0.0)	(4, 0.0)	(5, 0.0)	(6, 0.0)	(7, 0.0)	(8, 0.0)	(9, 0.0)	(10, 0.24516262367924946)	(1000, 0.40946291560102616)	(2000, 0.5115089514066533)	(3000, 0.5115089514066533)	(4000, 0.5115089514066533)	(5000, 0.5115089514066533)	(6000, 0.5115089514066533)	(7000, 0.5115089514066533)	(8000, 0.5115089514066533)	(9000, 0.5115089514066533)	(10000, 0.5115089514066533)	(11000, 0.5115089514066533)	(12000, 0.5115089514066533)	(13000, 0.5115089514066533)	(14000, 0.5115089514066533)	(15000, 0.5115089514066533)	(16000, 0.5115089514066533)	(17000, 0.5115089514066533)	(18000, 0.5115089514066533)	(19000, 0.5115089514066533)	(20000, 0.5115089514066533)	(21000, 0.5115089514066533)	(22000, 0.5115089514066533)	(23000, 0.5115089514066533)	(24000, 0.5115089514066533)	(25000, 0.5115089514066533)	(26000, 0.5115089514066533)	(27000, 0.5115089514066533)	(28000, 0.5115089514066533)	(29000, 0.5115089514066533)	(30000, 0.5115089514066533)	(31000, 0.5115089514066533)	(32000, 0.5115089514066533)	(33000, 0.5115089514066533)	(34000, 0.5115089514066533)	(35000, 0.5115089514066533)	(36000, 0.5115089514066533)	(37000, 0.5115089514066533)	(38000, 0.5115089514066533)	(39000, 0.5115089514066533)	(40000, 0.5115089514066533)	(41000, 0.5115089514066533)	(42000, 0.5115089514066533)	(43000, 0.5115089514066493)																				
FAY99780_pass_barcode08_98e12ebb_5ad7f319_10 - polya	(1, 0.0)	(2, 0.0)	(3, 0.0)	(4, 0.0)	(5, 0.0)	(6, 0.0)	(7, 0.0)	(8, 0.0)	(9, 0.0)	(10, 0.0)	(1000, 0.0)	(2000, 0.0)	(3000, 0.0)	(4000, 0.0)	(5000, 0.0)	(6000, 0.0)	(7000, 0.0)	(8000, 0.0)	(9000, 0.0)	(10000, 0.20533707865168813)	(11000, 0.28089887640449795)	(12000, 0.28089887640449795)	(13000, 0.28089887640449795)	(14000, 0.28089887640449795)	(15000, 0.28089887640449795)	(16000, 0.28089887640449795)	(17000, 0.28089887640449795)	(18000, 0.28089887640449795)	(19000, 0.28089887640449795)	(20000, 0.28089887640449795)	(21000, 0.28089887640449795)	(22000, 0.28089887640449795)	(23000, 0.28089887640449795)	(24000, 0.28089887640449795)	(25000, 0.28089887640449795)	(26000, 0.28089887640449795)	(27000, 0.28089887640449795)	(28000, 0.28089887640449795)	(29000, 0.28089887640449795)	(30000, 0.28089887640449795)	(31000, 0.28089887640449795)	(32000, 0.28089887640449795)	(33000, 0.28089887640449795)	(34000, 0.28089887640449795)	(35000, 0.28089887640449795)	(36000, 0.28089887640449795)	(37000, 0.28089887640449795)	(38000, 0.28089887640449795)	(39000, 0.28089887640449795)	(40000, 0.28089887640449795)	(41000, 0.28089887640449795)	(42000, 0.28089887640449795)	(43000, 0.28089887640449795)	(44000, 0.28089887640449795)	(45000, 0.28089887640449795)	(46000, 0.28089887640449285)																	
FAY99780_pass_barcode08_98e12ebb_5ad7f319_100 - polya	(1, 0.0)	(2, 0.0)	(3, 0.0)	(4, 0.0)	(5, 0.0)	(6, 0.0)	(7, 0.0)	(8, 0.0)	(9, 0.0)	(10, 0.0)	(1000, 0.0)	(2000, 0.0)	(3000, 0.0)	(4000, 0.0)	(5000, 0.21339285714285658)	(6000, 0.8928571428571352)	(7000, 1.0642857142857196)	(8000, 1.7857142857142705)	(9000, 1.7857142857142705)	(10000, 1.7857142857142705)	(11000, 1.7857142857142705)	(12000, 1.7857142857142705)	(13000, 1.7857142857142705)	(14000, 1.7857142857142705)	(15000, 1.7857142857142705)	(16000, 1.7857142857142705)	(17000, 1.7857142857142705)	(18000, 1.7857142857142705)	(19000, 1.7857142857142705)	(20000, 1.7857142857142705)	(21000, 1.7857142857142705)	(22000, 1.7857142857142705)	(23000, 1.7857142857142705)	(24000, 1.7857142857142705)	(25000, 1.7857142857142705)	(26000, 1.7857142857142705)	(27000, 1.7857142857142705)	(28000, 1.7857142857142705)	(29000, 1.7857142857142705)	(30000, 1.7857142857142705)	(31000, 1.7857142857142705)	(32000, 2.4178571428571254)	(33000, 2.678571428571426)	(34000, 2.678571428571426)	(35000, 2.678571428571426)	(36000, 2.678571428571426)	(37000, 2.678571428571426)	(38000, 2.678571428571426)	(39000, 2.678571428571426)	(40000, 2.678571428571426)	(41000, 2.678571428571426)	(42000, 2.678571428571426)	(43000, 2.678571428571426)	(44000, 2.678571428571426)	(45000, 2.678571428571426)	(46000, 2.678571428571426)	(47000, 2.678571428571426)	(48000, 2.6785714285714333)															
FAY99780_pass_barcode08_98e12ebb_5ad7f319_100 - polyg	(1, 0.0)	(2, 0.0)	(3, 0.0)	(4, 0.0)	(5, 0.0)	(6, 0.0)	(7, 0.0)	(8, 0.0)	(9, 0.0)	(10, 0.0)	(1000, 0.0)	(2000, 0.0)	(3000, 0.0)	(4000, 0.0)	(5000, 0.3098214285714293)	(6000, 0.8928571428571352)	(7000, 0.8928571428571352)	(8000, 0.8928571428571352)	(9000, 0.8928571428571352)	(10000, 0.8928571428571352)	(11000, 0.8928571428571352)	(12000, 0.8928571428571352)	(13000, 0.8928571428571352)	(14000, 0.8928571428571352)	(15000, 0.8928571428571352)	(16000, 0.8928571428571352)	(17000, 0.8928571428571352)	(18000, 0.8928571428571352)	(19000, 0.8928571428571352)	(20000, 0.8928571428571352)	(21000, 0.8928571428571352)	(22000, 0.8928571428571352)	(23000, 0.8928571428571352)	(24000, 0.8928571428571352)	(25000, 0.8928571428571352)	(26000, 0.8928571428571352)	(27000, 0.8928571428571352)	(28000, 0.8928571428571352)	(29000, 0.8928571428571352)	(30000, 0.8928571428571352)	(31000, 0.8928571428571352)	(32000, 1.4991071428571385)	(33000, 1.7857142857142705)	(34000, 1.7857142857142705)	(35000, 1.7857142857142705)	(36000, 1.7857142857142705)	(37000, 1.7857142857142705)	(38000, 1.7857142857142705)	(39000, 1.7857142857142705)	(40000, 1.7857142857142705)	(41000, 1.7857142857142705)	(42000, 1.7857142857142705)	(43000, 1.7857142857142705)	(44000, 1.7857142857142705)	(45000, 1.7857142857142705)	(46000, 1.7857142857142705)	(47000, 1.7857142857142705)	(48000, 1.785714285714282)															
FAY99780_pass_barcode08_98e12ebb_5ad7f319_104 - polya	(1, 0.0)	(2, 0.0)	(3, 0.0)	(4, 0.0)	(5, 0.0)	(6, 0.0)	(7, 0.0)	(8, 0.0)	(9, 0.0)	(10, 0.0)	(500, 0.0)	(1000, 0.0)	(1500, 0.0)	(2000, 0.0)	(2500, 0.0)	(3000, 0.0)	(3500, 0.0)	(4000, 0.0)	(4500, 0.0)	(5000, 0.0)	(5500, 0.0)	(6000, 0.0)	(6500, 0.0)	(7000, 0.0)	(7500, 0.0)	(8000, 0.0)	(8500, 0.0)	(9000, 0.0)	(9500, 0.0)	(10000, 0.0)	(10500, 0.0)	(11000, 0.0)	(11500, 0.0)	(12000, 0.0)	(12500, 0.0)	(13000, 0.0)	(13500, 0.0)	(14000, 0.0)	(14500, 0.0)	(15000, 0.0)	(15500, 0.6776699029126201)	(16000, 0.970873786407765)	(16500, 0.970873786407765)	(17000, 0.970873786407765)	(17500, 0.970873786407765)	(18000, 0.970873786407765)	(18500, 0.970873786407765)	(19000, 0.970873786407765)	(19500, 0.970873786407765)	(20000, 0.970873786407765)	(20500, 0.970873786407765)	(21000, 0.970873786407765)	(21500, 0.970873786407765)	(22000, 0.970873786407765)	(22500, 0.970873786407765)	(23000, 1.2116504854368906)	(23500, 1.94174757281553)	(24000, 1.94174757281553)	(24500, 1.94174757281553)	(25000, 1.94174757281553)	(25500, 1.94174757281553)	(26000, 1.94174757281553)	(26500, 1.94174757281553)	(27000, 1.94174757281553)	(27500, 1.94174757281553)	(28000, 1.9417475728155302)							
FAY99780_pass_barcode08_98e12ebb_5ad7f319_105 - polya	(1, 0.0)	(2, 0.0)	(3, 0.0)	(4, 0.0)	(5, 0.0)	(6, 0.0)	(7, 0.0)	(8, 0.0)	(9, 0.0)	(10, 0.0)	(1000, 0.0)	(2000, 1.0853658536585404)	(3000, 1.626016260162643)	(4000, 1.626016260162643)	(5000, 1.626016260162643)	(6000, 1.626016260162643)	(7000, 1.626016260162643)	(8000, 1.626016260162643)	(9000, 1.626016260162643)	(10000, 1.626016260162643)	(11000, 1.626016260162643)	(12000, 1.626016260162643)	(13000, 1.626016260162643)	(14000, 1.626016260162643)	(15000, 1.626016260162643)	(16000, 1.626016260162643)	(17000, 1.626016260162643)	(18000, 1.626016260162643)	(19000, 1.626016260162643)	(20000, 1.626016260162643)	(21000, 1.626016260162643)	(22000, 1.626016260162643)	(23000, 1.626016260162643)	(24000, 1.626016260162643)	(25000, 1.626016260162643)	(26000, 1.626016260162643)	(27000, 1.626016260162643)	(28000, 1.626016260162643)	(29000, 1.626016260162643)	(30000, 1.626016260162643)	(31000, 1.626016260162643)	(32000, 1.626016260162643)	(33000, 1.626016260162643)	(34000, 1.626016260162643)	(35000, 1.626016260162643)	(36000, 1.626016260162643)	(37000, 1.626016260162643)	(38000, 1.626016260162643)	(39000, 1.626016260162643)	(40000, 1.626016260162643)	(41000, 1.626016260162643)	(42000, 1.626016260162643)	(43000, 1.626016260162643)	(44000, 1.626016260162643)	(45000, 1.626016260162601)																		
FAY99780_pass_barcode08_98e12ebb_5ad7f319_106 - polya	(1, 0.0)	(2, 0.0)	(3, 0.0)	(4, 0.0)	(5, 0.0)	(6, 0.0)	(7, 0.0)	(8, 0.0)	(9, 0.0)	(10, 0.0)	(1000, 0.0)	(2000, 0.0)	(3000, 0.0)	(4000, 0.0)	(5000, 0.0)	(6000, 0.0)	(7000, 0.0)	(8000, 0.0)	(9000, 0.0)	(10000, 0.0)	(11000, 0.0)	(12000, 0.0)	(13000, 0.0)	(14000, 0.0)	(15000, 0.0)	(16000, 0.0)	(17000, 0.0)	(18000, 0.0)	(19000, 0.0)	(20000, 0.0)	(21000, 0.0)	(22000, 0.0)	(23000, 0.0)	(24000, 0.0)	(25000, 0.0)	(26000, 0.5573770491803177)	(27000, 0.8196721311475219)	(28000, 0.8196721311475219)	(29000, 0.8196721311475219)	(30000, 0.8196721311475219)	(31000, 0.8196721311475219)	(32000, 0.8196721311475219)	(33000, 0.8196721311475413)																														
FAY99780_pass_barcode08_98e12ebb_5ad7f319_106 - polyg	(1, 0.0)	(2, 0.0)	(3, 0.0)	(4, 0.0)	(5, 0.0)	(6, 0.0)	(7, 0.0)	(8, 0.0)	(9, 0.0)	(10, 0.0)	(1000, 0.0)	(2000, 0.0)	(3000, 0.0)	(4000, 0.0)	(5000, 0.0)	(6000, 0.0)	(7000, 0.0)	(8000, 0.0)	(9000, 0.0)	(10000, 0.0)	(11000, 0.0)	(12000, 0.0)	(13000, 0.0)	(14000, 0.0)	(15000, 0.0)	(16000, 0.0)	(17000, 0.0)	(18000, 0.0)	(19000, 0.0)	(20000, 0.0)	(21000, 0.0)	(22000, 0.0)	(23000, 0.0)	(24000, 0.0)	(25000, 0.0)	(26000, 0.0)	(27000, 0.8180327868852268)	(28000, 0.8196721311475219)	(29000, 0.8196721311475219)	(30000, 0.8196721311475219)	(31000, 0.8196721311475219)	(32000, 0.8196721311475219)	(33000, 0.8196721311475413)																														
FAY99780_pass_barcode08_98e12ebb_5ad7f319_107 - polya	(1, 0.0)	(2, 0.0)	(3, 0.0)	(4, 0.0)	(5, 0.0)	(6, 0.0)	(7, 0.0)	(8, 0.0)	(9, 0.0)	(10, 0.0)	(2000, 0.4924137931034411)	(4000, 1.3793103448275743)	(6000, 1.3793103448275743)	(8000, 1.3793103448275743)	(10000, 1.3793103448275743)	(12000, 1.3793103448275743)	(14000, 1.3793103448275743)	(16000, 1.3793103448275743)	(18000, 1.3793103448275743)	(20000, 1.3793103448275743)	(22000, 1.3793103448275743)	(24000, 1.3793103448275743)	(26000, 1.3793103448275743)	(28000, 1.3793103448275743)	(30000, 1.3793103448275743)	(32000, 1.3793103448275743)	(34000, 1.3793103448275743)	(36000, 1.3793103448275743)	(38000, 1.3793103448275743)	(40000, 1.3793103448275743)	(42000, 1.3793103448275743)	(44000, 1.3793103448275743)	(46000, 1.3793103448275743)	(48000, 1.3793103448275743)	(50000, 1.3793103448275743)	(52000, 1.3793103448275743)	(54000, 1.3793103448275743)	(56000, 1.3793103448275743)	(58000, 1.3793103448275743)	(60000, 1.3793103448275743)	(62000, 1.3793103448275743)	(64000, 1.3793103448275743)	(66000, 1.3793103448275743)	(68000, 1.3793103448275743)	(70000, 1.3793103448275743)	(72000, 1.3793103448275945)																											
FAY99780_pass_barcode08_98e12ebb_5ad7f319_108 - polya	(1, 0.0)	(2, 0.0)	(3, 0.0)	(4, 0.0)	(5, 0.0)	(6, 0.0)	(7, 0.0)	(8, 0.0)	(9, 0.0)	(10, 0.0)	(500, 0.0)	(1000, 0.0)	(1500, 0.0)	(2000, 0.0)	(2500, 0.0)	(3000, 0.0)	(3500, 0.0)	(4000, 0.0)	(4500, 0.0)	(5000, 0.0)	(5500, 0.0)	(6000, 0.0)	(6500, 0.0)	(7000, 0.0)	(7500, 0.0)	(8000, 0.0)	(8500, 0.0)	(9000, 0.0)	(9500, 0.0)	(10000, 0.23829787234042535)	(10500, 1.0638297872340503)	(11000, 1.4042553191489504)	(11500, 2.1276595744681006)	(12000, 2.1276595744681006)	(12500, 2.1276595744681006)	(13000, 2.1276595744681006)	(13500, 2.1276595744681006)	(14000, 2.1276595744681006)	(14500, 2.1276595744681006)	(15000, 2.1276595744681006)	(15500, 2.1276595744681006)	(16000, 2.1276595744681006)	(16500, 2.1276595744681006)	(17000, 2.1276595744681006)	(17500, 2.1276595744681006)	(18000, 2.1276595744681006)	(18500, 2.1276595744681006)	(19000, 2.1276595744681006)	(19500, 2.1276595744681006)	(20000, 2.1276595744681006)	(20500, 2.1276595744681006)	(21000, 2.1276595744681006)	(21500, 2.1276595744681006)	(22000, 2.1276595744681006)	(22500, 2.1276595744681006)	(23000, 2.1276595744681006)	(23500, 2.1276595744681006)	(24000, 2.1276595744681006)	(24500, 2.1276595744681006)	(25000, 2.1276595744681006)	(25500, 2.1276595744681006)	(26000, 2.1276595744681006)	(26500, 2.1276595744681006)	(27000, 2.1276595744681006)	(27500, 2.1276595744681006)	(28000, 2.1276595744681006)	(28500, 2.1276595744681006)	(29000, 2.1276595744681006)	(29500, 2.1276595744681006)	(30000, 2.1276595744681006)	(30500, 2.127659574468104)		
FAY99780_pass_barcode08_98e12ebb_5ad7f319_109 - polya	(1, 0.0)	(2, 0.0)	(3, 0.0)	(4, 0.0)	(5, 0.0)	(6, 0.0)	(7, 0.0)	(8, 0.0)	(9, 0.0)	(10, 0.0)	(1000, 0.0)	(2000, 0.0)	(3000, 0.4548872180451059)	(4000, 0.7518796992481026)	(5000, 0.7518796992481026)	(6000, 0.7518796992481026)	(7000, 0.7518796992481026)	(8000, 0.7518796992481026)	(9000, 0.7518796992481026)	(10000, 0.7518796992481026)	(11000, 0.7518796992481026)	(12000, 0.7518796992481026)	(13000, 1.3120300751879415)	(14000, 1.5037593984962052)	(15000, 1.5037593984962052)	(16000, 1.5037593984962052)	(17000, 1.5037593984962052)	(18000, 1.5037593984962052)	(19000, 1.5037593984962052)	(20000, 1.5037593984962052)	(21000, 1.5037593984962052)	(22000, 1.5037593984962052)	(23000, 1.5037593984962052)	(24000, 1.5037593984962052)	(25000, 1.5037593984962052)	(26000, 1.5037593984962052)	(27000, 1.5037593984962052)	(28000, 1.5037593984962052)	(29000, 1.5037593984962052)	(30000, 1.5037593984962052)	(31000, 1.5037593984962052)	(32000, 1.5037593984962052)	(33000, 1.5037593984962052)	(34000, 1.5037593984962052)	(35000, 1.5037593984962052)	(36000, 1.5037593984962052)	(37000, 1.5037593984962052)	(38000, 1.5037593984962052)	(39000, 1.5037593984962052)	(40000, 1.5037593984962052)	(41000, 1.5037593984962052)	(42000, 1.5037593984962052)	(43000, 1.5037593984962052)	(44000, 1.5037593984962052)	(45000, 1.5037593984962052)	(46000, 1.5037593984962052)	(47000, 1.5037593984962052)	(48000, 1.5037593984962052)	(49000, 1.50375939849622)														
FAY99780_pass_barcode08_98e12ebb_5ad7f319_11 - polya	(1, 0.0)	(2, 0.0)	(3, 0.0)	(4, 0.0)	(5, 0.0)	(6, 0.0)	(7, 0.0)	(8, 0.0)	(9, 0.0)	(10, 0.10942760942761011)	(1000, 0.3472222222222272)	(2000, 0.3472222222222272)	(3000, 0.3472222222222272)	(4000, 0.3472222222222272)	(5000, 0.3472222222222272)	(6000, 0.3472222222222272)	(7000, 0.3472222222222272)	(8000, 0.3472222222222272)	(9000, 0.3472222222222272)	(10000, 0.3472222222222272)	(11000, 0.3472222222222272)	(12000, 0.3472222222222272)	(13000, 0.3472222222222272)	(14000, 0.3472222222222272)	(15000, 0.3472222222222272)	(16000, 0.3472222222222272)	(17000, 0.3472222222222272)	(18000, 0.3472222222222272)	(19000, 0.3472222222222272)	(20000, 0.3472222222222272)	(21000, 0.3472222222222272)	(22000, 0.3472222222222272)	(23000, 0.3472222222222272)	(24000, 0.3472222222222272)	(25000, 0.3472222222222272)	(26000, 0.3472222222222272)	(27000, 0.3472222222222272)	(28000, 0.3472222222222272)	(29000, 0.3472222222222272)	(30000, 0.3472222222222272)	(31000, 0.3472222222222272)	(32000, 0.3472222222222272)	(33000, 0.3472222222222272)	(34000, 0.3472222222222272)	(35000, 0.3472222222222272)	(36000, 0.3472222222222272)	(37000, 0.3472222222222272)	(38000, 0.3472222222222272)	(39000, 0.3472222222222272)	(40000, 0.3472222222222272)	(41000, 0.3472222222222272)	(42000, 0.3472222222222272)	(43000, 0.3472222222222272)	(44000, 0.3472222222222272)	(45000, 0.3472222222222272)	(46000, 0.3472222222222272)	(47000, 0.3472222222222272)	(48000, 0.3472222222222245)															
FAY99780_pass_barcode08_98e12ebb_5ad7f319_110 - polya	(1, 0.0)	(2, 0.0)	(3, 0.0)	(4, 0.0)	(5, 0.0)	(6, 0.0)	(7, 0.0)	(8, 0.0)	(9, 0.0)	(10, 0.5237946475059914)	(1000, 1.0309278350515545)	(2000, 1.0309278350515545)	(3000, 1.0309278350515545)	(4000, 1.0309278350515545)	(5000, 1.0309278350515545)	(6000, 1.0309278350515545)	(7000, 1.0309278350515545)	(8000, 1.0309278350515545)	(9000, 1.0309278350515545)	(10000, 1.0309278350515545)	(11000, 1.0309278350515545)	(12000, 1.0309278350515545)	(13000, 1.8453608247422846)	(14000, 2.061855670103109)	(15000, 2.061855670103109)	(16000, 2.061855670103109)	(17000, 2.061855670103109)	(18000, 2.061855670103109)	(19000, 2.061855670103109)	(20000, 2.061855670103109)	(21000, 2.061855670103109)	(22000, 2.061855670103109)	(23000, 2.061855670103109)	(24000, 2.061855670103109)	(25000, 2.061855670103109)	(26000, 2.061855670103109)	(27000, 2.061855670103109)	(28000, 2.061855670103109)	(29000, 2.061855670103109)	(30000, 2.061855670103109)	(31000, 2.061855670103109)	(32000, 2.061855670103109)	(33000, 2.061855670103109)	(34000, 2.061855670103109)	(35000, 2.061855670103109)	(36000, 2.061855670103109)	(37000, 2.061855670103109)	(38000, 2.061855670103109)	(39000, 2.061855670103109)	(40000, 2.061855670103109)	(41000, 2.061855670103109)	(42000, 2.061855670103109)	(43000, 2.061855670103103)																				
FAY99780_pass_barcode08_98e12ebb_5ad7f319_111 - polya	(1, 0.0)	(2, 0.0)	(3, 0.0)	(4, 0.0)	(5, 0.0)	(6, 0.0)	(7, 0.0)	(8, 0.0)	(9, 0.0)	(10, 0.0)	(2000, 0.0)	(4000, 0.0)	(6000, 0.0)	(8000, 0.0)	(10000, 0.0)	(12000, 0.0)	(14000, 0.0)	(16000, 0.0)	(18000, 0.0)	(20000, 0.3241525423728832)	(22000, 0.847457627118673)	(24000, 0.847457627118673)	(26000, 0.847457627118673)	(28000, 0.847457627118673)	(30000, 0.847457627118673)	(32000, 0.847457627118673)	(34000, 0.847457627118673)	(36000, 0.847457627118673)	(38000, 0.847457627118673)	(40000, 0.847457627118673)	(42000, 0.847457627118673)	(44000, 0.847457627118673)	(46000, 0.847457627118673)	(48000, 0.847457627118673)	(50000, 0.847457627118673)	(52000, 0.847457627118673)	(54000, 0.847457627118673)	(56000, 0.847457627118673)	(58000, 0.847457627118673)	(60000, 0.847457627118673)	(62000, 0.847457627118673)	(64000, 0.847457627118673)	(66000, 0.847457627118673)	(68000, 0.847457627118673)	(70000, 0.847457627118673)	(72000, 0.847457627118673)	(74000, 0.847457627118673)	(76000, 0.847457627118673)	(78000, 0.847457627118673)	(80000, 0.847457627118673)	(82000, 0.847457627118673)	(84000, 0.847457627118673)	(86000, 0.847457627118673)	(88000, 0.847457627118673)	(90000, 0.847457627118673)	(92000, 0.847457627118673)	(94000, 0.847457627118673)	(96000, 0.847457627118673)	(98000, 0.8474576271186423)														
FAY99780_pass_barcode08_98e12ebb_5ad7f319_114 - polyg	(1, 0.0)	(2, 0.0)	(3, 0.0)	(4, 0.0)	(5, 0.0)	(6, 0.0)	(7, 0.0)	(8, 0.0)	(9, 0.0)	(10, 0.9385113268608394)	(1000, 0.9708737864077649)	(2000, 0.9708737864077649)	(3000, 0.9708737864077649)	(4000, 0.9708737864077649)	(5000, 0.9708737864077649)	(6000, 0.9708737864077649)	(7000, 0.9708737864077649)	(8000, 0.9708737864077649)	(9000, 0.9708737864077649)	(10000, 0.9708737864077649)	(11000, 0.9708737864077649)	(12000, 0.9708737864077649)	(13000, 0.9708737864077649)	(14000, 0.9708737864077649)	(15000, 0.9708737864077649)	(16000, 0.9708737864077649)	(17000, 0.9708737864077649)	(18000, 0.9708737864077649)	(19000, 0.9708737864077649)	(20000, 0.9708737864077649)	(21000, 0.9708737864077649)	(22000, 0.9708737864077649)	(23000, 0.9708737864077649)	(24000, 0.9708737864077649)	(25000, 0.9708737864077649)	(26000, 0.9708737864077649)	(27000, 0.9708737864077649)	(28000, 0.9708737864077649)	(29000, 0.9708737864077649)	(30000, 0.9708737864077649)	(31000, 0.9708737864077649)	(32000, 0.9708737864077649)	(33000, 0.9708737864077649)	(34000, 0.9708737864077649)	(35000, 0.9708737864077649)	(36000, 0.9708737864077649)	(37000, 0.9708737864077649)	(38000, 0.9708737864077649)	(39000, 0.970873786407765)																								
FAY99780_pass_barcode08_98e12ebb_5ad7f319_115 - polya	(1, 0.0)	(2, 0.0)	(3, 0.0)	(4, 0.0)	(5, 0.0)	(6, 0.0)	(7, 0.0)	(8, 0.0)	(9, 0.0)	(10, 0.0)	(1000, 0.0)	(2000, 0.0)	(3000, 0.0)	(4000, 0.0)	(5000, 0.0)	(6000, 0.0)	(7000, 0.0)	(8000, 0.0)	(9000, 0.0)	(10000, 0.0)	(11000, 0.0)	(12000, 0.0)	(13000, 0.0)	(14000, 0.0)	(15000, 0.0)	(16000, 0.0)	(17000, 0.0)	(18000, 0.0)	(19000, 0.0)	(20000, 0.0)	(21000, 0.0)	(22000, 0.0)	(23000, 0.0)	(24000, 0.0)	(25000, 0.0)	(26000, 0.0)	(27000, 0.0)	(28000, 0.0)	(29000, 0.0)	(30000, 0.0)	(31000, 0.0)	(32000, 0.0)	(33000, 0.0)	(34000, 0.0)	(35000, 0.15838926174496668)	(36000, 0.6711409395973098)	(37000, 0.6711409395973098)	(38000, 0.6711409395973101)																									
FAY99780_pass_barcode08_98e12ebb_5ad7f319_115 - polyg	(1, 0.0)	(2, 0.0)	(3, 0.0)	(4, 0.0)	(5, 0.0)	(6, 0.0)	(7, 0.0)	(8, 0.0)	(9, 0.0)	(10, 0.0)	(1000, 0.0)	(2000, 0.0)	(3000, 0.0)	(4000, 0.0)	(5000, 0.0)	(6000, 0.0)	(7000, 0.0)	(8000, 0.0)	(9000, 0.0)	(10000, 0.0)	(11000, 0.0)	(12000, 0.0)	(13000, 0.0)	(14000, 0.0)	(15000, 0.0)	(16000, 0.0)	(17000, 0.0)	(18000, 0.0)	(19000, 0.0)	(20000, 0.0)	(21000, 0.0)	(22000, 0.0)	(23000, 0.0)	(24000, 0.0)	(25000, 0.0)	(26000, 0.0)	(27000, 0.0)	(28000, 0.0)	(29000, 0.0)	(30000, 0.0)	(31000, 0.0)	(32000, 0.0)	(33000, 0.0)	(34000, 0.0)	(35000, 0.09798657718120835)	(36000, 0.6711409395973098)	(37000, 0.6711409395973098)	(38000, 0.6711409395973101)																									
FAY99780_pass_barcode08_98e12ebb_5ad7f319_116 - polya	(1, 0.0)	(2, 0.0)	(3, 0.0)	(4, 0.0)	(5, 0.0)	(6, 0.0)	(7, 0.0)	(8, 0.0)	(9, 0.0)	(10, 0.0)	(2000, 0.0)	(4000, 0.0)	(6000, 0.0)	(8000, 0.0)	(10000, 0.0)	(12000, 0.0)	(14000, 0.0)	(16000, 0.0)	(18000, 0.0)	(20000, 0.0)	(22000, 0.0)	(24000, 0.0)	(26000, 0.0)	(28000, 0.5139639639639566)	(30000, 0.900900900900927)	(32000, 0.900900900900927)	(34000, 0.900900900900927)	(36000, 0.900900900900927)	(38000, 0.900900900900927)	(40000, 0.900900900900927)	(42000, 0.900900900900927)	(44000, 1.2540540540540506)	(46000, 1.801801801801854)	(48000, 1.801801801801854)	(50000, 1.801801801801854)	(52000, 1.801801801801854)	(54000, 1.801801801801854)	(56000, 1.801801801801854)	(58000, 1.801801801801854)	(60000, 1.801801801801854)	(62000, 1.801801801801854)	(64000, 1.801801801801854)	(66000, 1.801801801801854)	(68000, 1.801801801801854)	(70000, 1.801801801801854)	(72000, 1.801801801801854)	(74000, 1.8018018018018511)																										
FAY99780_pass_barcode08_98e12ebb_5ad7f319_117 - polya	(1, 0.0)	(2, 0.0)	(3, 0.0)	(4, 0.0)	(5, 0.0)	(6, 0.0)	(7, 0.0)	(8, 0.0)	(9, 0.0)	(10, 0.5667292392956025)	(1000, 0.8849557522123714)	(2000, 0.8849557522123714)	(3000, 0.8849557522123714)	(4000, 0.8849557522123714)	(5000, 0.8849557522123714)	(6000, 0.8849557522123714)	(7000, 0.8849557522123714)	(8000, 0.8849557522123714)	(9000, 0.8849557522123714)	(10000, 0.8849557522123714)	(11000, 0.8849557522123714)	(12000, 0.8849557522123714)	(13000, 0.8849557522123714)	(14000, 0.8849557522123714)	(15000, 0.8849557522123714)	(16000, 0.8849557522123714)	(17000, 0.8849557522123714)	(18000, 0.8849557522123714)	(19000, 0.8849557522123714)	(20000, 0.8849557522123714)	(21000, 0.8849557522123714)	(22000, 0.8849557522123714)	(23000, 0.8849557522123714)	(24000, 0.8849557522123714)	(25000, 0.8849557522123714)	(26000, 0.8849557522123714)	(27000, 0.8849557522123714)	(28000, 0.8849557522123714)	(29000, 0.8849557522123714)	(30000, 0.8849557522123714)	(31000, 0.8849557522123714)	(32000, 0.8849557522123714)	(33000, 0.8849557522123714)	(34000, 0.8849557522123714)	(35000, 0.8849557522123714)	(36000, 0.8849557522123714)	(37000, 0.8849557522123714)	(38000, 0.8849557522123714)	(39000, 0.8849557522123714)	(40000, 0.8849557522123714)	(41000, 0.8849557522123714)	(42000, 0.8849557522123714)	(43000, 0.8849557522123714)	(44000, 0.8849557522123714)	(45000, 0.8849557522123714)	(46000, 0.8849557522123714)	(47000, 0.8849557522123714)	(48000, 0.8849557522123714)	(49000, 0.8849557522123714)	(50000, 0.8849557522123714)	(51000, 0.8849557522123714)	(52000, 0.8849557522123714)	(53000, 0.8849557522123714)	(54000, 0.8849557522123896)									
FAY99780_pass_barcode08_98e12ebb_5ad7f319_12 - polya	(1, 0.0)	(2, 0.0)	(3, 0.0)	(4, 0.0)	(5, 0.0)	(6, 0.0)	(7, 0.0)	(8, 0.0)	(9, 0.0)	(10, 0.0)	(1000, 0.0)	(2000, 0.0)	(3000, 0.0)	(4000, 0.0)	(5000, 0.0)	(6000, 0.0)	(7000, 0.0017064846416382253)	(8000, 0.34129692832764796)	(9000, 0.34129692832764796)	(10000, 0.34129692832764796)	(11000, 0.34129692832764796)	(12000, 0.662116040955636)	(13000, 0.6825938566552959)	(14000, 0.6825938566552959)	(15000, 0.6825938566552959)	(16000, 0.6825938566552959)	(17000, 0.6825938566552959)	(18000, 0.6825938566552959)	(19000, 0.6825938566552959)	(20000, 0.6825938566552959)	(21000, 0.6825938566552959)	(22000, 0.6825938566552959)	(23000, 0.6825938566552959)	(24000, 0.6825938566552959)	(25000, 0.9750853242320592)	(26000, 1.02389078498291)	(27000, 1.02389078498291)	(28000, 1.02389078498291)	(29000, 1.02389078498291)	(30000, 1.02389078498291)	(31000, 1.02389078498291)	(32000, 1.02389078498291)	(33000, 1.02389078498291)	(34000, 1.02389078498291)	(35000, 1.02389078498291)	(36000, 1.02389078498291)	(37000, 1.02389078498291)	(38000, 1.02389078498291)	(39000, 1.02389078498291)	(40000, 1.02389078498291)	(41000, 1.02389078498291)	(42000, 1.02389078498291)	(43000, 1.02389078498291)	(44000, 1.02389078498291)	(45000, 1.02389078498291)	(46000, 1.02389078498291)	(47000, 1.02389078498291)	(48000, 1.02389078498291)	(49000, 1.02389078498291)	(50000, 1.02389078498291)	(51000, 1.02389078498291)	(52000, 1.02389078498291)	(53000, 1.02389078498291)	(54000, 1.023890784982938)									
FAY99780_pass_barcode08_98e12ebb_5ad7f319_12 - polyg	(1, 0.0)	(2, 0.0)	(3, 0.0)	(4, 0.0)	(5, 0.0)	(6, 0.0)	(7, 0.0)	(8, 0.0)	(9, 0.0)	(10, 0.0)	(1000, 0.0)	(2000, 0.0)	(3000, 0.0)	(4000, 0.0)	(5000, 0.0)	(6000, 0.0)	(7000, 0.0)	(8000, 0.3040955631399324)	(9000, 0.34129692832764796)	(10000, 0.34129692832764796)	(11000, 0.34129692832764796)	(12000, 0.34129692832764796)	(13000, 0.34129692832764796)	(14000, 0.34129692832764796)	(15000, 0.34129692832764796)	(16000, 0.34129692832764796)	(17000, 0.34129692832764796)	(18000, 0.34129692832764796)	(19000, 0.34129692832764796)	(20000, 0.34129692832764796)	(21000, 0.34129692832764796)	(22000, 0.34129692832764796)	(23000, 0.34129692832764796)	(24000, 0.34129692832764796)	(25000, 0.34129692832764796)	(26000, 0.34129692832764796)	(27000, 0.34129692832764796)	(28000, 0.34129692832764796)	(29000, 0.34129692832764796)	(30000, 0.34129692832764796)	(31000, 0.34129692832764796)	(32000, 0.34129692832764796)	(33000, 0.34129692832764796)	(34000, 0.34129692832764796)	(35000, 0.34129692832764796)	(36000, 0.34129692832764796)	(37000, 0.34129692832764796)	(38000, 0.34129692832764796)	(39000, 0.34129692832764796)	(40000, 0.34129692832764796)	(41000, 0.34129692832764796)	(42000, 0.34129692832764796)	(43000, 0.34129692832764796)	(44000, 0.34129692832764796)	(45000, 0.34129692832764796)	(46000, 0.34129692832764796)	(47000, 0.34129692832764796)	(48000, 0.34129692832764796)	(49000, 0.34129692832764796)	(50000, 0.34129692832764796)	(51000, 0.34129692832764796)	(52000, 0.34129692832764796)	(53000, 0.34129692832764796)	(54000, 0.3412969283276462)									
FAY99780_pass_barcode08_98e12ebb_5ad7f319_123 - polya	(1, 0.0)	(2, 0.0)	(3, 0.0)	(4, 0.0)	(5, 0.0)	(6, 0.0)	(7, 0.0)	(8, 0.0)	(9, 0.0)	(10, 0.0)	(1000, 0.0)	(2000, 0.0)	(3000, 0.0)	(4000, 0.0)	(5000, 0.0)	(6000, 0.0)	(7000, 0.0)	(8000, 0.0)	(9000, 0.0)	(10000, 0.0)	(11000, 0.0)	(12000, 0.0)	(13000, 0.0)	(14000, 0.0)	(15000, 0.0)	(16000, 0.0)	(17000, 0.0)	(18000, 0.0)	(19000, 0.0)	(20000, 0.0)	(21000, 0.0)	(22000, 0.0)	(23000, 0.0)	(24000, 0.0)	(25000, 0.0)	(26000, 0.0)	(27000, 0.0759036144578313)	(28000, 1.2048192771084352)	(29000, 1.2048192771084352)	(30000, 1.2048192771084352)	(31000, 1.2048192771084352)	(32000, 1.2048192771084352)	(33000, 1.2048192771084352)	(34000, 1.2048192771084352)	(35000, 1.2048192771084352)	(36000, 1.2048192771084352)	(37000, 1.2048192771084352)	(38000, 1.2048192771084352)	(39000, 1.2048192771084352)	(40000, 1.2048192771084352)	(41000, 1.2048192771084352)	(42000, 1.2048192771084352)	(43000, 1.2048192771084352)	(44000, 1.2048192771084352)	(45000, 1.2048192771084352)	(46000, 1.2048192771084194)																	
FAY99780_pass_barcode08_98e12ebb_5ad7f319_124 - polya	(1, 0.0)	(2, 0.0)	(3, 0.0)	(4, 0.0)	(5, 0.0)	(6, 0.0)	(7, 0.0)	(8, 0.0)	(9, 0.0)	(10, 0.0)	(1000, 0.0)	(2000, 0.0)	(3000, 0.0)	(4000, 0.0)	(5000, 0.0)	(6000, 0.0)	(7000, 0.0)	(8000, 0.0)	(9000, 0.0)	(10000, 0.0)	(11000, 0.0)	(12000, 0.0)	(13000, 0.8396396396396321)	(14000, 0.9009009009008908)	(15000, 0.9009009009008908)	(16000, 0.9009009009008908)	(17000, 0.9009009009008908)	(18000, 0.9009009009008908)	(19000, 0.9009009009008908)	(20000, 0.9009009009008908)	(21000, 0.9009009009008908)	(22000, 0.9009009009008908)	(23000, 0.9009009009008908)	(24000, 0.9009009009008908)	(25000, 0.9009009009008908)	(26000, 0.9009009009008908)	(27000, 0.9009009009008908)	(28000, 1.1432432432432464)	(29000, 1.8018018018017816)	(30000, 1.8018018018017816)	(31000, 1.8018018018017816)	(32000, 1.8018018018017816)	(33000, 1.8018018018017816)	(34000, 1.8018018018017816)	(35000, 1.8018018018017816)	(36000, 1.8018018018017816)	(37000, 1.8018018018017816)	(38000, 1.8018018018018114)																									
FAY99780_pass_barcode08_98e12ebb_5ad7f319_125 - polya	(1, 0.0)	(2, 0.0)	(3, 0.0)	(4, 0.0)	(5, 0.0)	(6, 0.0)	(7, 0.0)	(8, 0.0)	(9, 0.0)	(10, 0.0)	(1000, 0.0)	(2000, 0.0)	(3000, 0.0)	(4000, 0.0)	(5000, 0.0)	(6000, 0.0)	(7000, 0.0)	(8000, 0.0)	(9000, 0.0)	(10000, 0.0)	(11000, 0.0)	(12000, 0.0)	(13000, 0.0)	(14000, 0.0)	(15000, 0.0)	(16000, 0.0)	(17000, 0.0)	(18000, 0.0)	(19000, 0.0)	(20000, 0.0)	(21000, 0.0)	(22000, 0.0)	(23000, 0.0)	(24000, 0.0)	(25000, 0.0)	(26000, 0.0)	(27000, 0.0)	(28000, 0.0)	(29000, 0.0)	(30000, 0.0)	(31000, 0.0)	(32000, 0.0)	(33000, 0.0)	(34000, 0.0)	(35000, 0.0)	(36000, 0.0)	(37000, 0.0)	(38000, 0.0)	(39000, 0.0)	(40000, 0.0)	(41000, 0.0)	(42000, 0.0)	(43000, 0.0)	(44000, 0.0)	(45000, 0.0)	(46000, 0.0)	(47000, 0.0)	(48000, 0.0)	(49000, 0.0)	(50000, 0.0)	(51000, 0.0)	(52000, 0.0)	(53000, 0.0)	(54000, 0.16287878787878698)	(55000, 0.7575757575757514)	(56000, 0.7575757575757514)	(57000, 0.7575757575757514)	(58000, 0.7575757575757517)					
FAY99780_pass_barcode08_98e12ebb_5ad7f319_126 - polya	(1, 0.0)	(2, 0.0)	(3, 0.0)	(4, 0.0)	(5, 0.0)	(6, 0.0)	(7, 0.0)	(8, 0.0)	(9, 0.0)	(10, 0.33411033411033647)	(1000, 0.8547008547008411)	(2000, 0.8547008547008411)	(3000, 0.8547008547008411)	(4000, 0.8547008547008411)	(5000, 0.8547008547008411)	(6000, 0.8547008547008411)	(7000, 0.8547008547008411)	(8000, 0.8547008547008411)	(9000, 0.8547008547008411)	(10000, 0.8547008547008411)	(11000, 0.8547008547008411)	(12000, 0.8547008547008411)	(13000, 0.8547008547008411)	(14000, 0.8547008547008411)	(15000, 0.8547008547008411)	(16000, 0.8547008547008411)	(17000, 0.8547008547008411)	(18000, 0.8547008547008411)	(19000, 0.8547008547008411)	(20000, 0.8547008547008411)	(21000, 0.8547008547008411)	(22000, 0.8547008547008411)	(23000, 1.2299145299145302)	(24000, 1.7094017094016822)	(25000, 1.7094017094016822)	(26000, 1.7094017094016822)	(27000, 1.7094017094016822)	(28000, 1.7094017094016822)	(29000, 1.7094017094016822)	(30000, 1.7094017094016822)	(31000, 1.7094017094016822)	(32000, 1.7094017094016822)	(33000, 2.3948717948717766)	(34000, 2.5641025641025434)	(35000, 2.5641025641025434)	(36000, 2.5641025641025434)	(37000, 2.5641025641025434)	(38000, 2.5641025641025434)	(39000, 2.5641025641025434)	(40000, 2.5641025641025434)	(41000, 2.5641025641025443)																						
FAY99780_pass_barcode08_98e12ebb_5ad7f319_127 - polya	(1, 0.0)	(2, 0.0)	(3, 0.0)	(4, 0.0)	(5, 0.0)	(6, 0.0)	(7, 0.0)	(8, 0.0)	(9, 0.0)	(10, 0.0)	(1000, 0.0)	(2000, 0.0)	(3000, 0.0)	(4000, 0.7545454545454544)	(5000, 1.0101010101010173)	(6000, 1.0101010101010173)	(7000, 1.0101010101010173)	(8000, 1.0101010101010173)	(9000, 1.0101010101010173)	(10000, 1.0101010101010173)	(11000, 1.0101010101010173)	(12000, 1.0101010101010173)	(13000, 1.0101010101010173)	(14000, 1.948484848484832)	(15000, 3.0303030303030054)	(16000, 3.0303030303030054)	(17000, 3.0303030303030054)	(18000, 3.0303030303030054)	(19000, 3.0303030303030054)	(20000, 3.0303030303030054)	(21000, 3.0303030303030054)	(22000, 3.0303030303030054)	(23000, 3.0303030303030054)	(24000, 3.0303030303030054)	(25000, 3.0303030303030054)	(26000, 3.0303030303030054)	(27000, 3.0303030303030054)	(28000, 3.0303030303030054)	(29000, 3.0303030303030054)	(30000, 3.0303030303030054)	(31000, 3.0303030303030054)	(32000, 3.0303030303030054)	(33000, 3.0303030303030054)	(34000, 3.0303030303030054)	(35000, 3.0303030303030054)	(36000, 3.0303030303030054)	(37000, 3.0303030303030054)	(38000, 3.0303030303030054)	(39000, 3.0303030303030054)	(40000, 3.0303030303030054)	(41000, 3.0303030303030054)	(42000, 3.0303030303030054)	(43000, 3.0303030303030165)																				
FAY99780_pass_barcode08_98e12ebb_5ad7f319_127 - polyg	(1, 0.0)	(2, 0.0)	(3, 0.0)	(4, 0.0)	(5, 0.0)	(6, 0.0)	(7, 0.0)	(8, 0.0)	(9, 0.0)	(10, 0.0)	(1000, 0.0)	(2000, 0.0)	(3000, 0.0)	(4000, 0.0)	(5000, 0.0)	(6000, 0.0)	(7000, 0.0)	(8000, 0.0)	(9000, 0.0)	(10000, 0.0)	(11000, 0.0)	(12000, 0.0)	(13000, 0.0)	(14000, 0.6363636363636328)	(15000, 1.0101010101010173)	(16000, 1.0101010101010173)	(17000, 1.0101010101010173)	(18000, 1.0101010101010173)	(19000, 1.0101010101010173)	(20000, 1.0101010101010173)	(21000, 1.0101010101010173)	(22000, 1.0101010101010173)	(23000, 1.0101010101010173)	(24000, 1.0101010101010173)	(25000, 1.0101010101010173)	(26000, 1.0101010101010173)	(27000, 1.0101010101010173)	(28000, 1.0101010101010173)	(29000, 1.0101010101010173)	(30000, 1.0101010101010173)	(31000, 1.0101010101010173)	(32000, 1.0101010101010173)	(33000, 1.0101010101010173)	(34000, 1.0101010101010173)	(35000, 1.0101010101010173)	(36000, 1.0101010101010173)	(37000, 1.0101010101010173)	(38000, 1.0101010101010173)	(39000, 1.0101010101010173)	(40000, 1.0101010101010173)	(41000, 1.0101010101010173)	(42000, 1.0101010101010173)	(43000, 1.0101010101010102)																				
FAY99780_pass_barcode08_98e12ebb_5ad7f319_129 - polya	(1, 0.0)	(2, 0.0)	(3, 0.0)	(4, 0.0)	(5, 0.0)	(6, 0.0)	(7, 0.0)	(8, 0.0)	(9, 0.0)	(10, 0.0)	(1000, 0.0)	(2000, 0.0)	(3000, 0.0)	(4000, 0.0)	(5000, 0.02035398230088496)	(6000, 0.8849557522123714)	(7000, 0.8849557522123714)	(8000, 0.8849557522123714)	(9000, 0.8849557522123714)	(10000, 0.8849557522123714)	(11000, 0.8849557522123714)	(12000, 0.8849557522123714)	(13000, 0.8849557522123714)	(14000, 0.8849557522123714)	(15000, 0.8849557522123714)	(16000, 0.8849557522123714)	(17000, 0.8849557522123714)	(18000, 0.8849557522123714)	(19000, 0.8849557522123714)	(20000, 0.8849557522123714)	(21000, 0.8849557522123714)	(22000, 0.8849557522123714)	(23000, 0.8849557522123714)	(24000, 0.8849557522123714)	(25000, 0.8849557522123714)	(26000, 0.8849557522123714)	(27000, 0.8849557522123714)	(28000, 0.8849557522123714)	(29000, 0.8849557522123714)	(30000, 0.8849557522123714)	(31000, 0.8849557522123714)	(32000, 0.8849557522123714)	(33000, 0.8849557522123714)	(34000, 0.8849557522123714)	(35000, 0.8849557522123714)	(36000, 0.8849557522123714)	(37000, 0.8849557522123714)	(38000, 0.8849557522123714)	(39000, 0.8849557522123732)																								
FAY99780_pass_barcode08_98e12ebb_5ad7f319_129 - polyg	(1, 0.0)	(2, 0.0)	(3, 0.0)	(4, 0.0)	(5, 0.0)	(6, 0.0)	(7, 0.0)	(8, 0.0)	(9, 0.0)	(10, 0.0)	(1000, 0.0)	(2000, 0.0)	(3000, 0.0)	(4000, 0.0)	(5000, 0.0)	(6000, 0.5168141592920283)	(7000, 0.8849557522123714)	(8000, 0.8849557522123714)	(9000, 0.8849557522123714)	(10000, 0.8849557522123714)	(11000, 0.8849557522123714)	(12000, 0.8849557522123714)	(13000, 0.8849557522123714)	(14000, 0.8849557522123714)	(15000, 0.8849557522123714)	(16000, 0.8849557522123714)	(17000, 0.8849557522123714)	(18000, 0.8849557522123714)	(19000, 0.8849557522123714)	(20000, 0.8849557522123714)	(21000, 0.8849557522123714)	(22000, 0.8849557522123714)	(23000, 0.8849557522123714)	(24000, 0.8849557522123714)	(25000, 0.8849557522123714)	(26000, 0.8849557522123714)	(27000, 0.8849557522123714)	(28000, 0.8849557522123714)	(29000, 0.8849557522123714)	(30000, 0.8849557522123714)	(31000, 0.8849557522123714)	(32000, 0.8849557522123714)	(33000, 0.8849557522123714)	(34000, 0.8849557522123714)	(35000, 0.8849557522123714)	(36000, 0.8849557522123714)	(37000, 0.8849557522123714)	(38000, 0.8849557522123714)	(39000, 0.8849557522123732)																								
FAY99780_pass_barcode08_98e12ebb_5ad7f319_130 - polya	(1, 0.0)	(2, 0.0)	(3, 0.0)	(4, 0.0)	(5, 0.0)	(6, 0.0)	(7, 0.0)	(8, 0.0)	(9, 0.0)	(10, 0.0)	(1000, 0.0)	(2000, 0.0)	(3000, 0.0)	(4000, 0.0)	(5000, 0.0)	(6000, 0.0)	(7000, 0.0)	(8000, 0.0)	(9000, 0.0)	(10000, 0.0)	(11000, 0.0)	(12000, 0.0)	(13000, 0.0)	(14000, 0.0)	(15000, 0.0)	(16000, 0.0)	(17000, 0.0)	(18000, 0.0)	(19000, 0.0)	(20000, 0.0)	(21000, 0.0)	(22000, 0.0)	(23000, 0.0)	(24000, 0.0)	(25000, 0.0)	(26000, 0.0)	(27000, 0.0)	(28000, 0.0)	(29000, 0.0)	(30000, 0.0)	(31000, 0.0)	(32000, 0.0)	(33000, 0.0)	(34000, 0.0)	(35000, 0.0)	(36000, 0.0)	(37000, 0.0)	(38000, 0.0)	(39000, 0.0)	(40000, 0.0)	(41000, 0.7616161616161616)	(42000, 1.0101010101010173)	(43000, 1.0101010101010173)	(44000, 1.0101010101010173)	(45000, 1.0101010101010173)	(46000, 1.0101010101010173)	(47000, 1.0101010101010173)	(48000, 1.0101010101010173)	(49000, 1.0101010101010173)	(50000, 1.0101010101010173)	(51000, 1.0101010101010173)	(52000, 1.0101010101010173)	(53000, 1.0101010101010173)	(54000, 1.0101010101010173)	(55000, 1.0101010101010173)	(56000, 1.0101010101010102)							
FAY99780_pass_barcode08_98e12ebb_5ad7f319_130 - polyg	(1, 0.0)	(2, 0.0)	(3, 0.0)	(4, 0.0)	(5, 0.0)	(6, 0.0)	(7, 0.0)	(8, 0.0)	(9, 0.0)	(10, 0.0)	(1000, 0.0)	(2000, 0.0)	(3000, 0.0)	(4000, 0.0)	(5000, 0.0)	(6000, 0.0)	(7000, 0.0)	(8000, 0.0)	(9000, 0.0)	(10000, 0.0)	(11000, 0.0)	(12000, 0.0)	(13000, 0.0)	(14000, 0.0)	(15000, 0.0)	(16000, 0.0)	(17000, 0.0)	(18000, 0.0)	(19000, 0.0)	(20000, 0.0)	(21000, 0.0)	(22000, 0.0)	(23000, 0.0)	(24000, 0.0)	(25000, 0.0)	(26000, 0.0)	(27000, 0.0)	(28000, 0.0)	(29000, 0.0)	(30000, 0.0)	(31000, 0.0)	(32000, 0.0)	(33000, 0.0)	(34000, 0.0)	(35000, 0.0)	(36000, 0.0)	(37000, 0.0)	(38000, 0.0)	(39000, 0.0)	(40000, 0.0)	(41000, 0.4959595959595893)	(42000, 1.0101010101010173)	(43000, 1.0101010101010173)	(44000, 1.0101010101010173)	(45000, 1.0101010101010173)	(46000, 1.0101010101010173)	(47000, 1.0101010101010173)	(48000, 1.0101010101010173)	(49000, 1.0101010101010173)	(50000, 1.0101010101010173)	(51000, 1.0101010101010173)	(52000, 1.0101010101010173)	(53000, 1.0101010101010173)	(54000, 1.0101010101010173)	(55000, 1.0101010101010173)	(56000, 1.0101010101010102)							
FAY99780_pass_barcode08_98e12ebb_5ad7f319_133 - polya	(1, 0.0)	(2, 0.0)	(3, 0.0)	(4, 0.0)	(5, 0.0)	(6, 0.0)	(7, 0.0)	(8, 0.0)	(9, 0.0)	(10, 0.0)	(500, 0.0)	(1000, 0.0)	(1500, 0.0)	(2000, 0.0)	(2500, 0.0)	(3000, 0.0)	(3500, 0.0)	(4000, 0.0)	(4500, 0.0)	(5000, 0.25299145299145237)	(5500, 1.4017094017094125)	(6000, 1.7094017094017238)	(6500, 1.7094017094017238)	(7000, 1.7094017094017238)	(7500, 1.7094017094017238)	(8000, 1.7094017094017238)	(8500, 1.7094017094017238)	(9000, 1.7094017094017238)	(9500, 1.7094017094017238)	(10000, 1.7094017094017238)	(10500, 1.7094017094017238)	(11000, 1.7094017094017238)	(11500, 1.7094017094017238)	(12000, 1.7094017094017238)	(12500, 1.7094017094017238)	(13000, 1.7094017094017238)	(13500, 1.7094017094017238)	(14000, 1.7094017094017238)	(14500, 1.7094017094017238)	(15000, 1.7094017094017238)	(15500, 1.7094017094017238)	(16000, 1.7094017094017238)	(16500, 1.7094017094017238)	(17000, 1.7094017094017238)	(17500, 1.7094017094017238)	(18000, 1.7094017094017238)	(18500, 1.7094017094017238)	(19000, 1.7094017094017238)	(19500, 1.7094017094017238)	(20000, 1.7094017094017238)	(20500, 1.7094017094017238)	(21000, 1.7094017094017238)	(21500, 1.7094017094017238)	(22000, 1.7094017094017238)	(22500, 1.7094017094017238)	(23000, 1.7094017094017238)	(23500, 1.7094017094017238)	(24000, 2.271794871794856)	(24500, 2.564102564102546)	(25000, 2.564102564102546)	(25500, 2.564102564102546)	(26000, 2.564102564102546)	(26500, 2.5641025641025537)										
FAY99780_pass_barcode08_98e12ebb_5ad7f319_133 - polyg	(1, 0.0)	(2, 0.0)	(3, 0.0)	(4, 0.0)	(5, 0.0)	(6, 0.0)	(7, 0.0)	(8, 0.0)	(9, 0.0)	(10, 0.0)	(500, 0.0)	(1000, 0.0)	(1500, 0.0)	(2000, 0.0)	(2500, 0.0)	(3000, 0.0)	(3500, 0.0)	(4000, 0.0)	(4500, 0.0)	(5000, 0.21709401709401657)	(5500, 0.8547008547008619)	(6000, 0.8547008547008619)	(6500, 0.8547008547008619)	(7000, 0.8547008547008619)	(7500, 0.8547008547008619)	(8000, 0.8547008547008619)	(8500, 0.8547008547008619)	(9000, 0.8547008547008619)	(9500, 0.8547008547008619)	(10000, 0.8547008547008619)	(10500, 0.8547008547008619)	(11000, 0.8547008547008619)	(11500, 0.8547008547008619)	(12000, 0.8547008547008619)	(12500, 0.8547008547008619)	(13000, 0.8547008547008619)	(13500, 0.8547008547008619)	(14000, 0.8547008547008619)	(14500, 0.8547008547008619)	(15000, 0.8547008547008619)	(15500, 0.8547008547008619)	(16000, 0.8547008547008619)	(16500, 0.8547008547008619)	(17000, 0.8547008547008619)	(17500, 0.8547008547008619)	(18000, 0.8547008547008619)	(18500, 0.8547008547008619)	(19000, 0.8547008547008619)	(19500, 0.8547008547008619)	(20000, 0.8547008547008619)	(20500, 0.8547008547008619)	(21000, 0.8547008547008619)	(21500, 0.8547008547008619)	(22000, 0.8547008547008619)	(22500, 0.8547008547008619)	(23000, 0.8547008547008619)	(23500, 0.8547008547008619)	(24000, 1.3914529914530023)	(24500, 1.7094017094017238)	(25000, 1.7094017094017238)	(25500, 1.7094017094017238)	(26000, 1.7094017094017238)	(26500, 1.7094017094017127)										
FAY99780_pass_barcode08_98e12ebb_5ad7f319_136 - polya	(1, 0.0)	(2, 0.0)	(3, 0.0)	(4, 0.0)	(5, 0.0)	(6, 0.0)	(7, 0.0)	(8, 0.0)	(9, 0.0)	(10, 0.0)	(1000, 0.1171171171171175)	(2000, 0.9009009009008908)	(3000, 0.9009009009008908)	(4000, 0.9009009009008908)	(5000, 0.9009009009008908)	(6000, 0.9009009009008908)	(7000, 0.9009009009008908)	(8000, 0.9009009009008908)	(9000, 0.9009009009008908)	(10000, 0.9009009009008908)	(11000, 0.9009009009008908)	(12000, 0.9009009009008908)	(13000, 0.9009009009008908)	(14000, 0.9009009009008908)	(15000, 0.9009009009008908)	(16000, 0.9009009009008908)	(17000, 0.9009009009008908)	(18000, 0.9009009009008908)	(19000, 0.9009009009008908)	(20000, 0.9009009009008908)	(21000, 0.9009009009008908)	(22000, 0.9009009009008908)	(23000, 0.9009009009008908)	(24000, 0.9009009009008908)	(25000, 0.9009009009008908)	(26000, 0.9009009009008908)	(27000, 0.9009009009008908)	(28000, 0.9009009009008908)	(29000, 0.9009009009008908)	(30000, 0.9009009009008908)	(31000, 0.9009009009008908)	(32000, 0.9009009009008908)	(33000, 0.9009009009008944)																														
FAY99780_pass_barcode08_98e12ebb_5ad7f319_137 - polya	(1, 0.0)	(2, 0.0)	(3, 0.0)	(4, 0.0)	(5, 0.0)	(6, 0.0)	(7, 0.0)	(8, 0.0)	(9, 0.0)	(10, 0.0)	(1000, 0.0)	(2000, 0.0)	(3000, 0.0)	(4000, 0.0)	(5000, 0.0)	(6000, 0.0)	(7000, 0.0)	(8000, 0.0)	(9000, 0.0)	(10000, 0.0)	(11000, 0.0)	(12000, 0.0)	(13000, 0.0)	(14000, 0.0)	(15000, 0.0)	(16000, 0.0)	(17000, 0.0)	(18000, 0.0)	(19000, 0.0)	(20000, 0.0)	(21000, 0.0)	(22000, 0.0)	(23000, 0.0)	(24000, 0.0)	(25000, 0.0)	(26000, 0.0)	(27000, 0.0)	(28000, 0.0)	(29000, 0.0)	(30000, 0.0)	(31000, 0.0)	(32000, 0.0)	(33000, 0.0)	(34000, 0.0)	(35000, 0.0)	(36000, 0.0)	(37000, 0.0)	(38000, 0.0)	(39000, 0.0)	(40000, 0.0)	(41000, 0.0)	(42000, 0.0)	(43000, 0.0)	(44000, 0.0)	(45000, 0.0)	(46000, 0.5495518136885331)																	
FAY99780_pass_barcode08_98e12ebb_5ad7f319_14 - polya	(1, 0.0)	(2, 0.0)	(3, 0.0)	(4, 0.0)	(5, 0.0)	(6, 0.0)	(7, 0.0)	(8, 0.0)	(9, 0.0)	(10, 0.0)	(1000, 0.0)	(2000, 0.0)	(3000, 0.0)	(4000, 0.0)	(5000, 0.0)	(6000, 0.0)	(7000, 0.0)	(8000, 0.300355871886126)	(9000, 0.6523131672597979)	(10000, 0.7117437722420066)	(11000, 0.7117437722420066)	(12000, 0.7117437722420066)	(13000, 0.7117437722420066)	(14000, 0.7117437722420066)	(15000, 0.7117437722420066)	(16000, 0.7117437722420066)	(17000, 0.7117437722420066)	(18000, 0.7117437722420066)	(19000, 0.7117437722420066)	(20000, 0.7117437722420066)	(21000, 0.7117437722420066)	(22000, 0.7117437722420066)	(23000, 0.7117437722420066)	(24000, 0.7117437722420066)	(25000, 0.7117437722420066)	(26000, 0.7117437722420066)	(27000, 0.7117437722420066)	(28000, 0.7117437722420066)	(29000, 0.7117437722420066)	(30000, 0.7117437722420066)	(31000, 0.7117437722420066)	(32000, 0.7117437722420066)	(33000, 0.7117437722420066)	(34000, 0.7875444839857814)	(35000, 1.067615658362999)	(36000, 1.067615658362999)	(37000, 1.067615658362999)	(38000, 1.067615658362999)	(39000, 1.067615658362999)	(40000, 1.067615658362999)	(41000, 1.067615658362999)	(42000, 1.067615658362999)	(43000, 1.067615658362999)	(44000, 1.067615658362999)	(45000, 1.067615658362999)	(46000, 1.067615658362999)	(47000, 1.067615658362999)	(48000, 1.067615658362999)	(49000, 1.0676156583629943)														
FAY99780_pass_barcode08_98e12ebb_5ad7f319_14 - polyg	(1, 0.0)	(2, 0.0)	(3, 0.0)	(4, 0.0)	(5, 0.0)	(6, 0.0)	(7, 0.0)	(8, 0.0)	(9, 0.0)	(10, 0.0)	(1000, 0.0)	(2000, 0.0)	(3000, 0.0)	(4000, 0.0)	(5000, 0.0)	(6000, 0.0)	(7000, 0.0)	(8000, 0.0)	(9000, 0.0)	(10000, 0.0)	(11000, 0.0)	(12000, 0.0)	(13000, 0.0)	(14000, 0.0)	(15000, 0.0)	(16000, 0.0)	(17000, 0.0)	(18000, 0.0)	(19000, 0.0)	(20000, 0.0)	(21000, 0.0)	(22000, 0.0)	(23000, 0.0)	(24000, 0.0)	(25000, 0.0)	(26000, 0.2377224199288286)	(27000, 0.6160142348754551)	(28000, 0.7117437722420066)	(29000, 0.7117437722420066)	(30000, 0.7117437722420066)	(31000, 0.7117437722420066)	(32000, 0.7117437722420066)	(33000, 0.7117437722420066)	(34000, 0.7117437722420066)	(35000, 0.7117437722420066)	(36000, 0.7117437722420066)	(37000, 0.7117437722420066)	(38000, 0.7117437722420066)	(39000, 0.7117437722420066)	(40000, 0.7117437722420066)	(41000, 0.7117437722420066)	(42000, 0.7117437722420066)	(43000, 0.7117437722420066)	(44000, 0.7117437722420066)	(45000, 0.7117437722420066)	(46000, 0.7117437722420066)	(47000, 0.7117437722420066)	(48000, 0.7117437722420066)	(49000, 0.7117437722419901)														
FAY99780_pass_barcode08_98e12ebb_5ad7f319_140 - polya	(1, 0.0)	(2, 0.0)	(3, 0.0)	(4, 0.0)	(5, 0.0)	(6, 0.0)	(7, 0.0)	(8, 0.0)	(9, 0.0)	(10, 0.0)	(5000, 0.0)	(10000, 0.0)	(15000, 0.0)	(20000, 0.0)	(25000, 0.0)	(30000, 0.0)	(35000, 0.0)	(40000, 0.9038834951457051)	(45000, 0.9708737864078252)	(50000, 0.9708737864078252)	(55000, 0.9708737864078252)	(60000, 0.9708737864078252)	(65000, 1.0594174757282755)	(70000, 1.9417475728156504)	(75000, 1.9417475728156504)	(80000, 1.9417475728156504)	(85000, 1.9417475728156504)	(90000, 1.9417475728156504)	(95000, 1.9417475728156504)	(100000, 1.9417475728156504)	(105000, 1.9417475728156504)	(110000, 1.9768932038836031)	(115000, 2.912621359223092)	(120000, 2.912621359223092)	(125000, 2.912621359223092)	(130000, 2.912621359223092)	(135000, 2.912621359223092)	(140000, 2.912621359223092)	(145000, 2.912621359223092)	(150000, 2.912621359223092)	(155000, 2.9126213592234156)																																
FAY99780_pass_barcode08_98e12ebb_5ad7f319_142 - polya	(1, 0.0)	(2, 0.0)	(3, 0.0)	(4, 0.0)	(5, 0.0)	(6, 0.0)	(7, 0.0)	(8, 0.0)	(9, 0.0)	(10, 0.0)	(1000, 0.0)	(2000, 0.0)	(3000, 0.0)	(4000, 0.0)	(5000, 0.0)	(6000, 0.0)	(7000, 0.0)	(8000, 0.0)	(9000, 0.0)	(10000, 0.0)	(11000, 0.0)	(12000, 0.0)	(13000, 0.0)	(14000, 0.0)	(15000, 0.0)	(16000, 0.0)	(17000, 0.0)	(18000, 0.0)	(19000, 0.0)	(20000, 0.0)	(21000, 0.0)	(22000, 0.0)	(23000, 0.0)	(24000, 0.0)	(25000, 0.0)	(26000, 0.0)	(27000, 0.0)	(28000, 0.0)	(29000, 0.4638888888888922)	(30000, 1.3888888888889088)	(31000, 1.3888888888889088)	(32000, 1.3888888888889088)	(33000, 1.3888888888889088)	(34000, 1.3888888888889088)	(35000, 1.3888888888889088)	(36000, 1.3888888888889088)	(37000, 1.3888888888889088)	(38000, 1.3888888888889088)	(39000, 1.3888888888889088)	(40000, 1.3888888888889088)	(41000, 1.3888888888889088)	(42000, 1.3888888888889088)	(43000, 1.3888888888889066)																				
FAY99780_pass_barcode08_98e12ebb_5ad7f319_143 - polya	(1, 0.0)	(2, 0.0)	(3, 0.0)	(4, 0.0)	(5, 0.0)	(6, 0.0)	(7, 0.0)	(8, 0.0)	(9, 0.0)	(10, 0.0)	(1000, 0.0)	(2000, 0.4204819277108411)	(3000, 1.2048192771084352)	(4000, 1.2048192771084352)	(5000, 1.2048192771084352)	(6000, 1.2048192771084352)	(7000, 1.2048192771084352)	(8000, 1.2048192771084352)	(9000, 1.2048192771084352)	(10000, 1.2048192771084352)	(11000, 1.2048192771084352)	(12000, 1.2048192771084352)	(13000, 1.2048192771084352)	(14000, 1.2048192771084352)	(15000, 1.2048192771084352)	(16000, 1.2048192771084352)	(17000, 1.2048192771084352)	(18000, 1.2048192771084352)	(19000, 1.2048192771084352)	(20000, 1.2048192771084352)	(21000, 1.2048192771084352)	(22000, 1.2048192771084352)	(23000, 1.2048192771084352)	(24000, 1.2048192771084352)	(25000, 1.2048192771084352)	(26000, 1.2048192771084352)	(27000, 1.2048192771084352)	(28000, 1.2048192771084352)	(29000, 1.2048192771084352)	(30000, 1.2048192771084352)	(31000, 1.2048192771084352)	(32000, 1.2048192771084352)	(33000, 1.2048192771084352)	(34000, 1.2048192771084352)	(35000, 1.2048192771084352)	(36000, 1.2048192771084352)	(37000, 1.2048192771084352)	(38000, 1.2048192771084352)	(39000, 1.2048192771084352)	(40000, 1.2048192771084214)																							
FAY99780_pass_barcode08_98e12ebb_5ad7f319_144 - polyg	(1, 0.0)	(2, 0.0)	(3, 0.0)	(4, 0.0)	(5, 0.0)	(6, 0.0)	(7, 0.0)	(8, 0.0)	(9, 0.0)	(10, 0.0)	(1000, 0.0)	(2000, 0.0)	(3000, 0.0)	(4000, 0.0)	(5000, 0.0)	(6000, 0.0)	(7000, 0.0)	(8000, 0.0)	(9000, 0.0)	(10000, 0.0)	(11000, 0.0)	(12000, 0.0)	(13000, 0.0)	(14000, 0.0)	(15000, 0.0)	(16000, 0.0)	(17000, 0.0)	(18000, 0.0)	(19000, 0.0)	(20000, 0.0)	(21000, 0.0)	(22000, 0.0)	(23000, 0.0)	(24000, 0.0)	(25000, 0.48952380952381325)	(26000, 0.9523809523809614)	(27000, 0.9523809523809614)	(28000, 0.9523809523809614)	(29000, 0.9523809523809614)	(30000, 0.9523809523809614)	(31000, 0.9523809523809614)	(32000, 0.9523809523809614)	(33000, 0.9523809523809614)	(34000, 0.9523809523809592)																													
FAY99780_pass_barcode08_98e12ebb_5ad7f319_145 - polya	(1, 0.0)	(2, 0.0)	(3, 0.0)	(4, 0.0)	(5, 0.0)	(6, 0.0)	(7, 0.0)	(8, 0.0)	(9, 0.0)	(10, 0.0)	(1000, 0.0)	(2000, 0.0)	(3000, 0.0)	(4000, 0.3022727272727258)	(5000, 1.1363636363636385)	(6000, 1.1363636363636385)	(7000, 1.1363636363636385)	(8000, 1.1363636363636385)	(9000, 1.1363636363636385)	(10000, 1.1363636363636385)	(11000, 1.429545454545443)	(12000, 2.272727272727277)	(13000, 2.272727272727277)	(14000, 2.272727272727277)	(15000, 2.272727272727277)	(16000, 2.272727272727277)	(17000, 2.272727272727277)	(18000, 2.272727272727277)	(19000, 2.272727272727277)	(20000, 2.272727272727277)	(21000, 2.272727272727277)	(22000, 2.272727272727277)	(23000, 2.272727272727277)	(24000, 2.272727272727277)	(25000, 2.272727272727277)	(26000, 2.272727272727277)	(27000, 2.272727272727277)	(28000, 2.272727272727277)	(29000, 2.272727272727277)	(30000, 2.272727272727277)	(31000, 2.272727272727277)	(32000, 2.272727272727277)	(33000, 2.272727272727277)	(34000, 2.272727272727277)	(35000, 2.272727272727277)	(36000, 2.272727272727277)	(37000, 2.272727272727271)																										
FAY99780_pass_barcode08_98e12ebb_5ad7f319_146 - polya	(1, 0.0)	(2, 0.0)	(3, 0.0)	(4, 0.0)	(5, 0.0)	(6, 0.0)	(7, 0.0)	(8, 0.0)	(9, 0.0)	(10, 0.0)	(1000, 0.0)	(2000, 0.0)	(3000, 0.0)	(4000, 0.0)	(5000, 0.0)	(6000, 0.0)	(7000, 0.0)	(8000, 0.0)	(9000, 0.0)	(10000, 0.0)	(11000, 0.0)	(12000, 0.0)	(13000, 0.0)	(14000, 0.0)	(15000, 0.0)	(16000, 0.0)	(17000, 0.0)	(18000, 0.0)	(19000, 0.0)	(20000, 0.0)	(21000, 0.0)	(22000, 0.0)	(23000, 0.0)	(24000, 0.0)	(25000, 0.0)	(26000, 0.0)	(27000, 0.0)	(28000, 0.0)	(29000, 0.0)	(30000, 0.0)	(31000, 0.0)	(32000, 0.0)	(33000, 0.0)	(34000, 0.0)	(35000, 0.0)	(36000, 0.0)	(37000, 0.0)	(38000, 0.0)	(39000, 0.0)	(40000, 0.0)	(41000, 0.4875)	(42000, 1.25)	(43000, 1.25)	(44000, 1.25)	(45000, 1.25)	(46000, 1.25)	(47000, 1.25)	(48000, 1.25)															
FAY99780_pass_barcode08_98e12ebb_5ad7f319_148 - polya	(1, 0.0)	(2, 0.0)	(3, 0.0)	(4, 0.0)	(5, 0.0)	(6, 0.0)	(7, 0.0)	(8, 0.0)	(9, 0.0)	(10, 0.0)	(500, 0.0)	(1000, 0.0)	(1500, 0.0)	(2000, 0.0)	(2500, 0.0)	(3000, 0.0)	(3500, 0.0)	(4000, 0.0)	(4500, 0.0)	(5000, 0.0)	(5500, 0.0)	(6000, 0.0)	(6500, 0.0)	(7000, 0.0)	(7500, 0.0)	(8000, 0.0)	(8500, 0.0)	(9000, 0.0)	(9500, 0.0)	(10000, 0.0)	(10500, 0.0)	(11000, 0.0)	(11500, 0.0)	(12000, 0.0)	(12500, 0.0)	(13000, 0.0)	(13500, 0.0)	(14000, 0.7604651162790727)	(14500, 1.1627906976744216)	(15000, 1.1627906976744216)	(15500, 1.1627906976744216)	(16000, 1.1627906976744216)	(16500, 1.1627906976744216)	(17000, 1.1627906976744216)	(17500, 1.1627906976744216)	(18000, 1.1627906976744216)	(18500, 1.1627906976744216)	(19000, 1.1627906976744216)	(19500, 1.1627906976744216)	(20000, 1.1627906976744216)	(20500, 1.1627906976744216)	(21000, 1.1627906976744216)	(21500, 1.1627906976744216)	(22000, 1.1627906976744216)	(22500, 1.1627906976744216)	(23000, 1.1627906976744216)	(23500, 1.1627906976744216)	(24000, 1.1627906976744216)	(24500, 1.1627906976744216)	(25000, 1.1627906976744216)	(25500, 1.1627906976744216)	(26000, 1.1627906976744216)	(26500, 1.1627906976744216)	(27000, 1.1627906976744216)	(27500, 1.1627906976744216)	(28000, 1.1627906976744216)	(28500, 1.1627906976744216)	(29000, 1.1627906976744216)	(29500, 1.1627906976744216)	(30000, 1.1627906976744216)	(30500, 1.1627906976744216)	(31000, 1.1627906976744178)	
FAY99780_pass_barcode08_98e12ebb_5ad7f319_15 - polya	(1, 0.0)	(2, 0.0)	(3, 0.0)	(4, 0.0)	(5, 0.0)	(6, 0.0)	(7, 0.0)	(8, 0.0)	(9, 0.0)	(10, 0.0)	(1000, 0.0)	(2000, 0.18850574712643828)	(3000, 0.38314176245211135)	(4000, 0.38314176245211135)	(5000, 0.38314176245211135)	(6000, 0.38314176245211135)	(7000, 0.597318007662842)	(8000, 0.7662835249042227)	(9000, 0.7662835249042227)	(10000, 0.7662835249042227)	(11000, 0.7662835249042227)	(12000, 0.8551724137930995)	(13000, 1.1494252873563007)	(14000, 1.1494252873563007)	(15000, 1.1494252873563007)	(16000, 1.1777777777777612)	(17000, 1.5325670498084454)	(18000, 1.5325670498084454)	(19000, 1.5325670498084454)	(20000, 1.5325670498084454)	(21000, 1.5325670498084454)	(22000, 1.5325670498084454)	(23000, 1.5325670498084454)	(24000, 1.5325670498084454)	(25000, 1.5325670498084454)	(26000, 1.5325670498084454)	(27000, 1.5325670498084454)	(28000, 1.5325670498084454)	(29000, 1.5325670498084454)	(30000, 1.5325670498084454)	(31000, 1.5325670498084454)	(32000, 1.5325670498084454)	(33000, 1.5325670498084454)	(34000, 1.5325670498084454)	(35000, 1.5325670498084454)	(36000, 1.5325670498084454)	(37000, 1.5325670498084454)	(38000, 1.5325670498084454)	(39000, 1.5325670498084454)	(40000, 1.5325670498084454)	(41000, 1.5325670498084454)	(42000, 1.5325670498084454)	(43000, 1.5325670498084454)	(44000, 1.5325670498084434)																			
FAY99780_pass_barcode08_98e12ebb_5ad7f319_151 - polya	(1, 0.0)	(2, 0.0)	(3, 0.0)	(4, 0.0)	(5, 0.0)	(6, 0.0)	(7, 0.0)	(8, 0.0)	(9, 0.0)	(10, 0.0)	(1000, 0.0)	(2000, 0.0)	(3000, 0.0)	(4000, 0.0)	(5000, 0.0)	(6000, 0.0)	(7000, 0.0)	(8000, 0.0)	(9000, 0.0)	(10000, 0.0)	(11000, 0.0)	(12000, 0.0)	(13000, 0.0)	(14000, 0.0)	(15000, 0.0)	(16000, 0.0)	(17000, 0.0)	(18000, 0.0)	(19000, 0.0)	(20000, 0.0)	(21000, 0.0)	(22000, 0.0)	(23000, 0.0)	(24000, 0.0)	(25000, 0.0)	(26000, 0.0)	(27000, 0.0)	(28000, 0.0)	(29000, 0.0)	(30000, 0.0)	(31000, 0.0)	(32000, 0.0)	(33000, 0.0)	(34000, 0.0)	(35000, 0.0)	(36000, 0.0)	(37000, 0.0)	(38000, 0.0)	(39000, 0.0)	(40000, 0.0)	(41000, 0.0)	(42000, 0.0)	(43000, 0.0)	(44000, 0.0)	(45000, 0.0)	(46000, 0.415189873417725)	(47000, 1.2658227848101151)	(48000, 1.2658227848101151)	(49000, 1.2658227848101151)	(50000, 1.2658227848101151)	(51000, 1.2658227848101151)	(52000, 1.2658227848101151)	(53000, 1.2658227848101151)	(54000, 1.2658227848101151)	(55000, 1.2658227848101264)								
FAY99780_pass_barcode08_98e12ebb_5ad7f319_16 - polya	(1, 0.0)	(2, 0.0)	(3, 0.0)	(4, 0.0)	(5, 0.0)	(6, 0.0)	(7, 0.0)	(8, 0.0)	(9, 0.0)	(10, 0.0)	(1000, 0.0)	(2000, 0.0)	(3000, 0.0)	(4000, 0.0)	(5000, 0.0)	(6000, 0.0)	(7000, 0.1657534246575338)	(8000, 0.34246575342465924)	(9000, 0.34246575342465924)	(10000, 0.34246575342465924)	(11000, 0.34246575342465924)	(12000, 0.34246575342465924)	(13000, 0.34246575342465924)	(14000, 0.34246575342465924)	(15000, 0.34246575342465924)	(16000, 0.34246575342465924)	(17000, 0.34246575342465924)	(18000, 0.34246575342465924)	(19000, 0.34246575342465924)	(20000, 0.40068493150684453)	(21000, 0.6849315068493185)	(22000, 0.6849315068493185)	(23000, 0.6849315068493185)	(24000, 0.6849315068493185)	(25000, 0.6849315068493185)	(26000, 0.6849315068493185)	(27000, 0.6849315068493185)	(28000, 0.6849315068493185)	(29000, 0.6849315068493185)	(30000, 0.6849315068493185)	(31000, 0.6849315068493185)	(32000, 0.6849315068493185)	(33000, 0.6849315068493185)	(34000, 0.6849315068493185)	(35000, 0.6849315068493185)	(36000, 0.6849315068493185)	(37000, 0.6849315068493185)	(38000, 0.6849315068493185)	(39000, 0.6849315068493185)	(40000, 0.6849315068493185)	(41000, 0.6849315068493185)	(42000, 0.6849315068493185)	(43000, 0.6849315068493185)	(44000, 0.6849315068493185)	(45000, 0.6849315068493185)	(46000, 0.6849315068493185)	(47000, 0.6849315068493185)	(48000, 0.6849315068493185)	(49000, 0.6849315068493185)	(50000, 0.6849315068493185)	(51000, 0.6849315068493185)	(52000, 0.6849315068493185)	(53000, 0.6849315068493185)	(54000, 0.6849315068493185)	(55000, 0.6849315068493185)	(56000, 0.6849315068493185)	(57000, 0.6849315068493185)	(58000, 0.6849315068493185)	(59000, 0.6849315068493185)	(60000, 0.6849315068493185)	(61000, 0.6849315068493185)	(62000, 0.6849315068493185)	(63000, 0.6849315068493127)
FAY99780_pass_barcode08_98e12ebb_5ad7f319_17 - polya	(1, 0.0)	(2, 0.0)	(3, 0.0)	(4, 0.0)	(5, 0.0)	(6, 0.0)	(7, 0.0)	(8, 0.0)	(9, 0.0)	(10, 0.0)	(1000, 0.0)	(2000, 0.0)	(3000, 0.0)	(4000, 0.0)	(5000, 0.0)	(6000, 0.0)	(7000, 0.0)	(8000, 0.0)	(9000, 0.0)	(10000, 0.0)	(11000, 0.0)	(12000, 0.0)	(13000, 0.2996047430830097)	(14000, 0.39525691699605653)	(15000, 0.39525691699605653)	(16000, 0.39525691699605653)	(17000, 0.39525691699605653)	(18000, 0.39525691699605653)	(19000, 0.39525691699605653)	(20000, 0.39525691699605653)	(21000, 0.39525691699605653)	(22000, 0.39525691699605653)	(23000, 0.39525691699605653)	(24000, 0.39525691699605653)	(25000, 0.39525691699605653)	(26000, 0.39525691699605653)	(27000, 0.39525691699605653)	(28000, 0.39525691699605653)	(29000, 0.39525691699605653)	(30000, 0.39525691699605653)	(31000, 0.39525691699605653)	(32000, 0.39525691699605653)	(33000, 0.39525691699605653)	(34000, 0.39525691699605653)	(35000, 0.39525691699605653)	(36000, 0.39525691699605653)	(37000, 0.39525691699605653)	(38000, 0.39525691699605653)	(39000, 0.3952569169960479)																								
FAY99780_pass_barcode08_98e12ebb_5ad7f319_18 - polya	(1, 0.0)	(2, 0.0)	(3, 0.0)	(4, 0.0)	(5, 0.0)	(6, 0.0)	(7, 0.0)	(8, 0.0)	(9, 0.0)	(10, 0.0)	(2000, 0.044465648854961945)	(4000, 0.38167938931295964)	(6000, 0.38167938931295964)	(8000, 0.38167938931295964)	(10000, 0.38167938931295964)	(12000, 0.38167938931295964)	(14000, 0.38167938931295964)	(16000, 0.38167938931295964)	(18000, 0.38167938931295964)	(20000, 0.38167938931295964)	(22000, 0.38167938931295964)	(24000, 0.38167938931295964)	(26000, 0.38167938931295964)	(28000, 0.38167938931295964)	(30000, 0.38167938931295964)	(32000, 0.38167938931295964)	(34000, 0.38167938931295964)	(36000, 0.38167938931295964)	(38000, 0.38167938931295964)	(40000, 0.38167938931295964)	(42000, 0.38167938931295964)	(44000, 0.38167938931295964)	(46000, 0.38167938931295964)	(48000, 0.38167938931295964)	(50000, 0.38167938931295964)	(52000, 0.38167938931295964)	(54000, 0.38167938931295964)	(56000, 0.38167938931295964)	(58000, 0.38167938931295964)	(60000, 0.38167938931295964)	(62000, 0.38167938931295964)	(64000, 0.38167938931295964)	(66000, 0.3816793893129783)																														
FAY99780_pass_barcode08_98e12ebb_5ad7f319_19 - polya	(1, 0.0)	(2, 0.0)	(3, 0.0)	(4, 0.0)	(5, 0.0)	(6, 0.0)	(7, 0.0)	(8, 0.0)	(9, 0.0)	(10, 0.28618703272460544)	(2000, 0.4065040650406486)	(4000, 0.4065040650406486)	(6000, 0.4065040650406486)	(8000, 0.4065040650406486)	(10000, 0.4065040650406486)	(12000, 0.4065040650406486)	(14000, 0.4065040650406486)	(16000, 0.4065040650406486)	(18000, 0.4065040650406486)	(20000, 0.4065040650406486)	(22000, 0.4065040650406486)	(24000, 0.4065040650406486)	(26000, 0.4065040650406486)	(28000, 0.4065040650406486)	(30000, 0.42967479674797054)	(32000, 0.8130081300812972)	(34000, 0.8130081300812972)	(36000, 0.8130081300812972)	(38000, 0.8130081300812972)	(40000, 0.8130081300812972)	(42000, 0.8130081300812972)	(44000, 0.8130081300812972)	(46000, 0.8130081300812972)	(48000, 0.8130081300812972)	(50000, 0.8130081300812972)	(52000, 0.8130081300812972)	(54000, 0.8130081300812972)	(56000, 0.8130081300812972)	(58000, 0.8130081300812972)	(60000, 0.8130081300812972)	(62000, 0.8130081300812972)	(64000, 0.8130081300812972)	(66000, 0.8130081300812972)	(68000, 0.8130081300813147)																													
FAY99780_pass_barcode08_98e12ebb_5ad7f319_2 - polya	(1, 0.0)	(2, 0.0)	(3, 0.0)	(4, 0.0)	(5, 0.0)	(6, 0.0)	(7, 0.0)	(8, 0.0)	(9, 0.0)	(10, 0.0)	(1000, 0.0)	(2000, 0.0)	(3000, 0.0)	(4000, 0.0)	(5000, 0.0)	(6000, 0.0)	(7000, 0.0)	(8000, 0.0)	(9000, 0.0)	(10000, 0.0)	(11000, 0.28877805486284225)	(12000, 0.4987531172069903)	(13000, 0.7279301745635739)	(14000, 0.8109725685785527)	(15000, 0.9975062344139806)	(16000, 0.9975062344139806)	(17000, 0.9975062344139806)	(18000, 1.1458852867830362)	(19000, 1.2468827930174495)	(20000, 1.2468827930174495)	(21000, 1.2468827930174495)	(22000, 1.2468827930174495)	(23000, 1.2468827930174495)	(24000, 1.2468827930174495)	(25000, 1.2468827930174495)	(26000, 1.2468827930174495)	(27000, 1.2468827930174495)	(28000, 1.2468827930174495)	(29000, 1.2468827930174495)	(30000, 1.2468827930174495)	(31000, 1.2468827930174495)	(32000, 1.2468827930174495)	(33000, 1.2468827930174495)	(34000, 1.2468827930174495)	(35000, 1.2468827930174495)	(36000, 1.2468827930174495)	(37000, 1.2468827930174495)	(38000, 1.2468827930174495)	(39000, 1.2468827930174495)	(40000, 1.2468827930174495)	(41000, 1.2468827930174495)	(42000, 1.2468827930174495)																					
FAY99780_pass_barcode08_98e12ebb_5ad7f319_20 - polya	(1, 0.0)	(2, 0.0)	(3, 0.0)	(4, 0.0)	(5, 0.0)	(6, 0.0)	(7, 0.0)	(8, 0.0)	(9, 0.0)	(10, 0.0)	(1000, 0.0)	(2000, 0.2810344827586185)	(3000, 0.34482758620689835)	(4000, 0.34482758620689835)	(5000, 0.34482758620689835)	(6000, 0.34482758620689835)	(7000, 0.34482758620689835)	(8000, 0.34482758620689835)	(9000, 0.34482758620689835)	(10000, 0.34482758620689835)	(11000, 0.34482758620689835)	(12000, 0.34482758620689835)	(13000, 0.34482758620689835)	(14000, 0.34482758620689835)	(15000, 0.34482758620689835)	(16000, 0.34482758620689835)	(17000, 0.34482758620689835)	(18000, 0.34482758620689835)	(19000, 0.34482758620689835)	(20000, 0.34482758620689835)	(21000, 0.34482758620689835)	(22000, 0.34482758620689835)	(23000, 0.34482758620689835)	(24000, 0.34482758620689835)	(25000, 0.34482758620689835)	(26000, 0.34482758620689835)	(27000, 0.34482758620689835)	(28000, 0.34482758620689835)	(29000, 0.6617241379310363)	(30000, 0.6896551724137967)	(31000, 0.6896551724137967)	(32000, 0.6896551724137967)	(33000, 0.6896551724137967)	(34000, 0.6896551724137967)	(35000, 0.6896551724137967)	(36000, 0.6896551724137967)	(37000, 0.6896551724137967)	(38000, 0.6896551724137967)	(39000, 0.6896551724137967)	(40000, 0.6896551724137967)	(41000, 0.6896551724137967)	(42000, 0.9413793103448322)	(43000, 1.0344827586206962)	(44000, 1.0344827586206962)	(45000, 1.0344827586206924)																		
FAY99780_pass_barcode08_98e12ebb_5ad7f319_20 - polyg	(1, 0.0)	(2, 0.0)	(3, 0.0)	(4, 0.0)	(5, 0.0)	(6, 0.0)	(7, 0.0)	(8, 0.0)	(9, 0.0)	(10, 0.0)	(1000, 0.0)	(2000, 0.0)	(3000, 0.0)	(4000, 0.0)	(5000, 0.0)	(6000, 0.0)	(7000, 0.0)	(8000, 0.0)	(9000, 0.0)	(10000, 0.0)	(11000, 0.0)	(12000, 0.0)	(13000, 0.0)	(14000, 0.0)	(15000, 0.0)	(16000, 0.0)	(17000, 0.0)	(18000, 0.0)	(19000, 0.0)	(20000, 0.0)	(21000, 0.0)	(22000, 0.0)	(23000, 0.0)	(24000, 0.0)	(25000, 0.0)	(26000, 0.0)	(27000, 0.0)	(28000, 0.0)	(29000, 0.33551724137931155)	(30000, 0.34482758620689835)	(31000, 0.34482758620689835)	(32000, 0.34482758620689835)	(33000, 0.34482758620689835)	(34000, 0.34482758620689835)	(35000, 0.34482758620689835)	(36000, 0.34482758620689835)	(37000, 0.34482758620689835)	(38000, 0.34482758620689835)	(39000, 0.34482758620689835)	(40000, 0.34482758620689835)	(41000, 0.34482758620689835)	(42000, 0.34482758620689835)	(43000, 0.34482758620689835)	(44000, 0.34482758620689835)	(45000, 0.34482758620689463)																		
FAY99780_pass_barcode08_98e12ebb_5ad7f319_21 - polya	(1, 0.0)	(2, 0.0)	(3, 0.0)	(4, 0.0)	(5, 0.0)	(6, 0.0)	(7, 0.0)	(8, 0.0)	(9, 0.0)	(10, 0.0)	(1000, 0.0)	(2000, 0.0)	(3000, 0.0)	(4000, 0.0)	(5000, 0.0)	(6000, 0.0)	(7000, 0.0)	(8000, 0.0)	(9000, 0.3401574803149639)	(10000, 0.3937007874015814)	(11000, 0.3937007874015814)	(12000, 0.3937007874015814)	(13000, 0.3937007874015814)	(14000, 0.3937007874015814)	(15000, 0.3937007874015814)	(16000, 0.3937007874015814)	(17000, 0.3937007874015814)	(18000, 0.3937007874015814)	(19000, 0.3937007874015814)	(20000, 0.3937007874015814)	(21000, 0.3937007874015814)	(22000, 0.3937007874015814)	(23000, 0.3937007874015814)	(24000, 0.3937007874015814)	(25000, 0.3937007874015814)	(26000, 0.3937007874015814)	(27000, 0.3937007874015814)	(28000, 0.3937007874015814)	(29000, 0.3937007874015814)	(30000, 0.3937007874015814)	(31000, 0.3937007874015814)	(32000, 0.3937007874015814)	(33000, 0.3937007874015814)	(34000, 0.3937007874015814)	(35000, 0.3937007874015814)	(36000, 0.3937007874015814)	(37000, 0.3937007874015814)	(38000, 0.3937007874015814)	(39000, 0.3937007874015814)	(40000, 0.3937007874015814)	(41000, 0.3937007874015814)	(42000, 0.3937007874015814)	(43000, 0.3937007874015814)	(44000, 0.3937007874015814)	(45000, 0.3937007874015814)	(46000, 0.3937007874015814)	(47000, 0.3937007874015814)	(48000, 0.3937007874015814)	(49000, 0.3937007874015814)	(50000, 0.3937007874015814)	(51000, 0.3937007874015771)												
FAY99780_pass_barcode08_98e12ebb_5ad7f319_22 - polya	(1, 0.0)	(2, 0.0)	(3, 0.0)	(4, 0.0)	(5, 0.0)	(6, 0.0)	(7, 0.0)	(8, 0.0)	(9, 0.0)	(10, 0.0)	(1000, 0.0)	(2000, 0.0)	(3000, 0.0)	(4000, 0.0)	(5000, 0.0)	(6000, 0.0)	(7000, 0.0)	(8000, 0.0)	(9000, 0.0)	(10000, 0.0)	(11000, 0.0)	(12000, 0.0)	(13000, 0.0)	(14000, 0.0)	(15000, 0.0)	(16000, 0.0)	(17000, 0.2512096774193563)	(18000, 0.40322580645160494)	(19000, 0.40322580645160494)	(20000, 0.40322580645160494)	(21000, 0.40322580645160494)	(22000, 0.40322580645160494)	(23000, 0.40322580645160494)	(24000, 0.40322580645160494)	(25000, 0.40322580645160494)	(26000, 0.40322580645160494)	(27000, 0.40322580645160494)	(28000, 0.40322580645160494)	(29000, 0.40322580645160494)	(30000, 0.40322580645160494)	(31000, 0.40322580645160494)	(32000, 0.40322580645160494)	(33000, 0.40322580645160494)	(34000, 0.40322580645160494)	(35000, 0.40322580645160494)	(36000, 0.40322580645160494)	(37000, 0.40322580645160494)	(38000, 0.40322580645160494)	(39000, 0.40322580645160494)	(40000, 0.40322580645160494)	(41000, 0.40322580645160494)	(42000, 0.40322580645160494)	(43000, 0.40322580645160494)	(44000, 0.40322580645160494)	(45000, 0.40322580645160494)	(46000, 0.40322580645160494)	(47000, 0.40322580645161266)																
FAY99780_pass_barcode08_98e12ebb_5ad7f319_23 - polya	(1, 0.0)	(2, 0.0)	(3, 0.0)	(4, 0.0)	(5, 0.0)	(6, 0.0)	(7, 0.0)	(8, 0.0)	(9, 0.0)	(10, 0.0)	(2000, 0.0)	(4000, 0.0)	(6000, 0.0)	(8000, 0.0)	(10000, 0.012083333333333342)	(12000, 0.49291666666667056)	(14000, 0.8333333333333134)	(16000, 0.8333333333333134)	(18000, 0.8333333333333134)	(20000, 0.8333333333333134)	(22000, 0.8333333333333134)	(24000, 0.8333333333333134)	(26000, 0.8333333333333134)	(28000, 0.8333333333333134)	(30000, 0.8333333333333134)	(32000, 1.088958333333334)	(34000, 1.25)	(36000, 1.25)	(38000, 1.25)	(40000, 1.25)	(42000, 1.25)	(44000, 1.25)	(46000, 1.25)	(48000, 1.25)	(50000, 1.25)	(52000, 1.25)	(54000, 1.25)	(56000, 1.25)	(58000, 1.25)	(60000, 1.25)	(62000, 1.25)	(64000, 1.25)	(66000, 1.25)	(68000, 1.25)	(70000, 1.25)	(72000, 1.25)	(74000, 1.25)	(76000, 1.25)	(78000, 1.25)	(80000, 1.25)	(82000, 1.25)	(84000, 1.25)	(86000, 1.25)	(88000, 1.25)	(90000, 1.25)	(92000, 1.25)	(94000, 1.25)																
FAY99780_pass_barcode08_98e12ebb_5ad7f319_24 - polya	(1, 0.0)	(2, 0.0)	(3, 0.0)	(4, 0.0)	(5, 0.0)	(6, 0.0)	(7, 0.0)	(8, 0.0)	(9, 0.0)	(10, 0.0)	(1000, 0.0)	(2000, 0.0)	(3000, 0.0)	(4000, 0.10281124497991935)	(5000, 0.401606425702819)	(6000, 0.401606425702819)	(7000, 0.401606425702819)	(8000, 0.401606425702819)	(9000, 0.401606425702819)	(10000, 0.401606425702819)	(11000, 0.401606425702819)	(12000, 0.401606425702819)	(13000, 0.401606425702819)	(14000, 0.401606425702819)	(15000, 0.401606425702819)	(16000, 0.401606425702819)	(17000, 0.401606425702819)	(18000, 0.401606425702819)	(19000, 0.401606425702819)	(20000, 0.401606425702819)	(21000, 0.401606425702819)	(22000, 0.401606425702819)	(23000, 0.401606425702819)	(24000, 0.401606425702819)	(25000, 0.401606425702819)	(26000, 0.401606425702819)	(27000, 0.401606425702819)	(28000, 0.401606425702819)	(29000, 0.401606425702819)	(30000, 0.401606425702819)	(31000, 0.401606425702819)	(32000, 0.401606425702819)	(33000, 0.401606425702819)	(34000, 0.401606425702819)	(35000, 0.401606425702819)	(36000, 0.401606425702819)	(37000, 0.401606425702819)	(38000, 0.401606425702819)	(39000, 0.401606425702819)	(40000, 0.401606425702819)	(41000, 0.401606425702819)	(42000, 0.401606425702819)	(43000, 0.401606425702819)	(44000, 0.401606425702819)	(45000, 0.401606425702819)	(46000, 0.401606425702819)	(47000, 0.401606425702819)	(48000, 0.401606425702819)	(49000, 0.401606425702819)	(50000, 0.401606425702819)	(51000, 0.401606425702819)	(52000, 0.401606425702819)	(53000, 0.401606425702819)	(54000, 0.401606425702819)	(55000, 0.401606425702819)	(56000, 0.401606425702819)	(57000, 0.401606425702819)	(58000, 0.401606425702819)	(59000, 0.401606425702819)	(60000, 0.401606425702819)	(61000, 0.401606425702819)	(62000, 0.4016064257028145)	
FAY99780_pass_barcode08_98e12ebb_5ad7f319_24 - polyg	(1, 0.0)	(2, 0.0)	(3, 0.0)	(4, 0.0)	(5, 0.0)	(6, 0.0)	(7, 0.0)	(8, 0.0)	(9, 0.0)	(10, 0.3472475761632449)	(1000, 0.401606425702819)	(2000, 0.401606425702819)	(3000, 0.401606425702819)	(4000, 0.401606425702819)	(5000, 0.401606425702819)	(6000, 0.401606425702819)	(7000, 0.401606425702819)	(8000, 0.401606425702819)	(9000, 0.401606425702819)	(10000, 0.401606425702819)	(11000, 0.401606425702819)	(12000, 0.401606425702819)	(13000, 0.401606425702819)	(14000, 0.401606425702819)	(15000, 0.401606425702819)	(16000, 0.401606425702819)	(17000, 0.401606425702819)	(18000, 0.401606425702819)	(19000, 0.401606425702819)	(20000, 0.401606425702819)	(21000, 0.401606425702819)	(22000, 0.401606425702819)	(23000, 0.401606425702819)	(24000, 0.401606425702819)	(25000, 0.401606425702819)	(26000, 0.401606425702819)	(27000, 0.401606425702819)	(28000, 0.401606425702819)	(29000, 0.401606425702819)	(30000, 0.401606425702819)	(31000, 0.401606425702819)	(32000, 0.401606425702819)	(33000, 0.401606425702819)	(34000, 0.401606425702819)	(35000, 0.401606425702819)	(36000, 0.401606425702819)	(37000, 0.401606425702819)	(38000, 0.401606425702819)	(39000, 0.401606425702819)	(40000, 0.401606425702819)	(41000, 0.401606425702819)	(42000, 0.401606425702819)	(43000, 0.401606425702819)	(44000, 0.401606425702819)	(45000, 0.401606425702819)	(46000, 0.401606425702819)	(47000, 0.401606425702819)	(48000, 0.401606425702819)	(49000, 0.401606425702819)	(50000, 0.401606425702819)	(51000, 0.401606425702819)	(52000, 0.401606425702819)	(53000, 0.401606425702819)	(54000, 0.401606425702819)	(55000, 0.401606425702819)	(56000, 0.401606425702819)	(57000, 0.401606425702819)	(58000, 0.401606425702819)	(59000, 0.401606425702819)	(60000, 0.401606425702819)	(61000, 0.401606425702819)	(62000, 0.4016064257028145)	
FAY99780_pass_barcode08_98e12ebb_5ad7f319_25 - polya	(1, 0.0)	(2, 0.0)	(3, 0.0)	(4, 0.0)	(5, 0.0)	(6, 0.0)	(7, 0.0)	(8, 0.0)	(9, 0.0)	(10, 0.4672522275241676)	(2000, 0.8403361344537676)	(4000, 1.430672268907537)	(6000, 1.6806722689075353)	(8000, 1.6806722689075353)	(10000, 1.6806722689075353)	(12000, 1.6806722689075353)	(14000, 1.6806722689075353)	(16000, 1.6806722689075353)	(18000, 1.6806722689075353)	(20000, 1.6806722689075353)	(22000, 1.6806722689075353)	(24000, 1.6806722689075353)	(26000, 1.6806722689075353)	(28000, 1.6806722689075353)	(30000, 1.6806722689075353)	(32000, 1.6806722689075353)	(34000, 1.6806722689075353)	(36000, 1.6806722689075353)	(38000, 1.6806722689075353)	(40000, 1.6806722689075353)	(42000, 1.7638655462184354)	(44000, 2.100840336134398)	(46000, 2.100840336134398)	(48000, 2.100840336134398)	(50000, 2.100840336134398)	(52000, 2.100840336134398)	(54000, 2.100840336134398)	(56000, 2.100840336134398)	(58000, 2.100840336134398)	(60000, 2.100840336134398)	(62000, 2.100840336134398)	(64000, 2.100840336134398)	(66000, 2.100840336134398)	(68000, 2.100840336134481)																													
FAY99780_pass_barcode08_98e12ebb_5ad7f319_26 - polyg	(1, 0.0)	(2, 0.0)	(3, 0.0)	(4, 0.0)	(5, 0.0)	(6, 0.0)	(7, 0.0)	(8, 0.0)	(9, 0.0)	(10, 0.0)	(1000, 0.0)	(2000, 0.0)	(3000, 0.26903765690376846)	(4000, 0.41841004184101044)	(5000, 0.41841004184101044)	(6000, 0.41841004184101044)	(7000, 0.41841004184101044)	(8000, 0.41841004184101044)	(9000, 0.41841004184101044)	(10000, 0.41841004184101044)	(11000, 0.41841004184101044)	(12000, 0.41841004184101044)	(13000, 0.41841004184101044)	(14000, 0.41841004184101044)	(15000, 0.41841004184101044)	(16000, 0.41841004184101044)	(17000, 0.41841004184101044)	(18000, 0.41841004184101044)	(19000, 0.41841004184101044)	(20000, 0.41841004184101044)	(21000, 0.41841004184101044)	(22000, 0.41841004184101044)	(23000, 0.41841004184101044)	(24000, 0.41841004184101044)	(25000, 0.41841004184101044)	(26000, 0.41841004184101044)	(27000, 0.41841004184101044)	(28000, 0.41841004184101044)	(29000, 0.41841004184101044)	(30000, 0.41841004184101044)	(31000, 0.41841004184101044)	(32000, 0.41841004184101044)	(33000, 0.41841004184101044)	(34000, 0.41841004184101044)	(35000, 0.41841004184101044)	(36000, 0.41841004184101044)	(37000, 0.41841004184101044)	(38000, 0.41841004184101044)	(39000, 0.41841004184101044)	(40000, 0.4184100418410064)																							
FAY99780_pass_barcode08_98e12ebb_5ad7f319_27 - polya	(1, 0.0)	(2, 0.0)	(3, 0.0)	(4, 0.0)	(5, 0.0)	(6, 0.0)	(7, 0.0)	(8, 0.0)	(9, 0.0)	(10, 0.0)	(1000, 0.0)	(2000, 0.0)	(3000, 0.0)	(4000, 0.0)	(5000, 0.22943548387096901)	(6000, 0.40322580645160494)	(7000, 0.40322580645160494)	(8000, 0.40322580645160494)	(9000, 0.40322580645160494)	(10000, 0.40322580645160494)	(11000, 0.40322580645160494)	(12000, 0.40322580645160494)	(13000, 0.40322580645160494)	(14000, 0.40322580645160494)	(15000, 0.40322580645160494)	(16000, 0.40322580645160494)	(17000, 0.40322580645160494)	(18000, 0.40322580645160494)	(19000, 0.40322580645160494)	(20000, 0.40322580645160494)	(21000, 0.40322580645160494)	(22000, 0.40322580645160494)	(23000, 0.40322580645160494)	(24000, 0.40322580645160494)	(25000, 0.40322580645160494)	(26000, 0.40322580645160494)	(27000, 0.40322580645160494)	(28000, 0.40322580645160494)	(29000, 0.40322580645160494)	(30000, 0.40322580645160494)	(31000, 0.40322580645160494)	(32000, 0.40322580645160494)	(33000, 0.40322580645160494)	(34000, 0.40322580645160494)	(35000, 0.40322580645160494)	(36000, 0.4455645161290276)	(37000, 0.8064516129032099)	(38000, 0.8064516129032099)	(39000, 0.8064516129032099)	(40000, 0.8064516129032099)	(41000, 0.8064516129032099)	(42000, 0.8064516129032099)	(43000, 0.8064516129032099)	(44000, 0.8064516129032099)	(45000, 0.8064516129032099)	(46000, 0.8064516129032099)	(47000, 0.8064516129032099)	(48000, 0.8064516129032099)	(49000, 0.8064516129032099)	(50000, 0.8064516129032147)													
FAY99780_pass_barcode08_98e12ebb_5ad7f319_28 - polya	(1, 0.0)	(2, 0.0)	(3, 0.0)	(4, 0.0)	(5, 0.0)	(6, 0.0)	(7, 0.0)	(8, 0.0)	(9, 0.0)	(10, 0.0)	(1000, 0.0)	(2000, 0.0)	(3000, 0.0)	(4000, 0.0)	(5000, 0.2500000000000027)	(6000, 0.6097560975609865)	(7000, 0.6097560975609865)	(8000, 0.6097560975609865)	(9000, 0.6097560975609865)	(10000, 0.6097560975609865)	(11000, 0.6097560975609865)	(12000, 0.6097560975609865)	(13000, 0.6097560975609865)	(14000, 0.6097560975609865)	(15000, 0.6097560975609865)	(16000, 1.1158536585366048)	(17000, 1.219512195121973)	(18000, 1.219512195121973)	(19000, 1.219512195121973)	(20000, 1.219512195121973)	(21000, 1.219512195121973)	(22000, 1.219512195121973)	(23000, 1.219512195121973)	(24000, 1.219512195121973)	(25000, 1.219512195121973)	(26000, 1.219512195121973)	(27000, 1.219512195121973)	(28000, 1.219512195121973)	(29000, 1.219512195121973)	(30000, 1.219512195121973)	(31000, 1.219512195121973)	(32000, 1.219512195121973)	(33000, 1.219512195121973)	(34000, 1.219512195121973)	(35000, 1.219512195121973)	(36000, 1.219512195121973)	(37000, 1.219512195121973)	(38000, 1.219512195121973)	(39000, 1.219512195121973)	(40000, 1.219512195121973)	(41000, 1.219512195121973)	(42000, 1.219512195121973)	(43000, 1.219512195121973)	(44000, 1.2195121951219672)																			
FAY99780_pass_barcode08_98e12ebb_5ad7f319_29 - polya	(1, 0.0)	(2, 0.0)	(3, 0.0)	(4, 0.0)	(5, 0.0)	(6, 0.0)	(7, 0.0)	(8, 0.0)	(9, 0.0)	(10, 0.0)	(2000, 0.0)	(4000, 0.0)	(6000, 0.0)	(8000, 0.0)	(10000, 0.0)	(12000, 0.0)	(14000, 0.0)	(16000, 0.3905063291139169)	(18000, 0.4219409282700344)	(20000, 0.4219409282700344)	(22000, 0.4219409282700344)	(24000, 0.4219409282700344)	(26000, 0.4219409282700344)	(28000, 0.4219409282700344)	(30000, 0.4219409282700344)	(32000, 0.4219409282700344)	(34000, 0.4219409282700344)	(36000, 0.4219409282700344)	(38000, 0.4219409282700344)	(40000, 0.4219409282700344)	(42000, 0.4219409282700344)	(44000, 0.4219409282700344)	(46000, 0.4219409282700344)	(48000, 0.4219409282700344)	(50000, 0.4219409282700344)	(52000, 0.4219409282700344)	(54000, 0.4219409282700344)	(56000, 0.4219409282700344)	(58000, 0.4219409282700344)	(60000, 0.4219409282700344)	(62000, 0.4219409282700344)	(64000, 0.4219409282700344)	(66000, 0.4219409282700344)	(68000, 0.4219409282700344)	(70000, 0.4219409282700344)	(72000, 0.4219409282700356)																											
FAY99780_pass_barcode08_98e12ebb_5ad7f319_3 - polya	(1, 0.0)	(2, 0.0)	(3, 0.0)	(4, 0.0)	(5, 0.0)	(6, 0.0)	(7, 0.0)	(8, 0.0)	(9, 0.0)	(10, 0.0)	(1000, 0.16315789473684153)	(2000, 0.2631578947368436)	(3000, 0.32973684210526416)	(4000, 0.5263157894736872)	(5000, 0.5263157894736872)	(6000, 0.5263157894736872)	(7000, 0.5263157894736872)	(8000, 0.5263157894736872)	(9000, 0.5263157894736872)	(10000, 0.5263157894736872)	(11000, 0.5263157894736872)	(12000, 0.5263157894736872)	(13000, 0.6818421052631524)	(14000, 0.7894736842105209)	(15000, 0.7894736842105209)	(16000, 0.7894736842105209)	(17000, 0.9047368421052698)	(18000, 1.0526315789473744)	(19000, 1.0526315789473744)	(20000, 1.0526315789473744)	(21000, 1.0526315789473744)	(22000, 1.0526315789473744)	(23000, 1.0526315789473744)	(24000, 1.0526315789473744)	(25000, 1.0526315789473744)	(26000, 1.0526315789473744)	(27000, 1.0526315789473744)	(28000, 1.055789473684217)	(29000, 1.3157894736841838)	(30000, 1.3157894736841838)	(31000, 1.3157894736841838)	(32000, 1.3157894736841838)	(33000, 1.3157894736841838)	(34000, 1.3157894736841838)	(35000, 1.3157894736841838)	(36000, 1.3157894736841838)	(37000, 1.3157894736841838)	(38000, 1.3157894736841838)	(39000, 1.3157894736841838)	(40000, 1.3157894736841838)	(41000, 1.3157894736841838)	(42000, 1.3157894736841838)	(43000, 1.3157894736841838)	(44000, 1.3157894736841838)	(45000, 1.3157894736841838)	(46000, 1.3157894736841838)	(47000, 1.3157894736841838)	(48000, 1.3157894736841838)	(49000, 1.3157894736841838)	(50000, 1.3157894736841838)	(51000, 1.3157894736841838)	(52000, 1.3157894736841838)	(53000, 1.3157894736841838)	(54000, 1.3157894736842137)									
FAY99780_pass_barcode08_98e12ebb_5ad7f319_3 - polyg	(1, 0.0)	(2, 0.0)	(3, 0.0)	(4, 0.0)	(5, 0.0)	(6, 0.0)	(7, 0.0)	(8, 0.0)	(9, 0.0)	(10, 0.0)	(1000, 0.0)	(2000, 0.0)	(3000, 0.0)	(4000, 0.0)	(5000, 0.0)	(6000, 0.0)	(7000, 0.0)	(8000, 0.0)	(9000, 0.0)	(10000, 0.0)	(11000, 0.0)	(12000, 0.0)	(13000, 0.04315789473684216)	(14000, 0.2631578947368436)	(15000, 0.2631578947368436)	(16000, 0.2631578947368436)	(17000, 0.2631578947368436)	(18000, 0.2631578947368436)	(19000, 0.2631578947368436)	(20000, 0.2631578947368436)	(21000, 0.2631578947368436)	(22000, 0.2631578947368436)	(23000, 0.2631578947368436)	(24000, 0.2631578947368436)	(25000, 0.2631578947368436)	(26000, 0.2631578947368436)	(27000, 0.2631578947368436)	(28000, 0.2631578947368436)	(29000, 0.2631578947368436)	(30000, 0.2631578947368436)	(31000, 0.2631578947368436)	(32000, 0.2631578947368436)	(33000, 0.2631578947368436)	(34000, 0.2631578947368436)	(35000, 0.2631578947368436)	(36000, 0.2631578947368436)	(37000, 0.2631578947368436)	(38000, 0.2631578947368436)	(39000, 0.2631578947368436)	(40000, 0.2631578947368436)	(41000, 0.2631578947368436)	(42000, 0.2631578947368436)	(43000, 0.2631578947368436)	(44000, 0.2631578947368436)	(45000, 0.2631578947368436)	(46000, 0.2631578947368436)	(47000, 0.2631578947368436)	(48000, 0.2631578947368436)	(49000, 0.2631578947368436)	(50000, 0.2631578947368436)	(51000, 0.2631578947368436)	(52000, 0.2631578947368436)	(53000, 0.2631578947368436)	(54000, 0.2631578947368424)									
FAY99780_pass_barcode08_98e12ebb_5ad7f319_30 - polya	(1, 0.0)	(2, 0.0)	(3, 0.0)	(4, 0.0)	(5, 0.0)	(6, 0.0)	(7, 0.0)	(8, 0.0)	(9, 0.0)	(10, 0.0)	(1000, 0.0)	(2000, 0.0)	(3000, 0.0)	(4000, 0.0)	(5000, 0.0)	(6000, 0.0)	(7000, 0.0)	(8000, 0.0)	(9000, 0.18992248062015393)	(10000, 0.3875968992248133)	(11000, 0.3875968992248133)	(12000, 0.3875968992248133)	(13000, 0.3875968992248133)	(14000, 0.3875968992248133)	(15000, 0.3875968992248133)	(16000, 0.3875968992248133)	(17000, 0.3875968992248133)	(18000, 0.3875968992248133)	(19000, 0.3875968992248133)	(20000, 0.3875968992248133)	(21000, 0.3875968992248133)	(22000, 0.3875968992248133)	(23000, 0.3875968992248133)	(24000, 0.3875968992248133)	(25000, 0.3875968992248133)	(26000, 0.3875968992248133)	(27000, 0.3875968992248133)	(28000, 0.3875968992248133)	(29000, 0.3875968992248133)	(30000, 0.3875968992248133)	(31000, 0.3875968992248133)	(32000, 0.3875968992248133)	(33000, 0.3875968992248133)	(34000, 0.3875968992248133)	(35000, 0.3875968992248133)	(36000, 0.3875968992248133)	(37000, 0.3875968992248133)	(38000, 0.3875968992248133)	(39000, 0.3875968992248133)	(40000, 0.3875968992248133)	(41000, 0.3875968992248133)	(42000, 0.3875968992248133)	(43000, 0.3875968992248133)	(44000, 0.3875968992248133)	(45000, 0.3875968992248133)	(46000, 0.3875968992248133)	(47000, 0.387596899224807)																
FAY99780_pass_barcode08_98e12ebb_5ad7f319_31 - polya	(1, 0.0)	(2, 0.0)	(3, 0.0)	(4, 0.0)	(5, 0.0)	(6, 0.0)	(7, 0.0)	(8, 0.0)	(9, 0.0)	(10, 0.3195569685160587)	(2000, 0.40816326530613606)	(4000, 0.40816326530613606)	(6000, 0.40816326530613606)	(8000, 0.40816326530613606)	(10000, 0.40816326530613606)	(12000, 0.40816326530613606)	(14000, 0.40816326530613606)	(16000, 0.40816326530613606)	(18000, 0.40816326530613606)	(20000, 0.40816326530613606)	(22000, 0.40816326530613606)	(24000, 0.40816326530613606)	(26000, 0.40816326530613606)	(28000, 0.40816326530613606)	(30000, 0.40816326530613606)	(32000, 0.40816326530613606)	(34000, 0.40816326530613606)	(36000, 0.40816326530613606)	(38000, 0.40816326530613606)	(40000, 0.40816326530613606)	(42000, 0.40816326530613606)	(44000, 0.40816326530613606)	(46000, 0.40816326530613606)	(48000, 0.40816326530613606)	(50000, 0.40816326530613606)	(52000, 0.40816326530613606)	(54000, 0.40816326530613606)	(56000, 0.40816326530613606)	(58000, 0.40816326530613606)	(60000, 0.40816326530613606)	(62000, 0.40816326530613606)	(64000, 0.40816326530613606)	(66000, 0.4081632653061355)																														
FAY99780_pass_barcode08_98e12ebb_5ad7f319_32 - polya	(1, 0.0)	(2, 0.0)	(3, 0.0)	(4, 0.0)	(5, 0.0)	(6, 0.0)	(7, 0.0)	(8, 0.0)	(9, 0.0)	(10, 0.0)	(1000, 0.0)	(2000, 0.0)	(3000, 0.0)	(4000, 0.0)	(5000, 0.0)	(6000, 0.0)	(7000, 0.0)	(8000, 0.0)	(9000, 0.0)	(10000, 0.0)	(11000, 0.0)	(12000, 0.0)	(13000, 0.0)	(14000, 0.0)	(15000, 0.0)	(16000, 0.33826086956521406)	(17000, 0.4347826086956434)	(18000, 0.4347826086956434)	(19000, 0.4347826086956434)	(20000, 0.4347826086956434)	(21000, 0.4347826086956434)	(22000, 0.4347826086956434)	(23000, 0.4347826086956434)	(24000, 0.4347826086956434)	(25000, 0.8395652173912885)	(26000, 0.8695652173912868)	(27000, 0.8695652173912868)	(28000, 0.8695652173912868)	(29000, 0.8695652173912868)	(30000, 0.8695652173912868)	(31000, 0.8695652173912868)	(32000, 0.8695652173912868)	(33000, 0.8695652173912868)	(34000, 0.8695652173912868)	(35000, 0.8695652173912868)	(36000, 0.8695652173912868)	(37000, 0.8695652173912868)	(38000, 0.8695652173912868)	(39000, 0.8695652173912868)	(40000, 0.8695652173912868)	(41000, 0.8695652173912868)	(42000, 0.8695652173912868)	(43000, 0.8695652173912868)	(44000, 0.8695652173912868)	(45000, 0.8695652173912868)	(46000, 0.8695652173912906)																	
FAY99780_pass_barcode08_98e12ebb_5ad7f319_33 - polya	(1, 0.0)	(2, 0.0)	(3, 0.0)	(4, 0.0)	(5, 0.0)	(6, 0.0)	(7, 0.0)	(8, 0.0)	(9, 0.0)	(10, 0.0)	(1000, 0.0)	(2000, 0.0)	(3000, 0.0)	(4000, 0.0)	(5000, 0.0)	(6000, 0.0)	(7000, 0.0)	(8000, 0.0)	(9000, 0.0)	(10000, 0.0)	(11000, 0.0)	(12000, 0.0)	(13000, 0.0)	(14000, 0.0)	(15000, 0.0)	(16000, 0.0)	(17000, 0.0)	(18000, 0.0)	(19000, 0.0)	(20000, 0.0)	(21000, 0.16201923076923003)	(22000, 0.4807692307692271)	(23000, 0.4807692307692271)	(24000, 0.4807692307692271)	(25000, 0.4807692307692271)	(26000, 0.4807692307692271)	(27000, 0.4807692307692271)	(28000, 0.4807692307692271)	(29000, 0.4807692307692271)	(30000, 0.4807692307692271)	(31000, 0.4807692307692271)	(32000, 0.4807692307692271)	(33000, 0.4807692307692271)	(34000, 0.4807692307692271)	(35000, 0.4807692307692271)	(36000, 0.4807692307692271)	(37000, 0.4807692307692271)	(38000, 0.4807692307692271)	(39000, 0.4807692307692271)	(40000, 0.4807692307692271)	(41000, 0.4807692307692271)	(42000, 0.4807692307692271)	(43000, 0.4807692307692271)	(44000, 0.4807692307692271)	(45000, 0.4807692307692271)	(46000, 0.4807692307692271)	(47000, 0.4807692307692271)	(48000, 0.4807692307692271)	(49000, 0.4807692307692271)	(50000, 0.4807692307692271)	(51000, 0.4807692307692318)												
FAY99780_pass_barcode08_98e12ebb_5ad7f319_34 - polya	(1, 0.0)	(2, 0.0)	(3, 0.0)	(4, 0.0)	(5, 0.0)	(6, 0.0)	(7, 0.0)	(8, 0.0)	(9, 0.0)	(10, 0.0)	(1000, 0.0)	(2000, 0.22647058823529279)	(3000, 0.42016806722688543)	(4000, 0.42016806722688543)	(5000, 0.44915966386554035)	(6000, 1.094117647058814)	(7000, 1.2605042016806736)	(8000, 1.2605042016806736)	(9000, 1.3621848739495577)	(10000, 1.6806722689075417)	(11000, 1.6806722689075417)	(12000, 1.6806722689075417)	(13000, 1.6806722689075417)	(14000, 1.6806722689075417)	(15000, 1.6806722689075417)	(16000, 1.6806722689075417)	(17000, 1.6806722689075417)	(18000, 1.6806722689075417)	(19000, 1.6806722689075417)	(20000, 1.6806722689075417)	(21000, 1.6806722689075417)	(22000, 1.6806722689075417)	(23000, 1.6806722689075417)	(24000, 1.6806722689075417)	(25000, 1.6806722689075417)	(26000, 1.6806722689075417)	(27000, 1.6806722689075417)	(28000, 1.6806722689075417)	(29000, 1.6806722689075417)	(30000, 1.6806722689075417)	(31000, 1.6806722689075417)	(32000, 1.6806722689075417)	(33000, 1.6806722689075417)	(34000, 1.6806722689075417)	(35000, 1.985294117647083)	(36000, 2.100840336134476)	(37000, 2.100840336134476)	(38000, 2.100840336134476)	(39000, 2.100840336134476)	(40000, 2.100840336134476)	(41000, 2.100840336134476)	(42000, 2.100840336134476)	(43000, 2.100840336134476)	(44000, 2.100840336134476)	(45000, 2.100840336134476)	(46000, 2.100840336134476)	(47000, 2.100840336134476)	(48000, 2.100840336134476)	(49000, 2.100840336134476)	(50000, 2.100840336134476)	(51000, 2.100840336134476)	(52000, 2.100840336134476)	(53000, 2.1008403361344565)										
FAY99780_pass_barcode08_98e12ebb_5ad7f319_35 - polya	(1, 0.0)	(2, 0.0)	(3, 0.0)	(4, 0.0)	(5, 0.0)	(6, 0.0)	(7, 0.0)	(8, 0.0)	(9, 0.0)	(10, 0.3186453911091565)	(1000, 0.4830917874396079)	(2000, 0.6183574879227015)	(3000, 1.4492753623188235)	(4000, 1.4492753623188235)	(5000, 1.4492753623188235)	(6000, 1.4492753623188235)	(7000, 1.4492753623188235)	(8000, 1.4492753623188235)	(9000, 1.4492753623188235)	(10000, 1.4492753623188235)	(11000, 1.4492753623188235)	(12000, 1.4492753623188235)	(13000, 1.4492753623188235)	(14000, 1.4492753623188235)	(15000, 1.4492753623188235)	(16000, 1.4492753623188235)	(17000, 1.4492753623188235)	(18000, 1.4492753623188235)	(19000, 1.4492753623188235)	(20000, 1.4492753623188235)	(21000, 1.4492753623188235)	(22000, 1.4492753623188235)	(23000, 1.4492753623188235)	(24000, 1.4492753623188235)	(25000, 1.4492753623188235)	(26000, 1.4492753623188235)	(27000, 1.4492753623188235)	(28000, 1.4492753623188235)	(29000, 1.4492753623188235)	(30000, 1.4492753623188235)	(31000, 1.4492753623188235)	(32000, 1.4492753623188235)	(33000, 1.4492753623188235)	(34000, 1.4492753623188235)	(35000, 1.4492753623188235)	(36000, 1.4492753623188235)	(37000, 1.4492753623188235)	(38000, 1.4492753623188235)	(39000, 1.4492753623188235)	(40000, 1.4492753623188235)	(41000, 1.4492753623188235)	(42000, 1.4492753623188408)																					
FAY99780_pass_barcode08_98e12ebb_5ad7f319_36 - polya	(1, 0.0)	(2, 0.0)	(3, 0.0)	(4, 0.0)	(5, 0.0)	(6, 0.0)	(7, 0.0)	(8, 0.0)	(9, 0.0)	(10, 0.4317361455163161)	(2000, 0.9389671361502561)	(4000, 0.9389671361502561)	(6000, 1.2870892018779057)	(8000, 1.4084507042253191)	(10000, 1.4084507042253191)	(12000, 1.4084507042253191)	(14000, 1.4084507042253191)	(16000, 1.4084507042253191)	(18000, 1.4084507042253191)	(20000, 1.4084507042253191)	(22000, 1.4084507042253191)	(24000, 1.4084507042253191)	(26000, 1.4084507042253191)	(28000, 1.4084507042253191)	(30000, 1.4084507042253191)	(32000, 1.4084507042253191)	(34000, 1.4084507042253191)	(36000, 1.538967136150238)	(38000, 1.8779342723005121)	(40000, 1.8779342723005121)	(42000, 1.8779342723005121)	(44000, 1.8779342723005121)	(46000, 1.8779342723005121)	(48000, 1.8779342723005121)	(50000, 1.8779342723005121)	(52000, 1.8779342723005121)	(54000, 1.8779342723005121)	(56000, 1.8779342723005121)	(58000, 1.8779342723005121)	(60000, 1.8779342723005121)	(62000, 1.8779342723005121)	(64000, 1.8779342723005121)	(66000, 1.8779342723005121)	(68000, 1.8779342723005121)	(70000, 1.8779342723005121)	(72000, 1.8779342723005121)	(74000, 1.8779342723005121)	(76000, 1.8779342723004757)																									
FAY99780_pass_barcode08_98e12ebb_5ad7f319_37 - polya	(1, 0.0)	(2, 0.0)	(3, 0.0)	(4, 0.0)	(5, 0.0)	(6, 0.0)	(7, 0.0)	(8, 0.0)	(9, 0.0)	(10, 0.32638523968003447)	(1000, 0.5780346820809099)	(2000, 0.5780346820809099)	(3000, 0.5780346820809099)	(4000, 0.5780346820809099)	(5000, 0.5780346820809099)	(6000, 0.5780346820809099)	(7000, 0.5780346820809099)	(8000, 0.5780346820809099)	(9000, 0.6410404624277277)	(10000, 1.1560693641618198)	(11000, 1.1560693641618198)	(12000, 1.1560693641618198)	(13000, 1.1560693641618198)	(14000, 1.1560693641618198)	(15000, 1.1560693641618198)	(16000, 1.6427745664739646)	(17000, 1.7341040462427464)	(18000, 1.7341040462427464)	(19000, 1.7341040462427464)	(20000, 1.7341040462427464)	(21000, 1.7341040462427464)	(22000, 1.7341040462427464)	(23000, 1.7341040462427464)	(24000, 1.7341040462427464)	(25000, 1.7341040462427464)	(26000, 1.7341040462427464)	(27000, 1.7341040462427464)	(28000, 1.7341040462427464)	(29000, 1.7341040462427464)	(30000, 1.7341040462427464)	(31000, 1.7341040462427464)	(32000, 1.7341040462427464)	(33000, 1.7341040462427464)	(34000, 1.7341040462427464)	(35000, 1.7341040462427464)	(36000, 1.7341040462427464)	(37000, 1.7341040462427464)	(38000, 1.7341040462427464)	(39000, 1.7341040462427464)	(40000, 1.7341040462427464)	(41000, 1.7341040462427464)	(42000, 1.7341040462427464)	(43000, 1.7341040462427464)	(44000, 1.7341040462427464)	(45000, 1.734104046242764)																		
FAY99780_pass_barcode08_98e12ebb_5ad7f319_37 - polyg	(1, 0.0)	(2, 0.0)	(3, 0.0)	(4, 0.0)	(5, 0.0)	(6, 0.0)	(7, 0.0)	(8, 0.0)	(9, 0.0)	(10, 0.0)	(1000, 0.0)	(2000, 0.0)	(3000, 0.0)	(4000, 0.0)	(5000, 0.0)	(6000, 0.0)	(7000, 0.0)	(8000, 0.0)	(9000, 0.0)	(10000, 0.0)	(11000, 0.0)	(12000, 0.0)	(13000, 0.0)	(14000, 0.0)	(15000, 0.0)	(16000, 0.3699421965317868)	(17000, 0.5780346820809099)	(18000, 0.5780346820809099)	(19000, 0.5780346820809099)	(20000, 0.5780346820809099)	(21000, 0.5780346820809099)	(22000, 0.5780346820809099)	(23000, 0.5780346820809099)	(24000, 0.5780346820809099)	(25000, 0.5780346820809099)	(26000, 0.5780346820809099)	(27000, 0.5780346820809099)	(28000, 0.5780346820809099)	(29000, 0.5780346820809099)	(30000, 0.5780346820809099)	(31000, 0.5780346820809099)	(32000, 0.5780346820809099)	(33000, 0.5780346820809099)	(34000, 0.5780346820809099)	(35000, 0.5780346820809099)	(36000, 0.5780346820809099)	(37000, 0.5780346820809099)	(38000, 0.5780346820809099)	(39000, 0.5780346820809099)	(40000, 0.5780346820809099)	(41000, 0.5780346820809099)	(42000, 0.5780346820809099)	(43000, 0.5780346820809099)	(44000, 0.5780346820809099)	(45000, 0.5780346820809139)																		
FAY99780_pass_barcode08_98e12ebb_5ad7f319_38 - polya	(1, 0.0)	(2, 0.0)	(3, 0.0)	(4, 0.0)	(5, 0.0)	(6, 0.0)	(7, 0.0)	(8, 0.0)	(9, 0.0)	(10, 0.0)	(1000, 0.19608938547486146)	(2000, 0.5586592178771038)	(3000, 0.5586592178771038)	(4000, 0.5586592178771038)	(5000, 0.5586592178771038)	(6000, 0.5586592178771038)	(7000, 0.5586592178771038)	(8000, 0.5586592178771038)	(9000, 0.5586592178771038)	(10000, 0.5586592178771038)	(11000, 0.5586592178771038)	(12000, 0.5586592178771038)	(13000, 0.5586592178771038)	(14000, 0.5586592178771038)	(15000, 0.5586592178771038)	(16000, 0.5586592178771038)	(17000, 0.5586592178771038)	(18000, 0.5586592178771038)	(19000, 0.5586592178771038)	(20000, 0.5586592178771038)	(21000, 0.5586592178771038)	(22000, 0.5586592178771038)	(23000, 0.5586592178771038)	(24000, 0.5586592178771038)	(25000, 0.5586592178771038)	(26000, 0.5586592178771038)	(27000, 0.5586592178771038)	(28000, 0.5586592178771038)	(29000, 0.5586592178771038)	(30000, 0.5586592178771038)	(31000, 0.5586592178771038)	(32000, 0.5586592178771038)	(33000, 0.5586592178771038)	(34000, 0.5586592178771038)	(35000, 0.5586592178771038)	(36000, 0.8849162011173338)	(37000, 1.1173184357542076)	(38000, 1.1173184357542076)	(39000, 1.1173184357542076)	(40000, 1.1173184357542076)	(41000, 1.1173184357542076)	(42000, 1.1173184357542076)	(43000, 1.1173184357542076)	(44000, 1.1173184357542076)	(45000, 1.1173184357542076)	(46000, 1.1173184357542076)	(47000, 1.1173184357542076)	(48000, 1.1173184357542076)	(49000, 1.1173184357542076)	(50000, 1.1173184357542076)	(51000, 1.1173184357542023)												
FAY99780_pass_barcode08_98e12ebb_5ad7f319_39 - polya	(1, 0.0)	(2, 0.0)	(3, 0.0)	(4, 0.0)	(5, 0.0)	(6, 0.0)	(7, 0.0)	(8, 0.0)	(9, 0.0)	(10, 0.0)	(2000, 0.48131313131311426)	(4000, 0.505050505050486)	(6000, 0.505050505050486)	(8000, 0.505050505050486)	(10000, 0.505050505050486)	(12000, 0.505050505050486)	(14000, 0.7553030303030189)	(16000, 1.010101010100972)	(18000, 1.010101010100972)	(20000, 1.010101010100972)	(22000, 1.010101010100972)	(24000, 1.010101010100972)	(26000, 1.010101010100972)	(28000, 1.010101010100972)	(30000, 1.010101010100972)	(32000, 1.010101010100972)	(34000, 1.010101010100972)	(36000, 1.010101010100972)	(38000, 1.010101010100972)	(40000, 1.010101010100972)	(42000, 1.010101010100972)	(44000, 1.010101010100972)	(46000, 1.010101010100972)	(48000, 1.010101010100972)	(50000, 1.010101010100972)	(52000, 1.010101010100972)	(54000, 1.010101010100972)	(56000, 1.010101010100972)	(58000, 1.010101010100972)	(60000, 1.010101010100972)	(62000, 1.010101010100972)	(64000, 1.010101010100977)																															
FAY99780_pass_barcode08_98e12ebb_5ad7f319_4 - polya	(1, 0.0)	(2, 0.0)	(3, 0.0)	(4, 0.0)	(5, 0.0)	(6, 0.0)	(7, 0.0)	(8, 0.0)	(9, 0.0)	(10, 0.0)	(1000, 0.0)	(2000, 0.0)	(3000, 0.0)	(4000, 0.0)	(5000, 0.0)	(6000, 0.0)	(7000, 0.0)	(8000, 0.0)	(9000, 0.0)	(10000, 0.0)	(11000, 0.0)	(12000, 0.0)	(13000, 0.0)	(14000, 0.0)	(15000, 0.0)	(16000, 0.0)	(17000, 0.0)	(18000, 0.0)	(19000, 0.0)	(20000, 0.0)	(21000, 0.0)	(22000, 0.0)	(23000, 0.0)	(24000, 0.0)	(25000, 0.0)	(26000, 0.0)	(27000, 0.0)	(28000, 0.0)	(29000, 0.0)	(30000, 0.0)	(31000, 0.0)	(32000, 0.0)	(33000, 0.0)	(34000, 0.0)	(35000, 0.0)	(36000, 0.0)	(37000, 0.0)	(38000, 0.0)	(39000, 0.24473684210526536)	(40000, 0.292397660818717)	(41000, 0.292397660818717)	(42000, 0.292397660818717)	(43000, 0.292397660818717)	(44000, 0.292397660818717)	(45000, 0.292397660818717)	(46000, 0.2923976608187127)																	
FAY99780_pass_barcode08_98e12ebb_5ad7f319_40 - polya	(1, 0.0)	(2, 0.0)	(3, 0.0)	(4, 0.0)	(5, 0.0)	(6, 0.0)	(7, 0.0)	(8, 0.0)	(9, 0.0)	(10, 0.0)	(1000, 0.3542857142857174)	(2000, 0.9523809523809614)	(3000, 0.9523809523809614)	(4000, 0.9523809523809614)	(5000, 0.9523809523809614)	(6000, 0.9523809523809614)	(7000, 0.9523809523809614)	(8000, 0.9523809523809614)	(9000, 0.9523809523809614)	(10000, 0.9523809523809614)	(11000, 1.3876190476190304)	(12000, 1.4285714285714086)	(13000, 1.4285714285714086)	(14000, 1.4285714285714086)	(15000, 1.4285714285714086)	(16000, 1.4285714285714086)	(17000, 1.4285714285714086)	(18000, 1.4285714285714086)	(19000, 1.4285714285714086)	(20000, 1.4285714285714086)	(21000, 1.4285714285714086)	(22000, 1.4285714285714086)	(23000, 1.4285714285714086)	(24000, 1.4285714285714086)	(25000, 1.4285714285714086)	(26000, 1.4285714285714086)	(27000, 1.4285714285714086)	(28000, 1.4285714285714086)	(29000, 1.4285714285714086)	(30000, 1.4285714285714086)	(31000, 1.4285714285714086)	(32000, 1.4285714285714086)	(33000, 1.4285714285714086)	(34000, 1.4285714285714086)	(35000, 1.4285714285714086)	(36000, 1.4285714285714086)	(37000, 1.4285714285714086)	(38000, 1.4285714285714086)	(39000, 1.4285714285714086)	(40000, 1.4285714285714086)	(41000, 1.4285714285714086)	(42000, 1.4285714285714086)	(43000, 1.4285714285714086)	(44000, 1.4285714285714086)	(45000, 1.4285714285714086)	(46000, 1.4285714285714386)																	
FAY99780_pass_barcode08_98e12ebb_5ad7f319_41 - polya	(1, 0.0)	(2, 0.0)	(3, 0.0)	(4, 0.0)	(5, 0.0)	(6, 0.0)	(7, 0.0)	(8, 0.0)	(9, 0.0)	(10, 0.4564879564879531)	(1000, 0.4807692307692271)	(2000, 0.4807692307692271)	(3000, 0.6754807692307638)	(4000, 0.9615384615384542)	(5000, 0.9615384615384542)	(6000, 0.9615384615384542)	(7000, 0.9615384615384542)	(8000, 1.2826923076923074)	(9000, 1.8985576923076781)	(10000, 1.9230769230769085)	(11000, 1.9230769230769085)	(12000, 2.258653846153868)	(13000, 2.8173076923076796)	(14000, 2.8846153846153686)	(15000, 2.8846153846153686)	(16000, 2.8846153846153686)	(17000, 2.8846153846153686)	(18000, 2.8846153846153686)	(19000, 2.8846153846153686)	(20000, 2.8846153846153686)	(21000, 2.8846153846153686)	(22000, 2.8846153846153686)	(23000, 2.8846153846153686)	(24000, 2.8846153846153686)	(25000, 2.8846153846153686)	(26000, 2.8846153846153686)	(27000, 2.8846153846153686)	(28000, 2.8846153846153686)	(29000, 2.8846153846153686)	(30000, 2.8846153846153686)	(31000, 2.8846153846153686)	(32000, 2.8846153846153686)	(33000, 2.8846153846153686)	(34000, 2.8846153846153686)	(35000, 2.8846153846153686)	(36000, 2.8846153846153686)	(37000, 2.8846153846153686)	(38000, 2.8846153846153686)	(39000, 2.8846153846153686)	(40000, 2.8846153846153686)	(41000, 2.8846153846153686)	(42000, 2.8846153846153686)	(43000, 2.8846153846153686)	(44000, 2.884615384615366)																			
FAY99780_pass_barcode08_98e12ebb_5ad7f319_41 - polyg	(1, 0.0)	(2, 0.0)	(3, 0.0)	(4, 0.0)	(5, 0.0)	(6, 0.0)	(7, 0.0)	(8, 0.0)	(9, 0.0)	(10, 0.0)	(1000, 0.0)	(2000, 0.0)	(3000, 0.0)	(4000, 0.0)	(5000, 0.0)	(6000, 0.0)	(7000, 0.0)	(8000, 0.0)	(9000, 0.0)	(10000, 0.0)	(11000, 0.0)	(12000, 0.0)	(13000, 0.3600961538461513)	(14000, 0.4807692307692271)	(15000, 0.4807692307692271)	(16000, 0.4807692307692271)	(17000, 0.4807692307692271)	(18000, 0.4807692307692271)	(19000, 0.4807692307692271)	(20000, 0.4807692307692271)	(21000, 0.4807692307692271)	(22000, 0.4807692307692271)	(23000, 0.4807692307692271)	(24000, 0.4807692307692271)	(25000, 0.4807692307692271)	(26000, 0.4807692307692271)	(27000, 0.4807692307692271)	(28000, 0.4807692307692271)	(29000, 0.4807692307692271)	(30000, 0.4807692307692271)	(31000, 0.4807692307692271)	(32000, 0.4807692307692271)	(33000, 0.4807692307692271)	(34000, 0.4807692307692271)	(35000, 0.4807692307692271)	(36000, 0.4807692307692271)	(37000, 0.4807692307692271)	(38000, 0.4807692307692271)	(39000, 0.4807692307692271)	(40000, 0.4807692307692271)	(41000, 0.4807692307692271)	(42000, 0.4807692307692271)	(43000, 0.4807692307692271)	(44000, 0.48076923076922845)																			
FAY99780_pass_barcode08_98e12ebb_5ad7f319_42 - polya	(1, 0.4694835680751174)	(2, 0.4694835680751174)	(3, 0.4694835680751174)	(4, 0.4694835680751174)	(5, 0.4694835680751174)	(6, 0.4694835680751174)	(7, 0.4694835680751174)	(8, 0.4694835680751174)	(9, 0.4694835680751174)	(10, 0.469483568075128)	(2000, 0.46948356807512803)	(4000, 0.46948356807512803)	(6000, 0.46948356807512803)	(8000, 0.46948356807512803)	(10000, 0.46948356807512803)	(12000, 0.5673708920187933)	(14000, 0.9389671361502561)	(16000, 0.9389671361502561)	(18000, 0.9389671361502561)	(20000, 0.9389671361502561)	(22000, 0.9389671361502561)	(24000, 0.9389671361502561)	(26000, 0.9389671361502561)	(28000, 0.9389671361502561)	(30000, 0.9389671361502561)	(32000, 0.9389671361502561)	(34000, 0.9389671361502561)	(36000, 0.9389671361502561)	(38000, 0.9389671361502561)	(40000, 0.9389671361502561)	(42000, 0.9389671361502561)	(44000, 0.9389671361502561)	(46000, 0.9389671361502561)	(48000, 0.9389671361502561)	(50000, 0.9389671361502561)	(52000, 0.9389671361502561)	(54000, 0.9389671361502561)	(56000, 0.9389671361502561)	(58000, 0.9389671361502561)	(60000, 0.9389671361502561)	(62000, 0.9389671361502561)	(64000, 0.9389671361502561)	(66000, 0.9389671361502561)	(68000, 0.9389671361502561)	(70000, 0.9389671361502561)	(72000, 0.9389671361502561)	(74000, 0.9389671361502561)	(76000, 0.9389671361502561)	(78000, 0.9389671361502561)	(80000, 0.9389671361502561)	(82000, 0.9389671361502561)	(84000, 0.9389671361502561)	(86000, 0.9389671361502561)	(88000, 0.9389671361502561)	(90000, 0.9389671361502561)	(92000, 0.9389671361502561)	(94000, 0.9389671361502561)	(96000, 0.9389671361502561)	(98000, 0.9389671361502561)	(100000, 0.9389671361502561)	(102000, 0.9389671361502345)												
FAY99780_pass_barcode08_98e12ebb_5ad7f319_42 - polyg	(1, 0.0)	(2, 0.0)	(3, 0.0)	(4, 0.0)	(5, 0.0)	(6, 0.0)	(7, 0.0)	(8, 0.0)	(9, 0.0)	(10, 0.0)	(2000, 0.0)	(4000, 0.0)	(6000, 0.0)	(8000, 0.0)	(10000, 0.0)	(12000, 0.08286384976525796)	(14000, 0.46948356807512803)	(16000, 0.46948356807512803)	(18000, 0.46948356807512803)	(20000, 0.46948356807512803)	(22000, 0.46948356807512803)	(24000, 0.46948356807512803)	(26000, 0.46948356807512803)	(28000, 0.46948356807512803)	(30000, 0.46948356807512803)	(32000, 0.46948356807512803)	(34000, 0.46948356807512803)	(36000, 0.46948356807512803)	(38000, 0.46948356807512803)	(40000, 0.46948356807512803)	(42000, 0.46948356807512803)	(44000, 0.46948356807512803)	(46000, 0.46948356807512803)	(48000, 0.46948356807512803)	(50000, 0.46948356807512803)	(52000, 0.46948356807512803)	(54000, 0.46948356807512803)	(56000, 0.46948356807512803)	(58000, 0.46948356807512803)	(60000, 0.46948356807512803)	(62000, 0.46948356807512803)	(64000, 0.46948356807512803)	(66000, 0.46948356807512803)	(68000, 0.46948356807512803)	(70000, 0.46948356807512803)	(72000, 0.46948356807512803)	(74000, 0.46948356807512803)	(76000, 0.46948356807512803)	(78000, 0.46948356807512803)	(80000, 0.46948356807512803)	(82000, 0.46948356807512803)	(84000, 0.46948356807512803)	(86000, 0.46948356807512803)	(88000, 0.46948356807512803)	(90000, 0.46948356807512803)	(92000, 0.46948356807512803)	(94000, 0.46948356807512803)	(96000, 0.46948356807512803)	(98000, 0.46948356807512803)	(100000, 0.46948356807512803)	(102000, 0.46948356807511726)												
FAY99780_pass_barcode08_98e12ebb_5ad7f319_43 - polya	(1, 0.0)	(2, 0.0)	(3, 0.0)	(4, 0.0)	(5, 0.0)	(6, 0.0)	(7, 0.0)	(8, 0.0)	(9, 0.0)	(10, 0.23393667365955942)	(2000, 0.48543689320388245)	(4000, 0.48543689320388245)	(6000, 0.48543689320388245)	(8000, 0.48543689320388245)	(10000, 0.48543689320388245)	(12000, 0.48543689320388245)	(14000, 0.48543689320388245)	(16000, 0.48543689320388245)	(18000, 0.48543689320388245)	(20000, 0.48543689320388245)	(22000, 0.48543689320388245)	(24000, 0.6262135922330084)	(26000, 0.9708737864077649)	(28000, 0.9708737864077649)	(30000, 0.9708737864077649)	(32000, 0.9708737864077649)	(34000, 0.9708737864077649)	(36000, 0.9708737864077649)	(38000, 0.9708737864077649)	(40000, 0.9708737864077649)	(42000, 0.9708737864077649)	(44000, 0.9708737864077649)	(46000, 0.9708737864077649)	(48000, 0.9708737864077649)	(50000, 0.9708737864077649)	(52000, 0.9708737864077649)	(54000, 0.9708737864077649)	(56000, 0.9708737864077649)	(58000, 0.9708737864077649)	(60000, 0.9708737864077649)	(62000, 0.9708737864077649)	(64000, 0.9708737864077649)	(66000, 0.9708737864077649)	(68000, 0.9708737864077652)																													
FAY99780_pass_barcode08_98e12ebb_5ad7f319_45 - polya	(1, 0.0)	(2, 0.0)	(3, 0.0)	(4, 0.0)	(5, 0.0)	(6, 0.0)	(7, 0.0)	(8, 0.0)	(9, 0.0)	(10, 0.0)	(1000, 0.0)	(2000, 0.0)	(3000, 0.0)	(4000, 0.0)	(5000, 0.0)	(6000, 0.0)	(7000, 0.0)	(8000, 0.0)	(9000, 0.0)	(10000, 0.0)	(11000, 0.0)	(12000, 0.0)	(13000, 0.0)	(14000, 0.0)	(15000, 0.0)	(16000, 0.0)	(17000, 0.0)	(18000, 0.0)	(19000, 0.0)	(20000, 0.0)	(21000, 0.0)	(22000, 0.0)	(23000, 0.0)	(24000, 0.05103092783505142)	(25000, 0.5154639175257772)	(26000, 0.5154639175257772)	(27000, 0.5154639175257772)	(28000, 0.5154639175257772)	(29000, 0.5154639175257772)	(30000, 0.5154639175257772)	(31000, 0.5154639175257772)	(32000, 0.5154639175257772)	(33000, 0.5154639175257772)	(34000, 0.5154639175257772)	(35000, 0.5154639175257772)	(36000, 0.5154639175257772)	(37000, 0.5154639175257772)	(38000, 0.5154639175257772)	(39000, 0.5154639175257772)	(40000, 0.5154639175257772)	(41000, 0.5154639175257772)	(42000, 0.5154639175257772)	(43000, 0.5154639175257772)	(44000, 0.5154639175257772)																			
FAY99780_pass_barcode08_98e12ebb_5ad7f319_46 - polya	(1, 0.0)	(2, 0.0)	(3, 0.0)	(4, 0.0)	(5, 0.0)	(6, 0.0)	(7, 0.0)	(8, 0.0)	(9, 0.0)	(10, 0.0)	(1000, 0.0)	(2000, 0.0)	(3000, 0.0)	(4000, 0.0)	(5000, 0.0)	(6000, 0.0)	(7000, 0.06942675159235655)	(8000, 0.6369426751592385)	(9000, 0.6369426751592385)	(10000, 0.6369426751592385)	(11000, 0.6369426751592385)	(12000, 0.6369426751592385)	(13000, 0.6369426751592385)	(14000, 0.6369426751592385)	(15000, 0.908280254777061)	(16000, 1.273885350318477)	(17000, 1.273885350318477)	(18000, 1.2866242038216604)	(19000, 1.9108280254777126)	(20000, 1.9108280254777126)	(21000, 1.9108280254777126)	(22000, 1.9108280254777126)	(23000, 1.9108280254777126)	(24000, 1.9108280254777126)	(25000, 1.9108280254777126)	(26000, 1.9108280254777126)	(27000, 1.9108280254777126)	(28000, 1.9108280254777126)	(29000, 1.9108280254777126)	(30000, 1.9108280254777126)	(31000, 1.9108280254777126)	(32000, 1.9108280254777126)	(33000, 1.9108280254777126)	(34000, 1.9108280254777126)	(35000, 1.9108280254777126)	(36000, 1.9108280254777126)	(37000, 1.9108280254777126)	(38000, 1.9108280254777126)	(39000, 1.9108280254777126)	(40000, 1.9108280254777126)	(41000, 1.9108280254777126)	(42000, 1.9108280254777126)	(43000, 1.9108280254777126)	(44000, 1.9108280254777126)	(45000, 1.9108280254777126)																		
FAY99780_pass_barcode08_98e12ebb_5ad7f319_47 - polya	(1, 0.0)	(2, 0.0)	(3, 0.0)	(4, 0.0)	(5, 0.0)	(6, 0.0)	(7, 0.0)	(8, 0.0)	(9, 0.0)	(10, 0.0)	(2000, 0.0)	(4000, 0.002922077922077922)	(6000, 0.6493506493506411)	(8000, 0.6493506493506411)	(10000, 0.6493506493506411)	(12000, 0.6493506493506411)	(14000, 0.6493506493506411)	(16000, 0.6493506493506411)	(18000, 0.6493506493506411)	(20000, 0.6493506493506411)	(22000, 0.6493506493506411)	(24000, 0.6493506493506411)	(26000, 1.0441558441558045)	(28000, 1.2987012987012823)	(30000, 1.2987012987012823)	(32000, 1.2987012987012823)	(34000, 1.2987012987012823)	(36000, 1.2987012987012823)	(38000, 1.2987012987012823)	(40000, 1.2987012987012823)	(42000, 1.2987012987012823)	(44000, 1.2987012987012823)	(46000, 1.2987012987012823)	(48000, 1.2987012987012823)	(50000, 1.2987012987012823)	(52000, 1.2987012987012823)	(54000, 1.2987012987012823)	(56000, 1.2987012987012823)	(58000, 1.2987012987012823)	(60000, 1.2987012987012823)	(62000, 1.2987012987012823)	(64000, 1.2987012987012823)	(66000, 1.2987012987012823)	(68000, 1.2987012987012823)	(70000, 1.2987012987012823)	(72000, 1.2987012987012487)																											
FAY99780_pass_barcode08_98e12ebb_5ad7f319_47 - polyg	(1, 0.0)	(2, 0.0)	(3, 0.0)	(4, 0.0)	(5, 0.0)	(6, 0.0)	(7, 0.0)	(8, 0.0)	(9, 0.0)	(10, 0.0)	(2000, 0.0)	(4000, 0.0)	(6000, 0.0)	(8000, 0.3737012987012896)	(10000, 0.6493506493506411)	(12000, 0.6493506493506411)	(14000, 0.6493506493506411)	(16000, 0.6493506493506411)	(18000, 0.6493506493506411)	(20000, 0.6493506493506411)	(22000, 0.6493506493506411)	(24000, 0.6493506493506411)	(26000, 0.6493506493506411)	(28000, 0.6493506493506411)	(30000, 0.6493506493506411)	(32000, 0.6493506493506411)	(34000, 0.6493506493506411)	(36000, 0.6493506493506411)	(38000, 0.6493506493506411)	(40000, 0.6493506493506411)	(42000, 0.6493506493506411)	(44000, 0.6493506493506411)	(46000, 0.6493506493506411)	(48000, 0.6493506493506411)	(50000, 0.6493506493506411)	(52000, 0.6493506493506411)	(54000, 0.6493506493506411)	(56000, 0.6493506493506411)	(58000, 0.6493506493506411)	(60000, 0.6493506493506411)	(62000, 0.6493506493506411)	(64000, 0.6493506493506411)	(66000, 0.6493506493506411)	(68000, 0.6493506493506411)	(70000, 0.6493506493506411)	(72000, 0.6493506493506244)																											
FAY99780_pass_barcode08_98e12ebb_5ad7f319_48 - polya	(1, 0.0)	(2, 0.0)	(3, 0.0)	(4, 0.0)	(5, 0.0)	(6, 0.0)	(7, 0.0)	(8, 0.0)	(9, 0.0)	(10, 0.0)	(1000, 0.01568627450980392)	(2000, 0.4901960784313785)	(3000, 0.7284313725490298)	(4000, 0.980392156862757)	(5000, 0.980392156862757)	(6000, 0.980392156862757)	(7000, 0.980392156862757)	(8000, 0.980392156862757)	(9000, 0.980392156862757)	(10000, 0.980392156862757)	(11000, 0.980392156862757)	(12000, 0.980392156862757)	(13000, 0.980392156862757)	(14000, 0.980392156862757)	(15000, 1.4230392156862954)	(16000, 1.4705882352941393)	(17000, 1.4705882352941393)	(18000, 1.4705882352941393)	(19000, 1.4705882352941393)	(20000, 1.4705882352941393)	(21000, 1.4705882352941393)	(22000, 1.4705882352941393)	(23000, 1.4705882352941393)	(24000, 1.4705882352941393)	(25000, 1.4705882352941393)	(26000, 1.4705882352941393)	(27000, 1.4705882352941393)	(28000, 1.4705882352941393)	(29000, 1.4705882352941393)	(30000, 1.4705882352941393)	(31000, 1.4705882352941393)	(32000, 1.4705882352941393)	(33000, 1.4705882352941393)	(34000, 1.4705882352941393)	(35000, 1.4705882352941393)	(36000, 1.4705882352941393)	(37000, 1.4705882352941393)	(38000, 1.4705882352941393)	(39000, 1.4705882352941393)	(40000, 1.4705882352941393)	(41000, 1.4705882352941393)	(42000, 1.4705882352941393)	(43000, 1.4705882352941393)	(44000, 1.4705882352941393)	(45000, 1.4705882352941393)	(46000, 1.4705882352941393)	(47000, 1.4705882352941393)	(48000, 1.4705882352941393)	(49000, 1.4705882352941393)	(50000, 1.4705882352941393)	(51000, 1.4705882352941386)												
FAY99780_pass_barcode08_98e12ebb_5ad7f319_48 - polyg	(1, 0.0)	(2, 0.0)	(3, 0.0)	(4, 0.0)	(5, 0.0)	(6, 0.0)	(7, 0.0)	(8, 0.0)	(9, 0.0)	(10, 0.0)	(1000, 0.0)	(2000, 0.0)	(3000, 0.0)	(4000, 0.0)	(5000, 0.0)	(6000, 0.0)	(7000, 0.0)	(8000, 0.0)	(9000, 0.0)	(10000, 0.0)	(11000, 0.0)	(12000, 0.0)	(13000, 0.0)	(14000, 0.0)	(15000, 0.3348039215686306)	(16000, 0.4901960784313785)	(17000, 0.4901960784313785)	(18000, 0.4901960784313785)	(19000, 0.4901960784313785)	(20000, 0.4901960784313785)	(21000, 0.4901960784313785)	(22000, 0.4901960784313785)	(23000, 0.4901960784313785)	(24000, 0.4901960784313785)	(25000, 0.4901960784313785)	(26000, 0.4901960784313785)	(27000, 0.4901960784313785)	(28000, 0.4901960784313785)	(29000, 0.4901960784313785)	(30000, 0.4901960784313785)	(31000, 0.4901960784313785)	(32000, 0.4901960784313785)	(33000, 0.4901960784313785)	(34000, 0.4901960784313785)	(35000, 0.4901960784313785)	(36000, 0.4901960784313785)	(37000, 0.4901960784313785)	(38000, 0.4901960784313785)	(39000, 0.4901960784313785)	(40000, 0.4901960784313785)	(41000, 0.4901960784313785)	(42000, 0.4901960784313785)	(43000, 0.4901960784313785)	(44000, 0.4901960784313785)	(45000, 0.4901960784313785)	(46000, 0.4901960784313785)	(47000, 0.4901960784313785)	(48000, 0.4901960784313785)	(49000, 0.4901960784313785)	(50000, 0.4901960784313785)	(51000, 0.490196078431378)												
FAY99780_pass_barcode08_98e12ebb_5ad7f319_49 - polya	(1, 0.0)	(2, 0.0)	(3, 0.0)	(4, 0.0)	(5, 0.0)	(6, 0.0)	(7, 0.0)	(8, 0.0)	(9, 0.0)	(10, 0.0)	(2000, 0.0)	(4000, 0.0)	(6000, 0.0)	(8000, 0.0)	(10000, 0.0)	(12000, 0.0)	(14000, 0.0)	(16000, 0.0)	(18000, 0.00625)	(20000, 0.5)	(22000, 0.5)	(24000, 0.5)	(26000, 0.5)	(28000, 0.56875)	(30000, 1.0)	(32000, 1.0)	(34000, 1.0)	(36000, 1.0)	(38000, 1.0)	(40000, 1.0)	(42000, 1.0)	(44000, 1.0)	(46000, 1.0)	(48000, 1.0)	(50000, 1.0)	(52000, 1.0)	(54000, 1.0)	(56000, 1.0)	(58000, 1.0)	(60000, 1.0)	(62000, 1.0)	(64000, 1.0)	(66000, 1.0)	(68000, 1.0)	(70000, 1.0)	(72000, 1.0)	(74000, 1.0)	(76000, 1.0)	(78000, 1.0)	(80000, 1.2225)	(82000, 1.5)	(84000, 1.5)	(86000, 1.5)	(88000, 1.5)																			
FAY99780_pass_barcode08_98e12ebb_5ad7f319_5 - polya	(1, 0.0)	(2, 0.0)	(3, 0.0)	(4, 0.0)	(5, 0.0)	(6, 0.0)	(7, 0.0)	(8, 0.0)	(9, 0.0)	(10, 0.0)	(2000, 0.0)	(4000, 0.0)	(6000, 0.0)	(8000, 0.0)	(10000, 0.0)	(12000, 0.0)	(14000, 0.0)	(16000, 0.0)	(18000, 0.0)	(20000, 0.0)	(22000, 0.0)	(24000, 0.0)	(26000, 0.0)	(28000, 0.0)	(30000, 0.0)	(32000, 0.0)	(34000, 0.0)	(36000, 0.032185628742514814)	(38000, 0.2994011976047775)	(40000, 0.2994011976047775)	(42000, 0.2994011976047775)	(44000, 0.2994011976047775)	(46000, 0.2994011976047775)	(48000, 0.2994011976047775)	(50000, 0.2994011976047775)	(52000, 0.2994011976047775)	(54000, 0.2994011976047775)	(56000, 0.2994011976047775)	(58000, 0.2994011976047775)	(60000, 0.2994011976047775)	(62000, 0.2994011976047775)	(64000, 0.2994011976047775)	(66000, 0.2994011976047775)	(68000, 0.45209580838321844)	(70000, 0.598802395209555)	(72000, 0.598802395209555)	(74000, 0.5988023952095843)																										
FAY99780_pass_barcode08_98e12ebb_5ad7f319_50 - polya	(1, 0.0)	(2, 0.0)	(3, 0.0)	(4, 0.0)	(5, 0.0)	(6, 0.0)	(7, 0.0)	(8, 0.0)	(9, 0.0)	(10, 0.0)	(1000, 0.0)	(2000, 0.0)	(3000, 0.0)	(4000, 0.0)	(5000, 0.0)	(6000, 0.0)	(7000, 0.0)	(8000, 0.0)	(9000, 0.0)	(10000, 0.0)	(11000, 0.0)	(12000, 0.405)	(13000, 0.5)	(14000, 0.5)	(15000, 0.5)	(16000, 0.5)	(17000, 0.5)	(18000, 0.9535)	(19000, 1.0865)	(20000, 1.5)	(21000, 1.5)	(22000, 1.5)	(23000, 1.5)	(24000, 1.5)	(25000, 1.9265)	(26000, 2.0)	(27000, 2.0)	(28000, 2.0)	(29000, 2.0)	(30000, 2.0)	(31000, 2.0)	(32000, 2.0)	(33000, 2.0)	(34000, 2.0)	(35000, 2.0)	(36000, 2.0)	(37000, 2.0)	(38000, 2.0)	(39000, 2.0)	(40000, 2.0)	(41000, 2.0)	(42000, 2.0)	(43000, 2.0)	(44000, 2.0)																			
FAY99780_pass_barcode08_98e12ebb_5ad7f319_50 - polyg	(1, 0.0)	(2, 0.0)	(3, 0.0)	(4, 0.0)	(5, 0.0)	(6, 0.0)	(7, 0.0)	(8, 0.0)	(9, 0.0)	(10, 0.0)	(1000, 0.0)	(2000, 0.0)	(3000, 0.0)	(4000, 0.0)	(5000, 0.0)	(6000, 0.0)	(7000, 0.0)	(8000, 0.0)	(9000, 0.0)	(10000, 0.0)	(11000, 0.0)	(12000, 0.0)	(13000, 0.0)	(14000, 0.0)	(15000, 0.0)	(16000, 0.0)	(17000, 0.0)	(18000, 0.0)	(19000, 0.0)	(20000, 0.0)	(21000, 0.0)	(22000, 0.0)	(23000, 0.0)	(24000, 0.0)	(25000, 0.3465)	(26000, 0.5)	(27000, 0.5)	(28000, 0.5)	(29000, 0.5)	(30000, 0.5)	(31000, 0.5)	(32000, 0.5)	(33000, 0.5)	(34000, 0.5)	(35000, 0.5)	(36000, 0.5)	(37000, 0.5)	(38000, 0.5)	(39000, 0.5)	(40000, 0.5)	(41000, 0.5)	(42000, 0.5)	(43000, 0.5)	(44000, 0.5)																			
FAY99780_pass_barcode08_98e12ebb_5ad7f319_51 - polya	(1, 0.4878048780487805)	(2, 0.4878048780487805)	(3, 0.4878048780487805)	(4, 0.4878048780487805)	(5, 0.4878048780487805)	(6, 0.4878048780487805)	(7, 0.4878048780487805)	(8, 0.4878048780487805)	(9, 0.4878048780487805)	(10, 0.487804878048788)	(1000, 0.4878048780487881)	(2000, 0.4878048780487881)	(3000, 0.4878048780487881)	(4000, 0.4878048780487881)	(5000, 0.4878048780487881)	(6000, 0.4878048780487881)	(7000, 0.4878048780487881)	(8000, 0.4878048780487881)	(9000, 0.4878048780487881)	(10000, 0.4878048780487881)	(11000, 0.4878048780487881)	(12000, 0.4878048780487881)	(13000, 0.4878048780487881)	(14000, 0.4878048780487881)	(15000, 0.4878048780487881)	(16000, 0.4878048780487881)	(17000, 0.4878048780487881)	(18000, 0.4878048780487881)	(19000, 0.4878048780487881)	(20000, 0.4878048780487881)	(21000, 0.4878048780487881)	(22000, 0.8751219512195249)	(23000, 0.9756097560975762)	(24000, 0.9756097560975762)	(25000, 0.9756097560975762)	(26000, 0.9756097560975762)	(27000, 0.9756097560975762)	(28000, 0.9756097560975762)	(29000, 0.9756097560975762)	(30000, 0.9756097560975762)	(31000, 0.9756097560975762)	(32000, 0.9756097560975762)	(33000, 0.9756097560975762)	(34000, 0.9756097560975762)	(35000, 0.9756097560975762)	(36000, 0.9756097560975762)	(37000, 0.9756097560975762)	(38000, 0.9756097560975762)	(39000, 0.9756097560975762)	(40000, 0.9756097560975762)	(41000, 0.9756097560975762)	(42000, 0.9756097560975762)	(43000, 0.9756097560975762)	(44000, 0.9756097560975762)	(45000, 0.9756097560975762)	(46000, 0.9756097560975762)	(47000, 0.9756097560975762)	(48000, 0.9756097560975762)	(49000, 0.9756097560975746)														
FAY99780_pass_barcode08_98e12ebb_5ad7f319_51 - polyg	(1, 0.0)	(2, 0.0)	(3, 0.0)	(4, 0.0)	(5, 0.0)	(6, 0.0)	(7, 0.0)	(8, 0.0)	(9, 0.0)	(10, 0.0)	(1000, 0.0)	(2000, 0.0)	(3000, 0.0)	(4000, 0.0)	(5000, 0.0)	(6000, 0.0)	(7000, 0.0)	(8000, 0.0)	(9000, 0.0)	(10000, 0.0)	(11000, 0.0)	(12000, 0.0)	(13000, 0.0)	(14000, 0.0)	(15000, 0.0)	(16000, 0.0)	(17000, 0.0)	(18000, 0.0)	(19000, 0.0)	(20000, 0.0)	(21000, 0.0)	(22000, 0.47463414634147066)	(23000, 0.4878048780487881)	(24000, 0.4878048780487881)	(25000, 0.4878048780487881)	(26000, 0.4878048780487881)	(27000, 0.4878048780487881)	(28000, 0.4878048780487881)	(29000, 0.4878048780487881)	(30000, 0.4878048780487881)	(31000, 0.4878048780487881)	(32000, 0.4878048780487881)	(33000, 0.4878048780487881)	(34000, 0.4878048780487881)	(35000, 0.4878048780487881)	(36000, 0.4878048780487881)	(37000, 0.4878048780487881)	(38000, 0.4878048780487881)	(39000, 0.4878048780487881)	(40000, 0.4878048780487881)	(41000, 0.4878048780487881)	(42000, 0.4878048780487881)	(43000, 0.4878048780487881)	(44000, 0.4878048780487881)	(45000, 0.4878048780487881)	(46000, 0.4878048780487881)	(47000, 0.4878048780487881)	(48000, 0.4878048780487881)	(49000, 0.4878048780487873)														
FAY99780_pass_barcode08_98e12ebb_5ad7f319_52 - polya	(1, 0.0)	(2, 0.0)	(3, 0.0)	(4, 0.0)	(5, 0.0)	(6, 0.0)	(7, 0.0)	(8, 0.0)	(9, 0.0)	(10, 0.2626262626262658)	(1000, 0.4545454545454511)	(2000, 0.4545454545454511)	(3000, 0.4545454545454511)	(4000, 0.4545454545454511)	(5000, 0.5768181818181854)	(6000, 0.9090909090909022)	(7000, 0.9090909090909022)	(8000, 0.9090909090909022)	(9000, 0.9090909090909022)	(10000, 0.9090909090909022)	(11000, 0.9090909090909022)	(12000, 0.9090909090909022)	(13000, 0.9090909090909022)	(14000, 0.9090909090909022)	(15000, 1.0745454545454585)	(16000, 1.3636363636363444)	(17000, 1.3636363636363444)	(18000, 1.3636363636363444)	(19000, 1.3636363636363444)	(20000, 1.3636363636363444)	(21000, 1.3636363636363444)	(22000, 1.3636363636363444)	(23000, 1.3636363636363444)	(24000, 1.3636363636363444)	(25000, 1.3636363636363444)	(26000, 1.3636363636363444)	(27000, 1.3636363636363444)	(28000, 1.3636363636363444)	(29000, 1.3636363636363444)	(30000, 1.3636363636363444)	(31000, 1.3636363636363444)	(32000, 1.3636363636363444)	(33000, 1.3636363636363444)	(34000, 1.3636363636363444)	(35000, 1.3636363636363444)	(36000, 1.3636363636363444)	(37000, 1.3636363636363444)	(38000, 1.3636363636363444)	(39000, 1.3636363636363444)	(40000, 1.3636363636363444)	(41000, 1.3636363636363444)	(42000, 1.3636363636363444)	(43000, 1.3636363636363444)	(44000, 1.3636363636363444)	(45000, 1.3636363636363444)	(46000, 1.3636363636363444)	(47000, 1.3636363636363444)	(48000, 1.3636363636363444)	(49000, 1.3636363636363444)	(50000, 1.3636363636363444)	(51000, 1.3636363636363444)	(52000, 1.3636363636363444)	(53000, 1.3636363636363444)	(54000, 1.3636363636363444)	(55000, 1.3636363636363444)	(56000, 1.3636363636363444)	(57000, 1.3636363636363444)	(58000, 1.3636363636363695)					
FAY99780_pass_barcode08_98e12ebb_5ad7f319_53 - polya	(1, 0.0)	(2, 0.0)	(3, 0.0)	(4, 0.0)	(5, 0.0)	(6, 0.0)	(7, 0.0)	(8, 0.0)	(9, 0.0)	(10, 0.0)	(1000, 0.44455445544553984)	(2000, 0.49504950495048944)	(3000, 0.49504950495048944)	(4000, 0.49504950495048944)	(5000, 0.49504950495048944)	(6000, 0.49504950495048944)	(7000, 0.49504950495048944)	(8000, 0.49504950495048944)	(9000, 0.49504950495048944)	(10000, 0.49504950495048944)	(11000, 0.49504950495048944)	(12000, 0.49504950495048944)	(13000, 0.49504950495048944)	(14000, 0.49504950495048944)	(15000, 0.49504950495048944)	(16000, 0.49504950495048944)	(17000, 0.49504950495048944)	(18000, 0.49504950495048944)	(19000, 0.49504950495048944)	(20000, 0.49504950495048944)	(21000, 0.49504950495048944)	(22000, 0.9519801980197914)	(23000, 0.9900990099009789)	(24000, 0.9900990099009789)	(25000, 0.9900990099009789)	(26000, 0.9900990099009789)	(27000, 0.9900990099009789)	(28000, 0.9900990099009789)	(29000, 0.9900990099009789)	(30000, 0.9900990099009789)	(31000, 0.9900990099009789)	(32000, 0.9900990099009789)	(33000, 0.9900990099009799)																														
FAY99780_pass_barcode08_98e12ebb_5ad7f319_54 - polya	(1, 0.0)	(2, 0.0)	(3, 0.0)	(4, 0.0)	(5, 0.0)	(6, 0.0)	(7, 0.0)	(8, 0.0)	(9, 0.0)	(10, 0.0)	(1000, 0.0)	(2000, 0.0)	(3000, 0.0)	(4000, 0.0)	(5000, 0.25972222222222197)	(6000, 0.4629629629629747)	(7000, 0.4629629629629747)	(8000, 0.4629629629629747)	(9000, 0.4629629629629747)	(10000, 0.4629629629629747)	(11000, 0.4629629629629747)	(12000, 0.4629629629629747)	(13000, 0.4629629629629747)	(14000, 0.4629629629629747)	(15000, 0.4629629629629747)	(16000, 0.4629629629629747)	(17000, 0.4629629629629747)	(18000, 0.4629629629629747)	(19000, 0.4629629629629747)	(20000, 0.4629629629629747)	(21000, 0.4629629629629747)	(22000, 0.4629629629629747)	(23000, 0.4629629629629747)	(24000, 0.4629629629629747)	(25000, 0.4629629629629747)	(26000, 0.4629629629629747)	(27000, 0.4629629629629747)	(28000, 0.4629629629629747)	(29000, 0.4629629629629747)	(30000, 0.4629629629629747)	(31000, 0.4629629629629747)	(32000, 0.4629629629629747)	(33000, 0.4629629629629747)	(34000, 0.4629629629629747)	(35000, 0.4629629629629747)	(36000, 0.4629629629629747)	(37000, 0.4629629629629747)	(38000, 0.4629629629629747)	(39000, 0.4629629629629747)	(40000, 0.4629629629629747)	(41000, 0.4629629629629747)	(42000, 0.4629629629629747)	(43000, 0.4629629629629736)																				
FAY99780_pass_barcode08_98e12ebb_5ad7f319_55 - polya	(1, 0.0)	(2, 0.0)	(3, 0.0)	(4, 0.0)	(5, 0.0)	(6, 0.0)	(7, 0.0)	(8, 0.0)	(9, 0.0)	(10, 0.0)	(1000, 0.5621890547263639)	(2000, 0.9950248756218815)	(3000, 0.9950248756218815)	(4000, 0.9950248756218815)	(5000, 0.9950248756218815)	(6000, 0.9950248756218815)	(7000, 0.9950248756218815)	(8000, 0.9950248756218815)	(9000, 0.9950248756218815)	(10000, 0.9950248756218815)	(11000, 0.9950248756218815)	(12000, 0.9950248756218815)	(13000, 0.9950248756218815)	(14000, 0.9950248756218815)	(15000, 1.223383084577129)	(16000, 1.4925373134328606)	(17000, 1.4925373134328606)	(18000, 1.4925373134328606)	(19000, 1.4925373134328606)	(20000, 1.4925373134328606)	(21000, 1.4925373134328606)	(22000, 1.4925373134328606)	(23000, 1.4925373134328606)	(24000, 1.4925373134328606)	(25000, 1.4925373134328606)	(26000, 1.4925373134328606)	(27000, 1.4925373134328606)	(28000, 1.4925373134328606)	(29000, 1.7517412935323309)	(30000, 1.990049751243763)	(31000, 1.990049751243763)	(32000, 1.990049751243763)	(33000, 1.990049751243763)	(34000, 1.990049751243763)	(35000, 1.990049751243763)	(36000, 1.990049751243763)	(37000, 1.990049751243763)	(38000, 1.990049751243763)	(39000, 1.990049751243763)	(40000, 1.990049751243763)	(41000, 1.990049751243763)	(42000, 1.990049751243763)	(43000, 1.990049751243763)	(44000, 1.990049751243763)	(45000, 1.990049751243763)	(46000, 1.990049751243763)	(47000, 1.990049751243763)	(48000, 1.990049751243763)	(49000, 1.990049751243763)	(50000, 1.990049751243763)	(51000, 1.990049751243763)	(52000, 1.990049751243763)	(53000, 1.990049751243763)	(54000, 1.9900497512437638)									
FAY99780_pass_barcode08_98e12ebb_5ad7f319_56 - polya	(1, 0.0)	(2, 0.0)	(3, 0.0)	(4, 0.0)	(5, 0.0)	(6, 0.0)	(7, 0.0)	(8, 0.0)	(9, 0.0)	(10, 0.0)	(2000, 0.0)	(4000, 0.33967741935483353)	(6000, 0.6451612903225903)	(8000, 0.6451612903225903)	(10000, 0.8032258064515946)	(12000, 1.2903225806451806)	(14000, 1.2903225806451806)	(16000, 1.2903225806451806)	(18000, 1.2903225806451806)	(20000, 1.2903225806451806)	(22000, 1.2903225806451806)	(24000, 1.2903225806451806)	(26000, 1.5612903225806574)	(28000, 1.935483870967778)	(30000, 1.935483870967778)	(32000, 1.935483870967778)	(34000, 2.00193548387099)	(36000, 2.580645161290361)	(38000, 2.580645161290361)	(40000, 2.580645161290361)	(42000, 2.580645161290361)	(44000, 2.580645161290361)	(46000, 2.580645161290361)	(48000, 2.580645161290361)	(50000, 2.580645161290361)	(52000, 2.580645161290361)	(54000, 2.580645161290361)	(56000, 2.580645161290361)	(58000, 2.580645161290361)	(60000, 2.580645161290361)	(62000, 2.580645161290361)	(64000, 2.580645161290361)	(66000, 2.580645161290361)	(68000, 2.580645161290361)	(70000, 2.580645161290361)	(72000, 2.580645161290361)	(74000, 2.580645161290361)	(76000, 2.580645161290361)	(78000, 2.580645161290288)																								
FAY99780_pass_barcode08_98e12ebb_5ad7f319_57 - polya	(1, 0.0)	(2, 0.0)	(3, 0.0)	(4, 0.0)	(5, 0.0)	(6, 0.0)	(7, 0.0)	(8, 0.0)	(9, 0.0)	(10, 0.0)	(1000, 0.0)	(2000, 0.0)	(3000, 0.0)	(4000, 0.0)	(5000, 0.0)	(6000, 0.292441860465117)	(7000, 0.5813953488372008)	(8000, 0.5813953488372008)	(9000, 0.5813953488372008)	(10000, 0.5813953488372008)	(11000, 0.5813953488372008)	(12000, 0.5813953488372008)	(13000, 0.5813953488372008)	(14000, 0.5813953488372008)	(15000, 0.5813953488372008)	(16000, 0.5813953488372008)	(17000, 0.5813953488372008)	(18000, 0.5813953488372008)	(19000, 0.5813953488372008)	(20000, 0.5813953488372008)	(21000, 0.5813953488372008)	(22000, 0.5813953488372008)	(23000, 0.5813953488372008)	(24000, 0.5813953488372008)	(25000, 0.5813953488372008)	(26000, 0.5813953488372008)	(27000, 0.5813953488372008)	(28000, 0.5813953488372008)	(29000, 0.5813953488372008)	(30000, 0.5813953488372008)	(31000, 0.5813953488372008)	(32000, 0.5813953488372008)	(33000, 0.5813953488372008)	(34000, 0.5813953488372008)	(35000, 0.5813953488372008)	(36000, 0.5813953488372008)	(37000, 0.581395348837211)																										
FAY99780_pass_barcode08_98e12ebb_5ad7f319_58 - polya	(1, 0.0)	(2, 0.0)	(3, 0.0)	(4, 0.0)	(5, 0.0)	(6, 0.0)	(7, 0.0)	(8, 0.0)	(9, 0.0)	(10, 0.0)	(1000, 0.0)	(2000, 0.0)	(3000, 0.0)	(4000, 0.0)	(5000, 0.0)	(6000, 0.0)	(7000, 0.0)	(8000, 0.0)	(9000, 0.0)	(10000, 0.0)	(11000, 0.0)	(12000, 0.0)	(13000, 0.0)	(14000, 0.0)	(15000, 0.0)	(16000, 0.0)	(17000, 0.0)	(18000, 0.0)	(19000, 0.0)	(20000, 0.0)	(21000, 0.0)	(22000, 0.02465753424657533)	(23000, 0.45662100456621507)	(24000, 0.45662100456621507)	(25000, 0.45662100456621507)	(26000, 0.45662100456621507)	(27000, 0.45662100456621507)	(28000, 0.6027397260274041)	(29000, 0.9132420091324301)	(30000, 0.9132420091324301)	(31000, 0.9132420091324301)	(32000, 0.9132420091324301)	(33000, 0.9132420091324301)	(34000, 0.9132420091324301)	(35000, 0.9132420091324301)	(36000, 0.9132420091324301)	(37000, 0.9132420091324301)	(38000, 0.9132420091324301)	(39000, 0.9132420091324301)	(40000, 0.9132420091324301)	(41000, 0.9132420091324301)	(42000, 0.9132420091324197)																					
FAY99780_pass_barcode08_98e12ebb_5ad7f319_58 - polyg	(1, 0.0)	(2, 0.0)	(3, 0.0)	(4, 0.0)	(5, 0.0)	(6, 0.0)	(7, 0.0)	(8, 0.0)	(9, 0.0)	(10, 0.0)	(1000, 0.0)	(2000, 0.0)	(3000, 0.0)	(4000, 0.0)	(5000, 0.0)	(6000, 0.0)	(7000, 0.0)	(8000, 0.0)	(9000, 0.0)	(10000, 0.0)	(11000, 0.0)	(12000, 0.0)	(13000, 0.0)	(14000, 0.0)	(15000, 0.0)	(16000, 0.0)	(17000, 0.0)	(18000, 0.0)	(19000, 0.0)	(20000, 0.0)	(21000, 0.0)	(22000, 0.0)	(23000, 0.0)	(24000, 0.0)	(25000, 0.0)	(26000, 0.0)	(27000, 0.0)	(28000, 0.0)	(29000, 0.4050228310502326)	(30000, 0.45662100456621507)	(31000, 0.45662100456621507)	(32000, 0.45662100456621507)	(33000, 0.45662100456621507)	(34000, 0.45662100456621507)	(35000, 0.45662100456621507)	(36000, 0.45662100456621507)	(37000, 0.45662100456621507)	(38000, 0.45662100456621507)	(39000, 0.45662100456621507)	(40000, 0.45662100456621507)	(41000, 0.45662100456621507)	(42000, 0.45662100456620985)																					
FAY99780_pass_barcode08_98e12ebb_5ad7f319_59 - polya	(1, 0.0)	(2, 0.0)	(3, 0.0)	(4, 0.0)	(5, 0.0)	(6, 0.0)	(7, 0.0)	(8, 0.0)	(9, 0.0)	(10, 0.0)	(1000, 0.0)	(2000, 0.0)	(3000, 0.0)	(4000, 0.0)	(5000, 0.0)	(6000, 0.0)	(7000, 0.0)	(8000, 0.0)	(9000, 0.015204678362573104)	(10000, 0.584795321637434)	(11000, 0.584795321637434)	(12000, 0.584795321637434)	(13000, 0.584795321637434)	(14000, 0.584795321637434)	(15000, 0.584795321637434)	(16000, 0.584795321637434)	(17000, 0.584795321637434)	(18000, 0.584795321637434)	(19000, 0.584795321637434)	(20000, 0.584795321637434)	(21000, 0.584795321637434)	(22000, 0.584795321637434)	(23000, 0.584795321637434)	(24000, 0.584795321637434)	(25000, 0.584795321637434)	(26000, 0.584795321637434)	(27000, 0.584795321637434)	(28000, 0.584795321637434)	(29000, 0.584795321637434)	(30000, 0.584795321637434)	(31000, 0.584795321637434)	(32000, 0.584795321637434)	(33000, 0.584795321637434)	(34000, 0.584795321637434)	(35000, 0.584795321637434)	(36000, 0.584795321637434)	(37000, 0.584795321637434)	(38000, 0.584795321637434)	(39000, 0.584795321637434)	(40000, 0.584795321637434)	(41000, 0.584795321637434)	(42000, 0.584795321637434)	(43000, 0.584795321637434)	(44000, 0.584795321637434)	(45000, 0.584795321637434)	(46000, 0.584795321637434)	(47000, 0.584795321637434)	(48000, 0.584795321637434)	(49000, 0.584795321637434)	(50000, 0.584795321637434)	(51000, 0.584795321637434)	(52000, 0.584795321637434)	(53000, 0.584795321637434)	(54000, 0.584795321637434)	(55000, 0.584795321637433)								
FAY99780_pass_barcode08_98e12ebb_5ad7f319_59 - polyg	(1, 0.0)	(2, 0.0)	(3, 0.0)	(4, 0.0)	(5, 0.0)	(6, 0.0)	(7, 0.0)	(8, 0.0)	(9, 0.0)	(10, 0.0)	(1000, 0.0)	(2000, 0.0)	(3000, 0.0)	(4000, 0.0)	(5000, 0.0)	(6000, 0.0)	(7000, 0.0)	(8000, 0.0)	(9000, 0.0)	(10000, 0.0)	(11000, 0.0)	(12000, 0.0)	(13000, 0.0)	(14000, 0.0)	(15000, 0.0)	(16000, 0.0)	(17000, 0.0)	(18000, 0.0)	(19000, 0.0)	(20000, 0.0)	(21000, 0.0)	(22000, 0.0)	(23000, 0.0)	(24000, 0.0)	(25000, 0.0)	(26000, 0.07602339181286566)	(27000, 0.584795321637434)	(28000, 0.584795321637434)	(29000, 0.584795321637434)	(30000, 0.584795321637434)	(31000, 0.584795321637434)	(32000, 0.584795321637434)	(33000, 0.584795321637434)	(34000, 0.584795321637434)	(35000, 0.584795321637434)	(36000, 0.584795321637434)	(37000, 0.584795321637434)	(38000, 0.584795321637434)	(39000, 0.584795321637434)	(40000, 0.584795321637434)	(41000, 0.584795321637434)	(42000, 0.584795321637434)	(43000, 0.584795321637434)	(44000, 0.584795321637434)	(45000, 0.584795321637434)	(46000, 0.584795321637434)	(47000, 0.584795321637434)	(48000, 0.584795321637434)	(49000, 0.584795321637434)	(50000, 0.584795321637434)	(51000, 0.584795321637434)	(52000, 0.584795321637434)	(53000, 0.584795321637434)	(54000, 0.584795321637434)	(55000, 0.584795321637433)								
FAY99780_pass_barcode08_98e12ebb_5ad7f319_6 - polya	(1, 0.0)	(2, 0.0)	(3, 0.0)	(4, 0.0)	(5, 0.0)	(6, 0.0)	(7, 0.0)	(8, 0.0)	(9, 0.0)	(10, 0.0)	(1000, 0.2854103343465101)	(2000, 0.3039513677811613)	(3000, 0.3039513677811613)	(4000, 0.3039513677811613)	(5000, 0.3039513677811613)	(6000, 0.3039513677811613)	(7000, 0.3039513677811613)	(8000, 0.5358662613981856)	(9000, 0.6079027355623225)	(10000, 0.6079027355623225)	(11000, 0.6079027355623225)	(12000, 0.6079027355623225)	(13000, 0.6079027355623225)	(14000, 0.6079027355623225)	(15000, 0.6079027355623225)	(16000, 0.6079027355623225)	(17000, 0.6079027355623225)	(18000, 0.6079027355623225)	(19000, 0.6079027355623225)	(20000, 0.6079027355623225)	(21000, 0.6079027355623225)	(22000, 0.6079027355623225)	(23000, 0.6079027355623225)	(24000, 0.6079027355623225)	(25000, 0.6079027355623225)	(26000, 0.6079027355623225)	(27000, 0.6079027355623225)	(28000, 0.6079027355623225)	(29000, 0.6079027355623225)	(30000, 0.6079027355623225)	(31000, 0.6079027355623225)	(32000, 0.6079027355623225)	(33000, 0.6079027355623225)	(34000, 0.6079027355623225)	(35000, 0.6079027355623225)	(36000, 0.6079027355623225)	(37000, 0.6079027355623225)	(38000, 0.6079027355623225)	(39000, 0.6079027355623225)	(40000, 0.6079027355623225)	(41000, 0.6079027355623225)	(42000, 0.6079027355623225)	(43000, 0.6079027355623225)	(44000, 0.6079027355623225)	(45000, 0.6079027355623225)	(46000, 0.6079027355623225)	(47000, 0.6079027355623225)	(48000, 0.6079027355623225)	(49000, 0.6079027355623225)	(50000, 0.6079027355623225)	(51000, 0.6079027355623225)	(52000, 0.6079027355623225)	(53000, 0.6079027355623225)	(54000, 0.6079027355623225)	(55000, 0.6079027355623225)	(56000, 0.607902735562322)							
FAY99780_pass_barcode08_98e12ebb_5ad7f319_60 - polya	(1, 0.0)	(2, 0.0)	(3, 0.0)	(4, 0.0)	(5, 0.0)	(6, 0.0)	(7, 0.0)	(8, 0.0)	(9, 0.0)	(10, 0.0)	(1000, 0.0)	(2000, 0.1596858638743467)	(3000, 0.5235602094240894)	(4000, 0.5235602094240894)	(5000, 0.5235602094240894)	(6000, 0.5235602094240894)	(7000, 0.5235602094240894)	(8000, 0.5235602094240894)	(9000, 0.5235602094240894)	(10000, 0.5235602094240894)	(11000, 0.5235602094240894)	(12000, 0.5235602094240894)	(13000, 0.5235602094240894)	(14000, 0.5235602094240894)	(15000, 0.5235602094240894)	(16000, 0.5235602094240894)	(17000, 1.0638743455497475)	(18000, 1.5706806282722274)	(19000, 1.5706806282722274)	(20000, 1.5706806282722274)	(21000, 1.5706806282722274)	(22000, 1.5706806282722274)	(23000, 1.5706806282722274)	(24000, 1.5706806282722274)	(25000, 1.5706806282722274)	(26000, 1.5706806282722274)	(27000, 1.5706806282722274)	(28000, 1.5706806282722274)	(29000, 1.5706806282722274)	(30000, 1.5706806282722274)	(31000, 1.5706806282722274)	(32000, 1.5706806282722274)	(33000, 1.5706806282722274)	(34000, 1.5706806282722274)	(35000, 1.5706806282722274)	(36000, 1.5706806282722274)	(37000, 1.5706806282722274)	(38000, 1.5706806282722274)	(39000, 1.6774869109947652)	(40000, 2.0942408376963577)	(41000, 2.0942408376963577)	(42000, 2.0942408376963577)	(43000, 2.0942408376963577)	(44000, 2.0942408376963577)	(45000, 2.0942408376963577)	(46000, 2.0942408376963457)																	
FAY99780_pass_barcode08_98e12ebb_5ad7f319_60 - polyg	(1, 0.0)	(2, 0.0)	(3, 0.0)	(4, 0.0)	(5, 0.0)	(6, 0.0)	(7, 0.0)	(8, 0.0)	(9, 0.0)	(10, 0.0)	(1000, 0.0)	(2000, 0.0)	(3000, 0.0)	(4000, 0.0)	(5000, 0.0)	(6000, 0.0)	(7000, 0.0)	(8000, 0.0)	(9000, 0.0)	(10000, 0.0)	(11000, 0.0)	(12000, 0.0)	(13000, 0.0)	(14000, 0.0)	(15000, 0.0)	(16000, 0.0)	(17000, 0.4460732984293241)	(18000, 0.5235602094240894)	(19000, 0.5235602094240894)	(20000, 0.5235602094240894)	(21000, 0.5235602094240894)	(22000, 0.5235602094240894)	(23000, 0.5235602094240894)	(24000, 0.5235602094240894)	(25000, 0.5235602094240894)	(26000, 0.5235602094240894)	(27000, 0.5235602094240894)	(28000, 0.5235602094240894)	(29000, 0.5235602094240894)	(30000, 0.5235602094240894)	(31000, 0.5235602094240894)	(32000, 0.5235602094240894)	(33000, 0.5235602094240894)	(34000, 0.5235602094240894)	(35000, 0.5235602094240894)	(36000, 0.5235602094240894)	(37000, 0.5235602094240894)	(38000, 0.5235602094240894)	(39000, 0.5235602094240894)	(40000, 1.0340314136125768)	(41000, 1.0471204188481789)	(42000, 1.0471204188481789)	(43000, 1.0471204188481789)	(44000, 1.0471204188481789)	(45000, 1.0471204188481789)	(46000, 1.0471204188481729)																	
FAY99780_pass_barcode08_98e12ebb_5ad7f319_61 - polya	(1, 0.0)	(2, 0.0)	(3, 0.0)	(4, 0.0)	(5, 0.0)	(6, 0.0)	(7, 0.0)	(8, 0.0)	(9, 0.0)	(10, 0.5851413543721298)	(1000, 0.5917159763313664)	(2000, 0.5917159763313664)	(3000, 0.5917159763313664)	(4000, 0.5917159763313664)	(5000, 0.5917159763313664)	(6000, 0.5917159763313664)	(7000, 0.9319526627219088)	(8000, 1.1834319526627328)	(9000, 1.1834319526627328)	(10000, 1.1834319526627328)	(11000, 1.1834319526627328)	(12000, 1.1834319526627328)	(13000, 1.4875739644970514)	(14000, 1.7751479289940983)	(15000, 1.7751479289940983)	(16000, 1.7751479289940983)	(17000, 1.877514792899438)	(18000, 2.3668639053254656)	(19000, 2.3668639053254656)	(20000, 2.3668639053254656)	(21000, 2.3668639053254656)	(22000, 2.3668639053254656)	(23000, 2.3668639053254656)	(24000, 2.3668639053254656)	(25000, 2.3668639053254656)	(26000, 2.3668639053254656)	(27000, 2.3668639053254656)	(28000, 2.3668639053254656)	(29000, 2.655029585798845)	(30000, 2.9585798816568394)	(31000, 2.9585798816568394)	(32000, 2.9585798816568394)	(33000, 2.9585798816568394)	(34000, 2.9585798816568394)	(35000, 2.9585798816568394)	(36000, 2.9585798816568394)	(37000, 2.9585798816568394)	(38000, 2.9585798816568394)	(39000, 2.9585798816568394)	(40000, 2.9585798816568394)	(41000, 2.9585798816568394)	(42000, 2.9585798816568394)	(43000, 2.9585798816568394)	(44000, 2.9585798816567896)																			
FAY99780_pass_barcode08_98e12ebb_5ad7f319_61 - polyg	(1, 0.0)	(2, 0.0)	(3, 0.0)	(4, 0.0)	(5, 0.0)	(6, 0.0)	(7, 0.0)	(8, 0.0)	(9, 0.0)	(10, 0.0)	(1000, 0.0)	(2000, 0.0)	(3000, 0.0)	(4000, 0.0)	(5000, 0.0)	(6000, 0.0)	(7000, 0.0)	(8000, 0.0)	(9000, 0.0)	(10000, 0.0)	(11000, 0.0)	(12000, 0.0)	(13000, 0.08224852071005892)	(14000, 0.5917159763313664)	(15000, 0.5917159763313664)	(16000, 0.5917159763313664)	(17000, 0.5917159763313664)	(18000, 0.5917159763313664)	(19000, 0.5917159763313664)	(20000, 0.5917159763313664)	(21000, 0.5917159763313664)	(22000, 0.5917159763313664)	(23000, 0.5917159763313664)	(24000, 0.5917159763313664)	(25000, 0.5917159763313664)	(26000, 0.5917159763313664)	(27000, 0.5917159763313664)	(28000, 0.5917159763313664)	(29000, 0.5917159763313664)	(30000, 0.5917159763313664)	(31000, 0.5917159763313664)	(32000, 0.5917159763313664)	(33000, 0.5917159763313664)	(34000, 0.5917159763313664)	(35000, 0.5917159763313664)	(36000, 0.5917159763313664)	(37000, 0.5917159763313664)	(38000, 0.5917159763313664)	(39000, 0.5917159763313664)	(40000, 0.5917159763313664)	(41000, 0.5917159763313664)	(42000, 0.5917159763313664)	(43000, 0.5917159763313664)	(44000, 0.5917159763313584)																			
FAY99780_pass_barcode08_98e12ebb_5ad7f319_62 - polya	(1, 0.0)	(2, 0.0)	(3, 0.0)	(4, 0.0)	(5, 0.0)	(6, 0.0)	(7, 0.0)	(8, 0.0)	(9, 0.0)	(10, 0.3720623318613191)	(2000, 0.505050505050486)	(4000, 0.505050505050486)	(6000, 0.505050505050486)	(8000, 0.505050505050486)	(10000, 0.505050505050486)	(12000, 0.9881313131312768)	(14000, 1.010101010100972)	(16000, 1.6351010101009977)	(18000, 2.5252525252525833)	(20000, 2.5252525252525833)	(22000, 2.5252525252525833)	(24000, 2.5252525252525833)	(26000, 2.5252525252525833)	(28000, 2.5252525252525833)	(30000, 2.5252525252525833)	(32000, 2.5252525252525833)	(34000, 2.5252525252525833)	(36000, 2.5252525252525833)	(38000, 2.5252525252525833)	(40000, 2.5252525252525833)	(42000, 2.5252525252525833)	(44000, 2.5252525252525833)	(46000, 2.5252525252525833)	(48000, 2.5252525252525833)	(50000, 2.5252525252525833)	(52000, 2.5252525252525833)	(54000, 2.5252525252525833)	(56000, 2.5252525252525833)	(58000, 2.5252525252525833)	(60000, 2.5252525252525833)	(62000, 2.5252525252525833)	(64000, 2.5252525252525833)	(66000, 2.5252525252525833)	(68000, 2.5252525252525833)	(70000, 2.5252525252525833)	(72000, 2.5252525252525833)	(74000, 2.525252525252558)																										
FAY99780_pass_barcode08_98e12ebb_5ad7f319_62 - polyg	(1, 0.0)	(2, 0.0)	(3, 0.0)	(4, 0.0)	(5, 0.0)	(6, 0.0)	(7, 0.0)	(8, 0.0)	(9, 0.0)	(10, 0.0)	(2000, 0.0)	(4000, 0.0)	(6000, 0.0)	(8000, 0.0)	(10000, 0.0)	(12000, 0.44267676767675385)	(14000, 0.505050505050486)	(16000, 0.505050505050486)	(18000, 0.505050505050486)	(20000, 0.505050505050486)	(22000, 0.505050505050486)	(24000, 0.505050505050486)	(26000, 0.505050505050486)	(28000, 0.505050505050486)	(30000, 0.6262626262626114)	(32000, 1.010101010100972)	(34000, 1.010101010100972)	(36000, 1.010101010100972)	(38000, 1.010101010100972)	(40000, 1.010101010100972)	(42000, 1.010101010100972)	(44000, 1.010101010100972)	(46000, 1.010101010100972)	(48000, 1.010101010100972)	(50000, 1.010101010100972)	(52000, 1.010101010100972)	(54000, 1.010101010100972)	(56000, 1.010101010100972)	(58000, 1.010101010100972)	(60000, 1.010101010100972)	(62000, 1.010101010100972)	(64000, 1.010101010100972)	(66000, 1.010101010100972)	(68000, 1.010101010100972)	(70000, 1.010101010100972)	(72000, 1.010101010100972)	(74000, 1.010101010100989)																										
FAY99780_pass_barcode08_98e12ebb_5ad7f319_63 - polya	(1, 0.0)	(2, 0.0)	(3, 0.0)	(4, 0.0)	(5, 0.0)	(6, 0.0)	(7, 0.0)	(8, 0.0)	(9, 0.0)	(10, 0.0)	(1000, 0.5476510067114052)	(2000, 0.6711409395973098)	(3000, 0.6711409395973098)	(4000, 0.6711409395973098)	(5000, 0.6711409395973098)	(6000, 0.6711409395973098)	(7000, 0.6711409395973098)	(8000, 0.6711409395973098)	(9000, 0.6711409395973098)	(10000, 0.6711409395973098)	(11000, 0.6711409395973098)	(12000, 0.6711409395973098)	(13000, 0.9013422818791864)	(14000, 1.3422818791946196)	(15000, 1.3422818791946196)	(16000, 1.3422818791946196)	(17000, 1.3422818791946196)	(18000, 1.3422818791946196)	(19000, 1.3422818791946196)	(20000, 1.3422818791946196)	(21000, 1.3422818791946196)	(22000, 1.3422818791946196)	(23000, 1.3422818791946196)	(24000, 1.3422818791946196)	(25000, 1.3422818791946196)	(26000, 1.3422818791946196)	(27000, 1.3422818791946196)	(28000, 1.3422818791946196)	(29000, 1.3422818791946196)	(30000, 1.3422818791946196)	(31000, 1.3422818791946196)	(32000, 1.3422818791946196)	(33000, 1.3422818791946196)	(34000, 1.3422818791946196)	(35000, 1.3422818791946196)	(36000, 1.3422818791946196)	(37000, 1.3422818791946196)	(38000, 1.3422818791946196)	(39000, 1.3422818791946196)	(40000, 1.3422818791946196)	(41000, 1.3422818791946196)	(42000, 1.3422818791946196)	(43000, 1.3422818791946196)	(44000, 1.3422818791946196)	(45000, 1.3422818791946196)	(46000, 1.3422818791946196)	(47000, 1.3422818791946196)	(48000, 1.3422818791946196)	(49000, 1.3422818791946216)														
FAY99780_pass_barcode08_98e12ebb_5ad7f319_63 - polyg	(1, 0.0)	(2, 0.0)	(3, 0.0)	(4, 0.0)	(5, 0.0)	(6, 0.0)	(7, 0.0)	(8, 0.0)	(9, 0.0)	(10, 0.0)	(1000, 0.0)	(2000, 0.0)	(3000, 0.0)	(4000, 0.0)	(5000, 0.0)	(6000, 0.0)	(7000, 0.0)	(8000, 0.0)	(9000, 0.0)	(10000, 0.0)	(11000, 0.0)	(12000, 0.0)	(13000, 0.15570469798657746)	(14000, 0.6711409395973098)	(15000, 0.6711409395973098)	(16000, 0.6711409395973098)	(17000, 0.6711409395973098)	(18000, 0.6711409395973098)	(19000, 0.6711409395973098)	(20000, 0.6711409395973098)	(21000, 0.6711409395973098)	(22000, 0.6711409395973098)	(23000, 0.6711409395973098)	(24000, 0.6711409395973098)	(25000, 0.6711409395973098)	(26000, 0.6711409395973098)	(27000, 0.6711409395973098)	(28000, 0.6711409395973098)	(29000, 0.6711409395973098)	(30000, 0.6711409395973098)	(31000, 0.6711409395973098)	(32000, 0.6711409395973098)	(33000, 0.6711409395973098)	(34000, 0.6711409395973098)	(35000, 0.6711409395973098)	(36000, 0.6711409395973098)	(37000, 0.6711409395973098)	(38000, 0.6711409395973098)	(39000, 0.6711409395973098)	(40000, 0.6711409395973098)	(41000, 0.6711409395973098)	(42000, 0.6711409395973098)	(43000, 0.6711409395973098)	(44000, 0.6711409395973098)	(45000, 0.6711409395973098)	(46000, 0.6711409395973098)	(47000, 0.6711409395973098)	(48000, 0.6711409395973098)	(49000, 0.6711409395973108)														
FAY99780_pass_barcode08_98e12ebb_5ad7f319_65 - polya	(1, 0.0)	(2, 0.0)	(3, 0.0)	(4, 0.0)	(5, 0.0)	(6, 0.0)	(7, 0.0)	(8, 0.0)	(9, 0.0)	(10, 0.0)	(1000, 0.0)	(2000, 0.20264900662251728)	(3000, 0.662251655629129)	(4000, 0.662251655629129)	(5000, 0.662251655629129)	(6000, 0.662251655629129)	(7000, 0.662251655629129)	(8000, 0.662251655629129)	(9000, 0.662251655629129)	(10000, 0.662251655629129)	(11000, 0.662251655629129)	(12000, 0.662251655629129)	(13000, 0.662251655629129)	(14000, 0.662251655629129)	(15000, 0.662251655629129)	(16000, 0.662251655629129)	(17000, 0.662251655629129)	(18000, 0.662251655629129)	(19000, 0.662251655629129)	(20000, 0.662251655629129)	(21000, 0.662251655629129)	(22000, 0.662251655629129)	(23000, 1.2761589403973324)	(24000, 1.324503311258258)	(25000, 1.324503311258258)	(26000, 1.324503311258258)	(27000, 1.324503311258258)	(28000, 1.324503311258258)	(29000, 1.324503311258258)	(30000, 1.324503311258258)	(31000, 1.324503311258258)	(32000, 1.324503311258258)	(33000, 1.324503311258258)	(34000, 1.324503311258258)	(35000, 1.324503311258258)	(36000, 1.324503311258258)	(37000, 1.324503311258258)	(38000, 1.324503311258258)	(39000, 1.324503311258258)	(40000, 1.324503311258258)	(41000, 1.324503311258258)	(42000, 1.324503311258258)	(43000, 1.324503311258258)	(44000, 1.324503311258258)	(45000, 1.324503311258258)	(46000, 1.324503311258258)	(47000, 1.324503311258258)	(48000, 1.324503311258258)	(49000, 1.324503311258258)	(50000, 1.324503311258258)	(51000, 1.324503311258258)	(52000, 1.324503311258258)	(53000, 1.324503311258258)	(54000, 1.324503311258258)	(55000, 1.324503311258258)	(56000, 1.324503311258258)	(57000, 1.324503311258258)	(58000, 1.324503311258258)	(59000, 1.324503311258258)	(60000, 1.324503311258258)	(61000, 1.324503311258262)		
FAY99780_pass_barcode08_98e12ebb_5ad7f319_66 - polya	(1, 0.0)	(2, 0.0)	(3, 0.0)	(4, 0.0)	(5, 0.0)	(6, 0.0)	(7, 0.0)	(8, 0.0)	(9, 0.0)	(10, 0.0)	(1000, 0.0)	(2000, 0.0)	(3000, 0.0)	(4000, 0.3700000000000026)	(5000, 0.9090909090909022)	(6000, 0.9090909090909022)	(7000, 0.9090909090909022)	(8000, 0.9090909090909022)	(9000, 0.9090909090909022)	(10000, 0.9090909090909022)	(11000, 0.9090909090909022)	(12000, 0.9090909090909022)	(13000, 0.9090909090909022)	(14000, 0.9090909090909022)	(15000, 0.9090909090909022)	(16000, 0.9090909090909022)	(17000, 0.9090909090909022)	(18000, 0.9090909090909022)	(19000, 0.9090909090909022)	(20000, 0.9090909090909022)	(21000, 0.9090909090909022)	(22000, 0.9090909090909022)	(23000, 0.9090909090909022)	(24000, 0.9090909090909022)	(25000, 0.9090909090909022)	(26000, 0.9090909090909022)	(27000, 0.9090909090909022)	(28000, 0.9090909090909022)	(29000, 0.9090909090909022)	(30000, 0.9090909090909022)	(31000, 0.9090909090909022)	(32000, 0.9090909090909022)	(33000, 0.9090909090909022)	(34000, 0.9090909090909022)	(35000, 0.9090909090909022)	(36000, 0.9090909090909022)	(37000, 0.9090909090909022)	(38000, 0.9090909090909022)	(39000, 0.9090909090909022)	(40000, 0.9090909090909022)	(41000, 0.9090909090909022)	(42000, 0.909090909090908)																					
FAY99780_pass_barcode08_98e12ebb_5ad7f319_67 - polya	(1, 0.0)	(2, 0.0)	(3, 0.0)	(4, 0.0)	(5, 0.0)	(6, 0.0)	(7, 0.0)	(8, 0.0)	(9, 0.0)	(10, 0.0)	(1000, 0.0)	(2000, 0.0)	(3000, 0.0)	(4000, 0.0)	(5000, 0.0)	(6000, 0.0)	(7000, 0.0)	(8000, 0.0)	(9000, 0.0)	(10000, 0.0)	(11000, 0.0)	(12000, 0.0)	(13000, 0.0)	(14000, 0.0)	(15000, 0.0)	(16000, 0.0)	(17000, 0.0)	(18000, 0.0)	(19000, 0.0)	(20000, 0.0)	(21000, 0.39086021505376717)	(22000, 0.7306451612903317)	(23000, 1.0752688172043154)	(24000, 1.0752688172043154)	(25000, 1.0752688172043154)	(26000, 1.0752688172043154)	(27000, 1.0752688172043154)	(28000, 1.0752688172043154)	(29000, 1.0752688172043154)	(30000, 1.0752688172043154)	(31000, 1.0752688172043154)	(32000, 1.0752688172043154)	(33000, 1.0752688172043154)	(34000, 1.0752688172043154)	(35000, 1.0752688172043154)	(36000, 1.0752688172043154)	(37000, 1.0752688172043154)	(38000, 1.0752688172043154)	(39000, 1.0752688172043154)	(40000, 1.0752688172043154)	(41000, 1.0752688172043041)																						
FAY99780_pass_barcode08_98e12ebb_5ad7f319_67 - polyg	(1, 0.0)	(2, 0.0)	(3, 0.0)	(4, 0.0)	(5, 0.0)	(6, 0.0)	(7, 0.0)	(8, 0.0)	(9, 0.0)	(10, 0.0)	(1000, 0.0)	(2000, 0.0)	(3000, 0.0)	(4000, 0.0)	(5000, 0.0)	(6000, 0.0)	(7000, 0.0)	(8000, 0.0)	(9000, 0.0)	(10000, 0.0)	(11000, 0.0)	(12000, 0.0)	(13000, 0.0)	(14000, 0.0)	(15000, 0.0)	(16000, 0.0)	(17000, 0.0)	(18000, 0.0)	(19000, 0.0)	(20000, 0.0)	(21000, 0.0)	(22000, 0.0)	(23000, 0.0)	(24000, 0.0)	(25000, 0.0)	(26000, 0.0)	(27000, 0.0)	(28000, 0.0)	(29000, 0.0)	(30000, 0.0)	(31000, 0.0)	(32000, 0.0)	(33000, 0.0)	(34000, 0.0)	(35000, 0.0)	(36000, 0.0)	(37000, 0.0)	(38000, 0.0)	(39000, 0.4580645161290388)	(40000, 0.5376344086021577)	(41000, 0.5376344086021521)																						
FAY99780_pass_barcode08_98e12ebb_5ad7f319_68 - polya	(1, 0.0)	(2, 0.0)	(3, 0.0)	(4, 0.0)	(5, 0.0)	(6, 0.0)	(7, 0.0)	(8, 0.0)	(9, 0.0)	(10, 0.37731028021464436)	(2000, 0.5649717514124601)	(4000, 0.5649717514124601)	(6000, 0.5649717514124601)	(8000, 0.5649717514124601)	(10000, 0.8364406779661376)	(12000, 1.1299435028249203)	(14000, 1.1299435028249203)	(16000, 1.4700564971751704)	(18000, 2.0604519774012386)	(20000, 2.2598870056498406)	(22000, 2.2598870056498406)	(24000, 2.2598870056498406)	(26000, 2.2598870056498406)	(28000, 2.2598870056498406)	(30000, 2.2598870056498406)	(32000, 2.2598870056498406)	(34000, 2.2598870056498406)	(36000, 2.2598870056498406)	(38000, 2.2598870056498406)	(40000, 2.2598870056498406)	(42000, 2.2598870056498406)	(44000, 2.2598870056498406)	(46000, 2.2598870056498406)	(48000, 2.2598870056498406)	(50000, 2.2598870056498406)	(52000, 2.2598870056498406)	(54000, 2.2598870056498406)	(56000, 2.2598870056498406)	(58000, 2.2598870056498406)	(60000, 2.2598870056498406)	(62000, 2.2598870056498406)	(64000, 2.2598870056498406)	(66000, 2.2598870056498406)	(68000, 2.2598870056497167)																													
FAY99780_pass_barcode08_98e12ebb_5ad7f319_68 - polyg	(1, 0.0)	(2, 0.0)	(3, 0.0)	(4, 0.0)	(5, 0.0)	(6, 0.0)	(7, 0.0)	(8, 0.0)	(9, 0.0)	(10, 0.0)	(2000, 0.0)	(4000, 0.0)	(6000, 0.0)	(8000, 0.0)	(10000, 0.0)	(12000, 0.0)	(14000, 0.0)	(16000, 0.0)	(18000, 0.3443502824858844)	(20000, 0.5649717514124601)	(22000, 0.5649717514124601)	(24000, 0.5649717514124601)	(26000, 0.5649717514124601)	(28000, 0.5649717514124601)	(30000, 0.5649717514124601)	(32000, 0.5649717514124601)	(34000, 0.5649717514124601)	(36000, 0.5649717514124601)	(38000, 0.5649717514124601)	(40000, 0.5649717514124601)	(42000, 0.5649717514124601)	(44000, 0.5649717514124601)	(46000, 0.5649717514124601)	(48000, 0.5649717514124601)	(50000, 0.5649717514124601)	(52000, 0.5649717514124601)	(54000, 0.5649717514124601)	(56000, 0.5649717514124601)	(58000, 0.5649717514124601)	(60000, 0.5649717514124601)	(62000, 0.5649717514124601)	(64000, 0.5649717514124601)	(66000, 0.5649717514124601)	(68000, 0.5649717514124292)																													
FAY99780_pass_barcode08_98e12ebb_5ad7f319_69 - illumina_small_rna_3'_adapter	(1, 0.0)	(2, 0.0)	(3, 0.0)	(4, 0.0)	(5, 0.0)	(6, 0.0)	(7, 0.0)	(8, 0.0)	(9, 0.0)	(10, 0.0)	(1000, 0.0)	(2000, 0.29518072289156366)	(3000, 0.6024096385542176)	(4000, 0.6024096385542176)	(5000, 0.6024096385542176)	(6000, 0.6024096385542176)	(7000, 0.6024096385542176)	(8000, 0.6024096385542176)	(9000, 0.6024096385542176)	(10000, 0.6024096385542176)	(11000, 0.6024096385542176)	(12000, 0.6024096385542176)	(13000, 0.6024096385542176)	(14000, 0.6024096385542176)	(15000, 0.6024096385542176)	(16000, 0.6024096385542176)	(17000, 0.6024096385542176)	(18000, 0.6024096385542176)	(19000, 0.6024096385542176)	(20000, 0.6024096385542176)	(21000, 0.6024096385542176)	(22000, 0.6024096385542176)	(23000, 0.6024096385542176)	(24000, 0.6024096385542176)	(25000, 0.6024096385542176)	(26000, 0.6024096385542176)	(27000, 0.6024096385542176)	(28000, 0.6024096385542176)	(29000, 0.6024096385542176)	(30000, 0.6024096385542176)	(31000, 0.6024096385542176)	(32000, 0.6024096385542176)	(33000, 0.6024096385542176)	(34000, 0.6024096385542176)	(35000, 0.6024096385542176)	(36000, 0.6024096385542176)	(37000, 0.6024096385542176)	(38000, 0.6024096385542176)	(39000, 0.6024096385542176)	(40000, 0.6024096385542176)	(41000, 0.6024096385542176)	(42000, 0.6024096385542176)	(43000, 0.6024096385542176)	(44000, 0.6024096385542176)	(45000, 0.6024096385542176)	(46000, 0.6024096385542176)	(47000, 0.6024096385542176)	(48000, 0.6024096385542176)	(49000, 0.6024096385542176)	(50000, 0.6024096385542176)	(51000, 0.6024096385542176)	(52000, 0.6024096385542176)	(53000, 0.6024096385542178)										
FAY99780_pass_barcode08_98e12ebb_5ad7f319_69 - polya	(1, 0.0)	(2, 0.0)	(3, 0.0)	(4, 0.0)	(5, 0.0)	(6, 0.0)	(7, 0.0)	(8, 0.0)	(9, 0.0)	(10, 0.2902519167579384)	(1000, 0.6024096385542176)	(2000, 0.6024096385542176)	(3000, 0.6024096385542176)	(4000, 0.6024096385542176)	(5000, 0.6024096385542176)	(6000, 0.6024096385542176)	(7000, 0.7475903614457728)	(8000, 1.2048192771084352)	(9000, 1.2048192771084352)	(10000, 1.3246987951806974)	(11000, 1.8072289156626233)	(12000, 1.8072289156626233)	(13000, 1.8072289156626233)	(14000, 1.8072289156626233)	(15000, 1.8072289156626233)	(16000, 1.8072289156626233)	(17000, 1.8072289156626233)	(18000, 1.8072289156626233)	(19000, 1.8072289156626233)	(20000, 1.8072289156626233)	(21000, 1.8072289156626233)	(22000, 1.8072289156626233)	(23000, 1.8072289156626233)	(24000, 1.8072289156626233)	(25000, 1.8072289156626233)	(26000, 1.8072289156626233)	(27000, 1.8072289156626233)	(28000, 1.8072289156626233)	(29000, 1.8072289156626233)	(30000, 1.8072289156626233)	(31000, 1.8072289156626233)	(32000, 1.8072289156626233)	(33000, 1.8072289156626233)	(34000, 1.8072289156626233)	(35000, 1.8072289156626233)	(36000, 1.8072289156626233)	(37000, 1.8072289156626233)	(38000, 1.8072289156626233)	(39000, 1.8072289156626233)	(40000, 1.8072289156626233)	(41000, 1.8072289156626233)	(42000, 1.8072289156626233)	(43000, 1.8072289156626233)	(44000, 1.8072289156626233)	(45000, 1.8072289156626233)	(46000, 1.8072289156626233)	(47000, 1.8072289156626233)	(48000, 1.8072289156626233)	(49000, 1.8072289156626233)	(50000, 1.8072289156626233)	(51000, 1.8072289156626233)	(52000, 1.8072289156626233)	(53000, 1.8072289156626555)										
FAY99780_pass_barcode08_98e12ebb_5ad7f319_69 - polyg	(1, 0.0)	(2, 0.0)	(3, 0.0)	(4, 0.0)	(5, 0.0)	(6, 0.0)	(7, 0.0)	(8, 0.0)	(9, 0.0)	(10, 0.0)	(1000, 0.0)	(2000, 0.0)	(3000, 0.0)	(4000, 0.0)	(5000, 0.0)	(6000, 0.0)	(7000, 0.0)	(8000, 0.0)	(9000, 0.0)	(10000, 0.0)	(11000, 0.5499999999999967)	(12000, 0.6024096385542176)	(13000, 0.6024096385542176)	(14000, 0.6024096385542176)	(15000, 0.6024096385542176)	(16000, 0.6024096385542176)	(17000, 0.6024096385542176)	(18000, 0.6024096385542176)	(19000, 0.6024096385542176)	(20000, 0.6024096385542176)	(21000, 0.6024096385542176)	(22000, 0.6024096385542176)	(23000, 0.6024096385542176)	(24000, 0.6024096385542176)	(25000, 0.6024096385542176)	(26000, 0.6024096385542176)	(27000, 0.6024096385542176)	(28000, 0.6024096385542176)	(29000, 0.6024096385542176)	(30000, 0.6024096385542176)	(31000, 0.6024096385542176)	(32000, 0.6024096385542176)	(33000, 0.6024096385542176)	(34000, 0.6024096385542176)	(35000, 0.6024096385542176)	(36000, 0.6024096385542176)	(37000, 0.6024096385542176)	(38000, 0.6024096385542176)	(39000, 0.6024096385542176)	(40000, 0.6024096385542176)	(41000, 0.6024096385542176)	(42000, 0.6024096385542176)	(43000, 0.6024096385542176)	(44000, 0.6024096385542176)	(45000, 0.6024096385542176)	(46000, 0.6024096385542176)	(47000, 0.6024096385542176)	(48000, 0.6024096385542176)	(49000, 0.6024096385542176)	(50000, 0.6024096385542176)	(51000, 0.6024096385542176)	(52000, 0.6024096385542176)	(53000, 0.6024096385542178)										
FAY99780_pass_barcode08_98e12ebb_5ad7f319_7 - polya	(1, 0.0)	(2, 0.0)	(3, 0.0)	(4, 0.0)	(5, 0.0)	(6, 0.0)	(7, 0.0)	(8, 0.0)	(9, 0.0)	(10, 0.0)	(2000, 0.25650684931507395)	(4000, 0.3424657534246677)	(6000, 0.3424657534246677)	(8000, 0.3424657534246677)	(10000, 0.5787671232876846)	(12000, 0.767808219178107)	(14000, 1.0273972602740142)	(16000, 1.210958904109638)	(18000, 1.3698630136986707)	(20000, 1.3698630136986707)	(22000, 1.3698630136986707)	(24000, 1.3698630136986707)	(26000, 1.3698630136986707)	(28000, 1.3698630136986707)	(30000, 1.3698630136986707)	(32000, 1.3698630136986707)	(34000, 1.3698630136986707)	(36000, 1.3698630136986707)	(38000, 1.3698630136986707)	(40000, 1.3698630136986707)	(42000, 1.3698630136986707)	(44000, 1.3698630136986707)	(46000, 1.3698630136986707)	(48000, 1.3698630136986707)	(50000, 1.3698630136986707)	(52000, 1.3698630136986707)	(54000, 1.3698630136986707)	(56000, 1.3698630136986707)	(58000, 1.3698630136986707)	(60000, 1.3698630136986707)	(62000, 1.3698630136986707)	(64000, 1.3698630136986691)																															
FAY99780_pass_barcode08_98e12ebb_5ad7f319_70 - polya	(1, 0.0)	(2, 0.0)	(3, 0.0)	(4, 0.0)	(5, 0.0)	(6, 0.0)	(7, 0.0)	(8, 0.0)	(9, 0.0)	(10, 0.0)	(1000, 0.0)	(2000, 0.0)	(3000, 0.0)	(4000, 0.0)	(5000, 0.0)	(6000, 0.0)	(7000, 0.0)	(8000, 0.0)	(9000, 0.0)	(10000, 0.0)	(11000, 0.0)	(12000, 0.0)	(13000, 0.0)	(14000, 0.0)	(15000, 0.0)	(16000, 0.0)	(17000, 0.0)	(18000, 0.0)	(19000, 0.0)	(20000, 0.05414364640883978)	(21000, 0.5524861878453105)	(22000, 0.5524861878453105)	(23000, 0.5524861878453105)	(24000, 0.5524861878453105)	(25000, 0.5524861878453105)	(26000, 0.5524861878453105)	(27000, 0.5524861878453105)	(28000, 0.5524861878453105)	(29000, 0.5524861878453105)	(30000, 0.5524861878453105)	(31000, 0.5524861878453105)	(32000, 0.5524861878453105)	(33000, 0.5524861878453105)	(34000, 0.5524861878453105)	(35000, 0.5524861878453105)	(36000, 0.5524861878453105)	(37000, 0.5524861878453105)	(38000, 0.5524861878453105)	(39000, 0.5524861878453105)	(40000, 0.5524861878453105)	(41000, 0.5524861878453105)	(42000, 0.5524861878453105)	(43000, 0.5524861878453105)	(44000, 0.5524861878453105)	(45000, 0.5524861878453105)	(46000, 0.5524861878453105)	(47000, 0.5524861878453105)	(48000, 0.5524861878453105)	(49000, 0.5524861878453105)	(50000, 0.5524861878453105)	(51000, 0.5524861878453105)	(52000, 0.5524861878453137)											
FAY99780_pass_barcode08_98e12ebb_5ad7f319_70 - polyg	(1, 0.0)	(2, 0.0)	(3, 0.0)	(4, 0.0)	(5, 0.0)	(6, 0.0)	(7, 0.0)	(8, 0.0)	(9, 0.0)	(10, 0.0)	(1000, 0.0)	(2000, 0.0)	(3000, 0.0)	(4000, 0.0)	(5000, 0.0)	(6000, 0.0)	(7000, 0.0)	(8000, 0.0)	(9000, 0.0)	(10000, 0.0)	(11000, 0.0)	(12000, 0.0)	(13000, 0.0)	(14000, 0.0)	(15000, 0.0)	(16000, 0.0)	(17000, 0.0)	(18000, 0.0)	(19000, 0.0)	(20000, 0.0)	(21000, 0.0)	(22000, 0.0)	(23000, 0.31049723756906544)	(24000, 0.5524861878453105)	(25000, 0.5524861878453105)	(26000, 0.5524861878453105)	(27000, 0.5524861878453105)	(28000, 0.5524861878453105)	(29000, 0.5524861878453105)	(30000, 0.5524861878453105)	(31000, 0.5524861878453105)	(32000, 0.5524861878453105)	(33000, 0.5524861878453105)	(34000, 0.5524861878453105)	(35000, 0.5524861878453105)	(36000, 0.5524861878453105)	(37000, 0.5524861878453105)	(38000, 0.5524861878453105)	(39000, 0.5524861878453105)	(40000, 0.5524861878453105)	(41000, 0.5524861878453105)	(42000, 0.5524861878453105)	(43000, 0.5524861878453105)	(44000, 0.5524861878453105)	(45000, 0.5524861878453105)	(46000, 0.5524861878453105)	(47000, 0.5524861878453105)	(48000, 0.5524861878453105)	(49000, 0.5524861878453105)	(50000, 0.5524861878453105)	(51000, 0.5524861878453105)	(52000, 0.5524861878453137)											
FAY99780_pass_barcode08_98e12ebb_5ad7f319_71 - polya	(1, 0.0)	(2, 0.0)	(3, 0.0)	(4, 0.0)	(5, 0.0)	(6, 0.0)	(7, 0.0)	(8, 0.0)	(9, 0.0)	(10, 0.2968711505296909)	(1000, 0.6097560975609865)	(2000, 0.6097560975609865)	(3000, 0.6097560975609865)	(4000, 0.6097560975609865)	(5000, 0.6097560975609865)	(6000, 1.1865853658536796)	(7000, 1.219512195121973)	(8000, 1.219512195121973)	(9000, 1.219512195121973)	(10000, 1.219512195121973)	(11000, 1.219512195121973)	(12000, 1.356097560975614)	(13000, 1.8292682926829054)	(14000, 1.8292682926829054)	(15000, 1.8292682926829054)	(16000, 1.8292682926829054)	(17000, 1.8292682926829054)	(18000, 1.8292682926829054)	(19000, 1.8292682926829054)	(20000, 1.8292682926829054)	(21000, 1.8292682926829054)	(22000, 1.8292682926829054)	(23000, 1.8292682926829054)	(24000, 1.8292682926829054)	(25000, 1.8292682926829054)	(26000, 1.8292682926829054)	(27000, 1.8292682926829054)	(28000, 1.8292682926829054)	(29000, 1.8292682926829054)	(30000, 1.8292682926829054)	(31000, 1.8292682926829054)	(32000, 1.8292682926829054)	(33000, 1.8292682926829054)	(34000, 1.8292682926829054)	(35000, 1.8292682926829054)	(36000, 1.8292682926829054)	(37000, 1.8292682926829054)	(38000, 1.8292682926829054)	(39000, 1.8292682926829054)	(40000, 1.8292682926829054)	(41000, 2.0237804878048973)	(42000, 2.439024390243931)																					
FAY99780_pass_barcode08_98e12ebb_5ad7f319_72 - polya	(1, 0.0)	(2, 0.0)	(3, 0.0)	(4, 0.0)	(5, 0.0)	(6, 0.0)	(7, 0.0)	(8, 0.0)	(9, 0.0)	(10, 0.3377726307662612)	(1000, 0.6369426751592385)	(2000, 0.6369426751592385)	(3000, 0.6369426751592385)	(4000, 0.6369426751592385)	(5000, 0.6369426751592385)	(6000, 0.6369426751592385)	(7000, 0.6369426751592385)	(8000, 0.6369426751592385)	(9000, 0.6369426751592385)	(10000, 0.6369426751592385)	(11000, 0.6369426751592385)	(12000, 0.6369426751592385)	(13000, 0.6369426751592385)	(14000, 0.6369426751592385)	(15000, 1.2318471337579648)	(16000, 1.273885350318477)	(17000, 1.273885350318477)	(18000, 1.273885350318477)	(19000, 1.273885350318477)	(20000, 1.273885350318477)	(21000, 1.273885350318477)	(22000, 1.273885350318477)	(23000, 1.273885350318477)	(24000, 1.273885350318477)	(25000, 1.273885350318477)	(26000, 1.273885350318477)	(27000, 1.273885350318477)	(28000, 1.273885350318477)	(29000, 1.273885350318477)	(30000, 1.273885350318477)	(31000, 1.273885350318477)	(32000, 1.273885350318477)	(33000, 1.273885350318477)	(34000, 1.273885350318477)	(35000, 1.273885350318477)	(36000, 1.273885350318477)	(37000, 1.273885350318477)	(38000, 1.273885350318477)	(39000, 1.273885350318477)	(40000, 1.273885350318477)	(41000, 1.273885350318477)	(42000, 1.273885350318477)	(43000, 1.273885350318477)	(44000, 1.273885350318477)	(45000, 1.273885350318477)	(46000, 1.273885350318459)																	
FAY99780_pass_barcode08_98e12ebb_5ad7f319_73 - polya	(1, 0.0)	(2, 0.0)	(3, 0.0)	(4, 0.0)	(5, 0.0)	(6, 0.0)	(7, 0.0)	(8, 0.0)	(9, 0.0)	(10, 0.0)	(1000, 0.0)	(2000, 0.0)	(3000, 0.0)	(4000, 0.0)	(5000, 0.3861538461538479)	(6000, 0.7692307692307542)	(7000, 0.7692307692307542)	(8000, 1.263076923076912)	(9000, 1.5384615384615083)	(10000, 1.5384615384615083)	(11000, 1.5384615384615083)	(12000, 1.5384615384615083)	(13000, 1.5384615384615083)	(14000, 1.5384615384615083)	(15000, 1.5384615384615083)	(16000, 1.5384615384615083)	(17000, 1.5384615384615083)	(18000, 1.5384615384615083)	(19000, 1.5384615384615083)	(20000, 1.5384615384615083)	(21000, 1.5384615384615083)	(22000, 1.5384615384615083)	(23000, 1.5384615384615083)	(24000, 1.5384615384615083)	(25000, 1.5384615384615083)	(26000, 1.5384615384615083)	(27000, 1.5384615384615083)	(28000, 1.5384615384615083)	(29000, 1.5384615384615083)	(30000, 1.8561538461538734)	(31000, 2.307692307692339)	(32000, 2.307692307692339)	(33000, 2.307692307692339)	(34000, 2.307692307692339)	(35000, 2.307692307692339)	(36000, 2.307692307692339)	(37000, 2.307692307692339)	(38000, 2.307692307692339)	(39000, 2.307692307692339)	(40000, 2.307692307692339)	(41000, 2.307692307692334)																						
FAY99780_pass_barcode08_98e12ebb_5ad7f319_73 - polyg	(1, 0.0)	(2, 0.0)	(3, 0.0)	(4, 0.0)	(5, 0.0)	(6, 0.0)	(7, 0.0)	(8, 0.0)	(9, 0.0)	(10, 0.0)	(1000, 0.0)	(2000, 0.0)	(3000, 0.0)	(4000, 0.0)	(5000, 0.0)	(6000, 0.0)	(7000, 0.0)	(8000, 0.43923076923077126)	(9000, 0.7692307692307542)	(10000, 0.7692307692307542)	(11000, 0.7692307692307542)	(12000, 0.7692307692307542)	(13000, 0.7692307692307542)	(14000, 0.7692307692307542)	(15000, 0.7692307692307542)	(16000, 0.7692307692307542)	(17000, 0.7692307692307542)	(18000, 0.7692307692307542)	(19000, 0.7692307692307542)	(20000, 0.7692307692307542)	(21000, 0.7692307692307542)	(22000, 0.7692307692307542)	(23000, 0.7692307692307542)	(24000, 0.7692307692307542)	(25000, 0.7692307692307542)	(26000, 0.7692307692307542)	(27000, 0.7692307692307542)	(28000, 0.7692307692307542)	(29000, 0.7692307692307542)	(30000, 0.7692307692307542)	(31000, 0.7692307692307542)	(32000, 0.7692307692307542)	(33000, 0.7692307692307542)	(34000, 0.7692307692307542)	(35000, 0.7692307692307542)	(36000, 0.7692307692307542)	(37000, 0.7692307692307542)	(38000, 0.7692307692307542)	(39000, 0.7692307692307542)	(40000, 0.7692307692307542)	(41000, 0.7692307692307588)																						
FAY99780_pass_barcode08_98e12ebb_5ad7f319_75 - polya	(1, 0.0)	(2, 0.0)	(3, 0.0)	(4, 0.0)	(5, 0.0)	(6, 0.0)	(7, 0.0)	(8, 0.0)	(9, 0.0)	(10, 0.0)	(1000, 0.0)	(2000, 0.0)	(3000, 0.0)	(4000, 0.0)	(5000, 0.0)	(6000, 0.0)	(7000, 0.0)	(8000, 0.0)	(9000, 0.0)	(10000, 0.0)	(11000, 0.0)	(12000, 0.0)	(13000, 0.0)	(14000, 0.0)	(15000, 0.0)	(16000, 0.0)	(17000, 0.0)	(18000, 0.0)	(19000, 0.0)	(20000, 0.0)	(21000, 0.0)	(22000, 0.0)	(23000, 0.0)	(24000, 0.0)	(25000, 0.0)	(26000, 0.20714285714285657)	(27000, 1.020408163265302)	(28000, 1.020408163265302)	(29000, 1.020408163265302)	(30000, 1.020408163265302)	(31000, 1.020408163265302)	(32000, 1.020408163265302)	(33000, 1.020408163265302)	(34000, 1.020408163265302)	(35000, 1.020408163265302)	(36000, 1.020408163265302)	(37000, 1.020408163265302)	(38000, 1.020408163265302)	(39000, 1.020408163265302)	(40000, 1.020408163265302)	(41000, 1.020408163265302)	(42000, 1.020408163265302)	(43000, 1.020408163265302)	(44000, 1.020408163265302)	(45000, 1.020408163265302)	(46000, 1.020408163265302)	(47000, 1.020408163265302)	(48000, 1.020408163265302)	(49000, 1.020408163265302)	(50000, 1.020408163265302)	(51000, 1.020408163265302)	(52000, 1.020408163265302)	(53000, 1.020408163265302)	(54000, 1.020408163265302)	(55000, 1.020408163265302)	(56000, 1.020408163265302)	(57000, 1.020408163265302)	(58000, 1.020408163265302)	(59000, 1.020408163265302)	(60000, 1.020408163265302)	(61000, 1.020408163265302)	(62000, 1.020408163265302)	(63000, 1.0204081632653026)
FAY99780_pass_barcode08_98e12ebb_5ad7f319_75 - polyg	(1, 0.0)	(2, 0.0)	(3, 0.0)	(4, 0.0)	(5, 0.0)	(6, 0.0)	(7, 0.0)	(8, 0.0)	(9, 0.0)	(10, 0.0)	(1000, 0.0)	(2000, 0.0)	(3000, 0.0)	(4000, 0.0)	(5000, 0.0)	(6000, 0.0)	(7000, 0.0)	(8000, 0.0)	(9000, 0.0)	(10000, 0.0)	(11000, 0.0)	(12000, 0.0)	(13000, 0.0)	(14000, 0.0)	(15000, 0.0)	(16000, 0.0)	(17000, 0.0)	(18000, 0.0)	(19000, 0.0)	(20000, 0.0)	(21000, 0.0)	(22000, 0.0)	(23000, 0.0)	(24000, 0.0)	(25000, 0.0)	(26000, 0.0)	(27000, 0.0)	(28000, 0.0)	(29000, 0.0)	(30000, 0.0)	(31000, 0.0)	(32000, 0.0)	(33000, 0.0)	(34000, 0.0)	(35000, 0.0)	(36000, 0.0)	(37000, 0.0)	(38000, 0.0)	(39000, 0.0)	(40000, 0.0)	(41000, 0.0)	(42000, 0.0)	(43000, 0.8938775510204046)	(44000, 1.020408163265302)	(45000, 1.020408163265302)	(46000, 1.020408163265302)	(47000, 1.020408163265302)	(48000, 1.020408163265302)	(49000, 1.020408163265302)	(50000, 1.020408163265302)	(51000, 1.020408163265302)	(52000, 1.020408163265302)	(53000, 1.020408163265302)	(54000, 1.020408163265302)	(55000, 1.020408163265302)	(56000, 1.020408163265302)	(57000, 1.020408163265302)	(58000, 1.020408163265302)	(59000, 1.020408163265302)	(60000, 1.020408163265302)	(61000, 1.020408163265302)	(62000, 1.020408163265302)	(63000, 1.0204081632653026)
FAY99780_pass_barcode08_98e12ebb_5ad7f319_76 - polya	(1, 0.0)	(2, 0.0)	(3, 0.0)	(4, 0.0)	(5, 0.0)	(6, 0.0)	(7, 0.0)	(8, 0.0)	(9, 0.0)	(10, 0.0)	(1000, 0.0)	(2000, 0.0)	(3000, 0.0)	(4000, 0.0)	(5000, 0.0)	(6000, 0.0)	(7000, 0.0)	(8000, 0.0)	(9000, 0.0)	(10000, 0.0)	(11000, 0.0)	(12000, 0.0)	(13000, 0.5313868613138758)	(14000, 0.7299270072992686)	(15000, 0.7299270072992686)	(16000, 0.7299270072992686)	(17000, 0.7299270072992686)	(18000, 0.7299270072992686)	(19000, 0.7299270072992686)	(20000, 0.7299270072992686)	(21000, 1.1445255474452682)	(22000, 1.4598540145985373)	(23000, 1.4598540145985373)	(24000, 1.4598540145985373)	(25000, 1.4598540145985373)	(26000, 1.4598540145985373)	(27000, 1.4598540145985373)	(28000, 1.4598540145985373)	(29000, 1.4598540145985373)	(30000, 1.4598540145985373)	(31000, 1.4598540145985373)	(32000, 1.4598540145985373)	(33000, 1.4598540145985373)	(34000, 1.4598540145985373)	(35000, 1.4598540145985373)	(36000, 1.4598540145985373)	(37000, 1.4598540145985373)	(38000, 1.4598540145985373)	(39000, 1.4598540145985373)	(40000, 1.4598540145985561)																							
FAY99780_pass_barcode08_98e12ebb_5ad7f319_77 - polya	(1, 0.0)	(2, 0.0)	(3, 0.0)	(4, 0.0)	(5, 0.0)	(6, 0.0)	(7, 0.0)	(8, 0.0)	(9, 0.0)	(10, 0.0)	(1000, 0.0)	(2000, 0.0)	(3000, 0.0)	(4000, 0.3121019108280259)	(5000, 0.6369426751592385)	(6000, 0.6369426751592385)	(7000, 0.6369426751592385)	(8000, 0.6369426751592385)	(9000, 0.6369426751592385)	(10000, 0.6369426751592385)	(11000, 1.1535031847133739)	(12000, 1.273885350318477)	(13000, 1.273885350318477)	(14000, 1.273885350318477)	(15000, 1.273885350318477)	(16000, 1.273885350318477)	(17000, 1.273885350318477)	(18000, 1.273885350318477)	(19000, 1.273885350318477)	(20000, 1.273885350318477)	(21000, 1.273885350318477)	(22000, 1.273885350318477)	(23000, 1.273885350318477)	(24000, 1.273885350318477)	(25000, 1.273885350318477)	(26000, 1.273885350318477)	(27000, 1.273885350318477)	(28000, 1.273885350318477)	(29000, 1.273885350318477)	(30000, 1.273885350318477)	(31000, 1.273885350318477)	(32000, 1.273885350318477)	(33000, 1.273885350318477)	(34000, 1.273885350318477)	(35000, 1.273885350318477)	(36000, 1.273885350318477)	(37000, 1.273885350318477)	(38000, 1.273885350318477)	(39000, 1.273885350318477)	(40000, 1.273885350318477)	(41000, 1.273885350318477)	(42000, 1.273885350318477)	(43000, 1.273885350318477)	(44000, 1.273885350318477)	(45000, 1.2738853503184702)																		
FAY99780_pass_barcode08_98e12ebb_5ad7f319_77 - polyg	(1, 0.0)	(2, 0.0)	(3, 0.0)	(4, 0.0)	(5, 0.0)	(6, 0.0)	(7, 0.0)	(8, 0.0)	(9, 0.0)	(10, 0.0)	(1000, 0.0)	(2000, 0.0)	(3000, 0.0)	(4000, 0.0)	(5000, 0.0)	(6000, 0.0)	(7000, 0.0)	(8000, 0.0)	(9000, 0.0)	(10000, 0.0)	(11000, 0.4898089171974479)	(12000, 0.6369426751592385)	(13000, 0.6369426751592385)	(14000, 0.6369426751592385)	(15000, 0.6369426751592385)	(16000, 0.6369426751592385)	(17000, 0.6369426751592385)	(18000, 0.6369426751592385)	(19000, 0.6369426751592385)	(20000, 0.6369426751592385)	(21000, 0.6369426751592385)	(22000, 0.6369426751592385)	(23000, 0.6369426751592385)	(24000, 0.6369426751592385)	(25000, 0.6369426751592385)	(26000, 0.6369426751592385)	(27000, 0.6369426751592385)	(28000, 0.6369426751592385)	(29000, 0.6369426751592385)	(30000, 0.6369426751592385)	(31000, 0.6369426751592385)	(32000, 0.6369426751592385)	(33000, 0.6369426751592385)	(34000, 0.6369426751592385)	(35000, 0.6369426751592385)	(36000, 0.6369426751592385)	(37000, 0.6369426751592385)	(38000, 0.6369426751592385)	(39000, 0.6369426751592385)	(40000, 0.6369426751592385)	(41000, 0.6369426751592385)	(42000, 0.6369426751592385)	(43000, 0.6369426751592385)	(44000, 0.6369426751592385)	(45000, 0.6369426751592351)																		
FAY99780_pass_barcode08_98e12ebb_5ad7f319_78 - polya	(1, 0.0)	(2, 0.0)	(3, 0.0)	(4, 0.0)	(5, 0.0)	(6, 0.0)	(7, 0.0)	(8, 0.0)	(9, 0.0)	(10, 0.3016835016835018)	(1000, 1.3333333333333273)	(2000, 1.688666666666667)	(3000, 2.5913333333333264)	(4000, 2.6666666666666545)	(5000, 2.6666666666666545)	(6000, 3.236000000000036)	(7000, 3.333333333333373)	(8000, 3.333333333333373)	(9000, 3.518666666666664)	(10000, 4.0)	(11000, 4.0)	(12000, 4.0)	(13000, 4.0)	(14000, 4.0)	(15000, 4.0)	(16000, 4.0)	(17000, 4.0)	(18000, 4.0)	(19000, 4.0)	(20000, 4.0)	(21000, 4.0)	(22000, 4.0)	(23000, 4.0)	(24000, 4.0)	(25000, 4.0)	(26000, 4.0)	(27000, 4.0)	(28000, 4.0)	(29000, 4.0)	(30000, 4.0)	(31000, 4.0)	(32000, 4.0)	(33000, 4.0)	(34000, 4.0)	(35000, 4.0)	(36000, 4.0)	(37000, 4.0)	(38000, 4.0)	(39000, 4.0)	(40000, 4.0)	(41000, 4.0)	(42000, 4.0)	(43000, 4.0)	(44000, 4.0)	(45000, 4.0)	(46000, 4.0)	(47000, 4.0)	(48000, 4.0)	(49000, 4.0)	(50000, 4.0)	(51000, 4.0)	(52000, 4.0)	(53000, 4.0)	(54000, 4.0)	(55000, 4.0)	(56000, 4.0)	(57000, 4.0)	(58000, 4.0)	(59000, 4.0)				
FAY99780_pass_barcode08_98e12ebb_5ad7f319_79 - polya	(1, 0.0)	(2, 0.0)	(3, 0.0)	(4, 0.0)	(5, 0.0)	(6, 0.0)	(7, 0.0)	(8, 0.0)	(9, 0.0)	(10, 0.14439699003457435)	(1000, 0.6711409395973098)	(2000, 0.6711409395973098)	(3000, 0.6711409395973098)	(4000, 0.6711409395973098)	(5000, 0.6711409395973098)	(6000, 0.6711409395973098)	(7000, 0.6711409395973098)	(8000, 0.6711409395973098)	(9000, 0.6711409395973098)	(10000, 0.6711409395973098)	(11000, 0.6711409395973098)	(12000, 0.6711409395973098)	(13000, 0.6711409395973098)	(14000, 0.6711409395973098)	(15000, 0.6711409395973098)	(16000, 1.0966442953020032)	(17000, 1.3422818791946196)	(18000, 1.3422818791946196)	(19000, 1.3422818791946196)	(20000, 1.3422818791946196)	(21000, 1.3422818791946196)	(22000, 1.3422818791946196)	(23000, 1.426174496644283)	(24000, 2.013422818791927)	(25000, 2.013422818791927)	(26000, 2.013422818791927)	(27000, 2.013422818791927)	(28000, 2.013422818791927)	(29000, 2.013422818791927)	(30000, 2.013422818791927)	(31000, 2.013422818791927)	(32000, 2.013422818791927)	(33000, 2.013422818791927)	(34000, 2.013422818791927)	(35000, 2.013422818791927)	(36000, 2.013422818791927)	(37000, 2.013422818791927)	(38000, 2.013422818791927)	(39000, 2.013422818791927)	(40000, 2.013422818791927)	(41000, 2.013422818791927)	(42000, 2.013422818791927)	(43000, 2.013422818791927)	(44000, 2.013422818791927)	(45000, 2.013422818791927)	(46000, 2.013422818791927)	(47000, 2.013422818791927)	(48000, 2.013422818791927)	(49000, 2.013422818791927)	(50000, 2.013422818791927)	(51000, 2.013422818791927)	(52000, 2.013422818791927)	(53000, 2.013422818791927)	(54000, 2.013422818791927)	(55000, 2.013422818791927)	(56000, 2.013422818791927)	(57000, 2.013422818791927)	(58000, 2.013422818791927)	(59000, 2.013422818791935)				
FAY99780_pass_barcode08_98e12ebb_5ad7f319_8 - polya	(1, 0.0)	(2, 0.0)	(3, 0.0)	(4, 0.0)	(5, 0.0)	(6, 0.0)	(7, 0.0)	(8, 0.0)	(9, 0.0)	(10, 0.0)	(1000, 0.0)	(2000, 0.31161971830986057)	(3000, 0.3521126760563376)	(4000, 0.3521126760563376)	(5000, 0.3521126760563376)	(6000, 0.3521126760563376)	(7000, 0.3521126760563376)	(8000, 0.3521126760563376)	(9000, 0.42429577464789525)	(10000, 0.7042253521126752)	(11000, 0.7042253521126752)	(12000, 0.7042253521126752)	(13000, 0.7042253521126752)	(14000, 0.7042253521126752)	(15000, 0.7042253521126752)	(16000, 0.7042253521126752)	(17000, 0.7042253521126752)	(18000, 0.7042253521126752)	(19000, 0.7042253521126752)	(20000, 0.7042253521126752)	(21000, 0.7042253521126752)	(22000, 0.7042253521126752)	(23000, 0.7042253521126752)	(24000, 0.7042253521126752)	(25000, 0.7042253521126752)	(26000, 0.7042253521126752)	(27000, 0.7042253521126752)	(28000, 0.7042253521126752)	(29000, 0.7042253521126752)	(30000, 0.7042253521126752)	(31000, 0.7042253521126752)	(32000, 0.7042253521126752)	(33000, 0.7042253521126752)	(34000, 0.7042253521126752)	(35000, 0.7042253521126752)	(36000, 0.7042253521126752)	(37000, 0.7042253521126752)	(38000, 0.7042253521126752)	(39000, 0.7042253521126752)	(40000, 0.7042253521126752)	(41000, 0.7042253521126752)	(42000, 0.7042253521126752)	(43000, 0.7042253521126752)	(44000, 0.7042253521126752)	(45000, 0.7042253521126752)	(46000, 0.7042253521126752)	(47000, 0.7042253521126752)	(48000, 0.7042253521126752)	(49000, 0.7042253521126752)	(50000, 0.7042253521126752)	(51000, 0.7042253521126752)	(52000, 0.7042253521126752)	(53000, 0.7042253521126752)	(54000, 0.7042253521126752)	(55000, 0.7042253521126752)	(56000, 0.7042253521126752)	(57000, 0.7042253521126752)	(58000, 0.7042253521126752)	(59000, 0.7042253521126752)	(60000, 0.7042253521126766)			
FAY99780_pass_barcode08_98e12ebb_5ad7f319_80 - polya	(1, 0.0)	(2, 0.0)	(3, 0.0)	(4, 0.0)	(5, 0.0)	(6, 0.0)	(7, 0.0)	(8, 0.0)	(9, 0.0)	(10, 0.0)	(2000, 0.0)	(4000, 0.0)	(6000, 0.0)	(8000, 0.0)	(10000, 0.0)	(12000, 0.0)	(14000, 0.0)	(16000, 0.0)	(18000, 0.0)	(20000, 0.0)	(22000, 0.0)	(24000, 0.0)	(26000, 0.0)	(28000, 0.0)	(30000, 0.0)	(32000, 0.0)	(34000, 0.0)	(36000, 0.0)	(38000, 0.0)	(40000, 0.0)	(42000, 0.2605095541401252)	(44000, 0.6369426751592346)	(46000, 0.6369426751592346)	(48000, 0.6369426751592346)	(50000, 0.6369426751592346)	(52000, 0.6369426751592346)	(54000, 1.0847133757961969)	(56000, 1.2738853503184693)	(58000, 1.2738853503184693)	(60000, 1.2738853503184693)	(62000, 1.2738853503184693)	(64000, 1.2738853503184993)																															
FAY99780_pass_barcode08_98e12ebb_5ad7f319_80 - polyg	(1, 0.0)	(2, 0.0)	(3, 0.0)	(4, 0.0)	(5, 0.0)	(6, 0.0)	(7, 0.0)	(8, 0.0)	(9, 0.0)	(10, 0.0)	(2000, 0.0)	(4000, 0.0)	(6000, 0.0)	(8000, 0.0)	(10000, 0.0)	(12000, 0.0)	(14000, 0.0)	(16000, 0.0)	(18000, 0.0)	(20000, 0.0)	(22000, 0.0)	(24000, 0.0)	(26000, 0.0)	(28000, 0.0)	(30000, 0.0)	(32000, 0.0)	(34000, 0.0)	(36000, 0.0)	(38000, 0.0)	(40000, 0.0)	(42000, 0.19999999999999904)	(44000, 0.6369426751592346)	(46000, 0.6369426751592346)	(48000, 0.6369426751592346)	(50000, 0.6369426751592346)	(52000, 0.6369426751592346)	(54000, 0.6369426751592346)	(56000, 0.6369426751592346)	(58000, 0.6369426751592346)	(60000, 0.6369426751592346)	(62000, 0.6369426751592346)	(64000, 0.6369426751592496)																															
FAY99780_pass_barcode08_98e12ebb_5ad7f319_81 - polya	(1, 0.0)	(2, 0.0)	(3, 0.0)	(4, 0.0)	(5, 0.0)	(6, 0.0)	(7, 0.0)	(8, 0.0)	(9, 0.0)	(10, 0.0)	(1000, 0.0)	(2000, 0.04493670886075949)	(3000, 0.6329113924050576)	(4000, 0.6329113924050576)	(5000, 0.6329113924050576)	(6000, 0.6329113924050576)	(7000, 0.6329113924050576)	(8000, 0.6329113924050576)	(9000, 0.6329113924050576)	(10000, 0.6329113924050576)	(11000, 0.6329113924050576)	(12000, 0.6329113924050576)	(13000, 0.6329113924050576)	(14000, 0.6329113924050576)	(15000, 0.6917721518987271)	(16000, 1.2658227848101151)	(17000, 1.2658227848101151)	(18000, 1.2658227848101151)	(19000, 1.2658227848101151)	(20000, 1.2658227848101151)	(21000, 1.2658227848101151)	(22000, 1.2658227848101151)	(23000, 1.2658227848101151)	(24000, 1.2658227848101151)	(25000, 1.2658227848101151)	(26000, 1.2658227848101151)	(27000, 1.2658227848101151)	(28000, 1.2658227848101151)	(29000, 1.2658227848101151)	(30000, 1.2658227848101151)	(31000, 1.2658227848101151)	(32000, 1.2658227848101151)	(33000, 1.2658227848101151)	(34000, 1.2658227848101151)	(35000, 1.2658227848101151)	(36000, 1.2658227848101151)	(37000, 1.2658227848101151)	(38000, 1.2658227848101151)	(39000, 1.2658227848101151)	(40000, 1.2658227848101151)	(41000, 1.2658227848101151)	(42000, 1.2658227848101151)	(43000, 1.2658227848101151)	(44000, 1.265822784810116)																			
FAY99780_pass_barcode08_98e12ebb_5ad7f319_82 - polya	(1, 0.0)	(2, 0.0)	(3, 0.0)	(4, 0.0)	(5, 0.0)	(6, 0.0)	(7, 0.0)	(8, 0.0)	(9, 0.0)	(10, 0.0)	(1000, 0.0)	(2000, 0.0)	(3000, 0.0)	(4000, 0.0)	(5000, 0.0)	(6000, 0.3117647058823523)	(7000, 0.5882352941176427)	(8000, 0.5882352941176427)	(9000, 0.5882352941176427)	(10000, 0.5882352941176427)	(11000, 0.5882352941176427)	(12000, 0.5882352941176427)	(13000, 0.5882352941176427)	(14000, 0.5882352941176427)	(15000, 0.5882352941176427)	(16000, 0.5882352941176427)	(17000, 0.5882352941176427)	(18000, 0.5882352941176427)	(19000, 0.5882352941176427)	(20000, 0.5882352941176427)	(21000, 0.5882352941176427)	(22000, 0.5882352941176427)	(23000, 0.5882352941176427)	(24000, 0.5882352941176427)	(25000, 0.5882352941176427)	(26000, 0.5882352941176427)	(27000, 0.5882352941176427)	(28000, 0.5882352941176427)	(29000, 0.5882352941176427)	(30000, 0.5882352941176427)	(31000, 0.5882352941176427)	(32000, 0.5882352941176427)	(33000, 0.5882352941176427)	(34000, 0.5882352941176427)	(35000, 0.5882352941176427)	(36000, 0.5882352941176427)	(37000, 0.5882352941176427)	(38000, 0.5882352941176427)	(39000, 0.5882352941176427)	(40000, 0.5882352941176427)	(41000, 0.5882352941176427)	(42000, 0.5882352941176427)	(43000, 0.5882352941176427)	(44000, 0.5882352941176427)	(45000, 0.5882352941176427)	(46000, 0.5882352941176427)	(47000, 0.5882352941176427)	(48000, 0.5882352941176427)	(49000, 0.5882352941176427)	(50000, 0.5882352941176427)	(51000, 0.5882352941176427)	(52000, 0.5882352941176427)	(53000, 0.5882352941176427)	(54000, 0.5882352941176427)	(55000, 0.5882352941176427)	(56000, 0.5882352941176427)	(57000, 0.5882352941176469)						
FAY99780_pass_barcode08_98e12ebb_5ad7f319_83 - polya	(1, 0.0)	(2, 0.0)	(3, 0.0)	(4, 0.0)	(5, 0.0)	(6, 0.0)	(7, 0.0)	(8, 0.0)	(9, 0.0)	(10, 0.3088225939825684)	(2000, 0.6329113924050532)	(4000, 0.6329113924050532)	(6000, 1.2604430379746636)	(8000, 1.2658227848101065)	(10000, 1.2658227848101065)	(12000, 1.2658227848101065)	(14000, 1.2658227848101065)	(16000, 1.2658227848101065)	(18000, 1.2658227848101065)	(20000, 1.2658227848101065)	(22000, 1.2658227848101065)	(24000, 1.2658227848101065)	(26000, 1.2658227848101065)	(28000, 1.2658227848101065)	(30000, 1.3886075949367296)	(32000, 1.8987341772152586)	(34000, 2.351898734177169)	(36000, 2.531645569620213)	(38000, 2.531645569620213)	(40000, 2.531645569620213)	(42000, 2.531645569620213)	(44000, 2.531645569620213)	(46000, 2.531645569620213)	(48000, 2.531645569620213)	(50000, 2.531645569620213)	(52000, 2.531645569620213)	(54000, 2.531645569620213)	(56000, 2.531645569620213)	(58000, 2.531645569620213)	(60000, 2.531645569620213)	(62000, 2.531645569620213)	(64000, 2.531645569620213)	(66000, 2.531645569620213)	(68000, 2.531645569620213)	(70000, 2.531645569620213)	(72000, 2.531645569620213)	(74000, 2.531645569620217)																										
FAY99780_pass_barcode08_98e12ebb_5ad7f319_83 - polyg	(1, 0.0)	(2, 0.0)	(3, 0.0)	(4, 0.0)	(5, 0.0)	(6, 0.0)	(7, 0.0)	(8, 0.0)	(9, 0.0)	(10, 0.0)	(2000, 0.0)	(4000, 0.0)	(6000, 0.0)	(8000, 0.0)	(10000, 0.0)	(12000, 0.0)	(14000, 0.0)	(16000, 0.0)	(18000, 0.0)	(20000, 0.0)	(22000, 0.0)	(24000, 0.0)	(26000, 0.0)	(28000, 0.0)	(30000, 0.036708860759493665)	(32000, 0.6329113924050532)	(34000, 1.0534810126582101)	(36000, 1.2658227848101065)	(38000, 1.2658227848101065)	(40000, 1.2658227848101065)	(42000, 1.2658227848101065)	(44000, 1.2658227848101065)	(46000, 1.2658227848101065)	(48000, 1.2658227848101065)	(50000, 1.2658227848101065)	(52000, 1.2658227848101065)	(54000, 1.2658227848101065)	(56000, 1.2658227848101065)	(58000, 1.2658227848101065)	(60000, 1.2658227848101065)	(62000, 1.2658227848101065)	(64000, 1.2658227848101065)	(66000, 1.2658227848101065)	(68000, 1.2658227848101065)	(70000, 1.2658227848101065)	(72000, 1.2658227848101065)	(74000, 1.2658227848101085)																										
FAY99780_pass_barcode08_98e12ebb_5ad7f319_84 - polya	(1, 0.0)	(2, 0.0)	(3, 0.0)	(4, 0.0)	(5, 0.0)	(6, 0.0)	(7, 0.0)	(8, 0.0)	(9, 0.0)	(10, 0.0)	(1000, 0.0)	(2000, 0.0)	(3000, 0.0)	(4000, 0.0)	(5000, 0.0)	(6000, 0.0)	(7000, 0.0)	(8000, 0.0)	(9000, 0.0)	(10000, 0.0)	(11000, 0.0)	(12000, 0.0)	(13000, 0.0)	(14000, 0.0)	(15000, 0.0)	(16000, 0.0)	(17000, 0.3622377622377596)	(18000, 0.6993006993006936)	(19000, 0.6993006993006936)	(20000, 0.6993006993006936)	(21000, 0.6993006993006936)	(22000, 0.6993006993006936)	(23000, 0.6993006993006936)	(24000, 0.6993006993006936)	(25000, 0.6993006993006936)	(26000, 0.6993006993006936)	(27000, 0.6993006993006936)	(28000, 0.6993006993006936)	(29000, 0.6993006993006936)	(30000, 0.6993006993006936)	(31000, 0.7741258741258678)	(32000, 1.3986013986013872)	(33000, 1.3986013986013872)	(34000, 1.3986013986013894)																													
FAY99780_pass_barcode08_98e12ebb_5ad7f319_85 - polya	(1, 0.0)	(2, 0.0)	(3, 0.0)	(4, 0.0)	(5, 0.0)	(6, 0.0)	(7, 0.0)	(8, 0.0)	(9, 0.0)	(10, 0.0)	(1000, 0.0)	(2000, 0.0)	(3000, 0.0)	(4000, 0.0)	(5000, 0.0)	(6000, 0.0)	(7000, 0.0)	(8000, 0.0)	(9000, 0.0)	(10000, 0.0)	(11000, 0.0)	(12000, 0.0)	(13000, 0.0)	(14000, 0.0)	(15000, 0.0)	(16000, 0.0)	(17000, 0.0)	(18000, 0.0)	(19000, 0.0)	(20000, 0.0)	(21000, 0.0)	(22000, 0.0)	(23000, 0.5274509803921605)	(24000, 0.980392156862757)	(25000, 0.980392156862757)	(26000, 0.980392156862757)	(27000, 0.980392156862757)	(28000, 0.980392156862757)	(29000, 0.980392156862757)	(30000, 0.980392156862757)	(31000, 0.980392156862757)	(32000, 0.980392156862757)	(33000, 0.980392156862757)	(34000, 0.980392156862757)	(35000, 0.980392156862757)	(36000, 0.980392156862757)	(37000, 0.980392156862757)	(38000, 1.309027548027102)																									
FAY99780_pass_barcode08_98e12ebb_5ad7f319_86 - polya	(1, 0.0)	(2, 0.0)	(3, 0.0)	(4, 0.0)	(5, 0.0)	(6, 0.0)	(7, 0.0)	(8, 0.0)	(9, 0.0)	(10, 0.0)	(1000, 0.0)	(2000, 0.0)	(3000, 0.0)	(4000, 0.0)	(5000, 0.0)	(6000, 0.0)	(7000, 0.0)	(8000, 0.0)	(9000, 0.0)	(10000, 0.0)	(11000, 0.0)	(12000, 0.7434108527131904)	(13000, 0.7751937984496265)	(14000, 0.7751937984496265)	(15000, 0.7751937984496265)	(16000, 0.7751937984496265)	(17000, 0.7751937984496265)	(18000, 0.7751937984496265)	(19000, 0.7751937984496265)	(20000, 0.7751937984496265)	(21000, 0.7751937984496265)	(22000, 0.7751937984496265)	(23000, 0.7751937984496265)	(24000, 0.7751937984496265)	(25000, 0.7751937984496265)	(26000, 0.7751937984496265)	(27000, 0.7751937984496265)	(28000, 0.7751937984496265)	(29000, 0.7751937984496265)	(30000, 0.7751937984496265)	(31000, 0.7751937984496265)	(32000, 0.7751937984496265)	(33000, 0.7751937984496265)	(34000, 0.7751937984496265)	(35000, 0.7751937984496265)	(36000, 0.7751937984496265)	(37000, 0.7751937984496265)	(38000, 0.7751937984496265)	(39000, 0.7751937984496265)	(40000, 0.7751937984496265)	(41000, 0.7751937984496265)	(42000, 0.7751937984496092)																					
FAY99780_pass_barcode08_98e12ebb_5ad7f319_87 - polya	(1, 0.0)	(2, 0.0)	(3, 0.0)	(4, 0.0)	(5, 0.0)	(6, 0.0)	(7, 0.0)	(8, 0.0)	(9, 0.0)	(10, 0.0)	(1000, 0.0)	(2000, 0.0)	(3000, 0.09629629629629603)	(4000, 0.6172839506172828)	(5000, 0.6172839506172828)	(6000, 0.6172839506172828)	(7000, 0.6172839506172828)	(8000, 0.6172839506172828)	(9000, 0.6172839506172828)	(10000, 0.6172839506172828)	(11000, 0.6172839506172828)	(12000, 0.6172839506172828)	(13000, 0.6172839506172828)	(14000, 0.6172839506172828)	(15000, 0.6172839506172828)	(16000, 0.6172839506172828)	(17000, 0.6172839506172828)	(18000, 0.6172839506172828)	(19000, 0.6172839506172828)	(20000, 0.6172839506172828)	(21000, 0.6172839506172828)	(22000, 0.7543209876543071)	(23000, 1.2345679012345656)	(24000, 1.2345679012345656)	(25000, 1.5679012345679328)	(26000, 1.8518518518518987)	(27000, 1.8518518518518987)	(28000, 1.8518518518518987)	(29000, 1.8518518518518987)	(30000, 1.8518518518518987)	(31000, 1.8518518518518987)	(32000, 1.8518518518518987)	(33000, 1.8518518518518987)	(34000, 2.353086419753075)	(35000, 2.4691358024691312)	(36000, 2.4691358024691312)	(37000, 2.4691358024691312)	(38000, 2.4691358024691312)	(39000, 2.4691358024691312)	(40000, 2.4691358024691312)	(41000, 2.4691358024691312)	(42000, 2.4691358024691312)	(43000, 2.4691358024691312)	(44000, 2.4691358024691312)	(45000, 2.4691358024691312)	(46000, 2.4691358024691312)	(47000, 2.4691358024691312)	(48000, 2.4691358024691312)	(49000, 2.4691358024691312)	(50000, 2.4691358024691312)	(51000, 2.4691358024691312)	(52000, 2.4691358024691312)	(53000, 2.4691358024691312)	(54000, 2.4691358024691312)	(55000, 2.4691358024691312)	(56000, 2.4691358024691312)	(57000, 2.4691358024691312)	(58000, 2.4691358024691312)	(59000, 2.4691358024691312)	(60000, 2.4691358024691312)	(61000, 2.4691358024691312)	(62000, 2.4691358024691312)	(63000, 2.4691358024691104)
FAY99780_pass_barcode08_98e12ebb_5ad7f319_87 - polyg	(1, 0.0)	(2, 0.0)	(3, 0.0)	(4, 0.0)	(5, 0.0)	(6, 0.0)	(7, 0.0)	(8, 0.0)	(9, 0.0)	(10, 0.0)	(1000, 0.0)	(2000, 0.0)	(3000, 0.0)	(4000, 0.0)	(5000, 0.0)	(6000, 0.0)	(7000, 0.0)	(8000, 0.0)	(9000, 0.0)	(10000, 0.0)	(11000, 0.0)	(12000, 0.0)	(13000, 0.0)	(14000, 0.0)	(15000, 0.0)	(16000, 0.0)	(17000, 0.0)	(18000, 0.0)	(19000, 0.0)	(20000, 0.0)	(21000, 0.0)	(22000, 0.0)	(23000, 0.0)	(24000, 0.0)	(25000, 0.5166666666666596)	(26000, 0.6172839506172828)	(27000, 0.6172839506172828)	(28000, 0.6172839506172828)	(29000, 0.6172839506172828)	(30000, 0.6172839506172828)	(31000, 0.6172839506172828)	(32000, 0.6172839506172828)	(33000, 0.6172839506172828)	(34000, 0.6172839506172828)	(35000, 0.6172839506172828)	(36000, 0.6172839506172828)	(37000, 0.6172839506172828)	(38000, 0.6172839506172828)	(39000, 0.6172839506172828)	(40000, 0.6172839506172828)	(41000, 0.6172839506172828)	(42000, 0.6172839506172828)	(43000, 0.6172839506172828)	(44000, 0.6172839506172828)	(45000, 0.6172839506172828)	(46000, 0.6172839506172828)	(47000, 0.6172839506172828)	(48000, 0.6172839506172828)	(49000, 0.6172839506172828)	(50000, 0.6172839506172828)	(51000, 0.6172839506172828)	(52000, 0.6172839506172828)	(53000, 0.6172839506172828)	(54000, 0.6172839506172828)	(55000, 0.6172839506172828)	(56000, 0.6172839506172828)	(57000, 0.6172839506172828)	(58000, 0.6172839506172828)	(59000, 0.6172839506172828)	(60000, 0.6172839506172828)	(61000, 0.6172839506172828)	(62000, 0.6172839506172828)	(63000, 0.6172839506172776)
FAY99780_pass_barcode08_98e12ebb_5ad7f319_88 - polya	(1, 0.0)	(2, 0.0)	(3, 0.0)	(4, 0.0)	(5, 0.0)	(6, 0.0)	(7, 0.0)	(8, 0.0)	(9, 0.0)	(10, 0.4449070861284615)	(1000, 0.7633587786259566)	(2000, 0.7633587786259566)	(3000, 0.7633587786259566)	(4000, 0.7633587786259566)	(5000, 0.7633587786259566)	(6000, 0.7633587786259566)	(7000, 0.7633587786259566)	(8000, 0.7633587786259566)	(9000, 0.7633587786259566)	(10000, 0.7633587786259566)	(11000, 0.7633587786259566)	(12000, 0.7633587786259566)	(13000, 0.7633587786259566)	(14000, 0.7633587786259566)	(15000, 0.7633587786259566)	(16000, 0.7633587786259566)	(17000, 0.7633587786259566)	(18000, 0.7633587786259566)	(19000, 0.7633587786259566)	(20000, 0.7633587786259566)	(21000, 0.7633587786259566)	(22000, 0.7633587786259566)	(23000, 0.7633587786259566)	(24000, 0.7633587786259566)	(25000, 0.7633587786259566)	(26000, 0.7633587786259566)	(27000, 0.7633587786259566)	(28000, 0.7633587786259566)	(29000, 0.7633587786259566)	(30000, 0.7633587786259566)	(31000, 0.7633587786259566)	(32000, 0.7633587786259566)	(33000, 0.7633587786259566)	(34000, 0.7633587786259566)	(35000, 0.7633587786259566)	(36000, 0.7633587786259566)	(37000, 0.7633587786259566)	(38000, 0.7633587786259566)	(39000, 0.7633587786259566)	(40000, 0.7633587786259566)	(41000, 0.7633587786259566)	(42000, 0.7633587786259566)	(43000, 0.7633587786259562)																				
FAY99780_pass_barcode08_98e12ebb_5ad7f319_89 - polya	(1, 0.0)	(2, 0.0)	(3, 0.0)	(4, 0.0)	(5, 0.0)	(6, 0.0)	(7, 0.0)	(8, 0.0)	(9, 0.0)	(10, 0.0)	(1000, 0.3828571428571454)	(2000, 0.9523809523809614)	(3000, 0.9523809523809614)	(4000, 0.9523809523809614)	(5000, 0.9523809523809614)	(6000, 0.9523809523809614)	(7000, 0.9523809523809614)	(8000, 0.9523809523809614)	(9000, 0.9523809523809614)	(10000, 0.9523809523809614)	(11000, 0.9523809523809614)	(12000, 0.9523809523809614)	(13000, 0.9523809523809614)	(14000, 0.9523809523809614)	(15000, 0.9523809523809614)	(16000, 0.9523809523809614)	(17000, 0.9523809523809614)	(18000, 0.9523809523809614)	(19000, 0.9523809523809614)	(20000, 0.9523809523809614)	(21000, 0.9523809523809614)	(22000, 0.9523809523809614)	(23000, 0.9523809523809614)	(24000, 0.9523809523809614)	(25000, 0.9523809523809614)	(26000, 0.9523809523809614)	(27000, 0.9523809523809614)	(28000, 0.9523809523809614)	(29000, 0.9523809523809614)	(30000, 0.9523809523809614)	(31000, 0.9523809523809614)	(32000, 0.9523809523809614)	(33000, 0.9523809523809614)	(34000, 0.9523809523809614)	(35000, 0.9523809523809614)	(36000, 0.9523809523809614)	(37000, 0.9523809523809614)	(38000, 0.9523809523809614)	(39000, 0.9523809523809614)	(40000, 0.9523809523809614)	(41000, 0.9523809523809614)	(42000, 0.9523809523809614)	(43000, 0.9523809523809614)	(44000, 0.9523809523809614)	(45000, 0.9523809523809614)	(46000, 0.9523809523809614)	(47000, 0.9523809523809592)																
FAY99780_pass_barcode08_98e12ebb_5ad7f319_9 - polya	(1, 0.0)	(2, 0.0)	(3, 0.0)	(4, 0.0)	(5, 0.0)	(6, 0.0)	(7, 0.0)	(8, 0.0)	(9, 0.0)	(10, 0.0)	(2000, 0.0)	(4000, 0.0)	(6000, 0.0)	(8000, 0.0)	(10000, 0.0)	(12000, 0.1820675105485208)	(14000, 0.4219409282700344)	(16000, 0.4219409282700344)	(18000, 0.4219409282700344)	(20000, 0.4219409282700344)	(22000, 0.5883966244725622)	(24000, 0.8438818565400688)	(26000, 0.8438818565400688)	(28000, 0.8438818565400688)	(30000, 0.8438818565400688)	(32000, 0.8438818565400688)	(34000, 0.8438818565400688)	(36000, 0.8438818565400688)	(38000, 0.8438818565400688)	(40000, 0.8438818565400688)	(42000, 0.8438818565400688)	(44000, 0.8438818565400688)	(46000, 0.8438818565400688)	(48000, 0.8438818565400688)	(50000, 0.8438818565400688)	(52000, 0.8438818565400688)	(54000, 0.8438818565400688)	(56000, 0.8438818565400688)	(58000, 0.8438818565400688)	(60000, 0.8438818565400688)	(62000, 0.8438818565400688)	(64000, 0.8438818565400688)	(66000, 0.8438818565400693)																														
FAY99780_pass_barcode08_98e12ebb_5ad7f319_90 - polya	(1, 0.0)	(2, 0.0)	(3, 0.0)	(4, 0.0)	(5, 0.0)	(6, 0.0)	(7, 0.0)	(8, 0.0)	(9, 0.0)	(10, 0.0)	(1000, 0.0)	(2000, 0.0)	(3000, 0.0)	(4000, 0.0)	(5000, 0.0)	(6000, 0.71796875)	(7000, 0.78125)	(8000, 0.78125)	(9000, 0.78125)	(10000, 0.78125)	(11000, 0.78125)	(12000, 0.78125)	(13000, 0.78125)	(14000, 0.78125)	(15000, 0.78125)	(16000, 0.78125)	(17000, 0.78125)	(18000, 0.78125)	(19000, 0.78125)	(20000, 0.78125)	(21000, 0.78125)	(22000, 0.78125)	(23000, 0.78125)	(24000, 0.78125)	(25000, 0.78125)	(26000, 0.78125)	(27000, 0.78125)	(28000, 0.78125)	(29000, 0.78125)	(30000, 0.78125)	(31000, 0.78125)	(32000, 0.78125)	(33000, 0.78125)	(34000, 0.78125)	(35000, 0.78125)	(36000, 0.78125)	(37000, 0.78125)	(38000, 0.78125)	(39000, 0.78125)	(40000, 0.78125)	(41000, 0.78125)	(42000, 0.78125)																					
FAY99780_pass_barcode08_98e12ebb_5ad7f319_90 - polyg	(1, 0.0)	(2, 0.0)	(3, 0.0)	(4, 0.0)	(5, 0.0)	(6, 0.0)	(7, 0.0)	(8, 0.0)	(9, 0.0)	(10, 0.0)	(1000, 0.0)	(2000, 0.0)	(3000, 0.0)	(4000, 0.0)	(5000, 0.0)	(6000, 0.68125)	(7000, 0.78125)	(8000, 0.78125)	(9000, 0.78125)	(10000, 0.78125)	(11000, 0.78125)	(12000, 0.78125)	(13000, 0.78125)	(14000, 0.78125)	(15000, 0.78125)	(16000, 0.78125)	(17000, 0.78125)	(18000, 0.78125)	(19000, 0.78125)	(20000, 0.78125)	(21000, 0.78125)	(22000, 0.78125)	(23000, 0.78125)	(24000, 0.78125)	(25000, 0.78125)	(26000, 0.78125)	(27000, 0.78125)	(28000, 0.78125)	(29000, 0.78125)	(30000, 0.78125)	(31000, 0.78125)	(32000, 0.78125)	(33000, 0.78125)	(34000, 0.78125)	(35000, 0.78125)	(36000, 0.78125)	(37000, 0.78125)	(38000, 0.78125)	(39000, 0.78125)	(40000, 0.78125)	(41000, 0.78125)	(42000, 0.78125)																					
FAY99780_pass_barcode08_98e12ebb_5ad7f319_94 - polya	(1, 0.0)	(2, 0.0)	(3, 0.0)	(4, 0.0)	(5, 0.0)	(6, 0.0)	(7, 0.0)	(8, 0.0)	(9, 0.0)	(10, 0.9738693467336683)	(2000, 1.0)	(4000, 1.0)	(6000, 1.0)	(8000, 1.0)	(10000, 1.0)	(12000, 1.0)	(14000, 1.0)	(16000, 1.0)	(18000, 1.0)	(20000, 1.0)	(22000, 1.0)	(24000, 1.853)	(26000, 2.0)	(28000, 2.0)	(30000, 2.0)	(32000, 2.0)	(34000, 2.0)	(36000, 2.5505)	(38000, 3.0)	(40000, 3.0)	(42000, 3.0)	(44000, 3.0)	(46000, 3.0)	(48000, 3.0)	(50000, 3.0)	(52000, 3.0)	(54000, 3.0)	(56000, 3.0)	(58000, 3.0)	(60000, 3.0)	(62000, 3.0)	(64000, 3.0)	(66000, 3.0)	(68000, 3.0)																													
FAY99780_pass_barcode08_98e12ebb_5ad7f319_95 - polya	(1, 0.0)	(2, 0.0)	(3, 0.0)	(4, 0.0)	(5, 0.0)	(6, 0.0)	(7, 0.0)	(8, 0.0)	(9, 0.0)	(10, 0.0)	(1000, 0.0803149606299213)	(2000, 0.7874015748031628)	(3000, 0.7874015748031628)	(4000, 0.7874015748031628)	(5000, 0.7874015748031628)	(6000, 0.7874015748031628)	(7000, 0.8425196850393786)	(8000, 1.5748031496063255)	(9000, 1.5748031496063255)	(10000, 1.5748031496063255)	(11000, 1.5748031496063255)	(12000, 1.5748031496063255)	(13000, 1.5748031496063255)	(14000, 1.5748031496063255)	(15000, 1.5748031496063255)	(16000, 1.5748031496063255)	(17000, 1.5748031496063255)	(18000, 1.5748031496063255)	(19000, 1.5748031496063255)	(20000, 1.5748031496063255)	(21000, 1.5748031496063255)	(22000, 1.5748031496063255)	(23000, 1.5748031496063255)	(24000, 1.5748031496063255)	(25000, 1.5748031496063255)	(26000, 1.5748031496063255)	(27000, 1.5748031496063255)	(28000, 1.5748031496063255)	(29000, 1.5748031496063255)	(30000, 1.5748031496063255)	(31000, 1.5748031496063255)	(32000, 1.5748031496063255)	(33000, 1.5748031496063255)	(34000, 1.5748031496063255)	(35000, 1.5748031496063255)	(36000, 1.5748031496063255)	(37000, 1.5748031496063255)	(38000, 1.5748031496063255)	(39000, 1.5748031496063255)	(40000, 1.5748031496063255)	(41000, 1.574803149606288)																						
FAY99780_pass_barcode08_98e12ebb_5ad7f319_96 - polya	(1, 0.0)	(2, 0.0)	(3, 0.0)	(4, 0.0)	(5, 0.0)	(6, 0.0)	(7, 0.0)	(8, 0.0)	(9, 0.0)	(10, 0.0)	(1000, 0.21769911504424824)	(2000, 0.8849557522123714)	(3000, 0.8849557522123714)	(4000, 0.9876106194690055)	(5000, 1.7699115044247429)	(6000, 1.7699115044247429)	(7000, 1.7699115044247429)	(8000, 1.7699115044247429)	(9000, 1.7699115044247429)	(10000, 1.7699115044247429)	(11000, 1.7699115044247429)	(12000, 1.7699115044247429)	(13000, 1.7699115044247429)	(14000, 1.7699115044247429)	(15000, 1.7699115044247429)	(16000, 1.7699115044247429)	(17000, 1.7699115044247429)	(18000, 1.7699115044247429)	(19000, 1.7699115044247429)	(20000, 1.7699115044247429)	(21000, 1.7699115044247429)	(22000, 1.7699115044247429)	(23000, 1.7699115044247429)	(24000, 1.7699115044247429)	(25000, 1.7699115044247429)	(26000, 1.7699115044247429)	(27000, 1.7699115044247429)	(28000, 1.7699115044247429)	(29000, 1.7699115044247429)	(30000, 1.7699115044247429)	(31000, 1.7699115044247429)	(32000, 1.7699115044247429)	(33000, 1.7699115044247429)	(34000, 1.7699115044247429)	(35000, 1.7699115044247429)	(36000, 1.7699115044247429)	(37000, 1.7699115044247429)	(38000, 1.7699115044247429)	(39000, 1.7699115044247429)	(40000, 1.7699115044247429)	(41000, 1.7699115044247429)	(42000, 1.7699115044247429)	(43000, 1.7699115044247795)																				
FAY99780_pass_barcode08_98e12ebb_5ad7f319_97 - polya	(1, 0.0)	(2, 0.0)	(3, 0.0)	(4, 0.0)	(5, 0.0)	(6, 0.0)	(7, 0.0)	(8, 0.0)	(9, 0.0)	(10, 0.0)	(1000, 0.0)	(2000, 0.0)	(3000, 0.0)	(4000, 0.0)	(5000, 0.0)	(6000, 0.5880341880341887)	(7000, 0.8547008547008411)	(8000, 0.8547008547008411)	(9000, 0.8547008547008411)	(10000, 0.8547008547008411)	(11000, 0.8547008547008411)	(12000, 0.8547008547008411)	(13000, 0.8547008547008411)	(14000, 0.8547008547008411)	(15000, 0.8547008547008411)	(16000, 0.8547008547008411)	(17000, 0.8547008547008411)	(18000, 0.8547008547008411)	(19000, 0.8547008547008411)	(20000, 1.2341880341880345)	(21000, 1.7094017094016822)	(22000, 1.7094017094016822)	(23000, 1.7094017094016822)	(24000, 1.7094017094016822)	(25000, 1.7094017094016822)	(26000, 1.7094017094016822)	(27000, 1.7094017094016822)	(28000, 1.7094017094016822)	(29000, 1.7094017094016822)	(30000, 1.7094017094016822)	(31000, 1.7094017094016822)	(32000, 1.7094017094016822)	(33000, 1.7094017094016822)	(34000, 1.7094017094016822)	(35000, 1.7094017094016822)	(36000, 1.7094017094016822)	(37000, 1.7094017094016822)	(38000, 1.7094017094016822)	(39000, 1.7094017094016822)	(40000, 1.7094017094016822)	(41000, 1.709401709401692)																						
FAY99780_pass_barcode08_98e12ebb_5ad7f319_97 - polyg	(1, 0.0)	(2, 0.0)	(3, 0.0)	(4, 0.0)	(5, 0.0)	(6, 0.0)	(7, 0.0)	(8, 0.0)	(9, 0.0)	(10, 0.0)	(1000, 0.0)	(2000, 0.0)	(3000, 0.0)	(4000, 0.0)	(5000, 0.0)	(6000, 0.0)	(7000, 0.0)	(8000, 0.0)	(9000, 0.0)	(10000, 0.0)	(11000, 0.0)	(12000, 0.0)	(13000, 0.0)	(14000, 0.0)	(15000, 0.0)	(16000, 0.0)	(17000, 0.0)	(18000, 0.0)	(19000, 0.0)	(20000, 0.0393162393162393)	(21000, 0.8547008547008411)	(22000, 0.8547008547008411)	(23000, 0.8547008547008411)	(24000, 0.8547008547008411)	(25000, 0.8547008547008411)	(26000, 0.8547008547008411)	(27000, 0.8547008547008411)	(28000, 0.8547008547008411)	(29000, 0.8547008547008411)	(30000, 0.8547008547008411)	(31000, 0.8547008547008411)	(32000, 0.8547008547008411)	(33000, 0.8547008547008411)	(34000, 0.8547008547008411)	(35000, 0.8547008547008411)	(36000, 0.8547008547008411)	(37000, 0.8547008547008411)	(38000, 0.8547008547008411)	(39000, 0.8547008547008411)	(40000, 0.8547008547008411)	(41000, 0.854700854700846)																						
FAY99780_pass_barcode08_98e12ebb_5ad7f319_98 - polya	(1, 0.0)	(2, 0.0)	(3, 0.0)	(4, 0.0)	(5, 0.0)	(6, 0.0)	(7, 0.0)	(8, 0.0)	(9, 0.0)	(10, 0.0)	(1000, 0.0)	(2000, 0.0)	(3000, 0.0)	(4000, 0.0)	(5000, 0.8487179487179354)	(6000, 0.8547008547008411)	(7000, 0.8547008547008411)	(8000, 0.8547008547008411)	(9000, 0.8547008547008411)	(10000, 0.8547008547008411)	(11000, 0.8547008547008411)	(12000, 0.8547008547008411)	(13000, 0.8547008547008411)	(14000, 0.8547008547008411)	(15000, 0.8547008547008411)	(16000, 0.8547008547008411)	(17000, 0.8547008547008411)	(18000, 0.8547008547008411)	(19000, 0.8547008547008411)	(20000, 0.8547008547008411)	(21000, 0.8547008547008411)	(22000, 0.8547008547008411)	(23000, 0.8547008547008411)	(24000, 0.8547008547008411)	(25000, 0.8547008547008411)	(26000, 0.8547008547008411)	(27000, 0.8547008547008411)	(28000, 0.8547008547008411)	(29000, 0.8547008547008411)	(30000, 0.8547008547008411)	(31000, 0.8547008547008411)	(32000, 0.8547008547008411)	(33000, 0.8547008547008411)	(34000, 0.8547008547008411)	(35000, 0.8547008547008411)	(36000, 0.8547008547008411)	(37000, 0.8547008547008411)	(38000, 0.8547008547008411)	(39000, 0.8547008547008411)	(40000, 0.8547008547008411)	(41000, 0.8547008547008411)	(42000, 0.8547008547008411)	(43000, 0.8547008547008457)																				
FAY99780_pass_barcode08_98e12ebb_5ad7f319_98 - polyg	(1, 0.0)	(2, 0.0)	(3, 0.0)	(4, 0.0)	(5, 0.0)	(6, 0.0)	(7, 0.0)	(8, 0.0)	(9, 0.0)	(10, 0.0)	(1000, 0.0)	(2000, 0.0)	(3000, 0.0)	(4000, 0.0)	(5000, 0.5752136752136765)	(6000, 0.8547008547008411)	(7000, 0.8547008547008411)	(8000, 0.8547008547008411)	(9000, 0.8547008547008411)	(10000, 0.8547008547008411)	(11000, 0.8547008547008411)	(12000, 0.8547008547008411)	(13000, 0.8547008547008411)	(14000, 0.8547008547008411)	(15000, 0.8547008547008411)	(16000, 0.8547008547008411)	(17000, 0.8547008547008411)	(18000, 0.8547008547008411)	(19000, 0.8547008547008411)	(20000, 0.8547008547008411)	(21000, 0.8547008547008411)	(22000, 0.8547008547008411)	(23000, 0.8547008547008411)	(24000, 0.8547008547008411)	(25000, 0.8547008547008411)	(26000, 0.8547008547008411)	(27000, 0.8547008547008411)	(28000, 0.8547008547008411)	(29000, 0.8547008547008411)	(30000, 0.8547008547008411)	(31000, 0.8547008547008411)	(32000, 0.8547008547008411)	(33000, 0.8547008547008411)	(34000, 0.8547008547008411)	(35000, 0.8547008547008411)	(36000, 0.8547008547008411)	(37000, 0.8547008547008411)	(38000, 0.8547008547008411)	(39000, 0.8547008547008411)	(40000, 0.8547008547008411)	(41000, 0.8547008547008411)	(42000, 0.8547008547008411)	(43000, 0.8547008547008457)																				
FAY99780_pass_barcode08_98e12ebb_5ad7f319_99 - polya	(1, 0.0)	(2, 0.0)	(3, 0.0)	(4, 0.0)	(5, 0.0)	(6, 0.0)	(7, 0.0)	(8, 0.0)	(9, 0.0)	(10, 0.0)	(1000, 0.10487804878048776)	(2000, 0.8130081300813214)	(3000, 0.8130081300813214)	(4000, 0.8130081300813214)	(5000, 0.8130081300813214)	(6000, 0.8130081300813214)	(7000, 0.8130081300813214)	(8000, 0.8130081300813214)	(9000, 0.8130081300813214)	(10000, 0.8130081300813214)	(11000, 0.8130081300813214)	(12000, 0.8130081300813214)	(13000, 0.8130081300813214)	(14000, 0.8130081300813214)	(15000, 0.8130081300813214)	(16000, 0.8130081300813214)	(17000, 0.9040650406504208)	(18000, 1.626016260162643)	(19000, 1.626016260162643)	(20000, 1.626016260162643)	(21000, 1.626016260162643)	(22000, 1.626016260162643)	(23000, 1.626016260162643)	(24000, 1.626016260162643)	(25000, 1.626016260162643)	(26000, 1.626016260162643)	(27000, 1.626016260162643)	(28000, 1.626016260162643)	(29000, 1.626016260162643)	(30000, 1.626016260162643)	(31000, 1.626016260162643)	(32000, 1.626016260162643)	(33000, 1.626016260162643)	(34000, 1.626016260162643)	(35000, 1.626016260162643)	(36000, 1.626016260162643)	(37000, 1.626016260162643)	(38000, 1.626016260162643)	(39000, 1.626016260162643)	(40000, 1.626016260162643)	(41000, 1.626016260162643)	(42000, 1.626016260162643)	(43000, 1.626016260162643)	(44000, 1.626016260162643)	(45000, 1.626016260162643)	(46000, 1.626016260162643)	(47000, 1.626016260162643)	(48000, 1.626016260162643)	(49000, 1.626016260162643)	(50000, 1.626016260162643)	(51000, 1.626016260162643)	(52000, 1.626016260162601)											
