Sample	0	1	2	3	4	5	6	7	8	9	10	11	12	13	14	15	16	17	18	19	20	21	22	23	24	25	26	27	28	29	30	31	32	33	34	35	36	37	38	39	40	41	42	43	44	45	46	47	48	49	50	51	52	53	54	55	56	57	58	59	60	61	62	63	64	65	66	67	68	69	70	71	72	73	74	75	76	77	78	79	80	81	82	83	84	85	86	87	88	89	90	91	92	93	94	95	96	97	98	99	100
FAY99780_pass_barcode08_98e12ebb_5ad7f319_0	(0.0, 0.0)	(1.0, 0.0)	(2.0, 0.0)	(3.0, 0.0)	(4.0, 0.0)	(5.0, 0.0)	(6.0, 0.0)	(7.0, 0.0)	(8.0, 0.0)	(9.0, 0.0)	(10.0, 0.0)	(11.0, 0.0)	(12.0, 0.0)	(13.0, 0.0)	(14.0, 0.0)	(15.0, 0.0)	(16.0, 0.0)	(17.0, 0.0)	(18.0, 0.0)	(19.0, 0.0)	(20.0, 0.0)	(21.0, 0.0)	(22.0, 0.0)	(23.0, 0.0)	(24.0, 0.0)	(25.0, 0.3333333333333333)	(26.0, 0.3333333333333333)	(27.0, 0.45)	(28.0, 1.325)	(29.0, 1.6001152073732718)	(30.0, 0.9155844155844156)	(31.0, 1.3564935064935064)	(32.0, 2.354985337243402)	(33.0, 2.062770562770562)	(34.0, 3.992171717171717)	(35.0, 5.656349713907449)	(36.0, 3.9740872503637634)	(37.0, 3.1662100004073017)	(38.0, 6.06097683698243)	(39.0, 6.440517489973327)	(40.0, 4.448556998556998)	(41.0, 5.218290043290044)	(42.0, 6.092099567099567)	(43.0, 3.8095238095238093)	(44.0, 2.6309523809523805)	(45.0, 2.4166666666666665)	(46.0, 1.5333333333333332)	(47.0, 1.0)	(48.0, 1.3333333333333333)	(49.0, 1.3333333333333333)	(50.0, 0.5909090909090909)	(51.0, 0.0)	(52.0, 0.0)	(53.0, 0.0)	(54.0, 0.0)	(55.0, 0.0)	(56.0, 0.0)	(57.0, 0.0)	(58.0, 0.0)	(59.0, 0.0)	(60.0, 0.0)	(61.0, 0.0)	(62.0, 0.0)	(63.0, 0.0)	(64.0, 0.5)	(65.0, 0.5)	(66.0, 0.0)	(67.0, 0.0)	(68.0, 0.0)	(69.0, 0.0)	(70.0, 0.0)	(71.0, 0.0)	(72.0, 0.0)	(73.0, 0.0)	(74.0, 0.0)	(75.0, 0.0)	(76.0, 0.0)	(77.0, 0.0)	(78.0, 0.0)	(79.0, 0.0)	(80.0, 0.0)	(81.0, 0.0)	(82.0, 0.0)	(83.0, 0.0)	(84.0, 0.0)	(85.0, 0.0)	(86.0, 0.0)	(87.0, 0.0)	(88.0, 0.0)	(89.0, 0.0)	(90.0, 0.0)	(91.0, 0.0)	(92.0, 0.0)	(93.0, 0.0)	(94.0, 0.0)	(95.0, 0.0)	(96.0, 0.0)	(97.0, 0.0)	(98.0, 0.0)	(99.0, 0.0)	(100.0, 0.0)
FAY99780_pass_barcode08_98e12ebb_5ad7f319_1	(0.0, 0.0)	(1.0, 0.0)	(2.0, 0.0)	(3.0, 0.0)	(4.0, 0.0)	(5.0, 0.0)	(6.0, 0.0)	(7.0, 0.0)	(8.0, 0.0)	(9.0, 0.0)	(10.0, 0.0)	(11.0, 0.0)	(12.0, 0.0)	(13.0, 0.0)	(14.0, 0.0)	(15.0, 0.0)	(16.0, 0.0)	(17.0, 0.0)	(18.0, 0.0)	(19.0, 0.0)	(20.0, 0.0)	(21.0, 0.0)	(22.0, 0.0)	(23.0, 0.0)	(24.0, 0.0)	(25.0, 0.16666666666666666)	(26.0, 0.25)	(27.0, 0.8636363636363636)	(28.0, 0.952020202020202)	(29.0, 0.25)	(30.0, 1.0)	(31.0, 1.3468614718614718)	(32.0, 1.7553751803751803)	(33.0, 2.463500806542413)	(34.0, 4.586522870263937)	(35.0, 5.525010043950351)	(36.0, 7.606198383619014)	(37.0, 10.889801903733918)	(38.0, 7.001434790277649)	(39.0, 7.164358001793998)	(40.0, 6.612553201207621)	(41.0, 3.732070821802762)	(42.0, 3.2600522253547166)	(43.0, 2.826426024955437)	(44.0, 2.9761904761904763)	(45.0, 3.4242424242424243)	(46.0, 1.4166666666666667)	(47.0, 0.0)	(48.0, 0.1)	(49.0, 0.8333333333333333)	(50.0, 1.0909090909090908)	(51.0, 0.5)	(52.0, 0.0)	(53.0, 0.0)	(54.0, 0.0)	(55.0, 0.0)	(56.0, 0.0)	(57.0, 0.0)	(58.0, 0.0)	(59.0, 0.0)	(60.0, 0.0)	(61.0, 0.0)	(62.0, 0.0)	(63.0, 0.0)	(64.0, 0.0)	(65.0, 0.0)	(66.0, 0.0)	(67.0, 0.0)	(68.0, 0.0)	(69.0, 0.0)	(70.0, 0.0)	(71.0, 0.25)	(72.0, 0.0)	(73.0, 0.0)	(74.0, 0.0)	(75.0, 0.0)	(76.0, 0.0)	(77.0, 0.0)	(78.0, 0.0)	(79.0, 0.0)	(80.0, 0.0)	(81.0, 0.0)	(82.0, 0.0)	(83.0, 0.0)	(84.0, 0.0)	(85.0, 0.0)	(86.0, 0.0)	(87.0, 0.0)	(88.0, 0.0)	(89.0, 0.0)	(90.0, 0.0)	(91.0, 0.0)	(92.0, 0.0)	(93.0, 0.0)	(94.0, 0.0)	(95.0, 0.0)	(96.0, 0.0)	(97.0, 0.0)	(98.0, 0.0)	(99.0, 0.0)	(100.0, 0.0)
FAY99780_pass_barcode08_98e12ebb_5ad7f319_10	(0.0, 0.0)	(1.0, 0.0)	(2.0, 0.0)	(3.0, 0.0)	(4.0, 0.0)	(5.0, 0.0)	(6.0, 0.0)	(7.0, 0.0)	(8.0, 0.0)	(9.0, 0.0)	(10.0, 0.0)	(11.0, 0.0)	(12.0, 0.0)	(13.0, 0.0)	(14.0, 0.0)	(15.0, 0.0)	(16.0, 0.0)	(17.0, 0.0)	(18.0, 0.0)	(19.0, 0.0)	(20.0, 0.0)	(21.0, 0.0)	(22.0, 0.0)	(23.0, 0.0)	(24.0, 0.0)	(25.0, 0.625)	(26.0, 0.657258064516129)	(27.0, 0.13852813852813853)	(28.0, 0.35757575757575755)	(29.0, 0.6095238095238096)	(30.0, 0.758008658008658)	(31.0, 0.6858442659969377)	(32.0, 0.6171612453474401)	(33.0, 2.2254085863487343)	(34.0, 2.291245504371736)	(35.0, 3.225730646472349)	(36.0, 5.773854971260119)	(37.0, 4.998421067040557)	(38.0, 7.372627266791724)	(39.0, 6.640120301528238)	(40.0, 4.4848612139549235)	(41.0, 5.574678844191039)	(42.0, 2.9636707051578632)	(43.0, 2.051262626262626)	(44.0, 1.3742424242424243)	(45.0, 1.1742424242424243)	(46.0, 1.1666666666666665)	(47.0, 0.0)	(48.0, 0.0)	(49.0, 1.2)	(50.0, 1.5)	(51.0, 0.6111111111111112)	(52.0, 0.09090909090909091)	(53.0, 0.0)	(54.0, 0.0)	(55.0, 0.3333333333333333)	(56.0, 0.8333333333333333)	(57.0, 0.5)	(58.0, 0.0)	(59.0, 0.0)	(60.0, 0.0)	(61.0, 0.0)	(62.0, 0.0)	(63.0, 0.0)	(64.0, 0.0)	(65.0, 0.0)	(66.0, 0.0)	(67.0, 0.0)	(68.0, 0.0)	(69.0, 0.0)	(70.0, 0.0)	(71.0, 0.0)	(72.0, 0.0)	(73.0, 0.0)	(74.0, 0.0)	(75.0, 0.0)	(76.0, 0.0)	(77.0, 0.0)	(78.0, 0.0)	(79.0, 0.0)	(80.0, 0.0)	(81.0, 0.0)	(82.0, 0.0)	(83.0, 0.0)	(84.0, 0.0)	(85.0, 0.0)	(86.0, 0.0)	(87.0, 0.0)	(88.0, 0.0)	(89.0, 0.0)	(90.0, 0.0)	(91.0, 0.0)	(92.0, 0.0)	(93.0, 0.0)	(94.0, 0.0)	(95.0, 0.0)	(96.0, 0.0)	(97.0, 0.0)	(98.0, 0.0)	(99.0, 0.0)	(100.0, 0.0)
FAY99780_pass_barcode08_98e12ebb_5ad7f319_100	(0.0, 0.0)	(1.0, 0.0)	(2.0, 0.0)	(3.0, 0.0)	(4.0, 0.0)	(5.0, 0.0)	(6.0, 0.0)	(7.0, 0.0)	(8.0, 0.0)	(9.0, 0.0)	(10.0, 0.0)	(11.0, 0.0)	(12.0, 0.0)	(13.0, 0.0)	(14.0, 0.0)	(15.0, 0.0)	(16.0, 0.0)	(17.0, 0.0)	(18.0, 0.0)	(19.0, 0.0)	(20.0, 0.0)	(21.0, 0.0)	(22.0, 0.0)	(23.0, 0.0)	(24.0, 0.0)	(25.0, 0.0)	(26.0, 0.0)	(27.0, 0.0)	(28.0, 0.0)	(29.0, 0.0)	(30.0, 0.024390243902439025)	(31.0, 0.19090909090909092)	(32.0, 0.5)	(33.0, 0.7587301587301587)	(34.0, 0.41792929292929293)	(35.0, 1.2809292492377664)	(36.0, 1.445661130363631)	(37.0, 0.8939505891567847)	(38.0, 1.733781294348591)	(39.0, 2.1826050983507357)	(40.0, 1.3005043380948125)	(41.0, 2.5618549703425426)	(42.0, 1.165151515151515)	(43.0, 0.25)	(44.0, 0.09090909090909091)	(45.0, 0.30000000000000004)	(46.0, 0.0)	(47.0, 0.5)	(48.0, 1.0)	(49.0, 0.5)	(50.0, 0.3333333333333333)	(51.0, 0.3333333333333333)	(52.0, 0.0)	(53.0, 0.0)	(54.0, 0.0)	(55.0, 0.0)	(56.0, 0.0)	(57.0, 0.0)	(58.0, 0.0)	(59.0, 0.0)	(60.0, 0.0)	(61.0, 0.0)	(62.0, 0.0)	(63.0, 0.0)	(64.0, 0.0)	(65.0, 0.0)	(66.0, 0.0)	(67.0, 0.0)	(68.0, 0.0)	(69.0, 0.0)	(70.0, 0.0)	(71.0, 0.0)	(72.0, 0.0)	(73.0, 0.0)	(74.0, 0.0)	(75.0, 0.0)	(76.0, 0.0)	(77.0, 0.0)	(78.0, 0.0)	(79.0, 0.0)	(80.0, 0.0)	(81.0, 0.0)	(82.0, 0.0)	(83.0, 0.0)	(84.0, 0.0)	(85.0, 0.0)	(86.0, 0.0)	(87.0, 0.0)	(88.0, 0.0)	(89.0, 0.0)	(90.0, 0.0)	(91.0, 0.0)	(92.0, 0.0)	(93.0, 0.0)	(94.0, 0.0)	(95.0, 0.0)	(96.0, 0.0)	(97.0, 0.0)	(98.0, 0.0)	(99.0, 0.0)	(100.0, 0.0)
FAY99780_pass_barcode08_98e12ebb_5ad7f319_101	(0.0, 0.0)	(1.0, 0.0)	(2.0, 0.0)	(3.0, 0.0)	(4.0, 0.0)	(5.0, 0.0)	(6.0, 0.0)	(7.0, 0.0)	(8.0, 0.0)	(9.0, 0.0)	(10.0, 0.0)	(11.0, 0.0)	(12.0, 0.0)	(13.0, 0.0)	(14.0, 0.0)	(15.0, 0.0)	(16.0, 0.0)	(17.0, 0.0)	(18.0, 0.0)	(19.0, 0.0)	(20.0, 0.0)	(21.0, 0.0)	(22.0, 0.0)	(23.0, 0.0)	(24.0, 0.0)	(25.0, 0.0)	(26.0, 0.0)	(27.0, 0.09090909090909091)	(28.0, 0.0)	(29.0, 0.0)	(30.0, 0.25)	(31.0, 0.14285714285714285)	(32.0, 0.0)	(33.0, 0.7818973141553787)	(34.0, 0.8428571428571427)	(35.0, 1.385220973347205)	(36.0, 0.8146872230517945)	(37.0, 1.519524784210999)	(38.0, 1.3387941748415901)	(39.0, 1.0150273497328257)	(40.0, 1.3491532976827094)	(41.0, 1.182316757616429)	(42.0, 0.3051948051948052)	(43.0, 0.8543328017012227)	(44.0, 0.8333333333333333)	(45.0, 0.5)	(46.0, 1.5)	(47.0, 0.9242424242424242)	(48.0, 0.0)	(49.0, 0.0)	(50.0, 0.8333333333333333)	(51.0, 0.8333333333333333)	(52.0, 0.0)	(53.0, 0.0)	(54.0, 0.0)	(55.0, 0.0)	(56.0, 0.0)	(57.0, 0.0)	(58.0, 0.0)	(59.0, 0.0)	(60.0, 0.0)	(61.0, 0.0)	(62.0, 0.0)	(63.0, 0.0)	(64.0, 0.0)	(65.0, 0.0)	(66.0, 0.0)	(67.0, 0.0)	(68.0, 0.0)	(69.0, 0.0)	(70.0, 0.0)	(71.0, 0.0)	(72.0, 0.0)	(73.0, 0.0)	(74.0, 0.0)	(75.0, 0.0)	(76.0, 0.0)	(77.0, 0.0)	(78.0, 0.0)	(79.0, 0.0)	(80.0, 0.0)	(81.0, 0.0)	(82.0, 0.0)	(83.0, 0.0)	(84.0, 0.0)	(85.0, 0.0)	(86.0, 0.0)	(87.0, 0.0)	(88.0, 0.0)	(89.0, 0.0)	(90.0, 0.0)	(91.0, 0.0)	(92.0, 0.0)	(93.0, 0.0)	(94.0, 0.0)	(95.0, 0.0)	(96.0, 0.0)	(97.0, 0.0)	(98.0, 0.0)	(99.0, 0.0)	(100.0, 0.0)
FAY99780_pass_barcode08_98e12ebb_5ad7f319_102	(0.0, 0.0)	(1.0, 0.0)	(2.0, 0.0)	(3.0, 0.0)	(4.0, 0.0)	(5.0, 0.0)	(6.0, 0.0)	(7.0, 0.0)	(8.0, 0.0)	(9.0, 0.0)	(10.0, 0.0)	(11.0, 0.0)	(12.0, 0.0)	(13.0, 0.0)	(14.0, 0.0)	(15.0, 0.0)	(16.0, 0.0)	(17.0, 0.0)	(18.0, 0.0)	(19.0, 0.0)	(20.0, 0.0)	(21.0, 0.0)	(22.0, 0.0)	(23.0, 0.0)	(24.0, 0.0)	(25.0, 0.0)	(26.0, 0.0)	(27.0, 0.5)	(28.0, 0.5)	(29.0, 0.6111111111111112)	(30.0, 1.1111111111111112)	(31.0, 0.5)	(32.0, 0.03225806451612903)	(33.0, 0.12316715542521994)	(34.0, 0.18181818181818182)	(35.0, 0.5318760120286837)	(36.0, 1.0019743635055793)	(37.0, 1.3498473850322488)	(38.0, 2.1643887385899605)	(39.0, 1.1528108408563815)	(40.0, 1.1327354339649423)	(41.0, 1.438246520504585)	(42.0, 0.2)	(43.0, 0.9936868686868687)	(44.0, 0.625)	(45.0, 0.0)	(46.0, 0.0)	(47.0, 0.0)	(48.0, 0.0)	(49.0, 0.0)	(50.0, 0.5)	(51.0, 0.5)	(52.0, 0.25)	(53.0, 0.25)	(54.0, 0.0)	(55.0, 0.0)	(56.0, 0.0)	(57.0, 0.0)	(58.0, 0.0)	(59.0, 0.0)	(60.0, 0.0)	(61.0, 0.5)	(62.0, 0.5)	(63.0, 0.0)	(64.0, 0.0)	(65.0, 0.0)	(66.0, 0.0)	(67.0, 0.0)	(68.0, 0.0)	(69.0, 0.0)	(70.0, 0.0)	(71.0, 0.0)	(72.0, 0.0)	(73.0, 0.0)	(74.0, 0.0)	(75.0, 0.0)	(76.0, 0.0)	(77.0, 0.0)	(78.0, 0.0)	(79.0, 0.0)	(80.0, 0.0)	(81.0, 0.0)	(82.0, 0.0)	(83.0, 0.0)	(84.0, 0.0)	(85.0, 0.0)	(86.0, 0.0)	(87.0, 0.0)	(88.0, 0.0)	(89.0, 0.0)	(90.0, 0.0)	(91.0, 0.0)	(92.0, 0.0)	(93.0, 0.0)	(94.0, 0.0)	(95.0, 0.0)	(96.0, 0.0)	(97.0, 0.0)	(98.0, 0.0)	(99.0, 0.0)	(100.0, 0.0)
FAY99780_pass_barcode08_98e12ebb_5ad7f319_103	(0.0, 0.0)	(1.0, 0.0)	(2.0, 0.0)	(3.0, 0.0)	(4.0, 0.0)	(5.0, 0.0)	(6.0, 0.0)	(7.0, 0.0)	(8.0, 0.0)	(9.0, 0.0)	(10.0, 0.0)	(11.0, 0.0)	(12.0, 0.0)	(13.0, 0.0)	(14.0, 0.0)	(15.0, 0.0)	(16.0, 0.0)	(17.0, 0.0)	(18.0, 0.0)	(19.0, 0.0)	(20.0, 0.0)	(21.0, 0.0)	(22.0, 0.0)	(23.0, 0.0)	(24.0, 0.0)	(25.0, 0.0)	(26.0, 0.0)	(27.0, 0.0)	(28.0, 0.0)	(29.0, 0.0)	(30.0, 0.0)	(31.0, 0.6666666666666666)	(32.0, 0.35772357723577236)	(33.0, 0.0)	(34.0, 0.09090909090909091)	(35.0, 0.7252524781439995)	(36.0, 0.8836119917445978)	(37.0, 1.057912981592318)	(38.0, 1.5114578780691297)	(39.0, 1.9513857232213232)	(40.0, 1.3026450138238757)	(41.0, 0.23376623376623376)	(42.0, 1.0909090909090908)	(43.0, 2.4444444444444446)	(44.0, 2.615591397849462)	(45.0, 0.8333333333333333)	(46.0, 0.5)	(47.0, 0.9242424242424243)	(48.0, 0.3333333333333333)	(49.0, 0.0)	(50.0, 0.0)	(51.0, 0.0)	(52.0, 0.0)	(53.0, 0.0)	(54.0, 0.0)	(55.0, 0.0)	(56.0, 0.0)	(57.0, 0.0)	(58.0, 0.0)	(59.0, 0.0)	(60.0, 0.0)	(61.0, 0.0)	(62.0, 0.0)	(63.0, 0.0)	(64.0, 0.0)	(65.0, 0.0)	(66.0, 0.0)	(67.0, 0.0)	(68.0, 0.0)	(69.0, 0.0)	(70.0, 0.0)	(71.0, 0.0)	(72.0, 0.0)	(73.0, 0.0)	(74.0, 0.0)	(75.0, 0.0)	(76.0, 0.0)	(77.0, 0.0)	(78.0, 0.0)	(79.0, 0.0)	(80.0, 0.0)	(81.0, 0.0)	(82.0, 0.0)	(83.0, 0.0)	(84.0, 0.0)	(85.0, 0.0)	(86.0, 0.0)	(87.0, 0.0)	(88.0, 0.0)	(89.0, 0.0)	(90.0, 0.0)	(91.0, 0.0)	(92.0, 0.0)	(93.0, 0.0)	(94.0, 0.0)	(95.0, 0.0)	(96.0, 0.0)	(97.0, 0.0)	(98.0, 0.0)	(99.0, 0.0)	(100.0, 0.0)
FAY99780_pass_barcode08_98e12ebb_5ad7f319_104	(0.0, 0.0)	(1.0, 0.0)	(2.0, 0.0)	(3.0, 0.0)	(4.0, 0.0)	(5.0, 0.0)	(6.0, 0.0)	(7.0, 0.0)	(8.0, 0.0)	(9.0, 0.0)	(10.0, 0.0)	(11.0, 0.0)	(12.0, 0.0)	(13.0, 0.0)	(14.0, 0.0)	(15.0, 0.0)	(16.0, 0.0)	(17.0, 0.0)	(18.0, 0.0)	(19.0, 0.0)	(20.0, 0.0)	(21.0, 0.0)	(22.0, 0.0)	(23.0, 0.0)	(24.0, 0.0)	(25.0, 0.0)	(26.0, 0.0)	(27.0, 0.0)	(28.0, 0.09090909090909091)	(29.0, 0.0)	(30.0, 0.0)	(31.0, 0.14285714285714285)	(32.0, 0.23427826653633105)	(33.0, 0.302020202020202)	(34.0, 0.40575502928444107)	(35.0, 0.42500000000000004)	(36.0, 0.5755868919547281)	(37.0, 1.713317086185633)	(38.0, 2.822659690736866)	(39.0, 2.43837390910288)	(40.0, 1.779076479076479)	(41.0, 0.6742424242424242)	(42.0, 0.2)	(43.0, 0.4337662337662338)	(44.0, 0.14285714285714285)	(45.0, 0.8095238095238095)	(46.0, 1.0595238095238093)	(47.0, 0.3333333333333333)	(48.0, 0.0)	(49.0, 0.0)	(50.0, 0.0)	(51.0, 0.0)	(52.0, 0.0)	(53.0, 0.09090909090909091)	(54.0, 0.0)	(55.0, 0.0)	(56.0, 0.0)	(57.0, 0.5)	(58.0, 0.5)	(59.0, 0.0)	(60.0, 0.0)	(61.0, 0.0)	(62.0, 0.0)	(63.0, 0.0)	(64.0, 0.0)	(65.0, 0.0)	(66.0, 0.0)	(67.0, 0.0)	(68.0, 0.0)	(69.0, 0.0)	(70.0, 0.0)	(71.0, 0.0)	(72.0, 0.0)	(73.0, 0.0)	(74.0, 0.0)	(75.0, 0.0)	(76.0, 0.0)	(77.0, 0.0)	(78.0, 0.0)	(79.0, 0.0)	(80.0, 0.0)	(81.0, 0.0)	(82.0, 0.0)	(83.0, 0.0)	(84.0, 0.0)	(85.0, 0.0)	(86.0, 0.0)	(87.0, 0.0)	(88.0, 0.0)	(89.0, 0.0)	(90.0, 0.0)	(91.0, 0.0)	(92.0, 0.0)	(93.0, 0.0)	(94.0, 0.0)	(95.0, 0.0)	(96.0, 0.0)	(97.0, 0.0)	(98.0, 0.0)	(99.0, 0.0)	(100.0, 0.0)
FAY99780_pass_barcode08_98e12ebb_5ad7f319_105	(0.0, 0.0)	(1.0, 0.0)	(2.0, 0.0)	(3.0, 0.0)	(4.0, 0.0)	(5.0, 0.0)	(6.0, 0.0)	(7.0, 0.0)	(8.0, 0.0)	(9.0, 0.0)	(10.0, 0.0)	(11.0, 0.0)	(12.0, 0.0)	(13.0, 0.0)	(14.0, 0.0)	(15.0, 0.0)	(16.0, 0.0)	(17.0, 0.0)	(18.0, 0.0)	(19.0, 0.0)	(20.0, 0.0)	(21.0, 0.0)	(22.0, 0.0)	(23.0, 0.03225806451612903)	(24.0, 0.0)	(25.0, 0.0)	(26.0, 0.0)	(27.0, 0.0)	(28.0, 0.0)	(29.0, 0.0)	(30.0, 0.0)	(31.0, 0.047619047619047616)	(32.0, 0.09090909090909091)	(33.0, 0.27402949354168865)	(34.0, 0.8991563991563991)	(35.0, 1.0245649192331174)	(36.0, 1.260925806497607)	(37.0, 0.9155857485380178)	(38.0, 1.302111128931537)	(39.0, 2.2311968488152107)	(40.0, 1.8819660014781965)	(41.0, 2.282258064516129)	(42.0, 2.079131652661064)	(43.0, 1.3655913978494625)	(44.0, 0.25)	(45.0, 0.0)	(46.0, 0.6428571428571428)	(47.0, 1.0)	(48.0, 1.0)	(49.0, 1.5)	(50.0, 1.0)	(51.0, 0.0)	(52.0, 0.0)	(53.0, 0.4242424242424242)	(54.0, 0.0)	(55.0, 0.0)	(56.0, 0.0)	(57.0, 0.0)	(58.0, 0.0)	(59.0, 0.0)	(60.0, 0.0)	(61.0, 0.0)	(62.0, 0.0)	(63.0, 0.0)	(64.0, 0.0)	(65.0, 0.0)	(66.0, 0.0)	(67.0, 0.0)	(68.0, 0.0)	(69.0, 0.0)	(70.0, 0.0)	(71.0, 0.0)	(72.0, 0.0)	(73.0, 0.0)	(74.0, 0.0)	(75.0, 0.0)	(76.0, 0.0)	(77.0, 0.0)	(78.0, 0.0)	(79.0, 0.0)	(80.0, 0.0)	(81.0, 0.0)	(82.0, 0.0)	(83.0, 0.0)	(84.0, 0.0)	(85.0, 0.0)	(86.0, 0.0)	(87.0, 0.0)	(88.0, 0.0)	(89.0, 0.0)	(90.0, 0.0)	(91.0, 0.0)	(92.0, 0.0)	(93.0, 0.0)	(94.0, 0.0)	(95.0, 0.0)	(96.0, 0.0)	(97.0, 0.0)	(98.0, 0.0)	(99.0, 0.0)	(100.0, 0.0)
FAY99780_pass_barcode08_98e12ebb_5ad7f319_106	(0.0, 0.0)	(1.0, 0.0)	(2.0, 0.0)	(3.0, 0.0)	(4.0, 0.0)	(5.0, 0.0)	(6.0, 0.0)	(7.0, 0.0)	(8.0, 0.0)	(9.0, 0.0)	(10.0, 0.0)	(11.0, 0.0)	(12.0, 0.0)	(13.0, 0.0)	(14.0, 0.0)	(15.0, 0.0)	(16.0, 0.0)	(17.0, 0.0)	(18.0, 0.0)	(19.0, 0.0)	(20.0, 0.0)	(21.0, 0.0)	(22.0, 0.0)	(23.0, 0.0)	(24.0, 0.0)	(25.0, 0.16666666666666666)	(26.0, 0.0)	(27.0, 0.0)	(28.0, 0.16666666666666666)	(29.0, 0.16666666666666666)	(30.0, 0.0)	(31.0, 0.2533740769034887)	(32.0, 0.25664830841856806)	(33.0, 0.16666666666666666)	(34.0, 0.6909090909090909)	(35.0, 1.4324827899423453)	(36.0, 1.0433882164970667)	(37.0, 1.6326020201231883)	(38.0, 1.4963055455902574)	(39.0, 1.1320615520766577)	(40.0, 3.1343264578558694)	(41.0, 3.216167890080933)	(42.0, 3.4240259740259735)	(43.0, 1.5075757575757576)	(44.0, 0.7099567099567099)	(45.0, 0.0)	(46.0, 0.5476190476190477)	(47.0, 0.5)	(48.0, 0.0)	(49.0, 0.5)	(50.0, 0.8333333333333333)	(51.0, 0.3333333333333333)	(52.0, 0.0)	(53.0, 0.0)	(54.0, 0.5)	(55.0, 0.5)	(56.0, 0.0)	(57.0, 0.0)	(58.0, 0.5)	(59.0, 0.5)	(60.0, 0.0)	(61.0, 0.0)	(62.0, 0.0)	(63.0, 0.0)	(64.0, 0.0)	(65.0, 0.0)	(66.0, 0.0)	(67.0, 0.0)	(68.0, 0.0)	(69.0, 0.0)	(70.0, 0.0)	(71.0, 0.0)	(72.0, 0.0)	(73.0, 0.0)	(74.0, 0.0)	(75.0, 0.0)	(76.0, 0.0)	(77.0, 0.0)	(78.0, 0.0)	(79.0, 0.0)	(80.0, 0.0)	(81.0, 0.0)	(82.0, 0.0)	(83.0, 0.0)	(84.0, 0.0)	(85.0, 0.0)	(86.0, 0.0)	(87.0, 0.0)	(88.0, 0.0)	(89.0, 0.0)	(90.0, 0.0)	(91.0, 0.0)	(92.0, 0.0)	(93.0, 0.0)	(94.0, 0.0)	(95.0, 0.0)	(96.0, 0.0)	(97.0, 0.0)	(98.0, 0.0)	(99.0, 0.0)	(100.0, 0.0)
FAY99780_pass_barcode08_98e12ebb_5ad7f319_107	(0.0, 0.0)	(1.0, 0.0)	(2.0, 0.0)	(3.0, 0.0)	(4.0, 0.0)	(5.0, 0.0)	(6.0, 0.0)	(7.0, 0.0)	(8.0, 0.0)	(9.0, 0.0)	(10.0, 0.0)	(11.0, 0.0)	(12.0, 0.0)	(13.0, 0.0)	(14.0, 0.0)	(15.0, 0.0)	(16.0, 0.0)	(17.0, 0.0)	(18.0, 0.0)	(19.0, 0.0)	(20.0, 0.0)	(21.0, 0.0)	(22.0, 0.0)	(23.0, 0.0)	(24.0, 0.0)	(25.0, 0.0)	(26.0, 0.0)	(27.0, 0.0)	(28.0, 0.0)	(29.0, 0.047619047619047616)	(30.0, 0.0)	(31.0, 0.25)	(32.0, 0.45)	(33.0, 0.29292929292929293)	(34.0, 0.6431798406339836)	(35.0, 0.5933853003168564)	(36.0, 0.6549032259774958)	(37.0, 2.398075095425383)	(38.0, 2.179877710062712)	(39.0, 1.1282439811635196)	(40.0, 0.8796606619187266)	(41.0, 1.458087790345855)	(42.0, 1.9004329004329004)	(43.0, 1.1476190476190475)	(44.0, 0.8242424242424242)	(45.0, 1.1666666666666665)	(46.0, 1.1666666666666665)	(47.0, 0.8333333333333333)	(48.0, 0.5)	(49.0, 0.16666666666666666)	(50.0, 0.21428571428571427)	(51.0, 0.5)	(52.0, 0.5)	(53.0, 0.0)	(54.0, 0.0)	(55.0, 0.0)	(56.0, 0.0)	(57.0, 0.0)	(58.0, 0.0)	(59.0, 0.0)	(60.0, 0.0)	(61.0, 0.0)	(62.0, 0.0)	(63.0, 0.0)	(64.0, 0.0)	(65.0, 0.0)	(66.0, 0.0)	(67.0, 0.0)	(68.0, 0.0)	(69.0, 0.0)	(70.0, 0.0)	(71.0, 0.0)	(72.0, 0.0)	(73.0, 0.0)	(74.0, 0.0)	(75.0, 0.0)	(76.0, 0.0)	(77.0, 0.0)	(78.0, 0.0)	(79.0, 0.0)	(80.0, 0.0)	(81.0, 0.0)	(82.0, 0.0)	(83.0, 0.0)	(84.0, 0.0)	(85.0, 0.0)	(86.0, 0.0)	(87.0, 0.0)	(88.0, 0.0)	(89.0, 0.0)	(90.0, 0.0)	(91.0, 0.0)	(92.0, 0.0)	(93.0, 0.0)	(94.0, 0.0)	(95.0, 0.0)	(96.0, 0.0)	(97.0, 0.0)	(98.0, 0.0)	(99.0, 0.0)	(100.0, 0.0)
FAY99780_pass_barcode08_98e12ebb_5ad7f319_108	(0.0, 2.0)	(1.0, 2.0)	(2.0, 2.0)	(3.0, 2.0)	(4.0, 2.0)	(5.0, 2.0)	(6.0, 2.0)	(7.0, 2.0)	(8.0, 2.0)	(9.0, 2.0)	(10.0, 2.0)	(11.0, 2.0)	(12.0, 2.0)	(13.0, 2.0)	(14.0, 2.0)	(15.0, 2.0)	(16.0, 2.0)	(17.0, 2.0)	(18.0, 2.0)	(19.0, 2.0)	(20.0, 2.0)	(21.0, 2.0)	(22.0, 2.0)	(23.0, 2.0)	(24.0, 2.0)	(25.0, 2.0)	(26.0, 2.0)	(27.0, 2.0)	(28.0, 2.0)	(29.0, 2.0)	(30.0, 2.0)	(31.0, 2.0)	(32.0, 2.0)	(33.0, 2.4242424242424243)	(34.0, 2.628803121760868)	(35.0, 2.9002539184274756)	(36.0, 3.751968380566763)	(37.0, 3.4996364861608376)	(38.0, 4.092245385045911)	(39.0, 3.698354041666119)	(40.0, 3.7943116804905417)	(41.0, 4.352813852813853)	(42.0, 3.562770562770562)	(43.0, 2.833333333333333)	(44.0, 2.333333333333333)	(45.0, 2.2)	(46.0, 2.333333333333333)	(47.0, 2.333333333333333)	(48.0, 2.0)	(49.0, 2.0)	(50.0, 1.5)	(51.0, 0.5)	(52.0, 0.047619047619047616)	(53.0, 0.0)	(54.0, 0.0)	(55.0, 0.25)	(56.0, 0.5)	(57.0, 0.5)	(58.0, 0.0)	(59.0, 0.0)	(60.0, 0.0)	(61.0, 0.0)	(62.0, 0.0)	(63.0, 0.0)	(64.0, 0.0)	(65.0, 0.0)	(66.0, 0.0)	(67.0, 0.0)	(68.0, 0.0)	(69.0, 0.0)	(70.0, 0.0)	(71.0, 0.0)	(72.0, 0.0)	(73.0, 0.0)	(74.0, 0.0)	(75.0, 0.0)	(76.0, 0.0)	(77.0, 0.0)	(78.0, 0.0)	(79.0, 0.0)	(80.0, 0.0)	(81.0, 0.0)	(82.0, 0.0)	(83.0, 0.0)	(84.0, 0.0)	(85.0, 0.0)	(86.0, 0.0)	(87.0, 0.0)	(88.0, 0.0)	(89.0, 0.0)	(90.0, 0.0)	(91.0, 0.0)	(92.0, 0.0)	(93.0, 0.0)	(94.0, 0.0)	(95.0, 0.0)	(96.0, 0.0)	(97.0, 0.0)	(98.0, 0.0)	(99.0, 0.0)	(100.0, 0.0)
FAY99780_pass_barcode08_98e12ebb_5ad7f319_109	(0.0, 0.0)	(1.0, 0.0)	(2.0, 0.0)	(3.0, 0.0)	(4.0, 0.0)	(5.0, 0.0)	(6.0, 0.0)	(7.0, 0.0)	(8.0, 0.0)	(9.0, 0.0)	(10.0, 0.0)	(11.0, 0.0)	(12.0, 0.0)	(13.0, 0.0)	(14.0, 0.0)	(15.0, 0.0)	(16.0, 0.0)	(17.0, 0.0)	(18.0, 0.0)	(19.0, 0.0)	(20.0, 0.0)	(21.0, 0.0)	(22.0, 0.0)	(23.0, 0.0)	(24.0, 0.0)	(25.0, 0.0)	(26.0, 0.0)	(27.0, 0.0)	(28.0, 0.0)	(29.0, 0.25757575757575757)	(30.0, 0.0)	(31.0, 0.09090909090909091)	(32.0, 0.18802936194240544)	(33.0, 0.009900990099009901)	(34.0, 0.7001761748758687)	(35.0, 0.6911855159760334)	(36.0, 1.2979095645531655)	(37.0, 2.0453282733239857)	(38.0, 3.5456619533380107)	(39.0, 2.5489108813847565)	(40.0, 1.1835366044344373)	(41.0, 1.410913759443171)	(42.0, 1.7504329004329007)	(43.0, 1.1742424242424243)	(44.0, 0.9409090909090909)	(45.0, 0.5)	(46.0, 0.0)	(47.0, 0.0)	(48.0, 0.1111111111111111)	(49.0, 0.0)	(50.0, 0.0)	(51.0, 0.0)	(52.0, 0.0)	(53.0, 0.0)	(54.0, 0.0)	(55.0, 0.0)	(56.0, 0.0)	(57.0, 0.0)	(58.0, 0.0)	(59.0, 0.0)	(60.0, 0.0)	(61.0, 0.0)	(62.0, 0.0)	(63.0, 0.0)	(64.0, 0.0)	(65.0, 0.0)	(66.0, 0.0)	(67.0, 0.0)	(68.0, 0.0)	(69.0, 0.0)	(70.0, 0.0)	(71.0, 0.0)	(72.0, 0.0)	(73.0, 0.0)	(74.0, 0.0)	(75.0, 0.0)	(76.0, 0.0)	(77.0, 0.0)	(78.0, 0.0)	(79.0, 0.0)	(80.0, 0.0)	(81.0, 0.0)	(82.0, 0.0)	(83.0, 0.0)	(84.0, 0.0)	(85.0, 0.0)	(86.0, 0.0)	(87.0, 0.0)	(88.0, 0.0)	(89.0, 0.0)	(90.0, 0.0)	(91.0, 0.0)	(92.0, 0.0)	(93.0, 0.0)	(94.0, 0.0)	(95.0, 0.0)	(96.0, 0.0)	(97.0, 0.0)	(98.0, 0.0)	(99.0, 0.0)	(100.0, 0.0)
FAY99780_pass_barcode08_98e12ebb_5ad7f319_11	(0.0, 0.0)	(1.0, 0.0)	(2.0, 0.0)	(3.0, 0.0)	(4.0, 0.0)	(5.0, 0.0)	(6.0, 0.0)	(7.0, 0.0)	(8.0, 0.0)	(9.0, 0.0)	(10.0, 0.0)	(11.0, 0.0)	(12.0, 0.0)	(13.0, 0.0)	(14.0, 0.0)	(15.0, 0.0)	(16.0, 0.0)	(17.0, 0.0)	(18.0, 0.0)	(19.0, 0.0)	(20.0, 0.0)	(21.0, 0.0)	(22.0, 0.0)	(23.0, 0.0)	(24.0, 0.0)	(25.0, 0.0)	(26.0, 0.0)	(27.0, 0.0)	(28.0, 0.0)	(29.0, 1.0075757575757576)	(30.0, 0.8196283391405343)	(31.0, 0.13968957871396895)	(32.0, 0.8133116883116884)	(33.0, 0.3068181818181818)	(34.0, 0.9475108225108226)	(35.0, 2.0494898333758433)	(36.0, 2.9761111054394216)	(37.0, 2.0776165239700135)	(38.0, 3.697911752808018)	(39.0, 3.6013773995813607)	(40.0, 3.5077340710920955)	(41.0, 3.581395783166043)	(42.0, 2.5375964615095046)	(43.0, 1.8246753246753247)	(44.0, 1.6401515151515151)	(45.0, 1.1837662337662336)	(46.0, 2.1999999999999997)	(47.0, 2.5)	(48.0, 1.0)	(49.0, 0.0)	(50.0, 0.12316715542521994)	(51.0, 0.09090909090909091)	(52.0, 0.3333333333333333)	(53.0, 0.0)	(54.0, 0.0)	(55.0, 0.0)	(56.0, 0.0)	(57.0, 0.0)	(58.0, 0.0)	(59.0, 0.0)	(60.0, 0.0)	(61.0, 0.0)	(62.0, 0.0)	(63.0, 0.25)	(64.0, 0.0)	(65.0, 0.0)	(66.0, 0.0)	(67.0, 0.0)	(68.0, 0.0)	(69.0, 0.0)	(70.0, 0.0)	(71.0, 0.0)	(72.0, 0.0)	(73.0, 0.0)	(74.0, 0.0)	(75.0, 0.0)	(76.0, 0.0)	(77.0, 0.0)	(78.0, 0.0)	(79.0, 0.0)	(80.0, 0.0)	(81.0, 0.0)	(82.0, 0.0)	(83.0, 0.0)	(84.0, 0.0)	(85.0, 0.0)	(86.0, 0.0)	(87.0, 0.0)	(88.0, 0.0)	(89.0, 0.0)	(90.0, 0.0)	(91.0, 0.0)	(92.0, 0.0)	(93.0, 0.0)	(94.0, 0.0)	(95.0, 0.0)	(96.0, 0.0)	(97.0, 0.0)	(98.0, 0.0)	(99.0, 0.0)	(100.0, 0.0)
FAY99780_pass_barcode08_98e12ebb_5ad7f319_110	(0.0, 0.0)	(1.0, 0.0)	(2.0, 0.0)	(3.0, 0.0)	(4.0, 0.0)	(5.0, 0.0)	(6.0, 0.0)	(7.0, 0.0)	(8.0, 0.0)	(9.0, 0.0)	(10.0, 0.0)	(11.0, 0.0)	(12.0, 0.0)	(13.0, 0.5)	(14.0, 1.0)	(15.0, 1.0)	(16.0, 1.0)	(17.0, 1.0)	(18.0, 0.5)	(19.0, 0.0)	(20.0, 0.0)	(21.0, 0.0)	(22.0, 0.0)	(23.0, 0.0)	(24.0, 0.0)	(25.0, 0.0)	(26.0, 0.0)	(27.0, 0.0)	(28.0, 0.0)	(29.0, 0.0)	(30.0, 0.0)	(31.0, 0.0)	(32.0, 0.0)	(33.0, 0.18614718614718614)	(34.0, 0.3203463203463203)	(35.0, 0.9917242332135949)	(36.0, 1.2253713383048808)	(37.0, 2.253227735433144)	(38.0, 2.3288731289919062)	(39.0, 1.0721550540072438)	(40.0, 1.292063492063492)	(41.0, 1.2242424242424244)	(42.0, 0.808715575204937)	(43.0, 0.325)	(44.0, 0.4)	(45.0, 0.95)	(46.0, 0.5)	(47.0, 0.0)	(48.0, 0.0)	(49.0, 0.0)	(50.0, 0.0)	(51.0, 0.2)	(52.0, 0.0)	(53.0, 0.0)	(54.0, 0.0)	(55.0, 0.0)	(56.0, 0.0)	(57.0, 0.0)	(58.0, 0.0)	(59.0, 0.0)	(60.0, 0.0)	(61.0, 0.0)	(62.0, 0.0)	(63.0, 0.0)	(64.0, 0.0)	(65.0, 0.0)	(66.0, 0.0)	(67.0, 0.0)	(68.0, 0.0)	(69.0, 0.0)	(70.0, 0.0)	(71.0, 0.0)	(72.0, 0.0)	(73.0, 0.0)	(74.0, 0.0)	(75.0, 0.0)	(76.0, 0.0)	(77.0, 0.0)	(78.0, 0.0)	(79.0, 0.0)	(80.0, 0.0)	(81.0, 0.0)	(82.0, 0.0)	(83.0, 0.0)	(84.0, 0.0)	(85.0, 0.0)	(86.0, 0.0)	(87.0, 0.0)	(88.0, 0.0)	(89.0, 0.0)	(90.0, 0.0)	(91.0, 0.0)	(92.0, 0.0)	(93.0, 0.0)	(94.0, 0.0)	(95.0, 0.0)	(96.0, 0.0)	(97.0, 0.0)	(98.0, 0.0)	(99.0, 0.0)	(100.0, 0.0)
FAY99780_pass_barcode08_98e12ebb_5ad7f319_111	(0.0, 0.0)	(1.0, 0.0)	(2.0, 0.0)	(3.0, 0.0)	(4.0, 0.0)	(5.0, 0.0)	(6.0, 0.0)	(7.0, 0.0)	(8.0, 0.0)	(9.0, 0.0)	(10.0, 0.0)	(11.0, 0.0)	(12.0, 0.0)	(13.0, 0.0)	(14.0, 0.0)	(15.0, 0.0)	(16.0, 0.0)	(17.0, 0.0)	(18.0, 0.0)	(19.0, 0.0)	(20.0, 0.0)	(21.0, 0.0)	(22.0, 0.0)	(23.0, 0.0)	(24.0, 0.0)	(25.0, 0.0)	(26.0, 0.0)	(27.0, 0.0)	(28.0, 0.0)	(29.0, 0.09090909090909091)	(30.0, 0.1495171495171495)	(31.0, 0.047619047619047616)	(32.0, 0.09090909090909091)	(33.0, 0.3605169340463458)	(34.0, 0.6069333891914537)	(35.0, 0.7206083359108271)	(36.0, 1.5801290236733172)	(37.0, 1.5470614031892853)	(38.0, 2.0966958575430104)	(39.0, 1.3836499423893598)	(40.0, 0.715787344638865)	(41.0, 0.9849364446974008)	(42.0, 1.488095238095238)	(43.0, 0.5095238095238095)	(44.0, 0.23376623376623376)	(45.0, 0.0)	(46.0, 0.09090909090909091)	(47.0, 0.5)	(48.0, 0.8333333333333333)	(49.0, 0.5)	(50.0, 0.5)	(51.0, 0.0)	(52.0, 0.3333333333333333)	(53.0, 0.0)	(54.0, 0.0)	(55.0, 0.0)	(56.0, 0.0)	(57.0, 0.0)	(58.0, 0.0)	(59.0, 0.0)	(60.0, 0.0)	(61.0, 0.0)	(62.0, 0.0)	(63.0, 0.0)	(64.0, 0.0)	(65.0, 0.0)	(66.0, 0.0)	(67.0, 0.0)	(68.0, 0.0)	(69.0, 0.0)	(70.0, 0.0)	(71.0, 0.0)	(72.0, 0.0)	(73.0, 0.0)	(74.0, 0.0)	(75.0, 0.0)	(76.0, 0.0)	(77.0, 0.0)	(78.0, 0.0)	(79.0, 0.0)	(80.0, 0.0)	(81.0, 0.0)	(82.0, 0.0)	(83.0, 0.0)	(84.0, 0.0)	(85.0, 0.0)	(86.0, 0.0)	(87.0, 0.0)	(88.0, 0.0)	(89.0, 0.0)	(90.0, 0.0)	(91.0, 0.0)	(92.0, 0.0)	(93.0, 0.0)	(94.0, 0.0)	(95.0, 0.0)	(96.0, 0.0)	(97.0, 0.0)	(98.0, 0.0)	(99.0, 0.0)	(100.0, 0.0)
FAY99780_pass_barcode08_98e12ebb_5ad7f319_112	(0.0, 0.0)	(1.0, 0.0)	(2.0, 0.0)	(3.0, 0.0)	(4.0, 0.0)	(5.0, 0.0)	(6.0, 0.0)	(7.0, 0.0)	(8.0, 0.0)	(9.0, 0.0)	(10.0, 0.0)	(11.0, 0.0)	(12.0, 0.0)	(13.0, 0.0)	(14.0, 0.0)	(15.0, 0.0)	(16.0, 0.0)	(17.0, 0.0)	(18.0, 0.0)	(19.0, 0.0)	(20.0, 0.0)	(21.0, 0.0)	(22.0, 0.5)	(23.0, 0.5)	(24.0, 0.0)	(25.0, 0.0)	(26.0, 0.0)	(27.0, 0.0)	(28.0, 0.0)	(29.0, 0.0)	(30.0, 0.09090909090909091)	(31.0, 0.09090909090909091)	(32.0, 0.0)	(33.0, 0.25757575757575757)	(34.0, 0.520492765207021)	(35.0, 1.4289900662050705)	(36.0, 1.8373173914524321)	(37.0, 1.5227492817971926)	(38.0, 2.020399564870319)	(39.0, 3.532769551013111)	(40.0, 3.289509146767212)	(41.0, 1.086147186147186)	(42.0, 0.9171717171717172)	(43.0, 1.0227272727272727)	(44.0, 1.0)	(45.0, 0.25)	(46.0, 0.125)	(47.0, 0.5)	(48.0, 0.5)	(49.0, 0.0)	(50.0, 0.0)	(51.0, 0.0)	(52.0, 0.0)	(53.0, 0.0)	(54.0, 0.0)	(55.0, 0.0)	(56.0, 0.0)	(57.0, 0.0)	(58.0, 0.0)	(59.0, 0.0)	(60.0, 0.0)	(61.0, 0.0)	(62.0, 0.0)	(63.0, 0.0)	(64.0, 0.0)	(65.0, 0.0)	(66.0, 0.0)	(67.0, 0.0)	(68.0, 0.0)	(69.0, 0.0)	(70.0, 0.0)	(71.0, 0.0)	(72.0, 0.0)	(73.0, 0.0)	(74.0, 0.0)	(75.0, 0.0)	(76.0, 0.0)	(77.0, 0.0)	(78.0, 0.0)	(79.0, 0.0)	(80.0, 0.0)	(81.0, 0.0)	(82.0, 0.0)	(83.0, 0.0)	(84.0, 0.0)	(85.0, 0.0)	(86.0, 0.0)	(87.0, 0.0)	(88.0, 0.0)	(89.0, 0.0)	(90.0, 0.0)	(91.0, 0.0)	(92.0, 0.0)	(93.0, 0.0)	(94.0, 0.0)	(95.0, 0.0)	(96.0, 0.0)	(97.0, 0.0)	(98.0, 0.0)	(99.0, 0.0)	(100.0, 0.0)
FAY99780_pass_barcode08_98e12ebb_5ad7f319_113	(0.0, 0.0)	(1.0, 0.0)	(2.0, 0.0)	(3.0, 0.0)	(4.0, 0.0)	(5.0, 0.0)	(6.0, 0.0)	(7.0, 0.0)	(8.0, 0.0)	(9.0, 0.0)	(10.0, 0.0)	(11.0, 0.0)	(12.0, 0.0)	(13.0, 0.0)	(14.0, 0.0)	(15.0, 0.0)	(16.0, 0.0)	(17.0, 0.0)	(18.0, 0.0)	(19.0, 0.0)	(20.0, 0.0)	(21.0, 0.0)	(22.0, 0.0)	(23.0, 0.0)	(24.0, 0.0)	(25.0, 0.0)	(26.0, 0.0)	(27.0, 0.125)	(28.0, 0.0)	(29.0, 0.0)	(30.0, 0.0)	(31.0, 0.34972677595628415)	(32.0, 0.0)	(33.0, 0.01639344262295082)	(34.0, 0.13852813852813853)	(35.0, 0.3332511890386653)	(36.0, 1.5196769194582702)	(37.0, 1.543510013022208)	(38.0, 0.9833915483543307)	(39.0, 0.44557889485002594)	(40.0, 0.6557755252877204)	(41.0, 1.0611111111111111)	(42.0, 0.5909090909090909)	(43.0, 0.5075757575757576)	(44.0, 1.0833333333333333)	(45.0, 0.5)	(46.0, 0.0)	(47.0, 0.0)	(48.0, 0.0)	(49.0, 0.0)	(50.0, 0.0)	(51.0, 0.09090909090909091)	(52.0, 0.0)	(53.0, 0.0)	(54.0, 0.0)	(55.0, 0.09090909090909091)	(56.0, 0.0)	(57.0, 0.0)	(58.0, 0.0)	(59.0, 0.0)	(60.0, 0.0)	(61.0, 0.0)	(62.0, 0.0)	(63.0, 0.0)	(64.0, 0.0)	(65.0, 0.0)	(66.0, 0.0)	(67.0, 0.0)	(68.0, 0.0)	(69.0, 0.0)	(70.0, 0.0)	(71.0, 0.0)	(72.0, 0.0)	(73.0, 0.0)	(74.0, 0.0)	(75.0, 0.0)	(76.0, 0.0)	(77.0, 0.0)	(78.0, 0.0)	(79.0, 0.0)	(80.0, 0.0)	(81.0, 0.0)	(82.0, 0.0)	(83.0, 0.0)	(84.0, 0.0)	(85.0, 0.0)	(86.0, 0.0)	(87.0, 0.0)	(88.0, 0.0)	(89.0, 0.0)	(90.0, 0.0)	(91.0, 0.0)	(92.0, 0.0)	(93.0, 0.0)	(94.0, 0.0)	(95.0, 0.0)	(96.0, 0.0)	(97.0, 0.0)	(98.0, 0.0)	(99.0, 0.0)	(100.0, 0.0)
FAY99780_pass_barcode08_98e12ebb_5ad7f319_114	(0.0, 0.0)	(1.0, 0.0)	(2.0, 0.0)	(3.0, 0.0)	(4.0, 0.0)	(5.0, 0.0)	(6.0, 0.0)	(7.0, 0.0)	(8.0, 0.0)	(9.0, 0.0)	(10.0, 0.0)	(11.0, 0.0)	(12.0, 0.0)	(13.0, 0.0)	(14.0, 0.0)	(15.0, 0.0)	(16.0, 0.0)	(17.0, 0.0)	(18.0, 0.0)	(19.0, 0.0)	(20.0, 0.0)	(21.0, 0.0)	(22.0, 0.0)	(23.0, 0.0)	(24.0, 0.0)	(25.0, 0.3333333333333333)	(26.0, 0.0)	(27.0, 0.0)	(28.0, 0.0)	(29.0, 0.3333333333333333)	(30.0, 0.3333333333333333)	(31.0, 0.047619047619047616)	(32.0, 0.225)	(33.0, 0.15261264557039206)	(34.0, 0.12938384185378346)	(35.0, 0.5601699295729146)	(36.0, 1.0145250307085465)	(37.0, 1.6267006064813314)	(38.0, 1.5763613882750254)	(39.0, 1.3193100272513947)	(40.0, 2.1037587860168507)	(41.0, 1.632982526527044)	(42.0, 0.640909090909091)	(43.0, 1.0)	(44.0, 1.0333333333333332)	(45.0, 0.6666666666666666)	(46.0, 0.6666666666666666)	(47.0, 0.5)	(48.0, 0.5123456790123457)	(49.0, 0.3333333333333333)	(50.0, 0.3333333333333333)	(51.0, 0.09090909090909091)	(52.0, 0.0)	(53.0, 0.0)	(54.0, 0.0)	(55.0, 0.0)	(56.0, 0.0)	(57.0, 0.0)	(58.0, 0.0)	(59.0, 0.0)	(60.0, 0.0)	(61.0, 0.0)	(62.0, 0.0)	(63.0, 0.0)	(64.0, 0.0)	(65.0, 0.0)	(66.0, 0.0)	(67.0, 0.0)	(68.0, 0.0)	(69.0, 0.0)	(70.0, 0.0)	(71.0, 0.0)	(72.0, 0.5)	(73.0, 0.5)	(74.0, 0.0)	(75.0, 0.0)	(76.0, 0.0)	(77.0, 0.0)	(78.0, 0.0)	(79.0, 0.0)	(80.0, 0.0)	(81.0, 0.0)	(82.0, 0.0)	(83.0, 0.0)	(84.0, 0.0)	(85.0, 0.0)	(86.0, 0.0)	(87.0, 0.0)	(88.0, 0.0)	(89.0, 0.0)	(90.0, 0.0)	(91.0, 0.0)	(92.0, 0.0)	(93.0, 0.0)	(94.0, 0.0)	(95.0, 0.0)	(96.0, 0.0)	(97.0, 0.0)	(98.0, 0.0)	(99.0, 0.0)	(100.0, 0.0)
FAY99780_pass_barcode08_98e12ebb_5ad7f319_115	(0.0, 0.0)	(1.0, 0.0)	(2.0, 0.0)	(3.0, 0.0)	(4.0, 0.0)	(5.0, 0.0)	(6.0, 0.0)	(7.0, 0.0)	(8.0, 0.0)	(9.0, 0.0)	(10.0, 0.0)	(11.0, 0.0)	(12.0, 0.0)	(13.0, 0.0)	(14.0, 0.0)	(15.0, 0.0)	(16.0, 0.0)	(17.0, 0.0)	(18.0, 0.0)	(19.0, 0.0)	(20.0, 0.0)	(21.0, 0.0)	(22.0, 0.0)	(23.0, 0.0)	(24.0, 0.0)	(25.0, 0.0)	(26.0, 0.0)	(27.0, 0.047619047619047616)	(28.0, 0.0)	(29.0, 0.09090909090909091)	(30.0, 0.0)	(31.0, 0.0)	(32.0, 0.31407624633431086)	(33.0, 0.024390243902439025)	(34.0, 0.807085006223687)	(35.0, 0.6663669054447496)	(36.0, 1.2425861225833994)	(37.0, 1.503189270682399)	(38.0, 2.3488980246823528)	(39.0, 2.7630289887351513)	(40.0, 2.30492882297043)	(41.0, 2.2146251593515975)	(42.0, 1.7583333333333333)	(43.0, 2.4611111111111112)	(44.0, 1.45)	(45.0, 0.5)	(46.0, 0.8333333333333333)	(47.0, 0.5)	(48.0, 1.0)	(49.0, 1.0)	(50.0, 0.0)	(51.0, 0.0)	(52.0, 0.0)	(53.0, 0.0)	(54.0, 0.0)	(55.0, 0.0)	(56.0, 0.0)	(57.0, 0.0)	(58.0, 0.0)	(59.0, 0.0)	(60.0, 0.0)	(61.0, 0.0)	(62.0, 0.0)	(63.0, 0.0)	(64.0, 0.0)	(65.0, 0.0)	(66.0, 0.0)	(67.0, 0.0)	(68.0, 0.0)	(69.0, 0.0)	(70.0, 0.0)	(71.0, 0.0)	(72.0, 0.0)	(73.0, 0.0)	(74.0, 0.0)	(75.0, 0.0)	(76.0, 0.0)	(77.0, 0.0)	(78.0, 0.0)	(79.0, 0.0)	(80.0, 0.0)	(81.0, 0.0)	(82.0, 0.0)	(83.0, 0.0)	(84.0, 0.0)	(85.0, 0.0)	(86.0, 0.0)	(87.0, 0.0)	(88.0, 0.0)	(89.0, 0.0)	(90.0, 0.0)	(91.0, 0.0)	(92.0, 0.0)	(93.0, 0.0)	(94.0, 0.0)	(95.0, 0.0)	(96.0, 0.0)	(97.0, 0.0)	(98.0, 0.0)	(99.0, 0.0)	(100.0, 0.0)
FAY99780_pass_barcode08_98e12ebb_5ad7f319_116	(0.0, 0.0)	(1.0, 0.0)	(2.0, 0.0)	(3.0, 0.0)	(4.0, 0.0)	(5.0, 0.0)	(6.0, 0.0)	(7.0, 0.0)	(8.0, 0.0)	(9.0, 0.0)	(10.0, 0.0)	(11.0, 0.0)	(12.0, 0.0)	(13.0, 0.0)	(14.0, 0.0)	(15.0, 0.0)	(16.0, 0.0)	(17.0, 0.0)	(18.0, 0.0)	(19.0, 0.0)	(20.0, 0.0)	(21.0, 0.0)	(22.0, 0.0)	(23.0, 0.0)	(24.0, 0.0)	(25.0, 0.0)	(26.0, 0.047619047619047616)	(27.0, 0.0)	(28.0, 0.0)	(29.0, 0.1111111111111111)	(30.0, 0.0)	(31.0, 0.0)	(32.0, 0.024390243902439025)	(33.0, 0.05145046524356869)	(34.0, 0.6912014495835896)	(35.0, 1.147690315358277)	(36.0, 1.461296896423474)	(37.0, 1.7079488661616993)	(38.0, 1.205958961746438)	(39.0, 1.4975369033243795)	(40.0, 1.8057367234555932)	(41.0, 1.221861471861472)	(42.0, 1.0333333333333332)	(43.0, 1.8668300653594772)	(44.0, 0.8529411764705882)	(45.0, 0.3333333333333333)	(46.0, 0.0)	(47.0, 0.0)	(48.0, 0.0)	(49.0, 0.5)	(50.0, 0.5)	(51.0, 0.0)	(52.0, 0.0)	(53.0, 0.0)	(54.0, 0.0)	(55.0, 0.0)	(56.0, 0.0)	(57.0, 0.0)	(58.0, 0.0)	(59.0, 0.0)	(60.0, 0.25)	(61.0, 0.25)	(62.0, 0.0)	(63.0, 0.0)	(64.0, 0.0)	(65.0, 0.0)	(66.0, 0.0)	(67.0, 0.0)	(68.0, 0.0)	(69.0, 0.0)	(70.0, 0.0)	(71.0, 0.0)	(72.0, 0.0)	(73.0, 0.0)	(74.0, 0.0)	(75.0, 0.0)	(76.0, 0.0)	(77.0, 0.0)	(78.0, 0.0)	(79.0, 0.0)	(80.0, 0.0)	(81.0, 0.0)	(82.0, 0.0)	(83.0, 0.0)	(84.0, 0.0)	(85.0, 0.0)	(86.0, 0.0)	(87.0, 0.0)	(88.0, 0.0)	(89.0, 0.0)	(90.0, 0.0)	(91.0, 0.0)	(92.0, 0.0)	(93.0, 0.0)	(94.0, 0.0)	(95.0, 0.0)	(96.0, 0.0)	(97.0, 0.0)	(98.0, 0.0)	(99.0, 0.0)	(100.0, 0.0)
FAY99780_pass_barcode08_98e12ebb_5ad7f319_117	(0.0, 0.0)	(1.0, 0.0)	(2.0, 0.0)	(3.0, 0.0)	(4.0, 0.0)	(5.0, 0.0)	(6.0, 0.0)	(7.0, 0.0)	(8.0, 0.0)	(9.0, 0.0)	(10.0, 0.0)	(11.0, 0.0)	(12.0, 0.0)	(13.0, 0.0)	(14.0, 0.0)	(15.0, 0.0)	(16.0, 0.0)	(17.0, 0.0)	(18.0, 0.0)	(19.0, 0.0)	(20.0, 0.0)	(21.0, 0.0)	(22.0, 0.0)	(23.0, 0.0)	(24.0, 0.0)	(25.0, 0.0)	(26.0, 0.0)	(27.0, 0.0)	(28.0, 0.0)	(29.0, 0.0)	(30.0, 0.0)	(31.0, 0.0)	(32.0, 0.12316715542521994)	(33.0, 0.1158504476040021)	(34.0, 1.3494022317551728)	(35.0, 1.0511799079723214)	(36.0, 1.0296778369359014)	(37.0, 1.8382795149836721)	(38.0, 1.0004073826384816)	(39.0, 1.1482958960246603)	(40.0, 1.6882736769731266)	(41.0, 1.8916583588501983)	(42.0, 1.5)	(43.0, 0.34090909090909094)	(44.0, 0.09090909090909091)	(45.0, 0.1)	(46.0, 0.6)	(47.0, 0.790909090909091)	(48.0, 0.0)	(49.0, 0.3333333333333333)	(50.0, 0.0)	(51.0, 0.0)	(52.0, 0.0)	(53.0, 0.0)	(54.0, 0.0)	(55.0, 0.0)	(56.0, 0.0)	(57.0, 0.0)	(58.0, 0.0)	(59.0, 0.0)	(60.0, 0.0)	(61.0, 0.0)	(62.0, 0.0)	(63.0, 0.0)	(64.0, 0.0)	(65.0, 0.0)	(66.0, 0.0)	(67.0, 0.0)	(68.0, 0.0)	(69.0, 0.0)	(70.0, 0.0)	(71.0, 0.0)	(72.0, 0.0)	(73.0, 0.0)	(74.0, 0.0)	(75.0, 0.0)	(76.0, 0.0)	(77.0, 0.0)	(78.0, 0.0)	(79.0, 0.0)	(80.0, 0.0)	(81.0, 0.0)	(82.0, 0.0)	(83.0, 0.0)	(84.0, 0.0)	(85.0, 0.0)	(86.0, 0.0)	(87.0, 0.0)	(88.0, 0.0)	(89.0, 0.0)	(90.0, 0.0)	(91.0, 0.0)	(92.0, 0.0)	(93.0, 0.0)	(94.0, 0.0)	(95.0, 0.0)	(96.0, 0.0)	(97.0, 0.0)	(98.0, 0.0)	(99.0, 0.0)	(100.0, 0.0)
FAY99780_pass_barcode08_98e12ebb_5ad7f319_118	(0.0, 0.0)	(1.0, 0.0)	(2.0, 0.0)	(3.0, 0.0)	(4.0, 0.0)	(5.0, 0.0)	(6.0, 0.0)	(7.0, 0.0)	(8.0, 0.0)	(9.0, 0.0)	(10.0, 0.0)	(11.0, 0.0)	(12.0, 0.0)	(13.0, 0.0)	(14.0, 0.0)	(15.0, 0.0)	(16.0, 0.0)	(17.0, 0.0)	(18.0, 0.0)	(19.0, 0.0)	(20.0, 0.0)	(21.0, 0.0)	(22.0, 0.0)	(23.0, 0.0)	(24.0, 0.0)	(25.0, 0.0)	(26.0, 0.0)	(27.0, 0.0)	(28.0, 0.0)	(29.0, 0.0)	(30.0, 0.0)	(31.0, 0.0)	(32.0, 0.09090909090909091)	(33.0, 0.12316715542521994)	(34.0, 1.2381445693156772)	(35.0, 0.8641088586210537)	(36.0, 1.1630964256020386)	(37.0, 1.5852394409465718)	(38.0, 0.9676778144713923)	(39.0, 1.2394122881972929)	(40.0, 2.19600610045207)	(41.0, 2.0910569105691055)	(42.0, 0.7)	(43.0, 1.3333333333333333)	(44.0, 0.5833333333333333)	(45.0, 0.5833333333333333)	(46.0, 0.0)	(47.0, 0.0)	(48.0, 0.0)	(49.0, 0.0)	(50.0, 0.0)	(51.0, 0.0)	(52.0, 0.0)	(53.0, 0.3333333333333333)	(54.0, 0.3333333333333333)	(55.0, 0.0)	(56.0, 0.0)	(57.0, 0.0)	(58.0, 0.0)	(59.0, 0.0)	(60.0, 0.0)	(61.0, 0.0)	(62.0, 0.0)	(63.0, 0.0)	(64.0, 0.0)	(65.0, 0.5)	(66.0, 0.5)	(67.0, 0.0)	(68.0, 0.0)	(69.0, 0.0)	(70.0, 0.0)	(71.0, 0.0)	(72.0, 0.0)	(73.0, 0.0)	(74.0, 0.0)	(75.0, 0.0)	(76.0, 0.0)	(77.0, 0.0)	(78.0, 0.0)	(79.0, 0.0)	(80.0, 0.0)	(81.0, 0.0)	(82.0, 0.0)	(83.0, 0.0)	(84.0, 0.0)	(85.0, 0.0)	(86.0, 0.0)	(87.0, 0.0)	(88.0, 0.0)	(89.0, 0.0)	(90.0, 0.0)	(91.0, 0.0)	(92.0, 0.0)	(93.0, 0.0)	(94.0, 0.0)	(95.0, 0.0)	(96.0, 0.0)	(97.0, 0.0)	(98.0, 0.0)	(99.0, 0.0)	(100.0, 0.0)
FAY99780_pass_barcode08_98e12ebb_5ad7f319_119	(0.0, 0.0)	(1.0, 0.0)	(2.0, 0.0)	(3.0, 0.0)	(4.0, 0.0)	(5.0, 0.0)	(6.0, 0.0)	(7.0, 0.0)	(8.0, 0.0)	(9.0, 0.0)	(10.0, 0.0)	(11.0, 0.0)	(12.0, 0.0)	(13.0, 0.0)	(14.0, 0.0)	(15.0, 0.0)	(16.0, 0.0)	(17.0, 0.0)	(18.0, 0.0)	(19.0, 0.0)	(20.0, 0.0)	(21.0, 0.0)	(22.0, 0.0)	(23.0, 0.0)	(24.0, 0.0)	(25.0, 0.0)	(26.0, 0.0)	(27.0, 0.14285714285714285)	(28.0, 0.16666666666666666)	(29.0, 0.0)	(30.0, 0.0)	(31.0, 0.12316715542521994)	(32.0, 0.4352314352314352)	(33.0, 0.4438502673796791)	(34.0, 0.34662804515745693)	(35.0, 1.2522557507851624)	(36.0, 1.4889601533449033)	(37.0, 2.4545388229144085)	(38.0, 2.5741479974665453)	(39.0, 2.206538918069484)	(40.0, 2.5494167678975472)	(41.0, 1.040909090909091)	(42.0, 1.489544513457557)	(43.0, 0.5409090909090909)	(44.0, 0.75)	(45.0, 0.75)	(46.0, 0.0)	(47.0, 0.1)	(48.0, 0.8333333333333333)	(49.0, 0.8333333333333333)	(50.0, 0.0)	(51.0, 0.5)	(52.0, 0.5)	(53.0, 0.0)	(54.0, 0.0)	(55.0, 0.0)	(56.0, 0.0)	(57.0, 0.0)	(58.0, 0.0)	(59.0, 0.0)	(60.0, 0.0)	(61.0, 0.0)	(62.0, 0.0)	(63.0, 0.0)	(64.0, 0.0)	(65.0, 0.0)	(66.0, 0.0)	(67.0, 0.0)	(68.0, 0.0)	(69.0, 0.0)	(70.0, 0.0)	(71.0, 0.0)	(72.0, 0.0)	(73.0, 0.0)	(74.0, 0.0)	(75.0, 0.0)	(76.0, 0.0)	(77.0, 0.0)	(78.0, 0.0)	(79.0, 0.0)	(80.0, 0.0)	(81.0, 0.0)	(82.0, 0.0)	(83.0, 0.0)	(84.0, 0.0)	(85.0, 0.0)	(86.0, 0.0)	(87.0, 0.0)	(88.0, 0.0)	(89.0, 0.0)	(90.0, 0.0)	(91.0, 0.0)	(92.0, 0.0)	(93.0, 0.0)	(94.0, 0.0)	(95.0, 0.0)	(96.0, 0.0)	(97.0, 0.0)	(98.0, 0.0)	(99.0, 0.0)	(100.0, 0.0)
FAY99780_pass_barcode08_98e12ebb_5ad7f319_12	(0.0, 0.0)	(1.0, 0.0)	(2.0, 0.0)	(3.0, 0.0)	(4.0, 0.0)	(5.0, 0.0)	(6.0, 0.0)	(7.0, 0.0)	(8.0, 0.0)	(9.0, 0.0)	(10.0, 0.0)	(11.0, 0.0)	(12.0, 0.0)	(13.0, 0.0)	(14.0, 0.0)	(15.0, 0.0)	(16.0, 0.0)	(17.0, 0.0)	(18.0, 0.0)	(19.0, 0.0)	(20.0, 0.0)	(21.0, 0.0)	(22.0, 0.0)	(23.0, 0.0)	(24.0, 0.0)	(25.0, 0.0)	(26.0, 0.0)	(27.0, 0.024390243902439025)	(28.0, 0.0)	(29.0, 0.2)	(30.0, 0.0)	(31.0, 0.4260056991614654)	(32.0, 0.4541316526610644)	(33.0, 0.4704066998526698)	(34.0, 0.6292661122390228)	(35.0, 1.8281531793333625)	(36.0, 2.9408614933111643)	(37.0, 4.642894442061078)	(38.0, 5.623583258179063)	(39.0, 2.756283063108647)	(40.0, 4.392703678559583)	(41.0, 4.392559182577957)	(42.0, 3.0462635724930807)	(43.0, 2.5444444444444443)	(44.0, 2.4166666666666665)	(45.0, 1.226190476190476)	(46.0, 0.23376623376623376)	(47.0, 0.125)	(48.0, 0.09090909090909091)	(49.0, 0.5)	(50.0, 1.0)	(51.0, 1.0)	(52.0, 1.0)	(53.0, 1.0)	(54.0, 1.0)	(55.0, 0.5)	(56.0, 0.0)	(57.0, 0.0)	(58.0, 0.0)	(59.0, 0.0)	(60.0, 0.0)	(61.0, 0.0)	(62.0, 0.0)	(63.0, 0.0)	(64.0, 0.0)	(65.0, 0.0)	(66.0, 0.0)	(67.0, 0.0)	(68.0, 0.0)	(69.0, 0.0)	(70.0, 0.0)	(71.0, 0.0)	(72.0, 0.0)	(73.0, 0.0)	(74.0, 0.0)	(75.0, 0.0)	(76.0, 0.0)	(77.0, 0.0)	(78.0, 0.0)	(79.0, 0.0)	(80.0, 0.0)	(81.0, 0.0)	(82.0, 0.0)	(83.0, 0.0)	(84.0, 0.0)	(85.0, 0.0)	(86.0, 0.0)	(87.0, 0.0)	(88.0, 0.0)	(89.0, 0.0)	(90.0, 0.0)	(91.0, 0.0)	(92.0, 0.0)	(93.0, 0.0)	(94.0, 0.0)	(95.0, 0.0)	(96.0, 0.0)	(97.0, 0.0)	(98.0, 0.0)	(99.0, 0.0)	(100.0, 0.0)
FAY99780_pass_barcode08_98e12ebb_5ad7f319_120	(0.0, 0.0)	(1.0, 0.0)	(2.0, 0.0)	(3.0, 0.0)	(4.0, 0.0)	(5.0, 0.0)	(6.0, 0.0)	(7.0, 0.0)	(8.0, 0.0)	(9.0, 0.0)	(10.0, 0.0)	(11.0, 0.0)	(12.0, 0.0)	(13.0, 0.0)	(14.0, 0.0)	(15.0, 0.0)	(16.0, 0.0)	(17.0, 0.0)	(18.0, 0.0)	(19.0, 0.0)	(20.0, 0.0)	(21.0, 0.0)	(22.0, 0.0)	(23.0, 0.0)	(24.0, 0.0)	(25.0, 0.0)	(26.0, 0.0)	(27.0, 0.0)	(28.0, 0.0)	(29.0, 0.0)	(30.0, 0.0)	(31.0, 0.09090909090909091)	(32.0, 0.2)	(33.0, 0.0)	(34.0, 0.7984848484848485)	(35.0, 0.8404075599197549)	(36.0, 0.9037687120430158)	(37.0, 2.252147022999009)	(38.0, 2.0115773088371722)	(39.0, 2.342761490052156)	(40.0, 2.3324266133968092)	(41.0, 2.174092801551818)	(42.0, 0.7631313131313132)	(43.0, 0.5337301587301587)	(44.0, 1.3575757575757577)	(45.0, 1.8333333333333333)	(46.0, 2.0)	(47.0, 1.0)	(48.0, 0.7)	(49.0, 0.5)	(50.0, 0.0)	(51.0, 0.0)	(52.0, 0.0)	(53.0, 0.0)	(54.0, 0.0)	(55.0, 0.0)	(56.0, 0.0)	(57.0, 0.0)	(58.0, 0.0)	(59.0, 0.0)	(60.0, 0.0)	(61.0, 0.0)	(62.0, 0.0)	(63.0, 0.0)	(64.0, 0.0)	(65.0, 0.0)	(66.0, 0.0)	(67.0, 0.0)	(68.0, 0.0)	(69.0, 0.0)	(70.0, 0.0)	(71.0, 0.0)	(72.0, 0.0)	(73.0, 0.0)	(74.0, 0.0)	(75.0, 0.0)	(76.0, 0.0)	(77.0, 0.0)	(78.0, 0.0)	(79.0, 0.0)	(80.0, 0.0)	(81.0, 0.0)	(82.0, 0.0)	(83.0, 0.0)	(84.0, 0.0)	(85.0, 0.0)	(86.0, 0.0)	(87.0, 0.0)	(88.0, 0.0)	(89.0, 0.0)	(90.0, 0.0)	(91.0, 0.0)	(92.0, 0.0)	(93.0, 0.0)	(94.0, 0.0)	(95.0, 0.0)	(96.0, 0.0)	(97.0, 0.0)	(98.0, 0.0)	(99.0, 0.0)	(100.0, 0.0)
FAY99780_pass_barcode08_98e12ebb_5ad7f319_121	(0.0, 0.0)	(1.0, 0.0)	(2.0, 0.0)	(3.0, 0.0)	(4.0, 0.0)	(5.0, 0.0)	(6.0, 0.0)	(7.0, 0.0)	(8.0, 0.0)	(9.0, 0.0)	(10.0, 0.0)	(11.0, 0.0)	(12.0, 0.0)	(13.0, 0.0)	(14.0, 0.0)	(15.0, 0.0)	(16.0, 0.0)	(17.0, 0.0)	(18.0, 0.0)	(19.0, 0.0)	(20.0, 0.0)	(21.0, 0.0)	(22.0, 0.0)	(23.0, 0.0)	(24.0, 0.0)	(25.0, 0.0)	(26.0, 0.0)	(27.0, 0.0)	(28.0, 0.0)	(29.0, 0.03225806451612903)	(30.0, 0.0)	(31.0, 0.03225806451612903)	(32.0, 0.03225806451612903)	(33.0, 0.4112554112554112)	(34.0, 0.7728424801005448)	(35.0, 0.43745286971093417)	(36.0, 1.0882105906696071)	(37.0, 1.1982024131360007)	(38.0, 1.9458472984174324)	(39.0, 2.182364002591768)	(40.0, 3.561168677658039)	(41.0, 2.4780338225460175)	(42.0, 2.357142857142857)	(43.0, 1.799242424242424)	(44.0, 1.508448540706605)	(45.0, 0.5)	(46.0, 0.0)	(47.0, 0.0)	(48.0, 0.5)	(49.0, 1.0)	(50.0, 0.5)	(51.0, 0.0)	(52.0, 0.0)	(53.0, 0.0)	(54.0, 0.0)	(55.0, 0.0)	(56.0, 0.0)	(57.0, 0.0)	(58.0, 0.0)	(59.0, 0.0)	(60.0, 0.0)	(61.0, 0.0)	(62.0, 0.0)	(63.0, 0.0)	(64.0, 0.0)	(65.0, 0.0)	(66.0, 0.0)	(67.0, 0.0)	(68.0, 0.0)	(69.0, 0.0)	(70.0, 0.0)	(71.0, 0.0)	(72.0, 0.0)	(73.0, 0.0)	(74.0, 0.0)	(75.0, 0.0)	(76.0, 0.0)	(77.0, 0.0)	(78.0, 0.0)	(79.0, 0.0)	(80.0, 0.0)	(81.0, 0.0)	(82.0, 0.0)	(83.0, 0.0)	(84.0, 0.0)	(85.0, 0.0)	(86.0, 0.0)	(87.0, 0.0)	(88.0, 0.0)	(89.0, 0.0)	(90.0, 0.0)	(91.0, 0.0)	(92.0, 0.0)	(93.0, 0.0)	(94.0, 0.0)	(95.0, 0.0)	(96.0, 0.0)	(97.0, 0.0)	(98.0, 0.0)	(99.0, 0.0)	(100.0, 0.0)
FAY99780_pass_barcode08_98e12ebb_5ad7f319_122	(0.0, 0.0)	(1.0, 0.0)	(2.0, 0.0)	(3.0, 0.0)	(4.0, 0.0)	(5.0, 0.0)	(6.0, 0.0)	(7.0, 0.0)	(8.0, 0.0)	(9.0, 0.0)	(10.0, 0.0)	(11.0, 0.0)	(12.0, 0.0)	(13.0, 0.0)	(14.0, 0.0)	(15.0, 0.0)	(16.0, 0.0)	(17.0, 0.0)	(18.0, 0.0)	(19.0, 0.0)	(20.0, 0.0)	(21.0, 0.0)	(22.0, 0.0)	(23.0, 0.0)	(24.0, 0.0)	(25.0, 0.0)	(26.0, 0.0)	(27.0, 0.047619047619047616)	(28.0, 0.0)	(29.0, 0.0)	(30.0, 0.0)	(31.0, 0.09090909090909091)	(32.0, 0.5)	(33.0, 0.8569333891914538)	(34.0, 0.5442831678125796)	(35.0, 0.6468197413565584)	(36.0, 0.8321761644342288)	(37.0, 1.5647490331490026)	(38.0, 0.8139017117217119)	(39.0, 1.185462082461159)	(40.0, 0.9632034632034632)	(41.0, 0.6902427637721754)	(42.0, 0.09090909090909091)	(43.0, 0.9444444444444444)	(44.0, 1.0)	(45.0, 0.8577235772357723)	(46.0, 0.5)	(47.0, 0.5)	(48.0, 0.09090909090909091)	(49.0, 0.0)	(50.0, 0.0)	(51.0, 0.625)	(52.0, 0.5909090909090909)	(53.0, 0.0)	(54.0, 0.0)	(55.0, 0.0)	(56.0, 0.0)	(57.0, 0.0)	(58.0, 0.0)	(59.0, 0.0)	(60.0, 0.0)	(61.0, 0.0)	(62.0, 0.0)	(63.0, 0.0)	(64.0, 0.0)	(65.0, 0.0)	(66.0, 0.0)	(67.0, 0.0)	(68.0, 0.0)	(69.0, 0.0)	(70.0, 0.0)	(71.0, 0.0)	(72.0, 0.0)	(73.0, 0.0)	(74.0, 0.0)	(75.0, 0.0)	(76.0, 0.0)	(77.0, 0.0)	(78.0, 0.0)	(79.0, 0.0)	(80.0, 0.0)	(81.0, 0.0)	(82.0, 0.0)	(83.0, 0.0)	(84.0, 0.0)	(85.0, 0.0)	(86.0, 0.0)	(87.0, 0.0)	(88.0, 0.0)	(89.0, 0.0)	(90.0, 0.0)	(91.0, 0.0)	(92.0, 0.0)	(93.0, 0.0)	(94.0, 0.0)	(95.0, 0.0)	(96.0, 0.0)	(97.0, 0.0)	(98.0, 0.0)	(99.0, 0.0)	(100.0, 0.0)
FAY99780_pass_barcode08_98e12ebb_5ad7f319_123	(0.0, 0.0)	(1.0, 0.0)	(2.0, 0.0)	(3.0, 0.0)	(4.0, 0.0)	(5.0, 0.0)	(6.0, 0.0)	(7.0, 0.0)	(8.0, 0.0)	(9.0, 0.0)	(10.0, 0.0)	(11.0, 0.0)	(12.0, 0.0)	(13.0, 0.0)	(14.0, 0.0)	(15.0, 0.0)	(16.0, 0.0)	(17.0, 0.0)	(18.0, 0.0)	(19.0, 0.0)	(20.0, 0.0)	(21.0, 0.0)	(22.0, 0.0)	(23.0, 0.0)	(24.0, 0.0)	(25.0, 0.0)	(26.0, 0.0)	(27.0, 0.0)	(28.0, 0.047619047619047616)	(29.0, 0.16666666666666666)	(30.0, 0.0)	(31.0, 0.2976190476190476)	(32.0, 0.047619047619047616)	(33.0, 0.0)	(34.0, 0.18627450980392157)	(35.0, 0.39578560961751247)	(36.0, 0.5818181818181818)	(37.0, 2.07770598031297)	(38.0, 2.654510479646444)	(39.0, 2.0745499202916236)	(40.0, 3.1577957273079225)	(41.0, 2.7203463203463203)	(42.0, 1.2)	(43.0, 0.3611111111111111)	(44.0, 0.09090909090909091)	(45.0, 0.18181818181818182)	(46.0, 0.0)	(47.0, 0.2)	(48.0, 0.16666666666666666)	(49.0, 0.0)	(50.0, 0.5)	(51.0, 0.5)	(52.0, 0.0)	(53.0, 0.0)	(54.0, 0.0)	(55.0, 0.0)	(56.0, 0.0)	(57.0, 0.0)	(58.0, 0.0)	(59.0, 0.0)	(60.0, 0.0)	(61.0, 0.0)	(62.0, 0.0)	(63.0, 0.0)	(64.0, 0.0)	(65.0, 0.0)	(66.0, 0.0)	(67.0, 0.0)	(68.0, 0.0)	(69.0, 0.0)	(70.0, 0.0)	(71.0, 0.0)	(72.0, 0.0)	(73.0, 0.0)	(74.0, 0.0)	(75.0, 0.0)	(76.0, 0.0)	(77.0, 0.0)	(78.0, 0.0)	(79.0, 0.0)	(80.0, 0.0)	(81.0, 0.0)	(82.0, 0.0)	(83.0, 0.0)	(84.0, 0.0)	(85.0, 0.0)	(86.0, 0.0)	(87.0, 0.0)	(88.0, 0.0)	(89.0, 0.0)	(90.0, 0.0)	(91.0, 0.0)	(92.0, 0.0)	(93.0, 0.0)	(94.0, 0.0)	(95.0, 0.0)	(96.0, 0.0)	(97.0, 0.0)	(98.0, 0.0)	(99.0, 0.0)	(100.0, 0.0)
FAY99780_pass_barcode08_98e12ebb_5ad7f319_124	(0.0, 0.0)	(1.0, 0.0)	(2.0, 0.0)	(3.0, 0.0)	(4.0, 0.0)	(5.0, 0.0)	(6.0, 0.0)	(7.0, 0.0)	(8.0, 0.0)	(9.0, 0.0)	(10.0, 0.0)	(11.0, 0.0)	(12.0, 0.0)	(13.0, 0.0)	(14.0, 0.0)	(15.0, 0.0)	(16.0, 0.0)	(17.0, 0.5)	(18.0, 1.0)	(19.0, 1.0)	(20.0, 1.0)	(21.0, 1.0)	(22.0, 1.0)	(23.0, 1.0)	(24.0, 1.0)	(25.0, 1.0)	(26.0, 1.0)	(27.0, 1.0)	(28.0, 1.0)	(29.0, 1.0909090909090908)	(30.0, 1.157258064516129)	(31.0, 1.3068181818181819)	(32.0, 1.1751152073732718)	(33.0, 1.452020202020202)	(34.0, 1.878968253968254)	(35.0, 1.7341094336650904)	(36.0, 3.1345316451550187)	(37.0, 2.6098216139179637)	(38.0, 2.1429767507717834)	(39.0, 2.770791388974608)	(40.0, 2.0816927774344807)	(41.0, 1.982739156268568)	(42.0, 1.9976190476190476)	(43.0, 1.45)	(44.0, 1.6666666666666665)	(45.0, 1.3333333333333333)	(46.0, 1.25)	(47.0, 1.25)	(48.0, 1.0)	(49.0, 1.1111111111111112)	(50.0, 0.8611111111111112)	(51.0, 0.0)	(52.0, 0.0)	(53.0, 0.0)	(54.0, 0.0)	(55.0, 0.0)	(56.0, 0.0)	(57.0, 0.0)	(58.0, 0.0)	(59.0, 0.0)	(60.0, 0.0)	(61.0, 0.0)	(62.0, 0.0)	(63.0, 0.0)	(64.0, 0.0)	(65.0, 0.0)	(66.0, 0.0)	(67.0, 0.0)	(68.0, 0.0)	(69.0, 0.0)	(70.0, 0.0)	(71.0, 0.0)	(72.0, 0.0)	(73.0, 0.0)	(74.0, 0.0)	(75.0, 0.0)	(76.0, 0.0)	(77.0, 0.0)	(78.0, 0.0)	(79.0, 0.0)	(80.0, 0.0)	(81.0, 0.0)	(82.0, 0.0)	(83.0, 0.0)	(84.0, 0.0)	(85.0, 0.0)	(86.0, 0.0)	(87.0, 0.0)	(88.0, 0.0)	(89.0, 0.0)	(90.0, 0.0)	(91.0, 0.0)	(92.0, 0.0)	(93.0, 0.0)	(94.0, 0.0)	(95.0, 0.0)	(96.0, 0.0)	(97.0, 0.0)	(98.0, 0.0)	(99.0, 0.0)	(100.0, 0.0)
FAY99780_pass_barcode08_98e12ebb_5ad7f319_125	(0.0, 0.0)	(1.0, 0.0)	(2.0, 0.0)	(3.0, 0.0)	(4.0, 0.0)	(5.0, 0.0)	(6.0, 0.0)	(7.0, 0.0)	(8.0, 0.0)	(9.0, 0.0)	(10.0, 0.0)	(11.0, 0.0)	(12.0, 0.0)	(13.0, 0.0)	(14.0, 0.0)	(15.0, 0.0)	(16.0, 0.0)	(17.0, 0.0)	(18.0, 0.0)	(19.0, 0.0)	(20.0, 0.0)	(21.0, 0.0)	(22.0, 0.0)	(23.0, 0.0)	(24.0, 0.0)	(25.0, 0.0)	(26.0, 0.0)	(27.0, 0.0)	(28.0, 0.0)	(29.0, 0.0)	(30.0, 0.0)	(31.0, 0.0)	(32.0, 0.24761904761904763)	(33.0, 0.47186147186147187)	(34.0, 0.9240786240786241)	(35.0, 0.6975371475371476)	(36.0, 1.897906482411747)	(37.0, 1.5706945563139405)	(38.0, 2.043404293211328)	(39.0, 3.1067312556405033)	(40.0, 4.939421868454127)	(41.0, 2.1212121212121207)	(42.0, 1.175)	(43.0, 0.8484848484848484)	(44.0, 1.25)	(45.0, 1.5833333333333333)	(46.0, 0.3333333333333333)	(47.0, 0.375)	(48.0, 0.3333333333333333)	(49.0, 0.047619047619047616)	(50.0, 0.0)	(51.0, 0.0)	(52.0, 0.0)	(53.0, 0.0)	(54.0, 0.0)	(55.0, 0.0)	(56.0, 0.0)	(57.0, 0.0)	(58.0, 0.0)	(59.0, 0.0)	(60.0, 0.0)	(61.0, 0.0)	(62.0, 0.0)	(63.0, 0.0)	(64.0, 0.0)	(65.0, 0.0)	(66.0, 0.0)	(67.0, 0.0)	(68.0, 0.0)	(69.0, 0.0)	(70.0, 0.0)	(71.0, 0.0)	(72.0, 0.0)	(73.0, 0.5)	(74.0, 0.5)	(75.0, 0.0)	(76.0, 0.0)	(77.0, 0.0)	(78.0, 0.0)	(79.0, 0.0)	(80.0, 0.0)	(81.0, 0.0)	(82.0, 0.0)	(83.0, 0.0)	(84.0, 0.0)	(85.0, 0.0)	(86.0, 0.0)	(87.0, 0.0)	(88.0, 0.0)	(89.0, 0.0)	(90.0, 0.0)	(91.0, 0.0)	(92.0, 0.0)	(93.0, 0.0)	(94.0, 0.0)	(95.0, 0.0)	(96.0, 0.0)	(97.0, 0.0)	(98.0, 0.0)	(99.0, 0.0)	(100.0, 0.0)
FAY99780_pass_barcode08_98e12ebb_5ad7f319_126	(0.0, 0.0)	(1.0, 0.0)	(2.0, 0.0)	(3.0, 0.0)	(4.0, 0.0)	(5.0, 0.0)	(6.0, 0.0)	(7.0, 0.0)	(8.0, 0.0)	(9.0, 0.0)	(10.0, 0.0)	(11.0, 0.0)	(12.0, 0.0)	(13.0, 0.0)	(14.0, 0.0)	(15.0, 0.0)	(16.0, 0.0)	(17.0, 0.0)	(18.0, 0.0)	(19.0, 0.0)	(20.0, 0.0)	(21.0, 0.0)	(22.0, 0.0)	(23.0, 0.0)	(24.0, 0.0)	(25.0, 0.0)	(26.0, 0.3333333333333333)	(27.0, 0.0)	(28.0, 0.0)	(29.0, 0.09090909090909091)	(30.0, 0.03225806451612903)	(31.0, 0.0)	(32.0, 0.3068181818181818)	(33.0, 0.10516519525164185)	(34.0, 0.5564574314574315)	(35.0, 1.1298806316508911)	(36.0, 1.121778717273513)	(37.0, 0.845283083631219)	(38.0, 1.1665617980222183)	(39.0, 1.2134349123596435)	(40.0, 0.8598624493785785)	(41.0, 2.6614618672493435)	(42.0, 1.9410569105691056)	(43.0, 1.00990099009901)	(44.0, 0.0)	(45.0, 1.0)	(46.0, 1.25)	(47.0, 0.3333333333333333)	(48.0, 0.0)	(49.0, 0.75)	(50.0, 0.5)	(51.0, 0.5)	(52.0, 1.5)	(53.0, 1.0)	(54.0, 0.0)	(55.0, 0.0)	(56.0, 0.5)	(57.0, 0.5)	(58.0, 0.0)	(59.0, 0.0)	(60.0, 0.0)	(61.0, 0.0)	(62.0, 0.0)	(63.0, 0.0)	(64.0, 0.0)	(65.0, 0.0)	(66.0, 0.0)	(67.0, 0.0)	(68.0, 0.0)	(69.0, 0.0)	(70.0, 0.0)	(71.0, 0.0)	(72.0, 0.0)	(73.0, 0.0)	(74.0, 0.0)	(75.0, 0.0)	(76.0, 0.0)	(77.0, 0.0)	(78.0, 0.0)	(79.0, 0.0)	(80.0, 0.0)	(81.0, 0.0)	(82.0, 0.0)	(83.0, 0.0)	(84.0, 0.0)	(85.0, 0.0)	(86.0, 0.0)	(87.0, 0.0)	(88.0, 0.0)	(89.0, 0.0)	(90.0, 0.0)	(91.0, 0.0)	(92.0, 0.0)	(93.0, 0.0)	(94.0, 0.0)	(95.0, 0.0)	(96.0, 0.0)	(97.0, 0.0)	(98.0, 0.0)	(99.0, 0.0)	(100.0, 0.0)
FAY99780_pass_barcode08_98e12ebb_5ad7f319_127	(0.0, 1.0)	(1.0, 1.0)	(2.0, 1.0)	(3.0, 1.0)	(4.0, 1.0)	(5.0, 1.0)	(6.0, 1.0)	(7.0, 1.0)	(8.0, 1.0)	(9.0, 1.0)	(10.0, 1.0)	(11.0, 1.0)	(12.0, 1.0)	(13.0, 1.0)	(14.0, 1.0)	(15.0, 1.0)	(16.0, 1.0)	(17.0, 1.0)	(18.0, 1.0)	(19.0, 1.0)	(20.0, 1.0)	(21.0, 1.0)	(22.0, 1.0)	(23.0, 1.0)	(24.0, 1.0)	(25.0, 1.0)	(26.0, 1.0)	(27.0, 1.0)	(28.0, 1.0)	(29.0, 1.0)	(30.0, 1.0)	(31.0, 1.0)	(32.0, 1.1666666666666667)	(33.0, 1.1666666666666667)	(34.0, 1.0275055086999467)	(35.0, 1.5216846161968112)	(36.0, 1.7536907484135937)	(37.0, 2.491458092235025)	(38.0, 1.9541916864497508)	(39.0, 3.4695833793601705)	(40.0, 4.362886104766721)	(41.0, 3.8860424805546754)	(42.0, 3.121366923137183)	(43.0, 2.2140845070422532)	(44.0, 2.090909090909091)	(45.0, 2.415909090909091)	(46.0, 2.2)	(47.0, 2.0)	(48.0, 1.5)	(49.0, 1.0909090909090908)	(50.0, 0.5)	(51.0, 0.0)	(52.0, 0.0)	(53.0, 0.5)	(54.0, 0.5)	(55.0, 0.0)	(56.0, 0.0)	(57.0, 0.0)	(58.0, 0.0)	(59.0, 0.0)	(60.0, 0.0)	(61.0, 0.0)	(62.0, 0.0)	(63.0, 0.0)	(64.0, 0.0)	(65.0, 0.0)	(66.0, 0.0)	(67.0, 0.0)	(68.0, 0.0)	(69.0, 0.0)	(70.0, 0.0)	(71.0, 0.0)	(72.0, 0.0)	(73.0, 0.0)	(74.0, 0.0)	(75.0, 0.0)	(76.0, 0.0)	(77.0, 0.0)	(78.0, 0.0)	(79.0, 0.0)	(80.0, 0.0)	(81.0, 0.0)	(82.0, 0.0)	(83.0, 0.0)	(84.0, 0.0)	(85.0, 0.0)	(86.0, 0.0)	(87.0, 0.0)	(88.0, 0.0)	(89.0, 0.0)	(90.0, 0.0)	(91.0, 0.0)	(92.0, 0.0)	(93.0, 0.0)	(94.0, 0.0)	(95.0, 0.0)	(96.0, 0.0)	(97.0, 0.0)	(98.0, 0.0)	(99.0, 0.0)	(100.0, 0.0)
FAY99780_pass_barcode08_98e12ebb_5ad7f319_128	(0.0, 0.0)	(1.0, 0.0)	(2.0, 0.0)	(3.0, 0.0)	(4.0, 0.0)	(5.0, 0.0)	(6.0, 0.0)	(7.0, 0.0)	(8.0, 0.0)	(9.0, 0.0)	(10.0, 0.0)	(11.0, 0.0)	(12.0, 0.0)	(13.0, 0.0)	(14.0, 0.0)	(15.0, 0.0)	(16.0, 0.0)	(17.0, 0.0)	(18.0, 0.0)	(19.0, 0.0)	(20.0, 0.0)	(21.0, 0.0)	(22.0, 0.0)	(23.0, 0.0)	(24.0, 0.0)	(25.0, 0.0)	(26.0, 0.0)	(27.0, 0.0)	(28.0, 0.0)	(29.0, 0.0196078431372549)	(30.0, 0.6818181818181819)	(31.0, 1.0)	(32.0, 0.5)	(33.0, 0.17048166067773912)	(34.0, 0.009900990099009901)	(35.0, 0.3620884929024464)	(36.0, 0.7314904945360353)	(37.0, 1.493822815946195)	(38.0, 1.9436423769315236)	(39.0, 1.7411973922651323)	(40.0, 2.4564505387086033)	(41.0, 2.037012987012987)	(42.0, 1.0833333333333333)	(43.0, 0.0)	(44.0, 0.0)	(45.0, 0.23225806451612904)	(46.0, 0.0)	(47.0, 0.1111111111111111)	(48.0, 0.5)	(49.0, 0.5)	(50.0, 0.0)	(51.0, 0.0)	(52.0, 0.0)	(53.0, 0.0)	(54.0, 0.0)	(55.0, 0.0)	(56.0, 0.0)	(57.0, 0.0)	(58.0, 0.0)	(59.0, 0.0)	(60.0, 0.0)	(61.0, 0.0)	(62.0, 0.0)	(63.0, 0.0)	(64.0, 0.0)	(65.0, 0.0)	(66.0, 0.0)	(67.0, 0.0)	(68.0, 0.0)	(69.0, 0.0)	(70.0, 0.0)	(71.0, 0.0)	(72.0, 0.0)	(73.0, 0.0)	(74.0, 0.0)	(75.0, 0.0)	(76.0, 0.0)	(77.0, 0.0)	(78.0, 0.0)	(79.0, 0.0)	(80.0, 0.0)	(81.0, 0.0)	(82.0, 0.0)	(83.0, 0.0)	(84.0, 0.0)	(85.0, 0.0)	(86.0, 0.0)	(87.0, 0.0)	(88.0, 0.0)	(89.0, 0.0)	(90.0, 0.0)	(91.0, 0.0)	(92.0, 0.0)	(93.0, 0.0)	(94.0, 0.0)	(95.0, 0.0)	(96.0, 0.0)	(97.0, 0.0)	(98.0, 0.0)	(99.0, 0.0)	(100.0, 0.0)
FAY99780_pass_barcode08_98e12ebb_5ad7f319_129	(0.0, 1.0)	(1.0, 1.0)	(2.0, 1.0)	(3.0, 1.0)	(4.0, 1.0)	(5.0, 1.0)	(6.0, 1.0)	(7.0, 1.0)	(8.0, 1.0)	(9.0, 1.0)	(10.0, 0.5)	(11.0, 0.0)	(12.0, 0.0)	(13.0, 0.0)	(14.0, 0.0)	(15.0, 0.0)	(16.0, 0.0)	(17.0, 0.0)	(18.0, 0.0)	(19.0, 0.0)	(20.0, 0.0)	(21.0, 0.0)	(22.0, 0.0)	(23.0, 0.0)	(24.0, 0.0)	(25.0, 0.0)	(26.0, 0.0)	(27.0, 0.0)	(28.0, 0.0)	(29.0, 0.0196078431372549)	(30.0, 0.024390243902439025)	(31.0, 0.0)	(32.0, 0.34090909090909094)	(33.0, 0.4861111111111111)	(34.0, 0.6877705627705627)	(35.0, 2.2512313299134137)	(36.0, 2.6543682705616654)	(37.0, 2.1359947315027417)	(38.0, 1.0434417455551714)	(39.0, 1.3603757605915714)	(40.0, 1.156660165147738)	(41.0, 2.4736408867671185)	(42.0, 1.9837662337662336)	(43.0, 1.317099567099567)	(44.0, 1.3333333333333333)	(45.0, 1.45)	(46.0, 1.0833333333333333)	(47.0, 0.9166666666666665)	(48.0, 0.3333333333333333)	(49.0, 0.0)	(50.0, 0.5)	(51.0, 0.5)	(52.0, 0.5)	(53.0, 0.5)	(54.0, 0.0)	(55.0, 0.0)	(56.0, 0.0)	(57.0, 0.0)	(58.0, 0.0)	(59.0, 0.0)	(60.0, 0.0)	(61.0, 0.0)	(62.0, 0.0)	(63.0, 0.0)	(64.0, 0.0)	(65.0, 0.0)	(66.0, 0.0)	(67.0, 0.0)	(68.0, 0.0)	(69.0, 0.0)	(70.0, 0.0)	(71.0, 0.0)	(72.0, 0.0)	(73.0, 0.0)	(74.0, 0.0)	(75.0, 0.0)	(76.0, 0.0)	(77.0, 0.0)	(78.0, 0.0)	(79.0, 0.0)	(80.0, 0.0)	(81.0, 0.0)	(82.0, 0.0)	(83.0, 0.0)	(84.0, 0.0)	(85.0, 0.0)	(86.0, 0.0)	(87.0, 0.0)	(88.0, 0.0)	(89.0, 0.0)	(90.0, 0.0)	(91.0, 0.0)	(92.0, 0.0)	(93.0, 0.0)	(94.0, 0.0)	(95.0, 0.0)	(96.0, 0.0)	(97.0, 0.0)	(98.0, 0.0)	(99.0, 0.0)	(100.0, 0.0)
FAY99780_pass_barcode08_98e12ebb_5ad7f319_13	(0.0, 0.0)	(1.0, 0.0)	(2.0, 0.0)	(3.0, 0.0)	(4.0, 0.0)	(5.0, 0.0)	(6.0, 0.0)	(7.0, 0.0)	(8.0, 0.0)	(9.0, 0.0)	(10.0, 0.0)	(11.0, 0.0)	(12.0, 0.0)	(13.0, 0.5)	(14.0, 1.0)	(15.0, 1.0)	(16.0, 1.0)	(17.0, 1.0)	(18.0, 1.0)	(19.0, 1.0)	(20.0, 1.0)	(21.0, 1.0)	(22.0, 1.0)	(23.0, 1.0)	(24.0, 1.0)	(25.0, 1.0)	(26.0, 1.0)	(27.0, 1.0)	(28.0, 1.5)	(29.0, 1.690909090909091)	(30.0, 1.4675324675324672)	(31.0, 1.125)	(32.0, 1.406205654649638)	(33.0, 1.7535936285936282)	(34.0, 2.4954545454545447)	(35.0, 2.803809532536964)	(36.0, 3.4184541405196978)	(37.0, 3.654755083216)	(38.0, 5.7337250844487615)	(39.0, 5.070877523366778)	(40.0, 2.704663650681169)	(41.0, 2.2645371762194193)	(42.0, 2.7822510822510815)	(43.0, 4.1761904761904765)	(44.0, 4.042857142857143)	(45.0, 1.817099567099567)	(46.0, 1.4166666666666665)	(47.0, 1.0833333333333333)	(48.0, 0.5)	(49.0, 0.5)	(50.0, 0.0)	(51.0, 0.0)	(52.0, 0.3333333333333333)	(53.0, 0.0)	(54.0, 0.0)	(55.0, 0.0)	(56.0, 0.5)	(57.0, 0.5)	(58.0, 0.0)	(59.0, 0.0)	(60.0, 0.0)	(61.0, 0.0)	(62.0, 0.0)	(63.0, 0.0)	(64.0, 0.0)	(65.0, 0.0)	(66.0, 0.0)	(67.0, 0.0)	(68.0, 0.0)	(69.0, 0.0)	(70.0, 0.0)	(71.0, 0.0)	(72.0, 0.0)	(73.0, 0.0)	(74.0, 0.0)	(75.0, 0.0)	(76.0, 0.0)	(77.0, 0.0)	(78.0, 0.0)	(79.0, 0.0)	(80.0, 0.0)	(81.0, 0.0)	(82.0, 0.0)	(83.0, 0.0)	(84.0, 0.0)	(85.0, 0.0)	(86.0, 0.0)	(87.0, 0.0)	(88.0, 0.0)	(89.0, 0.0)	(90.0, 0.0)	(91.0, 0.0)	(92.0, 0.0)	(93.0, 0.0)	(94.0, 0.0)	(95.0, 0.0)	(96.0, 0.0)	(97.0, 0.0)	(98.0, 0.0)	(99.0, 0.0)	(100.0, 0.0)
FAY99780_pass_barcode08_98e12ebb_5ad7f319_130	(0.0, 0.0)	(1.0, 0.0)	(2.0, 0.0)	(3.0, 0.0)	(4.0, 0.0)	(5.0, 0.0)	(6.0, 0.0)	(7.0, 0.0)	(8.0, 0.0)	(9.0, 0.0)	(10.0, 0.0)	(11.0, 0.0)	(12.0, 0.0)	(13.0, 0.0)	(14.0, 0.0)	(15.0, 0.0)	(16.0, 0.0)	(17.0, 0.0)	(18.0, 0.0)	(19.0, 0.0)	(20.0, 0.0)	(21.0, 0.0)	(22.0, 0.0)	(23.0, 0.0)	(24.0, 0.0)	(25.0, 0.0)	(26.0, 0.0)	(27.0, 0.0)	(28.0, 0.0)	(29.0, 0.0)	(30.0, 0.0)	(31.0, 0.0196078431372549)	(32.0, 0.6692242114236999)	(33.0, 0.16395084195060977)	(34.0, 0.6026043848624494)	(35.0, 0.3028574905555231)	(36.0, 1.2645294283810333)	(37.0, 1.6108547790687158)	(38.0, 0.9642682276575844)	(39.0, 2.135343757324686)	(40.0, 1.4663168996221982)	(41.0, 0.9734848484848484)	(42.0, 1.6666666666666665)	(43.0, 0.9242424242424243)	(44.0, 0.4242424242424242)	(45.0, 0.6807511737089201)	(46.0, 0.3333333333333333)	(47.0, 0.0)	(48.0, 0.0)	(49.0, 0.0)	(50.0, 0.0)	(51.0, 0.3333333333333333)	(52.0, 0.0)	(53.0, 0.0)	(54.0, 0.0)	(55.0, 0.0)	(56.0, 0.0)	(57.0, 0.0)	(58.0, 0.0)	(59.0, 0.0)	(60.0, 0.0)	(61.0, 0.0)	(62.0, 0.0)	(63.0, 0.0)	(64.0, 0.0)	(65.0, 0.0)	(66.0, 0.0)	(67.0, 0.0)	(68.0, 0.0)	(69.0, 0.0)	(70.0, 0.0)	(71.0, 0.0)	(72.0, 0.0)	(73.0, 0.0)	(74.0, 0.0)	(75.0, 0.0)	(76.0, 0.0)	(77.0, 0.0)	(78.0, 0.0)	(79.0, 0.0)	(80.0, 0.0)	(81.0, 0.0)	(82.0, 0.0)	(83.0, 0.0)	(84.0, 0.0)	(85.0, 0.0)	(86.0, 0.0)	(87.0, 0.0)	(88.0, 0.0)	(89.0, 0.0)	(90.0, 0.0)	(91.0, 0.0)	(92.0, 0.0)	(93.0, 0.0)	(94.0, 0.0)	(95.0, 0.0)	(96.0, 0.0)	(97.0, 0.0)	(98.0, 0.0)	(99.0, 0.0)	(100.0, 0.0)
FAY99780_pass_barcode08_98e12ebb_5ad7f319_131	(0.0, 0.0)	(1.0, 0.0)	(2.0, 0.0)	(3.0, 0.0)	(4.0, 0.0)	(5.0, 0.0)	(6.0, 0.0)	(7.0, 0.0)	(8.0, 0.0)	(9.0, 0.0)	(10.0, 0.0)	(11.0, 0.0)	(12.0, 0.0)	(13.0, 0.0)	(14.0, 0.0)	(15.0, 0.0)	(16.0, 0.0)	(17.0, 0.0)	(18.0, 0.0)	(19.0, 0.0)	(20.0, 0.0)	(21.0, 0.0)	(22.0, 0.0)	(23.0, 0.0)	(24.0, 0.0)	(25.0, 0.0)	(26.0, 0.0)	(27.0, 0.0)	(28.0, 0.0)	(29.0, 0.0)	(30.0, 0.09090909090909091)	(31.0, 0.25)	(32.0, 0.5833333333333333)	(33.0, 0.6242424242424243)	(34.0, 0.6623376623376624)	(35.0, 0.7396364704239468)	(36.0, 0.7066413261535214)	(37.0, 0.9032006842668896)	(38.0, 0.4535225541993251)	(39.0, 1.2617971078482757)	(40.0, 0.8177628822790113)	(41.0, 1.0694805194805195)	(42.0, 1.807142857142857)	(43.0, 0.9242424242424242)	(44.0, 0.0)	(45.0, 0.0)	(46.0, 0.0)	(47.0, 0.0)	(48.0, 0.3333333333333333)	(49.0, 0.5333333333333333)	(50.0, 0.0)	(51.0, 0.0)	(52.0, 0.0)	(53.0, 0.16666666666666666)	(54.0, 0.0)	(55.0, 0.0)	(56.0, 0.0)	(57.0, 0.0)	(58.0, 0.0)	(59.0, 0.0)	(60.0, 0.0)	(61.0, 0.0)	(62.0, 0.0)	(63.0, 0.0)	(64.0, 0.0)	(65.0, 0.0)	(66.0, 0.0)	(67.0, 0.0)	(68.0, 0.0)	(69.0, 0.0)	(70.0, 0.0)	(71.0, 0.0)	(72.0, 0.0)	(73.0, 0.0)	(74.0, 0.0)	(75.0, 0.0)	(76.0, 0.0)	(77.0, 0.0)	(78.0, 0.0)	(79.0, 0.0)	(80.0, 0.0)	(81.0, 0.0)	(82.0, 0.0)	(83.0, 0.0)	(84.0, 0.0)	(85.0, 0.0)	(86.0, 0.0)	(87.0, 0.0)	(88.0, 0.0)	(89.0, 0.0)	(90.0, 0.0)	(91.0, 0.0)	(92.0, 0.0)	(93.0, 0.0)	(94.0, 0.0)	(95.0, 0.0)	(96.0, 0.0)	(97.0, 0.0)	(98.0, 0.0)	(99.0, 0.0)	(100.0, 0.0)
FAY99780_pass_barcode08_98e12ebb_5ad7f319_132	(0.0, 0.0)	(1.0, 0.0)	(2.0, 0.0)	(3.0, 0.0)	(4.0, 0.0)	(5.0, 0.0)	(6.0, 0.0)	(7.0, 0.0)	(8.0, 0.0)	(9.0, 0.0)	(10.0, 0.0)	(11.0, 0.0)	(12.0, 0.0)	(13.0, 0.0)	(14.0, 0.0)	(15.0, 0.0)	(16.0, 0.0)	(17.0, 0.0)	(18.0, 0.0)	(19.0, 0.0)	(20.0, 0.0)	(21.0, 0.0)	(22.0, 0.0)	(23.0, 0.0)	(24.0, 0.0)	(25.0, 0.0)	(26.0, 0.0)	(27.0, 0.5)	(28.0, 1.0)	(29.0, 1.0)	(30.0, 1.0)	(31.0, 0.5)	(32.0, 0.07073281546082158)	(33.0, 0.6385281385281386)	(34.0, 0.702020202020202)	(35.0, 0.7551296941540844)	(36.0, 0.7067083564672764)	(37.0, 1.0031539930855577)	(38.0, 1.4652132099959734)	(39.0, 2.407953991982316)	(40.0, 1.6663059163059164)	(41.0, 1.0909090909090908)	(42.0, 0.9492424242424242)	(43.0, 0.5)	(44.0, 1.0)	(45.0, 1.8333333333333333)	(46.0, 1.8333333333333333)	(47.0, 0.8333333333333333)	(48.0, 1.125)	(49.0, 0.0)	(50.0, 0.0)	(51.0, 0.5)	(52.0, 0.5)	(53.0, 0.0)	(54.0, 0.0)	(55.0, 0.0)	(56.0, 0.0)	(57.0, 0.0)	(58.0, 0.0)	(59.0, 0.0)	(60.0, 0.0)	(61.0, 0.0)	(62.0, 0.0)	(63.0, 0.0)	(64.0, 0.0)	(65.0, 0.0)	(66.0, 0.0)	(67.0, 0.0)	(68.0, 0.0)	(69.0, 0.0)	(70.0, 0.0)	(71.0, 0.0)	(72.0, 0.0)	(73.0, 0.0)	(74.0, 0.0)	(75.0, 0.0)	(76.0, 0.0)	(77.0, 0.0)	(78.0, 0.0)	(79.0, 0.0)	(80.0, 0.0)	(81.0, 0.0)	(82.0, 0.0)	(83.0, 0.0)	(84.0, 0.0)	(85.0, 0.0)	(86.0, 0.0)	(87.0, 0.0)	(88.0, 0.0)	(89.0, 0.0)	(90.0, 0.0)	(91.0, 0.0)	(92.0, 0.0)	(93.0, 0.0)	(94.0, 0.0)	(95.0, 0.0)	(96.0, 0.0)	(97.0, 0.0)	(98.0, 0.0)	(99.0, 0.0)	(100.0, 0.0)
FAY99780_pass_barcode08_98e12ebb_5ad7f319_133	(0.0, 0.0)	(1.0, 0.0)	(2.0, 0.0)	(3.0, 0.0)	(4.0, 0.0)	(5.0, 0.0)	(6.0, 0.0)	(7.0, 0.0)	(8.0, 0.0)	(9.0, 0.0)	(10.0, 0.0)	(11.0, 0.0)	(12.0, 0.0)	(13.0, 0.0)	(14.0, 0.0)	(15.0, 0.0)	(16.0, 0.0)	(17.0, 0.0)	(18.0, 0.0)	(19.0, 0.0)	(20.0, 0.0)	(21.0, 0.0)	(22.0, 0.0)	(23.0, 0.0)	(24.0, 0.0)	(25.0, 0.0)	(26.0, 0.0)	(27.0, 0.0)	(28.0, 0.0)	(29.0, 0.0)	(30.0, 0.03225806451612903)	(31.0, 0.0)	(32.0, 0.525052505250525)	(33.0, 0.25757575757575757)	(34.0, 0.10426735603761567)	(35.0, 1.144755244755245)	(36.0, 1.5546686314848839)	(37.0, 1.880937526525761)	(38.0, 2.845590116529934)	(39.0, 4.1345509247470025)	(40.0, 1.6220837856358086)	(41.0, 1.6262298307752854)	(42.0, 1.6193755739210285)	(43.0, 2.840909090909091)	(44.0, 3.090909090909091)	(45.0, 2.590909090909091)	(46.0, 1.0)	(47.0, 0.3333333333333333)	(48.0, 0.25)	(49.0, 0.0)	(50.0, 0.0)	(51.0, 0.0)	(52.0, 0.0)	(53.0, 0.0)	(54.0, 0.0)	(55.0, 0.0)	(56.0, 0.0)	(57.0, 0.0)	(58.0, 0.0)	(59.0, 0.0)	(60.0, 0.0)	(61.0, 0.0)	(62.0, 0.0)	(63.0, 0.0)	(64.0, 0.0)	(65.0, 0.0)	(66.0, 0.0)	(67.0, 0.0)	(68.0, 0.0)	(69.0, 0.0)	(70.0, 0.0)	(71.0, 0.0)	(72.0, 0.0)	(73.0, 0.0)	(74.0, 0.0)	(75.0, 0.0)	(76.0, 0.0)	(77.0, 0.0)	(78.0, 0.0)	(79.0, 0.0)	(80.0, 0.0)	(81.0, 0.0)	(82.0, 0.0)	(83.0, 0.0)	(84.0, 0.0)	(85.0, 0.0)	(86.0, 0.0)	(87.0, 0.0)	(88.0, 0.0)	(89.0, 0.0)	(90.0, 0.0)	(91.0, 0.0)	(92.0, 0.0)	(93.0, 0.0)	(94.0, 0.0)	(95.0, 0.0)	(96.0, 0.0)	(97.0, 0.0)	(98.0, 0.0)	(99.0, 0.0)	(100.0, 0.0)
FAY99780_pass_barcode08_98e12ebb_5ad7f319_134	(0.0, 0.0)	(1.0, 0.0)	(2.0, 0.0)	(3.0, 0.0)	(4.0, 0.0)	(5.0, 0.0)	(6.0, 0.0)	(7.0, 0.0)	(8.0, 0.0)	(9.0, 0.0)	(10.0, 0.0)	(11.0, 0.0)	(12.0, 0.0)	(13.0, 0.0)	(14.0, 0.0)	(15.0, 0.0)	(16.0, 0.0)	(17.0, 0.0)	(18.0, 0.0)	(19.0, 0.0)	(20.0, 0.0)	(21.0, 0.0)	(22.0, 0.0)	(23.0, 0.0)	(24.0, 0.0)	(25.0, 0.0)	(26.0, 0.0)	(27.0, 0.0)	(28.0, 0.0)	(29.0, 0.0)	(30.0, 0.13852813852813853)	(31.0, 0.09090909090909091)	(32.0, 0.13852813852813853)	(33.0, 0.18181818181818182)	(34.0, 0.46984754376058724)	(35.0, 1.0257388048607805)	(36.0, 1.8943861971087241)	(37.0, 1.9206879529568206)	(38.0, 3.193839937646583)	(39.0, 3.7703747698069785)	(40.0, 3.3810606060606063)	(41.0, 3.6261372218789254)	(42.0, 2.9323784059078175)	(43.0, 1.1666666666666667)	(44.0, 1.0)	(45.0, 1.0151515151515151)	(46.0, 0.5909090909090909)	(47.0, 1.0)	(48.0, 0.5)	(49.0, 0.0)	(50.0, 0.0)	(51.0, 0.0)	(52.0, 0.0)	(53.0, 0.0)	(54.0, 0.5)	(55.0, 1.0)	(56.0, 0.5)	(57.0, 0.0)	(58.0, 0.0)	(59.0, 0.5)	(60.0, 1.0)	(61.0, 0.5)	(62.0, 0.0)	(63.0, 0.0)	(64.0, 0.0)	(65.0, 0.0)	(66.0, 0.0)	(67.0, 0.0)	(68.0, 0.0)	(69.0, 0.0)	(70.0, 0.0)	(71.0, 0.0)	(72.0, 0.0)	(73.0, 0.0)	(74.0, 0.0)	(75.0, 0.0)	(76.0, 0.0)	(77.0, 0.0)	(78.0, 0.0)	(79.0, 0.0)	(80.0, 0.0)	(81.0, 0.0)	(82.0, 0.0)	(83.0, 0.0)	(84.0, 0.0)	(85.0, 0.0)	(86.0, 0.0)	(87.0, 0.0)	(88.0, 0.0)	(89.0, 0.0)	(90.0, 0.0)	(91.0, 0.0)	(92.0, 0.0)	(93.0, 0.0)	(94.0, 0.0)	(95.0, 0.0)	(96.0, 0.0)	(97.0, 0.0)	(98.0, 0.0)	(99.0, 0.0)	(100.0, 0.0)
FAY99780_pass_barcode08_98e12ebb_5ad7f319_135	(0.0, 0.0)	(1.0, 0.0)	(2.0, 0.0)	(3.0, 0.0)	(4.0, 0.0)	(5.0, 0.0)	(6.0, 0.0)	(7.0, 0.0)	(8.0, 0.0)	(9.0, 0.0)	(10.0, 0.0)	(11.0, 0.0)	(12.0, 0.0)	(13.0, 0.0)	(14.0, 0.0)	(15.0, 0.0)	(16.0, 0.0)	(17.0, 0.0)	(18.0, 0.0)	(19.0, 0.0)	(20.0, 0.0)	(21.0, 0.0)	(22.0, 0.0)	(23.0, 0.0)	(24.0, 0.0)	(25.0, 0.0)	(26.0, 0.0)	(27.0, 0.0)	(28.0, 0.5)	(29.0, 0.5)	(30.0, 0.0196078431372549)	(31.0, 0.0)	(32.0, 0.24761904761904763)	(33.0, 0.0)	(34.0, 0.4202846720549317)	(35.0, 2.0130699112864723)	(36.0, 1.2382108672739436)	(37.0, 2.5114781253031015)	(38.0, 1.6822970357311324)	(39.0, 1.4153435944602977)	(40.0, 1.4881811641695921)	(41.0, 3.681762461960482)	(42.0, 2.090909090909091)	(43.0, 0.7142857142857142)	(44.0, 0.5)	(45.0, 0.0)	(46.0, 0.0)	(47.0, 0.25)	(48.0, 0.09090909090909091)	(49.0, 0.0)	(50.0, 0.09090909090909091)	(51.0, 0.0)	(52.0, 0.0)	(53.0, 0.0)	(54.0, 0.0)	(55.0, 0.0)	(56.0, 0.0)	(57.0, 0.0)	(58.0, 0.0)	(59.0, 0.0)	(60.0, 0.0)	(61.0, 0.0)	(62.0, 0.0)	(63.0, 0.0)	(64.0, 0.0)	(65.0, 0.0)	(66.0, 0.0)	(67.0, 0.0)	(68.0, 0.0)	(69.0, 0.0)	(70.0, 0.0)	(71.0, 0.0)	(72.0, 0.0)	(73.0, 0.0)	(74.0, 0.0)	(75.0, 0.0)	(76.0, 0.0)	(77.0, 0.0)	(78.0, 0.0)	(79.0, 0.0)	(80.0, 0.0)	(81.0, 0.0)	(82.0, 0.0)	(83.0, 0.0)	(84.0, 0.0)	(85.0, 0.0)	(86.0, 0.0)	(87.0, 0.0)	(88.0, 0.0)	(89.0, 0.0)	(90.0, 0.0)	(91.0, 0.0)	(92.0, 0.0)	(93.0, 0.0)	(94.0, 0.0)	(95.0, 0.0)	(96.0, 0.0)	(97.0, 0.0)	(98.0, 0.0)	(99.0, 0.0)	(100.0, 0.0)
FAY99780_pass_barcode08_98e12ebb_5ad7f319_136	(0.0, 0.0)	(1.0, 0.0)	(2.0, 0.0)	(3.0, 0.0)	(4.0, 0.0)	(5.0, 0.0)	(6.0, 0.0)	(7.0, 0.0)	(8.0, 0.0)	(9.0, 0.0)	(10.0, 0.0)	(11.0, 0.0)	(12.0, 0.0)	(13.0, 0.0)	(14.0, 0.0)	(15.0, 0.0)	(16.0, 0.0)	(17.0, 0.0)	(18.0, 0.0)	(19.0, 0.0)	(20.0, 0.0)	(21.0, 0.0)	(22.0, 0.0)	(23.0, 0.0)	(24.0, 0.0)	(25.0, 0.1)	(26.0, 0.0)	(27.0, 0.0)	(28.0, 0.09090909090909091)	(29.0, 0.0)	(30.0, 0.2976190476190476)	(31.0, 0.03225806451612903)	(32.0, 0.0)	(33.0, 0.012345679012345678)	(34.0, 0.14761904761904762)	(35.0, 0.5924963924963925)	(36.0, 1.0260136205258157)	(37.0, 2.826490086737589)	(38.0, 3.0125932217218785)	(39.0, 2.4570572111486455)	(40.0, 2.6533980356561)	(41.0, 2.320461527719592)	(42.0, 2.317099567099567)	(43.0, 0.9444444444444444)	(44.0, 0.0)	(45.0, 0.6428571428571428)	(46.0, 0.5)	(47.0, 0.09090909090909091)	(48.0, 0.09090909090909091)	(49.0, 0.0)	(50.0, 0.047619047619047616)	(51.0, 0.0)	(52.0, 0.0)	(53.0, 0.0)	(54.0, 0.0)	(55.0, 0.0)	(56.0, 0.0)	(57.0, 0.0)	(58.0, 0.0)	(59.0, 0.0)	(60.0, 0.0)	(61.0, 0.0)	(62.0, 0.0)	(63.0, 0.0)	(64.0, 0.0)	(65.0, 0.0)	(66.0, 0.0)	(67.0, 0.0)	(68.0, 0.0)	(69.0, 0.0)	(70.0, 0.0)	(71.0, 0.0)	(72.0, 0.0)	(73.0, 0.0)	(74.0, 0.0)	(75.0, 0.0)	(76.0, 0.0)	(77.0, 0.0)	(78.0, 0.0)	(79.0, 0.0)	(80.0, 0.0)	(81.0, 0.0)	(82.0, 0.0)	(83.0, 0.0)	(84.0, 0.0)	(85.0, 0.0)	(86.0, 0.0)	(87.0, 0.0)	(88.0, 0.0)	(89.0, 0.0)	(90.0, 0.0)	(91.0, 0.0)	(92.0, 0.0)	(93.0, 0.0)	(94.0, 0.0)	(95.0, 0.0)	(96.0, 0.0)	(97.0, 0.0)	(98.0, 0.0)	(99.0, 0.0)	(100.0, 0.0)
FAY99780_pass_barcode08_98e12ebb_5ad7f319_137	(0.0, 0.0)	(1.0, 0.0)	(2.0, 0.0)	(3.0, 0.0)	(4.0, 0.0)	(5.0, 0.0)	(6.0, 0.0)	(7.0, 0.0)	(8.0, 0.0)	(9.0, 0.0)	(10.0, 0.0)	(11.0, 0.0)	(12.0, 0.0)	(13.0, 0.0)	(14.0, 0.0)	(15.0, 0.0)	(16.0, 0.0)	(17.0, 0.0)	(18.0, 0.0)	(19.0, 0.0)	(20.0, 0.0)	(21.0, 0.0)	(22.0, 0.0)	(23.0, 0.0)	(24.0, 0.0)	(25.0, 0.0)	(26.0, 0.0)	(27.0, 0.0)	(28.0, 0.0)	(29.0, 0.03225806451612903)	(30.0, 0.0)	(31.0, 0.0)	(32.0, 0.0)	(33.0, 0.125)	(34.0, 0.3665876806120708)	(35.0, 0.6482207145071031)	(36.0, 1.2811485806112264)	(37.0, 1.951213800716144)	(38.0, 2.169407327328508)	(39.0, 1.0653026100387655)	(40.0, 1.3624966754567875)	(41.0, 1.6451266395296242)	(42.0, 2.7575757575757573)	(43.0, 1.7992424242424243)	(44.0, 1.2492424242424243)	(45.0, 0.3333333333333333)	(46.0, 0.3333333333333333)	(47.0, 0.0)	(48.0, 0.0)	(49.0, 0.0)	(50.0, 0.09090909090909091)	(51.0, 0.5)	(52.0, 0.5)	(53.0, 0.0)	(54.0, 0.0)	(55.0, 0.0)	(56.0, 0.0)	(57.0, 0.0)	(58.0, 0.0)	(59.0, 0.0)	(60.0, 0.0)	(61.0, 0.0)	(62.0, 0.0)	(63.0, 0.0)	(64.0, 0.0)	(65.0, 0.0)	(66.0, 0.0)	(67.0, 0.0)	(68.0, 0.0)	(69.0, 0.0)	(70.0, 0.0)	(71.0, 0.0)	(72.0, 0.0)	(73.0, 0.0)	(74.0, 0.0)	(75.0, 0.0)	(76.0, 0.0)	(77.0, 0.0)	(78.0, 0.0)	(79.0, 0.0)	(80.0, 0.0)	(81.0, 0.0)	(82.0, 0.0)	(83.0, 0.0)	(84.0, 0.0)	(85.0, 0.0)	(86.0, 0.0)	(87.0, 0.0)	(88.0, 0.0)	(89.0, 0.0)	(90.0, 0.0)	(91.0, 0.0)	(92.0, 0.0)	(93.0, 0.0)	(94.0, 0.0)	(95.0, 0.0)	(96.0, 0.0)	(97.0, 0.0)	(98.0, 0.0)	(99.0, 0.0)	(100.0, 0.0)
FAY99780_pass_barcode08_98e12ebb_5ad7f319_138	(0.0, 0.0)	(1.0, 0.0)	(2.0, 0.0)	(3.0, 0.0)	(4.0, 0.0)	(5.0, 0.0)	(6.0, 0.0)	(7.0, 0.0)	(8.0, 0.0)	(9.0, 0.0)	(10.0, 0.0)	(11.0, 0.0)	(12.0, 0.0)	(13.0, 0.0)	(14.0, 0.0)	(15.0, 0.0)	(16.0, 0.0)	(17.0, 0.0)	(18.0, 0.0)	(19.0, 0.0)	(20.0, 0.0)	(21.0, 0.0)	(22.0, 0.0)	(23.0, 0.0)	(24.0, 0.0)	(25.0, 0.0)	(26.0, 0.0)	(27.0, 0.09090909090909091)	(28.0, 0.0)	(29.0, 0.0)	(30.0, 0.3333333333333333)	(31.0, 0.0)	(32.0, 0.03225806451612903)	(33.0, 0.3333333333333333)	(34.0, 0.538961038961039)	(35.0, 0.6353589173759019)	(36.0, 2.0386385795078135)	(37.0, 1.751615301010499)	(38.0, 1.0852947258564145)	(39.0, 1.3629604558566304)	(40.0, 1.9585652493108863)	(41.0, 1.801377833635898)	(42.0, 0.8928571428571428)	(43.0, 1.032258064516129)	(44.0, 1.0833333333333333)	(45.0, 1.4166666666666665)	(46.0, 0.5833333333333333)	(47.0, 0.3333333333333333)	(48.0, 0.0)	(49.0, 0.0)	(50.0, 0.0)	(51.0, 0.0)	(52.0, 0.0)	(53.0, 0.0)	(54.0, 0.0)	(55.0, 0.0)	(56.0, 0.0)	(57.0, 0.0)	(58.0, 0.0)	(59.0, 0.0)	(60.0, 0.0)	(61.0, 0.0)	(62.0, 0.0)	(63.0, 0.0)	(64.0, 0.0)	(65.0, 0.0)	(66.0, 0.0)	(67.0, 0.0)	(68.0, 0.0)	(69.0, 0.0)	(70.0, 0.0)	(71.0, 0.0)	(72.0, 0.0)	(73.0, 0.0)	(74.0, 0.0)	(75.0, 0.0)	(76.0, 0.0)	(77.0, 0.0)	(78.0, 0.0)	(79.0, 0.0)	(80.0, 0.0)	(81.0, 0.0)	(82.0, 0.0)	(83.0, 0.0)	(84.0, 0.0)	(85.0, 0.0)	(86.0, 0.0)	(87.0, 0.0)	(88.0, 0.0)	(89.0, 0.0)	(90.0, 0.0)	(91.0, 0.0)	(92.0, 0.0)	(93.0, 0.0)	(94.0, 0.0)	(95.0, 0.0)	(96.0, 0.0)	(97.0, 0.0)	(98.0, 0.0)	(99.0, 0.0)	(100.0, 0.0)
FAY99780_pass_barcode08_98e12ebb_5ad7f319_139	(0.0, 0.0)	(1.0, 0.0)	(2.0, 0.0)	(3.0, 0.0)	(4.0, 0.0)	(5.0, 0.0)	(6.0, 0.0)	(7.0, 0.0)	(8.0, 0.0)	(9.0, 0.0)	(10.0, 0.0)	(11.0, 0.0)	(12.0, 0.0)	(13.0, 0.0)	(14.0, 0.0)	(15.0, 0.0)	(16.0, 0.0)	(17.0, 0.0)	(18.0, 0.0)	(19.0, 0.0)	(20.0, 0.0)	(21.0, 0.0)	(22.0, 0.0)	(23.0, 0.0)	(24.0, 0.0)	(25.0, 0.0)	(26.0, 0.0)	(27.0, 0.0)	(28.0, 0.0)	(29.0, 0.25)	(30.0, 0.25)	(31.0, 0.047619047619047616)	(32.0, 0.09090909090909091)	(33.0, 0.4)	(34.0, 0.26169529395335844)	(35.0, 0.6695528748743512)	(36.0, 0.9033127175275693)	(37.0, 1.8846393386202696)	(38.0, 1.4373637419453729)	(39.0, 0.652127708694621)	(40.0, 0.686216810975731)	(41.0, 0.9481671554252199)	(42.0, 0.5928571428571429)	(43.0, 0.0)	(44.0, 0.5)	(45.0, 0.5)	(46.0, 1.5)	(47.0, 0.5)	(48.0, 0.0)	(49.0, 0.0)	(50.0, 0.0)	(51.0, 0.0)	(52.0, 0.0)	(53.0, 0.0)	(54.0, 0.0)	(55.0, 0.0)	(56.0, 0.0)	(57.0, 0.0)	(58.0, 0.0)	(59.0, 0.0)	(60.0, 0.0)	(61.0, 0.0)	(62.0, 0.0)	(63.0, 0.0)	(64.0, 0.0)	(65.0, 0.0)	(66.0, 0.0)	(67.0, 0.0)	(68.0, 0.0)	(69.0, 0.0)	(70.0, 0.0)	(71.0, 0.0)	(72.0, 0.0)	(73.0, 0.0)	(74.0, 0.0)	(75.0, 0.0)	(76.0, 0.0)	(77.0, 0.0)	(78.0, 0.0)	(79.0, 0.0)	(80.0, 0.0)	(81.0, 0.0)	(82.0, 0.0)	(83.0, 0.0)	(84.0, 0.0)	(85.0, 0.0)	(86.0, 0.0)	(87.0, 0.0)	(88.0, 0.0)	(89.0, 0.0)	(90.0, 0.0)	(91.0, 0.0)	(92.0, 0.0)	(93.0, 0.0)	(94.0, 0.0)	(95.0, 0.0)	(96.0, 0.0)	(97.0, 0.0)	(98.0, 0.0)	(99.0, 0.0)	(100.0, 0.0)
FAY99780_pass_barcode08_98e12ebb_5ad7f319_14	(0.0, 0.0)	(1.0, 0.0)	(2.0, 0.0)	(3.0, 0.0)	(4.0, 0.0)	(5.0, 0.0)	(6.0, 0.0)	(7.0, 0.0)	(8.0, 0.0)	(9.0, 0.0)	(10.0, 0.0)	(11.0, 0.0)	(12.0, 0.0)	(13.0, 0.0)	(14.0, 0.0)	(15.0, 0.0)	(16.0, 0.0)	(17.0, 0.0)	(18.0, 0.0)	(19.0, 0.0)	(20.0, 0.0)	(21.0, 0.0)	(22.0, 0.0)	(23.0, 0.0)	(24.0, 0.0)	(25.0, 0.3666666666666667)	(26.0, 0.0)	(27.0, 0.09090909090909091)	(28.0, 0.1111111111111111)	(29.0, 0.34090909090909094)	(30.0, 0.14285714285714285)	(31.0, 0.20275614880731677)	(32.0, 1.0100943197008543)	(33.0, 0.8288088060248537)	(34.0, 0.4853023320765256)	(35.0, 2.472014463121376)	(36.0, 2.574865444941342)	(37.0, 2.4157587867695662)	(38.0, 4.8368459911187385)	(39.0, 2.683843200612377)	(40.0, 3.477579146230022)	(41.0, 5.329606125238619)	(42.0, 4.961976911976912)	(43.0, 3.6989247311827955)	(44.0, 2.9)	(45.0, 0.75)	(46.0, 1.0196078431372548)	(47.0, 1.25)	(48.0, 0.25)	(49.0, 0.0)	(50.0, 0.0)	(51.0, 0.25)	(52.0, 0.5)	(53.0, 0.5)	(54.0, 0.3333333333333333)	(55.0, 0.3333333333333333)	(56.0, 0.0)	(57.0, 0.0)	(58.0, 0.0)	(59.0, 0.0)	(60.0, 0.0)	(61.0, 0.0)	(62.0, 0.0)	(63.0, 0.0)	(64.0, 0.0)	(65.0, 0.0)	(66.0, 0.5)	(67.0, 0.5)	(68.0, 0.0)	(69.0, 0.0)	(70.0, 0.0)	(71.0, 0.0)	(72.0, 0.0)	(73.0, 0.0)	(74.0, 0.0)	(75.0, 0.0)	(76.0, 0.0)	(77.0, 0.0)	(78.0, 0.0)	(79.0, 0.0)	(80.0, 0.0)	(81.0, 0.0)	(82.0, 0.0)	(83.0, 0.0)	(84.0, 0.0)	(85.0, 0.0)	(86.0, 0.0)	(87.0, 0.0)	(88.0, 0.0)	(89.0, 0.0)	(90.0, 0.0)	(91.0, 0.0)	(92.0, 0.0)	(93.0, 0.0)	(94.0, 0.0)	(95.0, 0.0)	(96.0, 0.0)	(97.0, 0.0)	(98.0, 0.0)	(99.0, 0.0)	(100.0, 0.0)
FAY99780_pass_barcode08_98e12ebb_5ad7f319_140	(0.0, 0.0)	(1.0, 0.0)	(2.0, 0.0)	(3.0, 0.0)	(4.0, 0.0)	(5.0, 0.0)	(6.0, 0.0)	(7.0, 0.0)	(8.0, 0.0)	(9.0, 0.0)	(10.0, 0.0)	(11.0, 0.0)	(12.0, 0.0)	(13.0, 0.0)	(14.0, 0.0)	(15.0, 0.0)	(16.0, 0.0)	(17.0, 0.0)	(18.0, 0.0)	(19.0, 0.0)	(20.0, 0.0)	(21.0, 0.0)	(22.0, 0.0)	(23.0, 0.0)	(24.0, 0.0)	(25.0, 0.0)	(26.0, 0.0)	(27.0, 0.0)	(28.0, 0.0)	(29.0, 0.09090909090909091)	(30.0, 0.0)	(31.0, 0.0)	(32.0, 0.17686590765338395)	(33.0, 0.295078326832063)	(34.0, 0.6635281385281386)	(35.0, 0.371436786176747)	(36.0, 1.0328077871724866)	(37.0, 1.7149132057001293)	(38.0, 2.134473966374015)	(39.0, 1.034215392633016)	(40.0, 1.7548340548340549)	(41.0, 2.5809523809523807)	(42.0, 2.642857142857143)	(43.0, 2.3333333333333335)	(44.0, 1.1428571428571428)	(45.0, 0.6666666666666666)	(46.0, 0.16666666666666666)	(47.0, 0.0)	(48.0, 0.5)	(49.0, 0.5)	(50.0, 0.0)	(51.0, 0.0)	(52.0, 0.0)	(53.0, 0.5)	(54.0, 0.5)	(55.0, 0.0)	(56.0, 0.0)	(57.0, 0.0)	(58.0, 0.0)	(59.0, 0.0)	(60.0, 0.0)	(61.0, 0.0)	(62.0, 0.0)	(63.0, 0.0)	(64.0, 0.0)	(65.0, 0.0)	(66.0, 0.0)	(67.0, 0.0)	(68.0, 0.0)	(69.0, 0.0)	(70.0, 0.0)	(71.0, 0.0)	(72.0, 0.0)	(73.0, 0.0)	(74.0, 0.0)	(75.0, 0.0)	(76.0, 0.0)	(77.0, 0.0)	(78.0, 0.0)	(79.0, 0.0)	(80.0, 0.0)	(81.0, 0.0)	(82.0, 0.0)	(83.0, 0.0)	(84.0, 0.0)	(85.0, 0.0)	(86.0, 0.0)	(87.0, 0.0)	(88.0, 0.0)	(89.0, 0.0)	(90.0, 0.0)	(91.0, 0.0)	(92.0, 0.0)	(93.0, 0.0)	(94.0, 0.0)	(95.0, 0.0)	(96.0, 0.0)	(97.0, 0.0)	(98.0, 0.0)	(99.0, 0.0)	(100.0, 0.0)
FAY99780_pass_barcode08_98e12ebb_5ad7f319_141	(0.0, 0.0)	(1.0, 0.0)	(2.0, 0.0)	(3.0, 0.0)	(4.0, 0.0)	(5.0, 0.0)	(6.0, 0.0)	(7.0, 0.0)	(8.0, 0.0)	(9.0, 0.0)	(10.0, 0.0)	(11.0, 0.0)	(12.0, 0.0)	(13.0, 0.0)	(14.0, 0.0)	(15.0, 0.0)	(16.0, 0.0)	(17.0, 0.0)	(18.0, 0.0)	(19.0, 0.0)	(20.0, 0.0)	(21.0, 0.0)	(22.0, 0.0)	(23.0, 0.0)	(24.0, 0.0)	(25.0, 0.0)	(26.0, 0.0)	(27.0, 0.0)	(28.0, 0.0)	(29.0, 0.0)	(30.0, 0.5)	(31.0, 0.5720092915214867)	(32.0, 0.0)	(33.0, 0.04460374352847471)	(34.0, 0.24583067206018025)	(35.0, 0.8001097263392346)	(36.0, 0.8246753246753248)	(37.0, 1.7562189866124358)	(38.0, 1.5949964391390536)	(39.0, 0.6095460347618458)	(40.0, 0.30000000000000004)	(41.0, 0.4976190476190476)	(42.0, 0.9242424242424243)	(43.0, 1.9999999999999998)	(44.0, 1.1428571428571428)	(45.0, 0.976190476190476)	(46.0, 0.2)	(47.0, 0.2)	(48.0, 0.09090909090909091)	(49.0, 0.09090909090909091)	(50.0, 0.0)	(51.0, 0.7)	(52.0, 0.5)	(53.0, 0.0)	(54.0, 0.0)	(55.0, 0.0)	(56.0, 0.0)	(57.0, 0.0)	(58.0, 0.0)	(59.0, 0.0)	(60.0, 0.0)	(61.0, 0.0)	(62.0, 0.0)	(63.0, 0.0)	(64.0, 0.0)	(65.0, 0.0)	(66.0, 0.0)	(67.0, 0.0)	(68.0, 0.0)	(69.0, 0.0)	(70.0, 0.0)	(71.0, 0.0)	(72.0, 0.0)	(73.0, 0.0)	(74.0, 0.0)	(75.0, 0.0)	(76.0, 0.0)	(77.0, 0.0)	(78.0, 0.0)	(79.0, 0.0)	(80.0, 0.0)	(81.0, 0.0)	(82.0, 0.0)	(83.0, 0.0)	(84.0, 0.0)	(85.0, 0.0)	(86.0, 0.0)	(87.0, 0.0)	(88.0, 0.0)	(89.0, 0.0)	(90.0, 0.0)	(91.0, 0.0)	(92.0, 0.0)	(93.0, 0.0)	(94.0, 0.0)	(95.0, 0.0)	(96.0, 0.0)	(97.0, 0.0)	(98.0, 0.0)	(99.0, 0.0)	(100.0, 0.0)
FAY99780_pass_barcode08_98e12ebb_5ad7f319_142	(0.0, 0.0)	(1.0, 0.0)	(2.0, 0.0)	(3.0, 0.0)	(4.0, 0.0)	(5.0, 0.0)	(6.0, 0.0)	(7.0, 0.0)	(8.0, 0.0)	(9.0, 0.0)	(10.0, 0.0)	(11.0, 0.0)	(12.0, 0.0)	(13.0, 0.0)	(14.0, 0.0)	(15.0, 0.0)	(16.0, 0.0)	(17.0, 0.0)	(18.0, 0.0)	(19.0, 0.0)	(20.0, 0.0)	(21.0, 0.0)	(22.0, 0.0)	(23.0, 0.16666666666666666)	(24.0, 0.16666666666666666)	(25.0, 0.0)	(26.0, 0.0)	(27.0, 0.0)	(28.0, 0.0)	(29.0, 0.047619047619047616)	(30.0, 0.19047619047619047)	(31.0, 0.0)	(32.0, 0.20452488687782808)	(33.0, 0.2)	(34.0, 0.34285714285714286)	(35.0, 0.5327768137518897)	(36.0, 0.8538714285362954)	(37.0, 1.7192591172649099)	(38.0, 1.7794327029621142)	(39.0, 2.600585919043508)	(40.0, 1.4142857142857141)	(41.0, 1.2329959482984394)	(42.0, 0.6718614718614719)	(43.0, 0.6)	(44.0, 0.2)	(45.0, 0.16666666666666666)	(46.0, 0.95)	(47.0, 0.95)	(48.0, 0.0)	(49.0, 0.0)	(50.0, 0.0)	(51.0, 0.0)	(52.0, 0.0)	(53.0, 0.0)	(54.0, 0.0)	(55.0, 0.0)	(56.0, 0.0)	(57.0, 0.0)	(58.0, 0.0)	(59.0, 0.0)	(60.0, 0.0)	(61.0, 0.0)	(62.0, 0.0)	(63.0, 0.0)	(64.0, 0.0)	(65.0, 0.0)	(66.0, 0.0)	(67.0, 0.0)	(68.0, 0.0)	(69.0, 0.0)	(70.0, 0.0)	(71.0, 0.0)	(72.0, 0.0)	(73.0, 0.0)	(74.0, 0.0)	(75.0, 0.0)	(76.0, 0.0)	(77.0, 0.0)	(78.0, 0.0)	(79.0, 0.0)	(80.0, 0.0)	(81.0, 0.0)	(82.0, 0.0)	(83.0, 0.0)	(84.0, 0.0)	(85.0, 0.0)	(86.0, 0.0)	(87.0, 0.0)	(88.0, 0.0)	(89.0, 0.0)	(90.0, 0.0)	(91.0, 0.0)	(92.0, 0.0)	(93.0, 0.0)	(94.0, 0.0)	(95.0, 0.0)	(96.0, 0.0)	(97.0, 0.0)	(98.0, 0.0)	(99.0, 0.0)	(100.0, 0.0)
FAY99780_pass_barcode08_98e12ebb_5ad7f319_143	(0.0, 0.0)	(1.0, 0.0)	(2.0, 0.0)	(3.0, 0.0)	(4.0, 0.0)	(5.0, 0.0)	(6.0, 0.0)	(7.0, 0.0)	(8.0, 0.0)	(9.0, 0.0)	(10.0, 0.0)	(11.0, 0.0)	(12.0, 0.0)	(13.0, 0.0)	(14.0, 0.0)	(15.0, 0.0)	(16.0, 0.0)	(17.0, 0.0)	(18.0, 0.0)	(19.0, 0.0)	(20.0, 0.0)	(21.0, 0.0)	(22.0, 0.0)	(23.0, 0.0)	(24.0, 0.0)	(25.0, 0.0)	(26.0, 0.0)	(27.0, 0.0)	(28.0, 0.0)	(29.0, 0.0)	(30.0, 0.0)	(31.0, 0.0)	(32.0, 0.047619047619047616)	(33.0, 0.06170355466130114)	(34.0, 0.5116952939533584)	(35.0, 0.7345005461827891)	(36.0, 1.0928337670828174)	(37.0, 1.330450849963045)	(38.0, 1.1805183803560038)	(39.0, 0.8187043527326769)	(40.0, 0.5466290787267541)	(41.0, 1.205988455988456)	(42.0, 1.5829725829725827)	(43.0, 0.4718614718614718)	(44.0, 0.19047619047619047)	(45.0, 0.5)	(46.0, 1.0242424242424242)	(47.0, 0.4242424242424242)	(48.0, 0.0)	(49.0, 0.0)	(50.0, 0.25)	(51.0, 0.25)	(52.0, 0.0)	(53.0, 0.0)	(54.0, 0.0)	(55.0, 0.0)	(56.0, 0.0)	(57.0, 0.0)	(58.0, 0.0)	(59.0, 0.0)	(60.0, 0.0)	(61.0, 0.0)	(62.0, 0.0)	(63.0, 0.0)	(64.0, 0.0)	(65.0, 0.0)	(66.0, 0.0)	(67.0, 0.0)	(68.0, 0.0)	(69.0, 0.0)	(70.0, 0.0)	(71.0, 0.0)	(72.0, 0.0)	(73.0, 0.0)	(74.0, 0.0)	(75.0, 0.0)	(76.0, 0.0)	(77.0, 0.0)	(78.0, 0.0)	(79.0, 0.0)	(80.0, 0.0)	(81.0, 0.0)	(82.0, 0.0)	(83.0, 0.0)	(84.0, 0.0)	(85.0, 0.0)	(86.0, 0.0)	(87.0, 0.0)	(88.0, 0.0)	(89.0, 0.0)	(90.0, 0.0)	(91.0, 0.0)	(92.0, 0.0)	(93.0, 0.0)	(94.0, 0.0)	(95.0, 0.0)	(96.0, 0.0)	(97.0, 0.0)	(98.0, 0.0)	(99.0, 0.0)	(100.0, 0.0)
FAY99780_pass_barcode08_98e12ebb_5ad7f319_144	(0.0, 0.0)	(1.0, 0.0)	(2.0, 0.0)	(3.0, 0.0)	(4.0, 0.0)	(5.0, 0.0)	(6.0, 0.0)	(7.0, 0.0)	(8.0, 0.0)	(9.0, 0.0)	(10.0, 0.0)	(11.0, 0.0)	(12.0, 0.0)	(13.0, 0.0)	(14.0, 0.0)	(15.0, 0.0)	(16.0, 0.0)	(17.0, 0.0)	(18.0, 0.0)	(19.0, 0.0)	(20.0, 0.5)	(21.0, 1.0)	(22.0, 0.5)	(23.0, 0.0)	(24.0, 0.0)	(25.0, 0.0)	(26.0, 0.0)	(27.0, 0.0)	(28.0, 0.0)	(29.0, 0.0)	(30.0, 0.25)	(31.0, 0.25)	(32.0, 0.0)	(33.0, 0.4565004887585532)	(34.0, 0.7511042322870279)	(35.0, 0.8457772844767343)	(36.0, 1.3551948051948053)	(37.0, 1.8253349845740083)	(38.0, 1.7770349452731466)	(39.0, 2.915768234515848)	(40.0, 1.7984758538220649)	(41.0, 0.8091788689398252)	(42.0, 0.625)	(43.0, 1.1325757575757576)	(44.0, 0.9)	(45.0, 0.047619047619047616)	(46.0, 0.0)	(47.0, 0.0)	(48.0, 0.0)	(49.0, 0.09090909090909091)	(50.0, 0.0)	(51.0, 0.0)	(52.0, 0.0)	(53.0, 0.0)	(54.0, 0.0)	(55.0, 0.0)	(56.0, 0.0)	(57.0, 0.0)	(58.0, 0.0)	(59.0, 0.0)	(60.0, 0.0)	(61.0, 0.0)	(62.0, 0.0)	(63.0, 0.0)	(64.0, 0.0)	(65.0, 0.0)	(66.0, 0.0)	(67.0, 0.0)	(68.0, 0.0)	(69.0, 0.0)	(70.0, 0.0)	(71.0, 0.0)	(72.0, 0.25)	(73.0, 0.25)	(74.0, 0.0)	(75.0, 0.0)	(76.0, 0.0)	(77.0, 0.0)	(78.0, 0.0)	(79.0, 0.0)	(80.0, 0.0)	(81.0, 0.0)	(82.0, 0.0)	(83.0, 0.0)	(84.0, 0.0)	(85.0, 0.0)	(86.0, 0.0)	(87.0, 0.0)	(88.0, 0.0)	(89.0, 0.0)	(90.0, 0.0)	(91.0, 0.0)	(92.0, 0.0)	(93.0, 0.0)	(94.0, 0.0)	(95.0, 0.0)	(96.0, 0.0)	(97.0, 0.0)	(98.0, 0.0)	(99.0, 0.0)	(100.0, 0.0)
FAY99780_pass_barcode08_98e12ebb_5ad7f319_145	(0.0, 0.0)	(1.0, 0.0)	(2.0, 0.0)	(3.0, 0.0)	(4.0, 0.0)	(5.0, 0.0)	(6.0, 0.0)	(7.0, 0.0)	(8.0, 0.0)	(9.0, 0.0)	(10.0, 0.0)	(11.0, 0.0)	(12.0, 0.0)	(13.0, 0.0)	(14.0, 0.0)	(15.0, 0.0)	(16.0, 0.0)	(17.0, 0.0)	(18.0, 0.0)	(19.0, 0.0)	(20.0, 0.0)	(21.0, 0.0)	(22.0, 0.0)	(23.0, 0.0)	(24.0, 0.0)	(25.0, 0.0)	(26.0, 0.0)	(27.0, 0.0)	(28.0, 0.0)	(29.0, 0.0196078431372549)	(30.0, 0.0)	(31.0, 0.047619047619047616)	(32.0, 0.26639344262295084)	(33.0, 0.34090909090909094)	(34.0, 0.2978395072886205)	(35.0, 1.3867074102368222)	(36.0, 1.066605018375278)	(37.0, 1.6395937442994375)	(38.0, 2.7283790404445916)	(39.0, 1.4455059967355046)	(40.0, 0.8746832048358767)	(41.0, 1.529667644183773)	(42.0, 1.625)	(43.0, 1.8409090909090908)	(44.0, 1.1666666666666667)	(45.0, 0.0)	(46.0, 0.0)	(47.0, 0.0)	(48.0, 0.0)	(49.0, 0.5)	(50.0, 0.5)	(51.0, 0.0)	(52.0, 0.0)	(53.0, 0.0)	(54.0, 0.0)	(55.0, 0.0)	(56.0, 0.0)	(57.0, 0.0)	(58.0, 0.0)	(59.0, 0.5)	(60.0, 0.5)	(61.0, 0.0)	(62.0, 0.0)	(63.0, 0.5)	(64.0, 0.5)	(65.0, 0.0)	(66.0, 0.0)	(67.0, 0.0)	(68.0, 0.0)	(69.0, 0.0)	(70.0, 0.5)	(71.0, 0.5)	(72.0, 0.0)	(73.0, 0.0)	(74.0, 0.0)	(75.0, 0.0)	(76.0, 0.0)	(77.0, 0.0)	(78.0, 0.0)	(79.0, 0.0)	(80.0, 0.0)	(81.0, 0.0)	(82.0, 0.0)	(83.0, 0.0)	(84.0, 0.0)	(85.0, 0.0)	(86.0, 0.0)	(87.0, 0.0)	(88.0, 0.0)	(89.0, 0.0)	(90.0, 0.0)	(91.0, 0.0)	(92.0, 0.0)	(93.0, 0.0)	(94.0, 0.0)	(95.0, 0.0)	(96.0, 0.0)	(97.0, 0.0)	(98.0, 0.0)	(99.0, 0.0)	(100.0, 0.0)
FAY99780_pass_barcode08_98e12ebb_5ad7f319_146	(0.0, 0.0)	(1.0, 0.0)	(2.0, 0.0)	(3.0, 0.0)	(4.0, 0.0)	(5.0, 0.0)	(6.0, 0.0)	(7.0, 0.0)	(8.0, 0.0)	(9.0, 0.0)	(10.0, 0.0)	(11.0, 0.0)	(12.0, 0.0)	(13.0, 0.0)	(14.0, 0.0)	(15.0, 0.0)	(16.0, 0.0)	(17.0, 0.0)	(18.0, 0.0)	(19.0, 0.0)	(20.0, 0.0)	(21.0, 0.0)	(22.0, 0.0)	(23.0, 0.0)	(24.0, 0.0)	(25.0, 0.0)	(26.0, 0.0)	(27.0, 0.0)	(28.0, 0.0)	(29.0, 0.0)	(30.0, 0.0)	(31.0, 0.0)	(32.0, 0.047619047619047616)	(33.0, 0.0)	(34.0, 0.047619047619047616)	(35.0, 0.7537400331860031)	(36.0, 1.3332678743844448)	(37.0, 1.885096291312281)	(38.0, 0.8957596288077617)	(39.0, 1.2303687691618725)	(40.0, 0.9761904761904762)	(41.0, 1.6913419913419911)	(42.0, 1.9777777777777776)	(43.0, 0.43333333333333335)	(44.0, 0.5611111111111111)	(45.0, 0.0)	(46.0, 0.0)	(47.0, 0.0)	(48.0, 0.5)	(49.0, 0.5)	(50.0, 0.0)	(51.0, 0.0)	(52.0, 0.0)	(53.0, 0.3333333333333333)	(54.0, 0.0)	(55.0, 0.5)	(56.0, 0.5)	(57.0, 0.0)	(58.0, 0.0)	(59.0, 0.0)	(60.0, 0.0)	(61.0, 0.5)	(62.0, 0.5)	(63.0, 0.0)	(64.0, 0.0)	(65.0, 0.0)	(66.0, 0.0)	(67.0, 0.0)	(68.0, 0.0)	(69.0, 0.0)	(70.0, 0.0)	(71.0, 0.0)	(72.0, 0.0)	(73.0, 0.0)	(74.0, 0.0)	(75.0, 0.0)	(76.0, 0.0)	(77.0, 0.0)	(78.0, 0.0)	(79.0, 0.0)	(80.0, 0.0)	(81.0, 0.0)	(82.0, 0.0)	(83.0, 0.0)	(84.0, 0.0)	(85.0, 0.0)	(86.0, 0.0)	(87.0, 0.0)	(88.0, 0.0)	(89.0, 0.0)	(90.0, 0.0)	(91.0, 0.0)	(92.0, 0.0)	(93.0, 0.0)	(94.0, 0.0)	(95.0, 0.0)	(96.0, 0.0)	(97.0, 0.0)	(98.0, 0.0)	(99.0, 0.0)	(100.0, 0.0)
FAY99780_pass_barcode08_98e12ebb_5ad7f319_147	(0.0, 0.0)	(1.0, 0.0)	(2.0, 0.0)	(3.0, 0.0)	(4.0, 0.0)	(5.0, 0.0)	(6.0, 0.0)	(7.0, 0.0)	(8.0, 0.0)	(9.0, 0.0)	(10.0, 0.0)	(11.0, 0.0)	(12.0, 0.0)	(13.0, 0.0)	(14.0, 0.0)	(15.0, 0.0)	(16.0, 0.0)	(17.0, 0.0)	(18.0, 0.0)	(19.0, 0.0)	(20.0, 0.0)	(21.0, 0.0)	(22.0, 0.0)	(23.0, 0.0)	(24.0, 0.0)	(25.0, 0.0)	(26.0, 0.0)	(27.0, 0.0)	(28.0, 0.0)	(29.0, 0.0)	(30.0, 0.0)	(31.0, 0.1111111111111111)	(32.0, 0.0)	(33.0, 0.15813598166539344)	(34.0, 0.3434052506633152)	(35.0, 0.5840017825311944)	(36.0, 1.7364387596783863)	(37.0, 2.3952386455459034)	(38.0, 2.440644036904736)	(39.0, 2.001377833635898)	(40.0, 1.8838383838383839)	(41.0, 1.3095959595959594)	(42.0, 1.1666666666666667)	(43.0, 1.4393939393939394)	(44.0, 0.9242424242424242)	(45.0, 0.5333333333333333)	(46.0, 0.2)	(47.0, 0.0)	(48.0, 0.0)	(49.0, 0.5)	(50.0, 0.5)	(51.0, 0.0)	(52.0, 0.0)	(53.0, 0.0)	(54.0, 0.0)	(55.0, 0.0)	(56.0, 0.0)	(57.0, 0.0)	(58.0, 0.0)	(59.0, 0.0)	(60.0, 0.0)	(61.0, 0.0)	(62.0, 0.0)	(63.0, 0.0)	(64.0, 0.0)	(65.0, 0.0)	(66.0, 0.0)	(67.0, 0.0)	(68.0, 0.0)	(69.0, 0.0)	(70.0, 0.0)	(71.0, 0.0)	(72.0, 0.0)	(73.0, 0.0)	(74.0, 0.0)	(75.0, 0.0)	(76.0, 0.0)	(77.0, 0.0)	(78.0, 0.0)	(79.0, 0.0)	(80.0, 0.0)	(81.0, 0.0)	(82.0, 0.0)	(83.0, 0.0)	(84.0, 0.0)	(85.0, 0.0)	(86.0, 0.0)	(87.0, 0.0)	(88.0, 0.0)	(89.0, 0.0)	(90.0, 0.0)	(91.0, 0.0)	(92.0, 0.0)	(93.0, 0.0)	(94.0, 0.0)	(95.0, 0.0)	(96.0, 0.0)	(97.0, 0.0)	(98.0, 0.0)	(99.0, 0.0)	(100.0, 0.0)
FAY99780_pass_barcode08_98e12ebb_5ad7f319_148	(0.0, 0.0)	(1.0, 0.0)	(2.0, 0.0)	(3.0, 0.0)	(4.0, 0.0)	(5.0, 0.0)	(6.0, 0.0)	(7.0, 0.0)	(8.0, 0.0)	(9.0, 0.0)	(10.0, 0.0)	(11.0, 0.0)	(12.0, 0.0)	(13.0, 0.0)	(14.0, 0.0)	(15.0, 0.0)	(16.0, 0.0)	(17.0, 0.0)	(18.0, 0.0)	(19.0, 0.0)	(20.0, 0.0)	(21.0, 0.0)	(22.0, 0.0)	(23.0, 0.0)	(24.0, 0.0)	(25.0, 0.0)	(26.0, 0.0)	(27.0, 0.0)	(28.0, 0.0)	(29.0, 0.5)	(30.0, 0.5)	(31.0, 0.0)	(32.0, 0.07987711213517665)	(33.0, 0.03225806451612903)	(34.0, 0.5909090909090909)	(35.0, 0.4510652745946863)	(36.0, 0.9868035190615836)	(37.0, 1.6769055064509608)	(38.0, 2.308200771327003)	(39.0, 2.29179812105379)	(40.0, 3.4289224289224287)	(41.0, 1.7779948874419955)	(42.0, 0.6747544570125215)	(43.0, 0.29166666666666663)	(44.0, 0.0)	(45.0, 0.0)	(46.0, 0.5)	(47.0, 0.8333333333333333)	(48.0, 0.3333333333333333)	(49.0, 0.0)	(50.0, 0.0)	(51.0, 0.0)	(52.0, 0.0)	(53.0, 0.0)	(54.0, 0.0)	(55.0, 0.0)	(56.0, 0.0)	(57.0, 0.0)	(58.0, 0.0)	(59.0, 0.0)	(60.0, 0.0)	(61.0, 0.0)	(62.0, 0.0)	(63.0, 0.0)	(64.0, 0.0)	(65.0, 0.0)	(66.0, 0.0)	(67.0, 0.0)	(68.0, 0.0)	(69.0, 0.0)	(70.0, 0.0)	(71.0, 0.0)	(72.0, 0.0)	(73.0, 0.0)	(74.0, 0.0)	(75.0, 0.0)	(76.0, 0.0)	(77.0, 0.0)	(78.0, 0.0)	(79.0, 0.0)	(80.0, 0.0)	(81.0, 0.0)	(82.0, 0.0)	(83.0, 0.0)	(84.0, 0.0)	(85.0, 0.0)	(86.0, 0.0)	(87.0, 0.0)	(88.0, 0.0)	(89.0, 0.0)	(90.0, 0.0)	(91.0, 0.0)	(92.0, 0.0)	(93.0, 0.0)	(94.0, 0.0)	(95.0, 0.0)	(96.0, 0.0)	(97.0, 0.0)	(98.0, 0.0)	(99.0, 0.0)	(100.0, 0.0)
FAY99780_pass_barcode08_98e12ebb_5ad7f319_149	(0.0, 0.0)	(1.0, 0.0)	(2.0, 0.0)	(3.0, 0.0)	(4.0, 0.0)	(5.0, 0.0)	(6.0, 0.0)	(7.0, 0.0)	(8.0, 0.0)	(9.0, 0.0)	(10.0, 0.0)	(11.0, 0.0)	(12.0, 0.0)	(13.0, 0.0)	(14.0, 0.0)	(15.0, 0.0)	(16.0, 0.0)	(17.0, 0.0)	(18.0, 0.0)	(19.0, 0.0)	(20.0, 0.0)	(21.0, 0.0)	(22.0, 0.0)	(23.0, 0.0)	(24.0, 0.0)	(25.0, 0.0)	(26.0, 0.0)	(27.0, 0.0)	(28.0, 0.0)	(29.0, 0.0)	(30.0, 0.0)	(31.0, 0.0)	(32.0, 0.5909090909090909)	(33.0, 0.3333333333333333)	(34.0, 0.5254329004329004)	(35.0, 1.5947916094026149)	(36.0, 1.2174829355245425)	(37.0, 1.3843667935888537)	(38.0, 0.7769448373408769)	(39.0, 1.4111754187206411)	(40.0, 1.674699629145599)	(41.0, 1.290635866865375)	(42.0, 0.4241735537190083)	(43.0, 0.25)	(44.0, 0.0)	(45.0, 0.657258064516129)	(46.0, 0.7159090909090909)	(47.0, 0.0)	(48.0, 0.0)	(49.0, 0.0)	(50.0, 0.0)	(51.0, 0.0)	(52.0, 0.0)	(53.0, 0.0)	(54.0, 0.0)	(55.0, 0.0)	(56.0, 0.0)	(57.0, 0.3333333333333333)	(58.0, 0.3333333333333333)	(59.0, 0.0)	(60.0, 0.0)	(61.0, 0.0)	(62.0, 0.0)	(63.0, 0.0)	(64.0, 0.0)	(65.0, 0.0)	(66.0, 0.0)	(67.0, 0.0)	(68.0, 0.0)	(69.0, 0.0)	(70.0, 0.0)	(71.0, 0.0)	(72.0, 0.0)	(73.0, 0.0)	(74.0, 0.0)	(75.0, 0.0)	(76.0, 0.0)	(77.0, 0.0)	(78.0, 0.0)	(79.0, 0.0)	(80.0, 0.0)	(81.0, 0.0)	(82.0, 0.0)	(83.0, 0.0)	(84.0, 0.0)	(85.0, 0.0)	(86.0, 0.0)	(87.0, 0.0)	(88.0, 0.0)	(89.0, 0.0)	(90.0, 0.0)	(91.0, 0.0)	(92.0, 0.0)	(93.0, 0.0)	(94.0, 0.0)	(95.0, 0.0)	(96.0, 0.0)	(97.0, 0.0)	(98.0, 0.0)	(99.0, 0.0)	(100.0, 0.0)
FAY99780_pass_barcode08_98e12ebb_5ad7f319_15	(0.0, 0.0)	(1.0, 0.0)	(2.0, 0.0)	(3.0, 0.0)	(4.0, 0.0)	(5.0, 0.0)	(6.0, 0.0)	(7.0, 0.0)	(8.0, 0.0)	(9.0, 0.0)	(10.0, 0.0)	(11.0, 0.0)	(12.0, 0.0)	(13.0, 0.0)	(14.0, 0.0)	(15.0, 0.0)	(16.0, 0.0)	(17.0, 0.0)	(18.0, 0.0)	(19.0, 0.0)	(20.0, 0.0)	(21.0, 0.0)	(22.0, 0.0)	(23.0, 0.0)	(24.0, 0.0)	(25.0, 0.0)	(26.0, 0.0)	(27.0, 0.0)	(28.0, 0.6818181818181819)	(29.0, 1.0)	(30.0, 0.7)	(31.0, 0.9411721179423775)	(32.0, 1.0155844155844156)	(33.0, 0.6680445003025648)	(34.0, 1.058073206820633)	(35.0, 1.3973673184623732)	(36.0, 2.9925196517104022)	(37.0, 5.331547723486081)	(38.0, 6.2364922745157685)	(39.0, 4.848822789234678)	(40.0, 5.156484546680624)	(41.0, 4.231680953455147)	(42.0, 4.671802577973687)	(43.0, 3.7825757575757577)	(44.0, 1.7)	(45.0, 0.34285714285714286)	(46.0, 0.7337662337662337)	(47.0, 0.6818181818181819)	(48.0, 0.0)	(49.0, 0.3333333333333333)	(50.0, 0.6428571428571428)	(51.0, 0.7857142857142856)	(52.0, 0.0)	(53.0, 0.0)	(54.0, 0.0)	(55.0, 0.0)	(56.0, 0.0)	(57.0, 0.0)	(58.0, 0.0)	(59.0, 0.0)	(60.0, 0.0)	(61.0, 0.0)	(62.0, 0.0)	(63.0, 0.0)	(64.0, 0.0)	(65.0, 0.0)	(66.0, 0.0)	(67.0, 0.0)	(68.0, 0.0)	(69.0, 0.0)	(70.0, 0.0)	(71.0, 0.0)	(72.0, 0.0)	(73.0, 0.0)	(74.0, 0.0)	(75.0, 0.0)	(76.0, 0.0)	(77.0, 0.0)	(78.0, 0.0)	(79.0, 0.0)	(80.0, 0.0)	(81.0, 0.0)	(82.0, 0.0)	(83.0, 0.0)	(84.0, 0.0)	(85.0, 0.0)	(86.0, 0.0)	(87.0, 0.0)	(88.0, 0.0)	(89.0, 0.0)	(90.0, 0.0)	(91.0, 0.0)	(92.0, 0.0)	(93.0, 0.0)	(94.0, 0.0)	(95.0, 0.0)	(96.0, 0.0)	(97.0, 0.0)	(98.0, 0.0)	(99.0, 0.0)	(100.0, 0.0)
FAY99780_pass_barcode08_98e12ebb_5ad7f319_150	(0.0, 0.0)	(1.0, 0.0)	(2.0, 0.0)	(3.0, 0.0)	(4.0, 0.0)	(5.0, 0.0)	(6.0, 0.0)	(7.0, 0.0)	(8.0, 0.0)	(9.0, 0.0)	(10.0, 0.0)	(11.0, 0.0)	(12.0, 0.0)	(13.0, 0.0)	(14.0, 0.0)	(15.0, 0.0)	(16.0, 0.0)	(17.0, 0.0)	(18.0, 0.0)	(19.0, 0.0)	(20.0, 0.0)	(21.0, 0.0)	(22.0, 0.0)	(23.0, 0.0)	(24.0, 0.0)	(25.0, 0.0)	(26.0, 0.0)	(27.0, 0.0)	(28.0, 0.0)	(29.0, 0.0)	(30.0, 0.0)	(31.0, 0.5)	(32.0, 0.5909090909090909)	(33.0, 0.5952380952380952)	(34.0, 0.825942624614588)	(35.0, 0.7492784992784993)	(36.0, 1.2769962726287662)	(37.0, 1.6509196570876419)	(38.0, 1.281794681657463)	(39.0, 2.1667526135743853)	(40.0, 0.7564935064935066)	(41.0, 0.8495858620558037)	(42.0, 1.2333333333333332)	(43.0, 0.8742424242424243)	(44.0, 1.1833333333333333)	(45.0, 0.5)	(46.0, 1.0)	(47.0, 0.8333333333333333)	(48.0, 0.3333333333333333)	(49.0, 0.0)	(50.0, 0.0)	(51.0, 0.0)	(52.0, 0.0)	(53.0, 0.0)	(54.0, 0.3333333333333333)	(55.0, 0.0)	(56.0, 0.0)	(57.0, 0.0)	(58.0, 0.0)	(59.0, 0.0)	(60.0, 0.0)	(61.0, 0.0)	(62.0, 0.0)	(63.0, 0.0)	(64.0, 0.0)	(65.0, 0.0)	(66.0, 0.0)	(67.0, 0.0)	(68.0, 0.0)	(69.0, 0.0)	(70.0, 0.0)	(71.0, 0.0)	(72.0, 0.0)	(73.0, 0.0)	(74.0, 0.0)	(75.0, 0.0)	(76.0, 0.0)	(77.0, 0.0)	(78.0, 0.0)	(79.0, 0.0)	(80.0, 0.0)	(81.0, 0.0)	(82.0, 0.0)	(83.0, 0.0)	(84.0, 0.0)	(85.0, 0.0)	(86.0, 0.0)	(87.0, 0.0)	(88.0, 0.0)	(89.0, 0.0)	(90.0, 0.0)	(91.0, 0.0)	(92.0, 0.0)	(93.0, 0.0)	(94.0, 0.0)	(95.0, 0.0)	(96.0, 0.0)	(97.0, 0.0)	(98.0, 0.0)	(99.0, 0.0)	(100.0, 0.0)
FAY99780_pass_barcode08_98e12ebb_5ad7f319_151	(0.0, 0.0)	(1.0, 0.0)	(2.0, 0.0)	(3.0, 0.0)	(4.0, 0.0)	(5.0, 0.0)	(6.0, 0.0)	(7.0, 0.0)	(8.0, 0.0)	(9.0, 0.0)	(10.0, 0.0)	(11.0, 0.0)	(12.0, 0.0)	(13.0, 0.0)	(14.0, 0.0)	(15.0, 0.0)	(16.0, 0.0)	(17.0, 0.0)	(18.0, 0.0)	(19.0, 0.0)	(20.0, 0.0)	(21.0, 0.0)	(22.0, 0.0)	(23.0, 0.0)	(24.0, 0.5)	(25.0, 0.5)	(26.0, 0.0)	(27.0, 0.0)	(28.0, 0.5)	(29.0, 0.524390243902439)	(30.0, 0.2)	(31.0, 0.5196078431372549)	(32.0, 1.5)	(33.0, 1.625)	(34.0, 1.7337662337662338)	(35.0, 1.9473771921674887)	(36.0, 1.3044288549453276)	(37.0, 2.071525196033003)	(38.0, 2.5014185664326067)	(39.0, 1.0415532879818594)	(40.0, 2.1404761904761904)	(41.0, 2.5755481078061724)	(42.0, 1.5)	(43.0, 1.1666666666666665)	(44.0, 0.5)	(45.0, 0.0)	(46.0, 0.0)	(47.0, 0.6)	(48.0, 0.5)	(49.0, 0.0)	(50.0, 0.0)	(51.0, 0.0)	(52.0, 0.0)	(53.0, 0.09090909090909091)	(54.0, 0.0)	(55.0, 0.0)	(56.0, 0.0)	(57.0, 0.0)	(58.0, 0.0)	(59.0, 0.0)	(60.0, 0.0)	(61.0, 0.0)	(62.0, 0.0)	(63.0, 0.0)	(64.0, 0.0)	(65.0, 0.0)	(66.0, 0.0)	(67.0, 0.0)	(68.0, 0.0)	(69.0, 0.0)	(70.0, 0.0)	(71.0, 0.0)	(72.0, 0.0)	(73.0, 0.0)	(74.0, 0.0)	(75.0, 0.0)	(76.0, 0.0)	(77.0, 0.0)	(78.0, 0.0)	(79.0, 0.0)	(80.0, 0.0)	(81.0, 0.0)	(82.0, 0.0)	(83.0, 0.0)	(84.0, 0.0)	(85.0, 0.0)	(86.0, 0.0)	(87.0, 0.0)	(88.0, 0.0)	(89.0, 0.0)	(90.0, 0.0)	(91.0, 0.0)	(92.0, 0.0)	(93.0, 0.0)	(94.0, 0.0)	(95.0, 0.0)	(96.0, 0.0)	(97.0, 0.0)	(98.0, 0.0)	(99.0, 0.0)	(100.0, 0.0)
FAY99780_pass_barcode08_98e12ebb_5ad7f319_152	(0.0, 0.0)	(1.0, 0.0)	(2.0, 0.0)	(3.0, 0.0)	(4.0, 0.0)	(5.0, 0.0)	(6.0, 0.0)	(7.0, 0.0)	(8.0, 0.0)	(9.0, 0.0)	(10.0, 0.0)	(11.0, 0.0)	(12.0, 0.0)	(13.0, 0.5)	(14.0, 1.0)	(15.0, 1.0)	(16.0, 1.0)	(17.0, 1.0)	(18.0, 1.0)	(19.0, 1.2)	(20.0, 1.0)	(21.0, 2.0)	(22.0, 3.0)	(23.0, 3.0)	(24.0, 3.5)	(25.0, 4.5)	(26.0, 5.5)	(27.0, 5.5)	(28.0, 5.5)	(29.0, 7.5)	(30.0, 8.5)	(31.0, 8.433333333333334)	(32.0, 7.583333333333333)	(33.0, 5.25)	(34.0, 8.664285714285715)	(35.0, 10.976190476190474)	(36.0, 11.269444444444444)	(37.0, 11.308766233766235)	(38.0, 11.258333333333333)	(39.0, 15.382575757575758)	(40.0, 13.557575757575759)	(41.0, 11.65)	(42.0, 11.506060606060606)	(43.0, 9.083333333333332)	(44.0, 6.0)	(45.0, 5.0)	(46.0, 6.833333333333333)	(47.0, 5.333333333333333)	(48.0, 2.75)	(49.0, 1.5)	(50.0, 5.0)	(51.0, 10.5)	(52.0, 11.0)	(53.0, 9.0)	(54.0, 8.09090909090909)	(55.0, 8.0)	(56.0, 8.5)	(57.0, 9.0)	(58.0, 9.0)	(59.0, 8.5)	(60.0, 8.0)	(61.0, 8.0)	(62.0, 7.5)	(63.0, 7.0)	(64.0, 7.0)	(65.0, 6.5)	(66.0, 6.0)	(67.0, 6.0)	(68.0, 5.5)	(69.0, 5.0)	(70.0, 4.5)	(71.0, 4.0)	(72.0, 4.0)	(73.0, 4.0)	(74.0, 4.0)	(75.0, 4.5)	(76.0, 5.0)	(77.0, 5.0)	(78.0, 5.0)	(79.0, 5.0)	(80.0, 5.0)	(81.0, 5.0)	(82.0, 5.0)	(83.0, 5.0)	(84.0, 5.0)	(85.0, 5.0)	(86.0, 5.0)	(87.0, 5.0)	(88.0, 5.0)	(89.0, 5.0)	(90.0, 5.0)	(91.0, 5.0)	(92.0, 5.0)	(93.0, 5.0)	(94.0, 5.0)	(95.0, 5.0)	(96.0, 5.0)	(97.0, 5.0)	(98.0, 5.0)	(99.0, 5.0)	(100.0, 5.0)
FAY99780_pass_barcode08_98e12ebb_5ad7f319_153	(0.0, 0.0)	(1.0, 0.0)	(2.0, 0.0)	(3.0, 0.0)	(4.0, 0.0)	(5.0, 0.0)	(6.0, 0.0)	(7.0, 0.0)	(8.0, 0.0)	(9.0, 0.0)	(10.0, 0.0)	(11.0, 0.0)	(12.0, 0.0)	(13.0, 0.0)	(14.0, 0.0)	(15.0, 0.0)	(16.0, 0.0)	(17.0, 0.0)	(18.0, 0.0)	(19.0, 0.0)	(20.0, 0.0)	(21.0, 0.0)	(22.0, 0.0)	(23.0, 0.0)	(24.0, 0.0)	(25.0, 0.0)	(26.0, 0.0)	(27.0, 0.0)	(28.0, 0.0)	(29.0, 0.0)	(30.0, 0.5)	(31.0, 1.0)	(32.0, 3.0)	(33.0, 5.0)	(34.0, 4.5)	(35.0, 3.0)	(36.0, 2.0)	(37.0, 2.5)	(38.0, 2.5)	(39.0, 1.5)	(40.0, 0.5)	(41.0, 0.5)	(42.0, 1.5)	(43.0, 2.0)	(44.0, 1.0)	(45.0, 0.5)	(46.0, 1.0)	(47.0, 0.5)	(48.0, 0.5)	(49.0, 0.5)	(50.0, 0.0)	(51.0, 0.0)	(52.0, 0.5)	(53.0, 0.5)	(54.0, 0.0)	(55.0, 0.0)	(56.0, 0.0)	(57.0, 0.0)	(58.0, 0.0)	(59.0, 0.5)	(60.0, 1.0)	(61.0, 1.5)	(62.0, 2.0)	(63.0, 2.0)	(64.0, 2.0)	(65.0, 2.0)	(66.0, 2.0)	(67.0, 2.0)	(68.0, 1.0)	(69.0, 0.0)	(70.0, 0.0)	(71.0, 0.0)	(72.0, 0.0)	(73.0, 0.0)	(74.0, 0.0)	(75.0, 0.0)	(76.0, 0.0)	(77.0, 0.0)	(78.0, 0.0)	(79.0, 0.0)	(80.0, 0.0)	(81.0, 0.0)	(82.0, 0.0)	(83.0, 0.0)	(84.0, 0.0)	(85.0, 0.0)	(86.0, 0.0)	(87.0, 0.0)	(88.0, 0.0)	(89.0, 0.0)	(90.0, 0.0)	(91.0, 0.0)	(92.0, 0.0)	(93.0, 0.0)	(94.0, 0.0)	(95.0, 0.0)	(96.0, 0.0)	(97.0, 0.0)	(98.0, 0.0)	(99.0, 0.0)	(100.0, 0.0)
FAY99780_pass_barcode08_98e12ebb_5ad7f319_16	(0.0, 0.0)	(1.0, 0.0)	(2.0, 0.0)	(3.0, 0.0)	(4.0, 0.0)	(5.0, 0.0)	(6.0, 0.0)	(7.0, 0.0)	(8.0, 0.0)	(9.0, 0.0)	(10.0, 0.0)	(11.0, 0.0)	(12.0, 0.0)	(13.0, 0.0)	(14.0, 0.0)	(15.0, 0.0)	(16.0, 0.0)	(17.0, 0.0)	(18.0, 0.0)	(19.0, 0.0)	(20.0, 0.0)	(21.0, 0.0)	(22.0, 0.0)	(23.0, 0.0)	(24.0, 0.0)	(25.0, 0.0)	(26.0, 0.047619047619047616)	(27.0, 0.326410445922641)	(28.0, 0.4444444444444444)	(29.0, 0.047619047619047616)	(30.0, 0.0)	(31.0, 0.2538274733396685)	(32.0, 0.6310210392313714)	(33.0, 1.768578643578644)	(34.0, 1.6030372852953496)	(35.0, 1.459047636507216)	(36.0, 2.0660684369786564)	(37.0, 3.903355227444896)	(38.0, 3.539604250349484)	(39.0, 4.44800929993182)	(40.0, 2.918701565566252)	(41.0, 3.1742820187942136)	(42.0, 2.2354361872064468)	(43.0, 0.7739692001987084)	(44.0, 0.5833333333333333)	(45.0, 0.7575757575757576)	(46.0, 0.3333333333333333)	(47.0, 0.3333333333333333)	(48.0, 0.5)	(49.0, 2.0)	(50.0, 1.3333333333333333)	(51.0, 0.3333333333333333)	(52.0, 0.0)	(53.0, 0.0)	(54.0, 0.0)	(55.0, 0.3333333333333333)	(56.0, 0.3333333333333333)	(57.0, 0.5)	(58.0, 0.5)	(59.0, 0.0)	(60.0, 0.0)	(61.0, 0.0)	(62.0, 0.0)	(63.0, 0.0)	(64.0, 0.0)	(65.0, 0.0)	(66.0, 0.0)	(67.0, 0.0)	(68.0, 0.0)	(69.0, 0.0)	(70.0, 0.0)	(71.0, 0.0)	(72.0, 0.0)	(73.0, 0.0)	(74.0, 0.0)	(75.0, 0.0)	(76.0, 0.0)	(77.0, 0.0)	(78.0, 0.0)	(79.0, 0.0)	(80.0, 0.0)	(81.0, 0.0)	(82.0, 0.0)	(83.0, 0.0)	(84.0, 0.0)	(85.0, 0.0)	(86.0, 0.0)	(87.0, 0.0)	(88.0, 0.0)	(89.0, 0.0)	(90.0, 0.0)	(91.0, 0.0)	(92.0, 0.0)	(93.0, 0.0)	(94.0, 0.0)	(95.0, 0.0)	(96.0, 0.0)	(97.0, 0.0)	(98.0, 0.0)	(99.0, 0.0)	(100.0, 0.0)
FAY99780_pass_barcode08_98e12ebb_5ad7f319_17	(0.0, 0.0)	(1.0, 0.0)	(2.0, 0.0)	(3.0, 0.0)	(4.0, 0.0)	(5.0, 0.0)	(6.0, 0.0)	(7.0, 0.0)	(8.0, 0.0)	(9.0, 0.0)	(10.0, 0.0)	(11.0, 0.0)	(12.0, 0.0)	(13.0, 0.0)	(14.0, 0.0)	(15.0, 0.0)	(16.0, 0.0)	(17.0, 0.0)	(18.0, 0.0)	(19.0, 0.0)	(20.0, 0.0)	(21.0, 0.0)	(22.0, 0.0)	(23.0, 0.0)	(24.0, 0.0)	(25.0, 0.0)	(26.0, 0.14285714285714285)	(27.0, 0.0)	(28.0, 0.25)	(29.0, 0.0)	(30.0, 0.7818181818181819)	(31.0, 0.724390243902439)	(32.0, 0.605425219941349)	(33.0, 1.771713941116926)	(34.0, 1.8906396642375933)	(35.0, 2.379861405247215)	(36.0, 3.150785676399449)	(37.0, 2.675517137152536)	(38.0, 3.9675324065288313)	(39.0, 3.614543098697415)	(40.0, 3.2441800996077874)	(41.0, 2.5803085232662695)	(42.0, 4.172954224724484)	(43.0, 2.111111111111111)	(44.0, 1.5555555555555556)	(45.0, 0.6666666666666666)	(46.0, 0.8666666666666667)	(47.0, 0.6428571428571428)	(48.0, 0.5)	(49.0, 0.8809523809523809)	(50.0, 0.01639344262295082)	(51.0, 0.0)	(52.0, 0.0)	(53.0, 0.0)	(54.0, 0.0)	(55.0, 0.0)	(56.0, 0.5)	(57.0, 0.5)	(58.0, 0.0)	(59.0, 0.0)	(60.0, 0.0)	(61.0, 0.0)	(62.0, 0.0)	(63.0, 0.0)	(64.0, 0.0)	(65.0, 0.0)	(66.0, 0.0)	(67.0, 0.0)	(68.0, 0.0)	(69.0, 0.0)	(70.0, 0.0)	(71.0, 0.0)	(72.0, 0.0)	(73.0, 0.0)	(74.0, 0.0)	(75.0, 0.0)	(76.0, 0.0)	(77.0, 0.0)	(78.0, 0.0)	(79.0, 0.0)	(80.0, 0.0)	(81.0, 0.0)	(82.0, 0.0)	(83.0, 0.0)	(84.0, 0.0)	(85.0, 0.0)	(86.0, 0.0)	(87.0, 0.0)	(88.0, 0.0)	(89.0, 0.0)	(90.0, 0.0)	(91.0, 0.0)	(92.0, 0.0)	(93.0, 0.0)	(94.0, 0.0)	(95.0, 0.0)	(96.0, 0.0)	(97.0, 0.0)	(98.0, 0.0)	(99.0, 0.0)	(100.0, 0.0)
FAY99780_pass_barcode08_98e12ebb_5ad7f319_18	(0.0, 0.0)	(1.0, 0.0)	(2.0, 0.0)	(3.0, 0.0)	(4.0, 0.0)	(5.0, 0.0)	(6.0, 0.0)	(7.0, 0.0)	(8.0, 0.0)	(9.0, 0.0)	(10.0, 0.0)	(11.0, 0.0)	(12.0, 0.0)	(13.0, 0.0)	(14.0, 0.0)	(15.0, 0.0)	(16.0, 0.0)	(17.0, 0.0)	(18.0, 0.0)	(19.0, 0.0)	(20.0, 0.0)	(21.0, 0.0)	(22.0, 0.0)	(23.0, 0.5)	(24.0, 1.0)	(25.0, 1.0)	(26.0, 1.0)	(27.0, 1.1666666666666667)	(28.0, 1.532258064516129)	(29.0, 2.3333333333333335)	(30.0, 2.0)	(31.0, 1.4485639808220454)	(32.0, 0.8385281385281386)	(33.0, 0.1705519702168371)	(34.0, 0.929956301238756)	(35.0, 2.4491568651263336)	(36.0, 2.3435708909703004)	(37.0, 3.606225106933423)	(38.0, 4.956027637095879)	(39.0, 4.573616666500576)	(40.0, 3.3459901968334913)	(41.0, 3.8611057534892796)	(42.0, 3.737878787878788)	(43.0, 3.352251895209642)	(44.0, 1.9085289514866979)	(45.0, 1.9242424242424243)	(46.0, 2.590909090909091)	(47.0, 1.7)	(48.0, 0.0)	(49.0, 1.0)	(50.0, 1.0)	(51.0, 0.0)	(52.0, 0.0)	(53.0, 0.0)	(54.0, 0.0)	(55.0, 1.0)	(56.0, 1.0)	(57.0, 0.0)	(58.0, 0.0)	(59.0, 0.0)	(60.0, 0.0)	(61.0, 0.0)	(62.0, 0.0)	(63.0, 0.0)	(64.0, 0.0)	(65.0, 0.0)	(66.0, 0.0)	(67.0, 0.0)	(68.0, 0.0)	(69.0, 0.0)	(70.0, 0.0)	(71.0, 0.0)	(72.0, 0.0)	(73.0, 0.0)	(74.0, 0.0)	(75.0, 0.0)	(76.0, 0.0)	(77.0, 0.0)	(78.0, 0.0)	(79.0, 0.0)	(80.0, 0.0)	(81.0, 0.0)	(82.0, 0.0)	(83.0, 0.0)	(84.0, 0.0)	(85.0, 0.0)	(86.0, 0.0)	(87.0, 0.0)	(88.0, 0.0)	(89.0, 0.0)	(90.0, 0.0)	(91.0, 0.0)	(92.0, 0.0)	(93.0, 0.0)	(94.0, 0.0)	(95.0, 0.0)	(96.0, 0.0)	(97.0, 0.0)	(98.0, 0.0)	(99.0, 0.0)	(100.0, 0.0)
FAY99780_pass_barcode08_98e12ebb_5ad7f319_19	(0.0, 1.0)	(1.0, 1.0)	(2.0, 1.0)	(3.0, 1.0)	(4.0, 1.0)	(5.0, 1.0)	(6.0, 1.0)	(7.0, 1.0)	(8.0, 1.0)	(9.0, 1.0)	(10.0, 1.0)	(11.0, 1.0)	(12.0, 1.0)	(13.0, 1.0)	(14.0, 1.0)	(15.0, 1.0)	(16.0, 1.0)	(17.0, 1.0)	(18.0, 1.0)	(19.0, 1.0)	(20.0, 1.0)	(21.0, 1.0)	(22.0, 1.0)	(23.0, 1.0)	(24.0, 1.0)	(25.0, 1.0)	(26.0, 1.2142857142857142)	(27.0, 1.2159090909090908)	(28.0, 1.375)	(29.0, 1.8409090909090908)	(30.0, 2.615591397849462)	(31.0, 2.7587301587301587)	(32.0, 2.4433621933621934)	(33.0, 1.5488438653310235)	(34.0, 2.5305886186341593)	(35.0, 2.801222118095863)	(36.0, 3.1208603460882465)	(37.0, 4.586431891081323)	(38.0, 3.0947317183318908)	(39.0, 4.8673093521945034)	(40.0, 5.026335081105108)	(41.0, 2.778602167567549)	(42.0, 3.101421925346657)	(43.0, 1.7241735537190082)	(44.0, 1.5429292929292928)	(45.0, 1.6111111111111112)	(46.0, 1.6111111111111112)	(47.0, 2.5)	(48.0, 2.0)	(49.0, 1.0)	(50.0, 1.0)	(51.0, 0.5)	(52.0, 0.0)	(53.0, 0.0)	(54.0, 0.0)	(55.0, 0.0)	(56.0, 0.0)	(57.0, 0.0)	(58.0, 0.0)	(59.0, 0.0)	(60.0, 0.0)	(61.0, 0.0)	(62.0, 0.0)	(63.0, 0.0)	(64.0, 0.0)	(65.0, 0.0)	(66.0, 0.0)	(67.0, 0.0)	(68.0, 0.0)	(69.0, 0.0)	(70.0, 0.0)	(71.0, 0.0)	(72.0, 0.0)	(73.0, 0.16666666666666666)	(74.0, 0.0)	(75.0, 0.0)	(76.0, 0.0)	(77.0, 0.0)	(78.0, 0.0)	(79.0, 0.0)	(80.0, 0.0)	(81.0, 0.0)	(82.0, 0.0)	(83.0, 0.0)	(84.0, 0.0)	(85.0, 0.0)	(86.0, 0.0)	(87.0, 0.0)	(88.0, 0.0)	(89.0, 0.0)	(90.0, 0.0)	(91.0, 0.0)	(92.0, 0.0)	(93.0, 0.0)	(94.0, 0.0)	(95.0, 0.0)	(96.0, 0.0)	(97.0, 0.0)	(98.0, 0.0)	(99.0, 0.0)	(100.0, 0.0)
FAY99780_pass_barcode08_98e12ebb_5ad7f319_2	(0.0, 0.0)	(1.0, 0.0)	(2.0, 0.0)	(3.0, 0.0)	(4.0, 0.0)	(5.0, 0.0)	(6.0, 0.0)	(7.0, 0.0)	(8.0, 0.0)	(9.0, 0.0)	(10.0, 0.0)	(11.0, 0.0)	(12.0, 0.0)	(13.0, 0.0)	(14.0, 0.0)	(15.0, 0.0)	(16.0, 0.0)	(17.0, 0.0)	(18.0, 0.5)	(19.0, 1.0)	(20.0, 1.0)	(21.0, 1.0)	(22.0, 1.0)	(23.0, 1.0)	(24.0, 0.5)	(25.0, 0.19090909090909092)	(26.0, 0.0)	(27.0, 0.18181818181818182)	(28.0, 1.3262626262626263)	(29.0, 1.0746753246753247)	(30.0, 1.0200800785676511)	(31.0, 1.8860855378557975)	(32.0, 1.5484848484848484)	(33.0, 2.089780991153134)	(34.0, 3.819350183866313)	(35.0, 4.676485690497309)	(36.0, 6.354650871486049)	(37.0, 8.334979709960702)	(38.0, 5.360263706459708)	(39.0, 5.982201733445735)	(40.0, 7.590066831353219)	(41.0, 5.889818532010371)	(42.0, 3.13395133080997)	(43.0, 2.8766233766233764)	(44.0, 2.783730158730159)	(45.0, 2.5)	(46.0, 1.5)	(47.0, 0.1)	(48.0, 0.5)	(49.0, 1.282258064516129)	(50.0, 1.1666666666666665)	(51.0, 0.8333333333333333)	(52.0, 1.25)	(53.0, 0.5)	(54.0, 0.0)	(55.0, 0.0)	(56.0, 0.0)	(57.0, 0.0)	(58.0, 0.0)	(59.0, 0.0)	(60.0, 0.0)	(61.0, 0.0)	(62.0, 0.0)	(63.0, 0.0)	(64.0, 0.0)	(65.0, 0.0)	(66.0, 0.0)	(67.0, 0.0)	(68.0, 0.0)	(69.0, 0.0)	(70.0, 0.0)	(71.0, 0.0)	(72.0, 0.0)	(73.0, 0.0)	(74.0, 0.0)	(75.0, 0.0)	(76.0, 0.0)	(77.0, 0.0)	(78.0, 0.0)	(79.0, 0.0)	(80.0, 0.0)	(81.0, 0.0)	(82.0, 0.0)	(83.0, 0.0)	(84.0, 0.0)	(85.0, 0.0)	(86.0, 0.0)	(87.0, 0.0)	(88.0, 0.0)	(89.0, 0.0)	(90.0, 0.0)	(91.0, 0.0)	(92.0, 0.0)	(93.0, 0.0)	(94.0, 0.0)	(95.0, 0.0)	(96.0, 0.0)	(97.0, 0.0)	(98.0, 0.0)	(99.0, 0.0)	(100.0, 0.0)
FAY99780_pass_barcode08_98e12ebb_5ad7f319_20	(0.0, 0.0)	(1.0, 0.0)	(2.0, 0.0)	(3.0, 0.0)	(4.0, 0.0)	(5.0, 0.0)	(6.0, 0.0)	(7.0, 0.0)	(8.0, 0.0)	(9.0, 0.0)	(10.0, 0.0)	(11.0, 0.0)	(12.0, 0.0)	(13.0, 0.0)	(14.0, 0.0)	(15.0, 0.0)	(16.0, 0.0)	(17.0, 0.0)	(18.0, 0.0)	(19.0, 0.0)	(20.0, 0.0)	(21.0, 0.0)	(22.0, 0.0)	(23.0, 0.0)	(24.0, 0.0)	(25.0, 0.0)	(26.0, 0.047619047619047616)	(27.0, 0.0)	(28.0, 0.01098901098901099)	(29.0, 0.33852813852813857)	(30.0, 0.35873015873015873)	(31.0, 0.1430530254059666)	(32.0, 0.33376623376623377)	(33.0, 1.1032831171982973)	(34.0, 1.0608727961903932)	(35.0, 1.9692693425939158)	(36.0, 4.344965357212824)	(37.0, 3.184641805852523)	(38.0, 6.1256949544056365)	(39.0, 5.627730038854129)	(40.0, 5.37924888968008)	(41.0, 3.631716938975003)	(42.0, 3.1598159293281243)	(43.0, 2.29854267869535)	(44.0, 1.5909090909090908)	(45.0, 1.1666666666666667)	(46.0, 0.8333333333333333)	(47.0, 0.0)	(48.0, 0.0)	(49.0, 0.0)	(50.0, 0.0)	(51.0, 0.5)	(52.0, 0.5)	(53.0, 0.0)	(54.0, 0.0)	(55.0, 0.0)	(56.0, 0.0)	(57.0, 0.0)	(58.0, 0.0)	(59.0, 0.0)	(60.0, 0.0)	(61.0, 0.0)	(62.0, 0.0)	(63.0, 0.0)	(64.0, 0.0)	(65.0, 0.0)	(66.0, 0.0)	(67.0, 0.0)	(68.0, 0.0)	(69.0, 0.0)	(70.0, 0.0)	(71.0, 0.0)	(72.0, 0.0)	(73.0, 0.0)	(74.0, 0.0)	(75.0, 0.0)	(76.0, 0.0)	(77.0, 0.0)	(78.0, 0.0)	(79.0, 0.0)	(80.0, 0.0)	(81.0, 0.0)	(82.0, 0.0)	(83.0, 0.0)	(84.0, 0.0)	(85.0, 0.0)	(86.0, 0.0)	(87.0, 0.0)	(88.0, 0.0)	(89.0, 0.0)	(90.0, 0.0)	(91.0, 0.0)	(92.0, 0.0)	(93.0, 0.0)	(94.0, 0.0)	(95.0, 0.0)	(96.0, 0.0)	(97.0, 0.0)	(98.0, 0.0)	(99.0, 0.0)	(100.0, 0.0)
FAY99780_pass_barcode08_98e12ebb_5ad7f319_21	(0.0, 0.0)	(1.0, 0.0)	(2.0, 0.0)	(3.0, 0.0)	(4.0, 0.0)	(5.0, 0.0)	(6.0, 0.0)	(7.0, 0.0)	(8.0, 0.0)	(9.0, 0.0)	(10.0, 0.0)	(11.0, 0.0)	(12.0, 0.0)	(13.0, 0.0)	(14.0, 0.0)	(15.0, 0.0)	(16.0, 0.0)	(17.0, 0.0)	(18.0, 0.0)	(19.0, 0.0)	(20.0, 0.0)	(21.0, 0.0)	(22.0, 0.0)	(23.0, 0.0)	(24.0, 0.0)	(25.0, 0.0)	(26.0, 0.0)	(27.0, 0.0)	(28.0, 0.6751152073732718)	(29.0, 0.5)	(30.0, 0.13852813852813853)	(31.0, 0.21841364464315283)	(32.0, 0.43541456908277454)	(33.0, 1.1554078821781415)	(34.0, 1.4419396809512999)	(35.0, 0.886697232145469)	(36.0, 2.24576135908648)	(37.0, 2.6151449847879666)	(38.0, 3.4664354807888778)	(39.0, 4.140258738378649)	(40.0, 4.201998096402303)	(41.0, 5.449462844766449)	(42.0, 4.825052505250525)	(43.0, 3.807575757575758)	(44.0, 2.9242424242424243)	(45.0, 1.5909090909090908)	(46.0, 1.5)	(47.0, 1.0)	(48.0, 0.0)	(49.0, 0.0)	(50.0, 0.0)	(51.0, 0.0)	(52.0, 0.0)	(53.0, 0.0)	(54.0, 0.0)	(55.0, 0.0)	(56.0, 0.0)	(57.0, 0.0)	(58.0, 0.0)	(59.0, 0.0)	(60.0, 0.0)	(61.0, 0.0)	(62.0, 0.0)	(63.0, 0.0)	(64.0, 0.0)	(65.0, 0.0)	(66.0, 0.0)	(67.0, 0.0)	(68.0, 0.0)	(69.0, 0.0)	(70.0, 0.0)	(71.0, 0.0)	(72.0, 0.0)	(73.0, 0.0)	(74.0, 0.0)	(75.0, 0.0)	(76.0, 0.0)	(77.0, 0.0)	(78.0, 0.0)	(79.0, 0.0)	(80.0, 0.0)	(81.0, 0.0)	(82.0, 0.0)	(83.0, 0.0)	(84.0, 0.0)	(85.0, 0.0)	(86.0, 0.0)	(87.0, 0.0)	(88.0, 0.0)	(89.0, 0.0)	(90.0, 0.0)	(91.0, 0.0)	(92.0, 0.0)	(93.0, 0.0)	(94.0, 0.0)	(95.0, 0.0)	(96.0, 0.0)	(97.0, 0.0)	(98.0, 0.0)	(99.0, 0.0)	(100.0, 0.0)
FAY99780_pass_barcode08_98e12ebb_5ad7f319_22	(0.0, 0.0)	(1.0, 0.0)	(2.0, 0.0)	(3.0, 0.0)	(4.0, 0.0)	(5.0, 0.0)	(6.0, 0.0)	(7.0, 0.0)	(8.0, 0.0)	(9.0, 0.0)	(10.0, 0.0)	(11.0, 0.0)	(12.0, 0.0)	(13.0, 0.0)	(14.0, 0.0)	(15.0, 0.0)	(16.0, 0.0)	(17.0, 0.0)	(18.0, 0.0)	(19.0, 0.0)	(20.0, 0.0)	(21.0, 0.0)	(22.0, 0.0)	(23.0, 0.0)	(24.0, 0.0)	(25.0, 0.0)	(26.0, 0.0)	(27.0, 0.0)	(28.0, 0.125)	(29.0, 0.10499359795134443)	(30.0, 0.44011544011544007)	(31.0, 0.8269506071486269)	(32.0, 0.9833333333333334)	(33.0, 0.9622632643799238)	(34.0, 0.945337585237831)	(35.0, 3.148054834262779)	(36.0, 4.642213941342695)	(37.0, 4.277678793509206)	(38.0, 4.008162539278636)	(39.0, 2.725744615813627)	(40.0, 3.1628370875741583)	(41.0, 2.897957687473816)	(42.0, 2.001262626262626)	(43.0, 0.3333333333333333)	(44.0, 0.14285714285714285)	(45.0, 0.5)	(46.0, 1.0)	(47.0, 0.5)	(48.0, 0.0)	(49.0, 0.6989247311827957)	(50.0, 0.6910569105691057)	(51.0, 0.0)	(52.0, 0.3333333333333333)	(53.0, 0.3333333333333333)	(54.0, 0.0)	(55.0, 0.0)	(56.0, 0.0)	(57.0, 0.0)	(58.0, 0.0)	(59.0, 0.0)	(60.0, 0.0)	(61.0, 0.0)	(62.0, 0.0)	(63.0, 0.0)	(64.0, 0.0)	(65.0, 0.0)	(66.0, 0.0)	(67.0, 0.3333333333333333)	(68.0, 0.3333333333333333)	(69.0, 0.0)	(70.0, 0.0)	(71.0, 0.0)	(72.0, 0.0)	(73.0, 0.0)	(74.0, 0.0)	(75.0, 0.0)	(76.0, 0.0)	(77.0, 0.0)	(78.0, 0.0)	(79.0, 0.0)	(80.0, 0.0)	(81.0, 0.0)	(82.0, 0.0)	(83.0, 0.0)	(84.0, 0.0)	(85.0, 0.0)	(86.0, 0.0)	(87.0, 0.0)	(88.0, 0.0)	(89.0, 0.0)	(90.0, 0.0)	(91.0, 0.0)	(92.0, 0.0)	(93.0, 0.0)	(94.0, 0.0)	(95.0, 0.0)	(96.0, 0.0)	(97.0, 0.0)	(98.0, 0.0)	(99.0, 0.0)	(100.0, 0.0)
FAY99780_pass_barcode08_98e12ebb_5ad7f319_23	(0.0, 0.0)	(1.0, 0.0)	(2.0, 0.0)	(3.0, 0.0)	(4.0, 0.0)	(5.0, 0.0)	(6.0, 0.0)	(7.0, 0.0)	(8.0, 0.0)	(9.0, 0.0)	(10.0, 0.0)	(11.0, 0.0)	(12.0, 0.0)	(13.0, 0.0)	(14.0, 0.0)	(15.0, 0.0)	(16.0, 0.0)	(17.0, 0.0)	(18.0, 0.0)	(19.0, 0.0)	(20.0, 0.0)	(21.0, 0.0)	(22.0, 0.5)	(23.0, 0.5)	(24.0, 0.0)	(25.0, 0.0)	(26.0, 0.0)	(27.0, 0.3333333333333333)	(28.0, 0.0)	(29.0, 0.0)	(30.0, 0.024390243902439025)	(31.0, 0.0)	(32.0, 0.3390762463343109)	(33.0, 0.9097671445818309)	(34.0, 1.345340731256224)	(35.0, 2.418200919773561)	(36.0, 2.687036209915988)	(37.0, 4.210211238369277)	(38.0, 4.676149290077194)	(39.0, 5.4817611060157665)	(40.0, 3.5431876365062314)	(41.0, 3.7530063495056054)	(42.0, 2.8151224791468694)	(43.0, 1.115909090909091)	(44.0, 0.25)	(45.0, 0.0)	(46.0, 0.5)	(47.0, 0.5)	(48.0, 0.8333333333333333)	(49.0, 0.5476190476190477)	(50.0, 0.0)	(51.0, 0.0)	(52.0, 0.3333333333333333)	(53.0, 0.3333333333333333)	(54.0, 0.5)	(55.0, 0.5)	(56.0, 0.0)	(57.0, 0.0)	(58.0, 0.0)	(59.0, 0.0)	(60.0, 0.0)	(61.0, 0.0)	(62.0, 0.0)	(63.0, 0.0)	(64.0, 0.0)	(65.0, 0.0)	(66.0, 0.0)	(67.0, 0.0)	(68.0, 0.0)	(69.0, 0.0)	(70.0, 0.0)	(71.0, 0.0)	(72.0, 0.0)	(73.0, 0.0)	(74.0, 0.0)	(75.0, 0.0)	(76.0, 0.0)	(77.0, 0.0)	(78.0, 0.0)	(79.0, 0.0)	(80.0, 0.0)	(81.0, 0.0)	(82.0, 0.0)	(83.0, 0.0)	(84.0, 0.0)	(85.0, 0.0)	(86.0, 0.0)	(87.0, 0.0)	(88.0, 0.0)	(89.0, 0.0)	(90.0, 0.0)	(91.0, 0.0)	(92.0, 0.0)	(93.0, 0.0)	(94.0, 0.0)	(95.0, 0.0)	(96.0, 0.0)	(97.0, 0.0)	(98.0, 0.0)	(99.0, 0.0)	(100.0, 0.0)
FAY99780_pass_barcode08_98e12ebb_5ad7f319_24	(0.0, 0.0)	(1.0, 0.0)	(2.0, 0.0)	(3.0, 0.0)	(4.0, 0.0)	(5.0, 0.0)	(6.0, 0.0)	(7.0, 0.0)	(8.0, 0.0)	(9.0, 0.0)	(10.0, 0.0)	(11.0, 0.0)	(12.0, 0.0)	(13.0, 0.0)	(14.0, 0.0)	(15.0, 0.0)	(16.0, 0.0)	(17.0, 0.0)	(18.0, 0.0)	(19.0, 0.0)	(20.0, 0.0)	(21.0, 0.0)	(22.0, 0.0)	(23.0, 0.0)	(24.0, 0.0)	(25.0, 0.0)	(26.0, 0.0)	(27.0, 0.0)	(28.0, 0.0)	(29.0, 0.2727272727272727)	(30.0, 0.01098901098901099)	(31.0, 0.1111111111111111)	(32.0, 0.49625171576391086)	(33.0, 0.6223968699574256)	(34.0, 1.7635008317582497)	(35.0, 2.752880126024292)	(36.0, 1.8295785679175682)	(37.0, 2.5795303906836757)	(38.0, 3.2592795058831303)	(39.0, 3.8710019095751)	(40.0, 3.207448477316309)	(41.0, 3.094106312147919)	(42.0, 1.9108655681236326)	(43.0, 1.1325757575757576)	(44.0, 0.9999999999999999)	(45.0, 0.532258064516129)	(46.0, 1.3333333333333333)	(47.0, 0.5)	(48.0, 0.0)	(49.0, 0.3333333333333333)	(50.0, 0.43333333333333335)	(51.0, 0.5)	(52.0, 1.5)	(53.0, 1.0)	(54.0, 0.5)	(55.0, 1.0)	(56.0, 1.0)	(57.0, 1.0)	(58.0, 1.0)	(59.0, 1.0)	(60.0, 1.0)	(61.0, 1.0)	(62.0, 1.0)	(63.0, 0.5)	(64.0, 0.0)	(65.0, 0.3333333333333333)	(66.0, 0.3333333333333333)	(67.0, 0.0)	(68.0, 0.0)	(69.0, 0.0)	(70.0, 0.0)	(71.0, 0.0)	(72.0, 0.0)	(73.0, 0.0)	(74.0, 0.3333333333333333)	(75.0, 0.0)	(76.0, 0.0)	(77.0, 0.0)	(78.0, 0.0)	(79.0, 0.0)	(80.0, 0.0)	(81.0, 0.0)	(82.0, 0.0)	(83.0, 0.0)	(84.0, 0.0)	(85.0, 0.0)	(86.0, 0.0)	(87.0, 0.0)	(88.0, 0.0)	(89.0, 0.0)	(90.0, 0.0)	(91.0, 0.0)	(92.0, 0.0)	(93.0, 0.0)	(94.0, 0.0)	(95.0, 0.0)	(96.0, 0.0)	(97.0, 0.0)	(98.0, 0.0)	(99.0, 0.0)	(100.0, 0.0)
FAY99780_pass_barcode08_98e12ebb_5ad7f319_25	(0.0, 0.0)	(1.0, 0.0)	(2.0, 0.0)	(3.0, 0.0)	(4.0, 0.0)	(5.0, 0.0)	(6.0, 0.0)	(7.0, 0.0)	(8.0, 0.0)	(9.0, 0.0)	(10.0, 0.0)	(11.0, 0.0)	(12.0, 0.0)	(13.0, 0.0)	(14.0, 0.0)	(15.0, 0.0)	(16.0, 0.0)	(17.0, 0.0)	(18.0, 0.0)	(19.0, 0.0)	(20.0, 0.0)	(21.0, 0.0)	(22.0, 0.0)	(23.0, 0.0)	(24.0, 0.0)	(25.0, 0.16666666666666666)	(26.0, 0.0)	(27.0, 0.0)	(28.0, 0.14761904761904762)	(29.0, 0.7891207153502237)	(30.0, 1.1818181818181819)	(31.0, 1.0909090909090908)	(32.0, 1.2494297816878461)	(33.0, 0.9104612141886457)	(34.0, 0.6419568858471224)	(35.0, 1.0771703237637797)	(36.0, 3.099109533091901)	(37.0, 3.5679207553475867)	(38.0, 3.328051784549233)	(39.0, 3.5991435125992135)	(40.0, 3.742349329081141)	(41.0, 1.7617228759979249)	(42.0, 0.3333333333333333)	(43.0, 0.9409826089403555)	(44.0, 1.25)	(45.0, 1.3577235772357723)	(46.0, 1.8666666666666665)	(47.0, 0.5)	(48.0, 0.6666666666666666)	(49.0, 0.5)	(50.0, 0.0)	(51.0, 0.0)	(52.0, 0.0)	(53.0, 0.0)	(54.0, 0.3333333333333333)	(55.0, 0.3333333333333333)	(56.0, 0.0)	(57.0, 0.0)	(58.0, 0.0)	(59.0, 0.5)	(60.0, 0.5)	(61.0, 0.0)	(62.0, 0.0)	(63.0, 0.0)	(64.0, 0.0)	(65.0, 0.0)	(66.0, 0.0)	(67.0, 0.0)	(68.0, 0.0)	(69.0, 0.0)	(70.0, 0.0)	(71.0, 0.0)	(72.0, 0.0)	(73.0, 0.0)	(74.0, 0.0)	(75.0, 0.0)	(76.0, 0.0)	(77.0, 0.0)	(78.0, 0.0)	(79.0, 0.0)	(80.0, 0.0)	(81.0, 0.0)	(82.0, 0.0)	(83.0, 0.0)	(84.0, 0.0)	(85.0, 0.0)	(86.0, 0.0)	(87.0, 0.0)	(88.0, 0.0)	(89.0, 0.0)	(90.0, 0.0)	(91.0, 0.0)	(92.0, 0.0)	(93.0, 0.0)	(94.0, 0.0)	(95.0, 0.0)	(96.0, 0.0)	(97.0, 0.0)	(98.0, 0.0)	(99.0, 0.0)	(100.0, 0.0)
FAY99780_pass_barcode08_98e12ebb_5ad7f319_26	(0.0, 0.0)	(1.0, 0.0)	(2.0, 0.0)	(3.0, 0.0)	(4.0, 0.0)	(5.0, 0.0)	(6.0, 0.0)	(7.0, 0.0)	(8.0, 0.0)	(9.0, 0.0)	(10.0, 0.0)	(11.0, 0.0)	(12.0, 0.0)	(13.0, 0.0)	(14.0, 0.0)	(15.0, 0.0)	(16.0, 0.0)	(17.0, 0.0)	(18.0, 0.0)	(19.0, 0.0)	(20.0, 0.0)	(21.0, 0.0)	(22.0, 0.0)	(23.0, 0.0)	(24.0, 0.0)	(25.0, 0.0)	(26.0, 0.0)	(27.0, 0.0)	(28.0, 0.09523809523809523)	(29.0, 0.0)	(30.0, 0.0196078431372549)	(31.0, 1.0871608066730019)	(32.0, 1.6116952939533584)	(33.0, 1.274723783586126)	(34.0, 0.5053443288737407)	(35.0, 1.385371076165726)	(36.0, 3.7977551567560885)	(37.0, 3.6816587393041194)	(38.0, 3.381128604839372)	(39.0, 4.3746053272421435)	(40.0, 4.636302993936379)	(41.0, 3.7874528697109344)	(42.0, 2.648051948051948)	(43.0, 1.1893939393939394)	(44.0, 2.0075757575757573)	(45.0, 0.375)	(46.0, 0.3333333333333333)	(47.0, 1.1666666666666665)	(48.0, 0.5)	(49.0, 0.5)	(50.0, 0.5909090909090909)	(51.0, 0.25)	(52.0, 0.0)	(53.0, 0.0)	(54.0, 0.3333333333333333)	(55.0, 0.5)	(56.0, 0.5)	(57.0, 0.0)	(58.0, 0.0)	(59.0, 0.0)	(60.0, 0.0)	(61.0, 0.0)	(62.0, 0.0)	(63.0, 0.0)	(64.0, 0.0)	(65.0, 0.0)	(66.0, 0.0)	(67.0, 0.0)	(68.0, 0.0)	(69.0, 0.0)	(70.0, 0.0)	(71.0, 0.0)	(72.0, 0.0)	(73.0, 0.0)	(74.0, 0.0)	(75.0, 0.0)	(76.0, 0.0)	(77.0, 0.0)	(78.0, 0.0)	(79.0, 0.0)	(80.0, 0.0)	(81.0, 0.0)	(82.0, 0.0)	(83.0, 0.0)	(84.0, 0.0)	(85.0, 0.0)	(86.0, 0.0)	(87.0, 0.0)	(88.0, 0.0)	(89.0, 0.0)	(90.0, 0.0)	(91.0, 0.0)	(92.0, 0.0)	(93.0, 0.0)	(94.0, 0.0)	(95.0, 0.0)	(96.0, 0.0)	(97.0, 0.0)	(98.0, 0.0)	(99.0, 0.0)	(100.0, 0.0)
FAY99780_pass_barcode08_98e12ebb_5ad7f319_27	(0.0, 0.0)	(1.0, 0.0)	(2.0, 0.0)	(3.0, 0.0)	(4.0, 0.0)	(5.0, 0.0)	(6.0, 0.0)	(7.0, 0.0)	(8.0, 0.0)	(9.0, 0.0)	(10.0, 0.0)	(11.0, 0.0)	(12.0, 0.0)	(13.0, 0.0)	(14.0, 0.0)	(15.0, 0.0)	(16.0, 0.0)	(17.0, 0.0)	(18.0, 0.0)	(19.0, 0.0)	(20.0, 0.0)	(21.0, 0.0)	(22.0, 0.0)	(23.0, 0.0)	(24.0, 0.0)	(25.0, 0.09090909090909091)	(26.0, 0.0)	(27.0, 0.2)	(28.0, 0.0)	(29.0, 0.14285714285714285)	(30.0, 0.7337662337662337)	(31.0, 0.5)	(32.0, 0.2637869376999812)	(33.0, 0.25102163720049897)	(34.0, 1.0584415584415585)	(35.0, 1.933854138944647)	(36.0, 2.464742491195732)	(37.0, 2.182996132100308)	(38.0, 3.315478857815482)	(39.0, 3.1593675505814525)	(40.0, 3.6283216170072086)	(41.0, 4.959192323432524)	(42.0, 4.395779220779221)	(43.0, 2.458333333333333)	(44.0, 1.7833333333333332)	(45.0, 1.7539682539682537)	(46.0, 1.0833333333333333)	(47.0, 1.5833333333333333)	(48.0, 1.3928571428571428)	(49.0, 0.6428571428571428)	(50.0, 0.0)	(51.0, 0.0)	(52.0, 0.0)	(53.0, 0.0)	(54.0, 0.0)	(55.0, 0.0)	(56.0, 0.0)	(57.0, 0.0)	(58.0, 0.0)	(59.0, 0.0)	(60.0, 0.0)	(61.0, 0.0)	(62.0, 0.0)	(63.0, 0.0)	(64.0, 0.0)	(65.0, 0.0)	(66.0, 0.0)	(67.0, 0.0)	(68.0, 0.0)	(69.0, 0.0)	(70.0, 0.0)	(71.0, 0.0)	(72.0, 0.0)	(73.0, 0.0)	(74.0, 0.0)	(75.0, 0.0)	(76.0, 0.0)	(77.0, 0.0)	(78.0, 0.0)	(79.0, 0.0)	(80.0, 0.0)	(81.0, 0.0)	(82.0, 0.0)	(83.0, 0.0)	(84.0, 0.0)	(85.0, 0.0)	(86.0, 0.0)	(87.0, 0.0)	(88.0, 0.0)	(89.0, 0.0)	(90.0, 0.0)	(91.0, 0.0)	(92.0, 0.0)	(93.0, 0.0)	(94.0, 0.0)	(95.0, 0.0)	(96.0, 0.0)	(97.0, 0.0)	(98.0, 0.0)	(99.0, 0.0)	(100.0, 0.0)
FAY99780_pass_barcode08_98e12ebb_5ad7f319_28	(0.0, 0.0)	(1.0, 0.0)	(2.0, 0.0)	(3.0, 0.0)	(4.0, 0.0)	(5.0, 0.0)	(6.0, 0.0)	(7.0, 0.0)	(8.0, 0.0)	(9.0, 0.0)	(10.0, 0.0)	(11.0, 0.0)	(12.0, 0.0)	(13.0, 0.0)	(14.0, 0.0)	(15.0, 0.0)	(16.0, 0.0)	(17.0, 0.0)	(18.0, 0.0)	(19.0, 0.0)	(20.0, 0.0)	(21.0, 0.0)	(22.0, 0.0)	(23.0, 0.0)	(24.0, 0.3333333333333333)	(25.0, 0.3333333333333333)	(26.0, 0.0)	(27.0, 0.0)	(28.0, 0.0)	(29.0, 0.047619047619047616)	(30.0, 0.34090909090909094)	(31.0, 0.09090909090909091)	(32.0, 0.6909090909090909)	(33.0, 1.5387515710096353)	(34.0, 1.9247989260284342)	(35.0, 1.3961590622647129)	(36.0, 1.2523366266004463)	(37.0, 2.1822168819027836)	(38.0, 2.441783986637958)	(39.0, 2.760663586995562)	(40.0, 1.429134969388868)	(41.0, 1.2037948610529257)	(42.0, 1.3623015873015873)	(43.0, 1.0196078431372548)	(44.0, 0.625)	(45.0, 0.0)	(46.0, 0.0)	(47.0, 0.5)	(48.0, 0.8333333333333333)	(49.0, 0.0)	(50.0, 0.0)	(51.0, 0.0)	(52.0, 0.5)	(53.0, 0.5)	(54.0, 0.0)	(55.0, 0.0)	(56.0, 0.0)	(57.0, 0.0)	(58.0, 0.0)	(59.0, 0.0)	(60.0, 0.0)	(61.0, 0.0)	(62.0, 0.0)	(63.0, 0.0)	(64.0, 0.0)	(65.0, 0.0)	(66.0, 0.0)	(67.0, 0.0)	(68.0, 0.0)	(69.0, 0.0)	(70.0, 0.0)	(71.0, 0.0)	(72.0, 0.0)	(73.0, 0.0)	(74.0, 0.0)	(75.0, 0.0)	(76.0, 0.0)	(77.0, 0.0)	(78.0, 0.0)	(79.0, 0.0)	(80.0, 0.0)	(81.0, 0.0)	(82.0, 0.0)	(83.0, 0.0)	(84.0, 0.0)	(85.0, 0.0)	(86.0, 0.0)	(87.0, 0.0)	(88.0, 0.0)	(89.0, 0.0)	(90.0, 0.0)	(91.0, 0.0)	(92.0, 0.0)	(93.0, 0.0)	(94.0, 0.0)	(95.0, 0.0)	(96.0, 0.0)	(97.0, 0.0)	(98.0, 0.0)	(99.0, 0.0)	(100.0, 0.0)
FAY99780_pass_barcode08_98e12ebb_5ad7f319_29	(0.0, 0.0)	(1.0, 0.0)	(2.0, 0.0)	(3.0, 0.0)	(4.0, 0.0)	(5.0, 0.0)	(6.0, 0.0)	(7.0, 0.0)	(8.0, 0.0)	(9.0, 0.0)	(10.0, 0.0)	(11.0, 0.0)	(12.0, 0.0)	(13.0, 0.0)	(14.0, 0.0)	(15.0, 0.0)	(16.0, 0.0)	(17.0, 0.0)	(18.0, 0.0)	(19.0, 0.0)	(20.0, 0.0)	(21.0, 0.0)	(22.0, 0.0)	(23.0, 0.0)	(24.0, 0.0)	(25.0, 0.0)	(26.0, 0.0)	(27.0, 0.16666666666666666)	(28.0, 0.0)	(29.0, 0.7151515151515152)	(30.0, 0.10730253353204174)	(31.0, 0.20202020202020202)	(32.0, 0.3170557973882073)	(33.0, 0.6360855378557975)	(34.0, 0.5555849450069327)	(35.0, 1.1892028145009799)	(36.0, 3.0129443235418654)	(37.0, 3.1367252165841952)	(38.0, 4.59331392350514)	(39.0, 2.2595887554094367)	(40.0, 3.0456795781090666)	(41.0, 2.2808954738532203)	(42.0, 1.763131313131313)	(43.0, 2.530952380952381)	(44.0, 2.25)	(45.0, 1.1583333333333332)	(46.0, 0.0)	(47.0, 0.0)	(48.0, 0.5)	(49.0, 0.8333333333333333)	(50.0, 0.3333333333333333)	(51.0, 0.0)	(52.0, 0.0)	(53.0, 0.0)	(54.0, 0.0)	(55.0, 0.0)	(56.0, 0.0)	(57.0, 1.0)	(58.0, 1.0)	(59.0, 0.0)	(60.0, 0.0)	(61.0, 0.0)	(62.0, 0.0)	(63.0, 0.0)	(64.0, 0.5)	(65.0, 0.5)	(66.0, 0.5)	(67.0, 0.5)	(68.0, 0.0)	(69.0, 0.0)	(70.0, 0.0)	(71.0, 0.0)	(72.0, 0.0)	(73.0, 0.5)	(74.0, 0.5)	(75.0, 0.0)	(76.0, 0.0)	(77.0, 0.0)	(78.0, 0.0)	(79.0, 0.0)	(80.0, 0.0)	(81.0, 0.0)	(82.0, 0.0)	(83.0, 0.0)	(84.0, 0.0)	(85.0, 0.0)	(86.0, 0.0)	(87.0, 0.0)	(88.0, 0.0)	(89.0, 0.0)	(90.0, 0.0)	(91.0, 0.0)	(92.0, 0.0)	(93.0, 0.0)	(94.0, 0.0)	(95.0, 0.0)	(96.0, 0.0)	(97.0, 0.0)	(98.0, 0.0)	(99.0, 0.0)	(100.0, 0.0)
FAY99780_pass_barcode08_98e12ebb_5ad7f319_3	(0.0, 0.0)	(1.0, 0.0)	(2.0, 0.0)	(3.0, 0.0)	(4.0, 0.0)	(5.0, 0.0)	(6.0, 0.0)	(7.0, 0.0)	(8.0, 0.0)	(9.0, 0.0)	(10.0, 0.0)	(11.0, 0.0)	(12.0, 0.0)	(13.0, 0.0)	(14.0, 0.0)	(15.0, 0.0)	(16.0, 0.5)	(17.0, 1.0)	(18.0, 1.0)	(19.0, 1.0)	(20.0, 1.0)	(21.0, 1.0)	(22.0, 0.6428571428571428)	(23.0, 0.25)	(24.0, 0.25)	(25.0, 0.0)	(26.0, 0.0)	(27.0, 0.12316715542521994)	(28.0, 0.30000000000000004)	(29.0, 0.41428571428571426)	(30.0, 0.7277777777777779)	(31.0, 1.5476107398025793)	(32.0, 2.7606008691833184)	(33.0, 2.0564940708181325)	(34.0, 2.5117434367279254)	(35.0, 3.858049256095678)	(36.0, 4.218539920316645)	(37.0, 5.269649951195227)	(38.0, 4.405984252296896)	(39.0, 6.016007507831553)	(40.0, 5.1527928012582915)	(41.0, 7.013005156689181)	(42.0, 6.0313852813852815)	(43.0, 5.33939393939394)	(44.0, 3.3393939393939394)	(45.0, 2.333333333333333)	(46.0, 0.6111111111111112)	(47.0, 0.0)	(48.0, 0.0)	(49.0, 0.0)	(50.0, 0.0)	(51.0, 0.0)	(52.0, 0.0)	(53.0, 0.3333333333333333)	(54.0, 0.0)	(55.0, 0.0)	(56.0, 0.0)	(57.0, 0.0)	(58.0, 0.0)	(59.0, 0.0)	(60.0, 0.0)	(61.0, 0.0)	(62.0, 0.0)	(63.0, 0.0)	(64.0, 0.0)	(65.0, 0.0)	(66.0, 0.0)	(67.0, 0.0)	(68.0, 0.0)	(69.0, 0.0)	(70.0, 0.0)	(71.0, 0.0)	(72.0, 0.0)	(73.0, 0.0)	(74.0, 0.0)	(75.0, 0.0)	(76.0, 0.0)	(77.0, 0.0)	(78.0, 0.0)	(79.0, 0.0)	(80.0, 0.0)	(81.0, 0.0)	(82.0, 0.0)	(83.0, 0.0)	(84.0, 0.0)	(85.0, 0.0)	(86.0, 0.0)	(87.0, 0.0)	(88.0, 0.0)	(89.0, 0.0)	(90.0, 0.0)	(91.0, 0.0)	(92.0, 0.0)	(93.0, 0.0)	(94.0, 0.0)	(95.0, 0.0)	(96.0, 0.0)	(97.0, 0.0)	(98.0, 0.0)	(99.0, 0.0)	(100.0, 0.0)
FAY99780_pass_barcode08_98e12ebb_5ad7f319_30	(0.0, 0.0)	(1.0, 0.0)	(2.0, 0.0)	(3.0, 0.0)	(4.0, 0.0)	(5.0, 0.0)	(6.0, 0.0)	(7.0, 0.0)	(8.0, 0.0)	(9.0, 0.0)	(10.0, 0.0)	(11.0, 0.0)	(12.0, 0.0)	(13.0, 0.0)	(14.0, 0.0)	(15.0, 0.0)	(16.0, 0.0)	(17.0, 0.0)	(18.0, 0.0)	(19.0, 0.0)	(20.0, 0.0)	(21.0, 0.0)	(22.0, 0.0)	(23.0, 0.0)	(24.0, 0.0)	(25.0, 0.2857142857142857)	(26.0, 0.0)	(27.0, 0.09090909090909091)	(28.0, 0.3333333333333333)	(29.0, 0.25396825396825395)	(30.0, 0.22943722943722944)	(31.0, 0.09090909090909091)	(32.0, 0.6859377181957826)	(33.0, 0.9694805194805196)	(34.0, 0.7076161005722792)	(35.0, 1.9064955974031854)	(36.0, 3.3115294287852572)	(37.0, 6.098942914199067)	(38.0, 4.341216844699399)	(39.0, 3.5935065048493344)	(40.0, 2.12018252018252)	(41.0, 2.9621520022793906)	(42.0, 1.9361471861471862)	(43.0, 2.6166666666666667)	(44.0, 0.4242424242424242)	(45.0, 0.8333333333333333)	(46.0, 0.8333333333333333)	(47.0, 0.0)	(48.0, 0.3333333333333333)	(49.0, 0.03225806451612903)	(50.0, 0.0)	(51.0, 0.5)	(52.0, 0.5)	(53.0, 0.0)	(54.0, 0.0)	(55.0, 0.0)	(56.0, 0.0)	(57.0, 0.0)	(58.0, 0.0)	(59.0, 0.0)	(60.0, 0.0)	(61.0, 0.0)	(62.0, 0.0)	(63.0, 0.5)	(64.0, 0.5)	(65.0, 0.0)	(66.0, 0.0)	(67.0, 0.0)	(68.0, 0.0)	(69.0, 0.0)	(70.0, 0.0)	(71.0, 0.0)	(72.0, 0.0)	(73.0, 0.0)	(74.0, 0.0)	(75.0, 0.0)	(76.0, 0.0)	(77.0, 0.0)	(78.0, 0.0)	(79.0, 0.0)	(80.0, 0.0)	(81.0, 0.0)	(82.0, 0.0)	(83.0, 0.0)	(84.0, 0.0)	(85.0, 0.0)	(86.0, 0.0)	(87.0, 0.0)	(88.0, 0.0)	(89.0, 0.0)	(90.0, 0.0)	(91.0, 0.0)	(92.0, 0.0)	(93.0, 0.0)	(94.0, 0.0)	(95.0, 0.0)	(96.0, 0.0)	(97.0, 0.0)	(98.0, 0.0)	(99.0, 0.0)	(100.0, 0.0)
FAY99780_pass_barcode08_98e12ebb_5ad7f319_31	(0.0, 0.0)	(1.0, 0.0)	(2.0, 0.0)	(3.0, 0.0)	(4.0, 0.0)	(5.0, 0.0)	(6.0, 0.0)	(7.0, 0.0)	(8.0, 0.0)	(9.0, 0.0)	(10.0, 0.0)	(11.0, 0.0)	(12.0, 0.0)	(13.0, 0.0)	(14.0, 0.0)	(15.0, 0.0)	(16.0, 0.0)	(17.0, 0.0)	(18.0, 0.0)	(19.0, 0.0)	(20.0, 0.0)	(21.0, 0.0)	(22.0, 0.0)	(23.0, 0.0)	(24.0, 0.0)	(25.0, 0.0)	(26.0, 0.0)	(27.0, 0.0)	(28.0, 0.047619047619047616)	(29.0, 0.0)	(30.0, 0.0)	(31.0, 0.5353535353535352)	(32.0, 0.2377016922471468)	(33.0, 0.32260186834357174)	(34.0, 0.9960244084351448)	(35.0, 1.7882889762457541)	(36.0, 2.7863859346805966)	(37.0, 3.370543691237682)	(38.0, 3.5985917408705035)	(39.0, 3.3231223569321897)	(40.0, 3.277746224554565)	(41.0, 1.2693913929208047)	(42.0, 2.1818181818181817)	(43.0, 2.1818181818181817)	(44.0, 1.9976190476190476)	(45.0, 1.5833333333333333)	(46.0, 1.0909090909090908)	(47.0, 0.8333333333333333)	(48.0, 0.0)	(49.0, 0.0)	(50.0, 0.0)	(51.0, 0.0)	(52.0, 0.3333333333333333)	(53.0, 0.0)	(54.0, 0.0)	(55.0, 0.0)	(56.0, 0.0)	(57.0, 0.0)	(58.0, 0.0)	(59.0, 0.0)	(60.0, 0.0)	(61.0, 0.0)	(62.0, 0.0)	(63.0, 0.0)	(64.0, 0.0)	(65.0, 0.0)	(66.0, 0.0)	(67.0, 0.0)	(68.0, 0.0)	(69.0, 0.0)	(70.0, 0.0)	(71.0, 0.0)	(72.0, 0.0)	(73.0, 0.0)	(74.0, 0.0)	(75.0, 0.0)	(76.0, 0.0)	(77.0, 0.0)	(78.0, 0.0)	(79.0, 0.0)	(80.0, 0.0)	(81.0, 0.0)	(82.0, 0.0)	(83.0, 0.0)	(84.0, 0.0)	(85.0, 0.0)	(86.0, 0.0)	(87.0, 0.0)	(88.0, 0.0)	(89.0, 0.0)	(90.0, 0.0)	(91.0, 0.0)	(92.0, 0.0)	(93.0, 0.0)	(94.0, 0.0)	(95.0, 0.0)	(96.0, 0.0)	(97.0, 0.0)	(98.0, 0.0)	(99.0, 0.0)	(100.0, 0.0)
FAY99780_pass_barcode08_98e12ebb_5ad7f319_32	(0.0, 0.0)	(1.0, 0.0)	(2.0, 0.0)	(3.0, 0.0)	(4.0, 0.0)	(5.0, 0.0)	(6.0, 0.0)	(7.0, 0.0)	(8.0, 0.0)	(9.0, 0.0)	(10.0, 0.0)	(11.0, 0.0)	(12.0, 0.0)	(13.0, 0.0)	(14.0, 0.0)	(15.0, 0.0)	(16.0, 0.0)	(17.0, 0.0)	(18.0, 0.0)	(19.0, 0.0)	(20.0, 0.0)	(21.0, 0.0)	(22.0, 0.0)	(23.0, 0.0)	(24.0, 0.0)	(25.0, 0.0)	(26.0, 0.047619047619047616)	(27.0, 0.0)	(28.0, 0.14285714285714285)	(29.0, 0.01098901098901099)	(30.0, 0.23376623376623376)	(31.0, 0.7)	(32.0, 0.7552526354053073)	(33.0, 0.13852813852813853)	(34.0, 1.4508390235194362)	(35.0, 2.5052500682956085)	(36.0, 2.245081772203667)	(37.0, 2.7612686397813)	(38.0, 4.644708136680366)	(39.0, 5.168156866111228)	(40.0, 3.621775098179655)	(41.0, 1.9508228330808974)	(42.0, 2.1036435786435788)	(43.0, 1.5909090909090908)	(44.0, 0.9242424242424242)	(45.0, 1.0333333333333332)	(46.0, 0.7)	(47.0, 0.5)	(48.0, 0.2)	(49.0, 0.18181818181818182)	(50.0, 0.09090909090909091)	(51.0, 0.5)	(52.0, 0.5)	(53.0, 0.0)	(54.0, 0.5)	(55.0, 1.0)	(56.0, 1.0)	(57.0, 1.0)	(58.0, 1.0)	(59.0, 0.5)	(60.0, 0.0)	(61.0, 0.0)	(62.0, 0.0)	(63.0, 0.0)	(64.0, 0.0)	(65.0, 0.0)	(66.0, 0.0)	(67.0, 0.0)	(68.0, 0.0)	(69.0, 0.0)	(70.0, 0.0)	(71.0, 0.0)	(72.0, 0.0)	(73.0, 0.0)	(74.0, 0.0)	(75.0, 0.0)	(76.0, 0.0)	(77.0, 0.0)	(78.0, 0.0)	(79.0, 0.0)	(80.0, 0.0)	(81.0, 0.0)	(82.0, 0.0)	(83.0, 0.0)	(84.0, 0.0)	(85.0, 0.0)	(86.0, 0.0)	(87.0, 0.0)	(88.0, 0.0)	(89.0, 0.0)	(90.0, 0.0)	(91.0, 0.0)	(92.0, 0.0)	(93.0, 0.0)	(94.0, 0.0)	(95.0, 0.0)	(96.0, 0.0)	(97.0, 0.0)	(98.0, 0.0)	(99.0, 0.0)	(100.0, 0.0)
FAY99780_pass_barcode08_98e12ebb_5ad7f319_33	(0.0, 0.0)	(1.0, 0.0)	(2.0, 0.0)	(3.0, 0.0)	(4.0, 0.0)	(5.0, 0.0)	(6.0, 0.0)	(7.0, 0.0)	(8.0, 0.0)	(9.0, 0.0)	(10.0, 0.0)	(11.0, 0.0)	(12.0, 0.0)	(13.0, 0.0)	(14.0, 0.0)	(15.0, 0.0)	(16.0, 0.0)	(17.0, 0.0)	(18.0, 0.0)	(19.0, 0.0)	(20.0, 0.0)	(21.0, 0.0)	(22.0, 0.0)	(23.0, 0.0)	(24.0, 0.0)	(25.0, 0.0)	(26.0, 0.0)	(27.0, 0.0)	(28.0, 0.0196078431372549)	(29.0, 0.0)	(30.0, 0.0)	(31.0, 0.2898338220918866)	(32.0, 0.8161838161838161)	(33.0, 0.9044200501617535)	(34.0, 1.3173160173160174)	(35.0, 1.7043346904583092)	(36.0, 2.2609846674477296)	(37.0, 2.9753851890155025)	(38.0, 1.794044927496665)	(39.0, 2.928781011801317)	(40.0, 2.408892289060395)	(41.0, 1.5280726603861468)	(42.0, 1.7857864357864357)	(43.0, 2.4351510496671787)	(44.0, 1.6155913978494623)	(45.0, 1.8333333333333333)	(46.0, 2.0)	(47.0, 3.142857142857143)	(48.0, 3.392857142857143)	(49.0, 1.25)	(50.0, 0.0)	(51.0, 0.0)	(52.0, 0.0)	(53.0, 0.0)	(54.0, 0.0)	(55.0, 0.0)	(56.0, 0.0)	(57.0, 0.0)	(58.0, 0.0)	(59.0, 0.0)	(60.0, 0.0)	(61.0, 0.0)	(62.0, 0.0)	(63.0, 0.0)	(64.0, 0.0)	(65.0, 0.0)	(66.0, 0.0)	(67.0, 0.0)	(68.0, 0.0)	(69.0, 0.0)	(70.0, 0.0)	(71.0, 0.0)	(72.0, 0.0)	(73.0, 0.0)	(74.0, 0.0)	(75.0, 0.0)	(76.0, 0.0)	(77.0, 0.0)	(78.0, 0.0)	(79.0, 0.0)	(80.0, 0.0)	(81.0, 0.0)	(82.0, 0.0)	(83.0, 0.0)	(84.0, 0.0)	(85.0, 0.0)	(86.0, 0.0)	(87.0, 0.0)	(88.0, 0.0)	(89.0, 0.0)	(90.0, 0.0)	(91.0, 0.0)	(92.0, 0.0)	(93.0, 0.0)	(94.0, 0.0)	(95.0, 0.0)	(96.0, 0.0)	(97.0, 0.0)	(98.0, 0.0)	(99.0, 0.0)	(100.0, 0.0)
FAY99780_pass_barcode08_98e12ebb_5ad7f319_34	(0.0, 0.0)	(1.0, 0.0)	(2.0, 0.0)	(3.0, 0.0)	(4.0, 0.0)	(5.0, 0.0)	(6.0, 0.0)	(7.0, 0.0)	(8.0, 0.0)	(9.0, 0.0)	(10.0, 0.0)	(11.0, 0.0)	(12.0, 0.0)	(13.0, 0.0)	(14.0, 0.0)	(15.0, 0.0)	(16.0, 0.0)	(17.0, 0.0)	(18.0, 0.0)	(19.0, 0.0)	(20.0, 0.0)	(21.0, 0.0)	(22.0, 0.0)	(23.0, 0.0)	(24.0, 0.0)	(25.0, 0.1)	(26.0, 0.22316715542521995)	(27.0, 0.5)	(28.0, 0.5)	(29.0, 0.07200929152148663)	(30.0, 0.16666666666666666)	(31.0, 0.29365998347676125)	(32.0, 0.2757693898044775)	(33.0, 1.7901041358594312)	(34.0, 2.083592657650307)	(35.0, 0.7853266254300655)	(36.0, 1.6080832998049015)	(37.0, 2.6416945208623823)	(38.0, 2.9309014190094285)	(39.0, 3.02154012995737)	(40.0, 1.9718194431340261)	(41.0, 2.8589657936584887)	(42.0, 0.8707261986167563)	(43.0, 1.123881673881674)	(44.0, 0.7159090909090909)	(45.0, 0.45)	(46.0, 0.23225806451612904)	(47.0, 0.34090909090909094)	(48.0, 0.5833333333333333)	(49.0, 0.3333333333333333)	(50.0, 0.3333333333333333)	(51.0, 0.6751152073732719)	(52.0, 0.6428571428571428)	(53.0, 0.0)	(54.0, 0.0)	(55.0, 0.0)	(56.0, 0.0)	(57.0, 0.0)	(58.0, 0.0)	(59.0, 0.0)	(60.0, 0.0)	(61.0, 0.0)	(62.0, 0.0)	(63.0, 0.0)	(64.0, 0.0)	(65.0, 0.0)	(66.0, 0.0)	(67.0, 0.0)	(68.0, 0.0)	(69.0, 0.0)	(70.0, 0.0)	(71.0, 0.0)	(72.0, 0.0)	(73.0, 0.0)	(74.0, 0.0)	(75.0, 0.0)	(76.0, 0.0)	(77.0, 0.0)	(78.0, 0.0)	(79.0, 0.0)	(80.0, 0.0)	(81.0, 0.0)	(82.0, 0.0)	(83.0, 0.0)	(84.0, 0.0)	(85.0, 0.0)	(86.0, 0.0)	(87.0, 0.0)	(88.0, 0.0)	(89.0, 0.0)	(90.0, 0.0)	(91.0, 0.0)	(92.0, 0.0)	(93.0, 0.0)	(94.0, 0.0)	(95.0, 0.0)	(96.0, 0.0)	(97.0, 0.0)	(98.0, 0.0)	(99.0, 0.0)	(100.0, 0.0)
FAY99780_pass_barcode08_98e12ebb_5ad7f319_35	(0.0, 0.0)	(1.0, 0.0)	(2.0, 0.0)	(3.0, 0.0)	(4.0, 0.0)	(5.0, 0.0)	(6.0, 0.0)	(7.0, 0.0)	(8.0, 0.0)	(9.0, 0.0)	(10.0, 0.0)	(11.0, 0.0)	(12.0, 0.0)	(13.0, 0.0)	(14.0, 0.0)	(15.0, 0.0)	(16.0, 0.0)	(17.0, 0.0)	(18.0, 0.0)	(19.0, 0.0)	(20.0, 0.0)	(21.0, 0.0)	(22.0, 0.0)	(23.0, 0.0)	(24.0, 0.0)	(25.0, 0.0)	(26.0, 0.09090909090909091)	(27.0, 0.0)	(28.0, 0.0)	(29.0, 0.0)	(30.0, 0.0)	(31.0, 0.18181818181818182)	(32.0, 0.1865575183110728)	(33.0, 0.6112554112554114)	(34.0, 0.43956651729937096)	(35.0, 1.1082963674156399)	(36.0, 1.9600479585773698)	(37.0, 2.5664241198852746)	(38.0, 2.5917780881931614)	(39.0, 4.24477490812627)	(40.0, 2.969465391239585)	(41.0, 2.1755574563449325)	(42.0, 2.425005381358972)	(43.0, 2.202020202020202)	(44.0, 0.8333333333333333)	(45.0, 1.2142857142857142)	(46.0, 1.4166666666666665)	(47.0, 1.0833333333333333)	(48.0, 0.2)	(49.0, 0.3333333333333333)	(50.0, 0.5)	(51.0, 0.5)	(52.0, 0.0)	(53.0, 0.0)	(54.0, 0.0)	(55.0, 0.0)	(56.0, 0.0)	(57.0, 0.0)	(58.0, 0.0)	(59.0, 0.0)	(60.0, 0.0)	(61.0, 0.0)	(62.0, 0.0)	(63.0, 0.0)	(64.0, 0.0)	(65.0, 0.0)	(66.0, 0.0)	(67.0, 0.0)	(68.0, 0.0)	(69.0, 0.0)	(70.0, 0.0)	(71.0, 0.0)	(72.0, 0.0)	(73.0, 0.0)	(74.0, 0.0)	(75.0, 0.0)	(76.0, 0.0)	(77.0, 0.0)	(78.0, 0.0)	(79.0, 0.0)	(80.0, 0.0)	(81.0, 0.0)	(82.0, 0.0)	(83.0, 0.0)	(84.0, 0.0)	(85.0, 0.0)	(86.0, 0.0)	(87.0, 0.0)	(88.0, 0.0)	(89.0, 0.0)	(90.0, 0.0)	(91.0, 0.0)	(92.0, 0.0)	(93.0, 0.0)	(94.0, 0.0)	(95.0, 0.0)	(96.0, 0.0)	(97.0, 0.0)	(98.0, 0.0)	(99.0, 0.0)	(100.0, 0.0)
FAY99780_pass_barcode08_98e12ebb_5ad7f319_36	(0.0, 0.0)	(1.0, 0.0)	(2.0, 0.0)	(3.0, 0.0)	(4.0, 0.0)	(5.0, 0.0)	(6.0, 0.0)	(7.0, 0.0)	(8.0, 0.0)	(9.0, 0.0)	(10.0, 0.0)	(11.0, 0.0)	(12.0, 0.0)	(13.0, 0.0)	(14.0, 0.0)	(15.0, 0.0)	(16.0, 0.0)	(17.0, 0.0)	(18.0, 0.0)	(19.0, 0.0)	(20.0, 0.0)	(21.0, 0.0)	(22.0, 0.0)	(23.0, 0.0)	(24.0, 0.0)	(25.0, 0.0)	(26.0, 0.0)	(27.0, 0.5)	(28.0, 0.75)	(29.0, 0.0)	(30.0, 0.9386072708653355)	(31.0, 0.7)	(32.0, 0.09090909090909091)	(33.0, 0.6926384729051076)	(34.0, 0.49192271143490657)	(35.0, 1.5563255876766313)	(36.0, 2.8190377487561147)	(37.0, 2.79973155030988)	(38.0, 3.4762458100004814)	(39.0, 4.630255865523073)	(40.0, 5.737240973419835)	(41.0, 5.599065568577763)	(42.0, 1.9718614718614718)	(43.0, 1.5)	(44.0, 1.0)	(45.0, 1.6833333333333333)	(46.0, 1.3333333333333333)	(47.0, 0.5476190476190477)	(48.0, 0.047619047619047616)	(49.0, 0.0)	(50.0, 0.0)	(51.0, 0.0)	(52.0, 0.5)	(53.0, 0.5)	(54.0, 0.0)	(55.0, 0.0)	(56.0, 0.0)	(57.0, 0.0)	(58.0, 0.0)	(59.0, 0.0)	(60.0, 0.0)	(61.0, 0.0)	(62.0, 0.0)	(63.0, 0.0)	(64.0, 0.0)	(65.0, 0.0)	(66.0, 0.0)	(67.0, 0.0)	(68.0, 0.0)	(69.0, 0.0)	(70.0, 0.0)	(71.0, 0.0)	(72.0, 0.0)	(73.0, 0.0)	(74.0, 0.0)	(75.0, 0.0)	(76.0, 0.0)	(77.0, 0.0)	(78.0, 0.0)	(79.0, 0.0)	(80.0, 0.0)	(81.0, 0.0)	(82.0, 0.0)	(83.0, 0.0)	(84.0, 0.0)	(85.0, 0.0)	(86.0, 0.0)	(87.0, 0.0)	(88.0, 0.0)	(89.0, 0.0)	(90.0, 0.0)	(91.0, 0.0)	(92.0, 0.0)	(93.0, 0.0)	(94.0, 0.0)	(95.0, 0.0)	(96.0, 0.0)	(97.0, 0.0)	(98.0, 0.0)	(99.0, 0.0)	(100.0, 0.0)
FAY99780_pass_barcode08_98e12ebb_5ad7f319_37	(0.0, 0.0)	(1.0, 0.0)	(2.0, 0.0)	(3.0, 0.0)	(4.0, 0.0)	(5.0, 0.0)	(6.0, 0.0)	(7.0, 0.0)	(8.0, 0.0)	(9.0, 0.0)	(10.0, 0.0)	(11.0, 0.0)	(12.0, 0.0)	(13.0, 0.0)	(14.0, 0.0)	(15.0, 0.0)	(16.0, 0.0)	(17.0, 0.0)	(18.0, 0.0)	(19.0, 0.0)	(20.0, 0.0)	(21.0, 0.0)	(22.0, 0.0)	(23.0, 0.0)	(24.0, 0.0)	(25.0, 0.0)	(26.0, 0.0)	(27.0, 0.0)	(28.0, 0.6428571428571428)	(29.0, 0.6428571428571428)	(30.0, 0.0)	(31.0, 0.047619047619047616)	(32.0, 0.531544957774466)	(33.0, 0.12316715542521994)	(34.0, 1.0236000558581204)	(35.0, 2.66679778769562)	(36.0, 2.2732104752502837)	(37.0, 1.928193167263006)	(38.0, 1.5733808745398588)	(39.0, 1.6707572516784375)	(40.0, 3.341898495128426)	(41.0, 1.8687057644474678)	(42.0, 1.9699214365881033)	(43.0, 2.046652003910068)	(44.0, 0.8194444444444444)	(45.0, 0.0)	(46.0, 0.09090909090909091)	(47.0, 0.0)	(48.0, 0.5)	(49.0, 0.5)	(50.0, 0.0)	(51.0, 0.0)	(52.0, 0.0)	(53.0, 0.0)	(54.0, 0.0)	(55.0, 0.0)	(56.0, 0.0)	(57.0, 0.0)	(58.0, 0.0)	(59.0, 0.0)	(60.0, 0.5)	(61.0, 0.5)	(62.0, 0.0)	(63.0, 0.0)	(64.0, 0.0)	(65.0, 0.0)	(66.0, 0.0)	(67.0, 0.0)	(68.0, 0.0)	(69.0, 0.0)	(70.0, 0.0)	(71.0, 0.0)	(72.0, 0.0)	(73.0, 0.0)	(74.0, 0.0)	(75.0, 0.0)	(76.0, 0.0)	(77.0, 0.0)	(78.0, 0.0)	(79.0, 0.0)	(80.0, 0.0)	(81.0, 0.0)	(82.0, 0.0)	(83.0, 0.0)	(84.0, 0.0)	(85.0, 0.0)	(86.0, 0.0)	(87.0, 0.0)	(88.0, 0.0)	(89.0, 0.0)	(90.0, 0.0)	(91.0, 0.0)	(92.0, 0.0)	(93.0, 0.0)	(94.0, 0.0)	(95.0, 0.0)	(96.0, 0.0)	(97.0, 0.0)	(98.0, 0.0)	(99.0, 0.0)	(100.0, 0.0)
FAY99780_pass_barcode08_98e12ebb_5ad7f319_38	(0.0, 0.0)	(1.0, 0.0)	(2.0, 0.0)	(3.0, 0.0)	(4.0, 0.0)	(5.0, 0.0)	(6.0, 0.0)	(7.0, 0.0)	(8.0, 0.0)	(9.0, 0.0)	(10.0, 0.0)	(11.0, 0.0)	(12.0, 0.0)	(13.0, 0.0)	(14.0, 0.0)	(15.0, 0.0)	(16.0, 0.0)	(17.0, 0.0)	(18.0, 0.0)	(19.0, 0.0)	(20.0, 0.0)	(21.0, 0.0)	(22.0, 0.0)	(23.0, 0.0)	(24.0, 0.0)	(25.0, 0.0)	(26.0, 0.0)	(27.0, 0.1111111111111111)	(28.0, 0.16666666666666666)	(29.0, 0.0)	(30.0, 0.0)	(31.0, 0.09090909090909091)	(32.0, 0.4782521346057258)	(33.0, 0.5484848484848485)	(34.0, 1.2984470399341983)	(35.0, 2.074289147341861)	(36.0, 1.8081618782598543)	(37.0, 2.446989941379036)	(38.0, 2.0616250724938876)	(39.0, 2.122542687140861)	(40.0, 2.4838383838383837)	(41.0, 1.9218614718614717)	(42.0, 2.3523162661093693)	(43.0, 2.897727272727273)	(44.0, 2.5233346900013567)	(45.0, 1.8170995670995669)	(46.0, 0.25)	(47.0, 0.0)	(48.0, 0.0)	(49.0, 0.0)	(50.0, 0.0)	(51.0, 0.0)	(52.0, 0.0)	(53.0, 0.0)	(54.0, 0.0)	(55.0, 0.0)	(56.0, 0.0)	(57.0, 0.0)	(58.0, 0.0)	(59.0, 0.0)	(60.0, 0.0)	(61.0, 0.0)	(62.0, 0.0)	(63.0, 0.0)	(64.0, 0.0)	(65.0, 0.0)	(66.0, 0.0)	(67.0, 0.0)	(68.0, 0.0)	(69.0, 0.0)	(70.0, 0.0)	(71.0, 0.0)	(72.0, 0.0)	(73.0, 0.0)	(74.0, 0.0)	(75.0, 0.0)	(76.0, 0.0)	(77.0, 0.0)	(78.0, 0.0)	(79.0, 0.0)	(80.0, 0.0)	(81.0, 0.0)	(82.0, 0.0)	(83.0, 0.0)	(84.0, 0.0)	(85.0, 0.0)	(86.0, 0.0)	(87.0, 0.0)	(88.0, 0.0)	(89.0, 0.0)	(90.0, 0.0)	(91.0, 0.0)	(92.0, 0.0)	(93.0, 0.0)	(94.0, 0.0)	(95.0, 0.0)	(96.0, 0.0)	(97.0, 0.0)	(98.0, 0.0)	(99.0, 0.0)	(100.0, 0.0)
FAY99780_pass_barcode08_98e12ebb_5ad7f319_39	(0.0, 0.0)	(1.0, 0.0)	(2.0, 0.0)	(3.0, 0.0)	(4.0, 0.0)	(5.0, 0.0)	(6.0, 0.0)	(7.0, 0.0)	(8.0, 0.0)	(9.0, 0.0)	(10.0, 0.0)	(11.0, 0.0)	(12.0, 0.0)	(13.0, 0.0)	(14.0, 0.0)	(15.0, 0.0)	(16.0, 0.0)	(17.0, 0.0)	(18.0, 0.0)	(19.0, 0.0)	(20.0, 0.0)	(21.0, 0.0)	(22.0, 0.0)	(23.0, 0.0)	(24.0, 0.0)	(25.0, 0.1111111111111111)	(26.0, 0.6111111111111112)	(27.0, 0.7909090909090909)	(28.0, 0.0)	(29.0, 0.024390243902439025)	(30.0, 0.16291838243057755)	(31.0, 0.15873015873015872)	(32.0, 0.31122497779599645)	(33.0, 0.88802952401502)	(34.0, 0.6642886875283143)	(35.0, 1.2044608185429584)	(36.0, 2.0727903473369733)	(37.0, 2.110944849920705)	(38.0, 1.7863974387774686)	(39.0, 2.8576974761397995)	(40.0, 3.5543508803622634)	(41.0, 3.522050172050172)	(42.0, 1.3097194276771742)	(43.0, 0.26785714285714285)	(44.0, 0.5)	(45.0, 1.2)	(46.0, 1.0909090909090908)	(47.0, 1.190909090909091)	(48.0, 1.1)	(49.0, 1.3333333333333333)	(50.0, 0.8333333333333333)	(51.0, 0.0)	(52.0, 0.25)	(53.0, 0.0)	(54.0, 0.0)	(55.0, 0.0)	(56.0, 0.0)	(57.0, 0.0)	(58.0, 0.0)	(59.0, 0.3333333333333333)	(60.0, 0.0)	(61.0, 0.0)	(62.0, 0.0)	(63.0, 0.0)	(64.0, 0.0)	(65.0, 0.0)	(66.0, 0.0)	(67.0, 0.0)	(68.0, 0.0)	(69.0, 0.0)	(70.0, 0.0)	(71.0, 0.0)	(72.0, 0.0)	(73.0, 0.0)	(74.0, 0.0)	(75.0, 0.0)	(76.0, 0.0)	(77.0, 0.0)	(78.0, 0.0)	(79.0, 0.0)	(80.0, 0.0)	(81.0, 0.0)	(82.0, 0.0)	(83.0, 0.0)	(84.0, 0.0)	(85.0, 0.0)	(86.0, 0.0)	(87.0, 0.0)	(88.0, 0.0)	(89.0, 0.0)	(90.0, 0.0)	(91.0, 0.0)	(92.0, 0.0)	(93.0, 0.0)	(94.0, 0.0)	(95.0, 0.0)	(96.0, 0.0)	(97.0, 0.0)	(98.0, 0.0)	(99.0, 0.0)	(100.0, 0.0)
FAY99780_pass_barcode08_98e12ebb_5ad7f319_4	(0.0, 0.0)	(1.0, 0.0)	(2.0, 0.0)	(3.0, 0.0)	(4.0, 0.0)	(5.0, 0.0)	(6.0, 0.0)	(7.0, 0.0)	(8.0, 0.0)	(9.0, 0.0)	(10.0, 0.0)	(11.0, 0.0)	(12.0, 0.0)	(13.0, 0.0)	(14.0, 0.0)	(15.0, 0.0)	(16.0, 0.0)	(17.0, 0.0)	(18.0, 0.0)	(19.0, 0.0)	(20.0, 0.0)	(21.0, 0.0)	(22.0, 0.0)	(23.0, 0.09090909090909091)	(24.0, 0.0)	(25.0, 0.0)	(26.0, 0.6)	(27.0, 0.8484848484848485)	(28.0, 0.13852813852813853)	(29.0, 0.09090909090909091)	(30.0, 1.3801331569034168)	(31.0, 0.46804450030256484)	(32.0, 1.5022822995669274)	(33.0, 1.3920189485883507)	(34.0, 2.762445887445887)	(35.0, 2.4217097894635216)	(36.0, 2.0615609006980637)	(37.0, 4.957791657078662)	(38.0, 6.028951006931628)	(39.0, 6.50788011459637)	(40.0, 7.3772458328877635)	(41.0, 5.153553663755996)	(42.0, 5.112128194386258)	(43.0, 3.482575757575758)	(44.0, 1.9484848484848483)	(45.0, 0.5)	(46.0, 1.0)	(47.0, 0.8333333333333333)	(48.0, 0.8333333333333333)	(49.0, 0.5)	(50.0, 0.0)	(51.0, 0.0)	(52.0, 0.0)	(53.0, 0.0)	(54.0, 0.0)	(55.0, 0.0)	(56.0, 0.0)	(57.0, 0.0)	(58.0, 0.0)	(59.0, 0.0)	(60.0, 0.0)	(61.0, 0.0)	(62.0, 0.0)	(63.0, 0.0)	(64.0, 0.0)	(65.0, 0.0)	(66.0, 0.0)	(67.0, 0.0)	(68.0, 0.0)	(69.0, 0.0)	(70.0, 0.0)	(71.0, 0.0)	(72.0, 0.0)	(73.0, 0.0)	(74.0, 0.0)	(75.0, 0.0)	(76.0, 0.0)	(77.0, 0.0)	(78.0, 0.0)	(79.0, 0.0)	(80.0, 0.0)	(81.0, 0.0)	(82.0, 0.0)	(83.0, 0.0)	(84.0, 0.0)	(85.0, 0.0)	(86.0, 0.0)	(87.0, 0.0)	(88.0, 0.0)	(89.0, 0.0)	(90.0, 0.0)	(91.0, 0.0)	(92.0, 0.0)	(93.0, 0.0)	(94.0, 0.0)	(95.0, 0.0)	(96.0, 0.0)	(97.0, 0.0)	(98.0, 0.0)	(99.0, 0.0)	(100.0, 0.0)
FAY99780_pass_barcode08_98e12ebb_5ad7f319_40	(0.0, 0.0)	(1.0, 0.0)	(2.0, 0.0)	(3.0, 0.0)	(4.0, 0.0)	(5.0, 0.0)	(6.0, 0.0)	(7.0, 0.0)	(8.0, 0.0)	(9.0, 0.0)	(10.0, 0.0)	(11.0, 0.0)	(12.0, 0.0)	(13.0, 0.0)	(14.0, 0.0)	(15.0, 0.0)	(16.0, 0.0)	(17.0, 0.0)	(18.0, 0.0)	(19.0, 0.0)	(20.0, 0.0)	(21.0, 0.0)	(22.0, 0.0)	(23.0, 0.0)	(24.0, 0.0)	(25.0, 0.1)	(26.0, 0.0)	(27.0, 0.3333333333333333)	(28.0, 0.3333333333333333)	(29.0, 0.5)	(30.0, 1.532258064516129)	(31.0, 1.5476190476190477)	(32.0, 1.131208425720621)	(33.0, 0.8492424242424241)	(34.0, 1.0632463373039869)	(35.0, 1.648777985113682)	(36.0, 2.188484987954562)	(37.0, 3.26177657705988)	(38.0, 3.8923195421116397)	(39.0, 4.290432737722808)	(40.0, 3.8812036356764614)	(41.0, 2.1174818089711707)	(42.0, 1.7722437137330753)	(43.0, 2.3166666666666664)	(44.0, 1.4992424242424243)	(45.0, 0.047619047619047616)	(46.0, 0.6666666666666666)	(47.0, 0.6666666666666666)	(48.0, 0.09090909090909091)	(49.0, 0.0)	(50.0, 0.0)	(51.0, 0.0)	(52.0, 0.0)	(53.0, 0.0)	(54.0, 0.0)	(55.0, 0.0)	(56.0, 0.0)	(57.0, 0.0)	(58.0, 0.0)	(59.0, 0.0)	(60.0, 0.0)	(61.0, 0.0)	(62.0, 0.0)	(63.0, 0.0)	(64.0, 0.0)	(65.0, 0.0)	(66.0, 0.0)	(67.0, 0.0)	(68.0, 0.0)	(69.0, 0.0)	(70.0, 0.0)	(71.0, 0.0)	(72.0, 0.0)	(73.0, 0.0)	(74.0, 0.0)	(75.0, 0.0)	(76.0, 0.0)	(77.0, 0.0)	(78.0, 0.0)	(79.0, 0.0)	(80.0, 0.0)	(81.0, 0.0)	(82.0, 0.0)	(83.0, 0.0)	(84.0, 0.0)	(85.0, 0.0)	(86.0, 0.0)	(87.0, 0.0)	(88.0, 0.0)	(89.0, 0.0)	(90.0, 0.0)	(91.0, 0.0)	(92.0, 0.0)	(93.0, 0.0)	(94.0, 0.0)	(95.0, 0.0)	(96.0, 0.0)	(97.0, 0.0)	(98.0, 0.0)	(99.0, 0.0)	(100.0, 0.0)
FAY99780_pass_barcode08_98e12ebb_5ad7f319_41	(0.0, 0.0)	(1.0, 0.0)	(2.0, 0.0)	(3.0, 0.0)	(4.0, 0.0)	(5.0, 0.0)	(6.0, 0.0)	(7.0, 0.0)	(8.0, 0.0)	(9.0, 0.0)	(10.0, 0.0)	(11.0, 0.0)	(12.0, 0.0)	(13.0, 0.0)	(14.0, 0.0)	(15.0, 0.0)	(16.0, 0.0)	(17.0, 0.0)	(18.0, 0.0)	(19.0, 0.0)	(20.0, 0.0)	(21.0, 0.0)	(22.0, 0.0)	(23.0, 0.0)	(24.0, 0.0)	(25.0, 0.0)	(26.0, 0.0)	(27.0, 0.25757575757575757)	(28.0, 0.0)	(29.0, 0.4159090909090909)	(30.0, 0.17078620304426756)	(31.0, 0.46590909090909094)	(32.0, 0.5)	(33.0, 0.4242424242424242)	(34.0, 0.3246753246753247)	(35.0, 1.2717867913673713)	(36.0, 2.1240134847633705)	(37.0, 3.1629638100519584)	(38.0, 3.0775604800070417)	(39.0, 3.3143857134920465)	(40.0, 3.7684250136428568)	(41.0, 1.865230647488712)	(42.0, 1.1286920173036727)	(43.0, 0.6818181818181819)	(44.0, 0.9166666666666665)	(45.0, 0.8333333333333333)	(46.0, 1.130952380952381)	(47.0, 0.0)	(48.0, 0.0)	(49.0, 0.0)	(50.0, 0.0)	(51.0, 0.0)	(52.0, 0.0)	(53.0, 0.0)	(54.0, 0.0)	(55.0, 0.0)	(56.0, 0.0)	(57.0, 0.0)	(58.0, 0.0)	(59.0, 0.0)	(60.0, 0.0)	(61.0, 0.0)	(62.0, 0.0)	(63.0, 0.5)	(64.0, 1.0)	(65.0, 0.5)	(66.0, 0.0)	(67.0, 0.0)	(68.0, 0.0)	(69.0, 0.0)	(70.0, 0.0)	(71.0, 0.0)	(72.0, 0.0)	(73.0, 0.0)	(74.0, 0.0)	(75.0, 0.0)	(76.0, 0.0)	(77.0, 0.0)	(78.0, 0.0)	(79.0, 0.0)	(80.0, 0.0)	(81.0, 0.0)	(82.0, 0.0)	(83.0, 0.0)	(84.0, 0.0)	(85.0, 0.0)	(86.0, 0.0)	(87.0, 0.0)	(88.0, 0.0)	(89.0, 0.0)	(90.0, 0.0)	(91.0, 0.0)	(92.0, 0.0)	(93.0, 0.0)	(94.0, 0.0)	(95.0, 0.0)	(96.0, 0.0)	(97.0, 0.0)	(98.0, 0.0)	(99.0, 0.0)	(100.0, 0.0)
FAY99780_pass_barcode08_98e12ebb_5ad7f319_42	(0.0, 0.0)	(1.0, 0.0)	(2.0, 0.0)	(3.0, 0.0)	(4.0, 0.0)	(5.0, 0.0)	(6.0, 0.0)	(7.0, 0.0)	(8.0, 0.0)	(9.0, 0.0)	(10.0, 0.0)	(11.0, 0.0)	(12.0, 0.0)	(13.0, 0.0)	(14.0, 0.0)	(15.0, 0.0)	(16.0, 0.0)	(17.0, 0.0)	(18.0, 0.0)	(19.0, 0.0)	(20.0, 0.0)	(21.0, 0.0)	(22.0, 0.0)	(23.0, 0.0)	(24.0, 0.0)	(25.0, 0.0)	(26.0, 0.0)	(27.0, 0.0)	(28.0, 0.0)	(29.0, 0.25)	(30.0, 0.07987711213517665)	(31.0, 0.4740294935416887)	(32.0, 0.0)	(33.0, 0.02760567798604031)	(34.0, 1.5409610879962374)	(35.0, 1.7101638359220266)	(36.0, 2.651525400975377)	(37.0, 2.9701808289564524)	(38.0, 3.8013836158352965)	(39.0, 3.245509951463443)	(40.0, 2.2219703785055276)	(41.0, 3.154516361774426)	(42.0, 0.845679012345679)	(43.0, 0.9734848484848485)	(44.0, 1.2678571428571428)	(45.0, 1.75)	(46.0, 0.5)	(47.0, 0.0)	(48.0, 0.5)	(49.0, 0.5)	(50.0, 0.0)	(51.0, 0.0)	(52.0, 0.0)	(53.0, 0.0)	(54.0, 0.0)	(55.0, 0.0)	(56.0, 0.0)	(57.0, 0.0)	(58.0, 0.0)	(59.0, 0.0)	(60.0, 0.0)	(61.0, 0.0)	(62.0, 0.0)	(63.0, 0.0)	(64.0, 0.0)	(65.0, 0.0)	(66.0, 0.0)	(67.0, 0.0)	(68.0, 0.0)	(69.0, 0.0)	(70.0, 0.0)	(71.0, 0.0)	(72.0, 0.0)	(73.0, 0.0)	(74.0, 0.0)	(75.0, 0.0)	(76.0, 0.0)	(77.0, 0.0)	(78.0, 0.0)	(79.0, 0.0)	(80.0, 0.0)	(81.0, 0.0)	(82.0, 0.0)	(83.0, 0.0)	(84.0, 0.0)	(85.0, 0.0)	(86.0, 0.0)	(87.0, 0.0)	(88.0, 0.0)	(89.0, 0.0)	(90.0, 0.0)	(91.0, 0.0)	(92.0, 0.0)	(93.0, 0.0)	(94.0, 0.0)	(95.0, 0.0)	(96.0, 0.0)	(97.0, 0.0)	(98.0, 0.0)	(99.0, 0.0)	(100.0, 0.0)
FAY99780_pass_barcode08_98e12ebb_5ad7f319_43	(0.0, 0.0)	(1.0, 0.0)	(2.0, 0.0)	(3.0, 0.0)	(4.0, 0.0)	(5.0, 0.0)	(6.0, 0.0)	(7.0, 0.0)	(8.0, 0.0)	(9.0, 0.0)	(10.0, 0.0)	(11.0, 0.0)	(12.0, 0.0)	(13.0, 0.0)	(14.0, 0.0)	(15.0, 0.0)	(16.0, 0.0)	(17.0, 0.0)	(18.0, 0.0)	(19.0, 0.0)	(20.0, 0.0)	(21.0, 0.0)	(22.0, 0.0)	(23.0, 0.0)	(24.0, 0.0)	(25.0, 0.0)	(26.0, 0.0)	(27.0, 0.0)	(28.0, 0.0)	(29.0, 0.0)	(30.0, 0.0)	(31.0, 0.1597542242703533)	(32.0, 0.6756354462022109)	(33.0, 0.6558476753598705)	(34.0, 0.9545454545454546)	(35.0, 1.9082068458215424)	(36.0, 2.6045520681215555)	(37.0, 2.8960446732494067)	(38.0, 4.032466987295474)	(39.0, 4.387362653906088)	(40.0, 1.4570628171382705)	(41.0, 1.573364686527912)	(42.0, 1.6174144924144924)	(43.0, 1.3686868686868687)	(44.0, 0.6814574314574317)	(45.0, 0.3333333333333333)	(46.0, 2.257575757575758)	(47.0, 1.25)	(48.0, 0.25)	(49.0, 0.25)	(50.0, 0.0)	(51.0, 0.0)	(52.0, 0.5)	(53.0, 0.5)	(54.0, 0.0)	(55.0, 0.0)	(56.0, 0.0)	(57.0, 0.0)	(58.0, 0.0)	(59.0, 0.0)	(60.0, 0.0)	(61.0, 0.0)	(62.0, 0.25)	(63.0, 0.0)	(64.0, 0.0)	(65.0, 0.0)	(66.0, 0.0)	(67.0, 0.0)	(68.0, 0.0)	(69.0, 0.0)	(70.0, 0.0)	(71.0, 0.0)	(72.0, 0.0)	(73.0, 0.0)	(74.0, 0.0)	(75.0, 0.0)	(76.0, 0.0)	(77.0, 0.0)	(78.0, 0.0)	(79.0, 0.0)	(80.0, 0.0)	(81.0, 0.0)	(82.0, 0.0)	(83.0, 0.0)	(84.0, 0.0)	(85.0, 0.0)	(86.0, 0.0)	(87.0, 0.0)	(88.0, 0.0)	(89.0, 0.0)	(90.0, 0.0)	(91.0, 0.0)	(92.0, 0.0)	(93.0, 0.0)	(94.0, 0.0)	(95.0, 0.0)	(96.0, 0.0)	(97.0, 0.0)	(98.0, 0.0)	(99.0, 0.0)	(100.0, 0.0)
FAY99780_pass_barcode08_98e12ebb_5ad7f319_44	(0.0, 0.0)	(1.0, 0.0)	(2.0, 0.0)	(3.0, 0.0)	(4.0, 0.0)	(5.0, 0.0)	(6.0, 0.0)	(7.0, 0.0)	(8.0, 0.0)	(9.0, 0.0)	(10.0, 0.0)	(11.0, 0.0)	(12.0, 0.0)	(13.0, 0.0)	(14.0, 0.0)	(15.0, 0.0)	(16.0, 0.0)	(17.0, 0.0)	(18.0, 0.0)	(19.0, 0.0)	(20.0, 0.0)	(21.0, 0.0)	(22.0, 0.0)	(23.0, 0.0)	(24.0, 0.0)	(25.0, 0.0)	(26.0, 0.0)	(27.0, 0.09090909090909091)	(28.0, 0.0)	(29.0, 0.0)	(30.0, 0.024390243902439025)	(31.0, 0.11494252873563218)	(32.0, 0.2581564776686728)	(33.0, 0.38968957871396903)	(34.0, 0.6215291177389419)	(35.0, 1.838318670576735)	(36.0, 2.9549596863985372)	(37.0, 2.9213971408883896)	(38.0, 3.271577617363098)	(39.0, 3.304439430852877)	(40.0, 5.268335100843772)	(41.0, 3.055693602974279)	(42.0, 2.0232891832229583)	(43.0, 2.308766233766234)	(44.0, 1.1742424242424243)	(45.0, 0.6944444444444444)	(46.0, 0.5)	(47.0, 0.5)	(48.0, 0.0)	(49.0, 0.3333333333333333)	(50.0, 0.0)	(51.0, 0.0)	(52.0, 0.5)	(53.0, 0.5909090909090909)	(54.0, 0.0)	(55.0, 0.0)	(56.0, 0.0)	(57.0, 0.0)	(58.0, 0.0)	(59.0, 0.0)	(60.0, 0.0)	(61.0, 0.0)	(62.0, 0.0)	(63.0, 0.0)	(64.0, 0.0)	(65.0, 0.0)	(66.0, 0.0)	(67.0, 0.0)	(68.0, 0.0)	(69.0, 0.0)	(70.0, 0.0)	(71.0, 0.0)	(72.0, 0.0)	(73.0, 0.0)	(74.0, 0.0)	(75.0, 0.0)	(76.0, 0.0)	(77.0, 0.0)	(78.0, 0.0)	(79.0, 0.0)	(80.0, 0.0)	(81.0, 0.0)	(82.0, 0.0)	(83.0, 0.0)	(84.0, 0.0)	(85.0, 0.0)	(86.0, 0.0)	(87.0, 0.0)	(88.0, 0.0)	(89.0, 0.0)	(90.0, 0.0)	(91.0, 0.0)	(92.0, 0.0)	(93.0, 0.0)	(94.0, 0.0)	(95.0, 0.0)	(96.0, 0.0)	(97.0, 0.0)	(98.0, 0.0)	(99.0, 0.0)	(100.0, 0.0)
FAY99780_pass_barcode08_98e12ebb_5ad7f319_45	(0.0, 1.0)	(1.0, 1.0)	(2.0, 1.0)	(3.0, 1.0)	(4.0, 1.0)	(5.0, 1.0)	(6.0, 1.0)	(7.0, 1.0)	(8.0, 1.0)	(9.0, 1.0)	(10.0, 1.0)	(11.0, 1.0)	(12.0, 1.0)	(13.0, 1.0)	(14.0, 1.0)	(15.0, 1.0)	(16.0, 1.0)	(17.0, 1.0)	(18.0, 1.0)	(19.0, 1.0)	(20.0, 1.0)	(21.0, 1.0)	(22.0, 1.0)	(23.0, 1.0)	(24.0, 1.0)	(25.0, 1.0)	(26.0, 1.0)	(27.0, 1.0476190476190477)	(28.0, 1.0)	(29.0, 1.0)	(30.0, 1.0909090909090908)	(31.0, 1.1428571428571428)	(32.0, 1.3842569644096359)	(33.0, 1.438759831717578)	(34.0, 1.5380952380952382)	(35.0, 2.8334315642190404)	(36.0, 3.0118725848412624)	(37.0, 3.795147559217766)	(38.0, 4.097197639158479)	(39.0, 3.5203237133429335)	(40.0, 3.6054112554112545)	(41.0, 1.519086973632428)	(42.0, 2.689311795099271)	(43.0, 1.7727272727272725)	(44.0, 1.032258064516129)	(45.0, 1.5)	(46.0, 2.2)	(47.0, 1.7909090909090908)	(48.0, 1.5)	(49.0, 1.5)	(50.0, 0.5476190476190477)	(51.0, 0.0)	(52.0, 0.09090909090909091)	(53.0, 0.0)	(54.0, 0.0)	(55.0, 0.0)	(56.0, 0.0)	(57.0, 0.0)	(58.0, 0.0)	(59.0, 0.0)	(60.0, 0.0)	(61.0, 0.0)	(62.0, 0.0)	(63.0, 0.0)	(64.0, 0.0)	(65.0, 0.0)	(66.0, 0.0)	(67.0, 0.0)	(68.0, 0.0)	(69.0, 0.0)	(70.0, 0.0)	(71.0, 0.0)	(72.0, 0.0)	(73.0, 0.0)	(74.0, 0.0)	(75.0, 0.0)	(76.0, 0.0)	(77.0, 0.0)	(78.0, 0.0)	(79.0, 0.0)	(80.0, 0.0)	(81.0, 0.0)	(82.0, 0.0)	(83.0, 0.0)	(84.0, 0.0)	(85.0, 0.0)	(86.0, 0.0)	(87.0, 0.0)	(88.0, 0.0)	(89.0, 0.0)	(90.0, 0.0)	(91.0, 0.0)	(92.0, 0.0)	(93.0, 0.0)	(94.0, 0.0)	(95.0, 0.0)	(96.0, 0.0)	(97.0, 0.0)	(98.0, 0.0)	(99.0, 0.0)	(100.0, 0.0)
FAY99780_pass_barcode08_98e12ebb_5ad7f319_46	(0.0, 0.0)	(1.0, 0.0)	(2.0, 0.0)	(3.0, 0.0)	(4.0, 0.0)	(5.0, 0.0)	(6.0, 0.0)	(7.0, 0.0)	(8.0, 0.0)	(9.0, 0.0)	(10.0, 0.0)	(11.0, 0.0)	(12.0, 0.0)	(13.0, 0.0)	(14.0, 0.0)	(15.0, 0.0)	(16.0, 0.0)	(17.0, 0.0)	(18.0, 0.0)	(19.0, 0.0)	(20.0, 0.0)	(21.0, 0.0)	(22.0, 0.0)	(23.0, 0.0)	(24.0, 0.0)	(25.0, 0.0)	(26.0, 0.0)	(27.0, 0.03225806451612903)	(28.0, 0.0)	(29.0, 0.0)	(30.0, 0.0)	(31.0, 0.14285714285714285)	(32.0, 0.33852813852813857)	(33.0, 0.0)	(34.0, 0.6087662337662337)	(35.0, 1.0340611139727056)	(36.0, 0.9752270767764799)	(37.0, 2.3736118917738365)	(38.0, 2.6612622931864913)	(39.0, 2.77085659429465)	(40.0, 2.6818514891095533)	(41.0, 2.2757838873151033)	(42.0, 3.3254689754689752)	(43.0, 2.1878787878787875)	(44.0, 0.3333333333333333)	(45.0, 0.5833333333333333)	(46.0, 0.5833333333333333)	(47.0, 0.5)	(48.0, 1.7)	(49.0, 1.5)	(50.0, 0.5476190476190477)	(51.0, 0.047619047619047616)	(52.0, 0.2)	(53.0, 0.2)	(54.0, 0.0)	(55.0, 0.0)	(56.0, 0.0)	(57.0, 0.0)	(58.0, 0.0)	(59.0, 0.0)	(60.0, 0.0)	(61.0, 0.0)	(62.0, 0.0)	(63.0, 0.0)	(64.0, 0.0)	(65.0, 0.0)	(66.0, 0.0)	(67.0, 0.0)	(68.0, 0.0)	(69.0, 0.0)	(70.0, 0.0)	(71.0, 0.0)	(72.0, 0.0)	(73.0, 0.0)	(74.0, 0.0)	(75.0, 0.0)	(76.0, 0.0)	(77.0, 0.0)	(78.0, 0.0)	(79.0, 0.0)	(80.0, 0.0)	(81.0, 0.0)	(82.0, 0.0)	(83.0, 0.0)	(84.0, 0.0)	(85.0, 0.0)	(86.0, 0.0)	(87.0, 0.0)	(88.0, 0.0)	(89.0, 0.0)	(90.0, 0.0)	(91.0, 0.0)	(92.0, 0.0)	(93.0, 0.0)	(94.0, 0.0)	(95.0, 0.0)	(96.0, 0.0)	(97.0, 0.0)	(98.0, 0.0)	(99.0, 0.0)	(100.0, 0.0)
FAY99780_pass_barcode08_98e12ebb_5ad7f319_47	(0.0, 0.0)	(1.0, 0.0)	(2.0, 0.0)	(3.0, 0.0)	(4.0, 0.0)	(5.0, 0.0)	(6.0, 0.0)	(7.0, 0.0)	(8.0, 0.0)	(9.0, 0.0)	(10.0, 0.0)	(11.0, 0.0)	(12.0, 0.0)	(13.0, 0.0)	(14.0, 0.0)	(15.0, 0.0)	(16.0, 0.0)	(17.0, 0.0)	(18.0, 0.0)	(19.0, 0.0)	(20.0, 0.0)	(21.0, 0.0)	(22.0, 0.0)	(23.0, 0.0)	(24.0, 0.0)	(25.0, 0.0)	(26.0, 0.0)	(27.0, 0.0)	(28.0, 0.0)	(29.0, 0.0)	(30.0, 0.10730253353204174)	(31.0, 0.024390243902439025)	(32.0, 0.18181818181818182)	(33.0, 0.5257289096060689)	(34.0, 0.8519086288946995)	(35.0, 1.2712735041558825)	(36.0, 1.7535091606261362)	(37.0, 2.1021918237764856)	(38.0, 3.5190869388040755)	(39.0, 2.578860511157035)	(40.0, 1.6112794159635886)	(41.0, 3.332795727307922)	(42.0, 2.817099567099567)	(43.0, 0.11960784313725491)	(44.0, 0.25)	(45.0, 0.0)	(46.0, 0.3333333333333333)	(47.0, 0.2)	(48.0, 0.2)	(49.0, 0.0)	(50.0, 0.0)	(51.0, 0.0)	(52.0, 0.0)	(53.0, 0.0)	(54.0, 0.0)	(55.0, 0.0)	(56.0, 0.0)	(57.0, 0.0)	(58.0, 0.0)	(59.0, 0.0)	(60.0, 0.0)	(61.0, 0.0)	(62.0, 0.0)	(63.0, 0.0)	(64.0, 0.0)	(65.0, 0.0)	(66.0, 0.0)	(67.0, 0.0)	(68.0, 0.0)	(69.0, 0.0)	(70.0, 0.0)	(71.0, 0.0)	(72.0, 0.0)	(73.0, 0.0)	(74.0, 0.0)	(75.0, 0.0)	(76.0, 0.0)	(77.0, 0.0)	(78.0, 0.0)	(79.0, 0.0)	(80.0, 0.0)	(81.0, 0.0)	(82.0, 0.0)	(83.0, 0.0)	(84.0, 0.0)	(85.0, 0.0)	(86.0, 0.0)	(87.0, 0.0)	(88.0, 0.0)	(89.0, 0.0)	(90.0, 0.0)	(91.0, 0.0)	(92.0, 0.0)	(93.0, 0.0)	(94.0, 0.0)	(95.0, 0.0)	(96.0, 0.0)	(97.0, 0.0)	(98.0, 0.0)	(99.0, 0.0)	(100.0, 0.0)
FAY99780_pass_barcode08_98e12ebb_5ad7f319_48	(0.0, 0.0)	(1.0, 0.0)	(2.0, 0.0)	(3.0, 0.0)	(4.0, 0.0)	(5.0, 0.0)	(6.0, 0.0)	(7.0, 0.0)	(8.0, 0.0)	(9.0, 0.0)	(10.0, 0.0)	(11.0, 0.0)	(12.0, 0.0)	(13.0, 0.0)	(14.0, 0.0)	(15.0, 0.0)	(16.0, 0.0)	(17.0, 0.0)	(18.0, 0.0)	(19.0, 0.0)	(20.0, 0.0)	(21.0, 0.0)	(22.0, 0.0)	(23.0, 0.0)	(24.0, 0.0)	(25.0, 0.5)	(26.0, 0.5)	(27.0, 0.0)	(28.0, 0.0)	(29.0, 0.0)	(30.0, 0.0)	(31.0, 0.45757575757575764)	(32.0, 0.8168983598561064)	(33.0, 2.0082053643998026)	(34.0, 1.6440386583943982)	(35.0, 1.34215312618145)	(36.0, 2.6411606780223336)	(37.0, 1.856196661759211)	(38.0, 2.435496226900637)	(39.0, 2.8783588121901666)	(40.0, 2.204435800692986)	(41.0, 1.4926837499418144)	(42.0, 1.0909090909090908)	(43.0, 0.7159090909090909)	(44.0, 1.5409090909090908)	(45.0, 0.95)	(46.0, 0.5)	(47.0, 1.0)	(48.0, 0.8333333333333333)	(49.0, 0.3333333333333333)	(50.0, 0.0)	(51.0, 0.0)	(52.0, 0.0)	(53.0, 0.0)	(54.0, 0.0)	(55.0, 0.0)	(56.0, 0.0)	(57.0, 0.0)	(58.0, 0.0)	(59.0, 0.0)	(60.0, 0.0)	(61.0, 0.0)	(62.0, 0.0)	(63.0, 0.0)	(64.0, 0.0)	(65.0, 0.0)	(66.0, 0.0)	(67.0, 0.0)	(68.0, 0.0)	(69.0, 0.0)	(70.0, 0.0)	(71.0, 0.0)	(72.0, 0.0)	(73.0, 0.0)	(74.0, 0.0)	(75.0, 0.0)	(76.0, 0.0)	(77.0, 0.0)	(78.0, 0.0)	(79.0, 0.0)	(80.0, 0.0)	(81.0, 0.0)	(82.0, 0.0)	(83.0, 0.0)	(84.0, 0.0)	(85.0, 0.0)	(86.0, 0.0)	(87.0, 0.0)	(88.0, 0.0)	(89.0, 0.0)	(90.0, 0.0)	(91.0, 0.0)	(92.0, 0.0)	(93.0, 0.0)	(94.0, 0.0)	(95.0, 0.0)	(96.0, 0.0)	(97.0, 0.0)	(98.0, 0.0)	(99.0, 0.0)	(100.0, 0.0)
FAY99780_pass_barcode08_98e12ebb_5ad7f319_49	(0.0, 0.0)	(1.0, 0.0)	(2.0, 0.0)	(3.0, 0.0)	(4.0, 0.0)	(5.0, 0.0)	(6.0, 0.0)	(7.0, 0.0)	(8.0, 0.0)	(9.0, 0.0)	(10.0, 0.0)	(11.0, 0.0)	(12.0, 0.0)	(13.0, 0.0)	(14.0, 0.0)	(15.0, 0.0)	(16.0, 0.0)	(17.0, 0.0)	(18.0, 0.0)	(19.0, 0.0)	(20.0, 0.0)	(21.0, 0.0)	(22.0, 0.0)	(23.0, 0.0)	(24.0, 0.0)	(25.0, 0.0)	(26.0, 0.0)	(27.0, 0.0)	(28.0, 0.0)	(29.0, 0.2)	(30.0, 0.2519480519480519)	(31.0, 0.004329004329004329)	(32.0, 0.4826526635208307)	(33.0, 0.009009009009009009)	(34.0, 0.47949505964773137)	(35.0, 0.8145052096744514)	(36.0, 1.7937595498558332)	(37.0, 3.354080861099173)	(38.0, 2.8089962921148066)	(39.0, 3.9802553637335913)	(40.0, 2.514069459597915)	(41.0, 1.985303610519422)	(42.0, 1.7636363636363634)	(43.0, 0.6049935979513444)	(44.0, 1.6155913978494623)	(45.0, 1.1944444444444444)	(46.0, 0.8333333333333333)	(47.0, 0.8333333333333333)	(48.0, 0.09090909090909091)	(49.0, 0.0)	(50.0, 0.16666666666666666)	(51.0, 0.0)	(52.0, 0.0)	(53.0, 0.0)	(54.0, 0.0)	(55.0, 0.0)	(56.0, 0.0)	(57.0, 0.0)	(58.0, 0.0)	(59.0, 0.0)	(60.0, 0.0)	(61.0, 0.0)	(62.0, 0.0)	(63.0, 0.0)	(64.0, 0.0)	(65.0, 0.0)	(66.0, 0.0)	(67.0, 0.0)	(68.0, 0.0)	(69.0, 0.0)	(70.0, 0.0)	(71.0, 0.0)	(72.0, 0.0)	(73.0, 0.0)	(74.0, 0.0)	(75.0, 0.0)	(76.0, 0.0)	(77.0, 0.0)	(78.0, 0.0)	(79.0, 0.0)	(80.0, 0.0)	(81.0, 0.0)	(82.0, 0.0)	(83.0, 0.0)	(84.0, 0.0)	(85.0, 0.0)	(86.0, 0.0)	(87.0, 0.0)	(88.0, 0.0)	(89.0, 0.0)	(90.0, 0.0)	(91.0, 0.0)	(92.0, 0.0)	(93.0, 0.0)	(94.0, 0.0)	(95.0, 0.0)	(96.0, 0.0)	(97.0, 0.0)	(98.0, 0.0)	(99.0, 0.0)	(100.0, 0.0)
FAY99780_pass_barcode08_98e12ebb_5ad7f319_5	(0.0, 0.0)	(1.0, 0.0)	(2.0, 0.0)	(3.0, 0.0)	(4.0, 0.0)	(5.0, 0.0)	(6.0, 0.0)	(7.0, 0.0)	(8.0, 0.0)	(9.0, 0.0)	(10.0, 0.0)	(11.0, 0.0)	(12.0, 0.0)	(13.0, 0.0)	(14.0, 0.0)	(15.0, 0.0)	(16.0, 0.0)	(17.0, 0.0)	(18.0, 0.0)	(19.0, 0.0)	(20.0, 0.0)	(21.0, 0.0)	(22.0, 0.3333333333333333)	(23.0, 0.0)	(24.0, 0.0)	(25.0, 0.0)	(26.0, 0.0)	(27.0, 0.0)	(28.0, 0.37662337662337664)	(29.0, 0.7909090909090909)	(30.0, 1.002020202020202)	(31.0, 0.654004329004329)	(32.0, 1.4817086293690989)	(33.0, 2.2822529289403106)	(34.0, 2.803970570791477)	(35.0, 5.114013572887489)	(36.0, 4.221562214156714)	(37.0, 4.201029270948443)	(38.0, 4.390505764848697)	(39.0, 4.908867643461141)	(40.0, 4.050147649163827)	(41.0, 4.597625048140531)	(42.0, 3.415696160208355)	(43.0, 3.057575757575758)	(44.0, 1.6111111111111112)	(45.0, 1.0138888888888888)	(46.0, 1.0909090909090908)	(47.0, 0.3333333333333333)	(48.0, 0.25)	(49.0, 0.0)	(50.0, 0.1)	(51.0, 0.0)	(52.0, 0.0)	(53.0, 0.5)	(54.0, 0.5)	(55.0, 0.0)	(56.0, 0.5)	(57.0, 0.5)	(58.0, 0.0)	(59.0, 0.0)	(60.0, 0.5)	(61.0, 0.5)	(62.0, 0.0)	(63.0, 0.0)	(64.0, 0.2)	(65.0, 0.0)	(66.0, 0.0)	(67.0, 0.0)	(68.0, 0.0)	(69.0, 0.0)	(70.0, 0.0)	(71.0, 0.0)	(72.0, 0.0)	(73.0, 0.0)	(74.0, 0.0)	(75.0, 0.3333333333333333)	(76.0, 0.3333333333333333)	(77.0, 0.0)	(78.0, 0.0)	(79.0, 0.0)	(80.0, 0.0)	(81.0, 0.0)	(82.0, 0.0)	(83.0, 0.0)	(84.0, 0.0)	(85.0, 0.0)	(86.0, 0.0)	(87.0, 0.0)	(88.0, 0.0)	(89.0, 0.0)	(90.0, 0.0)	(91.0, 0.0)	(92.0, 0.0)	(93.0, 0.0)	(94.0, 0.0)	(95.0, 0.0)	(96.0, 0.0)	(97.0, 0.0)	(98.0, 0.0)	(99.0, 0.0)	(100.0, 0.0)
FAY99780_pass_barcode08_98e12ebb_5ad7f319_50	(0.0, 0.0)	(1.0, 0.0)	(2.0, 0.0)	(3.0, 0.0)	(4.0, 0.0)	(5.0, 0.0)	(6.0, 0.0)	(7.0, 0.0)	(8.0, 0.0)	(9.0, 0.0)	(10.0, 0.0)	(11.0, 0.0)	(12.0, 0.0)	(13.0, 0.0)	(14.0, 0.0)	(15.0, 0.0)	(16.0, 0.0)	(17.0, 0.5)	(18.0, 1.0)	(19.0, 1.0)	(20.0, 1.0)	(21.0, 1.0)	(22.0, 1.0)	(23.0, 1.0)	(24.0, 1.0)	(25.0, 1.0)	(26.0, 1.0)	(27.0, 1.0)	(28.0, 1.0)	(29.0, 1.0)	(30.0, 1.0476190476190477)	(31.0, 1.032258064516129)	(32.0, 1.7110123950504363)	(33.0, 2.31529933481153)	(34.0, 2.5003712521415116)	(35.0, 3.0016769357052597)	(36.0, 3.736302628557981)	(37.0, 5.340390721689721)	(38.0, 4.374054131362583)	(39.0, 3.265221554243059)	(40.0, 2.8016817420959432)	(41.0, 2.6387000564565284)	(42.0, 3.0307189542483663)	(43.0, 3.5076335877862594)	(44.0, 3.8666666666666667)	(45.0, 2.5)	(46.0, 2.0)	(47.0, 2.333333333333333)	(48.0, 2.0)	(49.0, 1.5)	(50.0, 0.5)	(51.0, 0.0)	(52.0, 0.0)	(53.0, 0.0)	(54.0, 0.0)	(55.0, 0.0)	(56.0, 0.5)	(57.0, 0.5)	(58.0, 0.0)	(59.0, 0.0)	(60.0, 0.0)	(61.0, 0.0)	(62.0, 0.0)	(63.0, 0.0)	(64.0, 0.0)	(65.0, 0.0)	(66.0, 0.0)	(67.0, 0.0)	(68.0, 0.0)	(69.0, 0.0)	(70.0, 0.0)	(71.0, 0.0)	(72.0, 0.0)	(73.0, 0.0)	(74.0, 0.0)	(75.0, 0.0)	(76.0, 0.0)	(77.0, 0.0)	(78.0, 0.0)	(79.0, 0.0)	(80.0, 0.0)	(81.0, 0.0)	(82.0, 0.0)	(83.0, 0.0)	(84.0, 0.0)	(85.0, 0.0)	(86.0, 0.0)	(87.0, 0.0)	(88.0, 0.0)	(89.0, 0.0)	(90.0, 0.0)	(91.0, 0.0)	(92.0, 0.0)	(93.0, 0.0)	(94.0, 0.0)	(95.0, 0.0)	(96.0, 0.0)	(97.0, 0.0)	(98.0, 0.0)	(99.0, 0.0)	(100.0, 0.0)
FAY99780_pass_barcode08_98e12ebb_5ad7f319_51	(0.0, 0.0)	(1.0, 0.0)	(2.0, 0.0)	(3.0, 0.0)	(4.0, 0.0)	(5.0, 0.0)	(6.0, 0.0)	(7.0, 0.0)	(8.0, 0.0)	(9.0, 0.0)	(10.0, 0.0)	(11.0, 0.0)	(12.0, 0.0)	(13.0, 0.0)	(14.0, 0.0)	(15.0, 0.0)	(16.0, 0.0)	(17.0, 0.0)	(18.0, 0.0)	(19.0, 0.0)	(20.0, 0.0)	(21.0, 0.0)	(22.0, 0.0)	(23.0, 0.0)	(24.0, 0.0)	(25.0, 0.0)	(26.0, 0.5)	(27.0, 1.0)	(28.0, 0.5)	(29.0, 0.0)	(30.0, 0.0)	(31.0, 0.45763358778625957)	(32.0, 0.2)	(33.0, 0.5809523809523809)	(34.0, 1.217006340931072)	(35.0, 1.2685985933088082)	(36.0, 2.58808927697865)	(37.0, 3.077885119949274)	(38.0, 3.48729453369779)	(39.0, 4.0434573303568495)	(40.0, 4.305993234201057)	(41.0, 2.5894170129027745)	(42.0, 2.0984848484848486)	(43.0, 1.4166666666666665)	(44.0, 0.9456790123456791)	(45.0, 1.35)	(46.0, 0.75)	(47.0, 0.0)	(48.0, 0.0)	(49.0, 0.0)	(50.0, 0.5)	(51.0, 1.1666666666666667)	(52.0, 1.1666666666666667)	(53.0, 0.5)	(54.0, 0.0)	(55.0, 0.0)	(56.0, 0.5)	(57.0, 0.5)	(58.0, 0.0)	(59.0, 0.0)	(60.0, 0.0)	(61.0, 0.0)	(62.0, 0.0)	(63.0, 0.0)	(64.0, 0.0)	(65.0, 0.0)	(66.0, 0.0)	(67.0, 0.0)	(68.0, 0.0)	(69.0, 0.0)	(70.0, 0.0)	(71.0, 0.0)	(72.0, 0.0)	(73.0, 0.0)	(74.0, 0.125)	(75.0, 0.125)	(76.0, 0.0)	(77.0, 0.0)	(78.0, 0.0)	(79.0, 0.0)	(80.0, 0.0)	(81.0, 0.0)	(82.0, 0.0)	(83.0, 0.0)	(84.0, 0.0)	(85.0, 0.0)	(86.0, 0.0)	(87.0, 0.0)	(88.0, 0.0)	(89.0, 0.0)	(90.0, 0.0)	(91.0, 0.0)	(92.0, 0.0)	(93.0, 0.0)	(94.0, 0.0)	(95.0, 0.0)	(96.0, 0.0)	(97.0, 0.0)	(98.0, 0.0)	(99.0, 0.0)	(100.0, 0.0)
FAY99780_pass_barcode08_98e12ebb_5ad7f319_52	(0.0, 0.0)	(1.0, 0.0)	(2.0, 0.0)	(3.0, 0.0)	(4.0, 0.0)	(5.0, 0.0)	(6.0, 0.0)	(7.0, 0.0)	(8.0, 0.0)	(9.0, 0.0)	(10.0, 0.0)	(11.0, 0.0)	(12.0, 0.0)	(13.0, 0.0)	(14.0, 0.0)	(15.0, 0.0)	(16.0, 0.0)	(17.0, 0.0)	(18.0, 0.0)	(19.0, 0.0)	(20.0, 0.0)	(21.0, 0.0)	(22.0, 0.0)	(23.0, 0.0)	(24.0, 0.0)	(25.0, 0.0)	(26.0, 0.0)	(27.0, 0.3111111111111111)	(28.0, 0.2)	(29.0, 0.09090909090909091)	(30.0, 0.3484848484848485)	(31.0, 0.11529933481152993)	(32.0, 0.3274385189278806)	(33.0, 1.0958780628796019)	(34.0, 1.2222665386373723)	(35.0, 1.8190221303595593)	(36.0, 3.063371107358717)	(37.0, 4.013222820718462)	(38.0, 2.9085008490202298)	(39.0, 1.8611685683918322)	(40.0, 2.5675357470812017)	(41.0, 2.773440489387672)	(42.0, 1.4996392496392497)	(43.0, 1.5151515151515151)	(44.0, 1.7026556776556774)	(45.0, 0.25)	(46.0, 0.8333333333333333)	(47.0, 1.0)	(48.0, 0.5)	(49.0, 0.5)	(50.0, 0.5)	(51.0, 0.03225806451612903)	(52.0, 0.0)	(53.0, 0.0)	(54.0, 0.0)	(55.0, 0.0)	(56.0, 0.0)	(57.0, 0.0)	(58.0, 0.0)	(59.0, 0.0)	(60.0, 0.0)	(61.0, 0.0)	(62.0, 0.0)	(63.0, 0.0)	(64.0, 0.0)	(65.0, 0.0)	(66.0, 0.0)	(67.0, 0.0)	(68.0, 0.0)	(69.0, 0.0)	(70.0, 0.0)	(71.0, 0.0)	(72.0, 0.0)	(73.0, 0.0)	(74.0, 0.0)	(75.0, 0.0)	(76.0, 0.0)	(77.0, 0.0)	(78.0, 0.0)	(79.0, 0.0)	(80.0, 0.0)	(81.0, 0.0)	(82.0, 0.0)	(83.0, 0.0)	(84.0, 0.0)	(85.0, 0.0)	(86.0, 0.0)	(87.0, 0.0)	(88.0, 0.0)	(89.0, 0.0)	(90.0, 0.0)	(91.0, 0.0)	(92.0, 0.0)	(93.0, 0.0)	(94.0, 0.0)	(95.0, 0.0)	(96.0, 0.0)	(97.0, 0.0)	(98.0, 0.0)	(99.0, 0.0)	(100.0, 0.0)
FAY99780_pass_barcode08_98e12ebb_5ad7f319_53	(0.0, 0.0)	(1.0, 0.0)	(2.0, 0.0)	(3.0, 0.0)	(4.0, 0.0)	(5.0, 0.0)	(6.0, 0.0)	(7.0, 0.0)	(8.0, 0.0)	(9.0, 0.0)	(10.0, 0.0)	(11.0, 0.0)	(12.0, 0.0)	(13.0, 0.0)	(14.0, 0.0)	(15.0, 0.0)	(16.0, 0.0)	(17.0, 0.0)	(18.0, 0.0)	(19.0, 0.0)	(20.0, 0.0)	(21.0, 0.0)	(22.0, 0.0)	(23.0, 0.0)	(24.0, 0.0)	(25.0, 0.0)	(26.0, 0.0)	(27.0, 0.0)	(28.0, 0.0)	(29.0, 0.03225806451612903)	(30.0, 0.11529933481152993)	(31.0, 0.0196078431372549)	(32.0, 0.34054834054834054)	(33.0, 0.8398268398268399)	(34.0, 1.638834125340388)	(35.0, 1.6069387705504263)	(36.0, 1.89372225093066)	(37.0, 2.2556615866953207)	(38.0, 2.749325055831811)	(39.0, 2.9159101401511207)	(40.0, 2.9507854401962033)	(41.0, 2.0451368523949167)	(42.0, 0.6897348946733716)	(43.0, 0.7496392496392497)	(44.0, 0.75)	(45.0, 1.0833333333333333)	(46.0, 0.8409090909090909)	(47.0, 0.75)	(48.0, 1.5833333333333333)	(49.0, 1.3333333333333333)	(50.0, 0.5)	(51.0, 0.0)	(52.0, 0.0)	(53.0, 0.0)	(54.0, 0.0)	(55.0, 0.0)	(56.0, 0.0)	(57.0, 0.0)	(58.0, 0.0)	(59.0, 0.0)	(60.0, 0.0)	(61.0, 0.0)	(62.0, 0.0)	(63.0, 0.0)	(64.0, 0.0)	(65.0, 0.0)	(66.0, 0.0)	(67.0, 0.0)	(68.0, 0.0)	(69.0, 0.0)	(70.0, 1.0)	(71.0, 1.5)	(72.0, 1.0)	(73.0, 1.0)	(74.0, 1.0)	(75.0, 1.0)	(76.0, 1.0)	(77.0, 1.0)	(78.0, 1.0)	(79.0, 1.0)	(80.0, 1.0)	(81.0, 1.0)	(82.0, 1.0)	(83.0, 1.0)	(84.0, 1.0)	(85.0, 1.0)	(86.0, 1.0)	(87.0, 1.0)	(88.0, 1.0)	(89.0, 1.0)	(90.0, 0.5)	(91.0, 0.0)	(92.0, 0.0)	(93.0, 0.0)	(94.0, 0.0)	(95.0, 0.0)	(96.0, 0.0)	(97.0, 0.0)	(98.0, 0.0)	(99.0, 0.0)	(100.0, 0.0)
FAY99780_pass_barcode08_98e12ebb_5ad7f319_54	(0.0, 0.0)	(1.0, 0.0)	(2.0, 0.0)	(3.0, 0.0)	(4.0, 0.0)	(5.0, 0.0)	(6.0, 0.0)	(7.0, 0.0)	(8.0, 0.0)	(9.0, 0.0)	(10.0, 0.0)	(11.0, 0.0)	(12.0, 0.0)	(13.0, 0.0)	(14.0, 0.0)	(15.0, 0.0)	(16.0, 0.0)	(17.0, 0.0)	(18.0, 0.0)	(19.0, 0.0)	(20.0, 0.0)	(21.0, 0.0)	(22.0, 0.0)	(23.0, 0.0)	(24.0, 0.0)	(25.0, 0.5)	(26.0, 0.5)	(27.0, 0.0)	(28.0, 0.024390243902439025)	(29.0, 0.09090909090909091)	(30.0, 0.29292929292929293)	(31.0, 0.09643395278754395)	(32.0, 0.2973856209150326)	(33.0, 0.4242424242424242)	(34.0, 0.5379012031551017)	(35.0, 0.962962763056805)	(36.0, 2.05014570859313)	(37.0, 3.4454236195826122)	(38.0, 5.648770503618539)	(39.0, 4.767021377905618)	(40.0, 2.4860379097793803)	(41.0, 1.602312321824517)	(42.0, 1.5723773020037872)	(43.0, 1.3668343792904634)	(44.0, 2.533333333333333)	(45.0, 1.624242424242424)	(46.0, 1.0)	(47.0, 1.3333333333333333)	(48.0, 1.3333333333333333)	(49.0, 1.0)	(50.0, 0.7342782665363311)	(51.0, 0.0)	(52.0, 1.0)	(53.0, 1.0)	(54.0, 0.0)	(55.0, 0.0)	(56.0, 0.3333333333333333)	(57.0, 0.0)	(58.0, 0.3333333333333333)	(59.0, 0.0)	(60.0, 0.0)	(61.0, 0.0)	(62.0, 0.0)	(63.0, 0.0)	(64.0, 0.0)	(65.0, 0.0)	(66.0, 0.0)	(67.0, 0.0)	(68.0, 0.0)	(69.0, 0.2)	(70.0, 0.0)	(71.0, 0.0)	(72.0, 0.0)	(73.0, 0.0)	(74.0, 0.0)	(75.0, 0.0)	(76.0, 0.0)	(77.0, 0.0)	(78.0, 0.0)	(79.0, 0.0)	(80.0, 0.0)	(81.0, 0.0)	(82.0, 0.0)	(83.0, 0.0)	(84.0, 0.0)	(85.0, 0.0)	(86.0, 0.0)	(87.0, 0.0)	(88.0, 0.0)	(89.0, 0.0)	(90.0, 0.0)	(91.0, 0.0)	(92.0, 0.0)	(93.0, 0.0)	(94.0, 0.0)	(95.0, 0.0)	(96.0, 0.0)	(97.0, 0.0)	(98.0, 0.0)	(99.0, 0.0)	(100.0, 0.0)
FAY99780_pass_barcode08_98e12ebb_5ad7f319_55	(0.0, 0.0)	(1.0, 0.0)	(2.0, 0.0)	(3.0, 0.0)	(4.0, 0.0)	(5.0, 0.0)	(6.0, 0.0)	(7.0, 0.0)	(8.0, 0.0)	(9.0, 0.0)	(10.0, 0.0)	(11.0, 0.0)	(12.0, 0.0)	(13.0, 0.0)	(14.0, 0.0)	(15.0, 0.0)	(16.0, 0.0)	(17.0, 0.0)	(18.0, 0.0)	(19.0, 0.0)	(20.0, 0.0)	(21.0, 0.0)	(22.0, 0.0)	(23.0, 0.0)	(24.0, 0.0)	(25.0, 0.09090909090909091)	(26.0, 0.0)	(27.0, 0.3333333333333333)	(28.0, 0.3333333333333333)	(29.0, 0.0)	(30.0, 0.0)	(31.0, 0.03225806451612903)	(32.0, 0.6353535353535353)	(33.0, 0.7796245868826516)	(34.0, 0.7862554112554114)	(35.0, 0.41912443702570534)	(36.0, 1.9088268259924142)	(37.0, 1.5064640707126584)	(38.0, 3.076719431690159)	(39.0, 2.9021150646981244)	(40.0, 2.180386684244921)	(41.0, 2.505784211571688)	(42.0, 3.1174963924963928)	(43.0, 1.4659090909090908)	(44.0, 0.652020202020202)	(45.0, 1.2)	(46.0, 1.1111111111111112)	(47.0, 0.0)	(48.0, 0.25)	(49.0, 0.0)	(50.0, 0.0)	(51.0, 0.0)	(52.0, 0.0)	(53.0, 0.0)	(54.0, 0.0)	(55.0, 0.0)	(56.0, 0.0)	(57.0, 0.0)	(58.0, 0.0)	(59.0, 0.0)	(60.0, 0.0)	(61.0, 0.0)	(62.0, 0.0)	(63.0, 0.0)	(64.0, 0.0)	(65.0, 0.0)	(66.0, 0.0)	(67.0, 0.0)	(68.0, 0.0)	(69.0, 0.0)	(70.0, 0.0)	(71.0, 0.0)	(72.0, 0.0)	(73.0, 0.0)	(74.0, 0.0)	(75.0, 0.0)	(76.0, 0.0)	(77.0, 0.0)	(78.0, 0.0)	(79.0, 0.0)	(80.0, 0.0)	(81.0, 0.0)	(82.0, 0.0)	(83.0, 0.0)	(84.0, 0.0)	(85.0, 0.0)	(86.0, 0.0)	(87.0, 0.0)	(88.0, 0.0)	(89.0, 0.0)	(90.0, 0.0)	(91.0, 0.0)	(92.0, 0.0)	(93.0, 0.0)	(94.0, 0.0)	(95.0, 0.0)	(96.0, 0.0)	(97.0, 0.0)	(98.0, 0.0)	(99.0, 0.0)	(100.0, 0.0)
FAY99780_pass_barcode08_98e12ebb_5ad7f319_56	(0.0, 0.0)	(1.0, 0.0)	(2.0, 0.0)	(3.0, 0.0)	(4.0, 0.0)	(5.0, 0.0)	(6.0, 0.0)	(7.0, 0.0)	(8.0, 0.0)	(9.0, 0.0)	(10.0, 0.0)	(11.0, 0.0)	(12.0, 0.0)	(13.0, 0.0)	(14.0, 0.0)	(15.0, 0.0)	(16.0, 0.0)	(17.0, 0.0)	(18.0, 0.0)	(19.0, 0.0)	(20.0, 0.0)	(21.0, 0.0)	(22.0, 0.0)	(23.0, 0.0)	(24.0, 0.0)	(25.0, 0.0)	(26.0, 0.0)	(27.0, 0.09090909090909091)	(28.0, 0.5)	(29.0, 1.0196078431372548)	(30.0, 1.1)	(31.0, 1.2)	(32.0, 0.6)	(33.0, 0.25128040973111393)	(34.0, 0.5997720154101742)	(35.0, 1.7970247988899355)	(36.0, 1.7008985579042273)	(37.0, 0.9639623739852612)	(38.0, 2.046016472909538)	(39.0, 3.0089767933690736)	(40.0, 3.1342533925855696)	(41.0, 1.092469153311587)	(42.0, 0.42943722943722945)	(43.0, 0.09090909090909091)	(44.0, 0.3333333333333333)	(45.0, 0.0)	(46.0, 0.0)	(47.0, 0.0)	(48.0, 0.0)	(49.0, 0.0)	(50.0, 0.0)	(51.0, 0.0)	(52.0, 0.0)	(53.0, 0.0)	(54.0, 0.2)	(55.0, 0.2)	(56.0, 0.0)	(57.0, 0.0)	(58.0, 0.0)	(59.0, 0.0)	(60.0, 0.0)	(61.0, 0.0)	(62.0, 0.0)	(63.0, 0.0)	(64.0, 0.0)	(65.0, 0.0)	(66.0, 0.0)	(67.0, 0.0)	(68.0, 0.0)	(69.0, 0.0)	(70.0, 0.0)	(71.0, 0.0)	(72.0, 0.0)	(73.0, 0.0)	(74.0, 0.0)	(75.0, 0.0)	(76.0, 0.0)	(77.0, 0.0)	(78.0, 0.0)	(79.0, 0.0)	(80.0, 0.0)	(81.0, 0.0)	(82.0, 0.0)	(83.0, 0.0)	(84.0, 0.0)	(85.0, 0.0)	(86.0, 0.0)	(87.0, 0.0)	(88.0, 0.0)	(89.0, 0.0)	(90.0, 0.0)	(91.0, 0.0)	(92.0, 0.0)	(93.0, 0.0)	(94.0, 0.0)	(95.0, 0.0)	(96.0, 0.0)	(97.0, 0.0)	(98.0, 0.0)	(99.0, 0.0)	(100.0, 0.0)
FAY99780_pass_barcode08_98e12ebb_5ad7f319_57	(0.0, 0.0)	(1.0, 0.0)	(2.0, 0.0)	(3.0, 0.0)	(4.0, 0.0)	(5.0, 0.0)	(6.0, 0.0)	(7.0, 0.0)	(8.0, 0.0)	(9.0, 0.0)	(10.0, 0.0)	(11.0, 0.0)	(12.0, 0.0)	(13.0, 0.0)	(14.0, 0.0)	(15.0, 0.0)	(16.0, 0.0)	(17.0, 0.0)	(18.0, 0.0)	(19.0, 0.0)	(20.0, 0.0)	(21.0, 0.0)	(22.0, 0.0)	(23.0, 0.0)	(24.0, 0.0)	(25.0, 0.0)	(26.0, 0.0)	(27.0, 0.0)	(28.0, 0.0)	(29.0, 0.0)	(30.0, 0.14939024390243902)	(31.0, 0.48746498599439775)	(32.0, 0.652612645570392)	(33.0, 1.8636363636363635)	(34.0, 1.488327559209375)	(35.0, 1.6531822448874176)	(36.0, 1.7770283852907192)	(37.0, 2.048076812122358)	(38.0, 2.699010563704488)	(39.0, 3.478245012567974)	(40.0, 2.319442283696012)	(41.0, 2.1839862034983986)	(42.0, 2.317611599869664)	(43.0, 1.7575757575757576)	(44.0, 0.85)	(45.0, 0.45)	(46.0, 0.16666666666666666)	(47.0, 0.6666666666666666)	(48.0, 1.1666666666666665)	(49.0, 0.5)	(50.0, 0.0)	(51.0, 0.0)	(52.0, 0.0)	(53.0, 0.0)	(54.0, 0.0)	(55.0, 0.0)	(56.0, 0.0)	(57.0, 0.0)	(58.0, 0.0)	(59.0, 0.0)	(60.0, 0.0)	(61.0, 0.0)	(62.0, 0.0)	(63.0, 0.0)	(64.0, 0.0)	(65.0, 0.0)	(66.0, 0.0)	(67.0, 0.0)	(68.0, 0.0)	(69.0, 0.0)	(70.0, 0.0)	(71.0, 0.0)	(72.0, 0.0)	(73.0, 0.0)	(74.0, 0.0)	(75.0, 0.0)	(76.0, 0.0)	(77.0, 0.0)	(78.0, 0.0)	(79.0, 0.0)	(80.0, 0.0)	(81.0, 0.0)	(82.0, 0.0)	(83.0, 0.0)	(84.0, 0.0)	(85.0, 0.0)	(86.0, 0.0)	(87.0, 0.0)	(88.0, 0.0)	(89.0, 0.0)	(90.0, 0.0)	(91.0, 0.0)	(92.0, 0.0)	(93.0, 0.0)	(94.0, 0.0)	(95.0, 0.0)	(96.0, 0.0)	(97.0, 0.0)	(98.0, 0.0)	(99.0, 0.0)	(100.0, 0.0)
FAY99780_pass_barcode08_98e12ebb_5ad7f319_58	(0.0, 0.0)	(1.0, 0.0)	(2.0, 0.0)	(3.0, 0.0)	(4.0, 0.0)	(5.0, 0.0)	(6.0, 0.0)	(7.0, 0.0)	(8.0, 0.0)	(9.0, 0.0)	(10.0, 0.0)	(11.0, 0.0)	(12.0, 0.0)	(13.0, 0.0)	(14.0, 0.0)	(15.0, 0.0)	(16.0, 0.0)	(17.0, 0.0)	(18.0, 0.0)	(19.0, 0.0)	(20.0, 0.0)	(21.0, 0.5)	(22.0, 0.5)	(23.0, 0.0)	(24.0, 0.0)	(25.0, 0.0)	(26.0, 0.0)	(27.0, 0.0)	(28.0, 0.09090909090909091)	(29.0, 0.0)	(30.0, 0.16666666666666666)	(31.0, 0.0)	(32.0, 0.2857142857142857)	(33.0, 0.11051693404634581)	(34.0, 1.3576100607816655)	(35.0, 1.4718261452701284)	(36.0, 2.6415664732917654)	(37.0, 2.65941639740659)	(38.0, 3.6957550497338496)	(39.0, 2.9086547238992773)	(40.0, 2.205421394146884)	(41.0, 2.4449321824021233)	(42.0, 3.431828260431365)	(43.0, 2.7944444444444443)	(44.0, 2.2222222222222223)	(45.0, 1.3333333333333333)	(46.0, 0.09090909090909091)	(47.0, 0.6666666666666666)	(48.0, 1.3333333333333333)	(49.0, 1.0)	(50.0, 0.0)	(51.0, 0.0)	(52.0, 0.0)	(53.0, 0.0)	(54.0, 0.0)	(55.0, 0.0)	(56.0, 0.5)	(57.0, 0.5)	(58.0, 0.0)	(59.0, 0.0)	(60.0, 0.0)	(61.0, 0.0)	(62.0, 0.0)	(63.0, 0.0)	(64.0, 0.0)	(65.0, 0.3333333333333333)	(66.0, 0.3333333333333333)	(67.0, 0.0)	(68.0, 0.0)	(69.0, 0.0)	(70.0, 0.0)	(71.0, 0.0)	(72.0, 0.0)	(73.0, 0.0)	(74.0, 0.0)	(75.0, 0.0)	(76.0, 0.0)	(77.0, 0.0)	(78.0, 0.0)	(79.0, 0.0)	(80.0, 0.0)	(81.0, 0.0)	(82.0, 0.0)	(83.0, 0.0)	(84.0, 0.0)	(85.0, 0.0)	(86.0, 0.0)	(87.0, 0.0)	(88.0, 0.0)	(89.0, 0.0)	(90.0, 0.0)	(91.0, 0.0)	(92.0, 0.0)	(93.0, 0.0)	(94.0, 0.0)	(95.0, 0.0)	(96.0, 0.0)	(97.0, 0.0)	(98.0, 0.0)	(99.0, 0.0)	(100.0, 0.0)
FAY99780_pass_barcode08_98e12ebb_5ad7f319_59	(0.0, 0.0)	(1.0, 0.0)	(2.0, 0.0)	(3.0, 0.0)	(4.0, 0.0)	(5.0, 0.0)	(6.0, 0.0)	(7.0, 0.0)	(8.0, 0.0)	(9.0, 0.0)	(10.0, 0.0)	(11.0, 0.0)	(12.0, 0.0)	(13.0, 0.0)	(14.0, 0.0)	(15.0, 0.0)	(16.0, 0.0)	(17.0, 0.0)	(18.0, 0.0)	(19.0, 0.0)	(20.0, 0.0)	(21.0, 0.0)	(22.0, 0.0)	(23.0, 0.0)	(24.0, 0.0)	(25.0, 0.0)	(26.0, 0.0)	(27.0, 0.0196078431372549)	(28.0, 0.0)	(29.0, 0.2)	(30.0, 0.024390243902439025)	(31.0, 0.0)	(32.0, 0.07987711213517665)	(33.0, 0.12927348018100757)	(34.0, 0.7241605241605241)	(35.0, 1.1449467272047915)	(36.0, 2.464725959655808)	(37.0, 2.298943177087268)	(38.0, 2.379566552380348)	(39.0, 3.838751233342348)	(40.0, 4.02742205793032)	(41.0, 3.007575757575758)	(42.0, 2.049823144335339)	(43.0, 1.1186868686868687)	(44.0, 0.3666666666666667)	(45.0, 0.7)	(46.0, 0.5833333333333333)	(47.0, 0.25)	(48.0, 0.0)	(49.0, 0.0)	(50.0, 0.0)	(51.0, 0.0)	(52.0, 0.0)	(53.0, 0.09090909090909091)	(54.0, 0.0)	(55.0, 0.0)	(56.0, 0.5)	(57.0, 0.5)	(58.0, 0.0)	(59.0, 0.0)	(60.0, 0.0)	(61.0, 0.0)	(62.0, 0.0)	(63.0, 0.0)	(64.0, 0.0)	(65.0, 0.0)	(66.0, 0.0)	(67.0, 0.0)	(68.0, 0.0)	(69.0, 0.0)	(70.0, 0.0)	(71.0, 0.0)	(72.0, 0.0)	(73.0, 0.0)	(74.0, 0.0)	(75.0, 0.0)	(76.0, 0.0)	(77.0, 0.0)	(78.0, 0.0)	(79.0, 0.0)	(80.0, 0.0)	(81.0, 0.0)	(82.0, 0.0)	(83.0, 0.0)	(84.0, 0.0)	(85.0, 0.0)	(86.0, 0.0)	(87.0, 0.0)	(88.0, 0.0)	(89.0, 0.0)	(90.0, 0.0)	(91.0, 0.0)	(92.0, 0.0)	(93.0, 0.0)	(94.0, 0.0)	(95.0, 0.0)	(96.0, 0.0)	(97.0, 0.0)	(98.0, 0.0)	(99.0, 0.0)	(100.0, 0.0)
FAY99780_pass_barcode08_98e12ebb_5ad7f319_6	(0.0, 0.0)	(1.0, 0.0)	(2.0, 0.0)	(3.0, 0.0)	(4.0, 0.0)	(5.0, 0.0)	(6.0, 0.0)	(7.0, 0.0)	(8.0, 0.0)	(9.0, 0.0)	(10.0, 0.0)	(11.0, 0.0)	(12.0, 0.0)	(13.0, 0.0)	(14.0, 0.0)	(15.0, 0.0)	(16.0, 0.0)	(17.0, 0.0)	(18.0, 0.0)	(19.0, 0.0)	(20.0, 0.0)	(21.0, 0.0)	(22.0, 0.5)	(23.0, 1.0)	(24.0, 0.5)	(25.0, 0.0)	(26.0, 0.2)	(27.0, 0.35714285714285715)	(28.0, 0.0)	(29.0, 0.047619047619047616)	(30.0, 0.32116844491587115)	(31.0, 0.6088935574229692)	(32.0, 0.5004329004329005)	(33.0, 2.337292444260724)	(34.0, 2.341271994452395)	(35.0, 2.3265561659548)	(36.0, 4.403317883995476)	(37.0, 3.812698705598713)	(38.0, 4.876988964055451)	(39.0, 6.707515204763005)	(40.0, 4.489197086274293)	(41.0, 3.852430727229284)	(42.0, 3.5588383838383835)	(43.0, 2.766666666666667)	(44.0, 3.866666666666667)	(45.0, 3.0833333333333335)	(46.0, 2.75)	(47.0, 1.8333333333333333)	(48.0, 1.4718614718614718)	(49.0, 1.5)	(50.0, 2.0)	(51.0, 2.5)	(52.0, 2.5)	(53.0, 2.0)	(54.0, 1.0)	(55.0, 1.0)	(56.0, 1.125)	(57.0, 1.0)	(58.0, 1.0)	(59.0, 1.0)	(60.0, 1.0)	(61.0, 1.0)	(62.0, 1.0)	(63.0, 1.0)	(64.0, 1.0)	(65.0, 1.0)	(66.0, 1.0)	(67.0, 1.0)	(68.0, 1.0)	(69.0, 1.0)	(70.0, 1.0)	(71.0, 1.0)	(72.0, 1.0)	(73.0, 1.0)	(74.0, 1.0)	(75.0, 1.0)	(76.0, 1.0)	(77.0, 1.0)	(78.0, 1.0)	(79.0, 1.0)	(80.0, 1.0)	(81.0, 1.0)	(82.0, 1.0)	(83.0, 1.0)	(84.0, 1.0)	(85.0, 1.0)	(86.0, 1.0)	(87.0, 1.0)	(88.0, 1.0)	(89.0, 1.0)	(90.0, 1.0)	(91.0, 1.0)	(92.0, 1.0)	(93.0, 1.0)	(94.0, 1.0)	(95.0, 1.0)	(96.0, 1.0)	(97.0, 1.0)	(98.0, 1.0)	(99.0, 1.0)	(100.0, 1.0)
FAY99780_pass_barcode08_98e12ebb_5ad7f319_60	(0.0, 0.0)	(1.0, 0.0)	(2.0, 0.0)	(3.0, 0.0)	(4.0, 0.0)	(5.0, 0.0)	(6.0, 0.0)	(7.0, 0.0)	(8.0, 0.0)	(9.0, 0.0)	(10.0, 0.0)	(11.0, 0.0)	(12.0, 0.0)	(13.0, 0.0)	(14.0, 0.0)	(15.0, 0.0)	(16.0, 0.0)	(17.0, 0.0)	(18.0, 0.0)	(19.0, 0.0)	(20.0, 0.0)	(21.0, 0.0)	(22.0, 0.0)	(23.0, 0.0)	(24.0, 0.0)	(25.0, 0.0)	(26.0, 0.0)	(27.0, 0.0)	(28.0, 0.0)	(29.0, 0.0)	(30.0, 0.0)	(31.0, 0.31114718614718617)	(32.0, 0.5895686342827832)	(33.0, 1.245246217636077)	(34.0, 0.3885281385281385)	(35.0, 1.662193075928767)	(36.0, 2.8545164751285874)	(37.0, 2.809087132116781)	(38.0, 3.417112839100295)	(39.0, 5.25733138045991)	(40.0, 4.629084517724762)	(41.0, 4.163799762329175)	(42.0, 2.3679292929292926)	(43.0, 2.774242424242424)	(44.0, 0.6909090909090909)	(45.0, 0.125)	(46.0, 0.8333333333333333)	(47.0, 0.5)	(48.0, 0.0)	(49.0, 0.0)	(50.0, 0.0)	(51.0, 0.0)	(52.0, 0.0)	(53.0, 0.0)	(54.0, 0.0)	(55.0, 0.0)	(56.0, 0.5)	(57.0, 0.5)	(58.0, 0.0)	(59.0, 0.0)	(60.0, 0.0)	(61.0, 0.0)	(62.0, 0.0)	(63.0, 0.0)	(64.0, 0.0)	(65.0, 0.0)	(66.0, 0.0)	(67.0, 0.0)	(68.0, 0.0)	(69.0, 0.0)	(70.0, 0.0)	(71.0, 0.0)	(72.0, 0.0)	(73.0, 0.0)	(74.0, 0.0)	(75.0, 0.0)	(76.0, 0.0)	(77.0, 0.0)	(78.0, 0.0)	(79.0, 0.0)	(80.0, 0.0)	(81.0, 0.0)	(82.0, 0.0)	(83.0, 0.0)	(84.0, 0.0)	(85.0, 0.0)	(86.0, 0.0)	(87.0, 0.0)	(88.0, 0.0)	(89.0, 0.0)	(90.0, 0.0)	(91.0, 0.0)	(92.0, 0.0)	(93.0, 0.0)	(94.0, 0.0)	(95.0, 0.0)	(96.0, 0.0)	(97.0, 0.0)	(98.0, 0.0)	(99.0, 0.0)	(100.0, 0.0)
FAY99780_pass_barcode08_98e12ebb_5ad7f319_61	(0.0, 0.0)	(1.0, 0.0)	(2.0, 0.0)	(3.0, 0.0)	(4.0, 0.0)	(5.0, 0.0)	(6.0, 0.0)	(7.0, 0.0)	(8.0, 0.0)	(9.0, 0.0)	(10.0, 0.0)	(11.0, 0.0)	(12.0, 0.0)	(13.0, 0.0)	(14.0, 0.0)	(15.0, 0.0)	(16.0, 0.0)	(17.0, 0.0)	(18.0, 0.0)	(19.0, 0.0)	(20.0, 0.0)	(21.0, 0.0)	(22.0, 0.0)	(23.0, 0.0)	(24.0, 0.0)	(25.0, 0.0)	(26.0, 0.0)	(27.0, 0.0)	(28.0, 0.09090909090909091)	(29.0, 0.3333333333333333)	(30.0, 0.3333333333333333)	(31.0, 0.005847953216374269)	(32.0, 0.5028490028490028)	(33.0, 2.1999999999999997)	(34.0, 1.5898763343834839)	(35.0, 0.8576497237668925)	(36.0, 2.2751853442825163)	(37.0, 2.701133448409073)	(38.0, 2.863519164379025)	(39.0, 2.413306796352177)	(40.0, 2.734211084048408)	(41.0, 1.6378171903162226)	(42.0, 1.3544372294372293)	(43.0, 0.5492424242424242)	(44.0, 1.1242424242424243)	(45.0, 0.7)	(46.0, 0.09090909090909091)	(47.0, 0.5)	(48.0, 0.5)	(49.0, 0.0)	(50.0, 0.0)	(51.0, 0.024390243902439025)	(52.0, 0.0)	(53.0, 0.3333333333333333)	(54.0, 0.3333333333333333)	(55.0, 0.0)	(56.0, 0.3333333333333333)	(57.0, 0.0)	(58.0, 0.0)	(59.0, 0.3333333333333333)	(60.0, 0.3333333333333333)	(61.0, 0.0)	(62.0, 0.5)	(63.0, 0.5)	(64.0, 0.0)	(65.0, 0.0)	(66.0, 0.0)	(67.0, 0.0)	(68.0, 0.0)	(69.0, 0.0)	(70.0, 0.0)	(71.0, 0.0)	(72.0, 0.0)	(73.0, 0.0)	(74.0, 0.0)	(75.0, 0.0)	(76.0, 0.0)	(77.0, 0.0)	(78.0, 0.0)	(79.0, 0.0)	(80.0, 0.0)	(81.0, 0.0)	(82.0, 0.0)	(83.0, 0.0)	(84.0, 0.0)	(85.0, 0.0)	(86.0, 0.0)	(87.0, 0.0)	(88.0, 0.0)	(89.0, 0.0)	(90.0, 0.0)	(91.0, 0.0)	(92.0, 0.0)	(93.0, 0.0)	(94.0, 0.0)	(95.0, 0.0)	(96.0, 0.0)	(97.0, 0.0)	(98.0, 0.0)	(99.0, 0.0)	(100.0, 0.0)
FAY99780_pass_barcode08_98e12ebb_5ad7f319_62	(0.0, 0.0)	(1.0, 0.0)	(2.0, 0.0)	(3.0, 0.0)	(4.0, 0.0)	(5.0, 0.0)	(6.0, 0.0)	(7.0, 0.0)	(8.0, 0.0)	(9.0, 0.0)	(10.0, 0.0)	(11.0, 0.0)	(12.0, 0.0)	(13.0, 0.0)	(14.0, 0.0)	(15.0, 0.0)	(16.0, 0.0)	(17.0, 0.0)	(18.0, 0.0)	(19.0, 0.0)	(20.0, 0.0)	(21.0, 0.0)	(22.0, 0.0)	(23.0, 0.0)	(24.0, 0.0)	(25.0, 0.0)	(26.0, 0.0)	(27.0, 0.0)	(28.0, 0.0)	(29.0, 0.0)	(30.0, 0.09090909090909091)	(31.0, 0.5353535353535354)	(32.0, 0.6920018437721034)	(33.0, 0.643409413734822)	(34.0, 1.3255411255411256)	(35.0, 1.7559413631871894)	(36.0, 1.3757940681387284)	(37.0, 2.024139431627541)	(38.0, 3.195710556504515)	(39.0, 1.9358972902009939)	(40.0, 3.1635489863643858)	(41.0, 2.46857527034553)	(42.0, 1.734412353815339)	(43.0, 1.0)	(44.0, 0.5066225165562914)	(45.0, 0.0)	(46.0, 0.9242424242424242)	(47.0, 0.5)	(48.0, 0.0)	(49.0, 0.9166666666666666)	(50.0, 0.5909090909090909)	(51.0, 0.0)	(52.0, 0.0)	(53.0, 0.0)	(54.0, 0.0)	(55.0, 0.0)	(56.0, 0.0)	(57.0, 0.0)	(58.0, 0.0)	(59.0, 0.0)	(60.0, 0.0)	(61.0, 0.0)	(62.0, 0.0)	(63.0, 0.0)	(64.0, 0.0)	(65.0, 0.0)	(66.0, 0.0)	(67.0, 0.0)	(68.0, 0.0)	(69.0, 0.0)	(70.0, 0.0)	(71.0, 0.0)	(72.0, 0.0)	(73.0, 0.0)	(74.0, 0.0)	(75.0, 0.0)	(76.0, 0.0)	(77.0, 0.0)	(78.0, 0.0)	(79.0, 0.0)	(80.0, 0.0)	(81.0, 0.0)	(82.0, 0.0)	(83.0, 0.0)	(84.0, 0.0)	(85.0, 0.0)	(86.0, 0.0)	(87.0, 0.0)	(88.0, 0.0)	(89.0, 0.0)	(90.0, 0.0)	(91.0, 0.0)	(92.0, 0.0)	(93.0, 0.0)	(94.0, 0.0)	(95.0, 0.0)	(96.0, 0.0)	(97.0, 0.0)	(98.0, 0.0)	(99.0, 0.0)	(100.0, 0.0)
FAY99780_pass_barcode08_98e12ebb_5ad7f319_63	(0.0, 0.0)	(1.0, 0.0)	(2.0, 0.0)	(3.0, 0.0)	(4.0, 0.0)	(5.0, 0.0)	(6.0, 0.0)	(7.0, 0.0)	(8.0, 0.0)	(9.0, 0.0)	(10.0, 0.0)	(11.0, 0.0)	(12.0, 0.0)	(13.0, 0.0)	(14.0, 0.0)	(15.0, 0.0)	(16.0, 0.0)	(17.0, 0.0)	(18.0, 0.0)	(19.0, 0.0)	(20.0, 0.0)	(21.0, 0.0)	(22.0, 0.0)	(23.0, 0.0)	(24.0, 0.0)	(25.0, 0.0)	(26.0, 0.0)	(27.0, 0.0)	(28.0, 0.0)	(29.0, 0.0)	(30.0, 0.0)	(31.0, 0.014204445072612277)	(32.0, 0.01098901098901099)	(33.0, 0.2909090909090909)	(34.0, 0.6274170274170274)	(35.0, 0.5641793192516529)	(36.0, 1.2757969162605585)	(37.0, 1.2543814222642162)	(38.0, 2.221068330750426)	(39.0, 1.750835626595061)	(40.0, 1.8663390361509027)	(41.0, 1.067731941261353)	(42.0, 1.2119047619047618)	(43.0, 1.3166666666666667)	(44.0, 0.8333333333333333)	(45.0, 1.1666666666666665)	(46.0, 1.5333333333333332)	(47.0, 1.0)	(48.0, 0.5)	(49.0, 0.86529933481153)	(50.0, 0.75)	(51.0, 0.3333333333333333)	(52.0, 0.3333333333333333)	(53.0, 0.3333333333333333)	(54.0, 0.0)	(55.0, 0.0)	(56.0, 0.0)	(57.0, 0.3333333333333333)	(58.0, 0.0)	(59.0, 0.0)	(60.0, 0.0)	(61.0, 0.0)	(62.0, 0.0)	(63.0, 0.0)	(64.0, 0.0)	(65.0, 0.0)	(66.0, 0.0)	(67.0, 0.0)	(68.0, 0.0)	(69.0, 0.0)	(70.0, 0.0)	(71.0, 0.0)	(72.0, 0.5)	(73.0, 0.5)	(74.0, 0.0)	(75.0, 0.0)	(76.0, 0.0)	(77.0, 0.0)	(78.0, 0.0)	(79.0, 0.0)	(80.0, 0.0)	(81.0, 0.0)	(82.0, 0.0)	(83.0, 0.0)	(84.0, 0.0)	(85.0, 0.0)	(86.0, 0.0)	(87.0, 0.0)	(88.0, 0.0)	(89.0, 0.0)	(90.0, 0.0)	(91.0, 0.0)	(92.0, 0.0)	(93.0, 0.0)	(94.0, 0.0)	(95.0, 0.0)	(96.0, 0.0)	(97.0, 0.0)	(98.0, 0.0)	(99.0, 0.0)	(100.0, 0.0)
FAY99780_pass_barcode08_98e12ebb_5ad7f319_64	(0.0, 0.0)	(1.0, 0.0)	(2.0, 0.0)	(3.0, 0.0)	(4.0, 0.0)	(5.0, 0.0)	(6.0, 0.0)	(7.0, 0.0)	(8.0, 0.0)	(9.0, 0.0)	(10.0, 0.0)	(11.0, 0.0)	(12.0, 0.0)	(13.0, 0.0)	(14.0, 0.0)	(15.0, 0.0)	(16.0, 0.0)	(17.0, 0.0)	(18.0, 0.0)	(19.0, 0.0)	(20.0, 0.0)	(21.0, 0.0)	(22.0, 0.0)	(23.0, 0.0)	(24.0, 0.0)	(25.0, 0.0)	(26.0, 0.0)	(27.0, 0.0)	(28.0, 0.0)	(29.0, 0.21408450704225354)	(30.0, 0.4242424242424242)	(31.0, 0.5476190476190477)	(32.0, 0.37755502437436284)	(33.0, 0.39610389610389607)	(34.0, 0.5966641201935319)	(35.0, 1.7967344157959992)	(36.0, 1.5110751955342936)	(37.0, 1.9979576850622933)	(38.0, 2.2803789214643624)	(39.0, 1.4024620213685342)	(40.0, 1.4074767111987234)	(41.0, 1.6703528508469838)	(42.0, 0.6666666666666666)	(43.0, 0.024390243902439025)	(44.0, 0.16666666666666666)	(45.0, 0.0)	(46.0, 0.16666666666666666)	(47.0, 0.16666666666666666)	(48.0, 0.0)	(49.0, 0.5)	(50.0, 0.5909090909090909)	(51.0, 0.09090909090909091)	(52.0, 0.0)	(53.0, 0.3333333333333333)	(54.0, 0.0)	(55.0, 0.0)	(56.0, 0.0)	(57.0, 0.0)	(58.0, 0.0)	(59.0, 0.0)	(60.0, 0.0)	(61.0, 0.0)	(62.0, 0.0)	(63.0, 0.0)	(64.0, 0.0)	(65.0, 0.0)	(66.0, 0.0)	(67.0, 0.0)	(68.0, 0.0)	(69.0, 0.0)	(70.0, 0.0)	(71.0, 0.0)	(72.0, 0.0)	(73.0, 0.0)	(74.0, 0.0)	(75.0, 0.0)	(76.0, 0.0)	(77.0, 0.0)	(78.0, 0.0)	(79.0, 0.0)	(80.0, 0.0)	(81.0, 0.0)	(82.0, 0.0)	(83.0, 0.0)	(84.0, 0.0)	(85.0, 0.0)	(86.0, 0.0)	(87.0, 0.0)	(88.0, 0.0)	(89.0, 0.0)	(90.0, 0.0)	(91.0, 0.0)	(92.0, 0.0)	(93.0, 0.0)	(94.0, 0.0)	(95.0, 0.0)	(96.0, 0.0)	(97.0, 0.0)	(98.0, 0.0)	(99.0, 0.0)	(100.0, 0.0)
FAY99780_pass_barcode08_98e12ebb_5ad7f319_65	(0.0, 0.0)	(1.0, 0.0)	(2.0, 0.0)	(3.0, 0.0)	(4.0, 0.0)	(5.0, 0.0)	(6.0, 0.0)	(7.0, 0.0)	(8.0, 0.0)	(9.0, 0.0)	(10.0, 0.0)	(11.0, 0.0)	(12.0, 0.0)	(13.0, 0.0)	(14.0, 0.0)	(15.0, 0.0)	(16.0, 0.0)	(17.0, 0.0)	(18.0, 0.0)	(19.0, 0.0)	(20.0, 0.0)	(21.0, 0.0)	(22.0, 0.0)	(23.0, 0.0)	(24.0, 0.0)	(25.0, 0.3333333333333333)	(26.0, 0.3333333333333333)	(27.0, 0.1)	(28.0, 0.1)	(29.0, 0.0)	(30.0, 0.0)	(31.0, 0.0)	(32.0, 0.21408450704225354)	(33.0, 0.3093226022803488)	(34.0, 0.6026043848624494)	(35.0, 1.9366757954143343)	(36.0, 2.9204485291305913)	(37.0, 3.481658514824148)	(38.0, 1.7297121500862453)	(39.0, 1.9964179273834322)	(40.0, 2.0755283127248543)	(41.0, 1.4166566724441487)	(42.0, 1.3318181818181818)	(43.0, 0.7333333333333334)	(44.0, 0.3333333333333333)	(45.0, 0.5)	(46.0, 1.0)	(47.0, 0.5)	(48.0, 0.09090909090909091)	(49.0, 0.0)	(50.0, 0.0)	(51.0, 0.0)	(52.0, 0.0)	(53.0, 0.0)	(54.0, 0.0)	(55.0, 0.0)	(56.0, 0.0)	(57.0, 0.0)	(58.0, 0.0)	(59.0, 0.0)	(60.0, 0.0)	(61.0, 0.0)	(62.0, 0.0)	(63.0, 0.0)	(64.0, 0.0)	(65.0, 0.0)	(66.0, 0.0)	(67.0, 0.0)	(68.0, 0.0)	(69.0, 0.0)	(70.0, 0.0)	(71.0, 0.0)	(72.0, 0.0)	(73.0, 0.0)	(74.0, 0.0)	(75.0, 0.0)	(76.0, 0.0)	(77.0, 0.0)	(78.0, 0.0)	(79.0, 0.0)	(80.0, 0.0)	(81.0, 0.0)	(82.0, 0.0)	(83.0, 0.0)	(84.0, 0.0)	(85.0, 0.0)	(86.0, 0.0)	(87.0, 0.0)	(88.0, 0.0)	(89.0, 0.0)	(90.0, 0.0)	(91.0, 0.0)	(92.0, 0.0)	(93.0, 0.0)	(94.0, 0.0)	(95.0, 0.0)	(96.0, 0.0)	(97.0, 0.0)	(98.0, 0.0)	(99.0, 0.0)	(100.0, 0.0)
FAY99780_pass_barcode08_98e12ebb_5ad7f319_66	(0.0, 0.0)	(1.0, 0.0)	(2.0, 0.0)	(3.0, 0.0)	(4.0, 0.0)	(5.0, 0.0)	(6.0, 0.0)	(7.0, 0.0)	(8.0, 0.0)	(9.0, 0.0)	(10.0, 0.0)	(11.0, 0.0)	(12.0, 0.0)	(13.0, 0.0)	(14.0, 0.0)	(15.0, 0.0)	(16.0, 0.0)	(17.0, 0.0)	(18.0, 0.0)	(19.0, 0.0)	(20.0, 0.0)	(21.0, 0.0)	(22.0, 0.0)	(23.0, 0.0)	(24.0, 0.0)	(25.0, 0.0)	(26.0, 0.0)	(27.0, 0.0)	(28.0, 0.125)	(29.0, 0.125)	(30.0, 0.0)	(31.0, 0.11051693404634581)	(32.0, 0.35772357723577236)	(33.0, 0.7555555555555555)	(34.0, 0.61321044546851)	(35.0, 0.48189731415537873)	(36.0, 1.4854001121703717)	(37.0, 2.1920316733573992)	(38.0, 1.9171516077988846)	(39.0, 2.133895163877887)	(40.0, 1.730091885603434)	(41.0, 0.8176115998696644)	(42.0, 0.44047619047619047)	(43.0, 0.95)	(44.0, 0.3333333333333333)	(45.0, 0.0)	(46.0, 0.3333333333333333)	(47.0, 0.0)	(48.0, 0.0)	(49.0, 0.0)	(50.0, 0.0)	(51.0, 0.0)	(52.0, 0.0)	(53.0, 0.0)	(54.0, 0.0)	(55.0, 0.0)	(56.0, 0.0)	(57.0, 0.0)	(58.0, 0.0)	(59.0, 0.0)	(60.0, 0.0)	(61.0, 0.0)	(62.0, 0.0)	(63.0, 0.5)	(64.0, 0.5)	(65.0, 0.0)	(66.0, 0.0)	(67.0, 0.0)	(68.0, 0.0)	(69.0, 0.0)	(70.0, 0.0)	(71.0, 0.0)	(72.0, 0.0)	(73.0, 0.0)	(74.0, 0.0)	(75.0, 0.0)	(76.0, 0.0)	(77.0, 0.0)	(78.0, 0.0)	(79.0, 0.0)	(80.0, 0.0)	(81.0, 0.0)	(82.0, 0.0)	(83.0, 0.0)	(84.0, 0.0)	(85.0, 0.0)	(86.0, 0.0)	(87.0, 0.0)	(88.0, 0.0)	(89.0, 0.0)	(90.0, 0.0)	(91.0, 0.0)	(92.0, 0.0)	(93.0, 0.0)	(94.0, 0.0)	(95.0, 0.0)	(96.0, 0.0)	(97.0, 0.0)	(98.0, 0.0)	(99.0, 0.0)	(100.0, 0.0)
FAY99780_pass_barcode08_98e12ebb_5ad7f319_67	(0.0, 0.0)	(1.0, 0.0)	(2.0, 0.0)	(3.0, 0.0)	(4.0, 0.0)	(5.0, 0.0)	(6.0, 0.0)	(7.0, 0.0)	(8.0, 0.0)	(9.0, 0.0)	(10.0, 0.0)	(11.0, 0.0)	(12.0, 0.0)	(13.0, 0.0)	(14.0, 0.0)	(15.0, 0.0)	(16.0, 0.0)	(17.0, 0.0)	(18.0, 0.0)	(19.0, 0.0)	(20.0, 0.0)	(21.0, 0.0)	(22.0, 0.0)	(23.0, 0.0)	(24.0, 0.0)	(25.0, 0.047619047619047616)	(26.0, 0.0)	(27.0, 0.047619047619047616)	(28.0, 0.0)	(29.0, 0.0)	(30.0, 0.09090909090909091)	(31.0, 0.125)	(32.0, 0.732258064516129)	(33.0, 0.5952380952380953)	(34.0, 0.9330514446793516)	(35.0, 2.3353429651042306)	(36.0, 3.230411951900248)	(37.0, 3.1055019252994573)	(38.0, 3.1790295285234933)	(39.0, 1.7338664324402808)	(40.0, 2.2755157844348983)	(41.0, 2.1205097190391307)	(42.0, 1.9794780603462274)	(43.0, 2.1166666666666663)	(44.0, 1.8333333333333333)	(45.0, 0.5909090909090909)	(46.0, 0.5333333333333333)	(47.0, 0.2)	(48.0, 0.0)	(49.0, 0.0)	(50.0, 0.125)	(51.0, 0.0)	(52.0, 0.0)	(53.0, 0.0)	(54.0, 0.0)	(55.0, 0.0)	(56.0, 0.0)	(57.0, 0.0)	(58.0, 0.0)	(59.0, 0.0)	(60.0, 0.0)	(61.0, 0.0)	(62.0, 0.0)	(63.0, 0.0)	(64.0, 0.0)	(65.0, 0.0)	(66.0, 0.0)	(67.0, 0.0)	(68.0, 0.0)	(69.0, 0.0)	(70.0, 0.0)	(71.0, 0.0)	(72.0, 0.0)	(73.0, 0.0)	(74.0, 0.0)	(75.0, 0.0)	(76.0, 0.0)	(77.0, 0.0)	(78.0, 0.0)	(79.0, 0.0)	(80.0, 0.0)	(81.0, 0.0)	(82.0, 0.0)	(83.0, 0.0)	(84.0, 0.0)	(85.0, 0.0)	(86.0, 0.0)	(87.0, 0.0)	(88.0, 0.0)	(89.0, 0.0)	(90.0, 0.0)	(91.0, 0.0)	(92.0, 0.0)	(93.0, 0.0)	(94.0, 0.0)	(95.0, 0.0)	(96.0, 0.0)	(97.0, 0.0)	(98.0, 0.0)	(99.0, 0.0)	(100.0, 0.0)
FAY99780_pass_barcode08_98e12ebb_5ad7f319_68	(0.0, 0.0)	(1.0, 0.0)	(2.0, 0.0)	(3.0, 0.0)	(4.0, 0.0)	(5.0, 0.0)	(6.0, 0.0)	(7.0, 0.0)	(8.0, 0.0)	(9.0, 0.0)	(10.0, 0.0)	(11.0, 0.0)	(12.0, 0.0)	(13.0, 0.0)	(14.0, 0.0)	(15.0, 0.0)	(16.0, 0.0)	(17.0, 0.0)	(18.0, 0.0)	(19.0, 0.0)	(20.0, 0.0)	(21.0, 0.0)	(22.0, 0.0)	(23.0, 0.0)	(24.0, 0.5)	(25.0, 0.5)	(26.0, 0.5)	(27.0, 0.5)	(28.0, 0.125)	(29.0, 0.09090909090909091)	(30.0, 0.0)	(31.0, 0.0)	(32.0, 0.30952380952380953)	(33.0, 0.5070728291316526)	(34.0, 0.4918885938748608)	(35.0, 3.3421714447937125)	(36.0, 2.564372164393232)	(37.0, 2.666200685063807)	(38.0, 1.9896053753449332)	(39.0, 2.689318226333816)	(40.0, 3.088593813893485)	(41.0, 2.733986203498399)	(42.0, 1.6202607133023201)	(43.0, 2.0837662337662337)	(44.0, 1.1833333333333333)	(45.0, 0.625)	(46.0, 0.8333333333333333)	(47.0, 0.0)	(48.0, 0.45)	(49.0, 0.0)	(50.0, 0.0)	(51.0, 0.0)	(52.0, 0.0)	(53.0, 0.0)	(54.0, 0.0)	(55.0, 0.0)	(56.0, 0.0)	(57.0, 0.0)	(58.0, 0.0)	(59.0, 0.0)	(60.0, 0.0)	(61.0, 0.0)	(62.0, 0.0)	(63.0, 0.0)	(64.0, 0.0)	(65.0, 0.0)	(66.0, 0.0)	(67.0, 0.0)	(68.0, 0.0)	(69.0, 0.0)	(70.0, 0.0)	(71.0, 0.0)	(72.0, 0.0)	(73.0, 0.0)	(74.0, 0.0)	(75.0, 0.0)	(76.0, 0.0)	(77.0, 0.0)	(78.0, 0.0)	(79.0, 0.0)	(80.0, 0.0)	(81.0, 0.0)	(82.0, 0.0)	(83.0, 0.0)	(84.0, 0.0)	(85.0, 0.0)	(86.0, 0.0)	(87.0, 0.0)	(88.0, 0.0)	(89.0, 0.0)	(90.0, 0.0)	(91.0, 0.0)	(92.0, 0.0)	(93.0, 0.0)	(94.0, 0.0)	(95.0, 0.0)	(96.0, 0.0)	(97.0, 0.0)	(98.0, 0.0)	(99.0, 0.0)	(100.0, 0.0)
FAY99780_pass_barcode08_98e12ebb_5ad7f319_69	(0.0, 0.0)	(1.0, 0.0)	(2.0, 0.0)	(3.0, 0.0)	(4.0, 0.0)	(5.0, 0.0)	(6.0, 0.0)	(7.0, 0.0)	(8.0, 0.0)	(9.0, 0.0)	(10.0, 0.0)	(11.0, 0.0)	(12.0, 0.0)	(13.0, 0.0)	(14.0, 0.0)	(15.0, 0.0)	(16.0, 0.0)	(17.0, 0.0)	(18.0, 0.0)	(19.0, 0.0)	(20.0, 0.0)	(21.0, 0.0)	(22.0, 0.0)	(23.0, 0.16666666666666666)	(24.0, 0.0)	(25.0, 0.0)	(26.0, 0.0)	(27.0, 0.23376623376623376)	(28.0, 0.0)	(29.0, 0.1111111111111111)	(30.0, 0.0)	(31.0, 0.0)	(32.0, 0.625)	(33.0, 0.9222222222222223)	(34.0, 0.49816715542521994)	(35.0, 0.4721708571046319)	(36.0, 1.7728809827212069)	(37.0, 2.9535799375926337)	(38.0, 2.14163494703814)	(39.0, 2.5032585280801865)	(40.0, 3.047836646977189)	(41.0, 1.4910242982823627)	(42.0, 1.6670176670176668)	(43.0, 2.333333333333333)	(44.0, 1.625)	(45.0, 1.0476190476190477)	(46.0, 0.5)	(47.0, 0.0)	(48.0, 0.5)	(49.0, 0.8333333333333333)	(50.0, 0.0)	(51.0, 0.0)	(52.0, 0.0)	(53.0, 0.0)	(54.0, 0.0)	(55.0, 0.0)	(56.0, 0.0)	(57.0, 0.0)	(58.0, 0.0)	(59.0, 0.0)	(60.0, 0.0)	(61.0, 0.0)	(62.0, 0.0)	(63.0, 0.0)	(64.0, 0.0)	(65.0, 0.0)	(66.0, 0.0)	(67.0, 0.0)	(68.0, 0.0)	(69.0, 0.0)	(70.0, 0.0)	(71.0, 0.0)	(72.0, 0.0)	(73.0, 0.0)	(74.0, 0.0)	(75.0, 0.0)	(76.0, 0.0)	(77.0, 0.0)	(78.0, 0.0)	(79.0, 0.0)	(80.0, 0.0)	(81.0, 0.0)	(82.0, 0.0)	(83.0, 0.0)	(84.0, 0.0)	(85.0, 0.0)	(86.0, 0.0)	(87.0, 0.0)	(88.0, 0.0)	(89.0, 0.0)	(90.0, 0.0)	(91.0, 0.0)	(92.0, 0.0)	(93.0, 0.0)	(94.0, 0.0)	(95.0, 0.0)	(96.0, 0.0)	(97.0, 0.0)	(98.0, 0.0)	(99.0, 0.0)	(100.0, 0.0)
FAY99780_pass_barcode08_98e12ebb_5ad7f319_7	(0.0, 0.0)	(1.0, 0.0)	(2.0, 0.0)	(3.0, 0.0)	(4.0, 0.0)	(5.0, 0.0)	(6.0, 0.0)	(7.0, 0.0)	(8.0, 0.0)	(9.0, 0.0)	(10.0, 0.0)	(11.0, 0.0)	(12.0, 0.0)	(13.0, 0.0)	(14.0, 0.0)	(15.0, 0.0)	(16.0, 0.0)	(17.0, 0.0)	(18.0, 0.0)	(19.0, 0.0)	(20.0, 0.0)	(21.0, 0.0)	(22.0, 0.0)	(23.0, 0.0)	(24.0, 0.0)	(25.0, 0.0)	(26.0, 0.14285714285714285)	(27.0, 0.2976190476190476)	(28.0, 0.2976190476190476)	(29.0, 0.0)	(30.0, 0.0)	(31.0, 0.4276788503592627)	(32.0, 1.197793192305387)	(33.0, 2.1091491841491843)	(34.0, 2.716369576171911)	(35.0, 1.6366266633969233)	(36.0, 2.905701398143814)	(37.0, 3.4571031113115716)	(38.0, 3.0589103469960497)	(39.0, 4.60704230176124)	(40.0, 5.569291348141412)	(41.0, 4.218086302984842)	(42.0, 2.3644517696044414)	(43.0, 1.1166666666666667)	(44.0, 2.4499999999999997)	(45.0, 0.8666666666666667)	(46.0, 1.2)	(47.0, 1.5)	(48.0, 0.5)	(49.0, 0.1111111111111111)	(50.0, 0.0)	(51.0, 0.0)	(52.0, 0.0)	(53.0, 0.0)	(54.0, 0.25)	(55.0, 0.25)	(56.0, 0.25)	(57.0, 0.0)	(58.0, 0.0)	(59.0, 0.0)	(60.0, 0.0)	(61.0, 0.0)	(62.0, 0.0)	(63.0, 0.0)	(64.0, 0.0)	(65.0, 0.0)	(66.0, 0.0)	(67.0, 0.0)	(68.0, 0.0)	(69.0, 0.0)	(70.0, 0.0)	(71.0, 0.0)	(72.0, 0.0)	(73.0, 0.0)	(74.0, 0.0)	(75.0, 0.0)	(76.0, 0.0)	(77.0, 0.0)	(78.0, 0.0)	(79.0, 0.0)	(80.0, 0.0)	(81.0, 0.0)	(82.0, 0.0)	(83.0, 0.0)	(84.0, 0.0)	(85.0, 0.0)	(86.0, 0.0)	(87.0, 0.0)	(88.0, 0.0)	(89.0, 0.0)	(90.0, 0.0)	(91.0, 0.0)	(92.0, 0.0)	(93.0, 0.0)	(94.0, 0.0)	(95.0, 0.0)	(96.0, 0.0)	(97.0, 0.0)	(98.0, 0.0)	(99.0, 0.0)	(100.0, 0.0)
FAY99780_pass_barcode08_98e12ebb_5ad7f319_70	(0.0, 0.0)	(1.0, 0.0)	(2.0, 0.0)	(3.0, 0.0)	(4.0, 0.0)	(5.0, 0.0)	(6.0, 0.0)	(7.0, 0.0)	(8.0, 0.0)	(9.0, 0.0)	(10.0, 0.0)	(11.0, 0.0)	(12.0, 0.0)	(13.0, 0.0)	(14.0, 0.0)	(15.0, 0.0)	(16.0, 0.0)	(17.0, 0.0)	(18.0, 0.0)	(19.0, 0.0)	(20.0, 0.0)	(21.0, 0.0)	(22.0, 0.0)	(23.0, 0.0)	(24.0, 0.0)	(25.0, 0.0)	(26.0, 0.0)	(27.0, 0.0)	(28.0, 0.0)	(29.0, 0.0)	(30.0, 0.16666666666666666)	(31.0, 0.16666666666666666)	(32.0, 0.3658529322546622)	(33.0, 0.20499359795134442)	(34.0, 0.9996682570387079)	(35.0, 1.30672392124005)	(36.0, 1.75310743127117)	(37.0, 1.7041408805002505)	(38.0, 2.046718689775915)	(39.0, 3.9905177698299203)	(40.0, 2.8039139548309553)	(41.0, 2.0088058283180237)	(42.0, 0.6789536704430321)	(43.0, 0.7694444444444444)	(44.0, 1.124242424242424)	(45.0, 1.6580086580086577)	(46.0, 0.5909090909090909)	(47.0, 0.0)	(48.0, 0.0)	(49.0, 0.5)	(50.0, 0.5)	(51.0, 0.0)	(52.0, 0.0)	(53.0, 0.0)	(54.0, 0.0)	(55.0, 0.0)	(56.0, 0.0)	(57.0, 0.5)	(58.0, 0.5)	(59.0, 0.0)	(60.0, 0.0)	(61.0, 0.0)	(62.0, 0.0)	(63.0, 0.0)	(64.0, 0.5)	(65.0, 1.0)	(66.0, 0.5)	(67.0, 0.0)	(68.0, 0.0)	(69.0, 0.0)	(70.0, 0.0)	(71.0, 0.0)	(72.0, 0.0)	(73.0, 0.0)	(74.0, 0.0)	(75.0, 0.0)	(76.0, 0.0)	(77.0, 0.0)	(78.0, 0.0)	(79.0, 0.0)	(80.0, 0.0)	(81.0, 0.0)	(82.0, 0.0)	(83.0, 0.0)	(84.0, 0.0)	(85.0, 0.0)	(86.0, 0.0)	(87.0, 0.0)	(88.0, 0.0)	(89.0, 0.0)	(90.0, 0.0)	(91.0, 0.0)	(92.0, 0.0)	(93.0, 0.0)	(94.0, 0.0)	(95.0, 0.0)	(96.0, 0.0)	(97.0, 0.0)	(98.0, 0.0)	(99.0, 0.0)	(100.0, 0.0)
FAY99780_pass_barcode08_98e12ebb_5ad7f319_71	(0.0, 0.0)	(1.0, 0.0)	(2.0, 0.0)	(3.0, 0.0)	(4.0, 0.0)	(5.0, 0.0)	(6.0, 0.0)	(7.0, 0.0)	(8.0, 0.0)	(9.0, 0.0)	(10.0, 0.0)	(11.0, 0.0)	(12.0, 0.0)	(13.0, 0.0)	(14.0, 0.0)	(15.0, 0.0)	(16.0, 0.0)	(17.0, 0.0)	(18.0, 0.0)	(19.0, 0.0)	(20.0, 0.0)	(21.0, 0.0)	(22.0, 0.0)	(23.0, 0.5)	(24.0, 1.0)	(25.0, 0.5)	(26.0, 0.0)	(27.0, 0.0)	(28.0, 0.0)	(29.0, 0.0)	(30.0, 0.047619047619047616)	(31.0, 0.0)	(32.0, 0.21407624633431085)	(33.0, 0.5095238095238095)	(34.0, 0.7108225108225108)	(35.0, 0.6895037463873852)	(36.0, 1.4000993782553879)	(37.0, 2.487639706799345)	(38.0, 1.6706561929301498)	(39.0, 1.7778247649398449)	(40.0, 1.5604001121703717)	(41.0, 1.7862193362193362)	(42.0, 1.1409090909090909)	(43.0, 1.0984848484848484)	(44.0, 0.8333333333333333)	(45.0, 1.024390243902439)	(46.0, 0.75)	(47.0, 1.0909090909090908)	(48.0, 0.5)	(49.0, 0.0)	(50.0, 0.0)	(51.0, 0.5)	(52.0, 0.5)	(53.0, 0.0)	(54.0, 0.25)	(55.0, 0.25)	(56.0, 0.0)	(57.0, 0.3333333333333333)	(58.0, 0.3333333333333333)	(59.0, 0.0)	(60.0, 0.0)	(61.0, 0.0)	(62.0, 0.0)	(63.0, 0.0)	(64.0, 0.0)	(65.0, 0.0)	(66.0, 0.0)	(67.0, 0.0)	(68.0, 0.0)	(69.0, 0.0)	(70.0, 0.0)	(71.0, 0.0)	(72.0, 0.0)	(73.0, 0.0)	(74.0, 0.0)	(75.0, 0.0)	(76.0, 0.0)	(77.0, 0.0)	(78.0, 0.0)	(79.0, 0.0)	(80.0, 0.0)	(81.0, 0.0)	(82.0, 0.0)	(83.0, 0.0)	(84.0, 0.0)	(85.0, 0.0)	(86.0, 0.0)	(87.0, 0.0)	(88.0, 0.0)	(89.0, 0.0)	(90.0, 0.0)	(91.0, 0.0)	(92.0, 0.0)	(93.0, 0.0)	(94.0, 0.0)	(95.0, 0.0)	(96.0, 0.0)	(97.0, 0.0)	(98.0, 0.0)	(99.0, 0.0)	(100.0, 0.0)
FAY99780_pass_barcode08_98e12ebb_5ad7f319_72	(0.0, 0.0)	(1.0, 0.0)	(2.0, 0.0)	(3.0, 0.0)	(4.0, 0.0)	(5.0, 0.0)	(6.0, 0.0)	(7.0, 0.0)	(8.0, 0.0)	(9.0, 0.0)	(10.0, 0.0)	(11.0, 0.0)	(12.0, 0.0)	(13.0, 0.0)	(14.0, 0.0)	(15.0, 0.0)	(16.0, 0.0)	(17.0, 0.0)	(18.0, 0.0)	(19.0, 0.0)	(20.0, 0.0)	(21.0, 0.0)	(22.0, 0.0)	(23.0, 0.0)	(24.0, 0.0)	(25.0, 0.0)	(26.0, 0.0)	(27.0, 0.0)	(28.0, 0.0)	(29.0, 0.0196078431372549)	(30.0, 0.5476190476190477)	(31.0, 0.6355013550135502)	(32.0, 0.1267404111259477)	(33.0, 0.34090909090909094)	(34.0, 0.7085663585663586)	(35.0, 0.9893079395237506)	(36.0, 1.3826171889026244)	(37.0, 2.947735811101537)	(38.0, 2.9140685804960587)	(39.0, 1.9368325382162856)	(40.0, 1.6273193040895637)	(41.0, 1.7075757575757575)	(42.0, 2.536226318484383)	(43.0, 2.708333333333333)	(44.0, 1.524390243902439)	(45.0, 0.2)	(46.0, 0.6242424242424243)	(47.0, 0.4242424242424242)	(48.0, 0.5)	(49.0, 0.5)	(50.0, 0.0)	(51.0, 0.0)	(52.0, 0.0)	(53.0, 0.5)	(54.0, 1.0)	(55.0, 0.5)	(56.0, 0.0)	(57.0, 0.0)	(58.0, 0.0)	(59.0, 0.0)	(60.0, 0.0)	(61.0, 0.0)	(62.0, 0.0)	(63.0, 0.0)	(64.0, 0.0)	(65.0, 0.0)	(66.0, 0.0)	(67.0, 0.0)	(68.0, 0.0)	(69.0, 0.0)	(70.0, 0.0)	(71.0, 0.0)	(72.0, 0.0)	(73.0, 0.0)	(74.0, 0.0)	(75.0, 0.0)	(76.0, 0.0)	(77.0, 0.0)	(78.0, 0.5)	(79.0, 0.5)	(80.0, 0.0)	(81.0, 0.0)	(82.0, 0.0)	(83.0, 0.0)	(84.0, 0.0)	(85.0, 0.0)	(86.0, 0.0)	(87.0, 0.0)	(88.0, 0.0)	(89.0, 0.0)	(90.0, 0.0)	(91.0, 0.0)	(92.0, 0.0)	(93.0, 0.0)	(94.0, 0.0)	(95.0, 0.0)	(96.0, 0.0)	(97.0, 0.0)	(98.0, 0.0)	(99.0, 0.0)	(100.0, 0.0)
FAY99780_pass_barcode08_98e12ebb_5ad7f319_73	(0.0, 0.0)	(1.0, 0.0)	(2.0, 0.0)	(3.0, 0.0)	(4.0, 0.0)	(5.0, 0.0)	(6.0, 0.0)	(7.0, 0.0)	(8.0, 0.0)	(9.0, 0.0)	(10.0, 0.0)	(11.0, 0.0)	(12.0, 0.0)	(13.0, 0.0)	(14.0, 0.0)	(15.0, 0.0)	(16.0, 0.0)	(17.0, 0.0)	(18.0, 0.0)	(19.0, 0.0)	(20.0, 0.0)	(21.0, 0.0)	(22.0, 0.0)	(23.0, 0.0)	(24.0, 0.0)	(25.0, 0.0)	(26.0, 0.0)	(27.0, 0.0)	(28.0, 0.0)	(29.0, 0.0)	(30.0, 0.18181818181818182)	(31.0, 0.0)	(32.0, 0.0)	(33.0, 0.09090909090909091)	(34.0, 0.8307429130009775)	(35.0, 0.5577434701995546)	(36.0, 1.439057902367191)	(37.0, 1.9253427768342046)	(38.0, 2.3582930917914466)	(39.0, 1.4940835701534916)	(40.0, 2.0058004795479056)	(41.0, 2.5977272727272727)	(42.0, 1.0761904761904761)	(43.0, 0.8988095238095237)	(44.0, 0.7083333333333333)	(45.0, 0.6666666666666666)	(46.0, 0.5)	(47.0, 0.5909090909090909)	(48.0, 0.5)	(49.0, 0.0)	(50.0, 0.0)	(51.0, 0.0)	(52.0, 0.0)	(53.0, 0.3333333333333333)	(54.0, 0.3333333333333333)	(55.0, 0.0)	(56.0, 0.0)	(57.0, 0.0)	(58.0, 0.0)	(59.0, 0.0)	(60.0, 0.0)	(61.0, 0.0)	(62.0, 0.0)	(63.0, 0.0)	(64.0, 0.0)	(65.0, 0.0)	(66.0, 0.0)	(67.0, 0.0)	(68.0, 0.0)	(69.0, 0.0)	(70.0, 0.0)	(71.0, 0.0)	(72.0, 0.0)	(73.0, 0.0)	(74.0, 0.0)	(75.0, 0.0)	(76.0, 0.0)	(77.0, 0.0)	(78.0, 0.0)	(79.0, 0.0)	(80.0, 0.0)	(81.0, 0.0)	(82.0, 0.0)	(83.0, 0.0)	(84.0, 0.0)	(85.0, 0.0)	(86.0, 0.0)	(87.0, 0.0)	(88.0, 0.0)	(89.0, 0.0)	(90.0, 0.0)	(91.0, 0.0)	(92.0, 0.0)	(93.0, 0.0)	(94.0, 0.0)	(95.0, 0.0)	(96.0, 0.0)	(97.0, 0.0)	(98.0, 0.0)	(99.0, 0.0)	(100.0, 0.0)
FAY99780_pass_barcode08_98e12ebb_5ad7f319_74	(0.0, 0.0)	(1.0, 0.0)	(2.0, 0.0)	(3.0, 0.0)	(4.0, 0.0)	(5.0, 0.0)	(6.0, 0.0)	(7.0, 0.0)	(8.0, 0.0)	(9.0, 0.0)	(10.0, 0.0)	(11.0, 0.0)	(12.0, 0.0)	(13.0, 0.0)	(14.0, 0.0)	(15.0, 0.0)	(16.0, 0.0)	(17.0, 0.0)	(18.0, 0.0)	(19.0, 0.0)	(20.0, 0.0)	(21.0, 0.0)	(22.0, 0.0)	(23.0, 0.0)	(24.0, 0.0)	(25.0, 0.0)	(26.0, 0.0)	(27.0, 0.0)	(28.0, 0.0)	(29.0, 0.09090909090909091)	(30.0, 0.0)	(31.0, 0.0)	(32.0, 0.03495348230588644)	(33.0, 0.2676170676170676)	(34.0, 0.32518735744542193)	(35.0, 0.6403860081475157)	(36.0, 1.1994147082036015)	(37.0, 0.682891905266601)	(38.0, 2.219857336233072)	(39.0, 1.7740107105809257)	(40.0, 2.339466089466089)	(41.0, 1.642242942242942)	(42.0, 0.6818181818181819)	(43.0, 0.4857142857142857)	(44.0, 1.025)	(45.0, 1.125)	(46.0, 1.4999999999999998)	(47.0, 0.7575757575757576)	(48.0, 0.0)	(49.0, 0.25)	(50.0, 0.0)	(51.0, 0.0)	(52.0, 0.0)	(53.0, 0.0)	(54.0, 0.0)	(55.0, 0.0)	(56.0, 0.0)	(57.0, 0.0)	(58.0, 0.0)	(59.0, 0.0)	(60.0, 0.0)	(61.0, 0.0)	(62.0, 0.0)	(63.0, 0.0)	(64.0, 0.0)	(65.0, 0.0)	(66.0, 0.0)	(67.0, 0.0)	(68.0, 0.0)	(69.0, 0.0)	(70.0, 0.0)	(71.0, 0.0)	(72.0, 0.0)	(73.0, 0.0)	(74.0, 0.0)	(75.0, 0.0)	(76.0, 0.0)	(77.0, 0.0)	(78.0, 0.0)	(79.0, 0.0)	(80.0, 0.0)	(81.0, 0.0)	(82.0, 0.0)	(83.0, 0.0)	(84.0, 0.0)	(85.0, 0.0)	(86.0, 0.0)	(87.0, 0.0)	(88.0, 0.0)	(89.0, 0.0)	(90.0, 0.0)	(91.0, 0.0)	(92.0, 0.0)	(93.0, 0.0)	(94.0, 0.0)	(95.0, 0.0)	(96.0, 0.0)	(97.0, 0.0)	(98.0, 0.0)	(99.0, 0.0)	(100.0, 0.0)
FAY99780_pass_barcode08_98e12ebb_5ad7f319_75	(0.0, 0.0)	(1.0, 0.0)	(2.0, 0.0)	(3.0, 0.0)	(4.0, 0.0)	(5.0, 0.0)	(6.0, 0.0)	(7.0, 0.0)	(8.0, 0.0)	(9.0, 0.0)	(10.0, 0.0)	(11.0, 0.0)	(12.0, 0.0)	(13.0, 0.0)	(14.0, 0.0)	(15.0, 0.0)	(16.0, 0.0)	(17.0, 0.0)	(18.0, 0.0)	(19.0, 0.0)	(20.0, 0.0)	(21.0, 0.0)	(22.0, 0.0)	(23.0, 0.0)	(24.0, 0.0)	(25.0, 0.0)	(26.0, 0.0)	(27.0, 0.0)	(28.0, 0.0)	(29.0, 0.13852813852813853)	(30.0, 0.0)	(31.0, 0.0)	(32.0, 0.18181818181818182)	(33.0, 0.2)	(34.0, 0.44024276377217547)	(35.0, 1.0747519414791027)	(36.0, 0.9864374228598711)	(37.0, 1.2819335836193015)	(38.0, 1.0839519684797831)	(39.0, 0.7574214228386704)	(40.0, 1.43704219451607)	(41.0, 1.474129045557617)	(42.0, 1.3982823627984917)	(43.0, 0.35)	(44.0, 0.375)	(45.0, 0.09090909090909091)	(46.0, 0.5)	(47.0, 0.5)	(48.0, 0.047619047619047616)	(49.0, 0.0)	(50.0, 0.0)	(51.0, 0.0)	(52.0, 0.0)	(53.0, 0.3333333333333333)	(54.0, 0.3333333333333333)	(55.0, 0.0)	(56.0, 0.0)	(57.0, 0.0)	(58.0, 0.0)	(59.0, 0.0)	(60.0, 0.0)	(61.0, 0.0)	(62.0, 0.0)	(63.0, 0.0)	(64.0, 0.0)	(65.0, 0.0)	(66.0, 0.0)	(67.0, 0.0)	(68.0, 0.0)	(69.0, 0.0)	(70.0, 0.0)	(71.0, 0.0)	(72.0, 0.0)	(73.0, 0.0)	(74.0, 0.0)	(75.0, 0.0)	(76.0, 0.0)	(77.0, 0.0)	(78.0, 0.0)	(79.0, 0.0)	(80.0, 0.0)	(81.0, 0.0)	(82.0, 0.0)	(83.0, 0.0)	(84.0, 0.0)	(85.0, 0.0)	(86.0, 0.0)	(87.0, 0.0)	(88.0, 0.0)	(89.0, 0.0)	(90.0, 0.0)	(91.0, 0.0)	(92.0, 0.0)	(93.0, 0.0)	(94.0, 0.0)	(95.0, 0.0)	(96.0, 0.0)	(97.0, 0.0)	(98.0, 0.0)	(99.0, 0.0)	(100.0, 0.0)
FAY99780_pass_barcode08_98e12ebb_5ad7f319_76	(0.0, 0.0)	(1.0, 0.0)	(2.0, 0.0)	(3.0, 0.0)	(4.0, 0.0)	(5.0, 0.0)	(6.0, 0.0)	(7.0, 0.0)	(8.0, 0.0)	(9.0, 0.0)	(10.0, 0.0)	(11.0, 0.0)	(12.0, 0.0)	(13.0, 0.0)	(14.0, 0.0)	(15.0, 0.0)	(16.0, 0.0)	(17.0, 0.0)	(18.0, 0.0)	(19.0, 0.0)	(20.0, 0.0)	(21.0, 0.0)	(22.0, 0.0)	(23.0, 0.0)	(24.0, 0.0)	(25.0, 0.0)	(26.0, 0.0)	(27.0, 0.024390243902439025)	(28.0, 0.09090909090909091)	(29.0, 0.047619047619047616)	(30.0, 0.0)	(31.0, 0.11529933481152993)	(32.0, 0.0)	(33.0, 0.2727272727272727)	(34.0, 0.46745032323779956)	(35.0, 0.5086444211005055)	(36.0, 0.6909617970099253)	(37.0, 2.147156449060183)	(38.0, 1.2731566297901868)	(39.0, 1.5246601343684079)	(40.0, 2.428307839309396)	(41.0, 2.640151515151515)	(42.0, 1.1707862030442675)	(43.0, 1.45)	(44.0, 1.4909090909090907)	(45.0, 1.0151515151515151)	(46.0, 0.16666666666666666)	(47.0, 0.0)	(48.0, 0.0)	(49.0, 0.0)	(50.0, 0.0)	(51.0, 0.0)	(52.0, 0.0)	(53.0, 0.5)	(54.0, 0.5)	(55.0, 0.0)	(56.0, 0.0)	(57.0, 0.0)	(58.0, 0.0)	(59.0, 0.0)	(60.0, 0.0)	(61.0, 0.0)	(62.0, 0.0)	(63.0, 0.0)	(64.0, 0.0)	(65.0, 0.0)	(66.0, 0.0)	(67.0, 0.0)	(68.0, 0.0)	(69.0, 0.0)	(70.0, 0.0)	(71.0, 0.0)	(72.0, 0.0)	(73.0, 0.0)	(74.0, 0.0)	(75.0, 0.0)	(76.0, 0.0)	(77.0, 0.0)	(78.0, 0.0)	(79.0, 0.0)	(80.0, 0.0)	(81.0, 0.0)	(82.0, 0.0)	(83.0, 0.0)	(84.0, 0.0)	(85.0, 0.0)	(86.0, 0.0)	(87.0, 0.0)	(88.0, 0.0)	(89.0, 0.0)	(90.0, 0.0)	(91.0, 0.0)	(92.0, 0.0)	(93.0, 0.0)	(94.0, 0.0)	(95.0, 0.0)	(96.0, 0.0)	(97.0, 0.0)	(98.0, 0.0)	(99.0, 0.0)	(100.0, 0.0)
FAY99780_pass_barcode08_98e12ebb_5ad7f319_77	(0.0, 0.0)	(1.0, 0.0)	(2.0, 0.0)	(3.0, 0.0)	(4.0, 0.0)	(5.0, 0.0)	(6.0, 0.0)	(7.0, 0.0)	(8.0, 0.0)	(9.0, 0.0)	(10.0, 0.0)	(11.0, 0.0)	(12.0, 0.0)	(13.0, 0.0)	(14.0, 0.0)	(15.0, 0.0)	(16.0, 0.0)	(17.0, 0.0)	(18.0, 0.0)	(19.0, 0.0)	(20.0, 0.0)	(21.0, 0.0)	(22.0, 0.0)	(23.0, 0.0)	(24.0, 0.0)	(25.0, 0.0)	(26.0, 0.0)	(27.0, 0.0)	(28.0, 0.0)	(29.0, 0.01098901098901099)	(30.0, 0.0)	(31.0, 0.024390243902439025)	(32.0, 0.44063586686537504)	(33.0, 0.5379315806145075)	(34.0, 0.22943722943722944)	(35.0, 1.173367665331206)	(36.0, 2.4126998239171917)	(37.0, 3.148843619802574)	(38.0, 3.7595513650931878)	(39.0, 1.459912364529593)	(40.0, 2.2817382481155843)	(41.0, 1.8143939393939394)	(42.0, 1.573015873015873)	(43.0, 0.7)	(44.0, 1.424242424242424)	(45.0, 0.5)	(46.0, 0.09090909090909091)	(47.0, 0.0)	(48.0, 1.0)	(49.0, 1.0)	(50.0, 0.5)	(51.0, 1.5)	(52.0, 1.5)	(53.0, 1.0)	(54.0, 1.0)	(55.0, 1.0)	(56.0, 1.0)	(57.0, 1.0)	(58.0, 1.0)	(59.0, 1.0)	(60.0, 1.0)	(61.0, 1.0)	(62.0, 1.0)	(63.0, 1.0)	(64.0, 1.0)	(65.0, 1.0)	(66.0, 1.0)	(67.0, 1.0)	(68.0, 1.0)	(69.0, 1.0)	(70.0, 1.0)	(71.0, 1.0)	(72.0, 1.0)	(73.0, 1.0)	(74.0, 1.0)	(75.0, 1.0)	(76.0, 1.0)	(77.0, 1.0)	(78.0, 1.0)	(79.0, 1.0)	(80.0, 1.0)	(81.0, 1.0)	(82.0, 1.0)	(83.0, 1.0)	(84.0, 1.0)	(85.0, 1.0)	(86.0, 1.0)	(87.0, 1.0)	(88.0, 1.0)	(89.0, 1.0)	(90.0, 1.0)	(91.0, 1.0)	(92.0, 1.0)	(93.0, 1.0)	(94.0, 1.0)	(95.0, 1.0)	(96.0, 1.0)	(97.0, 1.0)	(98.0, 1.0)	(99.0, 1.0)	(100.0, 1.0)
FAY99780_pass_barcode08_98e12ebb_5ad7f319_78	(0.0, 0.0)	(1.0, 0.0)	(2.0, 0.0)	(3.0, 0.0)	(4.0, 0.0)	(5.0, 0.0)	(6.0, 0.0)	(7.0, 0.0)	(8.0, 0.0)	(9.0, 0.0)	(10.0, 0.0)	(11.0, 0.0)	(12.0, 0.0)	(13.0, 0.0)	(14.0, 0.0)	(15.0, 0.0)	(16.0, 0.0)	(17.0, 0.0)	(18.0, 0.0)	(19.0, 0.0)	(20.0, 0.0)	(21.0, 0.0)	(22.0, 0.0)	(23.0, 0.0)	(24.0, 0.0)	(25.0, 0.0)	(26.0, 0.0)	(27.0, 0.0)	(28.0, 0.0)	(29.0, 0.0)	(30.0, 0.3111111111111111)	(31.0, 0.4642818962048276)	(32.0, 0.07987711213517665)	(33.0, 0.41924299316772434)	(34.0, 0.44833450044187034)	(35.0, 0.7181535966103424)	(36.0, 0.9868229020203763)	(37.0, 2.4625151629444377)	(38.0, 2.119529186778322)	(39.0, 1.6784495354703453)	(40.0, 2.492237792943739)	(41.0, 2.4604822494938685)	(42.0, 1.0133269312846778)	(43.0, 0.5059523809523809)	(44.0, 0.5151515151515151)	(45.0, 0.1111111111111111)	(46.0, 0.1111111111111111)	(47.0, 0.0)	(48.0, 0.0)	(49.0, 0.0)	(50.0, 0.0)	(51.0, 0.0)	(52.0, 0.0)	(53.0, 0.0)	(54.0, 0.0)	(55.0, 0.5)	(56.0, 0.5)	(57.0, 0.0)	(58.0, 0.0)	(59.0, 0.0)	(60.0, 0.0)	(61.0, 0.0)	(62.0, 0.0)	(63.0, 0.0)	(64.0, 0.0)	(65.0, 0.0)	(66.0, 0.0)	(67.0, 0.0)	(68.0, 0.0)	(69.0, 0.0)	(70.0, 0.0)	(71.0, 0.0)	(72.0, 0.0)	(73.0, 0.0)	(74.0, 0.0)	(75.0, 0.0)	(76.0, 0.0)	(77.0, 0.0)	(78.0, 0.0)	(79.0, 0.0)	(80.0, 0.0)	(81.0, 0.0)	(82.0, 0.0)	(83.0, 0.0)	(84.0, 0.0)	(85.0, 0.0)	(86.0, 0.0)	(87.0, 0.0)	(88.0, 0.0)	(89.0, 0.0)	(90.0, 0.0)	(91.0, 0.0)	(92.0, 0.0)	(93.0, 0.0)	(94.0, 0.0)	(95.0, 0.0)	(96.0, 0.0)	(97.0, 0.0)	(98.0, 0.0)	(99.0, 0.0)	(100.0, 0.0)
FAY99780_pass_barcode08_98e12ebb_5ad7f319_79	(0.0, 0.0)	(1.0, 0.0)	(2.0, 0.0)	(3.0, 0.0)	(4.0, 0.0)	(5.0, 0.0)	(6.0, 0.0)	(7.0, 0.0)	(8.0, 0.0)	(9.0, 0.0)	(10.0, 0.0)	(11.0, 0.0)	(12.0, 0.0)	(13.0, 0.0)	(14.0, 0.0)	(15.0, 0.0)	(16.0, 0.0)	(17.0, 0.0)	(18.0, 0.0)	(19.0, 0.0)	(20.0, 0.0)	(21.0, 0.0)	(22.0, 0.0)	(23.0, 0.0)	(24.0, 0.0)	(25.0, 0.0)	(26.0, 0.0)	(27.0, 0.0)	(28.0, 0.0)	(29.0, 0.5)	(30.0, 0.5)	(31.0, 0.48089073266099225)	(32.0, 0.14285714285714285)	(33.0, 0.9661012075905694)	(34.0, 2.0853896103896106)	(35.0, 1.2272047917209203)	(36.0, 1.186606566217035)	(37.0, 1.9672901308248925)	(38.0, 2.2795542039398646)	(39.0, 2.379820771839792)	(40.0, 2.023593073593073)	(41.0, 2.0068760120286835)	(42.0, 1.3988095238095237)	(43.0, 1.8309523809523809)	(44.0, 1.75)	(45.0, 0.75)	(46.0, 0.0)	(47.0, 0.0)	(48.0, 0.0)	(49.0, 0.0)	(50.0, 0.5)	(51.0, 0.5)	(52.0, 0.0)	(53.0, 0.0)	(54.0, 0.0)	(55.0, 0.0)	(56.0, 0.0)	(57.0, 0.0)	(58.0, 0.0)	(59.0, 0.0)	(60.0, 0.0)	(61.0, 0.0)	(62.0, 0.0)	(63.0, 0.0)	(64.0, 0.0)	(65.0, 0.0)	(66.0, 0.0)	(67.0, 0.0)	(68.0, 0.0)	(69.0, 0.0)	(70.0, 0.0)	(71.0, 0.0)	(72.0, 0.0)	(73.0, 0.0)	(74.0, 0.0)	(75.0, 0.0)	(76.0, 0.0)	(77.0, 0.0)	(78.0, 0.0)	(79.0, 0.0)	(80.0, 0.0)	(81.0, 0.0)	(82.0, 0.0)	(83.0, 0.0)	(84.0, 0.0)	(85.0, 0.0)	(86.0, 0.0)	(87.0, 0.0)	(88.0, 0.0)	(89.0, 0.0)	(90.0, 0.0)	(91.0, 0.0)	(92.0, 0.0)	(93.0, 0.0)	(94.0, 0.0)	(95.0, 0.0)	(96.0, 0.0)	(97.0, 0.0)	(98.0, 0.0)	(99.0, 0.0)	(100.0, 0.0)
FAY99780_pass_barcode08_98e12ebb_5ad7f319_8	(0.0, 0.0)	(1.0, 0.0)	(2.0, 0.0)	(3.0, 0.0)	(4.0, 0.0)	(5.0, 0.0)	(6.0, 0.0)	(7.0, 0.0)	(8.0, 0.0)	(9.0, 0.0)	(10.0, 0.0)	(11.0, 0.0)	(12.0, 0.0)	(13.0, 0.0)	(14.0, 0.0)	(15.0, 0.0)	(16.0, 0.0)	(17.0, 0.0)	(18.0, 0.0)	(19.0, 0.0)	(20.0, 0.0)	(21.0, 0.0)	(22.0, 0.0)	(23.0, 0.0)	(24.0, 0.45)	(25.0, 0.45)	(26.0, 0.0)	(27.0, 0.0)	(28.0, 0.125)	(29.0, 0.20487711213517665)	(30.0, 0.49292929292929294)	(31.0, 0.01639344262295082)	(32.0, 0.5456349206349206)	(33.0, 1.2727342549923193)	(34.0, 2.136298468556533)	(35.0, 2.3777037396740113)	(36.0, 2.926224454857522)	(37.0, 3.817108019932066)	(38.0, 4.010087897220684)	(39.0, 5.460518873182032)	(40.0, 6.378279497498122)	(41.0, 5.8449726321872255)	(42.0, 4.0892857142857135)	(43.0, 4.083333333333333)	(44.0, 1.4999999999999998)	(45.0, 0.540909090909091)	(46.0, 2.19027498323273)	(47.0, 2.4166666666666665)	(48.0, 0.3333333333333333)	(49.0, 0.8333333333333333)	(50.0, 1.8333333333333333)	(51.0, 1.0)	(52.0, 0.0)	(53.0, 0.5)	(54.0, 0.5)	(55.0, 0.0)	(56.0, 0.0)	(57.0, 0.0)	(58.0, 0.0)	(59.0, 0.0)	(60.0, 0.0)	(61.0, 0.0)	(62.0, 0.0)	(63.0, 0.0)	(64.0, 0.0)	(65.0, 0.0)	(66.0, 0.0)	(67.0, 0.0)	(68.0, 0.0)	(69.0, 0.0)	(70.0, 0.0)	(71.0, 0.0)	(72.0, 0.0)	(73.0, 0.0)	(74.0, 0.0)	(75.0, 0.0)	(76.0, 0.0)	(77.0, 0.0)	(78.0, 0.0)	(79.0, 0.0)	(80.0, 0.0)	(81.0, 0.0)	(82.0, 0.0)	(83.0, 0.0)	(84.0, 0.0)	(85.0, 0.0)	(86.0, 0.0)	(87.0, 0.0)	(88.0, 0.0)	(89.0, 0.0)	(90.0, 0.0)	(91.0, 0.0)	(92.0, 0.0)	(93.0, 0.0)	(94.0, 0.0)	(95.0, 0.0)	(96.0, 0.0)	(97.0, 0.0)	(98.0, 0.0)	(99.0, 0.0)	(100.0, 0.0)
FAY99780_pass_barcode08_98e12ebb_5ad7f319_80	(0.0, 0.0)	(1.0, 0.0)	(2.0, 0.0)	(3.0, 0.0)	(4.0, 0.0)	(5.0, 0.0)	(6.0, 0.0)	(7.0, 0.0)	(8.0, 0.0)	(9.0, 0.0)	(10.0, 0.0)	(11.0, 0.0)	(12.0, 0.0)	(13.0, 0.0)	(14.0, 0.0)	(15.0, 0.0)	(16.0, 0.0)	(17.0, 0.0)	(18.0, 0.0)	(19.0, 0.0)	(20.0, 0.0)	(21.0, 0.0)	(22.0, 0.0)	(23.0, 0.0)	(24.0, 0.0)	(25.0, 0.0)	(26.0, 0.0)	(27.0, 0.0)	(28.0, 0.25)	(29.0, 0.047619047619047616)	(30.0, 0.0)	(31.0, 0.047619047619047616)	(32.0, 0.5155844155844156)	(33.0, 0.24947965941343425)	(34.0, 0.2020790020790021)	(35.0, 1.0662206889615158)	(36.0, 1.8970876735537971)	(37.0, 1.866581922481829)	(38.0, 2.563476224696771)	(39.0, 1.4165479701553956)	(40.0, 2.692344307891319)	(41.0, 2.2544372294372295)	(42.0, 1.8352813852813852)	(43.0, 1.7497267759562842)	(44.0, 0.6726190476190477)	(45.0, 1.5833333333333333)	(46.0, 1.3333333333333333)	(47.0, 0.5)	(48.0, 0.5)	(49.0, 0.5)	(50.0, 1.5)	(51.0, 1.7)	(52.0, 0.5)	(53.0, 0.0)	(54.0, 0.0)	(55.0, 0.0)	(56.0, 0.0)	(57.0, 0.0)	(58.0, 0.0)	(59.0, 0.0)	(60.0, 0.0)	(61.0, 0.0)	(62.0, 0.0)	(63.0, 0.0)	(64.0, 0.0)	(65.0, 0.0)	(66.0, 0.0)	(67.0, 0.0)	(68.0, 0.0)	(69.0, 0.0)	(70.0, 0.0)	(71.0, 0.0)	(72.0, 0.0)	(73.0, 0.0)	(74.0, 0.0)	(75.0, 0.0)	(76.0, 0.0)	(77.0, 0.0)	(78.0, 0.0)	(79.0, 0.0)	(80.0, 0.0)	(81.0, 0.0)	(82.0, 0.0)	(83.0, 0.0)	(84.0, 0.0)	(85.0, 0.0)	(86.0, 0.0)	(87.0, 0.0)	(88.0, 0.0)	(89.0, 0.0)	(90.0, 0.0)	(91.0, 0.0)	(92.0, 0.0)	(93.0, 0.0)	(94.0, 0.0)	(95.0, 0.0)	(96.0, 0.0)	(97.0, 0.0)	(98.0, 0.0)	(99.0, 0.0)	(100.0, 0.0)
FAY99780_pass_barcode08_98e12ebb_5ad7f319_81	(0.0, 0.0)	(1.0, 0.0)	(2.0, 0.0)	(3.0, 0.0)	(4.0, 0.0)	(5.0, 0.0)	(6.0, 0.0)	(7.0, 0.0)	(8.0, 0.0)	(9.0, 0.0)	(10.0, 0.0)	(11.0, 0.0)	(12.0, 0.0)	(13.0, 0.0)	(14.0, 0.0)	(15.0, 0.0)	(16.0, 0.0)	(17.0, 0.0)	(18.0, 0.0)	(19.0, 0.0)	(20.0, 0.0)	(21.0, 0.0)	(22.0, 0.0)	(23.0, 0.0)	(24.0, 0.0)	(25.0, 0.0)	(26.0, 0.0)	(27.0, 0.0)	(28.0, 0.0)	(29.0, 0.0)	(30.0, 0.09090909090909091)	(31.0, 0.0)	(32.0, 0.524390243902439)	(33.0, 0.7575757575757576)	(34.0, 1.1663954315915097)	(35.0, 1.5427081252677344)	(36.0, 1.8394377692208495)	(37.0, 2.4601502161987554)	(38.0, 2.573482276002669)	(39.0, 2.700978778796272)	(40.0, 2.64208765298772)	(41.0, 3.230617350129545)	(42.0, 3.2079725829725825)	(43.0, 2.830718954248366)	(44.0, 1.7083333333333333)	(45.0, 0.8333333333333333)	(46.0, 0.75)	(47.0, 0.5)	(48.0, 0.6666666666666666)	(49.0, 0.3333333333333333)	(50.0, 0.0)	(51.0, 0.0)	(52.0, 0.0)	(53.0, 1.0)	(54.0, 1.0)	(55.0, 0.5)	(56.0, 0.5)	(57.0, 0.0)	(58.0, 0.0)	(59.0, 0.0)	(60.0, 0.5)	(61.0, 0.5)	(62.0, 0.0)	(63.0, 0.0)	(64.0, 0.0)	(65.0, 0.5)	(66.0, 0.5)	(67.0, 0.0)	(68.0, 0.0)	(69.0, 0.0)	(70.0, 0.0)	(71.0, 0.0)	(72.0, 0.0)	(73.0, 0.0)	(74.0, 0.0)	(75.0, 0.0)	(76.0, 0.0)	(77.0, 0.0)	(78.0, 0.0)	(79.0, 0.0)	(80.0, 0.0)	(81.0, 0.0)	(82.0, 0.0)	(83.0, 0.0)	(84.0, 0.0)	(85.0, 0.0)	(86.0, 0.0)	(87.0, 0.0)	(88.0, 0.0)	(89.0, 0.0)	(90.0, 0.0)	(91.0, 0.0)	(92.0, 0.0)	(93.0, 0.0)	(94.0, 0.0)	(95.0, 0.0)	(96.0, 0.0)	(97.0, 0.0)	(98.0, 0.0)	(99.0, 0.0)	(100.0, 0.0)
FAY99780_pass_barcode08_98e12ebb_5ad7f319_82	(0.0, 0.0)	(1.0, 0.0)	(2.0, 0.0)	(3.0, 0.0)	(4.0, 0.0)	(5.0, 0.0)	(6.0, 0.0)	(7.0, 0.0)	(8.0, 0.0)	(9.0, 0.0)	(10.0, 0.0)	(11.0, 0.0)	(12.0, 0.0)	(13.0, 0.0)	(14.0, 0.0)	(15.0, 0.0)	(16.0, 0.0)	(17.0, 0.0)	(18.0, 0.0)	(19.0, 0.0)	(20.0, 0.0)	(21.0, 0.0)	(22.0, 0.0)	(23.0, 0.0)	(24.0, 0.0)	(25.0, 0.0)	(26.0, 0.0)	(27.0, 0.0)	(28.0, 0.0)	(29.0, 0.09090909090909091)	(30.0, 0.0)	(31.0, 0.0)	(32.0, 0.17656765676567657)	(33.0, 0.05664830841856806)	(34.0, 0.9347485579428366)	(35.0, 0.4883216729203147)	(36.0, 1.5460723856039114)	(37.0, 1.4574031219014174)	(38.0, 1.902466870593988)	(39.0, 1.9640085671508867)	(40.0, 2.2909019237294226)	(41.0, 1.5930066917519143)	(42.0, 2.452020202020202)	(43.0, 2.127777777777778)	(44.0, 1.9797979797979797)	(45.0, 2.1587301587301586)	(46.0, 1.0)	(47.0, 0.8333333333333333)	(48.0, 0.0)	(49.0, 0.0)	(50.0, 0.0)	(51.0, 0.0)	(52.0, 0.0)	(53.0, 0.0)	(54.0, 0.0)	(55.0, 0.0)	(56.0, 0.0)	(57.0, 0.0)	(58.0, 0.0)	(59.0, 0.0)	(60.0, 0.0)	(61.0, 0.0)	(62.0, 0.0)	(63.0, 0.0)	(64.0, 0.0)	(65.0, 0.0)	(66.0, 0.0)	(67.0, 0.0)	(68.0, 0.0)	(69.0, 0.0)	(70.0, 0.0)	(71.0, 0.0)	(72.0, 0.0)	(73.0, 0.0)	(74.0, 0.0)	(75.0, 0.0)	(76.0, 0.0)	(77.0, 0.0)	(78.0, 0.0)	(79.0, 0.0)	(80.0, 0.0)	(81.0, 0.0)	(82.0, 0.0)	(83.0, 0.0)	(84.0, 0.0)	(85.0, 0.0)	(86.0, 0.0)	(87.0, 0.0)	(88.0, 0.0)	(89.0, 0.0)	(90.0, 0.0)	(91.0, 0.0)	(92.0, 0.0)	(93.0, 0.0)	(94.0, 0.0)	(95.0, 0.0)	(96.0, 0.0)	(97.0, 0.0)	(98.0, 0.0)	(99.0, 0.0)	(100.0, 0.0)
FAY99780_pass_barcode08_98e12ebb_5ad7f319_83	(0.0, 0.0)	(1.0, 0.0)	(2.0, 0.0)	(3.0, 0.0)	(4.0, 0.0)	(5.0, 0.0)	(6.0, 0.0)	(7.0, 0.0)	(8.0, 0.0)	(9.0, 0.0)	(10.0, 0.0)	(11.0, 0.0)	(12.0, 0.0)	(13.0, 0.0)	(14.0, 0.0)	(15.0, 0.0)	(16.0, 0.0)	(17.0, 0.0)	(18.0, 0.0)	(19.0, 0.0)	(20.0, 0.0)	(21.0, 0.0)	(22.0, 0.0)	(23.0, 0.0)	(24.0, 0.0)	(25.0, 0.0)	(26.0, 0.0)	(27.0, 0.540909090909091)	(28.0, 0.0)	(29.0, 0.047619047619047616)	(30.0, 0.0)	(31.0, 0.19047619047619047)	(32.0, 0.5058479532163742)	(33.0, 0.61529933481153)	(34.0, 0.5436666034275596)	(35.0, 1.0314935064935065)	(36.0, 1.3808369371454718)	(37.0, 2.2903181687541516)	(38.0, 1.8928981520504236)	(39.0, 1.2425190028383348)	(40.0, 1.4637469675295887)	(41.0, 1.8151183406360263)	(42.0, 1.8438020760601401)	(43.0, 1.0666666666666667)	(44.0, 2.0353535353535355)	(45.0, 1.8333333333333333)	(46.0, 1.024390243902439)	(47.0, 0.6666666666666666)	(48.0, 0.5)	(49.0, 0.6)	(50.0, 0.024390243902439025)	(51.0, 0.0)	(52.0, 0.0)	(53.0, 0.0)	(54.0, 0.0)	(55.0, 0.0)	(56.0, 0.0)	(57.0, 0.0)	(58.0, 0.0)	(59.0, 0.0)	(60.0, 0.0)	(61.0, 0.0)	(62.0, 0.0)	(63.0, 0.0)	(64.0, 0.0)	(65.0, 0.0)	(66.0, 0.0)	(67.0, 0.0)	(68.0, 0.0)	(69.0, 0.0)	(70.0, 0.0)	(71.0, 0.0)	(72.0, 0.0)	(73.0, 0.0)	(74.0, 0.0)	(75.0, 0.0)	(76.0, 0.0)	(77.0, 0.0)	(78.0, 0.0)	(79.0, 0.0)	(80.0, 0.0)	(81.0, 0.0)	(82.0, 0.0)	(83.0, 0.0)	(84.0, 0.0)	(85.0, 0.0)	(86.0, 0.0)	(87.0, 0.0)	(88.0, 0.0)	(89.0, 0.0)	(90.0, 0.0)	(91.0, 0.0)	(92.0, 0.0)	(93.0, 0.0)	(94.0, 0.0)	(95.0, 0.0)	(96.0, 0.0)	(97.0, 0.0)	(98.0, 0.0)	(99.0, 0.0)	(100.0, 0.0)
FAY99780_pass_barcode08_98e12ebb_5ad7f319_84	(0.0, 0.0)	(1.0, 0.0)	(2.0, 0.0)	(3.0, 0.0)	(4.0, 0.0)	(5.0, 0.0)	(6.0, 0.0)	(7.0, 0.0)	(8.0, 0.0)	(9.0, 0.0)	(10.0, 0.0)	(11.0, 0.0)	(12.0, 0.0)	(13.0, 0.0)	(14.0, 0.0)	(15.0, 0.0)	(16.0, 0.0)	(17.0, 0.0)	(18.0, 0.0)	(19.0, 0.5)	(20.0, 1.0)	(21.0, 0.5)	(22.0, 0.0)	(23.0, 0.0)	(24.0, 0.0)	(25.0, 0.0)	(26.0, 0.0)	(27.0, 0.0)	(28.0, 0.0)	(29.0, 0.0)	(30.0, 0.09090909090909091)	(31.0, 0.12316715542521994)	(32.0, 0.09090909090909091)	(33.0, 0.11051693404634581)	(34.0, 0.38257575757575757)	(35.0, 0.6877344877344878)	(36.0, 2.8068045435869355)	(37.0, 1.6438663347340288)	(38.0, 1.9236234276408941)	(39.0, 3.1192422360841574)	(40.0, 2.6762311618637353)	(41.0, 1.0484848484848484)	(42.0, 1.690909090909091)	(43.0, 0.8745348219032429)	(44.0, 1.3444444444444443)	(45.0, 1.9499999999999997)	(46.0, 0.5)	(47.0, 0.0)	(48.0, 0.0)	(49.0, 0.0)	(50.0, 0.0)	(51.0, 0.0)	(52.0, 0.0)	(53.0, 0.0)	(54.0, 0.0)	(55.0, 0.0)	(56.0, 0.0)	(57.0, 0.0)	(58.0, 0.0)	(59.0, 0.0)	(60.0, 0.0)	(61.0, 0.0)	(62.0, 0.0)	(63.0, 0.0)	(64.0, 0.0)	(65.0, 0.0)	(66.0, 0.0)	(67.0, 0.0)	(68.0, 0.0)	(69.0, 0.0)	(70.0, 0.0)	(71.0, 0.0)	(72.0, 0.0)	(73.0, 0.0)	(74.0, 0.0)	(75.0, 0.0)	(76.0, 0.0)	(77.0, 0.0)	(78.0, 0.0)	(79.0, 0.0)	(80.0, 0.0)	(81.0, 0.0)	(82.0, 0.0)	(83.0, 0.0)	(84.0, 0.0)	(85.0, 0.0)	(86.0, 0.0)	(87.0, 0.0)	(88.0, 0.0)	(89.0, 0.0)	(90.0, 0.0)	(91.0, 0.0)	(92.0, 0.0)	(93.0, 0.0)	(94.0, 0.0)	(95.0, 0.0)	(96.0, 0.0)	(97.0, 0.0)	(98.0, 0.0)	(99.0, 0.0)	(100.0, 0.0)
FAY99780_pass_barcode08_98e12ebb_5ad7f319_85	(0.0, 0.0)	(1.0, 0.0)	(2.0, 0.0)	(3.0, 0.0)	(4.0, 0.0)	(5.0, 0.0)	(6.0, 0.0)	(7.0, 0.0)	(8.0, 0.0)	(9.0, 0.0)	(10.0, 0.0)	(11.0, 0.0)	(12.0, 0.0)	(13.0, 0.0)	(14.0, 0.0)	(15.0, 0.0)	(16.0, 0.0)	(17.0, 0.0)	(18.0, 0.0)	(19.0, 0.0)	(20.0, 0.0)	(21.0, 0.0)	(22.0, 0.0)	(23.0, 0.0)	(24.0, 0.0)	(25.0, 0.0)	(26.0, 0.0)	(27.0, 0.0)	(28.0, 0.0)	(29.0, 0.1)	(30.0, 0.05664830841856806)	(31.0, 0.13908450704225353)	(32.0, 0.125)	(33.0, 0.11226377893044559)	(34.0, 0.5097340628899603)	(35.0, 0.26944861836287004)	(36.0, 0.5014640050045243)	(37.0, 1.7150126853153076)	(38.0, 2.4358772372481123)	(39.0, 1.6078264519640393)	(40.0, 1.8546904819011993)	(41.0, 0.6262626262626263)	(42.0, 1.3329725829725831)	(43.0, 2.1504329004329)	(44.0, 1.3333333333333333)	(45.0, 0.75)	(46.0, 0.5)	(47.0, 0.5)	(48.0, 0.5)	(49.0, 0.5)	(50.0, 0.0)	(51.0, 0.0)	(52.0, 0.8333333333333333)	(53.0, 1.0)	(54.0, 1.0)	(55.0, 1.0)	(56.0, 1.0)	(57.0, 0.5)	(58.0, 0.0)	(59.0, 0.0)	(60.0, 0.0)	(61.0, 0.0)	(62.0, 0.0)	(63.0, 0.0)	(64.0, 0.0)	(65.0, 0.0)	(66.0, 0.0)	(67.0, 0.0)	(68.0, 0.0)	(69.0, 0.0)	(70.0, 0.0)	(71.0, 0.0)	(72.0, 0.0)	(73.0, 0.0)	(74.0, 0.0)	(75.0, 0.0)	(76.0, 0.0)	(77.0, 0.0)	(78.0, 0.0)	(79.0, 0.0)	(80.0, 0.0)	(81.0, 0.0)	(82.0, 0.0)	(83.0, 0.0)	(84.0, 0.0)	(85.0, 0.0)	(86.0, 0.0)	(87.0, 0.0)	(88.0, 0.0)	(89.0, 0.0)	(90.0, 0.0)	(91.0, 0.0)	(92.0, 0.0)	(93.0, 0.0)	(94.0, 0.0)	(95.0, 0.0)	(96.0, 0.0)	(97.0, 0.0)	(98.0, 0.0)	(99.0, 0.0)	(100.0, 0.0)
FAY99780_pass_barcode08_98e12ebb_5ad7f319_86	(0.0, 0.0)	(1.0, 0.0)	(2.0, 0.0)	(3.0, 0.0)	(4.0, 0.0)	(5.0, 0.0)	(6.0, 0.0)	(7.0, 0.0)	(8.0, 0.0)	(9.0, 0.0)	(10.0, 0.0)	(11.0, 0.0)	(12.0, 0.0)	(13.0, 0.0)	(14.0, 0.0)	(15.0, 0.0)	(16.0, 0.0)	(17.0, 0.0)	(18.0, 0.0)	(19.0, 0.0)	(20.0, 0.0)	(21.0, 0.0)	(22.0, 0.0)	(23.0, 0.0)	(24.0, 0.0)	(25.0, 0.0)	(26.0, 0.0)	(27.0, 0.0)	(28.0, 0.024390243902439025)	(29.0, 0.0)	(30.0, 0.0)	(31.0, 0.0)	(32.0, 0.0)	(33.0, 0.4318181818181819)	(34.0, 0.6087662337662337)	(35.0, 0.6679653679653681)	(36.0, 1.781355878959339)	(37.0, 1.3553566818834442)	(38.0, 1.1901244936099926)	(39.0, 2.1724447205415665)	(40.0, 1.7091627850531932)	(41.0, 1.8405483405483405)	(42.0, 1.1545524368105013)	(43.0, 1.4318181818181819)	(44.0, 2.3655913978494625)	(45.0, 1.5655913978494624)	(46.0, 0.8333333333333333)	(47.0, 0.8333333333333333)	(48.0, 0.2)	(49.0, 0.2)	(50.0, 0.0)	(51.0, 0.0)	(52.0, 0.3333333333333333)	(53.0, 0.3333333333333333)	(54.0, 0.0)	(55.0, 0.0)	(56.0, 0.0)	(57.0, 0.0)	(58.0, 0.0)	(59.0, 0.0)	(60.0, 0.0)	(61.0, 0.0)	(62.0, 0.0)	(63.0, 0.0)	(64.0, 0.0)	(65.0, 0.0)	(66.0, 0.0)	(67.0, 0.0)	(68.0, 0.0)	(69.0, 0.0)	(70.0, 0.0)	(71.0, 0.0)	(72.0, 0.0)	(73.0, 0.0)	(74.0, 0.0)	(75.0, 0.0)	(76.0, 0.0)	(77.0, 0.0)	(78.0, 0.0)	(79.0, 0.0)	(80.0, 0.0)	(81.0, 0.0)	(82.0, 0.0)	(83.0, 0.0)	(84.0, 0.0)	(85.0, 0.0)	(86.0, 0.0)	(87.0, 0.0)	(88.0, 0.0)	(89.0, 0.0)	(90.0, 0.0)	(91.0, 0.0)	(92.0, 0.0)	(93.0, 0.0)	(94.0, 0.0)	(95.0, 0.0)	(96.0, 0.0)	(97.0, 0.0)	(98.0, 0.0)	(99.0, 0.0)	(100.0, 0.0)
FAY99780_pass_barcode08_98e12ebb_5ad7f319_87	(0.0, 0.0)	(1.0, 0.0)	(2.0, 0.0)	(3.0, 0.0)	(4.0, 0.0)	(5.0, 0.0)	(6.0, 0.0)	(7.0, 0.0)	(8.0, 0.0)	(9.0, 0.0)	(10.0, 0.0)	(11.0, 0.0)	(12.0, 0.0)	(13.0, 0.0)	(14.0, 0.0)	(15.0, 0.0)	(16.0, 0.0)	(17.0, 0.0)	(18.0, 0.0)	(19.0, 0.0)	(20.0, 0.0)	(21.0, 0.0)	(22.0, 0.0)	(23.0, 0.0)	(24.0, 0.0)	(25.0, 0.3333333333333333)	(26.0, 0.3655913978494624)	(27.0, 0.03225806451612903)	(28.0, 0.0)	(29.0, 0.0)	(30.0, 0.1111111111111111)	(31.0, 0.0)	(32.0, 0.0)	(33.0, 0.23713517665130568)	(34.0, 1.168502636156922)	(35.0, 1.6958465677006407)	(36.0, 2.384157391398021)	(37.0, 2.353184224018083)	(38.0, 2.5383598182752625)	(39.0, 2.543802480969528)	(40.0, 2.4814688223977637)	(41.0, 2.802813852813853)	(42.0, 2.5409090909090906)	(43.0, 0.6666666666666666)	(44.0, 0.6818181818181819)	(45.0, 1.3333333333333333)	(46.0, 1.0)	(47.0, 0.0)	(48.0, 0.0)	(49.0, 0.0)	(50.0, 0.047619047619047616)	(51.0, 0.0)	(52.0, 0.0)	(53.0, 0.0)	(54.0, 0.0)	(55.0, 0.5)	(56.0, 0.5)	(57.0, 0.0)	(58.0, 0.0)	(59.0, 0.0)	(60.0, 0.0)	(61.0, 0.0)	(62.0, 0.0)	(63.0, 0.0)	(64.0, 0.0)	(65.0, 0.0)	(66.0, 0.0)	(67.0, 0.0)	(68.0, 0.0)	(69.0, 0.0)	(70.0, 0.0)	(71.0, 0.0)	(72.0, 0.0)	(73.0, 0.0)	(74.0, 0.0)	(75.0, 0.0)	(76.0, 0.0)	(77.0, 0.0)	(78.0, 0.0)	(79.0, 0.0)	(80.0, 0.0)	(81.0, 0.0)	(82.0, 0.0)	(83.0, 0.0)	(84.0, 0.0)	(85.0, 0.0)	(86.0, 0.0)	(87.0, 0.0)	(88.0, 0.0)	(89.0, 0.0)	(90.0, 0.0)	(91.0, 0.0)	(92.0, 0.0)	(93.0, 0.0)	(94.0, 0.0)	(95.0, 0.0)	(96.0, 0.0)	(97.0, 0.0)	(98.0, 0.0)	(99.0, 0.0)	(100.0, 0.0)
FAY99780_pass_barcode08_98e12ebb_5ad7f319_88	(0.0, 1.0)	(1.0, 1.0)	(2.0, 1.0)	(3.0, 1.0)	(4.0, 1.0)	(5.0, 1.0)	(6.0, 1.0)	(7.0, 1.0)	(8.0, 1.0)	(9.0, 1.0)	(10.0, 1.0)	(11.0, 1.0)	(12.0, 1.0)	(13.0, 1.0)	(14.0, 1.0)	(15.0, 1.0)	(16.0, 1.0)	(17.0, 1.0)	(18.0, 1.0)	(19.0, 1.0)	(20.0, 1.0)	(21.0, 1.0)	(22.0, 1.0)	(23.0, 1.0)	(24.0, 1.0)	(25.0, 1.0)	(26.0, 1.0)	(27.0, 1.0)	(28.0, 1.0)	(29.0, 1.0)	(30.0, 1.0049751243781095)	(31.0, 1.424242424242424)	(32.0, 1.429478026336665)	(33.0, 1.2337662337662336)	(34.0, 1.2143658810325477)	(35.0, 2.2638896373336204)	(36.0, 3.422411562169492)	(37.0, 2.719506374874903)	(38.0, 2.6351638170658407)	(39.0, 2.1518220879501357)	(40.0, 2.789467875467229)	(41.0, 2.5049739702764615)	(42.0, 1.8928571428571428)	(43.0, 3.3989247311827957)	(44.0, 3.04156223893066)	(45.0, 1.5833333333333333)	(46.0, 1.0)	(47.0, 1.380952380952381)	(48.0, 1.8333333333333333)	(49.0, 1.5)	(50.0, 1.0)	(51.0, 1.0)	(52.0, 1.0)	(53.0, 1.0)	(54.0, 1.0)	(55.0, 1.0)	(56.0, 1.0)	(57.0, 1.0)	(58.0, 1.0)	(59.0, 0.5)	(60.0, 0.0)	(61.0, 0.0)	(62.0, 0.0)	(63.0, 0.0)	(64.0, 0.0)	(65.0, 0.0)	(66.0, 0.0)	(67.0, 0.0)	(68.0, 0.0)	(69.0, 0.0)	(70.0, 0.0)	(71.0, 0.0)	(72.0, 0.0)	(73.0, 0.0)	(74.0, 0.0)	(75.0, 0.0)	(76.0, 0.0)	(77.0, 0.0)	(78.0, 0.0)	(79.0, 0.0)	(80.0, 0.0)	(81.0, 0.0)	(82.0, 0.0)	(83.0, 0.0)	(84.0, 0.0)	(85.0, 0.0)	(86.0, 0.0)	(87.0, 0.0)	(88.0, 0.0)	(89.0, 0.0)	(90.0, 0.0)	(91.0, 0.0)	(92.0, 0.0)	(93.0, 0.0)	(94.0, 0.0)	(95.0, 0.0)	(96.0, 0.0)	(97.0, 0.0)	(98.0, 0.0)	(99.0, 0.0)	(100.0, 0.0)
FAY99780_pass_barcode08_98e12ebb_5ad7f319_89	(0.0, 0.0)	(1.0, 0.0)	(2.0, 0.0)	(3.0, 0.0)	(4.0, 0.0)	(5.0, 0.0)	(6.0, 0.0)	(7.0, 0.0)	(8.0, 0.0)	(9.0, 0.0)	(10.0, 0.0)	(11.0, 0.0)	(12.0, 0.0)	(13.0, 0.0)	(14.0, 0.0)	(15.0, 0.0)	(16.0, 0.0)	(17.0, 0.0)	(18.0, 0.0)	(19.0, 0.0)	(20.0, 0.0)	(21.0, 0.0)	(22.0, 0.0)	(23.0, 0.0)	(24.0, 0.0)	(25.0, 0.0)	(26.0, 0.0)	(27.0, 0.0)	(28.0, 0.03225806451612903)	(29.0, 0.0)	(30.0, 0.0)	(31.0, 0.2)	(32.0, 0.2991735537190082)	(33.0, 0.0)	(34.0, 0.18945176960444138)	(35.0, 0.2384636236628646)	(36.0, 1.1838898838223542)	(37.0, 1.3933450658787627)	(38.0, 2.1610746600461614)	(39.0, 1.6447997889617132)	(40.0, 0.18181818181818182)	(41.0, 0.4917852749956071)	(42.0, 0.3611111111111111)	(43.0, 1.5432900432900432)	(44.0, 1.2873015873015872)	(45.0, 0.5833333333333333)	(46.0, 0.3333333333333333)	(47.0, 0.0)	(48.0, 0.2)	(49.0, 0.0)	(50.0, 0.0)	(51.0, 0.3333333333333333)	(52.0, 0.3333333333333333)	(53.0, 0.0)	(54.0, 0.0)	(55.0, 0.0)	(56.0, 0.0)	(57.0, 0.0)	(58.0, 0.0)	(59.0, 0.0)	(60.0, 0.0)	(61.0, 0.0)	(62.0, 0.0)	(63.0, 0.0)	(64.0, 0.0)	(65.0, 0.0)	(66.0, 0.0)	(67.0, 0.0)	(68.0, 0.0)	(69.0, 0.0)	(70.0, 0.0)	(71.0, 0.0)	(72.0, 0.0)	(73.0, 0.0)	(74.0, 0.0)	(75.0, 0.0)	(76.0, 0.0)	(77.0, 0.0)	(78.0, 0.0)	(79.0, 0.0)	(80.0, 0.0)	(81.0, 0.0)	(82.0, 0.0)	(83.0, 0.0)	(84.0, 0.0)	(85.0, 0.0)	(86.0, 0.0)	(87.0, 0.0)	(88.0, 0.0)	(89.0, 0.0)	(90.0, 0.0)	(91.0, 0.0)	(92.0, 0.0)	(93.0, 0.0)	(94.0, 0.0)	(95.0, 0.0)	(96.0, 0.0)	(97.0, 0.0)	(98.0, 0.0)	(99.0, 0.0)	(100.0, 0.0)
FAY99780_pass_barcode08_98e12ebb_5ad7f319_9	(0.0, 0.0)	(1.0, 0.0)	(2.0, 0.0)	(3.0, 0.0)	(4.0, 0.0)	(5.0, 0.0)	(6.0, 0.0)	(7.0, 0.0)	(8.0, 0.0)	(9.0, 0.0)	(10.0, 0.0)	(11.0, 0.0)	(12.0, 0.0)	(13.0, 0.0)	(14.0, 0.0)	(15.0, 0.0)	(16.0, 0.0)	(17.0, 0.0)	(18.0, 0.0)	(19.0, 0.0)	(20.0, 0.0)	(21.0, 0.0)	(22.0, 0.0)	(23.0, 0.0)	(24.0, 0.0)	(25.0, 0.0)	(26.0, 0.14285714285714285)	(27.0, 0.0)	(28.0, 1.0)	(29.0, 1.7481671554252198)	(30.0, 0.5)	(31.0, 0.5625693555271021)	(32.0, 1.3971175166297116)	(33.0, 1.3667027417027415)	(34.0, 1.2945583111293297)	(35.0, 2.6423818936698806)	(36.0, 2.16403308689049)	(37.0, 2.972301019437092)	(38.0, 3.9088403785393204)	(39.0, 3.360277322638134)	(40.0, 4.137852356190464)	(41.0, 4.435690881205319)	(42.0, 2.9254985757982475)	(43.0, 1.5095238095238095)	(44.0, 0.4242424242424242)	(45.0, 1.0)	(46.0, 1.25)	(47.0, 0.3333333333333333)	(48.0, 0.6666666666666666)	(49.0, 0.0)	(50.0, 0.0)	(51.0, 0.5)	(52.0, 0.5)	(53.0, 0.0)	(54.0, 0.0)	(55.0, 0.0)	(56.0, 0.5)	(57.0, 0.5)	(58.0, 0.0)	(59.0, 0.0)	(60.0, 0.0)	(61.0, 0.0)	(62.0, 0.5)	(63.0, 0.5)	(64.0, 0.0)	(65.0, 0.0)	(66.0, 0.0)	(67.0, 0.0)	(68.0, 0.0)	(69.0, 0.0)	(70.0, 0.0)	(71.0, 0.0)	(72.0, 0.0)	(73.0, 0.0)	(74.0, 0.0)	(75.0, 0.0)	(76.0, 0.0)	(77.0, 0.0)	(78.0, 0.0)	(79.0, 0.0)	(80.0, 0.0)	(81.0, 0.0)	(82.0, 0.0)	(83.0, 0.0)	(84.0, 0.0)	(85.0, 0.0)	(86.0, 0.0)	(87.0, 0.0)	(88.0, 0.0)	(89.0, 0.0)	(90.0, 0.0)	(91.0, 0.0)	(92.0, 0.0)	(93.0, 0.0)	(94.0, 0.0)	(95.0, 0.0)	(96.0, 0.0)	(97.0, 0.0)	(98.0, 0.0)	(99.0, 0.0)	(100.0, 0.0)
FAY99780_pass_barcode08_98e12ebb_5ad7f319_90	(0.0, 0.0)	(1.0, 0.0)	(2.0, 0.0)	(3.0, 0.0)	(4.0, 0.0)	(5.0, 0.0)	(6.0, 0.0)	(7.0, 0.0)	(8.0, 0.0)	(9.0, 0.0)	(10.0, 0.0)	(11.0, 0.0)	(12.0, 0.0)	(13.0, 0.0)	(14.0, 0.0)	(15.0, 0.0)	(16.0, 0.0)	(17.0, 0.0)	(18.0, 0.0)	(19.0, 0.0)	(20.0, 0.0)	(21.0, 0.0)	(22.0, 0.0)	(23.0, 0.0)	(24.0, 0.0)	(25.0, 0.0)	(26.0, 0.0)	(27.0, 0.0)	(28.0, 0.0)	(29.0, 0.0)	(30.0, 0.5)	(31.0, 0.5836203333792533)	(32.0, 0.2159090909090909)	(33.0, 0.09090909090909091)	(34.0, 1.038961038961039)	(35.0, 0.6913998215524934)	(36.0, 1.3880741719519658)	(37.0, 2.6727025496395433)	(38.0, 2.3842725010377226)	(39.0, 0.9702207439681702)	(40.0, 1.563806168567434)	(41.0, 2.2325916544109927)	(42.0, 1.3227272727272728)	(43.0, 0.25321543408360125)	(44.0, 0.8333333333333333)	(45.0, 0.5)	(46.0, 1.130952380952381)	(47.0, 0.75)	(48.0, 0.726190476190476)	(49.0, 0.0)	(50.0, 0.3333333333333333)	(51.0, 0.0)	(52.0, 0.0)	(53.0, 0.0)	(54.0, 0.0)	(55.0, 0.0)	(56.0, 0.0)	(57.0, 0.0)	(58.0, 0.0)	(59.0, 0.0)	(60.0, 0.0)	(61.0, 0.0)	(62.0, 0.0)	(63.0, 0.0)	(64.0, 0.0)	(65.0, 0.0)	(66.0, 0.0)	(67.0, 0.0)	(68.0, 0.0)	(69.0, 0.0)	(70.0, 0.0)	(71.0, 0.0)	(72.0, 0.0)	(73.0, 0.0)	(74.0, 0.0)	(75.0, 0.0)	(76.0, 0.0)	(77.0, 0.0)	(78.0, 0.0)	(79.0, 0.0)	(80.0, 0.0)	(81.0, 0.0)	(82.0, 0.0)	(83.0, 0.0)	(84.0, 0.0)	(85.0, 0.0)	(86.0, 0.0)	(87.0, 0.0)	(88.0, 0.0)	(89.0, 0.0)	(90.0, 0.0)	(91.0, 0.0)	(92.0, 0.0)	(93.0, 0.0)	(94.0, 0.0)	(95.0, 0.0)	(96.0, 0.0)	(97.0, 0.0)	(98.0, 0.0)	(99.0, 0.0)	(100.0, 0.0)
FAY99780_pass_barcode08_98e12ebb_5ad7f319_91	(0.0, 0.0)	(1.0, 0.0)	(2.0, 0.0)	(3.0, 0.0)	(4.0, 0.0)	(5.0, 0.0)	(6.0, 0.0)	(7.0, 0.0)	(8.0, 0.0)	(9.0, 0.0)	(10.0, 0.0)	(11.0, 0.0)	(12.0, 0.0)	(13.0, 0.0)	(14.0, 0.0)	(15.0, 0.0)	(16.0, 0.0)	(17.0, 0.0)	(18.0, 0.0)	(19.0, 0.0)	(20.0, 0.0)	(21.0, 0.0)	(22.0, 0.0)	(23.0, 0.0)	(24.0, 0.0)	(25.0, 0.0)	(26.0, 0.0)	(27.0, 0.0)	(28.0, 0.09090909090909091)	(29.0, 0.0)	(30.0, 0.25757575757575757)	(31.0, 0.10730253353204174)	(32.0, 0.21407624633431085)	(33.0, 0.12316715542521994)	(34.0, 0.7664606898477867)	(35.0, 1.214203569991046)	(36.0, 1.3268174008047011)	(37.0, 2.0056753081343643)	(38.0, 1.8313730629706289)	(39.0, 1.4162989805939394)	(40.0, 2.2634703064280526)	(41.0, 2.571861471861472)	(42.0, 1.4956709956709955)	(43.0, 0.8690476190476191)	(44.0, 1.309683485912994)	(45.0, 0.3333333333333333)	(46.0, 0.14285714285714285)	(47.0, 0.0)	(48.0, 0.0)	(49.0, 0.5)	(50.0, 1.0)	(51.0, 0.75)	(52.0, 0.0)	(53.0, 0.0)	(54.0, 0.0)	(55.0, 0.0)	(56.0, 0.0)	(57.0, 0.0)	(58.0, 0.0)	(59.0, 0.0)	(60.0, 0.0)	(61.0, 0.0)	(62.0, 0.0)	(63.0, 0.0)	(64.0, 0.0)	(65.0, 0.0)	(66.0, 0.0)	(67.0, 0.0)	(68.0, 0.0)	(69.0, 0.0)	(70.0, 0.0)	(71.0, 0.0)	(72.0, 0.0)	(73.0, 0.0)	(74.0, 0.0)	(75.0, 0.0)	(76.0, 0.0)	(77.0, 0.0)	(78.0, 0.0)	(79.0, 0.0)	(80.0, 0.0)	(81.0, 0.0)	(82.0, 0.0)	(83.0, 0.0)	(84.0, 0.0)	(85.0, 0.0)	(86.0, 0.0)	(87.0, 0.0)	(88.0, 0.0)	(89.0, 0.0)	(90.0, 0.0)	(91.0, 0.0)	(92.0, 0.0)	(93.0, 0.0)	(94.0, 0.0)	(95.0, 0.0)	(96.0, 0.0)	(97.0, 0.0)	(98.0, 0.0)	(99.0, 0.0)	(100.0, 0.0)
FAY99780_pass_barcode08_98e12ebb_5ad7f319_92	(0.0, 0.0)	(1.0, 0.0)	(2.0, 0.0)	(3.0, 0.0)	(4.0, 0.0)	(5.0, 0.0)	(6.0, 0.0)	(7.0, 0.0)	(8.0, 0.0)	(9.0, 0.0)	(10.0, 0.0)	(11.0, 0.0)	(12.0, 0.0)	(13.0, 0.0)	(14.0, 0.0)	(15.0, 0.0)	(16.0, 0.0)	(17.0, 0.0)	(18.0, 0.0)	(19.0, 0.0)	(20.0, 0.0)	(21.0, 0.0)	(22.0, 0.0)	(23.0, 0.0)	(24.0, 0.0)	(25.0, 0.0)	(26.0, 0.0)	(27.0, 0.0)	(28.0, 0.0)	(29.0, 0.03225806451612903)	(30.0, 0.0)	(31.0, 0.0)	(32.0, 0.11529933481152993)	(33.0, 0.0025575447570332483)	(34.0, 1.1188401564387924)	(35.0, 0.9422834205918587)	(36.0, 1.4383768978837335)	(37.0, 1.967387556027029)	(38.0, 3.547508642175076)	(39.0, 1.8878300305269806)	(40.0, 1.8685290511210917)	(41.0, 1.7115079365079366)	(42.0, 2.398989898989899)	(43.0, 2.3825757575757573)	(44.0, 1.7678571428571428)	(45.0, 0.8333333333333333)	(46.0, 0.3333333333333333)	(47.0, 0.3333333333333333)	(48.0, 1.0)	(49.0, 1.625)	(50.0, 0.625)	(51.0, 0.0)	(52.0, 0.0)	(53.0, 0.0)	(54.0, 0.0)	(55.0, 0.0)	(56.0, 0.0)	(57.0, 0.0)	(58.0, 0.0)	(59.0, 0.0)	(60.0, 0.0)	(61.0, 0.0)	(62.0, 0.0)	(63.0, 0.0)	(64.0, 0.0)	(65.0, 0.0)	(66.0, 0.0)	(67.0, 0.0)	(68.0, 0.0)	(69.0, 0.0)	(70.0, 0.0)	(71.0, 0.0)	(72.0, 0.0)	(73.0, 0.0)	(74.0, 0.0)	(75.0, 0.0)	(76.0, 0.0)	(77.0, 0.0)	(78.0, 0.0)	(79.0, 0.0)	(80.0, 0.0)	(81.0, 0.0)	(82.0, 0.0)	(83.0, 0.0)	(84.0, 0.0)	(85.0, 0.0)	(86.0, 0.0)	(87.0, 0.0)	(88.0, 0.0)	(89.0, 0.0)	(90.0, 0.0)	(91.0, 0.0)	(92.0, 0.0)	(93.0, 0.0)	(94.0, 0.0)	(95.0, 0.0)	(96.0, 0.0)	(97.0, 0.0)	(98.0, 0.0)	(99.0, 0.0)	(100.0, 0.0)
FAY99780_pass_barcode08_98e12ebb_5ad7f319_93	(0.0, 0.0)	(1.0, 0.0)	(2.0, 0.0)	(3.0, 0.0)	(4.0, 0.0)	(5.0, 0.0)	(6.0, 0.0)	(7.0, 0.0)	(8.0, 0.0)	(9.0, 0.0)	(10.0, 0.0)	(11.0, 0.0)	(12.0, 0.0)	(13.0, 0.0)	(14.0, 0.0)	(15.0, 0.0)	(16.0, 0.0)	(17.0, 0.0)	(18.0, 0.0)	(19.0, 0.0)	(20.0, 0.0)	(21.0, 0.0)	(22.0, 0.0)	(23.0, 0.0)	(24.0, 0.0)	(25.0, 0.0)	(26.0, 0.0)	(27.0, 0.0)	(28.0, 0.25)	(29.0, 0.009900990099009901)	(30.0, 0.2)	(31.0, 0.03225806451612903)	(32.0, 0.09090909090909091)	(33.0, 0.627692042303048)	(34.0, 1.3838383838383836)	(35.0, 1.7470987771046231)	(36.0, 0.9843443803990901)	(37.0, 1.7539315489489122)	(38.0, 3.3931369864262058)	(39.0, 2.3693893304145464)	(40.0, 1.8563852813852812)	(41.0, 1.5828335903279207)	(42.0, 1.351190476190476)	(43.0, 0.976190476190476)	(44.0, 0.9004329004329004)	(45.0, 0.0)	(46.0, 0.0)	(47.0, 0.5)	(48.0, 0.5)	(49.0, 0.0)	(50.0, 0.0)	(51.0, 0.0)	(52.0, 0.0)	(53.0, 0.0)	(54.0, 0.2)	(55.0, 0.2)	(56.0, 0.0)	(57.0, 0.0)	(58.0, 0.0)	(59.0, 0.0)	(60.0, 0.0)	(61.0, 0.0)	(62.0, 0.0)	(63.0, 0.0)	(64.0, 0.0)	(65.0, 0.0)	(66.0, 0.0)	(67.0, 0.0)	(68.0, 0.0)	(69.0, 0.0)	(70.0, 0.0)	(71.0, 0.0)	(72.0, 0.0)	(73.0, 0.0)	(74.0, 0.0)	(75.0, 0.0)	(76.0, 0.0)	(77.0, 0.0)	(78.0, 0.0)	(79.0, 0.0)	(80.0, 0.0)	(81.0, 0.0)	(82.0, 0.0)	(83.0, 0.0)	(84.0, 0.0)	(85.0, 0.0)	(86.0, 0.0)	(87.0, 0.0)	(88.0, 0.0)	(89.0, 0.0)	(90.0, 0.0)	(91.0, 0.0)	(92.0, 0.0)	(93.0, 0.0)	(94.0, 0.0)	(95.0, 0.0)	(96.0, 0.0)	(97.0, 0.0)	(98.0, 0.0)	(99.0, 0.0)	(100.0, 0.0)
FAY99780_pass_barcode08_98e12ebb_5ad7f319_94	(0.0, 0.0)	(1.0, 0.0)	(2.0, 0.0)	(3.0, 0.0)	(4.0, 0.0)	(5.0, 0.0)	(6.0, 0.0)	(7.0, 0.0)	(8.0, 0.0)	(9.0, 0.0)	(10.0, 0.0)	(11.0, 0.0)	(12.0, 0.0)	(13.0, 0.0)	(14.0, 0.0)	(15.0, 0.0)	(16.0, 0.0)	(17.0, 0.0)	(18.0, 0.0)	(19.0, 0.0)	(20.0, 0.0)	(21.0, 0.0)	(22.0, 0.0)	(23.0, 0.0)	(24.0, 0.0)	(25.0, 0.0)	(26.0, 0.0)	(27.0, 0.0)	(28.0, 0.0)	(29.0, 0.0)	(30.0, 0.047619047619047616)	(31.0, 0.014084507042253521)	(32.0, 0.006622516556291391)	(33.0, 0.024390243902439025)	(34.0, 0.09712027103331451)	(35.0, 0.4202846720549317)	(36.0, 2.140332271906319)	(37.0, 1.3391226300465822)	(38.0, 1.0705051137564485)	(39.0, 1.2939841548201978)	(40.0, 1.3920720453086335)	(41.0, 0.971103896103896)	(42.0, 1.1250214915108532)	(43.0, 0.5909090909090909)	(44.0, 0.1)	(45.0, 0.0)	(46.0, 0.0)	(47.0, 0.5)	(48.0, 0.5)	(49.0, 0.0)	(50.0, 0.5)	(51.0, 1.2)	(52.0, 1.0)	(53.0, 1.5)	(54.0, 1.5)	(55.0, 1.0)	(56.0, 1.0)	(57.0, 1.0)	(58.0, 1.0)	(59.0, 1.0)	(60.0, 1.0)	(61.0, 1.5)	(62.0, 1.5)	(63.0, 1.0)	(64.0, 1.0)	(65.0, 1.0)	(66.0, 1.0)	(67.0, 1.0)	(68.0, 1.0)	(69.0, 1.0)	(70.0, 1.0)	(71.0, 1.0)	(72.0, 1.0)	(73.0, 1.0)	(74.0, 1.0)	(75.0, 1.0)	(76.0, 1.0)	(77.0, 1.0)	(78.0, 1.0)	(79.0, 1.0)	(80.0, 1.0)	(81.0, 1.0)	(82.0, 1.0)	(83.0, 1.0)	(84.0, 1.0)	(85.0, 1.0)	(86.0, 1.0)	(87.0, 1.0)	(88.0, 1.0)	(89.0, 1.0)	(90.0, 1.0)	(91.0, 1.0)	(92.0, 1.0)	(93.0, 1.0)	(94.0, 1.0)	(95.0, 1.0)	(96.0, 1.0)	(97.0, 1.0)	(98.0, 1.0)	(99.0, 1.0)	(100.0, 1.0)
FAY99780_pass_barcode08_98e12ebb_5ad7f319_95	(0.0, 0.0)	(1.0, 0.0)	(2.0, 0.0)	(3.0, 0.0)	(4.0, 0.0)	(5.0, 0.0)	(6.0, 0.0)	(7.0, 0.0)	(8.0, 0.0)	(9.0, 0.0)	(10.0, 0.0)	(11.0, 0.0)	(12.0, 0.0)	(13.0, 0.0)	(14.0, 0.0)	(15.0, 0.0)	(16.0, 0.0)	(17.0, 0.0)	(18.0, 0.0)	(19.0, 0.0)	(20.0, 0.0)	(21.0, 0.0)	(22.0, 0.0)	(23.0, 0.0)	(24.0, 0.0)	(25.0, 0.0)	(26.0, 0.0)	(27.0, 0.0)	(28.0, 0.0)	(29.0, 0.09090909090909091)	(30.0, 0.11529933481152993)	(31.0, 0.1062111801242236)	(32.0, 0.0)	(33.0, 0.18181818181818182)	(34.0, 0.8969696969696971)	(35.0, 1.0635477660720156)	(36.0, 1.7404020841664116)	(37.0, 2.673741351051752)	(38.0, 1.650059338654438)	(39.0, 1.86440215232129)	(40.0, 0.6707862030442674)	(41.0, 1.6266955266955268)	(42.0, 0.2976190476190476)	(43.0, 0.825)	(44.0, 1.5416666666666665)	(45.0, 0.25)	(46.0, 0.25900900900900903)	(47.0, 0.75)	(48.0, 0.75)	(49.0, 0.5)	(50.0, 0.7)	(51.0, 0.0)	(52.0, 0.0)	(53.0, 0.0)	(54.0, 0.0)	(55.0, 0.0)	(56.0, 0.0)	(57.0, 0.0)	(58.0, 0.0)	(59.0, 0.0)	(60.0, 0.0)	(61.0, 0.0)	(62.0, 0.0)	(63.0, 0.0)	(64.0, 0.0)	(65.0, 0.0)	(66.0, 0.0)	(67.0, 0.0)	(68.0, 0.0)	(69.0, 0.0)	(70.0, 0.0)	(71.0, 0.0)	(72.0, 0.0)	(73.0, 0.0)	(74.0, 0.0)	(75.0, 0.0)	(76.0, 0.0)	(77.0, 0.0)	(78.0, 0.0)	(79.0, 0.0)	(80.0, 0.0)	(81.0, 0.0)	(82.0, 0.0)	(83.0, 0.0)	(84.0, 0.0)	(85.0, 0.0)	(86.0, 0.0)	(87.0, 0.0)	(88.0, 0.0)	(89.0, 0.0)	(90.0, 0.0)	(91.0, 0.0)	(92.0, 0.0)	(93.0, 0.0)	(94.0, 0.0)	(95.0, 0.0)	(96.0, 0.0)	(97.0, 0.0)	(98.0, 0.0)	(99.0, 0.0)	(100.0, 0.0)
FAY99780_pass_barcode08_98e12ebb_5ad7f319_96	(0.0, 0.0)	(1.0, 0.0)	(2.0, 0.0)	(3.0, 0.0)	(4.0, 0.0)	(5.0, 0.0)	(6.0, 0.0)	(7.0, 0.0)	(8.0, 0.0)	(9.0, 0.0)	(10.0, 0.0)	(11.0, 0.0)	(12.0, 0.0)	(13.0, 0.0)	(14.0, 0.0)	(15.0, 0.0)	(16.0, 0.0)	(17.0, 0.0)	(18.0, 0.0)	(19.0, 0.0)	(20.0, 0.0)	(21.0, 0.0)	(22.0, 0.0)	(23.0, 0.0)	(24.0, 0.0)	(25.0, 0.0)	(26.0, 0.0)	(27.0, 0.0)	(28.0, 0.0)	(29.0, 0.23230253353204172)	(30.0, 0.3333333333333333)	(31.0, 0.345679012345679)	(32.0, 0.06722689075630252)	(33.0, 0.18424794777325318)	(34.0, 0.3850719173299818)	(35.0, 0.5549215811510894)	(36.0, 0.5138376233663885)	(37.0, 2.209643368997803)	(38.0, 3.283990064246435)	(39.0, 3.356663428929909)	(40.0, 1.7642636037797328)	(41.0, 1.3605048177628822)	(42.0, 0.5333333333333333)	(43.0, 0.9484126984126984)	(44.0, 0.2)	(45.0, 0.4583333333333333)	(46.0, 0.9583333333333333)	(47.0, 0.8333333333333333)	(48.0, 0.09090909090909091)	(49.0, 0.0)	(50.0, 0.0)	(51.0, 0.0)	(52.0, 0.0)	(53.0, 0.3333333333333333)	(54.0, 0.0)	(55.0, 0.3333333333333333)	(56.0, 0.3333333333333333)	(57.0, 0.0)	(58.0, 0.0)	(59.0, 0.0)	(60.0, 0.0)	(61.0, 0.0)	(62.0, 0.0)	(63.0, 0.0)	(64.0, 0.0)	(65.0, 0.0)	(66.0, 0.0)	(67.0, 0.0)	(68.0, 0.0)	(69.0, 0.0)	(70.0, 0.0)	(71.0, 0.0)	(72.0, 0.0)	(73.0, 0.0)	(74.0, 0.0)	(75.0, 0.0)	(76.0, 0.0)	(77.0, 0.0)	(78.0, 0.0)	(79.0, 0.0)	(80.0, 0.0)	(81.0, 0.0)	(82.0, 0.0)	(83.0, 0.0)	(84.0, 0.0)	(85.0, 0.0)	(86.0, 0.0)	(87.0, 0.0)	(88.0, 0.0)	(89.0, 0.0)	(90.0, 0.0)	(91.0, 0.0)	(92.0, 0.0)	(93.0, 0.0)	(94.0, 0.0)	(95.0, 0.0)	(96.0, 0.0)	(97.0, 0.0)	(98.0, 0.0)	(99.0, 0.0)	(100.0, 0.0)
FAY99780_pass_barcode08_98e12ebb_5ad7f319_97	(0.0, 0.0)	(1.0, 0.0)	(2.0, 0.0)	(3.0, 0.0)	(4.0, 0.0)	(5.0, 0.0)	(6.0, 0.0)	(7.0, 0.0)	(8.0, 0.0)	(9.0, 0.0)	(10.0, 0.0)	(11.0, 0.0)	(12.0, 0.0)	(13.0, 0.0)	(14.0, 0.0)	(15.0, 0.0)	(16.0, 0.0)	(17.0, 0.0)	(18.0, 0.0)	(19.0, 0.0)	(20.0, 0.0)	(21.0, 0.0)	(22.0, 0.0)	(23.0, 0.0)	(24.0, 0.0)	(25.0, 0.0)	(26.0, 0.0)	(27.0, 0.0)	(28.0, 0.0)	(29.0, 0.0)	(30.0, 0.0)	(31.0, 0.024390243902439025)	(32.0, 0.75)	(33.0, 1.3068181818181819)	(34.0, 0.8294372294372294)	(35.0, 0.7814376363761132)	(36.0, 1.7603779275505924)	(37.0, 2.619880139079218)	(38.0, 1.7552382679251852)	(39.0, 1.3135662431728803)	(40.0, 1.0999127166596343)	(41.0, 0.9853535353535354)	(42.0, 1.0333333333333332)	(43.0, 0.9)	(44.0, 0.16666666666666666)	(45.0, 0.6666666666666666)	(46.0, 0.6666666666666666)	(47.0, 0.3333333333333333)	(48.0, 0.0)	(49.0, 0.5)	(50.0, 1.0)	(51.0, 0.5)	(52.0, 0.0)	(53.0, 0.0)	(54.0, 0.0)	(55.0, 0.0)	(56.0, 0.0)	(57.0, 0.0)	(58.0, 0.0)	(59.0, 0.0)	(60.0, 0.0)	(61.0, 0.0)	(62.0, 0.0)	(63.0, 0.0)	(64.0, 0.0)	(65.0, 0.0)	(66.0, 0.0)	(67.0, 0.0)	(68.0, 0.0)	(69.0, 0.0)	(70.0, 0.0)	(71.0, 0.0)	(72.0, 0.0)	(73.0, 0.0)	(74.0, 0.0)	(75.0, 0.0)	(76.0, 0.0)	(77.0, 0.0)	(78.0, 0.0)	(79.0, 0.0)	(80.0, 0.0)	(81.0, 0.0)	(82.0, 0.0)	(83.0, 0.0)	(84.0, 0.0)	(85.0, 0.0)	(86.0, 0.0)	(87.0, 0.0)	(88.0, 0.0)	(89.0, 0.0)	(90.0, 0.0)	(91.0, 0.0)	(92.0, 0.0)	(93.0, 0.0)	(94.0, 0.0)	(95.0, 0.0)	(96.0, 0.0)	(97.0, 0.0)	(98.0, 0.0)	(99.0, 0.0)	(100.0, 0.0)
FAY99780_pass_barcode08_98e12ebb_5ad7f319_98	(0.0, 0.0)	(1.0, 0.0)	(2.0, 0.0)	(3.0, 0.0)	(4.0, 0.0)	(5.0, 0.0)	(6.0, 0.0)	(7.0, 0.0)	(8.0, 0.0)	(9.0, 0.0)	(10.0, 0.0)	(11.0, 0.0)	(12.0, 0.0)	(13.0, 0.0)	(14.0, 0.0)	(15.0, 0.0)	(16.0, 0.0)	(17.0, 0.0)	(18.0, 0.0)	(19.0, 0.0)	(20.0, 0.0)	(21.0, 0.0)	(22.0, 0.0)	(23.0, 0.0)	(24.0, 0.0)	(25.0, 0.0)	(26.0, 0.0)	(27.0, 0.0)	(28.0, 0.0)	(29.0, 0.0)	(30.0, 0.0)	(31.0, 0.0)	(32.0, 0.0)	(33.0, 0.09090909090909091)	(34.0, 0.6981389605496967)	(35.0, 1.2677198249778894)	(36.0, 0.6505116210324678)	(37.0, 1.7700390869676423)	(38.0, 2.0084358779920404)	(39.0, 2.4904935747559334)	(40.0, 2.420437568966981)	(41.0, 1.5901875901875901)	(42.0, 0.7777777777777778)	(43.0, 1.1484848484848484)	(44.0, 0.5333333333333333)	(45.0, 0.0)	(46.0, 0.75)	(47.0, 0.5)	(48.0, 0.0)	(49.0, 0.0)	(50.0, 0.0)	(51.0, 0.5)	(52.0, 1.0)	(53.0, 1.0)	(54.0, 0.5)	(55.0, 0.0)	(56.0, 0.0)	(57.0, 0.0)	(58.0, 0.0)	(59.0, 0.0)	(60.0, 0.0)	(61.0, 0.0)	(62.0, 0.0)	(63.0, 0.0)	(64.0, 0.0)	(65.0, 0.0)	(66.0, 0.0)	(67.0, 0.0)	(68.0, 0.0)	(69.0, 0.0)	(70.0, 0.0)	(71.0, 0.0)	(72.0, 0.0)	(73.0, 0.0)	(74.0, 0.0)	(75.0, 0.0)	(76.0, 0.0)	(77.0, 0.0)	(78.0, 0.0)	(79.0, 0.0)	(80.0, 0.0)	(81.0, 0.0)	(82.0, 0.0)	(83.0, 0.0)	(84.0, 0.0)	(85.0, 0.0)	(86.0, 0.0)	(87.0, 0.0)	(88.0, 0.0)	(89.0, 0.0)	(90.0, 0.0)	(91.0, 0.0)	(92.0, 0.0)	(93.0, 0.0)	(94.0, 0.0)	(95.0, 0.0)	(96.0, 0.0)	(97.0, 0.0)	(98.0, 0.0)	(99.0, 0.0)	(100.0, 0.0)
FAY99780_pass_barcode08_98e12ebb_5ad7f319_99	(0.0, 0.0)	(1.0, 0.0)	(2.0, 0.0)	(3.0, 0.0)	(4.0, 0.0)	(5.0, 0.0)	(6.0, 0.0)	(7.0, 0.0)	(8.0, 0.0)	(9.0, 0.0)	(10.0, 0.0)	(11.0, 0.0)	(12.0, 0.0)	(13.0, 0.0)	(14.0, 0.0)	(15.0, 0.0)	(16.0, 0.0)	(17.0, 0.0)	(18.0, 0.0)	(19.0, 0.0)	(20.0, 0.0)	(21.0, 0.0)	(22.0, 0.0)	(23.0, 0.0)	(24.0, 0.0)	(25.0, 0.0)	(26.0, 0.0)	(27.0, 0.0)	(28.0, 0.0)	(29.0, 0.0)	(30.0, 0.0)	(31.0, 0.125)	(32.0, 0.0)	(33.0, 0.3001152073732719)	(34.0, 0.7160242982823628)	(35.0, 1.1415619610741563)	(36.0, 1.517756572149109)	(37.0, 1.4092504407448856)	(38.0, 2.4985719121358794)	(39.0, 2.0416260737983807)	(40.0, 1.2263204564731285)	(41.0, 1.3630304969076563)	(42.0, 1.8558895285699408)	(43.0, 1.1751152073732718)	(44.0, 0.5)	(45.0, 0.0)	(46.0, 0.0)	(47.0, 0.0)	(48.0, 0.0)	(49.0, 0.2)	(50.0, 0.5)	(51.0, 0.5)	(52.0, 0.0)	(53.0, 0.0)	(54.0, 0.0)	(55.0, 0.0)	(56.0, 0.0)	(57.0, 0.0)	(58.0, 0.5)	(59.0, 0.5)	(60.0, 0.0)	(61.0, 0.0)	(62.0, 0.0)	(63.0, 0.0)	(64.0, 0.0)	(65.0, 0.0)	(66.0, 0.0)	(67.0, 0.0)	(68.0, 0.0)	(69.0, 0.0)	(70.0, 0.0)	(71.0, 0.0)	(72.0, 0.0)	(73.0, 0.0)	(74.0, 0.0)	(75.0, 0.0)	(76.0, 0.0)	(77.0, 0.0)	(78.0, 0.0)	(79.0, 0.0)	(80.0, 0.0)	(81.0, 0.0)	(82.0, 0.0)	(83.0, 0.0)	(84.0, 0.0)	(85.0, 0.0)	(86.0, 0.0)	(87.0, 0.0)	(88.0, 0.0)	(89.0, 0.0)	(90.0, 0.0)	(91.0, 0.0)	(92.0, 0.0)	(93.0, 0.0)	(94.0, 0.0)	(95.0, 0.0)	(96.0, 0.0)	(97.0, 0.0)	(98.0, 0.0)	(99.0, 0.0)	(100.0, 0.0)
